#! FIELDS time G vol p.x p.y p.z
 0.000000 -842980.562500 794.102464 3.268255 3.393165 16.498446
 20.000000 -843471.250000 791.602502 3.085769 3.506246 16.455856
 40.000000 -843342.625000 794.262236 3.349496 3.329638 16.649978
 60.000000 -844360.500000 796.929501 3.246869 3.179141 16.483113
 80.000000 -843893.437500 794.495997 3.401684 3.451059 16.832383
 100.000000 -843134.937500 795.567566 3.644199 3.369218 16.602375
 120.000000 -844804.437500 794.800213 3.668019 3.543524 16.429882
 140.000000 -846296.062500 791.897852 3.601594 3.232362 16.613486
 160.000000 -845516.375000 792.266983 3.390582 3.322125 16.476187
 180.000000 -844417.625000 793.212210 3.295952 3.341854 16.635462
 200.000000 -845720.000000 792.044314 3.452770 3.501552 16.358451
 220.000000 -844358.687500 793.434484 3.668285 3.546163 16.264767
 240.000000 -845790.812500 791.812589 3.447159 3.227803 16.535390
 260.000000 -843139.937500 795.344410 3.464041 3.543663 16.677872
 280.000000 -845479.937500 791.920182 3.558551 3.492961 16.286891
 300.000000 -845683.312500 792.153646 3.737089 3.480362 16.338677
 320.000000 -844761.250000 792.565333 3.427508 3.545877 16.395743
 340.000000 -845032.250000 793.767139 3.121481 3.317318 16.491522
 360.000000 -845347.812500 793.039477 3.469735 3.491293 16.388572
 380.000000 -844274.250000 791.733767 3.644919 3.401239 16.653254
 400.000000 -845851.750000 793.409295 3.406967 3.304789 16.651948
 420.000000 -843842.937500 793.336400 3.406493 3.179177 16.396018
 440.000000 -845155.187500 793.845779 3.569120 3.279168 16.492879
 460.000000 -845596.375000 793.518414 3.180773 3.163849 16.378308
 480.000000 -845838.250000 794.768249 3.604859 3.170525 16.805078
 500.000000 -843134.000000 794.719849 3.370811 3.186385 16.660559
 520.000000 -845264.187500 791.664239 3.504694 3.173359 16.668222
 540.000000 -845214.250000 793.374342 3.405238 3.446703 16.669274
 560.000000 -843961.937500 792.692547 3.299109 3.443204 16.652204
 580.000000 -845937.562500 793.508451 3.173542 3.710363 16.516447
 600.000000 -844052.875000 795.372422 3.437056 3.523099 16.586240
 620.000000 -844488.062500 793.304947 3.351748 3.445828 16.346514
 640.000000 -843932.875000 795.086162 3.288937 3.317995 16.645053
 660.000000 -843981.500000 793.736884 3.229354 3.103511 16.613755
 680.000000 -844264.062500 793.999726 3.313845 3.328652 16.492975
 700.000000 -842133.750000 796.612270 3.381687 3.379927 16.236987
 720.000000 -845095.875000 792.465431 3.431834 3.425946 16.266853
 740.000000 -845814.750000 793.114587 3.441660 3.406700 16.412869
 760.000000 -845104.375000 792.370537 3.506734 3.642377 16.546822
 780.000000 -844523.812500 793.871920 3.380270 3.647644 16.722194
 800.000000 -846006.500000 793.244829 3.406462 3.536312 16.556368
 820.000000 -842567.437500 793.185839 3.277586 3.218077 16.645020
 840.000000 -844853.875000 793.814902 3.376840 3.180600 16.448871
 860.000000 -843618.312500 794.072667 3.279667 3.553779 16.379626
 880.000000 -844054.937500 792.153124 3.322210 3.356077 16.736713
 900.000000 -846846.062500 790.996995 3.669714 3.519044 16.396718
 920.000000 -843969.125000 791.645881 3.632882 3.472097 16.754758
 940.000000 -844975.437500 792.885456 3.436136 3.299870 16.497454
 960.000000 -845543.812500 793.078091 3.614255 3.463156 16.580079
 980.000000 -844265.500000 792.833399 3.382306 3.574647 16.371853
 1000.000000 -842877.937500 794.394912 3.128301 3.330130 16.474469
 1020.000000 -843880.062500 792.242383 3.083664 3.314233 16.461161
 1040.000000 -844224.687500 795.309422 3.358821 3.684764 16.598669
 1060.000000 -843680.250000 795.056972 3.258390 3.449975 16.806850
 1080.000000 -845516.437500 793.527255 3.474806 3.483728 16.344200
 1100.000000 -844107.250000 793.855149 3.251283 3.540276 16.296625
 1120.000000 -844982.062500 791.726849 3.443976 3.536183 16.432882
 1140.000000 -845941.312500 791.965576 3.489331 3.203484 16.375995
 1160.000000 -843896.375000 793.253576 3.417044 3.307210 16.631366
 1180.000000 -843833.437500 794.561634 3.429121 3.216119 16.464701
 1200.000000 -843992.875000 793.427314 3.364593 3.061823 16.292444
 1220.000000 -844017.562500 790.951835 3.387965 3.350025 16.604898
 1240.000000 -843434.250000 795.120089 3.427947 3.145852 16.527739
 1260.000000 -845570.375000 792.470035 3.500762 3.440091 16.507306
 1280.000000 -844991.125000 794.979564 3.696982 3.409298 16.842728
 1300.000000 -843647.000000 792.796941 3.384350 3.354614 16.491729
 1320.000000 -845001.312500 792.736066 3.376733 3.198045 16.563133
 1340.000000 -844235.625000 794.802165 3.219292 3.304432 16.475817
 1360.000000 -844624.187500 794.943002 3.383253 3.212449 16.524435
 1380.000000 -843277.500000 793.923551 3.280301 3.611577 16.361202
 1400.000000 -845030.625000 793.012790 3.754376 3.611543 16.524117
 1420.000000 -845910.750000 793.088576 3.701860 3.540575 16.385194
 1440.000000 -843947.812500 795.093957 3.502633 3.286870 16.852301
 1460.000000 -845035.125000 795.824688 3.353819 3.439508 16.598227
 1480.000000 -844129.312500 795.985538 3.413535 3.333734 16.688303
 1500.000000 -843309.312500 793.145254 3.616165 3.439168 16.612947
 1520.000000 -845622.687500 792.541937 3.560928 3.152709 16.622859
 1540.000000 -846474.312500 792.713132 3.605596 3.199692 16.732108
 1560.000000 -845076.250000 793.197822 3.551171 3.353676 16.493964
 1580.000000 -845774.687500 792.691843 3.472484 3.065447 16.671583
 1600.000000 -844374.625000 796.149011 3.361810 3.450461 16.604496
 1620.000000 -843973.187500 791.803060 3.498791 3.538887 16.264030
 1640.000000 -842315.312500 795.202320 3.788653 3.597785 16.283823
 1660.000000 -843470.187500 795.918543 3.704582 3.444838 16.311709
 1680.000000 -845103.687500 793.946019 3.490911 3.410622 16.280652
 1700.000000 -843691.812500 796.961571 3.436186 3.570050 16.500838
 1720.000000 -844884.750000 794.487201 3.488538 3.292659 16.622539
 1740.000000 -844453.812500 795.932149 3.309552 3.284931 16.758716
 1760.000000 -845620.062500 794.374456 3.408539 3.249650 16.678237
 1780.000000 -845105.375000 794.174092 3.565220 3.637488 16.484354
 1800.000000 -844491.125000 793.186251 3.268926 3.520491 16.551815
 1820.000000 -843379.187500 795.446408 3.624989 3.553291 16.704629
 1840.000000 -845058.875000 793.323322 3.382896 3.252156 16.646072
 1860.000000 -844148.875000 793.419000 3.173165 3.567958 16.545094
 1880.000000 -845736.312500 793.659004 3.227500 3.470623 16.668056
 1900.000000 -843340.250000 793.986794 3.283362 3.385721 16.438341
 1920.000000 -844988.125000 790.582435 3.109380 3.525786 16.295639
 1940.000000 -844405.250000 791.417881 3.216448 3.516320 16.411567
 1960.000000 -843731.437500 794.792098 3.301820 3.540297 16.361104
 1980.000000 -845103.375000 795.261695 3.527558 3.581157 16.558440
 2000.000000 -845979.250000 792.387077 3.420242 3.498473 16.179849
 2020.000000 -843901.062500 794.412347 3.469831 3.441452 16.544866
 2040.000000 -844952.687500 794.902580 3.308955 3.367202 16.749338
 2060.000000 -843670.750000 796.245414 3.413096 3.091771 16.529260
 2080.000000 -844124.312500 795.417114 3.556373 3.229877 16.721069
 2100.000000 -843573.000000 795.075684 3.529272 3.084216 16.512985
 2120.000000 -844159.125000 795.670658 3.468325 3.277384 16.690694
 2140.000000 -844058.000000 793.121771 3.351867 3.548562 16.541260
 2160.000000 -845787.187500 791.131822 3.391198 3.710428 16.697351
 2180.000000 -845065.625000 792.399710 3.450419 3.454595 16.636308
 2200.000000 -844805.062500 793.109089 3.449593 3.635046 16.341144
 2220.000000 -844777.312500 794.628487 3.385735 3.370013 16.344498
 2240.000000 -844631.875000 793.667671 3.324842 3.239108 16.337261
 2260.000000 -843579.187500 794.179822 3.570009 3.540249 16.287404
 2280.000000 -844142.312500 795.341441 3.641184 3.630648 16.532796
 2300.000000 -844481.375000 794.740759 3.309498 3.577139 16.360505
 2320.000000 -844000.312500 795.455681 3.433402 3.579177 16.554883
 2340.000000 -843042.937500 798.097753 3.218464 3.531854 16.502196
 2360.000000 -845404.625000 795.105042 3.339281 3.474121 16.268576
 2380.000000 -846211.125000 794.200315 3.550551 3.383253 16.271034
 2400.000000 -844643.750000 795.343103 3.525731 3.202248 16.309910
 2420.000000 -845078.875000 791.969327 3.460045 3.596685 16.197531
 2440.000000 -844279.125000 794.666707 3.461833 3.544638 16.557667
 2460.000000 -842387.062500 795.444766 3.185266 3.402771 16.531875
 2480.000000 -844168.187500 795.630235 3.440150 3.434690 16.338930
 2500.000000 -846393.187500 791.378238 3.391282 3.711862 16.705975
 2520.000000 -846905.375000 792.826812 3.324511 3.715637 16.705156
 2540.000000 -843309.250000 794.902347 3.001335 3.319972 16.524456
 2560.000000 -843533.125000 795.132995 3.021509 3.511801 16.665575
 2580.000000 -844399.625000 795.045786 3.407784 3.380731 16.819804
 2600.000000 -844217.812500 796.167818 3.047923 3.351367 16.487058
 2620.000000 -843825.812500 793.751101 3.418526 3.265279 16.324037
 2640.000000 -844808.437500 793.758035 3.298349 3.525850 16.547306
 2660.000000 -842614.062500 795.524549 3.342445 3.282259 16.619747
 2680.000000 -844342.750000 794.688449 3.470889 3.165627 16.708963
 2700.000000 -844597.500000 794.264361 3.506994 3.377323 16.472555
 2720.000000 -843451.187500 796.153207 3.456346 3.090604 16.619849
 2740.000000 -843360.062500 794.199926 3.444525 3.251745 16.560877
 2760.000000 -844584.375000 794.417214 3.367365 3.295258 16.593683
 2780.000000 -845304.187500 796.127828 3.457993 3.406495 16.671001
 2800.000000 -845326.562500 794.903165 3.260661 3.691492 16.615146
 2820.000000 -844542.562500 794.244628 3.468944 3.472879 16.327807
 2840.000000 -845323.875000 793.968372 3.529601 3.405778 16.440240
 2860.000000 -844895.812500 793.586999 3.524717 3.410025 16.554541
 2880.000000 -845160.562500 794.920956 3.378968 3.656848 16.539461
 2900.000000 -844096.062500 791.685236 3.175180 3.654584 16.422347
 2920.000000 -845305.875000 794.161592 3.551812 3.250789 16.368265
 2940.000000 -843711.812500 794.635647 3.361670 3.186054 16.230221
 2960.000000 -846109.250000 795.028129 3.262018 3.620163 16.320064
 2980.000000 -843153.625000 797.057308 3.346904 3.674036 16.664231
 3000.000000 -846430.937500 790.907617 3.177223 3.430922 16.516153
 3020.000000 -846449.000000 794.361373 3.444808 3.620351 16.356040
 3040.000000 -843811.062500 794.954884 3.134273 3.249504 16.433583
 3060.000000 -845764.437500 793.328872 3.150530 3.278283 16.426350
 3080.000000 -843441.875000 795.373255 3.311380 3.335049 16.492808
 3100.000000 -843381.625000 793.404242 3.437857 3.358495 16.435402
 3120.000000 -846027.312500 791.913354 3.611187 3.283981 16.470250
 3140.000000 -845178.000000 791.485264 3.359361 3.191013 16.634465
 3160.000000 -844647.750000 795.077141 3.550599 3.308799 16.347074
 3180.000000 -844816.125000 795.403576 3.590128 3.381554 16.628160
 3200.000000 -843337.437500 794.309850 3.453676 3.416259 16.472478
 3220.000000 -843681.750000 795.752907 3.430033 3.711918 16.352979
 3240.000000 -843197.437500 794.880301 3.561010 3.491988 16.458506
 3260.000000 -845471.312500 794.285814 3.515765 3.515738 16.476780
 3280.000000 -844036.687500 792.029238 3.347732 3.415047 16.354555
 3300.000000 -844482.125000 795.178351 3.116144 3.377388 16.492161
 3320.000000 -844027.062500 793.434146 3.010119 3.351707 16.311636
 3340.000000 -843547.437500 795.931355 3.246487 3.680546 16.530362
 3360.000000 -844483.750000 793.617007 3.103793 3.348727 16.607730
 3380.000000 -843645.000000 791.922716 3.445533 3.110510 16.631577
 3400.000000 -845690.500000 792.233158 3.290102 3.165238 16.715364
 3420.000000 -842740.875000 793.735663 3.269301 3.332598 16.518938
 3440.000000 -844307.375000 795.897418 3.391890 3.116796 16.181083
 3460.000000 -844246.937500 791.746989 3.520542 3.092383 16.445465
 3480.000000 -842985.625000 793.638086 3.642961 3.243847 16.599717
 3500.000000 -843715.687500 792.643977 3.572577 3.372982 16.669571
 3520.000000 -844767.750000 793.393988 3.250837 3.513740 16.503705
 3540.000000 -844767.312500 790.938462 3.342218 3.434377 16.447855
 3560.000000 -843573.375000 792.224387 3.222455 2.975369 16.467161
 3580.000000 -842941.812500 796.367592 3.506103 3.350637 16.691101
 3600.000000 -845933.187500 794.303032 3.246265 3.391652 16.450182
 3620.000000 -843945.875000 792.214602 3.490332 3.281434 16.567635
 3640.000000 -843944.250000 794.315939 3.225238 3.221459 16.490110
 3660.000000 -844288.187500 795.495034 3.370047 3.116639 16.351931
 3680.000000 -843556.375000 795.046219 3.269931 3.382481 16.308916
 3700.000000 -842647.750000 794.511509 3.302924 3.416173 16.475665
 3720.000000 -843841.437500 794.488545 3.251695 3.491297 16.800794
 3740.000000 -844754.875000 793.926416 3.379614 3.225888 16.446517
 3760.000000 -842601.375000 795.986260 3.492460 3.334301 16.562769
 3780.000000 -844741.812500 793.284878 3.550587 3.357272 16.402337
 3800.000000 -844050.750000 793.469154 3.395536 3.635221 16.627333
 3820.000000 -844832.062500 794.042363 3.298581 3.202291 16.593635
 3840.000000 -843778.812500 794.868393 3.642221 3.346617 16.612869
 3860.000000 -844275.562500 795.243304 3.613088 3.602507 16.651592
 3880.000000 -845415.125000 794.573487 3.535758 3.503070 16.614961
 3900.000000 -843280.875000 794.947022 3.488534 3.293036 16.418405
 3920.000000 -843410.562500 794.157313 3.391845 3.436454 16.670083
 3940.000000 -843061.312500 794.673491 3.404472 3.441443 16.738161
 3960.000000 -841331.062500 799.469467 3.850712 3.661413 7.788204
 3980.000000 -842286.250000 799.279975 3.385247 3.494718 10.780569
 4000.000000 -843254.562500 795.459134 3.395161 3.373374 13.553415
 4020.000000 -843884.375000 795.496057 3.623298 3.576467 15.475163
 4040.000000 -843839.687500 793.627206 3.534024 3.386843 15.846566
 4060.000000 -845191.312500 795.541720 3.580326 3.434663 16.055854
 4080.000000 -844804.562500 792.682362 3.508948 3.375407 16.255550
 4100.000000 -845864.250000 793.586110 3.189568 3.450431 16.357831
 4120.000000 -844143.500000 793.902567 3.414441 3.380083 16.425348
 4140.000000 -844960.750000 795.022096 3.481784 3.175231 16.227996
 4160.000000 -844757.687500 793.057535 3.141497 3.094726 16.354727
 4180.000000 -843920.000000 791.752706 3.704751 3.101959 16.220202
 4200.000000 -844152.375000 794.414533 3.702870 3.492917 16.158036
 4220.000000 -844040.125000 793.494326 3.751365 3.369915 16.373266
 4240.000000 -842266.562500 797.941563 3.579133 3.562288 16.434414
 4260.000000 -844208.750000 793.851733 3.240006 3.665419 16.427124
 4280.000000 -844824.000000 792.632682 3.407851 3.241245 16.417597
 4300.000000 -843912.875000 792.419787 3.580592 3.280590 16.391922
 4320.000000 -844373.875000 795.025831 3.632786 3.300432 16.310231
 4340.000000 -843780.937500 795.174542 3.515365 3.647499 16.410840
 4360.000000 -843582.000000 791.599223 3.324232 3.382101 16.494965
 4380.000000 -844605.187500 792.620976 3.540715 3.390994 16.456682
 4400.000000 -843980.562500 796.606113 3.457013 3.190068 16.189580
 4420.000000 -844224.000000 794.006575 3.589217 3.291739 16.382196
 4440.000000 -843528.250000 794.921974 3.490025 3.142564 16.293900
 4460.000000 -843331.875000 796.108531 3.536592 3.652773 16.467255
 4480.000000 -843328.750000 794.802122 3.481871 3.411860 16.742212
 4500.000000 -845121.750000 794.351756 3.115969 3.559089 16.476709
 4520.000000 -843195.562500 798.250970 3.130072 3.468127 16.605690
 4540.000000 -843341.937500 794.621335 2.871835 3.369890 16.701864
 4560.000000 -844510.375000 793.995073 3.114355 3.603766 16.725558
 4580.000000 -843745.250000 793.628247 3.520193 3.556229 16.743045
 4600.000000 -844575.562500 792.545684 3.269123 3.630335 16.836099
 4620.000000 -844687.625000 794.146551 3.191954 3.642387 16.668629
 4640.000000 -844095.375000 796.742048 3.484635 3.468644 16.653585
 4660.000000 -843702.500000 794.849731 3.334703 3.347312 16.413951
 4680.000000 -844535.312500 791.547437 3.679135 3.260638 16.428658
 4700.000000 -843767.562500 797.066386 3.425441 3.377242 16.548691
 4720.000000 -844267.625000 791.517388 3.433679 2.999255 16.387603
 4740.000000 -844310.937500 794.887480 3.165175 3.575361 16.613905
 4760.000000 -844653.375000 793.793615 3.249193 3.363652 16.571607
 4780.000000 -843637.250000 796.719653 3.410410 3.419107 16.219786
 4800.000000 -844806.687500 792.789633 3.278759 3.393492 16.250445
 4820.000000 -843189.000000 793.756199 3.515636 3.329226 16.538309
 4840.000000 -844179.062500 793.076123 3.439887 3.468744 16.460674
 4860.000000 -845210.062500 794.302863 3.129089 3.351349 16.765782
 4880.000000 -845095.437500 795.569014 3.450160 3.552866 16.234709
 4900.000000 -844231.625000 792.361298 3.526197 3.493045 16.543574
 4920.000000 -845273.250000 793.671540 3.440121 3.243251 16.434917
 4940.000000 -843904.250000 793.979665 3.449244 3.380288 16.661136
 4960.000000 -844475.062500 794.669506 3.454999 3.351111 16.304796
 4980.000000 -842019.375000 792.894287 3.363313 3.288938 16.360420
 5000.000000 -843110.437500 795.549856 3.561482 3.336674 16.468945
 5020.000000 -845471.562500 792.326420 3.360024 3.390758 16.391436
 5040.000000 -844866.250000 794.055061 3.363402 3.375597 16.674192
 5060.000000 -843474.875000 795.140473 3.338768 3.253210 16.578153
 5080.000000 -843492.312500 795.573806 3.270328 3.401942 16.249317
 5100.000000 -843999.562500 793.698839 3.512073 3.257563 16.498557
 5120.000000 -845754.562500 792.032192 3.454685 3.453838 16.230158
 5140.000000 -845904.125000 792.276778 3.400067 3.602054 16.466952
 5160.000000 -844246.250000 792.279169 3.685358 3.608291 16.509619
 5180.000000 -844353.250000 794.316195 3.551553 3.602900 16.506397
 5200.000000 -843721.250000 792.449052 3.467761 3.493348 16.670876
 5220.000000 -846444.750000 792.150952 3.302012 3.183643 16.467883
 5240.000000 -846206.062500 793.317294 3.412441 3.248599 16.877025
 5260.000000 -845572.062500 792.622012 3.284186 2.934911 16.545351
 5280.000000 -844363.750000 793.830819 3.208001 3.137222 16.494756
 5300.000000 -843422.187500 796.769848 3.377625 3.203009 16.562318
 5320.000000 -844310.375000 793.606060 3.286371 3.362516 16.582193
 5340.000000 -844432.812500 796.878540 3.601295 3.252732 16.332806
 5360.000000 -842545.062500 795.124421 3.400025 3.469612 16.348701
 5380.000000 -846957.875000 793.999538 3.473021 3.345420 16.304272
 5400.000000 -845069.062500 795.102384 3.328173 3.476313 16.199060
 5420.000000 -843090.937500 794.426013 3.209081 3.481406 16.273727
 5440.000000 -845812.187500 793.022477 3.221243 3.244706 16.063520
 5460.000000 -843126.812500 793.993750 3.223012 3.484495 16.160008
 5480.000000 -842438.312500 796.992953 3.062525 3.532772 16.316079
 5500.000000 -844822.375000 794.794756 3.290909 3.487859 16.239843
 5520.000000 -842167.375000 794.615864 3.384204 3.010012 16.549681
 5540.000000 -845427.250000 794.042362 3.434568 3.231954 16.467428
 5560.000000 -845194.687500 794.300516 3.492193 3.616931 16.514805
 5580.000000 -843387.437500 793.301853 3.351833 3.470024 16.204575
 5600.000000 -842984.875000 797.722538 3.074715 3.469546 16.375803
 5620.000000 -845987.187500 794.135909 3.195497 3.505315 16.734214
 5640.000000 -845063.375000 793.631607 3.475224 3.494988 16.658717
 5660.000000 -843154.000000 795.458110 3.590366 3.286189 16.439908
 5680.000000 -845741.812500 793.684480 3.317503 3.441674 16.473828
 5700.000000 -844963.625000 793.116182 3.092927 3.461484 16.558323
 5720.000000 -843995.562500 792.950645 3.421563 3.361693 16.464964
 5740.000000 -844712.187500 795.863288 3.391742 3.478651 16.155923
 5760.000000 -844145.875000 796.970640 3.402682 3.466198 16.548915
 5780.000000 -844893.250000 793.732705 3.439051 3.595648 16.475003
 5800.000000 -845316.187500 791.103248 3.486797 3.279686 16.697121
 5820.000000 -844354.875000 793.087411 3.376057 3.230603 16.641504
 5840.000000 -843201.562500 794.718952 3.294172 3.330437 16.826677
 5860.000000 -844014.125000 795.897712 3.301761 3.249564 16.552463
 5880.000000 -845429.875000 792.593564 3.434477 3.404849 16.607004
 5900.000000 -844892.625000 792.693583 3.367762 3.242608 16.336097
 5920.000000 -844309.187500 793.389282 3.589512 3.430556 16.422341
 5940.000000 -844632.062500 791.942382 3.652326 3.376886 16.567786
 5960.000000 -845250.500000 792.691236 3.585353 3.195593 16.600214
 5980.000000 -845053.875000 794.309736 3.267569 3.087987 16.311008
 6000.000000 -844530.812500 794.149648 3.462952 3.098387 16.404415
 6020.000000 -844101.375000 793.590391 3.437415 3.418217 16.674202
 6040.000000 -845045.062500 792.307128 3.490511 3.500695 16.723762
 6060.000000 -846031.375000 791.196750 3.445122 3.582551 16.453815
 6080.000000 -845842.937500 791.019322 3.148085 3.256383 16.908369
 6100.000000 -845347.000000 793.697251 3.499406 3.182875 16.724155
 6120.000000 -846063.812500 794.660689 3.687058 3.272270 16.523116
 6140.000000 -844490.312500 792.827095 3.655962 3.380656 16.624428
 6160.000000 -843606.750000 796.063016 3.632155 3.092278 16.758884
 6180.000000 -844603.687500 792.554435 3.619647 3.353360 16.690590
 6200.000000 -842813.687500 794.248403 3.421479 3.496394 16.574948
 6220.000000 -844588.562500 793.094191 3.429395 3.344491 16.566059
 6240.000000 -845947.000000 793.027672 3.259453 3.461135 16.563043
 6260.000000 -845183.812500 794.879481 3.350466 2.930886 16.309926
 6280.000000 -845462.125000 794.310640 3.468126 2.966270 16.489447
 6300.000000 -841708.500000 795.077958 3.477946 3.255218 16.548069
 6320.000000 -843722.937500 794.746223 3.559245 3.230171 16.373468
 6340.000000 -843683.062500 795.317789 3.585934 3.350983 16.647746
 6360.000000 -844088.750000 793.443061 3.289106 3.403628 16.543059
 6380.000000 -843858.187500 793.209391 3.364477 3.102564 16.290057
 6400.000000 -843546.625000 796.954982 3.201229 3.166894 16.516037
 6420.000000 -844982.687500 793.574847 3.169353 3.322711 16.391398
 6440.000000 -845567.125000 794.327105 3.274740 3.389590 16.490290
 6460.000000 -845412.937500 793.174013 3.156326 3.545609 16.486819
 6480.000000 -843436.937500 793.407933 3.265835 3.518399 16.665940
 6500.000000 -845410.687500 793.772486 3.439712 3.399305 16.741515
 6520.000000 -844626.562500 793.127057 3.312333 3.365184 16.697934
 6540.000000 -845010.125000 795.003354 3.650057 3.643081 16.380358
 6560.000000 -846743.062500 792.238930 3.342420 3.623969 16.451801
 6580.000000 -845814.312500 795.975216 3.138460 3.382016 16.546953
 6600.000000 -843055.812500 793.933432 3.448039 3.452422 16.586403
 6620.000000 -846316.062500 789.955664 3.464015 3.530269 16.593684
 6640.000000 -843646.875000 794.842527 3.368441 3.410625 16.643542
 6660.000000 -842958.687500 792.191275 3.417406 3.385703 16.743698
 6680.000000 -843986.250000 795.844666 3.488957 3.113152 16.381303
 6700.000000 -842611.312500 792.305200 3.483640 3.472963 16.420254
 6720.000000 -844938.375000 792.405185 3.478408 3.464686 16.215517
 6740.000000 -845142.250000 792.476648 3.418049 3.096268 16.332391
 6760.000000 -843591.937500 796.071170 3.528173 3.071789 16.336917
 6780.000000 -845132.125000 792.596366 3.448939 3.248138 16.464050
 6800.000000 -843850.000000 796.420647 3.394672 3.420526 16.293410
 6820.000000 -843435.437500 794.253173 3.521807 3.366267 16.574762
 6840.000000 -845106.937500 791.757603 3.559962 3.531565 16.495401
 6860.000000 -844921.500000 792.581367 3.623382 3.382318 16.697808
 6880.000000 -844486.375000 795.393317 3.438175 3.218657 16.464336
 6900.000000 -844826.187500 792.304762 3.289151 3.359881 16.698854
 6920.000000 -845449.437500 795.142555 3.384815 3.240362 16.707856
 6940.000000 -843892.125000 793.315186 3.089292 3.348627 16.603906
 6960.000000 -844742.500000 794.402382 3.007942 3.480107 16.423902
 6980.000000 -844230.437500 794.312103 3.244238 3.489378 16.340151
 7000.000000 -844992.937500 795.468836 3.567432 3.638362 16.576212
 7020.000000 -843236.125000 794.873065 3.582771 3.697888 16.803879
 7040.000000 -843554.062500 794.379199 3.268183 3.641157 16.533816
 7060.000000 -844948.625000 792.818980 3.280079 3.571827 16.376856
 7080.000000 -843438.812500 793.198672 3.704602 3.387542 16.420517
 7100.000000 -845240.812500 792.647096 3.407220 3.186140 16.444703
 7120.000000 -844030.937500 794.529627 3.404323 3.365645 16.261096
 7140.000000 -845143.437500 794.083897 3.410598 3.232709 16.328724
 7160.000000 -844260.187500 793.093550 3.360910 3.463743 16.649363
 7180.000000 -845159.125000 790.815153 3.265270 3.245060 16.615136
 7200.000000 -845479.875000 792.250850 3.293587 3.280774 16.515207
 7220.000000 -845247.687500 792.598431 3.393346 3.094915 16.580073
 7240.000000 -843421.687500 793.716058 3.503525 3.304015 16.352813
 7260.000000 -845336.250000 792.900886 3.503215 3.206356 16.456687
 7280.000000 -844264.562500 795.550156 3.430139 3.125029 16.279404
 7300.000000 -845204.875000 796.330915 3.613538 3.181745 16.203878
 7320.000000 -844781.562500 793.692120 3.419021 3.289393 16.382683
 7340.000000 -843120.125000 794.144278 3.217039 3.305931 16.428567
 7360.000000 -844358.875000 792.766595 3.389372 3.380343 16.385458
 7380.000000 -843303.000000 793.533939 3.394186 3.335626 16.728862
 7400.000000 -844241.500000 793.370161 3.339832 3.250629 16.659026
 7420.000000 -843434.125000 796.324118 3.488973 3.412180 16.562245
 7440.000000 -842933.937500 797.053223 3.358798 3.666164 16.454418
 7460.000000 -843546.812500 794.613955 3.098193 3.646447 16.461615
 7480.000000 -842350.125000 794.934825 3.262140 3.475712 16.444474
 7500.000000 -844941.500000 792.171551 3.127845 3.430050 16.329005
 7520.000000 -844083.375000 794.528888 3.425508 3.256453 16.752238
 7540.000000 -845132.375000 793.108771 3.439112 3.338857 16.575248
 7560.000000 -845071.625000 794.259353 3.464360 3.463601 16.830534
 7580.000000 -844498.937500 793.694712 3.289427 3.467811 16.597251
 7600.000000 -844370.750000 795.595282 3.532969 3.631685 16.203147
 7620.000000 -843668.625000 795.363591 3.375031 3.649666 16.352573
 7640.000000 -843485.812500 797.048151 3.391818 3.566040 16.429632
 7660.000000 -844891.875000 796.401488 3.312809 3.481143 16.405870
 7680.000000 -844237.812500 794.594177 3.586848 3.356194 16.283113
 7700.000000 -843495.500000 794.682291 3.438493 3.286033 16.501540
 7720.000000 -844426.062500 791.401814 3.572842 3.258558 16.457783
 7740.000000 -842357.312500 794.829036 3.454412 3.209382 16.305752
 7760.000000 -845379.875000 795.293711 3.550896 3.480480 16.276352
 7780.000000 -847246.000000 793.209219 3.394509 3.618572 16.466197
 7800.000000 -846315.437500 792.938924 3.439950 3.301556 16.302817
 7820.000000 -843452.625000 793.768832 3.310612 3.060023 16.444625
 7840.000000 -845519.187500 792.409789 3.461704 3.205430 16.453619
 7860.000000 -843557.875000 793.799157 3.482704 3.442025 16.650749
 7880.000000 -844794.125000 794.687191 3.769111 3.638811 16.480311
 7900.000000 -845201.250000 794.885533 3.532537 3.618088 16.239335
 7920.000000 -843482.500000 795.462958 3.500652 3.659477 16.056256
 7940.000000 -845049.500000 793.306104 3.329672 3.459002 16.251587
 7960.000000 -845371.687500 791.121033 3.481682 3.519700 16.216737
 7980.000000 -844897.562500 792.865142 3.350686 3.365571 16.233942
 8000.000000 -843849.062500 795.679297 3.326875 3.278677 16.402061
 8020.000000 -842447.562500 795.917476 3.402515 2.972380 16.380008
 8040.000000 -844748.937500 796.387785 3.262764 3.089651 16.406566
 8060.000000 -845350.062500 792.961756 3.276762 3.242609 16.290927
 8080.000000 -846265.250000 792.499553 3.300350 3.431702 16.376589
 8100.000000 -843610.937500 793.632367 3.126225 3.301016 16.238031
 8120.000000 -843523.937500 793.169698 3.379348 3.538332 16.362770
 8140.000000 -844526.312500 794.545911 3.393532 3.640971 16.370877
 8160.000000 -842193.312500 797.523365 3.432072 3.539060 16.496598
 8180.000000 -844328.875000 793.022401 3.408323 3.527321 16.345531
 8200.000000 -845266.625000 794.854408 3.275322 3.387819 16.452104
 8220.000000 -844802.375000 794.158828 3.352319 3.262641 16.319906
 8240.000000 -845386.625000 793.514955 3.442505 3.145195 16.342004
 8260.000000 -845535.750000 795.201950 3.481917 3.570568 16.580643
 8280.000000 -845064.812500 793.301658 3.572302 3.368225 16.617717
 8300.000000 -844802.687500 794.733850 3.423932 3.288784 16.758520
 8320.000000 -845118.562500 793.449875 3.396383 3.605583 16.749558
 8340.000000 -844474.437500 795.805330 3.589369 3.343765 16.903839
 8360.000000 -843721.500000 793.059216 3.586397 3.248383 16.621490
 8380.000000 -844794.625000 792.904732 3.598014 3.311723 16.526618
 8400.000000 -845310.562500 794.109948 3.700402 3.199980 16.649055
 8420.000000 -841679.062500 793.685029 3.620015 3.051239 16.524459
 8440.000000 -843728.250000 796.200128 3.669702 3.163903 16.622784
 8460.000000 -843558.562500 794.009497 3.536128 3.136263 16.556075
 8480.000000 -843514.437500 794.096580 3.537198 3.184301 16.460851
 8500.000000 -844628.812500 793.632590 3.321761 3.405772 16.391874
 8520.000000 -842835.687500 793.560112 3.556865 3.124718 16.480011
 8540.000000 -844966.312500 793.012481 3.626418 3.240859 16.554855
 8560.000000 -843885.250000 793.621163 3.736934 3.478003 16.518627
 8580.000000 -843907.750000 794.867856 3.639081 3.393518 16.453640
 8600.000000 -843485.187500 794.482470 3.712235 3.434303 16.429391
 8620.000000 -844834.625000 795.480595 3.539985 3.463473 16.318297
 8640.000000 -843271.125000 793.616354 3.337340 3.372089 16.123891
 8660.000000 -843829.687500 795.229890 3.336301 3.441149 16.460048
 8680.000000 -846059.250000 793.271499 3.616560 3.761985 16.527915
 8700.000000 -844025.562500 792.853101 3.310290 3.532919 16.637632
 8720.000000 -839540.312500 804.513661 3.147623 4.021951 6.783157
 8740.000000 -841624.937500 799.490539 3.168420 3.850510 12.389033
 8760.000000 -842594.500000 797.313624 3.292310 3.661193 14.928285
 8780.000000 -843587.687500 794.900521 3.066038 3.566110 15.886508
 8800.000000 -843482.125000 794.807752 3.281605 3.564218 16.252408
 8820.000000 -844345.062500 792.011932 3.434943 3.212730 16.407079
 8840.000000 -844859.625000 791.607170 3.326595 3.391433 16.681273
 8860.000000 -843846.812500 795.315307 3.286248 3.485659 16.417089
 8880.000000 -844936.125000 795.458206 3.367597 3.467429 16.273624
 8900.000000 -844101.375000 794.079765 3.201235 3.448941 16.378307
 8920.000000 -844912.375000 791.585119 3.194260 3.338227 16.121165
 8940.000000 -845496.625000 793.658987 3.545846 3.432618 16.371591
 8960.000000 -843855.437500 795.597771 3.354499 3.273458 16.727674
 8980.000000 -843692.937500 794.695846 3.389533 3.245843 16.514855
 9000.000000 -843923.375000 791.367066 3.083689 3.268726 16.345911
 9020.000000 -845199.250000 794.036099 3.457664 3.268115 16.411571
 9040.000000 -845519.562500 794.628257 3.541110 3.586467 16.288556
 9060.000000 -843573.812500 795.196635 3.413582 3.767072 16.304742
 9080.000000 -842688.375000 797.256203 3.467802 3.393544 16.319072
 9100.000000 -841551.812500 796.540702 3.188007 3.283251 16.556392
 9120.000000 -841279.687500 795.175299 3.321999 3.266170 16.383583
 9140.000000 -844364.812500 793.211782 3.415830 3.405400 16.554482
 9160.000000 -843090.812500 792.891364 3.307085 3.243035 16.680081
 9180.000000 -843853.875000 793.032870 3.329642 3.414900 16.787258
 9200.000000 -843345.125000 794.124863 3.138633 3.557039 16.426588
 9220.000000 -844105.062500 796.245923 3.304008 3.247116 16.441056
 9240.000000 -844711.812500 794.769295 3.248333 3.392417 16.534203
 9260.000000 -843660.687500 792.775866 3.368132 3.291304 16.381546
 9280.000000 -842512.500000 795.540802 3.503482 2.916623 16.725852
 9300.000000 -845273.500000 791.863936 3.591100 3.123131 16.658179
 9320.000000 -842944.812500 795.322405 3.574011 3.227764 16.580617
 9340.000000 -843759.250000 796.613338 3.550156 3.269600 16.681936
 9360.000000 -845406.250000 793.531595 3.270771 3.659343 16.923841
 9380.000000 -843434.812500 795.107596 3.342154 3.661111 16.837756
 9400.000000 -843278.687500 796.747918 3.322541 3.185558 16.601859
 9420.000000 -842544.812500 795.495605 3.303777 3.312969 16.498998
 9440.000000 -843737.750000 796.006591 3.348586 3.505487 16.613902
 9460.000000 -842088.125000 794.769601 3.396679 3.483473 16.586060
 9480.000000 -845177.687500 796.060490 3.508619 3.482227 16.498113
 9500.000000 -842742.187500 792.896729 3.659440 3.478033 16.550189
 9520.000000 -844636.875000 793.766806 3.409909 3.414001 16.331436
 9540.000000 -847195.500000 792.244304 3.623828 3.310530 16.459494
 9560.000000 -843709.687500 797.085121 3.585706 3.311898 16.371942
 9580.000000 -845686.562500 791.164266 3.554999 3.435564 16.500534
 9600.000000 -844446.937500 793.748624 3.323995 3.426895 16.526535
 9620.000000 -844057.687500 792.996840 3.237361 3.440585 16.395406
 9640.000000 -845442.000000 794.382344 3.047898 3.241705 16.721529
 9660.000000 -844410.875000 791.712782 3.626711 3.362468 16.786625
 9680.000000 -844850.750000 795.078752 3.650959 3.299989 16.538893
 9700.000000 -843395.625000 794.018052 3.164216 3.560336 16.487956
 9720.000000 -843006.687500 794.697361 3.571503 3.502374 16.384548
 9740.000000 -843561.250000 796.126304 3.656420 3.420017 16.319274
 9760.000000 -843634.375000 792.269174 3.310947 3.181928 16.573315
 9780.000000 -843643.125000 791.871007 3.230854 3.401557 16.415680
 9800.000000 -843195.875000 792.389581 3.321541 3.312216 16.391194
 9820.000000 -845889.000000 794.706592 3.281852 3.497693 16.320831
 9840.000000 -843715.125000 795.277044 3.283329 3.433120 16.146535
 9860.000000 -844592.000000 794.901424 3.592862 3.509378 16.068188
 9880.000000 -845795.812500 793.352791 3.571357 3.527496 16.426275
 9900.000000 -844926.500000 796.070612 3.660825 3.303197 16.335976
 9920.000000 -845100.437500 793.910504 3.525618 3.294978 16.408309
 9940.000000 -845844.562500 791.037897 3.283318 3.449695 16.370917
 9960.000000 -845881.812500 790.619731 3.397705 3.779703 16.463992
 9980.000000 -844557.625000 794.152461 3.424799 3.461806 16.282628
 10000.000000 -843979.937500 790.533245 3.478358 3.378859 16.287471
 10020.000000 -845221.812500 795.937051 3.439674 3.574093 16.552847
 10040.000000 -845280.437500 793.820114 3.470044 3.330058 16.014330
 10060.000000 -842250.125000 796.341335 3.533613 3.347155 16.402866
 10080.000000 -843772.000000 796.513634 3.443324 3.070482 16.531358
 10100.000000 -843026.812500 796.673347 3.403908 3.195662 16.343779
 10120.000000 -845955.437500 795.552359 3.319672 3.357589 16.230510
 10140.000000 -844610.437500 793.448156 3.187068 3.533016 16.461265
 10160.000000 -843057.375000 793.469582 3.308344 3.256988 16.468518
 10180.000000 -844796.250000 794.670027 3.570242 3.490508 16.628343
 10200.000000 -845555.250000 793.105426 3.402170 3.436753 16.719213
 10220.000000 -844217.250000 794.708527 3.520878 3.542603 16.547699
 10240.000000 -844006.062500 791.161163 3.363282 3.396787 16.558215
 10260.000000 -844495.812500 795.027376 3.167310 3.273192 16.299623
 10280.000000 -843443.562500 795.488267 3.329404 3.605588 16.564330
 10300.000000 -845361.062500 791.247202 3.417823 3.458864 16.581974
 10320.000000 -844883.937500 792.385261 3.508774 3.442245 16.547757
 10340.000000 -844339.062500 795.637891 3.444134 3.424635 16.334483
 10360.000000 -843997.125000 791.919428 3.269491 3.174281 16.486304
 10380.000000 -844951.125000 790.639495 3.427517 3.283544 16.575839
 10400.000000 -843976.625000 792.317040 3.248195 3.481137 16.637285
 10420.000000 -846291.687500 791.111300 3.392708 3.626465 16.552072
 10440.000000 -844401.562500 795.822859 3.545754 3.396021 16.512279
 10460.000000 -845453.187500 792.445214 3.500099 3.494486 16.922213
 10480.000000 -844844.687500 793.196975 3.793371 3.530051 16.674602
 10500.000000 -846296.812500 793.619346 3.720146 3.269216 16.399475
 10520.000000 -845000.437500 791.216824 3.302664 3.481175 16.741846
 10540.000000 -844799.625000 792.123780 3.245210 3.418900 16.426688
 10560.000000 -844958.937500 792.018961 3.617907 3.470730 16.430268
 10580.000000 -843480.437500 793.448551 3.126370 3.567480 16.585416
 10600.000000 -843603.250000 795.064506 3.484172 3.233789 16.513419
 10620.000000 -843853.437500 793.970935 3.412579 3.130673 16.306376
 10640.000000 -845193.062500 793.534000 3.495150 3.107767 16.595613
 10660.000000 -843913.937500 795.184565 3.536229 3.237022 16.353870
 10680.000000 -844697.750000 792.825638 3.509641 3.338096 16.128964
 10700.000000 -843080.125000 795.459296 3.431228 3.485548 16.322307
 10720.000000 -846603.062500 793.942948 3.544718 3.521331 16.440699
 10740.000000 -844797.000000 795.794671 3.481486 3.213707 16.237116
 10760.000000 -844346.937500 794.273087 3.425515 3.257842 16.375835
 10780.000000 -844382.312500 793.183607 3.478249 3.147183 16.291827
 10800.000000 -845017.187500 794.722251 3.429183 3.517433 16.528206
 10820.000000 -845167.562500 792.785313 3.528695 3.742383 16.582906
 10840.000000 -845713.437500 794.184885 3.444635 3.734945 16.137877
 10860.000000 -843045.187500 794.474333 3.338791 3.246267 16.514260
 10880.000000 -845278.875000 794.540328 3.311974 3.320122 16.520600
 10900.000000 -844736.062500 795.616691 3.064219 3.180363 16.432982
 10920.000000 -843827.625000 795.196290 3.304328 3.196694 16.548531
 10940.000000 -844034.437500 794.030756 3.371358 3.381725 16.758462
 10960.000000 -845203.250000 794.647820 3.415983 3.454518 16.567496
 10980.000000 -842945.000000 796.275658 3.526825 3.408062 16.521234
 11000.000000 -844219.875000 792.642768 3.255032 3.372130 16.440332
 11020.000000 -844445.812500 794.394999 3.131842 3.359467 16.629474
 11040.000000 -844921.062500 793.416954 3.224759 3.383100 16.275199
 11060.000000 -843521.437500 793.718763 3.282233 3.517130 16.441949
 11080.000000 -844400.937500 791.390691 3.181901 3.420760 16.418369
 11100.000000 -843267.125000 795.234009 3.430865 3.426144 16.428902
 11120.000000 -845311.625000 794.623560 3.372191 3.107921 16.751997
 11140.000000 -843843.250000 793.972932 3.371089 3.327531 16.809474
 11160.000000 -843491.937500 795.280031 3.384017 3.434068 16.741414
 11180.000000 -844821.375000 796.521943 3.533376 3.449653 16.581864
 11200.000000 -843825.500000 792.553737 3.777674 3.535995 16.757337
 11220.000000 -843804.250000 794.945359 3.440684 3.301362 16.480418
 11240.000000 -844353.062500 793.020335 3.471804 3.265745 16.477846
 11260.000000 -845538.437500 793.803777 3.232679 3.639546 16.374403
 11280.000000 -843128.312500 791.880724 3.334992 3.514632 16.444649
 11300.000000 -842418.500000 794.476222 3.657468 3.574703 16.352836
 11320.000000 -844223.250000 793.424780 3.538916 3.429664 16.733420
 11340.000000 -843760.875000 795.593486 3.398527 3.479499 16.590151
 11360.000000 -842653.812500 792.748771 3.197494 3.682688 16.546034
 11380.000000 -844506.187500 798.478812 3.038058 3.566899 16.250544
 11400.000000 -844394.375000 794.842625 3.382885 3.448381 16.386251
 11420.000000 -844375.125000 794.401752 3.302106 3.213459 16.546485
 11440.000000 -845753.500000 792.948898 3.091189 3.435530 16.189458
 11460.000000 -844981.000000 793.346390 3.245232 3.517286 16.096870
 11480.000000 -843549.250000 795.124278 3.426891 3.427235 16.343565
 11500.000000 -844028.562500 796.072478 3.335772 3.433387 16.339436
 11520.000000 -846057.750000 791.584125 3.142054 3.346186 16.318822
 11540.000000 -844128.500000 793.321425 3.298037 3.262442 16.393822
 11560.000000 -843873.312500 794.740189 3.254547 3.523141 16.561079
 11580.000000 -845086.375000 792.495022 3.415003 3.541861 16.638954
 11600.000000 -843155.875000 794.268510 3.459689 3.371461 16.576542
 11620.000000 -844245.562500 795.244288 3.353716 3.171544 16.451613
 11640.000000 -846631.562500 793.578382 3.455551 3.156974 16.426943
 11660.000000 -845790.687500 796.476410 3.397973 3.261064 16.488895
 11680.000000 -844003.562500 792.991294 3.367457 3.230945 16.344909
 11700.000000 -843573.062500 794.705296 3.468212 3.280818 16.534999
 11720.000000 -842082.375000 793.382820 3.397133 3.207343 16.714320
 11740.000000 -843723.812500 796.285120 3.229499 3.380382 16.640012
 11760.000000 -844041.687500 792.562214 3.600751 3.310969 16.147566
 11780.000000 -842810.250000 796.742074 3.576315 3.304770 16.265277
 11800.000000 -843508.875000 794.035918 3.337328 3.280420 16.618526
 11820.000000 -844091.500000 793.110269 3.396139 3.260087 16.535659
 11840.000000 -843564.312500 797.835777 3.385622 3.141960 16.549080
 11860.000000 -843789.500000 795.316925 3.383716 3.209702 16.262335
 11880.000000 -844071.812500 795.942479 3.246789 3.478424 16.366196
 11900.000000 -842073.500000 797.214779 3.149789 3.464569 16.437131
 11920.000000 -841907.437500 795.895385 3.466577 3.707036 16.830980
 11940.000000 -840326.750000 801.844197 3.802429 3.381857 9.170165
 11960.000000 -844573.125000 797.681937 3.658214 3.056194 10.260117
 11980.000000 -843891.625000 797.639014 3.930312 3.070266 11.915797
 12000.000000 -843648.000000 794.444942 3.216250 3.592906 14.740190
 12020.000000 -843190.750000 794.965521 3.519047 3.574679 15.677610
 12040.000000 -843935.562500 792.263212 3.594763 3.564346 16.193774
 12060.000000 -842611.562500 795.270461 3.332339 3.459664 16.545219
 12080.000000 -843568.500000 795.143582 3.452283 3.324283 16.434966
 12100.000000 -844741.500000 793.866539 3.519190 3.248280 16.611440
 12120.000000 -845035.687500 793.596487 3.599639 3.450678 16.418158
 12140.000000 -843617.937500 793.699788 3.350091 3.388374 16.157994
 12160.000000 -844909.812500 795.994762 3.128660 3.285889 16.214741
 12180.000000 -842257.750000 794.362547 3.350290 3.299572 16.533360
 12200.000000 -845493.187500 791.665579 3.524157 3.225913 16.406484
 12220.000000 -845158.375000 793.224736 3.490974 3.210100 16.555127
 12240.000000 -843855.250000 793.024392 3.529900 3.279396 16.408091
 12260.000000 -844250.562500 794.920650 3.208811 3.261183 16.745417
 12280.000000 -842439.500000 793.388430 3.337793 3.398439 16.537518
 12300.000000 -843511.187500 793.585256 3.660790 3.559660 16.175217
 12320.000000 -843810.062500 792.679197 3.474710 3.642039 16.282154
 12340.000000 -843929.500000 793.475959 3.361045 3.433314 16.353986
 12360.000000 -844356.437500 793.783949 3.384006 3.331067 16.317269
 12380.000000 -845370.187500 794.834249 3.262617 3.142678 16.584141
 12400.000000 -844404.625000 793.965944 3.421219 3.133574 16.577514
 12420.000000 -843361.187500 792.836735 3.458861 3.147702 16.688336
 12440.000000 -842910.812500 795.946157 3.329560 3.391390 16.547511
 12460.000000 -845001.875000 794.883294 3.331382 3.597867 16.607801
 12480.000000 -845714.500000 794.817650 3.677275 3.558767 16.316357
 12500.000000 -842569.250000 793.962744 3.692199 3.494210 16.284106
 12520.000000 -842965.187500 795.073694 3.388430 3.429126 16.316094
 12540.000000 -844131.687500 795.088712 3.623457 3.503264 16.427031
 12560.000000 -845251.562500 796.426127 3.486491 3.468416 16.322568
 12580.000000 -843843.312500 795.253323 3.099295 3.672629 16.329655
 12600.000000 -843367.000000 791.949006 3.462451 3.646626 16.475796
 12620.000000 -844163.187500 793.839255 3.460442 3.540944 16.390003
 12640.000000 -844331.937500 794.513529 3.525460 3.397855 16.360127
 12660.000000 -845436.437500 793.070168 3.716388 3.205084 16.696758
 12680.000000 -844115.687500 793.747531 3.589600 3.272404 16.589209
 12700.000000 -845706.500000 793.648865 3.614317 3.559041 16.640710
 12720.000000 -842367.937500 796.885848 3.478363 3.413389 16.522353
 12740.000000 -843337.125000 793.680600 3.905952 3.502879 16.514465
 12760.000000 -844305.250000 793.636859 3.593964 3.667422 16.681197
 12780.000000 -844221.375000 795.734414 3.428775 3.690439 16.614846
 12800.000000 -846424.437500 791.694486 3.528599 3.597226 16.684023
 12820.000000 -843764.625000 795.018198 3.661765 3.399164 16.599920
 12840.000000 -844644.312500 798.315821 3.565558 3.433455 16.456196
 12860.000000 -843974.375000 793.568329 3.427657 3.201032 16.373635
 12880.000000 -845045.562500 792.784540 3.399326 3.165647 16.417950
 12900.000000 -844166.250000 791.880234 3.335171 3.178001 16.676880
 12920.000000 -844670.187500 793.948840 3.103276 3.260641 16.536178
 12940.000000 -844846.500000 792.596241 3.382573 3.420532 16.536933
 12960.000000 -844828.250000 793.529067 3.480288 3.432224 16.518600
 12980.000000 -844994.250000 792.266420 3.289344 3.300193 16.517707
 13000.000000 -844018.437500 794.229193 3.191514 3.395899 16.512090
 13020.000000 -844360.812500 793.508048 3.255413 3.605060 16.603870
 13040.000000 -844300.937500 795.330504 3.480396 3.459318 16.554036
 13060.000000 -843701.625000 793.983124 3.215125 3.282151 16.666049
 13080.000000 -844627.000000 793.606227 3.115274 3.211099 16.373346
 13100.000000 -843507.937500 794.566741 3.207907 3.387707 16.609044
 13120.000000 -845866.062500 792.437116 3.380343 3.340990 16.543881
 13140.000000 -844994.062500 793.438561 3.485979 3.499671 16.629940
 13160.000000 -844523.062500 794.773764 3.641072 3.505266 16.511634
 13180.000000 -843071.500000 796.506645 3.417099 3.246996 16.451140
 13200.000000 -845067.875000 792.169294 3.429086 3.575666 16.494342
 13220.000000 -843219.437500 795.060702 3.436412 3.275072 16.614824
 13240.000000 -842167.500000 799.288764 3.211046 3.053995 6.321427
 13260.000000 -842943.625000 798.553599 3.707756 2.710253 10.842500
 13280.000000 -842731.500000 796.568008 3.648162 3.287635 13.003270
 13300.000000 -843792.125000 794.142045 3.517884 3.250094 15.079963
 13320.000000 -844501.187500 793.407786 3.341502 3.501099 15.922780
 13340.000000 -842676.187500 795.421006 3.098318 3.581836 16.192695
 13360.000000 -843212.687500 792.941330 3.227992 3.338060 16.301018
 13380.000000 -843901.187500 797.317190 3.546491 3.340759 16.529443
 13400.000000 -845063.250000 792.379881 3.370409 3.240361 16.397795
 13420.000000 -844180.312500 794.017745 3.389805 3.411483 16.362453
 13440.000000 -843597.625000 797.961681 3.379963 3.479664 16.708374
 13460.000000 -842888.937500 794.482880 3.164454 3.615396 16.795278
 13480.000000 -842825.437500 796.041778 3.377641 3.224113 16.540085
 13500.000000 -843455.812500 793.148765 3.556863 3.262592 16.503331
 13520.000000 -843927.187500 793.410122 3.448220 3.422236 16.613207
 13540.000000 -845327.250000 793.025068 3.431624 3.403433 16.561820
 13560.000000 -843159.312500 792.377301 3.354270 3.607973 16.499181
 13580.000000 -844899.562500 791.391663 3.418370 3.654341 16.609133
 13600.000000 -843901.187500 794.220908 3.398841 3.192102 16.688699
 13620.000000 -844853.250000 794.530191 3.628444 3.226210 16.642082
 13640.000000 -845677.937500 793.556237 3.478084 3.204761 16.661848
 13660.000000 -841243.687500 793.537362 3.384381 3.436909 16.683396
 13680.000000 -843681.375000 794.789508 3.342272 3.546904 16.539015
 13700.000000 -845181.125000 794.091463 3.450972 3.483211 16.406697
 13720.000000 -842732.687500 796.631408 3.477708 3.259973 16.482835
 13740.000000 -845210.125000 791.598825 3.216916 3.360590 16.430815
 13760.000000 -844367.875000 793.327167 2.976771 3.385166 16.628106
 13780.000000 -844380.687500 792.887438 3.287674 3.209998 16.722736
 13800.000000 -845308.250000 793.642871 3.549967 3.129793 16.692383
 13820.000000 -844515.437500 793.441225 3.536732 3.353504 16.834008
 13840.000000 -845483.625000 791.477256 3.396358 3.363850 16.697783
 13860.000000 -844481.687500 793.366230 3.583378 3.378217 16.621369
 13880.000000 -843709.812500 792.982352 3.347409 3.455467 16.509815
 13900.000000 -846029.437500 789.897437 3.430032 3.601425 16.563875
 13920.000000 -845582.625000 792.472998 3.454705 3.627885 16.569248
 13940.000000 -845648.000000 793.992738 3.653932 3.405099 16.300781
 13960.000000 -844465.000000 791.804137 3.593162 3.235862 16.390653
 13980.000000 -844538.750000 793.650396 3.452893 3.134895 16.380055
 14000.000000 -843223.437500 793.554842 3.584586 3.120831 16.423698
 14020.000000 -842643.000000 795.268305 3.404301 3.244723 16.744453
 14040.000000 -843745.312500 796.113449 3.588816 3.293280 16.760703
 14060.000000 -842998.875000 796.657090 3.574966 3.507403 16.553833
 14080.000000 -842981.062500 793.714017 3.644875 3.438077 16.726654
 14100.000000 -843812.375000 794.282902 3.672883 3.427684 16.732259
 14120.000000 -844305.562500 793.477226 3.417735 3.402064 16.649799
 14140.000000 -842436.250000 795.369818 3.135393 3.262886 16.694969
 14160.000000 -843901.812500 793.134437 3.228712 3.152161 16.475290
 14180.000000 -844393.812500 792.699763 3.499638 3.119387 16.512682
 14200.000000 -844276.750000 795.200869 3.607116 3.209466 16.233311
 14220.000000 -846258.750000 792.368477 3.718484 3.216666 16.284121
 14240.000000 -844332.437500 793.480218 3.651789 3.378768 16.511246
 14260.000000 -843728.437500 793.416767 3.277506 3.263696 16.670202
 14280.000000 -845279.750000 796.280911 3.249383 3.549145 16.752863
 14300.000000 -842993.312500 793.727271 3.279391 3.479715 16.388331
 14320.000000 -844653.750000 792.747987 3.203845 3.710240 16.676766
 14340.000000 -843671.312500 794.833053 3.042354 3.389334 16.540594
 14360.000000 -843777.312500 798.507345 3.210922 3.236995 16.343664
 14380.000000 -844351.937500 793.758648 3.581394 3.260726 16.499043
 14400.000000 -842057.812500 796.193122 3.715872 2.911885 4.138842
 14420.000000 -841908.687500 801.832636 2.728656 2.499881 10.474247
 14440.000000 -843645.562500 796.535676 3.249040 3.278235 13.709077
 14460.000000 -842903.000000 797.772306 3.767988 3.652363 15.251731
 14480.000000 -845201.125000 792.242532 3.497092 3.624046 16.029350
 14500.000000 -844691.062500 794.433787 3.604696 3.407445 16.370070
 14520.000000 -844471.500000 793.816126 3.293398 3.430094 16.477324
 14540.000000 -842966.125000 794.043846 3.171089 3.261325 16.431235
 14560.000000 -845353.750000 790.585303 3.171130 3.395546 16.524939
 14580.000000 -843313.562500 796.070512 3.227588 3.381709 16.610897
 14600.000000 -842482.062500 793.354764 3.508235 3.434167 16.455033
 14620.000000 -844347.312500 792.391040 3.568443 3.317689 16.288057
 14640.000000 -844155.187500 795.387548 4.002550 3.193718 16.514938
 14660.000000 -843366.312500 794.234826 3.664587 3.238983 16.215586
 14680.000000 -843761.250000 793.918966 3.504993 3.240347 16.314354
 14700.000000 -843892.000000 793.745427 3.476415 3.307823 16.147242
 14720.000000 -841232.125000 796.348768 3.306051 3.398573 16.245896
 14740.000000 -844053.625000 794.463302 3.357985 3.343838 16.531618
 14760.000000 -844209.937500 794.955860 3.639643 3.340397 16.642218
 14780.000000 -844763.625000 792.666517 3.452910 3.132252 16.867252
 14800.000000 -845278.375000 794.982618 3.676626 3.364918 16.554075
 14820.000000 -842790.562500 794.473244 3.385324 3.403732 16.366183
 14840.000000 -845042.437500 793.508937 3.379917 3.523649 16.439529
 14860.000000 -844078.312500 795.303555 3.325869 3.533814 16.344383
 14880.000000 -845575.625000 795.537249 3.237623 3.215910 16.674265
 14900.000000 -842779.375000 794.717614 3.365271 3.279767 16.240493
 14920.000000 -843790.062500 794.644715 3.324237 3.239337 16.380103
 14940.000000 -845046.250000 793.712820 3.348009 3.430931 16.535861
 14960.000000 -844270.875000 792.179220 3.477383 3.278652 16.480401
 14980.000000 -843946.250000 796.836121 3.328139 3.312108 16.505600
 15000.000000 -844144.875000 798.373807 3.280105 3.550800 16.479889
 15020.000000 -842179.437500 797.421057 3.316387 3.545485 16.767355
 15040.000000 -844486.437500 795.770371 3.300377 3.597384 16.606019
 15060.000000 -844796.562500 793.915559 3.252699 3.574036 16.559875
 15080.000000 -843726.625000 796.388453 3.333758 3.402720 16.391241
 15100.000000 -844161.500000 795.293136 3.343821 3.471596 16.394684
 15120.000000 -844210.250000 796.644462 3.429820 3.394297 16.298060
 15140.000000 -843777.062500 796.100537 3.518516 3.379957 16.540920
 15160.000000 -847324.625000 790.921001 3.421399 3.274629 16.701208
 15180.000000 -844433.750000 796.934966 3.334308 3.487550 16.645410
 15200.000000 -844293.250000 793.278807 3.557062 3.601643 16.605188
 15220.000000 -842694.562500 794.051189 3.368046 3.408316 16.588614
 15240.000000 -844899.500000 795.478142 3.617475 3.275557 16.534862
 15260.000000 -844275.875000 792.768294 3.251705 3.179067 16.366484
 15280.000000 -846195.125000 791.720827 3.278121 3.576601 16.494768
 15300.000000 -845672.625000 792.675675 3.614069 3.631671 16.437973
 15320.000000 -844747.750000 792.683719 3.246062 3.428112 16.422275
 15340.000000 -844432.125000 793.419927 3.567156 3.435478 16.646263
 15360.000000 -843839.937500 795.491475 3.631215 3.280303 16.525978
 15380.000000 -845292.812500 794.044555 3.274971 3.412701 16.553329
 15400.000000 -844540.750000 793.436514 3.299714 3.131993 16.611399
 15420.000000 -845273.875000 794.508132 3.438616 3.268274 16.555378
 15440.000000 -844257.000000 790.498059 3.265225 3.322754 16.557543
 15460.000000 -843740.125000 793.031140 3.768376 3.218296 16.662780
 15480.000000 -846526.750000 792.260370 3.782597 3.314636 16.758516
 15500.000000 -845011.187500 792.880028 3.567878 3.304030 16.512241
 15520.000000 -844714.375000 792.783033 3.355697 3.481282 16.476310
 15540.000000 -843558.062500 795.065771 3.397648 3.499889 16.512922
 15560.000000 -844832.875000 793.134734 3.436412 3.116102 16.251592
 15580.000000 -844148.937500 796.224473 3.084206 3.019731 16.516318
 15600.000000 -844506.625000 794.400979 3.122443 3.168851 16.552870
 15620.000000 -844044.750000 795.705592 3.444887 3.436427 16.719589
 15640.000000 -845860.062500 795.681602 3.580102 3.377400 16.605474
 15660.000000 -845801.000000 793.526324 3.552833 3.583125 16.432155
 15680.000000 -843913.562500 795.373033 3.529579 3.544253 16.248920
 15700.000000 -844849.750000 793.789462 3.413682 3.442562 16.224874
 15720.000000 -845016.875000 794.267953 3.164919 3.470643 16.253201
 15740.000000 -845359.562500 795.421025 3.178063 3.444274 16.567494
 15760.000000 -845664.562500 794.078306 3.523555 3.391098 16.340184
 15780.000000 -846528.000000 794.015776 3.323424 3.386627 16.225911
 15800.000000 -844468.937500 795.918987 3.134775 3.423447 16.025091
 15820.000000 -844578.125000 795.113292 3.293871 3.379610 16.266102
 15840.000000 -844575.500000 793.949889 3.328960 3.400399 16.514031
 15860.000000 -842693.437500 795.447289 3.231560 3.414571 16.537647
 15880.000000 -843462.062500 793.775525 3.373889 3.458006 16.478616
 15900.000000 -843897.875000 795.771324 3.602321 3.507755 16.559243
 15920.000000 -844069.437500 791.409265 3.336498 3.305204 16.260820
 15940.000000 -841946.312500 796.170448 3.249129 3.377446 16.211926
 15960.000000 -844552.625000 795.124297 3.594900 3.510237 16.243455
 15980.000000 -842171.687500 797.054390 3.404401 3.362012 16.376182
 16000.000000 -843495.437500 797.023918 3.390971 3.559178 16.272247
 16020.000000 -843722.000000 794.434279 3.518688 3.387630 16.414208
 16040.000000 -844304.125000 792.394304 3.506865 3.690189 16.775524
 16060.000000 -845827.125000 793.630716 3.456860 3.635382 16.639245
 16080.000000 -844592.250000 795.573977 3.314946 3.506310 16.676578
 16100.000000 -844454.625000 794.982673 3.388993 3.181797 16.563553
 16120.000000 -842885.750000 795.308236 3.356613 3.599266 16.617294
 16140.000000 -844586.562500 794.317736 3.524117 3.345700 16.598333
 16160.000000 -845034.125000 795.665571 3.545078 3.337382 16.543829
 16180.000000 -844908.687500 793.576240 3.575148 3.118666 16.619826
 16200.000000 -844194.687500 796.029978 3.637891 3.481419 16.244900
 16220.000000 -844261.125000 794.780099 3.538637 3.539606 16.174953
 16240.000000 -843886.750000 793.256238 3.332843 3.229438 16.272234
 16260.000000 -845305.812500 794.331190 3.479271 3.435772 16.340938
 16280.000000 -843220.000000 794.389680 3.377585 3.230589 16.427787
 16300.000000 -846198.625000 793.283427 3.478395 3.452060 16.748672
 16320.000000 -844297.312500 794.729653 3.455850 3.460481 16.644728
 16340.000000 -843020.562500 796.754788 3.562583 3.378590 16.480708
 16360.000000 -843923.687500 793.753659 3.456337 3.254103 16.590910
 16380.000000 -842823.375000 793.783918 3.230338 3.684234 16.687590
 16400.000000 -845482.875000 794.523914 3.107916 3.417740 16.691244
 16420.000000 -843758.250000 794.495150 3.203969 3.374607 16.724914
 16440.000000 -845454.125000 793.959811 3.275039 3.655207 16.450504
 16460.000000 -844654.625000 791.526024 3.288678 3.540586 16.460993
 16480.000000 -845341.000000 794.718630 3.345615 3.386249 16.690004
 16500.000000 -844586.625000 794.959272 3.529454 3.204788 16.606638
 16520.000000 -844051.812500 794.764731 3.578392 3.116241 16.643632
 16540.000000 -843955.562500 792.561521 3.468991 3.122903 16.708554
 16560.000000 -844658.312500 793.678324 3.516730 3.512370 16.775418
 16580.000000 -844308.375000 793.209479 3.275390 3.474119 16.786532
 16600.000000 -845184.187500 791.445415 3.595084 3.630534 16.638025
 16620.000000 -844216.187500 793.884152 3.621856 3.784942 16.295747
 16640.000000 -843899.750000 794.166062 3.489337 3.571710 16.276680
 16660.000000 -845034.625000 794.851841 3.230508 3.613648 16.368282
 16680.000000 -844798.000000 796.133747 3.328367 3.331299 16.492276
 16700.000000 -843906.812500 795.464463 3.194707 3.384800 16.313291
 16720.000000 -843177.187500 793.814895 3.351492 3.299764 16.428569
 16740.000000 -845745.500000 791.506014 3.332190 3.128476 16.619998
 16760.000000 -843150.937500 795.476540 3.502745 3.403507 16.462176
 16780.000000 -844397.812500 793.674171 3.597528 3.470169 16.602339
 16800.000000 -845353.875000 793.439505 3.332466 3.329163 16.540217
 16820.000000 -844658.312500 794.246785 3.273078 3.427665 16.453566
 16840.000000 -845133.500000 793.967915 3.225589 3.464337 16.638106
 16860.000000 -845291.750000 795.592035 3.271890 3.422403 16.620644
 16880.000000 -846185.500000 792.634950 3.368705 3.344887 16.511015
 16900.000000 -844188.000000 793.051830 3.292087 3.125366 16.644016
 16920.000000 -844372.250000 793.100416 3.381285 3.112217 16.652969
 16940.000000 -843541.250000 793.737586 3.465203 3.221501 16.622746
 16960.000000 -843463.750000 792.985330 3.326921 3.452960 16.338525
 16980.000000 -843520.500000 795.443539 3.146586 3.269743 16.213027
 17000.000000 -846537.375000 792.976098 3.250794 3.287728 16.539589
 17020.000000 -844843.937500 794.999177 3.423039 3.422293 16.636838
 17040.000000 -846041.500000 794.405120 3.630758 3.807839 16.389960
 17060.000000 -847279.437500 792.391279 3.536461 3.537316 16.393927
 17080.000000 -841997.062500 793.229430 3.548588 3.260527 16.675302
 17100.000000 -844058.250000 795.633936 3.121638 3.294558 16.356111
 17120.000000 -845496.312500 794.014416 3.215025 3.472014 16.587439
 17140.000000 -844417.875000 794.329498 3.487794 3.708037 16.659895
 17160.000000 -841713.062500 795.160418 3.498272 3.478150 16.673910
 17180.000000 -843279.375000 794.906513 3.696758 3.470615 16.510104
 17200.000000 -842340.500000 795.739232 3.508419 3.277725 16.452852
 17220.000000 -843475.812500 795.624353 3.563294 3.250545 16.521270
 17240.000000 -845145.125000 789.690485 3.392668 3.290179 16.350780
 17260.000000 -844498.250000 792.575748 3.406860 3.289958 16.489072
 17280.000000 -844819.375000 793.288093 3.270207 3.477184 16.239137
 17300.000000 -845223.125000 792.510089 3.277059 3.578026 16.201045
 17320.000000 -844877.687500 792.762351 3.399974 3.332334 16.475178
 17340.000000 -843488.937500 794.734920 3.605907 3.379618 16.593056
 17360.000000 -843982.375000 795.012283 3.622162 3.441418 16.674487
 17380.000000 -844646.687500 796.567877 3.574230 3.204273 16.486912
 17400.000000 -843923.687500 793.433756 3.375293 3.041648 16.518515
 17420.000000 -844195.062500 794.595817 3.350942 3.109931 16.662588
 17440.000000 -842770.312500 793.643384 3.163721 3.317208 16.370439
 17460.000000 -844830.812500 791.101751 3.527946 3.197299 16.596990
 17480.000000 -844025.312500 792.851856 3.487027 3.402321 16.750052
 17500.000000 -846203.500000 792.759790 3.451254 3.679262 16.550525
 17520.000000 -845992.937500 792.304656 3.611270 3.542609 16.501108
 17540.000000 -845542.625000 793.632706 3.405756 3.545383 16.456942
 17560.000000 -844094.000000 793.537954 3.543771 3.718578 16.441897
 17580.000000 -844173.625000 793.353232 3.538414 3.457659 16.734130
 17600.000000 -843050.312500 792.126743 3.207732 3.432522 16.662779
 17620.000000 -844784.937500 792.211802 3.290480 3.557721 16.319175
 17640.000000 -844318.437500 793.773928 3.172483 3.511103 16.354925
 17660.000000 -844782.125000 794.919314 3.433146 3.559656 16.463366
 17680.000000 -845110.250000 790.678071 3.187286 3.215082 16.435425
 17700.000000 -842793.062500 795.979952 3.339989 3.326221 16.295354
 17720.000000 -844227.750000 794.239168 3.102850 3.636725 16.466858
 17740.000000 -845363.875000 795.465501 3.381355 3.516365 16.260369
 17760.000000 -842993.062500 794.663791 3.348682 3.350665 16.534922
 17780.000000 -843474.437500 793.716150 3.417414 3.229302 16.523592
 17800.000000 -843504.625000 793.021093 3.516753 3.198423 16.734108
 17820.000000 -844666.375000 792.827151 3.290223 3.314033 16.518087
 17840.000000 -845518.937500 796.664217 3.153207 3.152792 16.314788
 17860.000000 -843416.437500 795.975418 3.017039 3.285141 16.181580
 17880.000000 -843648.062500 796.925944 3.176425 3.318725 16.296151
 17900.000000 -843290.312500 795.590010 3.269179 3.496506 16.513339
 17920.000000 -844525.812500 791.842125 3.529381 3.491960 16.497164
 17940.000000 -844441.625000 793.846743 3.434845 3.397427 16.436099
 17960.000000 -844447.125000 795.085725 3.211533 3.644765 16.657914
 17980.000000 -844013.062500 793.566118 3.406922 3.661523 16.623269
 18000.000000 -845017.187500 793.510534 3.214191 3.509797 16.547108
 18020.000000 -844069.562500 794.305347 3.601303 3.430810 16.647790
 18040.000000 -843279.687500 795.038534 3.451453 3.342396 16.310358
 18060.000000 -843674.812500 794.643226 3.371495 3.265573 16.410950
 18080.000000 -844374.375000 794.747313 3.477064 3.393461 16.303289
 18100.000000 -844006.625000 791.667826 3.310990 3.523379 16.344873
 18120.000000 -845698.625000 792.859940 3.283437 3.515694 16.617196
 18140.000000 -843605.000000 791.554024 3.417700 3.443480 16.450262
 18160.000000 -844434.312500 792.343654 3.731279 3.370255 16.544161
 18180.000000 -844437.812500 794.939934 3.267141 3.421305 16.459569
 18200.000000 -842891.875000 794.600110 3.411727 3.393486 16.387653
 18220.000000 -844686.937500 793.817123 3.464534 3.373950 16.460969
 18240.000000 -845056.875000 796.989527 3.300097 3.490988 16.490761
 18260.000000 -844964.500000 792.694437 3.233885 3.528762 16.314535
 18280.000000 -844603.875000 791.786771 3.286605 3.368902 16.444319
 18300.000000 -844334.437500 794.017975 3.148197 3.298498 16.147017
 18320.000000 -843809.125000 793.736510 3.381020 3.097353 16.563100
 18340.000000 -844571.125000 794.130568 2.967269 3.358893 16.052371
 18360.000000 -843571.687500 795.501575 3.245003 3.358425 16.308017
 18380.000000 -845259.750000 794.459376 3.407180 3.262822 16.521241
 18400.000000 -844450.500000 796.333696 3.368217 3.280421 16.597229
 18420.000000 -843792.812500 793.155403 3.290801 3.449224 16.693723
 18440.000000 -844890.250000 793.614594 3.478487 3.501486 16.718431
 18460.000000 -844860.625000 792.901103 3.442381 3.287227 16.600078
 18480.000000 -843883.437500 794.918963 3.406683 3.306115 16.550166
 18500.000000 -843569.125000 795.143453 3.646290 3.461682 16.592145
 18520.000000 -846503.437500 792.818424 3.302414 3.537907 16.491398
 18540.000000 -845150.437500 795.151121 3.097686 3.293539 16.561566
 18560.000000 -845556.562500 795.474776 2.983599 3.334413 16.373357
 18580.000000 -844090.250000 792.833641 3.110588 3.375044 16.412125
 18600.000000 -844208.187500 792.402869 3.189246 3.272269 16.501555
 18620.000000 -842438.062500 794.111060 3.115963 3.461181 16.629276
 18640.000000 -844039.812500 790.620072 3.008153 3.465233 16.797427
 18660.000000 -846341.375000 791.628058 3.377914 3.619597 16.644433
 18680.000000 -844858.687500 793.222597 3.547266 3.642411 16.600532
 18700.000000 -844392.375000 792.272275 3.523591 3.579907 16.426186
 18720.000000 -845138.562500 793.687089 3.513201 3.208787 16.525366
 18740.000000 -844896.625000 792.742629 3.438654 3.334923 16.478799
 18760.000000 -845713.625000 792.279994 3.276484 3.515586 16.442573
 18780.000000 -844808.000000 791.787231 3.462717 3.418226 16.374944
 18800.000000 -844003.187500 793.630566 3.601096 3.289396 16.515025
 18820.000000 -844456.937500 791.690563 3.593162 3.324743 16.600590
 18840.000000 -845862.187500 792.014555 3.644254 3.257165 16.722366
 18860.000000 -843343.187500 794.920081 3.610671 3.435298 16.480685
 18880.000000 -844100.687500 793.557855 3.547841 3.615473 16.392398
 18900.000000 -845152.187500 794.563138 3.445136 3.459980 16.616295
 18920.000000 -845213.500000 792.537795 3.272863 3.417970 16.209386
 18940.000000 -845654.687500 791.728127 3.337289 3.563906 16.418857
 18960.000000 -845435.562500 791.265134 3.495494 3.507785 16.702707
 18980.000000 -845334.312500 791.465734 3.776859 3.500399 16.535745
 19000.000000 -845390.562500 792.357976 3.450100 3.586902 16.675403
 19020.000000 -844071.375000 794.028614 3.545365 3.606123 16.437395
 19040.000000 -843759.000000 793.530528 3.632515 3.650941 16.408006
 19060.000000 -845400.187500 794.260357 3.727616 3.598085 16.459213
 19080.000000 -844541.125000 793.573649 3.442255 3.676272 16.622678
 19100.000000 -844878.562500 792.295745 3.540056 3.422286 16.697321
 19120.000000 -844736.187500 792.819160 3.366836 3.434626 16.564074
 19140.000000 -844223.562500 793.334303 3.313017 3.432972 16.689709
 19160.000000 -844270.000000 790.709942 3.144606 3.469355 16.667316
 19180.000000 -843710.750000 795.212341 3.362391 3.324587 16.509617
 19200.000000 -846096.125000 792.415137 3.498700 3.273111 16.620447
 19220.000000 -843845.500000 794.937962 3.310520 3.417052 16.549339
 19240.000000 -842176.062500 794.755749 3.336319 3.361142 16.653420
 19260.000000 -845139.500000 794.263471 3.463212 3.324997 16.709834
 19280.000000 -843504.375000 794.618288 3.354596 3.560266 16.269756
 19300.000000 -846564.125000 790.308422 3.290280 3.516600 16.723748
 19320.000000 -844073.500000 792.261330 3.178423 3.392324 16.508599
 19340.000000 -845304.750000 793.124205 3.322810 3.548264 16.252358
 19360.000000 -844783.937500 792.128938 3.369834 3.509424 16.351864
 19380.000000 -845442.625000 793.536254 3.276796 3.525013 16.320664
 19400.000000 -844377.875000 794.876627 3.324553 3.641214 16.412503
 19420.000000 -845849.875000 792.846214 3.395264 3.631847 16.482933
 19440.000000 -845696.062500 793.308900 3.324029 3.353557 16.446040
 19460.000000 -843586.937500 795.417464 3.177591 3.508741 16.371348
 19480.000000 -844411.750000 793.450613 3.651823 3.650338 16.485013
 19500.000000 -844724.187500 795.969895 3.106958 3.821367 16.356668
 19520.000000 -844080.375000 792.494533 3.356982 3.752550 16.566955
 19540.000000 -843982.687500 791.774947 3.399539 3.661741 16.631189
 19560.000000 -842508.187500 791.414410 3.461555 3.366140 16.470444
 19580.000000 -843446.000000 793.433700 3.491433 3.292756 16.862803
 19600.000000 -843929.812500 795.817888 3.672736 3.438062 16.403744
 19620.000000 -844229.125000 791.765199 3.673911 3.155611 16.402490
 19640.000000 -842366.062500 793.814729 3.732790 3.271294 16.371874
 19660.000000 -843853.125000 793.197158 3.766522 3.360979 16.471846
 19680.000000 -843561.812500 796.166626 3.341748 3.443151 16.422400
 19700.000000 -842485.562500 795.488057 3.184067 3.235477 16.491356
 19720.000000 -844305.500000 792.372318 3.253647 3.260578 16.639115
 19740.000000 -845418.875000 792.570197 3.349886 3.349785 16.563042
 19760.000000 -842889.500000 793.434853 3.304529 3.253724 16.468000
 19780.000000 -844833.875000 795.079868 3.618133 3.029362 16.676943
 19800.000000 -845160.750000 794.893251 3.277606 2.905266 16.348962
 19820.000000 -843090.062500 792.208444 3.176898 3.402945 16.485951
 19840.000000 -844485.187500 794.226538 3.212896 3.626738 16.354948
 19860.000000 -844271.500000 796.466771 3.489147 3.605793 16.408310
 19880.000000 -845480.562500 792.427850 3.323793 3.624616 16.536056
 19900.000000 -843246.312500 795.005798 3.289674 3.289022 16.643130
 19920.000000 -844717.812500 793.862328 3.290339 3.522932 16.419241
 19940.000000 -845719.812500 793.642709 3.465570 3.229758 16.645041
 19960.000000 -846120.312500 795.832802 3.423255 3.219113 16.389308
 19980.000000 -844155.625000 794.969531 3.532721 3.588405 16.520078
 20000.000000 -844958.625000 794.944785 3.622842 3.577285 16.657520
 20020.000000 -844019.375000 790.681984 3.491513 3.272030 16.633379
 20040.000000 -843631.000000 794.683174 3.490230 3.253180 16.748162
 20060.000000 -843183.625000 796.003956 3.417372 3.249436 16.792825
 20080.000000 -845121.875000 794.787432 3.540826 3.240398 16.631851
 20100.000000 -844209.250000 794.838732 3.170420 3.219997 16.568203
 20120.000000 -845387.812500 794.352467 3.389382 3.131850 16.423701
 20140.000000 -845500.812500 791.555089 3.476161 3.272791 16.381387
 20160.000000 -843287.937500 796.579277 3.609638 3.159721 16.390037
 20180.000000 -843814.437500 792.960951 3.451461 3.225462 16.483410
 20200.000000 -845089.812500 793.607763 3.540162 3.230337 16.416147
 20220.000000 -843479.812500 796.385662 3.402755 3.275389 16.597898
 20240.000000 -844777.000000 794.861035 3.326629 3.224029 16.538780
 20260.000000 -846208.000000 794.128500 3.205447 3.320051 16.596018
 20280.000000 -844282.625000 792.579410 3.293736 3.352791 16.492790
 20300.000000 -843072.187500 793.596318 3.539272 3.392739 16.543248
 20320.000000 -844633.750000 792.862750 3.621177 3.208389 16.627744
 20340.000000 -843911.250000 795.768018 3.324627 3.239778 16.729738
 20360.000000 -844446.437500 796.035909 3.381197 3.106395 16.532408
 20380.000000 -846084.875000 794.266424 3.596952 3.353277 16.544155
 20400.000000 -844603.437500 792.440697 3.637657 3.601337 16.380322
 20420.000000 -845638.937500 792.830260 3.316564 3.511726 16.395937
 20440.000000 -845238.437500 794.811300 3.240139 3.519103 16.573557
 20460.000000 -841952.062500 793.678468 3.334308 3.424034 16.460890
 20480.000000 -843021.937500 795.523496 3.310806 3.382154 16.598204
 20500.000000 -842061.562500 800.921056 3.892639 3.740493 6.654610
 20520.000000 -842330.312500 796.298972 3.092925 3.941822 12.694686
 20540.000000 -843154.125000 795.903820 3.332547 3.560278 14.957615
 20560.000000 -845674.062500 791.301169 3.494666 3.555072 15.908430
 20580.000000 -845131.750000 793.006848 3.635381 3.429861 16.154620
 20600.000000 -844575.437500 793.184493 3.577734 3.540703 16.330566
 20620.000000 -842672.437500 793.805419 3.564425 3.675809 16.527580
 20640.000000 -843500.937500 793.441989 3.451877 3.430352 16.388171
 20660.000000 -842479.750000 796.094649 3.159270 3.674577 16.184357
 20680.000000 -845097.437500 793.226560 3.340987 3.534785 16.195843
 20700.000000 -845371.187500 792.723291 3.488899 3.429207 16.483601
 20720.000000 -843161.812500 793.091824 3.364178 3.291735 16.446169
 20740.000000 -844034.062500 792.420506 3.365961 3.412381 16.561350
 20760.000000 -845012.687500 790.793440 3.342726 3.496767 16.450271
 20780.000000 -843419.062500 795.736988 3.246397 3.241359 16.452407
 20800.000000 -844385.500000 792.818432 3.210365 3.342823 16.805414
 20820.000000 -844429.625000 792.210470 3.407600 3.187716 16.395934
 20840.000000 -845935.062500 792.226051 3.352117 3.364726 16.609441
 20860.000000 -844145.187500 792.892662 3.689180 3.255912 16.611291
 20880.000000 -843639.625000 793.753027 3.522040 3.102317 16.589916
 20900.000000 -844809.187500 795.267246 3.274446 3.295908 16.648735
 20920.000000 -844344.562500 794.070098 3.389959 3.312602 16.102248
 20940.000000 -844987.625000 793.251511 3.408690 3.461151 16.365326
 20960.000000 -846240.000000 791.477642 3.419866 3.361471 16.639559
 20980.000000 -843927.375000 792.410332 3.598888 3.533283 16.788674
 21000.000000 -845093.750000 793.525803 3.443949 3.417337 16.508539
 21020.000000 -844192.562500 795.287436 3.305477 3.072890 16.742579
 21040.000000 -843494.812500 796.171938 3.445277 3.382647 16.676196
 21060.000000 -845682.562500 793.600301 3.205107 3.341272 16.630902
 21080.000000 -844856.500000 794.731925 3.346425 3.474497 16.584446
 21100.000000 -843748.750000 794.775298 3.096488 3.559365 16.426273
 21120.000000 -845204.375000 794.956843 3.292705 3.512442 16.383350
 21140.000000 -842418.875000 796.352932 3.243777 3.286604 16.599246
 21160.000000 -842973.812500 794.539127 3.352989 3.401932 16.311669
 21180.000000 -842681.687500 795.733469 3.420021 3.576490 16.522797
 21200.000000 -844134.187500 794.706055 3.756678 3.677077 16.737557
 21220.000000 -843108.500000 797.688852 3.602791 3.283798 16.616468
 21240.000000 -845157.437500 795.654892 3.707949 3.296779 16.574362
 21260.000000 -843506.125000 795.208359 3.456686 3.472631 16.204435
 21280.000000 -843659.312500 794.244172 3.285799 3.262727 16.298963
 21300.000000 -843477.875000 795.455043 3.220807 3.460579 16.623849
 21320.000000 -843250.062500 795.443458 3.327997 3.569719 16.452181
 21340.000000 -842371.625000 794.154463 3.240031 3.473616 16.329365
 21360.000000 -843642.750000 793.949791 3.337024 3.506077 16.338729
 21380.000000 -843839.500000 792.497153 3.396540 3.387907 16.488436
 21400.000000 -843665.312500 794.083197 3.420258 3.554714 16.571092
 21420.000000 -845530.312500 792.251835 3.417754 3.554603 16.251326
 21440.000000 -845477.312500 792.664169 3.478903 3.464851 16.553288
 21460.000000 -843818.687500 794.329398 3.188277 3.534023 16.635579
 21480.000000 -843788.125000 794.168810 3.217370 3.494621 16.547614
 21500.000000 -845177.000000 792.712647 3.381829 3.398278 16.355085
 21520.000000 -844092.312500 792.559574 3.542091 3.387785 16.686148
 21540.000000 -843017.687500 793.900106 3.624897 3.676952 16.606707
 21560.000000 -844720.500000 792.956778 3.481449 3.247183 16.388300
 21580.000000 -844233.375000 795.052947 3.358460 3.321791 16.598286
 21600.000000 -843517.187500 793.730872 3.450763 3.503786 16.641348
 21620.000000 -846290.250000 792.090631 3.575668 3.528196 16.522835
 21640.000000 -843693.687500 794.922933 3.273286 3.468740 16.827940
 21660.000000 -845541.437500 791.933769 3.509735 3.263008 16.672835
 21680.000000 -843176.000000 795.280398 3.479781 3.439421 16.551492
 21700.000000 -844123.250000 793.427625 3.550301 3.224979 16.588412
 21720.000000 -843315.500000 793.984554 3.423997 3.127475 16.493502
 21740.000000 -842662.687500 794.615825 3.749267 3.342346 16.386188
 21760.000000 -843100.937500 792.501965 3.520869 3.067434 16.438084
 21780.000000 -844378.250000 793.368958 3.252177 3.529510 16.594560
 21800.000000 -842452.062500 796.026428 3.403553 3.433955 16.551467
 21820.000000 -843917.812500 795.602276 3.717619 3.710983 16.542201
 21840.000000 -843264.437500 797.541213 3.775491 3.185483 16.561659
 21860.000000 -843867.187500 792.521187 3.760900 3.490401 16.690440
 21880.000000 -844099.187500 794.900768 3.610866 3.378842 16.528137
 21900.000000 -843794.562500 792.815570 3.585379 3.573755 16.540021
 21920.000000 -844242.937500 794.232784 3.311603 3.445977 16.348188
 21940.000000 -843672.875000 794.209396 3.361927 3.247597 16.314908
 21960.000000 -843444.562500 794.168973 3.526935 3.254032 16.338889
 21980.000000 -845392.000000 794.937564 3.273168 3.509321 16.154494
 22000.000000 -844146.062500 795.148812 3.189722 3.279496 16.310417
 22020.000000 -842810.937500 793.737402 3.306435 3.257652 16.327424
 22040.000000 -846114.812500 793.871507 3.493037 3.374970 16.318495
 22060.000000 -846716.562500 792.194981 3.499588 3.403572 16.624054
 22080.000000 -844142.312500 792.347060 3.568524 3.533832 16.588580
 22100.000000 -845356.875000 793.379442 3.470507 3.391837 16.337201
 22120.000000 -842328.125000 795.515889 3.436867 3.162470 16.362552
 22140.000000 -843075.437500 794.529307 3.702967 3.177743 16.562009
 22160.000000 -844017.125000 793.094515 3.505309 3.244089 16.445357
 22180.000000 -843920.125000 794.124064 3.631236 3.338058 16.587196
 22200.000000 -842281.875000 795.472909 3.524173 3.171130 16.663620
 22220.000000 -844882.062500 793.935859 3.308719 3.470536 16.617822
 22240.000000 -845333.062500 793.391468 3.319676 3.390359 16.425041
 22260.000000 -845186.937500 792.979912 3.456614 3.602043 16.522342
 22280.000000 -844171.437500 793.856189 3.274549 3.487739 16.445720
 22300.000000 -845121.937500 792.119670 3.380284 3.319617 16.455170
 22320.000000 -846118.687500 793.313604 3.231768 3.195652 16.467145
 22340.000000 -843717.562500 796.314646 3.549166 3.174434 16.406882
 22360.000000 -844465.000000 793.285650 3.484867 3.430973 16.522964
 22380.000000 -844351.062500 792.543850 3.285947 3.232079 16.403727
 22400.000000 -844729.437500 795.411915 3.427750 3.518262 16.142171
 22420.000000 -844042.312500 795.675739 3.658323 3.737578 16.071297
 22440.000000 -843970.187500 795.594766 3.554979 3.483348 16.263700
 22460.000000 -845189.062500 794.399248 3.368744 3.466976 16.371553
 22480.000000 -844613.500000 793.658274 3.507751 3.264784 16.319485
 22500.000000 -842504.562500 797.280542 3.305873 3.098438 16.457030
 22520.000000 -842920.437500 793.262580 3.439046 3.326382 16.469056
 22540.000000 -844305.000000 795.791275 3.674013 3.616115 16.679529
 22560.000000 -843771.125000 791.822434 3.629237 3.042355 16.502382
 22580.000000 -845464.187500 792.447670 3.233361 3.317073 16.655375
 22600.000000 -844795.562500 793.945126 3.023132 3.310276 16.468180
 22620.000000 -843886.000000 795.434094 3.177003 3.284452 16.437867
 22640.000000 -844501.750000 791.395639 3.621529 3.463106 16.115683
 22660.000000 -844293.375000 792.162024 3.587351 3.409129 16.531794
 22680.000000 -846288.937500 791.980125 3.417856 3.627282 16.487899
 22700.000000 -843105.750000 793.590058 3.075432 3.057331 16.261324
 22720.000000 -844442.562500 796.010693 3.319706 3.503776 16.415662
 22740.000000 -844480.250000 794.185937 3.496251 3.560231 16.709087
 22760.000000 -846292.937500 792.077743 3.346103 3.399572 16.848072
 22780.000000 -846674.750000 795.251209 3.372506 3.521516 16.598054
 22800.000000 -845463.562500 791.852972 3.265917 3.457508 16.458670
 22820.000000 -845903.750000 791.918663 3.385660 3.395221 16.172443
 22840.000000 -844760.625000 793.711420 3.568992 3.442862 16.386683
 22860.000000 -843813.437500 793.627355 3.694048 3.582036 16.672792
 22880.000000 -844492.937500 794.096295 3.308578 3.613552 16.758737
 22900.000000 -845011.812500 792.471109 3.375586 3.565169 16.541401
 22920.000000 -846073.000000 791.998276 3.407280 3.152527 16.522087
 22940.000000 -845097.000000 793.400243 3.124951 3.259693 16.211286
 22960.000000 -843516.687500 794.682410 3.061198 3.668554 16.441769
 22980.000000 -844275.375000 793.479035 3.363305 3.651912 16.378377
 23000.000000 -841313.375000 798.176208 3.418068 3.414125 16.557010
 23020.000000 -843753.187500 793.860473 3.561711 3.309882 16.585815
 23040.000000 -844417.562500 794.911564 3.635500 3.216154 16.540366
 23060.000000 -844549.250000 791.885877 3.472008 3.234160 16.463602
 23080.000000 -843385.750000 795.364845 3.215444 3.314977 16.374384
 23100.000000 -842920.062500 795.921479 3.373776 3.308885 16.399502
 23120.000000 -844513.812500 793.604894 3.146555 3.367410 16.354374
 23140.000000 -845732.187500 792.578487 3.317898 3.511397 16.398765
 23160.000000 -845747.875000 791.725710 3.478197 3.323252 16.449725
 23180.000000 -843138.250000 793.461505 3.276065 3.349360 16.555192
 23200.000000 -845221.625000 794.387770 3.409178 3.392053 16.739309
 23220.000000 -844341.312500 792.440232 3.319028 3.387097 16.710602
 23240.000000 -844374.875000 793.886590 3.359556 3.458949 16.493239
 23260.000000 -845757.187500 791.240647 3.253008 3.431495 16.545680
 23280.000000 -844822.000000 794.246219 3.346517 3.251264 16.273407
 23300.000000 -844267.687500 794.284978 3.375408 3.102136 16.446954
 23320.000000 -846062.812500 792.058542 3.155281 3.345942 16.446291
 23340.000000 -843236.812500 794.125719 3.256491 3.606699 16.392061
 23360.000000 -844768.937500 792.175284 3.492303 3.355866 16.579093
 23380.000000 -844630.312500 793.098231 3.560910 3.332679 16.458508
 23400.000000 -845426.750000 796.307484 3.633709 3.675454 16.556464
 23420.000000 -846124.500000 795.707068 3.398732 3.629706 16.433504
 23440.000000 -844529.625000 795.140919 3.269348 3.430760 16.404125
 23460.000000 -845371.750000 792.661228 3.407767 3.483942 16.343538
 23480.000000 -845220.625000 793.534615 3.588563 3.433740 16.312933
 23500.000000 -845685.250000 794.121765 3.513393 3.494459 16.517949
 23520.000000 -845317.375000 792.934186 3.572686 3.489074 16.624570
 23540.000000 -844794.937500 795.510694 3.334571 3.420181 16.555563
 23560.000000 -844804.812500 794.245974 3.421656 3.463160 16.659829
 23580.000000 -844934.750000 791.698894 3.326435 3.218764 16.613931
 23600.000000 -843688.375000 793.661916 3.312211 3.630096 16.636474
 23620.000000 -844204.937500 792.819764 3.433219 3.671012 16.482950
 23640.000000 -844549.000000 793.045650 3.793830 3.587441 16.688499
 23660.000000 -843834.625000 793.283718 3.634098 3.526794 16.396330
 23680.000000 -844094.625000 793.578982 3.442303 3.275563 16.535379
 23700.000000 -844669.062500 795.390437 3.469152 3.506466 16.326358
 23720.000000 -843433.000000 796.109164 3.460196 3.469706 16.194041
 23740.000000 -843655.687500 792.665978 3.331195 3.434368 16.371372
 23760.000000 -842729.437500 793.747028 3.297439 3.577535 16.287283
 23780.000000 -842670.000000 794.832583 3.400331 3.537178 16.494393
 23800.000000 -843605.937500 795.576209 3.472036 3.589110 16.590291
 23820.000000 -843618.625000 793.854585 3.667539 3.477812 16.709132
 23840.000000 -844558.687500 793.319958 3.418862 3.470031 16.610030
 23860.000000 -838599.000000 802.183550 3.102824 3.252773 6.219869
 23880.000000 -839717.250000 799.404603 3.754682 3.596862 9.203217
 23900.000000 -843810.375000 797.297357 3.656996 3.180795 11.688322
 23920.000000 -844448.125000 795.787892 3.607964 3.007776 14.599674
 23940.000000 -843073.625000 793.726689 3.113416 3.483114 15.773963
 23960.000000 -844124.687500 793.957311 3.207126 3.574235 16.006483
 23980.000000 -843658.250000 794.949497 3.452697 3.250847 16.135564
 24000.000000 -844467.250000 794.531663 3.699098 3.290395 16.186934
 24020.000000 -844576.687500 793.683717 3.669322 3.426095 16.284162
 24040.000000 -845846.125000 794.368167 3.460849 3.476919 16.443817
 24060.000000 -845641.875000 795.089644 3.539679 3.414235 16.444858
 24080.000000 -841806.437500 795.746516 3.586810 3.459754 16.539037
 24100.000000 -845227.187500 795.670444 3.481948 3.289214 16.591911
 24120.000000 -844905.187500 793.028975 3.417872 3.358256 16.452220
 24140.000000 -845310.062500 793.154651 3.339174 3.407904 16.383669
 24160.000000 -843966.750000 794.641268 3.541022 3.220345 16.592335
 24180.000000 -844031.687500 793.572341 3.510896 3.163348 16.466068
 24200.000000 -845399.500000 792.473461 3.415590 3.144333 16.623771
 24220.000000 -844687.375000 792.503282 3.161385 3.137684 16.362128
 24240.000000 -844922.500000 792.226111 3.449103 3.581589 16.375391
 24260.000000 -842697.875000 796.775544 3.371820 3.492587 16.393111
 24280.000000 -845465.687500 792.160494 3.562744 3.285539 16.303742
 24300.000000 -846219.312500 794.075385 3.319826 3.537763 16.376805
 24320.000000 -846054.625000 792.973865 3.222443 3.642033 16.365818
 24340.000000 -842196.250000 794.146523 3.281265 3.509981 16.536461
 24360.000000 -844969.437500 794.607066 3.422339 3.113377 16.615678
 24380.000000 -844864.562500 793.492646 3.399432 3.247016 16.606250
 24400.000000 -844597.562500 793.406871 3.356103 3.409943 16.697596
 24420.000000 -845621.937500 790.905277 3.136284 3.480723 16.465009
 24440.000000 -844800.000000 794.170668 3.601548 3.220644 16.390376
 24460.000000 -844042.437500 796.509771 3.423179 3.686806 16.719457
 24480.000000 -843437.687500 795.451495 3.088704 3.475447 16.643573
 24500.000000 -844604.812500 793.245684 3.482519 3.607705 16.575863
 24520.000000 -844298.062500 793.662065 3.204867 3.601028 16.315186
 24540.000000 -844906.562500 792.979907 3.158390 3.543305 16.350532
 24560.000000 -844921.250000 793.246927 3.316346 3.300176 16.174645
 24580.000000 -843944.187500 793.357662 3.401510 3.221777 16.448632
 24600.000000 -844290.000000 795.407440 3.198830 3.458077 16.515960
 24620.000000 -845572.312500 792.869488 3.225150 3.593628 16.591974
 24640.000000 -844487.812500 790.265780 3.645066 3.330849 16.482185
 24660.000000 -843010.375000 795.493782 3.457174 3.194389 16.572877
 24680.000000 -843962.437500 791.814549 3.564505 3.415829 16.929909
 24700.000000 -845468.812500 792.889607 3.588831 3.572179 16.560392
 24720.000000 -844882.625000 794.665407 3.379816 3.240616 16.418242
 24740.000000 -843648.875000 793.774117 3.284835 3.093889 16.394337
 24760.000000 -845478.187500 793.072506 3.239563 3.360976 16.305526
 24780.000000 -842411.687500 795.665822 3.378727 3.350999 16.473873
 24800.000000 -843966.125000 791.561026 3.448775 3.210899 16.517770
 24820.000000 -843682.812500 795.411952 3.480178 3.148870 16.826057
 24840.000000 -844146.250000 794.856126 3.415977 3.590579 16.690591
 24860.000000 -846009.062500 793.711763 3.200942 3.911707 16.727381
 24880.000000 -845623.875000 794.504184 3.569296 3.425727 16.558125
 24900.000000 -847217.437500 792.153621 3.460027 3.350180 16.407519
 24920.000000 -844905.125000 793.990121 3.462248 3.361558 16.290150
 24940.000000 -843214.062500 791.259370 3.479550 3.360921 16.125241
 24960.000000 -844098.375000 794.299802 3.406756 3.416934 16.398519
 24980.000000 -844613.500000 793.446851 3.293718 3.571248 16.291548
 25000.000000 -843559.625000 795.302421 3.315851 3.509601 16.255613
 25020.000000 -844018.125000 796.550406 3.507463 3.142536 16.448722
 25040.000000 -843575.687500 795.721871 3.423978 3.408575 16.351433
 25060.000000 -844833.187500 795.990958 3.383270 3.567642 16.385232
 25080.000000 -842786.687500 793.862926 3.482767 3.465618 16.303537
 25100.000000 -844378.562500 792.971674 3.370731 3.303522 16.586695
 25120.000000 -844631.500000 792.592223 3.199306 3.261702 16.383029
 25140.000000 -845419.750000 792.833882 3.503380 3.289190 16.620417
 25160.000000 -844964.500000 792.556561 3.266043 3.502646 16.697792
 25180.000000 -843875.000000 793.251607 3.332327 3.343500 16.547122
 25200.000000 -843191.625000 793.940912 3.110375 3.574998 16.665810
 25220.000000 -842206.000000 795.885533 3.306407 3.634923 16.655780
 25240.000000 -846781.437500 793.951195 3.346301 3.276787 16.327403
 25260.000000 -846561.000000 791.934689 3.491284 3.367788 16.484027
 25280.000000 -844739.562500 792.242048 3.442410 3.401687 16.531642
 25300.000000 -842902.000000 798.345830 3.301478 3.529822 16.648870
 25320.000000 -843729.937500 794.392116 3.526009 3.545096 16.504835
 25340.000000 -844494.187500 793.949543 3.283231 3.357283 16.524365
 25360.000000 -843517.812500 795.490584 3.499033 3.314829 16.590891
 25380.000000 -842973.750000 792.475951 3.290691 3.496643 16.502602
 25400.000000 -843919.562500 796.193504 3.388235 3.325764 16.361229
 25420.000000 -844585.000000 796.627793 3.328370 3.357669 16.533773
 25440.000000 -844697.937500 794.202606 3.201820 3.354445 16.171076
 25460.000000 -844784.812500 795.695450 3.328290 3.347168 16.321639
 25480.000000 -843978.125000 792.745641 3.395538 3.422355 16.387186
 25500.000000 -844985.000000 794.165197 3.294214 3.355635 16.383329
 25520.000000 -843770.625000 794.013352 3.472048 3.318045 16.433592
 25540.000000 -845679.312500 793.795450 3.501854 3.406964 16.311755
 25560.000000 -843968.750000 793.579472 3.448344 3.504246 16.376840
 25580.000000 -844403.125000 793.773228 3.638493 3.353878 16.472311
 25600.000000 -845453.500000 792.498978 3.582089 3.192503 16.519254
 25620.000000 -843611.125000 793.579114 3.576128 3.179548 16.505821
 25640.000000 -845983.437500 791.794852 3.115306 3.556854 16.482742
 25660.000000 -845790.000000 792.405799 3.154466 3.449804 16.398102
 25680.000000 -844721.000000 793.641998 3.385958 3.384596 16.515592
 25700.000000 -843774.312500 794.752790 3.511649 3.313682 16.615838
 25720.000000 -843752.187500 794.131334 3.388751 3.513778 16.509023
 25740.000000 -844870.312500 795.809763 3.379975 3.305063 16.484741
 25760.000000 -843454.437500 795.212924 3.531947 3.510422 16.379751
 25780.000000 -844179.625000 795.412956 3.599407 3.374694 16.396629
 25800.000000 -843579.875000 792.020305 3.487109 3.266314 16.270119
 25820.000000 -845255.187500 793.058817 3.264738 3.324411 16.555191
 25840.000000 -843353.125000 793.500176 3.250510 3.498162 16.441927
 25860.000000 -845101.562500 794.151956 3.332862 3.359853 16.436514
 25880.000000 -843334.375000 795.050090 3.495133 3.266419 16.527089
 25900.000000 -844207.375000 793.274259 3.286173 3.703649 16.531620
 25920.000000 -843856.125000 793.479078 3.367321 3.487669 16.541397
 25940.000000 -844346.750000 793.347387 3.271048 3.533859 16.496271
 25960.000000 -843270.625000 798.466240 3.157282 3.453021 16.618953
 25980.000000 -843320.250000 792.458318 3.375608 3.559731 16.464602
 26000.000000 -844205.250000 794.957521 3.358270 3.346196 16.426827
 26020.000000 -842703.937500 795.188977 3.121571 3.436826 16.394090
 26040.000000 -843949.062500 794.281403 3.325303 3.400401 16.212590
 26060.000000 -843498.625000 793.000251 3.310262 3.499338 16.676471
 26080.000000 -841796.375000 794.990869 3.574745 3.751736 16.315166
 26100.000000 -845066.625000 795.898588 3.649458 3.332808 16.641570
 26120.000000 -845173.250000 793.829770 3.483557 3.282368 16.712101
 26140.000000 -846221.812500 794.173740 3.388390 3.471605 16.617258
 26160.000000 -846810.625000 793.209480 3.287077 3.378164 16.108410
 26180.000000 -846285.812500 794.225791 3.331773 3.072910 16.234354
 26200.000000 -844419.125000 794.271551 3.337520 3.163528 16.415484
 26220.000000 -845333.375000 795.309402 3.368497 3.538219 16.356689
 26240.000000 -845069.312500 792.838333 3.371660 3.359210 16.587788
 26260.000000 -843268.000000 793.149407 3.354962 3.177582 16.431288
 26280.000000 -844187.937500 793.472221 3.426067 3.547781 16.419631
 26300.000000 -842770.312500 793.108115 3.477686 3.564222 16.623024
 26320.000000 -843359.000000 793.519868 3.210222 3.545760 16.409378
 26340.000000 -844883.687500 795.602363 3.396189 3.397280 16.347630
 26360.000000 -845972.437500 793.562375 3.434352 3.378731 16.451175
 26380.000000 -843918.937500 795.654392 3.486191 3.763777 16.574439
 26400.000000 -844106.437500 794.883738 3.572201 3.645644 16.763494
 26420.000000 -842669.062500 797.078057 3.563274 3.342691 16.788445
 26440.000000 -844167.625000 796.097836 3.658001 3.060205 16.566713
 26460.000000 -844965.125000 795.640628 3.249109 3.338862 16.431950
 26480.000000 -843841.000000 797.485382 3.350303 3.515005 16.711194
 26500.000000 -844177.250000 795.240369 3.306929 3.540440 16.745847
 26520.000000 -845556.625000 792.520906 3.376827 3.519452 16.271108
 26540.000000 -845048.000000 793.072097 3.536354 3.345291 16.210053
 26560.000000 -843203.375000 795.496694 3.441752 3.154592 16.213478
 26580.000000 -844342.812500 793.657634 3.362376 3.352433 16.270229
 26600.000000 -844280.812500 794.851776 3.248556 3.165285 16.424018
 26620.000000 -843600.562500 796.609760 3.346638 3.296333 16.650582
 26640.000000 -843880.312500 796.062936 3.252264 3.437590 16.443437
 26660.000000 -843970.000000 795.633921 3.406308 3.282797 16.566300
 26680.000000 -844572.562500 794.914226 3.337128 3.482896 16.857258
 26700.000000 -845187.187500 795.486425 3.489318 3.538642 16.633502
 26720.000000 -843817.562500 793.811208 3.320029 3.268855 16.639633
 26740.000000 -843385.875000 795.374145 3.418803 3.205188 16.578605
 26760.000000 -843728.437500 794.486493 3.642041 3.469064 16.171945
 26780.000000 -845457.187500 791.907838 3.309735 3.583964 16.275723
 26800.000000 -844124.562500 791.896757 3.409233 3.267146 16.458404
 26820.000000 -845064.062500 793.331145 3.455626 3.416468 16.380894
 26840.000000 -845886.562500 791.678205 3.333930 3.256101 16.627630
 26860.000000 -844861.250000 796.166236 3.546727 3.206560 16.790732
 26880.000000 -845706.375000 795.138889 3.359034 3.489828 16.837028
 26900.000000 -844247.250000 795.882766 3.541154 3.352919 16.500077
 26920.000000 -843779.812500 795.696566 3.583522 3.389132 16.538466
 26940.000000 -844019.250000 793.445571 3.571029 3.603837 16.478397
 26960.000000 -844220.750000 795.657841 3.457666 3.548348 16.495817
 26980.000000 -844492.312500 795.095392 3.546786 3.481820 16.352633
 27000.000000 -843084.125000 794.030513 3.676394 3.545028 16.470356
 27020.000000 -844914.062500 794.753208 3.681777 3.732595 16.439493
 27040.000000 -844711.437500 796.957712 3.597817 3.660340 16.128472
 27060.000000 -842807.312500 796.751093 3.509328 3.218256 16.313450
 27080.000000 -845126.375000 793.119037 3.486258 3.355651 16.378687
 27100.000000 -844391.812500 795.378744 3.406301 3.143867 16.341770
 27120.000000 -844673.437500 793.307472 3.349387 3.263926 16.315599
 27140.000000 -843962.375000 794.704393 3.212849 3.382816 16.524060
 27160.000000 -844350.500000 794.613329 3.374068 3.489596 16.587150
 27180.000000 -845188.125000 793.274160 3.223031 3.387255 16.912913
 27200.000000 -844682.687500 792.921168 3.206902 3.274646 16.551917
 27220.000000 -845923.687500 794.625317 3.410450 3.388618 16.745474
 27240.000000 -845629.000000 794.703323 3.413944 3.351839 16.706167
 27260.000000 -844132.625000 793.713043 3.499823 3.290819 16.681963
 27280.000000 -844074.500000 794.742624 3.412382 3.183021 16.534031
 27300.000000 -844969.500000 792.922635 3.283421 3.564277 16.521245
 27320.000000 -844326.375000 795.657315 3.337097 3.646722 16.545063
 27340.000000 -844461.500000 793.259862 3.423815 3.396061 16.513799
 27360.000000 -845183.687500 792.749083 3.456069 3.225919 16.494181
 27380.000000 -844866.812500 792.007508 3.279800 3.412991 16.542189
 27400.000000 -844763.000000 793.316954 3.653964 3.467179 16.605727
 27420.000000 -846059.187500 793.199060 3.595540 3.318292 16.636722
 27440.000000 -845929.125000 793.099086 3.280262 3.137224 16.385455
 27460.000000 -843103.625000 794.119244 3.033790 3.525234 16.345482
 27480.000000 -843793.312500 795.591143 3.298479 3.420579 16.563454
 27500.000000 -844581.375000 795.598760 3.309681 3.208032 16.458958
 27520.000000 -844812.625000 792.021574 3.735371 3.409178 16.375435
 27540.000000 -844607.812500 794.159687 3.289869 3.596584 16.354473
 27560.000000 -845374.750000 793.539052 3.386530 3.590093 16.640430
 27580.000000 -845537.687500 795.532588 3.061244 3.081596 16.599109
 27600.000000 -842897.937500 794.763226 3.246646 2.990113 16.594755
 27620.000000 -844113.250000 794.301461 3.381424 3.089656 16.758646
 27640.000000 -843908.687500 796.252140 3.412350 3.189623 16.440626
 27660.000000 -844704.125000 793.612806 3.370527 3.347541 16.424787
 27680.000000 -843383.125000 796.553837 3.666618 3.146034 16.367612
 27700.000000 -842887.000000 795.481606 3.570566 3.383981 16.669856
 27720.000000 -844260.250000 794.820013 3.395273 3.293844 16.848744
 27740.000000 -845437.250000 794.924071 3.124873 3.284329 16.767539
 27760.000000 -844410.250000 794.132908 3.430010 3.287964 16.410510
 27780.000000 -842589.375000 796.275769 3.463119 3.105089 16.483271
 27800.000000 -843628.250000 794.166941 3.736668 3.062089 16.467891
 27820.000000 -844971.625000 792.489795 3.677856 3.282925 16.525006
 27840.000000 -844741.250000 795.666220 3.689873 3.521857 16.570701
 27860.000000 -845596.625000 792.439361 3.391366 3.210738 16.494360
 27880.000000 -846399.937500 792.483209 3.120988 3.301977 16.470124
 27900.000000 -843378.250000 792.992348 3.472693 3.272355 16.415270
 27920.000000 -844161.937500 796.435253 3.082819 3.345898 16.532856
 27940.000000 -845234.375000 792.810418 3.414743 3.492866 16.532145
 27960.000000 -844215.125000 794.692268 3.216520 3.512774 16.735152
 27980.000000 -843450.500000 793.335883 3.083650 3.416009 16.317344
 28000.000000 -844614.375000 794.470879 3.050191 3.677762 16.428929
 28020.000000 -845066.062500 793.231951 3.336692 3.530323 16.328175
 28040.000000 -845971.000000 793.111306 3.478470 3.610764 16.491152
 28060.000000 -844735.750000 792.401093 3.593381 3.362459 16.471126
 28080.000000 -843808.312500 794.486601 3.412373 3.340866 16.465040
 28100.000000 -844668.312500 792.674654 3.524211 3.246307 16.358911
 28120.000000 -846482.562500 792.281655 3.369528 2.945798 16.852876
 28140.000000 -842434.562500 794.294988 3.213437 3.113457 16.802479
 28160.000000 -844989.562500 792.172285 3.203748 3.354868 16.772982
 28180.000000 -843346.750000 791.051973 3.363353 3.644002 16.794948
 28200.000000 -844959.812500 791.220756 3.410523 3.496462 16.519521
 28220.000000 -843972.687500 792.216023 3.239207 3.459004 16.710476
 28240.000000 -843651.062500 795.999718 3.298798 3.410437 16.788527
 28260.000000 -843734.875000 796.387410 3.101062 3.454544 16.727827
 28280.000000 -843070.375000 793.377782 3.413342 3.363814 16.723121
 28300.000000 -844911.125000 794.392544 3.490176 3.474322 16.716038
 28320.000000 -845931.062500 794.528206 3.597500 3.345931 16.573914
 28340.000000 -845607.250000 788.674572 3.424620 3.343610 16.163023
 28360.000000 -843946.625000 793.272572 3.438099 3.219530 16.107578
 28380.000000 -844165.312500 794.515167 3.593316 3.260203 16.362982
 28400.000000 -844213.125000 794.455088 3.492536 3.364734 16.235791
 28420.000000 -844825.000000 793.205878 3.604486 3.477645 16.292275
 28440.000000 -843580.562500 797.719074 3.314130 3.203755 16.484986
 28460.000000 -844644.000000 794.220127 3.587159 3.492974 16.315975
 28480.000000 -844051.312500 794.590707 3.476788 3.476900 16.199004
 28500.000000 -843385.875000 794.365135 3.508896 3.244901 16.368056
 28520.000000 -843693.625000 793.191007 3.325618 3.384703 16.516347
 28540.000000 -844081.062500 795.051051 3.211143 3.544643 16.630390
 28560.000000 -844335.000000 796.646177 3.300078 3.171640 16.836335
 28580.000000 -844099.812500 793.436736 3.414465 3.252257 16.554852
 28600.000000 -844739.750000 793.362063 3.469137 3.630134 16.365958
 28620.000000 -845579.125000 792.238518 3.469951 3.955218 16.203995
 28640.000000 -842002.875000 794.019483 3.310846 3.348623 16.289894
 28660.000000 -844205.312500 796.036781 3.737034 3.347038 16.254056
 28680.000000 -844242.687500 797.221205 3.520216 3.471309 16.315520
 28700.000000 -843686.562500 796.173224 3.471350 3.571470 16.140880
 28720.000000 -844759.437500 792.089343 3.594885 3.305826 16.426394
 28740.000000 -844295.187500 793.855291 3.442392 3.626084 16.431681
 28760.000000 -844920.437500 792.970333 3.417938 3.542864 16.474393
 28780.000000 -845219.562500 793.799918 3.332471 3.450091 16.490838
 28800.000000 -845191.875000 794.303389 3.509714 3.289364 16.593904
 28820.000000 -846326.437500 793.944909 3.708724 3.463572 16.481298
 28840.000000 -843964.625000 793.869182 3.417831 3.305670 16.511847
 28860.000000 -843389.500000 793.160287 3.253679 3.398551 16.303186
 28880.000000 -843862.125000 794.459012 3.322284 3.652720 16.382406
 28900.000000 -842915.750000 794.745850 3.468911 3.613382 16.359305
 28920.000000 -845774.062500 794.707519 3.405135 3.148045 16.241081
 28940.000000 -845802.250000 792.966177 3.341828 3.232356 16.583897
 28960.000000 -846323.250000 793.378691 3.442655 3.590870 16.587755
 28980.000000 -844631.875000 791.597122 3.294323 3.517393 16.287735
 29000.000000 -844171.750000 794.059466 3.295883 3.188214 16.456825
 29020.000000 -843417.500000 790.971660 3.493233 3.097655 16.578006
 29040.000000 -845041.500000 793.770681 3.632544 3.345548 16.566073
 29060.000000 -843584.250000 793.086472 3.328681 3.640866 16.534544
 29080.000000 -844437.875000 793.915360 3.340043 3.651895 16.555082
 29100.000000 -844672.812500 792.436826 3.512570 3.435985 16.582721
 29120.000000 -846250.437500 792.490684 3.760225 3.529387 16.577385
 29140.000000 -843477.687500 793.044024 3.382149 3.373804 16.711181
 29160.000000 -845911.937500 794.099003 3.175569 3.544424 16.530864
 29180.000000 -846079.625000 793.868902 3.326412 3.679537 16.274528
 29200.000000 -844573.437500 791.739463 3.598843 3.454188 16.328105
 29220.000000 -844273.562500 794.311122 3.086986 3.231396 16.665150
 29240.000000 -843853.250000 795.125176 3.021177 3.291771 16.675710
 29260.000000 -845239.312500 793.531928 3.172710 3.165622 16.556996
 29280.000000 -845625.937500 793.112641 3.370383 3.252392 16.332205
 29300.000000 -844659.687500 794.566655 3.648768 3.169583 16.501997
 29320.000000 -845393.000000 793.479206 3.816021 3.229163 16.692324
 29340.000000 -845792.812500 792.501426 3.770155 3.528929 16.725303
 29360.000000 -843688.625000 795.043616 3.567661 3.485694 16.789205
 29380.000000 -844186.750000 794.216050 3.594957 3.165201 16.731894
 29400.000000 -845075.062500 794.305110 3.560477 3.276990 16.400913
 29420.000000 -844086.062500 795.450303 3.364404 3.348182 16.593112
 29440.000000 -844951.812500 794.152518 3.441713 3.547350 16.628941
 29460.000000 -845014.625000 795.004822 3.291878 3.350838 16.710270
 29480.000000 -844818.250000 793.669728 3.310662 3.116659 16.020301
 29500.000000 -843754.437500 794.946567 3.658395 3.294572 16.328388
 29520.000000 -844440.750000 791.259981 3.661718 3.273418 16.552210
 29540.000000 -843580.187500 795.247278 3.397345 3.253021 16.631127
 29560.000000 -843565.375000 793.332796 3.524461 3.238051 16.587336
 29580.000000 -845182.000000 792.979326 3.602170 3.150878 16.536813
 29600.000000 -845224.562500 791.387903 3.598547 3.486928 16.533125
 29620.000000 -842777.937500 795.202810 3.469070 3.450017 16.450628
 29640.000000 -842988.250000 796.613652 3.360750 3.724903 16.408652
 29660.000000 -845394.500000 792.470583 3.205448 3.420762 16.295708
 29680.000000 -843165.937500 794.393776 3.396996 3.477549 16.588515
 29700.000000 -843156.375000 795.018166 3.466044 3.334904 16.546984
 29720.000000 -846023.625000 794.513443 3.523793 3.318217 16.444073
 29740.000000 -843964.812500 797.042235 3.393981 3.296596 16.839408
 29760.000000 -845689.375000 793.872042 2.911216 3.328749 16.341502
 29780.000000 -844021.250000 793.893216 3.157978 3.315225 16.622017
 29800.000000 -844978.937500 794.838722 3.123587 3.437979 16.397652
 29820.000000 -843421.062500 793.803547 3.169062 3.638461 16.393633
 29840.000000 -843706.500000 792.310813 3.465607 3.385762 16.506059
 29860.000000 -843065.500000 794.471951 3.566739 3.165978 16.626949
 29880.000000 -843703.062500 795.565134 3.416446 3.365619 16.587677
 29900.000000 -844854.625000 796.711750 3.406140 3.212670 16.401547
 29920.000000 -842083.062500 794.647309 3.414451 3.157095 16.428849
 29940.000000 -844479.687500 792.989263 3.385570 3.190373 16.381129
 29960.000000 -843820.312500 792.657792 3.414978 3.312089 16.467229
 29980.000000 -843315.125000 794.656098 3.533486 3.385735 16.358464
 30000.000000 -844346.312500 793.940929 3.274841 3.413013 16.310805
 30020.000000 -845064.250000 794.716329 3.223634 3.337772 16.044382
 30040.000000 -843912.562500 794.258543 3.200647 3.484837 16.558527
 30060.000000 -845170.062500 793.993713 2.897621 3.353475 16.340858
 30080.000000 -843675.687500 792.409010 3.213925 3.501199 16.331958
 30100.000000 -845093.437500 795.368595 3.370247 3.594126 16.410522
 30120.000000 -844640.687500 791.132200 3.521053 3.407846 16.375708
 30140.000000 -843948.375000 795.587336 3.519064 3.127181 16.445846
 30160.000000 -843424.375000 797.642545 3.298035 3.419324 16.613006
 30180.000000 -843565.500000 793.926040 3.224681 3.423480 16.578337
 30200.000000 -845935.062500 791.944680 3.509816 3.230158 16.517029
 30220.000000 -844592.437500 793.693681 3.467203 3.285448 16.531963
 30240.000000 -843423.437500 793.676000 3.358664 3.395877 16.425400
 30260.000000 -844437.937500 791.204214 3.392542 3.549263 16.628186
 30280.000000 -844180.687500 794.623312 3.495450 3.623089 16.734763
 30300.000000 -845435.437500 795.024700 3.464306 3.379349 16.674567
 30320.000000 -845772.625000 792.958076 3.595112 3.346739 16.571076
 30340.000000 -844518.562500 792.925784 3.374341 3.584238 16.413536
 30360.000000 -843284.687500 795.689329 3.277464 3.328958 16.347622
 30380.000000 -843729.625000 795.005342 3.511128 3.187310 16.409883
 30400.000000 -846233.437500 795.167646 3.388353 3.216096 16.512458
 30420.000000 -843969.062500 794.913853 3.179910 3.283482 16.613311
 30440.000000 -844763.250000 794.634325 3.446518 3.491681 16.424489
 30460.000000 -844863.687500 792.790840 3.458492 3.364917 16.634691
 30480.000000 -843664.500000 792.833396 3.332936 3.414765 16.673421
 30500.000000 -842430.687500 795.992437 3.521144 3.826999 16.544541
 30520.000000 -842865.125000 794.115292 3.448777 3.666425 16.455792
 30540.000000 -843063.187500 795.621279 3.288757 3.256940 16.604584
 30560.000000 -844411.750000 793.927197 3.284576 3.339911 16.462248
 30580.000000 -843685.500000 793.835155 3.393078 3.107758 16.352320
 30600.000000 -845778.125000 792.299325 3.421052 3.302825 16.790021
 30620.000000 -846486.062500 793.308868 3.348109 3.307898 16.591957
 30640.000000 -846314.125000 790.024939 3.483365 3.248067 16.744032
 30660.000000 -844834.500000 795.215336 3.660541 3.038426 16.182940
 30680.000000 -844380.625000 793.806401 3.773194 3.124635 16.026577
 30700.000000 -843389.625000 793.718301 3.470007 3.445542 16.464698
 30720.000000 -845058.062500 793.579243 3.415257 3.510657 16.301220
 30740.000000 -844526.937500 792.529629 3.445159 3.419009 16.320644
 30760.000000 -844238.687500 793.985911 3.538546 3.328481 16.320553
 30780.000000 -844196.875000 797.289415 3.493644 3.347237 16.452692
 30800.000000 -842584.875000 795.141150 3.576449 3.458849 16.591150
 30820.000000 -843803.187500 793.447213 3.379082 3.518512 16.736648
 30840.000000 -843012.875000 798.087336 3.447338 3.276805 16.749858
 30860.000000 -844104.125000 794.115068 3.609040 3.412268 16.518303
 30880.000000 -843787.062500 793.956011 3.786995 3.473739 16.279433
 30900.000000 -844807.750000 794.076366 3.774161 3.233588 16.562926
 30920.000000 -843414.000000 795.941848 3.768019 3.395293 16.704949
 30940.000000 -844676.375000 791.722982 3.427510 3.408458 16.581021
 30960.000000 -843892.250000 794.609134 3.346132 3.397387 16.681848
 30980.000000 -844240.500000 792.780251 3.343319 3.346614 16.621036
 31000.000000 -842626.625000 796.318178 3.501498 3.491097 16.550407
 31020.000000 -843820.625000 792.942720 3.311485 3.476173 16.313040
 31040.000000 -845415.000000 794.519362 3.020106 3.229479 16.645086
 31060.000000 -843830.125000 793.375428 3.131845 3.392806 16.541392
 31080.000000 -844778.937500 793.162037 3.204797 3.367734 16.557736
 31100.000000 -844576.125000 792.777574 3.323337 3.513108 16.765943
 31120.000000 -841901.687500 796.652100 3.315552 3.221837 16.667112
 31140.000000 -843462.062500 794.842894 3.174237 3.356404 16.568059
 31160.000000 -846152.937500 790.377009 2.949125 3.076469 16.691144
 31180.000000 -845224.812500 794.641897 3.300692 3.086026 16.342408
 31200.000000 -843798.562500 795.157340 3.443666 3.414715 16.253532
 31220.000000 -844931.375000 793.084396 3.243025 3.479160 16.297086
 31240.000000 -844003.500000 793.620448 3.104387 3.604216 16.338555
 31260.000000 -844618.500000 792.175447 3.241509 3.572912 16.423434
 31280.000000 -842798.437500 792.688177 3.230067 3.648067 16.608999
 31300.000000 -843944.687500 794.518920 3.617137 3.530841 16.613202
 31320.000000 -843860.125000 794.027816 3.623587 3.551763 16.629684
 31340.000000 -843812.937500 795.302678 3.450941 3.473050 16.530829
 31360.000000 -844973.500000 794.259558 3.339271 3.375140 16.518876
 31380.000000 -844067.437500 794.644015 3.377927 3.278390 16.415697
 31400.000000 -843607.937500 795.295643 3.376932 3.341521 16.706158
 31420.000000 -842833.812500 795.007012 3.078652 3.339646 16.441394
 31440.000000 -844484.750000 796.493049 3.258114 3.162015 16.546057
 31460.000000 -843315.625000 794.935552 3.211396 3.519917 16.279329
 31480.000000 -843336.000000 794.267090 3.344718 3.541608 16.360500
 31500.000000 -843887.875000 793.579359 3.683769 3.476197 16.354251
 31520.000000 -844486.687500 792.864696 3.761107 3.441816 16.409012
 31540.000000 -845775.625000 795.778893 3.587262 3.467266 16.246076
 31560.000000 -845861.312500 793.534071 3.577195 3.644288 16.160157
 31580.000000 -843837.250000 794.428131 3.259759 3.449768 16.317660
 31600.000000 -842810.187500 795.233860 3.221098 3.451848 16.535581
 31620.000000 -844666.875000 794.869790 3.322561 3.392451 16.213583
 31640.000000 -843494.750000 794.235533 3.280078 3.552996 16.329640
 31660.000000 -845821.750000 794.810132 3.530352 3.258137 16.547830
 31680.000000 -846316.937500 793.090606 3.498951 3.166671 16.408376
 31700.000000 -845303.375000 792.236131 3.374701 3.133035 16.571949
 31720.000000 -846434.875000 789.828652 3.191004 3.332397 16.634018
 31740.000000 -844246.312500 790.166458 3.403658 3.261254 16.843671
 31760.000000 -845342.875000 794.304244 3.302081 3.367584 16.408945
 31780.000000 -842475.562500 793.669530 3.117011 3.424355 16.402762
 31800.000000 -844982.750000 793.671886 3.220076 3.415623 16.470228
 31820.000000 -845037.562500 792.437280 3.127633 3.318626 16.737769
 31840.000000 -843073.500000 796.669117 3.217528 3.405702 16.694160
 31860.000000 -845227.937500 793.949413 3.291872 3.528066 16.595231
 31880.000000 -843858.625000 793.388138 3.376136 3.594536 16.492207
 31900.000000 -843688.187500 796.799413 3.422703 3.434353 16.512475
 31920.000000 -842915.375000 794.575131 3.275018 3.508954 16.475291
 31940.000000 -846159.062500 795.585934 3.395397 3.418645 16.504203
 31960.000000 -844274.812500 794.584635 3.625787 3.412321 16.364635
 31980.000000 -843978.625000 792.129259 3.587153 3.394095 16.236762
 32000.000000 -843597.750000 795.085375 3.469885 3.293367 16.395504
 32020.000000 -843242.375000 792.587123 3.426904 3.335587 16.707694
 32040.000000 -844440.187500 793.799336 3.600259 3.269596 16.625235
 32060.000000 -845379.187500 792.292308 3.725287 3.594529 16.327253
 32080.000000 -844175.687500 794.076057 3.664038 3.369258 16.389076
 32100.000000 -843817.500000 794.887214 3.668518 3.775896 16.380639
 32120.000000 -843433.125000 795.317625 3.634483 3.497674 16.410981
 32140.000000 -844721.625000 792.492327 3.349309 3.227632 16.178035
 32160.000000 -843161.750000 794.608396 3.485128 3.277525 16.366824
 32180.000000 -844135.562500 793.143026 3.493656 3.161524 16.511944
 32200.000000 -845958.312500 794.189433 3.379207 3.408834 16.824321
 32220.000000 -844832.375000 791.904482 3.449492 3.757715 16.620358
 32240.000000 -845469.937500 793.050196 3.728665 3.664372 16.481275
 32260.000000 -843673.312500 792.519019 3.736671 3.546297 16.494701
 32280.000000 -843831.937500 794.027995 3.527635 3.469805 16.494342
 32300.000000 -844044.062500 793.460037 3.470800 3.386782 16.515782
 32320.000000 -844494.625000 793.130709 3.622771 3.477932 16.440922
 32340.000000 -845581.375000 795.431517 3.318670 3.512671 16.209839
 32360.000000 -846939.812500 791.934617 3.411789 3.520495 16.400616
 32380.000000 -846314.000000 793.105934 3.469709 3.357428 16.548348
 32400.000000 -844549.250000 794.270912 3.436236 3.400817 16.297098
 32420.000000 -842368.562500 796.374011 3.458185 3.454040 16.428912
 32440.000000 -845127.062500 795.108078 3.528410 3.313211 16.524407
 32460.000000 -845148.937500 793.464960 3.476418 3.224508 16.495027
 32480.000000 -846394.750000 792.095343 3.351337 3.312558 16.601915
 32500.000000 -845087.875000 792.437135 3.217866 3.429369 16.317399
 32520.000000 -843180.812500 797.061148 3.189487 3.250875 16.393138
 32540.000000 -843377.937500 794.855321 3.136107 3.041581 16.368206
 32560.000000 -843124.187500 796.898808 3.037313 3.545228 16.557874
 32580.000000 -841641.062500 791.850121 3.507137 3.434545 16.354624
 32600.000000 -843375.187500 793.492431 3.122879 3.185616 16.248979
 32620.000000 -843340.875000 794.062626 3.481115 3.225508 16.365092
 32640.000000 -842823.625000 795.657211 3.820521 3.090155 16.192966
 32660.000000 -842795.000000 797.659430 3.448234 3.473878 16.298765
 32680.000000 -842619.312500 796.810754 3.240415 3.557331 16.350605
 32700.000000 -844342.062500 794.751665 3.187547 3.421980 16.484257
 32720.000000 -841869.437500 792.254978 3.242432 3.283764 16.593957
 32740.000000 -844537.250000 794.609910 3.367463 3.322368 16.517305
 32760.000000 -844303.875000 794.483767 3.357632 3.432615 16.536421
 32780.000000 -844293.562500 794.813901 3.478319 3.360050 16.610594
 32800.000000 -842696.312500 796.774102 3.292309 3.657672 16.689383
 32820.000000 -843773.187500 791.953462 3.076618 3.666421 16.595911
 32840.000000 -843524.500000 793.955178 3.286666 3.417245 16.520169
 32860.000000 -843782.937500 791.851505 3.432163 3.540427 16.365662
 32880.000000 -844917.687500 793.048007 3.485930 3.414124 16.293511
 32900.000000 -844939.812500 794.210977 3.418833 3.332583 16.325284
 32920.000000 -844721.062500 792.745391 3.506926 3.231709 16.388455
 32940.000000 -844356.000000 793.615181 3.398492 3.330518 16.239091
 32960.000000 -844493.187500 794.665477 3.503553 3.239423 16.207038
 32980.000000 -843829.062500 792.000722 3.418204 3.365853 16.431739
 33000.000000 -845501.062500 792.994483 3.387809 3.136648 16.431266
 33020.000000 -844643.437500 793.157611 3.341912 3.045253 16.515557
 33040.000000 -843722.625000 793.892331 3.337214 3.316811 16.873092
 33060.000000 -843729.687500 793.038644 3.378175 3.353836 16.929219
 33080.000000 -843433.312500 791.293391 3.251615 3.415322 16.437979
 33100.000000 -843011.062500 794.629499 3.577380 3.536580 16.543393
 33120.000000 -844058.062500 794.306613 3.729924 3.621018 16.653960
 33140.000000 -845153.000000 794.162279 3.514130 3.741876 16.632549
 33160.000000 -843433.125000 796.257505 3.344521 3.495110 16.526043
 33180.000000 -843361.937500 794.914557 3.348852 3.489253 16.368942
 33200.000000 -842611.125000 797.111725 3.337158 3.173187 16.189406
 33220.000000 -844293.812500 794.676319 3.389099 3.338714 16.377925
 33240.000000 -843600.812500 794.424933 3.313358 3.207661 16.610863
 33260.000000 -844559.687500 794.409537 3.479300 3.397178 16.606383
 33280.000000 -844218.000000 796.520263 3.439575 3.115246 16.602183
 33300.000000 -842980.875000 795.758400 3.390319 3.211857 16.515978
 33320.000000 -843731.625000 794.313749 3.310701 3.254514 16.755590
 33340.000000 -843951.500000 796.174254 3.326047 3.266619 16.661978
 33360.000000 -843770.500000 794.454840 3.401325 3.154074 16.595111
 33380.000000 -844937.312500 795.974260 3.471425 3.266259 16.781301
 33400.000000 -843503.812500 796.499746 3.389064 3.133155 16.339918
 33420.000000 -845207.000000 795.038454 3.584424 3.537999 16.624560
 33440.000000 -842568.187500 796.628161 3.617814 3.368559 16.492211
 33460.000000 -842845.187500 793.705012 3.605910 3.249774 16.459365
 33480.000000 -843900.250000 792.825036 3.629302 3.224508 16.819127
 33500.000000 -843986.000000 792.463173 3.376896 3.223418 16.653435
 33520.000000 -845035.312500 790.976664 3.739325 3.201035 16.806393
 33540.000000 -843168.687500 796.092296 3.449505 3.331725 16.661659
 33560.000000 -844606.562500 794.977707 3.425941 3.524358 16.589850
 33580.000000 -844611.250000 793.338423 3.436528 3.404342 16.545240
 33600.000000 -844928.250000 794.597031 3.315540 3.648689 16.574684
 33620.000000 -845020.437500 794.678959 3.609953 3.585101 16.439359
 33640.000000 -844213.500000 794.994230 3.550793 3.498858 16.411228
 33660.000000 -844041.750000 792.423476 3.438852 3.254454 16.423248
 33680.000000 -843217.812500 795.088319 3.459305 3.223588 16.556429
 33700.000000 -842717.875000 795.228116 3.585125 3.203421 16.439448
 33720.000000 -843109.625000 796.037513 3.485669 3.335036 16.232797
 33740.000000 -844986.062500 796.343298 3.422434 3.402003 16.183438
 33760.000000 -843494.937500 793.365612 3.280421 3.451593 16.459641
 33780.000000 -845539.937500 794.878530 3.476605 3.423932 16.548876
 33800.000000 -843555.625000 796.488707 3.385791 3.397568 16.622319
 33820.000000 -843797.312500 794.918743 3.418323 3.533297 16.595676
 33840.000000 -843918.375000 794.384553 3.526886 3.375536 16.655948
 33860.000000 -843389.937500 798.464836 3.307713 3.462230 16.532188
 33880.000000 -841920.187500 796.115894 3.223770 3.580750 16.608734
 33900.000000 -844354.062500 794.033978 3.278617 3.489019 16.462074
 33920.000000 -844203.000000 794.940792 3.391977 3.422076 16.357545
 33940.000000 -845387.875000 794.070558 3.681816 3.249115 16.631188
 33960.000000 -843811.250000 795.663222 3.556823 3.283789 16.535025
 33980.000000 -844187.500000 795.651282 3.445075 3.406610 16.260564
 34000.000000 -844428.062500 794.491416 3.495782 3.365579 16.219917
 34020.000000 -845555.250000 792.674441 3.326249 3.150661 16.522335
 34040.000000 -843861.125000 795.465464 3.472853 2.970381 16.377568
 34060.000000 -844865.750000 794.541813 3.286835 3.241293 16.255788
 34080.000000 -845170.812500 793.863012 3.309372 3.152467 16.531135
 34100.000000 -844956.187500 793.350512 3.279989 3.273385 16.327678
 34120.000000 -843043.125000 794.937616 3.203995 3.399717 16.199056
 34140.000000 -845239.125000 793.914129 3.448474 3.434656 16.306178
 34160.000000 -843634.812500 793.919187 3.541166 3.157839 16.462458
 34180.000000 -841981.125000 798.077984 3.445119 3.248452 16.601867
 34200.000000 -843999.125000 793.836465 3.664513 3.154476 16.437829
 34220.000000 -843469.875000 793.560738 3.630794 3.237372 16.597668
 34240.000000 -842943.125000 794.413960 3.426075 3.439005 16.495352
 34260.000000 -844254.812500 796.419567 3.522949 3.489267 16.292991
 34280.000000 -843400.062500 798.659901 3.500144 3.503637 16.404001
 34300.000000 -845252.812500 795.110647 3.312759 3.327316 16.649073
 34320.000000 -842303.937500 794.947556 3.173370 3.466339 16.479570
 34340.000000 -842375.187500 795.136762 3.364783 3.633522 16.538776
 34360.000000 -843133.187500 793.578699 3.510817 3.568081 16.595731
 34380.000000 -844005.812500 792.868128 3.275798 3.418201 16.273027
 34400.000000 -843061.562500 796.815517 3.464148 3.373929 16.385308
 34420.000000 -843129.562500 791.627631 3.193869 3.142970 16.465594
 34440.000000 -844861.812500 795.325987 3.415455 3.366491 16.495453
 34460.000000 -844288.687500 794.688717 3.249766 3.458624 16.404616
 34480.000000 -843970.437500 796.215510 3.272357 3.482147 16.655704
 34500.000000 -844558.437500 795.795250 3.367401 3.499875 16.307353
 34520.000000 -843711.812500 797.564530 3.190678 3.478118 16.138974
 34540.000000 -844692.750000 794.352875 3.204722 3.373287 16.413398
 34560.000000 -843112.750000 795.916267 3.341955 3.464651 16.278561
 34580.000000 -843622.625000 794.553004 3.497777 3.765676 16.449812
 34600.000000 -844572.375000 795.605198 3.263752 3.717240 16.458142
 34620.000000 -843067.562500 796.606589 3.323099 3.469946 16.503817
 34640.000000 -843353.125000 793.737882 3.264378 3.238789 16.674319
 34660.000000 -844648.562500 794.388189 3.433685 3.273029 16.587724
 34680.000000 -842608.812500 797.538082 3.004840 3.432662 16.598919
 34700.000000 -845008.687500 795.515789 3.345156 3.397878 16.491384
 34720.000000 -843801.937500 793.583192 3.467349 3.437939 16.818829
 34740.000000 -842911.062500 795.122598 3.366700 3.427510 16.596315
 34760.000000 -844665.750000 792.974708 3.180691 3.171355 16.689673
 34780.000000 -845789.125000 793.750320 3.134507 3.398788 16.413058
 34800.000000 -844691.500000 795.824357 3.308195 3.109957 16.378799
 34820.000000 -844060.125000 793.479907 3.361241 3.284596 16.251198
 34840.000000 -844120.375000 794.754246 3.272393 3.101995 16.312139
 34860.000000 -844073.125000 795.787201 3.050435 3.372869 16.508130
 34880.000000 -844747.000000 794.841291 3.229972 3.305958 16.638658
 34900.000000 -844335.562500 797.827361 3.271099 3.158902 16.356071
 34920.000000 -843649.937500 796.310243 3.444536 3.415449 16.730944
 34940.000000 -844383.437500 793.927259 3.234544 3.288168 16.459885
 34960.000000 -844339.812500 793.334186 3.458976 3.390607 16.680430
 34980.000000 -844386.000000 794.417746 3.471243 3.012147 16.520044
 35000.000000 -846028.687500 794.171885 3.467919 2.862621 16.489875
 35020.000000 -845176.375000 794.792302 3.219725 3.152774 16.630673
 35040.000000 -844604.187500 795.850733 3.299971 3.407309 16.700001
 35060.000000 -842612.875000 795.050330 3.383861 3.345768 16.408249
 35080.000000 -844307.000000 793.591883 3.237965 3.220868 16.586147
 35100.000000 -844207.312500 793.444327 3.298913 3.227999 16.514229
 35120.000000 -844552.812500 793.687790 3.643224 3.165556 16.218929
 35140.000000 -844882.437500 793.868941 3.371391 3.286797 16.596435
 35160.000000 -844040.937500 795.904494 3.390713 3.284212 16.814720
 35180.000000 -844323.500000 794.529681 3.358361 3.380891 16.690987
 35200.000000 -845290.187500 794.234647 3.362752 3.358702 16.496367
 35220.000000 -844373.875000 794.235415 3.360231 3.190239 16.275680
 35240.000000 -844140.687500 794.944685 3.399838 2.986097 16.528282
 35260.000000 -843300.000000 795.766950 3.421607 3.213056 16.528956
 35280.000000 -846587.937500 793.669047 3.221736 3.364478 16.350817
 35300.000000 -846676.250000 795.348638 3.172310 2.854329 16.485269
 35320.000000 -844105.437500 795.153517 3.123352 3.145119 16.716106
 35340.000000 -843270.625000 795.048378 3.361757 3.329463 16.865036
 35360.000000 -844200.750000 795.084927 3.540612 3.199237 16.355505
 35380.000000 -843500.187500 795.444688 3.297099 3.088561 16.362769
 35400.000000 -846311.187500 794.029555 3.231472 3.557816 16.392160
 35420.000000 -843033.500000 794.861103 3.769635 3.676464 16.389182
 35440.000000 -844116.062500 797.217510 3.726670 3.560187 16.403255
 35460.000000 -844282.812500 793.952843 3.916026 3.292315 16.398766
 35480.000000 -842221.625000 793.700754 3.577551 3.333357 16.674366
 35500.000000 -844386.312500 792.514214 3.417615 3.306973 16.609655
 35520.000000 -843323.750000 797.202688 3.326171 3.408895 16.418310
 35540.000000 -842929.062500 795.362318 3.458822 3.319342 16.618841
 35560.000000 -845079.375000 796.836676 3.425794 3.477761 16.545985
 35580.000000 -845154.187500 791.964267 3.330159 3.326648 16.168963
 35600.000000 -845372.687500 794.332495 3.301235 3.401509 16.478885
 35620.000000 -843745.125000 794.122229 3.267435 3.358480 16.516682
 35640.000000 -843858.812500 794.533414 3.237726 3.389858 16.530769
 35660.000000 -844522.687500 794.781898 3.615948 3.414234 16.417502
 35680.000000 -846179.750000 791.660257 3.679476 3.529116 16.511947
 35700.000000 -842740.750000 795.503011 3.572616 3.382871 16.369560
 35720.000000 -843305.250000 795.008788 3.371480 3.452280 16.505405
 35740.000000 -843360.312500 793.805974 3.512636 3.565578 16.488496
 35760.000000 -845239.062500 793.090019 3.293877 3.249997 16.563226
 35780.000000 -843658.562500 795.610743 3.289972 3.327361 16.567827
 35800.000000 -843884.062500 794.298038 3.383510 3.241498 16.590652
 35820.000000 -843233.125000 792.137616 3.615424 3.230060 16.693553
 35840.000000 -843758.875000 790.229790 3.557033 3.440056 16.705255
 35860.000000 -843771.062500 794.343816 3.492723 3.254927 16.580599
 35880.000000 -843954.687500 791.029109 3.587699 3.340111 16.496076
 35900.000000 -844113.125000 793.333959 3.533073 3.568402 16.536099
 35920.000000 -843885.250000 792.091686 3.113381 3.615859 16.786108
 35940.000000 -843789.125000 794.251753 3.240879 3.705002 16.605588
 35960.000000 -843922.500000 793.712682 3.551232 3.572110 16.612831
 35980.000000 -843158.062500 796.227167 3.382605 3.414386 16.510207
 36000.000000 -845469.375000 794.820071 3.219879 3.433068 16.388205
 36020.000000 -845011.062500 792.096169 3.401694 3.373436 16.896010
 36040.000000 -844050.562500 791.595117 3.503711 3.179443 16.370421
 36060.000000 -843648.750000 793.780245 3.850476 3.311651 16.320443
 36080.000000 -842625.937500 796.233383 3.402516 3.309551 16.506934
 36100.000000 -843980.687500 795.007122 3.416730 3.175545 16.379725
 36120.000000 -843739.187500 796.492792 3.377069 3.297342 16.722809
 36140.000000 -843331.687500 796.474499 3.548223 3.379693 16.634264
 36160.000000 -842510.750000 794.479126 3.560365 3.564381 16.565611
 36180.000000 -842723.062500 798.382586 3.497609 3.553919 16.289206
 36200.000000 -845732.062500 793.169071 3.336053 3.313344 16.538393
 36220.000000 -843280.375000 793.510373 3.239448 3.477970 16.557902
 36240.000000 -846069.562500 791.233795 3.322502 3.418488 16.386120
 36260.000000 -844031.062500 793.964804 3.444842 3.637183 16.427028
 36280.000000 -844360.312500 794.487561 3.528341 3.477139 16.432689
 36300.000000 -844247.625000 792.212406 3.335662 3.281767 16.475814
 36320.000000 -844561.562500 796.879548 3.435734 3.735919 16.510243
 36340.000000 -842534.875000 796.343414 3.148291 3.327434 16.508110
 36360.000000 -844351.562500 795.807049 3.466529 3.486192 16.393798
 36380.000000 -842979.312500 794.792468 3.249248 3.497884 16.789382
 36400.000000 -845933.750000 793.241540 3.589472 3.419217 16.509194
 36420.000000 -844486.187500 793.408614 3.411658 3.479252 16.505920
 36440.000000 -843413.500000 793.803703 3.424966 3.612769 16.520742
 36460.000000 -845075.875000 793.230164 3.450077 3.570323 16.730953
 36480.000000 -844715.125000 793.436314 3.323042 3.528119 16.795379
 36500.000000 -844135.125000 793.413568 3.545915 3.508919 16.738643
 36520.000000 -844882.062500 790.422967 3.776981 3.426125 16.451121
 36540.000000 -844163.500000 795.027345 3.385858 3.595895 16.406821
 36560.000000 -843644.687500 794.010897 3.498388 3.271219 16.655553
 36580.000000 -847393.812500 791.402150 3.501484 3.445600 16.546372
 36600.000000 -840906.812500 794.890214 3.186436 3.389998 16.686381
 36620.000000 -844241.875000 795.175927 3.217206 3.406779 16.542647
 36640.000000 -842811.875000 795.557341 3.516123 3.450779 16.280545
 36660.000000 -843446.812500 792.511449 3.392157 3.426276 16.596527
 36680.000000 -844007.000000 792.937763 3.313566 3.506546 16.058205
 36700.000000 -843792.687500 794.193168 3.474586 3.447550 16.400784
 36720.000000 -845896.500000 791.870810 3.684013 3.504711 16.272478
 36740.000000 -845357.250000 793.385756 3.516976 3.447954 16.207911
 36760.000000 -845629.562500 795.143314 3.351867 3.538775 16.404796
 36780.000000 -843447.187500 793.707139 3.417497 3.588585 16.207993
 36800.000000 -844228.562500 798.836130 3.520379 3.499908 16.186355
 36820.000000 -844144.375000 795.992012 3.528039 3.400080 16.359253
 36840.000000 -842871.312500 795.949550 3.563337 3.368257 16.814193
 36860.000000 -844298.187500 793.603896 3.731651 3.531527 16.674044
 36880.000000 -844426.687500 792.611125 3.437320 3.430824 16.579006
 36900.000000 -844972.875000 792.437889 3.352009 3.348911 16.692992
 36920.000000 -844303.750000 792.964335 3.369501 3.250712 16.666889
 36940.000000 -843690.625000 795.439796 3.650110 3.416298 16.342393
 36960.000000 -844490.500000 794.561179 3.719391 3.254732 16.583291
 36980.000000 -843760.250000 795.258034 3.812397 3.373145 16.654494
 37000.000000 -842371.937500 795.789412 3.359251 3.421556 16.740170
 37020.000000 -845101.500000 792.767967 3.463897 3.407757 16.812702
 37040.000000 -846627.625000 794.343686 3.296404 3.548645 16.431651
 37060.000000 -844849.687500 792.977831 3.309513 3.281606 16.587251
 37080.000000 -842146.062500 797.729826 3.056529 3.333098 6.299374
 37100.000000 -840075.500000 802.991128 2.409849 3.442714 9.268497
 37120.000000 -843438.750000 794.715443 3.128600 3.309941 11.778249
 37140.000000 -841047.625000 798.462524 3.082143 3.507747 14.633868
 37160.000000 -842610.312500 795.124183 3.346054 3.422949 15.894757
 37180.000000 -844458.062500 794.132042 3.356731 3.341472 16.243663
 37200.000000 -842028.312500 795.653291 3.334500 3.129950 16.412765
 37220.000000 -844079.375000 791.685477 3.122672 3.258802 16.303101
 37240.000000 -842153.500000 796.164619 3.568947 3.290794 16.337708
 37260.000000 -843608.125000 793.523374 3.557908 3.270331 16.289338
 37280.000000 -842978.812500 792.842973 3.358023 3.117707 16.374146
 37300.000000 -844180.500000 793.295403 3.352478 3.229016 16.480043
 37320.000000 -844132.562500 794.997572 3.398480 3.434890 16.387828
 37340.000000 -844155.625000 792.061956 3.441848 3.495528 16.484594
 37360.000000 -845418.562500 793.271936 3.443283 3.237516 16.404856
 37380.000000 -844092.750000 793.966919 3.274605 3.321375 16.341129
 37400.000000 -843901.125000 796.469912 3.288189 3.382999 16.437205
 37420.000000 -844807.000000 794.329155 3.667216 3.480509 16.541343
 37440.000000 -844385.750000 794.365461 3.463161 3.523500 16.689442
 37460.000000 -844392.687500 793.558142 3.463803 3.448137 16.710736
 37480.000000 -841962.437500 795.454514 3.676727 3.372289 16.572121
 37500.000000 -845022.687500 793.219360 3.680626 3.389052 16.466508
 37520.000000 -844838.562500 791.150325 3.257348 3.258237 16.563692
 37540.000000 -847446.125000 793.425472 3.185874 3.293639 16.577792
 37560.000000 -844074.812500 793.753584 3.108364 3.388652 16.479846
 37580.000000 -844660.875000 795.091585 3.439073 3.509341 16.288477
 37600.000000 -843623.125000 793.606288 3.408155 3.346616 16.375781
 37620.000000 -845043.750000 793.888980 3.157128 3.428907 16.515692
 37640.000000 -843126.250000 793.792339 3.159205 3.580277 16.605093
 37660.000000 -844870.250000 794.614862 3.295999 3.500392 16.440259
 37680.000000 -845030.500000 793.236970 3.462264 3.486345 16.311722
 37700.000000 -845814.250000 793.376536 3.759540 3.509835 16.689301
 37720.000000 -846035.812500 793.790799 3.642890 3.421744 16.741724
 37740.000000 -842537.562500 796.089880 3.569931 3.225962 16.319730
 37760.000000 -842214.937500 796.865545 3.471425 3.226559 16.727538
 37780.000000 -845164.750000 791.178528 3.519214 3.330349 16.711710
 37800.000000 -845206.125000 791.703839 3.438958 3.326447 16.765290
 37820.000000 -845374.500000 793.274871 3.374685 3.642815 16.592389
 37840.000000 -844769.062500 795.001554 3.356347 3.794304 16.612952
 37860.000000 -841700.687500 796.419744 3.415396 3.569980 16.764145
 37880.000000 -843494.062500 794.721799 3.137813 3.532340 16.461426
 37900.000000 -845705.937500 791.943270 3.236472 3.582182 16.404396
 37920.000000 -843249.812500 794.483362 3.324656 3.615047 16.638103
 37940.000000 -844586.437500 794.053858 3.334181 3.766997 16.625005
 37960.000000 -844555.125000 795.991846 3.256841 3.337284 16.618303
 37980.000000 -844577.312500 795.160876 3.521428 3.370255 16.386215
 38000.000000 -844785.125000 793.784625 3.589653 3.255319 16.470106
 38020.000000 -845224.187500 793.699949 3.412084 3.439124 16.419621
 38040.000000 -844023.625000 794.727887 3.396398 3.313409 16.504499
 38060.000000 -843162.875000 793.660635 3.626737 3.133237 16.436123
 38080.000000 -842232.062500 793.240687 3.631986 3.293181 16.473418
 38100.000000 -843867.375000 792.333839 3.497899 3.292452 16.706546
 38120.000000 -844946.750000 793.433507 3.441710 3.407760 16.458737
 38140.000000 -845865.000000 793.292964 3.500857 3.364037 16.269164
 38160.000000 -845260.500000 794.568549 2.961424 3.726281 16.477513
 38180.000000 -844630.187500 794.847649 3.282499 3.484809 16.590048
 38200.000000 -843270.125000 795.790950 3.432922 3.151181 16.290380
 38220.000000 -844711.937500 795.229682 3.238132 2.901330 16.503578
 38240.000000 -844409.937500 791.940281 3.350298 2.967820 16.417418
 38260.000000 -845445.187500 794.865577 3.187095 3.093381 16.456090
 38280.000000 -844957.687500 792.961713 3.048745 3.410647 16.298419
 38300.000000 -845277.437500 793.326223 3.049624 3.437795 16.368814
 38320.000000 -844001.687500 794.508816 3.130500 3.286383 16.630028
 38340.000000 -843519.375000 793.933726 3.299603 3.579904 16.554811
 38360.000000 -844710.750000 795.779473 3.047808 3.564862 16.452277
 38380.000000 -843463.562500 796.238735 3.174219 3.324626 16.369733
 38400.000000 -843840.125000 793.716767 3.242687 3.269201 16.455448
 38420.000000 -843750.625000 796.542561 3.397976 3.308274 16.543997
 38440.000000 -843660.750000 794.557394 3.220507 3.306842 16.566753
 38460.000000 -843793.937500 795.692613 3.252294 3.531924 16.425347
 38480.000000 -844283.250000 795.648917 3.254865 3.368870 16.645826
 38500.000000 -845122.875000 795.530178 3.132915 3.479070 16.399771
 38520.000000 -846216.750000 793.238544 3.160892 3.548922 16.657965
 38540.000000 -843675.187500 793.976682 2.819685 3.473182 16.604220
 38560.000000 -842728.312500 797.651659 3.110038 3.507226 16.754288
 38580.000000 -843196.187500 794.156803 3.319430 3.297357 16.768932
 38600.000000 -844110.062500 794.064277 3.347663 3.201444 16.384639
 38620.000000 -844607.250000 792.787361 3.415135 3.337760 16.435989
 38640.000000 -843911.812500 793.307272 3.545192 3.538360 16.245683
 38660.000000 -843852.562500 794.622987 3.506327 3.449570 16.244019
 38680.000000 -844001.062500 794.375950 3.308077 3.535931 16.238975
 38700.000000 -844434.437500 793.214588 3.560766 3.500375 16.037538
 38720.000000 -843137.375000 796.614187 3.496915 3.464495 16.381145
 38740.000000 -843257.937500 794.361700 3.490796 3.294456 16.575600
 38760.000000 -842906.000000 795.837945 3.347075 3.381472 16.820266
 38780.000000 -844369.312500 793.063688 3.396342 3.334877 16.394596
 38800.000000 -845317.687500 792.013677 3.437174 3.582010 16.292563
 38820.000000 -843974.187500 795.631989 3.369294 3.241805 16.537797
 38840.000000 -844762.125000 793.376538 3.378639 3.519913 16.390937
 38860.000000 -842851.937500 793.009228 3.326566 2.992896 16.615612
 38880.000000 -843303.750000 794.667482 3.606613 3.051674 16.149422
 38900.000000 -845152.625000 794.169499 3.613609 3.506368 16.256932
 38920.000000 -843234.437500 795.006256 3.471779 3.494035 16.303162
 38940.000000 -842888.625000 795.223817 3.308167 3.383251 16.579435
 38960.000000 -843985.062500 794.601565 3.353570 3.341615 16.345766
 38980.000000 -844025.937500 798.115351 3.340523 3.291002 16.523673
 39000.000000 -842754.125000 793.520665 3.133877 3.411066 16.722956
 39020.000000 -844201.625000 794.733081 3.130431 3.265566 16.595974
 39040.000000 -844864.000000 793.060514 3.482157 3.200993 16.577116
 39060.000000 -844375.562500 792.346774 3.501751 3.507055 16.589091
 39080.000000 -845953.750000 793.658694 3.603508 3.360218 16.716438
 39100.000000 -844429.375000 793.225071 3.698486 3.166838 16.659388
 39120.000000 -842652.875000 795.315174 3.498267 3.320058 16.468442
 39140.000000 -846677.312500 793.458228 3.591910 3.413686 16.437512
 39160.000000 -846765.500000 792.669477 3.619286 3.589736 16.476279
 39180.000000 -842345.062500 794.300333 3.656681 3.479344 16.424449
 39200.000000 -843754.250000 793.324337 3.455968 3.458689 16.422391
 39220.000000 -844378.500000 795.200531 3.506185 3.557645 16.059581
 39240.000000 -845171.375000 794.118224 3.499297 3.386106 16.307691
 39260.000000 -844861.125000 791.205984 3.329818 3.509025 16.430461
 39280.000000 -845991.625000 790.443730 3.298740 3.433946 16.611194
 39300.000000 -844756.062500 793.444166 3.137850 3.285312 16.576226
 39320.000000 -843626.750000 793.465914 3.444239 3.586865 16.715205
 39340.000000 -844478.250000 797.464488 3.224074 3.267709 16.500273
 39360.000000 -842990.000000 794.960936 3.374010 3.417877 16.479107
 39380.000000 -843407.187500 795.257402 3.264330 3.373283 16.902045
 39400.000000 -843837.125000 795.659070 3.488366 3.571193 16.633184
 39420.000000 -844921.937500 795.522301 3.538783 3.550665 16.498011
 39440.000000 -843827.812500 794.068956 3.449324 3.520580 16.474138
 39460.000000 -844737.625000 792.719108 3.275740 3.476871 16.398069
 39480.000000 -845388.000000 794.272378 3.142702 3.702455 16.365710
 39500.000000 -845458.312500 792.403987 3.098660 3.562073 16.481486
 39520.000000 -845467.687500 793.779459 3.152237 3.426794 16.525422
 39540.000000 -845092.812500 793.418097 3.268422 3.390523 16.566560
 39560.000000 -843736.812500 791.540059 3.667601 3.168942 16.638560
 39580.000000 -842414.250000 794.294515 3.748719 3.298527 16.528855
 39600.000000 -844842.125000 792.175113 3.565386 3.290525 16.649284
 39620.000000 -844826.562500 792.474487 3.278072 3.540255 16.789316
 39640.000000 -844678.187500 793.846389 3.259524 3.667602 16.514215
 39660.000000 -844974.062500 794.464993 3.485581 3.234323 16.333602
 39680.000000 -843467.625000 794.041235 3.430345 3.438130 16.351038
 39700.000000 -845640.875000 795.246447 3.302313 3.427960 16.478166
 39720.000000 -843477.000000 793.711757 3.148974 3.473182 16.435014
 39740.000000 -842892.250000 793.924676 3.011253 3.483953 16.504045
 39760.000000 -843947.375000 793.565367 3.397363 3.367317 16.565107
 39780.000000 -843407.250000 794.929166 3.450318 3.406829 16.603220
 39800.000000 -842704.687500 794.483031 3.507883 3.391710 16.703065
 39820.000000 -843534.187500 794.492479 3.236087 3.460801 16.513070
 39840.000000 -844617.312500 793.407737 3.041992 3.563396 16.621448
 39860.000000 -844309.437500 790.903922 3.246126 3.284494 16.773846
 39880.000000 -844981.812500 792.999216 3.219797 3.353164 16.918238
 39900.000000 -847010.062500 793.696074 3.351914 3.448291 16.899784
 39920.000000 -845773.500000 792.940172 3.424320 3.394156 16.648675
 39940.000000 -846339.437500 791.188004 3.331095 3.615877 16.644130
 39960.000000 -846885.062500 792.739796 3.394694 3.437415 16.368424
 39980.000000 -845504.312500 793.315520 3.319805 3.263149 16.471500
 40000.000000 -844260.312500 794.109221 3.529604 3.240272 16.785509
 40020.000000 -844455.312500 790.721992 3.553053 3.271120 16.655349
 40040.000000 -845684.937500 795.767960 3.456573 3.360163 16.354412
 40060.000000 -844643.812500 792.198127 3.529919 3.552177 16.363990
 40080.000000 -844209.312500 794.634221 3.411321 3.523376 16.439748
 40100.000000 -845185.875000 793.206999 3.443299 3.386200 16.407081
 40120.000000 -844244.375000 794.631061 3.403076 3.414001 16.587295
 40140.000000 -843031.937500 793.818137 3.363615 3.068717 16.502691
 40160.000000 -844104.437500 792.359952 3.307434 3.297732 16.440929
 40180.000000 -843193.187500 794.402057 3.246394 3.468596 16.554390
 40200.000000 -845247.000000 793.186777 3.230413 3.328423 16.407011
 40220.000000 -844628.312500 794.628628 3.366522 3.287253 16.412853
 40240.000000 -844636.812500 791.349015 3.489287 3.145262 16.595032
 40260.000000 -844145.812500 794.890077 3.426210 2.944257 16.808671
 40280.000000 -844971.000000 792.121578 3.145414 3.144929 16.472923
 40300.000000 -845903.312500 792.804247 3.359302 3.310310 16.543194
 40320.000000 -842042.875000 796.832315 3.682088 3.442443 16.335241
 40340.000000 -845113.125000 794.675572 3.403811 3.431478 16.383701
 40360.000000 -843810.125000 795.608356 3.521687 3.338677 16.279313
 40380.000000 -842621.812500 794.260549 3.326467 3.250101 16.504414
 40400.000000 -846000.125000 794.171607 3.257849 3.187590 16.350563
 40420.000000 -843515.250000 792.990471 3.489873 3.062736 16.093844
 40440.000000 -844923.937500 796.396575 3.581717 3.250878 16.179516
 40460.000000 -844027.625000 792.505733 3.354683 3.614042 16.222252
 40480.000000 -844464.312500 793.473904 3.422171 3.501310 16.609535
 40500.000000 -846005.250000 793.434194 3.646683 3.245667 16.286423
 40520.000000 -843990.562500 792.813974 3.377361 3.268822 16.099409
 40540.000000 -843375.000000 795.907710 3.384395 3.281467 16.427539
 40560.000000 -842063.937500 796.523225 3.214759 3.520357 16.636242
 40580.000000 -844575.875000 794.786284 3.169269 3.497899 16.357645
 40600.000000 -844801.750000 793.056728 3.258713 3.464600 16.430539
 40620.000000 -843284.250000 794.379301 3.334894 3.635488 16.506781
 40640.000000 -844654.187500 792.474732 3.431476 3.743252 16.522317
 40660.000000 -844537.375000 794.046262 3.439242 3.681129 16.622834
 40680.000000 -845802.000000 792.645049 3.611174 3.503292 16.464322
 40700.000000 -844913.500000 792.769705 3.539807 3.513229 16.574538
 40720.000000 -843238.687500 792.382494 3.457918 3.564555 16.529548
 40740.000000 -845119.062500 795.625048 3.515131 3.424484 16.743586
 40760.000000 -845638.625000 790.720470 3.316658 3.448900 16.813978
 40780.000000 -843805.625000 793.840626 3.345833 3.450212 16.716232
 40800.000000 -846434.687500 794.987106 3.123103 3.152061 16.584371
 40820.000000 -845900.562500 793.102454 3.449887 3.277684 16.752760
 40840.000000 -842474.187500 800.462887 2.780855 3.110088 8.084275
 40860.000000 -842349.125000 798.191374 2.907857 2.815696 13.039266
 40880.000000 -843556.625000 794.532785 3.129502 3.017263 15.197250
 40900.000000 -843485.750000 794.714948 3.295165 3.204607 16.175553
 40920.000000 -842459.875000 795.313035 3.211469 3.376336 16.422349
 40940.000000 -845431.250000 791.415621 3.330386 3.515931 16.293961
 40960.000000 -843762.062500 795.701756 3.319277 3.359757 16.304854
 40980.000000 -843481.437500 796.957619 3.435087 3.255483 16.414698
 41000.000000 -842746.125000 795.943994 3.276685 3.325783 16.387098
 41020.000000 -843533.375000 791.386563 3.338269 3.430985 16.753335
 41040.000000 -842537.312500 795.531276 3.580083 3.480900 16.431134
 41060.000000 -843989.687500 792.794117 3.661058 3.216311 16.323716
 41080.000000 -844711.562500 794.503391 3.468586 3.322575 16.323574
 41100.000000 -843716.250000 795.711556 3.187745 3.598785 16.127172
 41120.000000 -844723.562500 793.870156 3.453303 3.407163 16.716991
 41140.000000 -843905.312500 793.401337 3.579008 3.260809 16.893996
 41160.000000 -844237.062500 793.539734 3.429255 3.217082 16.715005
 41180.000000 -845141.750000 790.292151 3.283652 3.414033 16.437414
 41200.000000 -844583.062500 793.467581 3.640537 3.216949 16.561288
 41220.000000 -844033.437500 794.663868 3.597620 3.542792 16.348691
 41240.000000 -844839.437500 794.844695 3.343258 3.476944 16.404245
 41260.000000 -844429.500000 795.330278 3.440060 3.566319 16.453408
 41280.000000 -842831.125000 795.428627 3.117773 3.283020 16.219147
 41300.000000 -842702.187500 796.037008 3.239268 3.063664 16.128882
 41320.000000 -843997.062500 793.670544 3.161428 3.218583 16.405009
 41340.000000 -844343.812500 794.301357 3.305956 3.192658 16.194829
 41360.000000 -845635.250000 793.053166 3.447800 3.168550 16.509523
 41380.000000 -842683.000000 793.807940 3.441497 3.165523 16.559402
 41400.000000 -845163.687500 793.809870 3.847340 3.621324 16.601499
 41420.000000 -844994.687500 795.497677 3.158941 3.341621 16.522230
 41440.000000 -845884.250000 792.654682 3.523539 3.267975 16.309024
 41460.000000 -842912.937500 794.582625 3.682985 3.332750 16.285338
 41480.000000 -843022.687500 797.652616 3.823085 3.426232 16.520636
 41500.000000 -844767.562500 794.503734 3.433732 3.349119 16.476517
 41520.000000 -846285.062500 790.523042 3.454285 3.336993 16.204491
 41540.000000 -842729.312500 796.060899 3.169671 3.368808 16.241188
 41560.000000 -844240.000000 791.773149 3.603173 3.265434 16.100246
 41580.000000 -843937.750000 793.296070 3.534528 3.392953 16.309896
 41600.000000 -844370.812500 795.292549 3.404735 3.438925 16.174498
 41620.000000 -845282.250000 793.433548 3.242728 3.452190 16.558785
 41640.000000 -844805.937500 796.617971 3.226608 3.489533 16.849940
 41660.000000 -842804.875000 796.462258 3.310323 3.592790 16.545194
 41680.000000 -844665.250000 793.552161 3.381949 3.317653 16.652819
 41700.000000 -843139.125000 795.112347 3.486265 3.483409 16.475802
 41720.000000 -846849.250000 790.327185 3.423016 3.473589 16.376632
 41740.000000 -843774.125000 794.586813 3.302987 3.666533 16.313367
 41760.000000 -844743.562500 794.081849 3.267951 3.492830 16.428677
 41780.000000 -842263.187500 795.712404 3.376447 3.366573 16.845467
 41800.000000 -844667.500000 795.379909 3.323718 3.155993 16.790054
 41820.000000 -843382.625000 796.042691 3.328096 3.310132 16.871903
 41840.000000 -843616.250000 797.827242 3.279465 3.240207 16.520128
 41860.000000 -845014.562500 793.777538 3.388923 3.390698 16.577404
 41880.000000 -844166.187500 794.339170 3.485069 3.115079 16.797309
 41900.000000 -844648.875000 794.995240 3.276025 3.389664 16.598563
 41920.000000 -844842.375000 792.334174 3.360567 3.354864 16.650435
 41940.000000 -844033.750000 794.231980 3.409032 3.368241 16.545607
 41960.000000 -843448.625000 794.067116 3.097956 3.640236 16.400750
 41980.000000 -843153.562500 794.385829 3.145660 3.388161 16.465063
 42000.000000 -844634.437500 795.598959 3.343198 3.344892 16.410836
 42020.000000 -844420.625000 794.679495 3.684848 3.218376 16.386816
 42040.000000 -845819.875000 794.169584 3.782042 3.163057 16.438727
 42060.000000 -842140.687500 794.175445 3.532011 3.516824 16.511099
 42080.000000 -842526.687500 796.136561 3.459391 3.533471 16.357641
 42100.000000 -844182.625000 792.988909 3.620644 3.592027 16.203020
 42120.000000 -843290.500000 793.596734 3.843982 3.389426 16.406776
 42140.000000 -843524.562500 792.771332 3.555133 3.108957 16.132271
 42160.000000 -844202.375000 791.774583 3.600749 3.147185 16.215460
 42180.000000 -845265.812500 795.002061 3.490589 3.110168 16.141450
 42200.000000 -843822.937500 794.481771 3.324750 3.558220 16.381786
 42220.000000 -844882.687500 792.966665 3.166576 3.356491 16.559420
 42240.000000 -844285.125000 791.514810 3.435557 3.447063 16.623872
 42260.000000 -843083.687500 794.692752 3.157762 3.358289 16.242952
 42280.000000 -845527.000000 792.355738 3.325055 3.327823 16.501685
 42300.000000 -843863.875000 794.443376 3.437981 2.988550 16.439883
 42320.000000 -844708.625000 794.278647 3.659175 3.271457 16.456772
 42340.000000 -845232.812500 793.006313 3.329749 3.469609 16.505070
 42360.000000 -845015.312500 794.703351 3.201535 3.538594 16.530462
 42380.000000 -844960.312500 794.827865 3.457057 3.544163 16.628822
 42400.000000 -846125.437500 792.247216 3.432907 3.574645 16.498835
 42420.000000 -843185.562500 794.242278 3.269231 3.764798 16.712905
 42440.000000 -844167.250000 796.902813 3.444679 3.541506 16.265602
 42460.000000 -843476.250000 794.602032 3.569190 3.520303 16.507108
 42480.000000 -842876.562500 794.515586 3.519487 3.510090 16.353452
 42500.000000 -843021.125000 796.001383 3.704316 3.462703 16.423202
 42520.000000 -844672.375000 792.446431 3.639400 3.421991 16.477124
 42540.000000 -844884.500000 792.140360 3.876621 3.243221 16.617713
 42560.000000 -845948.250000 793.511081 3.429795 3.353192 16.567754
 42580.000000 -842884.437500 792.798576 3.189460 3.200730 16.314884
 42600.000000 -845834.000000 792.498214 3.275919 3.295486 16.661576
 42620.000000 -843184.437500 794.692604 3.532488 3.418495 16.446655
 42640.000000 -844911.312500 793.063530 3.551941 3.317961 16.454879
 42660.000000 -848173.750000 791.960807 3.258614 3.358072 16.396176
 42680.000000 -844097.687500 794.568335 3.278938 3.493151 16.483485
 42700.000000 -846183.250000 795.277800 3.267168 3.366426 16.508700
 42720.000000 -845957.250000 791.975144 3.550519 3.507111 16.202936
 42740.000000 -845599.250000 792.144782 3.520057 3.523070 16.222890
 42760.000000 -843546.250000 796.430162 3.576192 3.282118 16.175549
 42780.000000 -844604.062500 793.718835 3.613286 3.246881 16.353330
 42800.000000 -842949.875000 795.100584 3.473546 3.526920 16.297741
 42820.000000 -845218.125000 796.148807 3.321583 3.516971 16.295694
 42840.000000 -846162.375000 795.066527 3.437665 3.346857 16.240445
 42860.000000 -843948.375000 794.194930 3.389737 3.314901 16.523339
 42880.000000 -844530.250000 792.781741 3.134089 3.449698 16.524843
 42900.000000 -845127.750000 794.091743 3.079750 3.419180 16.649809
 42920.000000 -843622.312500 793.062628 3.302562 3.415787 16.550657
 42940.000000 -845192.812500 793.002280 3.657647 3.256046 16.582921
 42960.000000 -843706.937500 795.685885 3.665552 3.421611 16.541478
 42980.000000 -846570.500000 793.547437 3.541564 3.643438 16.355748
 43000.000000 -845790.250000 790.830458 3.432041 3.474506 16.541887
 43020.000000 -843165.187500 792.685100 3.393058 3.402931 16.847482
 43040.000000 -842683.375000 796.675037 3.119283 3.406199 16.886152
 43060.000000 -844628.500000 796.392472 3.380364 3.555977 16.521750
 43080.000000 -845092.562500 795.441200 3.420337 3.277536 16.610951
 43100.000000 -844012.312500 794.094532 3.367342 3.315966 16.506202
 43120.000000 -844353.375000 791.591342 3.410727 3.266488 16.462134
 43140.000000 -845713.250000 792.104649 3.521595 3.125871 16.494780
 43160.000000 -844579.625000 792.695381 3.317549 3.428466 16.585318
 43180.000000 -843905.875000 794.907338 3.404143 3.566079 16.392366
 43200.000000 -843837.812500 794.486298 3.358492 3.380759 16.102699
 43220.000000 -843554.750000 795.375784 3.420254 3.447310 16.252846
 43240.000000 -843467.125000 793.516836 3.327442 3.601332 16.324837
 43260.000000 -844241.937500 793.354512 3.543481 3.330578 16.521388
 43280.000000 -844139.437500 792.852021 3.672540 3.265072 16.409334
 43300.000000 -843919.312500 794.313330 3.710675 3.429094 16.397066
 43320.000000 -844814.312500 794.823853 3.618369 3.382499 16.475054
 43340.000000 -844251.562500 792.952525 3.631750 3.403601 16.471412
 43360.000000 -843798.812500 792.028670 3.679354 3.207191 16.372383
 43380.000000 -844512.937500 794.947288 3.439576 3.293428 16.503694
 43400.000000 -845950.812500 794.594450 3.468381 3.546420 16.344566
 43420.000000 -845442.062500 792.781975 3.671274 3.482761 16.304899
 43440.000000 -845222.000000 792.345683 3.518049 3.354160 16.437413
 43460.000000 -844970.187500 792.181717 3.603709 3.267897 16.180186
 43480.000000 -842370.375000 797.048095 3.309099 3.324154 16.187094
 43500.000000 -844430.625000 794.467075 3.293390 3.184026 16.323689
 43520.000000 -843932.250000 794.754300 3.453230 3.280521 16.382449
 43540.000000 -845585.062500 794.695074 3.396209 3.466683 16.365241
 43560.000000 -845261.125000 794.659261 3.566286 3.559981 16.513566
 43580.000000 -843269.062500 794.730414 3.681616 3.499057 16.275299
 43600.000000 -844291.437500 792.763679 3.277304 3.658488 16.390603
 43620.000000 -844849.500000 793.184527 3.332615 3.554713 16.584431
 43640.000000 -842618.812500 794.489739 3.253178 3.500493 16.376135
 43660.000000 -844910.375000 791.557959 3.086177 3.537661 16.313572
 43680.000000 -843615.312500 792.298312 3.146209 3.587300 16.311793
 43700.000000 -843608.250000 796.513065 3.248830 3.344751 16.250741
 43720.000000 -844857.437500 793.240271 3.233098 3.411052 16.427974
 43740.000000 -844966.000000 795.615345 3.166792 3.546495 16.616170
 43760.000000 -842760.562500 795.279520 3.030708 3.388203 16.595287
 43780.000000 -842655.312500 793.760595 3.483910 3.467489 16.679176
 43800.000000 -844534.125000 794.623904 3.423966 3.271413 16.434254
 43820.000000 -843343.187500 794.371145 3.445409 3.236089 16.540563
 43840.000000 -843580.187500 793.893623 3.528765 3.588182 16.410618
 43860.000000 -844430.250000 793.359723 3.727478 3.541036 16.355205
 43880.000000 -844862.812500 791.508536 3.509381 3.410976 16.703786
 43900.000000 -842338.250000 797.215366 3.532990 3.281358 16.303627
 43920.000000 -844301.625000 794.202393 3.141549 3.395819 16.387837
 43940.000000 -843676.750000 797.044949 3.249229 3.339950 16.646541
 43960.000000 -842108.062500 794.283046 3.513746 3.451243 16.671632
 43980.000000 -842181.687500 795.805157 3.310855 3.428939 16.607552
 44000.000000 -844585.437500 792.654357 3.540644 3.404078 16.656899
 44020.000000 -843241.312500 793.980586 3.573987 3.310819 16.519388
 44040.000000 -843710.250000 794.465289 3.683539 3.335680 16.504005
 44060.000000 -844602.062500 791.421699 3.530793 3.261666 16.731530
 44080.000000 -844205.375000 795.292778 3.498270 3.379681 16.551720
 44100.000000 -844424.187500 792.665085 3.423069 3.462130 16.582072
 44120.000000 -845348.062500 791.492885 3.549336 3.433514 16.590617
 44140.000000 -843616.187500 793.123359 3.403710 3.445277 16.535080
 44160.000000 -843034.062500 794.727503 3.257671 3.708563 16.464437
 44180.000000 -846627.375000 791.940140 3.025841 3.637431 16.593379
 44200.000000 -842765.250000 793.026094 3.473915 3.371715 16.461306
 44220.000000 -843921.187500 791.385564 3.303504 3.227808 16.453376
 44240.000000 -844081.875000 792.193953 3.489571 3.452251 16.434379
 44260.000000 -843611.875000 794.480360 3.082345 3.398255 16.429281
 44280.000000 -844553.250000 794.400764 3.438524 3.284879 16.453069
 44300.000000 -845624.875000 793.905371 3.439396 3.319158 16.298891
 44320.000000 -843017.875000 795.037411 3.421317 3.450229 16.550344
 44340.000000 -844768.000000 792.590853 3.669635 3.349218 16.573099
 44360.000000 -845612.250000 795.070755 3.270594 3.261310 16.430285
 44380.000000 -844027.375000 796.930428 3.205507 3.414141 16.387175
 44400.000000 -843892.562500 794.915483 3.313156 3.315700 16.414525
 44420.000000 -841277.812500 795.817121 3.320454 3.245841 16.573649
 44440.000000 -842375.687500 796.742743 3.345650 3.449086 16.707364
 44460.000000 -844576.687500 793.162197 3.459459 3.190913 16.654596
 44480.000000 -844283.250000 791.041620 3.279328 3.222955 16.802758
 44500.000000 -845320.312500 794.095555 3.200714 3.335306 16.852907
 44520.000000 -843666.250000 793.616062 3.456976 3.453626 16.773310
 44540.000000 -843029.812500 793.047040 3.625219 3.754089 16.537744
 44560.000000 -846409.250000 793.537547 3.664106 3.528787 16.581596
 44580.000000 -844119.937500 795.615325 3.393078 3.419518 16.490487
 44600.000000 -843334.687500 794.281124 3.400538 3.507210 16.514313
 44620.000000 -844019.625000 796.005617 3.425634 3.563157 16.533425
 44640.000000 -843166.750000 796.061050 3.169132 3.385349 16.569143
 44660.000000 -843230.750000 794.684401 3.355896 3.281333 16.644418
 44680.000000 -842212.000000 795.237556 3.056971 3.426849 16.564400
 44700.000000 -844385.312500 794.149729 3.314093 3.757211 16.318244
 44720.000000 -844053.625000 793.653898 3.229398 3.664272 16.082466
 44740.000000 -843441.750000 794.597272 3.441983 3.232452 16.416636
 44760.000000 -843403.250000 795.492377 3.322985 3.297328 16.492064
 44780.000000 -842905.312500 793.438037 3.226306 3.308807 16.271444
 44800.000000 -843512.125000 794.933319 3.397019 3.415327 16.457343
 44820.000000 -843762.937500 793.328447 3.399178 3.383326 16.375121
 44840.000000 -843926.687500 795.860790 3.478511 3.217095 16.666210
 44860.000000 -844144.062500 793.487413 3.581955 3.360326 16.663754
 44880.000000 -846699.625000 793.816869 3.328872 3.554324 16.717684
 44900.000000 -842222.437500 796.392430 3.461112 3.515522 16.331365
 44920.000000 -844094.250000 792.298666 3.401974 3.350266 16.614454
 44940.000000 -844644.625000 794.157340 3.306896 3.187345 16.591328
 44960.000000 -844581.875000 793.867053 3.252760 3.217721 16.873098
 44980.000000 -845007.125000 795.686649 3.249074 3.457912 16.437127
 45000.000000 -844971.062500 794.236432 3.362624 3.503776 16.533334
 45020.000000 -844740.062500 794.227865 3.566365 3.505066 16.506996
 45040.000000 -843132.500000 794.971370 3.606980 3.564320 16.406805
 45060.000000 -844089.437500 794.488636 3.437945 3.375801 16.572027
 45080.000000 -844195.000000 797.058338 3.296699 3.554851 16.134892
 45100.000000 -843018.875000 795.133260 3.440789 3.163461 16.389353
 45120.000000 -844490.125000 795.519807 3.417419 3.018101 16.435157
 45140.000000 -846727.625000 793.950436 3.480585 3.315530 16.451401
 45160.000000 -843301.500000 796.793744 3.384214 3.592766 16.336301
 45180.000000 -843747.812500 795.052572 3.437016 3.526461 16.392370
 45200.000000 -845449.687500 794.575106 3.215610 3.472324 16.526394
 45220.000000 -844651.687500 793.461302 3.620784 3.358437 16.661488
 45240.000000 -844952.312500 792.814248 3.229488 3.449816 16.489604
 45260.000000 -845198.062500 794.407629 3.180376 3.575751 16.589505
 45280.000000 -844287.812500 793.042271 3.151591 3.421017 16.278014
 45300.000000 -845456.812500 792.752864 3.129386 3.210929 16.360392
 45320.000000 -844777.250000 795.038269 3.299548 3.580357 16.536867
 45340.000000 -845548.937500 791.969379 3.352251 3.477570 16.431021
 45360.000000 -844438.437500 792.267976 3.332770 3.502274 16.426623
 45380.000000 -844913.812500 792.963089 3.255659 3.388271 16.649775
 45400.000000 -843250.062500 796.638627 3.345510 3.499210 16.265795
 45420.000000 -844163.500000 795.739351 3.355551 3.483229 16.596597
 45440.000000 -842674.687500 794.570938 3.486624 3.357170 16.802947
 45460.000000 -843791.750000 794.036462 3.737028 3.568422 17.116077
 45480.000000 -846715.312500 792.601978 3.403036 3.249948 16.699421
 45500.000000 -843778.375000 794.293143 3.501332 3.249820 16.578884
 45520.000000 -845731.437500 796.327730 3.564591 3.200361 16.709285
 45540.000000 -844965.750000 794.827649 3.304368 3.581842 16.503192
 45560.000000 -845526.125000 791.470609 3.004246 3.379771 16.686625
 45580.000000 -846837.562500 789.886528 3.394961 3.518960 16.537048
 45600.000000 -843377.875000 794.618303 3.457190 3.199532 16.448923
 45620.000000 -844936.750000 793.619504 3.410991 3.431379 16.478650
 45640.000000 -842545.312500 795.519525 3.262255 3.226623 16.511833
 45660.000000 -844347.187500 794.520178 3.165354 3.156307 16.349071
 45680.000000 -843587.625000 793.500210 2.754404 3.391890 16.481055
 45700.000000 -842387.687500 796.798147 3.099032 3.467774 16.339433
 45720.000000 -844077.625000 793.579226 3.059834 3.490887 16.364213
 45740.000000 -843981.375000 793.982359 3.155893 3.348039 16.710715
 45760.000000 -844085.250000 795.706368 3.238251 3.452664 16.734143
 45780.000000 -843529.687500 795.962850 3.427496 3.198545 16.341023
 45800.000000 -844973.500000 792.541941 3.508434 3.336370 16.433715
 45820.000000 -845209.062500 794.024596 3.274362 3.342523 16.304019
 45840.000000 -842853.562500 796.388888 3.075590 3.555135 16.366826
 45860.000000 -844828.062500 793.488344 3.189810 3.661565 16.090999
 45880.000000 -844631.687500 793.648901 3.307781 3.415338 16.307082
 45900.000000 -844520.687500 794.857329 3.455753 3.226503 16.124229
 45920.000000 -845401.375000 795.845497 3.415768 3.433168 16.314529
 45940.000000 -842462.312500 795.223930 3.055679 3.552680 16.679283
 45960.000000 -844479.437500 792.649486 3.288067 3.464310 16.598210
 45980.000000 -843007.687500 793.060023 3.548969 3.474504 16.652082
 46000.000000 -846086.500000 788.938730 3.358114 3.428945 16.736098
 46020.000000 -844300.000000 796.699463 3.245079 3.437832 16.435711
 46040.000000 -844732.187500 794.004605 3.225615 3.295379 16.531071
 46060.000000 -843271.875000 794.555959 3.388493 3.070500 16.266516
 46080.000000 -844676.062500 792.430653 3.258681 3.521102 16.388885
 46100.000000 -843990.812500 794.649823 3.331938 3.530069 16.568357
 46120.000000 -845119.062500 793.685471 3.422851 3.602270 16.476762
 46140.000000 -844925.750000 795.829094 3.405680 3.247923 16.554110
 46160.000000 -844341.437500 793.292898 3.389302 3.180519 16.494047
 46180.000000 -844658.625000 794.126809 3.506815 3.343268 16.714912
 46200.000000 -844125.187500 793.760115 3.431275 3.171833 16.677021
 46220.000000 -846009.000000 792.798490 3.449051 3.362484 16.609865
 46240.000000 -843867.875000 794.750955 3.642741 3.410671 16.253956
 46260.000000 -844736.062500 791.812759 3.664476 3.382104 16.478213
 46280.000000 -844609.875000 794.090476 3.458003 3.235566 16.390438
 46300.000000 -845568.875000 793.941266 3.541261 3.649034 16.360160
 46320.000000 -844776.687500 791.828637 3.268448 3.411936 16.420634
 46340.000000 -844896.125000 793.835688 3.361021 3.657293 16.430464
 46360.000000 -844272.375000 793.660399 3.361013 3.472933 16.334600
 46380.000000 -843788.062500 794.165491 3.432313 3.423290 16.469806
 46400.000000 -844947.750000 796.908354 3.369894 3.369614 16.391194
 46420.000000 -845413.000000 794.415169 3.171071 3.437797 16.449408
 46440.000000 -843884.500000 793.490101 3.326312 3.405349 16.276715
 46460.000000 -845907.312500 794.639751 3.195992 3.488076 16.464310
 46480.000000 -843770.562500 795.281113 3.230008 3.254014 16.497105
 46500.000000 -843607.500000 793.298563 3.497042 3.521237 16.544194
 46520.000000 -843847.062500 795.134637 3.496655 3.371735 16.430580
 46540.000000 -844032.937500 792.263548 3.549861 3.423074 16.260399
 46560.000000 -845263.937500 794.720967 3.480779 3.481261 16.506911
 46580.000000 -844345.875000 793.896457 3.442197 3.306506 16.603868
 46600.000000 -844987.500000 793.999456 3.228842 3.483897 16.632486
 46620.000000 -846233.187500 792.873133 3.204561 3.589100 16.739281
 46640.000000 -843342.437500 791.547305 3.650986 3.655726 16.798960
 46660.000000 -844795.000000 795.165586 3.468875 3.675494 16.723330
 46680.000000 -845055.687500 792.766853 3.234429 3.618958 16.628641
 46700.000000 -845730.750000 794.018436 3.453848 3.475332 16.251015
 46720.000000 -843913.125000 794.238102 3.292618 3.425127 16.333035
 46740.000000 -844132.187500 794.419333 3.401794 3.225649 16.082709
 46760.000000 -842979.437500 793.698890 3.387116 3.448192 16.201737
 46780.000000 -844734.187500 792.295832 3.316321 3.321972 16.232247
 46800.000000 -843991.000000 792.452230 3.473337 3.451711 16.424561
 46820.000000 -844593.062500 792.246093 3.420578 3.232025 16.350366
 46840.000000 -845901.250000 792.670590 3.658091 3.399347 16.369896
 46860.000000 -844891.750000 790.034518 3.527446 3.410558 16.322466
 46880.000000 -846165.875000 789.130713 3.410601 3.477596 16.342976
 46900.000000 -844609.750000 793.148744 3.337458 3.350409 16.309828
 46920.000000 -844904.312500 795.102492 3.484974 3.077618 16.396864
 46940.000000 -845332.562500 794.271896 3.483235 3.334836 16.231481
 46960.000000 -844923.562500 793.150674 3.362824 3.484116 16.316102
 46980.000000 -845318.750000 793.454099 3.202767 3.467846 16.513153
 47000.000000 -844486.000000 793.928657 3.109672 3.389917 16.617257
 47020.000000 -844857.875000 794.716747 3.322658 3.367054 16.671558
 47040.000000 -845181.562500 793.650464 3.364429 3.534811 16.520441
 47060.000000 -845469.812500 792.710695 3.500532 3.121255 16.614556
 47080.000000 -845464.812500 793.502668 3.577797 3.414836 16.571543
 47100.000000 -845007.250000 793.472041 3.662064 3.810009 16.471481
 47120.000000 -845208.625000 791.604706 3.699310 3.466628 16.362149
 47140.000000 -844830.187500 794.553647 3.604718 3.385831 16.304367
 47160.000000 -843437.437500 794.786280 3.431434 3.316911 16.610959
 47180.000000 -843707.000000 794.002450 3.714826 3.377824 16.407623
 47200.000000 -842744.875000 793.752484 3.654965 3.281954 16.043912
 47220.000000 -845672.875000 794.637192 3.462022 3.494880 16.164529
 47240.000000 -843247.062500 797.026739 3.516684 3.228522 16.195171
 47260.000000 -844401.875000 793.184313 3.341633 3.288825 16.446126
 47280.000000 -845727.437500 790.888069 3.406850 3.281282 16.461831
 47300.000000 -844696.625000 794.380190 3.519570 3.218455 16.681320
 47320.000000 -843576.000000 794.405555 3.664317 3.381395 16.517879
 47340.000000 -843154.562500 797.615260 3.452763 3.550873 16.341679
 47360.000000 -844358.312500 793.505372 3.506087 3.192786 16.222861
 47380.000000 -842770.000000 794.454376 3.589288 3.271105 16.293408
 47400.000000 -846113.375000 792.242924 3.287247 3.304929 16.662999
 47420.000000 -844664.437500 793.914239 2.990536 3.175252 16.585912
 47440.000000 -845228.187500 795.560779 3.036552 3.160517 16.838495
 47460.000000 -845960.187500 792.266049 3.194940 3.435792 16.793820
 47480.000000 -845360.000000 793.796670 3.310972 3.397891 16.680887
 47500.000000 -844908.125000 793.180572 3.634241 3.697391 16.512530
 47520.000000 -843628.437500 795.330912 3.439773 3.639545 16.411781
 47540.000000 -844645.312500 796.239007 3.396229 3.666120 16.248111
 47560.000000 -844329.687500 793.344050 3.405187 3.743904 16.321550
 47580.000000 -846109.812500 793.635945 3.456142 3.559406 16.364754
 47600.000000 -846048.875000 793.109208 3.501261 3.174082 16.679603
 47620.000000 -844458.812500 794.134561 3.543447 3.069082 16.420117
 47640.000000 -846644.312500 790.142677 3.418854 3.397754 16.719315
 47660.000000 -844335.875000 795.461517 3.345729 3.149682 16.637465
 47680.000000 -844615.562500 793.440161 3.592332 3.269327 16.698586
 47700.000000 -843492.437500 796.697687 3.807174 3.391503 16.512786
 47720.000000 -845005.062500 790.774153 3.815447 3.524446 16.510660
 47740.000000 -844621.562500 793.854497 3.400717 3.363539 16.237800
 47760.000000 -844523.000000 793.336972 2.930284 3.378309 16.561131
 47780.000000 -843842.875000 794.500159 2.850642 3.374545 16.480389
 47800.000000 -844758.625000 792.791369 3.362396 3.591672 16.695246
 47820.000000 -844317.062500 793.061014 3.124241 3.460914 16.580374
 47840.000000 -844970.250000 796.023252 3.298921 3.317646 16.667798
 47860.000000 -845214.625000 794.367418 3.350083 3.486104 16.523217
 47880.000000 -843700.750000 793.109370 3.264203 3.518796 16.523772
 47900.000000 -842285.812500 792.268948 3.332309 3.492140 16.539410
 47920.000000 -843517.125000 795.783888 3.386400 3.589385 16.381510
 47940.000000 -843538.562500 794.334587 3.620624 2.989175 16.352772
 47960.000000 -845841.062500 792.271506 3.741416 3.354719 16.619746
 47980.000000 -842805.250000 793.028808 3.339127 3.498266 16.581172
 48000.000000 -844994.500000 792.931116 3.149378 3.489394 16.690329
 48020.000000 -842983.750000 792.244393 3.495595 3.417943 16.497734
 48040.000000 -842769.625000 794.804986 3.614871 3.405253 16.281093
 48060.000000 -844872.375000 792.579872 3.531678 3.636216 16.520861
 48080.000000 -844648.937500 793.736746 3.424833 3.439830 16.760852
 48100.000000 -843454.062500 793.951557 3.297271 3.399610 16.611799
 48120.000000 -844481.000000 792.307583 3.242557 3.412437 16.338894
 48140.000000 -844776.250000 793.567948 3.466591 3.408567 16.465790
 48160.000000 -845793.687500 794.200573 3.163082 3.312941 16.702809
 48180.000000 -845141.125000 792.484245 3.360929 3.472707 16.505015
 48200.000000 -845252.687500 795.854895 3.522291 3.436108 16.341687
 48220.000000 -842819.125000 795.801605 3.484367 3.410622 16.224623
 48240.000000 -844232.625000 794.420105 3.388730 3.436370 16.551678
 48260.000000 -844995.437500 793.872187 3.421779 3.317769 16.559728
 48280.000000 -846938.250000 793.283365 3.413144 3.758071 16.738299
 48300.000000 -844903.375000 793.837027 3.598748 3.772818 16.744769
 48320.000000 -843516.187500 794.065954 3.488384 3.686573 16.612792
 48340.000000 -844567.562500 793.806092 3.491496 3.355767 16.458027
 48360.000000 -845102.625000 792.963305 3.597398 3.551109 16.334147
 48380.000000 -843762.500000 794.578576 3.399291 3.470150 16.442396
 48400.000000 -843387.250000 795.028970 3.369911 3.444131 16.528429
 48420.000000 -844970.937500 794.287791 3.384763 3.516672 16.614698
 48440.000000 -845689.437500 790.543435 3.668848 3.538088 16.437973
 48460.000000 -844482.187500 794.437498 3.453176 3.355615 16.230750
 48480.000000 -844047.437500 793.051315 3.401895 3.358225 16.442812
 48500.000000 -844215.187500 793.707845 3.221619 3.295803 16.468080
 48520.000000 -843066.937500 794.827252 3.161497 3.046740 16.466432
 48540.000000 -845460.812500 792.043596 3.366216 2.997414 16.798743
 48560.000000 -843912.500000 794.707496 3.416677 3.313918 16.819700
 48580.000000 -845405.687500 794.912926 3.458222 3.258794 16.761216
 48600.000000 -844927.750000 793.941320 3.157650 3.319390 16.616400
 48620.000000 -843704.437500 794.768406 3.231389 3.361510 16.787995
 48640.000000 -843915.375000 793.873110 3.271094 3.093763 16.774651
 48660.000000 -843523.875000 793.887238 3.148967 3.146172 16.546062
 48680.000000 -844249.562500 793.716752 3.448426 3.406511 16.852604
 48700.000000 -844881.562500 793.424587 3.385288 3.385322 16.559003
 48720.000000 -842919.437500 794.057841 3.395473 3.472844 16.424132
 48740.000000 -844085.750000 793.975954 3.278908 3.332733 16.492931
 48760.000000 -843875.250000 795.050480 3.455763 3.503190 16.699277
 48780.000000 -845615.812500 793.031596 3.457155 3.403585 16.606029
 48800.000000 -845161.375000 795.269355 3.564705 3.436611 16.423768
 48820.000000 -843509.000000 795.663762 3.491078 3.299103 16.585450
 48840.000000 -845279.437500 797.461859 3.346772 3.492708 16.508123
 48860.000000 -842393.062500 794.455134 3.642841 3.372165 16.631096
 48880.000000 -844068.687500 793.447840 3.417426 3.379068 16.628435
 48900.000000 -844156.312500 797.194545 3.430654 3.363547 16.377459
 48920.000000 -844400.437500 795.742737 3.495428 3.598510 16.698161
 48940.000000 -843985.375000 792.818197 3.681696 3.351352 16.548898
 48960.000000 -845012.500000 795.306351 3.226092 3.254532 16.572036
 48980.000000 -843728.000000 795.087673 3.352881 3.252067 16.211305
 49000.000000 -845549.875000 792.765720 3.146347 3.344540 16.296351
 49020.000000 -844431.812500 792.208533 3.415081 3.484419 16.526335
 49040.000000 -845836.000000 793.533675 3.512224 3.408295 16.583076
 49060.000000 -843139.062500 794.866565 3.175001 3.359382 16.879666
 49080.000000 -846088.750000 794.058841 3.345617 3.300957 16.708154
 49100.000000 -843796.562500 794.262867 3.535650 3.300639 16.311093
 49120.000000 -843701.875000 792.755598 3.339384 3.611391 16.326046
 49140.000000 -844932.500000 794.236366 3.102239 3.553344 16.648521
 49160.000000 -844987.000000 794.982539 3.176121 3.262565 16.544774
 49180.000000 -843809.750000 792.879094 3.323556 3.111695 16.312411
 49200.000000 -843923.000000 793.946529 3.350067 3.303710 16.394797
 49220.000000 -845912.562500 793.320806 3.218826 3.701685 16.482712
 49240.000000 -843549.937500 793.893345 3.318535 3.397026 16.588327
 49260.000000 -845800.750000 793.562987 3.425792 3.292282 16.683901
 49280.000000 -842369.437500 793.752987 3.318475 3.338275 16.473648
 49300.000000 -845173.687500 793.747284 3.307896 3.162307 16.455349
 49320.000000 -845551.750000 794.035368 3.287182 3.288136 16.158730
 49340.000000 -844358.937500 794.006610 3.556729 3.368789 16.391843
 49360.000000 -844904.000000 795.788142 3.459426 3.398636 16.348536
 49380.000000 -844730.937500 794.436142 3.253662 3.239098 16.496489
 49400.000000 -842627.250000 795.665941 3.344650 3.386953 16.559596
 49420.000000 -843396.875000 795.526052 3.382795 3.449446 16.409945
 49440.000000 -845310.625000 793.868111 3.648643 3.046798 16.502196
 49460.000000 -843963.875000 795.232989 3.642853 3.278876 16.412768
 49480.000000 -842508.125000 794.893893 3.546805 3.330747 16.451295
 49500.000000 -843351.500000 794.034729 3.554325 3.531476 16.538438
 49520.000000 -841589.687500 796.627618 3.433773 3.573535 16.580960
 49540.000000 -844432.500000 796.991143 3.598695 3.203738 16.760809
 49560.000000 -844328.187500 792.881987 3.246637 2.968502 16.606846
 49580.000000 -841925.500000 795.952171 3.322611 3.113005 16.289818
 49600.000000 -842887.875000 796.172668 3.609890 3.568916 16.286982
 49620.000000 -844834.125000 794.057275 3.105646 3.487625 16.393230
 49640.000000 -845351.187500 793.537802 3.274359 3.458209 16.490502
 49660.000000 -845380.375000 791.746311 3.340043 3.350709 16.546897
 49680.000000 -845389.875000 792.235985 3.763654 3.419332 16.404804
 49700.000000 -843629.500000 795.098639 3.920261 3.247670 16.367287
 49720.000000 -843441.250000 797.178509 3.496156 3.385605 16.169086
 49740.000000 -847474.375000 791.755791 3.324950 3.258134 16.486840
 49760.000000 -845296.062500 793.250833 3.481605 3.293124 16.429996
 49780.000000 -845051.250000 794.454591 3.592517 3.541254 16.517802
 49800.000000 -845333.250000 793.268646 3.173273 3.527639 16.584824
 49820.000000 -845289.750000 792.476927 3.436670 3.526003 16.756044
 49840.000000 -845131.375000 792.554291 3.374186 3.336054 16.279412
 49860.000000 -845355.437500 792.293750 3.388801 3.465869 16.495783
 49880.000000 -846779.187500 794.910884 3.138936 3.582031 16.662276
 49900.000000 -843489.375000 793.532932 3.273155 3.778957 16.365235
 49920.000000 -844780.375000 792.816221 3.172387 3.729672 16.514605
 49940.000000 -843373.812500 794.566942 3.439996 3.827786 16.365385
 49960.000000 -844450.062500 792.391815 3.475626 3.520570 16.603680
 49980.000000 -843280.750000 796.427897 3.420027 3.412922 16.763312
 50000.000000 -847594.250000 795.255534 3.293494 3.194866 16.658296
 50020.000000 -844015.937500 791.812027 3.277569 3.350714 16.712278
 50040.000000 -844342.250000 792.964352 3.167213 3.301142 16.484762
 50060.000000 -846169.500000 792.644724 3.236076 3.409775 16.307901
 50080.000000 -844778.312500 793.569766 3.458129 3.533487 16.730154
 50100.000000 -844110.187500 795.186443 3.200453 3.499190 16.374924
 50120.000000 -844599.875000 794.710507 3.388820 3.266163 16.482382
 50140.000000 -844196.562500 794.858814 3.604109 3.417481 16.606302
 50160.000000 -844095.937500 794.338130 3.376522 3.219696 16.405717
 50180.000000 -844449.937500 793.717902 3.088463 3.435434 16.247944
 50200.000000 -844156.875000 793.756821 3.431848 3.383063 16.279066
 50220.000000 -846081.250000 790.766307 3.437463 3.295188 16.511400
 50240.000000 -843904.000000 794.167936 3.569880 3.380037 16.496780
 50260.000000 -843200.375000 792.574022 3.259986 3.449482 16.397345
 50280.000000 -843685.125000 793.027929 3.212383 3.475220 16.395778
 50300.000000 -844860.187500 793.305733 3.320144 3.273338 16.419407
 50320.000000 -842757.250000 795.856481 3.369631 3.381737 16.267771
 50340.000000 -843437.125000 796.654405 3.326133 3.316434 16.320129
 50360.000000 -843431.562500 792.103511 3.321232 3.298463 16.340112
 50380.000000 -844333.687500 795.228530 3.554165 3.422526 16.575625
 50400.000000 -842918.875000 792.341790 3.399034 3.235681 16.307695
 50420.000000 -844851.937500 792.024034 3.571367 3.363069 16.562854
 50440.000000 -842686.250000 795.317988 3.331292 3.455599 16.431898
 50460.000000 -844863.812500 793.579178 3.373439 3.524093 16.293925
 50480.000000 -845088.687500 795.129150 3.396139 3.233814 16.648582
 50500.000000 -844705.000000 793.763860 3.314216 3.456085 16.778540
 50520.000000 -844984.937500 794.058516 3.324955 3.139740 16.568486
 50540.000000 -846366.750000 793.756367 3.337216 3.158909 16.441819
 50560.000000 -844077.500000 792.883700 3.279270 3.298072 16.576178
 50580.000000 -843468.687500 792.893792 3.611894 3.349271 16.525955
 50600.000000 -845275.000000 795.154288 3.744336 3.088833 16.732879
 50620.000000 -845150.500000 793.963819 3.539714 3.318919 16.452807
 50640.000000 -841039.250000 796.277204 3.911377 3.395418 5.103375
 50660.000000 -841198.312500 798.415117 3.817167 3.317838 10.988802
 50680.000000 -844869.687500 797.564617 3.828629 3.666987 14.067351
 50700.000000 -844318.937500 796.714126 3.712904 3.341387 15.548896
 50720.000000 -843120.937500 791.754730 3.560549 3.392762 16.081993
 50740.000000 -843717.687500 796.128341 3.374424 3.557774 16.410854
 50760.000000 -844365.062500 795.187880 3.388950 3.385594 16.376774
 50780.000000 -843404.375000 794.794954 3.366891 3.122823 16.385334
 50800.000000 -844260.750000 793.617689 3.308133 3.211822 16.425447
 50820.000000 -844188.625000 796.259282 3.223671 3.287941 16.445176
 50840.000000 -843206.687500 793.005149 3.433755 3.354045 16.180322
 50860.000000 -842401.062500 795.799226 3.391136 3.428687 16.395315
 50880.000000 -845917.000000 792.376073 3.372013 3.401089 16.795068
 50900.000000 -845167.062500 793.251804 3.282761 3.588851 16.631395
 50920.000000 -844228.250000 793.716931 3.202760 3.516012 16.491657
 50940.000000 -842597.187500 795.953117 3.329772 3.401239 16.585188
 50960.000000 -846286.562500 791.533350 3.005668 3.266486 16.321209
 50980.000000 -842186.250000 794.257232 3.107475 3.304393 16.548838
 51000.000000 -844656.500000 794.753793 3.530645 3.442854 16.894971
 51020.000000 -845246.312500 793.437194 3.820305 3.443837 16.652292
 51040.000000 -844245.625000 793.809732 3.691582 3.120417 16.358843
 51060.000000 -844756.312500 792.187507 3.802485 3.539225 16.236183
 51080.000000 -843233.937500 794.608988 3.647233 3.414423 16.516551
 51100.000000 -846623.187500 791.904658 3.580054 3.582083 16.318849
 51120.000000 -842046.750000 795.840610 3.715604 3.540352 16.557378
 51140.000000 -844513.125000 791.223275 3.522375 3.440574 16.660265
 51160.000000 -844146.562500 796.487032 3.421031 3.313590 16.709480
 51180.000000 -842962.687500 796.327895 3.462880 3.307510 16.846902
 51200.000000 -840327.687500 801.537047 3.604712 3.693530 9.339172
 51220.000000 -843985.000000 797.239284 3.267922 3.536845 13.036931
 51240.000000 -844637.625000 794.586211 3.065779 3.309594 15.003309
 51260.000000 -845513.937500 793.889872 3.253767 3.276949 15.407124
 51280.000000 -843874.437500 794.276344 3.240338 3.355429 16.201593
 51300.000000 -844677.500000 794.664274 3.325890 3.184299 16.156192
 51320.000000 -845621.687500 794.617969 3.230239 3.288390 15.984681
 51340.000000 -844489.687500 795.032819 3.566804 3.297845 16.393385
 51360.000000 -843499.687500 795.210135 3.595081 3.072099 16.498257
 51380.000000 -842846.187500 795.305336 3.265021 3.456666 16.437542
 51400.000000 -844242.750000 795.879554 3.579947 3.337325 16.371046
 51420.000000 -844958.312500 794.561327 3.661205 3.640084 16.222868
 51440.000000 -842105.687500 796.610788 3.489620 3.609699 16.468703
 51460.000000 -845119.062500 791.791903 3.133214 3.405198 16.289392
 51480.000000 -843306.937500 795.780971 3.502987 3.216720 16.466094
 51500.000000 -844391.750000 794.386517 3.346756 3.297823 16.356049
 51520.000000 -845298.250000 794.456106 3.244393 3.456479 16.522725
 51540.000000 -845208.500000 792.505082 3.400421 3.460027 16.500089
 51560.000000 -845345.625000 792.865773 3.263570 3.623280 16.427551
 51580.000000 -843543.375000 794.489339 3.248949 3.398651 16.746833
 51600.000000 -844426.687500 794.819178 3.307724 3.120732 16.595300
 51620.000000 -842504.125000 793.967287 3.302627 3.341600 16.713810
 51640.000000 -844293.875000 795.650993 2.996374 3.506119 16.477954
 51660.000000 -846626.875000 793.496019 3.449229 3.569849 16.418236
 51680.000000 -845289.250000 795.232679 3.624709 3.428941 16.249293
 51700.000000 -844963.125000 792.212216 3.549924 3.325630 16.269446
 51720.000000 -845281.437500 792.868626 3.447521 3.491445 16.340574
 51740.000000 -844886.625000 793.278002 3.527705 3.656911 16.247739
 51760.000000 -844125.125000 793.747019 3.169392 3.484371 16.241795
 51780.000000 -843955.375000 795.433516 3.277125 3.666593 16.373562
 51800.000000 -843732.562500 794.770182 3.466577 3.185405 16.420817
 51820.000000 -843281.937500 791.853770 3.463677 3.194087 16.523067
 51840.000000 -846501.375000 794.565964 3.591240 3.075189 16.422003
 51860.000000 -842387.000000 794.203064 3.419938 3.155715 16.423934
 51880.000000 -842014.250000 794.798332 3.336342 3.428439 16.363316
 51900.000000 -844985.000000 793.515405 3.389293 3.222858 16.512434
 51920.000000 -844266.750000 793.989163 3.494577 3.389154 16.416235
 51940.000000 -844947.125000 794.435339 3.417994 3.567693 16.403940
 51960.000000 -846124.375000 791.595326 3.102389 3.450513 16.526307
 51980.000000 -845776.750000 791.609214 3.285506 3.300799 16.499861
 52000.000000 -844782.375000 793.548707 3.654258 3.468337 16.307082
 52020.000000 -842470.500000 794.159542 3.531729 3.457123 16.388640
 52040.000000 -845397.187500 795.172006 3.572496 3.570208 16.600911
 52060.000000 -844028.562500 794.796668 3.610645 3.520411 16.350298
 52080.000000 -844653.000000 794.600701 3.446163 3.590520 16.494663
 52100.000000 -845447.062500 791.106643 3.054905 3.594563 16.221986
 52120.000000 -845541.562500 793.838014 3.104772 3.315949 16.179177
 52140.000000 -845817.437500 793.453778 3.370929 3.253656 16.488151
 52160.000000 -845317.375000 794.809043 3.257157 3.600083 16.632313
 52180.000000 -843216.375000 793.400474 3.262750 3.792168 16.635218
 52200.000000 -845036.375000 795.433577 3.127497 3.639355 16.602153
 52220.000000 -844087.750000 794.493294 3.094644 3.642943 16.548836
 52240.000000 -844710.937500 792.551195 3.208445 3.385604 16.362056
 52260.000000 -843972.312500 794.926071 3.473379 3.567652 16.363069
 52280.000000 -841027.812500 796.100126 3.500062 3.400369 16.286296
 52300.000000 -846049.375000 793.500768 3.285361 3.661644 16.459032
 52320.000000 -843371.187500 793.087187 3.279053 3.647496 16.407205
 52340.000000 -844744.125000 794.533953 3.456911 3.565622 16.548537
 52360.000000 -846377.375000 794.497494 3.475312 3.423860 16.389044
 52380.000000 -843154.062500 794.746494 3.380529 3.256812 16.264756
 52400.000000 -843864.187500 796.164943 3.203657 3.442297 16.226323
 52420.000000 -845415.500000 792.668280 3.535462 3.427276 16.515453
 52440.000000 -843979.312500 794.570827 3.319308 3.386741 16.507425
 52460.000000 -844835.000000 794.325623 3.124236 3.461466 16.510154
 52480.000000 -844019.625000 797.132874 3.369800 3.353652 16.528634
 52500.000000 -845008.000000 794.972502 3.436686 3.367848 16.564326
 52520.000000 -843483.687500 797.267953 3.162207 3.265923 16.502455
 52540.000000 -843447.750000 795.639038 3.049573 3.389571 16.577863
 52560.000000 -845215.250000 794.676602 3.189257 3.402872 16.332099
 52580.000000 -842072.500000 793.358672 3.413466 3.404104 16.254228
 52600.000000 -843296.062500 793.986717 3.462910 3.199629 16.380052
 52620.000000 -844167.000000 793.623710 3.393680 3.318257 16.370476
 52640.000000 -843875.937500 796.327456 3.493877 3.361554 16.713498
 52660.000000 -842916.687500 794.462166 3.271530 3.300109 16.631563
 52680.000000 -844403.437500 794.632041 3.229233 3.224053 16.469898
 52700.000000 -844340.000000 795.149876 3.330947 3.281082 16.593386
 52720.000000 -844471.375000 794.610259 3.201969 3.319927 16.400375
 52740.000000 -843134.312500 795.403221 3.542100 3.063020 16.505558
 52760.000000 -842883.687500 795.462242 3.452768 3.159920 16.454589
 52780.000000 -844373.000000 794.673976 2.971994 3.281932 16.560427
 52800.000000 -843836.625000 791.899419 3.013302 3.335927 16.318773
 52820.000000 -844770.312500 794.126836 3.380332 3.283089 16.396533
 52840.000000 -845048.312500 796.071464 3.509838 3.504830 16.355281
 52860.000000 -844632.375000 795.943120 3.336080 3.495256 16.261325
 52880.000000 -844079.187500 796.448318 3.074530 3.442725 16.372304
 52900.000000 -842901.375000 795.915699 3.000649 3.422043 16.349795
 52920.000000 -844521.562500 794.654551 3.262877 3.406082 16.209607
 52940.000000 -844992.375000 793.488671 3.143712 3.554451 16.015585
 52960.000000 -845952.187500 792.049065 3.499582 3.142406 16.233528
 52980.000000 -843197.875000 794.786061 3.594605 3.142401 16.635238
 53000.000000 -845542.250000 791.410516 3.511439 3.594046 16.587626
 53020.000000 -845034.937500 793.849929 3.299708 3.248971 16.506590
 53040.000000 -844233.687500 794.379815 3.370968 3.470508 16.402205
 53060.000000 -844523.937500 793.071174 3.437981 3.720830 16.329925
 53080.000000 -844327.000000 793.541912 3.424839 3.344163 16.507057
 53100.000000 -844298.687500 795.243750 3.252092 3.044520 16.571007
 53120.000000 -842813.875000 797.276608 3.205484 3.140930 16.760116
 53140.000000 -845325.000000 793.489592 2.986550 3.397658 16.448952
 53160.000000 -841757.437500 796.124674 3.314360 3.357338 16.577194
 53180.000000 -843053.625000 796.147759 3.273109 3.428523 16.754291
 53200.000000 -844956.687500 795.816100 3.534796 3.440972 16.601014
 53220.000000 -842833.062500 796.430501 3.419992 3.443010 16.736612
 53240.000000 -845878.750000 794.334097 3.316445 3.625705 16.363807
 53260.000000 -843518.812500 794.304899 3.394569 3.551884 16.546055
 53280.000000 -843697.937500 793.954767 3.036978 3.256492 16.447975
 53300.000000 -843355.687500 793.208771 3.314568 3.417273 16.416675
 53320.000000 -844508.875000 795.371619 3.076852 3.418095 16.412478
 53340.000000 -845111.500000 791.944837 3.388410 3.437632 16.502758
 53360.000000 -844122.875000 795.069243 3.544558 3.283542 16.457771
 53380.000000 -845379.937500 796.408692 3.543290 3.208695 16.459923
 53400.000000 -845017.125000 792.344328 3.274315 3.445869 16.126421
 53420.000000 -843330.000000 793.395099 3.433823 3.258688 16.450558
 53440.000000 -844129.312500 795.341913 3.157196 3.340421 16.641849
 53460.000000 -844381.937500 794.609646 3.094280 3.400127 16.640343
 53480.000000 -844319.625000 794.666186 3.334319 3.619469 16.612500
 53500.000000 -843390.812500 793.968075 3.154009 3.202117 16.686368
 53520.000000 -842278.750000 796.346828 3.390419 3.442359 16.677871
 53540.000000 -842913.375000 794.427303 3.406213 3.308652 16.570199
 53560.000000 -844561.062500 793.713959 3.145633 2.934815 16.397647
 53580.000000 -843439.562500 794.542717 3.412761 3.322965 16.600248
 53600.000000 -844095.437500 793.152519 3.472805 3.344911 16.684884
 53620.000000 -845065.687500 793.814063 3.624695 3.468285 16.486831
 53640.000000 -843435.875000 793.562390 3.473968 3.378765 16.671833
 53660.000000 -841301.062500 795.683526 3.539751 3.376703 16.467746
 53680.000000 -843399.062500 796.562705 3.496331 3.588223 16.482087
 53700.000000 -843515.000000 795.383219 3.126553 3.313557 16.388323
 53720.000000 -844439.437500 795.157947 3.344282 3.391269 16.471778
 53740.000000 -843152.812500 793.743620 3.491347 3.465368 16.326516
 53760.000000 -844182.125000 795.522824 3.178499 3.358061 16.354395
 53780.000000 -843323.562500 793.737028 3.479252 3.548448 16.407320
 53800.000000 -844119.625000 793.099380 3.506658 3.629863 16.346783
 53820.000000 -843875.375000 791.838011 3.368002 3.530348 16.602818
 53840.000000 -845745.437500 793.909138 3.306210 3.537317 16.479873
 53860.000000 -845296.625000 793.668710 3.147939 3.274616 16.651795
 53880.000000 -843870.875000 795.450790 3.126761 3.274760 16.350053
 53900.000000 -845208.437500 792.976262 3.401994 3.491438 16.340429
 53920.000000 -846080.250000 791.100492 3.183079 3.328576 16.256273
 53940.000000 -844050.750000 795.620734 3.457426 3.067257 16.334649
 53960.000000 -845914.750000 792.516916 3.231604 3.532797 16.476117
 53980.000000 -844507.500000 791.502708 3.300907 3.572767 16.451938
 54000.000000 -845477.812500 792.553073 3.533099 3.657351 16.428412
 54020.000000 -846111.937500 794.340436 3.317265 3.725518 16.541932
 54040.000000 -844873.750000 794.279988 3.300940 3.448133 16.327092
 54060.000000 -843818.375000 795.292013 3.108074 3.551328 16.719526
 54080.000000 -843940.500000 792.411490 3.319157 3.491835 16.518868
 54100.000000 -843975.375000 794.575262 3.720076 3.650911 16.446991
 54120.000000 -846530.250000 791.916469 3.542611 3.615224 16.718694
 54140.000000 -844070.687500 793.798063 3.505352 3.640957 16.446596
 54160.000000 -843861.937500 791.013981 3.341427 3.376229 16.367757
 54180.000000 -842613.562500 794.951188 3.332928 3.258670 16.593069
 54200.000000 -846003.312500 793.357804 3.674254 3.312154 16.525282
 54220.000000 -843973.750000 796.822579 3.605111 3.180357 16.433849
 54240.000000 -844189.937500 792.545563 3.349927 3.254512 16.479249
 54260.000000 -844642.625000 792.643948 3.553835 3.479615 16.579212
 54280.000000 -845607.937500 793.636290 3.550834 3.166964 16.497929
 54300.000000 -844880.312500 795.323089 3.339303 3.151397 16.625762
 54320.000000 -844859.125000 794.361922 3.583726 3.501943 16.500082
 54340.000000 -843739.062500 795.795607 3.554616 3.594364 16.445652
 54360.000000 -844623.062500 796.163123 3.196063 3.628441 16.407837
 54380.000000 -843301.500000 795.548688 3.347353 3.517219 16.373242
 54400.000000 -844033.187500 793.950606 3.349230 3.238735 16.447641
 54420.000000 -845010.750000 793.838176 3.296791 3.443886 16.353535
 54440.000000 -844321.625000 793.391837 3.527554 3.253146 16.571792
 54460.000000 -844355.562500 790.734917 3.412519 3.318620 16.405272
 54480.000000 -843476.937500 791.360381 3.324300 3.176914 16.835664
 54500.000000 -844569.125000 793.350461 3.389814 3.151868 16.786036
 54520.000000 -845494.125000 793.732191 3.283494 3.639249 16.811627
 54540.000000 -844961.750000 794.304887 3.486974 3.218550 16.610783
 54560.000000 -844931.500000 792.442867 3.640054 3.498870 16.562423
 54580.000000 -844503.562500 793.985098 3.486596 3.445654 16.617245
 54600.000000 -844976.625000 791.973389 3.442380 3.306696 16.649088
 54620.000000 -844978.000000 794.565087 3.456172 3.440488 16.276706
 54640.000000 -845575.812500 792.772470 3.336296 3.196689 16.338733
 54660.000000 -844707.375000 793.504255 3.561310 3.510276 16.274830
 54680.000000 -843728.250000 792.390757 3.359238 3.315717 16.576884
 54700.000000 -844530.937500 793.168586 3.384360 3.177926 16.588390
 54720.000000 -844728.687500 791.306756 3.302766 3.514156 16.625283
 54740.000000 -843386.562500 795.124880 3.424010 3.433998 16.558352
 54760.000000 -844053.812500 793.592880 3.296665 3.489402 16.411500
 54780.000000 -843977.250000 794.451212 3.417945 3.429594 16.568443
 54800.000000 -844319.687500 794.161922 3.321058 3.439006 16.226044
 54820.000000 -845119.187500 792.156303 3.344560 3.425095 16.384349
 54840.000000 -844790.125000 796.150600 3.497978 3.614581 16.759924
 54860.000000 -842793.062500 794.029344 3.552383 3.285938 16.636341
 54880.000000 -844869.750000 793.496772 3.424191 3.399344 16.544522
 54900.000000 -842749.812500 793.382114 3.260174 3.593396 16.508364
 54920.000000 -843178.562500 795.606657 2.950579 3.277329 16.313904
 54940.000000 -844710.312500 794.583390 3.217901 3.411066 16.358943
 54960.000000 -844831.937500 792.404440 3.511734 3.182778 16.442728
 54980.000000 -845492.312500 790.108762 3.714963 3.071605 16.492612
 55000.000000 -845283.250000 794.037948 3.604620 3.342067 16.142747
 55020.000000 -843388.187500 793.092046 3.625731 3.323953 16.116433
 55040.000000 -843471.125000 796.399923 3.711265 3.416354 16.447163
 55060.000000 -844908.062500 794.085992 3.459712 3.344853 16.649403
 55080.000000 -846454.250000 793.893080 3.355576 3.615871 16.772985
 55100.000000 -845312.687500 791.642944 3.359995 3.382413 16.136864
 55120.000000 -845207.687500 792.868186 3.522373 3.304702 16.566586
 55140.000000 -843935.250000 794.323034 3.574235 3.204874 16.534663
 55160.000000 -844356.437500 793.088330 3.621523 3.262220 16.472039
 55180.000000 -845179.000000 793.380290 3.456430 3.074487 16.482575
 55200.000000 -845373.375000 790.936604 3.471909 3.359151 16.481164
 55220.000000 -844418.875000 793.985051 3.310656 3.544445 16.713823
 55240.000000 -846346.625000 790.355705 3.548283 3.437331 16.677032
 55260.000000 -846332.375000 790.301834 3.668865 3.469864 16.111608
 55280.000000 -845797.125000 791.429543 3.418442 3.260148 16.568832
 55300.000000 -844860.187500 794.731384 3.421845 3.464895 16.185978
 55320.000000 -844357.125000 794.671978 3.564305 3.535039 16.415584
 55340.000000 -844413.187500 791.554387 3.365160 3.399440 16.425338
 55360.000000 -844255.062500 793.029838 3.270939 3.569728 16.478177
 55380.000000 -844635.937500 794.354989 3.282105 3.563164 16.424854
 55400.000000 -847109.750000 794.587261 3.425800 3.252108 16.307354
 55420.000000 -845938.812500 794.584797 3.064704 3.214384 16.324400
 55440.000000 -844945.687500 793.201020 3.426856 3.091662 16.323675
 55460.000000 -843802.437500 795.371241 3.632545 3.383100 16.494726
 55480.000000 -843431.312500 793.814900 3.460043 3.433997 16.565761
 55500.000000 -843751.062500 793.816551 3.262009 3.502512 16.463563
 55520.000000 -842929.437500 797.347678 3.582344 3.682421 16.701497
 55540.000000 -843448.625000 796.208139 3.279265 3.694564 16.753011
 55560.000000 -844299.687500 794.395004 3.253187 3.639277 16.660574
 55580.000000 -845455.937500 793.962963 3.480132 3.440606 16.752199
 55600.000000 -844938.312500 791.866587 3.446729 3.338813 16.721695
 55620.000000 -844111.875000 792.541081 3.485483 3.785851 16.586016
 55640.000000 -842259.062500 793.474559 3.125904 3.760035 16.419135
 55660.000000 -843793.812500 796.311652 3.416899 3.548452 16.486058
 55680.000000 -846739.625000 794.719856 3.689565 3.179886 16.172547
 55700.000000 -845646.250000 794.431581 3.499560 3.282853 16.353623
 55720.000000 -844290.000000 793.619431 3.520366 3.474006 16.328212
 55740.000000 -844774.125000 794.663941 3.415148 3.577205 16.131209
 55760.000000 -844866.937500 794.918615 3.441930 3.254348 16.413631
 55780.000000 -843708.812500 793.796954 3.350442 3.406100 16.598725
 55800.000000 -847028.687500 792.352603 3.445457 3.404685 16.263143
 55820.000000 -844212.687500 791.476638 3.406083 3.260974 16.308702
 55840.000000 -844058.750000 793.757116 3.457969 3.379548 16.244944
 55860.000000 -843740.000000 793.413715 3.521542 3.428304 16.413355
 55880.000000 -844965.875000 793.929743 3.635751 3.289757 16.522584
 55900.000000 -845741.187500 791.880877 3.470857 3.260641 16.422362
 55920.000000 -844534.062500 793.923312 3.648734 3.115370 16.329538
 55940.000000 -842770.187500 792.403628 3.467316 3.182722 16.350756
 55960.000000 -843468.437500 794.987123 3.589613 3.138032 16.504276
 55980.000000 -843584.937500 794.534408 3.555125 3.353082 16.433633
 56000.000000 -846257.062500 794.682657 3.939980 3.457975 16.230182
 56020.000000 -844732.500000 792.358763 3.919099 3.230991 16.423996
 56040.000000 -844155.062500 796.750144 3.711863 3.380050 16.451210
 56060.000000 -843721.125000 794.011844 3.371367 3.616851 16.677201
 56080.000000 -846092.875000 795.422503 3.615603 3.713405 16.597550
 56100.000000 -844631.687500 792.803542 3.488319 3.773923 16.466992
 56120.000000 -846141.562500 792.738745 3.646809 3.197484 16.504852
 56140.000000 -844440.125000 790.270896 3.230112 3.117348 16.404384
 56160.000000 -845862.687500 793.231323 3.650541 3.485813 16.525712
 56180.000000 -843186.000000 793.250979 3.571454 3.570032 16.332378
 56200.000000 -844856.437500 792.870748 3.398550 3.611456 16.148528
 56220.000000 -844871.312500 794.726133 3.442391 3.384236 16.451395
 56240.000000 -846109.687500 792.629019 3.356174 3.328578 16.542515
 56260.000000 -843402.750000 795.031908 3.190798 3.589203 16.413264
 56280.000000 -843539.812500 793.763156 3.430718 3.481891 16.241640
 56300.000000 -846368.625000 793.848538 3.531381 3.451699 16.283404
 56320.000000 -845302.437500 791.714594 3.212624 3.611316 16.403749
 56340.000000 -845534.437500 791.464274 3.494626 3.246222 16.596111
 56360.000000 -844430.625000 794.157240 3.414219 3.489731 16.686108
 56380.000000 -845959.687500 791.497630 3.284509 3.512474 16.506054
 56400.000000 -843950.437500 794.465749 3.426289 3.603093 16.269296
 56420.000000 -844611.500000 796.236314 3.418028 3.776050 16.371811
 56440.000000 -844269.312500 795.429927 3.419448 3.619879 16.468177
 56460.000000 -843446.375000 793.239035 3.412405 3.390253 16.225500
 56480.000000 -846536.250000 795.974894 3.428296 3.203171 16.204063
 56500.000000 -843739.812500 795.752246 3.557677 3.374969 16.348970
 56520.000000 -846211.312500 793.009825 3.293933 3.520907 16.306737
 56540.000000 -844267.687500 792.847088 3.204361 3.244811 16.491717
 56560.000000 -845081.687500 791.431932 2.861156 3.346732 16.440708
 56580.000000 -844090.937500 796.798474 3.199426 3.670910 16.429405
 56600.000000 -844358.500000 793.449342 3.300981 3.422621 16.331744
 56620.000000 -842953.750000 793.711472 3.354224 3.445045 16.432526
 56640.000000 -843864.875000 792.557886 3.332558 3.558001 16.641249
 56660.000000 -845255.125000 792.856010 3.367562 3.244138 16.516090
 56680.000000 -842734.000000 793.410572 3.370882 3.480271 16.606339
 56700.000000 -842624.750000 796.634928 3.435434 3.548642 16.380298
 56720.000000 -843866.000000 795.615982 3.357116 3.509261 16.469485
 56740.000000 -843186.062500 793.017713 3.322019 3.450876 16.596479
 56760.000000 -842845.312500 795.744348 3.421324 3.604119 16.732784
 56780.000000 -845682.750000 794.636285 3.107160 3.637353 16.677284
 56800.000000 -842961.937500 794.573177 3.256305 3.860907 16.603529
 56820.000000 -844814.500000 793.573238 3.548895 3.302643 16.346595
 56840.000000 -845233.625000 793.080475 3.333451 3.512640 16.506002
 56860.000000 -845615.062500 794.716339 3.146430 3.506791 16.557252
 56880.000000 -844888.937500 792.780349 3.251695 3.364666 16.348526
 56900.000000 -845349.312500 793.901836 3.599983 3.353418 16.658078
 56920.000000 -844700.062500 795.247949 3.062396 3.507890 16.485269
 56940.000000 -845093.437500 792.452062 3.433609 3.265707 16.421032
 56960.000000 -844327.625000 793.165398 3.581156 3.103723 16.602874
 56980.000000 -843453.875000 796.760950 3.279940 3.173842 16.623515
 57000.000000 -842110.000000 795.613695 3.319271 3.053690 16.725199
 57020.000000 -845474.500000 793.329152 3.333690 3.539284 16.381726
 57040.000000 -845562.312500 794.153302 3.487558 3.495982 16.143264
 57060.000000 -845039.125000 791.801885 3.309509 3.539553 16.148573
 57080.000000 -844299.812500 794.522199 3.668782 3.249268 16.325375
 57100.000000 -842977.437500 794.338963 3.410707 3.465595 16.289817
 57120.000000 -843961.937500 796.018891 3.459757 3.378168 16.195996
 57140.000000 -843192.375000 796.129639 3.295820 3.472646 16.355062
 57160.000000 -842788.875000 796.909349 3.437086 3.614396 16.605925
 57180.000000 -843770.562500 795.560527 3.250823 3.464273 16.376179
 57200.000000 -843459.937500 794.982594 3.348315 3.533540 16.324445
 57220.000000 -845294.250000 795.085547 3.563987 3.500046 16.313297
 57240.000000 -844118.687500 792.672463 3.460854 3.418440 16.290644
 57260.000000 -845243.812500 793.997092 3.371791 3.551895 16.603518
 57280.000000 -843603.875000 793.977163 3.400716 3.358107 16.684788
 57300.000000 -842187.125000 803.327399 3.609217 3.547577 8.078719
 57320.000000 -841875.187500 799.417115 2.958126 3.098407 11.899504
 57340.000000 -844266.000000 795.778868 3.601713 3.252252 14.703453
 57360.000000 -846339.250000 794.147707 3.434858 3.186769 15.856439
 57380.000000 -843948.687500 793.318858 3.311904 3.394523 16.320701
 57400.000000 -845912.437500 792.895463 3.354224 3.496465 16.461966
 57420.000000 -844194.750000 792.673848 3.265542 3.195978 16.278315
 57440.000000 -844727.000000 792.339914 3.244954 3.345779 16.554804
 57460.000000 -845372.687500 793.491487 3.559987 3.407977 16.377347
 57480.000000 -843316.062500 794.153906 3.517808 3.300441 16.416936
 57500.000000 -843804.625000 793.181308 3.608541 3.339378 16.546932
 57520.000000 -843771.937500 794.265518 3.412832 3.452379 16.246766
 57540.000000 -844015.000000 793.749309 3.210953 3.304706 16.480395
 57560.000000 -846296.062500 793.817776 3.521672 3.214001 16.400537
 57580.000000 -844503.062500 794.044621 3.449296 3.285746 16.384216
 57600.000000 -844421.375000 793.070252 3.773684 3.257871 16.532612
 57620.000000 -844645.937500 794.591652 3.664790 3.276446 16.447403
 57640.000000 -844709.312500 792.838014 3.642762 3.412316 16.606294
 57660.000000 -845214.187500 795.519145 3.633393 3.639970 16.781034
 57680.000000 -843719.750000 793.439938 3.437359 3.367285 16.749065
 57700.000000 -844899.500000 792.869566 3.525918 3.300208 16.742645
 57720.000000 -844534.875000 794.429098 3.574821 3.545299 16.724846
 57740.000000 -844602.687500 791.848947 3.620102 3.148828 16.629927
 57760.000000 -845329.187500 791.866963 3.555841 3.258727 16.340336
 57780.000000 -843841.312500 794.061150 3.351987 3.221283 16.428202
 57800.000000 -843958.750000 794.286476 3.318074 3.317522 16.523753
 57820.000000 -843787.625000 795.356330 3.418482 3.311148 16.491034
 57840.000000 -843870.312500 795.332449 3.303449 3.251096 16.137771
 57860.000000 -844309.750000 793.698789 3.328645 3.197014 16.353913
 57880.000000 -843711.187500 795.974054 3.577972 3.456663 16.643426
 57900.000000 -842714.250000 795.277190 3.292687 3.224614 16.445818
 57920.000000 -843628.875000 794.366275 3.299285 3.378218 16.462198
 57940.000000 -843944.125000 791.518390 3.383553 3.306761 16.498230
 57960.000000 -844268.125000 794.988328 3.474727 3.289603 16.521716
 57980.000000 -844851.437500 794.137175 3.244504 3.263934 16.636178
 58000.000000 -845544.375000 791.945842 3.572618 3.523539 16.425146
 58020.000000 -843762.937500 794.969495 3.292036 3.694490 16.725341
 58040.000000 -844333.312500 793.636637 3.284676 3.662021 16.771174
 58060.000000 -843447.125000 793.928914 3.457956 3.503142 16.728564
 58080.000000 -843554.875000 794.865416 3.587978 3.522306 16.604382
 58100.000000 -843639.687500 794.862099 3.237899 3.469078 16.673318
 58120.000000 -844346.062500 796.218004 3.502292 3.493731 16.432299
 58140.000000 -844925.375000 794.140053 3.358341 3.238137 16.730450
 58160.000000 -844775.000000 795.505168 3.328297 3.206442 16.462370
 58180.000000 -845491.125000 792.316474 3.273690 3.373207 16.242676
 58200.000000 -844414.125000 794.967252 3.582735 3.359394 16.415071
 58220.000000 -842921.500000 793.456873 3.259105 3.127887 16.339403
 58240.000000 -845762.062500 793.910130 3.113707 3.242355 16.258158
 58260.000000 -842446.687500 797.192191 3.304790 3.232763 16.347897
 58280.000000 -845081.250000 793.381166 3.290264 3.563867 16.385572
 58300.000000 -844407.000000 793.364161 3.458836 3.541898 16.831244
 58320.000000 -844651.687500 792.992091 3.518455 3.312215 16.717026
 58340.000000 -845626.125000 795.943024 3.377645 3.260718 16.563870
 58360.000000 -843405.250000 794.613730 3.461553 3.373845 16.649918
 58380.000000 -841857.562500 796.701995 3.531814 3.630159 16.324351
 58400.000000 -844002.562500 793.815489 3.379343 3.559814 16.154874
 58420.000000 -843668.250000 795.056946 3.189333 3.211170 16.443565
 58440.000000 -843131.750000 794.983777 3.216764 3.507096 16.607205
 58460.000000 -843524.062500 794.297663 3.449205 3.378527 16.413610
 58480.000000 -845454.000000 792.639462 3.379409 3.385634 16.276939
 58500.000000 -843699.312500 795.039050 3.539558 3.466526 16.100335
 58520.000000 -845246.875000 794.984454 3.271835 3.804912 16.161135
 58540.000000 -844843.562500 794.891826 3.237496 3.353790 16.434893
 58560.000000 -844472.312500 794.672588 3.390370 3.364954 16.486104
 58580.000000 -845371.750000 794.509841 3.498318 3.318393 16.648837
 58600.000000 -841559.000000 796.309708 3.453604 3.337067 16.611118
 58620.000000 -843570.687500 794.446220 3.371566 3.275449 16.628155
 58640.000000 -845460.375000 794.678620 3.584391 3.369206 16.521987
 58660.000000 -844042.312500 794.359718 3.227334 3.700431 16.544700
 58680.000000 -845664.375000 794.547177 3.531026 3.333294 16.745236
 58700.000000 -842464.187500 795.915486 3.587528 3.314079 16.561262
 58720.000000 -843955.750000 795.661217 3.571560 3.285484 16.758982
 58740.000000 -843311.500000 792.012416 3.549276 3.398044 16.584716
 58760.000000 -845754.062500 794.070794 3.384637 3.271198 16.512632
 58780.000000 -844361.500000 794.913193 3.380189 3.224259 16.323827
 58800.000000 -843451.812500 793.845943 3.291472 3.652644 16.391016
 58820.000000 -843235.750000 794.886064 3.458485 3.338775 16.513672
 58840.000000 -845195.500000 792.142882 3.224131 3.574923 16.270410
 58860.000000 -843393.750000 793.362473 3.456540 3.373985 16.474261
 58880.000000 -842878.687500 794.161717 3.267567 3.169278 16.608957
 58900.000000 -844073.625000 793.913930 3.542435 3.329522 16.632361
 58920.000000 -843139.562500 796.087807 3.479313 3.418483 16.593205
 58940.000000 -841572.250000 796.240560 3.419351 3.535591 16.724348
 58960.000000 -843831.312500 793.143796 3.460432 3.410854 16.592468
 58980.000000 -841874.750000 796.863683 3.488389 3.445323 16.653997
 59000.000000 -843958.812500 795.239497 3.322958 3.615567 16.578959
 59020.000000 -844270.125000 794.976252 3.394732 3.328126 16.753715
 59040.000000 -842891.375000 794.972950 3.487877 3.746367 17.096806
 59060.000000 -843443.437500 793.826202 3.523108 3.619381 16.753998
 59080.000000 -843660.062500 796.226767 3.509758 3.427351 16.556749
 59100.000000 -842949.000000 794.956049 3.397500 3.337351 16.468524
 59120.000000 -842486.875000 796.679594 3.064752 3.326083 16.342334
 59140.000000 -843256.062500 796.767738 2.974285 3.319396 16.481460
 59160.000000 -843604.312500 794.127511 3.273827 3.420431 16.449907
 59180.000000 -845368.187500 793.748141 3.517860 3.214924 16.806920
 59200.000000 -842040.875000 800.488261 3.128210 3.571396 8.025451
 59220.000000 -840800.812500 799.706701 3.326456 3.441550 10.173630
 59240.000000 -842575.875000 796.678912 3.404223 3.316138 10.791941
 59260.000000 -845004.937500 797.624395 3.314191 3.340166 12.441619
 59280.000000 -843449.062500 794.287280 3.129640 3.434506 15.017523
 59300.000000 -844647.625000 794.084587 3.048001 3.565832 15.992018
 59320.000000 -846412.250000 791.573698 3.341510 3.349877 16.215910
 59340.000000 -843877.500000 794.892330 3.060015 3.266011 16.350416
 59360.000000 -842357.062500 795.218297 3.277306 3.157130 16.137334
 59380.000000 -844188.625000 792.765598 3.576230 3.282674 16.474197
 59400.000000 -845250.750000 792.231268 3.690301 3.312363 16.635855
 59420.000000 -844799.250000 791.036717 3.550106 3.317995 16.761171
 59440.000000 -846393.187500 791.345977 3.264519 3.422147 16.527864
 59460.000000 -843880.125000 794.576927 3.421555 3.219004 16.331837
 59480.000000 -844387.000000 793.602311 3.623675 3.201790 16.405178
 59500.000000 -844456.625000 793.875588 3.302893 3.604942 16.462095
 59520.000000 -842529.125000 796.945480 3.230896 3.506234 16.476119
 59540.000000 -844014.000000 794.600163 3.659295 3.607543 16.209749
 59560.000000 -845361.937500 791.435699 3.472648 3.396404 16.494525
 59580.000000 -844616.125000 793.506829 3.408083 3.430914 16.243517
 59600.000000 -843872.500000 793.752894 3.426218 3.445135 16.501134
 59620.000000 -844397.375000 795.382170 3.465449 3.450784 16.651275
 59640.000000 -846156.062500 793.161334 3.487724 3.604276 16.559953
 59660.000000 -843947.937500 793.560631 3.244151 3.485296 16.343988
 59680.000000 -844338.562500 792.318514 3.499190 3.365570 16.562972
 59700.000000 -844593.437500 793.226270 3.594570 3.460308 16.463008
 59720.000000 -843421.750000 797.556459 3.638841 3.411311 16.440917
 59740.000000 -843305.312500 792.776704 3.540676 3.546528 16.638399
 59760.000000 -845603.312500 791.686778 3.487873 3.509854 16.499045
 59780.000000 -844698.437500 793.719802 3.103004 3.465490 16.786803
 59800.000000 -845138.750000 792.084456 3.260309 3.651649 16.439295
 59820.000000 -843652.250000 792.995078 3.270591 3.655921 16.534443
 59840.000000 -843237.500000 795.138061 3.562929 3.388558 16.693351
 59860.000000 -845548.750000 796.262963 3.828398 3.541665 16.748578
 59880.000000 -844345.875000 794.990338 3.721438 3.494944 16.500280
 59900.000000 -844576.062500 795.038426 3.669507 3.573537 16.206097
 59920.000000 -843640.500000 795.781522 3.386869 3.389100 16.305791
 59940.000000 -843502.687500 798.331020 3.609608 3.393499 16.183039
 59960.000000 -842444.500000 793.281898 3.542377 3.479806 16.242833
 59980.000000 -843601.125000 792.089494 3.424550 3.520898 16.684545
 60000.000000 -845602.375000 794.525539 3.260331 3.692469 16.373324
 60020.000000 -845592.250000 793.081078 3.564984 3.507171 16.199984
 60040.000000 -844641.187500 795.073093 3.524043 3.376506 16.443853
 60060.000000 -843816.000000 795.917769 3.126143 3.151644 16.446979
 60080.000000 -845046.875000 793.174223 3.233324 3.336497 16.547736
 60100.000000 -843165.437500 793.659806 3.146000 3.472847 16.509478
 60120.000000 -843945.750000 793.537672 3.507448 3.426290 16.384708
 60140.000000 -844201.312500 795.166220 3.481837 3.622995 16.183438
 60160.000000 -843520.562500 795.879389 3.468352 3.461218 16.211008
 60180.000000 -842732.875000 794.958660 3.270937 3.634166 16.294277
 60200.000000 -844153.312500 794.969894 3.192959 3.526100 16.720927
 60220.000000 -846059.187500 794.862884 3.493101 3.580746 16.574490
 60240.000000 -844957.562500 796.396650 3.415351 3.507844 16.275573
 60260.000000 -843581.250000 793.540157 3.353282 3.315232 16.214006
 60280.000000 -844607.312500 794.047761 3.492969 3.107405 16.529716
 60300.000000 -843849.812500 795.832711 3.562070 3.329268 16.466904
 60320.000000 -846296.437500 791.125002 3.159530 3.512340 16.117227
 60340.000000 -844375.937500 792.526956 3.405709 3.459339 16.268777
 60360.000000 -844496.562500 797.628081 3.472777 3.550312 16.556764
 60380.000000 -844147.250000 792.971235 3.401292 3.711150 16.591952
 60400.000000 -844555.625000 796.733997 3.290252 3.458754 16.602390
 60420.000000 -845011.375000 794.874850 3.273398 3.460860 16.240324
 60440.000000 -845153.437500 793.980549 3.671227 3.311101 16.385840
 60460.000000 -845009.000000 796.354775 3.428691 3.319719 16.520278
 60480.000000 -844053.500000 795.223927 3.169698 3.450619 16.668813
 60500.000000 -844131.562500 793.009856 3.191219 3.394367 16.775676
 60520.000000 -844274.562500 793.442920 3.399109 3.484855 16.688394
 60540.000000 -845775.937500 793.797457 3.431802 3.416393 16.681750
 60560.000000 -845272.000000 792.672335 3.443914 3.585655 16.233978
 60580.000000 -843754.000000 794.453503 3.278738 3.311813 16.300168
 60600.000000 -844366.375000 794.793223 3.364661 3.397345 16.198532
 60620.000000 -846641.125000 793.470922 3.181403 3.519799 16.472497
 60640.000000 -844218.062500 795.253363 2.896661 3.329394 16.434820
 60660.000000 -843724.187500 794.527080 3.202139 3.465690 16.214148
 60680.000000 -844170.187500 793.482242 3.299677 3.504852 16.600709
 60700.000000 -843557.125000 797.027628 3.477010 3.331711 16.406753
 60720.000000 -844888.312500 793.830707 3.442752 3.511086 16.639820
 60740.000000 -844632.562500 795.582744 3.392986 3.263719 16.504179
 60760.000000 -846868.687500 796.363065 3.312478 3.378968 16.225103
 60780.000000 -844759.312500 791.404654 3.501881 3.159504 16.772713
 60800.000000 -845790.562500 791.779595 3.548997 3.067136 16.574963
 60820.000000 -844695.750000 793.944312 3.560323 3.369419 16.655492
 60840.000000 -844847.062500 796.118594 3.310699 3.284758 16.562568
 60860.000000 -842774.750000 797.461039 3.304201 3.366734 16.481350
 60880.000000 -842815.750000 792.498631 3.207034 3.362027 16.364761
 60900.000000 -843786.250000 796.275757 3.401972 3.588301 16.404895
 60920.000000 -845225.000000 792.850277 3.453127 3.501409 16.583267
 60940.000000 -844496.500000 795.269136 3.282150 3.433505 16.504216
 60960.000000 -843640.375000 794.338318 3.287706 3.603262 16.256985
 60980.000000 -843382.812500 795.683820 3.252430 3.438888 16.356129
 61000.000000 -843341.375000 796.146901 3.586364 3.445219 16.420998
 61020.000000 -841965.687500 794.251305 3.365705 3.818188 16.473839
 61040.000000 -843900.625000 794.188191 3.284861 3.398072 16.383263
 61060.000000 -842458.687500 795.463606 3.370800 3.611309 16.428500
 61080.000000 -839816.562500 802.725694 3.390392 3.473622 5.820443
 61100.000000 -842168.812500 799.760487 2.939717 4.002178 10.310158
 61120.000000 -842066.375000 799.324693 3.193571 4.101115 11.259563
 61140.000000 -842720.062500 797.085321 3.194595 3.945225 14.011852
 61160.000000 -842308.187500 798.472652 3.438696 3.639660 15.637606
 61180.000000 -843810.250000 794.344523 3.355081 3.423234 16.023920
 61200.000000 -844543.250000 794.066667 3.252383 3.374911 16.284318
 61220.000000 -845122.750000 795.586830 3.248479 3.259731 16.164751
 61240.000000 -842792.125000 795.569513 3.292035 3.433401 16.278746
 61260.000000 -844500.625000 795.930139 3.509836 3.640517 16.355656
 61280.000000 -842724.687500 794.491508 3.589499 3.344613 16.530019
 61300.000000 -845752.562500 791.945483 3.385938 3.452399 16.761474
 61320.000000 -844552.625000 794.781789 3.242468 3.807210 16.754210
 61340.000000 -843056.000000 793.407828 3.280441 3.508939 16.622655
 61360.000000 -844337.187500 792.343095 3.225494 3.452711 16.540606
 61380.000000 -846125.562500 792.938877 3.472540 3.434805 16.797262
 61400.000000 -845778.687500 793.010565 3.512587 3.548992 16.856821
 61420.000000 -843924.062500 792.327056 3.623456 3.662554 16.503204
 61440.000000 -844475.687500 794.091566 3.413156 3.551170 16.625804
 61460.000000 -843615.000000 794.747128 3.050229 3.654236 16.430446
 61480.000000 -845410.187500 794.239359 3.168645 3.652858 16.326060
 61500.000000 -844915.625000 794.304857 3.164362 3.435590 16.757859
 61520.000000 -843469.750000 793.952479 3.795348 3.489387 3.127493
 61540.000000 -842653.562500 801.476811 3.292712 3.359335 9.578011
 61560.000000 -842582.125000 797.127422 3.335000 3.229328 11.850904
 61580.000000 -843660.937500 795.917457 3.237125 3.276699 14.787510
 61600.000000 -843290.312500 795.446622 3.235626 3.498455 15.688574
 61620.000000 -844760.625000 795.518105 3.229654 3.193261 16.193897
 61640.000000 -842880.187500 793.788446 3.070766 3.298140 16.291161
 61660.000000 -843840.125000 793.308137 3.189013 3.418682 16.527986
 61680.000000 -843713.937500 794.148696 3.539730 3.318984 16.726346
 61700.000000 -843922.562500 790.550784 3.373660 3.355764 16.636177
 61720.000000 -845088.625000 793.523030 3.268146 3.319801 16.506323
 61740.000000 -845329.375000 793.445342 3.472357 3.479560 16.461292
 61760.000000 -844921.187500 792.854283 3.292197 3.457225 16.235709
 61780.000000 -843737.875000 794.388513 3.233095 3.556793 16.164419
 61800.000000 -842846.250000 794.082102 3.588966 3.270777 16.302229
 61820.000000 -846320.500000 795.144981 3.621530 3.273132 16.317832
 61840.000000 -845449.000000 792.266598 3.596003 3.435855 16.362838
 61860.000000 -844541.312500 791.815667 3.465172 3.515466 16.511035
 61880.000000 -844251.187500 792.267393 3.236920 3.242990 16.550966
 61900.000000 -845753.750000 793.757690 3.508808 3.464582 16.640267
 61920.000000 -845153.312500 795.445108 3.322997 3.257707 16.277262
 61940.000000 -842943.125000 796.311268 3.199811 3.521647 16.433138
 61960.000000 -844256.750000 794.699215 3.443491 3.471203 16.560241
 61980.000000 -844774.437500 795.576218 3.231119 3.273502 16.551400
 62000.000000 -843969.437500 795.715249 2.959013 3.322319 16.539744
 62020.000000 -844359.125000 794.240027 3.079803 3.599946 16.794349
 62040.000000 -844194.687500 792.649535 3.257229 3.449796 16.724523
 62060.000000 -844480.250000 793.742726 3.566242 3.289893 16.482134
 62080.000000 -844409.062500 795.055178 4.022968 3.484942 16.372749
 62100.000000 -844790.812500 794.745941 3.638692 3.378204 16.503458
 62120.000000 -844183.500000 794.594689 3.376872 3.300869 16.490448
 62140.000000 -844927.125000 795.151585 3.532357 3.417364 16.489255
 62160.000000 -843464.687500 793.750734 3.304788 3.405762 16.808527
 62180.000000 -841701.375000 802.798355 2.853234 2.931431 9.864492
 62200.000000 -842146.875000 796.887645 3.189434 3.799765 14.495421
 62220.000000 -842782.500000 796.168254 3.132188 3.651630 15.897486
 62240.000000 -844730.500000 793.974167 3.350650 3.574451 16.113955
 62260.000000 -842890.875000 793.784828 3.402182 3.372800 16.239394
 62280.000000 -846141.312500 795.518114 3.226404 3.288975 16.487504
 62300.000000 -844925.250000 792.494364 3.392938 3.231173 16.799768
 62320.000000 -844814.062500 793.673614 3.518838 3.161853 16.536838
 62340.000000 -845350.750000 796.164108 3.674197 3.263754 16.531049
 62360.000000 -844602.562500 793.297101 3.713930 3.263192 16.514725
 62380.000000 -844314.375000 795.847868 3.638283 3.396276 16.600260
 62400.000000 -843721.125000 793.784617 3.764681 3.245242 16.748195
 62420.000000 -843429.625000 794.812834 3.883724 3.243159 16.782627
 62440.000000 -842428.625000 794.578086 3.689465 3.444843 16.623184
 62460.000000 -845157.125000 791.750866 3.621243 3.128951 16.525754
 62480.000000 -845123.187500 791.396460 3.370481 3.194891 16.352453
 62500.000000 -843057.625000 797.068942 3.485945 3.215860 16.442921
 62520.000000 -843213.125000 793.809937 3.461823 3.483633 16.600835
 62540.000000 -843720.937500 793.093778 3.580508 3.315254 16.533090
 62560.000000 -844386.812500 796.630496 3.225015 3.173804 16.221544
 62580.000000 -843257.750000 793.163411 3.689942 3.447762 16.470820
 62600.000000 -845618.062500 791.811461 3.625725 3.293280 16.629975
 62620.000000 -843774.375000 795.719200 3.538448 3.427449 16.376471
 62640.000000 -844515.250000 792.222661 3.506275 3.312326 16.343395
 62660.000000 -844301.000000 793.061794 3.344740 3.330237 16.554533
 62680.000000 -844370.250000 795.740879 3.196308 3.505071 16.363848
 62700.000000 -843270.437500 796.074964 3.298175 3.631260 16.611051
 62720.000000 -843201.062500 796.133074 3.392236 3.310491 16.299585
 62740.000000 -843811.437500 795.888119 3.453115 3.454737 16.310944
 62760.000000 -841863.000000 795.971974 3.502218 3.302239 16.325382
 62780.000000 -844092.375000 792.362585 3.318721 3.300553 16.486504
 62800.000000 -843244.812500 794.801167 3.443677 3.405037 16.138169
 62820.000000 -842177.187500 795.948495 3.688574 3.662148 16.340046
 62840.000000 -843985.125000 792.524214 3.470944 3.192011 16.318515
 62860.000000 -843120.437500 797.330897 3.545903 3.423305 16.460755
 62880.000000 -844370.500000 794.544269 3.650882 3.173702 16.340862
 62900.000000 -844593.562500 793.345566 3.568069 3.542748 16.502324
 62920.000000 -844312.250000 793.743638 3.520701 3.442570 16.601551
 62940.000000 -844724.312500 792.415431 3.557731 3.517552 16.598427
 62960.000000 -843983.187500 794.324443 3.278597 3.476323 16.532408
 62980.000000 -843439.437500 795.086071 3.595475 3.331230 16.385848
 63000.000000 -844807.062500 794.553951 3.572739 3.296728 16.512248
 63020.000000 -844501.125000 793.394019 3.594577 3.407925 16.390295
 63040.000000 -844102.812500 794.522313 3.542857 3.438649 16.254023
 63060.000000 -844133.187500 795.141546 3.360773 3.313163 16.351779
 63080.000000 -843242.187500 794.712323 3.289500 3.206805 16.377282
 63100.000000 -843864.750000 796.933753 3.330005 3.306973 16.315227
 63120.000000 -842800.000000 796.394916 3.312065 3.575383 16.450152
 63140.000000 -845472.062500 794.892534 3.364814 3.559541 16.402554
 63160.000000 -844008.312500 794.295524 3.345228 3.481467 16.450585
 63180.000000 -845458.500000 795.489022 3.500188 3.453537 16.570947
 63200.000000 -844062.812500 794.046809 3.395681 3.448894 16.604924
 63220.000000 -842224.875000 797.464903 2.992271 3.433682 5.203940
 63240.000000 -841333.750000 798.905133 3.498952 3.863709 9.803277
 63260.000000 -842962.125000 797.060799 3.289691 3.733826 13.781480
 63280.000000 -842893.312500 796.914279 3.265697 3.657759 15.239280
 63300.000000 -843981.687500 794.509801 3.152254 3.522151 15.722028
 63320.000000 -843335.375000 793.785395 3.153165 3.313156 16.236902
 63340.000000 -844241.062500 794.254060 3.614421 3.306322 16.190642
 63360.000000 -843383.312500 794.257499 3.383454 3.463017 16.350240
 63380.000000 -844173.250000 793.251158 3.320576 3.662310 16.516003
 63400.000000 -845188.250000 793.473264 3.240909 3.469584 16.708664
 63420.000000 -842632.500000 793.803093 2.932858 3.267760 16.653436
 63440.000000 -844092.937500 793.550470 3.473884 3.446956 16.705301
 63460.000000 -844139.812500 792.560505 3.578765 3.373890 16.767232
 63480.000000 -842261.812500 795.433541 3.542666 3.181737 16.690526
 63500.000000 -845457.187500 794.977537 3.567600 3.377112 16.601855
 63520.000000 -846199.812500 793.568037 3.552772 3.418409 16.789401
 63540.000000 -842322.187500 795.692575 3.259064 3.499467 16.472117
 63560.000000 -842675.437500 795.318170 3.518401 3.280058 16.530236
 63580.000000 -844017.625000 793.157156 3.520571 3.404866 16.714098
 63600.000000 -844205.062500 793.367808 3.588365 3.341773 16.847487
 63620.000000 -843097.375000 793.303014 3.523801 3.473003 16.920738
 63640.000000 -843488.062500 794.142732 3.576962 3.238196 16.407703
 63660.000000 -844700.312500 795.071210 3.481576 3.406304 16.406338
 63680.000000 -844766.250000 793.623981 3.441289 3.688765 16.220095
 63700.000000 -845054.250000 796.661640 3.246268 3.494317 16.357882
 63720.000000 -842839.875000 795.340374 3.409237 3.351349 16.363715
 63740.000000 -842966.625000 793.243423 3.056785 3.211510 16.325861
 63760.000000 -844480.937500 794.312928 3.356272 3.390389 16.586584
 63780.000000 -845067.250000 794.320286 3.458768 3.455704 16.314227
 63800.000000 -844731.062500 794.117116 3.230702 3.279610 16.443657
 63820.000000 -844028.125000 791.547169 3.427548 3.193532 16.590237
 63840.000000 -842715.687500 793.764588 3.373502 3.345018 16.533478
 63860.000000 -844347.250000 793.854920 3.513829 3.272709 16.447931
 63880.000000 -844095.250000 794.874234 3.429224 3.296474 16.636245
 63900.000000 -843540.875000 794.912919 3.715469 3.478969 16.669184
 63920.000000 -844430.500000 795.401658 3.540695 3.253077 16.633221
 63940.000000 -844378.562500 796.237198 3.516608 3.172166 16.672935
 63960.000000 -842867.875000 794.281911 3.293508 3.147668 16.537760
 63980.000000 -842948.500000 792.835363 3.076301 3.300026 16.456946
 64000.000000 -842732.125000 795.791859 3.397437 3.601395 16.629166
 64020.000000 -841378.500000 802.149187 3.487203 3.935884 9.282794
 64040.000000 -841788.125000 799.304345 3.228158 3.479512 12.761919
 64060.000000 -842324.812500 796.110434 3.619932 3.352888 14.997777
 64080.000000 -844838.500000 793.842953 3.511087 3.461230 16.021228
 64100.000000 -844554.625000 796.053788 3.179143 3.510815 16.422154
 64120.000000 -842042.625000 794.769014 3.437692 3.569244 16.405695
 64140.000000 -845094.750000 795.749483 3.388287 3.515247 16.417595
 64160.000000 -843978.375000 789.615885 3.444563 3.262537 16.600152
 64180.000000 -844364.062500 794.310610 3.489689 3.201908 16.431423
 64200.000000 -843509.687500 796.208316 3.413887 3.207578 16.273699
 64220.000000 -844538.875000 797.061526 3.447836 3.345973 16.392409
 64240.000000 -842642.500000 794.879176 3.342349 3.467659 16.509278
 64260.000000 -843283.687500 796.247800 3.484530 3.518744 16.499361
 64280.000000 -845601.937500 792.689660 3.559870 3.397798 16.507732
 64300.000000 -844960.375000 795.121924 3.618223 3.516198 16.676045
 64320.000000 -844345.937500 795.968741 3.541350 3.475077 16.795595
 64340.000000 -843834.750000 795.320990 3.173701 3.281445 16.814396
 64360.000000 -844219.875000 794.134451 3.468387 3.307264 16.819350
 64380.000000 -844003.437500 792.154374 3.544901 3.160061 16.648033
 64400.000000 -844240.875000 794.300441 3.299615 3.087133 16.502062
 64420.000000 -843992.937500 793.365106 3.068456 3.505182 16.712978
 64440.000000 -843391.187500 797.135658 3.308913 3.473137 16.613867
 64460.000000 -843476.375000 796.598442 3.470859 3.516319 16.381720
 64480.000000 -843345.312500 794.087700 3.511068 3.429661 16.289915
 64500.000000 -844643.062500 796.605235 3.180259 3.343667 16.593903
 64520.000000 -844341.250000 793.952768 3.229623 3.221624 16.423760
 64540.000000 -843768.625000 796.440585 3.582820 3.186331 16.263710
 64560.000000 -845775.250000 794.009624 3.502120 3.433468 16.181096
 64580.000000 -842599.937500 794.984282 3.535998 3.661173 16.165259
 64600.000000 -843378.812500 796.111754 3.304090 3.254181 16.287378
 64620.000000 -842781.500000 793.673474 3.205704 3.390523 16.411522
 64640.000000 -845001.875000 792.552146 3.400989 3.521949 16.557007
 64660.000000 -844897.187500 794.395521 3.660036 3.495410 16.549923
 64680.000000 -844743.187500 793.164179 3.597599 3.559586 16.452872
 64700.000000 -842911.687500 795.056044 3.548222 3.508997 16.401285
 64720.000000 -844025.187500 792.256980 3.255274 3.363025 16.432736
 64740.000000 -842437.812500 796.710290 3.233163 3.582944 16.537966
 64760.000000 -844237.437500 794.921485 3.325164 3.314807 16.688917
 64780.000000 -843525.500000 795.448398 3.409554 3.367291 16.422112
 64800.000000 -844310.875000 794.814246 3.194200 3.376856 16.426136
 64820.000000 -844085.750000 793.035613 3.129899 3.338254 16.658741
 64840.000000 -843450.875000 793.434367 3.280700 3.304806 16.284423
 64860.000000 -844302.500000 796.739279 3.420557 3.440962 16.339995
 64880.000000 -845144.250000 793.716499 3.415339 3.303506 16.402223
 64900.000000 -843037.125000 791.846585 3.580289 3.355726 16.433352
 64920.000000 -842730.437500 796.354298 3.433517 3.698269 16.560203
 64940.000000 -844690.250000 790.600345 3.446164 3.338475 16.666514
 64960.000000 -842134.500000 793.269620 3.203583 3.763235 16.333051
 64980.000000 -844649.000000 792.875105 3.396965 3.703209 16.482811
 65000.000000 -846331.812500 793.211169 3.439370 3.681295 16.652193
 65020.000000 -842585.125000 794.707186 3.115561 3.370435 16.731185
 65040.000000 -846028.250000 794.565863 3.276132 3.191578 16.369622
 65060.000000 -844427.125000 794.093808 2.968984 3.298945 16.474704
 65080.000000 -844092.750000 793.588717 3.332952 3.161341 16.640760
 65100.000000 -842875.437500 794.780287 3.527241 3.337558 16.417435
 65120.000000 -842293.062500 796.010449 3.528187 3.088410 16.308071
 65140.000000 -843028.687500 793.951718 3.448608 3.133431 16.334502
 65160.000000 -844556.437500 792.503683 3.400813 3.279496 16.239880
 65180.000000 -841730.625000 795.831025 3.377451 3.262072 16.425190
 65200.000000 -844054.500000 795.513222 3.261942 3.205686 16.189016
 65220.000000 -842375.187500 793.069309 3.450458 3.184062 16.393820
 65240.000000 -845654.500000 795.075642 3.267831 3.496033 16.216993
 65260.000000 -844269.812500 794.175757 3.139095 3.267788 16.603437
 65280.000000 -845292.062500 793.015705 3.442104 3.389946 16.684186
 65300.000000 -843463.187500 795.392150 3.474230 3.335451 16.458609
 65320.000000 -844473.125000 795.795862 3.271330 3.187605 16.522890
 65340.000000 -844635.312500 795.333606 3.475683 3.381590 16.279477
 65360.000000 -844149.000000 796.874176 3.446477 3.445536 16.397383
 65380.000000 -845439.687500 793.663993 3.245646 3.513151 16.465280
 65400.000000 -843786.687500 795.383766 3.283453 3.736460 16.507418
 65420.000000 -845190.312500 794.006791 3.349978 3.696881 16.593947
 65440.000000 -845656.687500 792.105665 3.460170 3.389444 16.449850
 65460.000000 -844749.750000 793.122868 3.354470 3.375696 16.385093
 65480.000000 -845921.250000 792.953837 3.386090 3.447476 16.227277
 65500.000000 -845398.375000 793.651181 3.195700 3.482094 16.474424
 65520.000000 -845818.062500 792.909680 3.297337 3.562485 16.658673
 65540.000000 -841812.125000 794.762456 3.588439 3.447259 16.427657
 65560.000000 -844944.562500 795.341172 3.567625 3.723157 16.174596
 65580.000000 -843806.437500 793.658329 3.712042 3.387303 16.628626
 65600.000000 -846548.687500 789.457622 3.543236 3.280720 16.600104
 65620.000000 -843212.500000 794.646776 3.259008 3.300091 16.262209
 65640.000000 -843725.187500 793.693363 3.201312 3.282553 16.245689
 65660.000000 -843989.875000 795.715523 3.512645 3.593984 16.485513
 65680.000000 -844394.125000 796.468641 3.395815 3.274972 16.305991
 65700.000000 -844053.250000 793.798772 3.394315 3.055862 16.481491
 65720.000000 -844476.125000 794.612745 3.167126 3.413765 16.475885
 65740.000000 -843979.687500 791.008653 3.413978 3.318638 16.480770
 65760.000000 -846533.187500 792.721030 3.276631 3.728814 16.495390
 65780.000000 -843936.875000 793.248771 3.597544 3.486515 16.212410
 65800.000000 -844635.812500 794.470821 3.471797 3.409226 16.468771
 65820.000000 -846261.437500 792.497352 3.333596 3.053875 16.523498
 65840.000000 -844854.562500 792.015664 3.209821 3.044265 16.287226
 65860.000000 -844083.250000 793.620535 3.351429 3.328830 16.383405
 65880.000000 -842799.000000 796.948127 3.344674 3.403215 16.461503
 65900.000000 -846708.187500 793.691933 3.434657 3.441705 16.400705
 65920.000000 -843307.187500 792.232145 3.898720 3.403308 16.419165
 65940.000000 -844935.250000 793.451771 3.537214 3.549508 16.439105
 65960.000000 -844996.250000 794.909735 3.489640 3.326992 16.512750
 65980.000000 -844253.437500 795.019219 3.278824 3.353106 16.622918
 66000.000000 -844199.125000 792.856440 3.124721 3.199196 16.596167
 66020.000000 -844701.875000 792.357397 3.243746 3.038208 16.574195
 66040.000000 -844296.625000 792.191731 3.542857 3.251333 16.526369
 66060.000000 -845260.750000 793.931033 3.560873 3.089547 16.467610
 66080.000000 -845622.437500 793.255968 3.012566 3.359342 16.512611
 66100.000000 -844818.875000 794.849748 3.129531 3.478878 16.446521
 66120.000000 -844398.312500 797.434579 3.191380 3.193741 16.522133
 66140.000000 -843465.187500 794.918746 3.503357 3.429208 16.217698
 66160.000000 -844214.125000 792.917776 3.437613 3.545581 16.315509
 66180.000000 -843590.062500 792.650441 3.508231 3.341439 16.543247
 66200.000000 -844615.625000 794.980311 3.317324 3.690171 16.498120
 66220.000000 -844857.625000 792.940873 3.318157 3.659325 16.674310
 66240.000000 -844744.937500 791.578815 3.346042 3.450108 16.510282
 66260.000000 -844228.000000 794.113568 3.503236 3.539667 16.618181
 66280.000000 -844980.687500 792.767711 3.471703 3.073092 16.769491
 66300.000000 -845411.250000 794.549607 3.556229 3.509747 16.887147
 66320.000000 -844288.500000 793.070605 3.812214 3.619556 16.580459
 66340.000000 -844545.812500 792.730965 3.615974 3.377464 16.528850
 66360.000000 -843091.125000 794.699078 3.505023 3.252929 16.631957
 66380.000000 -843913.375000 794.975325 3.860971 3.267951 16.679836
 66400.000000 -844644.437500 794.732810 3.483301 3.001723 16.578816
 66420.000000 -844878.250000 794.142660 3.420028 3.273762 16.595252
 66440.000000 -844413.250000 794.914833 3.310436 3.245211 16.584963
 66460.000000 -844446.312500 794.388662 3.409676 3.227317 16.404052
 66480.000000 -844609.250000 796.574424 3.330330 3.401573 16.419855
 66500.000000 -843472.312500 792.196683 3.684902 3.733718 16.191605
 66520.000000 -843783.687500 794.894762 3.914421 3.513353 16.207011
 66540.000000 -844625.812500 794.658303 3.922940 3.364234 16.322215
 66560.000000 -844693.250000 794.411416 3.583529 3.229191 16.684226
 66580.000000 -844592.750000 793.492747 3.122060 3.409934 16.444113
 66600.000000 -845287.750000 794.026034 3.158926 3.202970 16.642913
 66620.000000 -845541.875000 792.300599 3.429751 3.386893 16.516887
 66640.000000 -844349.375000 793.271223 3.475041 3.270824 16.877953
 66660.000000 -844686.312500 795.464950 3.680358 3.297949 16.546647
 66680.000000 -844188.875000 795.175601 3.181325 3.257607 16.409968
 66700.000000 -845088.875000 793.215792 3.162662 3.348848 16.423441
 66720.000000 -843796.937500 793.728445 3.514515 3.381779 16.531963
 66740.000000 -843504.312500 795.090852 3.274092 3.163454 16.240195
 66760.000000 -842738.562500 794.849376 3.290081 3.223916 16.184697
 66780.000000 -845869.625000 794.742876 3.592104 3.256503 16.297510
 66800.000000 -845378.312500 794.375435 3.417161 3.535333 16.384557
 66820.000000 -843313.937500 794.308345 3.404472 3.427546 16.471635
 66840.000000 -845664.062500 794.234542 3.488027 3.410592 16.636912
 66860.000000 -843607.375000 793.834561 3.425765 3.187739 16.321967
 66880.000000 -844756.312500 793.071569 3.343508 3.451058 16.424461
 66900.000000 -844743.437500 794.771227 3.115280 3.561509 16.317759
 66920.000000 -845442.062500 794.844787 3.288455 3.457553 16.418401
 66940.000000 -843161.062500 794.935452 3.499537 3.305894 16.457530
 66960.000000 -845029.187500 794.444839 3.596839 3.287230 16.343631
 66980.000000 -844239.812500 795.059307 3.396783 3.237422 16.443821
 67000.000000 -845019.625000 796.240541 3.316729 3.335846 16.307493
 67020.000000 -843440.562500 795.748479 3.486919 3.349236 16.271157
 67040.000000 -843916.687500 793.760301 3.730244 3.605323 16.317681
 67060.000000 -844527.750000 795.289546 3.522152 3.415402 16.498826
 67080.000000 -843974.250000 793.577161 3.620004 3.474940 16.474027
 67100.000000 -844585.812500 795.340300 3.584574 3.450954 16.521220
 67120.000000 -842699.437500 792.567931 3.380678 3.320847 16.173829
 67140.000000 -844259.562500 794.280592 3.475234 3.478023 16.371456
 67160.000000 -843861.312500 795.410713 3.306264 3.461484 16.278854
 67180.000000 -843972.187500 795.387908 3.581723 3.611690 16.447046
 67200.000000 -842281.437500 794.380347 3.737648 3.468195 16.792633
 67220.000000 -848074.562500 790.572110 3.338943 3.451387 16.443766
 67240.000000 -843815.875000 793.043385 3.395707 3.378439 16.561191
 67260.000000 -843880.937500 792.983427 3.330738 3.445324 16.529629
 67280.000000 -844635.250000 792.087063 3.183826 3.328338 16.385749
 67300.000000 -844435.562500 793.488050 3.351489 3.503661 16.622773
 67320.000000 -843104.500000 797.446122 3.333645 3.444994 16.625714
 67340.000000 -845932.187500 791.493898 3.144634 3.576825 16.435835
 67360.000000 -845135.562500 795.578010 3.368172 3.542567 16.658946
 67380.000000 -844221.312500 795.227360 3.539701 3.354678 16.486528
 67400.000000 -842585.500000 797.829977 3.633052 3.510493 16.513995
 67420.000000 -843608.125000 794.296865 3.782070 3.309550 16.614079
 67440.000000 -842157.812500 793.558268 3.578921 3.567044 16.618344
 67460.000000 -843805.687500 794.176332 3.539892 3.406943 16.431358
 67480.000000 -844719.312500 794.170768 3.619879 3.323280 16.343812
 67500.000000 -844397.750000 797.862228 3.356855 3.659820 16.258672
 67520.000000 -843735.437500 796.861384 3.541766 3.647423 16.539545
 67540.000000 -845151.625000 793.074096 3.195646 3.365475 16.668515
 67560.000000 -844553.687500 793.314044 3.268507 3.365724 16.544189
 67580.000000 -846026.500000 790.414040 3.360492 3.619921 16.663161
 67600.000000 -843953.125000 795.080238 3.387226 3.498811 16.732717
 67620.000000 -845545.187500 794.740894 3.304938 3.393799 16.676369
 67640.000000 -843990.062500 794.140854 3.589214 3.306514 16.602100
 67660.000000 -846306.312500 792.832230 3.541345 3.405133 16.491834
 67680.000000 -842899.187500 794.603799 3.260786 3.351355 16.540612
 67700.000000 -844472.937500 793.844294 3.107998 3.321676 16.337522
 67720.000000 -843957.812500 795.537974 3.239464 3.516358 16.334040
 67740.000000 -843885.562500 793.491558 3.128615 3.551061 16.402861
 67760.000000 -844810.812500 793.853721 3.291836 3.337380 16.347212
 67780.000000 -844416.437500 794.744938 3.677877 3.445941 16.603483
 67800.000000 -844439.125000 793.773826 3.482654 3.377519 16.464135
 67820.000000 -845405.375000 795.036557 3.509997 3.566393 16.287787
 67840.000000 -843665.437500 794.315431 3.413306 3.338034 16.345077
 67860.000000 -844372.500000 794.266611 3.444355 3.089941 16.471722
 67880.000000 -840801.062500 796.972945 3.249144 3.190742 16.426113
 67900.000000 -844016.687500 795.863759 3.168761 3.491116 16.671118
 67920.000000 -843452.875000 794.498611 3.249888 3.634964 16.640066
 67940.000000 -842987.375000 794.760060 3.175975 3.240534 16.532499
 67960.000000 -844951.312500 792.018448 3.340416 3.189889 16.490636
 67980.000000 -844592.812500 792.739212 3.480990 3.542385 16.431250
 68000.000000 -842838.687500 795.609046 3.299964 3.451466 16.673305
 68020.000000 -844019.125000 796.907948 3.377623 3.190776 16.732144
 68040.000000 -843389.250000 794.599719 3.442953 3.247566 16.536903
 68060.000000 -844413.687500 794.365275 3.729052 3.236232 16.390522
 68080.000000 -844863.250000 792.447546 3.551753 3.594521 16.355737
 68100.000000 -845168.312500 794.237354 3.362823 3.687954 16.519354
 68120.000000 -843649.125000 793.484004 3.408521 3.611074 16.388514
 68140.000000 -844990.875000 792.644064 3.451204 3.603536 16.312126
 68160.000000 -843082.187500 794.363022 3.552929 3.617149 16.587376
 68180.000000 -845420.500000 794.678598 3.545003 3.579377 16.476845
 68200.000000 -843722.312500 795.804602 3.263433 3.632764 16.237843
 68220.000000 -843806.562500 793.420649 3.228834 3.580423 16.279656
 68240.000000 -844468.562500 795.470422 3.353294 3.604048 16.303029
 68260.000000 -844436.375000 794.288087 3.332590 3.524698 16.422213
 68280.000000 -844973.812500 795.434220 3.361747 3.336263 16.571668
 68300.000000 -845503.062500 791.800546 3.672537 3.169410 16.449109
 68320.000000 -842976.250000 792.868899 3.445229 3.195796 16.441667
 68340.000000 -843991.250000 793.468157 3.490421 3.247663 16.646431
 68360.000000 -843336.687500 792.286856 3.515641 3.569392 16.636357
 68380.000000 -844810.000000 792.971052 3.413039 3.583963 16.620403
 68400.000000 -844777.437500 795.249985 3.168757 3.492568 16.425023
 68420.000000 -844707.187500 791.458240 3.485387 3.475631 16.494727
 68440.000000 -843821.562500 793.140124 3.163843 3.288711 16.494856
 68460.000000 -844686.812500 793.934885 3.364582 3.509306 16.415849
 68480.000000 -845227.062500 793.526834 3.511645 3.479405 16.327868
 68500.000000 -845028.500000 796.599188 3.528315 3.484463 16.495378
 68520.000000 -842671.625000 794.910845 3.729644 3.346299 16.189521
 68540.000000 -842884.500000 794.756649 3.501350 3.487909 16.656515
 68560.000000 -845479.250000 792.940154 3.394175 3.751194 16.719330
 68580.000000 -844439.375000 796.124643 3.422759 3.564678 16.490985
 68600.000000 -844960.312500 794.044199 3.794771 3.690307 16.360393
 68620.000000 -843914.750000 796.186554 3.368896 3.461976 16.576540
 68640.000000 -843751.375000 793.718196 3.289430 3.414644 16.238921
 68660.000000 -845814.562500 794.515201 3.180151 3.389597 16.308462
 68680.000000 -844571.187500 793.458677 3.375214 3.208231 16.518140
 68700.000000 -843746.625000 793.709235 3.325628 3.212559 16.536949
 68720.000000 -846741.812500 792.364076 3.259482 3.457081 16.616219
 68740.000000 -843384.562500 793.684972 3.418392 3.320813 16.730227
 68760.000000 -845257.937500 789.451070 3.422967 3.524143 16.471745
 68780.000000 -844256.312500 793.848939 3.029024 3.257575 16.665773
 68800.000000 -843060.062500 793.581932 3.216342 3.238960 16.564917
 68820.000000 -844480.250000 793.418742 3.318750 3.438078 16.729937
 68840.000000 -843686.750000 798.381466 3.442124 3.239400 16.763245
 68860.000000 -843511.750000 795.406056 3.386712 3.320861 16.450503
 68880.000000 -843406.937500 796.264589 3.318025 3.371737 16.396845
 68900.000000 -844750.937500 793.238170 3.359948 3.155884 16.495111
 68920.000000 -841817.062500 800.945090 3.283834 3.652402 6.580082
 68940.000000 -842040.750000 799.564932 3.207587 3.178992 11.280938
 68960.000000 -842204.250000 798.162612 3.904721 3.388891 14.442917
 68980.000000 -843119.937500 794.558345 3.651887 3.156841 15.810282
 69000.000000 -842679.875000 795.120533 3.377628 3.336499 16.111790
 69020.000000 -844109.875000 795.240462 3.410542 3.620096 16.383809
 69040.000000 -843494.625000 792.230704 3.496817 3.681982 16.308215
 69060.000000 -843957.562500 792.799942 3.509152 3.529252 16.452406
 69080.000000 -844624.375000 792.238898 3.542181 3.334177 16.698380
 69100.000000 -843720.750000 793.817326 3.520000 3.240880 16.501159
 69120.000000 -843663.562500 793.333168 3.699399 3.145549 16.608431
 69140.000000 -842703.625000 792.274842 3.543637 3.315444 16.652280
 69160.000000 -844823.375000 794.072909 3.247941 3.539074 16.530540
 69180.000000 -844457.625000 795.225876 3.456679 3.405984 16.501838
 69200.000000 -843851.500000 796.049785 3.334407 3.492073 16.237351
 69220.000000 -843881.687500 794.335220 3.237045 3.538892 16.304769
 69240.000000 -843733.625000 794.708577 3.338121 3.270224 16.274486
 69260.000000 -844602.625000 794.781085 3.591618 3.201818 16.599471
 69280.000000 -844577.375000 795.762996 3.482094 3.055900 16.536265
 69300.000000 -843042.875000 796.998740 3.552926 3.372213 16.417640
 69320.000000 -844273.187500 792.759533 3.611362 3.400905 16.610347
 69340.000000 -846374.500000 793.583640 3.555043 3.398855 16.432570
 69360.000000 -843658.062500 795.162191 3.447802 3.701831 16.285981
 69380.000000 -843709.562500 794.698736 3.369730 3.728213 16.094889
 69400.000000 -844306.000000 793.734054 3.293959 3.762796 16.465216
 69420.000000 -844111.062500 794.954800 3.540295 3.472280 16.499530
 69440.000000 -844228.875000 794.332271 3.493513 3.333936 16.521780
 69460.000000 -844823.250000 796.384738 3.476509 3.175601 16.542721
 69480.000000 -843921.937500 795.643274 3.684810 3.053524 16.598828
 69500.000000 -845125.250000 794.179259 3.570128 3.350791 16.509463
 69520.000000 -844306.500000 792.893583 3.564071 3.280520 16.514903
 69540.000000 -843345.875000 794.389465 3.483339 3.371597 16.239975
 69560.000000 -843345.250000 794.786082 3.627169 3.359716 16.366605
 69580.000000 -844111.062500 794.475810 3.475041 3.303433 16.473936
 69600.000000 -844007.625000 795.853615 3.354703 3.450213 16.634837
 69620.000000 -845223.187500 795.525173 3.537757 3.208167 16.418076
 69640.000000 -844656.687500 793.705295 3.443241 3.430005 16.554345
 69660.000000 -842862.687500 795.619269 3.284898 3.365381 16.247715
 69680.000000 -843839.250000 798.642223 3.594036 3.071338 16.404486
 69700.000000 -843499.375000 796.078322 3.485771 3.437447 16.229419
 69720.000000 -845316.312500 792.906342 3.488328 3.640826 16.448436
 69740.000000 -843884.625000 793.820346 3.473378 3.753288 16.463016
 69760.000000 -844664.250000 794.866747 3.826661 3.541153 16.388178
 69780.000000 -843945.812500 795.249043 3.450533 3.226482 16.366503
 69800.000000 -845036.875000 794.720125 3.125438 3.484819 16.248501
 69820.000000 -844180.312500 792.898170 3.417561 3.330191 16.485279
 69840.000000 -843586.500000 795.496699 3.618705 3.303806 16.239991
 69860.000000 -844203.875000 795.256196 3.377000 3.498384 16.528360
 69880.000000 -845228.812500 793.828478 3.459626 3.053125 16.667905
 69900.000000 -842385.125000 799.238194 3.213035 2.932670 8.528088
 69920.000000 -843517.750000 796.878757 3.358233 2.916616 12.041639
 69940.000000 -842880.750000 798.046289 3.140898 3.032996 14.572295
 69960.000000 -843451.312500 794.862430 2.976090 3.269146 15.573107
 69980.000000 -842564.375000 793.862977 3.054842 3.185642 16.309455
 70000.000000 -844326.000000 792.628960 3.206343 3.248456 16.531961
 70020.000000 -844253.437500 792.473612 3.326634 3.358407 16.444511
 70040.000000 -842948.625000 795.378003 3.660535 3.324199 16.450974
 70060.000000 -844831.750000 793.730218 3.662052 3.246160 16.369128
 70080.000000 -846696.375000 791.597548 3.525078 3.159180 16.439550
 70100.000000 -845268.125000 791.745249 3.382762 3.638841 16.421867
 70120.000000 -847004.000000 791.599931 3.253798 3.453850 16.585410
 70140.000000 -842418.125000 794.953258 3.501913 3.564891 16.789047
 70160.000000 -844956.125000 791.977444 3.319140 3.400238 16.705735
 70180.000000 -844262.437500 795.580170 3.531276 3.373498 16.743473
 70200.000000 -845617.750000 790.906887 3.543789 3.393096 16.567638
 70220.000000 -843163.625000 792.850522 3.441377 3.463279 16.334507
 70240.000000 -842970.250000 793.501477 3.348861 3.472647 16.604115
 70260.000000 -842970.312500 793.985158 3.498266 3.307989 16.559040
 70280.000000 -843478.000000 792.961952 3.029028 3.367342 16.605924
 70300.000000 -842731.000000 795.401600 3.196700 3.566454 16.665586
 70320.000000 -843721.250000 794.363289 3.483905 3.213732 16.649330
 70340.000000 -843734.125000 796.419496 3.437384 3.479077 16.544920
 70360.000000 -845135.562500 792.719427 3.481213 3.356806 16.406487
 70380.000000 -841933.875000 795.458022 3.467676 3.595901 16.291503
 70400.000000 -845137.500000 793.663212 3.241586 3.227990 16.597875
 70420.000000 -843903.875000 794.723269 3.530682 3.549883 16.503300
 70440.000000 -845080.062500 790.923530 3.365178 3.465162 16.492035
 70460.000000 -841809.187500 799.019510 3.408710 3.246040 4.839050
 70480.000000 -841675.562500 800.999608 3.516767 3.110069 10.022456
 70500.000000 -843809.437500 797.447102 3.655278 3.185444 13.095732
 70520.000000 -842978.750000 796.769511 3.420254 3.473883 14.909434
 70540.000000 -842572.687500 795.332255 3.535263 3.379786 15.737984
 70560.000000 -842229.125000 795.584239 3.595812 3.415816 16.419414
 70580.000000 -842888.750000 794.290337 3.444377 3.631880 16.566094
 70600.000000 -843419.312500 796.215209 3.480757 3.371976 16.527033
 70620.000000 -842497.187500 795.665137 3.336365 3.267753 16.336406
 70640.000000 -842239.937500 794.981195 3.547200 3.223565 16.054218
 70660.000000 -844710.125000 792.533829 3.342280 3.573615 16.333643
 70680.000000 -843165.500000 796.878219 3.283268 3.327959 16.288208
 70700.000000 -845472.125000 791.787931 3.468100 3.362717 16.322525
 70720.000000 -843773.437500 791.744899 3.519017 3.468268 16.441022
 70740.000000 -844205.500000 791.397355 3.337756 3.637112 16.481910
 70760.000000 -845520.562500 791.772239 3.448971 3.422451 16.333739
 70780.000000 -843077.375000 796.432672 3.362526 3.406764 16.582464
 70800.000000 -843104.750000 795.854220 3.664186 3.255889 16.525380
 70820.000000 -844176.125000 793.582951 3.724571 3.556476 16.525761
 70840.000000 -845473.312500 794.705761 3.612019 3.609401 16.319909
 70860.000000 -843453.375000 797.569696 3.363844 3.486825 16.473753
 70880.000000 -843840.562500 795.259604 3.395987 3.174135 16.567645
 70900.000000 -843992.687500 793.820662 3.337908 3.318611 16.692859
 70920.000000 -844932.437500 795.365409 3.488743 3.236706 16.614074
 70940.000000 -843958.000000 794.448916 3.737400 3.482175 16.514156
 70960.000000 -844326.000000 793.392220 3.569483 3.731476 16.544913
 70980.000000 -844921.250000 793.915660 3.258153 3.662943 16.420589
 71000.000000 -844341.437500 794.400195 3.414110 3.405429 16.893705
 71020.000000 -844072.500000 792.818722 3.498768 3.527538 16.636228
 71040.000000 -843428.250000 793.392927 3.188315 3.332955 16.578169
 71060.000000 -844863.500000 795.132383 3.164705 3.196629 16.665573
 71080.000000 -842447.125000 793.921083 3.006401 3.298742 16.732334
 71100.000000 -842660.750000 795.588730 3.220866 3.240352 16.535998
 71120.000000 -844235.562500 793.528089 3.511719 3.610701 16.398780
 71140.000000 -845266.125000 793.374553 3.656421 3.725768 16.433306
 71160.000000 -843709.062500 793.433554 3.535529 3.734339 16.893946
 71180.000000 -843149.812500 795.738789 3.009680 3.492961 16.654364
 71200.000000 -845931.937500 792.323650 3.415046 3.139484 16.264878
 71220.000000 -843263.250000 795.684853 3.372255 3.597640 16.422909
 71240.000000 -843434.812500 794.949932 3.286382 3.497714 16.149943
 71260.000000 -845246.812500 793.033421 3.515510 3.641948 16.269501
 71280.000000 -844360.750000 794.393357 3.467020 3.374024 16.264913
 71300.000000 -844632.312500 793.695368 3.390877 3.432654 16.310782
 71320.000000 -846177.250000 793.253903 3.598613 3.602034 16.334274
 71340.000000 -846615.937500 792.576022 3.480423 3.458948 16.308650
 71360.000000 -842295.187500 794.748586 3.366222 3.371519 16.421617
 71380.000000 -843176.187500 794.489363 3.194851 3.523936 16.431065
 71400.000000 -844750.375000 792.543947 3.411768 3.741841 16.445790
 71420.000000 -845847.062500 794.144709 3.520287 3.258511 16.453480
 71440.000000 -842803.000000 794.318398 3.353223 3.379703 16.610022
 71460.000000 -845337.562500 791.487917 3.468973 3.512707 16.289390
 71480.000000 -843606.875000 791.377170 3.388428 3.504891 16.187201
 71500.000000 -844414.687500 794.137436 3.413741 3.441768 16.524709
 71520.000000 -844661.562500 793.237155 3.703102 3.614423 16.330404
 71540.000000 -843833.812500 793.586602 3.306575 3.297980 16.345021
 71560.000000 -843577.000000 792.666468 3.198568 3.293768 16.094810
 71580.000000 -845752.625000 792.405548 3.221299 3.324732 16.372965
 71600.000000 -842778.625000 795.680481 3.366929 3.497064 16.510850
 71620.000000 -847259.750000 790.624545 3.580295 3.471933 16.452089
 71640.000000 -844345.000000 796.003973 3.537382 3.458171 16.458564
 71660.000000 -843565.500000 794.242578 3.317771 3.446122 16.150044
 71680.000000 -841951.812500 794.707672 3.541687 3.515034 16.385121
 71700.000000 -842597.312500 795.796223 3.409541 3.383535 16.183984
 71720.000000 -842256.312500 792.909496 3.605044 3.245662 16.409284
 71740.000000 -843838.562500 791.656581 3.284227 3.406487 16.679282
 71760.000000 -842847.375000 794.034776 3.038571 3.372654 16.335653
 71780.000000 -843181.875000 793.095347 3.284067 3.312335 16.247998
 71800.000000 -843075.500000 796.051070 3.257420 3.318507 16.177276
 71820.000000 -844617.125000 791.341097 3.323719 3.577380 16.565405
 71840.000000 -844184.875000 795.226483 3.441284 3.362333 16.624788
 71860.000000 -845028.500000 793.573186 3.648319 3.460790 16.689708
 71880.000000 -843315.375000 795.475131 3.636697 3.543055 16.562412
 71900.000000 -843667.687500 793.802583 3.713728 3.622447 16.467303
 71920.000000 -843716.062500 793.937798 3.279633 3.326006 16.339263
 71940.000000 -845027.625000 793.483580 3.465493 3.420268 16.483983
 71960.000000 -844635.000000 793.964639 3.460823 3.636628 16.683042
 71980.000000 -846938.062500 793.253840 3.621558 3.468737 16.492847
 72000.000000 -844311.875000 791.187459 3.687065 3.316575 16.687905
 72020.000000 -844726.750000 791.282292 3.489398 3.423288 16.835559
 72040.000000 -843200.937500 793.916908 3.408248 3.585797 16.793588
 72060.000000 -843731.000000 794.446964 3.195390 3.440955 16.697783
 72080.000000 -844259.687500 794.365698 3.503660 3.559169 16.373631
 72100.000000 -843571.312500 794.755736 3.484867 3.028971 16.755974
 72120.000000 -843815.937500 792.229347 3.153431 3.294795 16.717682
 72140.000000 -842410.125000 795.988950 3.231323 3.420860 16.573308
 72160.000000 -844416.875000 795.171507 3.282637 3.489482 16.489797
 72180.000000 -844667.750000 795.887443 3.609922 3.423067 16.525945
 72200.000000 -843469.375000 791.826687 3.483754 3.523344 16.320341
 72220.000000 -844813.187500 793.670786 3.681359 3.698662 16.468681
 72240.000000 -843270.125000 797.317664 3.564662 3.421567 16.345031
 72260.000000 -842899.187500 795.441316 3.227671 3.234570 16.623248
 72280.000000 -843695.312500 792.310662 3.278700 3.276041 16.593762
 72300.000000 -844181.750000 795.597997 3.361448 3.291588 16.577889
 72320.000000 -845864.812500 793.760898 3.358035 3.504321 16.487746
 72340.000000 -844060.562500 793.801042 3.427475 3.340972 16.457485
 72360.000000 -844769.062500 795.097060 3.417117 3.261248 16.377754
 72380.000000 -844366.937500 793.873764 3.387867 3.474418 16.660023
 72400.000000 -844355.937500 790.809490 3.278294 3.282678 16.285695
 72420.000000 -843905.562500 793.010646 3.262881 3.527062 16.223612
 72440.000000 -844515.625000 794.171444 3.246616 3.302709 16.436509
 72460.000000 -842550.625000 793.963447 3.308728 3.192319 16.389298
 72480.000000 -843918.750000 793.903368 3.436022 3.149394 16.510248
 72500.000000 -842582.812500 797.953816 3.268714 3.169021 5.061237
 72520.000000 -840497.500000 800.407467 3.035448 3.311616 9.756650
 72540.000000 -841705.625000 796.333861 3.130504 3.082766 13.996443
 72560.000000 -843114.312500 794.626348 3.211625 3.056833 15.577442
 72580.000000 -842468.750000 796.465682 3.405125 3.314640 16.474343
 72600.000000 -845392.875000 794.022910 3.350257 3.473770 16.452564
 72620.000000 -843814.000000 793.565463 3.236703 3.333636 16.490612
 72640.000000 -843146.875000 794.129000 3.156197 3.346554 16.362826
 72660.000000 -845023.812500 794.865544 3.381696 3.454606 16.177230
 72680.000000 -843485.125000 793.300882 3.368586 3.207481 16.612504
 72700.000000 -847064.000000 792.272449 3.325650 3.212135 16.413487
 72720.000000 -845814.812500 792.653921 3.185922 3.335308 16.425423
 72740.000000 -845692.312500 793.087925 3.352325 3.438273 16.210440
 72760.000000 -844972.625000 793.963517 3.548689 3.819348 16.560495
 72780.000000 -845047.000000 792.153096 3.357247 3.690530 16.613528
 72800.000000 -844553.687500 793.871026 3.440998 3.578815 16.433007
 72820.000000 -844342.625000 793.217962 3.354074 3.799998 16.540130
 72840.000000 -843079.812500 793.840930 3.291714 3.537546 16.459265
 72860.000000 -842841.437500 793.951084 3.592917 3.655982 16.685923
 72880.000000 -844925.437500 794.339313 3.312664 3.409411 16.743940
 72900.000000 -841334.750000 793.886922 3.132361 3.340252 16.788568
 72920.000000 -845052.312500 793.927334 3.271621 3.425319 16.547683
 72940.000000 -842556.125000 796.707398 3.405952 3.742696 16.529493
 72960.000000 -843205.500000 794.982164 3.267538 3.598127 16.760547
 72980.000000 -844399.000000 792.874756 3.422375 3.298212 16.587908
 73000.000000 -844386.250000 794.536807 3.685941 3.332607 16.664299
 73020.000000 -843233.937500 795.630509 3.426323 3.131148 16.569705
 73040.000000 -843937.187500 792.180100 3.510198 3.284696 16.471127
 73060.000000 -841977.125000 796.433121 3.692963 3.216271 16.458229
 73080.000000 -842567.875000 792.019382 3.539114 3.411967 16.461803
 73100.000000 -842965.125000 794.505087 3.459727 2.984781 16.198515
 73120.000000 -843426.312500 796.360680 3.546977 3.279351 16.284695
 73140.000000 -842690.437500 795.085883 3.615695 3.249236 16.389661
 73160.000000 -843405.687500 796.171725 3.626104 3.787702 16.337389
 73180.000000 -843854.812500 794.609777 3.427776 3.746209 16.441996
 73200.000000 -842816.125000 793.897758 3.220110 3.519231 16.410025
 73220.000000 -845684.812500 794.169768 3.209551 3.414829 16.434733
 73240.000000 -844000.750000 794.970377 3.191199 3.427113 16.436090
 73260.000000 -844456.312500 793.771859 3.363969 3.360879 16.519301
 73280.000000 -842363.562500 795.478251 3.349253 3.497234 16.433816
 73300.000000 -843724.187500 791.504937 3.487908 3.112331 16.745804
 73320.000000 -844624.625000 795.704785 3.446064 3.373747 16.804866
 73340.000000 -844722.875000 793.534092 3.181575 3.322015 16.734251
 73360.000000 -843859.625000 793.841071 3.053919 3.441538 16.652151
 73380.000000 -842918.562500 795.685806 3.448988 3.165517 16.318851
 73400.000000 -841265.062500 798.737433 3.650238 3.141990 16.411905
 73420.000000 -844398.250000 793.135828 3.607153 3.322390 16.204868
 73440.000000 -842620.000000 793.392728 3.519968 3.589014 16.264874
 73460.000000 -841274.687500 797.213103 3.649339 3.594382 16.251294
 73480.000000 -844279.687500 795.771195 3.612426 3.448960 16.430237
 73500.000000 -844050.625000 794.564500 3.709816 3.364817 16.240658
 73520.000000 -844757.750000 790.914078 3.259276 3.147357 16.124928
 73540.000000 -842651.875000 795.336113 3.288991 3.386473 16.377063
 73560.000000 -842282.875000 793.835675 3.623953 3.479285 16.417782
 73580.000000 -843767.250000 794.198274 3.509805 3.417650 16.465477
 73600.000000 -843596.937500 792.924288 3.649612 3.401199 16.499575
 73620.000000 -843996.187500 796.138753 3.513552 3.368646 16.525177
 73640.000000 -843785.125000 794.901592 3.433362 3.403068 16.604914
 73660.000000 -845001.312500 795.163665 3.313986 3.490228 16.726305
 73680.000000 -844842.812500 794.046673 3.006847 3.531220 16.346847
 73700.000000 -844522.812500 792.213980 3.218395 3.468176 16.570501
 73720.000000 -844050.937500 795.723652 3.559010 3.264471 16.435399
 73740.000000 -844186.875000 793.320043 3.495735 3.010944 16.469371
 73760.000000 -844285.312500 795.353480 3.242395 3.250972 16.373281
 73780.000000 -843874.125000 795.318327 3.216335 3.355997 16.369153
 73800.000000 -843977.875000 794.216311 3.565723 3.336301 16.359402
 73820.000000 -846289.125000 792.766986 3.629515 3.203242 16.215748
 73840.000000 -844756.625000 795.987359 3.317562 3.266748 16.428487
 73860.000000 -843890.937500 795.317902 3.541469 3.123143 16.484074
 73880.000000 -844128.750000 796.266020 3.177368 3.216364 16.506556
 73900.000000 -845158.750000 794.859905 3.601392 3.296571 16.321717
 73920.000000 -843766.875000 795.260013 3.618491 3.198748 16.142879
 73940.000000 -843566.500000 795.288617 3.197962 3.531206 16.317908
 73960.000000 -843175.500000 795.026321 3.330391 3.122316 16.671843
 73980.000000 -846155.562500 794.366473 3.322335 3.408158 16.395331
 74000.000000 -844809.437500 790.724814 3.484065 3.202199 16.288190
 74020.000000 -843846.750000 794.422941 3.518621 3.185205 16.341199
 74040.000000 -843539.125000 793.656296 3.392232 3.424650 16.419672
 74060.000000 -843902.437500 795.828149 3.184926 3.381594 16.446756
 74080.000000 -846200.687500 792.944867 3.438510 3.275406 16.457611
 74100.000000 -844007.375000 795.261386 3.318662 3.353285 16.345754
 74120.000000 -844889.687500 795.109499 3.315961 3.245105 16.628140
 74140.000000 -842995.375000 796.197371 3.068366 3.214763 16.590921
 74160.000000 -844325.812500 794.020189 3.320735 3.283087 16.380325
 74180.000000 -846085.125000 794.384706 3.433734 3.348093 16.637998
 74200.000000 -843562.187500 793.529751 3.313266 3.189354 16.568175
 74220.000000 -842867.437500 793.561392 3.378216 3.614536 0.930272
 74240.000000 -840692.625000 801.662485 4.180133 3.140581 9.723954
 74260.000000 -843617.000000 799.235922 3.525161 3.355944 13.462206
 74280.000000 -844617.812500 795.803896 3.539813 3.326854 15.233092
 74300.000000 -843555.187500 792.823011 3.413843 3.277413 16.212927
 74320.000000 -844386.562500 794.805930 3.396263 3.308861 16.337581
 74340.000000 -845338.062500 794.810532 3.538570 3.395492 16.500528
 74360.000000 -844234.625000 792.693663 3.671566 3.177577 16.368056
 74380.000000 -844638.375000 791.395307 3.567939 3.588124 16.272860
 74400.000000 -842676.875000 795.109169 3.287589 3.314351 16.395259
 74420.000000 -844974.125000 794.089327 3.154115 2.972787 16.406369
 74440.000000 -842670.875000 791.895400 3.417058 3.338326 16.261685
 74460.000000 -843370.187500 794.594068 3.247547 3.652070 16.288927
 74480.000000 -844617.750000 793.420543 3.481664 3.562740 16.367247
 74500.000000 -843356.500000 794.069372 3.338878 3.379214 16.287458
 74520.000000 -844904.500000 793.818902 3.387387 3.221296 16.640910
 74540.000000 -845548.250000 793.441942 3.314710 3.209295 16.584439
 74560.000000 -844527.250000 794.055556 3.337129 3.376772 16.484508
 74580.000000 -845149.312500 792.519943 3.379083 3.234383 16.516540
 74600.000000 -844529.687500 795.168736 3.385427 3.301119 16.335764
 74620.000000 -843445.937500 795.283875 3.066034 3.404096 16.658470
 74640.000000 -845927.250000 792.525216 2.996376 3.178316 16.650892
 74660.000000 -843521.250000 794.030339 3.064838 3.456319 16.683327
 74680.000000 -841042.312500 794.681452 3.086752 3.461796 16.515170
 74700.000000 -844124.500000 793.010182 2.954103 3.518840 16.562108
 74720.000000 -843981.875000 796.007499 3.247566 3.660104 16.712714
 74740.000000 -842069.750000 796.421906 3.441121 3.615745 16.716142
 74760.000000 -845304.812500 793.459908 3.305474 3.668037 16.786528
 74780.000000 -845482.125000 792.542765 3.244093 3.256586 16.573376
 74800.000000 -844033.687500 796.810203 3.446537 3.494826 16.671329
 74820.000000 -844051.937500 797.088259 3.612314 3.505848 16.442009
 74840.000000 -844740.000000 793.938335 3.714587 3.644066 16.413125
 74860.000000 -844958.125000 795.769844 3.653880 3.503504 16.589571
 74880.000000 -845281.375000 792.573245 3.666552 3.666882 16.543106
 74900.000000 -843608.437500 795.434053 3.355979 3.562713 16.269898
 74920.000000 -842975.937500 793.613591 3.029119 3.737844 16.018505
 74940.000000 -842689.937500 795.322897 3.250263 3.530903 16.323331
 74960.000000 -844029.312500 794.570336 3.513546 3.343469 16.479267
 74980.000000 -844574.062500 794.078687 3.401027 3.446001 16.298155
 75000.000000 -843818.750000 796.328818 3.530132 3.227924 16.437628
 75020.000000 -843345.750000 795.349509 3.593524 3.509608 16.404756
 75040.000000 -846170.062500 792.030807 3.712395 3.599563 16.475672
 75060.000000 -843604.437500 794.126345 3.413235 3.189523 16.564316
 75080.000000 -842592.375000 794.361985 3.314850 3.491823 16.724233
 75100.000000 -845045.312500 794.914460 3.377063 3.365037 16.527238
 75120.000000 -844703.437500 794.132730 3.247194 3.160957 16.651201
 75140.000000 -844602.125000 793.756639 3.533058 3.390644 16.773252
 75160.000000 -844365.312500 792.802356 3.397045 3.566721 16.681583
 75180.000000 -843222.125000 792.919908 3.371704 3.590469 16.320288
 75200.000000 -845062.187500 793.156194 3.281147 3.407056 16.331565
 75220.000000 -843792.500000 797.063571 3.604161 3.370081 16.450359
 75240.000000 -843913.812500 792.525688 3.407482 3.348625 16.555774
 75260.000000 -844117.687500 792.331846 3.431118 3.644833 16.374637
 75280.000000 -845099.625000 794.134639 3.414100 3.365697 16.548867
 75300.000000 -845191.625000 793.734370 3.389060 3.416547 16.611853
 75320.000000 -843171.750000 793.919608 3.503322 3.389393 16.847848
 75340.000000 -845194.562500 792.882095 3.490632 3.083513 16.694960
 75360.000000 -844631.250000 793.941101 3.429198 3.348816 16.500508
 75380.000000 -844958.312500 791.470928 3.301789 3.311576 16.825405
 75400.000000 -845295.812500 793.668877 3.341279 3.459320 16.741776
 75420.000000 -843207.375000 793.441146 3.363512 3.300079 16.516823
 75440.000000 -843920.812500 795.571358 3.509143 3.482661 16.316578
 75460.000000 -845304.625000 792.689144 3.418491 3.251982 16.337468
 75480.000000 -846188.125000 794.410073 3.435274 3.264519 16.528162
 75500.000000 -843833.875000 793.684301 3.568009 3.470762 16.735527
 75520.000000 -845255.062500 794.674257 3.619864 3.513693 16.692401
 75540.000000 -842637.625000 794.402568 3.270095 3.585116 16.805998
 75560.000000 -845005.562500 792.735759 3.303296 3.215610 16.613840
 75580.000000 -844985.562500 792.307555 3.414490 3.439002 16.478777
 75600.000000 -845053.000000 791.589727 3.040257 3.642550 16.630271
 75620.000000 -843278.625000 795.011249 3.253154 3.325727 16.589675
 75640.000000 -844881.562500 791.322833 3.387934 3.414997 16.713773
 75660.000000 -844833.687500 792.995814 3.208788 3.223369 16.695583
 75680.000000 -843804.187500 792.607405 3.556227 3.175266 16.462344
 75700.000000 -844808.812500 796.260365 3.838428 3.335786 16.597456
 75720.000000 -846270.437500 792.706856 3.678224 3.528972 16.428599
 75740.000000 -845654.937500 794.369542 3.131654 3.426000 16.278005
 75760.000000 -845099.562500 792.962379 3.207901 3.460039 16.651939
 75780.000000 -844299.750000 794.385736 3.225003 3.367828 16.771859
 75800.000000 -844403.375000 790.927071 3.640530 3.589033 16.185183
 75820.000000 -843218.562500 794.039362 3.252263 3.313362 16.190470
 75840.000000 -844255.937500 792.833038 3.394360 3.355864 16.520639
 75860.000000 -843895.500000 793.804314 3.337583 3.640209 16.673424
 75880.000000 -843846.937500 795.120886 3.370379 3.211858 16.568504
 75900.000000 -842599.750000 795.036350 3.561994 3.241025 16.450694
 75920.000000 -842948.500000 794.948662 3.465303 3.432080 16.471719
 75940.000000 -845402.437500 793.166464 3.713546 3.262028 16.362781
 75960.000000 -845116.750000 793.485872 3.664786 3.477331 16.430321
 75980.000000 -843128.875000 795.710692 3.407037 3.675672 16.422323
 76000.000000 -844410.187500 792.498199 3.191833 3.851242 16.694412
 76020.000000 -845496.625000 793.253544 3.250989 3.571692 16.660017
 76040.000000 -844123.625000 795.085522 3.581041 3.278497 16.605505
 76060.000000 -843742.875000 792.909859 3.469961 3.186865 16.557840
 76080.000000 -844692.312500 793.845674 3.747544 3.147751 16.449233
 76100.000000 -843021.000000 796.211254 3.440480 3.318111 16.454463
 76120.000000 -842682.562500 796.979444 3.606670 3.557035 16.572764
 76140.000000 -843007.875000 796.876634 3.435054 3.491725 16.308046
 76160.000000 -844109.562500 796.003920 3.427630 3.505089 16.449493
 76180.000000 -842915.312500 793.012324 3.478983 3.402681 16.328033
 76200.000000 -844653.312500 796.329002 3.208226 3.453497 16.273288
 76220.000000 -842164.437500 795.362065 3.206497 3.699481 16.217578
 76240.000000 -842914.937500 795.791116 3.246444 3.477187 16.407181
 76260.000000 -844627.375000 793.376510 3.473142 3.597692 16.497828
 76280.000000 -842472.625000 793.306606 3.453861 3.473464 16.426895
 76300.000000 -845391.437500 794.580566 3.237492 3.413672 16.312277
 76320.000000 -843279.062500 794.360174 3.361323 3.518956 16.466215
 76340.000000 -844299.250000 793.209743 3.547513 3.394665 16.393558
 76360.000000 -844061.250000 792.718706 3.383019 3.168785 16.558683
 76380.000000 -842881.250000 795.263609 3.288710 3.347894 16.516141
 76400.000000 -845585.312500 791.335507 3.385143 3.604492 16.327035
 76420.000000 -845577.187500 792.763897 3.354951 3.579413 16.265324
 76440.000000 -843407.750000 793.138597 3.081605 3.733287 16.590495
 76460.000000 -845170.625000 795.145151 3.677029 3.561951 16.651172
 76480.000000 -844953.312500 795.873692 3.450830 3.485284 16.597160
 76500.000000 -844788.500000 793.878222 3.439227 3.361273 16.625075
 76520.000000 -845394.750000 793.769067 3.521482 3.276164 16.173871
 76540.000000 -845015.812500 795.193913 3.334431 3.047149 16.336382
 76560.000000 -844443.687500 794.579589 3.410305 3.314637 16.406006
 76580.000000 -845540.312500 794.926943 3.338691 3.379280 16.355410
 76600.000000 -843225.500000 795.681352 3.447467 3.346054 16.333709
 76620.000000 -845621.250000 795.558988 3.456938 3.648763 16.449905
 76640.000000 -844174.937500 794.047702 3.403992 3.339517 16.185568
 76660.000000 -843188.812500 795.769253 3.314037 3.330122 16.260985
 76680.000000 -843925.250000 796.088215 3.372227 3.194592 16.251795
 76700.000000 -843707.625000 795.332640 3.429586 3.331323 16.168949
 76720.000000 -844114.375000 794.182873 3.383558 3.414318 16.612490
 76740.000000 -843522.500000 794.802553 3.709693 3.453147 16.395203
 76760.000000 -842772.875000 795.430496 3.469682 3.648456 16.259545
 76780.000000 -844688.437500 793.567064 3.576529 3.327259 16.432216
 76800.000000 -843535.000000 796.521793 3.500298 3.188865 16.911923
 76820.000000 -843209.312500 796.662194 3.446061 3.204425 16.598349
 76840.000000 -843682.562500 795.669461 3.576655 3.201675 16.511294
 76860.000000 -842895.500000 795.404773 3.608810 3.249583 16.641254
 76880.000000 -843716.875000 792.775527 3.663200 3.535419 16.655891
 76900.000000 -844013.937500 794.019577 3.243841 3.501317 16.596654
 76920.000000 -843994.625000 795.415609 3.207365 3.664846 16.071939
 76940.000000 -843918.437500 795.792162 3.100084 3.511314 16.270756
 76960.000000 -845121.250000 793.897308 3.111397 3.443167 16.442197
 76980.000000 -842618.000000 795.179280 3.273394 3.257900 16.729800
 77000.000000 -844668.625000 791.483686 3.194921 3.132291 16.783362
 77020.000000 -845932.187500 793.275858 3.250055 3.171235 16.616312
 77040.000000 -845239.937500 792.357232 3.497736 3.261815 16.502448
 77060.000000 -843537.125000 795.088047 3.478424 3.695154 16.939902
 77080.000000 -843047.062500 794.907794 3.317579 3.410520 16.867094
 77100.000000 -843262.000000 795.973099 3.395143 3.339989 16.715497
 77120.000000 -846200.187500 791.919664 3.619320 3.592006 16.613860
 77140.000000 -843992.062500 792.971241 3.585255 3.244500 16.516413
 77160.000000 -844727.687500 794.361799 3.384142 3.151529 16.675893
 77180.000000 -844378.687500 795.724391 3.181615 3.410150 16.653762
 77200.000000 -844122.000000 793.775403 3.302531 3.334070 16.509261
 77220.000000 -843114.875000 796.859102 3.217407 3.280119 16.587204
 77240.000000 -842925.625000 794.385391 3.263565 3.462751 16.372625
 77260.000000 -843222.875000 792.651778 3.185470 3.315835 16.388702
 77280.000000 -845932.562500 794.483538 3.369098 3.198089 16.577254
 77300.000000 -845264.562500 797.422389 3.550897 3.113377 16.351044
 77320.000000 -842778.187500 796.207922 3.562420 3.369699 16.403011
 77340.000000 -842819.250000 796.032623 3.290513 3.597364 16.529057
 77360.000000 -843562.750000 794.325239 3.199582 3.285023 16.474894
 77380.000000 -844993.687500 793.002521 3.420112 3.163357 16.617467
 77400.000000 -843980.875000 797.018363 3.415017 3.275234 16.523356
 77420.000000 -843027.625000 794.848042 3.369517 3.371314 16.674502
 77440.000000 -844710.312500 794.511101 3.271333 3.392541 16.227292
 77460.000000 -844119.562500 794.780255 3.560410 3.368187 16.542855
 77480.000000 -844410.437500 791.820863 3.499956 3.188297 16.610947
 77500.000000 -844870.875000 795.749653 3.449754 3.395286 16.574277
 77520.000000 -842558.000000 794.331677 3.347190 3.411306 16.686193
 77540.000000 -845356.875000 793.333326 3.186563 3.213615 16.501230
 77560.000000 -844710.187500 792.746227 3.392076 3.437655 16.456345
 77580.000000 -843546.437500 794.084342 3.395462 3.347139 16.480461
 77600.000000 -843645.687500 794.293945 3.377034 3.360572 16.509040
 77620.000000 -842753.312500 794.841416 3.410075 3.686730 16.800952
 77640.000000 -844682.375000 797.180773 3.175804 3.622764 16.662329
 77660.000000 -845250.625000 791.471815 3.242571 3.354546 16.711397
 77680.000000 -844911.875000 791.994144 3.280557 3.249277 16.572469
 77700.000000 -843215.562500 794.874631 3.323456 3.606245 16.326190
 77720.000000 -844963.125000 792.985859 3.330605 3.294612 16.330314
 77740.000000 -845031.875000 794.143086 3.454961 3.012751 16.485707
 77760.000000 -842536.875000 794.359389 3.467490 3.331901 16.325158
 77780.000000 -842725.375000 794.090984 3.638221 3.434791 16.469828
 77800.000000 -845217.062500 795.347008 3.303824 3.423171 16.492302
 77820.000000 -844173.687500 794.124145 3.221573 3.533551 16.495735
 77840.000000 -842181.625000 795.706885 3.213466 3.284234 16.257056
 77860.000000 -844077.625000 793.327490 3.552578 3.387462 16.149634
 77880.000000 -843674.187500 795.566760 3.422681 3.420134 16.418087
 77900.000000 -843495.000000 796.773540 3.479322 3.539425 16.494045
 77920.000000 -844552.750000 794.989935 3.486089 3.597609 16.384509
 77940.000000 -844687.437500 796.500641 3.232046 3.364552 16.383691
 77960.000000 -846119.000000 794.862919 3.076854 3.537296 16.781200
 77980.000000 -843386.750000 795.223055 3.185309 3.460977 16.339412
 78000.000000 -844490.750000 794.960375 3.335451 3.664232 16.400947
 78020.000000 -846235.312500 793.180341 3.416940 3.317999 16.607616
 78040.000000 -844069.625000 794.888452 3.297259 3.243872 16.587392
 78060.000000 -844717.375000 794.935985 3.395689 3.414628 16.356762
 78080.000000 -843140.062500 797.202699 3.433032 3.343265 16.383391
 78100.000000 -842725.312500 794.581838 3.613304 3.351289 16.334655
 78120.000000 -845446.125000 793.652937 3.456924 3.614807 16.294899
 78140.000000 -843310.562500 795.520813 3.503082 3.368039 16.366414
 78160.000000 -843584.750000 795.046682 3.527140 3.485547 16.531678
 78180.000000 -845264.625000 793.995130 3.630482 3.515962 16.725288
 78200.000000 -846060.937500 792.457287 3.413898 3.409362 16.537077
 78220.000000 -845162.437500 791.905259 3.495293 3.315243 16.596112
 78240.000000 -845205.312500 794.682252 3.564929 3.588745 16.659056
 78260.000000 -845078.750000 791.958171 3.322888 3.295991 16.679129
 78280.000000 -843584.000000 794.590705 3.485684 3.370579 16.683792
 78300.000000 -844335.812500 795.646585 3.527342 3.378081 16.791042
 78320.000000 -845023.625000 795.228237 3.364915 3.281232 16.482214
 78340.000000 -846312.062500 793.273538 3.221578 3.426256 16.658891
 78360.000000 -842477.500000 796.387705 3.443959 3.346542 16.504321
 78380.000000 -842041.625000 794.898934 3.568155 3.700025 16.426646
 78400.000000 -844545.375000 794.632081 3.408198 3.598736 16.434306
 78420.000000 -845446.437500 792.028831 3.206233 3.694626 16.282814
 78440.000000 -842082.062500 796.636042 3.484018 3.444001 16.242835
 78460.000000 -843507.687500 795.597512 3.478565 3.403064 16.742863
 78480.000000 -843706.812500 791.705715 3.148854 3.694902 16.415315
 78500.000000 -844709.750000 793.832380 3.465041 3.395814 16.018994
 78520.000000 -845787.250000 793.707873 3.181046 3.342568 16.297507
 78540.000000 -844135.562500 796.427008 3.447983 3.404290 16.199126
 78560.000000 -844118.000000 794.249547 3.271537 3.283112 16.479868
 78580.000000 -843711.187500 795.672199 3.493944 3.538904 16.388149
 78600.000000 -845299.812500 792.634379 3.396822 3.336583 16.283327
 78620.000000 -844923.375000 792.586711 3.407128 3.451876 16.504055
 78640.000000 -844615.312500 793.827170 3.403131 3.483661 16.897940
 78660.000000 -842804.750000 792.586991 3.321003 3.392130 16.559784
 78680.000000 -843492.437500 795.457155 3.423082 3.347596 16.525372
 78700.000000 -845058.937500 795.090266 3.318504 3.508824 16.033471
 78720.000000 -843886.437500 795.566854 3.173911 3.715696 16.068797
 78740.000000 -844536.750000 793.802610 3.484815 3.512549 16.316701
 78760.000000 -843542.625000 793.161710 3.311945 3.373324 16.580215
 78780.000000 -844146.187500 793.306765 3.358473 3.694878 16.618639
 78800.000000 -843597.687500 795.466052 3.291339 3.494562 16.619755
 78820.000000 -845104.500000 793.590877 3.387949 3.525121 16.593155
 78840.000000 -844487.625000 794.410729 3.509478 3.526416 16.604516
 78860.000000 -845757.500000 793.014122 3.330116 3.456618 16.492143
 78880.000000 -844165.250000 791.479462 3.061975 3.764219 16.364895
 78900.000000 -844118.000000 792.965883 3.353935 3.856152 16.594648
 78920.000000 -844388.437500 791.285287 3.385728 3.516578 16.643770
 78940.000000 -845905.250000 792.740687 3.049112 3.531456 16.260350
 78960.000000 -842553.000000 796.004516 3.644055 3.471629 16.213102
 78980.000000 -844614.187500 794.861457 3.401671 3.454772 16.249586
 79000.000000 -845112.687500 793.032106 3.373445 3.520739 16.427313
 79020.000000 -843925.562500 794.671502 3.467533 3.349066 16.354697
 79040.000000 -843485.375000 798.203725 3.345699 3.527491 16.592134
 79060.000000 -843994.250000 795.589825 3.374672 3.331633 16.543630
 79080.000000 -845550.375000 791.406615 3.373868 3.240913 16.620666
 79100.000000 -845328.750000 793.304116 3.365420 3.565374 16.499272
 79120.000000 -845661.187500 794.669364 3.329845 3.351045 16.418056
 79140.000000 -845744.000000 794.383225 3.247073 3.191472 16.540417
 79160.000000 -843453.375000 796.706108 3.338103 3.161866 16.518701
 79180.000000 -843449.250000 792.903579 3.353382 3.397283 16.639847
 79200.000000 -844506.437500 796.021665 3.042972 3.536441 16.420054
 79220.000000 -843992.937500 794.228035 3.556371 3.195027 16.497544
 79240.000000 -845438.812500 793.061906 3.513302 3.552761 16.802193
 79260.000000 -846104.062500 791.503106 3.367484 3.346191 16.564282
 79280.000000 -844459.812500 791.301550 3.341346 3.365446 16.769125
 79300.000000 -845460.937500 790.807056 3.438512 3.092669 16.566761
 79320.000000 -844663.812500 794.281878 3.320628 3.096907 16.492548
 79340.000000 -844527.125000 795.892879 3.141398 3.433690 16.655837
 79360.000000 -845562.000000 792.366727 3.367896 3.538762 16.657464
 79380.000000 -844190.187500 792.308953 3.480483 3.341408 16.483039
 79400.000000 -845094.437500 792.196995 3.586643 3.174075 16.465168
 79420.000000 -844775.750000 792.649492 3.548953 3.140344 16.652503
 79440.000000 -844619.000000 793.513024 3.469902 3.149848 16.448399
 79460.000000 -846102.687500 795.493077 3.189524 3.457622 16.144690
 79480.000000 -844413.750000 794.503009 3.640422 3.548121 16.263010
 79500.000000 -843875.812500 794.000012 3.574401 3.477978 16.366822
 79520.000000 -845091.375000 791.881300 3.299828 3.276369 16.511328
 79540.000000 -843543.937500 795.627114 3.386882 3.103904 16.593475
 79560.000000 -846102.437500 793.807323 3.640478 3.414233 16.522106
 79580.000000 -844826.312500 794.258010 3.462676 3.392109 16.707274
 79600.000000 -845024.062500 795.540306 3.732252 3.176367 16.395170
 79620.000000 -843491.562500 795.927930 3.647252 3.214415 16.616669
 79640.000000 -843805.937500 797.052407 3.476371 3.548196 16.466261
 79660.000000 -842507.125000 794.581776 3.433542 3.466808 16.550355
 79680.000000 -845099.500000 794.940750 3.501345 3.676895 16.579552
 79700.000000 -843633.500000 794.664058 3.660854 3.308559 16.418062
 79720.000000 -844916.625000 791.887767 3.753202 3.382587 16.564740
 79740.000000 -842019.250000 796.669955 3.665528 3.507384 16.467481
 79760.000000 -842782.062500 796.684887 3.427143 3.204093 16.493994
 79780.000000 -843408.437500 794.353570 3.361240 3.240058 16.402335
 79800.000000 -843646.125000 791.995781 3.270153 3.436185 16.397073
 79820.000000 -843035.562500 793.783895 3.115108 3.444672 16.323893
 79840.000000 -845422.250000 793.824209 3.254607 3.589321 16.369832
 79860.000000 -845081.187500 792.939151 3.274262 3.647860 16.368669
 79880.000000 -844841.000000 793.557852 3.391495 3.645615 16.327474
 79900.000000 -844339.437500 796.155295 3.453694 3.594346 16.412331
 79920.000000 -845725.250000 793.008363 3.540748 3.405114 16.423019
 79940.000000 -843624.125000 794.536998 3.446663 3.196397 16.534106
 79960.000000 -845331.750000 794.967163 3.489956 3.301432 16.496019
 79980.000000 -843637.125000 791.139316 3.296489 3.440301 16.418664
 80000.000000 -846077.125000 792.255220 3.391660 3.470503 16.385121
 80020.000000 -844789.562500 792.093753 2.982148 3.356377 16.234734
 80040.000000 -842807.875000 793.165087 3.240201 3.380425 16.523684
 80060.000000 -843913.750000 796.178809 3.375872 3.363242 16.583663
 80080.000000 -843434.187500 793.705246 3.202230 3.356186 16.490439
 80100.000000 -844294.750000 796.197241 3.454851 3.319542 16.461901
 80120.000000 -843703.875000 794.983190 3.449685 3.341287 16.871781
 80140.000000 -843561.000000 794.348769 3.365612 3.377750 16.774357
 80160.000000 -843906.937500 794.817335 3.382882 3.567408 16.566501
 80180.000000 -843628.312500 792.526820 3.501495 3.738990 16.308112
 80200.000000 -844698.875000 793.654138 3.483501 3.515033 16.439124
 80220.000000 -844467.812500 793.329563 3.373450 3.064406 16.749660
 80240.000000 -844551.500000 793.301337 3.195863 3.329938 16.542383
 80260.000000 -842946.500000 793.743157 3.380828 3.238712 16.450430
 80280.000000 -844830.937500 792.208916 3.415089 3.379653 16.501025
 80300.000000 -844713.312500 794.042887 3.493148 3.441458 16.425178
 80320.000000 -844253.312500 795.126638 3.298601 3.441394 16.467720
 80340.000000 -844339.875000 792.631953 3.274710 3.518834 16.613661
 80360.000000 -845039.000000 795.815792 3.393548 3.375391 16.482155
 80380.000000 -845107.125000 792.538804 3.669735 3.548037 16.454648
 80400.000000 -842402.750000 795.764303 3.352224 3.301780 16.427196
 80420.000000 -844687.187500 792.782910 3.332957 3.415330 16.551189
 80440.000000 -844772.562500 793.274102 3.534244 3.443007 16.419740
 80460.000000 -846573.125000 793.446884 3.388956 3.477695 16.345088
 80480.000000 -843337.750000 792.793869 3.494668 3.346370 16.477843
 80500.000000 -846497.562500 791.977796 3.783426 3.287332 16.426183
 80520.000000 -844156.687500 792.159317 3.376820 3.365605 16.483488
 80540.000000 -842792.500000 794.353291 3.312180 3.412949 16.411337
 80560.000000 -843922.750000 792.804259 3.423973 3.175149 16.458148
 80580.000000 -845186.187500 794.001315 3.170454 3.307247 16.706249
 80600.000000 -846490.437500 795.299260 3.100124 3.303168 16.420998
 80620.000000 -844856.625000 794.230815 3.475902 3.455607 16.414721
 80640.000000 -843634.500000 794.517583 3.634420 3.376804 16.415482
 80660.000000 -844096.687500 794.843473 3.422338 3.391951 16.443047
 80680.000000 -843606.812500 791.719736 3.225147 3.463850 16.266827
 80700.000000 -844285.125000 794.106560 3.288331 3.485253 16.647311
 80720.000000 -844932.875000 792.888323 3.508254 3.557431 16.613805
 80740.000000 -844930.125000 792.833088 3.361148 3.467440 16.372820
 80760.000000 -843441.812500 793.869761 3.447142 3.434008 16.641988
 80780.000000 -843332.750000 795.340040 3.367678 3.433484 16.385637
 80800.000000 -842309.937500 795.626631 3.486282 3.357189 16.293248
 80820.000000 -844489.250000 795.704286 3.427835 3.241723 16.305641
 80840.000000 -844822.625000 794.971162 3.445460 3.507736 16.464459
 80860.000000 -843033.250000 795.913600 3.206597 3.499682 16.449709
 80880.000000 -842482.062500 795.954777 3.452778 3.270230 16.661079
 80900.000000 -842616.375000 795.339279 3.606381 3.316139 16.626345
 80920.000000 -844508.062500 794.924864 3.507194 3.586700 16.450109
 80940.000000 -844040.500000 794.862123 3.361884 3.491330 16.625303
 80960.000000 -843682.625000 794.965261 3.606453 3.251015 16.518722
 80980.000000 -844037.500000 796.108670 3.465587 3.195993 16.341758
 81000.000000 -846226.125000 794.553467 3.334591 3.208642 16.402936
 81020.000000 -844614.437500 796.486088 3.408457 3.391761 16.287844
 81040.000000 -844898.687500 795.351422 3.696193 3.293473 16.369611
 81060.000000 -844810.875000 796.857001 3.458703 3.196295 16.519090
 81080.000000 -842867.437500 793.509698 3.457004 3.175959 16.331368
 81100.000000 -844565.812500 791.947096 3.280882 3.473765 16.392538
 81120.000000 -844420.500000 793.370604 3.245804 3.827391 16.502766
 81140.000000 -844464.500000 795.107717 3.177540 3.352282 16.540221
 81160.000000 -845063.250000 792.980416 3.252375 3.199780 16.389197
 81180.000000 -845446.437500 791.049959 3.601997 3.444969 16.372787
 81200.000000 -846000.000000 791.168655 3.675328 3.340387 16.411555
 81220.000000 -844805.437500 793.286950 3.396851 3.284639 16.510307
 81240.000000 -845205.937500 791.084561 3.562263 3.400628 16.454538
 81260.000000 -843879.000000 794.804211 3.535953 3.414234 16.526041
 81280.000000 -843972.125000 794.025870 3.353603 3.320332 16.223651
 81300.000000 -843162.562500 796.504650 3.230247 3.359960 16.353563
 81320.000000 -846255.187500 791.496407 3.451365 3.354298 16.601074
 81340.000000 -842836.562500 793.963525 3.479192 3.611675 16.636974
 81360.000000 -844024.062500 793.431618 3.425831 3.278895 16.445353
 81380.000000 -844053.125000 792.618420 3.199441 3.190500 16.431908
 81400.000000 -843786.500000 793.068672 3.218007 3.375164 16.367781
 81420.000000 -846320.312500 792.387092 3.103988 3.556038 16.522909
 81440.000000 -843108.750000 794.584247 3.105998 3.269225 16.305094
 81460.000000 -843361.062500 795.354336 3.654101 3.456682 16.246311
 81480.000000 -844522.187500 791.853230 3.424938 3.559250 16.679858
 81500.000000 -844608.062500 794.283689 3.568271 3.430568 16.717396
 81520.000000 -845407.062500 794.094133 3.481770 3.429766 16.577916
 81540.000000 -844339.750000 793.933674 3.484958 3.475435 16.325773
 81560.000000 -845043.125000 796.746019 3.532410 3.436630 16.406531
 81580.000000 -843413.312500 794.100275 3.344354 3.273174 16.442026
 81600.000000 -844907.125000 794.820222 3.271122 3.395876 16.481124
 81620.000000 -845439.562500 794.946358 3.431531 3.494658 16.568460
 81640.000000 -845078.375000 794.275009 3.668389 3.120118 16.331430
 81660.000000 -842761.500000 793.541839 3.447801 3.332853 16.615420
 81680.000000 -845164.500000 792.813752 3.254627 3.294948 16.548613
 81700.000000 -845264.500000 794.828118 3.315089 3.508795 16.580780
 81720.000000 -840260.500000 802.959541 4.159085 3.023082 6.169040
 81740.000000 -841034.062500 798.024799 4.238834 2.762963 10.285136
 81760.000000 -842816.437500 798.638130 3.951923 2.656380 12.003878
 81780.000000 -844008.250000 794.965183 3.536689 3.086360 14.867476
 81800.000000 -844428.437500 792.417959 3.340123 3.470795 15.690946
 81820.000000 -842550.312500 795.444871 3.459179 3.357920 16.375890
 81840.000000 -844750.187500 794.000206 3.688898 3.137112 16.438939
 81860.000000 -843731.187500 792.236568 3.791052 3.163679 16.433757
 81880.000000 -844026.875000 794.556876 3.434032 3.292230 16.575482
 81900.000000 -845418.312500 791.166938 3.500182 3.473550 16.409213
 81920.000000 -843283.375000 794.424589 3.576626 3.596358 16.369373
 81940.000000 -844982.812500 794.199197 3.571851 3.552007 16.576706
 81960.000000 -844205.875000 794.259885 3.550094 3.368884 16.621725
 81980.000000 -844697.125000 792.339237 3.701584 3.340259 16.440603
 82000.000000 -845190.750000 792.932242 3.718645 3.510125 16.626029
 82020.000000 -844268.000000 792.897937 3.424603 3.652503 16.368199
 82040.000000 -844833.187500 793.284214 3.362721 3.721830 16.199728
 82060.000000 -846047.812500 794.519195 3.482343 3.383120 16.364164
 82080.000000 -844388.687500 793.484352 3.711693 3.309411 16.414018
 82100.000000 -843645.187500 795.647812 3.368306 2.946628 16.497898
 82120.000000 -843412.687500 796.877248 3.324099 3.379411 16.480863
 82140.000000 -844568.500000 793.372457 3.307841 3.536638 16.398854
 82160.000000 -843909.187500 795.629289 3.230969 3.331346 16.319003
 82180.000000 -843228.500000 795.832487 3.547604 3.275919 16.407156
 82200.000000 -844941.937500 795.522147 3.472593 3.359393 16.712331
 82220.000000 -844601.625000 791.921218 3.513108 3.417776 16.481844
 82240.000000 -843795.500000 794.004655 3.470658 3.269836 16.390673
 82260.000000 -843329.500000 793.883134 3.415613 3.381336 16.234677
 82280.000000 -844716.625000 794.246973 3.657965 3.391865 16.172138
 82300.000000 -843599.937500 792.103134 3.499417 3.379138 16.364227
 82320.000000 -845160.937500 792.865906 3.258824 3.115311 16.313317
 82340.000000 -844264.562500 792.104115 3.303361 2.995170 16.541846
 82360.000000 -844404.187500 794.130973 3.488150 3.390771 16.541578
 82380.000000 -845186.375000 792.513675 3.649791 3.365113 16.426762
 82400.000000 -844426.375000 793.048005 3.752839 3.564491 16.372465
 82420.000000 -844898.562500 791.710524 3.565990 3.684898 16.585162
 82440.000000 -843441.875000 792.624481 3.409580 3.734572 16.413877
 82460.000000 -844742.187500 793.818609 3.629728 3.438333 16.376398
 82480.000000 -843453.812500 793.269925 3.379919 3.328055 16.697381
 82500.000000 -845641.437500 790.890419 3.390542 3.300560 16.575983
 82520.000000 -846071.125000 790.774900 3.504742 3.204482 16.257633
 82540.000000 -845372.562500 792.544228 3.812927 3.632235 16.671228
 82560.000000 -846033.625000 793.015604 3.685298 3.504966 16.738370
 82580.000000 -844491.312500 792.284554 3.416377 3.567134 16.473278
 82600.000000 -845122.375000 794.059157 3.257367 3.452217 16.577547
 82620.000000 -845048.812500 791.549959 3.418148 3.555456 16.629084
 82640.000000 -845326.312500 794.094087 3.245490 3.405534 16.663005
 82660.000000 -846227.000000 793.797125 3.123529 3.727983 16.562746
 82680.000000 -845045.437500 792.046439 3.569254 3.624798 16.343503
 82700.000000 -844685.125000 791.161718 3.492568 3.552161 16.379407
 82720.000000 -843356.687500 794.248762 3.325669 3.330311 16.472849
 82740.000000 -842629.375000 795.060155 3.538923 3.157576 16.587536
 82760.000000 -844757.750000 793.363012 3.698708 3.401677 16.542726
 82780.000000 -843511.875000 793.841557 3.459621 3.251883 16.590791
 82800.000000 -845178.375000 793.864743 3.423472 3.520652 16.719443
 82820.000000 -844964.250000 794.948404 3.340985 3.169438 16.651605
 82840.000000 -843707.312500 794.087602 3.292556 2.937997 16.652053
 82860.000000 -842894.937500 794.902041 3.292824 3.439577 16.625057
 82880.000000 -842658.187500 794.294018 3.404476 3.351884 16.649569
 82900.000000 -844927.375000 795.664288 3.559295 3.344165 16.580790
 82920.000000 -844871.000000 794.096616 3.581007 3.045732 16.605200
 82940.000000 -845074.562500 793.957308 3.505319 3.210661 16.432846
 82960.000000 -844478.812500 796.072006 3.307715 3.331064 16.414458
 82980.000000 -843776.187500 795.131371 3.383310 3.505179 16.673967
 83000.000000 -842590.937500 793.422726 3.446461 3.259740 16.657332
 83020.000000 -842914.250000 793.052058 3.584622 3.475430 16.547335
 83040.000000 -842661.437500 794.614722 3.566253 3.466966 16.472023
 83060.000000 -845547.437500 792.306788 3.100508 2.988828 16.294698
 83080.000000 -843375.750000 792.742130 3.142554 3.374140 16.416841
 83100.000000 -844423.625000 793.711017 3.444433 3.278250 16.513270
 83120.000000 -844901.125000 791.049080 3.444128 3.543262 16.734282
 83140.000000 -841998.125000 794.984244 3.846809 3.555176 16.786927
 83160.000000 -844391.000000 796.204269 3.410381 3.318428 16.497893
 83180.000000 -843725.562500 795.562850 3.567110 3.660047 16.591093
 83200.000000 -844416.187500 794.492914 3.418752 3.726169 16.394834
 83220.000000 -845662.937500 792.613855 3.410458 3.526513 16.605250
 83240.000000 -844543.937500 793.197523 3.270735 3.563379 16.474383
 83260.000000 -844570.000000 794.591413 3.466143 3.345854 16.659905
 83280.000000 -843905.750000 795.096002 3.472678 3.473457 16.424815
 83300.000000 -845445.687500 791.689424 3.241250 3.485372 16.173877
 83320.000000 -843503.187500 792.398755 3.161939 3.414996 16.300636
 83340.000000 -843358.562500 794.216039 3.388406 3.553096 16.371417
 83360.000000 -842174.312500 797.673188 3.680691 3.401084 16.539184
 83380.000000 -843559.312500 793.421442 3.389393 3.466688 16.502060
 83400.000000 -844298.937500 793.745592 3.539144 3.259417 16.453777
 83420.000000 -844047.687500 796.854696 3.802161 3.443227 16.402104
 83440.000000 -843867.187500 792.625356 3.555298 3.339436 16.503118
 83460.000000 -844934.750000 793.659322 3.201393 3.301217 16.422749
 83480.000000 -842741.000000 796.727558 3.429659 3.518062 16.410694
 83500.000000 -842813.250000 794.383712 3.257212 3.224728 16.555222
 83520.000000 -843567.812500 795.435136 3.244607 3.208876 16.440891
 83540.000000 -844455.250000 792.119699 3.324317 3.358286 16.364233
 83560.000000 -845700.750000 792.833365 3.564768 3.180096 16.321012
 83580.000000 -844613.937500 793.374456 3.566646 3.184580 16.387481
 83600.000000 -844359.562500 794.014626 3.507583 3.241796 16.580414
 83620.000000 -843604.000000 793.316971 3.355117 3.245118 16.673730
 83640.000000 -844857.687500 794.351145 3.409316 3.400848 16.407382
 83660.000000 -843507.125000 794.941435 3.662829 3.546351 16.419204
 83680.000000 -844521.000000 795.062733 3.248430 3.323223 16.272323
 83700.000000 -842466.750000 792.321564 3.184403 3.525793 16.442460
 83720.000000 -843454.937500 796.067124 3.213415 3.208632 16.374297
 83740.000000 -845842.312500 793.685577 3.344720 3.098461 16.350756
 83760.000000 -844636.750000 795.321287 3.337981 2.924061 16.409192
 83780.000000 -843670.187500 792.870159 3.489551 3.151233 16.543765
 83800.000000 -843735.437500 793.868590 3.279621 3.297836 16.607375
 83820.000000 -844506.250000 794.620542 3.327373 3.297153 16.445131
 83840.000000 -844226.500000 792.236491 3.153794 3.282528 16.366799
 83860.000000 -842861.625000 795.539039 3.388006 3.423229 16.627510
 83880.000000 -844852.812500 793.990596 3.466540 3.326580 16.580030
 83900.000000 -845138.187500 793.235209 3.442449 3.400851 16.362140
 83920.000000 -844674.125000 792.061106 3.229505 3.339452 16.317616
 83940.000000 -843020.187500 796.177744 3.516398 3.356547 16.648407
 83960.000000 -844590.562500 795.673298 3.234327 3.477332 16.313365
 83980.000000 -843366.312500 796.332858 3.386279 3.218213 16.508696
 84000.000000 -845333.312500 793.090826 3.262483 3.107647 16.521145
 84020.000000 -844579.000000 795.387081 3.498113 3.005843 16.412766
 84040.000000 -846165.000000 793.724960 3.459865 3.318979 16.741999
 84060.000000 -846174.812500 791.880266 3.478222 3.402337 16.498357
 84080.000000 -845430.812500 794.610085 3.360690 3.044040 16.332815
 84100.000000 -844821.437500 796.073417 3.359354 3.434920 16.515990
 84120.000000 -844693.187500 795.249457 3.495045 3.437721 16.589983
 84140.000000 -842347.375000 794.049051 3.440833 3.616907 16.574146
 84160.000000 -843240.125000 794.532603 3.394890 3.697102 16.618660
 84180.000000 -844825.375000 793.838191 3.263504 3.333952 16.432988
 84200.000000 -844637.187500 792.681002 3.045371 3.422455 16.487473
 84220.000000 -843895.562500 794.060965 3.165321 3.344701 16.287234
 84240.000000 -842622.312500 794.612617 3.810451 3.164194 16.428996
 84260.000000 -843699.000000 794.114665 3.697609 3.639811 16.344464
 84280.000000 -843925.125000 796.078420 3.484070 3.073170 16.475496
 84300.000000 -844666.437500 792.313033 3.220251 3.293652 16.578329
 84320.000000 -843504.375000 796.056673 3.417526 3.341478 16.852360
 84340.000000 -840958.250000 801.348151 3.539885 4.751422 7.405215
 84360.000000 -843418.500000 798.706814 3.412612 4.399991 9.647744
 84380.000000 -841822.125000 798.412382 3.122372 4.043758 10.141476
 84400.000000 -842641.062500 796.612529 3.177948 3.721379 12.585872
 84420.000000 -844785.750000 792.502666 3.230959 3.657878 14.909430
 84440.000000 -844549.125000 795.393094 3.431939 3.491896 15.685638
 84460.000000 -845199.125000 795.670416 3.566550 3.278713 16.349901
 84480.000000 -846893.187500 792.565352 3.498584 3.334375 16.640858
 84500.000000 -845163.125000 792.296018 3.622060 3.218264 16.578256
 84520.000000 -842810.625000 793.318225 3.677925 3.324103 16.781281
 84540.000000 -844727.750000 791.997172 3.454574 3.377963 16.526931
 84560.000000 -843644.562500 795.633003 3.398483 3.387331 16.679634
 84580.000000 -844309.000000 795.556524 3.421189 3.256106 16.505036
 84600.000000 -843002.250000 795.141554 3.461190 3.236761 16.471670
 84620.000000 -845165.187500 795.384854 3.569927 3.242578 16.372133
 84640.000000 -844722.625000 793.978054 3.498693 3.230588 16.306747
 84660.000000 -843981.750000 795.258949 3.346292 3.524483 16.423456
 84680.000000 -844577.125000 793.883648 3.565646 3.485536 16.139266
 84700.000000 -846006.750000 795.137796 3.605391 3.338986 16.303942
 84720.000000 -844112.750000 795.055888 3.484608 3.573051 16.578681
 84740.000000 -843632.500000 795.327001 3.189176 3.251496 16.837114
 84760.000000 -843878.187500 794.471998 3.306163 3.550791 16.408344
 84780.000000 -845243.187500 793.652736 3.325864 3.619769 16.797253
 84800.000000 -844765.937500 792.096682 3.357312 3.800893 16.473117
 84820.000000 -845759.687500 791.189540 3.226277 3.664571 16.717846
 84840.000000 -842918.937500 794.449228 3.568665 3.735204 16.513228
 84860.000000 -846308.312500 790.843358 3.721126 3.487260 16.437955
 84880.000000 -841765.437500 795.389831 3.564831 3.158669 16.559603
 84900.000000 -844967.750000 792.461156 3.480265 3.272459 16.578788
 84920.000000 -844585.812500 792.584715 3.332871 3.505952 16.566149
 84940.000000 -844553.812500 792.136394 3.459052 3.391899 16.284242
 84960.000000 -844067.625000 793.723066 3.344701 3.791357 16.611128
 84980.000000 -844296.437500 794.501168 3.214726 3.587927 16.800053
 85000.000000 -843477.375000 793.433130 3.301968 3.311258 16.552180
 85020.000000 -843830.625000 794.577966 3.467059 3.401577 16.543473
 85040.000000 -843699.687500 794.610376 3.111825 3.447089 16.143946
 85060.000000 -844276.750000 794.224145 3.481727 3.636610 16.357568
 85080.000000 -843859.187500 794.029371 3.493419 3.430584 16.374236
 85100.000000 -844798.750000 793.640097 3.335652 3.384697 16.371073
 85120.000000 -842909.000000 792.168715 3.417480 3.282772 16.333165
 85140.000000 -842685.000000 795.027282 3.287305 3.332177 16.717707
 85160.000000 -844827.500000 796.070065 3.628272 3.337489 16.634574
 85180.000000 -843154.187500 793.968034 3.348403 3.477308 16.554033
 85200.000000 -845800.312500 797.303469 3.310213 3.178074 16.515709
 85220.000000 -844670.625000 794.663475 3.532739 3.497006 16.465251
 85240.000000 -843458.437500 791.951572 3.522768 3.561723 16.618911
 85260.000000 -844601.437500 797.045299 3.297338 3.432543 16.549507
 85280.000000 -844769.750000 791.783227 3.311036 3.364763 16.707026
 85300.000000 -844240.312500 792.931162 3.188397 3.467942 16.556800
 85320.000000 -842956.687500 794.568149 3.291025 3.351845 16.301321
 85340.000000 -844099.937500 794.936860 3.325294 3.271684 16.485903
 85360.000000 -843556.812500 793.315310 3.447928 3.468890 16.609812
 85380.000000 -845526.187500 794.220642 3.571725 3.349364 16.778222
 85400.000000 -847271.375000 793.699208 3.579984 3.344931 16.539433
 85420.000000 -845130.625000 790.460065 3.624704 3.482279 16.322034
 85440.000000 -845658.187500 792.486439 3.488848 3.577788 16.303368
 85460.000000 -846202.312500 794.574729 3.534747 3.561298 16.366243
 85480.000000 -844843.625000 792.534365 3.466356 3.316539 16.343291
 85500.000000 -844527.875000 792.362942 3.615621 3.337233 16.478538
 85520.000000 -843839.812500 793.769595 3.728976 3.324231 16.547730
 85540.000000 -844057.000000 794.678612 3.459505 3.375341 16.451341
 85560.000000 -845036.937500 792.462915 3.396839 3.518918 16.343749
 85580.000000 -844083.062500 795.537518 3.329607 3.563601 16.472222
 85600.000000 -844425.812500 794.495378 3.522305 3.424163 16.598393
 85620.000000 -843952.250000 793.501060 3.494562 3.408697 16.503900
 85640.000000 -844096.750000 793.667314 3.454515 3.615847 16.248199
 85660.000000 -844658.375000 793.031508 3.491356 3.345879 16.297267
 85680.000000 -843036.875000 793.655032 3.413174 3.486387 16.432608
 85700.000000 -842911.500000 793.649152 3.192663 3.580039 16.292814
 85720.000000 -842549.187500 794.927569 3.193894 3.513950 16.404995
 85740.000000 -842796.812500 794.738660 3.117404 3.330138 16.442861
 85760.000000 -842743.812500 795.719397 3.134472 3.379852 16.154303
 85780.000000 -844126.187500 794.372812 3.396009 3.125252 16.252142
 85800.000000 -845795.562500 794.037525 3.626238 3.199758 16.323178
 85820.000000 -842846.312500 794.618563 3.389184 3.161197 16.372857
 85840.000000 -843307.687500 792.904099 3.447355 3.379156 16.449202
 85860.000000 -843857.562500 794.402507 3.612198 3.442135 16.625451
 85880.000000 -845041.937500 794.022566 3.692279 3.041309 16.481922
 85900.000000 -846622.812500 791.909172 3.590820 3.196976 16.564279
 85920.000000 -844021.187500 793.299221 3.656576 3.412562 16.636327
 85940.000000 -846271.625000 793.908645 3.430297 3.532405 16.444871
 85960.000000 -843424.937500 794.600620 3.371303 3.258884 16.466419
 85980.000000 -845722.500000 795.011555 3.466598 3.309652 16.644114
 86000.000000 -843722.812500 796.920615 3.133494 3.422560 16.785593
 86020.000000 -842897.687500 795.743061 3.448272 3.428113 16.618608
 86040.000000 -844641.937500 796.096102 3.542394 3.383714 16.546925
 86060.000000 -845783.687500 796.019922 3.284296 3.554548 16.789059
 86080.000000 -842957.312500 793.844209 3.462321 3.631249 16.689134
 86100.000000 -844130.937500 794.647411 3.493671 3.483836 16.763293
 86120.000000 -842220.125000 797.476359 3.344730 3.298749 16.638359
 86140.000000 -843871.125000 797.387099 3.571745 3.192426 16.471655
 86160.000000 -842091.062500 793.353739 3.435114 3.443627 16.190277
 86180.000000 -843588.937500 796.804604 3.352415 3.462458 16.187844
 86200.000000 -845541.187500 794.112912 3.168199 3.581229 16.331584
 86220.000000 -846342.562500 791.816330 3.346618 3.486345 16.374047
 86240.000000 -843910.937500 794.879570 3.411531 3.388479 16.337048
 86260.000000 -845862.250000 790.317392 3.304290 3.549773 16.186432
 86280.000000 -843694.437500 796.914497 3.392056 3.535631 16.436952
 86300.000000 -844283.625000 793.742704 3.638242 3.644259 16.529534
 86320.000000 -844150.625000 794.851407 3.465917 3.396240 16.203906
 86340.000000 -843701.562500 793.523242 3.123333 3.334690 16.673674
 86360.000000 -844630.625000 791.695449 3.088652 3.434654 16.552639
 86380.000000 -843469.750000 794.547922 3.355705 3.454842 16.582355
 86400.000000 -844596.437500 795.656933 3.294257 3.385967 16.641323
 86420.000000 -841366.062500 800.570687 3.590872 3.297904 6.594135
 86440.000000 -843673.812500 797.643402 3.289073 3.036211 7.073334
 86460.000000 -841027.875000 798.887578 3.538838 2.503574 11.113249
 86480.000000 -842080.812500 796.563160 3.531725 3.112232 13.752131
 86500.000000 -845358.062500 792.726690 3.585368 3.458433 15.347504
 86520.000000 -845818.437500 790.536760 3.382652 3.559993 16.326637
 86540.000000 -845196.687500 791.978959 2.995755 3.364918 16.498617
 86560.000000 -845327.750000 794.706344 3.388789 3.245986 16.383846
 86580.000000 -845449.250000 794.502461 3.158256 3.119816 16.512440
 86600.000000 -844055.937500 795.632795 3.319048 3.359202 16.569715
 86620.000000 -845109.062500 793.384564 3.513828 3.124392 16.591023
 86640.000000 -843889.875000 797.415743 3.667550 3.474986 16.555367
 86660.000000 -843957.625000 793.601244 3.240435 3.462966 16.593899
 86680.000000 -846529.125000 792.636444 3.392474 3.386770 16.526565
 86700.000000 -844528.187500 796.332859 3.303742 3.364376 16.597409
 86720.000000 -844053.187500 794.001872 3.592470 3.318946 16.581829
 86740.000000 -844364.750000 793.218741 3.210672 3.452929 16.569719
 86760.000000 -844043.812500 793.525404 3.307922 3.348873 16.530552
 86780.000000 -845016.125000 794.277471 3.583068 3.478186 16.496982
 86800.000000 -846001.437500 794.566386 3.795570 3.282462 16.392431
 86820.000000 -844671.687500 793.832850 3.438011 3.284484 16.561953
 86840.000000 -844104.875000 793.099033 3.248687 3.414853 16.543413
 86860.000000 -842997.000000 795.258604 3.631661 3.462482 16.519939
 86880.000000 -843812.000000 794.905718 3.348853 3.526811 16.536149
 86900.000000 -844115.875000 796.373697 3.554232 3.473259 16.383882
 86920.000000 -845946.187500 794.557408 3.463784 3.366025 16.148153
 86940.000000 -844450.687500 793.000147 3.463555 3.325212 16.002922
 86960.000000 -844182.750000 792.825209 3.438584 3.097150 16.066005
 86980.000000 -843824.750000 794.634526 3.626024 3.205975 16.340192
 87000.000000 -846146.312500 793.612306 3.446398 3.662962 16.558663
 87020.000000 -845751.187500 793.722681 3.406968 3.342535 16.299164
 87040.000000 -843072.062500 793.784231 3.427950 3.205244 16.567152
 87060.000000 -845390.687500 791.476620 3.311768 3.215208 16.303334
 87080.000000 -845916.875000 794.947690 3.306348 3.468605 16.478637
 87100.000000 -846606.062500 792.886106 3.458135 3.065201 16.582267
 87120.000000 -842649.562500 794.487180 3.550169 3.311222 16.362726
 87140.000000 -844773.812500 792.889821 3.270927 3.016025 16.500719
 87160.000000 -843841.562500 794.641874 3.238344 3.383861 16.514891
 87180.000000 -843849.000000 793.629384 3.188019 3.428636 16.703172
 87200.000000 -843939.250000 793.080029 3.285721 3.592053 16.662680
 87220.000000 -841950.687500 795.304038 3.504239 3.440671 16.644489
 87240.000000 -844430.625000 795.418291 3.568252 3.200254 16.519112
 87260.000000 -844731.312500 794.433738 3.451358 3.442133 16.471841
 87280.000000 -845224.875000 793.656921 3.748005 3.518887 16.582778
 87300.000000 -844520.875000 792.567960 3.585052 3.386046 16.414442
 87320.000000 -845630.000000 793.719189 3.515372 3.442399 16.480585
 87340.000000 -845962.437500 795.801159 3.236527 3.288519 16.351088
 87360.000000 -844382.437500 794.930843 3.334216 3.116315 16.421028
 87380.000000 -845110.625000 792.893941 3.126296 3.452501 16.169746
 87400.000000 -843758.062500 794.436177 3.464833 3.337005 16.486101
 87420.000000 -845785.625000 795.956708 3.425585 3.217636 16.424239
 87440.000000 -842090.812500 796.697549 3.455329 3.244366 16.486586
 87460.000000 -844246.312500 794.039693 3.471762 3.270060 16.587340
 87480.000000 -843303.812500 793.236062 3.399846 3.139270 16.555064
 87500.000000 -845939.875000 790.054137 3.418310 3.141476 16.667762
 87520.000000 -843224.375000 794.647072 3.455209 3.588159 16.547513
 87540.000000 -844205.750000 793.405329 3.101579 3.278759 16.506427
 87560.000000 -845312.187500 792.598060 3.021007 3.491339 16.420818
 87580.000000 -844782.687500 793.788784 3.303019 3.676828 16.634748
 87600.000000 -845542.062500 793.173747 3.289875 3.577857 16.446905
 87620.000000 -845448.500000 792.717557 3.256733 3.861180 16.389870
 87640.000000 -845659.187500 792.925128 3.378674 3.614583 16.392228
 87660.000000 -845311.062500 794.995382 2.971215 3.291646 16.510442
 87680.000000 -846194.125000 790.703027 3.017982 3.518856 16.259014
 87700.000000 -845903.000000 790.647149 3.112182 3.313958 16.493737
 87720.000000 -844811.062500 792.361941 3.422366 3.495799 16.571862
 87740.000000 -846911.187500 794.010266 3.379544 3.497783 16.445835
 87760.000000 -842984.375000 794.430153 3.302229 3.262360 16.678325
 87780.000000 -845804.687500 794.261988 3.261611 3.155867 16.347844
 87800.000000 -844076.875000 794.269192 3.334060 3.471422 16.265339
 87820.000000 -844723.062500 794.032604 3.265890 3.594127 16.242616
 87840.000000 -844460.750000 794.866829 3.264158 3.567239 16.369592
 87860.000000 -843772.812500 794.432223 3.224869 3.635922 16.159468
 87880.000000 -846405.625000 793.975458 3.630037 3.373134 16.580307
 87900.000000 -845878.625000 791.232019 3.710739 3.555879 16.450714
 87920.000000 -845281.437500 796.881551 3.261732 3.678001 16.583424
 87940.000000 -846703.687500 791.179793 3.233077 3.320752 16.335840
 87960.000000 -844851.500000 791.706312 3.438984 3.345674 16.402396
 87980.000000 -844423.750000 796.764703 3.340019 3.424862 16.575885
 88000.000000 -846030.562500 795.527836 3.126576 3.151029 16.525211
 88020.000000 -843613.562500 790.777582 3.459082 3.095769 16.503149
 88040.000000 -844879.312500 793.143701 3.576056 3.371802 16.363166
 88060.000000 -844641.875000 795.499434 3.426663 3.157519 16.379685
 88080.000000 -844578.750000 793.885293 3.347815 3.239464 16.438112
 88100.000000 -842619.125000 793.051677 3.554382 3.533112 16.354916
 88120.000000 -842515.250000 798.172576 3.607836 3.206572 16.270936
 88140.000000 -843996.437500 796.280212 3.460419 3.142415 16.419822
 88160.000000 -844842.062500 792.225188 3.619380 3.484178 16.513175
 88180.000000 -844909.750000 794.977747 3.600735 3.705443 16.781248
 88200.000000 -842070.812500 802.972760 3.394657 3.086547 7.638833
 88220.000000 -842160.562500 798.922256 3.189089 3.397266 11.633455
 88240.000000 -841552.312500 795.590933 3.503693 3.723535 15.110628
 88260.000000 -844043.687500 795.262325 3.329362 3.474634 16.037174
 88280.000000 -841607.750000 794.676441 3.242955 3.524563 16.461441
 88300.000000 -845608.687500 792.582281 3.193118 3.487932 16.377321
 88320.000000 -842734.500000 796.805368 3.408676 3.153520 16.372323
 88340.000000 -842283.562500 797.845469 3.390615 3.247537 16.614874
 88360.000000 -844452.312500 794.863050 3.601123 3.258591 16.753678
 88380.000000 -843154.062500 793.282957 3.399635 3.312042 16.605205
 88400.000000 -845430.812500 792.493866 3.476695 3.430609 16.320300
 88420.000000 -846149.312500 790.487193 3.668241 3.414977 16.469681
 88440.000000 -844384.937500 792.633785 3.155215 3.244975 16.607057
 88460.000000 -845009.062500 793.483487 3.228976 3.559608 16.612529
 88480.000000 -843269.750000 794.155679 3.232890 3.403522 16.617328
 88500.000000 -845898.000000 792.283829 3.439878 3.428921 16.475113
 88520.000000 -842988.875000 791.591193 3.544713 3.350129 16.331760
 88540.000000 -843075.625000 792.288832 3.622177 3.415782 16.686541
 88560.000000 -842870.687500 794.326127 3.483314 3.390705 16.588294
 88580.000000 -844713.312500 796.030372 3.582238 3.103322 16.419201
 88600.000000 -845499.125000 795.843216 3.183957 3.230799 16.412787
 88620.000000 -842833.750000 794.890109 3.393663 3.195423 16.305788
 88640.000000 -844758.125000 793.766691 3.242300 3.195883 16.353678
 88660.000000 -844762.375000 796.973316 3.450692 3.471147 16.561920
 88680.000000 -842814.562500 797.025469 3.386695 3.481316 16.318978
 88700.000000 -843447.437500 794.522748 3.375695 3.305693 16.131182
 88720.000000 -846156.500000 793.905996 3.179749 3.296964 16.152451
 88740.000000 -843884.437500 795.693392 3.396061 3.410660 16.191068
 88760.000000 -843986.500000 793.953711 3.487535 3.172322 16.324827
 88780.000000 -843503.250000 793.782161 3.371868 3.297983 16.557803
 88800.000000 -844829.562500 793.371860 3.175371 3.220601 16.666465
 88820.000000 -844585.000000 794.741856 3.228269 3.219824 16.492835
 88840.000000 -842809.125000 794.168870 3.308639 3.115236 16.641303
 88860.000000 -846169.312500 792.029251 3.486202 3.388335 16.746487
 88880.000000 -843126.812500 793.907364 3.313130 3.218668 16.758146
 88900.000000 -844637.062500 794.072960 3.260635 3.260368 16.687183
 88920.000000 -844193.750000 796.250097 3.239156 3.474496 16.399738
 88940.000000 -843506.750000 794.476456 3.246092 3.488253 16.491176
 88960.000000 -844553.500000 795.214567 3.521652 3.396739 16.621032
 88980.000000 -844270.062500 794.508976 3.411269 3.442468 16.421604
 89000.000000 -844515.312500 797.945726 3.477024 3.553260 16.515573
 89020.000000 -846834.812500 793.009687 3.192864 3.334754 16.386258
 89040.000000 -844793.000000 791.738411 3.534391 3.432867 16.521148
 89060.000000 -843326.562500 793.752039 3.301163 3.615126 16.648419
 89080.000000 -844842.625000 793.703558 3.258477 3.634996 16.640129
 89100.000000 -844571.312500 791.294577 3.251948 3.375327 16.677705
 89120.000000 -843254.562500 794.982521 3.566636 3.227752 16.553764
 89140.000000 -842615.875000 795.889615 3.612691 3.419262 16.554964
 89160.000000 -841234.500000 795.111422 3.278696 3.325334 16.394849
 89180.000000 -844880.687500 794.293095 3.406488 3.612080 16.504965
 89200.000000 -842576.687500 793.797540 3.224286 3.154170 16.293327
 89220.000000 -844376.000000 794.731682 3.365435 3.023003 16.413607
 89240.000000 -844114.750000 794.139178 3.696952 2.931132 16.400654
 89260.000000 -845008.437500 794.437931 3.437758 3.161479 16.550332
 89280.000000 -843575.062500 801.269113 2.474643 3.687441 5.553951
 89300.000000 -841352.062500 802.505275 2.933239 3.239780 6.803269
 89320.000000 -841847.750000 798.964653 2.999075 3.225611 7.031930
 89340.000000 -842657.562500 795.853106 2.893913 3.084411 7.239242
 89360.000000 -841906.250000 797.835242 3.011455 2.740519 9.818108
 89380.000000 -840962.562500 802.957597 3.228508 2.420280 11.829112
 89400.000000 -840634.562500 798.408889 3.307468 2.841782 13.839884
 89420.000000 -843577.062500 797.009485 3.519046 3.073693 15.701575
 89440.000000 -844861.375000 794.192972 3.301018 3.547347 16.562067
 89460.000000 -844201.125000 793.217004 3.310486 3.682329 16.676313
 89480.000000 -843962.000000 792.132096 3.358894 3.500813 16.515041
 89500.000000 -844087.937500 792.646674 3.556064 3.700364 16.651630
 89520.000000 -845460.125000 792.045958 3.456836 3.566951 16.557014
 89540.000000 -844256.562500 793.901087 3.383291 3.541889 16.355281
 89560.000000 -846330.875000 792.099286 3.412556 3.276528 16.278531
 89580.000000 -844228.000000 793.708921 3.383884 3.292306 16.212733
 89600.000000 -844228.812500 794.955435 3.177993 3.525422 16.098130
 89620.000000 -844676.250000 792.751419 3.308595 3.235621 16.454249
 89640.000000 -844160.875000 795.948862 3.405004 3.444557 16.292229
 89660.000000 -843151.437500 793.949320 3.395954 3.415748 16.341951
 89680.000000 -843890.000000 795.161193 3.388977 3.432456 16.450514
 89700.000000 -843210.437500 794.277482 3.391908 3.081218 16.282174
 89720.000000 -842653.187500 795.747730 3.472807 3.295615 16.315334
 89740.000000 -844255.062500 795.275716 3.320210 3.188734 16.809734
 89760.000000 -843186.937500 793.330189 3.367634 3.300735 16.606547
 89780.000000 -842698.375000 794.557685 3.453830 3.532529 16.575102
 89800.000000 -843278.625000 794.308248 3.574058 3.474082 16.384151
 89820.000000 -843761.750000 795.258048 3.520748 3.284458 16.303118
 89840.000000 -845471.625000 793.342504 3.539151 3.220234 16.569542
 89860.000000 -844966.750000 792.684788 3.388416 3.148484 16.411700
 89880.000000 -843208.687500 796.300127 3.573199 3.247272 16.499763
 89900.000000 -844372.187500 795.433646 3.398173 3.255548 16.526634
 89920.000000 -841847.875000 795.960630 3.467065 3.169043 16.328574
 89940.000000 -844213.375000 794.933182 3.508166 3.430543 16.255178
 89960.000000 -842007.687500 794.434350 3.520714 3.603359 16.222653
 89980.000000 -844409.875000 794.097709 3.354014 3.267243 16.381336
 90000.000000 -844556.312500 793.551499 3.257025 3.242567 16.206298
 90020.000000 -842921.937500 796.227294 3.306205 3.369379 16.512904
 90040.000000 -842290.937500 795.515533 3.373847 3.518671 16.848693
 90060.000000 -844570.125000 794.115506 3.296292 3.481858 16.652720
 90080.000000 -844358.000000 797.666282 3.531913 3.260795 16.470146
 90100.000000 -841706.312500 794.577636 3.492918 3.211630 16.465492
 90120.000000 -844883.312500 791.576926 3.389979 3.443891 16.398731
 90140.000000 -844789.750000 794.268858 3.481887 3.246489 16.497262
 90160.000000 -843901.187500 793.896876 3.563491 3.479944 16.465067
 90180.000000 -845096.812500 794.100656 3.398014 3.514972 16.385343
 90200.000000 -844707.375000 795.553081 3.538244 3.364724 16.504112
 90220.000000 -844045.312500 794.002076 3.545328 3.493473 16.442605
 90240.000000 -843545.812500 793.279949 3.663806 3.391040 16.580092
 90260.000000 -845750.875000 793.582280 3.371492 3.428685 16.518823
 90280.000000 -844914.812500 794.893452 3.391631 2.850749 16.525937
 90300.000000 -845916.500000 794.812532 3.507475 3.330882 16.292053
 90320.000000 -842822.250000 796.618231 3.432859 3.399829 16.242119
 90340.000000 -844624.750000 795.058340 3.552670 3.399672 16.523444
 90360.000000 -844083.812500 793.529195 3.465010 3.158870 16.453740
 90380.000000 -845012.937500 794.919556 3.603016 3.140326 16.481831
 90400.000000 -842817.687500 796.762140 3.339356 3.305016 16.733331
 90420.000000 -841868.312500 795.351925 3.435142 3.440454 16.619795
 90440.000000 -843301.437500 796.246419 3.477618 3.462720 16.583699
 90460.000000 -843860.500000 794.980785 3.362973 3.417908 16.740531
 90480.000000 -845201.000000 792.127452 3.484301 3.565601 16.610687
 90500.000000 -843295.812500 793.925886 3.388364 3.479361 16.409409
 90520.000000 -842723.062500 794.395330 3.622701 3.438614 16.694182
 90540.000000 -842483.750000 795.541244 3.510465 3.261131 16.869198
 90560.000000 -843033.937500 795.277977 3.205083 3.282712 16.699347
 90580.000000 -844169.812500 795.494674 3.450327 3.316148 16.530125
 90600.000000 -842463.187500 796.948698 3.718385 3.570685 16.709971
 90620.000000 -843690.000000 793.485495 3.510330 3.405642 16.617844
 90640.000000 -844294.437500 794.314628 3.410022 3.490860 16.540168
 90660.000000 -844564.125000 794.624979 3.609815 3.480548 16.578345
 90680.000000 -843364.562500 794.300317 3.531291 3.420536 16.516574
 90700.000000 -844525.375000 792.562322 3.464013 3.373916 16.574912
 90720.000000 -844404.750000 794.575492 3.477863 3.605871 16.314555
 90740.000000 -845206.687500 794.679881 3.588860 3.489423 16.339692
 90760.000000 -844787.312500 795.402862 3.365271 3.235352 16.455654
 90780.000000 -842722.750000 795.293263 3.576953 3.507308 16.630963
 90800.000000 -843500.187500 793.458323 3.590509 3.405316 16.598896
 90820.000000 -844567.125000 794.823351 3.514295 3.539311 16.459582
 90840.000000 -844885.875000 797.007387 3.531112 3.504849 16.279701
 90860.000000 -844190.062500 795.891588 3.289594 3.426176 16.490658
 90880.000000 -842918.750000 796.405745 3.194697 3.341044 16.698514
 90900.000000 -842657.875000 796.026375 3.085671 3.291250 16.613317
 90920.000000 -844555.562500 793.635047 3.338141 3.398848 16.474013
 90940.000000 -844350.937500 793.071163 3.423147 3.056808 16.389020
 90960.000000 -846236.250000 795.037439 3.382890 3.320518 16.410837
 90980.000000 -843251.625000 793.144828 3.167394 3.583003 16.583505
 91000.000000 -846964.187500 791.966896 3.254406 3.603214 16.434963
 91020.000000 -844418.187500 796.101697 3.504013 3.544318 16.292149
 91040.000000 -843775.875000 794.138194 3.201595 3.435404 16.328779
 91060.000000 -843120.312500 792.415945 3.567235 3.495672 16.163559
 91080.000000 -843785.062500 792.221318 3.322012 3.569787 16.598827
 91100.000000 -843137.687500 795.223592 3.589394 3.484027 16.652878
 91120.000000 -844316.625000 791.849678 3.522891 3.524874 16.534888
 91140.000000 -845696.062500 789.794166 3.482052 3.565106 16.418801
 91160.000000 -846253.812500 790.106813 3.304207 3.526530 16.521751
 91180.000000 -843838.625000 793.539680 3.082334 3.523091 16.490646
 91200.000000 -843397.437500 794.708388 3.252243 3.576540 16.626526
 91220.000000 -844518.875000 797.081602 3.258494 3.578170 16.238349
 91240.000000 -843709.812500 795.795073 3.422963 3.392336 16.244224
 91260.000000 -845154.500000 793.812097 3.265033 3.469087 16.391794
 91280.000000 -844199.250000 796.250546 3.504186 3.290647 16.737404
 91300.000000 -843113.750000 794.246789 3.490004 3.402698 16.414418
 91320.000000 -842501.875000 794.421090 3.368843 3.502365 16.464334
 91340.000000 -844367.625000 791.511694 3.434970 3.557561 16.572367
 91360.000000 -844404.250000 791.845206 3.701169 3.714965 16.524433
 91380.000000 -844877.187500 793.762897 3.667341 3.633426 16.655955
 91400.000000 -845085.875000 793.592602 3.435071 3.180727 16.432820
 91420.000000 -843036.562500 794.024074 3.383011 3.276438 16.269208
 91440.000000 -846447.687500 791.006654 3.413185 3.066344 16.591176
 91460.000000 -845339.937500 794.704088 3.527768 3.076345 16.428320
 91480.000000 -844684.437500 795.780026 3.522800 3.499942 16.280750
 91500.000000 -847381.687500 791.006439 3.365458 3.553131 16.435420
 91520.000000 -845216.562500 790.565547 3.579183 3.475171 16.335986
 91540.000000 -845319.687500 793.077695 3.782062 3.313564 16.466764
 91560.000000 -845385.937500 793.196443 3.606274 3.301762 16.245279
 91580.000000 -846254.437500 794.916882 3.663785 3.222418 16.506779
 91600.000000 -845105.937500 792.611129 3.282368 3.696569 16.313750
 91620.000000 -846135.687500 790.630041 3.464860 3.525197 16.266475
 91640.000000 -843974.125000 793.942958 3.188312 3.486496 16.369461
 91660.000000 -842785.562500 793.912700 3.198150 3.561223 16.589532
 91680.000000 -846348.250000 793.787338 3.289871 3.453278 16.656931
 91700.000000 -844902.312500 793.519926 3.313558 3.615400 16.620739
 91720.000000 -844618.812500 794.581038 3.405616 3.352536 16.488899
 91740.000000 -843426.187500 792.884948 3.574122 3.363461 16.482436
 91760.000000 -843572.812500 794.495098 3.559851 3.328354 16.483660
 91780.000000 -844070.562500 795.050909 3.427664 3.338951 16.728874
 91800.000000 -843964.125000 794.138881 3.286992 3.438601 16.704529
 91820.000000 -842381.000000 795.691315 3.233451 3.579681 16.538987
 91840.000000 -844096.187500 792.622404 3.145632 3.347176 16.649220
 91860.000000 -844862.500000 795.686393 3.395057 3.506992 16.478110
 91880.000000 -845611.000000 792.006201 3.135773 3.399464 16.297103
 91900.000000 -844173.812500 794.615830 3.386564 3.483171 16.282664
 91920.000000 -845732.625000 794.076358 3.342629 3.439820 16.390207
 91940.000000 -845349.250000 792.285249 3.452262 3.424198 16.372975
 91960.000000 -843761.812500 795.855640 3.408608 3.160094 16.539100
 91980.000000 -845421.500000 796.448188 3.460591 3.408598 16.337321
 92000.000000 -844173.375000 793.090745 3.548497 3.535399 16.419499
 92020.000000 -843191.875000 794.607445 3.348786 3.288230 16.383201
 92040.000000 -843865.937500 794.885140 3.344724 3.545830 16.555974
 92060.000000 -841747.562500 796.502436 3.327723 3.602247 16.573455
 92080.000000 -844776.437500 795.112103 3.510520 3.495122 16.508323
 92100.000000 -844740.625000 794.082659 3.340253 3.353644 16.639388
 92120.000000 -843405.500000 794.567095 3.362579 3.416191 16.726276
 92140.000000 -845636.812500 794.862847 3.428573 3.186119 16.654352
 92160.000000 -842603.250000 796.104583 3.277426 3.403933 16.955840
 92180.000000 -844099.187500 796.027365 3.215170 3.352515 16.628823
 92200.000000 -844469.625000 796.713942 3.285975 3.281848 16.562034
 92220.000000 -844227.625000 792.986122 3.213837 2.979210 16.547627
 92240.000000 -844623.687500 794.163820 3.232780 3.239629 16.495937
 92260.000000 -843487.187500 795.488755 3.211079 3.652147 16.644240
 92280.000000 -846381.062500 792.735724 3.684321 3.689129 16.701102
 92300.000000 -844388.437500 792.576140 3.824947 3.378289 16.675183
 92320.000000 -845620.812500 795.506601 3.697513 3.030170 16.817300
 92340.000000 -844835.875000 794.248036 3.534330 3.074602 16.467628
 92360.000000 -845037.000000 795.289973 3.343931 3.320002 16.826458
 92380.000000 -844117.812500 798.222495 3.475939 3.316157 16.901620
 92400.000000 -843225.125000 795.821774 3.384496 3.045408 16.798167
 92420.000000 -843870.000000 793.069975 3.500751 3.284956 16.344587
 92440.000000 -843652.875000 793.024919 3.088465 3.364271 16.537478
 92460.000000 -842849.187500 796.588918 3.239125 3.453221 16.563730
 92480.000000 -843028.000000 793.206336 3.102428 3.449404 16.302414
 92500.000000 -843983.375000 793.870791 3.074175 3.408268 16.465080
 92520.000000 -844293.812500 794.617990 3.316860 3.163355 16.581524
 92540.000000 -843570.750000 793.735151 3.393728 3.276377 16.586315
 92560.000000 -844247.625000 793.972887 3.368657 3.211719 16.591020
 92580.000000 -844422.937500 795.339567 3.375102 3.643504 16.452926
 92600.000000 -843576.875000 794.320896 3.512673 3.503114 16.502205
 92620.000000 -844340.125000 794.950929 3.165668 3.554039 16.547364
 92640.000000 -844646.125000 796.645180 3.283806 3.573409 16.586424
 92660.000000 -845637.875000 794.753798 3.324840 3.586915 16.373831
 92680.000000 -844697.500000 796.621646 3.485717 3.232602 16.634116
 92700.000000 -845310.250000 792.283432 3.297400 3.358633 16.430758
 92720.000000 -843412.187500 797.048619 3.314305 3.417539 16.492192
 92740.000000 -844446.562500 794.831949 3.276164 3.298038 16.437991
 92760.000000 -842006.062500 795.109810 3.412727 3.458554 16.590684
 92780.000000 -843154.812500 795.378276 3.520261 3.585327 16.691456
 92800.000000 -844892.625000 792.890252 3.609385 3.429313 16.298011
 92820.000000 -844083.562500 793.144127 3.536910 3.640132 16.313530
 92840.000000 -844708.875000 794.565849 3.413702 3.712607 16.354337
 92860.000000 -844957.500000 795.903512 3.181961 3.540402 16.365057
 92880.000000 -843962.937500 794.132127 3.349748 3.569252 16.374866
 92900.000000 -844782.500000 795.171807 3.583769 3.244484 16.567140
 92920.000000 -843397.312500 796.237169 3.519396 2.964563 16.438508
 92940.000000 -843403.250000 797.101858 3.582492 3.203468 16.391306
 92960.000000 -843757.312500 797.822627 3.341526 3.283331 16.571240
 92980.000000 -846258.562500 792.328396 2.993573 3.428470 16.547251
 93000.000000 -844352.937500 793.453851 3.233588 3.313691 16.509875
 93020.000000 -844213.625000 796.555576 3.654118 3.417254 16.425578
 93040.000000 -844153.000000 791.857568 3.491366 3.322496 16.490478
 93060.000000 -845618.000000 792.846212 3.618131 3.139200 16.545051
 93080.000000 -843504.000000 794.856599 3.900117 3.238522 16.653486
 93100.000000 -843519.125000 792.272649 3.487191 3.249833 16.675854
 93120.000000 -845395.562500 794.399658 3.449028 3.219680 16.499353
 93140.000000 -844561.250000 791.419751 3.305003 3.056971 16.548658
 93160.000000 -844376.250000 795.577201 3.285235 3.204636 16.479191
 93180.000000 -843483.500000 794.603098 3.350340 3.465134 16.396636
 93200.000000 -842430.250000 794.275370 3.417814 3.683330 16.415642
 93220.000000 -844385.062500 794.502463 3.733510 3.724525 16.635956
 93240.000000 -844706.625000 794.123572 3.416225 3.686903 16.229094
 93260.000000 -844024.250000 794.450164 3.272895 3.587011 16.313224
 93280.000000 -846182.625000 794.220188 3.325092 3.923911 16.741542
 93300.000000 -845572.875000 794.200746 3.218604 3.403474 16.481127
 93320.000000 -844673.875000 796.650464 3.253738 3.453871 16.606099
 93340.000000 -841869.937500 795.254968 3.453096 3.430851 16.493921
 93360.000000 -843468.187500 792.978887 3.486663 3.358684 16.686556
 93380.000000 -841781.312500 795.884671 3.684165 3.514387 16.380156
 93400.000000 -845991.937500 794.492813 3.510208 3.293687 16.192951
 93420.000000 -845089.875000 793.272318 3.447951 3.518737 16.287882
 93440.000000 -845411.125000 792.790597 3.491266 3.671264 16.328060
 93460.000000 -843165.250000 792.506512 3.380252 3.667036 16.331956
 93480.000000 -842903.375000 794.592106 3.493547 3.303425 16.369801
 93500.000000 -844784.375000 794.424295 3.406839 3.479330 16.625647
 93520.000000 -843194.625000 795.727110 3.567343 3.511871 16.526887
 93540.000000 -844815.750000 794.243921 3.674861 3.515790 16.249555
 93560.000000 -843603.875000 792.533936 3.544840 3.547293 16.164803
 93580.000000 -844459.000000 794.642476 3.671801 3.321893 16.153016
 93600.000000 -844125.250000 792.670981 3.247039 3.284423 16.402806
 93620.000000 -843631.062500 793.953530 3.277892 3.213047 16.706690
 93640.000000 -845952.375000 794.432022 3.098780 3.309111 16.821170
 93660.000000 -842945.312500 791.217997 3.267083 3.617025 16.706094
 93680.000000 -845457.562500 792.658212 3.238696 3.473093 16.401518
 93700.000000 -844696.312500 790.353520 3.427281 3.493702 16.360893
 93720.000000 -842522.375000 792.251162 3.439137 3.709224 16.380878
 93740.000000 -843923.562500 794.937194 3.402509 3.278923 16.621041
 93760.000000 -844832.312500 792.434352 3.473417 3.381377 16.437832
 93780.000000 -841876.687500 796.278160 3.310843 3.488323 16.700961
 93800.000000 -844674.187500 796.391897 3.444530 3.609931 16.590210
 93820.000000 -843260.937500 793.755028 3.326490 3.683469 16.649200
 93840.000000 -843729.750000 795.055154 3.598440 3.542512 16.522511
 93860.000000 -844560.812500 793.331241 3.665433 3.516518 16.516250
 93880.000000 -846262.125000 791.762138 3.429528 3.241517 16.580762
 93900.000000 -845242.187500 795.458107 3.526396 3.139704 16.579676
 93920.000000 -845721.812500 790.618417 2.995178 3.070152 16.454131
 93940.000000 -844216.000000 793.843254 3.399686 3.044910 16.271401
 93960.000000 -843454.937500 793.334798 3.564204 3.031654 16.376093
 93980.000000 -844106.937500 793.991072 3.647130 3.366857 16.666294
 94000.000000 -845836.125000 790.920360 3.535839 3.055117 16.568760
 94020.000000 -843983.562500 793.101045 3.628717 3.480163 16.473884
 94040.000000 -845388.875000 791.867521 3.253848 3.561777 16.540785
 94060.000000 -843727.625000 794.119647 3.297975 3.526429 16.600584
 94080.000000 -843823.375000 793.307352 3.253678 3.398378 16.440678
 94100.000000 -846941.750000 790.621667 3.381962 3.299293 16.588312
 94120.000000 -847621.375000 791.403955 3.466320 3.392083 16.750548
 94140.000000 -843603.000000 793.443506 3.355560 3.391775 16.617389
 94160.000000 -844323.750000 793.078797 3.543572 3.594081 16.454185
 94180.000000 -843699.625000 793.326871 3.220131 3.294495 16.295464
 94200.000000 -845165.312500 795.054023 3.329607 3.293009 16.406115
 94220.000000 -844268.937500 795.686340 3.252299 3.227875 16.535162
 94240.000000 -843429.750000 795.844882 3.134617 3.483215 16.277881
 94260.000000 -845922.562500 792.160532 3.208435 3.519359 16.395687
 94280.000000 -845301.375000 794.003513 3.414609 3.404713 16.456106
 94300.000000 -845652.187500 792.758180 3.348104 3.118909 16.737533
 94320.000000 -843644.500000 790.619308 3.280029 3.287989 16.685050
 94340.000000 -844958.875000 792.236236 3.065762 3.391171 16.717073
 94360.000000 -845662.062500 795.960834 3.352072 3.627947 16.953772
 94380.000000 -845389.187500 794.186687 3.429810 3.367588 16.581092
 94400.000000 -845306.812500 795.668914 3.427290 3.436151 16.523649
 94420.000000 -844859.062500 793.569382 3.370701 3.347495 16.444536
 94440.000000 -843643.437500 794.887561 3.381045 3.560958 16.408066
 94460.000000 -845268.687500 793.797364 3.505003 3.632691 16.500788
 94480.000000 -844859.875000 794.070403 3.629423 3.544279 16.733924
 94500.000000 -844053.625000 794.364822 3.385095 3.166920 16.451329
 94520.000000 -843910.125000 796.382420 3.534111 3.481548 16.051172
 94540.000000 -843468.500000 792.941951 3.451038 3.364553 16.323963
 94560.000000 -845364.250000 794.389634 3.453975 3.240839 16.602159
 94580.000000 -844281.500000 793.245103 3.448199 3.513027 16.402934
 94600.000000 -844532.250000 793.299614 3.481863 3.403545 16.476578
 94620.000000 -847190.187500 792.185322 3.481243 3.247589 16.566109
 94640.000000 -844558.437500 795.118298 3.246922 3.418405 16.701965
 94660.000000 -844332.187500 794.712239 3.448242 3.552407 16.565654
 94680.000000 -844960.312500 793.396725 3.713907 3.858422 16.332230
 94700.000000 -844663.625000 791.888634 3.363487 3.414317 16.295636
 94720.000000 -844438.625000 795.415417 3.637458 3.402851 16.573295
 94740.000000 -844662.375000 794.175567 3.548856 3.176450 16.491907
 94760.000000 -845273.062500 791.882366 3.672002 3.148846 16.528348
 94780.000000 -846063.875000 792.878626 3.178752 3.495735 16.491727
 94800.000000 -843707.562500 791.562984 3.552001 3.609347 16.647735
 94820.000000 -843677.500000 794.129404 3.353495 3.479220 16.214366
 94840.000000 -844267.500000 792.853654 3.380647 3.597622 16.569663
 94860.000000 -843136.437500 794.829009 3.277104 3.581589 16.411281
 94880.000000 -845444.062500 792.824784 3.353857 3.404016 16.705745
 94900.000000 -842985.000000 794.258871 3.356391 3.272595 16.679078
 94920.000000 -844355.062500 794.685599 3.443206 3.344832 16.268086
 94940.000000 -843640.250000 794.023583 3.590629 3.280246 16.473782
 94960.000000 -845562.500000 794.795582 3.184567 3.472260 16.563032
 94980.000000 -842307.625000 798.348819 3.502352 3.586755 16.515173
 95000.000000 -842948.375000 795.844916 3.456327 3.141913 16.521015
 95020.000000 -843123.875000 793.634519 3.575491 3.042377 16.478171
 95040.000000 -845630.500000 792.460793 3.716127 3.354327 16.435412
 95060.000000 -845344.812500 791.064801 3.509435 3.301584 16.361136
 95080.000000 -845313.250000 793.877963 3.513779 3.539570 16.539065
 95100.000000 -844998.062500 791.227229 3.518324 3.379476 16.583176
 95120.000000 -844490.750000 794.879485 3.220561 3.595612 16.523703
 95140.000000 -843876.812500 793.566322 3.321285 3.634764 16.592616
 95160.000000 -844780.187500 793.503973 3.479575 3.259526 16.529420
 95180.000000 -843456.687500 795.081367 3.466732 3.623227 16.642755
 95200.000000 -844775.312500 794.589034 3.661293 3.144426 16.486430
 95220.000000 -844594.437500 791.862364 3.578464 3.247783 16.384847
 95240.000000 -843476.187500 794.779436 3.630250 3.252739 16.618577
 95260.000000 -842017.750000 796.384988 3.562829 3.545354 16.763454
 95280.000000 -844245.062500 792.644479 3.394105 3.499550 16.435774
 95300.000000 -844937.125000 793.516374 3.306970 3.411657 16.536589
 95320.000000 -844749.062500 792.274333 3.401224 3.372351 16.565272
 95340.000000 -845833.625000 790.479611 3.530542 3.468223 16.949270
 95360.000000 -846124.250000 791.620874 3.499619 3.293565 16.661160
 95380.000000 -845755.062500 792.204267 3.142908 3.197698 16.344473
 95400.000000 -845222.375000 794.059067 3.348261 3.149542 16.117083
 95420.000000 -845578.750000 794.039528 3.418300 3.246627 16.454993
 95440.000000 -844727.500000 795.722436 3.448585 3.455309 16.724745
 95460.000000 -843400.750000 792.910045 3.250230 3.193898 16.647364
 95480.000000 -843928.437500 794.611261 3.182963 3.261032 16.726354
 95500.000000 -844690.000000 794.004495 3.274188 3.154639 16.535939
 95520.000000 -846022.312500 794.099178 3.358695 3.323730 16.546527
 95540.000000 -843751.187500 793.798000 3.264184 3.422552 16.430886
 95560.000000 -844515.312500 792.342352 3.220881 3.474388 16.263361
 95580.000000 -845318.375000 792.328925 3.316753 3.614683 16.366851
 95600.000000 -846970.500000 790.327181 3.244272 3.605379 16.445609
 95620.000000 -844594.375000 795.263969 3.353297 3.525684 16.409727
 95640.000000 -845480.687500 793.403185 3.312337 3.271172 16.362051
 95660.000000 -843675.250000 793.912410 3.417714 3.393792 16.548254
 95680.000000 -844405.687500 794.033697 3.566056 3.346885 16.420423
 95700.000000 -844642.687500 793.309872 3.529171 3.192089 16.458936
 95720.000000 -844428.187500 794.909285 3.330070 3.194874 16.484849
 95740.000000 -844406.812500 792.778931 3.270261 3.367412 16.366011
 95760.000000 -845203.187500 794.358718 3.199741 3.476959 16.354392
 95780.000000 -846013.812500 790.128589 3.635483 3.425984 16.209966
 95800.000000 -845103.437500 792.477372 3.588928 3.372028 16.246480
 95820.000000 -845336.750000 793.486225 3.559840 3.383132 16.373859
 95840.000000 -844929.937500 792.022695 3.510237 3.368716 16.277529
 95860.000000 -842282.375000 793.772950 3.375392 3.403234 16.418820
 95880.000000 -844378.125000 793.482054 3.372250 3.311332 16.286523
 95900.000000 -846136.687500 791.445344 3.182130 3.414239 16.324976
 95920.000000 -845727.312500 794.207189 3.461039 3.193827 16.228399
 95940.000000 -844525.812500 792.267158 3.129152 3.442285 16.485217
 95960.000000 -843307.062500 792.066012 3.460094 3.318135 16.521930
 95980.000000 -845189.875000 792.986284 3.264624 3.425220 16.509379
 96000.000000 -843846.375000 795.662949 3.412865 3.377165 16.463790
 96020.000000 -846020.812500 791.955465 3.383965 3.448021 16.565837
 96040.000000 -842515.437500 792.210753 3.477800 3.624215 16.593443
 96060.000000 -844042.875000 794.558711 3.351043 3.376451 16.554414
 96080.000000 -844516.875000 793.021107 3.441211 3.592625 16.569797
 96100.000000 -842933.062500 794.615934 3.544228 3.548691 16.407139
 96120.000000 -843431.250000 795.328300 3.324829 3.643184 16.404886
 96140.000000 -843273.937500 792.614280 3.366032 3.561416 16.476226
 96160.000000 -842928.812500 796.515577 3.582638 3.296548 16.269801
 96180.000000 -843571.062500 793.235198 3.527490 3.485167 16.352781
 96200.000000 -846417.062500 792.210214 3.515140 3.583087 16.383460
 96220.000000 -846976.875000 791.656201 3.785095 3.410972 16.521839
 96240.000000 -843050.562500 792.245403 3.545415 3.334416 16.561832
 96260.000000 -842813.812500 794.914222 3.429073 3.396166 16.486142
 96280.000000 -845822.500000 793.292657 3.518106 3.417400 16.524969
 96300.000000 -843982.250000 795.032647 3.531626 3.342147 16.497356
 96320.000000 -844652.437500 794.232326 3.302458 3.518623 16.571544
 96340.000000 -844833.000000 793.769886 3.357318 3.378936 16.254431
 96360.000000 -845927.500000 792.443196 3.138258 3.527099 16.508552
 96380.000000 -844457.875000 791.608573 3.150776 3.513534 16.505809
 96400.000000 -844544.125000 795.172761 3.193872 3.301324 16.675067
 96420.000000 -844468.437500 793.464938 3.427943 3.798595 16.414322
 96440.000000 -843296.750000 793.369311 3.435683 3.544735 16.629021
 96460.000000 -844428.250000 792.471001 3.188854 3.473816 16.585552
 96480.000000 -845176.250000 791.623942 3.218992 3.304986 16.679572
 96500.000000 -845935.062500 792.927442 3.239444 3.439074 16.691559
 96520.000000 -845083.125000 793.999511 3.393775 3.340567 16.507080
 96540.000000 -845729.125000 793.801135 3.422058 3.507780 16.643196
 96560.000000 -843891.750000 795.828374 3.666214 3.439362 16.618837
 96580.000000 -845517.062500 793.971801 3.370679 3.452602 16.567227
 96600.000000 -844898.187500 794.029360 3.317804 3.574572 16.614769
 96620.000000 -843588.750000 793.236191 3.455184 3.456448 16.583655
 96640.000000 -845732.812500 792.900364 3.346273 3.311593 16.358457
 96660.000000 -843969.750000 796.553438 3.456062 3.298505 16.162180
 96680.000000 -844042.187500 796.575128 3.242542 3.368338 16.243781
 96700.000000 -844003.375000 792.908897 3.344107 3.502238 16.222693
 96720.000000 -845394.437500 792.456164 3.166148 3.461368 16.459885
 96740.000000 -844355.250000 792.276663 3.353410 3.393515 16.377786
 96760.000000 -846278.312500 793.446590 3.076720 3.336172 16.575922
 96780.000000 -846704.812500 797.050582 3.218900 3.175784 16.422271
 96800.000000 -845256.187500 793.282516 3.550277 3.456720 16.232293
 96820.000000 -844229.187500 794.959766 3.588907 3.114486 16.292159
 96840.000000 -844454.875000 793.410961 3.486930 3.335641 16.463840
 96860.000000 -844292.875000 794.392113 3.525602 3.211210 16.668867
 96880.000000 -846331.312500 794.552736 3.371534 3.405019 16.535060
 96900.000000 -842834.500000 792.422006 3.571392 3.584722 16.967794
 96920.000000 -844656.562500 794.627603 3.474707 3.371638 16.780859
 96940.000000 -844889.625000 793.690803 3.505353 3.291537 16.702374
 96960.000000 -844649.937500 794.525729 3.493452 3.159949 16.371101
 96980.000000 -843569.937500 794.895837 3.482297 3.455198 16.553441
 97000.000000 -843328.062500 792.588008 3.464612 3.393256 16.603923
 97020.000000 -844037.125000 793.031161 3.506506 3.229405 16.313187
 97040.000000 -845161.562500 794.753850 3.252390 3.471012 16.585261
 97060.000000 -845322.500000 792.782661 3.206678 3.524055 16.686314
 97080.000000 -845150.562500 792.276596 3.326653 3.471785 16.697527
 97100.000000 -846374.750000 792.401511 3.706213 3.583627 16.445947
 97120.000000 -844403.812500 792.810090 3.643753 3.582472 16.393901
 97140.000000 -843929.687500 792.891077 3.451795 3.369153 16.610500
 97160.000000 -844588.812500 791.228214 3.466425 3.142410 16.613254
 97180.000000 -843505.437500 795.283912 3.601930 3.367441 16.519996
 97200.000000 -846078.062500 793.372632 3.509465 3.405439 16.474761
 97220.000000 -847037.750000 791.689371 3.425958 3.356921 16.552081
 97240.000000 -844047.500000 793.511669 3.488435 3.359553 16.409939
 97260.000000 -845076.250000 794.728675 3.523367 3.302075 16.525423
 97280.000000 -843281.000000 796.181907 3.785604 3.229128 16.534060
 97300.000000 -844665.937500 793.000657 3.538942 3.332246 16.614111
 97320.000000 -844830.562500 794.154431 3.525372 3.253878 16.424234
 97340.000000 -844839.187500 796.519392 3.371286 3.151414 16.285057
 97360.000000 -844809.187500 792.307274 3.385125 3.328339 16.326511
 97380.000000 -843815.875000 796.947018 2.986088 3.182144 16.505532
 97400.000000 -844442.437500 793.694988 3.192846 3.252590 16.504985
 97420.000000 -844678.437500 793.593686 3.357332 3.390423 16.456142
 97440.000000 -844261.750000 795.052845 3.446631 3.748957 16.311080
 97460.000000 -844189.312500 794.486089 3.110672 3.241379 16.474249
 97480.000000 -846116.062500 790.353485 3.209341 3.535148 16.376391
 97500.000000 -846126.687500 791.802040 3.477228 3.603655 16.238277
 97520.000000 -846393.500000 791.148824 3.168514 3.487119 16.411044
 97540.000000 -844048.562500 793.301073 3.249522 3.405739 16.607487
 97560.000000 -844186.000000 792.085814 3.440534 3.322753 16.534488
 97580.000000 -844314.312500 793.996331 3.795505 3.177122 16.302951
 97600.000000 -844684.562500 792.810423 3.749171 3.382379 16.431876
 97620.000000 -844900.000000 795.347339 3.817724 3.507025 16.504590
 97640.000000 -844981.812500 792.712753 3.690077 3.384133 16.631168
 97660.000000 -844765.312500 792.497387 3.404571 3.338587 16.578731
 97680.000000 -844571.437500 792.432297 3.347821 3.273543 16.369142
 97700.000000 -843935.562500 795.038139 3.501159 3.517708 16.488673
 97720.000000 -845934.687500 792.435977 3.630198 3.475503 16.480057
 97740.000000 -846086.312500 792.535905 3.275462 3.386476 16.570042
 97760.000000 -843933.375000 793.290207 3.530604 3.458786 16.512287
 97780.000000 -844745.187500 790.946012 3.510589 3.319923 16.506687
 97800.000000 -843595.312500 794.299278 3.618964 3.412013 16.418268
 97820.000000 -841295.187500 794.566212 3.351049 3.210636 16.380590
 97840.000000 -844017.187500 794.426976 3.546577 3.301220 16.409249
 97860.000000 -843396.875000 795.666803 3.793928 3.104216 16.278002
 97880.000000 -847304.000000 793.202458 3.508018 3.338231 16.582837
 97900.000000 -844269.312500 794.704940 3.444616 3.353154 16.276841
 97920.000000 -842279.375000 795.208430 3.460961 3.404422 16.281019
 97940.000000 -842465.937500 795.279906 3.295210 3.199429 16.484084
 97960.000000 -845024.937500 793.829021 3.465311 3.329698 16.639888
 97980.000000 -843470.437500 795.971114 3.645051 3.329300 16.635830
 98000.000000 -843286.250000 793.615379 3.137225 3.312840 16.475863
 98020.000000 -845048.812500 794.535943 3.018962 3.327284 16.614001
 98040.000000 -844255.000000 795.131231 3.266899 3.478979 16.385269
 98060.000000 -843945.250000 792.645031 3.290096 3.109414 16.405246
 98080.000000 -845293.125000 796.175677 3.201907 3.408163 16.659311
 98100.000000 -844583.312500 793.474224 3.627211 3.413122 16.740294
 98120.000000 -844673.187500 792.635614 3.640583 3.463410 16.489870
 98140.000000 -843542.000000 792.797542 3.363770 3.103954 16.460317
 98160.000000 -844902.500000 796.217959 3.425375 3.008041 16.565570
 98180.000000 -845187.812500 793.366431 3.596225 3.289533 16.455866
 98200.000000 -846360.750000 792.285158 3.595559 3.460497 16.782088
 98220.000000 -846037.750000 791.902634 3.592101 3.386584 16.483853
 98240.000000 -843742.000000 793.771624 3.439839 3.187079 16.699016
 98260.000000 -845246.375000 790.717970 3.280237 3.386794 16.767202
 98280.000000 -844440.375000 792.502554 3.487870 3.464576 16.485745
 98300.000000 -844870.312500 791.457491 3.429932 3.288629 16.769152
 98320.000000 -845779.375000 793.965636 3.323492 3.342428 16.665679
 98340.000000 -843795.062500 793.645308 3.544172 3.416487 16.840258
 98360.000000 -846231.437500 791.865294 3.254591 3.545234 17.049959
 98380.000000 -842831.750000 792.289848 3.629892 3.532062 16.682165
 98400.000000 -844996.187500 795.791552 3.583651 3.509364 16.797474
 98420.000000 -844852.250000 793.332465 3.712958 3.401824 16.443041
 98440.000000 -844442.875000 795.379911 3.431660 3.482443 16.459599
 98460.000000 -844309.687500 794.294542 3.012537 3.423971 16.626932
 98480.000000 -843837.500000 792.651256 3.156787 3.282871 16.463932
 98500.000000 -844164.187500 795.462542 3.438856 3.453954 16.583845
 98520.000000 -844875.437500 794.707750 3.418679 3.485180 16.614504
 98540.000000 -845679.312500 793.125704 3.262400 3.323631 16.377471
 98560.000000 -843496.437500 793.986190 3.245526 3.481417 16.476253
 98580.000000 -842023.687500 794.776148 3.465317 3.650738 16.479043
 98600.000000 -843768.875000 796.220940 3.371115 3.692975 16.502435
 98620.000000 -845596.125000 793.381737 3.567863 3.493840 16.591749
 98640.000000 -844434.250000 794.119371 3.437452 3.297803 16.650180
 98660.000000 -843348.937500 792.176395 3.492655 3.209752 16.614541
 98680.000000 -844501.187500 793.126714 3.312504 3.351544 16.435011
 98700.000000 -844732.562500 792.322021 3.392147 3.396985 16.374906
 98720.000000 -844467.937500 792.705229 3.650785 3.604836 16.501371
 98740.000000 -843081.125000 794.079322 3.543314 3.531863 16.504202
 98760.000000 -845579.562500 792.314563 3.549163 3.546123 16.393556
 98780.000000 -843378.937500 794.640390 3.216612 3.288667 16.663530
 98800.000000 -844648.687500 793.471931 3.317900 3.249494 16.583698
 98820.000000 -844991.312500 791.514991 3.233478 3.195576 16.282968
 98840.000000 -844539.437500 795.213410 3.236948 3.486890 16.552330
 98860.000000 -844237.625000 795.231875 3.182948 3.360897 16.320701
 98880.000000 -846671.687500 791.143810 3.258219 3.297944 16.498189
 98900.000000 -844092.812500 795.024879 3.432955 3.269203 16.476871
 98920.000000 -844709.437500 793.543689 3.369268 3.317701 16.609843
 98940.000000 -843104.250000 793.529910 3.209497 3.362571 16.630839
 98960.000000 -844511.125000 794.784629 3.144110 3.140100 16.448886
 98980.000000 -845401.000000 793.232396 3.299959 3.077279 16.652775
 99000.000000 -845672.875000 793.115442 3.694786 3.402263 16.467154
 99020.000000 -843213.187500 794.938138 3.952398 3.289494 16.598480
 99040.000000 -842182.125000 795.995766 3.781972 3.535235 16.419799
 99060.000000 -842667.250000 798.560792 3.409847 3.633416 16.595723
 99080.000000 -844356.500000 795.789158 3.372887 3.680044 16.385296
 99100.000000 -845012.062500 793.024818 3.270977 3.811356 16.151920
 99120.000000 -845000.500000 791.404521 3.634942 3.448009 16.365736
 99140.000000 -844000.312500 794.567205 3.525017 3.525737 16.409015
 99160.000000 -844885.125000 793.840887 3.167274 3.421930 16.598674
 99180.000000 -844399.000000 794.930096 3.221604 3.499684 16.231740
 99200.000000 -844165.812500 795.651151 3.379589 3.317901 16.308425
 99220.000000 -846046.875000 795.523957 3.370919 3.248287 16.238921
 99240.000000 -846252.625000 793.770591 3.107842 3.484035 16.202804
 99260.000000 -844116.812500 793.165594 3.508280 3.564318 16.450008
 99280.000000 -844199.312500 793.896845 3.509744 3.509684 16.452218
 99300.000000 -844675.812500 792.859087 3.438152 3.168419 16.434185
 99320.000000 -846092.125000 792.748712 3.749866 3.068993 16.554108
 99340.000000 -845687.187500 793.649603 3.619323 3.218610 16.586223
 99360.000000 -843794.875000 793.599933 3.593465 3.299066 16.550779
 99380.000000 -842891.187500 794.765357 3.428341 3.289504 16.465940
 99400.000000 -844344.062500 795.862484 3.365185 3.378415 16.160014
 99420.000000 -843693.562500 796.351412 3.334111 3.467305 16.234489
 99440.000000 -844731.000000 793.520958 3.467760 3.341790 16.287496
 99460.000000 -842841.312500 792.600811 3.600285 3.738051 16.347201
 99480.000000 -843410.625000 793.041807 3.362714 3.917336 16.456046
 99500.000000 -845447.312500 792.916606 3.170349 3.501467 16.486668
 99520.000000 -844962.312500 793.712239 3.516065 3.498686 16.324304
 99540.000000 -844352.250000 794.893332 3.203368 3.486172 16.574870
 99560.000000 -844211.562500 792.453292 3.346041 3.281891 16.384795
 99580.000000 -846155.625000 791.331688 3.361864 3.281862 16.206760
 99600.000000 -844246.500000 794.669130 3.529522 3.278400 16.370539
 99620.000000 -841602.562500 794.218905 3.380061 3.341495 16.248971
 99640.000000 -844595.625000 793.179564 3.397499 3.434125 16.480071
 99660.000000 -844751.437500 792.816713 3.427765 3.580658 16.575795
 99680.000000 -844537.437500 794.484791 3.502174 3.222532 16.658937
 99700.000000 -844623.937500 793.674356 3.729319 3.108958 16.721300
 99720.000000 -845537.062500 793.628911 3.436876 3.322078 16.809690
 99740.000000 -846039.062500 791.349320 3.443448 3.519141 16.581072
 99760.000000 -844759.125000 794.725209 3.457992 3.573209 16.538017
 99780.000000 -844113.812500 794.174803 3.518129 3.422331 16.514014
 99800.000000 -844586.000000 794.319977 3.590341 3.626682 16.252861
 99820.000000 -842439.000000 797.041541 3.298175 3.561341 16.568085
 99840.000000 -844541.500000 795.513739 3.246081 3.429793 16.815958
 99860.000000 -845514.437500 792.515367 3.359953 3.593487 16.586434
 99880.000000 -845971.875000 793.779601 3.345805 3.102400 16.689555
 99900.000000 -844640.125000 794.754587 3.190936 3.130770 16.412905
 99920.000000 -843321.500000 794.568261 3.097752 3.404883 16.405134
 99940.000000 -843557.687500 794.669786 3.467297 3.525033 16.517795
 99960.000000 -846226.750000 790.830331 3.495130 3.455003 16.468946
 99980.000000 -844709.375000 792.425448 3.311217 3.470504 16.638009
 100000.000000 -842925.812500 795.598746 3.476134 3.456357 16.342274
