#! FIELDS time G vol p.x p.y p.z
 0.000000 -840300.312500 794.102464 3.420437 2.842065 16.395386
 20.000000 -843432.000000 795.313416 3.705032 3.219094 16.646501
 40.000000 -842425.937500 794.491526 3.512197 3.318615 16.663837
 60.000000 -843248.250000 794.274919 3.430602 3.313831 16.248523
 80.000000 -842491.812500 793.800018 3.131353 3.565764 16.439417
 100.000000 -844768.250000 791.169431 3.331444 3.597492 16.619866
 120.000000 -843351.687500 793.144174 3.258006 3.518579 16.419320
 140.000000 -841892.375000 793.554801 3.418197 3.397801 16.393605
 160.000000 -843687.000000 795.719083 3.529232 3.629095 16.363312
 180.000000 -843229.125000 793.876613 3.522131 3.625356 16.483191
 200.000000 -844659.812500 794.893965 3.489001 3.659678 16.562263
 220.000000 -842902.937500 794.834149 3.686798 3.640144 16.242279
 240.000000 -843343.375000 791.715341 3.602912 3.287869 16.405706
 260.000000 -843483.875000 793.199166 3.442753 3.487434 16.583991
 280.000000 -842334.687500 793.590515 3.465795 3.632995 16.272983
 300.000000 -844833.250000 794.863029 3.278438 3.487586 16.442247
 320.000000 -842511.875000 796.164277 3.354841 3.433313 16.235145
 340.000000 -842563.687500 793.084116 3.422843 3.410596 16.332131
 360.000000 -844695.437500 791.416175 3.250007 3.376986 16.611193
 380.000000 -844639.500000 790.334514 3.416964 3.360514 16.426454
 400.000000 -843276.687500 794.638543 3.633887 3.353498 16.444580
 420.000000 -841890.250000 793.258635 3.585234 3.399282 16.509037
 440.000000 -842513.562500 794.496358 3.464723 3.545877 16.653701
 460.000000 -842944.062500 793.543295 3.570423 3.361015 16.368727
 480.000000 -842357.250000 793.885764 3.380149 3.279356 16.454702
 500.000000 -845639.687500 793.915328 3.363670 3.437896 16.592385
 520.000000 -843754.500000 795.100501 3.427778 3.291850 16.436494
 540.000000 -843336.875000 794.275642 3.452739 3.488953 16.670316
 560.000000 -844386.000000 791.587459 3.475489 3.596944 16.708279
 580.000000 -842794.375000 792.201885 3.415506 3.316817 16.780889
 600.000000 -843339.500000 794.229774 3.487130 3.601691 16.372429
 620.000000 -842114.312500 792.398943 3.467229 3.694355 16.198563
 640.000000 -843748.125000 795.064562 3.534600 3.373412 16.708249
 660.000000 -843009.125000 793.710634 3.121150 3.285979 16.675456
 680.000000 -842660.187500 792.723245 3.240466 3.299842 16.664212
 700.000000 -842247.187500 792.857727 3.322693 3.237737 16.526382
 720.000000 -841648.687500 795.309082 3.343923 3.188136 16.436972
 740.000000 -843993.937500 792.153089 3.398685 3.394084 16.407793
 760.000000 -843687.562500 794.418918 3.549238 3.365702 16.460317
 780.000000 -841097.625000 795.395466 3.413493 3.299401 16.586370
 800.000000 -843853.250000 791.376804 3.633218 3.346464 16.749044
 820.000000 -843116.750000 790.795915 3.517163 3.715390 16.852898
 840.000000 -842696.500000 795.541224 3.240765 3.501903 16.619191
 860.000000 -843691.562500 792.269335 3.501038 3.474989 16.630669
 880.000000 -844609.875000 793.241843 3.326257 3.058145 16.722903
 900.000000 -843816.437500 792.985018 3.349510 3.271575 16.869884
 920.000000 -842302.750000 792.208350 3.604376 3.433922 16.294283
 940.000000 -842196.500000 794.651600 3.676669 3.437705 16.417605
 960.000000 -845462.562500 791.202028 3.373430 3.234916 16.206373
 980.000000 -842407.312500 794.417058 3.355817 2.965624 16.383646
 1000.000000 -843078.437500 791.879463 3.152511 3.436211 16.449316
 1020.000000 -843668.250000 793.949600 3.486818 3.323591 16.559296
 1040.000000 -845177.250000 794.474600 3.507179 3.403865 16.609027
 1060.000000 -844912.562500 792.562484 3.388204 3.207043 16.668015
 1080.000000 -841748.000000 793.549199 3.290717 3.444252 16.492184
 1100.000000 -844030.875000 791.925946 3.411856 3.377243 16.373598
 1120.000000 -844940.812500 791.622128 3.486378 3.638897 16.595012
 1140.000000 -844713.250000 794.700744 3.389542 3.507030 16.618487
 1160.000000 -844021.937500 793.949807 3.570166 3.595584 16.634675
 1180.000000 -840679.937500 795.830619 3.446036 3.511358 16.694894
 1200.000000 -843700.125000 794.012051 3.586689 3.267692 16.700536
 1220.000000 -843745.000000 793.961084 3.535814 3.244022 16.620874
 1240.000000 -843701.500000 792.396506 3.393935 3.566095 16.291020
 1260.000000 -845322.125000 791.825287 3.310200 3.408545 16.703465
 1280.000000 -844553.687500 793.611974 3.470653 3.408085 16.555559
 1300.000000 -841611.125000 793.342974 3.366105 3.240342 16.479318
 1320.000000 -843088.812500 794.893549 3.500796 3.139124 16.470697
 1340.000000 -844251.812500 792.020327 3.347389 3.325666 16.628615
 1360.000000 -843699.375000 791.595356 3.191521 3.556612 16.504834
 1380.000000 -844189.187500 794.596717 3.416555 3.392904 16.275586
 1400.000000 -844270.437500 792.934217 3.726378 3.582122 16.416524
 1420.000000 -843932.937500 792.120272 3.463291 3.546110 16.495446
 1440.000000 -844087.562500 793.550624 3.677340 3.434007 16.571875
 1460.000000 -841874.812500 794.447531 3.681998 3.411799 16.328196
 1480.000000 -841600.437500 793.503676 3.521582 3.236694 16.198039
 1500.000000 -843829.812500 794.854206 3.584562 3.376924 16.319075
 1520.000000 -843120.250000 793.049870 3.481826 3.337878 16.481810
 1540.000000 -843764.687500 794.724840 3.276277 3.491613 16.531238
 1560.000000 -845036.875000 792.774753 3.635319 3.633179 16.596264
 1580.000000 -845717.312500 792.494577 3.447077 3.684833 16.477980
 1600.000000 -843510.625000 794.100997 3.649767 3.484126 16.426621
 1620.000000 -843336.375000 792.369596 3.780487 3.297459 16.593341
 1640.000000 -841692.187500 795.524756 3.530869 3.286021 16.626071
 1660.000000 -843939.500000 791.342675 3.256256 3.171297 16.349824
 1680.000000 -843275.062500 789.974722 3.447319 3.311799 16.350731
 1700.000000 -843745.562500 794.351492 3.376665 3.349932 16.505514
 1720.000000 -842410.062500 793.403653 3.390048 3.609575 16.524227
 1740.000000 -843829.875000 793.536990 3.197406 3.244661 16.522327
 1760.000000 -844825.062500 792.671944 3.524339 3.246184 16.404263
 1780.000000 -841908.187500 794.730651 3.486569 3.122384 16.595173
 1800.000000 -843134.937500 793.460240 3.452986 3.213577 16.377883
 1820.000000 -842358.250000 795.852163 3.154708 3.612562 16.204901
 1840.000000 -843495.812500 793.783243 3.262382 3.488376 16.139353
 1860.000000 -845249.937500 794.062014 3.300333 3.570118 16.230098
 1880.000000 -843647.062500 793.249781 3.389110 3.307099 16.264811
 1900.000000 -841078.187500 796.572876 3.264067 3.643725 16.479151
 1920.000000 -843101.875000 792.936215 3.259568 3.621194 16.537691
 1940.000000 -843609.375000 792.717886 3.468189 3.361829 16.354324
 1960.000000 -844090.125000 796.195324 3.607577 3.551666 16.631503
 1980.000000 -841840.437500 796.921060 3.502714 3.426238 16.568695
 2000.000000 -842644.000000 792.387604 3.313775 3.419822 16.365618
 2020.000000 -843076.375000 797.301647 3.209724 3.199959 16.309552
 2040.000000 -841617.312500 795.113274 3.418318 3.381489 16.393748
 2060.000000 -845011.437500 791.662421 3.464551 3.487692 16.245681
 2080.000000 -842783.187500 795.670917 3.647090 3.430478 16.523655
 2100.000000 -842459.312500 794.555298 3.574797 3.483392 16.549915
 2120.000000 -844033.687500 793.736291 3.332371 3.274200 16.713914
 2140.000000 -844176.687500 793.883026 3.105181 3.222330 16.504876
 2160.000000 -841438.062500 795.019390 3.174884 3.135801 16.784900
 2180.000000 -844269.562500 793.483048 3.447657 3.275817 16.530565
 2200.000000 -843377.500000 795.783364 3.459769 3.491204 16.862586
 2220.000000 -844970.625000 792.872722 3.539462 3.245376 16.583750
 2240.000000 -844490.625000 793.652441 3.511332 3.377918 16.490698
 2260.000000 -843678.187500 795.596803 3.491116 3.337063 16.295232
 2280.000000 -843327.000000 792.569360 3.467146 3.266699 16.343273
 2300.000000 -841997.250000 794.377636 3.367554 3.510417 16.605369
 2320.000000 -843111.312500 793.098796 3.275552 3.514225 16.591297
 2340.000000 -842718.812500 794.132324 3.123645 3.194547 16.490515
 2360.000000 -841620.875000 795.325851 3.386331 3.346260 16.573585
 2380.000000 -842048.562500 795.507628 3.344106 3.261774 16.492744
 2400.000000 -843948.375000 793.270808 3.565587 3.321255 16.457681
 2420.000000 -843991.312500 793.360383 3.519870 3.421827 16.279100
 2440.000000 -842512.562500 798.406097 3.370995 3.372973 16.464179
 2460.000000 -841195.625000 795.831454 3.389119 3.178788 16.562312
 2480.000000 -841184.187500 793.799975 3.607249 3.354915 16.588240
 2500.000000 -846723.875000 791.318358 3.502585 3.235438 16.881548
 2520.000000 -842420.312500 794.499170 3.299890 3.572844 16.657977
 2540.000000 -843861.562500 793.303812 3.008253 3.720194 16.597066
 2560.000000 -842814.937500 795.804542 3.397857 3.868122 16.440831
 2580.000000 -843644.562500 793.442201 3.572008 3.732686 16.413777
 2600.000000 -843259.625000 796.757379 3.488047 3.258648 16.292460
 2620.000000 -844668.250000 795.734697 3.420984 3.590251 16.100238
 2640.000000 -844033.062500 794.274475 3.193097 3.456616 16.333287
 2660.000000 -843328.500000 794.350467 3.210759 3.383335 16.385755
 2680.000000 -843453.500000 793.730126 3.439841 3.384353 16.414998
 2700.000000 -842611.812500 794.030659 3.480840 3.384041 16.524822
 2720.000000 -843074.937500 795.228818 3.083851 3.079576 16.185572
 2740.000000 -844176.000000 792.202998 3.413886 3.366279 16.289769
 2760.000000 -842312.750000 792.940489 3.757863 3.457607 16.495702
 2780.000000 -844988.375000 794.161312 3.456142 3.375451 16.381893
 2800.000000 -843787.687500 795.142075 3.550587 3.275425 16.576875
 2820.000000 -842229.000000 793.603808 3.480822 3.362821 16.564687
 2840.000000 -842476.000000 795.395226 3.612246 3.318427 16.417279
 2860.000000 -843448.625000 793.037709 3.583987 3.238043 16.577944
 2880.000000 -842713.750000 796.599068 3.464411 3.248222 16.180149
 2900.000000 -843291.062500 795.755777 3.562185 3.101587 16.490290
 2920.000000 -842778.250000 797.194280 3.388371 3.149808 16.698963
 2940.000000 -843816.875000 793.058277 3.532584 3.083453 16.758727
 2960.000000 -844030.312500 791.938592 3.350039 3.308743 16.767963
 2980.000000 -843235.812500 792.299850 3.529615 3.470759 16.517690
 3000.000000 -842537.437500 793.690772 3.467855 3.025621 16.469680
 3020.000000 -843604.062500 793.743679 3.492189 3.218787 16.597375
 3040.000000 -843766.500000 793.466898 3.236685 3.230630 16.649156
 3060.000000 -843615.000000 793.794346 3.590058 3.282207 16.556355
 3080.000000 -843273.000000 796.064791 3.312102 3.311649 16.328944
 3100.000000 -844839.750000 791.045729 3.294579 3.300665 16.404832
 3120.000000 -842458.250000 791.859466 3.371673 3.290638 16.434906
 3140.000000 -845058.187500 791.515643 3.432465 3.365383 16.421161
 3160.000000 -842570.937500 793.513439 3.495532 3.346180 16.574336
 3180.000000 -840904.625000 797.949342 3.242118 3.416605 16.641285
 3200.000000 -842183.375000 794.446355 3.570852 3.222926 16.327466
 3220.000000 -842533.500000 795.583537 3.675029 3.575881 16.457248
 3240.000000 -842816.812500 793.992130 3.442530 3.375114 16.460433
 3260.000000 -844576.125000 791.271457 3.489085 3.411893 16.509998
 3280.000000 -843638.250000 792.364928 3.528517 3.688740 16.612114
 3300.000000 -843446.437500 794.474540 3.321604 3.552101 16.379004
 3320.000000 -841928.312500 794.707766 3.513980 3.351381 16.462361
 3340.000000 -843922.437500 798.028155 3.398789 3.206629 16.382272
 3360.000000 -843791.062500 795.015300 3.558700 3.473967 16.523252
 3380.000000 -842655.562500 797.935595 3.528681 3.740805 16.396039
 3400.000000 -844198.625000 794.002847 3.580939 3.706191 16.425944
 3420.000000 -842997.875000 791.044277 3.214798 3.375588 16.583482
 3440.000000 -842315.625000 792.353100 3.276597 3.151799 16.432127
 3460.000000 -843167.375000 791.445244 3.198595 3.204291 16.793134
 3480.000000 -843427.250000 792.897063 3.292116 3.286893 16.519598
 3500.000000 -841765.062500 793.734646 3.176593 3.591438 16.493870
 3520.000000 -844237.375000 793.710285 3.397748 3.555310 16.624992
 3540.000000 -843430.250000 792.502003 3.609641 3.680510 16.704584
 3560.000000 -842922.000000 793.024163 3.672640 3.491973 16.628899
 3580.000000 -842069.187500 791.934924 3.380416 3.369782 16.874437
 3600.000000 -841330.187500 793.237869 3.461245 3.286770 16.673100
 3620.000000 -844450.812500 791.357495 3.392326 3.109328 16.532837
 3640.000000 -844571.625000 793.740558 3.254902 3.235108 16.745266
 3660.000000 -842927.812500 793.637449 3.305907 3.531543 16.324371
 3680.000000 -842448.187500 794.580821 3.292842 3.615507 16.522516
 3700.000000 -843209.937500 792.595079 3.493068 3.198298 16.281821
 3720.000000 -842166.125000 793.944962 3.748652 3.143687 16.532113
 3740.000000 -843892.375000 792.250238 3.579262 3.249988 16.225746
 3760.000000 -841297.000000 794.375069 3.205498 3.432529 16.442421
 3780.000000 -843898.750000 795.585458 3.147845 3.447611 16.291645
 3800.000000 -844014.187500 793.698982 3.194971 3.404393 16.384062
 3820.000000 -842321.625000 793.648337 3.492848 3.308486 16.421735
 3840.000000 -843182.937500 792.890285 3.303280 3.244419 16.677902
 3860.000000 -844645.250000 792.578075 3.375883 3.613626 16.481632
 3880.000000 -843795.250000 792.318925 3.143761 3.482586 16.605001
 3900.000000 -843750.375000 794.749488 3.259001 3.720725 16.519353
 3920.000000 -843587.750000 793.294744 3.229388 3.578475 16.467882
 3940.000000 -843124.812500 792.733878 3.525321 3.686614 16.468796
 3960.000000 -842885.812500 795.148848 3.475798 3.632377 16.534570
 3980.000000 -845064.500000 792.686529 3.555849 3.444906 16.797873
 4000.000000 -845736.625000 790.646199 3.536221 3.663237 16.824728
 4020.000000 -843196.750000 795.068087 3.311475 3.538156 16.893932
 4040.000000 -843136.937500 793.529759 3.241321 3.407988 16.637361
 4060.000000 -843288.062500 792.466376 3.252693 3.233147 16.523855
 4080.000000 -844427.750000 794.689367 3.279660 3.382082 16.343461
 4100.000000 -843153.437500 795.003548 3.024925 3.641755 16.551799
 4120.000000 -844366.187500 793.044075 3.155465 3.604695 16.527464
 4140.000000 -843734.125000 794.789705 3.356947 3.305704 16.478244
 4160.000000 -843136.812500 795.480827 3.494418 3.344681 16.776332
 4180.000000 -844714.875000 792.523238 3.416177 3.433489 16.730411
 4200.000000 -843578.375000 790.877332 3.464190 3.403350 16.685361
 4220.000000 -843340.625000 794.835361 3.268249 3.459745 16.708829
 4240.000000 -844209.750000 793.350820 3.757722 3.267092 16.423487
 4260.000000 -843954.187500 792.145484 3.758171 3.522700 16.631254
 4280.000000 -844224.937500 793.646330 3.378007 3.541843 16.686769
 4300.000000 -842662.937500 792.323176 3.553541 3.404201 16.562741
 4320.000000 -843097.125000 793.396195 3.493376 3.725878 16.511686
 4340.000000 -841325.000000 796.215000 3.358358 3.500385 16.604145
 4360.000000 -844386.875000 794.233103 3.258773 3.508800 16.672809
 4380.000000 -840812.687500 795.076374 3.324684 3.563562 16.521669
 4400.000000 -843194.250000 792.187522 3.281730 3.686215 16.265755
 4420.000000 -843488.312500 795.474443 3.069793 3.566869 16.485662
 4440.000000 -843181.125000 793.940977 3.011602 3.126649 16.554315
 4460.000000 -844234.625000 792.775242 3.403822 3.034054 16.446947
 4480.000000 -844303.312500 794.723477 3.484848 2.893071 16.547794
 4500.000000 -844865.187500 792.491988 3.382963 3.107865 16.372607
 4520.000000 -843500.437500 794.166034 3.417053 3.635942 16.338985
 4540.000000 -843869.437500 790.022124 3.694118 3.330734 16.273968
 4560.000000 -843832.250000 791.834353 3.362697 3.474562 16.643846
 4580.000000 -842110.750000 792.931281 3.600247 3.443356 16.439527
 4600.000000 -843827.250000 791.873559 3.509422 3.463899 16.416044
 4620.000000 -843892.687500 793.824336 3.668203 3.151179 16.230376
 4640.000000 -843541.000000 791.442327 3.327799 3.551925 16.452078
 4660.000000 -846640.625000 790.610484 3.241526 3.614638 16.411328
 4680.000000 -842545.250000 795.219334 3.207955 3.324634 16.351930
 4700.000000 -844348.062500 793.251124 3.224003 3.334578 16.457194
 4720.000000 -845978.687500 791.571258 3.447396 3.324798 16.574894
 4740.000000 -846784.875000 791.669128 3.518630 3.030154 16.468493
 4760.000000 -844121.812500 791.525543 3.414407 3.187203 16.400746
 4780.000000 -843732.937500 793.901208 3.381407 3.177615 16.672226
 4800.000000 -843690.250000 793.979243 3.555589 3.288502 16.527968
 4820.000000 -843365.000000 793.043906 3.557703 3.392499 16.654853
 4840.000000 -840483.562500 795.691102 3.386398 3.151617 16.453154
 4860.000000 -841931.125000 794.126232 3.232494 3.426374 16.651393
 4880.000000 -845971.062500 789.696068 3.175044 3.342667 16.679817
 4900.000000 -843287.875000 795.374944 3.358446 3.364419 16.474514
 4920.000000 -844027.750000 794.362015 3.212233 3.385677 16.404907
 4940.000000 -841761.937500 792.502419 3.444033 3.544344 16.731523
 4960.000000 -841805.562500 791.979392 3.607691 3.218677 16.482983
 4980.000000 -843819.125000 791.578692 3.733702 3.528223 16.739467
 5000.000000 -843353.500000 791.132513 3.736350 3.409266 16.506439
 5020.000000 -842269.375000 791.939704 3.486000 3.539153 16.311438
 5040.000000 -842688.812500 791.246095 3.504110 3.545893 16.434581
 5060.000000 -843350.125000 793.107246 3.387148 3.451900 16.315688
 5080.000000 -843792.625000 792.964431 3.494076 3.492198 16.700331
 5100.000000 -840849.687500 800.704039 3.297048 3.741283 5.655473
 5120.000000 -841238.562500 801.695687 3.425206 3.357204 9.010156
 5140.000000 -840622.562500 797.351054 3.346857 3.176635 11.066754
 5160.000000 -840325.187500 797.249485 3.684815 3.258994 13.043509
 5180.000000 -842033.687500 794.794237 3.357640 3.594597 15.075699
 5200.000000 -840674.750000 795.832310 3.571793 3.434493 15.976997
 5220.000000 -842127.375000 793.803507 3.509715 3.293128 16.079090
 5240.000000 -844288.000000 791.342152 3.502178 3.336014 15.970528
 5260.000000 -845993.437500 791.782519 3.469981 3.353628 16.165325
 5280.000000 -843472.187500 793.024405 3.222745 3.400066 16.481468
 5300.000000 -845300.062500 792.452386 3.317393 3.447793 16.074797
 5320.000000 -843589.437500 793.786954 3.189032 3.593607 16.440481
 5340.000000 -843949.125000 791.593223 3.342807 3.419719 16.527545
 5360.000000 -842549.062500 794.280703 3.197087 3.485398 16.491435
 5380.000000 -840661.250000 794.689166 3.371104 3.314405 16.482603
 5400.000000 -845812.250000 793.515578 3.454746 3.323830 16.267564
 5420.000000 -844888.812500 793.410357 3.414445 3.497593 16.292019
 5440.000000 -843281.125000 794.311443 3.435201 3.633960 16.225943
 5460.000000 -842885.750000 794.113760 3.348750 3.276533 16.566128
 5480.000000 -843742.500000 792.037906 3.566541 3.425605 16.407908
 5500.000000 -844050.375000 792.813610 3.878249 3.280457 16.436290
 5520.000000 -843167.750000 792.869991 3.695860 3.246633 16.494978
 5540.000000 -843948.187500 792.031880 3.224730 3.347355 16.555060
 5560.000000 -842795.000000 795.401460 3.471819 3.491629 16.589860
 5580.000000 -841755.937500 792.749224 3.225860 3.654209 16.579904
 5600.000000 -843056.812500 795.210432 3.277329 3.381657 16.409811
 5620.000000 -842618.687500 794.485373 3.285702 3.511695 16.642450
 5640.000000 -841734.750000 793.275720 3.563386 3.373553 16.727858
 5660.000000 -843992.687500 792.261601 3.601129 3.420103 16.637782
 5680.000000 -842273.812500 793.599306 3.609296 3.252703 16.453004
 5700.000000 -842182.312500 792.761286 3.795604 3.407115 16.582188
 5720.000000 -843235.875000 793.851713 3.648037 3.109175 16.650926
 5740.000000 -841168.312500 796.615891 3.458439 3.098921 16.435309
 5760.000000 -840000.562500 799.147239 3.235777 3.393487 16.516904
 5780.000000 -842644.250000 796.322533 3.321511 3.284372 16.367445
 5800.000000 -843803.125000 793.618186 3.421373 3.386345 16.781334
 5820.000000 -842900.812500 795.111972 3.634577 3.219002 16.578785
 5840.000000 -842969.937500 795.721181 3.618074 3.225404 16.640906
 5860.000000 -841870.375000 793.584041 3.434926 3.182504 16.583114
 5880.000000 -840814.875000 796.884463 3.512631 3.423482 16.397794
 5900.000000 -842740.375000 795.953265 3.622453 3.402312 16.507432
 5920.000000 -844242.125000 794.972235 3.342707 3.373460 16.405627
 5940.000000 -841356.750000 794.937630 3.711562 3.358051 16.505211
 5960.000000 -843972.687500 794.727666 3.511026 3.243546 16.497878
 5980.000000 -843754.375000 795.886578 3.346293 3.410502 16.346289
 6000.000000 -844075.750000 792.932461 3.460283 3.419143 16.398498
 6020.000000 -842136.625000 793.879109 3.545527 3.425950 16.618281
 6040.000000 -842295.562500 796.107695 3.572167 3.533601 16.669608
 6060.000000 -841729.687500 797.070115 3.520687 3.706616 16.466504
 6080.000000 -843064.875000 792.964893 3.392541 3.559705 16.450805
 6100.000000 -844884.750000 792.140530 3.593069 3.607692 16.680514
 6120.000000 -844724.750000 793.636120 3.512305 3.697889 16.600127
 6140.000000 -843048.562500 796.691861 3.253857 3.516868 16.322150
 6160.000000 -844110.750000 794.545048 3.299598 3.322583 16.392373
 6180.000000 -844276.437500 791.086538 3.210505 3.427454 16.381448
 6200.000000 -841928.937500 794.103854 3.268224 3.305775 16.414939
 6220.000000 -845320.562500 791.823678 3.445956 3.440994 16.685626
 6240.000000 -843131.687500 792.939408 3.382723 3.335712 16.450566
 6260.000000 -845149.062500 792.717799 3.403989 3.426745 16.637550
 6280.000000 -844877.312500 791.274317 3.180903 3.335951 16.525494
 6300.000000 -842031.437500 794.419127 3.173904 3.336639 16.682650
 6320.000000 -844060.187500 797.269565 3.148975 3.207988 16.505191
 6340.000000 -842173.187500 793.751395 3.566596 3.252704 16.556705
 6360.000000 -843375.187500 794.375171 3.556120 3.465352 16.599083
 6380.000000 -843026.062500 792.447311 3.220013 3.475783 16.435394
 6400.000000 -843095.312500 795.334662 3.452882 3.238552 16.571204
 6420.000000 -841950.562500 795.275729 3.416512 3.356825 16.458460
 6440.000000 -843064.437500 794.572858 3.604038 3.494611 16.576731
 6460.000000 -843245.562500 793.166196 3.403012 3.747789 16.644576
 6480.000000 -843190.000000 796.037420 3.338357 3.367431 16.532471
 6500.000000 -844013.500000 791.810545 3.315428 3.317221 16.602102
 6520.000000 -843393.937500 790.720575 3.557699 3.421331 16.660335
 6540.000000 -843075.750000 790.253556 3.547881 3.337142 16.734920
 6560.000000 -842444.187500 795.917107 3.435784 3.349850 16.467744
 6580.000000 -844906.750000 792.231641 3.571565 3.247246 16.363529
 6600.000000 -843631.625000 794.056662 3.448531 3.215623 16.593678
 6620.000000 -843361.750000 794.864751 3.413544 3.425462 16.716387
 6640.000000 -843637.187500 793.456010 3.529943 3.320379 16.357129
 6660.000000 -841965.875000 792.616573 3.516368 3.482721 16.349266
 6680.000000 -842091.500000 793.773982 3.319404 3.651551 16.471883
 6700.000000 -841520.000000 797.566100 3.124119 3.240289 16.751152
 6720.000000 -842872.250000 795.465508 2.978326 3.364304 16.609235
 6740.000000 -841628.375000 796.441076 3.374525 3.266559 16.324429
 6760.000000 -842763.812500 794.822781 3.433641 3.187915 16.503739
 6780.000000 -843596.250000 792.846184 3.558175 3.365869 16.381091
 6800.000000 -845043.750000 793.965222 3.346428 3.552131 16.641836
 6820.000000 -844606.687500 793.369646 3.457991 3.601756 16.425259
 6840.000000 -843732.625000 793.881110 3.520057 3.389663 16.681639
 6860.000000 -846421.500000 792.533594 3.384732 3.496914 16.546183
 6880.000000 -842581.875000 795.559086 3.388221 3.472383 16.570345
 6900.000000 -843326.500000 792.043680 3.471417 3.518576 16.556329
 6920.000000 -843140.812500 795.049621 3.426894 3.412288 16.559196
 6940.000000 -843825.250000 793.735990 3.433292 3.422914 16.405389
 6960.000000 -842426.250000 793.468234 3.672684 3.190265 16.551233
 6980.000000 -843582.125000 792.353486 3.309104 3.287228 16.433331
 7000.000000 -841777.625000 795.172724 3.572698 3.064566 16.640039
 7020.000000 -842013.812500 795.132036 3.310179 2.973351 16.796729
 7040.000000 -842433.875000 794.989498 3.318918 3.334785 16.790952
 7060.000000 -844258.562500 795.193722 3.398033 3.375384 16.610979
 7080.000000 -844529.375000 792.833142 3.296576 3.503078 16.559500
 7100.000000 -843394.500000 793.445779 3.502103 3.215244 16.691571
 7120.000000 -841600.937500 794.741561 3.351601 3.315837 16.563232
 7140.000000 -843080.187500 792.230127 3.334809 3.269587 16.533876
 7160.000000 -842886.750000 795.206539 3.410186 3.493840 16.494471
 7180.000000 -842770.437500 796.373339 3.303614 3.326604 16.447973
 7200.000000 -842182.687500 791.643537 3.596249 3.290887 16.496288
 7220.000000 -840569.937500 792.556221 3.341789 3.249621 16.623817
 7240.000000 -843206.687500 793.415172 3.571245 3.181298 16.612598
 7260.000000 -842177.750000 795.748603 3.640610 3.277482 16.506305
 7280.000000 -844158.687500 794.307057 3.466279 3.556458 16.330141
 7300.000000 -843902.687500 793.554086 3.574352 3.689837 16.324379
 7320.000000 -844812.250000 792.120978 3.445859 3.667568 16.459080
 7340.000000 -842437.125000 793.927454 3.470764 3.258578 16.382865
 7360.000000 -841337.375000 794.647948 3.231890 3.313659 16.211927
 7380.000000 -843336.750000 794.553119 3.428501 3.546335 16.323614
 7400.000000 -842433.625000 795.340574 3.242767 3.312055 16.285596
 7420.000000 -844472.375000 793.672940 2.945516 3.151736 16.623109
 7440.000000 -842630.750000 793.206655 3.175315 3.389448 16.578051
 7460.000000 -842711.062500 794.719243 3.361438 3.469259 16.618060
 7480.000000 -842843.312500 793.622556 3.479758 3.720769 16.472340
 7500.000000 -843300.187500 795.404605 3.446301 3.762710 16.450861
 7520.000000 -843350.562500 792.807029 3.280685 3.488770 16.387047
 7540.000000 -843631.312500 794.172915 3.479531 3.430593 16.529794
 7560.000000 -843759.062500 792.727491 3.548433 3.789421 16.439667
 7580.000000 -843032.500000 794.024025 3.556933 3.728379 16.782409
 7600.000000 -843940.250000 790.482998 3.578686 3.674324 16.444514
 7620.000000 -843394.000000 794.252763 3.235927 3.393270 16.420977
 7640.000000 -844222.812500 794.099607 3.330979 3.245190 16.311235
 7660.000000 -842775.437500 793.087102 3.656458 3.232705 16.456532
 7680.000000 -843110.687500 794.951889 3.636133 3.299425 16.464422
 7700.000000 -842491.937500 795.508734 3.463476 3.263794 16.223175
 7720.000000 -842578.562500 794.602771 3.619656 3.469739 16.455319
 7740.000000 -844691.562500 793.106826 3.777811 3.365897 16.478940
 7760.000000 -843153.687500 794.541716 3.570145 3.385986 16.678457
 7780.000000 -844413.375000 796.168845 3.275088 3.224899 16.659240
 7800.000000 -841365.687500 793.100046 3.296746 3.591594 16.421787
 7820.000000 -843738.937500 795.680939 3.525538 3.554899 16.498776
 7840.000000 -844309.625000 792.187157 3.402357 3.439502 16.392088
 7860.000000 -844903.375000 792.531331 3.386054 3.788455 16.700455
 7880.000000 -841996.000000 793.451209 3.332996 3.660097 16.920887
 7900.000000 -842789.812500 793.884909 3.279553 3.305375 16.406596
 7920.000000 -844201.125000 793.389009 3.339419 3.387453 16.648245
 7940.000000 -842269.687500 792.740275 3.370858 3.290485 16.614323
 7960.000000 -843821.000000 792.557347 3.695039 3.408643 16.482319
 7980.000000 -844879.062500 792.842610 3.663661 3.385846 16.437279
 8000.000000 -844386.250000 792.491232 3.410134 3.483764 16.415469
 8020.000000 -843830.312500 792.592286 3.290196 3.496622 16.485498
 8040.000000 -845080.562500 796.493733 3.490694 3.453612 16.667924
 8060.000000 -844549.125000 792.769936 3.526387 3.546294 16.415612
 8080.000000 -842786.687500 795.890975 3.287073 3.378269 16.441850
 8100.000000 -843288.250000 794.530017 2.954432 3.514844 16.499124
 8120.000000 -842753.562500 795.072777 2.981296 3.373743 16.728324
 8140.000000 -843467.937500 793.928767 3.204219 3.579115 16.751015
 8160.000000 -843694.000000 794.072929 3.672886 3.619383 16.663040
 8180.000000 -844576.312500 792.094674 3.521428 3.518851 16.469050
 8200.000000 -844766.750000 793.723868 3.588531 3.279736 16.475593
 8220.000000 -845263.187500 790.456969 3.393354 3.396304 16.349106
 8240.000000 -843936.250000 795.646594 3.627542 3.023621 16.415128
 8260.000000 -843784.312500 791.854010 3.494796 3.087129 16.364352
 8280.000000 -842823.250000 795.562638 3.641597 3.220967 16.536185
 8300.000000 -844576.562500 795.530860 3.506516 3.338202 16.335790
 8320.000000 -842902.937500 793.650914 3.626596 3.463235 16.299985
 8340.000000 -841572.187500 795.636607 3.583373 3.459463 16.577766
 8360.000000 -845178.312500 792.955186 3.370494 3.459022 16.640313
 8380.000000 -844282.000000 794.724425 3.128933 3.038742 16.545383
 8400.000000 -844929.562500 793.167005 3.224350 3.322497 16.397223
 8420.000000 -843051.062500 794.877990 3.521547 3.334125 16.602867
 8440.000000 -842850.937500 794.145162 3.444345 3.640569 16.655441
 8460.000000 -844276.500000 793.854428 3.500926 3.506197 16.568730
 8480.000000 -843381.375000 794.412954 3.321313 3.232380 16.538957
 8500.000000 -844014.875000 794.183125 3.156405 3.388888 16.152408
 8520.000000 -843541.875000 794.420084 3.465083 3.102236 16.145971
 8540.000000 -842031.937500 792.453968 3.549681 3.535988 16.083822
 8560.000000 -846171.125000 793.187214 3.295793 3.392021 16.486958
 8580.000000 -842016.437500 793.679038 3.439672 3.276625 16.869947
 8600.000000 -842713.687500 792.906640 3.119811 3.217405 16.564337
 8620.000000 -842427.937500 793.753134 3.350582 3.166950 16.559406
 8640.000000 -841619.437500 795.273433 3.316764 3.268306 16.408951
 8660.000000 -844047.062500 794.519838 3.407683 3.445524 16.362374
 8680.000000 -842542.437500 794.522888 3.490005 3.534989 16.257914
 8700.000000 -844986.375000 792.141229 3.395927 3.336702 16.553760
 8720.000000 -841862.625000 794.036361 3.531065 3.487283 16.607435
 8740.000000 -842096.000000 793.471581 3.453444 3.601840 16.383457
 8760.000000 -841563.312500 795.908773 3.702257 3.535877 16.842643
 8780.000000 -844306.250000 794.299087 3.437722 3.443649 16.736910
 8800.000000 -844006.187500 793.417478 3.555336 3.222704 16.530878
 8820.000000 -844296.437500 794.740818 3.534124 3.091097 16.446133
 8840.000000 -842394.000000 794.342165 3.357760 3.182742 16.558352
 8860.000000 -842788.937500 792.027799 3.241577 3.198856 16.779158
 8880.000000 -842859.000000 793.190117 3.494332 3.293554 16.631023
 8900.000000 -840785.437500 795.840225 3.556332 3.376146 16.436448
 8920.000000 -841354.062500 795.324192 3.354911 3.389657 16.509326
 8940.000000 -845931.000000 794.790034 3.216638 3.549671 16.207958
 8960.000000 -844056.437500 791.396934 3.521413 3.588228 16.495302
 8980.000000 -843725.562500 796.906065 3.630696 3.593625 16.458922
 9000.000000 -843466.062500 794.066649 3.590332 3.417383 16.533579
 9020.000000 -842379.000000 795.997537 3.623741 3.279150 16.245704
 9040.000000 -842850.687500 794.478802 3.566326 3.371789 16.112280
 9060.000000 -843951.312500 794.312643 3.296114 3.400446 16.481446
 9080.000000 -843669.500000 793.528802 3.564761 3.288081 16.694373
 9100.000000 -842457.625000 794.572643 3.470754 3.523637 16.545670
 9120.000000 -841769.437500 796.088140 3.439737 3.735253 16.582878
 9140.000000 -844860.125000 794.667524 3.430278 3.408430 16.566424
 9160.000000 -842706.875000 795.072396 3.562737 3.565981 16.553579
 9180.000000 -842497.500000 791.962636 3.563435 3.656798 16.775046
 9200.000000 -841099.062500 794.010301 3.236831 3.274637 16.621359
 9220.000000 -843621.687500 791.591069 3.519586 3.261561 16.728412
 9240.000000 -843566.625000 793.815537 3.403850 3.162782 16.525703
 9260.000000 -843344.187500 792.740187 3.238032 3.478927 16.613964
 9280.000000 -840390.125000 794.235287 3.530530 3.348462 16.422633
 9300.000000 -843850.000000 793.430015 3.125063 3.403368 16.830353
 9320.000000 -841707.125000 793.919565 3.398907 3.197366 16.376907
 9340.000000 -844201.812500 793.419444 3.393167 3.450888 15.962922
 9360.000000 -842383.500000 798.928491 3.741909 3.400695 16.200889
 9380.000000 -844483.375000 794.163687 3.381820 3.561094 16.579587
 9400.000000 -843955.437500 791.549877 3.290989 3.349147 16.505855
 9420.000000 -843544.812500 795.945271 3.458399 3.082875 16.389118
 9440.000000 -843037.937500 795.265060 3.589868 3.161550 16.487502
 9460.000000 -842727.562500 793.848304 3.327543 3.290418 16.648518
 9480.000000 -842703.375000 794.536983 3.325308 3.176704 16.408702
 9500.000000 -843663.750000 792.583998 3.409777 3.246415 16.443754
 9520.000000 -842651.437500 792.168400 3.342356 3.597985 16.583651
 9540.000000 -843256.125000 793.618641 3.460268 3.624569 16.464699
 9560.000000 -843803.937500 792.384174 3.162066 3.453282 16.467113
 9580.000000 -845042.687500 791.074969 3.219635 3.736013 16.389123
 9600.000000 -843100.625000 791.187866 3.384146 3.371494 16.545312
 9620.000000 -843362.750000 792.109784 3.546729 3.544514 16.619377
 9640.000000 -843577.187500 793.746417 3.477956 3.431826 16.512037
 9660.000000 -842018.062500 793.958278 3.442988 3.383021 16.742241
 9680.000000 -842752.000000 794.982098 3.549653 3.272366 16.396860
 9700.000000 -843477.312500 795.183862 3.413899 3.381246 16.429097
 9720.000000 -843431.562500 793.577617 3.366240 3.426068 16.416653
 9740.000000 -843506.062500 794.052855 3.484695 3.431497 16.250574
 9760.000000 -843510.187500 793.825633 3.257773 3.692664 16.208889
 9780.000000 -844198.062500 791.442734 3.455755 3.391566 16.221461
 9800.000000 -842846.500000 792.846653 3.374202 3.220924 16.439553
 9820.000000 -843505.375000 792.266345 3.297303 3.390133 16.679767
 9840.000000 -842890.687500 791.057020 3.290184 3.288557 16.541933
 9860.000000 -841341.000000 795.182132 3.338930 3.511123 16.315283
 9880.000000 -842202.500000 793.346797 3.468685 3.475870 16.545108
 9900.000000 -843300.437500 792.848659 3.370422 3.550517 16.438885
 9920.000000 -844653.687500 793.440465 3.349813 3.504340 16.582977
 9940.000000 -843227.125000 793.597778 2.933088 3.552274 16.596018
 9960.000000 -844471.562500 792.465629 3.267926 3.634078 16.480826
 9980.000000 -842059.000000 791.265322 3.232386 3.447751 16.735575
 10000.000000 -842722.687500 793.157778 3.349030 3.420559 16.417593
 10020.000000 -843455.250000 792.758823 3.283456 3.343136 16.639333
 10040.000000 -842881.625000 795.893997 3.306553 3.367653 16.434523
 10060.000000 -841781.500000 795.457058 3.513676 3.241347 16.515167
 10080.000000 -843489.312500 792.552274 3.465314 3.272088 16.691925
 10100.000000 -844605.125000 794.011320 3.600243 3.391390 16.508982
 10120.000000 -841981.187500 793.146775 3.511445 3.439607 16.459763
 10140.000000 -843682.562500 794.208078 3.542067 3.434490 16.653714
 10160.000000 -844297.375000 792.723013 3.493327 3.295787 16.564705
 10180.000000 -841681.250000 794.519276 3.626697 3.351285 16.522519
 10200.000000 -844366.625000 792.201991 3.734853 3.227818 16.511963
 10220.000000 -844497.187500 793.428657 3.458446 3.173052 16.553250
 10240.000000 -842806.812500 795.447812 3.526582 3.269015 16.441818
 10260.000000 -844797.937500 794.356020 3.459335 3.404272 16.124225
 10280.000000 -843088.937500 794.658605 3.556279 3.536108 16.534179
 10300.000000 -841656.937500 798.093310 3.586533 3.370107 16.440915
 10320.000000 -843580.875000 794.064544 3.482711 3.349046 16.416066
 10340.000000 -842542.750000 794.900743 3.274259 3.330885 16.460428
 10360.000000 -845386.937500 790.311797 3.300758 3.421372 16.375520
 10380.000000 -843593.687500 793.713140 3.496677 3.509149 16.482328
 10400.000000 -844744.125000 792.470440 3.550356 3.308168 16.333021
 10420.000000 -844400.500000 791.784733 3.657402 3.220313 16.293789
 10440.000000 -843302.875000 793.671120 3.646282 3.242535 16.547602
 10460.000000 -844688.937500 793.294234 3.224980 3.423427 16.450077
 10480.000000 -842213.875000 792.678975 3.223716 3.259265 16.356496
 10500.000000 -843111.125000 792.541557 3.246727 3.268461 16.368207
 10520.000000 -843282.437500 794.851662 3.342835 3.226493 16.592567
 10540.000000 -844017.062500 795.060798 3.360847 3.252100 16.544218
 10560.000000 -843178.812500 793.082304 3.739503 3.240525 16.429774
 10580.000000 -841878.812500 795.845119 3.517654 3.349278 16.488968
 10600.000000 -843695.937500 794.417145 3.539964 3.644318 16.327327
 10620.000000 -840914.500000 795.726493 3.366383 3.604621 16.383357
 10640.000000 -842540.687500 794.115206 3.397831 3.253233 16.306039
 10660.000000 -841676.937500 794.399639 3.231290 3.436663 16.300099
 10680.000000 -844067.750000 793.694903 3.305521 3.344814 16.659108
 10700.000000 -840929.250000 795.426712 3.504938 3.235887 16.595177
 10720.000000 -843271.250000 795.458132 3.700397 3.256230 16.445932
 10740.000000 -842575.625000 793.715371 3.452764 3.540758 16.505675
 10760.000000 -842959.750000 793.726374 3.373729 3.599067 16.665249
 10780.000000 -844228.687500 790.700550 3.291144 2.990788 16.659071
 10800.000000 -845522.187500 793.531787 3.208757 3.249150 16.791714
 10820.000000 -844093.062500 791.416566 3.403277 3.360929 16.657947
 10840.000000 -842761.687500 794.078452 3.125012 3.264028 16.637145
 10860.000000 -843893.812500 794.051921 3.253038 3.379942 16.398050
 10880.000000 -843850.000000 793.791366 3.244790 3.287259 16.810064
 10900.000000 -841975.812500 794.539295 3.461787 3.585350 16.512080
 10920.000000 -843553.937500 794.382533 3.531058 3.389790 16.564789
 10940.000000 -843951.625000 793.920273 3.248517 3.264618 16.559287
 10960.000000 -842953.437500 791.587445 3.454497 3.482701 16.573074
 10980.000000 -843933.312500 793.505089 3.232194 3.185923 16.355039
 11000.000000 -842690.625000 794.560856 3.279774 3.314090 16.350657
 11020.000000 -840866.062500 793.859196 3.331406 3.243429 16.476654
 11040.000000 -843507.625000 793.368524 3.146738 3.225729 16.465430
 11060.000000 -841976.125000 794.983224 3.325355 3.414843 16.429471
 11080.000000 -843579.000000 794.019630 3.606032 3.255222 16.603844
 11100.000000 -844602.812500 793.799102 3.547348 3.572650 16.548369
 11120.000000 -843040.625000 796.139790 3.502436 3.564758 16.521639
 11140.000000 -844215.875000 794.475147 3.391067 3.235457 16.617180
 11160.000000 -843315.062500 794.762939 3.571053 3.276022 16.334814
 11180.000000 -845268.625000 791.219537 3.619297 3.302505 16.413106
 11200.000000 -843522.375000 795.307056 3.297927 3.621983 16.619802
 11220.000000 -844008.750000 794.349622 3.594765 3.463055 16.501913
 11240.000000 -843999.750000 792.394810 3.116869 3.626456 16.606814
 11260.000000 -844672.812500 793.787141 3.198733 3.449914 16.770248
 11280.000000 -844121.125000 795.452922 3.212725 3.613437 16.496908
 11300.000000 -844296.750000 792.515602 3.161795 3.870861 16.613819
 11320.000000 -843799.062500 790.787660 3.351969 3.590816 16.591713
 11340.000000 -842968.562500 795.052772 3.567366 3.581977 16.517915
 11360.000000 -842102.937500 794.050364 3.343535 3.661552 16.539487
 11380.000000 -842122.750000 794.341459 3.525294 3.219188 16.735110
 11400.000000 -843226.875000 792.333991 3.447879 3.198766 16.617195
 11420.000000 -843296.937500 796.197656 3.514630 3.387459 16.442451
 11440.000000 -844525.187500 793.304516 3.234157 3.541074 16.429765
 11460.000000 -845717.250000 791.863031 3.302128 3.508335 16.187234
 11480.000000 -842871.437500 795.005965 3.358846 3.317403 16.145527
 11500.000000 -841306.687500 797.146354 3.452611 3.246913 16.281912
 11520.000000 -843307.437500 792.938914 3.770547 3.514223 16.170822
 11540.000000 -844310.250000 793.337272 3.737083 3.600944 16.080063
 11560.000000 -843626.750000 793.479922 3.609496 3.623538 16.256257
 11580.000000 -842214.187500 792.321945 3.479834 3.489749 16.452769
 11600.000000 -841298.937500 793.360156 3.445038 3.307284 16.322849
 11620.000000 -842582.750000 793.891125 3.416672 3.426133 16.355838
 11640.000000 -843866.250000 795.291130 3.672425 3.301084 16.472832
 11660.000000 -843953.250000 796.303929 3.522726 3.536813 16.586210
 11680.000000 -843543.937500 795.602941 3.510452 3.610574 16.638752
 11700.000000 -843393.875000 793.874887 3.370370 3.427149 16.695473
 11720.000000 -843118.625000 792.981773 3.694627 3.490816 16.313475
 11740.000000 -843739.000000 794.564892 3.627089 3.403532 16.544838
 11760.000000 -842125.625000 792.824054 3.418167 3.233051 16.255601
 11780.000000 -843066.500000 794.375259 3.441331 3.452138 16.525646
 11800.000000 -844854.062500 792.730786 3.460530 3.353131 16.347154
 11820.000000 -844102.625000 794.515751 3.156634 2.992875 16.319740
 11840.000000 -843583.500000 794.240383 3.543076 3.111543 15.996914
 11860.000000 -843123.000000 792.562125 3.749037 3.434788 16.421362
 11880.000000 -844843.125000 794.346277 3.692542 3.461236 16.400831
 11900.000000 -843250.625000 791.606412 3.604447 3.459466 16.513089
 11920.000000 -842646.562500 794.895798 3.650591 3.568674 16.619335
 11940.000000 -843769.812500 793.500535 3.425502 3.482773 16.547818
 11960.000000 -840509.312500 795.729781 3.649674 3.560204 16.285444
 11980.000000 -841791.437500 794.337761 3.615194 3.172458 16.653636
 12000.000000 -842474.250000 794.791291 3.397888 3.131385 16.935426
 12020.000000 -844080.875000 795.562581 3.541684 3.333480 16.547170
 12040.000000 -844115.750000 794.295494 3.587202 3.242164 16.626315
 12060.000000 -843173.625000 794.922232 3.496020 3.053455 16.773133
 12080.000000 -843304.750000 793.464694 3.500126 3.279225 16.818478
 12100.000000 -842427.125000 793.348100 3.254966 3.395032 16.711153
 12120.000000 -842729.875000 794.593442 3.612879 3.362568 16.468788
 12140.000000 -841915.687500 796.520061 3.357499 3.263145 16.563083
 12160.000000 -844132.750000 794.024698 3.087617 3.282610 16.344115
 12180.000000 -843777.437500 793.534629 3.118156 3.210637 16.376625
 12200.000000 -843881.250000 792.987080 3.135241 3.700608 16.360476
 12220.000000 -843230.062500 791.998988 3.081276 3.349155 16.421519
 12240.000000 -843338.500000 795.619390 3.312136 3.073719 16.852415
 12260.000000 -842077.187500 792.882420 3.170076 3.480735 16.773334
 12280.000000 -843781.562500 794.843395 3.222345 3.368973 16.726892
 12300.000000 -842613.187500 794.510838 3.019151 3.458372 16.764737
 12320.000000 -844020.000000 792.628090 3.344586 3.460780 16.526337
 12340.000000 -843774.875000 793.386832 3.611148 3.347743 16.621916
 12360.000000 -842344.750000 796.616717 3.381326 3.266986 16.318599
 12380.000000 -842737.687500 793.843972 3.418837 3.676644 16.267189
 12400.000000 -844622.062500 792.867107 3.452273 3.510458 16.325408
 12420.000000 -843416.500000 795.317642 3.197179 3.199592 16.500675
 12440.000000 -843876.437500 792.501528 3.666275 3.286911 16.406460
 12460.000000 -843669.750000 795.130002 3.521665 3.327401 16.459991
 12480.000000 -843408.750000 794.809418 3.438894 3.632432 16.605975
 12500.000000 -842254.000000 794.170801 3.364647 3.169493 16.713946
 12520.000000 -843020.000000 792.639800 3.288374 3.485066 16.750087
 12540.000000 -843224.937500 795.522978 3.626567 3.368444 16.410822
 12560.000000 -842522.625000 796.601387 3.574598 3.558319 16.414693
 12580.000000 -843057.875000 791.440949 3.563531 3.637570 16.334502
 12600.000000 -841159.875000 793.509600 3.606528 3.832120 16.471380
 12620.000000 -844115.187500 793.922724 3.715749 3.522819 16.456917
 12640.000000 -844797.500000 792.496211 3.488387 3.280952 16.514998
 12660.000000 -842163.375000 795.802807 3.333224 3.369302 16.533419
 12680.000000 -844793.687500 790.457598 3.292671 3.405077 16.635929
 12700.000000 -843828.500000 793.537123 3.265219 3.474964 16.623860
 12720.000000 -842369.187500 792.022392 3.417319 3.432461 16.673751
 12740.000000 -844093.937500 794.074992 3.490384 3.482651 16.540379
 12760.000000 -844029.687500 795.238440 3.539534 3.651381 16.414611
 12780.000000 -843618.375000 795.280263 3.518962 3.289595 16.427676
 12800.000000 -843041.187500 793.001577 3.561440 3.639257 16.385662
 12820.000000 -843948.687500 792.370578 3.491252 3.465114 16.554836
 12840.000000 -843407.125000 794.291604 3.294584 3.443845 16.392073
 12860.000000 -842297.687500 794.320502 3.464993 3.468567 16.428893
 12880.000000 -842988.937500 792.626328 3.648075 3.439474 16.676363
 12900.000000 -842517.000000 793.601562 3.513608 3.439102 16.646196
 12920.000000 -843852.875000 795.426292 3.413195 3.404154 16.506748
 12940.000000 -841250.750000 794.215928 3.321850 3.241941 16.541071
 12960.000000 -843469.812500 794.104145 3.394966 3.261109 16.636173
 12980.000000 -842948.812500 792.922990 3.515013 3.377039 16.595813
 13000.000000 -842563.625000 793.555492 3.247994 3.337812 16.232121
 13020.000000 -842083.625000 794.393913 3.563584 3.375049 16.356307
 13040.000000 -842296.875000 790.584846 3.214839 3.741675 16.521089
 13060.000000 -841355.250000 794.050518 3.195042 3.444978 16.254854
 13080.000000 -843134.437500 793.006450 3.425387 3.283680 16.439122
 13100.000000 -844783.187500 792.058719 3.145982 3.165046 16.419141
 13120.000000 -843181.937500 792.633558 3.146847 3.474099 16.397307
 13140.000000 -844513.687500 791.228760 3.459957 3.320652 16.461352
 13160.000000 -841959.000000 795.930544 3.435789 3.642768 16.462089
 13180.000000 -841720.812500 793.624751 3.491153 3.527726 16.586325
 13200.000000 -844357.500000 791.914869 3.598752 3.346355 16.731238
 13220.000000 -841960.625000 792.925898 3.330526 3.306964 16.697054
 13240.000000 -841333.437500 794.750373 3.528731 3.416863 16.799481
 13260.000000 -843937.937500 793.943772 3.704996 3.194177 16.619734
 13280.000000 -843971.187500 795.066069 3.493761 3.387105 16.695796
 13300.000000 -842054.062500 796.165248 3.421543 3.197286 16.498529
 13320.000000 -842715.812500 793.651746 3.266136 3.305207 16.486301
 13340.000000 -841699.875000 793.248984 3.304397 3.029844 16.483775
 13360.000000 -843215.812500 790.146647 3.189693 3.482618 16.484662
 13380.000000 -844665.187500 789.715036 3.171130 3.444805 16.388778
 13400.000000 -845022.312500 792.764064 3.305244 3.491674 16.306219
 13420.000000 -843245.625000 792.813317 3.365651 3.138344 16.222704
 13440.000000 -843508.125000 790.784359 3.008805 3.437029 16.238722
 13460.000000 -843076.062500 793.634948 2.909756 3.842582 16.497117
 13480.000000 -842930.812500 795.623336 2.967598 3.450512 16.657776
 13500.000000 -842235.000000 793.578288 3.424609 3.413811 16.635609
 13520.000000 -843982.062500 794.158466 3.361807 3.434398 16.760214
 13540.000000 -842155.562500 792.681186 3.436114 3.393834 16.281479
 13560.000000 -842317.125000 793.913931 3.482305 3.411646 16.554212
 13580.000000 -844145.937500 792.252344 3.609359 3.285715 16.253158
 13600.000000 -844147.687500 793.245053 3.633986 3.163536 16.638069
 13620.000000 -843455.250000 794.955914 3.612282 3.275320 16.625438
 13640.000000 -842939.812500 793.132162 3.440193 3.454370 16.309499
 13660.000000 -843913.687500 795.446081 3.465092 3.343020 16.503738
 13680.000000 -844278.062500 793.841519 3.476698 3.552011 16.565060
 13700.000000 -842828.937500 791.885999 3.447517 3.260773 16.235818
 13720.000000 -843458.875000 795.377769 3.537175 3.415143 16.275084
 13740.000000 -844168.562500 791.025267 3.434408 3.516090 16.208841
 13760.000000 -841870.000000 795.929595 3.528239 3.370871 16.496855
 13780.000000 -843271.625000 795.474779 3.473145 3.368533 16.507445
 13800.000000 -840530.812500 797.579545 3.575215 3.222707 16.396312
 13820.000000 -842165.062500 796.435451 3.276782 3.126002 16.158152
 13840.000000 -843773.375000 792.020329 3.424610 3.457952 16.318461
 13860.000000 -844179.062500 792.713111 3.471126 3.505631 16.762988
 13880.000000 -842876.500000 795.921719 3.582347 3.301095 16.689248
 13900.000000 -842401.312500 795.393767 3.661454 3.345260 16.622523
 13920.000000 -843578.375000 794.040141 3.504167 3.362203 16.480243
 13940.000000 -843500.812500 794.802117 3.516418 3.470121 16.411968
 13960.000000 -844025.937500 792.453793 3.552749 3.286040 16.337663
 13980.000000 -843253.125000 795.280720 3.403574 3.329628 16.335308
 14000.000000 -845587.062500 794.329131 3.548572 3.301436 16.385450
 14020.000000 -841661.062500 793.362659 3.764362 3.566972 16.707254
 14040.000000 -843581.750000 792.244429 3.541094 3.538899 16.819158
 14060.000000 -843648.375000 792.129414 3.323666 3.310248 16.628328
 14080.000000 -845173.750000 793.352834 3.581086 3.225858 16.496759
 14100.000000 -842232.312500 794.680837 3.496436 3.210677 16.490258
 14120.000000 -844136.062500 792.335182 3.648755 3.646727 16.553081
 14140.000000 -843403.625000 792.399295 3.616428 3.502002 16.630152
 14160.000000 -843247.375000 792.846114 3.429506 3.273777 16.381577
 14180.000000 -841359.250000 795.733011 3.301585 3.331224 16.564290
 14200.000000 -842635.562500 794.307248 3.550657 3.440272 16.316309
 14220.000000 -843666.625000 794.891813 3.483006 3.238173 16.563427
 14240.000000 -841893.562500 793.192410 3.501419 3.210860 16.270868
 14260.000000 -843267.875000 791.537696 3.405329 3.398483 16.390340
 14280.000000 -842999.812500 793.088091 3.409929 3.612288 16.555965
 14300.000000 -843245.375000 794.348650 3.227114 3.206989 16.677735
 14320.000000 -844018.312500 791.434091 3.422249 3.254532 16.487848
 14340.000000 -842701.187500 793.269777 3.323898 3.363300 16.435032
 14360.000000 -843054.562500 794.934086 3.243140 3.491345 16.359688
 14380.000000 -842254.187500 796.712397 3.307242 3.187082 16.447007
 14400.000000 -842826.312500 793.671680 3.525701 3.033600 16.531857
 14420.000000 -842308.625000 794.819776 3.462247 3.225802 16.648666
 14440.000000 -841858.812500 792.577919 3.398271 3.603726 16.584644
 14460.000000 -843303.125000 792.821803 3.381341 3.112214 16.405433
 14480.000000 -842252.812500 796.380881 3.252142 3.392702 16.356834
 14500.000000 -843491.875000 792.574166 3.454890 3.278567 16.375359
 14520.000000 -842702.062500 793.431200 3.649988 3.534065 16.464632
 14540.000000 -843962.625000 793.218841 3.209846 3.738755 16.335440
 14560.000000 -843629.187500 793.320646 3.134525 3.612262 16.354204
 14580.000000 -843380.375000 794.080462 3.639989 3.572882 16.412744
 14600.000000 -843162.875000 793.249721 3.711778 3.593385 16.591309
 14620.000000 -843437.437500 795.260941 3.464571 3.743119 16.381402
 14640.000000 -844268.125000 794.284960 3.364531 3.709735 16.596750
 14660.000000 -843896.500000 794.348213 3.307662 3.617212 16.522990
 14680.000000 -842551.062500 796.300064 3.372485 3.528802 16.327137
 14700.000000 -843403.625000 792.076490 3.499642 3.763184 16.333658
 14720.000000 -843875.625000 792.265356 3.539175 3.709515 16.418641
 14740.000000 -843009.500000 794.131326 3.430761 3.593235 16.603189
 14760.000000 -842695.562500 795.885868 3.316056 3.572129 16.616967
 14780.000000 -841786.437500 792.218905 3.504976 3.465107 16.464810
 14800.000000 -843063.250000 792.536217 3.648101 3.548437 16.121176
 14820.000000 -845666.250000 792.184092 3.434319 3.565726 16.403195
 14840.000000 -843675.437500 792.373823 3.311699 3.375936 16.485077
 14860.000000 -843208.625000 791.739111 3.392545 3.094786 16.708384
 14880.000000 -843271.125000 794.078144 3.356871 3.461910 16.591283
 14900.000000 -844471.937500 793.188620 3.482542 3.247618 16.561379
 14920.000000 -845277.000000 793.238068 3.314872 2.994142 16.278236
 14940.000000 -843253.687500 793.632726 3.343482 3.070698 16.528325
 14960.000000 -845392.000000 794.526680 3.415187 3.581749 16.316450
 14980.000000 -842660.687500 795.365093 3.471033 3.336044 16.530040
 15000.000000 -842530.812500 793.664344 3.307545 3.258534 16.441801
 15020.000000 -841637.062500 795.924135 3.453609 3.546208 16.607142
 15040.000000 -842134.562500 794.061684 3.424558 3.518264 16.474807
 15060.000000 -843930.937500 792.428982 3.413771 3.182425 16.264915
 15080.000000 -842120.875000 792.330603 3.332769 3.337496 16.120787
 15100.000000 -842354.375000 796.750228 3.002108 3.506901 16.257768
 15120.000000 -842376.937500 794.725948 3.143714 3.639133 16.548452
 15140.000000 -845484.187500 791.941870 3.101292 3.397789 16.471016
 15160.000000 -841703.312500 792.369978 3.210766 3.281054 16.437781
 15180.000000 -845275.000000 793.266033 3.275603 3.351503 16.311003
 15200.000000 -842982.062500 794.697988 3.404155 3.159552 16.252213
 15220.000000 -844888.250000 791.221147 3.190796 3.680300 16.493657
 15240.000000 -845003.875000 791.850803 3.229713 3.638701 16.625059
 15260.000000 -842867.437500 795.767129 3.244877 3.414420 16.495673
 15280.000000 -843252.187500 794.200742 3.307437 3.372585 16.541643
 15300.000000 -844683.687500 794.266424 3.701791 3.496736 16.495147
 15320.000000 -842651.437500 793.654767 3.419309 3.595383 16.433763
 15340.000000 -842665.750000 792.410662 3.200324 3.250347 16.775117
 15360.000000 -842700.687500 792.028309 3.478111 3.497315 16.566909
 15380.000000 -843818.812500 794.069064 3.409677 3.680544 16.461025
 15400.000000 -843846.125000 793.671328 3.239965 3.567654 16.790448
 15420.000000 -841259.812500 794.634215 3.333848 3.350298 16.839669
 15440.000000 -842887.500000 791.532580 3.471225 3.311609 16.697372
 15460.000000 -845792.125000 792.579224 3.425671 3.251407 16.730577
 15480.000000 -842177.125000 791.417833 3.472221 3.325737 16.773433
 15500.000000 -842038.750000 794.226855 3.412865 3.015231 16.621234
 15520.000000 -842979.687500 792.280783 3.243908 3.158144 16.401165
 15540.000000 -842446.000000 795.001457 3.386070 3.251698 16.585696
 15560.000000 -843461.625000 792.935506 3.478815 3.368779 16.488953
 15580.000000 -841750.312500 794.268054 3.397462 3.184987 16.651185
 15600.000000 -842694.750000 794.587556 3.300519 3.394878 16.495519
 15620.000000 -843623.812500 791.921775 2.991996 3.314068 16.280077
 15640.000000 -845352.875000 792.165834 3.076342 3.404443 16.374042
 15660.000000 -843871.500000 792.013316 3.306301 3.420015 16.407030
 15680.000000 -842912.312500 790.704984 3.399703 3.298177 16.318920
 15700.000000 -842800.062500 796.790050 3.240248 3.496737 16.643809
 15720.000000 -842509.125000 794.340159 3.181293 3.258989 16.730665
 15740.000000 -844353.625000 791.986032 3.555722 3.476941 16.475388
 15760.000000 -845905.187500 791.092993 3.252050 3.638762 16.700896
 15780.000000 -845025.562500 794.203936 3.229260 3.446322 16.592026
 15800.000000 -844401.562500 792.152374 3.560070 3.517750 16.469110
 15820.000000 -843301.812500 793.138904 3.440576 3.328632 16.572278
 15840.000000 -841938.437500 791.635467 3.506696 3.426772 16.483584
 15860.000000 -844614.750000 795.492137 3.505630 3.360779 16.348750
 15880.000000 -843997.625000 791.123927 3.360596 3.365035 16.326379
 15900.000000 -842200.312500 796.409218 3.424396 3.485208 16.168432
 15920.000000 -843241.125000 792.254460 3.322623 3.480402 16.147129
 15940.000000 -844662.562500 789.849249 3.434434 3.695680 16.331548
 15960.000000 -843879.875000 791.913140 3.435225 3.426766 16.446000
 15980.000000 -842254.062500 791.876949 3.638210 3.190379 16.347395
 16000.000000 -844826.625000 793.613941 3.620109 3.356527 16.294990
 16020.000000 -843498.312500 794.149754 3.442353 3.448858 16.458435
 16040.000000 -843484.500000 794.421517 3.087820 3.402799 16.564707
 16060.000000 -842602.062500 793.656320 3.352931 3.526435 16.534266
 16080.000000 -844531.312500 790.281920 3.361594 3.400659 16.491737
 16100.000000 -843055.062500 792.473710 3.337265 3.483940 16.338920
 16120.000000 -843662.875000 792.519918 3.253324 3.073978 16.541742
 16140.000000 -842844.125000 791.975274 3.053350 3.450674 16.468915
 16160.000000 -844948.125000 792.774913 3.300748 3.366945 16.520384
 16180.000000 -843700.125000 794.405924 3.406236 3.394816 16.348383
 16200.000000 -844139.375000 793.691506 3.544782 3.349844 16.741401
 16220.000000 -844087.875000 792.533442 3.540471 3.394949 16.473016
 16240.000000 -845388.875000 792.311259 3.494894 3.160652 16.419752
 16260.000000 -843733.937500 793.437079 3.456292 3.055022 16.474234
 16280.000000 -843151.500000 793.002660 3.401699 3.108503 16.360960
 16300.000000 -842345.187500 796.113774 3.336777 3.154683 16.454501
 16320.000000 -844373.687500 793.731861 3.215288 3.264591 16.552607
 16340.000000 -842591.062500 795.142860 3.312638 3.333981 16.304483
 16360.000000 -843899.125000 792.154182 3.335720 3.641372 16.434897
 16380.000000 -844974.312500 792.513788 3.182117 3.646744 16.311782
 16400.000000 -843812.375000 794.367207 3.170758 3.461422 16.404887
 16420.000000 -842782.125000 794.377106 3.094329 3.336562 16.595886
 16440.000000 -844369.937500 793.764438 3.270074 3.236313 16.478102
 16460.000000 -843423.812500 791.744209 3.514987 3.209244 16.574833
 16480.000000 -844310.375000 793.012074 3.468737 2.892400 16.527219
 16500.000000 -843751.375000 790.243266 3.311212 3.227140 16.154590
 16520.000000 -841812.937500 794.903767 3.048416 3.382212 16.340146
 16540.000000 -845442.187500 792.288638 2.873283 3.715244 16.343033
 16560.000000 -842671.062500 794.473722 3.267542 3.574297 16.571942
 16580.000000 -842250.750000 794.578492 3.252944 3.623509 16.906912
 16600.000000 -843272.375000 792.766796 3.349640 3.490368 16.834511
 16620.000000 -845417.062500 792.954245 3.445737 3.343104 16.619313
 16640.000000 -844409.125000 793.928190 3.509579 3.217444 16.541507
 16660.000000 -843520.250000 795.036186 3.934776 3.311765 16.465815
 16680.000000 -843199.187500 794.786594 3.615970 3.267528 16.434048
 16700.000000 -845289.500000 791.424195 3.330838 3.407905 16.340990
 16720.000000 -844967.125000 792.074015 3.295516 3.361740 16.447281
 16740.000000 -843645.250000 794.989221 3.368550 3.453998 16.231308
 16760.000000 -844688.875000 794.305825 3.193928 3.444201 16.577220
 16780.000000 -843682.437500 793.693181 3.536451 3.527964 16.071264
 16800.000000 -844453.000000 795.685174 3.539041 3.521371 16.093131
 16820.000000 -841548.125000 793.478964 3.374308 3.247952 16.323496
 16840.000000 -844402.625000 794.011617 3.275933 3.386136 16.605567
 16860.000000 -841925.500000 793.997697 3.539301 3.343668 16.345223
 16880.000000 -842103.875000 794.049355 3.698710 3.266544 16.216601
 16900.000000 -841668.250000 794.039060 3.421028 3.591437 16.212770
 16920.000000 -844154.562500 793.511759 3.448150 3.715275 16.454962
 16940.000000 -842057.437500 793.329198 3.183262 3.563781 16.686843
 16960.000000 -842546.687500 792.955790 3.426214 3.589992 16.525094
 16980.000000 -842323.625000 792.902001 3.554418 3.449110 16.436923
 17000.000000 -843245.125000 795.056321 3.361946 3.168776 16.566886
 17020.000000 -843634.062500 792.995588 3.198541 3.072997 16.533447
 17040.000000 -843362.875000 791.606055 3.284210 3.380945 16.350748
 17060.000000 -840789.437500 795.535052 3.351554 3.198103 16.645073
 17080.000000 -841667.312500 793.338508 3.347704 2.888587 16.503688
 17100.000000 -842634.875000 793.482728 3.233813 3.155376 16.766485
 17120.000000 -843598.312500 793.025411 3.376688 3.440008 16.743604
 17140.000000 -845345.812500 794.364560 3.692947 3.763672 16.645233
 17160.000000 -843112.312500 792.736329 3.601447 3.409348 16.424361
 17180.000000 -841338.125000 794.784170 3.320115 3.293764 16.475313
 17200.000000 -842132.312500 795.300422 3.516012 3.528533 16.453148
 17220.000000 -842021.125000 794.224105 3.560068 3.368951 16.517388
 17240.000000 -842995.500000 796.568502 3.471001 3.476528 16.601103
 17260.000000 -842228.187500 793.103877 3.218509 3.452963 16.849984
 17280.000000 -844140.875000 793.029783 3.279016 3.363970 16.670005
 17300.000000 -843227.375000 795.305785 3.456851 3.232660 16.314995
 17320.000000 -844488.562500 794.061744 3.517558 3.386449 16.374730
 17340.000000 -843850.875000 793.342991 3.439299 3.154489 16.391312
 17360.000000 -842558.875000 794.069574 3.766944 3.642658 16.677307
 17380.000000 -842907.312500 792.303950 3.748266 3.534775 16.652139
 17400.000000 -845324.125000 793.304421 3.470555 3.124764 16.744541
 17420.000000 -843385.937500 794.404090 3.194324 3.390818 16.532947
 17440.000000 -844897.375000 794.142607 3.238590 3.259495 16.386231
 17460.000000 -844092.750000 791.938769 3.121822 3.126863 16.329447
 17480.000000 -841074.375000 795.292229 3.389003 3.212743 16.552205
 17500.000000 -841475.062500 794.444131 3.298758 3.193569 16.436722
 17520.000000 -844573.687500 792.546080 3.405183 3.398106 16.557690
 17540.000000 -844822.375000 792.932050 3.369236 3.373437 16.563416
 17560.000000 -843376.625000 792.473463 3.622676 3.708874 16.559791
 17580.000000 -843106.750000 790.658686 3.617394 3.497886 16.692678
 17600.000000 -842515.437500 793.850033 3.325845 3.642273 16.457840
 17620.000000 -844074.750000 794.114198 3.226553 3.527453 16.596458
 17640.000000 -844715.250000 791.780658 3.456401 3.603850 16.487580
 17660.000000 -842017.750000 792.706784 3.473055 3.581339 16.438197
 17680.000000 -843504.875000 793.715630 3.483669 3.704502 16.490352
 17700.000000 -843368.437500 791.456879 3.413490 3.437503 16.507139
 17720.000000 -842920.812500 791.836026 3.670030 3.358102 16.354863
 17740.000000 -842337.812500 792.097982 3.754172 3.381208 16.458535
 17760.000000 -843691.562500 793.331910 3.520996 3.508912 16.567079
 17780.000000 -843641.000000 792.580456 3.360227 3.281103 16.633619
 17800.000000 -844267.750000 792.449542 3.408584 3.366526 16.736268
 17820.000000 -844087.312500 793.369158 3.300923 3.041758 16.697993
 17840.000000 -844454.875000 792.281647 3.501485 2.969615 16.643001
 17860.000000 -843876.062500 791.296006 3.288109 3.255694 16.562249
 17880.000000 -843621.312500 792.213789 3.386589 3.375869 16.532898
 17900.000000 -844324.187500 793.662797 3.386647 3.506795 16.404028
 17920.000000 -845308.875000 789.597549 3.424636 3.337604 16.394022
 17940.000000 -844449.875000 793.288993 3.329427 3.548689 16.477898
 17960.000000 -844877.812500 792.568940 3.272280 3.254138 16.439422
 17980.000000 -843273.375000 791.655397 3.241861 3.281881 16.282910
 18000.000000 -842449.250000 792.217838 3.564938 3.589027 16.633845
 18020.000000 -843989.062500 790.471084 3.523460 3.419536 16.614319
 18040.000000 -842588.750000 793.997749 3.369390 3.204201 16.455346
 18060.000000 -842336.125000 793.673224 3.340010 3.151531 16.280247
 18080.000000 -844572.687500 795.893626 3.108276 3.129086 16.257216
 18100.000000 -844520.062500 792.791567 3.019361 3.292152 16.569441
 18120.000000 -844349.062500 793.957601 3.251907 3.459366 16.193850
 18140.000000 -845517.937500 793.993996 3.181940 3.621686 16.167532
 18160.000000 -843021.125000 792.949552 3.446086 3.563722 16.337255
 18180.000000 -843996.812500 791.730290 3.446049 3.475922 16.494619
 18200.000000 -844130.187500 793.629994 3.418451 3.529040 16.282277
 18220.000000 -845826.562500 790.543853 3.605060 3.210427 16.434385
 18240.000000 -842753.687500 794.283900 3.371712 3.350839 16.248921
 18260.000000 -843885.500000 793.709207 3.355658 3.509188 16.404061
 18280.000000 -845203.437500 792.879540 3.109587 3.469206 16.603140
 18300.000000 -844187.312500 793.994950 3.337836 3.148104 16.414631
 18320.000000 -844065.375000 793.665977 3.413656 3.217910 16.459091
 18340.000000 -843582.875000 791.271090 3.584763 3.476053 16.370784
 18360.000000 -842651.000000 795.022100 3.749715 3.544873 16.292754
 18380.000000 -844265.687500 792.457758 3.630914 3.568508 16.580598
 18400.000000 -845405.625000 792.698356 3.353082 3.515378 16.589646
 18420.000000 -843443.875000 795.891922 3.723645 3.477517 16.496173
 18440.000000 -841335.187500 793.673830 3.619352 3.351977 16.366153
 18460.000000 -844471.750000 791.409371 3.529199 3.415385 16.449973
 18480.000000 -842735.687500 792.140049 3.455677 3.406139 16.743239
 18500.000000 -842427.812500 793.087940 3.258197 3.299689 16.637525
 18520.000000 -842608.562500 792.675365 3.228976 3.313756 16.476791
 18540.000000 -842139.187500 792.963275 3.243242 3.562684 16.571578
 18560.000000 -843525.687500 793.934901 3.425131 3.564241 16.768416
 18580.000000 -842409.000000 795.132181 3.476137 3.571480 16.570411
 18600.000000 -842243.312500 794.579149 3.456813 3.530028 16.489820
 18620.000000 -844116.500000 794.287015 3.402492 3.566676 16.081612
 18640.000000 -843698.562500 793.682475 3.536155 3.351357 16.028712
 18660.000000 -841651.812500 791.686866 3.529524 3.303156 16.536402
 18680.000000 -844276.000000 792.652971 3.307410 3.587739 16.511657
 18700.000000 -843560.187500 793.199654 3.383696 3.323513 16.467616
 18720.000000 -842375.250000 794.194024 3.281245 3.341091 16.335884
 18740.000000 -843253.062500 792.575894 3.216421 3.263784 16.651908
 18760.000000 -841863.937500 794.630955 3.233443 3.233801 16.560264
 18780.000000 -843815.500000 794.995496 3.085405 3.430762 16.202291
 18800.000000 -842513.250000 794.571643 3.228235 3.341074 16.466415
 18820.000000 -844029.375000 793.332109 3.421907 3.067712 16.427183
 18840.000000 -843793.625000 793.466289 3.567841 3.085559 16.339232
 18860.000000 -842534.812500 796.158200 3.522940 3.055342 16.411068
 18880.000000 -842119.562500 792.730747 3.375749 3.216056 16.464189
 18900.000000 -843655.500000 792.442768 3.319387 3.122450 16.538073
 18920.000000 -845021.937500 791.498903 3.200982 3.288327 16.688876
 18940.000000 -844129.187500 794.125121 3.332549 3.330849 16.414438
 18960.000000 -843493.000000 794.164645 3.581019 3.312481 16.612667
 18980.000000 -844455.562500 794.443293 3.498782 3.639256 16.535514
 19000.000000 -845068.437500 791.559050 3.478066 3.631357 16.408173
 19020.000000 -843823.375000 793.500729 3.257595 3.624238 16.566674
 19040.000000 -842097.000000 793.655721 3.282604 3.418679 16.531832
 19060.000000 -844964.437500 793.192471 3.390535 3.389242 16.677944
 19080.000000 -845037.312500 790.982439 3.243742 3.374575 16.787677
 19100.000000 -842873.000000 794.710177 3.390717 3.293825 16.542685
 19120.000000 -844686.062500 792.219355 3.616294 3.483506 16.438835
 19140.000000 -845569.375000 792.437037 3.352372 3.408638 16.516272
 19160.000000 -843636.187500 793.869003 3.352275 3.448631 16.388770
 19180.000000 -843062.687500 795.585749 3.616548 3.422949 16.612198
 19200.000000 -841920.375000 792.016782 3.311860 3.386211 16.556449
 19220.000000 -843597.937500 793.996951 3.489909 3.349764 16.616235
 19240.000000 -843567.875000 792.215862 3.433264 3.346728 16.684260
 19260.000000 -843112.937500 793.597213 3.520373 3.366788 16.776786
 19280.000000 -842278.750000 792.130875 3.178659 3.660203 16.344722
 19300.000000 -841804.125000 796.672011 3.450635 3.460493 16.405336
 19320.000000 -842522.000000 794.744119 3.655410 3.529469 16.240007
 19340.000000 -844248.500000 792.226517 3.411926 3.408464 16.472305
 19360.000000 -843627.375000 792.988805 3.656214 3.564009 16.469853
 19380.000000 -844285.000000 794.113892 3.396280 3.608574 16.432142
 19400.000000 -842677.437500 794.511644 3.313943 3.580126 16.540744
 19420.000000 -843019.500000 793.390014 3.193323 3.528830 16.762883
 19440.000000 -843712.937500 793.006513 3.516618 3.410944 16.640806
 19460.000000 -843450.250000 793.377648 3.577854 3.293477 16.516091
 19480.000000 -843228.500000 795.142772 3.409247 3.398297 16.382406
 19500.000000 -843527.375000 792.801401 3.265339 3.398080 16.355094
 19520.000000 -843947.625000 790.833098 3.181781 3.554900 16.486492
 19540.000000 -842866.687500 793.712606 3.470807 3.412535 16.542045
 19560.000000 -842202.062500 795.248006 3.452350 3.448127 16.463301
 19580.000000 -843222.062500 794.502895 3.290912 3.144048 16.648889
 19600.000000 -844289.562500 793.187841 3.300403 3.304489 16.362610
 19620.000000 -843219.375000 792.012110 3.474440 3.108795 16.555252
 19640.000000 -843313.437500 792.537008 3.510834 3.408115 16.646650
 19660.000000 -842073.687500 794.385228 3.312337 3.415836 16.677781
 19680.000000 -841221.750000 795.648559 3.259088 3.374124 16.698802
 19700.000000 -843751.375000 793.880351 3.579022 3.214057 16.539257
 19720.000000 -843597.500000 792.308913 3.423063 3.452641 16.376981
 19740.000000 -844142.375000 793.663882 3.275167 3.290265 16.392481
 19760.000000 -843142.062500 795.601766 3.047790 3.457031 16.329578
 19780.000000 -842568.312500 795.230881 3.199156 3.565556 16.347470
 19800.000000 -842248.375000 795.387592 3.631231 3.454455 16.282198
 19820.000000 -844325.812500 792.889146 3.677106 3.686400 16.536300
 19840.000000 -844389.937500 794.932554 3.512225 3.640892 16.603395
 19860.000000 -844163.125000 791.170827 3.510214 3.600541 16.539831
 19880.000000 -844560.062500 789.354708 3.602272 3.611340 16.691354
 19900.000000 -842863.937500 793.810501 3.554069 3.489681 16.832648
 19920.000000 -844286.312500 790.908474 3.370251 3.363970 16.693310
 19940.000000 -843795.000000 792.323558 3.006879 3.342799 16.549890
 19960.000000 -844770.062500 791.358516 3.322967 3.476891 16.464862
 19980.000000 -841299.437500 796.563003 3.540641 3.433913 16.882615
 20000.000000 -843213.250000 793.726224 3.362596 3.192496 16.275489
 20020.000000 -844018.250000 792.831229 3.698705 2.992505 16.113196
 20040.000000 -842558.250000 793.578442 3.231261 3.176812 16.399458
 20060.000000 -843458.937500 792.623589 3.494323 3.240450 16.021735
 20080.000000 -843340.437500 796.062245 3.598867 3.352490 16.060221
 20100.000000 -843270.562500 795.448922 3.323735 3.457432 16.118381
 20120.000000 -843144.687500 794.294265 3.348324 3.559380 16.294395
 20140.000000 -842630.812500 794.815515 3.402678 3.322171 16.414298
 20160.000000 -843868.875000 793.615165 3.530676 3.291115 16.281731
 20180.000000 -842876.750000 794.218993 3.303199 3.319761 16.675821
 20200.000000 -844914.750000 790.501663 3.311106 3.552565 16.260921
 20220.000000 -840541.187500 795.100451 2.976600 3.347136 16.684698
 20240.000000 -841454.437500 792.963634 2.863079 3.241453 16.696901
 20260.000000 -841892.312500 795.223284 3.020035 3.365621 16.627354
 20280.000000 -843434.125000 792.039672 3.170089 3.399449 16.440080
 20300.000000 -843219.312500 791.661965 3.474184 3.590055 16.587746
 20320.000000 -843971.000000 791.215102 3.501061 3.201844 16.545582
 20340.000000 -843633.000000 793.422529 3.510630 3.145104 16.360254
 20360.000000 -842327.187500 793.138454 3.248135 3.064168 16.221863
 20380.000000 -845477.625000 788.688297 3.135886 3.367026 16.443713
 20400.000000 -843804.000000 795.122645 3.199322 3.271384 16.341668
 20420.000000 -843463.187500 792.961839 3.208126 3.419832 16.439453
 20440.000000 -842566.250000 791.674443 3.254468 3.406813 16.220035
 20460.000000 -845036.500000 793.018488 3.337569 3.251709 16.419636
 20480.000000 -842941.312500 795.703294 3.349923 3.358437 16.407381
 20500.000000 -841954.000000 796.045861 3.482837 3.336239 16.590501
 20520.000000 -844173.062500 792.233062 3.313465 3.512546 16.368996
 20540.000000 -844171.125000 793.904183 3.357892 3.491212 16.660892
 20560.000000 -843874.875000 793.802399 3.243277 3.323402 16.626591
 20580.000000 -841641.687500 797.685151 3.315543 3.458742 16.500917
 20600.000000 -841477.625000 795.682118 3.314506 3.360743 16.550583
 20620.000000 -841900.687500 790.524337 3.539693 3.328608 16.592727
 20640.000000 -843514.000000 791.608084 3.327742 3.508477 16.372491
 20660.000000 -843724.625000 792.872444 3.399330 3.328456 16.570823
 20680.000000 -841204.562500 791.763824 3.282607 3.168721 16.535112
 20700.000000 -844462.312500 791.315698 3.503927 3.512279 16.514252
 20720.000000 -842881.312500 791.638384 3.476123 3.361708 16.729523
 20740.000000 -842113.312500 794.449060 3.432456 3.161126 16.624099
 20760.000000 -844469.750000 793.025882 3.222870 3.085501 16.617657
 20780.000000 -844851.312500 793.993981 3.425084 3.125384 16.523962
 20800.000000 -843278.125000 790.816901 3.307288 3.236495 16.559188
 20820.000000 -842409.125000 793.182943 3.420250 3.139114 16.435492
 20840.000000 -843101.125000 791.871451 3.472164 3.038550 16.872225
 20860.000000 -842994.500000 792.685524 3.488760 3.027814 16.545658
 20880.000000 -842940.437500 794.152398 3.475418 3.039394 16.589572
 20900.000000 -843317.125000 791.532921 3.422209 2.994125 16.547464
 20920.000000 -842065.937500 796.626426 3.504316 3.337954 16.715314
 20940.000000 -842418.000000 794.069885 3.424717 3.395427 16.576449
 20960.000000 -844032.687500 793.390594 3.655456 3.473578 16.691568
 20980.000000 -844186.875000 795.926866 3.546871 3.027096 16.544320
 21000.000000 -844634.312500 793.528231 3.526846 3.127010 16.362749
 21020.000000 -843679.625000 796.211281 3.616311 3.237324 16.579137
 21040.000000 -843293.562500 796.332452 3.645810 3.418782 16.640137
 21060.000000 -844849.125000 793.497806 3.702286 3.404328 16.568269
 21080.000000 -844593.312500 793.118169 3.433012 3.631106 16.674881
 21100.000000 -844769.750000 791.168851 3.560150 3.165807 16.391922
 21120.000000 -842446.812500 791.046247 3.567947 3.399448 16.304408
 21140.000000 -843280.625000 793.512758 3.538889 3.335241 16.300780
 21160.000000 -844251.125000 792.266785 3.248723 3.184336 16.332122
 21180.000000 -843081.625000 794.741307 3.287210 3.373876 16.639306
 21200.000000 -843246.187500 794.109695 3.582805 3.520311 16.158130
 21220.000000 -843641.500000 793.674907 3.602892 3.350594 16.292990
 21240.000000 -843781.312500 794.275226 3.675254 3.394198 16.304060
 21260.000000 -843067.625000 794.716637 3.359773 3.479928 16.247362
 21280.000000 -844419.687500 791.375112 3.508446 3.422327 16.453442
 21300.000000 -842548.812500 794.170491 3.302553 3.202725 16.294564
 21320.000000 -842477.812500 796.071460 3.520534 3.204328 16.414038
 21340.000000 -841224.375000 793.626370 3.238527 3.431110 16.374363
 21360.000000 -842675.187500 796.445662 3.572574 3.545583 16.450326
 21380.000000 -844698.125000 794.450141 3.550565 3.450444 16.265742
 21400.000000 -844182.375000 794.139294 3.374693 3.288295 16.577953
 21420.000000 -843117.750000 791.170307 3.443918 3.544639 16.377139
 21440.000000 -843351.437500 793.666949 3.773378 3.438318 16.584547
 21460.000000 -846077.625000 791.539107 3.761852 3.305155 16.771799
 21480.000000 -843409.312500 793.740013 3.492089 3.499024 16.466993
 21500.000000 -843583.562500 793.509551 3.416351 3.218635 16.671083
 21520.000000 -841657.437500 794.834348 3.432877 3.521106 16.328333
 21540.000000 -842668.437500 793.189419 3.321087 3.379375 16.480576
 21560.000000 -843555.000000 792.707847 3.338737 3.422138 16.664629
 21580.000000 -844180.062500 793.672147 3.370596 3.631638 16.742609
 21600.000000 -844301.562500 793.454834 3.420581 3.561217 16.626910
 21620.000000 -843404.562500 794.985232 3.482349 3.497108 16.720569
 21640.000000 -844508.312500 794.426273 3.384174 3.525207 16.440702
 21660.000000 -841641.312500 794.970478 3.507928 3.321810 16.547084
 21680.000000 -843599.937500 793.676388 3.281721 3.304158 16.361845
 21700.000000 -843583.312500 793.641264 3.594721 3.274064 16.141539
 21720.000000 -843687.750000 794.133365 3.584628 3.169093 16.502652
 21740.000000 -842495.500000 794.946645 3.511433 3.426698 16.583956
 21760.000000 -845514.875000 793.705491 3.342595 3.258339 16.661744
 21780.000000 -843212.625000 791.765454 3.311009 3.188036 16.800743
 21800.000000 -842513.562500 793.956079 3.180309 3.174435 16.546484
 21820.000000 -843565.187500 794.435246 3.341187 3.559833 16.521572
 21840.000000 -844942.812500 792.190597 3.456214 3.235823 16.123826
 21860.000000 -845718.562500 793.403835 3.323854 3.157423 16.581723
 21880.000000 -843540.000000 793.005495 3.218679 3.127990 16.436862
 21900.000000 -843593.625000 794.207091 3.525997 3.147563 16.354557
 21920.000000 -842379.250000 793.733908 3.643834 3.283473 16.325749
 21940.000000 -842896.187500 793.745506 3.287010 3.357032 16.377651
 21960.000000 -842635.812500 795.878030 3.317356 3.202040 16.572835
 21980.000000 -844281.687500 792.689874 3.099651 3.561282 16.652757
 22000.000000 -844468.500000 790.839119 3.178196 3.658615 16.550088
 22020.000000 -843088.312500 792.889709 3.394696 3.293781 16.485682
 22040.000000 -843101.750000 793.784406 3.478120 3.237466 16.499188
 22060.000000 -842085.000000 796.123840 3.394523 3.199429 16.357373
 22080.000000 -844299.250000 794.238224 3.310232 3.251104 16.334465
 22100.000000 -843114.750000 794.323097 3.435919 3.161959 16.481338
 22120.000000 -843126.812500 793.323954 3.319507 3.419028 16.585736
 22140.000000 -843869.625000 793.511881 3.453098 3.154447 16.477392
 22160.000000 -840895.125000 795.798271 3.690541 3.458674 16.501510
 22180.000000 -842981.625000 795.706562 3.598604 3.309355 16.746787
 22200.000000 -843093.875000 791.964809 3.477246 3.476178 16.530459
 22220.000000 -843255.750000 794.017833 3.389123 3.428873 16.377093
 22240.000000 -841031.187500 795.870527 3.346545 3.179966 16.473876
 22260.000000 -843369.187500 793.041924 3.257671 3.473559 16.629254
 22280.000000 -842587.437500 793.917792 3.509017 3.597607 16.599411
 22300.000000 -844266.687500 794.337708 3.473985 3.309921 16.802662
 22320.000000 -843559.500000 793.099075 3.223165 3.188341 16.475553
 22340.000000 -842777.250000 794.956651 3.448602 3.321873 16.250404
 22360.000000 -843964.812500 790.994617 3.594411 3.291479 16.337660
 22380.000000 -842031.562500 793.711122 3.656782 3.407575 16.467892
 22400.000000 -842274.562500 793.890762 3.778364 3.333114 16.319766
 22420.000000 -844167.375000 793.395918 3.624299 3.464239 16.334475
 22440.000000 -842934.625000 796.659564 3.636056 3.288301 16.411952
 22460.000000 -843033.937500 796.509230 3.607622 3.569305 16.676832
 22480.000000 -841482.687500 798.033194 3.332429 3.146132 16.474263
 22500.000000 -843427.312500 793.298461 3.359826 3.328973 16.573375
 22520.000000 -844008.750000 796.079952 3.481279 3.301538 16.321078
 22540.000000 -842755.125000 794.134243 3.193452 3.492324 16.482222
 22560.000000 -843918.437500 795.076090 3.267247 3.623396 16.600962
 22580.000000 -842700.750000 797.236564 3.315680 3.336798 16.577239
 22600.000000 -844877.937500 795.121724 3.335789 3.302140 16.519457
 22620.000000 -842337.625000 793.523839 3.346098 3.513456 16.607214
 22640.000000 -841078.687500 796.213174 3.283379 3.363777 16.498834
 22660.000000 -841299.312500 795.933461 3.338599 3.405994 16.516365
 22680.000000 -842254.750000 796.870007 3.252361 3.199709 16.333607
 22700.000000 -842428.750000 795.023964 3.326325 3.269299 16.322347
 22720.000000 -842523.500000 795.524632 3.830895 3.561009 16.169167
 22740.000000 -842248.312500 795.539473 3.700965 3.319147 16.205819
 22760.000000 -843035.125000 792.980486 3.774658 3.493315 16.363999
 22780.000000 -841700.687500 794.069639 3.303939 3.311170 16.291517
 22800.000000 -844002.250000 793.769841 3.445101 3.083780 16.514091
 22820.000000 -844560.062500 793.525152 3.385255 3.312934 16.439974
 22840.000000 -843956.125000 793.882060 3.325471 3.249795 16.472006
 22860.000000 -843053.250000 794.840664 3.229228 3.261262 16.365588
 22880.000000 -845736.500000 792.046896 3.487598 3.598148 16.490486
 22900.000000 -842812.937500 793.381583 3.465129 3.567274 16.564318
 22920.000000 -842825.187500 791.716244 3.322692 3.455490 16.659876
 22940.000000 -842022.625000 792.950831 3.343897 3.253866 16.512152
 22960.000000 -842285.687500 794.529933 3.273387 3.101956 16.425270
 22980.000000 -842884.750000 792.846546 3.341543 3.353327 16.478416
 23000.000000 -844628.750000 791.194790 3.459245 3.402738 16.272992
 23020.000000 -845044.687500 792.545718 3.624221 3.156094 16.491368
 23040.000000 -843574.875000 792.932894 3.426118 3.287824 16.313227
 23060.000000 -842820.312500 799.447084 3.467801 3.235430 16.695576
 23080.000000 -843135.812500 793.257675 3.480812 3.379611 16.514161
 23100.000000 -843024.437500 797.086280 3.471065 3.418431 16.434368
 23120.000000 -842945.937500 795.333988 3.605335 3.450456 16.544386
 23140.000000 -844857.500000 793.008704 3.471417 3.562214 16.461265
 23160.000000 -843504.562500 793.651909 3.238013 3.286398 16.317110
 23180.000000 -841815.812500 792.384884 3.198065 3.330295 16.452657
 23200.000000 -843180.250000 792.728457 3.357056 3.294702 16.192143
 23220.000000 -844098.437500 792.879836 3.083113 3.396796 16.384423
 23240.000000 -845388.500000 793.996094 3.212375 3.500213 16.335150
 23260.000000 -843628.187500 792.010903 3.559928 3.309210 16.466181
 23280.000000 -842315.500000 793.122165 3.510310 3.328435 16.389463
 23300.000000 -843004.687500 794.350883 3.310482 3.178847 16.270330
 23320.000000 -844932.625000 791.044634 3.392947 3.290726 16.281359
 23340.000000 -841638.187500 790.542979 3.485876 3.501959 16.548645
 23360.000000 -843599.937500 791.279007 3.490253 3.642096 16.420976
 23380.000000 -841257.125000 792.472596 3.378854 3.204704 16.444569
 23400.000000 -842445.750000 794.547314 3.295939 3.226042 16.624413
 23420.000000 -844099.375000 793.198480 3.518566 3.522331 16.615923
 23440.000000 -843593.750000 795.916223 3.516321 3.547282 16.342300
 23460.000000 -845186.812500 792.670238 3.640361 3.195703 16.483900
 23480.000000 -840919.437500 793.923404 3.603980 3.132055 16.353692
 23500.000000 -842396.375000 793.308846 3.671933 3.221589 16.404605
 23520.000000 -843819.250000 791.150919 3.169222 3.305262 16.432553
 23540.000000 -844441.875000 792.777553 3.450096 3.332740 16.592525
 23560.000000 -842744.312500 791.818952 3.641662 3.497704 16.575751
 23580.000000 -842975.125000 791.424631 3.386738 3.463101 16.484023
 23600.000000 -843774.937500 795.636374 3.594159 3.563232 16.600518
 23620.000000 -843141.250000 795.332691 3.302086 3.718665 16.736541
 23640.000000 -843286.062500 794.725405 3.175576 3.711166 16.657623
 23660.000000 -844088.625000 791.068156 3.300390 3.740663 16.586640
 23680.000000 -843002.437500 792.472034 3.290313 3.576068 16.632391
 23700.000000 -842777.687500 792.182858 3.341401 3.539562 16.701159
 23720.000000 -843357.750000 794.272394 3.272895 3.400435 16.612150
 23740.000000 -845246.312500 792.718041 3.524513 3.179376 16.724382
 23760.000000 -843800.000000 792.880918 3.530220 3.163425 16.871409
 23780.000000 -844852.937500 790.300647 3.363635 3.203212 16.702686
 23800.000000 -844364.062500 793.530424 3.478494 3.471113 16.499391
 23820.000000 -843186.625000 793.259218 3.198370 3.976479 16.877595
 23840.000000 -843928.687500 794.026905 3.323588 3.415081 16.560401
 23860.000000 -844965.750000 793.434250 3.292429 3.257689 16.504766
 23880.000000 -843849.437500 794.264618 3.501814 3.040605 16.466358
 23900.000000 -844731.812500 794.130122 3.414022 3.187447 16.460269
 23920.000000 -843776.250000 792.976111 3.593220 3.323787 16.545210
 23940.000000 -844629.875000 792.874811 3.432932 3.388875 16.449237
 23960.000000 -845038.687500 793.267524 3.385730 3.475735 16.312119
 23980.000000 -843423.312500 793.780171 3.268143 3.603687 16.484834
 24000.000000 -841463.500000 794.921410 3.306872 3.510690 16.445394
 24020.000000 -844317.500000 790.776899 3.288447 3.666983 16.628158
 24040.000000 -843116.937500 791.998112 3.236827 3.607814 16.816543
 24060.000000 -843531.875000 794.456638 3.541729 3.559830 16.987237
 24080.000000 -843053.375000 799.345628 3.730631 2.654313 6.992344
 24100.000000 -841405.687500 797.706233 3.792234 2.863622 10.026740
 24120.000000 -843569.062500 794.571512 4.152799 2.862786 10.737920
 24140.000000 -841506.062500 798.168166 3.786805 3.326093 13.591322
 24160.000000 -843201.625000 793.534622 3.369981 3.326613 15.568088
 24180.000000 -844238.625000 793.123072 3.262814 3.318321 15.994563
 24200.000000 -841269.437500 795.671508 3.145191 3.421776 16.224838
 24220.000000 -842276.625000 792.227358 3.533679 3.434244 16.460365
 24240.000000 -844236.625000 793.913130 3.452668 3.781867 16.238220
 24260.000000 -842670.812500 794.389921 3.430720 3.565578 16.440265
 24280.000000 -844102.125000 792.350743 3.328399 3.291754 16.394302
 24300.000000 -843342.875000 793.256985 3.484265 3.131549 16.527649
 24320.000000 -843220.437500 794.493360 3.362938 3.395972 16.204005
 24340.000000 -844446.562500 793.610420 3.309937 3.137717 16.349469
 24360.000000 -843455.500000 792.374325 3.353474 3.309942 16.486600
 24380.000000 -843803.562500 794.319285 3.384833 3.087452 16.341133
 24400.000000 -842039.750000 792.521940 3.465003 3.395767 16.297121
 24420.000000 -844093.812500 791.185426 3.501725 3.266958 16.414762
 24440.000000 -844406.125000 792.478668 3.373814 3.175691 16.164775
 24460.000000 -843538.062500 793.646387 3.259753 3.298375 16.373204
 24480.000000 -843932.750000 791.390706 3.314024 3.107220 16.426445
 24500.000000 -845042.125000 792.537012 3.629568 3.264594 16.451854
 24520.000000 -844949.937500 790.768619 3.569415 3.411301 16.359634
 24540.000000 -845703.625000 791.869770 3.445522 3.439531 16.532609
 24560.000000 -844210.500000 794.225644 3.431658 3.357228 16.346620
 24580.000000 -842565.750000 794.793849 3.394768 3.430395 16.384222
 24600.000000 -844546.687500 794.006944 3.497079 3.341438 16.510729
 24620.000000 -842200.687500 795.527568 3.465197 3.410665 16.689319
 24640.000000 -844652.750000 792.677307 3.570402 3.375685 16.723913
 24660.000000 -845153.375000 794.858729 3.403132 3.311734 16.552388
 24680.000000 -842528.187500 791.423229 3.329632 3.340607 16.334023
 24700.000000 -844266.562500 793.189075 3.395641 3.698952 16.542842
 24720.000000 -846488.187500 794.031881 3.275675 3.686954 16.859579
 24740.000000 -843645.687500 793.498122 3.204881 3.563391 16.745450
 24760.000000 -843551.937500 792.567987 3.393486 3.428875 16.634500
 24780.000000 -842066.312500 793.708998 3.169787 3.480225 16.652224
 24800.000000 -844612.375000 793.349661 3.252621 3.226606 16.601859
 24820.000000 -843968.937500 795.318088 3.577757 3.382022 16.607025
 24840.000000 -843886.250000 792.279641 3.519442 3.298641 16.742574
 24860.000000 -844234.687500 792.666101 3.591353 3.303221 16.800800
 24880.000000 -843343.375000 791.715217 3.424014 3.506112 16.566538
 24900.000000 -843820.750000 793.784747 3.298464 3.407013 16.446017
 24920.000000 -843200.000000 793.417456 3.600582 3.445663 16.442075
 24940.000000 -843283.687500 794.166273 3.237808 3.439120 16.513315
 24960.000000 -844164.625000 792.852666 3.300279 3.525941 16.599748
 24980.000000 -844014.625000 793.811437 3.693291 3.527224 16.343735
 25000.000000 -843397.562500 793.522404 3.426765 3.531973 16.260366
 25020.000000 -843642.375000 792.590748 3.242244 3.339573 16.320503
 25040.000000 -845142.562500 793.790144 3.316583 2.946664 16.378471
 25060.000000 -843265.125000 793.958573 3.566839 2.926813 16.099607
 25080.000000 -842608.312500 795.258608 3.660283 3.177101 16.369438
 25100.000000 -842808.375000 793.130699 3.523336 3.309337 16.413126
 25120.000000 -844202.562500 793.822647 3.439094 3.319003 16.507107
 25140.000000 -844693.312500 793.200786 3.178059 3.589947 16.636045
 25160.000000 -841378.312500 792.847342 3.470779 3.336981 16.657682
 25180.000000 -845363.562500 792.429646 3.450136 3.464129 16.785430
 25200.000000 -844673.437500 791.652700 3.538753 3.470146 16.659265
 25220.000000 -842436.625000 792.224689 3.391626 3.570862 16.574310
 25240.000000 -844592.250000 791.317550 3.222298 3.422880 16.395483
 25260.000000 -842597.625000 791.968308 3.186311 3.300385 16.420070
 25280.000000 -842538.187500 791.987504 3.361203 3.382098 16.415769
 25300.000000 -843449.312500 793.529061 3.560959 3.402025 16.639506
 25320.000000 -842223.937500 793.219986 3.659601 3.334267 16.490410
 25340.000000 -844162.000000 794.038430 3.344212 3.307619 16.637915
 25360.000000 -843189.000000 793.029589 3.367996 3.340275 16.616752
 25380.000000 -843094.312500 794.442133 3.426318 3.358277 16.756905
 25400.000000 -843293.125000 792.890400 3.445410 3.520374 16.645829
 25420.000000 -843279.437500 792.733549 3.294788 3.456326 16.757189
 25440.000000 -841515.437500 795.366913 3.335842 3.150388 16.560247
 25460.000000 -843260.562500 794.583760 3.263903 3.320829 16.566283
 25480.000000 -843219.687500 792.837118 3.163191 3.327217 16.216800
 25500.000000 -844802.812500 793.106191 3.465390 3.295386 16.415435
 25520.000000 -842973.312500 793.017505 3.650059 3.590327 16.282476
 25540.000000 -844316.625000 790.662513 3.411403 3.912728 16.426437
 25560.000000 -843893.062500 791.665331 3.413398 3.289207 16.270098
 25580.000000 -843768.375000 792.698245 3.408326 3.336395 16.224424
 25600.000000 -845038.375000 788.520084 3.386248 3.376857 16.260759
 25620.000000 -843004.375000 792.752118 3.322827 3.634198 16.401704
 25640.000000 -841810.062500 795.604886 3.282926 3.315118 16.610600
 25660.000000 -844279.625000 792.784280 3.594194 3.244647 16.271944
 25680.000000 -844437.937500 795.145916 3.328236 3.173731 16.377258
 25700.000000 -843920.562500 791.560832 3.301752 3.152489 16.694529
 25720.000000 -844354.250000 791.754473 3.377601 3.423216 16.666660
 25740.000000 -843819.125000 793.261323 3.304088 3.373979 16.581324
 25760.000000 -842006.625000 794.377570 3.384962 3.557075 16.600794
 25780.000000 -844664.437500 793.307212 3.512061 3.278825 16.523756
 25800.000000 -843123.500000 794.939907 3.369375 3.151161 16.258524
 25820.000000 -844172.062500 793.188385 3.420502 3.362966 16.246742
 25840.000000 -843250.437500 794.263131 3.644215 3.452896 16.374253
 25860.000000 -844021.687500 792.362933 3.727178 3.397283 16.544870
 25880.000000 -843767.312500 793.186180 3.288974 3.425821 16.567091
 25900.000000 -842412.500000 792.494233 3.530586 3.588576 16.187816
 25920.000000 -844503.875000 793.266149 3.265204 3.346080 16.300232
 25940.000000 -843714.125000 794.630735 3.213978 3.331492 16.438588
 25960.000000 -844458.687500 791.262890 3.305150 3.621335 16.369854
 25980.000000 -843530.000000 794.341060 3.512600 3.661065 16.422731
 26000.000000 -843391.750000 794.395965 3.587674 3.617589 16.665521
 26020.000000 -842476.750000 794.739438 3.510461 3.153252 16.535573
 26040.000000 -843153.750000 792.959246 3.600450 3.252400 16.400891
 26060.000000 -844149.437500 794.086210 3.384532 3.246656 16.565451
 26080.000000 -843795.312500 793.288316 3.427021 3.392626 16.436359
 26100.000000 -842072.937500 794.183252 3.478664 3.325511 16.291672
 26120.000000 -844480.875000 792.916868 3.371784 3.441829 16.604715
 26140.000000 -843136.625000 795.402448 3.169750 3.352843 16.728940
 26160.000000 -844197.750000 792.401977 3.272885 3.242407 16.769312
 26180.000000 -844030.625000 793.482195 3.435996 3.349574 16.524967
 26200.000000 -844675.375000 792.086350 3.385858 3.285794 16.219713
 26220.000000 -843765.062500 793.017972 3.546455 3.210699 16.453103
 26240.000000 -845583.375000 792.675512 3.492366 3.433476 16.314881
 26260.000000 -843128.937500 794.045405 3.409904 3.219907 16.528161
 26280.000000 -841048.375000 795.086674 3.560684 3.306413 16.697888
 26300.000000 -842421.000000 793.972207 3.403952 3.303935 16.754790
 26320.000000 -844278.125000 791.184463 3.687180 3.561908 16.612703
 26340.000000 -843258.437500 792.131293 3.644842 3.442665 16.686704
 26360.000000 -844666.750000 794.504785 3.219851 3.428855 16.541017
 26380.000000 -843226.187500 793.943202 3.507259 3.469501 16.527177
 26400.000000 -842356.187500 792.843614 3.658045 3.492163 16.141970
 26420.000000 -842800.437500 794.762651 3.540368 3.365620 16.274079
 26440.000000 -843818.000000 794.798486 3.492894 3.198608 16.371599
 26460.000000 -844330.875000 792.328902 3.460087 3.337070 16.338723
 26480.000000 -843321.375000 793.379444 3.229868 3.348109 16.421349
 26500.000000 -842494.625000 794.343124 3.565945 3.336905 16.591685
 26520.000000 -843975.750000 794.694978 3.355681 3.267833 16.269260
 26540.000000 -840717.750000 794.636035 3.369460 3.312725 16.186333
 26560.000000 -844734.375000 793.981918 3.234434 3.284876 16.346770
 26580.000000 -843933.875000 794.081187 3.183396 3.457807 16.247802
 26600.000000 -842056.062500 792.556354 3.410155 3.490966 16.479784
 26620.000000 -844095.750000 792.740812 3.308577 3.494091 16.472747
 26640.000000 -843606.375000 792.968559 3.049215 3.550790 16.544041
 26660.000000 -842333.500000 793.583224 3.327765 3.333166 16.434606
 26680.000000 -842639.062500 796.258543 3.185337 3.233802 16.478548
 26700.000000 -843021.625000 792.484736 3.291009 3.162834 16.326548
 26720.000000 -842915.125000 794.568973 3.380219 3.730288 16.531529
 26740.000000 -844644.625000 791.074629 3.462969 3.558737 16.352310
 26760.000000 -845254.500000 790.842563 3.441579 3.518309 16.631548
 26780.000000 -844569.875000 793.228382 3.343755 3.428659 16.701658
 26800.000000 -843339.125000 793.244770 3.252787 3.328238 16.667183
 26820.000000 -842961.187500 794.238106 3.477516 3.237696 16.428058
 26840.000000 -843716.500000 791.148254 3.245996 3.475000 16.615339
 26860.000000 -844515.750000 793.241821 3.552572 3.281804 16.366511
 26880.000000 -843924.062500 792.425223 3.374019 3.387672 16.489637
 26900.000000 -843265.312500 795.773370 3.391314 3.558484 16.565297
 26920.000000 -843919.187500 795.588995 3.423478 3.528122 16.856005
 26940.000000 -844423.062500 792.759352 3.374849 3.209950 16.654070
 26960.000000 -843820.625000 791.400432 3.713547 3.426390 16.517068
 26980.000000 -842442.125000 793.986157 3.514354 3.547170 16.681549
 27000.000000 -842669.562500 795.104283 3.687613 3.440908 16.766898
 27020.000000 -842552.687500 792.281563 3.410625 3.534391 16.738717
 27040.000000 -842327.750000 793.873540 3.154274 3.405110 16.924176
 27060.000000 -844090.750000 795.200056 3.493397 3.205180 16.612834
 27080.000000 -842686.312500 794.511978 3.529370 3.334845 16.591371
 27100.000000 -843282.562500 794.896316 3.223436 3.429853 16.620909
 27120.000000 -844852.125000 791.229299 3.562353 3.236360 16.711681
 27140.000000 -843685.187500 793.680366 3.403488 3.565337 16.555283
 27160.000000 -844826.500000 792.359743 3.059205 3.703659 16.560431
 27180.000000 -844001.625000 795.367222 3.232798 3.492706 16.457993
 27200.000000 -842868.625000 796.622104 3.256836 3.012508 16.326729
 27220.000000 -843583.687500 793.428524 3.067366 3.182189 16.345151
 27240.000000 -842127.375000 794.326715 3.335023 3.157821 16.149723
 27260.000000 -843516.937500 794.800177 3.289833 3.326772 16.589929
 27280.000000 -842931.000000 794.281963 3.209869 3.395614 16.726602
 27300.000000 -843225.812500 793.485140 3.306822 3.258918 16.623572
 27320.000000 -843769.750000 796.298362 3.276070 3.197513 16.845657
 27340.000000 -842506.687500 793.546812 3.609371 3.300295 16.594680
 27360.000000 -844203.812500 789.893111 3.157044 3.336727 16.495141
 27380.000000 -842788.625000 796.117635 3.423380 3.618468 16.598748
 27400.000000 -842171.437500 792.678675 3.440503 3.360805 16.510696
 27420.000000 -844400.562500 793.763307 3.136177 3.349332 16.427531
 27440.000000 -844343.312500 792.884770 3.454532 3.429112 16.715504
 27460.000000 -842959.750000 794.073457 3.194089 3.315199 16.731715
 27480.000000 -842663.500000 795.499933 3.254513 3.171770 16.481446
 27500.000000 -843224.687500 793.319959 3.220137 3.216866 16.518186
 27520.000000 -843242.437500 791.480848 3.057283 3.618466 16.437326
 27540.000000 -843228.000000 792.444821 3.493938 3.700948 16.599340
 27560.000000 -843891.312500 792.603610 3.408391 3.518570 16.475822
 27580.000000 -843060.312500 794.107350 3.406297 3.435656 15.909364
 27600.000000 -840352.875000 794.830837 3.409672 3.481875 16.215072
 27620.000000 -841292.437500 796.816980 3.600984 3.272606 16.245554
 27640.000000 -843627.000000 793.658416 3.191760 3.374892 16.242443
 27660.000000 -844890.250000 793.400088 3.588118 3.131549 16.448298
 27680.000000 -843122.312500 793.152289 3.358603 3.334682 16.490417
 27700.000000 -845378.562500 790.773009 3.573324 3.217747 16.802866
 27720.000000 -843002.937500 794.812099 3.422800 3.397122 16.519312
 27740.000000 -842256.312500 796.237187 3.571983 3.378157 16.652692
 27760.000000 -842459.500000 792.200823 3.502172 3.199750 16.393965
 27780.000000 -843413.125000 791.624783 3.197238 3.357660 16.526024
 27800.000000 -843437.437500 794.408068 3.257082 3.493153 16.495692
 27820.000000 -842675.250000 795.016370 3.314201 3.774702 16.544912
 27840.000000 -843648.187500 792.241698 3.246532 3.677215 16.496677
 27860.000000 -842981.812500 793.811027 3.235824 3.757410 16.372460
 27880.000000 -843837.625000 795.461577 3.327072 3.668675 16.319745
 27900.000000 -844195.187500 791.699118 3.370577 3.418960 16.303265
 27920.000000 -843786.000000 791.773190 3.423623 3.427789 16.302175
 27940.000000 -843197.125000 793.285675 3.222283 3.132093 16.776988
 27960.000000 -842964.750000 794.685724 3.096679 3.180573 16.737268
 27980.000000 -842531.250000 794.921098 3.200357 3.348551 16.812504
 28000.000000 -843213.625000 792.599622 3.507896 3.357761 16.729634
 28020.000000 -843389.062500 792.540411 3.878014 3.372345 16.714020
 28040.000000 -841372.687500 792.540304 3.710466 3.654707 16.584595
 28060.000000 -841253.187500 796.681049 3.392214 3.462261 16.455142
 28080.000000 -842681.000000 794.401302 3.542067 3.333364 16.664911
 28100.000000 -840888.062500 795.715501 3.470010 3.582763 16.824579
 28120.000000 -843123.750000 795.178608 3.644544 3.299118 16.633068
 28140.000000 -841818.750000 794.890746 3.322478 3.559864 16.504963
 28160.000000 -839728.937500 795.212337 3.494922 3.433924 16.482526
 28180.000000 -843184.437500 795.102226 3.424844 3.283507 16.334393
 28200.000000 -843434.437500 795.404195 3.639931 3.564561 16.524864
 28220.000000 -843319.312500 790.586963 3.447852 3.477224 16.306711
 28240.000000 -844851.062500 790.312381 3.237445 3.455001 16.647242
 28260.000000 -844321.625000 794.224540 3.468070 3.733625 16.701569
 28280.000000 -841614.062500 794.646277 3.373558 3.586081 16.652729
 28300.000000 -842695.750000 794.905563 3.295386 3.346146 16.495238
 28320.000000 -842195.187500 792.738305 3.295644 3.422184 16.434833
 28340.000000 -844051.500000 794.025608 3.294446 3.546173 16.508549
 28360.000000 -844499.687500 795.106132 3.303099 3.319519 16.653888
 28380.000000 -843483.750000 793.116445 3.342340 3.204078 16.484940
 28400.000000 -842394.125000 794.289865 3.615559 3.309239 16.433852
 28420.000000 -843120.875000 794.482019 3.680218 3.471088 16.611589
 28440.000000 -845348.875000 792.566407 3.392094 3.174092 16.671755
 28460.000000 -842878.687500 792.975170 3.351910 3.374349 16.640989
 28480.000000 -843075.625000 794.180824 3.181567 3.293612 16.470804
 28500.000000 -842518.437500 795.004869 3.274558 3.325067 16.601654
 28520.000000 -841845.375000 797.660276 3.200736 3.090097 16.499851
 28540.000000 -844191.437500 794.526348 3.378289 3.318553 16.314250
 28560.000000 -843561.000000 793.494113 3.261622 3.382319 16.428141
 28580.000000 -842028.000000 793.635208 3.314426 3.482034 16.476378
 28600.000000 -844373.750000 793.528194 3.525631 3.297429 16.636771
 28620.000000 -844308.375000 792.730842 3.584099 3.430756 16.606863
 28640.000000 -841282.625000 792.808231 3.816836 3.545827 16.382657
 28660.000000 -844238.875000 792.509434 3.722548 3.506563 16.292448
 28680.000000 -845401.812500 792.003319 3.524485 3.322962 16.337244
 28700.000000 -843208.500000 792.229932 3.538388 3.326185 16.349541
 28720.000000 -843532.687500 793.791652 3.121570 3.373551 16.389791
 28740.000000 -842417.125000 792.911464 3.237480 3.326170 16.335958
 28760.000000 -842843.937500 795.629162 3.294033 3.231625 16.253331
 28780.000000 -842734.937500 795.123855 3.257317 3.328267 16.495375
 28800.000000 -844050.375000 794.226603 3.114891 3.499608 16.362280
 28820.000000 -843218.750000 793.084313 3.372613 3.207858 16.693440
 28840.000000 -842051.812500 793.333284 3.309939 3.364044 16.440385
 28860.000000 -843088.750000 793.161971 3.399073 3.442624 16.486238
 28880.000000 -842862.000000 794.769310 3.597938 3.161567 16.410364
 28900.000000 -843065.187500 794.459261 3.545735 3.277154 16.511705
 28920.000000 -845799.562500 791.496562 3.635220 3.263077 16.660570
 28940.000000 -844422.812500 791.894440 3.243714 3.380781 16.929705
 28960.000000 -844258.312500 791.852329 3.327432 3.231953 16.507250
 28980.000000 -842198.875000 793.816982 3.285755 3.317935 16.471440
 29000.000000 -841185.312500 796.234665 3.533686 3.344738 16.348053
 29020.000000 -843847.937500 794.274909 3.468010 3.343382 16.435424
 29040.000000 -844534.437500 792.082479 3.256429 3.416599 16.404262
 29060.000000 -843338.250000 794.802459 3.472706 3.432487 16.502580
 29080.000000 -844775.687500 795.844764 3.459294 3.286324 16.610559
 29100.000000 -844538.437500 793.294543 3.349142 3.292943 16.429591
 29120.000000 -843923.562500 790.812593 3.199778 3.464875 16.472549
 29140.000000 -844095.500000 791.712099 3.360959 3.317340 16.523394
 29160.000000 -842717.500000 793.150864 3.306470 3.369805 16.609682
 29180.000000 -842333.625000 793.079750 3.204853 3.503433 16.325248
 29200.000000 -842052.125000 792.791128 3.509344 3.583668 16.496783
 29220.000000 -841914.687500 793.624433 3.396280 3.494794 16.255604
 29240.000000 -842068.625000 793.443452 3.175143 3.540505 16.529868
 29260.000000 -844005.312500 792.107165 3.246848 3.503980 16.326161
 29280.000000 -843124.750000 794.881182 3.486536 3.323976 16.463622
 29300.000000 -844065.500000 793.366223 3.188845 3.417905 16.488055
 29320.000000 -842129.937500 794.093741 3.171308 3.697554 16.303103
 29340.000000 -846000.125000 794.275098 3.718862 3.808179 16.488584
 29360.000000 -843134.937500 793.126160 3.433140 3.699320 16.711922
 29380.000000 -842951.937500 793.896549 3.376831 3.405941 16.654795
 29400.000000 -844909.062500 791.946884 3.182744 3.600284 16.550491
 29420.000000 -843626.000000 792.899324 3.414026 3.235520 16.440265
 29440.000000 -845324.625000 791.558790 3.062646 3.219741 16.493241
 29460.000000 -844077.562500 793.654920 3.124457 3.377922 16.443324
 29480.000000 -843031.750000 791.174662 3.539462 3.490175 16.493787
 29500.000000 -842718.687500 793.887548 3.408448 3.359264 16.474709
 29520.000000 -843639.375000 794.226499 3.624685 3.198937 16.416422
 29540.000000 -843348.437500 790.484070 3.218379 3.516713 16.586590
 29560.000000 -843801.687500 792.828831 3.191571 3.391355 16.769066
 29580.000000 -841864.375000 796.058847 3.356956 3.184673 16.700088
 29600.000000 -843172.687500 796.104427 3.428360 3.222411 16.885462
 29620.000000 -844135.250000 791.991485 3.544982 3.486177 16.560020
 29640.000000 -843700.375000 792.294085 3.550127 3.172797 16.267181
 29660.000000 -843038.687500 794.187242 3.297986 3.267031 16.262660
 29680.000000 -843305.062500 791.465649 3.091532 3.205839 16.407677
 29700.000000 -842592.437500 793.707052 3.173339 3.363005 16.370918
 29720.000000 -843352.812500 795.025389 3.331735 3.527552 16.265826
 29740.000000 -842996.562500 795.073543 3.277179 3.337234 16.334511
 29760.000000 -843714.000000 790.921519 3.485018 3.447743 16.402611
 29780.000000 -843826.750000 794.654029 3.391505 3.461518 16.478669
 29800.000000 -842582.312500 795.105787 3.351972 3.337183 16.390350
 29820.000000 -843885.500000 793.090715 3.406225 3.247814 16.318539
 29840.000000 -842145.875000 791.330152 3.583881 3.383399 16.356338
 29860.000000 -843322.937500 791.310095 3.434982 3.514399 16.439577
 29880.000000 -843147.000000 793.714253 3.297005 3.582741 16.422943
 29900.000000 -841486.062500 797.726082 3.281240 3.422786 16.208485
 29920.000000 -843705.187500 794.904262 3.365777 3.492710 16.536979
 29940.000000 -844326.375000 790.681390 3.507903 3.102092 16.404384
 29960.000000 -842342.187500 794.703648 3.751738 3.214010 16.489994
 29980.000000 -842802.812500 792.119443 3.644511 3.400012 16.739863
 30000.000000 -844494.250000 792.836195 3.522067 3.340144 16.540726
 30020.000000 -843307.562500 795.359444 3.211824 3.431944 16.693828
 30040.000000 -843537.250000 794.681277 3.231785 3.577315 16.375015
 30060.000000 -842183.812500 793.454956 3.364239 3.606610 16.434129
 30080.000000 -843566.875000 793.674539 3.085805 3.623008 16.520483
 30100.000000 -843185.625000 792.967593 3.437167 3.558624 16.329401
 30120.000000 -843777.875000 794.161421 3.458866 3.554466 16.400901
 30140.000000 -843806.062500 792.990625 3.493332 3.687722 16.548180
 30160.000000 -842697.875000 792.935767 3.305730 3.413736 16.610035
 30180.000000 -843911.562500 795.246663 3.309221 3.420942 16.830978
 30200.000000 -843207.375000 791.337254 3.317145 3.525890 16.494254
 30220.000000 -843382.437500 794.028143 3.309226 3.493580 16.585064
 30240.000000 -843060.062500 792.855118 3.326398 3.585412 16.604413
 30260.000000 -843067.375000 793.466759 3.208213 3.622139 16.682416
 30280.000000 -843477.500000 795.521124 3.121581 3.576580 16.706823
 30300.000000 -842151.250000 792.775550 3.458869 3.272258 16.557271
 30320.000000 -844628.250000 791.028461 3.087508 3.198547 16.506444
 30340.000000 -842549.750000 794.492360 3.227027 3.040173 16.611184
 30360.000000 -841768.500000 793.486763 3.418241 3.275705 16.517917
 30380.000000 -842398.687500 793.509580 3.442998 3.627831 16.771622
 30400.000000 -843977.125000 793.107646 3.277729 3.431885 16.795571
 30420.000000 -843412.750000 793.071507 3.246064 3.443279 16.625998
 30440.000000 -843082.625000 794.702131 3.258981 3.302834 16.674501
 30460.000000 -843250.187500 792.794861 3.107880 3.509488 16.603527
 30480.000000 -843916.437500 795.407213 3.233615 3.521831 16.342663
 30500.000000 -844418.937500 791.383093 3.583063 3.522370 16.760899
 30520.000000 -842285.375000 792.664857 3.528576 3.711502 16.681649
 30540.000000 -843079.250000 793.581430 3.416615 3.504154 16.475415
 30560.000000 -843152.562500 792.486245 3.593822 3.483626 16.601813
 30580.000000 -843780.687500 793.574311 3.427140 3.491597 16.491894
 30600.000000 -843843.937500 793.046655 3.342017 3.457616 16.234468
 30620.000000 -844696.750000 793.115967 3.143029 3.330534 16.224442
 30640.000000 -842124.875000 794.649968 3.418978 3.365267 16.236373
 30660.000000 -842960.812500 796.114206 3.452992 3.622443 16.210433
 30680.000000 -843851.437500 793.706896 3.721480 3.721025 16.427998
 30700.000000 -843776.500000 792.063941 3.496477 3.643617 16.309703
 30720.000000 -843326.500000 793.832942 3.222174 3.526173 16.243060
 30740.000000 -842913.625000 793.366292 3.198320 3.598436 16.552693
 30760.000000 -842593.937500 792.923175 3.245121 3.558337 16.427396
 30780.000000 -841709.562500 792.753939 3.423477 3.644713 16.107905
 30800.000000 -845439.625000 794.376203 3.550739 3.523289 16.443587
 30820.000000 -842582.000000 794.784275 3.590863 3.445398 16.734732
 30840.000000 -842332.687500 795.275728 3.511490 3.491646 16.495660
 30860.000000 -842460.937500 795.998016 3.442415 3.506095 16.550225
 30880.000000 -843875.437500 793.082151 3.352123 3.425535 16.626892
 30900.000000 -842766.375000 795.278359 3.425795 3.216579 16.533901
 30920.000000 -842397.562500 792.528352 3.172957 3.433443 16.670685
 30940.000000 -842974.062500 794.240884 3.321507 3.430049 16.755722
 30960.000000 -844832.812500 794.528285 3.584941 3.280038 16.682499
 30980.000000 -843448.312500 792.940841 3.493461 3.330228 16.557235
 31000.000000 -843920.500000 793.814520 3.371459 3.172453 16.677177
 31020.000000 -841590.875000 792.540400 3.643349 3.112789 16.784276
 31040.000000 -844508.625000 793.178886 3.468318 3.013293 16.559580
 31060.000000 -842984.000000 795.674555 3.271826 3.131641 16.321429
 31080.000000 -843828.437500 794.881844 3.382283 3.047873 16.585749
 31100.000000 -841607.625000 792.891123 3.459077 3.234972 16.687773
 31120.000000 -844207.500000 794.203328 3.361229 3.443253 16.702941
 31140.000000 -843383.187500 792.252692 3.456565 3.501385 16.765103
 31160.000000 -842790.500000 794.499731 3.247248 3.458675 16.593800
 31180.000000 -844885.187500 790.761885 3.331643 3.394893 16.647399
 31200.000000 -844858.062500 791.991330 3.481642 3.337800 16.640118
 31220.000000 -845990.625000 792.686721 3.714431 3.372959 16.512450
 31240.000000 -844205.437500 792.514488 3.577188 3.322518 16.301259
 31260.000000 -844068.625000 790.217521 3.633866 3.247141 16.678371
 31280.000000 -843767.750000 793.916204 3.732846 3.401842 16.608961
 31300.000000 -842498.125000 793.049289 3.527813 3.437013 16.573767
 31320.000000 -843967.875000 792.022449 3.139352 3.565551 16.591182
 31340.000000 -841852.187500 794.195047 3.461518 3.801729 16.715574
 31360.000000 -843777.187500 791.438685 3.254270 3.714194 16.469784
 31380.000000 -843465.500000 793.532090 3.606610 3.498235 16.143904
 31400.000000 -841972.062500 795.751334 3.235984 3.686351 16.209872
 31420.000000 -842918.875000 793.347522 3.610148 3.484984 16.506923
 31440.000000 -845082.750000 792.172534 3.236481 3.611498 16.436118
 31460.000000 -844461.500000 791.317147 3.442721 3.228604 16.246779
 31480.000000 -846059.687500 790.134601 3.453193 3.320912 16.626006
 31500.000000 -844365.000000 793.304708 3.222590 3.672381 16.632365
 31520.000000 -842780.125000 792.410124 3.382160 3.434741 16.496822
 31540.000000 -841545.062500 794.042584 3.495144 3.334551 16.423337
 31560.000000 -842968.875000 792.570304 3.279769 3.279312 16.610941
 31580.000000 -843078.187500 791.479077 3.368807 3.330279 16.532297
 31600.000000 -842595.500000 793.647041 3.385844 3.630453 16.608505
 31620.000000 -844224.312500 791.594361 3.539240 3.510866 16.796411
 31640.000000 -843013.937500 794.740336 3.381631 3.517316 16.695289
 31660.000000 -845346.250000 789.771341 3.134091 3.397369 16.370791
 31680.000000 -842314.125000 792.717259 3.125817 3.326094 16.494776
 31700.000000 -844299.875000 792.773186 3.227222 3.432046 16.320780
 31720.000000 -840574.437500 797.575405 3.368016 3.326821 16.438694
 31740.000000 -842865.625000 793.745509 3.165887 3.556416 16.337122
 31760.000000 -841713.625000 793.800868 3.244734 3.574558 16.504170
 31780.000000 -843926.312500 794.324970 3.331379 3.413080 16.329586
 31800.000000 -842929.625000 793.817553 3.328342 3.369929 16.441643
 31820.000000 -842248.250000 793.306257 3.250376 3.381397 16.446243
 31840.000000 -844295.250000 795.682445 3.292922 3.367115 16.458886
 31860.000000 -843949.875000 797.001406 3.375048 3.020156 16.455979
 31880.000000 -842282.250000 792.563932 3.468786 3.322196 16.476780
 31900.000000 -843229.187500 792.312743 3.529481 3.522562 16.379487
 31920.000000 -844565.062500 792.367607 3.442571 3.416807 16.390414
 31940.000000 -844894.312500 792.007229 3.221903 3.511185 16.520131
 31960.000000 -841569.375000 794.691678 3.452597 3.219483 16.061988
 31980.000000 -843014.937500 792.579311 3.308606 2.946921 16.190332
 32000.000000 -842808.687500 793.676205 3.218897 3.065923 16.329750
 32020.000000 -842502.687500 792.483530 3.369013 3.325629 16.310790
 32040.000000 -842849.000000 794.675659 3.179660 3.428888 16.568014
 32060.000000 -844236.562500 793.080320 3.314714 3.278735 16.627183
 32080.000000 -842970.875000 794.642053 3.500003 3.183847 16.439569
 32100.000000 -841939.437500 794.856894 3.552320 3.241070 16.370811
 32120.000000 -843312.375000 793.959450 3.646273 3.278926 16.528853
 32140.000000 -842963.937500 794.803252 3.645966 3.174660 16.634155
 32160.000000 -843522.125000 793.490096 3.378308 3.220437 16.505588
 32180.000000 -842907.687500 793.664931 3.293869 3.296303 16.466793
 32200.000000 -843270.500000 795.399194 3.486899 3.416255 16.607365
 32220.000000 -843138.312500 795.824990 3.327641 3.515413 16.606144
 32240.000000 -843539.812500 793.067227 3.260389 3.288983 16.623196
 32260.000000 -843916.500000 797.002750 3.150502 3.255005 16.622575
 32280.000000 -843399.687500 789.538623 3.411869 3.322962 16.526798
 32300.000000 -843021.375000 794.786581 3.440185 3.370033 16.621145
 32320.000000 -843186.812500 793.834795 3.439773 3.334273 16.922483
 32340.000000 -843585.500000 794.739060 3.262182 3.172161 16.825970
 32360.000000 -841789.937500 795.718562 3.294100 3.512602 16.616889
 32380.000000 -843729.812500 792.953136 3.273967 3.287672 16.470691
 32400.000000 -842639.687500 794.621128 3.265423 3.521220 16.491306
 32420.000000 -841723.312500 795.927608 3.342962 3.393843 16.387928
 32440.000000 -842797.250000 794.989512 3.424634 3.373952 16.610284
 32460.000000 -843225.687500 795.305431 3.392166 3.355694 16.608239
 32480.000000 -841060.750000 792.709535 3.488510 3.339129 16.414373
 32500.000000 -843492.562500 793.156737 3.486559 3.480416 16.279704
 32520.000000 -842498.375000 794.809192 3.464498 3.228555 16.343107
 32540.000000 -842374.187500 792.145582 3.584917 3.370342 16.287927
 32560.000000 -842607.250000 793.027073 3.471791 3.179461 16.596030
 32580.000000 -844699.000000 793.755345 3.463402 3.193331 16.536427
 32600.000000 -844396.375000 792.790428 3.101620 3.166200 16.772436
 32620.000000 -845026.187500 794.308768 3.318824 3.543684 16.416912
 32640.000000 -842488.875000 792.928110 3.623069 3.328183 16.169300
 32660.000000 -843461.625000 793.709753 3.362284 3.258033 16.320500
 32680.000000 -844043.687500 791.973827 3.429225 3.469264 16.387806
 32700.000000 -842843.125000 792.889451 3.467656 3.643850 16.461190
 32720.000000 -843021.375000 795.605000 3.305192 3.482710 16.544859
 32740.000000 -843959.687500 792.379025 3.556353 3.522216 16.458738
 32760.000000 -844038.437500 794.549033 3.456763 3.555323 16.286037
 32780.000000 -841738.250000 794.016352 3.251167 3.131285 16.387164
 32800.000000 -844884.937500 792.689208 3.382291 3.496043 16.284255
 32820.000000 -841900.312500 794.355253 3.526609 3.317959 16.461018
 32840.000000 -842982.625000 794.191876 3.363955 3.234007 16.355186
 32860.000000 -841107.375000 796.544252 3.477070 3.468579 16.627259
 32880.000000 -842867.687500 794.970474 3.282948 3.442815 16.348943
 32900.000000 -843620.437500 795.043853 3.102901 3.408078 16.257291
 32920.000000 -842213.250000 795.380218 3.449511 3.283182 16.394750
 32940.000000 -842060.687500 793.910765 3.451449 3.456251 16.468006
 32960.000000 -842919.812500 792.014588 3.405721 3.380672 16.243603
 32980.000000 -841762.687500 796.026405 3.368100 3.481965 16.206035
 33000.000000 -844418.000000 790.844483 3.228687 3.448855 16.457884
 33020.000000 -844041.062500 795.600563 3.191585 3.547383 16.507140
 33040.000000 -845303.812500 793.417647 3.519849 3.547886 16.427712
 33060.000000 -844046.312500 795.348006 3.439793 3.200447 16.596045
 33080.000000 -843335.062500 795.334287 3.540036 3.428965 16.535843
 33100.000000 -844122.062500 792.996792 3.527734 3.214210 16.510221
 33120.000000 -842852.562500 795.160819 3.482622 3.423336 16.547890
 33140.000000 -843507.937500 792.249618 3.427356 3.356393 16.541650
 33160.000000 -842735.125000 793.372380 3.403448 3.542005 16.397299
 33180.000000 -843345.062500 792.892397 3.517756 3.571764 16.317993
 33200.000000 -843283.125000 793.279241 3.274608 3.494906 16.483616
 33220.000000 -844402.937500 790.480959 3.388654 3.556835 16.343095
 33240.000000 -845156.687500 793.579193 3.291383 3.730716 16.489445
 33260.000000 -843321.125000 789.895064 3.441955 3.674654 16.489886
 33280.000000 -844680.437500 791.623024 3.431479 3.594381 16.534674
 33300.000000 -844026.562500 793.124166 3.299784 3.329448 16.769493
 33320.000000 -842911.125000 793.779005 3.453195 3.220277 16.560560
 33340.000000 -843545.250000 794.265989 3.524039 3.313364 16.428734
 33360.000000 -841834.562500 796.926868 3.504876 3.540276 16.337213
 33380.000000 -841076.125000 795.772893 3.274157 3.216276 16.417442
 33400.000000 -842272.937500 792.622856 3.508189 3.041663 16.418836
 33420.000000 -843078.937500 790.051504 3.503958 3.226696 16.444455
 33440.000000 -843415.437500 795.040134 3.331490 3.381340 16.370199
 33460.000000 -841229.062500 794.940632 3.220085 3.391185 16.396838
 33480.000000 -844701.625000 792.309596 3.189487 3.385246 16.518222
 33500.000000 -842301.687500 792.321015 3.120755 3.478694 16.678029
 33520.000000 -842917.625000 793.788992 3.270247 3.748071 16.623688
 33540.000000 -843277.937500 793.580701 3.403553 3.675684 16.304925
 33560.000000 -842262.812500 792.352185 3.291555 3.450387 16.191171
 33580.000000 -844469.250000 791.278256 3.432777 3.310439 16.119959
 33600.000000 -844355.687500 792.647778 3.476614 3.446983 16.302757
 33620.000000 -842463.062500 795.478975 3.361571 3.408480 16.207864
 33640.000000 -842190.625000 792.621291 3.218511 3.475777 16.371916
 33660.000000 -841798.000000 796.104154 3.256588 3.374633 16.340427
 33680.000000 -842904.812500 794.059622 3.340689 3.295252 16.275181
 33700.000000 -844572.125000 793.727955 3.146347 3.220574 16.336104
 33720.000000 -843906.500000 793.585341 3.327377 3.464760 16.586099
 33740.000000 -843703.437500 795.531012 3.527531 3.622641 16.612395
 33760.000000 -843354.187500 793.878112 3.337841 3.567236 16.656155
 33780.000000 -843710.062500 794.567532 3.500021 3.623648 16.688368
 33800.000000 -844634.312500 794.315566 3.423989 3.676926 16.730917
 33820.000000 -842819.687500 793.441813 3.431216 3.317098 16.608483
 33840.000000 -841826.125000 794.328611 3.377263 3.307717 16.642975
 33860.000000 -844696.562500 792.302498 3.421591 3.374270 16.493559
 33880.000000 -845438.500000 793.594462 3.356981 3.477403 16.493336
 33900.000000 -844629.812500 794.016623 3.310933 3.671870 16.321961
 33920.000000 -841983.625000 796.482853 3.312253 3.464333 16.238024
 33940.000000 -843761.000000 794.031383 3.283080 3.322520 16.529251
 33960.000000 -845183.250000 792.508325 3.474251 3.354897 16.675783
 33980.000000 -846704.937500 790.943245 3.617198 3.383097 16.506331
 34000.000000 -843256.812500 792.299478 3.483092 3.358706 16.162863
 34020.000000 -844530.750000 794.991643 3.474223 3.410582 16.256440
 34040.000000 -843399.187500 791.072874 3.449003 3.311942 16.571518
 34060.000000 -843143.875000 794.191578 3.510404 3.416719 16.528552
 34080.000000 -842889.750000 795.003628 3.368111 3.608987 16.466479
 34100.000000 -843872.375000 793.469904 3.232324 3.402852 16.564102
 34120.000000 -843751.375000 794.056971 2.970298 3.268310 16.470166
 34140.000000 -842666.562500 794.900964 3.076199 3.317361 16.425300
 34160.000000 -842056.625000 794.326273 3.375215 3.400187 16.433365
 34180.000000 -842970.312500 794.673952 3.571243 3.199375 16.553821
 34200.000000 -843531.312500 794.097871 3.639703 3.179295 16.493415
 34220.000000 -843201.375000 792.826696 3.591997 3.090971 16.629485
 34240.000000 -842037.250000 793.693719 3.549516 3.229786 16.760194
 34260.000000 -844122.812500 793.638558 3.479572 3.258277 16.790718
 34280.000000 -843333.500000 793.307034 3.581728 3.298498 16.342010
 34300.000000 -843173.062500 792.243057 3.351704 3.120672 16.546541
 34320.000000 -845308.000000 791.609675 3.447394 3.281012 16.571985
 34340.000000 -843729.937500 794.824577 3.324538 3.720573 16.608411
 34360.000000 -843844.437500 794.337272 3.564731 3.699812 16.632176
 34380.000000 -843050.250000 792.959496 3.629603 3.435543 16.651816
 34400.000000 -842919.812500 795.216364 3.355316 3.479373 16.610719
 34420.000000 -843871.500000 794.622372 3.406916 3.294983 16.534319
 34440.000000 -844431.375000 792.375775 3.389490 3.325685 16.467463
 34460.000000 -841444.312500 793.383329 3.405051 3.166113 16.501484
 34480.000000 -841255.000000 796.703951 3.344840 3.149517 16.610679
 34500.000000 -843943.562500 792.041968 3.534368 3.308330 16.500783
 34520.000000 -843262.625000 790.987820 3.419961 3.406007 16.745097
 34540.000000 -844126.562500 791.901854 3.363581 3.445739 16.716389
 34560.000000 -844286.062500 794.204362 3.253088 3.451221 16.766739
 34580.000000 -841852.687500 795.814560 3.218232 3.396008 16.745247
 34600.000000 -843981.000000 793.928478 3.129002 3.428684 16.628087
 34620.000000 -844522.062500 793.479704 3.256042 3.437145 16.541225
 34640.000000 -845627.875000 793.255654 3.221295 3.312815 16.474492
 34660.000000 -841918.437500 794.028632 3.233976 3.255917 16.368055
 34680.000000 -843321.250000 796.770954 3.273357 3.854703 16.681279
 34700.000000 -844244.375000 794.743330 3.301136 3.596690 16.420507
 34720.000000 -843982.750000 793.264776 3.101746 3.527600 16.503905
 34740.000000 -844098.437500 795.048346 3.240281 3.728702 16.669787
 34760.000000 -843290.437500 795.303978 3.422783 3.556989 16.453158
 34780.000000 -842037.187500 796.713903 3.281067 3.322771 16.407651
 34800.000000 -843876.937500 794.365797 3.264065 3.444494 16.391100
 34820.000000 -842788.875000 793.217621 3.297395 3.408666 16.544718
 34840.000000 -842382.500000 794.843680 3.207259 3.298425 16.466298
 34860.000000 -843137.187500 796.030384 3.323134 3.290123 16.694817
 34880.000000 -842475.625000 797.626420 3.482649 3.612110 16.560536
 34900.000000 -843077.437500 794.972767 3.212588 3.481274 16.574940
 34920.000000 -843909.687500 792.371482 3.161548 3.229914 16.534057
 34940.000000 -843625.875000 793.571560 3.402583 3.286247 16.586369
 34960.000000 -842655.875000 795.278100 3.373554 3.184257 16.485706
 34980.000000 -842494.187500 795.264161 3.335783 3.248151 16.548732
 35000.000000 -844563.937500 792.742203 3.412999 3.406552 16.471006
 35020.000000 -841809.562500 794.094335 3.184666 3.598381 16.511614
 35040.000000 -844076.500000 793.066107 3.442779 3.649021 16.337147
 35060.000000 -843251.187500 795.285118 3.653204 3.723739 16.546048
 35080.000000 -843099.625000 793.378573 3.658970 3.457976 16.542881
 35100.000000 -842876.250000 793.385816 3.748325 3.409091 16.378562
 35120.000000 -843440.250000 794.734149 3.569306 3.170618 16.183227
 35140.000000 -842653.875000 796.054739 3.477054 3.440416 16.471122
 35160.000000 -842901.562500 795.395419 3.426022 3.425896 16.503164
 35180.000000 -840921.000000 794.888321 2.865651 3.265428 16.266060
 35200.000000 -842796.937500 793.782371 3.276224 3.423679 16.378393
 35220.000000 -842621.375000 795.407026 3.280503 3.400791 16.561369
 35240.000000 -844171.437500 792.578538 3.236865 3.552237 16.500631
 35260.000000 -843362.437500 793.489829 3.457141 3.261487 16.694114
 35280.000000 -842770.625000 795.114114 3.486271 3.186039 16.695912
 35300.000000 -844637.875000 793.425969 3.316919 3.116886 16.343842
 35320.000000 -842438.500000 797.140642 2.993335 3.341204 16.599316
 35340.000000 -844522.187500 792.726730 3.107686 3.396520 16.628659
 35360.000000 -845006.312500 795.769490 3.025240 3.386556 16.586892
 35380.000000 -842986.375000 792.822938 3.199929 3.484818 16.407617
 35400.000000 -840573.250000 796.444808 3.567161 3.589161 16.304680
 35420.000000 -841928.375000 794.813498 3.572602 3.356256 16.396885
 35440.000000 -842968.875000 796.889697 3.421375 3.603947 16.326874
 35460.000000 -842987.312500 793.719188 3.432978 3.473918 16.383032
 35480.000000 -843250.125000 796.085745 3.584579 3.324289 16.397823
 35500.000000 -843410.187500 795.454732 3.327985 3.487898 16.578908
 35520.000000 -843048.062500 794.645503 3.420482 3.529682 16.549899
 35540.000000 -841457.125000 795.060847 3.510410 3.351496 16.624757
 35560.000000 -842541.687500 795.365818 3.490710 3.563185 16.583857
 35580.000000 -841947.125000 795.982844 3.521664 3.522104 16.771003
 35600.000000 -843201.250000 793.474198 3.530991 3.253220 16.712704
 35620.000000 -842654.875000 792.532226 3.632056 3.352588 16.571427
 35640.000000 -845179.000000 792.684660 3.411803 3.599624 16.515205
 35660.000000 -842507.312500 793.955559 3.456992 3.470615 16.584235
 35680.000000 -841384.250000 795.218682 3.131467 3.606950 16.477661
 35700.000000 -843362.375000 793.586457 3.179669 3.783586 16.404522
 35720.000000 -844480.500000 790.639246 3.217453 3.547098 16.240922
 35740.000000 -844507.562500 793.009756 3.445650 3.519665 16.323075
 35760.000000 -841800.187500 796.298229 3.433239 3.604667 16.388885
 35780.000000 -843803.937500 796.262784 3.507256 3.474129 16.405715
 35800.000000 -841642.375000 792.074896 3.390596 3.169796 16.514103
 35820.000000 -844162.062500 792.998814 3.240897 3.271754 16.536576
 35840.000000 -842176.625000 795.952917 3.549547 3.511944 16.350899
 35860.000000 -843096.437500 795.813078 3.919366 3.224901 16.746764
 35880.000000 -842465.062500 794.919864 3.825981 3.455293 16.370245
 35900.000000 -843123.875000 792.786250 3.475833 3.246886 16.439594
 35920.000000 -842419.437500 796.875247 3.233029 3.195575 16.531514
 35940.000000 -843474.375000 792.399645 3.235530 3.542896 16.720600
 35960.000000 -843118.375000 792.012639 3.410871 3.468382 16.376870
 35980.000000 -843373.437500 793.362605 3.426662 3.396649 16.602729
 36000.000000 -842378.375000 793.633859 3.277220 3.479942 16.497752
 36020.000000 -842735.937500 792.225590 3.207165 3.414831 16.338127
 36040.000000 -843587.812500 794.961450 3.225127 3.523151 16.507623
 36060.000000 -843112.062500 792.206684 3.157320 3.210657 16.446096
 36080.000000 -845285.125000 790.712534 3.233418 3.319657 16.396659
 36100.000000 -843972.187500 791.546363 3.459536 3.440691 16.617404
 36120.000000 -843374.500000 794.969327 3.453775 3.559247 16.467723
 36140.000000 -842788.750000 793.450401 3.392685 3.277908 16.553241
 36160.000000 -842555.375000 794.885346 3.598663 3.309954 16.492628
 36180.000000 -844025.125000 794.668126 3.459304 3.465531 16.567733
 36200.000000 -842379.062500 793.820500 3.528882 3.306737 16.578439
 36220.000000 -843436.062500 794.190750 3.386461 3.377160 16.601499
 36240.000000 -841992.000000 795.101378 3.480569 3.191541 16.446691
 36260.000000 -841001.750000 792.946186 3.412534 3.299371 16.718753
 36280.000000 -843942.875000 791.849858 3.414447 3.397170 16.411858
 36300.000000 -843210.937500 794.877708 3.429172 3.275191 16.630385
 36320.000000 -843118.750000 793.862746 3.291191 3.381646 16.570976
 36340.000000 -844450.375000 792.245459 3.261036 3.498697 16.384024
 36360.000000 -843971.250000 791.937014 3.509353 3.507110 16.509415
 36380.000000 -842339.312500 791.529634 3.225592 3.465875 16.408269
 36400.000000 -843355.187500 793.286906 3.136738 3.651986 16.409236
 36420.000000 -841936.687500 794.428137 3.553118 3.779238 16.426043
 36440.000000 -841810.312500 794.695896 3.450531 3.376165 16.564936
 36460.000000 -842552.500000 794.285092 3.310609 3.472459 16.673554
 36480.000000 -842264.750000 793.742154 3.316401 3.552406 16.649904
 36500.000000 -842124.250000 792.499760 3.253921 3.338705 16.466362
 36520.000000 -844094.937500 793.666017 3.482709 3.312843 16.499018
 36540.000000 -841187.312500 794.909110 3.635281 3.306628 16.745032
 36560.000000 -843045.562500 794.241689 3.469176 3.436692 16.594553
 36580.000000 -843305.937500 794.754756 3.446870 3.448679 16.535696
 36600.000000 -842835.062500 792.698486 3.381170 3.447453 16.465021
 36620.000000 -842833.500000 790.894099 3.547984 3.513067 16.433783
 36640.000000 -843103.562500 792.895895 3.622661 3.587906 16.284051
 36660.000000 -845133.000000 790.847884 3.574726 3.629435 16.190731
 36680.000000 -841220.625000 791.828566 3.537956 3.820272 16.041149
 36700.000000 -844307.812500 793.242357 3.512954 3.519314 16.330415
 36720.000000 -843671.625000 791.636304 3.270870 3.387001 16.334532
 36740.000000 -843566.562500 794.201006 3.495809 3.402070 16.247916
 36760.000000 -842550.500000 793.378091 3.435227 3.343573 16.382137
 36780.000000 -843148.375000 795.234131 3.665751 3.761499 16.412252
 36800.000000 -843209.000000 793.657753 3.440971 3.762125 16.454670
 36820.000000 -842101.500000 795.712150 3.235371 3.314336 16.866356
 36840.000000 -842181.062500 792.221945 3.481091 3.475990 16.881390
 36860.000000 -842880.875000 792.810464 3.050247 3.561220 16.756385
 36880.000000 -843700.937500 794.616046 3.098677 3.363743 16.635553
 36900.000000 -842308.750000 795.610275 3.119730 3.476030 16.640066
 36920.000000 -845869.937500 789.527533 3.365621 3.613579 16.581346
 36940.000000 -840953.687500 794.139338 3.499620 3.067722 16.618075
 36960.000000 -842836.625000 792.270293 3.482017 3.182158 16.465608
 36980.000000 -842670.687500 794.146488 3.257300 3.258553 16.708329
 37000.000000 -844191.437500 792.264144 3.357835 3.487534 16.669580
 37020.000000 -844078.250000 791.798783 3.287050 3.501545 16.624059
 37040.000000 -845256.062500 793.957781 3.537336 3.554523 16.621141
 37060.000000 -842992.750000 794.105940 3.366426 3.438362 16.524939
 37080.000000 -843698.125000 794.238958 3.579948 3.219824 16.436326
 37100.000000 -843440.687500 792.382996 3.649450 3.440302 16.446087
 37120.000000 -842039.437500 794.639818 3.729406 3.440431 16.320470
 37140.000000 -843883.250000 792.185894 3.573139 3.357949 16.220128
 37160.000000 -843371.312500 793.557305 3.576297 3.466676 16.311839
 37180.000000 -845265.937500 793.868904 3.425428 3.396230 16.506742
 37200.000000 -843694.750000 794.705919 3.240088 3.449604 16.411302
 37220.000000 -842753.000000 794.389127 3.442637 3.530884 16.515283
 37240.000000 -844829.250000 793.794500 3.694416 3.563209 16.617082
 37260.000000 -841344.062500 795.169847 3.567127 3.529327 16.729717
 37280.000000 -843421.437500 793.251468 3.402642 3.503505 16.535889
 37300.000000 -844554.062500 790.557403 3.209246 3.267802 16.554278
 37320.000000 -841974.187500 794.546611 3.422148 3.267750 16.523249
 37340.000000 -844213.875000 795.297992 3.517756 3.295869 16.588880
 37360.000000 -844056.187500 792.885575 3.587561 3.304971 16.434670
 37380.000000 -841946.312500 795.901454 3.319158 3.077324 16.461370
 37400.000000 -843729.250000 793.249411 3.295988 3.202016 16.196534
 37420.000000 -843879.125000 789.854832 3.420557 3.325149 16.478470
 37440.000000 -842663.937500 793.830411 3.331361 3.310485 16.493861
 37460.000000 -844423.250000 792.313561 3.213092 3.449404 16.318634
 37480.000000 -842724.500000 792.804048 3.369978 3.363734 16.258095
 37500.000000 -843178.187500 790.649039 3.320995 3.362431 16.084735
 37520.000000 -842654.625000 794.519774 3.389353 3.417267 15.952962
 37540.000000 -842109.187500 791.839675 3.281132 3.702930 16.210764
 37560.000000 -842541.437500 793.106270 3.500676 3.737396 16.134952
 37580.000000 -843625.562500 792.677859 3.349007 3.845018 16.428055
 37600.000000 -842189.187500 792.010266 3.308835 3.762970 16.430305
 37620.000000 -843441.687500 794.444750 3.622556 3.431265 16.336721
 37640.000000 -844565.125000 789.855172 3.372966 3.339492 16.425898
 37660.000000 -843163.437500 794.245230 3.121071 3.294279 16.658604
 37680.000000 -843892.062500 793.454899 3.386558 3.174250 16.533059
 37700.000000 -841446.875000 793.209638 3.504079 3.534257 16.621178
 37720.000000 -843615.000000 792.000256 3.340656 3.603470 16.759251
 37740.000000 -843182.000000 794.345231 3.422617 3.503623 16.503235
 37760.000000 -843300.062500 795.437269 3.411747 3.293088 16.617026
 37780.000000 -843895.187500 793.422657 3.511324 3.388573 16.630290
 37800.000000 -842158.437500 795.201456 3.504196 3.317547 16.464357
 37820.000000 -841757.187500 794.187014 3.409759 3.516317 16.545922
 37840.000000 -842926.125000 792.454544 3.429147 3.485964 16.428932
 37860.000000 -844894.000000 791.804878 3.354303 3.292314 16.636590
 37880.000000 -843440.000000 791.661388 3.591002 3.308452 16.815848
 37900.000000 -843115.062500 794.131853 3.649321 3.158698 16.406181
 37920.000000 -842404.187500 792.690076 3.540752 3.298621 16.349164
 37940.000000 -843709.000000 793.934240 3.363286 3.452680 16.074610
 37960.000000 -844807.437500 794.004301 3.519321 3.280315 16.105246
 37980.000000 -842234.937500 794.977149 3.477141 3.252260 16.429966
 38000.000000 -843912.875000 793.208375 3.295036 3.401075 16.397559
 38020.000000 -843293.625000 795.126196 3.388348 3.470265 16.299937
 38040.000000 -842136.437500 796.256001 3.486236 3.126035 16.557431
 38060.000000 -844341.000000 794.269598 3.448715 3.089396 16.326293
 38080.000000 -842707.500000 793.671565 3.353352 3.215931 16.180321
 38100.000000 -842589.937500 795.433381 3.534939 3.447764 16.283900
 38120.000000 -842978.187500 793.978131 3.481100 3.609606 16.411103
 38140.000000 -842663.875000 795.010585 3.093008 3.189623 16.193354
 38160.000000 -842814.562500 795.338598 3.395272 3.464714 16.480749
 38180.000000 -843138.812500 794.039607 3.355161 3.396723 16.626462
 38200.000000 -843256.062500 795.033946 3.298022 3.327221 16.480956
 38220.000000 -843344.500000 793.865040 3.295973 3.383009 16.482363
 38240.000000 -844835.437500 792.212301 3.422254 3.550892 16.339543
 38260.000000 -841188.937500 795.627800 3.302203 3.520142 16.512687
 38280.000000 -841457.687500 795.601203 3.562232 3.420155 16.497810
 38300.000000 -842721.500000 793.611015 3.495260 3.382283 16.307821
 38320.000000 -842610.187500 794.073740 3.337984 3.414100 16.384810
 38340.000000 -841843.812500 792.067281 3.456967 3.663073 16.409849
 38360.000000 -842345.687500 794.240028 3.558507 3.607217 16.377116
 38380.000000 -840621.687500 795.079659 3.387958 3.650670 16.432867
 38400.000000 -842578.375000 794.450192 3.376712 3.784763 16.278315
 38420.000000 -842163.312500 794.673031 3.349946 3.363533 16.324611
 38440.000000 -844693.562500 791.583417 3.383729 3.333424 16.420809
 38460.000000 -842676.125000 791.324631 3.308609 3.257948 16.357115
 38480.000000 -843208.875000 795.565768 3.208459 3.235945 16.391660
 38500.000000 -843078.312500 792.853223 3.266439 3.151145 16.470613
 38520.000000 -841844.312500 793.323544 3.479643 3.332782 16.624947
 38540.000000 -843491.812500 792.477686 3.639727 3.195206 16.497013
 38560.000000 -841808.625000 794.928556 3.330840 3.244335 16.409130
 38580.000000 -844302.437500 791.452342 3.239538 3.251370 16.402507
 38600.000000 -843786.437500 792.612801 3.204363 3.203671 16.455922
 38620.000000 -842520.062500 792.725663 3.219873 3.203587 16.542394
 38640.000000 -841915.687500 794.169520 3.250510 3.713743 16.308650
 38660.000000 -843421.625000 792.551416 3.466624 3.573985 16.553101
 38680.000000 -843944.812500 794.072642 3.319348 3.456396 16.295804
 38700.000000 -842479.250000 793.577117 3.183901 3.547155 16.278701
 38720.000000 -841256.437500 794.596196 3.182708 3.456240 16.499710
 38740.000000 -841920.250000 792.262503 3.463162 3.590819 16.442748
 38760.000000 -842647.062500 793.274790 3.594977 3.328303 16.565244
 38780.000000 -842192.437500 793.896903 3.468738 3.544953 16.582855
 38800.000000 -843238.687500 792.173830 3.402038 3.694355 16.483570
 38820.000000 -842130.687500 796.226524 3.375261 3.390667 16.356297
 38840.000000 -842494.375000 792.935936 3.338376 3.320733 16.227364
 38860.000000 -842201.312500 794.550475 3.062238 3.170776 16.451828
 38880.000000 -842010.437500 792.570723 3.235631 3.207289 16.466166
 38900.000000 -842472.062500 793.465001 3.248135 3.432040 16.525243
 38920.000000 -843263.125000 794.546291 3.295442 3.688041 16.271608
 38940.000000 -842674.187500 795.693280 3.188899 3.732595 16.795112
 38960.000000 -842914.750000 793.623436 3.371985 3.577055 16.565152
 38980.000000 -843365.750000 791.682018 3.441494 3.527151 16.519734
 39000.000000 -844821.312500 793.484232 3.500369 3.501971 16.545493
 39020.000000 -842562.312500 793.976279 3.377704 3.581346 16.281434
 39040.000000 -842051.062500 794.037858 3.228894 3.479460 16.571820
 39060.000000 -842448.875000 794.818381 3.134681 3.395337 16.658662
 39080.000000 -841875.500000 794.283947 3.294849 3.260000 16.635539
 39100.000000 -843700.812500 793.589553 3.525303 3.277781 16.407014
 39120.000000 -844448.000000 793.408580 3.215941 3.463199 16.488547
 39140.000000 -844653.562500 792.525237 3.388622 3.329995 16.345809
 39160.000000 -843465.187500 791.726706 3.345980 3.514125 16.501039
 39180.000000 -843528.687500 793.095278 3.261154 3.327968 16.489318
 39200.000000 -844974.312500 791.559642 3.414272 3.402726 16.269727
 39220.000000 -842592.062500 793.353789 3.536589 3.435525 16.114981
 39240.000000 -844699.937500 794.004981 3.368408 3.348638 16.281770
 39260.000000 -843091.500000 790.354620 3.473744 3.448722 16.276135
 39280.000000 -842553.625000 793.391667 3.293137 3.237839 16.313292
 39300.000000 -845086.437500 792.146845 3.369805 3.103217 16.228453
 39320.000000 -842215.187500 794.229480 3.703687 3.417930 16.382846
 39340.000000 -842462.312500 793.688303 3.382539 3.508595 16.662821
 39360.000000 -843014.187500 792.382374 3.362914 3.263931 16.484079
 39380.000000 -843405.125000 794.227859 3.335937 3.234146 16.348249
 39400.000000 -842454.187500 794.965878 3.414695 3.584274 16.504062
 39420.000000 -842741.437500 792.728525 3.410635 3.617266 16.004872
 39440.000000 -842332.062500 795.493556 3.500059 3.689633 16.459674
 39460.000000 -842671.000000 794.719818 3.261643 3.441215 16.538170
 39480.000000 -844246.750000 792.131206 3.382156 3.297793 16.520976
 39500.000000 -844052.687500 793.252978 3.513266 3.060454 16.376677
 39520.000000 -843303.312500 793.364438 3.450608 3.133972 16.804377
 39540.000000 -843656.187500 792.225142 3.538157 3.080396 16.996530
 39560.000000 -843363.312500 793.928372 3.684467 3.090320 16.882883
 39580.000000 -844228.937500 792.279420 3.391206 3.518380 16.792887
 39600.000000 -844769.937500 795.113094 3.316521 3.432441 16.556867
 39620.000000 -843911.375000 791.448693 3.199093 3.242365 16.640881
 39640.000000 -843287.562500 792.512153 3.497484 2.997813 16.592009
 39660.000000 -844537.812500 790.942519 3.591286 3.205622 16.436151
 39680.000000 -844262.875000 792.307802 3.333567 3.170624 16.368651
 39700.000000 -843985.312500 794.222518 3.507318 3.412987 16.607645
 39720.000000 -842495.750000 794.386674 3.706967 3.449349 16.388547
 39740.000000 -842473.937500 798.601533 3.478565 3.636897 16.298755
 39760.000000 -842685.625000 794.749358 3.419724 3.192508 16.487156
 39780.000000 -843857.500000 791.962803 3.418247 3.501852 16.441031
 39800.000000 -843467.187500 793.560723 3.154806 3.610320 16.459340
 39820.000000 -841429.187500 794.178637 3.407026 3.389191 16.502155
 39840.000000 -842185.437500 794.114889 3.360094 3.250577 16.579640
 39860.000000 -843050.250000 792.988381 3.200168 3.216538 16.616069
 39880.000000 -845011.312500 790.618191 3.275698 3.486137 16.452846
 39900.000000 -841866.312500 793.664389 3.108558 3.655051 16.629677
 39920.000000 -843275.875000 796.301300 3.372973 3.779485 16.392265
 39940.000000 -843758.937500 790.510478 3.279040 3.525865 16.293070
 39960.000000 -843163.250000 795.498358 3.214901 3.238055 16.419646
 39980.000000 -842515.125000 795.470130 3.207515 3.554326 16.092460
 40000.000000 -841163.812500 795.415774 3.395519 3.494207 16.446004
 40020.000000 -842638.125000 792.975160 3.678988 3.090412 16.283782
 40040.000000 -843488.750000 792.960337 3.452774 3.314806 16.426962
 40060.000000 -843375.625000 794.356391 3.545462 3.467894 16.362828
 40080.000000 -841190.875000 795.308756 3.479178 3.453343 16.185205
 40100.000000 -843676.250000 791.941029 3.413005 3.391318 16.454551
 40120.000000 -843468.500000 793.393774 3.483042 3.112893 16.442360
 40140.000000 -843574.687500 792.542379 3.582865 3.481064 16.425196
 40160.000000 -844146.750000 790.384258 3.480461 3.287991 16.138690
 40180.000000 -842614.250000 794.486997 3.658493 3.299243 16.497190
 40200.000000 -843488.062500 794.540357 3.668722 3.362352 16.511688
 40220.000000 -842228.062500 792.984288 3.495220 3.343890 16.862930
 40240.000000 -843084.812500 793.701299 3.507324 3.062655 16.698536
 40260.000000 -843364.625000 792.799406 3.403255 3.239421 16.673627
 40280.000000 -843774.375000 791.851409 3.371329 3.355771 16.552588
 40300.000000 -845393.875000 791.929168 3.407143 3.380920 16.510964
 40320.000000 -844640.125000 791.559424 3.525418 3.374797 16.574071
 40340.000000 -844521.000000 792.542902 3.413600 3.400428 16.930315
 40360.000000 -842958.750000 794.305301 3.045991 3.393085 16.591538
 40380.000000 -842746.750000 793.167183 2.935702 3.367844 16.447612
 40400.000000 -842890.312500 793.155535 3.402123 3.473740 16.384390
 40420.000000 -844969.750000 791.278832 3.190937 3.608855 16.650184
 40440.000000 -843801.562500 793.386321 3.093336 3.468596 16.531145
 40460.000000 -842195.000000 794.025835 3.428756 3.497843 16.463928
 40480.000000 -842902.312500 792.826692 3.190937 3.395968 16.229993
 40500.000000 -843507.750000 793.169316 3.072007 3.424668 16.299138
 40520.000000 -844229.250000 792.590755 3.210624 3.421475 16.481402
 40540.000000 -842859.062500 794.752426 3.359968 3.512688 16.561699
 40560.000000 -843573.625000 792.782767 3.224732 3.478128 16.654340
 40580.000000 -842928.625000 793.516399 3.489172 3.421384 16.607432
 40600.000000 -842944.437500 793.037681 3.440116 3.318025 16.479042
 40620.000000 -842993.000000 794.548263 3.430564 3.414676 16.876168
 40640.000000 -842473.562500 795.085976 3.635523 3.331635 16.554372
 40660.000000 -843415.562500 795.234940 3.499769 3.548858 16.436611
 40680.000000 -843375.812500 793.751346 3.441028 3.456237 16.513215
 40700.000000 -843873.562500 791.286409 3.261796 3.347539 16.333153
 40720.000000 -844618.875000 795.254080 3.379924 3.294712 16.234009
 40740.000000 -843124.250000 792.899329 3.553773 3.371995 16.237334
 40760.000000 -842627.125000 793.468537 3.440358 3.145850 16.396315
 40780.000000 -842633.000000 792.104624 3.472839 3.229336 16.434186
 40800.000000 -843080.000000 793.564723 3.529616 3.518508 16.507258
 40820.000000 -844283.000000 792.116390 3.402096 3.651955 16.261641
 40840.000000 -841955.125000 793.149152 3.661287 3.553203 16.247134
 40860.000000 -842165.000000 792.432490 3.773933 3.363551 16.531162
 40880.000000 -843429.500000 795.239582 3.614801 3.379290 16.298956
 40900.000000 -843946.562500 792.502377 3.399547 3.198441 16.579512
 40920.000000 -842430.562500 796.261111 3.315083 3.176579 16.577206
 40940.000000 -843860.812500 793.130503 2.986692 3.390489 16.393563
 40960.000000 -841980.187500 795.834635 3.252846 3.679173 16.391436
 40980.000000 -843194.062500 792.767535 3.381756 3.322264 16.478496
 41000.000000 -844173.375000 795.536605 3.369770 3.402288 16.540306
 41020.000000 -843934.125000 792.748396 3.365096 3.213281 16.409574
 41040.000000 -845812.562500 788.495789 3.508429 3.460032 16.262828
 41060.000000 -843925.812500 792.326243 3.402790 3.523061 16.273841
 41080.000000 -844776.562500 791.750131 3.174092 3.538015 16.439682
 41100.000000 -843343.750000 793.155405 3.673039 3.478026 16.396709
 41120.000000 -843454.562500 794.198078 3.298509 3.443525 16.248657
 41140.000000 -842709.937500 795.204199 3.277588 3.465631 16.438496
 41160.000000 -842544.625000 794.843289 3.413111 3.508701 16.721596
 41180.000000 -843592.875000 794.395160 3.341507 3.434955 16.567330
 41200.000000 -843810.437500 793.742692 3.523094 3.416608 16.402678
 41220.000000 -841899.562500 796.340631 3.478706 3.235069 16.555133
 41240.000000 -839979.250000 797.253455 3.351312 3.404313 16.380885
 41260.000000 -844174.375000 795.002143 3.517258 3.617756 16.523489
 41280.000000 -842977.000000 795.285911 3.311474 3.630557 16.482158
 41300.000000 -843464.062500 794.610425 3.199182 3.622204 16.512040
 41320.000000 -841593.312500 792.819764 3.390733 3.494319 16.529337
 41340.000000 -843842.562500 795.921548 3.185045 3.486129 16.486873
 41360.000000 -843310.250000 794.252584 3.115276 3.501260 16.514374
 41380.000000 -843779.125000 792.306927 3.145846 3.389387 16.598511
 41400.000000 -844133.750000 792.746308 3.168445 3.582102 16.618760
 41420.000000 -845727.812500 792.943482 3.525626 3.709373 16.399296
 41440.000000 -843489.687500 793.190603 3.476098 3.546694 16.591855
 41460.000000 -840437.375000 801.634775 4.063193 3.488766 7.197558
 41480.000000 -842198.937500 800.264030 3.715096 3.343442 12.069973
 41500.000000 -840974.187500 795.561032 3.591243 3.237025 14.677154
 41520.000000 -842734.125000 795.709605 3.504859 2.983241 15.778555
 41540.000000 -843629.500000 793.517667 3.406041 3.269043 15.941825
 41560.000000 -845747.437500 791.196540 3.239305 3.156459 16.172586
 41580.000000 -844055.125000 793.524696 3.249878 3.355994 16.662060
 41600.000000 -842031.187500 794.333546 3.459942 3.404572 16.702824
 41620.000000 -842991.687500 792.695953 3.455422 3.403322 16.661733
 41640.000000 -845259.187500 790.998948 3.672680 3.287074 16.744947
 41660.000000 -845385.187500 790.032297 3.597505 3.360098 16.755518
 41680.000000 -842671.750000 792.926208 3.432171 3.320694 16.898245
 41700.000000 -842082.812500 793.419066 2.975432 3.346799 16.780094
 41720.000000 -843445.750000 792.203980 3.147608 3.531338 16.271527
 41740.000000 -842752.312500 792.406715 2.960990 3.231837 16.312705
 41760.000000 -844482.375000 793.290514 3.250282 3.481162 16.352562
 41780.000000 -844414.312500 793.604977 3.153933 3.675644 16.468716
 41800.000000 -842826.062500 794.253172 3.343989 3.627708 16.358039
 41820.000000 -841944.312500 794.435554 3.404521 3.782969 16.539161
 41840.000000 -841195.062500 795.351104 3.389467 3.469282 16.531758
 41860.000000 -843123.312500 793.528938 3.563490 3.273415 16.650504
 41880.000000 -841740.187500 793.304946 3.333707 3.178742 16.278131
 41900.000000 -841401.875000 797.317490 3.674322 3.404972 16.382206
 41920.000000 -843492.250000 793.900471 3.407229 3.397039 16.197348
 41940.000000 -843634.687500 793.107757 3.088811 3.547509 16.442109
 41960.000000 -842697.812500 793.180241 3.094864 3.465379 16.349555
 41980.000000 -843772.875000 793.278850 3.222577 3.451795 16.559824
 42000.000000 -843536.062500 795.319749 3.503264 3.149260 16.490229
 42020.000000 -842494.437500 794.185808 3.264613 3.456185 16.504223
 42040.000000 -842975.375000 792.674371 3.093098 3.167581 16.419003
 42060.000000 -844299.375000 793.207549 3.190518 3.193761 16.435243
 42080.000000 -843094.437500 792.248352 2.998612 3.596117 16.602721
 42100.000000 -843056.875000 792.770508 3.400017 3.646423 16.445229
 42120.000000 -842607.562500 790.769201 3.358146 3.477553 16.457620
 42140.000000 -843971.750000 792.362914 3.440437 3.367020 16.305591
 42160.000000 -842372.687500 793.047422 3.131897 3.436977 16.301727
 42180.000000 -843904.500000 793.856253 3.404433 3.766335 16.268021
 42200.000000 -843976.062500 793.397678 3.446195 3.516691 16.399112
 42220.000000 -843360.562500 792.166951 3.425409 3.463742 16.430839
 42240.000000 -842027.562500 794.197954 3.801837 3.198979 16.450955
 42260.000000 -842480.562500 792.446845 3.468280 3.650479 16.552869
 42280.000000 -842469.937500 792.885007 3.253972 3.399410 16.394637
 42300.000000 -843065.687500 792.603790 3.523578 3.414571 16.688142
 42320.000000 -843172.562500 793.358000 3.816079 3.439037 16.573535
 42340.000000 -844199.062500 791.662937 3.426725 3.188215 16.721185
 42360.000000 -843569.750000 793.161627 3.292629 3.405874 16.693488
 42380.000000 -844365.875000 792.664083 3.497905 3.521766 16.568053
 42400.000000 -843394.125000 792.161481 3.624218 3.351510 16.602128
 42420.000000 -843298.125000 796.091423 3.477877 3.206253 16.355470
 42440.000000 -843311.500000 794.308277 3.378026 3.435412 16.409522
 42460.000000 -843424.812500 794.503714 3.310470 3.299211 16.525823
 42480.000000 -843183.750000 795.203976 3.293201 3.507104 16.409443
 42500.000000 -843162.500000 795.382172 3.344379 3.843971 16.538772
 42520.000000 -843645.812500 793.304275 3.438249 3.533269 16.659664
 42540.000000 -841273.312500 790.870918 3.371702 3.274086 16.377595
 42560.000000 -841628.625000 791.913553 3.189802 3.206433 16.722707
 42580.000000 -843638.500000 792.623279 3.330258 3.282141 16.702050
 42600.000000 -842597.187500 793.518851 3.339329 3.346289 16.374232
 42620.000000 -845730.000000 792.258865 3.362009 3.395029 16.489363
 42640.000000 -843010.437500 795.701912 3.404531 3.571385 16.346252
 42660.000000 -844614.500000 794.924557 3.476361 3.251291 16.518079
 42680.000000 -844592.375000 791.548705 3.337543 3.106365 16.296390
 42700.000000 -842431.687500 796.605721 3.370146 3.151867 16.253410
 42720.000000 -843269.312500 792.881298 3.539956 3.566354 16.269839
 42740.000000 -842200.437500 794.097005 3.498010 3.457896 16.466976
 42760.000000 -843664.375000 792.523338 3.343132 3.328993 16.436137
 42780.000000 -844172.312500 792.095963 3.248196 3.302667 16.643823
 42800.000000 -842805.562500 794.153044 3.480281 3.499587 16.561674
 42820.000000 -844111.125000 792.797903 3.568532 3.331074 16.504519
 42840.000000 -842632.875000 794.186428 3.568068 3.491323 16.384640
 42860.000000 -842379.875000 792.362680 3.382091 3.647534 16.438648
 42880.000000 -843745.375000 797.303380 3.340625 3.429030 16.633916
 42900.000000 -842501.500000 792.437716 3.517064 3.339641 16.658840
 42920.000000 -843017.500000 798.096360 3.364246 3.556419 16.801288
 42940.000000 -842696.312500 796.205202 3.364227 3.444088 16.600215
 42960.000000 -843564.437500 794.754381 3.405674 3.555766 16.380249
 42980.000000 -841669.312500 796.295982 3.795148 3.436310 16.557839
 43000.000000 -844400.250000 793.803402 3.532877 3.576380 16.485284
 43020.000000 -842755.687500 795.825661 3.575996 3.580361 16.616014
 43040.000000 -843625.875000 794.569115 3.365557 3.371339 16.669479
 43060.000000 -843096.687500 792.888532 3.094830 3.370272 16.573887
 43080.000000 -843378.250000 793.847199 3.186664 3.305897 16.501742
 43100.000000 -846521.000000 793.966627 3.246263 3.437727 16.581232
 43120.000000 -842832.562500 794.519235 3.507979 3.397471 16.313194
 43140.000000 -842640.375000 793.646529 3.417064 3.427310 16.313106
 43160.000000 -842418.187500 794.441820 3.545639 3.412805 16.219519
 43180.000000 -842402.687500 794.562532 3.382746 3.370351 16.549348
 43200.000000 -842558.625000 794.893805 3.436931 3.610427 16.386304
 43220.000000 -844568.062500 792.181810 3.300740 3.749461 16.343827
 43240.000000 -843474.812500 794.214090 3.410080 3.524525 16.405314
 43260.000000 -843261.875000 794.617819 3.537642 3.511200 16.583540
 43280.000000 -842845.250000 795.744623 3.488953 3.421196 16.572753
 43300.000000 -843559.687500 793.067603 3.328165 3.178256 16.561012
 43320.000000 -845410.312500 794.747330 3.250786 3.289663 16.595093
 43340.000000 -842531.125000 794.844241 3.388139 3.588629 16.443230
 43360.000000 -842774.125000 794.755845 3.234173 3.726312 16.298805
 43380.000000 -843469.062500 793.603685 3.478398 3.679202 16.449310
 43400.000000 -843158.437500 794.090003 3.564614 3.594098 16.177344
 43420.000000 -842997.937500 792.838405 3.189508 3.289058 16.093374
 43440.000000 -844312.687500 794.074444 3.406028 3.219225 16.366700
 43460.000000 -843758.625000 795.038256 3.486241 3.565557 16.385193
 43480.000000 -845786.500000 795.047821 3.453619 3.339555 16.468193
 43500.000000 -842851.625000 793.060581 3.576720 3.485792 16.492175
 43520.000000 -843167.687500 794.640858 3.632015 3.627504 16.528996
 43540.000000 -844104.312500 793.616995 3.392226 3.540858 16.473294
 43560.000000 -842909.625000 794.481511 3.322299 3.239521 16.501983
 43580.000000 -843553.062500 793.318081 3.344283 3.298730 16.135741
 43600.000000 -841936.437500 792.003140 3.486237 3.338476 16.486996
 43620.000000 -842453.375000 795.126260 3.571750 3.226605 16.877503
 43640.000000 -843720.687500 793.681457 3.667636 3.207256 16.903368
 43660.000000 -843875.625000 793.490204 3.418532 3.250660 16.609852
 43680.000000 -841253.937500 793.431711 3.532098 3.326272 16.611735
 43700.000000 -841622.312500 795.211315 3.458325 3.363978 16.395336
 43720.000000 -844136.437500 793.721531 3.394106 3.440397 16.665720
 43740.000000 -842983.937500 796.802258 3.089464 3.231760 16.533778
 43760.000000 -841876.500000 794.384255 3.461217 3.306106 16.743778
 43780.000000 -845272.250000 790.015070 3.224446 3.193488 16.473246
 43800.000000 -843093.875000 792.876807 3.308107 3.344252 16.336822
 43820.000000 -842716.937500 796.154919 3.110426 3.433855 16.394274
 43840.000000 -844070.937500 793.116027 3.204152 3.590645 16.486494
 43860.000000 -842797.812500 792.038864 3.350055 3.577017 16.489522
 43880.000000 -843769.812500 794.687103 3.365491 3.299245 16.259493
 43900.000000 -842816.000000 797.234975 3.421471 3.319800 16.574693
 43920.000000 -842176.500000 793.182891 3.307236 3.473793 16.203280
 43940.000000 -841202.125000 795.191242 3.319070 3.584708 16.171258
 43960.000000 -841758.312500 791.451601 3.531202 3.432113 16.370041
 43980.000000 -844125.125000 791.016186 3.465779 3.755112 16.577606
 44000.000000 -844461.812500 794.496604 3.249263 3.741717 16.646008
 44020.000000 -842939.187500 791.259232 3.224999 3.541042 16.570751
 44040.000000 -843598.000000 792.432205 3.260732 3.469734 16.604259
 44060.000000 -843484.875000 793.376751 3.088554 3.465170 16.658492
 44080.000000 -843296.750000 794.057087 3.377757 3.527501 16.694770
 44100.000000 -846541.375000 791.826070 3.583903 3.311793 16.481813
 44120.000000 -843077.000000 796.412937 3.445101 3.448776 16.729547
 44140.000000 -843168.000000 793.006814 3.422327 3.483010 16.609609
 44160.000000 -843444.750000 793.869428 3.651090 3.587285 16.456554
 44180.000000 -842819.062500 792.210926 3.545568 3.502289 16.387204
 44200.000000 -844190.562500 792.675432 3.363100 3.354993 16.610123
 44220.000000 -841721.375000 794.111660 3.435980 3.419493 16.584065
 44240.000000 -841640.312500 795.806479 3.487408 3.445012 16.543141
 44260.000000 -842513.250000 795.645686 3.195382 3.227923 16.715773
 44280.000000 -844698.750000 792.499305 3.291863 3.060968 16.812803
 44300.000000 -843997.562500 796.225592 3.400772 3.237119 16.711209
 44320.000000 -843448.937500 794.410253 3.481503 3.269545 16.561480
 44340.000000 -844440.187500 794.266615 3.517541 3.452633 16.683248
 44360.000000 -842322.000000 794.721108 3.282391 3.339636 16.744248
 44380.000000 -843525.375000 793.834768 3.282648 3.401222 16.410830
 44400.000000 -843820.187500 793.122021 3.103168 3.198668 16.419841
 44420.000000 -844513.937500 793.881228 3.225270 3.270520 16.569791
 44440.000000 -844340.062500 792.388808 3.187225 3.373350 16.722891
 44460.000000 -843840.812500 790.912183 3.466532 3.313332 16.515527
 44480.000000 -844658.437500 791.238144 3.509841 3.280806 16.768028
 44500.000000 -843836.937500 793.434919 3.471691 3.158286 16.720950
 44520.000000 -842294.875000 794.509498 3.432020 3.312148 16.275577
 44540.000000 -841820.562500 795.189369 3.183987 3.252251 16.396709
 44560.000000 -840962.062500 795.089020 3.341599 3.274543 16.636973
 44580.000000 -842521.625000 794.735770 3.342153 3.436627 16.511651
 44600.000000 -843063.062500 793.817057 3.295368 3.263293 16.601669
 44620.000000 -843220.812500 793.977319 3.522161 3.297300 16.644255
 44640.000000 -843895.250000 794.535261 3.311920 3.170649 16.584240
 44660.000000 -844051.312500 792.611025 3.202390 3.257762 16.518477
 44680.000000 -843912.062500 793.144965 3.203930 3.097139 16.707907
 44700.000000 -841805.250000 792.913800 3.274190 3.279404 16.712531
 44720.000000 -843764.562500 792.676611 3.402935 3.261657 16.907276
 44740.000000 -844440.750000 793.555827 3.489683 3.229000 16.747132
 44760.000000 -843729.062500 793.082502 3.308923 3.206332 16.597055
 44780.000000 -843434.750000 791.222393 3.429076 3.333105 16.360174
 44800.000000 -844402.250000 792.204612 3.233641 3.323145 16.404568
 44820.000000 -844743.437500 792.836358 3.490243 3.569255 16.699252
 44840.000000 -844007.812500 793.633319 3.475098 3.493147 16.472838
 44860.000000 -840689.625000 794.719966 3.756186 3.641505 16.427453
 44880.000000 -844081.937500 795.438208 3.725221 3.251537 16.403935
 44900.000000 -843600.937500 795.690828 3.564337 3.577005 16.376491
 44920.000000 -843401.000000 793.270459 3.641791 3.492312 16.367986
 44940.000000 -842382.562500 794.848950 3.412634 3.456237 16.567297
 44960.000000 -844145.062500 793.512501 3.716446 3.256458 16.451462
 44980.000000 -844076.125000 793.047798 3.263380 3.305871 16.413913
 45000.000000 -842359.125000 791.709731 3.264480 3.528331 16.484579
 45020.000000 -844408.937500 795.294989 3.178395 3.285231 16.500737
 45040.000000 -843726.937500 793.182938 3.351352 3.326994 16.442894
 45060.000000 -843357.875000 792.995142 3.274472 3.094755 16.263285
 45080.000000 -843399.250000 792.546888 3.492478 3.316412 16.431790
 45100.000000 -842838.687500 794.650590 3.553558 3.503413 16.301601
 45120.000000 -842184.562500 794.900238 3.398426 3.392073 16.439563
 45140.000000 -843070.625000 795.179971 3.459999 3.270054 16.495402
 45160.000000 -843779.875000 793.704729 3.512083 3.613008 16.459342
 45180.000000 -842965.812500 793.424744 3.579044 3.520059 16.565514
 45200.000000 -843762.187500 792.741019 3.705286 3.580359 16.229765
 45220.000000 -843185.062500 796.732885 3.601254 3.510281 16.179982
 45240.000000 -843335.500000 792.537087 3.619784 3.368988 16.362569
 45260.000000 -842770.125000 795.451074 3.556944 3.491378 16.444888
 45280.000000 -842267.750000 792.295975 3.399465 3.398035 16.524090
 45300.000000 -843401.312500 793.053380 3.443830 3.455554 16.567474
 45320.000000 -843123.000000 794.171537 3.518288 3.449044 16.428679
 45340.000000 -841881.750000 794.926632 3.574983 3.365588 16.473335
 45360.000000 -842729.812500 795.671503 3.560630 3.625839 16.362680
 45380.000000 -843543.500000 791.693935 3.670223 3.433123 16.632428
 45400.000000 -844532.375000 792.531817 3.474668 3.491805 16.479469
 45420.000000 -843941.437500 792.113572 3.513282 3.300916 16.439464
 45440.000000 -843991.937500 794.959320 3.291282 3.264604 16.702495
 45460.000000 -842795.250000 793.423026 3.577461 3.190188 16.439796
 45480.000000 -841876.812500 795.075896 3.464588 3.285436 16.637318
 45500.000000 -843842.687500 793.462287 3.187530 3.348560 16.564023
 45520.000000 -843641.562500 791.835945 3.373831 3.437301 16.662525
 45540.000000 -840931.062500 797.250915 3.363341 3.195521 16.310191
 45560.000000 -843049.875000 794.184217 3.420092 3.371790 16.828392
 45580.000000 -841787.937500 796.125200 3.086570 3.697439 16.693079
 45600.000000 -843988.562500 791.821227 3.137191 3.565950 16.661893
 45620.000000 -844087.625000 793.727678 3.365556 3.601756 16.437330
 45640.000000 -843142.062500 792.789807 3.272680 3.419753 16.508698
 45660.000000 -842184.875000 795.531614 3.145488 3.564207 16.458156
 45680.000000 -843819.312500 793.905084 3.383854 3.198359 16.589066
 45700.000000 -845357.937500 791.631410 3.103544 3.209932 16.589043
 45720.000000 -841625.375000 794.291551 2.939045 3.047652 16.510674
 45740.000000 -841307.562500 793.881893 3.320620 3.295472 16.610695
 45760.000000 -844425.125000 794.872696 3.514661 3.287198 16.508166
 45780.000000 -843214.750000 795.194527 3.474340 2.970686 16.789613
 45800.000000 -844052.812500 794.018900 3.609988 3.086276 16.841049
 45820.000000 -844033.687500 792.205889 3.668618 3.445823 16.775862
 45840.000000 -844330.562500 793.421498 3.425021 3.218468 16.726021
 45860.000000 -842394.687500 793.354086 3.741245 3.119989 16.708199
 45880.000000 -842380.750000 793.219944 3.687340 3.546344 17.053197
 45900.000000 -840499.625000 801.987390 3.227042 3.385349 6.188460
 45920.000000 -840631.000000 800.596242 3.353443 3.528981 9.056550
 45940.000000 -842239.812500 796.848651 3.675679 3.381125 12.336140
 45960.000000 -842229.687500 795.403607 3.450646 3.279985 14.981082
 45980.000000 -843914.250000 793.726375 3.255578 3.205712 16.208430
 46000.000000 -844520.875000 792.064606 3.462873 3.443907 16.751483
 46020.000000 -842903.250000 795.646114 3.666318 3.330103 16.778381
 46040.000000 -843250.187500 794.513868 3.669297 3.539190 16.575673
 46060.000000 -843006.500000 793.595397 3.408915 3.479157 16.507512
 46080.000000 -842820.875000 794.842836 3.515661 3.478291 16.360772
 46100.000000 -845029.750000 794.220996 3.374152 3.458160 16.449766
 46120.000000 -843079.187500 793.696992 3.541909 3.548258 16.628179
 46140.000000 -845071.875000 793.857794 3.555358 3.388929 16.453769
 46160.000000 -843175.437500 794.792354 3.628585 3.476086 16.373831
 46180.000000 -842701.812500 796.154901 3.363536 3.247033 16.368055
 46200.000000 -844330.500000 789.821172 3.452220 3.182798 16.365359
 46220.000000 -843291.687500 795.073421 3.432691 3.586812 16.402379
 46240.000000 -843848.937500 791.856901 3.503322 3.636753 16.649872
 46260.000000 -841846.250000 794.403470 3.481684 3.503154 16.547077
 46280.000000 -843989.000000 793.537115 3.537334 3.500078 16.533427
 46300.000000 -842275.687500 792.797774 3.267321 3.484054 16.423787
 46320.000000 -841740.937500 796.539870 3.297033 3.233494 16.622371
 46340.000000 -843549.812500 794.577070 2.921828 3.410701 16.460350
 46360.000000 -844190.500000 794.173399 2.958125 3.452957 16.578542
 46380.000000 -843296.187500 794.022101 3.249846 3.666481 16.385483
 46400.000000 -844078.250000 792.444751 2.972643 3.651073 16.368842
 46420.000000 -843593.187500 790.529489 3.002515 3.458744 16.456626
 46440.000000 -843479.312500 792.461833 3.338322 3.478131 16.644664
 46460.000000 -844081.500000 793.257820 3.162523 3.738434 16.519961
 46480.000000 -842204.125000 798.085738 3.427928 3.634200 16.448467
 46500.000000 -844675.625000 789.951405 3.361556 3.339913 16.578907
 46520.000000 -840503.125000 795.561290 3.579738 3.365044 16.560454
 46540.000000 -843824.250000 794.797120 3.386178 3.241900 16.742499
 46560.000000 -844010.562500 792.656017 3.384750 3.343248 16.604197
 46580.000000 -844983.500000 794.887144 3.364185 3.421058 16.641801
 46600.000000 -843206.812500 792.970845 3.523524 3.389590 16.429658
 46620.000000 -843809.875000 794.950084 3.623436 3.336537 16.330949
 46640.000000 -843859.500000 793.484266 3.491203 3.351095 16.264246
 46660.000000 -845436.062500 792.138119 3.519408 3.482269 16.462173
 46680.000000 -843400.875000 792.999014 3.454609 3.424594 16.395449
 46700.000000 -843704.062500 792.970853 3.518274 3.217588 16.467830
 46720.000000 -843400.937500 793.295881 3.454406 3.179277 16.329255
 46740.000000 -842103.187500 792.616760 3.383847 3.339633 16.289951
 46760.000000 -842562.625000 793.674857 3.364481 3.258551 16.598355
 46780.000000 -842326.375000 793.044541 3.412913 3.571330 16.420278
 46800.000000 -842782.437500 792.634707 3.578423 3.446994 16.037774
 46820.000000 -842085.312500 794.141275 3.646880 3.289610 16.282360
 46840.000000 -843122.312500 792.652971 3.558807 3.432576 16.333029
 46860.000000 -844437.062500 792.456270 3.609546 3.432952 16.535152
 46880.000000 -843540.562500 793.705752 3.845525 3.371871 16.690098
 46900.000000 -842482.125000 794.837941 3.250767 3.547719 16.499319
 46920.000000 -843229.500000 793.303042 3.237310 3.371500 16.591580
 46940.000000 -844391.937500 793.696449 3.299781 3.234939 16.433525
 46960.000000 -843667.500000 795.044735 3.480367 3.121055 16.559600
 46980.000000 -843699.375000 792.746256 3.376564 3.376311 16.443324
 47000.000000 -843107.312500 793.083270 3.552528 3.547252 16.387055
 47020.000000 -844296.312500 794.731364 3.605301 3.687956 16.407760
 47040.000000 -844112.500000 791.076819 3.765680 3.621420 16.465156
 47060.000000 -843769.125000 791.298579 3.401553 3.435443 16.183163
 47080.000000 -842994.062500 792.563682 3.125933 3.514676 16.248403
 47100.000000 -842753.187500 795.350939 3.224241 3.600939 16.413498
 47120.000000 -844508.812500 792.346097 3.220656 3.361251 16.479282
 47140.000000 -843425.375000 793.988970 3.471092 3.290221 16.601936
 47160.000000 -843828.812500 794.263544 3.467262 3.216721 16.715177
 47180.000000 -842433.250000 794.005633 3.731365 3.472053 16.492011
 47200.000000 -845327.562500 790.082548 3.353894 3.380698 16.440931
 47220.000000 -844397.625000 795.420309 3.475780 3.492264 16.385284
 47240.000000 -845148.250000 793.420785 3.299836 3.642018 16.333873
 47260.000000 -844151.187500 793.105404 3.321467 3.639267 16.187936
 47280.000000 -841250.062500 794.739748 3.492959 3.610749 16.499099
 47300.000000 -843916.125000 793.953300 3.173632 3.332295 16.407631
 47320.000000 -843548.875000 791.804559 3.165376 3.305806 16.586523
 47340.000000 -843033.500000 794.909024 3.445947 3.777166 16.700920
 47360.000000 -844479.500000 795.105113 3.408916 3.511376 16.895920
 47380.000000 -842595.187500 792.287509 3.297065 3.286863 16.913786
 47400.000000 -842912.187500 794.345770 3.301175 3.531932 17.016211
 47420.000000 -843513.250000 793.657467 3.400798 3.551077 16.824370
 47440.000000 -842802.312500 795.321762 3.102449 3.309609 16.620195
 47460.000000 -841482.687500 794.184109 3.464282 3.223670 16.514333
 47480.000000 -844431.437500 793.557085 3.295047 3.527049 16.299867
 47500.000000 -842797.437500 796.193965 3.188581 3.310672 16.236547
 47520.000000 -841671.750000 792.936773 3.296723 3.299428 16.428181
 47540.000000 -843931.750000 794.777085 3.325157 3.097169 16.364245
 47560.000000 -844640.937500 792.736385 3.531635 3.208983 16.258209
 47580.000000 -845679.562500 792.815818 3.531017 3.216984 16.248267
 47600.000000 -843936.625000 791.967407 3.238470 3.468785 16.438059
 47620.000000 -844155.500000 794.904066 3.097223 3.580772 16.222502
 47640.000000 -843330.687500 794.246635 3.207256 3.659944 16.495628
 47660.000000 -842925.562500 793.357267 3.367126 3.365583 16.253891
 47680.000000 -844718.687500 795.466662 3.372796 3.225578 16.388944
 47700.000000 -844557.937500 791.862449 3.399495 3.252072 16.103756
 47720.000000 -841816.687500 794.319182 3.302865 3.505506 16.280686
 47740.000000 -842706.062500 792.477726 3.164024 3.491876 16.276107
 47760.000000 -843073.187500 794.409935 3.428967 3.225938 16.281662
 47780.000000 -842799.125000 793.656396 3.561475 3.526492 16.541405
 47800.000000 -843098.625000 792.620935 3.725642 3.515265 16.329041
 47820.000000 -843391.000000 792.987281 3.501725 3.489151 16.192338
 47840.000000 -841821.812500 794.755530 3.449336 3.425303 16.353757
 47860.000000 -843824.125000 792.620228 3.035923 3.437977 16.428136
 47880.000000 -842316.437500 795.080558 3.256605 3.360252 16.560222
 47900.000000 -842012.562500 794.897935 3.200327 3.530026 16.610364
 47920.000000 -841937.062500 795.693474 3.196991 3.183563 16.529464
 47940.000000 -842955.812500 794.047824 3.520685 3.124641 16.569613
 47960.000000 -843700.812500 793.042306 3.584866 3.456015 16.234529
 47980.000000 -844978.312500 791.925836 3.394850 3.468607 16.360883
 48000.000000 -843019.375000 791.578567 3.551450 3.540040 16.541017
 48020.000000 -841227.312500 793.956594 3.504553 3.454474 16.312882
 48040.000000 -843374.437500 793.186734 3.403667 3.653664 16.426800
 48060.000000 -842338.187500 792.924244 3.419549 3.539847 16.646724
 48080.000000 -843546.937500 794.354225 3.549378 3.387319 16.639488
 48100.000000 -845507.312500 791.773383 3.261471 3.716200 16.393031
 48120.000000 -842663.375000 795.572345 3.283239 3.550309 16.557733
 48140.000000 -843602.437500 791.883181 3.309977 3.377741 16.532201
 48160.000000 -843476.250000 793.112655 3.388803 3.425606 16.587804
 48180.000000 -845054.250000 790.719132 3.559230 3.434086 16.725867
 48200.000000 -843983.125000 793.089216 3.562343 3.333109 16.820836
 48220.000000 -843130.187500 794.702117 3.531255 3.321803 16.649128
 48240.000000 -844720.062500 793.413532 3.475284 3.230888 16.412532
 48260.000000 -842918.937500 795.207860 3.311729 3.437816 16.379917
 48280.000000 -842960.125000 792.843343 3.569646 3.200067 16.313862
 48300.000000 -843640.937500 793.656615 3.559136 3.335208 16.544609
 48320.000000 -842690.437500 793.388355 3.384869 3.228331 16.576885
 48340.000000 -841578.250000 794.984316 3.278734 3.216211 16.452789
 48360.000000 -843600.812500 792.182972 3.520873 3.158677 16.317667
 48380.000000 -842379.437500 794.330920 3.383325 3.156376 16.278911
 48400.000000 -841795.312500 791.554170 3.339813 3.140968 16.332181
 48420.000000 -845407.687500 790.128885 3.339963 2.998591 16.470183
 48440.000000 -844137.187500 793.312854 3.352570 3.469599 16.426854
 48460.000000 -843622.437500 792.217251 3.123164 3.364961 16.661328
 48480.000000 -843959.375000 793.126420 3.308750 3.619556 16.465757
 48500.000000 -843771.250000 793.825083 3.296824 3.471558 16.293889
 48520.000000 -843156.250000 794.509427 3.361405 3.215121 16.231501
 48540.000000 -843267.937500 792.203214 3.615663 3.287133 16.286508
 48560.000000 -843868.000000 793.553610 3.482585 3.552028 16.345149
 48580.000000 -844646.625000 794.887408 3.468624 3.300483 16.458818
 48600.000000 -843785.062500 793.494156 3.517505 3.179335 16.690176
 48620.000000 -842435.687500 792.374219 3.603525 3.386764 16.532554
 48640.000000 -843667.937500 792.906967 3.669243 3.411223 16.560632
 48660.000000 -844572.750000 791.940601 3.504752 3.530256 16.683374
 48680.000000 -842150.875000 794.041748 3.192468 3.395835 16.538656
 48700.000000 -842620.500000 790.687231 2.933797 3.202956 16.403259
 48720.000000 -844388.750000 791.552144 3.087211 3.167363 16.457222
 48740.000000 -841897.250000 793.202665 3.299136 3.409604 16.282445
 48760.000000 -840997.500000 793.643536 3.291710 3.492109 16.246996
 48780.000000 -843776.562500 793.013970 3.445345 3.332839 16.389128
 48800.000000 -843158.437500 793.813219 3.489433 3.455214 16.558808
 48820.000000 -842317.750000 793.881311 3.346195 3.330113 16.326559
 48840.000000 -843128.937500 791.049750 3.401969 3.320956 16.245328
 48860.000000 -842708.625000 794.704718 3.283528 3.136948 16.604987
 48880.000000 -843004.250000 794.248048 3.362224 3.382947 16.440011
 48900.000000 -843706.687500 791.449543 3.459620 3.196539 16.462914
 48920.000000 -843575.687500 793.391408 3.675650 3.282130 16.583927
 48940.000000 -844772.562500 791.452981 3.354505 3.369870 16.499484
 48960.000000 -842956.000000 794.109165 3.621302 3.093686 16.419739
 48980.000000 -841288.500000 794.811127 3.674293 3.389155 16.385784
 49000.000000 -842637.750000 795.242288 3.556847 3.431049 16.685739
 49020.000000 -842215.312500 792.864749 3.261273 3.237111 16.477618
 49040.000000 -843588.437500 790.875996 3.435005 3.268705 16.364586
 49060.000000 -842486.562500 792.804516 3.520474 3.274335 16.632570
 49080.000000 -844690.625000 794.500558 3.400801 3.520634 16.376828
 49100.000000 -844265.062500 790.168306 3.544991 3.454747 16.614055
 49120.000000 -842091.437500 793.314694 3.164609 3.534933 16.605950
 49140.000000 -844121.375000 794.288568 3.463996 3.393962 16.786656
 49160.000000 -842748.000000 794.483824 3.207541 3.371415 16.468183
 49180.000000 -845222.000000 791.316104 3.159783 3.382774 16.643515
 49200.000000 -843151.625000 793.608931 3.110417 3.503681 16.418942
 49220.000000 -844231.687500 794.099346 3.181685 3.476739 16.268788
 49240.000000 -844093.687500 793.912460 3.345027 3.427007 16.392835
 49260.000000 -843525.875000 794.142331 3.279171 3.417876 16.286836
 49280.000000 -844281.812500 793.612156 3.231154 3.361208 16.263664
 49300.000000 -843117.937500 791.062841 3.363970 3.160435 16.261423
 49320.000000 -843612.187500 793.198798 3.495861 3.310439 16.226802
 49340.000000 -843949.000000 792.168407 3.461345 3.653662 16.354271
 49360.000000 -843679.750000 794.757589 3.677386 3.552634 16.673874
 49380.000000 -843692.937500 792.619642 3.085665 3.341834 16.723241
 49400.000000 -842855.000000 793.007760 3.110202 3.428154 16.529595
 49420.000000 -842531.812500 796.227580 3.209002 3.386192 16.339478
 49440.000000 -843484.312500 791.922152 3.261519 3.314110 16.450015
 49460.000000 -842711.312500 794.088375 3.246664 3.342669 16.437950
 49480.000000 -844533.062500 791.136968 3.327967 3.405902 16.469765
 49500.000000 -843642.437500 791.146503 3.222584 3.341893 16.576391
 49520.000000 -843957.187500 794.193298 3.417331 3.361556 16.556652
 49540.000000 -843349.500000 790.784593 3.111514 3.496884 16.584713
 49560.000000 -842905.125000 792.183042 3.422355 3.484171 16.662881
 49580.000000 -844272.250000 792.011219 3.432693 3.409358 16.573708
 49600.000000 -842906.312500 792.343417 3.529966 3.339411 16.409374
 49620.000000 -843139.375000 793.667430 3.472961 3.132885 16.736706
 49640.000000 -843458.312500 792.258948 3.431800 3.191031 16.404847
 49660.000000 -844162.375000 793.331463 3.356520 3.366900 16.609829
 49680.000000 -841891.000000 795.133296 3.290328 3.572486 16.782956
 49700.000000 -842355.562500 793.723857 3.590935 3.565796 16.701379
 49720.000000 -843265.437500 792.943370 3.252149 3.430841 16.452474
 49740.000000 -843526.000000 795.279395 3.315247 3.606371 16.545133
 49760.000000 -842947.062500 793.317429 3.125362 3.448312 16.691511
 49780.000000 -841939.500000 793.025498 3.320388 3.329083 16.648104
 49800.000000 -843397.500000 793.428939 2.969944 3.571950 16.588563
 49820.000000 -841328.687500 795.034990 3.300346 3.447433 16.757301
 49840.000000 -842599.062500 793.789185 3.271210 3.402096 16.580843
 49860.000000 -844618.437500 793.742647 3.373870 3.224887 16.613590
 49880.000000 -842714.562500 795.566087 3.430223 3.229430 16.686271
 49900.000000 -843461.500000 794.860641 3.467849 3.243400 16.645040
 49920.000000 -842646.312500 792.354958 3.320185 3.334964 16.569723
 49940.000000 -842742.500000 793.460300 3.534040 3.409803 16.519651
 49960.000000 -843955.562500 793.358803 3.486499 3.288443 16.292254
 49980.000000 -844205.562500 792.486867 3.453957 3.191802 16.346951
 50000.000000 -842450.937500 792.849003 3.423587 3.227594 16.390914
 50020.000000 -842483.250000 792.690089 3.336719 3.096096 16.589356
 50040.000000 -842646.937500 794.291679 3.574665 3.144126 16.388883
 50060.000000 -842133.875000 793.337970 3.543135 3.202207 16.685605
 50080.000000 -843674.875000 792.033260 3.481190 3.466883 16.620696
 50100.000000 -843302.187500 794.566637 3.316692 3.450487 16.867728
 50120.000000 -844143.875000 795.482216 3.503687 3.469216 16.654941
 50140.000000 -843452.312500 794.830749 3.578065 3.117043 16.443246
 50160.000000 -843673.125000 793.426587 3.531174 3.536778 16.281505
 50180.000000 -842079.625000 794.845467 3.389711 3.421716 16.533827
 50200.000000 -843779.375000 792.284610 3.379601 3.603303 16.533213
 50220.000000 -842826.437500 795.341773 3.591229 3.062169 16.447766
 50240.000000 -845367.250000 791.911532 3.662852 3.079261 16.539770
 50260.000000 -844293.500000 792.536431 3.851797 3.133503 16.369984
 50280.000000 -842221.187500 793.501716 3.743124 3.361814 16.432721
 50300.000000 -842413.125000 790.277159 3.592755 3.328424 16.240062
 50320.000000 -842078.187500 794.040995 3.555867 3.378969 16.279332
 50340.000000 -845434.625000 792.923510 3.341620 3.609229 16.332579
 50360.000000 -843482.500000 794.538876 3.674340 3.370103 16.487096
 50380.000000 -842899.812500 796.459599 3.709344 3.386265 16.510464
 50400.000000 -844042.437500 793.432527 3.665334 3.510299 16.704560
 50420.000000 -842836.500000 791.310429 3.862195 3.561909 16.657634
 50440.000000 -843649.625000 792.906289 3.790745 3.328475 16.596844
 50460.000000 -845597.437500 792.299102 3.424177 3.401102 16.334898
 50480.000000 -844860.500000 794.749241 3.220219 3.667641 16.448656
 50500.000000 -843800.562500 794.846583 3.491451 3.322744 16.358701
 50520.000000 -844847.687500 789.955214 3.345758 3.423081 16.597446
 50540.000000 -843090.875000 794.643489 3.277558 3.320071 16.750113
 50560.000000 -844094.000000 794.771873 3.404826 3.289761 16.401357
 50580.000000 -842959.750000 793.533216 3.340046 3.386337 16.509615
 50600.000000 -841440.750000 793.177722 3.511927 3.600789 16.284232
 50620.000000 -843609.000000 794.080761 3.474585 3.521079 16.699091
 50640.000000 -842248.562500 793.832432 3.442186 3.459160 16.389042
 50660.000000 -842700.812500 799.146967 3.587804 3.213442 16.346664
 50680.000000 -842548.187500 793.860210 3.401016 3.165972 16.591441
 50700.000000 -842543.562500 795.064682 3.256459 2.893456 16.693627
 50720.000000 -843980.750000 792.373701 3.157403 3.087770 16.353532
 50740.000000 -844010.312500 793.395093 3.031885 3.273331 16.348982
 50760.000000 -843121.437500 794.417879 3.192375 3.315771 16.465467
 50780.000000 -842928.125000 791.624973 3.210201 3.529956 16.502418
 50800.000000 -842960.000000 792.328489 3.217873 3.421801 16.514907
 50820.000000 -844434.875000 793.242554 3.252922 3.333359 16.555610
 50840.000000 -844486.750000 793.548102 3.373252 3.145284 16.506508
 50860.000000 -843214.250000 793.510662 3.338291 3.275460 16.493403
 50880.000000 -843137.562500 790.496204 3.220037 3.344623 16.469124
 50900.000000 -840807.562500 795.969481 3.498171 3.299025 16.511662
 50920.000000 -842675.875000 792.448134 3.427569 3.373910 16.794443
 50940.000000 -843061.812500 793.373946 3.563469 3.499175 16.400831
 50960.000000 -843557.500000 793.644759 3.412592 3.135846 16.701636
 50980.000000 -842921.687500 794.105883 3.429396 3.519917 16.468689
 51000.000000 -842921.937500 795.125775 2.982862 3.425163 16.506829
 51020.000000 -845542.500000 790.757865 3.110157 3.360271 16.598386
 51040.000000 -843070.250000 794.552314 3.373325 3.479747 16.422439
 51060.000000 -841388.375000 796.251480 3.289339 3.353606 16.371687
 51080.000000 -842411.125000 792.700312 3.695333 3.379764 16.358035
 51100.000000 -842603.062500 793.044538 3.585333 3.396103 16.431040
 51120.000000 -841504.500000 792.487150 3.402169 3.568950 16.263820
 51140.000000 -841568.812500 794.526869 3.147857 3.536128 16.425512
 51160.000000 -842476.875000 793.726625 3.168057 3.255974 16.604399
 51180.000000 -844328.000000 794.747601 3.427907 3.260668 16.502899
 51200.000000 -840857.437500 798.688879 3.179620 3.193930 16.371778
 51220.000000 -841778.125000 793.739011 3.394076 3.642642 16.247736
 51240.000000 -842981.000000 794.116336 3.170597 3.448170 16.280010
 51260.000000 -842821.375000 792.642561 3.278086 3.396455 16.384339
 51280.000000 -841545.437500 795.146845 3.346521 3.528280 16.386185
 51300.000000 -841806.750000 795.184990 3.177688 3.326227 16.569340
 51320.000000 -843357.250000 793.974240 3.129186 3.392981 16.643597
 51340.000000 -842770.812500 794.367723 3.347294 3.223969 16.668847
 51360.000000 -843622.000000 793.633201 3.421793 3.141539 16.525698
 51380.000000 -842913.000000 793.759237 3.490241 3.334880 16.456874
 51400.000000 -842761.062500 793.692435 3.622164 3.356010 16.470352
 51420.000000 -843845.625000 794.229646 3.547830 3.439408 16.413599
 51440.000000 -842153.375000 794.147815 3.203509 3.396831 16.389798
 51460.000000 -844097.500000 793.911268 3.527311 3.539740 16.569334
 51480.000000 -842865.187500 793.280497 3.208015 3.395693 16.305343
 51500.000000 -843167.625000 791.969084 3.387008 3.301949 16.366745
 51520.000000 -842739.375000 794.424492 3.506569 3.009835 16.350839
 51540.000000 -844079.375000 791.344945 3.377673 3.243248 16.384987
 51560.000000 -845035.000000 791.120046 3.371412 3.215229 16.404943
 51580.000000 -843125.875000 794.213996 3.297651 3.244577 16.149062
 51600.000000 -843023.625000 793.774389 3.231448 3.295687 16.275103
 51620.000000 -842445.812500 795.408730 3.249192 3.299031 16.115759
 51640.000000 -844041.500000 794.143477 3.280876 3.341131 16.124823
 51660.000000 -843561.437500 793.317060 3.294777 3.386747 16.193184
 51680.000000 -843278.187500 794.246785 3.295011 3.231001 16.471470
 51700.000000 -843652.375000 794.613807 3.109997 3.533394 16.610909
 51720.000000 -843683.000000 792.359262 3.399254 3.392277 16.673851
 51740.000000 -843637.000000 795.679405 3.305066 3.424749 16.523147
 51760.000000 -842944.437500 793.333546 3.295657 3.460793 16.458386
 51780.000000 -845547.187500 793.076369 3.474874 3.573477 16.465699
 51800.000000 -844260.875000 790.333023 3.175090 3.317295 16.542835
 51820.000000 -843650.750000 792.072849 3.326146 3.229372 16.335125
 51840.000000 -844841.437500 793.255745 3.209237 3.109949 16.637268
 51860.000000 -842908.125000 793.263561 3.179846 3.164721 16.400147
 51880.000000 -841861.312500 794.141654 3.538056 3.339972 16.401141
 51900.000000 -843830.562500 793.135274 3.548416 3.411481 16.329725
 51920.000000 -842390.937500 793.612892 3.538315 3.110628 16.494614
 51940.000000 -842649.312500 793.173817 3.416220 3.297206 16.408500
 51960.000000 -844512.625000 791.792502 3.440177 3.408992 16.586128
 51980.000000 -844132.937500 793.145176 3.229727 3.443522 16.322471
 52000.000000 -842506.750000 794.599248 3.564923 3.388160 16.570424
 52020.000000 -844194.500000 793.372487 3.431443 3.553420 16.339004
 52040.000000 -844099.375000 793.981917 3.482811 3.541414 16.365873
 52060.000000 -842906.500000 795.330970 3.517453 3.484352 16.378956
 52080.000000 -841884.375000 795.894568 3.475655 3.316122 16.527364
 52100.000000 -842971.187500 794.908526 3.385036 3.349626 16.615126
 52120.000000 -843015.750000 794.273460 3.423110 3.568696 16.619872
 52140.000000 -841104.875000 797.087683 3.542044 3.459263 16.520914
 52160.000000 -842427.250000 795.959759 3.281092 3.220880 16.384745
 52180.000000 -842324.312500 796.713300 3.203273 3.255404 16.578687
 52200.000000 -842006.125000 794.671756 3.377246 3.144129 16.425724
 52220.000000 -843939.937500 792.209128 3.531267 3.371040 16.496087
 52240.000000 -843354.500000 792.546757 3.382966 3.281009 16.443035
 52260.000000 -842936.250000 792.420915 3.547343 3.330082 16.702550
 52280.000000 -842298.250000 794.492347 3.358823 3.406204 16.524929
 52300.000000 -843252.000000 794.449143 3.410582 3.355713 16.801117
 52320.000000 -842466.812500 793.866210 3.677977 3.343664 16.814207
 52340.000000 -842038.625000 793.449122 3.745841 3.487979 16.758519
 52360.000000 -843206.000000 793.284483 3.166387 3.438748 16.444284
 52380.000000 -842585.000000 794.308194 3.926316 3.256384 16.432282
 52400.000000 -845095.187500 789.082422 3.587464 3.327217 16.290554
 52420.000000 -844920.625000 794.678464 3.347469 3.420294 16.705644
 52440.000000 -842912.625000 793.052981 3.502934 3.427495 16.504992
 52460.000000 -843183.500000 795.091281 3.334218 3.179313 16.570180
 52480.000000 -842906.437500 793.988611 3.454182 3.237554 16.560943
 52500.000000 -841978.375000 795.108937 3.269046 3.572441 16.717979
 52520.000000 -845043.500000 792.167499 3.369461 3.384479 16.544662
 52540.000000 -843844.687500 794.401689 3.538563 3.302963 16.649786
 52560.000000 -842459.562500 793.857982 3.547920 3.522909 16.562661
 52580.000000 -842846.000000 794.559529 3.419400 3.613907 16.543963
 52600.000000 -843543.625000 791.791098 3.478822 3.343434 16.425439
 52620.000000 -842284.500000 792.194931 3.608154 3.466185 16.332529
 52640.000000 -843775.875000 792.532474 3.447624 3.545232 16.274310
 52660.000000 -842426.187500 793.399608 3.483162 3.711652 16.556735
 52680.000000 -841608.937500 793.571176 3.581719 3.857492 16.445337
 52700.000000 -840465.437500 794.586227 3.676824 3.342830 16.781147
 52720.000000 -844321.312500 793.641675 3.301248 3.210152 16.382057
 52740.000000 -844562.312500 794.585141 3.813182 3.549625 16.539431
 52760.000000 -843834.562500 792.904702 3.674842 3.524216 16.635951
 52780.000000 -843932.500000 793.046141 3.688285 3.419937 16.430447
 52800.000000 -844678.375000 791.544871 3.388948 3.399113 16.243498
 52820.000000 -843464.687500 791.975091 3.387798 3.404415 16.209443
 52840.000000 -845360.500000 793.648773 3.311156 3.481126 16.456492
 52860.000000 -843073.562500 794.217258 3.196200 3.607734 16.302574
 52880.000000 -842642.875000 791.916051 3.528447 3.912493 16.573005
 52900.000000 -844062.562500 792.555482 3.599537 3.812832 16.741217
 52920.000000 -844098.312500 793.569165 3.579616 3.765798 16.745114
 52940.000000 -843797.812500 793.615810 3.532325 3.479629 16.718534
 52960.000000 -844084.437500 795.117632 3.580728 3.410400 16.693722
 52980.000000 -845122.875000 791.042547 3.546586 3.118805 16.512545
 53000.000000 -842970.125000 793.465062 3.346533 3.074335 16.314023
 53020.000000 -842002.000000 794.686129 3.412910 3.503614 16.457644
 53040.000000 -843424.125000 790.494068 3.285608 3.724344 16.632873
 53060.000000 -843080.062500 792.285566 3.443164 3.394739 16.704294
 53080.000000 -842128.062500 795.627889 3.513361 3.219707 16.632021
 53100.000000 -843360.437500 791.183849 3.552781 3.336198 16.539428
 53120.000000 -842483.812500 791.667209 3.584987 3.240733 16.640644
 53140.000000 -844199.312500 792.573163 3.521455 3.522578 16.419001
 53160.000000 -843567.812500 795.753339 3.594021 3.430587 16.313204
 53180.000000 -842283.437500 794.267996 3.574288 3.513842 16.463920
 53200.000000 -842701.500000 793.119961 3.335061 3.333847 16.564968
 53220.000000 -842503.312500 796.430867 3.511941 3.586390 16.397318
 53240.000000 -844366.312500 794.324134 3.419600 3.551103 16.464449
 53260.000000 -843328.937500 792.739175 3.333379 3.327736 16.520490
 53280.000000 -843458.625000 793.457241 3.147749 3.451769 16.497792
 53300.000000 -843275.687500 792.219161 3.356472 3.269718 16.522368
 53320.000000 -842737.187500 792.896370 3.632149 3.378056 16.402744
 53340.000000 -842646.500000 792.978153 3.485487 3.491689 16.519114
 53360.000000 -843855.000000 789.443995 3.646728 3.743737 16.222301
 53380.000000 -843652.562500 792.247118 3.485691 3.670997 16.132669
 53400.000000 -844372.812500 792.718864 3.439895 3.723752 16.173846
 53420.000000 -843457.562500 792.681274 3.133057 3.599667 16.224900
 53440.000000 -844357.187500 794.500922 3.307851 3.703832 16.224458
 53460.000000 -842872.812500 793.395209 3.293729 3.631374 16.424042
 53480.000000 -843670.562500 794.326470 3.659301 3.708382 16.465083
 53500.000000 -844713.375000 791.324718 3.494303 3.374603 16.509336
 53520.000000 -844992.562500 790.658351 3.594428 3.403166 16.646150
 53540.000000 -842925.000000 794.822783 3.690126 3.400303 16.399445
 53560.000000 -843490.500000 794.892930 3.634376 3.644307 16.294427
 53580.000000 -843680.187500 793.070064 3.399347 3.455214 16.484848
 53600.000000 -844853.437500 791.551240 3.428256 3.333899 16.220520
 53620.000000 -845141.312500 793.671707 3.513343 3.165432 16.231718
 53640.000000 -842630.437500 793.883561 3.245338 3.497703 16.358843
 53660.000000 -841613.062500 795.777251 3.327896 3.447064 16.409681
 53680.000000 -843170.875000 794.749992 3.212891 3.670339 16.405757
 53700.000000 -843787.062500 794.494473 3.324195 3.470335 16.527946
 53720.000000 -843753.125000 793.892168 3.204556 3.704706 16.707389
 53740.000000 -843495.750000 796.259172 3.587727 3.633917 16.724480
 53760.000000 -842901.125000 793.727255 3.687411 3.538634 16.703380
 53780.000000 -844531.812500 791.366551 3.631238 3.142916 16.699574
 53800.000000 -842550.562500 794.735557 3.458139 3.130911 16.771705
 53820.000000 -842316.937500 795.423168 3.367790 3.301499 16.679115
 53840.000000 -843878.937500 794.208485 3.293622 3.415198 16.640472
 53860.000000 -842870.500000 793.816978 3.619473 3.277938 16.944061
 53880.000000 -843287.812500 792.165250 3.660636 3.556027 16.573108
 53900.000000 -843176.687500 794.807167 3.449475 3.577410 16.631221
 53920.000000 -842174.875000 794.526246 3.271549 3.333629 16.762073
 53940.000000 -842529.437500 794.679858 3.211204 3.145774 16.628729
 53960.000000 -844218.000000 792.722862 3.494826 3.552745 16.569790
 53980.000000 -842405.437500 793.867447 3.368702 3.642839 16.343982
 54000.000000 -843561.250000 792.060969 3.505680 3.520010 16.348383
 54020.000000 -843489.625000 793.833936 3.098139 3.618902 16.205047
 54040.000000 -843715.625000 792.371569 3.267780 3.514292 16.655739
 54060.000000 -844772.875000 792.563803 3.243198 3.402711 16.523939
 54080.000000 -843555.375000 792.793299 3.070658 3.538012 16.689412
 54100.000000 -844266.875000 792.153494 3.194126 3.416334 16.293245
 54120.000000 -843775.000000 793.743911 3.571652 3.256356 16.385907
 54140.000000 -842244.437500 794.387411 3.527724 3.267622 16.495197
 54160.000000 -843224.062500 794.384456 3.601972 3.165582 16.521946
 54180.000000 -842652.812500 793.027490 3.613064 3.254018 16.453524
 54200.000000 -844013.687500 792.263122 3.375428 3.553146 16.769346
 54220.000000 -842737.625000 792.621600 3.330872 3.497396 16.458113
 54240.000000 -844690.125000 793.238057 3.340164 3.406441 16.527783
 54260.000000 -842689.937500 794.958341 3.366521 3.481914 16.570270
 54280.000000 -843342.187500 793.951186 3.172964 3.311259 16.647489
 54300.000000 -843098.375000 794.322440 3.448808 3.306668 16.707182
 54320.000000 -842326.375000 795.794234 3.409288 3.428493 16.785726
 54340.000000 -843636.125000 793.529817 3.458232 3.318153 16.594330
 54360.000000 -844988.125000 791.136127 3.243176 3.516592 16.546758
 54380.000000 -843822.937500 792.507250 3.068907 3.549970 16.691374
 54400.000000 -842247.062500 792.772851 2.984804 3.502695 16.675100
 54420.000000 -843296.062500 793.939717 3.490404 3.188431 16.586712
 54440.000000 -843467.375000 793.778304 3.403136 3.017600 16.518638
 54460.000000 -844280.125000 795.165412 3.296968 3.232555 16.471223
 54480.000000 -844047.625000 792.969249 3.415409 3.498613 16.858360
 54500.000000 -844535.000000 790.665847 3.363105 3.491208 16.813406
 54520.000000 -844362.375000 793.314163 3.422821 3.400296 16.761282
 54540.000000 -843604.937500 793.629625 3.444566 3.608175 16.650408
 54560.000000 -842451.750000 794.606789 3.560018 3.501467 16.557764
 54580.000000 -842010.312500 794.309294 3.290526 3.366180 16.832731
 54600.000000 -843949.500000 791.972518 3.368907 3.368601 16.772145
 54620.000000 -842042.750000 791.625469 3.089329 3.485645 16.750214
 54640.000000 -844527.625000 795.061497 3.224763 3.407078 16.528872
 54660.000000 -842431.562500 795.341450 3.358535 3.441803 16.683866
 54680.000000 -844470.625000 794.572673 3.340306 3.420996 16.682093
 54700.000000 -844230.125000 793.619295 3.458151 3.463679 16.486160
 54720.000000 -842517.187500 794.746761 3.430270 3.455902 16.469655
 54740.000000 -844615.187500 792.141441 3.341344 3.315383 16.276390
 54760.000000 -844224.625000 795.018890 3.122577 3.586359 16.255115
 54780.000000 -842615.750000 796.175660 3.443241 3.452456 16.466302
 54800.000000 -844540.187500 792.146430 3.207730 3.569940 16.405245
 54820.000000 -841651.000000 792.147584 3.337174 3.580010 16.383871
 54840.000000 -843821.125000 794.928356 3.556897 3.427751 16.358548
 54860.000000 -842245.250000 794.813364 3.620607 3.329754 16.119387
 54880.000000 -842423.875000 793.179990 3.455045 3.284761 16.427269
 54900.000000 -844252.062500 796.781248 3.446818 3.329970 16.076415
 54920.000000 -845115.250000 793.534144 3.051953 3.309767 16.516144
 54940.000000 -843721.312500 794.319871 3.462728 3.328639 16.527046
 54960.000000 -843700.375000 793.997591 3.482213 3.213515 16.560106
 54980.000000 -844341.312500 792.562536 3.713715 3.479844 16.411346
 55000.000000 -843171.312500 793.490277 3.663098 3.628351 16.409665
 55020.000000 -844119.187500 792.669826 3.786970 3.581661 16.652016
 55040.000000 -844885.875000 792.132399 3.259801 3.427985 16.421140
 55060.000000 -845336.375000 791.995882 3.393096 3.634942 16.642581
 55080.000000 -845325.062500 792.521237 3.120808 3.631909 16.478161
 55100.000000 -842572.562500 794.630330 3.108426 3.581228 16.352471
 55120.000000 -844614.562500 791.878669 3.436382 3.765214 16.240494
 55140.000000 -841222.750000 796.441396 3.459029 3.603378 16.319013
 55160.000000 -841709.625000 792.618041 3.329847 3.236196 16.535362
 55180.000000 -842777.500000 793.591854 3.759738 3.316614 16.719904
 55200.000000 -842850.812500 793.140626 3.590979 3.417976 16.855495
 55220.000000 -843706.062500 793.323313 3.229889 3.503422 16.695554
 55240.000000 -842462.625000 794.517920 3.377342 3.516644 16.546266
 55260.000000 -842388.937500 790.650324 3.248719 3.619371 16.819715
 55280.000000 -842215.750000 794.039282 3.397899 3.492217 16.621097
 55300.000000 -844123.937500 793.949237 3.451199 3.467471 16.608910
 55320.000000 -843299.562500 793.950749 3.470024 3.549954 16.589958
 55340.000000 -844381.375000 793.171306 3.483810 3.472891 16.427466
 55360.000000 -844052.562500 793.417658 3.215327 3.245169 16.465685
 55380.000000 -843085.437500 792.236535 3.079050 3.470232 16.332892
 55400.000000 -842827.937500 794.505342 3.388879 3.477053 16.436701
 55420.000000 -844026.062500 792.393716 3.197064 3.520097 16.482791
 55440.000000 -844866.687500 792.764924 3.420944 3.491789 16.544773
 55460.000000 -844024.937500 793.441526 3.694942 3.444768 16.337637
 55480.000000 -843115.750000 795.304044 3.598748 3.129777 16.437796
 55500.000000 -843289.187500 792.497110 3.456627 3.328599 16.772139
 55520.000000 -844053.312500 791.887088 3.287371 3.375121 16.534721
 55540.000000 -845913.062500 790.880645 3.518614 3.187280 16.347909
 55560.000000 -842789.875000 792.844240 3.677023 2.997572 16.364345
 55580.000000 -844060.750000 791.840394 3.414367 3.250217 16.252054
 55600.000000 -842925.375000 792.855874 3.286189 3.337167 16.452636
 55620.000000 -843397.250000 796.443789 3.266420 3.304706 16.607184
 55640.000000 -844178.625000 793.008836 3.413079 3.421047 16.258776
 55660.000000 -841949.750000 792.820693 3.254218 3.487751 16.633841
 55680.000000 -844837.812500 792.318388 3.547493 3.546895 16.616603
 55700.000000 -841199.312500 794.077061 3.687020 3.486223 16.844984
 55720.000000 -842905.687500 795.290348 3.452882 3.332649 16.505264
 55740.000000 -843458.750000 793.621665 3.502981 3.355915 16.310806
 55760.000000 -843715.250000 792.199116 3.469088 3.479096 16.647275
 55780.000000 -843249.187500 796.707255 3.563879 3.479527 16.720481
 55800.000000 -843604.000000 793.245829 4.087697 3.391391 16.835884
 55820.000000 -843765.812500 793.421054 3.560798 3.157694 16.533074
 55840.000000 -843557.625000 792.336737 3.620779 3.333077 16.483715
 55860.000000 -842679.500000 793.499902 3.534110 3.645072 16.518596
 55880.000000 -843463.125000 789.955530 3.408553 3.644752 16.500128
 55900.000000 -844869.187500 793.646782 3.583710 3.647165 16.414100
 55920.000000 -842250.437500 794.570052 3.661152 3.404999 16.504453
 55940.000000 -844454.000000 793.273752 3.462839 3.399197 16.343721
 55960.000000 -842426.312500 791.738472 3.436350 3.124657 16.466024
 55980.000000 -844072.687500 792.004193 3.305089 3.440954 16.626466
 56000.000000 -842144.375000 791.745956 3.308760 3.377895 16.501511
 56020.000000 -843842.625000 793.692944 3.354344 3.410892 16.419410
 56040.000000 -843973.875000 790.779932 3.728782 3.420274 16.297046
 56060.000000 -844041.375000 794.751888 3.403167 3.312967 16.442723
 56080.000000 -843454.750000 791.577282 3.336636 3.480065 16.417197
 56100.000000 -844945.750000 792.003211 3.379616 3.610749 16.612847
 56120.000000 -845569.375000 791.381496 3.563454 3.322301 16.591937
 56140.000000 -845891.500000 789.897258 3.455432 3.266359 16.620777
 56160.000000 -842026.812500 793.701372 3.276540 3.162195 16.756765
 56180.000000 -843864.875000 791.579898 3.242967 3.025702 16.757602
 56200.000000 -844336.125000 793.786941 3.307157 3.458886 16.553934
 56220.000000 -844684.500000 793.474667 3.144608 3.400029 16.583256
#! FIELDS time G vol p.x p.y p.z
 56240.000000 -844832.812500 791.218968 3.393028 3.318056 16.582460
 56260.000000 -843775.625000 793.089191 3.238385 3.330662 16.464773
 56280.000000 -844808.875000 789.640389 3.419864 3.235715 16.281558
 56300.000000 -842553.500000 791.573082 3.577464 3.278229 16.130528
 56320.000000 -843805.812500 789.462509 3.470683 3.370343 16.457359
 56340.000000 -845666.375000 791.972491 3.577343 3.384963 16.639082
 56360.000000 -844959.437500 791.894567 3.676625 3.434844 16.414625
 56380.000000 -841245.000000 796.482264 3.411289 3.535274 16.468016
 56400.000000 -844280.812500 793.375457 2.997216 3.433877 16.689972
 56420.000000 -842036.687500 795.800063 3.283024 3.482428 16.696839
 56440.000000 -842924.062500 793.317829 3.597136 3.460873 16.592233
 56460.000000 -844438.812500 791.640430 3.208727 3.170803 16.614897
 56480.000000 -843741.812500 793.976748 3.026826 3.185316 16.450405
 56500.000000 -843373.687500 794.069924 3.204169 3.364475 16.368691
 56520.000000 -842054.937500 792.324855 3.349810 3.615001 16.602371
 56540.000000 -844848.562500 790.932079 3.327923 3.441480 16.389997
 56560.000000 -842845.437500 792.487607 3.342265 3.641358 16.129240
 56580.000000 -842681.687500 794.139607 3.520689 3.281612 16.319894
 56600.000000 -842088.875000 792.053862 3.368964 3.188949 16.317356
 56620.000000 -843773.562500 791.725081 3.259351 3.150269 16.414704
 56640.000000 -844062.125000 791.463046 3.070174 3.439691 16.283249
 56660.000000 -842489.062500 794.955726 3.052160 3.253373 16.312857
 56680.000000 -843184.312500 792.865207 3.438153 3.597997 16.132128
 56700.000000 -843959.187500 792.128201 3.646762 3.453038 16.191397
 56720.000000 -843302.812500 792.863249 3.452781 3.132791 16.442657
 56740.000000 -843798.000000 791.894262 3.374657 3.316579 16.599002
 56760.000000 -844238.000000 792.992633 3.308644 2.981494 16.569114
 56780.000000 -844092.062500 791.209036 3.481113 3.001333 16.807261
 56800.000000 -843576.375000 791.523532 3.812680 3.281643 16.593170
 56820.000000 -842356.750000 794.003586 3.476235 3.177756 16.382952
 56840.000000 -843626.000000 792.152271 3.497078 3.253604 16.620737
 56860.000000 -845326.250000 790.835013 3.470808 3.213913 16.354651
 56880.000000 -844602.187500 793.827147 3.371743 3.237629 16.459364
 56900.000000 -842196.562500 794.984527 3.492302 3.561249 16.547728
 56920.000000 -844860.375000 792.671022 3.738810 3.672105 16.432471
 56940.000000 -845767.125000 791.256946 3.557106 3.425911 16.356207
 56960.000000 -843555.375000 792.375310 3.546928 3.521693 16.531387
 56980.000000 -843660.000000 792.316707 3.489542 3.622594 16.323095
 57000.000000 -843697.187500 794.751951 3.548234 3.774654 16.529024
 57020.000000 -845587.875000 790.048924 3.590502 3.550384 16.434995
 57040.000000 -843291.750000 791.817245 3.474720 3.364873 16.494313
 57060.000000 -844308.000000 793.325036 3.603880 3.225072 16.380579
 57080.000000 -845297.500000 791.924887 3.535512 3.537158 16.524427
 57100.000000 -842876.562500 792.027717 3.534507 3.438307 16.415625
 57120.000000 -843495.625000 790.454536 3.218233 3.584168 16.390634
 57140.000000 -844256.687500 793.621147 3.364343 3.526829 16.093247
 57160.000000 -843922.750000 792.710798 3.469869 3.688302 16.405521
 57180.000000 -843437.437500 795.080560 3.639698 3.223706 16.322052
 57200.000000 -843479.500000 793.782591 3.305115 3.395735 16.614502
 57220.000000 -843285.375000 792.230696 3.266445 3.292521 16.799642
 57240.000000 -844528.687500 791.664692 3.470107 3.383022 16.543295
 57260.000000 -843085.437500 794.763846 3.392347 3.230049 16.374215
 57280.000000 -844758.437500 794.530430 3.214820 3.472412 16.371367
 57300.000000 -842834.812500 795.581006 3.213170 3.337849 16.394571
 57320.000000 -843742.000000 791.475114 3.319925 3.623740 16.658368
 57340.000000 -843429.125000 792.743087 3.436152 3.301122 16.586931
 57360.000000 -845384.687500 793.770716 3.454657 3.218197 16.734128
 57380.000000 -844261.875000 790.836960 3.369314 3.309508 16.637919
 57400.000000 -845028.437500 791.372626 3.438944 3.331981 16.533233
 57420.000000 -844337.062500 790.405508 3.489157 3.152087 16.719888
 57440.000000 -842549.250000 792.770718 3.439765 3.406641 16.729769
 57460.000000 -841813.875000 792.479544 3.431779 3.447448 16.491668
 57480.000000 -844098.187500 792.572642 3.416837 3.237680 16.310105
 57500.000000 -842631.125000 791.019538 3.486692 3.264877 16.391271
 57520.000000 -844762.375000 790.846133 3.376599 3.328448 16.503732
 57540.000000 -842568.125000 791.911768 3.325160 3.272429 16.569817
 57560.000000 -842636.750000 793.039953 3.443450 3.193943 16.351734
 57580.000000 -844528.687500 791.468878 3.610299 3.196414 15.976332
 57600.000000 -842662.250000 795.785503 3.207699 3.012082 16.312766
 57620.000000 -843703.125000 793.444844 3.085090 3.253119 16.592402
 57640.000000 -844025.062500 794.222253 3.272780 3.358630 16.672929
 57660.000000 -844198.562500 791.372635 3.574664 3.487110 16.842812
 57680.000000 -842300.062500 791.620111 3.477935 3.101496 16.835252
 57700.000000 -842917.562500 795.553754 3.345186 3.390834 16.562388
 57720.000000 -843700.250000 791.037527 3.310637 3.315345 16.331897
 57740.000000 -844984.125000 793.711016 3.606093 3.407310 16.612946
 57760.000000 -844388.250000 792.367673 3.359566 3.326672 16.416717
 57780.000000 -841828.000000 795.692747 3.240087 3.435335 16.537849
 57800.000000 -844009.312500 794.326922 3.478386 3.031538 16.500840
 57820.000000 -843144.250000 794.564224 3.553406 3.116927 16.479044
 57840.000000 -843055.375000 793.220213 3.624302 3.502822 16.516938
 57860.000000 -842894.250000 794.075841 3.554356 3.452934 16.595128
 57880.000000 -842848.375000 795.573176 3.475724 3.671948 16.720428
 57900.000000 -844649.187500 792.250719 3.231201 3.341219 16.560054
 57920.000000 -843838.312500 795.527404 3.265673 3.151750 16.527642
 57940.000000 -843360.812500 791.871899 3.214536 3.415082 16.457650
 57960.000000 -842313.187500 794.717348 3.447211 3.374192 16.481915
 57980.000000 -844167.125000 791.618933 3.583120 3.349902 16.482613
 58000.000000 -844987.000000 789.469309 3.296274 3.475518 16.576828
 58020.000000 -843629.562500 794.066657 3.536282 3.603959 16.805292
 58040.000000 -843241.500000 792.319367 3.217670 3.694200 16.451846
 58060.000000 -843818.625000 792.798213 3.330834 3.491142 16.560930
 58080.000000 -842732.625000 792.531726 3.411917 3.143900 16.647290
 58100.000000 -843473.437500 791.800584 3.491265 3.311217 16.648800
 58120.000000 -843567.500000 792.588201 3.361525 3.376721 16.655175
 58140.000000 -843156.750000 794.152395 3.529151 3.226017 16.589748
 58160.000000 -841872.687500 795.886574 3.473832 3.155306 16.460274
 58180.000000 -843536.312500 791.370923 3.502496 3.525613 16.427103
 58200.000000 -841791.562500 794.297882 3.653051 3.474579 16.441053
 58220.000000 -843507.125000 792.195948 3.771890 3.220441 16.485916
 58240.000000 -844024.562500 792.947376 3.590046 3.186093 16.403919
 58260.000000 -841604.875000 793.240291 3.581129 3.382198 16.405501
 58280.000000 -844889.937500 792.599169 3.446813 3.340262 16.459130
 58300.000000 -846161.437500 790.021335 3.607807 3.521438 16.282259
 58320.000000 -843206.000000 791.260417 3.588843 3.568658 16.551405
 58340.000000 -843493.250000 792.636860 3.704306 3.508757 16.626034
 58360.000000 -843250.250000 795.520655 3.367324 3.462327 16.842334
 58380.000000 -843678.125000 794.190932 3.246330 3.371478 16.682491
 58400.000000 -843350.812500 792.183591 3.221856 3.483270 16.332802
 58420.000000 -843257.375000 794.080303 3.316937 3.503234 16.528005
 58440.000000 -842452.625000 796.053431 3.220224 3.375286 16.481620
 58460.000000 -843697.875000 793.220327 3.270257 3.536901 16.533547
 58480.000000 -843422.625000 791.596687 3.306088 3.541552 16.408680
 58500.000000 -843065.687500 792.808836 3.200705 3.474717 16.274567
 58520.000000 -843992.375000 793.575116 3.383730 3.674446 16.836326
 58540.000000 -842826.562500 794.278389 3.147973 3.707947 16.614506
 58560.000000 -844067.812500 792.832206 3.301752 3.586386 16.760546
 58580.000000 -842326.000000 794.426817 3.443100 3.258512 16.860997
 58600.000000 -842900.625000 794.248903 3.240733 3.301506 16.782118
 58620.000000 -841835.437500 793.058703 3.425258 3.067611 16.706474
 58640.000000 -841446.062500 795.402764 3.498344 3.507023 16.510867
 58660.000000 -842472.187500 791.652515 3.282263 3.443445 16.451995
 58680.000000 -843413.062500 789.989789 3.286187 3.181124 16.515637
 58700.000000 -843330.312500 793.071613 3.437377 3.396851 16.711037
 58720.000000 -844918.000000 791.840486 3.442492 3.485163 16.454392
 58740.000000 -843227.312500 792.760585 3.292692 3.520348 16.436802
 58760.000000 -843828.250000 790.509343 3.242156 3.504010 16.226111
 58780.000000 -843537.562500 791.475457 3.453519 3.277178 16.379975
 58800.000000 -845028.000000 790.381761 3.555681 3.505138 16.771258
 58820.000000 -845384.000000 789.329090 3.386625 3.304400 16.227330
 58840.000000 -840742.625000 792.973863 3.256780 3.515278 16.260246
 58860.000000 -842776.312500 794.439313 3.349204 3.374424 16.171341
 58880.000000 -845007.125000 792.321959 3.669488 3.104687 16.457907
 58900.000000 -844310.062500 793.393367 3.638548 3.376538 16.511593
 58920.000000 -843393.000000 790.984946 3.451808 3.496044 16.503460
 58940.000000 -843732.312500 791.461758 3.288172 3.374438 16.505356
 58960.000000 -843666.062500 790.576912 3.337456 3.614325 16.561498
 58980.000000 -844167.250000 791.216632 3.464159 3.505656 16.464523
 59000.000000 -843253.125000 792.593320 3.452863 3.362964 16.707383
 59020.000000 -842579.125000 791.842903 3.452417 3.683877 16.394625
 59040.000000 -841301.437500 793.929736 3.369425 3.615588 16.211728
 59060.000000 -843167.812500 793.806696 3.506469 3.591460 16.170084
 59080.000000 -844805.500000 793.951051 3.586449 3.386943 16.429326
 59100.000000 -845171.562500 791.733146 3.487107 3.299640 16.332546
 59120.000000 -844070.437500 792.951940 3.578873 3.219700 16.371923
 59140.000000 -844352.187500 792.390456 3.788871 3.340503 16.550357
 59160.000000 -841120.750000 793.282300 3.474197 3.246915 16.383552
 59180.000000 -844857.687500 792.127232 3.595694 3.234347 16.475429
 59200.000000 -843105.187500 794.854561 3.552467 3.124707 16.406962
 59220.000000 -842966.875000 793.026947 3.437143 3.106403 16.381193
 59240.000000 -840907.937500 795.053761 3.778544 3.365122 16.371647
 59260.000000 -841905.562500 794.234661 3.304008 3.246913 16.382627
 59280.000000 -843748.625000 793.538689 3.428207 3.295694 16.477591
 59300.000000 -845349.000000 793.283360 3.477759 3.389638 16.354950
 59320.000000 -842336.750000 795.140083 3.379957 3.268008 16.605819
 59340.000000 -844638.500000 793.035594 3.157380 3.159201 16.598375
 59360.000000 -843902.562500 792.421322 3.111472 3.359904 16.228908
 59380.000000 -842370.125000 794.662642 3.230095 3.276682 16.421425
 59400.000000 -843388.375000 791.151672 3.407062 3.195794 16.663309
 59420.000000 -842704.375000 796.394748 3.509177 3.384048 16.471702
 59440.000000 -843936.500000 794.541269 3.461886 3.717572 16.673441
 59460.000000 -842821.437500 792.521272 3.360660 3.469417 16.499077
 59480.000000 -843757.937500 792.601800 3.563624 3.444654 16.371432
 59500.000000 -843348.812500 791.704794 3.281768 3.539130 16.257628
 59520.000000 -843922.562500 793.044892 3.250522 3.517039 16.652484
 59540.000000 -841880.000000 794.063419 3.600721 3.348105 16.723567
 59560.000000 -843466.125000 795.135265 3.330702 3.272382 16.505373
 59580.000000 -842607.500000 792.588814 3.548070 3.697082 16.194257
 59600.000000 -842488.875000 792.851720 3.675494 3.494067 16.283238
 59620.000000 -842930.125000 793.652836 3.521009 3.335458 16.408421
 59640.000000 -842828.750000 795.887210 3.544247 3.486731 16.470000
 59660.000000 -846071.625000 791.689175 3.641604 3.359809 16.401697
 59680.000000 -843356.812500 792.473274 3.292657 3.271813 16.364646
 59700.000000 -843007.750000 793.991109 3.490263 3.208674 16.462533
 59720.000000 -843144.687500 790.501353 3.548013 3.190508 16.559596
 59740.000000 -841407.812500 792.724334 3.401896 3.164199 16.369862
 59760.000000 -843419.875000 791.910373 3.527945 3.188170 16.511208
 59780.000000 -842457.312500 792.098973 3.386054 3.606414 16.419214
 59800.000000 -842673.750000 795.519085 3.136292 3.582666 16.288263
 59820.000000 -843633.812500 792.347947 3.250090 3.454996 16.454696
 59840.000000 -843250.562500 792.876067 3.494915 3.577809 16.772532
 59860.000000 -845377.875000 788.287878 3.588427 3.793363 16.662205
 59880.000000 -842647.500000 792.579471 3.434542 3.436519 16.734389
 59900.000000 -844411.812500 792.897164 3.579668 3.254301 16.644467
 59920.000000 -843238.125000 792.324358 3.441678 3.712460 16.672233
 59940.000000 -844027.000000 790.753162 3.327804 3.277002 16.561736
 59960.000000 -844798.750000 791.058624 3.381050 3.464080 16.731444
 59980.000000 -844270.375000 793.452574 3.420307 3.632438 16.826280
 60000.000000 -842041.125000 792.962455 3.158488 3.178988 16.759280
 60020.000000 -843326.187500 790.621561 3.490822 3.492366 16.852557
 60040.000000 -844676.437500 792.993068 3.524018 3.331478 16.922940
 60060.000000 -843196.750000 791.625676 3.285246 3.277302 16.596976
 60080.000000 -845317.250000 792.042783 3.334881 3.428554 16.454371
 60100.000000 -843864.000000 792.567767 3.518834 3.628692 16.408028
 60120.000000 -844391.562500 790.254926 3.650867 3.416903 16.377253
 60140.000000 -843371.000000 793.704607 3.821775 3.581423 16.483299
 60160.000000 -844734.375000 790.997061 3.490863 3.356061 16.426694
 60180.000000 -841503.562500 794.117130 3.424542 3.145802 16.311195
 60200.000000 -843122.750000 791.850014 3.320590 3.056012 16.509447
 60220.000000 -844167.937500 794.653807 3.502679 3.038091 16.489055
 60240.000000 -842888.250000 792.490384 3.365649 3.243364 16.309954
 60260.000000 -843328.062500 793.331832 3.558668 3.516300 16.334758
 60280.000000 -844161.812500 793.688557 3.346745 3.549182 16.563295
 60300.000000 -842717.250000 790.518235 3.331779 3.343185 16.626891
 60320.000000 -844899.562500 794.574665 3.424985 3.441348 16.693807
 60340.000000 -844258.812500 793.531209 3.569054 3.467343 16.465333
 60360.000000 -844100.687500 793.420356 3.403893 3.370128 16.557673
 60380.000000 -843258.437500 794.450157 3.223262 3.278846 16.507593
 60400.000000 -841080.812500 795.544157 3.440196 3.143504 16.504424
 60420.000000 -843408.187500 791.465142 3.435123 3.390897 16.668340
 60440.000000 -844597.125000 792.449429 3.283898 3.516995 16.581126
 60460.000000 -842406.937500 793.965343 3.418250 3.297113 16.618816
 60480.000000 -840774.562500 795.063629 3.487174 3.596434 16.506111
 60500.000000 -843519.937500 793.103604 3.565942 3.516478 16.321478
 60520.000000 -844707.875000 791.535961 3.458367 3.590104 16.596970
 60540.000000 -841998.562500 792.463261 3.340151 3.400276 16.351394
 60560.000000 -844262.812500 793.011314 3.436461 3.324152 16.457679
 60580.000000 -843268.125000 792.921265 3.563505 3.453299 16.404238
 60600.000000 -845697.687500 794.197840 3.739400 3.531515 16.236217
 60620.000000 -843628.000000 794.809049 3.361858 3.604397 16.229167
 60640.000000 -842303.687500 794.140490 3.537319 3.241609 16.189448
 60660.000000 -842373.062500 795.908064 3.562546 3.020335 16.399500
 60680.000000 -842001.375000 793.033687 3.328073 3.284190 16.676983
 60700.000000 -844235.375000 791.825155 3.201816 3.435606 16.540693
 60720.000000 -843679.625000 793.338919 3.031970 3.355771 16.816877
 60740.000000 -841878.687500 796.416876 3.456676 3.430749 16.468459
 60760.000000 -841619.187500 797.976400 3.579037 3.647313 16.547018
 60780.000000 -843078.312500 793.228213 3.486401 3.447750 16.196661
 60800.000000 -841905.250000 794.629152 3.263605 3.410754 16.681653
 60820.000000 -843814.250000 790.767515 3.426184 3.281348 16.831137
 60840.000000 -842464.125000 791.296202 3.390008 3.332912 16.532369
 60860.000000 -842676.062500 791.678613 3.340012 3.376505 16.283277
 60880.000000 -842432.375000 795.593456 3.362900 3.456855 16.468577
 60900.000000 -844357.125000 793.082469 3.009639 3.488414 16.519238
 60920.000000 -843518.250000 791.119876 3.311174 3.520603 16.726683
 60940.000000 -843072.750000 793.636987 3.273686 3.522585 16.575841
 60960.000000 -843895.250000 791.816836 3.189451 3.388884 16.618081
 60980.000000 -843705.375000 792.410363 3.458494 3.407724 16.696339
 61000.000000 -843208.000000 795.284297 3.529976 3.743915 16.686112
 61020.000000 -844028.625000 794.893979 3.857901 3.498156 16.679960
 61040.000000 -843420.312500 793.860941 3.671473 3.613310 16.588699
 61060.000000 -842736.500000 792.689106 3.543569 3.464584 16.545969
 61080.000000 -845947.062500 790.826955 3.488006 3.395685 16.527517
 61100.000000 -842484.125000 794.999072 3.545354 3.468177 16.572412
 61120.000000 -844573.125000 791.158655 3.527527 3.478440 16.778597
 61140.000000 -843178.625000 793.899917 3.348024 3.372373 16.599686
 61160.000000 -844078.312500 791.035035 3.180469 3.413756 16.495667
 61180.000000 -842472.375000 792.728751 3.283890 3.401582 16.448361
 61200.000000 -843018.562500 793.315530 3.261576 3.536554 16.475559
 61220.000000 -843924.750000 794.016817 3.684086 3.839602 16.659200
 61240.000000 -843928.125000 792.437445 3.468937 3.650440 16.623129
 61260.000000 -843774.812500 793.081027 3.360438 3.248987 16.511201
 61280.000000 -842113.062500 794.443948 3.116733 3.371821 16.448456
 61300.000000 -844866.812500 791.246959 3.387179 3.620577 16.377719
 61320.000000 -843625.187500 794.020992 3.580460 3.384866 16.623196
 61340.000000 -843286.750000 793.895132 3.270239 3.272997 16.460869
 61360.000000 -843472.437500 793.744318 3.366000 3.164582 16.561253
 61380.000000 -842881.750000 791.855733 3.461543 3.308976 16.511252
 61400.000000 -842922.000000 793.281502 3.394927 3.397579 16.256832
 61420.000000 -844236.250000 795.698725 3.412477 3.400920 16.432366
 61440.000000 -843418.875000 793.891206 3.532840 3.379996 16.244803
 61460.000000 -843312.000000 792.427852 3.557199 3.372083 16.478279
 61480.000000 -843794.375000 792.237597 3.457241 3.425473 16.391031
 61500.000000 -842909.062500 792.829800 3.459452 3.305081 16.452735
 61520.000000 -842629.375000 793.752328 3.268754 3.126046 16.622205
 61540.000000 -843008.687500 792.173824 3.350316 3.475159 16.650969
 61560.000000 -842465.312500 792.763155 3.200835 3.627091 16.731263
 61580.000000 -843397.187500 792.819531 3.236532 3.725260 16.632387
 61600.000000 -844405.500000 793.616549 3.095958 3.499207 16.230838
 61620.000000 -842838.937500 793.126373 3.313394 3.422146 16.299570
 61640.000000 -843639.625000 795.348634 3.436589 3.385226 16.365149
 61660.000000 -842685.312500 793.018790 3.254506 3.547368 16.663320
 61680.000000 -841707.937500 792.790097 3.144789 3.335272 16.407724
 61700.000000 -841931.312500 793.645435 3.308818 3.360448 16.491132
 61720.000000 -842333.625000 793.391615 3.345503 3.651161 16.484080
 61740.000000 -845071.750000 792.016068 3.320778 3.521208 16.416756
 61760.000000 -843680.937500 792.524717 3.417558 3.143925 16.547885
 61780.000000 -843553.000000 793.606367 3.150635 3.208699 16.369234
 61800.000000 -843387.937500 795.405686 3.169186 3.433399 16.308557
 61820.000000 -842793.437500 793.972289 3.001696 3.528063 16.484176
 61840.000000 -841305.250000 795.097998 3.394372 3.533603 16.537676
 61860.000000 -842995.812500 794.437763 3.233429 3.336400 16.372787
 61880.000000 -842824.187500 794.167478 3.421016 3.684617 16.534004
 61900.000000 -842426.562500 794.784548 3.422388 3.648044 16.425345
 61920.000000 -841379.312500 795.594161 3.405977 3.039948 16.239009
 61940.000000 -843104.750000 793.783970 3.174827 3.301341 16.252887
 61960.000000 -841336.250000 795.449254 3.143034 3.541025 16.411547
 61980.000000 -842319.250000 794.915266 3.154449 3.294933 16.235516
 62000.000000 -844476.125000 792.950146 3.314320 3.566827 16.258887
 62020.000000 -844457.500000 794.641253 3.336457 3.330154 16.362100
 62040.000000 -843530.500000 792.166351 3.309500 3.253986 16.244727
 62060.000000 -843778.062500 795.021908 3.551260 3.171481 16.430703
 62080.000000 -843656.500000 794.944211 3.371110 3.290187 16.445764
 62100.000000 -843740.687500 792.523637 3.169884 3.174790 16.454489
 62120.000000 -843522.375000 792.623945 3.597523 3.330959 16.432754
 62140.000000 -844720.312500 793.279602 3.326858 2.991234 16.457372
 62160.000000 -842283.250000 794.224722 3.148064 3.222042 16.344588
 62180.000000 -843207.187500 791.402864 3.308801 3.554989 16.440565
 62200.000000 -842634.250000 792.606869 3.405874 3.620034 16.541639
 62220.000000 -843968.937500 793.568792 3.585466 3.390394 16.737219
 62240.000000 -842338.687500 793.417347 3.453309 3.419415 16.440247
 62260.000000 -842857.437500 795.105377 3.583144 3.522455 16.539699
 62280.000000 -843443.000000 794.153415 3.385504 3.453797 16.660301
 62300.000000 -842710.812500 793.948164 3.278311 3.345359 16.538537
 62320.000000 -844321.562500 791.433551 3.400938 3.313248 16.641464
 62340.000000 -843528.812500 792.176722 3.339297 3.331977 16.518044
 62360.000000 -843637.687500 793.078834 3.244945 3.525487 16.626865
 62380.000000 -843914.875000 792.193359 3.427371 3.447664 16.450474
 62400.000000 -842739.500000 793.821404 3.431726 3.392748 16.379213
 62420.000000 -844441.125000 791.524226 3.273449 3.380710 16.519070
 62440.000000 -845214.375000 791.281912 3.308564 3.544713 16.367892
 62460.000000 -843680.312500 793.712451 3.409196 3.175914 16.320523
 62480.000000 -843718.937500 796.316612 3.457120 3.157150 16.805839
 62500.000000 -843318.750000 794.817420 3.319838 3.309295 16.382528
 62520.000000 -843161.437500 795.286713 3.428919 3.506207 16.574839
 62540.000000 -845824.000000 792.553230 3.198687 3.329028 16.286970
 62560.000000 -843384.562500 794.107080 3.120172 3.454939 16.369544
 62580.000000 -844635.375000 792.794561 3.351042 3.106790 16.452942
 62600.000000 -842819.437500 791.408930 3.350680 3.197895 16.558255
 62620.000000 -844876.375000 793.885687 3.372510 3.618298 16.481837
 62640.000000 -843511.250000 793.878791 3.394078 3.725588 16.394480
 62660.000000 -842926.687500 793.691397 3.421158 3.457664 16.491541
 62680.000000 -843839.250000 795.022642 3.602111 3.322070 16.263198
 62700.000000 -843306.375000 794.152317 3.488516 3.292133 16.444381
 62720.000000 -842025.312500 792.539953 3.663225 3.529035 16.671355
 62740.000000 -844313.625000 791.931196 3.318041 3.393826 16.603669
 62760.000000 -843249.500000 794.783645 3.314886 3.045080 16.272548
 62780.000000 -845137.875000 792.273995 3.360276 3.432019 16.211193
 62800.000000 -842589.687500 795.712492 3.353179 3.469749 16.570743
 62820.000000 -841975.812500 794.594603 3.426432 3.449972 16.716312
 62840.000000 -844055.937500 792.033240 3.432840 3.484768 16.629866
 62860.000000 -844463.625000 792.810846 3.092688 3.619635 16.739929
 62880.000000 -844827.562500 791.557086 3.159937 3.493542 16.512294
 62900.000000 -844405.500000 794.047800 3.167617 3.446969 16.421097
 62920.000000 -842947.750000 793.425253 3.278227 3.485003 16.612426
 62940.000000 -844672.500000 793.361709 3.200491 3.294003 16.505926
 62960.000000 -843482.875000 792.802478 3.324338 3.328010 16.401289
 62980.000000 -845331.437500 792.172321 3.662067 3.657175 16.273880
 63000.000000 -843329.250000 793.569460 3.805724 3.252861 16.533077
 63020.000000 -843603.687500 791.317173 3.244631 3.235863 16.410236
 63040.000000 -844507.687500 795.888653 3.059877 3.347503 16.305063
 63060.000000 -842352.187500 792.932219 3.268605 3.148007 16.552656
 63080.000000 -843055.437500 795.218682 3.471155 3.348487 16.793316
 63100.000000 -841257.250000 793.982462 3.431768 3.105105 16.450403
 63120.000000 -843480.687500 793.744350 3.445735 3.299340 16.455159
 63140.000000 -843144.562500 793.905919 3.207012 3.128182 16.535979
 63160.000000 -843796.625000 790.822207 3.399842 3.200167 16.513716
 63180.000000 -843653.000000 795.940250 3.284311 3.563659 16.566337
 63200.000000 -842657.062500 797.522819 3.245653 3.598260 16.299497
 63220.000000 -841973.062500 793.905334 3.459434 3.265089 16.671492
 63240.000000 -843564.812500 794.854280 3.711545 3.338865 16.778750
 63260.000000 -846539.375000 789.927512 3.449853 3.421841 16.760476
 63280.000000 -843583.812500 791.561786 3.532515 3.514208 16.493177
 63300.000000 -843824.500000 796.088932 3.491536 3.160172 16.233305
 63320.000000 -843613.187500 793.721928 3.435529 3.217897 16.650437
 63340.000000 -843912.812500 792.597334 3.354111 3.148548 16.636061
 63360.000000 -843008.937500 792.707625 3.379681 3.314140 16.158117
 63380.000000 -842586.875000 794.408217 3.689506 3.323124 16.492038
 63400.000000 -843180.312500 795.234715 3.408648 3.481990 16.402857
 63420.000000 -842829.687500 794.923593 3.340034 3.292920 16.531384
 63440.000000 -844035.312500 793.142223 3.492596 3.267982 16.607063
 63460.000000 -844183.375000 790.631291 3.380259 3.118338 16.356533
 63480.000000 -843073.875000 794.141362 3.266289 3.304441 16.373374
 63500.000000 -842895.562500 795.564062 3.411486 3.423612 16.439006
 63520.000000 -843162.437500 794.696662 3.445819 3.221417 16.360845
 63540.000000 -843560.375000 795.008894 3.285616 3.420911 16.355223
 63560.000000 -844533.500000 793.440313 3.506481 3.340942 16.764567
 63580.000000 -844202.812500 793.277025 3.264099 3.654764 16.606510
 63600.000000 -842370.500000 794.302353 3.275324 3.590480 16.517840
 63620.000000 -844256.250000 792.377267 3.405655 3.584173 16.571973
 63640.000000 -841304.625000 792.889717 3.283821 3.394954 16.772394
 63660.000000 -842831.625000 792.525943 3.331342 3.561594 16.780382
 63680.000000 -842590.000000 795.576958 3.147014 3.649524 16.860705
 63700.000000 -844047.375000 794.226254 3.190936 3.434397 16.572468
 63720.000000 -844825.375000 790.499895 3.348598 3.372212 16.417849
 63740.000000 -844603.687500 791.126900 3.491037 3.402825 16.517850
 63760.000000 -844796.187500 794.928455 3.494867 3.256621 16.594695
 63780.000000 -842674.187500 793.261122 3.475308 3.266130 16.579820
 63800.000000 -843113.625000 794.652586 3.413631 3.208809 16.642229
 63820.000000 -842379.437500 796.346213 3.304196 2.996706 16.764015
 63840.000000 -843005.375000 794.579058 3.401322 3.371656 16.322945
 63860.000000 -842136.812500 793.070029 3.583932 3.221417 16.471070
 63880.000000 -842486.437500 794.698422 3.277807 3.300474 16.474952
 63900.000000 -844120.625000 793.895618 3.419373 3.408479 16.551614
 63920.000000 -841965.375000 796.944732 3.320859 3.158210 16.175759
 63940.000000 -842900.625000 795.390830 3.447076 3.177228 16.028055
 63960.000000 -843942.812500 793.402487 3.518917 3.369897 16.458765
 63980.000000 -843578.875000 793.452052 3.751148 3.586012 16.394933
 64000.000000 -842594.625000 792.752595 3.861615 3.669045 16.651845
 64020.000000 -840824.875000 793.240806 3.503929 3.595316 16.601430
 64040.000000 -842038.062500 792.592792 3.077457 3.646977 16.551725
 64060.000000 -845288.500000 792.020374 3.358979 3.302061 16.475970
 64080.000000 -842794.500000 793.959027 3.413270 3.350403 16.321411
 64100.000000 -843613.500000 792.069419 3.566338 3.003453 16.382426
 64120.000000 -843598.500000 793.357930 3.683221 3.189212 16.417619
 64140.000000 -842185.687500 795.910871 3.413005 3.468448 16.387124
 64160.000000 -843532.750000 793.862920 3.414304 3.318877 16.546472
 64180.000000 -844242.750000 792.651750 3.575439 3.268148 16.746316
 64200.000000 -842053.125000 793.384837 3.640873 3.364954 16.288350
 64220.000000 -844687.687500 793.181711 3.413000 3.428341 16.431778
 64240.000000 -844256.187500 792.002013 3.845909 3.504160 16.322227
 64260.000000 -840972.625000 796.225859 3.736166 3.393869 16.503684
 64280.000000 -842919.125000 793.960791 3.478037 3.289814 16.804845
 64300.000000 -841677.375000 794.225067 3.314262 3.112851 16.644664
 64320.000000 -842815.875000 790.533989 3.516148 3.388765 16.786649
 64340.000000 -843834.562500 791.914349 3.402159 3.355347 16.651951
 64360.000000 -842364.437500 792.414006 3.311819 3.525850 16.680924
 64380.000000 -844614.250000 793.381892 3.337613 3.544114 16.692892
 64400.000000 -843500.562500 794.607542 3.364357 3.318449 16.631890
 64420.000000 -842975.125000 794.942364 3.554042 3.415647 16.823546
 64440.000000 -842868.812500 792.895542 3.340558 3.672660 16.714967
 64460.000000 -844658.187500 794.114669 3.371482 3.928485 16.545682
 64480.000000 -843881.062500 793.639446 3.456413 3.730607 16.324184
 64500.000000 -843404.125000 791.487132 3.605219 3.504558 16.297506
 64520.000000 -844456.625000 793.444677 3.550585 3.446919 16.435431
 64540.000000 -842940.750000 793.033576 3.334627 3.492512 16.156085
 64560.000000 -843418.375000 792.609765 3.538915 3.381686 16.326820
 64580.000000 -844438.312500 793.635031 3.457212 3.188248 16.505383
 64600.000000 -844548.250000 791.917532 3.334994 3.315724 16.455380
 64620.000000 -841323.437500 792.699025 3.466773 3.376345 16.158806
 64640.000000 -844080.000000 795.144387 3.574225 3.631254 16.372709
 64660.000000 -842040.687500 796.382052 3.670271 3.599127 16.305485
 64680.000000 -842878.250000 793.381665 3.387310 3.564741 16.305816
 64700.000000 -843010.562500 791.227322 3.314172 3.603483 16.496257
 64720.000000 -844009.375000 791.870522 3.471620 3.534980 16.542418
 64740.000000 -844510.312500 791.915054 3.326896 3.488720 16.501381
 64760.000000 -842926.812500 793.634600 3.454017 3.341073 16.297863
 64780.000000 -842832.437500 794.846045 3.253277 3.167715 16.447922
 64800.000000 -841473.687500 794.896213 3.280515 3.044648 16.140304
 64820.000000 -841458.875000 796.673252 3.364251 3.348967 16.401875
 64840.000000 -841660.000000 796.160853 3.611532 3.516648 16.427406
 64860.000000 -843645.625000 792.422045 3.635154 3.193434 16.083266
 64880.000000 -842006.250000 793.684019 3.271935 3.477993 16.423825
 64900.000000 -842227.937500 795.824114 3.323750 3.283083 16.349331
 64920.000000 -840275.750000 795.234424 3.483267 3.364691 16.185209
 64940.000000 -843209.625000 793.273070 3.645911 3.273351 16.423424
 64960.000000 -842503.562500 795.215877 3.533772 3.347943 16.499019
 64980.000000 -843259.750000 790.382686 3.374431 3.511448 16.497104
 65000.000000 -845351.250000 791.682835 3.260353 3.635388 16.440277
 65020.000000 -843844.250000 797.413012 3.388301 3.565186 16.493995
 65040.000000 -842624.625000 792.912871 3.481636 3.489186 16.664370
 65060.000000 -844810.750000 792.087776 3.480386 3.197276 16.634732
 65080.000000 -843368.625000 796.218540 3.414239 3.262693 16.449267
 65100.000000 -842739.937500 793.636470 3.527128 3.220124 16.243356
 65120.000000 -842671.937500 795.006618 3.611904 3.281179 16.387566
 65140.000000 -844892.187500 790.845011 3.514859 3.190423 16.582538
 65160.000000 -842537.062500 795.822723 3.729039 2.994394 16.634824
 65180.000000 -841508.812500 795.241461 3.358043 3.122462 16.376356
 65200.000000 -843357.375000 792.054495 3.478246 3.152342 16.482850
 65220.000000 -842735.437500 791.189245 3.344902 3.341353 16.520180
 65240.000000 -843102.687500 794.306736 3.172461 3.231634 16.589261
 65260.000000 -842343.687500 795.617177 3.487863 3.382309 16.454682
 65280.000000 -843060.125000 794.062882 3.228037 3.451100 16.278419
 65300.000000 -842494.187500 794.895159 3.482151 3.583107 16.290662
 65320.000000 -844299.500000 794.727827 3.380759 3.666868 16.560624
 65340.000000 -842300.625000 792.554267 3.324557 3.412287 16.379400
 65360.000000 -844563.750000 793.184861 3.572969 3.133367 16.565342
 65380.000000 -842638.312500 792.392260 3.467968 3.338128 16.306699
 65400.000000 -844477.437500 792.171130 3.512055 3.404436 16.425958
 65420.000000 -844238.937500 793.539170 3.509064 3.478300 16.368690
 65440.000000 -843908.437500 791.280360 3.527961 3.694414 16.441048
 65460.000000 -842637.937500 791.964292 3.648300 3.426193 16.544604
 65480.000000 -843255.812500 790.692167 3.557291 3.309629 16.935601
 65500.000000 -843307.625000 791.857249 3.590858 3.402675 16.530235
 65520.000000 -843391.500000 792.631103 3.451982 3.261649 16.442870
 65540.000000 -844663.437500 790.871640 3.310530 3.222646 16.314060
 65560.000000 -843507.875000 793.926975 3.337395 3.376245 16.655673
 65580.000000 -844047.937500 790.907580 3.242148 3.548974 16.546749
 65600.000000 -841727.437500 793.395835 3.759366 3.463191 16.498560
 65620.000000 -842782.562500 794.520752 3.567639 3.469049 16.424775
 65640.000000 -842656.125000 793.254074 3.530103 3.534768 16.435075
 65660.000000 -843341.687500 793.144727 3.661467 3.545604 16.577182
 65680.000000 -842468.812500 796.509063 3.661931 3.497251 16.596261
 65700.000000 -843144.250000 795.058983 3.164868 3.279282 16.529760
 65720.000000 -843259.500000 792.299003 3.453897 3.264091 16.658089
 65740.000000 -844263.625000 791.211447 3.283306 3.232331 16.744977
 65760.000000 -845445.312500 790.471236 3.389656 3.272255 16.650866
 65780.000000 -843002.812500 792.311150 3.465842 3.295200 16.506289
 65800.000000 -841870.875000 793.684322 3.764484 3.404728 16.511886
 65820.000000 -843697.500000 793.636410 3.603679 3.429161 16.487893
 65840.000000 -843425.750000 795.559247 3.273773 3.462167 16.639176
 65860.000000 -843679.687500 793.946573 3.464213 3.351688 16.489573
 65880.000000 -843439.750000 794.151563 3.522777 3.558083 16.557156
 65900.000000 -843730.500000 793.510000 3.442515 3.554268 16.354482
 65920.000000 -843186.562500 794.344734 3.425109 3.594181 16.616836
 65940.000000 -843758.062500 793.742267 3.341431 3.427555 16.470771
 65960.000000 -842716.250000 794.547900 3.543674 3.343400 16.631260
 65980.000000 -844048.062500 795.041262 3.223051 3.376491 16.516973
 66000.000000 -842826.625000 794.933243 3.157865 3.617342 16.335988
 66020.000000 -843471.625000 792.621216 3.450484 3.105786 16.555700
 66040.000000 -843841.375000 794.366044 3.338324 3.206150 16.599784
 66060.000000 -844190.875000 791.336355 3.430649 3.388631 16.619714
 66080.000000 -842893.687500 793.239679 3.652541 3.319392 16.361182
 66100.000000 -842812.687500 794.953780 3.472594 3.328578 16.466717
 66120.000000 -843379.250000 795.420547 3.506999 3.314675 16.627074
 66140.000000 -842770.812500 795.024711 3.479768 3.205436 16.572562
 66160.000000 -844336.312500 793.447630 3.212352 3.143657 16.531752
 66180.000000 -845210.687500 791.045440 3.366126 3.133518 16.569536
 66200.000000 -844779.437500 792.176382 3.278777 3.193379 16.378329
 66220.000000 -845795.187500 793.051165 3.358312 3.277161 16.325212
 66240.000000 -842916.000000 792.265221 3.446210 3.456549 16.244052
 66260.000000 -842720.750000 793.695280 3.464454 3.213534 16.534028
 66280.000000 -844322.625000 792.489087 3.257655 3.204819 16.672632
 66300.000000 -844579.312500 792.819540 3.443755 3.126006 16.631100
 66320.000000 -844690.875000 793.866229 3.579826 2.964202 16.575552
 66340.000000 -844437.875000 790.244738 3.344427 3.656664 16.713137
 66360.000000 -842735.125000 794.195594 3.459396 3.449696 16.812597
 66380.000000 -843282.937500 796.705728 3.394222 3.099065 16.825158
 66400.000000 -844170.437500 791.404146 3.399649 3.276107 16.626591
 66420.000000 -843004.937500 793.854616 3.604539 3.260399 16.545522
 66440.000000 -843703.437500 793.293124 3.363111 3.317768 16.616010
 66460.000000 -844840.625000 792.886773 3.437783 3.233336 16.263080
 66480.000000 -844399.937500 791.449491 3.403577 3.461056 16.487633
 66500.000000 -842892.187500 793.920648 3.322488 3.590514 16.496799
 66520.000000 -843705.000000 792.717467 3.448333 3.355792 16.583784
 66540.000000 -841433.625000 795.357720 3.455436 3.236179 16.620652
 66560.000000 -843562.562500 791.847915 3.467678 3.418926 16.368214
 66580.000000 -842986.187500 794.219412 3.334392 3.589632 16.530713
 66600.000000 -842821.062500 792.317144 3.229545 3.558913 16.348103
 66620.000000 -844822.687500 790.922990 3.414516 3.348755 16.607134
 66640.000000 -844247.625000 793.372777 3.372726 3.346663 16.692339
 66660.000000 -845031.375000 791.705821 3.346999 3.345664 16.665222
 66680.000000 -843601.125000 794.716277 3.491468 3.517012 16.655485
 66700.000000 -845606.437500 790.684831 3.420307 3.562138 16.616141
 66720.000000 -843430.937500 791.985797 3.382455 3.516723 16.436208
 66740.000000 -841813.375000 793.001989 3.178409 3.572203 16.545611
 66760.000000 -843030.375000 794.398468 3.400109 3.456520 16.570587
 66780.000000 -843256.312500 793.547742 3.535790 3.447631 16.666708
 66800.000000 -842604.750000 794.242293 3.757376 3.588101 16.587207
 66820.000000 -843358.812500 792.085913 3.461785 3.746883 16.366355
 66840.000000 -841699.562500 791.901827 3.162446 3.166323 16.467868
 66860.000000 -843398.250000 792.092917 3.147161 3.063200 16.478033
 66880.000000 -843146.437500 793.084184 3.235913 3.217457 16.473059
 66900.000000 -844289.937500 791.869951 3.162073 3.381151 16.619922
 66920.000000 -842095.687500 792.994015 3.379887 3.362423 16.421359
 66940.000000 -842675.625000 793.298141 3.305839 3.179503 16.392926
 66960.000000 -844063.437500 792.695677 3.320607 3.455156 16.453566
 66980.000000 -844155.000000 793.402587 3.292464 3.239169 16.680270
 67000.000000 -841995.625000 793.341309 3.418867 3.396397 16.255952
 67020.000000 -842087.750000 793.522431 3.387273 3.444811 16.265474
 67040.000000 -844420.125000 791.872848 3.475693 3.483468 16.449959
 67060.000000 -843166.750000 794.462002 3.498032 3.479568 16.584910
 67080.000000 -844389.062500 792.853737 3.252823 3.465080 16.285381
 67100.000000 -844570.312500 791.565813 3.229939 3.327083 16.156054
 67120.000000 -841866.000000 793.858277 3.434410 3.438365 16.290743
 67140.000000 -843178.875000 792.685840 3.741952 3.583216 16.326781
 67160.000000 -845177.875000 793.645859 3.346756 3.457726 16.618142
 67180.000000 -843117.875000 794.311187 3.357016 3.516893 16.298646
 67200.000000 -844517.000000 792.881897 3.376359 3.534725 16.536739
 67220.000000 -842418.062500 792.024538 3.355038 3.475195 16.499544
 67240.000000 -842999.437500 793.154592 3.377499 3.560743 16.390920
 67260.000000 -844285.687500 793.073324 3.363943 3.490618 16.712052
 67280.000000 -844411.437500 793.360022 3.469327 3.460633 16.502924
 67300.000000 -844223.187500 792.404475 3.493460 3.503347 16.638491
 67320.000000 -843556.000000 794.217673 3.727391 3.600941 16.678104
 67340.000000 -844862.062500 792.631289 3.604740 3.536273 16.720038
 67360.000000 -844378.687500 792.678308 3.544648 3.537073 16.416832
 67380.000000 -842858.875000 795.480228 3.335500 3.629461 16.414956
 67400.000000 -842055.312500 793.228021 3.318866 3.467679 16.549194
 67420.000000 -842484.687500 794.309700 3.274340 3.433621 16.469810
 67440.000000 -844983.937500 793.659255 3.474637 3.464142 16.353252
 67460.000000 -843022.562500 792.861575 3.645485 3.237632 16.350978
 67480.000000 -842891.875000 793.319613 3.648595 3.359023 16.498105
 67500.000000 -841459.375000 793.100147 3.481345 3.418545 16.715979
 67520.000000 -843643.812500 793.468977 3.458882 3.447250 16.452559
 67540.000000 -842256.562500 793.119662 3.317507 3.615071 16.281040
 67560.000000 -841737.187500 795.149089 3.161033 3.304490 16.239438
 67580.000000 -842561.500000 792.315328 3.374072 3.076266 16.500346
 67600.000000 -842828.125000 793.131334 3.658235 3.033706 16.296578
 67620.000000 -843908.625000 793.331960 3.502696 3.186420 16.270135
 67640.000000 -842238.000000 793.737985 3.778107 3.545970 16.314192
 67660.000000 -844260.500000 792.878480 3.694158 3.388287 16.340054
 67680.000000 -842866.500000 794.679285 3.708127 3.210212 16.167649
 67700.000000 -843092.125000 793.872061 3.605692 3.361060 16.450279
 67720.000000 -844659.625000 793.268267 3.365480 3.180762 16.580620
 67740.000000 -843149.812500 791.863950 3.446464 3.254208 16.796085
 67760.000000 -843850.750000 795.217754 3.265188 3.217878 16.422317
 67780.000000 -842902.562500 793.112601 3.547907 3.601701 16.637988
 67800.000000 -844205.250000 793.503602 3.472750 3.755057 16.600776
 67820.000000 -842826.750000 794.763388 3.538344 3.494682 16.646005
 67840.000000 -843115.937500 794.029567 3.463854 3.389065 16.742336
 67860.000000 -843082.812500 793.633794 3.335242 3.469621 16.862142
 67880.000000 -843585.000000 792.698543 3.495292 3.519386 16.636898
 67900.000000 -843683.187500 795.133955 3.315059 3.456768 16.598435
 67920.000000 -843382.187500 794.572263 3.325532 3.433249 16.504075
 67940.000000 -842439.687500 794.371368 2.851216 3.446489 16.407380
 67960.000000 -843382.500000 794.702043 3.390406 3.547160 16.483068
 67980.000000 -845620.500000 792.367255 3.424835 3.376617 16.653336
 68000.000000 -843359.937500 793.147031 3.476866 3.589618 16.466411
 68020.000000 -844385.250000 794.064672 3.545427 3.340733 16.594976
 68040.000000 -842799.562500 793.674784 3.576997 3.294062 16.585872
 68060.000000 -844916.750000 791.340761 3.596725 3.309415 16.647886
 68080.000000 -843144.625000 794.792987 3.252392 3.539644 16.487563
 68100.000000 -842086.875000 795.153308 3.108371 3.406652 16.403105
 68120.000000 -844827.187500 791.937408 3.295140 3.665495 16.496130
 68140.000000 -841745.875000 793.812783 3.172287 3.386480 16.486580
 68160.000000 -843625.437500 792.332185 3.589070 3.301460 16.400631
 68180.000000 -844654.437500 792.762038 3.649429 3.335672 16.380696
 68200.000000 -842606.000000 793.114676 3.256490 3.474832 16.534127
 68220.000000 -844164.375000 791.862707 3.172657 3.457065 16.539070
 68240.000000 -844966.750000 793.506151 3.284958 3.437243 16.804629
 68260.000000 -844369.625000 791.549013 3.278520 3.686391 16.755109
 68280.000000 -845123.062500 791.864997 3.187870 3.584116 16.656042
 68300.000000 -843898.687500 791.843120 3.366714 3.434009 16.719482
 68320.000000 -843433.875000 791.894159 3.172091 3.421040 16.549312
 68340.000000 -842004.875000 793.131659 3.300355 3.486269 16.429225
 68360.000000 -841721.250000 793.158047 3.203897 3.201772 16.427534
 68380.000000 -842459.750000 793.287009 3.427506 3.392530 16.403500
 68400.000000 -845157.875000 792.081733 3.498616 3.344738 16.680013
 68420.000000 -844242.250000 791.946168 3.591029 3.448650 16.618853
 68440.000000 -843638.562500 792.745956 3.407130 3.635488 16.610501
 68460.000000 -842844.375000 794.663945 3.301317 3.395347 16.441902
 68480.000000 -843797.125000 791.655284 3.774479 3.549819 16.256222
 68500.000000 -844703.125000 792.643705 3.560768 3.501481 16.280035
 68520.000000 -844604.125000 793.041921 3.520192 3.456587 16.283376
 68540.000000 -843794.750000 791.443431 3.375998 3.423024 16.358518
 68560.000000 -844883.500000 792.484894 3.426076 3.500626 16.241636
 68580.000000 -841772.312500 794.292316 3.384015 3.295838 16.378885
 68600.000000 -843355.062500 792.678166 3.493610 3.153750 16.560298
 68620.000000 -843969.312500 791.189483 3.683809 3.402548 16.456638
 68640.000000 -844093.500000 791.770242 3.874348 3.607094 16.420317
 68660.000000 -842632.375000 793.798657 3.577581 3.612024 16.661424
 68680.000000 -842116.750000 793.143244 3.415599 3.584047 16.763003
 68700.000000 -843879.187500 792.431588 3.351935 3.424739 16.754777
 68720.000000 -843584.937500 793.866407 3.398612 3.173635 16.456343
 68740.000000 -843617.750000 793.277746 3.565656 3.571071 16.470200
 68760.000000 -842859.500000 793.956357 3.576448 3.353663 16.594330
 68780.000000 -843583.000000 790.239665 3.438193 3.499283 16.683831
 68800.000000 -842579.250000 795.841532 3.188203 3.641194 16.460665
 68820.000000 -844032.437500 794.340621 3.359520 3.522668 16.409165
 68840.000000 -843566.250000 794.594097 3.246886 3.609962 16.475492
 68860.000000 -843264.125000 792.448952 3.519203 3.535564 16.362262
 68880.000000 -844282.312500 792.646509 3.561907 3.481749 16.707905
 68900.000000 -843990.375000 792.741057 3.271995 3.437674 16.465615
 68920.000000 -842877.437500 793.573850 3.370145 3.661996 16.505165
 68940.000000 -845405.687500 793.607685 3.460887 3.317522 16.319931
 68960.000000 -843042.687500 796.180385 3.845284 3.298717 16.592997
 68980.000000 -842670.687500 793.561586 3.798642 3.572066 16.802901
 69000.000000 -846528.812500 792.420599 3.536642 3.654267 16.853614
 69020.000000 -843560.000000 791.423602 3.568912 3.703200 16.760264
 69040.000000 -844690.062500 790.640401 3.556192 3.658451 16.600183
 69060.000000 -844291.812500 792.552736 3.628496 3.558131 16.572406
 69080.000000 -844190.812500 791.835057 3.481535 3.676379 16.508558
 69100.000000 -844292.687500 791.672173 3.299088 3.260622 16.307818
 69120.000000 -841085.812500 793.913736 3.191011 3.398913 16.458036
 69140.000000 -844000.687500 791.048060 3.386630 3.366782 16.505258
 69160.000000 -843751.250000 793.364126 3.256722 3.278652 16.446687
 69180.000000 -842174.312500 794.464962 3.281864 3.598415 16.303015
 69200.000000 -844085.250000 792.656473 3.442866 3.488568 16.480377
 69220.000000 -843731.312500 792.556508 3.516620 3.154238 16.467018
 69240.000000 -843416.250000 793.919286 3.568099 3.384483 16.410823
 69260.000000 -842260.250000 793.168881 3.406153 3.766472 16.384204
 69280.000000 -843408.187500 791.894472 3.274893 3.629774 16.581639
 69300.000000 -842952.437500 795.570594 3.457584 3.641400 16.529274
 69320.000000 -843003.062500 795.694696 3.497335 3.566417 16.395991
 69340.000000 -843838.562500 791.231388 3.508333 3.343978 16.206126
 69360.000000 -843889.937500 791.897445 3.519088 3.386328 16.606380
 69380.000000 -843191.562500 794.225428 3.324093 3.222446 16.792378
 69400.000000 -840671.000000 793.971455 3.298198 3.398499 16.680165
 69420.000000 -842688.625000 794.213883 3.418369 3.247824 16.446104
 69440.000000 -842026.187500 795.122651 3.294176 3.314501 16.338001
 69460.000000 -843060.000000 796.190408 3.251932 3.368597 16.366264
 69480.000000 -843716.750000 794.438942 3.548841 3.420667 16.281612
 69500.000000 -843468.437500 792.151746 3.455685 3.454720 16.466545
 69520.000000 -843194.125000 792.287376 3.225946 3.398132 16.304090
 69540.000000 -842359.250000 792.450015 3.309319 3.443603 16.523602
 69560.000000 -842473.187500 793.525210 3.566269 3.279227 16.687178
 69580.000000 -842862.375000 793.921673 3.587939 3.072005 16.455719
 69600.000000 -844189.000000 790.409819 3.477287 3.227192 16.664972
 69620.000000 -843365.625000 794.189087 3.400610 3.456823 16.617020
 69640.000000 -841060.187500 795.119378 3.318370 3.408358 16.378846
 69660.000000 -843548.375000 792.444137 3.492569 3.317743 16.318379
 69680.000000 -843557.875000 794.938766 3.408898 3.461396 16.437411
 69700.000000 -844961.437500 791.088866 3.398945 3.362072 16.357528
 69720.000000 -844946.500000 791.239121 3.526907 3.407970 16.303840
 69740.000000 -843866.562500 791.131155 3.479130 3.562352 16.377547
 69760.000000 -843830.250000 795.274328 3.739160 3.511790 16.521257
 69780.000000 -844554.312500 792.195675 3.626679 3.443221 16.662464
 69800.000000 -843454.812500 792.379729 3.079075 3.490104 16.372395
 69820.000000 -844086.187500 793.927678 3.622247 3.671056 16.490714
 69840.000000 -844046.562500 792.897895 3.510087 3.400362 16.480235
 69860.000000 -842202.000000 796.329706 3.498556 3.480409 16.234191
 69880.000000 -842593.687500 793.369396 3.378860 3.587687 16.392583
 69900.000000 -843374.875000 793.709519 3.195411 3.567059 16.703831
 69920.000000 -842438.187500 792.813036 3.206454 3.490852 16.862036
 69940.000000 -842893.437500 794.125094 3.633794 3.331398 16.504012
 69960.000000 -844707.812500 793.799008 3.534318 3.327943 16.631267
 69980.000000 -844664.500000 792.233628 3.641056 3.179386 16.479101
 70000.000000 -843009.937500 792.012398 3.428113 3.371998 16.409871
 70020.000000 -845015.812500 791.671389 3.192558 3.254085 16.119896
 70040.000000 -843629.750000 793.833006 3.460922 3.040978 16.095456
 70060.000000 -843376.125000 793.439789 3.370559 3.315063 16.391649
 70080.000000 -844219.687500 793.691634 3.188261 3.250276 16.315631
 70100.000000 -843863.062500 791.884803 3.400107 3.434394 16.606096
 70120.000000 -843199.437500 794.772459 3.497949 3.431843 16.793817
 70140.000000 -842686.750000 793.732177 3.598603 3.258165 16.654408
 70160.000000 -842829.937500 794.411585 3.746576 3.184634 16.509616
 70180.000000 -843627.250000 792.804226 3.176250 3.287143 16.579237
 70200.000000 -844957.000000 793.522049 3.442371 3.234487 16.593379
 70220.000000 -846205.312500 791.461440 3.303032 3.131140 16.644418
 70240.000000 -843156.437500 793.353387 3.208687 3.285303 16.885015
 70260.000000 -842029.312500 792.734798 3.621125 3.609183 16.628403
 70280.000000 -845039.937500 792.603803 3.595844 3.708136 16.823558
 70300.000000 -845409.437500 788.058147 3.697445 3.590165 16.900710
 70320.000000 -845266.250000 791.467458 3.442682 3.479401 16.770721
 70340.000000 -844821.062500 789.571017 3.370286 3.453669 16.563079
 70360.000000 -844376.062500 793.233146 3.284271 3.373419 16.542782
 70380.000000 -841670.000000 792.301271 3.301693 3.521476 16.405434
 70400.000000 -845124.250000 793.365683 3.297858 3.528046 16.759762
 70420.000000 -844557.000000 796.158631 3.608347 3.596570 16.331782
 70440.000000 -843296.000000 792.199343 3.670172 3.516679 16.565787
 70460.000000 -843465.375000 795.459037 3.416969 3.420706 16.465077
 70480.000000 -843610.500000 790.366967 3.450495 3.177411 16.560005
 70500.000000 -844441.000000 793.466438 3.370604 3.330011 16.597674
 70520.000000 -844895.875000 791.180065 3.275028 3.161334 16.590016
 70540.000000 -842590.875000 794.331399 3.311570 3.401168 16.292236
 70560.000000 -842946.000000 795.846177 3.518412 3.547271 16.333300
 70580.000000 -843526.375000 793.951133 3.389360 3.456894 16.374157
 70600.000000 -842959.625000 794.039036 3.425763 3.476374 16.561405
 70620.000000 -845204.187500 793.850176 3.344537 3.271645 16.443773
 70640.000000 -843827.812500 791.774195 3.285288 2.914377 16.361358
 70660.000000 -843897.125000 792.406499 3.456576 3.215675 16.433768
 70680.000000 -844247.750000 791.503969 3.555531 3.003716 16.751803
 70700.000000 -844170.875000 794.154985 3.489151 3.197269 16.969691
 70720.000000 -841576.062500 793.002458 3.596303 3.646644 16.737258
 70740.000000 -842339.562500 792.739275 3.447654 3.406221 16.466273
 70760.000000 -842614.437500 793.255976 3.385734 3.280375 16.550877
 70780.000000 -841714.312500 793.450305 3.359728 3.367103 16.503552
 70800.000000 -842447.000000 793.173464 3.449860 3.286898 16.472035
 70820.000000 -843221.625000 794.700515 3.363065 3.371255 16.555394
 70840.000000 -841225.062500 795.127149 3.268160 3.534675 16.295538
 70860.000000 -843273.000000 793.233377 3.570371 3.474129 16.462961
 70880.000000 -842082.750000 793.828031 3.438735 3.358378 16.579005
 70900.000000 -844266.375000 793.442535 3.311988 3.395967 16.610106
 70920.000000 -846306.562500 790.795300 3.175643 3.336027 16.268159
 70940.000000 -843541.500000 793.604607 3.404620 3.462806 16.539188
 70960.000000 -841698.500000 794.332193 3.539814 3.345104 16.477467
 70980.000000 -843002.875000 792.407790 3.451656 3.269713 16.526165
 71000.000000 -841201.312500 794.449529 3.301133 3.319734 16.558897
 71020.000000 -842720.500000 791.771862 3.098167 3.299707 16.784159
 71040.000000 -843699.062500 793.235408 3.420674 3.512685 16.883172
 71060.000000 -843659.812500 792.855880 3.368478 3.179572 16.641464
 71080.000000 -843027.562500 792.805308 3.589697 3.241752 16.511827
 71100.000000 -843112.187500 793.628358 3.577584 3.086583 16.551820
 71120.000000 -842351.000000 792.539179 3.362253 3.311061 16.623350
 71140.000000 -844320.125000 794.198403 3.388307 3.309545 16.387340
 71160.000000 -843839.812500 794.855647 3.566471 3.258807 16.257021
 71180.000000 -842950.875000 793.128253 3.427620 3.595935 16.523676
 71200.000000 -843849.875000 793.122569 3.537291 3.559721 16.683841
 71220.000000 -843382.062500 794.324242 3.487368 3.703827 16.545903
 71240.000000 -845381.250000 791.355204 3.386493 3.377530 16.527353
 71260.000000 -844325.562500 795.262350 3.556046 3.240848 16.229315
 71280.000000 -844735.812500 792.985189 3.545626 3.321480 16.415514
 71300.000000 -842965.562500 794.533430 3.242794 3.177308 16.653491
 71320.000000 -843562.500000 796.223830 3.188269 3.552083 16.526923
 71340.000000 -842629.562500 794.303821 3.544612 3.439327 16.526165
 71360.000000 -843817.687500 795.421821 3.686776 3.314439 16.401768
 71380.000000 -843013.937500 793.094992 3.823141 3.511485 16.278587
 71400.000000 -842529.250000 792.723341 3.447012 3.357157 16.350040
 71420.000000 -842317.500000 794.049525 3.399113 3.293691 16.530609
 71440.000000 -844326.187500 792.198375 3.333726 3.152133 16.767098
 71460.000000 -842572.562500 790.666819 3.227152 3.501070 16.783514
 71480.000000 -842435.125000 796.333902 3.446936 3.548898 16.768797
 71500.000000 -844683.750000 793.354008 3.680397 3.297708 16.412871
 71520.000000 -843818.812500 793.979430 3.446684 3.372722 16.647424
 71540.000000 -841755.250000 794.610567 3.283500 3.445239 16.641445
 71560.000000 -845040.500000 790.074538 3.438519 3.586639 16.427892
 71580.000000 -843261.687500 791.190925 3.583124 3.549482 16.429034
 71600.000000 -844263.062500 796.448580 3.530189 3.554539 16.672770
 71620.000000 -841216.000000 793.994325 3.341056 3.448026 16.528730
 71640.000000 -841848.187500 796.000984 3.129711 3.352424 16.442958
 71660.000000 -844399.562500 795.612016 3.362157 3.305949 16.595722
 71680.000000 -844271.312500 795.839755 3.376377 3.672119 16.410077
 71700.000000 -843298.000000 794.565704 3.031523 3.681277 16.300135
 71720.000000 -844630.687500 795.186746 3.006189 3.452570 16.262517
 71740.000000 -843293.937500 792.164475 3.118187 3.420119 16.374707
 71760.000000 -842250.312500 793.519481 3.304185 3.419280 16.528034
 71780.000000 -843855.937500 793.279834 3.331285 3.488893 16.344315
 71800.000000 -843809.937500 792.402327 3.271269 3.355696 16.402221
 71820.000000 -842504.250000 795.504512 3.384539 3.399693 16.361439
 71840.000000 -842704.625000 792.722069 3.310063 3.409654 16.468916
 71860.000000 -842404.312500 793.805618 3.145170 3.410274 16.679831
 71880.000000 -843917.000000 796.639969 3.328956 3.587855 16.470859
 71900.000000 -842599.812500 792.657159 3.356598 3.497449 16.628454
 71920.000000 -841953.187500 794.916710 3.334279 3.728248 16.604200
 71940.000000 -844734.937500 793.587132 3.610248 3.477128 16.481181
 71960.000000 -841338.875000 792.774802 3.655562 3.727146 16.335275
 71980.000000 -843219.750000 791.740416 3.497901 3.686774 16.476907
 72000.000000 -845237.500000 792.881421 3.636024 3.620892 16.376208
 72020.000000 -843586.312500 794.620684 3.435900 3.445142 16.499141
 72040.000000 -844142.375000 794.211076 3.289999 3.262226 16.801307
 72060.000000 -845160.562500 793.031908 3.124448 3.561885 16.624181
 72080.000000 -843281.500000 793.562288 3.542820 3.345788 16.784195
 72100.000000 -843203.687500 790.481233 3.524273 3.336875 16.629904
 72120.000000 -843655.375000 793.414601 3.485528 3.250706 16.526473
 72140.000000 -840450.375000 795.458346 3.475246 3.612821 16.739239
 72160.000000 -843582.687500 792.597335 3.418742 3.667488 16.311601
 72180.000000 -842881.562500 792.779552 3.599051 3.431687 16.182594
 72200.000000 -842601.000000 794.376749 3.252385 3.228328 16.389205
 72220.000000 -843458.125000 794.816040 3.161778 3.588918 16.441714
 72240.000000 -842383.062500 796.540514 3.446159 3.454968 16.412799
 72260.000000 -840884.812500 792.810791 3.219180 3.467522 16.384309
 72280.000000 -841588.562500 794.269549 3.408362 3.251272 16.449636
 72300.000000 -844201.625000 791.729629 3.624790 3.218567 16.694542
 72320.000000 -843000.250000 793.045414 3.507608 3.010614 16.622002
 72340.000000 -844200.187500 794.987879 3.379112 3.482357 16.615110
 72360.000000 -843961.125000 794.016990 3.590884 3.460613 16.837883
 72380.000000 -844094.000000 792.838058 3.349677 3.311560 16.529080
 72400.000000 -844335.875000 792.269599 3.281209 3.246732 16.484993
 72420.000000 -843497.312500 794.003429 3.415959 3.702959 16.414675
 72440.000000 -844750.875000 789.218225 3.143210 3.640587 16.501535
 72460.000000 -843514.875000 793.915758 2.988071 3.317716 16.416978
 72480.000000 -843545.312500 792.469573 3.573506 3.413230 16.397183
 72500.000000 -843084.812500 793.925259 3.720151 3.184956 16.305366
 72520.000000 -843156.187500 795.132380 3.607803 3.273233 16.394595
 72540.000000 -843119.812500 794.842220 3.335051 3.309339 16.721346
 72560.000000 -843525.187500 792.154623 3.409119 3.304673 16.499021
 72580.000000 -844448.750000 789.905773 3.554552 3.276522 16.647925
 72600.000000 -842571.500000 796.209781 3.490555 3.311820 16.531072
 72620.000000 -844232.875000 791.587080 3.544216 3.423268 16.619120
 72640.000000 -844297.750000 793.689728 3.416260 3.421271 16.576973
 72660.000000 -846251.062500 792.807943 3.515161 3.637508 16.549801
 72680.000000 -843315.750000 795.543503 3.335015 3.243750 16.489162
 72700.000000 -844643.937500 793.148529 3.445773 3.437507 16.543776
 72720.000000 -843851.750000 792.915224 3.358205 3.591665 16.393818
 72740.000000 -841794.250000 794.712584 3.588739 3.554109 16.632963
 72760.000000 -843426.625000 795.236978 3.384491 3.235057 16.702141
 72780.000000 -842808.875000 792.823543 3.410067 3.097004 16.637181
 72800.000000 -843657.250000 791.507437 3.352683 3.165963 16.592881
 72820.000000 -843933.562500 790.899105 3.601237 3.467581 16.447056
 72840.000000 -842835.000000 794.294112 3.479246 3.715861 16.705030
 72860.000000 -843531.437500 794.576110 3.596533 3.471156 16.585957
 72880.000000 -845313.125000 789.672828 3.448552 3.324537 16.330325
 72900.000000 -844415.750000 793.898465 3.447205 3.373469 16.453084
 72920.000000 -842569.312500 794.940585 3.237426 3.573253 16.378897
 72940.000000 -844088.812500 793.822434 3.299080 3.524120 16.503389
 72960.000000 -843943.875000 795.252226 3.576425 3.104463 16.554165
 72980.000000 -843410.187500 792.586702 3.340424 3.390942 16.801235
 73000.000000 -843543.750000 794.464475 3.160774 3.343897 16.631404
 73020.000000 -842651.687500 794.568587 3.247041 3.693536 16.774272
 73040.000000 -844310.562500 792.924634 3.495433 3.603248 16.395769
 73060.000000 -843898.875000 793.801810 3.249685 3.262472 16.440480
 73080.000000 -844310.250000 794.815041 3.250756 3.321642 16.251138
 73100.000000 -843558.125000 792.725648 3.362194 3.476858 16.304815
 73120.000000 -843382.000000 793.372517 3.211888 3.274371 16.257530
 73140.000000 -842941.250000 795.767911 3.178912 3.401691 16.392058
 73160.000000 -843491.000000 791.572671 3.238430 3.259757 16.467834
 73180.000000 -844778.687500 790.482116 3.426717 3.474310 16.460599
 73200.000000 -843128.312500 793.702253 3.471449 3.216051 16.338881
 73220.000000 -842567.625000 794.529738 3.414637 3.548079 16.443247
 73240.000000 -843518.375000 792.879866 3.211028 3.462080 16.615380
 73260.000000 -842955.562500 795.589112 3.459065 3.538316 16.792231
 73280.000000 -844082.000000 794.452942 3.620726 3.540450 16.549830
 73300.000000 -842392.562500 792.935817 3.420744 3.526635 16.570468
 73320.000000 -843486.875000 794.425932 3.495692 3.432619 16.430314
 73340.000000 -845260.000000 792.877109 3.472032 3.310743 16.573298
 73360.000000 -844195.062500 793.023401 3.389803 3.524718 16.523348
 73380.000000 -843369.375000 793.212992 3.298449 3.677479 16.290510
 73400.000000 -842855.625000 793.015314 3.491595 3.311337 16.387047
 73420.000000 -845762.875000 791.274897 3.508865 3.504501 16.609780
 73440.000000 -844207.250000 794.347603 3.512631 3.459581 16.401434
 73460.000000 -844936.312500 791.936181 3.229743 3.682348 16.420400
 73480.000000 -844563.687500 792.502686 3.334088 3.789145 16.345478
 73500.000000 -842906.437500 797.597807 3.350841 3.664133 16.394876
 73520.000000 -843796.812500 796.320509 3.174343 3.627677 16.360851
 73540.000000 -844171.000000 792.771114 3.411183 3.525704 16.739162
 73560.000000 -842824.500000 794.136305 3.623666 3.808644 16.734264
 73580.000000 -842643.000000 793.746572 3.479209 3.687030 16.470890
 73600.000000 -841692.812500 794.157810 3.273372 3.522251 16.471464
 73620.000000 -843507.375000 793.817089 3.430365 3.155964 16.411505
 73640.000000 -843678.812500 789.569059 3.280925 3.265762 16.423053
 73660.000000 -845064.437500 793.014011 3.349565 3.346643 16.378062
 73680.000000 -842230.312500 795.647902 3.257410 3.296692 16.290192
 73700.000000 -843185.312500 794.257341 3.192758 3.426420 16.455598
 73720.000000 -842884.875000 793.774620 3.517598 3.538816 16.583395
 73740.000000 -842045.187500 794.044905 3.336116 3.492235 16.618762
 73760.000000 -843048.750000 795.740063 3.179915 3.358038 16.553340
 73780.000000 -841817.500000 794.052749 3.163910 3.566614 16.644017
 73800.000000 -844345.437500 793.016944 3.395083 3.385337 16.608452
 73820.000000 -842065.375000 794.160260 3.501111 3.237618 16.551583
 73840.000000 -842995.437500 794.041849 3.559352 3.316439 16.674326
 73860.000000 -843116.312500 793.364362 3.186105 3.614403 16.630469
 73880.000000 -841856.437500 795.692617 3.439640 3.606556 16.497572
 73900.000000 -843654.937500 794.412906 3.366416 3.133664 16.566724
 73920.000000 -841313.625000 793.032039 3.325986 3.379461 16.680351
 73940.000000 -843448.750000 791.506973 3.140259 3.309257 16.534531
 73960.000000 -843009.750000 794.824489 3.433184 3.431528 16.676264
 73980.000000 -844421.875000 794.937736 3.287108 3.286428 16.772232
 74000.000000 -842587.312500 792.851587 3.231599 3.238115 16.474553
 74020.000000 -844220.687500 796.221440 3.258106 3.276948 16.349208
 74040.000000 -843979.312500 794.036923 3.554078 3.541286 16.492455
 74060.000000 -843662.937500 791.822145 3.322891 3.250859 16.268406
 74080.000000 -843465.625000 794.400663 3.227925 3.430571 16.755863
 74100.000000 -844564.000000 793.564836 3.603798 3.236844 16.574334
 74120.000000 -844923.250000 792.661032 3.363882 3.289214 16.598707
 74140.000000 -844694.125000 793.473951 3.182301 3.403597 16.552785
 74160.000000 -842914.875000 794.833966 3.332414 3.664473 16.725226
 74180.000000 -845040.250000 792.040593 3.398650 3.359302 16.746495
 74200.000000 -842802.937500 792.732623 3.257533 3.335720 16.624936
 74220.000000 -843068.812500 793.458901 3.403266 3.091190 16.803382
 74240.000000 -842253.125000 793.046483 3.373203 3.195989 16.566074
 74260.000000 -843933.562500 794.207058 3.529715 3.354863 16.746740
 74280.000000 -843474.062500 794.425816 3.552518 3.613615 16.886121
 74300.000000 -843706.687500 794.206604 3.387078 3.447320 16.507257
 74320.000000 -844576.250000 794.855957 3.433502 3.299532 16.105487
 74340.000000 -841868.625000 797.130994 3.445127 3.549196 16.232861
 74360.000000 -843580.125000 793.762837 3.333585 3.209476 16.209238
 74380.000000 -843169.250000 792.620787 3.515115 3.281921 16.262753
 74400.000000 -842904.562500 796.106485 3.430516 3.443308 16.695759
 74420.000000 -843525.375000 794.536501 3.201891 3.343074 16.542587
 74440.000000 -841884.875000 797.181915 3.324052 3.423796 16.567142
 74460.000000 -844521.562500 793.672428 3.487923 3.594266 16.437280
 74480.000000 -844316.937500 794.004600 3.262692 3.553521 16.254462
 74500.000000 -840709.437500 796.919852 3.203078 3.174483 16.408259
 74520.000000 -841134.500000 794.494256 3.155152 3.009110 16.384758
 74540.000000 -842356.250000 795.191787 3.193151 3.297389 16.399476
 74560.000000 -842589.500000 793.808416 3.012130 3.327823 16.343849
 74580.000000 -842394.687500 795.150716 3.260854 3.477034 16.632752
 74600.000000 -842486.750000 792.451388 3.233189 3.424534 16.506761
 74620.000000 -843571.437500 794.866829 3.757731 3.337015 16.557122
 74640.000000 -844601.375000 792.403578 3.552035 3.351294 16.424788
 74660.000000 -844663.437500 791.709558 3.577908 3.290793 16.450972
 74680.000000 -843520.625000 791.559107 3.319468 3.183229 16.480084
 74700.000000 -842044.750000 793.447599 3.366851 3.137413 16.621345
 74720.000000 -843025.750000 794.200841 3.362344 3.247167 16.603057
 74740.000000 -844030.312500 791.967623 3.406224 3.205390 16.711563
 74760.000000 -841888.875000 795.053441 3.491748 3.478575 16.613684
 74780.000000 -841316.000000 797.095298 3.440336 3.477689 16.578803
 74800.000000 -842497.250000 793.368950 3.435914 3.615170 16.540177
 74820.000000 -843796.250000 794.290934 3.328611 3.328098 16.830695
 74840.000000 -846594.687500 793.019189 3.425142 3.347532 16.635638
 74860.000000 -843715.062500 791.628411 3.268168 3.355620 16.738650
 74880.000000 -844430.062500 790.827780 3.223139 3.248772 16.939579
 74900.000000 -842899.875000 793.231998 3.325728 3.159758 16.696584
 74920.000000 -842881.875000 794.743039 3.459421 3.416340 16.569223
 74940.000000 -843190.812500 791.723033 3.273993 3.483280 16.473339
 74960.000000 -843789.500000 793.091224 3.368213 3.584307 16.447730
 74980.000000 -842650.875000 794.319960 3.347418 3.789640 16.470191
 75000.000000 -843022.312500 794.369401 3.343895 3.604910 16.477463
 75020.000000 -843470.375000 794.733577 3.188600 3.541147 16.614384
 75040.000000 -843876.187500 792.424303 3.520204 3.436553 16.585861
 75060.000000 -842835.000000 793.153298 3.623941 3.255997 16.519178
 75080.000000 -843296.437500 795.090077 3.295586 3.105802 16.313990
 75100.000000 -842548.062500 793.589870 3.431634 3.449504 16.312314
 75120.000000 -844303.750000 794.853738 3.391743 3.162306 16.385799
 75140.000000 -843469.062500 794.327690 3.562904 3.342984 16.531562
 75160.000000 -843836.687500 794.566635 3.536060 3.622831 16.294541
 75180.000000 -842855.875000 792.527505 3.189593 3.445651 16.280903
 75200.000000 -843104.125000 791.300778 3.020203 3.572865 16.407432
 75220.000000 -843280.937500 793.507183 3.402529 3.533859 16.738186
 75240.000000 -842983.812500 790.202784 3.453451 3.754468 16.547927
 75260.000000 -844409.812500 791.308053 3.321634 3.325545 16.484593
 75280.000000 -846366.625000 789.962812 3.465041 3.106775 16.186428
 75300.000000 -844251.562500 791.294487 3.458658 3.283071 15.963008
 75320.000000 -843246.375000 794.463531 3.607761 3.362077 16.503748
 75340.000000 -842089.750000 794.239621 3.380288 3.751545 16.606556
 75360.000000 -843134.062500 792.770042 3.380163 3.506356 16.639615
 75380.000000 -843448.187500 794.172769 3.005568 3.338687 16.729746
 75400.000000 -843263.750000 793.092780 3.371248 3.373110 16.516248
 75420.000000 -843303.375000 794.712800 3.480964 3.229163 16.605488
 75440.000000 -842328.875000 795.851703 3.473697 3.246571 16.424333
 75460.000000 -842370.000000 792.340374 3.445284 3.295422 16.378956
 75480.000000 -841683.625000 795.233443 3.460026 3.109420 16.305126
 75500.000000 -841769.000000 794.731833 3.295643 3.282390 16.366403
 75520.000000 -841928.750000 793.173201 3.274202 3.563830 16.633078
 75540.000000 -846131.187500 790.099600 3.449875 3.463273 16.338818
 75560.000000 -844768.250000 793.827651 3.348147 3.299836 16.484165
 75580.000000 -843188.187500 792.639913 3.700765 3.212763 16.486167
 75600.000000 -843123.750000 789.829781 3.906400 3.201428 16.665663
 75620.000000 -843711.875000 792.965965 3.734633 3.449256 16.738189
 75640.000000 -842504.625000 793.040114 3.339217 3.323374 16.737010
 75660.000000 -843627.062500 794.783311 3.259255 3.543875 16.536971
 75680.000000 -844066.687500 795.553952 3.322453 3.396449 16.658005
 75700.000000 -842837.500000 794.474535 3.405895 3.372133 16.682372
 75720.000000 -844258.125000 792.354391 3.835859 3.308940 16.515871
 75740.000000 -844787.062500 792.135774 3.701897 3.456988 16.538380
 75760.000000 -842246.812500 792.248546 3.389320 3.679539 16.416062
 75780.000000 -842037.937500 793.184208 3.396268 3.320743 16.579718
 75800.000000 -843549.687500 792.883272 3.251588 3.344220 16.327235
 75820.000000 -843012.500000 794.149926 3.207686 3.210642 16.635663
 75840.000000 -843871.187500 793.799906 3.363719 3.345586 16.619486
 75860.000000 -843675.062500 793.154860 3.189186 3.421838 16.286938
 75880.000000 -841989.000000 795.597072 3.324992 3.106897 16.427556
 75900.000000 -843924.937500 790.354538 3.657890 3.382849 16.370572
 75920.000000 -843290.125000 794.150081 3.427666 3.554862 16.546943
 75940.000000 -842775.312500 792.219206 3.183302 3.451963 16.451363
 75960.000000 -844362.937500 794.307072 3.318586 3.347358 16.430090
 75980.000000 -842869.375000 794.609569 3.162336 3.251986 16.579706
 76000.000000 -845457.062500 795.539628 3.502666 3.085935 16.570017
 76020.000000 -843430.875000 791.716048 3.222112 3.443671 16.549441
 76040.000000 -843935.500000 793.592536 3.354655 3.389733 16.717894
 76060.000000 -842654.000000 792.603178 3.569802 3.407870 16.514763
 76080.000000 -843551.250000 790.789632 3.417467 3.477735 16.415340
 76100.000000 -842364.125000 793.902019 3.395429 3.587017 16.403983
 76120.000000 -843112.250000 793.397471 3.396022 3.383332 16.580804
 76140.000000 -844254.250000 793.041580 3.396670 3.280527 16.733020
 76160.000000 -844553.437500 791.846030 3.332029 3.304290 16.812313
 76180.000000 -842126.125000 793.938145 3.304143 3.701898 16.766468
 76200.000000 -843153.687500 794.761313 3.616345 3.434155 16.460047
 76220.000000 -843511.062500 791.424560 3.412603 3.643659 16.241553
 76240.000000 -843257.937500 793.368102 3.525093 3.567695 16.300940
 76260.000000 -843863.500000 791.951176 3.317858 3.678336 16.257358
 76280.000000 -843348.437500 794.049138 3.414053 3.471950 16.371834
 76300.000000 -843385.812500 794.198589 3.387298 3.361228 16.272250
 76320.000000 -842809.000000 795.683203 3.487750 3.285893 16.401839
 76340.000000 -844528.062500 794.109130 3.391790 3.262456 16.629456
 76360.000000 -842648.000000 796.712658 3.447996 3.227208 16.684866
 76380.000000 -842443.437500 792.723207 3.505308 3.393792 16.572155
 76400.000000 -844495.437500 796.994966 3.575875 3.341818 16.232853
 76420.000000 -841108.937500 793.816391 3.318614 3.545095 16.389744
 76440.000000 -843276.500000 793.455998 3.488609 3.425512 16.498843
 76460.000000 -844000.312500 794.116720 3.470197 3.583086 16.373883
 76480.000000 -842104.375000 795.794474 3.475212 3.420674 16.437442
 76500.000000 -842951.187500 795.209162 3.392257 3.517731 16.409055
 76520.000000 -844495.500000 790.574726 3.255091 3.385764 16.495381
 76540.000000 -843784.250000 792.617195 3.287824 3.177542 16.502236
 76560.000000 -844756.125000 792.040934 3.375667 3.287289 16.580566
 76580.000000 -842513.062500 791.829102 3.626248 3.168880 16.557029
 76600.000000 -843149.375000 796.730314 3.434929 3.348695 16.406518
 76620.000000 -842569.250000 795.117147 3.530016 3.302189 16.361765
 76640.000000 -842187.562500 794.889340 3.535753 3.231142 16.164988
 76660.000000 -844773.062500 793.836207 3.371121 3.196544 16.161716
 76680.000000 -845418.625000 794.092684 3.200339 3.379293 16.351610
 76700.000000 -843288.625000 794.948227 3.235595 3.282156 16.488098
 76720.000000 -843138.375000 794.506132 3.288672 3.425675 16.368885
 76740.000000 -843523.062500 791.859859 3.156260 3.338008 16.301861
 76760.000000 -843620.250000 793.435079 3.316104 3.433202 16.622405
 76780.000000 -842985.937500 795.484935 3.415477 3.365303 16.551960
 76800.000000 -843297.687500 792.271410 3.740779 3.443516 16.514992
 76820.000000 -843313.687500 795.625621 3.415142 3.535642 16.438858
 76840.000000 -843841.875000 794.654634 3.276935 3.390225 16.461420
 76860.000000 -842272.437500 793.525837 3.225819 3.269925 16.412108
 76880.000000 -843850.875000 793.771319 3.147147 3.323347 16.587326
 76900.000000 -843486.062500 796.584827 3.277439 3.317692 16.606984
 76920.000000 -843012.125000 794.534844 3.241343 3.396369 16.632478
 76940.000000 -842446.250000 793.839284 3.439296 3.184650 16.690572
 76960.000000 -842184.312500 792.726907 3.487216 3.514083 16.877544
 76980.000000 -844428.812500 794.927566 3.606090 3.579510 16.480457
 77000.000000 -843132.062500 793.740198 3.241298 3.440384 16.196077
 77020.000000 -844776.875000 792.820427 3.342919 3.138115 16.104015
 77040.000000 -844107.875000 791.582039 3.316733 3.486483 16.125029
 77060.000000 -842900.187500 794.197995 3.622454 3.465930 16.283365
 77080.000000 -841224.375000 794.680480 3.513268 3.441308 16.365717
 77100.000000 -842758.187500 793.732939 3.419193 3.210177 16.238073
 77120.000000 -842922.062500 794.366822 3.062808 3.375674 16.641411
 77140.000000 -841533.000000 795.733145 3.307592 3.548785 16.469607
 77160.000000 -842959.500000 794.689075 3.439311 3.434376 16.499084
 77180.000000 -843703.750000 789.918611 3.554746 3.480001 16.381131
 77200.000000 -843134.437500 794.545596 3.324497 3.289717 16.645504
 77220.000000 -844317.000000 793.921091 3.591163 3.477964 16.494567
 77240.000000 -844105.625000 791.856064 3.453255 3.389323 16.586314
 77260.000000 -841602.187500 794.069530 3.533650 3.498451 16.179321
 77280.000000 -842326.625000 795.977850 3.588471 3.395042 16.588795
 77300.000000 -842892.312500 793.611918 3.668676 3.442384 16.738548
 77320.000000 -843898.062500 792.688658 3.491613 3.310904 16.624360
 77340.000000 -844258.000000 792.491858 3.522064 3.249525 16.461759
 77360.000000 -843453.250000 795.219010 3.416460 3.379140 16.564194
 77380.000000 -842303.375000 793.884298 3.155057 3.184047 16.530329
 77400.000000 -841809.250000 795.382134 3.341864 3.496644 16.829463
 77420.000000 -843090.687500 794.204194 3.442559 3.668979 16.562314
 77440.000000 -844082.312500 792.076876 3.633248 3.654671 16.408222
 77460.000000 -843563.625000 794.573296 3.497550 3.139352 16.286969
 77480.000000 -844933.875000 793.891954 3.341870 3.321955 16.319420
 77500.000000 -842951.875000 794.900354 3.080941 3.221670 16.617691
 77520.000000 -844719.250000 794.101936 3.361100 3.082883 16.403438
 77540.000000 -843673.000000 791.860190 3.300224 3.402075 16.370781
 77560.000000 -844041.500000 792.947499 3.079442 3.372644 16.331824
 77580.000000 -841890.687500 794.430020 3.367201 3.326498 16.372028
 77600.000000 -841149.187500 794.188653 3.369513 3.207444 16.699132
 77620.000000 -842571.937500 793.883909 3.508586 3.409181 16.632391
 77640.000000 -844251.000000 791.361724 3.459597 3.436852 16.573723
 77660.000000 -841051.937500 791.925557 3.305875 3.433865 16.373306
 77680.000000 -844202.750000 793.439001 3.443404 3.178745 16.187364
 77700.000000 -843938.750000 789.164080 3.525706 3.546756 16.356413
 77720.000000 -843493.625000 794.134476 3.461172 3.393135 16.516719
 77740.000000 -842713.562500 792.862310 3.606151 3.088793 16.545844
 77760.000000 -842608.750000 792.703973 3.573628 3.307756 16.730830
 77780.000000 -845781.562500 791.506805 3.576093 3.475938 16.702188
 77800.000000 -843825.000000 792.151655 3.532506 3.434723 16.529438
 77820.000000 -846478.437500 791.592443 3.579755 3.647363 16.578797
 77840.000000 -844095.687500 793.054120 3.583560 3.400681 16.427653
 77860.000000 -841562.437500 793.384322 3.533872 3.516590 16.528028
 77880.000000 -843775.000000 795.671711 3.459335 3.702677 16.295676
 77900.000000 -844208.875000 794.220243 3.410298 3.329877 16.433135
 77920.000000 -844219.687500 791.267260 3.260279 3.230091 16.761420
 77940.000000 -843592.312500 795.860505 3.320044 3.444188 16.779031
 77960.000000 -843160.312500 793.283827 3.365954 3.289024 16.461948
 77980.000000 -842252.812500 794.702314 3.259849 3.536491 16.340617
 78000.000000 -842669.187500 791.856219 3.357705 3.369749 16.392134
 78020.000000 -845078.562500 793.546013 3.350944 3.288337 16.493996
 78040.000000 -842991.875000 793.073954 3.380365 3.505382 16.189804
 78060.000000 -842538.625000 795.436898 3.240470 3.473118 16.398110
 78080.000000 -844634.812500 796.185905 3.345160 3.594535 16.570788
 78100.000000 -843521.250000 794.641021 3.499732 3.397645 16.816112
 78120.000000 -840998.875000 794.493182 3.512259 3.640260 16.518204
 78140.000000 -845080.062500 794.120151 3.400290 3.600266 16.536900
 78160.000000 -843015.000000 794.051230 3.213068 3.420863 16.647081
 78180.000000 -841502.250000 794.680687 3.147895 3.541302 16.518263
 78200.000000 -843308.437500 794.443791 3.402521 3.332987 16.394284
 78220.000000 -843060.812500 793.045398 3.363115 3.269566 16.606681
 78240.000000 -843700.625000 792.812632 3.445957 3.458477 16.716604
 78260.000000 -842515.187500 795.031243 3.246967 3.381450 16.824473
 78280.000000 -842511.937500 795.465611 3.239883 3.518458 16.596851
 78300.000000 -843505.375000 792.910310 3.353045 3.493850 16.429011
 78320.000000 -844219.562500 792.899240 3.271739 3.217671 16.745411
 78340.000000 -843196.062500 795.583601 3.201817 3.339353 16.809648
 78360.000000 -843937.500000 792.957238 3.315535 3.697893 16.498277
 78380.000000 -843883.500000 797.180671 3.390670 3.588338 16.666502
 78400.000000 -842298.625000 791.984862 3.397711 3.472990 16.602346
 78420.000000 -845244.250000 792.422671 3.307914 3.492253 16.237178
 78440.000000 -844185.312500 791.167697 3.157822 3.428629 16.379422
 78460.000000 -842907.187500 794.141630 3.506980 3.498441 16.479143
 78480.000000 -842431.500000 795.320277 3.714640 3.473924 16.656883
 78500.000000 -844375.937500 791.245121 3.635693 3.481665 16.480889
 78520.000000 -843019.125000 793.400816 3.396547 3.487338 16.531450
 78540.000000 -842943.875000 793.549351 3.115986 3.365557 16.382507
 78560.000000 -842182.375000 793.978106 3.339785 3.245771 16.685750
 78580.000000 -843344.000000 795.097087 3.384939 3.229863 16.387281
 78600.000000 -842893.625000 794.221403 3.627788 3.166617 16.224804
 78620.000000 -842016.750000 796.888755 3.497473 3.451439 16.430367
 78640.000000 -842684.250000 794.240583 3.738733 3.558714 16.529589
 78660.000000 -843877.750000 793.719244 3.543429 3.373401 16.576742
 78680.000000 -843318.375000 793.097607 3.629669 3.492472 16.459090
 78700.000000 -844169.687500 794.600676 3.505802 3.425945 16.509973
 78720.000000 -843722.750000 792.608578 3.431595 3.428725 16.397711
 78740.000000 -841962.187500 794.828458 3.501094 3.507453 16.575317
 78760.000000 -844698.312500 793.706631 3.433048 3.424662 16.292584
 78780.000000 -844309.437500 792.440089 3.277462 3.627373 16.678778
 78800.000000 -843195.687500 792.962633 3.512293 3.542785 16.680481
 78820.000000 -844408.625000 791.196425 3.225494 3.565050 16.606555
 78840.000000 -845682.375000 790.936645 3.367658 3.482939 16.912600
 78860.000000 -841906.500000 796.766603 3.620703 3.099975 7.766217
 78880.000000 -843062.500000 797.007904 3.673366 3.384894 12.413687
 78900.000000 -843493.250000 795.491014 3.339716 3.525068 14.843092
 78920.000000 -843885.125000 791.712939 3.388155 3.594600 15.624545
 78940.000000 -844850.500000 791.141578 3.245579 3.584230 16.008865
 78960.000000 -843477.500000 790.797442 3.207762 3.482039 16.258733
 78980.000000 -842691.125000 793.420821 3.589071 3.731256 16.399054
 79000.000000 -841119.625000 793.201615 3.315390 3.375846 16.634689
 79020.000000 -843751.812500 793.720213 3.336971 3.679657 16.540940
 79040.000000 -844002.875000 791.446724 3.412525 3.477317 16.282386
 79060.000000 -845063.875000 792.346166 3.493465 3.473373 16.409128
 79080.000000 -843690.437500 793.937382 3.435925 3.326116 16.431318
 79100.000000 -843347.187500 793.777837 3.095597 3.245312 16.449574
 79120.000000 -844400.625000 793.123489 3.240388 3.498468 16.676236
 79140.000000 -843796.437500 792.688271 3.399135 3.500344 16.556709
 79160.000000 -841782.500000 794.710777 2.959234 3.109608 16.340206
 79180.000000 -842974.812500 794.459103 3.455267 3.403332 16.509698
 79200.000000 -842758.000000 798.462078 3.639905 3.233536 16.498545
 79220.000000 -846980.312500 793.068979 3.342135 3.392948 16.592464
 79240.000000 -843917.500000 793.494243 3.073984 3.617054 16.752809
 79260.000000 -844400.875000 792.252970 3.385814 3.231065 16.409756
 79280.000000 -843542.625000 795.817591 3.515012 3.646361 16.258523
 79300.000000 -842855.437500 793.252947 3.790760 3.553296 16.217312
 79320.000000 -844011.000000 790.828711 3.701748 3.816611 16.462393
 79340.000000 -843165.500000 796.747504 3.392695 3.699711 16.401587
 79360.000000 -842036.875000 796.449379 3.384596 3.598941 16.475606
 79380.000000 -842268.562500 794.596415 3.300240 3.478349 16.685414
 79400.000000 -844315.062500 792.531377 3.520971 3.205772 16.677214
 79420.000000 -844125.187500 793.184378 3.510252 3.162326 16.276394
 79440.000000 -843178.562500 792.425870 3.472550 3.589238 16.280942
 79460.000000 -844377.562500 791.455996 3.477939 3.317550 16.613778
 79480.000000 -843117.187500 794.338807 3.230272 3.124963 16.552977
 79500.000000 -844444.062500 793.073168 3.354933 3.433740 16.526992
 79520.000000 -843540.375000 790.564252 3.318680 3.558899 16.565593
 79540.000000 -842931.687500 794.172993 3.384456 3.425911 16.585170
 79560.000000 -844116.375000 794.037433 3.399481 3.420046 16.609056
 79580.000000 -843875.750000 793.286103 3.491861 3.317714 16.447499
 79600.000000 -842789.750000 797.054675 3.349769 3.245301 16.194105
 79620.000000 -841624.687500 794.847966 3.634282 3.554389 16.328711
 79640.000000 -843745.250000 792.285587 3.503958 3.486245 16.375521
 79660.000000 -845179.000000 790.779381 3.697396 3.429601 16.553293
 79680.000000 -844807.375000 792.423366 3.404953 3.549541 16.385561
 79700.000000 -843584.687500 792.286436 3.435733 3.277911 16.353001
 79720.000000 -844189.687500 793.915603 3.125636 3.324844 16.529758
 79740.000000 -843017.437500 791.892444 3.265149 3.147963 16.580002
 79760.000000 -843692.937500 794.021587 3.225037 3.277541 16.417407
 79780.000000 -843747.375000 792.897778 3.367780 3.321440 16.643640
 79800.000000 -842153.562500 792.592822 3.700302 3.291217 16.259157
 79820.000000 -842475.625000 794.737154 3.542055 3.362559 16.423371
 79840.000000 -843726.437500 791.655798 3.428758 3.348590 16.191770
 79860.000000 -843835.062500 793.938550 3.546256 3.583243 16.073331
 79880.000000 -844170.562500 793.135498 3.413105 3.499402 16.441309
 79900.000000 -843103.062500 792.917349 3.108472 3.622846 16.596805
 79920.000000 -842190.062500 790.380111 3.295524 3.477889 16.722609
 79940.000000 -843702.125000 793.623546 3.242748 3.791072 16.479941
 79960.000000 -843081.500000 795.870109 3.385192 3.430825 16.433686
 79980.000000 -844241.062500 794.967219 3.457830 3.249008 16.569815
 80000.000000 -845787.562500 793.152353 3.431161 2.969576 16.649805
 80020.000000 -842316.125000 797.469388 3.546230 3.120972 16.660534
 80040.000000 -843803.562500 791.901952 3.586424 3.115464 16.596385
 80060.000000 -843840.937500 794.021336 3.329719 3.146921 16.713596
 80080.000000 -842554.000000 792.031882 3.573620 3.399476 16.903832
 80100.000000 -842280.812500 795.041418 3.209633 3.639130 16.567491
 80120.000000 -843448.625000 790.919388 3.256322 3.611891 16.613976
 80140.000000 -841708.500000 792.593811 3.446855 3.309013 16.595991
 80160.000000 -844432.750000 792.064085 3.563882 3.414697 16.546691
 80180.000000 -844390.500000 793.479350 3.427268 3.319907 16.374938
 80200.000000 -841960.937500 794.291043 3.365250 3.578879 16.554361
 80220.000000 -842918.562500 792.041659 3.271399 3.681993 16.498637
 80240.000000 -842794.437500 795.960100 3.090780 3.432801 16.207919
 80260.000000 -843792.562500 793.550280 3.071320 3.382514 16.203656
 80280.000000 -845143.375000 792.221771 3.379830 3.282342 16.230165
 80300.000000 -844003.812500 791.606670 3.491540 3.496813 16.470480
 80320.000000 -843294.437500 794.573189 3.369184 3.224413 16.744375
 80340.000000 -843757.875000 794.479884 3.275571 3.430410 16.464459
 80360.000000 -843199.875000 793.862172 3.358168 3.250664 16.494195
 80380.000000 -843996.250000 792.599167 3.353843 3.452338 16.754987
 80400.000000 -843317.687500 794.361741 3.582114 3.699242 16.716825
 80420.000000 -844179.687500 792.587804 3.361130 3.609205 16.656282
 80440.000000 -843851.125000 792.940397 3.266967 3.468061 16.623972
 80460.000000 -841833.500000 795.477727 3.092495 3.268810 16.458343
 80480.000000 -843108.250000 793.802987 3.319646 3.239840 16.414553
 80500.000000 -843948.437500 794.191498 3.532006 3.253499 16.543656
 80520.000000 -844187.187500 794.230197 3.443914 3.320551 16.613977
 80540.000000 -844122.687500 792.187201 3.485601 3.748523 16.669503
 80560.000000 -843888.687500 794.245327 3.597860 3.546713 16.482761
 80580.000000 -843958.437500 794.842679 3.319580 3.494525 16.531746
 80600.000000 -842769.875000 797.644266 3.405566 3.571469 16.391723
 80620.000000 -843414.187500 793.963581 3.335110 3.326283 16.429115
 80640.000000 -844973.937500 792.722017 3.547009 3.496253 16.369997
 80660.000000 -841095.937500 794.163893 3.451000 3.291836 16.220626
 80680.000000 -843302.625000 793.355359 3.423463 3.249970 16.128919
 80700.000000 -844376.312500 795.611864 3.699186 3.574301 16.195447
 80720.000000 -842775.562500 793.097967 3.348452 3.721365 16.416646
 80740.000000 -845669.437500 793.963185 3.403704 3.442054 16.379885
 80760.000000 -843614.250000 789.733048 3.398802 3.118231 16.438940
 80780.000000 -840995.750000 793.619072 3.356360 3.160968 16.617297
 80800.000000 -843413.625000 795.167850 3.381525 3.253192 16.572694
 80820.000000 -842869.187500 795.271297 3.576015 3.544668 16.255633
 80840.000000 -843478.875000 797.303090 3.530268 3.489507 16.282829
 80860.000000 -843318.750000 792.649278 3.542778 3.488508 16.564981
 80880.000000 -844959.812500 794.123855 3.412815 3.387355 16.489233
 80900.000000 -843603.562500 793.435487 3.372085 3.264391 16.414331
 80920.000000 -844371.187500 791.613623 3.281870 3.486230 16.600720
 80940.000000 -845540.687500 791.693527 3.563604 3.473115 16.606657
 80960.000000 -841614.375000 795.310773 3.276595 3.459499 16.614191
 80980.000000 -842885.750000 792.123723 3.481530 3.588012 16.510694
 81000.000000 -845379.562500 791.548508 3.487729 3.746879 16.420308
 81020.000000 -842542.687500 792.116343 3.607656 3.265048 16.691167
 81040.000000 -841754.000000 794.251702 3.434580 3.431126 16.669555
 81060.000000 -843054.625000 794.223809 3.151235 3.433021 16.863624
 81080.000000 -844606.000000 792.696133 3.238671 3.209680 16.596809
 81100.000000 -843579.500000 791.967604 3.170383 3.290923 16.173218
 81120.000000 -843266.875000 794.255098 3.329703 3.409830 16.373323
 81140.000000 -843701.875000 794.829118 3.330503 3.287926 16.485577
 81160.000000 -842151.625000 795.428518 3.280515 3.445735 16.716129
 81180.000000 -843423.437500 791.784314 3.409745 3.454761 16.545887
 81200.000000 -841942.500000 795.688078 3.472494 3.555477 16.610914
 81220.000000 -843518.750000 795.508105 3.452879 3.498838 16.761857
 81240.000000 -844376.500000 793.912572 3.454484 3.403336 16.583781
 81260.000000 -841950.812500 794.392019 3.256035 3.494369 16.699769
 81280.000000 -840946.312500 794.332887 2.996177 3.360488 16.384684
 81300.000000 -843997.562500 794.284402 3.247309 3.538582 16.379894
 81320.000000 -843562.187500 792.854419 3.118039 3.330108 16.482204
 81340.000000 -842698.875000 791.611405 3.299639 3.244468 16.563735
 81360.000000 -842298.687500 794.365247 3.361599 3.391477 16.770950
 81380.000000 -840848.937500 795.131694 3.439961 3.516063 16.627813
 81400.000000 -842714.500000 792.655273 3.274420 3.760611 16.608595
 81420.000000 -843430.062500 793.715688 3.416811 3.635628 16.543735
 81440.000000 -842529.500000 792.938193 3.562581 3.551464 16.835215
 81460.000000 -841169.125000 795.133604 3.584625 3.300413 16.475353
 81480.000000 -841632.187500 794.628457 3.487533 3.471574 16.419044
 81500.000000 -843700.625000 794.685736 3.060739 3.437569 16.289637
 81520.000000 -843591.437500 795.849553 3.377327 3.507160 16.445898
 81540.000000 -843760.812500 795.452389 3.333969 3.375465 16.480799
 81560.000000 -844529.937500 789.456023 3.493030 3.215107 16.556596
 81580.000000 -843118.375000 793.870740 3.482407 3.152318 16.517968
 81600.000000 -841760.187500 793.852601 3.442500 3.493888 16.587210
 81620.000000 -844117.375000 792.532649 3.180963 3.304702 16.684582
 81640.000000 -845279.062500 791.594091 3.498594 3.186219 16.521575
 81660.000000 -842636.000000 793.748964 3.386623 3.057974 16.531468
 81680.000000 -841349.250000 794.185644 3.363834 3.164442 16.671468
 81700.000000 -842514.437500 792.686293 3.510518 3.221021 16.431150
 81720.000000 -842041.687500 795.056093 3.608771 3.552991 16.389429
 81740.000000 -841780.625000 795.257808 3.331175 3.511832 16.577148
 81760.000000 -842004.312500 795.584371 3.380938 3.294335 16.257711
 81780.000000 -842638.375000 795.795499 3.347681 3.124345 16.231825
 81800.000000 -839509.625000 797.959507 3.318542 3.558053 16.298639
 81820.000000 -842526.437500 794.205584 2.990686 3.345179 16.595236
 81840.000000 -842088.437500 793.504944 2.941664 3.239857 16.482787
 81860.000000 -841870.500000 794.716946 3.148523 3.410225 16.391128
 81880.000000 -842611.937500 796.362309 3.433950 3.493978 16.699743
 81900.000000 -843173.500000 794.275233 3.395182 3.575460 16.385410
 81920.000000 -842271.437500 794.428606 3.651985 3.344824 16.530962
 81940.000000 -844473.000000 791.105996 3.434523 3.536682 16.234344
 81960.000000 -841906.937500 793.384389 3.198318 3.557880 16.194686
 81980.000000 -843640.812500 793.376590 3.254499 3.679099 16.146256
 82000.000000 -843611.312500 793.997416 3.256462 3.499437 16.529660
 82020.000000 -844620.187500 792.226086 3.381893 3.707466 16.566443
 82040.000000 -842899.437500 791.892152 3.519798 3.415483 16.348880
 82060.000000 -843093.125000 793.431630 3.395222 3.332905 16.477311
 82080.000000 -844635.062500 793.537684 3.348582 3.244262 16.537956
 82100.000000 -846022.187500 790.636469 3.348445 3.351495 16.490518
 82120.000000 -845824.500000 790.859566 3.442895 3.312995 16.425499
 82140.000000 -841559.312500 794.057306 3.116191 3.487754 16.427652
 82160.000000 -843695.500000 795.217979 3.275514 3.485769 16.617593
 82180.000000 -844610.937500 792.036917 3.350936 3.366348 16.478347
 82200.000000 -844165.062500 792.276406 3.257098 3.322002 16.620657
 82220.000000 -843360.687500 792.075352 3.364215 3.298537 16.276915
 82240.000000 -841016.687500 796.663040 3.536954 3.312596 16.215025
 82260.000000 -843491.437500 795.256892 3.286475 3.610969 16.102990
 82280.000000 -844011.062500 792.464204 3.274288 3.486086 16.309698
 82300.000000 -842770.500000 796.111925 3.096785 3.414936 16.366202
 82320.000000 -843413.562500 793.756177 3.352775 3.339572 16.577206
 82340.000000 -845647.625000 791.433006 3.149373 3.294700 16.622175
 82360.000000 -845697.437500 792.947530 3.237900 3.296668 16.663259
 82380.000000 -843372.625000 792.475790 3.403392 3.322299 16.465371
 82400.000000 -840823.375000 794.157209 3.384702 3.281506 16.378680
 82420.000000 -842421.000000 794.474207 3.743007 3.298252 16.403505
 82440.000000 -843883.062500 793.891176 3.442915 3.363732 16.479872
 82460.000000 -844476.375000 793.338730 3.409830 3.379853 16.325135
 82480.000000 -842141.625000 792.795817 3.380353 3.410891 16.623281
 82500.000000 -842785.437500 790.366396 3.337678 3.445842 16.707592
 82520.000000 -843912.250000 793.283474 3.401735 3.555787 16.669447
 82540.000000 -840627.875000 794.874918 3.325940 3.297628 16.477186
 82560.000000 -842714.750000 795.039865 3.236760 3.439246 16.603836
 82580.000000 -843171.750000 794.815491 3.324612 3.488173 16.773807
 82600.000000 -843133.375000 795.811749 3.682852 3.229468 16.570800
 82620.000000 -843186.000000 795.228004 3.675890 3.432309 16.472736
 82640.000000 -841428.187500 794.692323 3.351617 3.148602 16.637120
 82660.000000 -843055.125000 797.174859 3.321251 3.293642 16.656352
 82680.000000 -844215.000000 795.613490 3.463830 3.396991 16.501053
 82700.000000 -843068.812500 794.048806 3.476982 3.437412 16.548543
 82720.000000 -843444.062500 794.198038 3.429436 3.427134 16.339509
 82740.000000 -842611.125000 793.518127 3.324702 3.560497 16.364342
 82760.000000 -840529.875000 794.515155 3.257767 3.566041 16.607922
 82780.000000 -844400.500000 792.385828 3.459881 3.467043 16.537687
 82800.000000 -843773.000000 792.891182 3.277071 3.344883 15.995682
 82820.000000 -844291.750000 792.997513 3.283151 3.559296 16.429216
 82840.000000 -842830.625000 793.044703 3.214412 3.584839 16.609508
 82860.000000 -844846.562500 795.017573 3.552030 3.603317 16.687946
 82880.000000 -844772.500000 793.090958 3.477396 3.510667 16.690364
 82900.000000 -843834.812500 792.542243 3.695066 3.446711 16.561570
 82920.000000 -841779.437500 795.513285 3.675829 3.338224 16.516251
 82940.000000 -842997.812500 793.121935 3.428213 3.490176 16.655425
 82960.000000 -841295.187500 793.200623 3.354679 3.537863 16.577195
 82980.000000 -844126.687500 791.649148 3.209741 3.405082 16.571840
 83000.000000 -843889.937500 796.345608 3.314097 3.253913 16.455848
 83020.000000 -842991.375000 793.845187 3.496872 3.115941 16.136480
 83040.000000 -841162.687500 795.117429 3.494633 3.311012 16.189472
 83060.000000 -841195.250000 796.458884 3.564033 3.440895 16.348348
 83080.000000 -841964.812500 795.206047 3.379467 3.628413 16.607174
 83100.000000 -842146.500000 795.272376 3.282282 3.564054 16.549953
 83120.000000 -844062.250000 793.179697 3.442227 3.464034 16.506980
 83140.000000 -842726.562500 795.830269 3.476986 3.611655 16.371304
 83160.000000 -843744.062500 793.598824 3.508463 3.475491 16.395982
 83180.000000 -843871.687500 792.150576 3.385217 3.511559 16.698033
 83200.000000 -843694.500000 795.583181 3.446464 3.760471 16.641603
 83220.000000 -842659.312500 795.165177 3.175208 3.498898 16.521679
 83240.000000 -843971.062500 792.474490 3.434567 3.473534 16.567714
 83260.000000 -843907.375000 793.797094 3.403795 3.498468 16.698274
 83280.000000 -844367.250000 792.731854 3.522609 3.275760 16.649600
 83300.000000 -844232.437500 792.321938 3.606275 3.177157 16.743351
 83320.000000 -843549.687500 793.702037 3.560108 3.553130 16.834903
 83340.000000 -845081.562500 791.529247 3.543563 3.420754 16.702000
 83360.000000 -843197.812500 792.316489 3.324695 3.301760 16.592414
 83380.000000 -843454.500000 793.445162 3.176081 3.154385 16.608440
 83400.000000 -843138.687500 794.122131 3.323615 3.258089 16.523118
 83420.000000 -841142.437500 794.485638 3.289587 2.965540 16.659695
 83440.000000 -842648.812500 792.490179 3.296812 3.311593 16.593010
 83460.000000 -842831.250000 790.639180 3.094022 3.351078 16.453219
 83480.000000 -845796.625000 791.195642 3.382053 3.402868 16.501499
 83500.000000 -845238.625000 793.945128 3.539959 3.317911 16.428680
 83520.000000 -843552.750000 793.620146 3.280009 3.480048 16.540080
 83540.000000 -844913.000000 793.879785 3.266696 3.290382 16.479677
 83560.000000 -842737.812500 794.218466 3.320345 3.398267 16.246060
 83580.000000 -844892.250000 792.174901 3.367807 3.228474 16.437811
 83600.000000 -844688.062500 792.293813 3.498452 3.284178 16.495728
 83620.000000 -844330.500000 793.862174 3.611016 3.342004 16.501958
 83640.000000 -845889.187500 793.763815 3.600186 3.148865 16.212322
 83660.000000 -844164.875000 794.117674 3.486917 3.330150 16.425476
 83680.000000 -842581.500000 793.978599 3.463859 3.305137 16.359279
 83700.000000 -842895.250000 793.186496 3.449880 3.359723 16.537113
 83720.000000 -843368.500000 794.285390 3.656523 3.393461 16.353638
 83740.000000 -841478.562500 795.327079 3.560771 3.613351 16.555093
 83760.000000 -842056.250000 795.386749 3.757086 3.394124 16.555744
 83780.000000 -842283.687500 796.474918 3.502035 3.550927 16.597495
 83800.000000 -841369.250000 793.686148 3.100149 3.332233 16.505322
 83820.000000 -843361.937500 793.624765 3.309100 3.525631 16.679333
 83840.000000 -842408.812500 794.353125 3.832595 3.354847 16.610705
 83860.000000 -842190.250000 793.112044 3.171554 3.427322 16.566794
 83880.000000 -843970.812500 794.737675 3.406249 3.527600 16.548698
 83900.000000 -844314.687500 794.782290 3.194495 3.368858 16.483057
 83920.000000 -841642.437500 797.017612 3.289565 3.472693 16.279558
 83940.000000 -842462.625000 795.834474 3.332663 3.503147 16.373144
 83960.000000 -843465.562500 792.162320 3.096906 3.239044 16.247889
 83980.000000 -843848.437500 792.865199 3.379825 3.419475 16.174675
 84000.000000 -843623.375000 795.400609 3.538929 3.295480 16.313168
 84020.000000 -842643.625000 796.287016 3.411394 3.287925 16.552469
 84040.000000 -842195.000000 794.637095 3.371121 3.185827 16.631292
 84060.000000 -844410.562500 793.340172 3.207984 3.238856 16.593173
 84080.000000 -842666.687500 793.342468 3.506685 3.140861 16.454884
 84100.000000 -843333.500000 794.128924 3.532163 3.329621 16.603219
 84120.000000 -843573.375000 793.146013 3.538551 3.328126 16.350805
 84140.000000 -844203.062500 794.032068 3.227203 3.301591 16.466360
 84160.000000 -843405.250000 794.489991 3.171943 3.506926 16.629943
 84180.000000 -843814.562500 791.656161 3.143338 3.432146 16.552428
 84200.000000 -844527.937500 791.524217 3.191627 3.255293 16.650418
 84220.000000 -842688.312500 794.055509 3.311913 3.197506 16.352389
 84240.000000 -843640.875000 793.135990 3.510126 3.484041 16.492427
 84260.000000 -842452.687500 793.059133 3.718846 3.328919 16.653090
 84280.000000 -843429.375000 795.530628 3.657554 3.208804 16.605854
 84300.000000 -843453.812500 791.196683 3.653583 3.230668 16.491406
 84320.000000 -840992.875000 794.668053 3.514941 3.654824 16.573665
 84340.000000 -842406.062500 793.106139 3.199571 3.344149 16.627858
 84360.000000 -845039.687500 791.489870 3.311038 3.512197 16.425280
 84380.000000 -844205.062500 794.265699 3.477234 3.458227 16.565074
 84400.000000 -843912.000000 792.112988 3.336783 3.544928 16.777963
 84420.000000 -842174.125000 793.365551 3.616196 3.427109 16.536637
 84440.000000 -842925.875000 791.810694 3.447520 3.471324 16.416906
 84460.000000 -843528.250000 793.609406 3.420349 3.096217 16.398001
 84480.000000 -843257.875000 794.250788 3.303525 3.196233 16.480654
 84500.000000 -843062.750000 790.319672 3.497144 3.279817 16.409810
 84520.000000 -844543.250000 792.346708 3.624845 3.275687 16.531670
 84540.000000 -843355.437500 790.978045 3.884631 3.501691 16.609471
 84560.000000 -845398.375000 791.850997 3.275378 3.551410 16.589138
 84580.000000 -842105.562500 794.701246 3.354047 3.469042 16.650000
 84600.000000 -845524.250000 790.866891 3.489055 3.092321 16.444359
 84620.000000 -844099.437500 793.253626 3.515567 3.243756 16.340797
 84640.000000 -843620.187500 793.442902 3.196268 3.181755 16.382753
 84660.000000 -843174.375000 795.644049 3.323944 3.367051 16.585279
 84680.000000 -843551.750000 795.099396 3.318310 3.410943 16.664410
 84700.000000 -842888.500000 793.296227 3.216685 3.354645 16.572115
 84720.000000 -841824.812500 794.055956 3.271991 3.359128 16.338277
 84740.000000 -843530.125000 793.695228 3.328197 3.442756 16.515313
 84760.000000 -843831.875000 795.319674 3.406119 3.291998 16.333679
 84780.000000 -843604.625000 795.165388 3.365326 3.566158 16.297254
 84800.000000 -843431.750000 796.016666 3.506220 3.551090 16.190732
 84820.000000 -843185.125000 794.586182 3.509147 3.475606 16.239285
 84840.000000 -842525.750000 793.916214 3.451345 3.708326 16.611818
 84860.000000 -843855.437500 792.630468 3.432026 3.307622 16.591661
 84880.000000 -842901.437500 793.033236 3.331690 3.148263 16.336004
 84900.000000 -843589.687500 793.227255 3.215009 3.121924 16.662681
 84920.000000 -843420.625000 794.761950 3.387843 3.228376 16.488012
 84940.000000 -842827.312500 794.983021 3.427228 3.305963 16.250690
 84960.000000 -843382.312500 792.752201 3.359322 3.426336 16.404714
 84980.000000 -843808.562500 793.137475 3.646903 3.409652 16.832200
 85000.000000 -842067.187500 793.469386 3.404105 3.304797 16.597282
 85020.000000 -843839.500000 791.470929 3.456073 3.331768 16.419704
 85040.000000 -843272.187500 793.333606 3.338564 3.181748 16.421071
 85060.000000 -844256.562500 793.841036 3.400822 3.374050 16.643418
 85080.000000 -844982.937500 789.927497 3.189222 3.337656 16.519176
 85100.000000 -843334.937500 796.118578 3.168054 3.290476 16.259736
 85120.000000 -842192.500000 792.653668 3.341460 3.450002 16.165398
 85140.000000 -842537.375000 793.250901 3.420826 3.281609 16.413577
 85160.000000 -841487.062500 795.216158 3.539309 3.235648 16.389836
 85180.000000 -841674.250000 792.748843 3.416116 3.322547 16.389363
 85200.000000 -841345.375000 794.140397 3.532054 3.062917 16.578763
 85220.000000 -843480.500000 795.503464 3.599879 3.282694 16.569953
 85240.000000 -844754.375000 790.750253 3.449487 3.476017 16.440206
 85260.000000 -842830.250000 793.520913 3.567282 3.322842 16.491039
 85280.000000 -844802.000000 792.350157 3.452765 3.102755 16.590283
 85300.000000 -843193.187500 794.440105 3.568655 3.312055 16.736691
 85320.000000 -844524.312500 794.846620 3.578779 3.289325 16.775885
 85340.000000 -844576.687500 790.054405 3.656255 3.471161 16.503201
 85360.000000 -843308.187500 793.476490 3.581747 3.445101 16.671000
 85380.000000 -842320.625000 795.136272 3.616062 3.307489 16.678621
 85400.000000 -842478.500000 793.491557 3.348176 3.250757 16.827968
 85420.000000 -842353.437500 792.889085 3.454850 3.314410 16.864404
 85440.000000 -844188.062500 794.577800 3.357660 3.500514 16.398325
 85460.000000 -842143.750000 792.294047 3.104521 3.629543 16.380931
 85480.000000 -842681.375000 795.674626 3.376423 3.414243 16.609568
 85500.000000 -841821.937500 795.489141 3.455533 3.268272 16.239166
 85520.000000 -843269.625000 793.991262 3.394794 3.381122 16.642530
 85540.000000 -842822.875000 796.060551 3.594643 3.438448 16.317907
 85560.000000 -842815.687500 794.479964 3.528843 3.494661 16.716485
 85580.000000 -845607.437500 789.206798 3.486012 3.481676 16.519992
 85600.000000 -844279.250000 791.139792 3.608757 3.346855 16.276047
 85620.000000 -843898.812500 791.523751 3.700563 3.288293 16.506838
 85640.000000 -842576.187500 793.685533 3.332857 3.271065 16.254887
 85660.000000 -843437.937500 793.169390 3.372522 3.227717 16.367789
 85680.000000 -843326.812500 792.978284 3.355571 3.350778 16.488202
 85700.000000 -844353.437500 793.493641 3.469765 3.272826 16.478982
 85720.000000 -843254.437500 793.164558 3.537561 3.353253 16.465972
 85740.000000 -844388.312500 791.715841 3.777133 3.664257 16.488493
 85760.000000 -843866.562500 791.665409 3.694315 3.569338 16.701009
 85780.000000 -842560.000000 792.240305 3.464820 3.519920 16.613376
 85800.000000 -841082.875000 793.667219 3.392952 3.644941 16.397608
 85820.000000 -841818.312500 796.182552 3.286595 3.647531 16.593641
 85840.000000 -843675.000000 794.548335 3.310505 3.260002 16.528094
 85860.000000 -842111.437500 792.410199 3.490302 3.246579 16.494633
 85880.000000 -842873.562500 795.977746 3.354888 3.394662 16.720838
 85900.000000 -843125.687500 791.353638 3.567967 3.253192 16.729713
 85920.000000 -843608.687500 794.083913 3.488915 3.229205 16.653990
 85940.000000 -844366.125000 791.825907 3.642847 3.165293 16.599341
 85960.000000 -844386.937500 792.801242 3.455718 3.466662 16.362650
 85980.000000 -845422.937500 791.123044 3.388455 3.233842 16.456691
 86000.000000 -844062.750000 792.772875 3.517110 3.629249 16.452850
 86020.000000 -841585.750000 793.856740 3.342845 3.193161 16.685453
 86040.000000 -844496.062500 791.119624 3.391113 3.199295 16.618882
 86060.000000 -843671.875000 792.278795 3.237343 3.402255 16.601688
 86080.000000 -843302.875000 790.335827 3.261787 3.169499 16.583037
 86100.000000 -843184.937500 794.730322 3.475966 3.189822 16.608698
 86120.000000 -844133.625000 793.635179 3.187142 3.452504 16.344924
 86140.000000 -842680.312500 795.227565 3.335407 3.250254 16.190358
 86160.000000 -844277.750000 794.003688 3.316946 3.175921 16.269395
 86180.000000 -846003.750000 790.333878 3.361719 3.449262 16.422570
 86200.000000 -843023.312500 792.041162 3.636103 3.412503 16.242686
 86220.000000 -843891.437500 794.562859 3.417020 3.527831 16.300413
 86240.000000 -843834.937500 792.778109 3.454689 3.582895 16.572283
 86260.000000 -844823.562500 793.956560 3.500033 3.576813 16.389850
 86280.000000 -843241.062500 793.108258 3.475098 3.369623 16.379898
 86300.000000 -843358.250000 793.778325 3.462776 3.417991 16.317535
 86320.000000 -842228.375000 791.602173 3.508011 3.189081 16.685257
 86340.000000 -844000.562500 792.916176 3.857899 3.128559 16.533507
 86360.000000 -842286.437500 794.126981 3.318727 3.209896 16.844628
 86380.000000 -844978.062500 790.342369 3.703939 3.247007 16.519756
 86400.000000 -845253.687500 791.477728 3.245012 3.107224 16.489168
 86420.000000 -843857.562500 792.109255 3.299455 3.329327 16.788832
 86440.000000 -844055.750000 793.081819 3.339566 3.405792 16.367745
 86460.000000 -844162.875000 792.282256 3.561548 3.187084 16.336352
 86480.000000 -843223.125000 795.774630 3.575142 3.404994 16.229514
 86500.000000 -845353.875000 791.264219 3.422612 3.428342 16.253929
 86520.000000 -842658.750000 791.876202 3.499430 3.405905 16.394819
 86540.000000 -844442.812500 791.828442 3.317728 3.398381 16.536418
 86560.000000 -841862.500000 794.854848 3.393106 3.308338 16.509766
 86580.000000 -844359.562500 791.662204 3.205386 3.626864 16.484619
 86600.000000 -845574.187500 792.827711 3.442395 3.386860 16.530296
 86620.000000 -843425.000000 792.812617 3.455913 3.503111 16.718957
 86640.000000 -843822.562500 792.494056 3.213244 3.458706 16.679267
 86660.000000 -843787.125000 794.407363 3.109243 3.509927 16.680029
 86680.000000 -843195.312500 793.741537 3.136034 3.328868 16.649125
 86700.000000 -844861.437500 794.035956 3.068671 3.561096 16.582253
 86720.000000 -841778.937500 791.523458 3.383496 3.494382 16.411635
 86740.000000 -841883.875000 794.075891 3.543018 3.550701 16.518290
 86760.000000 -841874.250000 792.697236 3.531501 3.664075 16.305389
 86780.000000 -843211.250000 794.463804 3.198583 3.598214 16.275524
 86800.000000 -842171.312500 794.588004 3.287737 3.551020 16.821787
 86820.000000 -843492.000000 795.908628 3.350120 3.467401 16.566797
 86840.000000 -844333.500000 794.229872 3.430342 3.398395 16.403208
 86860.000000 -842990.062500 791.686438 3.294604 3.326247 16.751265
 86880.000000 -844146.687500 790.276063 3.460977 3.185345 16.685794
 86900.000000 -843404.750000 791.696626 3.288142 3.299354 16.649838
 86920.000000 -843451.937500 792.491192 3.504055 3.337931 16.428485
 86940.000000 -842961.437500 793.457469 3.548954 3.337301 16.507080
 86960.000000 -841975.312500 792.898794 3.132492 3.552742 16.778597
 86980.000000 -842532.875000 795.273725 3.501244 3.643595 16.687119
 87000.000000 -843005.500000 791.467924 3.360457 3.462906 16.593080
 87020.000000 -842536.562500 793.838903 3.120276 3.413081 16.355248
 87040.000000 -841984.375000 792.170074 3.212234 3.422859 16.342186
 87060.000000 -842240.750000 796.584634 3.648564 3.362335 16.527233
 87080.000000 -842672.187500 793.816541 3.341781 3.323549 16.672407
 87100.000000 -842690.875000 793.997600 3.377207 3.352351 16.608235
 87120.000000 -843262.750000 793.212836 3.548409 3.546931 16.318023
 87140.000000 -844094.875000 792.433387 3.495494 3.345112 16.315638
 87160.000000 -842464.875000 794.296723 3.488892 3.597374 16.516573
 87180.000000 -842989.062500 792.902300 3.422362 3.441290 16.576196
 87200.000000 -844896.625000 792.883406 3.365994 3.542430 16.662893
 87220.000000 -843459.687500 789.509454 3.805143 3.407618 16.369172
 87240.000000 -843187.125000 793.131138 3.535146 3.429439 16.456750
 87260.000000 -842964.437500 794.657156 3.302123 3.130651 16.316220
 87280.000000 -842789.250000 796.312638 3.340747 3.286998 16.127962
 87300.000000 -841721.625000 794.177226 3.123302 3.435711 16.354196
 87320.000000 -843010.500000 793.851647 3.278227 3.182640 16.435234
 87340.000000 -842286.562500 793.292196 3.328263 3.360446 16.231781
 87360.000000 -842728.000000 794.027888 3.460448 3.236891 16.219799
 87380.000000 -843312.687500 791.055468 3.390681 3.143131 16.539993
 87400.000000 -842603.625000 792.210891 3.362869 3.356459 16.521624
 87420.000000 -842238.437500 794.308344 3.384474 3.383626 16.416097
 87440.000000 -842793.562500 797.236243 3.305928 3.388043 16.483832
 87460.000000 -842927.750000 795.995683 3.429485 3.443439 16.252490
 87480.000000 -841796.187500 791.376716 3.717255 3.585099 16.615711
 87500.000000 -842641.437500 795.020991 3.200907 3.462106 16.377309
 87520.000000 -842326.062500 793.391618 3.385418 3.558035 16.328013
 87540.000000 -844289.312500 792.458134 3.380306 3.412433 16.480433
 87560.000000 -842384.375000 790.747786 3.500891 3.449409 16.834344
 87580.000000 -842784.312500 791.064010 3.449408 3.303971 16.580680
 87600.000000 -843554.437500 791.591427 3.538787 3.656029 16.384014
 87620.000000 -844651.687500 795.074181 3.503248 3.521707 16.424964
 87640.000000 -842116.875000 796.352775 3.220755 3.539306 16.488951
 87660.000000 -842314.375000 796.499556 3.232815 3.749062 16.560127
 87680.000000 -844300.437500 791.891973 3.254332 3.815993 16.797850
 87700.000000 -842440.250000 789.453517 3.375202 3.550188 16.461608
 87720.000000 -844314.312500 790.269269 3.387525 3.487842 16.390680
 87740.000000 -843214.500000 792.735796 3.401137 3.335789 16.510468
 87760.000000 -841947.000000 793.417406 3.304745 3.449504 16.607347
 87780.000000 -842280.187500 793.478981 3.362152 3.318682 16.543126
 87800.000000 -843159.375000 792.749492 3.440038 3.153382 16.355651
 87820.000000 -844158.062500 794.913508 3.418485 3.484802 16.521176
 87840.000000 -845169.812500 792.711910 3.366372 3.365166 16.613546
 87860.000000 -843287.375000 794.126013 3.515253 3.491884 16.693356
 87880.000000 -844709.875000 794.850155 3.505329 3.408592 16.569698
 87900.000000 -842619.937500 791.633368 3.421332 3.374907 16.541656
 87920.000000 -842216.562500 794.178466 3.411964 3.402977 16.639073
 87940.000000 -845128.625000 792.716057 3.089815 3.598383 16.701485
 87960.000000 -842650.500000 795.131500 3.262534 3.523691 16.533885
 87980.000000 -843587.812500 793.517238 3.191929 3.290048 16.555809
 88000.000000 -843533.062500 793.649465 3.230495 3.245563 16.562827
 88020.000000 -843313.500000 791.950502 3.175477 3.435302 16.426934
 88040.000000 -843661.625000 795.055021 3.149914 3.405316 16.497715
 88060.000000 -844451.125000 793.265831 3.226610 3.342100 16.697107
 88080.000000 -842729.187500 792.100844 3.358312 3.287682 16.808499
 88100.000000 -842070.312500 793.446424 3.459817 3.337193 16.590865
 88120.000000 -844313.000000 794.115745 3.539792 3.487161 16.364934
 88140.000000 -843151.250000 792.046372 3.537181 3.494133 16.608660
 88160.000000 -843471.500000 795.446676 3.437774 3.310718 16.620041
 88180.000000 -842976.437500 795.538585 3.460613 3.132870 16.861201
 88200.000000 -842623.625000 793.816312 3.476280 3.310089 16.688648
 88220.000000 -843065.750000 792.896026 3.656957 3.284184 16.801296
 88240.000000 -845533.937500 793.530081 3.459293 3.136124 16.653530
 88260.000000 -843697.562500 791.758397 3.355613 3.666679 16.507321
 88280.000000 -843610.625000 795.160895 3.432452 3.624078 16.367254
 88300.000000 -842435.625000 794.041450 3.396969 3.450132 16.507243
 88320.000000 -842288.812500 795.151322 3.410545 3.607158 16.577024
 88340.000000 -843253.750000 795.512423 3.324621 3.434391 16.443586
 88360.000000 -842954.562500 793.808655 3.340561 3.416228 16.463997
 88380.000000 -843068.562500 790.963505 3.618696 3.542271 16.597166
 88400.000000 -842279.437500 795.920756 3.528714 3.253944 16.624040
 88420.000000 -841673.000000 793.598313 3.093002 3.238251 16.374438
 88440.000000 -841765.437500 794.603139 3.451099 3.334428 16.580323
 88460.000000 -842170.562500 795.485880 3.390716 3.623155 16.414355
 88480.000000 -842825.000000 791.297653 3.315074 3.530346 16.527142
 88500.000000 -844255.687500 792.793425 3.275862 3.532925 16.667437
 88520.000000 -842573.625000 793.458363 3.140562 3.550664 16.512056
 88540.000000 -844299.750000 791.352607 3.431864 3.502851 16.838443
 88560.000000 -840847.625000 794.972444 3.581878 3.409447 16.770678
 88580.000000 -843646.250000 791.961069 3.073110 3.187568 16.645013
 88600.000000 -842641.812500 792.209889 3.006510 3.483161 16.559437
 88620.000000 -842994.875000 790.010935 3.361434 3.380394 16.467280
 88640.000000 -843639.875000 793.687913 3.237847 3.340399 16.408633
 88660.000000 -842538.937500 792.421889 3.263941 3.601643 16.522651
 88680.000000 -842788.000000 794.098555 3.422142 3.471779 16.263717
 88700.000000 -843064.625000 792.952300 3.327369 3.372213 16.354302
 88720.000000 -842446.812500 794.653449 3.085801 3.466914 16.664861
 88740.000000 -845843.937500 791.245357 3.406689 3.161222 16.601693
 88760.000000 -843764.000000 792.289137 3.294119 3.551683 16.533365
 88780.000000 -843665.562500 794.421635 3.284302 3.580152 16.641310
 88800.000000 -844483.750000 793.029507 3.661796 3.568137 16.444380
 88820.000000 -844460.937500 791.701897 3.666182 3.316690 16.543497
 88840.000000 -843579.812500 793.136920 3.769059 3.611943 16.511708
 88860.000000 -844309.625000 793.421947 3.522459 3.480431 16.470436
 88880.000000 -844118.625000 795.747680 3.404816 3.580466 16.562682
 88900.000000 -844763.312500 793.246602 3.115858 3.493762 16.248898
 88920.000000 -844295.375000 794.184316 3.141402 3.524384 16.446581
 88940.000000 -843215.000000 794.783553 3.508226 3.385988 16.726117
 88960.000000 -843229.187500 794.083908 3.123500 3.360455 16.693153
 88980.000000 -844052.875000 791.460553 3.170313 3.431164 16.845007
 89000.000000 -844188.500000 792.440126 3.467995 3.318652 16.500689
 89020.000000 -841973.875000 793.019102 3.633205 3.339269 16.272448
 89040.000000 -843910.500000 791.513950 3.285892 3.358204 16.283378
 89060.000000 -842320.437500 791.914922 3.296919 3.393943 16.597570
 89080.000000 -845135.437500 790.693652 3.672899 3.497294 16.427777
 89100.000000 -843717.187500 790.259748 3.453938 3.488728 16.365813
 89120.000000 -844260.375000 793.299150 3.489271 3.408357 16.589890
 89140.000000 -842919.750000 792.103975 3.509049 3.141081 16.626355
 89160.000000 -845635.250000 792.192334 3.479285 3.129734 16.526573
 89180.000000 -844484.937500 794.034784 3.458115 3.217696 16.487875
 89200.000000 -845495.437500 792.942353 3.449626 3.018554 16.428236
 89220.000000 -841557.937500 793.200416 3.459730 3.429685 16.618518
 89240.000000 -843193.500000 794.006567 3.408868 3.305069 16.520690
 89260.000000 -843663.500000 792.789071 3.569392 3.208082 16.671133
 89280.000000 -845171.937500 790.549144 3.518317 3.210174 16.689054
 89300.000000 -843521.687500 792.377416 3.488453 3.207260 16.641877
 89320.000000 -842745.937500 793.176680 3.492081 3.105992 16.610861
 89340.000000 -843309.875000 793.528285 3.541984 3.220841 16.633241
 89360.000000 -844337.312500 792.928658 3.325513 3.777744 16.498202
 89380.000000 -844412.812500 792.264296 3.226818 3.479625 16.568549
 89400.000000 -843048.000000 792.449055 3.227142 3.511517 16.388565
 89420.000000 -844738.812500 793.771597 3.347441 3.411328 16.531347
 89440.000000 -843009.937500 791.606343 3.498819 3.458875 16.589871
 89460.000000 -842483.500000 796.081052 3.335111 3.458119 16.554806
 89480.000000 -843562.125000 794.590977 3.192152 3.611582 16.605648
 89500.000000 -843813.312500 792.514569 3.353584 3.585334 16.639288
 89520.000000 -843168.375000 791.759462 3.535028 3.493942 16.549361
 89540.000000 -845858.750000 792.413437 3.277069 3.672087 16.405959
 89560.000000 -843070.562500 794.892305 3.432786 3.685012 16.428006
 89580.000000 -845809.750000 793.476700 3.666512 3.439508 16.484110
 89600.000000 -843606.500000 794.055983 3.493361 3.300793 16.557982
 89620.000000 -840971.000000 794.507358 3.448135 3.415317 16.794498
 89640.000000 -841548.125000 793.466507 3.404402 3.192460 16.913802
 89660.000000 -844189.062500 791.340898 3.335884 3.299816 16.721045
 89680.000000 -845082.937500 790.925164 3.224147 3.306305 16.558548
 89700.000000 -842299.375000 791.512924 3.501755 3.332204 16.569481
 89720.000000 -844962.687500 793.644640 3.492322 3.319040 16.589237
 89740.000000 -843613.937500 791.749135 3.403653 3.121434 16.555966
 89760.000000 -844090.750000 793.114931 3.604283 3.675881 16.492207
 89780.000000 -843834.000000 791.881491 3.498087 3.436190 16.252425
 89800.000000 -841356.625000 794.369995 3.456622 3.279019 16.240918
 89820.000000 -842837.500000 794.189465 3.249178 3.234111 16.479011
 89840.000000 -843760.750000 792.857520 3.488994 3.252773 16.554171
 89860.000000 -842014.625000 794.745396 3.605469 3.295741 16.719986
 89880.000000 -842901.937500 792.966405 3.538409 2.940514 16.697399
 89900.000000 -842903.625000 792.682323 3.508423 3.207662 16.543829
 89920.000000 -843336.312500 792.455962 3.308193 3.462687 16.335951
 89940.000000 -842512.750000 792.912575 3.266359 3.518389 16.409504
 89960.000000 -844028.437500 794.791574 3.294071 3.366157 16.419623
 89980.000000 -844238.250000 790.306342 3.240272 3.170722 16.541416
 90000.000000 -843102.000000 793.907760 3.242517 3.260510 16.680975
 90020.000000 -842762.500000 791.861000 3.350492 3.314064 16.718258
 90040.000000 -844386.500000 792.885512 3.452491 3.213860 16.704409
 90060.000000 -841122.250000 795.440064 3.299851 3.141518 16.575707
 90080.000000 -844916.437500 791.395412 3.358999 3.275129 16.557820
 90100.000000 -841713.750000 796.733019 3.462593 3.595270 16.774810
 90120.000000 -843021.562500 792.744343 3.491613 3.652782 16.833457
 90140.000000 -843589.687500 792.394887 3.405295 3.604106 16.790768
 90160.000000 -842603.625000 795.000600 3.418052 3.783453 16.810532
 90180.000000 -842620.437500 793.032726 3.542162 3.688548 16.581528
 90200.000000 -844230.562500 793.651304 3.328203 3.247411 16.429710
 90220.000000 -842191.125000 794.689153 3.202665 3.417164 16.351557
 90240.000000 -844240.812500 792.556689 3.666488 3.491519 16.404214
 90260.000000 -843844.125000 791.531534 3.719106 3.434097 16.589964
 90280.000000 -841468.500000 792.085978 3.569133 3.492619 16.627407
 90300.000000 -843513.937500 793.891189 3.772802 3.289687 16.625462
 90320.000000 -842138.687500 790.915362 3.754109 3.444983 16.483720
 90340.000000 -846331.187500 793.169590 3.581807 3.527772 16.513784
 90360.000000 -842749.937500 792.941818 3.303133 3.468157 16.431101
 90380.000000 -845257.250000 794.450085 3.271354 3.237876 16.397607
 90400.000000 -843835.812500 792.797511 3.447627 3.302201 16.523117
 90420.000000 -844606.687500 794.169845 3.584575 3.349265 16.590938
 90440.000000 -843053.812500 794.576742 3.592155 3.586798 16.295651
 90460.000000 -842799.125000 795.055981 3.516673 3.604174 16.392193
 90480.000000 -843835.750000 795.616836 3.701470 3.703895 16.563216
 90500.000000 -843305.312500 795.741334 3.639896 3.492434 16.334133
 90520.000000 -842116.437500 793.026488 3.562408 3.478390 16.257519
 90540.000000 -843204.562500 794.549980 3.552978 3.431199 16.431871
 90560.000000 -844428.187500 794.591802 3.254822 3.597810 16.568292
 90580.000000 -842947.750000 793.266581 3.066166 3.335366 16.350703
 90600.000000 -843948.812500 790.970367 3.237326 3.322823 16.388866
 90620.000000 -844260.937500 793.212896 3.333563 3.408440 16.500622
 90640.000000 -841031.437500 794.967083 3.598733 3.474914 16.290450
 90660.000000 -842451.812500 795.243667 3.449957 3.297279 16.438765
 90680.000000 -843372.062500 791.767325 3.346946 3.170988 16.503583
 90700.000000 -843459.250000 793.352882 3.260109 3.248898 16.755120
 90720.000000 -842618.125000 792.538556 3.241816 3.277989 16.581904
 90740.000000 -843484.750000 793.418859 3.309362 3.384704 16.779410
 90760.000000 -842628.312500 796.519712 3.337322 3.233474 16.623125
 90780.000000 -844459.500000 793.617805 3.340339 3.411239 16.369602
 90800.000000 -842651.562500 792.281679 3.211718 3.447790 16.124120
 90820.000000 -843808.000000 795.071605 3.335150 3.382185 16.428047
 90840.000000 -842953.687500 794.092562 3.654395 3.118638 16.669778
 90860.000000 -841724.312500 792.922110 3.745641 3.338636 16.849133
 90880.000000 -841392.812500 793.474140 3.267098 3.590207 16.506791
 90900.000000 -843026.875000 792.172864 3.378174 3.477992 16.540081
 90920.000000 -843946.000000 792.118678 3.466480 3.308820 16.224765
 90940.000000 -842456.312500 793.705105 3.500252 3.498895 16.507899
 90960.000000 -842293.562500 796.130082 3.555298 3.328897 16.461359
 90980.000000 -843666.312500 794.518455 3.498649 3.353694 16.450173
 91000.000000 -843204.937500 793.163180 3.626221 3.437536 16.494853
 91020.000000 -843007.312500 792.620265 3.701089 3.532211 16.363547
 91040.000000 -842357.125000 794.979132 3.592980 3.826255 16.484627
 91060.000000 -844297.125000 795.171824 3.417851 3.456315 16.450908
 91080.000000 -844150.250000 794.032253 3.401649 3.686511 16.570358
 91100.000000 -841906.437500 795.220642 3.371119 3.577623 16.458929
 91120.000000 -844436.250000 793.938177 3.237345 3.466793 16.553466
 91140.000000 -844869.125000 794.612920 3.286449 3.690515 16.807179
 91160.000000 -842585.062500 793.652512 3.327424 3.556695 16.595159
 91180.000000 -845785.312500 793.461845 3.740677 3.322124 16.803472
 91200.000000 -840730.250000 795.525546 3.438143 3.736493 16.486146
 91220.000000 -842798.375000 793.979296 3.725069 3.484364 16.360105
 91240.000000 -844903.687500 793.029255 3.376767 3.447497 16.571220
 91260.000000 -842978.937500 794.217177 3.671124 3.266563 16.427916
 91280.000000 -842888.875000 791.813195 3.689436 3.545321 16.553538
 91300.000000 -842507.937500 793.125496 3.449147 3.361703 16.267140
 91320.000000 -843909.937500 793.188133 3.864071 3.309896 16.527173
 91340.000000 -843563.500000 791.670126 3.371847 3.153750 16.377381
 91360.000000 -843129.000000 793.184664 3.310093 3.215956 16.505504
 91380.000000 -843840.312500 793.763048 3.543315 3.456344 16.445976
 91400.000000 -843338.062500 791.539091 3.545499 3.335131 16.411487
 91420.000000 -842785.000000 794.535425 3.436354 3.413028 16.516730
 91440.000000 -842597.187500 791.924562 3.245348 3.462792 16.431816
 91460.000000 -843106.062500 793.834648 3.391080 3.159966 16.620898
 91480.000000 -843982.937500 793.360748 3.286121 3.510300 16.717468
 91500.000000 -842641.750000 795.305976 3.308979 3.199027 16.575548
 91520.000000 -841391.000000 796.376343 3.312450 3.187451 16.608427
 91540.000000 -843977.250000 792.864101 3.434970 3.225847 16.620499
 91560.000000 -842350.312500 794.957525 3.401019 3.455039 16.632706
 91580.000000 -843516.375000 793.581950 3.386779 3.289499 16.574501
 91600.000000 -842729.687500 791.867108 3.491349 3.331781 16.634494
 91620.000000 -843072.562500 795.419027 3.323800 3.255862 16.528874
 91640.000000 -843216.062500 792.008271 3.431326 3.397088 16.618771
 91660.000000 -843950.000000 792.082786 3.392763 3.344988 16.811088
 91680.000000 -845721.375000 793.487858 3.418620 3.151705 16.689316
 91700.000000 -843172.625000 792.641660 3.271474 3.211435 16.685000
 91720.000000 -844149.312500 792.272182 3.283418 3.258947 16.750802
 91740.000000 -843398.687500 790.557138 3.529643 3.492835 16.725922
 91760.000000 -844382.812500 792.681828 3.653318 3.289950 16.625609
 91780.000000 -842370.437500 791.973698 3.426474 3.289374 16.666191
 91800.000000 -844407.187500 792.710105 3.383401 3.289956 16.572984
 91820.000000 -845292.312500 791.656951 3.543539 3.563561 16.485371
 91840.000000 -843737.187500 793.892865 3.647493 3.240557 16.303555
 91860.000000 -842426.000000 793.961458 3.755797 3.527549 16.521703
 91880.000000 -842047.125000 793.690459 3.538705 3.330540 16.454476
 91900.000000 -844732.250000 793.982724 3.449075 3.369709 16.725407
 91920.000000 -844198.125000 794.672544 3.675239 3.500760 16.641350
 91940.000000 -843171.625000 795.753255 3.476549 3.307178 16.243581
 91960.000000 -844815.125000 793.955585 3.391916 3.196258 16.453082
 91980.000000 -844288.000000 793.546554 3.288242 3.260762 16.765839
 92000.000000 -843973.437500 789.927782 3.425216 3.309010 16.248593
 92020.000000 -843671.937500 794.983288 3.538585 3.601454 16.203563
 92040.000000 -843550.937500 794.396580 3.692611 3.595618 16.494685
 92060.000000 -844650.000000 790.291244 3.498691 3.492837 16.434541
 92080.000000 -844957.937500 794.638512 3.614020 3.353438 16.339446
 92100.000000 -843005.750000 795.623644 3.083261 3.480262 16.722097
 92120.000000 -843372.125000 792.561186 3.339589 3.575297 16.632064
 92140.000000 -844454.500000 792.909911 3.296013 3.504923 16.751536
 92160.000000 -842976.687500 795.886606 3.457923 3.399185 16.791417
 92180.000000 -843444.562500 793.272529 3.457179 3.436605 16.792673
 92200.000000 -841978.187500 793.220904 3.398531 3.470677 16.556137
 92220.000000 -842254.562500 793.480049 3.559609 3.519313 16.649116
 92240.000000 -844049.375000 793.248024 3.353889 3.466154 16.631415
 92260.000000 -843661.375000 790.769509 3.305884 3.550650 16.534666
 92280.000000 -843311.562500 791.730975 3.311350 3.208230 16.413200
 92300.000000 -842933.562500 793.535644 3.589925 3.037522 16.335899
 92320.000000 -842985.437500 793.231165 3.694960 3.447932 16.424968
 92340.000000 -844390.062500 793.096618 3.487555 3.390617 16.523243
 92360.000000 -844131.500000 790.307767 3.510593 3.435527 16.579247
 92380.000000 -845149.750000 793.239383 3.565453 3.448198 16.498209
 92400.000000 -843435.312500 793.777373 3.384071 3.448251 16.506439
 92420.000000 -844274.062500 793.354489 3.284328 3.282380 16.430656
 92440.000000 -843733.625000 794.610057 3.448893 3.331452 16.282499
 92460.000000 -843419.625000 794.570591 3.227584 3.187326 16.514867
 92480.000000 -841506.562500 794.015655 3.508190 3.566686 16.651093
 92500.000000 -842191.812500 793.704900 3.511137 3.582385 16.439257
 92520.000000 -842430.312500 794.361933 3.451270 3.518129 16.517743
 92540.000000 -843238.937500 793.139786 3.210413 3.483522 16.590147
 92560.000000 -844242.562500 792.333412 3.305924 3.326538 16.539923
 92580.000000 -844704.500000 792.601259 3.149830 3.437523 16.421176
 92600.000000 -843703.437500 792.757287 3.147556 3.347815 16.393428
 92620.000000 -842135.875000 795.762284 3.258343 3.142504 16.616713
 92640.000000 -844847.250000 792.858117 3.424720 3.162085 16.364772
 92660.000000 -844254.687500 794.349888 3.541372 3.273090 16.347490
 92680.000000 -843290.625000 794.997816 3.476278 3.440831 16.544354
 92700.000000 -844833.625000 791.315588 3.572910 3.726316 16.460316
 92720.000000 -846151.250000 794.029261 3.435911 3.517665 16.341817
 92740.000000 -845600.750000 790.667483 3.084950 3.375962 16.586925
 92760.000000 -844212.875000 794.162170 3.198280 3.214912 16.530989
 92780.000000 -844061.937500 789.694948 3.380128 3.327633 16.830995
 92800.000000 -843679.187500 793.733799 3.342879 3.345086 16.835861
 92820.000000 -846062.687500 793.116895 3.521010 3.049838 16.682759
 92840.000000 -843037.687500 791.901484 3.439761 3.233406 16.439553
 92860.000000 -842226.375000 795.840395 3.415741 3.309658 16.702435
 92880.000000 -843999.000000 790.710040 3.237362 3.388959 16.796902
 92900.000000 -843614.500000 793.170127 3.275861 3.527669 16.494652
 92920.000000 -843013.750000 793.660049 3.429680 3.525051 16.424726
 92940.000000 -843002.687500 794.482552 3.454507 3.479475 16.318124
 92960.000000 -843304.937500 795.207475 3.450000 3.349071 16.521709
 92980.000000 -845128.562500 793.832785 3.338813 3.543972 16.324100
 93000.000000 -842506.375000 794.751124 3.350067 3.379282 16.404056
 93020.000000 -844646.125000 793.210670 3.587491 3.520263 16.142477
 93040.000000 -843650.562500 792.728302 3.342024 3.555842 16.043746
 93060.000000 -844525.812500 790.342987 3.432137 3.533193 16.437604
 93080.000000 -844414.437500 793.394874 3.523123 3.383447 16.360732
 93100.000000 -844425.562500 792.551708 3.011322 3.140708 16.525210
 93120.000000 -841961.687500 794.879201 3.015324 3.148711 16.521586
 93140.000000 -843175.000000 790.419230 3.220559 3.318136 16.444742
 93160.000000 -846290.625000 791.633453 3.322781 3.482717 16.901871
 93180.000000 -842772.250000 792.135936 3.530738 3.399336 16.711828
 93200.000000 -845017.562500 794.894793 3.413114 3.045934 16.612487
 93220.000000 -843367.062500 791.228074 3.367514 3.345764 16.424516
 93240.000000 -844230.750000 793.067540 3.210319 3.465500 16.472318
 93260.000000 -843766.062500 795.463677 3.320648 3.267640 16.402583
 93280.000000 -843055.187500 794.547147 3.465099 3.217505 16.304475
 93300.000000 -842841.750000 793.235223 3.314949 3.086774 16.583296
 93320.000000 -841947.125000 790.930442 3.354624 3.471595 16.671708
 93340.000000 -841985.187500 794.095203 3.377151 3.569070 16.622534
 93360.000000 -843755.312500 795.237490 3.262137 3.393541 16.180739
 93380.000000 -844015.812500 791.917356 3.517568 3.480160 16.624605
 93400.000000 -843877.000000 794.535183 3.428016 3.427206 16.402912
 93420.000000 -842854.437500 794.282429 3.437777 3.429152 16.326389
 93440.000000 -844529.500000 792.376312 3.329648 3.646167 16.150762
 93460.000000 -844866.250000 792.406668 3.599798 3.588934 16.406608
 93480.000000 -843197.625000 793.779098 3.644031 3.404244 16.407858
 93500.000000 -844335.187500 793.565008 3.592327 3.294469 16.503757
 93520.000000 -845243.187500 790.928381 3.323816 3.469103 16.550293
 93540.000000 -842621.562500 794.054712 3.596162 3.670216 16.529443
 93560.000000 -843608.375000 793.388532 3.553032 3.404510 16.838803
 93580.000000 -843184.750000 791.909594 3.654860 3.456050 16.740299
 93600.000000 -845197.000000 791.455110 3.498661 3.362923 16.374960
 93620.000000 -844712.250000 794.727080 3.740942 3.529839 16.532269
 93640.000000 -843150.062500 792.933454 3.505870 3.326246 16.701821
 93660.000000 -842725.000000 793.648177 3.473134 3.428836 16.781125
 93680.000000 -843983.062500 793.271353 3.621345 3.351014 16.596590
 93700.000000 -842905.625000 795.567785 3.464738 3.505883 16.579002
 93720.000000 -843046.125000 793.126928 3.551482 3.426395 16.632714
 93740.000000 -842958.812500 791.171660 3.411482 3.611387 16.667905
 93760.000000 -844109.812500 793.124805 3.699086 3.531723 16.631641
 93780.000000 -841790.625000 792.527552 3.609630 3.561098 16.510162
 93800.000000 -843386.625000 792.545500 3.638118 3.270039 16.395848
 93820.000000 -843788.625000 793.678260 3.517987 3.372718 16.516597
 93840.000000 -843802.562500 794.013895 3.322938 3.543013 16.199777
 93860.000000 -845473.250000 789.864418 3.514843 3.332866 16.607096
 93880.000000 -845875.937500 791.170163 3.306347 3.451879 16.496734
 93900.000000 -843125.187500 792.348862 3.400309 3.159006 16.470710
 93920.000000 -843615.687500 792.391801 3.444710 3.126816 16.204711
 93940.000000 -844563.250000 795.172683 3.690225 3.315759 16.304854
 93960.000000 -843695.125000 792.606348 3.535988 3.505611 16.372665
 93980.000000 -844031.437500 791.147948 3.429703 3.412425 16.118149
 94000.000000 -844130.687500 794.117706 3.374588 3.351359 16.320902
 94020.000000 -842965.562500 792.227441 3.154574 3.456134 16.377260
 94040.000000 -844821.687500 793.455163 3.260734 3.434001 16.369924
 94060.000000 -843288.437500 791.051400 3.339954 3.553546 16.410554
 94080.000000 -842377.625000 793.199005 3.193663 3.571046 16.462131
 94100.000000 -842890.875000 793.644816 3.186233 3.438633 16.425467
 94120.000000 -843398.375000 794.814323 3.306607 3.427737 16.571454
 94140.000000 -842365.187500 792.577506 3.253486 3.284420 16.315198
 94160.000000 -844806.312500 791.700291 3.156042 3.256432 16.365710
 94180.000000 -844047.687500 789.502839 3.162863 3.529412 16.455970
 94200.000000 -843118.687500 793.375720 3.306417 3.603603 16.352221
 94220.000000 -843018.250000 793.378183 3.330663 3.410537 16.190503
 94240.000000 -845937.750000 794.357604 3.546858 3.058754 16.318897
 94260.000000 -841573.250000 793.611441 3.400396 3.300183 16.706067
 94280.000000 -843978.625000 792.948969 3.141966 3.411208 16.526113
 94300.000000 -843887.562500 794.214337 3.159220 3.462741 16.586284
 94320.000000 -841131.562500 792.743552 3.054691 3.361137 16.672748
 94340.000000 -842384.000000 792.852639 3.218404 3.454305 16.480954
 94360.000000 -843274.125000 791.714072 3.212456 3.402912 16.545321
 94380.000000 -841053.000000 792.599082 3.463485 3.514767 16.411720
 94400.000000 -844380.437500 796.219869 3.531848 3.723897 16.264661
 94420.000000 -842165.062500 793.451649 3.579167 3.308423 16.086196
 94440.000000 -842580.437500 793.358369 3.403632 3.096067 16.354778
 94460.000000 -844834.875000 791.958681 3.270355 3.293620 16.571120
 94480.000000 -841675.750000 793.356825 3.178153 3.262196 16.318653
 94500.000000 -842290.937500 793.548248 3.131460 3.357639 16.194481
 94520.000000 -843312.687500 797.531724 3.283174 3.250499 16.545109
 94540.000000 -840313.125000 796.975077 3.283486 3.306539 16.699426
 94560.000000 -842359.187500 794.757126 3.535064 3.347320 16.481263
 94580.000000 -843386.625000 793.568182 3.234136 3.623728 16.546289
 94600.000000 -841084.625000 794.297113 3.366436 3.168667 16.429210
 94620.000000 -842610.437500 792.636113 3.306296 3.032814 16.537696
 94640.000000 -844823.687500 793.894905 3.140594 3.202646 16.458231
 94660.000000 -842504.312500 794.280696 3.034361 3.091811 16.389705
 94680.000000 -843307.062500 798.225716 3.291652 3.275959 16.516626
 94700.000000 -844962.375000 794.341868 3.399174 3.312045 16.442765
 94720.000000 -843748.937500 792.216898 3.451249 3.559796 16.625995
 94740.000000 -843342.125000 793.406456 3.287826 3.112627 16.638025
 94760.000000 -845729.812500 792.053691 3.344592 3.077623 16.665148
 94780.000000 -842097.375000 793.277839 3.533197 3.411069 16.428860
 94800.000000 -842413.187500 792.115195 3.569280 3.416281 16.326868
 94820.000000 -844449.312500 790.899324 3.495693 3.400725 16.638161
 94840.000000 -844447.250000 791.650237 3.518308 3.469824 16.740695
 94860.000000 -843512.437500 791.545661 3.550363 3.481036 16.792625
 94880.000000 -844257.437500 794.090293 3.609595 3.614796 16.660988
 94900.000000 -843000.937500 793.896014 3.424170 3.522644 16.505876
 94920.000000 -843289.812500 793.741823 3.473809 3.406310 16.834191
 94940.000000 -844015.500000 794.650260 3.320958 3.272158 16.602208
 94960.000000 -843140.312500 794.790578 3.346157 3.374704 16.461502
 94980.000000 -843042.000000 792.984924 3.477142 3.647206 16.149389
 95000.000000 -842491.437500 792.394223 3.572348 3.607507 16.377717
 95020.000000 -842822.937500 793.172792 3.521035 3.461073 16.540449
 95040.000000 -843546.187500 792.559087 3.452577 3.421153 16.728278
 95060.000000 -843163.000000 795.790359 3.327760 3.199689 16.476019
 95080.000000 -843929.125000 792.592860 3.342740 3.416796 16.614706
 95100.000000 -844374.687500 791.037453 3.348996 3.443299 16.721471
 95120.000000 -844778.312500 792.615293 3.659668 3.572642 16.789758
 95140.000000 -843547.000000 791.633705 3.689075 3.321816 16.448275
 95160.000000 -842490.750000 794.958287 3.671979 3.229387 16.556050
 95180.000000 -842441.125000 793.660104 3.375478 3.305839 16.201773
 95200.000000 -844830.125000 794.086366 3.351819 3.555880 16.321843
 95220.000000 -844405.125000 793.915549 3.224485 3.244881 16.340969
 95240.000000 -843420.187500 792.908587 3.566859 3.506707 16.427427
 95260.000000 -843884.812500 792.564798 3.538926 3.501010 16.595377
 95280.000000 -843806.375000 793.420329 3.543433 3.308167 16.576760
 95300.000000 -843275.937500 792.699474 3.415152 3.416582 16.330040
 95320.000000 -845420.750000 794.223331 3.429424 3.440565 16.610755
 95340.000000 -843866.312500 792.707941 3.361035 3.392636 16.542520
 95360.000000 -843433.000000 793.697943 3.236144 3.491578 16.425021
 95380.000000 -842726.125000 793.690417 3.362495 3.431966 16.599584
 95400.000000 -840828.375000 794.212930 3.325363 3.214246 16.660734
 95420.000000 -844265.125000 793.681240 3.514069 3.470930 16.301766
 95440.000000 -842845.625000 791.188317 3.488351 3.364824 16.545272
 95460.000000 -844059.750000 790.740402 3.125903 3.266691 16.602022
 95480.000000 -842465.312500 795.304715 3.174195 3.587285 16.530863
 95500.000000 -844252.500000 793.697055 3.251881 3.599332 16.463012
 95520.000000 -844164.625000 794.973482 3.442786 3.361589 16.250260
 95540.000000 -844487.125000 793.000435 3.503261 3.248884 16.382877
 95560.000000 -842977.125000 795.563304 3.269226 3.281203 16.417216
 95580.000000 -842473.000000 794.321986 3.237534 3.347505 16.429257
 95600.000000 -842529.062500 793.598692 3.493474 3.276992 16.469047
 95620.000000 -841991.375000 794.443280 3.197693 3.378937 16.381683
 95640.000000 -844760.562500 794.896346 3.398267 3.248325 16.517938
 95660.000000 -844786.625000 790.304185 3.419228 3.293018 16.541862
 95680.000000 -843634.000000 792.734265 3.444574 3.290965 16.518653
 95700.000000 -843850.875000 793.296602 3.430219 3.444828 16.647827
 95720.000000 -843435.750000 794.058950 3.416128 3.426966 16.753391
 95740.000000 -843836.250000 791.798258 3.355602 3.549107 16.595823
 95760.000000 -842558.437500 791.954795 3.816858 3.375816 16.859646
 95780.000000 -843555.125000 794.002452 3.563137 3.340337 16.411319
 95800.000000 -844416.937500 793.324590 3.437992 3.374472 16.625168
 95820.000000 -843408.000000 793.135984 3.525822 3.372404 16.868242
 95840.000000 -844895.812500 795.359009 3.735930 3.181862 16.550237
 95860.000000 -843770.375000 795.368607 3.680496 3.232002 16.444315
 95880.000000 -842709.562500 794.941727 3.632326 3.303883 16.593304
 95900.000000 -843706.312500 792.406334 3.600061 3.452631 16.518259
 95920.000000 -845241.125000 791.659717 3.686334 3.560829 16.888385
 95940.000000 -840581.125000 798.976381 3.573187 3.817637 6.510282
 95960.000000 -842501.250000 795.787747 3.983112 3.645172 10.427542
 95980.000000 -842080.937500 797.982272 4.183900 3.439431 11.784006
 96000.000000 -842335.875000 793.945440 3.899959 3.554779 14.341494
 96020.000000 -842640.750000 793.314442 3.615550 3.583702 15.632162
 96040.000000 -843557.000000 792.187435 3.849752 3.457783 16.088588
 96060.000000 -844466.937500 792.605563 3.211817 3.386370 16.587361
 96080.000000 -843484.125000 793.275295 3.391599 3.751830 16.335215
 96100.000000 -844765.312500 793.623716 3.382140 3.559420 16.722822
 96120.000000 -843837.687500 793.151343 3.507351 3.612703 16.641118
 96140.000000 -841864.375000 793.618315 3.428839 3.515180 16.528677
 96160.000000 -843249.625000 794.074262 3.406880 3.304437 16.481625
 96180.000000 -843368.000000 793.145052 3.287067 3.309831 16.253915
 96200.000000 -843143.562500 794.119297 3.339173 3.128861 16.238749
 96220.000000 -844724.125000 792.532221 3.274374 3.276073 16.487092
 96240.000000 -843691.812500 793.027861 3.199872 3.411857 16.584118
 96260.000000 -843942.875000 793.271503 3.290763 3.323812 16.518983
 96280.000000 -842409.250000 792.115283 3.608678 3.499609 16.483496
 96300.000000 -842561.312500 793.669816 3.502918 3.397755 16.476064
 96320.000000 -844652.812500 791.100118 3.179133 3.373376 16.563587
 96340.000000 -844443.125000 793.398010 3.398558 3.541559 16.539161
 96360.000000 -844129.562500 791.542593 3.431915 3.419204 16.510367
 96380.000000 -843897.375000 792.090885 3.222513 3.374835 16.552177
 96400.000000 -843548.375000 793.711781 3.055504 3.266173 16.561582
 96420.000000 -843266.812500 795.360421 3.357786 3.395215 16.410835
 96440.000000 -842048.500000 793.762219 3.259498 3.561707 16.438765
 96460.000000 -844212.125000 794.351662 3.275936 3.448189 16.269797
 96480.000000 -843026.500000 795.071722 3.534513 3.302228 16.421703
 96500.000000 -843618.312500 792.379791 3.528605 3.326714 16.406729
 96520.000000 -844534.687500 793.019889 3.405968 3.452353 16.396701
 96540.000000 -845460.750000 792.599456 3.426057 3.284257 16.332275
 96560.000000 -842878.812500 791.543133 3.429679 3.363793 16.348558
 96580.000000 -842653.562500 793.408718 3.355387 3.370147 16.359484
 96600.000000 -844442.937500 791.887892 3.291219 3.381009 16.709896
 96620.000000 -842302.437500 796.335859 3.312588 3.299795 16.599522
 96640.000000 -843607.312500 793.391765 3.276572 3.253621 16.537562
 96660.000000 -844482.625000 794.387640 3.518254 3.414278 16.579535
 96680.000000 -841979.687500 791.599458 3.335123 3.556403 16.117210
 96700.000000 -843294.312500 793.975048 3.450276 3.443972 16.561065
 96720.000000 -842828.125000 794.565909 3.403307 3.454579 16.447855
 96740.000000 -843612.437500 794.605583 3.622919 3.520193 16.505975
 96760.000000 -842069.500000 795.059359 3.309927 3.414946 16.455429
 96780.000000 -845748.500000 791.009749 3.136783 3.652360 16.385217
 96800.000000 -842170.375000 794.480145 3.552758 3.571920 16.417545
 96820.000000 -842857.312500 794.097311 3.558125 3.518820 16.656132
 96840.000000 -842724.562500 793.611918 3.326738 3.446982 16.618268
 96860.000000 -844182.125000 794.316322 3.572633 3.656626 16.458091
 96880.000000 -843369.750000 791.586001 3.527928 3.506788 16.744271
 96900.000000 -842031.562500 792.275244 3.363304 3.431174 16.593266
 96920.000000 -847757.062500 790.601048 3.339835 3.513895 16.592531
 96940.000000 -842370.125000 793.956392 3.315635 3.616688 16.516402
 96960.000000 -845568.312500 791.337395 3.375083 3.422094 16.428835
 96980.000000 -841338.187500 794.313383 3.401466 3.453097 16.471792
 97000.000000 -845242.187500 793.294833 3.349227 3.304942 16.748175
 97020.000000 -841540.187500 794.072470 3.460556 3.498804 16.806506
 97040.000000 -845467.375000 789.884708 3.453820 3.449531 16.648301
 97060.000000 -845851.625000 791.502888 3.253800 3.920035 16.645673
 97080.000000 -843612.562500 791.807182 3.305229 3.417775 16.622229
 97100.000000 -844380.375000 794.042117 3.205642 3.606907 16.658209
 97120.000000 -842639.562500 793.836983 3.417817 3.419367 16.580291
 97140.000000 -842821.312500 792.414986 3.593297 3.619681 16.618833
 97160.000000 -844075.000000 792.085872 3.296997 3.202551 16.730815
 97180.000000 -843061.187500 794.346688 3.428636 3.439590 16.619841
 97200.000000 -844338.312500 793.488568 3.497140 3.399241 16.533107
 97220.000000 -843822.125000 793.565840 3.438340 3.610371 16.504181
 97240.000000 -842750.750000 794.577715 3.599400 3.238336 16.421220
 97260.000000 -843436.312500 792.700285 3.486831 3.269044 16.512626
 97280.000000 -843874.562500 791.436923 3.369399 3.185222 16.466058
 97300.000000 -844305.812500 791.258801 3.499704 3.441145 16.548567
 97320.000000 -843489.187500 793.826780 3.535239 3.604422 16.538134
 97340.000000 -843122.000000 791.873581 3.478237 3.531917 16.617344
 97360.000000 -842270.937500 794.026484 3.342660 3.406528 16.429855
 97380.000000 -844367.750000 794.375395 3.293871 3.260491 16.390792
 97400.000000 -843589.812500 793.552884 3.435269 3.201439 16.494109
 97420.000000 -843892.125000 792.656040 3.417248 3.454108 16.801452
 97440.000000 -842911.875000 794.319371 3.562484 3.495215 16.546236
 97460.000000 -844274.625000 792.893183 3.746125 3.477687 16.495724
 97480.000000 -843846.375000 794.887225 3.367324 3.213153 16.728896
 97500.000000 -842986.875000 791.977494 3.345558 3.143543 16.704137
 97520.000000 -842468.062500 792.998488 3.525975 3.288776 16.512188
 97540.000000 -844509.625000 792.665015 3.480224 3.393079 16.405567
 97560.000000 -843786.812500 792.277791 3.323898 3.748878 16.427388
 97580.000000 -843621.437500 794.714490 3.338186 3.507597 16.620797
 97600.000000 -842301.500000 795.852123 3.105910 3.442757 16.727333
 97620.000000 -844586.125000 791.412926 3.048979 3.520504 16.570679
 97640.000000 -842434.625000 794.791819 3.104646 3.377974 16.325920
 97660.000000 -843184.875000 793.498289 3.609765 3.667002 16.508328
 97680.000000 -845652.687500 793.087919 3.507584 3.449687 16.530768
 97700.000000 -842816.125000 792.402208 3.421235 3.517634 16.477509
 97720.000000 -842347.062500 791.509138 3.372715 3.631089 16.145355
 97740.000000 -843497.250000 793.834378 3.292718 3.434659 16.042760
 97760.000000 -844027.500000 794.287393 3.239218 3.112833 16.417715
 97780.000000 -843187.437500 792.875268 3.163321 3.473490 16.492827
 97800.000000 -842773.375000 792.285498 3.378487 3.280715 16.271432
 97820.000000 -844368.125000 793.536336 3.377723 3.319747 16.254757
 97840.000000 -844428.937500 791.406870 3.663996 3.548366 16.301688
 97860.000000 -843788.312500 792.547109 3.467692 3.523567 16.311584
 97880.000000 -843867.812500 792.313963 3.391735 3.671101 16.483418
 97900.000000 -843908.375000 793.396569 3.391827 3.704616 16.391124
 97920.000000 -842015.500000 793.257011 3.457253 3.597352 16.140363
 97940.000000 -842976.875000 791.377598 3.334001 3.308932 16.380580
 97960.000000 -842271.187500 796.293309 3.288670 3.118025 16.246125
 97980.000000 -844095.562500 793.803402 3.459635 3.307779 16.458924
 98000.000000 -845046.375000 791.039854 3.332413 3.673665 16.264847
 98020.000000 -842824.000000 793.133397 3.197394 3.498033 16.648710
 98040.000000 -842469.437500 792.669983 3.186559 3.489242 16.414423
 98060.000000 -844706.062500 791.083838 3.380217 3.191402 16.710947
 98080.000000 -843440.250000 790.949135 3.346120 3.278253 16.492485
 98100.000000 -843071.062500 791.572362 3.498717 3.179907 16.467521
 98120.000000 -842167.625000 792.933316 3.629043 2.942837 16.611051
 98140.000000 -843827.187500 794.507102 3.385969 3.105824 16.638898
 98160.000000 -844507.687500 792.032906 3.277282 3.249261 16.522447
 98180.000000 -844550.437500 789.970514 3.287576 3.248468 16.258572
 98200.000000 -844080.625000 791.350134 3.380773 3.176713 16.272385
 98220.000000 -845355.125000 792.474122 3.511895 3.350279 16.184960
 98240.000000 -842611.062500 793.052433 3.393017 3.559943 16.443424
 98260.000000 -843595.375000 793.455189 3.410090 3.343279 16.140537
 98280.000000 -843156.437500 793.174660 3.646294 3.656984 16.322225
 98300.000000 -842649.250000 793.072577 3.474435 3.376131 16.338775
 98320.000000 -843264.250000 794.302174 3.609349 3.394577 16.345635
 98340.000000 -843430.625000 792.681101 3.551024 3.247264 16.491100
 98360.000000 -842296.000000 794.617946 3.296324 3.342673 16.864031
 98380.000000 -844049.687500 794.465350 3.383648 3.126269 16.518175
 98400.000000 -842516.187500 795.426173 3.528570 3.252789 16.415989
 98420.000000 -844792.687500 792.883648 3.316949 3.452557 16.342892
 98440.000000 -843919.562500 795.466198 3.120350 3.400322 16.607771
 98460.000000 -843825.375000 792.093515 3.161731 3.469661 16.369842
 98480.000000 -843053.062500 793.805832 3.042930 3.346330 16.115631
 98500.000000 -842659.437500 793.527956 3.190067 3.450719 16.276128
 98520.000000 -842511.250000 795.159639 3.496566 3.304125 16.559163
 98540.000000 -843649.312500 792.186605 3.309079 3.572899 16.361343
 98560.000000 -843366.437500 792.205484 3.290104 3.597332 16.452576
 98580.000000 -842604.062500 792.752394 3.340021 3.635137 16.218863
 98600.000000 -843365.000000 792.154898 3.216865 3.673304 16.602616
 98620.000000 -843487.375000 793.156015 3.372554 3.379703 16.305739
 98640.000000 -844291.812500 792.398842 3.362490 3.312733 16.633274
 98660.000000 -844435.000000 794.611666 3.182270 3.494946 16.874661
 98680.000000 -845667.125000 794.636089 3.124443 3.394657 16.386944
 98700.000000 -841836.125000 794.322044 3.137875 3.403613 16.330037
 98720.000000 -843692.875000 795.414962 3.345536 3.531536 16.234784
 98740.000000 -843629.000000 791.997809 3.732838 3.436591 16.319683
 98760.000000 -844045.000000 792.239874 3.523080 3.347464 16.491877
 98780.000000 -842328.000000 791.599783 3.479345 3.320903 16.442895
 98800.000000 -845910.875000 791.008916 3.206343 3.436726 16.389757
 98820.000000 -841636.250000 794.339352 3.104564 3.282629 16.632879
 98840.000000 -843214.375000 792.181329 3.262587 3.648939 16.709273
 98860.000000 -842376.875000 793.835352 3.192536 3.519892 16.406088
 98880.000000 -844326.500000 794.245001 3.144405 3.149253 16.288610
 98900.000000 -843609.562500 795.639886 3.300539 3.147426 16.379615
 98920.000000 -842689.687500 793.642562 3.065871 3.552980 16.306062
 98940.000000 -844100.312500 794.160147 3.398313 3.867505 16.413912
 98960.000000 -843603.562500 791.692016 3.434282 3.502338 16.314904
#! FIELDS time G vol p.x p.y p.z
 98980.000000 -843760.437500 792.413159 3.469675 3.566576 16.467207
 99000.000000 -842631.375000 794.958824 3.427042 3.417219 16.362793
 99020.000000 -843700.750000 792.209464 3.636913 3.429973 16.299008
 99040.000000 -845226.625000 792.316511 3.400812 3.562798 16.327028
 99060.000000 -843523.187500 793.998984 3.488183 3.632300 16.681727
 99080.000000 -843635.250000 792.369002 3.443451 3.613146 16.623144
 99100.000000 -844622.812500 793.591445 3.255802 3.322000 16.733107
 99120.000000 -842408.562500 796.415325 3.393744 3.207227 16.677309
 99140.000000 -843147.687500 795.089147 3.196206 3.575004 16.749269
 99160.000000 -844565.375000 793.895480 3.474015 3.379163 16.708744
 99180.000000 -842957.875000 794.035152 3.436335 3.646076 16.476842
 99200.000000 -842823.375000 792.867959 3.354501 3.466539 16.441888
 99220.000000 -844558.812500 792.030544 3.229586 3.444065 16.622403
 99240.000000 -843092.312500 792.464739 3.203660 3.558275 16.532609
 99260.000000 -843562.562500 794.059695 3.196792 3.546593 16.361225
 99280.000000 -842982.187500 793.159545 3.126274 3.504810 16.101897
 99300.000000 -843249.437500 795.681416 3.563350 3.400560 16.143788
 99320.000000 -845160.937500 793.759550 3.210155 3.256923 16.533274
 99340.000000 -842634.312500 793.200200 3.750730 3.547648 16.206472
 99360.000000 -843466.187500 794.412686 3.616135 3.261434 16.328449
 99380.000000 -842091.250000 794.644878 3.360473 3.107295 16.591143
 99400.000000 -843110.562500 794.012645 3.378058 3.512488 16.794673
 99420.000000 -842468.875000 792.918990 3.317536 3.596592 16.510537
 99440.000000 -843663.875000 793.018210 3.433853 3.655556 16.541464
 99460.000000 -845199.375000 793.675578 3.256666 3.619742 16.528987
 99480.000000 -842507.312500 792.348226 3.363429 3.413222 16.475998
 99500.000000 -843645.187500 794.087688 3.479102 3.512078 16.392041
 99520.000000 -843877.562500 791.343678 3.345514 3.319973 16.469535
 99540.000000 -843757.687500 794.294869 3.367327 3.616996 16.454729
 99560.000000 -843340.937500 794.601188 3.093690 3.526308 16.570505
 99580.000000 -843835.937500 792.960419 3.343873 3.224302 16.779621
 99600.000000 -843612.000000 793.090951 3.250289 3.615747 16.557575
 99620.000000 -844621.500000 792.853799 3.342245 3.319201 16.720349
 99640.000000 -843976.625000 794.557914 3.457498 3.327770 16.684562
 99660.000000 -844787.500000 792.365336 3.561346 3.150734 16.635920
 99680.000000 -844138.312500 792.981046 3.526841 3.336852 16.455109
 99700.000000 -843494.812500 792.691181 3.467921 3.110594 16.526317
 99720.000000 -843721.062500 792.970623 3.475661 3.335976 16.426283
 99740.000000 -843467.000000 794.913984 3.389824 3.347784 16.540370
 99760.000000 -843957.250000 793.292612 3.420502 3.372733 16.525200
 99780.000000 -842806.500000 796.111206 3.184086 3.425469 16.654350
 99800.000000 -842837.437500 795.668819 3.171629 3.338332 16.298829
 99820.000000 -843091.375000 792.878337 2.974149 3.463726 16.336998
 99840.000000 -842702.812500 795.534950 3.290227 3.397686 16.493107
 99860.000000 -841498.062500 794.506114 3.328792 3.552897 16.565570
 99880.000000 -842511.562500 794.134327 3.638006 3.443642 16.485594
 99900.000000 -844315.937500 793.564804 3.301308 3.641563 16.508410
 99920.000000 -844890.500000 794.573655 3.371711 3.338083 16.408692
 99940.000000 -841600.437500 794.948228 3.064855 3.274151 16.308802
 99960.000000 -845727.125000 791.041141 3.035399 3.188079 16.120963
 99980.000000 -843240.375000 793.856484 3.343099 3.069362 16.302201
 100000.000000 -843227.250000 793.996146 3.565532 3.255983 16.383644
