                :-) GROMACS - gmx mdrun, 2021.5-plumed-2.8.0 (-:

                            GROMACS is written by:
     Andrey Alekseenko              Emile Apol              Rossen Apostolov     
         Paul Bauer           Herman J.C. Berendsen           Par Bjelkmar       
       Christian Blau           Viacheslav Bolnykh             Kevin Boyd        
     Aldert van Buuren           Rudi van Drunen             Anton Feenstra      
    Gilles Gouaillardet             Alan Gray               Gerrit Groenhof      
       Anca Hamuraru            Vincent Hindriksen          M. Eric Irrgang      
      Aleksei Iupinov           Christoph Junghans             Joe Jordan        
    Dimitrios Karkoulis            Peter Kasson                Jiri Kraus        
      Carsten Kutzner              Per Larsson              Justin A. Lemkul     
       Viveca Lindahl            Magnus Lundborg             Erik Marklund       
        Pascal Merz             Pieter Meulenhoff            Teemu Murtola       
        Szilard Pall               Sander Pronk              Roland Schulz       
       Michael Shirts            Alexey Shvetsov             Alfons Sijbers      
       Peter Tieleman              Jon Vincent              Teemu Virolainen     
     Christian Wennberg            Maarten Wolf              Artem Zhmurov       
                           and the project leaders:
        Mark Abraham, Berk Hess, Erik Lindahl, and David van der Spoel

Copyright (c) 1991-2000, University of Groningen, The Netherlands.
Copyright (c) 2001-2019, The GROMACS development team at
Uppsala University, Stockholm University and
the Royal Institute of Technology, Sweden.
check out http://www.gromacs.org for more information.

GROMACS is free software; you can redistribute it and/or modify it
under the terms of the GNU Lesser General Public License
as published by the Free Software Foundation; either version 2.1
of the License, or (at your option) any later version.

GROMACS:      gmx mdrun, version 2021.5-plumed-2.8.0
Executable:   /sulis/easybuild/software/GROMACS/2021.5-foss-2021b-CUDA-11.4.1-PLUMED-2.8.0/bin/gmx
Data prefix:  /sulis/easybuild/software/GROMACS/2021.5-foss-2021b-CUDA-11.4.1-PLUMED-2.8.0
Working dir:  /gpfs/home/m/matgms/BBBP-MD/apical/charmm-gui-2960669761-charmm36-nacl/gromacs
Process ID:   701468
Command line:
  gmx mdrun -v -deffnm step6.3_equilibration -nt 42

GROMACS version:    2021.5-plumed-2.8.0
Precision:          mixed
Memory model:       64 bit
MPI library:        thread_mpi
OpenMP support:     enabled (GMX_OPENMP_MAX_THREADS = 64)
GPU support:        CUDA
SIMD instructions:  AVX2_256
FFT library:        fftw-3.3.10-sse2-avx-avx2-avx2_128
RDTSCP usage:       enabled
TNG support:        enabled
Hwloc support:      disabled
Tracing support:    disabled
C compiler:         /sulis/easybuild/software/OpenMPI/4.1.1-GCC-11.2.0/bin/mpicc GNU 11.2.0
C compiler flags:   -mavx2 -mfma -Wno-missing-field-initializers -fexcess-precision=fast -funroll-all-loops -O3 -DNDEBUG
C++ compiler:       /sulis/easybuild/software/OpenMPI/4.1.1-GCC-11.2.0/bin/mpicxx GNU 11.2.0
C++ compiler flags: -mavx2 -mfma -Wno-missing-field-initializers -fexcess-precision=fast -funroll-all-loops -fopenmp -O3 -DNDEBUG
CUDA compiler:      /sulis/easybuild/software/CUDA/11.4.1/bin/nvcc nvcc: NVIDIA (R) Cuda compiler driver;Copyright (c) 2005-2021 NVIDIA Corporation;Built on Wed_Jul_14_19:41:19_PDT_2021;Cuda compilation tools, release 11.4, V11.4.100;Build cuda_11.4.r11.4/compiler.30188945_0
CUDA compiler flags:-std=c++17;-gencode;arch=compute_80,code=sm_80;-use_fast_math;-D_FORCE_INLINES;-mavx2 -mfma -Wno-missing-field-initializers -fexcess-precision=fast -funroll-all-loops -fopenmp -O3 -DNDEBUG
CUDA driver:        12.60
CUDA runtime:       11.40


Running on 1 node with total 128 cores, 128 logical cores, 1 compatible GPU
Hardware detected:
  CPU info:
    Vendor: AMD
    Brand:  AMD EPYC 7742 64-Core Processor                
    Family: 23   Model: 49   Stepping: 0
    Features: aes amd apic avx avx2 clfsh cmov cx8 cx16 f16c fma htt lahf misalignsse mmx msr nonstop_tsc pclmuldq pdpe1gb popcnt pse rdrnd rdtscp sha sse2 sse3 sse4a sse4.1 sse4.2 ssse3 x2apic
  Hardware topology: Only logical processor count
  GPU info:
    Number of GPUs detected: 1
    #0: NVIDIA NVIDIA A100-PCIE-40GB, compute cap.: 8.0, ECC: yes, stat: compatible


++++ PLEASE READ AND CITE THE FOLLOWING REFERENCE ++++
M. J. Abraham, T. Murtola, R. Schulz, S. Páll, J. C. Smith, B. Hess, E.
Lindahl
GROMACS: High performance molecular simulations through multi-level
parallelism from laptops to supercomputers
SoftwareX 1 (2015) pp. 19-25
-------- -------- --- Thank You --- -------- --------


++++ PLEASE READ AND CITE THE FOLLOWING REFERENCE ++++
S. Páll, M. J. Abraham, C. Kutzner, B. Hess, E. Lindahl
Tackling Exascale Software Challenges in Molecular Dynamics Simulations with
GROMACS
In S. Markidis & E. Laure (Eds.), Solving Software Challenges for Exascale 8759 (2015) pp. 3-27
-------- -------- --- Thank You --- -------- --------


++++ PLEASE READ AND CITE THE FOLLOWING REFERENCE ++++
S. Pronk, S. Páll, R. Schulz, P. Larsson, P. Bjelkmar, R. Apostolov, M. R.
Shirts, J. C. Smith, P. M. Kasson, D. van der Spoel, B. Hess, and E. Lindahl
GROMACS 4.5: a high-throughput and highly parallel open source molecular
simulation toolkit
Bioinformatics 29 (2013) pp. 845-54
-------- -------- --- Thank You --- -------- --------


++++ PLEASE READ AND CITE THE FOLLOWING REFERENCE ++++
B. Hess and C. Kutzner and D. van der Spoel and E. Lindahl
GROMACS 4: Algorithms for highly efficient, load-balanced, and scalable
molecular simulation
J. Chem. Theory Comput. 4 (2008) pp. 435-447
-------- -------- --- Thank You --- -------- --------


++++ PLEASE READ AND CITE THE FOLLOWING REFERENCE ++++
D. van der Spoel, E. Lindahl, B. Hess, G. Groenhof, A. E. Mark and H. J. C.
Berendsen
GROMACS: Fast, Flexible and Free
J. Comp. Chem. 26 (2005) pp. 1701-1719
-------- -------- --- Thank You --- -------- --------


++++ PLEASE READ AND CITE THE FOLLOWING REFERENCE ++++
E. Lindahl and B. Hess and D. van der Spoel
GROMACS 3.0: A package for molecular simulation and trajectory analysis
J. Mol. Mod. 7 (2001) pp. 306-317
-------- -------- --- Thank You --- -------- --------


++++ PLEASE READ AND CITE THE FOLLOWING REFERENCE ++++
H. J. C. Berendsen, D. van der Spoel and R. van Drunen
GROMACS: A message-passing parallel molecular dynamics implementation
Comp. Phys. Comm. 91 (1995) pp. 43-56
-------- -------- --- Thank You --- -------- --------

Input Parameters:
   integrator                     = md
   tinit                          = 0
   dt                             = 0.001
   nsteps                         = 125000
   init-step                      = 0
   simulation-part                = 1
   mts                            = false
   comm-mode                      = Linear
   nstcomm                        = 100
   bd-fric                        = 0
   ld-seed                        = 1966776297
   emtol                          = 10
   emstep                         = 0.01
   niter                          = 20
   fcstep                         = 0
   nstcgsteep                     = 1000
   nbfgscorr                      = 10
   rtpi                           = 0.05
   nstxout                        = 0
   nstvout                        = 0
   nstfout                        = 0
   nstlog                         = 1000
   nstcalcenergy                  = 100
   nstenergy                      = 1000
   nstxout-compressed             = 5000
   compressed-x-precision         = 1000
   cutoff-scheme                  = Verlet
   nstlist                        = 100
   pbc                            = xyz
   periodic-molecules             = false
   verlet-buffer-tolerance        = 0.005
   rlist                          = 1.252
   coulombtype                    = PME
   coulomb-modifier               = Potential-shift
   rcoulomb-switch                = 0
   rcoulomb                       = 1.2
   epsilon-r                      = 1
   epsilon-rf                     = inf
   vdw-type                       = Cut-off
   vdw-modifier                   = Force-switch
   rvdw-switch                    = 1
   rvdw                           = 1.2
   DispCorr                       = No
   table-extension                = 1
   fourierspacing                 = 0.12
   fourier-nx                     = 64
   fourier-ny                     = 64
   fourier-nz                     = 72
   pme-order                      = 4
   ewald-rtol                     = 1e-05
   ewald-rtol-lj                  = 0.001
   lj-pme-comb-rule               = Geometric
   ewald-geometry                 = 0
   epsilon-surface                = 0
   tcoupl                         = V-rescale
   nsttcouple                     = 10
   nh-chain-length                = 0
   print-nose-hoover-chain-variables = false
   pcoupl                         = C-rescale
   pcoupltype                     = Semiisotropic
   nstpcouple                     = 10
   tau-p                          = 5
   compressibility (3x3):
      compressibility[    0]={ 4.50000e-05,  0.00000e+00,  0.00000e+00}
      compressibility[    1]={ 0.00000e+00,  4.50000e-05,  0.00000e+00}
      compressibility[    2]={ 0.00000e+00,  0.00000e+00,  4.50000e-05}
   ref-p (3x3):
      ref-p[    0]={ 1.00000e+00,  0.00000e+00,  0.00000e+00}
      ref-p[    1]={ 0.00000e+00,  1.00000e+00,  0.00000e+00}
      ref-p[    2]={ 0.00000e+00,  0.00000e+00,  1.00000e+00}
   refcoord-scaling               = COM
   posres-com (3):
      posres-com[0]= 5.54499e-01
      posres-com[1]= 4.62703e-01
      posres-com[2]= 7.23460e-01
   posres-comB (3):
      posres-comB[0]= 5.54499e-01
      posres-comB[1]= 4.62703e-01
      posres-comB[2]= 7.23460e-01
   QMMM                           = false
qm-opts:
   ngQM                           = 0
   constraint-algorithm           = Lincs
   continuation                   = true
   Shake-SOR                      = false
   shake-tol                      = 0.0001
   lincs-order                    = 4
   lincs-iter                     = 1
   lincs-warnangle                = 30
   nwall                          = 0
   wall-type                      = 9-3
   wall-r-linpot                  = -1
   wall-atomtype[0]               = -1
   wall-atomtype[1]               = -1
   wall-density[0]                = 0
   wall-density[1]                = 0
   wall-ewald-zfac                = 3
   pull                           = false
   awh                            = false
   rotation                       = false
   interactiveMD                  = false
   disre                          = No
   disre-weighting                = Conservative
   disre-mixed                    = false
   dr-fc                          = 1000
   dr-tau                         = 0
   nstdisreout                    = 100
   orire-fc                       = 0
   orire-tau                      = 0
   nstorireout                    = 100
   free-energy                    = no
   cos-acceleration               = 0
   deform (3x3):
      deform[    0]={ 0.00000e+00,  0.00000e+00,  0.00000e+00}
      deform[    1]={ 0.00000e+00,  0.00000e+00,  0.00000e+00}
      deform[    2]={ 0.00000e+00,  0.00000e+00,  0.00000e+00}
   simulated-tempering            = false
   swapcoords                     = no
   userint1                       = 0
   userint2                       = 0
   userint3                       = 0
   userint4                       = 0
   userreal1                      = 0
   userreal2                      = 0
   userreal3                      = 0
   userreal4                      = 0
   applied-forces:
     electric-field:
       x:
         E0                       = 0
         omega                    = 0
         t0                       = 0
         sigma                    = 0
       y:
         E0                       = 0
         omega                    = 0
         t0                       = 0
         sigma                    = 0
       z:
         E0                       = 0
         omega                    = 0
         t0                       = 0
         sigma                    = 0
     density-guided-simulation:
       active                     = false
       group                      = protein
       similarity-measure         = inner-product
       atom-spreading-weight      = unity
       force-constant             = 1e+09
       gaussian-transform-spreading-width = 0.2
       gaussian-transform-spreading-range-in-multiples-of-width = 4
       reference-density-filename = reference.mrc
       nst                        = 1
       normalize-densities        = true
       adaptive-force-scaling     = false
       adaptive-force-scaling-time-constant = 4
       shift-vector               = 
       transformation-matrix      = 
grpopts:
   nrdf:       53417       41823
   ref-t:         310         310
   tau-t:           1           1
annealing:          No          No
annealing-npoints:           0           0
   acc:	           0           0           0
   nfreeze:           N           N           N
   energygrp-flags[  0]: 0

1 GPU selected for this run.
Mapping of GPU IDs to the 2 GPU tasks in the 1 rank on this node:
  PP:0,PME:0
PP tasks will do (non-perturbed) short-ranged interactions on the GPU
PP task will update and constrain coordinates on the CPU
PME tasks will do all aspects on the GPU
Using 1 MPI thread

Non-default thread affinity set, disabling internal thread affinity

Using 42 OpenMP threads 

System total charge: 0.000
Will do PME sum in reciprocal space for electrostatic interactions.

++++ PLEASE READ AND CITE THE FOLLOWING REFERENCE ++++
U. Essmann, L. Perera, M. L. Berkowitz, T. Darden, H. Lee and L. G. Pedersen 
A smooth particle mesh Ewald method
J. Chem. Phys. 103 (1995) pp. 8577-8592
-------- -------- --- Thank You --- -------- --------

Using a Gaussian width (1/beta) of 0.384195 nm for Ewald
Potential shift: LJ r^-12: -2.648e-01 r^-6: -5.349e-01, Ewald -8.333e-06
Initialized non-bonded Ewald tables, spacing: 1.02e-03 size: 1176

Generated table with 1126 data points for 1-4 COUL.
Tabscale = 500 points/nm
Generated table with 1126 data points for 1-4 LJ6.
Tabscale = 500 points/nm
Generated table with 1126 data points for 1-4 LJ12.
Tabscale = 500 points/nm


Using GPU 8x8 nonbonded short-range kernels

Using a dual 8x8 pair-list setup updated with dynamic, rolling pruning:
  outer list: updated every 100 steps, buffer 0.052 nm, rlist 1.252 nm
  inner list: updated every  44 steps, buffer 0.002 nm, rlist 1.202 nm
At tolerance 0.005 kJ/mol/ps per atom, equivalent classical 1x1 list would be:
  outer list: updated every 100 steps, buffer 0.191 nm, rlist 1.391 nm
  inner list: updated every  44 steps, buffer 0.089 nm, rlist 1.289 nm

Initializing LINear Constraint Solver

++++ PLEASE READ AND CITE THE FOLLOWING REFERENCE ++++
B. Hess and H. Bekker and H. J. C. Berendsen and J. G. E. M. Fraaije
LINCS: A Linear Constraint Solver for molecular simulations
J. Comp. Chem. 18 (1997) pp. 1463-1472
-------- -------- --- Thank You --- -------- --------

The number of constraints is 13540

++++ PLEASE READ AND CITE THE FOLLOWING REFERENCE ++++
S. Miyamoto and P. A. Kollman
SETTLE: An Analytical Version of the SHAKE and RATTLE Algorithms for Rigid
Water Models
J. Comp. Chem. 13 (1992) pp. 952-962
-------- -------- --- Thank You --- -------- --------


++++ PLEASE READ AND CITE THE FOLLOWING REFERENCE ++++
G. Bussi, D. Donadio and M. Parrinello
Canonical sampling through velocity rescaling
J. Chem. Phys. 126 (2007) pp. 014101
-------- -------- --- Thank You --- -------- --------


++++ PLEASE READ AND CITE THE FOLLOWING REFERENCE ++++
M. Bernetti, G. Bussi
Pressure control using stochastic cell rescaling
J. Chem. Phys. 153 (2020) pp. 114107
-------- -------- --- Thank You --- -------- --------

There are: 43206 Atoms
Center of mass motion removal mode is Linear
We have the following groups for center of mass motion removal:
  0:  MEMB
  1:  SOLV

Started mdrun on rank 0 Fri Nov  8 06:44:07 2024

           Step           Time
              0        0.00000

   Energies (kJ/mol)
           Bond            U-B    Proper Dih.  Improper Dih.          LJ-14
    1.16030e+04    5.63131e+04    4.02648e+04    3.95231e+02    8.03337e+03
     Coulomb-14        LJ (SR)   Coulomb (SR)   Coul. recip. Position Rest.
    1.85943e+04   -4.79608e+03   -4.26688e+05    2.34162e+03    3.27017e+02
     Dih. Rest.      Potential    Kinetic En.   Total Energy  Conserved En.
    2.27101e+02   -2.93384e+05    1.24190e+05   -1.69195e+05   -1.69182e+05
    Temperature Pressure (bar)   Constr. rmsd
    3.13662e+02   -4.91684e+02    1.68966e-06

step  600: timed with pme grid 64 64 72, coulomb cutoff 1.200: 29100.7 M-cycles
step  800: timed with pme grid 56 56 64, coulomb cutoff 1.328: 254.4 M-cycles
step 1000: timed with pme grid 48 48 56, coulomb cutoff 1.530: 300.5 M-cycles
           Step           Time
           1000        1.00000

   Energies (kJ/mol)
           Bond            U-B    Proper Dih.  Improper Dih.          LJ-14
    1.14460e+04    5.63584e+04    4.03950e+04    3.52719e+02    8.12523e+03
     Coulomb-14        LJ (SR)   Coulomb (SR)   Coul. recip. Position Rest.
    1.80734e+04   -4.54484e+03   -4.26210e+05    9.68654e+02    3.08597e+02
     Dih. Rest.      Potential    Kinetic En.   Total Energy  Conserved En.
    3.74679e+02   -2.94352e+05    1.23015e+05   -1.71337e+05   -1.70471e+05
    Temperature Pressure (bar)   Constr. rmsd
    3.10695e+02   -2.22975e+02    1.67482e-06

step 1200: timed with pme grid 52 52 56, coulomb cutoff 1.518: 220.8 M-cycles
step 1400: timed with pme grid 52 52 60, coulomb cutoff 1.417: 29134.8 M-cycles
step 1600: timed with pme grid 56 56 72, coulomb cutoff 1.311: 2012.5 M-cycles
step 1800: timed with pme grid 60 60 72, coulomb cutoff 1.224: 233.9 M-cycles
              optimal pme grid 52 52 56, coulomb cutoff 1.518
           Step           Time
           2000        2.00000

   Energies (kJ/mol)
           Bond            U-B    Proper Dih.  Improper Dih.          LJ-14
    1.08407e+04    5.69084e+04    4.02594e+04    3.21101e+02    8.01074e+03
     Coulomb-14        LJ (SR)   Coulomb (SR)   Coul. recip. Position Rest.
    1.80742e+04   -5.48382e+03   -4.25255e+05    1.00065e+03    3.22842e+02
     Dih. Rest.      Potential    Kinetic En.   Total Energy  Conserved En.
    3.34988e+02   -2.94666e+05    1.21733e+05   -1.72933e+05   -1.70372e+05
    Temperature Pressure (bar)   Constr. rmsd
    3.07457e+02   -5.36834e+02    1.67355e-06

           Step           Time
           3000        3.00000

   Energies (kJ/mol)
           Bond            U-B    Proper Dih.  Improper Dih.          LJ-14
    1.13710e+04    5.68737e+04    4.04171e+04    3.63744e+02    7.90798e+03
     Coulomb-14        LJ (SR)   Coulomb (SR)   Coul. recip. Position Rest.
    1.82319e+04   -5.19888e+03   -4.26316e+05    9.67995e+02    3.21390e+02
     Dih. Rest.      Potential    Kinetic En.   Total Energy  Conserved En.
    3.52286e+02   -2.94707e+05    1.22494e+05   -1.72214e+05   -1.70150e+05
    Temperature Pressure (bar)   Constr. rmsd
    3.09379e+02   -5.48594e+02    1.68234e-06

           Step           Time
           4000        4.00000

   Energies (kJ/mol)
           Bond            U-B    Proper Dih.  Improper Dih.          LJ-14
    1.14395e+04    5.70647e+04    4.01355e+04    3.90767e+02    8.02712e+03
     Coulomb-14        LJ (SR)   Coulomb (SR)   Coul. recip. Position Rest.
    1.78043e+04   -4.71302e+03   -4.26184e+05    9.25671e+02    3.00445e+02
     Dih. Rest.      Potential    Kinetic En.   Total Energy  Conserved En.
    3.66471e+02   -2.94443e+05    1.23045e+05   -1.71398e+05   -1.69977e+05
    Temperature Pressure (bar)   Constr. rmsd
    3.10771e+02   -1.32178e+02    1.67766e-06

           Step           Time
           5000        5.00000

   Energies (kJ/mol)
           Bond            U-B    Proper Dih.  Improper Dih.          LJ-14
    1.11790e+04    5.68480e+04    4.03894e+04    3.13771e+02    8.03101e+03
     Coulomb-14        LJ (SR)   Coulomb (SR)   Coul. recip. Position Rest.
    1.80696e+04   -5.50329e+03   -4.26237e+05    1.01972e+03    3.11002e+02
     Dih. Rest.      Potential    Kinetic En.   Total Energy  Conserved En.
    3.93774e+02   -2.95185e+05    1.23064e+05   -1.72121e+05   -1.69541e+05
    Temperature Pressure (bar)   Constr. rmsd
    3.10819e+02   -3.51227e+02    1.66483e-06

           Step           Time
           6000        6.00000

   Energies (kJ/mol)
           Bond            U-B    Proper Dih.  Improper Dih.          LJ-14
    1.14869e+04    5.70049e+04    4.03078e+04    3.35236e+02    8.05347e+03
     Coulomb-14        LJ (SR)   Coulomb (SR)   Coul. recip. Position Rest.
    1.81424e+04   -5.15475e+03   -4.25036e+05    9.57614e+02    3.15465e+02
     Dih. Rest.      Potential    Kinetic En.   Total Energy  Conserved En.
    3.42434e+02   -2.93244e+05    1.22685e+05   -1.70559e+05   -1.69385e+05
    Temperature Pressure (bar)   Constr. rmsd
    3.09862e+02   -4.81024e+02    1.66684e-06

           Step           Time
           7000        7.00000

   Energies (kJ/mol)
           Bond            U-B    Proper Dih.  Improper Dih.          LJ-14
    1.14645e+04    5.69911e+04    4.01776e+04    3.27168e+02    8.13313e+03
     Coulomb-14        LJ (SR)   Coulomb (SR)   Coul. recip. Position Rest.
    1.82608e+04   -5.37344e+03   -4.25296e+05    9.78698e+02    3.31423e+02
     Dih. Rest.      Potential    Kinetic En.   Total Energy  Conserved En.
    3.83417e+02   -2.93622e+05    1.23958e+05   -1.69663e+05   -1.69195e+05
    Temperature Pressure (bar)   Constr. rmsd
    3.13078e+02   -3.09621e+02    1.67509e-06

           Step           Time
           8000        8.00000

   Energies (kJ/mol)
           Bond            U-B    Proper Dih.  Improper Dih.          LJ-14
    1.12444e+04    5.62050e+04    4.05996e+04    3.30331e+02    8.07379e+03
     Coulomb-14        LJ (SR)   Coulomb (SR)   Coul. recip. Position Rest.
    1.77134e+04   -4.89079e+03   -4.26705e+05    9.57354e+02    3.17123e+02
     Dih. Rest.      Potential    Kinetic En.   Total Energy  Conserved En.
    3.50265e+02   -2.95805e+05    1.23244e+05   -1.72561e+05   -1.69003e+05
    Temperature Pressure (bar)   Constr. rmsd
    3.11274e+02   -2.93316e+02    1.67290e-06

           Step           Time
           9000        9.00000

   Energies (kJ/mol)
           Bond            U-B    Proper Dih.  Improper Dih.          LJ-14
    1.13607e+04    5.66452e+04    4.02677e+04    3.60600e+02    8.07172e+03
     Coulomb-14        LJ (SR)   Coulomb (SR)   Coul. recip. Position Rest.
    1.81191e+04   -5.75201e+03   -4.25719e+05    9.94143e+02    3.27305e+02
     Dih. Rest.      Potential    Kinetic En.   Total Energy  Conserved En.
    3.42369e+02   -2.94983e+05    1.21810e+05   -1.73173e+05   -1.68883e+05
    Temperature Pressure (bar)   Constr. rmsd
    3.07651e+02   -2.23447e+02    1.68262e-06

           Step           Time
          10000       10.00000

   Energies (kJ/mol)
           Bond            U-B    Proper Dih.  Improper Dih.          LJ-14
    1.14397e+04    5.64978e+04    4.04215e+04    3.67913e+02    7.99885e+03
     Coulomb-14        LJ (SR)   Coulomb (SR)   Coul. recip. Position Rest.
    1.78761e+04   -5.37919e+03   -4.26541e+05    9.66466e+02    3.54140e+02
     Dih. Rest.      Potential    Kinetic En.   Total Energy  Conserved En.
    3.50586e+02   -2.95647e+05    1.21444e+05   -1.74203e+05   -1.68786e+05
    Temperature Pressure (bar)   Constr. rmsd
    3.06728e+02   -2.25292e+02    1.65080e-06

           Step           Time
          11000       11.00000

   Energies (kJ/mol)
           Bond            U-B    Proper Dih.  Improper Dih.          LJ-14
    1.16739e+04    5.69639e+04    4.04260e+04    3.30651e+02    7.91771e+03
     Coulomb-14        LJ (SR)   Coulomb (SR)   Coul. recip. Position Rest.
    1.79163e+04   -5.31034e+03   -4.27289e+05    9.96830e+02    3.52095e+02
     Dih. Rest.      Potential    Kinetic En.   Total Energy  Conserved En.
    3.89415e+02   -2.95633e+05    1.21983e+05   -1.73650e+05   -1.68455e+05
    Temperature Pressure (bar)   Constr. rmsd
    3.08089e+02   -4.66518e+02    1.66916e-06

           Step           Time
          12000       12.00000

   Energies (kJ/mol)
           Bond            U-B    Proper Dih.  Improper Dih.          LJ-14
    1.14801e+04    5.63852e+04    4.03328e+04    3.58460e+02    7.85167e+03
     Coulomb-14        LJ (SR)   Coulomb (SR)   Coul. recip. Position Rest.
    1.80189e+04   -4.76804e+03   -4.27503e+05    9.67693e+02    3.21067e+02
     Dih. Rest.      Potential    Kinetic En.   Total Energy  Conserved En.
    3.70522e+02   -2.96185e+05    1.22164e+05   -1.74021e+05   -1.68334e+05
    Temperature Pressure (bar)   Constr. rmsd
    3.08545e+02   -1.75876e+02    1.67243e-06

           Step           Time
          13000       13.00000

   Energies (kJ/mol)
           Bond            U-B    Proper Dih.  Improper Dih.          LJ-14
    1.13904e+04    5.74331e+04    4.04240e+04    2.83821e+02    7.99557e+03
     Coulomb-14        LJ (SR)   Coulomb (SR)   Coul. recip. Position Rest.
    1.81245e+04   -4.82943e+03   -4.27550e+05    9.30517e+02    2.90885e+02
     Dih. Rest.      Potential    Kinetic En.   Total Energy  Conserved En.
    3.46370e+02   -2.95161e+05    1.23629e+05   -1.71532e+05   -1.68069e+05
    Temperature Pressure (bar)   Constr. rmsd
    3.12245e+02   -1.05811e+02    1.66674e-06

           Step           Time
          14000       14.00000

   Energies (kJ/mol)
           Bond            U-B    Proper Dih.  Improper Dih.          LJ-14
    1.11168e+04    5.63821e+04    4.05727e+04    3.37610e+02    8.18734e+03
     Coulomb-14        LJ (SR)   Coulomb (SR)   Coul. recip. Position Rest.
    1.80704e+04   -4.78524e+03   -4.27368e+05    1.00166e+03    3.22514e+02
     Dih. Rest.      Potential    Kinetic En.   Total Energy  Conserved En.
    3.39775e+02   -2.95823e+05    1.22511e+05   -1.73311e+05   -1.67795e+05
    Temperature Pressure (bar)   Constr. rmsd
    3.09423e+02    4.61512e+01    1.64614e-06

           Step           Time
          15000       15.00000

   Energies (kJ/mol)
           Bond            U-B    Proper Dih.  Improper Dih.          LJ-14
    1.15753e+04    5.67256e+04    4.03475e+04    3.49947e+02    8.06382e+03
     Coulomb-14        LJ (SR)   Coulomb (SR)   Coul. recip. Position Rest.
    1.80810e+04   -5.16326e+03   -4.27762e+05    9.59411e+02    3.25025e+02
     Dih. Rest.      Potential    Kinetic En.   Total Energy  Conserved En.
    3.81651e+02   -2.96116e+05    1.22527e+05   -1.73589e+05   -1.67609e+05
    Temperature Pressure (bar)   Constr. rmsd
    3.09464e+02   -6.56035e+02    1.66516e-06

           Step           Time
          16000       16.00000

   Energies (kJ/mol)
           Bond            U-B    Proper Dih.  Improper Dih.          LJ-14
    1.10618e+04    5.70936e+04    4.05125e+04    3.73881e+02    8.25492e+03
     Coulomb-14        LJ (SR)   Coulomb (SR)   Coul. recip. Position Rest.
    1.80976e+04   -5.75014e+03   -4.26721e+05    9.47296e+02    3.54957e+02
     Dih. Rest.      Potential    Kinetic En.   Total Energy  Conserved En.
    3.48840e+02   -2.95426e+05    1.22351e+05   -1.73075e+05   -1.67456e+05
    Temperature Pressure (bar)   Constr. rmsd
    3.09017e+02   -1.47279e+02    1.63751e-06

           Step           Time
          17000       17.00000

   Energies (kJ/mol)
           Bond            U-B    Proper Dih.  Improper Dih.          LJ-14
    1.10667e+04    5.68449e+04    4.03839e+04    3.72156e+02    8.11326e+03
     Coulomb-14        LJ (SR)   Coulomb (SR)   Coul. recip. Position Rest.
    1.78172e+04   -5.47245e+03   -4.27603e+05    1.00431e+03    3.46081e+02
     Dih. Rest.      Potential    Kinetic En.   Total Energy  Conserved En.
    3.60856e+02   -2.96766e+05    1.23378e+05   -1.73388e+05   -1.67350e+05
    Temperature Pressure (bar)   Constr. rmsd
    3.11613e+02   -1.09824e+02    1.67390e-06

           Step           Time
          18000       18.00000

   Energies (kJ/mol)
           Bond            U-B    Proper Dih.  Improper Dih.          LJ-14
    1.13673e+04    5.64728e+04    4.06152e+04    3.08439e+02    8.09204e+03
     Coulomb-14        LJ (SR)   Coulomb (SR)   Coul. recip. Position Rest.
    1.79924e+04   -5.62033e+03   -4.27365e+05    9.27488e+02    3.48376e+02
     Dih. Rest.      Potential    Kinetic En.   Total Energy  Conserved En.
    3.50969e+02   -2.96510e+05    1.22208e+05   -1.74302e+05   -1.67195e+05
    Temperature Pressure (bar)   Constr. rmsd
    3.08657e+02   -2.58703e+02    1.68719e-06

           Step           Time
          19000       19.00000

   Energies (kJ/mol)
           Bond            U-B    Proper Dih.  Improper Dih.          LJ-14
    1.11753e+04    5.68892e+04    4.04029e+04    3.62016e+02    7.88848e+03
     Coulomb-14        LJ (SR)   Coulomb (SR)   Coul. recip. Position Rest.
    1.78606e+04   -5.72999e+03   -4.26788e+05    1.02139e+03    3.92007e+02
     Dih. Rest.      Potential    Kinetic En.   Total Energy  Conserved En.
    3.17609e+02   -2.96208e+05    1.22660e+05   -1.73548e+05   -1.66925e+05
    Temperature Pressure (bar)   Constr. rmsd
    3.09800e+02   -4.57833e+02    1.66705e-06

           Step           Time
          20000       20.00000

   Energies (kJ/mol)
           Bond            U-B    Proper Dih.  Improper Dih.          LJ-14
    1.11621e+04    5.69775e+04    4.05844e+04    3.54450e+02    8.12389e+03
     Coulomb-14        LJ (SR)   Coulomb (SR)   Coul. recip. Position Rest.
    1.79232e+04   -4.58203e+03   -4.27941e+05    9.22260e+02    3.74770e+02
     Dih. Rest.      Potential    Kinetic En.   Total Energy  Conserved En.
    3.19823e+02   -2.95780e+05    1.22252e+05   -1.73528e+05   -1.66938e+05
    Temperature Pressure (bar)   Constr. rmsd
    3.08768e+02    1.40160e+02    1.66194e-06

           Step           Time
          21000       21.00000

   Energies (kJ/mol)
           Bond            U-B    Proper Dih.  Improper Dih.          LJ-14
    1.11926e+04    5.66043e+04    4.06691e+04    3.54270e+02    8.10616e+03
     Coulomb-14        LJ (SR)   Coulomb (SR)   Coul. recip. Position Rest.
    1.81156e+04   -5.21881e+03   -4.27627e+05    9.51574e+02    3.95649e+02
     Dih. Rest.      Potential    Kinetic En.   Total Energy  Conserved En.
    3.50723e+02   -2.96106e+05    1.22118e+05   -1.73988e+05   -1.66751e+05
    Temperature Pressure (bar)   Constr. rmsd
    3.08429e+02   -5.26734e+01    1.66879e-06

           Step           Time
          22000       22.00000

   Energies (kJ/mol)
           Bond            U-B    Proper Dih.  Improper Dih.          LJ-14
    1.12587e+04    5.70106e+04    4.02342e+04    3.40527e+02    8.06432e+03
     Coulomb-14        LJ (SR)   Coulomb (SR)   Coul. recip. Position Rest.
    1.82069e+04   -6.10128e+03   -4.27040e+05    9.47912e+02    3.70181e+02
     Dih. Rest.      Potential    Kinetic En.   Total Energy  Conserved En.
    3.57186e+02   -2.96350e+05    1.21555e+05   -1.74795e+05   -1.66604e+05
    Temperature Pressure (bar)   Constr. rmsd
    3.07008e+02   -1.95431e+02    1.65616e-06

           Step           Time
          23000       23.00000

   Energies (kJ/mol)
           Bond            U-B    Proper Dih.  Improper Dih.          LJ-14
    1.11390e+04    5.66058e+04    4.04860e+04    3.45205e+02    8.06909e+03
     Coulomb-14        LJ (SR)   Coulomb (SR)   Coul. recip. Position Rest.
    1.80047e+04   -5.79455e+03   -4.26484e+05    9.55356e+02    3.73202e+02
     Dih. Rest.      Potential    Kinetic En.   Total Energy  Conserved En.
    3.46902e+02   -2.95954e+05    1.22191e+05   -1.73763e+05   -1.66358e+05
    Temperature Pressure (bar)   Constr. rmsd
    3.08614e+02    3.20149e+00    1.67724e-06

           Step           Time
          24000       24.00000

   Energies (kJ/mol)
           Bond            U-B    Proper Dih.  Improper Dih.          LJ-14
    1.13116e+04    5.69831e+04    4.05815e+04    3.53727e+02    8.17360e+03
     Coulomb-14        LJ (SR)   Coulomb (SR)   Coul. recip. Position Rest.
    1.75110e+04   -5.63388e+03   -4.26727e+05    9.21738e+02    4.03733e+02
     Dih. Rest.      Potential    Kinetic En.   Total Energy  Conserved En.
    3.22113e+02   -2.95799e+05    1.23562e+05   -1.72237e+05   -1.66029e+05
    Temperature Pressure (bar)   Constr. rmsd
    3.12077e+02   -2.35786e+01    1.66574e-06

           Step           Time
          25000       25.00000

   Energies (kJ/mol)
           Bond            U-B    Proper Dih.  Improper Dih.          LJ-14
    1.13115e+04    5.79939e+04    4.04760e+04    3.42659e+02    8.23734e+03
     Coulomb-14        LJ (SR)   Coulomb (SR)   Coul. recip. Position Rest.
    1.77127e+04   -5.55199e+03   -4.26968e+05    9.28580e+02    3.62289e+02
     Dih. Rest.      Potential    Kinetic En.   Total Energy  Conserved En.
    3.42451e+02   -2.94813e+05    1.23173e+05   -1.71640e+05   -1.65877e+05
    Temperature Pressure (bar)   Constr. rmsd
    3.11095e+02    1.79710e+01    1.65082e-06

           Step           Time
          26000       26.00000

   Energies (kJ/mol)
           Bond            U-B    Proper Dih.  Improper Dih.          LJ-14
    1.13345e+04    5.67924e+04    4.01922e+04    2.96297e+02    8.10569e+03
     Coulomb-14        LJ (SR)   Coulomb (SR)   Coul. recip. Position Rest.
    1.79177e+04   -6.39699e+03   -4.25654e+05    9.47187e+02    3.82134e+02
     Dih. Rest.      Potential    Kinetic En.   Total Energy  Conserved En.
    3.56221e+02   -2.95727e+05    1.23015e+05   -1.72712e+05   -1.65890e+05
    Temperature Pressure (bar)   Constr. rmsd
    3.10696e+02   -1.34672e+02    1.66038e-06

           Step           Time
          27000       27.00000

   Energies (kJ/mol)
           Bond            U-B    Proper Dih.  Improper Dih.          LJ-14
    1.16600e+04    5.70886e+04    4.00950e+04    3.18393e+02    8.16695e+03
     Coulomb-14        LJ (SR)   Coulomb (SR)   Coul. recip. Position Rest.
    1.82621e+04   -5.85640e+03   -4.26049e+05    9.32659e+02    3.83929e+02
     Dih. Rest.      Potential    Kinetic En.   Total Energy  Conserved En.
    3.48966e+02   -2.94649e+05    1.22639e+05   -1.72009e+05   -1.65703e+05
    Temperature Pressure (bar)   Constr. rmsd
    3.09747e+02   -1.99489e+02    1.67143e-06

           Step           Time
          28000       28.00000

   Energies (kJ/mol)
           Bond            U-B    Proper Dih.  Improper Dih.          LJ-14
    1.15243e+04    5.69715e+04    4.03214e+04    3.39087e+02    8.07190e+03
     Coulomb-14        LJ (SR)   Coulomb (SR)   Coul. recip. Position Rest.
    1.78774e+04   -6.56238e+03   -4.24900e+05    9.52424e+02    3.82652e+02
     Dih. Rest.      Potential    Kinetic En.   Total Energy  Conserved En.
    3.09466e+02   -2.94712e+05    1.23392e+05   -1.71320e+05   -1.65730e+05
    Temperature Pressure (bar)   Constr. rmsd
    3.11647e+02   -3.80832e+02    1.64595e-06

           Step           Time
          29000       29.00000

   Energies (kJ/mol)
           Bond            U-B    Proper Dih.  Improper Dih.          LJ-14
    1.16283e+04    5.72124e+04    4.03118e+04    3.58888e+02    7.97764e+03
     Coulomb-14        LJ (SR)   Coulomb (SR)   Coul. recip. Position Rest.
    1.78551e+04   -5.66736e+03   -4.27052e+05    9.64831e+02    3.83052e+02
     Dih. Rest.      Potential    Kinetic En.   Total Energy  Conserved En.
    4.13610e+02   -2.95613e+05    1.23626e+05   -1.71987e+05   -1.65427e+05
    Temperature Pressure (bar)   Constr. rmsd
    3.12239e+02   -2.42073e+02    1.65740e-06

           Step           Time
          30000       30.00000

   Energies (kJ/mol)
           Bond            U-B    Proper Dih.  Improper Dih.          LJ-14
    1.13188e+04    5.72787e+04    4.02799e+04    3.46506e+02    8.08095e+03
     Coulomb-14        LJ (SR)   Coulomb (SR)   Coul. recip. Position Rest.
    1.80877e+04   -6.27989e+03   -4.26401e+05    9.54356e+02    3.84849e+02
     Dih. Rest.      Potential    Kinetic En.   Total Energy  Conserved En.
    3.77976e+02   -2.95571e+05    1.23523e+05   -1.72048e+05   -1.65309e+05
    Temperature Pressure (bar)   Constr. rmsd
    3.11979e+02   -3.42309e+02    1.68224e-06

           Step           Time
          31000       31.00000

   Energies (kJ/mol)
           Bond            U-B    Proper Dih.  Improper Dih.          LJ-14
    1.13613e+04    5.66994e+04    4.06589e+04    3.59971e+02    8.01522e+03
     Coulomb-14        LJ (SR)   Coulomb (SR)   Coul. recip. Position Rest.
    1.77380e+04   -6.07539e+03   -4.27152e+05    9.36198e+02    4.22043e+02
     Dih. Rest.      Potential    Kinetic En.   Total Energy  Conserved En.
    3.75013e+02   -2.96661e+05    1.24122e+05   -1.72539e+05   -1.65239e+05
    Temperature Pressure (bar)   Constr. rmsd
    3.13492e+02   -1.97396e+02    1.66220e-06

           Step           Time
          32000       32.00000

   Energies (kJ/mol)
           Bond            U-B    Proper Dih.  Improper Dih.          LJ-14
    1.12672e+04    5.69129e+04    4.03745e+04    3.27942e+02    8.23619e+03
     Coulomb-14        LJ (SR)   Coulomb (SR)   Coul. recip. Position Rest.
    1.82786e+04   -6.37430e+03   -4.26895e+05    9.43017e+02    4.33786e+02
     Dih. Rest.      Potential    Kinetic En.   Total Energy  Conserved En.
    3.92928e+02   -2.96102e+05    1.23198e+05   -1.72903e+05   -1.65010e+05
    Temperature Pressure (bar)   Constr. rmsd
    3.11158e+02   -2.02859e+02    1.65656e-06

           Step           Time
          33000       33.00000

   Energies (kJ/mol)
           Bond            U-B    Proper Dih.  Improper Dih.          LJ-14
    1.11443e+04    5.71630e+04    4.03691e+04    3.88531e+02    8.01595e+03
     Coulomb-14        LJ (SR)   Coulomb (SR)   Coul. recip. Position Rest.
    1.81396e+04   -5.62877e+03   -4.27884e+05    9.14060e+02    4.46483e+02
     Dih. Rest.      Potential    Kinetic En.   Total Energy  Conserved En.
    3.72392e+02   -2.96560e+05    1.23320e+05   -1.73240e+05   -1.65035e+05
    Temperature Pressure (bar)   Constr. rmsd
    3.11465e+02   -1.08717e+02    1.66697e-06

           Step           Time
          34000       34.00000

   Energies (kJ/mol)
           Bond            U-B    Proper Dih.  Improper Dih.          LJ-14
    1.12375e+04    5.73157e+04    4.03734e+04    3.69940e+02    8.02792e+03
     Coulomb-14        LJ (SR)   Coulomb (SR)   Coul. recip. Position Rest.
    1.78154e+04   -5.71202e+03   -4.27824e+05    8.99424e+02    4.39289e+02
     Dih. Rest.      Potential    Kinetic En.   Total Energy  Conserved En.
    3.52416e+02   -2.96706e+05    1.22551e+05   -1.74154e+05   -1.64791e+05
    Temperature Pressure (bar)   Constr. rmsd
    3.09524e+02   -8.50546e+01    1.66303e-06

           Step           Time
          35000       35.00000

   Energies (kJ/mol)
           Bond            U-B    Proper Dih.  Improper Dih.          LJ-14
    1.12266e+04    5.70227e+04    4.04696e+04    3.35518e+02    8.10517e+03
     Coulomb-14        LJ (SR)   Coulomb (SR)   Coul. recip. Position Rest.
    1.79518e+04   -6.15959e+03   -4.27302e+05    9.01251e+02    4.16724e+02
     Dih. Rest.      Potential    Kinetic En.   Total Energy  Conserved En.
    3.49781e+02   -2.96682e+05    1.22033e+05   -1.74650e+05   -1.64527e+05
    Temperature Pressure (bar)   Constr. rmsd
    3.08214e+02   -8.75640e+01    1.66302e-06

           Step           Time
          36000       36.00000

   Energies (kJ/mol)
           Bond            U-B    Proper Dih.  Improper Dih.          LJ-14
    1.10366e+04    5.68683e+04    4.03746e+04    3.70661e+02    7.98340e+03
     Coulomb-14        LJ (SR)   Coulomb (SR)   Coul. recip. Position Rest.
    1.83642e+04   -6.20498e+03   -4.28494e+05    9.07370e+02    4.23182e+02
     Dih. Rest.      Potential    Kinetic En.   Total Energy  Conserved En.
    3.87141e+02   -2.97983e+05    1.22779e+05   -1.75204e+05   -1.64444e+05
    Temperature Pressure (bar)   Constr. rmsd
    3.10100e+02   -3.97279e+02    1.65265e-06

           Step           Time
          37000       37.00000

   Energies (kJ/mol)
           Bond            U-B    Proper Dih.  Improper Dih.          LJ-14
    1.14140e+04    5.70798e+04    4.03048e+04    3.83248e+02    8.06937e+03
     Coulomb-14        LJ (SR)   Coulomb (SR)   Coul. recip. Position Rest.
    1.84336e+04   -5.84266e+03   -4.28689e+05    9.32129e+02    4.34642e+02
     Dih. Rest.      Potential    Kinetic En.   Total Energy  Conserved En.
    3.40788e+02   -2.97140e+05    1.22668e+05   -1.74471e+05   -1.64268e+05
    Temperature Pressure (bar)   Constr. rmsd
    3.09819e+02   -3.34818e+02    1.66188e-06

           Step           Time
          38000       38.00000

   Energies (kJ/mol)
           Bond            U-B    Proper Dih.  Improper Dih.          LJ-14
    1.13117e+04    5.65538e+04    4.04709e+04    3.21060e+02    8.16345e+03
     Coulomb-14        LJ (SR)   Coulomb (SR)   Coul. recip. Position Rest.
    1.82421e+04   -6.27411e+03   -4.28434e+05    8.79882e+02    4.53108e+02
     Dih. Rest.      Potential    Kinetic En.   Total Energy  Conserved En.
    3.15822e+02   -2.97996e+05    1.22838e+05   -1.75158e+05   -1.64101e+05
    Temperature Pressure (bar)   Constr. rmsd
    3.10248e+02   -1.11674e+02    1.66431e-06

           Step           Time
          39000       39.00000

   Energies (kJ/mol)
           Bond            U-B    Proper Dih.  Improper Dih.          LJ-14
    1.08529e+04    5.71780e+04    4.03849e+04    3.49670e+02    8.18134e+03
     Coulomb-14        LJ (SR)   Coulomb (SR)   Coul. recip. Position Rest.
    1.84841e+04   -5.89346e+03   -4.27209e+05    8.84010e+02    4.56388e+02
     Dih. Rest.      Potential    Kinetic En.   Total Energy  Conserved En.
    3.75900e+02   -2.95955e+05    1.22974e+05   -1.72981e+05   -1.64206e+05
    Temperature Pressure (bar)   Constr. rmsd
    3.10591e+02   -1.68326e+02    1.63804e-06

           Step           Time
          40000       40.00000

   Energies (kJ/mol)
           Bond            U-B    Proper Dih.  Improper Dih.          LJ-14
    1.13421e+04    5.74571e+04    4.00916e+04    3.58150e+02    7.91382e+03
     Coulomb-14        LJ (SR)   Coulomb (SR)   Coul. recip. Position Rest.
    1.82781e+04   -7.37533e+03   -4.26186e+05    9.07470e+02    4.53429e+02
     Dih. Rest.      Potential    Kinetic En.   Total Energy  Conserved En.
    3.71861e+02   -2.96388e+05    1.22582e+05   -1.73806e+05   -1.63890e+05
    Temperature Pressure (bar)   Constr. rmsd
    3.09602e+02   -2.30457e+02    1.63995e-06

           Step           Time
          41000       41.00000

   Energies (kJ/mol)
           Bond            U-B    Proper Dih.  Improper Dih.          LJ-14
    1.14529e+04    5.72406e+04    4.00712e+04    3.22785e+02    7.98150e+03
     Coulomb-14        LJ (SR)   Coulomb (SR)   Coul. recip. Position Rest.
    1.81071e+04   -7.21205e+03   -4.26254e+05    9.03360e+02    4.42491e+02
     Dih. Rest.      Potential    Kinetic En.   Total Energy  Conserved En.
    3.70789e+02   -2.96574e+05    1.22973e+05   -1.73600e+05   -1.63814e+05
    Temperature Pressure (bar)   Constr. rmsd
    3.10590e+02   -1.95231e+02    1.64451e-06

           Step           Time
          42000       42.00000

   Energies (kJ/mol)
           Bond            U-B    Proper Dih.  Improper Dih.          LJ-14
    1.13214e+04    5.68361e+04    4.03868e+04    4.01851e+02    8.18957e+03
     Coulomb-14        LJ (SR)   Coulomb (SR)   Coul. recip. Position Rest.
    1.80626e+04   -6.46777e+03   -4.27921e+05    9.24386e+02    4.49165e+02
     Dih. Rest.      Potential    Kinetic En.   Total Energy  Conserved En.
    3.78628e+02   -2.97439e+05    1.23112e+05   -1.74327e+05   -1.63814e+05
    Temperature Pressure (bar)   Constr. rmsd
    3.10939e+02    1.04920e+02    1.65503e-06

           Step           Time
          43000       43.00000

   Energies (kJ/mol)
           Bond            U-B    Proper Dih.  Improper Dih.          LJ-14
    1.12040e+04    5.68634e+04    4.04272e+04    3.24622e+02    8.13156e+03
     Coulomb-14        LJ (SR)   Coulomb (SR)   Coul. recip. Position Rest.
    1.82391e+04   -6.11120e+03   -4.27984e+05    8.33089e+02    4.34796e+02
     Dih. Rest.      Potential    Kinetic En.   Total Energy  Conserved En.
    3.83132e+02   -2.97255e+05    1.23268e+05   -1.73987e+05   -1.63714e+05
    Temperature Pressure (bar)   Constr. rmsd
    3.11333e+02   -9.25321e+01    1.66564e-06

           Step           Time
          44000       44.00000

   Energies (kJ/mol)
           Bond            U-B    Proper Dih.  Improper Dih.          LJ-14
    1.12626e+04    5.77014e+04    4.07938e+04    3.54246e+02    8.16562e+03
     Coulomb-14        LJ (SR)   Coulomb (SR)   Coul. recip. Position Rest.
    1.78620e+04   -6.36238e+03   -4.27046e+05    9.08158e+02    4.43672e+02
     Dih. Rest.      Potential    Kinetic En.   Total Energy  Conserved En.
    3.54846e+02   -2.95562e+05    1.23773e+05   -1.71789e+05   -1.63523e+05
    Temperature Pressure (bar)   Constr. rmsd
    3.12610e+02   -4.07020e+02    1.66298e-06

           Step           Time
          45000       45.00000

   Energies (kJ/mol)
           Bond            U-B    Proper Dih.  Improper Dih.          LJ-14
    1.13844e+04    5.81234e+04    4.06432e+04    3.44712e+02    7.97972e+03
     Coulomb-14        LJ (SR)   Coulomb (SR)   Coul. recip. Position Rest.
    1.79055e+04   -6.88658e+03   -4.26832e+05    8.77130e+02    4.25374e+02
     Dih. Rest.      Potential    Kinetic En.   Total Energy  Conserved En.
    3.66681e+02   -2.95669e+05    1.22790e+05   -1.72878e+05   -1.63420e+05
    Temperature Pressure (bar)   Constr. rmsd
    3.10127e+02   -3.13650e+02    1.65207e-06

           Step           Time
          46000       46.00000

   Energies (kJ/mol)
           Bond            U-B    Proper Dih.  Improper Dih.          LJ-14
    1.14456e+04    5.71353e+04    4.02139e+04    3.25239e+02    7.89903e+03
     Coulomb-14        LJ (SR)   Coulomb (SR)   Coul. recip. Position Rest.
    1.81217e+04   -6.14023e+03   -4.28384e+05    9.38199e+02    4.23594e+02
     Dih. Rest.      Potential    Kinetic En.   Total Energy  Conserved En.
    3.60223e+02   -2.97662e+05    1.22930e+05   -1.74732e+05   -1.63359e+05
    Temperature Pressure (bar)   Constr. rmsd
    3.10479e+02   -3.74667e+02    1.65329e-06

           Step           Time
          47000       47.00000

   Energies (kJ/mol)
           Bond            U-B    Proper Dih.  Improper Dih.          LJ-14
    1.10291e+04    5.70487e+04    4.02003e+04    3.44967e+02    8.01153e+03
     Coulomb-14        LJ (SR)   Coulomb (SR)   Coul. recip. Position Rest.
    1.81924e+04   -6.77936e+03   -4.28649e+05    9.16862e+02    4.44822e+02
     Dih. Rest.      Potential    Kinetic En.   Total Energy  Conserved En.
    3.62063e+02   -2.98878e+05    1.23500e+05   -1.75378e+05   -1.63268e+05
    Temperature Pressure (bar)   Constr. rmsd
    3.11921e+02   -2.18060e+02    1.64922e-06

           Step           Time
          48000       48.00000

   Energies (kJ/mol)
           Bond            U-B    Proper Dih.  Improper Dih.          LJ-14
    1.11944e+04    5.67029e+04    4.04903e+04    3.31901e+02    8.05340e+03
     Coulomb-14        LJ (SR)   Coulomb (SR)   Coul. recip. Position Rest.
    1.81725e+04   -5.38798e+03   -4.30636e+05    8.81385e+02    4.15945e+02
     Dih. Rest.      Potential    Kinetic En.   Total Energy  Conserved En.
    3.70565e+02   -2.99411e+05    1.22767e+05   -1.76643e+05   -1.62952e+05
    Temperature Pressure (bar)   Constr. rmsd
    3.10069e+02    2.14568e+02    1.66757e-06

           Step           Time
          49000       49.00000

   Energies (kJ/mol)
           Bond            U-B    Proper Dih.  Improper Dih.          LJ-14
    1.13250e+04    5.68823e+04    4.04029e+04    3.86269e+02    7.96019e+03
     Coulomb-14        LJ (SR)   Coulomb (SR)   Coul. recip. Position Rest.
    1.83289e+04   -6.42207e+03   -4.28788e+05    8.60886e+02    4.55118e+02
     Dih. Rest.      Potential    Kinetic En.   Total Energy  Conserved En.
    3.26483e+02   -2.98282e+05    1.23602e+05   -1.74681e+05   -1.62884e+05
    Temperature Pressure (bar)   Constr. rmsd
    3.12177e+02   -2.58845e+01    1.68275e-06

           Step           Time
          50000       50.00000

   Energies (kJ/mol)
           Bond            U-B    Proper Dih.  Improper Dih.          LJ-14
    1.12056e+04    5.73443e+04    4.03567e+04    3.58627e+02    8.12838e+03
     Coulomb-14        LJ (SR)   Coulomb (SR)   Coul. recip. Position Rest.
    1.86555e+04   -6.50399e+03   -4.28553e+05    9.60704e+02    4.75872e+02
     Dih. Rest.      Potential    Kinetic En.   Total Energy  Conserved En.
    3.35150e+02   -2.97236e+05    1.23361e+05   -1.73874e+05   -1.62812e+05
    Temperature Pressure (bar)   Constr. rmsd
    3.11570e+02    4.51434e+01    1.67435e-06

           Step           Time
          51000       51.00000

   Energies (kJ/mol)
           Bond            U-B    Proper Dih.  Improper Dih.          LJ-14
    1.11448e+04    5.70670e+04    4.04625e+04    3.92516e+02    8.16482e+03
     Coulomb-14        LJ (SR)   Coulomb (SR)   Coul. recip. Position Rest.
    1.86616e+04   -7.05740e+03   -4.28472e+05    9.03458e+02    4.69855e+02
     Dih. Rest.      Potential    Kinetic En.   Total Energy  Conserved En.
    3.53244e+02   -2.97910e+05    1.23292e+05   -1.74618e+05   -1.62916e+05
    Temperature Pressure (bar)   Constr. rmsd
    3.11394e+02   -2.79571e+02    1.65745e-06

           Step           Time
          52000       52.00000

   Energies (kJ/mol)
           Bond            U-B    Proper Dih.  Improper Dih.          LJ-14
    1.14953e+04    5.71491e+04    4.04759e+04    3.38468e+02    7.90485e+03
     Coulomb-14        LJ (SR)   Coulomb (SR)   Coul. recip. Position Rest.
    1.85920e+04   -6.31234e+03   -4.28478e+05    9.30654e+02    4.33510e+02
     Dih. Rest.      Potential    Kinetic En.   Total Energy  Conserved En.
    3.88071e+02   -2.97083e+05    1.21697e+05   -1.75386e+05   -1.62855e+05
    Temperature Pressure (bar)   Constr. rmsd
    3.07367e+02   -2.54688e+02    1.65439e-06

           Step           Time
          53000       53.00000

   Energies (kJ/mol)
           Bond            U-B    Proper Dih.  Improper Dih.          LJ-14
    1.13710e+04    5.73867e+04    4.05978e+04    3.07214e+02    8.17601e+03
     Coulomb-14        LJ (SR)   Coulomb (SR)   Coul. recip. Position Rest.
    1.83308e+04   -5.95384e+03   -4.28938e+05    9.16339e+02    4.52819e+02
     Dih. Rest.      Potential    Kinetic En.   Total Energy  Conserved En.
    3.14002e+02   -2.97039e+05    1.22441e+05   -1.74598e+05   -1.62638e+05
    Temperature Pressure (bar)   Constr. rmsd
    3.09246e+02    3.36749e+02    1.65239e-06

           Step           Time
          54000       54.00000

   Energies (kJ/mol)
           Bond            U-B    Proper Dih.  Improper Dih.          LJ-14
    1.13613e+04    5.71085e+04    4.02782e+04    3.12052e+02    8.13298e+03
     Coulomb-14        LJ (SR)   Coulomb (SR)   Coul. recip. Position Rest.
    1.84803e+04   -5.91567e+03   -4.28394e+05    8.70755e+02    4.25198e+02
     Dih. Rest.      Potential    Kinetic En.   Total Energy  Conserved En.
    3.75302e+02   -2.96965e+05    1.21798e+05   -1.75167e+05   -1.62890e+05
    Temperature Pressure (bar)   Constr. rmsd
    3.07621e+02    1.48122e+02    1.66740e-06

           Step           Time
          55000       55.00000

   Energies (kJ/mol)
           Bond            U-B    Proper Dih.  Improper Dih.          LJ-14
    1.11092e+04    5.68664e+04    4.04552e+04    2.90596e+02    8.19630e+03
     Coulomb-14        LJ (SR)   Coulomb (SR)   Coul. recip. Position Rest.
    1.82205e+04   -6.40709e+03   -4.27811e+05    8.78870e+02    4.66715e+02
     Dih. Rest.      Potential    Kinetic En.   Total Energy  Conserved En.
    3.71421e+02   -2.97363e+05    1.23423e+05   -1.73940e+05   -1.62902e+05
    Temperature Pressure (bar)   Constr. rmsd
    3.11725e+02    3.74236e+02    1.65598e-06

           Step           Time
          56000       56.00000

   Energies (kJ/mol)
           Bond            U-B    Proper Dih.  Improper Dih.          LJ-14
    1.11697e+04    5.67525e+04    4.04676e+04    3.07941e+02    8.23516e+03
     Coulomb-14        LJ (SR)   Coulomb (SR)   Coul. recip. Position Rest.
    1.83956e+04   -6.24455e+03   -4.29361e+05    8.91398e+02    4.69423e+02
     Dih. Rest.      Potential    Kinetic En.   Total Energy  Conserved En.
    3.43632e+02   -2.98573e+05    1.22716e+05   -1.75857e+05   -1.62731e+05
    Temperature Pressure (bar)   Constr. rmsd
    3.09939e+02   -3.87939e+01    1.64479e-06

           Step           Time
          57000       57.00000

   Energies (kJ/mol)
           Bond            U-B    Proper Dih.  Improper Dih.          LJ-14
    1.13790e+04    5.80313e+04    4.03956e+04    3.50154e+02    8.06090e+03
     Coulomb-14        LJ (SR)   Coulomb (SR)   Coul. recip. Position Rest.
    1.79867e+04   -6.15635e+03   -4.28030e+05    9.38882e+02    4.85416e+02
     Dih. Rest.      Potential    Kinetic En.   Total Energy  Conserved En.
    3.34769e+02   -2.96223e+05    1.22827e+05   -1.73397e+05   -1.62577e+05
    Temperature Pressure (bar)   Constr. rmsd
    3.10219e+02    2.15109e+02    1.64977e-06

           Step           Time
          58000       58.00000

   Energies (kJ/mol)
           Bond            U-B    Proper Dih.  Improper Dih.          LJ-14
    1.14051e+04    5.71667e+04    4.04289e+04    3.51311e+02    8.04614e+03
     Coulomb-14        LJ (SR)   Coulomb (SR)   Coul. recip. Position Rest.
    1.79486e+04   -6.59421e+03   -4.28939e+05    8.81300e+02    4.28346e+02
     Dih. Rest.      Potential    Kinetic En.   Total Energy  Conserved En.
    3.61572e+02   -2.98515e+05    1.22219e+05   -1.76296e+05   -1.62711e+05
    Temperature Pressure (bar)   Constr. rmsd
    3.08686e+02   -3.20326e+02    1.66848e-06

           Step           Time
          59000       59.00000

   Energies (kJ/mol)
           Bond            U-B    Proper Dih.  Improper Dih.          LJ-14
    1.10058e+04    5.70403e+04    4.02718e+04    3.37205e+02    8.11599e+03
     Coulomb-14        LJ (SR)   Coulomb (SR)   Coul. recip. Position Rest.
    1.79593e+04   -5.94129e+03   -4.29730e+05    9.03353e+02    4.26719e+02
     Dih. Rest.      Potential    Kinetic En.   Total Energy  Conserved En.
    3.77976e+02   -2.99232e+05    1.23543e+05   -1.75689e+05   -1.62798e+05
    Temperature Pressure (bar)   Constr. rmsd
    3.12029e+02    2.30699e+02    1.66924e-06

           Step           Time
          60000       60.00000

   Energies (kJ/mol)
           Bond            U-B    Proper Dih.  Improper Dih.          LJ-14
    1.11768e+04    5.68688e+04    4.01745e+04    3.21957e+02    8.15467e+03
     Coulomb-14        LJ (SR)   Coulomb (SR)   Coul. recip. Position Rest.
    1.86099e+04   -6.73525e+03   -4.28825e+05    9.23832e+02    3.84387e+02
     Dih. Rest.      Potential    Kinetic En.   Total Energy  Conserved En.
    3.44714e+02   -2.98600e+05    1.23751e+05   -1.74849e+05   -1.62655e+05
    Temperature Pressure (bar)   Constr. rmsd
    3.12554e+02    4.01970e+01    1.66358e-06

           Step           Time
          61000       61.00000

   Energies (kJ/mol)
           Bond            U-B    Proper Dih.  Improper Dih.          LJ-14
    1.16784e+04    5.70216e+04    4.05407e+04    3.82490e+02    8.08301e+03
     Coulomb-14        LJ (SR)   Coulomb (SR)   Coul. recip. Position Rest.
    1.80344e+04   -6.61183e+03   -4.28656e+05    8.99197e+02    4.47103e+02
     Dih. Rest.      Potential    Kinetic En.   Total Energy  Conserved En.
    3.41725e+02   -2.97839e+05    1.22788e+05   -1.75051e+05   -1.62626e+05
    Temperature Pressure (bar)   Constr. rmsd
    3.10121e+02    1.62113e+02    1.64830e-06

           Step           Time
          62000       62.00000

   Energies (kJ/mol)
           Bond            U-B    Proper Dih.  Improper Dih.          LJ-14
    1.13630e+04    5.72843e+04    4.01288e+04    3.46943e+02    8.03448e+03
     Coulomb-14        LJ (SR)   Coulomb (SR)   Coul. recip. Position Rest.
    1.82607e+04   -7.32625e+03   -4.28204e+05    9.21857e+02    4.50097e+02
     Dih. Rest.      Potential    Kinetic En.   Total Energy  Conserved En.
    3.29874e+02   -2.98410e+05    1.23622e+05   -1.74788e+05   -1.62607e+05
    Temperature Pressure (bar)   Constr. rmsd
    3.12229e+02   -3.26115e+02    1.61775e-06

           Step           Time
          63000       63.00000

   Energies (kJ/mol)
           Bond            U-B    Proper Dih.  Improper Dih.          LJ-14
    1.15303e+04    5.71596e+04    4.01451e+04    3.28684e+02    8.00119e+03
     Coulomb-14        LJ (SR)   Coulomb (SR)   Coul. recip. Position Rest.
    1.81402e+04   -5.95613e+03   -4.29973e+05    9.45088e+02    4.56597e+02
     Dih. Rest.      Potential    Kinetic En.   Total Energy  Conserved En.
    3.86904e+02   -2.98835e+05    1.22249e+05   -1.76587e+05   -1.62556e+05
    Temperature Pressure (bar)   Constr. rmsd
    3.08760e+02   -1.41926e+02    1.63484e-06

           Step           Time
          64000       64.00000

   Energies (kJ/mol)
           Bond            U-B    Proper Dih.  Improper Dih.          LJ-14
    1.11487e+04    5.72032e+04    4.04468e+04    2.95072e+02    8.10182e+03
     Coulomb-14        LJ (SR)   Coulomb (SR)   Coul. recip. Position Rest.
    1.81552e+04   -4.81417e+03   -4.30883e+05    9.01976e+02    4.62232e+02
     Dih. Rest.      Potential    Kinetic En.   Total Energy  Conserved En.
    3.75833e+02   -2.98607e+05    1.22550e+05   -1.76057e+05   -1.62556e+05
    Temperature Pressure (bar)   Constr. rmsd
    3.09520e+02    2.33414e+02    1.63019e-06

           Step           Time
          65000       65.00000

   Energies (kJ/mol)
           Bond            U-B    Proper Dih.  Improper Dih.          LJ-14
    1.10167e+04    5.68012e+04    4.04636e+04    3.15281e+02    7.90717e+03
     Coulomb-14        LJ (SR)   Coulomb (SR)   Coul. recip. Position Rest.
    1.86357e+04   -6.53760e+03   -4.29292e+05    9.08740e+02    4.25473e+02
     Dih. Rest.      Potential    Kinetic En.   Total Energy  Conserved En.
    3.61988e+02   -2.98994e+05    1.22366e+05   -1.76628e+05   -1.62561e+05
    Temperature Pressure (bar)   Constr. rmsd
    3.09055e+02    2.41223e+01    1.64163e-06

           Step           Time
          66000       66.00000

   Energies (kJ/mol)
           Bond            U-B    Proper Dih.  Improper Dih.          LJ-14
    1.11726e+04    5.64005e+04    4.01840e+04    3.53559e+02    8.08601e+03
     Coulomb-14        LJ (SR)   Coulomb (SR)   Coul. recip. Position Rest.
    1.85354e+04   -5.86474e+03   -4.30566e+05    9.04052e+02    4.64630e+02
     Dih. Rest.      Potential    Kinetic En.   Total Energy  Conserved En.
    3.31245e+02   -2.99999e+05    1.22246e+05   -1.77753e+05   -1.62595e+05
    Temperature Pressure (bar)   Constr. rmsd
    3.08752e+02    2.13047e+02    1.64970e-06

           Step           Time
          67000       67.00000

   Energies (kJ/mol)
           Bond            U-B    Proper Dih.  Improper Dih.          LJ-14
    1.10287e+04    5.67081e+04    3.98203e+04    3.71519e+02    8.04610e+03
     Coulomb-14        LJ (SR)   Coulomb (SR)   Coul. recip. Position Rest.
    1.86740e+04   -5.69447e+03   -4.30408e+05    9.09432e+02    4.66395e+02
     Dih. Rest.      Potential    Kinetic En.   Total Energy  Conserved En.
    3.67152e+02   -2.99711e+05    1.21042e+05   -1.78669e+05   -1.62554e+05
    Temperature Pressure (bar)   Constr. rmsd
    3.05712e+02   -2.93354e+01    1.64802e-06

           Step           Time
          68000       68.00000

   Energies (kJ/mol)
           Bond            U-B    Proper Dih.  Improper Dih.          LJ-14
    1.11784e+04    5.68312e+04    4.05212e+04    2.98457e+02    7.98131e+03
     Coulomb-14        LJ (SR)   Coulomb (SR)   Coul. recip. Position Rest.
    1.82413e+04   -6.34018e+03   -4.30385e+05    8.63722e+02    4.41207e+02
     Dih. Rest.      Potential    Kinetic En.   Total Energy  Conserved En.
    3.59671e+02   -3.00009e+05    1.22317e+05   -1.77692e+05   -1.62485e+05
    Temperature Pressure (bar)   Constr. rmsd
    3.08933e+02    2.08422e+02    1.66015e-06

           Step           Time
          69000       69.00000

   Energies (kJ/mol)
           Bond            U-B    Proper Dih.  Improper Dih.          LJ-14
    1.13903e+04    5.70412e+04    4.01812e+04    3.64677e+02    8.02291e+03
     Coulomb-14        LJ (SR)   Coulomb (SR)   Coul. recip. Position Rest.
    1.80591e+04   -6.93231e+03   -4.29805e+05    8.63831e+02    4.48683e+02
     Dih. Rest.      Potential    Kinetic En.   Total Energy  Conserved En.
    3.73280e+02   -2.99992e+05    1.22283e+05   -1.77709e+05   -1.62495e+05
    Temperature Pressure (bar)   Constr. rmsd
    3.08846e+02   -3.91983e+02    1.63175e-06

           Step           Time
          70000       70.00000

   Energies (kJ/mol)
           Bond            U-B    Proper Dih.  Improper Dih.          LJ-14
    1.10831e+04    5.62157e+04    4.04386e+04    3.30772e+02    8.01959e+03
     Coulomb-14        LJ (SR)   Coulomb (SR)   Coul. recip. Position Rest.
    1.83354e+04   -6.75511e+03   -4.30005e+05    8.99948e+02    3.95455e+02
     Dih. Rest.      Potential    Kinetic En.   Total Energy  Conserved En.
    3.39832e+02   -3.00701e+05    1.22071e+05   -1.78631e+05   -1.62387e+05
    Temperature Pressure (bar)   Constr. rmsd
    3.08310e+02   -1.17525e+02    1.64538e-06

           Step           Time
          71000       71.00000

   Energies (kJ/mol)
           Bond            U-B    Proper Dih.  Improper Dih.          LJ-14
    1.11098e+04    5.68347e+04    4.02094e+04    3.64916e+02    8.06360e+03
     Coulomb-14        LJ (SR)   Coulomb (SR)   Coul. recip. Position Rest.
    1.82186e+04   -6.33797e+03   -4.30142e+05    8.89087e+02    4.23675e+02
     Dih. Rest.      Potential    Kinetic En.   Total Energy  Conserved En.
    3.70240e+02   -2.99996e+05    1.22550e+05   -1.77446e+05   -1.62405e+05
    Temperature Pressure (bar)   Constr. rmsd
    3.09521e+02   -1.51187e+02    1.64803e-06

           Step           Time
          72000       72.00000

   Energies (kJ/mol)
           Bond            U-B    Proper Dih.  Improper Dih.          LJ-14
    1.14229e+04    5.66876e+04    4.01887e+04    3.60290e+02    8.01227e+03
     Coulomb-14        LJ (SR)   Coulomb (SR)   Coul. recip. Position Rest.
    1.82401e+04   -5.70320e+03   -4.30980e+05    8.96746e+02    4.57412e+02
     Dih. Rest.      Potential    Kinetic En.   Total Energy  Conserved En.
    3.45828e+02   -3.00071e+05    1.22530e+05   -1.77542e+05   -1.62398e+05
    Temperature Pressure (bar)   Constr. rmsd
    3.09469e+02   -2.82065e+02    1.63668e-06

           Step           Time
          73000       73.00000

   Energies (kJ/mol)
           Bond            U-B    Proper Dih.  Improper Dih.          LJ-14
    1.12320e+04    5.70652e+04    4.03703e+04    3.61314e+02    8.01017e+03
     Coulomb-14        LJ (SR)   Coulomb (SR)   Coul. recip. Position Rest.
    1.79159e+04   -6.46399e+03   -4.29346e+05    8.95942e+02    4.54809e+02
     Dih. Rest.      Potential    Kinetic En.   Total Energy  Conserved En.
    3.92757e+02   -2.99112e+05    1.23204e+05   -1.75907e+05   -1.62540e+05
    Temperature Pressure (bar)   Constr. rmsd
    3.11174e+02   -2.56538e+02    1.65173e-06

           Step           Time
          74000       74.00000

   Energies (kJ/mol)
           Bond            U-B    Proper Dih.  Improper Dih.          LJ-14
    1.10748e+04    5.69092e+04    4.04843e+04    3.86240e+02    8.18846e+03
     Coulomb-14        LJ (SR)   Coulomb (SR)   Coul. recip. Position Rest.
    1.82428e+04   -6.33150e+03   -4.30141e+05    8.43425e+02    4.31147e+02
     Dih. Rest.      Potential    Kinetic En.   Total Energy  Conserved En.
    3.84571e+02   -2.99528e+05    1.22418e+05   -1.77110e+05   -1.62623e+05
    Temperature Pressure (bar)   Constr. rmsd
    3.09188e+02    1.24479e+02    1.63937e-06

           Step           Time
          75000       75.00000

   Energies (kJ/mol)
           Bond            U-B    Proper Dih.  Improper Dih.          LJ-14
    1.12047e+04    5.70948e+04    4.04811e+04    3.77728e+02    8.15191e+03
     Coulomb-14        LJ (SR)   Coulomb (SR)   Coul. recip. Position Rest.
    1.83545e+04   -7.42671e+03   -4.28346e+05    8.70201e+02    4.41359e+02
     Dih. Rest.      Potential    Kinetic En.   Total Energy  Conserved En.
    3.61219e+02   -2.98436e+05    1.23035e+05   -1.75400e+05   -1.62647e+05
    Temperature Pressure (bar)   Constr. rmsd
    3.10747e+02   -4.95936e+01    1.64177e-06

           Step           Time
          76000       76.00000

   Energies (kJ/mol)
           Bond            U-B    Proper Dih.  Improper Dih.          LJ-14
    1.12052e+04    5.69660e+04    4.02338e+04    3.20106e+02    7.96526e+03
     Coulomb-14        LJ (SR)   Coulomb (SR)   Coul. recip. Position Rest.
    1.84733e+04   -6.52647e+03   -4.29610e+05    8.56827e+02    4.69776e+02
     Dih. Rest.      Potential    Kinetic En.   Total Energy  Conserved En.
    3.68153e+02   -2.99278e+05    1.23287e+05   -1.75991e+05   -1.62427e+05
    Temperature Pressure (bar)   Constr. rmsd
    3.11381e+02    1.11336e+02    1.66529e-06

           Step           Time
          77000       77.00000

   Energies (kJ/mol)
           Bond            U-B    Proper Dih.  Improper Dih.          LJ-14
    1.14121e+04    5.72209e+04    4.02947e+04    3.24825e+02    8.14192e+03
     Coulomb-14        LJ (SR)   Coulomb (SR)   Coul. recip. Position Rest.
    1.82838e+04   -6.16914e+03   -4.29452e+05    8.85753e+02    4.47159e+02
     Dih. Rest.      Potential    Kinetic En.   Total Energy  Conserved En.
    4.10231e+02   -2.98200e+05    1.23718e+05   -1.74482e+05   -1.62482e+05
    Temperature Pressure (bar)   Constr. rmsd
    3.12470e+02   -1.58683e+02    1.64285e-06

           Step           Time
          78000       78.00000

   Energies (kJ/mol)
           Bond            U-B    Proper Dih.  Improper Dih.          LJ-14
    1.13371e+04    5.68839e+04    4.01071e+04    3.01815e+02    8.10250e+03
     Coulomb-14        LJ (SR)   Coulomb (SR)   Coul. recip. Position Rest.
    1.85429e+04   -6.88254e+03   -4.28723e+05    9.28418e+02    4.50283e+02
     Dih. Rest.      Potential    Kinetic En.   Total Energy  Conserved En.
    3.49460e+02   -2.98602e+05    1.22967e+05   -1.75635e+05   -1.62457e+05
    Temperature Pressure (bar)   Constr. rmsd
    3.10573e+02   -2.74787e+02    1.64318e-06

           Step           Time
          79000       79.00000

   Energies (kJ/mol)
           Bond            U-B    Proper Dih.  Improper Dih.          LJ-14
    1.13528e+04    5.68391e+04    4.02421e+04    2.81341e+02    7.98292e+03
     Coulomb-14        LJ (SR)   Coulomb (SR)   Coul. recip. Position Rest.
    1.86773e+04   -6.70380e+03   -4.29915e+05    9.18938e+02    4.31274e+02
     Dih. Rest.      Potential    Kinetic En.   Total Energy  Conserved En.
    3.32328e+02   -2.99561e+05    1.23830e+05   -1.75731e+05   -1.62473e+05
    Temperature Pressure (bar)   Constr. rmsd
    3.12755e+02   -9.30691e+01    1.66056e-06

           Step           Time
          80000       80.00000

   Energies (kJ/mol)
           Bond            U-B    Proper Dih.  Improper Dih.          LJ-14
    1.15650e+04    5.72644e+04    4.02692e+04    2.89725e+02    8.00463e+03
     Coulomb-14        LJ (SR)   Coulomb (SR)   Coul. recip. Position Rest.
    1.79320e+04   -6.66822e+03   -4.28754e+05    8.44734e+02    4.56356e+02
     Dih. Rest.      Potential    Kinetic En.   Total Energy  Conserved En.
    3.77684e+02   -2.98418e+05    1.23390e+05   -1.75028e+05   -1.62364e+05
    Temperature Pressure (bar)   Constr. rmsd
    3.11643e+02   -2.45424e+02    1.63124e-06

           Step           Time
          81000       81.00000

   Energies (kJ/mol)
           Bond            U-B    Proper Dih.  Improper Dih.          LJ-14
    1.12168e+04    5.74015e+04    4.03382e+04    3.93145e+02    7.99413e+03
     Coulomb-14        LJ (SR)   Coulomb (SR)   Coul. recip. Position Rest.
    1.85267e+04   -7.52363e+03   -4.27669e+05    8.97500e+02    3.77755e+02
     Dih. Rest.      Potential    Kinetic En.   Total Energy  Conserved En.
    3.53215e+02   -2.97694e+05    1.22619e+05   -1.75075e+05   -1.62416e+05
    Temperature Pressure (bar)   Constr. rmsd
    3.09695e+02   -1.04925e+02    1.64505e-06

           Step           Time
          82000       82.00000

   Energies (kJ/mol)
           Bond            U-B    Proper Dih.  Improper Dih.          LJ-14
    1.14214e+04    5.74308e+04    4.02640e+04    3.46227e+02    8.08229e+03
     Coulomb-14        LJ (SR)   Coulomb (SR)   Coul. recip. Position Rest.
    1.81205e+04   -7.54928e+03   -4.28160e+05    9.06261e+02    3.96301e+02
     Dih. Rest.      Potential    Kinetic En.   Total Energy  Conserved En.
    4.02459e+02   -2.98339e+05    1.23136e+05   -1.75202e+05   -1.62380e+05
    Temperature Pressure (bar)   Constr. rmsd
    3.11001e+02   -1.67099e+02    1.65652e-06

           Step           Time
          83000       83.00000

   Energies (kJ/mol)
           Bond            U-B    Proper Dih.  Improper Dih.          LJ-14
    1.12134e+04    5.73209e+04    4.02994e+04    3.89192e+02    8.11560e+03
     Coulomb-14        LJ (SR)   Coulomb (SR)   Coul. recip. Position Rest.
    1.82923e+04   -6.61495e+03   -4.28754e+05    8.98939e+02    3.99322e+02
     Dih. Rest.      Potential    Kinetic En.   Total Energy  Conserved En.
    3.55696e+02   -2.98084e+05    1.22237e+05   -1.75847e+05   -1.62285e+05
    Temperature Pressure (bar)   Constr. rmsd
    3.08731e+02    1.52839e+02    1.62227e-06

           Step           Time
          84000       84.00000

   Energies (kJ/mol)
           Bond            U-B    Proper Dih.  Improper Dih.          LJ-14
    1.12252e+04    5.65849e+04    4.02795e+04    3.05524e+02    8.05667e+03
     Coulomb-14        LJ (SR)   Coulomb (SR)   Coul. recip. Position Rest.
    1.83499e+04   -6.73548e+03   -4.29581e+05    8.51155e+02    4.15880e+02
     Dih. Rest.      Potential    Kinetic En.   Total Energy  Conserved En.
    3.86047e+02   -2.99862e+05    1.23145e+05   -1.76718e+05   -1.62299e+05
    Temperature Pressure (bar)   Constr. rmsd
    3.11023e+02    1.96396e+02    1.64133e-06

           Step           Time
          85000       85.00000

   Energies (kJ/mol)
           Bond            U-B    Proper Dih.  Improper Dih.          LJ-14
    1.11997e+04    5.73783e+04    4.03398e+04    3.17699e+02    8.07104e+03
     Coulomb-14        LJ (SR)   Coulomb (SR)   Coul. recip. Position Rest.
    1.78669e+04   -7.56701e+03   -4.28067e+05    8.77212e+02    4.27183e+02
     Dih. Rest.      Potential    Kinetic En.   Total Energy  Conserved En.
    3.61065e+02   -2.98795e+05    1.22910e+05   -1.75886e+05   -1.62336e+05
    Temperature Pressure (bar)   Constr. rmsd
    3.10430e+02   -2.98929e+01    1.66648e-06

           Step           Time
          86000       86.00000

   Energies (kJ/mol)
           Bond            U-B    Proper Dih.  Improper Dih.          LJ-14
    1.11337e+04    5.70776e+04    4.03009e+04    3.45264e+02    8.02931e+03
     Coulomb-14        LJ (SR)   Coulomb (SR)   Coul. recip. Position Rest.
    1.82980e+04   -6.32133e+03   -4.28744e+05    8.82110e+02    3.92685e+02
     Dih. Rest.      Potential    Kinetic En.   Total Energy  Conserved En.
    3.68914e+02   -2.98237e+05    1.23318e+05   -1.74918e+05   -1.62487e+05
    Temperature Pressure (bar)   Constr. rmsd
    3.11462e+02    1.39741e+02    1.64828e-06

           Step           Time
          87000       87.00000

   Energies (kJ/mol)
           Bond            U-B    Proper Dih.  Improper Dih.          LJ-14
    1.10181e+04    5.69694e+04    4.01325e+04    3.53657e+02    8.33971e+03
     Coulomb-14        LJ (SR)   Coulomb (SR)   Coul. recip. Position Rest.
    1.81123e+04   -5.79304e+03   -4.28956e+05    9.48997e+02    4.29682e+02
     Dih. Rest.      Potential    Kinetic En.   Total Energy  Conserved En.
    3.75855e+02   -2.98069e+05    1.22760e+05   -1.75309e+05   -1.62615e+05
    Temperature Pressure (bar)   Constr. rmsd
    3.10051e+02    2.54229e+02    1.66227e-06

           Step           Time
          88000       88.00000

   Energies (kJ/mol)
           Bond            U-B    Proper Dih.  Improper Dih.          LJ-14
    1.12999e+04    5.73030e+04    4.05893e+04    3.35277e+02    8.04423e+03
     Coulomb-14        LJ (SR)   Coulomb (SR)   Coul. recip. Position Rest.
    1.80060e+04   -6.18527e+03   -4.28965e+05    9.25595e+02    3.66691e+02
     Dih. Rest.      Potential    Kinetic En.   Total Energy  Conserved En.
    3.85186e+02   -2.97895e+05    1.22420e+05   -1.75475e+05   -1.62605e+05
    Temperature Pressure (bar)   Constr. rmsd
    3.09193e+02   -2.09289e+02    1.64853e-06

           Step           Time
          89000       89.00000

   Energies (kJ/mol)
           Bond            U-B    Proper Dih.  Improper Dih.          LJ-14
    1.13266e+04    5.67718e+04    4.03711e+04    3.24138e+02    8.14799e+03
     Coulomb-14        LJ (SR)   Coulomb (SR)   Coul. recip. Position Rest.
    1.80862e+04   -5.83242e+03   -4.29477e+05    8.97924e+02    3.83031e+02
     Dih. Rest.      Potential    Kinetic En.   Total Energy  Conserved En.
    3.36598e+02   -2.98664e+05    1.23095e+05   -1.75569e+05   -1.62665e+05
    Temperature Pressure (bar)   Constr. rmsd
    3.10898e+02    1.70258e+01    1.66611e-06

           Step           Time
          90000       90.00000

   Energies (kJ/mol)
           Bond            U-B    Proper Dih.  Improper Dih.          LJ-14
    1.13661e+04    5.70069e+04    4.04410e+04    3.47933e+02    7.99645e+03
     Coulomb-14        LJ (SR)   Coulomb (SR)   Coul. recip. Position Rest.
    1.79763e+04   -5.98048e+03   -4.29618e+05    8.65809e+02    3.89517e+02
     Dih. Rest.      Potential    Kinetic En.   Total Energy  Conserved En.
    3.56654e+02   -2.98851e+05    1.21896e+05   -1.76956e+05   -1.62628e+05
    Temperature Pressure (bar)   Constr. rmsd
    3.07869e+02    1.08711e+02    1.65624e-06

           Step           Time
          91000       91.00000

   Energies (kJ/mol)
           Bond            U-B    Proper Dih.  Improper Dih.          LJ-14
    1.12645e+04    5.65301e+04    4.02796e+04    3.30894e+02    8.09664e+03
     Coulomb-14        LJ (SR)   Coulomb (SR)   Coul. recip. Position Rest.
    1.80304e+04   -5.55899e+03   -4.30209e+05    9.07338e+02    3.87844e+02
     Dih. Rest.      Potential    Kinetic En.   Total Energy  Conserved En.
    3.31465e+02   -2.99609e+05    1.23328e+05   -1.76281e+05   -1.62659e+05
    Temperature Pressure (bar)   Constr. rmsd
    3.11485e+02   -1.12714e+02    1.66221e-06

           Step           Time
          92000       92.00000

   Energies (kJ/mol)
           Bond            U-B    Proper Dih.  Improper Dih.          LJ-14
    1.12669e+04    5.67066e+04    4.04579e+04    3.38530e+02    7.99052e+03
     Coulomb-14        LJ (SR)   Coulomb (SR)   Coul. recip. Position Rest.
    1.73508e+04   -5.64522e+03   -4.29499e+05    8.89321e+02    3.96276e+02
     Dih. Rest.      Potential    Kinetic En.   Total Energy  Conserved En.
    4.25544e+02   -2.99322e+05    1.22825e+05   -1.76496e+05   -1.62700e+05
    Temperature Pressure (bar)   Constr. rmsd
    3.10216e+02    1.44539e+02    1.64763e-06

           Step           Time
          93000       93.00000

   Energies (kJ/mol)
           Bond            U-B    Proper Dih.  Improper Dih.          LJ-14
    1.11232e+04    5.60879e+04    4.04621e+04    3.41374e+02    8.09040e+03
     Coulomb-14        LJ (SR)   Coulomb (SR)   Coul. recip. Position Rest.
    1.81113e+04   -6.12519e+03   -4.29342e+05    8.84008e+02    3.70453e+02
     Dih. Rest.      Potential    Kinetic En.   Total Energy  Conserved En.
    3.65701e+02   -2.99631e+05    1.22139e+05   -1.77492e+05   -1.62656e+05
    Temperature Pressure (bar)   Constr. rmsd
    3.08482e+02    3.56412e+01    1.64078e-06

           Step           Time
          94000       94.00000

   Energies (kJ/mol)
           Bond            U-B    Proper Dih.  Improper Dih.          LJ-14
    1.11488e+04    5.62007e+04    4.02156e+04    2.86900e+02    8.27496e+03
     Coulomb-14        LJ (SR)   Coulomb (SR)   Coul. recip. Position Rest.
    1.84418e+04   -6.07319e+03   -4.30227e+05    9.20340e+02    4.01414e+02
     Dih. Rest.      Potential    Kinetic En.   Total Energy  Conserved En.
    3.35807e+02   -3.00074e+05    1.22066e+05   -1.78008e+05   -1.62517e+05
    Temperature Pressure (bar)   Constr. rmsd
    3.08298e+02    1.61372e+02    1.64075e-06

           Step           Time
          95000       95.00000

   Energies (kJ/mol)
           Bond            U-B    Proper Dih.  Improper Dih.          LJ-14
    1.13748e+04    5.67283e+04    4.03893e+04    3.47185e+02    8.03459e+03
     Coulomb-14        LJ (SR)   Coulomb (SR)   Coul. recip. Position Rest.
    1.80964e+04   -5.79888e+03   -4.29719e+05    8.64028e+02    3.92116e+02
     Dih. Rest.      Potential    Kinetic En.   Total Energy  Conserved En.
    3.55835e+02   -2.98935e+05    1.22482e+05   -1.76453e+05   -1.62598e+05
    Temperature Pressure (bar)   Constr. rmsd
    3.09348e+02   -1.29848e+02    1.67678e-06

           Step           Time
          96000       96.00000

   Energies (kJ/mol)
           Bond            U-B    Proper Dih.  Improper Dih.          LJ-14
    1.14695e+04    5.67235e+04    4.00453e+04    3.02211e+02    7.99837e+03
     Coulomb-14        LJ (SR)   Coulomb (SR)   Coul. recip. Position Rest.
    1.79538e+04   -7.53844e+03   -4.28552e+05    9.13411e+02    3.53909e+02
     Dih. Rest.      Potential    Kinetic En.   Total Energy  Conserved En.
    3.49902e+02   -2.99980e+05    1.22546e+05   -1.77434e+05   -1.62618e+05
    Temperature Pressure (bar)   Constr. rmsd
    3.09511e+02   -4.99768e+02    1.63050e-06

           Step           Time
          97000       97.00000

   Energies (kJ/mol)
           Bond            U-B    Proper Dih.  Improper Dih.          LJ-14
    1.13893e+04    5.70059e+04    4.00817e+04    3.84320e+02    7.93754e+03
     Coulomb-14        LJ (SR)   Coulomb (SR)   Coul. recip. Position Rest.
    1.79470e+04   -6.96602e+03   -4.29618e+05    8.93034e+02    3.78813e+02
     Dih. Rest.      Potential    Kinetic En.   Total Energy  Conserved En.
    3.45846e+02   -3.00220e+05    1.22635e+05   -1.77585e+05   -1.62491e+05
    Temperature Pressure (bar)   Constr. rmsd
    3.09736e+02   -5.33054e+02    1.64244e-06

           Step           Time
          98000       98.00000

   Energies (kJ/mol)
           Bond            U-B    Proper Dih.  Improper Dih.          LJ-14
    1.13786e+04    5.67362e+04    4.02900e+04    3.78421e+02    8.08055e+03
     Coulomb-14        LJ (SR)   Coulomb (SR)   Coul. recip. Position Rest.
    1.79334e+04   -7.02007e+03   -4.29410e+05    8.76430e+02    3.93741e+02
     Dih. Rest.      Potential    Kinetic En.   Total Energy  Conserved En.
    3.49442e+02   -3.00013e+05    1.22851e+05   -1.77162e+05   -1.62491e+05
    Temperature Pressure (bar)   Constr. rmsd
    3.10282e+02   -1.66693e+02    1.63527e-06

           Step           Time
          99000       99.00000

   Energies (kJ/mol)
           Bond            U-B    Proper Dih.  Improper Dih.          LJ-14
    1.12319e+04    5.66073e+04    4.02006e+04    3.51995e+02    7.95416e+03
     Coulomb-14        LJ (SR)   Coulomb (SR)   Coul. recip. Position Rest.
    1.80497e+04   -5.72035e+03   -4.30200e+05    8.91263e+02    3.42157e+02
     Dih. Rest.      Potential    Kinetic En.   Total Energy  Conserved En.
    3.37896e+02   -2.99954e+05    1.21945e+05   -1.78008e+05   -1.62264e+05
    Temperature Pressure (bar)   Constr. rmsd
    3.07994e+02   -1.08166e+02    1.65644e-06

           Step           Time
         100000      100.00000

   Energies (kJ/mol)
           Bond            U-B    Proper Dih.  Improper Dih.          LJ-14
    1.12171e+04    5.65156e+04    4.02666e+04    3.16810e+02    8.12522e+03
     Coulomb-14        LJ (SR)   Coulomb (SR)   Coul. recip. Position Rest.
    1.79921e+04   -6.24139e+03   -4.29248e+05    9.04165e+02    3.70729e+02
     Dih. Rest.      Potential    Kinetic En.   Total Energy  Conserved En.
    3.44445e+02   -2.99437e+05    1.23001e+05   -1.76435e+05   -1.62315e+05
    Temperature Pressure (bar)   Constr. rmsd
    3.10660e+02    4.14509e+01    1.65185e-06

           Step           Time
         101000      101.00000

   Energies (kJ/mol)
           Bond            U-B    Proper Dih.  Improper Dih.          LJ-14
    1.11759e+04    5.67392e+04    4.02538e+04    3.71389e+02    8.17891e+03
     Coulomb-14        LJ (SR)   Coulomb (SR)   Coul. recip. Position Rest.
    1.84981e+04   -6.14473e+03   -4.30669e+05    8.84688e+02    3.59104e+02
     Dih. Rest.      Potential    Kinetic En.   Total Energy  Conserved En.
    3.22302e+02   -3.00031e+05    1.22048e+05   -1.77983e+05   -1.62153e+05
    Temperature Pressure (bar)   Constr. rmsd
    3.08252e+02   -1.80338e+02    1.63996e-06

           Step           Time
         102000      102.00000

   Energies (kJ/mol)
           Bond            U-B    Proper Dih.  Improper Dih.          LJ-14
    1.13912e+04    5.67701e+04    4.02077e+04    3.53054e+02    8.04377e+03
     Coulomb-14        LJ (SR)   Coulomb (SR)   Coul. recip. Position Rest.
    1.80128e+04   -7.26542e+03   -4.29732e+05    9.16826e+02    3.57480e+02
     Dih. Rest.      Potential    Kinetic En.   Total Energy  Conserved En.
    3.44105e+02   -3.00601e+05    1.22225e+05   -1.78376e+05   -1.61982e+05
    Temperature Pressure (bar)   Constr. rmsd
    3.08700e+02   -2.54719e+01    1.63406e-06

           Step           Time
         103000      103.00000

   Energies (kJ/mol)
           Bond            U-B    Proper Dih.  Improper Dih.          LJ-14
    1.13502e+04    5.70027e+04    4.03210e+04    3.74095e+02    8.12255e+03
     Coulomb-14        LJ (SR)   Coulomb (SR)   Coul. recip. Position Rest.
    1.79826e+04   -6.50189e+03   -4.29378e+05    9.59956e+02    3.32403e+02
     Dih. Rest.      Potential    Kinetic En.   Total Energy  Conserved En.
    3.47855e+02   -2.99087e+05    1.22491e+05   -1.76596e+05   -1.61965e+05
    Temperature Pressure (bar)   Constr. rmsd
    3.09371e+02    1.62713e+02    1.64097e-06

           Step           Time
         104000      104.00000

   Energies (kJ/mol)
           Bond            U-B    Proper Dih.  Improper Dih.          LJ-14
    1.12616e+04    5.65632e+04    4.03888e+04    3.13202e+02    8.15146e+03
     Coulomb-14        LJ (SR)   Coulomb (SR)   Coul. recip. Position Rest.
    1.84771e+04   -5.72121e+03   -4.30602e+05    8.91968e+02    3.52496e+02
     Dih. Rest.      Potential    Kinetic En.   Total Energy  Conserved En.
    3.14982e+02   -2.99609e+05    1.21384e+05   -1.78225e+05   -1.61993e+05
    Temperature Pressure (bar)   Constr. rmsd
    3.06575e+02    2.54981e+02    1.63004e-06

           Step           Time
         105000      105.00000

   Energies (kJ/mol)
           Bond            U-B    Proper Dih.  Improper Dih.          LJ-14
    1.13989e+04    5.65759e+04    4.02151e+04    3.60995e+02    8.07198e+03
     Coulomb-14        LJ (SR)   Coulomb (SR)   Coul. recip. Position Rest.
    1.79047e+04   -6.76994e+03   -4.29196e+05    8.75440e+02    3.47451e+02
     Dih. Rest.      Potential    Kinetic En.   Total Energy  Conserved En.
    3.19003e+02   -2.99896e+05    1.22421e+05   -1.77475e+05   -1.62177e+05
    Temperature Pressure (bar)   Constr. rmsd
    3.09195e+02   -4.56268e+01    1.63940e-06

           Step           Time
         106000      106.00000

   Energies (kJ/mol)
           Bond            U-B    Proper Dih.  Improper Dih.          LJ-14
    1.16433e+04    5.63604e+04    4.03305e+04    3.41648e+02    8.13846e+03
     Coulomb-14        LJ (SR)   Coulomb (SR)   Coul. recip. Position Rest.
    1.81785e+04   -5.99898e+03   -4.29662e+05    8.56808e+02    3.69962e+02
     Dih. Rest.      Potential    Kinetic En.   Total Energy  Conserved En.
    3.65175e+02   -2.99076e+05    1.22468e+05   -1.76609e+05   -1.62283e+05
    Temperature Pressure (bar)   Constr. rmsd
    3.09313e+02   -1.55477e+02    1.65920e-06

           Step           Time
         107000      107.00000

   Energies (kJ/mol)
           Bond            U-B    Proper Dih.  Improper Dih.          LJ-14
    1.13234e+04    5.74135e+04    4.00444e+04    3.67423e+02    7.97512e+03
     Coulomb-14        LJ (SR)   Coulomb (SR)   Coul. recip. Position Rest.
    1.78380e+04   -6.79233e+03   -4.28444e+05    8.64545e+02    3.62934e+02
     Dih. Rest.      Potential    Kinetic En.   Total Energy  Conserved En.
    3.46917e+02   -2.98700e+05    1.23117e+05   -1.75583e+05   -1.62222e+05
    Temperature Pressure (bar)   Constr. rmsd
    3.10953e+02   -1.32064e+02    1.65875e-06

           Step           Time
         108000      108.00000

   Energies (kJ/mol)
           Bond            U-B    Proper Dih.  Improper Dih.          LJ-14
    1.12800e+04    5.73020e+04    4.03572e+04    3.28546e+02    7.98047e+03
     Coulomb-14        LJ (SR)   Coulomb (SR)   Coul. recip. Position Rest.
    1.81329e+04   -5.82188e+03   -4.29861e+05    9.13645e+02    3.79026e+02
     Dih. Rest.      Potential    Kinetic En.   Total Energy  Conserved En.
    4.12654e+02   -2.98596e+05    1.23335e+05   -1.75261e+05   -1.62142e+05
    Temperature Pressure (bar)   Constr. rmsd
    3.11504e+02    2.20097e+02    1.62843e-06

           Step           Time
         109000      109.00000

   Energies (kJ/mol)
           Bond            U-B    Proper Dih.  Improper Dih.          LJ-14
    1.12860e+04    5.73613e+04    4.04066e+04    3.89934e+02    8.13718e+03
     Coulomb-14        LJ (SR)   Coulomb (SR)   Coul. recip. Position Rest.
    1.82997e+04   -6.31845e+03   -4.29304e+05    8.82199e+02    3.73293e+02
     Dih. Rest.      Potential    Kinetic En.   Total Energy  Conserved En.
    4.01987e+02   -2.98084e+05    1.21340e+05   -1.76745e+05   -1.62284e+05
    Temperature Pressure (bar)   Constr. rmsd
    3.06464e+02   -1.55501e+00    1.66948e-06

           Step           Time
         110000      110.00000

   Energies (kJ/mol)
           Bond            U-B    Proper Dih.  Improper Dih.          LJ-14
    1.14244e+04    5.67973e+04    4.03142e+04    3.23432e+02    8.04731e+03
     Coulomb-14        LJ (SR)   Coulomb (SR)   Coul. recip. Position Rest.
    1.88110e+04   -6.01213e+03   -4.30037e+05    9.14890e+02    3.97602e+02
     Dih. Rest.      Potential    Kinetic En.   Total Energy  Conserved En.
    3.67506e+02   -2.98651e+05    1.21538e+05   -1.77113e+05   -1.62168e+05
    Temperature Pressure (bar)   Constr. rmsd
    3.06965e+02   -1.87782e+02    1.65163e-06

           Step           Time
         111000      111.00000

   Energies (kJ/mol)
           Bond            U-B    Proper Dih.  Improper Dih.          LJ-14
    1.09370e+04    5.67241e+04    4.02579e+04    3.37638e+02    8.04492e+03
     Coulomb-14        LJ (SR)   Coulomb (SR)   Coul. recip. Position Rest.
    1.80358e+04   -5.45213e+03   -4.30213e+05    8.88194e+02    3.90545e+02
     Dih. Rest.      Potential    Kinetic En.   Total Energy  Conserved En.
    3.68735e+02   -2.99681e+05    1.22596e+05   -1.77084e+05   -1.62053e+05
    Temperature Pressure (bar)   Constr. rmsd
    3.09638e+02    2.98441e+02    1.67299e-06

           Step           Time
         112000      112.00000

   Energies (kJ/mol)
           Bond            U-B    Proper Dih.  Improper Dih.          LJ-14
    1.11728e+04    5.70032e+04    4.02445e+04    3.47770e+02    8.08945e+03
     Coulomb-14        LJ (SR)   Coulomb (SR)   Coul. recip. Position Rest.
    1.84489e+04   -5.67475e+03   -4.30604e+05    8.78143e+02    3.76524e+02
     Dih. Rest.      Potential    Kinetic En.   Total Energy  Conserved En.
    3.54568e+02   -2.99363e+05    1.22349e+05   -1.77015e+05   -1.62236e+05
    Temperature Pressure (bar)   Constr. rmsd
    3.09012e+02    1.05333e+02    1.64359e-06

           Step           Time
         113000      113.00000

   Energies (kJ/mol)
           Bond            U-B    Proper Dih.  Improper Dih.          LJ-14
    1.10384e+04    5.63897e+04    4.05086e+04    3.89439e+02    8.21126e+03
     Coulomb-14        LJ (SR)   Coulomb (SR)   Coul. recip. Position Rest.
    1.82070e+04   -5.58683e+03   -4.31080e+05    8.71442e+02    3.87666e+02
     Dih. Rest.      Potential    Kinetic En.   Total Energy  Conserved En.
    3.65322e+02   -3.00298e+05    1.22519e+05   -1.77779e+05   -1.62049e+05
    Temperature Pressure (bar)   Constr. rmsd
    3.09443e+02    1.70272e+02    1.65041e-06

           Step           Time
         114000      114.00000

   Energies (kJ/mol)
           Bond            U-B    Proper Dih.  Improper Dih.          LJ-14
    1.14784e+04    5.65735e+04    4.03265e+04    3.89671e+02    7.97169e+03
     Coulomb-14        LJ (SR)   Coulomb (SR)   Coul. recip. Position Rest.
    1.82588e+04   -7.13436e+03   -4.28716e+05    8.71017e+02    3.91688e+02
     Dih. Rest.      Potential    Kinetic En.   Total Energy  Conserved En.
    3.97741e+02   -2.99191e+05    1.22657e+05   -1.76534e+05   -1.62133e+05
    Temperature Pressure (bar)   Constr. rmsd
    3.09791e+02   -2.34476e+02    1.66688e-06

           Step           Time
         115000      115.00000

   Energies (kJ/mol)
           Bond            U-B    Proper Dih.  Improper Dih.          LJ-14
    1.11559e+04    5.69005e+04    4.02990e+04    3.51324e+02    8.05391e+03
     Coulomb-14        LJ (SR)   Coulomb (SR)   Coul. recip. Position Rest.
    1.85384e+04   -5.77264e+03   -4.31086e+05    8.89803e+02    3.85315e+02
     Dih. Rest.      Potential    Kinetic En.   Total Energy  Conserved En.
    3.74422e+02   -2.99910e+05    1.22749e+05   -1.77161e+05   -1.61999e+05
    Temperature Pressure (bar)   Constr. rmsd
    3.10024e+02    2.93861e+02    1.65230e-06

           Step           Time
         116000      116.00000

   Energies (kJ/mol)
           Bond            U-B    Proper Dih.  Improper Dih.          LJ-14
    1.11168e+04    5.66573e+04    4.05120e+04    3.34208e+02    8.23038e+03
     Coulomb-14        LJ (SR)   Coulomb (SR)   Coul. recip. Position Rest.
    1.82891e+04   -6.05708e+03   -4.30476e+05    9.38426e+02    3.90503e+02
     Dih. Rest.      Potential    Kinetic En.   Total Energy  Conserved En.
    4.01028e+02   -2.99664e+05    1.22041e+05   -1.77623e+05   -1.62052e+05
    Temperature Pressure (bar)   Constr. rmsd
    3.08234e+02    3.37806e+02    1.65673e-06

           Step           Time
         117000      117.00000

   Energies (kJ/mol)
           Bond            U-B    Proper Dih.  Improper Dih.          LJ-14
    1.12198e+04    5.66588e+04    4.02937e+04    3.19920e+02    8.29584e+03
     Coulomb-14        LJ (SR)   Coulomb (SR)   Coul. recip. Position Rest.
    1.83553e+04   -6.32417e+03   -4.29566e+05    8.96408e+02    3.78897e+02
     Dih. Rest.      Potential    Kinetic En.   Total Energy  Conserved En.
    3.36566e+02   -2.99134e+05    1.22867e+05   -1.76268e+05   -1.62177e+05
    Temperature Pressure (bar)   Constr. rmsd
    3.10321e+02    2.35960e+02    1.64450e-06

           Step           Time
         118000      118.00000

   Energies (kJ/mol)
           Bond            U-B    Proper Dih.  Improper Dih.          LJ-14
    1.09884e+04    5.71158e+04    4.01687e+04    3.34784e+02    8.05765e+03
     Coulomb-14        LJ (SR)   Coulomb (SR)   Coul. recip. Position Rest.
    1.82304e+04   -6.33241e+03   -4.29271e+05    8.86267e+02    3.74126e+02
     Dih. Rest.      Potential    Kinetic En.   Total Energy  Conserved En.
    3.72790e+02   -2.99075e+05    1.22418e+05   -1.76657e+05   -1.62168e+05
    Temperature Pressure (bar)   Constr. rmsd
    3.09187e+02    2.82748e+02    1.64208e-06

           Step           Time
         119000      119.00000

   Energies (kJ/mol)
           Bond            U-B    Proper Dih.  Improper Dih.          LJ-14
    1.12699e+04    5.75349e+04    4.04120e+04    3.47446e+02    8.10365e+03
     Coulomb-14        LJ (SR)   Coulomb (SR)   Coul. recip. Position Rest.
    1.81230e+04   -6.56899e+03   -4.28530e+05    8.93018e+02    3.65753e+02
     Dih. Rest.      Potential    Kinetic En.   Total Energy  Conserved En.
    3.51323e+02   -2.97698e+05    1.23519e+05   -1.74179e+05   -1.61977e+05
    Temperature Pressure (bar)   Constr. rmsd
    3.11968e+02    3.51340e+02    1.65095e-06

           Step           Time
         120000      120.00000

   Energies (kJ/mol)
           Bond            U-B    Proper Dih.  Improper Dih.          LJ-14
    1.10882e+04    5.75327e+04    4.03848e+04    3.46211e+02    8.17969e+03
     Coulomb-14        LJ (SR)   Coulomb (SR)   Coul. recip. Position Rest.
    1.76459e+04   -6.88996e+03   -4.28263e+05    8.86523e+02    3.95529e+02
     Dih. Rest.      Potential    Kinetic En.   Total Energy  Conserved En.
    3.28958e+02   -2.98365e+05    1.23598e+05   -1.74766e+05   -1.61853e+05
    Temperature Pressure (bar)   Constr. rmsd
    3.12169e+02   -2.81808e+01    1.65600e-06

           Step           Time
         121000      121.00000

   Energies (kJ/mol)
           Bond            U-B    Proper Dih.  Improper Dih.          LJ-14
    1.11144e+04    5.66573e+04    4.01309e+04    3.68081e+02    7.96179e+03
     Coulomb-14        LJ (SR)   Coulomb (SR)   Coul. recip. Position Rest.
    1.78854e+04   -6.23426e+03   -4.30252e+05    9.08763e+02    3.56173e+02
     Dih. Rest.      Potential    Kinetic En.   Total Energy  Conserved En.
    3.60827e+02   -3.00743e+05    1.24223e+05   -1.76520e+05   -1.61948e+05
    Temperature Pressure (bar)   Constr. rmsd
    3.13746e+02   -3.34114e+01    1.64001e-06

           Step           Time
         122000      122.00000

   Energies (kJ/mol)
           Bond            U-B    Proper Dih.  Improper Dih.          LJ-14
    1.10170e+04    5.65743e+04    4.05657e+04    3.61548e+02    8.08610e+03
     Coulomb-14        LJ (SR)   Coulomb (SR)   Coul. recip. Position Rest.
    1.82552e+04   -5.42548e+03   -4.31635e+05    9.68463e+02    3.69138e+02
     Dih. Rest.      Potential    Kinetic En.   Total Energy  Conserved En.
    3.80305e+02   -3.00483e+05    1.22613e+05   -1.77870e+05   -1.61853e+05
    Temperature Pressure (bar)   Constr. rmsd
    3.09680e+02    1.34154e+02    1.66085e-06

           Step           Time
         123000      123.00000

   Energies (kJ/mol)
           Bond            U-B    Proper Dih.  Improper Dih.          LJ-14
    1.11047e+04    5.71012e+04    4.04916e+04    3.39070e+02    8.05334e+03
     Coulomb-14        LJ (SR)   Coulomb (SR)   Coul. recip. Position Rest.
    1.84774e+04   -6.52159e+03   -4.30041e+05    9.07690e+02    3.74977e+02
     Dih. Rest.      Potential    Kinetic En.   Total Energy  Conserved En.
    3.98233e+02   -2.99314e+05    1.20828e+05   -1.78486e+05   -1.61925e+05
    Temperature Pressure (bar)   Constr. rmsd
    3.05171e+02    1.72729e+02    1.63500e-06

           Step           Time
         124000      124.00000

   Energies (kJ/mol)
           Bond            U-B    Proper Dih.  Improper Dih.          LJ-14
    1.11335e+04    5.64677e+04    4.02078e+04    3.47928e+02    8.09460e+03
     Coulomb-14        LJ (SR)   Coulomb (SR)   Coul. recip. Position Rest.
    1.87421e+04   -5.79064e+03   -4.31372e+05    9.21292e+02    3.84426e+02
     Dih. Rest.      Potential    Kinetic En.   Total Energy  Conserved En.
    3.42873e+02   -3.00520e+05    1.21532e+05   -1.78988e+05   -1.61974e+05
    Temperature Pressure (bar)   Constr. rmsd
    3.06950e+02   -1.00247e+02    1.64700e-06

           Step           Time
         125000      125.00000

Writing checkpoint, step 125000 at Fri Nov  8 06:48:51 2024


   Energies (kJ/mol)
           Bond            U-B    Proper Dih.  Improper Dih.          LJ-14
    1.13074e+04    5.69920e+04    4.03315e+04    3.61717e+02    8.01280e+03
     Coulomb-14        LJ (SR)   Coulomb (SR)   Coul. recip. Position Rest.
    1.81577e+04   -7.06233e+03   -4.29697e+05    8.95381e+02    3.78837e+02
     Dih. Rest.      Potential    Kinetic En.   Total Energy  Conserved En.
    3.61258e+02   -2.99961e+05    1.21944e+05   -1.78017e+05   -1.61956e+05
    Temperature Pressure (bar)   Constr. rmsd
    3.07990e+02   -2.23379e+02    1.65528e-06


Energy conservation over simulation part #1 of length 125 ns, time 0 to 125 ns
  Conserved energy drift: 1.34e-03 kJ/mol/ps per atom


	<======  ###############  ==>
	<====  A V E R A G E S  ====>
	<==  ###############  ======>

	Statistics over 125001 steps using 1251 frames

   Energies (kJ/mol)
           Bond            U-B    Proper Dih.  Improper Dih.          LJ-14
    1.12722e+04    5.68492e+04    4.03466e+04    3.47726e+02    8.07836e+03
     Coulomb-14        LJ (SR)   Coulomb (SR)   Coul. recip. Position Rest.
    1.81845e+04   -6.07776e+03   -4.28608e+05    9.23515e+02    3.98209e+02
     Dih. Rest.      Potential    Kinetic En.   Total Energy  Conserved En.
    3.57045e+02   -2.97928e+05    1.22755e+05   -1.75174e+05   -1.63957e+05
    Temperature Pressure (bar)   Constr. rmsd
    3.10038e+02   -8.52299e+01    0.00000e+00

          Box-X          Box-Y          Box-Z
    7.19183e+00    7.19183e+00    8.21137e+00

   Total Virial (kJ/mol)
    4.07521e+04   -1.11478e+02   -2.24689e+02
   -1.11616e+02    4.10644e+04    7.37647e+01
   -2.24595e+02    7.39373e+01    4.43413e+04

   Pressure (bar)
   -4.24535e+01    5.18886e+00    4.67890e+00
    5.19959e+00   -6.91288e+01    8.80191e-01
    4.67138e+00    8.66526e-01   -1.44107e+02

         T-MEMB         T-SOLV
    3.10032e+02    3.10045e+02


       P P   -   P M E   L O A D   B A L A N C I N G

 PP/PME load balancing changed the cut-off and PME settings:
           particle-particle                    PME
            rcoulomb  rlist            grid      spacing   1/beta
   initial  1.200 nm  1.202 nm      64  64  72   0.118 nm  0.384 nm
   final    1.518 nm  1.520 nm      52  52  56   0.152 nm  0.486 nm
 cost-ratio           2.02             0.51
 (note that these numbers concern only part of the total PP and PME load)


	M E G A - F L O P S   A C C O U N T I N G

 NB=Group-cutoff nonbonded kernels    NxN=N-by-N cluster Verlet kernels
 RF=Reaction-Field  VdW=Van der Waals  QSTab=quadratic-spline table
 W3=SPC/TIP3p  W4=TIP4p (single or pairs)
 V&F=Potential and force  V=Potential only  F=Force only

 Computing:                               M-Number         M-Flops  % Flops
-----------------------------------------------------------------------------
 Pair Search distance check            7691.435488       69222.919     0.0
 NxN QSTab Elec. + LJ [F]          10161891.717120   538580261.007    97.7
 NxN QSTab Elec. + LJ [V&F]          102729.176768     8321063.318     1.5
 1,4 nonbonded interactions            7643.061144      687875.503     0.1
 Shift-X                                 54.050706         324.304     0.0
 Bonds                                 1102.008816       65018.520     0.0
 Propers                               9045.572364     2071436.071     0.4
 Impropers                               34.000272        7072.057     0.0
 Dihedral Restr.                         74.000592       14800.118     0.0
 Pos. Restr.                             24.000192        1200.010     0.0
 Virial                                 540.680751        9732.254     0.0
 Stop-CM                                 54.050706         540.507     0.0
 P-Coupling                             540.118206        3240.709     0.0
 Calc-Ekin                             1080.236412       29166.383     0.0
 Lincs                                 1692.513540      101550.812     0.0
 Lincs-Mat                            10860.086880       43440.348     0.0
 Constraint-V                          5989.047912       53901.431     0.0
 Constraint-Vir                         429.684372       10312.425     0.0
 Settle                                 868.006944      321162.569     0.1
 Urey-Bradley                          5380.043040      984547.876     0.2
-----------------------------------------------------------------------------
 Total                                               551375869.143   100.0
-----------------------------------------------------------------------------


     R E A L   C Y C L E   A N D   T I M E   A C C O U N T I N G

On 1 MPI rank, each using 42 OpenMP threads

 Computing:          Num   Num      Call    Wall time         Giga-Cycles
                     Ranks Threads  Count      (s)         total sum    %
-----------------------------------------------------------------------------
 Neighbor search        1   42       1251       4.203        396.438   1.5
 Launch GPU ops.        1   42     125001       8.335        786.170   2.9
 Force                  1   42     125001      65.981       6223.485  23.3
 Wait PME GPU gather    1   42     125001       6.574        620.106   2.3
 Reduce GPU PME F       1   42     125001      18.161       1713.012   6.4
 Wait GPU NB local                              6.829        644.107   2.4
 NB X/F buffer ops.     1   42     248751      48.475       4572.250  17.1
 Write traj.            1   42         26       0.156         14.684   0.1
 Update                 1   42     125001      40.821       3850.281  14.4
 Constraints            1   42     125001      42.949       4051.066  15.1
 Rest                                          41.231       3888.959  14.5
-----------------------------------------------------------------------------
 Total                                        283.714      26760.557 100.0
-----------------------------------------------------------------------------

               Core t (s)   Wall t (s)        (%)
       Time:    11915.986      283.714     4200.0
                 (ns/day)    (hour/ns)
Performance:       38.067        0.630
Finished mdrun on rank 0 Fri Nov  8 06:48:51 2024

