1
                 Chemistry at HARvard Macromolecular Mechanics
           (CHARMM) - Developmental Version 47a2   February 15, 2021            
                                Revision unknown                                
       Copyright(c) 1984-2020  President and Fellows of Harvard College
                              All Rights Reserved
             Current operating system: Linux-6.1.0-30-amd64(x86_64)             
                 Created on  2/18/25 at 10:58:04 by user: charmm-gui  

            Maximum number of ATOMS:    360720, and RESidues:      120240
 RDTITL> * GENERATED BY CHARMM-GUI (HTTP://WWW.CHARMM-GUI.ORG) V3.7 ON FEB, 18. 2025. JOBID=3989364611
 RDTITL> * TEST AND FIX CHOLESTEROL RING PENERTRATION
 RDTITL> *
  
 CHARMM>     
  
 CHARMM>    DIMENS CHSIZE 5000000 MAXRES 3000000
Size      Original         New
MAXA        360720     5000000
MAXB        360720     5000000
MAXT        721440    10000000
MAXP       1082160    15000000
MAXIMP      180360     2500000
MAXNB        90180     1250000
MAXPAD      360720     5000000
MAXRES      120240     3000000
MAXSEG       45090      625000
MAXATC        1400
MAXCB         3000
MAXCT        50000
MAXCP        50000
MAXCI         1200
MAXCH         6400
MAXCN       502503
MAXCRT      120240     1666666
  
 CHARMM>     
  
 CHARMM>    ! Read topology and parameter files
 CHARMM>    stream toppar.str
 VOPEN> Attempting to open::toppar.str::
 OPNLGU> Unit 99 opened for READONLY access to toppar.str

                    INPUT STREAM SWITCHING TO UNIT    99
 RDTITL> * GENERATED BY CHARMM-GUI (HTTP://WWW.CHARMM-GUI.ORG) V3.7 ON FEB, 18. 2025. JOBID=3989364611
 RDTITL> * STREAM FILE FOR TOPOLOGY AND PARAMETER READING
 RDTITL> *
 Parameter: IN1 <- "" <empty>
  
 CHARMM>     
  
 CHARMM>    ! protein topology and parameter
 CHARMM>    open read card unit 10 name toppar/top_all36_prot.rtf
 VOPEN> Attempting to open::toppar/top_all36_prot.rtf::
 OPNLGU> Unit 10 opened for READONLY access to toppar/top_all36_prot.rtf
  
 CHARMM>    read  rtf card unit 10
 MAINIO> Residue topology file being read from unit  10.
 TITLE> *>>>>>>>>CHARMM36 ALL-HYDROGEN TOPOLOGY FILE FOR PROTEINS <<<<<<
 TITLE> *>>>>> INCLUDES PHI, PSI CROSS TERM MAP (CMAP) CORRECTION <<<<<<<
 TITLE> *>>>>>>>>>>>>>>>>>>>>>>>>>> MAY 2011 <<<<<<<<<<<<<<<<<<<<<<<<<<<<
 TITLE> * ALL COMMENTS TO THE CHARMM WEB SITE: WWW.CHARMM.ORG
 TITLE> *             PARAMETER SET DISCUSSION FORUM
 TITLE> *
  
 CHARMM>     
  
 CHARMM>    open read card unit 20 name toppar/par_all36m_prot.prm
 VOPEN> Attempting to open::toppar/par_all36m_prot.prm::
 OPNLGU> Unit 20 opened for READONLY access to toppar/par_all36m_prot.prm
  
 CHARMM>    read para card unit 20 flex

          PARAMETER FILE BEING READ FROM UNIT 20
 TITLE> *>>>> CHARMM36 ALL-HYDROGEN PARAMETER FILE FOR PROTEINS <<<<<<<<<<
 TITLE> *>>>>> INCLUDES PHI, PSI CROSS TERM MAP (CMAP) CORRECTION <<<<<<<<
 TITLE> *>>>>>>>>>>>>>>>>>>>>>>>>>> JAN. 2016 <<<<<<<<<<<<<<<<<<<<<<<<<<<<
 TITLE> * ALL COMMENTS TO THE CHARMM WEB SITE: WWW.CHARMM.ORG
 TITLE> *             PARAMETER SET DISCUSSION FORUM
 TITLE> *
 PARMIO> NONBOND, HBOND lists and IMAGE atoms cleared.
  
 CHARMM>     
  
 CHARMM>    ! nucleic acids
 CHARMM>    open read card unit 10 name toppar/top_all36_na.rtf
 OPNLGU> Unit already open. The old file will be closed first.
 VCLOSE: Closing unit   10 with status "KEEP"
 VOPEN> Attempting to open::toppar/top_all36_na.rtf::
 OPNLGU> Unit 10 opened for READONLY access to toppar/top_all36_na.rtf
  
 CHARMM>    read  rtf card unit 10 append
 MAINIO> Residue topology file being read from unit  10.
 TITLE> *  \\\\ CHARMM36 ALL-HYDROGEN NUCLEIC ACID TOPOLOGY FILE ////
 TITLE> *   ALEXANDER D. MACKERELL JR. AND COWORKERS
 TITLE> *                      APRIL 2011
 TITLE> * ALL COMMENTS TO THE CHARMM WEB SITE: WWW.CHARMM.ORG
 TITLE> *           PARAMETER SET DISCUSSION FORUM
 TITLE> *
  
 CHARMM>     
  
 CHARMM>    open read card unit 20 name toppar/par_all36_na.prm
 OPNLGU> Unit already open. The old file will be closed first.
 VCLOSE: Closing unit   20 with status "KEEP"
 VOPEN> Attempting to open::toppar/par_all36_na.prm::
 OPNLGU> Unit 20 opened for READONLY access to toppar/par_all36_na.prm
  
 CHARMM>    read para card unit 20 append flex

          PARAMETER FILE BEING READ FROM UNIT 20
 TITLE> * \\\\ CHARMM36 ALL-HYDROGEN NUCLEIC ACID PARAMETER FILE ////
 TITLE> *         ALEXANDER D. MACKERELL JR. AND COWORKERS
 TITLE> *                        APRIL 2011
 TITLE> * ALL COMMENTS TO THE CHARMM WEB SITE: WWW.CHARMM.ORG PARAMETER
 TITLE> *                     SET DISCUSSION FORUM
 TITLE> *
 PARMIO> NONBOND, HBOND lists and IMAGE atoms cleared.
  
 CHARMM>     
  
 CHARMM>    ! carbohydrates
 CHARMM>    open read card unit 10 name toppar/top_all36_carb.rtf
 OPNLGU> Unit already open. The old file will be closed first.
 VCLOSE: Closing unit   10 with status "KEEP"
 VOPEN> Attempting to open::toppar/top_all36_carb.rtf::
 OPNLGU> Unit 10 opened for READONLY access to toppar/top_all36_carb.rtf
  
 CHARMM>    read  rtf card unit 10 append
 MAINIO> Residue topology file being read from unit  10.
 TITLE> * $ID: TOP_ALLXX_SUGAR.INP,V 1.106 2014/08/19 19:07:43 ALEX EXP $
 TITLE> *>>>>>>>>>>>> ALL-HYDROGEN TOPOLOGIES USED IN THE <<<<<<<<<<<<<<<<
 TITLE> *>>>>> DEVELOPMENT OF THE CHARMM CARBOHYDRATE  FORCE FIELD<<<<<<<<
 TITLE> *>>>>>>>>>>>>>>>>>>>>>>>>> JUNE 2009 <<<<<<<<<<<<<<<<<<<<<<<<<<<<<
 TITLE> *>>>>>>>> DIRECT COMMENTS TO ALEXANDER D. MACKERELL JR. <<<<<<<<<<
 TITLE> *>>>>>>>>>> VIA THE CHARMM WEB SITE: WWW.CHARMM.ORG <<<<<<<<<<<<<<
 TITLE> *>>>>>>>>>>>>>>> PARAMETER SET DISCUSSION FORUM <<<<<<<<<<<<<<<<<<
 TITLE> *
  
 CHARMM>     
  
 CHARMM>    open read card unit 20 name toppar/par_all36_carb.prm
 OPNLGU> Unit already open. The old file will be closed first.
 VCLOSE: Closing unit   20 with status "KEEP"
 VOPEN> Attempting to open::toppar/par_all36_carb.prm::
 OPNLGU> Unit 20 opened for READONLY access to toppar/par_all36_carb.prm
  
 CHARMM>    read para card unit 20 append flex

          PARAMETER FILE BEING READ FROM UNIT 20
 TITLE> * $ID: PAR_ALLXX_SUGAR.INP,V 1.132 2014/08/19 19:03:21 ALEX EXP $
 TITLE> *>>>>>>>>>>>> ALL-HYDROGEN PARAMETERS USED IN THE <<<<<<<<<<<<<<<<
 TITLE> *>>>>> DEVELOPMENT OF THE CHARMM CARBOHYDRATE  FORCE FIELD<<<<<<<<
 TITLE> *>>>>>>>>>>>>>>>>>>>>>>>>> JUNE 2009 <<<<<<<<<<<<<<<<<<<<<<<<<<<<<
 TITLE> *>>>>>>>> DIRECT COMMENTS TO ALEXANDER D. MACKERELL JR. <<<<<<<<<<
 TITLE> *>>>>>>>>>> VIA THE CHARMM WEB SITE: WWW.CHARMM.ORG <<<<<<<<<<<<<<
 TITLE> *>>>>>>>>>>>>>>> PARAMETER SET DISCUSSION FORUM <<<<<<<<<<<<<<<<<<
 TITLE> *
 PARMIO> NONBOND, HBOND lists and IMAGE atoms cleared.
  
 CHARMM>     
  
 CHARMM>    ! lipids
 CHARMM>    open read card unit 10 name toppar/top_all36_lipid.rtf
 OPNLGU> Unit already open. The old file will be closed first.
 VCLOSE: Closing unit   10 with status "KEEP"
 VOPEN> Attempting to open::toppar/top_all36_lipid.rtf::
 OPNLGU> Unit 10 opened for READONLY access to toppar/top_all36_lipid.rtf
  
 CHARMM>    read  rtf card unit 10 append
 MAINIO> Residue topology file being read from unit  10.
 TITLE> *  \\\\\\\ CHARMM36 ALL-HYDROGEN LIPID TOPOLOGY FILE ///////
 TITLE> *  ALL COMMENTS AND QUESTIONS SHOULD BE SUBMITTED TO THE
 TITLE> *  PARAMETER FORUM AT THE CHARMM WEBSITE: WWW.CHARMM.ORG
 TITLE> *
  
 CHARMM>     
  
 CHARMM>    open read card unit 20 name toppar/par_all36_lipid.prm
 OPNLGU> Unit already open. The old file will be closed first.
 VCLOSE: Closing unit   20 with status "KEEP"
 VOPEN> Attempting to open::toppar/par_all36_lipid.prm::
 OPNLGU> Unit 20 opened for READONLY access to toppar/par_all36_lipid.prm
  
 CHARMM>    read para card unit 20 append flex

          PARAMETER FILE BEING READ FROM UNIT 20
 TITLE> *  \\\\\\\ CHARMM36 ALL-HYDROGEN LIPID PARAMETER FILE ///////
 TITLE> *  ALL COMMENTS AND QUESTIONS SHOULD BE SUBMITTED TO THE
 TITLE> *  PARAMETER FORUM AT THE CHARMM WEBSITE: WWW.CHARMM.ORG
 TITLE> *
 PARMIO> NONBOND, HBOND lists and IMAGE atoms cleared.
  
 CHARMM>     
  
 CHARMM>    ! CGENFF
 CHARMM>    open read card unit 10 name toppar/top_all36_cgenff.rtf
 OPNLGU> Unit already open. The old file will be closed first.
 VCLOSE: Closing unit   10 with status "KEEP"
 VOPEN> Attempting to open::toppar/top_all36_cgenff.rtf::
 OPNLGU> Unit 10 opened for READONLY access to toppar/top_all36_cgenff.rtf
  
 CHARMM>    read  rtf card unit 10 append
 MAINIO> Residue topology file being read from unit  10.
 TITLE> *  --------------------------------------------------------------------------  *
 TITLE> *          CGENFF: TOPOLOGY FOR THE CHARMM GENERAL FORCE FIELD V. 4.6          *
 TITLE> *                    FOR SMALL MOLECULE DRUG DESIGN                            *
 TITLE> *  --------------------------------------------------------------------------  *
 TITLE> *

 DRUDES PARTICLES WILL BE GENERATED AUTOMATICALLY FOR ALL ATOMS WITH NON-ZERO ALPHA
 Thole-type dipole screening, Slater-Delta shape {S(u) = 1 - (1+u/2)*exp(-u)}, default radius =  1.300000
  
 CHARMM>     
  
 CHARMM>    open read card unit 20 name toppar/par_all36_cgenff.prm
 OPNLGU> Unit already open. The old file will be closed first.
 VCLOSE: Closing unit   20 with status "KEEP"
 VOPEN> Attempting to open::toppar/par_all36_cgenff.prm::
 OPNLGU> Unit 20 opened for READONLY access to toppar/par_all36_cgenff.prm
  
 CHARMM>    read para card unit 20 append flex

          PARAMETER FILE BEING READ FROM UNIT 20
 TITLE> *  --------------------------------------------------------------------------  *
 TITLE> *         CGENFF: PARAMETERS FOR THE CHARMM GENERAL FORCE FIELD V. 4.6         *
 TITLE> *                    FOR SMALL MOLECULE DRUG DESIGN                            *
 TITLE> *  --------------------------------------------------------------------------  *
 TITLE> *  2017/8: IF PROTEIN, NUCLEIC ACID AND CARBOHYDRATE TOPOLOGY AND PARAMETER FILES
 TITLE> *  ARE NOT READ PRIOR TO THE CGENFF FILES "WARNING: ATOMS IN NBFIX ' errors will
 TITLE> *  BE ENCOUNTERED.  THESE CAN BE PASSED BY SETTING BOMLEV ( -2) PRIOR TO READING
 TITLE> *  THIS FILE. IN ADDITION, WHEN GENERATING AROMATIC HALOGENS (CL, BR, I) WITH
 TITLE> *  PRE C41B/C42A VERSIONS OF CHARMM "MISSING PARAMETER" ERRORS WILL BE
 TITLE> *  ENCOUNTERED THAT ALSO REQUIRE SETTING BOMLEV ( -2).
 TITLE> *
 PARMIO> NONBOND, HBOND lists and IMAGE atoms cleared.
  
 CHARMM>     
  
 CHARMM>    ! Phosphates and Sulfates
 CHARMM>    stream toppar/toppar_all36_moreions.str
 VOPEN> Attempting to open::toppar/toppar_all36_moreions.str::
 OPNLGU> Unit 98 opened for READONLY access to toppar/toppar_all36_moreions.str

                    INPUT STREAM SWITCHING TO UNIT    98
 RDTITL> * ADDITIONAL IONS GENERATED USING CGENFF
 RDTITL> *
 Parameter: IN1 <- "" <empty>
  
 CHARMM>     
  
 CHARMM>    set nat ?NATC
 RDCMND substituted energy or value "?NATC" to "345"
 Parameter: NAT <- "345"
  
 CHARMM>    set app
 Parameter: APP <- "" <empty>
  
 CHARMM>     
  
 CHARMM>    if "@NAT" ne "?NATC" if @nat ne 0 set app append
 Parameter: NAT -> "345"
 Parameter: NAT -> "345"
 RDCMND: can not substitute energy "?NATC""
 Comparing ""345"" and ""?NATC"".
 IF test evaluated as true.  Performing command
 Comparing "345" and "0".
 IF test evaluated as true.  Performing command
 Parameter: APP <- "APPEND"
  
 CHARMM>     
  
 CHARMM>    read rtf card @app
 Parameter: APP -> "APPEND"
 MAINIO> Residue topology file being read from unit  98.
 RDTITL> * TOPOLOGIES GENERATED BY
 RDTITL> * CHARMM GENERAL FORCE FIELD (CGENFF) PROGRAM VERSION 2.4.0
 RDTITL> *
  
 CHARMM>     
  
 CHARMM>    read para card flex @app
 Parameter: APP -> "APPEND"

          PARAMETER FILE BEING READ FROM UNIT 98
 RDTITL> * PARAMETERS GENERATED BY ANALOGY BY
 RDTITL> * CHARMM GENERAL FORCE FIELD (CGENFF) PROGRAM VERSION 2.4.0
 RDTITL> *
 PARMIO> NONBOND, HBOND lists and IMAGE atoms cleared.
  
 CHARMM>     
  
 VCLOSE: Closing unit   98 with status "KEEP"

                    RETURNING TO INPUT STREAM    99
  
 CHARMM>     
  
 CHARMM>    ! Interface FF
 CHARMM>    open read card unit 10 name toppar/top_interface.rtf
 OPNLGU> Unit already open. The old file will be closed first.
 VCLOSE: Closing unit   10 with status "KEEP"
 VOPEN> Attempting to open::toppar/top_interface.rtf::
 OPNLGU> Unit 10 opened for READONLY access to toppar/top_interface.rtf
  
 CHARMM>    read  rtf card unit 10 append
 MAINIO> Residue topology file being read from unit  10.
 TITLE> * INTERFACE FF
 TITLE> * TOPOLOGY FOR NANOMATERIALS
 TITLE> *
*** WARNING **** residue TSHO already exists (old one deleted)

      ***** LEVEL  1 WARNING FROM <RTFRDR> *****
      ***** Residue already exists.
      ******************************************
      BOMLEV (  0) IS NOT REACHED. WRNLEV IS  5

          PRES TSHO17      -1.050
*** WARNING **** residue TSHO already exists (old one deleted)

      ***** LEVEL  1 WARNING FROM <RTFRDR> *****
      ***** Residue already exists.
      ******************************************
      BOMLEV (  0) IS NOT REACHED. WRNLEV IS  5

          PRES TSHO21      -1.050
 There were   2 warning(s) from RTFRDR.
  
 CHARMM>     
  
 CHARMM>    open read card unit 10 name toppar/par_interface.prm
 OPNLGU> Unit already open. The old file will be closed first.
 VCLOSE: Closing unit   10 with status "KEEP"
 VOPEN> Attempting to open::toppar/par_interface.prm::
 OPNLGU> Unit 10 opened for READONLY access to toppar/par_interface.prm
  
 CHARMM>    read para card unit 10 append flex

          PARAMETER FILE BEING READ FROM UNIT 10
 TITLE> * INTERFACE FF
 TITLE> * TOPOLOGY AND PARAMETER FOR CALY MINERALS, CEMENT MINERALS
 TITLE> *
 PARRDR> Error: Repeated DIHE parameter ( 10947): HGR6  ICG1  ICG1  ICGE is replaced
 PARMIO> NONBOND, HBOND lists and IMAGE atoms cleared.
  
 CHARMM>     
  
 CHARMM>    stream toppar/toppar_all36_nano_lig.str
 VOPEN> Attempting to open::toppar/toppar_all36_nano_lig.str::
 OPNLGU> Unit 98 opened for READONLY access to toppar/toppar_all36_nano_lig.str

                    INPUT STREAM SWITCHING TO UNIT    98
 RDTITL> READ RTF CARD APPEND
 RDTITL> No title read.
 Parameter: IN1 <- "" <empty>
  
 CHARMM>    read rtf card append
 MAINIO> Residue topology file being read from unit  98.
 RDTITL> * TOPOLOGY FOR NANO-LIGAND
 RDTITL> *
  
 CHARMM>     
  
 CHARMM>    read param card flex append

          PARAMETER FILE BEING READ FROM UNIT 98
 RDTITL> * SYNTHETIC POLYMER PARAMETER
 RDTITL> *
 PARMIO> NONBOND, HBOND lists and IMAGE atoms cleared.
  
 CHARMM>    RETURN
 VCLOSE: Closing unit   98 with status "KEEP"

                    RETURNING TO INPUT STREAM    99
  
 CHARMM>    stream toppar/toppar_all36_nano_lig_patch.str
 VOPEN> Attempting to open::toppar/toppar_all36_nano_lig_patch.str::
 OPNLGU> Unit 98 opened for READONLY access to toppar/toppar_all36_nano_lig_patch.str

                    INPUT STREAM SWITCHING TO UNIT    98
 RDTITL> READ RTF CARD APPEND
 RDTITL> No title read.
 Parameter: IN1 <- "" <empty>
  
 CHARMM>    read rtf card append
 MAINIO> Residue topology file being read from unit  98.
 RDTITL> * TOPOLOGY FOR SYNTHETIC_POLYMER
 RDTITL> *
  
 CHARMM>    RETURN
 VCLOSE: Closing unit   98 with status "KEEP"

                    RETURNING TO INPUT STREAM    99
  
 CHARMM>     
  
 CHARMM>    ! Additional topologies and parameters for synthetic polymer
 CHARMM>    stream toppar/toppar_all36_synthetic_polymer.str
 VOPEN> Attempting to open::toppar/toppar_all36_synthetic_polymer.str::
 OPNLGU> Unit 98 opened for READONLY access to toppar/toppar_all36_synthetic_polymer.str

                    INPUT STREAM SWITCHING TO UNIT    98
 RDTITL> READ RTF CARD APPEND
 RDTITL> No title read.
 Parameter: IN1 <- "" <empty>
  
 CHARMM>    read rtf card append
 MAINIO> Residue topology file being read from unit  98.
 RDTITL> * TOPOLOGY FOR SYNTHETIC_POLYMER
 RDTITL> *
  
 CHARMM>     
  
 CHARMM>    read param card flex append

          PARAMETER FILE BEING READ FROM UNIT 98
 RDTITL> * SYNTHETIC POLYMER PARAMETER
 RDTITL> *
 PARMIO> NONBOND, HBOND lists and IMAGE atoms cleared.
  
 CHARMM>    RETURN
 VCLOSE: Closing unit   98 with status "KEEP"

                    RETURNING TO INPUT STREAM    99
  
 CHARMM>    stream toppar/toppar_all36_synthetic_polymer_patch.str
 VOPEN> Attempting to open::toppar/toppar_all36_synthetic_polymer_patch.str::
 OPNLGU> Unit 98 opened for READONLY access to toppar/toppar_all36_synthetic_polymer_patch.str

                    INPUT STREAM SWITCHING TO UNIT    98
 RDTITL> READ RTF CARD APPEND
 RDTITL> No title read.
 Parameter: IN1 <- "" <empty>
  
 CHARMM>    read rtf card append
 MAINIO> Residue topology file being read from unit  98.
 RDTITL> * TOPOLOGY FOR SYNTHETIC_POLYMER
 RDTITL> *
  
 CHARMM>     
  
 CHARMM>    return
 VCLOSE: Closing unit   98 with status "KEEP"

                    RETURNING TO INPUT STREAM    99
  
 CHARMM>    stream toppar/toppar_all36_polymer_solvent.str
 VOPEN> Attempting to open::toppar/toppar_all36_polymer_solvent.str::
 OPNLGU> Unit 98 opened for READONLY access to toppar/toppar_all36_polymer_solvent.str

                    INPUT STREAM SWITCHING TO UNIT    98
 RDTITL> READ RTF CARD APPEND
 RDTITL> No title read.
 Parameter: IN1 <- "" <empty>
  
 CHARMM>    read rtf card append
 MAINIO> Residue topology file being read from unit  98.
 RDTITL> * TOPOLOGY FOR SYNTHETIC_POLYMER
 RDTITL> *
  
 CHARMM>    read param card flex append

          PARAMETER FILE BEING READ FROM UNIT 98
 RDTITL> * SYNTHETIC POLYMER PARAMETER
 RDTITL> *
 PARMIO> NONBOND, HBOND lists and IMAGE atoms cleared.
  
 CHARMM>     
  
 CHARMM>    RETURN
 VCLOSE: Closing unit   98 with status "KEEP"

                    RETURNING TO INPUT STREAM    99
  
 CHARMM>     
  
 CHARMM>    ! Additional topologies and parameters for water and ions
 CHARMM>    stream toppar/toppar_water_ions.str
 VOPEN> Attempting to open::toppar/toppar_water_ions.str::
 OPNLGU> Unit 98 opened for READONLY access to toppar/toppar_water_ions.str

                    INPUT STREAM SWITCHING TO UNIT    98
 RDTITL> * TOPLOGY AND PARAMETER INFORMATION FOR WATER AND IONS.
 RDTITL> *
 Parameter: IN1 <- "" <empty>
  
 CHARMM>     
  
 CHARMM>    !Testcase
 CHARMM>    !test_water_ions.inp
 CHARMM>     
  
 CHARMM>    ! IMPORTANT NOTE: this file contains NBFixes between carboxylates and sodium,
 CHARMM>    ! which will only apply if the main files containing carboxylate atom types
 CHARMM>    ! have been read in first!
 CHARMM>     
  
 CHARMM>    !references
 CHARMM>    !
 CHARMM>    !TIP3P water model
 CHARMM>    !
 CHARMM>    !W.L. Jorgensen; J.Chandrasekhar; J.D. Madura; R.W. Impey;
 CHARMM>    !M.L. Klein; "Comparison of simple potential functions for
 CHARMM>    !simulating liquid water", J. Chem. Phys. 79 926-935 (1983).
 CHARMM>    !
 CHARMM>    !IONS
 CHARMM>    !
 CHARMM>    !Ions from Roux and coworkers
 CHARMM>    !
 CHARMM>    !Beglov, D. and Roux, B., Finite Representation of an Infinite
 CHARMM>    !Bulk System: Solvent Boundary Potential for Computer Simulations,
 CHARMM>    !Journal of Chemical Physics, 1994, 100: 9050-9063
 CHARMM>    !
 CHARMM>    !ZINC
 CHARMM>    !
 CHARMM>    !Stote, R.H. and Karplus, M. Zinc Binding in Proteins and
 CHARMM>    !Solution: A Simple but Accurate Nonbonded Representation, PROTEINS:
 CHARMM>    !Structure, Function, and Genetics 23:12-31 (1995)
 CHARMM>     
  
 CHARMM>    !test "append" to determine if previous toppar files have been read and
 CHARMM>    !add append to "read rtf card" if true
 CHARMM>    set nat ?NATC
 RDCMND substituted energy or value "?NATC" to "468"
 Parameter: NAT <- "468"
  
 CHARMM>    set app
 Parameter: APP <- "" <empty>
  
 CHARMM>    !We're exploiting what is arguably a bug in the parser. On the left hand side,
 CHARMM>    !the quotes have priority, so NAT is correctly substituted. On the right hand
 CHARMM>    !side, the ? has priority and NATC" (sic) is not a valid substitution...
 CHARMM>    if "@NAT" ne "?NATC" if @nat ne 0 set app append
 Parameter: NAT -> "468"
 Parameter: NAT -> "468"
 RDCMND: can not substitute energy "?NATC""
 Comparing ""468"" and ""?NATC"".
 IF test evaluated as true.  Performing command
 Comparing "468" and "0".
 IF test evaluated as true.  Performing command
 Parameter: APP <- "APPEND"
  
 CHARMM>     
  
 CHARMM>    read rtf card @app
 Parameter: APP -> "APPEND"
 MAINIO> Residue topology file being read from unit  98.
 RDTITL> * TOPOLOGY FOR WATER AND IONS
 RDTITL> *
  
 CHARMM>     
  
 CHARMM>    read para card flex @app
 Parameter: APP -> "APPEND"

          PARAMETER FILE BEING READ FROM UNIT 98
 RDTITL> * PARAMETERS FOR WATER AND IONS
 RDTITL> *
 PARMIO> NONBOND, HBOND lists and IMAGE atoms cleared.
  
 CHARMM>     
  
 CHARMM>    ! The following section contains NBFixes for sodium interacting with
 CHARMM>    ! carboxylate oxygens of various CHARMM force fields. It will generate
 CHARMM>    ! level -1 warnings whenever any of these force fields have not been
 CHARMM>    ! read prior to the current stream file. Since we don't want to force
 CHARMM>    ! the user to always read all the force fields, we're suppressing the
 CHARMM>    ! warnings. The only side effect is that you will have "most severe
 CHARMM>    ! warning was at level 0" at the end of your output. Also note that
 CHARMM>    ! the user is responsible for reading the current file last if they
 CHARMM>    ! want the NBFixes to apply. A more elegant solution would require new
 CHARMM>    ! features to be added to CHARMM.
 CHARMM>    ! parallel fix, to avoid duplicated messages in the log
 CHARMM>    set para
 Parameter: PARA <- "" <empty>
  
 CHARMM>    if ?NUMNODE gt 1 set para node 0
 RDCMND substituted energy or value "?NUMNODE" to "1"
 Comparing "1" and "1".
 IF test evaluated as false.  Skipping command
  
 CHARMM>     
  
 CHARMM>    set wrn ?WRNLEV
 RDCMND substituted energy or value "?WRNLEV" to "5"
 Parameter: WRN <- "5"
  
 CHARMM>    ! Some versions of CHARMM don't seem to initialize wrnlev...
 CHARMM>    if "@WRN" eq "?WRNLEV" set wrn 5
 Parameter: WRN -> "5"
 RDCMND: can not substitute energy "?WRNLEV""
 Comparing ""5"" and ""?WRNLEV"".
 IF test evaluated as false.  Skipping command
  
 CHARMM>    set bom ?bomlev
 RDCMND substituted energy or value "?BOMLEV" to "0"
 Parameter: BOM <- "0"
  
 CHARMM>    WRNLEV -1 @PARA
 Parameter: PARA -> "" <empty>
  
 CHARMM>    BOMLEV -1 @PARA
 Parameter: PARA -> "" <empty>
  
 CHARMM>    read para card flex append

          PARAMETER FILE BEING READ FROM UNIT 98
 RDTITL> * NBFIX BETWEEN CARBOXYLATE AND SODIUM
 RDTITL> *
 PARMIO> NONBOND, HBOND lists and IMAGE atoms cleared.
  
 CHARMM>    BOMLEV @bom @PARA
 Parameter: BOM -> "0"
 Parameter: PARA -> "" <empty>
  
 CHARMM>    WRNLEV @wrn @PARA
 Parameter: WRN -> "5"
 Parameter: PARA -> "" <empty>
  
 CHARMM>     
  
 CHARMM>    return
 VCLOSE: Closing unit   98 with status "KEEP"

                    RETURNING TO INPUT STREAM    99
  
 CHARMM>    stream toppar/toppar_dum_noble_gases.str
 VOPEN> Attempting to open::toppar/toppar_dum_noble_gases.str::
 OPNLGU> Unit 98 opened for READONLY access to toppar/toppar_dum_noble_gases.str

                    INPUT STREAM SWITCHING TO UNIT    98
 RDTITL> * TOPLOGY AND PARAMETER INFORMATION FOR HELIUM, NEON AND A DUMMY ATOM.
 RDTITL> *
 Parameter: IN1 <- "" <empty>
  
 CHARMM>     
  
 CHARMM>    !Testcase
 CHARMM>    !test_dum_nobel_gases.inp
 CHARMM>     
  
 CHARMM>    !test "append" to determine if previous	toppar files have been read and
 CHARMM>    !add append to "read rtf card" if true
 CHARMM>    set nat ?NATC
 RDCMND substituted energy or value "?NATC" to "485"
 Parameter: NAT <- "485"
  
 CHARMM>    set app
 Parameter: APP <- "" <empty>
  
 CHARMM>    !We're exploiting what is arguably a bug in the parser. On the left hand side,
 CHARMM>    !the quotes have proirity, so NAT is correctly substituted. On the right hand
 CHARMM>    !side, the ? has priority and NATC" (sic) is not a valid substitution...
 CHARMM>    if "@NAT" ne "?NATC" if @nat ne 0 set app append
 Parameter: NAT -> "485"
 Parameter: NAT -> "485"
 RDCMND: can not substitute energy "?NATC""
 Comparing ""485"" and ""?NATC"".
 IF test evaluated as true.  Performing command
 Comparing "485" and "0".
 IF test evaluated as true.  Performing command
 Parameter: APP <- "APPEND"
  
 CHARMM>     
  
 CHARMM>    read rtf card @app
 Parameter: APP -> "APPEND"
 MAINIO> Residue topology file being read from unit  98.
 RDTITL> * TOPOLOGY FOR HELIUM, NEON AND A DUMMY ATOM.
 RDTITL> *
  
 CHARMM>     
  
 CHARMM>    read para card flex @app
 Parameter: APP -> "APPEND"

          PARAMETER FILE BEING READ FROM UNIT 98
 RDTITL> * PARAMETERS FOR HELIUM, NEON AND A DUMMY ATOM.
 RDTITL> *
 PARMIO> NONBOND, HBOND lists and IMAGE atoms cleared.
  
 CHARMM>     
  
 CHARMM>    return
 VCLOSE: Closing unit   98 with status "KEEP"

                    RETURNING TO INPUT STREAM    99
  
 CHARMM>    stream toppar/toppar_ions_won.str
 VOPEN> Attempting to open::toppar/toppar_ions_won.str::
 OPNLGU> Unit 98 opened for READONLY access to toppar/toppar_ions_won.str

                    INPUT STREAM SWITCHING TO UNIT    98
 RDTITL> * TOP_IONS_WON.STR: GENERAL MODEL FOR MONO-, DI-, AND TRIVALENT CATIONS
 RDTITL> *
 Parameter: IN1 <- "" <empty>
  
 CHARMM>     
  
 CHARMM>    !This is a comprehensive set of ions developed using stochastic boundary
 CHARMM>    !conditions. It is strongly recommended that ion parameters in
 CHARMM>    !toppar_water_ions.str be used if available, as they are more highly
 CHARMM>    !optimized.  Accordingly, those ions have been commented in this
 CHARMM>    !file.
 CHARMM>    !
 CHARMM>    !reference
 CHARMM>    !Won, Y., "Force Field for Monovalent, Divalent, and Trivalent Cations
 CHARMM>    !Developed under the Solvent Boundary Potential," Journal of Physical
 CHARMM>    !Chemistry A., 116: 11763-11767, 2012.
 CHARMM>     
  
 CHARMM>     
  
 CHARMM>    !test "append" to determine if previous toppar files have been read and
 CHARMM>    !add append to "read rtf card" if true
 CHARMM>    set nat ?NATC
 RDCMND substituted energy or value "?NATC" to "488"
 Parameter: NAT <- "488"
  
 CHARMM>    set app
 Parameter: APP <- "" <empty>
  
 CHARMM>    !We're exploiting what is arguably a bug in the parser. On the left hand side,
 CHARMM>    !the quotes have priority, so NAT is correctly substituted. On the right hand
 CHARMM>    !side, the ? has priority and NATC" (sic) is not a valid substitution...
 CHARMM>    if "@NAT" ne "?NATC" if @nat ne 0 set app append
 Parameter: NAT -> "488"
 Parameter: NAT -> "488"
 RDCMND: can not substitute energy "?NATC""
 Comparing ""488"" and ""?NATC"".
 IF test evaluated as true.  Performing command
 Comparing "488" and "0".
 IF test evaluated as true.  Performing command
 Parameter: APP <- "APPEND"
  
 CHARMM>     
  
 CHARMM>    read rtf card @app
 Parameter: APP -> "APPEND"
 MAINIO> Residue topology file being read from unit  98.
 RDTITL> * TOPOLOGY FOR WATER AND IONS
 RDTITL> *
  
 CHARMM>     
  
 CHARMM>    read para card flex @app
 Parameter: APP -> "APPEND"

          PARAMETER FILE BEING READ FROM UNIT 98
 RDTITL> * PAR_CATION.PRM FOR MONO-, DI-, AND TRIVALENT CATIONS
 RDTITL> *
 PARMIO> NONBOND, HBOND lists and IMAGE atoms cleared.
  
 VCLOSE: Closing unit   98 with status "KEEP"

                    RETURNING TO INPUT STREAM    99
  
 CHARMM>    stream toppar/cam.str
 VOPEN> Attempting to open::toppar/cam.str::
 OPNLGU> Unit 98 opened for READONLY access to toppar/cam.str

                    INPUT STREAM SWITCHING TO UNIT    98
 RDTITL> READ RTF CARD APPEND
 RDTITL> No title read.
 Parameter: IN1 <- "" <empty>
  
 CHARMM>    read rtf card append
 MAINIO> Residue topology file being read from unit  98.
 RDTITL> * TOPOLOGY GENERATED BY PARMED
 RDTITL> *

      ***** LEVEL  1 WARNING FROM <rtfrdr> *****
      ***** No AUTOgen defaults specified in appended RTF. Potential conflict with prior RTF autogen options. Check.
      ******************************************
      BOMLEV (  0) IS NOT REACHED. WRNLEV IS  5

  
 CHARMM>     
  
 CHARMM>    read para card flex append

          PARAMETER FILE BEING READ FROM UNIT 98
 RDTITL> * PARAMETERS GENERATED BY PARMED
 RDTITL> *
 PARMIO> NONBOND, HBOND lists and IMAGE atoms cleared.
  
 CHARMM>     
  
 CHARMM>    ! The following section contains NBFixes for CAM interacting with
 CHARMM>    ! water.
 CHARMM>    set para
 Parameter: PARA <- "" <empty>
  
 CHARMM>    if ?NUMNODE gt 1 set para node 0
 RDCMND substituted energy or value "?NUMNODE" to "1"
 Comparing "1" and "1".
 IF test evaluated as false.  Skipping command
  
 CHARMM>     
  
 CHARMM>    set wrn ?WRNLEV
 RDCMND substituted energy or value "?WRNLEV" to "5"
 Parameter: WRN <- "5"
  
 CHARMM>    ! Some versions of CHARMM don't seem to initialize wrnlev...
 CHARMM>    if "@WRN" eq "?WRNLEV" set wrn 5
 Parameter: WRN -> "5"
 RDCMND: can not substitute energy "?WRNLEV""
 Comparing ""5"" and ""?WRNLEV"".
 IF test evaluated as false.  Skipping command
  
 CHARMM>    set bom ?bomlev
 RDCMND substituted energy or value "?BOMLEV" to "0"
 Parameter: BOM <- "0"
  
 CHARMM>    WRNLEV -1 @PARA
 Parameter: PARA -> "" <empty>
  
 CHARMM>    BOMLEV -1 @PARA
 Parameter: PARA -> "" <empty>
  
 CHARMM>     
  
 CHARMM>    read para card flex append

          PARAMETER FILE BEING READ FROM UNIT 98
 RDTITL> * NBFIX BETWEEN CAM AND WATER
 RDTITL> *
 PARMIO> NONBOND, HBOND lists and IMAGE atoms cleared.
  
 CHARMM>    BOMLEV @bom @PARA
 Parameter: BOM -> "0"
 Parameter: PARA -> "" <empty>
  
 CHARMM>    WRNLEV @wrn @PARA
 Parameter: WRN -> "5"
 Parameter: PARA -> "" <empty>
  
 CHARMM>     
  
 CHARMM>    return
 VCLOSE: Closing unit   98 with status "KEEP"

                    RETURNING TO INPUT STREAM    99
  
 CHARMM>     
  
 CHARMM>    ! Additional topologies and parameters for protein
 CHARMM>    stream toppar/toppar_all36_prot_arg0.str
 VOPEN> Attempting to open::toppar/toppar_all36_prot_arg0.str::
 OPNLGU> Unit 98 opened for READONLY access to toppar/toppar_all36_prot_arg0.str

                    INPUT STREAM SWITCHING TO UNIT    98
 RDTITL> *>>>>>> ALL-HYDROGEN TOPOLOGY FOR NEUTRAL ARG <<<<<<<<<<<<<<<<<<<<
 RDTITL> *>>>>>>>>>>>>>>>>>>>>>>> 2007 <<<<<<<<<<<<<<<<<<<<<<<<<<<<<<<<<<<<
 RDTITL> *>>>>>>>> DIRECT COMMENTS TO ALEXANDER D. MACKERELL JR. <<<<<<<<<<
 RDTITL> *>>>>>>>>>>>>>>> PARAMETER FORUM, WWW.CHARMM.ORG <<<<<<<<<<<<<<<<<
 RDTITL> *
 Parameter: IN1 <- "" <empty>
  
 CHARMM>     
  
 CHARMM>    ! Atom names include "R" (for Arg) as the second letter. The
 CHARMM>    ! only other atom types in the additive FF with this second
 CHARMM>    ! letter are histidine [HN]R[123] in the protein FF and CRL[12]
 CHARMM>    ! in toppar_all36_lipid_cholesterol.str , so no more conflicts.
 CHARMM>     
  
 CHARMM>    !Parent files that have to be read prior to streaming this file
 CHARMM>    !top_all36_prot.rtf
 CHARMM>    !par_all36_prot.rtf
 CHARMM>    !
 CHARMM>    !Testcase
 CHARMM>    !test_all36_prot_arg0.inp
 CHARMM>     
  
 CHARMM>    !Li, L., Vorobyov, I.V., MacKerell, Jr., A.D., Allen, T.W., "Is
 CHARMM>    !arginine charged in a membrane?" Biophysical Journal, 94: L11-L13,
 CHARMM>    !2008, PMCID: PMC2157258
 CHARMM>     
  
 CHARMM>    read rtf card append
 MAINIO> Residue topology file being read from unit  98.
 RDTITL> * TOPOLOGY FOR PROTEIN RELATED MODEL COMPOUNDS
 RDTITL> *
*** WARNING **** residue MGU1 already exists (old one deleted)

      ***** LEVEL  1 WARNING FROM <RTFRDR> *****
      ***** Residue already exists.
      ******************************************
      BOMLEV (  0) IS NOT REACHED. WRNLEV IS  5

          RESI MGU1          0.00
*** WARNING **** residue MGU2 already exists (old one deleted)

      ***** LEVEL  1 WARNING FROM <RTFRDR> *****
      ***** Residue already exists.
      ******************************************
      BOMLEV (  0) IS NOT REACHED. WRNLEV IS  5

          RESI MGU2          0.00
 There were   2 warning(s) from RTFRDR.
  
 CHARMM>     
  
 CHARMM>    read param card flex append

          PARAMETER FILE BEING READ FROM UNIT 98
 RDTITL>  
 RDTITL> No title read.
 PARMIO> NONBOND, HBOND lists and IMAGE atoms cleared.
  
 CHARMM>     
  
 CHARMM>    return
 VCLOSE: Closing unit   98 with status "KEEP"

                    RETURNING TO INPUT STREAM    99
  
 CHARMM>    stream toppar/toppar_all36_prot_c36m_d_aminoacids.str
 VOPEN> Attempting to open::toppar/toppar_all36_prot_c36m_d_aminoacids.str::
 OPNLGU> Unit 98 opened for READONLY access to toppar/toppar_all36_prot_c36m_d_aminoacids.str

                    INPUT STREAM SWITCHING TO UNIT    98
 RDTITL> *>>>>>>CHARMM36 ALL-HYDROGEN TOPPAR FILE FOR D-PROTEINS <<<<<<<
 RDTITL> *>>>>>>>>>>>>>>>>>>>>>>>>>> JAN. 2016 <<<<<<<<<<<<<<<<<<<<<<<<<<<<
 RDTITL> * ALL COMMENTS TO THE CHARMM WEB SITE: WWW.CHARMM.ORG
 RDTITL> *             PARAMETER SET DISCUSSION FORUM
 RDTITL> *
 Parameter: IN1 <- "" <empty>
  
 CHARMM>     
  
 CHARMM>    !update 2016/2. use directly inverted CMAPs
 CHARMM>     
  
 CHARMM>    !toppar stream file for D-amino acids. Includes new residue
 CHARMM>    !names, inverted CMAP and additional parameters.
 CHARMM>     
  
 CHARMM>    !Parent files that have to be read prior to streaming this file
 CHARMM>    !top_all36_prot.rtf
 CHARMM>    !par_all36m_prot.prm
 CHARMM>    !
 CHARMM>    !Testcase
 CHARMM>    !test_all36_d_amino_acid.inp
 CHARMM>     
  
 CHARMM>    !test "append" to determine if previous toppar files have been read and
 CHARMM>    !add append to "read rtf card" if true
 CHARMM>    set nat ?NATC
 RDCMND substituted energy or value "?NATC" to "554"
 Parameter: NAT <- "554"
  
 CHARMM>    set app
 Parameter: APP <- "" <empty>
  
 CHARMM>    !We're exploiting what is arguably a bug in the parser. On the left hand side,
 CHARMM>    !the quotes have priority, so NAT is correctly substituted. On the right hand
 CHARMM>    !side, the ? has priority and NATC" (sic) is not a valid substitution...
 CHARMM>    if "@NAT" ne "?NATC" if @nat ne 0 set app append
 Parameter: NAT -> "554"
 Parameter: NAT -> "554"
 RDCMND: can not substitute energy "?NATC""
 Comparing ""554"" and ""?NATC"".
 IF test evaluated as true.  Performing command
 Comparing "554" and "0".
 IF test evaluated as true.  Performing command
 Parameter: APP <- "APPEND"
  
 CHARMM>     
  
 CHARMM>    read rtf card @app
 Parameter: APP -> "APPEND"
 MAINIO> Residue topology file being read from unit  98.
 RDTITL> * TOPOLOGY FOR D- AMINOACIDS
 RDTITL> *
  
 CHARMM>     
  
 CHARMM>    read para card flex @app
 Parameter: APP -> "APPEND"

          PARAMETER FILE BEING READ FROM UNIT 98
 RDTITL> * PARAMETERS FOR D- AMINOACIDS
 RDTITL> *
 PARMIO> NONBOND, HBOND lists and IMAGE atoms cleared.
  
 VCLOSE: Closing unit   98 with status "KEEP"

                    RETURNING TO INPUT STREAM    99
  
 CHARMM>    stream toppar/toppar_all36_prot_fluoro_alkanes.str
 VOPEN> Attempting to open::toppar/toppar_all36_prot_fluoro_alkanes.str::
 OPNLGU> Unit 98 opened for READONLY access to toppar/toppar_all36_prot_fluoro_alkanes.str

                    INPUT STREAM SWITCHING TO UNIT    98
 RDTITL> * TOPOLOGY AND PARAMETERS FOR FLUORINATED ALKANES.
 RDTITL> *
 Parameter: IN1 <- "" <empty>
  
 CHARMM>     
  
 CHARMM>    !These parameters are maintained for historic reasons.  The CGenFF
 CHARMM>    !halogen parameters are a significant improvement over these
 CHARMM>    !parameters.
 CHARMM>     
  
 CHARMM>    !Parent files that have to be read prior to streaming this file
 CHARMM>    !top_all36_prot.rtf
 CHARMM>    !par_all36_prot.prm
 CHARMM>     
  
 CHARMM>    !Testcase
 CHARMM>    !test_all36_prot_fluoro_alkanes.inp
 CHARMM>     
  
 CHARMM>    !Reference
 CHARMM>    !Chen, I.-J., Yin, D. and MacKerell, Jr., A.D., "Combined Ab
 CHARMM>    !initio/Empirical Approach for Optimization of Lennard-Jones Parameters
 CHARMM>    !for Polar-Neutral Compounds," Journal of Computational Chemistry,
 CHARMM>    !2002, 23:199-213.
 CHARMM>    !
 CHARMM>    !Note that these parameters are higly optimized to reproduce the
 CHARMM>    !corresponding condensed phase properties and have not been incorporated
 CHARMM>    !into the CHARMM22 or CHARMM27 biomolecular force fields
 CHARMM>     
  
 CHARMM>    read rtf card append
 MAINIO> Residue topology file being read from unit  98.
 RDTITL> * TOPOLOGY FOR FLUOROALKANES
 RDTITL> *
*** WARNING **** residue ETHA already exists (old one deleted)

      ***** LEVEL  1 WARNING FROM <RTFRDR> *****
      ***** Residue already exists.
      ******************************************
      BOMLEV (  0) IS NOT REACHED. WRNLEV IS  5

          RESI ETHA  0.0
*** WARNING **** residue FETH already exists (old one deleted)

      ***** LEVEL  1 WARNING FROM <RTFRDR> *****
      ***** Residue already exists.
      ******************************************
      BOMLEV (  0) IS NOT REACHED. WRNLEV IS  5

          RESI FETH  0.0
*** WARNING **** residue DFET already exists (old one deleted)

      ***** LEVEL  1 WARNING FROM <RTFRDR> *****
      ***** Residue already exists.
      ******************************************
      BOMLEV (  0) IS NOT REACHED. WRNLEV IS  5

          RESI DFET 0.0
*** WARNING **** residue TFET already exists (old one deleted)

      ***** LEVEL  1 WARNING FROM <RTFRDR> *****
      ***** Residue already exists.
      ******************************************
      BOMLEV (  0) IS NOT REACHED. WRNLEV IS  5

          RESI TFET  0.0
*** WARNING **** residue TFE  already exists (old one deleted)

      ***** LEVEL  1 WARNING FROM <RTFRDR> *****
      ***** Residue already exists.
      ******************************************
      BOMLEV (  0) IS NOT REACHED. WRNLEV IS  5

          RESI TFE   0.0
 There were   5 warning(s) from RTFRDR.
  
 CHARMM>     
  
 CHARMM>    read para card flex append

          PARAMETER FILE BEING READ FROM UNIT 98
 RDTITL> * FLUOROALKANE PARAMETERS
 RDTITL> *
 PARMIO> NONBOND, HBOND lists and IMAGE atoms cleared.
  
 CHARMM>     
  
 CHARMM>    return
 VCLOSE: Closing unit   98 with status "KEEP"

                    RETURNING TO INPUT STREAM    99
  
 CHARMM>    stream toppar/toppar_all36_prot_heme.str
 VOPEN> Attempting to open::toppar/toppar_all36_prot_heme.str::
 OPNLGU> Unit 98 opened for READONLY access to toppar/toppar_all36_prot_heme.str

                    INPUT STREAM SWITCHING TO UNIT    98
 RDTITL> * TOPOLOGY AND PARAMETER STREAM FILE FOR HEME AND RELATED
 RDTITL> * LIGANDS AND PATCHES.
 RDTITL> *
 Parameter: IN1 <- "" <empty>
  
 CHARMM>     
  
 CHARMM>    !updated 2016/2, allow for use of AUTOGENERATE ANGLE DIHEDRAl PATCH
 CHARMM>     
  
 CHARMM>    !Parent files that have to be read prior to streaming this file
 CHARMM>    !top_all36_prot.rtf
 CHARMM>    !par_all36_prot.prm
 CHARMM>     
  
 CHARMM>    !Testcase
 CHARMM>    !test_all36_prot_heme.inp
 CHARMM>     
  
 CHARMM>    read rtf card append
 MAINIO> Residue topology file being read from unit  98.
 RDTITL> * TOPOLOGY FOR HEME AND RELATED COMPOUNDS AND PATCHES
 RDTITL> *
*** WARNING **** residue CO2  already exists (old one deleted)

      ***** LEVEL  1 WARNING FROM <RTFRDR> *****
      ***** Residue already exists.
      ******************************************
      BOMLEV (  0) IS NOT REACHED. WRNLEV IS  5

          RESI CO2             0.00
 There were   1 warning(s) from RTFRDR.
  
 CHARMM>     
  
 CHARMM>    read para card flex append

          PARAMETER FILE BEING READ FROM UNIT 98
 RDTITL> * ADDITIONAL PARAMETERS FOR HEME
 RDTITL> *
 PARMIO> NONBOND, HBOND lists and IMAGE atoms cleared.
  
 CHARMM>     
  
 CHARMM>    return
 VCLOSE: Closing unit   98 with status "KEEP"

                    RETURNING TO INPUT STREAM    99
  
 CHARMM>    stream toppar/toppar_all36_prot_na_combined.str
 VOPEN> Attempting to open::toppar/toppar_all36_prot_na_combined.str::
 OPNLGU> Unit 98 opened for READONLY access to toppar/toppar_all36_prot_na_combined.str

                    INPUT STREAM SWITCHING TO UNIT    98
 RDTITL> * TOPOLOGY AND PARAMETER STREAM FILE FOR PATCHES TO CREATE
 RDTITL> * MODEL COMPOUNDS AND PATCHES THAT REQUIRE BOTH PROTEIN AND
 RDTITL> * NUCLEIC ACID TOPOLOGY AND PARAMETER INFORMATION
 RDTITL> *
 Parameter: IN1 <- "" <empty>
  
 CHARMM>     
  
 CHARMM>    !Parent files that have to be read prior to streaming this file
 CHARMM>    !top_all36_prot.rtf
 CHARMM>    !par_all36_prot.prm
 CHARMM>    !top_all36_na.rtf
 CHARMM>    !par_all36_na.prm
 CHARMM>    !stream/toppar_all36_prot_fluoro_alkanes.str ! atom types an parameters for fluorinated compounds
 CHARMM>     
  
 CHARMM>    !Testcase
 CHARMM>    !test_all36_prot_na_combined.inp
 CHARMM>     
  
 CHARMM>    !all patches must be followed by AUTOGENERATE ANGLES DIHEDRALS
 CHARMM>     
  
 CHARMM>    !PHOSPHOTYROSINE
 CHARMM>    !
 CHARMM>    !Feng, M.-H., Philippopoulos, M., MacKerell, Jr., A.D. and Lim, C.
 CHARMM>    !Structural Characterization of the Phosphotyrosine Binding Region of a
 CHARMM>    !High-Affinity aSH2 Domain-Phosphopeptide Complex by Molecular Dynamics
 CHARMM>    !Simulation and Chemical Shift Calculations. Journal of the American
 CHARMM>    !Chemical Society, 1996, 118: 11265-11277.
 CHARMM>     
  
 CHARMM>    read rtf card append
 MAINIO> Residue topology file being read from unit  98.
 RDTITL> * TOPOLOGY FOR PHOSPHORYLATED AMINO ACIDS
 RDTITL> *
*** WARNING **** residue THFI already exists (old one deleted)

      ***** LEVEL  1 WARNING FROM <RTFRDR> *****
      ***** Residue already exists.
      ******************************************
      BOMLEV (  0) IS NOT REACHED. WRNLEV IS  5

          RESI THFI       0.00
*** WARNING **** residue THMI already exists (old one deleted)

      ***** LEVEL  1 WARNING FROM <RTFRDR> *****
      ***** Residue already exists.
      ******************************************
      BOMLEV (  0) IS NOT REACHED. WRNLEV IS  5

          RESI THMI       0.00
*** WARNING **** residue THFA already exists (old one deleted)

      ***** LEVEL  1 WARNING FROM <RTFRDR> *****
      ***** Residue already exists.
      ******************************************
      BOMLEV (  0) IS NOT REACHED. WRNLEV IS  5

          RESI THFA        0.00
*** WARNING **** residue THAO already exists (old one deleted)

      ***** LEVEL  1 WARNING FROM <RTFRDR> *****
      ***** Residue already exists.
      ******************************************
      BOMLEV (  0) IS NOT REACHED. WRNLEV IS  5

          RESI THAO         0.00
*** WARNING **** residue RNUS already exists (old one deleted)

      ***** LEVEL  1 WARNING FROM <RTFRDR> *****
      ***** Residue already exists.
      ******************************************
      BOMLEV (  0) IS NOT REACHED. WRNLEV IS  5

          RESI RNUS         0.00
*** WARNING **** residue NUCL already exists (old one deleted)

      ***** LEVEL  1 WARNING FROM <RTFRDR> *****
      ***** Residue already exists.
      ******************************************
      BOMLEV (  0) IS NOT REACHED. WRNLEV IS  5

          RESI NUCL        -1.00
*** WARNING **** residue PPH1 already exists (old one deleted)

      ***** LEVEL  1 WARNING FROM <RTFRDR> *****
      ***** Residue already exists.
      ******************************************
      BOMLEV (  0) IS NOT REACHED. WRNLEV IS  5

          RESI PPH1      -1.00
*** WARNING **** residue BMPH already exists (old one deleted)

      ***** LEVEL  1 WARNING FROM <RTFRDR> *****
      ***** Residue already exists.
      ******************************************
      BOMLEV (  0) IS NOT REACHED. WRNLEV IS  5

          RESI BMPH      -1.00
*** WARNING **** residue BMPD already exists (old one deleted)

      ***** LEVEL  1 WARNING FROM <RTFRDR> *****
      ***** Residue already exists.
      ******************************************
      BOMLEV (  0) IS NOT REACHED. WRNLEV IS  5

          RESI BMPD      -2.00
*** WARNING **** residue BDFP already exists (old one deleted)

      ***** LEVEL  1 WARNING FROM <RTFRDR> *****
      ***** Residue already exists.
      ******************************************
      BOMLEV (  0) IS NOT REACHED. WRNLEV IS  5

          RESI BDFP      -1.00
*** WARNING **** residue BDFD already exists (old one deleted)

      ***** LEVEL  1 WARNING FROM <RTFRDR> *****
      ***** Residue already exists.
      ******************************************
      BOMLEV (  0) IS NOT REACHED. WRNLEV IS  5

          RESI BDFD -2.00
*** WARNING **** residue EP_2 already exists (old one deleted)

      ***** LEVEL  1 WARNING FROM <RTFRDR> *****
      ***** Residue already exists.
      ******************************************
      BOMLEV (  0) IS NOT REACHED. WRNLEV IS  5

          RESI EP_2        -2.00
*** WARNING **** residue IP_2 already exists (old one deleted)

      ***** LEVEL  1 WARNING FROM <RTFRDR> *****
      ***** Residue already exists.
      ******************************************
      BOMLEV (  0) IS NOT REACHED. WRNLEV IS  5

          RESI IP_2        -2.00
 There were  13 warning(s) from RTFRDR.
  
 CHARMM>     
  
 CHARMM>    read para card flex append

          PARAMETER FILE BEING READ FROM UNIT 98
 RDTITL> * ADDITIONAL PARAMETERS FOR PHOSPHORYLATED AMINO ACIDS
 RDTITL> *
 PARMIO> NONBOND, HBOND lists and IMAGE atoms cleared.
  
 VCLOSE: Closing unit   98 with status "KEEP"

                    RETURNING TO INPUT STREAM    99
  
 CHARMM>    stream toppar/toppar_all36_prot_retinol.str
 VOPEN> Attempting to open::toppar/toppar_all36_prot_retinol.str::
 OPNLGU> Unit 98 opened for READONLY access to toppar/toppar_all36_prot_retinol.str

                    INPUT STREAM SWITCHING TO UNIT    98
 RDTITL> * TOPPAR STREAM FILE FOR RETINOL AND RETINAL PARAMETERS
 RDTITL> * A. LOCCISANO, A.M.W., J. EVANSECK AND A.D. MACKERELL, JR.
 RDTITL> * APRIL, 2005
 RDTITL> *
 Parameter: IN1 <- "" <empty>
  
 CHARMM>     
  
 CHARMM>    !use with c36 protein force fields
 CHARMM>    !top_all36_prot.rtf
 CHARMM>    !par_all36_prot.prm
 CHARMM>     
  
 CHARMM>    read rtf card append
 MAINIO> Residue topology file being read from unit  98.
 RDTITL> * RETINAL/RETINOL AND RELATED MODEL COMPOUNDS
 RDTITL> *
*** WARNING **** residue BTE2 already exists (old one deleted)

      ***** LEVEL  1 WARNING FROM <RTFRDR> *****
      ***** Residue already exists.
      ******************************************
      BOMLEV (  0) IS NOT REACHED. WRNLEV IS  5

          RESI BTE2       0.00
*** WARNING **** residue 13DB already exists (old one deleted)

      ***** LEVEL  1 WARNING FROM <RTFRDR> *****
      ***** Residue already exists.
      ******************************************
      BOMLEV (  0) IS NOT REACHED. WRNLEV IS  5

          RESI 13DB       0.00
*** WARNING **** residue 13DP already exists (old one deleted)

      ***** LEVEL  1 WARNING FROM <RTFRDR> *****
      ***** Residue already exists.
      ******************************************
      BOMLEV (  0) IS NOT REACHED. WRNLEV IS  5

          RESI 13DP       0.00
*** WARNING **** residue DMB1 already exists (old one deleted)

      ***** LEVEL  1 WARNING FROM <RTFRDR> *****
      ***** Residue already exists.
      ******************************************
      BOMLEV (  0) IS NOT REACHED. WRNLEV IS  5

          RESI DMB1       0.00
*** WARNING **** residue DMP1 already exists (old one deleted)

      ***** LEVEL  1 WARNING FROM <RTFRDR> *****
      ***** Residue already exists.
      ******************************************
      BOMLEV (  0) IS NOT REACHED. WRNLEV IS  5

          RESI DMP1       0.00
*** WARNING **** residue DMP2 already exists (old one deleted)

      ***** LEVEL  1 WARNING FROM <RTFRDR> *****
      ***** Residue already exists.
      ******************************************
      BOMLEV (  0) IS NOT REACHED. WRNLEV IS  5

          RESI DMP2       0.00
*** WARNING **** residue CROT already exists (old one deleted)

      ***** LEVEL  1 WARNING FROM <RTFRDR> *****
      ***** Residue already exists.
      ******************************************
      BOMLEV (  0) IS NOT REACHED. WRNLEV IS  5

          RESI CROT       0.00
*** WARNING **** residue PACP already exists (old one deleted)

      ***** LEVEL  1 WARNING FROM <RTFRDR> *****
      ***** Residue already exists.
      ******************************************
      BOMLEV (  0) IS NOT REACHED. WRNLEV IS  5

          RESI PACP       0.00
*** WARNING **** residue MECH already exists (old one deleted)

      ***** LEVEL  1 WARNING FROM <RTFRDR> *****
      ***** Residue already exists.
      ******************************************
      BOMLEV (  0) IS NOT REACHED. WRNLEV IS  5

          RESI MECH       0.00
*** WARNING **** residue TMCH already exists (old one deleted)

      ***** LEVEL  1 WARNING FROM <RTFRDR> *****
      ***** Residue already exists.
      ******************************************
      BOMLEV (  0) IS NOT REACHED. WRNLEV IS  5

          RESI TMCH       0.00
*** WARNING **** residue FRET already exists (old one deleted)

      ***** LEVEL  1 WARNING FROM <RTFRDR> *****
      ***** Residue already exists.
      ******************************************
      BOMLEV (  0) IS NOT REACHED. WRNLEV IS  5

          RESI FRET       0.00
*** WARNING **** residue RTOL already exists (old one deleted)

      ***** LEVEL  1 WARNING FROM <RTFRDR> *****
      ***** Residue already exists.
      ******************************************
      BOMLEV (  0) IS NOT REACHED. WRNLEV IS  5

          RESI RTOL       0.00
*** WARNING **** residue RTAL already exists (old one deleted)

      ***** LEVEL  1 WARNING FROM <RTFRDR> *****
      ***** Residue already exists.
      ******************************************
      BOMLEV (  0) IS NOT REACHED. WRNLEV IS  5

          RESI RTAL       0.00
*** WARNING **** residue RTAC already exists (old one deleted)

      ***** LEVEL  1 WARNING FROM <RTFRDR> *****
      ***** Residue already exists.
      ******************************************
      BOMLEV (  0) IS NOT REACHED. WRNLEV IS  5

          RESI RTAC      -1.00
*** WARNING **** residue PRAC already exists (old one deleted)

      ***** LEVEL  1 WARNING FROM <RTFRDR> *****
      ***** Residue already exists.
      ******************************************
      BOMLEV (  0) IS NOT REACHED. WRNLEV IS  5

          RESI PRAC      -1.00
*** WARNING **** residue PROL already exists (old one deleted)

      ***** LEVEL  1 WARNING FROM <RTFRDR> *****
      ***** Residue already exists.
      ******************************************
      BOMLEV (  0) IS NOT REACHED. WRNLEV IS  5

          RESI PROL       0.00
*** WARNING **** residue PRAL already exists (old one deleted)

      ***** LEVEL  1 WARNING FROM <RTFRDR> *****
      ***** Residue already exists.
      ******************************************
      BOMLEV (  0) IS NOT REACHED. WRNLEV IS  5

          RESI PRAL       0.00
*** WARNING **** residue SCH1 already exists (old one deleted)

      ***** LEVEL  1 WARNING FROM <RTFRDR> *****
      ***** Residue already exists.
      ******************************************
      BOMLEV (  0) IS NOT REACHED. WRNLEV IS  5

          RESI SCH1       0.00
*** WARNING **** residue SCH2 already exists (old one deleted)

      ***** LEVEL  1 WARNING FROM <RTFRDR> *****
      ***** Residue already exists.
      ******************************************
      BOMLEV (  0) IS NOT REACHED. WRNLEV IS  5

          RESI SCH2       1.00
*** WARNING **** residue SCH3 already exists (old one deleted)

      ***** LEVEL  1 WARNING FROM <RTFRDR> *****
      ***** Residue already exists.
      ******************************************
      BOMLEV (  0) IS NOT REACHED. WRNLEV IS  5

          RESI SCH3       1.00
 There were  20 warning(s) from RTFRDR.
  
 CHARMM>     
  
 CHARMM>    read para card flex append

          PARAMETER FILE BEING READ FROM UNIT 98
 RDTITL> * RETINAL/RETINOL AND RELATED PARAMETERS
 RDTITL> *
 PARMIO> NONBOND, HBOND lists and IMAGE atoms cleared.
  
 CHARMM>     
  
 VCLOSE: Closing unit   98 with status "KEEP"

                    RETURNING TO INPUT STREAM    99
  
 CHARMM>    stream toppar/toppar_all36_prot_model.str
 VOPEN> Attempting to open::toppar/toppar_all36_prot_model.str::
 OPNLGU> Unit 98 opened for READONLY access to toppar/toppar_all36_prot_model.str

                    INPUT STREAM SWITCHING TO UNIT    98
 RDTITL> *>> ALL-HYDROGEN TOPOLOGY FOR SMALL MODEL COMPOUNDS USED IN THE <<
 RDTITL> *>> DEVELOPMENT OF THE CHARMM22 PROTEIN ALL-HYDROGEN PARAMETERS <<
 RDTITL> *>>>>>>>>>>>>>>>>>>>>>>> JULY 1997 <<<<<<<<<<<<<<<<<<<<<<<<<<<<<<<
 RDTITL> *>>>>>>>> DIRECT COMMENTS TO ALEXANDER D. MACKERELL JR. <<<<<<<<<<
 RDTITL> *>>>>>>>>>>>>>>> PARAMETER FORUM, WWW.CHARMM.ORG <<<<<<<<<<<<<<<<<
 RDTITL> *CONVERTED TO STREAM FORMAT, DECEMBER 2003
 RDTITL> *CONVERTED TO CHARMM36 PROTEIN ATOM TYPES, MAY 2011
 RDTITL> *
 Parameter: IN1 <- "" <empty>
  
 CHARMM>     
  
 CHARMM>    !Parent files that have to be read prior to streaming this file
 CHARMM>    !top_all36_prot.rtf
 CHARMM>    !par_all36_prot.prm
 CHARMM>    !
 CHARMM>    !Testcase
 CHARMM>    !test_all36_prot_model.inp
 CHARMM>     
  
 CHARMM>    !changes after 9/98
 CHARMM>    !
 CHARMM>    !change alkene HA1 and HA2 to HE1 and HE2
 CHARMM>    !
 CHARMM>    !improper atom ordering corrected
 CHARMM>    !
 CHARMM>    !version b5i to be consistent with protein toppar files
 CHARMM>    !
 CHARMM>    !Heme vinyl groups upgraded based on new butene parameters
 CHARMM>    !
 CHARMM>     
  
 CHARMM>    ! references
 CHARMM>    !
 CHARMM>    !PROTEINS
 CHARMM>    !
 CHARMM>    !MacKerell, Jr., A. D.; Bashford, D.; Bellott, M.; Dunbrack Jr., R.L.;
 CHARMM>    !Evanseck, J.D.; Field, M.J.; Fischer, S.; Gao, J.; Guo, H.; Ha, S.;
 CHARMM>    !Joseph-McCarthy, D.; Kuchnir, L.; Kuczera, K.; Lau, F.T.K.; Mattos,
 CHARMM>    !C.; Michnick, S.; Ngo, T.; Nguyen, D.T.; Prodhom, B.; Reiher, III,
 CHARMM>    !W.E.; Roux, B.; Schlenkrich, M.; Smith, J.C.; Stote, R.; Straub, J.;
 CHARMM>    !Watanabe, M.; Wiorkiewicz-Kuczera, J.; Yin, D.; Karplus, M.  All-atom
 CHARMM>    !empirical potential for molecular modeling and dynamics Studies of
 CHARMM>    !proteins.  Journal of Physical Chemistry B, 1998, 102, 3586-3616.
 CHARMM>     
  
 CHARMM>    read rtf card append
 MAINIO> Residue topology file being read from unit  98.
 RDTITL> * TOPOLOGY FOR PROTEIN RELATED MODEL COMPOUNDS
 RDTITL> *
*** WARNING **** residue ACET already exists (old one deleted)

      ***** LEVEL  1 WARNING FROM <RTFRDR> *****
      ***** Residue already exists.
      ******************************************
      BOMLEV (  0) IS NOT REACHED. WRNLEV IS  5

          RESI ACET       -1.00
*** WARNING **** residue PROA already exists (old one deleted)

      ***** LEVEL  1 WARNING FROM <RTFRDR> *****
      ***** Residue already exists.
      ******************************************
      BOMLEV (  0) IS NOT REACHED. WRNLEV IS  5

          RESI PROA       -1.00
*** WARNING **** residue GUAN already exists (old one deleted)

      ***** LEVEL  1 WARNING FROM <RTFRDR> *****
      ***** Residue already exists.
      ******************************************
      BOMLEV (  0) IS NOT REACHED. WRNLEV IS  5

          RESI GUAN        1.00
*** WARNING **** residue MGUA already exists (old one deleted)

      ***** LEVEL  1 WARNING FROM <RTFRDR> *****
      ***** Residue already exists.
      ******************************************
      BOMLEV (  0) IS NOT REACHED. WRNLEV IS  5

          RESI MGUA        1.00
*** WARNING **** residue GLYN already exists (old one deleted)

      ***** LEVEL  1 WARNING FROM <RTFRDR> *****
      ***** Residue already exists.
      ******************************************
      BOMLEV (  0) IS NOT REACHED. WRNLEV IS  5

          RESI GLYN         0.00
*** WARNING **** residue MAMM already exists (old one deleted)

      ***** LEVEL  1 WARNING FROM <RTFRDR> *****
      ***** Residue already exists.
      ******************************************
      BOMLEV (  0) IS NOT REACHED. WRNLEV IS  5

          RESI MAMM        1.00
*** WARNING **** residue EAMM already exists (old one deleted)

      ***** LEVEL  1 WARNING FROM <RTFRDR> *****
      ***** Residue already exists.
      ******************************************
      BOMLEV (  0) IS NOT REACHED. WRNLEV IS  5

          RESI EAMM        1.00
*** WARNING **** residue ACEH already exists (old one deleted)

      ***** LEVEL  1 WARNING FROM <RTFRDR> *****
      ***** Residue already exists.
      ******************************************
      BOMLEV (  0) IS NOT REACHED. WRNLEV IS  5

          RESI ACEH        0.00
*** WARNING **** residue MEOH already exists (old one deleted)

      ***** LEVEL  1 WARNING FROM <RTFRDR> *****
      ***** Residue already exists.
      ******************************************
      BOMLEV (  0) IS NOT REACHED. WRNLEV IS  5

          RESI MEOH        0.00
*** WARNING **** residue METO already exists (old one deleted)

      ***** LEVEL  1 WARNING FROM <RTFRDR> *****
      ***** Residue already exists.
      ******************************************
      BOMLEV (  0) IS NOT REACHED. WRNLEV IS  5

          RESI METO       -1.00
*** WARNING **** residue ETOH already exists (old one deleted)

      ***** LEVEL  1 WARNING FROM <RTFRDR> *****
      ***** Residue already exists.
      ******************************************
      BOMLEV (  0) IS NOT REACHED. WRNLEV IS  5

          RESI ETOH        0.00
*** WARNING **** residue ETO  already exists (old one deleted)

      ***** LEVEL  1 WARNING FROM <RTFRDR> *****
      ***** Residue already exists.
      ******************************************
      BOMLEV (  0) IS NOT REACHED. WRNLEV IS  5

          RESI ETO        -1.00
*** WARNING **** residue PRO2 already exists (old one deleted)

      ***** LEVEL  1 WARNING FROM <RTFRDR> *****
      ***** Residue already exists.
      ******************************************
      BOMLEV (  0) IS NOT REACHED. WRNLEV IS  5

          RESI PRO2        0.00
*** WARNING **** residue FORM already exists (old one deleted)

      ***** LEVEL  1 WARNING FROM <RTFRDR> *****
      ***** Residue already exists.
      ******************************************
      BOMLEV (  0) IS NOT REACHED. WRNLEV IS  5

          RESI FORM        0.00
*** WARNING **** residue ACEM already exists (old one deleted)

      ***** LEVEL  1 WARNING FROM <RTFRDR> *****
      ***** Residue already exists.
      ******************************************
      BOMLEV (  0) IS NOT REACHED. WRNLEV IS  5

          RESI ACEM        0.00
*** WARNING **** residue NMA  already exists (old one deleted)

      ***** LEVEL  1 WARNING FROM <RTFRDR> *****
      ***** Residue already exists.
      ******************************************
      BOMLEV (  0) IS NOT REACHED. WRNLEV IS  5

          RESI NMA         0.00
*** WARNING **** residue MESH already exists (old one deleted)

      ***** LEVEL  1 WARNING FROM <RTFRDR> *****
      ***** Residue already exists.
      ******************************************
      BOMLEV (  0) IS NOT REACHED. WRNLEV IS  5

          RESI MESH        0.00
*** WARNING **** residue MES1 already exists (old one deleted)

      ***** LEVEL  1 WARNING FROM <RTFRDR> *****
      ***** Residue already exists.
      ******************************************
      BOMLEV (  0) IS NOT REACHED. WRNLEV IS  5

          RESI MES1       -1.00
*** WARNING **** residue ETSH already exists (old one deleted)

      ***** LEVEL  1 WARNING FROM <RTFRDR> *****
      ***** Residue already exists.
      ******************************************
      BOMLEV (  0) IS NOT REACHED. WRNLEV IS  5

          RESI ETSH        0.00
*** WARNING **** residue ES1  already exists (old one deleted)

      ***** LEVEL  1 WARNING FROM <RTFRDR> *****
      ***** Residue already exists.
      ******************************************
      BOMLEV (  0) IS NOT REACHED. WRNLEV IS  5

          RESI ES1        -1.00
*** WARNING **** residue DMDS already exists (old one deleted)

      ***** LEVEL  1 WARNING FROM <RTFRDR> *****
      ***** Residue already exists.
      ******************************************
      BOMLEV (  0) IS NOT REACHED. WRNLEV IS  5

          RESI DMDS        0.00
*** WARNING **** residue DEDS already exists (old one deleted)

      ***** LEVEL  1 WARNING FROM <RTFRDR> *****
      ***** Residue already exists.
      ******************************************
      BOMLEV (  0) IS NOT REACHED. WRNLEV IS  5

          RESI DEDS        0.00
*** WARNING **** residue EMS  already exists (old one deleted)

      ***** LEVEL  1 WARNING FROM <RTFRDR> *****
      ***** Residue already exists.
      ******************************************
      BOMLEV (  0) IS NOT REACHED. WRNLEV IS  5

          RESI EMS         0.00
*** WARNING **** residue IMIA already exists (old one deleted)

      ***** LEVEL  1 WARNING FROM <RTFRDR> *****
      ***** Residue already exists.
      ******************************************
      BOMLEV (  0) IS NOT REACHED. WRNLEV IS  5

          RESI IMIA        0.00
*** WARNING **** residue MIMI already exists (old one deleted)

      ***** LEVEL  1 WARNING FROM <RTFRDR> *****
      ***** Residue already exists.
      ******************************************
      BOMLEV (  0) IS NOT REACHED. WRNLEV IS  5

          RESI MIMI        0.00
*** WARNING **** residue EIMI already exists (old one deleted)

      ***** LEVEL  1 WARNING FROM <RTFRDR> *****
      ***** Residue already exists.
      ******************************************
      BOMLEV (  0) IS NOT REACHED. WRNLEV IS  5

          RESI EIMI        0.00
*** WARNING **** residue IMIM already exists (old one deleted)

      ***** LEVEL  1 WARNING FROM <RTFRDR> *****
      ***** Residue already exists.
      ******************************************
      BOMLEV (  0) IS NOT REACHED. WRNLEV IS  5

          RESI IMIM        1.00
*** WARNING **** residue EIMM already exists (old one deleted)

      ***** LEVEL  1 WARNING FROM <RTFRDR> *****
      ***** Residue already exists.
      ******************************************
      BOMLEV (  0) IS NOT REACHED. WRNLEV IS  5

          RESI EIMM        1.00
*** WARNING **** residue BENZ already exists (old one deleted)

      ***** LEVEL  1 WARNING FROM <RTFRDR> *****
      ***** Residue already exists.
      ******************************************
      BOMLEV (  0) IS NOT REACHED. WRNLEV IS  5

          RESI BENZ        0.00
*** WARNING **** residue EBEN already exists (old one deleted)

      ***** LEVEL  1 WARNING FROM <RTFRDR> *****
      ***** Residue already exists.
      ******************************************
      BOMLEV (  0) IS NOT REACHED. WRNLEV IS  5

          RESI EBEN         0.00
*** WARNING **** residue PHEN already exists (old one deleted)

      ***** LEVEL  1 WARNING FROM <RTFRDR> *****
      ***** Residue already exists.
      ******************************************
      BOMLEV (  0) IS NOT REACHED. WRNLEV IS  5

          RESI PHEN        0.00
*** WARNING **** residue EPHE already exists (old one deleted)

      ***** LEVEL  1 WARNING FROM <RTFRDR> *****
      ***** Residue already exists.
      ******************************************
      BOMLEV (  0) IS NOT REACHED. WRNLEV IS  5

          RESI EPHE        0.00
*** WARNING **** residue PHEO already exists (old one deleted)

      ***** LEVEL  1 WARNING FROM <RTFRDR> *****
      ***** Residue already exists.
      ******************************************
      BOMLEV (  0) IS NOT REACHED. WRNLEV IS  5

          RESI PHEO       -1.00
*** WARNING **** residue INDO already exists (old one deleted)

      ***** LEVEL  1 WARNING FROM <RTFRDR> *****
      ***** Residue already exists.
      ******************************************
      BOMLEV (  0) IS NOT REACHED. WRNLEV IS  5

          RESI INDO        0.00
*** WARNING **** residue EIND already exists (old one deleted)

      ***** LEVEL  1 WARNING FROM <RTFRDR> *****
      ***** Residue already exists.
      ******************************************
      BOMLEV (  0) IS NOT REACHED. WRNLEV IS  5

          RESI EIND        0.00
*** WARNING **** residue PDIP already exists (old one deleted)

      ***** LEVEL  1 WARNING FROM <RTFRDR> *****
      ***** Residue already exists.
      ******************************************
      BOMLEV (  0) IS NOT REACHED. WRNLEV IS  5

          RESI PDIP        0.00
*** WARNING **** residue ETHA already exists (old one deleted)

      ***** LEVEL  1 WARNING FROM <RTFRDR> *****
      ***** Residue already exists.
      ******************************************
      BOMLEV (  0) IS NOT REACHED. WRNLEV IS  5

          RESI ETHA        0.00
*** WARNING **** residue PRPA already exists (old one deleted)

      ***** LEVEL  1 WARNING FROM <RTFRDR> *****
      ***** Residue already exists.
      ******************************************
      BOMLEV (  0) IS NOT REACHED. WRNLEV IS  5

          RESI PRPA        0.00
*** WARNING **** residue IBUT already exists (old one deleted)

      ***** LEVEL  1 WARNING FROM <RTFRDR> *****
      ***** Residue already exists.
      ******************************************
      BOMLEV (  0) IS NOT REACHED. WRNLEV IS  5

          RESI IBUT        0.00
*** WARNING **** residue OCOH already exists (old one deleted)

      ***** LEVEL  1 WARNING FROM <RTFRDR> *****
      ***** Residue already exists.
      ******************************************
      BOMLEV (  0) IS NOT REACHED. WRNLEV IS  5

          RESI OCOH    0.0
*** WARNING **** residue CO3  already exists (old one deleted)

      ***** LEVEL  1 WARNING FROM <RTFRDR> *****
      ***** Residue already exists.
      ******************************************
      BOMLEV (  0) IS NOT REACHED. WRNLEV IS  5

          RESI CO3  -2.0
*** WARNING **** residue C3   already exists (old one deleted)

      ***** LEVEL  1 WARNING FROM <RTFRDR> *****
      ***** Residue already exists.
      ******************************************
      BOMLEV (  0) IS NOT REACHED. WRNLEV IS  5

          RESI C3    0.00
 There were  42 warning(s) from RTFRDR.
  
 CHARMM>     
  
 CHARMM>    read para card flex append

          PARAMETER FILE BEING READ FROM UNIT 98
 RDTITL>  
 RDTITL> No title read.
 PARMIO> NONBOND, HBOND lists and IMAGE atoms cleared.
  
 CHARMM>     
  
 CHARMM>    return
 VCLOSE: Closing unit   98 with status "KEEP"

                    RETURNING TO INPUT STREAM    99
  
 CHARMM>    stream toppar/toppar_all36_prot_modify_res.str
 VOPEN> Attempting to open::toppar/toppar_all36_prot_modify_res.str::
 OPNLGU> Unit 98 opened for READONLY access to toppar/toppar_all36_prot_modify_res.str

                    INPUT STREAM SWITCHING TO UNIT    98
 RDTITL> * TOPPAR FILE FOR VARIOUS MODIFIED RESIDUES AND PATCHES, INCLUDING
 RDTITL> * PATCHES TO COVALENTLY LINK RESIDUES TO IONS TO WORK WITH THE
 RDTITL> * ADDITIVE C36 PROTEIN FORCE FIELD
 RDTITL> * REQUIRES CGENFF PARAMETER FILE
 RDTITL> *
 Parameter: IN1 <- "" <empty>
  
 CHARMM>     
  
 CHARMM>    !Acetyllysine (ALY)
 CHARMM>    !Norleucine (NLE) and
 CHARMM>    ! residues and patches for Zn-protein interactions modeled using
 CHARMM>    ! bond and angles between the protein and Zn.
 CHARMM>     
  
 CHARMM>    !non-standard amino acids: 2021
 CHARMM>    !Croitoru, A., Park, S.-J., Kumar, A., Lee, J., Im, Wonpil; MacKerell,
 CHARMM>    !A.D., Jr., and Aleksandrov, A. Additive CHARMM36 Force Field for
 CHARMM>    !Nonstandard Amino Acids, Journal of Chemical Theory and Computation,
 CHARMM>    !17:3554-3570, doi: 10.1021/acs.jctc.1c00254.
 CHARMM>     
  
 CHARMM>    read rtf card append
 MAINIO> Residue topology file being read from unit  98.
 RDTITL> * TOPPAR FILE PROTEIN MODIFICATIONS
 RDTITL> *
*** WARNING **** residue CGU  already exists (old one deleted)

      ***** LEVEL  1 WARNING FROM <RTFRDR> *****
      ***** Residue already exists.
      ******************************************
      BOMLEV (  0) IS NOT REACHED. WRNLEV IS  5

          RESI CGU              -2.000
*** WARNING **** residue CME  already exists (old one deleted)

      ***** LEVEL  1 WARNING FROM <RTFRDR> *****
      ***** Residue already exists.
      ******************************************
      BOMLEV (  0) IS NOT REACHED. WRNLEV IS  5

          RESI CME               0.000
*** WARNING **** residue HIC  already exists (old one deleted)

      ***** LEVEL  1 WARNING FROM <RTFRDR> *****
      ***** Residue already exists.
      ******************************************
      BOMLEV (  0) IS NOT REACHED. WRNLEV IS  5

          RESI HIC               0.000
*** WARNING **** residue HICP already exists (old one deleted)

      ***** LEVEL  1 WARNING FROM <RTFRDR> *****
      ***** Residue already exists.
      ******************************************
      BOMLEV (  0) IS NOT REACHED. WRNLEV IS  5

          RESI HICP              1.000
*** WARNING **** residue CGUP already exists (old one deleted)

      ***** LEVEL  1 WARNING FROM <RTFRDR> *****
      ***** Residue already exists.
      ******************************************
      BOMLEV (  0) IS NOT REACHED. WRNLEV IS  5

          RESI CGUP             -1.000
 There were   5 warning(s) from RTFRDR.
  
 CHARMM>     
  
 CHARMM>    read para card append flex

          PARAMETER FILE BEING READ FROM UNIT 98
 RDTITL>  
 RDTITL> No title read.
 PARMIO> NONBOND, HBOND lists and IMAGE atoms cleared.
  
 CHARMM>     
  
 CHARMM>    return
 VCLOSE: Closing unit   98 with status "KEEP"

                    RETURNING TO INPUT STREAM    99
  
 CHARMM>     
  
 CHARMM>    ! Additional topologies and parameters for nucleic acids
 CHARMM>    stream toppar/toppar_all36_na_nad_ppi.str
 VOPEN> Attempting to open::toppar/toppar_all36_na_nad_ppi.str::
 OPNLGU> Unit 98 opened for READONLY access to toppar/toppar_all36_na_nad_ppi.str

                    INPUT STREAM SWITCHING TO UNIT    98
 RDTITL> * CHARMM36 ALL-HYDROGEN NUCLEIC ACID FORCE TOPPAR STREAM FILE
 RDTITL> * NAD+, NADH, ADP, ATP, PPI AND RELATED ANALOGS
 RDTITL> * A.D. MACKERELL, JR., JULY 2001
 RDTITL> * STREAM FOLLOWING RTF AND PARAM READ OF
 RDTITL> *
 Parameter: IN1 <- "" <empty>
  
 CHARMM>     
  
 CHARMM>    !Update, 2015/1, nomenclature for NAD+ etc. consistent with PDB
 CHARMM>     
  
 CHARMM>    !Parent files that have to be read prior to streaming this file
 CHARMM>    !top_all36_na.rtf
 CHARMM>    !par_all36_na.prm
 CHARMM>     
  
 CHARMM>    !Testcase
 CHARMM>    !test_all36_na_nad_ppi.inp
 CHARMM>     
  
 CHARMM>    !Reference
 CHARMM>    !Pavelites, J.J., Bash, P.A., Gao, J., and MacKerell, Jr.,
 CHARMM>    !A.D. A Molecular Mechanics Force Field for NAD+, NADH and the
 CHARMM>    !Pyrophosphate Groups of Nucleotides, Journal of Computational
 CHARMM>    !Chemistry, 1997, 18: 221-239.
 CHARMM>     
  
 CHARMM>    read rtf card append
 MAINIO> Residue topology file being read from unit  98.
 RDTITL> * NAD, PPI TOPOLOGY
 RDTITL> *
*** WARNING **** residue NIC  already exists (old one deleted)

      ***** LEVEL  1 WARNING FROM <RTFRDR> *****
      ***** Residue already exists.
      ******************************************
      BOMLEV (  0) IS NOT REACHED. WRNLEV IS  5

          RESI NIC         1.00
*** WARNING **** residue NICH already exists (old one deleted)

      ***** LEVEL  1 WARNING FROM <RTFRDR> *****
      ***** Residue already exists.
      ******************************************
      BOMLEV (  0) IS NOT REACHED. WRNLEV IS  5

          RESI NICH         0.00
*** WARNING **** residue PPI1 already exists (old one deleted)

      ***** LEVEL  1 WARNING FROM <RTFRDR> *****
      ***** Residue already exists.
      ******************************************
      BOMLEV (  0) IS NOT REACHED. WRNLEV IS  5

          RESI PPI1        -3.00
*** WARNING **** residue PPI2 already exists (old one deleted)

      ***** LEVEL  1 WARNING FROM <RTFRDR> *****
      ***** Residue already exists.
      ******************************************
      BOMLEV (  0) IS NOT REACHED. WRNLEV IS  5

          RESI PPI2        -2.00
*** WARNING **** residue AMP  already exists (old one deleted)

      ***** LEVEL  1 WARNING FROM <RTFRDR> *****
      ***** Residue already exists.
      ******************************************
      BOMLEV (  0) IS NOT REACHED. WRNLEV IS  5

          RESI AMP         -2.00
*** WARNING **** residue ADP  already exists (old one deleted)

      ***** LEVEL  1 WARNING FROM <RTFRDR> *****
      ***** Residue already exists.
      ******************************************
      BOMLEV (  0) IS NOT REACHED. WRNLEV IS  5

          RESI ADP         -3.00
*** WARNING **** residue ATP  already exists (old one deleted)

      ***** LEVEL  1 WARNING FROM <RTFRDR> *****
      ***** Residue already exists.
      ******************************************
      BOMLEV (  0) IS NOT REACHED. WRNLEV IS  5

          RESI ATP         -4.00
*** WARNING **** residue 5DP  already exists (old one deleted)

      ***** LEVEL  1 WARNING FROM <RTFRDR> *****
      ***** Residue already exists.
      ******************************************
      BOMLEV (  0) IS NOT REACHED. WRNLEV IS  5

          PRES 5DP         -3.00
*** WARNING **** residue NAD  already exists (old one deleted)

      ***** LEVEL  1 WARNING FROM <RTFRDR> *****
      ***** Residue already exists.
      ******************************************
      BOMLEV (  0) IS NOT REACHED. WRNLEV IS  5

          RESI NAD         -1.00
*** WARNING **** residue NADH already exists (old one deleted)

      ***** LEVEL  1 WARNING FROM <RTFRDR> *****
      ***** Residue already exists.
      ******************************************
      BOMLEV (  0) IS NOT REACHED. WRNLEV IS  5

          RESI NADH        -2.00
*** WARNING **** residue NADP already exists (old one deleted)

      ***** LEVEL  1 WARNING FROM <RTFRDR> *****
      ***** Residue already exists.
      ******************************************
      BOMLEV (  0) IS NOT REACHED. WRNLEV IS  5

          RESI NADP        -2.00
*** WARNING **** residue NDPH already exists (old one deleted)

      ***** LEVEL  1 WARNING FROM <RTFRDR> *****
      ***** Residue already exists.
      ******************************************
      BOMLEV (  0) IS NOT REACHED. WRNLEV IS  5

          RESI NDPH        -3.00
 There were  12 warning(s) from RTFRDR.
  
 CHARMM>     
  
 CHARMM>    read para card flex append

          PARAMETER FILE BEING READ FROM UNIT 98
 RDTITL> * NAD, PPI PARAMETERS
 RDTITL> *
 PARMIO> NONBOND, HBOND lists and IMAGE atoms cleared.
  
 CHARMM>     
  
 CHARMM>     
  
 VCLOSE: Closing unit   98 with status "KEEP"

                    RETURNING TO INPUT STREAM    99
  
 CHARMM>    stream toppar/toppar_all36_na_rna_modified.str
 VOPEN> Attempting to open::toppar/toppar_all36_na_rna_modified.str::
 OPNLGU> Unit 98 opened for READONLY access to toppar/toppar_all36_na_rna_modified.str

                    INPUT STREAM SWITCHING TO UNIT    98
 RDTITL> * ADDITIVE CHARMM FORCE FIELD FOR MODIFIED RIBONUCLEIC ACIDS, INCLUDING
 RDTITL> * THOSE FOUNDS IN TRNA. YOU XU, KAROLINSKA INSTITUTET, 2015.
 RDTITL> * |
 RDTITL> * WARNING: PARAMETERS AND ATOM TYPE ASSIGNMENTS IN THIS FILE ARE SPECIFIC
 RDTITL> * FOR THESE COMPOUNDS AND SHOULD UNDER NO CIRCUMSTANCES BE APPLIED TO
 RDTITL> * OTHER ORGANIC MOLECULES
 RDTITL> *
 Parameter: IN1 <- "" <empty>
  
 CHARMM>     
  
 CHARMM>    ! Xu, Y., Vanommeslaeghe, K., Aleksandrov, A., MacKerell, A.D.,
 CHARMM>    ! Jr. Nilsson, L., “Additive CHARMM force field for naturally
 CHARMM>    ! occurring modified ribonucleotides,” Journal of Computational
 CHARMM>    !  Chemistry, DOI: 10.1002/jcc.24307, 2016
 CHARMM>     
  
 CHARMM>    ! Should be used with parent files CGenFF: top_all36_cgenff.inp and par_all36_cgenff.inp
 CHARMM>    !                                    NA36: top_all36_na.inp and par_all36_na.inp
 CHARMM>    !                              and Carb36: top_all36_carb.inp and par_all36_carb.inp
 CHARMM>    !
 CHARMM>     
  
 CHARMM>    read rtf card append
 MAINIO> Residue topology file being read from unit  98.
 RDTITL> * TOPOLOGIES OF MODIFIED NUCLEOTIDES
 RDTITL> *
*** WARNING **** residue BUG  already exists (old one deleted)

      ***** LEVEL  1 WARNING FROM <RTFRDR> *****
      ***** Residue already exists.
      ******************************************
      BOMLEV (  0) IS NOT REACHED. WRNLEV IS  5

          RESI BUG           -1.00
 There were   1 warning(s) from RTFRDR.
  
 CHARMM>     
  
 CHARMM>    read param card flex append

          PARAMETER FILE BEING READ FROM UNIT 98
 RDTITL> * ADDITIVE CHARMM PARAMETERS FOR MODIFIED NUCLEIC ACIDS, BETA VERSION
 RDTITL> * YOU XU, KAROLINSKA INSTITUTET, 2015.
 RDTITL> *
 PARMIO> NONBOND, HBOND lists and IMAGE atoms cleared.
  
 CHARMM>    RETURN
 VCLOSE: Closing unit   98 with status "KEEP"

                    RETURNING TO INPUT STREAM    99
  
 CHARMM>     
  
 CHARMM>    ! Additional topologies and parameters for lipids
 CHARMM>    stream toppar/toppar_all36_lipid_sphingo.str
 VOPEN> Attempting to open::toppar/toppar_all36_lipid_sphingo.str::
 OPNLGU> Unit 98 opened for READONLY access to toppar/toppar_all36_lipid_sphingo.str

                    INPUT STREAM SWITCHING TO UNIT    98
 RDTITL> * TOPPAR STREAM FOR CERAMIDES AND SPINGOMYELINS; REQUIRES FLEX FORMAT FILES
 RDTITL> * TOP_ALL36_LIPID.RTF AND PAR_ALL36_LIPID.PRM
 RDTITL> *
 Parameter: IN1 <- "" <empty>
  
 CHARMM>     
  
 CHARMM>    ! REFERENCES
 CHARMM>    !
 CHARMM>    ! PSM and SSM Lipids
 CHARMM>    !
 CHARMM>    ! Venable, R. M.; Sodt, A. J.; Rogaski, B.; Rui, H.; Hatcher, E.; MacKerell, A. D.;
 CHARMM>    ! Pastor, R. W.; Klauda, J. B., CHARMM All-Atom Additive Force Field for Sphingomyelin:
 CHARMM>    ! Elucidation of Hydrogen Bonding and of Positive Curvature. Biophys. J. 2014, 107 (1), 134-145
 CHARMM>    !
 CHARMM>    ! Ceramide
 CHARMM>    !
 CHARMM>    ! Submited by Sam Tonddast-Navaei of U. Cincinnati. Advised by Russell Devane
 CHARMM>    ! Tested by Eric Wang of U. Maryland. Advised by Jeffery Klauda
 CHARMM>    !
 CHARMM>    !
 CHARMM>    ! CerAP/Cer6, CerNP/Cer3, and CerEOS/Cer1
 CHARMM>    !
 CHARMM>    ! Wang, E.; Klauda, J. B., Structure and Permeability of Ceramide Bilayers and Multilayers.
 CHARMM>    ! J. Phys. Chem. B., 2019, 123, 11, 2525-2535
 CHARMM>    ! Wang, E.; Klauda, J. B., Molecular Structure of the Long Periodicity Phase in the Stratum Corneum.
 CHARMM>    ! J. Amer. Chem. Soc., 2019. 141, 42, 16930-16943
 CHARMM>     
  
 CHARMM>    set nat ?NATC
 RDCMND substituted energy or value "?NATC" to "585"
 Parameter: NAT <- "585"
  
 CHARMM>    set app
 Parameter: APP <- "" <empty>
  
 CHARMM>    !We're exploiting what is arguably a bug in the parser. On the left hand side,
 CHARMM>    !the quotes have proirity, so NAT is correctly substituted. On the right hand
 CHARMM>    !side, the ? has priority and NATC" (sic) is not a valid substitution...
 CHARMM>    if "@NAT" ne "?NATC" if @nat ne 0 set app append
 Parameter: NAT -> "585"
 Parameter: NAT -> "585"
 RDCMND: can not substitute energy "?NATC""
 Comparing ""585"" and ""?NATC"".
 IF test evaluated as true.  Performing command
 Comparing "585" and "0".
 IF test evaluated as true.  Performing command
 Parameter: APP <- "APPEND"
  
 CHARMM>     
  
 CHARMM>    read rtf card @app
 Parameter: APP -> "APPEND"
 MAINIO> Residue topology file being read from unit  98.
 RDTITL> * CER/SM RESIDUES
 RDTITL> *
  
 CHARMM>     
  
 CHARMM>    read para card flex @app
 Parameter: APP -> "APPEND"

          PARAMETER FILE BEING READ FROM UNIT 98
 RDTITL> * NEW PARAMETERS
 RDTITL> *
 PARRDR> Error: Repeated DIHE parameter ( 14758): NHL   C     CTO1  HAL1 is replaced
 PARRDR> Error: Repeated DIHE parameter ( 14779): O     C     CTO1  HAL1 is replaced
 PARMIO> NONBOND, HBOND lists and IMAGE atoms cleared.
  
 CHARMM>     
  
 CHARMM>    return
 VCLOSE: Closing unit   98 with status "KEEP"

                    RETURNING TO INPUT STREAM    99
  
 CHARMM>    stream toppar/toppar_all36_lipid_archaeal.str
 VOPEN> Attempting to open::toppar/toppar_all36_lipid_archaeal.str::
 OPNLGU> Unit 98 opened for READONLY access to toppar/toppar_all36_lipid_archaeal.str

                    INPUT STREAM SWITCHING TO UNIT    98
 RDTITL> * TOPPAR STREAM FILE FOR ARCHAEAL LIPIDS.
 RDTITL> *
 Parameter: IN1 <- "" <empty>
  
 CHARMM>     
  
 CHARMM>    ! This is an on-going file of archaeal lipids
 CHARMM>    ! I am adding meanquinone-7 now
 CHARMM>     
  
 CHARMM>    read rtf card append
 MAINIO> Residue topology file being read from unit  98.
 RDTITL> * ARCHAEAL LIPIDS
 RDTITL> *
  
 CHARMM>     
  
 CHARMM>    read param card flex append

          PARAMETER FILE BEING READ FROM UNIT 98
 RDTITL> * PARAMETERS GENERATED BY ANALOGY BY CGENFF
 RDTITL> *
 PARMIO> NONBOND, HBOND lists and IMAGE atoms cleared.
  
 CHARMM>     
  
 CHARMM>    RETURN
 VCLOSE: Closing unit   98 with status "KEEP"

                    RETURNING TO INPUT STREAM    99
  
 CHARMM>    stream toppar/toppar_all36_lipid_bacterial.str
 VOPEN> Attempting to open::toppar/toppar_all36_lipid_bacterial.str::
 OPNLGU> Unit 98 opened for READONLY access to toppar/toppar_all36_lipid_bacterial.str

                    INPUT STREAM SWITCHING TO UNIT    98
 RDTITL> * TOPPAR STREAM FILE FOR BRANCHED AND CYCLIC CHAINED LIPIDS.  FOLLOWING READING OF
 RDTITL> * TOP_ALL36_LIPID.RTF
 RDTITL> * AND
 RDTITL> * PAR_ALL36_LIPID.RTF
 RDTITL> *
 Parameter: IN1 <- "" <empty>
  
 CHARMM>     
  
 CHARMM>    ! REFERENCES
 CHARMM>    !
 CHARMM>    ! Branched Lipids
 CHARMM>    !
 CHARMM>    ! Lim, J.B. & Klauda, J.B. Branching at the Iso- and Anteiso- Positions in Complex Chlamydia
 CHARMM>    ! Membranes: A Molecular Dynamics Study. Biochimica et Biophysica Acta (BBA) - Biomembranes
 CHARMM>    ! 1808:323-331 (2011).
 CHARMM>    !
 CHARMM>    ! Cyclic-replacement of double bond
 CHARMM>    !
 CHARMM>    ! Pandit, K.R. & Klauda, J.B. Membrane models of E. coli containing cyclic moieties in
 CHARMM>    ! the aliphatic lipid chain. Biochimica et Biophysica Acta (BBA) - Biomembranes
 CHARMM>    ! 1818:1205-1210 (2012).
 CHARMM>    !
 CHARMM>     
  
 CHARMM>    set nat ?NATC
 RDCMND substituted energy or value "?NATC" to "590"
 Parameter: NAT <- "590"
  
 CHARMM>    set app
 Parameter: APP <- "" <empty>
  
 CHARMM>    !We're exploiting what is arguably a bug in the parser. On the left hand side,
 CHARMM>    !the quotes have proirity, so NAT is correctly substituted. On the right hand
 CHARMM>    !side, the ? has priority and NATC" (sic) is not a valid substitution...
 CHARMM>    if "@NAT" ne "?NATC" if @nat ne 0 set app append
 Parameter: NAT -> "590"
 Parameter: NAT -> "590"
 RDCMND: can not substitute energy "?NATC""
 Comparing ""590"" and ""?NATC"".
 IF test evaluated as true.  Performing command
 Comparing "590" and "0".
 IF test evaluated as true.  Performing command
 Parameter: APP <- "APPEND"
  
 CHARMM>     
  
 CHARMM>    read rtf card @app
 Parameter: APP -> "APPEND"
 MAINIO> Residue topology file being read from unit  98.
 RDTITL> * CHOLESTEROL RESIDUES
 RDTITL> *
  
 CHARMM>     
  
 CHARMM>    read para card flex @app
 Parameter: APP -> "APPEND"

          PARAMETER FILE BEING READ FROM UNIT 98
 RDTITL> * NEW PARAMETERS
 RDTITL> *
 PARMIO> NONBOND, HBOND lists and IMAGE atoms cleared.
  
 CHARMM>     
  
 CHARMM>    return
 VCLOSE: Closing unit   98 with status "KEEP"

                    RETURNING TO INPUT STREAM    99
  
 CHARMM>    stream toppar/toppar_all36_lipid_cardiolipin.str
 VOPEN> Attempting to open::toppar/toppar_all36_lipid_cardiolipin.str::
 OPNLGU> Unit 98 opened for READONLY access to toppar/toppar_all36_lipid_cardiolipin.str

                    INPUT STREAM SWITCHING TO UNIT    98
 RDTITL> READ RTF CARD APPEND FLEX
 RDTITL> No title read.
 Parameter: IN1 <- "" <empty>
  
 CHARMM>    read rtf card append flex
 MAINIO> Residue topology file being read from unit  98.
 RDTITL>  
 RDTITL> No title read.
 WARNING from DECODI -- Zero length string being converted to 0
 RTFRDR> WARNING: Version number is NOT specified.
  
 CHARMM>     
  
 CHARMM>    return
 VCLOSE: Closing unit   98 with status "KEEP"

                    RETURNING TO INPUT STREAM    99
  
 CHARMM>    stream toppar/toppar_all36_lipid_cholesterol.str
 VOPEN> Attempting to open::toppar/toppar_all36_lipid_cholesterol.str::
 OPNLGU> Unit 98 opened for READONLY access to toppar/toppar_all36_lipid_cholesterol.str

                    INPUT STREAM SWITCHING TO UNIT    98
 RDTITL> * TOPPAR STREAM FILE FOR CHOLESTEROL.  STREAM FOLLOWING READING OF
 RDTITL> * TOP_ALL36_LIPID.RTF
 RDTITL> * PAR_ALL36_LIPID.RTF
 RDTITL> * TOP_ALL36_CGENFF.RTF
 RDTITL> * AND PAR_ALL36_CGENFF.PRM
 RDTITL> *
 Parameter: IN1 <- "" <empty>
  
 CHARMM>     
  
 CHARMM>    !topology and parameters are included for two cholesterol models. the
 CHARMM>    !model may be selected by setting variable chol_model to 1 or 2, as
 CHARMM>    !specified below
 CHARMM>    !
 CHARMM>     
  
 CHARMM>    set chol_model 1 !2 for original Suits et al. model
 Parameter: CHOL_MODEL <- "1"
  
 CHARMM>     
  
 CHARMM>    !
 CHARMM>    !1) Revised model of Lim et al.  This contains a number of NBFIXes that
 CHARMM>    !makes it unsuitable for ANTON (set chol_model 1)
 CHARMM>    !
 CHARMM>    !2) Original model of Suits et al., which is used on ANTON as well as
 CHARMM>    !being suitable for other systems (set chol_model 2 (or anything but 1....))
 CHARMM>    !
 CHARMM>    !references
 CHARMM>    !
 CHARMM>    !Lim, J.B., Rogaski, B. and Klauda, J.B.. "Update of the Cholesterol Force Field
 CHARMM>    !Parameters in CHARMM" 116: 203-210 (2012).
 CHARMM>    !
 CHARMM>    !Suits, F., Pitman, M., MacKerell, A.D., Jr., Feller, S.E. "Molecular Level
 CHARMM>    !Organization of Saturated and Polyunsaturated Fatty Acids in a
 CHARMM>    !Phosphatidylcholine Bilayer Containing Cholesterol" Biochemistry,
 CHARMM>    !43(49):15318-28, 2004
 CHARMM>    !
 CHARMM>     
  
 CHARMM>    !test "append"
 CHARMM>    set nat ?NATC
 RDCMND substituted energy or value "?NATC" to "590"
 Parameter: NAT <- "590"
  
 CHARMM>    set app
 Parameter: APP <- "" <empty>
  
 CHARMM>    !We're exploiting what is arguably a bug in the parser. On the left hand side,
 CHARMM>    !the quotes have priority, so NAT is correctly substituted. On the right hand
 CHARMM>    !side, the ? has priority and NATC" (sic) is not a valid substitution...
 CHARMM>    if "@NAT" ne "?NATC" if @nat ne 0 set app append
 Parameter: NAT -> "590"
 Parameter: NAT -> "590"
 RDCMND: can not substitute energy "?NATC""
 Comparing ""590"" and ""?NATC"".
 IF test evaluated as true.  Performing command
 Comparing "590" and "0".
 IF test evaluated as true.  Performing command
 Parameter: APP <- "APPEND"
  
 CHARMM>     
  
 CHARMM>    if chol_model eq 1 then
 Comparing "1" and "1".
 IF test evaluated as true.  Performing command
  
 CHARMM>     
  
 CHARMM>    ! reference
 CHARMM>    ! Lim, J.B., Rogaski, B. and Klauda, J.B.. "Update of the Cholesterol Force Field
 CHARMM>    ! Parameters in CHARMM" 116: 203-210 (2012).
 CHARMM>    !
 CHARMM>     
  
 CHARMM>    read rtf card @app
 Parameter: APP -> "APPEND"
 MAINIO> Residue topology file being read from unit  98.
 RDTITL> * TOPOLOGY FOR CHOLESTEROL
 RDTITL> *
  
 CHARMM>     
  
 CHARMM>    read param card flex @app
 Parameter: APP -> "APPEND"

          PARAMETER FILE BEING READ FROM UNIT 98
 RDTITL> * CHOLESTEROL PARAMETERS
 RDTITL> *
 PARRDR> Error: Repeated DIHE parameter ( 15118): OG31  CG30  CG3C  CG3C is replaced
 PARRDR> Error: Repeated DIHE parameter ( 15119): OG31  CG30  CG3C  CG3R is replaced
 PARRDR> Error: Repeated DIHE parameter ( 15120): OG31  CG30  CG3C  HGA1 is replaced
 PARRDR> Error: Repeated DIHE parameter ( 15118): OG31  CG30  CG3C  CG3C is replaced
 PARRDR> Error: Repeated DIHE parameter ( 15119): OG31  CG30  CG3C  CG3R is replaced
 PARRDR> Error: Repeated DIHE parameter ( 15120): OG31  CG30  CG3C  HGA1 is replaced
 PARMIO> NONBOND, HBOND lists and IMAGE atoms cleared.
  
 CHARMM>     
  
 CHARMM>    return
 VCLOSE: Closing unit   98 with status "KEEP"

                    RETURNING TO INPUT STREAM    99
  
 CHARMM>    stream toppar/toppar_all36_lipid_dag.str
 VOPEN> Attempting to open::toppar/toppar_all36_lipid_dag.str::
 OPNLGU> Unit 98 opened for READONLY access to toppar/toppar_all36_lipid_dag.str

                    INPUT STREAM SWITCHING TO UNIT    98
 RDTITL> READ RTF CARD APPEND
 RDTITL> No title read.
 Parameter: IN1 <- "" <empty>
  
 CHARMM>    read rtf card append
 MAINIO> Residue topology file being read from unit  98.
 RDTITL> * TOPOLOGY FOR LIPIDA FROM DAG
 RDTITL> *
  
 VCLOSE: Closing unit   98 with status "KEEP"

                    RETURNING TO INPUT STREAM    99
  
 CHARMM>    stream toppar/toppar_all36_lipid_inositol.str
 VOPEN> Attempting to open::toppar/toppar_all36_lipid_inositol.str::
 OPNLGU> Unit 98 opened for READONLY access to toppar/toppar_all36_lipid_inositol.str

                    INPUT STREAM SWITCHING TO UNIT    98
 RDTITL> READ RTF CARD APPEND
 RDTITL> No title read.
 Parameter: IN1 <- "" <empty>
  
 CHARMM>    read rtf card append
 MAINIO> Residue topology file being read from unit  98.
 RDTITL> * TOPOLOGY FOR INOSITOL-BASED LIPIDS
 RDTITL> *
  
 CHARMM>     
  
 CHARMM>    RETURN
 VCLOSE: Closing unit   98 with status "KEEP"

                    RETURNING TO INPUT STREAM    99
  
 CHARMM>    stream toppar/toppar_all36_lipid_lnp.str
 VOPEN> Attempting to open::toppar/toppar_all36_lipid_lnp.str::
 OPNLGU> Unit 98 opened for READONLY access to toppar/toppar_all36_lipid_lnp.str

                    INPUT STREAM SWITCHING TO UNIT    98
 RDTITL> READ RTF CARD APPEND
 RDTITL> No title read.
 Parameter: IN1 <- "" <empty>
  
 CHARMM>    read rtf card append
 MAINIO> Residue topology file being read from unit  98.
 RDTITL> * LNP
 RDTITL> *

      ***** LEVEL  1 WARNING FROM <DECODF> *****
      ***** Zero length string
      ******************************************
      BOMLEV (  0) IS NOT REACHED. WRNLEV IS  5

 WARNING from DECODF -- Zero length string being converted to 0.
 **** WARNING from RTFRDR **** The total charge of the residue, DAGP,  -0.0100000,
 does not equal the expected charge,   0.0000000.

      ***** LEVEL  1 WARNING FROM <DECODF> *****
      ***** Zero length string
      ******************************************
      BOMLEV (  0) IS NOT REACHED. WRNLEV IS  5

 WARNING from DECODF -- Zero length string being converted to 0.
          PRES DPEPEG
 **** WARNING from RTFRDR **** The total charge of the residue, DPEP,  -0.0100000,
 does not equal the expected charge,   0.0000000.
 There were   2 warning(s) from RTFRDR.
  
 CHARMM>     
  
 CHARMM>    read param card flex append

          PARAMETER FILE BEING READ FROM UNIT 98
 RDTITL> * LNP
 RDTITL> *
 PARMIO> NONBOND, HBOND lists and IMAGE atoms cleared.
  
 CHARMM>     
  
 CHARMM>    RETURN
 VCLOSE: Closing unit   98 with status "KEEP"

                    RETURNING TO INPUT STREAM    99
  
 CHARMM>    stream toppar/toppar_all36_lipid_lps.str
 VOPEN> Attempting to open::toppar/toppar_all36_lipid_lps.str::
 OPNLGU> Unit 98 opened for READONLY access to toppar/toppar_all36_lipid_lps.str

                    INPUT STREAM SWITCHING TO UNIT    98
 RDTITL> READ RTF CARD APPEND
 RDTITL> No title read.
 Parameter: IN1 <- "" <empty>
  
 CHARMM>    read rtf card append
 MAINIO> Residue topology file being read from unit  98.
 RDTITL> * TOPOLOGY FOR LIPIDA FROM LPS
 RDTITL> *
 WARNING from DECODI -- Zero length string being converted to 0
 RTFRDR> WARNING: Version number is NOT specified.
  
 CHARMM>     
  
 CHARMM>     
  
 CHARMM>    read param card append flex

          PARAMETER FILE BEING READ FROM UNIT 98
 RDTITL> *    NEW PARAMETES
 RDTITL> *
 PARMIO> NONBOND, HBOND lists and IMAGE atoms cleared.
  
 CHARMM>     
  
 VCLOSE: Closing unit   98 with status "KEEP"

                    RETURNING TO INPUT STREAM    99
  
 CHARMM>    stream toppar/toppar_all36_lipid_mycobacterial.str
 VOPEN> Attempting to open::toppar/toppar_all36_lipid_mycobacterial.str::
 OPNLGU> Unit 98 opened for READONLY access to toppar/toppar_all36_lipid_mycobacterial.str

                    INPUT STREAM SWITCHING TO UNIT    98
 RDTITL> * TOPPAR STREAM FILE FOR BRANCHED AND CYCLIC CHAINED LIPIDS.  FOLLOWING READING OF
 RDTITL> * TOP_ALL36_LIPID.RTF, PAR_ALL36_LIPID.PRM
 RDTITL> * AND
 RDTITL> * TOPPAR_ALL36_LIPID_BACTERIAL.STR
 RDTITL> *
 Parameter: IN1 <- "" <empty>
  
 CHARMM>     
  
 CHARMM>    read rtf card append
 MAINIO> Residue topology file being read from unit  98.
 RDTITL> * CHOLESTEROL RESIDUES
 RDTITL> *
  
 CHARMM>     
  
 CHARMM>    read para card flex @app
 Parameter: APP -> "APPEND"

          PARAMETER FILE BEING READ FROM UNIT 98
 RDTITL> * NEW PARAMETERS
 RDTITL> *
 PARRDR> Error: Repeated ANGLE parameter (  5023): CEL1  CEL1  CTL1 is replaced
 PARRDR> Error: Repeated DIHE parameter ( 15365): CTL2  CG2O  CTL1  CTL3 is replaced
 PARRDR> Error: Repeated DIHE parameter ( 15366): CTL2  CG2O  CTL1  CTL3 is replaced
 PARRDR> Error: Repeated DIHE parameter ( 15365): CTL2  CG2O  CTL1  CTL3 is replaced
 PARRDR> Error: Repeated DIHE parameter ( 15366): CTL2  CG2O  CTL1  CTL3 is replaced
 PARMIO> NONBOND, HBOND lists and IMAGE atoms cleared.
  
 CHARMM>     
  
 CHARMM>    RETURN
 VCLOSE: Closing unit   98 with status "KEEP"

                    RETURNING TO INPUT STREAM    99
  
 CHARMM>    stream toppar/toppar_all36_lipid_miscellaneous.str
 VOPEN> Attempting to open::toppar/toppar_all36_lipid_miscellaneous.str::
 OPNLGU> Unit 98 opened for READONLY access to toppar/toppar_all36_lipid_miscellaneous.str

                    INPUT STREAM SWITCHING TO UNIT    98
 RDTITL> READ RTF CARD APPEND FLEX
 RDTITL> No title read.
 Parameter: IN1 <- "" <empty>
  
 CHARMM>    read rtf card append flex
 MAINIO> Residue topology file being read from unit  98.
 RDTITL> * TOPOLOGY FOR MISCELLANEOUS LIPIDS
 RDTITL> *
  
 CHARMM>     
  
 CHARMM>    read param card flex append

          PARAMETER FILE BEING READ FROM UNIT 98
 RDTITL> * PARAMETER FOR ACYL PYROPHOSPHATE: ADDED 2019_7
 RDTITL> *
 PARMIO> NONBOND, HBOND lists and IMAGE atoms cleared.
  
 CHARMM>     
  
 CHARMM>    return
 VCLOSE: Closing unit   98 with status "KEEP"

                    RETURNING TO INPUT STREAM    99
  
 CHARMM>    stream toppar/toppar_all36_lipid_model.str
 VOPEN> Attempting to open::toppar/toppar_all36_lipid_model.str::
 OPNLGU> Unit 98 opened for READONLY access to toppar/toppar_all36_lipid_model.str

                    INPUT STREAM SWITCHING TO UNIT    98
 RDTITL> * CHARMM36 ALL-HYDROGEN LIPID FORCE FIELD TOPPAR STREAM FILE
 RDTITL> * COLLECTION OF RESIDUES AND PATCHES FOR MODEL COMPOUNDS USED
 RDTITL> * IN THE OPTIMIZATION THE LIPID FORCE FIELD.
 RDTITL> *
 Parameter: IN1 <- "" <empty>
  
 CHARMM>     
  
 CHARMM>    !Parent files that have to be read prior to streaming this file
 CHARMM>    !top_all36_lipid.rtf
 CHARMM>    !par_all36_lipid.prm
 CHARMM>     
  
 CHARMM>    !Testcase
 CHARMM>    !test_all36_lipid_model.inp
 CHARMM>     
  
 CHARMM>    read rtf card append
 MAINIO> Residue topology file being read from unit  98.
 RDTITL> * C36 LIPID MODEL COMPOUNDS
 RDTITL> *
*** WARNING **** residue MAS  already exists (old one deleted)

      ***** LEVEL  1 WARNING FROM <RTFRDR> *****
      ***** Residue already exists.
      ******************************************
      BOMLEV (  0) IS NOT REACHED. WRNLEV IS  5

          RESI MAS          0.00
*** WARNING **** residue ETAC already exists (old one deleted)

      ***** LEVEL  1 WARNING FROM <RTFRDR> *****
      ***** Residue already exists.
      ******************************************
      BOMLEV (  0) IS NOT REACHED. WRNLEV IS  5

          RESI ETAC         0.00
*** WARNING **** residue MPRO already exists (old one deleted)

      ***** LEVEL  1 WARNING FROM <RTFRDR> *****
      ***** Residue already exists.
      ******************************************
      BOMLEV (  0) IS NOT REACHED. WRNLEV IS  5

          RESI MPRO         0.00
*** WARNING **** residue MP_1 already exists (old one deleted)

      ***** LEVEL  1 WARNING FROM <RTFRDR> *****
      ***** Residue already exists.
      ******************************************
      BOMLEV (  0) IS NOT REACHED. WRNLEV IS  5

          RESI MP_1        -1.00
*** WARNING **** residue MP_2 already exists (old one deleted)

      ***** LEVEL  1 WARNING FROM <RTFRDR> *****
      ***** Residue already exists.
      ******************************************
      BOMLEV (  0) IS NOT REACHED. WRNLEV IS  5

          RESI MP_2        -2.00
*** WARNING **** residue MSO4 already exists (old one deleted)

      ***** LEVEL  1 WARNING FROM <RTFRDR> *****
      ***** Residue already exists.
      ******************************************
      BOMLEV (  0) IS NOT REACHED. WRNLEV IS  5

          RESI MSO4        -1.00
*** WARNING **** residue BUTA already exists (old one deleted)

      ***** LEVEL  1 WARNING FROM <RTFRDR> *****
      ***** Residue already exists.
      ******************************************
      BOMLEV (  0) IS NOT REACHED. WRNLEV IS  5

          RESI BUTA         0.00
*** WARNING **** residue PENT already exists (old one deleted)

      ***** LEVEL  1 WARNING FROM <RTFRDR> *****
      ***** Residue already exists.
      ******************************************
      BOMLEV (  0) IS NOT REACHED. WRNLEV IS  5

          RESI PENT         0.00
*** WARNING **** residue HEXA already exists (old one deleted)

      ***** LEVEL  1 WARNING FROM <RTFRDR> *****
      ***** Residue already exists.
      ******************************************
      BOMLEV (  0) IS NOT REACHED. WRNLEV IS  5

          RESI HEXA         0.00
*** WARNING **** residue ETHE already exists (old one deleted)

      ***** LEVEL  1 WARNING FROM <RTFRDR> *****
      ***** Residue already exists.
      ******************************************
      BOMLEV (  0) IS NOT REACHED. WRNLEV IS  5

          RESI ETHE       0.00
*** WARNING **** residue PRPE already exists (old one deleted)

      ***** LEVEL  1 WARNING FROM <RTFRDR> *****
      ***** Residue already exists.
      ******************************************
      BOMLEV (  0) IS NOT REACHED. WRNLEV IS  5

          RESI PRPE       0.00
*** WARNING **** residue BTE1 already exists (old one deleted)

      ***** LEVEL  1 WARNING FROM <RTFRDR> *****
      ***** Residue already exists.
      ******************************************
      BOMLEV (  0) IS NOT REACHED. WRNLEV IS  5

          RESI BTE1       0.00
*** WARNING **** residue BTE2 already exists (old one deleted)

      ***** LEVEL  1 WARNING FROM <RTFRDR> *****
      ***** Residue already exists.
      ******************************************
      BOMLEV (  0) IS NOT REACHED. WRNLEV IS  5

          RESI BTE2       0.00
*** WARNING **** residue DIPE already exists (old one deleted)

      ***** LEVEL  1 WARNING FROM <RTFRDR> *****
      ***** Residue already exists.
      ******************************************
      BOMLEV (  0) IS NOT REACHED. WRNLEV IS  5

          RESI DIPE       0.00
*** WARNING **** residue DIHE already exists (old one deleted)

      ***** LEVEL  1 WARNING FROM <RTFRDR> *****
      ***** Residue already exists.
      ******************************************
      BOMLEV (  0) IS NOT REACHED. WRNLEV IS  5

          RESI DIHE       0.00
*** WARNING **** residue NC4  already exists (old one deleted)

      ***** LEVEL  1 WARNING FROM <RTFRDR> *****
      ***** Residue already exists.
      ******************************************
      BOMLEV (  0) IS NOT REACHED. WRNLEV IS  5

          RESI NC4          1.00
*** WARNING **** residue NC5  already exists (old one deleted)

      ***** LEVEL  1 WARNING FROM <RTFRDR> *****
      ***** Residue already exists.
      ******************************************
      BOMLEV (  0) IS NOT REACHED. WRNLEV IS  5

          RESI NC5          1.00
*** WARNING **** residue CHOL already exists (old one deleted)

      ***** LEVEL  1 WARNING FROM <RTFRDR> *****
      ***** Residue already exists.
      ******************************************
      BOMLEV (  0) IS NOT REACHED. WRNLEV IS  5

          RESI CHOL         1.00
*** WARNING **** residue ACHO already exists (old one deleted)

      ***** LEVEL  1 WARNING FROM <RTFRDR> *****
      ***** Residue already exists.
      ******************************************
      BOMLEV (  0) IS NOT REACHED. WRNLEV IS  5

          RESI ACHO         1.00
*** WARNING **** residue PC   already exists (old one deleted)

      ***** LEVEL  1 WARNING FROM <RTFRDR> *****
      ***** Residue already exists.
      ******************************************
      BOMLEV (  0) IS NOT REACHED. WRNLEV IS  5

          RESI PC           0.00
*** WARNING **** residue GPC  already exists (old one deleted)

      ***** LEVEL  1 WARNING FROM <RTFRDR> *****
      ***** Residue already exists.
      ******************************************
      BOMLEV (  0) IS NOT REACHED. WRNLEV IS  5

          RESI GPC          0.00
*** WARNING **** residue TEA  already exists (old one deleted)

      ***** LEVEL  1 WARNING FROM <RTFRDR> *****
      ***** Residue already exists.
      ******************************************
      BOMLEV (  0) IS NOT REACHED. WRNLEV IS  5

          RESI TEA          1.00
*** WARNING **** residue ETAM already exists (old one deleted)

      ***** LEVEL  1 WARNING FROM <RTFRDR> *****
      ***** Residue already exists.
      ******************************************
      BOMLEV (  0) IS NOT REACHED. WRNLEV IS  5

          RESI ETAM       1.00
*** WARNING **** residue GLYC already exists (old one deleted)

      ***** LEVEL  1 WARNING FROM <RTFRDR> *****
      ***** Residue already exists.
      ******************************************
      BOMLEV (  0) IS NOT REACHED. WRNLEV IS  5

          RESI GLYC         0.00
*** WARNING **** residue MBUT already exists (old one deleted)

      ***** LEVEL  1 WARNING FROM <RTFRDR> *****
      ***** Residue already exists.
      ******************************************
      BOMLEV (  0) IS NOT REACHED. WRNLEV IS  5

          RESI MBUT         0.00
 There were  25 warning(s) from RTFRDR.
  
 CHARMM>     
  
 CHARMM>    return
 VCLOSE: Closing unit   98 with status "KEEP"

                    RETURNING TO INPUT STREAM    99
  
 CHARMM>    stream toppar/toppar_all36_lipid_prot.str
 VOPEN> Attempting to open::toppar/toppar_all36_lipid_prot.str::
 OPNLGU> Unit 98 opened for READONLY access to toppar/toppar_all36_lipid_prot.str

                    INPUT STREAM SWITCHING TO UNIT    98
 RDTITL> * TOPOLOGY AND PARAMETERS FOR LIPID TAIL LINKERS TO CYSTEINE AND GLYCINE,
 RDTITL> * FOR EXAMPLE, PALMITOYLATION, MARISTOYLATION, FERNASYLATION, GERANYLATION
 RDTITL> *
 Parameter: IN1 <- "" <empty>
  
 CHARMM>     
  
 CHARMM>    read rtf card append
 MAINIO> Residue topology file being read from unit  98.
 RDTITL> * LIPID-MODIFIED PROTEIN RESIDUES
 RDTITL> *
  
 CHARMM>     
  
 CHARMM>    read para card append flex

          PARAMETER FILE BEING READ FROM UNIT 98
 RDTITL> * CYSTEIN-PALMITATE PARAMETERS
 RDTITL> *
 PARMIO> NONBOND, HBOND lists and IMAGE atoms cleared.
  
 CHARMM>     
  
 CHARMM>    return
 VCLOSE: Closing unit   98 with status "KEEP"

                    RETURNING TO INPUT STREAM    99
  
 CHARMM>    stream toppar/toppar_all36_lipid_tag.str
 VOPEN> Attempting to open::toppar/toppar_all36_lipid_tag.str::
 OPNLGU> Unit 98 opened for READONLY access to toppar/toppar_all36_lipid_tag.str

                    INPUT STREAM SWITCHING TO UNIT    98
 RDTITL> READ RTF CARD APPEND
 RDTITL> No title read.
 Parameter: IN1 <- "" <empty>
  
 CHARMM>    read rtf card append
 MAINIO> Residue topology file being read from unit  98.
 RDTITL> * TOPOLOGY FOR TRIACYLGLYCEROLS [STEPHEN GEE FROM LEHIGH UNIVERSITY]
 RDTITL> *
  
 VCLOSE: Closing unit   98 with status "KEEP"

                    RETURNING TO INPUT STREAM    99
  
 CHARMM>    stream toppar/toppar_all36_lipid_yeast.str
 VOPEN> Attempting to open::toppar/toppar_all36_lipid_yeast.str::
 OPNLGU> Unit 98 opened for READONLY access to toppar/toppar_all36_lipid_yeast.str

                    INPUT STREAM SWITCHING TO UNIT    98
 RDTITL> * TOPPAR STREAM FILE FOR BRANCHED AND CYCLIC CHAINED LIPIDS.  FOLLOWING READING OF
 RDTITL> * TOP_ALL36_LIPID.RTF
 RDTITL> * AND
 RDTITL> * PAR_ALL36_LIPID.RTF
 RDTITL> *
 Parameter: IN1 <- "" <empty>
  
 CHARMM>     
  
 CHARMM>    set nat ?NATC
 RDCMND substituted energy or value "?NATC" to "590"
 Parameter: NAT <- "590"
  
 CHARMM>    set app
 Parameter: APP <- "" <empty>
  
 CHARMM>    !We're exploiting what is arguably a bug in the parser. On the left hand side,
 CHARMM>    !the quotes have proirity, so NAT is correctly substituted. On the right hand
 CHARMM>    !side, the ? has priority and NATC" (sic) is not a valid substitution...
 CHARMM>    if "@NAT" ne "?NATC" if @nat ne 0 set app append
 Parameter: NAT -> "590"
 Parameter: NAT -> "590"
 RDCMND: can not substitute energy "?NATC""
 Comparing ""590"" and ""?NATC"".
 IF test evaluated as true.  Performing command
 Comparing "590" and "0".
 IF test evaluated as true.  Performing command
 Parameter: APP <- "APPEND"
  
 CHARMM>     
  
 CHARMM>    read rtf card @app
 Parameter: APP -> "APPEND"
 MAINIO> Residue topology file being read from unit  98.
 RDTITL> * CHOLESTEROL RESIDUES
 RDTITL> *
  
 CHARMM>     
  
 CHARMM>    read para card flex @app
 Parameter: APP -> "APPEND"

          PARAMETER FILE BEING READ FROM UNIT 98
 RDTITL> * NEW PARAMETERS
 RDTITL> *
 PARMIO> NONBOND, HBOND lists and IMAGE atoms cleared.
  
 CHARMM>     
  
 CHARMM>    return
 VCLOSE: Closing unit   98 with status "KEEP"

                    RETURNING TO INPUT STREAM    99
  
 CHARMM>    stream toppar/toppar_all36_lipid_hmmm.str
 VOPEN> Attempting to open::toppar/toppar_all36_lipid_hmmm.str::
 OPNLGU> Unit 98 opened for READONLY access to toppar/toppar_all36_lipid_hmmm.str

                    INPUT STREAM SWITCHING TO UNIT    98
 RDTITL> READ RTF CARD APPEND FLEX
 RDTITL> No title read.
 Parameter: IN1 <- "" <empty>
  
 CHARMM>    read rtf card append flex
 MAINIO> Residue topology file being read from unit  98.
 RDTITL> * TOPOLOGY FOR TERMINAL PATCHES FOR HMMM TRUNCATED LIPIDS
 RDTITL> *

      ***** LEVEL  1 WARNING FROM <DECODF> *****
      ***** Zero length string
      ******************************************
      BOMLEV (  0) IS NOT REACHED. WRNLEV IS  5

 WARNING from DECODF -- Zero length string being converted to 0.

      ***** LEVEL  1 WARNING FROM <DECODF> *****
      ***** Zero length string
      ******************************************
      BOMLEV (  0) IS NOT REACHED. WRNLEV IS  5

 WARNING from DECODF -- Zero length string being converted to 0.

      ***** LEVEL  1 WARNING FROM <DECODF> *****
      ***** Zero length string
      ******************************************
      BOMLEV (  0) IS NOT REACHED. WRNLEV IS  5

 WARNING from DECODF -- Zero length string being converted to 0.

      ***** LEVEL  1 WARNING FROM <DECODF> *****
      ***** Zero length string
      ******************************************
      BOMLEV (  0) IS NOT REACHED. WRNLEV IS  5

 WARNING from DECODF -- Zero length string being converted to 0.

      ***** LEVEL  1 WARNING FROM <DECODF> *****
      ***** Zero length string
      ******************************************
      BOMLEV (  0) IS NOT REACHED. WRNLEV IS  5

 WARNING from DECODF -- Zero length string being converted to 0.

      ***** LEVEL  1 WARNING FROM <DECODF> *****
      ***** Zero length string
      ******************************************
      BOMLEV (  0) IS NOT REACHED. WRNLEV IS  5

 WARNING from DECODF -- Zero length string being converted to 0.

      ***** LEVEL  1 WARNING FROM <DECODF> *****
      ***** Zero length string
      ******************************************
      BOMLEV (  0) IS NOT REACHED. WRNLEV IS  5

 WARNING from DECODF -- Zero length string being converted to 0.

      ***** LEVEL  1 WARNING FROM <DECODF> *****
      ***** Zero length string
      ******************************************
      BOMLEV (  0) IS NOT REACHED. WRNLEV IS  5

 WARNING from DECODF -- Zero length string being converted to 0.
  
 CHARMM>     
  
 CHARMM>    read para card flex @app
 Parameter: APP -> "APPEND"

          PARAMETER FILE BEING READ FROM UNIT 98
 RDTITL> * NEW PARAMETERS
 RDTITL> *
 PARMIO> NONBOND, HBOND lists and IMAGE atoms cleared.
  
 CHARMM>     
  
 CHARMM>    return
 VCLOSE: Closing unit   98 with status "KEEP"

                    RETURNING TO INPUT STREAM    99
  
 CHARMM>    stream toppar/toppar_all36_lipid_detergent.str
 VOPEN> Attempting to open::toppar/toppar_all36_lipid_detergent.str::
 OPNLGU> Unit 98 opened for READONLY access to toppar/toppar_all36_lipid_detergent.str

                    INPUT STREAM SWITCHING TO UNIT    98
 RDTITL> * TOPPAR STREAM FILE FOR DETERGENTS AND FATTY ACIDS.
 RDTITL> * STREAM FOLLOWING READING OF
 RDTITL> * TOP_ALL36_LIPID.RTF
 RDTITL> * AND
 RDTITL> * PAR_ALL36_LIPID.RTF
 RDTITL> *
 Parameter: IN1 <- "" <empty>
  
 CHARMM>     
  
 CHARMM>    !Additional residues added by Im lab, Aug. 2017
 CHARMM>     
  
 CHARMM>    !Fatty acids added Jan. 2016
 CHARMM>     
  
 CHARMM>    read rtf card append
 MAINIO> Residue topology file being read from unit  98.
 RDTITL> * DETERGENT AND FATTY ACID RESIDUES
 RDTITL> *
  
 CHARMM>     
  
 CHARMM>    read para card append flex

          PARAMETER FILE BEING READ FROM UNIT 98
 RDTITL> * SB3-12 AND SB3-14 PARAMETERS
 RDTITL> *
 PARMIO> NONBOND, HBOND lists and IMAGE atoms cleared.
  
 CHARMM>     
  
 CHARMM>    return
 VCLOSE: Closing unit   98 with status "KEEP"

                    RETURNING TO INPUT STREAM    99
  
 CHARMM>    stream toppar/toppar_all36_lipid_ether.str
 VOPEN> Attempting to open::toppar/toppar_all36_lipid_ether.str::
 OPNLGU> Unit 98 opened for READONLY access to toppar/toppar_all36_lipid_ether.str

                    INPUT STREAM SWITCHING TO UNIT    98
 RDTITL> * CHARMM36 ALL-HYDROGEN ETHER LIPID FORCE FIELD INCLUDING PLASMALOGENS ALISON
 RDTITL> * N. LEONARD (A. L.), 7/18 WITH RICHARD PASTOR AND JEFFERY KLAUDA, JPCB 122(26)
 RDTITL> * PP. 6744 - 6754.  ANA WEST, 1/20 WITH VALERIA ZONI, WALTER TEAGUE JR., ALISON
 RDTITL> * LEONARD, STEFANO VANNI, KLAUS GAWRISCH, STEPHANIE TRISTAM-NAGLE, JONATHAN
 RDTITL> * SACHS, AND JEFFERY KLAUDA, JPCB 124(5) PP. 828 - 839.
 RDTITL> *
 Parameter: IN1 <- "" <empty>
  
 CHARMM>     
  
 CHARMM>    !Parent files that have to be read prior to streaming this file
 CHARMM>    !top_all36_lipid.rtf
 CHARMM>    !par_all36_lipid.prm
 CHARMM>    !top_all36_cgenff.rtf
 CHARMM>    !par_all36_cgenff.prm
 CHARMM>     
  
 CHARMM>    read rtf card append
 MAINIO> Residue topology file being read from unit  98.
 RDTITL> * C36 ETHER MODEL COMPOUNDS
 RDTITL> *

      ***** LEVEL  1 WARNING FROM <DECODF> *****
      ***** Zero length string
      ******************************************
      BOMLEV (  0) IS NOT REACHED. WRNLEV IS  5

 WARNING from DECODF -- Zero length string being converted to 0.

      ***** LEVEL  1 WARNING FROM <DECODF> *****
      ***** Zero length string
      ******************************************
      BOMLEV (  0) IS NOT REACHED. WRNLEV IS  5

 WARNING from DECODF -- Zero length string being converted to 0.

      ***** LEVEL  1 WARNING FROM <DECODF> *****
      ***** Zero length string
      ******************************************
      BOMLEV (  0) IS NOT REACHED. WRNLEV IS  5

 WARNING from DECODF -- Zero length string being converted to 0.
  
 CHARMM>     
  
 CHARMM>    read para card flex append

          PARAMETER FILE BEING READ FROM UNIT 98
 RDTITL> * PARAMETERS
 RDTITL> *
 PARMIO> NONBOND, HBOND lists and IMAGE atoms cleared.
  
 CHARMM>     
  
 CHARMM>    return
 VCLOSE: Closing unit   98 with status "KEEP"

                    RETURNING TO INPUT STREAM    99
  
 CHARMM>    stream toppar/toppar_all36_lipid_oxidized.str
 VOPEN> Attempting to open::toppar/toppar_all36_lipid_oxidized.str::
 OPNLGU> Unit 98 opened for READONLY access to toppar/toppar_all36_lipid_oxidized.str

                    INPUT STREAM SWITCHING TO UNIT    98
 RDTITL> READ RTF CARD APPEND
 RDTITL> No title read.
 Parameter: IN1 <- "" <empty>
  
 CHARMM>    read rtf card append
 MAINIO> Residue topology file being read from unit  98.
 RDTITL> * TOPOLOGY FOR OXIDIZED PHOSPHOLIPID
 RDTITL> *

      ***** LEVEL  1 WARNING FROM <rtfrdr> *****
      ***** No AUTOgen defaults specified in appended RTF. Potential conflict with prior RTF autogen options. Check.
      ******************************************
      BOMLEV (  0) IS NOT REACHED. WRNLEV IS  5

  
 CHARMM>     
  
 CHARMM>    read param card flex append

          PARAMETER FILE BEING READ FROM UNIT 98
 RDTITL> * ADDITIONAL PARAMETERS FOR OXIDIZED PHOSPHOLIPIDS
 RDTITL> *
 PARMIO> NONBOND, HBOND lists and IMAGE atoms cleared.
  
 CHARMM>     
  
 CHARMM>    RETURN
 VCLOSE: Closing unit   98 with status "KEEP"

                    RETURNING TO INPUT STREAM    99
  
 CHARMM>     
  
 CHARMM>    ! Additional topologies and parameters for carbohydrates
 CHARMM>    stream toppar/toppar_all36_carb_glycolipid.str
 VOPEN> Attempting to open::toppar/toppar_all36_carb_glycolipid.str::
 OPNLGU> Unit 98 opened for READONLY access to toppar/toppar_all36_carb_glycolipid.str

                    INPUT STREAM SWITCHING TO UNIT    98
 RDTITL> READ RTF CARD APPEND
 RDTITL> No title read.
 Parameter: IN1 <- "" <empty>
  
 CHARMM>    read rtf card append
 MAINIO> Residue topology file being read from unit  98.
 RDTITL> * TOPOLOGY FOR GLYCOLIPIDS
 RDTITL> *
  
 CHARMM>     
  
 CHARMM>    read param card flex append

          PARAMETER FILE BEING READ FROM UNIT 98
 RDTITL> * PIP RELATED PARAMETERS
 RDTITL> *
 PARMIO> NONBOND, HBOND lists and IMAGE atoms cleared.
  
 CHARMM>     
  
 CHARMM>    RETURN
 VCLOSE: Closing unit   98 with status "KEEP"

                    RETURNING TO INPUT STREAM    99
  
 CHARMM>    stream toppar/toppar_all36_carb_glycopeptide.str
 VOPEN> Attempting to open::toppar/toppar_all36_carb_glycopeptide.str::
 OPNLGU> Unit 98 opened for READONLY access to toppar/toppar_all36_carb_glycopeptide.str

                    INPUT STREAM SWITCHING TO UNIT    98
 RDTITL> READ RTF CARD APPEND
 RDTITL> No title read.
 Parameter: IN1 <- "" <empty>
  
 CHARMM>    read rtf card append
 MAINIO> Residue topology file being read from unit  98.
 RDTITL> * TOPOLOGY FOR GLYCOPEPTIDE LINKAGES
 RDTITL> *
  
 CHARMM>     
  
 CHARMM>    read param card flex append

          PARAMETER FILE BEING READ FROM UNIT 98
 RDTITL> *    NEW PARAMETES
 RDTITL> *
 PARMIO> NONBOND, HBOND lists and IMAGE atoms cleared.
  
 CHARMM>     
  
 CHARMM>     
  
 CHARMM>    RETURN
 VCLOSE: Closing unit   98 with status "KEEP"

                    RETURNING TO INPUT STREAM    99
  
 CHARMM>    stream toppar/toppar_all36_carb_imlab.str
 VOPEN> Attempting to open::toppar/toppar_all36_carb_imlab.str::
 OPNLGU> Unit 98 opened for READONLY access to toppar/toppar_all36_carb_imlab.str

                    INPUT STREAM SWITCHING TO UNIT    98
 RDTITL> READ RTF CARD APPEND
 RDTITL> No title read.
 Parameter: IN1 <- "" <empty>
  
 CHARMM>    read rtf card append
 MAINIO> Residue topology file being read from unit  98.
 RDTITL> * GLYCAN CHEMICAL MODIFICATION PATCHES
 RDTITL> *
  
 CHARMM>     
  
 CHARMM>    read param card flex append

          PARAMETER FILE BEING READ FROM UNIT 98
 RDTITL> * GLYCAN CHEMICAL MODIFICATION PATCHES
 RDTITL> *
 PARMIO> NONBOND, HBOND lists and IMAGE atoms cleared.
  
 CHARMM>     
  
 CHARMM>    RETURN
 VCLOSE: Closing unit   98 with status "KEEP"

                    RETURNING TO INPUT STREAM    99
  
 CHARMM>     
  
 CHARMM>    ! Additional topologies and parameters for spin/fluorophore labels
 CHARMM>    stream toppar/toppar_all36_label_spin.str
 VOPEN> Attempting to open::toppar/toppar_all36_label_spin.str::
 OPNLGU> Unit 98 opened for READONLY access to toppar/toppar_all36_label_spin.str

                    INPUT STREAM SWITCHING TO UNIT    98
 RDTITL> *>>>>> TOPOLOGY FOR NITROXYDE SPIN LABELS <<<<<<<
 RDTITL> * SHAHIDUL M. ISLAM, UNIVERSITY OF CHICAGO
 RDTITL> *
 Parameter: IN1 <- "" <empty>
  
 CHARMM>     
  
 CHARMM>    ! please reference the following:
 CHARMM>    !Sezer, D., Freed J. H., and Roux, B. “Parametrization, Molecular Dynamics Simulation, and Calculation of Electron Spin
 CHARMM>    !Resonance Spectra of a Nitroxide Spin Label on a Polyalanine alpha-Helix” J. Phys. Chem. B 2008, 112, 5755-5767
 CHARMM>     
  
 CHARMM>    !Islam, S. M., and Roux, B. “Parameterization and molecular dynamics simulations of a
 CHARMM>    !conformationally constrained double linked spin label constrained by EPR/DEER data”
 CHARMM>    !(planed submission to J journal)
 CHARMM>     
  
 CHARMM>    !test "append" to determine if previous toppar files have been read and
 CHARMM>    !add append to "read rtf card" if true
 CHARMM>    set nat ?NATC
 RDCMND substituted energy or value "?NATC" to "590"
 Parameter: NAT <- "590"
  
 CHARMM>    set app
 Parameter: APP <- "" <empty>
  
 CHARMM>    !We're exploiting what is arguably a bug in the parser. On the left hand side,
 CHARMM>    !the quotes have proirity, so NAT is correctly substituted. On the right hand
 CHARMM>    !side, the ? has priority and NATC" (sic) is not a valid substitution...
 CHARMM>    if "@NAT" ne "?NATC" if @nat ne 0 set app append
 Parameter: NAT -> "590"
 Parameter: NAT -> "590"
 RDCMND: can not substitute energy "?NATC""
 Comparing ""590"" and ""?NATC"".
 IF test evaluated as true.  Performing command
 Comparing "590" and "0".
 IF test evaluated as true.  Performing command
 Parameter: APP <- "APPEND"
  
 CHARMM>     
  
 CHARMM>     
  
 CHARMM>    read rtf card @app
 Parameter: APP -> "APPEND"
 MAINIO> Residue topology file being read from unit  98.
 RDTITL> * TOPOLOGY FOR SPIN LABEL
 RDTITL> *
  
 CHARMM>     
  
 CHARMM>     
  
 CHARMM>    read para card flex @app
 Parameter: APP -> "APPEND"

          PARAMETER FILE BEING READ FROM UNIT 98
 RDTITL> * PARAMETERS FOR SPIN LABEL
 RDTITL> *
 PARMIO> NONBOND, HBOND lists and IMAGE atoms cleared.
  
 CHARMM>     
  
 CHARMM>    return
 VCLOSE: Closing unit   98 with status "KEEP"

                    RETURNING TO INPUT STREAM    99
  
 CHARMM>    stream toppar/toppar_all36_label_fluorophore.str
 VOPEN> Attempting to open::toppar/toppar_all36_label_fluorophore.str::
 OPNLGU> Unit 98 opened for READONLY access to toppar/toppar_all36_label_fluorophore.str

                    INPUT STREAM SWITCHING TO UNIT    98
 RDTITL> READ RTF CARD APPEND
 RDTITL> No title read.
 Parameter: IN1 <- "" <empty>
  
 CHARMM>    read rtf card append
 MAINIO> Residue topology file being read from unit  98.
 RDTITL> * TOPOLOGY FILES
 RDTITL> *
  
 CHARMM>     
  
 CHARMM>    read param card flex append

          PARAMETER FILE BEING READ FROM UNIT 98
 RDTITL> * MINI FORCE FIELD PARAMETER FILE.
 RDTITL> *
 PARMIO> NONBOND, HBOND lists and IMAGE atoms cleared.
  
 CHARMM>     
  
 VCLOSE: Closing unit   98 with status "KEEP"

                    RETURNING TO INPUT STREAM    99
  
 CHARMM>     
  
 CHARMM>     
  
 CHARMM>     
  
 VCLOSE: Closing unit   99 with status "KEEP"

                    RETURNING TO INPUT STREAM     5
  
 CHARMM>     
  
 CHARMM>    ! Read the system information
 CHARMM>    stream step3_size.str
 VOPEN> Attempting to open::step3_size.str::
 OPNLGU> Unit 99 opened for READONLY access to step3_size.str

                    INPUT STREAM SWITCHING TO UNIT    99
 RDTITL> SET BOXTYPE  = RECT
 RDTITL> No title read.
 Parameter: IN1 <- "" <empty>
  
 CHARMM>     SET BOXTYPE  = RECT
 Parameter: BOXTYPE <- "RECT"
  
 CHARMM>     SET XTLTYPE  = TETRAGONAL
 Parameter: XTLTYPE <- "TETRAGONAL"
  
 CHARMM>     SET A        = 73.4166194
 Parameter: A <- "73.4166194"
  
 CHARMM>     SET B        = 73.4166194
 Parameter: B <- "73.4166194"
  
 CHARMM>     SET C        = 160
 Parameter: C <- "160"
  
 CHARMM>     SET ALPHA    = 90.0
 Parameter: ALPHA <- "90.0"
  
 CHARMM>     SET BETA     = 90.0
 Parameter: BETA <- "90.0"
  
 CHARMM>     SET GAMMA    = 90.0
 Parameter: GAMMA <- "90.0"
  
 CHARMM>     SET ZCEN     = 0
 Parameter: ZCEN <- "0"
  
 CHARMM>     SET NLIPTOP  = 96
 Parameter: NLIPTOP <- "96"
  
 CHARMM>     SET NLIPBOT  = 96
 Parameter: NLIPBOT <- "96"
  
 CHARMM>     SET WBOXZ    = 60
 Parameter: WBOXZ <- "60"
  
 CHARMM>     SET WATBOXZ  = 60
 Parameter: WATBOXZ <- "60"
  
 CHARMM>     SET NCHARGE  = -20
 Parameter: NCHARGE <- "-20"
  
 VCLOSE: Closing unit   99 with status "KEEP"

                    RETURNING TO INPUT STREAM     5
  
 CHARMM>    stream step4_components.str
 VOPEN> Attempting to open::step4_components.str::
 OPNLGU> Unit 99 opened for READONLY access to step4_components.str

                    INPUT STREAM SWITCHING TO UNIT    99
 RDTITL> SET NWATER = 110
 RDTITL> No title read.
 Parameter: IN1 <- "" <empty>
  
 CHARMM>     SET NWATER = 110
 Parameter: NWATER <- "110"
  
 VCLOSE: Closing unit   99 with status "KEEP"

                    RETURNING TO INPUT STREAM     5
  
 CHARMM>     
  
 CHARMM>    ! Read Lipids
 CHARMM>    open read unit 10 card name step4_lipid_lipid.psf
 OPNLGU> Unit already open. The old file will be closed first.
 VCLOSE: Closing unit   10 with status "KEEP"
 VOPEN> Attempting to open::step4_lipid_lipid.psf::
 OPNLGU> Unit 10 opened for READONLY access to step4_lipid_lipid.psf
  
 CHARMM>    read psf  unit 10 card append
 MAINIO> Protein structure file being appended from unit  10.
 psf_read_formatted: Reading PSF in the expanded format.
 TITLE>  * GENERATED BY CHARMM-GUI (HTTP://WWW.CHARMM-GUI.ORG) V3.7 ON FEB, 18. 2025. JOB
 TITLE>  * GET A DIFFERENT CONFORMATION FOR LIPIDS PENETRATING PROTEIN / CHOL
 TITLE>  *  DATE:     2/18/25     10:57:58      CREATED BY USER: charmm-gui
 TITLE>  *
 PSFSUM> PSF modified: NONBOND lists and IMAGE atoms cleared.
 PSFSUM> Summary of the structure file counters :
         Number of segments      =        1   Number of residues   =      192
         Number of atoms         =    22320   Number of groups     =     6496
         Number of bonds         =    22356   Number of angles     =    43040
         Number of dihedrals     =    61940   Number of impropers  =      272
         Number of cross-terms   =        0   Number of autogens   =        0
         Number of HB acceptors  =        0   Number of HB donors  =        0
         Number of NB exclusions =        0   Total charge =  -20.00000
  
 CHARMM>     
  
 CHARMM>    open read unit 10 card name step4_lipid_lipid.crd
 OPNLGU> Unit already open. The old file will be closed first.
 VCLOSE: Closing unit   10 with status "KEEP"
 VOPEN> Attempting to open::step4_lipid_lipid.crd::
 OPNLGU> Unit 10 opened for READONLY access to step4_lipid_lipid.crd
  
 CHARMM>    read coor unit 10 card append
          SPATIAL COORDINATES BEING READ FROM UNIT 10
 TITLE> * GENERATED BY CHARMM-GUI (HTTP://WWW.CHARMM-GUI.ORG) V3.7 ON FEB, 18. 2025. JOB
 TITLE> * GET A DIFFERENT CONFORMATION FOR LIPIDS PENETRATING PROTEIN / CHOL
 TITLE> *  DATE:     2/18/25     10:57:59      CREATED BY USER: CHARMM-GUI
 TITLE> *
  
 CHARMM>     
  
 CHARMM>    !
 CHARMM>    ! Image Setup
 CHARMM>    !
 CHARMM>     
  
 CHARMM>    open read unit 10 card name crystal_image.str
 OPNLGU> Unit already open. The old file will be closed first.
 VCLOSE: Closing unit   10 with status "KEEP"
 VOPEN> Attempting to open::crystal_image.str::
 OPNLGU> Unit 10 opened for READONLY access to crystal_image.str
  
 CHARMM>    CRYSTAL DEFINE @XTLtype @A @B @C @alpha @beta @gamma
 Parameter: XTLTYPE -> "TETRAGONAL"
 Parameter: A -> "73.4166194"
 Parameter: B -> "73.4166194"
 Parameter: C -> "160"
 Parameter: ALPHA -> "90.0"
 Parameter: BETA -> "90.0"
 Parameter: GAMMA -> "90.0"
 Crystal Parameters : Crystal Type = TETR
           A     =   73.41662 B    =   73.41662 C     =  160.00000
           Alpha =   90.00000 Beta =   90.00000 Gamma =   90.00000
  
 CHARMM>    CRYSTAL READ UNIT 10 CARD
 CRYSTAL FILE BEING READ FROM UNIT    10
 TITLE> * GENERATED BY CHARMM-GUI (HTTP://WWW.CHARMM-GUI.ORG) V3.7 ON FEB, 18. 2025. JOBID=3989364611
 TITLE> * STREAM FILE FOR CRYSTAL SYMMETRY OPERATION
 TITLE> *
 TITLE>  * GENERATED BY CHARMM-GUI (HTTP://WWW.CHARMM-GUI.ORG) V3.7 ON FEB, 18. 2025. JOB
 TITLE>  * STREAM FILE FOR CRYSTAL SYMMETRY OPERATION
 TITLE>  *
                     THERE ARE NO ROTATIONS FOR THIS TRANSFORMATION SET
    26 Transformations have been processed.

  
 CHARMM>     
  
 CHARMM>    !Image centering by residue
 CHARMM>    IMAGE BYRESID XCEN 0.0 YCEN 0.0 ZCEN @zcen sele resname TIP3 .or. segid MEMB end
 Parameter: ZCEN -> "0"
 SELRPN>  22320 atoms have been selected out of  22320
 IMAGE CENTERING ON FOR SOME ATOMS
  
 CHARMM>     
  
 CHARMM>    !
 CHARMM>    ! Nonbonded Options
 CHARMM>    !
 CHARMM>     
  
 CHARMM>    nbonds atom vatom vfswitch bycb -
 CHARMM>           ctonnb 6.0 ctofnb 7.0 cutnb 10.0 cutim 10.0 -
 CHARMM>           inbfrq -1 imgfrq -1 wmin 1.0 cdie eps 1.0

 SELECTED IMAGES ATOMS BEING CENTERED ABOUT  0.000000  0.000000  0.000000
 RESIDUE   71 OPERATED ON BY TRANSFORMATION Z0P1Z0R1
 RESIDUE   75 OPERATED ON BY TRANSFORMATION Z0P1Z0R1
 RESIDUE   76 OPERATED ON BY TRANSFORMATION N1Z0Z0R1
 RESIDUE   84 OPERATED ON BY TRANSFORMATION N1Z0Z0R1
 RESIDUE   96 OPERATED ON BY TRANSFORMATION N1Z0Z0R1
 RESIDUE  163 OPERATED ON BY TRANSFORMATION Z0P1Z0R1
 RESIDUE  181 OPERATED ON BY TRANSFORMATION Z0N1Z0R1
 RESIDUE  191 OPERATED ON BY TRANSFORMATION P1Z0Z0R1

 <MKIMAT2>: updating the image atom lists and remapping
 Transformation   Atoms  Groups  Residues  Min-Distance
    1  N1N1N1R1 has       0       0       0      107.93
    2  N1Z0N1R1 has       0       0       0      107.76
    3  N1P1N1R1 has       0       0       0      109.66
    4  Z0N1N1R1 has       0       0       0      105.05
    5  Z0Z0N1R1 has       0       0       0      104.87
    6  Z0P1N1R1 has       0       0       0      108.23
    7  N1N1Z0R1 has     403     110       7        0.00
    8  N1Z0Z0R1 has    3260     938      38        0.00
    9  N1P1Z0R1 has     545     149       7        0.00
   10  Z0N1Z0R1 has    3823    1101      46        0.00
   12  N1N1P1R1 has       0       0       0      108.52
   13  N1Z0P1R1 has       0       0       0      107.33
   14  N1P1P1R1 has       0       0       0      108.33
 Total of30351 atoms and 8794 groups and  290 residues were included


 NONBOND OPTION FLAGS: 
     ELEC     VDW      ATOMs    CDIElec  FSHIft   VATOm    VFSWIt  
     BYCB     NOEXtnd  NOEWald 
 CUTNB  = 10.000 CTEXNB =999.000 CTONNB =  6.000 CTOFNB =  7.000
 CGONNB =  0.000 CGOFNB = 10.000
 WMIN   =  1.000 WRNMXD =  0.500 E14FAC =  1.000 EPS    =  1.000
 NBXMOD =      5
 There are        0 atom  pairs and        0 atom  exclusions.
 There are        0 group pairs and        0 group exclusions.
 <MAKINB> with mode   5 found  65396 exclusions and  61144 interactions(1-4)
 <MAKGRP> found  20016 group exclusions.
 <MAKGRP> found      0 image group exclusions.
 Generating nonbond list with Exclusion mode = 5
 == PRIMARY == SPACE FOR        0 ATOM PAIRS AND        0 GROUP PAIRS
 == IMAGES === SPACE FOR        0 ATOM PAIRS AND        0 GROUP PAIRS
  
 =========================================
              TRIAL run of list...........
 =========================================
Using Image CUBE search
Using Image CUBE search
  NBNDGCM found:
     3694912  atom pairs
      482763  image atom pairs
           0  self atom pairs
  
 CHARMM>    energy

 SELECTED IMAGES ATOMS BEING CENTERED ABOUT  0.000000  0.000000  0.000000

 <MKIMAT2>: updating the image atom lists and remapping
 Transformation   Atoms  Groups  Residues  Min-Distance
    1  N1N1N1R1 has       0       0       0      107.93
    2  N1Z0N1R1 has       0       0       0      107.76
    3  N1P1N1R1 has       0       0       0      109.66
    4  Z0N1N1R1 has       0       0       0      105.05
    5  Z0Z0N1R1 has       0       0       0      104.87
    6  Z0P1N1R1 has       0       0       0      108.23
    7  N1N1Z0R1 has     403     110       7        0.00
    8  N1Z0Z0R1 has    3260     938      38        0.00
    9  N1P1Z0R1 has     545     149       7        0.00
   10  Z0N1Z0R1 has    3823    1101      46        0.00
   12  N1N1P1R1 has       0       0       0      108.52
   13  N1Z0P1R1 has       0       0       0      107.33
   14  N1P1P1R1 has       0       0       0      108.33
 Total of30351 atoms and 8794 groups and  290 residues were included

 <MAKGRP> found      0 image group exclusions.

 NONBOND OPTION FLAGS: 
     ELEC     VDW      ATOMs    CDIElec  FSHIft   VATOm    VFSWIt  
     BYCB     NOEXtnd  NOEWald 
 CUTNB  = 10.000 CTEXNB =999.000 CTONNB =  6.000 CTOFNB =  7.000
 CGONNB =  0.000 CGOFNB = 10.000
 WMIN   =  1.000 WRNMXD =  0.500 E14FAC =  1.000 EPS    =  1.000
 NBXMOD =      5
 There are  3694912 atom  pairs and   126540 atom  exclusions.
 There are        0 group pairs and    20016 group exclusions.
 Generating nonbond list with Exclusion mode = 5
 == PRIMARY == SPACE FOR  4803385 ATOM PAIRS AND        0 GROUP PAIRS
 == IMAGES === SPACE FOR   627591 ATOM PAIRS AND        0 GROUP PAIRS
Using Image CUBE search
  NBNDGCM found:
     3694912  atom pairs
      482763  image atom pairs
           0  self atom pairs
ENER ENR:  Eval#     ENERgy      Delta-E         GRMS
ENER INTERN:          BONDs       ANGLes       UREY-b    DIHEdrals    IMPRopers
ENER EXTERN:        VDWaals         ELEC       HBONds          ASP         USER
ENER IMAGES:        IMNBvdw       IMELec       IMHBnd       RXNField    EXTElec
 ----------       ---------    ---------    ---------    ---------    ---------
ENER>        0  0.13186E+19  0.00000E+00  0.83550E+18
ENER INTERN>     2836.04886  10769.25893   3429.22422   9504.31799     66.38780
ENER EXTERN>    0.13182E+19 -0.56623E+03  0.00000E+00  0.00000E+00  0.00000E+00
ENER IMAGES>    0.35326E+15 -0.98759E+02  0.00000E+00  0.00000E+00  0.00000E+00
 ----------       ---------    ---------    ---------    ---------    ---------
  
 CHARMM>     
  
 CHARMM>    !
 CHARMM>    ! Minimization
 CHARMM>    !
 CHARMM>     
  
 CHARMM>    mini sd   nstep 250

 SELECTED IMAGES ATOMS BEING CENTERED ABOUT  0.000000  0.000000  0.000000

 <MKIMAT2>: updating the image atom lists and remapping
 Transformation   Atoms  Groups  Residues  Min-Distance
    1  N1N1N1R1 has       0       0       0      107.93
    2  N1Z0N1R1 has       0       0       0      107.76
    3  N1P1N1R1 has       0       0       0      109.66
    4  Z0N1N1R1 has       0       0       0      105.05
    5  Z0Z0N1R1 has       0       0       0      104.87
    6  Z0P1N1R1 has       0       0       0      108.23
    7  N1N1Z0R1 has     403     110       7        0.00
    8  N1Z0Z0R1 has    3260     938      38        0.00
    9  N1P1Z0R1 has     545     149       7        0.00
   10  Z0N1Z0R1 has    3823    1101      46        0.00
   12  N1N1P1R1 has       0       0       0      108.52
   13  N1Z0P1R1 has       0       0       0      107.33
   14  N1P1P1R1 has       0       0       0      108.33
 Total of30351 atoms and 8794 groups and  290 residues were included

 <MAKGRP> found      0 image group exclusions.

 NONBOND OPTION FLAGS: 
     ELEC     VDW      ATOMs    CDIElec  FSHIft   VATOm    VFSWIt  
     BYCB     NOEXtnd  NOEWald 
 CUTNB  = 10.000 CTEXNB =999.000 CTONNB =  6.000 CTOFNB =  7.000
 CGONNB =  0.000 CGOFNB = 10.000
 WMIN   =  1.000 WRNMXD =  0.500 E14FAC =  1.000 EPS    =  1.000
 NBXMOD =      5
 There are  3694912 atom  pairs and   126540 atom  exclusions.
 There are        0 group pairs and    20016 group exclusions.
 Generating nonbond list with Exclusion mode = 5
 == PRIMARY == SPACE FOR  4803385 ATOM PAIRS AND        0 GROUP PAIRS
 == IMAGES === SPACE FOR   627591 ATOM PAIRS AND        0 GROUP PAIRS
Using Image CUBE search
  NBNDGCM found:
     3694912  atom pairs
      482763  image atom pairs
           0  self atom pairs


 STEEPD> An energy minimization has been requested.

 NSTEP  =          250   NPRINT =           10
 STEP   =    0.0200000   TOLFUN =    0.0000000
 TOLGRD =    0.0000000   TOLSTP =    0.0000000

MINI MIN: Cycle      ENERgy      Delta-E         GRMS    Step-size
MINI INTERN:          BONDs       ANGLes       UREY-b    DIHEdrals    IMPRopers
MINI EXTERN:        VDWaals         ELEC       HBONds          ASP         USER
MINI IMAGES:        IMNBvdw       IMELec       IMHBnd       RXNField    EXTElec
 ----------       ---------    ---------    ---------    ---------    ---------
MINI>        0  0.13186E+19  0.00000E+00  0.83550E+18  0.20000E-01
MINI INTERN>     2836.04886  10769.25893   3429.22422   9504.31799     66.38780
MINI EXTERN>    0.13182E+19 -0.56623E+03  0.00000E+00  0.00000E+00  0.00000E+00
MINI IMAGES>    0.35326E+15 -0.98759E+02  0.00000E+00  0.00000E+00  0.00000E+00
 ----------       ---------    ---------    ---------    ---------    ---------
 UPDECI: Image update at step         1

 <MKIMAT2>: updating the image atom lists and remapping
 Transformation   Atoms  Groups  Residues  Min-Distance
    1  N1N1N1R1 has       0       0       0      107.93
    2  N1Z0N1R1 has       0       0       0      107.76
    3  N1P1N1R1 has       0       0       0      109.66
    4  Z0N1N1R1 has       0       0       0      105.05
    5  Z0Z0N1R1 has       0       0       0      104.87
    6  Z0P1N1R1 has       0       0       0      108.23
    7  N1N1Z0R1 has     403     110       7        0.00
    8  N1Z0Z0R1 has    3260     938      38        0.00
    9  N1P1Z0R1 has     545     149       7        0.00
   10  Z0N1Z0R1 has    3823    1101      46        0.00
   12  N1N1P1R1 has       0       0       0      108.52
   13  N1Z0P1R1 has       0       0       0      107.33
   14  N1P1P1R1 has       0       0       0      108.33
 Total of30351 atoms and 8794 groups and  290 residues were included

 <MAKGRP> found      0 image group exclusions.
 UPDECI: Nonbond update at step         1
 Generating nonbond list with Exclusion mode = 5
 == PRIMARY == SPACE FOR  4803385 ATOM PAIRS AND        0 GROUP PAIRS
 == IMAGES === SPACE FOR   627591 ATOM PAIRS AND        0 GROUP PAIRS
Using Image CUBE search
  NBNDGCM found:
     3694907  atom pairs
      482763  image atom pairs
           0  self atom pairs
 UPDECI: Image update at step         3

 <MKIMAT2>: updating the image atom lists and remapping
 Transformation   Atoms  Groups  Residues  Min-Distance
    1  N1N1N1R1 has       0       0       0      107.93
    2  N1Z0N1R1 has       0       0       0      107.76
    3  N1P1N1R1 has       0       0       0      109.66
    4  Z0N1N1R1 has       0       0       0      105.05
    5  Z0Z0N1R1 has       0       0       0      104.87
    6  Z0P1N1R1 has       0       0       0      108.23
    7  N1N1Z0R1 has     403     110       7        0.00
    8  N1Z0Z0R1 has    3260     938      38        0.00
    9  N1P1Z0R1 has     545     149       7        0.00
   10  Z0N1Z0R1 has    3823    1101      46        0.00
   12  N1N1P1R1 has       0       0       0      108.52
   13  N1Z0P1R1 has       0       0       0      107.33
   14  N1P1P1R1 has       0       0       0      108.33
 Total of30351 atoms and 8794 groups and  290 residues were included

 <MAKGRP> found      0 image group exclusions.
 UPDECI: Nonbond update at step         3
 Generating nonbond list with Exclusion mode = 5
 == PRIMARY == SPACE FOR  4803385 ATOM PAIRS AND        0 GROUP PAIRS
 == IMAGES === SPACE FOR   627591 ATOM PAIRS AND        0 GROUP PAIRS
Using Image CUBE search
  NBNDGCM found:
     3694938  atom pairs
      482827  image atom pairs
           0  self atom pairs
 UPDECI: Image update at step         5

 <MKIMAT2>: updating the image atom lists and remapping
 Transformation   Atoms  Groups  Residues  Min-Distance
    1  N1N1N1R1 has       0       0       0      107.93
    2  N1Z0N1R1 has       0       0       0      107.76
    3  N1P1N1R1 has       0       0       0      109.66
    4  Z0N1N1R1 has       0       0       0      105.05
    5  Z0Z0N1R1 has       0       0       0      104.87
    6  Z0P1N1R1 has       0       0       0      108.23
    7  N1N1Z0R1 has     403     110       7        0.00
    8  N1Z0Z0R1 has    3260     938      38        0.00
    9  N1P1Z0R1 has     545     149       7        0.00
   10  Z0N1Z0R1 has    3823    1101      46        0.00
   12  N1N1P1R1 has       0       0       0      108.52
   13  N1Z0P1R1 has       0       0       0      107.33
   14  N1P1P1R1 has       0       0       0      108.33
 Total of30351 atoms and 8794 groups and  290 residues were included

 <MAKGRP> found      0 image group exclusions.
 UPDECI: Nonbond update at step         5
 Generating nonbond list with Exclusion mode = 5
 == PRIMARY == SPACE FOR  4803385 ATOM PAIRS AND        0 GROUP PAIRS
 == IMAGES === SPACE FOR   627591 ATOM PAIRS AND        0 GROUP PAIRS
Using Image CUBE search
  NBNDGCM found:
     3695017  atom pairs
      482823  image atom pairs
           0  self atom pairs
 UPDECI: Image update at step         7

 <MKIMAT2>: updating the image atom lists and remapping
 Transformation   Atoms  Groups  Residues  Min-Distance
    1  N1N1N1R1 has       0       0       0      107.93
    2  N1Z0N1R1 has       0       0       0      107.76
    3  N1P1N1R1 has       0       0       0      109.66
    4  Z0N1N1R1 has       0       0       0      105.05
    5  Z0Z0N1R1 has       0       0       0      104.87
    6  Z0P1N1R1 has       0       0       0      108.23
    7  N1N1Z0R1 has     403     110       7        0.00
    8  N1Z0Z0R1 has    3257     937      38        0.00
    9  N1P1Z0R1 has     545     149       7        0.00
   10  Z0N1Z0R1 has    3823    1101      46        0.00
   12  N1N1P1R1 has       0       0       0      108.52
   13  N1Z0P1R1 has       0       0       0      107.33
   14  N1P1P1R1 has       0       0       0      108.33
 Total of30348 atoms and 8793 groups and  290 residues were included

 <MAKGRP> found      0 image group exclusions.
 UPDECI: Nonbond update at step         7
 Generating nonbond list with Exclusion mode = 5
 == PRIMARY == SPACE FOR  4803385 ATOM PAIRS AND        0 GROUP PAIRS
 == IMAGES === SPACE FOR   627591 ATOM PAIRS AND        0 GROUP PAIRS
Using Image CUBE search
  NBNDGCM found:
     3694909  atom pairs
      482873  image atom pairs
           0  self atom pairs
 UPDECI: Image update at step         8

 <MKIMAT2>: updating the image atom lists and remapping
 Transformation   Atoms  Groups  Residues  Min-Distance
    1  N1N1N1R1 has       0       0       0      107.93
    2  N1Z0N1R1 has       0       0       0      107.76
    3  N1P1N1R1 has       0       0       0      109.66
    4  Z0N1N1R1 has       0       0       0      105.05
    5  Z0Z0N1R1 has       0       0       0      104.87
    6  Z0P1N1R1 has       0       0       0      108.23
    7  N1N1Z0R1 has     403     110       7        0.00
    8  N1Z0Z0R1 has    3257     937      38        0.00
    9  N1P1Z0R1 has     545     149       7        0.00
   10  Z0N1Z0R1 has    3823    1101      46        0.00
   12  N1N1P1R1 has       0       0       0      108.52
   13  N1Z0P1R1 has       0       0       0      107.33
   14  N1P1P1R1 has       0       0       0      108.33
 Total of30348 atoms and 8793 groups and  290 residues were included

 <MAKGRP> found      0 image group exclusions.
 UPDECI: Nonbond update at step         8
 Generating nonbond list with Exclusion mode = 5
 == PRIMARY == SPACE FOR  4803385 ATOM PAIRS AND        0 GROUP PAIRS
 == IMAGES === SPACE FOR   627591 ATOM PAIRS AND        0 GROUP PAIRS
Using Image CUBE search
  NBNDGCM found:
     3694869  atom pairs
      482875  image atom pairs
           0  self atom pairs
 UPDECI: Image update at step        10

 <MKIMAT2>: updating the image atom lists and remapping
 Transformation   Atoms  Groups  Residues  Min-Distance
    1  N1N1N1R1 has       0       0       0      107.94
    2  N1Z0N1R1 has       0       0       0      107.76
    3  N1P1N1R1 has       0       0       0      109.66
    4  Z0N1N1R1 has       0       0       0      105.05
    5  Z0Z0N1R1 has       0       0       0      104.87
    6  Z0P1N1R1 has       0       0       0      108.23
    7  N1N1Z0R1 has     403     110       7        0.00
    8  N1Z0Z0R1 has    3255     936      38        0.00
    9  N1P1Z0R1 has     545     149       7        0.00
   10  Z0N1Z0R1 has    3823    1101      46        0.00
   12  N1N1P1R1 has       0       0       0      108.52
   13  N1Z0P1R1 has       0       0       0      107.33
   14  N1P1P1R1 has       0       0       0      108.33
 Total of30346 atoms and 8792 groups and  290 residues were included

 <MAKGRP> found      0 image group exclusions.
 UPDECI: Nonbond update at step        10
 Generating nonbond list with Exclusion mode = 5
 == PRIMARY == SPACE FOR  4803385 ATOM PAIRS AND        0 GROUP PAIRS
 == IMAGES === SPACE FOR   627591 ATOM PAIRS AND        0 GROUP PAIRS
Using Image CUBE search
  NBNDGCM found:
     3694786  atom pairs
      482881  image atom pairs
           0  self atom pairs
MINI>       10  0.17768E+09  0.13186E+19  0.99108E+06  0.89580E-02
MINI INTERN>    56562.34513  19922.01152   6552.71269  10024.66390    158.21803
MINI EXTERN>   164931310.07      -274.44         0.00         0.00         0.00
MINI IMAGES>   12657803.825      -50.538        0.000        0.000        0.000
 ----------       ---------    ---------    ---------    ---------    ---------
 UPDECI: Image update at step        12

 <MKIMAT2>: updating the image atom lists and remapping
 Transformation   Atoms  Groups  Residues  Min-Distance
    1  N1N1N1R1 has       0       0       0      107.94
    2  N1Z0N1R1 has       0       0       0      107.76
    3  N1P1N1R1 has       0       0       0      109.66
    4  Z0N1N1R1 has       0       0       0      105.05
    5  Z0Z0N1R1 has       0       0       0      104.87
    6  Z0P1N1R1 has       0       0       0      108.23
    7  N1N1Z0R1 has     403     110       7        0.00
    8  N1Z0Z0R1 has    3255     936      38        0.00
    9  N1P1Z0R1 has     545     149       7        0.00
   10  Z0N1Z0R1 has    3820    1100      46        0.00
   12  N1N1P1R1 has       0       0       0      108.52
   13  N1Z0P1R1 has       0       0       0      107.33
   14  N1P1P1R1 has       0       0       0      108.33
 Total of30343 atoms and 8791 groups and  290 residues were included

 <MAKGRP> found      0 image group exclusions.
 UPDECI: Nonbond update at step        12
 Generating nonbond list with Exclusion mode = 5
 == PRIMARY == SPACE FOR  4803385 ATOM PAIRS AND        0 GROUP PAIRS
 == IMAGES === SPACE FOR   627591 ATOM PAIRS AND        0 GROUP PAIRS
Using Image CUBE search
  NBNDGCM found:
     3694728  atom pairs
      482888  image atom pairs
           0  self atom pairs
 UPDECI: Image update at step        13

 <MKIMAT2>: updating the image atom lists and remapping
 Transformation   Atoms  Groups  Residues  Min-Distance
    1  N1N1N1R1 has       0       0       0      107.94
    2  N1Z0N1R1 has       0       0       0      107.76
    3  N1P1N1R1 has       0       0       0      109.66
    4  Z0N1N1R1 has       0       0       0      105.05
    5  Z0Z0N1R1 has       0       0       0      104.87
    6  Z0P1N1R1 has       0       0       0      108.23
    7  N1N1Z0R1 has     403     110       7        0.00
    8  N1Z0Z0R1 has    3255     936      38        0.00
    9  N1P1Z0R1 has     545     149       7        0.00
   10  Z0N1Z0R1 has    3820    1100      46        0.00
   12  N1N1P1R1 has       0       0       0      108.52
   13  N1Z0P1R1 has       0       0       0      107.33
   14  N1P1P1R1 has       0       0       0      108.33
 Total of30343 atoms and 8791 groups and  290 residues were included

 <MAKGRP> found      0 image group exclusions.
 UPDECI: Nonbond update at step        13
 Generating nonbond list with Exclusion mode = 5
 == PRIMARY == SPACE FOR  4803385 ATOM PAIRS AND        0 GROUP PAIRS
 == IMAGES === SPACE FOR   627591 ATOM PAIRS AND        0 GROUP PAIRS
Using Image CUBE search
  NBNDGCM found:
     3694688  atom pairs
      482885  image atom pairs
           0  self atom pairs
 UPDECI: Image update at step        15

 <MKIMAT2>: updating the image atom lists and remapping
 Transformation   Atoms  Groups  Residues  Min-Distance
    1  N1N1N1R1 has       0       0       0      107.94
    2  N1Z0N1R1 has       0       0       0      107.76
    3  N1P1N1R1 has       0       0       0      109.66
    4  Z0N1N1R1 has       0       0       0      105.05
    5  Z0Z0N1R1 has       0       0       0      104.87
    6  Z0P1N1R1 has       0       0       0      108.23
    7  N1N1Z0R1 has     403     110       7        0.00
    8  N1Z0Z0R1 has    3255     936      38        0.00
    9  N1P1Z0R1 has     545     149       7        0.00
   10  Z0N1Z0R1 has    3820    1100      46        0.00
   12  N1N1P1R1 has       0       0       0      108.52
   13  N1Z0P1R1 has       0       0       0      107.33
   14  N1P1P1R1 has       0       0       0      108.33
 Total of30343 atoms and 8791 groups and  290 residues were included

 <MAKGRP> found      0 image group exclusions.
 UPDECI: Nonbond update at step        15
 Generating nonbond list with Exclusion mode = 5
 == PRIMARY == SPACE FOR  4803385 ATOM PAIRS AND        0 GROUP PAIRS
 == IMAGES === SPACE FOR   627591 ATOM PAIRS AND        0 GROUP PAIRS
Using Image CUBE search
  NBNDGCM found:
     3694687  atom pairs
      482885  image atom pairs
           0  self atom pairs
MINI>       20   5553134.39 172128874.47      4400.20         0.01
MINI INTERN>   110272.11969  28259.34111  10647.30214  10422.59444    216.50934
MINI EXTERN>   4890931.9156    -168.7439       0.0000       0.0000       0.0000
MINI IMAGES>   502630.59393    -77.23749      0.00000      0.00000      0.00000
 ----------       ---------    ---------    ---------    ---------    ---------
 UPDECI: Image update at step        23

 <MKIMAT2>: updating the image atom lists and remapping
 Transformation   Atoms  Groups  Residues  Min-Distance
    1  N1N1N1R1 has       0       0       0      107.95
    2  N1Z0N1R1 has       0       0       0      107.77
    3  N1P1N1R1 has       0       0       0      109.66
    4  Z0N1N1R1 has       0       0       0      105.05
    5  Z0Z0N1R1 has       0       0       0      104.87
    6  Z0P1N1R1 has       0       0       0      108.23
    7  N1N1Z0R1 has     403     110       7        0.00
    8  N1Z0Z0R1 has    3245     932      38        0.00
    9  N1P1Z0R1 has     542     148       7        0.00
   10  Z0N1Z0R1 has    3814    1098      46        0.00
   12  N1N1P1R1 has       0       0       0      108.52
   13  N1Z0P1R1 has       0       0       0      107.33
   14  N1P1P1R1 has       0       0       0      108.33
 Total of30324 atoms and 8784 groups and  290 residues were included

 <MAKGRP> found      0 image group exclusions.
 UPDECI: Nonbond update at step        23
 Generating nonbond list with Exclusion mode = 5
 == PRIMARY == SPACE FOR  4803385 ATOM PAIRS AND        0 GROUP PAIRS
 == IMAGES === SPACE FOR   627591 ATOM PAIRS AND        0 GROUP PAIRS
Using Image CUBE search
  NBNDGCM found:
     3694842  atom pairs
      482387  image atom pairs
           0  self atom pairs
 UPDECI: Image update at step        24

 <MKIMAT2>: updating the image atom lists and remapping
 Transformation   Atoms  Groups  Residues  Min-Distance
    1  N1N1N1R1 has       0       0       0      107.95
    2  N1Z0N1R1 has       0       0       0      107.77
    3  N1P1N1R1 has       0       0       0      109.66
    4  Z0N1N1R1 has       0       0       0      105.05
    5  Z0Z0N1R1 has       0       0       0      104.87
    6  Z0P1N1R1 has       0       0       0      108.23
    7  N1N1Z0R1 has     403     110       7        0.00
    8  N1Z0Z0R1 has    3245     932      38        0.00
    9  N1P1Z0R1 has     542     148       7        0.00
   10  Z0N1Z0R1 has    3814    1098      46        0.00
   12  N1N1P1R1 has       0       0       0      108.52
   13  N1Z0P1R1 has       0       0       0      107.33
   14  N1P1P1R1 has       0       0       0      108.33
 Total of30324 atoms and 8784 groups and  290 residues were included

 <MAKGRP> found      0 image group exclusions.
 UPDECI: Nonbond update at step        24
 Generating nonbond list with Exclusion mode = 5
 == PRIMARY == SPACE FOR  4803385 ATOM PAIRS AND        0 GROUP PAIRS
 == IMAGES === SPACE FOR   627591 ATOM PAIRS AND        0 GROUP PAIRS
Using Image CUBE search
  NBNDGCM found:
     3694860  atom pairs
      482381  image atom pairs
           0  self atom pairs
 UPDECI: Image update at step        29

 <MKIMAT2>: updating the image atom lists and remapping
 Transformation   Atoms  Groups  Residues  Min-Distance
    1  N1N1N1R1 has       0       0       0      107.99
    2  N1Z0N1R1 has       0       0       0      107.81
    3  N1P1N1R1 has       0       0       0      109.67
    4  Z0N1N1R1 has       0       0       0      105.06
    5  Z0Z0N1R1 has       0       0       0      104.87
    6  Z0P1N1R1 has       0       0       0      108.23
    7  N1N1Z0R1 has     403     110       7        0.00
    8  N1Z0Z0R1 has    3229     927      38        0.00
    9  N1P1Z0R1 has     545     149       7        0.00
   10  Z0N1Z0R1 has    3787    1090      45        0.00
   12  N1N1P1R1 has       0       0       0      108.53
   13  N1Z0P1R1 has       0       0       0      107.33
   14  N1P1P1R1 has       0       0       0      108.33
 Total of30284 atoms and 8772 groups and  289 residues were included

 <MAKGRP> found      0 image group exclusions.
 UPDECI: Nonbond update at step        29
 Generating nonbond list with Exclusion mode = 5
 == PRIMARY == SPACE FOR  4803385 ATOM PAIRS AND        0 GROUP PAIRS
 == IMAGES === SPACE FOR   627591 ATOM PAIRS AND        0 GROUP PAIRS
Using Image CUBE search
  NBNDGCM found:
     3694780  atom pairs
      481617  image atom pairs
           0  self atom pairs
 UPDECI: Image update at step        30

 <MKIMAT2>: updating the image atom lists and remapping
 Transformation   Atoms  Groups  Residues  Min-Distance
    1  N1N1N1R1 has       0       0       0      107.99
    2  N1Z0N1R1 has       0       0       0      107.81
    3  N1P1N1R1 has       0       0       0      109.67
    4  Z0N1N1R1 has       0       0       0      105.06
    5  Z0Z0N1R1 has       0       0       0      104.87
    6  Z0P1N1R1 has       0       0       0      108.23
    7  N1N1Z0R1 has     403     110       7        0.00
    8  N1Z0Z0R1 has    3229     927      38        0.00
    9  N1P1Z0R1 has     545     149       7        0.00
   10  Z0N1Z0R1 has    3787    1090      45        0.00
   12  N1N1P1R1 has       0       0       0      108.53
   13  N1Z0P1R1 has       0       0       0      107.33
   14  N1P1P1R1 has       0       0       0      108.33
 Total of30284 atoms and 8772 groups and  289 residues were included

 <MAKGRP> found      0 image group exclusions.
 UPDECI: Nonbond update at step        30
 Generating nonbond list with Exclusion mode = 5
 == PRIMARY == SPACE FOR  4803385 ATOM PAIRS AND        0 GROUP PAIRS
 == IMAGES === SPACE FOR   627591 ATOM PAIRS AND        0 GROUP PAIRS
Using Image CUBE search
  NBNDGCM found:
     3694765  atom pairs
      481617  image atom pairs
           0  self atom pairs
MINI>       30  519454.7858 5033679.6091     670.4558       0.0104
MINI INTERN>   186834.88658  44247.05861  26885.07111  11473.40593    394.42131
MINI EXTERN>   230092.98249     15.85593      0.00000      0.00000      0.00000
MINI IMAGES>    19569.83087    -58.72705      0.00000      0.00000      0.00000
 ----------       ---------    ---------    ---------    ---------    ---------
 UPDECI: Image update at step        31

 <MKIMAT2>: updating the image atom lists and remapping
 Transformation   Atoms  Groups  Residues  Min-Distance
    1  N1N1N1R1 has       0       0       0      107.99
    2  N1Z0N1R1 has       0       0       0      107.81
    3  N1P1N1R1 has       0       0       0      109.67
    4  Z0N1N1R1 has       0       0       0      105.06
    5  Z0Z0N1R1 has       0       0       0      104.87
    6  Z0P1N1R1 has       0       0       0      108.23
    7  N1N1Z0R1 has     400     109       7        0.00
    8  N1Z0Z0R1 has    3229     927      38        0.00
    9  N1P1Z0R1 has     545     149       7        0.00
   10  Z0N1Z0R1 has    3787    1090      45        0.00
   12  N1N1P1R1 has       0       0       0      108.53
   13  N1Z0P1R1 has       0       0       0      107.33
   14  N1P1P1R1 has       0       0       0      108.33
 Total of30281 atoms and 8771 groups and  289 residues were included

 <MAKGRP> found      0 image group exclusions.
 UPDECI: Nonbond update at step        31
 Generating nonbond list with Exclusion mode = 5
 == PRIMARY == SPACE FOR  4803385 ATOM PAIRS AND        0 GROUP PAIRS
 == IMAGES === SPACE FOR   627591 ATOM PAIRS AND        0 GROUP PAIRS
Using Image CUBE search
  NBNDGCM found:
     3694834  atom pairs
      481589  image atom pairs
           0  self atom pairs
 UPDECI: Image update at step        39

 <MKIMAT2>: updating the image atom lists and remapping
 Transformation   Atoms  Groups  Residues  Min-Distance
    1  N1N1N1R1 has       0       0       0      108.01
    2  N1Z0N1R1 has       0       0       0      107.83
    3  N1P1N1R1 has       0       0       0      109.68
    4  Z0N1N1R1 has       0       0       0      105.06
    5  Z0Z0N1R1 has       0       0       0      104.88
    6  Z0P1N1R1 has       0       0       0      108.23
    7  N1N1Z0R1 has     396     108       7        0.00
    8  N1Z0Z0R1 has    3225     925      38        0.00
    9  N1P1Z0R1 has     542     148       7        0.00
   10  Z0N1Z0R1 has    3769    1086      45        0.00
   12  N1N1P1R1 has       0       0       0      108.53
   13  N1Z0P1R1 has       0       0       0      107.33
   14  N1P1P1R1 has       0       0       0      108.33
 Total of30252 atoms and 8763 groups and  289 residues were included

 <MAKGRP> found      0 image group exclusions.
 UPDECI: Nonbond update at step        39
 Generating nonbond list with Exclusion mode = 5
 == PRIMARY == SPACE FOR  4803385 ATOM PAIRS AND        0 GROUP PAIRS
 == IMAGES === SPACE FOR   627591 ATOM PAIRS AND        0 GROUP PAIRS
Using Image CUBE search
  NBNDGCM found:
     3694977  atom pairs
      481188  image atom pairs
           0  self atom pairs
MINI>       40 309844.40076 209610.38501    446.77341      0.01113
MINI INTERN>    95015.53979  42609.10747  25243.80423  11610.77566    318.94584
MINI EXTERN>   124813.25446     21.72001      0.00000      0.00000      0.00000
MINI IMAGES>    10266.20599    -54.95269      0.00000      0.00000      0.00000
 ----------       ---------    ---------    ---------    ---------    ---------
 UPDECI: Image update at step        41

 <MKIMAT2>: updating the image atom lists and remapping
 Transformation   Atoms  Groups  Residues  Min-Distance
    1  N1N1N1R1 has       0       0       0      108.02
    2  N1Z0N1R1 has       0       0       0      107.84
    3  N1P1N1R1 has       0       0       0      109.68
    4  Z0N1N1R1 has       0       0       0      105.06
    5  Z0Z0N1R1 has       0       0       0      104.88
    6  Z0P1N1R1 has       0       0       0      108.23
    7  N1N1Z0R1 has     396     108       7        0.00
    8  N1Z0Z0R1 has    3219     923      38        0.00
    9  N1P1Z0R1 has     542     148       7        0.00
   10  Z0N1Z0R1 has    3766    1085      45        0.00
   12  N1N1P1R1 has       0       0       0      108.53
   13  N1Z0P1R1 has       0       0       0      107.33
   14  N1P1P1R1 has       0       0       0      108.33
 Total of30243 atoms and 8760 groups and  289 residues were included

 <MAKGRP> found      0 image group exclusions.
 UPDECI: Nonbond update at step        41
 Generating nonbond list with Exclusion mode = 5
 == PRIMARY == SPACE FOR  4803385 ATOM PAIRS AND        0 GROUP PAIRS
 == IMAGES === SPACE FOR   627591 ATOM PAIRS AND        0 GROUP PAIRS
Using Image CUBE search
  NBNDGCM found:
     3694929  atom pairs
      481045  image atom pairs
           0  self atom pairs
 UPDECI: Image update at step        43

 <MKIMAT2>: updating the image atom lists and remapping
 Transformation   Atoms  Groups  Residues  Min-Distance
    1  N1N1N1R1 has       0       0       0      108.02
    2  N1Z0N1R1 has       0       0       0      107.84
    3  N1P1N1R1 has       0       0       0      109.68
    4  Z0N1N1R1 has       0       0       0      105.06
    5  Z0Z0N1R1 has       0       0       0      104.88
    6  Z0P1N1R1 has       0       0       0      108.23
    7  N1N1Z0R1 has     396     108       7        0.00
    8  N1Z0Z0R1 has    3219     923      38        0.00
    9  N1P1Z0R1 has     542     148       7        0.00
   10  Z0N1Z0R1 has    3766    1085      45        0.00
   12  N1N1P1R1 has       0       0       0      108.53
   13  N1Z0P1R1 has       0       0       0      107.33
   14  N1P1P1R1 has       0       0       0      108.33
 Total of30243 atoms and 8760 groups and  289 residues were included

 <MAKGRP> found      0 image group exclusions.
 UPDECI: Nonbond update at step        43
 Generating nonbond list with Exclusion mode = 5
 == PRIMARY == SPACE FOR  4803385 ATOM PAIRS AND        0 GROUP PAIRS
 == IMAGES === SPACE FOR   627591 ATOM PAIRS AND        0 GROUP PAIRS
Using Image CUBE search
  NBNDGCM found:
     3694894  atom pairs
      481069  image atom pairs
           0  self atom pairs
 UPDECI: Image update at step        45

 <MKIMAT2>: updating the image atom lists and remapping
 Transformation   Atoms  Groups  Residues  Min-Distance
    1  N1N1N1R1 has       0       0       0      108.03
    2  N1Z0N1R1 has       0       0       0      107.85
    3  N1P1N1R1 has       0       0       0      109.69
    4  Z0N1N1R1 has       0       0       0      105.06
    5  Z0Z0N1R1 has       0       0       0      104.88
    6  Z0P1N1R1 has       0       0       0      108.23
    7  N1N1Z0R1 has     396     108       7        0.00
    8  N1Z0Z0R1 has    3222     924      38        0.00
    9  N1P1Z0R1 has     539     147       7        0.00
   10  Z0N1Z0R1 has    3766    1085      45        0.00
   12  N1N1P1R1 has       0       0       0      108.54
   13  N1Z0P1R1 has       0       0       0      107.33
   14  N1P1P1R1 has       0       0       0      108.33
 Total of30243 atoms and 8760 groups and  289 residues were included

 <MAKGRP> found      0 image group exclusions.
 UPDECI: Nonbond update at step        45
 Generating nonbond list with Exclusion mode = 5
 == PRIMARY == SPACE FOR  4803385 ATOM PAIRS AND        0 GROUP PAIRS
 == IMAGES === SPACE FOR   627591 ATOM PAIRS AND        0 GROUP PAIRS
Using Image CUBE search
  NBNDGCM found:
     3695059  atom pairs
      480884  image atom pairs
           0  self atom pairs
MINI>       50 697289.90636-387445.50559  28590.48113      0.01196
MINI INTERN>    46183.43929  43236.61926  22231.88006  11716.85131    319.02298
MINI EXTERN>   567472.78394    -54.46071      0.00000      0.00000      0.00000
MINI IMAGES>     6234.04821    -50.27797      0.00000      0.00000      0.00000
 ----------       ---------    ---------    ---------    ---------    ---------
 UPDECI: Image update at step        52

 <MKIMAT2>: updating the image atom lists and remapping
 Transformation   Atoms  Groups  Residues  Min-Distance
    1  N1N1N1R1 has       0       0       0      108.04
    2  N1Z0N1R1 has       0       0       0      107.86
    3  N1P1N1R1 has       0       0       0      109.70
    4  Z0N1N1R1 has       0       0       0      105.06
    5  Z0Z0N1R1 has       0       0       0      104.88
    6  Z0P1N1R1 has       0       0       0      108.23
    7  N1N1Z0R1 has     396     108       7        0.00
    8  N1Z0Z0R1 has    3225     925      38        0.00
    9  N1P1Z0R1 has     539     147       7        0.00
   10  Z0N1Z0R1 has    3753    1082      44        0.00
   12  N1N1P1R1 has       0       0       0      108.54
   13  N1Z0P1R1 has       0       0       0      107.33
   14  N1P1P1R1 has       0       0       0      108.32
 Total of30233 atoms and 8758 groups and  288 residues were included

 <MAKGRP> found      0 image group exclusions.
 UPDECI: Nonbond update at step        52
 Generating nonbond list with Exclusion mode = 5
 == PRIMARY == SPACE FOR  4803385 ATOM PAIRS AND        0 GROUP PAIRS
 == IMAGES === SPACE FOR   627591 ATOM PAIRS AND        0 GROUP PAIRS
Using Image CUBE search
  NBNDGCM found:
     3694637  atom pairs
      480641  image atom pairs
           0  self atom pairs
 UPDECI: Image update at step        54

 <MKIMAT2>: updating the image atom lists and remapping
 Transformation   Atoms  Groups  Residues  Min-Distance
    1  N1N1N1R1 has       0       0       0      108.04
    2  N1Z0N1R1 has       0       0       0      107.86
    3  N1P1N1R1 has       0       0       0      109.70
    4  Z0N1N1R1 has       0       0       0      105.06
    5  Z0Z0N1R1 has       0       0       0      104.87
    6  Z0P1N1R1 has       0       0       0      108.23
    7  N1N1Z0R1 has     399     109       7        0.00
    8  N1Z0Z0R1 has    3225     925      38        0.00
    9  N1P1Z0R1 has     539     147       7        0.00
   10  Z0N1Z0R1 has    3750    1081      44        0.00
   12  N1N1P1R1 has       0       0       0      108.54
   13  N1Z0P1R1 has       0       0       0      107.33
   14  N1P1P1R1 has       0       0       0      108.32
 Total of30233 atoms and 8758 groups and  288 residues were included

 <MAKGRP> found      0 image group exclusions.
 UPDECI: Nonbond update at step        54
 Generating nonbond list with Exclusion mode = 5
 == PRIMARY == SPACE FOR  4803385 ATOM PAIRS AND        0 GROUP PAIRS
 == IMAGES === SPACE FOR   627591 ATOM PAIRS AND        0 GROUP PAIRS
Using Image CUBE search
  NBNDGCM found:
     3694379  atom pairs
      480537  image atom pairs
           0  self atom pairs
 UPDECI: Image update at step        55

 <MKIMAT2>: updating the image atom lists and remapping
 Transformation   Atoms  Groups  Residues  Min-Distance
    1  N1N1N1R1 has       0       0       0      108.04
    2  N1Z0N1R1 has       0       0       0      107.87
    3  N1P1N1R1 has       0       0       0      109.70
    4  Z0N1N1R1 has       0       0       0      105.06
    5  Z0Z0N1R1 has       0       0       0      104.87
    6  Z0P1N1R1 has       0       0       0      108.23
    7  N1N1Z0R1 has     399     109       7        0.00
    8  N1Z0Z0R1 has    3228     926      38        0.00
    9  N1P1Z0R1 has     539     147       7        0.00
   10  Z0N1Z0R1 has    3753    1082      44        0.00
   12  N1N1P1R1 has       0       0       0      108.54
   13  N1Z0P1R1 has       0       0       0      107.33
   14  N1P1P1R1 has       0       0       0      108.32
 Total of30239 atoms and 8760 groups and  288 residues were included

 <MAKGRP> found      0 image group exclusions.
 UPDECI: Nonbond update at step        55
 Generating nonbond list with Exclusion mode = 5
 == PRIMARY == SPACE FOR  4803385 ATOM PAIRS AND        0 GROUP PAIRS
 == IMAGES === SPACE FOR   627591 ATOM PAIRS AND        0 GROUP PAIRS
Using Image CUBE search
  NBNDGCM found:
     3694266  atom pairs
      480484  image atom pairs
           0  self atom pairs
 UPDECI: Image update at step        57

 <MKIMAT2>: updating the image atom lists and remapping
 Transformation   Atoms  Groups  Residues  Min-Distance
    1  N1N1N1R1 has       0       0       0      108.04
    2  N1Z0N1R1 has       0       0       0      107.87
    3  N1P1N1R1 has       0       0       0      109.71
    4  Z0N1N1R1 has       0       0       0      105.06
    5  Z0Z0N1R1 has       0       0       0      104.87
    6  Z0P1N1R1 has       0       0       0      108.23
    7  N1N1Z0R1 has     399     109       7        0.00
    8  N1Z0Z0R1 has    3231     927      38        0.00
    9  N1P1Z0R1 has     539     147       7        0.00
   10  Z0N1Z0R1 has    3753    1082      44        0.00
   12  N1N1P1R1 has       0       0       0      108.54
   13  N1Z0P1R1 has       0       0       0      107.33
   14  N1P1P1R1 has       0       0       0      108.32
 Total of30242 atoms and 8761 groups and  288 residues were included

 <MAKGRP> found      0 image group exclusions.
 UPDECI: Nonbond update at step        57
 Generating nonbond list with Exclusion mode = 5
 == PRIMARY == SPACE FOR  4803385 ATOM PAIRS AND        0 GROUP PAIRS
 == IMAGES === SPACE FOR   627591 ATOM PAIRS AND        0 GROUP PAIRS
Using Image CUBE search
  NBNDGCM found:
     3694177  atom pairs
      480417  image atom pairs
           0  self atom pairs
 UPDECI: Image update at step        58

 <MKIMAT2>: updating the image atom lists and remapping
 Transformation   Atoms  Groups  Residues  Min-Distance
    1  N1N1N1R1 has       0       0       0      108.04
    2  N1Z0N1R1 has       0       0       0      107.87
    3  N1P1N1R1 has       0       0       0      109.71
    4  Z0N1N1R1 has       0       0       0      105.05
    5  Z0Z0N1R1 has       0       0       0      104.87
    6  Z0P1N1R1 has       0       0       0      108.23
    7  N1N1Z0R1 has     399     109       7        0.00
    8  N1Z0Z0R1 has    3231     927      38        0.00
    9  N1P1Z0R1 has     539     147       7        0.00
   10  Z0N1Z0R1 has    3753    1082      44        0.00
   12  N1N1P1R1 has       0       0       0      108.55
   13  N1Z0P1R1 has       0       0       0      107.33
   14  N1P1P1R1 has       0       0       0      108.32
 Total of30242 atoms and 8761 groups and  288 residues were included

 <MAKGRP> found      0 image group exclusions.
 UPDECI: Nonbond update at step        58
 Generating nonbond list with Exclusion mode = 5
 == PRIMARY == SPACE FOR  4803385 ATOM PAIRS AND        0 GROUP PAIRS
 == IMAGES === SPACE FOR   627591 ATOM PAIRS AND        0 GROUP PAIRS
Using Image CUBE search
  NBNDGCM found:
     3694157  atom pairs
      480435  image atom pairs
           0  self atom pairs
MINI>       60 156315.40539 540974.50096     20.16285      0.00536
MINI INTERN>    25263.83657  41106.28534  18826.41443  11619.12825    204.95955
MINI EXTERN>    54784.71924   -140.08562      0.00000      0.00000      0.00000
MINI IMAGES>     4698.62132    -48.47368      0.00000      0.00000      0.00000
 ----------       ---------    ---------    ---------    ---------    ---------
 UPDECI: Image update at step        62

 <MKIMAT2>: updating the image atom lists and remapping
 Transformation   Atoms  Groups  Residues  Min-Distance
    1  N1N1N1R1 has       0       0       0      108.05
    2  N1Z0N1R1 has       0       0       0      107.87
    3  N1P1N1R1 has       0       0       0      109.71
    4  Z0N1N1R1 has       0       0       0      105.05
    5  Z0Z0N1R1 has       0       0       0      104.87
    6  Z0P1N1R1 has       0       0       0      108.23
    7  N1N1Z0R1 has     399     109       7        0.00
    8  N1Z0Z0R1 has    3234     928      38        0.00
    9  N1P1Z0R1 has     539     147       7        0.00
   10  Z0N1Z0R1 has    3753    1082      44        0.00
   12  N1N1P1R1 has       0       0       0      108.55
   13  N1Z0P1R1 has       0       0       0      107.33
   14  N1P1P1R1 has       0       0       0      108.32
 Total of30245 atoms and 8762 groups and  288 residues were included

 <MAKGRP> found      0 image group exclusions.
 UPDECI: Nonbond update at step        62
 Generating nonbond list with Exclusion mode = 5
 == PRIMARY == SPACE FOR  4803385 ATOM PAIRS AND        0 GROUP PAIRS
 == IMAGES === SPACE FOR   627591 ATOM PAIRS AND        0 GROUP PAIRS
Using Image CUBE search
  NBNDGCM found:
     3693784  atom pairs
      480380  image atom pairs
           0  self atom pairs
 UPDECI: Image update at step        63

 <MKIMAT2>: updating the image atom lists and remapping
 Transformation   Atoms  Groups  Residues  Min-Distance
    1  N1N1N1R1 has       0       0       0      108.05
    2  N1Z0N1R1 has       0       0       0      107.87
    3  N1P1N1R1 has       0       0       0      109.71
    4  Z0N1N1R1 has       0       0       0      105.05
    5  Z0Z0N1R1 has       0       0       0      104.87
    6  Z0P1N1R1 has       0       0       0      108.23
    7  N1N1Z0R1 has     399     109       7        0.00
    8  N1Z0Z0R1 has    3234     928      38        0.00
    9  N1P1Z0R1 has     539     147       7        0.00
   10  Z0N1Z0R1 has    3753    1082      44        0.00
   12  N1N1P1R1 has       0       0       0      108.55
   13  N1Z0P1R1 has       0       0       0      107.33
   14  N1P1P1R1 has       0       0       0      108.32
 Total of30245 atoms and 8762 groups and  288 residues were included

 <MAKGRP> found      0 image group exclusions.
 UPDECI: Nonbond update at step        63
 Generating nonbond list with Exclusion mode = 5
 == PRIMARY == SPACE FOR  4803385 ATOM PAIRS AND        0 GROUP PAIRS
 == IMAGES === SPACE FOR   627591 ATOM PAIRS AND        0 GROUP PAIRS
Using Image CUBE search
  NBNDGCM found:
     3693654  atom pairs
      480359  image atom pairs
           0  self atom pairs
 UPDECI: Image update at step        65

 <MKIMAT2>: updating the image atom lists and remapping
 Transformation   Atoms  Groups  Residues  Min-Distance
    1  N1N1N1R1 has       0       0       0      108.05
    2  N1Z0N1R1 has       0       0       0      107.87
    3  N1P1N1R1 has       0       0       0      109.71
    4  Z0N1N1R1 has       0       0       0      105.05
    5  Z0Z0N1R1 has       0       0       0      104.87
    6  Z0P1N1R1 has       0       0       0      108.23
    7  N1N1Z0R1 has     399     109       7        0.00
    8  N1Z0Z0R1 has    3234     928      38        0.00
    9  N1P1Z0R1 has     539     147       7        0.00
   10  Z0N1Z0R1 has    3753    1082      44        0.00
   12  N1N1P1R1 has       0       0       0      108.55
   13  N1Z0P1R1 has       0       0       0      107.33
   14  N1P1P1R1 has       0       0       0      108.31
 Total of30245 atoms and 8762 groups and  288 residues were included

 <MAKGRP> found      0 image group exclusions.
 UPDECI: Nonbond update at step        65
 Generating nonbond list with Exclusion mode = 5
 == PRIMARY == SPACE FOR  4803385 ATOM PAIRS AND        0 GROUP PAIRS
 == IMAGES === SPACE FOR   627591 ATOM PAIRS AND        0 GROUP PAIRS
Using Image CUBE search
  NBNDGCM found:
     3693364  atom pairs
      480231  image atom pairs
           0  self atom pairs
 UPDECI: Image update at step        67

 <MKIMAT2>: updating the image atom lists and remapping
 Transformation   Atoms  Groups  Residues  Min-Distance
    1  N1N1N1R1 has       0       0       0      108.05
    2  N1Z0N1R1 has       0       0       0      107.87
    3  N1P1N1R1 has       0       0       0      109.72
    4  Z0N1N1R1 has       0       0       0      105.05
    5  Z0Z0N1R1 has       0       0       0      104.87
    6  Z0P1N1R1 has       0       0       0      108.22
    7  N1N1Z0R1 has     399     109       7        0.00
    8  N1Z0Z0R1 has    3234     928      38        0.00
    9  N1P1Z0R1 has     539     147       7        0.00
   10  Z0N1Z0R1 has    3750    1081      44        0.00
   12  N1N1P1R1 has       0       0       0      108.55
   13  N1Z0P1R1 has       0       0       0      107.33
   14  N1P1P1R1 has       0       0       0      108.31
 Total of30242 atoms and 8761 groups and  288 residues were included

 <MAKGRP> found      0 image group exclusions.
 UPDECI: Nonbond update at step        67
 Generating nonbond list with Exclusion mode = 5
 == PRIMARY == SPACE FOR  4803385 ATOM PAIRS AND        0 GROUP PAIRS
 == IMAGES === SPACE FOR   627591 ATOM PAIRS AND        0 GROUP PAIRS
Using Image CUBE search
  NBNDGCM found:
     3693417  atom pairs
      480187  image atom pairs
           0  self atom pairs
MINI>       70 123884.14767  32431.25772     13.89197      0.00576
MINI INTERN>    15277.59134  36648.42884  15328.37324  11431.83903    168.31661
MINI EXTERN>    41711.34274   -272.59071      0.00000      0.00000      0.00000
MINI IMAGES>     3638.47152    -47.62494      0.00000      0.00000      0.00000
 ----------       ---------    ---------    ---------    ---------    ---------
MINI>       80 109611.16804  14272.97963    489.50984      0.00619
MINI INTERN>    11477.90409  31100.01768  12518.04250  11186.76676    154.34440
MINI EXTERN>    40716.73581   -401.72585      0.00000      0.00000      0.00000
MINI IMAGES>     2907.02174    -47.93908      0.00000      0.00000      0.00000
 ----------       ---------    ---------    ---------    ---------    ---------
MINI>       90  81927.37655  27683.79149      7.81957      0.00665
MINI INTERN>     6927.11099  25686.89897   9588.74935  10976.51636    121.33069
MINI EXTERN>    26856.37436   -521.17911      0.00000      0.00000      0.00000
MINI IMAGES>     2341.01099    -49.43606      0.00000      0.00000      0.00000
 ----------       ---------    ---------    ---------    ---------    ---------
 UPDECI: Image update at step        91

 <MKIMAT2>: updating the image atom lists and remapping
 Transformation   Atoms  Groups  Residues  Min-Distance
    1  N1N1N1R1 has       0       0       0      108.02
    2  N1Z0N1R1 has       0       0       0      107.85
    3  N1P1N1R1 has       0       0       0      109.72
    4  Z0N1N1R1 has       0       0       0      105.02
    5  Z0Z0N1R1 has       0       0       0      104.84
    6  Z0P1N1R1 has       0       0       0      108.21
    7  N1N1Z0R1 has     399     109       7        0.00
    8  N1Z0Z0R1 has    3245     932      38        0.00
    9  N1P1Z0R1 has     536     146       7        0.00
   10  Z0N1Z0R1 has    3755    1083      44        0.00
   12  N1N1P1R1 has       0       0       0      108.54
   13  N1Z0P1R1 has       0       0       0      107.33
   14  N1P1P1R1 has       0       0       0      108.28
 Total of30255 atoms and 8766 groups and  288 residues were included

 <MAKGRP> found      0 image group exclusions.
 UPDECI: Nonbond update at step        91
 Generating nonbond list with Exclusion mode = 5
 == PRIMARY == SPACE FOR  4803385 ATOM PAIRS AND        0 GROUP PAIRS
 == IMAGES === SPACE FOR   627591 ATOM PAIRS AND        0 GROUP PAIRS
Using Image CUBE search
  NBNDGCM found:
     3690223  atom pairs
      479363  image atom pairs
           0  self atom pairs
 UPDECI: Image update at step        92

 <MKIMAT2>: updating the image atom lists and remapping
 Transformation   Atoms  Groups  Residues  Min-Distance
    1  N1N1N1R1 has       0       0       0      108.02
    2  N1Z0N1R1 has       0       0       0      107.85
    3  N1P1N1R1 has       0       0       0      109.72
    4  Z0N1N1R1 has       0       0       0      105.01
    5  Z0Z0N1R1 has       0       0       0      104.83
    6  Z0P1N1R1 has       0       0       0      108.21
    7  N1N1Z0R1 has     399     109       7        0.00
    8  N1Z0Z0R1 has    3245     932      38        0.00
    9  N1P1Z0R1 has     536     146       7        0.00
   10  Z0N1Z0R1 has    3755    1083      44        0.00
   12  N1N1P1R1 has       0       0       0      108.54
   13  N1Z0P1R1 has       0       0       0      107.33
   14  N1P1P1R1 has       0       0       0      108.28
 Total of30255 atoms and 8766 groups and  288 residues were included

 <MAKGRP> found      0 image group exclusions.
 UPDECI: Nonbond update at step        92
 Generating nonbond list with Exclusion mode = 5
 == PRIMARY == SPACE FOR  4803385 ATOM PAIRS AND        0 GROUP PAIRS
 == IMAGES === SPACE FOR   627591 ATOM PAIRS AND        0 GROUP PAIRS
Using Image CUBE search
  NBNDGCM found:
     3690112  atom pairs
      479323  image atom pairs
           0  self atom pairs
MINI>      100  68982.18273  12945.19382      7.74943      0.00715
MINI INTERN>     5203.14743  21361.95918   7667.96255  10811.93871    101.28374
MINI EXTERN>    22616.72732   -634.15594      0.00000      0.00000      0.00000
MINI IMAGES>     1904.89119    -51.57145      0.00000      0.00000      0.00000
 ----------       ---------    ---------    ---------    ---------    ---------
 UPDECI: Image update at step       103

 <MKIMAT2>: updating the image atom lists and remapping
 Transformation   Atoms  Groups  Residues  Min-Distance
    1  N1N1N1R1 has       0       0       0      108.00
    2  N1Z0N1R1 has       0       0       0      107.82
    3  N1P1N1R1 has       0       0       0      109.72
    4  Z0N1N1R1 has       0       0       0      105.00
    5  Z0Z0N1R1 has       0       0       0      104.82
    6  Z0P1N1R1 has       0       0       0      108.20
    7  N1N1Z0R1 has     397     109       7        0.00
    8  N1Z0Z0R1 has    3222     929      38        0.00
    9  N1P1Z0R1 has     536     146       7        0.00
   10  Z0N1Z0R1 has    3753    1082      44        0.00
   12  N1N1P1R1 has       0       0       0      108.53
   13  N1Z0P1R1 has       0       0       0      107.32
   14  N1P1P1R1 has       0       0       0      108.26
 Total of30228 atoms and 8762 groups and  288 residues were included

 <MAKGRP> found      0 image group exclusions.
 UPDECI: Nonbond update at step       103
 Generating nonbond list with Exclusion mode = 5
 == PRIMARY == SPACE FOR  4803385 ATOM PAIRS AND        0 GROUP PAIRS
 == IMAGES === SPACE FOR   627591 ATOM PAIRS AND        0 GROUP PAIRS
Using Image CUBE search
  NBNDGCM found:
     3688484  atom pairs
      478845  image atom pairs
           0  self atom pairs
 EPHI: WARNING. bent improper torsion angle is 

far from minimum for;
    IPHI=   14  with deltaPHI=  85.5963 MIN=   0.0000 ATOMS: 1136 1135 1138 1137
 UPDECI: Image update at step       104

 <MKIMAT2>: updating the image atom lists and remapping
 Transformation   Atoms  Groups  Residues  Min-Distance
    1  N1N1N1R1 has       0       0       0      108.00
    2  N1Z0N1R1 has       0       0       0      107.82
    3  N1P1N1R1 has       0       0       0      109.72
    4  Z0N1N1R1 has       0       0       0      105.00
    5  Z0Z0N1R1 has       0       0       0      104.82
    6  Z0P1N1R1 has       0       0       0      108.20
    7  N1N1Z0R1 has     397     109       7        0.00
    8  N1Z0Z0R1 has    3222     929      38        0.00
    9  N1P1Z0R1 has     536     146       7        0.00
   10  Z0N1Z0R1 has    3753    1082      44        0.00
   12  N1N1P1R1 has       0       0       0      108.53
   13  N1Z0P1R1 has       0       0       0      107.32
   14  N1P1P1R1 has       0       0       0      108.26
 Total of30228 atoms and 8762 groups and  288 residues were included

 <MAKGRP> found      0 image group exclusions.
 UPDECI: Nonbond update at step       104
 Generating nonbond list with Exclusion mode = 5
 == PRIMARY == SPACE FOR  4803385 ATOM PAIRS AND        0 GROUP PAIRS
 == IMAGES === SPACE FOR   627591 ATOM PAIRS AND        0 GROUP PAIRS
Using Image CUBE search
  NBNDGCM found:
     3688111  atom pairs
      478804  image atom pairs
           0  self atom pairs
 EPHI: WARNING. bent improper torsion angle is 

far from minimum for;
    IPHI=   14  with deltaPHI=-108.7058 MIN=   0.0000 ATOMS: 1136 1135 1138 1137
 UPDECI: Image update at step       107

 <MKIMAT2>: updating the image atom lists and remapping
 Transformation   Atoms  Groups  Residues  Min-Distance
    1  N1N1N1R1 has       0       0       0      107.99
    2  N1Z0N1R1 has       0       0       0      107.82
    3  N1P1N1R1 has       0       0       0      109.72
    4  Z0N1N1R1 has       0       0       0      104.99
    5  Z0Z0N1R1 has       0       0       0      104.81
    6  Z0P1N1R1 has       0       0       0      108.20
    7  N1N1Z0R1 has     397     109       7        0.00
    8  N1Z0Z0R1 has    3222     929      38        0.00
    9  N1P1Z0R1 has     536     146       7        0.00
   10  Z0N1Z0R1 has    3757    1083      44        0.00
   12  N1N1P1R1 has       0       0       0      108.53
   13  N1Z0P1R1 has       0       0       0      107.32
   14  N1P1P1R1 has       0       0       0      108.26
 Total of30232 atoms and 8763 groups and  288 residues were included

 <MAKGRP> found      0 image group exclusions.
 UPDECI: Nonbond update at step       107
 Generating nonbond list with Exclusion mode = 5
 == PRIMARY == SPACE FOR  4803385 ATOM PAIRS AND        0 GROUP PAIRS
 == IMAGES === SPACE FOR   627591 ATOM PAIRS AND        0 GROUP PAIRS
Using Image CUBE search
  NBNDGCM found:
     3687730  atom pairs
      478727  image atom pairs
           0  self atom pairs
 EPHI: WARNING. bent improper torsion angle is 

far from minimum for;
    IPHI=   14  with deltaPHI=-115.5805 MIN=   0.0000 ATOMS: 1136 1135 1138 1137
 UPDECI: Image update at step       108

 <MKIMAT2>: updating the image atom lists and remapping
 Transformation   Atoms  Groups  Residues  Min-Distance
    1  N1N1N1R1 has       0       0       0      107.99
    2  N1Z0N1R1 has       0       0       0      107.82
    3  N1P1N1R1 has       0       0       0      109.72
    4  Z0N1N1R1 has       0       0       0      104.99
    5  Z0Z0N1R1 has       0       0       0      104.81
    6  Z0P1N1R1 has       0       0       0      108.20
    7  N1N1Z0R1 has     397     109       7        0.00
    8  N1Z0Z0R1 has    3222     929      38        0.00
    9  N1P1Z0R1 has     536     146       7        0.00
   10  Z0N1Z0R1 has    3757    1083      44        0.00
   12  N1N1P1R1 has       0       0       0      108.53
   13  N1Z0P1R1 has       0       0       0      107.32
   14  N1P1P1R1 has       0       0       0      108.26
 Total of30232 atoms and 8763 groups and  288 residues were included

 <MAKGRP> found      0 image group exclusions.
 UPDECI: Nonbond update at step       108
 Generating nonbond list with Exclusion mode = 5
 == PRIMARY == SPACE FOR  4803385 ATOM PAIRS AND        0 GROUP PAIRS
 == IMAGES === SPACE FOR   627591 ATOM PAIRS AND        0 GROUP PAIRS
Using Image CUBE search
  NBNDGCM found:
     3687664  atom pairs
      478698  image atom pairs
           0  self atom pairs
 UPDECI: Image update at step       109

 <MKIMAT2>: updating the image atom lists and remapping
 Transformation   Atoms  Groups  Residues  Min-Distance
    1  N1N1N1R1 has       0       0       0      107.99
    2  N1Z0N1R1 has       0       0       0      107.82
    3  N1P1N1R1 has       0       0       0      109.71
    4  Z0N1N1R1 has       0       0       0      104.99
    5  Z0Z0N1R1 has       0       0       0      104.81
    6  Z0P1N1R1 has       0       0       0      108.20
    7  N1N1Z0R1 has     397     109       7        0.00
    8  N1Z0Z0R1 has    3222     929      38        0.00
    9  N1P1Z0R1 has     534     145       7        0.00
   10  Z0N1Z0R1 has    3759    1084      44        0.00
   12  N1N1P1R1 has       0       0       0      108.53
   13  N1Z0P1R1 has       0       0       0      107.32
   14  N1P1P1R1 has       0       0       0      108.26
 Total of30232 atoms and 8763 groups and  288 residues were included

 <MAKGRP> found      0 image group exclusions.
 UPDECI: Nonbond update at step       109
 Generating nonbond list with Exclusion mode = 5
 == PRIMARY == SPACE FOR  4803385 ATOM PAIRS AND        0 GROUP PAIRS
 == IMAGES === SPACE FOR   627591 ATOM PAIRS AND        0 GROUP PAIRS
Using Image CUBE search
  NBNDGCM found:
     3687546  atom pairs
      478673  image atom pairs
           0  self atom pairs
MINI>      110  67520.40671   1461.77602     27.71299      0.00769
MINI INTERN>     9325.89807  18877.61937   7715.41563  10719.26412    214.71460
MINI EXTERN>    19805.63196   -710.55624      0.00000      0.00000      0.00000
MINI IMAGES>     1625.83318    -53.41397      0.00000      0.00000      0.00000
 ----------       ---------    ---------    ---------    ---------    ---------
 UPDECI: Image update at step       111

 <MKIMAT2>: updating the image atom lists and remapping
 Transformation   Atoms  Groups  Residues  Min-Distance
    1  N1N1N1R1 has       0       0       0      107.99
    2  N1Z0N1R1 has       0       0       0      107.82
    3  N1P1N1R1 has       0       0       0      109.71
    4  Z0N1N1R1 has       0       0       0      104.99
    5  Z0Z0N1R1 has       0       0       0      104.81
    6  Z0P1N1R1 has       0       0       0      108.20
    7  N1N1Z0R1 has     397     109       7        0.00
    8  N1Z0Z0R1 has    3222     929      38        0.00
    9  N1P1Z0R1 has     534     145       7        0.00
   10  Z0N1Z0R1 has    3759    1084      44        0.00
   12  N1N1P1R1 has       0       0       0      108.53
   13  N1Z0P1R1 has       0       0       0      107.32
   14  N1P1P1R1 has       0       0       0      108.26
 Total of30232 atoms and 8763 groups and  288 residues were included

 <MAKGRP> found      0 image group exclusions.
 UPDECI: Nonbond update at step       111
 Generating nonbond list with Exclusion mode = 5
 == PRIMARY == SPACE FOR  4803385 ATOM PAIRS AND        0 GROUP PAIRS
 == IMAGES === SPACE FOR   627591 ATOM PAIRS AND        0 GROUP PAIRS
Using Image CUBE search
  NBNDGCM found:
     3687397  atom pairs
      478674  image atom pairs
           0  self atom pairs
 UPDECI: Image update at step       112

 <MKIMAT2>: updating the image atom lists and remapping
 Transformation   Atoms  Groups  Residues  Min-Distance
    1  N1N1N1R1 has       0       0       0      107.99
    2  N1Z0N1R1 has       0       0       0      107.81
    3  N1P1N1R1 has       0       0       0      109.71
    4  Z0N1N1R1 has       0       0       0      104.99
    5  Z0Z0N1R1 has       0       0       0      104.81
    6  Z0P1N1R1 has       0       0       0      108.20
    7  N1N1Z0R1 has     397     109       7        0.00
    8  N1Z0Z0R1 has    3222     929      38        0.00
    9  N1P1Z0R1 has     534     145       7        0.00
   10  Z0N1Z0R1 has    3759    1084      44        0.00
   12  N1N1P1R1 has       0       0       0      108.53
   13  N1Z0P1R1 has       0       0       0      107.32
   14  N1P1P1R1 has       0       0       0      108.25
 Total of30232 atoms and 8763 groups and  288 residues were included

 <MAKGRP> found      0 image group exclusions.
 UPDECI: Nonbond update at step       112
 Generating nonbond list with Exclusion mode = 5
 == PRIMARY == SPACE FOR  4803385 ATOM PAIRS AND        0 GROUP PAIRS
 == IMAGES === SPACE FOR   627591 ATOM PAIRS AND        0 GROUP PAIRS
Using Image CUBE search
  NBNDGCM found:
     3687267  atom pairs
      478631  image atom pairs
           0  self atom pairs
 UPDECI: Image update at step       113

 <MKIMAT2>: updating the image atom lists and remapping
 Transformation   Atoms  Groups  Residues  Min-Distance
    1  N1N1N1R1 has       0       0       0      107.98
    2  N1Z0N1R1 has       0       0       0      107.81
    3  N1P1N1R1 has       0       0       0      109.71
    4  Z0N1N1R1 has       0       0       0      104.99
    5  Z0Z0N1R1 has       0       0       0      104.81
    6  Z0P1N1R1 has       0       0       0      108.20
    7  N1N1Z0R1 has     397     109       7        0.00
    8  N1Z0Z0R1 has    3225     930      38        0.00
    9  N1P1Z0R1 has     534     145       7        0.00
   10  Z0N1Z0R1 has    3759    1084      44        0.00
   12  N1N1P1R1 has       0       0       0      108.53
   13  N1Z0P1R1 has       0       0       0      107.32
   14  N1P1P1R1 has       0       0       0      108.25
 Total of30235 atoms and 8764 groups and  288 residues were included

 <MAKGRP> found      0 image group exclusions.
 UPDECI: Nonbond update at step       113
 Generating nonbond list with Exclusion mode = 5
 == PRIMARY == SPACE FOR  4803385 ATOM PAIRS AND        0 GROUP PAIRS
 == IMAGES === SPACE FOR   627591 ATOM PAIRS AND        0 GROUP PAIRS
Using Image CUBE search
  NBNDGCM found:
     3686993  atom pairs
      478582  image atom pairs
           0  self atom pairs
 UPDECI: Image update at step       114

 <MKIMAT2>: updating the image atom lists and remapping
 Transformation   Atoms  Groups  Residues  Min-Distance
    1  N1N1N1R1 has       0       0       0      107.98
    2  N1Z0N1R1 has       0       0       0      107.81
    3  N1P1N1R1 has       0       0       0      109.71
    4  Z0N1N1R1 has       0       0       0      104.99
    5  Z0Z0N1R1 has       0       0       0      104.81
    6  Z0P1N1R1 has       0       0       0      108.20
    7  N1N1Z0R1 has     393     108       6        0.00
    8  N1Z0Z0R1 has    3225     930      38        0.00
    9  N1P1Z0R1 has     534     145       7        0.00
   10  Z0N1Z0R1 has    3762    1085      44        0.00
   12  N1N1P1R1 has       0       0       0      108.52
   13  N1Z0P1R1 has       0       0       0      107.32
   14  N1P1P1R1 has       0       0       0      108.25
 Total of30234 atoms and 8764 groups and  287 residues were included

 <MAKGRP> found      0 image group exclusions.
 UPDECI: Nonbond update at step       114
 Generating nonbond list with Exclusion mode = 5
 == PRIMARY == SPACE FOR  4803385 ATOM PAIRS AND        0 GROUP PAIRS
 == IMAGES === SPACE FOR   627591 ATOM PAIRS AND        0 GROUP PAIRS
Using Image CUBE search
  NBNDGCM found:
     3686687  atom pairs
      478507  image atom pairs
           0  self atom pairs
 EPHI: WARNING. bent improper torsion angle is 

far from minimum for;
    IPHI=   14  with deltaPHI= 107.4250 MIN=   0.0000 ATOMS: 1136 1135 1138 1137
 EPHI: WARNING. bent improper torsion angle is 

far from minimum for;
    IPHI=   21  with deltaPHI=-102.4082 MIN=   0.0000 ATOMS: 1936 1938 1884 1937
 UPDECI: Image update at step       116

 <MKIMAT2>: updating the image atom lists and remapping
 Transformation   Atoms  Groups  Residues  Min-Distance
    1  N1N1N1R1 has       0       0       0      107.98
    2  N1Z0N1R1 has       0       0       0      107.80
    3  N1P1N1R1 has       0       0       0      109.71
    4  Z0N1N1R1 has       0       0       0      104.98
    5  Z0Z0N1R1 has       0       0       0      104.80
    6  Z0P1N1R1 has       0       0       0      108.20
    7  N1N1Z0R1 has     393     108       6        0.00
    8  N1Z0Z0R1 has    3224     929      38        0.00
    9  N1P1Z0R1 has     534     145       7        0.00
   10  Z0N1Z0R1 has    3765    1086      44        0.00
   12  N1N1P1R1 has       0       0       0      108.52
   13  N1Z0P1R1 has       0       0       0      107.32
   14  N1P1P1R1 has       0       0       0      108.25
 Total of30236 atoms and 8764 groups and  287 residues were included

 <MAKGRP> found      0 image group exclusions.
 UPDECI: Nonbond update at step       116
 Generating nonbond list with Exclusion mode = 5
 == PRIMARY == SPACE FOR  4803385 ATOM PAIRS AND        0 GROUP PAIRS
 == IMAGES === SPACE FOR   627591 ATOM PAIRS AND        0 GROUP PAIRS
Using Image CUBE search
  NBNDGCM found:
     3686581  atom pairs
      478482  image atom pairs
           0  self atom pairs
 UPDECI: Image update at step       117

 <MKIMAT2>: updating the image atom lists and remapping
 Transformation   Atoms  Groups  Residues  Min-Distance
    1  N1N1N1R1 has       0       0       0      107.98
    2  N1Z0N1R1 has       0       0       0      107.80
    3  N1P1N1R1 has       0       0       0      109.71
    4  Z0N1N1R1 has       0       0       0      104.98
    5  Z0Z0N1R1 has       0       0       0      104.80
    6  Z0P1N1R1 has       0       0       0      108.20
    7  N1N1Z0R1 has     393     108       6        0.00
    8  N1Z0Z0R1 has    3224     929      38        0.00
    9  N1P1Z0R1 has     534     145       7        0.00
   10  Z0N1Z0R1 has    3762    1085      44        0.00
   12  N1N1P1R1 has       0       0       0      108.52
   13  N1Z0P1R1 has       0       0       0      107.32
   14  N1P1P1R1 has       0       0       0      108.25
 Total of30233 atoms and 8763 groups and  287 residues were included

 <MAKGRP> found      0 image group exclusions.
 UPDECI: Nonbond update at step       117
 Generating nonbond list with Exclusion mode = 5
 == PRIMARY == SPACE FOR  4803385 ATOM PAIRS AND        0 GROUP PAIRS
 == IMAGES === SPACE FOR   627591 ATOM PAIRS AND        0 GROUP PAIRS
Using Image CUBE search
  NBNDGCM found:
     3686457  atom pairs
      478427  image atom pairs
           0  self atom pairs
 EPHI: WARNING. bent improper torsion angle is 

far from minimum for;
    IPHI=   21  with deltaPHI= 149.8224 MIN=   0.0000 ATOMS: 1936 1938 1884 1937
 EPHI: WARNING. bent improper torsion angle is 

far from minimum for;
    IPHI=   22  with deltaPHI=-137.8051 MIN=   0.0000 ATOMS: 1884 1936 1886 1885
 UPDECI: Image update at step       118

 <MKIMAT2>: updating the image atom lists and remapping
 Transformation   Atoms  Groups  Residues  Min-Distance
    1  N1N1N1R1 has       0       0       0      107.97
    2  N1Z0N1R1 has       0       0       0      107.80
    3  N1P1N1R1 has       0       0       0      109.71
    4  Z0N1N1R1 has       0       0       0      104.98
    5  Z0Z0N1R1 has       0       0       0      104.80
    6  Z0P1N1R1 has       0       0       0      108.19
    7  N1N1Z0R1 has     393     108       6        0.00
    8  N1Z0Z0R1 has    3224     929      38        0.00
    9  N1P1Z0R1 has     534     145       7        0.00
   10  Z0N1Z0R1 has    3759    1084      44        0.00
   12  N1N1P1R1 has       0       0       0      108.52
   13  N1Z0P1R1 has       0       0       0      107.32
   14  N1P1P1R1 has       0       0       0      108.24
 Total of30230 atoms and 8762 groups and  287 residues were included

 <MAKGRP> found      0 image group exclusions.
 UPDECI: Nonbond update at step       118
 Generating nonbond list with Exclusion mode = 5
 == PRIMARY == SPACE FOR  4803385 ATOM PAIRS AND        0 GROUP PAIRS
 == IMAGES === SPACE FOR   627591 ATOM PAIRS AND        0 GROUP PAIRS
Using Image CUBE search
  NBNDGCM found:
     3686272  atom pairs
      478395  image atom pairs
           0  self atom pairs
 UPDECI: Image update at step       119

 <MKIMAT2>: updating the image atom lists and remapping
 Transformation   Atoms  Groups  Residues  Min-Distance
    1  N1N1N1R1 has       0       0       0      107.97
    2  N1Z0N1R1 has       0       0       0      107.80
    3  N1P1N1R1 has       0       0       0      109.71
    4  Z0N1N1R1 has       0       0       0      104.98
    5  Z0Z0N1R1 has       0       0       0      104.80
    6  Z0P1N1R1 has       0       0       0      108.19
    7  N1N1Z0R1 has     393     108       6        0.00
    8  N1Z0Z0R1 has    3224     929      38        0.00
    9  N1P1Z0R1 has     534     145       7        0.00
   10  Z0N1Z0R1 has    3759    1084      44        0.00
   12  N1N1P1R1 has       0       0       0      108.52
   13  N1Z0P1R1 has       0       0       0      107.32
   14  N1P1P1R1 has       0       0       0      108.24
 Total of30230 atoms and 8762 groups and  287 residues were included

 <MAKGRP> found      0 image group exclusions.
 UPDECI: Nonbond update at step       119
 Generating nonbond list with Exclusion mode = 5
 == PRIMARY == SPACE FOR  4803385 ATOM PAIRS AND        0 GROUP PAIRS
 == IMAGES === SPACE FOR   627591 ATOM PAIRS AND        0 GROUP PAIRS
Using Image CUBE search
  NBNDGCM found:
     3686113  atom pairs
      478363  image atom pairs
           0  self atom pairs
 EPHI: WARNING. bent improper torsion angle is 

far from minimum for;
    IPHI=   21  with deltaPHI=-109.6053 MIN=   0.0000 ATOMS: 1936 1938 1884 1937
 UPDECI: Image update at step       120

 <MKIMAT2>: updating the image atom lists and remapping
 Transformation   Atoms  Groups  Residues  Min-Distance
    1  N1N1N1R1 has       0       0       0      107.97
    2  N1Z0N1R1 has       0       0       0      107.80
    3  N1P1N1R1 has       0       0       0      109.71
    4  Z0N1N1R1 has       0       0       0      104.98
    5  Z0Z0N1R1 has       0       0       0      104.80
    6  Z0P1N1R1 has       0       0       0      108.19
    7  N1N1Z0R1 has     393     108       6        0.00
    8  N1Z0Z0R1 has    3224     929      38        0.00
    9  N1P1Z0R1 has     534     145       7        0.00
   10  Z0N1Z0R1 has    3759    1084      44        0.00
   12  N1N1P1R1 has       0       0       0      108.52
   13  N1Z0P1R1 has       0       0       0      107.32
   14  N1P1P1R1 has       0       0       0      108.24
 Total of30230 atoms and 8762 groups and  287 residues were included

 <MAKGRP> found      0 image group exclusions.
 UPDECI: Nonbond update at step       120
 Generating nonbond list with Exclusion mode = 5
 == PRIMARY == SPACE FOR  4803385 ATOM PAIRS AND        0 GROUP PAIRS
 == IMAGES === SPACE FOR   627591 ATOM PAIRS AND        0 GROUP PAIRS
Using Image CUBE search
  NBNDGCM found:
     3686097  atom pairs
      478359  image atom pairs
           0  self atom pairs
 EPHI: WARNING. bent improper torsion angle is 

far from minimum for;
    IPHI=   21  with deltaPHI=-105.4019 MIN=   0.0000 ATOMS: 1936 1938 1884 1937
MINI>      120  88445.35408 -20924.94736   1740.59044      0.00827
MINI INTERN>     9396.51238  16594.23503   5977.27990  10619.27964    501.58123
MINI EXTERN>    44840.37742   -791.95206      0.00000      0.00000      0.00000
MINI IMAGES>     1363.41720    -55.37666      0.00000      0.00000      0.00000
 ----------       ---------    ---------    ---------    ---------    ---------
 EPHI: WARNING. bent improper torsion angle is 

far from minimum for;
    IPHI=   21  with deltaPHI=-104.6545 MIN=   0.0000 ATOMS: 1936 1938 1884 1937
 EPHI: WARNING. bent improper torsion angle is 

far from minimum for;
    IPHI=   22  with deltaPHI=-109.2628 MIN=   0.0000 ATOMS: 1884 1936 1886 1885
 UPDECI: Image update at step       124

 <MKIMAT2>: updating the image atom lists and remapping
 Transformation   Atoms  Groups  Residues  Min-Distance
    1  N1N1N1R1 has       0       0       0      107.97
    2  N1Z0N1R1 has       0       0       0      107.79
    3  N1P1N1R1 has       0       0       0      109.71
    4  Z0N1N1R1 has       0       0       0      104.98
    5  Z0Z0N1R1 has       0       0       0      104.80
    6  Z0P1N1R1 has       0       0       0      108.19
    7  N1N1Z0R1 has     390     107       6        0.00
    8  N1Z0Z0R1 has    3224     929      38        0.00
    9  N1P1Z0R1 has     534     145       7        0.00
   10  Z0N1Z0R1 has    3759    1084      44        0.00
   12  N1N1P1R1 has       0       0       0      108.52
   13  N1Z0P1R1 has       0       0       0      107.32
   14  N1P1P1R1 has       0       0       0      108.24
 Total of30227 atoms and 8761 groups and  287 residues were included

 <MAKGRP> found      0 image group exclusions.
 UPDECI: Nonbond update at step       124
 Generating nonbond list with Exclusion mode = 5
 == PRIMARY == SPACE FOR  4803385 ATOM PAIRS AND        0 GROUP PAIRS
 == IMAGES === SPACE FOR   627591 ATOM PAIRS AND        0 GROUP PAIRS
Using Image CUBE search
  NBNDGCM found:
     3685674  atom pairs
      478291  image atom pairs
           0  self atom pairs
 EPHI: WARNING. bent improper torsion angle is 

far from minimum for;
    IPHI=    6  with deltaPHI= 167.3432 MIN=   0.0000 ATOMS:  313  312  315  314
MINI>      130  50090.14297  38355.21111      4.15352      0.00370
MINI INTERN>     3397.72435  15046.57213   5166.71594  10594.29329    133.94950
MINI EXTERN>    15432.68871   -867.22310      0.00000      0.00000      0.00000
MINI IMAGES>     1241.76675    -56.34460      0.00000      0.00000      0.00000
 ----------       ---------    ---------    ---------    ---------    ---------
MINI>      140  45486.33866   4603.80430      4.35273      0.00398
MINI INTERN>     2991.63690  13485.07261   4569.97145  10530.63458     86.78223
MINI EXTERN>    13732.34457   -930.80067      0.00000      0.00000      0.00000
MINI IMAGES>     1078.43877    -57.74178      0.00000      0.00000      0.00000
 ----------       ---------    ---------    ---------    ---------    ---------
MINI>      150  42452.93342   3033.40524      8.40522      0.00428
MINI INTERN>     3160.94828  12363.09297   4144.85912  10471.21006     73.78906
MINI EXTERN>    12349.33625   -995.55061      0.00000      0.00000      0.00000
MINI IMAGES>      944.25280    -59.00453      0.00000      0.00000      0.00000
 ----------       ---------    ---------    ---------    ---------    ---------
 UPDECI: Image update at step       155

 <MKIMAT2>: updating the image atom lists and remapping
 Transformation   Atoms  Groups  Residues  Min-Distance
    1  N1N1N1R1 has       0       0       0      107.93
    2  N1Z0N1R1 has       0       0       0      107.75
    3  N1P1N1R1 has       0       0       0      109.69
    4  Z0N1N1R1 has       0       0       0      104.94
    5  Z0Z0N1R1 has       0       0       0      104.76
    6  Z0P1N1R1 has       0       0       0      108.17
    7  N1N1Z0R1 has     383     105       6        0.00
    8  N1Z0Z0R1 has    3215     927      38        0.00
    9  N1P1Z0R1 has     531     144       7        0.00
   10  Z0N1Z0R1 has    3738    1079      43        0.00
   12  N1N1P1R1 has       0       0       0      108.50
   13  N1Z0P1R1 has       0       0       0      107.32
   14  N1P1P1R1 has       0       0       0      108.20
 Total of30187 atoms and 8751 groups and  286 residues were included

 <MAKGRP> found      0 image group exclusions.
 UPDECI: Nonbond update at step       155
 Generating nonbond list with Exclusion mode = 5
 == PRIMARY == SPACE FOR  4803385 ATOM PAIRS AND        0 GROUP PAIRS
 == IMAGES === SPACE FOR   627591 ATOM PAIRS AND        0 GROUP PAIRS
Using Image CUBE search
  NBNDGCM found:
     3680924  atom pairs
      477472  image atom pairs
           0  self atom pairs
MINI>      160  39231.85133   3221.08209      2.42642      0.00192
MINI INTERN>     2349.59544  11492.34299   3817.05704  10424.55707     67.71753
MINI EXTERN>    11329.52121  -1034.00837      0.00000      0.00000      0.00000
MINI IMAGES>      845.08723    -60.01882      0.00000      0.00000      0.00000
 ----------       ---------    ---------    ---------    ---------    ---------
MINI>      170  37582.20477   1649.64656      9.04778      0.00494
MINI INTERN>     2854.79580  10794.53841   3547.80784  10376.87014     62.32465
MINI EXTERN>    10357.78828  -1100.99400      0.00000      0.00000      0.00000
MINI IMAGES>      750.19591    -61.12226      0.00000      0.00000      0.00000
 ----------       ---------    ---------    ---------    ---------    ---------
MINI>      180  34975.58276   2606.62201      1.99129      0.00221
MINI INTERN>     1996.15886  10152.77836   3325.20821  10337.13462     59.44612
MINI EXTERN>     9614.45518  -1125.08507      0.00000      0.00000      0.00000
MINI IMAGES>      677.58434    -62.09786      0.00000      0.00000      0.00000
 ----------       ---------    ---------    ---------    ---------    ---------
MINI>      190  33138.66603   1836.91673      2.46886      0.00238
MINI INTERN>     1876.16508   9591.20968   3120.97357  10280.88092     56.26468
MINI EXTERN>     8842.70946  -1168.56624      0.00000      0.00000      0.00000
MINI IMAGES>      602.28263    -63.25375      0.00000      0.00000      0.00000
 ----------       ---------    ---------    ---------    ---------    ---------
MINI>      200  31686.99273   1451.67330      4.44942      0.00256
MINI INTERN>     1874.77000   9122.73020   2952.16211  10244.52180     54.74624
MINI EXTERN>     8172.63848  -1207.66488      0.00000      0.00000      0.00000
MINI IMAGES>      537.47659    -64.38781      0.00000      0.00000      0.00000
 ----------       ---------    ---------    ---------    ---------    ---------
MINI>      210  30406.14464   1280.84809      5.15159      0.00275
MINI INTERN>     1822.99605   8731.33646   2814.43502  10213.17000     55.60301
MINI EXTERN>     7596.90146  -1244.67200      0.00000      0.00000      0.00000
MINI IMAGES>      481.86020    -65.48556      0.00000      0.00000      0.00000
 ----------       ---------    ---------    ---------    ---------    ---------
MINI>      220  29280.32703   1125.81761      4.96298      0.00296
MINI INTERN>     1732.21850   8393.78362   2702.35627  10186.77157     52.87234
MINI EXTERN>     7121.07208  -1277.82888      0.00000      0.00000      0.00000
MINI IMAGES>      435.58617    -66.50464      0.00000      0.00000      0.00000
 ----------       ---------    ---------    ---------    ---------    ---------
MINI>      230  28349.62985    930.69718      5.42454      0.00318
MINI INTERN>     1703.50300   8109.14316   2604.95938  10164.75991     52.27450
MINI EXTERN>     6696.35474  -1308.14267      0.00000      0.00000      0.00000
MINI IMAGES>      394.28558    -67.50776      0.00000      0.00000      0.00000
 ----------       ---------    ---------    ---------    ---------    ---------
 UPDECI: Image update at step       238

 <MKIMAT2>: updating the image atom lists and remapping
 Transformation   Atoms  Groups  Residues  Min-Distance
    1  N1N1N1R1 has       0       0       0      107.78
    2  N1Z0N1R1 has       0       0       0      107.61
    3  N1P1N1R1 has       0       0       0      109.58
    4  Z0N1N1R1 has       0       0       0      104.81
    5  Z0Z0N1R1 has       0       0       0      104.63
    6  Z0P1N1R1 has       0       0       0      108.04
    7  N1N1Z0R1 has     377     103       6        0.00
    8  N1Z0Z0R1 has    3224     930      38        0.00
    9  N1P1Z0R1 has     537     146       7        0.00
   10  Z0N1Z0R1 has    3750    1081      43        0.00
   12  N1N1P1R1 has       0       0       0      108.47
   13  N1Z0P1R1 has       0       0       0      107.35
   14  N1P1P1R1 has       0       0       0      108.12
 Total of30208 atoms and 8756 groups and  286 residues were included

 <MAKGRP> found      0 image group exclusions.
 UPDECI: Nonbond update at step       238
 Generating nonbond list with Exclusion mode = 5
 == PRIMARY == SPACE FOR  4803385 ATOM PAIRS AND        0 GROUP PAIRS
 == IMAGES === SPACE FOR   627591 ATOM PAIRS AND        0 GROUP PAIRS
Using Image CUBE search
  NBNDGCM found:
     3669776  atom pairs
      476347  image atom pairs
           0  self atom pairs
MINI>      240  27135.24759   1214.38226      1.88760      0.00142
MINI INTERN>     1415.40518   7786.08888   2511.92633  10145.58413     48.08845
MINI EXTERN>     6287.24640  -1345.24672      0.00000      0.00000      0.00000
MINI IMAGES>      354.71456    -68.55961      0.00000      0.00000      0.00000
 ----------       ---------    ---------    ---------    ---------    ---------
MINI>      250  26344.16704    791.08055      1.29628      0.00153
MINI INTERN>     1345.98982   7548.73648   2438.08697  10130.30409     47.63689
MINI EXTERN>     5951.16725  -1370.64252      0.00000      0.00000      0.00000
MINI IMAGES>      322.37715    -69.48910      0.00000      0.00000      0.00000
 ----------       ---------    ---------    ---------    ---------    ---------

 STEEPD> Minimization exiting with number of steps limit (       250) exceeded.

STPD MIN: Cycle      ENERgy      Delta-E         GRMS    Step-size
STPD INTERN:          BONDs       ANGLes       UREY-b    DIHEdrals    IMPRopers
STPD EXTERN:        VDWaals         ELEC       HBONds          ASP         USER
STPD IMAGES:        IMNBvdw       IMELec       IMHBnd       RXNField    EXTElec
 ----------       ---------    ---------    ---------    ---------    ---------
STPD>      250  26344.16704    791.08055      1.29628      0.00184
STPD INTERN>     1345.98982   7548.73648   2438.08697  10130.30409     47.63689
STPD EXTERN>     5951.16725  -1370.64252      0.00000      0.00000      0.00000
STPD IMAGES>      322.37715    -69.48910      0.00000      0.00000      0.00000
 ----------       ---------    ---------    ---------    ---------    ---------
  
 CHARMM>    mini abnr nstep 250

 SELECTED IMAGES ATOMS BEING CENTERED ABOUT  0.000000  0.000000  0.000000
 RESIDUE   71 OPERATED ON BY TRANSFORMATION Z0N1Z0R1
 RESIDUE   79 OPERATED ON BY TRANSFORMATION Z0N1Z0R1
 RESIDUE   84 OPERATED ON BY TRANSFORMATION P1Z0Z0R1
 RESIDUE  192 OPERATED ON BY TRANSFORMATION P1Z0Z0R1

 <MKIMAT2>: updating the image atom lists and remapping
 Transformation   Atoms  Groups  Residues  Min-Distance
    1  N1N1N1R1 has       0       0       0      107.86
    2  N1Z0N1R1 has       0       0       0      107.69
    3  N1P1N1R1 has       0       0       0      109.48
    4  Z0N1N1R1 has       0       0       0      104.79
    5  Z0Z0N1R1 has       0       0       0      104.61
    6  Z0P1N1R1 has       0       0       0      108.02
    7  N1N1Z0R1 has     510     142       7        0.00
    8  N1Z0Z0R1 has    3310     949      38        0.00
    9  N1P1Z0R1 has     257      63       5        0.00
   10  Z0N1Z0R1 has    3832    1097      43        0.00
   12  N1N1P1R1 has       0       0       0      108.49
   13  N1Z0P1R1 has       0       0       0      107.36
   14  N1P1P1R1 has       0       0       0      108.17
 Total of30229 atoms and 8747 groups and  285 residues were included

 <MAKGRP> found      0 image group exclusions.

 NONBOND OPTION FLAGS: 
     ELEC     VDW      ATOMs    CDIElec  FSHIft   VATOm    VFSWIt  
     BYCB     NOEXtnd  NOEWald 
 CUTNB  = 10.000 CTEXNB =999.000 CTONNB =  6.000 CTOFNB =  7.000
 CGONNB =  0.000 CGOFNB = 10.000
 WMIN   =  1.000 WRNMXD =  0.500 E14FAC =  1.000 EPS    =  1.000
 NBXMOD =      5
 There are  3669776 atom  pairs and   126540 atom  exclusions.
 There are        0 group pairs and    20016 group exclusions.
 Generating nonbond list with Exclusion mode = 5
 == PRIMARY == SPACE FOR  4803385 ATOM PAIRS AND        0 GROUP PAIRS
 == IMAGES === SPACE FOR   627591 ATOM PAIRS AND        0 GROUP PAIRS
Using Image CUBE search
  NBNDGCM found:
     3662093  atom pairs
      482711  image atom pairs
           0  self atom pairs


 ABNER> An energy minimization has been requested.

 EIGRNG =    0.0005000   MINDIM =            5
 NPRINT =           10   NSTEP  =          250
 PSTRCT =    0.0000000   SDSTP  =    0.0200000
 STPLIM =    1.0000000   STRICT =    0.1000000
 TOLFUN =    0.0000000   TOLGRD =    0.0000000
 TOLITR =          100   TOLSTP =    0.0000000
 FMEM   =    0.0000000
MINI MIN: Cycle      ENERgy      Delta-E         GRMS    Step-size
MINI INTERN:          BONDs       ANGLes       UREY-b    DIHEdrals    IMPRopers
MINI EXTERN:        VDWaals         ELEC       HBONds          ASP         USER
MINI IMAGES:        IMNBvdw       IMELec       IMHBnd       RXNField    EXTElec
 ----------       ---------    ---------    ---------    ---------    ---------
MINI>        0  26344.16704     -0.00000      1.29628      0.00000
MINI INTERN>     1345.98982   7548.73648   2438.08697  10130.30409     47.63689
MINI EXTERN>     5929.57995  -1372.44595      0.00000      0.00000      0.00000
MINI IMAGES>      343.96446    -67.68566      0.00000      0.00000      0.00000
 ----------       ---------    ---------    ---------    ---------    ---------
MINI>       10  24415.46793   1928.69910      2.84804      0.61509
MINI INTERN>     1245.84654   6962.50450   2248.79773  10091.39930     69.02540
MINI EXTERN>     5066.97563  -1447.93512      0.00000      0.00000      0.00000
MINI IMAGES>      249.23528    -70.38133      0.00000      0.00000      0.00000
 ----------       ---------    ---------    ---------    ---------    ---------
MINI>       20  22059.89506   2355.57288      2.55104      4.59683
MINI INTERN>     1099.76743   6310.50112   2050.10968  10049.19515     62.99192
MINI EXTERN>     3977.71431  -1548.83345      0.00000      0.00000      0.00000
MINI IMAGES>      132.76192    -74.31303      0.00000      0.00000      0.00000
 ----------       ---------    ---------    ---------    ---------    ---------
MINI>       30  20211.37940   1848.51565      2.88282      4.45227
MINI INTERN>     1020.17125   5836.40967   1900.43705  10008.42399     45.80540
MINI EXTERN>     3082.69661  -1646.45228      0.00000      0.00000      0.00000
MINI IMAGES>       42.34823    -78.46052      0.00000      0.00000      0.00000
 ----------       ---------    ---------    ---------    ---------    ---------
 UPDECI: Image update at step        37

 <MKIMAT2>: updating the image atom lists and remapping
 Transformation   Atoms  Groups  Residues  Min-Distance
    1  N1N1N1R1 has       0       0       0      107.62
    2  N1Z0N1R1 has       0       0       0      107.45
    3  N1P1N1R1 has       0       0       0      109.23
    4  Z0N1N1R1 has       0       0       0      104.50
    5  Z0Z0N1R1 has       0       0       0      104.32
    6  Z0P1N1R1 has       0       0       0      107.68
    7  N1N1Z0R1 has     502     142       7        0.00
    8  N1Z0Z0R1 has    3313     950      38        0.00
    9  N1P1Z0R1 has     257      63       5        0.00
   10  Z0N1Z0R1 has    3811    1092      42        0.00
   12  N1N1P1R1 has       0       0       0      108.52
   13  N1Z0P1R1 has       0       0       0      107.49
   14  N1P1P1R1 has       0       0       0      108.13
 Total of30203 atoms and 8743 groups and  284 residues were included

 <MAKGRP> found      0 image group exclusions.
 UPDECI: Nonbond update at step        37
 Generating nonbond list with Exclusion mode = 5
 == PRIMARY == SPACE FOR  4803385 ATOM PAIRS AND        0 GROUP PAIRS
 == IMAGES === SPACE FOR   627591 ATOM PAIRS AND        0 GROUP PAIRS
Using Image CUBE search
  NBNDGCM found:
     3648580  atom pairs
      479457  image atom pairs
           0  self atom pairs
MINI>       40  18735.87074   1475.50866      2.95326      2.58735
MINI INTERN>      931.41655   5491.05451   1793.93630   9991.80049     44.98137
MINI EXTERN>     2344.00545  -1745.75144      0.00000      0.00000      0.00000
MINI IMAGES>      -32.48900    -83.08349      0.00000      0.00000      0.00000
 ----------       ---------    ---------    ---------    ---------    ---------
MINI>       50  17606.40222   1129.46852      2.68571      2.50598
MINI INTERN>      893.98945   5233.01474   1721.80579   9997.78603     39.30266
MINI EXTERN>     1739.64093  -1838.25617      0.00000      0.00000      0.00000
MINI IMAGES>      -92.81615    -88.06504      0.00000      0.00000      0.00000
 ----------       ---------    ---------    ---------    ---------    ---------
MINI>       60  16746.82649    859.57574      2.72154      2.42717
MINI INTERN>      865.65660   5065.60519   1676.58597  10013.64662     38.47970
MINI EXTERN>     1248.02233  -1928.15903      0.00000      0.00000      0.00000
MINI IMAGES>     -139.55470    -93.45620      0.00000      0.00000      0.00000
 ----------       ---------    ---------    ---------    ---------    ---------
MINI>       70  16007.00472    739.82177      1.86234      1.41050
MINI INTERN>      799.79338   4939.90016   1648.31039  10035.52841     37.68483
MINI EXTERN>      835.92210  -2014.12444      0.00000      0.00000      0.00000
MINI IMAGES>     -176.99423    -99.01588      0.00000      0.00000      0.00000
 ----------       ---------    ---------    ---------    ---------    ---------
MINI>       80  15416.94164    590.06309      1.94153      2.27691
MINI INTERN>      793.92026   4830.98022   1623.41726  10056.31037     36.39436
MINI EXTERN>      484.86103  -2096.10141      0.00000      0.00000      0.00000
MINI IMAGES>     -207.96061   -104.87984      0.00000      0.00000      0.00000
 ----------       ---------    ---------    ---------    ---------    ---------
 UPDECI: Image update at step        88

 <MKIMAT2>: updating the image atom lists and remapping
 Transformation   Atoms  Groups  Residues  Min-Distance
    1  N1N1N1R1 has       0       0       0      107.38
    2  N1Z0N1R1 has       0       0       0      107.20
    3  N1P1N1R1 has       0       0       0      108.85
    4  Z0N1N1R1 has       0       0       0      104.17
    5  Z0Z0N1R1 has       0       0       0      103.99
    6  Z0P1N1R1 has       0       0       0      107.14
    7  N1N1Z0R1 has     490     138       6        0.00
    8  N1Z0Z0R1 has    3321     952      39        0.00
    9  N1P1Z0R1 has     251      61       5        0.00
   10  Z0N1Z0R1 has    3752    1075      41        0.00
   12  N1N1P1R1 has       0       0       0      108.73
   13  N1Z0P1R1 has       0       0       0      107.84
   14  N1P1P1R1 has       0       0       0      108.16
 Total of30134 atoms and 8722 groups and  283 residues were included

 <MAKGRP> found      0 image group exclusions.
 UPDECI: Nonbond update at step        88
 Generating nonbond list with Exclusion mode = 5
 == PRIMARY == SPACE FOR  4803385 ATOM PAIRS AND        0 GROUP PAIRS
 == IMAGES === SPACE FOR   627591 ATOM PAIRS AND        0 GROUP PAIRS
Using Image CUBE search
  NBNDGCM found:
     3623574  atom pairs
      475132  image atom pairs
           0  self atom pairs
MINI>       90  14873.25081    543.69083      1.98094      1.32318
MINI INTERN>      777.58111   4728.96168   1598.51835  10072.83035     36.24020
MINI EXTERN>      180.14302  -2176.41523      0.00000      0.00000      0.00000
MINI IMAGES>     -233.46945   -111.13923      0.00000      0.00000      0.00000
 ----------       ---------    ---------    ---------    ---------    ---------
MINI>      100  14379.66615    493.58466      2.04419      1.28157
MINI INTERN>      777.70066   4625.53273   1573.15687  10086.70769     35.71927
MINI EXTERN>      -81.74381  -2264.71393      0.00000      0.00000      0.00000
MINI IMAGES>     -254.47104   -118.22229      0.00000      0.00000      0.00000
 ----------       ---------    ---------    ---------    ---------    ---------
MINI>      110  13937.16542    442.50073      2.01892      1.24126
MINI INTERN>      775.09291   4534.48516   1550.01122  10096.29266     35.38737
MINI EXTERN>     -300.47641  -2356.16110      0.00000      0.00000      0.00000
MINI IMAGES>     -271.27736   -126.18903      0.00000      0.00000      0.00000
 ----------       ---------    ---------    ---------    ---------    ---------
MINI>      120  13522.45564    414.70978      2.09831      1.20223
MINI INTERN>      765.37619   4449.47955   1528.71413  10099.31579     34.99793
MINI EXTERN>     -495.17029  -2440.97112      0.00000      0.00000      0.00000
MINI IMAGES>     -284.77525   -134.51128      0.00000      0.00000      0.00000
 ----------       ---------    ---------    ---------    ---------    ---------
MINI>      130  13132.98338    389.47227      1.86108      1.16442
MINI INTERN>      749.01085   4370.69711   1506.56857  10097.96850     33.85034
MINI EXTERN>     -668.03539  -2519.02659      0.00000      0.00000      0.00000
MINI IMAGES>     -295.58762   -142.46240      0.00000      0.00000      0.00000
 ----------       ---------    ---------    ---------    ---------    ---------
 UPDECI: Image update at step       137

 <MKIMAT2>: updating the image atom lists and remapping
 Transformation   Atoms  Groups  Residues  Min-Distance
    1  N1N1N1R1 has       0       0       0      107.41
    2  N1Z0N1R1 has       0       0       0      107.23
    3  N1P1N1R1 has       0       0       0      108.73
    4  Z0N1N1R1 has       0       0       0      104.18
    5  Z0Z0N1R1 has       0       0       0      104.00
    6  Z0P1N1R1 has       0       0       0      106.90
    7  N1N1Z0R1 has     481     135       6        0.00
    8  N1Z0Z0R1 has    3330     955      40        0.00
    9  N1P1Z0R1 has     251      61       5        0.00
   10  Z0N1Z0R1 has    3728    1075      41        0.00
   12  N1N1P1R1 has       0       0       0      109.00
   13  N1Z0P1R1 has       0       0       0      108.07
   14  N1P1P1R1 has       0       0       0      108.22
 Total of30110 atoms and 8722 groups and  284 residues were included

 <MAKGRP> found      0 image group exclusions.
 UPDECI: Nonbond update at step       137
 Generating nonbond list with Exclusion mode = 5
 == PRIMARY == SPACE FOR  4803385 ATOM PAIRS AND        0 GROUP PAIRS
 == IMAGES === SPACE FOR   627591 ATOM PAIRS AND        0 GROUP PAIRS
Using Image CUBE search
  NBNDGCM found:
     3598759  atom pairs
      471459  image atom pairs
           0  self atom pairs
MINI>      140  12774.07950    358.90388      1.76784      1.12780
MINI INTERN>      730.91518   4299.74529   1487.71317  10093.48645     33.31545
MINI EXTERN>     -824.63165  -2593.20444      0.00000      0.00000      0.00000
MINI IMAGES>     -303.58702   -149.67295      0.00000      0.00000      0.00000
 ----------       ---------    ---------    ---------    ---------    ---------
MINI>      150  12436.87844    337.20106      1.68118      1.09233
MINI INTERN>      722.64435   4220.89917   1469.60743  10086.97575     31.97039
MINI EXTERN>     -963.81142  -2666.11068      0.00000      0.00000      0.00000
MINI IMAGES>     -309.03247   -156.26409      0.00000      0.00000      0.00000
 ----------       ---------    ---------    ---------    ---------    ---------
MINI>      160  12117.00989    319.86855      1.49698      1.05798
MINI INTERN>      702.91009   4141.32949   1450.27971  10079.87877     30.81778
MINI EXTERN>    -1084.92956  -2729.07581      0.00000      0.00000      0.00000
MINI IMAGES>     -312.41684   -161.78374      0.00000      0.00000      0.00000
 ----------       ---------    ---------    ---------    ---------    ---------
MINI>      170  11816.70960    300.30029      1.41774      1.02471
MINI INTERN>      685.80738   4064.68220   1434.67851  10069.90328     30.15595
MINI EXTERN>    -1198.43231  -2788.40568      0.00000      0.00000      0.00000
MINI IMAGES>     -314.67696   -167.00278      0.00000      0.00000      0.00000
 ----------       ---------    ---------    ---------    ---------    ---------
MINI>      180  11532.74427    283.96533      1.43039      0.99248
MINI INTERN>      678.80879   3984.16660   1418.65314  10057.15937     28.78301
MINI EXTERN>    -1299.49989  -2846.52505      0.00000      0.00000      0.00000
MINI IMAGES>     -316.87384   -171.92785      0.00000      0.00000      0.00000
 ----------       ---------    ---------    ---------    ---------    ---------
 UPDECI: Image update at step       182

 <MKIMAT2>: updating the image atom lists and remapping
 Transformation   Atoms  Groups  Residues  Min-Distance
    1  N1N1N1R1 has       0       0       0      107.68
    2  N1Z0N1R1 has       0       0       0      107.51
    3  N1P1N1R1 has       0       0       0      108.76
    4  Z0N1N1R1 has       0       0       0      104.44
    5  Z0Z0N1R1 has       0       0       0      104.25
    6  Z0P1N1R1 has       0       0       0      106.79
    7  N1N1Z0R1 has     485     136       6        0.00
    8  N1Z0Z0R1 has    3331     955      40        0.00
    9  N1P1Z0R1 has     248      60       5        0.00
   10  Z0N1Z0R1 has    3715    1070      40        0.00
   12  N1N1P1R1 has       0       0       0      108.82
   13  N1Z0P1R1 has       0       0       0      108.22
   14  N1P1P1R1 has       0       0       0      108.36
 Total of30099 atoms and 8717 groups and  283 residues were included

 <MAKGRP> found      0 image group exclusions.
 UPDECI: Nonbond update at step       182
 Generating nonbond list with Exclusion mode = 5
 == PRIMARY == SPACE FOR  4803385 ATOM PAIRS AND        0 GROUP PAIRS
 == IMAGES === SPACE FOR   627591 ATOM PAIRS AND        0 GROUP PAIRS
Using Image CUBE search
  NBNDGCM found:
     3577394  atom pairs
      468522  image atom pairs
           0  self atom pairs
MINI>      190  11261.95634    270.78793      1.45082      0.96127
MINI INTERN>      662.45030   3915.81346   1406.31030  10042.66498     28.51053
MINI EXTERN>    -1387.69835  -2910.66179      0.00000      0.00000      0.00000
MINI IMAGES>     -318.18351   -177.24957      0.00000      0.00000      0.00000
 ----------       ---------    ---------    ---------    ---------    ---------
MINI>      200  11004.47885    257.47749      1.62476      0.93104
MINI INTERN>      660.19136   3841.35058   1393.28905  10024.67980     27.54944
MINI EXTERN>    -1460.63416  -2979.23841      0.00000      0.00000      0.00000
MINI IMAGES>     -319.74874   -182.96008      0.00000      0.00000      0.00000
 ----------       ---------    ---------    ---------    ---------    ---------
MINI>      210  10750.45504    254.02380      1.69688      0.90176
MINI INTERN>      647.06447   3772.33524   1378.36591  10004.08849     27.18597
MINI EXTERN>    -1523.42971  -3045.26518      0.00000      0.00000      0.00000
MINI IMAGES>     -321.62106   -188.26909      0.00000      0.00000      0.00000
 ----------       ---------    ---------    ---------    ---------    ---------
 UPDECI: Image update at step       219

 <MKIMAT2>: updating the image atom lists and remapping
 Transformation   Atoms  Groups  Residues  Min-Distance
    1  N1N1N1R1 has       0       0       0      108.02
    2  N1Z0N1R1 has       0       0       0      107.84
    3  N1P1N1R1 has       0       0       0      108.90
    4  Z0N1N1R1 has       0       0       0      104.76
    5  Z0Z0N1R1 has       0       0       0      104.58
    6  Z0P1N1R1 has       0       0       0      106.81
    7  N1N1Z0R1 has     485     136       6        0.00
    8  N1Z0Z0R1 has    3322     951      40        0.00
    9  N1P1Z0R1 has     251      61       5        0.00
   10  Z0N1Z0R1 has    3711    1071      40        0.00
   12  N1N1P1R1 has       0       0       0      108.48
   13  N1Z0P1R1 has       0       0       0      108.31
   14  N1P1P1R1 has       0       0       0      108.45
 Total of30089 atoms and 8715 groups and  283 residues were included

 <MAKGRP> found      0 image group exclusions.
 UPDECI: Nonbond update at step       219
 Generating nonbond list with Exclusion mode = 5
 == PRIMARY == SPACE FOR  4803385 ATOM PAIRS AND        0 GROUP PAIRS
 == IMAGES === SPACE FOR   627591 ATOM PAIRS AND        0 GROUP PAIRS
Using Image CUBE search
  NBNDGCM found:
     3560213  atom pairs
      466801  image atom pairs
           0  self atom pairs
MINI>      220  10499.53561    250.91943      1.71439      0.87340
MINI INTERN>      634.18546   3703.50952   1364.76192   9980.30632     26.71424
MINI EXTERN>    -1588.03630  -3103.74182      0.00000      0.00000      0.00000
MINI IMAGES>     -325.36700   -192.79673      0.00000      0.00000      0.00000
 ----------       ---------    ---------    ---------    ---------    ---------
MINI>      230  10261.56580    237.96981      1.79759      0.84593
MINI INTERN>      626.93835   3636.16440   1350.59698   9955.51702     26.19999
MINI EXTERN>    -1647.70018  -3157.52913      0.00000      0.00000      0.00000
MINI IMAGES>     -332.41447   -196.20714      0.00000      0.00000      0.00000
 ----------       ---------    ---------    ---------    ---------    ---------
MINI>      240  10047.53546    214.03034      1.65716      0.72829
MINI INTERN>      605.53670   3589.97028   1341.64899   9931.57356     26.22498
MINI EXTERN>    -1697.92572  -3209.91024      0.00000      0.00000      0.00000
MINI IMAGES>     -340.13807   -199.44502      0.00000      0.00000      0.00000
 ----------       ---------    ---------    ---------    ---------    ---------
MINI>      250   9828.04046    219.49500      1.40978      0.62701
MINI INTERN>      588.54534   3540.56671   1330.69665   9903.36782     26.03580
MINI EXTERN>    -1745.88593  -3263.62417      0.00000      0.00000      0.00000
MINI IMAGES>     -348.55956   -203.10220      0.00000      0.00000      0.00000
 ----------       ---------    ---------    ---------    ---------    ---------

 ABNER> Minimization exiting with number of steps limit (  250) exceeded.

ABNR MIN: Cycle      ENERgy      Delta-E         GRMS    Step-size
ABNR INTERN:          BONDs       ANGLes       UREY-b    DIHEdrals    IMPRopers
ABNR EXTERN:        VDWaals         ELEC       HBONds          ASP         USER
ABNR IMAGES:        IMNBvdw       IMELec       IMHBnd       RXNField    EXTElec
 ----------       ---------    ---------    ---------    ---------    ---------
ABNR>      250   9828.04046    219.49500      1.40978      0.56431
ABNR INTERN>      588.54534   3540.56671   1330.69665   9903.36782     26.03580
ABNR EXTERN>    -1745.88593  -3263.62417      0.00000      0.00000      0.00000
ABNR IMAGES>     -348.55956   -203.10220      0.00000      0.00000      0.00000
 ----------       ---------    ---------    ---------    ---------    ---------
  
 CHARMM>     
  
 CHARMM>    !
 CHARMM>    ! check lipid penetrating into cholesterol rings
 CHARMM>    !
 CHARMM>     
  
 CHARMM>    set nres = ?nres
 RDCMND substituted energy or value "?NRES" to "192"
 Parameter: NRES <- "192"
  
 CHARMM>     
  
 CHARMM>    open write unit 90 card name step4_lipid_checkchol.str
 VOPEN> Attempting to open::step4_lipid_checkchol.str::
 OPNLGU> Unit 90 opened for WRITE access to step4_lipid_checkchol.str
  
 CHARMM>     
  
 CHARMM>    define STEROL sele ( resn CHL1 .or. resn ERG .or. resn DPOP .or. resn SITO .or. resn STIG -
 CHARMM>                     .or. resn CHSD .or. resn CHSP .or. resn CAMP .or. resn GCAMP .or. resn GSITO -
 CHARMM>                     .or. resn GSTIG .or. resn LANO .or. resn PGCAMP .or. resn PGSITO .or. resn PGSTIG -
 CHARMM>                     ) end
 SELRPN>   4144 atoms have been selected out of  22320
  
 CHARMM>     
  
 CHARMM>    !loop for upper-leaflet sterols
 CHARMM>    define XXX sele STEROL .and. segid MEMB .and. type O3 .and. ( prop Z .gt. 0 ) end
 SELRPN>     28 atoms have been selected out of  22320
  
 CHARMM>    set ncholtop = ?nsel
 RDCMND substituted energy or value "?NSEL" to "28"
 Parameter: NCHOLTOP <- "28"
  
 CHARMM>    set i    = ?SELRESI
 RDCMND substituted energy or value "?SELRESI" to "4"
 Parameter: I <- "4"
  
 CHARMM>     
  
 CHARMM>    if ncholtop .gt. 0 then
 Comparing "28" and "0".
 IF test evaluated as true.  Performing command
  
 CHARMM>      set icholtop = 1
 Parameter: ICHOLTOP <- "1"
  
 CHARMM>      label dointer1
  
 CHARMM>        define YYY sele XXX .and. resid @i:@nres end
 Parameter: I -> "4"
 Parameter: NRES -> "192"
 SELRPN>     28 atoms have been selected out of  22320
  
 CHARMM>        set i    = ?SELRESI
 RDCMND substituted energy or value "?SELRESI" to "4"
 Parameter: I <- "4"
  
 CHARMM>        inter select resid @i .and. segid MEMB end
 Parameter: I -> "4"
 SELRPN>     74 atoms have been selected out of  22320
 INTER:  Normal Atom Nonbondselected        1960 from a total of     3560213
 INTER:  Image Nonbond List selected           0 from a total of      466801
INTE ENR:  Eval#     ENERgy      Delta-E         GRMS
INTE INTERN:          BONDs       ANGLes       UREY-b    DIHEdrals    IMPRopers
INTE EXTERN:        VDWaals         ELEC       HBONds          ASP         USER
 ----------       ---------    ---------    ---------    ---------    ---------
INTE>        1     28.94490   9799.09556      0.03266
INTE INTERN>        3.29857     17.21366      2.47514     18.75728      0.00000
INTE EXTERN>        5.95541    -18.75516      0.00000      0.00000      0.00000
 ----------       ---------    ---------    ---------    ---------    ---------
  
 CHARMM>     
  
 CHARMM>        if ?bond .gt. 100 then
 RDCMND substituted energy or value "?BOND" to "3.29856839"
 Comparing "3.29856839" and "100".
 IF test evaluated as false.  Skip to ELSE or ENDIF
  
 CHARMM>     
  
 CHARMM>      increase i by 1
 Parameter: I <- "5"
  
 CHARMM>      increase icholtop by 1
 Parameter: ICHOLTOP <- "2"
  
 CHARMM>      if icholtop .le. @ncholtop goto dointer1
 Parameter: NCHOLTOP -> "28"
 Comparing "2" and "28".
 IF test evaluated as true.  Performing command
  
 CHARMM>        define YYY sele XXX .and. resid @i:@nres end
 Parameter: I -> "5"
 Parameter: NRES -> "192"
 SELRPN>     27 atoms have been selected out of  22320
  
 CHARMM>        set i    = ?SELRESI
 RDCMND substituted energy or value "?SELRESI" to "7"
 Parameter: I <- "7"
  
 CHARMM>        inter select resid @i .and. segid MEMB end
 Parameter: I -> "7"
 SELRPN>     74 atoms have been selected out of  22320
 INTER:  Normal Atom Nonbondselected        1941 from a total of     3560213
 INTER:  Image Nonbond List selected           0 from a total of      466801
INTE ENR:  Eval#     ENERgy      Delta-E         GRMS
INTE INTERN:          BONDs       ANGLes       UREY-b    DIHEdrals    IMPRopers
INTE EXTERN:        VDWaals         ELEC       HBONds          ASP         USER
 ----------       ---------    ---------    ---------    ---------    ---------
INTE>        2     27.56462      1.38028      0.02025
INTE INTERN>        3.51080     18.79114      2.76575     17.17813      0.00000
INTE EXTERN>        4.66473    -19.34592      0.00000      0.00000      0.00000
 ----------       ---------    ---------    ---------    ---------    ---------
  
 CHARMM>     
  
 CHARMM>        if ?bond .gt. 100 then
 RDCMND substituted energy or value "?BOND" to "3.51079767"
 Comparing "3.51079767" and "100".
 IF test evaluated as false.  Skip to ELSE or ENDIF
  
 CHARMM>     
  
 CHARMM>      increase i by 1
 Parameter: I <- "8"
  
 CHARMM>      increase icholtop by 1
 Parameter: ICHOLTOP <- "3"
  
 CHARMM>      if icholtop .le. @ncholtop goto dointer1
 Parameter: NCHOLTOP -> "28"
 Comparing "3" and "28".
 IF test evaluated as true.  Performing command
  
 CHARMM>        define YYY sele XXX .and. resid @i:@nres end
 Parameter: I -> "8"
 Parameter: NRES -> "192"
 SELRPN>     26 atoms have been selected out of  22320
  
 CHARMM>        set i    = ?SELRESI
 RDCMND substituted energy or value "?SELRESI" to "9"
 Parameter: I <- "9"
  
 CHARMM>        inter select resid @i .and. segid MEMB end
 Parameter: I -> "9"
 SELRPN>     74 atoms have been selected out of  22320
 INTER:  Normal Atom Nonbondselected        1943 from a total of     3560213
 INTER:  Image Nonbond List selected           0 from a total of      466801
INTE ENR:  Eval#     ENERgy      Delta-E         GRMS
INTE INTERN:          BONDs       ANGLes       UREY-b    DIHEdrals    IMPRopers
INTE EXTERN:        VDWaals         ELEC       HBONds          ASP         USER
 ----------       ---------    ---------    ---------    ---------    ---------
INTE>        3     33.52658     -5.96196      0.05424
INTE INTERN>        3.40661     17.65411      2.92901     20.42824      0.00000
INTE EXTERN>        6.54612    -17.43751      0.00000      0.00000      0.00000
 ----------       ---------    ---------    ---------    ---------    ---------
  
 CHARMM>     
  
 CHARMM>        if ?bond .gt. 100 then
 RDCMND substituted energy or value "?BOND" to "3.40660573"
 Comparing "3.40660573" and "100".
 IF test evaluated as false.  Skip to ELSE or ENDIF
  
 CHARMM>     
  
 CHARMM>      increase i by 1
 Parameter: I <- "10"
  
 CHARMM>      increase icholtop by 1
 Parameter: ICHOLTOP <- "4"
  
 CHARMM>      if icholtop .le. @ncholtop goto dointer1
 Parameter: NCHOLTOP -> "28"
 Comparing "4" and "28".
 IF test evaluated as true.  Performing command
  
 CHARMM>        define YYY sele XXX .and. resid @i:@nres end
 Parameter: I -> "10"
 Parameter: NRES -> "192"
 SELRPN>     25 atoms have been selected out of  22320
  
 CHARMM>        set i    = ?SELRESI
 RDCMND substituted energy or value "?SELRESI" to "10"
 Parameter: I <- "10"
  
 CHARMM>        inter select resid @i .and. segid MEMB end
 Parameter: I -> "10"
 SELRPN>     74 atoms have been selected out of  22320
 INTER:  Normal Atom Nonbondselected        1968 from a total of     3560213
 INTER:  Image Nonbond List selected           0 from a total of      466801
INTE ENR:  Eval#     ENERgy      Delta-E         GRMS
INTE INTERN:          BONDs       ANGLes       UREY-b    DIHEdrals    IMPRopers
INTE EXTERN:        VDWaals         ELEC       HBONds          ASP         USER
 ----------       ---------    ---------    ---------    ---------    ---------
INTE>        4     36.06974     -2.54316      0.08435
INTE INTERN>        3.27750     19.42498      3.21778     20.95998      0.00000
INTE EXTERN>        6.98278    -17.79328      0.00000      0.00000      0.00000
 ----------       ---------    ---------    ---------    ---------    ---------
  
 CHARMM>     
  
 CHARMM>        if ?bond .gt. 100 then
 RDCMND substituted energy or value "?BOND" to "3.27749573"
 Comparing "3.27749573" and "100".
 IF test evaluated as false.  Skip to ELSE or ENDIF
  
 CHARMM>     
  
 CHARMM>      increase i by 1
 Parameter: I <- "11"
  
 CHARMM>      increase icholtop by 1
 Parameter: ICHOLTOP <- "5"
  
 CHARMM>      if icholtop .le. @ncholtop goto dointer1
 Parameter: NCHOLTOP -> "28"
 Comparing "5" and "28".
 IF test evaluated as true.  Performing command
  
 CHARMM>        define YYY sele XXX .and. resid @i:@nres end
 Parameter: I -> "11"
 Parameter: NRES -> "192"
 SELRPN>     24 atoms have been selected out of  22320
  
 CHARMM>        set i    = ?SELRESI
 RDCMND substituted energy or value "?SELRESI" to "14"
 Parameter: I <- "14"
  
 CHARMM>        inter select resid @i .and. segid MEMB end
 Parameter: I -> "14"
 SELRPN>     74 atoms have been selected out of  22320
 INTER:  Normal Atom Nonbondselected        1927 from a total of     3560213
 INTER:  Image Nonbond List selected           0 from a total of      466801
INTE ENR:  Eval#     ENERgy      Delta-E         GRMS
INTE INTERN:          BONDs       ANGLes       UREY-b    DIHEdrals    IMPRopers
INTE EXTERN:        VDWaals         ELEC       HBONds          ASP         USER
 ----------       ---------    ---------    ---------    ---------    ---------
INTE>        5     34.45320      1.61654      0.07577
INTE INTERN>        3.82681     19.68902      2.98276     19.73362      0.00000
INTE EXTERN>        6.47789    -18.25690      0.00000      0.00000      0.00000
 ----------       ---------    ---------    ---------    ---------    ---------
  
 CHARMM>     
  
 CHARMM>        if ?bond .gt. 100 then
 RDCMND substituted energy or value "?BOND" to "3.82680617"
 Comparing "3.82680617" and "100".
 IF test evaluated as false.  Skip to ELSE or ENDIF
  
 CHARMM>     
  
 CHARMM>      increase i by 1
 Parameter: I <- "15"
  
 CHARMM>      increase icholtop by 1
 Parameter: ICHOLTOP <- "6"
  
 CHARMM>      if icholtop .le. @ncholtop goto dointer1
 Parameter: NCHOLTOP -> "28"
 Comparing "6" and "28".
 IF test evaluated as true.  Performing command
  
 CHARMM>        define YYY sele XXX .and. resid @i:@nres end
 Parameter: I -> "15"
 Parameter: NRES -> "192"
 SELRPN>     23 atoms have been selected out of  22320
  
 CHARMM>        set i    = ?SELRESI
 RDCMND substituted energy or value "?SELRESI" to "15"
 Parameter: I <- "15"
  
 CHARMM>        inter select resid @i .and. segid MEMB end
 Parameter: I -> "15"
 SELRPN>     74 atoms have been selected out of  22320
 INTER:  Normal Atom Nonbondselected        1964 from a total of     3560213
 INTER:  Image Nonbond List selected           0 from a total of      466801
INTE ENR:  Eval#     ENERgy      Delta-E         GRMS
INTE INTERN:          BONDs       ANGLes       UREY-b    DIHEdrals    IMPRopers
INTE EXTERN:        VDWaals         ELEC       HBONds          ASP         USER
 ----------       ---------    ---------    ---------    ---------    ---------
INTE>        6     31.86829      2.58491      0.06085
INTE INTERN>        4.27631     17.08510      2.65907     20.80616      0.00000
INTE EXTERN>        5.99256    -18.95091      0.00000      0.00000      0.00000
 ----------       ---------    ---------    ---------    ---------    ---------
  
 CHARMM>     
  
 CHARMM>        if ?bond .gt. 100 then
 RDCMND substituted energy or value "?BOND" to "4.27631107"
 Comparing "4.27631107" and "100".
 IF test evaluated as false.  Skip to ELSE or ENDIF
  
 CHARMM>     
  
 CHARMM>      increase i by 1
 Parameter: I <- "16"
  
 CHARMM>      increase icholtop by 1
 Parameter: ICHOLTOP <- "7"
  
 CHARMM>      if icholtop .le. @ncholtop goto dointer1
 Parameter: NCHOLTOP -> "28"
 Comparing "7" and "28".
 IF test evaluated as true.  Performing command
  
 CHARMM>        define YYY sele XXX .and. resid @i:@nres end
 Parameter: I -> "16"
 Parameter: NRES -> "192"
 SELRPN>     22 atoms have been selected out of  22320
  
 CHARMM>        set i    = ?SELRESI
 RDCMND substituted energy or value "?SELRESI" to "16"
 Parameter: I <- "16"
  
 CHARMM>        inter select resid @i .and. segid MEMB end
 Parameter: I -> "16"
 SELRPN>     74 atoms have been selected out of  22320
 INTER:  Normal Atom Nonbondselected        1950 from a total of     3560213
 INTER:  Image Nonbond List selected           0 from a total of      466801
INTE ENR:  Eval#     ENERgy      Delta-E         GRMS
INTE INTERN:          BONDs       ANGLes       UREY-b    DIHEdrals    IMPRopers
INTE EXTERN:        VDWaals         ELEC       HBONds          ASP         USER
 ----------       ---------    ---------    ---------    ---------    ---------
INTE>        7     34.46274     -2.59445      0.11264
INTE INTERN>        3.90154     16.03960      2.79510     19.98081      0.00000
INTE EXTERN>       10.71383    -18.96813      0.00000      0.00000      0.00000
 ----------       ---------    ---------    ---------    ---------    ---------
  
 CHARMM>     
  
 CHARMM>        if ?bond .gt. 100 then
 RDCMND substituted energy or value "?BOND" to "3.90153504"
 Comparing "3.90153504" and "100".
 IF test evaluated as false.  Skip to ELSE or ENDIF
  
 CHARMM>     
  
 CHARMM>      increase i by 1
 Parameter: I <- "17"
  
 CHARMM>      increase icholtop by 1
 Parameter: ICHOLTOP <- "8"
  
 CHARMM>      if icholtop .le. @ncholtop goto dointer1
 Parameter: NCHOLTOP -> "28"
 Comparing "8" and "28".
 IF test evaluated as true.  Performing command
  
 CHARMM>        define YYY sele XXX .and. resid @i:@nres end
 Parameter: I -> "17"
 Parameter: NRES -> "192"
 SELRPN>     21 atoms have been selected out of  22320
  
 CHARMM>        set i    = ?SELRESI
 RDCMND substituted energy or value "?SELRESI" to "21"
 Parameter: I <- "21"
  
 CHARMM>        inter select resid @i .and. segid MEMB end
 Parameter: I -> "21"
 SELRPN>     74 atoms have been selected out of  22320
 INTER:  Normal Atom Nonbondselected        1943 from a total of     3560213
 INTER:  Image Nonbond List selected           0 from a total of      466801
INTE ENR:  Eval#     ENERgy      Delta-E         GRMS
INTE INTERN:          BONDs       ANGLes       UREY-b    DIHEdrals    IMPRopers
INTE EXTERN:        VDWaals         ELEC       HBONds          ASP         USER
 ----------       ---------    ---------    ---------    ---------    ---------
INTE>        8     29.43044      5.03230      0.05901
INTE INTERN>        3.92551     16.40691      2.46603     19.55226      0.00000
INTE EXTERN>        5.64345    -18.56372      0.00000      0.00000      0.00000
 ----------       ---------    ---------    ---------    ---------    ---------
  
 CHARMM>     
  
 CHARMM>        if ?bond .gt. 100 then
 RDCMND substituted energy or value "?BOND" to "3.92551137"
 Comparing "3.92551137" and "100".
 IF test evaluated as false.  Skip to ELSE or ENDIF
  
 CHARMM>     
  
 CHARMM>      increase i by 1
 Parameter: I <- "22"
  
 CHARMM>      increase icholtop by 1
 Parameter: ICHOLTOP <- "9"
  
 CHARMM>      if icholtop .le. @ncholtop goto dointer1
 Parameter: NCHOLTOP -> "28"
 Comparing "9" and "28".
 IF test evaluated as true.  Performing command
  
 CHARMM>        define YYY sele XXX .and. resid @i:@nres end
 Parameter: I -> "22"
 Parameter: NRES -> "192"
 SELRPN>     20 atoms have been selected out of  22320
  
 CHARMM>        set i    = ?SELRESI
 RDCMND substituted energy or value "?SELRESI" to "25"
 Parameter: I <- "25"
  
 CHARMM>        inter select resid @i .and. segid MEMB end
 Parameter: I -> "25"
 SELRPN>     74 atoms have been selected out of  22320
 INTER:  Normal Atom Nonbondselected        1953 from a total of     3560213
 INTER:  Image Nonbond List selected           0 from a total of      466801
INTE ENR:  Eval#     ENERgy      Delta-E         GRMS
INTE INTERN:          BONDs       ANGLes       UREY-b    DIHEdrals    IMPRopers
INTE EXTERN:        VDWaals         ELEC       HBONds          ASP         USER
 ----------       ---------    ---------    ---------    ---------    ---------
INTE>        9     29.02687      0.40357      0.05063
INTE INTERN>        2.94256     17.71271      2.72803     19.36083      0.00000
INTE EXTERN>        5.49890    -19.21615      0.00000      0.00000      0.00000
 ----------       ---------    ---------    ---------    ---------    ---------
  
 CHARMM>     
  
 CHARMM>        if ?bond .gt. 100 then
 RDCMND substituted energy or value "?BOND" to "2.94255756"
 Comparing "2.94255756" and "100".
 IF test evaluated as false.  Skip to ELSE or ENDIF
  
 CHARMM>     
  
 CHARMM>      increase i by 1
 Parameter: I <- "26"
  
 CHARMM>      increase icholtop by 1
 Parameter: ICHOLTOP <- "10"
  
 CHARMM>      if icholtop .le. @ncholtop goto dointer1
 Parameter: NCHOLTOP -> "28"
 Comparing "10" and "28".
 IF test evaluated as true.  Performing command
  
 CHARMM>        define YYY sele XXX .and. resid @i:@nres end
 Parameter: I -> "26"
 Parameter: NRES -> "192"
 SELRPN>     19 atoms have been selected out of  22320
  
 CHARMM>        set i    = ?SELRESI
 RDCMND substituted energy or value "?SELRESI" to "35"
 Parameter: I <- "35"
  
 CHARMM>        inter select resid @i .and. segid MEMB end
 Parameter: I -> "35"
 SELRPN>     74 atoms have been selected out of  22320
 INTER:  Normal Atom Nonbondselected        1991 from a total of     3560213
 INTER:  Image Nonbond List selected           0 from a total of      466801
INTE ENR:  Eval#     ENERgy      Delta-E         GRMS
INTE INTERN:          BONDs       ANGLes       UREY-b    DIHEdrals    IMPRopers
INTE EXTERN:        VDWaals         ELEC       HBONds          ASP         USER
 ----------       ---------    ---------    ---------    ---------    ---------
INTE>       10     43.04782    -14.02095      0.07205
INTE INTERN>        3.92295     21.86546      3.29834     23.08167      0.00000
INTE EXTERN>        8.61713    -17.73774      0.00000      0.00000      0.00000
 ----------       ---------    ---------    ---------    ---------    ---------
  
 CHARMM>     
  
 CHARMM>        if ?bond .gt. 100 then
 RDCMND substituted energy or value "?BOND" to "3.92294749"
 Comparing "3.92294749" and "100".
 IF test evaluated as false.  Skip to ELSE or ENDIF
  
 CHARMM>     
  
 CHARMM>      increase i by 1
 Parameter: I <- "36"
  
 CHARMM>      increase icholtop by 1
 Parameter: ICHOLTOP <- "11"
  
 CHARMM>      if icholtop .le. @ncholtop goto dointer1
 Parameter: NCHOLTOP -> "28"
 Comparing "11" and "28".
 IF test evaluated as true.  Performing command
  
 CHARMM>        define YYY sele XXX .and. resid @i:@nres end
 Parameter: I -> "36"
 Parameter: NRES -> "192"
 SELRPN>     18 atoms have been selected out of  22320
  
 CHARMM>        set i    = ?SELRESI
 RDCMND substituted energy or value "?SELRESI" to "37"
 Parameter: I <- "37"
  
 CHARMM>        inter select resid @i .and. segid MEMB end
 Parameter: I -> "37"
 SELRPN>     74 atoms have been selected out of  22320
 INTER:  Normal Atom Nonbondselected        2004 from a total of     3560213
 INTER:  Image Nonbond List selected           0 from a total of      466801
INTE ENR:  Eval#     ENERgy      Delta-E         GRMS
INTE INTERN:          BONDs       ANGLes       UREY-b    DIHEdrals    IMPRopers
INTE EXTERN:        VDWaals         ELEC       HBONds          ASP         USER
 ----------       ---------    ---------    ---------    ---------    ---------
INTE>       11     29.17489     13.87293      0.04211
INTE INTERN>        3.79118     15.59239      2.45628     18.29059      0.00000
INTE EXTERN>        7.45975    -18.41531      0.00000      0.00000      0.00000
 ----------       ---------    ---------    ---------    ---------    ---------
  
 CHARMM>     
  
 CHARMM>        if ?bond .gt. 100 then
 RDCMND substituted energy or value "?BOND" to "3.79118367"
 Comparing "3.79118367" and "100".
 IF test evaluated as false.  Skip to ELSE or ENDIF
  
 CHARMM>     
  
 CHARMM>      increase i by 1
 Parameter: I <- "38"
  
 CHARMM>      increase icholtop by 1
 Parameter: ICHOLTOP <- "12"
  
 CHARMM>      if icholtop .le. @ncholtop goto dointer1
 Parameter: NCHOLTOP -> "28"
 Comparing "12" and "28".
 IF test evaluated as true.  Performing command
  
 CHARMM>        define YYY sele XXX .and. resid @i:@nres end
 Parameter: I -> "38"
 Parameter: NRES -> "192"
 SELRPN>     17 atoms have been selected out of  22320
  
 CHARMM>        set i    = ?SELRESI
 RDCMND substituted energy or value "?SELRESI" to "39"
 Parameter: I <- "39"
  
 CHARMM>        inter select resid @i .and. segid MEMB end
 Parameter: I -> "39"
 SELRPN>     74 atoms have been selected out of  22320
 INTER:  Normal Atom Nonbondselected        1948 from a total of     3560213
 INTER:  Image Nonbond List selected           0 from a total of      466801
INTE ENR:  Eval#     ENERgy      Delta-E         GRMS
INTE INTERN:          BONDs       ANGLes       UREY-b    DIHEdrals    IMPRopers
INTE EXTERN:        VDWaals         ELEC       HBONds          ASP         USER
 ----------       ---------    ---------    ---------    ---------    ---------
INTE>       12     30.33398     -1.15910      0.05006
INTE INTERN>        2.85849     17.87740      2.87302     19.12786      0.00000
INTE EXTERN>        7.00217    -19.40495      0.00000      0.00000      0.00000
 ----------       ---------    ---------    ---------    ---------    ---------
  
 CHARMM>     
  
 CHARMM>        if ?bond .gt. 100 then
 RDCMND substituted energy or value "?BOND" to "2.85848606"
 Comparing "2.85848606" and "100".
 IF test evaluated as false.  Skip to ELSE or ENDIF
  
 CHARMM>     
  
 CHARMM>      increase i by 1
 Parameter: I <- "40"
  
 CHARMM>      increase icholtop by 1
 Parameter: ICHOLTOP <- "13"
  
 CHARMM>      if icholtop .le. @ncholtop goto dointer1
 Parameter: NCHOLTOP -> "28"
 Comparing "13" and "28".
 IF test evaluated as true.  Performing command
  
 CHARMM>        define YYY sele XXX .and. resid @i:@nres end
 Parameter: I -> "40"
 Parameter: NRES -> "192"
 SELRPN>     16 atoms have been selected out of  22320
  
 CHARMM>        set i    = ?SELRESI
 RDCMND substituted energy or value "?SELRESI" to "40"
 Parameter: I <- "40"
  
 CHARMM>        inter select resid @i .and. segid MEMB end
 Parameter: I -> "40"
 SELRPN>     74 atoms have been selected out of  22320
 INTER:  Normal Atom Nonbondselected        1987 from a total of     3560213
 INTER:  Image Nonbond List selected           0 from a total of      466801
INTE ENR:  Eval#     ENERgy      Delta-E         GRMS
INTE INTERN:          BONDs       ANGLes       UREY-b    DIHEdrals    IMPRopers
INTE EXTERN:        VDWaals         ELEC       HBONds          ASP         USER
 ----------       ---------    ---------    ---------    ---------    ---------
INTE>       13     37.51889     -7.18491      0.04174
INTE INTERN>        4.04809     21.82660      3.17818     19.12333      0.00000
INTE EXTERN>        7.30640    -17.96371      0.00000      0.00000      0.00000
 ----------       ---------    ---------    ---------    ---------    ---------
  
 CHARMM>     
  
 CHARMM>        if ?bond .gt. 100 then
 RDCMND substituted energy or value "?BOND" to "4.04808871"
 Comparing "4.04808871" and "100".
 IF test evaluated as false.  Skip to ELSE or ENDIF
  
 CHARMM>     
  
 CHARMM>      increase i by 1
 Parameter: I <- "41"
  
 CHARMM>      increase icholtop by 1
 Parameter: ICHOLTOP <- "14"
  
 CHARMM>      if icholtop .le. @ncholtop goto dointer1
 Parameter: NCHOLTOP -> "28"
 Comparing "14" and "28".
 IF test evaluated as true.  Performing command
  
 CHARMM>        define YYY sele XXX .and. resid @i:@nres end
 Parameter: I -> "41"
 Parameter: NRES -> "192"
 SELRPN>     15 atoms have been selected out of  22320
  
 CHARMM>        set i    = ?SELRESI
 RDCMND substituted energy or value "?SELRESI" to "47"
 Parameter: I <- "47"
  
 CHARMM>        inter select resid @i .and. segid MEMB end
 Parameter: I -> "47"
 SELRPN>     74 atoms have been selected out of  22320
 INTER:  Normal Atom Nonbondselected        2039 from a total of     3560213
 INTER:  Image Nonbond List selected           0 from a total of      466801
INTE ENR:  Eval#     ENERgy      Delta-E         GRMS
INTE INTERN:          BONDs       ANGLes       UREY-b    DIHEdrals    IMPRopers
INTE EXTERN:        VDWaals         ELEC       HBONds          ASP         USER
 ----------       ---------    ---------    ---------    ---------    ---------
INTE>       14     28.84604      8.67286      0.05159
INTE INTERN>        3.39630     16.62993      2.68445     18.24837      0.00000
INTE EXTERN>        5.51640    -17.62942      0.00000      0.00000      0.00000
 ----------       ---------    ---------    ---------    ---------    ---------
  
 CHARMM>     
  
 CHARMM>        if ?bond .gt. 100 then
 RDCMND substituted energy or value "?BOND" to "3.39629958"
 Comparing "3.39629958" and "100".
 IF test evaluated as false.  Skip to ELSE or ENDIF
  
 CHARMM>     
  
 CHARMM>      increase i by 1
 Parameter: I <- "48"
  
 CHARMM>      increase icholtop by 1
 Parameter: ICHOLTOP <- "15"
  
 CHARMM>      if icholtop .le. @ncholtop goto dointer1
 Parameter: NCHOLTOP -> "28"
 Comparing "15" and "28".
 IF test evaluated as true.  Performing command
  
 CHARMM>        define YYY sele XXX .and. resid @i:@nres end
 Parameter: I -> "48"
 Parameter: NRES -> "192"
 SELRPN>     14 atoms have been selected out of  22320
  
 CHARMM>        set i    = ?SELRESI
 RDCMND substituted energy or value "?SELRESI" to "48"
 Parameter: I <- "48"
  
 CHARMM>        inter select resid @i .and. segid MEMB end
 Parameter: I -> "48"
 SELRPN>     74 atoms have been selected out of  22320
 INTER:  Normal Atom Nonbondselected        1971 from a total of     3560213
 INTER:  Image Nonbond List selected           0 from a total of      466801
INTE ENR:  Eval#     ENERgy      Delta-E         GRMS
INTE INTERN:          BONDs       ANGLes       UREY-b    DIHEdrals    IMPRopers
INTE EXTERN:        VDWaals         ELEC       HBONds          ASP         USER
 ----------       ---------    ---------    ---------    ---------    ---------
INTE>       15     37.72713     -8.88109      0.04913
INTE INTERN>        3.82915     17.84889      2.63929     25.20313      0.00000
INTE EXTERN>        6.84744    -18.64077      0.00000      0.00000      0.00000
 ----------       ---------    ---------    ---------    ---------    ---------
  
 CHARMM>     
  
 CHARMM>        if ?bond .gt. 100 then
 RDCMND substituted energy or value "?BOND" to "3.82914969"
 Comparing "3.82914969" and "100".
 IF test evaluated as false.  Skip to ELSE or ENDIF
  
 CHARMM>     
  
 CHARMM>      increase i by 1
 Parameter: I <- "49"
  
 CHARMM>      increase icholtop by 1
 Parameter: ICHOLTOP <- "16"
  
 CHARMM>      if icholtop .le. @ncholtop goto dointer1
 Parameter: NCHOLTOP -> "28"
 Comparing "16" and "28".
 IF test evaluated as true.  Performing command
  
 CHARMM>        define YYY sele XXX .and. resid @i:@nres end
 Parameter: I -> "49"
 Parameter: NRES -> "192"
 SELRPN>     13 atoms have been selected out of  22320
  
 CHARMM>        set i    = ?SELRESI
 RDCMND substituted energy or value "?SELRESI" to "49"
 Parameter: I <- "49"
  
 CHARMM>        inter select resid @i .and. segid MEMB end
 Parameter: I -> "49"
 SELRPN>     74 atoms have been selected out of  22320
 INTER:  Normal Atom Nonbondselected        1962 from a total of     3560213
 INTER:  Image Nonbond List selected           0 from a total of      466801
INTE ENR:  Eval#     ENERgy      Delta-E         GRMS
INTE INTERN:          BONDs       ANGLes       UREY-b    DIHEdrals    IMPRopers
INTE EXTERN:        VDWaals         ELEC       HBONds          ASP         USER
 ----------       ---------    ---------    ---------    ---------    ---------
INTE>       16     37.25250      0.47463      0.05614
INTE INTERN>        3.03659     18.57801      2.80100     23.89759      0.00000
INTE EXTERN>        7.34368    -18.40437      0.00000      0.00000      0.00000
 ----------       ---------    ---------    ---------    ---------    ---------
  
 CHARMM>     
  
 CHARMM>        if ?bond .gt. 100 then
 RDCMND substituted energy or value "?BOND" to "3.03659381"
 Comparing "3.03659381" and "100".
 IF test evaluated as false.  Skip to ELSE or ENDIF
  
 CHARMM>     
  
 CHARMM>      increase i by 1
 Parameter: I <- "50"
  
 CHARMM>      increase icholtop by 1
 Parameter: ICHOLTOP <- "17"
  
 CHARMM>      if icholtop .le. @ncholtop goto dointer1
 Parameter: NCHOLTOP -> "28"
 Comparing "17" and "28".
 IF test evaluated as true.  Performing command
  
 CHARMM>        define YYY sele XXX .and. resid @i:@nres end
 Parameter: I -> "50"
 Parameter: NRES -> "192"
 SELRPN>     12 atoms have been selected out of  22320
  
 CHARMM>        set i    = ?SELRESI
 RDCMND substituted energy or value "?SELRESI" to "50"
 Parameter: I <- "50"
  
 CHARMM>        inter select resid @i .and. segid MEMB end
 Parameter: I -> "50"
 SELRPN>     74 atoms have been selected out of  22320
 INTER:  Normal Atom Nonbondselected        1987 from a total of     3560213
 INTER:  Image Nonbond List selected           0 from a total of      466801
INTE ENR:  Eval#     ENERgy      Delta-E         GRMS
INTE INTERN:          BONDs       ANGLes       UREY-b    DIHEdrals    IMPRopers
INTE EXTERN:        VDWaals         ELEC       HBONds          ASP         USER
 ----------       ---------    ---------    ---------    ---------    ---------
INTE>       17     33.07811      4.17439      0.07400
INTE INTERN>        3.94211     21.18917      2.99152     18.77324      0.00000
INTE EXTERN>        4.57198    -18.38992      0.00000      0.00000      0.00000
 ----------       ---------    ---------    ---------    ---------    ---------
  
 CHARMM>     
  
 CHARMM>        if ?bond .gt. 100 then
 RDCMND substituted energy or value "?BOND" to "3.94210845"
 Comparing "3.94210845" and "100".
 IF test evaluated as false.  Skip to ELSE or ENDIF
  
 CHARMM>     
  
 CHARMM>      increase i by 1
 Parameter: I <- "51"
  
 CHARMM>      increase icholtop by 1
 Parameter: ICHOLTOP <- "18"
  
 CHARMM>      if icholtop .le. @ncholtop goto dointer1
 Parameter: NCHOLTOP -> "28"
 Comparing "18" and "28".
 IF test evaluated as true.  Performing command
  
 CHARMM>        define YYY sele XXX .and. resid @i:@nres end
 Parameter: I -> "51"
 Parameter: NRES -> "192"
 SELRPN>     11 atoms have been selected out of  22320
  
 CHARMM>        set i    = ?SELRESI
 RDCMND substituted energy or value "?SELRESI" to "52"
 Parameter: I <- "52"
  
 CHARMM>        inter select resid @i .and. segid MEMB end
 Parameter: I -> "52"
 SELRPN>     74 atoms have been selected out of  22320
 INTER:  Normal Atom Nonbondselected        2051 from a total of     3560213
 INTER:  Image Nonbond List selected           0 from a total of      466801
INTE ENR:  Eval#     ENERgy      Delta-E         GRMS
INTE INTERN:          BONDs       ANGLes       UREY-b    DIHEdrals    IMPRopers
INTE EXTERN:        VDWaals         ELEC       HBONds          ASP         USER
 ----------       ---------    ---------    ---------    ---------    ---------
INTE>       18     32.07137      1.00674      0.07527
INTE INTERN>        3.60958     17.45003      2.86199     19.53170      0.00000
INTE EXTERN>        6.30376    -17.68568      0.00000      0.00000      0.00000
 ----------       ---------    ---------    ---------    ---------    ---------
  
 CHARMM>     
  
 CHARMM>        if ?bond .gt. 100 then
 RDCMND substituted energy or value "?BOND" to "3.60957929"
 Comparing "3.60957929" and "100".
 IF test evaluated as false.  Skip to ELSE or ENDIF
  
 CHARMM>     
  
 CHARMM>      increase i by 1
 Parameter: I <- "53"
  
 CHARMM>      increase icholtop by 1
 Parameter: ICHOLTOP <- "19"
  
 CHARMM>      if icholtop .le. @ncholtop goto dointer1
 Parameter: NCHOLTOP -> "28"
 Comparing "19" and "28".
 IF test evaluated as true.  Performing command
  
 CHARMM>        define YYY sele XXX .and. resid @i:@nres end
 Parameter: I -> "53"
 Parameter: NRES -> "192"
 SELRPN>     10 atoms have been selected out of  22320
  
 CHARMM>        set i    = ?SELRESI
 RDCMND substituted energy or value "?SELRESI" to "54"
 Parameter: I <- "54"
  
 CHARMM>        inter select resid @i .and. segid MEMB end
 Parameter: I -> "54"
 SELRPN>     74 atoms have been selected out of  22320
 INTER:  Normal Atom Nonbondselected        1961 from a total of     3560213
 INTER:  Image Nonbond List selected           0 from a total of      466801
INTE ENR:  Eval#     ENERgy      Delta-E         GRMS
INTE INTERN:          BONDs       ANGLes       UREY-b    DIHEdrals    IMPRopers
INTE EXTERN:        VDWaals         ELEC       HBONds          ASP         USER
 ----------       ---------    ---------    ---------    ---------    ---------
INTE>       19     31.74023      0.33114      0.08633
INTE INTERN>        3.82952     16.39672      2.47163     19.35124      0.00000
INTE EXTERN>        8.02938    -18.33827      0.00000      0.00000      0.00000
 ----------       ---------    ---------    ---------    ---------    ---------
  
 CHARMM>     
  
 CHARMM>        if ?bond .gt. 100 then
 RDCMND substituted energy or value "?BOND" to "3.82951576"
 Comparing "3.82951576" and "100".
 IF test evaluated as false.  Skip to ELSE or ENDIF
  
 CHARMM>     
  
 CHARMM>      increase i by 1
 Parameter: I <- "55"
  
 CHARMM>      increase icholtop by 1
 Parameter: ICHOLTOP <- "20"
  
 CHARMM>      if icholtop .le. @ncholtop goto dointer1
 Parameter: NCHOLTOP -> "28"
 Comparing "20" and "28".
 IF test evaluated as true.  Performing command
  
 CHARMM>        define YYY sele XXX .and. resid @i:@nres end
 Parameter: I -> "55"
 Parameter: NRES -> "192"
 SELRPN>      9 atoms have been selected out of  22320
  
 CHARMM>        set i    = ?SELRESI
 RDCMND substituted energy or value "?SELRESI" to "55"
 Parameter: I <- "55"
  
 CHARMM>        inter select resid @i .and. segid MEMB end
 Parameter: I -> "55"
 SELRPN>     74 atoms have been selected out of  22320
 INTER:  Normal Atom Nonbondselected        1956 from a total of     3560213
 INTER:  Image Nonbond List selected           0 from a total of      466801
INTE ENR:  Eval#     ENERgy      Delta-E         GRMS
INTE INTERN:          BONDs       ANGLes       UREY-b    DIHEdrals    IMPRopers
INTE EXTERN:        VDWaals         ELEC       HBONds          ASP         USER
 ----------       ---------    ---------    ---------    ---------    ---------
INTE>       20     29.26040      2.47983      0.04286
INTE INTERN>        3.90630     17.19250      2.88490     18.18766      0.00000
INTE EXTERN>        5.38957    -18.30052      0.00000      0.00000      0.00000
 ----------       ---------    ---------    ---------    ---------    ---------
  
 CHARMM>     
  
 CHARMM>        if ?bond .gt. 100 then
 RDCMND substituted energy or value "?BOND" to "3.90629962"
 Comparing "3.90629962" and "100".
 IF test evaluated as false.  Skip to ELSE or ENDIF
  
 CHARMM>     
  
 CHARMM>      increase i by 1
 Parameter: I <- "56"
  
 CHARMM>      increase icholtop by 1
 Parameter: ICHOLTOP <- "21"
  
 CHARMM>      if icholtop .le. @ncholtop goto dointer1
 Parameter: NCHOLTOP -> "28"
 Comparing "21" and "28".
 IF test evaluated as true.  Performing command
  
 CHARMM>        define YYY sele XXX .and. resid @i:@nres end
 Parameter: I -> "56"
 Parameter: NRES -> "192"
 SELRPN>      8 atoms have been selected out of  22320
  
 CHARMM>        set i    = ?SELRESI
 RDCMND substituted energy or value "?SELRESI" to "64"
 Parameter: I <- "64"
  
 CHARMM>        inter select resid @i .and. segid MEMB end
 Parameter: I -> "64"
 SELRPN>     74 atoms have been selected out of  22320
 INTER:  Normal Atom Nonbondselected        1940 from a total of     3560213
 INTER:  Image Nonbond List selected           0 from a total of      466801
INTE ENR:  Eval#     ENERgy      Delta-E         GRMS
INTE INTERN:          BONDs       ANGLes       UREY-b    DIHEdrals    IMPRopers
INTE EXTERN:        VDWaals         ELEC       HBONds          ASP         USER
 ----------       ---------    ---------    ---------    ---------    ---------
INTE>       21     40.09517    -10.83476      0.09433
INTE INTERN>        4.46065     21.98656      3.74488     23.86149      0.00000
INTE EXTERN>        3.88617    -17.84458      0.00000      0.00000      0.00000
 ----------       ---------    ---------    ---------    ---------    ---------
  
 CHARMM>     
  
 CHARMM>        if ?bond .gt. 100 then
 RDCMND substituted energy or value "?BOND" to "4.46064649"
 Comparing "4.46064649" and "100".
 IF test evaluated as false.  Skip to ELSE or ENDIF
  
 CHARMM>     
  
 CHARMM>      increase i by 1
 Parameter: I <- "65"
  
 CHARMM>      increase icholtop by 1
 Parameter: ICHOLTOP <- "22"
  
 CHARMM>      if icholtop .le. @ncholtop goto dointer1
 Parameter: NCHOLTOP -> "28"
 Comparing "22" and "28".
 IF test evaluated as true.  Performing command
  
 CHARMM>        define YYY sele XXX .and. resid @i:@nres end
 Parameter: I -> "65"
 Parameter: NRES -> "192"
 SELRPN>      7 atoms have been selected out of  22320
  
 CHARMM>        set i    = ?SELRESI
 RDCMND substituted energy or value "?SELRESI" to "65"
 Parameter: I <- "65"
  
 CHARMM>        inter select resid @i .and. segid MEMB end
 Parameter: I -> "65"
 SELRPN>     74 atoms have been selected out of  22320
 INTER:  Normal Atom Nonbondselected        1935 from a total of     3560213
 INTER:  Image Nonbond List selected           0 from a total of      466801
INTE ENR:  Eval#     ENERgy      Delta-E         GRMS
INTE INTERN:          BONDs       ANGLes       UREY-b    DIHEdrals    IMPRopers
INTE EXTERN:        VDWaals         ELEC       HBONds          ASP         USER
 ----------       ---------    ---------    ---------    ---------    ---------
INTE>       22     32.77889      7.31628      0.04519
INTE INTERN>        4.31217     17.07586      2.54038     20.40567      0.00000
INTE EXTERN>        6.70072    -18.25590      0.00000      0.00000      0.00000
 ----------       ---------    ---------    ---------    ---------    ---------
  
 CHARMM>     
  
 CHARMM>        if ?bond .gt. 100 then
 RDCMND substituted energy or value "?BOND" to "4.31216981"
 Comparing "4.31216981" and "100".
 IF test evaluated as false.  Skip to ELSE or ENDIF
  
 CHARMM>     
  
 CHARMM>      increase i by 1
 Parameter: I <- "66"
  
 CHARMM>      increase icholtop by 1
 Parameter: ICHOLTOP <- "23"
  
 CHARMM>      if icholtop .le. @ncholtop goto dointer1
 Parameter: NCHOLTOP -> "28"
 Comparing "23" and "28".
 IF test evaluated as true.  Performing command
  
 CHARMM>        define YYY sele XXX .and. resid @i:@nres end
 Parameter: I -> "66"
 Parameter: NRES -> "192"
 SELRPN>      6 atoms have been selected out of  22320
  
 CHARMM>        set i    = ?SELRESI
 RDCMND substituted energy or value "?SELRESI" to "67"
 Parameter: I <- "67"
  
 CHARMM>        inter select resid @i .and. segid MEMB end
 Parameter: I -> "67"
 SELRPN>     74 atoms have been selected out of  22320
 INTER:  Normal Atom Nonbondselected        1973 from a total of     3560213
 INTER:  Image Nonbond List selected           0 from a total of      466801
INTE ENR:  Eval#     ENERgy      Delta-E         GRMS
INTE INTERN:          BONDs       ANGLes       UREY-b    DIHEdrals    IMPRopers
INTE EXTERN:        VDWaals         ELEC       HBONds          ASP         USER
 ----------       ---------    ---------    ---------    ---------    ---------
INTE>       23     35.38585     -2.60696      0.02526
INTE INTERN>        3.63689     16.67525      2.71669     20.39949      0.00000
INTE EXTERN>        9.38024    -17.42270      0.00000      0.00000      0.00000
 ----------       ---------    ---------    ---------    ---------    ---------
  
 CHARMM>     
  
 CHARMM>        if ?bond .gt. 100 then
 RDCMND substituted energy or value "?BOND" to "3.63688575"
 Comparing "3.63688575" and "100".
 IF test evaluated as false.  Skip to ELSE or ENDIF
  
 CHARMM>     
  
 CHARMM>      increase i by 1
 Parameter: I <- "68"
  
 CHARMM>      increase icholtop by 1
 Parameter: ICHOLTOP <- "24"
  
 CHARMM>      if icholtop .le. @ncholtop goto dointer1
 Parameter: NCHOLTOP -> "28"
 Comparing "24" and "28".
 IF test evaluated as true.  Performing command
  
 CHARMM>        define YYY sele XXX .and. resid @i:@nres end
 Parameter: I -> "68"
 Parameter: NRES -> "192"
 SELRPN>      5 atoms have been selected out of  22320
  
 CHARMM>        set i    = ?SELRESI
 RDCMND substituted energy or value "?SELRESI" to "70"
 Parameter: I <- "70"
  
 CHARMM>        inter select resid @i .and. segid MEMB end
 Parameter: I -> "70"
 SELRPN>     74 atoms have been selected out of  22320
 INTER:  Normal Atom Nonbondselected        1999 from a total of     3560213
 INTER:  Image Nonbond List selected           0 from a total of      466801
INTE ENR:  Eval#     ENERgy      Delta-E         GRMS
INTE INTERN:          BONDs       ANGLes       UREY-b    DIHEdrals    IMPRopers
INTE EXTERN:        VDWaals         ELEC       HBONds          ASP         USER
 ----------       ---------    ---------    ---------    ---------    ---------
INTE>       24     41.33036     -5.94451      0.07039
INTE INTERN>        4.74253     21.79388      3.93268     18.90169      0.00000
INTE EXTERN>        9.71634    -17.75677      0.00000      0.00000      0.00000
 ----------       ---------    ---------    ---------    ---------    ---------
  
 CHARMM>     
  
 CHARMM>        if ?bond .gt. 100 then
 RDCMND substituted energy or value "?BOND" to "4.74253104"
 Comparing "4.74253104" and "100".
 IF test evaluated as false.  Skip to ELSE or ENDIF
  
 CHARMM>     
  
 CHARMM>      increase i by 1
 Parameter: I <- "71"
  
 CHARMM>      increase icholtop by 1
 Parameter: ICHOLTOP <- "25"
  
 CHARMM>      if icholtop .le. @ncholtop goto dointer1
 Parameter: NCHOLTOP -> "28"
 Comparing "25" and "28".
 IF test evaluated as true.  Performing command
  
 CHARMM>        define YYY sele XXX .and. resid @i:@nres end
 Parameter: I -> "71"
 Parameter: NRES -> "192"
 SELRPN>      4 atoms have been selected out of  22320
  
 CHARMM>        set i    = ?SELRESI
 RDCMND substituted energy or value "?SELRESI" to "79"
 Parameter: I <- "79"
  
 CHARMM>        inter select resid @i .and. segid MEMB end
 Parameter: I -> "79"
 SELRPN>     74 atoms have been selected out of  22320
 INTER:  Normal Atom Nonbondselected        1951 from a total of     3560213
 INTER:  Image Nonbond List selected           0 from a total of      466801
INTE ENR:  Eval#     ENERgy      Delta-E         GRMS
INTE INTERN:          BONDs       ANGLes       UREY-b    DIHEdrals    IMPRopers
INTE EXTERN:        VDWaals         ELEC       HBONds          ASP         USER
 ----------       ---------    ---------    ---------    ---------    ---------
INTE>       25     33.68811      7.64225      0.16163
INTE INTERN>        3.59313     17.69454      2.74481     20.73166      0.00000
INTE EXTERN>        6.85810    -17.93414      0.00000      0.00000      0.00000
 ----------       ---------    ---------    ---------    ---------    ---------
  
 CHARMM>     
  
 CHARMM>        if ?bond .gt. 100 then
 RDCMND substituted energy or value "?BOND" to "3.59312882"
 Comparing "3.59312882" and "100".
 IF test evaluated as false.  Skip to ELSE or ENDIF
  
 CHARMM>     
  
 CHARMM>      increase i by 1
 Parameter: I <- "80"
  
 CHARMM>      increase icholtop by 1
 Parameter: ICHOLTOP <- "26"
  
 CHARMM>      if icholtop .le. @ncholtop goto dointer1
 Parameter: NCHOLTOP -> "28"
 Comparing "26" and "28".
 IF test evaluated as true.  Performing command
  
 CHARMM>        define YYY sele XXX .and. resid @i:@nres end
 Parameter: I -> "80"
 Parameter: NRES -> "192"
 SELRPN>      3 atoms have been selected out of  22320
  
 CHARMM>        set i    = ?SELRESI
 RDCMND substituted energy or value "?SELRESI" to "83"
 Parameter: I <- "83"
  
 CHARMM>        inter select resid @i .and. segid MEMB end
 Parameter: I -> "83"
 SELRPN>     74 atoms have been selected out of  22320
 INTER:  Normal Atom Nonbondselected        2019 from a total of     3560213
 INTER:  Image Nonbond List selected           0 from a total of      466801
INTE ENR:  Eval#     ENERgy      Delta-E         GRMS
INTE INTERN:          BONDs       ANGLes       UREY-b    DIHEdrals    IMPRopers
INTE EXTERN:        VDWaals         ELEC       HBONds          ASP         USER
 ----------       ---------    ---------    ---------    ---------    ---------
INTE>       26     34.85748     -1.16937      0.06505
INTE INTERN>        3.12231     20.67648      2.97274     22.97169      0.00000
INTE EXTERN>        3.70444    -18.59019      0.00000      0.00000      0.00000
 ----------       ---------    ---------    ---------    ---------    ---------
  
 CHARMM>     
  
 CHARMM>        if ?bond .gt. 100 then
 RDCMND substituted energy or value "?BOND" to "3.12231429"
 Comparing "3.12231429" and "100".
 IF test evaluated as false.  Skip to ELSE or ENDIF
  
 CHARMM>     
  
 CHARMM>      increase i by 1
 Parameter: I <- "84"
  
 CHARMM>      increase icholtop by 1
 Parameter: ICHOLTOP <- "27"
  
 CHARMM>      if icholtop .le. @ncholtop goto dointer1
 Parameter: NCHOLTOP -> "28"
 Comparing "27" and "28".
 IF test evaluated as true.  Performing command
  
 CHARMM>        define YYY sele XXX .and. resid @i:@nres end
 Parameter: I -> "84"
 Parameter: NRES -> "192"
 SELRPN>      2 atoms have been selected out of  22320
  
 CHARMM>        set i    = ?SELRESI
 RDCMND substituted energy or value "?SELRESI" to "87"
 Parameter: I <- "87"
  
 CHARMM>        inter select resid @i .and. segid MEMB end
 Parameter: I -> "87"
 SELRPN>     74 atoms have been selected out of  22320
 INTER:  Normal Atom Nonbondselected        1956 from a total of     3560213
 INTER:  Image Nonbond List selected           0 from a total of      466801
INTE ENR:  Eval#     ENERgy      Delta-E         GRMS
INTE INTERN:          BONDs       ANGLes       UREY-b    DIHEdrals    IMPRopers
INTE EXTERN:        VDWaals         ELEC       HBONds          ASP         USER
 ----------       ---------    ---------    ---------    ---------    ---------
INTE>       27     32.62096      2.23652      0.10684
INTE INTERN>        3.03332     19.37258      3.42685     18.49623      0.00000
INTE EXTERN>        7.29708    -19.00510      0.00000      0.00000      0.00000
 ----------       ---------    ---------    ---------    ---------    ---------
  
 CHARMM>     
  
 CHARMM>        if ?bond .gt. 100 then
 RDCMND substituted energy or value "?BOND" to "3.03332344"
 Comparing "3.03332344" and "100".
 IF test evaluated as false.  Skip to ELSE or ENDIF
  
 CHARMM>     
  
 CHARMM>      increase i by 1
 Parameter: I <- "88"
  
 CHARMM>      increase icholtop by 1
 Parameter: ICHOLTOP <- "28"
  
 CHARMM>      if icholtop .le. @ncholtop goto dointer1
 Parameter: NCHOLTOP -> "28"
 Comparing "28" and "28".
 IF test evaluated as true.  Performing command
  
 CHARMM>        define YYY sele XXX .and. resid @i:@nres end
 Parameter: I -> "88"
 Parameter: NRES -> "192"
 SELRPN>      1 atoms have been selected out of  22320
  
 CHARMM>        set i    = ?SELRESI
 RDCMND substituted energy or value "?SELRESI" to "91"
 Parameter: I <- "91"
  
 CHARMM>        inter select resid @i .and. segid MEMB end
 Parameter: I -> "91"
 SELRPN>     74 atoms have been selected out of  22320
 INTER:  Normal Atom Nonbondselected        2023 from a total of     3560213
 INTER:  Image Nonbond List selected           0 from a total of      466801
INTE ENR:  Eval#     ENERgy      Delta-E         GRMS
INTE INTERN:          BONDs       ANGLes       UREY-b    DIHEdrals    IMPRopers
INTE EXTERN:        VDWaals         ELEC       HBONds          ASP         USER
 ----------       ---------    ---------    ---------    ---------    ---------
INTE>       28     54.38163    -21.76067      0.08553
INTE INTERN>        4.29668     18.73027      3.81618     28.28128      0.00000
INTE EXTERN>       16.68823    -17.43102      0.00000      0.00000      0.00000
 ----------       ---------    ---------    ---------    ---------    ---------
  
 CHARMM>     
  
 CHARMM>        if ?bond .gt. 100 then
 RDCMND substituted energy or value "?BOND" to "4.29668444"
 Comparing "4.29668444" and "100".
 IF test evaluated as false.  Skip to ELSE or ENDIF
  
 CHARMM>     
  
 CHARMM>      increase i by 1
 Parameter: I <- "92"
  
 CHARMM>      increase icholtop by 1
 Parameter: ICHOLTOP <- "29"
  
 CHARMM>      if icholtop .le. @ncholtop goto dointer1
 Parameter: NCHOLTOP -> "28"
 Comparing "29" and "28".
 IF test evaluated as false.  Skipping command
  
 CHARMM>    endif
  
 CHARMM>     
  
 CHARMM>    !loop for bottom-leaflet sterols
 CHARMM>    define XXX sele STEROL .and. segid MEMB .and. type O3 .and. ( prop Z .lt. 0 ) end
 SELRPN>     28 atoms have been selected out of  22320
  
 CHARMM>    set ncholbot = ?nsel
 RDCMND substituted energy or value "?NSEL" to "28"
 Parameter: NCHOLBOT <- "28"
  
 CHARMM>    set i    = ?SELRESI
 RDCMND substituted energy or value "?SELRESI" to "104"
 Parameter: I <- "104"
  
 CHARMM>     
  
 CHARMM>    if ncholbot .gt. 0 then
 Comparing "28" and "0".
 IF test evaluated as true.  Performing command
  
 CHARMM>      set icholbot = 1
 Parameter: ICHOLBOT <- "1"
  
 CHARMM>      label dointer2
  
 CHARMM>        define YYY sele XXX .and. resid @i:@nres end
 Parameter: I -> "104"
 Parameter: NRES -> "192"
 SELRPN>     28 atoms have been selected out of  22320
  
 CHARMM>        set i    = ?SELRESI
 RDCMND substituted energy or value "?SELRESI" to "104"
 Parameter: I <- "104"
  
 CHARMM>        inter select resid @i .and. segid MEMB end
 Parameter: I -> "104"
 SELRPN>     74 atoms have been selected out of  22320
 INTER:  Normal Atom Nonbondselected        2064 from a total of     3560213
 INTER:  Image Nonbond List selected           0 from a total of      466801
INTE ENR:  Eval#     ENERgy      Delta-E         GRMS
INTE INTERN:          BONDs       ANGLes       UREY-b    DIHEdrals    IMPRopers
INTE EXTERN:        VDWaals         ELEC       HBONds          ASP         USER
 ----------       ---------    ---------    ---------    ---------    ---------
INTE>       29     33.91651     20.46512      0.08032
INTE INTERN>        4.34028     20.78357      3.34184     19.07002      0.00000
INTE EXTERN>        5.26420    -18.88340      0.00000      0.00000      0.00000
 ----------       ---------    ---------    ---------    ---------    ---------
  
 CHARMM>     
  
 CHARMM>        if ?bond .gt. 100 then
 RDCMND substituted energy or value "?BOND" to "4.34028331"
 Comparing "4.34028331" and "100".
 IF test evaluated as false.  Skip to ELSE or ENDIF
  
 CHARMM>     
  
 CHARMM>      increase i by 1
 Parameter: I <- "105"
  
 CHARMM>      increase icholbot by 1
 Parameter: ICHOLBOT <- "2"
  
 CHARMM>      if icholbot .le. @ncholbot goto dointer2
 Parameter: NCHOLBOT -> "28"
 Comparing "2" and "28".
 IF test evaluated as true.  Performing command
  
 CHARMM>        define YYY sele XXX .and. resid @i:@nres end
 Parameter: I -> "105"
 Parameter: NRES -> "192"
 SELRPN>     27 atoms have been selected out of  22320
  
 CHARMM>        set i    = ?SELRESI
 RDCMND substituted energy or value "?SELRESI" to "105"
 Parameter: I <- "105"
  
 CHARMM>        inter select resid @i .and. segid MEMB end
 Parameter: I -> "105"
 SELRPN>     74 atoms have been selected out of  22320
 INTER:  Normal Atom Nonbondselected        1942 from a total of     3560213
 INTER:  Image Nonbond List selected           0 from a total of      466801
INTE ENR:  Eval#     ENERgy      Delta-E         GRMS
INTE INTERN:          BONDs       ANGLes       UREY-b    DIHEdrals    IMPRopers
INTE EXTERN:        VDWaals         ELEC       HBONds          ASP         USER
 ----------       ---------    ---------    ---------    ---------    ---------
INTE>       30     37.38405     -3.46755      0.09316
INTE INTERN>        2.86025     22.10975      3.59248     19.55755      0.00000
INTE EXTERN>        7.61280    -18.34877      0.00000      0.00000      0.00000
 ----------       ---------    ---------    ---------    ---------    ---------
  
 CHARMM>     
  
 CHARMM>        if ?bond .gt. 100 then
 RDCMND substituted energy or value "?BOND" to "2.86025034"
 Comparing "2.86025034" and "100".
 IF test evaluated as false.  Skip to ELSE or ENDIF
  
 CHARMM>     
  
 CHARMM>      increase i by 1
 Parameter: I <- "106"
  
 CHARMM>      increase icholbot by 1
 Parameter: ICHOLBOT <- "3"
  
 CHARMM>      if icholbot .le. @ncholbot goto dointer2
 Parameter: NCHOLBOT -> "28"
 Comparing "3" and "28".
 IF test evaluated as true.  Performing command
  
 CHARMM>        define YYY sele XXX .and. resid @i:@nres end
 Parameter: I -> "106"
 Parameter: NRES -> "192"
 SELRPN>     26 atoms have been selected out of  22320
  
 CHARMM>        set i    = ?SELRESI
 RDCMND substituted energy or value "?SELRESI" to "107"
 Parameter: I <- "107"
  
 CHARMM>        inter select resid @i .and. segid MEMB end
 Parameter: I -> "107"
 SELRPN>     74 atoms have been selected out of  22320
 INTER:  Normal Atom Nonbondselected        1963 from a total of     3560213
 INTER:  Image Nonbond List selected           0 from a total of      466801
INTE ENR:  Eval#     ENERgy      Delta-E         GRMS
INTE INTERN:          BONDs       ANGLes       UREY-b    DIHEdrals    IMPRopers
INTE EXTERN:        VDWaals         ELEC       HBONds          ASP         USER
 ----------       ---------    ---------    ---------    ---------    ---------
INTE>       31     33.75319      3.63086      0.05400
INTE INTERN>        3.81606     17.91804      2.70602     21.75659      0.00000
INTE EXTERN>        6.05535    -18.49888      0.00000      0.00000      0.00000
 ----------       ---------    ---------    ---------    ---------    ---------
  
 CHARMM>     
  
 CHARMM>        if ?bond .gt. 100 then
 RDCMND substituted energy or value "?BOND" to "3.81606207"
 Comparing "3.81606207" and "100".
 IF test evaluated as false.  Skip to ELSE or ENDIF
  
 CHARMM>     
  
 CHARMM>      increase i by 1
 Parameter: I <- "108"
  
 CHARMM>      increase icholbot by 1
 Parameter: ICHOLBOT <- "4"
  
 CHARMM>      if icholbot .le. @ncholbot goto dointer2
 Parameter: NCHOLBOT -> "28"
 Comparing "4" and "28".
 IF test evaluated as true.  Performing command
  
 CHARMM>        define YYY sele XXX .and. resid @i:@nres end
 Parameter: I -> "108"
 Parameter: NRES -> "192"
 SELRPN>     25 atoms have been selected out of  22320
  
 CHARMM>        set i    = ?SELRESI
 RDCMND substituted energy or value "?SELRESI" to "110"
 Parameter: I <- "110"
  
 CHARMM>        inter select resid @i .and. segid MEMB end
 Parameter: I -> "110"
 SELRPN>     74 atoms have been selected out of  22320
 INTER:  Normal Atom Nonbondselected        1925 from a total of     3560213
 INTER:  Image Nonbond List selected           0 from a total of      466801
INTE ENR:  Eval#     ENERgy      Delta-E         GRMS
INTE INTERN:          BONDs       ANGLes       UREY-b    DIHEdrals    IMPRopers
INTE EXTERN:        VDWaals         ELEC       HBONds          ASP         USER
 ----------       ---------    ---------    ---------    ---------    ---------
INTE>       32     36.39702     -2.64383      0.07777
INTE INTERN>        3.74302     24.26804      3.57420     18.04560      0.00000
INTE EXTERN>        5.88473    -19.11858      0.00000      0.00000      0.00000
 ----------       ---------    ---------    ---------    ---------    ---------
  
 CHARMM>     
  
 CHARMM>        if ?bond .gt. 100 then
 RDCMND substituted energy or value "?BOND" to "3.74302279"
 Comparing "3.74302279" and "100".
 IF test evaluated as false.  Skip to ELSE or ENDIF
  
 CHARMM>     
  
 CHARMM>      increase i by 1
 Parameter: I <- "111"
  
 CHARMM>      increase icholbot by 1
 Parameter: ICHOLBOT <- "5"
  
 CHARMM>      if icholbot .le. @ncholbot goto dointer2
 Parameter: NCHOLBOT -> "28"
 Comparing "5" and "28".
 IF test evaluated as true.  Performing command
  
 CHARMM>        define YYY sele XXX .and. resid @i:@nres end
 Parameter: I -> "111"
 Parameter: NRES -> "192"
 SELRPN>     24 atoms have been selected out of  22320
  
 CHARMM>        set i    = ?SELRESI
 RDCMND substituted energy or value "?SELRESI" to "112"
 Parameter: I <- "112"
  
 CHARMM>        inter select resid @i .and. segid MEMB end
 Parameter: I -> "112"
 SELRPN>     74 atoms have been selected out of  22320
 INTER:  Normal Atom Nonbondselected        2023 from a total of     3560213
 INTER:  Image Nonbond List selected           0 from a total of      466801
INTE ENR:  Eval#     ENERgy      Delta-E         GRMS
INTE INTERN:          BONDs       ANGLes       UREY-b    DIHEdrals    IMPRopers
INTE EXTERN:        VDWaals         ELEC       HBONds          ASP         USER
 ----------       ---------    ---------    ---------    ---------    ---------
INTE>       33     31.48423      4.91278      0.04906
INTE INTERN>        3.20751     19.17788      2.71875     19.64153      0.00000
INTE EXTERN>        5.73879    -19.00022      0.00000      0.00000      0.00000
 ----------       ---------    ---------    ---------    ---------    ---------
  
 CHARMM>     
  
 CHARMM>        if ?bond .gt. 100 then
 RDCMND substituted energy or value "?BOND" to "3.20750578"
 Comparing "3.20750578" and "100".
 IF test evaluated as false.  Skip to ELSE or ENDIF
  
 CHARMM>     
  
 CHARMM>      increase i by 1
 Parameter: I <- "113"
  
 CHARMM>      increase icholbot by 1
 Parameter: ICHOLBOT <- "6"
  
 CHARMM>      if icholbot .le. @ncholbot goto dointer2
 Parameter: NCHOLBOT -> "28"
 Comparing "6" and "28".
 IF test evaluated as true.  Performing command
  
 CHARMM>        define YYY sele XXX .and. resid @i:@nres end
 Parameter: I -> "113"
 Parameter: NRES -> "192"
 SELRPN>     23 atoms have been selected out of  22320
  
 CHARMM>        set i    = ?SELRESI
 RDCMND substituted energy or value "?SELRESI" to "119"
 Parameter: I <- "119"
  
 CHARMM>        inter select resid @i .and. segid MEMB end
 Parameter: I -> "119"
 SELRPN>     74 atoms have been selected out of  22320
 INTER:  Normal Atom Nonbondselected        1937 from a total of     3560213
 INTER:  Image Nonbond List selected           0 from a total of      466801
INTE ENR:  Eval#     ENERgy      Delta-E         GRMS
INTE INTERN:          BONDs       ANGLes       UREY-b    DIHEdrals    IMPRopers
INTE EXTERN:        VDWaals         ELEC       HBONds          ASP         USER
 ----------       ---------    ---------    ---------    ---------    ---------
INTE>       34     35.63344     -4.14920      0.07430
INTE INTERN>        3.45945     19.43008      3.03870     20.22569      0.00000
INTE EXTERN>        7.42145    -17.94193      0.00000      0.00000      0.00000
 ----------       ---------    ---------    ---------    ---------    ---------
  
 CHARMM>     
  
 CHARMM>        if ?bond .gt. 100 then
 RDCMND substituted energy or value "?BOND" to "3.45944926"
 Comparing "3.45944926" and "100".
 IF test evaluated as false.  Skip to ELSE or ENDIF
  
 CHARMM>     
  
 CHARMM>      increase i by 1
 Parameter: I <- "120"
  
 CHARMM>      increase icholbot by 1
 Parameter: ICHOLBOT <- "7"
  
 CHARMM>      if icholbot .le. @ncholbot goto dointer2
 Parameter: NCHOLBOT -> "28"
 Comparing "7" and "28".
 IF test evaluated as true.  Performing command
  
 CHARMM>        define YYY sele XXX .and. resid @i:@nres end
 Parameter: I -> "120"
 Parameter: NRES -> "192"
 SELRPN>     22 atoms have been selected out of  22320
  
 CHARMM>        set i    = ?SELRESI
 RDCMND substituted energy or value "?SELRESI" to "130"
 Parameter: I <- "130"
  
 CHARMM>        inter select resid @i .and. segid MEMB end
 Parameter: I -> "130"
 SELRPN>     74 atoms have been selected out of  22320
 INTER:  Normal Atom Nonbondselected        1974 from a total of     3560213
 INTER:  Image Nonbond List selected           0 from a total of      466801
INTE ENR:  Eval#     ENERgy      Delta-E         GRMS
INTE INTERN:          BONDs       ANGLes       UREY-b    DIHEdrals    IMPRopers
INTE EXTERN:        VDWaals         ELEC       HBONds          ASP         USER
 ----------       ---------    ---------    ---------    ---------    ---------
INTE>       35     35.55203      0.08140      0.03493
INTE INTERN>        3.40910     16.31079      2.48104     24.95990      0.00000
INTE EXTERN>        7.06715    -18.67596      0.00000      0.00000      0.00000
 ----------       ---------    ---------    ---------    ---------    ---------
  
 CHARMM>     
  
 CHARMM>        if ?bond .gt. 100 then
 RDCMND substituted energy or value "?BOND" to "3.40910147"
 Comparing "3.40910147" and "100".
 IF test evaluated as false.  Skip to ELSE or ENDIF
  
 CHARMM>     
  
 CHARMM>      increase i by 1
 Parameter: I <- "131"
  
 CHARMM>      increase icholbot by 1
 Parameter: ICHOLBOT <- "8"
  
 CHARMM>      if icholbot .le. @ncholbot goto dointer2
 Parameter: NCHOLBOT -> "28"
 Comparing "8" and "28".
 IF test evaluated as true.  Performing command
  
 CHARMM>        define YYY sele XXX .and. resid @i:@nres end
 Parameter: I -> "131"
 Parameter: NRES -> "192"
 SELRPN>     21 atoms have been selected out of  22320
  
 CHARMM>        set i    = ?SELRESI
 RDCMND substituted energy or value "?SELRESI" to "133"
 Parameter: I <- "133"
  
 CHARMM>        inter select resid @i .and. segid MEMB end
 Parameter: I -> "133"
 SELRPN>     74 atoms have been selected out of  22320
 INTER:  Normal Atom Nonbondselected        1943 from a total of     3560213
 INTER:  Image Nonbond List selected           0 from a total of      466801
INTE ENR:  Eval#     ENERgy      Delta-E         GRMS
INTE INTERN:          BONDs       ANGLes       UREY-b    DIHEdrals    IMPRopers
INTE EXTERN:        VDWaals         ELEC       HBONds          ASP         USER
 ----------       ---------    ---------    ---------    ---------    ---------
INTE>       36     35.04049      0.51154      0.06485
INTE INTERN>        3.62896     19.54085      2.92353     22.72207      0.00000
INTE EXTERN>        5.27964    -19.05457      0.00000      0.00000      0.00000
 ----------       ---------    ---------    ---------    ---------    ---------
  
 CHARMM>     
  
 CHARMM>        if ?bond .gt. 100 then
 RDCMND substituted energy or value "?BOND" to "3.62896077"
 Comparing "3.62896077" and "100".
 IF test evaluated as false.  Skip to ELSE or ENDIF
  
 CHARMM>     
  
 CHARMM>      increase i by 1
 Parameter: I <- "134"
  
 CHARMM>      increase icholbot by 1
 Parameter: ICHOLBOT <- "9"
  
 CHARMM>      if icholbot .le. @ncholbot goto dointer2
 Parameter: NCHOLBOT -> "28"
 Comparing "9" and "28".
 IF test evaluated as true.  Performing command
  
 CHARMM>        define YYY sele XXX .and. resid @i:@nres end
 Parameter: I -> "134"
 Parameter: NRES -> "192"
 SELRPN>     20 atoms have been selected out of  22320
  
 CHARMM>        set i    = ?SELRESI
 RDCMND substituted energy or value "?SELRESI" to "134"
 Parameter: I <- "134"
  
 CHARMM>        inter select resid @i .and. segid MEMB end
 Parameter: I -> "134"
 SELRPN>     74 atoms have been selected out of  22320
 INTER:  Normal Atom Nonbondselected        1998 from a total of     3560213
 INTER:  Image Nonbond List selected           0 from a total of      466801
INTE ENR:  Eval#     ENERgy      Delta-E         GRMS
INTE INTERN:          BONDs       ANGLes       UREY-b    DIHEdrals    IMPRopers
INTE EXTERN:        VDWaals         ELEC       HBONds          ASP         USER
 ----------       ---------    ---------    ---------    ---------    ---------
INTE>       37     42.55671     -7.51622      0.05233
INTE INTERN>        4.39744     17.72681      3.03161     25.38734      0.00000
INTE EXTERN>       10.12209    -18.10857      0.00000      0.00000      0.00000
 ----------       ---------    ---------    ---------    ---------    ---------
  
 CHARMM>     
  
 CHARMM>        if ?bond .gt. 100 then
 RDCMND substituted energy or value "?BOND" to "4.39744038"
 Comparing "4.39744038" and "100".
 IF test evaluated as false.  Skip to ELSE or ENDIF
  
 CHARMM>     
  
 CHARMM>      increase i by 1
 Parameter: I <- "135"
  
 CHARMM>      increase icholbot by 1
 Parameter: ICHOLBOT <- "10"
  
 CHARMM>      if icholbot .le. @ncholbot goto dointer2
 Parameter: NCHOLBOT -> "28"
 Comparing "10" and "28".
 IF test evaluated as true.  Performing command
  
 CHARMM>        define YYY sele XXX .and. resid @i:@nres end
 Parameter: I -> "135"
 Parameter: NRES -> "192"
 SELRPN>     19 atoms have been selected out of  22320
  
 CHARMM>        set i    = ?SELRESI
 RDCMND substituted energy or value "?SELRESI" to "135"
 Parameter: I <- "135"
  
 CHARMM>        inter select resid @i .and. segid MEMB end
 Parameter: I -> "135"
 SELRPN>     74 atoms have been selected out of  22320
 INTER:  Normal Atom Nonbondselected        2015 from a total of     3560213
 INTER:  Image Nonbond List selected           0 from a total of      466801
INTE ENR:  Eval#     ENERgy      Delta-E         GRMS
INTE INTERN:          BONDs       ANGLes       UREY-b    DIHEdrals    IMPRopers
INTE EXTERN:        VDWaals         ELEC       HBONds          ASP         USER
 ----------       ---------    ---------    ---------    ---------    ---------
INTE>       38     38.99828      3.55844      0.06003
INTE INTERN>        3.95398     23.91709      3.98642     20.10360      0.00000
INTE EXTERN>        5.28165    -18.24446      0.00000      0.00000      0.00000
 ----------       ---------    ---------    ---------    ---------    ---------
  
 CHARMM>     
  
 CHARMM>        if ?bond .gt. 100 then
 RDCMND substituted energy or value "?BOND" to "3.95397509"
 Comparing "3.95397509" and "100".
 IF test evaluated as false.  Skip to ELSE or ENDIF
  
 CHARMM>     
  
 CHARMM>      increase i by 1
 Parameter: I <- "136"
  
 CHARMM>      increase icholbot by 1
 Parameter: ICHOLBOT <- "11"
  
 CHARMM>      if icholbot .le. @ncholbot goto dointer2
 Parameter: NCHOLBOT -> "28"
 Comparing "11" and "28".
 IF test evaluated as true.  Performing command
  
 CHARMM>        define YYY sele XXX .and. resid @i:@nres end
 Parameter: I -> "136"
 Parameter: NRES -> "192"
 SELRPN>     18 atoms have been selected out of  22320
  
 CHARMM>        set i    = ?SELRESI
 RDCMND substituted energy or value "?SELRESI" to "138"
 Parameter: I <- "138"
  
 CHARMM>        inter select resid @i .and. segid MEMB end
 Parameter: I -> "138"
 SELRPN>     74 atoms have been selected out of  22320
 INTER:  Normal Atom Nonbondselected        1975 from a total of     3560213
 INTER:  Image Nonbond List selected           0 from a total of      466801
INTE ENR:  Eval#     ENERgy      Delta-E         GRMS
INTE INTERN:          BONDs       ANGLes       UREY-b    DIHEdrals    IMPRopers
INTE EXTERN:        VDWaals         ELEC       HBONds          ASP         USER
 ----------       ---------    ---------    ---------    ---------    ---------
INTE>       39     32.43455      6.56372      0.07999
INTE INTERN>        3.79313     17.14393      2.53666     20.23849      0.00000
INTE EXTERN>        6.98931    -18.26697      0.00000      0.00000      0.00000
 ----------       ---------    ---------    ---------    ---------    ---------
  
 CHARMM>     
  
 CHARMM>        if ?bond .gt. 100 then
 RDCMND substituted energy or value "?BOND" to "3.79313133"
 Comparing "3.79313133" and "100".
 IF test evaluated as false.  Skip to ELSE or ENDIF
  
 CHARMM>     
  
 CHARMM>      increase i by 1
 Parameter: I <- "139"
  
 CHARMM>      increase icholbot by 1
 Parameter: ICHOLBOT <- "12"
  
 CHARMM>      if icholbot .le. @ncholbot goto dointer2
 Parameter: NCHOLBOT -> "28"
 Comparing "12" and "28".
 IF test evaluated as true.  Performing command
  
 CHARMM>        define YYY sele XXX .and. resid @i:@nres end
 Parameter: I -> "139"
 Parameter: NRES -> "192"
 SELRPN>     17 atoms have been selected out of  22320
  
 CHARMM>        set i    = ?SELRESI
 RDCMND substituted energy or value "?SELRESI" to "139"
 Parameter: I <- "139"
  
 CHARMM>        inter select resid @i .and. segid MEMB end
 Parameter: I -> "139"
 SELRPN>     74 atoms have been selected out of  22320
 INTER:  Normal Atom Nonbondselected        1990 from a total of     3560213
 INTER:  Image Nonbond List selected           0 from a total of      466801
INTE ENR:  Eval#     ENERgy      Delta-E         GRMS
INTE INTERN:          BONDs       ANGLes       UREY-b    DIHEdrals    IMPRopers
INTE EXTERN:        VDWaals         ELEC       HBONds          ASP         USER
 ----------       ---------    ---------    ---------    ---------    ---------
INTE>       40     35.91011     -3.47555      0.04607
INTE INTERN>        3.07150     19.40294      3.04786     20.99301      0.00000
INTE EXTERN>        7.34277    -17.94796      0.00000      0.00000      0.00000
 ----------       ---------    ---------    ---------    ---------    ---------
  
 CHARMM>     
  
 CHARMM>        if ?bond .gt. 100 then
 RDCMND substituted energy or value "?BOND" to "3.07149535"
 Comparing "3.07149535" and "100".
 IF test evaluated as false.  Skip to ELSE or ENDIF
  
 CHARMM>     
  
 CHARMM>      increase i by 1
 Parameter: I <- "140"
  
 CHARMM>      increase icholbot by 1
 Parameter: ICHOLBOT <- "13"
  
 CHARMM>      if icholbot .le. @ncholbot goto dointer2
 Parameter: NCHOLBOT -> "28"
 Comparing "13" and "28".
 IF test evaluated as true.  Performing command
  
 CHARMM>        define YYY sele XXX .and. resid @i:@nres end
 Parameter: I -> "140"
 Parameter: NRES -> "192"
 SELRPN>     16 atoms have been selected out of  22320
  
 CHARMM>        set i    = ?SELRESI
 RDCMND substituted energy or value "?SELRESI" to "143"
 Parameter: I <- "143"
  
 CHARMM>        inter select resid @i .and. segid MEMB end
 Parameter: I -> "143"
 SELRPN>     74 atoms have been selected out of  22320
 INTER:  Normal Atom Nonbondselected        1939 from a total of     3560213
 INTER:  Image Nonbond List selected           0 from a total of      466801
INTE ENR:  Eval#     ENERgy      Delta-E         GRMS
INTE INTERN:          BONDs       ANGLes       UREY-b    DIHEdrals    IMPRopers
INTE EXTERN:        VDWaals         ELEC       HBONds          ASP         USER
 ----------       ---------    ---------    ---------    ---------    ---------
INTE>       41     37.95165     -2.04154      0.05320
INTE INTERN>        4.29994     17.50655      3.08018     23.61868      0.00000
INTE EXTERN>        8.28818    -18.84189      0.00000      0.00000      0.00000
 ----------       ---------    ---------    ---------    ---------    ---------
  
 CHARMM>     
  
 CHARMM>        if ?bond .gt. 100 then
 RDCMND substituted energy or value "?BOND" to "4.29994493"
 Comparing "4.29994493" and "100".
 IF test evaluated as false.  Skip to ELSE or ENDIF
  
 CHARMM>     
  
 CHARMM>      increase i by 1
 Parameter: I <- "144"
  
 CHARMM>      increase icholbot by 1
 Parameter: ICHOLBOT <- "14"
  
 CHARMM>      if icholbot .le. @ncholbot goto dointer2
 Parameter: NCHOLBOT -> "28"
 Comparing "14" and "28".
 IF test evaluated as true.  Performing command
  
 CHARMM>        define YYY sele XXX .and. resid @i:@nres end
 Parameter: I -> "144"
 Parameter: NRES -> "192"
 SELRPN>     15 atoms have been selected out of  22320
  
 CHARMM>        set i    = ?SELRESI
 RDCMND substituted energy or value "?SELRESI" to "151"
 Parameter: I <- "151"
  
 CHARMM>        inter select resid @i .and. segid MEMB end
 Parameter: I -> "151"
 SELRPN>     74 atoms have been selected out of  22320
 INTER:  Normal Atom Nonbondselected        1926 from a total of     3560213
 INTER:  Image Nonbond List selected           0 from a total of      466801
INTE ENR:  Eval#     ENERgy      Delta-E         GRMS
INTE INTERN:          BONDs       ANGLes       UREY-b    DIHEdrals    IMPRopers
INTE EXTERN:        VDWaals         ELEC       HBONds          ASP         USER
 ----------       ---------    ---------    ---------    ---------    ---------
INTE>       42     33.04602      4.90562      0.03077
INTE INTERN>        4.71048     18.56307      2.66918     21.67253      0.00000
INTE EXTERN>        4.73480    -19.30404      0.00000      0.00000      0.00000
 ----------       ---------    ---------    ---------    ---------    ---------
  
 CHARMM>     
  
 CHARMM>        if ?bond .gt. 100 then
 RDCMND substituted energy or value "?BOND" to "4.71047639"
 Comparing "4.71047639" and "100".
 IF test evaluated as false.  Skip to ELSE or ENDIF
  
 CHARMM>     
  
 CHARMM>      increase i by 1
 Parameter: I <- "152"
  
 CHARMM>      increase icholbot by 1
 Parameter: ICHOLBOT <- "15"
  
 CHARMM>      if icholbot .le. @ncholbot goto dointer2
 Parameter: NCHOLBOT -> "28"
 Comparing "15" and "28".
 IF test evaluated as true.  Performing command
  
 CHARMM>        define YYY sele XXX .and. resid @i:@nres end
 Parameter: I -> "152"
 Parameter: NRES -> "192"
 SELRPN>     14 atoms have been selected out of  22320
  
 CHARMM>        set i    = ?SELRESI
 RDCMND substituted energy or value "?SELRESI" to "152"
 Parameter: I <- "152"
  
 CHARMM>        inter select resid @i .and. segid MEMB end
 Parameter: I -> "152"
 SELRPN>     74 atoms have been selected out of  22320
 INTER:  Normal Atom Nonbondselected        1932 from a total of     3560213
 INTER:  Image Nonbond List selected           0 from a total of      466801
INTE ENR:  Eval#     ENERgy      Delta-E         GRMS
INTE INTERN:          BONDs       ANGLes       UREY-b    DIHEdrals    IMPRopers
INTE EXTERN:        VDWaals         ELEC       HBONds          ASP         USER
 ----------       ---------    ---------    ---------    ---------    ---------
INTE>       43     30.37149      2.67453      0.04559
INTE INTERN>        3.75902     16.75904      2.65139     20.60571      0.00000
INTE EXTERN>        5.30638    -18.71005      0.00000      0.00000      0.00000
 ----------       ---------    ---------    ---------    ---------    ---------
  
 CHARMM>     
  
 CHARMM>        if ?bond .gt. 100 then
 RDCMND substituted energy or value "?BOND" to "3.75902402"
 Comparing "3.75902402" and "100".
 IF test evaluated as false.  Skip to ELSE or ENDIF
  
 CHARMM>     
  
 CHARMM>      increase i by 1
 Parameter: I <- "153"
  
 CHARMM>      increase icholbot by 1
 Parameter: ICHOLBOT <- "16"
  
 CHARMM>      if icholbot .le. @ncholbot goto dointer2
 Parameter: NCHOLBOT -> "28"
 Comparing "16" and "28".
 IF test evaluated as true.  Performing command
  
 CHARMM>        define YYY sele XXX .and. resid @i:@nres end
 Parameter: I -> "153"
 Parameter: NRES -> "192"
 SELRPN>     13 atoms have been selected out of  22320
  
 CHARMM>        set i    = ?SELRESI
 RDCMND substituted energy or value "?SELRESI" to "153"
 Parameter: I <- "153"
  
 CHARMM>        inter select resid @i .and. segid MEMB end
 Parameter: I -> "153"
 SELRPN>     74 atoms have been selected out of  22320
 INTER:  Normal Atom Nonbondselected        1956 from a total of     3560213
 INTER:  Image Nonbond List selected           0 from a total of      466801
INTE ENR:  Eval#     ENERgy      Delta-E         GRMS
INTE INTERN:          BONDs       ANGLes       UREY-b    DIHEdrals    IMPRopers
INTE EXTERN:        VDWaals         ELEC       HBONds          ASP         USER
 ----------       ---------    ---------    ---------    ---------    ---------
INTE>       44     39.60666     -9.23516      0.06750
INTE INTERN>        3.52932     20.29661      3.09119     21.40187      0.00000
INTE EXTERN>        8.75675    -17.46908      0.00000      0.00000      0.00000
 ----------       ---------    ---------    ---------    ---------    ---------
  
 CHARMM>     
  
 CHARMM>        if ?bond .gt. 100 then
 RDCMND substituted energy or value "?BOND" to "3.5293175"
 Comparing "3.5293175" and "100".
 IF test evaluated as false.  Skip to ELSE or ENDIF
  
 CHARMM>     
  
 CHARMM>      increase i by 1
 Parameter: I <- "154"
  
 CHARMM>      increase icholbot by 1
 Parameter: ICHOLBOT <- "17"
  
 CHARMM>      if icholbot .le. @ncholbot goto dointer2
 Parameter: NCHOLBOT -> "28"
 Comparing "17" and "28".
 IF test evaluated as true.  Performing command
  
 CHARMM>        define YYY sele XXX .and. resid @i:@nres end
 Parameter: I -> "154"
 Parameter: NRES -> "192"
 SELRPN>     12 atoms have been selected out of  22320
  
 CHARMM>        set i    = ?SELRESI
 RDCMND substituted energy or value "?SELRESI" to "154"
 Parameter: I <- "154"
  
 CHARMM>        inter select resid @i .and. segid MEMB end
 Parameter: I -> "154"
 SELRPN>     74 atoms have been selected out of  22320
 INTER:  Normal Atom Nonbondselected        2008 from a total of     3560213
 INTER:  Image Nonbond List selected           0 from a total of      466801
INTE ENR:  Eval#     ENERgy      Delta-E         GRMS
INTE INTERN:          BONDs       ANGLes       UREY-b    DIHEdrals    IMPRopers
INTE EXTERN:        VDWaals         ELEC       HBONds          ASP         USER
 ----------       ---------    ---------    ---------    ---------    ---------
INTE>       45     33.83793      5.76873      0.03380
INTE INTERN>        3.47798     16.18666      2.45543     23.08706      0.00000
INTE EXTERN>        6.70485    -18.07405      0.00000      0.00000      0.00000
 ----------       ---------    ---------    ---------    ---------    ---------
  
 CHARMM>     
  
 CHARMM>        if ?bond .gt. 100 then
 RDCMND substituted energy or value "?BOND" to "3.47797851"
 Comparing "3.47797851" and "100".
 IF test evaluated as false.  Skip to ELSE or ENDIF
  
 CHARMM>     
  
 CHARMM>      increase i by 1
 Parameter: I <- "155"
  
 CHARMM>      increase icholbot by 1
 Parameter: ICHOLBOT <- "18"
  
 CHARMM>      if icholbot .le. @ncholbot goto dointer2
 Parameter: NCHOLBOT -> "28"
 Comparing "18" and "28".
 IF test evaluated as true.  Performing command
  
 CHARMM>        define YYY sele XXX .and. resid @i:@nres end
 Parameter: I -> "155"
 Parameter: NRES -> "192"
 SELRPN>     11 atoms have been selected out of  22320
  
 CHARMM>        set i    = ?SELRESI
 RDCMND substituted energy or value "?SELRESI" to "155"
 Parameter: I <- "155"
  
 CHARMM>        inter select resid @i .and. segid MEMB end
 Parameter: I -> "155"
 SELRPN>     74 atoms have been selected out of  22320
 INTER:  Normal Atom Nonbondselected        1954 from a total of     3560213
 INTER:  Image Nonbond List selected           0 from a total of      466801
INTE ENR:  Eval#     ENERgy      Delta-E         GRMS
INTE INTERN:          BONDs       ANGLes       UREY-b    DIHEdrals    IMPRopers
INTE EXTERN:        VDWaals         ELEC       HBONds          ASP         USER
 ----------       ---------    ---------    ---------    ---------    ---------
INTE>       46     28.62149      5.21643      0.05679
INTE INTERN>        3.87946     16.55988      2.46659     17.80108      0.00000
INTE EXTERN>        5.59707    -17.68259      0.00000      0.00000      0.00000
 ----------       ---------    ---------    ---------    ---------    ---------
  
 CHARMM>     
  
 CHARMM>        if ?bond .gt. 100 then
 RDCMND substituted energy or value "?BOND" to "3.87945914"
 Comparing "3.87945914" and "100".
 IF test evaluated as false.  Skip to ELSE or ENDIF
  
 CHARMM>     
  
 CHARMM>      increase i by 1
 Parameter: I <- "156"
  
 CHARMM>      increase icholbot by 1
 Parameter: ICHOLBOT <- "19"
  
 CHARMM>      if icholbot .le. @ncholbot goto dointer2
 Parameter: NCHOLBOT -> "28"
 Comparing "19" and "28".
 IF test evaluated as true.  Performing command
  
 CHARMM>        define YYY sele XXX .and. resid @i:@nres end
 Parameter: I -> "156"
 Parameter: NRES -> "192"
 SELRPN>     10 atoms have been selected out of  22320
  
 CHARMM>        set i    = ?SELRESI
 RDCMND substituted energy or value "?SELRESI" to "156"
 Parameter: I <- "156"
  
 CHARMM>        inter select resid @i .and. segid MEMB end
 Parameter: I -> "156"
 SELRPN>     74 atoms have been selected out of  22320
 INTER:  Normal Atom Nonbondselected        1940 from a total of     3560213
 INTER:  Image Nonbond List selected           0 from a total of      466801
INTE ENR:  Eval#     ENERgy      Delta-E         GRMS
INTE INTERN:          BONDs       ANGLes       UREY-b    DIHEdrals    IMPRopers
INTE EXTERN:        VDWaals         ELEC       HBONds          ASP         USER
 ----------       ---------    ---------    ---------    ---------    ---------
INTE>       47     36.69116     -8.06967      0.07561
INTE INTERN>        3.87572     17.87072      2.83125     23.15180      0.00000
INTE EXTERN>        7.57090    -18.60923      0.00000      0.00000      0.00000
 ----------       ---------    ---------    ---------    ---------    ---------
  
 CHARMM>     
  
 CHARMM>        if ?bond .gt. 100 then
 RDCMND substituted energy or value "?BOND" to "3.8757231"
 Comparing "3.8757231" and "100".
 IF test evaluated as false.  Skip to ELSE or ENDIF
  
 CHARMM>     
  
 CHARMM>      increase i by 1
 Parameter: I <- "157"
  
 CHARMM>      increase icholbot by 1
 Parameter: ICHOLBOT <- "20"
  
 CHARMM>      if icholbot .le. @ncholbot goto dointer2
 Parameter: NCHOLBOT -> "28"
 Comparing "20" and "28".
 IF test evaluated as true.  Performing command
  
 CHARMM>        define YYY sele XXX .and. resid @i:@nres end
 Parameter: I -> "157"
 Parameter: NRES -> "192"
 SELRPN>      9 atoms have been selected out of  22320
  
 CHARMM>        set i    = ?SELRESI
 RDCMND substituted energy or value "?SELRESI" to "160"
 Parameter: I <- "160"
  
 CHARMM>        inter select resid @i .and. segid MEMB end
 Parameter: I -> "160"
 SELRPN>     74 atoms have been selected out of  22320
 INTER:  Normal Atom Nonbondselected        1978 from a total of     3560213
 INTER:  Image Nonbond List selected           0 from a total of      466801
INTE ENR:  Eval#     ENERgy      Delta-E         GRMS
INTE INTERN:          BONDs       ANGLes       UREY-b    DIHEdrals    IMPRopers
INTE EXTERN:        VDWaals         ELEC       HBONds          ASP         USER
 ----------       ---------    ---------    ---------    ---------    ---------
INTE>       48     41.33646     -4.64530      0.04876
INTE INTERN>        5.13132     24.33211      3.34688     22.02093      0.00000
INTE EXTERN>        4.94892    -18.44369      0.00000      0.00000      0.00000
 ----------       ---------    ---------    ---------    ---------    ---------
  
 CHARMM>     
  
 CHARMM>        if ?bond .gt. 100 then
 RDCMND substituted energy or value "?BOND" to "5.13131575"
 Comparing "5.13131575" and "100".
 IF test evaluated as false.  Skip to ELSE or ENDIF
  
 CHARMM>     
  
 CHARMM>      increase i by 1
 Parameter: I <- "161"
  
 CHARMM>      increase icholbot by 1
 Parameter: ICHOLBOT <- "21"
  
 CHARMM>      if icholbot .le. @ncholbot goto dointer2
 Parameter: NCHOLBOT -> "28"
 Comparing "21" and "28".
 IF test evaluated as true.  Performing command
  
 CHARMM>        define YYY sele XXX .and. resid @i:@nres end
 Parameter: I -> "161"
 Parameter: NRES -> "192"
 SELRPN>      8 atoms have been selected out of  22320
  
 CHARMM>        set i    = ?SELRESI
 RDCMND substituted energy or value "?SELRESI" to "162"
 Parameter: I <- "162"
  
 CHARMM>        inter select resid @i .and. segid MEMB end
 Parameter: I -> "162"
 SELRPN>     74 atoms have been selected out of  22320
 INTER:  Normal Atom Nonbondselected        2010 from a total of     3560213
 INTER:  Image Nonbond List selected           0 from a total of      466801
INTE ENR:  Eval#     ENERgy      Delta-E         GRMS
INTE INTERN:          BONDs       ANGLes       UREY-b    DIHEdrals    IMPRopers
INTE EXTERN:        VDWaals         ELEC       HBONds          ASP         USER
 ----------       ---------    ---------    ---------    ---------    ---------
INTE>       49     32.94645      8.39001      0.03506
INTE INTERN>        4.14786     17.22662      2.53127     21.41431      0.00000
INTE EXTERN>        5.72857    -18.10219      0.00000      0.00000      0.00000
 ----------       ---------    ---------    ---------    ---------    ---------
  
 CHARMM>     
  
 CHARMM>        if ?bond .gt. 100 then
 RDCMND substituted energy or value "?BOND" to "4.14786306"
 Comparing "4.14786306" and "100".
 IF test evaluated as false.  Skip to ELSE or ENDIF
  
 CHARMM>     
  
 CHARMM>      increase i by 1
 Parameter: I <- "163"
  
 CHARMM>      increase icholbot by 1
 Parameter: ICHOLBOT <- "22"
  
 CHARMM>      if icholbot .le. @ncholbot goto dointer2
 Parameter: NCHOLBOT -> "28"
 Comparing "22" and "28".
 IF test evaluated as true.  Performing command
  
 CHARMM>        define YYY sele XXX .and. resid @i:@nres end
 Parameter: I -> "163"
 Parameter: NRES -> "192"
 SELRPN>      7 atoms have been selected out of  22320
  
 CHARMM>        set i    = ?SELRESI
 RDCMND substituted energy or value "?SELRESI" to "167"
 Parameter: I <- "167"
  
 CHARMM>        inter select resid @i .and. segid MEMB end
 Parameter: I -> "167"
 SELRPN>     74 atoms have been selected out of  22320
 INTER:  Normal Atom Nonbondselected        1948 from a total of     3560213
 INTER:  Image Nonbond List selected           0 from a total of      466801
INTE ENR:  Eval#     ENERgy      Delta-E         GRMS
INTE INTERN:          BONDs       ANGLes       UREY-b    DIHEdrals    IMPRopers
INTE EXTERN:        VDWaals         ELEC       HBONds          ASP         USER
 ----------       ---------    ---------    ---------    ---------    ---------
INTE>       50     27.91841      5.02804      0.02482
INTE INTERN>        3.58602     15.96361      2.43530     18.89162      0.00000
INTE EXTERN>        6.08026    -19.03839      0.00000      0.00000      0.00000
 ----------       ---------    ---------    ---------    ---------    ---------
  
 CHARMM>     
  
 CHARMM>        if ?bond .gt. 100 then
 RDCMND substituted energy or value "?BOND" to "3.58602302"
 Comparing "3.58602302" and "100".
 IF test evaluated as false.  Skip to ELSE or ENDIF
  
 CHARMM>     
  
 CHARMM>      increase i by 1
 Parameter: I <- "168"
  
 CHARMM>      increase icholbot by 1
 Parameter: ICHOLBOT <- "23"
  
 CHARMM>      if icholbot .le. @ncholbot goto dointer2
 Parameter: NCHOLBOT -> "28"
 Comparing "23" and "28".
 IF test evaluated as true.  Performing command
  
 CHARMM>        define YYY sele XXX .and. resid @i:@nres end
 Parameter: I -> "168"
 Parameter: NRES -> "192"
 SELRPN>      6 atoms have been selected out of  22320
  
 CHARMM>        set i    = ?SELRESI
 RDCMND substituted energy or value "?SELRESI" to "171"
 Parameter: I <- "171"
  
 CHARMM>        inter select resid @i .and. segid MEMB end
 Parameter: I -> "171"
 SELRPN>     74 atoms have been selected out of  22320
 INTER:  Normal Atom Nonbondselected        2009 from a total of     3560213
 INTER:  Image Nonbond List selected           0 from a total of      466801
INTE ENR:  Eval#     ENERgy      Delta-E         GRMS
INTE INTERN:          BONDs       ANGLes       UREY-b    DIHEdrals    IMPRopers
INTE EXTERN:        VDWaals         ELEC       HBONds          ASP         USER
 ----------       ---------    ---------    ---------    ---------    ---------
INTE>       51     38.86880    -10.95039      0.06899
INTE INTERN>        2.59162     21.98989      3.80212     22.86122      0.00000
INTE EXTERN>        6.68456    -19.06060      0.00000      0.00000      0.00000
 ----------       ---------    ---------    ---------    ---------    ---------
  
 CHARMM>     
  
 CHARMM>        if ?bond .gt. 100 then
 RDCMND substituted energy or value "?BOND" to "2.59162179"
 Comparing "2.59162179" and "100".
 IF test evaluated as false.  Skip to ELSE or ENDIF
  
 CHARMM>     
  
 CHARMM>      increase i by 1
 Parameter: I <- "172"
  
 CHARMM>      increase icholbot by 1
 Parameter: ICHOLBOT <- "24"
  
 CHARMM>      if icholbot .le. @ncholbot goto dointer2
 Parameter: NCHOLBOT -> "28"
 Comparing "24" and "28".
 IF test evaluated as true.  Performing command
  
 CHARMM>        define YYY sele XXX .and. resid @i:@nres end
 Parameter: I -> "172"
 Parameter: NRES -> "192"
 SELRPN>      5 atoms have been selected out of  22320
  
 CHARMM>        set i    = ?SELRESI
 RDCMND substituted energy or value "?SELRESI" to "172"
 Parameter: I <- "172"
  
 CHARMM>        inter select resid @i .and. segid MEMB end
 Parameter: I -> "172"
 SELRPN>     74 atoms have been selected out of  22320
 INTER:  Normal Atom Nonbondselected        1953 from a total of     3560213
 INTER:  Image Nonbond List selected           0 from a total of      466801
INTE ENR:  Eval#     ENERgy      Delta-E         GRMS
INTE INTERN:          BONDs       ANGLes       UREY-b    DIHEdrals    IMPRopers
INTE EXTERN:        VDWaals         ELEC       HBONds          ASP         USER
 ----------       ---------    ---------    ---------    ---------    ---------
INTE>       52     30.40678      8.46203      0.06115
INTE INTERN>        3.81993     15.71958      2.45912     19.72850      0.00000
INTE EXTERN>        7.48059    -18.80095      0.00000      0.00000      0.00000
 ----------       ---------    ---------    ---------    ---------    ---------
  
 CHARMM>     
  
 CHARMM>        if ?bond .gt. 100 then
 RDCMND substituted energy or value "?BOND" to "3.81993484"
 Comparing "3.81993484" and "100".
 IF test evaluated as false.  Skip to ELSE or ENDIF
  
 CHARMM>     
  
 CHARMM>      increase i by 1
 Parameter: I <- "173"
  
 CHARMM>      increase icholbot by 1
 Parameter: ICHOLBOT <- "25"
  
 CHARMM>      if icholbot .le. @ncholbot goto dointer2
 Parameter: NCHOLBOT -> "28"
 Comparing "25" and "28".
 IF test evaluated as true.  Performing command
  
 CHARMM>        define YYY sele XXX .and. resid @i:@nres end
 Parameter: I -> "173"
 Parameter: NRES -> "192"
 SELRPN>      4 atoms have been selected out of  22320
  
 CHARMM>        set i    = ?SELRESI
 RDCMND substituted energy or value "?SELRESI" to "178"
 Parameter: I <- "178"
  
 CHARMM>        inter select resid @i .and. segid MEMB end
 Parameter: I -> "178"
 SELRPN>     74 atoms have been selected out of  22320
 INTER:  Normal Atom Nonbondselected        2004 from a total of     3560213
 INTER:  Image Nonbond List selected           0 from a total of      466801
INTE ENR:  Eval#     ENERgy      Delta-E         GRMS
INTE INTERN:          BONDs       ANGLes       UREY-b    DIHEdrals    IMPRopers
INTE EXTERN:        VDWaals         ELEC       HBONds          ASP         USER
 ----------       ---------    ---------    ---------    ---------    ---------
INTE>       53     29.39749      1.00929      0.03252
INTE INTERN>        3.82149     16.56314      2.64561     19.67753      0.00000
INTE EXTERN>        5.35669    -18.66696      0.00000      0.00000      0.00000
 ----------       ---------    ---------    ---------    ---------    ---------
  
 CHARMM>     
  
 CHARMM>        if ?bond .gt. 100 then
 RDCMND substituted energy or value "?BOND" to "3.82148736"
 Comparing "3.82148736" and "100".
 IF test evaluated as false.  Skip to ELSE or ENDIF
  
 CHARMM>     
  
 CHARMM>      increase i by 1
 Parameter: I <- "179"
  
 CHARMM>      increase icholbot by 1
 Parameter: ICHOLBOT <- "26"
  
 CHARMM>      if icholbot .le. @ncholbot goto dointer2
 Parameter: NCHOLBOT -> "28"
 Comparing "26" and "28".
 IF test evaluated as true.  Performing command
  
 CHARMM>        define YYY sele XXX .and. resid @i:@nres end
 Parameter: I -> "179"
 Parameter: NRES -> "192"
 SELRPN>      3 atoms have been selected out of  22320
  
 CHARMM>        set i    = ?SELRESI
 RDCMND substituted energy or value "?SELRESI" to "182"
 Parameter: I <- "182"
  
 CHARMM>        inter select resid @i .and. segid MEMB end
 Parameter: I -> "182"
 SELRPN>     74 atoms have been selected out of  22320
 INTER:  Normal Atom Nonbondselected        1930 from a total of     3560213
 INTER:  Image Nonbond List selected           0 from a total of      466801
INTE ENR:  Eval#     ENERgy      Delta-E         GRMS
INTE INTERN:          BONDs       ANGLes       UREY-b    DIHEdrals    IMPRopers
INTE EXTERN:        VDWaals         ELEC       HBONds          ASP         USER
 ----------       ---------    ---------    ---------    ---------    ---------
INTE>       54     38.76356     -9.36608      0.11843
INTE INTERN>        4.52710     21.42115      3.90532     21.41549      0.00000
INTE EXTERN>        6.66575    -19.17125      0.00000      0.00000      0.00000
 ----------       ---------    ---------    ---------    ---------    ---------
  
 CHARMM>     
  
 CHARMM>        if ?bond .gt. 100 then
 RDCMND substituted energy or value "?BOND" to "4.52709832"
 Comparing "4.52709832" and "100".
 IF test evaluated as false.  Skip to ELSE or ENDIF
  
 CHARMM>     
  
 CHARMM>      increase i by 1
 Parameter: I <- "183"
  
 CHARMM>      increase icholbot by 1
 Parameter: ICHOLBOT <- "27"
  
 CHARMM>      if icholbot .le. @ncholbot goto dointer2
 Parameter: NCHOLBOT -> "28"
 Comparing "27" and "28".
 IF test evaluated as true.  Performing command
  
 CHARMM>        define YYY sele XXX .and. resid @i:@nres end
 Parameter: I -> "183"
 Parameter: NRES -> "192"
 SELRPN>      2 atoms have been selected out of  22320
  
 CHARMM>        set i    = ?SELRESI
 RDCMND substituted energy or value "?SELRESI" to "186"
 Parameter: I <- "186"
  
 CHARMM>        inter select resid @i .and. segid MEMB end
 Parameter: I -> "186"
 SELRPN>     74 atoms have been selected out of  22320
 INTER:  Normal Atom Nonbondselected        1972 from a total of     3560213
 INTER:  Image Nonbond List selected           0 from a total of      466801
INTE ENR:  Eval#     ENERgy      Delta-E         GRMS
INTE INTERN:          BONDs       ANGLes       UREY-b    DIHEdrals    IMPRopers
INTE EXTERN:        VDWaals         ELEC       HBONds          ASP         USER
 ----------       ---------    ---------    ---------    ---------    ---------
INTE>       55     30.06098      8.70258      0.02733
INTE INTERN>        3.89686     16.19956      2.38203     20.36389      0.00000
INTE EXTERN>        6.19751    -18.97886      0.00000      0.00000      0.00000
 ----------       ---------    ---------    ---------    ---------    ---------
  
 CHARMM>     
  
 CHARMM>        if ?bond .gt. 100 then
 RDCMND substituted energy or value "?BOND" to "3.89685805"
 Comparing "3.89685805" and "100".
 IF test evaluated as false.  Skip to ELSE or ENDIF
  
 CHARMM>     
  
 CHARMM>      increase i by 1
 Parameter: I <- "187"
  
 CHARMM>      increase icholbot by 1
 Parameter: ICHOLBOT <- "28"
  
 CHARMM>      if icholbot .le. @ncholbot goto dointer2
 Parameter: NCHOLBOT -> "28"
 Comparing "28" and "28".
 IF test evaluated as true.  Performing command
  
 CHARMM>        define YYY sele XXX .and. resid @i:@nres end
 Parameter: I -> "187"
 Parameter: NRES -> "192"
 SELRPN>      1 atoms have been selected out of  22320
  
 CHARMM>        set i    = ?SELRESI
 RDCMND substituted energy or value "?SELRESI" to "187"
 Parameter: I <- "187"
  
 CHARMM>        inter select resid @i .and. segid MEMB end
 Parameter: I -> "187"
 SELRPN>     74 atoms have been selected out of  22320
 INTER:  Normal Atom Nonbondselected        1951 from a total of     3560213
 INTER:  Image Nonbond List selected           0 from a total of      466801
INTE ENR:  Eval#     ENERgy      Delta-E         GRMS
INTE INTERN:          BONDs       ANGLes       UREY-b    DIHEdrals    IMPRopers
INTE EXTERN:        VDWaals         ELEC       HBONds          ASP         USER
 ----------       ---------    ---------    ---------    ---------    ---------
INTE>       56     30.05468      0.00631      0.04512
INTE INTERN>        3.43213     16.89733      2.67025     19.93569      0.00000
INTE EXTERN>        6.32972    -19.21044      0.00000      0.00000      0.00000
 ----------       ---------    ---------    ---------    ---------    ---------
  
 CHARMM>     
  
 CHARMM>        if ?bond .gt. 100 then
 RDCMND substituted energy or value "?BOND" to "3.43212896"
 Comparing "3.43212896" and "100".
 IF test evaluated as false.  Skip to ELSE or ENDIF
  
 CHARMM>     
  
 CHARMM>      increase i by 1
 Parameter: I <- "188"
  
 CHARMM>      increase icholbot by 1
 Parameter: ICHOLBOT <- "29"
  
 CHARMM>      if icholbot .le. @ncholbot goto dointer2
 Parameter: NCHOLBOT -> "28"
 Comparing "29" and "28".
 IF test evaluated as false.  Skipping command
  
 CHARMM>    endif
  
 CHARMM>     
  
 CHARMM>    stop
 VCLOSE: Closing unit   10 with status "KEEP"
 VCLOSE: Closing unit   20 with status "KEEP"
 VCLOSE: Closing unit   90 with status "KEEP"
$$$$$$  New timer profile $$$$$
      Image Update                    2.19 Other:            0.00
      xdistm setup                    0.04 Other:            0.00
      xdistm Build list              23.98 Other:            0.00
      NBONDS                         22.57 Other:            0.00
   List time                      48.78 Other:            0.00
      Nonbond force                  74.71 Other:            0.00
         Bond energy                     0.61 Other:            0.00
         Angle energy                    4.21 Other:            0.00
         Dihedral energy                 7.44 Other:            0.00
         Restraints energy               0.00 Other:            0.00
      INTRNL energy                  12.50 Other:            0.23
   Energy time                    87.82 Other:            0.62
 Total time                    189.37 Other:           52.77

                    NORMAL TERMINATION BY NORMAL STOP
                    MOST SEVERE WARNING WAS AT LEVEL  1

                    $$$$$ JOB ACCOUNTING INFORMATION $$$$$
                     ELAPSED TIME:     3.16  MINUTES 
                         CPU TIME:     1.06  MINUTES 
