1
                 Chemistry at HARvard Macromolecular Mechanics
           (CHARMM) - Developmental Version 47a2   February 15, 2021            
                                Revision unknown                                
       Copyright(c) 1984-2020  President and Fellows of Harvard College
                              All Rights Reserved
      Current operating system: Linux-3.10.0-1160.80.1.el7.x86_64(x86_64)       
                 Created on  7/11/24 at  0:35:52 by user: apache      

            Maximum number of ATOMS:    360720, and RESidues:      120240
 RDTITL> * GENERATED BY CHARMM-GUI (HTTP://WWW.CHARMM-GUI.ORG) V3.7 ON JUL, 11. 2024. JOBID=2066971497
 RDTITL> * GENERATES ION CONFORMATION USING MONTE-CARLO SIMULATION
 RDTITL> *
  
 CHARMM>     
  
 CHARMM>    DIMENS CHSIZE 5000000 MAXRES 3000000
Size      Original         New
MAXA        360720     5000000
MAXB        360720     5000000
MAXT        721440    10000000
MAXP       1082160    15000000
MAXIMP      180360     2500000
MAXNB        90180     1250000
MAXPAD      360720     5000000
MAXRES      120240     3000000
MAXSEG       45090      625000
MAXATC        1400
MAXCB         3000
MAXCT        50000
MAXCP        50000
MAXCI         1200
MAXCH         6400
MAXCN       502503
MAXCRT      120240     1666666
  
 CHARMM>     
  
 CHARMM>    ! Read topology and parameter files
 CHARMM>    stream toppar.str
 VOPEN> Attempting to open::toppar.str::
 OPNLGU> Unit 99 opened for READONLY access to toppar.str

                    INPUT STREAM SWITCHING TO UNIT    99
 RDTITL> * GENERATED BY CHARMM-GUI (HTTP://WWW.CHARMM-GUI.ORG) V3.7 ON JUL, 11. 2024. JOBID=2066971497
 RDTITL> * STREAM FILE FOR TOPOLOGY AND PARAMETER READING
 RDTITL> *
 Parameter: IN1 <- "" <empty>
  
 CHARMM>     
  
 CHARMM>    ! protein topology and parameter
 CHARMM>    open read card unit 10 name toppar/top_all36_prot.rtf
 VOPEN> Attempting to open::toppar/top_all36_prot.rtf::
 OPNLGU> Unit 10 opened for READONLY access to toppar/top_all36_prot.rtf
  
 CHARMM>    read  rtf card unit 10
 MAINIO> Residue topology file being read from unit  10.
 TITLE> *>>>>>>>>CHARMM36 ALL-HYDROGEN TOPOLOGY FILE FOR PROTEINS <<<<<<
 TITLE> *>>>>> INCLUDES PHI, PSI CROSS TERM MAP (CMAP) CORRECTION <<<<<<<
 TITLE> *>>>>>>>>>>>>>>>>>>>>>>>>>> MAY 2011 <<<<<<<<<<<<<<<<<<<<<<<<<<<<
 TITLE> * ALL COMMENTS TO THE CHARMM WEB SITE: WWW.CHARMM.ORG
 TITLE> *             PARAMETER SET DISCUSSION FORUM
 TITLE> *
  
 CHARMM>     
  
 CHARMM>    open read card unit 20 name toppar/par_all36m_prot.prm
 VOPEN> Attempting to open::toppar/par_all36m_prot.prm::
 OPNLGU> Unit 20 opened for READONLY access to toppar/par_all36m_prot.prm
  
 CHARMM>    read para card unit 20 flex

          PARAMETER FILE BEING READ FROM UNIT 20
 TITLE> *>>>> CHARMM36 ALL-HYDROGEN PARAMETER FILE FOR PROTEINS <<<<<<<<<<
 TITLE> *>>>>> INCLUDES PHI, PSI CROSS TERM MAP (CMAP) CORRECTION <<<<<<<<
 TITLE> *>>>>>>>>>>>>>>>>>>>>>>>>>> JAN. 2016 <<<<<<<<<<<<<<<<<<<<<<<<<<<<
 TITLE> * ALL COMMENTS TO THE CHARMM WEB SITE: WWW.CHARMM.ORG
 TITLE> *             PARAMETER SET DISCUSSION FORUM
 TITLE> *
 PARMIO> NONBOND, HBOND lists and IMAGE atoms cleared.
  
 CHARMM>     
  
 CHARMM>    ! nucleic acids
 CHARMM>    open read card unit 10 name toppar/top_all36_na.rtf
 OPNLGU> Unit already open. The old file will be closed first.
 VCLOSE: Closing unit   10 with status "KEEP"
 VOPEN> Attempting to open::toppar/top_all36_na.rtf::
 OPNLGU> Unit 10 opened for READONLY access to toppar/top_all36_na.rtf
  
 CHARMM>    read  rtf card unit 10 append
 MAINIO> Residue topology file being read from unit  10.
 TITLE> *  \\\\ CHARMM36 ALL-HYDROGEN NUCLEIC ACID TOPOLOGY FILE ////
 TITLE> *   ALEXANDER D. MACKERELL JR. AND COWORKERS
 TITLE> *                      APRIL 2011
 TITLE> * ALL COMMENTS TO THE CHARMM WEB SITE: WWW.CHARMM.ORG
 TITLE> *           PARAMETER SET DISCUSSION FORUM
 TITLE> *
  
 CHARMM>     
  
 CHARMM>    open read card unit 20 name toppar/par_all36_na.prm
 OPNLGU> Unit already open. The old file will be closed first.
 VCLOSE: Closing unit   20 with status "KEEP"
 VOPEN> Attempting to open::toppar/par_all36_na.prm::
 OPNLGU> Unit 20 opened for READONLY access to toppar/par_all36_na.prm
  
 CHARMM>    read para card unit 20 append flex

          PARAMETER FILE BEING READ FROM UNIT 20
 TITLE> * \\\\ CHARMM36 ALL-HYDROGEN NUCLEIC ACID PARAMETER FILE ////
 TITLE> *         ALEXANDER D. MACKERELL JR. AND COWORKERS
 TITLE> *                        APRIL 2011
 TITLE> * ALL COMMENTS TO THE CHARMM WEB SITE: WWW.CHARMM.ORG PARAMETER
 TITLE> *                     SET DISCUSSION FORUM
 TITLE> *
 PARMIO> NONBOND, HBOND lists and IMAGE atoms cleared.
  
 CHARMM>     
  
 CHARMM>    ! carbohydrates
 CHARMM>    open read card unit 10 name toppar/top_all36_carb.rtf
 OPNLGU> Unit already open. The old file will be closed first.
 VCLOSE: Closing unit   10 with status "KEEP"
 VOPEN> Attempting to open::toppar/top_all36_carb.rtf::
 OPNLGU> Unit 10 opened for READONLY access to toppar/top_all36_carb.rtf
  
 CHARMM>    read  rtf card unit 10 append
 MAINIO> Residue topology file being read from unit  10.
 TITLE> * $ID: TOP_ALLXX_SUGAR.INP,V 1.106 2014/08/19 19:07:43 ALEX EXP $
 TITLE> *>>>>>>>>>>>> ALL-HYDROGEN TOPOLOGIES USED IN THE <<<<<<<<<<<<<<<<
 TITLE> *>>>>> DEVELOPMENT OF THE CHARMM CARBOHYDRATE  FORCE FIELD<<<<<<<<
 TITLE> *>>>>>>>>>>>>>>>>>>>>>>>>> JUNE 2009 <<<<<<<<<<<<<<<<<<<<<<<<<<<<<
 TITLE> *>>>>>>>> DIRECT COMMENTS TO ALEXANDER D. MACKERELL JR. <<<<<<<<<<
 TITLE> *>>>>>>>>>> VIA THE CHARMM WEB SITE: WWW.CHARMM.ORG <<<<<<<<<<<<<<
 TITLE> *>>>>>>>>>>>>>>> PARAMETER SET DISCUSSION FORUM <<<<<<<<<<<<<<<<<<
 TITLE> *
  
 CHARMM>     
  
 CHARMM>    open read card unit 20 name toppar/par_all36_carb.prm
 OPNLGU> Unit already open. The old file will be closed first.
 VCLOSE: Closing unit   20 with status "KEEP"
 VOPEN> Attempting to open::toppar/par_all36_carb.prm::
 OPNLGU> Unit 20 opened for READONLY access to toppar/par_all36_carb.prm
  
 CHARMM>    read para card unit 20 append flex

          PARAMETER FILE BEING READ FROM UNIT 20
 TITLE> * $ID: PAR_ALLXX_SUGAR.INP,V 1.132 2014/08/19 19:03:21 ALEX EXP $
 TITLE> *>>>>>>>>>>>> ALL-HYDROGEN PARAMETERS USED IN THE <<<<<<<<<<<<<<<<
 TITLE> *>>>>> DEVELOPMENT OF THE CHARMM CARBOHYDRATE  FORCE FIELD<<<<<<<<
 TITLE> *>>>>>>>>>>>>>>>>>>>>>>>>> JUNE 2009 <<<<<<<<<<<<<<<<<<<<<<<<<<<<<
 TITLE> *>>>>>>>> DIRECT COMMENTS TO ALEXANDER D. MACKERELL JR. <<<<<<<<<<
 TITLE> *>>>>>>>>>> VIA THE CHARMM WEB SITE: WWW.CHARMM.ORG <<<<<<<<<<<<<<
 TITLE> *>>>>>>>>>>>>>>> PARAMETER SET DISCUSSION FORUM <<<<<<<<<<<<<<<<<<
 TITLE> *
 PARMIO> NONBOND, HBOND lists and IMAGE atoms cleared.
  
 CHARMM>     
  
 CHARMM>    ! lipids
 CHARMM>    open read card unit 10 name toppar/top_all36_lipid.rtf
 OPNLGU> Unit already open. The old file will be closed first.
 VCLOSE: Closing unit   10 with status "KEEP"
 VOPEN> Attempting to open::toppar/top_all36_lipid.rtf::
 OPNLGU> Unit 10 opened for READONLY access to toppar/top_all36_lipid.rtf
  
 CHARMM>    read  rtf card unit 10 append
 MAINIO> Residue topology file being read from unit  10.
 TITLE> *  \\\\\\\ CHARMM36 ALL-HYDROGEN LIPID TOPOLOGY FILE ///////
 TITLE> *  ALL COMMENTS AND QUESTIONS SHOULD BE SUBMITTED TO THE
 TITLE> *  PARAMETER FORUM AT THE CHARMM WEBSITE: WWW.CHARMM.ORG
 TITLE> *
  
 CHARMM>     
  
 CHARMM>    open read card unit 20 name toppar/par_all36_lipid.prm
 OPNLGU> Unit already open. The old file will be closed first.
 VCLOSE: Closing unit   20 with status "KEEP"
 VOPEN> Attempting to open::toppar/par_all36_lipid.prm::
 OPNLGU> Unit 20 opened for READONLY access to toppar/par_all36_lipid.prm
  
 CHARMM>    read para card unit 20 append flex

          PARAMETER FILE BEING READ FROM UNIT 20
 TITLE> *  \\\\\\\ CHARMM36 ALL-HYDROGEN LIPID PARAMETER FILE ///////
 TITLE> *  ALL COMMENTS AND QUESTIONS SHOULD BE SUBMITTED TO THE
 TITLE> *  PARAMETER FORUM AT THE CHARMM WEBSITE: WWW.CHARMM.ORG
 TITLE> *
 PARMIO> NONBOND, HBOND lists and IMAGE atoms cleared.
  
 CHARMM>     
  
 CHARMM>    ! CGENFF
 CHARMM>    open read card unit 10 name toppar/top_all36_cgenff.rtf
 OPNLGU> Unit already open. The old file will be closed first.
 VCLOSE: Closing unit   10 with status "KEEP"
 VOPEN> Attempting to open::toppar/top_all36_cgenff.rtf::
 OPNLGU> Unit 10 opened for READONLY access to toppar/top_all36_cgenff.rtf
  
 CHARMM>    read  rtf card unit 10 append
 MAINIO> Residue topology file being read from unit  10.
 TITLE> *  --------------------------------------------------------------------------  *
 TITLE> *          CGENFF: TOPOLOGY FOR THE CHARMM GENERAL FORCE FIELD V. 4.6          *
 TITLE> *                    FOR SMALL MOLECULE DRUG DESIGN                            *
 TITLE> *  --------------------------------------------------------------------------  *
 TITLE> *

 DRUDES PARTICLES WILL BE GENERATED AUTOMATICALLY FOR ALL ATOMS WITH NON-ZERO ALPHA
 Thole-type dipole screening, Slater-Delta shape {S(u) = 1 - (1+u/2)*exp(-u)}, default radius =  1.300000
  
 CHARMM>     
  
 CHARMM>    open read card unit 20 name toppar/par_all36_cgenff.prm
 OPNLGU> Unit already open. The old file will be closed first.
 VCLOSE: Closing unit   20 with status "KEEP"
 VOPEN> Attempting to open::toppar/par_all36_cgenff.prm::
 OPNLGU> Unit 20 opened for READONLY access to toppar/par_all36_cgenff.prm
  
 CHARMM>    read para card unit 20 append flex

          PARAMETER FILE BEING READ FROM UNIT 20
 TITLE> *  --------------------------------------------------------------------------  *
 TITLE> *         CGENFF: PARAMETERS FOR THE CHARMM GENERAL FORCE FIELD V. 4.6         *
 TITLE> *                    FOR SMALL MOLECULE DRUG DESIGN                            *
 TITLE> *  --------------------------------------------------------------------------  *
 TITLE> *  2017/8: IF PROTEIN, NUCLEIC ACID AND CARBOHYDRATE TOPOLOGY AND PARAMETER FILES
 TITLE> *  ARE NOT READ PRIOR TO THE CGENFF FILES "WARNING: ATOMS IN NBFIX ' errors will
 TITLE> *  BE ENCOUNTERED.  THESE CAN BE PASSED BY SETTING BOMLEV ( -2) PRIOR TO READING
 TITLE> *  THIS FILE. IN ADDITION, WHEN GENERATING AROMATIC HALOGENS (CL, BR, I) WITH
 TITLE> *  PRE C41B/C42A VERSIONS OF CHARMM "MISSING PARAMETER" ERRORS WILL BE
 TITLE> *  ENCOUNTERED THAT ALSO REQUIRE SETTING BOMLEV ( -2).
 TITLE> *
 PARMIO> NONBOND, HBOND lists and IMAGE atoms cleared.
  
 CHARMM>     
  
 CHARMM>    ! Phosphates and Sulfates
 CHARMM>    stream toppar/toppar_all36_moreions.str
 VOPEN> Attempting to open::toppar/toppar_all36_moreions.str::
 OPNLGU> Unit 98 opened for READONLY access to toppar/toppar_all36_moreions.str

                    INPUT STREAM SWITCHING TO UNIT    98
 RDTITL> * ADDITIONAL IONS GENERATED USING CGENFF
 RDTITL> *
 Parameter: IN1 <- "" <empty>
  
 CHARMM>     
  
 CHARMM>    set nat ?NATC
 RDCMND substituted energy or value "?NATC" to "345"
 Parameter: NAT <- "345"
  
 CHARMM>    set app
 Parameter: APP <- "" <empty>
  
 CHARMM>     
  
 CHARMM>    if "@NAT" ne "?NATC" if @nat ne 0 set app append
 Parameter: NAT -> "345"
 Parameter: NAT -> "345"
 RDCMND: can not substitute energy "?NATC""
 Comparing ""345"" and ""?NATC"".
 IF test evaluated as true.  Performing command
 Comparing "345" and "0".
 IF test evaluated as true.  Performing command
 Parameter: APP <- "APPEND"
  
 CHARMM>     
  
 CHARMM>    read rtf card @app
 Parameter: APP -> "APPEND"
 MAINIO> Residue topology file being read from unit  98.
 RDTITL> * TOPOLOGIES GENERATED BY
 RDTITL> * CHARMM GENERAL FORCE FIELD (CGENFF) PROGRAM VERSION 2.4.0
 RDTITL> *
  
 CHARMM>     
  
 CHARMM>    read para card flex @app
 Parameter: APP -> "APPEND"

          PARAMETER FILE BEING READ FROM UNIT 98
 RDTITL> * PARAMETERS GENERATED BY ANALOGY BY
 RDTITL> * CHARMM GENERAL FORCE FIELD (CGENFF) PROGRAM VERSION 2.4.0
 RDTITL> *
 PARMIO> NONBOND, HBOND lists and IMAGE atoms cleared.
  
 CHARMM>     
  
 VCLOSE: Closing unit   98 with status "KEEP"

                    RETURNING TO INPUT STREAM    99
  
 CHARMM>     
  
 CHARMM>    ! Interface FF
 CHARMM>    open read card unit 10 name toppar/top_interface.rtf
 OPNLGU> Unit already open. The old file will be closed first.
 VCLOSE: Closing unit   10 with status "KEEP"
 VOPEN> Attempting to open::toppar/top_interface.rtf::
 OPNLGU> Unit 10 opened for READONLY access to toppar/top_interface.rtf
  
 CHARMM>    read  rtf card unit 10 append
 MAINIO> Residue topology file being read from unit  10.
 TITLE> * INTERFACE FF
 TITLE> * TOPOLOGY FOR NANOMATERIALS
 TITLE> *
*** WARNING **** residue TSHO already exists (old one deleted)

      ***** LEVEL  1 WARNING FROM <RTFRDR> *****
      ***** Residue already exists.
      ******************************************
      BOMLEV (  0) IS NOT REACHED. WRNLEV IS  5

          PRES TSHO17      -1.050
*** WARNING **** residue TSHO already exists (old one deleted)

      ***** LEVEL  1 WARNING FROM <RTFRDR> *****
      ***** Residue already exists.
      ******************************************
      BOMLEV (  0) IS NOT REACHED. WRNLEV IS  5

          PRES TSHO21      -1.050
 There were   2 warning(s) from RTFRDR.
  
 CHARMM>     
  
 CHARMM>    open read card unit 10 name toppar/par_interface.prm
 OPNLGU> Unit already open. The old file will be closed first.
 VCLOSE: Closing unit   10 with status "KEEP"
 VOPEN> Attempting to open::toppar/par_interface.prm::
 OPNLGU> Unit 10 opened for READONLY access to toppar/par_interface.prm
  
 CHARMM>    read para card unit 10 append flex

          PARAMETER FILE BEING READ FROM UNIT 10
 TITLE> * INTERFACE FF
 TITLE> * TOPOLOGY AND PARAMETER FOR CALY MINERALS, CEMENT MINERALS
 TITLE> *
 PARRDR> Error: Repeated DIHE parameter ( 10947): HGR6  ICG1  ICG1  ICGE is replaced
 PARMIO> NONBOND, HBOND lists and IMAGE atoms cleared.
  
 CHARMM>     
  
 CHARMM>    stream toppar/toppar_all36_nano_lig.str
 VOPEN> Attempting to open::toppar/toppar_all36_nano_lig.str::
 OPNLGU> Unit 98 opened for READONLY access to toppar/toppar_all36_nano_lig.str

                    INPUT STREAM SWITCHING TO UNIT    98
 RDTITL> READ RTF CARD APPEND
 RDTITL> No title read.
 Parameter: IN1 <- "" <empty>
  
 CHARMM>    read rtf card append
 MAINIO> Residue topology file being read from unit  98.
 RDTITL> * TOPOLOGY FOR NANO-LIGAND
 RDTITL> *
  
 CHARMM>     
  
 CHARMM>    read param card flex append

          PARAMETER FILE BEING READ FROM UNIT 98
 RDTITL> * SYNTHETIC POLYMER PARAMETER
 RDTITL> *
 PARMIO> NONBOND, HBOND lists and IMAGE atoms cleared.
  
 CHARMM>    RETURN
 VCLOSE: Closing unit   98 with status "KEEP"

                    RETURNING TO INPUT STREAM    99
  
 CHARMM>    stream toppar/toppar_all36_nano_lig_patch.str
 VOPEN> Attempting to open::toppar/toppar_all36_nano_lig_patch.str::
 OPNLGU> Unit 98 opened for READONLY access to toppar/toppar_all36_nano_lig_patch.str

                    INPUT STREAM SWITCHING TO UNIT    98
 RDTITL> READ RTF CARD APPEND
 RDTITL> No title read.
 Parameter: IN1 <- "" <empty>
  
 CHARMM>    read rtf card append
 MAINIO> Residue topology file being read from unit  98.
 RDTITL> * TOPOLOGY FOR SYNTHETIC_POLYMER
 RDTITL> *
  
 CHARMM>    RETURN
 VCLOSE: Closing unit   98 with status "KEEP"

                    RETURNING TO INPUT STREAM    99
  
 CHARMM>     
  
 CHARMM>    ! Additional topologies and parameters for synthetic polymer
 CHARMM>    stream toppar/toppar_all36_synthetic_polymer.str
 VOPEN> Attempting to open::toppar/toppar_all36_synthetic_polymer.str::
 OPNLGU> Unit 98 opened for READONLY access to toppar/toppar_all36_synthetic_polymer.str

                    INPUT STREAM SWITCHING TO UNIT    98
 RDTITL> READ RTF CARD APPEND
 RDTITL> No title read.
 Parameter: IN1 <- "" <empty>
  
 CHARMM>    read rtf card append
 MAINIO> Residue topology file being read from unit  98.
 RDTITL> * TOPOLOGY FOR SYNTHETIC_POLYMER
 RDTITL> *
  
 CHARMM>     
  
 CHARMM>    read param card flex append

          PARAMETER FILE BEING READ FROM UNIT 98
 RDTITL> * SYNTHETIC POLYMER PARAMETER
 RDTITL> *
 PARMIO> NONBOND, HBOND lists and IMAGE atoms cleared.
  
 CHARMM>    RETURN
 VCLOSE: Closing unit   98 with status "KEEP"

                    RETURNING TO INPUT STREAM    99
  
 CHARMM>    stream toppar/toppar_all36_synthetic_polymer_patch.str
 VOPEN> Attempting to open::toppar/toppar_all36_synthetic_polymer_patch.str::
 OPNLGU> Unit 98 opened for READONLY access to toppar/toppar_all36_synthetic_polymer_patch.str

                    INPUT STREAM SWITCHING TO UNIT    98
 RDTITL> READ RTF CARD APPEND
 RDTITL> No title read.
 Parameter: IN1 <- "" <empty>
  
 CHARMM>    read rtf card append
 MAINIO> Residue topology file being read from unit  98.
 RDTITL> * TOPOLOGY FOR SYNTHETIC_POLYMER
 RDTITL> *
  
 CHARMM>     
  
 CHARMM>    return
 VCLOSE: Closing unit   98 with status "KEEP"

                    RETURNING TO INPUT STREAM    99
  
 CHARMM>    stream toppar/toppar_all36_polymer_solvent.str
 VOPEN> Attempting to open::toppar/toppar_all36_polymer_solvent.str::
 OPNLGU> Unit 98 opened for READONLY access to toppar/toppar_all36_polymer_solvent.str

                    INPUT STREAM SWITCHING TO UNIT    98
 RDTITL> READ RTF CARD APPEND
 RDTITL> No title read.
 Parameter: IN1 <- "" <empty>
  
 CHARMM>    read rtf card append
 MAINIO> Residue topology file being read from unit  98.
 RDTITL> * TOPOLOGY FOR SYNTHETIC_POLYMER
 RDTITL> *
  
 CHARMM>    read param card flex append

          PARAMETER FILE BEING READ FROM UNIT 98
 RDTITL> * SYNTHETIC POLYMER PARAMETER
 RDTITL> *
 PARMIO> NONBOND, HBOND lists and IMAGE atoms cleared.
  
 CHARMM>     
  
 CHARMM>    RETURN
 VCLOSE: Closing unit   98 with status "KEEP"

                    RETURNING TO INPUT STREAM    99
  
 CHARMM>     
  
 CHARMM>    ! Additional topologies and parameters for water and ions
 CHARMM>    stream toppar/toppar_water_ions.str
 VOPEN> Attempting to open::toppar/toppar_water_ions.str::
 OPNLGU> Unit 98 opened for READONLY access to toppar/toppar_water_ions.str

                    INPUT STREAM SWITCHING TO UNIT    98
 RDTITL> * TOPLOGY AND PARAMETER INFORMATION FOR WATER AND IONS.
 RDTITL> *
 Parameter: IN1 <- "" <empty>
  
 CHARMM>     
  
 CHARMM>    !Testcase
 CHARMM>    !test_water_ions.inp
 CHARMM>     
  
 CHARMM>    ! IMPORTANT NOTE: this file contains NBFixes between carboxylates and sodium,
 CHARMM>    ! which will only apply if the main files containing carboxylate atom types
 CHARMM>    ! have been read in first!
 CHARMM>     
  
 CHARMM>    !references
 CHARMM>    !
 CHARMM>    !TIP3P water model
 CHARMM>    !
 CHARMM>    !W.L. Jorgensen; J.Chandrasekhar; J.D. Madura; R.W. Impey;
 CHARMM>    !M.L. Klein; "Comparison of simple potential functions for
 CHARMM>    !simulating liquid water", J. Chem. Phys. 79 926-935 (1983).
 CHARMM>    !
 CHARMM>    !IONS
 CHARMM>    !
 CHARMM>    !Ions from Roux and coworkers
 CHARMM>    !
 CHARMM>    !Beglov, D. and Roux, B., Finite Representation of an Infinite
 CHARMM>    !Bulk System: Solvent Boundary Potential for Computer Simulations,
 CHARMM>    !Journal of Chemical Physics, 1994, 100: 9050-9063
 CHARMM>    !
 CHARMM>    !ZINC
 CHARMM>    !
 CHARMM>    !Stote, R.H. and Karplus, M. Zinc Binding in Proteins and
 CHARMM>    !Solution: A Simple but Accurate Nonbonded Representation, PROTEINS:
 CHARMM>    !Structure, Function, and Genetics 23:12-31 (1995)
 CHARMM>     
  
 CHARMM>    !test "append" to determine if previous toppar files have been read and
 CHARMM>    !add append to "read rtf card" if true
 CHARMM>    set nat ?NATC
 RDCMND substituted energy or value "?NATC" to "468"
 Parameter: NAT <- "468"
  
 CHARMM>    set app
 Parameter: APP <- "" <empty>
  
 CHARMM>    !We're exploiting what is arguably a bug in the parser. On the left hand side,
 CHARMM>    !the quotes have priority, so NAT is correctly substituted. On the right hand
 CHARMM>    !side, the ? has priority and NATC" (sic) is not a valid substitution...
 CHARMM>    if "@NAT" ne "?NATC" if @nat ne 0 set app append
 Parameter: NAT -> "468"
 Parameter: NAT -> "468"
 RDCMND: can not substitute energy "?NATC""
 Comparing ""468"" and ""?NATC"".
 IF test evaluated as true.  Performing command
 Comparing "468" and "0".
 IF test evaluated as true.  Performing command
 Parameter: APP <- "APPEND"
  
 CHARMM>     
  
 CHARMM>    read rtf card @app
 Parameter: APP -> "APPEND"
 MAINIO> Residue topology file being read from unit  98.
 RDTITL> * TOPOLOGY FOR WATER AND IONS
 RDTITL> *
  
 CHARMM>     
  
 CHARMM>    read para card flex @app
 Parameter: APP -> "APPEND"

          PARAMETER FILE BEING READ FROM UNIT 98
 RDTITL> * PARAMETERS FOR WATER AND IONS
 RDTITL> *
 PARMIO> NONBOND, HBOND lists and IMAGE atoms cleared.
  
 CHARMM>     
  
 CHARMM>    ! The following section contains NBFixes for sodium interacting with
 CHARMM>    ! carboxylate oxygens of various CHARMM force fields. It will generate
 CHARMM>    ! level -1 warnings whenever any of these force fields have not been
 CHARMM>    ! read prior to the current stream file. Since we don't want to force
 CHARMM>    ! the user to always read all the force fields, we're suppressing the
 CHARMM>    ! warnings. The only side effect is that you will have "most severe
 CHARMM>    ! warning was at level 0" at the end of your output. Also note that
 CHARMM>    ! the user is responsible for reading the current file last if they
 CHARMM>    ! want the NBFixes to apply. A more elegant solution would require new
 CHARMM>    ! features to be added to CHARMM.
 CHARMM>    ! parallel fix, to avoid duplicated messages in the log
 CHARMM>    set para
 Parameter: PARA <- "" <empty>
  
 CHARMM>    if ?NUMNODE gt 1 set para node 0
 RDCMND substituted energy or value "?NUMNODE" to "1"
 Comparing "1" and "1".
 IF test evaluated as false.  Skipping command
  
 CHARMM>     
  
 CHARMM>    set wrn ?WRNLEV
 RDCMND substituted energy or value "?WRNLEV" to "5"
 Parameter: WRN <- "5"
  
 CHARMM>    ! Some versions of CHARMM don't seem to initialize wrnlev...
 CHARMM>    if "@WRN" eq "?WRNLEV" set wrn 5
 Parameter: WRN -> "5"
 RDCMND: can not substitute energy "?WRNLEV""
 Comparing ""5"" and ""?WRNLEV"".
 IF test evaluated as false.  Skipping command
  
 CHARMM>    set bom ?bomlev
 RDCMND substituted energy or value "?BOMLEV" to "0"
 Parameter: BOM <- "0"
  
 CHARMM>    WRNLEV -1 @PARA
 Parameter: PARA -> "" <empty>
  
 CHARMM>    BOMLEV -1 @PARA
 Parameter: PARA -> "" <empty>
  
 CHARMM>    read para card flex append

          PARAMETER FILE BEING READ FROM UNIT 98
 RDTITL> * NBFIX BETWEEN CARBOXYLATE AND SODIUM
 RDTITL> *
 PARMIO> NONBOND, HBOND lists and IMAGE atoms cleared.
  
 CHARMM>    BOMLEV @bom @PARA
 Parameter: BOM -> "0"
 Parameter: PARA -> "" <empty>
  
 CHARMM>    WRNLEV @wrn @PARA
 Parameter: WRN -> "5"
 Parameter: PARA -> "" <empty>
  
 CHARMM>     
  
 CHARMM>    return
 VCLOSE: Closing unit   98 with status "KEEP"

                    RETURNING TO INPUT STREAM    99
  
 CHARMM>    stream toppar/toppar_dum_noble_gases.str
 VOPEN> Attempting to open::toppar/toppar_dum_noble_gases.str::
 OPNLGU> Unit 98 opened for READONLY access to toppar/toppar_dum_noble_gases.str

                    INPUT STREAM SWITCHING TO UNIT    98
 RDTITL> * TOPLOGY AND PARAMETER INFORMATION FOR HELIUM, NEON AND A DUMMY ATOM.
 RDTITL> *
 Parameter: IN1 <- "" <empty>
  
 CHARMM>     
  
 CHARMM>    !Testcase
 CHARMM>    !test_dum_nobel_gases.inp
 CHARMM>     
  
 CHARMM>    !test "append" to determine if previous	toppar files have been read and
 CHARMM>    !add append to "read rtf card" if true
 CHARMM>    set nat ?NATC
 RDCMND substituted energy or value "?NATC" to "485"
 Parameter: NAT <- "485"
  
 CHARMM>    set app
 Parameter: APP <- "" <empty>
  
 CHARMM>    !We're exploiting what is arguably a bug in the parser. On the left hand side,
 CHARMM>    !the quotes have proirity, so NAT is correctly substituted. On the right hand
 CHARMM>    !side, the ? has priority and NATC" (sic) is not a valid substitution...
 CHARMM>    if "@NAT" ne "?NATC" if @nat ne 0 set app append
 Parameter: NAT -> "485"
 Parameter: NAT -> "485"
 RDCMND: can not substitute energy "?NATC""
 Comparing ""485"" and ""?NATC"".
 IF test evaluated as true.  Performing command
 Comparing "485" and "0".
 IF test evaluated as true.  Performing command
 Parameter: APP <- "APPEND"
  
 CHARMM>     
  
 CHARMM>    read rtf card @app
 Parameter: APP -> "APPEND"
 MAINIO> Residue topology file being read from unit  98.
 RDTITL> * TOPOLOGY FOR HELIUM, NEON AND A DUMMY ATOM.
 RDTITL> *
  
 CHARMM>     
  
 CHARMM>    read para card flex @app
 Parameter: APP -> "APPEND"

          PARAMETER FILE BEING READ FROM UNIT 98
 RDTITL> * PARAMETERS FOR HELIUM, NEON AND A DUMMY ATOM.
 RDTITL> *
 PARMIO> NONBOND, HBOND lists and IMAGE atoms cleared.
  
 CHARMM>     
  
 CHARMM>    return
 VCLOSE: Closing unit   98 with status "KEEP"

                    RETURNING TO INPUT STREAM    99
  
 CHARMM>    stream toppar/toppar_ions_won.str
 VOPEN> Attempting to open::toppar/toppar_ions_won.str::
 OPNLGU> Unit 98 opened for READONLY access to toppar/toppar_ions_won.str

                    INPUT STREAM SWITCHING TO UNIT    98
 RDTITL> * TOP_IONS_WON.STR: GENERAL MODEL FOR MONO-, DI-, AND TRIVALENT CATIONS
 RDTITL> *
 Parameter: IN1 <- "" <empty>
  
 CHARMM>     
  
 CHARMM>    !This is a comprehensive set of ions developed using stochastic boundary
 CHARMM>    !conditions. It is strongly recommended that ion parameters in
 CHARMM>    !toppar_water_ions.str be used if available, as they are more highly
 CHARMM>    !optimized.  Accordingly, those ions have been commented in this
 CHARMM>    !file.
 CHARMM>    !
 CHARMM>    !reference
 CHARMM>    !Won, Y., "Force Field for Monovalent, Divalent, and Trivalent Cations
 CHARMM>    !Developed under the Solvent Boundary Potential," Journal of Physical
 CHARMM>    !Chemistry A., 116: 11763-11767, 2012.
 CHARMM>     
  
 CHARMM>     
  
 CHARMM>    !test "append" to determine if previous toppar files have been read and
 CHARMM>    !add append to "read rtf card" if true
 CHARMM>    set nat ?NATC
 RDCMND substituted energy or value "?NATC" to "488"
 Parameter: NAT <- "488"
  
 CHARMM>    set app
 Parameter: APP <- "" <empty>
  
 CHARMM>    !We're exploiting what is arguably a bug in the parser. On the left hand side,
 CHARMM>    !the quotes have priority, so NAT is correctly substituted. On the right hand
 CHARMM>    !side, the ? has priority and NATC" (sic) is not a valid substitution...
 CHARMM>    if "@NAT" ne "?NATC" if @nat ne 0 set app append
 Parameter: NAT -> "488"
 Parameter: NAT -> "488"
 RDCMND: can not substitute energy "?NATC""
 Comparing ""488"" and ""?NATC"".
 IF test evaluated as true.  Performing command
 Comparing "488" and "0".
 IF test evaluated as true.  Performing command
 Parameter: APP <- "APPEND"
  
 CHARMM>     
  
 CHARMM>    read rtf card @app
 Parameter: APP -> "APPEND"
 MAINIO> Residue topology file being read from unit  98.
 RDTITL> * TOPOLOGY FOR WATER AND IONS
 RDTITL> *
  
 CHARMM>     
  
 CHARMM>    read para card flex @app
 Parameter: APP -> "APPEND"

          PARAMETER FILE BEING READ FROM UNIT 98
 RDTITL> * PAR_CATION.PRM FOR MONO-, DI-, AND TRIVALENT CATIONS
 RDTITL> *
 PARMIO> NONBOND, HBOND lists and IMAGE atoms cleared.
  
 VCLOSE: Closing unit   98 with status "KEEP"

                    RETURNING TO INPUT STREAM    99
  
 CHARMM>    stream toppar/cam.str
 VOPEN> Attempting to open::toppar/cam.str::
 OPNLGU> Unit 98 opened for READONLY access to toppar/cam.str

                    INPUT STREAM SWITCHING TO UNIT    98
 RDTITL> READ RTF CARD APPEND
 RDTITL> No title read.
 Parameter: IN1 <- "" <empty>
  
 CHARMM>    read rtf card append
 MAINIO> Residue topology file being read from unit  98.
 RDTITL> * TOPOLOGY GENERATED BY PARMED
 RDTITL> *

      ***** LEVEL  1 WARNING FROM <rtfrdr> *****
      ***** No AUTOgen defaults specified in appended RTF. Potential conflict with prior RTF autogen options. Check.
      ******************************************
      BOMLEV (  0) IS NOT REACHED. WRNLEV IS  5

  
 CHARMM>     
  
 CHARMM>    read para card flex append

          PARAMETER FILE BEING READ FROM UNIT 98
 RDTITL> * PARAMETERS GENERATED BY PARMED
 RDTITL> *
 PARMIO> NONBOND, HBOND lists and IMAGE atoms cleared.
  
 CHARMM>     
  
 CHARMM>    ! The following section contains NBFixes for CAM interacting with
 CHARMM>    ! water.
 CHARMM>    set para
 Parameter: PARA <- "" <empty>
  
 CHARMM>    if ?NUMNODE gt 1 set para node 0
 RDCMND substituted energy or value "?NUMNODE" to "1"
 Comparing "1" and "1".
 IF test evaluated as false.  Skipping command
  
 CHARMM>     
  
 CHARMM>    set wrn ?WRNLEV
 RDCMND substituted energy or value "?WRNLEV" to "5"
 Parameter: WRN <- "5"
  
 CHARMM>    ! Some versions of CHARMM don't seem to initialize wrnlev...
 CHARMM>    if "@WRN" eq "?WRNLEV" set wrn 5
 Parameter: WRN -> "5"
 RDCMND: can not substitute energy "?WRNLEV""
 Comparing ""5"" and ""?WRNLEV"".
 IF test evaluated as false.  Skipping command
  
 CHARMM>    set bom ?bomlev
 RDCMND substituted energy or value "?BOMLEV" to "0"
 Parameter: BOM <- "0"
  
 CHARMM>    WRNLEV -1 @PARA
 Parameter: PARA -> "" <empty>
  
 CHARMM>    BOMLEV -1 @PARA
 Parameter: PARA -> "" <empty>
  
 CHARMM>     
  
 CHARMM>    read para card flex append

          PARAMETER FILE BEING READ FROM UNIT 98
 RDTITL> * NBFIX BETWEEN CAM AND WATER
 RDTITL> *
 PARMIO> NONBOND, HBOND lists and IMAGE atoms cleared.
  
 CHARMM>    BOMLEV @bom @PARA
 Parameter: BOM -> "0"
 Parameter: PARA -> "" <empty>
  
 CHARMM>    WRNLEV @wrn @PARA
 Parameter: WRN -> "5"
 Parameter: PARA -> "" <empty>
  
 CHARMM>     
  
 CHARMM>    return
 VCLOSE: Closing unit   98 with status "KEEP"

                    RETURNING TO INPUT STREAM    99
  
 CHARMM>     
  
 CHARMM>    ! Additional topologies and parameters for protein
 CHARMM>    stream toppar/toppar_all36_prot_arg0.str
 VOPEN> Attempting to open::toppar/toppar_all36_prot_arg0.str::
 OPNLGU> Unit 98 opened for READONLY access to toppar/toppar_all36_prot_arg0.str

                    INPUT STREAM SWITCHING TO UNIT    98
 RDTITL> *>>>>>> ALL-HYDROGEN TOPOLOGY FOR NEUTRAL ARG <<<<<<<<<<<<<<<<<<<<
 RDTITL> *>>>>>>>>>>>>>>>>>>>>>>> 2007 <<<<<<<<<<<<<<<<<<<<<<<<<<<<<<<<<<<<
 RDTITL> *>>>>>>>> DIRECT COMMENTS TO ALEXANDER D. MACKERELL JR. <<<<<<<<<<
 RDTITL> *>>>>>>>>>>>>>>> PARAMETER FORUM, WWW.CHARMM.ORG <<<<<<<<<<<<<<<<<
 RDTITL> *
 Parameter: IN1 <- "" <empty>
  
 CHARMM>     
  
 CHARMM>    ! Atom names include "R" (for Arg) as the second letter. The
 CHARMM>    ! only other atom types in the additive FF with this second
 CHARMM>    ! letter are histidine [HN]R[123] in the protein FF and CRL[12]
 CHARMM>    ! in toppar_all36_lipid_cholesterol.str , so no more conflicts.
 CHARMM>     
  
 CHARMM>    !Parent files that have to be read prior to streaming this file
 CHARMM>    !top_all36_prot.rtf
 CHARMM>    !par_all36_prot.rtf
 CHARMM>    !
 CHARMM>    !Testcase
 CHARMM>    !test_all36_prot_arg0.inp
 CHARMM>     
  
 CHARMM>    !Li, L., Vorobyov, I.V., MacKerell, Jr., A.D., Allen, T.W., "Is
 CHARMM>    !arginine charged in a membrane?" Biophysical Journal, 94: L11-L13,
 CHARMM>    !2008, PMCID: PMC2157258
 CHARMM>     
  
 CHARMM>    read rtf card append
 MAINIO> Residue topology file being read from unit  98.
 RDTITL> * TOPOLOGY FOR PROTEIN RELATED MODEL COMPOUNDS
 RDTITL> *
*** WARNING **** residue MGU1 already exists (old one deleted)

      ***** LEVEL  1 WARNING FROM <RTFRDR> *****
      ***** Residue already exists.
      ******************************************
      BOMLEV (  0) IS NOT REACHED. WRNLEV IS  5

          RESI MGU1          0.00
*** WARNING **** residue MGU2 already exists (old one deleted)

      ***** LEVEL  1 WARNING FROM <RTFRDR> *****
      ***** Residue already exists.
      ******************************************
      BOMLEV (  0) IS NOT REACHED. WRNLEV IS  5

          RESI MGU2          0.00
 There were   2 warning(s) from RTFRDR.
  
 CHARMM>     
  
 CHARMM>    read param card flex append

          PARAMETER FILE BEING READ FROM UNIT 98
 RDTITL>  
 RDTITL> No title read.
 PARMIO> NONBOND, HBOND lists and IMAGE atoms cleared.
  
 CHARMM>     
  
 CHARMM>    return
 VCLOSE: Closing unit   98 with status "KEEP"

                    RETURNING TO INPUT STREAM    99
  
 CHARMM>    stream toppar/toppar_all36_prot_c36m_d_aminoacids.str
 VOPEN> Attempting to open::toppar/toppar_all36_prot_c36m_d_aminoacids.str::
 OPNLGU> Unit 98 opened for READONLY access to toppar/toppar_all36_prot_c36m_d_aminoacids.str

                    INPUT STREAM SWITCHING TO UNIT    98
 RDTITL> *>>>>>>CHARMM36 ALL-HYDROGEN TOPPAR FILE FOR D-PROTEINS <<<<<<<
 RDTITL> *>>>>>>>>>>>>>>>>>>>>>>>>>> JAN. 2016 <<<<<<<<<<<<<<<<<<<<<<<<<<<<
 RDTITL> * ALL COMMENTS TO THE CHARMM WEB SITE: WWW.CHARMM.ORG
 RDTITL> *             PARAMETER SET DISCUSSION FORUM
 RDTITL> *
 Parameter: IN1 <- "" <empty>
  
 CHARMM>     
  
 CHARMM>    !update 2016/2. use directly inverted CMAPs
 CHARMM>     
  
 CHARMM>    !toppar stream file for D-amino acids. Includes new residue
 CHARMM>    !names, inverted CMAP and additional parameters.
 CHARMM>     
  
 CHARMM>    !Parent files that have to be read prior to streaming this file
 CHARMM>    !top_all36_prot.rtf
 CHARMM>    !par_all36m_prot.prm
 CHARMM>    !
 CHARMM>    !Testcase
 CHARMM>    !test_all36_d_amino_acid.inp
 CHARMM>     
  
 CHARMM>    !test "append" to determine if previous toppar files have been read and
 CHARMM>    !add append to "read rtf card" if true
 CHARMM>    set nat ?NATC
 RDCMND substituted energy or value "?NATC" to "554"
 Parameter: NAT <- "554"
  
 CHARMM>    set app
 Parameter: APP <- "" <empty>
  
 CHARMM>    !We're exploiting what is arguably a bug in the parser. On the left hand side,
 CHARMM>    !the quotes have priority, so NAT is correctly substituted. On the right hand
 CHARMM>    !side, the ? has priority and NATC" (sic) is not a valid substitution...
 CHARMM>    if "@NAT" ne "?NATC" if @nat ne 0 set app append
 Parameter: NAT -> "554"
 Parameter: NAT -> "554"
 RDCMND: can not substitute energy "?NATC""
 Comparing ""554"" and ""?NATC"".
 IF test evaluated as true.  Performing command
 Comparing "554" and "0".
 IF test evaluated as true.  Performing command
 Parameter: APP <- "APPEND"
  
 CHARMM>     
  
 CHARMM>    read rtf card @app
 Parameter: APP -> "APPEND"
 MAINIO> Residue topology file being read from unit  98.
 RDTITL> * TOPOLOGY FOR D- AMINOACIDS
 RDTITL> *
  
 CHARMM>     
  
 CHARMM>    read para card flex @app
 Parameter: APP -> "APPEND"

          PARAMETER FILE BEING READ FROM UNIT 98
 RDTITL> * PARAMETERS FOR D- AMINOACIDS
 RDTITL> *
 PARMIO> NONBOND, HBOND lists and IMAGE atoms cleared.
  
 VCLOSE: Closing unit   98 with status "KEEP"

                    RETURNING TO INPUT STREAM    99
  
 CHARMM>    stream toppar/toppar_all36_prot_fluoro_alkanes.str
 VOPEN> Attempting to open::toppar/toppar_all36_prot_fluoro_alkanes.str::
 OPNLGU> Unit 98 opened for READONLY access to toppar/toppar_all36_prot_fluoro_alkanes.str

                    INPUT STREAM SWITCHING TO UNIT    98
 RDTITL> * TOPOLOGY AND PARAMETERS FOR FLUORINATED ALKANES.
 RDTITL> *
 Parameter: IN1 <- "" <empty>
  
 CHARMM>     
  
 CHARMM>    !These parameters are maintained for historic reasons.  The CGenFF
 CHARMM>    !halogen parameters are a significant improvement over these
 CHARMM>    !parameters.
 CHARMM>     
  
 CHARMM>    !Parent files that have to be read prior to streaming this file
 CHARMM>    !top_all36_prot.rtf
 CHARMM>    !par_all36_prot.prm
 CHARMM>     
  
 CHARMM>    !Testcase
 CHARMM>    !test_all36_prot_fluoro_alkanes.inp
 CHARMM>     
  
 CHARMM>    !Reference
 CHARMM>    !Chen, I.-J., Yin, D. and MacKerell, Jr., A.D., "Combined Ab
 CHARMM>    !initio/Empirical Approach for Optimization of Lennard-Jones Parameters
 CHARMM>    !for Polar-Neutral Compounds," Journal of Computational Chemistry,
 CHARMM>    !2002, 23:199-213.
 CHARMM>    !
 CHARMM>    !Note that these parameters are higly optimized to reproduce the
 CHARMM>    !corresponding condensed phase properties and have not been incorporated
 CHARMM>    !into the CHARMM22 or CHARMM27 biomolecular force fields
 CHARMM>     
  
 CHARMM>    read rtf card append
 MAINIO> Residue topology file being read from unit  98.
 RDTITL> * TOPOLOGY FOR FLUOROALKANES
 RDTITL> *
*** WARNING **** residue ETHA already exists (old one deleted)

      ***** LEVEL  1 WARNING FROM <RTFRDR> *****
      ***** Residue already exists.
      ******************************************
      BOMLEV (  0) IS NOT REACHED. WRNLEV IS  5

          RESI ETHA  0.0
*** WARNING **** residue FETH already exists (old one deleted)

      ***** LEVEL  1 WARNING FROM <RTFRDR> *****
      ***** Residue already exists.
      ******************************************
      BOMLEV (  0) IS NOT REACHED. WRNLEV IS  5

          RESI FETH  0.0
*** WARNING **** residue DFET already exists (old one deleted)

      ***** LEVEL  1 WARNING FROM <RTFRDR> *****
      ***** Residue already exists.
      ******************************************
      BOMLEV (  0) IS NOT REACHED. WRNLEV IS  5

          RESI DFET 0.0
*** WARNING **** residue TFET already exists (old one deleted)

      ***** LEVEL  1 WARNING FROM <RTFRDR> *****
      ***** Residue already exists.
      ******************************************
      BOMLEV (  0) IS NOT REACHED. WRNLEV IS  5

          RESI TFET  0.0
*** WARNING **** residue TFE  already exists (old one deleted)

      ***** LEVEL  1 WARNING FROM <RTFRDR> *****
      ***** Residue already exists.
      ******************************************
      BOMLEV (  0) IS NOT REACHED. WRNLEV IS  5

          RESI TFE   0.0
 There were   5 warning(s) from RTFRDR.
  
 CHARMM>     
  
 CHARMM>    read para card flex append

          PARAMETER FILE BEING READ FROM UNIT 98
 RDTITL> * FLUOROALKANE PARAMETERS
 RDTITL> *
 PARMIO> NONBOND, HBOND lists and IMAGE atoms cleared.
  
 CHARMM>     
  
 CHARMM>    return
 VCLOSE: Closing unit   98 with status "KEEP"

                    RETURNING TO INPUT STREAM    99
  
 CHARMM>    stream toppar/toppar_all36_prot_heme.str
 VOPEN> Attempting to open::toppar/toppar_all36_prot_heme.str::
 OPNLGU> Unit 98 opened for READONLY access to toppar/toppar_all36_prot_heme.str

                    INPUT STREAM SWITCHING TO UNIT    98
 RDTITL> * TOPOLOGY AND PARAMETER STREAM FILE FOR HEME AND RELATED
 RDTITL> * LIGANDS AND PATCHES.
 RDTITL> *
 Parameter: IN1 <- "" <empty>
  
 CHARMM>     
  
 CHARMM>    !updated 2016/2, allow for use of AUTOGENERATE ANGLE DIHEDRAl PATCH
 CHARMM>     
  
 CHARMM>    !Parent files that have to be read prior to streaming this file
 CHARMM>    !top_all36_prot.rtf
 CHARMM>    !par_all36_prot.prm
 CHARMM>     
  
 CHARMM>    !Testcase
 CHARMM>    !test_all36_prot_heme.inp
 CHARMM>     
  
 CHARMM>    read rtf card append
 MAINIO> Residue topology file being read from unit  98.
 RDTITL> * TOPOLOGY FOR HEME AND RELATED COMPOUNDS AND PATCHES
 RDTITL> *
*** WARNING **** residue CO2  already exists (old one deleted)

      ***** LEVEL  1 WARNING FROM <RTFRDR> *****
      ***** Residue already exists.
      ******************************************
      BOMLEV (  0) IS NOT REACHED. WRNLEV IS  5

          RESI CO2             0.00
 There were   1 warning(s) from RTFRDR.
  
 CHARMM>     
  
 CHARMM>    read para card flex append

          PARAMETER FILE BEING READ FROM UNIT 98
 RDTITL> * ADDITIONAL PARAMETERS FOR HEME
 RDTITL> *
 PARMIO> NONBOND, HBOND lists and IMAGE atoms cleared.
  
 CHARMM>     
  
 CHARMM>    return
 VCLOSE: Closing unit   98 with status "KEEP"

                    RETURNING TO INPUT STREAM    99
  
 CHARMM>    stream toppar/toppar_all36_prot_na_combined.str
 VOPEN> Attempting to open::toppar/toppar_all36_prot_na_combined.str::
 OPNLGU> Unit 98 opened for READONLY access to toppar/toppar_all36_prot_na_combined.str

                    INPUT STREAM SWITCHING TO UNIT    98
 RDTITL> * TOPOLOGY AND PARAMETER STREAM FILE FOR PATCHES TO CREATE
 RDTITL> * MODEL COMPOUNDS AND PATCHES THAT REQUIRE BOTH PROTEIN AND
 RDTITL> * NUCLEIC ACID TOPOLOGY AND PARAMETER INFORMATION
 RDTITL> *
 Parameter: IN1 <- "" <empty>
  
 CHARMM>     
  
 CHARMM>    !Parent files that have to be read prior to streaming this file
 CHARMM>    !top_all36_prot.rtf
 CHARMM>    !par_all36_prot.prm
 CHARMM>    !top_all36_na.rtf
 CHARMM>    !par_all36_na.prm
 CHARMM>    !stream/toppar_all36_prot_fluoro_alkanes.str ! atom types an parameters for fluorinated compounds
 CHARMM>     
  
 CHARMM>    !Testcase
 CHARMM>    !test_all36_prot_na_combined.inp
 CHARMM>     
  
 CHARMM>    !all patches must be followed by AUTOGENERATE ANGLES DIHEDRALS
 CHARMM>     
  
 CHARMM>    !PHOSPHOTYROSINE
 CHARMM>    !
 CHARMM>    !Feng, M.-H., Philippopoulos, M., MacKerell, Jr., A.D. and Lim, C.
 CHARMM>    !Structural Characterization of the Phosphotyrosine Binding Region of a
 CHARMM>    !High-Affinity aSH2 Domain-Phosphopeptide Complex by Molecular Dynamics
 CHARMM>    !Simulation and Chemical Shift Calculations. Journal of the American
 CHARMM>    !Chemical Society, 1996, 118: 11265-11277.
 CHARMM>     
  
 CHARMM>    read rtf card append
 MAINIO> Residue topology file being read from unit  98.
 RDTITL> * TOPOLOGY FOR PHOSPHORYLATED AMINO ACIDS
 RDTITL> *
*** WARNING **** residue THFI already exists (old one deleted)

      ***** LEVEL  1 WARNING FROM <RTFRDR> *****
      ***** Residue already exists.
      ******************************************
      BOMLEV (  0) IS NOT REACHED. WRNLEV IS  5

          RESI THFI       0.00
*** WARNING **** residue THMI already exists (old one deleted)

      ***** LEVEL  1 WARNING FROM <RTFRDR> *****
      ***** Residue already exists.
      ******************************************
      BOMLEV (  0) IS NOT REACHED. WRNLEV IS  5

          RESI THMI       0.00
*** WARNING **** residue THFA already exists (old one deleted)

      ***** LEVEL  1 WARNING FROM <RTFRDR> *****
      ***** Residue already exists.
      ******************************************
      BOMLEV (  0) IS NOT REACHED. WRNLEV IS  5

          RESI THFA        0.00
*** WARNING **** residue THAO already exists (old one deleted)

      ***** LEVEL  1 WARNING FROM <RTFRDR> *****
      ***** Residue already exists.
      ******************************************
      BOMLEV (  0) IS NOT REACHED. WRNLEV IS  5

          RESI THAO         0.00
*** WARNING **** residue RNUS already exists (old one deleted)

      ***** LEVEL  1 WARNING FROM <RTFRDR> *****
      ***** Residue already exists.
      ******************************************
      BOMLEV (  0) IS NOT REACHED. WRNLEV IS  5

          RESI RNUS         0.00
*** WARNING **** residue NUCL already exists (old one deleted)

      ***** LEVEL  1 WARNING FROM <RTFRDR> *****
      ***** Residue already exists.
      ******************************************
      BOMLEV (  0) IS NOT REACHED. WRNLEV IS  5

          RESI NUCL        -1.00
*** WARNING **** residue PPH1 already exists (old one deleted)

      ***** LEVEL  1 WARNING FROM <RTFRDR> *****
      ***** Residue already exists.
      ******************************************
      BOMLEV (  0) IS NOT REACHED. WRNLEV IS  5

          RESI PPH1      -1.00
*** WARNING **** residue BMPH already exists (old one deleted)

      ***** LEVEL  1 WARNING FROM <RTFRDR> *****
      ***** Residue already exists.
      ******************************************
      BOMLEV (  0) IS NOT REACHED. WRNLEV IS  5

          RESI BMPH      -1.00
*** WARNING **** residue BMPD already exists (old one deleted)

      ***** LEVEL  1 WARNING FROM <RTFRDR> *****
      ***** Residue already exists.
      ******************************************
      BOMLEV (  0) IS NOT REACHED. WRNLEV IS  5

          RESI BMPD      -2.00
*** WARNING **** residue BDFP already exists (old one deleted)

      ***** LEVEL  1 WARNING FROM <RTFRDR> *****
      ***** Residue already exists.
      ******************************************
      BOMLEV (  0) IS NOT REACHED. WRNLEV IS  5

          RESI BDFP      -1.00
*** WARNING **** residue BDFD already exists (old one deleted)

      ***** LEVEL  1 WARNING FROM <RTFRDR> *****
      ***** Residue already exists.
      ******************************************
      BOMLEV (  0) IS NOT REACHED. WRNLEV IS  5

          RESI BDFD -2.00
*** WARNING **** residue EP_2 already exists (old one deleted)

      ***** LEVEL  1 WARNING FROM <RTFRDR> *****
      ***** Residue already exists.
      ******************************************
      BOMLEV (  0) IS NOT REACHED. WRNLEV IS  5

          RESI EP_2        -2.00
*** WARNING **** residue IP_2 already exists (old one deleted)

      ***** LEVEL  1 WARNING FROM <RTFRDR> *****
      ***** Residue already exists.
      ******************************************
      BOMLEV (  0) IS NOT REACHED. WRNLEV IS  5

          RESI IP_2        -2.00
 There were  13 warning(s) from RTFRDR.
  
 CHARMM>     
  
 CHARMM>    read para card flex append

          PARAMETER FILE BEING READ FROM UNIT 98
 RDTITL> * ADDITIONAL PARAMETERS FOR PHOSPHORYLATED AMINO ACIDS
 RDTITL> *
 PARMIO> NONBOND, HBOND lists and IMAGE atoms cleared.
  
 VCLOSE: Closing unit   98 with status "KEEP"

                    RETURNING TO INPUT STREAM    99
  
 CHARMM>    stream toppar/toppar_all36_prot_retinol.str
 VOPEN> Attempting to open::toppar/toppar_all36_prot_retinol.str::
 OPNLGU> Unit 98 opened for READONLY access to toppar/toppar_all36_prot_retinol.str

                    INPUT STREAM SWITCHING TO UNIT    98
 RDTITL> * TOPPAR STREAM FILE FOR RETINOL AND RETINAL PARAMETERS
 RDTITL> * A. LOCCISANO, A.M.W., J. EVANSECK AND A.D. MACKERELL, JR.
 RDTITL> * APRIL, 2005
 RDTITL> *
 Parameter: IN1 <- "" <empty>
  
 CHARMM>     
  
 CHARMM>    !use with c36 protein force fields
 CHARMM>    !top_all36_prot.rtf
 CHARMM>    !par_all36_prot.prm
 CHARMM>     
  
 CHARMM>    read rtf card append
 MAINIO> Residue topology file being read from unit  98.
 RDTITL> * RETINAL/RETINOL AND RELATED MODEL COMPOUNDS
 RDTITL> *
*** WARNING **** residue BTE2 already exists (old one deleted)

      ***** LEVEL  1 WARNING FROM <RTFRDR> *****
      ***** Residue already exists.
      ******************************************
      BOMLEV (  0) IS NOT REACHED. WRNLEV IS  5

          RESI BTE2       0.00
*** WARNING **** residue 13DB already exists (old one deleted)

      ***** LEVEL  1 WARNING FROM <RTFRDR> *****
      ***** Residue already exists.
      ******************************************
      BOMLEV (  0) IS NOT REACHED. WRNLEV IS  5

          RESI 13DB       0.00
*** WARNING **** residue 13DP already exists (old one deleted)

      ***** LEVEL  1 WARNING FROM <RTFRDR> *****
      ***** Residue already exists.
      ******************************************
      BOMLEV (  0) IS NOT REACHED. WRNLEV IS  5

          RESI 13DP       0.00
*** WARNING **** residue DMB1 already exists (old one deleted)

      ***** LEVEL  1 WARNING FROM <RTFRDR> *****
      ***** Residue already exists.
      ******************************************
      BOMLEV (  0) IS NOT REACHED. WRNLEV IS  5

          RESI DMB1       0.00
*** WARNING **** residue DMP1 already exists (old one deleted)

      ***** LEVEL  1 WARNING FROM <RTFRDR> *****
      ***** Residue already exists.
      ******************************************
      BOMLEV (  0) IS NOT REACHED. WRNLEV IS  5

          RESI DMP1       0.00
*** WARNING **** residue DMP2 already exists (old one deleted)

      ***** LEVEL  1 WARNING FROM <RTFRDR> *****
      ***** Residue already exists.
      ******************************************
      BOMLEV (  0) IS NOT REACHED. WRNLEV IS  5

          RESI DMP2       0.00
*** WARNING **** residue CROT already exists (old one deleted)

      ***** LEVEL  1 WARNING FROM <RTFRDR> *****
      ***** Residue already exists.
      ******************************************
      BOMLEV (  0) IS NOT REACHED. WRNLEV IS  5

          RESI CROT       0.00
*** WARNING **** residue PACP already exists (old one deleted)

      ***** LEVEL  1 WARNING FROM <RTFRDR> *****
      ***** Residue already exists.
      ******************************************
      BOMLEV (  0) IS NOT REACHED. WRNLEV IS  5

          RESI PACP       0.00
*** WARNING **** residue MECH already exists (old one deleted)

      ***** LEVEL  1 WARNING FROM <RTFRDR> *****
      ***** Residue already exists.
      ******************************************
      BOMLEV (  0) IS NOT REACHED. WRNLEV IS  5

          RESI MECH       0.00
*** WARNING **** residue TMCH already exists (old one deleted)

      ***** LEVEL  1 WARNING FROM <RTFRDR> *****
      ***** Residue already exists.
      ******************************************
      BOMLEV (  0) IS NOT REACHED. WRNLEV IS  5

          RESI TMCH       0.00
*** WARNING **** residue FRET already exists (old one deleted)

      ***** LEVEL  1 WARNING FROM <RTFRDR> *****
      ***** Residue already exists.
      ******************************************
      BOMLEV (  0) IS NOT REACHED. WRNLEV IS  5

          RESI FRET       0.00
*** WARNING **** residue RTOL already exists (old one deleted)

      ***** LEVEL  1 WARNING FROM <RTFRDR> *****
      ***** Residue already exists.
      ******************************************
      BOMLEV (  0) IS NOT REACHED. WRNLEV IS  5

          RESI RTOL       0.00
*** WARNING **** residue RTAL already exists (old one deleted)

      ***** LEVEL  1 WARNING FROM <RTFRDR> *****
      ***** Residue already exists.
      ******************************************
      BOMLEV (  0) IS NOT REACHED. WRNLEV IS  5

          RESI RTAL       0.00
*** WARNING **** residue RTAC already exists (old one deleted)

      ***** LEVEL  1 WARNING FROM <RTFRDR> *****
      ***** Residue already exists.
      ******************************************
      BOMLEV (  0) IS NOT REACHED. WRNLEV IS  5

          RESI RTAC      -1.00
*** WARNING **** residue PRAC already exists (old one deleted)

      ***** LEVEL  1 WARNING FROM <RTFRDR> *****
      ***** Residue already exists.
      ******************************************
      BOMLEV (  0) IS NOT REACHED. WRNLEV IS  5

          RESI PRAC      -1.00
*** WARNING **** residue PROL already exists (old one deleted)

      ***** LEVEL  1 WARNING FROM <RTFRDR> *****
      ***** Residue already exists.
      ******************************************
      BOMLEV (  0) IS NOT REACHED. WRNLEV IS  5

          RESI PROL       0.00
*** WARNING **** residue PRAL already exists (old one deleted)

      ***** LEVEL  1 WARNING FROM <RTFRDR> *****
      ***** Residue already exists.
      ******************************************
      BOMLEV (  0) IS NOT REACHED. WRNLEV IS  5

          RESI PRAL       0.00
*** WARNING **** residue SCH1 already exists (old one deleted)

      ***** LEVEL  1 WARNING FROM <RTFRDR> *****
      ***** Residue already exists.
      ******************************************
      BOMLEV (  0) IS NOT REACHED. WRNLEV IS  5

          RESI SCH1       0.00
*** WARNING **** residue SCH2 already exists (old one deleted)

      ***** LEVEL  1 WARNING FROM <RTFRDR> *****
      ***** Residue already exists.
      ******************************************
      BOMLEV (  0) IS NOT REACHED. WRNLEV IS  5

          RESI SCH2       1.00
*** WARNING **** residue SCH3 already exists (old one deleted)

      ***** LEVEL  1 WARNING FROM <RTFRDR> *****
      ***** Residue already exists.
      ******************************************
      BOMLEV (  0) IS NOT REACHED. WRNLEV IS  5

          RESI SCH3       1.00
 There were  20 warning(s) from RTFRDR.
  
 CHARMM>     
  
 CHARMM>    read para card flex append

          PARAMETER FILE BEING READ FROM UNIT 98
 RDTITL> * RETINAL/RETINOL AND RELATED PARAMETERS
 RDTITL> *
 PARMIO> NONBOND, HBOND lists and IMAGE atoms cleared.
  
 CHARMM>     
  
 VCLOSE: Closing unit   98 with status "KEEP"

                    RETURNING TO INPUT STREAM    99
  
 CHARMM>    stream toppar/toppar_all36_prot_model.str
 VOPEN> Attempting to open::toppar/toppar_all36_prot_model.str::
 OPNLGU> Unit 98 opened for READONLY access to toppar/toppar_all36_prot_model.str

                    INPUT STREAM SWITCHING TO UNIT    98
 RDTITL> *>> ALL-HYDROGEN TOPOLOGY FOR SMALL MODEL COMPOUNDS USED IN THE <<
 RDTITL> *>> DEVELOPMENT OF THE CHARMM22 PROTEIN ALL-HYDROGEN PARAMETERS <<
 RDTITL> *>>>>>>>>>>>>>>>>>>>>>>> JULY 1997 <<<<<<<<<<<<<<<<<<<<<<<<<<<<<<<
 RDTITL> *>>>>>>>> DIRECT COMMENTS TO ALEXANDER D. MACKERELL JR. <<<<<<<<<<
 RDTITL> *>>>>>>>>>>>>>>> PARAMETER FORUM, WWW.CHARMM.ORG <<<<<<<<<<<<<<<<<
 RDTITL> *CONVERTED TO STREAM FORMAT, DECEMBER 2003
 RDTITL> *CONVERTED TO CHARMM36 PROTEIN ATOM TYPES, MAY 2011
 RDTITL> *
 Parameter: IN1 <- "" <empty>
  
 CHARMM>     
  
 CHARMM>    !Parent files that have to be read prior to streaming this file
 CHARMM>    !top_all36_prot.rtf
 CHARMM>    !par_all36_prot.prm
 CHARMM>    !
 CHARMM>    !Testcase
 CHARMM>    !test_all36_prot_model.inp
 CHARMM>     
  
 CHARMM>    !changes after 9/98
 CHARMM>    !
 CHARMM>    !change alkene HA1 and HA2 to HE1 and HE2
 CHARMM>    !
 CHARMM>    !improper atom ordering corrected
 CHARMM>    !
 CHARMM>    !version b5i to be consistent with protein toppar files
 CHARMM>    !
 CHARMM>    !Heme vinyl groups upgraded based on new butene parameters
 CHARMM>    !
 CHARMM>     
  
 CHARMM>    ! references
 CHARMM>    !
 CHARMM>    !PROTEINS
 CHARMM>    !
 CHARMM>    !MacKerell, Jr., A. D.; Bashford, D.; Bellott, M.; Dunbrack Jr., R.L.;
 CHARMM>    !Evanseck, J.D.; Field, M.J.; Fischer, S.; Gao, J.; Guo, H.; Ha, S.;
 CHARMM>    !Joseph-McCarthy, D.; Kuchnir, L.; Kuczera, K.; Lau, F.T.K.; Mattos,
 CHARMM>    !C.; Michnick, S.; Ngo, T.; Nguyen, D.T.; Prodhom, B.; Reiher, III,
 CHARMM>    !W.E.; Roux, B.; Schlenkrich, M.; Smith, J.C.; Stote, R.; Straub, J.;
 CHARMM>    !Watanabe, M.; Wiorkiewicz-Kuczera, J.; Yin, D.; Karplus, M.  All-atom
 CHARMM>    !empirical potential for molecular modeling and dynamics Studies of
 CHARMM>    !proteins.  Journal of Physical Chemistry B, 1998, 102, 3586-3616.
 CHARMM>     
  
 CHARMM>    read rtf card append
 MAINIO> Residue topology file being read from unit  98.
 RDTITL> * TOPOLOGY FOR PROTEIN RELATED MODEL COMPOUNDS
 RDTITL> *
*** WARNING **** residue ACET already exists (old one deleted)

      ***** LEVEL  1 WARNING FROM <RTFRDR> *****
      ***** Residue already exists.
      ******************************************
      BOMLEV (  0) IS NOT REACHED. WRNLEV IS  5

          RESI ACET       -1.00
*** WARNING **** residue PROA already exists (old one deleted)

      ***** LEVEL  1 WARNING FROM <RTFRDR> *****
      ***** Residue already exists.
      ******************************************
      BOMLEV (  0) IS NOT REACHED. WRNLEV IS  5

          RESI PROA       -1.00
*** WARNING **** residue GUAN already exists (old one deleted)

      ***** LEVEL  1 WARNING FROM <RTFRDR> *****
      ***** Residue already exists.
      ******************************************
      BOMLEV (  0) IS NOT REACHED. WRNLEV IS  5

          RESI GUAN        1.00
*** WARNING **** residue MGUA already exists (old one deleted)

      ***** LEVEL  1 WARNING FROM <RTFRDR> *****
      ***** Residue already exists.
      ******************************************
      BOMLEV (  0) IS NOT REACHED. WRNLEV IS  5

          RESI MGUA        1.00
*** WARNING **** residue GLYN already exists (old one deleted)

      ***** LEVEL  1 WARNING FROM <RTFRDR> *****
      ***** Residue already exists.
      ******************************************
      BOMLEV (  0) IS NOT REACHED. WRNLEV IS  5

          RESI GLYN         0.00
*** WARNING **** residue MAMM already exists (old one deleted)

      ***** LEVEL  1 WARNING FROM <RTFRDR> *****
      ***** Residue already exists.
      ******************************************
      BOMLEV (  0) IS NOT REACHED. WRNLEV IS  5

          RESI MAMM        1.00
*** WARNING **** residue EAMM already exists (old one deleted)

      ***** LEVEL  1 WARNING FROM <RTFRDR> *****
      ***** Residue already exists.
      ******************************************
      BOMLEV (  0) IS NOT REACHED. WRNLEV IS  5

          RESI EAMM        1.00
*** WARNING **** residue ACEH already exists (old one deleted)

      ***** LEVEL  1 WARNING FROM <RTFRDR> *****
      ***** Residue already exists.
      ******************************************
      BOMLEV (  0) IS NOT REACHED. WRNLEV IS  5

          RESI ACEH        0.00
*** WARNING **** residue MEOH already exists (old one deleted)

      ***** LEVEL  1 WARNING FROM <RTFRDR> *****
      ***** Residue already exists.
      ******************************************
      BOMLEV (  0) IS NOT REACHED. WRNLEV IS  5

          RESI MEOH        0.00
*** WARNING **** residue METO already exists (old one deleted)

      ***** LEVEL  1 WARNING FROM <RTFRDR> *****
      ***** Residue already exists.
      ******************************************
      BOMLEV (  0) IS NOT REACHED. WRNLEV IS  5

          RESI METO       -1.00
*** WARNING **** residue ETOH already exists (old one deleted)

      ***** LEVEL  1 WARNING FROM <RTFRDR> *****
      ***** Residue already exists.
      ******************************************
      BOMLEV (  0) IS NOT REACHED. WRNLEV IS  5

          RESI ETOH        0.00
*** WARNING **** residue ETO  already exists (old one deleted)

      ***** LEVEL  1 WARNING FROM <RTFRDR> *****
      ***** Residue already exists.
      ******************************************
      BOMLEV (  0) IS NOT REACHED. WRNLEV IS  5

          RESI ETO        -1.00
*** WARNING **** residue PRO2 already exists (old one deleted)

      ***** LEVEL  1 WARNING FROM <RTFRDR> *****
      ***** Residue already exists.
      ******************************************
      BOMLEV (  0) IS NOT REACHED. WRNLEV IS  5

          RESI PRO2        0.00
*** WARNING **** residue FORM already exists (old one deleted)

      ***** LEVEL  1 WARNING FROM <RTFRDR> *****
      ***** Residue already exists.
      ******************************************
      BOMLEV (  0) IS NOT REACHED. WRNLEV IS  5

          RESI FORM        0.00
*** WARNING **** residue ACEM already exists (old one deleted)

      ***** LEVEL  1 WARNING FROM <RTFRDR> *****
      ***** Residue already exists.
      ******************************************
      BOMLEV (  0) IS NOT REACHED. WRNLEV IS  5

          RESI ACEM        0.00
*** WARNING **** residue NMA  already exists (old one deleted)

      ***** LEVEL  1 WARNING FROM <RTFRDR> *****
      ***** Residue already exists.
      ******************************************
      BOMLEV (  0) IS NOT REACHED. WRNLEV IS  5

          RESI NMA         0.00
*** WARNING **** residue MESH already exists (old one deleted)

      ***** LEVEL  1 WARNING FROM <RTFRDR> *****
      ***** Residue already exists.
      ******************************************
      BOMLEV (  0) IS NOT REACHED. WRNLEV IS  5

          RESI MESH        0.00
*** WARNING **** residue MES1 already exists (old one deleted)

      ***** LEVEL  1 WARNING FROM <RTFRDR> *****
      ***** Residue already exists.
      ******************************************
      BOMLEV (  0) IS NOT REACHED. WRNLEV IS  5

          RESI MES1       -1.00
*** WARNING **** residue ETSH already exists (old one deleted)

      ***** LEVEL  1 WARNING FROM <RTFRDR> *****
      ***** Residue already exists.
      ******************************************
      BOMLEV (  0) IS NOT REACHED. WRNLEV IS  5

          RESI ETSH        0.00
*** WARNING **** residue ES1  already exists (old one deleted)

      ***** LEVEL  1 WARNING FROM <RTFRDR> *****
      ***** Residue already exists.
      ******************************************
      BOMLEV (  0) IS NOT REACHED. WRNLEV IS  5

          RESI ES1        -1.00
*** WARNING **** residue DMDS already exists (old one deleted)

      ***** LEVEL  1 WARNING FROM <RTFRDR> *****
      ***** Residue already exists.
      ******************************************
      BOMLEV (  0) IS NOT REACHED. WRNLEV IS  5

          RESI DMDS        0.00
*** WARNING **** residue DEDS already exists (old one deleted)

      ***** LEVEL  1 WARNING FROM <RTFRDR> *****
      ***** Residue already exists.
      ******************************************
      BOMLEV (  0) IS NOT REACHED. WRNLEV IS  5

          RESI DEDS        0.00
*** WARNING **** residue EMS  already exists (old one deleted)

      ***** LEVEL  1 WARNING FROM <RTFRDR> *****
      ***** Residue already exists.
      ******************************************
      BOMLEV (  0) IS NOT REACHED. WRNLEV IS  5

          RESI EMS         0.00
*** WARNING **** residue IMIA already exists (old one deleted)

      ***** LEVEL  1 WARNING FROM <RTFRDR> *****
      ***** Residue already exists.
      ******************************************
      BOMLEV (  0) IS NOT REACHED. WRNLEV IS  5

          RESI IMIA        0.00
*** WARNING **** residue MIMI already exists (old one deleted)

      ***** LEVEL  1 WARNING FROM <RTFRDR> *****
      ***** Residue already exists.
      ******************************************
      BOMLEV (  0) IS NOT REACHED. WRNLEV IS  5

          RESI MIMI        0.00
*** WARNING **** residue EIMI already exists (old one deleted)

      ***** LEVEL  1 WARNING FROM <RTFRDR> *****
      ***** Residue already exists.
      ******************************************
      BOMLEV (  0) IS NOT REACHED. WRNLEV IS  5

          RESI EIMI        0.00
*** WARNING **** residue IMIM already exists (old one deleted)

      ***** LEVEL  1 WARNING FROM <RTFRDR> *****
      ***** Residue already exists.
      ******************************************
      BOMLEV (  0) IS NOT REACHED. WRNLEV IS  5

          RESI IMIM        1.00
*** WARNING **** residue EIMM already exists (old one deleted)

      ***** LEVEL  1 WARNING FROM <RTFRDR> *****
      ***** Residue already exists.
      ******************************************
      BOMLEV (  0) IS NOT REACHED. WRNLEV IS  5

          RESI EIMM        1.00
*** WARNING **** residue BENZ already exists (old one deleted)

      ***** LEVEL  1 WARNING FROM <RTFRDR> *****
      ***** Residue already exists.
      ******************************************
      BOMLEV (  0) IS NOT REACHED. WRNLEV IS  5

          RESI BENZ        0.00
*** WARNING **** residue EBEN already exists (old one deleted)

      ***** LEVEL  1 WARNING FROM <RTFRDR> *****
      ***** Residue already exists.
      ******************************************
      BOMLEV (  0) IS NOT REACHED. WRNLEV IS  5

          RESI EBEN         0.00
*** WARNING **** residue PHEN already exists (old one deleted)

      ***** LEVEL  1 WARNING FROM <RTFRDR> *****
      ***** Residue already exists.
      ******************************************
      BOMLEV (  0) IS NOT REACHED. WRNLEV IS  5

          RESI PHEN        0.00
*** WARNING **** residue EPHE already exists (old one deleted)

      ***** LEVEL  1 WARNING FROM <RTFRDR> *****
      ***** Residue already exists.
      ******************************************
      BOMLEV (  0) IS NOT REACHED. WRNLEV IS  5

          RESI EPHE        0.00
*** WARNING **** residue PHEO already exists (old one deleted)

      ***** LEVEL  1 WARNING FROM <RTFRDR> *****
      ***** Residue already exists.
      ******************************************
      BOMLEV (  0) IS NOT REACHED. WRNLEV IS  5

          RESI PHEO       -1.00
*** WARNING **** residue INDO already exists (old one deleted)

      ***** LEVEL  1 WARNING FROM <RTFRDR> *****
      ***** Residue already exists.
      ******************************************
      BOMLEV (  0) IS NOT REACHED. WRNLEV IS  5

          RESI INDO        0.00
*** WARNING **** residue EIND already exists (old one deleted)

      ***** LEVEL  1 WARNING FROM <RTFRDR> *****
      ***** Residue already exists.
      ******************************************
      BOMLEV (  0) IS NOT REACHED. WRNLEV IS  5

          RESI EIND        0.00
*** WARNING **** residue PDIP already exists (old one deleted)

      ***** LEVEL  1 WARNING FROM <RTFRDR> *****
      ***** Residue already exists.
      ******************************************
      BOMLEV (  0) IS NOT REACHED. WRNLEV IS  5

          RESI PDIP        0.00
*** WARNING **** residue ETHA already exists (old one deleted)

      ***** LEVEL  1 WARNING FROM <RTFRDR> *****
      ***** Residue already exists.
      ******************************************
      BOMLEV (  0) IS NOT REACHED. WRNLEV IS  5

          RESI ETHA        0.00
*** WARNING **** residue PRPA already exists (old one deleted)

      ***** LEVEL  1 WARNING FROM <RTFRDR> *****
      ***** Residue already exists.
      ******************************************
      BOMLEV (  0) IS NOT REACHED. WRNLEV IS  5

          RESI PRPA        0.00
*** WARNING **** residue IBUT already exists (old one deleted)

      ***** LEVEL  1 WARNING FROM <RTFRDR> *****
      ***** Residue already exists.
      ******************************************
      BOMLEV (  0) IS NOT REACHED. WRNLEV IS  5

          RESI IBUT        0.00
*** WARNING **** residue OCOH already exists (old one deleted)

      ***** LEVEL  1 WARNING FROM <RTFRDR> *****
      ***** Residue already exists.
      ******************************************
      BOMLEV (  0) IS NOT REACHED. WRNLEV IS  5

          RESI OCOH    0.0
*** WARNING **** residue CO3  already exists (old one deleted)

      ***** LEVEL  1 WARNING FROM <RTFRDR> *****
      ***** Residue already exists.
      ******************************************
      BOMLEV (  0) IS NOT REACHED. WRNLEV IS  5

          RESI CO3  -2.0
*** WARNING **** residue C3   already exists (old one deleted)

      ***** LEVEL  1 WARNING FROM <RTFRDR> *****
      ***** Residue already exists.
      ******************************************
      BOMLEV (  0) IS NOT REACHED. WRNLEV IS  5

          RESI C3    0.00
 There were  42 warning(s) from RTFRDR.
  
 CHARMM>     
  
 CHARMM>    read para card flex append

          PARAMETER FILE BEING READ FROM UNIT 98
 RDTITL>  
 RDTITL> No title read.
 PARMIO> NONBOND, HBOND lists and IMAGE atoms cleared.
  
 CHARMM>     
  
 CHARMM>    return
 VCLOSE: Closing unit   98 with status "KEEP"

                    RETURNING TO INPUT STREAM    99
  
 CHARMM>    stream toppar/toppar_all36_prot_modify_res.str
 VOPEN> Attempting to open::toppar/toppar_all36_prot_modify_res.str::
 OPNLGU> Unit 98 opened for READONLY access to toppar/toppar_all36_prot_modify_res.str

                    INPUT STREAM SWITCHING TO UNIT    98
 RDTITL> * TOPPAR FILE FOR VARIOUS MODIFIED RESIDUES AND PATCHES, INCLUDING
 RDTITL> * PATCHES TO COVALENTLY LINK RESIDUES TO IONS TO WORK WITH THE
 RDTITL> * ADDITIVE C36 PROTEIN FORCE FIELD
 RDTITL> * REQUIRES CGENFF PARAMETER FILE
 RDTITL> *
 Parameter: IN1 <- "" <empty>
  
 CHARMM>     
  
 CHARMM>    !Acetyllysine (ALY)
 CHARMM>    !Norleucine (NLE) and
 CHARMM>    ! residues and patches for Zn-protein interactions modeled using
 CHARMM>    ! bond and angles between the protein and Zn.
 CHARMM>     
  
 CHARMM>    !non-standard amino acids: 2021
 CHARMM>    !Croitoru, A., Park, S.-J., Kumar, A., Lee, J., Im, Wonpil; MacKerell,
 CHARMM>    !A.D., Jr., and Aleksandrov, A. Additive CHARMM36 Force Field for
 CHARMM>    !Nonstandard Amino Acids, Journal of Chemical Theory and Computation,
 CHARMM>    !17:3554-3570, doi: 10.1021/acs.jctc.1c00254.
 CHARMM>     
  
 CHARMM>    read rtf card append
 MAINIO> Residue topology file being read from unit  98.
 RDTITL> * TOPPAR FILE PROTEIN MODIFICATIONS
 RDTITL> *
*** WARNING **** residue CGU  already exists (old one deleted)

      ***** LEVEL  1 WARNING FROM <RTFRDR> *****
      ***** Residue already exists.
      ******************************************
      BOMLEV (  0) IS NOT REACHED. WRNLEV IS  5

          RESI CGU              -2.000
*** WARNING **** residue CME  already exists (old one deleted)

      ***** LEVEL  1 WARNING FROM <RTFRDR> *****
      ***** Residue already exists.
      ******************************************
      BOMLEV (  0) IS NOT REACHED. WRNLEV IS  5

          RESI CME               0.000
*** WARNING **** residue HIC  already exists (old one deleted)

      ***** LEVEL  1 WARNING FROM <RTFRDR> *****
      ***** Residue already exists.
      ******************************************
      BOMLEV (  0) IS NOT REACHED. WRNLEV IS  5

          RESI HIC               0.000
*** WARNING **** residue HICP already exists (old one deleted)

      ***** LEVEL  1 WARNING FROM <RTFRDR> *****
      ***** Residue already exists.
      ******************************************
      BOMLEV (  0) IS NOT REACHED. WRNLEV IS  5

          RESI HICP              1.000
*** WARNING **** residue CGUP already exists (old one deleted)

      ***** LEVEL  1 WARNING FROM <RTFRDR> *****
      ***** Residue already exists.
      ******************************************
      BOMLEV (  0) IS NOT REACHED. WRNLEV IS  5

          RESI CGUP             -1.000
 There were   5 warning(s) from RTFRDR.
  
 CHARMM>     
  
 CHARMM>    read para card append flex

          PARAMETER FILE BEING READ FROM UNIT 98
 RDTITL>  
 RDTITL> No title read.
 PARMIO> NONBOND, HBOND lists and IMAGE atoms cleared.
  
 CHARMM>     
  
 CHARMM>    return
 VCLOSE: Closing unit   98 with status "KEEP"

                    RETURNING TO INPUT STREAM    99
  
 CHARMM>     
  
 CHARMM>    ! Additional topologies and parameters for nucleic acids
 CHARMM>    stream toppar/toppar_all36_na_nad_ppi.str
 VOPEN> Attempting to open::toppar/toppar_all36_na_nad_ppi.str::
 OPNLGU> Unit 98 opened for READONLY access to toppar/toppar_all36_na_nad_ppi.str

                    INPUT STREAM SWITCHING TO UNIT    98
 RDTITL> * CHARMM36 ALL-HYDROGEN NUCLEIC ACID FORCE TOPPAR STREAM FILE
 RDTITL> * NAD+, NADH, ADP, ATP, PPI AND RELATED ANALOGS
 RDTITL> * A.D. MACKERELL, JR., JULY 2001
 RDTITL> * STREAM FOLLOWING RTF AND PARAM READ OF
 RDTITL> *
 Parameter: IN1 <- "" <empty>
  
 CHARMM>     
  
 CHARMM>    !Update, 2015/1, nomenclature for NAD+ etc. consistent with PDB
 CHARMM>     
  
 CHARMM>    !Parent files that have to be read prior to streaming this file
 CHARMM>    !top_all36_na.rtf
 CHARMM>    !par_all36_na.prm
 CHARMM>     
  
 CHARMM>    !Testcase
 CHARMM>    !test_all36_na_nad_ppi.inp
 CHARMM>     
  
 CHARMM>    !Reference
 CHARMM>    !Pavelites, J.J., Bash, P.A., Gao, J., and MacKerell, Jr.,
 CHARMM>    !A.D. A Molecular Mechanics Force Field for NAD+, NADH and the
 CHARMM>    !Pyrophosphate Groups of Nucleotides, Journal of Computational
 CHARMM>    !Chemistry, 1997, 18: 221-239.
 CHARMM>     
  
 CHARMM>    read rtf card append
 MAINIO> Residue topology file being read from unit  98.
 RDTITL> * NAD, PPI TOPOLOGY
 RDTITL> *
*** WARNING **** residue NIC  already exists (old one deleted)

      ***** LEVEL  1 WARNING FROM <RTFRDR> *****
      ***** Residue already exists.
      ******************************************
      BOMLEV (  0) IS NOT REACHED. WRNLEV IS  5

          RESI NIC         1.00
*** WARNING **** residue NICH already exists (old one deleted)

      ***** LEVEL  1 WARNING FROM <RTFRDR> *****
      ***** Residue already exists.
      ******************************************
      BOMLEV (  0) IS NOT REACHED. WRNLEV IS  5

          RESI NICH         0.00
*** WARNING **** residue PPI1 already exists (old one deleted)

      ***** LEVEL  1 WARNING FROM <RTFRDR> *****
      ***** Residue already exists.
      ******************************************
      BOMLEV (  0) IS NOT REACHED. WRNLEV IS  5

          RESI PPI1        -3.00
*** WARNING **** residue PPI2 already exists (old one deleted)

      ***** LEVEL  1 WARNING FROM <RTFRDR> *****
      ***** Residue already exists.
      ******************************************
      BOMLEV (  0) IS NOT REACHED. WRNLEV IS  5

          RESI PPI2        -2.00
*** WARNING **** residue AMP  already exists (old one deleted)

      ***** LEVEL  1 WARNING FROM <RTFRDR> *****
      ***** Residue already exists.
      ******************************************
      BOMLEV (  0) IS NOT REACHED. WRNLEV IS  5

          RESI AMP         -2.00
*** WARNING **** residue ADP  already exists (old one deleted)

      ***** LEVEL  1 WARNING FROM <RTFRDR> *****
      ***** Residue already exists.
      ******************************************
      BOMLEV (  0) IS NOT REACHED. WRNLEV IS  5

          RESI ADP         -3.00
*** WARNING **** residue ATP  already exists (old one deleted)

      ***** LEVEL  1 WARNING FROM <RTFRDR> *****
      ***** Residue already exists.
      ******************************************
      BOMLEV (  0) IS NOT REACHED. WRNLEV IS  5

          RESI ATP         -4.00
*** WARNING **** residue 5DP  already exists (old one deleted)

      ***** LEVEL  1 WARNING FROM <RTFRDR> *****
      ***** Residue already exists.
      ******************************************
      BOMLEV (  0) IS NOT REACHED. WRNLEV IS  5

          PRES 5DP         -3.00
*** WARNING **** residue NAD  already exists (old one deleted)

      ***** LEVEL  1 WARNING FROM <RTFRDR> *****
      ***** Residue already exists.
      ******************************************
      BOMLEV (  0) IS NOT REACHED. WRNLEV IS  5

          RESI NAD         -1.00
*** WARNING **** residue NADH already exists (old one deleted)

      ***** LEVEL  1 WARNING FROM <RTFRDR> *****
      ***** Residue already exists.
      ******************************************
      BOMLEV (  0) IS NOT REACHED. WRNLEV IS  5

          RESI NADH        -2.00
*** WARNING **** residue NADP already exists (old one deleted)

      ***** LEVEL  1 WARNING FROM <RTFRDR> *****
      ***** Residue already exists.
      ******************************************
      BOMLEV (  0) IS NOT REACHED. WRNLEV IS  5

          RESI NADP        -2.00
*** WARNING **** residue NDPH already exists (old one deleted)

      ***** LEVEL  1 WARNING FROM <RTFRDR> *****
      ***** Residue already exists.
      ******************************************
      BOMLEV (  0) IS NOT REACHED. WRNLEV IS  5

          RESI NDPH        -3.00
 There were  12 warning(s) from RTFRDR.
  
 CHARMM>     
  
 CHARMM>    read para card flex append

          PARAMETER FILE BEING READ FROM UNIT 98
 RDTITL> * NAD, PPI PARAMETERS
 RDTITL> *
 PARMIO> NONBOND, HBOND lists and IMAGE atoms cleared.
  
 CHARMM>     
  
 CHARMM>     
  
 VCLOSE: Closing unit   98 with status "KEEP"

                    RETURNING TO INPUT STREAM    99
  
 CHARMM>    stream toppar/toppar_all36_na_rna_modified.str
 VOPEN> Attempting to open::toppar/toppar_all36_na_rna_modified.str::
 OPNLGU> Unit 98 opened for READONLY access to toppar/toppar_all36_na_rna_modified.str

                    INPUT STREAM SWITCHING TO UNIT    98
 RDTITL> * ADDITIVE CHARMM FORCE FIELD FOR MODIFIED RIBONUCLEIC ACIDS, INCLUDING
 RDTITL> * THOSE FOUNDS IN TRNA. YOU XU, KAROLINSKA INSTITUTET, 2015.
 RDTITL> * |
 RDTITL> * WARNING: PARAMETERS AND ATOM TYPE ASSIGNMENTS IN THIS FILE ARE SPECIFIC
 RDTITL> * FOR THESE COMPOUNDS AND SHOULD UNDER NO CIRCUMSTANCES BE APPLIED TO
 RDTITL> * OTHER ORGANIC MOLECULES
 RDTITL> *
 Parameter: IN1 <- "" <empty>
  
 CHARMM>     
  
 CHARMM>    ! Xu, Y., Vanommeslaeghe, K., Aleksandrov, A., MacKerell, A.D.,
 CHARMM>    ! Jr. Nilsson, L., “Additive CHARMM force field for naturally
 CHARMM>    ! occurring modified ribonucleotides,” Journal of Computational
 CHARMM>    !  Chemistry, DOI: 10.1002/jcc.24307, 2016
 CHARMM>     
  
 CHARMM>    ! Should be used with parent files CGenFF: top_all36_cgenff.inp and par_all36_cgenff.inp
 CHARMM>    !                                    NA36: top_all36_na.inp and par_all36_na.inp
 CHARMM>    !                              and Carb36: top_all36_carb.inp and par_all36_carb.inp
 CHARMM>    !
 CHARMM>     
  
 CHARMM>    read rtf card append
 MAINIO> Residue topology file being read from unit  98.
 RDTITL> * TOPOLOGIES OF MODIFIED NUCLEOTIDES
 RDTITL> *
*** WARNING **** residue BUG  already exists (old one deleted)

      ***** LEVEL  1 WARNING FROM <RTFRDR> *****
      ***** Residue already exists.
      ******************************************
      BOMLEV (  0) IS NOT REACHED. WRNLEV IS  5

          RESI BUG           -1.00
 There were   1 warning(s) from RTFRDR.
  
 CHARMM>     
  
 CHARMM>    read param card flex append

          PARAMETER FILE BEING READ FROM UNIT 98
 RDTITL> * ADDITIVE CHARMM PARAMETERS FOR MODIFIED NUCLEIC ACIDS, BETA VERSION
 RDTITL> * YOU XU, KAROLINSKA INSTITUTET, 2015.
 RDTITL> *
 PARMIO> NONBOND, HBOND lists and IMAGE atoms cleared.
  
 CHARMM>    RETURN
 VCLOSE: Closing unit   98 with status "KEEP"

                    RETURNING TO INPUT STREAM    99
  
 CHARMM>     
  
 CHARMM>    ! Additional topologies and parameters for lipids
 CHARMM>    stream toppar/toppar_all36_lipid_sphingo.str
 VOPEN> Attempting to open::toppar/toppar_all36_lipid_sphingo.str::
 OPNLGU> Unit 98 opened for READONLY access to toppar/toppar_all36_lipid_sphingo.str

                    INPUT STREAM SWITCHING TO UNIT    98
 RDTITL> * TOPPAR STREAM FOR CERAMIDES AND SPINGOMYELINS; REQUIRES FLEX FORMAT FILES
 RDTITL> * TOP_ALL36_LIPID.RTF AND PAR_ALL36_LIPID.PRM
 RDTITL> *
 Parameter: IN1 <- "" <empty>
  
 CHARMM>     
  
 CHARMM>    ! REFERENCES
 CHARMM>    !
 CHARMM>    ! PSM and SSM Lipids
 CHARMM>    !
 CHARMM>    ! Venable, R. M.; Sodt, A. J.; Rogaski, B.; Rui, H.; Hatcher, E.; MacKerell, A. D.;
 CHARMM>    ! Pastor, R. W.; Klauda, J. B., CHARMM All-Atom Additive Force Field for Sphingomyelin:
 CHARMM>    ! Elucidation of Hydrogen Bonding and of Positive Curvature. Biophys. J. 2014, 107 (1), 134-145
 CHARMM>    !
 CHARMM>    ! Ceramide
 CHARMM>    !
 CHARMM>    ! Submited by Sam Tonddast-Navaei of U. Cincinnati. Advised by Russell Devane
 CHARMM>    ! Tested by Eric Wang of U. Maryland. Advised by Jeffery Klauda
 CHARMM>    !
 CHARMM>    !
 CHARMM>    ! CerAP/Cer6, CerNP/Cer3, and CerEOS/Cer1
 CHARMM>    !
 CHARMM>    ! Wang, E.; Klauda, J. B., Structure and Permeability of Ceramide Bilayers and Multilayers.
 CHARMM>    ! J. Phys. Chem. B., 2019, 123, 11, 2525-2535
 CHARMM>    ! Wang, E.; Klauda, J. B., Molecular Structure of the Long Periodicity Phase in the Stratum Corneum.
 CHARMM>    ! J. Amer. Chem. Soc., 2019. 141, 42, 16930-16943
 CHARMM>     
  
 CHARMM>    set nat ?NATC
 RDCMND substituted energy or value "?NATC" to "585"
 Parameter: NAT <- "585"
  
 CHARMM>    set app
 Parameter: APP <- "" <empty>
  
 CHARMM>    !We're exploiting what is arguably a bug in the parser. On the left hand side,
 CHARMM>    !the quotes have proirity, so NAT is correctly substituted. On the right hand
 CHARMM>    !side, the ? has priority and NATC" (sic) is not a valid substitution...
 CHARMM>    if "@NAT" ne "?NATC" if @nat ne 0 set app append
 Parameter: NAT -> "585"
 Parameter: NAT -> "585"
 RDCMND: can not substitute energy "?NATC""
 Comparing ""585"" and ""?NATC"".
 IF test evaluated as true.  Performing command
 Comparing "585" and "0".
 IF test evaluated as true.  Performing command
 Parameter: APP <- "APPEND"
  
 CHARMM>     
  
 CHARMM>    read rtf card @app
 Parameter: APP -> "APPEND"
 MAINIO> Residue topology file being read from unit  98.
 RDTITL> * CER/SM RESIDUES
 RDTITL> *
  
 CHARMM>     
  
 CHARMM>    read para card flex @app
 Parameter: APP -> "APPEND"

          PARAMETER FILE BEING READ FROM UNIT 98
 RDTITL> * NEW PARAMETERS
 RDTITL> *
 PARRDR> Error: Repeated DIHE parameter ( 14758): NHL   C     CTO1  HAL1 is replaced
 PARRDR> Error: Repeated DIHE parameter ( 14779): O     C     CTO1  HAL1 is replaced
 PARMIO> NONBOND, HBOND lists and IMAGE atoms cleared.
  
 CHARMM>     
  
 CHARMM>    return
 VCLOSE: Closing unit   98 with status "KEEP"

                    RETURNING TO INPUT STREAM    99
  
 CHARMM>    stream toppar/toppar_all36_lipid_archaeal.str
 VOPEN> Attempting to open::toppar/toppar_all36_lipid_archaeal.str::
 OPNLGU> Unit 98 opened for READONLY access to toppar/toppar_all36_lipid_archaeal.str

                    INPUT STREAM SWITCHING TO UNIT    98
 RDTITL> * TOPPAR STREAM FILE FOR ARCHAEAL LIPIDS.
 RDTITL> *
 Parameter: IN1 <- "" <empty>
  
 CHARMM>     
  
 CHARMM>    ! This is an on-going file of archaeal lipids
 CHARMM>    ! I am adding meanquinone-7 now
 CHARMM>     
  
 CHARMM>    read rtf card append
 MAINIO> Residue topology file being read from unit  98.
 RDTITL> * ARCHAEAL LIPIDS
 RDTITL> *
  
 CHARMM>     
  
 CHARMM>    read param card flex append

          PARAMETER FILE BEING READ FROM UNIT 98
 RDTITL> * PARAMETERS GENERATED BY ANALOGY BY CGENFF
 RDTITL> *
 PARMIO> NONBOND, HBOND lists and IMAGE atoms cleared.
  
 CHARMM>     
  
 CHARMM>    RETURN
 VCLOSE: Closing unit   98 with status "KEEP"

                    RETURNING TO INPUT STREAM    99
  
 CHARMM>    stream toppar/toppar_all36_lipid_bacterial.str
 VOPEN> Attempting to open::toppar/toppar_all36_lipid_bacterial.str::
 OPNLGU> Unit 98 opened for READONLY access to toppar/toppar_all36_lipid_bacterial.str

                    INPUT STREAM SWITCHING TO UNIT    98
 RDTITL> * TOPPAR STREAM FILE FOR BRANCHED AND CYCLIC CHAINED LIPIDS.  FOLLOWING READING OF
 RDTITL> * TOP_ALL36_LIPID.RTF
 RDTITL> * AND
 RDTITL> * PAR_ALL36_LIPID.RTF
 RDTITL> *
 Parameter: IN1 <- "" <empty>
  
 CHARMM>     
  
 CHARMM>    ! REFERENCES
 CHARMM>    !
 CHARMM>    ! Branched Lipids
 CHARMM>    !
 CHARMM>    ! Lim, J.B. & Klauda, J.B. Branching at the Iso- and Anteiso- Positions in Complex Chlamydia
 CHARMM>    ! Membranes: A Molecular Dynamics Study. Biochimica et Biophysica Acta (BBA) - Biomembranes
 CHARMM>    ! 1808:323-331 (2011).
 CHARMM>    !
 CHARMM>    ! Cyclic-replacement of double bond
 CHARMM>    !
 CHARMM>    ! Pandit, K.R. & Klauda, J.B. Membrane models of E. coli containing cyclic moieties in
 CHARMM>    ! the aliphatic lipid chain. Biochimica et Biophysica Acta (BBA) - Biomembranes
 CHARMM>    ! 1818:1205-1210 (2012).
 CHARMM>    !
 CHARMM>     
  
 CHARMM>    set nat ?NATC
 RDCMND substituted energy or value "?NATC" to "590"
 Parameter: NAT <- "590"
  
 CHARMM>    set app
 Parameter: APP <- "" <empty>
  
 CHARMM>    !We're exploiting what is arguably a bug in the parser. On the left hand side,
 CHARMM>    !the quotes have proirity, so NAT is correctly substituted. On the right hand
 CHARMM>    !side, the ? has priority and NATC" (sic) is not a valid substitution...
 CHARMM>    if "@NAT" ne "?NATC" if @nat ne 0 set app append
 Parameter: NAT -> "590"
 Parameter: NAT -> "590"
 RDCMND: can not substitute energy "?NATC""
 Comparing ""590"" and ""?NATC"".
 IF test evaluated as true.  Performing command
 Comparing "590" and "0".
 IF test evaluated as true.  Performing command
 Parameter: APP <- "APPEND"
  
 CHARMM>     
  
 CHARMM>    read rtf card @app
 Parameter: APP -> "APPEND"
 MAINIO> Residue topology file being read from unit  98.
 RDTITL> * CHOLESTEROL RESIDUES
 RDTITL> *
  
 CHARMM>     
  
 CHARMM>    read para card flex @app
 Parameter: APP -> "APPEND"

          PARAMETER FILE BEING READ FROM UNIT 98
 RDTITL> * NEW PARAMETERS
 RDTITL> *
 PARMIO> NONBOND, HBOND lists and IMAGE atoms cleared.
  
 CHARMM>     
  
 CHARMM>    return
 VCLOSE: Closing unit   98 with status "KEEP"

                    RETURNING TO INPUT STREAM    99
  
 CHARMM>    stream toppar/toppar_all36_lipid_cardiolipin.str
 VOPEN> Attempting to open::toppar/toppar_all36_lipid_cardiolipin.str::
 OPNLGU> Unit 98 opened for READONLY access to toppar/toppar_all36_lipid_cardiolipin.str

                    INPUT STREAM SWITCHING TO UNIT    98
 RDTITL> READ RTF CARD APPEND FLEX
 RDTITL> No title read.
 Parameter: IN1 <- "" <empty>
  
 CHARMM>    read rtf card append flex
 MAINIO> Residue topology file being read from unit  98.
 RDTITL>  
 RDTITL> No title read.
 WARNING from DECODI -- Zero length string being converted to 0
 RTFRDR> WARNING: Version number is NOT specified.
  
 CHARMM>     
  
 CHARMM>    return
 VCLOSE: Closing unit   98 with status "KEEP"

                    RETURNING TO INPUT STREAM    99
  
 CHARMM>    stream toppar/toppar_all36_lipid_cholesterol.str
 VOPEN> Attempting to open::toppar/toppar_all36_lipid_cholesterol.str::
 OPNLGU> Unit 98 opened for READONLY access to toppar/toppar_all36_lipid_cholesterol.str

                    INPUT STREAM SWITCHING TO UNIT    98
 RDTITL> * TOPPAR STREAM FILE FOR CHOLESTEROL.  STREAM FOLLOWING READING OF
 RDTITL> * TOP_ALL36_LIPID.RTF
 RDTITL> * PAR_ALL36_LIPID.RTF
 RDTITL> * TOP_ALL36_CGENFF.RTF
 RDTITL> * AND PAR_ALL36_CGENFF.PRM
 RDTITL> *
 Parameter: IN1 <- "" <empty>
  
 CHARMM>     
  
 CHARMM>    !topology and parameters are included for two cholesterol models. the
 CHARMM>    !model may be selected by setting variable chol_model to 1 or 2, as
 CHARMM>    !specified below
 CHARMM>    !
 CHARMM>     
  
 CHARMM>    set chol_model 1 !2 for original Suits et al. model
 Parameter: CHOL_MODEL <- "1"
  
 CHARMM>     
  
 CHARMM>    !
 CHARMM>    !1) Revised model of Lim et al.  This contains a number of NBFIXes that
 CHARMM>    !makes it unsuitable for ANTON (set chol_model 1)
 CHARMM>    !
 CHARMM>    !2) Original model of Suits et al., which is used on ANTON as well as
 CHARMM>    !being suitable for other systems (set chol_model 2 (or anything but 1....))
 CHARMM>    !
 CHARMM>    !references
 CHARMM>    !
 CHARMM>    !Lim, J.B., Rogaski, B. and Klauda, J.B.. "Update of the Cholesterol Force Field
 CHARMM>    !Parameters in CHARMM" 116: 203-210 (2012).
 CHARMM>    !
 CHARMM>    !Suits, F., Pitman, M., MacKerell, A.D., Jr., Feller, S.E. "Molecular Level
 CHARMM>    !Organization of Saturated and Polyunsaturated Fatty Acids in a
 CHARMM>    !Phosphatidylcholine Bilayer Containing Cholesterol" Biochemistry,
 CHARMM>    !43(49):15318-28, 2004
 CHARMM>    !
 CHARMM>     
  
 CHARMM>    !test "append"
 CHARMM>    set nat ?NATC
 RDCMND substituted energy or value "?NATC" to "590"
 Parameter: NAT <- "590"
  
 CHARMM>    set app
 Parameter: APP <- "" <empty>
  
 CHARMM>    !We're exploiting what is arguably a bug in the parser. On the left hand side,
 CHARMM>    !the quotes have priority, so NAT is correctly substituted. On the right hand
 CHARMM>    !side, the ? has priority and NATC" (sic) is not a valid substitution...
 CHARMM>    if "@NAT" ne "?NATC" if @nat ne 0 set app append
 Parameter: NAT -> "590"
 Parameter: NAT -> "590"
 RDCMND: can not substitute energy "?NATC""
 Comparing ""590"" and ""?NATC"".
 IF test evaluated as true.  Performing command
 Comparing "590" and "0".
 IF test evaluated as true.  Performing command
 Parameter: APP <- "APPEND"
  
 CHARMM>     
  
 CHARMM>    if chol_model eq 1 then
 Comparing "1" and "1".
 IF test evaluated as true.  Performing command
  
 CHARMM>     
  
 CHARMM>    ! reference
 CHARMM>    ! Lim, J.B., Rogaski, B. and Klauda, J.B.. "Update of the Cholesterol Force Field
 CHARMM>    ! Parameters in CHARMM" 116: 203-210 (2012).
 CHARMM>    !
 CHARMM>     
  
 CHARMM>    read rtf card @app
 Parameter: APP -> "APPEND"
 MAINIO> Residue topology file being read from unit  98.
 RDTITL> * TOPOLOGY FOR CHOLESTEROL
 RDTITL> *
  
 CHARMM>     
  
 CHARMM>    read param card flex @app
 Parameter: APP -> "APPEND"

          PARAMETER FILE BEING READ FROM UNIT 98
 RDTITL> * CHOLESTEROL PARAMETERS
 RDTITL> *
 PARRDR> Error: Repeated DIHE parameter ( 15118): OG31  CG30  CG3C  CG3C is replaced
 PARRDR> Error: Repeated DIHE parameter ( 15119): OG31  CG30  CG3C  CG3R is replaced
 PARRDR> Error: Repeated DIHE parameter ( 15120): OG31  CG30  CG3C  HGA1 is replaced
 PARRDR> Error: Repeated DIHE parameter ( 15118): OG31  CG30  CG3C  CG3C is replaced
 PARRDR> Error: Repeated DIHE parameter ( 15119): OG31  CG30  CG3C  CG3R is replaced
 PARRDR> Error: Repeated DIHE parameter ( 15120): OG31  CG30  CG3C  HGA1 is replaced
 PARMIO> NONBOND, HBOND lists and IMAGE atoms cleared.
  
 CHARMM>     
  
 CHARMM>    return
 VCLOSE: Closing unit   98 with status "KEEP"

                    RETURNING TO INPUT STREAM    99
  
 CHARMM>    stream toppar/toppar_all36_lipid_dag.str
 VOPEN> Attempting to open::toppar/toppar_all36_lipid_dag.str::
 OPNLGU> Unit 98 opened for READONLY access to toppar/toppar_all36_lipid_dag.str

                    INPUT STREAM SWITCHING TO UNIT    98
 RDTITL> READ RTF CARD APPEND
 RDTITL> No title read.
 Parameter: IN1 <- "" <empty>
  
 CHARMM>    read rtf card append
 MAINIO> Residue topology file being read from unit  98.
 RDTITL> * TOPOLOGY FOR LIPIDA FROM DAG
 RDTITL> *
  
 VCLOSE: Closing unit   98 with status "KEEP"

                    RETURNING TO INPUT STREAM    99
  
 CHARMM>    stream toppar/toppar_all36_lipid_inositol.str
 VOPEN> Attempting to open::toppar/toppar_all36_lipid_inositol.str::
 OPNLGU> Unit 98 opened for READONLY access to toppar/toppar_all36_lipid_inositol.str

                    INPUT STREAM SWITCHING TO UNIT    98
 RDTITL> READ RTF CARD APPEND
 RDTITL> No title read.
 Parameter: IN1 <- "" <empty>
  
 CHARMM>    read rtf card append
 MAINIO> Residue topology file being read from unit  98.
 RDTITL> * TOPOLOGY FOR INOSITOL-BASED LIPIDS
 RDTITL> *
  
 CHARMM>     
  
 CHARMM>    RETURN
 VCLOSE: Closing unit   98 with status "KEEP"

                    RETURNING TO INPUT STREAM    99
  
 CHARMM>    stream toppar/toppar_all36_lipid_lnp.str
 VOPEN> Attempting to open::toppar/toppar_all36_lipid_lnp.str::
 OPNLGU> Unit 98 opened for READONLY access to toppar/toppar_all36_lipid_lnp.str

                    INPUT STREAM SWITCHING TO UNIT    98
 RDTITL> READ RTF CARD APPEND
 RDTITL> No title read.
 Parameter: IN1 <- "" <empty>
  
 CHARMM>    read rtf card append
 MAINIO> Residue topology file being read from unit  98.
 RDTITL> * LNP
 RDTITL> *

      ***** LEVEL  1 WARNING FROM <DECODF> *****
      ***** Zero length string
      ******************************************
      BOMLEV (  0) IS NOT REACHED. WRNLEV IS  5

 WARNING from DECODF -- Zero length string being converted to 0.
 **** WARNING from RTFRDR **** The total charge of the residue, DAGP,  -0.0100000,
 does not equal the expected charge,   0.0000000.

      ***** LEVEL  1 WARNING FROM <DECODF> *****
      ***** Zero length string
      ******************************************
      BOMLEV (  0) IS NOT REACHED. WRNLEV IS  5

 WARNING from DECODF -- Zero length string being converted to 0.
          PRES DPEPEG
 **** WARNING from RTFRDR **** The total charge of the residue, DPEP,  -0.0100000,
 does not equal the expected charge,   0.0000000.
 There were   2 warning(s) from RTFRDR.
  
 CHARMM>     
  
 CHARMM>    read param card flex append

          PARAMETER FILE BEING READ FROM UNIT 98
 RDTITL> * LNP
 RDTITL> *
 PARMIO> NONBOND, HBOND lists and IMAGE atoms cleared.
  
 CHARMM>     
  
 CHARMM>    RETURN
 VCLOSE: Closing unit   98 with status "KEEP"

                    RETURNING TO INPUT STREAM    99
  
 CHARMM>    stream toppar/toppar_all36_lipid_lps.str
 VOPEN> Attempting to open::toppar/toppar_all36_lipid_lps.str::
 OPNLGU> Unit 98 opened for READONLY access to toppar/toppar_all36_lipid_lps.str

                    INPUT STREAM SWITCHING TO UNIT    98
 RDTITL> READ RTF CARD APPEND
 RDTITL> No title read.
 Parameter: IN1 <- "" <empty>
  
 CHARMM>    read rtf card append
 MAINIO> Residue topology file being read from unit  98.
 RDTITL> * TOPOLOGY FOR LIPIDA FROM LPS
 RDTITL> *
 WARNING from DECODI -- Zero length string being converted to 0
 RTFRDR> WARNING: Version number is NOT specified.
  
 CHARMM>     
  
 CHARMM>     
  
 CHARMM>    read param card append flex

          PARAMETER FILE BEING READ FROM UNIT 98
 RDTITL> *    NEW PARAMETES
 RDTITL> *
 PARMIO> NONBOND, HBOND lists and IMAGE atoms cleared.
  
 CHARMM>     
  
 VCLOSE: Closing unit   98 with status "KEEP"

                    RETURNING TO INPUT STREAM    99
  
 CHARMM>    stream toppar/toppar_all36_lipid_mycobacterial.str
 VOPEN> Attempting to open::toppar/toppar_all36_lipid_mycobacterial.str::
 OPNLGU> Unit 98 opened for READONLY access to toppar/toppar_all36_lipid_mycobacterial.str

                    INPUT STREAM SWITCHING TO UNIT    98
 RDTITL> * TOPPAR STREAM FILE FOR BRANCHED AND CYCLIC CHAINED LIPIDS.  FOLLOWING READING OF
 RDTITL> * TOP_ALL36_LIPID.RTF, PAR_ALL36_LIPID.PRM
 RDTITL> * AND
 RDTITL> * TOPPAR_ALL36_LIPID_BACTERIAL.STR
 RDTITL> *
 Parameter: IN1 <- "" <empty>
  
 CHARMM>     
  
 CHARMM>    read rtf card append
 MAINIO> Residue topology file being read from unit  98.
 RDTITL> * CHOLESTEROL RESIDUES
 RDTITL> *
  
 CHARMM>     
  
 CHARMM>    read para card flex @app
 Parameter: APP -> "APPEND"

          PARAMETER FILE BEING READ FROM UNIT 98
 RDTITL> * NEW PARAMETERS
 RDTITL> *
 PARRDR> Error: Repeated ANGLE parameter (  5023): CEL1  CEL1  CTL1 is replaced
 PARRDR> Error: Repeated DIHE parameter ( 15365): CTL2  CG2O  CTL1  CTL3 is replaced
 PARRDR> Error: Repeated DIHE parameter ( 15366): CTL2  CG2O  CTL1  CTL3 is replaced
 PARRDR> Error: Repeated DIHE parameter ( 15365): CTL2  CG2O  CTL1  CTL3 is replaced
 PARRDR> Error: Repeated DIHE parameter ( 15366): CTL2  CG2O  CTL1  CTL3 is replaced
 PARMIO> NONBOND, HBOND lists and IMAGE atoms cleared.
  
 CHARMM>     
  
 CHARMM>    RETURN
 VCLOSE: Closing unit   98 with status "KEEP"

                    RETURNING TO INPUT STREAM    99
  
 CHARMM>    stream toppar/toppar_all36_lipid_miscellaneous.str
 VOPEN> Attempting to open::toppar/toppar_all36_lipid_miscellaneous.str::
 OPNLGU> Unit 98 opened for READONLY access to toppar/toppar_all36_lipid_miscellaneous.str

                    INPUT STREAM SWITCHING TO UNIT    98
 RDTITL> READ RTF CARD APPEND FLEX
 RDTITL> No title read.
 Parameter: IN1 <- "" <empty>
  
 CHARMM>    read rtf card append flex
 MAINIO> Residue topology file being read from unit  98.
 RDTITL> * TOPOLOGY FOR MISCELLANEOUS LIPIDS
 RDTITL> *
  
 CHARMM>     
  
 CHARMM>    read param card flex append

          PARAMETER FILE BEING READ FROM UNIT 98
 RDTITL> * PARAMETER FOR ACYL PYROPHOSPHATE: ADDED 2019_7
 RDTITL> *
 PARMIO> NONBOND, HBOND lists and IMAGE atoms cleared.
  
 CHARMM>     
  
 CHARMM>    return
 VCLOSE: Closing unit   98 with status "KEEP"

                    RETURNING TO INPUT STREAM    99
  
 CHARMM>    stream toppar/toppar_all36_lipid_model.str
 VOPEN> Attempting to open::toppar/toppar_all36_lipid_model.str::
 OPNLGU> Unit 98 opened for READONLY access to toppar/toppar_all36_lipid_model.str

                    INPUT STREAM SWITCHING TO UNIT    98
 RDTITL> * CHARMM36 ALL-HYDROGEN LIPID FORCE FIELD TOPPAR STREAM FILE
 RDTITL> * COLLECTION OF RESIDUES AND PATCHES FOR MODEL COMPOUNDS USED
 RDTITL> * IN THE OPTIMIZATION THE LIPID FORCE FIELD.
 RDTITL> *
 Parameter: IN1 <- "" <empty>
  
 CHARMM>     
  
 CHARMM>    !Parent files that have to be read prior to streaming this file
 CHARMM>    !top_all36_lipid.rtf
 CHARMM>    !par_all36_lipid.prm
 CHARMM>     
  
 CHARMM>    !Testcase
 CHARMM>    !test_all36_lipid_model.inp
 CHARMM>     
  
 CHARMM>    read rtf card append
 MAINIO> Residue topology file being read from unit  98.
 RDTITL> * C36 LIPID MODEL COMPOUNDS
 RDTITL> *
*** WARNING **** residue MAS  already exists (old one deleted)

      ***** LEVEL  1 WARNING FROM <RTFRDR> *****
      ***** Residue already exists.
      ******************************************
      BOMLEV (  0) IS NOT REACHED. WRNLEV IS  5

          RESI MAS          0.00
*** WARNING **** residue ETAC already exists (old one deleted)

      ***** LEVEL  1 WARNING FROM <RTFRDR> *****
      ***** Residue already exists.
      ******************************************
      BOMLEV (  0) IS NOT REACHED. WRNLEV IS  5

          RESI ETAC         0.00
*** WARNING **** residue MPRO already exists (old one deleted)

      ***** LEVEL  1 WARNING FROM <RTFRDR> *****
      ***** Residue already exists.
      ******************************************
      BOMLEV (  0) IS NOT REACHED. WRNLEV IS  5

          RESI MPRO         0.00
*** WARNING **** residue MP_1 already exists (old one deleted)

      ***** LEVEL  1 WARNING FROM <RTFRDR> *****
      ***** Residue already exists.
      ******************************************
      BOMLEV (  0) IS NOT REACHED. WRNLEV IS  5

          RESI MP_1        -1.00
*** WARNING **** residue MP_2 already exists (old one deleted)

      ***** LEVEL  1 WARNING FROM <RTFRDR> *****
      ***** Residue already exists.
      ******************************************
      BOMLEV (  0) IS NOT REACHED. WRNLEV IS  5

          RESI MP_2        -2.00
*** WARNING **** residue MSO4 already exists (old one deleted)

      ***** LEVEL  1 WARNING FROM <RTFRDR> *****
      ***** Residue already exists.
      ******************************************
      BOMLEV (  0) IS NOT REACHED. WRNLEV IS  5

          RESI MSO4        -1.00
*** WARNING **** residue BUTA already exists (old one deleted)

      ***** LEVEL  1 WARNING FROM <RTFRDR> *****
      ***** Residue already exists.
      ******************************************
      BOMLEV (  0) IS NOT REACHED. WRNLEV IS  5

          RESI BUTA         0.00
*** WARNING **** residue PENT already exists (old one deleted)

      ***** LEVEL  1 WARNING FROM <RTFRDR> *****
      ***** Residue already exists.
      ******************************************
      BOMLEV (  0) IS NOT REACHED. WRNLEV IS  5

          RESI PENT         0.00
*** WARNING **** residue HEXA already exists (old one deleted)

      ***** LEVEL  1 WARNING FROM <RTFRDR> *****
      ***** Residue already exists.
      ******************************************
      BOMLEV (  0) IS NOT REACHED. WRNLEV IS  5

          RESI HEXA         0.00
*** WARNING **** residue ETHE already exists (old one deleted)

      ***** LEVEL  1 WARNING FROM <RTFRDR> *****
      ***** Residue already exists.
      ******************************************
      BOMLEV (  0) IS NOT REACHED. WRNLEV IS  5

          RESI ETHE       0.00
*** WARNING **** residue PRPE already exists (old one deleted)

      ***** LEVEL  1 WARNING FROM <RTFRDR> *****
      ***** Residue already exists.
      ******************************************
      BOMLEV (  0) IS NOT REACHED. WRNLEV IS  5

          RESI PRPE       0.00
*** WARNING **** residue BTE1 already exists (old one deleted)

      ***** LEVEL  1 WARNING FROM <RTFRDR> *****
      ***** Residue already exists.
      ******************************************
      BOMLEV (  0) IS NOT REACHED. WRNLEV IS  5

          RESI BTE1       0.00
*** WARNING **** residue BTE2 already exists (old one deleted)

      ***** LEVEL  1 WARNING FROM <RTFRDR> *****
      ***** Residue already exists.
      ******************************************
      BOMLEV (  0) IS NOT REACHED. WRNLEV IS  5

          RESI BTE2       0.00
*** WARNING **** residue DIPE already exists (old one deleted)

      ***** LEVEL  1 WARNING FROM <RTFRDR> *****
      ***** Residue already exists.
      ******************************************
      BOMLEV (  0) IS NOT REACHED. WRNLEV IS  5

          RESI DIPE       0.00
*** WARNING **** residue DIHE already exists (old one deleted)

      ***** LEVEL  1 WARNING FROM <RTFRDR> *****
      ***** Residue already exists.
      ******************************************
      BOMLEV (  0) IS NOT REACHED. WRNLEV IS  5

          RESI DIHE       0.00
*** WARNING **** residue NC4  already exists (old one deleted)

      ***** LEVEL  1 WARNING FROM <RTFRDR> *****
      ***** Residue already exists.
      ******************************************
      BOMLEV (  0) IS NOT REACHED. WRNLEV IS  5

          RESI NC4          1.00
*** WARNING **** residue NC5  already exists (old one deleted)

      ***** LEVEL  1 WARNING FROM <RTFRDR> *****
      ***** Residue already exists.
      ******************************************
      BOMLEV (  0) IS NOT REACHED. WRNLEV IS  5

          RESI NC5          1.00
*** WARNING **** residue CHOL already exists (old one deleted)

      ***** LEVEL  1 WARNING FROM <RTFRDR> *****
      ***** Residue already exists.
      ******************************************
      BOMLEV (  0) IS NOT REACHED. WRNLEV IS  5

          RESI CHOL         1.00
*** WARNING **** residue ACHO already exists (old one deleted)

      ***** LEVEL  1 WARNING FROM <RTFRDR> *****
      ***** Residue already exists.
      ******************************************
      BOMLEV (  0) IS NOT REACHED. WRNLEV IS  5

          RESI ACHO         1.00
*** WARNING **** residue PC   already exists (old one deleted)

      ***** LEVEL  1 WARNING FROM <RTFRDR> *****
      ***** Residue already exists.
      ******************************************
      BOMLEV (  0) IS NOT REACHED. WRNLEV IS  5

          RESI PC           0.00
*** WARNING **** residue GPC  already exists (old one deleted)

      ***** LEVEL  1 WARNING FROM <RTFRDR> *****
      ***** Residue already exists.
      ******************************************
      BOMLEV (  0) IS NOT REACHED. WRNLEV IS  5

          RESI GPC          0.00
*** WARNING **** residue TEA  already exists (old one deleted)

      ***** LEVEL  1 WARNING FROM <RTFRDR> *****
      ***** Residue already exists.
      ******************************************
      BOMLEV (  0) IS NOT REACHED. WRNLEV IS  5

          RESI TEA          1.00
*** WARNING **** residue ETAM already exists (old one deleted)

      ***** LEVEL  1 WARNING FROM <RTFRDR> *****
      ***** Residue already exists.
      ******************************************
      BOMLEV (  0) IS NOT REACHED. WRNLEV IS  5

          RESI ETAM       1.00
*** WARNING **** residue GLYC already exists (old one deleted)

      ***** LEVEL  1 WARNING FROM <RTFRDR> *****
      ***** Residue already exists.
      ******************************************
      BOMLEV (  0) IS NOT REACHED. WRNLEV IS  5

          RESI GLYC         0.00
*** WARNING **** residue MBUT already exists (old one deleted)

      ***** LEVEL  1 WARNING FROM <RTFRDR> *****
      ***** Residue already exists.
      ******************************************
      BOMLEV (  0) IS NOT REACHED. WRNLEV IS  5

          RESI MBUT         0.00
 There were  25 warning(s) from RTFRDR.
  
 CHARMM>     
  
 CHARMM>    return
 VCLOSE: Closing unit   98 with status "KEEP"

                    RETURNING TO INPUT STREAM    99
  
 CHARMM>    stream toppar/toppar_all36_lipid_prot.str
 VOPEN> Attempting to open::toppar/toppar_all36_lipid_prot.str::
 OPNLGU> Unit 98 opened for READONLY access to toppar/toppar_all36_lipid_prot.str

                    INPUT STREAM SWITCHING TO UNIT    98
 RDTITL> * TOPOLOGY AND PARAMETERS FOR LIPID TAIL LINKERS TO CYSTEINE AND GLYCINE,
 RDTITL> * FOR EXAMPLE, PALMITOYLATION, MARISTOYLATION, FERNASYLATION, GERANYLATION
 RDTITL> *
 Parameter: IN1 <- "" <empty>
  
 CHARMM>     
  
 CHARMM>    read rtf card append
 MAINIO> Residue topology file being read from unit  98.
 RDTITL> * LIPID-MODIFIED PROTEIN RESIDUES
 RDTITL> *
  
 CHARMM>     
  
 CHARMM>    read para card append flex

          PARAMETER FILE BEING READ FROM UNIT 98
 RDTITL> * CYSTEIN-PALMITATE PARAMETERS
 RDTITL> *
 PARMIO> NONBOND, HBOND lists and IMAGE atoms cleared.
  
 CHARMM>     
  
 CHARMM>    return
 VCLOSE: Closing unit   98 with status "KEEP"

                    RETURNING TO INPUT STREAM    99
  
 CHARMM>    stream toppar/toppar_all36_lipid_tag.str
 VOPEN> Attempting to open::toppar/toppar_all36_lipid_tag.str::
 OPNLGU> Unit 98 opened for READONLY access to toppar/toppar_all36_lipid_tag.str

                    INPUT STREAM SWITCHING TO UNIT    98
 RDTITL> READ RTF CARD APPEND
 RDTITL> No title read.
 Parameter: IN1 <- "" <empty>
  
 CHARMM>    read rtf card append
 MAINIO> Residue topology file being read from unit  98.
 RDTITL> * TOPOLOGY FOR TRIACYLGLYCEROLS [STEPHEN GEE FROM LEHIGH UNIVERSITY]
 RDTITL> *
  
 VCLOSE: Closing unit   98 with status "KEEP"

                    RETURNING TO INPUT STREAM    99
  
 CHARMM>    stream toppar/toppar_all36_lipid_yeast.str
 VOPEN> Attempting to open::toppar/toppar_all36_lipid_yeast.str::
 OPNLGU> Unit 98 opened for READONLY access to toppar/toppar_all36_lipid_yeast.str

                    INPUT STREAM SWITCHING TO UNIT    98
 RDTITL> * TOPPAR STREAM FILE FOR BRANCHED AND CYCLIC CHAINED LIPIDS.  FOLLOWING READING OF
 RDTITL> * TOP_ALL36_LIPID.RTF
 RDTITL> * AND
 RDTITL> * PAR_ALL36_LIPID.RTF
 RDTITL> *
 Parameter: IN1 <- "" <empty>
  
 CHARMM>     
  
 CHARMM>    set nat ?NATC
 RDCMND substituted energy or value "?NATC" to "590"
 Parameter: NAT <- "590"
  
 CHARMM>    set app
 Parameter: APP <- "" <empty>
  
 CHARMM>    !We're exploiting what is arguably a bug in the parser. On the left hand side,
 CHARMM>    !the quotes have proirity, so NAT is correctly substituted. On the right hand
 CHARMM>    !side, the ? has priority and NATC" (sic) is not a valid substitution...
 CHARMM>    if "@NAT" ne "?NATC" if @nat ne 0 set app append
 Parameter: NAT -> "590"
 Parameter: NAT -> "590"
 RDCMND: can not substitute energy "?NATC""
 Comparing ""590"" and ""?NATC"".
 IF test evaluated as true.  Performing command
 Comparing "590" and "0".
 IF test evaluated as true.  Performing command
 Parameter: APP <- "APPEND"
  
 CHARMM>     
  
 CHARMM>    read rtf card @app
 Parameter: APP -> "APPEND"
 MAINIO> Residue topology file being read from unit  98.
 RDTITL> * CHOLESTEROL RESIDUES
 RDTITL> *
  
 CHARMM>     
  
 CHARMM>    read para card flex @app
 Parameter: APP -> "APPEND"

          PARAMETER FILE BEING READ FROM UNIT 98
 RDTITL> * NEW PARAMETERS
 RDTITL> *
 PARMIO> NONBOND, HBOND lists and IMAGE atoms cleared.
  
 CHARMM>     
  
 CHARMM>    return
 VCLOSE: Closing unit   98 with status "KEEP"

                    RETURNING TO INPUT STREAM    99
  
 CHARMM>    stream toppar/toppar_all36_lipid_hmmm.str
 VOPEN> Attempting to open::toppar/toppar_all36_lipid_hmmm.str::
 OPNLGU> Unit 98 opened for READONLY access to toppar/toppar_all36_lipid_hmmm.str

                    INPUT STREAM SWITCHING TO UNIT    98
 RDTITL> READ RTF CARD APPEND FLEX
 RDTITL> No title read.
 Parameter: IN1 <- "" <empty>
  
 CHARMM>    read rtf card append flex
 MAINIO> Residue topology file being read from unit  98.
 RDTITL> * TOPOLOGY FOR TERMINAL PATCHES FOR HMMM TRUNCATED LIPIDS
 RDTITL> *

      ***** LEVEL  1 WARNING FROM <DECODF> *****
      ***** Zero length string
      ******************************************
      BOMLEV (  0) IS NOT REACHED. WRNLEV IS  5

 WARNING from DECODF -- Zero length string being converted to 0.

      ***** LEVEL  1 WARNING FROM <DECODF> *****
      ***** Zero length string
      ******************************************
      BOMLEV (  0) IS NOT REACHED. WRNLEV IS  5

 WARNING from DECODF -- Zero length string being converted to 0.

      ***** LEVEL  1 WARNING FROM <DECODF> *****
      ***** Zero length string
      ******************************************
      BOMLEV (  0) IS NOT REACHED. WRNLEV IS  5

 WARNING from DECODF -- Zero length string being converted to 0.

      ***** LEVEL  1 WARNING FROM <DECODF> *****
      ***** Zero length string
      ******************************************
      BOMLEV (  0) IS NOT REACHED. WRNLEV IS  5

 WARNING from DECODF -- Zero length string being converted to 0.

      ***** LEVEL  1 WARNING FROM <DECODF> *****
      ***** Zero length string
      ******************************************
      BOMLEV (  0) IS NOT REACHED. WRNLEV IS  5

 WARNING from DECODF -- Zero length string being converted to 0.

      ***** LEVEL  1 WARNING FROM <DECODF> *****
      ***** Zero length string
      ******************************************
      BOMLEV (  0) IS NOT REACHED. WRNLEV IS  5

 WARNING from DECODF -- Zero length string being converted to 0.

      ***** LEVEL  1 WARNING FROM <DECODF> *****
      ***** Zero length string
      ******************************************
      BOMLEV (  0) IS NOT REACHED. WRNLEV IS  5

 WARNING from DECODF -- Zero length string being converted to 0.

      ***** LEVEL  1 WARNING FROM <DECODF> *****
      ***** Zero length string
      ******************************************
      BOMLEV (  0) IS NOT REACHED. WRNLEV IS  5

 WARNING from DECODF -- Zero length string being converted to 0.
  
 CHARMM>     
  
 CHARMM>    read para card flex @app
 Parameter: APP -> "APPEND"

          PARAMETER FILE BEING READ FROM UNIT 98
 RDTITL> * NEW PARAMETERS
 RDTITL> *
 PARMIO> NONBOND, HBOND lists and IMAGE atoms cleared.
  
 CHARMM>     
  
 CHARMM>    return
 VCLOSE: Closing unit   98 with status "KEEP"

                    RETURNING TO INPUT STREAM    99
  
 CHARMM>    stream toppar/toppar_all36_lipid_detergent.str
 VOPEN> Attempting to open::toppar/toppar_all36_lipid_detergent.str::
 OPNLGU> Unit 98 opened for READONLY access to toppar/toppar_all36_lipid_detergent.str

                    INPUT STREAM SWITCHING TO UNIT    98
 RDTITL> * TOPPAR STREAM FILE FOR DETERGENTS AND FATTY ACIDS.
 RDTITL> * STREAM FOLLOWING READING OF
 RDTITL> * TOP_ALL36_LIPID.RTF
 RDTITL> * AND
 RDTITL> * PAR_ALL36_LIPID.RTF
 RDTITL> *
 Parameter: IN1 <- "" <empty>
  
 CHARMM>     
  
 CHARMM>    !Additional residues added by Im lab, Aug. 2017
 CHARMM>     
  
 CHARMM>    !Fatty acids added Jan. 2016
 CHARMM>     
  
 CHARMM>    read rtf card append
 MAINIO> Residue topology file being read from unit  98.
 RDTITL> * DETERGENT AND FATTY ACID RESIDUES
 RDTITL> *
  
 CHARMM>     
  
 CHARMM>    read para card append flex

          PARAMETER FILE BEING READ FROM UNIT 98
 RDTITL> * SB3-12 AND SB3-14 PARAMETERS
 RDTITL> *
 PARMIO> NONBOND, HBOND lists and IMAGE atoms cleared.
  
 CHARMM>     
  
 CHARMM>    return
 VCLOSE: Closing unit   98 with status "KEEP"

                    RETURNING TO INPUT STREAM    99
  
 CHARMM>    stream toppar/toppar_all36_lipid_ether.str
 VOPEN> Attempting to open::toppar/toppar_all36_lipid_ether.str::
 OPNLGU> Unit 98 opened for READONLY access to toppar/toppar_all36_lipid_ether.str

                    INPUT STREAM SWITCHING TO UNIT    98
 RDTITL> * CHARMM36 ALL-HYDROGEN ETHER LIPID FORCE FIELD INCLUDING PLASMALOGENS ALISON
 RDTITL> * N. LEONARD (A. L.), 7/18 WITH RICHARD PASTOR AND JEFFERY KLAUDA, JPCB 122(26)
 RDTITL> * PP. 6744 - 6754.  ANA WEST, 1/20 WITH VALERIA ZONI, WALTER TEAGUE JR., ALISON
 RDTITL> * LEONARD, STEFANO VANNI, KLAUS GAWRISCH, STEPHANIE TRISTAM-NAGLE, JONATHAN
 RDTITL> * SACHS, AND JEFFERY KLAUDA, JPCB 124(5) PP. 828 - 839.
 RDTITL> *
 Parameter: IN1 <- "" <empty>
  
 CHARMM>     
  
 CHARMM>    !Parent files that have to be read prior to streaming this file
 CHARMM>    !top_all36_lipid.rtf
 CHARMM>    !par_all36_lipid.prm
 CHARMM>    !top_all36_cgenff.rtf
 CHARMM>    !par_all36_cgenff.prm
 CHARMM>     
  
 CHARMM>    read rtf card append
 MAINIO> Residue topology file being read from unit  98.
 RDTITL> * C36 ETHER MODEL COMPOUNDS
 RDTITL> *

      ***** LEVEL  1 WARNING FROM <DECODF> *****
      ***** Zero length string
      ******************************************
      BOMLEV (  0) IS NOT REACHED. WRNLEV IS  5

 WARNING from DECODF -- Zero length string being converted to 0.

      ***** LEVEL  1 WARNING FROM <DECODF> *****
      ***** Zero length string
      ******************************************
      BOMLEV (  0) IS NOT REACHED. WRNLEV IS  5

 WARNING from DECODF -- Zero length string being converted to 0.

      ***** LEVEL  1 WARNING FROM <DECODF> *****
      ***** Zero length string
      ******************************************
      BOMLEV (  0) IS NOT REACHED. WRNLEV IS  5

 WARNING from DECODF -- Zero length string being converted to 0.
  
 CHARMM>     
  
 CHARMM>    read para card flex append

          PARAMETER FILE BEING READ FROM UNIT 98
 RDTITL> * PARAMETERS
 RDTITL> *
 PARMIO> NONBOND, HBOND lists and IMAGE atoms cleared.
  
 CHARMM>     
  
 CHARMM>    return
 VCLOSE: Closing unit   98 with status "KEEP"

                    RETURNING TO INPUT STREAM    99
  
 CHARMM>    stream toppar/toppar_all36_lipid_oxidized.str
 VOPEN> Attempting to open::toppar/toppar_all36_lipid_oxidized.str::
 OPNLGU> Unit 98 opened for READONLY access to toppar/toppar_all36_lipid_oxidized.str

                    INPUT STREAM SWITCHING TO UNIT    98
 RDTITL> READ RTF CARD APPEND
 RDTITL> No title read.
 Parameter: IN1 <- "" <empty>
  
 CHARMM>    read rtf card append
 MAINIO> Residue topology file being read from unit  98.
 RDTITL> * TOPOLOGY FOR OXIDIZED PHOSPHOLIPID
 RDTITL> *

      ***** LEVEL  1 WARNING FROM <rtfrdr> *****
      ***** No AUTOgen defaults specified in appended RTF. Potential conflict with prior RTF autogen options. Check.
      ******************************************
      BOMLEV (  0) IS NOT REACHED. WRNLEV IS  5

  
 CHARMM>     
  
 CHARMM>    read param card flex append

          PARAMETER FILE BEING READ FROM UNIT 98
 RDTITL> * ADDITIONAL PARAMETERS FOR OXIDIZED PHOSPHOLIPIDS
 RDTITL> *
 PARMIO> NONBOND, HBOND lists and IMAGE atoms cleared.
  
 CHARMM>     
  
 CHARMM>    RETURN
 VCLOSE: Closing unit   98 with status "KEEP"

                    RETURNING TO INPUT STREAM    99
  
 CHARMM>     
  
 CHARMM>    ! Additional topologies and parameters for carbohydrates
 CHARMM>    stream toppar/toppar_all36_carb_glycolipid.str
 VOPEN> Attempting to open::toppar/toppar_all36_carb_glycolipid.str::
 OPNLGU> Unit 98 opened for READONLY access to toppar/toppar_all36_carb_glycolipid.str

                    INPUT STREAM SWITCHING TO UNIT    98
 RDTITL> READ RTF CARD APPEND
 RDTITL> No title read.
 Parameter: IN1 <- "" <empty>
  
 CHARMM>    read rtf card append
 MAINIO> Residue topology file being read from unit  98.
 RDTITL> * TOPOLOGY FOR GLYCOLIPIDS
 RDTITL> *
  
 CHARMM>     
  
 CHARMM>    read param card flex append

          PARAMETER FILE BEING READ FROM UNIT 98
 RDTITL> * PIP RELATED PARAMETERS
 RDTITL> *
 PARMIO> NONBOND, HBOND lists and IMAGE atoms cleared.
  
 CHARMM>     
  
 CHARMM>    RETURN
 VCLOSE: Closing unit   98 with status "KEEP"

                    RETURNING TO INPUT STREAM    99
  
 CHARMM>    stream toppar/toppar_all36_carb_glycopeptide.str
 VOPEN> Attempting to open::toppar/toppar_all36_carb_glycopeptide.str::
 OPNLGU> Unit 98 opened for READONLY access to toppar/toppar_all36_carb_glycopeptide.str

                    INPUT STREAM SWITCHING TO UNIT    98
 RDTITL> READ RTF CARD APPEND
 RDTITL> No title read.
 Parameter: IN1 <- "" <empty>
  
 CHARMM>    read rtf card append
 MAINIO> Residue topology file being read from unit  98.
 RDTITL> * TOPOLOGY FOR GLYCOPEPTIDE LINKAGES
 RDTITL> *
  
 CHARMM>     
  
 CHARMM>    read param card flex append

          PARAMETER FILE BEING READ FROM UNIT 98
 RDTITL> *    NEW PARAMETES
 RDTITL> *
 PARMIO> NONBOND, HBOND lists and IMAGE atoms cleared.
  
 CHARMM>     
  
 CHARMM>     
  
 CHARMM>    RETURN
 VCLOSE: Closing unit   98 with status "KEEP"

                    RETURNING TO INPUT STREAM    99
  
 CHARMM>    stream toppar/toppar_all36_carb_imlab.str
 VOPEN> Attempting to open::toppar/toppar_all36_carb_imlab.str::
 OPNLGU> Unit 98 opened for READONLY access to toppar/toppar_all36_carb_imlab.str

                    INPUT STREAM SWITCHING TO UNIT    98
 RDTITL> READ RTF CARD APPEND
 RDTITL> No title read.
 Parameter: IN1 <- "" <empty>
  
 CHARMM>    read rtf card append
 MAINIO> Residue topology file being read from unit  98.
 RDTITL> * GLYCAN CHEMICAL MODIFICATION PATCHES
 RDTITL> *
  
 CHARMM>     
  
 CHARMM>    read param card flex append

          PARAMETER FILE BEING READ FROM UNIT 98
 RDTITL> * GLYCAN CHEMICAL MODIFICATION PATCHES
 RDTITL> *
 PARMIO> NONBOND, HBOND lists and IMAGE atoms cleared.
  
 CHARMM>     
  
 CHARMM>    RETURN
 VCLOSE: Closing unit   98 with status "KEEP"

                    RETURNING TO INPUT STREAM    99
  
 CHARMM>     
  
 CHARMM>    ! Additional topologies and parameters for spin/fluorophore labels
 CHARMM>    stream toppar/toppar_all36_label_spin.str
 VOPEN> Attempting to open::toppar/toppar_all36_label_spin.str::
 OPNLGU> Unit 98 opened for READONLY access to toppar/toppar_all36_label_spin.str

                    INPUT STREAM SWITCHING TO UNIT    98
 RDTITL> *>>>>> TOPOLOGY FOR NITROXYDE SPIN LABELS <<<<<<<
 RDTITL> * SHAHIDUL M. ISLAM, UNIVERSITY OF CHICAGO
 RDTITL> *
 Parameter: IN1 <- "" <empty>
  
 CHARMM>     
  
 CHARMM>    ! please reference the following:
 CHARMM>    !Sezer, D., Freed J. H., and Roux, B. “Parametrization, Molecular Dynamics Simulation, and Calculation of Electron Spin
 CHARMM>    !Resonance Spectra of a Nitroxide Spin Label on a Polyalanine alpha-Helix” J. Phys. Chem. B 2008, 112, 5755-5767
 CHARMM>     
  
 CHARMM>    !Islam, S. M., and Roux, B. “Parameterization and molecular dynamics simulations of a
 CHARMM>    !conformationally constrained double linked spin label constrained by EPR/DEER data”
 CHARMM>    !(planed submission to J journal)
 CHARMM>     
  
 CHARMM>    !test "append" to determine if previous toppar files have been read and
 CHARMM>    !add append to "read rtf card" if true
 CHARMM>    set nat ?NATC
 RDCMND substituted energy or value "?NATC" to "590"
 Parameter: NAT <- "590"
  
 CHARMM>    set app
 Parameter: APP <- "" <empty>
  
 CHARMM>    !We're exploiting what is arguably a bug in the parser. On the left hand side,
 CHARMM>    !the quotes have proirity, so NAT is correctly substituted. On the right hand
 CHARMM>    !side, the ? has priority and NATC" (sic) is not a valid substitution...
 CHARMM>    if "@NAT" ne "?NATC" if @nat ne 0 set app append
 Parameter: NAT -> "590"
 Parameter: NAT -> "590"
 RDCMND: can not substitute energy "?NATC""
 Comparing ""590"" and ""?NATC"".
 IF test evaluated as true.  Performing command
 Comparing "590" and "0".
 IF test evaluated as true.  Performing command
 Parameter: APP <- "APPEND"
  
 CHARMM>     
  
 CHARMM>     
  
 CHARMM>    read rtf card @app
 Parameter: APP -> "APPEND"
 MAINIO> Residue topology file being read from unit  98.
 RDTITL> * TOPOLOGY FOR SPIN LABEL
 RDTITL> *
  
 CHARMM>     
  
 CHARMM>     
  
 CHARMM>    read para card flex @app
 Parameter: APP -> "APPEND"

          PARAMETER FILE BEING READ FROM UNIT 98
 RDTITL> * PARAMETERS FOR SPIN LABEL
 RDTITL> *
 PARMIO> NONBOND, HBOND lists and IMAGE atoms cleared.
  
 CHARMM>     
  
 CHARMM>    return
 VCLOSE: Closing unit   98 with status "KEEP"

                    RETURNING TO INPUT STREAM    99
  
 CHARMM>    stream toppar/toppar_all36_label_fluorophore.str
 VOPEN> Attempting to open::toppar/toppar_all36_label_fluorophore.str::
 OPNLGU> Unit 98 opened for READONLY access to toppar/toppar_all36_label_fluorophore.str

                    INPUT STREAM SWITCHING TO UNIT    98
 RDTITL> READ RTF CARD APPEND
 RDTITL> No title read.
 Parameter: IN1 <- "" <empty>
  
 CHARMM>    read rtf card append
 MAINIO> Residue topology file being read from unit  98.
 RDTITL> * TOPOLOGY FILES
 RDTITL> *
  
 CHARMM>     
  
 CHARMM>    read param card flex append

          PARAMETER FILE BEING READ FROM UNIT 98
 RDTITL> * MINI FORCE FIELD PARAMETER FILE.
 RDTITL> *
 PARMIO> NONBOND, HBOND lists and IMAGE atoms cleared.
  
 CHARMM>     
  
 VCLOSE: Closing unit   98 with status "KEEP"

                    RETURNING TO INPUT STREAM    99
  
 CHARMM>     
  
 CHARMM>     
  
 CHARMM>     
  
 VCLOSE: Closing unit   99 with status "KEEP"

                    RETURNING TO INPUT STREAM     5
  
 CHARMM>     
  
 CHARMM>    define PROT sele none end
 SELRPN>      0 atoms have been selected out of      0
  
 CHARMM>     
  
 CHARMM>    !Read the system information
 CHARMM>    stream step3_size.str
 VOPEN> Attempting to open::step3_size.str::
 OPNLGU> Unit 99 opened for READONLY access to step3_size.str

                    INPUT STREAM SWITCHING TO UNIT    99
 RDTITL> SET BOXTYPE  = RECT
 RDTITL> No title read.
 Parameter: IN1 <- "" <empty>
  
 CHARMM>     SET BOXTYPE  = RECT
 Parameter: BOXTYPE <- "RECT"
  
 CHARMM>     SET XTLTYPE  = TETRAGONAL
 Parameter: XTLTYPE <- "TETRAGONAL"
  
 CHARMM>     SET A        = 76.8049478
 Parameter: A <- "76.8049478"
  
 CHARMM>     SET B        = 76.8049478
 Parameter: B <- "76.8049478"
  
 CHARMM>     SET C        = 100
 Parameter: C <- "100"
  
 CHARMM>     SET ALPHA    = 90.0
 Parameter: ALPHA <- "90.0"
  
 CHARMM>     SET BETA     = 90.0
 Parameter: BETA <- "90.0"
  
 CHARMM>     SET GAMMA    = 90.0
 Parameter: GAMMA <- "90.0"
  
 CHARMM>     SET ZCEN     = 0
 Parameter: ZCEN <- "0"
  
 CHARMM>     SET NLIPTOP  = 100
 Parameter: NLIPTOP <- "100"
  
 CHARMM>     SET NLIPBOT  = 100
 Parameter: NLIPBOT <- "100"
  
 CHARMM>     SET WBOXZ    = 30
 Parameter: WBOXZ <- "30"
  
 CHARMM>     SET WATBOXZ  = 30
 Parameter: WATBOXZ <- "30"
  
 CHARMM>     SET NCHARGE  = 0
 Parameter: NCHARGE <- "0"
  
 VCLOSE: Closing unit   99 with status "KEEP"

                    RETURNING TO INPUT STREAM     5
  
 CHARMM>    stream step4_components.str
 VOPEN> Attempting to open::step4_components.str::
 OPNLGU> Unit 99 opened for READONLY access to step4_components.str

                    INPUT STREAM SWITCHING TO UNIT    99
 RDTITL> SET NWATER = 70
 RDTITL> No title read.
 Parameter: IN1 <- "" <empty>
  
 CHARMM>     SET NWATER = 70
 Parameter: NWATER <- "70"
  
 VCLOSE: Closing unit   99 with status "KEEP"

                    RETURNING TO INPUT STREAM     5
  
 CHARMM>    if islconj .eq. YES stream step3_lipid_conjugate.str
 Comparing "ISLCONJ" and "YES".
 IF test evaluated as false.  Skipping command
  
 CHARMM>     
  
 CHARMM>    ! Read Lipids
 CHARMM>    open read unit 10 card name step4_lipid_lipid.psf
 OPNLGU> Unit already open. The old file will be closed first.
 VCLOSE: Closing unit   10 with status "KEEP"
 VOPEN> Attempting to open::step4_lipid_lipid.psf::
 OPNLGU> Unit 10 opened for READONLY access to step4_lipid_lipid.psf
  
 CHARMM>    read psf  unit 10 card append
 MAINIO> Protein structure file being appended from unit  10.
 psf_read_formatted: Reading PSF in the expanded format.
 TITLE>  * GENERATED BY CHARMM-GUI (HTTP://WWW.CHARMM-GUI.ORG) V3.7 ON JUL, 11. 2024. JOB
 TITLE>  * GET A DIFFERENT CONFORMATION FOR LIPIDS PENETRATING PROTEIN / CHOL
 TITLE>  *  DATE:     7/11/24      0:32:32      CREATED BY USER: apache
 TITLE>  *
 PSFSUM> PSF modified: NONBOND lists and IMAGE atoms cleared.
 PSFSUM> Summary of the structure file counters :
         Number of segments      =        1   Number of residues   =      200
         Number of atoms         =    24900   Number of groups     =     7000
         Number of bonds         =    24860   Number of angles     =    48040
         Number of dihedrals     =    68580   Number of impropers  =      320
         Number of cross-terms   =        0   Number of autogens   =        0
         Number of HB acceptors  =        0   Number of HB donors  =        0
         Number of NB exclusions =        0   Total charge =    0.00000
  
 CHARMM>     
  
 CHARMM>    open read unit 10 card name step4_lipid_lipid.crd
 OPNLGU> Unit already open. The old file will be closed first.
 VCLOSE: Closing unit   10 with status "KEEP"
 VOPEN> Attempting to open::step4_lipid_lipid.crd::
 OPNLGU> Unit 10 opened for READONLY access to step4_lipid_lipid.crd
  
 CHARMM>    read coor unit 10 card append
          SPATIAL COORDINATES BEING READ FROM UNIT 10
 TITLE> * GENERATED BY CHARMM-GUI (HTTP://WWW.CHARMM-GUI.ORG) V3.7 ON JUL, 11. 2024. JOB
 TITLE> * GET A DIFFERENT CONFORMATION FOR LIPIDS PENETRATING PROTEIN / CHOL
 TITLE> *  DATE:     7/11/24      0:32:32      CREATED BY USER: APACHE
 TITLE> *
  
 CHARMM>     
  
 CHARMM>    ! Write coordinates
 CHARMM>    open write unit 10 card name step4.3_ion_protmemb.crd
 OPNLGU> Unit already open. The old file will be closed first.
 VCLOSE: Closing unit   10 with status "KEEP"
 VOPEN> Attempting to open::step4.3_ion_protmemb.crd::
 OPNLGU> Unit 10 opened for WRITE access to step4.3_ion_protmemb.crd
  
 CHARMM>    write coor unit 10 card
 RDTITL>  
 RDTITL> No title read.
 VCLOSE: Closing unit   10 with status "KEEP"
  
 CHARMM>     
  
 CHARMM>    define LPSION sele none end
 SELRPN>      0 atoms have been selected out of  24900
  
 CHARMM>     
  
 CHARMM>    !
 CHARMM>    ! conc    : concentration (M)
 CHARMM>    ! volumn  : ion accessible volume (Ang**3)
 CHARMM>    ! npos    : number of positive ions
 CHARMM>    ! nneg    : number of negative ions
 CHARMM>    ! nion    : number of positive and negative ions of a particular compound
 CHARMM>    ! npostot : total number of all positive ions
 CHARMM>    ! nnegtot : total number of all negative ions
 CHARMM>    ! niontot : total number of all ions
 CHARMM>    !
 CHARMM>     
  
 CHARMM>    set zmemb =  20.0           ! ion exclusion membrane region
 Parameter: ZMEMB <- "20.0"
  
 CHARMM>     
  
 CHARMM>    ! protein volume, calculation with a grid spacing of 0.5
 CHARMM>    coor stat
 STATISTICS FOR     24900 SELECTED ATOMS:
    XMIN =  -43.355765 XMAX =   46.016230 XAVE =    0.262311
    YMIN =  -43.695252 YMAX =   43.321175 YAVE =    0.152040
    ZMIN =  -30.348879 ZMAX =   30.115259 ZAVE =    0.029151
    WMIN =    0.000000 WMAX =    0.000000 WAVE =    0.000000
  
 CHARMM>     
  
 CHARMM>    calc dcel = 0.5
Evaluating: 0.5
 Parameter: DCEL <- "0.5"
  
 CHARMM>    calc xdim = int ( ( ?xmax - ?xmin + 5.0 ) / @dcel ) + 1
 Parameter: DCEL -> "0.5"
 RDCMND substituted energy or value "?XMAX" to "46.0162301"
 RDCMND substituted energy or value "?XMIN" to "-43.3557654"
Evaluating: INT((46.0162301--43.3557654+5.0)/0.5)+1
 Parameter: XDIM <- "189"
  
 CHARMM>    calc ydim = int ( ( ?ymax - ?ymin + 5.0 ) / @dcel ) + 1
 Parameter: DCEL -> "0.5"
 RDCMND substituted energy or value "?YMAX" to "43.3211749"
 RDCMND substituted energy or value "?YMIN" to "-43.6952518"
Evaluating: INT((43.3211749--43.6952518+5.0)/0.5)+1
 Parameter: YDIM <- "185"
  
 CHARMM>    calc zdim = int ( ( ?zmax - ?zmin + 5.0 ) / @dcel ) + 1
 Parameter: DCEL -> "0.5"
 RDCMND substituted energy or value "?ZMAX" to "30.115259"
 RDCMND substituted energy or value "?ZMIN" to "-30.3488786"
Evaluating: INT((30.115259--30.3488786+5.0)/0.5)+1
 Parameter: ZDIM <- "131"
  
 CHARMM>    calc space = @xdim * @ydim * @zdim
 Parameter: XDIM -> "189"
 Parameter: YDIM -> "185"
 Parameter: ZDIM -> "131"
Evaluating: 189*185*131
 Parameter: SPACE <- "4580415"
  
 CHARMM>     
  
 CHARMM>    ! prevent overflow on integer conversion
 CHARMM>    calc maxint = 2**32 / 2 - 1
Evaluating: 2**32/2-1
 Parameter: MAXINT <- "2.147483647E+09"
  
 CHARMM>    if space .gt. @maxint calc space = @maxint
 Parameter: MAXINT -> "2.147483647E+09"
 Parameter: MAXINT -> "2.147483647E+09"
 Comparing "4580415" and "2.147483647E+09".
 IF test evaluated as false.  Skipping command
  
 CHARMM>     
  
 CHARMM>    scalar wmain = radius
  
 CHARMM>    scalar wmain add 1.4    ! use solvent accessible surface for molecular volume
  
 CHARMM>    scalar 1 = wmain
  
 CHARMM>    scalar 2 set 6.0
  
 CHARMM>    coor volume hole space @space sele .not. resname TIP3 end
 Parameter: SPACE -> "4580415"
 SELRPN>  24900 atoms have been selected out of  24900
 COMPUTING VOLUME PER ATOM WITH:
   XMIN=    -46.0958 XMAX=     48.7562 NX= 189
   YMIN=    -46.4353 YMAX=     46.0612 NY= 184
   ZMIN=    -32.9142 ZMAX=     32.9582 NZ= 131


 A TOTAL OF    11526   VACUUM POINTS WERE FOUND
 A TOTAL OF  2346911 OCCUPIED POINTS WERE FOUND
 A TOTAL OF  2197219 EXTERNAL POINTS WERE FOUND
 A TOTAL OF  4544130 SELECTED POINTS WERE FOUND
 TOTAL OCCUPIED  VOLUME =  297728.847537
 TOTAL SELECTED  VOLUME =  576467.785935
 TOTAL FREE      VOLUME =    1462.186975
 FRACTIONAL FREE VOLUME =       0.488713
  
 CHARMM>     
  
 CHARMM>    set sysvol = ?volume
 RDCMND substituted energy or value "?VOLUME" to "297728.848"
 Parameter: SYSVOL <- "297728.848"
  
 CHARMM>     
  
 CHARMM>    IF BOXTYPE .ne. HEXA then
 Comparing "RECT" and "HEXA".
 IF test evaluated as true.  Performing command
  
 CHARMM>       calc volumn = ( @A * @B * @C ) - @sysvol
 Parameter: A -> "76.8049478"
 Parameter: B -> "76.8049478"
 Parameter: C -> "100"
 Parameter: SYSVOL -> "297728.848"
Evaluating: (76.8049478*76.8049478*100)-297728.848
 Parameter: VOLUMN <- "292171.153"
  
 CHARMM>    ENDIF
  
 CHARMM>     
  
 CHARMM>    IF BOXTYPE .eq. HEXA THEN
 Comparing "RECT" and "HEXA".
 IF test evaluated as false.  Skip to ELSE or ENDIF
  
 CHARMM>     
  
 CHARMM>    if @?nlipaion  .eq. 0 set nlipaion  = 0
 Comparing "0" and "0".
 IF test evaluated as true.  Performing command
 Parameter: NLIPAION <- "0"
  
 CHARMM>    if @?ncoreion  .eq. 0 set ncoreion  = 0
 Comparing "0" and "0".
 IF test evaluated as true.  Performing command
 Parameter: NCOREION <- "0"
  
 CHARMM>    if @?noantiion .eq. 0 set noantiion = 0
 Comparing "0" and "0".
 IF test evaluated as true.  Performing command
 Parameter: NOANTIION <- "0"
  
 CHARMM>     
  
 CHARMM>    calc npostot = @nlipaion + @ncoreion + @noantiion
 Parameter: NLIPAION -> "0"
 Parameter: NCOREION -> "0"
 Parameter: NOANTIION -> "0"
Evaluating: 0+0+0
 Parameter: NPOSTOT <- "0"
  
 CHARMM>    calc nnegtot = 0
Evaluating: 0
 Parameter: NNEGTOT <- "0"
  
 CHARMM>    calc niontot = @npostot
 Parameter: NPOSTOT -> "0"
Evaluating: 0
 Parameter: NIONTOT <- "0"
  
 CHARMM>     
  
 CHARMM>    define ALLIONS sele none end
 SELRPN>      0 atoms have been selected out of  24900
  
 CHARMM>     
  
 CHARMM>    set ionind = 1
 Parameter: IONIND <- "1"
  
 CHARMM>    label do_ion
  
 CHARMM>        define POS sele none end
 SELRPN>      0 atoms have been selected out of  24900
  
 CHARMM>        define NEG sele none end
 SELRPN>      0 atoms have been selected out of  24900
  
 CHARMM>     
  
 CHARMM>        stream step2.2_ions_count.str @ionind
 Parameter: IONIND -> "1"
 VOPEN> Attempting to open::step2.2_ions_count.str::
 OPNLGU> Unit 99 opened for READONLY access to step2.2_ions_count.str

                    INPUT STREAM SWITCHING TO UNIT    99
 RDTITL> * NUMBER OF EACH ION STRUCTURE, AS CHOSEN BY USER;
 RDTITL> * USAGE: STREAM STEP2_IONS_COUNT.STR INDEX
 RDTITL> *
 Parameter: IN1 <- "1"
  
 CHARMM>     
  
 CHARMM>    if @?IN1 .eq. 0 stop ! ABNORMAL TERMINATION: missing index
 Comparing "1" and "0".
 IF test evaluated as false.  Skipping command
  
 CHARMM>     
  
 CHARMM>    set isusercation = 0
 Parameter: ISUSERCATION <- "0"
  
 CHARMM>    set isuseranion  = 0
 Parameter: ISUSERANION <- "0"
  
 CHARMM>    if @IN1 .eq. 1 set pos = SOD
 Parameter: IN1 -> "1"
 Comparing "1" and "1".
 IF test evaluated as true.  Performing command
 Parameter: POS <- "SOD"
  
 CHARMM>    if @IN1 .eq. 1 set neg = CLA
 Parameter: IN1 -> "1"
 Comparing "1" and "1".
 IF test evaluated as true.  Performing command
 Parameter: NEG <- "CLA"
  
 CHARMM>    if @IN1 .eq. 1 set poscharge = 1
 Parameter: IN1 -> "1"
 Comparing "1" and "1".
 IF test evaluated as true.  Performing command
 Parameter: POSCHARGE <- "1"
  
 CHARMM>    if @IN1 .eq. 1 set negcharge = 1
 Parameter: IN1 -> "1"
 Comparing "1" and "1".
 IF test evaluated as true.  Performing command
 Parameter: NEGCHARGE <- "1"
  
 CHARMM>    if @IN1 .eq. 1 set posval = 1
 Parameter: IN1 -> "1"
 Comparing "1" and "1".
 IF test evaluated as true.  Performing command
 Parameter: POSVAL <- "1"
  
 CHARMM>    if @IN1 .eq. 1 set negval = 1
 Parameter: IN1 -> "1"
 Comparing "1" and "1".
 IF test evaluated as true.  Performing command
 Parameter: NEGVAL <- "1"
  
 CHARMM>    if @IN1 .eq. 1 set conc = 0.15
 Parameter: IN1 -> "1"
 Comparing "1" and "1".
 IF test evaluated as true.  Performing command
 Parameter: CONC <- "0.15"
  
 CHARMM>    if @IN1 .eq. 1 set natompos = 1
 Parameter: IN1 -> "1"
 Comparing "1" and "1".
 IF test evaluated as true.  Performing command
 Parameter: NATOMPOS <- "1"
  
 CHARMM>    if @IN1 .eq. 1 set natomneg = 1
 Parameter: IN1 -> "1"
 Comparing "1" and "1".
 IF test evaluated as true.  Performing command
 Parameter: NATOMNEG <- "1"
  
 CHARMM>    if @IN1 .eq. 1 set isusercation = 0
 Parameter: IN1 -> "1"
 Comparing "1" and "1".
 IF test evaluated as true.  Performing command
 Parameter: ISUSERCATION <- "0"
  
 CHARMM>    if @IN1 .eq. 1 set isuseranion  = 0
 Parameter: IN1 -> "1"
 Comparing "1" and "1".
 IF test evaluated as true.  Performing command
 Parameter: ISUSERANION <- "0"
  
 CHARMM>     
  
 CHARMM>     
  
 CHARMM>    set neutral_index = 1
 Parameter: NEUTRAL_INDEX <- "1"
  
 CHARMM>    set niontypes = 1
 Parameter: NIONTYPES <- "1"
  
 CHARMM>     
  
 VCLOSE: Closing unit   99 with status "KEEP"

                    RETURNING TO INPUT STREAM     5
  
 CHARMM>     
  
 CHARMM>        calc ncharge = int( ?cgtot )
 RDCMND substituted energy or value "?CGTOT" to "5.273559367E-16"
Evaluating: INT(5.273559367E-16)
 Parameter: NCHARGE <- "0"
  
 CHARMM>        calc cgtot = ?cgtot
 RDCMND substituted energy or value "?CGTOT" to "5.273559367E-16"
Evaluating: 5.273559367E-16
 Parameter: CGTOT <- "5.273559367E-16"
  
 CHARMM>     
  
 CHARMM>        calc npos = 0
Evaluating: 0
 Parameter: NPOS <- "0"
  
 CHARMM>        calc nneg = 0
Evaluating: 0
 Parameter: NNEG <- "0"
  
 CHARMM>        if neutral_index .eq. @ionind then
 Parameter: IONIND -> "1"
 Comparing "1" and "1".
 IF test evaluated as true.  Performing command
  
 CHARMM>            if ncharge .lt. 0 calc npos = int( abs( @cgtot ) / @poscharge )
 Parameter: CGTOT -> "5.273559367E-16"
 Parameter: POSCHARGE -> "1"
 Comparing "0" and "0".
 IF test evaluated as false.  Skipping command
  
 CHARMM>            if ncharge .gt. 0 calc nneg = int( abs( @cgtot ) / @negcharge )
 Parameter: CGTOT -> "5.273559367E-16"
 Parameter: NEGCHARGE -> "1"
 Comparing "0" and "0".
 IF test evaluated as false.  Skipping command
  
 CHARMM>        endif
  
 CHARMM>     
  
 CHARMM>        calc diff   = int ( @cgtot + @npos*@poscharge - @nneg*@negcharge )
 Parameter: CGTOT -> "5.273559367E-16"
 Parameter: NPOS -> "0"
 Parameter: POSCHARGE -> "1"
 Parameter: NNEG -> "0"
 Parameter: NEGCHARGE -> "1"
Evaluating: INT(5.273559367E-16+0*1-0*1)
 Parameter: DIFF <- "0"
  
 CHARMM>     
  
 CHARMM>        if neutral_index .eq. @ionind then
 Parameter: IONIND -> "1"
 Comparing "1" and "1".
 IF test evaluated as true.  Performing command
  
 CHARMM>            set ntries = 0
 Parameter: NTRIES <- "0"
  
 CHARMM>            label neutral
  
 CHARMM>                if diff .gt. 0 calc nneg = @nneg + 1
 Parameter: NNEG -> "0"
 Comparing "0" and "0".
 IF test evaluated as false.  Skipping command
  
 CHARMM>                if diff .lt. 0 calc npos = @npos + 1
 Parameter: NPOS -> "0"
 Comparing "0" and "0".
 IF test evaluated as false.  Skipping command
  
 CHARMM>                calc diff   = int ( @cgtot + @npos*@poscharge - @nneg*@negcharge )
 Parameter: CGTOT -> "5.273559367E-16"
 Parameter: NPOS -> "0"
 Parameter: POSCHARGE -> "1"
 Parameter: NNEG -> "0"
 Parameter: NEGCHARGE -> "1"
Evaluating: INT(5.273559367E-16+0*1-0*1)
 Parameter: DIFF <- "0"
  
 CHARMM>                incr ntries
 Parameter: NTRIES <- "1"
  
 CHARMM>                if ntries .ge. 10 stop ! ABNORMAL TERMINATION: can't neutralize this system
 Comparing "1" and "10".
 IF test evaluated as false.  Skipping command
  
 CHARMM>                if diff .ne. 0 goto neutral
 Comparing "0" and "0".
 IF test evaluated as false.  Skipping command
  
 CHARMM>        endif
  
 CHARMM>     
  
 CHARMM>        calc npos = @npos + int ( @conc * 6.021 * 0.0001 * @volumn ) * @negval
 Parameter: NPOS -> "0"
 Parameter: CONC -> "0.15"
 Parameter: VOLUMN -> "292171.153"
 Parameter: NEGVAL -> "1"
Evaluating: 0+INT(0.15*6.021*0.0001*292171.153)*1
 Parameter: NPOS <- "26"
  
 CHARMM>        calc nneg = @nneg + int ( @conc * 6.021 * 0.0001 * @volumn ) * @posval
 Parameter: NNEG -> "0"
 Parameter: CONC -> "0.15"
 Parameter: VOLUMN -> "292171.153"
 Parameter: POSVAL -> "1"
Evaluating: 0+INT(0.15*6.021*0.0001*292171.153)*1
 Parameter: NNEG <- "26"
  
 CHARMM>     
  
 CHARMM>        if npos .lt. 0 stop ! ABNORMAL TERMINATION: something wrong
 Comparing "26" and "0".
 IF test evaluated as false.  Skipping command
  
 CHARMM>        if nneg .lt. 0 stop ! ABNORMAL TERMINATION: something wrong
 Comparing "26" and "0".
 IF test evaluated as false.  Skipping command
  
 CHARMM>     
  
 CHARMM>        !
  
 CHARMM>        ! Randomly place the ions
  
 CHARMM>        !
  
 CHARMM>     
  
 CHARMM>        ! Generate positive ion
  
 CHARMM>        if npos .gt. 0 then
 Comparing "26" and "0".
 IF test evaluated as true.  Performing command
  
 CHARMM>            if isusercation .eq. 1 then
 Comparing "0" and "1".
 IF test evaluated as false.  Skip to ELSE or ENDIF
  
 CHARMM>                read sequence @pos @npos
 Parameter: POS -> "SOD"
 Parameter: NPOS -> "26"
  
 CHARMM>                generate POS warn
 NO PATCHING WILL BE DONE ON THE FIRST RESIDUE
 NO PATCHING WILL BE DONE ON THE LAST  RESIDUE
 AUTGEN: Autogenerating specified angles and dihedrals.
 GENPSF> Segment   2 has been generated. Its identifier is POS.
 PSFSUM> PSF modified: NONBOND lists and IMAGE atoms cleared.
 PSFSUM> Summary of the structure file counters :
         Number of segments      =        2   Number of residues   =      226
         Number of atoms         =    24926   Number of groups     =     7026
         Number of bonds         =    24860   Number of angles     =    48040
         Number of dihedrals     =    68580   Number of impropers  =      320
         Number of cross-terms   =        0   Number of autogens   =        0
         Number of HB acceptors  =        0   Number of HB donors  =        0
         Number of NB exclusions =        0   Total charge =   26.00000
  
 CHARMM>            endif
  
 CHARMM>     
  
 CHARMM>            define POS sele segid POS end
 SELRPN>     26 atoms have been selected out of  24926
  
 CHARMM>     
  
 CHARMM>            if natompos .gt. 1 then
 Comparing "1" and "1".
 IF test evaluated as false.  Skip to ELSE or ENDIF
  
 CHARMM>                ! move ion to origin
  
 CHARMM>                coor set sele POS end
 SELRPN>     26 atoms have been selected out of  24926
 SELECTED COORDINATES SET IN THE MAIN SET.

  
 CHARMM>            endif
  
 CHARMM>        endif
  
 CHARMM>     
  
 CHARMM>        ! Generate negative ion
  
 CHARMM>        if nneg .gt. 0 then
 Comparing "26" and "0".
 IF test evaluated as true.  Performing command
  
 CHARMM>            if isuseranion .eq. 1 then
 Comparing "0" and "1".
 IF test evaluated as false.  Skip to ELSE or ENDIF
  
 CHARMM>                read sequence @neg @nneg
 Parameter: NEG -> "CLA"
 Parameter: NNEG -> "26"
  
 CHARMM>                generate NEG warn
 NO PATCHING WILL BE DONE ON THE FIRST RESIDUE
 NO PATCHING WILL BE DONE ON THE LAST  RESIDUE
 AUTGEN: Autogenerating specified angles and dihedrals.
 GENPSF> Segment   3 has been generated. Its identifier is NEG.
 PSFSUM> PSF modified: NONBOND lists and IMAGE atoms cleared.
 PSFSUM> Summary of the structure file counters :
         Number of segments      =        3   Number of residues   =      252
         Number of atoms         =    24952   Number of groups     =     7052
         Number of bonds         =    24860   Number of angles     =    48040
         Number of dihedrals     =    68580   Number of impropers  =      320
         Number of cross-terms   =        0   Number of autogens   =        0
         Number of HB acceptors  =        0   Number of HB donors  =        0
         Number of NB exclusions =        0   Total charge =    0.00000
  
 CHARMM>            endif
  
 CHARMM>     
  
 CHARMM>            define NEG sele segid NEG end
 SELRPN>     26 atoms have been selected out of  24952
  
 CHARMM>     
  
 CHARMM>            if natomneg .gt. 1 then
 Comparing "1" and "1".
 IF test evaluated as false.  Skip to ELSE or ENDIF
  
 CHARMM>                ! move ion to origin
  
 CHARMM>                coor set sele NEG end
 SELRPN>     26 atoms have been selected out of  24952
 SELECTED COORDINATES SET IN THE MAIN SET.

  
 CHARMM>            endif
  
 CHARMM>        endif
  
 CHARMM>     
  
 CHARMM>        define IONS sele POS .or. NEG end
 SELRPN>     52 atoms have been selected out of  24952
  
 CHARMM>        define ALLIONS sele segid IONS .or. IONS end
 SELRPN>     52 atoms have been selected out of  24952
  
 CHARMM>     
  
 CHARMM>        calc nion = @npos + @nneg
 Parameter: NPOS -> "26"
 Parameter: NNEG -> "26"
Evaluating: 26+26
 Parameter: NION <- "52"
  
 CHARMM>     
  
 CHARMM>        incr npostot by @npos
 Parameter: NPOS -> "26"
 Parameter: NPOSTOT <- "26"
  
 CHARMM>        incr nnegtot by @nneg
 Parameter: NNEG -> "26"
 Parameter: NNEGTOT <- "26"
  
 CHARMM>        incr niontot by @nion
 Parameter: NION -> "52"
 Parameter: NIONTOT <- "52"
  
 CHARMM>     
  
 CHARMM>        if nion .eq. 0 goto continue
 Comparing "52" and "0".
 IF test evaluated as false.  Skipping command
  
 CHARMM>        !
  
 CHARMM>        !Images Setup [to place all atoms inside the box]
  
 CHARMM>        !
  
 CHARMM>     
  
 CHARMM>        open read unit 10 card name crystal_image.str
 VOPEN> Attempting to open::crystal_image.str::
 OPNLGU> Unit 10 opened for READONLY access to crystal_image.str
  
 CHARMM>        CRYSTAL DEFINE @XTLtype @A @B @C @alpha @beta @gamma
 Parameter: XTLTYPE -> "TETRAGONAL"
 Parameter: A -> "76.8049478"
 Parameter: B -> "76.8049478"
 Parameter: C -> "100"
 Parameter: ALPHA -> "90.0"
 Parameter: BETA -> "90.0"
 Parameter: GAMMA -> "90.0"
 Crystal Parameters : Crystal Type = TETR
           A     =   76.80495 B    =   76.80495 C     =  100.00000
           Alpha =   90.00000 Beta =   90.00000 Gamma =   90.00000
  
 CHARMM>        CRYSTAL READ UNIT 10 CARD
 CRYSTAL FILE BEING READ FROM UNIT    10
 TITLE> * GENERATED BY CHARMM-GUI (HTTP://WWW.CHARMM-GUI.ORG) V3.7 ON JUL, 11. 2024. JOBID=2066971497
 TITLE> * STREAM FILE FOR CRYSTAL SYMMETRY OPERATION
 TITLE> *
 TITLE>  * GENERATED BY CHARMM-GUI (HTTP://WWW.CHARMM-GUI.ORG) V3.7 ON JUL, 11. 2024. JOB
 TITLE>  * STREAM FILE FOR CRYSTAL SYMMETRY OPERATION
 TITLE>  *
                     THERE ARE NO ROTATIONS FOR THIS TRANSFORMATION SET
    26 Transformations have been processed.

  
 CHARMM>     
  
 CHARMM>        !Image centering by residue
  
 CHARMM>        IMAGE BYRES XCEN 0.0 YCEN 0.0 ZCEN @zcen
 Parameter: ZCEN -> "0"
 IMAGE CENTERING ON FOR SOME ATOMS
  
 CHARMM>     
  
 CHARMM>        update image inbf 0

 SELECTED IMAGES ATOMS BEING CENTERED ABOUT  0.000000  0.000000  0.000000
 RESIDUE   79 OPERATED ON BY TRANSFORMATION Z0N1Z0R1
 RESIDUE  181 OPERATED ON BY TRANSFORMATION P1Z0Z0R1
 RESIDUE  196 OPERATED ON BY TRANSFORMATION N1Z0Z0R1

 <MKIMAT2>: updating the image atom lists and remapping
 Transformation   Atoms  Groups  Residues  Min-Distance
    1  N1N1N1R1 has       0       0       0       43.57
    2  N1Z0N1R1 has       0       0       0       39.86
    3  N1P1N1R1 has       0       0       0       39.86
    4  Z0N1N1R1 has       0       0       0       39.69
    5  Z0Z0N1R1 has       0       0       0       39.54
    6  Z0P1N1R1 has       0       0       0       39.77
    7  N1N1Z0R1 has     796     206      10        0.00
    8  N1Z0Z0R1 has    5139    1418      53        0.00
    9  N1P1Z0R1 has     552     150       8        0.32
   10  Z0N1Z0R1 has    5122    1434      53        0.00
   12  N1N1P1R1 has       0       0       0       41.92
   13  N1Z0P1R1 has       0       0       0       40.35
   14  N1P1P1R1 has       0       0       0       43.83
 Total of36561 atoms and10260 groups and  376 residues were included

 **** Warning ****  The following extraneous characters
 were found while command processing in CHARMM
 IMAGE
  
 CHARMM>     
  
 CHARMM>        CONS FIX SELE .NOT. ( POS .OR. NEG ) END
 SELRPN>  24900 atoms have been selected out of  24952
  
 CHARMM>        SKIP ALL EXCL VDW ELEC
 SKIPE> The following energy terms will be computed :
  VDW  ELEC
  
 CHARMM>        scalar wmain = charge
  
 CHARMM>     
  
 CHARMM>        !
  
 CHARMM>        ! Initial placement of ions
  
 CHARMM>        !
  
 CHARMM>     
  
 CHARMM>        calc cntrand = 0
Evaluating: 0
 Parameter: CNTRAND <- "0"
  
 CHARMM>     
  
 CHARMM>        calc i   = 1
Evaluating: 1
 Parameter: I <- "1"
  
 CHARMM>        label doinit
  
 CHARMM>     
  
 CHARMM>            calc cntrand = @cntrand + 1
 Parameter: CNTRAND -> "0"
Evaluating: 0+1
 Parameter: CNTRAND <- "1"
  
 CHARMM>            if cntrand .gt. 100 stop ! ABNORMAL TERMINATION: ion placing may not work.. stop here
 Comparing "1" and "100".
 IF test evaluated as false.  Skipping command
  
 CHARMM>     
  
 CHARMM>            calc j = @i
 Parameter: I -> "1"
Evaluating: 1
 Parameter: J <- "1"
  
 CHARMM>            set ion = POS
 Parameter: ION <- "POS"
  
 CHARMM>     
  
 CHARMM>            if j .gt. @npos then
 Parameter: NPOS -> "26"
 Comparing "1" and "26".
 IF test evaluated as false.  Skip to ELSE or ENDIF
  
 CHARMM>     
  
 CHARMM>            define target select segid @ion .and. resid @j end
 Parameter: ION -> "POS"
 Parameter: J -> "1"
 SELRPN>      1 atoms have been selected out of  24952
  
 CHARMM>     
  
 CHARMM>            calc xpos = @A * ( ?random - 0.5 )
 Parameter: A -> "76.8049478"
 RDCMND substituted energy or value "?RANDOM" to "0.213232883"
Evaluating: 76.8049478*(0.213232883-0.5)
 Parameter: XPOS <- "-22.0251335"
  
 CHARMM>            calc ypos = @B * ( ?random - 0.5 )
 Parameter: B -> "76.8049478"
 RDCMND substituted energy or value "?RANDOM" to "0.142876045"
Evaluating: 76.8049478*(0.142876045-0.5)
 Parameter: YPOS <- "-27.4288867"
  
 CHARMM>            calc zpos = @C * ( ?random - 0.5 ) + @zcen
 Parameter: C -> "100"
 Parameter: ZCEN -> "0"
 RDCMND substituted energy or value "?RANDOM" to "0.68533329"
Evaluating: 100*(0.68533329-0.5)+0
 Parameter: ZPOS <- "18.533329"
  
 CHARMM>     
  
 CHARMM>            if zpos .gt. -15 if zpos .lt. 15 goto doinit
 Comparing "18.533329" and "-15".
 IF test evaluated as true.  Performing command
 Comparing "18.533329" and "15".
 IF test evaluated as false.  Skipping command
  
 CHARMM>     
  
 CHARMM>            ! move target to selected position
  
 CHARMM>            coor stat select target end
 SELRPN>      1 atoms have been selected out of  24952
 STATISTICS FOR         1 SELECTED ATOMS:
    XMIN =    0.000000 XMAX =    0.000000 XAVE =    0.000000
    YMIN =    0.000000 YMAX =    0.000000 YAVE =    0.000000
    ZMIN =    0.000000 ZMAX =    0.000000 ZAVE =    0.000000
    WMIN =    1.000000 WMAX =    1.000000 WAVE =    1.000000
  
 CHARMM>            calc xtran = @xpos - ?xave
 Parameter: XPOS -> "-22.0251335"
 RDCMND substituted energy or value "?XAVE" to "0"
Evaluating: -22.0251335-0
 Parameter: XTRAN <- "-22.0251335"
  
 CHARMM>            calc ytran = @ypos - ?yave
 Parameter: YPOS -> "-27.4288867"
 RDCMND substituted energy or value "?YAVE" to "0"
Evaluating: -27.4288867-0
 Parameter: YTRAN <- "-27.4288867"
  
 CHARMM>            calc ztran = @zpos - ?zave
 Parameter: ZPOS -> "18.533329"
 RDCMND substituted energy or value "?ZAVE" to "0"
Evaluating: 18.533329-0
 Parameter: ZTRAN <- "18.533329"
  
 CHARMM>            coor trans xdir @xtran ydir @ytran zdir @ztran select target end
 Parameter: XTRAN -> "-22.0251335"
 Parameter: YTRAN -> "-27.4288867"
 Parameter: ZTRAN -> "18.533329"
 SELRPN>      1 atoms have been selected out of  24952
 TRANSLATION VECTOR   -22.025133  -27.428887   18.533329
 SELECTED COORDINATES TRANSLATED IN THE MAIN SET.

  
 CHARMM>     
  
 CHARMM>            ! apply a random rotation along XYZ
  
 CHARMM>            calc xphi = ?random * 360.0
 RDCMND substituted energy or value "?RANDOM" to "0.979149643"
Evaluating: 0.979149643*360.0
 Parameter: XPHI <- "352.493871"
  
 CHARMM>            calc yphi = ?random * 360.0
 RDCMND substituted energy or value "?RANDOM" to "0.348052181"
Evaluating: 0.348052181*360.0
 Parameter: YPHI <- "125.298785"
  
 CHARMM>            calc zphi = ?random * 360.0
 RDCMND substituted energy or value "?RANDOM" to "0.213880132"
Evaluating: 0.213880132*360.0
 Parameter: ZPHI <- "76.9968475"
  
 CHARMM>            coor rotate xcen @xpos ycen @ypos zcen @zpos xdir 1.0 -
 CHARMM>                phi @xphi select target end
 Parameter: XPOS -> "-22.0251335"
 Parameter: YPOS -> "-27.4288867"
 Parameter: ZPOS -> "18.533329"
 Parameter: XPHI -> "352.493871"
 SELRPN>      1 atoms have been selected out of  24952
 ROTATION MATRIX
    1.000000    0.000000    0.000000
    0.000000    0.991431   -0.130632
    0.000000    0.130632    0.991431

 AXIS OF ROTATION IS -1.000000  0.000000  0.000000  ANGLE IS    7.51

 SELECTED COORDINATES ROTATED IN THE MAIN SET.

  
 CHARMM>            coor rotate xcen @xpos ycen @ypos zcen @zpos ydir 1.0 -
 CHARMM>                phi @yphi select target end
 Parameter: XPOS -> "-22.0251335"
 Parameter: YPOS -> "-27.4288867"
 Parameter: ZPOS -> "18.533329"
 Parameter: YPHI -> "125.298785"
 SELRPN>      1 atoms have been selected out of  24952
 ROTATION MATRIX
   -0.577840    0.000000   -0.816150
    0.000000    1.000000    0.000000
    0.816150    0.000000   -0.577840

 AXIS OF ROTATION IS  0.000000  1.000000  0.000000  ANGLE IS  125.30

 SELECTED COORDINATES ROTATED IN THE MAIN SET.

  
 CHARMM>            coor rotate xcen @xpos ycen @ypos zcen @zpos zdir 1.0 -
 CHARMM>                phi @zphi select target end
 Parameter: XPOS -> "-22.0251335"
 Parameter: YPOS -> "-27.4288867"
 Parameter: ZPOS -> "18.533329"
 Parameter: ZPHI -> "76.9968475"
 SELRPN>      1 atoms have been selected out of  24952
 ROTATION MATRIX
    0.225005    0.974358    0.000000
   -0.974358    0.225005    0.000000
    0.000000    0.000000    1.000000

 AXIS OF ROTATION IS  0.000000  0.000000  1.000000  ANGLE IS   77.00

 SELECTED COORDINATES ROTATED IN THE MAIN SET.

  
 CHARMM>     
  
 CHARMM>     
  
 CHARMM>            calc dcut = 3.5
Evaluating: 3.5
 Parameter: DCUT <- "3.5"
  
 CHARMM>     
  
 CHARMM>            coor stat sele target end
 SELRPN>      1 atoms have been selected out of  24952
 STATISTICS FOR         1 SELECTED ATOMS:
    XMIN =  -22.025133 XMAX =  -22.025133 XAVE =  -22.025133
    YMIN =  -27.428887 YMAX =  -27.428887 YAVE =  -27.428887
    ZMIN =   18.533329 ZMAX =   18.533329 ZAVE =   18.533329
    WMIN =    1.000000 WMAX =    1.000000 WAVE =    1.000000
  
 CHARMM>            calc xmax = ?xmax + @dcut
 Parameter: DCUT -> "3.5"
 RDCMND substituted energy or value "?XMAX" to "-22.0251335"
Evaluating: -22.0251335+3.5
 Parameter: XMAX <- "-18.5251335"
  
 CHARMM>            calc ymax = ?ymax + @dcut
 Parameter: DCUT -> "3.5"
 RDCMND substituted energy or value "?YMAX" to "-27.4288867"
Evaluating: -27.4288867+3.5
 Parameter: YMAX <- "-23.9288867"
  
 CHARMM>            calc zmax = ?zmax + @dcut
 Parameter: DCUT -> "3.5"
 RDCMND substituted energy or value "?ZMAX" to "18.533329"
Evaluating: 18.533329+3.5
 Parameter: ZMAX <- "22.033329"
  
 CHARMM>            calc xmin = ?xmin - @dcut
 Parameter: DCUT -> "3.5"
 RDCMND substituted energy or value "?XMIN" to "-22.0251335"
Evaluating: -22.0251335-3.5
 Parameter: XMIN <- "-25.5251335"
  
 CHARMM>            calc ymin = ?ymin - @dcut
 Parameter: DCUT -> "3.5"
 RDCMND substituted energy or value "?YMIN" to "-27.4288867"
Evaluating: -27.4288867-3.5
 Parameter: YMIN <- "-30.9288867"
  
 CHARMM>            calc zmin = ?zmin - @dcut
 Parameter: DCUT -> "3.5"
 RDCMND substituted energy or value "?ZMIN" to "18.533329"
Evaluating: 18.533329-3.5
 Parameter: ZMIN <- "15.033329"
  
 CHARMM>     
  
 CHARMM>            define JUNK sele .not. target .and. -
 CHARMM>                             prop X .lt. @xmax .and. prop X .gt. @xmin .and. -
 CHARMM>                             prop Y .lt. @ymax .and. prop Y .gt. @ymin .and. -
 CHARMM>                             prop Z .lt. @zmax .and. prop Z .gt. @zmin  end
 Parameter: XMAX -> "-18.5251335"
 Parameter: XMIN -> "-25.5251335"
 Parameter: YMAX -> "-23.9288867"
 Parameter: YMIN -> "-30.9288867"
 Parameter: ZMAX -> "22.033329"
 Parameter: ZMIN -> "15.033329"
 SELRPN>     16 atoms have been selected out of  24952
  
 CHARMM>     
  
 CHARMM>            ! check if the ions are too close to protein
  
 CHARMM>            define XXX sele PROT end
 SELRPN>      0 atoms have been selected out of  24952
  
 CHARMM>            if ?nsel .gt. 0 then
 RDCMND substituted energy or value "?NSEL" to "0"
 Comparing "0" and "0".
 IF test evaluated as false.  Skip to ELSE or ENDIF
  
 CHARMM>     
  
 CHARMM>            ! check if the ions are too close to solute
  
 CHARMM>            coor dist cut 4.0 sele target end sele JUNK .and. .not. hydrogen end image
 SELRPN>      1 atoms have been selected out of  36561
 SELRPN>      8 atoms have been selected out of  36561

            DISTANCES FOR SELECTED ATOMS
24901 POS      SOD      1        SOD     -5776 MEMB     DOPC     47       O13           3.2964
24901 POS      SOD      1        SOD     -9311 MEMB     DOPC     76       O11           3.9380
24901 POS      SOD      1        SOD     -9312 MEMB     DOPC     76       C1            2.9866
24901 POS      SOD      1        SOD     -9315 MEMB     DOPC     76       C2            3.6382
24901 POS      SOD      1        SOD     -9317 MEMB     DOPC     76       O21           3.7054
 TOTAL EXCLUSION COUNT =         0
 TOTAL 1-4 EXCLUSIONS  =         0
 TOTAL NON-EXCLUSIONS  =         5
  
 CHARMM>            if ?npair .gt. 0 goto doinit
 RDCMND substituted energy or value "?NPAIR" to "5"
 Comparing "5" and "0".
 IF test evaluated as true.  Performing command
  
 CHARMM>     
  
 CHARMM>            calc cntrand = @cntrand + 1
 Parameter: CNTRAND -> "1"
Evaluating: 1+1
 Parameter: CNTRAND <- "2"
  
 CHARMM>            if cntrand .gt. 100 stop ! ABNORMAL TERMINATION: ion placing may not work.. stop here
 Comparing "2" and "100".
 IF test evaluated as false.  Skipping command
  
 CHARMM>     
  
 CHARMM>            calc j = @i
 Parameter: I -> "1"
Evaluating: 1
 Parameter: J <- "1"
  
 CHARMM>            set ion = POS
 Parameter: ION <- "POS"
  
 CHARMM>     
  
 CHARMM>            if j .gt. @npos then
 Parameter: NPOS -> "26"
 Comparing "1" and "26".
 IF test evaluated as false.  Skip to ELSE or ENDIF
  
 CHARMM>     
  
 CHARMM>            define target select segid @ion .and. resid @j end
 Parameter: ION -> "POS"
 Parameter: J -> "1"
 SELRPN>      1 atoms have been selected out of  24952
  
 CHARMM>     
  
 CHARMM>            calc xpos = @A * ( ?random - 0.5 )
 Parameter: A -> "76.8049478"
 RDCMND substituted energy or value "?RANDOM" to "0.777013826"
Evaluating: 76.8049478*(0.777013826-0.5)
 Parameter: XPOS <- "21.2760324"
  
 CHARMM>            calc ypos = @B * ( ?random - 0.5 )
 Parameter: B -> "76.8049478"
 RDCMND substituted energy or value "?RANDOM" to "0.490600345"
Evaluating: 76.8049478*(0.490600345-0.5)
 Parameter: YPOS <- "-0.721940012"
  
 CHARMM>            calc zpos = @C * ( ?random - 0.5 ) + @zcen
 Parameter: C -> "100"
 Parameter: ZCEN -> "0"
 RDCMND substituted energy or value "?RANDOM" to "0.389013348"
Evaluating: 100*(0.389013348-0.5)+0
 Parameter: ZPOS <- "-11.0986652"
  
 CHARMM>     
  
 CHARMM>            if zpos .gt. -15 if zpos .lt. 15 goto doinit
 Comparing "-11.0986652" and "-15".
 IF test evaluated as true.  Performing command
 Comparing "-11.0986652" and "15".
 IF test evaluated as true.  Performing command
  
 CHARMM>     
  
 CHARMM>            calc cntrand = @cntrand + 1
 Parameter: CNTRAND -> "2"
Evaluating: 2+1
 Parameter: CNTRAND <- "3"
  
 CHARMM>            if cntrand .gt. 100 stop ! ABNORMAL TERMINATION: ion placing may not work.. stop here
 Comparing "3" and "100".
 IF test evaluated as false.  Skipping command
  
 CHARMM>     
  
 CHARMM>            calc j = @i
 Parameter: I -> "1"
Evaluating: 1
 Parameter: J <- "1"
  
 CHARMM>            set ion = POS
 Parameter: ION <- "POS"
  
 CHARMM>     
  
 CHARMM>            if j .gt. @npos then
 Parameter: NPOS -> "26"
 Comparing "1" and "26".
 IF test evaluated as false.  Skip to ELSE or ENDIF
  
 CHARMM>     
  
 CHARMM>            define target select segid @ion .and. resid @j end
 Parameter: ION -> "POS"
 Parameter: J -> "1"
 SELRPN>      1 atoms have been selected out of  24952
  
 CHARMM>     
  
 CHARMM>            calc xpos = @A * ( ?random - 0.5 )
 Parameter: A -> "76.8049478"
 RDCMND substituted energy or value "?RANDOM" to "3.663264392E-02"
Evaluating: 76.8049478*(3.663264392E-02-0.5)
 Parameter: XPOS <- "-35.5889056"
  
 CHARMM>            calc ypos = @B * ( ?random - 0.5 )
 Parameter: B -> "76.8049478"
 RDCMND substituted energy or value "?RANDOM" to "6.277877311E-02"
Evaluating: 76.8049478*(6.277877311E-02-0.5)
 Parameter: YPOS <- "-33.5807535"
  
 CHARMM>            calc zpos = @C * ( ?random - 0.5 ) + @zcen
 Parameter: C -> "100"
 Parameter: ZCEN -> "0"
 RDCMND substituted energy or value "?RANDOM" to "0.226200338"
Evaluating: 100*(0.226200338-0.5)+0
 Parameter: ZPOS <- "-27.3799662"
  
 CHARMM>     
  
 CHARMM>            if zpos .gt. -15 if zpos .lt. 15 goto doinit
 Comparing "-27.3799662" and "-15".
 IF test evaluated as false.  Skipping command
  
 CHARMM>     
  
 CHARMM>            ! move target to selected position
  
 CHARMM>            coor stat select target end
 SELRPN>      1 atoms have been selected out of  24952
 STATISTICS FOR         1 SELECTED ATOMS:
    XMIN =  -22.025133 XMAX =  -22.025133 XAVE =  -22.025133
    YMIN =  -27.428887 YMAX =  -27.428887 YAVE =  -27.428887
    ZMIN =   18.533329 ZMAX =   18.533329 ZAVE =   18.533329
    WMIN =    1.000000 WMAX =    1.000000 WAVE =    1.000000
  
 CHARMM>            calc xtran = @xpos - ?xave
 Parameter: XPOS -> "-35.5889056"
 RDCMND substituted energy or value "?XAVE" to "-22.0251335"
Evaluating: -35.5889056--22.0251335
 Parameter: XTRAN <- "-13.5637721"
  
 CHARMM>            calc ytran = @ypos - ?yave
 Parameter: YPOS -> "-33.5807535"
 RDCMND substituted energy or value "?YAVE" to "-27.4288867"
Evaluating: -33.5807535--27.4288867
 Parameter: YTRAN <- "-6.1518668"
  
 CHARMM>            calc ztran = @zpos - ?zave
 Parameter: ZPOS -> "-27.3799662"
 RDCMND substituted energy or value "?ZAVE" to "18.533329"
Evaluating: -27.3799662-18.533329
 Parameter: ZTRAN <- "-45.9132952"
  
 CHARMM>            coor trans xdir @xtran ydir @ytran zdir @ztran select target end
 Parameter: XTRAN -> "-13.5637721"
 Parameter: YTRAN -> "-6.1518668"
 Parameter: ZTRAN -> "-45.9132952"
 SELRPN>      1 atoms have been selected out of  24952
 TRANSLATION VECTOR   -13.563772   -6.151867  -45.913295
 SELECTED COORDINATES TRANSLATED IN THE MAIN SET.

  
 CHARMM>     
  
 CHARMM>            ! apply a random rotation along XYZ
  
 CHARMM>            calc xphi = ?random * 360.0
 RDCMND substituted energy or value "?RANDOM" to "0.882190336"
Evaluating: 0.882190336*360.0
 Parameter: XPHI <- "317.588521"
  
 CHARMM>            calc yphi = ?random * 360.0
 RDCMND substituted energy or value "?RANDOM" to "0.817501943"
Evaluating: 0.817501943*360.0
 Parameter: YPHI <- "294.300699"
  
 CHARMM>            calc zphi = ?random * 360.0
 RDCMND substituted energy or value "?RANDOM" to "0.746609552"
Evaluating: 0.746609552*360.0
 Parameter: ZPHI <- "268.779439"
  
 CHARMM>            coor rotate xcen @xpos ycen @ypos zcen @zpos xdir 1.0 -
 CHARMM>                phi @xphi select target end
 Parameter: XPOS -> "-35.5889056"
 Parameter: YPOS -> "-33.5807535"
 Parameter: ZPOS -> "-27.3799662"
 Parameter: XPHI -> "317.588521"
 SELRPN>      1 atoms have been selected out of  24952
 ROTATION MATRIX
    1.000000    0.000000    0.000000
    0.000000    0.738320   -0.674450
    0.000000    0.674450    0.738320

 AXIS OF ROTATION IS -1.000000  0.000000  0.000000  ANGLE IS   42.41

 SELECTED COORDINATES ROTATED IN THE MAIN SET.

  
 CHARMM>            coor rotate xcen @xpos ycen @ypos zcen @zpos ydir 1.0 -
 CHARMM>                phi @yphi select target end
 Parameter: XPOS -> "-35.5889056"
 Parameter: YPOS -> "-33.5807535"
 Parameter: ZPOS -> "-27.3799662"
 Parameter: YPHI -> "294.300699"
 SELRPN>      1 atoms have been selected out of  24952
 ROTATION MATRIX
    0.411525    0.000000    0.911398
    0.000000    1.000000    0.000000
   -0.911398    0.000000    0.411525

 AXIS OF ROTATION IS  0.000000 -1.000000  0.000000  ANGLE IS   65.70

 SELECTED COORDINATES ROTATED IN THE MAIN SET.

  
 CHARMM>            coor rotate xcen @xpos ycen @ypos zcen @zpos zdir 1.0 -
 CHARMM>                phi @zphi select target end
 Parameter: XPOS -> "-35.5889056"
 Parameter: YPOS -> "-33.5807535"
 Parameter: ZPOS -> "-27.3799662"
 Parameter: ZPHI -> "268.779439"
 SELRPN>      1 atoms have been selected out of  24952
 ROTATION MATRIX
   -0.021301   -0.999773    0.000000
    0.999773   -0.021301    0.000000
    0.000000    0.000000    1.000000

 AXIS OF ROTATION IS  0.000000  0.000000 -1.000000  ANGLE IS   91.22

 SELECTED COORDINATES ROTATED IN THE MAIN SET.

  
 CHARMM>     
  
 CHARMM>     
  
 CHARMM>            calc dcut = 3.5
Evaluating: 3.5
 Parameter: DCUT <- "3.5"
  
 CHARMM>     
  
 CHARMM>            coor stat sele target end
 SELRPN>      1 atoms have been selected out of  24952
 STATISTICS FOR         1 SELECTED ATOMS:
    XMIN =  -35.588906 XMAX =  -35.588906 XAVE =  -35.588906
    YMIN =  -33.580754 YMAX =  -33.580754 YAVE =  -33.580754
    ZMIN =  -27.379966 ZMAX =  -27.379966 ZAVE =  -27.379966
    WMIN =    1.000000 WMAX =    1.000000 WAVE =    1.000000
  
 CHARMM>            calc xmax = ?xmax + @dcut
 Parameter: DCUT -> "3.5"
 RDCMND substituted energy or value "?XMAX" to "-35.5889056"
Evaluating: -35.5889056+3.5
 Parameter: XMAX <- "-32.0889056"
  
 CHARMM>            calc ymax = ?ymax + @dcut
 Parameter: DCUT -> "3.5"
 RDCMND substituted energy or value "?YMAX" to "-33.5807535"
Evaluating: -33.5807535+3.5
 Parameter: YMAX <- "-30.0807535"
  
 CHARMM>            calc zmax = ?zmax + @dcut
 Parameter: DCUT -> "3.5"
 RDCMND substituted energy or value "?ZMAX" to "-27.3799662"
Evaluating: -27.3799662+3.5
 Parameter: ZMAX <- "-23.8799662"
  
 CHARMM>            calc xmin = ?xmin - @dcut
 Parameter: DCUT -> "3.5"
 RDCMND substituted energy or value "?XMIN" to "-35.5889056"
Evaluating: -35.5889056-3.5
 Parameter: XMIN <- "-39.0889056"
  
 CHARMM>            calc ymin = ?ymin - @dcut
 Parameter: DCUT -> "3.5"
 RDCMND substituted energy or value "?YMIN" to "-33.5807535"
Evaluating: -33.5807535-3.5
 Parameter: YMIN <- "-37.0807535"
  
 CHARMM>            calc zmin = ?zmin - @dcut
 Parameter: DCUT -> "3.5"
 RDCMND substituted energy or value "?ZMIN" to "-27.3799662"
Evaluating: -27.3799662-3.5
 Parameter: ZMIN <- "-30.8799662"
  
 CHARMM>     
  
 CHARMM>            define JUNK sele .not. target .and. -
 CHARMM>                             prop X .lt. @xmax .and. prop X .gt. @xmin .and. -
 CHARMM>                             prop Y .lt. @ymax .and. prop Y .gt. @ymin .and. -
 CHARMM>                             prop Z .lt. @zmax .and. prop Z .gt. @zmin  end
 Parameter: XMAX -> "-32.0889056"
 Parameter: XMIN -> "-39.0889056"
 Parameter: YMAX -> "-30.0807535"
 Parameter: YMIN -> "-37.0807535"
 Parameter: ZMAX -> "-23.8799662"
 Parameter: ZMIN -> "-30.8799662"
 SELRPN>     22 atoms have been selected out of  24952
  
 CHARMM>     
  
 CHARMM>            ! check if the ions are too close to protein
  
 CHARMM>            define XXX sele PROT end
 SELRPN>      0 atoms have been selected out of  24952
  
 CHARMM>            if ?nsel .gt. 0 then
 RDCMND substituted energy or value "?NSEL" to "0"
 Comparing "0" and "0".
 IF test evaluated as false.  Skip to ELSE or ENDIF
  
 CHARMM>     
  
 CHARMM>            ! check if the ions are too close to solute
  
 CHARMM>            coor dist cut 4.0 sele target end sele JUNK .and. .not. hydrogen end image
 SELRPN>      1 atoms have been selected out of  36561
 SELRPN>      9 atoms have been selected out of  36561

            DISTANCES FOR SELECTED ATOMS
24901 POS      SOD      1        SOD     -**** MEMB     23SM     199      N             0.2813
24901 POS      SOD      1        SOD     -**** MEMB     23SM     199      C15           1.7605
24901 POS      SOD      1        SOD     -**** MEMB     23SM     199      C14           1.5696
24901 POS      SOD      1        SOD     -**** MEMB     23SM     199      C13           1.5023
24901 POS      SOD      1        SOD     -**** MEMB     23SM     199      C12           1.2269
24901 POS      SOD      1        SOD     -**** MEMB     23SM     199      C11           2.4985
24901 POS      SOD      1        SOD     -**** MEMB     23SM     199      O13           3.8997
24901 POS      SOD      1        SOD     -**** MEMB     23SM     199      O12           3.0347
 TOTAL EXCLUSION COUNT =         0
 TOTAL 1-4 EXCLUSIONS  =         0
 TOTAL NON-EXCLUSIONS  =         8
  
 CHARMM>            if ?npair .gt. 0 goto doinit
 RDCMND substituted energy or value "?NPAIR" to "8"
 Comparing "8" and "0".
 IF test evaluated as true.  Performing command
  
 CHARMM>     
  
 CHARMM>            calc cntrand = @cntrand + 1
 Parameter: CNTRAND -> "3"
Evaluating: 3+1
 Parameter: CNTRAND <- "4"
  
 CHARMM>            if cntrand .gt. 100 stop ! ABNORMAL TERMINATION: ion placing may not work.. stop here
 Comparing "4" and "100".
 IF test evaluated as false.  Skipping command
  
 CHARMM>     
  
 CHARMM>            calc j = @i
 Parameter: I -> "1"
Evaluating: 1
 Parameter: J <- "1"
  
 CHARMM>            set ion = POS
 Parameter: ION <- "POS"
  
 CHARMM>     
  
 CHARMM>            if j .gt. @npos then
 Parameter: NPOS -> "26"
 Comparing "1" and "26".
 IF test evaluated as false.  Skip to ELSE or ENDIF
  
 CHARMM>     
  
 CHARMM>            define target select segid @ion .and. resid @j end
 Parameter: ION -> "POS"
 Parameter: J -> "1"
 SELRPN>      1 atoms have been selected out of  24952
  
 CHARMM>     
  
 CHARMM>            calc xpos = @A * ( ?random - 0.5 )
 Parameter: A -> "76.8049478"
 RDCMND substituted energy or value "?RANDOM" to "0.940911871"
Evaluating: 76.8049478*(0.940911871-0.5)
 Parameter: XPOS <- "33.8642132"
  
 CHARMM>            calc ypos = @B * ( ?random - 0.5 )
 Parameter: B -> "76.8049478"
 RDCMND substituted energy or value "?RANDOM" to "0.240379629"
Evaluating: 76.8049478*(0.240379629-0.5)
 Parameter: YPOS <- "-19.940129"
  
 CHARMM>            calc zpos = @C * ( ?random - 0.5 ) + @zcen
 Parameter: C -> "100"
 Parameter: ZCEN -> "0"
 RDCMND substituted energy or value "?RANDOM" to "0.750120554"
Evaluating: 100*(0.750120554-0.5)+0
 Parameter: ZPOS <- "25.0120554"
  
 CHARMM>     
  
 CHARMM>            if zpos .gt. -15 if zpos .lt. 15 goto doinit
 Comparing "25.0120554" and "-15".
 IF test evaluated as true.  Performing command
 Comparing "25.0120554" and "15".
 IF test evaluated as false.  Skipping command
  
 CHARMM>     
  
 CHARMM>            ! move target to selected position
  
 CHARMM>            coor stat select target end
 SELRPN>      1 atoms have been selected out of  24952
 STATISTICS FOR         1 SELECTED ATOMS:
    XMIN =  -35.588906 XMAX =  -35.588906 XAVE =  -35.588906
    YMIN =  -33.580754 YMAX =  -33.580754 YAVE =  -33.580754
    ZMIN =  -27.379966 ZMAX =  -27.379966 ZAVE =  -27.379966
    WMIN =    1.000000 WMAX =    1.000000 WAVE =    1.000000
  
 CHARMM>            calc xtran = @xpos - ?xave
 Parameter: XPOS -> "33.8642132"
 RDCMND substituted energy or value "?XAVE" to "-35.5889056"
Evaluating: 33.8642132--35.5889056
 Parameter: XTRAN <- "69.4531188"
  
 CHARMM>            calc ytran = @ypos - ?yave
 Parameter: YPOS -> "-19.940129"
 RDCMND substituted energy or value "?YAVE" to "-33.5807535"
Evaluating: -19.940129--33.5807535
 Parameter: YTRAN <- "13.6406245"
  
 CHARMM>            calc ztran = @zpos - ?zave
 Parameter: ZPOS -> "25.0120554"
 RDCMND substituted energy or value "?ZAVE" to "-27.3799662"
Evaluating: 25.0120554--27.3799662
 Parameter: ZTRAN <- "52.3920216"
  
 CHARMM>            coor trans xdir @xtran ydir @ytran zdir @ztran select target end
 Parameter: XTRAN -> "69.4531188"
 Parameter: YTRAN -> "13.6406245"
 Parameter: ZTRAN -> "52.3920216"
 SELRPN>      1 atoms have been selected out of  24952
 TRANSLATION VECTOR    69.453119   13.640624   52.392022
 SELECTED COORDINATES TRANSLATED IN THE MAIN SET.

  
 CHARMM>     
  
 CHARMM>            ! apply a random rotation along XYZ
  
 CHARMM>            calc xphi = ?random * 360.0
 RDCMND substituted energy or value "?RANDOM" to "0.190349801"
Evaluating: 0.190349801*360.0
 Parameter: XPHI <- "68.5259284"
  
 CHARMM>            calc yphi = ?random * 360.0
 RDCMND substituted energy or value "?RANDOM" to "0.545559986"
Evaluating: 0.545559986*360.0
 Parameter: YPHI <- "196.401595"
  
 CHARMM>            calc zphi = ?random * 360.0
 RDCMND substituted energy or value "?RANDOM" to "0.652848584"
Evaluating: 0.652848584*360.0
 Parameter: ZPHI <- "235.02549"
  
 CHARMM>            coor rotate xcen @xpos ycen @ypos zcen @zpos xdir 1.0 -
 CHARMM>                phi @xphi select target end
 Parameter: XPOS -> "33.8642132"
 Parameter: YPOS -> "-19.940129"
 Parameter: ZPOS -> "25.0120554"
 Parameter: XPHI -> "68.5259284"
 SELRPN>      1 atoms have been selected out of  24952
 ROTATION MATRIX
    1.000000    0.000000    0.000000
    0.000000    0.366080    0.930583
    0.000000   -0.930583    0.366080

 AXIS OF ROTATION IS  1.000000  0.000000  0.000000  ANGLE IS   68.53

 SELECTED COORDINATES ROTATED IN THE MAIN SET.

  
 CHARMM>            coor rotate xcen @xpos ycen @ypos zcen @zpos ydir 1.0 -
 CHARMM>                phi @yphi select target end
 Parameter: XPOS -> "33.8642132"
 Parameter: YPOS -> "-19.940129"
 Parameter: ZPOS -> "25.0120554"
 Parameter: YPHI -> "196.401595"
 SELRPN>      1 atoms have been selected out of  24952
 ROTATION MATRIX
   -0.959306    0.000000    0.282368
    0.000000    1.000000    0.000000
   -0.282368    0.000000   -0.959306

 AXIS OF ROTATION IS  0.000000 -1.000000  0.000000  ANGLE IS  163.60

 SELECTED COORDINATES ROTATED IN THE MAIN SET.

  
 CHARMM>            coor rotate xcen @xpos ycen @ypos zcen @zpos zdir 1.0 -
 CHARMM>                phi @zphi select target end
 Parameter: XPOS -> "33.8642132"
 Parameter: YPOS -> "-19.940129"
 Parameter: ZPOS -> "25.0120554"
 Parameter: ZPHI -> "235.02549"
 SELRPN>      1 atoms have been selected out of  24952
 ROTATION MATRIX
   -0.573212   -0.819407    0.000000
    0.819407   -0.573212    0.000000
    0.000000    0.000000    1.000000

 AXIS OF ROTATION IS  0.000000  0.000000 -1.000000  ANGLE IS  124.97

 SELECTED COORDINATES ROTATED IN THE MAIN SET.

  
 CHARMM>     
  
 CHARMM>     
  
 CHARMM>            calc dcut = 3.5
Evaluating: 3.5
 Parameter: DCUT <- "3.5"
  
 CHARMM>     
  
 CHARMM>            coor stat sele target end
 SELRPN>      1 atoms have been selected out of  24952
 STATISTICS FOR         1 SELECTED ATOMS:
    XMIN =   33.864213 XMAX =   33.864213 XAVE =   33.864213
    YMIN =  -19.940129 YMAX =  -19.940129 YAVE =  -19.940129
    ZMIN =   25.012055 ZMAX =   25.012055 ZAVE =   25.012055
    WMIN =    1.000000 WMAX =    1.000000 WAVE =    1.000000
  
 CHARMM>            calc xmax = ?xmax + @dcut
 Parameter: DCUT -> "3.5"
 RDCMND substituted energy or value "?XMAX" to "33.8642132"
Evaluating: 33.8642132+3.5
 Parameter: XMAX <- "37.3642132"
  
 CHARMM>            calc ymax = ?ymax + @dcut
 Parameter: DCUT -> "3.5"
 RDCMND substituted energy or value "?YMAX" to "-19.940129"
Evaluating: -19.940129+3.5
 Parameter: YMAX <- "-16.440129"
  
 CHARMM>            calc zmax = ?zmax + @dcut
 Parameter: DCUT -> "3.5"
 RDCMND substituted energy or value "?ZMAX" to "25.0120554"
Evaluating: 25.0120554+3.5
 Parameter: ZMAX <- "28.5120554"
  
 CHARMM>            calc xmin = ?xmin - @dcut
 Parameter: DCUT -> "3.5"
 RDCMND substituted energy or value "?XMIN" to "33.8642132"
Evaluating: 33.8642132-3.5
 Parameter: XMIN <- "30.3642132"
  
 CHARMM>            calc ymin = ?ymin - @dcut
 Parameter: DCUT -> "3.5"
 RDCMND substituted energy or value "?YMIN" to "-19.940129"
Evaluating: -19.940129-3.5
 Parameter: YMIN <- "-23.440129"
  
 CHARMM>            calc zmin = ?zmin - @dcut
 Parameter: DCUT -> "3.5"
 RDCMND substituted energy or value "?ZMIN" to "25.0120554"
Evaluating: 25.0120554-3.5
 Parameter: ZMIN <- "21.5120554"
  
 CHARMM>     
  
 CHARMM>            define JUNK sele .not. target .and. -
 CHARMM>                             prop X .lt. @xmax .and. prop X .gt. @xmin .and. -
 CHARMM>                             prop Y .lt. @ymax .and. prop Y .gt. @ymin .and. -
 CHARMM>                             prop Z .lt. @zmax .and. prop Z .gt. @zmin  end
 Parameter: XMAX -> "37.3642132"
 Parameter: XMIN -> "30.3642132"
 Parameter: YMAX -> "-16.440129"
 Parameter: YMIN -> "-23.440129"
 Parameter: ZMAX -> "28.5120554"
 Parameter: ZMIN -> "21.5120554"
 SELRPN>      0 atoms have been selected out of  24952
  
 CHARMM>     
  
 CHARMM>            ! check if the ions are too close to protein
  
 CHARMM>            define XXX sele PROT end
 SELRPN>      0 atoms have been selected out of  24952
  
 CHARMM>            if ?nsel .gt. 0 then
 RDCMND substituted energy or value "?NSEL" to "0"
 Comparing "0" and "0".
 IF test evaluated as false.  Skip to ELSE or ENDIF
  
 CHARMM>     
  
 CHARMM>            ! check if the ions are too close to solute
  
 CHARMM>            coor dist cut 4.0 sele target end sele JUNK .and. .not. hydrogen end image
 SELRPN>      1 atoms have been selected out of  36561
 SELRPN>      0 atoms have been selected out of  36561

            DISTANCES FOR SELECTED ATOMS
            ONLY ONE SELECTION SET SPECIFIED, A COMPARISON WILL BE DONE
 TOTAL EXCLUSION COUNT =         0
 TOTAL 1-4 EXCLUSIONS  =         0
 TOTAL NON-EXCLUSIONS  =         0
  
 CHARMM>            if ?npair .gt. 0 goto doinit
 RDCMND substituted energy or value "?NPAIR" to "0"
 Comparing "0" and "0".
 IF test evaluated as false.  Skipping command
  
 CHARMM>     
  
 CHARMM>            calc cntrand = 0
Evaluating: 0
 Parameter: CNTRAND <- "0"
  
 CHARMM>            increase i by 1
 Parameter: I <- "2"
  
 CHARMM>            if i .le. @nion goto doinit
 Parameter: NION -> "52"
 Comparing "2" and "52".
 IF test evaluated as true.  Performing command
  
 CHARMM>     
  
 CHARMM>            calc cntrand = @cntrand + 1
 Parameter: CNTRAND -> "0"
Evaluating: 0+1
 Parameter: CNTRAND <- "1"
  
 CHARMM>            if cntrand .gt. 100 stop ! ABNORMAL TERMINATION: ion placing may not work.. stop here
 Comparing "1" and "100".
 IF test evaluated as false.  Skipping command
  
 CHARMM>     
  
 CHARMM>            calc j = @i
 Parameter: I -> "2"
Evaluating: 2
 Parameter: J <- "2"
  
 CHARMM>            set ion = POS
 Parameter: ION <- "POS"
  
 CHARMM>     
  
 CHARMM>            if j .gt. @npos then
 Parameter: NPOS -> "26"
 Comparing "2" and "26".
 IF test evaluated as false.  Skip to ELSE or ENDIF
  
 CHARMM>     
  
 CHARMM>            define target select segid @ion .and. resid @j end
 Parameter: ION -> "POS"
 Parameter: J -> "2"
 SELRPN>      1 atoms have been selected out of  24952
  
 CHARMM>     
  
 CHARMM>            calc xpos = @A * ( ?random - 0.5 )
 Parameter: A -> "76.8049478"
 RDCMND substituted energy or value "?RANDOM" to "0.854175304"
Evaluating: 76.8049478*(0.854175304-0.5)
 Parameter: XPOS <- "27.2024157"
  
 CHARMM>            calc ypos = @B * ( ?random - 0.5 )
 Parameter: B -> "76.8049478"
 RDCMND substituted energy or value "?RANDOM" to "0.8369314"
Evaluating: 76.8049478*(0.8369314-0.5)
 Parameter: YPOS <- "25.8779986"
  
 CHARMM>            calc zpos = @C * ( ?random - 0.5 ) + @zcen
 Parameter: C -> "100"
 Parameter: ZCEN -> "0"
 RDCMND substituted energy or value "?RANDOM" to "0.250892358"
Evaluating: 100*(0.250892358-0.5)+0
 Parameter: ZPOS <- "-24.9107642"
  
 CHARMM>     
  
 CHARMM>            if zpos .gt. -15 if zpos .lt. 15 goto doinit
 Comparing "-24.9107642" and "-15".
 IF test evaluated as false.  Skipping command
  
 CHARMM>     
  
 CHARMM>            ! move target to selected position
  
 CHARMM>            coor stat select target end
 SELRPN>      1 atoms have been selected out of  24952
 STATISTICS FOR         1 SELECTED ATOMS:
    XMIN =    0.000000 XMAX =    0.000000 XAVE =    0.000000
    YMIN =    0.000000 YMAX =    0.000000 YAVE =    0.000000
    ZMIN =    0.000000 ZMAX =    0.000000 ZAVE =    0.000000
    WMIN =    1.000000 WMAX =    1.000000 WAVE =    1.000000
  
 CHARMM>            calc xtran = @xpos - ?xave
 Parameter: XPOS -> "27.2024157"
 RDCMND substituted energy or value "?XAVE" to "0"
Evaluating: 27.2024157-0
 Parameter: XTRAN <- "27.2024157"
  
 CHARMM>            calc ytran = @ypos - ?yave
 Parameter: YPOS -> "25.8779986"
 RDCMND substituted energy or value "?YAVE" to "0"
Evaluating: 25.8779986-0
 Parameter: YTRAN <- "25.8779986"
  
 CHARMM>            calc ztran = @zpos - ?zave
 Parameter: ZPOS -> "-24.9107642"
 RDCMND substituted energy or value "?ZAVE" to "0"
Evaluating: -24.9107642-0
 Parameter: ZTRAN <- "-24.9107642"
  
 CHARMM>            coor trans xdir @xtran ydir @ytran zdir @ztran select target end
 Parameter: XTRAN -> "27.2024157"
 Parameter: YTRAN -> "25.8779986"
 Parameter: ZTRAN -> "-24.9107642"
 SELRPN>      1 atoms have been selected out of  24952
 TRANSLATION VECTOR    27.202416   25.877999  -24.910764
 SELECTED COORDINATES TRANSLATED IN THE MAIN SET.

  
 CHARMM>     
  
 CHARMM>            ! apply a random rotation along XYZ
  
 CHARMM>            calc xphi = ?random * 360.0
 RDCMND substituted energy or value "?RANDOM" to "0.818280861"
Evaluating: 0.818280861*360.0
 Parameter: XPHI <- "294.58111"
  
 CHARMM>            calc yphi = ?random * 360.0
 RDCMND substituted energy or value "?RANDOM" to "2.771590154E-03"
Evaluating: 2.771590154E-03*360.0
 Parameter: YPHI <- "0.997772455"
  
 CHARMM>            calc zphi = ?random * 360.0
 RDCMND substituted energy or value "?RANDOM" to "0.656066989"
Evaluating: 0.656066989*360.0
 Parameter: ZPHI <- "236.184116"
  
 CHARMM>            coor rotate xcen @xpos ycen @ypos zcen @zpos xdir 1.0 -
 CHARMM>                phi @xphi select target end
 Parameter: XPOS -> "27.2024157"
 Parameter: YPOS -> "25.8779986"
 Parameter: ZPOS -> "-24.9107642"
 Parameter: XPHI -> "294.58111"
 SELRPN>      1 atoms have been selected out of  24952
 ROTATION MATRIX
    1.000000    0.000000    0.000000
    0.000000    0.415981   -0.909373
    0.000000    0.909373    0.415981

 AXIS OF ROTATION IS -1.000000  0.000000  0.000000  ANGLE IS   65.42

 SELECTED COORDINATES ROTATED IN THE MAIN SET.

  
 CHARMM>            coor rotate xcen @xpos ycen @ypos zcen @zpos ydir 1.0 -
 CHARMM>                phi @yphi select target end
 Parameter: XPOS -> "27.2024157"
 Parameter: YPOS -> "25.8779986"
 Parameter: ZPOS -> "-24.9107642"
 Parameter: YPHI -> "0.997772455"
 SELRPN>      1 atoms have been selected out of  24952
 ROTATION MATRIX
    0.999848    0.000000   -0.017414
    0.000000    1.000000    0.000000
    0.017414    0.000000    0.999848

 AXIS OF ROTATION IS  0.000000  1.000000  0.000000  ANGLE IS    1.00

 SELECTED COORDINATES ROTATED IN THE MAIN SET.

  
 CHARMM>            coor rotate xcen @xpos ycen @ypos zcen @zpos zdir 1.0 -
 CHARMM>                phi @zphi select target end
 Parameter: XPOS -> "27.2024157"
 Parameter: YPOS -> "25.8779986"
 Parameter: ZPOS -> "-24.9107642"
 Parameter: ZPHI -> "236.184116"
 SELRPN>      1 atoms have been selected out of  24952
 ROTATION MATRIX
   -0.556526   -0.830830    0.000000
    0.830830   -0.556526    0.000000
    0.000000    0.000000    1.000000

 AXIS OF ROTATION IS  0.000000  0.000000 -1.000000  ANGLE IS  123.82

 SELECTED COORDINATES ROTATED IN THE MAIN SET.

  
 CHARMM>     
  
 CHARMM>     
  
 CHARMM>            calc dcut = 3.5
Evaluating: 3.5
 Parameter: DCUT <- "3.5"
  
 CHARMM>     
  
 CHARMM>            coor stat sele target end
 SELRPN>      1 atoms have been selected out of  24952
 STATISTICS FOR         1 SELECTED ATOMS:
    XMIN =   27.202416 XMAX =   27.202416 XAVE =   27.202416
    YMIN =   25.877999 YMAX =   25.877999 YAVE =   25.877999
    ZMIN =  -24.910764 ZMAX =  -24.910764 ZAVE =  -24.910764
    WMIN =    1.000000 WMAX =    1.000000 WAVE =    1.000000
  
 CHARMM>            calc xmax = ?xmax + @dcut
 Parameter: DCUT -> "3.5"
 RDCMND substituted energy or value "?XMAX" to "27.2024157"
Evaluating: 27.2024157+3.5
 Parameter: XMAX <- "30.7024157"
  
 CHARMM>            calc ymax = ?ymax + @dcut
 Parameter: DCUT -> "3.5"
 RDCMND substituted energy or value "?YMAX" to "25.8779986"
Evaluating: 25.8779986+3.5
 Parameter: YMAX <- "29.3779986"
  
 CHARMM>            calc zmax = ?zmax + @dcut
 Parameter: DCUT -> "3.5"
 RDCMND substituted energy or value "?ZMAX" to "-24.9107642"
Evaluating: -24.9107642+3.5
 Parameter: ZMAX <- "-21.4107642"
  
 CHARMM>            calc xmin = ?xmin - @dcut
 Parameter: DCUT -> "3.5"
 RDCMND substituted energy or value "?XMIN" to "27.2024157"
Evaluating: 27.2024157-3.5
 Parameter: XMIN <- "23.7024157"
  
 CHARMM>            calc ymin = ?ymin - @dcut
 Parameter: DCUT -> "3.5"
 RDCMND substituted energy or value "?YMIN" to "25.8779986"
Evaluating: 25.8779986-3.5
 Parameter: YMIN <- "22.3779986"
  
 CHARMM>            calc zmin = ?zmin - @dcut
 Parameter: DCUT -> "3.5"
 RDCMND substituted energy or value "?ZMIN" to "-24.9107642"
Evaluating: -24.9107642-3.5
 Parameter: ZMIN <- "-28.4107642"
  
 CHARMM>     
  
 CHARMM>            define JUNK sele .not. target .and. -
 CHARMM>                             prop X .lt. @xmax .and. prop X .gt. @xmin .and. -
 CHARMM>                             prop Y .lt. @ymax .and. prop Y .gt. @ymin .and. -
 CHARMM>                             prop Z .lt. @zmax .and. prop Z .gt. @zmin  end
 Parameter: XMAX -> "30.7024157"
 Parameter: XMIN -> "23.7024157"
 Parameter: YMAX -> "29.3779986"
 Parameter: YMIN -> "22.3779986"
 Parameter: ZMAX -> "-21.4107642"
 Parameter: ZMIN -> "-28.4107642"
 SELRPN>      2 atoms have been selected out of  24952
  
 CHARMM>     
  
 CHARMM>            ! check if the ions are too close to protein
  
 CHARMM>            define XXX sele PROT end
 SELRPN>      0 atoms have been selected out of  24952
  
 CHARMM>            if ?nsel .gt. 0 then
 RDCMND substituted energy or value "?NSEL" to "0"
 Comparing "0" and "0".
 IF test evaluated as false.  Skip to ELSE or ENDIF
  
 CHARMM>     
  
 CHARMM>            ! check if the ions are too close to solute
  
 CHARMM>            coor dist cut 4.0 sele target end sele JUNK .and. .not. hydrogen end image
 SELRPN>      1 atoms have been selected out of  36561
 SELRPN>      1 atoms have been selected out of  36561

            DISTANCES FOR SELECTED ATOMS
 TOTAL EXCLUSION COUNT =         0
 TOTAL 1-4 EXCLUSIONS  =         0
 TOTAL NON-EXCLUSIONS  =         0
  
 CHARMM>            if ?npair .gt. 0 goto doinit
 RDCMND substituted energy or value "?NPAIR" to "0"
 Comparing "0" and "0".
 IF test evaluated as false.  Skipping command
  
 CHARMM>     
  
 CHARMM>            calc cntrand = 0
Evaluating: 0
 Parameter: CNTRAND <- "0"
  
 CHARMM>            increase i by 1
 Parameter: I <- "3"
  
 CHARMM>            if i .le. @nion goto doinit
 Parameter: NION -> "52"
 Comparing "3" and "52".
 IF test evaluated as true.  Performing command
  
 CHARMM>     
  
 CHARMM>            calc cntrand = @cntrand + 1
 Parameter: CNTRAND -> "0"
Evaluating: 0+1
 Parameter: CNTRAND <- "1"
  
 CHARMM>            if cntrand .gt. 100 stop ! ABNORMAL TERMINATION: ion placing may not work.. stop here
 Comparing "1" and "100".
 IF test evaluated as false.  Skipping command
  
 CHARMM>     
  
 CHARMM>            calc j = @i
 Parameter: I -> "3"
Evaluating: 3
 Parameter: J <- "3"
  
 CHARMM>            set ion = POS
 Parameter: ION <- "POS"
  
 CHARMM>     
  
 CHARMM>            if j .gt. @npos then
 Parameter: NPOS -> "26"
 Comparing "3" and "26".
 IF test evaluated as false.  Skip to ELSE or ENDIF
  
 CHARMM>     
  
 CHARMM>            define target select segid @ion .and. resid @j end
 Parameter: ION -> "POS"
 Parameter: J -> "3"
 SELRPN>      1 atoms have been selected out of  24952
  
 CHARMM>     
  
 CHARMM>            calc xpos = @A * ( ?random - 0.5 )
 Parameter: A -> "76.8049478"
 RDCMND substituted energy or value "?RANDOM" to "0.944574192"
Evaluating: 76.8049478*(0.944574192-0.5)
 Parameter: XPOS <- "34.1454976"
  
 CHARMM>            calc ypos = @B * ( ?random - 0.5 )
 Parameter: B -> "76.8049478"
 RDCMND substituted energy or value "?RANDOM" to "0.272518339"
Evaluating: 76.8049478*(0.272518339-0.5)
 Parameter: YPOS <- "-17.4717171"
  
 CHARMM>            calc zpos = @C * ( ?random - 0.5 ) + @zcen
 Parameter: C -> "100"
 Parameter: ZCEN -> "0"
 RDCMND substituted energy or value "?RANDOM" to "0.485165013"
Evaluating: 100*(0.485165013-0.5)+0
 Parameter: ZPOS <- "-1.4834987"
  
 CHARMM>     
  
 CHARMM>            if zpos .gt. -15 if zpos .lt. 15 goto doinit
 Comparing "-1.4834987" and "-15".
 IF test evaluated as true.  Performing command
 Comparing "-1.4834987" and "15".
 IF test evaluated as true.  Performing command
  
 CHARMM>     
  
 CHARMM>            calc cntrand = @cntrand + 1
 Parameter: CNTRAND -> "1"
Evaluating: 1+1
 Parameter: CNTRAND <- "2"
  
 CHARMM>            if cntrand .gt. 100 stop ! ABNORMAL TERMINATION: ion placing may not work.. stop here
 Comparing "2" and "100".
 IF test evaluated as false.  Skipping command
  
 CHARMM>     
  
 CHARMM>            calc j = @i
 Parameter: I -> "3"
Evaluating: 3
 Parameter: J <- "3"
  
 CHARMM>            set ion = POS
 Parameter: ION <- "POS"
  
 CHARMM>     
  
 CHARMM>            if j .gt. @npos then
 Parameter: NPOS -> "26"
 Comparing "3" and "26".
 IF test evaluated as false.  Skip to ELSE or ENDIF
  
 CHARMM>     
  
 CHARMM>            define target select segid @ion .and. resid @j end
 Parameter: ION -> "POS"
 Parameter: J -> "3"
 SELRPN>      1 atoms have been selected out of  24952
  
 CHARMM>     
  
 CHARMM>            calc xpos = @A * ( ?random - 0.5 )
 Parameter: A -> "76.8049478"
 RDCMND substituted energy or value "?RANDOM" to "0.923425436"
Evaluating: 76.8049478*(0.923425436-0.5)
 Parameter: XPOS <- "32.5211685"
  
 CHARMM>            calc ypos = @B * ( ?random - 0.5 )
 Parameter: B -> "76.8049478"
 RDCMND substituted energy or value "?RANDOM" to "0.244452154"
Evaluating: 76.8049478*(0.244452154-0.5)
 Parameter: YPOS <- "-19.627339"
  
 CHARMM>            calc zpos = @C * ( ?random - 0.5 ) + @zcen
 Parameter: C -> "100"
 Parameter: ZCEN -> "0"
 RDCMND substituted energy or value "?RANDOM" to "0.984588448"
Evaluating: 100*(0.984588448-0.5)+0
 Parameter: ZPOS <- "48.4588448"
  
 CHARMM>     
  
 CHARMM>            if zpos .gt. -15 if zpos .lt. 15 goto doinit
 Comparing "48.4588448" and "-15".
 IF test evaluated as true.  Performing command
 Comparing "48.4588448" and "15".
 IF test evaluated as false.  Skipping command
  
 CHARMM>     
  
 CHARMM>            ! move target to selected position
  
 CHARMM>            coor stat select target end
 SELRPN>      1 atoms have been selected out of  24952
 STATISTICS FOR         1 SELECTED ATOMS:
    XMIN =    0.000000 XMAX =    0.000000 XAVE =    0.000000
    YMIN =    0.000000 YMAX =    0.000000 YAVE =    0.000000
    ZMIN =    0.000000 ZMAX =    0.000000 ZAVE =    0.000000
    WMIN =    1.000000 WMAX =    1.000000 WAVE =    1.000000
  
 CHARMM>            calc xtran = @xpos - ?xave
 Parameter: XPOS -> "32.5211685"
 RDCMND substituted energy or value "?XAVE" to "0"
Evaluating: 32.5211685-0
 Parameter: XTRAN <- "32.5211685"
  
 CHARMM>            calc ytran = @ypos - ?yave
 Parameter: YPOS -> "-19.627339"
 RDCMND substituted energy or value "?YAVE" to "0"
Evaluating: -19.627339-0
 Parameter: YTRAN <- "-19.627339"
  
 CHARMM>            calc ztran = @zpos - ?zave
 Parameter: ZPOS -> "48.4588448"
 RDCMND substituted energy or value "?ZAVE" to "0"
Evaluating: 48.4588448-0
 Parameter: ZTRAN <- "48.4588448"
  
 CHARMM>            coor trans xdir @xtran ydir @ytran zdir @ztran select target end
 Parameter: XTRAN -> "32.5211685"
 Parameter: YTRAN -> "-19.627339"
 Parameter: ZTRAN -> "48.4588448"
 SELRPN>      1 atoms have been selected out of  24952
 TRANSLATION VECTOR    32.521169  -19.627339   48.458845
 SELECTED COORDINATES TRANSLATED IN THE MAIN SET.

  
 CHARMM>     
  
 CHARMM>            ! apply a random rotation along XYZ
  
 CHARMM>            calc xphi = ?random * 360.0
 RDCMND substituted energy or value "?RANDOM" to "8.21522695E-02"
Evaluating: 8.21522695E-02*360.0
 Parameter: XPHI <- "29.574817"
  
 CHARMM>            calc yphi = ?random * 360.0
 RDCMND substituted energy or value "?RANDOM" to "0.478435171"
Evaluating: 0.478435171*360.0
 Parameter: YPHI <- "172.236662"
  
 CHARMM>            calc zphi = ?random * 360.0
 RDCMND substituted energy or value "?RANDOM" to "0.151241956"
Evaluating: 0.151241956*360.0
 Parameter: ZPHI <- "54.4471042"
  
 CHARMM>            coor rotate xcen @xpos ycen @ypos zcen @zpos xdir 1.0 -
 CHARMM>                phi @xphi select target end
 Parameter: XPOS -> "32.5211685"
 Parameter: YPOS -> "-19.627339"
 Parameter: ZPOS -> "48.4588448"
 Parameter: XPHI -> "29.574817"
 SELRPN>      1 atoms have been selected out of  24952
 ROTATION MATRIX
    1.000000    0.000000    0.000000
    0.000000    0.869712    0.493560
    0.000000   -0.493560    0.869712

 AXIS OF ROTATION IS  1.000000  0.000000  0.000000  ANGLE IS   29.57

 SELECTED COORDINATES ROTATED IN THE MAIN SET.

  
 CHARMM>            coor rotate xcen @xpos ycen @ypos zcen @zpos ydir 1.0 -
 CHARMM>                phi @yphi select target end
 Parameter: XPOS -> "32.5211685"
 Parameter: YPOS -> "-19.627339"
 Parameter: ZPOS -> "48.4588448"
 Parameter: YPHI -> "172.236662"
 SELRPN>      1 atoms have been selected out of  24952
 ROTATION MATRIX
   -0.990834    0.000000   -0.135082
    0.000000    1.000000    0.000000
    0.135082    0.000000   -0.990834

 AXIS OF ROTATION IS  0.000000  1.000000  0.000000  ANGLE IS  172.24

 SELECTED COORDINATES ROTATED IN THE MAIN SET.

  
 CHARMM>            coor rotate xcen @xpos ycen @ypos zcen @zpos zdir 1.0 -
 CHARMM>                phi @zphi select target end
 Parameter: XPOS -> "32.5211685"
 Parameter: YPOS -> "-19.627339"
 Parameter: ZPOS -> "48.4588448"
 Parameter: ZPHI -> "54.4471042"
 SELRPN>      1 atoms have been selected out of  24952
 ROTATION MATRIX
    0.581454    0.813579    0.000000
   -0.813579    0.581454    0.000000
    0.000000    0.000000    1.000000

 AXIS OF ROTATION IS  0.000000  0.000000  1.000000  ANGLE IS   54.45

 SELECTED COORDINATES ROTATED IN THE MAIN SET.

  
 CHARMM>     
  
 CHARMM>     
  
 CHARMM>            calc dcut = 3.5
Evaluating: 3.5
 Parameter: DCUT <- "3.5"
  
 CHARMM>     
  
 CHARMM>            coor stat sele target end
 SELRPN>      1 atoms have been selected out of  24952
 STATISTICS FOR         1 SELECTED ATOMS:
    XMIN =   32.521169 XMAX =   32.521169 XAVE =   32.521169
    YMIN =  -19.627339 YMAX =  -19.627339 YAVE =  -19.627339
    ZMIN =   48.458845 ZMAX =   48.458845 ZAVE =   48.458845
    WMIN =    1.000000 WMAX =    1.000000 WAVE =    1.000000
  
 CHARMM>            calc xmax = ?xmax + @dcut
 Parameter: DCUT -> "3.5"
 RDCMND substituted energy or value "?XMAX" to "32.5211685"
Evaluating: 32.5211685+3.5
 Parameter: XMAX <- "36.0211685"
  
 CHARMM>            calc ymax = ?ymax + @dcut
 Parameter: DCUT -> "3.5"
 RDCMND substituted energy or value "?YMAX" to "-19.627339"
Evaluating: -19.627339+3.5
 Parameter: YMAX <- "-16.127339"
  
 CHARMM>            calc zmax = ?zmax + @dcut
 Parameter: DCUT -> "3.5"
 RDCMND substituted energy or value "?ZMAX" to "48.4588448"
Evaluating: 48.4588448+3.5
 Parameter: ZMAX <- "51.9588448"
  
 CHARMM>            calc xmin = ?xmin - @dcut
 Parameter: DCUT -> "3.5"
 RDCMND substituted energy or value "?XMIN" to "32.5211685"
Evaluating: 32.5211685-3.5
 Parameter: XMIN <- "29.0211685"
  
 CHARMM>            calc ymin = ?ymin - @dcut
 Parameter: DCUT -> "3.5"
 RDCMND substituted energy or value "?YMIN" to "-19.627339"
Evaluating: -19.627339-3.5
 Parameter: YMIN <- "-23.127339"
  
 CHARMM>            calc zmin = ?zmin - @dcut
 Parameter: DCUT -> "3.5"
 RDCMND substituted energy or value "?ZMIN" to "48.4588448"
Evaluating: 48.4588448-3.5
 Parameter: ZMIN <- "44.9588448"
  
 CHARMM>     
  
 CHARMM>            define JUNK sele .not. target .and. -
 CHARMM>                             prop X .lt. @xmax .and. prop X .gt. @xmin .and. -
 CHARMM>                             prop Y .lt. @ymax .and. prop Y .gt. @ymin .and. -
 CHARMM>                             prop Z .lt. @zmax .and. prop Z .gt. @zmin  end
 Parameter: XMAX -> "36.0211685"
 Parameter: XMIN -> "29.0211685"
 Parameter: YMAX -> "-16.127339"
 Parameter: YMIN -> "-23.127339"
 Parameter: ZMAX -> "51.9588448"
 Parameter: ZMIN -> "44.9588448"
 SELRPN>      0 atoms have been selected out of  24952
  
 CHARMM>     
  
 CHARMM>            ! check if the ions are too close to protein
  
 CHARMM>            define XXX sele PROT end
 SELRPN>      0 atoms have been selected out of  24952
  
 CHARMM>            if ?nsel .gt. 0 then
 RDCMND substituted energy or value "?NSEL" to "0"
 Comparing "0" and "0".
 IF test evaluated as false.  Skip to ELSE or ENDIF
  
 CHARMM>     
  
 CHARMM>            ! check if the ions are too close to solute
  
 CHARMM>            coor dist cut 4.0 sele target end sele JUNK .and. .not. hydrogen end image
 SELRPN>      1 atoms have been selected out of  36561
 SELRPN>      0 atoms have been selected out of  36561

            DISTANCES FOR SELECTED ATOMS
            ONLY ONE SELECTION SET SPECIFIED, A COMPARISON WILL BE DONE
 TOTAL EXCLUSION COUNT =         0
 TOTAL 1-4 EXCLUSIONS  =         0
 TOTAL NON-EXCLUSIONS  =         0
  
 CHARMM>            if ?npair .gt. 0 goto doinit
 RDCMND substituted energy or value "?NPAIR" to "0"
 Comparing "0" and "0".
 IF test evaluated as false.  Skipping command
  
 CHARMM>     
  
 CHARMM>            calc cntrand = 0
Evaluating: 0
 Parameter: CNTRAND <- "0"
  
 CHARMM>            increase i by 1
 Parameter: I <- "4"
  
 CHARMM>            if i .le. @nion goto doinit
 Parameter: NION -> "52"
 Comparing "4" and "52".
 IF test evaluated as true.  Performing command
  
 CHARMM>     
  
 CHARMM>            calc cntrand = @cntrand + 1
 Parameter: CNTRAND -> "0"
Evaluating: 0+1
 Parameter: CNTRAND <- "1"
  
 CHARMM>            if cntrand .gt. 100 stop ! ABNORMAL TERMINATION: ion placing may not work.. stop here
 Comparing "1" and "100".
 IF test evaluated as false.  Skipping command
  
 CHARMM>     
  
 CHARMM>            calc j = @i
 Parameter: I -> "4"
Evaluating: 4
 Parameter: J <- "4"
  
 CHARMM>            set ion = POS
 Parameter: ION <- "POS"
  
 CHARMM>     
  
 CHARMM>            if j .gt. @npos then
 Parameter: NPOS -> "26"
 Comparing "4" and "26".
 IF test evaluated as false.  Skip to ELSE or ENDIF
  
 CHARMM>     
  
 CHARMM>            define target select segid @ion .and. resid @j end
 Parameter: ION -> "POS"
 Parameter: J -> "4"
 SELRPN>      1 atoms have been selected out of  24952
  
 CHARMM>     
  
 CHARMM>            calc xpos = @A * ( ?random - 0.5 )
 Parameter: A -> "76.8049478"
 RDCMND substituted energy or value "?RANDOM" to "0.808369007"
Evaluating: 76.8049478*(0.808369007-0.5)
 Parameter: XPOS <- "23.6842655"
  
 CHARMM>            calc ypos = @B * ( ?random - 0.5 )
 Parameter: B -> "76.8049478"
 RDCMND substituted energy or value "?RANDOM" to "0.526852637"
Evaluating: 76.8049478*(0.526852637-0.5)
 Parameter: YPOS <- "2.06241538"
  
 CHARMM>            calc zpos = @C * ( ?random - 0.5 ) + @zcen
 Parameter: C -> "100"
 Parameter: ZCEN -> "0"
 RDCMND substituted energy or value "?RANDOM" to "0.720564061"
Evaluating: 100*(0.720564061-0.5)+0
 Parameter: ZPOS <- "22.0564061"
  
 CHARMM>     
  
 CHARMM>            if zpos .gt. -15 if zpos .lt. 15 goto doinit
 Comparing "22.0564061" and "-15".
 IF test evaluated as true.  Performing command
 Comparing "22.0564061" and "15".
 IF test evaluated as false.  Skipping command
  
 CHARMM>     
  
 CHARMM>            ! move target to selected position
  
 CHARMM>            coor stat select target end
 SELRPN>      1 atoms have been selected out of  24952
 STATISTICS FOR         1 SELECTED ATOMS:
    XMIN =    0.000000 XMAX =    0.000000 XAVE =    0.000000
    YMIN =    0.000000 YMAX =    0.000000 YAVE =    0.000000
    ZMIN =    0.000000 ZMAX =    0.000000 ZAVE =    0.000000
    WMIN =    1.000000 WMAX =    1.000000 WAVE =    1.000000
  
 CHARMM>            calc xtran = @xpos - ?xave
 Parameter: XPOS -> "23.6842655"
 RDCMND substituted energy or value "?XAVE" to "0"
Evaluating: 23.6842655-0
 Parameter: XTRAN <- "23.6842655"
  
 CHARMM>            calc ytran = @ypos - ?yave
 Parameter: YPOS -> "2.06241538"
 RDCMND substituted energy or value "?YAVE" to "0"
Evaluating: 2.06241538-0
 Parameter: YTRAN <- "2.06241538"
  
 CHARMM>            calc ztran = @zpos - ?zave
 Parameter: ZPOS -> "22.0564061"
 RDCMND substituted energy or value "?ZAVE" to "0"
Evaluating: 22.0564061-0
 Parameter: ZTRAN <- "22.0564061"
  
 CHARMM>            coor trans xdir @xtran ydir @ytran zdir @ztran select target end
 Parameter: XTRAN -> "23.6842655"
 Parameter: YTRAN -> "2.06241538"
 Parameter: ZTRAN -> "22.0564061"
 SELRPN>      1 atoms have been selected out of  24952
 TRANSLATION VECTOR    23.684265    2.062415   22.056406
 SELECTED COORDINATES TRANSLATED IN THE MAIN SET.

  
 CHARMM>     
  
 CHARMM>            ! apply a random rotation along XYZ
  
 CHARMM>            calc xphi = ?random * 360.0
 RDCMND substituted energy or value "?RANDOM" to "0.740869414"
Evaluating: 0.740869414*360.0
 Parameter: XPHI <- "266.712989"
  
 CHARMM>            calc yphi = ?random * 360.0
 RDCMND substituted energy or value "?RANDOM" to "0.484062331"
Evaluating: 0.484062331*360.0
 Parameter: YPHI <- "174.262439"
  
 CHARMM>            calc zphi = ?random * 360.0
 RDCMND substituted energy or value "?RANDOM" to "0.41817073"
Evaluating: 0.41817073*360.0
 Parameter: ZPHI <- "150.541463"
  
 CHARMM>            coor rotate xcen @xpos ycen @ypos zcen @zpos xdir 1.0 -
 CHARMM>                phi @xphi select target end
 Parameter: XPOS -> "23.6842655"
 Parameter: YPOS -> "2.06241538"
 Parameter: ZPOS -> "22.0564061"
 Parameter: XPHI -> "266.712989"
 SELRPN>      1 atoms have been selected out of  24952
 ROTATION MATRIX
    1.000000    0.000000    0.000000
    0.000000   -0.057338   -0.998355
    0.000000    0.998355   -0.057338

 AXIS OF ROTATION IS -1.000000  0.000000  0.000000  ANGLE IS   93.29

 SELECTED COORDINATES ROTATED IN THE MAIN SET.

  
 CHARMM>            coor rotate xcen @xpos ycen @ypos zcen @zpos ydir 1.0 -
 CHARMM>                phi @yphi select target end
 Parameter: XPOS -> "23.6842655"
 Parameter: YPOS -> "2.06241538"
 Parameter: ZPOS -> "22.0564061"
 Parameter: YPHI -> "174.262439"
 SELRPN>      1 atoms have been selected out of  24952
 ROTATION MATRIX
   -0.994990    0.000000   -0.099972
    0.000000    1.000000    0.000000
    0.099972    0.000000   -0.994990

 AXIS OF ROTATION IS  0.000000  1.000000  0.000000  ANGLE IS  174.26

 SELECTED COORDINATES ROTATED IN THE MAIN SET.

  
 CHARMM>            coor rotate xcen @xpos ycen @ypos zcen @zpos zdir 1.0 -
 CHARMM>                phi @zphi select target end
 Parameter: XPOS -> "23.6842655"
 Parameter: YPOS -> "2.06241538"
 Parameter: ZPOS -> "22.0564061"
 Parameter: ZPHI -> "150.541463"
 SELRPN>      1 atoms have been selected out of  24952
 ROTATION MATRIX
   -0.870712    0.491794    0.000000
   -0.491794   -0.870712    0.000000
    0.000000    0.000000    1.000000

 AXIS OF ROTATION IS  0.000000  0.000000  1.000000  ANGLE IS  150.54

 SELECTED COORDINATES ROTATED IN THE MAIN SET.

  
 CHARMM>     
  
 CHARMM>     
  
 CHARMM>            calc dcut = 3.5
Evaluating: 3.5
 Parameter: DCUT <- "3.5"
  
 CHARMM>     
  
 CHARMM>            coor stat sele target end
 SELRPN>      1 atoms have been selected out of  24952
 STATISTICS FOR         1 SELECTED ATOMS:
    XMIN =   23.684265 XMAX =   23.684265 XAVE =   23.684265
    YMIN =    2.062415 YMAX =    2.062415 YAVE =    2.062415
    ZMIN =   22.056406 ZMAX =   22.056406 ZAVE =   22.056406
    WMIN =    1.000000 WMAX =    1.000000 WAVE =    1.000000
  
 CHARMM>            calc xmax = ?xmax + @dcut
 Parameter: DCUT -> "3.5"
 RDCMND substituted energy or value "?XMAX" to "23.6842655"
Evaluating: 23.6842655+3.5
 Parameter: XMAX <- "27.1842655"
  
 CHARMM>            calc ymax = ?ymax + @dcut
 Parameter: DCUT -> "3.5"
 RDCMND substituted energy or value "?YMAX" to "2.06241538"
Evaluating: 2.06241538+3.5
 Parameter: YMAX <- "5.56241538"
  
 CHARMM>            calc zmax = ?zmax + @dcut
 Parameter: DCUT -> "3.5"
 RDCMND substituted energy or value "?ZMAX" to "22.0564061"
Evaluating: 22.0564061+3.5
 Parameter: ZMAX <- "25.5564061"
  
 CHARMM>            calc xmin = ?xmin - @dcut
 Parameter: DCUT -> "3.5"
 RDCMND substituted energy or value "?XMIN" to "23.6842655"
Evaluating: 23.6842655-3.5
 Parameter: XMIN <- "20.1842655"
  
 CHARMM>            calc ymin = ?ymin - @dcut
 Parameter: DCUT -> "3.5"
 RDCMND substituted energy or value "?YMIN" to "2.06241538"
Evaluating: 2.06241538-3.5
 Parameter: YMIN <- "-1.43758462"
  
 CHARMM>            calc zmin = ?zmin - @dcut
 Parameter: DCUT -> "3.5"
 RDCMND substituted energy or value "?ZMIN" to "22.0564061"
Evaluating: 22.0564061-3.5
 Parameter: ZMIN <- "18.5564061"
  
 CHARMM>     
  
 CHARMM>            define JUNK sele .not. target .and. -
 CHARMM>                             prop X .lt. @xmax .and. prop X .gt. @xmin .and. -
 CHARMM>                             prop Y .lt. @ymax .and. prop Y .gt. @ymin .and. -
 CHARMM>                             prop Z .lt. @zmax .and. prop Z .gt. @zmin  end
 Parameter: XMAX -> "27.1842655"
 Parameter: XMIN -> "20.1842655"
 Parameter: YMAX -> "5.56241538"
 Parameter: YMIN -> "-1.43758462"
 Parameter: ZMAX -> "25.5564061"
 Parameter: ZMIN -> "18.5564061"
 SELRPN>      2 atoms have been selected out of  24952
  
 CHARMM>     
  
 CHARMM>            ! check if the ions are too close to protein
  
 CHARMM>            define XXX sele PROT end
 SELRPN>      0 atoms have been selected out of  24952
  
 CHARMM>            if ?nsel .gt. 0 then
 RDCMND substituted energy or value "?NSEL" to "0"
 Comparing "0" and "0".
 IF test evaluated as false.  Skip to ELSE or ENDIF
  
 CHARMM>     
  
 CHARMM>            ! check if the ions are too close to solute
  
 CHARMM>            coor dist cut 4.0 sele target end sele JUNK .and. .not. hydrogen end image
 SELRPN>      1 atoms have been selected out of  36561
 SELRPN>      1 atoms have been selected out of  36561

            DISTANCES FOR SELECTED ATOMS
24904 POS      SOD      4        SOD     -3535 MEMB     CHL1     28       O3            3.9346
 TOTAL EXCLUSION COUNT =         0
 TOTAL 1-4 EXCLUSIONS  =         0
 TOTAL NON-EXCLUSIONS  =         1
  
 CHARMM>            if ?npair .gt. 0 goto doinit
 RDCMND substituted energy or value "?NPAIR" to "1"
 Comparing "1" and "0".
 IF test evaluated as true.  Performing command
  
 CHARMM>     
  
 CHARMM>            calc cntrand = @cntrand + 1
 Parameter: CNTRAND -> "1"
Evaluating: 1+1
 Parameter: CNTRAND <- "2"
  
 CHARMM>            if cntrand .gt. 100 stop ! ABNORMAL TERMINATION: ion placing may not work.. stop here
 Comparing "2" and "100".
 IF test evaluated as false.  Skipping command
  
 CHARMM>     
  
 CHARMM>            calc j = @i
 Parameter: I -> "4"
Evaluating: 4
 Parameter: J <- "4"
  
 CHARMM>            set ion = POS
 Parameter: ION <- "POS"
  
 CHARMM>     
  
 CHARMM>            if j .gt. @npos then
 Parameter: NPOS -> "26"
 Comparing "4" and "26".
 IF test evaluated as false.  Skip to ELSE or ENDIF
  
 CHARMM>     
  
 CHARMM>            define target select segid @ion .and. resid @j end
 Parameter: ION -> "POS"
 Parameter: J -> "4"
 SELRPN>      1 atoms have been selected out of  24952
  
 CHARMM>     
  
 CHARMM>            calc xpos = @A * ( ?random - 0.5 )
 Parameter: A -> "76.8049478"
 RDCMND substituted energy or value "?RANDOM" to "0.967577681"
Evaluating: 76.8049478*(0.967577681-0.5)
 Parameter: XPOS <- "35.9122794"
  
 CHARMM>            calc ypos = @B * ( ?random - 0.5 )
 Parameter: B -> "76.8049478"
 RDCMND substituted energy or value "?RANDOM" to "0.903342965"
Evaluating: 76.8049478*(0.903342965-0.5)
 Parameter: YPOS <- "30.9787354"
  
 CHARMM>            calc zpos = @C * ( ?random - 0.5 ) + @zcen
 Parameter: C -> "100"
 Parameter: ZCEN -> "0"
 RDCMND substituted energy or value "?RANDOM" to "0.999677872"
Evaluating: 100*(0.999677872-0.5)+0
 Parameter: ZPOS <- "49.9677872"
  
 CHARMM>     
  
 CHARMM>            if zpos .gt. -15 if zpos .lt. 15 goto doinit
 Comparing "49.9677872" and "-15".
 IF test evaluated as true.  Performing command
 Comparing "49.9677872" and "15".
 IF test evaluated as false.  Skipping command
  
 CHARMM>     
  
 CHARMM>            ! move target to selected position
  
 CHARMM>            coor stat select target end
 SELRPN>      1 atoms have been selected out of  24952
 STATISTICS FOR         1 SELECTED ATOMS:
    XMIN =   23.684265 XMAX =   23.684265 XAVE =   23.684265
    YMIN =    2.062415 YMAX =    2.062415 YAVE =    2.062415
    ZMIN =   22.056406 ZMAX =   22.056406 ZAVE =   22.056406
    WMIN =    1.000000 WMAX =    1.000000 WAVE =    1.000000
  
 CHARMM>            calc xtran = @xpos - ?xave
 Parameter: XPOS -> "35.9122794"
 RDCMND substituted energy or value "?XAVE" to "23.6842655"
Evaluating: 35.9122794-23.6842655
 Parameter: XTRAN <- "12.2280139"
  
 CHARMM>            calc ytran = @ypos - ?yave
 Parameter: YPOS -> "30.9787354"
 RDCMND substituted energy or value "?YAVE" to "2.06241538"
Evaluating: 30.9787354-2.06241538
 Parameter: YTRAN <- "28.91632"
  
 CHARMM>            calc ztran = @zpos - ?zave
 Parameter: ZPOS -> "49.9677872"
 RDCMND substituted energy or value "?ZAVE" to "22.0564061"
Evaluating: 49.9677872-22.0564061
 Parameter: ZTRAN <- "27.9113811"
  
 CHARMM>            coor trans xdir @xtran ydir @ytran zdir @ztran select target end
 Parameter: XTRAN -> "12.2280139"
 Parameter: YTRAN -> "28.91632"
 Parameter: ZTRAN -> "27.9113811"
 SELRPN>      1 atoms have been selected out of  24952
 TRANSLATION VECTOR    12.228014   28.916320   27.911381
 SELECTED COORDINATES TRANSLATED IN THE MAIN SET.

  
 CHARMM>     
  
 CHARMM>            ! apply a random rotation along XYZ
  
 CHARMM>            calc xphi = ?random * 360.0
 RDCMND substituted energy or value "?RANDOM" to "0.674207288"
Evaluating: 0.674207288*360.0
 Parameter: XPHI <- "242.714624"
  
 CHARMM>            calc yphi = ?random * 360.0
 RDCMND substituted energy or value "?RANDOM" to "0.958866905"
Evaluating: 0.958866905*360.0
 Parameter: YPHI <- "345.192086"
  
 CHARMM>            calc zphi = ?random * 360.0
 RDCMND substituted energy or value "?RANDOM" to "0.63765658"
Evaluating: 0.63765658*360.0
 Parameter: ZPHI <- "229.556369"
  
 CHARMM>            coor rotate xcen @xpos ycen @ypos zcen @zpos xdir 1.0 -
 CHARMM>                phi @xphi select target end
 Parameter: XPOS -> "35.9122794"
 Parameter: YPOS -> "30.9787354"
 Parameter: ZPOS -> "49.9677872"
 Parameter: XPHI -> "242.714624"
 SELRPN>      1 atoms have been selected out of  24952
 ROTATION MATRIX
    1.000000    0.000000    0.000000
    0.000000   -0.458423   -0.888734
    0.000000    0.888734   -0.458423

 AXIS OF ROTATION IS -1.000000  0.000000  0.000000  ANGLE IS  117.29

 SELECTED COORDINATES ROTATED IN THE MAIN SET.

  
 CHARMM>            coor rotate xcen @xpos ycen @ypos zcen @zpos ydir 1.0 -
 CHARMM>                phi @yphi select target end
 Parameter: XPOS -> "35.9122794"
 Parameter: YPOS -> "30.9787354"
 Parameter: ZPOS -> "49.9677872"
 Parameter: YPHI -> "345.192086"
 SELRPN>      1 atoms have been selected out of  24952
 ROTATION MATRIX
    0.966788    0.000000    0.255579
    0.000000    1.000000    0.000000
   -0.255579    0.000000    0.966788

 AXIS OF ROTATION IS  0.000000 -1.000000  0.000000  ANGLE IS   14.81

 SELECTED COORDINATES ROTATED IN THE MAIN SET.

  
 CHARMM>            coor rotate xcen @xpos ycen @ypos zcen @zpos zdir 1.0 -
 CHARMM>                phi @zphi select target end
 Parameter: XPOS -> "35.9122794"
 Parameter: YPOS -> "30.9787354"
 Parameter: ZPOS -> "49.9677872"
 Parameter: ZPHI -> "229.556369"
 SELRPN>      1 atoms have been selected out of  24952
 ROTATION MATRIX
   -0.648700   -0.761045    0.000000
    0.761045   -0.648700    0.000000
    0.000000    0.000000    1.000000

 AXIS OF ROTATION IS  0.000000  0.000000 -1.000000  ANGLE IS  130.44

 SELECTED COORDINATES ROTATED IN THE MAIN SET.

  
 CHARMM>     
  
 CHARMM>     
  
 CHARMM>            calc dcut = 3.5
Evaluating: 3.5
 Parameter: DCUT <- "3.5"
  
 CHARMM>     
  
 CHARMM>            coor stat sele target end
 SELRPN>      1 atoms have been selected out of  24952
 STATISTICS FOR         1 SELECTED ATOMS:
    XMIN =   35.912279 XMAX =   35.912279 XAVE =   35.912279
    YMIN =   30.978735 YMAX =   30.978735 YAVE =   30.978735
    ZMIN =   49.967787 ZMAX =   49.967787 ZAVE =   49.967787
    WMIN =    1.000000 WMAX =    1.000000 WAVE =    1.000000
  
 CHARMM>            calc xmax = ?xmax + @dcut
 Parameter: DCUT -> "3.5"
 RDCMND substituted energy or value "?XMAX" to "35.9122794"
Evaluating: 35.9122794+3.5
 Parameter: XMAX <- "39.4122794"
  
 CHARMM>            calc ymax = ?ymax + @dcut
 Parameter: DCUT -> "3.5"
 RDCMND substituted energy or value "?YMAX" to "30.9787354"
Evaluating: 30.9787354+3.5
 Parameter: YMAX <- "34.4787354"
  
 CHARMM>            calc zmax = ?zmax + @dcut
 Parameter: DCUT -> "3.5"
 RDCMND substituted energy or value "?ZMAX" to "49.9677872"
Evaluating: 49.9677872+3.5
 Parameter: ZMAX <- "53.4677872"
  
 CHARMM>            calc xmin = ?xmin - @dcut
 Parameter: DCUT -> "3.5"
 RDCMND substituted energy or value "?XMIN" to "35.9122794"
Evaluating: 35.9122794-3.5
 Parameter: XMIN <- "32.4122794"
  
 CHARMM>            calc ymin = ?ymin - @dcut
 Parameter: DCUT -> "3.5"
 RDCMND substituted energy or value "?YMIN" to "30.9787354"
Evaluating: 30.9787354-3.5
 Parameter: YMIN <- "27.4787354"
  
 CHARMM>            calc zmin = ?zmin - @dcut
 Parameter: DCUT -> "3.5"
 RDCMND substituted energy or value "?ZMIN" to "49.9677872"
Evaluating: 49.9677872-3.5
 Parameter: ZMIN <- "46.4677872"
  
 CHARMM>     
  
 CHARMM>            define JUNK sele .not. target .and. -
 CHARMM>                             prop X .lt. @xmax .and. prop X .gt. @xmin .and. -
 CHARMM>                             prop Y .lt. @ymax .and. prop Y .gt. @ymin .and. -
 CHARMM>                             prop Z .lt. @zmax .and. prop Z .gt. @zmin  end
 Parameter: XMAX -> "39.4122794"
 Parameter: XMIN -> "32.4122794"
 Parameter: YMAX -> "34.4787354"
 Parameter: YMIN -> "27.4787354"
 Parameter: ZMAX -> "53.4677872"
 Parameter: ZMIN -> "46.4677872"
 SELRPN>      0 atoms have been selected out of  24952
  
 CHARMM>     
  
 CHARMM>            ! check if the ions are too close to protein
  
 CHARMM>            define XXX sele PROT end
 SELRPN>      0 atoms have been selected out of  24952
  
 CHARMM>            if ?nsel .gt. 0 then
 RDCMND substituted energy or value "?NSEL" to "0"
 Comparing "0" and "0".
 IF test evaluated as false.  Skip to ELSE or ENDIF
  
 CHARMM>     
  
 CHARMM>            ! check if the ions are too close to solute
  
 CHARMM>            coor dist cut 4.0 sele target end sele JUNK .and. .not. hydrogen end image
 SELRPN>      1 atoms have been selected out of  36561
 SELRPN>      0 atoms have been selected out of  36561

            DISTANCES FOR SELECTED ATOMS
            ONLY ONE SELECTION SET SPECIFIED, A COMPARISON WILL BE DONE
 TOTAL EXCLUSION COUNT =         0
 TOTAL 1-4 EXCLUSIONS  =         0
 TOTAL NON-EXCLUSIONS  =         0
  
 CHARMM>            if ?npair .gt. 0 goto doinit
 RDCMND substituted energy or value "?NPAIR" to "0"
 Comparing "0" and "0".
 IF test evaluated as false.  Skipping command
  
 CHARMM>     
  
 CHARMM>            calc cntrand = 0
Evaluating: 0
 Parameter: CNTRAND <- "0"
  
 CHARMM>            increase i by 1
 Parameter: I <- "5"
  
 CHARMM>            if i .le. @nion goto doinit
 Parameter: NION -> "52"
 Comparing "5" and "52".
 IF test evaluated as true.  Performing command
  
 CHARMM>     
  
 CHARMM>            calc cntrand = @cntrand + 1
 Parameter: CNTRAND -> "0"
Evaluating: 0+1
 Parameter: CNTRAND <- "1"
  
 CHARMM>            if cntrand .gt. 100 stop ! ABNORMAL TERMINATION: ion placing may not work.. stop here
 Comparing "1" and "100".
 IF test evaluated as false.  Skipping command
  
 CHARMM>     
  
 CHARMM>            calc j = @i
 Parameter: I -> "5"
Evaluating: 5
 Parameter: J <- "5"
  
 CHARMM>            set ion = POS
 Parameter: ION <- "POS"
  
 CHARMM>     
  
 CHARMM>            if j .gt. @npos then
 Parameter: NPOS -> "26"
 Comparing "5" and "26".
 IF test evaluated as false.  Skip to ELSE or ENDIF
  
 CHARMM>     
  
 CHARMM>            define target select segid @ion .and. resid @j end
 Parameter: ION -> "POS"
 Parameter: J -> "5"
 SELRPN>      1 atoms have been selected out of  24952
  
 CHARMM>     
  
 CHARMM>            calc xpos = @A * ( ?random - 0.5 )
 Parameter: A -> "76.8049478"
 RDCMND substituted energy or value "?RANDOM" to "0.816493679"
Evaluating: 76.8049478*(0.816493679-0.5)
 Parameter: XPOS <- "24.3082805"
  
 CHARMM>            calc ypos = @B * ( ?random - 0.5 )
 Parameter: B -> "76.8049478"
 RDCMND substituted energy or value "?RANDOM" to "0.416983263"
Evaluating: 76.8049478*(0.416983263-0.5)
 Parameter: YPOS <- "-6.37609615"
  
 CHARMM>            calc zpos = @C * ( ?random - 0.5 ) + @zcen
 Parameter: C -> "100"
 Parameter: ZCEN -> "0"
 RDCMND substituted energy or value "?RANDOM" to "0.979805154"
Evaluating: 100*(0.979805154-0.5)+0
 Parameter: ZPOS <- "47.9805154"
  
 CHARMM>     
  
 CHARMM>            if zpos .gt. -15 if zpos .lt. 15 goto doinit
 Comparing "47.9805154" and "-15".
 IF test evaluated as true.  Performing command
 Comparing "47.9805154" and "15".
 IF test evaluated as false.  Skipping command
  
 CHARMM>     
  
 CHARMM>            ! move target to selected position
  
 CHARMM>            coor stat select target end
 SELRPN>      1 atoms have been selected out of  24952
 STATISTICS FOR         1 SELECTED ATOMS:
    XMIN =    0.000000 XMAX =    0.000000 XAVE =    0.000000
    YMIN =    0.000000 YMAX =    0.000000 YAVE =    0.000000
    ZMIN =    0.000000 ZMAX =    0.000000 ZAVE =    0.000000
    WMIN =    1.000000 WMAX =    1.000000 WAVE =    1.000000
  
 CHARMM>            calc xtran = @xpos - ?xave
 Parameter: XPOS -> "24.3082805"
 RDCMND substituted energy or value "?XAVE" to "0"
Evaluating: 24.3082805-0
 Parameter: XTRAN <- "24.3082805"
  
 CHARMM>            calc ytran = @ypos - ?yave
 Parameter: YPOS -> "-6.37609615"
 RDCMND substituted energy or value "?YAVE" to "0"
Evaluating: -6.37609615-0
 Parameter: YTRAN <- "-6.37609615"
  
 CHARMM>            calc ztran = @zpos - ?zave
 Parameter: ZPOS -> "47.9805154"
 RDCMND substituted energy or value "?ZAVE" to "0"
Evaluating: 47.9805154-0
 Parameter: ZTRAN <- "47.9805154"
  
 CHARMM>            coor trans xdir @xtran ydir @ytran zdir @ztran select target end
 Parameter: XTRAN -> "24.3082805"
 Parameter: YTRAN -> "-6.37609615"
 Parameter: ZTRAN -> "47.9805154"
 SELRPN>      1 atoms have been selected out of  24952
 TRANSLATION VECTOR    24.308280   -6.376096   47.980515
 SELECTED COORDINATES TRANSLATED IN THE MAIN SET.

  
 CHARMM>     
  
 CHARMM>            ! apply a random rotation along XYZ
  
 CHARMM>            calc xphi = ?random * 360.0
 RDCMND substituted energy or value "?RANDOM" to "0.412482229"
Evaluating: 0.412482229*360.0
 Parameter: XPHI <- "148.493602"
  
 CHARMM>            calc yphi = ?random * 360.0
 RDCMND substituted energy or value "?RANDOM" to "0.473788489"
Evaluating: 0.473788489*360.0
 Parameter: YPHI <- "170.563856"
  
 CHARMM>            calc zphi = ?random * 360.0
 RDCMND substituted energy or value "?RANDOM" to "0.653983801"
Evaluating: 0.653983801*360.0
 Parameter: ZPHI <- "235.434168"
  
 CHARMM>            coor rotate xcen @xpos ycen @ypos zcen @zpos xdir 1.0 -
 CHARMM>                phi @xphi select target end
 Parameter: XPOS -> "24.3082805"
 Parameter: YPOS -> "-6.37609615"
 Parameter: ZPOS -> "47.9805154"
 Parameter: XPHI -> "148.493602"
 SELRPN>      1 atoms have been selected out of  24952
 ROTATION MATRIX
    1.000000    0.000000    0.000000
    0.000000   -0.852582    0.522594
    0.000000   -0.522594   -0.852582

 AXIS OF ROTATION IS  1.000000  0.000000  0.000000  ANGLE IS  148.49

 SELECTED COORDINATES ROTATED IN THE MAIN SET.

  
 CHARMM>            coor rotate xcen @xpos ycen @ypos zcen @zpos ydir 1.0 -
 CHARMM>                phi @yphi select target end
 Parameter: XPOS -> "24.3082805"
 Parameter: YPOS -> "-6.37609615"
 Parameter: ZPOS -> "47.9805154"
 Parameter: YPHI -> "170.563856"
 SELRPN>      1 atoms have been selected out of  24952
 ROTATION MATRIX
   -0.986469    0.000000   -0.163948
    0.000000    1.000000    0.000000
    0.163948    0.000000   -0.986469

 AXIS OF ROTATION IS  0.000000  1.000000  0.000000  ANGLE IS  170.56

 SELECTED COORDINATES ROTATED IN THE MAIN SET.

  
 CHARMM>            coor rotate xcen @xpos ycen @ypos zcen @zpos zdir 1.0 -
 CHARMM>                phi @zphi select target end
 Parameter: XPOS -> "24.3082805"
 Parameter: YPOS -> "-6.37609615"
 Parameter: ZPOS -> "47.9805154"
 Parameter: ZPHI -> "235.434168"
 SELRPN>      1 atoms have been selected out of  24952
 ROTATION MATRIX
   -0.567353   -0.823475    0.000000
    0.823475   -0.567353    0.000000
    0.000000    0.000000    1.000000

 AXIS OF ROTATION IS  0.000000  0.000000 -1.000000  ANGLE IS  124.57

 SELECTED COORDINATES ROTATED IN THE MAIN SET.

  
 CHARMM>     
  
 CHARMM>     
  
 CHARMM>            calc dcut = 3.5
Evaluating: 3.5
 Parameter: DCUT <- "3.5"
  
 CHARMM>     
  
 CHARMM>            coor stat sele target end
 SELRPN>      1 atoms have been selected out of  24952
 STATISTICS FOR         1 SELECTED ATOMS:
    XMIN =   24.308280 XMAX =   24.308280 XAVE =   24.308280
    YMIN =   -6.376096 YMAX =   -6.376096 YAVE =   -6.376096
    ZMIN =   47.980515 ZMAX =   47.980515 ZAVE =   47.980515
    WMIN =    1.000000 WMAX =    1.000000 WAVE =    1.000000
  
 CHARMM>            calc xmax = ?xmax + @dcut
 Parameter: DCUT -> "3.5"
 RDCMND substituted energy or value "?XMAX" to "24.3082805"
Evaluating: 24.3082805+3.5
 Parameter: XMAX <- "27.8082805"
  
 CHARMM>            calc ymax = ?ymax + @dcut
 Parameter: DCUT -> "3.5"
 RDCMND substituted energy or value "?YMAX" to "-6.37609615"
Evaluating: -6.37609615+3.5
 Parameter: YMAX <- "-2.87609615"
  
 CHARMM>            calc zmax = ?zmax + @dcut
 Parameter: DCUT -> "3.5"
 RDCMND substituted energy or value "?ZMAX" to "47.9805154"
Evaluating: 47.9805154+3.5
 Parameter: ZMAX <- "51.4805154"
  
 CHARMM>            calc xmin = ?xmin - @dcut
 Parameter: DCUT -> "3.5"
 RDCMND substituted energy or value "?XMIN" to "24.3082805"
Evaluating: 24.3082805-3.5
 Parameter: XMIN <- "20.8082805"
  
 CHARMM>            calc ymin = ?ymin - @dcut
 Parameter: DCUT -> "3.5"
 RDCMND substituted energy or value "?YMIN" to "-6.37609615"
Evaluating: -6.37609615-3.5
 Parameter: YMIN <- "-9.87609615"
  
 CHARMM>            calc zmin = ?zmin - @dcut
 Parameter: DCUT -> "3.5"
 RDCMND substituted energy or value "?ZMIN" to "47.9805154"
Evaluating: 47.9805154-3.5
 Parameter: ZMIN <- "44.4805154"
  
 CHARMM>     
  
 CHARMM>            define JUNK sele .not. target .and. -
 CHARMM>                             prop X .lt. @xmax .and. prop X .gt. @xmin .and. -
 CHARMM>                             prop Y .lt. @ymax .and. prop Y .gt. @ymin .and. -
 CHARMM>                             prop Z .lt. @zmax .and. prop Z .gt. @zmin  end
 Parameter: XMAX -> "27.8082805"
 Parameter: XMIN -> "20.8082805"
 Parameter: YMAX -> "-2.87609615"
 Parameter: YMIN -> "-9.87609615"
 Parameter: ZMAX -> "51.4805154"
 Parameter: ZMIN -> "44.4805154"
 SELRPN>      0 atoms have been selected out of  24952
  
 CHARMM>     
  
 CHARMM>            ! check if the ions are too close to protein
  
 CHARMM>            define XXX sele PROT end
 SELRPN>      0 atoms have been selected out of  24952
  
 CHARMM>            if ?nsel .gt. 0 then
 RDCMND substituted energy or value "?NSEL" to "0"
 Comparing "0" and "0".
 IF test evaluated as false.  Skip to ELSE or ENDIF
  
 CHARMM>     
  
 CHARMM>            ! check if the ions are too close to solute
  
 CHARMM>            coor dist cut 4.0 sele target end sele JUNK .and. .not. hydrogen end image
 SELRPN>      1 atoms have been selected out of  36561
 SELRPN>      0 atoms have been selected out of  36561

            DISTANCES FOR SELECTED ATOMS
            ONLY ONE SELECTION SET SPECIFIED, A COMPARISON WILL BE DONE
 TOTAL EXCLUSION COUNT =         0
 TOTAL 1-4 EXCLUSIONS  =         0
 TOTAL NON-EXCLUSIONS  =         0
  
 CHARMM>            if ?npair .gt. 0 goto doinit
 RDCMND substituted energy or value "?NPAIR" to "0"
 Comparing "0" and "0".
 IF test evaluated as false.  Skipping command
  
 CHARMM>     
  
 CHARMM>            calc cntrand = 0
Evaluating: 0
 Parameter: CNTRAND <- "0"
  
 CHARMM>            increase i by 1
 Parameter: I <- "6"
  
 CHARMM>            if i .le. @nion goto doinit
 Parameter: NION -> "52"
 Comparing "6" and "52".
 IF test evaluated as true.  Performing command
  
 CHARMM>     
  
 CHARMM>            calc cntrand = @cntrand + 1
 Parameter: CNTRAND -> "0"
Evaluating: 0+1
 Parameter: CNTRAND <- "1"
  
 CHARMM>            if cntrand .gt. 100 stop ! ABNORMAL TERMINATION: ion placing may not work.. stop here
 Comparing "1" and "100".
 IF test evaluated as false.  Skipping command
  
 CHARMM>     
  
 CHARMM>            calc j = @i
 Parameter: I -> "6"
Evaluating: 6
 Parameter: J <- "6"
  
 CHARMM>            set ion = POS
 Parameter: ION <- "POS"
  
 CHARMM>     
  
 CHARMM>            if j .gt. @npos then
 Parameter: NPOS -> "26"
 Comparing "6" and "26".
 IF test evaluated as false.  Skip to ELSE or ENDIF
  
 CHARMM>     
  
 CHARMM>            define target select segid @ion .and. resid @j end
 Parameter: ION -> "POS"
 Parameter: J -> "6"
 SELRPN>      1 atoms have been selected out of  24952
  
 CHARMM>     
  
 CHARMM>            calc xpos = @A * ( ?random - 0.5 )
 Parameter: A -> "76.8049478"
 RDCMND substituted energy or value "?RANDOM" to "0.347565917"
Evaluating: 76.8049478*(0.347565917-0.5)
 Parameter: XPOS <- "-11.7076918"
  
 CHARMM>            calc ypos = @B * ( ?random - 0.5 )
 Parameter: B -> "76.8049478"
 RDCMND substituted energy or value "?RANDOM" to "0.335009637"
Evaluating: 76.8049478*(0.335009637-0.5)
 Parameter: YPOS <- "-12.6720762"
  
 CHARMM>            calc zpos = @C * ( ?random - 0.5 ) + @zcen
 Parameter: C -> "100"
 Parameter: ZCEN -> "0"
 RDCMND substituted energy or value "?RANDOM" to "0.14611331"
Evaluating: 100*(0.14611331-0.5)+0
 Parameter: ZPOS <- "-35.388669"
  
 CHARMM>     
  
 CHARMM>            if zpos .gt. -15 if zpos .lt. 15 goto doinit
 Comparing "-35.388669" and "-15".
 IF test evaluated as false.  Skipping command
  
 CHARMM>     
  
 CHARMM>            ! move target to selected position
  
 CHARMM>            coor stat select target end
 SELRPN>      1 atoms have been selected out of  24952
 STATISTICS FOR         1 SELECTED ATOMS:
    XMIN =    0.000000 XMAX =    0.000000 XAVE =    0.000000
    YMIN =    0.000000 YMAX =    0.000000 YAVE =    0.000000
    ZMIN =    0.000000 ZMAX =    0.000000 ZAVE =    0.000000
    WMIN =    1.000000 WMAX =    1.000000 WAVE =    1.000000
  
 CHARMM>            calc xtran = @xpos - ?xave
 Parameter: XPOS -> "-11.7076918"
 RDCMND substituted energy or value "?XAVE" to "0"
Evaluating: -11.7076918-0
 Parameter: XTRAN <- "-11.7076918"
  
 CHARMM>            calc ytran = @ypos - ?yave
 Parameter: YPOS -> "-12.6720762"
 RDCMND substituted energy or value "?YAVE" to "0"
Evaluating: -12.6720762-0
 Parameter: YTRAN <- "-12.6720762"
  
 CHARMM>            calc ztran = @zpos - ?zave
 Parameter: ZPOS -> "-35.388669"
 RDCMND substituted energy or value "?ZAVE" to "0"
Evaluating: -35.388669-0
 Parameter: ZTRAN <- "-35.388669"
  
 CHARMM>            coor trans xdir @xtran ydir @ytran zdir @ztran select target end
 Parameter: XTRAN -> "-11.7076918"
 Parameter: YTRAN -> "-12.6720762"
 Parameter: ZTRAN -> "-35.388669"
 SELRPN>      1 atoms have been selected out of  24952
 TRANSLATION VECTOR   -11.707692  -12.672076  -35.388669
 SELECTED COORDINATES TRANSLATED IN THE MAIN SET.

  
 CHARMM>     
  
 CHARMM>            ! apply a random rotation along XYZ
  
 CHARMM>            calc xphi = ?random * 360.0
 RDCMND substituted energy or value "?RANDOM" to "0.639572998"
Evaluating: 0.639572998*360.0
 Parameter: XPHI <- "230.246279"
  
 CHARMM>            calc yphi = ?random * 360.0
 RDCMND substituted energy or value "?RANDOM" to "5.039198563E-03"
Evaluating: 5.039198563E-03*360.0
 Parameter: YPHI <- "1.81411148"
  
 CHARMM>            calc zphi = ?random * 360.0
 RDCMND substituted energy or value "?RANDOM" to "0.98309093"
Evaluating: 0.98309093*360.0
 Parameter: ZPHI <- "353.912735"
  
 CHARMM>            coor rotate xcen @xpos ycen @ypos zcen @zpos xdir 1.0 -
 CHARMM>                phi @xphi select target end
 Parameter: XPOS -> "-11.7076918"
 Parameter: YPOS -> "-12.6720762"
 Parameter: ZPOS -> "-35.388669"
 Parameter: XPHI -> "230.246279"
 SELRPN>      1 atoms have been selected out of  24952
 ROTATION MATRIX
    1.000000    0.000000    0.000000
    0.000000   -0.639489   -0.768800
    0.000000    0.768800   -0.639489

 AXIS OF ROTATION IS -1.000000  0.000000  0.000000  ANGLE IS  129.75

 SELECTED COORDINATES ROTATED IN THE MAIN SET.

  
 CHARMM>            coor rotate xcen @xpos ycen @ypos zcen @zpos ydir 1.0 -
 CHARMM>                phi @yphi select target end
 Parameter: XPOS -> "-11.7076918"
 Parameter: YPOS -> "-12.6720762"
 Parameter: ZPOS -> "-35.388669"
 Parameter: YPHI -> "1.81411148"
 SELRPN>      1 atoms have been selected out of  24952
 ROTATION MATRIX
    0.999499    0.000000   -0.031657
    0.000000    1.000000    0.000000
    0.031657    0.000000    0.999499

 AXIS OF ROTATION IS  0.000000  1.000000  0.000000  ANGLE IS    1.81

 SELECTED COORDINATES ROTATED IN THE MAIN SET.

  
 CHARMM>            coor rotate xcen @xpos ycen @ypos zcen @zpos zdir 1.0 -
 CHARMM>                phi @zphi select target end
 Parameter: XPOS -> "-11.7076918"
 Parameter: YPOS -> "-12.6720762"
 Parameter: ZPOS -> "-35.388669"
 Parameter: ZPHI -> "353.912735"
 SELRPN>      1 atoms have been selected out of  24952
 ROTATION MATRIX
    0.994362   -0.106043    0.000000
    0.106043    0.994362    0.000000
    0.000000    0.000000    1.000000

 AXIS OF ROTATION IS  0.000000  0.000000 -1.000000  ANGLE IS    6.09

 SELECTED COORDINATES ROTATED IN THE MAIN SET.

  
 CHARMM>     
  
 CHARMM>     
  
 CHARMM>            calc dcut = 3.5
Evaluating: 3.5
 Parameter: DCUT <- "3.5"
  
 CHARMM>     
  
 CHARMM>            coor stat sele target end
 SELRPN>      1 atoms have been selected out of  24952
 STATISTICS FOR         1 SELECTED ATOMS:
    XMIN =  -11.707692 XMAX =  -11.707692 XAVE =  -11.707692
    YMIN =  -12.672076 YMAX =  -12.672076 YAVE =  -12.672076
    ZMIN =  -35.388669 ZMAX =  -35.388669 ZAVE =  -35.388669
    WMIN =    1.000000 WMAX =    1.000000 WAVE =    1.000000
  
 CHARMM>            calc xmax = ?xmax + @dcut
 Parameter: DCUT -> "3.5"
 RDCMND substituted energy or value "?XMAX" to "-11.7076918"
Evaluating: -11.7076918+3.5
 Parameter: XMAX <- "-8.2076918"
  
 CHARMM>            calc ymax = ?ymax + @dcut
 Parameter: DCUT -> "3.5"
 RDCMND substituted energy or value "?YMAX" to "-12.6720762"
Evaluating: -12.6720762+3.5
 Parameter: YMAX <- "-9.1720762"
  
 CHARMM>            calc zmax = ?zmax + @dcut
 Parameter: DCUT -> "3.5"
 RDCMND substituted energy or value "?ZMAX" to "-35.388669"
Evaluating: -35.388669+3.5
 Parameter: ZMAX <- "-31.888669"
  
 CHARMM>            calc xmin = ?xmin - @dcut
 Parameter: DCUT -> "3.5"
 RDCMND substituted energy or value "?XMIN" to "-11.7076918"
Evaluating: -11.7076918-3.5
 Parameter: XMIN <- "-15.2076918"
  
 CHARMM>            calc ymin = ?ymin - @dcut
 Parameter: DCUT -> "3.5"
 RDCMND substituted energy or value "?YMIN" to "-12.6720762"
Evaluating: -12.6720762-3.5
 Parameter: YMIN <- "-16.1720762"
  
 CHARMM>            calc zmin = ?zmin - @dcut
 Parameter: DCUT -> "3.5"
 RDCMND substituted energy or value "?ZMIN" to "-35.388669"
Evaluating: -35.388669-3.5
 Parameter: ZMIN <- "-38.888669"
  
 CHARMM>     
  
 CHARMM>            define JUNK sele .not. target .and. -
 CHARMM>                             prop X .lt. @xmax .and. prop X .gt. @xmin .and. -
 CHARMM>                             prop Y .lt. @ymax .and. prop Y .gt. @ymin .and. -
 CHARMM>                             prop Z .lt. @zmax .and. prop Z .gt. @zmin  end
 Parameter: XMAX -> "-8.2076918"
 Parameter: XMIN -> "-15.2076918"
 Parameter: YMAX -> "-9.1720762"
 Parameter: YMIN -> "-16.1720762"
 Parameter: ZMAX -> "-31.888669"
 Parameter: ZMIN -> "-38.888669"
 SELRPN>      0 atoms have been selected out of  24952
  
 CHARMM>     
  
 CHARMM>            ! check if the ions are too close to protein
  
 CHARMM>            define XXX sele PROT end
 SELRPN>      0 atoms have been selected out of  24952
  
 CHARMM>            if ?nsel .gt. 0 then
 RDCMND substituted energy or value "?NSEL" to "0"
 Comparing "0" and "0".
 IF test evaluated as false.  Skip to ELSE or ENDIF
  
 CHARMM>     
  
 CHARMM>            ! check if the ions are too close to solute
  
 CHARMM>            coor dist cut 4.0 sele target end sele JUNK .and. .not. hydrogen end image
 SELRPN>      1 atoms have been selected out of  36561
 SELRPN>      0 atoms have been selected out of  36561

            DISTANCES FOR SELECTED ATOMS
            ONLY ONE SELECTION SET SPECIFIED, A COMPARISON WILL BE DONE
 TOTAL EXCLUSION COUNT =         0
 TOTAL 1-4 EXCLUSIONS  =         0
 TOTAL NON-EXCLUSIONS  =         0
  
 CHARMM>            if ?npair .gt. 0 goto doinit
 RDCMND substituted energy or value "?NPAIR" to "0"
 Comparing "0" and "0".
 IF test evaluated as false.  Skipping command
  
 CHARMM>     
  
 CHARMM>            calc cntrand = 0
Evaluating: 0
 Parameter: CNTRAND <- "0"
  
 CHARMM>            increase i by 1
 Parameter: I <- "7"
  
 CHARMM>            if i .le. @nion goto doinit
 Parameter: NION -> "52"
 Comparing "7" and "52".
 IF test evaluated as true.  Performing command
  
 CHARMM>     
  
 CHARMM>            calc cntrand = @cntrand + 1
 Parameter: CNTRAND -> "0"
Evaluating: 0+1
 Parameter: CNTRAND <- "1"
  
 CHARMM>            if cntrand .gt. 100 stop ! ABNORMAL TERMINATION: ion placing may not work.. stop here
 Comparing "1" and "100".
 IF test evaluated as false.  Skipping command
  
 CHARMM>     
  
 CHARMM>            calc j = @i
 Parameter: I -> "7"
Evaluating: 7
 Parameter: J <- "7"
  
 CHARMM>            set ion = POS
 Parameter: ION <- "POS"
  
 CHARMM>     
  
 CHARMM>            if j .gt. @npos then
 Parameter: NPOS -> "26"
 Comparing "7" and "26".
 IF test evaluated as false.  Skip to ELSE or ENDIF
  
 CHARMM>     
  
 CHARMM>            define target select segid @ion .and. resid @j end
 Parameter: ION -> "POS"
 Parameter: J -> "7"
 SELRPN>      1 atoms have been selected out of  24952
  
 CHARMM>     
  
 CHARMM>            calc xpos = @A * ( ?random - 0.5 )
 Parameter: A -> "76.8049478"
 RDCMND substituted energy or value "?RANDOM" to "2.665299431E-02"
Evaluating: 76.8049478*(2.665299431E-02-0.5)
 Parameter: XPOS <- "-36.3553921"
  
 CHARMM>            calc ypos = @B * ( ?random - 0.5 )
 Parameter: B -> "76.8049478"
 RDCMND substituted energy or value "?RANDOM" to "0.938813185"
Evaluating: 76.8049478*(0.938813185-0.5)
 Parameter: YPOS <- "33.7030238"
  
 CHARMM>            calc zpos = @C * ( ?random - 0.5 ) + @zcen
 Parameter: C -> "100"
 Parameter: ZCEN -> "0"
 RDCMND substituted energy or value "?RANDOM" to "0.61226951"
Evaluating: 100*(0.61226951-0.5)+0
 Parameter: ZPOS <- "11.226951"
  
 CHARMM>     
  
 CHARMM>            if zpos .gt. -15 if zpos .lt. 15 goto doinit
 Comparing "11.226951" and "-15".
 IF test evaluated as true.  Performing command
 Comparing "11.226951" and "15".
 IF test evaluated as true.  Performing command
  
 CHARMM>     
  
 CHARMM>            calc cntrand = @cntrand + 1
 Parameter: CNTRAND -> "1"
Evaluating: 1+1
 Parameter: CNTRAND <- "2"
  
 CHARMM>            if cntrand .gt. 100 stop ! ABNORMAL TERMINATION: ion placing may not work.. stop here
 Comparing "2" and "100".
 IF test evaluated as false.  Skipping command
  
 CHARMM>     
  
 CHARMM>            calc j = @i
 Parameter: I -> "7"
Evaluating: 7
 Parameter: J <- "7"
  
 CHARMM>            set ion = POS
 Parameter: ION <- "POS"
  
 CHARMM>     
  
 CHARMM>            if j .gt. @npos then
 Parameter: NPOS -> "26"
 Comparing "7" and "26".
 IF test evaluated as false.  Skip to ELSE or ENDIF
  
 CHARMM>     
  
 CHARMM>            define target select segid @ion .and. resid @j end
 Parameter: ION -> "POS"
 Parameter: J -> "7"
 SELRPN>      1 atoms have been selected out of  24952
  
 CHARMM>     
  
 CHARMM>            calc xpos = @A * ( ?random - 0.5 )
 Parameter: A -> "76.8049478"
 RDCMND substituted energy or value "?RANDOM" to "0.211094531"
Evaluating: 76.8049478*(0.211094531-0.5)
 Parameter: XPOS <- "-22.1893695"
  
 CHARMM>            calc ypos = @B * ( ?random - 0.5 )
 Parameter: B -> "76.8049478"
 RDCMND substituted energy or value "?RANDOM" to "0.157779106"
Evaluating: 76.8049478*(0.157779106-0.5)
 Parameter: YPOS <- "-26.2842579"
  
 CHARMM>            calc zpos = @C * ( ?random - 0.5 ) + @zcen
 Parameter: C -> "100"
 Parameter: ZCEN -> "0"
 RDCMND substituted energy or value "?RANDOM" to "0.196119777"
Evaluating: 100*(0.196119777-0.5)+0
 Parameter: ZPOS <- "-30.3880223"
  
 CHARMM>     
  
 CHARMM>            if zpos .gt. -15 if zpos .lt. 15 goto doinit
 Comparing "-30.3880223" and "-15".
 IF test evaluated as false.  Skipping command
  
 CHARMM>     
  
 CHARMM>            ! move target to selected position
  
 CHARMM>            coor stat select target end
 SELRPN>      1 atoms have been selected out of  24952
 STATISTICS FOR         1 SELECTED ATOMS:
    XMIN =    0.000000 XMAX =    0.000000 XAVE =    0.000000
    YMIN =    0.000000 YMAX =    0.000000 YAVE =    0.000000
    ZMIN =    0.000000 ZMAX =    0.000000 ZAVE =    0.000000
    WMIN =    1.000000 WMAX =    1.000000 WAVE =    1.000000
  
 CHARMM>            calc xtran = @xpos - ?xave
 Parameter: XPOS -> "-22.1893695"
 RDCMND substituted energy or value "?XAVE" to "0"
Evaluating: -22.1893695-0
 Parameter: XTRAN <- "-22.1893695"
  
 CHARMM>            calc ytran = @ypos - ?yave
 Parameter: YPOS -> "-26.2842579"
 RDCMND substituted energy or value "?YAVE" to "0"
Evaluating: -26.2842579-0
 Parameter: YTRAN <- "-26.2842579"
  
 CHARMM>            calc ztran = @zpos - ?zave
 Parameter: ZPOS -> "-30.3880223"
 RDCMND substituted energy or value "?ZAVE" to "0"
Evaluating: -30.3880223-0
 Parameter: ZTRAN <- "-30.3880223"
  
 CHARMM>            coor trans xdir @xtran ydir @ytran zdir @ztran select target end
 Parameter: XTRAN -> "-22.1893695"
 Parameter: YTRAN -> "-26.2842579"
 Parameter: ZTRAN -> "-30.3880223"
 SELRPN>      1 atoms have been selected out of  24952
 TRANSLATION VECTOR   -22.189370  -26.284258  -30.388022
 SELECTED COORDINATES TRANSLATED IN THE MAIN SET.

  
 CHARMM>     
  
 CHARMM>            ! apply a random rotation along XYZ
  
 CHARMM>            calc xphi = ?random * 360.0
 RDCMND substituted energy or value "?RANDOM" to "0.340800674"
Evaluating: 0.340800674*360.0
 Parameter: XPHI <- "122.688243"
  
 CHARMM>            calc yphi = ?random * 360.0
 RDCMND substituted energy or value "?RANDOM" to "0.750307213"
Evaluating: 0.750307213*360.0
 Parameter: YPHI <- "270.110597"
  
 CHARMM>            calc zphi = ?random * 360.0
 RDCMND substituted energy or value "?RANDOM" to "0.462315633"
Evaluating: 0.462315633*360.0
 Parameter: ZPHI <- "166.433628"
  
 CHARMM>            coor rotate xcen @xpos ycen @ypos zcen @zpos xdir 1.0 -
 CHARMM>                phi @xphi select target end
 Parameter: XPOS -> "-22.1893695"
 Parameter: YPOS -> "-26.2842579"
 Parameter: ZPOS -> "-30.3880223"
 Parameter: XPHI -> "122.688243"
 SELRPN>      1 atoms have been selected out of  24952
 ROTATION MATRIX
    1.000000    0.000000    0.000000
    0.000000   -0.540068    0.841622
    0.000000   -0.841622   -0.540068

 AXIS OF ROTATION IS  1.000000  0.000000  0.000000  ANGLE IS  122.69

 SELECTED COORDINATES ROTATED IN THE MAIN SET.

  
 CHARMM>            coor rotate xcen @xpos ycen @ypos zcen @zpos ydir 1.0 -
 CHARMM>                phi @yphi select target end
 Parameter: XPOS -> "-22.1893695"
 Parameter: YPOS -> "-26.2842579"
 Parameter: ZPOS -> "-30.3880223"
 Parameter: YPHI -> "270.110597"
 SELRPN>      1 atoms have been selected out of  24952
 ROTATION MATRIX
    0.001930    0.000000    0.999998
    0.000000    1.000000    0.000000
   -0.999998    0.000000    0.001930

 AXIS OF ROTATION IS  0.000000 -1.000000  0.000000  ANGLE IS   89.89

 SELECTED COORDINATES ROTATED IN THE MAIN SET.

  
 CHARMM>            coor rotate xcen @xpos ycen @ypos zcen @zpos zdir 1.0 -
 CHARMM>                phi @zphi select target end
 Parameter: XPOS -> "-22.1893695"
 Parameter: YPOS -> "-26.2842579"
 Parameter: ZPOS -> "-30.3880223"
 Parameter: ZPHI -> "166.433628"
 SELRPN>      1 atoms have been selected out of  24952
 ROTATION MATRIX
   -0.972099    0.234572    0.000000
   -0.234572   -0.972099    0.000000
    0.000000    0.000000    1.000000

 AXIS OF ROTATION IS  0.000000  0.000000  1.000000  ANGLE IS  166.43

 SELECTED COORDINATES ROTATED IN THE MAIN SET.

  
 CHARMM>     
  
 CHARMM>     
  
 CHARMM>            calc dcut = 3.5
Evaluating: 3.5
 Parameter: DCUT <- "3.5"
  
 CHARMM>     
  
 CHARMM>            coor stat sele target end
 SELRPN>      1 atoms have been selected out of  24952
 STATISTICS FOR         1 SELECTED ATOMS:
    XMIN =  -22.189370 XMAX =  -22.189370 XAVE =  -22.189370
    YMIN =  -26.284258 YMAX =  -26.284258 YAVE =  -26.284258
    ZMIN =  -30.388022 ZMAX =  -30.388022 ZAVE =  -30.388022
    WMIN =    1.000000 WMAX =    1.000000 WAVE =    1.000000
  
 CHARMM>            calc xmax = ?xmax + @dcut
 Parameter: DCUT -> "3.5"
 RDCMND substituted energy or value "?XMAX" to "-22.1893695"
Evaluating: -22.1893695+3.5
 Parameter: XMAX <- "-18.6893695"
  
 CHARMM>            calc ymax = ?ymax + @dcut
 Parameter: DCUT -> "3.5"
 RDCMND substituted energy or value "?YMAX" to "-26.2842579"
Evaluating: -26.2842579+3.5
 Parameter: YMAX <- "-22.7842579"
  
 CHARMM>            calc zmax = ?zmax + @dcut
 Parameter: DCUT -> "3.5"
 RDCMND substituted energy or value "?ZMAX" to "-30.3880223"
Evaluating: -30.3880223+3.5
 Parameter: ZMAX <- "-26.8880223"
  
 CHARMM>            calc xmin = ?xmin - @dcut
 Parameter: DCUT -> "3.5"
 RDCMND substituted energy or value "?XMIN" to "-22.1893695"
Evaluating: -22.1893695-3.5
 Parameter: XMIN <- "-25.6893695"
  
 CHARMM>            calc ymin = ?ymin - @dcut
 Parameter: DCUT -> "3.5"
 RDCMND substituted energy or value "?YMIN" to "-26.2842579"
Evaluating: -26.2842579-3.5
 Parameter: YMIN <- "-29.7842579"
  
 CHARMM>            calc zmin = ?zmin - @dcut
 Parameter: DCUT -> "3.5"
 RDCMND substituted energy or value "?ZMIN" to "-30.3880223"
Evaluating: -30.3880223-3.5
 Parameter: ZMIN <- "-33.8880223"
  
 CHARMM>     
  
 CHARMM>            define JUNK sele .not. target .and. -
 CHARMM>                             prop X .lt. @xmax .and. prop X .gt. @xmin .and. -
 CHARMM>                             prop Y .lt. @ymax .and. prop Y .gt. @ymin .and. -
 CHARMM>                             prop Z .lt. @zmax .and. prop Z .gt. @zmin  end
 Parameter: XMAX -> "-18.6893695"
 Parameter: XMIN -> "-25.6893695"
 Parameter: YMAX -> "-22.7842579"
 Parameter: YMIN -> "-29.7842579"
 Parameter: ZMAX -> "-26.8880223"
 Parameter: ZMIN -> "-33.8880223"
 SELRPN>      0 atoms have been selected out of  24952
  
 CHARMM>     
  
 CHARMM>            ! check if the ions are too close to protein
  
 CHARMM>            define XXX sele PROT end
 SELRPN>      0 atoms have been selected out of  24952
  
 CHARMM>            if ?nsel .gt. 0 then
 RDCMND substituted energy or value "?NSEL" to "0"
 Comparing "0" and "0".
 IF test evaluated as false.  Skip to ELSE or ENDIF
  
 CHARMM>     
  
 CHARMM>            ! check if the ions are too close to solute
  
 CHARMM>            coor dist cut 4.0 sele target end sele JUNK .and. .not. hydrogen end image
 SELRPN>      1 atoms have been selected out of  36561
 SELRPN>      0 atoms have been selected out of  36561

            DISTANCES FOR SELECTED ATOMS
            ONLY ONE SELECTION SET SPECIFIED, A COMPARISON WILL BE DONE
 TOTAL EXCLUSION COUNT =         0
 TOTAL 1-4 EXCLUSIONS  =         0
 TOTAL NON-EXCLUSIONS  =         0
  
 CHARMM>            if ?npair .gt. 0 goto doinit
 RDCMND substituted energy or value "?NPAIR" to "0"
 Comparing "0" and "0".
 IF test evaluated as false.  Skipping command
  
 CHARMM>     
  
 CHARMM>            calc cntrand = 0
Evaluating: 0
 Parameter: CNTRAND <- "0"
  
 CHARMM>            increase i by 1
 Parameter: I <- "8"
  
 CHARMM>            if i .le. @nion goto doinit
 Parameter: NION -> "52"
 Comparing "8" and "52".
 IF test evaluated as true.  Performing command
  
 CHARMM>     
  
 CHARMM>            calc cntrand = @cntrand + 1
 Parameter: CNTRAND -> "0"
Evaluating: 0+1
 Parameter: CNTRAND <- "1"
  
 CHARMM>            if cntrand .gt. 100 stop ! ABNORMAL TERMINATION: ion placing may not work.. stop here
 Comparing "1" and "100".
 IF test evaluated as false.  Skipping command
  
 CHARMM>     
  
 CHARMM>            calc j = @i
 Parameter: I -> "8"
Evaluating: 8
 Parameter: J <- "8"
  
 CHARMM>            set ion = POS
 Parameter: ION <- "POS"
  
 CHARMM>     
  
 CHARMM>            if j .gt. @npos then
 Parameter: NPOS -> "26"
 Comparing "8" and "26".
 IF test evaluated as false.  Skip to ELSE or ENDIF
  
 CHARMM>     
  
 CHARMM>            define target select segid @ion .and. resid @j end
 Parameter: ION -> "POS"
 Parameter: J -> "8"
 SELRPN>      1 atoms have been selected out of  24952
  
 CHARMM>     
  
 CHARMM>            calc xpos = @A * ( ?random - 0.5 )
 Parameter: A -> "76.8049478"
 RDCMND substituted energy or value "?RANDOM" to "0.476767697"
Evaluating: 76.8049478*(0.476767697-0.5)
 Parameter: XPOS <- "-1.78435582"
  
 CHARMM>            calc ypos = @B * ( ?random - 0.5 )
 Parameter: B -> "76.8049478"
 RDCMND substituted energy or value "?RANDOM" to "0.414826038"
Evaluating: 76.8049478*(0.414826038-0.5)
 Parameter: YPOS <- "-6.54178171"
  
 CHARMM>            calc zpos = @C * ( ?random - 0.5 ) + @zcen
 Parameter: C -> "100"
 Parameter: ZCEN -> "0"
 RDCMND substituted energy or value "?RANDOM" to "0.878047241"
Evaluating: 100*(0.878047241-0.5)+0
 Parameter: ZPOS <- "37.8047241"
  
 CHARMM>     
  
 CHARMM>            if zpos .gt. -15 if zpos .lt. 15 goto doinit
 Comparing "37.8047241" and "-15".
 IF test evaluated as true.  Performing command
 Comparing "37.8047241" and "15".
 IF test evaluated as false.  Skipping command
  
 CHARMM>     
  
 CHARMM>            ! move target to selected position
  
 CHARMM>            coor stat select target end
 SELRPN>      1 atoms have been selected out of  24952
 STATISTICS FOR         1 SELECTED ATOMS:
    XMIN =    0.000000 XMAX =    0.000000 XAVE =    0.000000
    YMIN =    0.000000 YMAX =    0.000000 YAVE =    0.000000
    ZMIN =    0.000000 ZMAX =    0.000000 ZAVE =    0.000000
    WMIN =    1.000000 WMAX =    1.000000 WAVE =    1.000000
  
 CHARMM>            calc xtran = @xpos - ?xave
 Parameter: XPOS -> "-1.78435582"
 RDCMND substituted energy or value "?XAVE" to "0"
Evaluating: -1.78435582-0
 Parameter: XTRAN <- "-1.78435582"
  
 CHARMM>            calc ytran = @ypos - ?yave
 Parameter: YPOS -> "-6.54178171"
 RDCMND substituted energy or value "?YAVE" to "0"
Evaluating: -6.54178171-0
 Parameter: YTRAN <- "-6.54178171"
  
 CHARMM>            calc ztran = @zpos - ?zave
 Parameter: ZPOS -> "37.8047241"
 RDCMND substituted energy or value "?ZAVE" to "0"
Evaluating: 37.8047241-0
 Parameter: ZTRAN <- "37.8047241"
  
 CHARMM>            coor trans xdir @xtran ydir @ytran zdir @ztran select target end
 Parameter: XTRAN -> "-1.78435582"
 Parameter: YTRAN -> "-6.54178171"
 Parameter: ZTRAN -> "37.8047241"
 SELRPN>      1 atoms have been selected out of  24952
 TRANSLATION VECTOR    -1.784356   -6.541782   37.804724
 SELECTED COORDINATES TRANSLATED IN THE MAIN SET.

  
 CHARMM>     
  
 CHARMM>            ! apply a random rotation along XYZ
  
 CHARMM>            calc xphi = ?random * 360.0
 RDCMND substituted energy or value "?RANDOM" to "0.206630777"
Evaluating: 0.206630777*360.0
 Parameter: XPHI <- "74.3870797"
  
 CHARMM>            calc yphi = ?random * 360.0
 RDCMND substituted energy or value "?RANDOM" to "0.844296767"
Evaluating: 0.844296767*360.0
 Parameter: YPHI <- "303.946836"
  
 CHARMM>            calc zphi = ?random * 360.0
 RDCMND substituted energy or value "?RANDOM" to "0.435274055"
Evaluating: 0.435274055*360.0
 Parameter: ZPHI <- "156.69866"
  
 CHARMM>            coor rotate xcen @xpos ycen @ypos zcen @zpos xdir 1.0 -
 CHARMM>                phi @xphi select target end
 Parameter: XPOS -> "-1.78435582"
 Parameter: YPOS -> "-6.54178171"
 Parameter: ZPOS -> "37.8047241"
 Parameter: XPHI -> "74.3870797"
 SELRPN>      1 atoms have been selected out of  24952
 ROTATION MATRIX
    1.000000    0.000000    0.000000
    0.000000    0.269137    0.963102
    0.000000   -0.963102    0.269137

 AXIS OF ROTATION IS  1.000000  0.000000  0.000000  ANGLE IS   74.39

 SELECTED COORDINATES ROTATED IN THE MAIN SET.

  
 CHARMM>            coor rotate xcen @xpos ycen @ypos zcen @zpos ydir 1.0 -
 CHARMM>                phi @yphi select target end
 Parameter: XPOS -> "-1.78435582"
 Parameter: YPOS -> "-6.54178171"
 Parameter: ZPOS -> "37.8047241"
 Parameter: YPHI -> "303.946836"
 SELRPN>      1 atoms have been selected out of  24952
 ROTATION MATRIX
    0.558423    0.000000    0.829556
    0.000000    1.000000    0.000000
   -0.829556    0.000000    0.558423

 AXIS OF ROTATION IS  0.000000 -1.000000  0.000000  ANGLE IS   56.05

 SELECTED COORDINATES ROTATED IN THE MAIN SET.

  
 CHARMM>            coor rotate xcen @xpos ycen @ypos zcen @zpos zdir 1.0 -
 CHARMM>                phi @zphi select target end
 Parameter: XPOS -> "-1.78435582"
 Parameter: YPOS -> "-6.54178171"
 Parameter: ZPOS -> "37.8047241"
 Parameter: ZPHI -> "156.69866"
 SELRPN>      1 atoms have been selected out of  24952
 ROTATION MATRIX
   -0.918437    0.395567    0.000000
   -0.395567   -0.918437    0.000000
    0.000000    0.000000    1.000000

 AXIS OF ROTATION IS  0.000000  0.000000  1.000000  ANGLE IS  156.70

 SELECTED COORDINATES ROTATED IN THE MAIN SET.

  
 CHARMM>     
  
 CHARMM>     
  
 CHARMM>            calc dcut = 3.5
Evaluating: 3.5
 Parameter: DCUT <- "3.5"
  
 CHARMM>     
  
 CHARMM>            coor stat sele target end
 SELRPN>      1 atoms have been selected out of  24952
 STATISTICS FOR         1 SELECTED ATOMS:
    XMIN =   -1.784356 XMAX =   -1.784356 XAVE =   -1.784356
    YMIN =   -6.541782 YMAX =   -6.541782 YAVE =   -6.541782
    ZMIN =   37.804724 ZMAX =   37.804724 ZAVE =   37.804724
    WMIN =    1.000000 WMAX =    1.000000 WAVE =    1.000000
  
 CHARMM>            calc xmax = ?xmax + @dcut
 Parameter: DCUT -> "3.5"
 RDCMND substituted energy or value "?XMAX" to "-1.78435582"
Evaluating: -1.78435582+3.5
 Parameter: XMAX <- "1.71564418"
  
 CHARMM>            calc ymax = ?ymax + @dcut
 Parameter: DCUT -> "3.5"
 RDCMND substituted energy or value "?YMAX" to "-6.54178171"
Evaluating: -6.54178171+3.5
 Parameter: YMAX <- "-3.04178171"
  
 CHARMM>            calc zmax = ?zmax + @dcut
 Parameter: DCUT -> "3.5"
 RDCMND substituted energy or value "?ZMAX" to "37.8047241"
Evaluating: 37.8047241+3.5
 Parameter: ZMAX <- "41.3047241"
  
 CHARMM>            calc xmin = ?xmin - @dcut
 Parameter: DCUT -> "3.5"
 RDCMND substituted energy or value "?XMIN" to "-1.78435582"
Evaluating: -1.78435582-3.5
 Parameter: XMIN <- "-5.28435582"
  
 CHARMM>            calc ymin = ?ymin - @dcut
 Parameter: DCUT -> "3.5"
 RDCMND substituted energy or value "?YMIN" to "-6.54178171"
Evaluating: -6.54178171-3.5
 Parameter: YMIN <- "-10.0417817"
  
 CHARMM>            calc zmin = ?zmin - @dcut
 Parameter: DCUT -> "3.5"
 RDCMND substituted energy or value "?ZMIN" to "37.8047241"
Evaluating: 37.8047241-3.5
 Parameter: ZMIN <- "34.3047241"
  
 CHARMM>     
  
 CHARMM>            define JUNK sele .not. target .and. -
 CHARMM>                             prop X .lt. @xmax .and. prop X .gt. @xmin .and. -
 CHARMM>                             prop Y .lt. @ymax .and. prop Y .gt. @ymin .and. -
 CHARMM>                             prop Z .lt. @zmax .and. prop Z .gt. @zmin  end
 Parameter: XMAX -> "1.71564418"
 Parameter: XMIN -> "-5.28435582"
 Parameter: YMAX -> "-3.04178171"
 Parameter: YMIN -> "-10.0417817"
 Parameter: ZMAX -> "41.3047241"
 Parameter: ZMIN -> "34.3047241"
 SELRPN>      0 atoms have been selected out of  24952
  
 CHARMM>     
  
 CHARMM>            ! check if the ions are too close to protein
  
 CHARMM>            define XXX sele PROT end
 SELRPN>      0 atoms have been selected out of  24952
  
 CHARMM>            if ?nsel .gt. 0 then
 RDCMND substituted energy or value "?NSEL" to "0"
 Comparing "0" and "0".
 IF test evaluated as false.  Skip to ELSE or ENDIF
  
 CHARMM>     
  
 CHARMM>            ! check if the ions are too close to solute
  
 CHARMM>            coor dist cut 4.0 sele target end sele JUNK .and. .not. hydrogen end image
 SELRPN>      1 atoms have been selected out of  36561
 SELRPN>      0 atoms have been selected out of  36561

            DISTANCES FOR SELECTED ATOMS
            ONLY ONE SELECTION SET SPECIFIED, A COMPARISON WILL BE DONE
 TOTAL EXCLUSION COUNT =         0
 TOTAL 1-4 EXCLUSIONS  =         0
 TOTAL NON-EXCLUSIONS  =         0
  
 CHARMM>            if ?npair .gt. 0 goto doinit
 RDCMND substituted energy or value "?NPAIR" to "0"
 Comparing "0" and "0".
 IF test evaluated as false.  Skipping command
  
 CHARMM>     
  
 CHARMM>            calc cntrand = 0
Evaluating: 0
 Parameter: CNTRAND <- "0"
  
 CHARMM>            increase i by 1
 Parameter: I <- "9"
  
 CHARMM>            if i .le. @nion goto doinit
 Parameter: NION -> "52"
 Comparing "9" and "52".
 IF test evaluated as true.  Performing command
  
 CHARMM>     
  
 CHARMM>            calc cntrand = @cntrand + 1
 Parameter: CNTRAND -> "0"
Evaluating: 0+1
 Parameter: CNTRAND <- "1"
  
 CHARMM>            if cntrand .gt. 100 stop ! ABNORMAL TERMINATION: ion placing may not work.. stop here
 Comparing "1" and "100".
 IF test evaluated as false.  Skipping command
  
 CHARMM>     
  
 CHARMM>            calc j = @i
 Parameter: I -> "9"
Evaluating: 9
 Parameter: J <- "9"
  
 CHARMM>            set ion = POS
 Parameter: ION <- "POS"
  
 CHARMM>     
  
 CHARMM>            if j .gt. @npos then
 Parameter: NPOS -> "26"
 Comparing "9" and "26".
 IF test evaluated as false.  Skip to ELSE or ENDIF
  
 CHARMM>     
  
 CHARMM>            define target select segid @ion .and. resid @j end
 Parameter: ION -> "POS"
 Parameter: J -> "9"
 SELRPN>      1 atoms have been selected out of  24952
  
 CHARMM>     
  
 CHARMM>            calc xpos = @A * ( ?random - 0.5 )
 Parameter: A -> "76.8049478"
 RDCMND substituted energy or value "?RANDOM" to "0.689676215"
Evaluating: 76.8049478*(0.689676215-0.5)
 Parameter: XPOS <- "14.5680718"
  
 CHARMM>            calc ypos = @B * ( ?random - 0.5 )
 Parameter: B -> "76.8049478"
 RDCMND substituted energy or value "?RANDOM" to "0.25581156"
Evaluating: 76.8049478*(0.25581156-0.5)
 Parameter: YPOS <- "-18.7548804"
  
 CHARMM>            calc zpos = @C * ( ?random - 0.5 ) + @zcen
 Parameter: C -> "100"
 Parameter: ZCEN -> "0"
 RDCMND substituted energy or value "?RANDOM" to "0.498461052"
Evaluating: 100*(0.498461052-0.5)+0
 Parameter: ZPOS <- "-0.1538948"
  
 CHARMM>     
  
 CHARMM>            if zpos .gt. -15 if zpos .lt. 15 goto doinit
 Comparing "-0.1538948" and "-15".
 IF test evaluated as true.  Performing command
 Comparing "-0.1538948" and "15".
 IF test evaluated as true.  Performing command
  
 CHARMM>     
  
 CHARMM>            calc cntrand = @cntrand + 1
 Parameter: CNTRAND -> "1"
Evaluating: 1+1
 Parameter: CNTRAND <- "2"
  
 CHARMM>            if cntrand .gt. 100 stop ! ABNORMAL TERMINATION: ion placing may not work.. stop here
 Comparing "2" and "100".
 IF test evaluated as false.  Skipping command
  
 CHARMM>     
  
 CHARMM>            calc j = @i
 Parameter: I -> "9"
Evaluating: 9
 Parameter: J <- "9"
  
 CHARMM>            set ion = POS
 Parameter: ION <- "POS"
  
 CHARMM>     
  
 CHARMM>            if j .gt. @npos then
 Parameter: NPOS -> "26"
 Comparing "9" and "26".
 IF test evaluated as false.  Skip to ELSE or ENDIF
  
 CHARMM>     
  
 CHARMM>            define target select segid @ion .and. resid @j end
 Parameter: ION -> "POS"
 Parameter: J -> "9"
 SELRPN>      1 atoms have been selected out of  24952
  
 CHARMM>     
  
 CHARMM>            calc xpos = @A * ( ?random - 0.5 )
 Parameter: A -> "76.8049478"
 RDCMND substituted energy or value "?RANDOM" to "0.46528299"
Evaluating: 76.8049478*(0.46528299-0.5)
 Parameter: XPOS <- "-2.66643814"
  
 CHARMM>            calc ypos = @B * ( ?random - 0.5 )
 Parameter: B -> "76.8049478"
 RDCMND substituted energy or value "?RANDOM" to "0.418404834"
Evaluating: 76.8049478*(0.418404834-0.5)
 Parameter: YPOS <- "-6.26691247"
  
 CHARMM>            calc zpos = @C * ( ?random - 0.5 ) + @zcen
 Parameter: C -> "100"
 Parameter: ZCEN -> "0"
 RDCMND substituted energy or value "?RANDOM" to "0.478149589"
Evaluating: 100*(0.478149589-0.5)+0
 Parameter: ZPOS <- "-2.1850411"
  
 CHARMM>     
  
 CHARMM>            if zpos .gt. -15 if zpos .lt. 15 goto doinit
 Comparing "-2.1850411" and "-15".
 IF test evaluated as true.  Performing command
 Comparing "-2.1850411" and "15".
 IF test evaluated as true.  Performing command
  
 CHARMM>     
  
 CHARMM>            calc cntrand = @cntrand + 1
 Parameter: CNTRAND -> "2"
Evaluating: 2+1
 Parameter: CNTRAND <- "3"
  
 CHARMM>            if cntrand .gt. 100 stop ! ABNORMAL TERMINATION: ion placing may not work.. stop here
 Comparing "3" and "100".
 IF test evaluated as false.  Skipping command
  
 CHARMM>     
  
 CHARMM>            calc j = @i
 Parameter: I -> "9"
Evaluating: 9
 Parameter: J <- "9"
  
 CHARMM>            set ion = POS
 Parameter: ION <- "POS"
  
 CHARMM>     
  
 CHARMM>            if j .gt. @npos then
 Parameter: NPOS -> "26"
 Comparing "9" and "26".
 IF test evaluated as false.  Skip to ELSE or ENDIF
  
 CHARMM>     
  
 CHARMM>            define target select segid @ion .and. resid @j end
 Parameter: ION -> "POS"
 Parameter: J -> "9"
 SELRPN>      1 atoms have been selected out of  24952
  
 CHARMM>     
  
 CHARMM>            calc xpos = @A * ( ?random - 0.5 )
 Parameter: A -> "76.8049478"
 RDCMND substituted energy or value "?RANDOM" to "0.805806968"
Evaluating: 76.8049478*(0.805806968-0.5)
 Parameter: XPOS <- "23.4874882"
  
 CHARMM>            calc ypos = @B * ( ?random - 0.5 )
 Parameter: B -> "76.8049478"
 RDCMND substituted energy or value "?RANDOM" to "0.395276876"
Evaluating: 76.8049478*(0.395276876-0.5)
 Parameter: YPOS <- "-8.04325407"
  
 CHARMM>            calc zpos = @C * ( ?random - 0.5 ) + @zcen
 Parameter: C -> "100"
 Parameter: ZCEN -> "0"
 RDCMND substituted energy or value "?RANDOM" to "0.23361252"
Evaluating: 100*(0.23361252-0.5)+0
 Parameter: ZPOS <- "-26.638748"
  
 CHARMM>     
  
 CHARMM>            if zpos .gt. -15 if zpos .lt. 15 goto doinit
 Comparing "-26.638748" and "-15".
 IF test evaluated as false.  Skipping command
  
 CHARMM>     
  
 CHARMM>            ! move target to selected position
  
 CHARMM>            coor stat select target end
 SELRPN>      1 atoms have been selected out of  24952
 STATISTICS FOR         1 SELECTED ATOMS:
    XMIN =    0.000000 XMAX =    0.000000 XAVE =    0.000000
    YMIN =    0.000000 YMAX =    0.000000 YAVE =    0.000000
    ZMIN =    0.000000 ZMAX =    0.000000 ZAVE =    0.000000
    WMIN =    1.000000 WMAX =    1.000000 WAVE =    1.000000
  
 CHARMM>            calc xtran = @xpos - ?xave
 Parameter: XPOS -> "23.4874882"
 RDCMND substituted energy or value "?XAVE" to "0"
Evaluating: 23.4874882-0
 Parameter: XTRAN <- "23.4874882"
  
 CHARMM>            calc ytran = @ypos - ?yave
 Parameter: YPOS -> "-8.04325407"
 RDCMND substituted energy or value "?YAVE" to "0"
Evaluating: -8.04325407-0
 Parameter: YTRAN <- "-8.04325407"
  
 CHARMM>            calc ztran = @zpos - ?zave
 Parameter: ZPOS -> "-26.638748"
 RDCMND substituted energy or value "?ZAVE" to "0"
Evaluating: -26.638748-0
 Parameter: ZTRAN <- "-26.638748"
  
 CHARMM>            coor trans xdir @xtran ydir @ytran zdir @ztran select target end
 Parameter: XTRAN -> "23.4874882"
 Parameter: YTRAN -> "-8.04325407"
 Parameter: ZTRAN -> "-26.638748"
 SELRPN>      1 atoms have been selected out of  24952
 TRANSLATION VECTOR    23.487488   -8.043254  -26.638748
 SELECTED COORDINATES TRANSLATED IN THE MAIN SET.

  
 CHARMM>     
  
 CHARMM>            ! apply a random rotation along XYZ
  
 CHARMM>            calc xphi = ?random * 360.0
 RDCMND substituted energy or value "?RANDOM" to "0.457396538"
Evaluating: 0.457396538*360.0
 Parameter: XPHI <- "164.662754"
  
 CHARMM>            calc yphi = ?random * 360.0
 RDCMND substituted energy or value "?RANDOM" to "0.477776252"
Evaluating: 0.477776252*360.0
 Parameter: YPHI <- "171.999451"
  
 CHARMM>            calc zphi = ?random * 360.0
 RDCMND substituted energy or value "?RANDOM" to "0.858392658"
Evaluating: 0.858392658*360.0
 Parameter: ZPHI <- "309.021357"
  
 CHARMM>            coor rotate xcen @xpos ycen @ypos zcen @zpos xdir 1.0 -
 CHARMM>                phi @xphi select target end
 Parameter: XPOS -> "23.4874882"
 Parameter: YPOS -> "-8.04325407"
 Parameter: ZPOS -> "-26.638748"
 Parameter: XPHI -> "164.662754"
 SELRPN>      1 atoms have been selected out of  24952
 ROTATION MATRIX
    1.000000    0.000000    0.000000
    0.000000   -0.964386    0.264500
    0.000000   -0.264500   -0.964386

 AXIS OF ROTATION IS  1.000000  0.000000  0.000000  ANGLE IS  164.66

 SELECTED COORDINATES ROTATED IN THE MAIN SET.

  
 CHARMM>            coor rotate xcen @xpos ycen @ypos zcen @zpos ydir 1.0 -
 CHARMM>                phi @yphi select target end
 Parameter: XPOS -> "23.4874882"
 Parameter: YPOS -> "-8.04325407"
 Parameter: ZPOS -> "-26.638748"
 Parameter: YPHI -> "171.999451"
 SELRPN>      1 atoms have been selected out of  24952
 ROTATION MATRIX
   -0.990267    0.000000   -0.139183
    0.000000    1.000000    0.000000
    0.139183    0.000000   -0.990267

 AXIS OF ROTATION IS  0.000000  1.000000  0.000000  ANGLE IS  172.00

 SELECTED COORDINATES ROTATED IN THE MAIN SET.

  
 CHARMM>            coor rotate xcen @xpos ycen @ypos zcen @zpos zdir 1.0 -
 CHARMM>                phi @zphi select target end
 Parameter: XPOS -> "23.4874882"
 Parameter: YPOS -> "-8.04325407"
 Parameter: ZPOS -> "-26.638748"
 Parameter: ZPHI -> "309.021357"
 SELRPN>      1 atoms have been selected out of  24952
 ROTATION MATRIX
    0.629610   -0.776911    0.000000
    0.776911    0.629610    0.000000
    0.000000    0.000000    1.000000

 AXIS OF ROTATION IS  0.000000  0.000000 -1.000000  ANGLE IS   50.98

 SELECTED COORDINATES ROTATED IN THE MAIN SET.

  
 CHARMM>     
  
 CHARMM>     
  
 CHARMM>            calc dcut = 3.5
Evaluating: 3.5
 Parameter: DCUT <- "3.5"
  
 CHARMM>     
  
 CHARMM>            coor stat sele target end
 SELRPN>      1 atoms have been selected out of  24952
 STATISTICS FOR         1 SELECTED ATOMS:
    XMIN =   23.487488 XMAX =   23.487488 XAVE =   23.487488
    YMIN =   -8.043254 YMAX =   -8.043254 YAVE =   -8.043254
    ZMIN =  -26.638748 ZMAX =  -26.638748 ZAVE =  -26.638748
    WMIN =    1.000000 WMAX =    1.000000 WAVE =    1.000000
  
 CHARMM>            calc xmax = ?xmax + @dcut
 Parameter: DCUT -> "3.5"
 RDCMND substituted energy or value "?XMAX" to "23.4874882"
Evaluating: 23.4874882+3.5
 Parameter: XMAX <- "26.9874882"
  
 CHARMM>            calc ymax = ?ymax + @dcut
 Parameter: DCUT -> "3.5"
 RDCMND substituted energy or value "?YMAX" to "-8.04325407"
Evaluating: -8.04325407+3.5
 Parameter: YMAX <- "-4.54325407"
  
 CHARMM>            calc zmax = ?zmax + @dcut
 Parameter: DCUT -> "3.5"
 RDCMND substituted energy or value "?ZMAX" to "-26.638748"
Evaluating: -26.638748+3.5
 Parameter: ZMAX <- "-23.138748"
  
 CHARMM>            calc xmin = ?xmin - @dcut
 Parameter: DCUT -> "3.5"
 RDCMND substituted energy or value "?XMIN" to "23.4874882"
Evaluating: 23.4874882-3.5
 Parameter: XMIN <- "19.9874882"
  
 CHARMM>            calc ymin = ?ymin - @dcut
 Parameter: DCUT -> "3.5"
 RDCMND substituted energy or value "?YMIN" to "-8.04325407"
Evaluating: -8.04325407-3.5
 Parameter: YMIN <- "-11.5432541"
  
 CHARMM>            calc zmin = ?zmin - @dcut
 Parameter: DCUT -> "3.5"
 RDCMND substituted energy or value "?ZMIN" to "-26.638748"
Evaluating: -26.638748-3.5
 Parameter: ZMIN <- "-30.138748"
  
 CHARMM>     
  
 CHARMM>            define JUNK sele .not. target .and. -
 CHARMM>                             prop X .lt. @xmax .and. prop X .gt. @xmin .and. -
 CHARMM>                             prop Y .lt. @ymax .and. prop Y .gt. @ymin .and. -
 CHARMM>                             prop Z .lt. @zmax .and. prop Z .gt. @zmin  end
 Parameter: XMAX -> "26.9874882"
 Parameter: XMIN -> "19.9874882"
 Parameter: YMAX -> "-4.54325407"
 Parameter: YMIN -> "-11.5432541"
 Parameter: ZMAX -> "-23.138748"
 Parameter: ZMIN -> "-30.138748"
 SELRPN>      6 atoms have been selected out of  24952
  
 CHARMM>     
  
 CHARMM>            ! check if the ions are too close to protein
  
 CHARMM>            define XXX sele PROT end
 SELRPN>      0 atoms have been selected out of  24952
  
 CHARMM>            if ?nsel .gt. 0 then
 RDCMND substituted energy or value "?NSEL" to "0"
 Comparing "0" and "0".
 IF test evaluated as false.  Skip to ELSE or ENDIF
  
 CHARMM>     
  
 CHARMM>            ! check if the ions are too close to solute
  
 CHARMM>            coor dist cut 4.0 sele target end sele JUNK .and. .not. hydrogen end image
 SELRPN>      1 atoms have been selected out of  36561
 SELRPN>      1 atoms have been selected out of  36561

            DISTANCES FOR SELECTED ATOMS
24909 POS      SOD      9        SOD     -**** MEMB     23SM     134      C15           3.8000
 TOTAL EXCLUSION COUNT =         0
 TOTAL 1-4 EXCLUSIONS  =         0
 TOTAL NON-EXCLUSIONS  =         1
  
 CHARMM>            if ?npair .gt. 0 goto doinit
 RDCMND substituted energy or value "?NPAIR" to "1"
 Comparing "1" and "0".
 IF test evaluated as true.  Performing command
  
 CHARMM>     
  
 CHARMM>            calc cntrand = @cntrand + 1
 Parameter: CNTRAND -> "3"
Evaluating: 3+1
 Parameter: CNTRAND <- "4"
  
 CHARMM>            if cntrand .gt. 100 stop ! ABNORMAL TERMINATION: ion placing may not work.. stop here
 Comparing "4" and "100".
 IF test evaluated as false.  Skipping command
  
 CHARMM>     
  
 CHARMM>            calc j = @i
 Parameter: I -> "9"
Evaluating: 9
 Parameter: J <- "9"
  
 CHARMM>            set ion = POS
 Parameter: ION <- "POS"
  
 CHARMM>     
  
 CHARMM>            if j .gt. @npos then
 Parameter: NPOS -> "26"
 Comparing "9" and "26".
 IF test evaluated as false.  Skip to ELSE or ENDIF
  
 CHARMM>     
  
 CHARMM>            define target select segid @ion .and. resid @j end
 Parameter: ION -> "POS"
 Parameter: J -> "9"
 SELRPN>      1 atoms have been selected out of  24952
  
 CHARMM>     
  
 CHARMM>            calc xpos = @A * ( ?random - 0.5 )
 Parameter: A -> "76.8049478"
 RDCMND substituted energy or value "?RANDOM" to "0.667769583"
Evaluating: 76.8049478*(0.667769583-0.5)
 Parameter: XPOS <- "12.8855341"
  
 CHARMM>            calc ypos = @B * ( ?random - 0.5 )
 Parameter: B -> "76.8049478"
 RDCMND substituted energy or value "?RANDOM" to "0.764926506"
Evaluating: 76.8049478*(0.764926506-0.5)
 Parameter: YPOS <- "20.3476665"
  
 CHARMM>            calc zpos = @C * ( ?random - 0.5 ) + @zcen
 Parameter: C -> "100"
 Parameter: ZCEN -> "0"
 RDCMND substituted energy or value "?RANDOM" to "0.563937999"
Evaluating: 100*(0.563937999-0.5)+0
 Parameter: ZPOS <- "6.3937999"
  
 CHARMM>     
  
 CHARMM>            if zpos .gt. -15 if zpos .lt. 15 goto doinit
 Comparing "6.3937999" and "-15".
 IF test evaluated as true.  Performing command
 Comparing "6.3937999" and "15".
 IF test evaluated as true.  Performing command
  
 CHARMM>     
  
 CHARMM>            calc cntrand = @cntrand + 1
 Parameter: CNTRAND -> "4"
Evaluating: 4+1
 Parameter: CNTRAND <- "5"
  
 CHARMM>            if cntrand .gt. 100 stop ! ABNORMAL TERMINATION: ion placing may not work.. stop here
 Comparing "5" and "100".
 IF test evaluated as false.  Skipping command
  
 CHARMM>     
  
 CHARMM>            calc j = @i
 Parameter: I -> "9"
Evaluating: 9
 Parameter: J <- "9"
  
 CHARMM>            set ion = POS
 Parameter: ION <- "POS"
  
 CHARMM>     
  
 CHARMM>            if j .gt. @npos then
 Parameter: NPOS -> "26"
 Comparing "9" and "26".
 IF test evaluated as false.  Skip to ELSE or ENDIF
  
 CHARMM>     
  
 CHARMM>            define target select segid @ion .and. resid @j end
 Parameter: ION -> "POS"
 Parameter: J -> "9"
 SELRPN>      1 atoms have been selected out of  24952
  
 CHARMM>     
  
 CHARMM>            calc xpos = @A * ( ?random - 0.5 )
 Parameter: A -> "76.8049478"
 RDCMND substituted energy or value "?RANDOM" to "0.29839978"
Evaluating: 76.8049478*(0.29839978-0.5)
 Parameter: XPOS <- "-15.4838944"
  
 CHARMM>            calc ypos = @B * ( ?random - 0.5 )
 Parameter: B -> "76.8049478"
 RDCMND substituted energy or value "?RANDOM" to "0.640415815"
Evaluating: 76.8049478*(0.640415815-0.5)
 Parameter: YPOS <- "10.7846293"
  
 CHARMM>            calc zpos = @C * ( ?random - 0.5 ) + @zcen
 Parameter: C -> "100"
 Parameter: ZCEN -> "0"
 RDCMND substituted energy or value "?RANDOM" to "0.404809622"
Evaluating: 100*(0.404809622-0.5)+0
 Parameter: ZPOS <- "-9.5190378"
  
 CHARMM>     
  
 CHARMM>            if zpos .gt. -15 if zpos .lt. 15 goto doinit
 Comparing "-9.5190378" and "-15".
 IF test evaluated as true.  Performing command
 Comparing "-9.5190378" and "15".
 IF test evaluated as true.  Performing command
  
 CHARMM>     
  
 CHARMM>            calc cntrand = @cntrand + 1
 Parameter: CNTRAND -> "5"
Evaluating: 5+1
 Parameter: CNTRAND <- "6"
  
 CHARMM>            if cntrand .gt. 100 stop ! ABNORMAL TERMINATION: ion placing may not work.. stop here
 Comparing "6" and "100".
 IF test evaluated as false.  Skipping command
  
 CHARMM>     
  
 CHARMM>            calc j = @i
 Parameter: I -> "9"
Evaluating: 9
 Parameter: J <- "9"
  
 CHARMM>            set ion = POS
 Parameter: ION <- "POS"
  
 CHARMM>     
  
 CHARMM>            if j .gt. @npos then
 Parameter: NPOS -> "26"
 Comparing "9" and "26".
 IF test evaluated as false.  Skip to ELSE or ENDIF
  
 CHARMM>     
  
 CHARMM>            define target select segid @ion .and. resid @j end
 Parameter: ION -> "POS"
 Parameter: J -> "9"
 SELRPN>      1 atoms have been selected out of  24952
  
 CHARMM>     
  
 CHARMM>            calc xpos = @A * ( ?random - 0.5 )
 Parameter: A -> "76.8049478"
 RDCMND substituted energy or value "?RANDOM" to "0.127837413"
Evaluating: 76.8049478*(0.127837413-0.5)
 Parameter: XPOS <- "-28.5839281"
  
 CHARMM>            calc ypos = @B * ( ?random - 0.5 )
 Parameter: B -> "76.8049478"
 RDCMND substituted energy or value "?RANDOM" to "0.346928006"
Evaluating: 76.8049478*(0.346928006-0.5)
 Parameter: YPOS <- "-11.7566865"
  
 CHARMM>            calc zpos = @C * ( ?random - 0.5 ) + @zcen
 Parameter: C -> "100"
 Parameter: ZCEN -> "0"
 RDCMND substituted energy or value "?RANDOM" to "0.267959848"
Evaluating: 100*(0.267959848-0.5)+0
 Parameter: ZPOS <- "-23.2040152"
  
 CHARMM>     
  
 CHARMM>            if zpos .gt. -15 if zpos .lt. 15 goto doinit
 Comparing "-23.2040152" and "-15".
 IF test evaluated as false.  Skipping command
  
 CHARMM>     
  
 CHARMM>            ! move target to selected position
  
 CHARMM>            coor stat select target end
 SELRPN>      1 atoms have been selected out of  24952
 STATISTICS FOR         1 SELECTED ATOMS:
    XMIN =   23.487488 XMAX =   23.487488 XAVE =   23.487488
    YMIN =   -8.043254 YMAX =   -8.043254 YAVE =   -8.043254
    ZMIN =  -26.638748 ZMAX =  -26.638748 ZAVE =  -26.638748
    WMIN =    1.000000 WMAX =    1.000000 WAVE =    1.000000
  
 CHARMM>            calc xtran = @xpos - ?xave
 Parameter: XPOS -> "-28.5839281"
 RDCMND substituted energy or value "?XAVE" to "23.4874882"
Evaluating: -28.5839281-23.4874882
 Parameter: XTRAN <- "-52.0714163"
  
 CHARMM>            calc ytran = @ypos - ?yave
 Parameter: YPOS -> "-11.7566865"
 RDCMND substituted energy or value "?YAVE" to "-8.04325407"
Evaluating: -11.7566865--8.04325407
 Parameter: YTRAN <- "-3.71343243"
  
 CHARMM>            calc ztran = @zpos - ?zave
 Parameter: ZPOS -> "-23.2040152"
 RDCMND substituted energy or value "?ZAVE" to "-26.638748"
Evaluating: -23.2040152--26.638748
 Parameter: ZTRAN <- "3.4347328"
  
 CHARMM>            coor trans xdir @xtran ydir @ytran zdir @ztran select target end
 Parameter: XTRAN -> "-52.0714163"
 Parameter: YTRAN -> "-3.71343243"
 Parameter: ZTRAN -> "3.4347328"
 SELRPN>      1 atoms have been selected out of  24952
 TRANSLATION VECTOR   -52.071416   -3.713432    3.434733
 SELECTED COORDINATES TRANSLATED IN THE MAIN SET.

  
 CHARMM>     
  
 CHARMM>            ! apply a random rotation along XYZ
  
 CHARMM>            calc xphi = ?random * 360.0
 RDCMND substituted energy or value "?RANDOM" to "6.242658356E-02"
Evaluating: 6.242658356E-02*360.0
 Parameter: XPHI <- "22.4735701"
  
 CHARMM>            calc yphi = ?random * 360.0
 RDCMND substituted energy or value "?RANDOM" to "0.2801531"
Evaluating: 0.2801531*360.0
 Parameter: YPHI <- "100.855116"
  
 CHARMM>            calc zphi = ?random * 360.0
 RDCMND substituted energy or value "?RANDOM" to "0.109881486"
Evaluating: 0.109881486*360.0
 Parameter: ZPHI <- "39.557335"
  
 CHARMM>            coor rotate xcen @xpos ycen @ypos zcen @zpos xdir 1.0 -
 CHARMM>                phi @xphi select target end
 Parameter: XPOS -> "-28.5839281"
 Parameter: YPOS -> "-11.7566865"
 Parameter: ZPOS -> "-23.2040152"
 Parameter: XPHI -> "22.4735701"
 SELRPN>      1 atoms have been selected out of  24952
 ROTATION MATRIX
    1.000000    0.000000    0.000000
    0.000000    0.924056    0.382257
    0.000000   -0.382257    0.924056

 AXIS OF ROTATION IS  1.000000  0.000000  0.000000  ANGLE IS   22.47

 SELECTED COORDINATES ROTATED IN THE MAIN SET.

  
 CHARMM>            coor rotate xcen @xpos ycen @ypos zcen @zpos ydir 1.0 -
 CHARMM>                phi @yphi select target end
 Parameter: XPOS -> "-28.5839281"
 Parameter: YPOS -> "-11.7566865"
 Parameter: ZPOS -> "-23.2040152"
 Parameter: YPHI -> "100.855116"
 SELRPN>      1 atoms have been selected out of  24952
 ROTATION MATRIX
   -0.188326    0.000000   -0.982107
    0.000000    1.000000    0.000000
    0.982107    0.000000   -0.188326

 AXIS OF ROTATION IS  0.000000  1.000000  0.000000  ANGLE IS  100.86

 SELECTED COORDINATES ROTATED IN THE MAIN SET.

  
 CHARMM>            coor rotate xcen @xpos ycen @ypos zcen @zpos zdir 1.0 -
 CHARMM>                phi @zphi select target end
 Parameter: XPOS -> "-28.5839281"
 Parameter: YPOS -> "-11.7566865"
 Parameter: ZPOS -> "-23.2040152"
 Parameter: ZPHI -> "39.557335"
 SELRPN>      1 atoms have been selected out of  24952
 ROTATION MATRIX
    0.770988    0.636850    0.000000
   -0.636850    0.770988    0.000000
    0.000000    0.000000    1.000000

 AXIS OF ROTATION IS  0.000000  0.000000  1.000000  ANGLE IS   39.56

 SELECTED COORDINATES ROTATED IN THE MAIN SET.

  
 CHARMM>     
  
 CHARMM>     
  
 CHARMM>            calc dcut = 3.5
Evaluating: 3.5
 Parameter: DCUT <- "3.5"
  
 CHARMM>     
  
 CHARMM>            coor stat sele target end
 SELRPN>      1 atoms have been selected out of  24952
 STATISTICS FOR         1 SELECTED ATOMS:
    XMIN =  -28.583928 XMAX =  -28.583928 XAVE =  -28.583928
    YMIN =  -11.756687 YMAX =  -11.756687 YAVE =  -11.756687
    ZMIN =  -23.204015 ZMAX =  -23.204015 ZAVE =  -23.204015
    WMIN =    1.000000 WMAX =    1.000000 WAVE =    1.000000
  
 CHARMM>            calc xmax = ?xmax + @dcut
 Parameter: DCUT -> "3.5"
 RDCMND substituted energy or value "?XMAX" to "-28.5839281"
Evaluating: -28.5839281+3.5
 Parameter: XMAX <- "-25.0839281"
  
 CHARMM>            calc ymax = ?ymax + @dcut
 Parameter: DCUT -> "3.5"
 RDCMND substituted energy or value "?YMAX" to "-11.7566865"
Evaluating: -11.7566865+3.5
 Parameter: YMAX <- "-8.2566865"
  
 CHARMM>            calc zmax = ?zmax + @dcut
 Parameter: DCUT -> "3.5"
 RDCMND substituted energy or value "?ZMAX" to "-23.2040152"
Evaluating: -23.2040152+3.5
 Parameter: ZMAX <- "-19.7040152"
  
 CHARMM>            calc xmin = ?xmin - @dcut
 Parameter: DCUT -> "3.5"
 RDCMND substituted energy or value "?XMIN" to "-28.5839281"
Evaluating: -28.5839281-3.5
 Parameter: XMIN <- "-32.0839281"
  
 CHARMM>            calc ymin = ?ymin - @dcut
 Parameter: DCUT -> "3.5"
 RDCMND substituted energy or value "?YMIN" to "-11.7566865"
Evaluating: -11.7566865-3.5
 Parameter: YMIN <- "-15.2566865"
  
 CHARMM>            calc zmin = ?zmin - @dcut
 Parameter: DCUT -> "3.5"
 RDCMND substituted energy or value "?ZMIN" to "-23.2040152"
Evaluating: -23.2040152-3.5
 Parameter: ZMIN <- "-26.7040152"
  
 CHARMM>     
  
 CHARMM>            define JUNK sele .not. target .and. -
 CHARMM>                             prop X .lt. @xmax .and. prop X .gt. @xmin .and. -
 CHARMM>                             prop Y .lt. @ymax .and. prop Y .gt. @ymin .and. -
 CHARMM>                             prop Z .lt. @zmax .and. prop Z .gt. @zmin  end
 Parameter: XMAX -> "-25.0839281"
 Parameter: XMIN -> "-32.0839281"
 Parameter: YMAX -> "-8.2566865"
 Parameter: YMIN -> "-15.2566865"
 Parameter: ZMAX -> "-19.7040152"
 Parameter: ZMIN -> "-26.7040152"
 SELRPN>      1 atoms have been selected out of  24952
  
 CHARMM>     
  
 CHARMM>            ! check if the ions are too close to protein
  
 CHARMM>            define XXX sele PROT end
 SELRPN>      0 atoms have been selected out of  24952
  
 CHARMM>            if ?nsel .gt. 0 then
 RDCMND substituted energy or value "?NSEL" to "0"
 Comparing "0" and "0".
 IF test evaluated as false.  Skip to ELSE or ENDIF
  
 CHARMM>     
  
 CHARMM>            ! check if the ions are too close to solute
  
 CHARMM>            coor dist cut 4.0 sele target end sele JUNK .and. .not. hydrogen end image
 SELRPN>      1 atoms have been selected out of  36561
 SELRPN>      0 atoms have been selected out of  36561

            DISTANCES FOR SELECTED ATOMS
            ONLY ONE SELECTION SET SPECIFIED, A COMPARISON WILL BE DONE
 TOTAL EXCLUSION COUNT =         0
 TOTAL 1-4 EXCLUSIONS  =         0
 TOTAL NON-EXCLUSIONS  =         0
  
 CHARMM>            if ?npair .gt. 0 goto doinit
 RDCMND substituted energy or value "?NPAIR" to "0"
 Comparing "0" and "0".
 IF test evaluated as false.  Skipping command
  
 CHARMM>     
  
 CHARMM>            calc cntrand = 0
Evaluating: 0
 Parameter: CNTRAND <- "0"
  
 CHARMM>            increase i by 1
 Parameter: I <- "10"
  
 CHARMM>            if i .le. @nion goto doinit
 Parameter: NION -> "52"
 Comparing "10" and "52".
 IF test evaluated as true.  Performing command
  
 CHARMM>     
  
 CHARMM>            calc cntrand = @cntrand + 1
 Parameter: CNTRAND -> "0"
Evaluating: 0+1
 Parameter: CNTRAND <- "1"
  
 CHARMM>            if cntrand .gt. 100 stop ! ABNORMAL TERMINATION: ion placing may not work.. stop here
 Comparing "1" and "100".
 IF test evaluated as false.  Skipping command
  
 CHARMM>     
  
 CHARMM>            calc j = @i
 Parameter: I -> "10"
Evaluating: 10
 Parameter: J <- "10"
  
 CHARMM>            set ion = POS
 Parameter: ION <- "POS"
  
 CHARMM>     
  
 CHARMM>            if j .gt. @npos then
 Parameter: NPOS -> "26"
 Comparing "10" and "26".
 IF test evaluated as false.  Skip to ELSE or ENDIF
  
 CHARMM>     
  
 CHARMM>            define target select segid @ion .and. resid @j end
 Parameter: ION -> "POS"
 Parameter: J -> "10"
 SELRPN>      1 atoms have been selected out of  24952
  
 CHARMM>     
  
 CHARMM>            calc xpos = @A * ( ?random - 0.5 )
 Parameter: A -> "76.8049478"
 RDCMND substituted energy or value "?RANDOM" to "0.389137605"
Evaluating: 76.8049478*(0.389137605-0.5)
 Parameter: XPOS <- "-8.51478046"
  
 CHARMM>            calc ypos = @B * ( ?random - 0.5 )
 Parameter: B -> "76.8049478"
 RDCMND substituted energy or value "?RANDOM" to "0.781190942"
Evaluating: 76.8049478*(0.781190942-0.5)
 Parameter: YPOS <- "21.5968556"
  
 CHARMM>            calc zpos = @C * ( ?random - 0.5 ) + @zcen
 Parameter: C -> "100"
 Parameter: ZCEN -> "0"
 RDCMND substituted energy or value "?RANDOM" to "0.284993385"
Evaluating: 100*(0.284993385-0.5)+0
 Parameter: ZPOS <- "-21.5006615"
  
 CHARMM>     
  
 CHARMM>            if zpos .gt. -15 if zpos .lt. 15 goto doinit
 Comparing "-21.5006615" and "-15".
 IF test evaluated as false.  Skipping command
  
 CHARMM>     
  
 CHARMM>            ! move target to selected position
  
 CHARMM>            coor stat select target end
 SELRPN>      1 atoms have been selected out of  24952
 STATISTICS FOR         1 SELECTED ATOMS:
    XMIN =    0.000000 XMAX =    0.000000 XAVE =    0.000000
    YMIN =    0.000000 YMAX =    0.000000 YAVE =    0.000000
    ZMIN =    0.000000 ZMAX =    0.000000 ZAVE =    0.000000
    WMIN =    1.000000 WMAX =    1.000000 WAVE =    1.000000
  
 CHARMM>            calc xtran = @xpos - ?xave
 Parameter: XPOS -> "-8.51478046"
 RDCMND substituted energy or value "?XAVE" to "0"
Evaluating: -8.51478046-0
 Parameter: XTRAN <- "-8.51478046"
  
 CHARMM>            calc ytran = @ypos - ?yave
 Parameter: YPOS -> "21.5968556"
 RDCMND substituted energy or value "?YAVE" to "0"
Evaluating: 21.5968556-0
 Parameter: YTRAN <- "21.5968556"
  
 CHARMM>            calc ztran = @zpos - ?zave
 Parameter: ZPOS -> "-21.5006615"
 RDCMND substituted energy or value "?ZAVE" to "0"
Evaluating: -21.5006615-0
 Parameter: ZTRAN <- "-21.5006615"
  
 CHARMM>            coor trans xdir @xtran ydir @ytran zdir @ztran select target end
 Parameter: XTRAN -> "-8.51478046"
 Parameter: YTRAN -> "21.5968556"
 Parameter: ZTRAN -> "-21.5006615"
 SELRPN>      1 atoms have been selected out of  24952
 TRANSLATION VECTOR    -8.514780   21.596856  -21.500661
 SELECTED COORDINATES TRANSLATED IN THE MAIN SET.

  
 CHARMM>     
  
 CHARMM>            ! apply a random rotation along XYZ
  
 CHARMM>            calc xphi = ?random * 360.0
 RDCMND substituted energy or value "?RANDOM" to "0.717203199"
Evaluating: 0.717203199*360.0
 Parameter: XPHI <- "258.193152"
  
 CHARMM>            calc yphi = ?random * 360.0
 RDCMND substituted energy or value "?RANDOM" to "0.321989885"
Evaluating: 0.321989885*360.0
 Parameter: YPHI <- "115.916359"
  
 CHARMM>            calc zphi = ?random * 360.0
 RDCMND substituted energy or value "?RANDOM" to "0.900944292"
Evaluating: 0.900944292*360.0
 Parameter: ZPHI <- "324.339945"
  
 CHARMM>            coor rotate xcen @xpos ycen @ypos zcen @zpos xdir 1.0 -
 CHARMM>                phi @xphi select target end
 Parameter: XPOS -> "-8.51478046"
 Parameter: YPOS -> "21.5968556"
 Parameter: ZPOS -> "-21.5006615"
 Parameter: XPHI -> "258.193152"
 SELRPN>      1 atoms have been selected out of  24952
 ROTATION MATRIX
    1.000000    0.000000    0.000000
    0.000000   -0.204613   -0.978843
    0.000000    0.978843   -0.204613

 AXIS OF ROTATION IS -1.000000  0.000000  0.000000  ANGLE IS  101.81

 SELECTED COORDINATES ROTATED IN THE MAIN SET.

  
 CHARMM>            coor rotate xcen @xpos ycen @ypos zcen @zpos ydir 1.0 -
 CHARMM>                phi @yphi select target end
 Parameter: XPOS -> "-8.51478046"
 Parameter: YPOS -> "21.5968556"
 Parameter: ZPOS -> "-21.5006615"
 Parameter: YPHI -> "115.916359"
 SELRPN>      1 atoms have been selected out of  24952
 ROTATION MATRIX
   -0.437059    0.000000   -0.899433
    0.000000    1.000000    0.000000
    0.899433    0.000000   -0.437059

 AXIS OF ROTATION IS  0.000000  1.000000  0.000000  ANGLE IS  115.92

 SELECTED COORDINATES ROTATED IN THE MAIN SET.

  
 CHARMM>            coor rotate xcen @xpos ycen @ypos zcen @zpos zdir 1.0 -
 CHARMM>                phi @zphi select target end
 Parameter: XPOS -> "-8.51478046"
 Parameter: YPOS -> "21.5968556"
 Parameter: ZPOS -> "-21.5006615"
 Parameter: ZPHI -> "324.339945"
 SELRPN>      1 atoms have been selected out of  24952
 ROTATION MATRIX
    0.812490   -0.582975    0.000000
    0.582975    0.812490    0.000000
    0.000000    0.000000    1.000000

 AXIS OF ROTATION IS  0.000000  0.000000 -1.000000  ANGLE IS   35.66

 SELECTED COORDINATES ROTATED IN THE MAIN SET.

  
 CHARMM>     
  
 CHARMM>     
  
 CHARMM>            calc dcut = 3.5
Evaluating: 3.5
 Parameter: DCUT <- "3.5"
  
 CHARMM>     
  
 CHARMM>            coor stat sele target end
 SELRPN>      1 atoms have been selected out of  24952
 STATISTICS FOR         1 SELECTED ATOMS:
    XMIN =   -8.514780 XMAX =   -8.514780 XAVE =   -8.514780
    YMIN =   21.596856 YMAX =   21.596856 YAVE =   21.596856
    ZMIN =  -21.500661 ZMAX =  -21.500661 ZAVE =  -21.500661
    WMIN =    1.000000 WMAX =    1.000000 WAVE =    1.000000
  
 CHARMM>            calc xmax = ?xmax + @dcut
 Parameter: DCUT -> "3.5"
 RDCMND substituted energy or value "?XMAX" to "-8.51478046"
Evaluating: -8.51478046+3.5
 Parameter: XMAX <- "-5.01478046"
  
 CHARMM>            calc ymax = ?ymax + @dcut
 Parameter: DCUT -> "3.5"
 RDCMND substituted energy or value "?YMAX" to "21.5968556"
Evaluating: 21.5968556+3.5
 Parameter: YMAX <- "25.0968556"
  
 CHARMM>            calc zmax = ?zmax + @dcut
 Parameter: DCUT -> "3.5"
 RDCMND substituted energy or value "?ZMAX" to "-21.5006615"
Evaluating: -21.5006615+3.5
 Parameter: ZMAX <- "-18.0006615"
  
 CHARMM>            calc xmin = ?xmin - @dcut
 Parameter: DCUT -> "3.5"
 RDCMND substituted energy or value "?XMIN" to "-8.51478046"
Evaluating: -8.51478046-3.5
 Parameter: XMIN <- "-12.0147805"
  
 CHARMM>            calc ymin = ?ymin - @dcut
 Parameter: DCUT -> "3.5"
 RDCMND substituted energy or value "?YMIN" to "21.5968556"
Evaluating: 21.5968556-3.5
 Parameter: YMIN <- "18.0968556"
  
 CHARMM>            calc zmin = ?zmin - @dcut
 Parameter: DCUT -> "3.5"
 RDCMND substituted energy or value "?ZMIN" to "-21.5006615"
Evaluating: -21.5006615-3.5
 Parameter: ZMIN <- "-25.0006615"
  
 CHARMM>     
  
 CHARMM>            define JUNK sele .not. target .and. -
 CHARMM>                             prop X .lt. @xmax .and. prop X .gt. @xmin .and. -
 CHARMM>                             prop Y .lt. @ymax .and. prop Y .gt. @ymin .and. -
 CHARMM>                             prop Z .lt. @zmax .and. prop Z .gt. @zmin  end
 Parameter: XMAX -> "-5.01478046"
 Parameter: XMIN -> "-12.0147805"
 Parameter: YMAX -> "25.0968556"
 Parameter: YMIN -> "18.0968556"
 Parameter: ZMAX -> "-18.0006615"
 Parameter: ZMIN -> "-25.0006615"
 SELRPN>     13 atoms have been selected out of  24952
  
 CHARMM>     
  
 CHARMM>            ! check if the ions are too close to protein
  
 CHARMM>            define XXX sele PROT end
 SELRPN>      0 atoms have been selected out of  24952
  
 CHARMM>            if ?nsel .gt. 0 then
 RDCMND substituted energy or value "?NSEL" to "0"
 Comparing "0" and "0".
 IF test evaluated as false.  Skip to ELSE or ENDIF
  
 CHARMM>     
  
 CHARMM>            ! check if the ions are too close to solute
  
 CHARMM>            coor dist cut 4.0 sele target end sele JUNK .and. .not. hydrogen end image
 SELRPN>      1 atoms have been selected out of  36561
 SELRPN>      8 atoms have been selected out of  36561

            DISTANCES FOR SELECTED ATOMS
24910 POS      SOD      10       SOD     -**** MEMB     DOPC     125      C12           2.9064
24910 POS      SOD      10       SOD     -**** MEMB     DOPC     125      C11           3.2375
24910 POS      SOD      10       SOD     -**** MEMB     DOPC     125      P             3.2941
24910 POS      SOD      10       SOD     -**** MEMB     DOPC     125      O13           2.3446
24910 POS      SOD      10       SOD     -**** MEMB     DOPC     125      O14           3.7370
24910 POS      SOD      10       SOD     -**** MEMB     DOPC     125      O12           3.5955
 TOTAL EXCLUSION COUNT =         0
 TOTAL 1-4 EXCLUSIONS  =         0
 TOTAL NON-EXCLUSIONS  =         6
  
 CHARMM>            if ?npair .gt. 0 goto doinit
 RDCMND substituted energy or value "?NPAIR" to "6"
 Comparing "6" and "0".
 IF test evaluated as true.  Performing command
  
 CHARMM>     
  
 CHARMM>            calc cntrand = @cntrand + 1
 Parameter: CNTRAND -> "1"
Evaluating: 1+1
 Parameter: CNTRAND <- "2"
  
 CHARMM>            if cntrand .gt. 100 stop ! ABNORMAL TERMINATION: ion placing may not work.. stop here
 Comparing "2" and "100".
 IF test evaluated as false.  Skipping command
  
 CHARMM>     
  
 CHARMM>            calc j = @i
 Parameter: I -> "10"
Evaluating: 10
 Parameter: J <- "10"
  
 CHARMM>            set ion = POS
 Parameter: ION <- "POS"
  
 CHARMM>     
  
 CHARMM>            if j .gt. @npos then
 Parameter: NPOS -> "26"
 Comparing "10" and "26".
 IF test evaluated as false.  Skip to ELSE or ENDIF
  
 CHARMM>     
  
 CHARMM>            define target select segid @ion .and. resid @j end
 Parameter: ION -> "POS"
 Parameter: J -> "10"
 SELRPN>      1 atoms have been selected out of  24952
  
 CHARMM>     
  
 CHARMM>            calc xpos = @A * ( ?random - 0.5 )
 Parameter: A -> "76.8049478"
 RDCMND substituted energy or value "?RANDOM" to "0.694977423"
Evaluating: 76.8049478*(0.694977423-0.5)
 Parameter: XPOS <- "14.9752308"
  
 CHARMM>            calc ypos = @B * ( ?random - 0.5 )
 Parameter: B -> "76.8049478"
 RDCMND substituted energy or value "?RANDOM" to "0.776867958"
Evaluating: 76.8049478*(0.776867958-0.5)
 Parameter: YPOS <- "21.2648291"
  
 CHARMM>            calc zpos = @C * ( ?random - 0.5 ) + @zcen
 Parameter: C -> "100"
 Parameter: ZCEN -> "0"
 RDCMND substituted energy or value "?RANDOM" to "0.38415298"
Evaluating: 100*(0.38415298-0.5)+0
 Parameter: ZPOS <- "-11.584702"
  
 CHARMM>     
  
 CHARMM>            if zpos .gt. -15 if zpos .lt. 15 goto doinit
 Comparing "-11.584702" and "-15".
 IF test evaluated as true.  Performing command
 Comparing "-11.584702" and "15".
 IF test evaluated as true.  Performing command
  
 CHARMM>     
  
 CHARMM>            calc cntrand = @cntrand + 1
 Parameter: CNTRAND -> "2"
Evaluating: 2+1
 Parameter: CNTRAND <- "3"
  
 CHARMM>            if cntrand .gt. 100 stop ! ABNORMAL TERMINATION: ion placing may not work.. stop here
 Comparing "3" and "100".
 IF test evaluated as false.  Skipping command
  
 CHARMM>     
  
 CHARMM>            calc j = @i
 Parameter: I -> "10"
Evaluating: 10
 Parameter: J <- "10"
  
 CHARMM>            set ion = POS
 Parameter: ION <- "POS"
  
 CHARMM>     
  
 CHARMM>            if j .gt. @npos then
 Parameter: NPOS -> "26"
 Comparing "10" and "26".
 IF test evaluated as false.  Skip to ELSE or ENDIF
  
 CHARMM>     
  
 CHARMM>            define target select segid @ion .and. resid @j end
 Parameter: ION -> "POS"
 Parameter: J -> "10"
 SELRPN>      1 atoms have been selected out of  24952
  
 CHARMM>     
  
 CHARMM>            calc xpos = @A * ( ?random - 0.5 )
 Parameter: A -> "76.8049478"
 RDCMND substituted energy or value "?RANDOM" to "0.619700475"
Evaluating: 76.8049478*(0.619700475-0.5)
 Parameter: XPOS <- "9.19358873"
  
 CHARMM>            calc ypos = @B * ( ?random - 0.5 )
 Parameter: B -> "76.8049478"
 RDCMND substituted energy or value "?RANDOM" to "9.328471951E-02"
Evaluating: 76.8049478*(9.328471951E-02-0.5)
 Parameter: YPOS <- "-31.2377459"
  
 CHARMM>            calc zpos = @C * ( ?random - 0.5 ) + @zcen
 Parameter: C -> "100"
 Parameter: ZCEN -> "0"
 RDCMND substituted energy or value "?RANDOM" to "0.724158586"
Evaluating: 100*(0.724158586-0.5)+0
 Parameter: ZPOS <- "22.4158586"
  
 CHARMM>     
  
 CHARMM>            if zpos .gt. -15 if zpos .lt. 15 goto doinit
 Comparing "22.4158586" and "-15".
 IF test evaluated as true.  Performing command
 Comparing "22.4158586" and "15".
 IF test evaluated as false.  Skipping command
  
 CHARMM>     
  
 CHARMM>            ! move target to selected position
  
 CHARMM>            coor stat select target end
 SELRPN>      1 atoms have been selected out of  24952
 STATISTICS FOR         1 SELECTED ATOMS:
    XMIN =   -8.514780 XMAX =   -8.514780 XAVE =   -8.514780
    YMIN =   21.596856 YMAX =   21.596856 YAVE =   21.596856
    ZMIN =  -21.500661 ZMAX =  -21.500661 ZAVE =  -21.500661
    WMIN =    1.000000 WMAX =    1.000000 WAVE =    1.000000
  
 CHARMM>            calc xtran = @xpos - ?xave
 Parameter: XPOS -> "9.19358873"
 RDCMND substituted energy or value "?XAVE" to "-8.51478046"
Evaluating: 9.19358873--8.51478046
 Parameter: XTRAN <- "17.7083692"
  
 CHARMM>            calc ytran = @ypos - ?yave
 Parameter: YPOS -> "-31.2377459"
 RDCMND substituted energy or value "?YAVE" to "21.5968556"
Evaluating: -31.2377459-21.5968556
 Parameter: YTRAN <- "-52.8346015"
  
 CHARMM>            calc ztran = @zpos - ?zave
 Parameter: ZPOS -> "22.4158586"
 RDCMND substituted energy or value "?ZAVE" to "-21.5006615"
Evaluating: 22.4158586--21.5006615
 Parameter: ZTRAN <- "43.9165201"
  
 CHARMM>            coor trans xdir @xtran ydir @ytran zdir @ztran select target end
 Parameter: XTRAN -> "17.7083692"
 Parameter: YTRAN -> "-52.8346015"
 Parameter: ZTRAN -> "43.9165201"
 SELRPN>      1 atoms have been selected out of  24952
 TRANSLATION VECTOR    17.708369  -52.834601   43.916520
 SELECTED COORDINATES TRANSLATED IN THE MAIN SET.

  
 CHARMM>     
  
 CHARMM>            ! apply a random rotation along XYZ
  
 CHARMM>            calc xphi = ?random * 360.0
 RDCMND substituted energy or value "?RANDOM" to "0.724453339"
Evaluating: 0.724453339*360.0
 Parameter: XPHI <- "260.803202"
  
 CHARMM>            calc yphi = ?random * 360.0
 RDCMND substituted energy or value "?RANDOM" to "0.458088272"
Evaluating: 0.458088272*360.0
 Parameter: YPHI <- "164.911778"
  
 CHARMM>            calc zphi = ?random * 360.0
 RDCMND substituted energy or value "?RANDOM" to "0.65720355"
Evaluating: 0.65720355*360.0
 Parameter: ZPHI <- "236.593278"
  
 CHARMM>            coor rotate xcen @xpos ycen @ypos zcen @zpos xdir 1.0 -
 CHARMM>                phi @xphi select target end
 Parameter: XPOS -> "9.19358873"
 Parameter: YPOS -> "-31.2377459"
 Parameter: ZPOS -> "22.4158586"
 Parameter: XPHI -> "260.803202"
 SELRPN>      1 atoms have been selected out of  24952
 ROTATION MATRIX
    1.000000    0.000000    0.000000
    0.000000   -0.159826   -0.987145
    0.000000    0.987145   -0.159826

 AXIS OF ROTATION IS -1.000000  0.000000  0.000000  ANGLE IS   99.20

 SELECTED COORDINATES ROTATED IN THE MAIN SET.

  
 CHARMM>            coor rotate xcen @xpos ycen @ypos zcen @zpos ydir 1.0 -
 CHARMM>                phi @yphi select target end
 Parameter: XPOS -> "9.19358873"
 Parameter: YPOS -> "-31.2377459"
 Parameter: ZPOS -> "22.4158586"
 Parameter: YPHI -> "164.911778"
 SELRPN>      1 atoms have been selected out of  24952
 ROTATION MATRIX
   -0.965526    0.000000   -0.260306
    0.000000    1.000000    0.000000
    0.260306    0.000000   -0.965526

 AXIS OF ROTATION IS  0.000000  1.000000  0.000000  ANGLE IS  164.91

 SELECTED COORDINATES ROTATED IN THE MAIN SET.

  
 CHARMM>            coor rotate xcen @xpos ycen @ypos zcen @zpos zdir 1.0 -
 CHARMM>                phi @zphi select target end
 Parameter: XPOS -> "9.19358873"
 Parameter: YPOS -> "-31.2377459"
 Parameter: ZPOS -> "22.4158586"
 Parameter: ZPHI -> "236.593278"
 SELRPN>      1 atoms have been selected out of  24952
 ROTATION MATRIX
   -0.550579   -0.834783    0.000000
    0.834783   -0.550579    0.000000
    0.000000    0.000000    1.000000

 AXIS OF ROTATION IS  0.000000  0.000000 -1.000000  ANGLE IS  123.41

 SELECTED COORDINATES ROTATED IN THE MAIN SET.

  
 CHARMM>     
  
 CHARMM>     
  
 CHARMM>            calc dcut = 3.5
Evaluating: 3.5
 Parameter: DCUT <- "3.5"
  
 CHARMM>     
  
 CHARMM>            coor stat sele target end
 SELRPN>      1 atoms have been selected out of  24952
 STATISTICS FOR         1 SELECTED ATOMS:
    XMIN =    9.193589 XMAX =    9.193589 XAVE =    9.193589
    YMIN =  -31.237746 YMAX =  -31.237746 YAVE =  -31.237746
    ZMIN =   22.415859 ZMAX =   22.415859 ZAVE =   22.415859
    WMIN =    1.000000 WMAX =    1.000000 WAVE =    1.000000
  
 CHARMM>            calc xmax = ?xmax + @dcut
 Parameter: DCUT -> "3.5"
 RDCMND substituted energy or value "?XMAX" to "9.19358874"
Evaluating: 9.19358874+3.5
 Parameter: XMAX <- "12.6935887"
  
 CHARMM>            calc ymax = ?ymax + @dcut
 Parameter: DCUT -> "3.5"
 RDCMND substituted energy or value "?YMAX" to "-31.2377459"
Evaluating: -31.2377459+3.5
 Parameter: YMAX <- "-27.7377459"
  
 CHARMM>            calc zmax = ?zmax + @dcut
 Parameter: DCUT -> "3.5"
 RDCMND substituted energy or value "?ZMAX" to "22.4158586"
Evaluating: 22.4158586+3.5
 Parameter: ZMAX <- "25.9158586"
  
 CHARMM>            calc xmin = ?xmin - @dcut
 Parameter: DCUT -> "3.5"
 RDCMND substituted energy or value "?XMIN" to "9.19358874"
Evaluating: 9.19358874-3.5
 Parameter: XMIN <- "5.69358874"
  
 CHARMM>            calc ymin = ?ymin - @dcut
 Parameter: DCUT -> "3.5"
 RDCMND substituted energy or value "?YMIN" to "-31.2377459"
Evaluating: -31.2377459-3.5
 Parameter: YMIN <- "-34.7377459"
  
 CHARMM>            calc zmin = ?zmin - @dcut
 Parameter: DCUT -> "3.5"
 RDCMND substituted energy or value "?ZMIN" to "22.4158586"
Evaluating: 22.4158586-3.5
 Parameter: ZMIN <- "18.9158586"
  
 CHARMM>     
  
 CHARMM>            define JUNK sele .not. target .and. -
 CHARMM>                             prop X .lt. @xmax .and. prop X .gt. @xmin .and. -
 CHARMM>                             prop Y .lt. @ymax .and. prop Y .gt. @ymin .and. -
 CHARMM>                             prop Z .lt. @zmax .and. prop Z .gt. @zmin  end
 Parameter: XMAX -> "12.6935887"
 Parameter: XMIN -> "5.69358874"
 Parameter: YMAX -> "-27.7377459"
 Parameter: YMIN -> "-34.7377459"
 Parameter: ZMAX -> "25.9158586"
 Parameter: ZMIN -> "18.9158586"
 SELRPN>      0 atoms have been selected out of  24952
  
 CHARMM>     
  
 CHARMM>            ! check if the ions are too close to protein
  
 CHARMM>            define XXX sele PROT end
 SELRPN>      0 atoms have been selected out of  24952
  
 CHARMM>            if ?nsel .gt. 0 then
 RDCMND substituted energy or value "?NSEL" to "0"
 Comparing "0" and "0".
 IF test evaluated as false.  Skip to ELSE or ENDIF
  
 CHARMM>     
  
 CHARMM>            ! check if the ions are too close to solute
  
 CHARMM>            coor dist cut 4.0 sele target end sele JUNK .and. .not. hydrogen end image
 SELRPN>      1 atoms have been selected out of  36561
 SELRPN>      0 atoms have been selected out of  36561

            DISTANCES FOR SELECTED ATOMS
            ONLY ONE SELECTION SET SPECIFIED, A COMPARISON WILL BE DONE
 TOTAL EXCLUSION COUNT =         0
 TOTAL 1-4 EXCLUSIONS  =         0
 TOTAL NON-EXCLUSIONS  =         0
  
 CHARMM>            if ?npair .gt. 0 goto doinit
 RDCMND substituted energy or value "?NPAIR" to "0"
 Comparing "0" and "0".
 IF test evaluated as false.  Skipping command
  
 CHARMM>     
  
 CHARMM>            calc cntrand = 0
Evaluating: 0
 Parameter: CNTRAND <- "0"
  
 CHARMM>            increase i by 1
 Parameter: I <- "11"
  
 CHARMM>            if i .le. @nion goto doinit
 Parameter: NION -> "52"
 Comparing "11" and "52".
 IF test evaluated as true.  Performing command
  
 CHARMM>     
  
 CHARMM>            calc cntrand = @cntrand + 1
 Parameter: CNTRAND -> "0"
Evaluating: 0+1
 Parameter: CNTRAND <- "1"
  
 CHARMM>            if cntrand .gt. 100 stop ! ABNORMAL TERMINATION: ion placing may not work.. stop here
 Comparing "1" and "100".
 IF test evaluated as false.  Skipping command
  
 CHARMM>     
  
 CHARMM>            calc j = @i
 Parameter: I -> "11"
Evaluating: 11
 Parameter: J <- "11"
  
 CHARMM>            set ion = POS
 Parameter: ION <- "POS"
  
 CHARMM>     
  
 CHARMM>            if j .gt. @npos then
 Parameter: NPOS -> "26"
 Comparing "11" and "26".
 IF test evaluated as false.  Skip to ELSE or ENDIF
  
 CHARMM>     
  
 CHARMM>            define target select segid @ion .and. resid @j end
 Parameter: ION -> "POS"
 Parameter: J -> "11"
 SELRPN>      1 atoms have been selected out of  24952
  
 CHARMM>     
  
 CHARMM>            calc xpos = @A * ( ?random - 0.5 )
 Parameter: A -> "76.8049478"
 RDCMND substituted energy or value "?RANDOM" to "0.316754546"
Evaluating: 76.8049478*(0.316754546-0.5)
 Parameter: XPOS <- "-14.0741575"
  
 CHARMM>            calc ypos = @B * ( ?random - 0.5 )
 Parameter: B -> "76.8049478"
 RDCMND substituted energy or value "?RANDOM" to "0.336882361"
Evaluating: 76.8049478*(0.336882361-0.5)
 Parameter: YPOS <- "-12.5282417"
  
 CHARMM>            calc zpos = @C * ( ?random - 0.5 ) + @zcen
 Parameter: C -> "100"
 Parameter: ZCEN -> "0"
 RDCMND substituted energy or value "?RANDOM" to "0.939915918"
Evaluating: 100*(0.939915918-0.5)+0
 Parameter: ZPOS <- "43.9915918"
  
 CHARMM>     
  
 CHARMM>            if zpos .gt. -15 if zpos .lt. 15 goto doinit
 Comparing "43.9915918" and "-15".
 IF test evaluated as true.  Performing command
 Comparing "43.9915918" and "15".
 IF test evaluated as false.  Skipping command
  
 CHARMM>     
  
 CHARMM>            ! move target to selected position
  
 CHARMM>            coor stat select target end
 SELRPN>      1 atoms have been selected out of  24952
 STATISTICS FOR         1 SELECTED ATOMS:
    XMIN =    0.000000 XMAX =    0.000000 XAVE =    0.000000
    YMIN =    0.000000 YMAX =    0.000000 YAVE =    0.000000
    ZMIN =    0.000000 ZMAX =    0.000000 ZAVE =    0.000000
    WMIN =    1.000000 WMAX =    1.000000 WAVE =    1.000000
  
 CHARMM>            calc xtran = @xpos - ?xave
 Parameter: XPOS -> "-14.0741575"
 RDCMND substituted energy or value "?XAVE" to "0"
Evaluating: -14.0741575-0
 Parameter: XTRAN <- "-14.0741575"
  
 CHARMM>            calc ytran = @ypos - ?yave
 Parameter: YPOS -> "-12.5282417"
 RDCMND substituted energy or value "?YAVE" to "0"
Evaluating: -12.5282417-0
 Parameter: YTRAN <- "-12.5282417"
  
 CHARMM>            calc ztran = @zpos - ?zave
 Parameter: ZPOS -> "43.9915918"
 RDCMND substituted energy or value "?ZAVE" to "0"
Evaluating: 43.9915918-0
 Parameter: ZTRAN <- "43.9915918"
  
 CHARMM>            coor trans xdir @xtran ydir @ytran zdir @ztran select target end
 Parameter: XTRAN -> "-14.0741575"
 Parameter: YTRAN -> "-12.5282417"
 Parameter: ZTRAN -> "43.9915918"
 SELRPN>      1 atoms have been selected out of  24952
 TRANSLATION VECTOR   -14.074158  -12.528242   43.991592
 SELECTED COORDINATES TRANSLATED IN THE MAIN SET.

  
 CHARMM>     
  
 CHARMM>            ! apply a random rotation along XYZ
  
 CHARMM>            calc xphi = ?random * 360.0
 RDCMND substituted energy or value "?RANDOM" to "0.538494503"
Evaluating: 0.538494503*360.0
 Parameter: XPHI <- "193.858021"
  
 CHARMM>            calc yphi = ?random * 360.0
 RDCMND substituted energy or value "?RANDOM" to "0.588599784"
Evaluating: 0.588599784*360.0
 Parameter: YPHI <- "211.895922"
  
 CHARMM>            calc zphi = ?random * 360.0
 RDCMND substituted energy or value "?RANDOM" to "0.648831165"
Evaluating: 0.648831165*360.0
 Parameter: ZPHI <- "233.579219"
  
 CHARMM>            coor rotate xcen @xpos ycen @ypos zcen @zpos xdir 1.0 -
 CHARMM>                phi @xphi select target end
 Parameter: XPOS -> "-14.0741575"
 Parameter: YPOS -> "-12.5282417"
 Parameter: ZPOS -> "43.9915918"
 Parameter: XPHI -> "193.858021"
 SELRPN>      1 atoms have been selected out of  24952
 ROTATION MATRIX
    1.000000    0.000000    0.000000
    0.000000   -0.970892   -0.239517
    0.000000    0.239517   -0.970892

 AXIS OF ROTATION IS -1.000000  0.000000  0.000000  ANGLE IS  166.14

 SELECTED COORDINATES ROTATED IN THE MAIN SET.

  
 CHARMM>            coor rotate xcen @xpos ycen @ypos zcen @zpos ydir 1.0 -
 CHARMM>                phi @yphi select target end
 Parameter: XPOS -> "-14.0741575"
 Parameter: YPOS -> "-12.5282417"
 Parameter: ZPOS -> "43.9915918"
 Parameter: YPHI -> "211.895922"
 SELRPN>      1 atoms have been selected out of  24952
 ROTATION MATRIX
   -0.849009    0.000000    0.528378
    0.000000    1.000000    0.000000
   -0.528378    0.000000   -0.849009

 AXIS OF ROTATION IS  0.000000 -1.000000  0.000000  ANGLE IS  148.10

 SELECTED COORDINATES ROTATED IN THE MAIN SET.

  
 CHARMM>            coor rotate xcen @xpos ycen @ypos zcen @zpos zdir 1.0 -
 CHARMM>                phi @zphi select target end
 Parameter: XPOS -> "-14.0741575"
 Parameter: YPOS -> "-12.5282417"
 Parameter: ZPOS -> "43.9915918"
 Parameter: ZPHI -> "233.579219"
 SELRPN>      1 atoms have been selected out of  24952
 ROTATION MATRIX
   -0.593711   -0.804679    0.000000
    0.804679   -0.593711    0.000000
    0.000000    0.000000    1.000000

 AXIS OF ROTATION IS  0.000000  0.000000 -1.000000  ANGLE IS  126.42

 SELECTED COORDINATES ROTATED IN THE MAIN SET.

  
 CHARMM>     
  
 CHARMM>     
  
 CHARMM>            calc dcut = 3.5
Evaluating: 3.5
 Parameter: DCUT <- "3.5"
  
 CHARMM>     
  
 CHARMM>            coor stat sele target end
 SELRPN>      1 atoms have been selected out of  24952
 STATISTICS FOR         1 SELECTED ATOMS:
    XMIN =  -14.074158 XMAX =  -14.074158 XAVE =  -14.074158
    YMIN =  -12.528242 YMAX =  -12.528242 YAVE =  -12.528242
    ZMIN =   43.991592 ZMAX =   43.991592 ZAVE =   43.991592
    WMIN =    1.000000 WMAX =    1.000000 WAVE =    1.000000
  
 CHARMM>            calc xmax = ?xmax + @dcut
 Parameter: DCUT -> "3.5"
 RDCMND substituted energy or value "?XMAX" to "-14.0741575"
Evaluating: -14.0741575+3.5
 Parameter: XMAX <- "-10.5741575"
  
 CHARMM>            calc ymax = ?ymax + @dcut
 Parameter: DCUT -> "3.5"
 RDCMND substituted energy or value "?YMAX" to "-12.5282417"
Evaluating: -12.5282417+3.5
 Parameter: YMAX <- "-9.0282417"
  
 CHARMM>            calc zmax = ?zmax + @dcut
 Parameter: DCUT -> "3.5"
 RDCMND substituted energy or value "?ZMAX" to "43.9915918"
Evaluating: 43.9915918+3.5
 Parameter: ZMAX <- "47.4915918"
  
 CHARMM>            calc xmin = ?xmin - @dcut
 Parameter: DCUT -> "3.5"
 RDCMND substituted energy or value "?XMIN" to "-14.0741575"
Evaluating: -14.0741575-3.5
 Parameter: XMIN <- "-17.5741575"
  
 CHARMM>            calc ymin = ?ymin - @dcut
 Parameter: DCUT -> "3.5"
 RDCMND substituted energy or value "?YMIN" to "-12.5282417"
Evaluating: -12.5282417-3.5
 Parameter: YMIN <- "-16.0282417"
  
 CHARMM>            calc zmin = ?zmin - @dcut
 Parameter: DCUT -> "3.5"
 RDCMND substituted energy or value "?ZMIN" to "43.9915918"
Evaluating: 43.9915918-3.5
 Parameter: ZMIN <- "40.4915918"
  
 CHARMM>     
  
 CHARMM>            define JUNK sele .not. target .and. -
 CHARMM>                             prop X .lt. @xmax .and. prop X .gt. @xmin .and. -
 CHARMM>                             prop Y .lt. @ymax .and. prop Y .gt. @ymin .and. -
 CHARMM>                             prop Z .lt. @zmax .and. prop Z .gt. @zmin  end
 Parameter: XMAX -> "-10.5741575"
 Parameter: XMIN -> "-17.5741575"
 Parameter: YMAX -> "-9.0282417"
 Parameter: YMIN -> "-16.0282417"
 Parameter: ZMAX -> "47.4915918"
 Parameter: ZMIN -> "40.4915918"
 SELRPN>      0 atoms have been selected out of  24952
  
 CHARMM>     
  
 CHARMM>            ! check if the ions are too close to protein
  
 CHARMM>            define XXX sele PROT end
 SELRPN>      0 atoms have been selected out of  24952
  
 CHARMM>            if ?nsel .gt. 0 then
 RDCMND substituted energy or value "?NSEL" to "0"
 Comparing "0" and "0".
 IF test evaluated as false.  Skip to ELSE or ENDIF
  
 CHARMM>     
  
 CHARMM>            ! check if the ions are too close to solute
  
 CHARMM>            coor dist cut 4.0 sele target end sele JUNK .and. .not. hydrogen end image
 SELRPN>      1 atoms have been selected out of  36561
 SELRPN>      0 atoms have been selected out of  36561

            DISTANCES FOR SELECTED ATOMS
            ONLY ONE SELECTION SET SPECIFIED, A COMPARISON WILL BE DONE
 TOTAL EXCLUSION COUNT =         0
 TOTAL 1-4 EXCLUSIONS  =         0
 TOTAL NON-EXCLUSIONS  =         0
  
 CHARMM>            if ?npair .gt. 0 goto doinit
 RDCMND substituted energy or value "?NPAIR" to "0"
 Comparing "0" and "0".
 IF test evaluated as false.  Skipping command
  
 CHARMM>     
  
 CHARMM>            calc cntrand = 0
Evaluating: 0
 Parameter: CNTRAND <- "0"
  
 CHARMM>            increase i by 1
 Parameter: I <- "12"
  
 CHARMM>            if i .le. @nion goto doinit
 Parameter: NION -> "52"
 Comparing "12" and "52".
 IF test evaluated as true.  Performing command
  
 CHARMM>     
  
 CHARMM>            calc cntrand = @cntrand + 1
 Parameter: CNTRAND -> "0"
Evaluating: 0+1
 Parameter: CNTRAND <- "1"
  
 CHARMM>            if cntrand .gt. 100 stop ! ABNORMAL TERMINATION: ion placing may not work.. stop here
 Comparing "1" and "100".
 IF test evaluated as false.  Skipping command
  
 CHARMM>     
  
 CHARMM>            calc j = @i
 Parameter: I -> "12"
Evaluating: 12
 Parameter: J <- "12"
  
 CHARMM>            set ion = POS
 Parameter: ION <- "POS"
  
 CHARMM>     
  
 CHARMM>            if j .gt. @npos then
 Parameter: NPOS -> "26"
 Comparing "12" and "26".
 IF test evaluated as false.  Skip to ELSE or ENDIF
  
 CHARMM>     
  
 CHARMM>            define target select segid @ion .and. resid @j end
 Parameter: ION -> "POS"
 Parameter: J -> "12"
 SELRPN>      1 atoms have been selected out of  24952
  
 CHARMM>     
  
 CHARMM>            calc xpos = @A * ( ?random - 0.5 )
 Parameter: A -> "76.8049478"
 RDCMND substituted energy or value "?RANDOM" to "7.044156833E-02"
Evaluating: 76.8049478*(7.044156833E-02-0.5)
 Parameter: XPOS <- "-32.9922129"
  
 CHARMM>            calc ypos = @B * ( ?random - 0.5 )
 Parameter: B -> "76.8049478"
 RDCMND substituted energy or value "?RANDOM" to "0.666344041"
Evaluating: 76.8049478*(0.666344041-0.5)
 Parameter: YPOS <- "12.7760454"
  
 CHARMM>            calc zpos = @C * ( ?random - 0.5 ) + @zcen
 Parameter: C -> "100"
 Parameter: ZCEN -> "0"
 RDCMND substituted energy or value "?RANDOM" to "0.910258003"
Evaluating: 100*(0.910258003-0.5)+0
 Parameter: ZPOS <- "41.0258003"
  
 CHARMM>     
  
 CHARMM>            if zpos .gt. -15 if zpos .lt. 15 goto doinit
 Comparing "41.0258003" and "-15".
 IF test evaluated as true.  Performing command
 Comparing "41.0258003" and "15".
 IF test evaluated as false.  Skipping command
  
 CHARMM>     
  
 CHARMM>            ! move target to selected position
  
 CHARMM>            coor stat select target end
 SELRPN>      1 atoms have been selected out of  24952
 STATISTICS FOR         1 SELECTED ATOMS:
    XMIN =    0.000000 XMAX =    0.000000 XAVE =    0.000000
    YMIN =    0.000000 YMAX =    0.000000 YAVE =    0.000000
    ZMIN =    0.000000 ZMAX =    0.000000 ZAVE =    0.000000
    WMIN =    1.000000 WMAX =    1.000000 WAVE =    1.000000
  
 CHARMM>            calc xtran = @xpos - ?xave
 Parameter: XPOS -> "-32.9922129"
 RDCMND substituted energy or value "?XAVE" to "0"
Evaluating: -32.9922129-0
 Parameter: XTRAN <- "-32.9922129"
  
 CHARMM>            calc ytran = @ypos - ?yave
 Parameter: YPOS -> "12.7760454"
 RDCMND substituted energy or value "?YAVE" to "0"
Evaluating: 12.7760454-0
 Parameter: YTRAN <- "12.7760454"
  
 CHARMM>            calc ztran = @zpos - ?zave
 Parameter: ZPOS -> "41.0258003"
 RDCMND substituted energy or value "?ZAVE" to "0"
Evaluating: 41.0258003-0
 Parameter: ZTRAN <- "41.0258003"
  
 CHARMM>            coor trans xdir @xtran ydir @ytran zdir @ztran select target end
 Parameter: XTRAN -> "-32.9922129"
 Parameter: YTRAN -> "12.7760454"
 Parameter: ZTRAN -> "41.0258003"
 SELRPN>      1 atoms have been selected out of  24952
 TRANSLATION VECTOR   -32.992213   12.776045   41.025800
 SELECTED COORDINATES TRANSLATED IN THE MAIN SET.

  
 CHARMM>     
  
 CHARMM>            ! apply a random rotation along XYZ
  
 CHARMM>            calc xphi = ?random * 360.0
 RDCMND substituted energy or value "?RANDOM" to "0.622931139"
Evaluating: 0.622931139*360.0
 Parameter: XPHI <- "224.25521"
  
 CHARMM>            calc yphi = ?random * 360.0
 RDCMND substituted energy or value "?RANDOM" to "0.224565565"
Evaluating: 0.224565565*360.0
 Parameter: YPHI <- "80.8436034"
  
 CHARMM>            calc zphi = ?random * 360.0
 RDCMND substituted energy or value "?RANDOM" to "0.742662442"
Evaluating: 0.742662442*360.0
 Parameter: ZPHI <- "267.358479"
  
 CHARMM>            coor rotate xcen @xpos ycen @ypos zcen @zpos xdir 1.0 -
 CHARMM>                phi @xphi select target end
 Parameter: XPOS -> "-32.9922129"
 Parameter: YPOS -> "12.7760454"
 Parameter: ZPOS -> "41.0258003"
 Parameter: XPHI -> "224.25521"
 SELRPN>      1 atoms have been selected out of  24952
 ROTATION MATRIX
    1.000000    0.000000    0.000000
    0.000000   -0.716238   -0.697856
    0.000000    0.697856   -0.716238

 AXIS OF ROTATION IS -1.000000  0.000000  0.000000  ANGLE IS  135.74

 SELECTED COORDINATES ROTATED IN THE MAIN SET.

  
 CHARMM>            coor rotate xcen @xpos ycen @ypos zcen @zpos ydir 1.0 -
 CHARMM>                phi @yphi select target end
 Parameter: XPOS -> "-32.9922129"
 Parameter: YPOS -> "12.7760454"
 Parameter: ZPOS -> "41.0258003"
 Parameter: YPHI -> "80.8436034"
 SELRPN>      1 atoms have been selected out of  24952
 ROTATION MATRIX
    0.159130    0.000000   -0.987258
    0.000000    1.000000    0.000000
    0.987258    0.000000    0.159130

 AXIS OF ROTATION IS  0.000000  1.000000  0.000000  ANGLE IS   80.84

 SELECTED COORDINATES ROTATED IN THE MAIN SET.

  
 CHARMM>            coor rotate xcen @xpos ycen @ypos zcen @zpos zdir 1.0 -
 CHARMM>                phi @zphi select target end
 Parameter: XPOS -> "-32.9922129"
 Parameter: YPOS -> "12.7760454"
 Parameter: ZPOS -> "41.0258003"
 Parameter: ZPHI -> "267.358479"
 SELRPN>      1 atoms have been selected out of  24952
 ROTATION MATRIX
   -0.046087   -0.998937    0.000000
    0.998937   -0.046087    0.000000
    0.000000    0.000000    1.000000

 AXIS OF ROTATION IS  0.000000  0.000000 -1.000000  ANGLE IS   92.64

 SELECTED COORDINATES ROTATED IN THE MAIN SET.

  
 CHARMM>     
  
 CHARMM>     
  
 CHARMM>            calc dcut = 3.5
Evaluating: 3.5
 Parameter: DCUT <- "3.5"
  
 CHARMM>     
  
 CHARMM>            coor stat sele target end
 SELRPN>      1 atoms have been selected out of  24952
 STATISTICS FOR         1 SELECTED ATOMS:
    XMIN =  -32.992213 XMAX =  -32.992213 XAVE =  -32.992213
    YMIN =   12.776045 YMAX =   12.776045 YAVE =   12.776045
    ZMIN =   41.025800 ZMAX =   41.025800 ZAVE =   41.025800
    WMIN =    1.000000 WMAX =    1.000000 WAVE =    1.000000
  
 CHARMM>            calc xmax = ?xmax + @dcut
 Parameter: DCUT -> "3.5"
 RDCMND substituted energy or value "?XMAX" to "-32.9922129"
Evaluating: -32.9922129+3.5
 Parameter: XMAX <- "-29.4922129"
  
 CHARMM>            calc ymax = ?ymax + @dcut
 Parameter: DCUT -> "3.5"
 RDCMND substituted energy or value "?YMAX" to "12.7760454"
Evaluating: 12.7760454+3.5
 Parameter: YMAX <- "16.2760454"
  
 CHARMM>            calc zmax = ?zmax + @dcut
 Parameter: DCUT -> "3.5"
 RDCMND substituted energy or value "?ZMAX" to "41.0258003"
Evaluating: 41.0258003+3.5
 Parameter: ZMAX <- "44.5258003"
  
 CHARMM>            calc xmin = ?xmin - @dcut
 Parameter: DCUT -> "3.5"
 RDCMND substituted energy or value "?XMIN" to "-32.9922129"
Evaluating: -32.9922129-3.5
 Parameter: XMIN <- "-36.4922129"
  
 CHARMM>            calc ymin = ?ymin - @dcut
 Parameter: DCUT -> "3.5"
 RDCMND substituted energy or value "?YMIN" to "12.7760454"
Evaluating: 12.7760454-3.5
 Parameter: YMIN <- "9.2760454"
  
 CHARMM>            calc zmin = ?zmin - @dcut
 Parameter: DCUT -> "3.5"
 RDCMND substituted energy or value "?ZMIN" to "41.0258003"
Evaluating: 41.0258003-3.5
 Parameter: ZMIN <- "37.5258003"
  
 CHARMM>     
  
 CHARMM>            define JUNK sele .not. target .and. -
 CHARMM>                             prop X .lt. @xmax .and. prop X .gt. @xmin .and. -
 CHARMM>                             prop Y .lt. @ymax .and. prop Y .gt. @ymin .and. -
 CHARMM>                             prop Z .lt. @zmax .and. prop Z .gt. @zmin  end
 Parameter: XMAX -> "-29.4922129"
 Parameter: XMIN -> "-36.4922129"
 Parameter: YMAX -> "16.2760454"
 Parameter: YMIN -> "9.2760454"
 Parameter: ZMAX -> "44.5258003"
 Parameter: ZMIN -> "37.5258003"
 SELRPN>      0 atoms have been selected out of  24952
  
 CHARMM>     
  
 CHARMM>            ! check if the ions are too close to protein
  
 CHARMM>            define XXX sele PROT end
 SELRPN>      0 atoms have been selected out of  24952
  
 CHARMM>            if ?nsel .gt. 0 then
 RDCMND substituted energy or value "?NSEL" to "0"
 Comparing "0" and "0".
 IF test evaluated as false.  Skip to ELSE or ENDIF
  
 CHARMM>     
  
 CHARMM>            ! check if the ions are too close to solute
  
 CHARMM>            coor dist cut 4.0 sele target end sele JUNK .and. .not. hydrogen end image
 SELRPN>      1 atoms have been selected out of  36561
 SELRPN>      0 atoms have been selected out of  36561

            DISTANCES FOR SELECTED ATOMS
            ONLY ONE SELECTION SET SPECIFIED, A COMPARISON WILL BE DONE
 TOTAL EXCLUSION COUNT =         0
 TOTAL 1-4 EXCLUSIONS  =         0
 TOTAL NON-EXCLUSIONS  =         0
  
 CHARMM>            if ?npair .gt. 0 goto doinit
 RDCMND substituted energy or value "?NPAIR" to "0"
 Comparing "0" and "0".
 IF test evaluated as false.  Skipping command
  
 CHARMM>     
  
 CHARMM>            calc cntrand = 0
Evaluating: 0
 Parameter: CNTRAND <- "0"
  
 CHARMM>            increase i by 1
 Parameter: I <- "13"
  
 CHARMM>            if i .le. @nion goto doinit
 Parameter: NION -> "52"
 Comparing "13" and "52".
 IF test evaluated as true.  Performing command
  
 CHARMM>     
  
 CHARMM>            calc cntrand = @cntrand + 1
 Parameter: CNTRAND -> "0"
Evaluating: 0+1
 Parameter: CNTRAND <- "1"
  
 CHARMM>            if cntrand .gt. 100 stop ! ABNORMAL TERMINATION: ion placing may not work.. stop here
 Comparing "1" and "100".
 IF test evaluated as false.  Skipping command
  
 CHARMM>     
  
 CHARMM>            calc j = @i
 Parameter: I -> "13"
Evaluating: 13
 Parameter: J <- "13"
  
 CHARMM>            set ion = POS
 Parameter: ION <- "POS"
  
 CHARMM>     
  
 CHARMM>            if j .gt. @npos then
 Parameter: NPOS -> "26"
 Comparing "13" and "26".
 IF test evaluated as false.  Skip to ELSE or ENDIF
  
 CHARMM>     
  
 CHARMM>            define target select segid @ion .and. resid @j end
 Parameter: ION -> "POS"
 Parameter: J -> "13"
 SELRPN>      1 atoms have been selected out of  24952
  
 CHARMM>     
  
 CHARMM>            calc xpos = @A * ( ?random - 0.5 )
 Parameter: A -> "76.8049478"
 RDCMND substituted energy or value "?RANDOM" to "0.693617799"
Evaluating: 76.8049478*(0.693617799-0.5)
 Parameter: XPOS <- "14.8708049"
  
 CHARMM>            calc ypos = @B * ( ?random - 0.5 )
 Parameter: B -> "76.8049478"
 RDCMND substituted energy or value "?RANDOM" to "0.275185596"
Evaluating: 76.8049478*(0.275185596-0.5)
 Parameter: YPOS <- "-17.2668586"
  
 CHARMM>            calc zpos = @C * ( ?random - 0.5 ) + @zcen
 Parameter: C -> "100"
 Parameter: ZCEN -> "0"
 RDCMND substituted energy or value "?RANDOM" to "0.614860435"
Evaluating: 100*(0.614860435-0.5)+0
 Parameter: ZPOS <- "11.4860435"
  
 CHARMM>     
  
 CHARMM>            if zpos .gt. -15 if zpos .lt. 15 goto doinit
 Comparing "11.4860435" and "-15".
 IF test evaluated as true.  Performing command
 Comparing "11.4860435" and "15".
 IF test evaluated as true.  Performing command
  
 CHARMM>     
  
 CHARMM>            calc cntrand = @cntrand + 1
 Parameter: CNTRAND -> "1"
Evaluating: 1+1
 Parameter: CNTRAND <- "2"
  
 CHARMM>            if cntrand .gt. 100 stop ! ABNORMAL TERMINATION: ion placing may not work.. stop here
 Comparing "2" and "100".
 IF test evaluated as false.  Skipping command
  
 CHARMM>     
  
 CHARMM>            calc j = @i
 Parameter: I -> "13"
Evaluating: 13
 Parameter: J <- "13"
  
 CHARMM>            set ion = POS
 Parameter: ION <- "POS"
  
 CHARMM>     
  
 CHARMM>            if j .gt. @npos then
 Parameter: NPOS -> "26"
 Comparing "13" and "26".
 IF test evaluated as false.  Skip to ELSE or ENDIF
  
 CHARMM>     
  
 CHARMM>            define target select segid @ion .and. resid @j end
 Parameter: ION -> "POS"
 Parameter: J -> "13"
 SELRPN>      1 atoms have been selected out of  24952
  
 CHARMM>     
  
 CHARMM>            calc xpos = @A * ( ?random - 0.5 )
 Parameter: A -> "76.8049478"
 RDCMND substituted energy or value "?RANDOM" to "0.330041099"
Evaluating: 76.8049478*(0.330041099-0.5)
 Parameter: XPOS <- "-13.0536845"
  
 CHARMM>            calc ypos = @B * ( ?random - 0.5 )
 Parameter: B -> "76.8049478"
 RDCMND substituted energy or value "?RANDOM" to "0.724909367"
Evaluating: 76.8049478*(0.724909367-0.5)
 Parameter: YPOS <- "17.2741522"
  
 CHARMM>            calc zpos = @C * ( ?random - 0.5 ) + @zcen
 Parameter: C -> "100"
 Parameter: ZCEN -> "0"
 RDCMND substituted energy or value "?RANDOM" to "4.273084974E-04"
Evaluating: 100*(4.273084974E-04-0.5)+0
 Parameter: ZPOS <- "-49.9572692"
  
 CHARMM>     
  
 CHARMM>            if zpos .gt. -15 if zpos .lt. 15 goto doinit
 Comparing "-49.9572692" and "-15".
 IF test evaluated as false.  Skipping command
  
 CHARMM>     
  
 CHARMM>            ! move target to selected position
  
 CHARMM>            coor stat select target end
 SELRPN>      1 atoms have been selected out of  24952
 STATISTICS FOR         1 SELECTED ATOMS:
    XMIN =    0.000000 XMAX =    0.000000 XAVE =    0.000000
    YMIN =    0.000000 YMAX =    0.000000 YAVE =    0.000000
    ZMIN =    0.000000 ZMAX =    0.000000 ZAVE =    0.000000
    WMIN =    1.000000 WMAX =    1.000000 WAVE =    1.000000
  
 CHARMM>            calc xtran = @xpos - ?xave
 Parameter: XPOS -> "-13.0536845"
 RDCMND substituted energy or value "?XAVE" to "0"
Evaluating: -13.0536845-0
 Parameter: XTRAN <- "-13.0536845"
  
 CHARMM>            calc ytran = @ypos - ?yave
 Parameter: YPOS -> "17.2741522"
 RDCMND substituted energy or value "?YAVE" to "0"
Evaluating: 17.2741522-0
 Parameter: YTRAN <- "17.2741522"
  
 CHARMM>            calc ztran = @zpos - ?zave
 Parameter: ZPOS -> "-49.9572692"
 RDCMND substituted energy or value "?ZAVE" to "0"
Evaluating: -49.9572692-0
 Parameter: ZTRAN <- "-49.9572692"
  
 CHARMM>            coor trans xdir @xtran ydir @ytran zdir @ztran select target end
 Parameter: XTRAN -> "-13.0536845"
 Parameter: YTRAN -> "17.2741522"
 Parameter: ZTRAN -> "-49.9572692"
 SELRPN>      1 atoms have been selected out of  24952
 TRANSLATION VECTOR   -13.053684   17.274152  -49.957269
 SELECTED COORDINATES TRANSLATED IN THE MAIN SET.

  
 CHARMM>     
  
 CHARMM>            ! apply a random rotation along XYZ
  
 CHARMM>            calc xphi = ?random * 360.0
 RDCMND substituted energy or value "?RANDOM" to "0.656093349"
Evaluating: 0.656093349*360.0
 Parameter: XPHI <- "236.193606"
  
 CHARMM>            calc yphi = ?random * 360.0
 RDCMND substituted energy or value "?RANDOM" to "0.221443057"
Evaluating: 0.221443057*360.0
 Parameter: YPHI <- "79.7195005"
  
 CHARMM>            calc zphi = ?random * 360.0
 RDCMND substituted energy or value "?RANDOM" to "0.653699794"
Evaluating: 0.653699794*360.0
 Parameter: ZPHI <- "235.331926"
  
 CHARMM>            coor rotate xcen @xpos ycen @ypos zcen @zpos xdir 1.0 -
 CHARMM>                phi @xphi select target end
 Parameter: XPOS -> "-13.0536845"
 Parameter: YPOS -> "17.2741522"
 Parameter: ZPOS -> "-49.9572692"
 Parameter: XPHI -> "236.193606"
 SELRPN>      1 atoms have been selected out of  24952
 ROTATION MATRIX
    1.000000    0.000000    0.000000
    0.000000   -0.556388   -0.830922
    0.000000    0.830922   -0.556388

 AXIS OF ROTATION IS -1.000000  0.000000  0.000000  ANGLE IS  123.81

 SELECTED COORDINATES ROTATED IN THE MAIN SET.

  
 CHARMM>            coor rotate xcen @xpos ycen @ypos zcen @zpos ydir 1.0 -
 CHARMM>                phi @yphi select target end
 Parameter: XPOS -> "-13.0536845"
 Parameter: YPOS -> "17.2741522"
 Parameter: ZPOS -> "-49.9572692"
 Parameter: YPHI -> "79.7195005"
 SELRPN>      1 atoms have been selected out of  24952
 ROTATION MATRIX
    0.178467    0.000000   -0.983946
    0.000000    1.000000    0.000000
    0.983946    0.000000    0.178467

 AXIS OF ROTATION IS  0.000000  1.000000  0.000000  ANGLE IS   79.72

 SELECTED COORDINATES ROTATED IN THE MAIN SET.

  
 CHARMM>            coor rotate xcen @xpos ycen @ypos zcen @zpos zdir 1.0 -
 CHARMM>                phi @zphi select target end
 Parameter: XPOS -> "-13.0536845"
 Parameter: YPOS -> "17.2741522"
 Parameter: ZPOS -> "-49.9572692"
 Parameter: ZPHI -> "235.331926"
 SELRPN>      1 atoms have been selected out of  24952
 ROTATION MATRIX
   -0.568821   -0.822461    0.000000
    0.822461   -0.568821    0.000000
    0.000000    0.000000    1.000000

 AXIS OF ROTATION IS  0.000000  0.000000 -1.000000  ANGLE IS  124.67

 SELECTED COORDINATES ROTATED IN THE MAIN SET.

  
 CHARMM>     
  
 CHARMM>     
  
 CHARMM>            calc dcut = 3.5
Evaluating: 3.5
 Parameter: DCUT <- "3.5"
  
 CHARMM>     
  
 CHARMM>            coor stat sele target end
 SELRPN>      1 atoms have been selected out of  24952
 STATISTICS FOR         1 SELECTED ATOMS:
    XMIN =  -13.053684 XMAX =  -13.053684 XAVE =  -13.053684
    YMIN =   17.274152 YMAX =   17.274152 YAVE =   17.274152
    ZMIN =  -49.957269 ZMAX =  -49.957269 ZAVE =  -49.957269
    WMIN =    1.000000 WMAX =    1.000000 WAVE =    1.000000
  
 CHARMM>            calc xmax = ?xmax + @dcut
 Parameter: DCUT -> "3.5"
 RDCMND substituted energy or value "?XMAX" to "-13.0536845"
Evaluating: -13.0536845+3.5
 Parameter: XMAX <- "-9.5536845"
  
 CHARMM>            calc ymax = ?ymax + @dcut
 Parameter: DCUT -> "3.5"
 RDCMND substituted energy or value "?YMAX" to "17.2741522"
Evaluating: 17.2741522+3.5
 Parameter: YMAX <- "20.7741522"
  
 CHARMM>            calc zmax = ?zmax + @dcut
 Parameter: DCUT -> "3.5"
 RDCMND substituted energy or value "?ZMAX" to "-49.9572692"
Evaluating: -49.9572692+3.5
 Parameter: ZMAX <- "-46.4572692"
  
 CHARMM>            calc xmin = ?xmin - @dcut
 Parameter: DCUT -> "3.5"
 RDCMND substituted energy or value "?XMIN" to "-13.0536845"
Evaluating: -13.0536845-3.5
 Parameter: XMIN <- "-16.5536845"
  
 CHARMM>            calc ymin = ?ymin - @dcut
 Parameter: DCUT -> "3.5"
 RDCMND substituted energy or value "?YMIN" to "17.2741522"
Evaluating: 17.2741522-3.5
 Parameter: YMIN <- "13.7741522"
  
 CHARMM>            calc zmin = ?zmin - @dcut
 Parameter: DCUT -> "3.5"
 RDCMND substituted energy or value "?ZMIN" to "-49.9572692"
Evaluating: -49.9572692-3.5
 Parameter: ZMIN <- "-53.4572692"
  
 CHARMM>     
  
 CHARMM>            define JUNK sele .not. target .and. -
 CHARMM>                             prop X .lt. @xmax .and. prop X .gt. @xmin .and. -
 CHARMM>                             prop Y .lt. @ymax .and. prop Y .gt. @ymin .and. -
 CHARMM>                             prop Z .lt. @zmax .and. prop Z .gt. @zmin  end
 Parameter: XMAX -> "-9.5536845"
 Parameter: XMIN -> "-16.5536845"
 Parameter: YMAX -> "20.7741522"
 Parameter: YMIN -> "13.7741522"
 Parameter: ZMAX -> "-46.4572692"
 Parameter: ZMIN -> "-53.4572692"
 SELRPN>      0 atoms have been selected out of  24952
  
 CHARMM>     
  
 CHARMM>            ! check if the ions are too close to protein
  
 CHARMM>            define XXX sele PROT end
 SELRPN>      0 atoms have been selected out of  24952
  
 CHARMM>            if ?nsel .gt. 0 then
 RDCMND substituted energy or value "?NSEL" to "0"
 Comparing "0" and "0".
 IF test evaluated as false.  Skip to ELSE or ENDIF
  
 CHARMM>     
  
 CHARMM>            ! check if the ions are too close to solute
  
 CHARMM>            coor dist cut 4.0 sele target end sele JUNK .and. .not. hydrogen end image
 SELRPN>      1 atoms have been selected out of  36561
 SELRPN>      0 atoms have been selected out of  36561

            DISTANCES FOR SELECTED ATOMS
            ONLY ONE SELECTION SET SPECIFIED, A COMPARISON WILL BE DONE
 TOTAL EXCLUSION COUNT =         0
 TOTAL 1-4 EXCLUSIONS  =         0
 TOTAL NON-EXCLUSIONS  =         0
  
 CHARMM>            if ?npair .gt. 0 goto doinit
 RDCMND substituted energy or value "?NPAIR" to "0"
 Comparing "0" and "0".
 IF test evaluated as false.  Skipping command
  
 CHARMM>     
  
 CHARMM>            calc cntrand = 0
Evaluating: 0
 Parameter: CNTRAND <- "0"
  
 CHARMM>            increase i by 1
 Parameter: I <- "14"
  
 CHARMM>            if i .le. @nion goto doinit
 Parameter: NION -> "52"
 Comparing "14" and "52".
 IF test evaluated as true.  Performing command
  
 CHARMM>     
  
 CHARMM>            calc cntrand = @cntrand + 1
 Parameter: CNTRAND -> "0"
Evaluating: 0+1
 Parameter: CNTRAND <- "1"
  
 CHARMM>            if cntrand .gt. 100 stop ! ABNORMAL TERMINATION: ion placing may not work.. stop here
 Comparing "1" and "100".
 IF test evaluated as false.  Skipping command
  
 CHARMM>     
  
 CHARMM>            calc j = @i
 Parameter: I -> "14"
Evaluating: 14
 Parameter: J <- "14"
  
 CHARMM>            set ion = POS
 Parameter: ION <- "POS"
  
 CHARMM>     
  
 CHARMM>            if j .gt. @npos then
 Parameter: NPOS -> "26"
 Comparing "14" and "26".
 IF test evaluated as false.  Skip to ELSE or ENDIF
  
 CHARMM>     
  
 CHARMM>            define target select segid @ion .and. resid @j end
 Parameter: ION -> "POS"
 Parameter: J -> "14"
 SELRPN>      1 atoms have been selected out of  24952
  
 CHARMM>     
  
 CHARMM>            calc xpos = @A * ( ?random - 0.5 )
 Parameter: A -> "76.8049478"
 RDCMND substituted energy or value "?RANDOM" to "0.298705009"
Evaluating: 76.8049478*(0.298705009-0.5)
 Parameter: XPOS <- "-15.4604513"
  
 CHARMM>            calc ypos = @B * ( ?random - 0.5 )
 Parameter: B -> "76.8049478"
 RDCMND substituted energy or value "?RANDOM" to "0.423117504"
Evaluating: 76.8049478*(0.423117504-0.5)
 Parameter: YPOS <- "-5.90495609"
  
 CHARMM>            calc zpos = @C * ( ?random - 0.5 ) + @zcen
 Parameter: C -> "100"
 Parameter: ZCEN -> "0"
 RDCMND substituted energy or value "?RANDOM" to "0.88652533"
Evaluating: 100*(0.88652533-0.5)+0
 Parameter: ZPOS <- "38.652533"
  
 CHARMM>     
  
 CHARMM>            if zpos .gt. -15 if zpos .lt. 15 goto doinit
 Comparing "38.652533" and "-15".
 IF test evaluated as true.  Performing command
 Comparing "38.652533" and "15".
 IF test evaluated as false.  Skipping command
  
 CHARMM>     
  
 CHARMM>            ! move target to selected position
  
 CHARMM>            coor stat select target end
 SELRPN>      1 atoms have been selected out of  24952
 STATISTICS FOR         1 SELECTED ATOMS:
    XMIN =    0.000000 XMAX =    0.000000 XAVE =    0.000000
    YMIN =    0.000000 YMAX =    0.000000 YAVE =    0.000000
    ZMIN =    0.000000 ZMAX =    0.000000 ZAVE =    0.000000
    WMIN =    1.000000 WMAX =    1.000000 WAVE =    1.000000
  
 CHARMM>            calc xtran = @xpos - ?xave
 Parameter: XPOS -> "-15.4604513"
 RDCMND substituted energy or value "?XAVE" to "0"
Evaluating: -15.4604513-0
 Parameter: XTRAN <- "-15.4604513"
  
 CHARMM>            calc ytran = @ypos - ?yave
 Parameter: YPOS -> "-5.90495609"
 RDCMND substituted energy or value "?YAVE" to "0"
Evaluating: -5.90495609-0
 Parameter: YTRAN <- "-5.90495609"
  
 CHARMM>            calc ztran = @zpos - ?zave
 Parameter: ZPOS -> "38.652533"
 RDCMND substituted energy or value "?ZAVE" to "0"
Evaluating: 38.652533-0
 Parameter: ZTRAN <- "38.652533"
  
 CHARMM>            coor trans xdir @xtran ydir @ytran zdir @ztran select target end
 Parameter: XTRAN -> "-15.4604513"
 Parameter: YTRAN -> "-5.90495609"
 Parameter: ZTRAN -> "38.652533"
 SELRPN>      1 atoms have been selected out of  24952
 TRANSLATION VECTOR   -15.460451   -5.904956   38.652533
 SELECTED COORDINATES TRANSLATED IN THE MAIN SET.

  
 CHARMM>     
  
 CHARMM>            ! apply a random rotation along XYZ
  
 CHARMM>            calc xphi = ?random * 360.0
 RDCMND substituted energy or value "?RANDOM" to "0.592059061"
Evaluating: 0.592059061*360.0
 Parameter: XPHI <- "213.141262"
  
 CHARMM>            calc yphi = ?random * 360.0
 RDCMND substituted energy or value "?RANDOM" to "0.100610199"
Evaluating: 0.100610199*360.0
 Parameter: YPHI <- "36.2196716"
  
 CHARMM>            calc zphi = ?random * 360.0
 RDCMND substituted energy or value "?RANDOM" to "0.670053095"
Evaluating: 0.670053095*360.0
 Parameter: ZPHI <- "241.219114"
  
 CHARMM>            coor rotate xcen @xpos ycen @ypos zcen @zpos xdir 1.0 -
 CHARMM>                phi @xphi select target end
 Parameter: XPOS -> "-15.4604513"
 Parameter: YPOS -> "-5.90495609"
 Parameter: ZPOS -> "38.652533"
 Parameter: XPHI -> "213.141262"
 SELRPN>      1 atoms have been selected out of  24952
 ROTATION MATRIX
    1.000000    0.000000    0.000000
    0.000000   -0.837325   -0.546705
    0.000000    0.546705   -0.837325

 AXIS OF ROTATION IS -1.000000  0.000000  0.000000  ANGLE IS  146.86

 SELECTED COORDINATES ROTATED IN THE MAIN SET.

  
 CHARMM>            coor rotate xcen @xpos ycen @ypos zcen @zpos ydir 1.0 -
 CHARMM>                phi @yphi select target end
 Parameter: XPOS -> "-15.4604513"
 Parameter: YPOS -> "-5.90495609"
 Parameter: ZPOS -> "38.652533"
 Parameter: YPHI -> "36.2196716"
 SELRPN>      1 atoms have been selected out of  24952
 ROTATION MATRIX
    0.806757    0.000000   -0.590883
    0.000000    1.000000    0.000000
    0.590883    0.000000    0.806757

 AXIS OF ROTATION IS  0.000000  1.000000  0.000000  ANGLE IS   36.22

 SELECTED COORDINATES ROTATED IN THE MAIN SET.

  
 CHARMM>            coor rotate xcen @xpos ycen @ypos zcen @zpos zdir 1.0 -
 CHARMM>                phi @zphi select target end
 Parameter: XPOS -> "-15.4604513"
 Parameter: YPOS -> "-5.90495609"
 Parameter: ZPOS -> "38.652533"
 Parameter: ZPHI -> "241.219114"
 SELRPN>      1 atoms have been selected out of  24952
 ROTATION MATRIX
   -0.481461   -0.876467    0.000000
    0.876467   -0.481461    0.000000
    0.000000    0.000000    1.000000

 AXIS OF ROTATION IS  0.000000  0.000000 -1.000000  ANGLE IS  118.78

 SELECTED COORDINATES ROTATED IN THE MAIN SET.

  
 CHARMM>     
  
 CHARMM>     
  
 CHARMM>            calc dcut = 3.5
Evaluating: 3.5
 Parameter: DCUT <- "3.5"
  
 CHARMM>     
  
 CHARMM>            coor stat sele target end
 SELRPN>      1 atoms have been selected out of  24952
 STATISTICS FOR         1 SELECTED ATOMS:
    XMIN =  -15.460451 XMAX =  -15.460451 XAVE =  -15.460451
    YMIN =   -5.904956 YMAX =   -5.904956 YAVE =   -5.904956
    ZMIN =   38.652533 ZMAX =   38.652533 ZAVE =   38.652533
    WMIN =    1.000000 WMAX =    1.000000 WAVE =    1.000000
  
 CHARMM>            calc xmax = ?xmax + @dcut
 Parameter: DCUT -> "3.5"
 RDCMND substituted energy or value "?XMAX" to "-15.4604513"
Evaluating: -15.4604513+3.5
 Parameter: XMAX <- "-11.9604513"
  
 CHARMM>            calc ymax = ?ymax + @dcut
 Parameter: DCUT -> "3.5"
 RDCMND substituted energy or value "?YMAX" to "-5.90495609"
Evaluating: -5.90495609+3.5
 Parameter: YMAX <- "-2.40495609"
  
 CHARMM>            calc zmax = ?zmax + @dcut
 Parameter: DCUT -> "3.5"
 RDCMND substituted energy or value "?ZMAX" to "38.652533"
Evaluating: 38.652533+3.5
 Parameter: ZMAX <- "42.152533"
  
 CHARMM>            calc xmin = ?xmin - @dcut
 Parameter: DCUT -> "3.5"
 RDCMND substituted energy or value "?XMIN" to "-15.4604513"
Evaluating: -15.4604513-3.5
 Parameter: XMIN <- "-18.9604513"
  
 CHARMM>            calc ymin = ?ymin - @dcut
 Parameter: DCUT -> "3.5"
 RDCMND substituted energy or value "?YMIN" to "-5.90495609"
Evaluating: -5.90495609-3.5
 Parameter: YMIN <- "-9.40495609"
  
 CHARMM>            calc zmin = ?zmin - @dcut
 Parameter: DCUT -> "3.5"
 RDCMND substituted energy or value "?ZMIN" to "38.652533"
Evaluating: 38.652533-3.5
 Parameter: ZMIN <- "35.152533"
  
 CHARMM>     
  
 CHARMM>            define JUNK sele .not. target .and. -
 CHARMM>                             prop X .lt. @xmax .and. prop X .gt. @xmin .and. -
 CHARMM>                             prop Y .lt. @ymax .and. prop Y .gt. @ymin .and. -
 CHARMM>                             prop Z .lt. @zmax .and. prop Z .gt. @zmin  end
 Parameter: XMAX -> "-11.9604513"
 Parameter: XMIN -> "-18.9604513"
 Parameter: YMAX -> "-2.40495609"
 Parameter: YMIN -> "-9.40495609"
 Parameter: ZMAX -> "42.152533"
 Parameter: ZMIN -> "35.152533"
 SELRPN>      0 atoms have been selected out of  24952
  
 CHARMM>     
  
 CHARMM>            ! check if the ions are too close to protein
  
 CHARMM>            define XXX sele PROT end
 SELRPN>      0 atoms have been selected out of  24952
  
 CHARMM>            if ?nsel .gt. 0 then
 RDCMND substituted energy or value "?NSEL" to "0"
 Comparing "0" and "0".
 IF test evaluated as false.  Skip to ELSE or ENDIF
  
 CHARMM>     
  
 CHARMM>            ! check if the ions are too close to solute
  
 CHARMM>            coor dist cut 4.0 sele target end sele JUNK .and. .not. hydrogen end image
 SELRPN>      1 atoms have been selected out of  36561
 SELRPN>      0 atoms have been selected out of  36561

            DISTANCES FOR SELECTED ATOMS
            ONLY ONE SELECTION SET SPECIFIED, A COMPARISON WILL BE DONE
 TOTAL EXCLUSION COUNT =         0
 TOTAL 1-4 EXCLUSIONS  =         0
 TOTAL NON-EXCLUSIONS  =         0
  
 CHARMM>            if ?npair .gt. 0 goto doinit
 RDCMND substituted energy or value "?NPAIR" to "0"
 Comparing "0" and "0".
 IF test evaluated as false.  Skipping command
  
 CHARMM>     
  
 CHARMM>            calc cntrand = 0
Evaluating: 0
 Parameter: CNTRAND <- "0"
  
 CHARMM>            increase i by 1
 Parameter: I <- "15"
  
 CHARMM>            if i .le. @nion goto doinit
 Parameter: NION -> "52"
 Comparing "15" and "52".
 IF test evaluated as true.  Performing command
  
 CHARMM>     
  
 CHARMM>            calc cntrand = @cntrand + 1
 Parameter: CNTRAND -> "0"
Evaluating: 0+1
 Parameter: CNTRAND <- "1"
  
 CHARMM>            if cntrand .gt. 100 stop ! ABNORMAL TERMINATION: ion placing may not work.. stop here
 Comparing "1" and "100".
 IF test evaluated as false.  Skipping command
  
 CHARMM>     
  
 CHARMM>            calc j = @i
 Parameter: I -> "15"
Evaluating: 15
 Parameter: J <- "15"
  
 CHARMM>            set ion = POS
 Parameter: ION <- "POS"
  
 CHARMM>     
  
 CHARMM>            if j .gt. @npos then
 Parameter: NPOS -> "26"
 Comparing "15" and "26".
 IF test evaluated as false.  Skip to ELSE or ENDIF
  
 CHARMM>     
  
 CHARMM>            define target select segid @ion .and. resid @j end
 Parameter: ION -> "POS"
 Parameter: J -> "15"
 SELRPN>      1 atoms have been selected out of  24952
  
 CHARMM>     
  
 CHARMM>            calc xpos = @A * ( ?random - 0.5 )
 Parameter: A -> "76.8049478"
 RDCMND substituted energy or value "?RANDOM" to "0.870040075"
Evaluating: 76.8049478*(0.870040075-0.5)
 Parameter: XPOS <- "28.4209086"
  
 CHARMM>            calc ypos = @B * ( ?random - 0.5 )
 Parameter: B -> "76.8049478"
 RDCMND substituted energy or value "?RANDOM" to "0.656689262"
Evaluating: 76.8049478*(0.656689262-0.5)
 Parameter: YPOS <- "12.0345106"
  
 CHARMM>            calc zpos = @C * ( ?random - 0.5 ) + @zcen
 Parameter: C -> "100"
 Parameter: ZCEN -> "0"
 RDCMND substituted energy or value "?RANDOM" to "0.940025091"
Evaluating: 100*(0.940025091-0.5)+0
 Parameter: ZPOS <- "44.0025091"
  
 CHARMM>     
  
 CHARMM>            if zpos .gt. -15 if zpos .lt. 15 goto doinit
 Comparing "44.0025091" and "-15".
 IF test evaluated as true.  Performing command
 Comparing "44.0025091" and "15".
 IF test evaluated as false.  Skipping command
  
 CHARMM>     
  
 CHARMM>            ! move target to selected position
  
 CHARMM>            coor stat select target end
 SELRPN>      1 atoms have been selected out of  24952
 STATISTICS FOR         1 SELECTED ATOMS:
    XMIN =    0.000000 XMAX =    0.000000 XAVE =    0.000000
    YMIN =    0.000000 YMAX =    0.000000 YAVE =    0.000000
    ZMIN =    0.000000 ZMAX =    0.000000 ZAVE =    0.000000
    WMIN =    1.000000 WMAX =    1.000000 WAVE =    1.000000
  
 CHARMM>            calc xtran = @xpos - ?xave
 Parameter: XPOS -> "28.4209086"
 RDCMND substituted energy or value "?XAVE" to "0"
Evaluating: 28.4209086-0
 Parameter: XTRAN <- "28.4209086"
  
 CHARMM>            calc ytran = @ypos - ?yave
 Parameter: YPOS -> "12.0345106"
 RDCMND substituted energy or value "?YAVE" to "0"
Evaluating: 12.0345106-0
 Parameter: YTRAN <- "12.0345106"
  
 CHARMM>            calc ztran = @zpos - ?zave
 Parameter: ZPOS -> "44.0025091"
 RDCMND substituted energy or value "?ZAVE" to "0"
Evaluating: 44.0025091-0
 Parameter: ZTRAN <- "44.0025091"
  
 CHARMM>            coor trans xdir @xtran ydir @ytran zdir @ztran select target end
 Parameter: XTRAN -> "28.4209086"
 Parameter: YTRAN -> "12.0345106"
 Parameter: ZTRAN -> "44.0025091"
 SELRPN>      1 atoms have been selected out of  24952
 TRANSLATION VECTOR    28.420909   12.034511   44.002509
 SELECTED COORDINATES TRANSLATED IN THE MAIN SET.

  
 CHARMM>     
  
 CHARMM>            ! apply a random rotation along XYZ
  
 CHARMM>            calc xphi = ?random * 360.0
 RDCMND substituted energy or value "?RANDOM" to "0.665552461"
Evaluating: 0.665552461*360.0
 Parameter: XPHI <- "239.598886"
  
 CHARMM>            calc yphi = ?random * 360.0
 RDCMND substituted energy or value "?RANDOM" to "0.266684279"
Evaluating: 0.266684279*360.0
 Parameter: YPHI <- "96.0063404"
  
 CHARMM>            calc zphi = ?random * 360.0
 RDCMND substituted energy or value "?RANDOM" to "3.565998433E-02"
Evaluating: 3.565998433E-02*360.0
 Parameter: ZPHI <- "12.8375944"
  
 CHARMM>            coor rotate xcen @xpos ycen @ypos zcen @zpos xdir 1.0 -
 CHARMM>                phi @xphi select target end
 Parameter: XPOS -> "28.4209086"
 Parameter: YPOS -> "12.0345106"
 Parameter: ZPOS -> "44.0025091"
 Parameter: XPHI -> "239.598886"
 SELRPN>      1 atoms have been selected out of  24952
 ROTATION MATRIX
    1.000000    0.000000    0.000000
    0.000000   -0.506051   -0.862504
    0.000000    0.862504   -0.506051

 AXIS OF ROTATION IS -1.000000  0.000000  0.000000  ANGLE IS  120.40

 SELECTED COORDINATES ROTATED IN THE MAIN SET.

  
 CHARMM>            coor rotate xcen @xpos ycen @ypos zcen @zpos ydir 1.0 -
 CHARMM>                phi @yphi select target end
 Parameter: XPOS -> "28.4209086"
 Parameter: YPOS -> "12.0345106"
 Parameter: ZPOS -> "44.0025091"
 Parameter: YPHI -> "96.0063404"
 SELRPN>      1 atoms have been selected out of  24952
 ROTATION MATRIX
   -0.104639    0.000000   -0.994510
    0.000000    1.000000    0.000000
    0.994510    0.000000   -0.104639

 AXIS OF ROTATION IS  0.000000  1.000000  0.000000  ANGLE IS   96.01

 SELECTED COORDINATES ROTATED IN THE MAIN SET.

  
 CHARMM>            coor rotate xcen @xpos ycen @ypos zcen @zpos zdir 1.0 -
 CHARMM>                phi @zphi select target end
 Parameter: XPOS -> "28.4209086"
 Parameter: YPOS -> "12.0345106"
 Parameter: ZPOS -> "44.0025091"
 Parameter: ZPHI -> "12.8375944"
 SELRPN>      1 atoms have been selected out of  24952
 ROTATION MATRIX
    0.975004    0.222188    0.000000
   -0.222188    0.975004    0.000000
    0.000000    0.000000    1.000000

 AXIS OF ROTATION IS  0.000000  0.000000  1.000000  ANGLE IS   12.84

 SELECTED COORDINATES ROTATED IN THE MAIN SET.

  
 CHARMM>     
  
 CHARMM>     
  
 CHARMM>            calc dcut = 3.5
Evaluating: 3.5
 Parameter: DCUT <- "3.5"
  
 CHARMM>     
  
 CHARMM>            coor stat sele target end
 SELRPN>      1 atoms have been selected out of  24952
 STATISTICS FOR         1 SELECTED ATOMS:
    XMIN =   28.420909 XMAX =   28.420909 XAVE =   28.420909
    YMIN =   12.034511 YMAX =   12.034511 YAVE =   12.034511
    ZMIN =   44.002509 ZMAX =   44.002509 ZAVE =   44.002509
    WMIN =    1.000000 WMAX =    1.000000 WAVE =    1.000000
  
 CHARMM>            calc xmax = ?xmax + @dcut
 Parameter: DCUT -> "3.5"
 RDCMND substituted energy or value "?XMAX" to "28.4209086"
Evaluating: 28.4209086+3.5
 Parameter: XMAX <- "31.9209086"
  
 CHARMM>            calc ymax = ?ymax + @dcut
 Parameter: DCUT -> "3.5"
 RDCMND substituted energy or value "?YMAX" to "12.0345106"
Evaluating: 12.0345106+3.5
 Parameter: YMAX <- "15.5345106"
  
 CHARMM>            calc zmax = ?zmax + @dcut
 Parameter: DCUT -> "3.5"
 RDCMND substituted energy or value "?ZMAX" to "44.0025091"
Evaluating: 44.0025091+3.5
 Parameter: ZMAX <- "47.5025091"
  
 CHARMM>            calc xmin = ?xmin - @dcut
 Parameter: DCUT -> "3.5"
 RDCMND substituted energy or value "?XMIN" to "28.4209086"
Evaluating: 28.4209086-3.5
 Parameter: XMIN <- "24.9209086"
  
 CHARMM>            calc ymin = ?ymin - @dcut
 Parameter: DCUT -> "3.5"
 RDCMND substituted energy or value "?YMIN" to "12.0345106"
Evaluating: 12.0345106-3.5
 Parameter: YMIN <- "8.5345106"
  
 CHARMM>            calc zmin = ?zmin - @dcut
 Parameter: DCUT -> "3.5"
 RDCMND substituted energy or value "?ZMIN" to "44.0025091"
Evaluating: 44.0025091-3.5
 Parameter: ZMIN <- "40.5025091"
  
 CHARMM>     
  
 CHARMM>            define JUNK sele .not. target .and. -
 CHARMM>                             prop X .lt. @xmax .and. prop X .gt. @xmin .and. -
 CHARMM>                             prop Y .lt. @ymax .and. prop Y .gt. @ymin .and. -
 CHARMM>                             prop Z .lt. @zmax .and. prop Z .gt. @zmin  end
 Parameter: XMAX -> "31.9209086"
 Parameter: XMIN -> "24.9209086"
 Parameter: YMAX -> "15.5345106"
 Parameter: YMIN -> "8.5345106"
 Parameter: ZMAX -> "47.5025091"
 Parameter: ZMIN -> "40.5025091"
 SELRPN>      0 atoms have been selected out of  24952
  
 CHARMM>     
  
 CHARMM>            ! check if the ions are too close to protein
  
 CHARMM>            define XXX sele PROT end
 SELRPN>      0 atoms have been selected out of  24952
  
 CHARMM>            if ?nsel .gt. 0 then
 RDCMND substituted energy or value "?NSEL" to "0"
 Comparing "0" and "0".
 IF test evaluated as false.  Skip to ELSE or ENDIF
  
 CHARMM>     
  
 CHARMM>            ! check if the ions are too close to solute
  
 CHARMM>            coor dist cut 4.0 sele target end sele JUNK .and. .not. hydrogen end image
 SELRPN>      1 atoms have been selected out of  36561
 SELRPN>      0 atoms have been selected out of  36561

            DISTANCES FOR SELECTED ATOMS
            ONLY ONE SELECTION SET SPECIFIED, A COMPARISON WILL BE DONE
 TOTAL EXCLUSION COUNT =         0
 TOTAL 1-4 EXCLUSIONS  =         0
 TOTAL NON-EXCLUSIONS  =         0
  
 CHARMM>            if ?npair .gt. 0 goto doinit
 RDCMND substituted energy or value "?NPAIR" to "0"
 Comparing "0" and "0".
 IF test evaluated as false.  Skipping command
  
 CHARMM>     
  
 CHARMM>            calc cntrand = 0
Evaluating: 0
 Parameter: CNTRAND <- "0"
  
 CHARMM>            increase i by 1
 Parameter: I <- "16"
  
 CHARMM>            if i .le. @nion goto doinit
 Parameter: NION -> "52"
 Comparing "16" and "52".
 IF test evaluated as true.  Performing command
  
 CHARMM>     
  
 CHARMM>            calc cntrand = @cntrand + 1
 Parameter: CNTRAND -> "0"
Evaluating: 0+1
 Parameter: CNTRAND <- "1"
  
 CHARMM>            if cntrand .gt. 100 stop ! ABNORMAL TERMINATION: ion placing may not work.. stop here
 Comparing "1" and "100".
 IF test evaluated as false.  Skipping command
  
 CHARMM>     
  
 CHARMM>            calc j = @i
 Parameter: I -> "16"
Evaluating: 16
 Parameter: J <- "16"
  
 CHARMM>            set ion = POS
 Parameter: ION <- "POS"
  
 CHARMM>     
  
 CHARMM>            if j .gt. @npos then
 Parameter: NPOS -> "26"
 Comparing "16" and "26".
 IF test evaluated as false.  Skip to ELSE or ENDIF
  
 CHARMM>     
  
 CHARMM>            define target select segid @ion .and. resid @j end
 Parameter: ION -> "POS"
 Parameter: J -> "16"
 SELRPN>      1 atoms have been selected out of  24952
  
 CHARMM>     
  
 CHARMM>            calc xpos = @A * ( ?random - 0.5 )
 Parameter: A -> "76.8049478"
 RDCMND substituted energy or value "?RANDOM" to "0.625586991"
Evaluating: 76.8049478*(0.625586991-0.5)
 Parameter: XPOS <- "9.64570229"
  
 CHARMM>            calc ypos = @B * ( ?random - 0.5 )
 Parameter: B -> "76.8049478"
 RDCMND substituted energy or value "?RANDOM" to "0.413515875"
Evaluating: 76.8049478*(0.413515875-0.5)
 Parameter: YPOS <- "-6.64240871"
  
 CHARMM>            calc zpos = @C * ( ?random - 0.5 ) + @zcen
 Parameter: C -> "100"
 Parameter: ZCEN -> "0"
 RDCMND substituted energy or value "?RANDOM" to "0.461049961"
Evaluating: 100*(0.461049961-0.5)+0
 Parameter: ZPOS <- "-3.8950039"
  
 CHARMM>     
  
 CHARMM>            if zpos .gt. -15 if zpos .lt. 15 goto doinit
 Comparing "-3.8950039" and "-15".
 IF test evaluated as true.  Performing command
 Comparing "-3.8950039" and "15".
 IF test evaluated as true.  Performing command
  
 CHARMM>     
  
 CHARMM>            calc cntrand = @cntrand + 1
 Parameter: CNTRAND -> "1"
Evaluating: 1+1
 Parameter: CNTRAND <- "2"
  
 CHARMM>            if cntrand .gt. 100 stop ! ABNORMAL TERMINATION: ion placing may not work.. stop here
 Comparing "2" and "100".
 IF test evaluated as false.  Skipping command
  
 CHARMM>     
  
 CHARMM>            calc j = @i
 Parameter: I -> "16"
Evaluating: 16
 Parameter: J <- "16"
  
 CHARMM>            set ion = POS
 Parameter: ION <- "POS"
  
 CHARMM>     
  
 CHARMM>            if j .gt. @npos then
 Parameter: NPOS -> "26"
 Comparing "16" and "26".
 IF test evaluated as false.  Skip to ELSE or ENDIF
  
 CHARMM>     
  
 CHARMM>            define target select segid @ion .and. resid @j end
 Parameter: ION -> "POS"
 Parameter: J -> "16"
 SELRPN>      1 atoms have been selected out of  24952
  
 CHARMM>     
  
 CHARMM>            calc xpos = @A * ( ?random - 0.5 )
 Parameter: A -> "76.8049478"
 RDCMND substituted energy or value "?RANDOM" to "0.258635536"
Evaluating: 76.8049478*(0.258635536-0.5)
 Parameter: XPOS <- "-18.5379851"
  
 CHARMM>            calc ypos = @B * ( ?random - 0.5 )
 Parameter: B -> "76.8049478"
 RDCMND substituted energy or value "?RANDOM" to "0.728721417"
Evaluating: 76.8049478*(0.728721417-0.5)
 Parameter: YPOS <- "17.5669365"
  
 CHARMM>            calc zpos = @C * ( ?random - 0.5 ) + @zcen
 Parameter: C -> "100"
 Parameter: ZCEN -> "0"
 RDCMND substituted energy or value "?RANDOM" to "0.866284114"
Evaluating: 100*(0.866284114-0.5)+0
 Parameter: ZPOS <- "36.6284114"
  
 CHARMM>     
  
 CHARMM>            if zpos .gt. -15 if zpos .lt. 15 goto doinit
 Comparing "36.6284114" and "-15".
 IF test evaluated as true.  Performing command
 Comparing "36.6284114" and "15".
 IF test evaluated as false.  Skipping command
  
 CHARMM>     
  
 CHARMM>            ! move target to selected position
  
 CHARMM>            coor stat select target end
 SELRPN>      1 atoms have been selected out of  24952
 STATISTICS FOR         1 SELECTED ATOMS:
    XMIN =    0.000000 XMAX =    0.000000 XAVE =    0.000000
    YMIN =    0.000000 YMAX =    0.000000 YAVE =    0.000000
    ZMIN =    0.000000 ZMAX =    0.000000 ZAVE =    0.000000
    WMIN =    1.000000 WMAX =    1.000000 WAVE =    1.000000
  
 CHARMM>            calc xtran = @xpos - ?xave
 Parameter: XPOS -> "-18.5379851"
 RDCMND substituted energy or value "?XAVE" to "0"
Evaluating: -18.5379851-0
 Parameter: XTRAN <- "-18.5379851"
  
 CHARMM>            calc ytran = @ypos - ?yave
 Parameter: YPOS -> "17.5669365"
 RDCMND substituted energy or value "?YAVE" to "0"
Evaluating: 17.5669365-0
 Parameter: YTRAN <- "17.5669365"
  
 CHARMM>            calc ztran = @zpos - ?zave
 Parameter: ZPOS -> "36.6284114"
 RDCMND substituted energy or value "?ZAVE" to "0"
Evaluating: 36.6284114-0
 Parameter: ZTRAN <- "36.6284114"
  
 CHARMM>            coor trans xdir @xtran ydir @ytran zdir @ztran select target end
 Parameter: XTRAN -> "-18.5379851"
 Parameter: YTRAN -> "17.5669365"
 Parameter: ZTRAN -> "36.6284114"
 SELRPN>      1 atoms have been selected out of  24952
 TRANSLATION VECTOR   -18.537985   17.566937   36.628411
 SELECTED COORDINATES TRANSLATED IN THE MAIN SET.

  
 CHARMM>     
  
 CHARMM>            ! apply a random rotation along XYZ
  
 CHARMM>            calc xphi = ?random * 360.0
 RDCMND substituted energy or value "?RANDOM" to "0.25592852"
Evaluating: 0.25592852*360.0
 Parameter: XPHI <- "92.1342672"
  
 CHARMM>            calc yphi = ?random * 360.0
 RDCMND substituted energy or value "?RANDOM" to "0.291632031"
Evaluating: 0.291632031*360.0
 Parameter: YPHI <- "104.987531"
  
 CHARMM>            calc zphi = ?random * 360.0
 RDCMND substituted energy or value "?RANDOM" to "0.345572699"
Evaluating: 0.345572699*360.0
 Parameter: ZPHI <- "124.406172"
  
 CHARMM>            coor rotate xcen @xpos ycen @ypos zcen @zpos xdir 1.0 -
 CHARMM>                phi @xphi select target end
 Parameter: XPOS -> "-18.5379851"
 Parameter: YPOS -> "17.5669365"
 Parameter: ZPOS -> "36.6284114"
 Parameter: XPHI -> "92.1342672"
 SELRPN>      1 atoms have been selected out of  24952
 ROTATION MATRIX
    1.000000    0.000000    0.000000
    0.000000   -0.037241    0.999306
    0.000000   -0.999306   -0.037241

 AXIS OF ROTATION IS  1.000000  0.000000  0.000000  ANGLE IS   92.13

 SELECTED COORDINATES ROTATED IN THE MAIN SET.

  
 CHARMM>            coor rotate xcen @xpos ycen @ypos zcen @zpos ydir 1.0 -
 CHARMM>                phi @yphi select target end
 Parameter: XPOS -> "-18.5379851"
 Parameter: YPOS -> "17.5669365"
 Parameter: ZPOS -> "36.6284114"
 Parameter: YPHI -> "104.987531"
 SELRPN>      1 atoms have been selected out of  24952
 ROTATION MATRIX
   -0.258609    0.000000   -0.965982
    0.000000    1.000000    0.000000
    0.965982    0.000000   -0.258609

 AXIS OF ROTATION IS  0.000000  1.000000  0.000000  ANGLE IS  104.99

 SELECTED COORDINATES ROTATED IN THE MAIN SET.

  
 CHARMM>            coor rotate xcen @xpos ycen @ypos zcen @zpos zdir 1.0 -
 CHARMM>                phi @zphi select target end
 Parameter: XPOS -> "-18.5379851"
 Parameter: YPOS -> "17.5669365"
 Parameter: ZPOS -> "36.6284114"
 Parameter: ZPHI -> "124.406172"
 SELRPN>      1 atoms have been selected out of  24952
 ROTATION MATRIX
   -0.565056    0.825053    0.000000
   -0.825053   -0.565056    0.000000
    0.000000    0.000000    1.000000

 AXIS OF ROTATION IS  0.000000  0.000000  1.000000  ANGLE IS  124.41

 SELECTED COORDINATES ROTATED IN THE MAIN SET.

  
 CHARMM>     
  
 CHARMM>     
  
 CHARMM>            calc dcut = 3.5
Evaluating: 3.5
 Parameter: DCUT <- "3.5"
  
 CHARMM>     
  
 CHARMM>            coor stat sele target end
 SELRPN>      1 atoms have been selected out of  24952
 STATISTICS FOR         1 SELECTED ATOMS:
    XMIN =  -18.537985 XMAX =  -18.537985 XAVE =  -18.537985
    YMIN =   17.566937 YMAX =   17.566937 YAVE =   17.566937
    ZMIN =   36.628411 ZMAX =   36.628411 ZAVE =   36.628411
    WMIN =    1.000000 WMAX =    1.000000 WAVE =    1.000000
  
 CHARMM>            calc xmax = ?xmax + @dcut
 Parameter: DCUT -> "3.5"
 RDCMND substituted energy or value "?XMAX" to "-18.5379851"
Evaluating: -18.5379851+3.5
 Parameter: XMAX <- "-15.0379851"
  
 CHARMM>            calc ymax = ?ymax + @dcut
 Parameter: DCUT -> "3.5"
 RDCMND substituted energy or value "?YMAX" to "17.5669365"
Evaluating: 17.5669365+3.5
 Parameter: YMAX <- "21.0669365"
  
 CHARMM>            calc zmax = ?zmax + @dcut
 Parameter: DCUT -> "3.5"
 RDCMND substituted energy or value "?ZMAX" to "36.6284114"
Evaluating: 36.6284114+3.5
 Parameter: ZMAX <- "40.1284114"
  
 CHARMM>            calc xmin = ?xmin - @dcut
 Parameter: DCUT -> "3.5"
 RDCMND substituted energy or value "?XMIN" to "-18.5379851"
Evaluating: -18.5379851-3.5
 Parameter: XMIN <- "-22.0379851"
  
 CHARMM>            calc ymin = ?ymin - @dcut
 Parameter: DCUT -> "3.5"
 RDCMND substituted energy or value "?YMIN" to "17.5669365"
Evaluating: 17.5669365-3.5
 Parameter: YMIN <- "14.0669365"
  
 CHARMM>            calc zmin = ?zmin - @dcut
 Parameter: DCUT -> "3.5"
 RDCMND substituted energy or value "?ZMIN" to "36.6284114"
Evaluating: 36.6284114-3.5
 Parameter: ZMIN <- "33.1284114"
  
 CHARMM>     
  
 CHARMM>            define JUNK sele .not. target .and. -
 CHARMM>                             prop X .lt. @xmax .and. prop X .gt. @xmin .and. -
 CHARMM>                             prop Y .lt. @ymax .and. prop Y .gt. @ymin .and. -
 CHARMM>                             prop Z .lt. @zmax .and. prop Z .gt. @zmin  end
 Parameter: XMAX -> "-15.0379851"
 Parameter: XMIN -> "-22.0379851"
 Parameter: YMAX -> "21.0669365"
 Parameter: YMIN -> "14.0669365"
 Parameter: ZMAX -> "40.1284114"
 Parameter: ZMIN -> "33.1284114"
 SELRPN>      0 atoms have been selected out of  24952
  
 CHARMM>     
  
 CHARMM>            ! check if the ions are too close to protein
  
 CHARMM>            define XXX sele PROT end
 SELRPN>      0 atoms have been selected out of  24952
  
 CHARMM>            if ?nsel .gt. 0 then
 RDCMND substituted energy or value "?NSEL" to "0"
 Comparing "0" and "0".
 IF test evaluated as false.  Skip to ELSE or ENDIF
  
 CHARMM>     
  
 CHARMM>            ! check if the ions are too close to solute
  
 CHARMM>            coor dist cut 4.0 sele target end sele JUNK .and. .not. hydrogen end image
 SELRPN>      1 atoms have been selected out of  36561
 SELRPN>      0 atoms have been selected out of  36561

            DISTANCES FOR SELECTED ATOMS
            ONLY ONE SELECTION SET SPECIFIED, A COMPARISON WILL BE DONE
 TOTAL EXCLUSION COUNT =         0
 TOTAL 1-4 EXCLUSIONS  =         0
 TOTAL NON-EXCLUSIONS  =         0
  
 CHARMM>            if ?npair .gt. 0 goto doinit
 RDCMND substituted energy or value "?NPAIR" to "0"
 Comparing "0" and "0".
 IF test evaluated as false.  Skipping command
  
 CHARMM>     
  
 CHARMM>            calc cntrand = 0
Evaluating: 0
 Parameter: CNTRAND <- "0"
  
 CHARMM>            increase i by 1
 Parameter: I <- "17"
  
 CHARMM>            if i .le. @nion goto doinit
 Parameter: NION -> "52"
 Comparing "17" and "52".
 IF test evaluated as true.  Performing command
  
 CHARMM>     
  
 CHARMM>            calc cntrand = @cntrand + 1
 Parameter: CNTRAND -> "0"
Evaluating: 0+1
 Parameter: CNTRAND <- "1"
  
 CHARMM>            if cntrand .gt. 100 stop ! ABNORMAL TERMINATION: ion placing may not work.. stop here
 Comparing "1" and "100".
 IF test evaluated as false.  Skipping command
  
 CHARMM>     
  
 CHARMM>            calc j = @i
 Parameter: I -> "17"
Evaluating: 17
 Parameter: J <- "17"
  
 CHARMM>            set ion = POS
 Parameter: ION <- "POS"
  
 CHARMM>     
  
 CHARMM>            if j .gt. @npos then
 Parameter: NPOS -> "26"
 Comparing "17" and "26".
 IF test evaluated as false.  Skip to ELSE or ENDIF
  
 CHARMM>     
  
 CHARMM>            define target select segid @ion .and. resid @j end
 Parameter: ION -> "POS"
 Parameter: J -> "17"
 SELRPN>      1 atoms have been selected out of  24952
  
 CHARMM>     
  
 CHARMM>            calc xpos = @A * ( ?random - 0.5 )
 Parameter: A -> "76.8049478"
 RDCMND substituted energy or value "?RANDOM" to "0.208731641"
Evaluating: 76.8049478*(0.208731641-0.5)
 Parameter: XPOS <- "-22.3708511"
  
 CHARMM>            calc ypos = @B * ( ?random - 0.5 )
 Parameter: B -> "76.8049478"
 RDCMND substituted energy or value "?RANDOM" to "0.315519453"
Evaluating: 76.8049478*(0.315519453-0.5)
 Parameter: YPOS <- "-14.1690188"
  
 CHARMM>            calc zpos = @C * ( ?random - 0.5 ) + @zcen
 Parameter: C -> "100"
 Parameter: ZCEN -> "0"
 RDCMND substituted energy or value "?RANDOM" to "0.297027534"
Evaluating: 100*(0.297027534-0.5)+0
 Parameter: ZPOS <- "-20.2972466"
  
 CHARMM>     
  
 CHARMM>            if zpos .gt. -15 if zpos .lt. 15 goto doinit
 Comparing "-20.2972466" and "-15".
 IF test evaluated as false.  Skipping command
  
 CHARMM>     
  
 CHARMM>            ! move target to selected position
  
 CHARMM>            coor stat select target end
 SELRPN>      1 atoms have been selected out of  24952
 STATISTICS FOR         1 SELECTED ATOMS:
    XMIN =    0.000000 XMAX =    0.000000 XAVE =    0.000000
    YMIN =    0.000000 YMAX =    0.000000 YAVE =    0.000000
    ZMIN =    0.000000 ZMAX =    0.000000 ZAVE =    0.000000
    WMIN =    1.000000 WMAX =    1.000000 WAVE =    1.000000
  
 CHARMM>            calc xtran = @xpos - ?xave
 Parameter: XPOS -> "-22.3708511"
 RDCMND substituted energy or value "?XAVE" to "0"
Evaluating: -22.3708511-0
 Parameter: XTRAN <- "-22.3708511"
  
 CHARMM>            calc ytran = @ypos - ?yave
 Parameter: YPOS -> "-14.1690188"
 RDCMND substituted energy or value "?YAVE" to "0"
Evaluating: -14.1690188-0
 Parameter: YTRAN <- "-14.1690188"
  
 CHARMM>            calc ztran = @zpos - ?zave
 Parameter: ZPOS -> "-20.2972466"
 RDCMND substituted energy or value "?ZAVE" to "0"
Evaluating: -20.2972466-0
 Parameter: ZTRAN <- "-20.2972466"
  
 CHARMM>            coor trans xdir @xtran ydir @ytran zdir @ztran select target end
 Parameter: XTRAN -> "-22.3708511"
 Parameter: YTRAN -> "-14.1690188"
 Parameter: ZTRAN -> "-20.2972466"
 SELRPN>      1 atoms have been selected out of  24952
 TRANSLATION VECTOR   -22.370851  -14.169019  -20.297247
 SELECTED COORDINATES TRANSLATED IN THE MAIN SET.

  
 CHARMM>     
  
 CHARMM>            ! apply a random rotation along XYZ
  
 CHARMM>            calc xphi = ?random * 360.0
 RDCMND substituted energy or value "?RANDOM" to "0.325866784"
Evaluating: 0.325866784*360.0
 Parameter: XPHI <- "117.312042"
  
 CHARMM>            calc yphi = ?random * 360.0
 RDCMND substituted energy or value "?RANDOM" to "0.218088057"
Evaluating: 0.218088057*360.0
 Parameter: YPHI <- "78.5117005"
  
 CHARMM>            calc zphi = ?random * 360.0
 RDCMND substituted energy or value "?RANDOM" to "0.497620385"
Evaluating: 0.497620385*360.0
 Parameter: ZPHI <- "179.143339"
  
 CHARMM>            coor rotate xcen @xpos ycen @ypos zcen @zpos xdir 1.0 -
 CHARMM>                phi @xphi select target end
 Parameter: XPOS -> "-22.3708511"
 Parameter: YPOS -> "-14.1690188"
 Parameter: ZPOS -> "-20.2972466"
 Parameter: XPHI -> "117.312042"
 SELRPN>      1 atoms have been selected out of  24952
 ROTATION MATRIX
    1.000000    0.000000    0.000000
    0.000000   -0.458836    0.888521
    0.000000   -0.888521   -0.458836

 AXIS OF ROTATION IS  1.000000  0.000000  0.000000  ANGLE IS  117.31

 SELECTED COORDINATES ROTATED IN THE MAIN SET.

  
 CHARMM>            coor rotate xcen @xpos ycen @ypos zcen @zpos ydir 1.0 -
 CHARMM>                phi @yphi select target end
 Parameter: XPOS -> "-22.3708511"
 Parameter: YPOS -> "-14.1690188"
 Parameter: ZPOS -> "-20.2972466"
 Parameter: YPHI -> "78.5117005"
 SELRPN>      1 atoms have been selected out of  24952
 ROTATION MATRIX
    0.199168    0.000000   -0.979965
    0.000000    1.000000    0.000000
    0.979965    0.000000    0.199168

 AXIS OF ROTATION IS  0.000000  1.000000  0.000000  ANGLE IS   78.51

 SELECTED COORDINATES ROTATED IN THE MAIN SET.

  
 CHARMM>            coor rotate xcen @xpos ycen @ypos zcen @zpos zdir 1.0 -
 CHARMM>                phi @zphi select target end
 Parameter: XPOS -> "-22.3708511"
 Parameter: YPOS -> "-14.1690188"
 Parameter: ZPOS -> "-20.2972466"
 Parameter: ZPHI -> "179.143339"
 SELRPN>      1 atoms have been selected out of  24952
 ROTATION MATRIX
   -0.999888    0.014951    0.000000
   -0.014951   -0.999888    0.000000
    0.000000    0.000000    1.000000

 AXIS OF ROTATION IS  0.000000  0.000000  1.000000  ANGLE IS  179.14

 SELECTED COORDINATES ROTATED IN THE MAIN SET.

  
 CHARMM>     
  
 CHARMM>     
  
 CHARMM>            calc dcut = 3.5
Evaluating: 3.5
 Parameter: DCUT <- "3.5"
  
 CHARMM>     
  
 CHARMM>            coor stat sele target end
 SELRPN>      1 atoms have been selected out of  24952
 STATISTICS FOR         1 SELECTED ATOMS:
    XMIN =  -22.370851 XMAX =  -22.370851 XAVE =  -22.370851
    YMIN =  -14.169019 YMAX =  -14.169019 YAVE =  -14.169019
    ZMIN =  -20.297247 ZMAX =  -20.297247 ZAVE =  -20.297247
    WMIN =    1.000000 WMAX =    1.000000 WAVE =    1.000000
  
 CHARMM>            calc xmax = ?xmax + @dcut
 Parameter: DCUT -> "3.5"
 RDCMND substituted energy or value "?XMAX" to "-22.3708511"
Evaluating: -22.3708511+3.5
 Parameter: XMAX <- "-18.8708511"
  
 CHARMM>            calc ymax = ?ymax + @dcut
 Parameter: DCUT -> "3.5"
 RDCMND substituted energy or value "?YMAX" to "-14.1690188"
Evaluating: -14.1690188+3.5
 Parameter: YMAX <- "-10.6690188"
  
 CHARMM>            calc zmax = ?zmax + @dcut
 Parameter: DCUT -> "3.5"
 RDCMND substituted energy or value "?ZMAX" to "-20.2972466"
Evaluating: -20.2972466+3.5
 Parameter: ZMAX <- "-16.7972466"
  
 CHARMM>            calc xmin = ?xmin - @dcut
 Parameter: DCUT -> "3.5"
 RDCMND substituted energy or value "?XMIN" to "-22.3708511"
Evaluating: -22.3708511-3.5
 Parameter: XMIN <- "-25.8708511"
  
 CHARMM>            calc ymin = ?ymin - @dcut
 Parameter: DCUT -> "3.5"
 RDCMND substituted energy or value "?YMIN" to "-14.1690188"
Evaluating: -14.1690188-3.5
 Parameter: YMIN <- "-17.6690188"
  
 CHARMM>            calc zmin = ?zmin - @dcut
 Parameter: DCUT -> "3.5"
 RDCMND substituted energy or value "?ZMIN" to "-20.2972466"
Evaluating: -20.2972466-3.5
 Parameter: ZMIN <- "-23.7972466"
  
 CHARMM>     
  
 CHARMM>            define JUNK sele .not. target .and. -
 CHARMM>                             prop X .lt. @xmax .and. prop X .gt. @xmin .and. -
 CHARMM>                             prop Y .lt. @ymax .and. prop Y .gt. @ymin .and. -
 CHARMM>                             prop Z .lt. @zmax .and. prop Z .gt. @zmin  end
 Parameter: XMAX -> "-18.8708511"
 Parameter: XMIN -> "-25.8708511"
 Parameter: YMAX -> "-10.6690188"
 Parameter: YMIN -> "-17.6690188"
 Parameter: ZMAX -> "-16.7972466"
 Parameter: ZMIN -> "-23.7972466"
 SELRPN>     26 atoms have been selected out of  24952
  
 CHARMM>     
  
 CHARMM>            ! check if the ions are too close to protein
  
 CHARMM>            define XXX sele PROT end
 SELRPN>      0 atoms have been selected out of  24952
  
 CHARMM>            if ?nsel .gt. 0 then
 RDCMND substituted energy or value "?NSEL" to "0"
 Comparing "0" and "0".
 IF test evaluated as false.  Skip to ELSE or ENDIF
  
 CHARMM>     
  
 CHARMM>            ! check if the ions are too close to solute
  
 CHARMM>            coor dist cut 4.0 sele target end sele JUNK .and. .not. hydrogen end image
 SELRPN>      1 atoms have been selected out of  36561
 SELRPN>     14 atoms have been selected out of  36561

            DISTANCES FOR SELECTED ATOMS
24917 POS      SOD      17       SOD     -**** MEMB     23SM     132      O13           3.7316
24917 POS      SOD      17       SOD     -**** MEMB     23SM     132      O11           3.4932
24917 POS      SOD      17       SOD     -**** MEMB     23SM     132      C1S           2.3630
24917 POS      SOD      17       SOD     -**** MEMB     23SM     132      NF            0.3796
24917 POS      SOD      17       SOD     -**** MEMB     23SM     132      C2S           1.2890
24917 POS      SOD      17       SOD     -**** MEMB     23SM     132      C3S           2.5306
24917 POS      SOD      17       SOD     -**** MEMB     23SM     132      O3            3.6963
24917 POS      SOD      17       SOD     -**** MEMB     23SM     132      C4S           2.9806
24917 POS      SOD      17       SOD     -**** MEMB     23SM     132      C5S           3.5239
24917 POS      SOD      17       SOD     -**** MEMB     23SM     132      C1F           1.2605
24917 POS      SOD      17       SOD     -**** MEMB     23SM     132      OF            2.0030
24917 POS      SOD      17       SOD     -**** MEMB     23SM     132      C2F           2.6044
24917 POS      SOD      17       SOD     -**** MEMB     23SM     132      C3F           3.6546
 TOTAL EXCLUSION COUNT =         0
 TOTAL 1-4 EXCLUSIONS  =         0
 TOTAL NON-EXCLUSIONS  =        13
  
 CHARMM>            if ?npair .gt. 0 goto doinit
 RDCMND substituted energy or value "?NPAIR" to "13"
 Comparing "13" and "0".
 IF test evaluated as true.  Performing command
  
 CHARMM>     
  
 CHARMM>            calc cntrand = @cntrand + 1
 Parameter: CNTRAND -> "1"
Evaluating: 1+1
 Parameter: CNTRAND <- "2"
  
 CHARMM>            if cntrand .gt. 100 stop ! ABNORMAL TERMINATION: ion placing may not work.. stop here
 Comparing "2" and "100".
 IF test evaluated as false.  Skipping command
  
 CHARMM>     
  
 CHARMM>            calc j = @i
 Parameter: I -> "17"
Evaluating: 17
 Parameter: J <- "17"
  
 CHARMM>            set ion = POS
 Parameter: ION <- "POS"
  
 CHARMM>     
  
 CHARMM>            if j .gt. @npos then
 Parameter: NPOS -> "26"
 Comparing "17" and "26".
 IF test evaluated as false.  Skip to ELSE or ENDIF
  
 CHARMM>     
  
 CHARMM>            define target select segid @ion .and. resid @j end
 Parameter: ION -> "POS"
 Parameter: J -> "17"
 SELRPN>      1 atoms have been selected out of  24952
  
 CHARMM>     
  
 CHARMM>            calc xpos = @A * ( ?random - 0.5 )
 Parameter: A -> "76.8049478"
 RDCMND substituted energy or value "?RANDOM" to "0.124036628"
Evaluating: 76.8049478*(0.124036628-0.5)
 Parameter: XPOS <- "-28.8758472"
  
 CHARMM>            calc ypos = @B * ( ?random - 0.5 )
 Parameter: B -> "76.8049478"
 RDCMND substituted energy or value "?RANDOM" to "0.339970074"
Evaluating: 76.8049478*(0.339970074-0.5)
 Parameter: YPOS <- "-12.2910901"
  
 CHARMM>            calc zpos = @C * ( ?random - 0.5 ) + @zcen
 Parameter: C -> "100"
 Parameter: ZCEN -> "0"
 RDCMND substituted energy or value "?RANDOM" to "0.152846047"
Evaluating: 100*(0.152846047-0.5)+0
 Parameter: ZPOS <- "-34.7153953"
  
 CHARMM>     
  
 CHARMM>            if zpos .gt. -15 if zpos .lt. 15 goto doinit
 Comparing "-34.7153953" and "-15".
 IF test evaluated as false.  Skipping command
  
 CHARMM>     
  
 CHARMM>            ! move target to selected position
  
 CHARMM>            coor stat select target end
 SELRPN>      1 atoms have been selected out of  24952
 STATISTICS FOR         1 SELECTED ATOMS:
    XMIN =  -22.370851 XMAX =  -22.370851 XAVE =  -22.370851
    YMIN =  -14.169019 YMAX =  -14.169019 YAVE =  -14.169019
    ZMIN =  -20.297247 ZMAX =  -20.297247 ZAVE =  -20.297247
    WMIN =    1.000000 WMAX =    1.000000 WAVE =    1.000000
  
 CHARMM>            calc xtran = @xpos - ?xave
 Parameter: XPOS -> "-28.8758472"
 RDCMND substituted energy or value "?XAVE" to "-22.3708511"
Evaluating: -28.8758472--22.3708511
 Parameter: XTRAN <- "-6.5049961"
  
 CHARMM>            calc ytran = @ypos - ?yave
 Parameter: YPOS -> "-12.2910901"
 RDCMND substituted energy or value "?YAVE" to "-14.1690188"
Evaluating: -12.2910901--14.1690188
 Parameter: YTRAN <- "1.8779287"
  
 CHARMM>            calc ztran = @zpos - ?zave
 Parameter: ZPOS -> "-34.7153953"
 RDCMND substituted energy or value "?ZAVE" to "-20.2972466"
Evaluating: -34.7153953--20.2972466
 Parameter: ZTRAN <- "-14.4181487"
  
 CHARMM>            coor trans xdir @xtran ydir @ytran zdir @ztran select target end
 Parameter: XTRAN -> "-6.5049961"
 Parameter: YTRAN -> "1.8779287"
 Parameter: ZTRAN -> "-14.4181487"
 SELRPN>      1 atoms have been selected out of  24952
 TRANSLATION VECTOR    -6.504996    1.877929  -14.418149
 SELECTED COORDINATES TRANSLATED IN THE MAIN SET.

  
 CHARMM>     
  
 CHARMM>            ! apply a random rotation along XYZ
  
 CHARMM>            calc xphi = ?random * 360.0
 RDCMND substituted energy or value "?RANDOM" to "0.894897366"
Evaluating: 0.894897366*360.0
 Parameter: XPHI <- "322.163052"
  
 CHARMM>            calc yphi = ?random * 360.0
 RDCMND substituted energy or value "?RANDOM" to "5.509508922E-02"
Evaluating: 5.509508922E-02*360.0
 Parameter: YPHI <- "19.8342321"
  
 CHARMM>            calc zphi = ?random * 360.0
 RDCMND substituted energy or value "?RANDOM" to "1.078868478E-02"
Evaluating: 1.078868478E-02*360.0
 Parameter: ZPHI <- "3.88392652"
  
 CHARMM>            coor rotate xcen @xpos ycen @ypos zcen @zpos xdir 1.0 -
 CHARMM>                phi @xphi select target end
 Parameter: XPOS -> "-28.8758472"
 Parameter: YPOS -> "-12.2910901"
 Parameter: ZPOS -> "-34.7153953"
 Parameter: XPHI -> "322.163052"
 SELRPN>      1 atoms have been selected out of  24952
 ROTATION MATRIX
    1.000000    0.000000    0.000000
    0.000000    0.789760   -0.613416
    0.000000    0.613416    0.789760

 AXIS OF ROTATION IS -1.000000  0.000000  0.000000  ANGLE IS   37.84

 SELECTED COORDINATES ROTATED IN THE MAIN SET.

  
 CHARMM>            coor rotate xcen @xpos ycen @ypos zcen @zpos ydir 1.0 -
 CHARMM>                phi @yphi select target end
 Parameter: XPOS -> "-28.8758472"
 Parameter: YPOS -> "-12.2910901"
 Parameter: ZPOS -> "-34.7153953"
 Parameter: YPHI -> "19.8342321"
 SELRPN>      1 atoms have been selected out of  24952
 ROTATION MATRIX
    0.940678    0.000000   -0.339300
    0.000000    1.000000    0.000000
    0.339300    0.000000    0.940678

 AXIS OF ROTATION IS  0.000000  1.000000  0.000000  ANGLE IS   19.83

 SELECTED COORDINATES ROTATED IN THE MAIN SET.

  
 CHARMM>            coor rotate xcen @xpos ycen @ypos zcen @zpos zdir 1.0 -
 CHARMM>                phi @zphi select target end
 Parameter: XPOS -> "-28.8758472"
 Parameter: YPOS -> "-12.2910901"
 Parameter: ZPOS -> "-34.7153953"
 Parameter: ZPHI -> "3.88392652"
 SELRPN>      1 atoms have been selected out of  24952
 ROTATION MATRIX
    0.997703    0.067735    0.000000
   -0.067735    0.997703    0.000000
    0.000000    0.000000    1.000000

 AXIS OF ROTATION IS  0.000000  0.000000  1.000000  ANGLE IS    3.88

 SELECTED COORDINATES ROTATED IN THE MAIN SET.

  
 CHARMM>     
  
 CHARMM>     
  
 CHARMM>            calc dcut = 3.5
Evaluating: 3.5
 Parameter: DCUT <- "3.5"
  
 CHARMM>     
  
 CHARMM>            coor stat sele target end
 SELRPN>      1 atoms have been selected out of  24952
 STATISTICS FOR         1 SELECTED ATOMS:
    XMIN =  -28.875847 XMAX =  -28.875847 XAVE =  -28.875847
    YMIN =  -12.291090 YMAX =  -12.291090 YAVE =  -12.291090
    ZMIN =  -34.715395 ZMAX =  -34.715395 ZAVE =  -34.715395
    WMIN =    1.000000 WMAX =    1.000000 WAVE =    1.000000
  
 CHARMM>            calc xmax = ?xmax + @dcut
 Parameter: DCUT -> "3.5"
 RDCMND substituted energy or value "?XMAX" to "-28.8758472"
Evaluating: -28.8758472+3.5
 Parameter: XMAX <- "-25.3758472"
  
 CHARMM>            calc ymax = ?ymax + @dcut
 Parameter: DCUT -> "3.5"
 RDCMND substituted energy or value "?YMAX" to "-12.2910901"
Evaluating: -12.2910901+3.5
 Parameter: YMAX <- "-8.7910901"
  
 CHARMM>            calc zmax = ?zmax + @dcut
 Parameter: DCUT -> "3.5"
 RDCMND substituted energy or value "?ZMAX" to "-34.7153953"
Evaluating: -34.7153953+3.5
 Parameter: ZMAX <- "-31.2153953"
  
 CHARMM>            calc xmin = ?xmin - @dcut
 Parameter: DCUT -> "3.5"
 RDCMND substituted energy or value "?XMIN" to "-28.8758472"
Evaluating: -28.8758472-3.5
 Parameter: XMIN <- "-32.3758472"
  
 CHARMM>            calc ymin = ?ymin - @dcut
 Parameter: DCUT -> "3.5"
 RDCMND substituted energy or value "?YMIN" to "-12.2910901"
Evaluating: -12.2910901-3.5
 Parameter: YMIN <- "-15.7910901"
  
 CHARMM>            calc zmin = ?zmin - @dcut
 Parameter: DCUT -> "3.5"
 RDCMND substituted energy or value "?ZMIN" to "-34.7153953"
Evaluating: -34.7153953-3.5
 Parameter: ZMIN <- "-38.2153953"
  
 CHARMM>     
  
 CHARMM>            define JUNK sele .not. target .and. -
 CHARMM>                             prop X .lt. @xmax .and. prop X .gt. @xmin .and. -
 CHARMM>                             prop Y .lt. @ymax .and. prop Y .gt. @ymin .and. -
 CHARMM>                             prop Z .lt. @zmax .and. prop Z .gt. @zmin  end
 Parameter: XMAX -> "-25.3758472"
 Parameter: XMIN -> "-32.3758472"
 Parameter: YMAX -> "-8.7910901"
 Parameter: YMIN -> "-15.7910901"
 Parameter: ZMAX -> "-31.2153953"
 Parameter: ZMIN -> "-38.2153953"
 SELRPN>      0 atoms have been selected out of  24952
  
 CHARMM>     
  
 CHARMM>            ! check if the ions are too close to protein
  
 CHARMM>            define XXX sele PROT end
 SELRPN>      0 atoms have been selected out of  24952
  
 CHARMM>            if ?nsel .gt. 0 then
 RDCMND substituted energy or value "?NSEL" to "0"
 Comparing "0" and "0".
 IF test evaluated as false.  Skip to ELSE or ENDIF
  
 CHARMM>     
  
 CHARMM>            ! check if the ions are too close to solute
  
 CHARMM>            coor dist cut 4.0 sele target end sele JUNK .and. .not. hydrogen end image
 SELRPN>      1 atoms have been selected out of  36561
 SELRPN>      0 atoms have been selected out of  36561

            DISTANCES FOR SELECTED ATOMS
            ONLY ONE SELECTION SET SPECIFIED, A COMPARISON WILL BE DONE
 TOTAL EXCLUSION COUNT =         0
 TOTAL 1-4 EXCLUSIONS  =         0
 TOTAL NON-EXCLUSIONS  =         0
  
 CHARMM>            if ?npair .gt. 0 goto doinit
 RDCMND substituted energy or value "?NPAIR" to "0"
 Comparing "0" and "0".
 IF test evaluated as false.  Skipping command
  
 CHARMM>     
  
 CHARMM>            calc cntrand = 0
Evaluating: 0
 Parameter: CNTRAND <- "0"
  
 CHARMM>            increase i by 1
 Parameter: I <- "18"
  
 CHARMM>            if i .le. @nion goto doinit
 Parameter: NION -> "52"
 Comparing "18" and "52".
 IF test evaluated as true.  Performing command
  
 CHARMM>     
  
 CHARMM>            calc cntrand = @cntrand + 1
 Parameter: CNTRAND -> "0"
Evaluating: 0+1
 Parameter: CNTRAND <- "1"
  
 CHARMM>            if cntrand .gt. 100 stop ! ABNORMAL TERMINATION: ion placing may not work.. stop here
 Comparing "1" and "100".
 IF test evaluated as false.  Skipping command
  
 CHARMM>     
  
 CHARMM>            calc j = @i
 Parameter: I -> "18"
Evaluating: 18
 Parameter: J <- "18"
  
 CHARMM>            set ion = POS
 Parameter: ION <- "POS"
  
 CHARMM>     
  
 CHARMM>            if j .gt. @npos then
 Parameter: NPOS -> "26"
 Comparing "18" and "26".
 IF test evaluated as false.  Skip to ELSE or ENDIF
  
 CHARMM>     
  
 CHARMM>            define target select segid @ion .and. resid @j end
 Parameter: ION -> "POS"
 Parameter: J -> "18"
 SELRPN>      1 atoms have been selected out of  24952
  
 CHARMM>     
  
 CHARMM>            calc xpos = @A * ( ?random - 0.5 )
 Parameter: A -> "76.8049478"
 RDCMND substituted energy or value "?RANDOM" to "0.775489219"
Evaluating: 76.8049478*(0.775489219-0.5)
 Parameter: XPOS <- "21.1589351"
  
 CHARMM>            calc ypos = @B * ( ?random - 0.5 )
 Parameter: B -> "76.8049478"
 RDCMND substituted energy or value "?RANDOM" to "0.550363327"
Evaluating: 76.8049478*(0.550363327-0.5)
 Parameter: YPOS <- "3.8681527"
  
 CHARMM>            calc zpos = @C * ( ?random - 0.5 ) + @zcen
 Parameter: C -> "100"
 Parameter: ZCEN -> "0"
 RDCMND substituted energy or value "?RANDOM" to "0.944963201"
Evaluating: 100*(0.944963201-0.5)+0
 Parameter: ZPOS <- "44.4963201"
  
 CHARMM>     
  
 CHARMM>            if zpos .gt. -15 if zpos .lt. 15 goto doinit
 Comparing "44.4963201" and "-15".
 IF test evaluated as true.  Performing command
 Comparing "44.4963201" and "15".
 IF test evaluated as false.  Skipping command
  
 CHARMM>     
  
 CHARMM>            ! move target to selected position
  
 CHARMM>            coor stat select target end
 SELRPN>      1 atoms have been selected out of  24952
 STATISTICS FOR         1 SELECTED ATOMS:
    XMIN =    0.000000 XMAX =    0.000000 XAVE =    0.000000
    YMIN =    0.000000 YMAX =    0.000000 YAVE =    0.000000
    ZMIN =    0.000000 ZMAX =    0.000000 ZAVE =    0.000000
    WMIN =    1.000000 WMAX =    1.000000 WAVE =    1.000000
  
 CHARMM>            calc xtran = @xpos - ?xave
 Parameter: XPOS -> "21.1589351"
 RDCMND substituted energy or value "?XAVE" to "0"
Evaluating: 21.1589351-0
 Parameter: XTRAN <- "21.1589351"
  
 CHARMM>            calc ytran = @ypos - ?yave
 Parameter: YPOS -> "3.8681527"
 RDCMND substituted energy or value "?YAVE" to "0"
Evaluating: 3.8681527-0
 Parameter: YTRAN <- "3.8681527"
  
 CHARMM>            calc ztran = @zpos - ?zave
 Parameter: ZPOS -> "44.4963201"
 RDCMND substituted energy or value "?ZAVE" to "0"
Evaluating: 44.4963201-0
 Parameter: ZTRAN <- "44.4963201"
  
 CHARMM>            coor trans xdir @xtran ydir @ytran zdir @ztran select target end
 Parameter: XTRAN -> "21.1589351"
 Parameter: YTRAN -> "3.8681527"
 Parameter: ZTRAN -> "44.4963201"
 SELRPN>      1 atoms have been selected out of  24952
 TRANSLATION VECTOR    21.158935    3.868153   44.496320
 SELECTED COORDINATES TRANSLATED IN THE MAIN SET.

  
 CHARMM>     
  
 CHARMM>            ! apply a random rotation along XYZ
  
 CHARMM>            calc xphi = ?random * 360.0
 RDCMND substituted energy or value "?RANDOM" to "0.307415239"
Evaluating: 0.307415239*360.0
 Parameter: XPHI <- "110.669486"
  
 CHARMM>            calc yphi = ?random * 360.0
 RDCMND substituted energy or value "?RANDOM" to "0.341387473"
Evaluating: 0.341387473*360.0
 Parameter: YPHI <- "122.89949"
  
 CHARMM>            calc zphi = ?random * 360.0
 RDCMND substituted energy or value "?RANDOM" to "0.453208"
Evaluating: 0.453208*360.0
 Parameter: ZPHI <- "163.15488"
  
 CHARMM>            coor rotate xcen @xpos ycen @ypos zcen @zpos xdir 1.0 -
 CHARMM>                phi @xphi select target end
 Parameter: XPOS -> "21.1589351"
 Parameter: YPOS -> "3.8681527"
 Parameter: ZPOS -> "44.4963201"
 Parameter: XPHI -> "110.669486"
 SELRPN>      1 atoms have been selected out of  24952
 ROTATION MATRIX
    1.000000    0.000000    0.000000
    0.000000   -0.352977    0.935632
    0.000000   -0.935632   -0.352977

 AXIS OF ROTATION IS  1.000000  0.000000  0.000000  ANGLE IS  110.67

 SELECTED COORDINATES ROTATED IN THE MAIN SET.

  
 CHARMM>            coor rotate xcen @xpos ycen @ypos zcen @zpos ydir 1.0 -
 CHARMM>                phi @yphi select target end
 Parameter: XPOS -> "21.1589351"
 Parameter: YPOS -> "3.8681527"
 Parameter: ZPOS -> "44.4963201"
 Parameter: YPHI -> "122.89949"
 SELRPN>      1 atoms have been selected out of  24952
 ROTATION MATRIX
   -0.543167    0.000000   -0.839625
    0.000000    1.000000    0.000000
    0.839625    0.000000   -0.543167

 AXIS OF ROTATION IS  0.000000  1.000000  0.000000  ANGLE IS  122.90

 SELECTED COORDINATES ROTATED IN THE MAIN SET.

  
 CHARMM>            coor rotate xcen @xpos ycen @ypos zcen @zpos zdir 1.0 -
 CHARMM>                phi @zphi select target end
 Parameter: XPOS -> "21.1589351"
 Parameter: YPOS -> "3.8681527"
 Parameter: ZPOS -> "44.4963201"
 Parameter: ZPHI -> "163.15488"
 SELRPN>      1 atoms have been selected out of  24952
 ROTATION MATRIX
   -0.957092    0.289786    0.000000
   -0.289786   -0.957092    0.000000
    0.000000    0.000000    1.000000

 AXIS OF ROTATION IS  0.000000  0.000000  1.000000  ANGLE IS  163.15

 SELECTED COORDINATES ROTATED IN THE MAIN SET.

  
 CHARMM>     
  
 CHARMM>     
  
 CHARMM>            calc dcut = 3.5
Evaluating: 3.5
 Parameter: DCUT <- "3.5"
  
 CHARMM>     
  
 CHARMM>            coor stat sele target end
 SELRPN>      1 atoms have been selected out of  24952
 STATISTICS FOR         1 SELECTED ATOMS:
    XMIN =   21.158935 XMAX =   21.158935 XAVE =   21.158935
    YMIN =    3.868153 YMAX =    3.868153 YAVE =    3.868153
    ZMIN =   44.496320 ZMAX =   44.496320 ZAVE =   44.496320
    WMIN =    1.000000 WMAX =    1.000000 WAVE =    1.000000
  
 CHARMM>            calc xmax = ?xmax + @dcut
 Parameter: DCUT -> "3.5"
 RDCMND substituted energy or value "?XMAX" to "21.1589351"
Evaluating: 21.1589351+3.5
 Parameter: XMAX <- "24.6589351"
  
 CHARMM>            calc ymax = ?ymax + @dcut
 Parameter: DCUT -> "3.5"
 RDCMND substituted energy or value "?YMAX" to "3.8681527"
Evaluating: 3.8681527+3.5
 Parameter: YMAX <- "7.3681527"
  
 CHARMM>            calc zmax = ?zmax + @dcut
 Parameter: DCUT -> "3.5"
 RDCMND substituted energy or value "?ZMAX" to "44.4963201"
Evaluating: 44.4963201+3.5
 Parameter: ZMAX <- "47.9963201"
  
 CHARMM>            calc xmin = ?xmin - @dcut
 Parameter: DCUT -> "3.5"
 RDCMND substituted energy or value "?XMIN" to "21.1589351"
Evaluating: 21.1589351-3.5
 Parameter: XMIN <- "17.6589351"
  
 CHARMM>            calc ymin = ?ymin - @dcut
 Parameter: DCUT -> "3.5"
 RDCMND substituted energy or value "?YMIN" to "3.8681527"
Evaluating: 3.8681527-3.5
 Parameter: YMIN <- "0.3681527"
  
 CHARMM>            calc zmin = ?zmin - @dcut
 Parameter: DCUT -> "3.5"
 RDCMND substituted energy or value "?ZMIN" to "44.4963201"
Evaluating: 44.4963201-3.5
 Parameter: ZMIN <- "40.9963201"
  
 CHARMM>     
  
 CHARMM>            define JUNK sele .not. target .and. -
 CHARMM>                             prop X .lt. @xmax .and. prop X .gt. @xmin .and. -
 CHARMM>                             prop Y .lt. @ymax .and. prop Y .gt. @ymin .and. -
 CHARMM>                             prop Z .lt. @zmax .and. prop Z .gt. @zmin  end
 Parameter: XMAX -> "24.6589351"
 Parameter: XMIN -> "17.6589351"
 Parameter: YMAX -> "7.3681527"
 Parameter: YMIN -> "0.3681527"
 Parameter: ZMAX -> "47.9963201"
 Parameter: ZMIN -> "40.9963201"
 SELRPN>      0 atoms have been selected out of  24952
  
 CHARMM>     
  
 CHARMM>            ! check if the ions are too close to protein
  
 CHARMM>            define XXX sele PROT end
 SELRPN>      0 atoms have been selected out of  24952
  
 CHARMM>            if ?nsel .gt. 0 then
 RDCMND substituted energy or value "?NSEL" to "0"
 Comparing "0" and "0".
 IF test evaluated as false.  Skip to ELSE or ENDIF
  
 CHARMM>     
  
 CHARMM>            ! check if the ions are too close to solute
  
 CHARMM>            coor dist cut 4.0 sele target end sele JUNK .and. .not. hydrogen end image
 SELRPN>      1 atoms have been selected out of  36561
 SELRPN>      0 atoms have been selected out of  36561

            DISTANCES FOR SELECTED ATOMS
            ONLY ONE SELECTION SET SPECIFIED, A COMPARISON WILL BE DONE
 TOTAL EXCLUSION COUNT =         0
 TOTAL 1-4 EXCLUSIONS  =         0
 TOTAL NON-EXCLUSIONS  =         0
  
 CHARMM>            if ?npair .gt. 0 goto doinit
 RDCMND substituted energy or value "?NPAIR" to "0"
 Comparing "0" and "0".
 IF test evaluated as false.  Skipping command
  
 CHARMM>     
  
 CHARMM>            calc cntrand = 0
Evaluating: 0
 Parameter: CNTRAND <- "0"
  
 CHARMM>            increase i by 1
 Parameter: I <- "19"
  
 CHARMM>            if i .le. @nion goto doinit
 Parameter: NION -> "52"
 Comparing "19" and "52".
 IF test evaluated as true.  Performing command
  
 CHARMM>     
  
 CHARMM>            calc cntrand = @cntrand + 1
 Parameter: CNTRAND -> "0"
Evaluating: 0+1
 Parameter: CNTRAND <- "1"
  
 CHARMM>            if cntrand .gt. 100 stop ! ABNORMAL TERMINATION: ion placing may not work.. stop here
 Comparing "1" and "100".
 IF test evaluated as false.  Skipping command
  
 CHARMM>     
  
 CHARMM>            calc j = @i
 Parameter: I -> "19"
Evaluating: 19
 Parameter: J <- "19"
  
 CHARMM>            set ion = POS
 Parameter: ION <- "POS"
  
 CHARMM>     
  
 CHARMM>            if j .gt. @npos then
 Parameter: NPOS -> "26"
 Comparing "19" and "26".
 IF test evaluated as false.  Skip to ELSE or ENDIF
  
 CHARMM>     
  
 CHARMM>            define target select segid @ion .and. resid @j end
 Parameter: ION -> "POS"
 Parameter: J -> "19"
 SELRPN>      1 atoms have been selected out of  24952
  
 CHARMM>     
  
 CHARMM>            calc xpos = @A * ( ?random - 0.5 )
 Parameter: A -> "76.8049478"
 RDCMND substituted energy or value "?RANDOM" to "0.93228753"
Evaluating: 76.8049478*(0.93228753-0.5)
 Parameter: XPOS <- "33.2018212"
  
 CHARMM>            calc ypos = @B * ( ?random - 0.5 )
 Parameter: B -> "76.8049478"
 RDCMND substituted energy or value "?RANDOM" to "0.349575009"
Evaluating: 76.8049478*(0.349575009-0.5)
 Parameter: YPOS <- "-11.5533836"
  
 CHARMM>            calc zpos = @C * ( ?random - 0.5 ) + @zcen
 Parameter: C -> "100"
 Parameter: ZCEN -> "0"
 RDCMND substituted energy or value "?RANDOM" to "0.964422665"
Evaluating: 100*(0.964422665-0.5)+0
 Parameter: ZPOS <- "46.4422665"
  
 CHARMM>     
  
 CHARMM>            if zpos .gt. -15 if zpos .lt. 15 goto doinit
 Comparing "46.4422665" and "-15".
 IF test evaluated as true.  Performing command
 Comparing "46.4422665" and "15".
 IF test evaluated as false.  Skipping command
  
 CHARMM>     
  
 CHARMM>            ! move target to selected position
  
 CHARMM>            coor stat select target end
 SELRPN>      1 atoms have been selected out of  24952
 STATISTICS FOR         1 SELECTED ATOMS:
    XMIN =    0.000000 XMAX =    0.000000 XAVE =    0.000000
    YMIN =    0.000000 YMAX =    0.000000 YAVE =    0.000000
    ZMIN =    0.000000 ZMAX =    0.000000 ZAVE =    0.000000
    WMIN =    1.000000 WMAX =    1.000000 WAVE =    1.000000
  
 CHARMM>            calc xtran = @xpos - ?xave
 Parameter: XPOS -> "33.2018212"
 RDCMND substituted energy or value "?XAVE" to "0"
Evaluating: 33.2018212-0
 Parameter: XTRAN <- "33.2018212"
  
 CHARMM>            calc ytran = @ypos - ?yave
 Parameter: YPOS -> "-11.5533836"
 RDCMND substituted energy or value "?YAVE" to "0"
Evaluating: -11.5533836-0
 Parameter: YTRAN <- "-11.5533836"
  
 CHARMM>            calc ztran = @zpos - ?zave
 Parameter: ZPOS -> "46.4422665"
 RDCMND substituted energy or value "?ZAVE" to "0"
Evaluating: 46.4422665-0
 Parameter: ZTRAN <- "46.4422665"
  
 CHARMM>            coor trans xdir @xtran ydir @ytran zdir @ztran select target end
 Parameter: XTRAN -> "33.2018212"
 Parameter: YTRAN -> "-11.5533836"
 Parameter: ZTRAN -> "46.4422665"
 SELRPN>      1 atoms have been selected out of  24952
 TRANSLATION VECTOR    33.201821  -11.553384   46.442267
 SELECTED COORDINATES TRANSLATED IN THE MAIN SET.

  
 CHARMM>     
  
 CHARMM>            ! apply a random rotation along XYZ
  
 CHARMM>            calc xphi = ?random * 360.0
 RDCMND substituted energy or value "?RANDOM" to "0.158777479"
Evaluating: 0.158777479*360.0
 Parameter: XPHI <- "57.1598924"
  
 CHARMM>            calc yphi = ?random * 360.0
 RDCMND substituted energy or value "?RANDOM" to "0.510864085"
Evaluating: 0.510864085*360.0
 Parameter: YPHI <- "183.911071"
  
 CHARMM>            calc zphi = ?random * 360.0
 RDCMND substituted energy or value "?RANDOM" to "0.950778214"
Evaluating: 0.950778214*360.0
 Parameter: ZPHI <- "342.280157"
  
 CHARMM>            coor rotate xcen @xpos ycen @ypos zcen @zpos xdir 1.0 -
 CHARMM>                phi @xphi select target end
 Parameter: XPOS -> "33.2018212"
 Parameter: YPOS -> "-11.5533836"
 Parameter: ZPOS -> "46.4422665"
 Parameter: XPHI -> "57.1598924"
 SELRPN>      1 atoms have been selected out of  24952
 ROTATION MATRIX
    1.000000    0.000000    0.000000
    0.000000    0.542296    0.840187
    0.000000   -0.840187    0.542296

 AXIS OF ROTATION IS  1.000000  0.000000  0.000000  ANGLE IS   57.16

 SELECTED COORDINATES ROTATED IN THE MAIN SET.

  
 CHARMM>            coor rotate xcen @xpos ycen @ypos zcen @zpos ydir 1.0 -
 CHARMM>                phi @yphi select target end
 Parameter: XPOS -> "33.2018212"
 Parameter: YPOS -> "-11.5533836"
 Parameter: ZPOS -> "46.4422665"
 Parameter: YPHI -> "183.911071"
 SELRPN>      1 atoms have been selected out of  24952
 ROTATION MATRIX
   -0.997671    0.000000    0.068208
    0.000000    1.000000    0.000000
   -0.068208    0.000000   -0.997671

 AXIS OF ROTATION IS  0.000000 -1.000000  0.000000  ANGLE IS  176.09

 SELECTED COORDINATES ROTATED IN THE MAIN SET.

  
 CHARMM>            coor rotate xcen @xpos ycen @ypos zcen @zpos zdir 1.0 -
 CHARMM>                phi @zphi select target end
 Parameter: XPOS -> "33.2018212"
 Parameter: YPOS -> "-11.5533836"
 Parameter: ZPOS -> "46.4422665"
 Parameter: ZPHI -> "342.280157"
 SELRPN>      1 atoms have been selected out of  24952
 ROTATION MATRIX
    0.952556   -0.304363    0.000000
    0.304363    0.952556    0.000000
    0.000000    0.000000    1.000000

 AXIS OF ROTATION IS  0.000000  0.000000 -1.000000  ANGLE IS   17.72

 SELECTED COORDINATES ROTATED IN THE MAIN SET.

  
 CHARMM>     
  
 CHARMM>     
  
 CHARMM>            calc dcut = 3.5
Evaluating: 3.5
 Parameter: DCUT <- "3.5"
  
 CHARMM>     
  
 CHARMM>            coor stat sele target end
 SELRPN>      1 atoms have been selected out of  24952
 STATISTICS FOR         1 SELECTED ATOMS:
    XMIN =   33.201821 XMAX =   33.201821 XAVE =   33.201821
    YMIN =  -11.553384 YMAX =  -11.553384 YAVE =  -11.553384
    ZMIN =   46.442267 ZMAX =   46.442267 ZAVE =   46.442267
    WMIN =    1.000000 WMAX =    1.000000 WAVE =    1.000000
  
 CHARMM>            calc xmax = ?xmax + @dcut
 Parameter: DCUT -> "3.5"
 RDCMND substituted energy or value "?XMAX" to "33.2018212"
Evaluating: 33.2018212+3.5
 Parameter: XMAX <- "36.7018212"
  
 CHARMM>            calc ymax = ?ymax + @dcut
 Parameter: DCUT -> "3.5"
 RDCMND substituted energy or value "?YMAX" to "-11.5533836"
Evaluating: -11.5533836+3.5
 Parameter: YMAX <- "-8.0533836"
  
 CHARMM>            calc zmax = ?zmax + @dcut
 Parameter: DCUT -> "3.5"
 RDCMND substituted energy or value "?ZMAX" to "46.4422665"
Evaluating: 46.4422665+3.5
 Parameter: ZMAX <- "49.9422665"
  
 CHARMM>            calc xmin = ?xmin - @dcut
 Parameter: DCUT -> "3.5"
 RDCMND substituted energy or value "?XMIN" to "33.2018212"
Evaluating: 33.2018212-3.5
 Parameter: XMIN <- "29.7018212"
  
 CHARMM>            calc ymin = ?ymin - @dcut
 Parameter: DCUT -> "3.5"
 RDCMND substituted energy or value "?YMIN" to "-11.5533836"
Evaluating: -11.5533836-3.5
 Parameter: YMIN <- "-15.0533836"
  
 CHARMM>            calc zmin = ?zmin - @dcut
 Parameter: DCUT -> "3.5"
 RDCMND substituted energy or value "?ZMIN" to "46.4422665"
Evaluating: 46.4422665-3.5
 Parameter: ZMIN <- "42.9422665"
  
 CHARMM>     
  
 CHARMM>            define JUNK sele .not. target .and. -
 CHARMM>                             prop X .lt. @xmax .and. prop X .gt. @xmin .and. -
 CHARMM>                             prop Y .lt. @ymax .and. prop Y .gt. @ymin .and. -
 CHARMM>                             prop Z .lt. @zmax .and. prop Z .gt. @zmin  end
 Parameter: XMAX -> "36.7018212"
 Parameter: XMIN -> "29.7018212"
 Parameter: YMAX -> "-8.0533836"
 Parameter: YMIN -> "-15.0533836"
 Parameter: ZMAX -> "49.9422665"
 Parameter: ZMIN -> "42.9422665"
 SELRPN>      0 atoms have been selected out of  24952
  
 CHARMM>     
  
 CHARMM>            ! check if the ions are too close to protein
  
 CHARMM>            define XXX sele PROT end
 SELRPN>      0 atoms have been selected out of  24952
  
 CHARMM>            if ?nsel .gt. 0 then
 RDCMND substituted energy or value "?NSEL" to "0"
 Comparing "0" and "0".
 IF test evaluated as false.  Skip to ELSE or ENDIF
  
 CHARMM>     
  
 CHARMM>            ! check if the ions are too close to solute
  
 CHARMM>            coor dist cut 4.0 sele target end sele JUNK .and. .not. hydrogen end image
 SELRPN>      1 atoms have been selected out of  36561
 SELRPN>      0 atoms have been selected out of  36561

            DISTANCES FOR SELECTED ATOMS
            ONLY ONE SELECTION SET SPECIFIED, A COMPARISON WILL BE DONE
 TOTAL EXCLUSION COUNT =         0
 TOTAL 1-4 EXCLUSIONS  =         0
 TOTAL NON-EXCLUSIONS  =         0
  
 CHARMM>            if ?npair .gt. 0 goto doinit
 RDCMND substituted energy or value "?NPAIR" to "0"
 Comparing "0" and "0".
 IF test evaluated as false.  Skipping command
  
 CHARMM>     
  
 CHARMM>            calc cntrand = 0
Evaluating: 0
 Parameter: CNTRAND <- "0"
  
 CHARMM>            increase i by 1
 Parameter: I <- "20"
  
 CHARMM>            if i .le. @nion goto doinit
 Parameter: NION -> "52"
 Comparing "20" and "52".
 IF test evaluated as true.  Performing command
  
 CHARMM>     
  
 CHARMM>            calc cntrand = @cntrand + 1
 Parameter: CNTRAND -> "0"
Evaluating: 0+1
 Parameter: CNTRAND <- "1"
  
 CHARMM>            if cntrand .gt. 100 stop ! ABNORMAL TERMINATION: ion placing may not work.. stop here
 Comparing "1" and "100".
 IF test evaluated as false.  Skipping command
  
 CHARMM>     
  
 CHARMM>            calc j = @i
 Parameter: I -> "20"
Evaluating: 20
 Parameter: J <- "20"
  
 CHARMM>            set ion = POS
 Parameter: ION <- "POS"
  
 CHARMM>     
  
 CHARMM>            if j .gt. @npos then
 Parameter: NPOS -> "26"
 Comparing "20" and "26".
 IF test evaluated as false.  Skip to ELSE or ENDIF
  
 CHARMM>     
  
 CHARMM>            define target select segid @ion .and. resid @j end
 Parameter: ION -> "POS"
 Parameter: J -> "20"
 SELRPN>      1 atoms have been selected out of  24952
  
 CHARMM>     
  
 CHARMM>            calc xpos = @A * ( ?random - 0.5 )
 Parameter: A -> "76.8049478"
 RDCMND substituted energy or value "?RANDOM" to "0.530691625"
Evaluating: 76.8049478*(0.530691625-0.5)
 Parameter: XPOS <- "2.35726866"
  
 CHARMM>            calc ypos = @B * ( ?random - 0.5 )
 Parameter: B -> "76.8049478"
 RDCMND substituted energy or value "?RANDOM" to "0.265758361"
Evaluating: 76.8049478*(0.265758361-0.5)
 Parameter: YPOS <- "-17.9909169"
  
 CHARMM>            calc zpos = @C * ( ?random - 0.5 ) + @zcen
 Parameter: C -> "100"
 Parameter: ZCEN -> "0"
 RDCMND substituted energy or value "?RANDOM" to "6.567845004E-02"
Evaluating: 100*(6.567845004E-02-0.5)+0
 Parameter: ZPOS <- "-43.432155"
  
 CHARMM>     
  
 CHARMM>            if zpos .gt. -15 if zpos .lt. 15 goto doinit
 Comparing "-43.432155" and "-15".
 IF test evaluated as false.  Skipping command
  
 CHARMM>     
  
 CHARMM>            ! move target to selected position
  
 CHARMM>            coor stat select target end
 SELRPN>      1 atoms have been selected out of  24952
 STATISTICS FOR         1 SELECTED ATOMS:
    XMIN =    0.000000 XMAX =    0.000000 XAVE =    0.000000
    YMIN =    0.000000 YMAX =    0.000000 YAVE =    0.000000
    ZMIN =    0.000000 ZMAX =    0.000000 ZAVE =    0.000000
    WMIN =    1.000000 WMAX =    1.000000 WAVE =    1.000000
  
 CHARMM>            calc xtran = @xpos - ?xave
 Parameter: XPOS -> "2.35726866"
 RDCMND substituted energy or value "?XAVE" to "0"
Evaluating: 2.35726866-0
 Parameter: XTRAN <- "2.35726866"
  
 CHARMM>            calc ytran = @ypos - ?yave
 Parameter: YPOS -> "-17.9909169"
 RDCMND substituted energy or value "?YAVE" to "0"
Evaluating: -17.9909169-0
 Parameter: YTRAN <- "-17.9909169"
  
 CHARMM>            calc ztran = @zpos - ?zave
 Parameter: ZPOS -> "-43.432155"
 RDCMND substituted energy or value "?ZAVE" to "0"
Evaluating: -43.432155-0
 Parameter: ZTRAN <- "-43.432155"
  
 CHARMM>            coor trans xdir @xtran ydir @ytran zdir @ztran select target end
 Parameter: XTRAN -> "2.35726866"
 Parameter: YTRAN -> "-17.9909169"
 Parameter: ZTRAN -> "-43.432155"
 SELRPN>      1 atoms have been selected out of  24952
 TRANSLATION VECTOR     2.357269  -17.990917  -43.432155
 SELECTED COORDINATES TRANSLATED IN THE MAIN SET.

  
 CHARMM>     
  
 CHARMM>            ! apply a random rotation along XYZ
  
 CHARMM>            calc xphi = ?random * 360.0
 RDCMND substituted energy or value "?RANDOM" to "0.114517547"
Evaluating: 0.114517547*360.0
 Parameter: XPHI <- "41.2263169"
  
 CHARMM>            calc yphi = ?random * 360.0
 RDCMND substituted energy or value "?RANDOM" to "0.350752337"
Evaluating: 0.350752337*360.0
 Parameter: YPHI <- "126.270841"
  
 CHARMM>            calc zphi = ?random * 360.0
 RDCMND substituted energy or value "?RANDOM" to "8.447240991E-02"
Evaluating: 8.447240991E-02*360.0
 Parameter: ZPHI <- "30.4100676"
  
 CHARMM>            coor rotate xcen @xpos ycen @ypos zcen @zpos xdir 1.0 -
 CHARMM>                phi @xphi select target end
 Parameter: XPOS -> "2.35726866"
 Parameter: YPOS -> "-17.9909169"
 Parameter: ZPOS -> "-43.432155"
 Parameter: XPHI -> "41.2263169"
 SELRPN>      1 atoms have been selected out of  24952
 ROTATION MATRIX
    1.000000    0.000000    0.000000
    0.000000    0.752112    0.659035
    0.000000   -0.659035    0.752112

 AXIS OF ROTATION IS  1.000000  0.000000  0.000000  ANGLE IS   41.23

 SELECTED COORDINATES ROTATED IN THE MAIN SET.

  
 CHARMM>            coor rotate xcen @xpos ycen @ypos zcen @zpos ydir 1.0 -
 CHARMM>                phi @yphi select target end
 Parameter: XPOS -> "2.35726866"
 Parameter: YPOS -> "-17.9909169"
 Parameter: ZPOS -> "-43.432155"
 Parameter: YPHI -> "126.270841"
 SELRPN>      1 atoms have been selected out of  24952
 ROTATION MATRIX
   -0.591603    0.000000   -0.806229
    0.000000    1.000000    0.000000
    0.806229    0.000000   -0.591603

 AXIS OF ROTATION IS  0.000000  1.000000  0.000000  ANGLE IS  126.27

 SELECTED COORDINATES ROTATED IN THE MAIN SET.

  
 CHARMM>            coor rotate xcen @xpos ycen @ypos zcen @zpos zdir 1.0 -
 CHARMM>                phi @zphi select target end
 Parameter: XPOS -> "2.35726866"
 Parameter: YPOS -> "-17.9909169"
 Parameter: ZPOS -> "-43.432155"
 Parameter: ZPHI -> "30.4100676"
 SELRPN>      1 atoms have been selected out of  24952
 ROTATION MATRIX
    0.862425    0.506185    0.000000
   -0.506185    0.862425    0.000000
    0.000000    0.000000    1.000000

 AXIS OF ROTATION IS  0.000000  0.000000  1.000000  ANGLE IS   30.41

 SELECTED COORDINATES ROTATED IN THE MAIN SET.

  
 CHARMM>     
  
 CHARMM>     
  
 CHARMM>            calc dcut = 3.5
Evaluating: 3.5
 Parameter: DCUT <- "3.5"
  
 CHARMM>     
  
 CHARMM>            coor stat sele target end
 SELRPN>      1 atoms have been selected out of  24952
 STATISTICS FOR         1 SELECTED ATOMS:
    XMIN =    2.357269 XMAX =    2.357269 XAVE =    2.357269
    YMIN =  -17.990917 YMAX =  -17.990917 YAVE =  -17.990917
    ZMIN =  -43.432155 ZMAX =  -43.432155 ZAVE =  -43.432155
    WMIN =    1.000000 WMAX =    1.000000 WAVE =    1.000000
  
 CHARMM>            calc xmax = ?xmax + @dcut
 Parameter: DCUT -> "3.5"
 RDCMND substituted energy or value "?XMAX" to "2.35726866"
Evaluating: 2.35726866+3.5
 Parameter: XMAX <- "5.85726866"
  
 CHARMM>            calc ymax = ?ymax + @dcut
 Parameter: DCUT -> "3.5"
 RDCMND substituted energy or value "?YMAX" to "-17.9909169"
Evaluating: -17.9909169+3.5
 Parameter: YMAX <- "-14.4909169"
  
 CHARMM>            calc zmax = ?zmax + @dcut
 Parameter: DCUT -> "3.5"
 RDCMND substituted energy or value "?ZMAX" to "-43.432155"
Evaluating: -43.432155+3.5
 Parameter: ZMAX <- "-39.932155"
  
 CHARMM>            calc xmin = ?xmin - @dcut
 Parameter: DCUT -> "3.5"
 RDCMND substituted energy or value "?XMIN" to "2.35726866"
Evaluating: 2.35726866-3.5
 Parameter: XMIN <- "-1.14273134"
  
 CHARMM>            calc ymin = ?ymin - @dcut
 Parameter: DCUT -> "3.5"
 RDCMND substituted energy or value "?YMIN" to "-17.9909169"
Evaluating: -17.9909169-3.5
 Parameter: YMIN <- "-21.4909169"
  
 CHARMM>            calc zmin = ?zmin - @dcut
 Parameter: DCUT -> "3.5"
 RDCMND substituted energy or value "?ZMIN" to "-43.432155"
Evaluating: -43.432155-3.5
 Parameter: ZMIN <- "-46.932155"
  
 CHARMM>     
  
 CHARMM>            define JUNK sele .not. target .and. -
 CHARMM>                             prop X .lt. @xmax .and. prop X .gt. @xmin .and. -
 CHARMM>                             prop Y .lt. @ymax .and. prop Y .gt. @ymin .and. -
 CHARMM>                             prop Z .lt. @zmax .and. prop Z .gt. @zmin  end
 Parameter: XMAX -> "5.85726866"
 Parameter: XMIN -> "-1.14273134"
 Parameter: YMAX -> "-14.4909169"
 Parameter: YMIN -> "-21.4909169"
 Parameter: ZMAX -> "-39.932155"
 Parameter: ZMIN -> "-46.932155"
 SELRPN>      0 atoms have been selected out of  24952
  
 CHARMM>     
  
 CHARMM>            ! check if the ions are too close to protein
  
 CHARMM>            define XXX sele PROT end
 SELRPN>      0 atoms have been selected out of  24952
  
 CHARMM>            if ?nsel .gt. 0 then
 RDCMND substituted energy or value "?NSEL" to "0"
 Comparing "0" and "0".
 IF test evaluated as false.  Skip to ELSE or ENDIF
  
 CHARMM>     
  
 CHARMM>            ! check if the ions are too close to solute
  
 CHARMM>            coor dist cut 4.0 sele target end sele JUNK .and. .not. hydrogen end image
 SELRPN>      1 atoms have been selected out of  36561
 SELRPN>      0 atoms have been selected out of  36561

            DISTANCES FOR SELECTED ATOMS
            ONLY ONE SELECTION SET SPECIFIED, A COMPARISON WILL BE DONE
 TOTAL EXCLUSION COUNT =         0
 TOTAL 1-4 EXCLUSIONS  =         0
 TOTAL NON-EXCLUSIONS  =         0
  
 CHARMM>            if ?npair .gt. 0 goto doinit
 RDCMND substituted energy or value "?NPAIR" to "0"
 Comparing "0" and "0".
 IF test evaluated as false.  Skipping command
  
 CHARMM>     
  
 CHARMM>            calc cntrand = 0
Evaluating: 0
 Parameter: CNTRAND <- "0"
  
 CHARMM>            increase i by 1
 Parameter: I <- "21"
  
 CHARMM>            if i .le. @nion goto doinit
 Parameter: NION -> "52"
 Comparing "21" and "52".
 IF test evaluated as true.  Performing command
  
 CHARMM>     
  
 CHARMM>            calc cntrand = @cntrand + 1
 Parameter: CNTRAND -> "0"
Evaluating: 0+1
 Parameter: CNTRAND <- "1"
  
 CHARMM>            if cntrand .gt. 100 stop ! ABNORMAL TERMINATION: ion placing may not work.. stop here
 Comparing "1" and "100".
 IF test evaluated as false.  Skipping command
  
 CHARMM>     
  
 CHARMM>            calc j = @i
 Parameter: I -> "21"
Evaluating: 21
 Parameter: J <- "21"
  
 CHARMM>            set ion = POS
 Parameter: ION <- "POS"
  
 CHARMM>     
  
 CHARMM>            if j .gt. @npos then
 Parameter: NPOS -> "26"
 Comparing "21" and "26".
 IF test evaluated as false.  Skip to ELSE or ENDIF
  
 CHARMM>     
  
 CHARMM>            define target select segid @ion .and. resid @j end
 Parameter: ION -> "POS"
 Parameter: J -> "21"
 SELRPN>      1 atoms have been selected out of  24952
  
 CHARMM>     
  
 CHARMM>            calc xpos = @A * ( ?random - 0.5 )
 Parameter: A -> "76.8049478"
 RDCMND substituted energy or value "?RANDOM" to "3.397096159E-02"
Evaluating: 76.8049478*(3.397096159E-02-0.5)
 Parameter: XPOS <- "-35.793336"
  
 CHARMM>            calc ypos = @B * ( ?random - 0.5 )
 Parameter: B -> "76.8049478"
 RDCMND substituted energy or value "?RANDOM" to "0.929887569"
Evaluating: 76.8049478*(0.929887569-0.5)
 Parameter: YPOS <- "33.0174923"
  
 CHARMM>            calc zpos = @C * ( ?random - 0.5 ) + @zcen
 Parameter: C -> "100"
 Parameter: ZCEN -> "0"
 RDCMND substituted energy or value "?RANDOM" to "0.130048855"
Evaluating: 100*(0.130048855-0.5)+0
 Parameter: ZPOS <- "-36.9951145"
  
 CHARMM>     
  
 CHARMM>            if zpos .gt. -15 if zpos .lt. 15 goto doinit
 Comparing "-36.9951145" and "-15".
 IF test evaluated as false.  Skipping command
  
 CHARMM>     
  
 CHARMM>            ! move target to selected position
  
 CHARMM>            coor stat select target end
 SELRPN>      1 atoms have been selected out of  24952
 STATISTICS FOR         1 SELECTED ATOMS:
    XMIN =    0.000000 XMAX =    0.000000 XAVE =    0.000000
    YMIN =    0.000000 YMAX =    0.000000 YAVE =    0.000000
    ZMIN =    0.000000 ZMAX =    0.000000 ZAVE =    0.000000
    WMIN =    1.000000 WMAX =    1.000000 WAVE =    1.000000
  
 CHARMM>            calc xtran = @xpos - ?xave
 Parameter: XPOS -> "-35.793336"
 RDCMND substituted energy or value "?XAVE" to "0"
Evaluating: -35.793336-0
 Parameter: XTRAN <- "-35.793336"
  
 CHARMM>            calc ytran = @ypos - ?yave
 Parameter: YPOS -> "33.0174923"
 RDCMND substituted energy or value "?YAVE" to "0"
Evaluating: 33.0174923-0
 Parameter: YTRAN <- "33.0174923"
  
 CHARMM>            calc ztran = @zpos - ?zave
 Parameter: ZPOS -> "-36.9951145"
 RDCMND substituted energy or value "?ZAVE" to "0"
Evaluating: -36.9951145-0
 Parameter: ZTRAN <- "-36.9951145"
  
 CHARMM>            coor trans xdir @xtran ydir @ytran zdir @ztran select target end
 Parameter: XTRAN -> "-35.793336"
 Parameter: YTRAN -> "33.0174923"
 Parameter: ZTRAN -> "-36.9951145"
 SELRPN>      1 atoms have been selected out of  24952
 TRANSLATION VECTOR   -35.793336   33.017492  -36.995114
 SELECTED COORDINATES TRANSLATED IN THE MAIN SET.

  
 CHARMM>     
  
 CHARMM>            ! apply a random rotation along XYZ
  
 CHARMM>            calc xphi = ?random * 360.0
 RDCMND substituted energy or value "?RANDOM" to "4.173444818E-02"
Evaluating: 4.173444818E-02*360.0
 Parameter: XPHI <- "15.0244013"
  
 CHARMM>            calc yphi = ?random * 360.0
 RDCMND substituted energy or value "?RANDOM" to "0.872953454"
Evaluating: 0.872953454*360.0
 Parameter: YPHI <- "314.263243"
  
 CHARMM>            calc zphi = ?random * 360.0
 RDCMND substituted energy or value "?RANDOM" to "2.571205344E-02"
Evaluating: 2.571205344E-02*360.0
 Parameter: ZPHI <- "9.25633924"
  
 CHARMM>            coor rotate xcen @xpos ycen @ypos zcen @zpos xdir 1.0 -
 CHARMM>                phi @xphi select target end
 Parameter: XPOS -> "-35.793336"
 Parameter: YPOS -> "33.0174923"
 Parameter: ZPOS -> "-36.9951145"
 Parameter: XPHI -> "15.0244013"
 SELRPN>      1 atoms have been selected out of  24952
 ROTATION MATRIX
    1.000000    0.000000    0.000000
    0.000000    0.965816    0.259230
    0.000000   -0.259230    0.965816

 AXIS OF ROTATION IS  1.000000  0.000000  0.000000  ANGLE IS   15.02

 SELECTED COORDINATES ROTATED IN THE MAIN SET.

  
 CHARMM>            coor rotate xcen @xpos ycen @ypos zcen @zpos ydir 1.0 -
 CHARMM>                phi @yphi select target end
 Parameter: XPOS -> "-35.793336"
 Parameter: YPOS -> "33.0174923"
 Parameter: ZPOS -> "-36.9951145"
 Parameter: YPHI -> "314.263243"
 SELRPN>      1 atoms have been selected out of  24952
 ROTATION MATRIX
    0.697956    0.000000    0.716141
    0.000000    1.000000    0.000000
   -0.716141    0.000000    0.697956

 AXIS OF ROTATION IS  0.000000 -1.000000  0.000000  ANGLE IS   45.74

 SELECTED COORDINATES ROTATED IN THE MAIN SET.

  
 CHARMM>            coor rotate xcen @xpos ycen @ypos zcen @zpos zdir 1.0 -
 CHARMM>                phi @zphi select target end
 Parameter: XPOS -> "-35.793336"
 Parameter: YPOS -> "33.0174923"
 Parameter: ZPOS -> "-36.9951145"
 Parameter: ZPHI -> "9.25633924"
 SELRPN>      1 atoms have been selected out of  24952
 ROTATION MATRIX
    0.986979    0.160852    0.000000
   -0.160852    0.986979    0.000000
    0.000000    0.000000    1.000000

 AXIS OF ROTATION IS  0.000000  0.000000  1.000000  ANGLE IS    9.26

 SELECTED COORDINATES ROTATED IN THE MAIN SET.

  
 CHARMM>     
  
 CHARMM>     
  
 CHARMM>            calc dcut = 3.5
Evaluating: 3.5
 Parameter: DCUT <- "3.5"
  
 CHARMM>     
  
 CHARMM>            coor stat sele target end
 SELRPN>      1 atoms have been selected out of  24952
 STATISTICS FOR         1 SELECTED ATOMS:
    XMIN =  -35.793336 XMAX =  -35.793336 XAVE =  -35.793336
    YMIN =   33.017492 YMAX =   33.017492 YAVE =   33.017492
    ZMIN =  -36.995114 ZMAX =  -36.995114 ZAVE =  -36.995114
    WMIN =    1.000000 WMAX =    1.000000 WAVE =    1.000000
  
 CHARMM>            calc xmax = ?xmax + @dcut
 Parameter: DCUT -> "3.5"
 RDCMND substituted energy or value "?XMAX" to "-35.793336"
Evaluating: -35.793336+3.5
 Parameter: XMAX <- "-32.293336"
  
 CHARMM>            calc ymax = ?ymax + @dcut
 Parameter: DCUT -> "3.5"
 RDCMND substituted energy or value "?YMAX" to "33.0174923"
Evaluating: 33.0174923+3.5
 Parameter: YMAX <- "36.5174923"
  
 CHARMM>            calc zmax = ?zmax + @dcut
 Parameter: DCUT -> "3.5"
 RDCMND substituted energy or value "?ZMAX" to "-36.9951145"
Evaluating: -36.9951145+3.5
 Parameter: ZMAX <- "-33.4951145"
  
 CHARMM>            calc xmin = ?xmin - @dcut
 Parameter: DCUT -> "3.5"
 RDCMND substituted energy or value "?XMIN" to "-35.793336"
Evaluating: -35.793336-3.5
 Parameter: XMIN <- "-39.293336"
  
 CHARMM>            calc ymin = ?ymin - @dcut
 Parameter: DCUT -> "3.5"
 RDCMND substituted energy or value "?YMIN" to "33.0174923"
Evaluating: 33.0174923-3.5
 Parameter: YMIN <- "29.5174923"
  
 CHARMM>            calc zmin = ?zmin - @dcut
 Parameter: DCUT -> "3.5"
 RDCMND substituted energy or value "?ZMIN" to "-36.9951145"
Evaluating: -36.9951145-3.5
 Parameter: ZMIN <- "-40.4951145"
  
 CHARMM>     
  
 CHARMM>            define JUNK sele .not. target .and. -
 CHARMM>                             prop X .lt. @xmax .and. prop X .gt. @xmin .and. -
 CHARMM>                             prop Y .lt. @ymax .and. prop Y .gt. @ymin .and. -
 CHARMM>                             prop Z .lt. @zmax .and. prop Z .gt. @zmin  end
 Parameter: XMAX -> "-32.293336"
 Parameter: XMIN -> "-39.293336"
 Parameter: YMAX -> "36.5174923"
 Parameter: YMIN -> "29.5174923"
 Parameter: ZMAX -> "-33.4951145"
 Parameter: ZMIN -> "-40.4951145"
 SELRPN>      0 atoms have been selected out of  24952
  
 CHARMM>     
  
 CHARMM>            ! check if the ions are too close to protein
  
 CHARMM>            define XXX sele PROT end
 SELRPN>      0 atoms have been selected out of  24952
  
 CHARMM>            if ?nsel .gt. 0 then
 RDCMND substituted energy or value "?NSEL" to "0"
 Comparing "0" and "0".
 IF test evaluated as false.  Skip to ELSE or ENDIF
  
 CHARMM>     
  
 CHARMM>            ! check if the ions are too close to solute
  
 CHARMM>            coor dist cut 4.0 sele target end sele JUNK .and. .not. hydrogen end image
 SELRPN>      1 atoms have been selected out of  36561
 SELRPN>      0 atoms have been selected out of  36561

            DISTANCES FOR SELECTED ATOMS
            ONLY ONE SELECTION SET SPECIFIED, A COMPARISON WILL BE DONE
 TOTAL EXCLUSION COUNT =         0
 TOTAL 1-4 EXCLUSIONS  =         0
 TOTAL NON-EXCLUSIONS  =         0
  
 CHARMM>            if ?npair .gt. 0 goto doinit
 RDCMND substituted energy or value "?NPAIR" to "0"
 Comparing "0" and "0".
 IF test evaluated as false.  Skipping command
  
 CHARMM>     
  
 CHARMM>            calc cntrand = 0
Evaluating: 0
 Parameter: CNTRAND <- "0"
  
 CHARMM>            increase i by 1
 Parameter: I <- "22"
  
 CHARMM>            if i .le. @nion goto doinit
 Parameter: NION -> "52"
 Comparing "22" and "52".
 IF test evaluated as true.  Performing command
  
 CHARMM>     
  
 CHARMM>            calc cntrand = @cntrand + 1
 Parameter: CNTRAND -> "0"
Evaluating: 0+1
 Parameter: CNTRAND <- "1"
  
 CHARMM>            if cntrand .gt. 100 stop ! ABNORMAL TERMINATION: ion placing may not work.. stop here
 Comparing "1" and "100".
 IF test evaluated as false.  Skipping command
  
 CHARMM>     
  
 CHARMM>            calc j = @i
 Parameter: I -> "22"
Evaluating: 22
 Parameter: J <- "22"
  
 CHARMM>            set ion = POS
 Parameter: ION <- "POS"
  
 CHARMM>     
  
 CHARMM>            if j .gt. @npos then
 Parameter: NPOS -> "26"
 Comparing "22" and "26".
 IF test evaluated as false.  Skip to ELSE or ENDIF
  
 CHARMM>     
  
 CHARMM>            define target select segid @ion .and. resid @j end
 Parameter: ION -> "POS"
 Parameter: J -> "22"
 SELRPN>      1 atoms have been selected out of  24952
  
 CHARMM>     
  
 CHARMM>            calc xpos = @A * ( ?random - 0.5 )
 Parameter: A -> "76.8049478"
 RDCMND substituted energy or value "?RANDOM" to "5.952986554E-02"
Evaluating: 76.8049478*(5.952986554E-02-0.5)
 Parameter: XPOS <- "-33.8302857"
  
 CHARMM>            calc ypos = @B * ( ?random - 0.5 )
 Parameter: B -> "76.8049478"
 RDCMND substituted energy or value "?RANDOM" to "0.952565992"
Evaluating: 76.8049478*(0.952565992-0.5)
 Parameter: YPOS <- "34.7593074"
  
 CHARMM>            calc zpos = @C * ( ?random - 0.5 ) + @zcen
 Parameter: C -> "100"
 Parameter: ZCEN -> "0"
 RDCMND substituted energy or value "?RANDOM" to "0.14505742"
Evaluating: 100*(0.14505742-0.5)+0
 Parameter: ZPOS <- "-35.494258"
  
 CHARMM>     
  
 CHARMM>            if zpos .gt. -15 if zpos .lt. 15 goto doinit
 Comparing "-35.494258" and "-15".
 IF test evaluated as false.  Skipping command
  
 CHARMM>     
  
 CHARMM>            ! move target to selected position
  
 CHARMM>            coor stat select target end
 SELRPN>      1 atoms have been selected out of  24952
 STATISTICS FOR         1 SELECTED ATOMS:
    XMIN =    0.000000 XMAX =    0.000000 XAVE =    0.000000
    YMIN =    0.000000 YMAX =    0.000000 YAVE =    0.000000
    ZMIN =    0.000000 ZMAX =    0.000000 ZAVE =    0.000000
    WMIN =    1.000000 WMAX =    1.000000 WAVE =    1.000000
  
 CHARMM>            calc xtran = @xpos - ?xave
 Parameter: XPOS -> "-33.8302857"
 RDCMND substituted energy or value "?XAVE" to "0"
Evaluating: -33.8302857-0
 Parameter: XTRAN <- "-33.8302857"
  
 CHARMM>            calc ytran = @ypos - ?yave
 Parameter: YPOS -> "34.7593074"
 RDCMND substituted energy or value "?YAVE" to "0"
Evaluating: 34.7593074-0
 Parameter: YTRAN <- "34.7593074"
  
 CHARMM>            calc ztran = @zpos - ?zave
 Parameter: ZPOS -> "-35.494258"
 RDCMND substituted energy or value "?ZAVE" to "0"
Evaluating: -35.494258-0
 Parameter: ZTRAN <- "-35.494258"
  
 CHARMM>            coor trans xdir @xtran ydir @ytran zdir @ztran select target end
 Parameter: XTRAN -> "-33.8302857"
 Parameter: YTRAN -> "34.7593074"
 Parameter: ZTRAN -> "-35.494258"
 SELRPN>      1 atoms have been selected out of  24952
 TRANSLATION VECTOR   -33.830286   34.759307  -35.494258
 SELECTED COORDINATES TRANSLATED IN THE MAIN SET.

  
 CHARMM>     
  
 CHARMM>            ! apply a random rotation along XYZ
  
 CHARMM>            calc xphi = ?random * 360.0
 RDCMND substituted energy or value "?RANDOM" to "0.974182802"
Evaluating: 0.974182802*360.0
 Parameter: XPHI <- "350.705809"
  
 CHARMM>            calc yphi = ?random * 360.0
 RDCMND substituted energy or value "?RANDOM" to "0.890339925"
Evaluating: 0.890339925*360.0
 Parameter: YPHI <- "320.522373"
  
 CHARMM>            calc zphi = ?random * 360.0
 RDCMND substituted energy or value "?RANDOM" to "0.715566409"
Evaluating: 0.715566409*360.0
 Parameter: ZPHI <- "257.603907"
  
 CHARMM>            coor rotate xcen @xpos ycen @ypos zcen @zpos xdir 1.0 -
 CHARMM>                phi @xphi select target end
 Parameter: XPOS -> "-33.8302857"
 Parameter: YPOS -> "34.7593074"
 Parameter: ZPOS -> "-35.494258"
 Parameter: XPHI -> "350.705809"
 SELRPN>      1 atoms have been selected out of  24952
 ROTATION MATRIX
    1.000000    0.000000    0.000000
    0.000000    0.986872   -0.161504
    0.000000    0.161504    0.986872

 AXIS OF ROTATION IS -1.000000  0.000000  0.000000  ANGLE IS    9.29

 SELECTED COORDINATES ROTATED IN THE MAIN SET.

  
 CHARMM>            coor rotate xcen @xpos ycen @ypos zcen @zpos ydir 1.0 -
 CHARMM>                phi @yphi select target end
 Parameter: XPOS -> "-33.8302857"
 Parameter: YPOS -> "34.7593074"
 Parameter: ZPOS -> "-35.494258"
 Parameter: YPHI -> "320.522373"
 SELRPN>      1 atoms have been selected out of  24952
 ROTATION MATRIX
    0.771873    0.000000    0.635777
    0.000000    1.000000    0.000000
   -0.635777    0.000000    0.771873

 AXIS OF ROTATION IS  0.000000 -1.000000  0.000000  ANGLE IS   39.48

 SELECTED COORDINATES ROTATED IN THE MAIN SET.

  
 CHARMM>            coor rotate xcen @xpos ycen @ypos zcen @zpos zdir 1.0 -
 CHARMM>                phi @zphi select target end
 Parameter: XPOS -> "-33.8302857"
 Parameter: YPOS -> "34.7593074"
 Parameter: ZPOS -> "-35.494258"
 Parameter: ZPHI -> "257.603907"
 SELRPN>      1 atoms have been selected out of  24952
 ROTATION MATRIX
   -0.214669   -0.976687    0.000000
    0.976687   -0.214669    0.000000
    0.000000    0.000000    1.000000

 AXIS OF ROTATION IS  0.000000  0.000000 -1.000000  ANGLE IS  102.40

 SELECTED COORDINATES ROTATED IN THE MAIN SET.

  
 CHARMM>     
  
 CHARMM>     
  
 CHARMM>            calc dcut = 3.5
Evaluating: 3.5
 Parameter: DCUT <- "3.5"
  
 CHARMM>     
  
 CHARMM>            coor stat sele target end
 SELRPN>      1 atoms have been selected out of  24952
 STATISTICS FOR         1 SELECTED ATOMS:
    XMIN =  -33.830286 XMAX =  -33.830286 XAVE =  -33.830286
    YMIN =   34.759307 YMAX =   34.759307 YAVE =   34.759307
    ZMIN =  -35.494258 ZMAX =  -35.494258 ZAVE =  -35.494258
    WMIN =    1.000000 WMAX =    1.000000 WAVE =    1.000000
  
 CHARMM>            calc xmax = ?xmax + @dcut
 Parameter: DCUT -> "3.5"
 RDCMND substituted energy or value "?XMAX" to "-33.8302857"
Evaluating: -33.8302857+3.5
 Parameter: XMAX <- "-30.3302857"
  
 CHARMM>            calc ymax = ?ymax + @dcut
 Parameter: DCUT -> "3.5"
 RDCMND substituted energy or value "?YMAX" to "34.7593074"
Evaluating: 34.7593074+3.5
 Parameter: YMAX <- "38.2593074"
  
 CHARMM>            calc zmax = ?zmax + @dcut
 Parameter: DCUT -> "3.5"
 RDCMND substituted energy or value "?ZMAX" to "-35.494258"
Evaluating: -35.494258+3.5
 Parameter: ZMAX <- "-31.994258"
  
 CHARMM>            calc xmin = ?xmin - @dcut
 Parameter: DCUT -> "3.5"
 RDCMND substituted energy or value "?XMIN" to "-33.8302857"
Evaluating: -33.8302857-3.5
 Parameter: XMIN <- "-37.3302857"
  
 CHARMM>            calc ymin = ?ymin - @dcut
 Parameter: DCUT -> "3.5"
 RDCMND substituted energy or value "?YMIN" to "34.7593074"
Evaluating: 34.7593074-3.5
 Parameter: YMIN <- "31.2593074"
  
 CHARMM>            calc zmin = ?zmin - @dcut
 Parameter: DCUT -> "3.5"
 RDCMND substituted energy or value "?ZMIN" to "-35.494258"
Evaluating: -35.494258-3.5
 Parameter: ZMIN <- "-38.994258"
  
 CHARMM>     
  
 CHARMM>            define JUNK sele .not. target .and. -
 CHARMM>                             prop X .lt. @xmax .and. prop X .gt. @xmin .and. -
 CHARMM>                             prop Y .lt. @ymax .and. prop Y .gt. @ymin .and. -
 CHARMM>                             prop Z .lt. @zmax .and. prop Z .gt. @zmin  end
 Parameter: XMAX -> "-30.3302857"
 Parameter: XMIN -> "-37.3302857"
 Parameter: YMAX -> "38.2593074"
 Parameter: YMIN -> "31.2593074"
 Parameter: ZMAX -> "-31.994258"
 Parameter: ZMIN -> "-38.994258"
 SELRPN>      1 atoms have been selected out of  24952
  
 CHARMM>     
  
 CHARMM>            ! check if the ions are too close to protein
  
 CHARMM>            define XXX sele PROT end
 SELRPN>      0 atoms have been selected out of  24952
  
 CHARMM>            if ?nsel .gt. 0 then
 RDCMND substituted energy or value "?NSEL" to "0"
 Comparing "0" and "0".
 IF test evaluated as false.  Skip to ELSE or ENDIF
  
 CHARMM>     
  
 CHARMM>            ! check if the ions are too close to solute
  
 CHARMM>            coor dist cut 4.0 sele target end sele JUNK .and. .not. hydrogen end image
 SELRPN>      1 atoms have been selected out of  36561
 SELRPN>      1 atoms have been selected out of  36561

            DISTANCES FOR SELECTED ATOMS
24922 POS      SOD      22       SOD     -**** POS      SOD      21       SOD           3.0233
 TOTAL EXCLUSION COUNT =         0
 TOTAL 1-4 EXCLUSIONS  =         0
 TOTAL NON-EXCLUSIONS  =         1
  
 CHARMM>            if ?npair .gt. 0 goto doinit
 RDCMND substituted energy or value "?NPAIR" to "1"
 Comparing "1" and "0".
 IF test evaluated as true.  Performing command
  
 CHARMM>     
  
 CHARMM>            calc cntrand = @cntrand + 1
 Parameter: CNTRAND -> "1"
Evaluating: 1+1
 Parameter: CNTRAND <- "2"
  
 CHARMM>            if cntrand .gt. 100 stop ! ABNORMAL TERMINATION: ion placing may not work.. stop here
 Comparing "2" and "100".
 IF test evaluated as false.  Skipping command
  
 CHARMM>     
  
 CHARMM>            calc j = @i
 Parameter: I -> "22"
Evaluating: 22
 Parameter: J <- "22"
  
 CHARMM>            set ion = POS
 Parameter: ION <- "POS"
  
 CHARMM>     
  
 CHARMM>            if j .gt. @npos then
 Parameter: NPOS -> "26"
 Comparing "22" and "26".
 IF test evaluated as false.  Skip to ELSE or ENDIF
  
 CHARMM>     
  
 CHARMM>            define target select segid @ion .and. resid @j end
 Parameter: ION -> "POS"
 Parameter: J -> "22"
 SELRPN>      1 atoms have been selected out of  24952
  
 CHARMM>     
  
 CHARMM>            calc xpos = @A * ( ?random - 0.5 )
 Parameter: A -> "76.8049478"
 RDCMND substituted energy or value "?RANDOM" to "0.892982026"
Evaluating: 76.8049478*(0.892982026-0.5)
 Parameter: XPOS <- "30.182964"
  
 CHARMM>            calc ypos = @B * ( ?random - 0.5 )
 Parameter: B -> "76.8049478"
 RDCMND substituted energy or value "?RANDOM" to "0.547426306"
Evaluating: 76.8049478*(0.547426306-0.5)
 Parameter: YPOS <- "3.64257496"
  
 CHARMM>            calc zpos = @C * ( ?random - 0.5 ) + @zcen
 Parameter: C -> "100"
 Parameter: ZCEN -> "0"
 RDCMND substituted energy or value "?RANDOM" to "0.364938792"
Evaluating: 100*(0.364938792-0.5)+0
 Parameter: ZPOS <- "-13.5061208"
  
 CHARMM>     
  
 CHARMM>            if zpos .gt. -15 if zpos .lt. 15 goto doinit
 Comparing "-13.5061208" and "-15".
 IF test evaluated as true.  Performing command
 Comparing "-13.5061208" and "15".
 IF test evaluated as true.  Performing command
  
 CHARMM>     
  
 CHARMM>            calc cntrand = @cntrand + 1
 Parameter: CNTRAND -> "2"
Evaluating: 2+1
 Parameter: CNTRAND <- "3"
  
 CHARMM>            if cntrand .gt. 100 stop ! ABNORMAL TERMINATION: ion placing may not work.. stop here
 Comparing "3" and "100".
 IF test evaluated as false.  Skipping command
  
 CHARMM>     
  
 CHARMM>            calc j = @i
 Parameter: I -> "22"
Evaluating: 22
 Parameter: J <- "22"
  
 CHARMM>            set ion = POS
 Parameter: ION <- "POS"
  
 CHARMM>     
  
 CHARMM>            if j .gt. @npos then
 Parameter: NPOS -> "26"
 Comparing "22" and "26".
 IF test evaluated as false.  Skip to ELSE or ENDIF
  
 CHARMM>     
  
 CHARMM>            define target select segid @ion .and. resid @j end
 Parameter: ION -> "POS"
 Parameter: J -> "22"
 SELRPN>      1 atoms have been selected out of  24952
  
 CHARMM>     
  
 CHARMM>            calc xpos = @A * ( ?random - 0.5 )
 Parameter: A -> "76.8049478"
 RDCMND substituted energy or value "?RANDOM" to "0.26506872"
Evaluating: 76.8049478*(0.26506872-0.5)
 Parameter: XPOS <- "-18.0438847"
  
 CHARMM>            calc ypos = @B * ( ?random - 0.5 )
 Parameter: B -> "76.8049478"
 RDCMND substituted energy or value "?RANDOM" to "0.420653429"
Evaluating: 76.8049478*(0.420653429-0.5)
 Parameter: YPOS <- "-6.09420924"
  
 CHARMM>            calc zpos = @C * ( ?random - 0.5 ) + @zcen
 Parameter: C -> "100"
 Parameter: ZCEN -> "0"
 RDCMND substituted energy or value "?RANDOM" to "0.312325505"
Evaluating: 100*(0.312325505-0.5)+0
 Parameter: ZPOS <- "-18.7674495"
  
 CHARMM>     
  
 CHARMM>            if zpos .gt. -15 if zpos .lt. 15 goto doinit
 Comparing "-18.7674495" and "-15".
 IF test evaluated as false.  Skipping command
  
 CHARMM>     
  
 CHARMM>            ! move target to selected position
  
 CHARMM>            coor stat select target end
 SELRPN>      1 atoms have been selected out of  24952
 STATISTICS FOR         1 SELECTED ATOMS:
    XMIN =  -33.830286 XMAX =  -33.830286 XAVE =  -33.830286
    YMIN =   34.759307 YMAX =   34.759307 YAVE =   34.759307
    ZMIN =  -35.494258 ZMAX =  -35.494258 ZAVE =  -35.494258
    WMIN =    1.000000 WMAX =    1.000000 WAVE =    1.000000
  
 CHARMM>            calc xtran = @xpos - ?xave
 Parameter: XPOS -> "-18.0438847"
 RDCMND substituted energy or value "?XAVE" to "-33.8302857"
Evaluating: -18.0438847--33.8302857
 Parameter: XTRAN <- "15.786401"
  
 CHARMM>            calc ytran = @ypos - ?yave
 Parameter: YPOS -> "-6.09420924"
 RDCMND substituted energy or value "?YAVE" to "34.7593074"
Evaluating: -6.09420924-34.7593074
 Parameter: YTRAN <- "-40.8535166"
  
 CHARMM>            calc ztran = @zpos - ?zave
 Parameter: ZPOS -> "-18.7674495"
 RDCMND substituted energy or value "?ZAVE" to "-35.494258"
Evaluating: -18.7674495--35.494258
 Parameter: ZTRAN <- "16.7268085"
  
 CHARMM>            coor trans xdir @xtran ydir @ytran zdir @ztran select target end
 Parameter: XTRAN -> "15.786401"
 Parameter: YTRAN -> "-40.8535166"
 Parameter: ZTRAN -> "16.7268085"
 SELRPN>      1 atoms have been selected out of  24952
 TRANSLATION VECTOR    15.786401  -40.853517   16.726809
 SELECTED COORDINATES TRANSLATED IN THE MAIN SET.

  
 CHARMM>     
  
 CHARMM>            ! apply a random rotation along XYZ
  
 CHARMM>            calc xphi = ?random * 360.0
 RDCMND substituted energy or value "?RANDOM" to "0.911756625"
Evaluating: 0.911756625*360.0
 Parameter: XPHI <- "328.232385"
  
 CHARMM>            calc yphi = ?random * 360.0
 RDCMND substituted energy or value "?RANDOM" to "0.942677347"
Evaluating: 0.942677347*360.0
 Parameter: YPHI <- "339.363845"
  
 CHARMM>            calc zphi = ?random * 360.0
 RDCMND substituted energy or value "?RANDOM" to "0.311793678"
Evaluating: 0.311793678*360.0
 Parameter: ZPHI <- "112.245724"
  
 CHARMM>            coor rotate xcen @xpos ycen @ypos zcen @zpos xdir 1.0 -
 CHARMM>                phi @xphi select target end
 Parameter: XPOS -> "-18.0438847"
 Parameter: YPOS -> "-6.09420924"
 Parameter: ZPOS -> "-18.7674495"
 Parameter: XPHI -> "328.232385"
 SELRPN>      1 atoms have been selected out of  24952
 ROTATION MATRIX
    1.000000    0.000000    0.000000
    0.000000    0.850190   -0.526475
    0.000000    0.526475    0.850190

 AXIS OF ROTATION IS -1.000000  0.000000  0.000000  ANGLE IS   31.77

 SELECTED COORDINATES ROTATED IN THE MAIN SET.

  
 CHARMM>            coor rotate xcen @xpos ycen @ypos zcen @zpos ydir 1.0 -
 CHARMM>                phi @yphi select target end
 Parameter: XPOS -> "-18.0438847"
 Parameter: YPOS -> "-6.09420924"
 Parameter: ZPOS -> "-18.7674495"
 Parameter: YPHI -> "339.363845"
 SELRPN>      1 atoms have been selected out of  24952
 ROTATION MATRIX
    0.935837    0.000000    0.352432
    0.000000    1.000000    0.000000
   -0.352432    0.000000    0.935837

 AXIS OF ROTATION IS  0.000000 -1.000000  0.000000  ANGLE IS   20.64

 SELECTED COORDINATES ROTATED IN THE MAIN SET.

  
 CHARMM>            coor rotate xcen @xpos ycen @ypos zcen @zpos zdir 1.0 -
 CHARMM>                phi @zphi select target end
 Parameter: XPOS -> "-18.0438847"
 Parameter: YPOS -> "-6.09420924"
 Parameter: ZPOS -> "-18.7674495"
 Parameter: ZPHI -> "112.245724"
 SELRPN>      1 atoms have been selected out of  24952
 ROTATION MATRIX
   -0.378580    0.925569    0.000000
   -0.925569   -0.378580    0.000000
    0.000000    0.000000    1.000000

 AXIS OF ROTATION IS  0.000000  0.000000  1.000000  ANGLE IS  112.25

 SELECTED COORDINATES ROTATED IN THE MAIN SET.

  
 CHARMM>     
  
 CHARMM>     
  
 CHARMM>            calc dcut = 3.5
Evaluating: 3.5
 Parameter: DCUT <- "3.5"
  
 CHARMM>     
  
 CHARMM>            coor stat sele target end
 SELRPN>      1 atoms have been selected out of  24952
 STATISTICS FOR         1 SELECTED ATOMS:
    XMIN =  -18.043885 XMAX =  -18.043885 XAVE =  -18.043885
    YMIN =   -6.094209 YMAX =   -6.094209 YAVE =   -6.094209
    ZMIN =  -18.767449 ZMAX =  -18.767449 ZAVE =  -18.767449
    WMIN =    1.000000 WMAX =    1.000000 WAVE =    1.000000
  
 CHARMM>            calc xmax = ?xmax + @dcut
 Parameter: DCUT -> "3.5"
 RDCMND substituted energy or value "?XMAX" to "-18.0438847"
Evaluating: -18.0438847+3.5
 Parameter: XMAX <- "-14.5438847"
  
 CHARMM>            calc ymax = ?ymax + @dcut
 Parameter: DCUT -> "3.5"
 RDCMND substituted energy or value "?YMAX" to "-6.09420926"
Evaluating: -6.09420926+3.5
 Parameter: YMAX <- "-2.59420926"
  
 CHARMM>            calc zmax = ?zmax + @dcut
 Parameter: DCUT -> "3.5"
 RDCMND substituted energy or value "?ZMAX" to "-18.7674495"
Evaluating: -18.7674495+3.5
 Parameter: ZMAX <- "-15.2674495"
  
 CHARMM>            calc xmin = ?xmin - @dcut
 Parameter: DCUT -> "3.5"
 RDCMND substituted energy or value "?XMIN" to "-18.0438847"
Evaluating: -18.0438847-3.5
 Parameter: XMIN <- "-21.5438847"
  
 CHARMM>            calc ymin = ?ymin - @dcut
 Parameter: DCUT -> "3.5"
 RDCMND substituted energy or value "?YMIN" to "-6.09420926"
Evaluating: -6.09420926-3.5
 Parameter: YMIN <- "-9.59420926"
  
 CHARMM>            calc zmin = ?zmin - @dcut
 Parameter: DCUT -> "3.5"
 RDCMND substituted energy or value "?ZMIN" to "-18.7674495"
Evaluating: -18.7674495-3.5
 Parameter: ZMIN <- "-22.2674495"
  
 CHARMM>     
  
 CHARMM>            define JUNK sele .not. target .and. -
 CHARMM>                             prop X .lt. @xmax .and. prop X .gt. @xmin .and. -
 CHARMM>                             prop Y .lt. @ymax .and. prop Y .gt. @ymin .and. -
 CHARMM>                             prop Z .lt. @zmax .and. prop Z .gt. @zmin  end
 Parameter: XMAX -> "-14.5438847"
 Parameter: XMIN -> "-21.5438847"
 Parameter: YMAX -> "-2.59420926"
 Parameter: YMIN -> "-9.59420926"
 Parameter: ZMAX -> "-15.2674495"
 Parameter: ZMIN -> "-22.2674495"
 SELRPN>     29 atoms have been selected out of  24952
  
 CHARMM>     
  
 CHARMM>            ! check if the ions are too close to protein
  
 CHARMM>            define XXX sele PROT end
 SELRPN>      0 atoms have been selected out of  24952
  
 CHARMM>            if ?nsel .gt. 0 then
 RDCMND substituted energy or value "?NSEL" to "0"
 Comparing "0" and "0".
 IF test evaluated as false.  Skip to ELSE or ENDIF
  
 CHARMM>     
  
 CHARMM>            ! check if the ions are too close to solute
  
 CHARMM>            coor dist cut 4.0 sele target end sele JUNK .and. .not. hydrogen end image
 SELRPN>      1 atoms have been selected out of  36561
 SELRPN>     15 atoms have been selected out of  36561

            DISTANCES FOR SELECTED ATOMS
24922 POS      SOD      22       SOD     -**** MEMB     DOPC     118      N             2.9608
24922 POS      SOD      22       SOD     -**** MEMB     DOPC     118      C12           3.2138
24922 POS      SOD      22       SOD     -**** MEMB     DOPC     118      C14           2.2477
24922 POS      SOD      22       SOD     -**** MEMB     DOPC     118      C15           3.2207
24922 POS      SOD      22       SOD     -**** MEMB     DOPC     118      C11           2.6713
24922 POS      SOD      22       SOD     -**** MEMB     DOPC     118      P             2.5368
24922 POS      SOD      22       SOD     -**** MEMB     DOPC     118      O13           3.1316
24922 POS      SOD      22       SOD     -**** MEMB     DOPC     118      O14           3.8801
24922 POS      SOD      22       SOD     -**** MEMB     DOPC     118      O12           1.8912
24922 POS      SOD      22       SOD     -**** MEMB     DOPC     118      O11           2.3417
24922 POS      SOD      22       SOD     -**** MEMB     DOPC     118      C1            1.5337
24922 POS      SOD      22       SOD     -**** MEMB     DOPC     118      C2            2.9960
24922 POS      SOD      22       SOD     -**** MEMB     DOPC     118      O21           3.9053
24922 POS      SOD      22       SOD     -**** MEMB     DOPC     118      C3            3.9913
 TOTAL EXCLUSION COUNT =         0
 TOTAL 1-4 EXCLUSIONS  =         0
 TOTAL NON-EXCLUSIONS  =        14
  
 CHARMM>            if ?npair .gt. 0 goto doinit
 RDCMND substituted energy or value "?NPAIR" to "14"
 Comparing "14" and "0".
 IF test evaluated as true.  Performing command
  
 CHARMM>     
  
 CHARMM>            calc cntrand = @cntrand + 1
 Parameter: CNTRAND -> "3"
Evaluating: 3+1
 Parameter: CNTRAND <- "4"
  
 CHARMM>            if cntrand .gt. 100 stop ! ABNORMAL TERMINATION: ion placing may not work.. stop here
 Comparing "4" and "100".
 IF test evaluated as false.  Skipping command
  
 CHARMM>     
  
 CHARMM>            calc j = @i
 Parameter: I -> "22"
Evaluating: 22
 Parameter: J <- "22"
  
 CHARMM>            set ion = POS
 Parameter: ION <- "POS"
  
 CHARMM>     
  
 CHARMM>            if j .gt. @npos then
 Parameter: NPOS -> "26"
 Comparing "22" and "26".
 IF test evaluated as false.  Skip to ELSE or ENDIF
  
 CHARMM>     
  
 CHARMM>            define target select segid @ion .and. resid @j end
 Parameter: ION -> "POS"
 Parameter: J -> "22"
 SELRPN>      1 atoms have been selected out of  24952
  
 CHARMM>     
  
 CHARMM>            calc xpos = @A * ( ?random - 0.5 )
 Parameter: A -> "76.8049478"
 RDCMND substituted energy or value "?RANDOM" to "0.64074753"
Evaluating: 76.8049478*(0.64074753-0.5)
 Parameter: XPOS <- "10.8101067"
  
 CHARMM>            calc ypos = @B * ( ?random - 0.5 )
 Parameter: B -> "76.8049478"
 RDCMND substituted energy or value "?RANDOM" to "0.700750263"
Evaluating: 76.8049478*(0.700750263-0.5)
 Parameter: YPOS <- "15.4186135"
  
 CHARMM>            calc zpos = @C * ( ?random - 0.5 ) + @zcen
 Parameter: C -> "100"
 Parameter: ZCEN -> "0"
 RDCMND substituted energy or value "?RANDOM" to "0.802754554"
Evaluating: 100*(0.802754554-0.5)+0
 Parameter: ZPOS <- "30.2754554"
  
 CHARMM>     
  
 CHARMM>            if zpos .gt. -15 if zpos .lt. 15 goto doinit
 Comparing "30.2754554" and "-15".
 IF test evaluated as true.  Performing command
 Comparing "30.2754554" and "15".
 IF test evaluated as false.  Skipping command
  
 CHARMM>     
  
 CHARMM>            ! move target to selected position
  
 CHARMM>            coor stat select target end
 SELRPN>      1 atoms have been selected out of  24952
 STATISTICS FOR         1 SELECTED ATOMS:
    XMIN =  -18.043885 XMAX =  -18.043885 XAVE =  -18.043885
    YMIN =   -6.094209 YMAX =   -6.094209 YAVE =   -6.094209
    ZMIN =  -18.767449 ZMAX =  -18.767449 ZAVE =  -18.767449
    WMIN =    1.000000 WMAX =    1.000000 WAVE =    1.000000
  
 CHARMM>            calc xtran = @xpos - ?xave
 Parameter: XPOS -> "10.8101067"
 RDCMND substituted energy or value "?XAVE" to "-18.0438847"
Evaluating: 10.8101067--18.0438847
 Parameter: XTRAN <- "28.8539914"
  
 CHARMM>            calc ytran = @ypos - ?yave
 Parameter: YPOS -> "15.4186135"
 RDCMND substituted energy or value "?YAVE" to "-6.09420926"
Evaluating: 15.4186135--6.09420926
 Parameter: YTRAN <- "21.5128228"
  
 CHARMM>            calc ztran = @zpos - ?zave
 Parameter: ZPOS -> "30.2754554"
 RDCMND substituted energy or value "?ZAVE" to "-18.7674495"
Evaluating: 30.2754554--18.7674495
 Parameter: ZTRAN <- "49.0429049"
  
 CHARMM>            coor trans xdir @xtran ydir @ytran zdir @ztran select target end
 Parameter: XTRAN -> "28.8539914"
 Parameter: YTRAN -> "21.5128228"
 Parameter: ZTRAN -> "49.0429049"
 SELRPN>      1 atoms have been selected out of  24952
 TRANSLATION VECTOR    28.853991   21.512823   49.042905
 SELECTED COORDINATES TRANSLATED IN THE MAIN SET.

  
 CHARMM>     
  
 CHARMM>            ! apply a random rotation along XYZ
  
 CHARMM>            calc xphi = ?random * 360.0
 RDCMND substituted energy or value "?RANDOM" to "0.360020998"
Evaluating: 0.360020998*360.0
 Parameter: XPHI <- "129.607559"
  
 CHARMM>            calc yphi = ?random * 360.0
 RDCMND substituted energy or value "?RANDOM" to "5.681127552E-02"
Evaluating: 5.681127552E-02*360.0
 Parameter: YPHI <- "20.4520592"
  
 CHARMM>            calc zphi = ?random * 360.0
 RDCMND substituted energy or value "?RANDOM" to "6.339813437E-02"
Evaluating: 6.339813437E-02*360.0
 Parameter: ZPHI <- "22.8233284"
  
 CHARMM>            coor rotate xcen @xpos ycen @ypos zcen @zpos xdir 1.0 -
 CHARMM>                phi @xphi select target end
 Parameter: XPOS -> "10.8101067"
 Parameter: YPOS -> "15.4186135"
 Parameter: ZPOS -> "30.2754554"
 Parameter: XPHI -> "129.607559"
 SELRPN>      1 atoms have been selected out of  24952
 ROTATION MATRIX
    1.000000    0.000000    0.000000
    0.000000   -0.637526    0.770429
    0.000000   -0.770429   -0.637526

 AXIS OF ROTATION IS  1.000000  0.000000  0.000000  ANGLE IS  129.61

 SELECTED COORDINATES ROTATED IN THE MAIN SET.

  
 CHARMM>            coor rotate xcen @xpos ycen @ypos zcen @zpos ydir 1.0 -
 CHARMM>                phi @yphi select target end
 Parameter: XPOS -> "10.8101067"
 Parameter: YPOS -> "15.4186135"
 Parameter: ZPOS -> "30.2754554"
 Parameter: YPHI -> "20.4520592"
 SELRPN>      1 atoms have been selected out of  24952
 ROTATION MATRIX
    0.936965    0.000000   -0.349424
    0.000000    1.000000    0.000000
    0.349424    0.000000    0.936965

 AXIS OF ROTATION IS  0.000000  1.000000  0.000000  ANGLE IS   20.45

 SELECTED COORDINATES ROTATED IN THE MAIN SET.

  
 CHARMM>            coor rotate xcen @xpos ycen @ypos zcen @zpos zdir 1.0 -
 CHARMM>                phi @zphi select target end
 Parameter: XPOS -> "10.8101067"
 Parameter: YPOS -> "15.4186135"
 Parameter: ZPOS -> "30.2754554"
 Parameter: ZPHI -> "22.8233284"
 SELRPN>      1 atoms have been selected out of  24952
 ROTATION MATRIX
    0.921705    0.387891    0.000000
   -0.387891    0.921705    0.000000
    0.000000    0.000000    1.000000

 AXIS OF ROTATION IS  0.000000  0.000000  1.000000  ANGLE IS   22.82

 SELECTED COORDINATES ROTATED IN THE MAIN SET.

  
 CHARMM>     
  
 CHARMM>     
  
 CHARMM>            calc dcut = 3.5
Evaluating: 3.5
 Parameter: DCUT <- "3.5"
  
 CHARMM>     
  
 CHARMM>            coor stat sele target end
 SELRPN>      1 atoms have been selected out of  24952
 STATISTICS FOR         1 SELECTED ATOMS:
    XMIN =   10.810107 XMAX =   10.810107 XAVE =   10.810107
    YMIN =   15.418613 YMAX =   15.418613 YAVE =   15.418613
    ZMIN =   30.275455 ZMAX =   30.275455 ZAVE =   30.275455
    WMIN =    1.000000 WMAX =    1.000000 WAVE =    1.000000
  
 CHARMM>            calc xmax = ?xmax + @dcut
 Parameter: DCUT -> "3.5"
 RDCMND substituted energy or value "?XMAX" to "10.8101067"
Evaluating: 10.8101067+3.5
 Parameter: XMAX <- "14.3101067"
  
 CHARMM>            calc ymax = ?ymax + @dcut
 Parameter: DCUT -> "3.5"
 RDCMND substituted energy or value "?YMAX" to "15.4186135"
Evaluating: 15.4186135+3.5
 Parameter: YMAX <- "18.9186135"
  
 CHARMM>            calc zmax = ?zmax + @dcut
 Parameter: DCUT -> "3.5"
 RDCMND substituted energy or value "?ZMAX" to "30.2754554"
Evaluating: 30.2754554+3.5
 Parameter: ZMAX <- "33.7754554"
  
 CHARMM>            calc xmin = ?xmin - @dcut
 Parameter: DCUT -> "3.5"
 RDCMND substituted energy or value "?XMIN" to "10.8101067"
Evaluating: 10.8101067-3.5
 Parameter: XMIN <- "7.3101067"
  
 CHARMM>            calc ymin = ?ymin - @dcut
 Parameter: DCUT -> "3.5"
 RDCMND substituted energy or value "?YMIN" to "15.4186135"
Evaluating: 15.4186135-3.5
 Parameter: YMIN <- "11.9186135"
  
 CHARMM>            calc zmin = ?zmin - @dcut
 Parameter: DCUT -> "3.5"
 RDCMND substituted energy or value "?ZMIN" to "30.2754554"
Evaluating: 30.2754554-3.5
 Parameter: ZMIN <- "26.7754554"
  
 CHARMM>     
  
 CHARMM>            define JUNK sele .not. target .and. -
 CHARMM>                             prop X .lt. @xmax .and. prop X .gt. @xmin .and. -
 CHARMM>                             prop Y .lt. @ymax .and. prop Y .gt. @ymin .and. -
 CHARMM>                             prop Z .lt. @zmax .and. prop Z .gt. @zmin  end
 Parameter: XMAX -> "14.3101067"
 Parameter: XMIN -> "7.3101067"
 Parameter: YMAX -> "18.9186135"
 Parameter: YMIN -> "11.9186135"
 Parameter: ZMAX -> "33.7754554"
 Parameter: ZMIN -> "26.7754554"
 SELRPN>      4 atoms have been selected out of  24952
  
 CHARMM>     
  
 CHARMM>            ! check if the ions are too close to protein
  
 CHARMM>            define XXX sele PROT end
 SELRPN>      0 atoms have been selected out of  24952
  
 CHARMM>            if ?nsel .gt. 0 then
 RDCMND substituted energy or value "?NSEL" to "0"
 Comparing "0" and "0".
 IF test evaluated as false.  Skip to ELSE or ENDIF
  
 CHARMM>     
  
 CHARMM>            ! check if the ions are too close to solute
  
 CHARMM>            coor dist cut 4.0 sele target end sele JUNK .and. .not. hydrogen end image
 SELRPN>      1 atoms have been selected out of  36561
 SELRPN>      1 atoms have been selected out of  36561

            DISTANCES FOR SELECTED ATOMS
 TOTAL EXCLUSION COUNT =         0
 TOTAL 1-4 EXCLUSIONS  =         0
 TOTAL NON-EXCLUSIONS  =         0
  
 CHARMM>            if ?npair .gt. 0 goto doinit
 RDCMND substituted energy or value "?NPAIR" to "0"
 Comparing "0" and "0".
 IF test evaluated as false.  Skipping command
  
 CHARMM>     
  
 CHARMM>            calc cntrand = 0
Evaluating: 0
 Parameter: CNTRAND <- "0"
  
 CHARMM>            increase i by 1
 Parameter: I <- "23"
  
 CHARMM>            if i .le. @nion goto doinit
 Parameter: NION -> "52"
 Comparing "23" and "52".
 IF test evaluated as true.  Performing command
  
 CHARMM>     
  
 CHARMM>            calc cntrand = @cntrand + 1
 Parameter: CNTRAND -> "0"
Evaluating: 0+1
 Parameter: CNTRAND <- "1"
  
 CHARMM>            if cntrand .gt. 100 stop ! ABNORMAL TERMINATION: ion placing may not work.. stop here
 Comparing "1" and "100".
 IF test evaluated as false.  Skipping command
  
 CHARMM>     
  
 CHARMM>            calc j = @i
 Parameter: I -> "23"
Evaluating: 23
 Parameter: J <- "23"
  
 CHARMM>            set ion = POS
 Parameter: ION <- "POS"
  
 CHARMM>     
  
 CHARMM>            if j .gt. @npos then
 Parameter: NPOS -> "26"
 Comparing "23" and "26".
 IF test evaluated as false.  Skip to ELSE or ENDIF
  
 CHARMM>     
  
 CHARMM>            define target select segid @ion .and. resid @j end
 Parameter: ION -> "POS"
 Parameter: J -> "23"
 SELRPN>      1 atoms have been selected out of  24952
  
 CHARMM>     
  
 CHARMM>            calc xpos = @A * ( ?random - 0.5 )
 Parameter: A -> "76.8049478"
 RDCMND substituted energy or value "?RANDOM" to "0.378603206"
Evaluating: 76.8049478*(0.378603206-0.5)
 Parameter: XPOS <- "-9.32387443"
  
 CHARMM>            calc ypos = @B * ( ?random - 0.5 )
 Parameter: B -> "76.8049478"
 RDCMND substituted energy or value "?RANDOM" to "1.830027685E-02"
Evaluating: 76.8049478*(1.830027685E-02-0.5)
 Parameter: YPOS <- "-36.9969221"
  
 CHARMM>            calc zpos = @C * ( ?random - 0.5 ) + @zcen
 Parameter: C -> "100"
 Parameter: ZCEN -> "0"
 RDCMND substituted energy or value "?RANDOM" to "0.463914644"
Evaluating: 100*(0.463914644-0.5)+0
 Parameter: ZPOS <- "-3.6085356"
  
 CHARMM>     
  
 CHARMM>            if zpos .gt. -15 if zpos .lt. 15 goto doinit
 Comparing "-3.6085356" and "-15".
 IF test evaluated as true.  Performing command
 Comparing "-3.6085356" and "15".
 IF test evaluated as true.  Performing command
  
 CHARMM>     
  
 CHARMM>            calc cntrand = @cntrand + 1
 Parameter: CNTRAND -> "1"
Evaluating: 1+1
 Parameter: CNTRAND <- "2"
  
 CHARMM>            if cntrand .gt. 100 stop ! ABNORMAL TERMINATION: ion placing may not work.. stop here
 Comparing "2" and "100".
 IF test evaluated as false.  Skipping command
  
 CHARMM>     
  
 CHARMM>            calc j = @i
 Parameter: I -> "23"
Evaluating: 23
 Parameter: J <- "23"
  
 CHARMM>            set ion = POS
 Parameter: ION <- "POS"
  
 CHARMM>     
  
 CHARMM>            if j .gt. @npos then
 Parameter: NPOS -> "26"
 Comparing "23" and "26".
 IF test evaluated as false.  Skip to ELSE or ENDIF
  
 CHARMM>     
  
 CHARMM>            define target select segid @ion .and. resid @j end
 Parameter: ION -> "POS"
 Parameter: J -> "23"
 SELRPN>      1 atoms have been selected out of  24952
  
 CHARMM>     
  
 CHARMM>            calc xpos = @A * ( ?random - 0.5 )
 Parameter: A -> "76.8049478"
 RDCMND substituted energy or value "?RANDOM" to "0.365065211"
Evaluating: 76.8049478*(0.365065211-0.5)
 Parameter: XPOS <- "-10.3636594"
  
 CHARMM>            calc ypos = @B * ( ?random - 0.5 )
 Parameter: B -> "76.8049478"
 RDCMND substituted energy or value "?RANDOM" to "0.800276915"
Evaluating: 76.8049478*(0.800276915-0.5)
 Parameter: YPOS <- "23.0627528"
  
 CHARMM>            calc zpos = @C * ( ?random - 0.5 ) + @zcen
 Parameter: C -> "100"
 Parameter: ZCEN -> "0"
 RDCMND substituted energy or value "?RANDOM" to "0.161373901"
Evaluating: 100*(0.161373901-0.5)+0
 Parameter: ZPOS <- "-33.8626099"
  
 CHARMM>     
  
 CHARMM>            if zpos .gt. -15 if zpos .lt. 15 goto doinit
 Comparing "-33.8626099" and "-15".
 IF test evaluated as false.  Skipping command
  
 CHARMM>     
  
 CHARMM>            ! move target to selected position
  
 CHARMM>            coor stat select target end
 SELRPN>      1 atoms have been selected out of  24952
 STATISTICS FOR         1 SELECTED ATOMS:
    XMIN =    0.000000 XMAX =    0.000000 XAVE =    0.000000
    YMIN =    0.000000 YMAX =    0.000000 YAVE =    0.000000
    ZMIN =    0.000000 ZMAX =    0.000000 ZAVE =    0.000000
    WMIN =    1.000000 WMAX =    1.000000 WAVE =    1.000000
  
 CHARMM>            calc xtran = @xpos - ?xave
 Parameter: XPOS -> "-10.3636594"
 RDCMND substituted energy or value "?XAVE" to "0"
Evaluating: -10.3636594-0
 Parameter: XTRAN <- "-10.3636594"
  
 CHARMM>            calc ytran = @ypos - ?yave
 Parameter: YPOS -> "23.0627528"
 RDCMND substituted energy or value "?YAVE" to "0"
Evaluating: 23.0627528-0
 Parameter: YTRAN <- "23.0627528"
  
 CHARMM>            calc ztran = @zpos - ?zave
 Parameter: ZPOS -> "-33.8626099"
 RDCMND substituted energy or value "?ZAVE" to "0"
Evaluating: -33.8626099-0
 Parameter: ZTRAN <- "-33.8626099"
  
 CHARMM>            coor trans xdir @xtran ydir @ytran zdir @ztran select target end
 Parameter: XTRAN -> "-10.3636594"
 Parameter: YTRAN -> "23.0627528"
 Parameter: ZTRAN -> "-33.8626099"
 SELRPN>      1 atoms have been selected out of  24952
 TRANSLATION VECTOR   -10.363659   23.062753  -33.862610
 SELECTED COORDINATES TRANSLATED IN THE MAIN SET.

  
 CHARMM>     
  
 CHARMM>            ! apply a random rotation along XYZ
  
 CHARMM>            calc xphi = ?random * 360.0
 RDCMND substituted energy or value "?RANDOM" to "0.69108175"
Evaluating: 0.69108175*360.0
 Parameter: XPHI <- "248.78943"
  
 CHARMM>            calc yphi = ?random * 360.0
 RDCMND substituted energy or value "?RANDOM" to "0.871035357"
Evaluating: 0.871035357*360.0
 Parameter: YPHI <- "313.572729"
  
 CHARMM>            calc zphi = ?random * 360.0
 RDCMND substituted energy or value "?RANDOM" to "0.834003233"
Evaluating: 0.834003233*360.0
 Parameter: ZPHI <- "300.241164"
  
 CHARMM>            coor rotate xcen @xpos ycen @ypos zcen @zpos xdir 1.0 -
 CHARMM>                phi @xphi select target end
 Parameter: XPOS -> "-10.3636594"
 Parameter: YPOS -> "23.0627528"
 Parameter: ZPOS -> "-33.8626099"
 Parameter: XPHI -> "248.78943"
 SELRPN>      1 atoms have been selected out of  24952
 ROTATION MATRIX
    1.000000    0.000000    0.000000
    0.000000   -0.361797   -0.932257
    0.000000    0.932257   -0.361797

 AXIS OF ROTATION IS -1.000000  0.000000  0.000000  ANGLE IS  111.21

 SELECTED COORDINATES ROTATED IN THE MAIN SET.

  
 CHARMM>            coor rotate xcen @xpos ycen @ypos zcen @zpos ydir 1.0 -
 CHARMM>                phi @yphi select target end
 Parameter: XPOS -> "-10.3636594"
 Parameter: YPOS -> "23.0627528"
 Parameter: ZPOS -> "-33.8626099"
 Parameter: YPHI -> "313.572729"
 SELRPN>      1 atoms have been selected out of  24952
 ROTATION MATRIX
    0.689275    0.000000    0.724500
    0.000000    1.000000    0.000000
   -0.724500    0.000000    0.689275

 AXIS OF ROTATION IS  0.000000 -1.000000  0.000000  ANGLE IS   46.43

 SELECTED COORDINATES ROTATED IN THE MAIN SET.

  
 CHARMM>            coor rotate xcen @xpos ycen @ypos zcen @zpos zdir 1.0 -
 CHARMM>                phi @zphi select target end
 Parameter: XPOS -> "-10.3636594"
 Parameter: YPOS -> "23.0627528"
 Parameter: ZPOS -> "-33.8626099"
 Parameter: ZPHI -> "300.241164"
 SELRPN>      1 atoms have been selected out of  24952
 ROTATION MATRIX
    0.503641   -0.863913    0.000000
    0.863913    0.503641    0.000000
    0.000000    0.000000    1.000000

 AXIS OF ROTATION IS  0.000000  0.000000 -1.000000  ANGLE IS   59.76

 SELECTED COORDINATES ROTATED IN THE MAIN SET.

  
 CHARMM>     
  
 CHARMM>     
  
 CHARMM>            calc dcut = 3.5
Evaluating: 3.5
 Parameter: DCUT <- "3.5"
  
 CHARMM>     
  
 CHARMM>            coor stat sele target end
 SELRPN>      1 atoms have been selected out of  24952
 STATISTICS FOR         1 SELECTED ATOMS:
    XMIN =  -10.363659 XMAX =  -10.363659 XAVE =  -10.363659
    YMIN =   23.062753 YMAX =   23.062753 YAVE =   23.062753
    ZMIN =  -33.862610 ZMAX =  -33.862610 ZAVE =  -33.862610
    WMIN =    1.000000 WMAX =    1.000000 WAVE =    1.000000
  
 CHARMM>            calc xmax = ?xmax + @dcut
 Parameter: DCUT -> "3.5"
 RDCMND substituted energy or value "?XMAX" to "-10.3636594"
Evaluating: -10.3636594+3.5
 Parameter: XMAX <- "-6.8636594"
  
 CHARMM>            calc ymax = ?ymax + @dcut
 Parameter: DCUT -> "3.5"
 RDCMND substituted energy or value "?YMAX" to "23.0627528"
Evaluating: 23.0627528+3.5
 Parameter: YMAX <- "26.5627528"
  
 CHARMM>            calc zmax = ?zmax + @dcut
 Parameter: DCUT -> "3.5"
 RDCMND substituted energy or value "?ZMAX" to "-33.8626099"
Evaluating: -33.8626099+3.5
 Parameter: ZMAX <- "-30.3626099"
  
 CHARMM>            calc xmin = ?xmin - @dcut
 Parameter: DCUT -> "3.5"
 RDCMND substituted energy or value "?XMIN" to "-10.3636594"
Evaluating: -10.3636594-3.5
 Parameter: XMIN <- "-13.8636594"
  
 CHARMM>            calc ymin = ?ymin - @dcut
 Parameter: DCUT -> "3.5"
 RDCMND substituted energy or value "?YMIN" to "23.0627528"
Evaluating: 23.0627528-3.5
 Parameter: YMIN <- "19.5627528"
  
 CHARMM>            calc zmin = ?zmin - @dcut
 Parameter: DCUT -> "3.5"
 RDCMND substituted energy or value "?ZMIN" to "-33.8626099"
Evaluating: -33.8626099-3.5
 Parameter: ZMIN <- "-37.3626099"
  
 CHARMM>     
  
 CHARMM>            define JUNK sele .not. target .and. -
 CHARMM>                             prop X .lt. @xmax .and. prop X .gt. @xmin .and. -
 CHARMM>                             prop Y .lt. @ymax .and. prop Y .gt. @ymin .and. -
 CHARMM>                             prop Z .lt. @zmax .and. prop Z .gt. @zmin  end
 Parameter: XMAX -> "-6.8636594"
 Parameter: XMIN -> "-13.8636594"
 Parameter: YMAX -> "26.5627528"
 Parameter: YMIN -> "19.5627528"
 Parameter: ZMAX -> "-30.3626099"
 Parameter: ZMIN -> "-37.3626099"
 SELRPN>      0 atoms have been selected out of  24952
  
 CHARMM>     
  
 CHARMM>            ! check if the ions are too close to protein
  
 CHARMM>            define XXX sele PROT end
 SELRPN>      0 atoms have been selected out of  24952
  
 CHARMM>            if ?nsel .gt. 0 then
 RDCMND substituted energy or value "?NSEL" to "0"
 Comparing "0" and "0".
 IF test evaluated as false.  Skip to ELSE or ENDIF
  
 CHARMM>     
  
 CHARMM>            ! check if the ions are too close to solute
  
 CHARMM>            coor dist cut 4.0 sele target end sele JUNK .and. .not. hydrogen end image
 SELRPN>      1 atoms have been selected out of  36561
 SELRPN>      0 atoms have been selected out of  36561

            DISTANCES FOR SELECTED ATOMS
            ONLY ONE SELECTION SET SPECIFIED, A COMPARISON WILL BE DONE
 TOTAL EXCLUSION COUNT =         0
 TOTAL 1-4 EXCLUSIONS  =         0
 TOTAL NON-EXCLUSIONS  =         0
  
 CHARMM>            if ?npair .gt. 0 goto doinit
 RDCMND substituted energy or value "?NPAIR" to "0"
 Comparing "0" and "0".
 IF test evaluated as false.  Skipping command
  
 CHARMM>     
  
 CHARMM>            calc cntrand = 0
Evaluating: 0
 Parameter: CNTRAND <- "0"
  
 CHARMM>            increase i by 1
 Parameter: I <- "24"
  
 CHARMM>            if i .le. @nion goto doinit
 Parameter: NION -> "52"
 Comparing "24" and "52".
 IF test evaluated as true.  Performing command
  
 CHARMM>     
  
 CHARMM>            calc cntrand = @cntrand + 1
 Parameter: CNTRAND -> "0"
Evaluating: 0+1
 Parameter: CNTRAND <- "1"
  
 CHARMM>            if cntrand .gt. 100 stop ! ABNORMAL TERMINATION: ion placing may not work.. stop here
 Comparing "1" and "100".
 IF test evaluated as false.  Skipping command
  
 CHARMM>     
  
 CHARMM>            calc j = @i
 Parameter: I -> "24"
Evaluating: 24
 Parameter: J <- "24"
  
 CHARMM>            set ion = POS
 Parameter: ION <- "POS"
  
 CHARMM>     
  
 CHARMM>            if j .gt. @npos then
 Parameter: NPOS -> "26"
 Comparing "24" and "26".
 IF test evaluated as false.  Skip to ELSE or ENDIF
  
 CHARMM>     
  
 CHARMM>            define target select segid @ion .and. resid @j end
 Parameter: ION -> "POS"
 Parameter: J -> "24"
 SELRPN>      1 atoms have been selected out of  24952
  
 CHARMM>     
  
 CHARMM>            calc xpos = @A * ( ?random - 0.5 )
 Parameter: A -> "76.8049478"
 RDCMND substituted energy or value "?RANDOM" to "0.59229139"
Evaluating: 76.8049478*(0.59229139-0.5)
 Parameter: XPOS <- "7.08843539"
  
 CHARMM>            calc ypos = @B * ( ?random - 0.5 )
 Parameter: B -> "76.8049478"
 RDCMND substituted energy or value "?RANDOM" to "0.62063774"
Evaluating: 76.8049478*(0.62063774-0.5)
 Parameter: YPOS <- "9.26557532"
  
 CHARMM>            calc zpos = @C * ( ?random - 0.5 ) + @zcen
 Parameter: C -> "100"
 Parameter: ZCEN -> "0"
 RDCMND substituted energy or value "?RANDOM" to "0.745818581"
Evaluating: 100*(0.745818581-0.5)+0
 Parameter: ZPOS <- "24.5818581"
  
 CHARMM>     
  
 CHARMM>            if zpos .gt. -15 if zpos .lt. 15 goto doinit
 Comparing "24.5818581" and "-15".
 IF test evaluated as true.  Performing command
 Comparing "24.5818581" and "15".
 IF test evaluated as false.  Skipping command
  
 CHARMM>     
  
 CHARMM>            ! move target to selected position
  
 CHARMM>            coor stat select target end
 SELRPN>      1 atoms have been selected out of  24952
 STATISTICS FOR         1 SELECTED ATOMS:
    XMIN =    0.000000 XMAX =    0.000000 XAVE =    0.000000
    YMIN =    0.000000 YMAX =    0.000000 YAVE =    0.000000
    ZMIN =    0.000000 ZMAX =    0.000000 ZAVE =    0.000000
    WMIN =    1.000000 WMAX =    1.000000 WAVE =    1.000000
  
 CHARMM>            calc xtran = @xpos - ?xave
 Parameter: XPOS -> "7.08843539"
 RDCMND substituted energy or value "?XAVE" to "0"
Evaluating: 7.08843539-0
 Parameter: XTRAN <- "7.08843539"
  
 CHARMM>            calc ytran = @ypos - ?yave
 Parameter: YPOS -> "9.26557532"
 RDCMND substituted energy or value "?YAVE" to "0"
Evaluating: 9.26557532-0
 Parameter: YTRAN <- "9.26557532"
  
 CHARMM>            calc ztran = @zpos - ?zave
 Parameter: ZPOS -> "24.5818581"
 RDCMND substituted energy or value "?ZAVE" to "0"
Evaluating: 24.5818581-0
 Parameter: ZTRAN <- "24.5818581"
  
 CHARMM>            coor trans xdir @xtran ydir @ytran zdir @ztran select target end
 Parameter: XTRAN -> "7.08843539"
 Parameter: YTRAN -> "9.26557532"
 Parameter: ZTRAN -> "24.5818581"
 SELRPN>      1 atoms have been selected out of  24952
 TRANSLATION VECTOR     7.088435    9.265575   24.581858
 SELECTED COORDINATES TRANSLATED IN THE MAIN SET.

  
 CHARMM>     
  
 CHARMM>            ! apply a random rotation along XYZ
  
 CHARMM>            calc xphi = ?random * 360.0
 RDCMND substituted energy or value "?RANDOM" to "0.896151467"
Evaluating: 0.896151467*360.0
 Parameter: XPHI <- "322.614528"
  
 CHARMM>            calc yphi = ?random * 360.0
 RDCMND substituted energy or value "?RANDOM" to "0.989409658"
Evaluating: 0.989409658*360.0
 Parameter: YPHI <- "356.187477"
  
 CHARMM>            calc zphi = ?random * 360.0
 RDCMND substituted energy or value "?RANDOM" to "0.640685544"
Evaluating: 0.640685544*360.0
 Parameter: ZPHI <- "230.646796"
  
 CHARMM>            coor rotate xcen @xpos ycen @ypos zcen @zpos xdir 1.0 -
 CHARMM>                phi @xphi select target end
 Parameter: XPOS -> "7.08843539"
 Parameter: YPOS -> "9.26557532"
 Parameter: ZPOS -> "24.5818581"
 Parameter: XPHI -> "322.614528"
 SELRPN>      1 atoms have been selected out of  24952
 ROTATION MATRIX
    1.000000    0.000000    0.000000
    0.000000    0.794569   -0.607174
    0.000000    0.607174    0.794569

 AXIS OF ROTATION IS -1.000000  0.000000  0.000000  ANGLE IS   37.39

 SELECTED COORDINATES ROTATED IN THE MAIN SET.

  
 CHARMM>            coor rotate xcen @xpos ycen @ypos zcen @zpos ydir 1.0 -
 CHARMM>                phi @yphi select target end
 Parameter: XPOS -> "7.08843539"
 Parameter: YPOS -> "9.26557532"
 Parameter: ZPOS -> "24.5818581"
 Parameter: YPHI -> "356.187477"
 SELRPN>      1 atoms have been selected out of  24952
 ROTATION MATRIX
    0.997787    0.000000    0.066492
    0.000000    1.000000    0.000000
   -0.066492    0.000000    0.997787

 AXIS OF ROTATION IS  0.000000 -1.000000  0.000000  ANGLE IS    3.81

 SELECTED COORDINATES ROTATED IN THE MAIN SET.

  
 CHARMM>            coor rotate xcen @xpos ycen @ypos zcen @zpos zdir 1.0 -
 CHARMM>                phi @zphi select target end
 Parameter: XPOS -> "7.08843539"
 Parameter: YPOS -> "9.26557532"
 Parameter: ZPOS -> "24.5818581"
 Parameter: ZPHI -> "230.646796"
 SELRPN>      1 atoms have been selected out of  24952
 ROTATION MATRIX
   -0.634099   -0.773252    0.000000
    0.773252   -0.634099    0.000000
    0.000000    0.000000    1.000000

 AXIS OF ROTATION IS  0.000000  0.000000 -1.000000  ANGLE IS  129.35

 SELECTED COORDINATES ROTATED IN THE MAIN SET.

  
 CHARMM>     
  
 CHARMM>     
  
 CHARMM>            calc dcut = 3.5
Evaluating: 3.5
 Parameter: DCUT <- "3.5"
  
 CHARMM>     
  
 CHARMM>            coor stat sele target end
 SELRPN>      1 atoms have been selected out of  24952
 STATISTICS FOR         1 SELECTED ATOMS:
    XMIN =    7.088435 XMAX =    7.088435 XAVE =    7.088435
    YMIN =    9.265575 YMAX =    9.265575 YAVE =    9.265575
    ZMIN =   24.581858 ZMAX =   24.581858 ZAVE =   24.581858
    WMIN =    1.000000 WMAX =    1.000000 WAVE =    1.000000
  
 CHARMM>            calc xmax = ?xmax + @dcut
 Parameter: DCUT -> "3.5"
 RDCMND substituted energy or value "?XMAX" to "7.08843539"
Evaluating: 7.08843539+3.5
 Parameter: XMAX <- "10.5884354"
  
 CHARMM>            calc ymax = ?ymax + @dcut
 Parameter: DCUT -> "3.5"
 RDCMND substituted energy or value "?YMAX" to "9.26557532"
Evaluating: 9.26557532+3.5
 Parameter: YMAX <- "12.7655753"
  
 CHARMM>            calc zmax = ?zmax + @dcut
 Parameter: DCUT -> "3.5"
 RDCMND substituted energy or value "?ZMAX" to "24.5818581"
Evaluating: 24.5818581+3.5
 Parameter: ZMAX <- "28.0818581"
  
 CHARMM>            calc xmin = ?xmin - @dcut
 Parameter: DCUT -> "3.5"
 RDCMND substituted energy or value "?XMIN" to "7.08843539"
Evaluating: 7.08843539-3.5
 Parameter: XMIN <- "3.58843539"
  
 CHARMM>            calc ymin = ?ymin - @dcut
 Parameter: DCUT -> "3.5"
 RDCMND substituted energy or value "?YMIN" to "9.26557532"
Evaluating: 9.26557532-3.5
 Parameter: YMIN <- "5.76557532"
  
 CHARMM>            calc zmin = ?zmin - @dcut
 Parameter: DCUT -> "3.5"
 RDCMND substituted energy or value "?ZMIN" to "24.5818581"
Evaluating: 24.5818581-3.5
 Parameter: ZMIN <- "21.0818581"
  
 CHARMM>     
  
 CHARMM>            define JUNK sele .not. target .and. -
 CHARMM>                             prop X .lt. @xmax .and. prop X .gt. @xmin .and. -
 CHARMM>                             prop Y .lt. @ymax .and. prop Y .gt. @ymin .and. -
 CHARMM>                             prop Z .lt. @zmax .and. prop Z .gt. @zmin  end
 Parameter: XMAX -> "10.5884354"
 Parameter: XMIN -> "3.58843539"
 Parameter: YMAX -> "12.7655753"
 Parameter: YMIN -> "5.76557532"
 Parameter: ZMAX -> "28.0818581"
 Parameter: ZMIN -> "21.0818581"
 SELRPN>     15 atoms have been selected out of  24952
  
 CHARMM>     
  
 CHARMM>            ! check if the ions are too close to protein
  
 CHARMM>            define XXX sele PROT end
 SELRPN>      0 atoms have been selected out of  24952
  
 CHARMM>            if ?nsel .gt. 0 then
 RDCMND substituted energy or value "?NSEL" to "0"
 Comparing "0" and "0".
 IF test evaluated as false.  Skip to ELSE or ENDIF
  
 CHARMM>     
  
 CHARMM>            ! check if the ions are too close to solute
  
 CHARMM>            coor dist cut 4.0 sele target end sele JUNK .and. .not. hydrogen end image
 SELRPN>      1 atoms have been selected out of  36561
 SELRPN>     10 atoms have been selected out of  36561

            DISTANCES FOR SELECTED ATOMS
24924 POS      SOD      24       SOD     -1247 MEMB     23SM     11       C15           2.9211
24924 POS      SOD      24       SOD     -1265 MEMB     23SM     11       P             3.6145
24924 POS      SOD      24       SOD     -1266 MEMB     23SM     11       O13           3.4716
24924 POS      SOD      24       SOD     -1268 MEMB     23SM     11       O11           3.2785
24924 POS      SOD      24       SOD     -1269 MEMB     23SM     11       O12           3.2372
 TOTAL EXCLUSION COUNT =         0
 TOTAL 1-4 EXCLUSIONS  =         0
 TOTAL NON-EXCLUSIONS  =         5
  
 CHARMM>            if ?npair .gt. 0 goto doinit
 RDCMND substituted energy or value "?NPAIR" to "5"
 Comparing "5" and "0".
 IF test evaluated as true.  Performing command
  
 CHARMM>     
  
 CHARMM>            calc cntrand = @cntrand + 1
 Parameter: CNTRAND -> "1"
Evaluating: 1+1
 Parameter: CNTRAND <- "2"
  
 CHARMM>            if cntrand .gt. 100 stop ! ABNORMAL TERMINATION: ion placing may not work.. stop here
 Comparing "2" and "100".
 IF test evaluated as false.  Skipping command
  
 CHARMM>     
  
 CHARMM>            calc j = @i
 Parameter: I -> "24"
Evaluating: 24
 Parameter: J <- "24"
  
 CHARMM>            set ion = POS
 Parameter: ION <- "POS"
  
 CHARMM>     
  
 CHARMM>            if j .gt. @npos then
 Parameter: NPOS -> "26"
 Comparing "24" and "26".
 IF test evaluated as false.  Skip to ELSE or ENDIF
  
 CHARMM>     
  
 CHARMM>            define target select segid @ion .and. resid @j end
 Parameter: ION -> "POS"
 Parameter: J -> "24"
 SELRPN>      1 atoms have been selected out of  24952
  
 CHARMM>     
  
 CHARMM>            calc xpos = @A * ( ?random - 0.5 )
 Parameter: A -> "76.8049478"
 RDCMND substituted energy or value "?RANDOM" to "5.056431017E-02"
Evaluating: 76.8049478*(5.056431017E-02-0.5)
 Parameter: XPOS <- "-34.5188847"
  
 CHARMM>            calc ypos = @B * ( ?random - 0.5 )
 Parameter: B -> "76.8049478"
 RDCMND substituted energy or value "?RANDOM" to "0.613483375"
Evaluating: 76.8049478*(0.613483375-0.5)
 Parameter: YPOS <- "8.71608469"
  
 CHARMM>            calc zpos = @C * ( ?random - 0.5 ) + @zcen
 Parameter: C -> "100"
 Parameter: ZCEN -> "0"
 RDCMND substituted energy or value "?RANDOM" to "7.592034531E-02"
Evaluating: 100*(7.592034531E-02-0.5)+0
 Parameter: ZPOS <- "-42.4079655"
  
 CHARMM>     
  
 CHARMM>            if zpos .gt. -15 if zpos .lt. 15 goto doinit
 Comparing "-42.4079655" and "-15".
 IF test evaluated as false.  Skipping command
  
 CHARMM>     
  
 CHARMM>            ! move target to selected position
  
 CHARMM>            coor stat select target end
 SELRPN>      1 atoms have been selected out of  24952
 STATISTICS FOR         1 SELECTED ATOMS:
    XMIN =    7.088435 XMAX =    7.088435 XAVE =    7.088435
    YMIN =    9.265575 YMAX =    9.265575 YAVE =    9.265575
    ZMIN =   24.581858 ZMAX =   24.581858 ZAVE =   24.581858
    WMIN =    1.000000 WMAX =    1.000000 WAVE =    1.000000
  
 CHARMM>            calc xtran = @xpos - ?xave
 Parameter: XPOS -> "-34.5188847"
 RDCMND substituted energy or value "?XAVE" to "7.08843539"
Evaluating: -34.5188847-7.08843539
 Parameter: XTRAN <- "-41.6073201"
  
 CHARMM>            calc ytran = @ypos - ?yave
 Parameter: YPOS -> "8.71608469"
 RDCMND substituted energy or value "?YAVE" to "9.26557532"
Evaluating: 8.71608469-9.26557532
 Parameter: YTRAN <- "-0.54949063"
  
 CHARMM>            calc ztran = @zpos - ?zave
 Parameter: ZPOS -> "-42.4079655"
 RDCMND substituted energy or value "?ZAVE" to "24.5818581"
Evaluating: -42.4079655-24.5818581
 Parameter: ZTRAN <- "-66.9898236"
  
 CHARMM>            coor trans xdir @xtran ydir @ytran zdir @ztran select target end
 Parameter: XTRAN -> "-41.6073201"
 Parameter: YTRAN -> "-0.54949063"
 Parameter: ZTRAN -> "-66.9898236"
 SELRPN>      1 atoms have been selected out of  24952
 TRANSLATION VECTOR   -41.607320   -0.549491  -66.989824
 SELECTED COORDINATES TRANSLATED IN THE MAIN SET.

  
 CHARMM>     
  
 CHARMM>            ! apply a random rotation along XYZ
  
 CHARMM>            calc xphi = ?random * 360.0
 RDCMND substituted energy or value "?RANDOM" to "0.558830888"
Evaluating: 0.558830888*360.0
 Parameter: XPHI <- "201.17912"
  
 CHARMM>            calc yphi = ?random * 360.0
 RDCMND substituted energy or value "?RANDOM" to "0.762378672"
Evaluating: 0.762378672*360.0
 Parameter: YPHI <- "274.456322"
  
 CHARMM>            calc zphi = ?random * 360.0
 RDCMND substituted energy or value "?RANDOM" to "0.774961929"
Evaluating: 0.774961929*360.0
 Parameter: ZPHI <- "278.986294"
  
 CHARMM>            coor rotate xcen @xpos ycen @ypos zcen @zpos xdir 1.0 -
 CHARMM>                phi @xphi select target end
 Parameter: XPOS -> "-34.5188847"
 Parameter: YPOS -> "8.71608469"
 Parameter: ZPOS -> "-42.4079655"
 Parameter: XPHI -> "201.17912"
 SELRPN>      1 atoms have been selected out of  24952
 ROTATION MATRIX
    1.000000    0.000000    0.000000
    0.000000   -0.932456   -0.361285
    0.000000    0.361285   -0.932456

 AXIS OF ROTATION IS -1.000000  0.000000  0.000000  ANGLE IS  158.82

 SELECTED COORDINATES ROTATED IN THE MAIN SET.

  
 CHARMM>            coor rotate xcen @xpos ycen @ypos zcen @zpos ydir 1.0 -
 CHARMM>                phi @yphi select target end
 Parameter: XPOS -> "-34.5188847"
 Parameter: YPOS -> "8.71608469"
 Parameter: ZPOS -> "-42.4079655"
 Parameter: YPHI -> "274.456322"
 SELRPN>      1 atoms have been selected out of  24952
 ROTATION MATRIX
    0.077699    0.000000    0.996977
    0.000000    1.000000    0.000000
   -0.996977    0.000000    0.077699

 AXIS OF ROTATION IS  0.000000 -1.000000  0.000000  ANGLE IS   85.54

 SELECTED COORDINATES ROTATED IN THE MAIN SET.

  
 CHARMM>            coor rotate xcen @xpos ycen @ypos zcen @zpos zdir 1.0 -
 CHARMM>                phi @zphi select target end
 Parameter: XPOS -> "-34.5188847"
 Parameter: YPOS -> "8.71608469"
 Parameter: ZPOS -> "-42.4079655"
 Parameter: ZPHI -> "278.986294"
 SELRPN>      1 atoms have been selected out of  24952
 ROTATION MATRIX
    0.156198   -0.987726    0.000000
    0.987726    0.156198    0.000000
    0.000000    0.000000    1.000000

 AXIS OF ROTATION IS  0.000000  0.000000 -1.000000  ANGLE IS   81.01

 SELECTED COORDINATES ROTATED IN THE MAIN SET.

  
 CHARMM>     
  
 CHARMM>     
  
 CHARMM>            calc dcut = 3.5
Evaluating: 3.5
 Parameter: DCUT <- "3.5"
  
 CHARMM>     
  
 CHARMM>            coor stat sele target end
 SELRPN>      1 atoms have been selected out of  24952
 STATISTICS FOR         1 SELECTED ATOMS:
    XMIN =  -34.518885 XMAX =  -34.518885 XAVE =  -34.518885
    YMIN =    8.716085 YMAX =    8.716085 YAVE =    8.716085
    ZMIN =  -42.407965 ZMAX =  -42.407965 ZAVE =  -42.407965
    WMIN =    1.000000 WMAX =    1.000000 WAVE =    1.000000
  
 CHARMM>            calc xmax = ?xmax + @dcut
 Parameter: DCUT -> "3.5"
 RDCMND substituted energy or value "?XMAX" to "-34.5188847"
Evaluating: -34.5188847+3.5
 Parameter: XMAX <- "-31.0188847"
  
 CHARMM>            calc ymax = ?ymax + @dcut
 Parameter: DCUT -> "3.5"
 RDCMND substituted energy or value "?YMAX" to "8.71608469"
Evaluating: 8.71608469+3.5
 Parameter: YMAX <- "12.2160847"
  
 CHARMM>            calc zmax = ?zmax + @dcut
 Parameter: DCUT -> "3.5"
 RDCMND substituted energy or value "?ZMAX" to "-42.4079655"
Evaluating: -42.4079655+3.5
 Parameter: ZMAX <- "-38.9079655"
  
 CHARMM>            calc xmin = ?xmin - @dcut
 Parameter: DCUT -> "3.5"
 RDCMND substituted energy or value "?XMIN" to "-34.5188847"
Evaluating: -34.5188847-3.5
 Parameter: XMIN <- "-38.0188847"
  
 CHARMM>            calc ymin = ?ymin - @dcut
 Parameter: DCUT -> "3.5"
 RDCMND substituted energy or value "?YMIN" to "8.71608469"
Evaluating: 8.71608469-3.5
 Parameter: YMIN <- "5.21608469"
  
 CHARMM>            calc zmin = ?zmin - @dcut
 Parameter: DCUT -> "3.5"
 RDCMND substituted energy or value "?ZMIN" to "-42.4079655"
Evaluating: -42.4079655-3.5
 Parameter: ZMIN <- "-45.9079655"
  
 CHARMM>     
  
 CHARMM>            define JUNK sele .not. target .and. -
 CHARMM>                             prop X .lt. @xmax .and. prop X .gt. @xmin .and. -
 CHARMM>                             prop Y .lt. @ymax .and. prop Y .gt. @ymin .and. -
 CHARMM>                             prop Z .lt. @zmax .and. prop Z .gt. @zmin  end
 Parameter: XMAX -> "-31.0188847"
 Parameter: XMIN -> "-38.0188847"
 Parameter: YMAX -> "12.2160847"
 Parameter: YMIN -> "5.21608469"
 Parameter: ZMAX -> "-38.9079655"
 Parameter: ZMIN -> "-45.9079655"
 SELRPN>      0 atoms have been selected out of  24952
  
 CHARMM>     
  
 CHARMM>            ! check if the ions are too close to protein
  
 CHARMM>            define XXX sele PROT end
 SELRPN>      0 atoms have been selected out of  24952
  
 CHARMM>            if ?nsel .gt. 0 then
 RDCMND substituted energy or value "?NSEL" to "0"
 Comparing "0" and "0".
 IF test evaluated as false.  Skip to ELSE or ENDIF
  
 CHARMM>     
  
 CHARMM>            ! check if the ions are too close to solute
  
 CHARMM>            coor dist cut 4.0 sele target end sele JUNK .and. .not. hydrogen end image
 SELRPN>      1 atoms have been selected out of  36561
 SELRPN>      0 atoms have been selected out of  36561

            DISTANCES FOR SELECTED ATOMS
            ONLY ONE SELECTION SET SPECIFIED, A COMPARISON WILL BE DONE
 TOTAL EXCLUSION COUNT =         0
 TOTAL 1-4 EXCLUSIONS  =         0
 TOTAL NON-EXCLUSIONS  =         0
  
 CHARMM>            if ?npair .gt. 0 goto doinit
 RDCMND substituted energy or value "?NPAIR" to "0"
 Comparing "0" and "0".
 IF test evaluated as false.  Skipping command
  
 CHARMM>     
  
 CHARMM>            calc cntrand = 0
Evaluating: 0
 Parameter: CNTRAND <- "0"
  
 CHARMM>            increase i by 1
 Parameter: I <- "25"
  
 CHARMM>            if i .le. @nion goto doinit
 Parameter: NION -> "52"
 Comparing "25" and "52".
 IF test evaluated as true.  Performing command
  
 CHARMM>     
  
 CHARMM>            calc cntrand = @cntrand + 1
 Parameter: CNTRAND -> "0"
Evaluating: 0+1
 Parameter: CNTRAND <- "1"
  
 CHARMM>            if cntrand .gt. 100 stop ! ABNORMAL TERMINATION: ion placing may not work.. stop here
 Comparing "1" and "100".
 IF test evaluated as false.  Skipping command
  
 CHARMM>     
  
 CHARMM>            calc j = @i
 Parameter: I -> "25"
Evaluating: 25
 Parameter: J <- "25"
  
 CHARMM>            set ion = POS
 Parameter: ION <- "POS"
  
 CHARMM>     
  
 CHARMM>            if j .gt. @npos then
 Parameter: NPOS -> "26"
 Comparing "25" and "26".
 IF test evaluated as false.  Skip to ELSE or ENDIF
  
 CHARMM>     
  
 CHARMM>            define target select segid @ion .and. resid @j end
 Parameter: ION -> "POS"
 Parameter: J -> "25"
 SELRPN>      1 atoms have been selected out of  24952
  
 CHARMM>     
  
 CHARMM>            calc xpos = @A * ( ?random - 0.5 )
 Parameter: A -> "76.8049478"
 RDCMND substituted energy or value "?RANDOM" to "0.393102917"
Evaluating: 76.8049478*(0.393102917-0.5)
 Parameter: XPOS <- "-8.21022488"
  
 CHARMM>            calc ypos = @B * ( ?random - 0.5 )
 Parameter: B -> "76.8049478"
 RDCMND substituted energy or value "?RANDOM" to "0.285642264"
Evaluating: 76.8049478*(0.285642264-0.5)
 Parameter: YPOS <- "-16.4637347"
  
 CHARMM>            calc zpos = @C * ( ?random - 0.5 ) + @zcen
 Parameter: C -> "100"
 Parameter: ZCEN -> "0"
 RDCMND substituted energy or value "?RANDOM" to "0.143735265"
Evaluating: 100*(0.143735265-0.5)+0
 Parameter: ZPOS <- "-35.6264735"
  
 CHARMM>     
  
 CHARMM>            if zpos .gt. -15 if zpos .lt. 15 goto doinit
 Comparing "-35.6264735" and "-15".
 IF test evaluated as false.  Skipping command
  
 CHARMM>     
  
 CHARMM>            ! move target to selected position
  
 CHARMM>            coor stat select target end
 SELRPN>      1 atoms have been selected out of  24952
 STATISTICS FOR         1 SELECTED ATOMS:
    XMIN =    0.000000 XMAX =    0.000000 XAVE =    0.000000
    YMIN =    0.000000 YMAX =    0.000000 YAVE =    0.000000
    ZMIN =    0.000000 ZMAX =    0.000000 ZAVE =    0.000000
    WMIN =    1.000000 WMAX =    1.000000 WAVE =    1.000000
  
 CHARMM>            calc xtran = @xpos - ?xave
 Parameter: XPOS -> "-8.21022488"
 RDCMND substituted energy or value "?XAVE" to "0"
Evaluating: -8.21022488-0
 Parameter: XTRAN <- "-8.21022488"
  
 CHARMM>            calc ytran = @ypos - ?yave
 Parameter: YPOS -> "-16.4637347"
 RDCMND substituted energy or value "?YAVE" to "0"
Evaluating: -16.4637347-0
 Parameter: YTRAN <- "-16.4637347"
  
 CHARMM>            calc ztran = @zpos - ?zave
 Parameter: ZPOS -> "-35.6264735"
 RDCMND substituted energy or value "?ZAVE" to "0"
Evaluating: -35.6264735-0
 Parameter: ZTRAN <- "-35.6264735"
  
 CHARMM>            coor trans xdir @xtran ydir @ytran zdir @ztran select target end
 Parameter: XTRAN -> "-8.21022488"
 Parameter: YTRAN -> "-16.4637347"
 Parameter: ZTRAN -> "-35.6264735"
 SELRPN>      1 atoms have been selected out of  24952
 TRANSLATION VECTOR    -8.210225  -16.463735  -35.626474
 SELECTED COORDINATES TRANSLATED IN THE MAIN SET.

  
 CHARMM>     
  
 CHARMM>            ! apply a random rotation along XYZ
  
 CHARMM>            calc xphi = ?random * 360.0
 RDCMND substituted energy or value "?RANDOM" to "0.278534237"
Evaluating: 0.278534237*360.0
 Parameter: XPHI <- "100.272325"
  
 CHARMM>            calc yphi = ?random * 360.0
 RDCMND substituted energy or value "?RANDOM" to "0.66929868"
Evaluating: 0.66929868*360.0
 Parameter: YPHI <- "240.947525"
  
 CHARMM>            calc zphi = ?random * 360.0
 RDCMND substituted energy or value "?RANDOM" to "0.44920993"
Evaluating: 0.44920993*360.0
 Parameter: ZPHI <- "161.715575"
  
 CHARMM>            coor rotate xcen @xpos ycen @ypos zcen @zpos xdir 1.0 -
 CHARMM>                phi @xphi select target end
 Parameter: XPOS -> "-8.21022488"
 Parameter: YPOS -> "-16.4637347"
 Parameter: ZPOS -> "-35.6264735"
 Parameter: XPHI -> "100.272325"
 SELRPN>      1 atoms have been selected out of  24952
 ROTATION MATRIX
    1.000000    0.000000    0.000000
    0.000000   -0.178327    0.983971
    0.000000   -0.983971   -0.178327

 AXIS OF ROTATION IS  1.000000  0.000000  0.000000  ANGLE IS  100.27

 SELECTED COORDINATES ROTATED IN THE MAIN SET.

  
 CHARMM>            coor rotate xcen @xpos ycen @ypos zcen @zpos ydir 1.0 -
 CHARMM>                phi @yphi select target end
 Parameter: XPOS -> "-8.21022488"
 Parameter: YPOS -> "-16.4637347"
 Parameter: ZPOS -> "-35.6264735"
 Parameter: YPHI -> "240.947525"
 SELRPN>      1 atoms have been selected out of  24952
 ROTATION MATRIX
   -0.485610    0.000000    0.874175
    0.000000    1.000000    0.000000
   -0.874175    0.000000   -0.485610

 AXIS OF ROTATION IS  0.000000 -1.000000  0.000000  ANGLE IS  119.05

 SELECTED COORDINATES ROTATED IN THE MAIN SET.

  
 CHARMM>            coor rotate xcen @xpos ycen @ypos zcen @zpos zdir 1.0 -
 CHARMM>                phi @zphi select target end
 Parameter: XPOS -> "-8.21022488"
 Parameter: YPOS -> "-16.4637347"
 Parameter: ZPOS -> "-35.6264735"
 Parameter: ZPHI -> "161.715575"
 SELRPN>      1 atoms have been selected out of  24952
 ROTATION MATRIX
   -0.949511    0.313734    0.000000
   -0.313734   -0.949511    0.000000
    0.000000    0.000000    1.000000

 AXIS OF ROTATION IS  0.000000  0.000000  1.000000  ANGLE IS  161.72

 SELECTED COORDINATES ROTATED IN THE MAIN SET.

  
 CHARMM>     
  
 CHARMM>     
  
 CHARMM>            calc dcut = 3.5
Evaluating: 3.5
 Parameter: DCUT <- "3.5"
  
 CHARMM>     
  
 CHARMM>            coor stat sele target end
 SELRPN>      1 atoms have been selected out of  24952
 STATISTICS FOR         1 SELECTED ATOMS:
    XMIN =   -8.210225 XMAX =   -8.210225 XAVE =   -8.210225
    YMIN =  -16.463735 YMAX =  -16.463735 YAVE =  -16.463735
    ZMIN =  -35.626474 ZMAX =  -35.626474 ZAVE =  -35.626474
    WMIN =    1.000000 WMAX =    1.000000 WAVE =    1.000000
  
 CHARMM>            calc xmax = ?xmax + @dcut
 Parameter: DCUT -> "3.5"
 RDCMND substituted energy or value "?XMAX" to "-8.21022488"
Evaluating: -8.21022488+3.5
 Parameter: XMAX <- "-4.71022488"
  
 CHARMM>            calc ymax = ?ymax + @dcut
 Parameter: DCUT -> "3.5"
 RDCMND substituted energy or value "?YMAX" to "-16.4637347"
Evaluating: -16.4637347+3.5
 Parameter: YMAX <- "-12.9637347"
  
 CHARMM>            calc zmax = ?zmax + @dcut
 Parameter: DCUT -> "3.5"
 RDCMND substituted energy or value "?ZMAX" to "-35.6264735"
Evaluating: -35.6264735+3.5
 Parameter: ZMAX <- "-32.1264735"
  
 CHARMM>            calc xmin = ?xmin - @dcut
 Parameter: DCUT -> "3.5"
 RDCMND substituted energy or value "?XMIN" to "-8.21022488"
Evaluating: -8.21022488-3.5
 Parameter: XMIN <- "-11.7102249"
  
 CHARMM>            calc ymin = ?ymin - @dcut
 Parameter: DCUT -> "3.5"
 RDCMND substituted energy or value "?YMIN" to "-16.4637347"
Evaluating: -16.4637347-3.5
 Parameter: YMIN <- "-19.9637347"
  
 CHARMM>            calc zmin = ?zmin - @dcut
 Parameter: DCUT -> "3.5"
 RDCMND substituted energy or value "?ZMIN" to "-35.6264735"
Evaluating: -35.6264735-3.5
 Parameter: ZMIN <- "-39.1264735"
  
 CHARMM>     
  
 CHARMM>            define JUNK sele .not. target .and. -
 CHARMM>                             prop X .lt. @xmax .and. prop X .gt. @xmin .and. -
 CHARMM>                             prop Y .lt. @ymax .and. prop Y .gt. @ymin .and. -
 CHARMM>                             prop Z .lt. @zmax .and. prop Z .gt. @zmin  end
 Parameter: XMAX -> "-4.71022488"
 Parameter: XMIN -> "-11.7102249"
 Parameter: YMAX -> "-12.9637347"
 Parameter: YMIN -> "-19.9637347"
 Parameter: ZMAX -> "-32.1264735"
 Parameter: ZMIN -> "-39.1264735"
 SELRPN>      0 atoms have been selected out of  24952
  
 CHARMM>     
  
 CHARMM>            ! check if the ions are too close to protein
  
 CHARMM>            define XXX sele PROT end
 SELRPN>      0 atoms have been selected out of  24952
  
 CHARMM>            if ?nsel .gt. 0 then
 RDCMND substituted energy or value "?NSEL" to "0"
 Comparing "0" and "0".
 IF test evaluated as false.  Skip to ELSE or ENDIF
  
 CHARMM>     
  
 CHARMM>            ! check if the ions are too close to solute
  
 CHARMM>            coor dist cut 4.0 sele target end sele JUNK .and. .not. hydrogen end image
 SELRPN>      1 atoms have been selected out of  36561
 SELRPN>      0 atoms have been selected out of  36561

            DISTANCES FOR SELECTED ATOMS
            ONLY ONE SELECTION SET SPECIFIED, A COMPARISON WILL BE DONE
 TOTAL EXCLUSION COUNT =         0
 TOTAL 1-4 EXCLUSIONS  =         0
 TOTAL NON-EXCLUSIONS  =         0
  
 CHARMM>            if ?npair .gt. 0 goto doinit
 RDCMND substituted energy or value "?NPAIR" to "0"
 Comparing "0" and "0".
 IF test evaluated as false.  Skipping command
  
 CHARMM>     
  
 CHARMM>            calc cntrand = 0
Evaluating: 0
 Parameter: CNTRAND <- "0"
  
 CHARMM>            increase i by 1
 Parameter: I <- "26"
  
 CHARMM>            if i .le. @nion goto doinit
 Parameter: NION -> "52"
 Comparing "26" and "52".
 IF test evaluated as true.  Performing command
  
 CHARMM>     
  
 CHARMM>            calc cntrand = @cntrand + 1
 Parameter: CNTRAND -> "0"
Evaluating: 0+1
 Parameter: CNTRAND <- "1"
  
 CHARMM>            if cntrand .gt. 100 stop ! ABNORMAL TERMINATION: ion placing may not work.. stop here
 Comparing "1" and "100".
 IF test evaluated as false.  Skipping command
  
 CHARMM>     
  
 CHARMM>            calc j = @i
 Parameter: I -> "26"
Evaluating: 26
 Parameter: J <- "26"
  
 CHARMM>            set ion = POS
 Parameter: ION <- "POS"
  
 CHARMM>     
  
 CHARMM>            if j .gt. @npos then
 Parameter: NPOS -> "26"
 Comparing "26" and "26".
 IF test evaluated as false.  Skip to ELSE or ENDIF
  
 CHARMM>     
  
 CHARMM>            define target select segid @ion .and. resid @j end
 Parameter: ION -> "POS"
 Parameter: J -> "26"
 SELRPN>      1 atoms have been selected out of  24952
  
 CHARMM>     
  
 CHARMM>            calc xpos = @A * ( ?random - 0.5 )
 Parameter: A -> "76.8049478"
 RDCMND substituted energy or value "?RANDOM" to "0.837901929"
Evaluating: 76.8049478*(0.837901929-0.5)
 Parameter: XPOS <- "25.95254"
  
 CHARMM>            calc ypos = @B * ( ?random - 0.5 )
 Parameter: B -> "76.8049478"
 RDCMND substituted energy or value "?RANDOM" to "0.471326208"
Evaluating: 76.8049478*(0.471326208-0.5)
 Parameter: YPOS <- "-2.2022891"
  
 CHARMM>            calc zpos = @C * ( ?random - 0.5 ) + @zcen
 Parameter: C -> "100"
 Parameter: ZCEN -> "0"
 RDCMND substituted energy or value "?RANDOM" to "0.40699795"
Evaluating: 100*(0.40699795-0.5)+0
 Parameter: ZPOS <- "-9.300205"
  
 CHARMM>     
  
 CHARMM>            if zpos .gt. -15 if zpos .lt. 15 goto doinit
 Comparing "-9.300205" and "-15".
 IF test evaluated as true.  Performing command
 Comparing "-9.300205" and "15".
 IF test evaluated as true.  Performing command
  
 CHARMM>     
  
 CHARMM>            calc cntrand = @cntrand + 1
 Parameter: CNTRAND -> "1"
Evaluating: 1+1
 Parameter: CNTRAND <- "2"
  
 CHARMM>            if cntrand .gt. 100 stop ! ABNORMAL TERMINATION: ion placing may not work.. stop here
 Comparing "2" and "100".
 IF test evaluated as false.  Skipping command
  
 CHARMM>     
  
 CHARMM>            calc j = @i
 Parameter: I -> "26"
Evaluating: 26
 Parameter: J <- "26"
  
 CHARMM>            set ion = POS
 Parameter: ION <- "POS"
  
 CHARMM>     
  
 CHARMM>            if j .gt. @npos then
 Parameter: NPOS -> "26"
 Comparing "26" and "26".
 IF test evaluated as false.  Skip to ELSE or ENDIF
  
 CHARMM>     
  
 CHARMM>            define target select segid @ion .and. resid @j end
 Parameter: ION -> "POS"
 Parameter: J -> "26"
 SELRPN>      1 atoms have been selected out of  24952
  
 CHARMM>     
  
 CHARMM>            calc xpos = @A * ( ?random - 0.5 )
 Parameter: A -> "76.8049478"
 RDCMND substituted energy or value "?RANDOM" to "0.116671187"
Evaluating: 76.8049478*(0.116671187-0.5)
 Parameter: XPOS <- "-29.4415495"
  
 CHARMM>            calc ypos = @B * ( ?random - 0.5 )
 Parameter: B -> "76.8049478"
 RDCMND substituted energy or value "?RANDOM" to "0.954288016"
Evaluating: 76.8049478*(0.954288016-0.5)
 Parameter: YPOS <- "34.8915674"
  
 CHARMM>            calc zpos = @C * ( ?random - 0.5 ) + @zcen
 Parameter: C -> "100"
 Parameter: ZCEN -> "0"
 RDCMND substituted energy or value "?RANDOM" to "0.939975421"
Evaluating: 100*(0.939975421-0.5)+0
 Parameter: ZPOS <- "43.9975421"
  
 CHARMM>     
  
 CHARMM>            if zpos .gt. -15 if zpos .lt. 15 goto doinit
 Comparing "43.9975421" and "-15".
 IF test evaluated as true.  Performing command
 Comparing "43.9975421" and "15".
 IF test evaluated as false.  Skipping command
  
 CHARMM>     
  
 CHARMM>            ! move target to selected position
  
 CHARMM>            coor stat select target end
 SELRPN>      1 atoms have been selected out of  24952
 STATISTICS FOR         1 SELECTED ATOMS:
    XMIN =    0.000000 XMAX =    0.000000 XAVE =    0.000000
    YMIN =    0.000000 YMAX =    0.000000 YAVE =    0.000000
    ZMIN =    0.000000 ZMAX =    0.000000 ZAVE =    0.000000
    WMIN =    1.000000 WMAX =    1.000000 WAVE =    1.000000
  
 CHARMM>            calc xtran = @xpos - ?xave
 Parameter: XPOS -> "-29.4415495"
 RDCMND substituted energy or value "?XAVE" to "0"
Evaluating: -29.4415495-0
 Parameter: XTRAN <- "-29.4415495"
  
 CHARMM>            calc ytran = @ypos - ?yave
 Parameter: YPOS -> "34.8915674"
 RDCMND substituted energy or value "?YAVE" to "0"
Evaluating: 34.8915674-0
 Parameter: YTRAN <- "34.8915674"
  
 CHARMM>            calc ztran = @zpos - ?zave
 Parameter: ZPOS -> "43.9975421"
 RDCMND substituted energy or value "?ZAVE" to "0"
Evaluating: 43.9975421-0
 Parameter: ZTRAN <- "43.9975421"
  
 CHARMM>            coor trans xdir @xtran ydir @ytran zdir @ztran select target end
 Parameter: XTRAN -> "-29.4415495"
 Parameter: YTRAN -> "34.8915674"
 Parameter: ZTRAN -> "43.9975421"
 SELRPN>      1 atoms have been selected out of  24952
 TRANSLATION VECTOR   -29.441550   34.891567   43.997542
 SELECTED COORDINATES TRANSLATED IN THE MAIN SET.

  
 CHARMM>     
  
 CHARMM>            ! apply a random rotation along XYZ
  
 CHARMM>            calc xphi = ?random * 360.0
 RDCMND substituted energy or value "?RANDOM" to "0.304343512"
Evaluating: 0.304343512*360.0
 Parameter: XPHI <- "109.563664"
  
 CHARMM>            calc yphi = ?random * 360.0
 RDCMND substituted energy or value "?RANDOM" to "0.415552989"
Evaluating: 0.415552989*360.0
 Parameter: YPHI <- "149.599076"
  
 CHARMM>            calc zphi = ?random * 360.0
 RDCMND substituted energy or value "?RANDOM" to "0.300858501"
Evaluating: 0.300858501*360.0
 Parameter: ZPHI <- "108.30906"
  
 CHARMM>            coor rotate xcen @xpos ycen @ypos zcen @zpos xdir 1.0 -
 CHARMM>                phi @xphi select target end
 Parameter: XPOS -> "-29.4415495"
 Parameter: YPOS -> "34.8915674"
 Parameter: ZPOS -> "43.9975421"
 Parameter: XPHI -> "109.563664"
 SELRPN>      1 atoms have been selected out of  24952
 ROTATION MATRIX
    1.000000    0.000000    0.000000
    0.000000   -0.334854    0.942270
    0.000000   -0.942270   -0.334854

 AXIS OF ROTATION IS  1.000000  0.000000  0.000000  ANGLE IS  109.56

 SELECTED COORDINATES ROTATED IN THE MAIN SET.

  
 CHARMM>            coor rotate xcen @xpos ycen @ypos zcen @zpos ydir 1.0 -
 CHARMM>                phi @yphi select target end
 Parameter: XPOS -> "-29.4415495"
 Parameter: YPOS -> "34.8915674"
 Parameter: ZPOS -> "43.9975421"
 Parameter: YPHI -> "149.599076"
 SELRPN>      1 atoms have been selected out of  24952
 ROTATION MATRIX
   -0.862506    0.000000   -0.506048
    0.000000    1.000000    0.000000
    0.506048    0.000000   -0.862506

 AXIS OF ROTATION IS  0.000000  1.000000  0.000000  ANGLE IS  149.60

 SELECTED COORDINATES ROTATED IN THE MAIN SET.

  
 CHARMM>            coor rotate xcen @xpos ycen @ypos zcen @zpos zdir 1.0 -
 CHARMM>                phi @zphi select target end
 Parameter: XPOS -> "-29.4415495"
 Parameter: YPOS -> "34.8915674"
 Parameter: ZPOS -> "43.9975421"
 Parameter: ZPHI -> "108.30906"
 SELRPN>      1 atoms have been selected out of  24952
 ROTATION MATRIX
   -0.314143    0.949376    0.000000
   -0.949376   -0.314143    0.000000
    0.000000    0.000000    1.000000

 AXIS OF ROTATION IS  0.000000  0.000000  1.000000  ANGLE IS  108.31

 SELECTED COORDINATES ROTATED IN THE MAIN SET.

  
 CHARMM>     
  
 CHARMM>     
  
 CHARMM>            calc dcut = 3.5
Evaluating: 3.5
 Parameter: DCUT <- "3.5"
  
 CHARMM>     
  
 CHARMM>            coor stat sele target end
 SELRPN>      1 atoms have been selected out of  24952
 STATISTICS FOR         1 SELECTED ATOMS:
    XMIN =  -29.441550 XMAX =  -29.441550 XAVE =  -29.441550
    YMIN =   34.891567 YMAX =   34.891567 YAVE =   34.891567
    ZMIN =   43.997542 ZMAX =   43.997542 ZAVE =   43.997542
    WMIN =    1.000000 WMAX =    1.000000 WAVE =    1.000000
  
 CHARMM>            calc xmax = ?xmax + @dcut
 Parameter: DCUT -> "3.5"
 RDCMND substituted energy or value "?XMAX" to "-29.4415495"
Evaluating: -29.4415495+3.5
 Parameter: XMAX <- "-25.9415495"
  
 CHARMM>            calc ymax = ?ymax + @dcut
 Parameter: DCUT -> "3.5"
 RDCMND substituted energy or value "?YMAX" to "34.8915674"
Evaluating: 34.8915674+3.5
 Parameter: YMAX <- "38.3915674"
  
 CHARMM>            calc zmax = ?zmax + @dcut
 Parameter: DCUT -> "3.5"
 RDCMND substituted energy or value "?ZMAX" to "43.9975421"
Evaluating: 43.9975421+3.5
 Parameter: ZMAX <- "47.4975421"
  
 CHARMM>            calc xmin = ?xmin - @dcut
 Parameter: DCUT -> "3.5"
 RDCMND substituted energy or value "?XMIN" to "-29.4415495"
Evaluating: -29.4415495-3.5
 Parameter: XMIN <- "-32.9415495"
  
 CHARMM>            calc ymin = ?ymin - @dcut
 Parameter: DCUT -> "3.5"
 RDCMND substituted energy or value "?YMIN" to "34.8915674"
Evaluating: 34.8915674-3.5
 Parameter: YMIN <- "31.3915674"
  
 CHARMM>            calc zmin = ?zmin - @dcut
 Parameter: DCUT -> "3.5"
 RDCMND substituted energy or value "?ZMIN" to "43.9975421"
Evaluating: 43.9975421-3.5
 Parameter: ZMIN <- "40.4975421"
  
 CHARMM>     
  
 CHARMM>            define JUNK sele .not. target .and. -
 CHARMM>                             prop X .lt. @xmax .and. prop X .gt. @xmin .and. -
 CHARMM>                             prop Y .lt. @ymax .and. prop Y .gt. @ymin .and. -
 CHARMM>                             prop Z .lt. @zmax .and. prop Z .gt. @zmin  end
 Parameter: XMAX -> "-25.9415495"
 Parameter: XMIN -> "-32.9415495"
 Parameter: YMAX -> "38.3915674"
 Parameter: YMIN -> "31.3915674"
 Parameter: ZMAX -> "47.4975421"
 Parameter: ZMIN -> "40.4975421"
 SELRPN>      0 atoms have been selected out of  24952
  
 CHARMM>     
  
 CHARMM>            ! check if the ions are too close to protein
  
 CHARMM>            define XXX sele PROT end
 SELRPN>      0 atoms have been selected out of  24952
  
 CHARMM>            if ?nsel .gt. 0 then
 RDCMND substituted energy or value "?NSEL" to "0"
 Comparing "0" and "0".
 IF test evaluated as false.  Skip to ELSE or ENDIF
  
 CHARMM>     
  
 CHARMM>            ! check if the ions are too close to solute
  
 CHARMM>            coor dist cut 4.0 sele target end sele JUNK .and. .not. hydrogen end image
 SELRPN>      1 atoms have been selected out of  36561
 SELRPN>      0 atoms have been selected out of  36561

            DISTANCES FOR SELECTED ATOMS
            ONLY ONE SELECTION SET SPECIFIED, A COMPARISON WILL BE DONE
 TOTAL EXCLUSION COUNT =         0
 TOTAL 1-4 EXCLUSIONS  =         0
 TOTAL NON-EXCLUSIONS  =         0
  
 CHARMM>            if ?npair .gt. 0 goto doinit
 RDCMND substituted energy or value "?NPAIR" to "0"
 Comparing "0" and "0".
 IF test evaluated as false.  Skipping command
  
 CHARMM>     
  
 CHARMM>            calc cntrand = 0
Evaluating: 0
 Parameter: CNTRAND <- "0"
  
 CHARMM>            increase i by 1
 Parameter: I <- "27"
  
 CHARMM>            if i .le. @nion goto doinit
 Parameter: NION -> "52"
 Comparing "27" and "52".
 IF test evaluated as true.  Performing command
  
 CHARMM>     
  
 CHARMM>            calc cntrand = @cntrand + 1
 Parameter: CNTRAND -> "0"
Evaluating: 0+1
 Parameter: CNTRAND <- "1"
  
 CHARMM>            if cntrand .gt. 100 stop ! ABNORMAL TERMINATION: ion placing may not work.. stop here
 Comparing "1" and "100".
 IF test evaluated as false.  Skipping command
  
 CHARMM>     
  
 CHARMM>            calc j = @i
 Parameter: I -> "27"
Evaluating: 27
 Parameter: J <- "27"
  
 CHARMM>            set ion = POS
 Parameter: ION <- "POS"
  
 CHARMM>     
  
 CHARMM>            if j .gt. @npos then
 Parameter: NPOS -> "26"
 Comparing "27" and "26".
 IF test evaluated as true.  Performing command
  
 CHARMM>               set ion = NEG
 Parameter: ION <- "NEG"
  
 CHARMM>               calc j  = @j - @npos
 Parameter: J -> "27"
 Parameter: NPOS -> "26"
Evaluating: 27-26
 Parameter: J <- "1"
  
 CHARMM>            endif
  
 CHARMM>     
  
 CHARMM>            define target select segid @ion .and. resid @j end
 Parameter: ION -> "NEG"
 Parameter: J -> "1"
 SELRPN>      1 atoms have been selected out of  24952
  
 CHARMM>     
  
 CHARMM>            calc xpos = @A * ( ?random - 0.5 )
 Parameter: A -> "76.8049478"
 RDCMND substituted energy or value "?RANDOM" to "0.162872728"
Evaluating: 76.8049478*(0.162872728-0.5)
 Parameter: XPOS <- "-25.8930425"
  
 CHARMM>            calc ypos = @B * ( ?random - 0.5 )
 Parameter: B -> "76.8049478"
 RDCMND substituted energy or value "?RANDOM" to "0.19760153"
Evaluating: 76.8049478*(0.19760153-0.5)
 Parameter: YPOS <- "-23.2256987"
  
 CHARMM>            calc zpos = @C * ( ?random - 0.5 ) + @zcen
 Parameter: C -> "100"
 Parameter: ZCEN -> "0"
 RDCMND substituted energy or value "?RANDOM" to "0.59632947"
Evaluating: 100*(0.59632947-0.5)+0
 Parameter: ZPOS <- "9.632947"
  
 CHARMM>     
  
 CHARMM>            if zpos .gt. -15 if zpos .lt. 15 goto doinit
 Comparing "9.632947" and "-15".
 IF test evaluated as true.  Performing command
 Comparing "9.632947" and "15".
 IF test evaluated as true.  Performing command
  
 CHARMM>     
  
 CHARMM>            calc cntrand = @cntrand + 1
 Parameter: CNTRAND -> "1"
Evaluating: 1+1
 Parameter: CNTRAND <- "2"
  
 CHARMM>            if cntrand .gt. 100 stop ! ABNORMAL TERMINATION: ion placing may not work.. stop here
 Comparing "2" and "100".
 IF test evaluated as false.  Skipping command
  
 CHARMM>     
  
 CHARMM>            calc j = @i
 Parameter: I -> "27"
Evaluating: 27
 Parameter: J <- "27"
  
 CHARMM>            set ion = POS
 Parameter: ION <- "POS"
  
 CHARMM>     
  
 CHARMM>            if j .gt. @npos then
 Parameter: NPOS -> "26"
 Comparing "27" and "26".
 IF test evaluated as true.  Performing command
  
 CHARMM>               set ion = NEG
 Parameter: ION <- "NEG"
  
 CHARMM>               calc j  = @j - @npos
 Parameter: J -> "27"
 Parameter: NPOS -> "26"
Evaluating: 27-26
 Parameter: J <- "1"
  
 CHARMM>            endif
  
 CHARMM>     
  
 CHARMM>            define target select segid @ion .and. resid @j end
 Parameter: ION -> "NEG"
 Parameter: J -> "1"
 SELRPN>      1 atoms have been selected out of  24952
  
 CHARMM>     
  
 CHARMM>            calc xpos = @A * ( ?random - 0.5 )
 Parameter: A -> "76.8049478"
 RDCMND substituted energy or value "?RANDOM" to "0.268103336"
Evaluating: 76.8049478*(0.268103336-0.5)
 Parameter: XPOS <- "-17.8108112"
  
 CHARMM>            calc ypos = @B * ( ?random - 0.5 )
 Parameter: B -> "76.8049478"
 RDCMND substituted energy or value "?RANDOM" to "0.437586744"
Evaluating: 76.8049478*(0.437586744-0.5)
 Parameter: YPOS <- "-4.79364687"
  
 CHARMM>            calc zpos = @C * ( ?random - 0.5 ) + @zcen
 Parameter: C -> "100"
 Parameter: ZCEN -> "0"
 RDCMND substituted energy or value "?RANDOM" to "0.538951165"
Evaluating: 100*(0.538951165-0.5)+0
 Parameter: ZPOS <- "3.8951165"
  
 CHARMM>     
  
 CHARMM>            if zpos .gt. -15 if zpos .lt. 15 goto doinit
 Comparing "3.8951165" and "-15".
 IF test evaluated as true.  Performing command
 Comparing "3.8951165" and "15".
 IF test evaluated as true.  Performing command
  
 CHARMM>     
  
 CHARMM>            calc cntrand = @cntrand + 1
 Parameter: CNTRAND -> "2"
Evaluating: 2+1
 Parameter: CNTRAND <- "3"
  
 CHARMM>            if cntrand .gt. 100 stop ! ABNORMAL TERMINATION: ion placing may not work.. stop here
 Comparing "3" and "100".
 IF test evaluated as false.  Skipping command
  
 CHARMM>     
  
 CHARMM>            calc j = @i
 Parameter: I -> "27"
Evaluating: 27
 Parameter: J <- "27"
  
 CHARMM>            set ion = POS
 Parameter: ION <- "POS"
  
 CHARMM>     
  
 CHARMM>            if j .gt. @npos then
 Parameter: NPOS -> "26"
 Comparing "27" and "26".
 IF test evaluated as true.  Performing command
  
 CHARMM>               set ion = NEG
 Parameter: ION <- "NEG"
  
 CHARMM>               calc j  = @j - @npos
 Parameter: J -> "27"
 Parameter: NPOS -> "26"
Evaluating: 27-26
 Parameter: J <- "1"
  
 CHARMM>            endif
  
 CHARMM>     
  
 CHARMM>            define target select segid @ion .and. resid @j end
 Parameter: ION -> "NEG"
 Parameter: J -> "1"
 SELRPN>      1 atoms have been selected out of  24952
  
 CHARMM>     
  
 CHARMM>            calc xpos = @A * ( ?random - 0.5 )
 Parameter: A -> "76.8049478"
 RDCMND substituted energy or value "?RANDOM" to "0.782566564"
Evaluating: 76.8049478*(0.782566564-0.5)
 Parameter: XPOS <- "21.7025102"
  
 CHARMM>            calc ypos = @B * ( ?random - 0.5 )
 Parameter: B -> "76.8049478"
 RDCMND substituted energy or value "?RANDOM" to "0.476767357"
Evaluating: 76.8049478*(0.476767357-0.5)
 Parameter: YPOS <- "-1.78438193"
  
 CHARMM>            calc zpos = @C * ( ?random - 0.5 ) + @zcen
 Parameter: C -> "100"
 Parameter: ZCEN -> "0"
 RDCMND substituted energy or value "?RANDOM" to "0.146495465"
Evaluating: 100*(0.146495465-0.5)+0
 Parameter: ZPOS <- "-35.3504535"
  
 CHARMM>     
  
 CHARMM>            if zpos .gt. -15 if zpos .lt. 15 goto doinit
 Comparing "-35.3504535" and "-15".
 IF test evaluated as false.  Skipping command
  
 CHARMM>     
  
 CHARMM>            ! move target to selected position
  
 CHARMM>            coor stat select target end
 SELRPN>      1 atoms have been selected out of  24952
 STATISTICS FOR         1 SELECTED ATOMS:
    XMIN =    0.000000 XMAX =    0.000000 XAVE =    0.000000
    YMIN =    0.000000 YMAX =    0.000000 YAVE =    0.000000
    ZMIN =    0.000000 ZMAX =    0.000000 ZAVE =    0.000000
    WMIN =   -1.000000 WMAX =   -1.000000 WAVE =   -1.000000
  
 CHARMM>            calc xtran = @xpos - ?xave
 Parameter: XPOS -> "21.7025102"
 RDCMND substituted energy or value "?XAVE" to "0"
Evaluating: 21.7025102-0
 Parameter: XTRAN <- "21.7025102"
  
 CHARMM>            calc ytran = @ypos - ?yave
 Parameter: YPOS -> "-1.78438193"
 RDCMND substituted energy or value "?YAVE" to "0"
Evaluating: -1.78438193-0
 Parameter: YTRAN <- "-1.78438193"
  
 CHARMM>            calc ztran = @zpos - ?zave
 Parameter: ZPOS -> "-35.3504535"
 RDCMND substituted energy or value "?ZAVE" to "0"
Evaluating: -35.3504535-0
 Parameter: ZTRAN <- "-35.3504535"
  
 CHARMM>            coor trans xdir @xtran ydir @ytran zdir @ztran select target end
 Parameter: XTRAN -> "21.7025102"
 Parameter: YTRAN -> "-1.78438193"
 Parameter: ZTRAN -> "-35.3504535"
 SELRPN>      1 atoms have been selected out of  24952
 TRANSLATION VECTOR    21.702510   -1.784382  -35.350454
 SELECTED COORDINATES TRANSLATED IN THE MAIN SET.

  
 CHARMM>     
  
 CHARMM>            ! apply a random rotation along XYZ
  
 CHARMM>            calc xphi = ?random * 360.0
 RDCMND substituted energy or value "?RANDOM" to "5.828386201E-02"
Evaluating: 5.828386201E-02*360.0
 Parameter: XPHI <- "20.9821903"
  
 CHARMM>            calc yphi = ?random * 360.0
 RDCMND substituted energy or value "?RANDOM" to "0.339966456"
Evaluating: 0.339966456*360.0
 Parameter: YPHI <- "122.387924"
  
 CHARMM>            calc zphi = ?random * 360.0
 RDCMND substituted energy or value "?RANDOM" to "0.550164932"
Evaluating: 0.550164932*360.0
 Parameter: ZPHI <- "198.059376"
  
 CHARMM>            coor rotate xcen @xpos ycen @ypos zcen @zpos xdir 1.0 -
 CHARMM>                phi @xphi select target end
 Parameter: XPOS -> "21.7025102"
 Parameter: YPOS -> "-1.78438193"
 Parameter: ZPOS -> "-35.3504535"
 Parameter: XPHI -> "20.9821903"
 SELRPN>      1 atoms have been selected out of  24952
 ROTATION MATRIX
    1.000000    0.000000    0.000000
    0.000000    0.933692    0.358078
    0.000000   -0.358078    0.933692

 AXIS OF ROTATION IS  1.000000  0.000000  0.000000  ANGLE IS   20.98

 SELECTED COORDINATES ROTATED IN THE MAIN SET.

  
 CHARMM>            coor rotate xcen @xpos ycen @ypos zcen @zpos ydir 1.0 -
 CHARMM>                phi @yphi select target end
 Parameter: XPOS -> "21.7025102"
 Parameter: YPOS -> "-1.78438193"
 Parameter: ZPOS -> "-35.3504535"
 Parameter: YPHI -> "122.387924"
 SELRPN>      1 atoms have been selected out of  24952
 ROTATION MATRIX
   -0.535649    0.000000   -0.844441
    0.000000    1.000000    0.000000
    0.844441    0.000000   -0.535649

 AXIS OF ROTATION IS  0.000000  1.000000  0.000000  ANGLE IS  122.39

 SELECTED COORDINATES ROTATED IN THE MAIN SET.

  
 CHARMM>            coor rotate xcen @xpos ycen @ypos zcen @zpos zdir 1.0 -
 CHARMM>                phi @zphi select target end
 Parameter: XPOS -> "21.7025102"
 Parameter: YPOS -> "-1.78438193"
 Parameter: ZPOS -> "-35.3504535"
 Parameter: ZPHI -> "198.059376"
 SELRPN>      1 atoms have been selected out of  24952
 ROTATION MATRIX
   -0.950736   -0.310002    0.000000
    0.310002   -0.950736    0.000000
    0.000000    0.000000    1.000000

 AXIS OF ROTATION IS  0.000000  0.000000 -1.000000  ANGLE IS  161.94

 SELECTED COORDINATES ROTATED IN THE MAIN SET.

  
 CHARMM>     
  
 CHARMM>     
  
 CHARMM>            calc dcut = 3.5
Evaluating: 3.5
 Parameter: DCUT <- "3.5"
  
 CHARMM>     
  
 CHARMM>            coor stat sele target end
 SELRPN>      1 atoms have been selected out of  24952
 STATISTICS FOR         1 SELECTED ATOMS:
    XMIN =   21.702510 XMAX =   21.702510 XAVE =   21.702510
    YMIN =   -1.784382 YMAX =   -1.784382 YAVE =   -1.784382
    ZMIN =  -35.350454 ZMAX =  -35.350454 ZAVE =  -35.350454
    WMIN =   -1.000000 WMAX =   -1.000000 WAVE =   -1.000000
  
 CHARMM>            calc xmax = ?xmax + @dcut
 Parameter: DCUT -> "3.5"
 RDCMND substituted energy or value "?XMAX" to "21.7025102"
Evaluating: 21.7025102+3.5
 Parameter: XMAX <- "25.2025102"
  
 CHARMM>            calc ymax = ?ymax + @dcut
 Parameter: DCUT -> "3.5"
 RDCMND substituted energy or value "?YMAX" to "-1.78438193"
Evaluating: -1.78438193+3.5
 Parameter: YMAX <- "1.71561807"
  
 CHARMM>            calc zmax = ?zmax + @dcut
 Parameter: DCUT -> "3.5"
 RDCMND substituted energy or value "?ZMAX" to "-35.3504535"
Evaluating: -35.3504535+3.5
 Parameter: ZMAX <- "-31.8504535"
  
 CHARMM>            calc xmin = ?xmin - @dcut
 Parameter: DCUT -> "3.5"
 RDCMND substituted energy or value "?XMIN" to "21.7025102"
Evaluating: 21.7025102-3.5
 Parameter: XMIN <- "18.2025102"
  
 CHARMM>            calc ymin = ?ymin - @dcut
 Parameter: DCUT -> "3.5"
 RDCMND substituted energy or value "?YMIN" to "-1.78438193"
Evaluating: -1.78438193-3.5
 Parameter: YMIN <- "-5.28438193"
  
 CHARMM>            calc zmin = ?zmin - @dcut
 Parameter: DCUT -> "3.5"
 RDCMND substituted energy or value "?ZMIN" to "-35.3504535"
Evaluating: -35.3504535-3.5
 Parameter: ZMIN <- "-38.8504535"
  
 CHARMM>     
  
 CHARMM>            define JUNK sele .not. target .and. -
 CHARMM>                             prop X .lt. @xmax .and. prop X .gt. @xmin .and. -
 CHARMM>                             prop Y .lt. @ymax .and. prop Y .gt. @ymin .and. -
 CHARMM>                             prop Z .lt. @zmax .and. prop Z .gt. @zmin  end
 Parameter: XMAX -> "25.2025102"
 Parameter: XMIN -> "18.2025102"
 Parameter: YMAX -> "1.71561807"
 Parameter: YMIN -> "-5.28438193"
 Parameter: ZMAX -> "-31.8504535"
 Parameter: ZMIN -> "-38.8504535"
 SELRPN>      0 atoms have been selected out of  24952
  
 CHARMM>     
  
 CHARMM>            ! check if the ions are too close to protein
  
 CHARMM>            define XXX sele PROT end
 SELRPN>      0 atoms have been selected out of  24952
  
 CHARMM>            if ?nsel .gt. 0 then
 RDCMND substituted energy or value "?NSEL" to "0"
 Comparing "0" and "0".
 IF test evaluated as false.  Skip to ELSE or ENDIF
  
 CHARMM>     
  
 CHARMM>            ! check if the ions are too close to solute
  
 CHARMM>            coor dist cut 4.0 sele target end sele JUNK .and. .not. hydrogen end image
 SELRPN>      1 atoms have been selected out of  36561
 SELRPN>      0 atoms have been selected out of  36561

            DISTANCES FOR SELECTED ATOMS
            ONLY ONE SELECTION SET SPECIFIED, A COMPARISON WILL BE DONE
 TOTAL EXCLUSION COUNT =         0
 TOTAL 1-4 EXCLUSIONS  =         0
 TOTAL NON-EXCLUSIONS  =         0
  
 CHARMM>            if ?npair .gt. 0 goto doinit
 RDCMND substituted energy or value "?NPAIR" to "0"
 Comparing "0" and "0".
 IF test evaluated as false.  Skipping command
  
 CHARMM>     
  
 CHARMM>            calc cntrand = 0
Evaluating: 0
 Parameter: CNTRAND <- "0"
  
 CHARMM>            increase i by 1
 Parameter: I <- "28"
  
 CHARMM>            if i .le. @nion goto doinit
 Parameter: NION -> "52"
 Comparing "28" and "52".
 IF test evaluated as true.  Performing command
  
 CHARMM>     
  
 CHARMM>            calc cntrand = @cntrand + 1
 Parameter: CNTRAND -> "0"
Evaluating: 0+1
 Parameter: CNTRAND <- "1"
  
 CHARMM>            if cntrand .gt. 100 stop ! ABNORMAL TERMINATION: ion placing may not work.. stop here
 Comparing "1" and "100".
 IF test evaluated as false.  Skipping command
  
 CHARMM>     
  
 CHARMM>            calc j = @i
 Parameter: I -> "28"
Evaluating: 28
 Parameter: J <- "28"
  
 CHARMM>            set ion = POS
 Parameter: ION <- "POS"
  
 CHARMM>     
  
 CHARMM>            if j .gt. @npos then
 Parameter: NPOS -> "26"
 Comparing "28" and "26".
 IF test evaluated as true.  Performing command
  
 CHARMM>               set ion = NEG
 Parameter: ION <- "NEG"
  
 CHARMM>               calc j  = @j - @npos
 Parameter: J -> "28"
 Parameter: NPOS -> "26"
Evaluating: 28-26
 Parameter: J <- "2"
  
 CHARMM>            endif
  
 CHARMM>     
  
 CHARMM>            define target select segid @ion .and. resid @j end
 Parameter: ION -> "NEG"
 Parameter: J -> "2"
 SELRPN>      1 atoms have been selected out of  24952
  
 CHARMM>     
  
 CHARMM>            calc xpos = @A * ( ?random - 0.5 )
 Parameter: A -> "76.8049478"
 RDCMND substituted energy or value "?RANDOM" to "0.645493657"
Evaluating: 76.8049478*(0.645493657-0.5)
 Parameter: XPOS <- "11.1746327"
  
 CHARMM>            calc ypos = @B * ( ?random - 0.5 )
 Parameter: B -> "76.8049478"
 RDCMND substituted energy or value "?RANDOM" to "0.631286315"
Evaluating: 76.8049478*(0.631286315-0.5)
 Parameter: YPOS <- "10.0834386"
  
 CHARMM>            calc zpos = @C * ( ?random - 0.5 ) + @zcen
 Parameter: C -> "100"
 Parameter: ZCEN -> "0"
 RDCMND substituted energy or value "?RANDOM" to "9.359029479E-03"
Evaluating: 100*(9.359029479E-03-0.5)+0
 Parameter: ZPOS <- "-49.0640971"
  
 CHARMM>     
  
 CHARMM>            if zpos .gt. -15 if zpos .lt. 15 goto doinit
 Comparing "-49.0640971" and "-15".
 IF test evaluated as false.  Skipping command
  
 CHARMM>     
  
 CHARMM>            ! move target to selected position
  
 CHARMM>            coor stat select target end
 SELRPN>      1 atoms have been selected out of  24952
 STATISTICS FOR         1 SELECTED ATOMS:
    XMIN =    0.000000 XMAX =    0.000000 XAVE =    0.000000
    YMIN =    0.000000 YMAX =    0.000000 YAVE =    0.000000
    ZMIN =    0.000000 ZMAX =    0.000000 ZAVE =    0.000000
    WMIN =   -1.000000 WMAX =   -1.000000 WAVE =   -1.000000
  
 CHARMM>            calc xtran = @xpos - ?xave
 Parameter: XPOS -> "11.1746327"
 RDCMND substituted energy or value "?XAVE" to "0"
Evaluating: 11.1746327-0
 Parameter: XTRAN <- "11.1746327"
  
 CHARMM>            calc ytran = @ypos - ?yave
 Parameter: YPOS -> "10.0834386"
 RDCMND substituted energy or value "?YAVE" to "0"
Evaluating: 10.0834386-0
 Parameter: YTRAN <- "10.0834386"
  
 CHARMM>            calc ztran = @zpos - ?zave
 Parameter: ZPOS -> "-49.0640971"
 RDCMND substituted energy or value "?ZAVE" to "0"
Evaluating: -49.0640971-0
 Parameter: ZTRAN <- "-49.0640971"
  
 CHARMM>            coor trans xdir @xtran ydir @ytran zdir @ztran select target end
 Parameter: XTRAN -> "11.1746327"
 Parameter: YTRAN -> "10.0834386"
 Parameter: ZTRAN -> "-49.0640971"
 SELRPN>      1 atoms have been selected out of  24952
 TRANSLATION VECTOR    11.174633   10.083439  -49.064097
 SELECTED COORDINATES TRANSLATED IN THE MAIN SET.

  
 CHARMM>     
  
 CHARMM>            ! apply a random rotation along XYZ
  
 CHARMM>            calc xphi = ?random * 360.0
 RDCMND substituted energy or value "?RANDOM" to "0.999434988"
Evaluating: 0.999434988*360.0
 Parameter: XPHI <- "359.796596"
  
 CHARMM>            calc yphi = ?random * 360.0
 RDCMND substituted energy or value "?RANDOM" to "0.34722545"
Evaluating: 0.34722545*360.0
 Parameter: YPHI <- "125.001162"
  
 CHARMM>            calc zphi = ?random * 360.0
 RDCMND substituted energy or value "?RANDOM" to "0.805050631"
Evaluating: 0.805050631*360.0
 Parameter: ZPHI <- "289.818227"
  
 CHARMM>            coor rotate xcen @xpos ycen @ypos zcen @zpos xdir 1.0 -
 CHARMM>                phi @xphi select target end
 Parameter: XPOS -> "11.1746327"
 Parameter: YPOS -> "10.0834386"
 Parameter: ZPOS -> "-49.0640971"
 Parameter: XPHI -> "359.796596"
 SELRPN>      1 atoms have been selected out of  24952
 ROTATION MATRIX
    1.000000    0.000000    0.000000
    0.000000    0.999994   -0.003550
    0.000000    0.003550    0.999994

 AXIS OF ROTATION IS -1.000000  0.000000  0.000000  ANGLE IS    0.20

 SELECTED COORDINATES ROTATED IN THE MAIN SET.

  
 CHARMM>            coor rotate xcen @xpos ycen @ypos zcen @zpos ydir 1.0 -
 CHARMM>                phi @yphi select target end
 Parameter: XPOS -> "11.1746327"
 Parameter: YPOS -> "10.0834386"
 Parameter: ZPOS -> "-49.0640971"
 Parameter: YPHI -> "125.001162"
 SELRPN>      1 atoms have been selected out of  24952
 ROTATION MATRIX
   -0.573593    0.000000   -0.819140
    0.000000    1.000000    0.000000
    0.819140    0.000000   -0.573593

 AXIS OF ROTATION IS  0.000000  1.000000  0.000000  ANGLE IS  125.00

 SELECTED COORDINATES ROTATED IN THE MAIN SET.

  
 CHARMM>            coor rotate xcen @xpos ycen @ypos zcen @zpos zdir 1.0 -
 CHARMM>                phi @zphi select target end
 Parameter: XPOS -> "11.1746327"
 Parameter: YPOS -> "10.0834386"
 Parameter: ZPOS -> "-49.0640971"
 Parameter: ZPHI -> "289.818227"
 SELRPN>      1 atoms have been selected out of  24952
 ROTATION MATRIX
    0.339037   -0.940773    0.000000
    0.940773    0.339037    0.000000
    0.000000    0.000000    1.000000

 AXIS OF ROTATION IS  0.000000  0.000000 -1.000000  ANGLE IS   70.18

 SELECTED COORDINATES ROTATED IN THE MAIN SET.

  
 CHARMM>     
  
 CHARMM>     
  
 CHARMM>            calc dcut = 3.5
Evaluating: 3.5
 Parameter: DCUT <- "3.5"
  
 CHARMM>     
  
 CHARMM>            coor stat sele target end
 SELRPN>      1 atoms have been selected out of  24952
 STATISTICS FOR         1 SELECTED ATOMS:
    XMIN =   11.174633 XMAX =   11.174633 XAVE =   11.174633
    YMIN =   10.083439 YMAX =   10.083439 YAVE =   10.083439
    ZMIN =  -49.064097 ZMAX =  -49.064097 ZAVE =  -49.064097
    WMIN =   -1.000000 WMAX =   -1.000000 WAVE =   -1.000000
  
 CHARMM>            calc xmax = ?xmax + @dcut
 Parameter: DCUT -> "3.5"
 RDCMND substituted energy or value "?XMAX" to "11.1746327"
Evaluating: 11.1746327+3.5
 Parameter: XMAX <- "14.6746327"
  
 CHARMM>            calc ymax = ?ymax + @dcut
 Parameter: DCUT -> "3.5"
 RDCMND substituted energy or value "?YMAX" to "10.0834386"
Evaluating: 10.0834386+3.5
 Parameter: YMAX <- "13.5834386"
  
 CHARMM>            calc zmax = ?zmax + @dcut
 Parameter: DCUT -> "3.5"
 RDCMND substituted energy or value "?ZMAX" to "-49.0640971"
Evaluating: -49.0640971+3.5
 Parameter: ZMAX <- "-45.5640971"
  
 CHARMM>            calc xmin = ?xmin - @dcut
 Parameter: DCUT -> "3.5"
 RDCMND substituted energy or value "?XMIN" to "11.1746327"
Evaluating: 11.1746327-3.5
 Parameter: XMIN <- "7.6746327"
  
 CHARMM>            calc ymin = ?ymin - @dcut
 Parameter: DCUT -> "3.5"
 RDCMND substituted energy or value "?YMIN" to "10.0834386"
Evaluating: 10.0834386-3.5
 Parameter: YMIN <- "6.5834386"
  
 CHARMM>            calc zmin = ?zmin - @dcut
 Parameter: DCUT -> "3.5"
 RDCMND substituted energy or value "?ZMIN" to "-49.0640971"
Evaluating: -49.0640971-3.5
 Parameter: ZMIN <- "-52.5640971"
  
 CHARMM>     
  
 CHARMM>            define JUNK sele .not. target .and. -
 CHARMM>                             prop X .lt. @xmax .and. prop X .gt. @xmin .and. -
 CHARMM>                             prop Y .lt. @ymax .and. prop Y .gt. @ymin .and. -
 CHARMM>                             prop Z .lt. @zmax .and. prop Z .gt. @zmin  end
 Parameter: XMAX -> "14.6746327"
 Parameter: XMIN -> "7.6746327"
 Parameter: YMAX -> "13.5834386"
 Parameter: YMIN -> "6.5834386"
 Parameter: ZMAX -> "-45.5640971"
 Parameter: ZMIN -> "-52.5640971"
 SELRPN>      0 atoms have been selected out of  24952
  
 CHARMM>     
  
 CHARMM>            ! check if the ions are too close to protein
  
 CHARMM>            define XXX sele PROT end
 SELRPN>      0 atoms have been selected out of  24952
  
 CHARMM>            if ?nsel .gt. 0 then
 RDCMND substituted energy or value "?NSEL" to "0"
 Comparing "0" and "0".
 IF test evaluated as false.  Skip to ELSE or ENDIF
  
 CHARMM>     
  
 CHARMM>            ! check if the ions are too close to solute
  
 CHARMM>            coor dist cut 4.0 sele target end sele JUNK .and. .not. hydrogen end image
 SELRPN>      1 atoms have been selected out of  36561
 SELRPN>      0 atoms have been selected out of  36561

            DISTANCES FOR SELECTED ATOMS
            ONLY ONE SELECTION SET SPECIFIED, A COMPARISON WILL BE DONE
 TOTAL EXCLUSION COUNT =         0
 TOTAL 1-4 EXCLUSIONS  =         0
 TOTAL NON-EXCLUSIONS  =         0
  
 CHARMM>            if ?npair .gt. 0 goto doinit
 RDCMND substituted energy or value "?NPAIR" to "0"
 Comparing "0" and "0".
 IF test evaluated as false.  Skipping command
  
 CHARMM>     
  
 CHARMM>            calc cntrand = 0
Evaluating: 0
 Parameter: CNTRAND <- "0"
  
 CHARMM>            increase i by 1
 Parameter: I <- "29"
  
 CHARMM>            if i .le. @nion goto doinit
 Parameter: NION -> "52"
 Comparing "29" and "52".
 IF test evaluated as true.  Performing command
  
 CHARMM>     
  
 CHARMM>            calc cntrand = @cntrand + 1
 Parameter: CNTRAND -> "0"
Evaluating: 0+1
 Parameter: CNTRAND <- "1"
  
 CHARMM>            if cntrand .gt. 100 stop ! ABNORMAL TERMINATION: ion placing may not work.. stop here
 Comparing "1" and "100".
 IF test evaluated as false.  Skipping command
  
 CHARMM>     
  
 CHARMM>            calc j = @i
 Parameter: I -> "29"
Evaluating: 29
 Parameter: J <- "29"
  
 CHARMM>            set ion = POS
 Parameter: ION <- "POS"
  
 CHARMM>     
  
 CHARMM>            if j .gt. @npos then
 Parameter: NPOS -> "26"
 Comparing "29" and "26".
 IF test evaluated as true.  Performing command
  
 CHARMM>               set ion = NEG
 Parameter: ION <- "NEG"
  
 CHARMM>               calc j  = @j - @npos
 Parameter: J -> "29"
 Parameter: NPOS -> "26"
Evaluating: 29-26
 Parameter: J <- "3"
  
 CHARMM>            endif
  
 CHARMM>     
  
 CHARMM>            define target select segid @ion .and. resid @j end
 Parameter: ION -> "NEG"
 Parameter: J -> "3"
 SELRPN>      1 atoms have been selected out of  24952
  
 CHARMM>     
  
 CHARMM>            calc xpos = @A * ( ?random - 0.5 )
 Parameter: A -> "76.8049478"
 RDCMND substituted energy or value "?RANDOM" to "6.563223865E-02"
Evaluating: 76.8049478*(6.563223865E-02-0.5)
 Parameter: XPOS <- "-33.3615932"
  
 CHARMM>            calc ypos = @B * ( ?random - 0.5 )
 Parameter: B -> "76.8049478"
 RDCMND substituted energy or value "?RANDOM" to "0.599490524"
Evaluating: 76.8049478*(0.599490524-0.5)
 Parameter: YPOS <- "7.6413645"
  
 CHARMM>            calc zpos = @C * ( ?random - 0.5 ) + @zcen
 Parameter: C -> "100"
 Parameter: ZCEN -> "0"
 RDCMND substituted energy or value "?RANDOM" to "0.189364092"
Evaluating: 100*(0.189364092-0.5)+0
 Parameter: ZPOS <- "-31.0635908"
  
 CHARMM>     
  
 CHARMM>            if zpos .gt. -15 if zpos .lt. 15 goto doinit
 Comparing "-31.0635908" and "-15".
 IF test evaluated as false.  Skipping command
  
 CHARMM>     
  
 CHARMM>            ! move target to selected position
  
 CHARMM>            coor stat select target end
 SELRPN>      1 atoms have been selected out of  24952
 STATISTICS FOR         1 SELECTED ATOMS:
    XMIN =    0.000000 XMAX =    0.000000 XAVE =    0.000000
    YMIN =    0.000000 YMAX =    0.000000 YAVE =    0.000000
    ZMIN =    0.000000 ZMAX =    0.000000 ZAVE =    0.000000
    WMIN =   -1.000000 WMAX =   -1.000000 WAVE =   -1.000000
  
 CHARMM>            calc xtran = @xpos - ?xave
 Parameter: XPOS -> "-33.3615932"
 RDCMND substituted energy or value "?XAVE" to "0"
Evaluating: -33.3615932-0
 Parameter: XTRAN <- "-33.3615932"
  
 CHARMM>            calc ytran = @ypos - ?yave
 Parameter: YPOS -> "7.6413645"
 RDCMND substituted energy or value "?YAVE" to "0"
Evaluating: 7.6413645-0
 Parameter: YTRAN <- "7.6413645"
  
 CHARMM>            calc ztran = @zpos - ?zave
 Parameter: ZPOS -> "-31.0635908"
 RDCMND substituted energy or value "?ZAVE" to "0"
Evaluating: -31.0635908-0
 Parameter: ZTRAN <- "-31.0635908"
  
 CHARMM>            coor trans xdir @xtran ydir @ytran zdir @ztran select target end
 Parameter: XTRAN -> "-33.3615932"
 Parameter: YTRAN -> "7.6413645"
 Parameter: ZTRAN -> "-31.0635908"
 SELRPN>      1 atoms have been selected out of  24952
 TRANSLATION VECTOR   -33.361593    7.641364  -31.063591
 SELECTED COORDINATES TRANSLATED IN THE MAIN SET.

  
 CHARMM>     
  
 CHARMM>            ! apply a random rotation along XYZ
  
 CHARMM>            calc xphi = ?random * 360.0
 RDCMND substituted energy or value "?RANDOM" to "0.186113096"
Evaluating: 0.186113096*360.0
 Parameter: XPHI <- "67.0007146"
  
 CHARMM>            calc yphi = ?random * 360.0
 RDCMND substituted energy or value "?RANDOM" to "0.14018632"
Evaluating: 0.14018632*360.0
 Parameter: YPHI <- "50.4670752"
  
 CHARMM>            calc zphi = ?random * 360.0
 RDCMND substituted energy or value "?RANDOM" to "0.315550292"
Evaluating: 0.315550292*360.0
 Parameter: ZPHI <- "113.598105"
  
 CHARMM>            coor rotate xcen @xpos ycen @ypos zcen @zpos xdir 1.0 -
 CHARMM>                phi @xphi select target end
 Parameter: XPOS -> "-33.3615932"
 Parameter: YPOS -> "7.6413645"
 Parameter: ZPOS -> "-31.0635908"
 Parameter: XPHI -> "67.0007146"
 SELRPN>      1 atoms have been selected out of  24952
 ROTATION MATRIX
    1.000000    0.000000    0.000000
    0.000000    0.390720    0.920510
    0.000000   -0.920510    0.390720

 AXIS OF ROTATION IS  1.000000  0.000000  0.000000  ANGLE IS   67.00

 SELECTED COORDINATES ROTATED IN THE MAIN SET.

  
 CHARMM>            coor rotate xcen @xpos ycen @ypos zcen @zpos ydir 1.0 -
 CHARMM>                phi @yphi select target end
 Parameter: XPOS -> "-33.3615932"
 Parameter: YPOS -> "7.6413645"
 Parameter: ZPOS -> "-31.0635908"
 Parameter: YPHI -> "50.4670752"
 SELRPN>      1 atoms have been selected out of  24952
 ROTATION MATRIX
    0.636522    0.000000   -0.771259
    0.000000    1.000000    0.000000
    0.771259    0.000000    0.636522

 AXIS OF ROTATION IS  0.000000  1.000000  0.000000  ANGLE IS   50.47

 SELECTED COORDINATES ROTATED IN THE MAIN SET.

  
 CHARMM>            coor rotate xcen @xpos ycen @ypos zcen @zpos zdir 1.0 -
 CHARMM>                phi @zphi select target end
 Parameter: XPOS -> "-33.3615932"
 Parameter: YPOS -> "7.6413645"
 Parameter: ZPOS -> "-31.0635908"
 Parameter: ZPHI -> "113.598105"
 SELRPN>      1 atoms have been selected out of  24952
 ROTATION MATRIX
   -0.400319    0.916376    0.000000
   -0.916376   -0.400319    0.000000
    0.000000    0.000000    1.000000

 AXIS OF ROTATION IS  0.000000  0.000000  1.000000  ANGLE IS  113.60

 SELECTED COORDINATES ROTATED IN THE MAIN SET.

  
 CHARMM>     
  
 CHARMM>     
  
 CHARMM>            calc dcut = 3.5
Evaluating: 3.5
 Parameter: DCUT <- "3.5"
  
 CHARMM>     
  
 CHARMM>            coor stat sele target end
 SELRPN>      1 atoms have been selected out of  24952
 STATISTICS FOR         1 SELECTED ATOMS:
    XMIN =  -33.361593 XMAX =  -33.361593 XAVE =  -33.361593
    YMIN =    7.641364 YMAX =    7.641364 YAVE =    7.641364
    ZMIN =  -31.063591 ZMAX =  -31.063591 ZAVE =  -31.063591
    WMIN =   -1.000000 WMAX =   -1.000000 WAVE =   -1.000000
  
 CHARMM>            calc xmax = ?xmax + @dcut
 Parameter: DCUT -> "3.5"
 RDCMND substituted energy or value "?XMAX" to "-33.3615932"
Evaluating: -33.3615932+3.5
 Parameter: XMAX <- "-29.8615932"
  
 CHARMM>            calc ymax = ?ymax + @dcut
 Parameter: DCUT -> "3.5"
 RDCMND substituted energy or value "?YMAX" to "7.6413645"
Evaluating: 7.6413645+3.5
 Parameter: YMAX <- "11.1413645"
  
 CHARMM>            calc zmax = ?zmax + @dcut
 Parameter: DCUT -> "3.5"
 RDCMND substituted energy or value "?ZMAX" to "-31.0635908"
Evaluating: -31.0635908+3.5
 Parameter: ZMAX <- "-27.5635908"
  
 CHARMM>            calc xmin = ?xmin - @dcut
 Parameter: DCUT -> "3.5"
 RDCMND substituted energy or value "?XMIN" to "-33.3615932"
Evaluating: -33.3615932-3.5
 Parameter: XMIN <- "-36.8615932"
  
 CHARMM>            calc ymin = ?ymin - @dcut
 Parameter: DCUT -> "3.5"
 RDCMND substituted energy or value "?YMIN" to "7.6413645"
Evaluating: 7.6413645-3.5
 Parameter: YMIN <- "4.1413645"
  
 CHARMM>            calc zmin = ?zmin - @dcut
 Parameter: DCUT -> "3.5"
 RDCMND substituted energy or value "?ZMIN" to "-31.0635908"
Evaluating: -31.0635908-3.5
 Parameter: ZMIN <- "-34.5635908"
  
 CHARMM>     
  
 CHARMM>            define JUNK sele .not. target .and. -
 CHARMM>                             prop X .lt. @xmax .and. prop X .gt. @xmin .and. -
 CHARMM>                             prop Y .lt. @ymax .and. prop Y .gt. @ymin .and. -
 CHARMM>                             prop Z .lt. @zmax .and. prop Z .gt. @zmin  end
 Parameter: XMAX -> "-29.8615932"
 Parameter: XMIN -> "-36.8615932"
 Parameter: YMAX -> "11.1413645"
 Parameter: YMIN -> "4.1413645"
 Parameter: ZMAX -> "-27.5635908"
 Parameter: ZMIN -> "-34.5635908"
 SELRPN>      0 atoms have been selected out of  24952
  
 CHARMM>     
  
 CHARMM>            ! check if the ions are too close to protein
  
 CHARMM>            define XXX sele PROT end
 SELRPN>      0 atoms have been selected out of  24952
  
 CHARMM>            if ?nsel .gt. 0 then
 RDCMND substituted energy or value "?NSEL" to "0"
 Comparing "0" and "0".
 IF test evaluated as false.  Skip to ELSE or ENDIF
  
 CHARMM>     
  
 CHARMM>            ! check if the ions are too close to solute
  
 CHARMM>            coor dist cut 4.0 sele target end sele JUNK .and. .not. hydrogen end image
 SELRPN>      1 atoms have been selected out of  36561
 SELRPN>      0 atoms have been selected out of  36561

            DISTANCES FOR SELECTED ATOMS
            ONLY ONE SELECTION SET SPECIFIED, A COMPARISON WILL BE DONE
 TOTAL EXCLUSION COUNT =         0
 TOTAL 1-4 EXCLUSIONS  =         0
 TOTAL NON-EXCLUSIONS  =         0
  
 CHARMM>            if ?npair .gt. 0 goto doinit
 RDCMND substituted energy or value "?NPAIR" to "0"
 Comparing "0" and "0".
 IF test evaluated as false.  Skipping command
  
 CHARMM>     
  
 CHARMM>            calc cntrand = 0
Evaluating: 0
 Parameter: CNTRAND <- "0"
  
 CHARMM>            increase i by 1
 Parameter: I <- "30"
  
 CHARMM>            if i .le. @nion goto doinit
 Parameter: NION -> "52"
 Comparing "30" and "52".
 IF test evaluated as true.  Performing command
  
 CHARMM>     
  
 CHARMM>            calc cntrand = @cntrand + 1
 Parameter: CNTRAND -> "0"
Evaluating: 0+1
 Parameter: CNTRAND <- "1"
  
 CHARMM>            if cntrand .gt. 100 stop ! ABNORMAL TERMINATION: ion placing may not work.. stop here
 Comparing "1" and "100".
 IF test evaluated as false.  Skipping command
  
 CHARMM>     
  
 CHARMM>            calc j = @i
 Parameter: I -> "30"
Evaluating: 30
 Parameter: J <- "30"
  
 CHARMM>            set ion = POS
 Parameter: ION <- "POS"
  
 CHARMM>     
  
 CHARMM>            if j .gt. @npos then
 Parameter: NPOS -> "26"
 Comparing "30" and "26".
 IF test evaluated as true.  Performing command
  
 CHARMM>               set ion = NEG
 Parameter: ION <- "NEG"
  
 CHARMM>               calc j  = @j - @npos
 Parameter: J -> "30"
 Parameter: NPOS -> "26"
Evaluating: 30-26
 Parameter: J <- "4"
  
 CHARMM>            endif
  
 CHARMM>     
  
 CHARMM>            define target select segid @ion .and. resid @j end
 Parameter: ION -> "NEG"
 Parameter: J -> "4"
 SELRPN>      1 atoms have been selected out of  24952
  
 CHARMM>     
  
 CHARMM>            calc xpos = @A * ( ?random - 0.5 )
 Parameter: A -> "76.8049478"
 RDCMND substituted energy or value "?RANDOM" to "0.616467962"
Evaluating: 76.8049478*(0.616467962-0.5)
 Parameter: XPOS <- "8.94531574"
  
 CHARMM>            calc ypos = @B * ( ?random - 0.5 )
 Parameter: B -> "76.8049478"
 RDCMND substituted energy or value "?RANDOM" to "0.441023028"
Evaluating: 76.8049478*(0.441023028-0.5)
 Parameter: YPOS <- "-4.52972326"
  
 CHARMM>            calc zpos = @C * ( ?random - 0.5 ) + @zcen
 Parameter: C -> "100"
 Parameter: ZCEN -> "0"
 RDCMND substituted energy or value "?RANDOM" to "0.408313963"
Evaluating: 100*(0.408313963-0.5)+0
 Parameter: ZPOS <- "-9.1686037"
  
 CHARMM>     
  
 CHARMM>            if zpos .gt. -15 if zpos .lt. 15 goto doinit
 Comparing "-9.1686037" and "-15".
 IF test evaluated as true.  Performing command
 Comparing "-9.1686037" and "15".
 IF test evaluated as true.  Performing command
  
 CHARMM>     
  
 CHARMM>            calc cntrand = @cntrand + 1
 Parameter: CNTRAND -> "1"
Evaluating: 1+1
 Parameter: CNTRAND <- "2"
  
 CHARMM>            if cntrand .gt. 100 stop ! ABNORMAL TERMINATION: ion placing may not work.. stop here
 Comparing "2" and "100".
 IF test evaluated as false.  Skipping command
  
 CHARMM>     
  
 CHARMM>            calc j = @i
 Parameter: I -> "30"
Evaluating: 30
 Parameter: J <- "30"
  
 CHARMM>            set ion = POS
 Parameter: ION <- "POS"
  
 CHARMM>     
  
 CHARMM>            if j .gt. @npos then
 Parameter: NPOS -> "26"
 Comparing "30" and "26".
 IF test evaluated as true.  Performing command
  
 CHARMM>               set ion = NEG
 Parameter: ION <- "NEG"
  
 CHARMM>               calc j  = @j - @npos
 Parameter: J -> "30"
 Parameter: NPOS -> "26"
Evaluating: 30-26
 Parameter: J <- "4"
  
 CHARMM>            endif
  
 CHARMM>     
  
 CHARMM>            define target select segid @ion .and. resid @j end
 Parameter: ION -> "NEG"
 Parameter: J -> "4"
 SELRPN>      1 atoms have been selected out of  24952
  
 CHARMM>     
  
 CHARMM>            calc xpos = @A * ( ?random - 0.5 )
 Parameter: A -> "76.8049478"
 RDCMND substituted energy or value "?RANDOM" to "0.759118432"
Evaluating: 76.8049478*(0.759118432-0.5)
 Parameter: XPOS <- "19.9015776"
  
 CHARMM>            calc ypos = @B * ( ?random - 0.5 )
 Parameter: B -> "76.8049478"
 RDCMND substituted energy or value "?RANDOM" to "0.390041935"
Evaluating: 76.8049478*(0.390041935-0.5)
 Parameter: YPOS <- "-8.44532344"
  
 CHARMM>            calc zpos = @C * ( ?random - 0.5 ) + @zcen
 Parameter: C -> "100"
 Parameter: ZCEN -> "0"
 RDCMND substituted energy or value "?RANDOM" to "0.815216585"
Evaluating: 100*(0.815216585-0.5)+0
 Parameter: ZPOS <- "31.5216585"
  
 CHARMM>     
  
 CHARMM>            if zpos .gt. -15 if zpos .lt. 15 goto doinit
 Comparing "31.5216585" and "-15".
 IF test evaluated as true.  Performing command
 Comparing "31.5216585" and "15".
 IF test evaluated as false.  Skipping command
  
 CHARMM>     
  
 CHARMM>            ! move target to selected position
  
 CHARMM>            coor stat select target end
 SELRPN>      1 atoms have been selected out of  24952
 STATISTICS FOR         1 SELECTED ATOMS:
    XMIN =    0.000000 XMAX =    0.000000 XAVE =    0.000000
    YMIN =    0.000000 YMAX =    0.000000 YAVE =    0.000000
    ZMIN =    0.000000 ZMAX =    0.000000 ZAVE =    0.000000
    WMIN =   -1.000000 WMAX =   -1.000000 WAVE =   -1.000000
  
 CHARMM>            calc xtran = @xpos - ?xave
 Parameter: XPOS -> "19.9015776"
 RDCMND substituted energy or value "?XAVE" to "0"
Evaluating: 19.9015776-0
 Parameter: XTRAN <- "19.9015776"
  
 CHARMM>            calc ytran = @ypos - ?yave
 Parameter: YPOS -> "-8.44532344"
 RDCMND substituted energy or value "?YAVE" to "0"
Evaluating: -8.44532344-0
 Parameter: YTRAN <- "-8.44532344"
  
 CHARMM>            calc ztran = @zpos - ?zave
 Parameter: ZPOS -> "31.5216585"
 RDCMND substituted energy or value "?ZAVE" to "0"
Evaluating: 31.5216585-0
 Parameter: ZTRAN <- "31.5216585"
  
 CHARMM>            coor trans xdir @xtran ydir @ytran zdir @ztran select target end
 Parameter: XTRAN -> "19.9015776"
 Parameter: YTRAN -> "-8.44532344"
 Parameter: ZTRAN -> "31.5216585"
 SELRPN>      1 atoms have been selected out of  24952
 TRANSLATION VECTOR    19.901578   -8.445323   31.521659
 SELECTED COORDINATES TRANSLATED IN THE MAIN SET.

  
 CHARMM>     
  
 CHARMM>            ! apply a random rotation along XYZ
  
 CHARMM>            calc xphi = ?random * 360.0
 RDCMND substituted energy or value "?RANDOM" to "0.198310666"
Evaluating: 0.198310666*360.0
 Parameter: XPHI <- "71.3918398"
  
 CHARMM>            calc yphi = ?random * 360.0
 RDCMND substituted energy or value "?RANDOM" to "0.892466345"
Evaluating: 0.892466345*360.0
 Parameter: YPHI <- "321.287884"
  
 CHARMM>            calc zphi = ?random * 360.0
 RDCMND substituted energy or value "?RANDOM" to "0.596649211"
Evaluating: 0.596649211*360.0
 Parameter: ZPHI <- "214.793716"
  
 CHARMM>            coor rotate xcen @xpos ycen @ypos zcen @zpos xdir 1.0 -
 CHARMM>                phi @xphi select target end
 Parameter: XPOS -> "19.9015776"
 Parameter: YPOS -> "-8.44532344"
 Parameter: ZPOS -> "31.5216585"
 Parameter: XPHI -> "71.3918398"
 SELRPN>      1 atoms have been selected out of  24952
 ROTATION MATRIX
    1.000000    0.000000    0.000000
    0.000000    0.319094    0.947723
    0.000000   -0.947723    0.319094

 AXIS OF ROTATION IS  1.000000  0.000000  0.000000  ANGLE IS   71.39

 SELECTED COORDINATES ROTATED IN THE MAIN SET.

  
 CHARMM>            coor rotate xcen @xpos ycen @ypos zcen @zpos ydir 1.0 -
 CHARMM>                phi @yphi select target end
 Parameter: XPOS -> "19.9015776"
 Parameter: YPOS -> "-8.44532344"
 Parameter: ZPOS -> "31.5216585"
 Parameter: YPHI -> "321.287884"
 SELRPN>      1 atoms have been selected out of  24952
 ROTATION MATRIX
    0.780298    0.000000    0.625408
    0.000000    1.000000    0.000000
   -0.625408    0.000000    0.780298

 AXIS OF ROTATION IS  0.000000 -1.000000  0.000000  ANGLE IS   38.71

 SELECTED COORDINATES ROTATED IN THE MAIN SET.

  
 CHARMM>            coor rotate xcen @xpos ycen @ypos zcen @zpos zdir 1.0 -
 CHARMM>                phi @zphi select target end
 Parameter: XPOS -> "19.9015776"
 Parameter: YPOS -> "-8.44532344"
 Parameter: ZPOS -> "31.5216585"
 Parameter: ZPHI -> "214.793716"
 SELRPN>      1 atoms have been selected out of  24952
 ROTATION MATRIX
   -0.821212   -0.570624    0.000000
    0.570624   -0.821212    0.000000
    0.000000    0.000000    1.000000

 AXIS OF ROTATION IS  0.000000  0.000000 -1.000000  ANGLE IS  145.21

 SELECTED COORDINATES ROTATED IN THE MAIN SET.

  
 CHARMM>     
  
 CHARMM>     
  
 CHARMM>            calc dcut = 3.5
Evaluating: 3.5
 Parameter: DCUT <- "3.5"
  
 CHARMM>     
  
 CHARMM>            coor stat sele target end
 SELRPN>      1 atoms have been selected out of  24952
 STATISTICS FOR         1 SELECTED ATOMS:
    XMIN =   19.901578 XMAX =   19.901578 XAVE =   19.901578
    YMIN =   -8.445323 YMAX =   -8.445323 YAVE =   -8.445323
    ZMIN =   31.521659 ZMAX =   31.521659 ZAVE =   31.521659
    WMIN =   -1.000000 WMAX =   -1.000000 WAVE =   -1.000000
  
 CHARMM>            calc xmax = ?xmax + @dcut
 Parameter: DCUT -> "3.5"
 RDCMND substituted energy or value "?XMAX" to "19.9015776"
Evaluating: 19.9015776+3.5
 Parameter: XMAX <- "23.4015776"
  
 CHARMM>            calc ymax = ?ymax + @dcut
 Parameter: DCUT -> "3.5"
 RDCMND substituted energy or value "?YMAX" to "-8.44532344"
Evaluating: -8.44532344+3.5
 Parameter: YMAX <- "-4.94532344"
  
 CHARMM>            calc zmax = ?zmax + @dcut
 Parameter: DCUT -> "3.5"
 RDCMND substituted energy or value "?ZMAX" to "31.5216585"
Evaluating: 31.5216585+3.5
 Parameter: ZMAX <- "35.0216585"
  
 CHARMM>            calc xmin = ?xmin - @dcut
 Parameter: DCUT -> "3.5"
 RDCMND substituted energy or value "?XMIN" to "19.9015776"
Evaluating: 19.9015776-3.5
 Parameter: XMIN <- "16.4015776"
  
 CHARMM>            calc ymin = ?ymin - @dcut
 Parameter: DCUT -> "3.5"
 RDCMND substituted energy or value "?YMIN" to "-8.44532344"
Evaluating: -8.44532344-3.5
 Parameter: YMIN <- "-11.9453234"
  
 CHARMM>            calc zmin = ?zmin - @dcut
 Parameter: DCUT -> "3.5"
 RDCMND substituted energy or value "?ZMIN" to "31.5216585"
Evaluating: 31.5216585-3.5
 Parameter: ZMIN <- "28.0216585"
  
 CHARMM>     
  
 CHARMM>            define JUNK sele .not. target .and. -
 CHARMM>                             prop X .lt. @xmax .and. prop X .gt. @xmin .and. -
 CHARMM>                             prop Y .lt. @ymax .and. prop Y .gt. @ymin .and. -
 CHARMM>                             prop Z .lt. @zmax .and. prop Z .gt. @zmin  end
 Parameter: XMAX -> "23.4015776"
 Parameter: XMIN -> "16.4015776"
 Parameter: YMAX -> "-4.94532344"
 Parameter: YMIN -> "-11.9453234"
 Parameter: ZMAX -> "35.0216585"
 Parameter: ZMIN -> "28.0216585"
 SELRPN>      0 atoms have been selected out of  24952
  
 CHARMM>     
  
 CHARMM>            ! check if the ions are too close to protein
  
 CHARMM>            define XXX sele PROT end
 SELRPN>      0 atoms have been selected out of  24952
  
 CHARMM>            if ?nsel .gt. 0 then
 RDCMND substituted energy or value "?NSEL" to "0"
 Comparing "0" and "0".
 IF test evaluated as false.  Skip to ELSE or ENDIF
  
 CHARMM>     
  
 CHARMM>            ! check if the ions are too close to solute
  
 CHARMM>            coor dist cut 4.0 sele target end sele JUNK .and. .not. hydrogen end image
 SELRPN>      1 atoms have been selected out of  36561
 SELRPN>      0 atoms have been selected out of  36561

            DISTANCES FOR SELECTED ATOMS
            ONLY ONE SELECTION SET SPECIFIED, A COMPARISON WILL BE DONE
 TOTAL EXCLUSION COUNT =         0
 TOTAL 1-4 EXCLUSIONS  =         0
 TOTAL NON-EXCLUSIONS  =         0
  
 CHARMM>            if ?npair .gt. 0 goto doinit
 RDCMND substituted energy or value "?NPAIR" to "0"
 Comparing "0" and "0".
 IF test evaluated as false.  Skipping command
  
 CHARMM>     
  
 CHARMM>            calc cntrand = 0
Evaluating: 0
 Parameter: CNTRAND <- "0"
  
 CHARMM>            increase i by 1
 Parameter: I <- "31"
  
 CHARMM>            if i .le. @nion goto doinit
 Parameter: NION -> "52"
 Comparing "31" and "52".
 IF test evaluated as true.  Performing command
  
 CHARMM>     
  
 CHARMM>            calc cntrand = @cntrand + 1
 Parameter: CNTRAND -> "0"
Evaluating: 0+1
 Parameter: CNTRAND <- "1"
  
 CHARMM>            if cntrand .gt. 100 stop ! ABNORMAL TERMINATION: ion placing may not work.. stop here
 Comparing "1" and "100".
 IF test evaluated as false.  Skipping command
  
 CHARMM>     
  
 CHARMM>            calc j = @i
 Parameter: I -> "31"
Evaluating: 31
 Parameter: J <- "31"
  
 CHARMM>            set ion = POS
 Parameter: ION <- "POS"
  
 CHARMM>     
  
 CHARMM>            if j .gt. @npos then
 Parameter: NPOS -> "26"
 Comparing "31" and "26".
 IF test evaluated as true.  Performing command
  
 CHARMM>               set ion = NEG
 Parameter: ION <- "NEG"
  
 CHARMM>               calc j  = @j - @npos
 Parameter: J -> "31"
 Parameter: NPOS -> "26"
Evaluating: 31-26
 Parameter: J <- "5"
  
 CHARMM>            endif
  
 CHARMM>     
  
 CHARMM>            define target select segid @ion .and. resid @j end
 Parameter: ION -> "NEG"
 Parameter: J -> "5"
 SELRPN>      1 atoms have been selected out of  24952
  
 CHARMM>     
  
 CHARMM>            calc xpos = @A * ( ?random - 0.5 )
 Parameter: A -> "76.8049478"
 RDCMND substituted energy or value "?RANDOM" to "0.228033135"
Evaluating: 76.8049478*(0.228033135-0.5)
 Parameter: XPOS <- "-20.8884009"
  
 CHARMM>            calc ypos = @B * ( ?random - 0.5 )
 Parameter: B -> "76.8049478"
 RDCMND substituted energy or value "?RANDOM" to "0.53648607"
Evaluating: 76.8049478*(0.53648607-0.5)
 Parameter: YPOS <- "2.8023107"
  
 CHARMM>            calc zpos = @C * ( ?random - 0.5 ) + @zcen
 Parameter: C -> "100"
 Parameter: ZCEN -> "0"
 RDCMND substituted energy or value "?RANDOM" to "0.702140625"
Evaluating: 100*(0.702140625-0.5)+0
 Parameter: ZPOS <- "20.2140625"
  
 CHARMM>     
  
 CHARMM>            if zpos .gt. -15 if zpos .lt. 15 goto doinit
 Comparing "20.2140625" and "-15".
 IF test evaluated as true.  Performing command
 Comparing "20.2140625" and "15".
 IF test evaluated as false.  Skipping command
  
 CHARMM>     
  
 CHARMM>            ! move target to selected position
  
 CHARMM>            coor stat select target end
 SELRPN>      1 atoms have been selected out of  24952
 STATISTICS FOR         1 SELECTED ATOMS:
    XMIN =    0.000000 XMAX =    0.000000 XAVE =    0.000000
    YMIN =    0.000000 YMAX =    0.000000 YAVE =    0.000000
    ZMIN =    0.000000 ZMAX =    0.000000 ZAVE =    0.000000
    WMIN =   -1.000000 WMAX =   -1.000000 WAVE =   -1.000000
  
 CHARMM>            calc xtran = @xpos - ?xave
 Parameter: XPOS -> "-20.8884009"
 RDCMND substituted energy or value "?XAVE" to "0"
Evaluating: -20.8884009-0
 Parameter: XTRAN <- "-20.8884009"
  
 CHARMM>            calc ytran = @ypos - ?yave
 Parameter: YPOS -> "2.8023107"
 RDCMND substituted energy or value "?YAVE" to "0"
Evaluating: 2.8023107-0
 Parameter: YTRAN <- "2.8023107"
  
 CHARMM>            calc ztran = @zpos - ?zave
 Parameter: ZPOS -> "20.2140625"
 RDCMND substituted energy or value "?ZAVE" to "0"
Evaluating: 20.2140625-0
 Parameter: ZTRAN <- "20.2140625"
  
 CHARMM>            coor trans xdir @xtran ydir @ytran zdir @ztran select target end
 Parameter: XTRAN -> "-20.8884009"
 Parameter: YTRAN -> "2.8023107"
 Parameter: ZTRAN -> "20.2140625"
 SELRPN>      1 atoms have been selected out of  24952
 TRANSLATION VECTOR   -20.888401    2.802311   20.214063
 SELECTED COORDINATES TRANSLATED IN THE MAIN SET.

  
 CHARMM>     
  
 CHARMM>            ! apply a random rotation along XYZ
  
 CHARMM>            calc xphi = ?random * 360.0
 RDCMND substituted energy or value "?RANDOM" to "0.730469746"
Evaluating: 0.730469746*360.0
 Parameter: XPHI <- "262.969109"
  
 CHARMM>            calc yphi = ?random * 360.0
 RDCMND substituted energy or value "?RANDOM" to "0.103325227"
Evaluating: 0.103325227*360.0
 Parameter: YPHI <- "37.1970817"
  
 CHARMM>            calc zphi = ?random * 360.0
 RDCMND substituted energy or value "?RANDOM" to "0.269893905"
Evaluating: 0.269893905*360.0
 Parameter: ZPHI <- "97.1618058"
  
 CHARMM>            coor rotate xcen @xpos ycen @ypos zcen @zpos xdir 1.0 -
 CHARMM>                phi @xphi select target end
 Parameter: XPOS -> "-20.8884009"
 Parameter: YPOS -> "2.8023107"
 Parameter: ZPOS -> "20.2140625"
 Parameter: XPHI -> "262.969109"
 SELRPN>      1 atoms have been selected out of  24952
 ROTATION MATRIX
    1.000000    0.000000    0.000000
    0.000000   -0.122404   -0.992480
    0.000000    0.992480   -0.122404

 AXIS OF ROTATION IS -1.000000  0.000000  0.000000  ANGLE IS   97.03

 SELECTED COORDINATES ROTATED IN THE MAIN SET.

  
 CHARMM>            coor rotate xcen @xpos ycen @ypos zcen @zpos ydir 1.0 -
 CHARMM>                phi @yphi select target end
 Parameter: XPOS -> "-20.8884009"
 Parameter: YPOS -> "2.8023107"
 Parameter: ZPOS -> "20.2140625"
 Parameter: YPHI -> "37.1970817"
 SELRPN>      1 atoms have been selected out of  24952
 ROTATION MATRIX
    0.796561    0.000000   -0.604559
    0.000000    1.000000    0.000000
    0.604559    0.000000    0.796561

 AXIS OF ROTATION IS  0.000000  1.000000  0.000000  ANGLE IS   37.20

 SELECTED COORDINATES ROTATED IN THE MAIN SET.

  
 CHARMM>            coor rotate xcen @xpos ycen @ypos zcen @zpos zdir 1.0 -
 CHARMM>                phi @zphi select target end
 Parameter: XPOS -> "-20.8884009"
 Parameter: YPOS -> "2.8023107"
 Parameter: ZPOS -> "20.2140625"
 Parameter: ZPHI -> "97.1618058"
 SELRPN>      1 atoms have been selected out of  24952
 ROTATION MATRIX
   -0.124672    0.992198    0.000000
   -0.992198   -0.124672    0.000000
    0.000000    0.000000    1.000000

 AXIS OF ROTATION IS  0.000000  0.000000  1.000000  ANGLE IS   97.16

 SELECTED COORDINATES ROTATED IN THE MAIN SET.

  
 CHARMM>     
  
 CHARMM>     
  
 CHARMM>            calc dcut = 3.5
Evaluating: 3.5
 Parameter: DCUT <- "3.5"
  
 CHARMM>     
  
 CHARMM>            coor stat sele target end
 SELRPN>      1 atoms have been selected out of  24952
 STATISTICS FOR         1 SELECTED ATOMS:
    XMIN =  -20.888401 XMAX =  -20.888401 XAVE =  -20.888401
    YMIN =    2.802311 YMAX =    2.802311 YAVE =    2.802311
    ZMIN =   20.214063 ZMAX =   20.214063 ZAVE =   20.214063
    WMIN =   -1.000000 WMAX =   -1.000000 WAVE =   -1.000000
  
 CHARMM>            calc xmax = ?xmax + @dcut
 Parameter: DCUT -> "3.5"
 RDCMND substituted energy or value "?XMAX" to "-20.8884009"
Evaluating: -20.8884009+3.5
 Parameter: XMAX <- "-17.3884009"
  
 CHARMM>            calc ymax = ?ymax + @dcut
 Parameter: DCUT -> "3.5"
 RDCMND substituted energy or value "?YMAX" to "2.8023107"
Evaluating: 2.8023107+3.5
 Parameter: YMAX <- "6.3023107"
  
 CHARMM>            calc zmax = ?zmax + @dcut
 Parameter: DCUT -> "3.5"
 RDCMND substituted energy or value "?ZMAX" to "20.2140625"
Evaluating: 20.2140625+3.5
 Parameter: ZMAX <- "23.7140625"
  
 CHARMM>            calc xmin = ?xmin - @dcut
 Parameter: DCUT -> "3.5"
 RDCMND substituted energy or value "?XMIN" to "-20.8884009"
Evaluating: -20.8884009-3.5
 Parameter: XMIN <- "-24.3884009"
  
 CHARMM>            calc ymin = ?ymin - @dcut
 Parameter: DCUT -> "3.5"
 RDCMND substituted energy or value "?YMIN" to "2.8023107"
Evaluating: 2.8023107-3.5
 Parameter: YMIN <- "-0.6976893"
  
 CHARMM>            calc zmin = ?zmin - @dcut
 Parameter: DCUT -> "3.5"
 RDCMND substituted energy or value "?ZMIN" to "20.2140625"
Evaluating: 20.2140625-3.5
 Parameter: ZMIN <- "16.7140625"
  
 CHARMM>     
  
 CHARMM>            define JUNK sele .not. target .and. -
 CHARMM>                             prop X .lt. @xmax .and. prop X .gt. @xmin .and. -
 CHARMM>                             prop Y .lt. @ymax .and. prop Y .gt. @ymin .and. -
 CHARMM>                             prop Z .lt. @zmax .and. prop Z .gt. @zmin  end
 Parameter: XMAX -> "-17.3884009"
 Parameter: XMIN -> "-24.3884009"
 Parameter: YMAX -> "6.3023107"
 Parameter: YMIN -> "-0.6976893"
 Parameter: ZMAX -> "23.7140625"
 Parameter: ZMIN -> "16.7140625"
 SELRPN>     23 atoms have been selected out of  24952
  
 CHARMM>     
  
 CHARMM>            ! check if the ions are too close to protein
  
 CHARMM>            define XXX sele PROT end
 SELRPN>      0 atoms have been selected out of  24952
  
 CHARMM>            if ?nsel .gt. 0 then
 RDCMND substituted energy or value "?NSEL" to "0"
 Comparing "0" and "0".
 IF test evaluated as false.  Skip to ELSE or ENDIF
  
 CHARMM>     
  
 CHARMM>            ! check if the ions are too close to solute
  
 CHARMM>            coor dist cut 4.0 sele target end sele JUNK .and. .not. hydrogen end image
 SELRPN>      1 atoms have been selected out of  36561
 SELRPN>     11 atoms have been selected out of  36561

            DISTANCES FOR SELECTED ATOMS
24931 NEG      CLA      5        CLA     -2455 MEMB     DOPE     20       N             3.1544
24931 NEG      CLA      5        CLA     -2459 MEMB     DOPE     20       C12           1.9130
24931 NEG      CLA      5        CLA     -2462 MEMB     DOPE     20       C11           2.0610
24931 NEG      CLA      5        CLA     -2465 MEMB     DOPE     20       P             3.1673
24931 NEG      CLA      5        CLA     -2467 MEMB     DOPE     20       O14           3.2498
24931 NEG      CLA      5        CLA     -2468 MEMB     DOPE     20       O11           3.7907
24931 NEG      CLA      5        CLA     -2469 MEMB     DOPE     20       O12           1.9920
24931 NEG      CLA      5        CLA     -4485 MEMB     DOPC     37       N             3.9757
24931 NEG      CLA      5        CLA     -4497 MEMB     DOPC     37       C15           2.5270
 TOTAL EXCLUSION COUNT =         0
 TOTAL 1-4 EXCLUSIONS  =         0
 TOTAL NON-EXCLUSIONS  =         9
  
 CHARMM>            if ?npair .gt. 0 goto doinit
 RDCMND substituted energy or value "?NPAIR" to "9"
 Comparing "9" and "0".
 IF test evaluated as true.  Performing command
  
 CHARMM>     
  
 CHARMM>            calc cntrand = @cntrand + 1
 Parameter: CNTRAND -> "1"
Evaluating: 1+1
 Parameter: CNTRAND <- "2"
  
 CHARMM>            if cntrand .gt. 100 stop ! ABNORMAL TERMINATION: ion placing may not work.. stop here
 Comparing "2" and "100".
 IF test evaluated as false.  Skipping command
  
 CHARMM>     
  
 CHARMM>            calc j = @i
 Parameter: I -> "31"
Evaluating: 31
 Parameter: J <- "31"
  
 CHARMM>            set ion = POS
 Parameter: ION <- "POS"
  
 CHARMM>     
  
 CHARMM>            if j .gt. @npos then
 Parameter: NPOS -> "26"
 Comparing "31" and "26".
 IF test evaluated as true.  Performing command
  
 CHARMM>               set ion = NEG
 Parameter: ION <- "NEG"
  
 CHARMM>               calc j  = @j - @npos
 Parameter: J -> "31"
 Parameter: NPOS -> "26"
Evaluating: 31-26
 Parameter: J <- "5"
  
 CHARMM>            endif
  
 CHARMM>     
  
 CHARMM>            define target select segid @ion .and. resid @j end
 Parameter: ION -> "NEG"
 Parameter: J -> "5"
 SELRPN>      1 atoms have been selected out of  24952
  
 CHARMM>     
  
 CHARMM>            calc xpos = @A * ( ?random - 0.5 )
 Parameter: A -> "76.8049478"
 RDCMND substituted energy or value "?RANDOM" to "0.600663137"
Evaluating: 76.8049478*(0.600663137-0.5)
 Parameter: XPOS <- "7.73142698"
  
 CHARMM>            calc ypos = @B * ( ?random - 0.5 )
 Parameter: B -> "76.8049478"
 RDCMND substituted energy or value "?RANDOM" to "0.859029889"
Evaluating: 76.8049478*(0.859029889-0.5)
 Parameter: YPOS <- "27.5752719"
  
 CHARMM>            calc zpos = @C * ( ?random - 0.5 ) + @zcen
 Parameter: C -> "100"
 Parameter: ZCEN -> "0"
 RDCMND substituted energy or value "?RANDOM" to "0.993979504"
Evaluating: 100*(0.993979504-0.5)+0
 Parameter: ZPOS <- "49.3979504"
  
 CHARMM>     
  
 CHARMM>            if zpos .gt. -15 if zpos .lt. 15 goto doinit
 Comparing "49.3979504" and "-15".
 IF test evaluated as true.  Performing command
 Comparing "49.3979504" and "15".
 IF test evaluated as false.  Skipping command
  
 CHARMM>     
  
 CHARMM>            ! move target to selected position
  
 CHARMM>            coor stat select target end
 SELRPN>      1 atoms have been selected out of  24952
 STATISTICS FOR         1 SELECTED ATOMS:
    XMIN =  -20.888401 XMAX =  -20.888401 XAVE =  -20.888401
    YMIN =    2.802311 YMAX =    2.802311 YAVE =    2.802311
    ZMIN =   20.214063 ZMAX =   20.214063 ZAVE =   20.214063
    WMIN =   -1.000000 WMAX =   -1.000000 WAVE =   -1.000000
  
 CHARMM>            calc xtran = @xpos - ?xave
 Parameter: XPOS -> "7.73142698"
 RDCMND substituted energy or value "?XAVE" to "-20.8884009"
Evaluating: 7.73142698--20.8884009
 Parameter: XTRAN <- "28.6198279"
  
 CHARMM>            calc ytran = @ypos - ?yave
 Parameter: YPOS -> "27.5752719"
 RDCMND substituted energy or value "?YAVE" to "2.8023107"
Evaluating: 27.5752719-2.8023107
 Parameter: YTRAN <- "24.7729612"
  
 CHARMM>            calc ztran = @zpos - ?zave
 Parameter: ZPOS -> "49.3979504"
 RDCMND substituted energy or value "?ZAVE" to "20.2140625"
Evaluating: 49.3979504-20.2140625
 Parameter: ZTRAN <- "29.1838879"
  
 CHARMM>            coor trans xdir @xtran ydir @ytran zdir @ztran select target end
 Parameter: XTRAN -> "28.6198279"
 Parameter: YTRAN -> "24.7729612"
 Parameter: ZTRAN -> "29.1838879"
 SELRPN>      1 atoms have been selected out of  24952
 TRANSLATION VECTOR    28.619828   24.772961   29.183888
 SELECTED COORDINATES TRANSLATED IN THE MAIN SET.

  
 CHARMM>     
  
 CHARMM>            ! apply a random rotation along XYZ
  
 CHARMM>            calc xphi = ?random * 360.0
 RDCMND substituted energy or value "?RANDOM" to "0.310584385"
Evaluating: 0.310584385*360.0
 Parameter: XPHI <- "111.810379"
  
 CHARMM>            calc yphi = ?random * 360.0
 RDCMND substituted energy or value "?RANDOM" to "0.215424886"
Evaluating: 0.215424886*360.0
 Parameter: YPHI <- "77.552959"
  
 CHARMM>            calc zphi = ?random * 360.0
 RDCMND substituted energy or value "?RANDOM" to "0.33418841"
Evaluating: 0.33418841*360.0
 Parameter: ZPHI <- "120.307828"
  
 CHARMM>            coor rotate xcen @xpos ycen @ypos zcen @zpos xdir 1.0 -
 CHARMM>                phi @xphi select target end
 Parameter: XPOS -> "7.73142698"
 Parameter: YPOS -> "27.5752719"
 Parameter: ZPOS -> "49.3979504"
 Parameter: XPHI -> "111.810379"
 SELRPN>      1 atoms have been selected out of  24952
 ROTATION MATRIX
    1.000000    0.000000    0.000000
    0.000000   -0.371536    0.928419
    0.000000   -0.928419   -0.371536

 AXIS OF ROTATION IS  1.000000  0.000000  0.000000  ANGLE IS  111.81

 SELECTED COORDINATES ROTATED IN THE MAIN SET.

  
 CHARMM>            coor rotate xcen @xpos ycen @ypos zcen @zpos ydir 1.0 -
 CHARMM>                phi @yphi select target end
 Parameter: XPOS -> "7.73142698"
 Parameter: YPOS -> "27.5752719"
 Parameter: ZPOS -> "49.3979504"
 Parameter: YPHI -> "77.552959"
 SELRPN>      1 atoms have been selected out of  24952
 ROTATION MATRIX
    0.215537    0.000000   -0.976496
    0.000000    1.000000    0.000000
    0.976496    0.000000    0.215537

 AXIS OF ROTATION IS  0.000000  1.000000  0.000000  ANGLE IS   77.55

 SELECTED COORDINATES ROTATED IN THE MAIN SET.

  
 CHARMM>            coor rotate xcen @xpos ycen @ypos zcen @zpos zdir 1.0 -
 CHARMM>                phi @zphi select target end
 Parameter: XPOS -> "7.73142698"
 Parameter: YPOS -> "27.5752719"
 Parameter: ZPOS -> "49.3979504"
 Parameter: ZPHI -> "120.307828"
 SELRPN>      1 atoms have been selected out of  24952
 ROTATION MATRIX
   -0.504646    0.863327    0.000000
   -0.863327   -0.504646    0.000000
    0.000000    0.000000    1.000000

 AXIS OF ROTATION IS  0.000000  0.000000  1.000000  ANGLE IS  120.31

 SELECTED COORDINATES ROTATED IN THE MAIN SET.

  
 CHARMM>     
  
 CHARMM>     
  
 CHARMM>            calc dcut = 3.5
Evaluating: 3.5
 Parameter: DCUT <- "3.5"
  
 CHARMM>     
  
 CHARMM>            coor stat sele target end
 SELRPN>      1 atoms have been selected out of  24952
 STATISTICS FOR         1 SELECTED ATOMS:
    XMIN =    7.731427 XMAX =    7.731427 XAVE =    7.731427
    YMIN =   27.575272 YMAX =   27.575272 YAVE =   27.575272
    ZMIN =   49.397950 ZMAX =   49.397950 ZAVE =   49.397950
    WMIN =   -1.000000 WMAX =   -1.000000 WAVE =   -1.000000
  
 CHARMM>            calc xmax = ?xmax + @dcut
 Parameter: DCUT -> "3.5"
 RDCMND substituted energy or value "?XMAX" to "7.73142698"
Evaluating: 7.73142698+3.5
 Parameter: XMAX <- "11.231427"
  
 CHARMM>            calc ymax = ?ymax + @dcut
 Parameter: DCUT -> "3.5"
 RDCMND substituted energy or value "?YMAX" to "27.5752719"
Evaluating: 27.5752719+3.5
 Parameter: YMAX <- "31.0752719"
  
 CHARMM>            calc zmax = ?zmax + @dcut
 Parameter: DCUT -> "3.5"
 RDCMND substituted energy or value "?ZMAX" to "49.3979504"
Evaluating: 49.3979504+3.5
 Parameter: ZMAX <- "52.8979504"
  
 CHARMM>            calc xmin = ?xmin - @dcut
 Parameter: DCUT -> "3.5"
 RDCMND substituted energy or value "?XMIN" to "7.73142698"
Evaluating: 7.73142698-3.5
 Parameter: XMIN <- "4.23142698"
  
 CHARMM>            calc ymin = ?ymin - @dcut
 Parameter: DCUT -> "3.5"
 RDCMND substituted energy or value "?YMIN" to "27.5752719"
Evaluating: 27.5752719-3.5
 Parameter: YMIN <- "24.0752719"
  
 CHARMM>            calc zmin = ?zmin - @dcut
 Parameter: DCUT -> "3.5"
 RDCMND substituted energy or value "?ZMIN" to "49.3979504"
Evaluating: 49.3979504-3.5
 Parameter: ZMIN <- "45.8979504"
  
 CHARMM>     
  
 CHARMM>            define JUNK sele .not. target .and. -
 CHARMM>                             prop X .lt. @xmax .and. prop X .gt. @xmin .and. -
 CHARMM>                             prop Y .lt. @ymax .and. prop Y .gt. @ymin .and. -
 CHARMM>                             prop Z .lt. @zmax .and. prop Z .gt. @zmin  end
 Parameter: XMAX -> "11.231427"
 Parameter: XMIN -> "4.23142698"
 Parameter: YMAX -> "31.0752719"
 Parameter: YMIN -> "24.0752719"
 Parameter: ZMAX -> "52.8979504"
 Parameter: ZMIN -> "45.8979504"
 SELRPN>      0 atoms have been selected out of  24952
  
 CHARMM>     
  
 CHARMM>            ! check if the ions are too close to protein
  
 CHARMM>            define XXX sele PROT end
 SELRPN>      0 atoms have been selected out of  24952
  
 CHARMM>            if ?nsel .gt. 0 then
 RDCMND substituted energy or value "?NSEL" to "0"
 Comparing "0" and "0".
 IF test evaluated as false.  Skip to ELSE or ENDIF
  
 CHARMM>     
  
 CHARMM>            ! check if the ions are too close to solute
  
 CHARMM>            coor dist cut 4.0 sele target end sele JUNK .and. .not. hydrogen end image
 SELRPN>      1 atoms have been selected out of  36561
 SELRPN>      0 atoms have been selected out of  36561

            DISTANCES FOR SELECTED ATOMS
            ONLY ONE SELECTION SET SPECIFIED, A COMPARISON WILL BE DONE
 TOTAL EXCLUSION COUNT =         0
 TOTAL 1-4 EXCLUSIONS  =         0
 TOTAL NON-EXCLUSIONS  =         0
  
 CHARMM>            if ?npair .gt. 0 goto doinit
 RDCMND substituted energy or value "?NPAIR" to "0"
 Comparing "0" and "0".
 IF test evaluated as false.  Skipping command
  
 CHARMM>     
  
 CHARMM>            calc cntrand = 0
Evaluating: 0
 Parameter: CNTRAND <- "0"
  
 CHARMM>            increase i by 1
 Parameter: I <- "32"
  
 CHARMM>            if i .le. @nion goto doinit
 Parameter: NION -> "52"
 Comparing "32" and "52".
 IF test evaluated as true.  Performing command
  
 CHARMM>     
  
 CHARMM>            calc cntrand = @cntrand + 1
 Parameter: CNTRAND -> "0"
Evaluating: 0+1
 Parameter: CNTRAND <- "1"
  
 CHARMM>            if cntrand .gt. 100 stop ! ABNORMAL TERMINATION: ion placing may not work.. stop here
 Comparing "1" and "100".
 IF test evaluated as false.  Skipping command
  
 CHARMM>     
  
 CHARMM>            calc j = @i
 Parameter: I -> "32"
Evaluating: 32
 Parameter: J <- "32"
  
 CHARMM>            set ion = POS
 Parameter: ION <- "POS"
  
 CHARMM>     
  
 CHARMM>            if j .gt. @npos then
 Parameter: NPOS -> "26"
 Comparing "32" and "26".
 IF test evaluated as true.  Performing command
  
 CHARMM>               set ion = NEG
 Parameter: ION <- "NEG"
  
 CHARMM>               calc j  = @j - @npos
 Parameter: J -> "32"
 Parameter: NPOS -> "26"
Evaluating: 32-26
 Parameter: J <- "6"
  
 CHARMM>            endif
  
 CHARMM>     
  
 CHARMM>            define target select segid @ion .and. resid @j end
 Parameter: ION -> "NEG"
 Parameter: J -> "6"
 SELRPN>      1 atoms have been selected out of  24952
  
 CHARMM>     
  
 CHARMM>            calc xpos = @A * ( ?random - 0.5 )
 Parameter: A -> "76.8049478"
 RDCMND substituted energy or value "?RANDOM" to "0.844488378"
Evaluating: 76.8049478*(0.844488378-0.5)
 Parameter: XPOS <- "26.4584119"
  
 CHARMM>            calc ypos = @B * ( ?random - 0.5 )
 Parameter: B -> "76.8049478"
 RDCMND substituted energy or value "?RANDOM" to "0.519227725"
Evaluating: 76.8049478*(0.519227725-0.5)
 Parameter: YPOS <- "1.47678441"
  
 CHARMM>            calc zpos = @C * ( ?random - 0.5 ) + @zcen
 Parameter: C -> "100"
 Parameter: ZCEN -> "0"
 RDCMND substituted energy or value "?RANDOM" to "0.208619705"
Evaluating: 100*(0.208619705-0.5)+0
 Parameter: ZPOS <- "-29.1380295"
  
 CHARMM>     
  
 CHARMM>            if zpos .gt. -15 if zpos .lt. 15 goto doinit
 Comparing "-29.1380295" and "-15".
 IF test evaluated as false.  Skipping command
  
 CHARMM>     
  
 CHARMM>            ! move target to selected position
  
 CHARMM>            coor stat select target end
 SELRPN>      1 atoms have been selected out of  24952
 STATISTICS FOR         1 SELECTED ATOMS:
    XMIN =    0.000000 XMAX =    0.000000 XAVE =    0.000000
    YMIN =    0.000000 YMAX =    0.000000 YAVE =    0.000000
    ZMIN =    0.000000 ZMAX =    0.000000 ZAVE =    0.000000
    WMIN =   -1.000000 WMAX =   -1.000000 WAVE =   -1.000000
  
 CHARMM>            calc xtran = @xpos - ?xave
 Parameter: XPOS -> "26.4584119"
 RDCMND substituted energy or value "?XAVE" to "0"
Evaluating: 26.4584119-0
 Parameter: XTRAN <- "26.4584119"
  
 CHARMM>            calc ytran = @ypos - ?yave
 Parameter: YPOS -> "1.47678441"
 RDCMND substituted energy or value "?YAVE" to "0"
Evaluating: 1.47678441-0
 Parameter: YTRAN <- "1.47678441"
  
 CHARMM>            calc ztran = @zpos - ?zave
 Parameter: ZPOS -> "-29.1380295"
 RDCMND substituted energy or value "?ZAVE" to "0"
Evaluating: -29.1380295-0
 Parameter: ZTRAN <- "-29.1380295"
  
 CHARMM>            coor trans xdir @xtran ydir @ytran zdir @ztran select target end
 Parameter: XTRAN -> "26.4584119"
 Parameter: YTRAN -> "1.47678441"
 Parameter: ZTRAN -> "-29.1380295"
 SELRPN>      1 atoms have been selected out of  24952
 TRANSLATION VECTOR    26.458412    1.476784  -29.138029
 SELECTED COORDINATES TRANSLATED IN THE MAIN SET.

  
 CHARMM>     
  
 CHARMM>            ! apply a random rotation along XYZ
  
 CHARMM>            calc xphi = ?random * 360.0
 RDCMND substituted energy or value "?RANDOM" to "0.166638133"
Evaluating: 0.166638133*360.0
 Parameter: XPHI <- "59.9897279"
  
 CHARMM>            calc yphi = ?random * 360.0
 RDCMND substituted energy or value "?RANDOM" to "0.390106417"
Evaluating: 0.390106417*360.0
 Parameter: YPHI <- "140.43831"
  
 CHARMM>            calc zphi = ?random * 360.0
 RDCMND substituted energy or value "?RANDOM" to "0.943727976"
Evaluating: 0.943727976*360.0
 Parameter: ZPHI <- "339.742071"
  
 CHARMM>            coor rotate xcen @xpos ycen @ypos zcen @zpos xdir 1.0 -
 CHARMM>                phi @xphi select target end
 Parameter: XPOS -> "26.4584119"
 Parameter: YPOS -> "1.47678441"
 Parameter: ZPOS -> "-29.1380295"
 Parameter: XPHI -> "59.9897279"
 SELRPN>      1 atoms have been selected out of  24952
 ROTATION MATRIX
    1.000000    0.000000    0.000000
    0.000000    0.500155    0.865936
    0.000000   -0.865936    0.500155

 AXIS OF ROTATION IS  1.000000  0.000000  0.000000  ANGLE IS   59.99

 SELECTED COORDINATES ROTATED IN THE MAIN SET.

  
 CHARMM>            coor rotate xcen @xpos ycen @ypos zcen @zpos ydir 1.0 -
 CHARMM>                phi @yphi select target end
 Parameter: XPOS -> "26.4584119"
 Parameter: YPOS -> "1.47678441"
 Parameter: ZPOS -> "-29.1380295"
 Parameter: YPHI -> "140.43831"
 SELRPN>      1 atoms have been selected out of  24952
 ROTATION MATRIX
   -0.770939    0.000000   -0.636909
    0.000000    1.000000    0.000000
    0.636909    0.000000   -0.770939

 AXIS OF ROTATION IS  0.000000  1.000000  0.000000  ANGLE IS  140.44

 SELECTED COORDINATES ROTATED IN THE MAIN SET.

  
 CHARMM>            coor rotate xcen @xpos ycen @ypos zcen @zpos zdir 1.0 -
 CHARMM>                phi @zphi select target end
 Parameter: XPOS -> "26.4584119"
 Parameter: YPOS -> "1.47678441"
 Parameter: ZPOS -> "-29.1380295"
 Parameter: ZPHI -> "339.742071"
 SELRPN>      1 atoms have been selected out of  24952
 ROTATION MATRIX
    0.938143   -0.346247    0.000000
    0.346247    0.938143    0.000000
    0.000000    0.000000    1.000000

 AXIS OF ROTATION IS  0.000000  0.000000 -1.000000  ANGLE IS   20.26

 SELECTED COORDINATES ROTATED IN THE MAIN SET.

  
 CHARMM>     
  
 CHARMM>     
  
 CHARMM>            calc dcut = 3.5
Evaluating: 3.5
 Parameter: DCUT <- "3.5"
  
 CHARMM>     
  
 CHARMM>            coor stat sele target end
 SELRPN>      1 atoms have been selected out of  24952
 STATISTICS FOR         1 SELECTED ATOMS:
    XMIN =   26.458412 XMAX =   26.458412 XAVE =   26.458412
    YMIN =    1.476784 YMAX =    1.476784 YAVE =    1.476784
    ZMIN =  -29.138029 ZMAX =  -29.138029 ZAVE =  -29.138029
    WMIN =   -1.000000 WMAX =   -1.000000 WAVE =   -1.000000
  
 CHARMM>            calc xmax = ?xmax + @dcut
 Parameter: DCUT -> "3.5"
 RDCMND substituted energy or value "?XMAX" to "26.4584119"
Evaluating: 26.4584119+3.5
 Parameter: XMAX <- "29.9584119"
  
 CHARMM>            calc ymax = ?ymax + @dcut
 Parameter: DCUT -> "3.5"
 RDCMND substituted energy or value "?YMAX" to "1.47678441"
Evaluating: 1.47678441+3.5
 Parameter: YMAX <- "4.97678441"
  
 CHARMM>            calc zmax = ?zmax + @dcut
 Parameter: DCUT -> "3.5"
 RDCMND substituted energy or value "?ZMAX" to "-29.1380295"
Evaluating: -29.1380295+3.5
 Parameter: ZMAX <- "-25.6380295"
  
 CHARMM>            calc xmin = ?xmin - @dcut
 Parameter: DCUT -> "3.5"
 RDCMND substituted energy or value "?XMIN" to "26.4584119"
Evaluating: 26.4584119-3.5
 Parameter: XMIN <- "22.9584119"
  
 CHARMM>            calc ymin = ?ymin - @dcut
 Parameter: DCUT -> "3.5"
 RDCMND substituted energy or value "?YMIN" to "1.47678441"
Evaluating: 1.47678441-3.5
 Parameter: YMIN <- "-2.02321559"
  
 CHARMM>            calc zmin = ?zmin - @dcut
 Parameter: DCUT -> "3.5"
 RDCMND substituted energy or value "?ZMIN" to "-29.1380295"
Evaluating: -29.1380295-3.5
 Parameter: ZMIN <- "-32.6380295"
  
 CHARMM>     
  
 CHARMM>            define JUNK sele .not. target .and. -
 CHARMM>                             prop X .lt. @xmax .and. prop X .gt. @xmin .and. -
 CHARMM>                             prop Y .lt. @ymax .and. prop Y .gt. @ymin .and. -
 CHARMM>                             prop Z .lt. @zmax .and. prop Z .gt. @zmin  end
 Parameter: XMAX -> "29.9584119"
 Parameter: XMIN -> "22.9584119"
 Parameter: YMAX -> "4.97678441"
 Parameter: YMIN -> "-2.02321559"
 Parameter: ZMAX -> "-25.6380295"
 Parameter: ZMIN -> "-32.6380295"
 SELRPN>     13 atoms have been selected out of  24952
  
 CHARMM>     
  
 CHARMM>            ! check if the ions are too close to protein
  
 CHARMM>            define XXX sele PROT end
 SELRPN>      0 atoms have been selected out of  24952
  
 CHARMM>            if ?nsel .gt. 0 then
 RDCMND substituted energy or value "?NSEL" to "0"
 Comparing "0" and "0".
 IF test evaluated as false.  Skip to ELSE or ENDIF
  
 CHARMM>     
  
 CHARMM>            ! check if the ions are too close to solute
  
 CHARMM>            coor dist cut 4.0 sele target end sele JUNK .and. .not. hydrogen end image
 SELRPN>      1 atoms have been selected out of  36561
 SELRPN>      5 atoms have been selected out of  36561

            DISTANCES FOR SELECTED ATOMS
24932 NEG      CLA      6        CLA     -**** MEMB     23SM     150      C13           3.1806
 TOTAL EXCLUSION COUNT =         0
 TOTAL 1-4 EXCLUSIONS  =         0
 TOTAL NON-EXCLUSIONS  =         1
  
 CHARMM>            if ?npair .gt. 0 goto doinit
 RDCMND substituted energy or value "?NPAIR" to "1"
 Comparing "1" and "0".
 IF test evaluated as true.  Performing command
  
 CHARMM>     
  
 CHARMM>            calc cntrand = @cntrand + 1
 Parameter: CNTRAND -> "1"
Evaluating: 1+1
 Parameter: CNTRAND <- "2"
  
 CHARMM>            if cntrand .gt. 100 stop ! ABNORMAL TERMINATION: ion placing may not work.. stop here
 Comparing "2" and "100".
 IF test evaluated as false.  Skipping command
  
 CHARMM>     
  
 CHARMM>            calc j = @i
 Parameter: I -> "32"
Evaluating: 32
 Parameter: J <- "32"
  
 CHARMM>            set ion = POS
 Parameter: ION <- "POS"
  
 CHARMM>     
  
 CHARMM>            if j .gt. @npos then
 Parameter: NPOS -> "26"
 Comparing "32" and "26".
 IF test evaluated as true.  Performing command
  
 CHARMM>               set ion = NEG
 Parameter: ION <- "NEG"
  
 CHARMM>               calc j  = @j - @npos
 Parameter: J -> "32"
 Parameter: NPOS -> "26"
Evaluating: 32-26
 Parameter: J <- "6"
  
 CHARMM>            endif
  
 CHARMM>     
  
 CHARMM>            define target select segid @ion .and. resid @j end
 Parameter: ION -> "NEG"
 Parameter: J -> "6"
 SELRPN>      1 atoms have been selected out of  24952
  
 CHARMM>     
  
 CHARMM>            calc xpos = @A * ( ?random - 0.5 )
 Parameter: A -> "76.8049478"
 RDCMND substituted energy or value "?RANDOM" to "0.895708336"
Evaluating: 76.8049478*(0.895708336-0.5)
 Parameter: XPOS <- "30.3923581"
  
 CHARMM>            calc ypos = @B * ( ?random - 0.5 )
 Parameter: B -> "76.8049478"
 RDCMND substituted energy or value "?RANDOM" to "0.83732036"
Evaluating: 76.8049478*(0.83732036-0.5)
 Parameter: YPOS <- "25.9078726"
  
 CHARMM>            calc zpos = @C * ( ?random - 0.5 ) + @zcen
 Parameter: C -> "100"
 Parameter: ZCEN -> "0"
 RDCMND substituted energy or value "?RANDOM" to "0.59167148"
Evaluating: 100*(0.59167148-0.5)+0
 Parameter: ZPOS <- "9.167148"
  
 CHARMM>     
  
 CHARMM>            if zpos .gt. -15 if zpos .lt. 15 goto doinit
 Comparing "9.167148" and "-15".
 IF test evaluated as true.  Performing command
 Comparing "9.167148" and "15".
 IF test evaluated as true.  Performing command
  
 CHARMM>     
  
 CHARMM>            calc cntrand = @cntrand + 1
 Parameter: CNTRAND -> "2"
Evaluating: 2+1
 Parameter: CNTRAND <- "3"
  
 CHARMM>            if cntrand .gt. 100 stop ! ABNORMAL TERMINATION: ion placing may not work.. stop here
 Comparing "3" and "100".
 IF test evaluated as false.  Skipping command
  
 CHARMM>     
  
 CHARMM>            calc j = @i
 Parameter: I -> "32"
Evaluating: 32
 Parameter: J <- "32"
  
 CHARMM>            set ion = POS
 Parameter: ION <- "POS"
  
 CHARMM>     
  
 CHARMM>            if j .gt. @npos then
 Parameter: NPOS -> "26"
 Comparing "32" and "26".
 IF test evaluated as true.  Performing command
  
 CHARMM>               set ion = NEG
 Parameter: ION <- "NEG"
  
 CHARMM>               calc j  = @j - @npos
 Parameter: J -> "32"
 Parameter: NPOS -> "26"
Evaluating: 32-26
 Parameter: J <- "6"
  
 CHARMM>            endif
  
 CHARMM>     
  
 CHARMM>            define target select segid @ion .and. resid @j end
 Parameter: ION -> "NEG"
 Parameter: J -> "6"
 SELRPN>      1 atoms have been selected out of  24952
  
 CHARMM>     
  
 CHARMM>            calc xpos = @A * ( ?random - 0.5 )
 Parameter: A -> "76.8049478"
 RDCMND substituted energy or value "?RANDOM" to "0.377442912"
Evaluating: 76.8049478*(0.377442912-0.5)
 Parameter: XPOS <- "-9.41299075"
  
 CHARMM>            calc ypos = @B * ( ?random - 0.5 )
 Parameter: B -> "76.8049478"
 RDCMND substituted energy or value "?RANDOM" to "0.246664253"
Evaluating: 76.8049478*(0.246664253-0.5)
 Parameter: YPOS <- "-19.4574388"
  
 CHARMM>            calc zpos = @C * ( ?random - 0.5 ) + @zcen
 Parameter: C -> "100"
 Parameter: ZCEN -> "0"
 RDCMND substituted energy or value "?RANDOM" to "0.736470663"
Evaluating: 100*(0.736470663-0.5)+0
 Parameter: ZPOS <- "23.6470663"
  
 CHARMM>     
  
 CHARMM>            if zpos .gt. -15 if zpos .lt. 15 goto doinit
 Comparing "23.6470663" and "-15".
 IF test evaluated as true.  Performing command
 Comparing "23.6470663" and "15".
 IF test evaluated as false.  Skipping command
  
 CHARMM>     
  
 CHARMM>            ! move target to selected position
  
 CHARMM>            coor stat select target end
 SELRPN>      1 atoms have been selected out of  24952
 STATISTICS FOR         1 SELECTED ATOMS:
    XMIN =   26.458412 XMAX =   26.458412 XAVE =   26.458412
    YMIN =    1.476784 YMAX =    1.476784 YAVE =    1.476784
    ZMIN =  -29.138029 ZMAX =  -29.138029 ZAVE =  -29.138029
    WMIN =   -1.000000 WMAX =   -1.000000 WAVE =   -1.000000
  
 CHARMM>            calc xtran = @xpos - ?xave
 Parameter: XPOS -> "-9.41299075"
 RDCMND substituted energy or value "?XAVE" to "26.4584119"
Evaluating: -9.41299075-26.4584119
 Parameter: XTRAN <- "-35.8714027"
  
 CHARMM>            calc ytran = @ypos - ?yave
 Parameter: YPOS -> "-19.4574388"
 RDCMND substituted energy or value "?YAVE" to "1.47678441"
Evaluating: -19.4574388-1.47678441
 Parameter: YTRAN <- "-20.9342232"
  
 CHARMM>            calc ztran = @zpos - ?zave
 Parameter: ZPOS -> "23.6470663"
 RDCMND substituted energy or value "?ZAVE" to "-29.1380295"
Evaluating: 23.6470663--29.1380295
 Parameter: ZTRAN <- "52.7850958"
  
 CHARMM>            coor trans xdir @xtran ydir @ytran zdir @ztran select target end
 Parameter: XTRAN -> "-35.8714027"
 Parameter: YTRAN -> "-20.9342232"
 Parameter: ZTRAN -> "52.7850958"
 SELRPN>      1 atoms have been selected out of  24952
 TRANSLATION VECTOR   -35.871403  -20.934223   52.785096
 SELECTED COORDINATES TRANSLATED IN THE MAIN SET.

  
 CHARMM>     
  
 CHARMM>            ! apply a random rotation along XYZ
  
 CHARMM>            calc xphi = ?random * 360.0
 RDCMND substituted energy or value "?RANDOM" to "0.579677317"
Evaluating: 0.579677317*360.0
 Parameter: XPHI <- "208.683834"
  
 CHARMM>            calc yphi = ?random * 360.0
 RDCMND substituted energy or value "?RANDOM" to "0.147153574"
Evaluating: 0.147153574*360.0
 Parameter: YPHI <- "52.9752866"
  
 CHARMM>            calc zphi = ?random * 360.0
 RDCMND substituted energy or value "?RANDOM" to "0.261406256"
Evaluating: 0.261406256*360.0
 Parameter: ZPHI <- "94.1062522"
  
 CHARMM>            coor rotate xcen @xpos ycen @ypos zcen @zpos xdir 1.0 -
 CHARMM>                phi @xphi select target end
 Parameter: XPOS -> "-9.41299075"
 Parameter: YPOS -> "-19.4574388"
 Parameter: ZPOS -> "23.6470663"
 Parameter: XPHI -> "208.683834"
 SELRPN>      1 atoms have been selected out of  24952
 ROTATION MATRIX
    1.000000    0.000000    0.000000
    0.000000   -0.877282   -0.479976
    0.000000    0.479976   -0.877282

 AXIS OF ROTATION IS -1.000000  0.000000  0.000000  ANGLE IS  151.32

 SELECTED COORDINATES ROTATED IN THE MAIN SET.

  
 CHARMM>            coor rotate xcen @xpos ycen @ypos zcen @zpos ydir 1.0 -
 CHARMM>                phi @yphi select target end
 Parameter: XPOS -> "-9.41299075"
 Parameter: YPOS -> "-19.4574388"
 Parameter: ZPOS -> "23.6470663"
 Parameter: YPHI -> "52.9752866"
 SELRPN>      1 atoms have been selected out of  24952
 ROTATION MATRIX
    0.602159    0.000000   -0.798376
    0.000000    1.000000    0.000000
    0.798376    0.000000    0.602159

 AXIS OF ROTATION IS  0.000000  1.000000  0.000000  ANGLE IS   52.98

 SELECTED COORDINATES ROTATED IN THE MAIN SET.

  
 CHARMM>            coor rotate xcen @xpos ycen @ypos zcen @zpos zdir 1.0 -
 CHARMM>                phi @zphi select target end
 Parameter: XPOS -> "-9.41299075"
 Parameter: YPOS -> "-19.4574388"
 Parameter: ZPOS -> "23.6470663"
 Parameter: ZPHI -> "94.1062522"
 SELRPN>      1 atoms have been selected out of  24952
 ROTATION MATRIX
   -0.071606    0.997433    0.000000
   -0.997433   -0.071606    0.000000
    0.000000    0.000000    1.000000

 AXIS OF ROTATION IS  0.000000  0.000000  1.000000  ANGLE IS   94.11

 SELECTED COORDINATES ROTATED IN THE MAIN SET.

  
 CHARMM>     
  
 CHARMM>     
  
 CHARMM>            calc dcut = 3.5
Evaluating: 3.5
 Parameter: DCUT <- "3.5"
  
 CHARMM>     
  
 CHARMM>            coor stat sele target end
 SELRPN>      1 atoms have been selected out of  24952
 STATISTICS FOR         1 SELECTED ATOMS:
    XMIN =   -9.412991 XMAX =   -9.412991 XAVE =   -9.412991
    YMIN =  -19.457439 YMAX =  -19.457439 YAVE =  -19.457439
    ZMIN =   23.647066 ZMAX =   23.647066 ZAVE =   23.647066
    WMIN =   -1.000000 WMAX =   -1.000000 WAVE =   -1.000000
  
 CHARMM>            calc xmax = ?xmax + @dcut
 Parameter: DCUT -> "3.5"
 RDCMND substituted energy or value "?XMAX" to "-9.41299076"
Evaluating: -9.41299076+3.5
 Parameter: XMAX <- "-5.91299076"
  
 CHARMM>            calc ymax = ?ymax + @dcut
 Parameter: DCUT -> "3.5"
 RDCMND substituted energy or value "?YMAX" to "-19.4574388"
Evaluating: -19.4574388+3.5
 Parameter: YMAX <- "-15.9574388"
  
 CHARMM>            calc zmax = ?zmax + @dcut
 Parameter: DCUT -> "3.5"
 RDCMND substituted energy or value "?ZMAX" to "23.6470663"
Evaluating: 23.6470663+3.5
 Parameter: ZMAX <- "27.1470663"
  
 CHARMM>            calc xmin = ?xmin - @dcut
 Parameter: DCUT -> "3.5"
 RDCMND substituted energy or value "?XMIN" to "-9.41299076"
Evaluating: -9.41299076-3.5
 Parameter: XMIN <- "-12.9129908"
  
 CHARMM>            calc ymin = ?ymin - @dcut
 Parameter: DCUT -> "3.5"
 RDCMND substituted energy or value "?YMIN" to "-19.4574388"
Evaluating: -19.4574388-3.5
 Parameter: YMIN <- "-22.9574388"
  
 CHARMM>            calc zmin = ?zmin - @dcut
 Parameter: DCUT -> "3.5"
 RDCMND substituted energy or value "?ZMIN" to "23.6470663"
Evaluating: 23.6470663-3.5
 Parameter: ZMIN <- "20.1470663"
  
 CHARMM>     
  
 CHARMM>            define JUNK sele .not. target .and. -
 CHARMM>                             prop X .lt. @xmax .and. prop X .gt. @xmin .and. -
 CHARMM>                             prop Y .lt. @ymax .and. prop Y .gt. @ymin .and. -
 CHARMM>                             prop Z .lt. @zmax .and. prop Z .gt. @zmin  end
 Parameter: XMAX -> "-5.91299076"
 Parameter: XMIN -> "-12.9129908"
 Parameter: YMAX -> "-15.9574388"
 Parameter: YMIN -> "-22.9574388"
 Parameter: ZMAX -> "27.1470663"
 Parameter: ZMIN -> "20.1470663"
 SELRPN>     13 atoms have been selected out of  24952
  
 CHARMM>     
  
 CHARMM>            ! check if the ions are too close to protein
  
 CHARMM>            define XXX sele PROT end
 SELRPN>      0 atoms have been selected out of  24952
  
 CHARMM>            if ?nsel .gt. 0 then
 RDCMND substituted energy or value "?NSEL" to "0"
 Comparing "0" and "0".
 IF test evaluated as false.  Skip to ELSE or ENDIF
  
 CHARMM>     
  
 CHARMM>            ! check if the ions are too close to solute
  
 CHARMM>            coor dist cut 4.0 sele target end sele JUNK .and. .not. hydrogen end image
 SELRPN>      1 atoms have been selected out of  36561
 SELRPN>      9 atoms have been selected out of  36561

            DISTANCES FOR SELECTED ATOMS
24932 NEG      CLA      6        CLA     -3700 MEMB     23SM     30       P             3.2899
24932 NEG      CLA      6        CLA     -3701 MEMB     23SM     30       O13           3.5317
24932 NEG      CLA      6        CLA     -3702 MEMB     23SM     30       O14           3.4746
24932 NEG      CLA      6        CLA     -3703 MEMB     23SM     30       O11           2.3161
24932 NEG      CLA      6        CLA     -3705 MEMB     23SM     30       C1S           3.3471
24932 NEG      CLA      6        CLA     -3710 MEMB     23SM     30       C2S           3.4845
24932 NEG      CLA      6        CLA     -3712 MEMB     23SM     30       C3S           3.7883
24932 NEG      CLA      6        CLA     -3714 MEMB     23SM     30       O3            3.0206
 TOTAL EXCLUSION COUNT =         0
 TOTAL 1-4 EXCLUSIONS  =         0
 TOTAL NON-EXCLUSIONS  =         8
  
 CHARMM>            if ?npair .gt. 0 goto doinit
 RDCMND substituted energy or value "?NPAIR" to "8"
 Comparing "8" and "0".
 IF test evaluated as true.  Performing command
  
 CHARMM>     
  
 CHARMM>            calc cntrand = @cntrand + 1
 Parameter: CNTRAND -> "3"
Evaluating: 3+1
 Parameter: CNTRAND <- "4"
  
 CHARMM>            if cntrand .gt. 100 stop ! ABNORMAL TERMINATION: ion placing may not work.. stop here
 Comparing "4" and "100".
 IF test evaluated as false.  Skipping command
  
 CHARMM>     
  
 CHARMM>            calc j = @i
 Parameter: I -> "32"
Evaluating: 32
 Parameter: J <- "32"
  
 CHARMM>            set ion = POS
 Parameter: ION <- "POS"
  
 CHARMM>     
  
 CHARMM>            if j .gt. @npos then
 Parameter: NPOS -> "26"
 Comparing "32" and "26".
 IF test evaluated as true.  Performing command
  
 CHARMM>               set ion = NEG
 Parameter: ION <- "NEG"
  
 CHARMM>               calc j  = @j - @npos
 Parameter: J -> "32"
 Parameter: NPOS -> "26"
Evaluating: 32-26
 Parameter: J <- "6"
  
 CHARMM>            endif
  
 CHARMM>     
  
 CHARMM>            define target select segid @ion .and. resid @j end
 Parameter: ION -> "NEG"
 Parameter: J -> "6"
 SELRPN>      1 atoms have been selected out of  24952
  
 CHARMM>     
  
 CHARMM>            calc xpos = @A * ( ?random - 0.5 )
 Parameter: A -> "76.8049478"
 RDCMND substituted energy or value "?RANDOM" to "0.324996298"
Evaluating: 76.8049478*(0.324996298-0.5)
 Parameter: XPOS <- "-13.4411502"
  
 CHARMM>            calc ypos = @B * ( ?random - 0.5 )
 Parameter: B -> "76.8049478"
 RDCMND substituted energy or value "?RANDOM" to "0.182240291"
Evaluating: 76.8049478*(0.182240291-0.5)
 Parameter: YPOS <- "-24.4055179"
  
 CHARMM>            calc zpos = @C * ( ?random - 0.5 ) + @zcen
 Parameter: C -> "100"
 Parameter: ZCEN -> "0"
 RDCMND substituted energy or value "?RANDOM" to "0.675483594"
Evaluating: 100*(0.675483594-0.5)+0
 Parameter: ZPOS <- "17.5483594"
  
 CHARMM>     
  
 CHARMM>            if zpos .gt. -15 if zpos .lt. 15 goto doinit
 Comparing "17.5483594" and "-15".
 IF test evaluated as true.  Performing command
 Comparing "17.5483594" and "15".
 IF test evaluated as false.  Skipping command
  
 CHARMM>     
  
 CHARMM>            ! move target to selected position
  
 CHARMM>            coor stat select target end
 SELRPN>      1 atoms have been selected out of  24952
 STATISTICS FOR         1 SELECTED ATOMS:
    XMIN =   -9.412991 XMAX =   -9.412991 XAVE =   -9.412991
    YMIN =  -19.457439 YMAX =  -19.457439 YAVE =  -19.457439
    ZMIN =   23.647066 ZMAX =   23.647066 ZAVE =   23.647066
    WMIN =   -1.000000 WMAX =   -1.000000 WAVE =   -1.000000
  
 CHARMM>            calc xtran = @xpos - ?xave
 Parameter: XPOS -> "-13.4411502"
 RDCMND substituted energy or value "?XAVE" to "-9.41299076"
Evaluating: -13.4411502--9.41299076
 Parameter: XTRAN <- "-4.02815944"
  
 CHARMM>            calc ytran = @ypos - ?yave
 Parameter: YPOS -> "-24.4055179"
 RDCMND substituted energy or value "?YAVE" to "-19.4574388"
Evaluating: -24.4055179--19.4574388
 Parameter: YTRAN <- "-4.9480791"
  
 CHARMM>            calc ztran = @zpos - ?zave
 Parameter: ZPOS -> "17.5483594"
 RDCMND substituted energy or value "?ZAVE" to "23.6470663"
Evaluating: 17.5483594-23.6470663
 Parameter: ZTRAN <- "-6.0987069"
  
 CHARMM>            coor trans xdir @xtran ydir @ytran zdir @ztran select target end
 Parameter: XTRAN -> "-4.02815944"
 Parameter: YTRAN -> "-4.9480791"
 Parameter: ZTRAN -> "-6.0987069"
 SELRPN>      1 atoms have been selected out of  24952
 TRANSLATION VECTOR    -4.028159   -4.948079   -6.098707
 SELECTED COORDINATES TRANSLATED IN THE MAIN SET.

  
 CHARMM>     
  
 CHARMM>            ! apply a random rotation along XYZ
  
 CHARMM>            calc xphi = ?random * 360.0
 RDCMND substituted energy or value "?RANDOM" to "0.308832401"
Evaluating: 0.308832401*360.0
 Parameter: XPHI <- "111.179664"
  
 CHARMM>            calc yphi = ?random * 360.0
 RDCMND substituted energy or value "?RANDOM" to "0.306492124"
Evaluating: 0.306492124*360.0
 Parameter: YPHI <- "110.337165"
  
 CHARMM>            calc zphi = ?random * 360.0
 RDCMND substituted energy or value "?RANDOM" to "0.896511654"
Evaluating: 0.896511654*360.0
 Parameter: ZPHI <- "322.744195"
  
 CHARMM>            coor rotate xcen @xpos ycen @ypos zcen @zpos xdir 1.0 -
 CHARMM>                phi @xphi select target end
 Parameter: XPOS -> "-13.4411502"
 Parameter: YPOS -> "-24.4055179"
 Parameter: ZPOS -> "17.5483594"
 Parameter: XPHI -> "111.179664"
 SELRPN>      1 atoms have been selected out of  24952
 ROTATION MATRIX
    1.000000    0.000000    0.000000
    0.000000   -0.361294    0.932452
    0.000000   -0.932452   -0.361294

 AXIS OF ROTATION IS  1.000000  0.000000  0.000000  ANGLE IS  111.18

 SELECTED COORDINATES ROTATED IN THE MAIN SET.

  
 CHARMM>            coor rotate xcen @xpos ycen @ypos zcen @zpos ydir 1.0 -
 CHARMM>                phi @yphi select target end
 Parameter: XPOS -> "-13.4411502"
 Parameter: YPOS -> "-24.4055179"
 Parameter: ZPOS -> "17.5483594"
 Parameter: YPHI -> "110.337165"
 SELRPN>      1 atoms have been selected out of  24952
 ROTATION MATRIX
   -0.347544    0.000000   -0.937664
    0.000000    1.000000    0.000000
    0.937664    0.000000   -0.347544

 AXIS OF ROTATION IS  0.000000  1.000000  0.000000  ANGLE IS  110.34

 SELECTED COORDINATES ROTATED IN THE MAIN SET.

  
 CHARMM>            coor rotate xcen @xpos ycen @ypos zcen @zpos zdir 1.0 -
 CHARMM>                phi @zphi select target end
 Parameter: XPOS -> "-13.4411502"
 Parameter: YPOS -> "-24.4055179"
 Parameter: ZPOS -> "17.5483594"
 Parameter: ZPHI -> "322.744195"
 SELRPN>      1 atoms have been selected out of  24952
 ROTATION MATRIX
    0.795941   -0.605375    0.000000
    0.605375    0.795941    0.000000
    0.000000    0.000000    1.000000

 AXIS OF ROTATION IS  0.000000  0.000000 -1.000000  ANGLE IS   37.26

 SELECTED COORDINATES ROTATED IN THE MAIN SET.

  
 CHARMM>     
  
 CHARMM>     
  
 CHARMM>            calc dcut = 3.5
Evaluating: 3.5
 Parameter: DCUT <- "3.5"
  
 CHARMM>     
  
 CHARMM>            coor stat sele target end
 SELRPN>      1 atoms have been selected out of  24952
 STATISTICS FOR         1 SELECTED ATOMS:
    XMIN =  -13.441150 XMAX =  -13.441150 XAVE =  -13.441150
    YMIN =  -24.405518 YMAX =  -24.405518 YAVE =  -24.405518
    ZMIN =   17.548359 ZMAX =   17.548359 ZAVE =   17.548359
    WMIN =   -1.000000 WMAX =   -1.000000 WAVE =   -1.000000
  
 CHARMM>            calc xmax = ?xmax + @dcut
 Parameter: DCUT -> "3.5"
 RDCMND substituted energy or value "?XMAX" to "-13.4411502"
Evaluating: -13.4411502+3.5
 Parameter: XMAX <- "-9.9411502"
  
 CHARMM>            calc ymax = ?ymax + @dcut
 Parameter: DCUT -> "3.5"
 RDCMND substituted energy or value "?YMAX" to "-24.4055179"
Evaluating: -24.4055179+3.5
 Parameter: YMAX <- "-20.9055179"
  
 CHARMM>            calc zmax = ?zmax + @dcut
 Parameter: DCUT -> "3.5"
 RDCMND substituted energy or value "?ZMAX" to "17.5483594"
Evaluating: 17.5483594+3.5
 Parameter: ZMAX <- "21.0483594"
  
 CHARMM>            calc xmin = ?xmin - @dcut
 Parameter: DCUT -> "3.5"
 RDCMND substituted energy or value "?XMIN" to "-13.4411502"
Evaluating: -13.4411502-3.5
 Parameter: XMIN <- "-16.9411502"
  
 CHARMM>            calc ymin = ?ymin - @dcut
 Parameter: DCUT -> "3.5"
 RDCMND substituted energy or value "?YMIN" to "-24.4055179"
Evaluating: -24.4055179-3.5
 Parameter: YMIN <- "-27.9055179"
  
 CHARMM>            calc zmin = ?zmin - @dcut
 Parameter: DCUT -> "3.5"
 RDCMND substituted energy or value "?ZMIN" to "17.5483594"
Evaluating: 17.5483594-3.5
 Parameter: ZMIN <- "14.0483594"
  
 CHARMM>     
  
 CHARMM>            define JUNK sele .not. target .and. -
 CHARMM>                             prop X .lt. @xmax .and. prop X .gt. @xmin .and. -
 CHARMM>                             prop Y .lt. @ymax .and. prop Y .gt. @ymin .and. -
 CHARMM>                             prop Z .lt. @zmax .and. prop Z .gt. @zmin  end
 Parameter: XMAX -> "-9.9411502"
 Parameter: XMIN -> "-16.9411502"
 Parameter: YMAX -> "-20.9055179"
 Parameter: YMIN -> "-27.9055179"
 Parameter: ZMAX -> "21.0483594"
 Parameter: ZMIN -> "14.0483594"
 SELRPN>     21 atoms have been selected out of  24952
  
 CHARMM>     
  
 CHARMM>            ! check if the ions are too close to protein
  
 CHARMM>            define XXX sele PROT end
 SELRPN>      0 atoms have been selected out of  24952
  
 CHARMM>            if ?nsel .gt. 0 then
 RDCMND substituted energy or value "?NSEL" to "0"
 Comparing "0" and "0".
 IF test evaluated as false.  Skip to ELSE or ENDIF
  
 CHARMM>     
  
 CHARMM>            ! check if the ions are too close to solute
  
 CHARMM>            coor dist cut 4.0 sele target end sele JUNK .and. .not. hydrogen end image
 SELRPN>      1 atoms have been selected out of  36561
 SELRPN>     12 atoms have been selected out of  36561

            DISTANCES FOR SELECTED ATOMS
24932 NEG      CLA      6        CLA     -5634 MEMB     DOPE     46       C11           3.1602
24932 NEG      CLA      6        CLA     -5637 MEMB     DOPE     46       P             2.4843
24932 NEG      CLA      6        CLA     -5638 MEMB     DOPE     46       O13           3.3747
24932 NEG      CLA      6        CLA     -5639 MEMB     DOPE     46       O14           1.1433
24932 NEG      CLA      6        CLA     -5640 MEMB     DOPE     46       O11           3.7148
24932 NEG      CLA      6        CLA     -5641 MEMB     DOPE     46       O12           3.0011
24932 NEG      CLA      6        CLA     -5783 MEMB     DOPC     47       C2            2.9482
24932 NEG      CLA      6        CLA     -5785 MEMB     DOPC     47       O21           3.5712
24932 NEG      CLA      6        CLA     -5786 MEMB     DOPC     47       C21           3.4474
24932 NEG      CLA      6        CLA     -5787 MEMB     DOPC     47       O22           2.7001
24932 NEG      CLA      6        CLA     -5791 MEMB     DOPC     47       C3            3.2832
 TOTAL EXCLUSION COUNT =         0
 TOTAL 1-4 EXCLUSIONS  =         0
 TOTAL NON-EXCLUSIONS  =        11
  
 CHARMM>            if ?npair .gt. 0 goto doinit
 RDCMND substituted energy or value "?NPAIR" to "11"
 Comparing "11" and "0".
 IF test evaluated as true.  Performing command
  
 CHARMM>     
  
 CHARMM>            calc cntrand = @cntrand + 1
 Parameter: CNTRAND -> "4"
Evaluating: 4+1
 Parameter: CNTRAND <- "5"
  
 CHARMM>            if cntrand .gt. 100 stop ! ABNORMAL TERMINATION: ion placing may not work.. stop here
 Comparing "5" and "100".
 IF test evaluated as false.  Skipping command
  
 CHARMM>     
  
 CHARMM>            calc j = @i
 Parameter: I -> "32"
Evaluating: 32
 Parameter: J <- "32"
  
 CHARMM>            set ion = POS
 Parameter: ION <- "POS"
  
 CHARMM>     
  
 CHARMM>            if j .gt. @npos then
 Parameter: NPOS -> "26"
 Comparing "32" and "26".
 IF test evaluated as true.  Performing command
  
 CHARMM>               set ion = NEG
 Parameter: ION <- "NEG"
  
 CHARMM>               calc j  = @j - @npos
 Parameter: J -> "32"
 Parameter: NPOS -> "26"
Evaluating: 32-26
 Parameter: J <- "6"
  
 CHARMM>            endif
  
 CHARMM>     
  
 CHARMM>            define target select segid @ion .and. resid @j end
 Parameter: ION -> "NEG"
 Parameter: J -> "6"
 SELRPN>      1 atoms have been selected out of  24952
  
 CHARMM>     
  
 CHARMM>            calc xpos = @A * ( ?random - 0.5 )
 Parameter: A -> "76.8049478"
 RDCMND substituted energy or value "?RANDOM" to "0.627795616"
Evaluating: 76.8049478*(0.627795616-0.5)
 Parameter: XPOS <- "9.81533562"
  
 CHARMM>            calc ypos = @B * ( ?random - 0.5 )
 Parameter: B -> "76.8049478"
 RDCMND substituted energy or value "?RANDOM" to "0.320069728"
Evaluating: 76.8049478*(0.320069728-0.5)
 Parameter: YPOS <- "-13.8195351"
  
 CHARMM>            calc zpos = @C * ( ?random - 0.5 ) + @zcen
 Parameter: C -> "100"
 Parameter: ZCEN -> "0"
 RDCMND substituted energy or value "?RANDOM" to "0.563224902"
Evaluating: 100*(0.563224902-0.5)+0
 Parameter: ZPOS <- "6.3224902"
  
 CHARMM>     
  
 CHARMM>            if zpos .gt. -15 if zpos .lt. 15 goto doinit
 Comparing "6.3224902" and "-15".
 IF test evaluated as true.  Performing command
 Comparing "6.3224902" and "15".
 IF test evaluated as true.  Performing command
  
 CHARMM>     
  
 CHARMM>            calc cntrand = @cntrand + 1
 Parameter: CNTRAND -> "5"
Evaluating: 5+1
 Parameter: CNTRAND <- "6"
  
 CHARMM>            if cntrand .gt. 100 stop ! ABNORMAL TERMINATION: ion placing may not work.. stop here
 Comparing "6" and "100".
 IF test evaluated as false.  Skipping command
  
 CHARMM>     
  
 CHARMM>            calc j = @i
 Parameter: I -> "32"
Evaluating: 32
 Parameter: J <- "32"
  
 CHARMM>            set ion = POS
 Parameter: ION <- "POS"
  
 CHARMM>     
  
 CHARMM>            if j .gt. @npos then
 Parameter: NPOS -> "26"
 Comparing "32" and "26".
 IF test evaluated as true.  Performing command
  
 CHARMM>               set ion = NEG
 Parameter: ION <- "NEG"
  
 CHARMM>               calc j  = @j - @npos
 Parameter: J -> "32"
 Parameter: NPOS -> "26"
Evaluating: 32-26
 Parameter: J <- "6"
  
 CHARMM>            endif
  
 CHARMM>     
  
 CHARMM>            define target select segid @ion .and. resid @j end
 Parameter: ION -> "NEG"
 Parameter: J -> "6"
 SELRPN>      1 atoms have been selected out of  24952
  
 CHARMM>     
  
 CHARMM>            calc xpos = @A * ( ?random - 0.5 )
 Parameter: A -> "76.8049478"
 RDCMND substituted energy or value "?RANDOM" to "0.632096719"
Evaluating: 76.8049478*(0.632096719-0.5)
 Parameter: XPOS <- "10.1456816"
  
 CHARMM>            calc ypos = @B * ( ?random - 0.5 )
 Parameter: B -> "76.8049478"
 RDCMND substituted energy or value "?RANDOM" to "0.368980001"
Evaluating: 76.8049478*(0.368980001-0.5)
 Parameter: YPOS <- "-10.0629842"
  
 CHARMM>            calc zpos = @C * ( ?random - 0.5 ) + @zcen
 Parameter: C -> "100"
 Parameter: ZCEN -> "0"
 RDCMND substituted energy or value "?RANDOM" to "0.974595675"
Evaluating: 100*(0.974595675-0.5)+0
 Parameter: ZPOS <- "47.4595675"
  
 CHARMM>     
  
 CHARMM>            if zpos .gt. -15 if zpos .lt. 15 goto doinit
 Comparing "47.4595675" and "-15".
 IF test evaluated as true.  Performing command
 Comparing "47.4595675" and "15".
 IF test evaluated as false.  Skipping command
  
 CHARMM>     
  
 CHARMM>            ! move target to selected position
  
 CHARMM>            coor stat select target end
 SELRPN>      1 atoms have been selected out of  24952
 STATISTICS FOR         1 SELECTED ATOMS:
    XMIN =  -13.441150 XMAX =  -13.441150 XAVE =  -13.441150
    YMIN =  -24.405518 YMAX =  -24.405518 YAVE =  -24.405518
    ZMIN =   17.548359 ZMAX =   17.548359 ZAVE =   17.548359
    WMIN =   -1.000000 WMAX =   -1.000000 WAVE =   -1.000000
  
 CHARMM>            calc xtran = @xpos - ?xave
 Parameter: XPOS -> "10.1456816"
 RDCMND substituted energy or value "?XAVE" to "-13.4411502"
Evaluating: 10.1456816--13.4411502
 Parameter: XTRAN <- "23.5868318"
  
 CHARMM>            calc ytran = @ypos - ?yave
 Parameter: YPOS -> "-10.0629842"
 RDCMND substituted energy or value "?YAVE" to "-24.4055179"
Evaluating: -10.0629842--24.4055179
 Parameter: YTRAN <- "14.3425337"
  
 CHARMM>            calc ztran = @zpos - ?zave
 Parameter: ZPOS -> "47.4595675"
 RDCMND substituted energy or value "?ZAVE" to "17.5483594"
Evaluating: 47.4595675-17.5483594
 Parameter: ZTRAN <- "29.9112081"
  
 CHARMM>            coor trans xdir @xtran ydir @ytran zdir @ztran select target end
 Parameter: XTRAN -> "23.5868318"
 Parameter: YTRAN -> "14.3425337"
 Parameter: ZTRAN -> "29.9112081"
 SELRPN>      1 atoms have been selected out of  24952
 TRANSLATION VECTOR    23.586832   14.342534   29.911208
 SELECTED COORDINATES TRANSLATED IN THE MAIN SET.

  
 CHARMM>     
  
 CHARMM>            ! apply a random rotation along XYZ
  
 CHARMM>            calc xphi = ?random * 360.0
 RDCMND substituted energy or value "?RANDOM" to "0.112581378"
Evaluating: 0.112581378*360.0
 Parameter: XPHI <- "40.5292961"
  
 CHARMM>            calc yphi = ?random * 360.0
 RDCMND substituted energy or value "?RANDOM" to "3.567634178E-02"
Evaluating: 3.567634178E-02*360.0
 Parameter: YPHI <- "12.843483"
  
 CHARMM>            calc zphi = ?random * 360.0
 RDCMND substituted energy or value "?RANDOM" to "0.254162457"
Evaluating: 0.254162457*360.0
 Parameter: ZPHI <- "91.4984845"
  
 CHARMM>            coor rotate xcen @xpos ycen @ypos zcen @zpos xdir 1.0 -
 CHARMM>                phi @xphi select target end
 Parameter: XPOS -> "10.1456816"
 Parameter: YPOS -> "-10.0629842"
 Parameter: ZPOS -> "47.4595675"
 Parameter: XPHI -> "40.5292961"
 SELRPN>      1 atoms have been selected out of  24952
 ROTATION MATRIX
    1.000000    0.000000    0.000000
    0.000000    0.760074    0.649837
    0.000000   -0.649837    0.760074

 AXIS OF ROTATION IS  1.000000  0.000000  0.000000  ANGLE IS   40.53

 SELECTED COORDINATES ROTATED IN THE MAIN SET.

  
 CHARMM>            coor rotate xcen @xpos ycen @ypos zcen @zpos ydir 1.0 -
 CHARMM>                phi @yphi select target end
 Parameter: XPOS -> "10.1456816"
 Parameter: YPOS -> "-10.0629842"
 Parameter: ZPOS -> "47.4595675"
 Parameter: YPHI -> "12.843483"
 SELRPN>      1 atoms have been selected out of  24952
 ROTATION MATRIX
    0.974981    0.000000   -0.222288
    0.000000    1.000000    0.000000
    0.222288    0.000000    0.974981

 AXIS OF ROTATION IS  0.000000  1.000000  0.000000  ANGLE IS   12.84

 SELECTED COORDINATES ROTATED IN THE MAIN SET.

  
 CHARMM>            coor rotate xcen @xpos ycen @ypos zcen @zpos zdir 1.0 -
 CHARMM>                phi @zphi select target end
 Parameter: XPOS -> "10.1456816"
 Parameter: YPOS -> "-10.0629842"
 Parameter: ZPOS -> "47.4595675"
 Parameter: ZPHI -> "91.4984845"
 SELRPN>      1 atoms have been selected out of  24952
 ROTATION MATRIX
   -0.026151    0.999658    0.000000
   -0.999658   -0.026151    0.000000
    0.000000    0.000000    1.000000

 AXIS OF ROTATION IS  0.000000  0.000000  1.000000  ANGLE IS   91.50

 SELECTED COORDINATES ROTATED IN THE MAIN SET.

  
 CHARMM>     
  
 CHARMM>     
  
 CHARMM>            calc dcut = 3.5
Evaluating: 3.5
 Parameter: DCUT <- "3.5"
  
 CHARMM>     
  
 CHARMM>            coor stat sele target end
 SELRPN>      1 atoms have been selected out of  24952
 STATISTICS FOR         1 SELECTED ATOMS:
    XMIN =   10.145682 XMAX =   10.145682 XAVE =   10.145682
    YMIN =  -10.062984 YMAX =  -10.062984 YAVE =  -10.062984
    ZMIN =   47.459568 ZMAX =   47.459568 ZAVE =   47.459568
    WMIN =   -1.000000 WMAX =   -1.000000 WAVE =   -1.000000
  
 CHARMM>            calc xmax = ?xmax + @dcut
 Parameter: DCUT -> "3.5"
 RDCMND substituted energy or value "?XMAX" to "10.1456816"
Evaluating: 10.1456816+3.5
 Parameter: XMAX <- "13.6456816"
  
 CHARMM>            calc ymax = ?ymax + @dcut
 Parameter: DCUT -> "3.5"
 RDCMND substituted energy or value "?YMAX" to "-10.0629842"
Evaluating: -10.0629842+3.5
 Parameter: YMAX <- "-6.5629842"
  
 CHARMM>            calc zmax = ?zmax + @dcut
 Parameter: DCUT -> "3.5"
 RDCMND substituted energy or value "?ZMAX" to "47.4595675"
Evaluating: 47.4595675+3.5
 Parameter: ZMAX <- "50.9595675"
  
 CHARMM>            calc xmin = ?xmin - @dcut
 Parameter: DCUT -> "3.5"
 RDCMND substituted energy or value "?XMIN" to "10.1456816"
Evaluating: 10.1456816-3.5
 Parameter: XMIN <- "6.6456816"
  
 CHARMM>            calc ymin = ?ymin - @dcut
 Parameter: DCUT -> "3.5"
 RDCMND substituted energy or value "?YMIN" to "-10.0629842"
Evaluating: -10.0629842-3.5
 Parameter: YMIN <- "-13.5629842"
  
 CHARMM>            calc zmin = ?zmin - @dcut
 Parameter: DCUT -> "3.5"
 RDCMND substituted energy or value "?ZMIN" to "47.4595675"
Evaluating: 47.4595675-3.5
 Parameter: ZMIN <- "43.9595675"
  
 CHARMM>     
  
 CHARMM>            define JUNK sele .not. target .and. -
 CHARMM>                             prop X .lt. @xmax .and. prop X .gt. @xmin .and. -
 CHARMM>                             prop Y .lt. @ymax .and. prop Y .gt. @ymin .and. -
 CHARMM>                             prop Z .lt. @zmax .and. prop Z .gt. @zmin  end
 Parameter: XMAX -> "13.6456816"
 Parameter: XMIN -> "6.6456816"
 Parameter: YMAX -> "-6.5629842"
 Parameter: YMIN -> "-13.5629842"
 Parameter: ZMAX -> "50.9595675"
 Parameter: ZMIN -> "43.9595675"
 SELRPN>      0 atoms have been selected out of  24952
  
 CHARMM>     
  
 CHARMM>            ! check if the ions are too close to protein
  
 CHARMM>            define XXX sele PROT end
 SELRPN>      0 atoms have been selected out of  24952
  
 CHARMM>            if ?nsel .gt. 0 then
 RDCMND substituted energy or value "?NSEL" to "0"
 Comparing "0" and "0".
 IF test evaluated as false.  Skip to ELSE or ENDIF
  
 CHARMM>     
  
 CHARMM>            ! check if the ions are too close to solute
  
 CHARMM>            coor dist cut 4.0 sele target end sele JUNK .and. .not. hydrogen end image
 SELRPN>      1 atoms have been selected out of  36561
 SELRPN>      0 atoms have been selected out of  36561

            DISTANCES FOR SELECTED ATOMS
            ONLY ONE SELECTION SET SPECIFIED, A COMPARISON WILL BE DONE
 TOTAL EXCLUSION COUNT =         0
 TOTAL 1-4 EXCLUSIONS  =         0
 TOTAL NON-EXCLUSIONS  =         0
  
 CHARMM>            if ?npair .gt. 0 goto doinit
 RDCMND substituted energy or value "?NPAIR" to "0"
 Comparing "0" and "0".
 IF test evaluated as false.  Skipping command
  
 CHARMM>     
  
 CHARMM>            calc cntrand = 0
Evaluating: 0
 Parameter: CNTRAND <- "0"
  
 CHARMM>            increase i by 1
 Parameter: I <- "33"
  
 CHARMM>            if i .le. @nion goto doinit
 Parameter: NION -> "52"
 Comparing "33" and "52".
 IF test evaluated as true.  Performing command
  
 CHARMM>     
  
 CHARMM>            calc cntrand = @cntrand + 1
 Parameter: CNTRAND -> "0"
Evaluating: 0+1
 Parameter: CNTRAND <- "1"
  
 CHARMM>            if cntrand .gt. 100 stop ! ABNORMAL TERMINATION: ion placing may not work.. stop here
 Comparing "1" and "100".
 IF test evaluated as false.  Skipping command
  
 CHARMM>     
  
 CHARMM>            calc j = @i
 Parameter: I -> "33"
Evaluating: 33
 Parameter: J <- "33"
  
 CHARMM>            set ion = POS
 Parameter: ION <- "POS"
  
 CHARMM>     
  
 CHARMM>            if j .gt. @npos then
 Parameter: NPOS -> "26"
 Comparing "33" and "26".
 IF test evaluated as true.  Performing command
  
 CHARMM>               set ion = NEG
 Parameter: ION <- "NEG"
  
 CHARMM>               calc j  = @j - @npos
 Parameter: J -> "33"
 Parameter: NPOS -> "26"
Evaluating: 33-26
 Parameter: J <- "7"
  
 CHARMM>            endif
  
 CHARMM>     
  
 CHARMM>            define target select segid @ion .and. resid @j end
 Parameter: ION -> "NEG"
 Parameter: J -> "7"
 SELRPN>      1 atoms have been selected out of  24952
  
 CHARMM>     
  
 CHARMM>            calc xpos = @A * ( ?random - 0.5 )
 Parameter: A -> "76.8049478"
 RDCMND substituted energy or value "?RANDOM" to "4.030865898E-02"
Evaluating: 76.8049478*(4.030865898E-02-0.5)
 Parameter: XPOS <- "-35.3065695"
  
 CHARMM>            calc ypos = @B * ( ?random - 0.5 )
 Parameter: B -> "76.8049478"
 RDCMND substituted energy or value "?RANDOM" to "0.561505872"
Evaluating: 76.8049478*(0.561505872-0.5)
 Parameter: YPOS <- "4.72395529"
  
 CHARMM>            calc zpos = @C * ( ?random - 0.5 ) + @zcen
 Parameter: C -> "100"
 Parameter: ZCEN -> "0"
 RDCMND substituted energy or value "?RANDOM" to "0.264246316"
Evaluating: 100*(0.264246316-0.5)+0
 Parameter: ZPOS <- "-23.5753684"
  
 CHARMM>     
  
 CHARMM>            if zpos .gt. -15 if zpos .lt. 15 goto doinit
 Comparing "-23.5753684" and "-15".
 IF test evaluated as false.  Skipping command
  
 CHARMM>     
  
 CHARMM>            ! move target to selected position
  
 CHARMM>            coor stat select target end
 SELRPN>      1 atoms have been selected out of  24952
 STATISTICS FOR         1 SELECTED ATOMS:
    XMIN =    0.000000 XMAX =    0.000000 XAVE =    0.000000
    YMIN =    0.000000 YMAX =    0.000000 YAVE =    0.000000
    ZMIN =    0.000000 ZMAX =    0.000000 ZAVE =    0.000000
    WMIN =   -1.000000 WMAX =   -1.000000 WAVE =   -1.000000
  
 CHARMM>            calc xtran = @xpos - ?xave
 Parameter: XPOS -> "-35.3065695"
 RDCMND substituted energy or value "?XAVE" to "0"
Evaluating: -35.3065695-0
 Parameter: XTRAN <- "-35.3065695"
  
 CHARMM>            calc ytran = @ypos - ?yave
 Parameter: YPOS -> "4.72395529"
 RDCMND substituted energy or value "?YAVE" to "0"
Evaluating: 4.72395529-0
 Parameter: YTRAN <- "4.72395529"
  
 CHARMM>            calc ztran = @zpos - ?zave
 Parameter: ZPOS -> "-23.5753684"
 RDCMND substituted energy or value "?ZAVE" to "0"
Evaluating: -23.5753684-0
 Parameter: ZTRAN <- "-23.5753684"
  
 CHARMM>            coor trans xdir @xtran ydir @ytran zdir @ztran select target end
 Parameter: XTRAN -> "-35.3065695"
 Parameter: YTRAN -> "4.72395529"
 Parameter: ZTRAN -> "-23.5753684"
 SELRPN>      1 atoms have been selected out of  24952
 TRANSLATION VECTOR   -35.306570    4.723955  -23.575368
 SELECTED COORDINATES TRANSLATED IN THE MAIN SET.

  
 CHARMM>     
  
 CHARMM>            ! apply a random rotation along XYZ
  
 CHARMM>            calc xphi = ?random * 360.0
 RDCMND substituted energy or value "?RANDOM" to "0.146333956"
Evaluating: 0.146333956*360.0
 Parameter: XPHI <- "52.6802242"
  
 CHARMM>            calc yphi = ?random * 360.0
 RDCMND substituted energy or value "?RANDOM" to "0.220498832"
Evaluating: 0.220498832*360.0
 Parameter: YPHI <- "79.3795795"
  
 CHARMM>            calc zphi = ?random * 360.0
 RDCMND substituted energy or value "?RANDOM" to "0.701727633"
Evaluating: 0.701727633*360.0
 Parameter: ZPHI <- "252.621948"
  
 CHARMM>            coor rotate xcen @xpos ycen @ypos zcen @zpos xdir 1.0 -
 CHARMM>                phi @xphi select target end
 Parameter: XPOS -> "-35.3065695"
 Parameter: YPOS -> "4.72395529"
 Parameter: ZPOS -> "-23.5753684"
 Parameter: XPHI -> "52.6802242"
 SELRPN>      1 atoms have been selected out of  24952
 ROTATION MATRIX
    1.000000    0.000000    0.000000
    0.000000    0.606263    0.795264
    0.000000   -0.795264    0.606263

 AXIS OF ROTATION IS  1.000000  0.000000  0.000000  ANGLE IS   52.68

 SELECTED COORDINATES ROTATED IN THE MAIN SET.

  
 CHARMM>            coor rotate xcen @xpos ycen @ypos zcen @zpos ydir 1.0 -
 CHARMM>                phi @yphi select target end
 Parameter: XPOS -> "-35.3065695"
 Parameter: YPOS -> "4.72395529"
 Parameter: ZPOS -> "-23.5753684"
 Parameter: YPHI -> "79.3795795"
 SELRPN>      1 atoms have been selected out of  24952
 ROTATION MATRIX
    0.184302    0.000000   -0.982870
    0.000000    1.000000    0.000000
    0.982870    0.000000    0.184302

 AXIS OF ROTATION IS  0.000000  1.000000  0.000000  ANGLE IS   79.38

 SELECTED COORDINATES ROTATED IN THE MAIN SET.

  
 CHARMM>            coor rotate xcen @xpos ycen @ypos zcen @zpos zdir 1.0 -
 CHARMM>                phi @zphi select target end
 Parameter: XPOS -> "-35.3065695"
 Parameter: YPOS -> "4.72395529"
 Parameter: ZPOS -> "-23.5753684"
 Parameter: ZPHI -> "252.621948"
 SELRPN>      1 atoms have been selected out of  24952
 ROTATION MATRIX
   -0.298675   -0.954355    0.000000
    0.954355   -0.298675    0.000000
    0.000000    0.000000    1.000000

 AXIS OF ROTATION IS  0.000000  0.000000 -1.000000  ANGLE IS  107.38

 SELECTED COORDINATES ROTATED IN THE MAIN SET.

  
 CHARMM>     
  
 CHARMM>     
  
 CHARMM>            calc dcut = 3.5
Evaluating: 3.5
 Parameter: DCUT <- "3.5"
  
 CHARMM>     
  
 CHARMM>            coor stat sele target end
 SELRPN>      1 atoms have been selected out of  24952
 STATISTICS FOR         1 SELECTED ATOMS:
    XMIN =  -35.306570 XMAX =  -35.306570 XAVE =  -35.306570
    YMIN =    4.723955 YMAX =    4.723955 YAVE =    4.723955
    ZMIN =  -23.575368 ZMAX =  -23.575368 ZAVE =  -23.575368
    WMIN =   -1.000000 WMAX =   -1.000000 WAVE =   -1.000000
  
 CHARMM>            calc xmax = ?xmax + @dcut
 Parameter: DCUT -> "3.5"
 RDCMND substituted energy or value "?XMAX" to "-35.3065695"
Evaluating: -35.3065695+3.5
 Parameter: XMAX <- "-31.8065695"
  
 CHARMM>            calc ymax = ?ymax + @dcut
 Parameter: DCUT -> "3.5"
 RDCMND substituted energy or value "?YMAX" to "4.72395529"
Evaluating: 4.72395529+3.5
 Parameter: YMAX <- "8.22395529"
  
 CHARMM>            calc zmax = ?zmax + @dcut
 Parameter: DCUT -> "3.5"
 RDCMND substituted energy or value "?ZMAX" to "-23.5753684"
Evaluating: -23.5753684+3.5
 Parameter: ZMAX <- "-20.0753684"
  
 CHARMM>            calc xmin = ?xmin - @dcut
 Parameter: DCUT -> "3.5"
 RDCMND substituted energy or value "?XMIN" to "-35.3065695"
Evaluating: -35.3065695-3.5
 Parameter: XMIN <- "-38.8065695"
  
 CHARMM>            calc ymin = ?ymin - @dcut
 Parameter: DCUT -> "3.5"
 RDCMND substituted energy or value "?YMIN" to "4.72395529"
Evaluating: 4.72395529-3.5
 Parameter: YMIN <- "1.22395529"
  
 CHARMM>            calc zmin = ?zmin - @dcut
 Parameter: DCUT -> "3.5"
 RDCMND substituted energy or value "?ZMIN" to "-23.5753684"
Evaluating: -23.5753684-3.5
 Parameter: ZMIN <- "-27.0753684"
  
 CHARMM>     
  
 CHARMM>            define JUNK sele .not. target .and. -
 CHARMM>                             prop X .lt. @xmax .and. prop X .gt. @xmin .and. -
 CHARMM>                             prop Y .lt. @ymax .and. prop Y .gt. @ymin .and. -
 CHARMM>                             prop Z .lt. @zmax .and. prop Z .gt. @zmin  end
 Parameter: XMAX -> "-31.8065695"
 Parameter: XMIN -> "-38.8065695"
 Parameter: YMAX -> "8.22395529"
 Parameter: YMIN -> "1.22395529"
 Parameter: ZMAX -> "-20.0753684"
 Parameter: ZMIN -> "-27.0753684"
 SELRPN>      5 atoms have been selected out of  24952
  
 CHARMM>     
  
 CHARMM>            ! check if the ions are too close to protein
  
 CHARMM>            define XXX sele PROT end
 SELRPN>      0 atoms have been selected out of  24952
  
 CHARMM>            if ?nsel .gt. 0 then
 RDCMND substituted energy or value "?NSEL" to "0"
 Comparing "0" and "0".
 IF test evaluated as false.  Skip to ELSE or ENDIF
  
 CHARMM>     
  
 CHARMM>            ! check if the ions are too close to solute
  
 CHARMM>            coor dist cut 4.0 sele target end sele JUNK .and. .not. hydrogen end image
 SELRPN>      1 atoms have been selected out of  36561
 SELRPN>      1 atoms have been selected out of  36561

            DISTANCES FOR SELECTED ATOMS
24933 NEG      CLA      7        CLA     -**** MEMB     DOPE     164      N             3.4996
 TOTAL EXCLUSION COUNT =         0
 TOTAL 1-4 EXCLUSIONS  =         0
 TOTAL NON-EXCLUSIONS  =         1
  
 CHARMM>            if ?npair .gt. 0 goto doinit
 RDCMND substituted energy or value "?NPAIR" to "1"
 Comparing "1" and "0".
 IF test evaluated as true.  Performing command
  
 CHARMM>     
  
 CHARMM>            calc cntrand = @cntrand + 1
 Parameter: CNTRAND -> "1"
Evaluating: 1+1
 Parameter: CNTRAND <- "2"
  
 CHARMM>            if cntrand .gt. 100 stop ! ABNORMAL TERMINATION: ion placing may not work.. stop here
 Comparing "2" and "100".
 IF test evaluated as false.  Skipping command
  
 CHARMM>     
  
 CHARMM>            calc j = @i
 Parameter: I -> "33"
Evaluating: 33
 Parameter: J <- "33"
  
 CHARMM>            set ion = POS
 Parameter: ION <- "POS"
  
 CHARMM>     
  
 CHARMM>            if j .gt. @npos then
 Parameter: NPOS -> "26"
 Comparing "33" and "26".
 IF test evaluated as true.  Performing command
  
 CHARMM>               set ion = NEG
 Parameter: ION <- "NEG"
  
 CHARMM>               calc j  = @j - @npos
 Parameter: J -> "33"
 Parameter: NPOS -> "26"
Evaluating: 33-26
 Parameter: J <- "7"
  
 CHARMM>            endif
  
 CHARMM>     
  
 CHARMM>            define target select segid @ion .and. resid @j end
 Parameter: ION -> "NEG"
 Parameter: J -> "7"
 SELRPN>      1 atoms have been selected out of  24952
  
 CHARMM>     
  
 CHARMM>            calc xpos = @A * ( ?random - 0.5 )
 Parameter: A -> "76.8049478"
 RDCMND substituted energy or value "?RANDOM" to "6.899431931E-02"
Evaluating: 76.8049478*(6.899431931E-02-0.5)
 Parameter: XPOS <- "-33.1033688"
  
 CHARMM>            calc ypos = @B * ( ?random - 0.5 )
 Parameter: B -> "76.8049478"
 RDCMND substituted energy or value "?RANDOM" to "0.793008544"
Evaluating: 76.8049478*(0.793008544-0.5)
 Parameter: YPOS <- "22.5045059"
  
 CHARMM>            calc zpos = @C * ( ?random - 0.5 ) + @zcen
 Parameter: C -> "100"
 Parameter: ZCEN -> "0"
 RDCMND substituted energy or value "?RANDOM" to "0.709633687"
Evaluating: 100*(0.709633687-0.5)+0
 Parameter: ZPOS <- "20.9633687"
  
 CHARMM>     
  
 CHARMM>            if zpos .gt. -15 if zpos .lt. 15 goto doinit
 Comparing "20.9633687" and "-15".
 IF test evaluated as true.  Performing command
 Comparing "20.9633687" and "15".
 IF test evaluated as false.  Skipping command
  
 CHARMM>     
  
 CHARMM>            ! move target to selected position
  
 CHARMM>            coor stat select target end
 SELRPN>      1 atoms have been selected out of  24952
 STATISTICS FOR         1 SELECTED ATOMS:
    XMIN =  -35.306570 XMAX =  -35.306570 XAVE =  -35.306570
    YMIN =    4.723955 YMAX =    4.723955 YAVE =    4.723955
    ZMIN =  -23.575368 ZMAX =  -23.575368 ZAVE =  -23.575368
    WMIN =   -1.000000 WMAX =   -1.000000 WAVE =   -1.000000
  
 CHARMM>            calc xtran = @xpos - ?xave
 Parameter: XPOS -> "-33.1033688"
 RDCMND substituted energy or value "?XAVE" to "-35.3065695"
Evaluating: -33.1033688--35.3065695
 Parameter: XTRAN <- "2.2032007"
  
 CHARMM>            calc ytran = @ypos - ?yave
 Parameter: YPOS -> "22.5045059"
 RDCMND substituted energy or value "?YAVE" to "4.72395529"
Evaluating: 22.5045059-4.72395529
 Parameter: YTRAN <- "17.7805506"
  
 CHARMM>            calc ztran = @zpos - ?zave
 Parameter: ZPOS -> "20.9633687"
 RDCMND substituted energy or value "?ZAVE" to "-23.5753684"
Evaluating: 20.9633687--23.5753684
 Parameter: ZTRAN <- "44.5387371"
  
 CHARMM>            coor trans xdir @xtran ydir @ytran zdir @ztran select target end
 Parameter: XTRAN -> "2.2032007"
 Parameter: YTRAN -> "17.7805506"
 Parameter: ZTRAN -> "44.5387371"
 SELRPN>      1 atoms have been selected out of  24952
 TRANSLATION VECTOR     2.203201   17.780551   44.538737
 SELECTED COORDINATES TRANSLATED IN THE MAIN SET.

  
 CHARMM>     
  
 CHARMM>            ! apply a random rotation along XYZ
  
 CHARMM>            calc xphi = ?random * 360.0
 RDCMND substituted energy or value "?RANDOM" to "0.273923468"
Evaluating: 0.273923468*360.0
 Parameter: XPHI <- "98.6124485"
  
 CHARMM>            calc yphi = ?random * 360.0
 RDCMND substituted energy or value "?RANDOM" to "0.400090852"
Evaluating: 0.400090852*360.0
 Parameter: YPHI <- "144.032707"
  
 CHARMM>            calc zphi = ?random * 360.0
 RDCMND substituted energy or value "?RANDOM" to "0.795053889"
Evaluating: 0.795053889*360.0
 Parameter: ZPHI <- "286.2194"
  
 CHARMM>            coor rotate xcen @xpos ycen @ypos zcen @zpos xdir 1.0 -
 CHARMM>                phi @xphi select target end
 Parameter: XPOS -> "-33.1033688"
 Parameter: YPOS -> "22.5045059"
 Parameter: ZPOS -> "20.9633687"
 Parameter: XPHI -> "98.6124485"
 SELRPN>      1 atoms have been selected out of  24952
 ROTATION MATRIX
    1.000000    0.000000    0.000000
    0.000000   -0.149750    0.988724
    0.000000   -0.988724   -0.149750

 AXIS OF ROTATION IS  1.000000  0.000000  0.000000  ANGLE IS   98.61

 SELECTED COORDINATES ROTATED IN THE MAIN SET.

  
 CHARMM>            coor rotate xcen @xpos ycen @ypos zcen @zpos ydir 1.0 -
 CHARMM>                phi @yphi select target end
 Parameter: XPOS -> "-33.1033688"
 Parameter: YPOS -> "22.5045059"
 Parameter: ZPOS -> "20.9633687"
 Parameter: YPHI -> "144.032707"
 SELRPN>      1 atoms have been selected out of  24952
 ROTATION MATRIX
   -0.809352    0.000000   -0.587323
    0.000000    1.000000    0.000000
    0.587323    0.000000   -0.809352

 AXIS OF ROTATION IS  0.000000  1.000000  0.000000  ANGLE IS  144.03

 SELECTED COORDINATES ROTATED IN THE MAIN SET.

  
 CHARMM>            coor rotate xcen @xpos ycen @ypos zcen @zpos zdir 1.0 -
 CHARMM>                phi @zphi select target end
 Parameter: XPOS -> "-33.1033688"
 Parameter: YPOS -> "22.5045059"
 Parameter: ZPOS -> "20.9633687"
 Parameter: ZPHI -> "286.2194"
 SELRPN>      1 atoms have been selected out of  24952
 ROTATION MATRIX
    0.279316   -0.960199    0.000000
    0.960199    0.279316    0.000000
    0.000000    0.000000    1.000000

 AXIS OF ROTATION IS  0.000000  0.000000 -1.000000  ANGLE IS   73.78

 SELECTED COORDINATES ROTATED IN THE MAIN SET.

  
 CHARMM>     
  
 CHARMM>     
  
 CHARMM>            calc dcut = 3.5
Evaluating: 3.5
 Parameter: DCUT <- "3.5"
  
 CHARMM>     
  
 CHARMM>            coor stat sele target end
 SELRPN>      1 atoms have been selected out of  24952
 STATISTICS FOR         1 SELECTED ATOMS:
    XMIN =  -33.103369 XMAX =  -33.103369 XAVE =  -33.103369
    YMIN =   22.504506 YMAX =   22.504506 YAVE =   22.504506
    ZMIN =   20.963369 ZMAX =   20.963369 ZAVE =   20.963369
    WMIN =   -1.000000 WMAX =   -1.000000 WAVE =   -1.000000
  
 CHARMM>            calc xmax = ?xmax + @dcut
 Parameter: DCUT -> "3.5"
 RDCMND substituted energy or value "?XMAX" to "-33.1033688"
Evaluating: -33.1033688+3.5
 Parameter: XMAX <- "-29.6033688"
  
 CHARMM>            calc ymax = ?ymax + @dcut
 Parameter: DCUT -> "3.5"
 RDCMND substituted energy or value "?YMAX" to "22.5045059"
Evaluating: 22.5045059+3.5
 Parameter: YMAX <- "26.0045059"
  
 CHARMM>            calc zmax = ?zmax + @dcut
 Parameter: DCUT -> "3.5"
 RDCMND substituted energy or value "?ZMAX" to "20.9633687"
Evaluating: 20.9633687+3.5
 Parameter: ZMAX <- "24.4633687"
  
 CHARMM>            calc xmin = ?xmin - @dcut
 Parameter: DCUT -> "3.5"
 RDCMND substituted energy or value "?XMIN" to "-33.1033688"
Evaluating: -33.1033688-3.5
 Parameter: XMIN <- "-36.6033688"
  
 CHARMM>            calc ymin = ?ymin - @dcut
 Parameter: DCUT -> "3.5"
 RDCMND substituted energy or value "?YMIN" to "22.5045059"
Evaluating: 22.5045059-3.5
 Parameter: YMIN <- "19.0045059"
  
 CHARMM>            calc zmin = ?zmin - @dcut
 Parameter: DCUT -> "3.5"
 RDCMND substituted energy or value "?ZMIN" to "20.9633687"
Evaluating: 20.9633687-3.5
 Parameter: ZMIN <- "17.4633687"
  
 CHARMM>     
  
 CHARMM>            define JUNK sele .not. target .and. -
 CHARMM>                             prop X .lt. @xmax .and. prop X .gt. @xmin .and. -
 CHARMM>                             prop Y .lt. @ymax .and. prop Y .gt. @ymin .and. -
 CHARMM>                             prop Z .lt. @zmax .and. prop Z .gt. @zmin  end
 Parameter: XMAX -> "-29.6033688"
 Parameter: XMIN -> "-36.6033688"
 Parameter: YMAX -> "26.0045059"
 Parameter: YMIN -> "19.0045059"
 Parameter: ZMAX -> "24.4633687"
 Parameter: ZMIN -> "17.4633687"
 SELRPN>      9 atoms have been selected out of  24952
  
 CHARMM>     
  
 CHARMM>            ! check if the ions are too close to protein
  
 CHARMM>            define XXX sele PROT end
 SELRPN>      0 atoms have been selected out of  24952
  
 CHARMM>            if ?nsel .gt. 0 then
 RDCMND substituted energy or value "?NSEL" to "0"
 Comparing "0" and "0".
 IF test evaluated as false.  Skip to ELSE or ENDIF
  
 CHARMM>     
  
 CHARMM>            ! check if the ions are too close to solute
  
 CHARMM>            coor dist cut 4.0 sele target end sele JUNK .and. .not. hydrogen end image
 SELRPN>      1 atoms have been selected out of  36561
 SELRPN>      3 atoms have been selected out of  36561

            DISTANCES FOR SELECTED ATOMS
24933 NEG      CLA      7        CLA     -9846 MEMB     23SM     80       C1S           3.2251
24933 NEG      CLA      7        CLA     -9855 MEMB     23SM     80       O3            3.3463
 TOTAL EXCLUSION COUNT =         0
 TOTAL 1-4 EXCLUSIONS  =         0
 TOTAL NON-EXCLUSIONS  =         2
  
 CHARMM>            if ?npair .gt. 0 goto doinit
 RDCMND substituted energy or value "?NPAIR" to "2"
 Comparing "2" and "0".
 IF test evaluated as true.  Performing command
  
 CHARMM>     
  
 CHARMM>            calc cntrand = @cntrand + 1
 Parameter: CNTRAND -> "2"
Evaluating: 2+1
 Parameter: CNTRAND <- "3"
  
 CHARMM>            if cntrand .gt. 100 stop ! ABNORMAL TERMINATION: ion placing may not work.. stop here
 Comparing "3" and "100".
 IF test evaluated as false.  Skipping command
  
 CHARMM>     
  
 CHARMM>            calc j = @i
 Parameter: I -> "33"
Evaluating: 33
 Parameter: J <- "33"
  
 CHARMM>            set ion = POS
 Parameter: ION <- "POS"
  
 CHARMM>     
  
 CHARMM>            if j .gt. @npos then
 Parameter: NPOS -> "26"
 Comparing "33" and "26".
 IF test evaluated as true.  Performing command
  
 CHARMM>               set ion = NEG
 Parameter: ION <- "NEG"
  
 CHARMM>               calc j  = @j - @npos
 Parameter: J -> "33"
 Parameter: NPOS -> "26"
Evaluating: 33-26
 Parameter: J <- "7"
  
 CHARMM>            endif
  
 CHARMM>     
  
 CHARMM>            define target select segid @ion .and. resid @j end
 Parameter: ION -> "NEG"
 Parameter: J -> "7"
 SELRPN>      1 atoms have been selected out of  24952
  
 CHARMM>     
  
 CHARMM>            calc xpos = @A * ( ?random - 0.5 )
 Parameter: A -> "76.8049478"
 RDCMND substituted energy or value "?RANDOM" to "0.236149467"
Evaluating: 76.8049478*(0.236149467-0.5)
 Parameter: XPOS <- "-20.2650264"
  
 CHARMM>            calc ypos = @B * ( ?random - 0.5 )
 Parameter: B -> "76.8049478"
 RDCMND substituted energy or value "?RANDOM" to "0.90277997"
Evaluating: 76.8049478*(0.90277997-0.5)
 Parameter: YPOS <- "30.9354946"
  
 CHARMM>            calc zpos = @C * ( ?random - 0.5 ) + @zcen
 Parameter: C -> "100"
 Parameter: ZCEN -> "0"
 RDCMND substituted energy or value "?RANDOM" to "0.661178059"
Evaluating: 100*(0.661178059-0.5)+0
 Parameter: ZPOS <- "16.1178059"
  
 CHARMM>     
  
 CHARMM>            if zpos .gt. -15 if zpos .lt. 15 goto doinit
 Comparing "16.1178059" and "-15".
 IF test evaluated as true.  Performing command
 Comparing "16.1178059" and "15".
 IF test evaluated as false.  Skipping command
  
 CHARMM>     
  
 CHARMM>            ! move target to selected position
  
 CHARMM>            coor stat select target end
 SELRPN>      1 atoms have been selected out of  24952
 STATISTICS FOR         1 SELECTED ATOMS:
    XMIN =  -33.103369 XMAX =  -33.103369 XAVE =  -33.103369
    YMIN =   22.504506 YMAX =   22.504506 YAVE =   22.504506
    ZMIN =   20.963369 ZMAX =   20.963369 ZAVE =   20.963369
    WMIN =   -1.000000 WMAX =   -1.000000 WAVE =   -1.000000
  
 CHARMM>            calc xtran = @xpos - ?xave
 Parameter: XPOS -> "-20.2650264"
 RDCMND substituted energy or value "?XAVE" to "-33.1033688"
Evaluating: -20.2650264--33.1033688
 Parameter: XTRAN <- "12.8383424"
  
 CHARMM>            calc ytran = @ypos - ?yave
 Parameter: YPOS -> "30.9354946"
 RDCMND substituted energy or value "?YAVE" to "22.5045059"
Evaluating: 30.9354946-22.5045059
 Parameter: YTRAN <- "8.4309887"
  
 CHARMM>            calc ztran = @zpos - ?zave
 Parameter: ZPOS -> "16.1178059"
 RDCMND substituted energy or value "?ZAVE" to "20.9633687"
Evaluating: 16.1178059-20.9633687
 Parameter: ZTRAN <- "-4.8455628"
  
 CHARMM>            coor trans xdir @xtran ydir @ytran zdir @ztran select target end
 Parameter: XTRAN -> "12.8383424"
 Parameter: YTRAN -> "8.4309887"
 Parameter: ZTRAN -> "-4.8455628"
 SELRPN>      1 atoms have been selected out of  24952
 TRANSLATION VECTOR    12.838342    8.430989   -4.845563
 SELECTED COORDINATES TRANSLATED IN THE MAIN SET.

  
 CHARMM>     
  
 CHARMM>            ! apply a random rotation along XYZ
  
 CHARMM>            calc xphi = ?random * 360.0
 RDCMND substituted energy or value "?RANDOM" to "0.871189299"
Evaluating: 0.871189299*360.0
 Parameter: XPHI <- "313.628148"
  
 CHARMM>            calc yphi = ?random * 360.0
 RDCMND substituted energy or value "?RANDOM" to "0.472800562"
Evaluating: 0.472800562*360.0
 Parameter: YPHI <- "170.208202"
  
 CHARMM>            calc zphi = ?random * 360.0
 RDCMND substituted energy or value "?RANDOM" to "0.602836991"
Evaluating: 0.602836991*360.0
 Parameter: ZPHI <- "217.021317"
  
 CHARMM>            coor rotate xcen @xpos ycen @ypos zcen @zpos xdir 1.0 -
 CHARMM>                phi @xphi select target end
 Parameter: XPOS -> "-20.2650264"
 Parameter: YPOS -> "30.9354946"
 Parameter: ZPOS -> "16.1178059"
 Parameter: XPHI -> "313.628148"
 SELRPN>      1 atoms have been selected out of  24952
 ROTATION MATRIX
    1.000000    0.000000    0.000000
    0.000000    0.689975   -0.723833
    0.000000    0.723833    0.689975

 AXIS OF ROTATION IS -1.000000  0.000000  0.000000  ANGLE IS   46.37

 SELECTED COORDINATES ROTATED IN THE MAIN SET.

  
 CHARMM>            coor rotate xcen @xpos ycen @ypos zcen @zpos ydir 1.0 -
 CHARMM>                phi @yphi select target end
 Parameter: XPOS -> "-20.2650264"
 Parameter: YPOS -> "30.9354946"
 Parameter: ZPOS -> "16.1178059"
 Parameter: YPHI -> "170.208202"
 SELRPN>      1 atoms have been selected out of  24952
 ROTATION MATRIX
   -0.985432    0.000000   -0.170068
    0.000000    1.000000    0.000000
    0.170068    0.000000   -0.985432

 AXIS OF ROTATION IS  0.000000  1.000000  0.000000  ANGLE IS  170.21

 SELECTED COORDINATES ROTATED IN THE MAIN SET.

  
 CHARMM>            coor rotate xcen @xpos ycen @ypos zcen @zpos zdir 1.0 -
 CHARMM>                phi @zphi select target end
 Parameter: XPOS -> "-20.2650264"
 Parameter: YPOS -> "30.9354946"
 Parameter: ZPOS -> "16.1178059"
 Parameter: ZPHI -> "217.021317"
 SELRPN>      1 atoms have been selected out of  24952
 ROTATION MATRIX
   -0.798412   -0.602112    0.000000
    0.602112   -0.798412    0.000000
    0.000000    0.000000    1.000000

 AXIS OF ROTATION IS  0.000000  0.000000 -1.000000  ANGLE IS  142.98

 SELECTED COORDINATES ROTATED IN THE MAIN SET.

  
 CHARMM>     
  
 CHARMM>     
  
 CHARMM>            calc dcut = 3.5
Evaluating: 3.5
 Parameter: DCUT <- "3.5"
  
 CHARMM>     
  
 CHARMM>            coor stat sele target end
 SELRPN>      1 atoms have been selected out of  24952
 STATISTICS FOR         1 SELECTED ATOMS:
    XMIN =  -20.265026 XMAX =  -20.265026 XAVE =  -20.265026
    YMIN =   30.935495 YMAX =   30.935495 YAVE =   30.935495
    ZMIN =   16.117806 ZMAX =   16.117806 ZAVE =   16.117806
    WMIN =   -1.000000 WMAX =   -1.000000 WAVE =   -1.000000
  
 CHARMM>            calc xmax = ?xmax + @dcut
 Parameter: DCUT -> "3.5"
 RDCMND substituted energy or value "?XMAX" to "-20.2650264"
Evaluating: -20.2650264+3.5
 Parameter: XMAX <- "-16.7650264"
  
 CHARMM>            calc ymax = ?ymax + @dcut
 Parameter: DCUT -> "3.5"
 RDCMND substituted energy or value "?YMAX" to "30.9354946"
Evaluating: 30.9354946+3.5
 Parameter: YMAX <- "34.4354946"
  
 CHARMM>            calc zmax = ?zmax + @dcut
 Parameter: DCUT -> "3.5"
 RDCMND substituted energy or value "?ZMAX" to "16.1178059"
Evaluating: 16.1178059+3.5
 Parameter: ZMAX <- "19.6178059"
  
 CHARMM>            calc xmin = ?xmin - @dcut
 Parameter: DCUT -> "3.5"
 RDCMND substituted energy or value "?XMIN" to "-20.2650264"
Evaluating: -20.2650264-3.5
 Parameter: XMIN <- "-23.7650264"
  
 CHARMM>            calc ymin = ?ymin - @dcut
 Parameter: DCUT -> "3.5"
 RDCMND substituted energy or value "?YMIN" to "30.9354946"
Evaluating: 30.9354946-3.5
 Parameter: YMIN <- "27.4354946"
  
 CHARMM>            calc zmin = ?zmin - @dcut
 Parameter: DCUT -> "3.5"
 RDCMND substituted energy or value "?ZMIN" to "16.1178059"
Evaluating: 16.1178059-3.5
 Parameter: ZMIN <- "12.6178059"
  
 CHARMM>     
  
 CHARMM>            define JUNK sele .not. target .and. -
 CHARMM>                             prop X .lt. @xmax .and. prop X .gt. @xmin .and. -
 CHARMM>                             prop Y .lt. @ymax .and. prop Y .gt. @ymin .and. -
 CHARMM>                             prop Z .lt. @zmax .and. prop Z .gt. @zmin  end
 Parameter: XMAX -> "-16.7650264"
 Parameter: XMIN -> "-23.7650264"
 Parameter: YMAX -> "34.4354946"
 Parameter: YMIN -> "27.4354946"
 Parameter: ZMAX -> "19.6178059"
 Parameter: ZMIN -> "12.6178059"
 SELRPN>     39 atoms have been selected out of  24952
  
 CHARMM>     
  
 CHARMM>            ! check if the ions are too close to protein
  
 CHARMM>            define XXX sele PROT end
 SELRPN>      0 atoms have been selected out of  24952
  
 CHARMM>            if ?nsel .gt. 0 then
 RDCMND substituted energy or value "?NSEL" to "0"
 Comparing "0" and "0".
 IF test evaluated as false.  Skip to ELSE or ENDIF
  
 CHARMM>     
  
 CHARMM>            ! check if the ions are too close to solute
  
 CHARMM>            coor dist cut 4.0 sele target end sele JUNK .and. .not. hydrogen end image
 SELRPN>      1 atoms have been selected out of  36561
 SELRPN>     18 atoms have been selected out of  36561

            DISTANCES FOR SELECTED ATOMS
24933 NEG      CLA      7        CLA     -7795 MEMB     DOPC     63       N             3.5789
24933 NEG      CLA      7        CLA     -7799 MEMB     DOPC     63       C13           3.1960
24933 NEG      CLA      7        CLA     -7807 MEMB     DOPC     63       C15           2.8808
24933 NEG      CLA      7        CLA     -7818 MEMB     DOPC     63       O11           3.5690
24933 NEG      CLA      7        CLA     -7822 MEMB     DOPC     63       C2            2.6094
24933 NEG      CLA      7        CLA     -7824 MEMB     DOPC     63       O21           2.0018
24933 NEG      CLA      7        CLA     -7825 MEMB     DOPC     63       C21           3.2064
24933 NEG      CLA      7        CLA     -7827 MEMB     DOPC     63       C22           3.5318
24933 NEG      CLA      7        CLA     -7830 MEMB     DOPC     63       C3            2.1903
24933 NEG      CLA      7        CLA     -7833 MEMB     DOPC     63       O31           2.2162
24933 NEG      CLA      7        CLA     -7834 MEMB     DOPC     63       C31           3.4833
24933 NEG      CLA      7        CLA     -**** MEMB     DOPC     86       C2            3.2545
24933 NEG      CLA      7        CLA     -**** MEMB     DOPC     86       O22           3.4589
 TOTAL EXCLUSION COUNT =         0
 TOTAL 1-4 EXCLUSIONS  =         0
 TOTAL NON-EXCLUSIONS  =        13
  
 CHARMM>            if ?npair .gt. 0 goto doinit
 RDCMND substituted energy or value "?NPAIR" to "13"
 Comparing "13" and "0".
 IF test evaluated as true.  Performing command
  
 CHARMM>     
  
 CHARMM>            calc cntrand = @cntrand + 1
 Parameter: CNTRAND -> "3"
Evaluating: 3+1
 Parameter: CNTRAND <- "4"
  
 CHARMM>            if cntrand .gt. 100 stop ! ABNORMAL TERMINATION: ion placing may not work.. stop here
 Comparing "4" and "100".
 IF test evaluated as false.  Skipping command
  
 CHARMM>     
  
 CHARMM>            calc j = @i
 Parameter: I -> "33"
Evaluating: 33
 Parameter: J <- "33"
  
 CHARMM>            set ion = POS
 Parameter: ION <- "POS"
  
 CHARMM>     
  
 CHARMM>            if j .gt. @npos then
 Parameter: NPOS -> "26"
 Comparing "33" and "26".
 IF test evaluated as true.  Performing command
  
 CHARMM>               set ion = NEG
 Parameter: ION <- "NEG"
  
 CHARMM>               calc j  = @j - @npos
 Parameter: J -> "33"
 Parameter: NPOS -> "26"
Evaluating: 33-26
 Parameter: J <- "7"
  
 CHARMM>            endif
  
 CHARMM>     
  
 CHARMM>            define target select segid @ion .and. resid @j end
 Parameter: ION -> "NEG"
 Parameter: J -> "7"
 SELRPN>      1 atoms have been selected out of  24952
  
 CHARMM>     
  
 CHARMM>            calc xpos = @A * ( ?random - 0.5 )
 Parameter: A -> "76.8049478"
 RDCMND substituted energy or value "?RANDOM" to "0.586393358"
Evaluating: 76.8049478*(0.586393358-0.5)
 Parameter: XPOS <- "6.63543735"
  
 CHARMM>            calc ypos = @B * ( ?random - 0.5 )
 Parameter: B -> "76.8049478"
 RDCMND substituted energy or value "?RANDOM" to "0.15892721"
Evaluating: 76.8049478*(0.15892721-0.5)
 Parameter: YPOS <- "-26.1960778"
  
 CHARMM>            calc zpos = @C * ( ?random - 0.5 ) + @zcen
 Parameter: C -> "100"
 Parameter: ZCEN -> "0"
 RDCMND substituted energy or value "?RANDOM" to "0.818990888"
Evaluating: 100*(0.818990888-0.5)+0
 Parameter: ZPOS <- "31.8990888"
  
 CHARMM>     
  
 CHARMM>            if zpos .gt. -15 if zpos .lt. 15 goto doinit
 Comparing "31.8990888" and "-15".
 IF test evaluated as true.  Performing command
 Comparing "31.8990888" and "15".
 IF test evaluated as false.  Skipping command
  
 CHARMM>     
  
 CHARMM>            ! move target to selected position
  
 CHARMM>            coor stat select target end
 SELRPN>      1 atoms have been selected out of  24952
 STATISTICS FOR         1 SELECTED ATOMS:
    XMIN =  -20.265026 XMAX =  -20.265026 XAVE =  -20.265026
    YMIN =   30.935495 YMAX =   30.935495 YAVE =   30.935495
    ZMIN =   16.117806 ZMAX =   16.117806 ZAVE =   16.117806
    WMIN =   -1.000000 WMAX =   -1.000000 WAVE =   -1.000000
  
 CHARMM>            calc xtran = @xpos - ?xave
 Parameter: XPOS -> "6.63543735"
 RDCMND substituted energy or value "?XAVE" to "-20.2650264"
Evaluating: 6.63543735--20.2650264
 Parameter: XTRAN <- "26.9004638"
  
 CHARMM>            calc ytran = @ypos - ?yave
 Parameter: YPOS -> "-26.1960778"
 RDCMND substituted energy or value "?YAVE" to "30.9354946"
Evaluating: -26.1960778-30.9354946
 Parameter: YTRAN <- "-57.1315724"
  
 CHARMM>            calc ztran = @zpos - ?zave
 Parameter: ZPOS -> "31.8990888"
 RDCMND substituted energy or value "?ZAVE" to "16.1178059"
Evaluating: 31.8990888-16.1178059
 Parameter: ZTRAN <- "15.7812829"
  
 CHARMM>            coor trans xdir @xtran ydir @ytran zdir @ztran select target end
 Parameter: XTRAN -> "26.9004638"
 Parameter: YTRAN -> "-57.1315724"
 Parameter: ZTRAN -> "15.7812829"
 SELRPN>      1 atoms have been selected out of  24952
 TRANSLATION VECTOR    26.900464  -57.131572   15.781283
 SELECTED COORDINATES TRANSLATED IN THE MAIN SET.

  
 CHARMM>     
  
 CHARMM>            ! apply a random rotation along XYZ
  
 CHARMM>            calc xphi = ?random * 360.0
 RDCMND substituted energy or value "?RANDOM" to "0.393267844"
Evaluating: 0.393267844*360.0
 Parameter: XPHI <- "141.576424"
  
 CHARMM>            calc yphi = ?random * 360.0
 RDCMND substituted energy or value "?RANDOM" to "0.433829719"
Evaluating: 0.433829719*360.0
 Parameter: YPHI <- "156.178699"
  
 CHARMM>            calc zphi = ?random * 360.0
 RDCMND substituted energy or value "?RANDOM" to "0.667936066"
Evaluating: 0.667936066*360.0
 Parameter: ZPHI <- "240.456984"
  
 CHARMM>            coor rotate xcen @xpos ycen @ypos zcen @zpos xdir 1.0 -
 CHARMM>                phi @xphi select target end
 Parameter: XPOS -> "6.63543735"
 Parameter: YPOS -> "-26.1960778"
 Parameter: ZPOS -> "31.8990888"
 Parameter: XPHI -> "141.576424"
 SELRPN>      1 atoms have been selected out of  24952
 ROTATION MATRIX
    1.000000    0.000000    0.000000
    0.000000   -0.783438    0.621470
    0.000000   -0.621470   -0.783438

 AXIS OF ROTATION IS  1.000000  0.000000  0.000000  ANGLE IS  141.58

 SELECTED COORDINATES ROTATED IN THE MAIN SET.

  
 CHARMM>            coor rotate xcen @xpos ycen @ypos zcen @zpos ydir 1.0 -
 CHARMM>                phi @yphi select target end
 Parameter: XPOS -> "6.63543735"
 Parameter: YPOS -> "-26.1960778"
 Parameter: ZPOS -> "31.8990888"
 Parameter: YPHI -> "156.178699"
 SELRPN>      1 atoms have been selected out of  24952
 ROTATION MATRIX
   -0.914810    0.000000   -0.403885
    0.000000    1.000000    0.000000
    0.403885    0.000000   -0.914810

 AXIS OF ROTATION IS  0.000000  1.000000  0.000000  ANGLE IS  156.18

 SELECTED COORDINATES ROTATED IN THE MAIN SET.

  
 CHARMM>            coor rotate xcen @xpos ycen @ypos zcen @zpos zdir 1.0 -
 CHARMM>                phi @zphi select target end
 Parameter: XPOS -> "6.63543735"
 Parameter: YPOS -> "-26.1960778"
 Parameter: ZPOS -> "31.8990888"
 Parameter: ZPHI -> "240.456984"
 SELRPN>      1 atoms have been selected out of  24952
 ROTATION MATRIX
   -0.493077   -0.869986    0.000000
    0.869986   -0.493077    0.000000
    0.000000    0.000000    1.000000

 AXIS OF ROTATION IS  0.000000  0.000000 -1.000000  ANGLE IS  119.54

 SELECTED COORDINATES ROTATED IN THE MAIN SET.

  
 CHARMM>     
  
 CHARMM>     
  
 CHARMM>            calc dcut = 3.5
Evaluating: 3.5
 Parameter: DCUT <- "3.5"
  
 CHARMM>     
  
 CHARMM>            coor stat sele target end
 SELRPN>      1 atoms have been selected out of  24952
 STATISTICS FOR         1 SELECTED ATOMS:
    XMIN =    6.635437 XMAX =    6.635437 XAVE =    6.635437
    YMIN =  -26.196078 YMAX =  -26.196078 YAVE =  -26.196078
    ZMIN =   31.899089 ZMAX =   31.899089 ZAVE =   31.899089
    WMIN =   -1.000000 WMAX =   -1.000000 WAVE =   -1.000000
  
 CHARMM>            calc xmax = ?xmax + @dcut
 Parameter: DCUT -> "3.5"
 RDCMND substituted energy or value "?XMAX" to "6.63543736"
Evaluating: 6.63543736+3.5
 Parameter: XMAX <- "10.1354374"
  
 CHARMM>            calc ymax = ?ymax + @dcut
 Parameter: DCUT -> "3.5"
 RDCMND substituted energy or value "?YMAX" to "-26.1960778"
Evaluating: -26.1960778+3.5
 Parameter: YMAX <- "-22.6960778"
  
 CHARMM>            calc zmax = ?zmax + @dcut
 Parameter: DCUT -> "3.5"
 RDCMND substituted energy or value "?ZMAX" to "31.8990888"
Evaluating: 31.8990888+3.5
 Parameter: ZMAX <- "35.3990888"
  
 CHARMM>            calc xmin = ?xmin - @dcut
 Parameter: DCUT -> "3.5"
 RDCMND substituted energy or value "?XMIN" to "6.63543736"
Evaluating: 6.63543736-3.5
 Parameter: XMIN <- "3.13543736"
  
 CHARMM>            calc ymin = ?ymin - @dcut
 Parameter: DCUT -> "3.5"
 RDCMND substituted energy or value "?YMIN" to "-26.1960778"
Evaluating: -26.1960778-3.5
 Parameter: YMIN <- "-29.6960778"
  
 CHARMM>            calc zmin = ?zmin - @dcut
 Parameter: DCUT -> "3.5"
 RDCMND substituted energy or value "?ZMIN" to "31.8990888"
Evaluating: 31.8990888-3.5
 Parameter: ZMIN <- "28.3990888"
  
 CHARMM>     
  
 CHARMM>            define JUNK sele .not. target .and. -
 CHARMM>                             prop X .lt. @xmax .and. prop X .gt. @xmin .and. -
 CHARMM>                             prop Y .lt. @ymax .and. prop Y .gt. @ymin .and. -
 CHARMM>                             prop Z .lt. @zmax .and. prop Z .gt. @zmin  end
 Parameter: XMAX -> "10.1354374"
 Parameter: XMIN -> "3.13543736"
 Parameter: YMAX -> "-22.6960778"
 Parameter: YMIN -> "-29.6960778"
 Parameter: ZMAX -> "35.3990888"
 Parameter: ZMIN -> "28.3990888"
 SELRPN>      1 atoms have been selected out of  24952
  
 CHARMM>     
  
 CHARMM>            ! check if the ions are too close to protein
  
 CHARMM>            define XXX sele PROT end
 SELRPN>      0 atoms have been selected out of  24952
  
 CHARMM>            if ?nsel .gt. 0 then
 RDCMND substituted energy or value "?NSEL" to "0"
 Comparing "0" and "0".
 IF test evaluated as false.  Skip to ELSE or ENDIF
  
 CHARMM>     
  
 CHARMM>            ! check if the ions are too close to solute
  
 CHARMM>            coor dist cut 4.0 sele target end sele JUNK .and. .not. hydrogen end image
 SELRPN>      1 atoms have been selected out of  36561
 SELRPN>      0 atoms have been selected out of  36561

            DISTANCES FOR SELECTED ATOMS
            ONLY ONE SELECTION SET SPECIFIED, A COMPARISON WILL BE DONE
 TOTAL EXCLUSION COUNT =         0
 TOTAL 1-4 EXCLUSIONS  =         0
 TOTAL NON-EXCLUSIONS  =         0
  
 CHARMM>            if ?npair .gt. 0 goto doinit
 RDCMND substituted energy or value "?NPAIR" to "0"
 Comparing "0" and "0".
 IF test evaluated as false.  Skipping command
  
 CHARMM>     
  
 CHARMM>            calc cntrand = 0
Evaluating: 0
 Parameter: CNTRAND <- "0"
  
 CHARMM>            increase i by 1
 Parameter: I <- "34"
  
 CHARMM>            if i .le. @nion goto doinit
 Parameter: NION -> "52"
 Comparing "34" and "52".
 IF test evaluated as true.  Performing command
  
 CHARMM>     
  
 CHARMM>            calc cntrand = @cntrand + 1
 Parameter: CNTRAND -> "0"
Evaluating: 0+1
 Parameter: CNTRAND <- "1"
  
 CHARMM>            if cntrand .gt. 100 stop ! ABNORMAL TERMINATION: ion placing may not work.. stop here
 Comparing "1" and "100".
 IF test evaluated as false.  Skipping command
  
 CHARMM>     
  
 CHARMM>            calc j = @i
 Parameter: I -> "34"
Evaluating: 34
 Parameter: J <- "34"
  
 CHARMM>            set ion = POS
 Parameter: ION <- "POS"
  
 CHARMM>     
  
 CHARMM>            if j .gt. @npos then
 Parameter: NPOS -> "26"
 Comparing "34" and "26".
 IF test evaluated as true.  Performing command
  
 CHARMM>               set ion = NEG
 Parameter: ION <- "NEG"
  
 CHARMM>               calc j  = @j - @npos
 Parameter: J -> "34"
 Parameter: NPOS -> "26"
Evaluating: 34-26
 Parameter: J <- "8"
  
 CHARMM>            endif
  
 CHARMM>     
  
 CHARMM>            define target select segid @ion .and. resid @j end
 Parameter: ION -> "NEG"
 Parameter: J -> "8"
 SELRPN>      1 atoms have been selected out of  24952
  
 CHARMM>     
  
 CHARMM>            calc xpos = @A * ( ?random - 0.5 )
 Parameter: A -> "76.8049478"
 RDCMND substituted energy or value "?RANDOM" to "0.816588778"
Evaluating: 76.8049478*(0.816588778-0.5)
 Parameter: XPOS <- "24.3155846"
  
 CHARMM>            calc ypos = @B * ( ?random - 0.5 )
 Parameter: B -> "76.8049478"
 RDCMND substituted energy or value "?RANDOM" to "0.735398613"
Evaluating: 76.8049478*(0.735398613-0.5)
 Parameter: YPOS <- "18.0797782"
  
 CHARMM>            calc zpos = @C * ( ?random - 0.5 ) + @zcen
 Parameter: C -> "100"
 Parameter: ZCEN -> "0"
 RDCMND substituted energy or value "?RANDOM" to "0.893311809"
Evaluating: 100*(0.893311809-0.5)+0
 Parameter: ZPOS <- "39.3311809"
  
 CHARMM>     
  
 CHARMM>            if zpos .gt. -15 if zpos .lt. 15 goto doinit
 Comparing "39.3311809" and "-15".
 IF test evaluated as true.  Performing command
 Comparing "39.3311809" and "15".
 IF test evaluated as false.  Skipping command
  
 CHARMM>     
  
 CHARMM>            ! move target to selected position
  
 CHARMM>            coor stat select target end
 SELRPN>      1 atoms have been selected out of  24952
 STATISTICS FOR         1 SELECTED ATOMS:
    XMIN =    0.000000 XMAX =    0.000000 XAVE =    0.000000
    YMIN =    0.000000 YMAX =    0.000000 YAVE =    0.000000
    ZMIN =    0.000000 ZMAX =    0.000000 ZAVE =    0.000000
    WMIN =   -1.000000 WMAX =   -1.000000 WAVE =   -1.000000
  
 CHARMM>            calc xtran = @xpos - ?xave
 Parameter: XPOS -> "24.3155846"
 RDCMND substituted energy or value "?XAVE" to "0"
Evaluating: 24.3155846-0
 Parameter: XTRAN <- "24.3155846"
  
 CHARMM>            calc ytran = @ypos - ?yave
 Parameter: YPOS -> "18.0797782"
 RDCMND substituted energy or value "?YAVE" to "0"
Evaluating: 18.0797782-0
 Parameter: YTRAN <- "18.0797782"
  
 CHARMM>            calc ztran = @zpos - ?zave
 Parameter: ZPOS -> "39.3311809"
 RDCMND substituted energy or value "?ZAVE" to "0"
Evaluating: 39.3311809-0
 Parameter: ZTRAN <- "39.3311809"
  
 CHARMM>            coor trans xdir @xtran ydir @ytran zdir @ztran select target end
 Parameter: XTRAN -> "24.3155846"
 Parameter: YTRAN -> "18.0797782"
 Parameter: ZTRAN -> "39.3311809"
 SELRPN>      1 atoms have been selected out of  24952
 TRANSLATION VECTOR    24.315585   18.079778   39.331181
 SELECTED COORDINATES TRANSLATED IN THE MAIN SET.

  
 CHARMM>     
  
 CHARMM>            ! apply a random rotation along XYZ
  
 CHARMM>            calc xphi = ?random * 360.0
 RDCMND substituted energy or value "?RANDOM" to "0.897755918"
Evaluating: 0.897755918*360.0
 Parameter: XPHI <- "323.19213"
  
 CHARMM>            calc yphi = ?random * 360.0
 RDCMND substituted energy or value "?RANDOM" to "0.292182303"
Evaluating: 0.292182303*360.0
 Parameter: YPHI <- "105.185629"
  
 CHARMM>            calc zphi = ?random * 360.0
 RDCMND substituted energy or value "?RANDOM" to "0.548189564"
Evaluating: 0.548189564*360.0
 Parameter: ZPHI <- "197.348243"
  
 CHARMM>            coor rotate xcen @xpos ycen @ypos zcen @zpos xdir 1.0 -
 CHARMM>                phi @xphi select target end
 Parameter: XPOS -> "24.3155846"
 Parameter: YPOS -> "18.0797782"
 Parameter: ZPOS -> "39.3311809"
 Parameter: XPHI -> "323.19213"
 SELRPN>      1 atoms have been selected out of  24952
 ROTATION MATRIX
    1.000000    0.000000    0.000000
    0.000000    0.800649   -0.599134
    0.000000    0.599134    0.800649

 AXIS OF ROTATION IS -1.000000  0.000000  0.000000  ANGLE IS   36.81

 SELECTED COORDINATES ROTATED IN THE MAIN SET.

  
 CHARMM>            coor rotate xcen @xpos ycen @ypos zcen @zpos ydir 1.0 -
 CHARMM>                phi @yphi select target end
 Parameter: XPOS -> "24.3155846"
 Parameter: YPOS -> "18.0797782"
 Parameter: ZPOS -> "39.3311809"
 Parameter: YPHI -> "105.185629"
 SELRPN>      1 atoms have been selected out of  24952
 ROTATION MATRIX
   -0.261947    0.000000   -0.965082
    0.000000    1.000000    0.000000
    0.965082    0.000000   -0.261947

 AXIS OF ROTATION IS  0.000000  1.000000  0.000000  ANGLE IS  105.19

 SELECTED COORDINATES ROTATED IN THE MAIN SET.

  
 CHARMM>            coor rotate xcen @xpos ycen @ypos zcen @zpos zdir 1.0 -
 CHARMM>                phi @zphi select target end
 Parameter: XPOS -> "24.3155846"
 Parameter: YPOS -> "18.0797782"
 Parameter: ZPOS -> "39.3311809"
 Parameter: ZPHI -> "197.348243"
 SELRPN>      1 atoms have been selected out of  24952
 ROTATION MATRIX
   -0.954510   -0.298179    0.000000
    0.298179   -0.954510    0.000000
    0.000000    0.000000    1.000000

 AXIS OF ROTATION IS  0.000000  0.000000 -1.000000  ANGLE IS  162.65

 SELECTED COORDINATES ROTATED IN THE MAIN SET.

  
 CHARMM>     
  
 CHARMM>     
  
 CHARMM>            calc dcut = 3.5
Evaluating: 3.5
 Parameter: DCUT <- "3.5"
  
 CHARMM>     
  
 CHARMM>            coor stat sele target end
 SELRPN>      1 atoms have been selected out of  24952
 STATISTICS FOR         1 SELECTED ATOMS:
    XMIN =   24.315585 XMAX =   24.315585 XAVE =   24.315585
    YMIN =   18.079778 YMAX =   18.079778 YAVE =   18.079778
    ZMIN =   39.331181 ZMAX =   39.331181 ZAVE =   39.331181
    WMIN =   -1.000000 WMAX =   -1.000000 WAVE =   -1.000000
  
 CHARMM>            calc xmax = ?xmax + @dcut
 Parameter: DCUT -> "3.5"
 RDCMND substituted energy or value "?XMAX" to "24.3155846"
Evaluating: 24.3155846+3.5
 Parameter: XMAX <- "27.8155846"
  
 CHARMM>            calc ymax = ?ymax + @dcut
 Parameter: DCUT -> "3.5"
 RDCMND substituted energy or value "?YMAX" to "18.0797782"
Evaluating: 18.0797782+3.5
 Parameter: YMAX <- "21.5797782"
  
 CHARMM>            calc zmax = ?zmax + @dcut
 Parameter: DCUT -> "3.5"
 RDCMND substituted energy or value "?ZMAX" to "39.3311809"
Evaluating: 39.3311809+3.5
 Parameter: ZMAX <- "42.8311809"
  
 CHARMM>            calc xmin = ?xmin - @dcut
 Parameter: DCUT -> "3.5"
 RDCMND substituted energy or value "?XMIN" to "24.3155846"
Evaluating: 24.3155846-3.5
 Parameter: XMIN <- "20.8155846"
  
 CHARMM>            calc ymin = ?ymin - @dcut
 Parameter: DCUT -> "3.5"
 RDCMND substituted energy or value "?YMIN" to "18.0797782"
Evaluating: 18.0797782-3.5
 Parameter: YMIN <- "14.5797782"
  
 CHARMM>            calc zmin = ?zmin - @dcut
 Parameter: DCUT -> "3.5"
 RDCMND substituted energy or value "?ZMIN" to "39.3311809"
Evaluating: 39.3311809-3.5
 Parameter: ZMIN <- "35.8311809"
  
 CHARMM>     
  
 CHARMM>            define JUNK sele .not. target .and. -
 CHARMM>                             prop X .lt. @xmax .and. prop X .gt. @xmin .and. -
 CHARMM>                             prop Y .lt. @ymax .and. prop Y .gt. @ymin .and. -
 CHARMM>                             prop Z .lt. @zmax .and. prop Z .gt. @zmin  end
 Parameter: XMAX -> "27.8155846"
 Parameter: XMIN -> "20.8155846"
 Parameter: YMAX -> "21.5797782"
 Parameter: YMIN -> "14.5797782"
 Parameter: ZMAX -> "42.8311809"
 Parameter: ZMIN -> "35.8311809"
 SELRPN>      0 atoms have been selected out of  24952
  
 CHARMM>     
  
 CHARMM>            ! check if the ions are too close to protein
  
 CHARMM>            define XXX sele PROT end
 SELRPN>      0 atoms have been selected out of  24952
  
 CHARMM>            if ?nsel .gt. 0 then
 RDCMND substituted energy or value "?NSEL" to "0"
 Comparing "0" and "0".
 IF test evaluated as false.  Skip to ELSE or ENDIF
  
 CHARMM>     
  
 CHARMM>            ! check if the ions are too close to solute
  
 CHARMM>            coor dist cut 4.0 sele target end sele JUNK .and. .not. hydrogen end image
 SELRPN>      1 atoms have been selected out of  36561
 SELRPN>      0 atoms have been selected out of  36561

            DISTANCES FOR SELECTED ATOMS
            ONLY ONE SELECTION SET SPECIFIED, A COMPARISON WILL BE DONE
 TOTAL EXCLUSION COUNT =         0
 TOTAL 1-4 EXCLUSIONS  =         0
 TOTAL NON-EXCLUSIONS  =         0
  
 CHARMM>            if ?npair .gt. 0 goto doinit
 RDCMND substituted energy or value "?NPAIR" to "0"
 Comparing "0" and "0".
 IF test evaluated as false.  Skipping command
  
 CHARMM>     
  
 CHARMM>            calc cntrand = 0
Evaluating: 0
 Parameter: CNTRAND <- "0"
  
 CHARMM>            increase i by 1
 Parameter: I <- "35"
  
 CHARMM>            if i .le. @nion goto doinit
 Parameter: NION -> "52"
 Comparing "35" and "52".
 IF test evaluated as true.  Performing command
  
 CHARMM>     
  
 CHARMM>            calc cntrand = @cntrand + 1
 Parameter: CNTRAND -> "0"
Evaluating: 0+1
 Parameter: CNTRAND <- "1"
  
 CHARMM>            if cntrand .gt. 100 stop ! ABNORMAL TERMINATION: ion placing may not work.. stop here
 Comparing "1" and "100".
 IF test evaluated as false.  Skipping command
  
 CHARMM>     
  
 CHARMM>            calc j = @i
 Parameter: I -> "35"
Evaluating: 35
 Parameter: J <- "35"
  
 CHARMM>            set ion = POS
 Parameter: ION <- "POS"
  
 CHARMM>     
  
 CHARMM>            if j .gt. @npos then
 Parameter: NPOS -> "26"
 Comparing "35" and "26".
 IF test evaluated as true.  Performing command
  
 CHARMM>               set ion = NEG
 Parameter: ION <- "NEG"
  
 CHARMM>               calc j  = @j - @npos
 Parameter: J -> "35"
 Parameter: NPOS -> "26"
Evaluating: 35-26
 Parameter: J <- "9"
  
 CHARMM>            endif
  
 CHARMM>     
  
 CHARMM>            define target select segid @ion .and. resid @j end
 Parameter: ION -> "NEG"
 Parameter: J -> "9"
 SELRPN>      1 atoms have been selected out of  24952
  
 CHARMM>     
  
 CHARMM>            calc xpos = @A * ( ?random - 0.5 )
 Parameter: A -> "76.8049478"
 RDCMND substituted energy or value "?RANDOM" to "0.207157598"
Evaluating: 76.8049478*(0.207157598-0.5)
 Parameter: XPOS <- "-22.4917454"
  
 CHARMM>            calc ypos = @B * ( ?random - 0.5 )
 Parameter: B -> "76.8049478"
 RDCMND substituted energy or value "?RANDOM" to "8.494670111E-02"
Evaluating: 76.8049478*(8.494670111E-02-0.5)
 Parameter: YPOS <- "-31.878147"
  
 CHARMM>            calc zpos = @C * ( ?random - 0.5 ) + @zcen
 Parameter: C -> "100"
 Parameter: ZCEN -> "0"
 RDCMND substituted energy or value "?RANDOM" to "6.725381667E-03"
Evaluating: 100*(6.725381667E-03-0.5)+0
 Parameter: ZPOS <- "-49.3274618"
  
 CHARMM>     
  
 CHARMM>            if zpos .gt. -15 if zpos .lt. 15 goto doinit
 Comparing "-49.3274618" and "-15".
 IF test evaluated as false.  Skipping command
  
 CHARMM>     
  
 CHARMM>            ! move target to selected position
  
 CHARMM>            coor stat select target end
 SELRPN>      1 atoms have been selected out of  24952
 STATISTICS FOR         1 SELECTED ATOMS:
    XMIN =    0.000000 XMAX =    0.000000 XAVE =    0.000000
    YMIN =    0.000000 YMAX =    0.000000 YAVE =    0.000000
    ZMIN =    0.000000 ZMAX =    0.000000 ZAVE =    0.000000
    WMIN =   -1.000000 WMAX =   -1.000000 WAVE =   -1.000000
  
 CHARMM>            calc xtran = @xpos - ?xave
 Parameter: XPOS -> "-22.4917454"
 RDCMND substituted energy or value "?XAVE" to "0"
Evaluating: -22.4917454-0
 Parameter: XTRAN <- "-22.4917454"
  
 CHARMM>            calc ytran = @ypos - ?yave
 Parameter: YPOS -> "-31.878147"
 RDCMND substituted energy or value "?YAVE" to "0"
Evaluating: -31.878147-0
 Parameter: YTRAN <- "-31.878147"
  
 CHARMM>            calc ztran = @zpos - ?zave
 Parameter: ZPOS -> "-49.3274618"
 RDCMND substituted energy or value "?ZAVE" to "0"
Evaluating: -49.3274618-0
 Parameter: ZTRAN <- "-49.3274618"
  
 CHARMM>            coor trans xdir @xtran ydir @ytran zdir @ztran select target end
 Parameter: XTRAN -> "-22.4917454"
 Parameter: YTRAN -> "-31.878147"
 Parameter: ZTRAN -> "-49.3274618"
 SELRPN>      1 atoms have been selected out of  24952
 TRANSLATION VECTOR   -22.491745  -31.878147  -49.327462
 SELECTED COORDINATES TRANSLATED IN THE MAIN SET.

  
 CHARMM>     
  
 CHARMM>            ! apply a random rotation along XYZ
  
 CHARMM>            calc xphi = ?random * 360.0
 RDCMND substituted energy or value "?RANDOM" to "0.373039817"
Evaluating: 0.373039817*360.0
 Parameter: XPHI <- "134.294334"
  
 CHARMM>            calc yphi = ?random * 360.0
 RDCMND substituted energy or value "?RANDOM" to "0.56935822"
Evaluating: 0.56935822*360.0
 Parameter: YPHI <- "204.968959"
  
 CHARMM>            calc zphi = ?random * 360.0
 RDCMND substituted energy or value "?RANDOM" to "0.504282077"
Evaluating: 0.504282077*360.0
 Parameter: ZPHI <- "181.541548"
  
 CHARMM>            coor rotate xcen @xpos ycen @ypos zcen @zpos xdir 1.0 -
 CHARMM>                phi @xphi select target end
 Parameter: XPOS -> "-22.4917454"
 Parameter: YPOS -> "-31.878147"
 Parameter: ZPOS -> "-49.3274618"
 Parameter: XPHI -> "134.294334"
 SELRPN>      1 atoms have been selected out of  24952
 ROTATION MATRIX
    1.000000    0.000000    0.000000
    0.000000   -0.698345    0.715762
    0.000000   -0.715762   -0.698345

 AXIS OF ROTATION IS  1.000000  0.000000  0.000000  ANGLE IS  134.29

 SELECTED COORDINATES ROTATED IN THE MAIN SET.

  
 CHARMM>            coor rotate xcen @xpos ycen @ypos zcen @zpos ydir 1.0 -
 CHARMM>                phi @yphi select target end
 Parameter: XPOS -> "-22.4917454"
 Parameter: YPOS -> "-31.878147"
 Parameter: ZPOS -> "-49.3274618"
 Parameter: YPHI -> "204.968959"
 SELRPN>      1 atoms have been selected out of  24952
 ROTATION MATRIX
   -0.906537    0.000000    0.422127
    0.000000    1.000000    0.000000
   -0.422127    0.000000   -0.906537

 AXIS OF ROTATION IS  0.000000 -1.000000  0.000000  ANGLE IS  155.03

 SELECTED COORDINATES ROTATED IN THE MAIN SET.

  
 CHARMM>            coor rotate xcen @xpos ycen @ypos zcen @zpos zdir 1.0 -
 CHARMM>                phi @zphi select target end
 Parameter: XPOS -> "-22.4917454"
 Parameter: YPOS -> "-31.878147"
 Parameter: ZPOS -> "-49.3274618"
 Parameter: ZPHI -> "181.541548"
 SELRPN>      1 atoms have been selected out of  24952
 ROTATION MATRIX
   -0.999638   -0.026902    0.000000
    0.026902   -0.999638    0.000000
    0.000000    0.000000    1.000000

 AXIS OF ROTATION IS  0.000000  0.000000 -1.000000  ANGLE IS  178.46

 SELECTED COORDINATES ROTATED IN THE MAIN SET.

  
 CHARMM>     
  
 CHARMM>     
  
 CHARMM>            calc dcut = 3.5
Evaluating: 3.5
 Parameter: DCUT <- "3.5"
  
 CHARMM>     
  
 CHARMM>            coor stat sele target end
 SELRPN>      1 atoms have been selected out of  24952
 STATISTICS FOR         1 SELECTED ATOMS:
    XMIN =  -22.491745 XMAX =  -22.491745 XAVE =  -22.491745
    YMIN =  -31.878147 YMAX =  -31.878147 YAVE =  -31.878147
    ZMIN =  -49.327462 ZMAX =  -49.327462 ZAVE =  -49.327462
    WMIN =   -1.000000 WMAX =   -1.000000 WAVE =   -1.000000
  
 CHARMM>            calc xmax = ?xmax + @dcut
 Parameter: DCUT -> "3.5"
 RDCMND substituted energy or value "?XMAX" to "-22.4917454"
Evaluating: -22.4917454+3.5
 Parameter: XMAX <- "-18.9917454"
  
 CHARMM>            calc ymax = ?ymax + @dcut
 Parameter: DCUT -> "3.5"
 RDCMND substituted energy or value "?YMAX" to "-31.878147"
Evaluating: -31.878147+3.5
 Parameter: YMAX <- "-28.378147"
  
 CHARMM>            calc zmax = ?zmax + @dcut
 Parameter: DCUT -> "3.5"
 RDCMND substituted energy or value "?ZMAX" to "-49.3274618"
Evaluating: -49.3274618+3.5
 Parameter: ZMAX <- "-45.8274618"
  
 CHARMM>            calc xmin = ?xmin - @dcut
 Parameter: DCUT -> "3.5"
 RDCMND substituted energy or value "?XMIN" to "-22.4917454"
Evaluating: -22.4917454-3.5
 Parameter: XMIN <- "-25.9917454"
  
 CHARMM>            calc ymin = ?ymin - @dcut
 Parameter: DCUT -> "3.5"
 RDCMND substituted energy or value "?YMIN" to "-31.878147"
Evaluating: -31.878147-3.5
 Parameter: YMIN <- "-35.378147"
  
 CHARMM>            calc zmin = ?zmin - @dcut
 Parameter: DCUT -> "3.5"
 RDCMND substituted energy or value "?ZMIN" to "-49.3274618"
Evaluating: -49.3274618-3.5
 Parameter: ZMIN <- "-52.8274618"
  
 CHARMM>     
  
 CHARMM>            define JUNK sele .not. target .and. -
 CHARMM>                             prop X .lt. @xmax .and. prop X .gt. @xmin .and. -
 CHARMM>                             prop Y .lt. @ymax .and. prop Y .gt. @ymin .and. -
 CHARMM>                             prop Z .lt. @zmax .and. prop Z .gt. @zmin  end
 Parameter: XMAX -> "-18.9917454"
 Parameter: XMIN -> "-25.9917454"
 Parameter: YMAX -> "-28.378147"
 Parameter: YMIN -> "-35.378147"
 Parameter: ZMAX -> "-45.8274618"
 Parameter: ZMIN -> "-52.8274618"
 SELRPN>      0 atoms have been selected out of  24952
  
 CHARMM>     
  
 CHARMM>            ! check if the ions are too close to protein
  
 CHARMM>            define XXX sele PROT end
 SELRPN>      0 atoms have been selected out of  24952
  
 CHARMM>            if ?nsel .gt. 0 then
 RDCMND substituted energy or value "?NSEL" to "0"
 Comparing "0" and "0".
 IF test evaluated as false.  Skip to ELSE or ENDIF
  
 CHARMM>     
  
 CHARMM>            ! check if the ions are too close to solute
  
 CHARMM>            coor dist cut 4.0 sele target end sele JUNK .and. .not. hydrogen end image
 SELRPN>      1 atoms have been selected out of  36561
 SELRPN>      0 atoms have been selected out of  36561

            DISTANCES FOR SELECTED ATOMS
            ONLY ONE SELECTION SET SPECIFIED, A COMPARISON WILL BE DONE
 TOTAL EXCLUSION COUNT =         0
 TOTAL 1-4 EXCLUSIONS  =         0
 TOTAL NON-EXCLUSIONS  =         0
  
 CHARMM>            if ?npair .gt. 0 goto doinit
 RDCMND substituted energy or value "?NPAIR" to "0"
 Comparing "0" and "0".
 IF test evaluated as false.  Skipping command
  
 CHARMM>     
  
 CHARMM>            calc cntrand = 0
Evaluating: 0
 Parameter: CNTRAND <- "0"
  
 CHARMM>            increase i by 1
 Parameter: I <- "36"
  
 CHARMM>            if i .le. @nion goto doinit
 Parameter: NION -> "52"
 Comparing "36" and "52".
 IF test evaluated as true.  Performing command
  
 CHARMM>     
  
 CHARMM>            calc cntrand = @cntrand + 1
 Parameter: CNTRAND -> "0"
Evaluating: 0+1
 Parameter: CNTRAND <- "1"
  
 CHARMM>            if cntrand .gt. 100 stop ! ABNORMAL TERMINATION: ion placing may not work.. stop here
 Comparing "1" and "100".
 IF test evaluated as false.  Skipping command
  
 CHARMM>     
  
 CHARMM>            calc j = @i
 Parameter: I -> "36"
Evaluating: 36
 Parameter: J <- "36"
  
 CHARMM>            set ion = POS
 Parameter: ION <- "POS"
  
 CHARMM>     
  
 CHARMM>            if j .gt. @npos then
 Parameter: NPOS -> "26"
 Comparing "36" and "26".
 IF test evaluated as true.  Performing command
  
 CHARMM>               set ion = NEG
 Parameter: ION <- "NEG"
  
 CHARMM>               calc j  = @j - @npos
 Parameter: J -> "36"
 Parameter: NPOS -> "26"
Evaluating: 36-26
 Parameter: J <- "10"
  
 CHARMM>            endif
  
 CHARMM>     
  
 CHARMM>            define target select segid @ion .and. resid @j end
 Parameter: ION -> "NEG"
 Parameter: J -> "10"
 SELRPN>      1 atoms have been selected out of  24952
  
 CHARMM>     
  
 CHARMM>            calc xpos = @A * ( ?random - 0.5 )
 Parameter: A -> "76.8049478"
 RDCMND substituted energy or value "?RANDOM" to "0.912206028"
Evaluating: 76.8049478*(0.912206028-0.5)
 Parameter: XPOS <- "31.6594625"
  
 CHARMM>            calc ypos = @B * ( ?random - 0.5 )
 Parameter: B -> "76.8049478"
 RDCMND substituted energy or value "?RANDOM" to "0.8608278"
Evaluating: 76.8049478*(0.8608278-0.5)
 Parameter: YPOS <- "27.7133603"
  
 CHARMM>            calc zpos = @C * ( ?random - 0.5 ) + @zcen
 Parameter: C -> "100"
 Parameter: ZCEN -> "0"
 RDCMND substituted energy or value "?RANDOM" to "0.648719765"
Evaluating: 100*(0.648719765-0.5)+0
 Parameter: ZPOS <- "14.8719765"
  
 CHARMM>     
  
 CHARMM>            if zpos .gt. -15 if zpos .lt. 15 goto doinit
 Comparing "14.8719765" and "-15".
 IF test evaluated as true.  Performing command
 Comparing "14.8719765" and "15".
 IF test evaluated as true.  Performing command
  
 CHARMM>     
  
 CHARMM>            calc cntrand = @cntrand + 1
 Parameter: CNTRAND -> "1"
Evaluating: 1+1
 Parameter: CNTRAND <- "2"
  
 CHARMM>            if cntrand .gt. 100 stop ! ABNORMAL TERMINATION: ion placing may not work.. stop here
 Comparing "2" and "100".
 IF test evaluated as false.  Skipping command
  
 CHARMM>     
  
 CHARMM>            calc j = @i
 Parameter: I -> "36"
Evaluating: 36
 Parameter: J <- "36"
  
 CHARMM>            set ion = POS
 Parameter: ION <- "POS"
  
 CHARMM>     
  
 CHARMM>            if j .gt. @npos then
 Parameter: NPOS -> "26"
 Comparing "36" and "26".
 IF test evaluated as true.  Performing command
  
 CHARMM>               set ion = NEG
 Parameter: ION <- "NEG"
  
 CHARMM>               calc j  = @j - @npos
 Parameter: J -> "36"
 Parameter: NPOS -> "26"
Evaluating: 36-26
 Parameter: J <- "10"
  
 CHARMM>            endif
  
 CHARMM>     
  
 CHARMM>            define target select segid @ion .and. resid @j end
 Parameter: ION -> "NEG"
 Parameter: J -> "10"
 SELRPN>      1 atoms have been selected out of  24952
  
 CHARMM>     
  
 CHARMM>            calc xpos = @A * ( ?random - 0.5 )
 Parameter: A -> "76.8049478"
 RDCMND substituted energy or value "?RANDOM" to "0.64061153"
Evaluating: 76.8049478*(0.64061153-0.5)
 Parameter: XPOS <- "10.7996612"
  
 CHARMM>            calc ypos = @B * ( ?random - 0.5 )
 Parameter: B -> "76.8049478"
 RDCMND substituted energy or value "?RANDOM" to "0.589733626"
Evaluating: 76.8049478*(0.589733626-0.5)
 Parameter: YPOS <- "6.89198646"
  
 CHARMM>            calc zpos = @C * ( ?random - 0.5 ) + @zcen
 Parameter: C -> "100"
 Parameter: ZCEN -> "0"
 RDCMND substituted energy or value "?RANDOM" to "0.669144868"
Evaluating: 100*(0.669144868-0.5)+0
 Parameter: ZPOS <- "16.9144868"
  
 CHARMM>     
  
 CHARMM>            if zpos .gt. -15 if zpos .lt. 15 goto doinit
 Comparing "16.9144868" and "-15".
 IF test evaluated as true.  Performing command
 Comparing "16.9144868" and "15".
 IF test evaluated as false.  Skipping command
  
 CHARMM>     
  
 CHARMM>            ! move target to selected position
  
 CHARMM>            coor stat select target end
 SELRPN>      1 atoms have been selected out of  24952
 STATISTICS FOR         1 SELECTED ATOMS:
    XMIN =    0.000000 XMAX =    0.000000 XAVE =    0.000000
    YMIN =    0.000000 YMAX =    0.000000 YAVE =    0.000000
    ZMIN =    0.000000 ZMAX =    0.000000 ZAVE =    0.000000
    WMIN =   -1.000000 WMAX =   -1.000000 WAVE =   -1.000000
  
 CHARMM>            calc xtran = @xpos - ?xave
 Parameter: XPOS -> "10.7996612"
 RDCMND substituted energy or value "?XAVE" to "0"
Evaluating: 10.7996612-0
 Parameter: XTRAN <- "10.7996612"
  
 CHARMM>            calc ytran = @ypos - ?yave
 Parameter: YPOS -> "6.89198646"
 RDCMND substituted energy or value "?YAVE" to "0"
Evaluating: 6.89198646-0
 Parameter: YTRAN <- "6.89198646"
  
 CHARMM>            calc ztran = @zpos - ?zave
 Parameter: ZPOS -> "16.9144868"
 RDCMND substituted energy or value "?ZAVE" to "0"
Evaluating: 16.9144868-0
 Parameter: ZTRAN <- "16.9144868"
  
 CHARMM>            coor trans xdir @xtran ydir @ytran zdir @ztran select target end
 Parameter: XTRAN -> "10.7996612"
 Parameter: YTRAN -> "6.89198646"
 Parameter: ZTRAN -> "16.9144868"
 SELRPN>      1 atoms have been selected out of  24952
 TRANSLATION VECTOR    10.799661    6.891986   16.914487
 SELECTED COORDINATES TRANSLATED IN THE MAIN SET.

  
 CHARMM>     
  
 CHARMM>            ! apply a random rotation along XYZ
  
 CHARMM>            calc xphi = ?random * 360.0
 RDCMND substituted energy or value "?RANDOM" to "0.87481724"
Evaluating: 0.87481724*360.0
 Parameter: XPHI <- "314.934206"
  
 CHARMM>            calc yphi = ?random * 360.0
 RDCMND substituted energy or value "?RANDOM" to "0.134046203"
Evaluating: 0.134046203*360.0
 Parameter: YPHI <- "48.2566331"
  
 CHARMM>            calc zphi = ?random * 360.0
 RDCMND substituted energy or value "?RANDOM" to "0.16477533"
Evaluating: 0.16477533*360.0
 Parameter: ZPHI <- "59.3191188"
  
 CHARMM>            coor rotate xcen @xpos ycen @ypos zcen @zpos xdir 1.0 -
 CHARMM>                phi @xphi select target end
 Parameter: XPOS -> "10.7996612"
 Parameter: YPOS -> "6.89198646"
 Parameter: ZPOS -> "16.9144868"
 Parameter: XPHI -> "314.934206"
 SELRPN>      1 atoms have been selected out of  24952
 ROTATION MATRIX
    1.000000    0.000000    0.000000
    0.000000    0.706294   -0.707918
    0.000000    0.707918    0.706294

 AXIS OF ROTATION IS -1.000000  0.000000  0.000000  ANGLE IS   45.07

 SELECTED COORDINATES ROTATED IN THE MAIN SET.

  
 CHARMM>            coor rotate xcen @xpos ycen @ypos zcen @zpos ydir 1.0 -
 CHARMM>                phi @yphi select target end
 Parameter: XPOS -> "10.7996612"
 Parameter: YPOS -> "6.89198646"
 Parameter: ZPOS -> "16.9144868"
 Parameter: YPHI -> "48.2566331"
 SELRPN>      1 atoms have been selected out of  24952
 ROTATION MATRIX
    0.665795    0.000000   -0.746134
    0.000000    1.000000    0.000000
    0.746134    0.000000    0.665795

 AXIS OF ROTATION IS  0.000000  1.000000  0.000000  ANGLE IS   48.26

 SELECTED COORDINATES ROTATED IN THE MAIN SET.

  
 CHARMM>            coor rotate xcen @xpos ycen @ypos zcen @zpos zdir 1.0 -
 CHARMM>                phi @zphi select target end
 Parameter: XPOS -> "10.7996612"
 Parameter: YPOS -> "6.89198646"
 Parameter: ZPOS -> "16.9144868"
 Parameter: ZPHI -> "59.3191188"
 SELRPN>      1 atoms have been selected out of  24952
 ROTATION MATRIX
    0.510256    0.860023    0.000000
   -0.860023    0.510256    0.000000
    0.000000    0.000000    1.000000

 AXIS OF ROTATION IS  0.000000  0.000000  1.000000  ANGLE IS   59.32

 SELECTED COORDINATES ROTATED IN THE MAIN SET.

  
 CHARMM>     
  
 CHARMM>     
  
 CHARMM>            calc dcut = 3.5
Evaluating: 3.5
 Parameter: DCUT <- "3.5"
  
 CHARMM>     
  
 CHARMM>            coor stat sele target end
 SELRPN>      1 atoms have been selected out of  24952
 STATISTICS FOR         1 SELECTED ATOMS:
    XMIN =   10.799661 XMAX =   10.799661 XAVE =   10.799661
    YMIN =    6.891986 YMAX =    6.891986 YAVE =    6.891986
    ZMIN =   16.914487 ZMAX =   16.914487 ZAVE =   16.914487
    WMIN =   -1.000000 WMAX =   -1.000000 WAVE =   -1.000000
  
 CHARMM>            calc xmax = ?xmax + @dcut
 Parameter: DCUT -> "3.5"
 RDCMND substituted energy or value "?XMAX" to "10.7996612"
Evaluating: 10.7996612+3.5
 Parameter: XMAX <- "14.2996612"
  
 CHARMM>            calc ymax = ?ymax + @dcut
 Parameter: DCUT -> "3.5"
 RDCMND substituted energy or value "?YMAX" to "6.89198646"
Evaluating: 6.89198646+3.5
 Parameter: YMAX <- "10.3919865"
  
 CHARMM>            calc zmax = ?zmax + @dcut
 Parameter: DCUT -> "3.5"
 RDCMND substituted energy or value "?ZMAX" to "16.9144868"
Evaluating: 16.9144868+3.5
 Parameter: ZMAX <- "20.4144868"
  
 CHARMM>            calc xmin = ?xmin - @dcut
 Parameter: DCUT -> "3.5"
 RDCMND substituted energy or value "?XMIN" to "10.7996612"
Evaluating: 10.7996612-3.5
 Parameter: XMIN <- "7.2996612"
  
 CHARMM>            calc ymin = ?ymin - @dcut
 Parameter: DCUT -> "3.5"
 RDCMND substituted energy or value "?YMIN" to "6.89198646"
Evaluating: 6.89198646-3.5
 Parameter: YMIN <- "3.39198646"
  
 CHARMM>            calc zmin = ?zmin - @dcut
 Parameter: DCUT -> "3.5"
 RDCMND substituted energy or value "?ZMIN" to "16.9144868"
Evaluating: 16.9144868-3.5
 Parameter: ZMIN <- "13.4144868"
  
 CHARMM>     
  
 CHARMM>            define JUNK sele .not. target .and. -
 CHARMM>                             prop X .lt. @xmax .and. prop X .gt. @xmin .and. -
 CHARMM>                             prop Y .lt. @ymax .and. prop Y .gt. @ymin .and. -
 CHARMM>                             prop Z .lt. @zmax .and. prop Z .gt. @zmin  end
 Parameter: XMAX -> "14.2996612"
 Parameter: XMIN -> "7.2996612"
 Parameter: YMAX -> "10.3919865"
 Parameter: YMIN -> "3.39198646"
 Parameter: ZMAX -> "20.4144868"
 Parameter: ZMIN -> "13.4144868"
 SELRPN>     23 atoms have been selected out of  24952
  
 CHARMM>     
  
 CHARMM>            ! check if the ions are too close to protein
  
 CHARMM>            define XXX sele PROT end
 SELRPN>      0 atoms have been selected out of  24952
  
 CHARMM>            if ?nsel .gt. 0 then
 RDCMND substituted energy or value "?NSEL" to "0"
 Comparing "0" and "0".
 IF test evaluated as false.  Skip to ELSE or ENDIF
  
 CHARMM>     
  
 CHARMM>            ! check if the ions are too close to solute
  
 CHARMM>            coor dist cut 4.0 sele target end sele JUNK .and. .not. hydrogen end image
 SELRPN>      1 atoms have been selected out of  36561
 SELRPN>     12 atoms have been selected out of  36561

            DISTANCES FOR SELECTED ATOMS
24936 NEG      CLA      10       CLA     - 515 MEMB     DOPE     5        C1            2.9858
24936 NEG      CLA      10       CLA     - 518 MEMB     DOPE     5        C2            3.0821
24936 NEG      CLA      10       CLA     - 520 MEMB     DOPE     5        O21           3.9795
24936 NEG      CLA      10       CLA     - 521 MEMB     DOPE     5        C21           3.8735
24936 NEG      CLA      10       CLA     - 522 MEMB     DOPE     5        O22           3.1472
24936 NEG      CLA      10       CLA     -1326 MEMB     23SM     11       OF            3.9831
24936 NEG      CLA      10       CLA     -2111 MEMB     23SM     17       C5F           3.5866
24936 NEG      CLA      10       CLA     -2114 MEMB     23SM     17       C6F           3.1747
 TOTAL EXCLUSION COUNT =         0
 TOTAL 1-4 EXCLUSIONS  =         0
 TOTAL NON-EXCLUSIONS  =         8
  
 CHARMM>            if ?npair .gt. 0 goto doinit
 RDCMND substituted energy or value "?NPAIR" to "8"
 Comparing "8" and "0".
 IF test evaluated as true.  Performing command
  
 CHARMM>     
  
 CHARMM>            calc cntrand = @cntrand + 1
 Parameter: CNTRAND -> "2"
Evaluating: 2+1
 Parameter: CNTRAND <- "3"
  
 CHARMM>            if cntrand .gt. 100 stop ! ABNORMAL TERMINATION: ion placing may not work.. stop here
 Comparing "3" and "100".
 IF test evaluated as false.  Skipping command
  
 CHARMM>     
  
 CHARMM>            calc j = @i
 Parameter: I -> "36"
Evaluating: 36
 Parameter: J <- "36"
  
 CHARMM>            set ion = POS
 Parameter: ION <- "POS"
  
 CHARMM>     
  
 CHARMM>            if j .gt. @npos then
 Parameter: NPOS -> "26"
 Comparing "36" and "26".
 IF test evaluated as true.  Performing command
  
 CHARMM>               set ion = NEG
 Parameter: ION <- "NEG"
  
 CHARMM>               calc j  = @j - @npos
 Parameter: J -> "36"
 Parameter: NPOS -> "26"
Evaluating: 36-26
 Parameter: J <- "10"
  
 CHARMM>            endif
  
 CHARMM>     
  
 CHARMM>            define target select segid @ion .and. resid @j end
 Parameter: ION -> "NEG"
 Parameter: J -> "10"
 SELRPN>      1 atoms have been selected out of  24952
  
 CHARMM>     
  
 CHARMM>            calc xpos = @A * ( ?random - 0.5 )
 Parameter: A -> "76.8049478"
 RDCMND substituted energy or value "?RANDOM" to "0.272563787"
Evaluating: 76.8049478*(0.272563787-0.5)
 Parameter: XPOS <- "-17.4682265"
  
 CHARMM>            calc ypos = @B * ( ?random - 0.5 )
 Parameter: B -> "76.8049478"
 RDCMND substituted energy or value "?RANDOM" to "0.88131572"
Evaluating: 76.8049478*(0.88131572-0.5)
 Parameter: YPOS <- "29.286934"
  
 CHARMM>            calc zpos = @C * ( ?random - 0.5 ) + @zcen
 Parameter: C -> "100"
 Parameter: ZCEN -> "0"
 RDCMND substituted energy or value "?RANDOM" to "0.491167229"
Evaluating: 100*(0.491167229-0.5)+0
 Parameter: ZPOS <- "-0.8832771"
  
 CHARMM>     
  
 CHARMM>            if zpos .gt. -15 if zpos .lt. 15 goto doinit
 Comparing "-0.8832771" and "-15".
 IF test evaluated as true.  Performing command
 Comparing "-0.8832771" and "15".
 IF test evaluated as true.  Performing command
  
 CHARMM>     
  
 CHARMM>            calc cntrand = @cntrand + 1
 Parameter: CNTRAND -> "3"
Evaluating: 3+1
 Parameter: CNTRAND <- "4"
  
 CHARMM>            if cntrand .gt. 100 stop ! ABNORMAL TERMINATION: ion placing may not work.. stop here
 Comparing "4" and "100".
 IF test evaluated as false.  Skipping command
  
 CHARMM>     
  
 CHARMM>            calc j = @i
 Parameter: I -> "36"
Evaluating: 36
 Parameter: J <- "36"
  
 CHARMM>            set ion = POS
 Parameter: ION <- "POS"
  
 CHARMM>     
  
 CHARMM>            if j .gt. @npos then
 Parameter: NPOS -> "26"
 Comparing "36" and "26".
 IF test evaluated as true.  Performing command
  
 CHARMM>               set ion = NEG
 Parameter: ION <- "NEG"
  
 CHARMM>               calc j  = @j - @npos
 Parameter: J -> "36"
 Parameter: NPOS -> "26"
Evaluating: 36-26
 Parameter: J <- "10"
  
 CHARMM>            endif
  
 CHARMM>     
  
 CHARMM>            define target select segid @ion .and. resid @j end
 Parameter: ION -> "NEG"
 Parameter: J -> "10"
 SELRPN>      1 atoms have been selected out of  24952
  
 CHARMM>     
  
 CHARMM>            calc xpos = @A * ( ?random - 0.5 )
 Parameter: A -> "76.8049478"
 RDCMND substituted energy or value "?RANDOM" to "0.832910953"
Evaluating: 76.8049478*(0.832910953-0.5)
 Parameter: XPOS <- "25.5692084"
  
 CHARMM>            calc ypos = @B * ( ?random - 0.5 )
 Parameter: B -> "76.8049478"
 RDCMND substituted energy or value "?RANDOM" to "0.348598639"
Evaluating: 76.8049478*(0.348598639-0.5)
 Parameter: YPOS <- "-11.6283736"
  
 CHARMM>            calc zpos = @C * ( ?random - 0.5 ) + @zcen
 Parameter: C -> "100"
 Parameter: ZCEN -> "0"
 RDCMND substituted energy or value "?RANDOM" to "0.472401491"
Evaluating: 100*(0.472401491-0.5)+0
 Parameter: ZPOS <- "-2.7598509"
  
 CHARMM>     
  
 CHARMM>            if zpos .gt. -15 if zpos .lt. 15 goto doinit
 Comparing "-2.7598509" and "-15".
 IF test evaluated as true.  Performing command
 Comparing "-2.7598509" and "15".
 IF test evaluated as true.  Performing command
  
 CHARMM>     
  
 CHARMM>            calc cntrand = @cntrand + 1
 Parameter: CNTRAND -> "4"
Evaluating: 4+1
 Parameter: CNTRAND <- "5"
  
 CHARMM>            if cntrand .gt. 100 stop ! ABNORMAL TERMINATION: ion placing may not work.. stop here
 Comparing "5" and "100".
 IF test evaluated as false.  Skipping command
  
 CHARMM>     
  
 CHARMM>            calc j = @i
 Parameter: I -> "36"
Evaluating: 36
 Parameter: J <- "36"
  
 CHARMM>            set ion = POS
 Parameter: ION <- "POS"
  
 CHARMM>     
  
 CHARMM>            if j .gt. @npos then
 Parameter: NPOS -> "26"
 Comparing "36" and "26".
 IF test evaluated as true.  Performing command
  
 CHARMM>               set ion = NEG
 Parameter: ION <- "NEG"
  
 CHARMM>               calc j  = @j - @npos
 Parameter: J -> "36"
 Parameter: NPOS -> "26"
Evaluating: 36-26
 Parameter: J <- "10"
  
 CHARMM>            endif
  
 CHARMM>     
  
 CHARMM>            define target select segid @ion .and. resid @j end
 Parameter: ION -> "NEG"
 Parameter: J -> "10"
 SELRPN>      1 atoms have been selected out of  24952
  
 CHARMM>     
  
 CHARMM>            calc xpos = @A * ( ?random - 0.5 )
 Parameter: A -> "76.8049478"
 RDCMND substituted energy or value "?RANDOM" to "0.611241543"
Evaluating: 76.8049478*(0.611241543-0.5)
 Parameter: XPOS <- "8.5439009"
  
 CHARMM>            calc ypos = @B * ( ?random - 0.5 )
 Parameter: B -> "76.8049478"
 RDCMND substituted energy or value "?RANDOM" to "0.679635335"
Evaluating: 76.8049478*(0.679635335-0.5)
 Parameter: YPOS <- "13.7968825"
  
 CHARMM>            calc zpos = @C * ( ?random - 0.5 ) + @zcen
 Parameter: C -> "100"
 Parameter: ZCEN -> "0"
 RDCMND substituted energy or value "?RANDOM" to "0.592434127"
Evaluating: 100*(0.592434127-0.5)+0
 Parameter: ZPOS <- "9.2434127"
  
 CHARMM>     
  
 CHARMM>            if zpos .gt. -15 if zpos .lt. 15 goto doinit
 Comparing "9.2434127" and "-15".
 IF test evaluated as true.  Performing command
 Comparing "9.2434127" and "15".
 IF test evaluated as true.  Performing command
  
 CHARMM>     
  
 CHARMM>            calc cntrand = @cntrand + 1
 Parameter: CNTRAND -> "5"
Evaluating: 5+1
 Parameter: CNTRAND <- "6"
  
 CHARMM>            if cntrand .gt. 100 stop ! ABNORMAL TERMINATION: ion placing may not work.. stop here
 Comparing "6" and "100".
 IF test evaluated as false.  Skipping command
  
 CHARMM>     
  
 CHARMM>            calc j = @i
 Parameter: I -> "36"
Evaluating: 36
 Parameter: J <- "36"
  
 CHARMM>            set ion = POS
 Parameter: ION <- "POS"
  
 CHARMM>     
  
 CHARMM>            if j .gt. @npos then
 Parameter: NPOS -> "26"
 Comparing "36" and "26".
 IF test evaluated as true.  Performing command
  
 CHARMM>               set ion = NEG
 Parameter: ION <- "NEG"
  
 CHARMM>               calc j  = @j - @npos
 Parameter: J -> "36"
 Parameter: NPOS -> "26"
Evaluating: 36-26
 Parameter: J <- "10"
  
 CHARMM>            endif
  
 CHARMM>     
  
 CHARMM>            define target select segid @ion .and. resid @j end
 Parameter: ION -> "NEG"
 Parameter: J -> "10"
 SELRPN>      1 atoms have been selected out of  24952
  
 CHARMM>     
  
 CHARMM>            calc xpos = @A * ( ?random - 0.5 )
 Parameter: A -> "76.8049478"
 RDCMND substituted energy or value "?RANDOM" to "0.352979782"
Evaluating: 76.8049478*(0.352979782-0.5)
 Parameter: XPOS <- "-11.2918802"
  
 CHARMM>            calc ypos = @B * ( ?random - 0.5 )
 Parameter: B -> "76.8049478"
 RDCMND substituted energy or value "?RANDOM" to "7.877255245E-02"
Evaluating: 76.8049478*(7.877255245E-02-0.5)
 Parameter: YPOS <- "-32.3523521"
  
 CHARMM>            calc zpos = @C * ( ?random - 0.5 ) + @zcen
 Parameter: C -> "100"
 Parameter: ZCEN -> "0"
 RDCMND substituted energy or value "?RANDOM" to "0.846928668"
Evaluating: 100*(0.846928668-0.5)+0
 Parameter: ZPOS <- "34.6928668"
  
 CHARMM>     
  
 CHARMM>            if zpos .gt. -15 if zpos .lt. 15 goto doinit
 Comparing "34.6928668" and "-15".
 IF test evaluated as true.  Performing command
 Comparing "34.6928668" and "15".
 IF test evaluated as false.  Skipping command
  
 CHARMM>     
  
 CHARMM>            ! move target to selected position
  
 CHARMM>            coor stat select target end
 SELRPN>      1 atoms have been selected out of  24952
 STATISTICS FOR         1 SELECTED ATOMS:
    XMIN =   10.799661 XMAX =   10.799661 XAVE =   10.799661
    YMIN =    6.891986 YMAX =    6.891986 YAVE =    6.891986
    ZMIN =   16.914487 ZMAX =   16.914487 ZAVE =   16.914487
    WMIN =   -1.000000 WMAX =   -1.000000 WAVE =   -1.000000
  
 CHARMM>            calc xtran = @xpos - ?xave
 Parameter: XPOS -> "-11.2918802"
 RDCMND substituted energy or value "?XAVE" to "10.7996612"
Evaluating: -11.2918802-10.7996612
 Parameter: XTRAN <- "-22.0915414"
  
 CHARMM>            calc ytran = @ypos - ?yave
 Parameter: YPOS -> "-32.3523521"
 RDCMND substituted energy or value "?YAVE" to "6.89198646"
Evaluating: -32.3523521-6.89198646
 Parameter: YTRAN <- "-39.2443386"
  
 CHARMM>            calc ztran = @zpos - ?zave
 Parameter: ZPOS -> "34.6928668"
 RDCMND substituted energy or value "?ZAVE" to "16.9144868"
Evaluating: 34.6928668-16.9144868
 Parameter: ZTRAN <- "17.77838"
  
 CHARMM>            coor trans xdir @xtran ydir @ytran zdir @ztran select target end
 Parameter: XTRAN -> "-22.0915414"
 Parameter: YTRAN -> "-39.2443386"
 Parameter: ZTRAN -> "17.77838"
 SELRPN>      1 atoms have been selected out of  24952
 TRANSLATION VECTOR   -22.091541  -39.244339   17.778380
 SELECTED COORDINATES TRANSLATED IN THE MAIN SET.

  
 CHARMM>     
  
 CHARMM>            ! apply a random rotation along XYZ
  
 CHARMM>            calc xphi = ?random * 360.0
 RDCMND substituted energy or value "?RANDOM" to "0.498516026"
Evaluating: 0.498516026*360.0
 Parameter: XPHI <- "179.465769"
  
 CHARMM>            calc yphi = ?random * 360.0
 RDCMND substituted energy or value "?RANDOM" to "0.257226236"
Evaluating: 0.257226236*360.0
 Parameter: YPHI <- "92.601445"
  
 CHARMM>            calc zphi = ?random * 360.0
 RDCMND substituted energy or value "?RANDOM" to "0.862386655"
Evaluating: 0.862386655*360.0
 Parameter: ZPHI <- "310.459196"
  
 CHARMM>            coor rotate xcen @xpos ycen @ypos zcen @zpos xdir 1.0 -
 CHARMM>                phi @xphi select target end
 Parameter: XPOS -> "-11.2918802"
 Parameter: YPOS -> "-32.3523521"
 Parameter: ZPOS -> "34.6928668"
 Parameter: XPHI -> "179.465769"
 SELRPN>      1 atoms have been selected out of  24952
 ROTATION MATRIX
    1.000000    0.000000    0.000000
    0.000000   -0.999957    0.009324
    0.000000   -0.009324   -0.999957

 AXIS OF ROTATION IS  1.000000  0.000000  0.000000  ANGLE IS  179.47

 SELECTED COORDINATES ROTATED IN THE MAIN SET.

  
 CHARMM>            coor rotate xcen @xpos ycen @ypos zcen @zpos ydir 1.0 -
 CHARMM>                phi @yphi select target end
 Parameter: XPOS -> "-11.2918802"
 Parameter: YPOS -> "-32.3523521"
 Parameter: ZPOS -> "34.6928668"
 Parameter: YPHI -> "92.601445"
 SELRPN>      1 atoms have been selected out of  24952
 ROTATION MATRIX
   -0.045388    0.000000   -0.998969
    0.000000    1.000000    0.000000
    0.998969    0.000000   -0.045388

 AXIS OF ROTATION IS  0.000000  1.000000  0.000000  ANGLE IS   92.60

 SELECTED COORDINATES ROTATED IN THE MAIN SET.

  
 CHARMM>            coor rotate xcen @xpos ycen @ypos zcen @zpos zdir 1.0 -
 CHARMM>                phi @zphi select target end
 Parameter: XPOS -> "-11.2918802"
 Parameter: YPOS -> "-32.3523521"
 Parameter: ZPOS -> "34.6928668"
 Parameter: ZPHI -> "310.459196"
 SELRPN>      1 atoms have been selected out of  24952
 ROTATION MATRIX
    0.648906   -0.760868    0.000000
    0.760868    0.648906    0.000000
    0.000000    0.000000    1.000000

 AXIS OF ROTATION IS  0.000000  0.000000 -1.000000  ANGLE IS   49.54

 SELECTED COORDINATES ROTATED IN THE MAIN SET.

  
 CHARMM>     
  
 CHARMM>     
  
 CHARMM>            calc dcut = 3.5
Evaluating: 3.5
 Parameter: DCUT <- "3.5"
  
 CHARMM>     
  
 CHARMM>            coor stat sele target end
 SELRPN>      1 atoms have been selected out of  24952
 STATISTICS FOR         1 SELECTED ATOMS:
    XMIN =  -11.291880 XMAX =  -11.291880 XAVE =  -11.291880
    YMIN =  -32.352352 YMAX =  -32.352352 YAVE =  -32.352352
    ZMIN =   34.692867 ZMAX =   34.692867 ZAVE =   34.692867
    WMIN =   -1.000000 WMAX =   -1.000000 WAVE =   -1.000000
  
 CHARMM>            calc xmax = ?xmax + @dcut
 Parameter: DCUT -> "3.5"
 RDCMND substituted energy or value "?XMAX" to "-11.2918802"
Evaluating: -11.2918802+3.5
 Parameter: XMAX <- "-7.7918802"
  
 CHARMM>            calc ymax = ?ymax + @dcut
 Parameter: DCUT -> "3.5"
 RDCMND substituted energy or value "?YMAX" to "-32.3523521"
Evaluating: -32.3523521+3.5
 Parameter: YMAX <- "-28.8523521"
  
 CHARMM>            calc zmax = ?zmax + @dcut
 Parameter: DCUT -> "3.5"
 RDCMND substituted energy or value "?ZMAX" to "34.6928668"
Evaluating: 34.6928668+3.5
 Parameter: ZMAX <- "38.1928668"
  
 CHARMM>            calc xmin = ?xmin - @dcut
 Parameter: DCUT -> "3.5"
 RDCMND substituted energy or value "?XMIN" to "-11.2918802"
Evaluating: -11.2918802-3.5
 Parameter: XMIN <- "-14.7918802"
  
 CHARMM>            calc ymin = ?ymin - @dcut
 Parameter: DCUT -> "3.5"
 RDCMND substituted energy or value "?YMIN" to "-32.3523521"
Evaluating: -32.3523521-3.5
 Parameter: YMIN <- "-35.8523521"
  
 CHARMM>            calc zmin = ?zmin - @dcut
 Parameter: DCUT -> "3.5"
 RDCMND substituted energy or value "?ZMIN" to "34.6928668"
Evaluating: 34.6928668-3.5
 Parameter: ZMIN <- "31.1928668"
  
 CHARMM>     
  
 CHARMM>            define JUNK sele .not. target .and. -
 CHARMM>                             prop X .lt. @xmax .and. prop X .gt. @xmin .and. -
 CHARMM>                             prop Y .lt. @ymax .and. prop Y .gt. @ymin .and. -
 CHARMM>                             prop Z .lt. @zmax .and. prop Z .gt. @zmin  end
 Parameter: XMAX -> "-7.7918802"
 Parameter: XMIN -> "-14.7918802"
 Parameter: YMAX -> "-28.8523521"
 Parameter: YMIN -> "-35.8523521"
 Parameter: ZMAX -> "38.1928668"
 Parameter: ZMIN -> "31.1928668"
 SELRPN>      0 atoms have been selected out of  24952
  
 CHARMM>     
  
 CHARMM>            ! check if the ions are too close to protein
  
 CHARMM>            define XXX sele PROT end
 SELRPN>      0 atoms have been selected out of  24952
  
 CHARMM>            if ?nsel .gt. 0 then
 RDCMND substituted energy or value "?NSEL" to "0"
 Comparing "0" and "0".
 IF test evaluated as false.  Skip to ELSE or ENDIF
  
 CHARMM>     
  
 CHARMM>            ! check if the ions are too close to solute
  
 CHARMM>            coor dist cut 4.0 sele target end sele JUNK .and. .not. hydrogen end image
 SELRPN>      1 atoms have been selected out of  36561
 SELRPN>      0 atoms have been selected out of  36561

            DISTANCES FOR SELECTED ATOMS
            ONLY ONE SELECTION SET SPECIFIED, A COMPARISON WILL BE DONE
 TOTAL EXCLUSION COUNT =         0
 TOTAL 1-4 EXCLUSIONS  =         0
 TOTAL NON-EXCLUSIONS  =         0
  
 CHARMM>            if ?npair .gt. 0 goto doinit
 RDCMND substituted energy or value "?NPAIR" to "0"
 Comparing "0" and "0".
 IF test evaluated as false.  Skipping command
  
 CHARMM>     
  
 CHARMM>            calc cntrand = 0
Evaluating: 0
 Parameter: CNTRAND <- "0"
  
 CHARMM>            increase i by 1
 Parameter: I <- "37"
  
 CHARMM>            if i .le. @nion goto doinit
 Parameter: NION -> "52"
 Comparing "37" and "52".
 IF test evaluated as true.  Performing command
  
 CHARMM>     
  
 CHARMM>            calc cntrand = @cntrand + 1
 Parameter: CNTRAND -> "0"
Evaluating: 0+1
 Parameter: CNTRAND <- "1"
  
 CHARMM>            if cntrand .gt. 100 stop ! ABNORMAL TERMINATION: ion placing may not work.. stop here
 Comparing "1" and "100".
 IF test evaluated as false.  Skipping command
  
 CHARMM>     
  
 CHARMM>            calc j = @i
 Parameter: I -> "37"
Evaluating: 37
 Parameter: J <- "37"
  
 CHARMM>            set ion = POS
 Parameter: ION <- "POS"
  
 CHARMM>     
  
 CHARMM>            if j .gt. @npos then
 Parameter: NPOS -> "26"
 Comparing "37" and "26".
 IF test evaluated as true.  Performing command
  
 CHARMM>               set ion = NEG
 Parameter: ION <- "NEG"
  
 CHARMM>               calc j  = @j - @npos
 Parameter: J -> "37"
 Parameter: NPOS -> "26"
Evaluating: 37-26
 Parameter: J <- "11"
  
 CHARMM>            endif
  
 CHARMM>     
  
 CHARMM>            define target select segid @ion .and. resid @j end
 Parameter: ION -> "NEG"
 Parameter: J -> "11"
 SELRPN>      1 atoms have been selected out of  24952
  
 CHARMM>     
  
 CHARMM>            calc xpos = @A * ( ?random - 0.5 )
 Parameter: A -> "76.8049478"
 RDCMND substituted energy or value "?RANDOM" to "0.319128942"
Evaluating: 76.8049478*(0.319128942-0.5)
 Parameter: XPOS <- "-13.8917922"
  
 CHARMM>            calc ypos = @B * ( ?random - 0.5 )
 Parameter: B -> "76.8049478"
 RDCMND substituted energy or value "?RANDOM" to "0.296013752"
Evaluating: 76.8049478*(0.296013752-0.5)
 Parameter: YPOS <- "-15.6671531"
  
 CHARMM>            calc zpos = @C * ( ?random - 0.5 ) + @zcen
 Parameter: C -> "100"
 Parameter: ZCEN -> "0"
 RDCMND substituted energy or value "?RANDOM" to "0.778483017"
Evaluating: 100*(0.778483017-0.5)+0
 Parameter: ZPOS <- "27.8483017"
  
 CHARMM>     
  
 CHARMM>            if zpos .gt. -15 if zpos .lt. 15 goto doinit
 Comparing "27.8483017" and "-15".
 IF test evaluated as true.  Performing command
 Comparing "27.8483017" and "15".
 IF test evaluated as false.  Skipping command
  
 CHARMM>     
  
 CHARMM>            ! move target to selected position
  
 CHARMM>            coor stat select target end
 SELRPN>      1 atoms have been selected out of  24952
 STATISTICS FOR         1 SELECTED ATOMS:
    XMIN =    0.000000 XMAX =    0.000000 XAVE =    0.000000
    YMIN =    0.000000 YMAX =    0.000000 YAVE =    0.000000
    ZMIN =    0.000000 ZMAX =    0.000000 ZAVE =    0.000000
    WMIN =   -1.000000 WMAX =   -1.000000 WAVE =   -1.000000
  
 CHARMM>            calc xtran = @xpos - ?xave
 Parameter: XPOS -> "-13.8917922"
 RDCMND substituted energy or value "?XAVE" to "0"
Evaluating: -13.8917922-0
 Parameter: XTRAN <- "-13.8917922"
  
 CHARMM>            calc ytran = @ypos - ?yave
 Parameter: YPOS -> "-15.6671531"
 RDCMND substituted energy or value "?YAVE" to "0"
Evaluating: -15.6671531-0
 Parameter: YTRAN <- "-15.6671531"
  
 CHARMM>            calc ztran = @zpos - ?zave
 Parameter: ZPOS -> "27.8483017"
 RDCMND substituted energy or value "?ZAVE" to "0"
Evaluating: 27.8483017-0
 Parameter: ZTRAN <- "27.8483017"
  
 CHARMM>            coor trans xdir @xtran ydir @ytran zdir @ztran select target end
 Parameter: XTRAN -> "-13.8917922"
 Parameter: YTRAN -> "-15.6671531"
 Parameter: ZTRAN -> "27.8483017"
 SELRPN>      1 atoms have been selected out of  24952
 TRANSLATION VECTOR   -13.891792  -15.667153   27.848302
 SELECTED COORDINATES TRANSLATED IN THE MAIN SET.

  
 CHARMM>     
  
 CHARMM>            ! apply a random rotation along XYZ
  
 CHARMM>            calc xphi = ?random * 360.0
 RDCMND substituted energy or value "?RANDOM" to "0.966882236"
Evaluating: 0.966882236*360.0
 Parameter: XPHI <- "348.077605"
  
 CHARMM>            calc yphi = ?random * 360.0
 RDCMND substituted energy or value "?RANDOM" to "0.786183282"
Evaluating: 0.786183282*360.0
 Parameter: YPHI <- "283.025982"
  
 CHARMM>            calc zphi = ?random * 360.0
 RDCMND substituted energy or value "?RANDOM" to "0.795062976"
Evaluating: 0.795062976*360.0
 Parameter: ZPHI <- "286.222671"
  
 CHARMM>            coor rotate xcen @xpos ycen @ypos zcen @zpos xdir 1.0 -
 CHARMM>                phi @xphi select target end
 Parameter: XPOS -> "-13.8917922"
 Parameter: YPOS -> "-15.6671531"
 Parameter: ZPOS -> "27.8483017"
 Parameter: XPHI -> "348.077605"
 SELRPN>      1 atoms have been selected out of  24952
 ROTATION MATRIX
    1.000000    0.000000    0.000000
    0.000000    0.978428   -0.206587
    0.000000    0.206587    0.978428

 AXIS OF ROTATION IS -1.000000  0.000000  0.000000  ANGLE IS   11.92

 SELECTED COORDINATES ROTATED IN THE MAIN SET.

  
 CHARMM>            coor rotate xcen @xpos ycen @ypos zcen @zpos ydir 1.0 -
 CHARMM>                phi @yphi select target end
 Parameter: XPOS -> "-13.8917922"
 Parameter: YPOS -> "-15.6671531"
 Parameter: ZPOS -> "27.8483017"
 Parameter: YPHI -> "283.025982"
 SELRPN>      1 atoms have been selected out of  24952
 ROTATION MATRIX
    0.225393    0.000000    0.974268
    0.000000    1.000000    0.000000
   -0.974268    0.000000    0.225393

 AXIS OF ROTATION IS  0.000000 -1.000000  0.000000  ANGLE IS   76.97

 SELECTED COORDINATES ROTATED IN THE MAIN SET.

  
 CHARMM>            coor rotate xcen @xpos ycen @ypos zcen @zpos zdir 1.0 -
 CHARMM>                phi @zphi select target end
 Parameter: XPOS -> "-13.8917922"
 Parameter: YPOS -> "-15.6671531"
 Parameter: ZPOS -> "27.8483017"
 Parameter: ZPHI -> "286.222671"
 SELRPN>      1 atoms have been selected out of  24952
 ROTATION MATRIX
    0.279371   -0.960183    0.000000
    0.960183    0.279371    0.000000
    0.000000    0.000000    1.000000

 AXIS OF ROTATION IS  0.000000  0.000000 -1.000000  ANGLE IS   73.78

 SELECTED COORDINATES ROTATED IN THE MAIN SET.

  
 CHARMM>     
  
 CHARMM>     
  
 CHARMM>            calc dcut = 3.5
Evaluating: 3.5
 Parameter: DCUT <- "3.5"
  
 CHARMM>     
  
 CHARMM>            coor stat sele target end
 SELRPN>      1 atoms have been selected out of  24952
 STATISTICS FOR         1 SELECTED ATOMS:
    XMIN =  -13.891792 XMAX =  -13.891792 XAVE =  -13.891792
    YMIN =  -15.667153 YMAX =  -15.667153 YAVE =  -15.667153
    ZMIN =   27.848302 ZMAX =   27.848302 ZAVE =   27.848302
    WMIN =   -1.000000 WMAX =   -1.000000 WAVE =   -1.000000
  
 CHARMM>            calc xmax = ?xmax + @dcut
 Parameter: DCUT -> "3.5"
 RDCMND substituted energy or value "?XMAX" to "-13.8917922"
Evaluating: -13.8917922+3.5
 Parameter: XMAX <- "-10.3917922"
  
 CHARMM>            calc ymax = ?ymax + @dcut
 Parameter: DCUT -> "3.5"
 RDCMND substituted energy or value "?YMAX" to "-15.6671531"
Evaluating: -15.6671531+3.5
 Parameter: YMAX <- "-12.1671531"
  
 CHARMM>            calc zmax = ?zmax + @dcut
 Parameter: DCUT -> "3.5"
 RDCMND substituted energy or value "?ZMAX" to "27.8483017"
Evaluating: 27.8483017+3.5
 Parameter: ZMAX <- "31.3483017"
  
 CHARMM>            calc xmin = ?xmin - @dcut
 Parameter: DCUT -> "3.5"
 RDCMND substituted energy or value "?XMIN" to "-13.8917922"
Evaluating: -13.8917922-3.5
 Parameter: XMIN <- "-17.3917922"
  
 CHARMM>            calc ymin = ?ymin - @dcut
 Parameter: DCUT -> "3.5"
 RDCMND substituted energy or value "?YMIN" to "-15.6671531"
Evaluating: -15.6671531-3.5
 Parameter: YMIN <- "-19.1671531"
  
 CHARMM>            calc zmin = ?zmin - @dcut
 Parameter: DCUT -> "3.5"
 RDCMND substituted energy or value "?ZMIN" to "27.8483017"
Evaluating: 27.8483017-3.5
 Parameter: ZMIN <- "24.3483017"
  
 CHARMM>     
  
 CHARMM>            define JUNK sele .not. target .and. -
 CHARMM>                             prop X .lt. @xmax .and. prop X .gt. @xmin .and. -
 CHARMM>                             prop Y .lt. @ymax .and. prop Y .gt. @ymin .and. -
 CHARMM>                             prop Z .lt. @zmax .and. prop Z .gt. @zmin  end
 Parameter: XMAX -> "-10.3917922"
 Parameter: XMIN -> "-17.3917922"
 Parameter: YMAX -> "-12.1671531"
 Parameter: YMIN -> "-19.1671531"
 Parameter: ZMAX -> "31.3483017"
 Parameter: ZMIN -> "24.3483017"
 SELRPN>      0 atoms have been selected out of  24952
  
 CHARMM>     
  
 CHARMM>            ! check if the ions are too close to protein
  
 CHARMM>            define XXX sele PROT end
 SELRPN>      0 atoms have been selected out of  24952
  
 CHARMM>            if ?nsel .gt. 0 then
 RDCMND substituted energy or value "?NSEL" to "0"
 Comparing "0" and "0".
 IF test evaluated as false.  Skip to ELSE or ENDIF
  
 CHARMM>     
  
 CHARMM>            ! check if the ions are too close to solute
  
 CHARMM>            coor dist cut 4.0 sele target end sele JUNK .and. .not. hydrogen end image
 SELRPN>      1 atoms have been selected out of  36561
 SELRPN>      0 atoms have been selected out of  36561

            DISTANCES FOR SELECTED ATOMS
            ONLY ONE SELECTION SET SPECIFIED, A COMPARISON WILL BE DONE
 TOTAL EXCLUSION COUNT =         0
 TOTAL 1-4 EXCLUSIONS  =         0
 TOTAL NON-EXCLUSIONS  =         0
  
 CHARMM>            if ?npair .gt. 0 goto doinit
 RDCMND substituted energy or value "?NPAIR" to "0"
 Comparing "0" and "0".
 IF test evaluated as false.  Skipping command
  
 CHARMM>     
  
 CHARMM>            calc cntrand = 0
Evaluating: 0
 Parameter: CNTRAND <- "0"
  
 CHARMM>            increase i by 1
 Parameter: I <- "38"
  
 CHARMM>            if i .le. @nion goto doinit
 Parameter: NION -> "52"
 Comparing "38" and "52".
 IF test evaluated as true.  Performing command
  
 CHARMM>     
  
 CHARMM>            calc cntrand = @cntrand + 1
 Parameter: CNTRAND -> "0"
Evaluating: 0+1
 Parameter: CNTRAND <- "1"
  
 CHARMM>            if cntrand .gt. 100 stop ! ABNORMAL TERMINATION: ion placing may not work.. stop here
 Comparing "1" and "100".
 IF test evaluated as false.  Skipping command
  
 CHARMM>     
  
 CHARMM>            calc j = @i
 Parameter: I -> "38"
Evaluating: 38
 Parameter: J <- "38"
  
 CHARMM>            set ion = POS
 Parameter: ION <- "POS"
  
 CHARMM>     
  
 CHARMM>            if j .gt. @npos then
 Parameter: NPOS -> "26"
 Comparing "38" and "26".
 IF test evaluated as true.  Performing command
  
 CHARMM>               set ion = NEG
 Parameter: ION <- "NEG"
  
 CHARMM>               calc j  = @j - @npos
 Parameter: J -> "38"
 Parameter: NPOS -> "26"
Evaluating: 38-26
 Parameter: J <- "12"
  
 CHARMM>            endif
  
 CHARMM>     
  
 CHARMM>            define target select segid @ion .and. resid @j end
 Parameter: ION -> "NEG"
 Parameter: J -> "12"
 SELRPN>      1 atoms have been selected out of  24952
  
 CHARMM>     
  
 CHARMM>            calc xpos = @A * ( ?random - 0.5 )
 Parameter: A -> "76.8049478"
 RDCMND substituted energy or value "?RANDOM" to "0.452927192"
Evaluating: 76.8049478*(0.452927192-0.5)
 Parameter: XPOS <- "-3.61542456"
  
 CHARMM>            calc ypos = @B * ( ?random - 0.5 )
 Parameter: B -> "76.8049478"
 RDCMND substituted energy or value "?RANDOM" to "0.713991949"
Evaluating: 76.8049478*(0.713991949-0.5)
 Parameter: YPOS <- "16.4356405"
  
 CHARMM>            calc zpos = @C * ( ?random - 0.5 ) + @zcen
 Parameter: C -> "100"
 Parameter: ZCEN -> "0"
 RDCMND substituted energy or value "?RANDOM" to "0.67207401"
Evaluating: 100*(0.67207401-0.5)+0
 Parameter: ZPOS <- "17.207401"
  
 CHARMM>     
  
 CHARMM>            if zpos .gt. -15 if zpos .lt. 15 goto doinit
 Comparing "17.207401" and "-15".
 IF test evaluated as true.  Performing command
 Comparing "17.207401" and "15".
 IF test evaluated as false.  Skipping command
  
 CHARMM>     
  
 CHARMM>            ! move target to selected position
  
 CHARMM>            coor stat select target end
 SELRPN>      1 atoms have been selected out of  24952
 STATISTICS FOR         1 SELECTED ATOMS:
    XMIN =    0.000000 XMAX =    0.000000 XAVE =    0.000000
    YMIN =    0.000000 YMAX =    0.000000 YAVE =    0.000000
    ZMIN =    0.000000 ZMAX =    0.000000 ZAVE =    0.000000
    WMIN =   -1.000000 WMAX =   -1.000000 WAVE =   -1.000000
  
 CHARMM>            calc xtran = @xpos - ?xave
 Parameter: XPOS -> "-3.61542456"
 RDCMND substituted energy or value "?XAVE" to "0"
Evaluating: -3.61542456-0
 Parameter: XTRAN <- "-3.61542456"
  
 CHARMM>            calc ytran = @ypos - ?yave
 Parameter: YPOS -> "16.4356405"
 RDCMND substituted energy or value "?YAVE" to "0"
Evaluating: 16.4356405-0
 Parameter: YTRAN <- "16.4356405"
  
 CHARMM>            calc ztran = @zpos - ?zave
 Parameter: ZPOS -> "17.207401"
 RDCMND substituted energy or value "?ZAVE" to "0"
Evaluating: 17.207401-0
 Parameter: ZTRAN <- "17.207401"
  
 CHARMM>            coor trans xdir @xtran ydir @ytran zdir @ztran select target end
 Parameter: XTRAN -> "-3.61542456"
 Parameter: YTRAN -> "16.4356405"
 Parameter: ZTRAN -> "17.207401"
 SELRPN>      1 atoms have been selected out of  24952
 TRANSLATION VECTOR    -3.615425   16.435641   17.207401
 SELECTED COORDINATES TRANSLATED IN THE MAIN SET.

  
 CHARMM>     
  
 CHARMM>            ! apply a random rotation along XYZ
  
 CHARMM>            calc xphi = ?random * 360.0
 RDCMND substituted energy or value "?RANDOM" to "0.976380908"
Evaluating: 0.976380908*360.0
 Parameter: XPHI <- "351.497127"
  
 CHARMM>            calc yphi = ?random * 360.0
 RDCMND substituted energy or value "?RANDOM" to "0.863682998"
Evaluating: 0.863682998*360.0
 Parameter: YPHI <- "310.925879"
  
 CHARMM>            calc zphi = ?random * 360.0
 RDCMND substituted energy or value "?RANDOM" to "0.200814362"
Evaluating: 0.200814362*360.0
 Parameter: ZPHI <- "72.2931703"
  
 CHARMM>            coor rotate xcen @xpos ycen @ypos zcen @zpos xdir 1.0 -
 CHARMM>                phi @xphi select target end
 Parameter: XPOS -> "-3.61542456"
 Parameter: YPOS -> "16.4356405"
 Parameter: ZPOS -> "17.207401"
 Parameter: XPHI -> "351.497127"
 SELRPN>      1 atoms have been selected out of  24952
 ROTATION MATRIX
    1.000000    0.000000    0.000000
    0.000000    0.989008   -0.147859
    0.000000    0.147859    0.989008

 AXIS OF ROTATION IS -1.000000  0.000000  0.000000  ANGLE IS    8.50

 SELECTED COORDINATES ROTATED IN THE MAIN SET.

  
 CHARMM>            coor rotate xcen @xpos ycen @ypos zcen @zpos ydir 1.0 -
 CHARMM>                phi @yphi select target end
 Parameter: XPOS -> "-3.61542456"
 Parameter: YPOS -> "16.4356405"
 Parameter: ZPOS -> "17.207401"
 Parameter: YPHI -> "310.925879"
 SELRPN>      1 atoms have been selected out of  24952
 ROTATION MATRIX
    0.655082    0.000000    0.755558
    0.000000    1.000000    0.000000
   -0.755558    0.000000    0.655082

 AXIS OF ROTATION IS  0.000000 -1.000000  0.000000  ANGLE IS   49.07

 SELECTED COORDINATES ROTATED IN THE MAIN SET.

  
 CHARMM>            coor rotate xcen @xpos ycen @ypos zcen @zpos zdir 1.0 -
 CHARMM>                phi @zphi select target end
 Parameter: XPOS -> "-3.61542456"
 Parameter: YPOS -> "16.4356405"
 Parameter: ZPOS -> "17.207401"
 Parameter: ZPHI -> "72.2931703"
 SELRPN>      1 atoms have been selected out of  24952
 ROTATION MATRIX
    0.304147    0.952625    0.000000
   -0.952625    0.304147    0.000000
    0.000000    0.000000    1.000000

 AXIS OF ROTATION IS  0.000000  0.000000  1.000000  ANGLE IS   72.29

 SELECTED COORDINATES ROTATED IN THE MAIN SET.

  
 CHARMM>     
  
 CHARMM>     
  
 CHARMM>            calc dcut = 3.5
Evaluating: 3.5
 Parameter: DCUT <- "3.5"
  
 CHARMM>     
  
 CHARMM>            coor stat sele target end
 SELRPN>      1 atoms have been selected out of  24952
 STATISTICS FOR         1 SELECTED ATOMS:
    XMIN =   -3.615425 XMAX =   -3.615425 XAVE =   -3.615425
    YMIN =   16.435641 YMAX =   16.435641 YAVE =   16.435641
    ZMIN =   17.207401 ZMAX =   17.207401 ZAVE =   17.207401
    WMIN =   -1.000000 WMAX =   -1.000000 WAVE =   -1.000000
  
 CHARMM>            calc xmax = ?xmax + @dcut
 Parameter: DCUT -> "3.5"
 RDCMND substituted energy or value "?XMAX" to "-3.61542456"
Evaluating: -3.61542456+3.5
 Parameter: XMAX <- "-0.11542456"
  
 CHARMM>            calc ymax = ?ymax + @dcut
 Parameter: DCUT -> "3.5"
 RDCMND substituted energy or value "?YMAX" to "16.4356405"
Evaluating: 16.4356405+3.5
 Parameter: YMAX <- "19.9356405"
  
 CHARMM>            calc zmax = ?zmax + @dcut
 Parameter: DCUT -> "3.5"
 RDCMND substituted energy or value "?ZMAX" to "17.207401"
Evaluating: 17.207401+3.5
 Parameter: ZMAX <- "20.707401"
  
 CHARMM>            calc xmin = ?xmin - @dcut
 Parameter: DCUT -> "3.5"
 RDCMND substituted energy or value "?XMIN" to "-3.61542456"
Evaluating: -3.61542456-3.5
 Parameter: XMIN <- "-7.11542456"
  
 CHARMM>            calc ymin = ?ymin - @dcut
 Parameter: DCUT -> "3.5"
 RDCMND substituted energy or value "?YMIN" to "16.4356405"
Evaluating: 16.4356405-3.5
 Parameter: YMIN <- "12.9356405"
  
 CHARMM>            calc zmin = ?zmin - @dcut
 Parameter: DCUT -> "3.5"
 RDCMND substituted energy or value "?ZMIN" to "17.207401"
Evaluating: 17.207401-3.5
 Parameter: ZMIN <- "13.707401"
  
 CHARMM>     
  
 CHARMM>            define JUNK sele .not. target .and. -
 CHARMM>                             prop X .lt. @xmax .and. prop X .gt. @xmin .and. -
 CHARMM>                             prop Y .lt. @ymax .and. prop Y .gt. @ymin .and. -
 CHARMM>                             prop Z .lt. @zmax .and. prop Z .gt. @zmin  end
 Parameter: XMAX -> "-0.11542456"
 Parameter: XMIN -> "-7.11542456"
 Parameter: YMAX -> "19.9356405"
 Parameter: YMIN -> "12.9356405"
 Parameter: ZMAX -> "20.707401"
 Parameter: ZMIN -> "13.707401"
 SELRPN>     11 atoms have been selected out of  24952
  
 CHARMM>     
  
 CHARMM>            ! check if the ions are too close to protein
  
 CHARMM>            define XXX sele PROT end
 SELRPN>      0 atoms have been selected out of  24952
  
 CHARMM>            if ?nsel .gt. 0 then
 RDCMND substituted energy or value "?NSEL" to "0"
 Comparing "0" and "0".
 IF test evaluated as false.  Skip to ELSE or ENDIF
  
 CHARMM>     
  
 CHARMM>            ! check if the ions are too close to solute
  
 CHARMM>            coor dist cut 4.0 sele target end sele JUNK .and. .not. hydrogen end image
 SELRPN>      1 atoms have been selected out of  36561
 SELRPN>      3 atoms have been selected out of  36561

            DISTANCES FOR SELECTED ATOMS
24938 NEG      CLA      12       CLA     -1047 MEMB     DOPE     9        C12           3.5150
 TOTAL EXCLUSION COUNT =         0
 TOTAL 1-4 EXCLUSIONS  =         0
 TOTAL NON-EXCLUSIONS  =         1
  
 CHARMM>            if ?npair .gt. 0 goto doinit
 RDCMND substituted energy or value "?NPAIR" to "1"
 Comparing "1" and "0".
 IF test evaluated as true.  Performing command
  
 CHARMM>     
  
 CHARMM>            calc cntrand = @cntrand + 1
 Parameter: CNTRAND -> "1"
Evaluating: 1+1
 Parameter: CNTRAND <- "2"
  
 CHARMM>            if cntrand .gt. 100 stop ! ABNORMAL TERMINATION: ion placing may not work.. stop here
 Comparing "2" and "100".
 IF test evaluated as false.  Skipping command
  
 CHARMM>     
  
 CHARMM>            calc j = @i
 Parameter: I -> "38"
Evaluating: 38
 Parameter: J <- "38"
  
 CHARMM>            set ion = POS
 Parameter: ION <- "POS"
  
 CHARMM>     
  
 CHARMM>            if j .gt. @npos then
 Parameter: NPOS -> "26"
 Comparing "38" and "26".
 IF test evaluated as true.  Performing command
  
 CHARMM>               set ion = NEG
 Parameter: ION <- "NEG"
  
 CHARMM>               calc j  = @j - @npos
 Parameter: J -> "38"
 Parameter: NPOS -> "26"
Evaluating: 38-26
 Parameter: J <- "12"
  
 CHARMM>            endif
  
 CHARMM>     
  
 CHARMM>            define target select segid @ion .and. resid @j end
 Parameter: ION -> "NEG"
 Parameter: J -> "12"
 SELRPN>      1 atoms have been selected out of  24952
  
 CHARMM>     
  
 CHARMM>            calc xpos = @A * ( ?random - 0.5 )
 Parameter: A -> "76.8049478"
 RDCMND substituted energy or value "?RANDOM" to "0.68642966"
Evaluating: 76.8049478*(0.68642966-0.5)
 Parameter: XPOS <- "14.3187203"
  
 CHARMM>            calc ypos = @B * ( ?random - 0.5 )
 Parameter: B -> "76.8049478"
 RDCMND substituted energy or value "?RANDOM" to "0.203483002"
Evaluating: 76.8049478*(0.203483002-0.5)
 Parameter: YPOS <- "-22.7739726"
  
 CHARMM>            calc zpos = @C * ( ?random - 0.5 ) + @zcen
 Parameter: C -> "100"
 Parameter: ZCEN -> "0"
 RDCMND substituted energy or value "?RANDOM" to "0.186102723"
Evaluating: 100*(0.186102723-0.5)+0
 Parameter: ZPOS <- "-31.3897277"
  
 CHARMM>     
  
 CHARMM>            if zpos .gt. -15 if zpos .lt. 15 goto doinit
 Comparing "-31.3897277" and "-15".
 IF test evaluated as false.  Skipping command
  
 CHARMM>     
  
 CHARMM>            ! move target to selected position
  
 CHARMM>            coor stat select target end
 SELRPN>      1 atoms have been selected out of  24952
 STATISTICS FOR         1 SELECTED ATOMS:
    XMIN =   -3.615425 XMAX =   -3.615425 XAVE =   -3.615425
    YMIN =   16.435641 YMAX =   16.435641 YAVE =   16.435641
    ZMIN =   17.207401 ZMAX =   17.207401 ZAVE =   17.207401
    WMIN =   -1.000000 WMAX =   -1.000000 WAVE =   -1.000000
  
 CHARMM>            calc xtran = @xpos - ?xave
 Parameter: XPOS -> "14.3187203"
 RDCMND substituted energy or value "?XAVE" to "-3.61542456"
Evaluating: 14.3187203--3.61542456
 Parameter: XTRAN <- "17.9341449"
  
 CHARMM>            calc ytran = @ypos - ?yave
 Parameter: YPOS -> "-22.7739726"
 RDCMND substituted energy or value "?YAVE" to "16.4356405"
Evaluating: -22.7739726-16.4356405
 Parameter: YTRAN <- "-39.2096131"
  
 CHARMM>            calc ztran = @zpos - ?zave
 Parameter: ZPOS -> "-31.3897277"
 RDCMND substituted energy or value "?ZAVE" to "17.207401"
Evaluating: -31.3897277-17.207401
 Parameter: ZTRAN <- "-48.5971287"
  
 CHARMM>            coor trans xdir @xtran ydir @ytran zdir @ztran select target end
 Parameter: XTRAN -> "17.9341449"
 Parameter: YTRAN -> "-39.2096131"
 Parameter: ZTRAN -> "-48.5971287"
 SELRPN>      1 atoms have been selected out of  24952
 TRANSLATION VECTOR    17.934145  -39.209613  -48.597129
 SELECTED COORDINATES TRANSLATED IN THE MAIN SET.

  
 CHARMM>     
  
 CHARMM>            ! apply a random rotation along XYZ
  
 CHARMM>            calc xphi = ?random * 360.0
 RDCMND substituted energy or value "?RANDOM" to "0.186422976"
Evaluating: 0.186422976*360.0
 Parameter: XPHI <- "67.1122714"
  
 CHARMM>            calc yphi = ?random * 360.0
 RDCMND substituted energy or value "?RANDOM" to "0.276811244"
Evaluating: 0.276811244*360.0
 Parameter: YPHI <- "99.6520478"
  
 CHARMM>            calc zphi = ?random * 360.0
 RDCMND substituted energy or value "?RANDOM" to "0.294234363"
Evaluating: 0.294234363*360.0
 Parameter: ZPHI <- "105.924371"
  
 CHARMM>            coor rotate xcen @xpos ycen @ypos zcen @zpos xdir 1.0 -
 CHARMM>                phi @xphi select target end
 Parameter: XPOS -> "14.3187203"
 Parameter: YPOS -> "-22.7739726"
 Parameter: ZPOS -> "-31.3897277"
 Parameter: XPHI -> "67.1122714"
 SELRPN>      1 atoms have been selected out of  24952
 ROTATION MATRIX
    1.000000    0.000000    0.000000
    0.000000    0.388927    0.921269
    0.000000   -0.921269    0.388927

 AXIS OF ROTATION IS  1.000000  0.000000  0.000000  ANGLE IS   67.11

 SELECTED COORDINATES ROTATED IN THE MAIN SET.

  
 CHARMM>            coor rotate xcen @xpos ycen @ypos zcen @zpos ydir 1.0 -
 CHARMM>                phi @yphi select target end
 Parameter: XPOS -> "14.3187203"
 Parameter: YPOS -> "-22.7739726"
 Parameter: ZPOS -> "-31.3897277"
 Parameter: YPHI -> "99.6520478"
 SELRPN>      1 atoms have been selected out of  24952
 ROTATION MATRIX
   -0.167664    0.000000   -0.985844
    0.000000    1.000000    0.000000
    0.985844    0.000000   -0.167664

 AXIS OF ROTATION IS  0.000000  1.000000  0.000000  ANGLE IS   99.65

 SELECTED COORDINATES ROTATED IN THE MAIN SET.

  
 CHARMM>            coor rotate xcen @xpos ycen @ypos zcen @zpos zdir 1.0 -
 CHARMM>                phi @zphi select target end
 Parameter: XPOS -> "14.3187203"
 Parameter: YPOS -> "-22.7739726"
 Parameter: ZPOS -> "-31.3897277"
 Parameter: ZPHI -> "105.924371"
 SELRPN>      1 atoms have been selected out of  24952
 ROTATION MATRIX
   -0.274368    0.961625    0.000000
   -0.961625   -0.274368    0.000000
    0.000000    0.000000    1.000000

 AXIS OF ROTATION IS  0.000000  0.000000  1.000000  ANGLE IS  105.92

 SELECTED COORDINATES ROTATED IN THE MAIN SET.

  
 CHARMM>     
  
 CHARMM>     
  
 CHARMM>            calc dcut = 3.5
Evaluating: 3.5
 Parameter: DCUT <- "3.5"
  
 CHARMM>     
  
 CHARMM>            coor stat sele target end
 SELRPN>      1 atoms have been selected out of  24952
 STATISTICS FOR         1 SELECTED ATOMS:
    XMIN =   14.318720 XMAX =   14.318720 XAVE =   14.318720
    YMIN =  -22.773973 YMAX =  -22.773973 YAVE =  -22.773973
    ZMIN =  -31.389728 ZMAX =  -31.389728 ZAVE =  -31.389728
    WMIN =   -1.000000 WMAX =   -1.000000 WAVE =   -1.000000
  
 CHARMM>            calc xmax = ?xmax + @dcut
 Parameter: DCUT -> "3.5"
 RDCMND substituted energy or value "?XMAX" to "14.3187203"
Evaluating: 14.3187203+3.5
 Parameter: XMAX <- "17.8187203"
  
 CHARMM>            calc ymax = ?ymax + @dcut
 Parameter: DCUT -> "3.5"
 RDCMND substituted energy or value "?YMAX" to "-22.7739726"
Evaluating: -22.7739726+3.5
 Parameter: YMAX <- "-19.2739726"
  
 CHARMM>            calc zmax = ?zmax + @dcut
 Parameter: DCUT -> "3.5"
 RDCMND substituted energy or value "?ZMAX" to "-31.3897277"
Evaluating: -31.3897277+3.5
 Parameter: ZMAX <- "-27.8897277"
  
 CHARMM>            calc xmin = ?xmin - @dcut
 Parameter: DCUT -> "3.5"
 RDCMND substituted energy or value "?XMIN" to "14.3187203"
Evaluating: 14.3187203-3.5
 Parameter: XMIN <- "10.8187203"
  
 CHARMM>            calc ymin = ?ymin - @dcut
 Parameter: DCUT -> "3.5"
 RDCMND substituted energy or value "?YMIN" to "-22.7739726"
Evaluating: -22.7739726-3.5
 Parameter: YMIN <- "-26.2739726"
  
 CHARMM>            calc zmin = ?zmin - @dcut
 Parameter: DCUT -> "3.5"
 RDCMND substituted energy or value "?ZMIN" to "-31.3897277"
Evaluating: -31.3897277-3.5
 Parameter: ZMIN <- "-34.8897277"
  
 CHARMM>     
  
 CHARMM>            define JUNK sele .not. target .and. -
 CHARMM>                             prop X .lt. @xmax .and. prop X .gt. @xmin .and. -
 CHARMM>                             prop Y .lt. @ymax .and. prop Y .gt. @ymin .and. -
 CHARMM>                             prop Z .lt. @zmax .and. prop Z .gt. @zmin  end
 Parameter: XMAX -> "17.8187203"
 Parameter: XMIN -> "10.8187203"
 Parameter: YMAX -> "-19.2739726"
 Parameter: YMIN -> "-26.2739726"
 Parameter: ZMAX -> "-27.8897277"
 Parameter: ZMIN -> "-34.8897277"
 SELRPN>      3 atoms have been selected out of  24952
  
 CHARMM>     
  
 CHARMM>            ! check if the ions are too close to protein
  
 CHARMM>            define XXX sele PROT end
 SELRPN>      0 atoms have been selected out of  24952
  
 CHARMM>            if ?nsel .gt. 0 then
 RDCMND substituted energy or value "?NSEL" to "0"
 Comparing "0" and "0".
 IF test evaluated as false.  Skip to ELSE or ENDIF
  
 CHARMM>     
  
 CHARMM>            ! check if the ions are too close to solute
  
 CHARMM>            coor dist cut 4.0 sele target end sele JUNK .and. .not. hydrogen end image
 SELRPN>      1 atoms have been selected out of  36561
 SELRPN>      0 atoms have been selected out of  36561

            DISTANCES FOR SELECTED ATOMS
            ONLY ONE SELECTION SET SPECIFIED, A COMPARISON WILL BE DONE
 TOTAL EXCLUSION COUNT =         0
 TOTAL 1-4 EXCLUSIONS  =         0
 TOTAL NON-EXCLUSIONS  =         0
  
 CHARMM>            if ?npair .gt. 0 goto doinit
 RDCMND substituted energy or value "?NPAIR" to "0"
 Comparing "0" and "0".
 IF test evaluated as false.  Skipping command
  
 CHARMM>     
  
 CHARMM>            calc cntrand = 0
Evaluating: 0
 Parameter: CNTRAND <- "0"
  
 CHARMM>            increase i by 1
 Parameter: I <- "39"
  
 CHARMM>            if i .le. @nion goto doinit
 Parameter: NION -> "52"
 Comparing "39" and "52".
 IF test evaluated as true.  Performing command
  
 CHARMM>     
  
 CHARMM>            calc cntrand = @cntrand + 1
 Parameter: CNTRAND -> "0"
Evaluating: 0+1
 Parameter: CNTRAND <- "1"
  
 CHARMM>            if cntrand .gt. 100 stop ! ABNORMAL TERMINATION: ion placing may not work.. stop here
 Comparing "1" and "100".
 IF test evaluated as false.  Skipping command
  
 CHARMM>     
  
 CHARMM>            calc j = @i
 Parameter: I -> "39"
Evaluating: 39
 Parameter: J <- "39"
  
 CHARMM>            set ion = POS
 Parameter: ION <- "POS"
  
 CHARMM>     
  
 CHARMM>            if j .gt. @npos then
 Parameter: NPOS -> "26"
 Comparing "39" and "26".
 IF test evaluated as true.  Performing command
  
 CHARMM>               set ion = NEG
 Parameter: ION <- "NEG"
  
 CHARMM>               calc j  = @j - @npos
 Parameter: J -> "39"
 Parameter: NPOS -> "26"
Evaluating: 39-26
 Parameter: J <- "13"
  
 CHARMM>            endif
  
 CHARMM>     
  
 CHARMM>            define target select segid @ion .and. resid @j end
 Parameter: ION -> "NEG"
 Parameter: J -> "13"
 SELRPN>      1 atoms have been selected out of  24952
  
 CHARMM>     
  
 CHARMM>            calc xpos = @A * ( ?random - 0.5 )
 Parameter: A -> "76.8049478"
 RDCMND substituted energy or value "?RANDOM" to "0.956490926"
Evaluating: 76.8049478*(0.956490926-0.5)
 Parameter: XPOS <- "35.0607617"
  
 CHARMM>            calc ypos = @B * ( ?random - 0.5 )
 Parameter: B -> "76.8049478"
 RDCMND substituted energy or value "?RANDOM" to "8.199327107E-02"
Evaluating: 76.8049478*(8.199327107E-02-0.5)
 Parameter: YPOS <- "-32.104985"
  
 CHARMM>            calc zpos = @C * ( ?random - 0.5 ) + @zcen
 Parameter: C -> "100"
 Parameter: ZCEN -> "0"
 RDCMND substituted energy or value "?RANDOM" to "0.22323173"
Evaluating: 100*(0.22323173-0.5)+0
 Parameter: ZPOS <- "-27.676827"
  
 CHARMM>     
  
 CHARMM>            if zpos .gt. -15 if zpos .lt. 15 goto doinit
 Comparing "-27.676827" and "-15".
 IF test evaluated as false.  Skipping command
  
 CHARMM>     
  
 CHARMM>            ! move target to selected position
  
 CHARMM>            coor stat select target end
 SELRPN>      1 atoms have been selected out of  24952
 STATISTICS FOR         1 SELECTED ATOMS:
    XMIN =    0.000000 XMAX =    0.000000 XAVE =    0.000000
    YMIN =    0.000000 YMAX =    0.000000 YAVE =    0.000000
    ZMIN =    0.000000 ZMAX =    0.000000 ZAVE =    0.000000
    WMIN =   -1.000000 WMAX =   -1.000000 WAVE =   -1.000000
  
 CHARMM>            calc xtran = @xpos - ?xave
 Parameter: XPOS -> "35.0607617"
 RDCMND substituted energy or value "?XAVE" to "0"
Evaluating: 35.0607617-0
 Parameter: XTRAN <- "35.0607617"
  
 CHARMM>            calc ytran = @ypos - ?yave
 Parameter: YPOS -> "-32.104985"
 RDCMND substituted energy or value "?YAVE" to "0"
Evaluating: -32.104985-0
 Parameter: YTRAN <- "-32.104985"
  
 CHARMM>            calc ztran = @zpos - ?zave
 Parameter: ZPOS -> "-27.676827"
 RDCMND substituted energy or value "?ZAVE" to "0"
Evaluating: -27.676827-0
 Parameter: ZTRAN <- "-27.676827"
  
 CHARMM>            coor trans xdir @xtran ydir @ytran zdir @ztran select target end
 Parameter: XTRAN -> "35.0607617"
 Parameter: YTRAN -> "-32.104985"
 Parameter: ZTRAN -> "-27.676827"
 SELRPN>      1 atoms have been selected out of  24952
 TRANSLATION VECTOR    35.060762  -32.104985  -27.676827
 SELECTED COORDINATES TRANSLATED IN THE MAIN SET.

  
 CHARMM>     
  
 CHARMM>            ! apply a random rotation along XYZ
  
 CHARMM>            calc xphi = ?random * 360.0
 RDCMND substituted energy or value "?RANDOM" to "0.851062512"
Evaluating: 0.851062512*360.0
 Parameter: XPHI <- "306.382504"
  
 CHARMM>            calc yphi = ?random * 360.0
 RDCMND substituted energy or value "?RANDOM" to "0.926673411"
Evaluating: 0.926673411*360.0
 Parameter: YPHI <- "333.602428"
  
 CHARMM>            calc zphi = ?random * 360.0
 RDCMND substituted energy or value "?RANDOM" to "0.323747131"
Evaluating: 0.323747131*360.0
 Parameter: ZPHI <- "116.548967"
  
 CHARMM>            coor rotate xcen @xpos ycen @ypos zcen @zpos xdir 1.0 -
 CHARMM>                phi @xphi select target end
 Parameter: XPOS -> "35.0607617"
 Parameter: YPOS -> "-32.104985"
 Parameter: ZPOS -> "-27.676827"
 Parameter: XPHI -> "306.382504"
 SELRPN>      1 atoms have been selected out of  24952
 ROTATION MATRIX
    1.000000    0.000000    0.000000
    0.000000    0.593173   -0.805075
    0.000000    0.805075    0.593173

 AXIS OF ROTATION IS -1.000000  0.000000  0.000000  ANGLE IS   53.62

 SELECTED COORDINATES ROTATED IN THE MAIN SET.

  
 CHARMM>            coor rotate xcen @xpos ycen @ypos zcen @zpos ydir 1.0 -
 CHARMM>                phi @yphi select target end
 Parameter: XPOS -> "35.0607617"
 Parameter: YPOS -> "-32.104985"
 Parameter: ZPOS -> "-27.676827"
 Parameter: YPHI -> "333.602428"
 SELRPN>      1 atoms have been selected out of  24952
 ROTATION MATRIX
    0.895731    0.000000    0.444597
    0.000000    1.000000    0.000000
   -0.444597    0.000000    0.895731

 AXIS OF ROTATION IS  0.000000 -1.000000  0.000000  ANGLE IS   26.40

 SELECTED COORDINATES ROTATED IN THE MAIN SET.

  
 CHARMM>            coor rotate xcen @xpos ycen @ypos zcen @zpos zdir 1.0 -
 CHARMM>                phi @zphi select target end
 Parameter: XPOS -> "35.0607617"
 Parameter: YPOS -> "-32.104985"
 Parameter: ZPOS -> "-27.676827"
 Parameter: ZPHI -> "116.548967"
 SELRPN>      1 atoms have been selected out of  24952
 ROTATION MATRIX
   -0.446962    0.894553    0.000000
   -0.894553   -0.446962    0.000000
    0.000000    0.000000    1.000000

 AXIS OF ROTATION IS  0.000000  0.000000  1.000000  ANGLE IS  116.55

 SELECTED COORDINATES ROTATED IN THE MAIN SET.

  
 CHARMM>     
  
 CHARMM>     
  
 CHARMM>            calc dcut = 3.5
Evaluating: 3.5
 Parameter: DCUT <- "3.5"
  
 CHARMM>     
  
 CHARMM>            coor stat sele target end
 SELRPN>      1 atoms have been selected out of  24952
 STATISTICS FOR         1 SELECTED ATOMS:
    XMIN =   35.060762 XMAX =   35.060762 XAVE =   35.060762
    YMIN =  -32.104985 YMAX =  -32.104985 YAVE =  -32.104985
    ZMIN =  -27.676827 ZMAX =  -27.676827 ZAVE =  -27.676827
    WMIN =   -1.000000 WMAX =   -1.000000 WAVE =   -1.000000
  
 CHARMM>            calc xmax = ?xmax + @dcut
 Parameter: DCUT -> "3.5"
 RDCMND substituted energy or value "?XMAX" to "35.0607617"
Evaluating: 35.0607617+3.5
 Parameter: XMAX <- "38.5607617"
  
 CHARMM>            calc ymax = ?ymax + @dcut
 Parameter: DCUT -> "3.5"
 RDCMND substituted energy or value "?YMAX" to "-32.104985"
Evaluating: -32.104985+3.5
 Parameter: YMAX <- "-28.604985"
  
 CHARMM>            calc zmax = ?zmax + @dcut
 Parameter: DCUT -> "3.5"
 RDCMND substituted energy or value "?ZMAX" to "-27.676827"
Evaluating: -27.676827+3.5
 Parameter: ZMAX <- "-24.176827"
  
 CHARMM>            calc xmin = ?xmin - @dcut
 Parameter: DCUT -> "3.5"
 RDCMND substituted energy or value "?XMIN" to "35.0607617"
Evaluating: 35.0607617-3.5
 Parameter: XMIN <- "31.5607617"
  
 CHARMM>            calc ymin = ?ymin - @dcut
 Parameter: DCUT -> "3.5"
 RDCMND substituted energy or value "?YMIN" to "-32.104985"
Evaluating: -32.104985-3.5
 Parameter: YMIN <- "-35.604985"
  
 CHARMM>            calc zmin = ?zmin - @dcut
 Parameter: DCUT -> "3.5"
 RDCMND substituted energy or value "?ZMIN" to "-27.676827"
Evaluating: -27.676827-3.5
 Parameter: ZMIN <- "-31.176827"
  
 CHARMM>     
  
 CHARMM>            define JUNK sele .not. target .and. -
 CHARMM>                             prop X .lt. @xmax .and. prop X .gt. @xmin .and. -
 CHARMM>                             prop Y .lt. @ymax .and. prop Y .gt. @ymin .and. -
 CHARMM>                             prop Z .lt. @zmax .and. prop Z .gt. @zmin  end
 Parameter: XMAX -> "38.5607617"
 Parameter: XMIN -> "31.5607617"
 Parameter: YMAX -> "-28.604985"
 Parameter: YMIN -> "-35.604985"
 Parameter: ZMAX -> "-24.176827"
 Parameter: ZMIN -> "-31.176827"
 SELRPN>      0 atoms have been selected out of  24952
  
 CHARMM>     
  
 CHARMM>            ! check if the ions are too close to protein
  
 CHARMM>            define XXX sele PROT end
 SELRPN>      0 atoms have been selected out of  24952
  
 CHARMM>            if ?nsel .gt. 0 then
 RDCMND substituted energy or value "?NSEL" to "0"
 Comparing "0" and "0".
 IF test evaluated as false.  Skip to ELSE or ENDIF
  
 CHARMM>     
  
 CHARMM>            ! check if the ions are too close to solute
  
 CHARMM>            coor dist cut 4.0 sele target end sele JUNK .and. .not. hydrogen end image
 SELRPN>      1 atoms have been selected out of  36561
 SELRPN>      0 atoms have been selected out of  36561

            DISTANCES FOR SELECTED ATOMS
            ONLY ONE SELECTION SET SPECIFIED, A COMPARISON WILL BE DONE
 TOTAL EXCLUSION COUNT =         0
 TOTAL 1-4 EXCLUSIONS  =         0
 TOTAL NON-EXCLUSIONS  =         0
  
 CHARMM>            if ?npair .gt. 0 goto doinit
 RDCMND substituted energy or value "?NPAIR" to "0"
 Comparing "0" and "0".
 IF test evaluated as false.  Skipping command
  
 CHARMM>     
  
 CHARMM>            calc cntrand = 0
Evaluating: 0
 Parameter: CNTRAND <- "0"
  
 CHARMM>            increase i by 1
 Parameter: I <- "40"
  
 CHARMM>            if i .le. @nion goto doinit
 Parameter: NION -> "52"
 Comparing "40" and "52".
 IF test evaluated as true.  Performing command
  
 CHARMM>     
  
 CHARMM>            calc cntrand = @cntrand + 1
 Parameter: CNTRAND -> "0"
Evaluating: 0+1
 Parameter: CNTRAND <- "1"
  
 CHARMM>            if cntrand .gt. 100 stop ! ABNORMAL TERMINATION: ion placing may not work.. stop here
 Comparing "1" and "100".
 IF test evaluated as false.  Skipping command
  
 CHARMM>     
  
 CHARMM>            calc j = @i
 Parameter: I -> "40"
Evaluating: 40
 Parameter: J <- "40"
  
 CHARMM>            set ion = POS
 Parameter: ION <- "POS"
  
 CHARMM>     
  
 CHARMM>            if j .gt. @npos then
 Parameter: NPOS -> "26"
 Comparing "40" and "26".
 IF test evaluated as true.  Performing command
  
 CHARMM>               set ion = NEG
 Parameter: ION <- "NEG"
  
 CHARMM>               calc j  = @j - @npos
 Parameter: J -> "40"
 Parameter: NPOS -> "26"
Evaluating: 40-26
 Parameter: J <- "14"
  
 CHARMM>            endif
  
 CHARMM>     
  
 CHARMM>            define target select segid @ion .and. resid @j end
 Parameter: ION -> "NEG"
 Parameter: J -> "14"
 SELRPN>      1 atoms have been selected out of  24952
  
 CHARMM>     
  
 CHARMM>            calc xpos = @A * ( ?random - 0.5 )
 Parameter: A -> "76.8049478"
 RDCMND substituted energy or value "?RANDOM" to "0.163650364"
Evaluating: 76.8049478*(0.163650364-0.5)
 Parameter: XPOS <- "-25.8333162"
  
 CHARMM>            calc ypos = @B * ( ?random - 0.5 )
 Parameter: B -> "76.8049478"
 RDCMND substituted energy or value "?RANDOM" to "0.327591169"
Evaluating: 76.8049478*(0.327591169-0.5)
 Parameter: YPOS <- "-13.2418513"
  
 CHARMM>            calc zpos = @C * ( ?random - 0.5 ) + @zcen
 Parameter: C -> "100"
 Parameter: ZCEN -> "0"
 RDCMND substituted energy or value "?RANDOM" to "0.167287392"
Evaluating: 100*(0.167287392-0.5)+0
 Parameter: ZPOS <- "-33.2712608"
  
 CHARMM>     
  
 CHARMM>            if zpos .gt. -15 if zpos .lt. 15 goto doinit
 Comparing "-33.2712608" and "-15".
 IF test evaluated as false.  Skipping command
  
 CHARMM>     
  
 CHARMM>            ! move target to selected position
  
 CHARMM>            coor stat select target end
 SELRPN>      1 atoms have been selected out of  24952
 STATISTICS FOR         1 SELECTED ATOMS:
    XMIN =    0.000000 XMAX =    0.000000 XAVE =    0.000000
    YMIN =    0.000000 YMAX =    0.000000 YAVE =    0.000000
    ZMIN =    0.000000 ZMAX =    0.000000 ZAVE =    0.000000
    WMIN =   -1.000000 WMAX =   -1.000000 WAVE =   -1.000000
  
 CHARMM>            calc xtran = @xpos - ?xave
 Parameter: XPOS -> "-25.8333162"
 RDCMND substituted energy or value "?XAVE" to "0"
Evaluating: -25.8333162-0
 Parameter: XTRAN <- "-25.8333162"
  
 CHARMM>            calc ytran = @ypos - ?yave
 Parameter: YPOS -> "-13.2418513"
 RDCMND substituted energy or value "?YAVE" to "0"
Evaluating: -13.2418513-0
 Parameter: YTRAN <- "-13.2418513"
  
 CHARMM>            calc ztran = @zpos - ?zave
 Parameter: ZPOS -> "-33.2712608"
 RDCMND substituted energy or value "?ZAVE" to "0"
Evaluating: -33.2712608-0
 Parameter: ZTRAN <- "-33.2712608"
  
 CHARMM>            coor trans xdir @xtran ydir @ytran zdir @ztran select target end
 Parameter: XTRAN -> "-25.8333162"
 Parameter: YTRAN -> "-13.2418513"
 Parameter: ZTRAN -> "-33.2712608"
 SELRPN>      1 atoms have been selected out of  24952
 TRANSLATION VECTOR   -25.833316  -13.241851  -33.271261
 SELECTED COORDINATES TRANSLATED IN THE MAIN SET.

  
 CHARMM>     
  
 CHARMM>            ! apply a random rotation along XYZ
  
 CHARMM>            calc xphi = ?random * 360.0
 RDCMND substituted energy or value "?RANDOM" to "0.965172438"
Evaluating: 0.965172438*360.0
 Parameter: XPHI <- "347.462078"
  
 CHARMM>            calc yphi = ?random * 360.0
 RDCMND substituted energy or value "?RANDOM" to "1.015612525E-02"
Evaluating: 1.015612525E-02*360.0
 Parameter: YPHI <- "3.65620509"
  
 CHARMM>            calc zphi = ?random * 360.0
 RDCMND substituted energy or value "?RANDOM" to "0.930465739"
Evaluating: 0.930465739*360.0
 Parameter: ZPHI <- "334.967666"
  
 CHARMM>            coor rotate xcen @xpos ycen @ypos zcen @zpos xdir 1.0 -
 CHARMM>                phi @xphi select target end
 Parameter: XPOS -> "-25.8333162"
 Parameter: YPOS -> "-13.2418513"
 Parameter: ZPOS -> "-33.2712608"
 Parameter: XPHI -> "347.462078"
 SELRPN>      1 atoms have been selected out of  24952
 ROTATION MATRIX
    1.000000    0.000000    0.000000
    0.000000    0.976153   -0.217086
    0.000000    0.217086    0.976153

 AXIS OF ROTATION IS -1.000000  0.000000  0.000000  ANGLE IS   12.54

 SELECTED COORDINATES ROTATED IN THE MAIN SET.

  
 CHARMM>            coor rotate xcen @xpos ycen @ypos zcen @zpos ydir 1.0 -
 CHARMM>                phi @yphi select target end
 Parameter: XPOS -> "-25.8333162"
 Parameter: YPOS -> "-13.2418513"
 Parameter: ZPOS -> "-33.2712608"
 Parameter: YPHI -> "3.65620509"
 SELRPN>      1 atoms have been selected out of  24952
 ROTATION MATRIX
    0.997965    0.000000   -0.063770
    0.000000    1.000000    0.000000
    0.063770    0.000000    0.997965

 AXIS OF ROTATION IS  0.000000  1.000000  0.000000  ANGLE IS    3.66

 SELECTED COORDINATES ROTATED IN THE MAIN SET.

  
 CHARMM>            coor rotate xcen @xpos ycen @ypos zcen @zpos zdir 1.0 -
 CHARMM>                phi @zphi select target end
 Parameter: XPOS -> "-25.8333162"
 Parameter: YPOS -> "-13.2418513"
 Parameter: ZPOS -> "-33.2712608"
 Parameter: ZPHI -> "334.967666"
 SELRPN>      1 atoms have been selected out of  24952
 ROTATION MATRIX
    0.906069   -0.423130    0.000000
    0.423130    0.906069    0.000000
    0.000000    0.000000    1.000000

 AXIS OF ROTATION IS  0.000000  0.000000 -1.000000  ANGLE IS   25.03

 SELECTED COORDINATES ROTATED IN THE MAIN SET.

  
 CHARMM>     
  
 CHARMM>     
  
 CHARMM>            calc dcut = 3.5
Evaluating: 3.5
 Parameter: DCUT <- "3.5"
  
 CHARMM>     
  
 CHARMM>            coor stat sele target end
 SELRPN>      1 atoms have been selected out of  24952
 STATISTICS FOR         1 SELECTED ATOMS:
    XMIN =  -25.833316 XMAX =  -25.833316 XAVE =  -25.833316
    YMIN =  -13.241851 YMAX =  -13.241851 YAVE =  -13.241851
    ZMIN =  -33.271261 ZMAX =  -33.271261 ZAVE =  -33.271261
    WMIN =   -1.000000 WMAX =   -1.000000 WAVE =   -1.000000
  
 CHARMM>            calc xmax = ?xmax + @dcut
 Parameter: DCUT -> "3.5"
 RDCMND substituted energy or value "?XMAX" to "-25.8333162"
Evaluating: -25.8333162+3.5
 Parameter: XMAX <- "-22.3333162"
  
 CHARMM>            calc ymax = ?ymax + @dcut
 Parameter: DCUT -> "3.5"
 RDCMND substituted energy or value "?YMAX" to "-13.2418513"
Evaluating: -13.2418513+3.5
 Parameter: YMAX <- "-9.7418513"
  
 CHARMM>            calc zmax = ?zmax + @dcut
 Parameter: DCUT -> "3.5"
 RDCMND substituted energy or value "?ZMAX" to "-33.2712608"
Evaluating: -33.2712608+3.5
 Parameter: ZMAX <- "-29.7712608"
  
 CHARMM>            calc xmin = ?xmin - @dcut
 Parameter: DCUT -> "3.5"
 RDCMND substituted energy or value "?XMIN" to "-25.8333162"
Evaluating: -25.8333162-3.5
 Parameter: XMIN <- "-29.3333162"
  
 CHARMM>            calc ymin = ?ymin - @dcut
 Parameter: DCUT -> "3.5"
 RDCMND substituted energy or value "?YMIN" to "-13.2418513"
Evaluating: -13.2418513-3.5
 Parameter: YMIN <- "-16.7418513"
  
 CHARMM>            calc zmin = ?zmin - @dcut
 Parameter: DCUT -> "3.5"
 RDCMND substituted energy or value "?ZMIN" to "-33.2712608"
Evaluating: -33.2712608-3.5
 Parameter: ZMIN <- "-36.7712608"
  
 CHARMM>     
  
 CHARMM>            define JUNK sele .not. target .and. -
 CHARMM>                             prop X .lt. @xmax .and. prop X .gt. @xmin .and. -
 CHARMM>                             prop Y .lt. @ymax .and. prop Y .gt. @ymin .and. -
 CHARMM>                             prop Z .lt. @zmax .and. prop Z .gt. @zmin  end
 Parameter: XMAX -> "-22.3333162"
 Parameter: XMIN -> "-29.3333162"
 Parameter: YMAX -> "-9.7418513"
 Parameter: YMIN -> "-16.7418513"
 Parameter: ZMAX -> "-29.7712608"
 Parameter: ZMIN -> "-36.7712608"
 SELRPN>      1 atoms have been selected out of  24952
  
 CHARMM>     
  
 CHARMM>            ! check if the ions are too close to protein
  
 CHARMM>            define XXX sele PROT end
 SELRPN>      0 atoms have been selected out of  24952
  
 CHARMM>            if ?nsel .gt. 0 then
 RDCMND substituted energy or value "?NSEL" to "0"
 Comparing "0" and "0".
 IF test evaluated as false.  Skip to ELSE or ENDIF
  
 CHARMM>     
  
 CHARMM>            ! check if the ions are too close to solute
  
 CHARMM>            coor dist cut 4.0 sele target end sele JUNK .and. .not. hydrogen end image
 SELRPN>      1 atoms have been selected out of  36561
 SELRPN>      1 atoms have been selected out of  36561

            DISTANCES FOR SELECTED ATOMS
24940 NEG      CLA      14       CLA     -**** POS      SOD      17       SOD           3.4995
 TOTAL EXCLUSION COUNT =         0
 TOTAL 1-4 EXCLUSIONS  =         0
 TOTAL NON-EXCLUSIONS  =         1
  
 CHARMM>            if ?npair .gt. 0 goto doinit
 RDCMND substituted energy or value "?NPAIR" to "1"
 Comparing "1" and "0".
 IF test evaluated as true.  Performing command
  
 CHARMM>     
  
 CHARMM>            calc cntrand = @cntrand + 1
 Parameter: CNTRAND -> "1"
Evaluating: 1+1
 Parameter: CNTRAND <- "2"
  
 CHARMM>            if cntrand .gt. 100 stop ! ABNORMAL TERMINATION: ion placing may not work.. stop here
 Comparing "2" and "100".
 IF test evaluated as false.  Skipping command
  
 CHARMM>     
  
 CHARMM>            calc j = @i
 Parameter: I -> "40"
Evaluating: 40
 Parameter: J <- "40"
  
 CHARMM>            set ion = POS
 Parameter: ION <- "POS"
  
 CHARMM>     
  
 CHARMM>            if j .gt. @npos then
 Parameter: NPOS -> "26"
 Comparing "40" and "26".
 IF test evaluated as true.  Performing command
  
 CHARMM>               set ion = NEG
 Parameter: ION <- "NEG"
  
 CHARMM>               calc j  = @j - @npos
 Parameter: J -> "40"
 Parameter: NPOS -> "26"
Evaluating: 40-26
 Parameter: J <- "14"
  
 CHARMM>            endif
  
 CHARMM>     
  
 CHARMM>            define target select segid @ion .and. resid @j end
 Parameter: ION -> "NEG"
 Parameter: J -> "14"
 SELRPN>      1 atoms have been selected out of  24952
  
 CHARMM>     
  
 CHARMM>            calc xpos = @A * ( ?random - 0.5 )
 Parameter: A -> "76.8049478"
 RDCMND substituted energy or value "?RANDOM" to "0.223796535"
Evaluating: 76.8049478*(0.223796535-0.5)
 Parameter: XPOS <- "-21.2137927"
  
 CHARMM>            calc ypos = @B * ( ?random - 0.5 )
 Parameter: B -> "76.8049478"
 RDCMND substituted energy or value "?RANDOM" to "0.120272075"
Evaluating: 76.8049478*(0.120272075-0.5)
 Parameter: YPOS <- "-29.1649835"
  
 CHARMM>            calc zpos = @C * ( ?random - 0.5 ) + @zcen
 Parameter: C -> "100"
 Parameter: ZCEN -> "0"
 RDCMND substituted energy or value "?RANDOM" to "0.549799711"
Evaluating: 100*(0.549799711-0.5)+0
 Parameter: ZPOS <- "4.9799711"
  
 CHARMM>     
  
 CHARMM>            if zpos .gt. -15 if zpos .lt. 15 goto doinit
 Comparing "4.9799711" and "-15".
 IF test evaluated as true.  Performing command
 Comparing "4.9799711" and "15".
 IF test evaluated as true.  Performing command
  
 CHARMM>     
  
 CHARMM>            calc cntrand = @cntrand + 1
 Parameter: CNTRAND -> "2"
Evaluating: 2+1
 Parameter: CNTRAND <- "3"
  
 CHARMM>            if cntrand .gt. 100 stop ! ABNORMAL TERMINATION: ion placing may not work.. stop here
 Comparing "3" and "100".
 IF test evaluated as false.  Skipping command
  
 CHARMM>     
  
 CHARMM>            calc j = @i
 Parameter: I -> "40"
Evaluating: 40
 Parameter: J <- "40"
  
 CHARMM>            set ion = POS
 Parameter: ION <- "POS"
  
 CHARMM>     
  
 CHARMM>            if j .gt. @npos then
 Parameter: NPOS -> "26"
 Comparing "40" and "26".
 IF test evaluated as true.  Performing command
  
 CHARMM>               set ion = NEG
 Parameter: ION <- "NEG"
  
 CHARMM>               calc j  = @j - @npos
 Parameter: J -> "40"
 Parameter: NPOS -> "26"
Evaluating: 40-26
 Parameter: J <- "14"
  
 CHARMM>            endif
  
 CHARMM>     
  
 CHARMM>            define target select segid @ion .and. resid @j end
 Parameter: ION -> "NEG"
 Parameter: J -> "14"
 SELRPN>      1 atoms have been selected out of  24952
  
 CHARMM>     
  
 CHARMM>            calc xpos = @A * ( ?random - 0.5 )
 Parameter: A -> "76.8049478"
 RDCMND substituted energy or value "?RANDOM" to "0.562752215"
Evaluating: 76.8049478*(0.562752215-0.5)
 Parameter: XPOS <- "4.8196806"
  
 CHARMM>            calc ypos = @B * ( ?random - 0.5 )
 Parameter: B -> "76.8049478"
 RDCMND substituted energy or value "?RANDOM" to "0.724536325"
Evaluating: 76.8049478*(0.724536325-0.5)
 Parameter: YPOS <- "17.2455007"
  
 CHARMM>            calc zpos = @C * ( ?random - 0.5 ) + @zcen
 Parameter: C -> "100"
 Parameter: ZCEN -> "0"
 RDCMND substituted energy or value "?RANDOM" to "0.634871162"
Evaluating: 100*(0.634871162-0.5)+0
 Parameter: ZPOS <- "13.4871162"
  
 CHARMM>     
  
 CHARMM>            if zpos .gt. -15 if zpos .lt. 15 goto doinit
 Comparing "13.4871162" and "-15".
 IF test evaluated as true.  Performing command
 Comparing "13.4871162" and "15".
 IF test evaluated as true.  Performing command
  
 CHARMM>     
  
 CHARMM>            calc cntrand = @cntrand + 1
 Parameter: CNTRAND -> "3"
Evaluating: 3+1
 Parameter: CNTRAND <- "4"
  
 CHARMM>            if cntrand .gt. 100 stop ! ABNORMAL TERMINATION: ion placing may not work.. stop here
 Comparing "4" and "100".
 IF test evaluated as false.  Skipping command
  
 CHARMM>     
  
 CHARMM>            calc j = @i
 Parameter: I -> "40"
Evaluating: 40
 Parameter: J <- "40"
  
 CHARMM>            set ion = POS
 Parameter: ION <- "POS"
  
 CHARMM>     
  
 CHARMM>            if j .gt. @npos then
 Parameter: NPOS -> "26"
 Comparing "40" and "26".
 IF test evaluated as true.  Performing command
  
 CHARMM>               set ion = NEG
 Parameter: ION <- "NEG"
  
 CHARMM>               calc j  = @j - @npos
 Parameter: J -> "40"
 Parameter: NPOS -> "26"
Evaluating: 40-26
 Parameter: J <- "14"
  
 CHARMM>            endif
  
 CHARMM>     
  
 CHARMM>            define target select segid @ion .and. resid @j end
 Parameter: ION -> "NEG"
 Parameter: J -> "14"
 SELRPN>      1 atoms have been selected out of  24952
  
 CHARMM>     
  
 CHARMM>            calc xpos = @A * ( ?random - 0.5 )
 Parameter: A -> "76.8049478"
 RDCMND substituted energy or value "?RANDOM" to "0.848153988"
Evaluating: 76.8049478*(0.848153988-0.5)
 Parameter: XPOS <- "26.7399489"
  
 CHARMM>            calc ypos = @B * ( ?random - 0.5 )
 Parameter: B -> "76.8049478"
 RDCMND substituted energy or value "?RANDOM" to "0.53033367"
Evaluating: 76.8049478*(0.53033367-0.5)
 Parameter: YPOS <- "2.32977594"
  
 CHARMM>            calc zpos = @C * ( ?random - 0.5 ) + @zcen
 Parameter: C -> "100"
 Parameter: ZCEN -> "0"
 RDCMND substituted energy or value "?RANDOM" to "0.723618263"
Evaluating: 100*(0.723618263-0.5)+0
 Parameter: ZPOS <- "22.3618263"
  
 CHARMM>     
  
 CHARMM>            if zpos .gt. -15 if zpos .lt. 15 goto doinit
 Comparing "22.3618263" and "-15".
 IF test evaluated as true.  Performing command
 Comparing "22.3618263" and "15".
 IF test evaluated as false.  Skipping command
  
 CHARMM>     
  
 CHARMM>            ! move target to selected position
  
 CHARMM>            coor stat select target end
 SELRPN>      1 atoms have been selected out of  24952
 STATISTICS FOR         1 SELECTED ATOMS:
    XMIN =  -25.833316 XMAX =  -25.833316 XAVE =  -25.833316
    YMIN =  -13.241851 YMAX =  -13.241851 YAVE =  -13.241851
    ZMIN =  -33.271261 ZMAX =  -33.271261 ZAVE =  -33.271261
    WMIN =   -1.000000 WMAX =   -1.000000 WAVE =   -1.000000
  
 CHARMM>            calc xtran = @xpos - ?xave
 Parameter: XPOS -> "26.7399489"
 RDCMND substituted energy or value "?XAVE" to "-25.8333162"
Evaluating: 26.7399489--25.8333162
 Parameter: XTRAN <- "52.5732651"
  
 CHARMM>            calc ytran = @ypos - ?yave
 Parameter: YPOS -> "2.32977594"
 RDCMND substituted energy or value "?YAVE" to "-13.2418513"
Evaluating: 2.32977594--13.2418513
 Parameter: YTRAN <- "15.5716272"
  
 CHARMM>            calc ztran = @zpos - ?zave
 Parameter: ZPOS -> "22.3618263"
 RDCMND substituted energy or value "?ZAVE" to "-33.2712608"
Evaluating: 22.3618263--33.2712608
 Parameter: ZTRAN <- "55.6330871"
  
 CHARMM>            coor trans xdir @xtran ydir @ytran zdir @ztran select target end
 Parameter: XTRAN -> "52.5732651"
 Parameter: YTRAN -> "15.5716272"
 Parameter: ZTRAN -> "55.6330871"
 SELRPN>      1 atoms have been selected out of  24952
 TRANSLATION VECTOR    52.573265   15.571627   55.633087
 SELECTED COORDINATES TRANSLATED IN THE MAIN SET.

  
 CHARMM>     
  
 CHARMM>            ! apply a random rotation along XYZ
  
 CHARMM>            calc xphi = ?random * 360.0
 RDCMND substituted energy or value "?RANDOM" to "0.840206041"
Evaluating: 0.840206041*360.0
 Parameter: XPHI <- "302.474175"
  
 CHARMM>            calc yphi = ?random * 360.0
 RDCMND substituted energy or value "?RANDOM" to "6.692809708E-02"
Evaluating: 6.692809708E-02*360.0
 Parameter: YPHI <- "24.0941149"
  
 CHARMM>            calc zphi = ?random * 360.0
 RDCMND substituted energy or value "?RANDOM" to "0.743623746"
Evaluating: 0.743623746*360.0
 Parameter: ZPHI <- "267.704549"
  
 CHARMM>            coor rotate xcen @xpos ycen @ypos zcen @zpos xdir 1.0 -
 CHARMM>                phi @xphi select target end
 Parameter: XPOS -> "26.7399489"
 Parameter: YPOS -> "2.32977594"
 Parameter: ZPOS -> "22.3618263"
 Parameter: XPHI -> "302.474175"
 SELRPN>      1 atoms have been selected out of  24952
 ROTATION MATRIX
    1.000000    0.000000    0.000000
    0.000000    0.536919   -0.843634
    0.000000    0.843634    0.536919

 AXIS OF ROTATION IS -1.000000  0.000000  0.000000  ANGLE IS   57.53

 SELECTED COORDINATES ROTATED IN THE MAIN SET.

  
 CHARMM>            coor rotate xcen @xpos ycen @ypos zcen @zpos ydir 1.0 -
 CHARMM>                phi @yphi select target end
 Parameter: XPOS -> "26.7399489"
 Parameter: YPOS -> "2.32977594"
 Parameter: ZPOS -> "22.3618263"
 Parameter: YPHI -> "24.0941149"
 SELRPN>      1 atoms have been selected out of  24952
 ROTATION MATRIX
    0.912876    0.000000   -0.408237
    0.000000    1.000000    0.000000
    0.408237    0.000000    0.912876

 AXIS OF ROTATION IS  0.000000  1.000000  0.000000  ANGLE IS   24.09

 SELECTED COORDINATES ROTATED IN THE MAIN SET.

  
 CHARMM>            coor rotate xcen @xpos ycen @ypos zcen @zpos zdir 1.0 -
 CHARMM>                phi @zphi select target end
 Parameter: XPOS -> "26.7399489"
 Parameter: YPOS -> "2.32977594"
 Parameter: ZPOS -> "22.3618263"
 Parameter: ZPHI -> "267.704549"
 SELRPN>      1 atoms have been selected out of  24952
 ROTATION MATRIX
   -0.040052   -0.999198    0.000000
    0.999198   -0.040052    0.000000
    0.000000    0.000000    1.000000

 AXIS OF ROTATION IS  0.000000  0.000000 -1.000000  ANGLE IS   92.30

 SELECTED COORDINATES ROTATED IN THE MAIN SET.

  
 CHARMM>     
  
 CHARMM>     
  
 CHARMM>            calc dcut = 3.5
Evaluating: 3.5
 Parameter: DCUT <- "3.5"
  
 CHARMM>     
  
 CHARMM>            coor stat sele target end
 SELRPN>      1 atoms have been selected out of  24952
 STATISTICS FOR         1 SELECTED ATOMS:
    XMIN =   26.739949 XMAX =   26.739949 XAVE =   26.739949
    YMIN =    2.329776 YMAX =    2.329776 YAVE =    2.329776
    ZMIN =   22.361826 ZMAX =   22.361826 ZAVE =   22.361826
    WMIN =   -1.000000 WMAX =   -1.000000 WAVE =   -1.000000
  
 CHARMM>            calc xmax = ?xmax + @dcut
 Parameter: DCUT -> "3.5"
 RDCMND substituted energy or value "?XMAX" to "26.7399489"
Evaluating: 26.7399489+3.5
 Parameter: XMAX <- "30.2399489"
  
 CHARMM>            calc ymax = ?ymax + @dcut
 Parameter: DCUT -> "3.5"
 RDCMND substituted energy or value "?YMAX" to "2.32977595"
Evaluating: 2.32977595+3.5
 Parameter: YMAX <- "5.82977595"
  
 CHARMM>            calc zmax = ?zmax + @dcut
 Parameter: DCUT -> "3.5"
 RDCMND substituted energy or value "?ZMAX" to "22.3618263"
Evaluating: 22.3618263+3.5
 Parameter: ZMAX <- "25.8618263"
  
 CHARMM>            calc xmin = ?xmin - @dcut
 Parameter: DCUT -> "3.5"
 RDCMND substituted energy or value "?XMIN" to "26.7399489"
Evaluating: 26.7399489-3.5
 Parameter: XMIN <- "23.2399489"
  
 CHARMM>            calc ymin = ?ymin - @dcut
 Parameter: DCUT -> "3.5"
 RDCMND substituted energy or value "?YMIN" to "2.32977595"
Evaluating: 2.32977595-3.5
 Parameter: YMIN <- "-1.17022405"
  
 CHARMM>            calc zmin = ?zmin - @dcut
 Parameter: DCUT -> "3.5"
 RDCMND substituted energy or value "?ZMIN" to "22.3618263"
Evaluating: 22.3618263-3.5
 Parameter: ZMIN <- "18.8618263"
  
 CHARMM>     
  
 CHARMM>            define JUNK sele .not. target .and. -
 CHARMM>                             prop X .lt. @xmax .and. prop X .gt. @xmin .and. -
 CHARMM>                             prop Y .lt. @ymax .and. prop Y .gt. @ymin .and. -
 CHARMM>                             prop Z .lt. @zmax .and. prop Z .gt. @zmin  end
 Parameter: XMAX -> "30.2399489"
 Parameter: XMIN -> "23.2399489"
 Parameter: YMAX -> "5.82977595"
 Parameter: YMIN -> "-1.17022405"
 Parameter: ZMAX -> "25.8618263"
 Parameter: ZMIN -> "18.8618263"
 SELRPN>      3 atoms have been selected out of  24952
  
 CHARMM>     
  
 CHARMM>            ! check if the ions are too close to protein
  
 CHARMM>            define XXX sele PROT end
 SELRPN>      0 atoms have been selected out of  24952
  
 CHARMM>            if ?nsel .gt. 0 then
 RDCMND substituted energy or value "?NSEL" to "0"
 Comparing "0" and "0".
 IF test evaluated as false.  Skip to ELSE or ENDIF
  
 CHARMM>     
  
 CHARMM>            ! check if the ions are too close to solute
  
 CHARMM>            coor dist cut 4.0 sele target end sele JUNK .and. .not. hydrogen end image
 SELRPN>      1 atoms have been selected out of  36561
 SELRPN>      1 atoms have been selected out of  36561

            DISTANCES FOR SELECTED ATOMS
 TOTAL EXCLUSION COUNT =         0
 TOTAL 1-4 EXCLUSIONS  =         0
 TOTAL NON-EXCLUSIONS  =         0
  
 CHARMM>            if ?npair .gt. 0 goto doinit
 RDCMND substituted energy or value "?NPAIR" to "0"
 Comparing "0" and "0".
 IF test evaluated as false.  Skipping command
  
 CHARMM>     
  
 CHARMM>            calc cntrand = 0
Evaluating: 0
 Parameter: CNTRAND <- "0"
  
 CHARMM>            increase i by 1
 Parameter: I <- "41"
  
 CHARMM>            if i .le. @nion goto doinit
 Parameter: NION -> "52"
 Comparing "41" and "52".
 IF test evaluated as true.  Performing command
  
 CHARMM>     
  
 CHARMM>            calc cntrand = @cntrand + 1
 Parameter: CNTRAND -> "0"
Evaluating: 0+1
 Parameter: CNTRAND <- "1"
  
 CHARMM>            if cntrand .gt. 100 stop ! ABNORMAL TERMINATION: ion placing may not work.. stop here
 Comparing "1" and "100".
 IF test evaluated as false.  Skipping command
  
 CHARMM>     
  
 CHARMM>            calc j = @i
 Parameter: I -> "41"
Evaluating: 41
 Parameter: J <- "41"
  
 CHARMM>            set ion = POS
 Parameter: ION <- "POS"
  
 CHARMM>     
  
 CHARMM>            if j .gt. @npos then
 Parameter: NPOS -> "26"
 Comparing "41" and "26".
 IF test evaluated as true.  Performing command
  
 CHARMM>               set ion = NEG
 Parameter: ION <- "NEG"
  
 CHARMM>               calc j  = @j - @npos
 Parameter: J -> "41"
 Parameter: NPOS -> "26"
Evaluating: 41-26
 Parameter: J <- "15"
  
 CHARMM>            endif
  
 CHARMM>     
  
 CHARMM>            define target select segid @ion .and. resid @j end
 Parameter: ION -> "NEG"
 Parameter: J -> "15"
 SELRPN>      1 atoms have been selected out of  24952
  
 CHARMM>     
  
 CHARMM>            calc xpos = @A * ( ?random - 0.5 )
 Parameter: A -> "76.8049478"
 RDCMND substituted energy or value "?RANDOM" to "0.643769996"
Evaluating: 76.8049478*(0.643769996-0.5)
 Parameter: XPOS <- "11.042247"
  
 CHARMM>            calc ypos = @B * ( ?random - 0.5 )
 Parameter: B -> "76.8049478"
 RDCMND substituted energy or value "?RANDOM" to "0.955146791"
Evaluating: 76.8049478*(0.955146791-0.5)
 Parameter: YPOS <- "34.9575255"
  
 CHARMM>            calc zpos = @C * ( ?random - 0.5 ) + @zcen
 Parameter: C -> "100"
 Parameter: ZCEN -> "0"
 RDCMND substituted energy or value "?RANDOM" to "0.240927515"
Evaluating: 100*(0.240927515-0.5)+0
 Parameter: ZPOS <- "-25.9072485"
  
 CHARMM>     
  
 CHARMM>            if zpos .gt. -15 if zpos .lt. 15 goto doinit
 Comparing "-25.9072485" and "-15".
 IF test evaluated as false.  Skipping command
  
 CHARMM>     
  
 CHARMM>            ! move target to selected position
  
 CHARMM>            coor stat select target end
 SELRPN>      1 atoms have been selected out of  24952
 STATISTICS FOR         1 SELECTED ATOMS:
    XMIN =    0.000000 XMAX =    0.000000 XAVE =    0.000000
    YMIN =    0.000000 YMAX =    0.000000 YAVE =    0.000000
    ZMIN =    0.000000 ZMAX =    0.000000 ZAVE =    0.000000
    WMIN =   -1.000000 WMAX =   -1.000000 WAVE =   -1.000000
  
 CHARMM>            calc xtran = @xpos - ?xave
 Parameter: XPOS -> "11.042247"
 RDCMND substituted energy or value "?XAVE" to "0"
Evaluating: 11.042247-0
 Parameter: XTRAN <- "11.042247"
  
 CHARMM>            calc ytran = @ypos - ?yave
 Parameter: YPOS -> "34.9575255"
 RDCMND substituted energy or value "?YAVE" to "0"
Evaluating: 34.9575255-0
 Parameter: YTRAN <- "34.9575255"
  
 CHARMM>            calc ztran = @zpos - ?zave
 Parameter: ZPOS -> "-25.9072485"
 RDCMND substituted energy or value "?ZAVE" to "0"
Evaluating: -25.9072485-0
 Parameter: ZTRAN <- "-25.9072485"
  
 CHARMM>            coor trans xdir @xtran ydir @ytran zdir @ztran select target end
 Parameter: XTRAN -> "11.042247"
 Parameter: YTRAN -> "34.9575255"
 Parameter: ZTRAN -> "-25.9072485"
 SELRPN>      1 atoms have been selected out of  24952
 TRANSLATION VECTOR    11.042247   34.957526  -25.907249
 SELECTED COORDINATES TRANSLATED IN THE MAIN SET.

  
 CHARMM>     
  
 CHARMM>            ! apply a random rotation along XYZ
  
 CHARMM>            calc xphi = ?random * 360.0
 RDCMND substituted energy or value "?RANDOM" to "0.672919953"
Evaluating: 0.672919953*360.0
 Parameter: XPHI <- "242.251183"
  
 CHARMM>            calc yphi = ?random * 360.0
 RDCMND substituted energy or value "?RANDOM" to "0.677651324"
Evaluating: 0.677651324*360.0
 Parameter: YPHI <- "243.954477"
  
 CHARMM>            calc zphi = ?random * 360.0
 RDCMND substituted energy or value "?RANDOM" to "0.286206012"
Evaluating: 0.286206012*360.0
 Parameter: ZPHI <- "103.034164"
  
 CHARMM>            coor rotate xcen @xpos ycen @ypos zcen @zpos xdir 1.0 -
 CHARMM>                phi @xphi select target end
 Parameter: XPOS -> "11.042247"
 Parameter: YPOS -> "34.9575255"
 Parameter: ZPOS -> "-25.9072485"
 Parameter: XPHI -> "242.251183"
 SELRPN>      1 atoms have been selected out of  24952
 ROTATION MATRIX
    1.000000    0.000000    0.000000
    0.000000   -0.465596   -0.884997
    0.000000    0.884997   -0.465596

 AXIS OF ROTATION IS -1.000000  0.000000  0.000000  ANGLE IS  117.75

 SELECTED COORDINATES ROTATED IN THE MAIN SET.

  
 CHARMM>            coor rotate xcen @xpos ycen @ypos zcen @zpos ydir 1.0 -
 CHARMM>                phi @yphi select target end
 Parameter: XPOS -> "11.042247"
 Parameter: YPOS -> "34.9575255"
 Parameter: ZPOS -> "-25.9072485"
 Parameter: YPHI -> "243.954477"
 SELRPN>      1 atoms have been selected out of  24952
 ROTATION MATRIX
   -0.439085    0.000000    0.898445
    0.000000    1.000000    0.000000
   -0.898445    0.000000   -0.439085

 AXIS OF ROTATION IS  0.000000 -1.000000  0.000000  ANGLE IS  116.05

 SELECTED COORDINATES ROTATED IN THE MAIN SET.

  
 CHARMM>            coor rotate xcen @xpos ycen @ypos zcen @zpos zdir 1.0 -
 CHARMM>                phi @zphi select target end
 Parameter: XPOS -> "11.042247"
 Parameter: YPOS -> "34.9575255"
 Parameter: ZPOS -> "-25.9072485"
 Parameter: ZPHI -> "103.034164"
 SELRPN>      1 atoms have been selected out of  24952
 ROTATION MATRIX
   -0.225532    0.974236    0.000000
   -0.974236   -0.225532    0.000000
    0.000000    0.000000    1.000000

 AXIS OF ROTATION IS  0.000000  0.000000  1.000000  ANGLE IS  103.03

 SELECTED COORDINATES ROTATED IN THE MAIN SET.

  
 CHARMM>     
  
 CHARMM>     
  
 CHARMM>            calc dcut = 3.5
Evaluating: 3.5
 Parameter: DCUT <- "3.5"
  
 CHARMM>     
  
 CHARMM>            coor stat sele target end
 SELRPN>      1 atoms have been selected out of  24952
 STATISTICS FOR         1 SELECTED ATOMS:
    XMIN =   11.042247 XMAX =   11.042247 XAVE =   11.042247
    YMIN =   34.957526 YMAX =   34.957526 YAVE =   34.957526
    ZMIN =  -25.907249 ZMAX =  -25.907249 ZAVE =  -25.907249
    WMIN =   -1.000000 WMAX =   -1.000000 WAVE =   -1.000000
  
 CHARMM>            calc xmax = ?xmax + @dcut
 Parameter: DCUT -> "3.5"
 RDCMND substituted energy or value "?XMAX" to "11.042247"
Evaluating: 11.042247+3.5
 Parameter: XMAX <- "14.542247"
  
 CHARMM>            calc ymax = ?ymax + @dcut
 Parameter: DCUT -> "3.5"
 RDCMND substituted energy or value "?YMAX" to "34.9575255"
Evaluating: 34.9575255+3.5
 Parameter: YMAX <- "38.4575255"
  
 CHARMM>            calc zmax = ?zmax + @dcut
 Parameter: DCUT -> "3.5"
 RDCMND substituted energy or value "?ZMAX" to "-25.9072485"
Evaluating: -25.9072485+3.5
 Parameter: ZMAX <- "-22.4072485"
  
 CHARMM>            calc xmin = ?xmin - @dcut
 Parameter: DCUT -> "3.5"
 RDCMND substituted energy or value "?XMIN" to "11.042247"
Evaluating: 11.042247-3.5
 Parameter: XMIN <- "7.542247"
  
 CHARMM>            calc ymin = ?ymin - @dcut
 Parameter: DCUT -> "3.5"
 RDCMND substituted energy or value "?YMIN" to "34.9575255"
Evaluating: 34.9575255-3.5
 Parameter: YMIN <- "31.4575255"
  
 CHARMM>            calc zmin = ?zmin - @dcut
 Parameter: DCUT -> "3.5"
 RDCMND substituted energy or value "?ZMIN" to "-25.9072485"
Evaluating: -25.9072485-3.5
 Parameter: ZMIN <- "-29.4072485"
  
 CHARMM>     
  
 CHARMM>            define JUNK sele .not. target .and. -
 CHARMM>                             prop X .lt. @xmax .and. prop X .gt. @xmin .and. -
 CHARMM>                             prop Y .lt. @ymax .and. prop Y .gt. @ymin .and. -
 CHARMM>                             prop Z .lt. @zmax .and. prop Z .gt. @zmin  end
 Parameter: XMAX -> "14.542247"
 Parameter: XMIN -> "7.542247"
 Parameter: YMAX -> "38.4575255"
 Parameter: YMIN -> "31.4575255"
 Parameter: ZMAX -> "-22.4072485"
 Parameter: ZMIN -> "-29.4072485"
 SELRPN>      0 atoms have been selected out of  24952
  
 CHARMM>     
  
 CHARMM>            ! check if the ions are too close to protein
  
 CHARMM>            define XXX sele PROT end
 SELRPN>      0 atoms have been selected out of  24952
  
 CHARMM>            if ?nsel .gt. 0 then
 RDCMND substituted energy or value "?NSEL" to "0"
 Comparing "0" and "0".
 IF test evaluated as false.  Skip to ELSE or ENDIF
  
 CHARMM>     
  
 CHARMM>            ! check if the ions are too close to solute
  
 CHARMM>            coor dist cut 4.0 sele target end sele JUNK .and. .not. hydrogen end image
 SELRPN>      1 atoms have been selected out of  36561
 SELRPN>      0 atoms have been selected out of  36561

            DISTANCES FOR SELECTED ATOMS
            ONLY ONE SELECTION SET SPECIFIED, A COMPARISON WILL BE DONE
 TOTAL EXCLUSION COUNT =         0
 TOTAL 1-4 EXCLUSIONS  =         0
 TOTAL NON-EXCLUSIONS  =         0
  
 CHARMM>            if ?npair .gt. 0 goto doinit
 RDCMND substituted energy or value "?NPAIR" to "0"
 Comparing "0" and "0".
 IF test evaluated as false.  Skipping command
  
 CHARMM>     
  
 CHARMM>            calc cntrand = 0
Evaluating: 0
 Parameter: CNTRAND <- "0"
  
 CHARMM>            increase i by 1
 Parameter: I <- "42"
  
 CHARMM>            if i .le. @nion goto doinit
 Parameter: NION -> "52"
 Comparing "42" and "52".
 IF test evaluated as true.  Performing command
  
 CHARMM>     
  
 CHARMM>            calc cntrand = @cntrand + 1
 Parameter: CNTRAND -> "0"
Evaluating: 0+1
 Parameter: CNTRAND <- "1"
  
 CHARMM>            if cntrand .gt. 100 stop ! ABNORMAL TERMINATION: ion placing may not work.. stop here
 Comparing "1" and "100".
 IF test evaluated as false.  Skipping command
  
 CHARMM>     
  
 CHARMM>            calc j = @i
 Parameter: I -> "42"
Evaluating: 42
 Parameter: J <- "42"
  
 CHARMM>            set ion = POS
 Parameter: ION <- "POS"
  
 CHARMM>     
  
 CHARMM>            if j .gt. @npos then
 Parameter: NPOS -> "26"
 Comparing "42" and "26".
 IF test evaluated as true.  Performing command
  
 CHARMM>               set ion = NEG
 Parameter: ION <- "NEG"
  
 CHARMM>               calc j  = @j - @npos
 Parameter: J -> "42"
 Parameter: NPOS -> "26"
Evaluating: 42-26
 Parameter: J <- "16"
  
 CHARMM>            endif
  
 CHARMM>     
  
 CHARMM>            define target select segid @ion .and. resid @j end
 Parameter: ION -> "NEG"
 Parameter: J -> "16"
 SELRPN>      1 atoms have been selected out of  24952
  
 CHARMM>     
  
 CHARMM>            calc xpos = @A * ( ?random - 0.5 )
 Parameter: A -> "76.8049478"
 RDCMND substituted energy or value "?RANDOM" to "0.675086109"
Evaluating: 76.8049478*(0.675086109-0.5)
 Parameter: XPOS <- "13.4474795"
  
 CHARMM>            calc ypos = @B * ( ?random - 0.5 )
 Parameter: B -> "76.8049478"
 RDCMND substituted energy or value "?RANDOM" to "0.407035966"
Evaluating: 76.8049478*(0.407035966-0.5)
 Parameter: YPOS <- "-7.14009778"
  
 CHARMM>            calc zpos = @C * ( ?random - 0.5 ) + @zcen
 Parameter: C -> "100"
 Parameter: ZCEN -> "0"
 RDCMND substituted energy or value "?RANDOM" to "0.822265249"
Evaluating: 100*(0.822265249-0.5)+0
 Parameter: ZPOS <- "32.2265249"
  
 CHARMM>     
  
 CHARMM>            if zpos .gt. -15 if zpos .lt. 15 goto doinit
 Comparing "32.2265249" and "-15".
 IF test evaluated as true.  Performing command
 Comparing "32.2265249" and "15".
 IF test evaluated as false.  Skipping command
  
 CHARMM>     
  
 CHARMM>            ! move target to selected position
  
 CHARMM>            coor stat select target end
 SELRPN>      1 atoms have been selected out of  24952
 STATISTICS FOR         1 SELECTED ATOMS:
    XMIN =    0.000000 XMAX =    0.000000 XAVE =    0.000000
    YMIN =    0.000000 YMAX =    0.000000 YAVE =    0.000000
    ZMIN =    0.000000 ZMAX =    0.000000 ZAVE =    0.000000
    WMIN =   -1.000000 WMAX =   -1.000000 WAVE =   -1.000000
  
 CHARMM>            calc xtran = @xpos - ?xave
 Parameter: XPOS -> "13.4474795"
 RDCMND substituted energy or value "?XAVE" to "0"
Evaluating: 13.4474795-0
 Parameter: XTRAN <- "13.4474795"
  
 CHARMM>            calc ytran = @ypos - ?yave
 Parameter: YPOS -> "-7.14009778"
 RDCMND substituted energy or value "?YAVE" to "0"
Evaluating: -7.14009778-0
 Parameter: YTRAN <- "-7.14009778"
  
 CHARMM>            calc ztran = @zpos - ?zave
 Parameter: ZPOS -> "32.2265249"
 RDCMND substituted energy or value "?ZAVE" to "0"
Evaluating: 32.2265249-0
 Parameter: ZTRAN <- "32.2265249"
  
 CHARMM>            coor trans xdir @xtran ydir @ytran zdir @ztran select target end
 Parameter: XTRAN -> "13.4474795"
 Parameter: YTRAN -> "-7.14009778"
 Parameter: ZTRAN -> "32.2265249"
 SELRPN>      1 atoms have been selected out of  24952
 TRANSLATION VECTOR    13.447480   -7.140098   32.226525
 SELECTED COORDINATES TRANSLATED IN THE MAIN SET.

  
 CHARMM>     
  
 CHARMM>            ! apply a random rotation along XYZ
  
 CHARMM>            calc xphi = ?random * 360.0
 RDCMND substituted energy or value "?RANDOM" to "0.989246997"
Evaluating: 0.989246997*360.0
 Parameter: XPHI <- "356.128919"
  
 CHARMM>            calc yphi = ?random * 360.0
 RDCMND substituted energy or value "?RANDOM" to "0.978930934"
Evaluating: 0.978930934*360.0
 Parameter: YPHI <- "352.415136"
  
 CHARMM>            calc zphi = ?random * 360.0
 RDCMND substituted energy or value "?RANDOM" to "0.103594556"
Evaluating: 0.103594556*360.0
 Parameter: ZPHI <- "37.2940402"
  
 CHARMM>            coor rotate xcen @xpos ycen @ypos zcen @zpos xdir 1.0 -
 CHARMM>                phi @xphi select target end
 Parameter: XPOS -> "13.4474795"
 Parameter: YPOS -> "-7.14009778"
 Parameter: ZPOS -> "32.2265249"
 Parameter: XPHI -> "356.128919"
 SELRPN>      1 atoms have been selected out of  24952
 ROTATION MATRIX
    1.000000    0.000000    0.000000
    0.000000    0.997718   -0.067512
    0.000000    0.067512    0.997718

 AXIS OF ROTATION IS -1.000000  0.000000  0.000000  ANGLE IS    3.87

 SELECTED COORDINATES ROTATED IN THE MAIN SET.

  
 CHARMM>            coor rotate xcen @xpos ycen @ypos zcen @zpos ydir 1.0 -
 CHARMM>                phi @yphi select target end
 Parameter: XPOS -> "13.4474795"
 Parameter: YPOS -> "-7.14009778"
 Parameter: ZPOS -> "32.2265249"
 Parameter: YPHI -> "352.415136"
 SELRPN>      1 atoms have been selected out of  24952
 ROTATION MATRIX
    0.991250    0.000000    0.131995
    0.000000    1.000000    0.000000
   -0.131995    0.000000    0.991250

 AXIS OF ROTATION IS  0.000000 -1.000000  0.000000  ANGLE IS    7.58

 SELECTED COORDINATES ROTATED IN THE MAIN SET.

  
 CHARMM>            coor rotate xcen @xpos ycen @ypos zcen @zpos zdir 1.0 -
 CHARMM>                phi @zphi select target end
 Parameter: XPOS -> "13.4474795"
 Parameter: YPOS -> "-7.14009778"
 Parameter: ZPOS -> "32.2265249"
 Parameter: ZPHI -> "37.2940402"
 SELRPN>      1 atoms have been selected out of  24952
 ROTATION MATRIX
    0.795537    0.605906    0.000000
   -0.605906    0.795537    0.000000
    0.000000    0.000000    1.000000

 AXIS OF ROTATION IS  0.000000  0.000000  1.000000  ANGLE IS   37.29

 SELECTED COORDINATES ROTATED IN THE MAIN SET.

  
 CHARMM>     
  
 CHARMM>     
  
 CHARMM>            calc dcut = 3.5
Evaluating: 3.5
 Parameter: DCUT <- "3.5"
  
 CHARMM>     
  
 CHARMM>            coor stat sele target end
 SELRPN>      1 atoms have been selected out of  24952
 STATISTICS FOR         1 SELECTED ATOMS:
    XMIN =   13.447480 XMAX =   13.447480 XAVE =   13.447480
    YMIN =   -7.140098 YMAX =   -7.140098 YAVE =   -7.140098
    ZMIN =   32.226525 ZMAX =   32.226525 ZAVE =   32.226525
    WMIN =   -1.000000 WMAX =   -1.000000 WAVE =   -1.000000
  
 CHARMM>            calc xmax = ?xmax + @dcut
 Parameter: DCUT -> "3.5"
 RDCMND substituted energy or value "?XMAX" to "13.4474795"
Evaluating: 13.4474795+3.5
 Parameter: XMAX <- "16.9474795"
  
 CHARMM>            calc ymax = ?ymax + @dcut
 Parameter: DCUT -> "3.5"
 RDCMND substituted energy or value "?YMAX" to "-7.14009778"
Evaluating: -7.14009778+3.5
 Parameter: YMAX <- "-3.64009778"
  
 CHARMM>            calc zmax = ?zmax + @dcut
 Parameter: DCUT -> "3.5"
 RDCMND substituted energy or value "?ZMAX" to "32.2265249"
Evaluating: 32.2265249+3.5
 Parameter: ZMAX <- "35.7265249"
  
 CHARMM>            calc xmin = ?xmin - @dcut
 Parameter: DCUT -> "3.5"
 RDCMND substituted energy or value "?XMIN" to "13.4474795"
Evaluating: 13.4474795-3.5
 Parameter: XMIN <- "9.9474795"
  
 CHARMM>            calc ymin = ?ymin - @dcut
 Parameter: DCUT -> "3.5"
 RDCMND substituted energy or value "?YMIN" to "-7.14009778"
Evaluating: -7.14009778-3.5
 Parameter: YMIN <- "-10.6400978"
  
 CHARMM>            calc zmin = ?zmin - @dcut
 Parameter: DCUT -> "3.5"
 RDCMND substituted energy or value "?ZMIN" to "32.2265249"
Evaluating: 32.2265249-3.5
 Parameter: ZMIN <- "28.7265249"
  
 CHARMM>     
  
 CHARMM>            define JUNK sele .not. target .and. -
 CHARMM>                             prop X .lt. @xmax .and. prop X .gt. @xmin .and. -
 CHARMM>                             prop Y .lt. @ymax .and. prop Y .gt. @ymin .and. -
 CHARMM>                             prop Z .lt. @zmax .and. prop Z .gt. @zmin  end
 Parameter: XMAX -> "16.9474795"
 Parameter: XMIN -> "9.9474795"
 Parameter: YMAX -> "-3.64009778"
 Parameter: YMIN -> "-10.6400978"
 Parameter: ZMAX -> "35.7265249"
 Parameter: ZMIN -> "28.7265249"
 SELRPN>      0 atoms have been selected out of  24952
  
 CHARMM>     
  
 CHARMM>            ! check if the ions are too close to protein
  
 CHARMM>            define XXX sele PROT end
 SELRPN>      0 atoms have been selected out of  24952
  
 CHARMM>            if ?nsel .gt. 0 then
 RDCMND substituted energy or value "?NSEL" to "0"
 Comparing "0" and "0".
 IF test evaluated as false.  Skip to ELSE or ENDIF
  
 CHARMM>     
  
 CHARMM>            ! check if the ions are too close to solute
  
 CHARMM>            coor dist cut 4.0 sele target end sele JUNK .and. .not. hydrogen end image
 SELRPN>      1 atoms have been selected out of  36561
 SELRPN>      0 atoms have been selected out of  36561

            DISTANCES FOR SELECTED ATOMS
            ONLY ONE SELECTION SET SPECIFIED, A COMPARISON WILL BE DONE
 TOTAL EXCLUSION COUNT =         0
 TOTAL 1-4 EXCLUSIONS  =         0
 TOTAL NON-EXCLUSIONS  =         0
  
 CHARMM>            if ?npair .gt. 0 goto doinit
 RDCMND substituted energy or value "?NPAIR" to "0"
 Comparing "0" and "0".
 IF test evaluated as false.  Skipping command
  
 CHARMM>     
  
 CHARMM>            calc cntrand = 0
Evaluating: 0
 Parameter: CNTRAND <- "0"
  
 CHARMM>            increase i by 1
 Parameter: I <- "43"
  
 CHARMM>            if i .le. @nion goto doinit
 Parameter: NION -> "52"
 Comparing "43" and "52".
 IF test evaluated as true.  Performing command
  
 CHARMM>     
  
 CHARMM>            calc cntrand = @cntrand + 1
 Parameter: CNTRAND -> "0"
Evaluating: 0+1
 Parameter: CNTRAND <- "1"
  
 CHARMM>            if cntrand .gt. 100 stop ! ABNORMAL TERMINATION: ion placing may not work.. stop here
 Comparing "1" and "100".
 IF test evaluated as false.  Skipping command
  
 CHARMM>     
  
 CHARMM>            calc j = @i
 Parameter: I -> "43"
Evaluating: 43
 Parameter: J <- "43"
  
 CHARMM>            set ion = POS
 Parameter: ION <- "POS"
  
 CHARMM>     
  
 CHARMM>            if j .gt. @npos then
 Parameter: NPOS -> "26"
 Comparing "43" and "26".
 IF test evaluated as true.  Performing command
  
 CHARMM>               set ion = NEG
 Parameter: ION <- "NEG"
  
 CHARMM>               calc j  = @j - @npos
 Parameter: J -> "43"
 Parameter: NPOS -> "26"
Evaluating: 43-26
 Parameter: J <- "17"
  
 CHARMM>            endif
  
 CHARMM>     
  
 CHARMM>            define target select segid @ion .and. resid @j end
 Parameter: ION -> "NEG"
 Parameter: J -> "17"
 SELRPN>      1 atoms have been selected out of  24952
  
 CHARMM>     
  
 CHARMM>            calc xpos = @A * ( ?random - 0.5 )
 Parameter: A -> "76.8049478"
 RDCMND substituted energy or value "?RANDOM" to "0.11976251"
Evaluating: 76.8049478*(0.11976251-0.5)
 Parameter: XPOS <- "-29.2041206"
  
 CHARMM>            calc ypos = @B * ( ?random - 0.5 )
 Parameter: B -> "76.8049478"
 RDCMND substituted energy or value "?RANDOM" to "9.933367111E-02"
Evaluating: 76.8049478*(9.933367111E-02-0.5)
 Parameter: YPOS <- "-30.7731565"
  
 CHARMM>            calc zpos = @C * ( ?random - 0.5 ) + @zcen
 Parameter: C -> "100"
 Parameter: ZCEN -> "0"
 RDCMND substituted energy or value "?RANDOM" to "0.16283564"
Evaluating: 100*(0.16283564-0.5)+0
 Parameter: ZPOS <- "-33.716436"
  
 CHARMM>     
  
 CHARMM>            if zpos .gt. -15 if zpos .lt. 15 goto doinit
 Comparing "-33.716436" and "-15".
 IF test evaluated as false.  Skipping command
  
 CHARMM>     
  
 CHARMM>            ! move target to selected position
  
 CHARMM>            coor stat select target end
 SELRPN>      1 atoms have been selected out of  24952
 STATISTICS FOR         1 SELECTED ATOMS:
    XMIN =    0.000000 XMAX =    0.000000 XAVE =    0.000000
    YMIN =    0.000000 YMAX =    0.000000 YAVE =    0.000000
    ZMIN =    0.000000 ZMAX =    0.000000 ZAVE =    0.000000
    WMIN =   -1.000000 WMAX =   -1.000000 WAVE =   -1.000000
  
 CHARMM>            calc xtran = @xpos - ?xave
 Parameter: XPOS -> "-29.2041206"
 RDCMND substituted energy or value "?XAVE" to "0"
Evaluating: -29.2041206-0
 Parameter: XTRAN <- "-29.2041206"
  
 CHARMM>            calc ytran = @ypos - ?yave
 Parameter: YPOS -> "-30.7731565"
 RDCMND substituted energy or value "?YAVE" to "0"
Evaluating: -30.7731565-0
 Parameter: YTRAN <- "-30.7731565"
  
 CHARMM>            calc ztran = @zpos - ?zave
 Parameter: ZPOS -> "-33.716436"
 RDCMND substituted energy or value "?ZAVE" to "0"
Evaluating: -33.716436-0
 Parameter: ZTRAN <- "-33.716436"
  
 CHARMM>            coor trans xdir @xtran ydir @ytran zdir @ztran select target end
 Parameter: XTRAN -> "-29.2041206"
 Parameter: YTRAN -> "-30.7731565"
 Parameter: ZTRAN -> "-33.716436"
 SELRPN>      1 atoms have been selected out of  24952
 TRANSLATION VECTOR   -29.204121  -30.773156  -33.716436
 SELECTED COORDINATES TRANSLATED IN THE MAIN SET.

  
 CHARMM>     
  
 CHARMM>            ! apply a random rotation along XYZ
  
 CHARMM>            calc xphi = ?random * 360.0
 RDCMND substituted energy or value "?RANDOM" to "0.797123201"
Evaluating: 0.797123201*360.0
 Parameter: XPHI <- "286.964352"
  
 CHARMM>            calc yphi = ?random * 360.0
 RDCMND substituted energy or value "?RANDOM" to "0.771982618"
Evaluating: 0.771982618*360.0
 Parameter: YPHI <- "277.913742"
  
 CHARMM>            calc zphi = ?random * 360.0
 RDCMND substituted energy or value "?RANDOM" to "0.844480948"
Evaluating: 0.844480948*360.0
 Parameter: ZPHI <- "304.013141"
  
 CHARMM>            coor rotate xcen @xpos ycen @ypos zcen @zpos xdir 1.0 -
 CHARMM>                phi @xphi select target end
 Parameter: XPOS -> "-29.2041206"
 Parameter: YPOS -> "-30.7731565"
 Parameter: ZPOS -> "-33.716436"
 Parameter: XPHI -> "286.964352"
 SELRPN>      1 atoms have been selected out of  24952
 ROTATION MATRIX
    1.000000    0.000000    0.000000
    0.000000    0.291777   -0.956486
    0.000000    0.956486    0.291777

 AXIS OF ROTATION IS -1.000000  0.000000  0.000000  ANGLE IS   73.04

 SELECTED COORDINATES ROTATED IN THE MAIN SET.

  
 CHARMM>            coor rotate xcen @xpos ycen @ypos zcen @zpos ydir 1.0 -
 CHARMM>                phi @yphi select target end
 Parameter: XPOS -> "-29.2041206"
 Parameter: YPOS -> "-30.7731565"
 Parameter: ZPOS -> "-33.716436"
 Parameter: YPHI -> "277.913742"
 SELRPN>      1 atoms have been selected out of  24952
 ROTATION MATRIX
    0.137682    0.000000    0.990476
    0.000000    1.000000    0.000000
   -0.990476    0.000000    0.137682

 AXIS OF ROTATION IS  0.000000 -1.000000  0.000000  ANGLE IS   82.09

 SELECTED COORDINATES ROTATED IN THE MAIN SET.

  
 CHARMM>            coor rotate xcen @xpos ycen @ypos zcen @zpos zdir 1.0 -
 CHARMM>                phi @zphi select target end
 Parameter: XPOS -> "-29.2041206"
 Parameter: YPOS -> "-30.7731565"
 Parameter: ZPOS -> "-33.716436"
 Parameter: ZPHI -> "304.013141"
 SELRPN>      1 atoms have been selected out of  24952
 ROTATION MATRIX
    0.559383   -0.828909    0.000000
    0.828909    0.559383    0.000000
    0.000000    0.000000    1.000000

 AXIS OF ROTATION IS  0.000000  0.000000 -1.000000  ANGLE IS   55.99

 SELECTED COORDINATES ROTATED IN THE MAIN SET.

  
 CHARMM>     
  
 CHARMM>     
  
 CHARMM>            calc dcut = 3.5
Evaluating: 3.5
 Parameter: DCUT <- "3.5"
  
 CHARMM>     
  
 CHARMM>            coor stat sele target end
 SELRPN>      1 atoms have been selected out of  24952
 STATISTICS FOR         1 SELECTED ATOMS:
    XMIN =  -29.204121 XMAX =  -29.204121 XAVE =  -29.204121
    YMIN =  -30.773156 YMAX =  -30.773156 YAVE =  -30.773156
    ZMIN =  -33.716436 ZMAX =  -33.716436 ZAVE =  -33.716436
    WMIN =   -1.000000 WMAX =   -1.000000 WAVE =   -1.000000
  
 CHARMM>            calc xmax = ?xmax + @dcut
 Parameter: DCUT -> "3.5"
 RDCMND substituted energy or value "?XMAX" to "-29.2041206"
Evaluating: -29.2041206+3.5
 Parameter: XMAX <- "-25.7041206"
  
 CHARMM>            calc ymax = ?ymax + @dcut
 Parameter: DCUT -> "3.5"
 RDCMND substituted energy or value "?YMAX" to "-30.7731565"
Evaluating: -30.7731565+3.5
 Parameter: YMAX <- "-27.2731565"
  
 CHARMM>            calc zmax = ?zmax + @dcut
 Parameter: DCUT -> "3.5"
 RDCMND substituted energy or value "?ZMAX" to "-33.716436"
Evaluating: -33.716436+3.5
 Parameter: ZMAX <- "-30.216436"
  
 CHARMM>            calc xmin = ?xmin - @dcut
 Parameter: DCUT -> "3.5"
 RDCMND substituted energy or value "?XMIN" to "-29.2041206"
Evaluating: -29.2041206-3.5
 Parameter: XMIN <- "-32.7041206"
  
 CHARMM>            calc ymin = ?ymin - @dcut
 Parameter: DCUT -> "3.5"
 RDCMND substituted energy or value "?YMIN" to "-30.7731565"
Evaluating: -30.7731565-3.5
 Parameter: YMIN <- "-34.2731565"
  
 CHARMM>            calc zmin = ?zmin - @dcut
 Parameter: DCUT -> "3.5"
 RDCMND substituted energy or value "?ZMIN" to "-33.716436"
Evaluating: -33.716436-3.5
 Parameter: ZMIN <- "-37.216436"
  
 CHARMM>     
  
 CHARMM>            define JUNK sele .not. target .and. -
 CHARMM>                             prop X .lt. @xmax .and. prop X .gt. @xmin .and. -
 CHARMM>                             prop Y .lt. @ymax .and. prop Y .gt. @ymin .and. -
 CHARMM>                             prop Z .lt. @zmax .and. prop Z .gt. @zmin  end
 Parameter: XMAX -> "-25.7041206"
 Parameter: XMIN -> "-32.7041206"
 Parameter: YMAX -> "-27.2731565"
 Parameter: YMIN -> "-34.2731565"
 Parameter: ZMAX -> "-30.216436"
 Parameter: ZMIN -> "-37.216436"
 SELRPN>      0 atoms have been selected out of  24952
  
 CHARMM>     
  
 CHARMM>            ! check if the ions are too close to protein
  
 CHARMM>            define XXX sele PROT end
 SELRPN>      0 atoms have been selected out of  24952
  
 CHARMM>            if ?nsel .gt. 0 then
 RDCMND substituted energy or value "?NSEL" to "0"
 Comparing "0" and "0".
 IF test evaluated as false.  Skip to ELSE or ENDIF
  
 CHARMM>     
  
 CHARMM>            ! check if the ions are too close to solute
  
 CHARMM>            coor dist cut 4.0 sele target end sele JUNK .and. .not. hydrogen end image
 SELRPN>      1 atoms have been selected out of  36561
 SELRPN>      0 atoms have been selected out of  36561

            DISTANCES FOR SELECTED ATOMS
            ONLY ONE SELECTION SET SPECIFIED, A COMPARISON WILL BE DONE
 TOTAL EXCLUSION COUNT =         0
 TOTAL 1-4 EXCLUSIONS  =         0
 TOTAL NON-EXCLUSIONS  =         0
  
 CHARMM>            if ?npair .gt. 0 goto doinit
 RDCMND substituted energy or value "?NPAIR" to "0"
 Comparing "0" and "0".
 IF test evaluated as false.  Skipping command
  
 CHARMM>     
  
 CHARMM>            calc cntrand = 0
Evaluating: 0
 Parameter: CNTRAND <- "0"
  
 CHARMM>            increase i by 1
 Parameter: I <- "44"
  
 CHARMM>            if i .le. @nion goto doinit
 Parameter: NION -> "52"
 Comparing "44" and "52".
 IF test evaluated as true.  Performing command
  
 CHARMM>     
  
 CHARMM>            calc cntrand = @cntrand + 1
 Parameter: CNTRAND -> "0"
Evaluating: 0+1
 Parameter: CNTRAND <- "1"
  
 CHARMM>            if cntrand .gt. 100 stop ! ABNORMAL TERMINATION: ion placing may not work.. stop here
 Comparing "1" and "100".
 IF test evaluated as false.  Skipping command
  
 CHARMM>     
  
 CHARMM>            calc j = @i
 Parameter: I -> "44"
Evaluating: 44
 Parameter: J <- "44"
  
 CHARMM>            set ion = POS
 Parameter: ION <- "POS"
  
 CHARMM>     
  
 CHARMM>            if j .gt. @npos then
 Parameter: NPOS -> "26"
 Comparing "44" and "26".
 IF test evaluated as true.  Performing command
  
 CHARMM>               set ion = NEG
 Parameter: ION <- "NEG"
  
 CHARMM>               calc j  = @j - @npos
 Parameter: J -> "44"
 Parameter: NPOS -> "26"
Evaluating: 44-26
 Parameter: J <- "18"
  
 CHARMM>            endif
  
 CHARMM>     
  
 CHARMM>            define target select segid @ion .and. resid @j end
 Parameter: ION -> "NEG"
 Parameter: J -> "18"
 SELRPN>      1 atoms have been selected out of  24952
  
 CHARMM>     
  
 CHARMM>            calc xpos = @A * ( ?random - 0.5 )
 Parameter: A -> "76.8049478"
 RDCMND substituted energy or value "?RANDOM" to "0.885339648"
Evaluating: 76.8049478*(0.885339648-0.5)
 Parameter: XPOS <- "29.5959915"
  
 CHARMM>            calc ypos = @B * ( ?random - 0.5 )
 Parameter: B -> "76.8049478"
 RDCMND substituted energy or value "?RANDOM" to "0.219110571"
Evaluating: 76.8049478*(0.219110571-0.5)
 Parameter: YPOS <- "-21.5736979"
  
 CHARMM>            calc zpos = @C * ( ?random - 0.5 ) + @zcen
 Parameter: C -> "100"
 Parameter: ZCEN -> "0"
 RDCMND substituted energy or value "?RANDOM" to "0.625014246"
Evaluating: 100*(0.625014246-0.5)+0
 Parameter: ZPOS <- "12.5014246"
  
 CHARMM>     
  
 CHARMM>            if zpos .gt. -15 if zpos .lt. 15 goto doinit
 Comparing "12.5014246" and "-15".
 IF test evaluated as true.  Performing command
 Comparing "12.5014246" and "15".
 IF test evaluated as true.  Performing command
  
 CHARMM>     
  
 CHARMM>            calc cntrand = @cntrand + 1
 Parameter: CNTRAND -> "1"
Evaluating: 1+1
 Parameter: CNTRAND <- "2"
  
 CHARMM>            if cntrand .gt. 100 stop ! ABNORMAL TERMINATION: ion placing may not work.. stop here
 Comparing "2" and "100".
 IF test evaluated as false.  Skipping command
  
 CHARMM>     
  
 CHARMM>            calc j = @i
 Parameter: I -> "44"
Evaluating: 44
 Parameter: J <- "44"
  
 CHARMM>            set ion = POS
 Parameter: ION <- "POS"
  
 CHARMM>     
  
 CHARMM>            if j .gt. @npos then
 Parameter: NPOS -> "26"
 Comparing "44" and "26".
 IF test evaluated as true.  Performing command
  
 CHARMM>               set ion = NEG
 Parameter: ION <- "NEG"
  
 CHARMM>               calc j  = @j - @npos
 Parameter: J -> "44"
 Parameter: NPOS -> "26"
Evaluating: 44-26
 Parameter: J <- "18"
  
 CHARMM>            endif
  
 CHARMM>     
  
 CHARMM>            define target select segid @ion .and. resid @j end
 Parameter: ION -> "NEG"
 Parameter: J -> "18"
 SELRPN>      1 atoms have been selected out of  24952
  
 CHARMM>     
  
 CHARMM>            calc xpos = @A * ( ?random - 0.5 )
 Parameter: A -> "76.8049478"
 RDCMND substituted energy or value "?RANDOM" to "0.436849541"
Evaluating: 76.8049478*(0.436849541-0.5)
 Parameter: XPOS <- "-4.85026771"
  
 CHARMM>            calc ypos = @B * ( ?random - 0.5 )
 Parameter: B -> "76.8049478"
 RDCMND substituted energy or value "?RANDOM" to "0.32549183"
Evaluating: 76.8049478*(0.32549183-0.5)
 Parameter: YPOS <- "-13.4030909"
  
 CHARMM>            calc zpos = @C * ( ?random - 0.5 ) + @zcen
 Parameter: C -> "100"
 Parameter: ZCEN -> "0"
 RDCMND substituted energy or value "?RANDOM" to "0.220377947"
Evaluating: 100*(0.220377947-0.5)+0
 Parameter: ZPOS <- "-27.9622053"
  
 CHARMM>     
  
 CHARMM>            if zpos .gt. -15 if zpos .lt. 15 goto doinit
 Comparing "-27.9622053" and "-15".
 IF test evaluated as false.  Skipping command
  
 CHARMM>     
  
 CHARMM>            ! move target to selected position
  
 CHARMM>            coor stat select target end
 SELRPN>      1 atoms have been selected out of  24952
 STATISTICS FOR         1 SELECTED ATOMS:
    XMIN =    0.000000 XMAX =    0.000000 XAVE =    0.000000
    YMIN =    0.000000 YMAX =    0.000000 YAVE =    0.000000
    ZMIN =    0.000000 ZMAX =    0.000000 ZAVE =    0.000000
    WMIN =   -1.000000 WMAX =   -1.000000 WAVE =   -1.000000
  
 CHARMM>            calc xtran = @xpos - ?xave
 Parameter: XPOS -> "-4.85026771"
 RDCMND substituted energy or value "?XAVE" to "0"
Evaluating: -4.85026771-0
 Parameter: XTRAN <- "-4.85026771"
  
 CHARMM>            calc ytran = @ypos - ?yave
 Parameter: YPOS -> "-13.4030909"
 RDCMND substituted energy or value "?YAVE" to "0"
Evaluating: -13.4030909-0
 Parameter: YTRAN <- "-13.4030909"
  
 CHARMM>            calc ztran = @zpos - ?zave
 Parameter: ZPOS -> "-27.9622053"
 RDCMND substituted energy or value "?ZAVE" to "0"
Evaluating: -27.9622053-0
 Parameter: ZTRAN <- "-27.9622053"
  
 CHARMM>            coor trans xdir @xtran ydir @ytran zdir @ztran select target end
 Parameter: XTRAN -> "-4.85026771"
 Parameter: YTRAN -> "-13.4030909"
 Parameter: ZTRAN -> "-27.9622053"
 SELRPN>      1 atoms have been selected out of  24952
 TRANSLATION VECTOR    -4.850268  -13.403091  -27.962205
 SELECTED COORDINATES TRANSLATED IN THE MAIN SET.

  
 CHARMM>     
  
 CHARMM>            ! apply a random rotation along XYZ
  
 CHARMM>            calc xphi = ?random * 360.0
 RDCMND substituted energy or value "?RANDOM" to "0.899192923"
Evaluating: 0.899192923*360.0
 Parameter: XPHI <- "323.709452"
  
 CHARMM>            calc yphi = ?random * 360.0
 RDCMND substituted energy or value "?RANDOM" to "0.906918535"
Evaluating: 0.906918535*360.0
 Parameter: YPHI <- "326.490673"
  
 CHARMM>            calc zphi = ?random * 360.0
 RDCMND substituted energy or value "?RANDOM" to "0.1477113"
Evaluating: 0.1477113*360.0
 Parameter: ZPHI <- "53.176068"
  
 CHARMM>            coor rotate xcen @xpos ycen @ypos zcen @zpos xdir 1.0 -
 CHARMM>                phi @xphi select target end
 Parameter: XPOS -> "-4.85026771"
 Parameter: YPOS -> "-13.4030909"
 Parameter: ZPOS -> "-27.9622053"
 Parameter: XPHI -> "323.709452"
 SELRPN>      1 atoms have been selected out of  24952
 ROTATION MATRIX
    1.000000    0.000000    0.000000
    0.000000    0.806026   -0.591880
    0.000000    0.591880    0.806026

 AXIS OF ROTATION IS -1.000000  0.000000  0.000000  ANGLE IS   36.29

 SELECTED COORDINATES ROTATED IN THE MAIN SET.

  
 CHARMM>            coor rotate xcen @xpos ycen @ypos zcen @zpos ydir 1.0 -
 CHARMM>                phi @yphi select target end
 Parameter: XPOS -> "-4.85026771"
 Parameter: YPOS -> "-13.4030909"
 Parameter: ZPOS -> "-27.9622053"
 Parameter: YPHI -> "326.490673"
 SELRPN>      1 atoms have been selected out of  24952
 ROTATION MATRIX
    0.833796    0.000000    0.552073
    0.000000    1.000000    0.000000
   -0.552073    0.000000    0.833796

 AXIS OF ROTATION IS  0.000000 -1.000000  0.000000  ANGLE IS   33.51

 SELECTED COORDINATES ROTATED IN THE MAIN SET.

  
 CHARMM>            coor rotate xcen @xpos ycen @ypos zcen @zpos zdir 1.0 -
 CHARMM>                phi @zphi select target end
 Parameter: XPOS -> "-4.85026771"
 Parameter: YPOS -> "-13.4030909"
 Parameter: ZPOS -> "-27.9622053"
 Parameter: ZPHI -> "53.176068"
 SELRPN>      1 atoms have been selected out of  24952
 ROTATION MATRIX
    0.599358    0.800481    0.000000
   -0.800481    0.599358    0.000000
    0.000000    0.000000    1.000000

 AXIS OF ROTATION IS  0.000000  0.000000  1.000000  ANGLE IS   53.18

 SELECTED COORDINATES ROTATED IN THE MAIN SET.

  
 CHARMM>     
  
 CHARMM>     
  
 CHARMM>            calc dcut = 3.5
Evaluating: 3.5
 Parameter: DCUT <- "3.5"
  
 CHARMM>     
  
 CHARMM>            coor stat sele target end
 SELRPN>      1 atoms have been selected out of  24952
 STATISTICS FOR         1 SELECTED ATOMS:
    XMIN =   -4.850268 XMAX =   -4.850268 XAVE =   -4.850268
    YMIN =  -13.403091 YMAX =  -13.403091 YAVE =  -13.403091
    ZMIN =  -27.962205 ZMAX =  -27.962205 ZAVE =  -27.962205
    WMIN =   -1.000000 WMAX =   -1.000000 WAVE =   -1.000000
  
 CHARMM>            calc xmax = ?xmax + @dcut
 Parameter: DCUT -> "3.5"
 RDCMND substituted energy or value "?XMAX" to "-4.85026771"
Evaluating: -4.85026771+3.5
 Parameter: XMAX <- "-1.35026771"
  
 CHARMM>            calc ymax = ?ymax + @dcut
 Parameter: DCUT -> "3.5"
 RDCMND substituted energy or value "?YMAX" to "-13.4030909"
Evaluating: -13.4030909+3.5
 Parameter: YMAX <- "-9.9030909"
  
 CHARMM>            calc zmax = ?zmax + @dcut
 Parameter: DCUT -> "3.5"
 RDCMND substituted energy or value "?ZMAX" to "-27.9622053"
Evaluating: -27.9622053+3.5
 Parameter: ZMAX <- "-24.4622053"
  
 CHARMM>            calc xmin = ?xmin - @dcut
 Parameter: DCUT -> "3.5"
 RDCMND substituted energy or value "?XMIN" to "-4.85026771"
Evaluating: -4.85026771-3.5
 Parameter: XMIN <- "-8.35026771"
  
 CHARMM>            calc ymin = ?ymin - @dcut
 Parameter: DCUT -> "3.5"
 RDCMND substituted energy or value "?YMIN" to "-13.4030909"
Evaluating: -13.4030909-3.5
 Parameter: YMIN <- "-16.9030909"
  
 CHARMM>            calc zmin = ?zmin - @dcut
 Parameter: DCUT -> "3.5"
 RDCMND substituted energy or value "?ZMIN" to "-27.9622053"
Evaluating: -27.9622053-3.5
 Parameter: ZMIN <- "-31.4622053"
  
 CHARMM>     
  
 CHARMM>            define JUNK sele .not. target .and. -
 CHARMM>                             prop X .lt. @xmax .and. prop X .gt. @xmin .and. -
 CHARMM>                             prop Y .lt. @ymax .and. prop Y .gt. @ymin .and. -
 CHARMM>                             prop Z .lt. @zmax .and. prop Z .gt. @zmin  end
 Parameter: XMAX -> "-1.35026771"
 Parameter: XMIN -> "-8.35026771"
 Parameter: YMAX -> "-9.9030909"
 Parameter: YMIN -> "-16.9030909"
 Parameter: ZMAX -> "-24.4622053"
 Parameter: ZMIN -> "-31.4622053"
 SELRPN>      0 atoms have been selected out of  24952
  
 CHARMM>     
  
 CHARMM>            ! check if the ions are too close to protein
  
 CHARMM>            define XXX sele PROT end
 SELRPN>      0 atoms have been selected out of  24952
  
 CHARMM>            if ?nsel .gt. 0 then
 RDCMND substituted energy or value "?NSEL" to "0"
 Comparing "0" and "0".
 IF test evaluated as false.  Skip to ELSE or ENDIF
  
 CHARMM>     
  
 CHARMM>            ! check if the ions are too close to solute
  
 CHARMM>            coor dist cut 4.0 sele target end sele JUNK .and. .not. hydrogen end image
 SELRPN>      1 atoms have been selected out of  36561
 SELRPN>      0 atoms have been selected out of  36561

            DISTANCES FOR SELECTED ATOMS
            ONLY ONE SELECTION SET SPECIFIED, A COMPARISON WILL BE DONE
 TOTAL EXCLUSION COUNT =         0
 TOTAL 1-4 EXCLUSIONS  =         0
 TOTAL NON-EXCLUSIONS  =         0
  
 CHARMM>            if ?npair .gt. 0 goto doinit
 RDCMND substituted energy or value "?NPAIR" to "0"
 Comparing "0" and "0".
 IF test evaluated as false.  Skipping command
  
 CHARMM>     
  
 CHARMM>            calc cntrand = 0
Evaluating: 0
 Parameter: CNTRAND <- "0"
  
 CHARMM>            increase i by 1
 Parameter: I <- "45"
  
 CHARMM>            if i .le. @nion goto doinit
 Parameter: NION -> "52"
 Comparing "45" and "52".
 IF test evaluated as true.  Performing command
  
 CHARMM>     
  
 CHARMM>            calc cntrand = @cntrand + 1
 Parameter: CNTRAND -> "0"
Evaluating: 0+1
 Parameter: CNTRAND <- "1"
  
 CHARMM>            if cntrand .gt. 100 stop ! ABNORMAL TERMINATION: ion placing may not work.. stop here
 Comparing "1" and "100".
 IF test evaluated as false.  Skipping command
  
 CHARMM>     
  
 CHARMM>            calc j = @i
 Parameter: I -> "45"
Evaluating: 45
 Parameter: J <- "45"
  
 CHARMM>            set ion = POS
 Parameter: ION <- "POS"
  
 CHARMM>     
  
 CHARMM>            if j .gt. @npos then
 Parameter: NPOS -> "26"
 Comparing "45" and "26".
 IF test evaluated as true.  Performing command
  
 CHARMM>               set ion = NEG
 Parameter: ION <- "NEG"
  
 CHARMM>               calc j  = @j - @npos
 Parameter: J -> "45"
 Parameter: NPOS -> "26"
Evaluating: 45-26
 Parameter: J <- "19"
  
 CHARMM>            endif
  
 CHARMM>     
  
 CHARMM>            define target select segid @ion .and. resid @j end
 Parameter: ION -> "NEG"
 Parameter: J -> "19"
 SELRPN>      1 atoms have been selected out of  24952
  
 CHARMM>     
  
 CHARMM>            calc xpos = @A * ( ?random - 0.5 )
 Parameter: A -> "76.8049478"
 RDCMND substituted energy or value "?RANDOM" to "0.924035512"
Evaluating: 76.8049478*(0.924035512-0.5)
 Parameter: XPOS <- "32.5680254"
  
 CHARMM>            calc ypos = @B * ( ?random - 0.5 )
 Parameter: B -> "76.8049478"
 RDCMND substituted energy or value "?RANDOM" to "0.850526911"
Evaluating: 76.8049478*(0.850526911-0.5)
 Parameter: YPOS <- "26.9222011"
  
 CHARMM>            calc zpos = @C * ( ?random - 0.5 ) + @zcen
 Parameter: C -> "100"
 Parameter: ZCEN -> "0"
 RDCMND substituted energy or value "?RANDOM" to "0.188897"
Evaluating: 100*(0.188897-0.5)+0
 Parameter: ZPOS <- "-31.1103"
  
 CHARMM>     
  
 CHARMM>            if zpos .gt. -15 if zpos .lt. 15 goto doinit
 Comparing "-31.1103" and "-15".
 IF test evaluated as false.  Skipping command
  
 CHARMM>     
  
 CHARMM>            ! move target to selected position
  
 CHARMM>            coor stat select target end
 SELRPN>      1 atoms have been selected out of  24952
 STATISTICS FOR         1 SELECTED ATOMS:
    XMIN =    0.000000 XMAX =    0.000000 XAVE =    0.000000
    YMIN =    0.000000 YMAX =    0.000000 YAVE =    0.000000
    ZMIN =    0.000000 ZMAX =    0.000000 ZAVE =    0.000000
    WMIN =   -1.000000 WMAX =   -1.000000 WAVE =   -1.000000
  
 CHARMM>            calc xtran = @xpos - ?xave
 Parameter: XPOS -> "32.5680254"
 RDCMND substituted energy or value "?XAVE" to "0"
Evaluating: 32.5680254-0
 Parameter: XTRAN <- "32.5680254"
  
 CHARMM>            calc ytran = @ypos - ?yave
 Parameter: YPOS -> "26.9222011"
 RDCMND substituted energy or value "?YAVE" to "0"
Evaluating: 26.9222011-0
 Parameter: YTRAN <- "26.9222011"
  
 CHARMM>            calc ztran = @zpos - ?zave
 Parameter: ZPOS -> "-31.1103"
 RDCMND substituted energy or value "?ZAVE" to "0"
Evaluating: -31.1103-0
 Parameter: ZTRAN <- "-31.1103"
  
 CHARMM>            coor trans xdir @xtran ydir @ytran zdir @ztran select target end
 Parameter: XTRAN -> "32.5680254"
 Parameter: YTRAN -> "26.9222011"
 Parameter: ZTRAN -> "-31.1103"
 SELRPN>      1 atoms have been selected out of  24952
 TRANSLATION VECTOR    32.568025   26.922201  -31.110300
 SELECTED COORDINATES TRANSLATED IN THE MAIN SET.

  
 CHARMM>     
  
 CHARMM>            ! apply a random rotation along XYZ
  
 CHARMM>            calc xphi = ?random * 360.0
 RDCMND substituted energy or value "?RANDOM" to "0.193536764"
Evaluating: 0.193536764*360.0
 Parameter: XPHI <- "69.673235"
  
 CHARMM>            calc yphi = ?random * 360.0
 RDCMND substituted energy or value "?RANDOM" to "0.820932015"
Evaluating: 0.820932015*360.0
 Parameter: YPHI <- "295.535525"
  
 CHARMM>            calc zphi = ?random * 360.0
 RDCMND substituted energy or value "?RANDOM" to "0.829301573"
Evaluating: 0.829301573*360.0
 Parameter: ZPHI <- "298.548566"
  
 CHARMM>            coor rotate xcen @xpos ycen @ypos zcen @zpos xdir 1.0 -
 CHARMM>                phi @xphi select target end
 Parameter: XPOS -> "32.5680254"
 Parameter: YPOS -> "26.9222011"
 Parameter: ZPOS -> "-31.1103"
 Parameter: XPHI -> "69.673235"
 SELRPN>      1 atoms have been selected out of  24952
 ROTATION MATRIX
    1.000000    0.000000    0.000000
    0.000000    0.347374    0.937727
    0.000000   -0.937727    0.347374

 AXIS OF ROTATION IS  1.000000  0.000000  0.000000  ANGLE IS   69.67

 SELECTED COORDINATES ROTATED IN THE MAIN SET.

  
 CHARMM>            coor rotate xcen @xpos ycen @ypos zcen @zpos ydir 1.0 -
 CHARMM>                phi @yphi select target end
 Parameter: XPOS -> "32.5680254"
 Parameter: YPOS -> "26.9222011"
 Parameter: ZPOS -> "-31.1103"
 Parameter: YPHI -> "295.535525"
 SELRPN>      1 atoms have been selected out of  24952
 ROTATION MATRIX
    0.431071    0.000000    0.902318
    0.000000    1.000000    0.000000
   -0.902318    0.000000    0.431071

 AXIS OF ROTATION IS  0.000000 -1.000000  0.000000  ANGLE IS   64.46

 SELECTED COORDINATES ROTATED IN THE MAIN SET.

  
 CHARMM>            coor rotate xcen @xpos ycen @ypos zcen @zpos zdir 1.0 -
 CHARMM>                phi @zphi select target end
 Parameter: XPOS -> "32.5680254"
 Parameter: YPOS -> "26.9222011"
 Parameter: ZPOS -> "-31.1103"
 Parameter: ZPHI -> "298.548566"
 SELRPN>      1 atoms have been selected out of  24952
 ROTATION MATRIX
    0.477904   -0.878412    0.000000
    0.878412    0.477904    0.000000
    0.000000    0.000000    1.000000

 AXIS OF ROTATION IS  0.000000  0.000000 -1.000000  ANGLE IS   61.45

 SELECTED COORDINATES ROTATED IN THE MAIN SET.

  
 CHARMM>     
  
 CHARMM>     
  
 CHARMM>            calc dcut = 3.5
Evaluating: 3.5
 Parameter: DCUT <- "3.5"
  
 CHARMM>     
  
 CHARMM>            coor stat sele target end
 SELRPN>      1 atoms have been selected out of  24952
 STATISTICS FOR         1 SELECTED ATOMS:
    XMIN =   32.568025 XMAX =   32.568025 XAVE =   32.568025
    YMIN =   26.922201 YMAX =   26.922201 YAVE =   26.922201
    ZMIN =  -31.110300 ZMAX =  -31.110300 ZAVE =  -31.110300
    WMIN =   -1.000000 WMAX =   -1.000000 WAVE =   -1.000000
  
 CHARMM>            calc xmax = ?xmax + @dcut
 Parameter: DCUT -> "3.5"
 RDCMND substituted energy or value "?XMAX" to "32.5680254"
Evaluating: 32.5680254+3.5
 Parameter: XMAX <- "36.0680254"
  
 CHARMM>            calc ymax = ?ymax + @dcut
 Parameter: DCUT -> "3.5"
 RDCMND substituted energy or value "?YMAX" to "26.9222011"
Evaluating: 26.9222011+3.5
 Parameter: YMAX <- "30.4222011"
  
 CHARMM>            calc zmax = ?zmax + @dcut
 Parameter: DCUT -> "3.5"
 RDCMND substituted energy or value "?ZMAX" to "-31.1103"
Evaluating: -31.1103+3.5
 Parameter: ZMAX <- "-27.6103"
  
 CHARMM>            calc xmin = ?xmin - @dcut
 Parameter: DCUT -> "3.5"
 RDCMND substituted energy or value "?XMIN" to "32.5680254"
Evaluating: 32.5680254-3.5
 Parameter: XMIN <- "29.0680254"
  
 CHARMM>            calc ymin = ?ymin - @dcut
 Parameter: DCUT -> "3.5"
 RDCMND substituted energy or value "?YMIN" to "26.9222011"
Evaluating: 26.9222011-3.5
 Parameter: YMIN <- "23.4222011"
  
 CHARMM>            calc zmin = ?zmin - @dcut
 Parameter: DCUT -> "3.5"
 RDCMND substituted energy or value "?ZMIN" to "-31.1103"
Evaluating: -31.1103-3.5
 Parameter: ZMIN <- "-34.6103"
  
 CHARMM>     
  
 CHARMM>            define JUNK sele .not. target .and. -
 CHARMM>                             prop X .lt. @xmax .and. prop X .gt. @xmin .and. -
 CHARMM>                             prop Y .lt. @ymax .and. prop Y .gt. @ymin .and. -
 CHARMM>                             prop Z .lt. @zmax .and. prop Z .gt. @zmin  end
 Parameter: XMAX -> "36.0680254"
 Parameter: XMIN -> "29.0680254"
 Parameter: YMAX -> "30.4222011"
 Parameter: YMIN -> "23.4222011"
 Parameter: ZMAX -> "-27.6103"
 Parameter: ZMIN -> "-34.6103"
 SELRPN>      0 atoms have been selected out of  24952
  
 CHARMM>     
  
 CHARMM>            ! check if the ions are too close to protein
  
 CHARMM>            define XXX sele PROT end
 SELRPN>      0 atoms have been selected out of  24952
  
 CHARMM>            if ?nsel .gt. 0 then
 RDCMND substituted energy or value "?NSEL" to "0"
 Comparing "0" and "0".
 IF test evaluated as false.  Skip to ELSE or ENDIF
  
 CHARMM>     
  
 CHARMM>            ! check if the ions are too close to solute
  
 CHARMM>            coor dist cut 4.0 sele target end sele JUNK .and. .not. hydrogen end image
 SELRPN>      1 atoms have been selected out of  36561
 SELRPN>      0 atoms have been selected out of  36561

            DISTANCES FOR SELECTED ATOMS
            ONLY ONE SELECTION SET SPECIFIED, A COMPARISON WILL BE DONE
 TOTAL EXCLUSION COUNT =         0
 TOTAL 1-4 EXCLUSIONS  =         0
 TOTAL NON-EXCLUSIONS  =         0
  
 CHARMM>            if ?npair .gt. 0 goto doinit
 RDCMND substituted energy or value "?NPAIR" to "0"
 Comparing "0" and "0".
 IF test evaluated as false.  Skipping command
  
 CHARMM>     
  
 CHARMM>            calc cntrand = 0
Evaluating: 0
 Parameter: CNTRAND <- "0"
  
 CHARMM>            increase i by 1
 Parameter: I <- "46"
  
 CHARMM>            if i .le. @nion goto doinit
 Parameter: NION -> "52"
 Comparing "46" and "52".
 IF test evaluated as true.  Performing command
  
 CHARMM>     
  
 CHARMM>            calc cntrand = @cntrand + 1
 Parameter: CNTRAND -> "0"
Evaluating: 0+1
 Parameter: CNTRAND <- "1"
  
 CHARMM>            if cntrand .gt. 100 stop ! ABNORMAL TERMINATION: ion placing may not work.. stop here
 Comparing "1" and "100".
 IF test evaluated as false.  Skipping command
  
 CHARMM>     
  
 CHARMM>            calc j = @i
 Parameter: I -> "46"
Evaluating: 46
 Parameter: J <- "46"
  
 CHARMM>            set ion = POS
 Parameter: ION <- "POS"
  
 CHARMM>     
  
 CHARMM>            if j .gt. @npos then
 Parameter: NPOS -> "26"
 Comparing "46" and "26".
 IF test evaluated as true.  Performing command
  
 CHARMM>               set ion = NEG
 Parameter: ION <- "NEG"
  
 CHARMM>               calc j  = @j - @npos
 Parameter: J -> "46"
 Parameter: NPOS -> "26"
Evaluating: 46-26
 Parameter: J <- "20"
  
 CHARMM>            endif
  
 CHARMM>     
  
 CHARMM>            define target select segid @ion .and. resid @j end
 Parameter: ION -> "NEG"
 Parameter: J -> "20"
 SELRPN>      1 atoms have been selected out of  24952
  
 CHARMM>     
  
 CHARMM>            calc xpos = @A * ( ?random - 0.5 )
 Parameter: A -> "76.8049478"
 RDCMND substituted energy or value "?RANDOM" to "0.146241412"
Evaluating: 76.8049478*(0.146241412-0.5)
 Parameter: XPOS <- "-27.1704099"
  
 CHARMM>            calc ypos = @B * ( ?random - 0.5 )
 Parameter: B -> "76.8049478"
 RDCMND substituted energy or value "?RANDOM" to "0.103036854"
Evaluating: 76.8049478*(0.103036854-0.5)
 Parameter: YPOS <- "-30.4887337"
  
 CHARMM>            calc zpos = @C * ( ?random - 0.5 ) + @zcen
 Parameter: C -> "100"
 Parameter: ZCEN -> "0"
 RDCMND substituted energy or value "?RANDOM" to "0.981103537"
Evaluating: 100*(0.981103537-0.5)+0
 Parameter: ZPOS <- "48.1103537"
  
 CHARMM>     
  
 CHARMM>            if zpos .gt. -15 if zpos .lt. 15 goto doinit
 Comparing "48.1103537" and "-15".
 IF test evaluated as true.  Performing command
 Comparing "48.1103537" and "15".
 IF test evaluated as false.  Skipping command
  
 CHARMM>     
  
 CHARMM>            ! move target to selected position
  
 CHARMM>            coor stat select target end
 SELRPN>      1 atoms have been selected out of  24952
 STATISTICS FOR         1 SELECTED ATOMS:
    XMIN =    0.000000 XMAX =    0.000000 XAVE =    0.000000
    YMIN =    0.000000 YMAX =    0.000000 YAVE =    0.000000
    ZMIN =    0.000000 ZMAX =    0.000000 ZAVE =    0.000000
    WMIN =   -1.000000 WMAX =   -1.000000 WAVE =   -1.000000
  
 CHARMM>            calc xtran = @xpos - ?xave
 Parameter: XPOS -> "-27.1704099"
 RDCMND substituted energy or value "?XAVE" to "0"
Evaluating: -27.1704099-0
 Parameter: XTRAN <- "-27.1704099"
  
 CHARMM>            calc ytran = @ypos - ?yave
 Parameter: YPOS -> "-30.4887337"
 RDCMND substituted energy or value "?YAVE" to "0"
Evaluating: -30.4887337-0
 Parameter: YTRAN <- "-30.4887337"
  
 CHARMM>            calc ztran = @zpos - ?zave
 Parameter: ZPOS -> "48.1103537"
 RDCMND substituted energy or value "?ZAVE" to "0"
Evaluating: 48.1103537-0
 Parameter: ZTRAN <- "48.1103537"
  
 CHARMM>            coor trans xdir @xtran ydir @ytran zdir @ztran select target end
 Parameter: XTRAN -> "-27.1704099"
 Parameter: YTRAN -> "-30.4887337"
 Parameter: ZTRAN -> "48.1103537"
 SELRPN>      1 atoms have been selected out of  24952
 TRANSLATION VECTOR   -27.170410  -30.488734   48.110354
 SELECTED COORDINATES TRANSLATED IN THE MAIN SET.

  
 CHARMM>     
  
 CHARMM>            ! apply a random rotation along XYZ
  
 CHARMM>            calc xphi = ?random * 360.0
 RDCMND substituted energy or value "?RANDOM" to "0.558524514"
Evaluating: 0.558524514*360.0
 Parameter: XPHI <- "201.068825"
  
 CHARMM>            calc yphi = ?random * 360.0
 RDCMND substituted energy or value "?RANDOM" to "0.431705936"
Evaluating: 0.431705936*360.0
 Parameter: YPHI <- "155.414137"
  
 CHARMM>            calc zphi = ?random * 360.0
 RDCMND substituted energy or value "?RANDOM" to "7.476086402E-02"
Evaluating: 7.476086402E-02*360.0
 Parameter: ZPHI <- "26.913911"
  
 CHARMM>            coor rotate xcen @xpos ycen @ypos zcen @zpos xdir 1.0 -
 CHARMM>                phi @xphi select target end
 Parameter: XPOS -> "-27.1704099"
 Parameter: YPOS -> "-30.4887337"
 Parameter: ZPOS -> "48.1103537"
 Parameter: XPHI -> "201.068825"
 SELRPN>      1 atoms have been selected out of  24952
 ROTATION MATRIX
    1.000000    0.000000    0.000000
    0.000000   -0.933149   -0.359489
    0.000000    0.359489   -0.933149

 AXIS OF ROTATION IS -1.000000  0.000000  0.000000  ANGLE IS  158.93

 SELECTED COORDINATES ROTATED IN THE MAIN SET.

  
 CHARMM>            coor rotate xcen @xpos ycen @ypos zcen @zpos ydir 1.0 -
 CHARMM>                phi @yphi select target end
 Parameter: XPOS -> "-27.1704099"
 Parameter: YPOS -> "-30.4887337"
 Parameter: ZPOS -> "48.1103537"
 Parameter: YPHI -> "155.414137"
 SELRPN>      1 atoms have been selected out of  24952
 ROTATION MATRIX
   -0.909339    0.000000   -0.416056
    0.000000    1.000000    0.000000
    0.416056    0.000000   -0.909339

 AXIS OF ROTATION IS  0.000000  1.000000  0.000000  ANGLE IS  155.41

 SELECTED COORDINATES ROTATED IN THE MAIN SET.

  
 CHARMM>            coor rotate xcen @xpos ycen @ypos zcen @zpos zdir 1.0 -
 CHARMM>                phi @zphi select target end
 Parameter: XPOS -> "-27.1704099"
 Parameter: YPOS -> "-30.4887337"
 Parameter: ZPOS -> "48.1103537"
 Parameter: ZPHI -> "26.913911"
 SELRPN>      1 atoms have been selected out of  24952
 ROTATION MATRIX
    0.891688    0.452651    0.000000
   -0.452651    0.891688    0.000000
    0.000000    0.000000    1.000000

 AXIS OF ROTATION IS  0.000000  0.000000  1.000000  ANGLE IS   26.91

 SELECTED COORDINATES ROTATED IN THE MAIN SET.

  
 CHARMM>     
  
 CHARMM>     
  
 CHARMM>            calc dcut = 3.5
Evaluating: 3.5
 Parameter: DCUT <- "3.5"
  
 CHARMM>     
  
 CHARMM>            coor stat sele target end
 SELRPN>      1 atoms have been selected out of  24952
 STATISTICS FOR         1 SELECTED ATOMS:
    XMIN =  -27.170410 XMAX =  -27.170410 XAVE =  -27.170410
    YMIN =  -30.488734 YMAX =  -30.488734 YAVE =  -30.488734
    ZMIN =   48.110354 ZMAX =   48.110354 ZAVE =   48.110354
    WMIN =   -1.000000 WMAX =   -1.000000 WAVE =   -1.000000
  
 CHARMM>            calc xmax = ?xmax + @dcut
 Parameter: DCUT -> "3.5"
 RDCMND substituted energy or value "?XMAX" to "-27.1704099"
Evaluating: -27.1704099+3.5
 Parameter: XMAX <- "-23.6704099"
  
 CHARMM>            calc ymax = ?ymax + @dcut
 Parameter: DCUT -> "3.5"
 RDCMND substituted energy or value "?YMAX" to "-30.4887337"
Evaluating: -30.4887337+3.5
 Parameter: YMAX <- "-26.9887337"
  
 CHARMM>            calc zmax = ?zmax + @dcut
 Parameter: DCUT -> "3.5"
 RDCMND substituted energy or value "?ZMAX" to "48.1103537"
Evaluating: 48.1103537+3.5
 Parameter: ZMAX <- "51.6103537"
  
 CHARMM>            calc xmin = ?xmin - @dcut
 Parameter: DCUT -> "3.5"
 RDCMND substituted energy or value "?XMIN" to "-27.1704099"
Evaluating: -27.1704099-3.5
 Parameter: XMIN <- "-30.6704099"
  
 CHARMM>            calc ymin = ?ymin - @dcut
 Parameter: DCUT -> "3.5"
 RDCMND substituted energy or value "?YMIN" to "-30.4887337"
Evaluating: -30.4887337-3.5
 Parameter: YMIN <- "-33.9887337"
  
 CHARMM>            calc zmin = ?zmin - @dcut
 Parameter: DCUT -> "3.5"
 RDCMND substituted energy or value "?ZMIN" to "48.1103537"
Evaluating: 48.1103537-3.5
 Parameter: ZMIN <- "44.6103537"
  
 CHARMM>     
  
 CHARMM>            define JUNK sele .not. target .and. -
 CHARMM>                             prop X .lt. @xmax .and. prop X .gt. @xmin .and. -
 CHARMM>                             prop Y .lt. @ymax .and. prop Y .gt. @ymin .and. -
 CHARMM>                             prop Z .lt. @zmax .and. prop Z .gt. @zmin  end
 Parameter: XMAX -> "-23.6704099"
 Parameter: XMIN -> "-30.6704099"
 Parameter: YMAX -> "-26.9887337"
 Parameter: YMIN -> "-33.9887337"
 Parameter: ZMAX -> "51.6103537"
 Parameter: ZMIN -> "44.6103537"
 SELRPN>      0 atoms have been selected out of  24952
  
 CHARMM>     
  
 CHARMM>            ! check if the ions are too close to protein
  
 CHARMM>            define XXX sele PROT end
 SELRPN>      0 atoms have been selected out of  24952
  
 CHARMM>            if ?nsel .gt. 0 then
 RDCMND substituted energy or value "?NSEL" to "0"
 Comparing "0" and "0".
 IF test evaluated as false.  Skip to ELSE or ENDIF
  
 CHARMM>     
  
 CHARMM>            ! check if the ions are too close to solute
  
 CHARMM>            coor dist cut 4.0 sele target end sele JUNK .and. .not. hydrogen end image
 SELRPN>      1 atoms have been selected out of  36561
 SELRPN>      0 atoms have been selected out of  36561

            DISTANCES FOR SELECTED ATOMS
            ONLY ONE SELECTION SET SPECIFIED, A COMPARISON WILL BE DONE
 TOTAL EXCLUSION COUNT =         0
 TOTAL 1-4 EXCLUSIONS  =         0
 TOTAL NON-EXCLUSIONS  =         0
  
 CHARMM>            if ?npair .gt. 0 goto doinit
 RDCMND substituted energy or value "?NPAIR" to "0"
 Comparing "0" and "0".
 IF test evaluated as false.  Skipping command
  
 CHARMM>     
  
 CHARMM>            calc cntrand = 0
Evaluating: 0
 Parameter: CNTRAND <- "0"
  
 CHARMM>            increase i by 1
 Parameter: I <- "47"
  
 CHARMM>            if i .le. @nion goto doinit
 Parameter: NION -> "52"
 Comparing "47" and "52".
 IF test evaluated as true.  Performing command
  
 CHARMM>     
  
 CHARMM>            calc cntrand = @cntrand + 1
 Parameter: CNTRAND -> "0"
Evaluating: 0+1
 Parameter: CNTRAND <- "1"
  
 CHARMM>            if cntrand .gt. 100 stop ! ABNORMAL TERMINATION: ion placing may not work.. stop here
 Comparing "1" and "100".
 IF test evaluated as false.  Skipping command
  
 CHARMM>     
  
 CHARMM>            calc j = @i
 Parameter: I -> "47"
Evaluating: 47
 Parameter: J <- "47"
  
 CHARMM>            set ion = POS
 Parameter: ION <- "POS"
  
 CHARMM>     
  
 CHARMM>            if j .gt. @npos then
 Parameter: NPOS -> "26"
 Comparing "47" and "26".
 IF test evaluated as true.  Performing command
  
 CHARMM>               set ion = NEG
 Parameter: ION <- "NEG"
  
 CHARMM>               calc j  = @j - @npos
 Parameter: J -> "47"
 Parameter: NPOS -> "26"
Evaluating: 47-26
 Parameter: J <- "21"
  
 CHARMM>            endif
  
 CHARMM>     
  
 CHARMM>            define target select segid @ion .and. resid @j end
 Parameter: ION -> "NEG"
 Parameter: J -> "21"
 SELRPN>      1 atoms have been selected out of  24952
  
 CHARMM>     
  
 CHARMM>            calc xpos = @A * ( ?random - 0.5 )
 Parameter: A -> "76.8049478"
 RDCMND substituted energy or value "?RANDOM" to "0.41799013"
Evaluating: 76.8049478*(0.41799013-0.5)
 Parameter: XPOS <- "-6.29876378"
  
 CHARMM>            calc ypos = @B * ( ?random - 0.5 )
 Parameter: B -> "76.8049478"
 RDCMND substituted energy or value "?RANDOM" to "0.159898521"
Evaluating: 76.8049478*(0.159898521-0.5)
 Parameter: YPOS <- "-26.1214763"
  
 CHARMM>            calc zpos = @C * ( ?random - 0.5 ) + @zcen
 Parameter: C -> "100"
 Parameter: ZCEN -> "0"
 RDCMND substituted energy or value "?RANDOM" to "0.774393429"
Evaluating: 100*(0.774393429-0.5)+0
 Parameter: ZPOS <- "27.4393429"
  
 CHARMM>     
  
 CHARMM>            if zpos .gt. -15 if zpos .lt. 15 goto doinit
 Comparing "27.4393429" and "-15".
 IF test evaluated as true.  Performing command
 Comparing "27.4393429" and "15".
 IF test evaluated as false.  Skipping command
  
 CHARMM>     
  
 CHARMM>            ! move target to selected position
  
 CHARMM>            coor stat select target end
 SELRPN>      1 atoms have been selected out of  24952
 STATISTICS FOR         1 SELECTED ATOMS:
    XMIN =    0.000000 XMAX =    0.000000 XAVE =    0.000000
    YMIN =    0.000000 YMAX =    0.000000 YAVE =    0.000000
    ZMIN =    0.000000 ZMAX =    0.000000 ZAVE =    0.000000
    WMIN =   -1.000000 WMAX =   -1.000000 WAVE =   -1.000000
  
 CHARMM>            calc xtran = @xpos - ?xave
 Parameter: XPOS -> "-6.29876378"
 RDCMND substituted energy or value "?XAVE" to "0"
Evaluating: -6.29876378-0
 Parameter: XTRAN <- "-6.29876378"
  
 CHARMM>            calc ytran = @ypos - ?yave
 Parameter: YPOS -> "-26.1214763"
 RDCMND substituted energy or value "?YAVE" to "0"
Evaluating: -26.1214763-0
 Parameter: YTRAN <- "-26.1214763"
  
 CHARMM>            calc ztran = @zpos - ?zave
 Parameter: ZPOS -> "27.4393429"
 RDCMND substituted energy or value "?ZAVE" to "0"
Evaluating: 27.4393429-0
 Parameter: ZTRAN <- "27.4393429"
  
 CHARMM>            coor trans xdir @xtran ydir @ytran zdir @ztran select target end
 Parameter: XTRAN -> "-6.29876378"
 Parameter: YTRAN -> "-26.1214763"
 Parameter: ZTRAN -> "27.4393429"
 SELRPN>      1 atoms have been selected out of  24952
 TRANSLATION VECTOR    -6.298764  -26.121476   27.439343
 SELECTED COORDINATES TRANSLATED IN THE MAIN SET.

  
 CHARMM>     
  
 CHARMM>            ! apply a random rotation along XYZ
  
 CHARMM>            calc xphi = ?random * 360.0
 RDCMND substituted energy or value "?RANDOM" to "0.884926108"
Evaluating: 0.884926108*360.0
 Parameter: XPHI <- "318.573399"
  
 CHARMM>            calc yphi = ?random * 360.0
 RDCMND substituted energy or value "?RANDOM" to "0.74314172"
Evaluating: 0.74314172*360.0
 Parameter: YPHI <- "267.531019"
  
 CHARMM>            calc zphi = ?random * 360.0
 RDCMND substituted energy or value "?RANDOM" to "3.066015164E-02"
Evaluating: 3.066015164E-02*360.0
 Parameter: ZPHI <- "11.0376546"
  
 CHARMM>            coor rotate xcen @xpos ycen @ypos zcen @zpos xdir 1.0 -
 CHARMM>                phi @xphi select target end
 Parameter: XPOS -> "-6.29876378"
 Parameter: YPOS -> "-26.1214763"
 Parameter: ZPOS -> "27.4393429"
 Parameter: XPHI -> "318.573399"
 SELRPN>      1 atoms have been selected out of  24952
 ROTATION MATRIX
    1.000000    0.000000    0.000000
    0.000000    0.749804   -0.661660
    0.000000    0.661660    0.749804

 AXIS OF ROTATION IS -1.000000  0.000000  0.000000  ANGLE IS   41.43

 SELECTED COORDINATES ROTATED IN THE MAIN SET.

  
 CHARMM>            coor rotate xcen @xpos ycen @ypos zcen @zpos ydir 1.0 -
 CHARMM>                phi @yphi select target end
 Parameter: XPOS -> "-6.29876378"
 Parameter: YPOS -> "-26.1214763"
 Parameter: ZPOS -> "27.4393429"
 Parameter: YPHI -> "267.531019"
 SELRPN>      1 atoms have been selected out of  24952
 ROTATION MATRIX
   -0.043079    0.000000    0.999072
    0.000000    1.000000    0.000000
   -0.999072    0.000000   -0.043079

 AXIS OF ROTATION IS  0.000000 -1.000000  0.000000  ANGLE IS   92.47

 SELECTED COORDINATES ROTATED IN THE MAIN SET.

  
 CHARMM>            coor rotate xcen @xpos ycen @ypos zcen @zpos zdir 1.0 -
 CHARMM>                phi @zphi select target end
 Parameter: XPOS -> "-6.29876378"
 Parameter: YPOS -> "-26.1214763"
 Parameter: ZPOS -> "27.4393429"
 Parameter: ZPHI -> "11.0376546"
 SELRPN>      1 atoms have been selected out of  24952
 ROTATION MATRIX
    0.981502    0.191454    0.000000
   -0.191454    0.981502    0.000000
    0.000000    0.000000    1.000000

 AXIS OF ROTATION IS  0.000000  0.000000  1.000000  ANGLE IS   11.04

 SELECTED COORDINATES ROTATED IN THE MAIN SET.

  
 CHARMM>     
  
 CHARMM>     
  
 CHARMM>            calc dcut = 3.5
Evaluating: 3.5
 Parameter: DCUT <- "3.5"
  
 CHARMM>     
  
 CHARMM>            coor stat sele target end
 SELRPN>      1 atoms have been selected out of  24952
 STATISTICS FOR         1 SELECTED ATOMS:
    XMIN =   -6.298764 XMAX =   -6.298764 XAVE =   -6.298764
    YMIN =  -26.121476 YMAX =  -26.121476 YAVE =  -26.121476
    ZMIN =   27.439343 ZMAX =   27.439343 ZAVE =   27.439343
    WMIN =   -1.000000 WMAX =   -1.000000 WAVE =   -1.000000
  
 CHARMM>            calc xmax = ?xmax + @dcut
 Parameter: DCUT -> "3.5"
 RDCMND substituted energy or value "?XMAX" to "-6.29876378"
Evaluating: -6.29876378+3.5
 Parameter: XMAX <- "-2.79876378"
  
 CHARMM>            calc ymax = ?ymax + @dcut
 Parameter: DCUT -> "3.5"
 RDCMND substituted energy or value "?YMAX" to "-26.1214763"
Evaluating: -26.1214763+3.5
 Parameter: YMAX <- "-22.6214763"
  
 CHARMM>            calc zmax = ?zmax + @dcut
 Parameter: DCUT -> "3.5"
 RDCMND substituted energy or value "?ZMAX" to "27.4393429"
Evaluating: 27.4393429+3.5
 Parameter: ZMAX <- "30.9393429"
  
 CHARMM>            calc xmin = ?xmin - @dcut
 Parameter: DCUT -> "3.5"
 RDCMND substituted energy or value "?XMIN" to "-6.29876378"
Evaluating: -6.29876378-3.5
 Parameter: XMIN <- "-9.79876378"
  
 CHARMM>            calc ymin = ?ymin - @dcut
 Parameter: DCUT -> "3.5"
 RDCMND substituted energy or value "?YMIN" to "-26.1214763"
Evaluating: -26.1214763-3.5
 Parameter: YMIN <- "-29.6214763"
  
 CHARMM>            calc zmin = ?zmin - @dcut
 Parameter: DCUT -> "3.5"
 RDCMND substituted energy or value "?ZMIN" to "27.4393429"
Evaluating: 27.4393429-3.5
 Parameter: ZMIN <- "23.9393429"
  
 CHARMM>     
  
 CHARMM>            define JUNK sele .not. target .and. -
 CHARMM>                             prop X .lt. @xmax .and. prop X .gt. @xmin .and. -
 CHARMM>                             prop Y .lt. @ymax .and. prop Y .gt. @ymin .and. -
 CHARMM>                             prop Z .lt. @zmax .and. prop Z .gt. @zmin  end
 Parameter: XMAX -> "-2.79876378"
 Parameter: XMIN -> "-9.79876378"
 Parameter: YMAX -> "-22.6214763"
 Parameter: YMIN -> "-29.6214763"
 Parameter: ZMAX -> "30.9393429"
 Parameter: ZMIN -> "23.9393429"
 SELRPN>     15 atoms have been selected out of  24952
  
 CHARMM>     
  
 CHARMM>            ! check if the ions are too close to protein
  
 CHARMM>            define XXX sele PROT end
 SELRPN>      0 atoms have been selected out of  24952
  
 CHARMM>            if ?nsel .gt. 0 then
 RDCMND substituted energy or value "?NSEL" to "0"
 Comparing "0" and "0".
 IF test evaluated as false.  Skip to ELSE or ENDIF
  
 CHARMM>     
  
 CHARMM>            ! check if the ions are too close to solute
  
 CHARMM>            coor dist cut 4.0 sele target end sele JUNK .and. .not. hydrogen end image
 SELRPN>      1 atoms have been selected out of  36561
 SELRPN>      5 atoms have been selected out of  36561

            DISTANCES FOR SELECTED ATOMS
24947 NEG      CLA      21       CLA     -3681 MEMB     23SM     30       N             2.7443
24947 NEG      CLA      21       CLA     -3682 MEMB     23SM     30       C15           2.7575
24947 NEG      CLA      21       CLA     -3686 MEMB     23SM     30       C14           3.0258
24947 NEG      CLA      21       CLA     -3690 MEMB     23SM     30       C13           2.2208
 TOTAL EXCLUSION COUNT =         0
 TOTAL 1-4 EXCLUSIONS  =         0
 TOTAL NON-EXCLUSIONS  =         4
  
 CHARMM>            if ?npair .gt. 0 goto doinit
 RDCMND substituted energy or value "?NPAIR" to "4"
 Comparing "4" and "0".
 IF test evaluated as true.  Performing command
  
 CHARMM>     
  
 CHARMM>            calc cntrand = @cntrand + 1
 Parameter: CNTRAND -> "1"
Evaluating: 1+1
 Parameter: CNTRAND <- "2"
  
 CHARMM>            if cntrand .gt. 100 stop ! ABNORMAL TERMINATION: ion placing may not work.. stop here
 Comparing "2" and "100".
 IF test evaluated as false.  Skipping command
  
 CHARMM>     
  
 CHARMM>            calc j = @i
 Parameter: I -> "47"
Evaluating: 47
 Parameter: J <- "47"
  
 CHARMM>            set ion = POS
 Parameter: ION <- "POS"
  
 CHARMM>     
  
 CHARMM>            if j .gt. @npos then
 Parameter: NPOS -> "26"
 Comparing "47" and "26".
 IF test evaluated as true.  Performing command
  
 CHARMM>               set ion = NEG
 Parameter: ION <- "NEG"
  
 CHARMM>               calc j  = @j - @npos
 Parameter: J -> "47"
 Parameter: NPOS -> "26"
Evaluating: 47-26
 Parameter: J <- "21"
  
 CHARMM>            endif
  
 CHARMM>     
  
 CHARMM>            define target select segid @ion .and. resid @j end
 Parameter: ION -> "NEG"
 Parameter: J -> "21"
 SELRPN>      1 atoms have been selected out of  24952
  
 CHARMM>     
  
 CHARMM>            calc xpos = @A * ( ?random - 0.5 )
 Parameter: A -> "76.8049478"
 RDCMND substituted energy or value "?RANDOM" to "5.939646033E-02"
Evaluating: 76.8049478*(5.939646033E-02-0.5)
 Parameter: XPOS <- "-33.8405319"
  
 CHARMM>            calc ypos = @B * ( ?random - 0.5 )
 Parameter: B -> "76.8049478"
 RDCMND substituted energy or value "?RANDOM" to "0.402039768"
Evaluating: 76.8049478*(0.402039768-0.5)
 Parameter: YPOS <- "-7.52383051"
  
 CHARMM>            calc zpos = @C * ( ?random - 0.5 ) + @zcen
 Parameter: C -> "100"
 Parameter: ZCEN -> "0"
 RDCMND substituted energy or value "?RANDOM" to "0.582115901"
Evaluating: 100*(0.582115901-0.5)+0
 Parameter: ZPOS <- "8.2115901"
  
 CHARMM>     
  
 CHARMM>            if zpos .gt. -15 if zpos .lt. 15 goto doinit
 Comparing "8.2115901" and "-15".
 IF test evaluated as true.  Performing command
 Comparing "8.2115901" and "15".
 IF test evaluated as true.  Performing command
  
 CHARMM>     
  
 CHARMM>            calc cntrand = @cntrand + 1
 Parameter: CNTRAND -> "2"
Evaluating: 2+1
 Parameter: CNTRAND <- "3"
  
 CHARMM>            if cntrand .gt. 100 stop ! ABNORMAL TERMINATION: ion placing may not work.. stop here
 Comparing "3" and "100".
 IF test evaluated as false.  Skipping command
  
 CHARMM>     
  
 CHARMM>            calc j = @i
 Parameter: I -> "47"
Evaluating: 47
 Parameter: J <- "47"
  
 CHARMM>            set ion = POS
 Parameter: ION <- "POS"
  
 CHARMM>     
  
 CHARMM>            if j .gt. @npos then
 Parameter: NPOS -> "26"
 Comparing "47" and "26".
 IF test evaluated as true.  Performing command
  
 CHARMM>               set ion = NEG
 Parameter: ION <- "NEG"
  
 CHARMM>               calc j  = @j - @npos
 Parameter: J -> "47"
 Parameter: NPOS -> "26"
Evaluating: 47-26
 Parameter: J <- "21"
  
 CHARMM>            endif
  
 CHARMM>     
  
 CHARMM>            define target select segid @ion .and. resid @j end
 Parameter: ION -> "NEG"
 Parameter: J -> "21"
 SELRPN>      1 atoms have been selected out of  24952
  
 CHARMM>     
  
 CHARMM>            calc xpos = @A * ( ?random - 0.5 )
 Parameter: A -> "76.8049478"
 RDCMND substituted energy or value "?RANDOM" to "0.529045211"
Evaluating: 76.8049478*(0.529045211-0.5)
 Parameter: XPOS <- "2.23081591"
  
 CHARMM>            calc ypos = @B * ( ?random - 0.5 )
 Parameter: B -> "76.8049478"
 RDCMND substituted energy or value "?RANDOM" to "0.109292008"
Evaluating: 76.8049478*(0.109292008-0.5)
 Parameter: YPOS <- "-30.0083069"
  
 CHARMM>            calc zpos = @C * ( ?random - 0.5 ) + @zcen
 Parameter: C -> "100"
 Parameter: ZCEN -> "0"
 RDCMND substituted energy or value "?RANDOM" to "0.147276794"
Evaluating: 100*(0.147276794-0.5)+0
 Parameter: ZPOS <- "-35.2723206"
  
 CHARMM>     
  
 CHARMM>            if zpos .gt. -15 if zpos .lt. 15 goto doinit
 Comparing "-35.2723206" and "-15".
 IF test evaluated as false.  Skipping command
  
 CHARMM>     
  
 CHARMM>            ! move target to selected position
  
 CHARMM>            coor stat select target end
 SELRPN>      1 atoms have been selected out of  24952
 STATISTICS FOR         1 SELECTED ATOMS:
    XMIN =   -6.298764 XMAX =   -6.298764 XAVE =   -6.298764
    YMIN =  -26.121476 YMAX =  -26.121476 YAVE =  -26.121476
    ZMIN =   27.439343 ZMAX =   27.439343 ZAVE =   27.439343
    WMIN =   -1.000000 WMAX =   -1.000000 WAVE =   -1.000000
  
 CHARMM>            calc xtran = @xpos - ?xave
 Parameter: XPOS -> "2.23081591"
 RDCMND substituted energy or value "?XAVE" to "-6.29876378"
Evaluating: 2.23081591--6.29876378
 Parameter: XTRAN <- "8.52957969"
  
 CHARMM>            calc ytran = @ypos - ?yave
 Parameter: YPOS -> "-30.0083069"
 RDCMND substituted energy or value "?YAVE" to "-26.1214763"
Evaluating: -30.0083069--26.1214763
 Parameter: YTRAN <- "-3.8868306"
  
 CHARMM>            calc ztran = @zpos - ?zave
 Parameter: ZPOS -> "-35.2723206"
 RDCMND substituted energy or value "?ZAVE" to "27.4393429"
Evaluating: -35.2723206-27.4393429
 Parameter: ZTRAN <- "-62.7116635"
  
 CHARMM>            coor trans xdir @xtran ydir @ytran zdir @ztran select target end
 Parameter: XTRAN -> "8.52957969"
 Parameter: YTRAN -> "-3.8868306"
 Parameter: ZTRAN -> "-62.7116635"
 SELRPN>      1 atoms have been selected out of  24952
 TRANSLATION VECTOR     8.529580   -3.886831  -62.711664
 SELECTED COORDINATES TRANSLATED IN THE MAIN SET.

  
 CHARMM>     
  
 CHARMM>            ! apply a random rotation along XYZ
  
 CHARMM>            calc xphi = ?random * 360.0
 RDCMND substituted energy or value "?RANDOM" to "0.237031528"
Evaluating: 0.237031528*360.0
 Parameter: XPHI <- "85.3313501"
  
 CHARMM>            calc yphi = ?random * 360.0
 RDCMND substituted energy or value "?RANDOM" to "0.281705136"
Evaluating: 0.281705136*360.0
 Parameter: YPHI <- "101.413849"
  
 CHARMM>            calc zphi = ?random * 360.0
 RDCMND substituted energy or value "?RANDOM" to "0.833658954"
Evaluating: 0.833658954*360.0
 Parameter: ZPHI <- "300.117223"
  
 CHARMM>            coor rotate xcen @xpos ycen @ypos zcen @zpos xdir 1.0 -
 CHARMM>                phi @xphi select target end
 Parameter: XPOS -> "2.23081591"
 Parameter: YPOS -> "-30.0083069"
 Parameter: ZPOS -> "-35.2723206"
 Parameter: XPHI -> "85.3313501"
 SELRPN>      1 atoms have been selected out of  24952
 ROTATION MATRIX
    1.000000    0.000000    0.000000
    0.000000    0.081393    0.996682
    0.000000   -0.996682    0.081393

 AXIS OF ROTATION IS  1.000000  0.000000  0.000000  ANGLE IS   85.33

 SELECTED COORDINATES ROTATED IN THE MAIN SET.

  
 CHARMM>            coor rotate xcen @xpos ycen @ypos zcen @zpos ydir 1.0 -
 CHARMM>                phi @yphi select target end
 Parameter: XPOS -> "2.23081591"
 Parameter: YPOS -> "-30.0083069"
 Parameter: ZPOS -> "-35.2723206"
 Parameter: YPHI -> "101.413849"
 SELRPN>      1 atoms have been selected out of  24952
 ROTATION MATRIX
   -0.197894    0.000000   -0.980223
    0.000000    1.000000    0.000000
    0.980223    0.000000   -0.197894

 AXIS OF ROTATION IS  0.000000  1.000000  0.000000  ANGLE IS  101.41

 SELECTED COORDINATES ROTATED IN THE MAIN SET.

  
 CHARMM>            coor rotate xcen @xpos ycen @ypos zcen @zpos zdir 1.0 -
 CHARMM>                phi @zphi select target end
 Parameter: XPOS -> "2.23081591"
 Parameter: YPOS -> "-30.0083069"
 Parameter: ZPOS -> "-35.2723206"
 Parameter: ZPHI -> "300.117223"
 SELRPN>      1 atoms have been selected out of  24952
 ROTATION MATRIX
    0.501771   -0.865001    0.000000
    0.865001    0.501771    0.000000
    0.000000    0.000000    1.000000

 AXIS OF ROTATION IS  0.000000  0.000000 -1.000000  ANGLE IS   59.88

 SELECTED COORDINATES ROTATED IN THE MAIN SET.

  
 CHARMM>     
  
 CHARMM>     
  
 CHARMM>            calc dcut = 3.5
Evaluating: 3.5
 Parameter: DCUT <- "3.5"
  
 CHARMM>     
  
 CHARMM>            coor stat sele target end
 SELRPN>      1 atoms have been selected out of  24952
 STATISTICS FOR         1 SELECTED ATOMS:
    XMIN =    2.230816 XMAX =    2.230816 XAVE =    2.230816
    YMIN =  -30.008307 YMAX =  -30.008307 YAVE =  -30.008307
    ZMIN =  -35.272321 ZMAX =  -35.272321 ZAVE =  -35.272321
    WMIN =   -1.000000 WMAX =   -1.000000 WAVE =   -1.000000
  
 CHARMM>            calc xmax = ?xmax + @dcut
 Parameter: DCUT -> "3.5"
 RDCMND substituted energy or value "?XMAX" to "2.23081591"
Evaluating: 2.23081591+3.5
 Parameter: XMAX <- "5.73081591"
  
 CHARMM>            calc ymax = ?ymax + @dcut
 Parameter: DCUT -> "3.5"
 RDCMND substituted energy or value "?YMAX" to "-30.0083069"
Evaluating: -30.0083069+3.5
 Parameter: YMAX <- "-26.5083069"
  
 CHARMM>            calc zmax = ?zmax + @dcut
 Parameter: DCUT -> "3.5"
 RDCMND substituted energy or value "?ZMAX" to "-35.2723206"
Evaluating: -35.2723206+3.5
 Parameter: ZMAX <- "-31.7723206"
  
 CHARMM>            calc xmin = ?xmin - @dcut
 Parameter: DCUT -> "3.5"
 RDCMND substituted energy or value "?XMIN" to "2.23081591"
Evaluating: 2.23081591-3.5
 Parameter: XMIN <- "-1.26918409"
  
 CHARMM>            calc ymin = ?ymin - @dcut
 Parameter: DCUT -> "3.5"
 RDCMND substituted energy or value "?YMIN" to "-30.0083069"
Evaluating: -30.0083069-3.5
 Parameter: YMIN <- "-33.5083069"
  
 CHARMM>            calc zmin = ?zmin - @dcut
 Parameter: DCUT -> "3.5"
 RDCMND substituted energy or value "?ZMIN" to "-35.2723206"
Evaluating: -35.2723206-3.5
 Parameter: ZMIN <- "-38.7723206"
  
 CHARMM>     
  
 CHARMM>            define JUNK sele .not. target .and. -
 CHARMM>                             prop X .lt. @xmax .and. prop X .gt. @xmin .and. -
 CHARMM>                             prop Y .lt. @ymax .and. prop Y .gt. @ymin .and. -
 CHARMM>                             prop Z .lt. @zmax .and. prop Z .gt. @zmin  end
 Parameter: XMAX -> "5.73081591"
 Parameter: XMIN -> "-1.26918409"
 Parameter: YMAX -> "-26.5083069"
 Parameter: YMIN -> "-33.5083069"
 Parameter: ZMAX -> "-31.7723206"
 Parameter: ZMIN -> "-38.7723206"
 SELRPN>      0 atoms have been selected out of  24952
  
 CHARMM>     
  
 CHARMM>            ! check if the ions are too close to protein
  
 CHARMM>            define XXX sele PROT end
 SELRPN>      0 atoms have been selected out of  24952
  
 CHARMM>            if ?nsel .gt. 0 then
 RDCMND substituted energy or value "?NSEL" to "0"
 Comparing "0" and "0".
 IF test evaluated as false.  Skip to ELSE or ENDIF
  
 CHARMM>     
  
 CHARMM>            ! check if the ions are too close to solute
  
 CHARMM>            coor dist cut 4.0 sele target end sele JUNK .and. .not. hydrogen end image
 SELRPN>      1 atoms have been selected out of  36561
 SELRPN>      0 atoms have been selected out of  36561

            DISTANCES FOR SELECTED ATOMS
            ONLY ONE SELECTION SET SPECIFIED, A COMPARISON WILL BE DONE
 TOTAL EXCLUSION COUNT =         0
 TOTAL 1-4 EXCLUSIONS  =         0
 TOTAL NON-EXCLUSIONS  =         0
  
 CHARMM>            if ?npair .gt. 0 goto doinit
 RDCMND substituted energy or value "?NPAIR" to "0"
 Comparing "0" and "0".
 IF test evaluated as false.  Skipping command
  
 CHARMM>     
  
 CHARMM>            calc cntrand = 0
Evaluating: 0
 Parameter: CNTRAND <- "0"
  
 CHARMM>            increase i by 1
 Parameter: I <- "48"
  
 CHARMM>            if i .le. @nion goto doinit
 Parameter: NION -> "52"
 Comparing "48" and "52".
 IF test evaluated as true.  Performing command
  
 CHARMM>     
  
 CHARMM>            calc cntrand = @cntrand + 1
 Parameter: CNTRAND -> "0"
Evaluating: 0+1
 Parameter: CNTRAND <- "1"
  
 CHARMM>            if cntrand .gt. 100 stop ! ABNORMAL TERMINATION: ion placing may not work.. stop here
 Comparing "1" and "100".
 IF test evaluated as false.  Skipping command
  
 CHARMM>     
  
 CHARMM>            calc j = @i
 Parameter: I -> "48"
Evaluating: 48
 Parameter: J <- "48"
  
 CHARMM>            set ion = POS
 Parameter: ION <- "POS"
  
 CHARMM>     
  
 CHARMM>            if j .gt. @npos then
 Parameter: NPOS -> "26"
 Comparing "48" and "26".
 IF test evaluated as true.  Performing command
  
 CHARMM>               set ion = NEG
 Parameter: ION <- "NEG"
  
 CHARMM>               calc j  = @j - @npos
 Parameter: J -> "48"
 Parameter: NPOS -> "26"
Evaluating: 48-26
 Parameter: J <- "22"
  
 CHARMM>            endif
  
 CHARMM>     
  
 CHARMM>            define target select segid @ion .and. resid @j end
 Parameter: ION -> "NEG"
 Parameter: J -> "22"
 SELRPN>      1 atoms have been selected out of  24952
  
 CHARMM>     
  
 CHARMM>            calc xpos = @A * ( ?random - 0.5 )
 Parameter: A -> "76.8049478"
 RDCMND substituted energy or value "?RANDOM" to "0.860271082"
Evaluating: 76.8049478*(0.860271082-0.5)
 Parameter: XPOS <- "27.6706016"
  
 CHARMM>            calc ypos = @B * ( ?random - 0.5 )
 Parameter: B -> "76.8049478"
 RDCMND substituted energy or value "?RANDOM" to "0.951502804"
Evaluating: 76.8049478*(0.951502804-0.5)
 Parameter: YPOS <- "34.6776493"
  
 CHARMM>            calc zpos = @C * ( ?random - 0.5 ) + @zcen
 Parameter: C -> "100"
 Parameter: ZCEN -> "0"
 RDCMND substituted energy or value "?RANDOM" to "0.64928504"
Evaluating: 100*(0.64928504-0.5)+0
 Parameter: ZPOS <- "14.928504"
  
 CHARMM>     
  
 CHARMM>            if zpos .gt. -15 if zpos .lt. 15 goto doinit
 Comparing "14.928504" and "-15".
 IF test evaluated as true.  Performing command
 Comparing "14.928504" and "15".
 IF test evaluated as true.  Performing command
  
 CHARMM>     
  
 CHARMM>            calc cntrand = @cntrand + 1
 Parameter: CNTRAND -> "1"
Evaluating: 1+1
 Parameter: CNTRAND <- "2"
  
 CHARMM>            if cntrand .gt. 100 stop ! ABNORMAL TERMINATION: ion placing may not work.. stop here
 Comparing "2" and "100".
 IF test evaluated as false.  Skipping command
  
 CHARMM>     
  
 CHARMM>            calc j = @i
 Parameter: I -> "48"
Evaluating: 48
 Parameter: J <- "48"
  
 CHARMM>            set ion = POS
 Parameter: ION <- "POS"
  
 CHARMM>     
  
 CHARMM>            if j .gt. @npos then
 Parameter: NPOS -> "26"
 Comparing "48" and "26".
 IF test evaluated as true.  Performing command
  
 CHARMM>               set ion = NEG
 Parameter: ION <- "NEG"
  
 CHARMM>               calc j  = @j - @npos
 Parameter: J -> "48"
 Parameter: NPOS -> "26"
Evaluating: 48-26
 Parameter: J <- "22"
  
 CHARMM>            endif
  
 CHARMM>     
  
 CHARMM>            define target select segid @ion .and. resid @j end
 Parameter: ION -> "NEG"
 Parameter: J -> "22"
 SELRPN>      1 atoms have been selected out of  24952
  
 CHARMM>     
  
 CHARMM>            calc xpos = @A * ( ?random - 0.5 )
 Parameter: A -> "76.8049478"
 RDCMND substituted energy or value "?RANDOM" to "0.214375117"
Evaluating: 76.8049478*(0.214375117-0.5)
 Parameter: XPOS <- "-21.9374042"
  
 CHARMM>            calc ypos = @B * ( ?random - 0.5 )
 Parameter: B -> "76.8049478"
 RDCMND substituted energy or value "?RANDOM" to "0.395553055"
Evaluating: 76.8049478*(0.395553055-0.5)
 Parameter: YPOS <- "-8.02204216"
  
 CHARMM>            calc zpos = @C * ( ?random - 0.5 ) + @zcen
 Parameter: C -> "100"
 Parameter: ZCEN -> "0"
 RDCMND substituted energy or value "?RANDOM" to "0.338342836"
Evaluating: 100*(0.338342836-0.5)+0
 Parameter: ZPOS <- "-16.1657164"
  
 CHARMM>     
  
 CHARMM>            if zpos .gt. -15 if zpos .lt. 15 goto doinit
 Comparing "-16.1657164" and "-15".
 IF test evaluated as false.  Skipping command
  
 CHARMM>     
  
 CHARMM>            ! move target to selected position
  
 CHARMM>            coor stat select target end
 SELRPN>      1 atoms have been selected out of  24952
 STATISTICS FOR         1 SELECTED ATOMS:
    XMIN =    0.000000 XMAX =    0.000000 XAVE =    0.000000
    YMIN =    0.000000 YMAX =    0.000000 YAVE =    0.000000
    ZMIN =    0.000000 ZMAX =    0.000000 ZAVE =    0.000000
    WMIN =   -1.000000 WMAX =   -1.000000 WAVE =   -1.000000
  
 CHARMM>            calc xtran = @xpos - ?xave
 Parameter: XPOS -> "-21.9374042"
 RDCMND substituted energy or value "?XAVE" to "0"
Evaluating: -21.9374042-0
 Parameter: XTRAN <- "-21.9374042"
  
 CHARMM>            calc ytran = @ypos - ?yave
 Parameter: YPOS -> "-8.02204216"
 RDCMND substituted energy or value "?YAVE" to "0"
Evaluating: -8.02204216-0
 Parameter: YTRAN <- "-8.02204216"
  
 CHARMM>            calc ztran = @zpos - ?zave
 Parameter: ZPOS -> "-16.1657164"
 RDCMND substituted energy or value "?ZAVE" to "0"
Evaluating: -16.1657164-0
 Parameter: ZTRAN <- "-16.1657164"
  
 CHARMM>            coor trans xdir @xtran ydir @ytran zdir @ztran select target end
 Parameter: XTRAN -> "-21.9374042"
 Parameter: YTRAN -> "-8.02204216"
 Parameter: ZTRAN -> "-16.1657164"
 SELRPN>      1 atoms have been selected out of  24952
 TRANSLATION VECTOR   -21.937404   -8.022042  -16.165716
 SELECTED COORDINATES TRANSLATED IN THE MAIN SET.

  
 CHARMM>     
  
 CHARMM>            ! apply a random rotation along XYZ
  
 CHARMM>            calc xphi = ?random * 360.0
 RDCMND substituted energy or value "?RANDOM" to "0.928560344"
Evaluating: 0.928560344*360.0
 Parameter: XPHI <- "334.281724"
  
 CHARMM>            calc yphi = ?random * 360.0
 RDCMND substituted energy or value "?RANDOM" to "0.964823554"
Evaluating: 0.964823554*360.0
 Parameter: YPHI <- "347.336479"
  
 CHARMM>            calc zphi = ?random * 360.0
 RDCMND substituted energy or value "?RANDOM" to "0.621525303"
Evaluating: 0.621525303*360.0
 Parameter: ZPHI <- "223.749109"
  
 CHARMM>            coor rotate xcen @xpos ycen @ypos zcen @zpos xdir 1.0 -
 CHARMM>                phi @xphi select target end
 Parameter: XPOS -> "-21.9374042"
 Parameter: YPOS -> "-8.02204216"
 Parameter: ZPOS -> "-16.1657164"
 Parameter: XPHI -> "334.281724"
 SELRPN>      1 atoms have been selected out of  24952
 ROTATION MATRIX
    1.000000    0.000000    0.000000
    0.000000    0.900939   -0.433946
    0.000000    0.433946    0.900939

 AXIS OF ROTATION IS -1.000000  0.000000  0.000000  ANGLE IS   25.72

 SELECTED COORDINATES ROTATED IN THE MAIN SET.

  
 CHARMM>            coor rotate xcen @xpos ycen @ypos zcen @zpos ydir 1.0 -
 CHARMM>                phi @yphi select target end
 Parameter: XPOS -> "-21.9374042"
 Parameter: YPOS -> "-8.02204216"
 Parameter: ZPOS -> "-16.1657164"
 Parameter: YPHI -> "347.336479"
 SELRPN>      1 atoms have been selected out of  24952
 ROTATION MATRIX
    0.975674    0.000000    0.219225
    0.000000    1.000000    0.000000
   -0.219225    0.000000    0.975674

 AXIS OF ROTATION IS  0.000000 -1.000000  0.000000  ANGLE IS   12.66

 SELECTED COORDINATES ROTATED IN THE MAIN SET.

  
 CHARMM>            coor rotate xcen @xpos ycen @ypos zcen @zpos zdir 1.0 -
 CHARMM>                phi @zphi select target end
 Parameter: XPOS -> "-21.9374042"
 Parameter: YPOS -> "-8.02204216"
 Parameter: ZPOS -> "-16.1657164"
 Parameter: ZPHI -> "223.749109"
 SELRPN>      1 atoms have been selected out of  24952
 ROTATION MATRIX
   -0.722375   -0.691502    0.000000
    0.691502   -0.722375    0.000000
    0.000000    0.000000    1.000000

 AXIS OF ROTATION IS  0.000000  0.000000 -1.000000  ANGLE IS  136.25

 SELECTED COORDINATES ROTATED IN THE MAIN SET.

  
 CHARMM>     
  
 CHARMM>     
  
 CHARMM>            calc dcut = 3.5
Evaluating: 3.5
 Parameter: DCUT <- "3.5"
  
 CHARMM>     
  
 CHARMM>            coor stat sele target end
 SELRPN>      1 atoms have been selected out of  24952
 STATISTICS FOR         1 SELECTED ATOMS:
    XMIN =  -21.937404 XMAX =  -21.937404 XAVE =  -21.937404
    YMIN =   -8.022042 YMAX =   -8.022042 YAVE =   -8.022042
    ZMIN =  -16.165716 ZMAX =  -16.165716 ZAVE =  -16.165716
    WMIN =   -1.000000 WMAX =   -1.000000 WAVE =   -1.000000
  
 CHARMM>            calc xmax = ?xmax + @dcut
 Parameter: DCUT -> "3.5"
 RDCMND substituted energy or value "?XMAX" to "-21.9374042"
Evaluating: -21.9374042+3.5
 Parameter: XMAX <- "-18.4374042"
  
 CHARMM>            calc ymax = ?ymax + @dcut
 Parameter: DCUT -> "3.5"
 RDCMND substituted energy or value "?YMAX" to "-8.02204216"
Evaluating: -8.02204216+3.5
 Parameter: YMAX <- "-4.52204216"
  
 CHARMM>            calc zmax = ?zmax + @dcut
 Parameter: DCUT -> "3.5"
 RDCMND substituted energy or value "?ZMAX" to "-16.1657164"
Evaluating: -16.1657164+3.5
 Parameter: ZMAX <- "-12.6657164"
  
 CHARMM>            calc xmin = ?xmin - @dcut
 Parameter: DCUT -> "3.5"
 RDCMND substituted energy or value "?XMIN" to "-21.9374042"
Evaluating: -21.9374042-3.5
 Parameter: XMIN <- "-25.4374042"
  
 CHARMM>            calc ymin = ?ymin - @dcut
 Parameter: DCUT -> "3.5"
 RDCMND substituted energy or value "?YMIN" to "-8.02204216"
Evaluating: -8.02204216-3.5
 Parameter: YMIN <- "-11.5220422"
  
 CHARMM>            calc zmin = ?zmin - @dcut
 Parameter: DCUT -> "3.5"
 RDCMND substituted energy or value "?ZMIN" to "-16.1657164"
Evaluating: -16.1657164-3.5
 Parameter: ZMIN <- "-19.6657164"
  
 CHARMM>     
  
 CHARMM>            define JUNK sele .not. target .and. -
 CHARMM>                             prop X .lt. @xmax .and. prop X .gt. @xmin .and. -
 CHARMM>                             prop Y .lt. @ymax .and. prop Y .gt. @ymin .and. -
 CHARMM>                             prop Z .lt. @zmax .and. prop Z .gt. @zmin  end
 Parameter: XMAX -> "-18.4374042"
 Parameter: XMIN -> "-25.4374042"
 Parameter: YMAX -> "-4.52204216"
 Parameter: YMIN -> "-11.5220422"
 Parameter: ZMAX -> "-12.6657164"
 Parameter: ZMIN -> "-19.6657164"
 SELRPN>     22 atoms have been selected out of  24952
  
 CHARMM>     
  
 CHARMM>            ! check if the ions are too close to protein
  
 CHARMM>            define XXX sele PROT end
 SELRPN>      0 atoms have been selected out of  24952
  
 CHARMM>            if ?nsel .gt. 0 then
 RDCMND substituted energy or value "?NSEL" to "0"
 Comparing "0" and "0".
 IF test evaluated as false.  Skip to ELSE or ENDIF
  
 CHARMM>     
  
 CHARMM>            ! check if the ions are too close to solute
  
 CHARMM>            coor dist cut 4.0 sele target end sele JUNK .and. .not. hydrogen end image
 SELRPN>      1 atoms have been selected out of  36561
 SELRPN>     11 atoms have been selected out of  36561

            DISTANCES FOR SELECTED ATOMS
24948 NEG      CLA      22       CLA     -**** MEMB     DOPC     118      C2            3.6613
24948 NEG      CLA      22       CLA     -**** MEMB     DOPC     118      C3            2.3352
24948 NEG      CLA      22       CLA     -**** MEMB     DOPC     118      O31           2.8586
24948 NEG      CLA      22       CLA     -**** MEMB     DOPC     118      C31           3.6145
24948 NEG      CLA      22       CLA     -**** MEMB     DOPE     137      O13           2.7525
24948 NEG      CLA      22       CLA     -**** MEMB     DOPE     137      O22           3.8254
 TOTAL EXCLUSION COUNT =         0
 TOTAL 1-4 EXCLUSIONS  =         0
 TOTAL NON-EXCLUSIONS  =         6
  
 CHARMM>            if ?npair .gt. 0 goto doinit
 RDCMND substituted energy or value "?NPAIR" to "6"
 Comparing "6" and "0".
 IF test evaluated as true.  Performing command
  
 CHARMM>     
  
 CHARMM>            calc cntrand = @cntrand + 1
 Parameter: CNTRAND -> "2"
Evaluating: 2+1
 Parameter: CNTRAND <- "3"
  
 CHARMM>            if cntrand .gt. 100 stop ! ABNORMAL TERMINATION: ion placing may not work.. stop here
 Comparing "3" and "100".
 IF test evaluated as false.  Skipping command
  
 CHARMM>     
  
 CHARMM>            calc j = @i
 Parameter: I -> "48"
Evaluating: 48
 Parameter: J <- "48"
  
 CHARMM>            set ion = POS
 Parameter: ION <- "POS"
  
 CHARMM>     
  
 CHARMM>            if j .gt. @npos then
 Parameter: NPOS -> "26"
 Comparing "48" and "26".
 IF test evaluated as true.  Performing command
  
 CHARMM>               set ion = NEG
 Parameter: ION <- "NEG"
  
 CHARMM>               calc j  = @j - @npos
 Parameter: J -> "48"
 Parameter: NPOS -> "26"
Evaluating: 48-26
 Parameter: J <- "22"
  
 CHARMM>            endif
  
 CHARMM>     
  
 CHARMM>            define target select segid @ion .and. resid @j end
 Parameter: ION -> "NEG"
 Parameter: J -> "22"
 SELRPN>      1 atoms have been selected out of  24952
  
 CHARMM>     
  
 CHARMM>            calc xpos = @A * ( ?random - 0.5 )
 Parameter: A -> "76.8049478"
 RDCMND substituted energy or value "?RANDOM" to "0.587337251"
Evaluating: 76.8049478*(0.587337251-0.5)
 Parameter: XPOS <- "6.707933"
  
 CHARMM>            calc ypos = @B * ( ?random - 0.5 )
 Parameter: B -> "76.8049478"
 RDCMND substituted energy or value "?RANDOM" to "0.570830582"
Evaluating: 76.8049478*(0.570830582-0.5)
 Parameter: YPOS <- "5.44013915"
  
 CHARMM>            calc zpos = @C * ( ?random - 0.5 ) + @zcen
 Parameter: C -> "100"
 Parameter: ZCEN -> "0"
 RDCMND substituted energy or value "?RANDOM" to "0.177042049"
Evaluating: 100*(0.177042049-0.5)+0
 Parameter: ZPOS <- "-32.2957951"
  
 CHARMM>     
  
 CHARMM>            if zpos .gt. -15 if zpos .lt. 15 goto doinit
 Comparing "-32.2957951" and "-15".
 IF test evaluated as false.  Skipping command
  
 CHARMM>     
  
 CHARMM>            ! move target to selected position
  
 CHARMM>            coor stat select target end
 SELRPN>      1 atoms have been selected out of  24952
 STATISTICS FOR         1 SELECTED ATOMS:
    XMIN =  -21.937404 XMAX =  -21.937404 XAVE =  -21.937404
    YMIN =   -8.022042 YMAX =   -8.022042 YAVE =   -8.022042
    ZMIN =  -16.165716 ZMAX =  -16.165716 ZAVE =  -16.165716
    WMIN =   -1.000000 WMAX =   -1.000000 WAVE =   -1.000000
  
 CHARMM>            calc xtran = @xpos - ?xave
 Parameter: XPOS -> "6.707933"
 RDCMND substituted energy or value "?XAVE" to "-21.9374042"
Evaluating: 6.707933--21.9374042
 Parameter: XTRAN <- "28.6453372"
  
 CHARMM>            calc ytran = @ypos - ?yave
 Parameter: YPOS -> "5.44013915"
 RDCMND substituted energy or value "?YAVE" to "-8.02204216"
Evaluating: 5.44013915--8.02204216
 Parameter: YTRAN <- "13.4621813"
  
 CHARMM>            calc ztran = @zpos - ?zave
 Parameter: ZPOS -> "-32.2957951"
 RDCMND substituted energy or value "?ZAVE" to "-16.1657164"
Evaluating: -32.2957951--16.1657164
 Parameter: ZTRAN <- "-16.1300787"
  
 CHARMM>            coor trans xdir @xtran ydir @ytran zdir @ztran select target end
 Parameter: XTRAN -> "28.6453372"
 Parameter: YTRAN -> "13.4621813"
 Parameter: ZTRAN -> "-16.1300787"
 SELRPN>      1 atoms have been selected out of  24952
 TRANSLATION VECTOR    28.645337   13.462181  -16.130079
 SELECTED COORDINATES TRANSLATED IN THE MAIN SET.

  
 CHARMM>     
  
 CHARMM>            ! apply a random rotation along XYZ
  
 CHARMM>            calc xphi = ?random * 360.0
 RDCMND substituted energy or value "?RANDOM" to "0.822619168"
Evaluating: 0.822619168*360.0
 Parameter: XPHI <- "296.1429"
  
 CHARMM>            calc yphi = ?random * 360.0
 RDCMND substituted energy or value "?RANDOM" to "0.308304508"
Evaluating: 0.308304508*360.0
 Parameter: YPHI <- "110.989623"
  
 CHARMM>            calc zphi = ?random * 360.0
 RDCMND substituted energy or value "?RANDOM" to "0.585054619"
Evaluating: 0.585054619*360.0
 Parameter: ZPHI <- "210.619663"
  
 CHARMM>            coor rotate xcen @xpos ycen @ypos zcen @zpos xdir 1.0 -
 CHARMM>                phi @xphi select target end
 Parameter: XPOS -> "6.707933"
 Parameter: YPOS -> "5.44013915"
 Parameter: ZPOS -> "-32.2957951"
 Parameter: XPHI -> "296.1429"
 SELRPN>      1 atoms have been selected out of  24952
 ROTATION MATRIX
    1.000000    0.000000    0.000000
    0.000000    0.440611   -0.897698
    0.000000    0.897698    0.440611

 AXIS OF ROTATION IS -1.000000  0.000000  0.000000  ANGLE IS   63.86

 SELECTED COORDINATES ROTATED IN THE MAIN SET.

  
 CHARMM>            coor rotate xcen @xpos ycen @ypos zcen @zpos ydir 1.0 -
 CHARMM>                phi @yphi select target end
 Parameter: XPOS -> "6.707933"
 Parameter: YPOS -> "5.44013915"
 Parameter: ZPOS -> "-32.2957951"
 Parameter: YPHI -> "110.989623"
 SELRPN>      1 atoms have been selected out of  24952
 ROTATION MATRIX
   -0.358199    0.000000   -0.933645
    0.000000    1.000000    0.000000
    0.933645    0.000000   -0.358199

 AXIS OF ROTATION IS  0.000000  1.000000  0.000000  ANGLE IS  110.99

 SELECTED COORDINATES ROTATED IN THE MAIN SET.

  
 CHARMM>            coor rotate xcen @xpos ycen @ypos zcen @zpos zdir 1.0 -
 CHARMM>                phi @zphi select target end
 Parameter: XPOS -> "6.707933"
 Parameter: YPOS -> "5.44013915"
 Parameter: ZPOS -> "-32.2957951"
 Parameter: ZPHI -> "210.619663"
 SELRPN>      1 atoms have been selected out of  24952
 ROTATION MATRIX
   -0.860567   -0.509337    0.000000
    0.509337   -0.860567    0.000000
    0.000000    0.000000    1.000000

 AXIS OF ROTATION IS  0.000000  0.000000 -1.000000  ANGLE IS  149.38

 SELECTED COORDINATES ROTATED IN THE MAIN SET.

  
 CHARMM>     
  
 CHARMM>     
  
 CHARMM>            calc dcut = 3.5
Evaluating: 3.5
 Parameter: DCUT <- "3.5"
  
 CHARMM>     
  
 CHARMM>            coor stat sele target end
 SELRPN>      1 atoms have been selected out of  24952
 STATISTICS FOR         1 SELECTED ATOMS:
    XMIN =    6.707933 XMAX =    6.707933 XAVE =    6.707933
    YMIN =    5.440139 YMAX =    5.440139 YAVE =    5.440139
    ZMIN =  -32.295795 ZMAX =  -32.295795 ZAVE =  -32.295795
    WMIN =   -1.000000 WMAX =   -1.000000 WAVE =   -1.000000
  
 CHARMM>            calc xmax = ?xmax + @dcut
 Parameter: DCUT -> "3.5"
 RDCMND substituted energy or value "?XMAX" to "6.707933"
Evaluating: 6.707933+3.5
 Parameter: XMAX <- "10.207933"
  
 CHARMM>            calc ymax = ?ymax + @dcut
 Parameter: DCUT -> "3.5"
 RDCMND substituted energy or value "?YMAX" to "5.44013916"
Evaluating: 5.44013916+3.5
 Parameter: YMAX <- "8.94013916"
  
 CHARMM>            calc zmax = ?zmax + @dcut
 Parameter: DCUT -> "3.5"
 RDCMND substituted energy or value "?ZMAX" to "-32.2957951"
Evaluating: -32.2957951+3.5
 Parameter: ZMAX <- "-28.7957951"
  
 CHARMM>            calc xmin = ?xmin - @dcut
 Parameter: DCUT -> "3.5"
 RDCMND substituted energy or value "?XMIN" to "6.707933"
Evaluating: 6.707933-3.5
 Parameter: XMIN <- "3.207933"
  
 CHARMM>            calc ymin = ?ymin - @dcut
 Parameter: DCUT -> "3.5"
 RDCMND substituted energy or value "?YMIN" to "5.44013916"
Evaluating: 5.44013916-3.5
 Parameter: YMIN <- "1.94013916"
  
 CHARMM>            calc zmin = ?zmin - @dcut
 Parameter: DCUT -> "3.5"
 RDCMND substituted energy or value "?ZMIN" to "-32.2957951"
Evaluating: -32.2957951-3.5
 Parameter: ZMIN <- "-35.7957951"
  
 CHARMM>     
  
 CHARMM>            define JUNK sele .not. target .and. -
 CHARMM>                             prop X .lt. @xmax .and. prop X .gt. @xmin .and. -
 CHARMM>                             prop Y .lt. @ymax .and. prop Y .gt. @ymin .and. -
 CHARMM>                             prop Z .lt. @zmax .and. prop Z .gt. @zmin  end
 Parameter: XMAX -> "10.207933"
 Parameter: XMIN -> "3.207933"
 Parameter: YMAX -> "8.94013916"
 Parameter: YMIN -> "1.94013916"
 Parameter: ZMAX -> "-28.7957951"
 Parameter: ZMIN -> "-35.7957951"
 SELRPN>      4 atoms have been selected out of  24952
  
 CHARMM>     
  
 CHARMM>            ! check if the ions are too close to protein
  
 CHARMM>            define XXX sele PROT end
 SELRPN>      0 atoms have been selected out of  24952
  
 CHARMM>            if ?nsel .gt. 0 then
 RDCMND substituted energy or value "?NSEL" to "0"
 Comparing "0" and "0".
 IF test evaluated as false.  Skip to ELSE or ENDIF
  
 CHARMM>     
  
 CHARMM>            ! check if the ions are too close to solute
  
 CHARMM>            coor dist cut 4.0 sele target end sele JUNK .and. .not. hydrogen end image
 SELRPN>      1 atoms have been selected out of  36561
 SELRPN>      1 atoms have been selected out of  36561

            DISTANCES FOR SELECTED ATOMS
 TOTAL EXCLUSION COUNT =         0
 TOTAL 1-4 EXCLUSIONS  =         0
 TOTAL NON-EXCLUSIONS  =         0
  
 CHARMM>            if ?npair .gt. 0 goto doinit
 RDCMND substituted energy or value "?NPAIR" to "0"
 Comparing "0" and "0".
 IF test evaluated as false.  Skipping command
  
 CHARMM>     
  
 CHARMM>            calc cntrand = 0
Evaluating: 0
 Parameter: CNTRAND <- "0"
  
 CHARMM>            increase i by 1
 Parameter: I <- "49"
  
 CHARMM>            if i .le. @nion goto doinit
 Parameter: NION -> "52"
 Comparing "49" and "52".
 IF test evaluated as true.  Performing command
  
 CHARMM>     
  
 CHARMM>            calc cntrand = @cntrand + 1
 Parameter: CNTRAND -> "0"
Evaluating: 0+1
 Parameter: CNTRAND <- "1"
  
 CHARMM>            if cntrand .gt. 100 stop ! ABNORMAL TERMINATION: ion placing may not work.. stop here
 Comparing "1" and "100".
 IF test evaluated as false.  Skipping command
  
 CHARMM>     
  
 CHARMM>            calc j = @i
 Parameter: I -> "49"
Evaluating: 49
 Parameter: J <- "49"
  
 CHARMM>            set ion = POS
 Parameter: ION <- "POS"
  
 CHARMM>     
  
 CHARMM>            if j .gt. @npos then
 Parameter: NPOS -> "26"
 Comparing "49" and "26".
 IF test evaluated as true.  Performing command
  
 CHARMM>               set ion = NEG
 Parameter: ION <- "NEG"
  
 CHARMM>               calc j  = @j - @npos
 Parameter: J -> "49"
 Parameter: NPOS -> "26"
Evaluating: 49-26
 Parameter: J <- "23"
  
 CHARMM>            endif
  
 CHARMM>     
  
 CHARMM>            define target select segid @ion .and. resid @j end
 Parameter: ION -> "NEG"
 Parameter: J -> "23"
 SELRPN>      1 atoms have been selected out of  24952
  
 CHARMM>     
  
 CHARMM>            calc xpos = @A * ( ?random - 0.5 )
 Parameter: A -> "76.8049478"
 RDCMND substituted energy or value "?RANDOM" to "0.498659922"
Evaluating: 76.8049478*(0.498659922-0.5)
 Parameter: XPOS <- "-0.102924621"
  
 CHARMM>            calc ypos = @B * ( ?random - 0.5 )
 Parameter: B -> "76.8049478"
 RDCMND substituted energy or value "?RANDOM" to "0.754412153"
Evaluating: 76.8049478*(0.754412153-0.5)
 Parameter: YPOS <- "19.5401121"
  
 CHARMM>            calc zpos = @C * ( ?random - 0.5 ) + @zcen
 Parameter: C -> "100"
 Parameter: ZCEN -> "0"
 RDCMND substituted energy or value "?RANDOM" to "0.279054705"
Evaluating: 100*(0.279054705-0.5)+0
 Parameter: ZPOS <- "-22.0945295"
  
 CHARMM>     
  
 CHARMM>            if zpos .gt. -15 if zpos .lt. 15 goto doinit
 Comparing "-22.0945295" and "-15".
 IF test evaluated as false.  Skipping command
  
 CHARMM>     
  
 CHARMM>            ! move target to selected position
  
 CHARMM>            coor stat select target end
 SELRPN>      1 atoms have been selected out of  24952
 STATISTICS FOR         1 SELECTED ATOMS:
    XMIN =    0.000000 XMAX =    0.000000 XAVE =    0.000000
    YMIN =    0.000000 YMAX =    0.000000 YAVE =    0.000000
    ZMIN =    0.000000 ZMAX =    0.000000 ZAVE =    0.000000
    WMIN =   -1.000000 WMAX =   -1.000000 WAVE =   -1.000000
  
 CHARMM>            calc xtran = @xpos - ?xave
 Parameter: XPOS -> "-0.102924621"
 RDCMND substituted energy or value "?XAVE" to "0"
Evaluating: -0.102924621-0
 Parameter: XTRAN <- "-0.102924621"
  
 CHARMM>            calc ytran = @ypos - ?yave
 Parameter: YPOS -> "19.5401121"
 RDCMND substituted energy or value "?YAVE" to "0"
Evaluating: 19.5401121-0
 Parameter: YTRAN <- "19.5401121"
  
 CHARMM>            calc ztran = @zpos - ?zave
 Parameter: ZPOS -> "-22.0945295"
 RDCMND substituted energy or value "?ZAVE" to "0"
Evaluating: -22.0945295-0
 Parameter: ZTRAN <- "-22.0945295"
  
 CHARMM>            coor trans xdir @xtran ydir @ytran zdir @ztran select target end
 Parameter: XTRAN -> "-0.102924621"
 Parameter: YTRAN -> "19.5401121"
 Parameter: ZTRAN -> "-22.0945295"
 SELRPN>      1 atoms have been selected out of  24952
 TRANSLATION VECTOR    -0.102925   19.540112  -22.094530
 SELECTED COORDINATES TRANSLATED IN THE MAIN SET.

  
 CHARMM>     
  
 CHARMM>            ! apply a random rotation along XYZ
  
 CHARMM>            calc xphi = ?random * 360.0
 RDCMND substituted energy or value "?RANDOM" to "0.240178104"
Evaluating: 0.240178104*360.0
 Parameter: XPHI <- "86.4641174"
  
 CHARMM>            calc yphi = ?random * 360.0
 RDCMND substituted energy or value "?RANDOM" to "0.891662493"
Evaluating: 0.891662493*360.0
 Parameter: YPHI <- "320.998497"
  
 CHARMM>            calc zphi = ?random * 360.0
 RDCMND substituted energy or value "?RANDOM" to "5.366248114E-02"
Evaluating: 5.366248114E-02*360.0
 Parameter: ZPHI <- "19.3184932"
  
 CHARMM>            coor rotate xcen @xpos ycen @ypos zcen @zpos xdir 1.0 -
 CHARMM>                phi @xphi select target end
 Parameter: XPOS -> "-0.102924621"
 Parameter: YPOS -> "19.5401121"
 Parameter: ZPOS -> "-22.0945295"
 Parameter: XPHI -> "86.4641174"
 SELRPN>      1 atoms have been selected out of  24952
 ROTATION MATRIX
    1.000000    0.000000    0.000000
    0.000000    0.061674    0.998096
    0.000000   -0.998096    0.061674

 AXIS OF ROTATION IS  1.000000  0.000000  0.000000  ANGLE IS   86.46

 SELECTED COORDINATES ROTATED IN THE MAIN SET.

  
 CHARMM>            coor rotate xcen @xpos ycen @ypos zcen @zpos ydir 1.0 -
 CHARMM>                phi @yphi select target end
 Parameter: XPOS -> "-0.102924621"
 Parameter: YPOS -> "19.5401121"
 Parameter: ZPOS -> "-22.0945295"
 Parameter: YPHI -> "320.998497"
 SELRPN>      1 atoms have been selected out of  24952
 ROTATION MATRIX
    0.777129    0.000000    0.629341
    0.000000    1.000000    0.000000
   -0.629341    0.000000    0.777129

 AXIS OF ROTATION IS  0.000000 -1.000000  0.000000  ANGLE IS   39.00

 SELECTED COORDINATES ROTATED IN THE MAIN SET.

  
 CHARMM>            coor rotate xcen @xpos ycen @ypos zcen @zpos zdir 1.0 -
 CHARMM>                phi @zphi select target end
 Parameter: XPOS -> "-0.102924621"
 Parameter: YPOS -> "19.5401121"
 Parameter: ZPOS -> "-22.0945295"
 Parameter: ZPHI -> "19.3184932"
 SELRPN>      1 atoms have been selected out of  24952
 ROTATION MATRIX
    0.943694    0.330819    0.000000
   -0.330819    0.943694    0.000000
    0.000000    0.000000    1.000000

 AXIS OF ROTATION IS  0.000000  0.000000  1.000000  ANGLE IS   19.32

 SELECTED COORDINATES ROTATED IN THE MAIN SET.

  
 CHARMM>     
  
 CHARMM>     
  
 CHARMM>            calc dcut = 3.5
Evaluating: 3.5
 Parameter: DCUT <- "3.5"
  
 CHARMM>     
  
 CHARMM>            coor stat sele target end
 SELRPN>      1 atoms have been selected out of  24952
 STATISTICS FOR         1 SELECTED ATOMS:
    XMIN =   -0.102925 XMAX =   -0.102925 XAVE =   -0.102925
    YMIN =   19.540112 YMAX =   19.540112 YAVE =   19.540112
    ZMIN =  -22.094530 ZMAX =  -22.094530 ZAVE =  -22.094530
    WMIN =   -1.000000 WMAX =   -1.000000 WAVE =   -1.000000
  
 CHARMM>            calc xmax = ?xmax + @dcut
 Parameter: DCUT -> "3.5"
 RDCMND substituted energy or value "?XMAX" to "-0.102924621"
Evaluating: -0.102924621+3.5
 Parameter: XMAX <- "3.39707538"
  
 CHARMM>            calc ymax = ?ymax + @dcut
 Parameter: DCUT -> "3.5"
 RDCMND substituted energy or value "?YMAX" to "19.5401121"
Evaluating: 19.5401121+3.5
 Parameter: YMAX <- "23.0401121"
  
 CHARMM>            calc zmax = ?zmax + @dcut
 Parameter: DCUT -> "3.5"
 RDCMND substituted energy or value "?ZMAX" to "-22.0945295"
Evaluating: -22.0945295+3.5
 Parameter: ZMAX <- "-18.5945295"
  
 CHARMM>            calc xmin = ?xmin - @dcut
 Parameter: DCUT -> "3.5"
 RDCMND substituted energy or value "?XMIN" to "-0.102924621"
Evaluating: -0.102924621-3.5
 Parameter: XMIN <- "-3.60292462"
  
 CHARMM>            calc ymin = ?ymin - @dcut
 Parameter: DCUT -> "3.5"
 RDCMND substituted energy or value "?YMIN" to "19.5401121"
Evaluating: 19.5401121-3.5
 Parameter: YMIN <- "16.0401121"
  
 CHARMM>            calc zmin = ?zmin - @dcut
 Parameter: DCUT -> "3.5"
 RDCMND substituted energy or value "?ZMIN" to "-22.0945295"
Evaluating: -22.0945295-3.5
 Parameter: ZMIN <- "-25.5945295"
  
 CHARMM>     
  
 CHARMM>            define JUNK sele .not. target .and. -
 CHARMM>                             prop X .lt. @xmax .and. prop X .gt. @xmin .and. -
 CHARMM>                             prop Y .lt. @ymax .and. prop Y .gt. @ymin .and. -
 CHARMM>                             prop Z .lt. @zmax .and. prop Z .gt. @zmin  end
 Parameter: XMAX -> "3.39707538"
 Parameter: XMIN -> "-3.60292462"
 Parameter: YMAX -> "23.0401121"
 Parameter: YMIN -> "16.0401121"
 Parameter: ZMAX -> "-18.5945295"
 Parameter: ZMIN -> "-25.5945295"
 SELRPN>      5 atoms have been selected out of  24952
  
 CHARMM>     
  
 CHARMM>            ! check if the ions are too close to protein
  
 CHARMM>            define XXX sele PROT end
 SELRPN>      0 atoms have been selected out of  24952
  
 CHARMM>            if ?nsel .gt. 0 then
 RDCMND substituted energy or value "?NSEL" to "0"
 Comparing "0" and "0".
 IF test evaluated as false.  Skip to ELSE or ENDIF
  
 CHARMM>     
  
 CHARMM>            ! check if the ions are too close to solute
  
 CHARMM>            coor dist cut 4.0 sele target end sele JUNK .and. .not. hydrogen end image
 SELRPN>      1 atoms have been selected out of  36561
 SELRPN>      5 atoms have been selected out of  36561

            DISTANCES FOR SELECTED ATOMS
24949 NEG      CLA      23       CLA     -**** MEMB     DOPE     126      P             3.1020
24949 NEG      CLA      23       CLA     -**** MEMB     DOPE     126      O13           2.0939
24949 NEG      CLA      23       CLA     -**** MEMB     DOPE     126      O14           3.2365
 TOTAL EXCLUSION COUNT =         0
 TOTAL 1-4 EXCLUSIONS  =         0
 TOTAL NON-EXCLUSIONS  =         3
  
 CHARMM>            if ?npair .gt. 0 goto doinit
 RDCMND substituted energy or value "?NPAIR" to "3"
 Comparing "3" and "0".
 IF test evaluated as true.  Performing command
  
 CHARMM>     
  
 CHARMM>            calc cntrand = @cntrand + 1
 Parameter: CNTRAND -> "1"
Evaluating: 1+1
 Parameter: CNTRAND <- "2"
  
 CHARMM>            if cntrand .gt. 100 stop ! ABNORMAL TERMINATION: ion placing may not work.. stop here
 Comparing "2" and "100".
 IF test evaluated as false.  Skipping command
  
 CHARMM>     
  
 CHARMM>            calc j = @i
 Parameter: I -> "49"
Evaluating: 49
 Parameter: J <- "49"
  
 CHARMM>            set ion = POS
 Parameter: ION <- "POS"
  
 CHARMM>     
  
 CHARMM>            if j .gt. @npos then
 Parameter: NPOS -> "26"
 Comparing "49" and "26".
 IF test evaluated as true.  Performing command
  
 CHARMM>               set ion = NEG
 Parameter: ION <- "NEG"
  
 CHARMM>               calc j  = @j - @npos
 Parameter: J -> "49"
 Parameter: NPOS -> "26"
Evaluating: 49-26
 Parameter: J <- "23"
  
 CHARMM>            endif
  
 CHARMM>     
  
 CHARMM>            define target select segid @ion .and. resid @j end
 Parameter: ION -> "NEG"
 Parameter: J -> "23"
 SELRPN>      1 atoms have been selected out of  24952
  
 CHARMM>     
  
 CHARMM>            calc xpos = @A * ( ?random - 0.5 )
 Parameter: A -> "76.8049478"
 RDCMND substituted energy or value "?RANDOM" to "0.905277289"
Evaluating: 76.8049478*(0.905277289-0.5)
 Parameter: XPOS <- "31.127301"
  
 CHARMM>            calc ypos = @B * ( ?random - 0.5 )
 Parameter: B -> "76.8049478"
 RDCMND substituted energy or value "?RANDOM" to "4.279139534E-02"
Evaluating: 76.8049478*(4.279139534E-02-0.5)
 Parameter: YPOS <- "-35.115883"
  
 CHARMM>            calc zpos = @C * ( ?random - 0.5 ) + @zcen
 Parameter: C -> "100"
 Parameter: ZCEN -> "0"
 RDCMND substituted energy or value "?RANDOM" to "0.523382642"
Evaluating: 100*(0.523382642-0.5)+0
 Parameter: ZPOS <- "2.3382642"
  
 CHARMM>     
  
 CHARMM>            if zpos .gt. -15 if zpos .lt. 15 goto doinit
 Comparing "2.3382642" and "-15".
 IF test evaluated as true.  Performing command
 Comparing "2.3382642" and "15".
 IF test evaluated as true.  Performing command
  
 CHARMM>     
  
 CHARMM>            calc cntrand = @cntrand + 1
 Parameter: CNTRAND -> "2"
Evaluating: 2+1
 Parameter: CNTRAND <- "3"
  
 CHARMM>            if cntrand .gt. 100 stop ! ABNORMAL TERMINATION: ion placing may not work.. stop here
 Comparing "3" and "100".
 IF test evaluated as false.  Skipping command
  
 CHARMM>     
  
 CHARMM>            calc j = @i
 Parameter: I -> "49"
Evaluating: 49
 Parameter: J <- "49"
  
 CHARMM>            set ion = POS
 Parameter: ION <- "POS"
  
 CHARMM>     
  
 CHARMM>            if j .gt. @npos then
 Parameter: NPOS -> "26"
 Comparing "49" and "26".
 IF test evaluated as true.  Performing command
  
 CHARMM>               set ion = NEG
 Parameter: ION <- "NEG"
  
 CHARMM>               calc j  = @j - @npos
 Parameter: J -> "49"
 Parameter: NPOS -> "26"
Evaluating: 49-26
 Parameter: J <- "23"
  
 CHARMM>            endif
  
 CHARMM>     
  
 CHARMM>            define target select segid @ion .and. resid @j end
 Parameter: ION -> "NEG"
 Parameter: J -> "23"
 SELRPN>      1 atoms have been selected out of  24952
  
 CHARMM>     
  
 CHARMM>            calc xpos = @A * ( ?random - 0.5 )
 Parameter: A -> "76.8049478"
 RDCMND substituted energy or value "?RANDOM" to "0.259909577"
Evaluating: 76.8049478*(0.259909577-0.5)
 Parameter: XPOS <- "-18.4401324"
  
 CHARMM>            calc ypos = @B * ( ?random - 0.5 )
 Parameter: B -> "76.8049478"
 RDCMND substituted energy or value "?RANDOM" to "0.812804984"
Evaluating: 76.8049478*(0.812804984-0.5)
 Parameter: YPOS <- "24.0249705"
  
 CHARMM>            calc zpos = @C * ( ?random - 0.5 ) + @zcen
 Parameter: C -> "100"
 Parameter: ZCEN -> "0"
 RDCMND substituted energy or value "?RANDOM" to "0.183591067"
Evaluating: 100*(0.183591067-0.5)+0
 Parameter: ZPOS <- "-31.6408933"
  
 CHARMM>     
  
 CHARMM>            if zpos .gt. -15 if zpos .lt. 15 goto doinit
 Comparing "-31.6408933" and "-15".
 IF test evaluated as false.  Skipping command
  
 CHARMM>     
  
 CHARMM>            ! move target to selected position
  
 CHARMM>            coor stat select target end
 SELRPN>      1 atoms have been selected out of  24952
 STATISTICS FOR         1 SELECTED ATOMS:
    XMIN =   -0.102925 XMAX =   -0.102925 XAVE =   -0.102925
    YMIN =   19.540112 YMAX =   19.540112 YAVE =   19.540112
    ZMIN =  -22.094530 ZMAX =  -22.094530 ZAVE =  -22.094530
    WMIN =   -1.000000 WMAX =   -1.000000 WAVE =   -1.000000
  
 CHARMM>            calc xtran = @xpos - ?xave
 Parameter: XPOS -> "-18.4401324"
 RDCMND substituted energy or value "?XAVE" to "-0.102924621"
Evaluating: -18.4401324--0.102924621
 Parameter: XTRAN <- "-18.3372078"
  
 CHARMM>            calc ytran = @ypos - ?yave
 Parameter: YPOS -> "24.0249705"
 RDCMND substituted energy or value "?YAVE" to "19.5401121"
Evaluating: 24.0249705-19.5401121
 Parameter: YTRAN <- "4.4848584"
  
 CHARMM>            calc ztran = @zpos - ?zave
 Parameter: ZPOS -> "-31.6408933"
 RDCMND substituted energy or value "?ZAVE" to "-22.0945295"
Evaluating: -31.6408933--22.0945295
 Parameter: ZTRAN <- "-9.5463638"
  
 CHARMM>            coor trans xdir @xtran ydir @ytran zdir @ztran select target end
 Parameter: XTRAN -> "-18.3372078"
 Parameter: YTRAN -> "4.4848584"
 Parameter: ZTRAN -> "-9.5463638"
 SELRPN>      1 atoms have been selected out of  24952
 TRANSLATION VECTOR   -18.337208    4.484858   -9.546364
 SELECTED COORDINATES TRANSLATED IN THE MAIN SET.

  
 CHARMM>     
  
 CHARMM>            ! apply a random rotation along XYZ
  
 CHARMM>            calc xphi = ?random * 360.0
 RDCMND substituted energy or value "?RANDOM" to "0.650253916"
Evaluating: 0.650253916*360.0
 Parameter: XPHI <- "234.09141"
  
 CHARMM>            calc yphi = ?random * 360.0
 RDCMND substituted energy or value "?RANDOM" to "0.696562094"
Evaluating: 0.696562094*360.0
 Parameter: YPHI <- "250.762354"
  
 CHARMM>            calc zphi = ?random * 360.0
 RDCMND substituted energy or value "?RANDOM" to "0.233752135"
Evaluating: 0.233752135*360.0
 Parameter: ZPHI <- "84.1507686"
  
 CHARMM>            coor rotate xcen @xpos ycen @ypos zcen @zpos xdir 1.0 -
 CHARMM>                phi @xphi select target end
 Parameter: XPOS -> "-18.4401324"
 Parameter: YPOS -> "24.0249705"
 Parameter: ZPOS -> "-31.6408933"
 Parameter: XPHI -> "234.09141"
 SELRPN>      1 atoms have been selected out of  24952
 ROTATION MATRIX
    1.000000    0.000000    0.000000
    0.000000   -0.586494   -0.809954
    0.000000    0.809954   -0.586494

 AXIS OF ROTATION IS -1.000000  0.000000  0.000000  ANGLE IS  125.91

 SELECTED COORDINATES ROTATED IN THE MAIN SET.

  
 CHARMM>            coor rotate xcen @xpos ycen @ypos zcen @zpos ydir 1.0 -
 CHARMM>                phi @yphi select target end
 Parameter: XPOS -> "-18.4401324"
 Parameter: YPOS -> "24.0249705"
 Parameter: ZPOS -> "-31.6408933"
 Parameter: YPHI -> "250.762354"
 SELRPN>      1 atoms have been selected out of  24952
 ROTATION MATRIX
   -0.329487    0.000000    0.944160
    0.000000    1.000000    0.000000
   -0.944160    0.000000   -0.329487

 AXIS OF ROTATION IS  0.000000 -1.000000  0.000000  ANGLE IS  109.24

 SELECTED COORDINATES ROTATED IN THE MAIN SET.

  
 CHARMM>            coor rotate xcen @xpos ycen @ypos zcen @zpos zdir 1.0 -
 CHARMM>                phi @zphi select target end
 Parameter: XPOS -> "-18.4401324"
 Parameter: YPOS -> "24.0249705"
 Parameter: ZPOS -> "-31.6408933"
 Parameter: ZPHI -> "84.1507686"
 SELRPN>      1 atoms have been selected out of  24952
 ROTATION MATRIX
    0.101911    0.994794    0.000000
   -0.994794    0.101911    0.000000
    0.000000    0.000000    1.000000

 AXIS OF ROTATION IS  0.000000  0.000000  1.000000  ANGLE IS   84.15

 SELECTED COORDINATES ROTATED IN THE MAIN SET.

  
 CHARMM>     
  
 CHARMM>     
  
 CHARMM>            calc dcut = 3.5
Evaluating: 3.5
 Parameter: DCUT <- "3.5"
  
 CHARMM>     
  
 CHARMM>            coor stat sele target end
 SELRPN>      1 atoms have been selected out of  24952
 STATISTICS FOR         1 SELECTED ATOMS:
    XMIN =  -18.440132 XMAX =  -18.440132 XAVE =  -18.440132
    YMIN =   24.024970 YMAX =   24.024970 YAVE =   24.024970
    ZMIN =  -31.640893 ZMAX =  -31.640893 ZAVE =  -31.640893
    WMIN =   -1.000000 WMAX =   -1.000000 WAVE =   -1.000000
  
 CHARMM>            calc xmax = ?xmax + @dcut
 Parameter: DCUT -> "3.5"
 RDCMND substituted energy or value "?XMAX" to "-18.4401324"
Evaluating: -18.4401324+3.5
 Parameter: XMAX <- "-14.9401324"
  
 CHARMM>            calc ymax = ?ymax + @dcut
 Parameter: DCUT -> "3.5"
 RDCMND substituted energy or value "?YMAX" to "24.0249705"
Evaluating: 24.0249705+3.5
 Parameter: YMAX <- "27.5249705"
  
 CHARMM>            calc zmax = ?zmax + @dcut
 Parameter: DCUT -> "3.5"
 RDCMND substituted energy or value "?ZMAX" to "-31.6408933"
Evaluating: -31.6408933+3.5
 Parameter: ZMAX <- "-28.1408933"
  
 CHARMM>            calc xmin = ?xmin - @dcut
 Parameter: DCUT -> "3.5"
 RDCMND substituted energy or value "?XMIN" to "-18.4401324"
Evaluating: -18.4401324-3.5
 Parameter: XMIN <- "-21.9401324"
  
 CHARMM>            calc ymin = ?ymin - @dcut
 Parameter: DCUT -> "3.5"
 RDCMND substituted energy or value "?YMIN" to "24.0249705"
Evaluating: 24.0249705-3.5
 Parameter: YMIN <- "20.5249705"
  
 CHARMM>            calc zmin = ?zmin - @dcut
 Parameter: DCUT -> "3.5"
 RDCMND substituted energy or value "?ZMIN" to "-31.6408933"
Evaluating: -31.6408933-3.5
 Parameter: ZMIN <- "-35.1408933"
  
 CHARMM>     
  
 CHARMM>            define JUNK sele .not. target .and. -
 CHARMM>                             prop X .lt. @xmax .and. prop X .gt. @xmin .and. -
 CHARMM>                             prop Y .lt. @ymax .and. prop Y .gt. @ymin .and. -
 CHARMM>                             prop Z .lt. @zmax .and. prop Z .gt. @zmin  end
 Parameter: XMAX -> "-14.9401324"
 Parameter: XMIN -> "-21.9401324"
 Parameter: YMAX -> "27.5249705"
 Parameter: YMIN -> "20.5249705"
 Parameter: ZMAX -> "-28.1408933"
 Parameter: ZMIN -> "-35.1408933"
 SELRPN>      0 atoms have been selected out of  24952
  
 CHARMM>     
  
 CHARMM>            ! check if the ions are too close to protein
  
 CHARMM>            define XXX sele PROT end
 SELRPN>      0 atoms have been selected out of  24952
  
 CHARMM>            if ?nsel .gt. 0 then
 RDCMND substituted energy or value "?NSEL" to "0"
 Comparing "0" and "0".
 IF test evaluated as false.  Skip to ELSE or ENDIF
  
 CHARMM>     
  
 CHARMM>            ! check if the ions are too close to solute
  
 CHARMM>            coor dist cut 4.0 sele target end sele JUNK .and. .not. hydrogen end image
 SELRPN>      1 atoms have been selected out of  36561
 SELRPN>      0 atoms have been selected out of  36561

            DISTANCES FOR SELECTED ATOMS
            ONLY ONE SELECTION SET SPECIFIED, A COMPARISON WILL BE DONE
 TOTAL EXCLUSION COUNT =         0
 TOTAL 1-4 EXCLUSIONS  =         0
 TOTAL NON-EXCLUSIONS  =         0
  
 CHARMM>            if ?npair .gt. 0 goto doinit
 RDCMND substituted energy or value "?NPAIR" to "0"
 Comparing "0" and "0".
 IF test evaluated as false.  Skipping command
  
 CHARMM>     
  
 CHARMM>            calc cntrand = 0
Evaluating: 0
 Parameter: CNTRAND <- "0"
  
 CHARMM>            increase i by 1
 Parameter: I <- "50"
  
 CHARMM>            if i .le. @nion goto doinit
 Parameter: NION -> "52"
 Comparing "50" and "52".
 IF test evaluated as true.  Performing command
  
 CHARMM>     
  
 CHARMM>            calc cntrand = @cntrand + 1
 Parameter: CNTRAND -> "0"
Evaluating: 0+1
 Parameter: CNTRAND <- "1"
  
 CHARMM>            if cntrand .gt. 100 stop ! ABNORMAL TERMINATION: ion placing may not work.. stop here
 Comparing "1" and "100".
 IF test evaluated as false.  Skipping command
  
 CHARMM>     
  
 CHARMM>            calc j = @i
 Parameter: I -> "50"
Evaluating: 50
 Parameter: J <- "50"
  
 CHARMM>            set ion = POS
 Parameter: ION <- "POS"
  
 CHARMM>     
  
 CHARMM>            if j .gt. @npos then
 Parameter: NPOS -> "26"
 Comparing "50" and "26".
 IF test evaluated as true.  Performing command
  
 CHARMM>               set ion = NEG
 Parameter: ION <- "NEG"
  
 CHARMM>               calc j  = @j - @npos
 Parameter: J -> "50"
 Parameter: NPOS -> "26"
Evaluating: 50-26
 Parameter: J <- "24"
  
 CHARMM>            endif
  
 CHARMM>     
  
 CHARMM>            define target select segid @ion .and. resid @j end
 Parameter: ION -> "NEG"
 Parameter: J -> "24"
 SELRPN>      1 atoms have been selected out of  24952
  
 CHARMM>     
  
 CHARMM>            calc xpos = @A * ( ?random - 0.5 )
 Parameter: A -> "76.8049478"
 RDCMND substituted energy or value "?RANDOM" to "0.596908365"
Evaluating: 76.8049478*(0.596908365-0.5)
 Parameter: XPOS <- "7.44304192"
  
 CHARMM>            calc ypos = @B * ( ?random - 0.5 )
 Parameter: B -> "76.8049478"
 RDCMND substituted energy or value "?RANDOM" to "0.359938952"
Evaluating: 76.8049478*(0.359938952-0.5)
 Parameter: YPOS <- "-10.7573815"
  
 CHARMM>            calc zpos = @C * ( ?random - 0.5 ) + @zcen
 Parameter: C -> "100"
 Parameter: ZCEN -> "0"
 RDCMND substituted energy or value "?RANDOM" to "0.871923284"
Evaluating: 100*(0.871923284-0.5)+0
 Parameter: ZPOS <- "37.1923284"
  
 CHARMM>     
  
 CHARMM>            if zpos .gt. -15 if zpos .lt. 15 goto doinit
 Comparing "37.1923284" and "-15".
 IF test evaluated as true.  Performing command
 Comparing "37.1923284" and "15".
 IF test evaluated as false.  Skipping command
  
 CHARMM>     
  
 CHARMM>            ! move target to selected position
  
 CHARMM>            coor stat select target end
 SELRPN>      1 atoms have been selected out of  24952
 STATISTICS FOR         1 SELECTED ATOMS:
    XMIN =    0.000000 XMAX =    0.000000 XAVE =    0.000000
    YMIN =    0.000000 YMAX =    0.000000 YAVE =    0.000000
    ZMIN =    0.000000 ZMAX =    0.000000 ZAVE =    0.000000
    WMIN =   -1.000000 WMAX =   -1.000000 WAVE =   -1.000000
  
 CHARMM>            calc xtran = @xpos - ?xave
 Parameter: XPOS -> "7.44304192"
 RDCMND substituted energy or value "?XAVE" to "0"
Evaluating: 7.44304192-0
 Parameter: XTRAN <- "7.44304192"
  
 CHARMM>            calc ytran = @ypos - ?yave
 Parameter: YPOS -> "-10.7573815"
 RDCMND substituted energy or value "?YAVE" to "0"
Evaluating: -10.7573815-0
 Parameter: YTRAN <- "-10.7573815"
  
 CHARMM>            calc ztran = @zpos - ?zave
 Parameter: ZPOS -> "37.1923284"
 RDCMND substituted energy or value "?ZAVE" to "0"
Evaluating: 37.1923284-0
 Parameter: ZTRAN <- "37.1923284"
  
 CHARMM>            coor trans xdir @xtran ydir @ytran zdir @ztran select target end
 Parameter: XTRAN -> "7.44304192"
 Parameter: YTRAN -> "-10.7573815"
 Parameter: ZTRAN -> "37.1923284"
 SELRPN>      1 atoms have been selected out of  24952
 TRANSLATION VECTOR     7.443042  -10.757381   37.192328
 SELECTED COORDINATES TRANSLATED IN THE MAIN SET.

  
 CHARMM>     
  
 CHARMM>            ! apply a random rotation along XYZ
  
 CHARMM>            calc xphi = ?random * 360.0
 RDCMND substituted energy or value "?RANDOM" to "0.236310945"
Evaluating: 0.236310945*360.0
 Parameter: XPHI <- "85.0719402"
  
 CHARMM>            calc yphi = ?random * 360.0
 RDCMND substituted energy or value "?RANDOM" to "0.195900441"
Evaluating: 0.195900441*360.0
 Parameter: YPHI <- "70.5241588"
  
 CHARMM>            calc zphi = ?random * 360.0
 RDCMND substituted energy or value "?RANDOM" to "0.606052306"
Evaluating: 0.606052306*360.0
 Parameter: ZPHI <- "218.17883"
  
 CHARMM>            coor rotate xcen @xpos ycen @ypos zcen @zpos xdir 1.0 -
 CHARMM>                phi @xphi select target end
 Parameter: XPOS -> "7.44304192"
 Parameter: YPOS -> "-10.7573815"
 Parameter: ZPOS -> "37.1923284"
 Parameter: XPHI -> "85.0719402"
 SELRPN>      1 atoms have been selected out of  24952
 ROTATION MATRIX
    1.000000    0.000000    0.000000
    0.000000    0.085905    0.996303
    0.000000   -0.996303    0.085905

 AXIS OF ROTATION IS  1.000000  0.000000  0.000000  ANGLE IS   85.07

 SELECTED COORDINATES ROTATED IN THE MAIN SET.

  
 CHARMM>            coor rotate xcen @xpos ycen @ypos zcen @zpos ydir 1.0 -
 CHARMM>                phi @yphi select target end
 Parameter: XPOS -> "7.44304192"
 Parameter: YPOS -> "-10.7573815"
 Parameter: ZPOS -> "37.1923284"
 Parameter: YPHI -> "70.5241588"
 SELRPN>      1 atoms have been selected out of  24952
 ROTATION MATRIX
    0.333409    0.000000   -0.942782
    0.000000    1.000000    0.000000
    0.942782    0.000000    0.333409

 AXIS OF ROTATION IS  0.000000  1.000000  0.000000  ANGLE IS   70.52

 SELECTED COORDINATES ROTATED IN THE MAIN SET.

  
 CHARMM>            coor rotate xcen @xpos ycen @ypos zcen @zpos zdir 1.0 -
 CHARMM>                phi @zphi select target end
 Parameter: XPOS -> "7.44304192"
 Parameter: YPOS -> "-10.7573815"
 Parameter: ZPOS -> "37.1923284"
 Parameter: ZPHI -> "218.17883"
 SELRPN>      1 atoms have been selected out of  24952
 ROTATION MATRIX
   -0.786085   -0.618118    0.000000
    0.618118   -0.786085    0.000000
    0.000000    0.000000    1.000000

 AXIS OF ROTATION IS  0.000000  0.000000 -1.000000  ANGLE IS  141.82

 SELECTED COORDINATES ROTATED IN THE MAIN SET.

  
 CHARMM>     
  
 CHARMM>     
  
 CHARMM>            calc dcut = 3.5
Evaluating: 3.5
 Parameter: DCUT <- "3.5"
  
 CHARMM>     
  
 CHARMM>            coor stat sele target end
 SELRPN>      1 atoms have been selected out of  24952
 STATISTICS FOR         1 SELECTED ATOMS:
    XMIN =    7.443042 XMAX =    7.443042 XAVE =    7.443042
    YMIN =  -10.757381 YMAX =  -10.757381 YAVE =  -10.757381
    ZMIN =   37.192328 ZMAX =   37.192328 ZAVE =   37.192328
    WMIN =   -1.000000 WMAX =   -1.000000 WAVE =   -1.000000
  
 CHARMM>            calc xmax = ?xmax + @dcut
 Parameter: DCUT -> "3.5"
 RDCMND substituted energy or value "?XMAX" to "7.44304192"
Evaluating: 7.44304192+3.5
 Parameter: XMAX <- "10.9430419"
  
 CHARMM>            calc ymax = ?ymax + @dcut
 Parameter: DCUT -> "3.5"
 RDCMND substituted energy or value "?YMAX" to "-10.7573815"
Evaluating: -10.7573815+3.5
 Parameter: YMAX <- "-7.2573815"
  
 CHARMM>            calc zmax = ?zmax + @dcut
 Parameter: DCUT -> "3.5"
 RDCMND substituted energy or value "?ZMAX" to "37.1923284"
Evaluating: 37.1923284+3.5
 Parameter: ZMAX <- "40.6923284"
  
 CHARMM>            calc xmin = ?xmin - @dcut
 Parameter: DCUT -> "3.5"
 RDCMND substituted energy or value "?XMIN" to "7.44304192"
Evaluating: 7.44304192-3.5
 Parameter: XMIN <- "3.94304192"
  
 CHARMM>            calc ymin = ?ymin - @dcut
 Parameter: DCUT -> "3.5"
 RDCMND substituted energy or value "?YMIN" to "-10.7573815"
Evaluating: -10.7573815-3.5
 Parameter: YMIN <- "-14.2573815"
  
 CHARMM>            calc zmin = ?zmin - @dcut
 Parameter: DCUT -> "3.5"
 RDCMND substituted energy or value "?ZMIN" to "37.1923284"
Evaluating: 37.1923284-3.5
 Parameter: ZMIN <- "33.6923284"
  
 CHARMM>     
  
 CHARMM>            define JUNK sele .not. target .and. -
 CHARMM>                             prop X .lt. @xmax .and. prop X .gt. @xmin .and. -
 CHARMM>                             prop Y .lt. @ymax .and. prop Y .gt. @ymin .and. -
 CHARMM>                             prop Z .lt. @zmax .and. prop Z .gt. @zmin  end
 Parameter: XMAX -> "10.9430419"
 Parameter: XMIN -> "3.94304192"
 Parameter: YMAX -> "-7.2573815"
 Parameter: YMIN -> "-14.2573815"
 Parameter: ZMAX -> "40.6923284"
 Parameter: ZMIN -> "33.6923284"
 SELRPN>      0 atoms have been selected out of  24952
  
 CHARMM>     
  
 CHARMM>            ! check if the ions are too close to protein
  
 CHARMM>            define XXX sele PROT end
 SELRPN>      0 atoms have been selected out of  24952
  
 CHARMM>            if ?nsel .gt. 0 then
 RDCMND substituted energy or value "?NSEL" to "0"
 Comparing "0" and "0".
 IF test evaluated as false.  Skip to ELSE or ENDIF
  
 CHARMM>     
  
 CHARMM>            ! check if the ions are too close to solute
  
 CHARMM>            coor dist cut 4.0 sele target end sele JUNK .and. .not. hydrogen end image
 SELRPN>      1 atoms have been selected out of  36561
 SELRPN>      0 atoms have been selected out of  36561

            DISTANCES FOR SELECTED ATOMS
            ONLY ONE SELECTION SET SPECIFIED, A COMPARISON WILL BE DONE
 TOTAL EXCLUSION COUNT =         0
 TOTAL 1-4 EXCLUSIONS  =         0
 TOTAL NON-EXCLUSIONS  =         0
  
 CHARMM>            if ?npair .gt. 0 goto doinit
 RDCMND substituted energy or value "?NPAIR" to "0"
 Comparing "0" and "0".
 IF test evaluated as false.  Skipping command
  
 CHARMM>     
  
 CHARMM>            calc cntrand = 0
Evaluating: 0
 Parameter: CNTRAND <- "0"
  
 CHARMM>            increase i by 1
 Parameter: I <- "51"
  
 CHARMM>            if i .le. @nion goto doinit
 Parameter: NION -> "52"
 Comparing "51" and "52".
 IF test evaluated as true.  Performing command
  
 CHARMM>     
  
 CHARMM>            calc cntrand = @cntrand + 1
 Parameter: CNTRAND -> "0"
Evaluating: 0+1
 Parameter: CNTRAND <- "1"
  
 CHARMM>            if cntrand .gt. 100 stop ! ABNORMAL TERMINATION: ion placing may not work.. stop here
 Comparing "1" and "100".
 IF test evaluated as false.  Skipping command
  
 CHARMM>     
  
 CHARMM>            calc j = @i
 Parameter: I -> "51"
Evaluating: 51
 Parameter: J <- "51"
  
 CHARMM>            set ion = POS
 Parameter: ION <- "POS"
  
 CHARMM>     
  
 CHARMM>            if j .gt. @npos then
 Parameter: NPOS -> "26"
 Comparing "51" and "26".
 IF test evaluated as true.  Performing command
  
 CHARMM>               set ion = NEG
 Parameter: ION <- "NEG"
  
 CHARMM>               calc j  = @j - @npos
 Parameter: J -> "51"
 Parameter: NPOS -> "26"
Evaluating: 51-26
 Parameter: J <- "25"
  
 CHARMM>            endif
  
 CHARMM>     
  
 CHARMM>            define target select segid @ion .and. resid @j end
 Parameter: ION -> "NEG"
 Parameter: J -> "25"
 SELRPN>      1 atoms have been selected out of  24952
  
 CHARMM>     
  
 CHARMM>            calc xpos = @A * ( ?random - 0.5 )
 Parameter: A -> "76.8049478"
 RDCMND substituted energy or value "?RANDOM" to "0.868523226"
Evaluating: 76.8049478*(0.868523226-0.5)
 Parameter: XPOS <- "28.3044071"
  
 CHARMM>            calc ypos = @B * ( ?random - 0.5 )
 Parameter: B -> "76.8049478"
 RDCMND substituted energy or value "?RANDOM" to "0.801687836"
Evaluating: 76.8049478*(0.801687836-0.5)
 Parameter: YPOS <- "23.1711185"
  
 CHARMM>            calc zpos = @C * ( ?random - 0.5 ) + @zcen
 Parameter: C -> "100"
 Parameter: ZCEN -> "0"
 RDCMND substituted energy or value "?RANDOM" to "0.252095864"
Evaluating: 100*(0.252095864-0.5)+0
 Parameter: ZPOS <- "-24.7904136"
  
 CHARMM>     
  
 CHARMM>            if zpos .gt. -15 if zpos .lt. 15 goto doinit
 Comparing "-24.7904136" and "-15".
 IF test evaluated as false.  Skipping command
  
 CHARMM>     
  
 CHARMM>            ! move target to selected position
  
 CHARMM>            coor stat select target end
 SELRPN>      1 atoms have been selected out of  24952
 STATISTICS FOR         1 SELECTED ATOMS:
    XMIN =    0.000000 XMAX =    0.000000 XAVE =    0.000000
    YMIN =    0.000000 YMAX =    0.000000 YAVE =    0.000000
    ZMIN =    0.000000 ZMAX =    0.000000 ZAVE =    0.000000
    WMIN =   -1.000000 WMAX =   -1.000000 WAVE =   -1.000000
  
 CHARMM>            calc xtran = @xpos - ?xave
 Parameter: XPOS -> "28.3044071"
 RDCMND substituted energy or value "?XAVE" to "0"
Evaluating: 28.3044071-0
 Parameter: XTRAN <- "28.3044071"
  
 CHARMM>            calc ytran = @ypos - ?yave
 Parameter: YPOS -> "23.1711185"
 RDCMND substituted energy or value "?YAVE" to "0"
Evaluating: 23.1711185-0
 Parameter: YTRAN <- "23.1711185"
  
 CHARMM>            calc ztran = @zpos - ?zave
 Parameter: ZPOS -> "-24.7904136"
 RDCMND substituted energy or value "?ZAVE" to "0"
Evaluating: -24.7904136-0
 Parameter: ZTRAN <- "-24.7904136"
  
 CHARMM>            coor trans xdir @xtran ydir @ytran zdir @ztran select target end
 Parameter: XTRAN -> "28.3044071"
 Parameter: YTRAN -> "23.1711185"
 Parameter: ZTRAN -> "-24.7904136"
 SELRPN>      1 atoms have been selected out of  24952
 TRANSLATION VECTOR    28.304407   23.171118  -24.790414
 SELECTED COORDINATES TRANSLATED IN THE MAIN SET.

  
 CHARMM>     
  
 CHARMM>            ! apply a random rotation along XYZ
  
 CHARMM>            calc xphi = ?random * 360.0
 RDCMND substituted energy or value "?RANDOM" to "0.591868349"
Evaluating: 0.591868349*360.0
 Parameter: XPHI <- "213.072606"
  
 CHARMM>            calc yphi = ?random * 360.0
 RDCMND substituted energy or value "?RANDOM" to "0.417747695"
Evaluating: 0.417747695*360.0
 Parameter: YPHI <- "150.38917"
  
 CHARMM>            calc zphi = ?random * 360.0
 RDCMND substituted energy or value "?RANDOM" to "0.304226792"
Evaluating: 0.304226792*360.0
 Parameter: ZPHI <- "109.521645"
  
 CHARMM>            coor rotate xcen @xpos ycen @ypos zcen @zpos xdir 1.0 -
 CHARMM>                phi @xphi select target end
 Parameter: XPOS -> "28.3044071"
 Parameter: YPOS -> "23.1711185"
 Parameter: ZPOS -> "-24.7904136"
 Parameter: XPHI -> "213.072606"
 SELRPN>      1 atoms have been selected out of  24952
 ROTATION MATRIX
    1.000000    0.000000    0.000000
    0.000000   -0.837980   -0.545701
    0.000000    0.545701   -0.837980

 AXIS OF ROTATION IS -1.000000  0.000000  0.000000  ANGLE IS  146.93

 SELECTED COORDINATES ROTATED IN THE MAIN SET.

  
 CHARMM>            coor rotate xcen @xpos ycen @ypos zcen @zpos ydir 1.0 -
 CHARMM>                phi @yphi select target end
 Parameter: XPOS -> "28.3044071"
 Parameter: YPOS -> "23.1711185"
 Parameter: ZPOS -> "-24.7904136"
 Parameter: YPHI -> "150.38917"
 SELRPN>      1 atoms have been selected out of  24952
 ROTATION MATRIX
   -0.869402    0.000000   -0.494106
    0.000000    1.000000    0.000000
    0.494106    0.000000   -0.869402

 AXIS OF ROTATION IS  0.000000  1.000000  0.000000  ANGLE IS  150.39

 SELECTED COORDINATES ROTATED IN THE MAIN SET.

  
 CHARMM>            coor rotate xcen @xpos ycen @ypos zcen @zpos zdir 1.0 -
 CHARMM>                phi @zphi select target end
 Parameter: XPOS -> "28.3044071"
 Parameter: YPOS -> "23.1711185"
 Parameter: ZPOS -> "-24.7904136"
 Parameter: ZPHI -> "109.521645"
 SELRPN>      1 atoms have been selected out of  24952
 ROTATION MATRIX
   -0.334163    0.942515    0.000000
   -0.942515   -0.334163    0.000000
    0.000000    0.000000    1.000000

 AXIS OF ROTATION IS  0.000000  0.000000  1.000000  ANGLE IS  109.52

 SELECTED COORDINATES ROTATED IN THE MAIN SET.

  
 CHARMM>     
  
 CHARMM>     
  
 CHARMM>            calc dcut = 3.5
Evaluating: 3.5
 Parameter: DCUT <- "3.5"
  
 CHARMM>     
  
 CHARMM>            coor stat sele target end
 SELRPN>      1 atoms have been selected out of  24952
 STATISTICS FOR         1 SELECTED ATOMS:
    XMIN =   28.304407 XMAX =   28.304407 XAVE =   28.304407
    YMIN =   23.171118 YMAX =   23.171118 YAVE =   23.171118
    ZMIN =  -24.790414 ZMAX =  -24.790414 ZAVE =  -24.790414
    WMIN =   -1.000000 WMAX =   -1.000000 WAVE =   -1.000000
  
 CHARMM>            calc xmax = ?xmax + @dcut
 Parameter: DCUT -> "3.5"
 RDCMND substituted energy or value "?XMAX" to "28.3044071"
Evaluating: 28.3044071+3.5
 Parameter: XMAX <- "31.8044071"
  
 CHARMM>            calc ymax = ?ymax + @dcut
 Parameter: DCUT -> "3.5"
 RDCMND substituted energy or value "?YMAX" to "23.1711185"
Evaluating: 23.1711185+3.5
 Parameter: YMAX <- "26.6711185"
  
 CHARMM>            calc zmax = ?zmax + @dcut
 Parameter: DCUT -> "3.5"
 RDCMND substituted energy or value "?ZMAX" to "-24.7904136"
Evaluating: -24.7904136+3.5
 Parameter: ZMAX <- "-21.2904136"
  
 CHARMM>            calc xmin = ?xmin - @dcut
 Parameter: DCUT -> "3.5"
 RDCMND substituted energy or value "?XMIN" to "28.3044071"
Evaluating: 28.3044071-3.5
 Parameter: XMIN <- "24.8044071"
  
 CHARMM>            calc ymin = ?ymin - @dcut
 Parameter: DCUT -> "3.5"
 RDCMND substituted energy or value "?YMIN" to "23.1711185"
Evaluating: 23.1711185-3.5
 Parameter: YMIN <- "19.6711185"
  
 CHARMM>            calc zmin = ?zmin - @dcut
 Parameter: DCUT -> "3.5"
 RDCMND substituted energy or value "?ZMIN" to "-24.7904136"
Evaluating: -24.7904136-3.5
 Parameter: ZMIN <- "-28.2904136"
  
 CHARMM>     
  
 CHARMM>            define JUNK sele .not. target .and. -
 CHARMM>                             prop X .lt. @xmax .and. prop X .gt. @xmin .and. -
 CHARMM>                             prop Y .lt. @ymax .and. prop Y .gt. @ymin .and. -
 CHARMM>                             prop Z .lt. @zmax .and. prop Z .gt. @zmin  end
 Parameter: XMAX -> "31.8044071"
 Parameter: XMIN -> "24.8044071"
 Parameter: YMAX -> "26.6711185"
 Parameter: YMIN -> "19.6711185"
 Parameter: ZMAX -> "-21.2904136"
 Parameter: ZMIN -> "-28.2904136"
 SELRPN>      1 atoms have been selected out of  24952
  
 CHARMM>     
  
 CHARMM>            ! check if the ions are too close to protein
  
 CHARMM>            define XXX sele PROT end
 SELRPN>      0 atoms have been selected out of  24952
  
 CHARMM>            if ?nsel .gt. 0 then
 RDCMND substituted energy or value "?NSEL" to "0"
 Comparing "0" and "0".
 IF test evaluated as false.  Skip to ELSE or ENDIF
  
 CHARMM>     
  
 CHARMM>            ! check if the ions are too close to solute
  
 CHARMM>            coor dist cut 4.0 sele target end sele JUNK .and. .not. hydrogen end image
 SELRPN>      1 atoms have been selected out of  36561
 SELRPN>      1 atoms have been selected out of  36561

            DISTANCES FOR SELECTED ATOMS
24951 NEG      CLA      25       CLA     -**** POS      SOD      2        SOD           2.9251
 TOTAL EXCLUSION COUNT =         0
 TOTAL 1-4 EXCLUSIONS  =         0
 TOTAL NON-EXCLUSIONS  =         1
  
 CHARMM>            if ?npair .gt. 0 goto doinit
 RDCMND substituted energy or value "?NPAIR" to "1"
 Comparing "1" and "0".
 IF test evaluated as true.  Performing command
  
 CHARMM>     
  
 CHARMM>            calc cntrand = @cntrand + 1
 Parameter: CNTRAND -> "1"
Evaluating: 1+1
 Parameter: CNTRAND <- "2"
  
 CHARMM>            if cntrand .gt. 100 stop ! ABNORMAL TERMINATION: ion placing may not work.. stop here
 Comparing "2" and "100".
 IF test evaluated as false.  Skipping command
  
 CHARMM>     
  
 CHARMM>            calc j = @i
 Parameter: I -> "51"
Evaluating: 51
 Parameter: J <- "51"
  
 CHARMM>            set ion = POS
 Parameter: ION <- "POS"
  
 CHARMM>     
  
 CHARMM>            if j .gt. @npos then
 Parameter: NPOS -> "26"
 Comparing "51" and "26".
 IF test evaluated as true.  Performing command
  
 CHARMM>               set ion = NEG
 Parameter: ION <- "NEG"
  
 CHARMM>               calc j  = @j - @npos
 Parameter: J -> "51"
 Parameter: NPOS -> "26"
Evaluating: 51-26
 Parameter: J <- "25"
  
 CHARMM>            endif
  
 CHARMM>     
  
 CHARMM>            define target select segid @ion .and. resid @j end
 Parameter: ION -> "NEG"
 Parameter: J -> "25"
 SELRPN>      1 atoms have been selected out of  24952
  
 CHARMM>     
  
 CHARMM>            calc xpos = @A * ( ?random - 0.5 )
 Parameter: A -> "76.8049478"
 RDCMND substituted energy or value "?RANDOM" to "0.341306338"
Evaluating: 76.8049478*(0.341306338-0.5)
 Parameter: XPOS <- "-12.1884584"
  
 CHARMM>            calc ypos = @B * ( ?random - 0.5 )
 Parameter: B -> "76.8049478"
 RDCMND substituted energy or value "?RANDOM" to "0.545313504"
Evaluating: 76.8049478*(0.545313504-0.5)
 Parameter: YPOS <- "3.48030131"
  
 CHARMM>            calc zpos = @C * ( ?random - 0.5 ) + @zcen
 Parameter: C -> "100"
 Parameter: ZCEN -> "0"
 RDCMND substituted energy or value "?RANDOM" to "0.692935312"
Evaluating: 100*(0.692935312-0.5)+0
 Parameter: ZPOS <- "19.2935312"
  
 CHARMM>     
  
 CHARMM>            if zpos .gt. -15 if zpos .lt. 15 goto doinit
 Comparing "19.2935312" and "-15".
 IF test evaluated as true.  Performing command
 Comparing "19.2935312" and "15".
 IF test evaluated as false.  Skipping command
  
 CHARMM>     
  
 CHARMM>            ! move target to selected position
  
 CHARMM>            coor stat select target end
 SELRPN>      1 atoms have been selected out of  24952
 STATISTICS FOR         1 SELECTED ATOMS:
    XMIN =   28.304407 XMAX =   28.304407 XAVE =   28.304407
    YMIN =   23.171118 YMAX =   23.171118 YAVE =   23.171118
    ZMIN =  -24.790414 ZMAX =  -24.790414 ZAVE =  -24.790414
    WMIN =   -1.000000 WMAX =   -1.000000 WAVE =   -1.000000
  
 CHARMM>            calc xtran = @xpos - ?xave
 Parameter: XPOS -> "-12.1884584"
 RDCMND substituted energy or value "?XAVE" to "28.3044071"
Evaluating: -12.1884584-28.3044071
 Parameter: XTRAN <- "-40.4928655"
  
 CHARMM>            calc ytran = @ypos - ?yave
 Parameter: YPOS -> "3.48030131"
 RDCMND substituted energy or value "?YAVE" to "23.1711185"
Evaluating: 3.48030131-23.1711185
 Parameter: YTRAN <- "-19.6908172"
  
 CHARMM>            calc ztran = @zpos - ?zave
 Parameter: ZPOS -> "19.2935312"
 RDCMND substituted energy or value "?ZAVE" to "-24.7904136"
Evaluating: 19.2935312--24.7904136
 Parameter: ZTRAN <- "44.0839448"
  
 CHARMM>            coor trans xdir @xtran ydir @ytran zdir @ztran select target end
 Parameter: XTRAN -> "-40.4928655"
 Parameter: YTRAN -> "-19.6908172"
 Parameter: ZTRAN -> "44.0839448"
 SELRPN>      1 atoms have been selected out of  24952
 TRANSLATION VECTOR   -40.492866  -19.690817   44.083945
 SELECTED COORDINATES TRANSLATED IN THE MAIN SET.

  
 CHARMM>     
  
 CHARMM>            ! apply a random rotation along XYZ
  
 CHARMM>            calc xphi = ?random * 360.0
 RDCMND substituted energy or value "?RANDOM" to "0.63231481"
Evaluating: 0.63231481*360.0
 Parameter: XPHI <- "227.633332"
  
 CHARMM>            calc yphi = ?random * 360.0
 RDCMND substituted energy or value "?RANDOM" to "0.748627897"
Evaluating: 0.748627897*360.0
 Parameter: YPHI <- "269.506043"
  
 CHARMM>            calc zphi = ?random * 360.0
 RDCMND substituted energy or value "?RANDOM" to "0.138743988"
Evaluating: 0.138743988*360.0
 Parameter: ZPHI <- "49.9478357"
  
 CHARMM>            coor rotate xcen @xpos ycen @ypos zcen @zpos xdir 1.0 -
 CHARMM>                phi @xphi select target end
 Parameter: XPOS -> "-12.1884584"
 Parameter: YPOS -> "3.48030131"
 Parameter: ZPOS -> "19.2935312"
 Parameter: XPHI -> "227.633332"
 SELRPN>      1 atoms have been selected out of  24952
 ROTATION MATRIX
    1.000000    0.000000    0.000000
    0.000000   -0.673873   -0.738847
    0.000000    0.738847   -0.673873

 AXIS OF ROTATION IS -1.000000  0.000000  0.000000  ANGLE IS  132.37

 SELECTED COORDINATES ROTATED IN THE MAIN SET.

  
 CHARMM>            coor rotate xcen @xpos ycen @ypos zcen @zpos ydir 1.0 -
 CHARMM>                phi @yphi select target end
 Parameter: XPOS -> "-12.1884584"
 Parameter: YPOS -> "3.48030131"
 Parameter: ZPOS -> "19.2935312"
 Parameter: YPHI -> "269.506043"
 SELRPN>      1 atoms have been selected out of  24952
 ROTATION MATRIX
   -0.008621    0.000000    0.999963
    0.000000    1.000000    0.000000
   -0.999963    0.000000   -0.008621

 AXIS OF ROTATION IS  0.000000 -1.000000  0.000000  ANGLE IS   90.49

 SELECTED COORDINATES ROTATED IN THE MAIN SET.

  
 CHARMM>            coor rotate xcen @xpos ycen @ypos zcen @zpos zdir 1.0 -
 CHARMM>                phi @zphi select target end
 Parameter: XPOS -> "-12.1884584"
 Parameter: YPOS -> "3.48030131"
 Parameter: ZPOS -> "19.2935312"
 Parameter: ZPHI -> "49.9478357"
 SELRPN>      1 atoms have been selected out of  24952
 ROTATION MATRIX
    0.643485    0.765459    0.000000
   -0.765459    0.643485    0.000000
    0.000000    0.000000    1.000000

 AXIS OF ROTATION IS  0.000000  0.000000  1.000000  ANGLE IS   49.95

 SELECTED COORDINATES ROTATED IN THE MAIN SET.

  
 CHARMM>     
  
 CHARMM>     
  
 CHARMM>            calc dcut = 3.5
Evaluating: 3.5
 Parameter: DCUT <- "3.5"
  
 CHARMM>     
  
 CHARMM>            coor stat sele target end
 SELRPN>      1 atoms have been selected out of  24952
 STATISTICS FOR         1 SELECTED ATOMS:
    XMIN =  -12.188458 XMAX =  -12.188458 XAVE =  -12.188458
    YMIN =    3.480301 YMAX =    3.480301 YAVE =    3.480301
    ZMIN =   19.293531 ZMAX =   19.293531 ZAVE =   19.293531
    WMIN =   -1.000000 WMAX =   -1.000000 WAVE =   -1.000000
  
 CHARMM>            calc xmax = ?xmax + @dcut
 Parameter: DCUT -> "3.5"
 RDCMND substituted energy or value "?XMAX" to "-12.1884584"
Evaluating: -12.1884584+3.5
 Parameter: XMAX <- "-8.6884584"
  
 CHARMM>            calc ymax = ?ymax + @dcut
 Parameter: DCUT -> "3.5"
 RDCMND substituted energy or value "?YMAX" to "3.48030132"
Evaluating: 3.48030132+3.5
 Parameter: YMAX <- "6.98030132"
  
 CHARMM>            calc zmax = ?zmax + @dcut
 Parameter: DCUT -> "3.5"
 RDCMND substituted energy or value "?ZMAX" to "19.2935312"
Evaluating: 19.2935312+3.5
 Parameter: ZMAX <- "22.7935312"
  
 CHARMM>            calc xmin = ?xmin - @dcut
 Parameter: DCUT -> "3.5"
 RDCMND substituted energy or value "?XMIN" to "-12.1884584"
Evaluating: -12.1884584-3.5
 Parameter: XMIN <- "-15.6884584"
  
 CHARMM>            calc ymin = ?ymin - @dcut
 Parameter: DCUT -> "3.5"
 RDCMND substituted energy or value "?YMIN" to "3.48030132"
Evaluating: 3.48030132-3.5
 Parameter: YMIN <- "-1.969868E-02"
  
 CHARMM>            calc zmin = ?zmin - @dcut
 Parameter: DCUT -> "3.5"
 RDCMND substituted energy or value "?ZMIN" to "19.2935312"
Evaluating: 19.2935312-3.5
 Parameter: ZMIN <- "15.7935312"
  
 CHARMM>     
  
 CHARMM>            define JUNK sele .not. target .and. -
 CHARMM>                             prop X .lt. @xmax .and. prop X .gt. @xmin .and. -
 CHARMM>                             prop Y .lt. @ymax .and. prop Y .gt. @ymin .and. -
 CHARMM>                             prop Z .lt. @zmax .and. prop Z .gt. @zmin  end
 Parameter: XMAX -> "-8.6884584"
 Parameter: XMIN -> "-15.6884584"
 Parameter: YMAX -> "6.98030132"
 Parameter: YMIN -> "-1.969868E-02"
 Parameter: ZMAX -> "22.7935312"
 Parameter: ZMIN -> "15.7935312"
 SELRPN>      7 atoms have been selected out of  24952
  
 CHARMM>     
  
 CHARMM>            ! check if the ions are too close to protein
  
 CHARMM>            define XXX sele PROT end
 SELRPN>      0 atoms have been selected out of  24952
  
 CHARMM>            if ?nsel .gt. 0 then
 RDCMND substituted energy or value "?NSEL" to "0"
 Comparing "0" and "0".
 IF test evaluated as false.  Skip to ELSE or ENDIF
  
 CHARMM>     
  
 CHARMM>            ! check if the ions are too close to solute
  
 CHARMM>            coor dist cut 4.0 sele target end sele JUNK .and. .not. hydrogen end image
 SELRPN>      1 atoms have been selected out of  36561
 SELRPN>      1 atoms have been selected out of  36561

            DISTANCES FOR SELECTED ATOMS
24951 NEG      CLA      25       CLA     - 913 MEMB     DOPC     8        C14           3.0793
 TOTAL EXCLUSION COUNT =         0
 TOTAL 1-4 EXCLUSIONS  =         0
 TOTAL NON-EXCLUSIONS  =         1
  
 CHARMM>            if ?npair .gt. 0 goto doinit
 RDCMND substituted energy or value "?NPAIR" to "1"
 Comparing "1" and "0".
 IF test evaluated as true.  Performing command
  
 CHARMM>     
  
 CHARMM>            calc cntrand = @cntrand + 1
 Parameter: CNTRAND -> "2"
Evaluating: 2+1
 Parameter: CNTRAND <- "3"
  
 CHARMM>            if cntrand .gt. 100 stop ! ABNORMAL TERMINATION: ion placing may not work.. stop here
 Comparing "3" and "100".
 IF test evaluated as false.  Skipping command
  
 CHARMM>     
  
 CHARMM>            calc j = @i
 Parameter: I -> "51"
Evaluating: 51
 Parameter: J <- "51"
  
 CHARMM>            set ion = POS
 Parameter: ION <- "POS"
  
 CHARMM>     
  
 CHARMM>            if j .gt. @npos then
 Parameter: NPOS -> "26"
 Comparing "51" and "26".
 IF test evaluated as true.  Performing command
  
 CHARMM>               set ion = NEG
 Parameter: ION <- "NEG"
  
 CHARMM>               calc j  = @j - @npos
 Parameter: J -> "51"
 Parameter: NPOS -> "26"
Evaluating: 51-26
 Parameter: J <- "25"
  
 CHARMM>            endif
  
 CHARMM>     
  
 CHARMM>            define target select segid @ion .and. resid @j end
 Parameter: ION -> "NEG"
 Parameter: J -> "25"
 SELRPN>      1 atoms have been selected out of  24952
  
 CHARMM>     
  
 CHARMM>            calc xpos = @A * ( ?random - 0.5 )
 Parameter: A -> "76.8049478"
 RDCMND substituted energy or value "?RANDOM" to "0.95133364"
Evaluating: 76.8049478*(0.95133364-0.5)
 Parameter: XPOS <- "34.6646567"
  
 CHARMM>            calc ypos = @B * ( ?random - 0.5 )
 Parameter: B -> "76.8049478"
 RDCMND substituted energy or value "?RANDOM" to "0.259567479"
Evaluating: 76.8049478*(0.259567479-0.5)
 Parameter: YPOS <- "-18.4664072"
  
 CHARMM>            calc zpos = @C * ( ?random - 0.5 ) + @zcen
 Parameter: C -> "100"
 Parameter: ZCEN -> "0"
 RDCMND substituted energy or value "?RANDOM" to "0.341460165"
Evaluating: 100*(0.341460165-0.5)+0
 Parameter: ZPOS <- "-15.8539835"
  
 CHARMM>     
  
 CHARMM>            if zpos .gt. -15 if zpos .lt. 15 goto doinit
 Comparing "-15.8539835" and "-15".
 IF test evaluated as false.  Skipping command
  
 CHARMM>     
  
 CHARMM>            ! move target to selected position
  
 CHARMM>            coor stat select target end
 SELRPN>      1 atoms have been selected out of  24952
 STATISTICS FOR         1 SELECTED ATOMS:
    XMIN =  -12.188458 XMAX =  -12.188458 XAVE =  -12.188458
    YMIN =    3.480301 YMAX =    3.480301 YAVE =    3.480301
    ZMIN =   19.293531 ZMAX =   19.293531 ZAVE =   19.293531
    WMIN =   -1.000000 WMAX =   -1.000000 WAVE =   -1.000000
  
 CHARMM>            calc xtran = @xpos - ?xave
 Parameter: XPOS -> "34.6646567"
 RDCMND substituted energy or value "?XAVE" to "-12.1884584"
Evaluating: 34.6646567--12.1884584
 Parameter: XTRAN <- "46.8531151"
  
 CHARMM>            calc ytran = @ypos - ?yave
 Parameter: YPOS -> "-18.4664072"
 RDCMND substituted energy or value "?YAVE" to "3.48030132"
Evaluating: -18.4664072-3.48030132
 Parameter: YTRAN <- "-21.9467085"
  
 CHARMM>            calc ztran = @zpos - ?zave
 Parameter: ZPOS -> "-15.8539835"
 RDCMND substituted energy or value "?ZAVE" to "19.2935312"
Evaluating: -15.8539835-19.2935312
 Parameter: ZTRAN <- "-35.1475147"
  
 CHARMM>            coor trans xdir @xtran ydir @ytran zdir @ztran select target end
 Parameter: XTRAN -> "46.8531151"
 Parameter: YTRAN -> "-21.9467085"
 Parameter: ZTRAN -> "-35.1475147"
 SELRPN>      1 atoms have been selected out of  24952
 TRANSLATION VECTOR    46.853115  -21.946708  -35.147515
 SELECTED COORDINATES TRANSLATED IN THE MAIN SET.

  
 CHARMM>     
  
 CHARMM>            ! apply a random rotation along XYZ
  
 CHARMM>            calc xphi = ?random * 360.0
 RDCMND substituted energy or value "?RANDOM" to "0.866231052"
Evaluating: 0.866231052*360.0
 Parameter: XPHI <- "311.843179"
  
 CHARMM>            calc yphi = ?random * 360.0
 RDCMND substituted energy or value "?RANDOM" to "0.203454165"
Evaluating: 0.203454165*360.0
 Parameter: YPHI <- "73.2434994"
  
 CHARMM>            calc zphi = ?random * 360.0
 RDCMND substituted energy or value "?RANDOM" to "0.254490096"
Evaluating: 0.254490096*360.0
 Parameter: ZPHI <- "91.6164346"
  
 CHARMM>            coor rotate xcen @xpos ycen @ypos zcen @zpos xdir 1.0 -
 CHARMM>                phi @xphi select target end
 Parameter: XPOS -> "34.6646567"
 Parameter: YPOS -> "-18.4664072"
 Parameter: ZPOS -> "-15.8539835"
 Parameter: XPHI -> "311.843179"
 SELRPN>      1 atoms have been selected out of  24952
 ROTATION MATRIX
    1.000000    0.000000    0.000000
    0.000000    0.667094   -0.744973
    0.000000    0.744973    0.667094

 AXIS OF ROTATION IS -1.000000  0.000000  0.000000  ANGLE IS   48.16

 SELECTED COORDINATES ROTATED IN THE MAIN SET.

  
 CHARMM>            coor rotate xcen @xpos ycen @ypos zcen @zpos ydir 1.0 -
 CHARMM>                phi @yphi select target end
 Parameter: XPOS -> "34.6646567"
 Parameter: YPOS -> "-18.4664072"
 Parameter: ZPOS -> "-15.8539835"
 Parameter: YPHI -> "73.2434994"
 SELRPN>      1 atoms have been selected out of  24952
 ROTATION MATRIX
    0.288305    0.000000   -0.957539
    0.000000    1.000000    0.000000
    0.957539    0.000000    0.288305

 AXIS OF ROTATION IS  0.000000  1.000000  0.000000  ANGLE IS   73.24

 SELECTED COORDINATES ROTATED IN THE MAIN SET.

  
 CHARMM>            coor rotate xcen @xpos ycen @ypos zcen @zpos zdir 1.0 -
 CHARMM>                phi @zphi select target end
 Parameter: XPOS -> "34.6646567"
 Parameter: YPOS -> "-18.4664072"
 Parameter: ZPOS -> "-15.8539835"
 Parameter: ZPHI -> "91.6164346"
 SELRPN>      1 atoms have been selected out of  24952
 ROTATION MATRIX
   -0.028208    0.999602    0.000000
   -0.999602   -0.028208    0.000000
    0.000000    0.000000    1.000000

 AXIS OF ROTATION IS  0.000000  0.000000  1.000000  ANGLE IS   91.62

 SELECTED COORDINATES ROTATED IN THE MAIN SET.

  
 CHARMM>     
  
 CHARMM>     
  
 CHARMM>            calc dcut = 3.5
Evaluating: 3.5
 Parameter: DCUT <- "3.5"
  
 CHARMM>     
  
 CHARMM>            coor stat sele target end
 SELRPN>      1 atoms have been selected out of  24952
 STATISTICS FOR         1 SELECTED ATOMS:
    XMIN =   34.664657 XMAX =   34.664657 XAVE =   34.664657
    YMIN =  -18.466407 YMAX =  -18.466407 YAVE =  -18.466407
    ZMIN =  -15.853983 ZMAX =  -15.853983 ZAVE =  -15.853983
    WMIN =   -1.000000 WMAX =   -1.000000 WAVE =   -1.000000
  
 CHARMM>            calc xmax = ?xmax + @dcut
 Parameter: DCUT -> "3.5"
 RDCMND substituted energy or value "?XMAX" to "34.6646567"
Evaluating: 34.6646567+3.5
 Parameter: XMAX <- "38.1646567"
  
 CHARMM>            calc ymax = ?ymax + @dcut
 Parameter: DCUT -> "3.5"
 RDCMND substituted energy or value "?YMAX" to "-18.4664072"
Evaluating: -18.4664072+3.5
 Parameter: YMAX <- "-14.9664072"
  
 CHARMM>            calc zmax = ?zmax + @dcut
 Parameter: DCUT -> "3.5"
 RDCMND substituted energy or value "?ZMAX" to "-15.8539835"
Evaluating: -15.8539835+3.5
 Parameter: ZMAX <- "-12.3539835"
  
 CHARMM>            calc xmin = ?xmin - @dcut
 Parameter: DCUT -> "3.5"
 RDCMND substituted energy or value "?XMIN" to "34.6646567"
Evaluating: 34.6646567-3.5
 Parameter: XMIN <- "31.1646567"
  
 CHARMM>            calc ymin = ?ymin - @dcut
 Parameter: DCUT -> "3.5"
 RDCMND substituted energy or value "?YMIN" to "-18.4664072"
Evaluating: -18.4664072-3.5
 Parameter: YMIN <- "-21.9664072"
  
 CHARMM>            calc zmin = ?zmin - @dcut
 Parameter: DCUT -> "3.5"
 RDCMND substituted energy or value "?ZMIN" to "-15.8539835"
Evaluating: -15.8539835-3.5
 Parameter: ZMIN <- "-19.3539835"
  
 CHARMM>     
  
 CHARMM>            define JUNK sele .not. target .and. -
 CHARMM>                             prop X .lt. @xmax .and. prop X .gt. @xmin .and. -
 CHARMM>                             prop Y .lt. @ymax .and. prop Y .gt. @ymin .and. -
 CHARMM>                             prop Z .lt. @zmax .and. prop Z .gt. @zmin  end
 Parameter: XMAX -> "38.1646567"
 Parameter: XMIN -> "31.1646567"
 Parameter: YMAX -> "-14.9664072"
 Parameter: YMIN -> "-21.9664072"
 Parameter: ZMAX -> "-12.3539835"
 Parameter: ZMIN -> "-19.3539835"
 SELRPN>     18 atoms have been selected out of  24952
  
 CHARMM>     
  
 CHARMM>            ! check if the ions are too close to protein
  
 CHARMM>            define XXX sele PROT end
 SELRPN>      0 atoms have been selected out of  24952
  
 CHARMM>            if ?nsel .gt. 0 then
 RDCMND substituted energy or value "?NSEL" to "0"
 Comparing "0" and "0".
 IF test evaluated as false.  Skip to ELSE or ENDIF
  
 CHARMM>     
  
 CHARMM>            ! check if the ions are too close to solute
  
 CHARMM>            coor dist cut 4.0 sele target end sele JUNK .and. .not. hydrogen end image
 SELRPN>      1 atoms have been selected out of  36561
 SELRPN>     11 atoms have been selected out of  36561

            DISTANCES FOR SELECTED ATOMS
24951 NEG      CLA      25       CLA     -**** MEMB     DOPC     182      C11           3.2691
24951 NEG      CLA      25       CLA     -**** MEMB     DOPC     182      P             2.6836
24951 NEG      CLA      25       CLA     -**** MEMB     DOPC     182      O13           3.7239
24951 NEG      CLA      25       CLA     -**** MEMB     DOPC     182      O14           3.5929
24951 NEG      CLA      25       CLA     -**** MEMB     DOPC     182      O12           2.4318
24951 NEG      CLA      25       CLA     -**** MEMB     DOPC     182      O11           1.7173
24951 NEG      CLA      25       CLA     -**** MEMB     DOPC     182      C1            2.6462
24951 NEG      CLA      25       CLA     -**** MEMB     DOPC     182      C2            3.0792
24951 NEG      CLA      25       CLA     -**** MEMB     DOPC     182      O21           3.4007
24951 NEG      CLA      25       CLA     -**** MEMB     DOPC     182      C21           3.1991
24951 NEG      CLA      25       CLA     -**** MEMB     DOPC     182      O22           2.8331
 TOTAL EXCLUSION COUNT =         0
 TOTAL 1-4 EXCLUSIONS  =         0
 TOTAL NON-EXCLUSIONS  =        11
  
 CHARMM>            if ?npair .gt. 0 goto doinit
 RDCMND substituted energy or value "?NPAIR" to "11"
 Comparing "11" and "0".
 IF test evaluated as true.  Performing command
  
 CHARMM>     
  
 CHARMM>            calc cntrand = @cntrand + 1
 Parameter: CNTRAND -> "3"
Evaluating: 3+1
 Parameter: CNTRAND <- "4"
  
 CHARMM>            if cntrand .gt. 100 stop ! ABNORMAL TERMINATION: ion placing may not work.. stop here
 Comparing "4" and "100".
 IF test evaluated as false.  Skipping command
  
 CHARMM>     
  
 CHARMM>            calc j = @i
 Parameter: I -> "51"
Evaluating: 51
 Parameter: J <- "51"
  
 CHARMM>            set ion = POS
 Parameter: ION <- "POS"
  
 CHARMM>     
  
 CHARMM>            if j .gt. @npos then
 Parameter: NPOS -> "26"
 Comparing "51" and "26".
 IF test evaluated as true.  Performing command
  
 CHARMM>               set ion = NEG
 Parameter: ION <- "NEG"
  
 CHARMM>               calc j  = @j - @npos
 Parameter: J -> "51"
 Parameter: NPOS -> "26"
Evaluating: 51-26
 Parameter: J <- "25"
  
 CHARMM>            endif
  
 CHARMM>     
  
 CHARMM>            define target select segid @ion .and. resid @j end
 Parameter: ION -> "NEG"
 Parameter: J -> "25"
 SELRPN>      1 atoms have been selected out of  24952
  
 CHARMM>     
  
 CHARMM>            calc xpos = @A * ( ?random - 0.5 )
 Parameter: A -> "76.8049478"
 RDCMND substituted energy or value "?RANDOM" to "0.175151019"
Evaluating: 76.8049478*(0.175151019-0.5)
 Parameter: XPOS <- "-24.950009"
  
 CHARMM>            calc ypos = @B * ( ?random - 0.5 )
 Parameter: B -> "76.8049478"
 RDCMND substituted energy or value "?RANDOM" to "0.427960742"
Evaluating: 76.8049478*(0.427960742-0.5)
 Parameter: YPOS <- "-5.53297145"
  
 CHARMM>            calc zpos = @C * ( ?random - 0.5 ) + @zcen
 Parameter: C -> "100"
 Parameter: ZCEN -> "0"
 RDCMND substituted energy or value "?RANDOM" to "0.809002234"
Evaluating: 100*(0.809002234-0.5)+0
 Parameter: ZPOS <- "30.9002234"
  
 CHARMM>     
  
 CHARMM>            if zpos .gt. -15 if zpos .lt. 15 goto doinit
 Comparing "30.9002234" and "-15".
 IF test evaluated as true.  Performing command
 Comparing "30.9002234" and "15".
 IF test evaluated as false.  Skipping command
  
 CHARMM>     
  
 CHARMM>            ! move target to selected position
  
 CHARMM>            coor stat select target end
 SELRPN>      1 atoms have been selected out of  24952
 STATISTICS FOR         1 SELECTED ATOMS:
    XMIN =   34.664657 XMAX =   34.664657 XAVE =   34.664657
    YMIN =  -18.466407 YMAX =  -18.466407 YAVE =  -18.466407
    ZMIN =  -15.853983 ZMAX =  -15.853983 ZAVE =  -15.853983
    WMIN =   -1.000000 WMAX =   -1.000000 WAVE =   -1.000000
  
 CHARMM>            calc xtran = @xpos - ?xave
 Parameter: XPOS -> "-24.950009"
 RDCMND substituted energy or value "?XAVE" to "34.6646567"
Evaluating: -24.950009-34.6646567
 Parameter: XTRAN <- "-59.6146657"
  
 CHARMM>            calc ytran = @ypos - ?yave
 Parameter: YPOS -> "-5.53297145"
 RDCMND substituted energy or value "?YAVE" to "-18.4664072"
Evaluating: -5.53297145--18.4664072
 Parameter: YTRAN <- "12.9334357"
  
 CHARMM>            calc ztran = @zpos - ?zave
 Parameter: ZPOS -> "30.9002234"
 RDCMND substituted energy or value "?ZAVE" to "-15.8539835"
Evaluating: 30.9002234--15.8539835
 Parameter: ZTRAN <- "46.7542069"
  
 CHARMM>            coor trans xdir @xtran ydir @ytran zdir @ztran select target end
 Parameter: XTRAN -> "-59.6146657"
 Parameter: YTRAN -> "12.9334357"
 Parameter: ZTRAN -> "46.7542069"
 SELRPN>      1 atoms have been selected out of  24952
 TRANSLATION VECTOR   -59.614666   12.933436   46.754207
 SELECTED COORDINATES TRANSLATED IN THE MAIN SET.

  
 CHARMM>     
  
 CHARMM>            ! apply a random rotation along XYZ
  
 CHARMM>            calc xphi = ?random * 360.0
 RDCMND substituted energy or value "?RANDOM" to "1.927007111E-02"
Evaluating: 1.927007111E-02*360.0
 Parameter: XPHI <- "6.9372256"
  
 CHARMM>            calc yphi = ?random * 360.0
 RDCMND substituted energy or value "?RANDOM" to "0.704919842"
Evaluating: 0.704919842*360.0
 Parameter: YPHI <- "253.771143"
  
 CHARMM>            calc zphi = ?random * 360.0
 RDCMND substituted energy or value "?RANDOM" to "0.305280843"
Evaluating: 0.305280843*360.0
 Parameter: ZPHI <- "109.901103"
  
 CHARMM>            coor rotate xcen @xpos ycen @ypos zcen @zpos xdir 1.0 -
 CHARMM>                phi @xphi select target end
 Parameter: XPOS -> "-24.950009"
 Parameter: YPOS -> "-5.53297145"
 Parameter: ZPOS -> "30.9002234"
 Parameter: XPHI -> "6.9372256"
 SELRPN>      1 atoms have been selected out of  24952
 ROTATION MATRIX
    1.000000    0.000000    0.000000
    0.000000    0.992679    0.120782
    0.000000   -0.120782    0.992679

 AXIS OF ROTATION IS  1.000000  0.000000  0.000000  ANGLE IS    6.94

 SELECTED COORDINATES ROTATED IN THE MAIN SET.

  
 CHARMM>            coor rotate xcen @xpos ycen @ypos zcen @zpos ydir 1.0 -
 CHARMM>                phi @yphi select target end
 Parameter: XPOS -> "-24.950009"
 Parameter: YPOS -> "-5.53297145"
 Parameter: ZPOS -> "30.9002234"
 Parameter: YPHI -> "253.771143"
 SELRPN>      1 atoms have been selected out of  24952
 ROTATION MATRIX
   -0.279475    0.000000    0.960153
    0.000000    1.000000    0.000000
   -0.960153    0.000000   -0.279475

 AXIS OF ROTATION IS  0.000000 -1.000000  0.000000  ANGLE IS  106.23

 SELECTED COORDINATES ROTATED IN THE MAIN SET.

  
 CHARMM>            coor rotate xcen @xpos ycen @ypos zcen @zpos zdir 1.0 -
 CHARMM>                phi @zphi select target end
 Parameter: XPOS -> "-24.950009"
 Parameter: YPOS -> "-5.53297145"
 Parameter: ZPOS -> "30.9002234"
 Parameter: ZPHI -> "109.901103"
 SELRPN>      1 atoms have been selected out of  24952
 ROTATION MATRIX
   -0.340398    0.940282    0.000000
   -0.940282   -0.340398    0.000000
    0.000000    0.000000    1.000000

 AXIS OF ROTATION IS  0.000000  0.000000  1.000000  ANGLE IS  109.90

 SELECTED COORDINATES ROTATED IN THE MAIN SET.

  
 CHARMM>     
  
 CHARMM>     
  
 CHARMM>            calc dcut = 3.5
Evaluating: 3.5
 Parameter: DCUT <- "3.5"
  
 CHARMM>     
  
 CHARMM>            coor stat sele target end
 SELRPN>      1 atoms have been selected out of  24952
 STATISTICS FOR         1 SELECTED ATOMS:
    XMIN =  -24.950009 XMAX =  -24.950009 XAVE =  -24.950009
    YMIN =   -5.532971 YMAX =   -5.532971 YAVE =   -5.532971
    ZMIN =   30.900223 ZMAX =   30.900223 ZAVE =   30.900223
    WMIN =   -1.000000 WMAX =   -1.000000 WAVE =   -1.000000
  
 CHARMM>            calc xmax = ?xmax + @dcut
 Parameter: DCUT -> "3.5"
 RDCMND substituted energy or value "?XMAX" to "-24.950009"
Evaluating: -24.950009+3.5
 Parameter: XMAX <- "-21.450009"
  
 CHARMM>            calc ymax = ?ymax + @dcut
 Parameter: DCUT -> "3.5"
 RDCMND substituted energy or value "?YMAX" to "-5.53297144"
Evaluating: -5.53297144+3.5
 Parameter: YMAX <- "-2.03297144"
  
 CHARMM>            calc zmax = ?zmax + @dcut
 Parameter: DCUT -> "3.5"
 RDCMND substituted energy or value "?ZMAX" to "30.9002234"
Evaluating: 30.9002234+3.5
 Parameter: ZMAX <- "34.4002234"
  
 CHARMM>            calc xmin = ?xmin - @dcut
 Parameter: DCUT -> "3.5"
 RDCMND substituted energy or value "?XMIN" to "-24.950009"
Evaluating: -24.950009-3.5
 Parameter: XMIN <- "-28.450009"
  
 CHARMM>            calc ymin = ?ymin - @dcut
 Parameter: DCUT -> "3.5"
 RDCMND substituted energy or value "?YMIN" to "-5.53297144"
Evaluating: -5.53297144-3.5
 Parameter: YMIN <- "-9.03297144"
  
 CHARMM>            calc zmin = ?zmin - @dcut
 Parameter: DCUT -> "3.5"
 RDCMND substituted energy or value "?ZMIN" to "30.9002234"
Evaluating: 30.9002234-3.5
 Parameter: ZMIN <- "27.4002234"
  
 CHARMM>     
  
 CHARMM>            define JUNK sele .not. target .and. -
 CHARMM>                             prop X .lt. @xmax .and. prop X .gt. @xmin .and. -
 CHARMM>                             prop Y .lt. @ymax .and. prop Y .gt. @ymin .and. -
 CHARMM>                             prop Z .lt. @zmax .and. prop Z .gt. @zmin  end
 Parameter: XMAX -> "-21.450009"
 Parameter: XMIN -> "-28.450009"
 Parameter: YMAX -> "-2.03297144"
 Parameter: YMIN -> "-9.03297144"
 Parameter: ZMAX -> "34.4002234"
 Parameter: ZMIN -> "27.4002234"
 SELRPN>      0 atoms have been selected out of  24952
  
 CHARMM>     
  
 CHARMM>            ! check if the ions are too close to protein
  
 CHARMM>            define XXX sele PROT end
 SELRPN>      0 atoms have been selected out of  24952
  
 CHARMM>            if ?nsel .gt. 0 then
 RDCMND substituted energy or value "?NSEL" to "0"
 Comparing "0" and "0".
 IF test evaluated as false.  Skip to ELSE or ENDIF
  
 CHARMM>     
  
 CHARMM>            ! check if the ions are too close to solute
  
 CHARMM>            coor dist cut 4.0 sele target end sele JUNK .and. .not. hydrogen end image
 SELRPN>      1 atoms have been selected out of  36561
 SELRPN>      0 atoms have been selected out of  36561

            DISTANCES FOR SELECTED ATOMS
            ONLY ONE SELECTION SET SPECIFIED, A COMPARISON WILL BE DONE
 TOTAL EXCLUSION COUNT =         0
 TOTAL 1-4 EXCLUSIONS  =         0
 TOTAL NON-EXCLUSIONS  =         0
  
 CHARMM>            if ?npair .gt. 0 goto doinit
 RDCMND substituted energy or value "?NPAIR" to "0"
 Comparing "0" and "0".
 IF test evaluated as false.  Skipping command
  
 CHARMM>     
  
 CHARMM>            calc cntrand = 0
Evaluating: 0
 Parameter: CNTRAND <- "0"
  
 CHARMM>            increase i by 1
 Parameter: I <- "52"
  
 CHARMM>            if i .le. @nion goto doinit
 Parameter: NION -> "52"
 Comparing "52" and "52".
 IF test evaluated as true.  Performing command
  
 CHARMM>     
  
 CHARMM>            calc cntrand = @cntrand + 1
 Parameter: CNTRAND -> "0"
Evaluating: 0+1
 Parameter: CNTRAND <- "1"
  
 CHARMM>            if cntrand .gt. 100 stop ! ABNORMAL TERMINATION: ion placing may not work.. stop here
 Comparing "1" and "100".
 IF test evaluated as false.  Skipping command
  
 CHARMM>     
  
 CHARMM>            calc j = @i
 Parameter: I -> "52"
Evaluating: 52
 Parameter: J <- "52"
  
 CHARMM>            set ion = POS
 Parameter: ION <- "POS"
  
 CHARMM>     
  
 CHARMM>            if j .gt. @npos then
 Parameter: NPOS -> "26"
 Comparing "52" and "26".
 IF test evaluated as true.  Performing command
  
 CHARMM>               set ion = NEG
 Parameter: ION <- "NEG"
  
 CHARMM>               calc j  = @j - @npos
 Parameter: J -> "52"
 Parameter: NPOS -> "26"
Evaluating: 52-26
 Parameter: J <- "26"
  
 CHARMM>            endif
  
 CHARMM>     
  
 CHARMM>            define target select segid @ion .and. resid @j end
 Parameter: ION -> "NEG"
 Parameter: J -> "26"
 SELRPN>      1 atoms have been selected out of  24952
  
 CHARMM>     
  
 CHARMM>            calc xpos = @A * ( ?random - 0.5 )
 Parameter: A -> "76.8049478"
 RDCMND substituted energy or value "?RANDOM" to "0.473544071"
Evaluating: 76.8049478*(0.473544071-0.5)
 Parameter: XPOS <- "-2.03194625"
  
 CHARMM>            calc ypos = @B * ( ?random - 0.5 )
 Parameter: B -> "76.8049478"
 RDCMND substituted energy or value "?RANDOM" to "0.630320704"
Evaluating: 76.8049478*(0.630320704-0.5)
 Parameter: YPOS <- "10.0092749"
  
 CHARMM>            calc zpos = @C * ( ?random - 0.5 ) + @zcen
 Parameter: C -> "100"
 Parameter: ZCEN -> "0"
 RDCMND substituted energy or value "?RANDOM" to "0.371483237"
Evaluating: 100*(0.371483237-0.5)+0
 Parameter: ZPOS <- "-12.8516763"
  
 CHARMM>     
  
 CHARMM>            if zpos .gt. -15 if zpos .lt. 15 goto doinit
 Comparing "-12.8516763" and "-15".
 IF test evaluated as true.  Performing command
 Comparing "-12.8516763" and "15".
 IF test evaluated as true.  Performing command
  
 CHARMM>     
  
 CHARMM>            calc cntrand = @cntrand + 1
 Parameter: CNTRAND -> "1"
Evaluating: 1+1
 Parameter: CNTRAND <- "2"
  
 CHARMM>            if cntrand .gt. 100 stop ! ABNORMAL TERMINATION: ion placing may not work.. stop here
 Comparing "2" and "100".
 IF test evaluated as false.  Skipping command
  
 CHARMM>     
  
 CHARMM>            calc j = @i
 Parameter: I -> "52"
Evaluating: 52
 Parameter: J <- "52"
  
 CHARMM>            set ion = POS
 Parameter: ION <- "POS"
  
 CHARMM>     
  
 CHARMM>            if j .gt. @npos then
 Parameter: NPOS -> "26"
 Comparing "52" and "26".
 IF test evaluated as true.  Performing command
  
 CHARMM>               set ion = NEG
 Parameter: ION <- "NEG"
  
 CHARMM>               calc j  = @j - @npos
 Parameter: J -> "52"
 Parameter: NPOS -> "26"
Evaluating: 52-26
 Parameter: J <- "26"
  
 CHARMM>            endif
  
 CHARMM>     
  
 CHARMM>            define target select segid @ion .and. resid @j end
 Parameter: ION -> "NEG"
 Parameter: J -> "26"
 SELRPN>      1 atoms have been selected out of  24952
  
 CHARMM>     
  
 CHARMM>            calc xpos = @A * ( ?random - 0.5 )
 Parameter: A -> "76.8049478"
 RDCMND substituted energy or value "?RANDOM" to "7.984428062E-02"
Evaluating: 76.8049478*(7.984428062E-02-0.5)
 Parameter: XPOS <- "-32.2700381"
  
 CHARMM>            calc ypos = @B * ( ?random - 0.5 )
 Parameter: B -> "76.8049478"
 RDCMND substituted energy or value "?RANDOM" to "0.304481959"
Evaluating: 76.8049478*(0.304481959-0.5)
 Parameter: YPOS <- "-15.0167529"
  
 CHARMM>            calc zpos = @C * ( ?random - 0.5 ) + @zcen
 Parameter: C -> "100"
 Parameter: ZCEN -> "0"
 RDCMND substituted energy or value "?RANDOM" to "0.231678738"
Evaluating: 100*(0.231678738-0.5)+0
 Parameter: ZPOS <- "-26.8321262"
  
 CHARMM>     
  
 CHARMM>            if zpos .gt. -15 if zpos .lt. 15 goto doinit
 Comparing "-26.8321262" and "-15".
 IF test evaluated as false.  Skipping command
  
 CHARMM>     
  
 CHARMM>            ! move target to selected position
  
 CHARMM>            coor stat select target end
 SELRPN>      1 atoms have been selected out of  24952
 STATISTICS FOR         1 SELECTED ATOMS:
    XMIN =    0.000000 XMAX =    0.000000 XAVE =    0.000000
    YMIN =    0.000000 YMAX =    0.000000 YAVE =    0.000000
    ZMIN =    0.000000 ZMAX =    0.000000 ZAVE =    0.000000
    WMIN =   -1.000000 WMAX =   -1.000000 WAVE =   -1.000000
  
 CHARMM>            calc xtran = @xpos - ?xave
 Parameter: XPOS -> "-32.2700381"
 RDCMND substituted energy or value "?XAVE" to "0"
Evaluating: -32.2700381-0
 Parameter: XTRAN <- "-32.2700381"
  
 CHARMM>            calc ytran = @ypos - ?yave
 Parameter: YPOS -> "-15.0167529"
 RDCMND substituted energy or value "?YAVE" to "0"
Evaluating: -15.0167529-0
 Parameter: YTRAN <- "-15.0167529"
  
 CHARMM>            calc ztran = @zpos - ?zave
 Parameter: ZPOS -> "-26.8321262"
 RDCMND substituted energy or value "?ZAVE" to "0"
Evaluating: -26.8321262-0
 Parameter: ZTRAN <- "-26.8321262"
  
 CHARMM>            coor trans xdir @xtran ydir @ytran zdir @ztran select target end
 Parameter: XTRAN -> "-32.2700381"
 Parameter: YTRAN -> "-15.0167529"
 Parameter: ZTRAN -> "-26.8321262"
 SELRPN>      1 atoms have been selected out of  24952
 TRANSLATION VECTOR   -32.270038  -15.016753  -26.832126
 SELECTED COORDINATES TRANSLATED IN THE MAIN SET.

  
 CHARMM>     
  
 CHARMM>            ! apply a random rotation along XYZ
  
 CHARMM>            calc xphi = ?random * 360.0
 RDCMND substituted energy or value "?RANDOM" to "0.605665292"
Evaluating: 0.605665292*360.0
 Parameter: XPHI <- "218.039505"
  
 CHARMM>            calc yphi = ?random * 360.0
 RDCMND substituted energy or value "?RANDOM" to "0.238167805"
Evaluating: 0.238167805*360.0
 Parameter: YPHI <- "85.7404098"
  
 CHARMM>            calc zphi = ?random * 360.0
 RDCMND substituted energy or value "?RANDOM" to "0.711953989"
Evaluating: 0.711953989*360.0
 Parameter: ZPHI <- "256.303436"
  
 CHARMM>            coor rotate xcen @xpos ycen @ypos zcen @zpos xdir 1.0 -
 CHARMM>                phi @xphi select target end
 Parameter: XPOS -> "-32.2700381"
 Parameter: YPOS -> "-15.0167529"
 Parameter: ZPOS -> "-26.8321262"
 Parameter: XPHI -> "218.039505"
 SELRPN>      1 atoms have been selected out of  24952
 ROTATION MATRIX
    1.000000    0.000000    0.000000
    0.000000   -0.787586   -0.616205
    0.000000    0.616205   -0.787586

 AXIS OF ROTATION IS -1.000000  0.000000  0.000000  ANGLE IS  141.96

 SELECTED COORDINATES ROTATED IN THE MAIN SET.

  
 CHARMM>            coor rotate xcen @xpos ycen @ypos zcen @zpos ydir 1.0 -
 CHARMM>                phi @yphi select target end
 Parameter: XPOS -> "-32.2700381"
 Parameter: YPOS -> "-15.0167529"
 Parameter: ZPOS -> "-26.8321262"
 Parameter: YPHI -> "85.7404098"
 SELRPN>      1 atoms have been selected out of  24952
 ROTATION MATRIX
    0.074275    0.000000   -0.997238
    0.000000    1.000000    0.000000
    0.997238    0.000000    0.074275

 AXIS OF ROTATION IS  0.000000  1.000000  0.000000  ANGLE IS   85.74

 SELECTED COORDINATES ROTATED IN THE MAIN SET.

  
 CHARMM>            coor rotate xcen @xpos ycen @ypos zcen @zpos zdir 1.0 -
 CHARMM>                phi @zphi select target end
 Parameter: XPOS -> "-32.2700381"
 Parameter: YPOS -> "-15.0167529"
 Parameter: ZPOS -> "-26.8321262"
 Parameter: ZPHI -> "256.303436"
 SELRPN>      1 atoms have been selected out of  24952
 ROTATION MATRIX
   -0.236780   -0.971563    0.000000
    0.971563   -0.236780    0.000000
    0.000000    0.000000    1.000000

 AXIS OF ROTATION IS  0.000000  0.000000 -1.000000  ANGLE IS  103.70

 SELECTED COORDINATES ROTATED IN THE MAIN SET.

  
 CHARMM>     
  
 CHARMM>     
  
 CHARMM>            calc dcut = 3.5
Evaluating: 3.5
 Parameter: DCUT <- "3.5"
  
 CHARMM>     
  
 CHARMM>            coor stat sele target end
 SELRPN>      1 atoms have been selected out of  24952
 STATISTICS FOR         1 SELECTED ATOMS:
    XMIN =  -32.270038 XMAX =  -32.270038 XAVE =  -32.270038
    YMIN =  -15.016753 YMAX =  -15.016753 YAVE =  -15.016753
    ZMIN =  -26.832126 ZMAX =  -26.832126 ZAVE =  -26.832126
    WMIN =   -1.000000 WMAX =   -1.000000 WAVE =   -1.000000
  
 CHARMM>            calc xmax = ?xmax + @dcut
 Parameter: DCUT -> "3.5"
 RDCMND substituted energy or value "?XMAX" to "-32.2700381"
Evaluating: -32.2700381+3.5
 Parameter: XMAX <- "-28.7700381"
  
 CHARMM>            calc ymax = ?ymax + @dcut
 Parameter: DCUT -> "3.5"
 RDCMND substituted energy or value "?YMAX" to "-15.0167529"
Evaluating: -15.0167529+3.5
 Parameter: YMAX <- "-11.5167529"
  
 CHARMM>            calc zmax = ?zmax + @dcut
 Parameter: DCUT -> "3.5"
 RDCMND substituted energy or value "?ZMAX" to "-26.8321262"
Evaluating: -26.8321262+3.5
 Parameter: ZMAX <- "-23.3321262"
  
 CHARMM>            calc xmin = ?xmin - @dcut
 Parameter: DCUT -> "3.5"
 RDCMND substituted energy or value "?XMIN" to "-32.2700381"
Evaluating: -32.2700381-3.5
 Parameter: XMIN <- "-35.7700381"
  
 CHARMM>            calc ymin = ?ymin - @dcut
 Parameter: DCUT -> "3.5"
 RDCMND substituted energy or value "?YMIN" to "-15.0167529"
Evaluating: -15.0167529-3.5
 Parameter: YMIN <- "-18.5167529"
  
 CHARMM>            calc zmin = ?zmin - @dcut
 Parameter: DCUT -> "3.5"
 RDCMND substituted energy or value "?ZMIN" to "-26.8321262"
Evaluating: -26.8321262-3.5
 Parameter: ZMIN <- "-30.3321262"
  
 CHARMM>     
  
 CHARMM>            define JUNK sele .not. target .and. -
 CHARMM>                             prop X .lt. @xmax .and. prop X .gt. @xmin .and. -
 CHARMM>                             prop Y .lt. @ymax .and. prop Y .gt. @ymin .and. -
 CHARMM>                             prop Z .lt. @zmax .and. prop Z .gt. @zmin  end
 Parameter: XMAX -> "-28.7700381"
 Parameter: XMIN -> "-35.7700381"
 Parameter: YMAX -> "-11.5167529"
 Parameter: YMIN -> "-18.5167529"
 Parameter: ZMAX -> "-23.3321262"
 Parameter: ZMIN -> "-30.3321262"
 SELRPN>      0 atoms have been selected out of  24952
  
 CHARMM>     
  
 CHARMM>            ! check if the ions are too close to protein
  
 CHARMM>            define XXX sele PROT end
 SELRPN>      0 atoms have been selected out of  24952
  
 CHARMM>            if ?nsel .gt. 0 then
 RDCMND substituted energy or value "?NSEL" to "0"
 Comparing "0" and "0".
 IF test evaluated as false.  Skip to ELSE or ENDIF
  
 CHARMM>     
  
 CHARMM>            ! check if the ions are too close to solute
  
 CHARMM>            coor dist cut 4.0 sele target end sele JUNK .and. .not. hydrogen end image
 SELRPN>      1 atoms have been selected out of  36561
 SELRPN>      0 atoms have been selected out of  36561

            DISTANCES FOR SELECTED ATOMS
            ONLY ONE SELECTION SET SPECIFIED, A COMPARISON WILL BE DONE
 TOTAL EXCLUSION COUNT =         0
 TOTAL 1-4 EXCLUSIONS  =         0
 TOTAL NON-EXCLUSIONS  =         0
  
 CHARMM>            if ?npair .gt. 0 goto doinit
 RDCMND substituted energy or value "?NPAIR" to "0"
 Comparing "0" and "0".
 IF test evaluated as false.  Skipping command
  
 CHARMM>     
  
 CHARMM>            calc cntrand = 0
Evaluating: 0
 Parameter: CNTRAND <- "0"
  
 CHARMM>            increase i by 1
 Parameter: I <- "53"
  
 CHARMM>            if i .le. @nion goto doinit
 Parameter: NION -> "52"
 Comparing "53" and "52".
 IF test evaluated as false.  Skipping command
  
 CHARMM>     
  
 CHARMM>        label continue
  
 CHARMM>     
  
 CHARMM>        CRYSTAL FREE
  
 CHARMM>     
  
 CHARMM>        ! get the number of @pos residues to reorder
  
 CHARMM>        define JUNK sele ( segid IONS .or. LPSION ) .and. resname @pos end
 Parameter: POS -> "SOD"
 SELRPN>      0 atoms have been selected out of  24952
  
 CHARMM>        set natoms = ?nsel
 RDCMND substituted energy or value "?NSEL" to "0"
 Parameter: NATOMS <- "0"
  
 CHARMM>        calc nresi = @natoms / @natompos
 Parameter: NATOMS -> "0"
 Parameter: NATOMPOS -> "1"
Evaluating: 0/1
 Parameter: NRESI <- "0"
  
 CHARMM>        incr npos by @nresi
 Parameter: NRESI -> "0"
 Parameter: NPOS <- "26"
  
 CHARMM>     
  
 CHARMM>        ! join POS to @pos via reordering
  
 CHARMM>        if nresi .gt. 0 then
 Comparing "0" and "0".
 IF test evaluated as false.  Skip to ELSE or ENDIF
  
 CHARMM>     
  
 CHARMM>        ! update LPS selection
  
 CHARMM>        define LPSION sele segid LION .or. segid CION .or. segid OION end
 SELRPN>      0 atoms have been selected out of  24952
  
 CHARMM>     
  
 CHARMM>        ! get the number of @neg residues to reorder
  
 CHARMM>        define JUNK sele ( segid IONS .or. LPSION ) .and. resname @neg end
 Parameter: NEG -> "CLA"
 SELRPN>      0 atoms have been selected out of  24952
  
 CHARMM>        set natoms = ?nsel
 RDCMND substituted energy or value "?NSEL" to "0"
 Parameter: NATOMS <- "0"
  
 CHARMM>        calc nresi = @natoms / @natomneg
 Parameter: NATOMS -> "0"
 Parameter: NATOMNEG -> "1"
Evaluating: 0/1
 Parameter: NRESI <- "0"
  
 CHARMM>        incr nneg by @nresi
 Parameter: NRESI -> "0"
 Parameter: NNEG <- "26"
  
 CHARMM>     
  
 CHARMM>        ! join NEG to @neg via reordering
  
 CHARMM>        if nresi .gt. 0 then
 Comparing "0" and "0".
 IF test evaluated as false.  Skip to ELSE or ENDIF
  
 CHARMM>            ! if POS was reordered, NEG may still need to be reordered
  
 CHARMM>            define POS sele segid POS end
 SELRPN>     26 atoms have been selected out of  24952
  
 CHARMM>            set posat = ?selatom
 RDCMND substituted energy or value "?SELATOM" to "24901"
 Parameter: POSAT <- "24901"
  
 CHARMM>     
  
 CHARMM>            define NEG sele segid NEG end
 SELRPN>     26 atoms have been selected out of  24952
  
 CHARMM>            set negat = ?selatom
 RDCMND substituted energy or value "?SELATOM" to "24927"
 Parameter: NEGAT <- "24927"
  
 CHARMM>     
  
 CHARMM>            if negat .eq. 0 goto skipreorder
 Comparing "24927" and "0".
 IF test evaluated as false.  Skipping command
  
 CHARMM>     
  
 CHARMM>            if posat .gt. @negat then
 Parameter: NEGAT -> "24927"
 Comparing "24901" and "24927".
 IF test evaluated as false.  Skip to ELSE or ENDIF
  
 CHARMM>        endif
  
 CHARMM>     
  
 CHARMM>        label skipreorder
  
 CHARMM>     
  
 CHARMM>        ! update LPS selection
  
 CHARMM>        define LPSION sele segid LION .or. segid CION .or. segid OION end
 SELRPN>      0 atoms have been selected out of  24952
  
 CHARMM>     
  
 CHARMM>        !
  
 CHARMM>        ! join everything to IONS segment
  
 CHARMM>        !
  
 CHARMM>        define IONS sele segid IONS end
 SELRPN>      0 atoms have been selected out of  24952
  
 CHARMM>        set nionatoms = ?nsel
 RDCMND substituted energy or value "?NSEL" to "0"
 Parameter: NIONATOMS <- "0"
  
 CHARMM>     
  
 CHARMM>        define POS sele segid POS end
 SELRPN>     26 atoms have been selected out of  24952
  
 CHARMM>        set nposatoms = ?nsel
 RDCMND substituted energy or value "?NSEL" to "26"
 Parameter: NPOSATOMS <- "26"
  
 CHARMM>     
  
 CHARMM>        define NEG sele segid NEG end
 SELRPN>     26 atoms have been selected out of  24952
  
 CHARMM>        set nnegatoms = ?nsel
 RDCMND substituted energy or value "?NSEL" to "26"
 Parameter: NNEGATOMS <- "26"
  
 CHARMM>     
  
 CHARMM>        if nionatoms .gt. 0 then
 Comparing "0" and "0".
 IF test evaluated as false.  Skip to ELSE or ENDIF
  
 CHARMM>            rename segid IONS sele segid POS end
 SELRPN>     26 atoms have been selected out of  24952
 SEGMENT 'POS     ' IS RENAMED TO 'IONS    '
  
 CHARMM>        endif
  
 CHARMM>     
  
 CHARMM>        define IONS sele segid IONS end
 SELRPN>     26 atoms have been selected out of  24952
  
 CHARMM>        set nionatoms = ?nsel
 RDCMND substituted energy or value "?NSEL" to "26"
 Parameter: NIONATOMS <- "26"
  
 CHARMM>     
  
 CHARMM>        if nionatoms .gt. 0 then
 Comparing "26" and "0".
 IF test evaluated as true.  Performing command
  
 CHARMM>            if nnegatoms .gt. 0 join IONS NEG renumber
 Comparing "26" and "0".
 IF test evaluated as true.  Performing command
 SEGMENTS "IONS    " AND "NEG     " HAVE BEEN JOINED.
 THE RESIDUE IDENTIFIERS HAVE BEEN RENUMBERED
 PSFSUM> PSF modified: NONBOND lists and IMAGE atoms cleared.
 PSFSUM> Summary of the structure file counters :
         Number of segments      =        2   Number of residues   =      252
         Number of atoms         =    24952   Number of groups     =     7052
         Number of bonds         =    24860   Number of angles     =    48040
         Number of dihedrals     =    68580   Number of impropers  =      320
         Number of cross-terms   =        0   Number of autogens   =        0
         Number of HB acceptors  =        0   Number of HB donors  =        0
         Number of NB exclusions =        0   Total charge =    0.00000
  
 CHARMM>        else
 Skip commands until next ENDIF
  
 CHARMM>     
  
 CHARMM>        incr ionind
 Parameter: IONIND <- "2"
  
 CHARMM>        if ionind le @niontypes goto do_ion
 Parameter: NIONTYPES -> "1"
 Comparing "2" and "1".
 IF test evaluated as false.  Skipping command
  
 CHARMM>     
  
 CHARMM>     
  
 CHARMM>    CRYSTAL FREE
  
 CHARMM>     
  
 CHARMM>    open read unit 10 card name step4.3_ion_protmemb.crd
 OPNLGU> Unit already open. The old file will be closed first.
 VCLOSE: Closing unit   10 with status "KEEP"
 VOPEN> Attempting to open::step4.3_ion_protmemb.crd::
 OPNLGU> Unit 10 opened for READONLY access to step4.3_ion_protmemb.crd
  
 CHARMM>    read coor unit 10 card
          SPATIAL COORDINATES BEING READ FROM UNIT 10
 TITLE> * GENERATED BY CHARMM-GUI (HTTP://WWW.CHARMM-GUI.ORG) V3.7 ON JUL, 11. 2024. JOB
 TITLE> * GENERATES ION CONFORMATION USING MONTE-CARLO SIMULATION
 TITLE> *  DATE:     7/11/24      0:36: 4      CREATED BY USER: APACHE
 TITLE> *

 ** WARNING ** Coordinates were overwritten for 24900 atoms.
 *** LEVEL  2 WARNING *** BOMLEV IS    0
  
 CHARMM>     
  
 CHARMM>    write coor pdb name step4.3_ion.pdb
 VOPEN> Attempting to open::step4.3_ion.pdb::
 RDTITL>  
 RDTITL> No title read.
  Write CHARMM-pdb format
 VCLOSE: Closing unit   90 with status "KEEP"
  
 CHARMM>     
  
 CHARMM>    calc cgtotinit = ?cgtot
 RDCMND substituted energy or value "?CGTOT" to "0"
Evaluating: 0
 Parameter: CGTOTINIT <- "0"
  
 CHARMM>    calc cgtot = int( ?cgtot )
 RDCMND substituted energy or value "?CGTOT" to "0"
Evaluating: INT(0)
 Parameter: CGTOT <- "0"
  
 CHARMM>    if cgtot .ne. 0 stop ! ABNORMAL TERMINATION: failure to neutralize system
 Comparing "0" and "0".
 IF test evaluated as false.  Skipping command
  
 CHARMM>    calc cgdiff = abs(@cgtot - @cgtotinit)
 Parameter: CGTOT -> "0"
 Parameter: CGTOTINIT -> "0"
Evaluating: ABS(0-0)
 Parameter: CGDIFF <- "0"
  
 CHARMM>    if cgdiff .gt. 0.0001 stop ! ABNORMAL TERMINATION: failure to neutralize system
 Comparing "0" and "0.0001".
 IF test evaluated as false.  Skipping command
  
 CHARMM>     
  
 CHARMM>    delete atom sele .not. ( segid IONS ) end
 SELRPN>  24900 atoms have been selected out of  24952

 Message from MAPIC: Atom numbers are changed.

 Message from MAPIC:        200 residues deleted.

 Message from MAPIC:          1 segments deleted.
 DELTIC:     24860 bonds deleted
 DELTIC:     48040 angles deleted
 DELTIC:     68580 dihedrals deleted
 DELTIC:       320 improper dihedrals deleted
 PSFSUM> PSF modified: NONBOND lists and IMAGE atoms cleared.
 PSFSUM> Summary of the structure file counters :
         Number of segments      =        1   Number of residues   =       52
         Number of atoms         =       52   Number of groups     =       52
         Number of bonds         =        0   Number of angles     =        0
         Number of dihedrals     =        0   Number of impropers  =        0
         Number of cross-terms   =        0   Number of autogens   =        0
         Number of HB acceptors  =        0   Number of HB donors  =        0
         Number of NB exclusions =        0   Total charge =    0.00000
  
 CHARMM>     
  
 CHARMM>    bomlev 2 ! force error if no atoms written
  
 CHARMM>     
  
 CHARMM>    write psf  card name step4.3_ion.psf
 VOPEN> Attempting to open::step4.3_ion.psf::
 RDTITL> WRITE COOR CARD NAME STEP4.3_ION.CRD
 RDTITL> No title read.
 VCLOSE: Closing unit   90 with status "KEEP"
 VCLOSE: Closing unit   90 with status "KEEP"
  
 CHARMM>    write coor card name step4.3_ion.crd
 VOPEN> Attempting to open::step4.3_ion.crd::
 RDTITL>  
 RDTITL> No title read.
 VCLOSE: Closing unit   90 with status "KEEP"
 VCLOSE: Closing unit   90 with status "KEEP"
  
 CHARMM>     
  
 CHARMM>    write title card name step4.3_ion.str
 VOPEN> Attempting to open::step4.3_ion.str::
 RDTITL> * SET NIONTYPES = 1
 RDTITL> * SET NPOSTOT = 26
 RDTITL> * SET NNEGTOT = 26
 RDTITL> * SET NIONTOT = 52
 RDTITL> *
 VCLOSE: Closing unit   90 with status "KEEP"
 **** Warning ****  The following extraneous characters
 were found while command processing in CHARMM
 CARD
  
 CHARMM>     
  
 CHARMM>    stop
 VCLOSE: Closing unit   10 with status "KEEP"
 VCLOSE: Closing unit   20 with status "KEEP"
$$$$$$  New timer profile $$$$$
 Total time                     19.00 Other:            0.00

                    NORMAL TERMINATION BY NORMAL STOP
                    MOST SEVERE WARNING WAS AT LEVEL  1

                    $$$$$ JOB ACCOUNTING INFORMATION $$$$$
                     ELAPSED TIME:    19.00  SECONDS 
                         CPU TIME:    14.82  SECONDS 
