#! FIELDS time G vol p.x p.y p.z
 0.000000 -845279.562500 794.102464 3.558013 3.309242 16.616706
 20.000000 -845680.062500 793.685329 3.668651 3.172557 16.593028
 40.000000 -843766.000000 796.543520 3.582483 3.418206 16.862957
 60.000000 -844060.812500 796.195391 3.355940 3.508383 16.861950
 80.000000 -844792.062500 794.566285 3.404455 3.306124 16.617517
 100.000000 -844722.687500 794.648370 3.430171 3.400183 16.645141
 120.000000 -846113.437500 792.941355 3.625351 3.343155 16.833508
 140.000000 -846372.812500 791.780359 3.544448 3.162735 16.432257
 160.000000 -844059.937500 795.286722 3.372289 3.312374 16.386172
 180.000000 -845264.875000 794.182666 3.157553 3.398530 16.430767
 200.000000 -845397.812500 793.725447 3.373491 3.394573 16.439204
 220.000000 -844250.875000 797.040433 3.464852 3.713956 16.449053
 240.000000 -844749.312500 795.168154 3.361862 3.475857 16.298801
 260.000000 -844476.687500 794.932308 3.338013 3.612732 16.431370
 280.000000 -844272.125000 795.395409 3.246707 3.729892 16.374397
 300.000000 -846574.187500 793.815985 3.490284 3.429470 16.263964
 320.000000 -843543.562500 795.989593 3.398689 3.468275 16.610718
 340.000000 -843882.375000 794.863258 3.651782 3.483169 16.777622
 360.000000 -843339.812500 794.260322 3.472078 3.438473 16.629549
 380.000000 -844927.187500 795.887719 3.731424 3.223007 16.479372
 400.000000 -844676.687500 793.294006 3.652056 3.617558 16.629830
 420.000000 -844892.625000 793.128315 3.709465 3.490558 16.773663
 440.000000 -844731.625000 795.329682 3.479360 3.348876 16.780795
 460.000000 -846419.625000 793.312845 3.486229 3.520306 16.763255
 480.000000 -844917.187500 794.902985 3.462349 3.545358 16.630886
 500.000000 -844858.875000 794.564879 3.427683 3.579611 16.436613
 520.000000 -843624.687500 794.984642 3.346808 3.620597 16.410421
 540.000000 -845943.750000 792.202849 3.457578 3.043930 16.230004
 560.000000 -845693.437500 794.220153 3.322846 3.037333 16.506809
 580.000000 -845978.312500 792.322965 3.178011 3.244459 16.720116
 600.000000 -844771.312500 796.435471 3.432239 3.390193 16.454898
 620.000000 -844470.312500 793.126323 3.322906 3.233911 16.438596
 640.000000 -844657.562500 796.293535 3.360832 3.190484 16.660069
 660.000000 -846389.750000 792.787694 3.337458 3.455244 16.501662
 680.000000 -845917.187500 795.410760 3.330637 3.434343 16.665801
 700.000000 -843294.250000 797.794683 3.164379 3.460254 16.523162
 720.000000 -844940.062500 793.711607 3.318128 3.683376 16.310453
 740.000000 -842919.250000 795.714899 3.247006 3.580583 16.626354
 760.000000 -845547.750000 793.634883 3.420401 3.764010 16.608425
 780.000000 -844987.000000 792.139698 3.526743 3.518887 16.424560
 800.000000 -844901.437500 794.058342 3.467050 3.493877 16.647762
 820.000000 -846135.250000 793.688432 3.501280 3.672378 16.556567
 840.000000 -846759.437500 795.722204 3.544285 3.371407 16.557736
 860.000000 -843748.437500 793.813809 3.568388 3.549579 16.350328
 880.000000 -846441.812500 791.522344 3.161249 3.536002 16.536562
 900.000000 -846389.312500 794.101845 3.272502 3.625632 16.424463
 920.000000 -845417.562500 793.631396 3.269788 3.483704 16.508893
 940.000000 -845979.312500 793.069247 3.654539 3.229701 16.547145
 960.000000 -846126.937500 792.351930 3.450086 3.660132 16.491978
 980.000000 -844761.687500 794.841030 3.220787 3.606765 16.389404
 1000.000000 -843613.875000 794.211191 3.390075 3.423534 16.560151
 1020.000000 -844267.812500 796.456132 3.700522 3.486044 16.529053
 1040.000000 -846587.375000 793.603549 3.526621 3.300642 16.338198
 1060.000000 -844215.625000 793.924834 3.432718 3.161417 16.441300
 1080.000000 -844940.625000 793.654365 3.541032 3.067622 16.452624
 1100.000000 -846260.062500 793.490031 3.318398 3.129447 16.417280
 1120.000000 -845949.312500 794.608674 3.475272 3.411283 16.334978
 1140.000000 -845172.750000 791.105961 3.458376 3.391942 16.686831
 1160.000000 -844799.312500 792.783883 3.374342 3.518165 16.540586
 1180.000000 -845467.812500 794.681555 3.707808 3.422078 16.592600
 1200.000000 -843892.562500 796.001272 3.821211 3.542104 16.699387
 1220.000000 -843566.625000 794.308065 3.338948 3.282200 16.699095
 1240.000000 -846024.812500 795.772944 3.103695 3.296656 16.478629
 1260.000000 -845852.000000 793.310568 3.465586 3.162378 16.430023
 1280.000000 -845893.375000 794.509649 3.574952 3.393720 16.499793
 1300.000000 -844556.312500 793.963506 3.518778 3.416423 16.584878
 1320.000000 -842815.187500 796.122147 3.449927 3.365728 16.486579
 1340.000000 -843015.000000 797.656466 3.289831 3.449839 16.394473
 1360.000000 -844959.250000 792.542796 3.139739 3.479291 16.257117
 1380.000000 -844781.000000 793.598193 3.164963 3.474079 16.476037
 1400.000000 -845665.687500 792.669362 3.242523 3.613569 16.461786
 1420.000000 -846200.500000 793.686899 3.429371 3.462655 16.531139
 1440.000000 -843752.562500 793.308843 3.464111 3.429189 16.511596
 1460.000000 -844390.812500 793.092732 3.370383 3.298812 16.535297
 1480.000000 -845331.000000 796.109336 3.422418 3.243268 16.640255
 1500.000000 -844519.687500 794.321181 3.324023 3.110646 16.526335
 1520.000000 -845608.500000 793.391276 3.451721 3.483279 16.433174
 1540.000000 -845362.375000 792.828148 3.483706 3.383995 16.512451
 1560.000000 -843771.062500 794.805581 3.369861 3.547748 16.456851
 1580.000000 -845791.625000 795.959474 3.422928 3.690595 16.380531
 1600.000000 -846205.250000 792.293133 3.520087 3.561780 16.424180
 1620.000000 -845650.375000 793.973842 3.484710 3.295239 16.284665
 1640.000000 -844976.500000 793.926339 3.175526 3.464322 16.111027
 1660.000000 -845232.750000 794.581419 3.439558 3.368271 16.217738
 1680.000000 -846626.312500 792.440408 3.544683 3.283986 16.255644
 1700.000000 -846661.000000 793.101337 3.449054 3.394407 16.282082
 1720.000000 -843469.812500 794.982542 3.488887 3.645004 16.189517
 1740.000000 -844625.750000 792.627650 3.239359 3.643567 16.486346
 1760.000000 -845643.812500 796.140906 3.331999 3.134544 16.521026
 1780.000000 -845440.437500 794.363461 3.476041 3.541431 16.465313
 1800.000000 -843551.437500 793.087705 3.437698 3.479941 16.500411
 1820.000000 -845597.875000 793.335347 3.542816 3.508445 16.540643
 1840.000000 -844539.375000 793.089783 3.540561 3.552860 16.421466
 1860.000000 -845343.000000 791.608330 3.557140 3.496678 16.399851
 1880.000000 -845400.375000 794.369676 3.026190 3.513420 16.579018
 1900.000000 -844744.187500 793.663031 3.029854 3.552008 16.635769
 1920.000000 -844661.312500 793.439543 3.089365 3.603727 16.607677
 1940.000000 -845685.125000 792.097849 3.427961 3.505914 16.508528
 1960.000000 -845644.312500 794.459409 3.451259 3.505545 16.718718
 1980.000000 -845405.375000 796.235044 3.665391 3.396145 16.365296
 2000.000000 -843388.562500 793.774521 3.568055 3.481240 16.559656
 2020.000000 -845321.562500 795.215904 3.485890 3.339717 16.491185
 2040.000000 -845420.687500 797.960048 3.370470 3.136137 16.561384
 2060.000000 -845273.250000 796.616877 3.637882 2.961860 16.647434
 2080.000000 -845053.937500 793.549773 3.546058 3.394593 16.251973
 2100.000000 -845510.687500 794.400696 3.639094 3.655959 16.536148
 2120.000000 -842231.625000 796.866771 3.626351 3.685351 16.443802
 2140.000000 -846368.687500 793.725091 3.361559 3.446453 16.527588
 2160.000000 -846043.812500 795.754024 3.544356 3.344566 16.582457
 2180.000000 -846734.875000 794.151023 3.472915 3.475349 16.626960
 2200.000000 -844289.750000 793.475888 3.425015 3.465918 16.576426
 2220.000000 -844383.875000 793.494794 3.415775 3.392397 16.201648
 2240.000000 -845730.062500 793.592268 3.500041 3.328892 16.235238
 2260.000000 -844591.312500 792.786239 3.388268 3.244253 16.126670
 2280.000000 -846472.000000 794.476628 3.407917 3.254151 16.433223
 2300.000000 -844192.375000 794.375861 3.244293 3.436483 16.549973
 2320.000000 -845075.937500 794.060046 3.361825 3.358272 16.311626
 2340.000000 -845274.250000 791.701842 3.415874 3.209320 16.236396
 2360.000000 -846112.875000 790.992029 3.211608 3.179407 16.019097
 2380.000000 -843812.562500 793.608111 3.253402 3.337108 16.201443
 2400.000000 -846524.937500 792.460133 3.406727 3.281970 16.359908
 2420.000000 -845060.000000 796.147628 3.528984 3.235109 16.330833
 2440.000000 -844700.062500 795.478808 3.113197 3.293433 16.355083
 2460.000000 -847394.187500 795.643522 3.444759 3.343535 16.464042
 2480.000000 -844350.000000 793.946467 3.551438 3.336262 16.464705
 2500.000000 -844855.062500 793.934050 3.569056 3.514289 16.358414
 2520.000000 -843909.625000 794.967414 3.610621 3.356672 16.693993
 2540.000000 -845709.250000 792.787538 3.384070 3.181824 16.481595
 2560.000000 -844891.312500 794.868475 3.233995 3.219266 16.322219
 2580.000000 -843468.687500 795.500046 3.460282 3.555951 16.477592
 2600.000000 -845236.562500 795.784297 3.891405 3.304450 16.307750
 2620.000000 -843831.187500 793.786768 3.435613 3.335956 16.201041
 2640.000000 -846397.562500 789.624859 3.355786 3.390420 16.507036
 2660.000000 -846763.187500 791.550556 3.492690 3.619646 16.570199
 2680.000000 -845168.375000 793.526183 3.263140 3.474335 16.451256
 2700.000000 -846766.562500 792.361687 3.391247 3.319698 16.524581
 2720.000000 -845909.812500 794.729075 3.337592 3.356830 16.297134
 2740.000000 -845068.000000 795.342367 3.165984 3.484857 16.331492
 2760.000000 -844329.625000 792.048718 3.614179 3.408613 16.403750
 2780.000000 -846384.875000 792.823399 3.456031 3.235995 16.774168
 2800.000000 -844432.812500 793.223747 3.464862 3.347748 16.614877
 2820.000000 -844377.062500 795.296195 3.466337 3.361185 16.580177
 2840.000000 -846112.875000 793.951950 3.264697 3.180467 16.624495
 2860.000000 -844983.437500 793.332783 3.429745 3.334698 16.446421
 2880.000000 -846319.437500 792.360203 3.361360 3.468066 16.460006
 2900.000000 -844227.875000 795.452222 3.534596 3.421633 16.523951
 2920.000000 -845800.750000 797.244361 3.514474 3.242909 16.476949
 2940.000000 -845540.437500 794.295248 3.425291 3.428877 16.536511
 2960.000000 -845275.000000 792.276287 3.309884 3.278766 16.545842
 2980.000000 -845714.437500 795.811078 3.566774 3.390200 16.345040
 3000.000000 -844907.625000 794.610616 3.316843 3.401488 16.403140
 3020.000000 -845297.125000 793.210740 3.083738 3.431984 16.599048
 3040.000000 -845203.687500 792.562175 3.440910 3.360697 16.713137
 3060.000000 -846933.250000 793.290776 3.479462 3.340470 16.939845
 3080.000000 -845671.750000 789.531080 3.479960 3.255071 16.927678
 3100.000000 -846100.812500 793.867964 3.388199 3.508824 16.790802
 3120.000000 -845707.750000 794.545375 3.356454 3.698020 16.701602
 3140.000000 -844551.250000 796.674906 3.121233 3.223957 16.469966
 3160.000000 -844239.750000 795.741811 3.029744 3.373968 16.351005
 3180.000000 -843826.000000 796.804967 3.511704 3.162797 16.405969
 3200.000000 -846249.000000 790.638810 3.101425 3.027662 16.484854
 3220.000000 -846935.625000 792.005284 3.394618 3.232748 16.650451
 3240.000000 -847606.187500 792.633889 3.460561 3.284930 16.465185
 3260.000000 -845683.125000 794.807785 3.457529 3.403968 16.572492
 3280.000000 -846311.687500 793.922972 3.493178 3.591095 16.398262
 3300.000000 -844528.500000 796.569731 3.506913 3.328477 16.644094
 3320.000000 -845899.937500 794.851181 3.400318 3.279151 16.759598
 3340.000000 -845787.375000 794.840649 3.235557 3.492893 16.647279
 3360.000000 -844721.250000 795.507607 3.517558 3.508029 16.717696
 3380.000000 -845323.437500 793.882046 3.504240 3.712190 16.663327
 3400.000000 -844964.812500 792.459354 3.474646 3.521249 16.651395
 3420.000000 -844703.937500 793.684477 3.368874 3.696841 16.538181
 3440.000000 -844772.500000 794.479647 2.951066 3.381821 16.232784
 3460.000000 -844678.500000 794.274373 3.278598 3.270102 16.329818
 3480.000000 -845679.750000 795.772062 3.158999 3.653531 16.422586
 3500.000000 -843401.687500 796.010152 3.416531 3.554625 16.396674
 3520.000000 -844494.250000 796.098843 3.176610 3.389961 16.539921
 3540.000000 -846386.875000 794.472968 3.395425 3.243478 16.397940
 3560.000000 -846959.375000 792.791523 3.223919 3.195980 16.482404
 3580.000000 -844324.062500 794.666688 3.398812 3.332873 16.500464
 3600.000000 -846221.687500 795.645953 3.067478 3.231052 16.659746
 3620.000000 -844361.750000 796.149380 3.327285 3.439556 16.458179
 3640.000000 -842141.187500 797.229831 3.620691 3.115188 16.376096
 3660.000000 -845861.375000 792.852469 3.455933 3.315920 16.600824
 3680.000000 -844683.125000 795.007429 3.075499 3.548145 16.550649
 3700.000000 -846270.437500 795.571632 3.208496 3.411242 16.612692
 3720.000000 -844717.000000 793.850913 3.290154 3.373312 16.518159
 3740.000000 -846118.875000 792.963416 3.658260 3.422209 16.408215
 3760.000000 -843905.937500 792.303043 3.560867 3.167911 16.438452
 3780.000000 -844833.187500 793.370836 3.249455 3.438293 16.594729
 3800.000000 -843580.125000 795.931450 3.346565 3.049859 16.496859
 3820.000000 -843745.812500 794.664708 3.509870 3.589736 16.318217
 3840.000000 -846451.750000 794.193251 3.608719 3.452082 16.225311
 3860.000000 -845771.187500 795.841771 3.457503 3.484062 16.010365
 3880.000000 -844882.750000 792.974188 3.454807 3.351578 16.313812
 3900.000000 -844962.625000 795.775863 3.139894 3.188785 16.534000
 3920.000000 -845722.687500 795.829564 3.322091 3.420113 16.441798
 3940.000000 -847042.000000 796.023798 3.183695 3.448092 16.581238
 3960.000000 -844921.000000 796.207196 3.103522 3.436845 16.457688
 3980.000000 -845729.250000 793.155584 3.334465 3.548204 16.342553
 4000.000000 -844374.500000 794.490623 3.153769 3.726560 16.319994
 4020.000000 -844282.250000 794.640127 3.220304 3.434165 16.525775
 4040.000000 -844472.875000 794.799054 3.246169 3.581347 16.723982
 4060.000000 -845417.937500 795.388307 3.434105 3.320963 16.660820
 4080.000000 -843452.187500 794.735307 3.638551 3.305671 16.569262
 4100.000000 -844192.750000 793.714711 3.539259 3.546868 16.218486
 4120.000000 -842438.250000 795.935547 3.369679 3.320840 16.505705
 4140.000000 -844438.500000 793.709192 3.270343 3.714338 16.588911
 4160.000000 -846118.312500 793.109364 3.467277 3.508483 16.650723
 4180.000000 -847555.000000 792.439906 3.290768 2.989535 16.511216
 4200.000000 -844745.250000 795.603752 3.529250 3.306728 16.325738
 4220.000000 -845337.875000 794.513618 3.470692 3.176461 16.267544
 4240.000000 -845540.375000 792.379470 3.269382 3.365204 16.622220
 4260.000000 -844632.187500 793.610116 3.432233 3.278986 16.586894
 4280.000000 -846185.375000 794.363491 3.247025 3.339313 16.641985
 4300.000000 -844912.875000 795.427246 3.193557 3.477799 16.544935
 4320.000000 -846661.937500 795.721357 3.137842 3.473138 16.672023
 4340.000000 -843552.812500 794.969274 3.202230 3.478742 16.661701
 4360.000000 -844127.562500 794.032441 3.341997 3.474444 16.540729
 4380.000000 -846504.187500 794.876494 3.591646 3.352840 16.635695
 4400.000000 -845119.625000 791.106842 3.520447 3.402836 16.486082
 4420.000000 -845445.312500 791.654210 3.468528 3.401665 16.486809
 4440.000000 -846895.875000 792.996563 3.380867 3.290769 16.571619
 4460.000000 -844840.500000 791.787418 3.501683 3.368284 16.592914
 4480.000000 -844078.625000 795.326488 3.524890 3.050172 16.631579
 4500.000000 -845055.937500 793.459821 3.154900 3.496438 16.820468
 4520.000000 -843280.125000 795.880779 3.450663 3.604864 16.733956
 4540.000000 -843599.500000 794.147548 3.745061 3.583771 16.721924
 4560.000000 -844144.125000 795.096944 3.542645 3.551641 16.742153
 4580.000000 -844709.687500 794.423281 3.396762 3.621490 16.626434
 4600.000000 -845180.750000 794.183323 3.300598 3.495738 16.617327
 4620.000000 -844475.000000 794.849040 3.178191 3.485961 16.632474
 4640.000000 -844751.375000 791.011805 3.241357 3.329932 16.754127
 4660.000000 -846756.812500 792.288515 3.241409 3.581113 16.425200
 4680.000000 -844324.625000 794.558620 3.571883 3.234186 16.703212
 4700.000000 -845550.062500 794.012514 3.488790 3.529108 16.676465
 4720.000000 -844649.125000 794.421094 3.262256 3.552490 16.404189
 4740.000000 -845577.062500 793.761985 3.335444 3.514257 16.285493
 4760.000000 -845666.375000 792.914180 3.327721 3.536580 16.299044
 4780.000000 -845198.562500 796.356347 3.190546 3.349532 16.259336
 4800.000000 -845086.000000 791.453511 3.440120 3.348327 16.483201
 4820.000000 -846094.125000 792.263225 3.388701 3.616241 16.518490
 4840.000000 -845445.687500 792.912741 3.509023 3.182122 16.288493
 4860.000000 -845114.750000 794.317208 3.551497 3.290615 16.420946
 4880.000000 -847303.000000 792.250218 3.216478 3.207368 16.599249
 4900.000000 -846585.312500 791.832077 3.359653 3.380859 16.469351
 4920.000000 -848169.937500 790.904573 3.203277 3.499434 16.383159
 4940.000000 -845245.562500 793.799072 3.592590 3.306116 16.472424
 4960.000000 -845612.187500 795.141261 3.689337 3.288456 16.620522
 4980.000000 -845811.625000 796.708851 3.612193 3.567486 16.241446
 5000.000000 -844783.375000 794.251319 3.278349 3.417295 16.309433
 5020.000000 -845588.250000 793.195599 3.307670 3.353641 16.442338
 5040.000000 -845059.500000 795.822846 3.284833 3.398152 16.360484
 5060.000000 -846066.562500 794.602706 3.077765 3.504862 16.305860
 5080.000000 -845179.000000 794.026813 3.479595 3.417598 16.533758
 5100.000000 -844612.125000 792.575380 3.795571 3.282983 16.556514
 5120.000000 -847205.750000 791.719653 3.741770 3.419203 16.563586
 5140.000000 -845451.812500 791.658302 3.662973 3.609890 16.546837
 5160.000000 -845768.625000 792.922404 3.659614 3.663083 16.623818
 5180.000000 -842675.187500 797.401500 3.524632 3.485796 16.432799
 5200.000000 -845082.687500 793.533205 3.310448 3.348373 16.425048
 5220.000000 -845777.000000 795.035063 3.546540 3.437115 16.717159
 5240.000000 -847214.812500 795.145661 3.500832 3.474030 16.484308
 5260.000000 -844936.750000 794.813455 3.380928 3.480714 16.505127
 5280.000000 -845391.312500 793.473701 3.393100 3.320946 16.400557
 5300.000000 -845317.500000 794.188419 3.446461 3.366812 16.435998
 5320.000000 -845970.875000 794.082864 3.464309 3.340212 16.256180
 5340.000000 -847025.312500 792.825395 3.322200 3.362681 16.281295
 5360.000000 -848444.125000 789.385429 3.297935 3.486759 16.341001
 5380.000000 -846107.062500 792.845456 3.272211 3.419250 16.147900
 5400.000000 -846453.625000 792.929525 3.481207 3.358575 16.509971
 5420.000000 -846713.875000 792.833387 3.442651 3.496329 16.628848
 5440.000000 -844867.562500 793.471617 3.320243 3.656379 16.675564
 5460.000000 -844812.750000 794.501869 3.712868 3.489260 16.436439
 5480.000000 -842986.812500 795.173117 3.806622 3.312215 16.370296
 5500.000000 -845274.375000 794.195005 3.854988 3.574706 16.411768
 5520.000000 -846474.125000 790.736953 3.413228 3.190200 16.615342
 5540.000000 -845999.937500 794.249979 3.243899 3.315293 16.606926
 5560.000000 -846059.562500 794.258614 3.540900 3.334143 16.438588
 5580.000000 -845210.625000 793.279299 3.456010 3.685605 16.648700
 5600.000000 -846082.812500 792.905267 3.473616 3.455736 16.583402
 5620.000000 -844035.937500 793.258008 3.337413 3.472810 16.549078
 5640.000000 -846388.625000 793.087542 3.458273 3.514702 16.425084
 5660.000000 -846588.812500 792.577407 3.338000 3.340540 16.583774
 5680.000000 -846668.500000 794.285756 3.462562 3.397147 16.480348
 5700.000000 -845695.687500 791.822822 3.298808 3.460961 16.212264
 5720.000000 -846238.687500 794.561723 3.239348 3.433661 16.529493
 5740.000000 -846339.625000 793.607946 3.379275 3.558842 16.517047
 5760.000000 -844985.437500 792.993332 3.382596 3.383177 16.491543
 5780.000000 -845162.625000 792.049323 3.421680 3.451769 16.335342
 5800.000000 -845845.875000 794.967202 3.331949 3.381146 16.345565
 5820.000000 -846186.125000 795.108183 3.318061 3.627225 16.227886
 5840.000000 -845294.750000 795.010631 3.673440 3.559575 16.140652
 5860.000000 -844902.062500 791.809688 3.391905 3.338542 16.361386
 5880.000000 -844966.750000 792.424925 3.480693 3.535014 16.288770
 5900.000000 -845510.937500 791.837360 3.238461 3.652835 16.437222
 5920.000000 -844731.625000 795.272206 3.495715 3.379132 16.566034
 5940.000000 -844709.812500 794.697097 3.367125 3.158584 16.555398
 5960.000000 -846393.750000 793.828545 3.523184 3.362542 16.500105
 5980.000000 -844160.062500 797.584712 3.078261 3.210576 16.233426
 6000.000000 -844713.375000 794.753167 3.333366 3.364676 16.210810
 6020.000000 -843554.750000 794.642066 3.549302 3.702852 16.308339
 6040.000000 -845585.000000 795.213372 3.367487 3.666821 16.423414
 6060.000000 -844655.312500 794.447747 3.234996 3.647797 16.664884
 6080.000000 -843452.562500 792.911899 3.274659 3.417386 16.449954
 6100.000000 -845784.312500 793.967136 3.522320 3.397180 16.724156
 6120.000000 -846449.062500 792.293835 3.695842 3.525253 16.410417
 6140.000000 -845468.500000 796.287051 3.451622 3.432042 16.480581
 6160.000000 -844865.375000 794.262962 3.169160 3.408382 16.423432
 6180.000000 -846036.875000 795.714873 3.528584 3.647900 16.579280
 6200.000000 -844759.187500 796.219467 3.111454 3.583954 16.262249
 6220.000000 -845999.750000 794.457254 3.374352 3.447369 16.426018
 6240.000000 -844424.312500 796.246621 3.433698 3.465843 16.659045
 6260.000000 -843917.437500 794.492210 3.407860 3.378292 16.531860
 6280.000000 -844690.687500 792.969198 3.543690 3.509010 16.404571
 6300.000000 -845584.312500 795.083624 3.336848 3.656125 16.215105
 6320.000000 -845922.312500 792.710401 3.234212 3.306196 16.348774
 6340.000000 -844212.312500 793.027933 3.689626 3.379700 16.634676
 6360.000000 -844862.312500 791.967985 3.493275 3.613087 16.867546
 6380.000000 -845340.937500 792.137934 3.145210 3.469170 16.612527
 6400.000000 -844668.062500 795.856822 3.169338 3.580834 16.676546
 6420.000000 -846730.500000 791.525732 3.379724 3.275167 16.719447
 6440.000000 -846953.750000 793.110257 3.220516 3.472700 16.381338
 6460.000000 -847333.500000 792.637065 3.272159 3.551522 16.183410
 6480.000000 -845640.750000 792.825141 3.460314 3.500631 16.476151
 6500.000000 -845002.500000 793.392404 3.548882 3.269985 16.358508
 6520.000000 -844943.562500 793.652373 3.461679 3.320519 16.333879
 6540.000000 -846169.250000 795.234806 3.384630 3.440708 16.457896
 6560.000000 -844609.812500 794.632167 3.316721 3.386254 16.446221
 6580.000000 -845353.437500 794.369015 3.375478 3.622395 16.359163
 6600.000000 -845085.125000 791.711281 3.261404 3.468063 16.274899
 6620.000000 -845352.687500 791.997127 3.593559 3.359189 16.636226
 6640.000000 -845590.500000 793.175061 3.468606 3.412970 16.588502
 6660.000000 -847410.437500 794.678430 3.554794 3.502003 16.528846
 6680.000000 -844208.187500 794.333502 3.298313 3.452377 16.370501
 6700.000000 -845887.750000 791.840220 3.255255 3.422445 16.600103
 6720.000000 -844777.062500 794.114030 3.413753 3.686261 16.903673
 6740.000000 -844667.375000 793.649025 3.352971 3.364203 16.622135
 6760.000000 -844181.562500 792.980034 3.334916 3.672165 16.468639
 6780.000000 -846889.062500 794.287998 3.543033 3.530198 16.442641
 6800.000000 -846295.562500 794.084847 3.263661 3.329697 16.395050
 6820.000000 -843922.562500 794.270923 3.462387 3.453869 16.283024
 6840.000000 -845578.125000 792.878453 3.387316 3.316082 16.421781
 6860.000000 -844726.000000 793.276022 3.501582 3.229271 16.437977
 6880.000000 -845277.125000 791.744503 3.239383 3.261340 16.595515
 6900.000000 -844332.437500 792.412074 3.280654 3.240822 16.729614
 6920.000000 -844179.375000 796.391982 3.541041 3.363317 16.248042
 6940.000000 -845828.562500 794.505543 3.290129 3.203174 16.562133
 6960.000000 -844441.562500 794.109651 3.461354 3.212595 16.564715
 6980.000000 -846002.687500 795.070188 3.405766 3.557041 16.302993
 7000.000000 -843836.125000 793.817384 3.484516 3.375587 16.429593
 7020.000000 -844969.562500 795.783205 3.523661 3.323841 16.407689
 7040.000000 -845070.750000 795.051827 3.596042 3.413518 16.411610
 7060.000000 -844579.500000 795.307329 3.300728 3.463337 16.366252
 7080.000000 -844551.500000 796.158115 3.234488 3.276595 16.174785
 7100.000000 -845129.812500 793.699690 3.291097 3.271553 16.168247
 7120.000000 -845280.625000 793.949314 3.435743 3.221045 16.333487
 7140.000000 -845688.250000 794.211625 3.713866 3.305287 16.394342
 7160.000000 -844639.687500 794.774965 3.603772 3.790868 16.342494
 7180.000000 -843247.875000 794.483348 3.289562 3.505826 16.173976
 7200.000000 -845516.562500 794.029057 3.370017 3.348382 16.405488
 7220.000000 -844735.000000 795.056543 3.453551 3.496037 16.759486
 7240.000000 -843195.562500 796.078401 3.560278 3.335202 16.286340
 7260.000000 -846836.812500 794.760477 3.672870 3.049023 16.189071
 7280.000000 -844919.687500 794.595648 3.522828 3.041455 16.448424
 7300.000000 -844633.500000 795.039302 3.542134 3.545323 16.367065
 7320.000000 -843893.062500 793.802309 3.331675 3.476517 16.506586
 7340.000000 -845150.562500 795.222984 3.169781 3.558735 16.630297
 7360.000000 -844919.812500 792.902916 3.114743 3.345803 16.643297
 7380.000000 -844122.062500 794.792934 3.015924 3.350313 16.493681
 7400.000000 -846392.875000 794.067124 3.315622 3.421804 16.707726
 7420.000000 -844905.312500 792.656389 3.139504 3.333341 16.512186
 7440.000000 -845817.250000 793.881003 3.250162 3.178261 16.564525
 7460.000000 -846671.687500 792.428147 3.511623 3.277188 16.486837
 7480.000000 -844667.312500 792.276917 3.336054 3.457844 16.332359
 7500.000000 -844932.125000 794.747992 3.372029 3.725590 16.311233
 7520.000000 -845905.875000 791.078687 3.451404 3.526957 16.580798
 7540.000000 -843753.812500 795.265977 3.406911 3.475392 16.597121
 7560.000000 -847880.125000 790.758231 3.391805 3.548103 16.677847
 7580.000000 -845565.312500 792.930562 3.360045 3.506029 16.846113
 7600.000000 -845709.187500 791.643570 3.273762 3.127704 16.645122
 7620.000000 -846511.187500 793.262425 3.204483 3.298250 16.688906
 7640.000000 -845112.625000 794.590796 3.492898 3.639450 16.692655
 7660.000000 -843636.062500 795.664271 3.381039 3.647849 16.552567
 7680.000000 -845850.125000 794.739686 3.318145 3.563499 16.585264
 7700.000000 -845798.812500 793.923929 3.252048 3.497137 16.160830
 7720.000000 -844205.812500 794.834707 3.273719 3.390192 16.481867
 7740.000000 -845575.062500 792.927499 3.161221 3.177047 16.506441
 7760.000000 -845363.125000 795.458017 2.835006 3.282091 16.569768
 7780.000000 -844971.000000 792.847895 3.348432 3.399484 16.475676
 7800.000000 -846466.562500 794.055221 3.461010 3.546224 16.341862
 7820.000000 -845095.125000 794.474405 3.456049 3.362002 16.565631
 7840.000000 -846097.500000 792.174259 3.475705 3.510435 16.639786
 7860.000000 -844679.187500 793.704234 3.511100 3.117049 16.910005
 7880.000000 -846270.000000 795.452044 3.164200 3.103964 16.733892
 7900.000000 -845399.562500 796.112468 3.281109 3.239233 16.565547
 7920.000000 -847293.500000 792.419095 3.326877 3.310158 16.260643
 7940.000000 -844495.687500 794.773097 3.383169 3.453837 16.497911
 7960.000000 -844215.312500 794.616932 3.399522 3.376707 16.483247
 7980.000000 -844220.437500 794.183539 3.374024 3.700199 16.581818
 8000.000000 -844924.125000 795.498009 3.134081 3.666016 16.880035
 8020.000000 -846722.312500 792.586421 3.555458 3.421437 16.571810
 8040.000000 -845851.375000 794.796349 3.382941 3.534307 16.340925
 8060.000000 -846661.937500 793.617396 3.219717 3.417281 16.259854
 8080.000000 -846428.000000 792.303955 3.590083 3.275758 16.170808
 8100.000000 -845157.562500 792.983232 3.517540 3.173885 16.634365
 8120.000000 -845945.062500 792.603909 3.320283 3.262177 16.486642
 8140.000000 -844648.687500 792.399900 3.135635 3.465064 16.634720
 8160.000000 -847124.875000 791.779913 3.269555 3.606788 16.361927
 8180.000000 -845827.312500 792.257769 3.350345 3.162087 16.661697
 8200.000000 -844526.187500 794.755649 3.519081 3.099329 16.592844
 8220.000000 -844018.562500 793.708827 3.632250 3.588879 16.561108
 8240.000000 -846201.562500 791.211249 3.536211 3.314547 16.411544
 8260.000000 -844304.687500 794.852656 3.274723 3.385526 16.384211
 8280.000000 -845980.562500 792.257910 3.425303 3.324300 16.411565
 8300.000000 -843392.937500 795.711876 3.439980 3.249504 16.351908
 8320.000000 -844889.312500 795.070060 3.326973 3.226140 16.407761
 8340.000000 -846383.500000 792.677282 3.267407 3.278008 16.788854
 8360.000000 -846133.875000 792.045903 3.527826 3.072261 16.558385
 8380.000000 -845171.187500 795.642900 3.726492 3.134579 16.623893
 8400.000000 -845061.062500 793.398700 3.400298 3.294192 16.684471
 8420.000000 -846398.125000 792.942810 3.256443 3.443714 16.364176
 8440.000000 -846342.375000 793.982693 3.412175 3.265756 16.510415
 8460.000000 -844201.812500 795.774238 3.343008 3.398385 16.550920
 8480.000000 -845337.875000 795.714508 3.408618 3.230301 16.678011
 8500.000000 -843482.562500 794.598111 3.385443 3.251968 16.570350
 8520.000000 -844309.687500 792.757992 3.370863 3.389718 16.615350
 8540.000000 -845919.312500 793.217490 3.327786 3.225359 16.644193
 8560.000000 -845685.875000 791.619738 3.225424 3.172568 16.627185
 8580.000000 -845096.375000 791.120858 3.220892 3.456447 16.386289
 8600.000000 -844994.875000 794.360495 3.243437 3.607216 16.313790
 8620.000000 -847208.875000 791.841118 3.299301 3.658095 16.640872
 8640.000000 -844606.812500 792.293210 3.396791 3.406622 16.741151
 8660.000000 -845655.937500 793.948361 3.205080 3.375513 16.535061
 8680.000000 -845118.625000 792.658632 3.087238 3.266606 16.670912
 8700.000000 -847461.312500 792.288340 3.034026 3.484954 16.768732
 8720.000000 -846131.687500 794.947788 3.447893 3.574129 16.646786
 8740.000000 -844745.625000 792.946981 3.449511 3.445454 16.654510
 8760.000000 -845524.562500 795.394697 3.490911 3.187830 16.256791
 8780.000000 -845553.125000 793.219188 3.707593 3.370956 16.689805
 8800.000000 -845580.812500 792.844139 3.611936 3.433339 16.675329
 8820.000000 -847524.125000 792.738573 3.683803 3.242273 16.401735
 8840.000000 -846802.562500 792.667169 3.442751 3.380738 16.174654
 8860.000000 -846372.750000 792.720664 3.189243 3.171581 16.441427
 8880.000000 -845384.062500 793.084175 3.316347 3.382015 16.433370
 8900.000000 -846768.562500 791.712354 3.469065 3.580340 16.575306
 8920.000000 -846385.437500 791.517731 3.540405 3.630254 16.426935
 8940.000000 -845669.125000 791.844447 3.426634 3.501703 16.445503
 8960.000000 -846162.437500 793.030608 3.388159 3.616118 16.531844
 8980.000000 -846397.437500 793.009062 3.366411 3.495219 16.745931
 9000.000000 -846830.437500 793.149368 3.426358 3.320655 16.605453
 9020.000000 -845936.187500 793.383749 3.557770 3.609481 16.707542
 9040.000000 -845363.875000 792.434879 3.299829 3.699067 16.420031
 9060.000000 -846501.375000 793.688983 3.544248 3.309370 16.695617
 9080.000000 -845718.312500 794.647217 3.276595 3.436789 16.727002
 9100.000000 -843208.312500 793.457150 3.213665 3.273226 16.580213
 9120.000000 -846339.125000 793.595395 3.345394 3.281601 16.385599
 9140.000000 -843999.062500 792.926623 3.526916 3.451918 16.546968
 9160.000000 -843966.250000 795.096474 3.707818 3.591514 16.482436
 9180.000000 -846160.875000 794.389425 3.576396 3.752530 16.444102
 9200.000000 -845911.562500 792.931214 3.636405 3.366585 16.406070
 9220.000000 -847120.437500 794.460917 3.408762 3.404721 16.426915
 9240.000000 -846518.875000 794.638494 3.207954 3.447736 16.505332
 9260.000000 -844223.687500 793.297443 3.451105 3.467118 16.439996
 9280.000000 -846142.000000 793.219976 3.554119 3.244445 16.584938
 9300.000000 -846424.250000 795.846236 3.331437 3.342511 16.499521
 9320.000000 -845101.875000 794.454612 3.284393 3.231986 16.719038
 9340.000000 -846506.062500 792.934092 3.298899 3.099007 16.676330
 9360.000000 -846046.750000 793.499934 3.421609 3.197194 16.422737
 9380.000000 -844594.000000 793.514339 3.371765 3.223757 16.487024
 9400.000000 -845396.437500 795.043858 3.044212 3.157661 16.547411
 9420.000000 -844459.625000 792.676803 3.391074 3.363349 16.472215
 9440.000000 -847291.062500 790.906470 3.425185 3.433175 16.455540
 9460.000000 -846617.437500 791.435713 3.223475 3.277106 16.648272
 9480.000000 -845081.562500 793.854055 3.562688 3.396795 16.873365
 9500.000000 -846728.062500 791.126927 3.507973 3.386021 16.787580
 9520.000000 -846524.875000 791.297756 3.441864 3.312528 16.802629
 9540.000000 -844298.687500 793.406594 3.453032 3.246410 16.620750
 9560.000000 -845103.750000 794.184114 3.522319 3.603738 16.752035
 9580.000000 -843430.750000 795.453933 3.358906 3.161234 16.779995
 9600.000000 -845942.000000 794.018598 3.512356 3.248853 16.570929
 9620.000000 -845118.625000 793.150961 3.337481 3.652180 16.415272
 9640.000000 -845594.375000 793.721675 3.404070 3.439894 16.305565
 9660.000000 -846479.812500 792.277177 3.506352 3.268846 16.753435
 9680.000000 -846623.125000 794.065429 3.312634 3.043502 16.798120
 9700.000000 -846448.750000 794.127340 3.379733 3.026512 16.683023
 9720.000000 -847412.187500 794.359274 3.508074 3.313364 16.464897
 9740.000000 -847058.375000 791.274460 3.470866 3.386756 16.742064
 9760.000000 -844712.000000 794.623247 3.411257 3.260713 16.844330
 9780.000000 -845276.250000 794.747898 3.469981 3.280217 16.631115
 9800.000000 -844642.375000 796.025003 3.511143 3.258718 16.445149
 9820.000000 -846049.562500 794.011166 3.336315 3.427212 16.084060
 9840.000000 -845707.687500 796.433485 3.469465 3.349642 16.301796
 9860.000000 -843785.312500 795.282217 3.746624 3.439609 16.347407
 9880.000000 -844371.687500 795.631981 3.830050 3.439356 16.390963
 9900.000000 -844917.875000 794.698966 3.361462 3.318559 16.395225
 9920.000000 -846003.125000 793.068814 3.206953 3.452242 16.637057
 9940.000000 -846319.062500 793.047017 3.276131 3.570921 16.754641
 9960.000000 -844109.937500 796.908624 3.489009 3.339588 16.544762
 9980.000000 -846006.125000 792.521234 3.548643 3.326633 16.822855
 10000.000000 -844813.000000 795.194478 3.429052 3.407007 16.621226
 10020.000000 -846659.875000 794.062481 3.506467 3.353425 16.727964
 10040.000000 -845441.562500 794.361645 3.622231 3.374711 16.514230
 10060.000000 -846022.187500 795.299687 3.599691 3.257967 16.284316
 10080.000000 -844904.125000 792.668754 3.062456 3.661899 16.411138
 10100.000000 -845780.250000 794.739199 3.325262 3.659265 16.314060
 10120.000000 -848245.750000 790.207711 3.536474 3.395574 16.446672
 10140.000000 -843142.375000 796.517521 3.524545 3.480386 16.404432
 10160.000000 -845046.375000 793.483429 3.463920 3.326305 16.245508
 10180.000000 -844991.500000 793.890136 3.614785 3.575574 16.329162
 10200.000000 -843980.500000 794.821419 3.377466 3.452141 16.105714
 10220.000000 -846542.125000 794.897360 3.566558 3.453485 16.490274
 10240.000000 -845117.312500 792.662381 3.067188 3.678790 16.648313
 10260.000000 -847008.062500 793.419372 3.508460 3.408004 16.590142
 10280.000000 -846396.000000 794.173228 3.414221 3.434775 16.743136
 10300.000000 -845557.062500 793.188156 3.321811 3.440096 16.618358
 10320.000000 -845276.187500 792.549600 3.310156 3.551780 16.306002
 10340.000000 -843609.500000 792.349739 3.269603 3.265559 16.653112
 10360.000000 -845615.312500 796.009255 3.367724 3.327414 16.512175
 10380.000000 -846642.625000 793.535514 3.099604 3.488218 16.487971
 10400.000000 -844972.562500 795.662314 3.556503 3.210145 16.467254
 10420.000000 -845553.750000 795.800858 3.531544 3.367509 16.497025
 10440.000000 -845851.312500 794.113733 3.448187 3.526770 16.609930
 10460.000000 -843446.875000 794.600685 3.667585 3.420913 16.356567
 10480.000000 -846430.000000 793.064278 3.458721 3.415308 16.500354
 10500.000000 -844474.500000 796.686606 3.322417 3.583004 16.650826
 10520.000000 -844540.375000 794.417426 3.465092 3.476841 16.555048
 10540.000000 -845245.062500 792.664797 3.453316 3.214541 16.430123
 10560.000000 -845821.750000 793.834365 3.466012 3.356728 16.435117
 10580.000000 -845888.687500 792.486124 3.317318 3.398038 16.365609
 10600.000000 -843088.562500 796.266408 3.367882 3.266555 16.457943
 10620.000000 -845378.375000 793.727047 3.011435 3.208213 16.455982
 10640.000000 -846674.000000 792.016433 3.311263 3.192151 16.525070
 10660.000000 -844736.812500 793.603992 3.288922 3.409074 16.379249
 10680.000000 -847675.125000 792.972854 3.585855 3.421043 16.461133
 10700.000000 -843353.625000 795.243594 3.323704 3.239534 16.300702
 10720.000000 -844994.187500 793.778770 3.259676 3.361315 16.506370
 10740.000000 -844523.375000 795.649808 3.779467 3.556992 16.212488
 10760.000000 -845301.625000 793.447035 3.629421 3.340399 16.505358
 10780.000000 -844327.937500 795.525701 3.655386 3.590642 16.293896
 10800.000000 -846481.750000 792.130450 3.505552 3.622139 16.255911
 10820.000000 -845426.562500 795.090925 3.138823 3.439778 16.422060
 10840.000000 -845264.687500 792.724823 3.023465 3.442187 16.444390
 10860.000000 -846625.437500 793.926412 3.333786 3.429312 16.520493
 10880.000000 -844930.875000 795.991203 3.749953 3.388180 16.540002
 10900.000000 -844033.625000 792.778211 3.416867 3.500726 16.276821
 10920.000000 -845236.312500 793.552504 3.189274 3.471279 16.472356
 10940.000000 -844525.250000 796.737136 3.587646 3.260710 16.208880
 10960.000000 -845307.625000 792.855523 3.672162 3.226258 16.341421
 10980.000000 -846032.250000 793.633281 3.342856 3.420791 16.403056
 11000.000000 -845196.250000 796.550616 3.564917 3.635903 16.422719
 11020.000000 -845062.562500 795.094933 3.486564 3.623556 16.439443
 11040.000000 -847164.875000 796.399932 3.264147 3.295104 16.316581
 11060.000000 -845160.812500 791.861369 3.329283 3.113971 16.239231
 11080.000000 -846460.500000 793.908483 3.185437 3.273746 16.332636
 11100.000000 -842742.437500 795.459899 3.227337 3.416172 16.469823
 11120.000000 -844780.687500 794.264025 3.290015 3.693177 16.461857
 11140.000000 -845191.187500 793.618980 3.419577 3.728135 16.467917
 11160.000000 -845432.625000 794.282970 3.335377 3.613392 16.526545
 11180.000000 -845243.000000 793.931468 3.480214 3.340995 16.529049
 11200.000000 -845650.125000 793.209156 3.589403 3.546236 16.564294
 11220.000000 -845632.750000 794.605834 3.708520 3.464588 16.176894
 11240.000000 -845490.812500 791.236461 3.727798 3.437502 16.660922
 11260.000000 -845439.562500 792.604705 3.642535 3.418442 16.557270
 11280.000000 -846765.125000 795.080725 3.578310 3.357110 16.561374
 11300.000000 -843980.437500 795.049681 3.556998 3.585799 16.434434
 11320.000000 -844038.750000 795.154556 3.385997 3.620633 16.496194
 11340.000000 -844340.125000 794.717072 3.387873 3.391288 16.425433
 11360.000000 -845816.187500 794.721350 3.194530 3.321763 16.541450
 11380.000000 -846647.687500 794.563731 3.457081 3.471130 16.542614
 11400.000000 -845191.125000 794.710374 3.212879 3.386241 16.534597
 11420.000000 -845976.000000 792.910721 3.217782 3.299811 16.185371
 11440.000000 -846830.687500 792.595614 3.424107 3.529171 16.410019
 11460.000000 -845783.187500 790.698560 3.368039 3.608727 16.425445
 11480.000000 -845885.250000 792.663434 3.189837 3.485005 16.472876
 11500.000000 -845813.437500 793.868344 3.518548 3.573597 16.502717
 11520.000000 -845954.125000 793.914230 3.630120 3.223935 16.592297
 11540.000000 -846185.750000 795.047913 3.734616 3.448213 16.544964
 11560.000000 -846696.500000 790.169061 3.695721 3.469919 16.248630
 11580.000000 -846914.562500 793.682421 3.743763 3.468906 16.337908
 11600.000000 -845214.000000 794.956426 3.673753 3.427359 16.550421
 11620.000000 -844609.125000 794.142227 3.461746 3.571200 16.606863
 11640.000000 -846609.125000 792.811037 3.542371 3.496258 16.499789
 11660.000000 -844440.875000 793.945233 3.536043 3.142617 16.606889
 11680.000000 -843441.875000 795.360194 3.600335 3.069027 16.328163
 11700.000000 -846067.437500 795.667195 3.446197 3.005827 16.439646
 11720.000000 -845097.250000 793.666737 3.202054 3.034353 16.104837
 11740.000000 -846035.562500 796.114849 3.407819 3.239785 16.362653
 11760.000000 -844282.687500 796.451198 3.323670 3.343894 16.467086
 11780.000000 -846996.937500 791.172439 3.464406 3.541283 16.330439
 11800.000000 -846856.000000 794.655437 3.565786 3.220944 16.650898
 11820.000000 -847338.125000 793.763987 3.328746 3.114380 16.421805
 11840.000000 -844766.625000 793.804124 3.361935 3.409572 16.455978
 11860.000000 -846539.937500 794.047082 3.304189 3.503064 16.549964
 11880.000000 -847456.062500 792.400185 3.257594 3.566311 16.458903
 11900.000000 -845696.750000 794.750223 3.539330 3.882111 16.282739
 11920.000000 -845074.187500 794.575311 3.379994 3.571611 16.470378
 11940.000000 -846718.812500 794.030890 3.313393 3.476311 16.402604
 11960.000000 -846004.750000 793.617880 3.452939 3.493562 16.382768
 11980.000000 -845347.062500 795.122494 3.628350 3.338809 16.546018
 12000.000000 -844551.750000 794.090952 3.254644 3.483663 16.143859
 12020.000000 -845350.000000 795.598202 3.547669 3.466256 16.700936
 12040.000000 -845450.625000 794.912255 3.474140 3.457439 16.361437
 12060.000000 -844791.375000 794.103466 3.531944 3.335813 16.436111
 12080.000000 -845856.750000 793.706196 3.317671 3.416005 16.564431
 12100.000000 -846131.187500 794.463976 3.463887 3.366531 16.377450
 12120.000000 -846930.125000 792.660657 3.510350 3.670175 16.365399
 12140.000000 -844939.375000 794.906148 3.399865 3.486805 16.753219
 12160.000000 -844111.937500 794.379605 3.231687 3.507503 16.701097
 12180.000000 -844836.687500 796.298301 3.037637 3.353396 16.556913
 12200.000000 -844194.625000 794.662552 3.197664 3.562568 16.646895
 12220.000000 -847492.812500 792.555550 3.301747 3.308480 16.574013
 12240.000000 -843534.250000 796.125655 3.425874 3.532607 16.689270
 12260.000000 -846073.750000 794.522333 3.332036 3.582607 16.574587
 12280.000000 -844851.500000 794.940657 3.384506 3.503325 16.273322
 12300.000000 -845852.437500 792.061999 3.612070 3.363130 16.605102
 12320.000000 -846446.312500 793.561743 3.449313 3.347352 16.459024
 12340.000000 -845323.062500 795.843022 3.323713 3.342962 16.274521
 12360.000000 -845019.437500 794.576253 3.695532 3.748649 16.414203
 12380.000000 -846018.187500 793.389163 3.353895 3.662207 16.545259
 12400.000000 -845599.750000 794.794707 3.613588 3.408079 16.362211
 12420.000000 -845310.750000 795.543659 3.370342 3.411424 16.407439
 12440.000000 -844996.375000 796.032653 3.606963 3.266017 16.279790
 12460.000000 -845368.562500 794.477567 3.570115 3.351862 16.600952
 12480.000000 -845466.250000 791.611705 3.658679 3.402435 16.589016
 12500.000000 -844696.437500 793.591258 3.400314 3.450221 16.778321
 12520.000000 -844758.812500 791.928825 3.474554 3.488183 16.634728
 12540.000000 -845443.312500 794.859617 3.509165 3.488348 16.593809
 12560.000000 -844352.875000 794.833979 3.563371 3.478259 16.430097
 12580.000000 -843675.750000 796.874586 3.381745 3.304379 16.218830
 12600.000000 -845344.000000 794.683225 3.232160 3.193799 16.469475
 12620.000000 -846001.812500 795.248646 3.248222 3.346101 16.738608
 12640.000000 -844647.437500 796.247628 3.217877 3.313711 16.562481
 12660.000000 -843990.687500 796.857750 3.672012 3.395529 16.549986
 12680.000000 -844536.625000 791.626071 3.720829 3.368592 16.446400
 12700.000000 -846391.500000 792.721865 3.631536 3.390512 16.778114
 12720.000000 -845933.125000 790.092262 3.491873 3.447150 16.658651
 12740.000000 -846711.125000 791.508374 3.184872 3.509696 16.612615
 12760.000000 -845213.937500 794.858340 3.175724 3.376948 16.563751
 12780.000000 -845916.125000 794.621495 3.201336 3.412525 16.640796
 12800.000000 -846487.500000 791.454440 3.542009 3.112731 16.598307
 12820.000000 -845512.250000 791.740710 3.557352 3.545836 16.851453
 12840.000000 -845647.750000 792.503625 3.665296 3.435251 16.503980
 12860.000000 -844313.875000 792.985074 3.514025 3.571990 16.319801
 12880.000000 -846338.562500 793.933940 3.386833 3.569274 16.363092
 12900.000000 -842734.562500 794.917713 3.397117 3.396084 16.345574
 12920.000000 -845959.250000 792.218471 3.435371 3.111267 16.357515
 12940.000000 -844139.812500 794.647651 3.366026 3.445282 16.333194
 12960.000000 -843983.125000 794.472765 3.372484 3.563335 16.423800
 12980.000000 -845835.687500 795.448534 3.564339 3.434595 16.512695
 13000.000000 -844258.937500 796.627173 3.389350 3.477250 16.533464
 13020.000000 -845329.125000 797.165165 3.443469 3.446202 16.406101
 13040.000000 -846455.312500 794.493276 3.288782 3.417737 16.403187
 13060.000000 -846783.375000 794.007567 3.222759 3.461940 16.596942
 13080.000000 -843471.000000 797.117081 3.383790 3.312089 16.646241
 13100.000000 -844823.375000 794.818307 3.177769 3.359863 16.432653
 13120.000000 -845976.250000 794.044275 2.969293 3.532376 16.465313
 13140.000000 -845869.187500 793.430126 3.311853 3.547109 16.520950
 13160.000000 -845366.062500 794.847660 3.484985 3.553099 16.483641
 13180.000000 -845085.187500 793.305308 3.304238 3.361315 16.645095
 13200.000000 -844543.687500 794.573409 3.360865 3.422578 16.402171
 13220.000000 -845458.687500 796.254488 3.292949 3.465800 16.586724
 13240.000000 -843430.062500 795.461770 3.324352 3.401971 16.525443
 13260.000000 -844518.312500 794.156803 3.479801 3.332062 16.527188
 13280.000000 -845693.062500 795.501962 3.553750 3.499120 16.635532
 13300.000000 -845887.375000 791.239437 3.297179 3.644025 16.420638
 13320.000000 -843148.000000 794.592058 3.410896 3.468429 16.711055
 13340.000000 -844311.187500 797.883593 3.412963 3.522242 16.546250
 13360.000000 -844600.750000 795.550293 3.238170 3.412795 16.375982
 13380.000000 -846231.812500 793.423806 2.903755 3.347421 16.389544
 13400.000000 -843895.750000 793.816756 3.318776 3.406088 16.360244
 13420.000000 -844965.687500 794.175477 3.570825 3.132551 16.390746
 13440.000000 -845278.187500 794.740854 3.808832 3.263470 16.542677
 13460.000000 -845989.687500 795.832801 3.386246 3.212877 16.883595
 13480.000000 -845302.625000 793.036163 3.367177 3.392308 16.963980
 13500.000000 -845294.062500 792.591436 3.408328 3.261001 16.306918
 13520.000000 -845436.187500 793.638617 3.514173 3.259412 16.484018
 13540.000000 -847139.000000 792.141090 3.453152 3.714399 16.202010
 13560.000000 -845495.312500 793.789901 3.409058 3.657978 16.433241
 13580.000000 -844446.250000 795.726353 3.166864 3.671994 16.663107
 13600.000000 -845183.625000 793.900160 3.332139 3.715551 16.623237
 13620.000000 -845493.375000 793.942487 3.521391 3.647901 16.456135
 13640.000000 -845507.062500 793.405056 3.503680 3.280082 16.601396
 13660.000000 -844104.312500 796.517927 3.417572 3.587607 16.812091
 13680.000000 -845540.812500 793.694099 3.267219 3.415915 16.699192
 13700.000000 -847655.687500 792.507974 3.387742 3.306049 16.372968
 13720.000000 -845894.375000 792.770050 3.363441 3.371594 16.364934
 13740.000000 -843673.625000 793.727405 3.356889 3.494261 16.320190
 13760.000000 -844579.250000 794.800742 3.321503 3.275088 16.121806
 13780.000000 -846182.375000 794.472433 3.513009 3.259494 16.425435
 13800.000000 -846376.875000 791.568507 3.687386 3.295986 16.199402
 13820.000000 -846239.562500 793.903988 3.428379 3.411432 16.066663
 13840.000000 -845419.187500 793.070880 3.557925 3.364223 16.327367
 13860.000000 -846072.687500 793.020844 3.409155 3.488612 16.361078
 13880.000000 -845680.500000 794.690072 3.373464 3.333525 16.542636
 13900.000000 -845863.625000 795.644607 3.484211 3.718972 16.573080
 13920.000000 -844236.000000 796.456466 3.313029 3.370039 16.605325
 13940.000000 -844533.625000 794.397657 3.064236 3.496204 16.520923
 13960.000000 -844642.125000 794.263795 3.590416 3.369564 16.404480
 13980.000000 -845756.625000 794.122734 3.345627 3.267325 16.723856
 14000.000000 -845228.500000 796.574158 3.196159 3.415575 16.317652
 14020.000000 -844878.625000 795.274793 3.461609 3.458765 16.383606
 14040.000000 -846327.250000 790.862597 3.502332 3.144731 16.546578
 14060.000000 -844293.312500 795.026335 3.394210 3.296254 16.528256
 14080.000000 -843523.187500 797.835080 3.398586 3.553041 16.679753
 14100.000000 -846493.062500 794.255616 3.600451 3.294152 16.393833
 14120.000000 -845068.000000 792.699723 3.424169 3.426631 16.357655
 14140.000000 -844560.687500 792.369378 3.354055 3.446517 16.464128
 14160.000000 -847672.562500 790.629752 3.221272 3.375467 16.500321
 14180.000000 -845294.187500 793.005378 3.298295 3.395610 16.404470
 14200.000000 -845767.250000 795.376509 3.297938 3.432603 16.702580
 14220.000000 -845273.937500 795.500137 3.393139 3.236993 16.678818
 14240.000000 -843912.375000 795.916364 3.449820 3.356302 16.507426
 14260.000000 -845945.312500 795.460377 3.590340 3.461618 16.533787
 14280.000000 -847057.187500 793.435378 3.689969 3.435172 16.621286
 14300.000000 -845603.625000 792.565333 3.450869 3.397453 16.554983
 14320.000000 -845336.500000 793.106927 3.593962 3.311887 16.612730
 14340.000000 -844869.000000 794.327187 3.579660 3.483199 16.586970
 14360.000000 -846002.250000 792.276244 3.249439 3.212891 16.467598
 14380.000000 -846289.437500 792.255769 3.263359 3.245326 16.479679
 14400.000000 -846557.125000 792.490729 3.334568 3.205887 16.578237
 14420.000000 -845784.687500 794.017459 3.488070 3.186520 16.406437
 14440.000000 -846822.312500 793.668947 3.228169 3.483659 16.198225
 14460.000000 -844086.187500 794.288475 3.380875 3.396653 16.300046
 14480.000000 -844563.250000 795.133614 3.529156 3.730699 16.648614
 14500.000000 -846003.375000 792.687446 3.133168 3.501808 16.505234
 14520.000000 -845304.500000 793.585909 3.479945 3.240366 16.370540
 14540.000000 -844815.750000 796.329700 3.522348 3.392825 16.290441
 14560.000000 -846265.500000 792.712270 3.680705 3.384340 16.588962
 14580.000000 -846900.000000 794.339797 3.618311 3.182784 16.516600
 14600.000000 -843849.562500 794.827021 3.619884 3.171352 16.437382
 14620.000000 -846608.812500 793.280706 3.432670 3.447444 16.550389
 14640.000000 -845934.125000 794.833633 3.449211 3.601213 16.862075
 14660.000000 -844893.000000 792.283404 3.534762 3.461343 16.633149
 14680.000000 -843777.750000 792.446132 3.558134 3.450747 16.620863
 14700.000000 -844892.187500 793.356027 3.508427 3.451588 16.469254
 14720.000000 -844678.625000 792.673351 3.583121 3.673706 16.798936
 14740.000000 -846246.062500 794.572287 3.510706 3.468190 16.713106
 14760.000000 -844609.625000 796.084478 3.231556 3.473499 16.817015
 14780.000000 -846596.812500 792.959916 3.291511 3.594544 16.706438
 14800.000000 -846116.500000 795.823892 3.066513 3.483104 16.586081
 14820.000000 -844296.375000 794.172180 3.542013 3.602411 16.515927
 14840.000000 -843255.187500 794.618396 3.423439 3.138072 16.349295
 14860.000000 -846066.812500 797.668752 3.433438 3.363020 16.801789
 14880.000000 -844876.312500 793.140240 3.333817 3.420039 16.412736
 14900.000000 -842760.125000 795.375667 3.481485 3.496842 16.385126
 14920.000000 -843557.812500 793.816976 3.596053 3.245155 16.261127
 14940.000000 -844716.562500 795.432648 3.356800 3.083285 16.591939
 14960.000000 -844317.937500 795.045966 3.344400 3.257795 16.217277
 14980.000000 -844753.125000 795.207166 3.333740 3.721910 16.535016
 15000.000000 -844973.562500 795.525925 3.431764 3.451922 16.536125
 15020.000000 -847501.625000 793.265620 3.571216 3.273158 16.334694
 15040.000000 -845186.187500 791.015738 3.363460 3.358899 16.233706
 15060.000000 -844348.812500 794.743577 3.406922 3.455767 16.260042
 15080.000000 -844515.375000 796.807494 3.153375 3.273119 16.191639
 15100.000000 -845354.125000 795.016153 3.245498 3.190494 16.382803
 15120.000000 -846988.000000 793.206208 3.265320 3.367654 16.146803
 15140.000000 -844835.687500 793.608654 3.197501 3.426855 16.611321
 15160.000000 -845465.500000 795.889954 3.184539 3.276508 16.622289
 15180.000000 -844150.187500 796.474224 3.294721 3.421100 16.345844
 15200.000000 -843834.812500 793.093092 3.215080 3.412116 16.574940
 15220.000000 -844064.937500 793.386847 3.331295 3.487049 16.631654
 15240.000000 -843959.437500 794.373604 3.626079 3.177034 16.920487
 15260.000000 -842396.562500 798.091421 3.337013 3.047959 6.324015
 15280.000000 -843718.875000 795.649731 3.223592 2.930833 6.628400
 15300.000000 -842571.875000 799.922616 3.403947 2.865166 10.076403
 15320.000000 -843009.437500 800.225675 3.306923 2.959153 13.490406
 15340.000000 -844518.687500 793.853063 3.212009 3.102763 15.393536
 15360.000000 -846048.687500 794.841039 3.119993 3.276250 16.375918
 15380.000000 -846454.937500 793.444403 3.191033 3.565078 16.451826
 15400.000000 -843950.687500 794.876310 3.394930 3.462349 16.432601
 15420.000000 -845604.625000 792.888381 3.401215 3.261306 16.403131
 15440.000000 -844299.750000 794.524472 3.247973 3.409890 16.542277
 15460.000000 -843517.312500 797.526938 3.122595 3.548287 16.589247
 15480.000000 -844333.500000 795.599100 3.187459 3.316134 16.649065
 15500.000000 -845218.250000 793.534582 3.516997 3.571744 16.400684
 15520.000000 -843702.000000 793.960298 3.264070 3.348714 16.278805
 15540.000000 -845214.375000 793.435477 3.492374 3.264918 16.291272
 15560.000000 -845026.437500 798.037727 3.495694 3.506103 16.273295
 15580.000000 -845352.687500 795.827658 3.432741 3.377196 16.434718
 15600.000000 -845287.250000 796.182141 3.300532 3.497502 16.496133
 15620.000000 -846268.687500 793.469715 3.148793 3.101063 16.421268
 15640.000000 -844265.000000 793.738760 3.463447 3.236132 16.419067
 15660.000000 -846242.312500 795.977058 3.497366 3.268181 16.398374
 15680.000000 -846673.062500 792.968778 3.498159 3.277506 16.097454
 15700.000000 -844012.625000 796.149015 3.355797 3.514859 16.108356
 15720.000000 -846323.875000 794.479573 3.071159 3.001598 16.266529
 15740.000000 -845695.062500 795.957336 3.276090 3.194718 16.238721
 15760.000000 -846632.062500 792.332603 3.648159 3.265478 16.504108
 15780.000000 -847231.062500 792.945275 3.447758 3.463888 16.593922
 15800.000000 -846485.062500 793.620877 3.285147 3.276894 16.706673
 15820.000000 -843975.562500 794.741189 3.460288 3.231652 16.483648
 15840.000000 -844089.250000 794.477393 3.363196 3.355799 16.599708
 15860.000000 -844837.000000 793.656511 3.453203 3.490688 16.366725
 15880.000000 -846052.000000 795.447843 3.486282 3.390016 16.280523
 15900.000000 -845614.375000 793.024417 3.650484 3.204905 16.592538
 15920.000000 -846035.375000 791.746017 3.568095 3.309949 16.419170
 15940.000000 -844661.687500 794.722470 3.649979 3.245338 16.594145
 15960.000000 -845073.937500 793.746670 3.476229 3.223532 16.299414
 15980.000000 -846064.562500 794.814958 3.539718 3.342014 16.381476
 16000.000000 -843920.000000 794.848051 3.439998 3.082496 16.520346
 16020.000000 -845292.062500 794.587944 3.336289 3.369908 16.496581
 16040.000000 -843668.000000 794.263086 3.037824 3.580788 16.685541
 16060.000000 -845537.687500 793.406175 3.446977 3.698682 16.625126
 16080.000000 -843378.187500 797.689965 3.243731 3.472839 16.422686
 16100.000000 -845181.437500 795.248608 3.263934 3.345620 16.670816
 16120.000000 -842895.875000 797.181010 3.317613 3.374844 16.610424
 16140.000000 -845331.000000 795.084917 3.446050 3.517335 16.454332
 16160.000000 -843893.625000 793.851006 3.548224 3.139949 16.766145
 16180.000000 -846494.375000 792.151401 3.124932 3.142337 16.801480
 16200.000000 -844475.375000 794.821462 3.075455 3.359424 16.757323
 16220.000000 -844896.812500 794.373548 3.294014 3.052051 16.643810
 16240.000000 -845376.750000 794.298344 3.239276 3.342449 16.611609
 16260.000000 -846694.375000 795.039316 3.120891 3.671548 16.638968
 16280.000000 -844495.562500 797.226991 3.090459 3.471403 16.301886
 16300.000000 -844069.312500 795.753344 3.270215 3.408256 16.230945
 16320.000000 -842384.625000 797.204464 3.277742 3.551971 16.334227
 16340.000000 -845457.562500 792.127889 3.494018 3.662666 16.594038
 16360.000000 -845973.562500 795.534149 3.533116 3.588732 16.589889
 16380.000000 -847090.750000 794.493175 3.559476 3.397950 16.523256
 16400.000000 -844457.812500 794.644326 3.226194 3.503088 16.383487
 16420.000000 -846972.375000 792.188443 3.327792 3.540439 16.292956
 16440.000000 -844647.125000 795.165816 3.503193 3.202996 16.377741
 16460.000000 -846483.625000 795.602076 3.482899 3.496506 16.477064
 16480.000000 -844079.375000 795.609082 3.559265 3.582616 16.423812
 16500.000000 -846746.375000 793.279726 3.438393 3.474686 16.257194
 16520.000000 -844178.687500 793.515099 3.255620 3.457953 16.424229
 16540.000000 -846429.875000 792.994859 3.414939 3.319425 16.551558
 16560.000000 -844704.000000 795.935763 3.339808 3.377507 16.424084
 16580.000000 -846382.562500 794.029701 3.551462 3.397799 16.391578
 16600.000000 -845160.000000 795.073278 3.105546 3.178519 16.701932
 16620.000000 -844429.562500 795.518007 3.365435 3.258585 16.463661
 16640.000000 -845000.562500 792.410061 3.317724 3.281177 16.595150
 16660.000000 -843884.687500 795.912192 3.309984 3.648899 16.646446
 16680.000000 -845126.937500 795.859420 3.312977 3.276830 16.650449
 16700.000000 -844593.750000 793.496872 3.463223 3.101665 16.387796
 16720.000000 -845800.687500 792.607717 3.447686 3.135868 16.389342
 16740.000000 -846930.937500 793.333426 3.727674 3.169918 16.622606
 16760.000000 -846745.375000 793.232867 3.434025 3.194370 16.671089
 16780.000000 -845229.812500 793.047814 3.445429 3.086373 16.526012
 16800.000000 -845041.562500 794.016035 3.291306 3.088795 16.442437
 16820.000000 -846367.687500 792.797191 3.310604 3.055482 16.732331
 16840.000000 -845345.000000 793.423165 3.555972 3.112022 16.594764
 16860.000000 -844873.000000 792.877796 3.331739 3.390203 16.566719
 16880.000000 -845147.062500 794.850607 3.173449 3.481551 16.529541
 16900.000000 -843946.625000 794.041471 3.312849 3.500281 16.372770
 16920.000000 -844518.812500 793.423060 2.923059 3.423722 16.264424
 16940.000000 -846536.062500 791.701497 3.370355 3.353000 16.499118
 16960.000000 -845886.812500 793.607966 3.278160 3.219856 16.594267
 16980.000000 -845926.000000 793.804336 3.587180 3.337588 16.370356
 17000.000000 -847419.750000 794.946142 3.508786 3.528110 16.485456
 17020.000000 -845389.000000 792.982580 3.325204 3.456721 16.491896
 17040.000000 -844065.437500 793.981298 3.321969 3.499917 16.702807
 17060.000000 -846370.937500 793.234828 3.485512 3.579398 16.855531
 17080.000000 -843964.687500 794.489848 3.427773 3.657389 16.738303
 17100.000000 -845554.687500 793.953299 3.175795 3.733692 16.879418
 17120.000000 -842625.125000 797.209374 3.174157 3.672498 16.620381
 17140.000000 -844098.500000 793.043002 3.350373 3.634757 16.720814
 17160.000000 -844736.062500 791.536191 3.468097 3.239575 16.738452
 17180.000000 -844943.375000 792.179529 3.419482 3.358845 16.646071
 17200.000000 -846499.687500 795.862521 3.189119 3.495764 16.591337
 17220.000000 -845643.437500 792.265249 3.280781 3.396434 16.513721
 17240.000000 -844974.000000 794.705239 3.533754 3.257369 16.487666
 17260.000000 -844177.875000 793.170804 3.316742 3.329421 16.522290
 17280.000000 -845126.812500 795.800971 3.138194 3.372421 16.437425
 17300.000000 -847360.500000 790.731743 3.269394 3.382356 16.260160
 17320.000000 -845544.562500 795.337298 3.306519 3.546189 16.379357
 17340.000000 -845301.937500 793.685384 3.209911 3.232172 16.482684
 17360.000000 -847075.562500 794.546387 3.531828 3.402791 16.474295
 17380.000000 -844769.375000 795.639470 3.391825 3.331872 16.473559
 17400.000000 -844350.000000 795.090019 3.641321 3.179874 16.396658
 17420.000000 -846358.312500 794.371419 3.517474 3.113154 16.512071
 17440.000000 -844218.750000 795.884156 3.578256 3.102729 16.614800
 17460.000000 -845104.375000 795.279702 3.606344 3.107625 16.302162
 17480.000000 -845091.000000 793.256219 3.475896 3.376454 16.314459
 17500.000000 -843617.000000 796.227733 3.513507 3.348982 16.621365
 17520.000000 -842615.937500 794.075812 3.641571 3.526784 16.587152
 17540.000000 -846002.000000 795.031883 3.620221 3.220509 16.487291
 17560.000000 -844601.687500 795.100710 3.663862 3.385450 16.552183
 17580.000000 -843207.625000 796.744942 3.268914 3.400302 16.791473
 17600.000000 -845639.750000 795.457419 3.571365 3.422632 16.598985
 17620.000000 -845472.875000 795.644538 3.570994 3.341592 16.371495
 17640.000000 -844597.000000 793.217591 3.635726 3.534667 16.564062
 17660.000000 -844300.312500 794.717594 3.377984 3.570261 16.676649
 17680.000000 -845348.375000 794.150878 3.582876 3.448665 16.500933
 17700.000000 -847550.125000 793.552199 3.341364 3.529056 16.519359
 17720.000000 -845312.250000 795.059454 3.067518 3.549681 16.356814
 17740.000000 -846080.875000 793.121004 3.532354 3.391589 16.344255
 17760.000000 -845646.375000 794.340207 3.590982 3.314604 16.428355
 17780.000000 -845627.437500 792.545670 3.681059 3.612825 16.738996
 17800.000000 -845887.312500 795.463767 3.621884 3.209493 16.939155
 17820.000000 -845605.250000 793.355478 3.480504 3.684534 16.847325
 17840.000000 -847042.750000 792.146057 3.552452 3.403740 16.751350
 17860.000000 -844441.187500 794.534895 3.100977 3.511317 16.785605
 17880.000000 -845580.750000 794.367575 3.281410 3.307006 16.515155
 17900.000000 -844347.000000 793.593399 3.399322 3.447676 16.648228
 17920.000000 -845522.000000 794.688899 3.234153 3.111170 16.626435
 17940.000000 -845991.625000 794.261385 3.149624 3.096114 16.534423
 17960.000000 -845233.375000 796.546395 3.435526 3.386747 16.729321
 17980.000000 -847206.937500 792.080176 3.350789 3.648404 16.515801
 18000.000000 -847810.312500 791.089395 3.479613 3.538702 16.626862
 18020.000000 -847041.437500 791.554629 3.394293 3.185813 16.456576
 18040.000000 -845979.750000 796.152903 3.421419 3.303719 16.487422
 18060.000000 -845166.250000 793.902920 3.264153 3.405768 16.860123
 18080.000000 -846951.625000 794.011376 3.497305 3.289020 16.809757
 18100.000000 -846589.937500 792.961631 3.294878 3.420820 16.564791
 18120.000000 -845560.187500 796.363624 3.683157 3.630523 16.591231
 18140.000000 -842971.875000 795.427579 3.601789 3.428932 16.616916
 18160.000000 -844680.500000 794.468452 3.442785 3.485789 16.669236
 18180.000000 -846126.562500 793.816123 3.504808 3.471841 16.511050
 18200.000000 -845891.812500 794.882168 3.561951 3.226486 16.787388
 18220.000000 -846250.687500 793.142814 3.357729 3.157858 16.719687
 18240.000000 -844112.000000 794.957489 3.437720 3.566569 16.394278
 18260.000000 -845896.187500 791.997544 3.219489 3.448311 16.256255
 18280.000000 -846538.375000 793.431308 3.224851 3.432284 16.536190
 18300.000000 -844188.625000 796.231799 3.199710 3.505176 16.278699
 18320.000000 -843729.187500 794.292127 3.364568 3.290930 16.277928
 18340.000000 -845649.750000 792.912937 3.313800 3.422780 16.234628
 18360.000000 -844375.250000 792.180610 3.310605 3.449208 16.296494
 18380.000000 -844470.062500 793.951899 3.604103 3.379307 16.369046
 18400.000000 -846389.000000 794.518988 3.628814 3.188772 16.735251
 18420.000000 -845098.125000 794.195583 3.631335 3.470437 16.408181
 18440.000000 -847238.562500 790.795922 3.630307 3.474303 16.255920
 18460.000000 -846303.250000 791.638778 3.644204 3.417975 16.176603
 18480.000000 -846975.625000 790.732341 3.516771 3.484215 16.448155
 18500.000000 -846148.812500 792.561840 3.456611 3.631935 16.366726
 18520.000000 -844408.562500 794.032888 3.550434 3.448191 16.493007
 18540.000000 -845735.937500 793.550499 3.618703 3.518180 16.459952
 18560.000000 -846540.375000 794.298531 3.456067 3.417659 16.288167
 18580.000000 -846029.125000 792.474947 3.125057 3.352716 16.474095
 18600.000000 -845910.500000 794.449596 3.355687 3.369938 16.678072
 18620.000000 -845197.562500 794.719924 3.273410 3.460189 16.620263
 18640.000000 -845179.250000 793.597014 3.280621 3.372123 16.560009
 18660.000000 -844535.875000 793.536078 3.239082 3.483815 16.569370
 18680.000000 -844668.500000 795.077104 3.283738 3.613935 16.666489
 18700.000000 -845642.750000 795.336461 3.292276 3.216906 16.466813
 18720.000000 -842674.187500 795.517082 3.515412 3.373995 16.544986
 18740.000000 -846994.187500 792.070531 3.286436 3.078963 16.410674
 18760.000000 -845498.875000 791.676858 3.149262 3.236437 16.322363
 18780.000000 -846282.312500 793.063304 3.266692 3.268744 16.402906
 18800.000000 -846604.125000 794.324462 3.466079 3.684160 16.657538
 18820.000000 -843450.625000 797.315349 3.336745 3.289335 16.383103
 18840.000000 -844519.375000 794.046147 3.462188 3.250013 16.296247
 18860.000000 -845109.937500 794.061650 3.382148 3.381571 16.319961
 18880.000000 -845888.875000 793.254211 3.320263 3.492592 16.494039
 18900.000000 -845948.937500 793.549509 3.347758 3.303290 16.505169
 18920.000000 -845906.187500 792.211096 3.427511 3.265078 16.450414
 18940.000000 -843782.562500 795.086438 3.448609 3.316465 16.614707
 18960.000000 -844773.750000 794.414214 3.361811 3.276514 16.573043
 18980.000000 -847582.250000 795.024003 3.267832 3.448531 16.563301
 19000.000000 -845692.000000 793.800836 3.346758 3.265210 16.611128
 19020.000000 -844453.937500 795.591085 3.008083 3.194843 16.621891
 19040.000000 -844316.375000 794.791470 3.234725 3.255317 16.472850
 19060.000000 -845120.312500 794.485976 3.206772 3.095065 16.393753
 19080.000000 -843894.687500 794.225275 3.178450 3.367863 16.701392
 19100.000000 -845333.875000 793.420412 3.189194 3.544239 16.263892
 19120.000000 -844317.062500 793.989529 3.474695 3.570061 16.247867
 19140.000000 -845948.375000 792.425571 3.342782 3.731731 16.610398
 19160.000000 -845006.000000 793.337411 3.307399 3.721182 16.440366
 19180.000000 -844146.687500 792.883162 3.513139 3.521121 16.415822
 19200.000000 -846314.812500 790.820934 3.318838 3.463497 16.518523
 19220.000000 -845018.875000 792.589493 3.305060 3.487113 16.723705
 19240.000000 -846496.125000 789.892203 3.367006 3.346724 16.439476
 19260.000000 -844468.625000 795.526148 3.440915 3.501646 16.284521
 19280.000000 -844149.687500 796.639770 3.591189 3.328314 16.423683
 19300.000000 -845192.375000 797.249212 3.590427 3.330302 16.411363
 19320.000000 -846261.250000 794.653955 3.446355 3.233606 16.197015
 19340.000000 -846220.812500 795.711246 3.528344 3.395049 16.269681
 19360.000000 -846199.187500 793.689838 3.429072 3.375992 16.386914
 19380.000000 -845541.437500 794.553395 3.324070 3.455717 16.662147
 19400.000000 -843721.312500 797.571357 3.090196 3.380613 16.315154
 19420.000000 -846677.937500 793.125411 3.358184 3.417532 16.437141
 19440.000000 -845550.937500 792.822549 3.323979 3.378263 16.126678
 19460.000000 -845783.937500 795.667888 3.329877 3.291960 16.265292
 19480.000000 -844919.250000 794.989669 3.401465 3.033964 16.378765
 19500.000000 -844900.062500 794.634297 3.309007 3.592972 16.387283
 19520.000000 -846014.500000 792.995379 3.437801 3.414976 16.183862
 19540.000000 -846797.125000 793.059939 3.277705 3.469697 16.631956
 19560.000000 -844427.375000 796.403752 3.063931 3.531071 16.871560
 19580.000000 -845636.750000 793.773324 3.217695 3.723001 16.453826
 19600.000000 -845507.375000 795.543921 2.920349 3.623763 16.554241
 19620.000000 -846474.250000 795.326905 3.064431 3.415915 16.577931
 19640.000000 -845987.062500 793.251904 3.344507 3.269725 16.428675
 19660.000000 -846799.187500 794.288800 3.363366 3.431905 16.387410
 19680.000000 -846471.062500 795.237186 3.397967 3.173959 16.349840
 19700.000000 -844199.625000 794.699301 3.585114 3.237314 16.498041
 19720.000000 -846245.250000 793.889868 3.421895 3.322521 16.504820
 19740.000000 -845526.500000 792.627718 3.216837 3.370429 16.391025
 19760.000000 -844613.000000 794.157467 3.270315 3.660376 16.543335
 19780.000000 -845105.750000 795.864146 3.262026 3.427228 16.516889
 19800.000000 -845559.250000 792.262761 3.139077 3.420126 16.436627
 19820.000000 -845197.375000 791.935549 3.141249 3.527839 16.422992
 19840.000000 -844904.000000 793.900453 3.381428 3.363206 16.190579
 19860.000000 -844572.000000 797.420925 3.495039 3.298693 16.002373
 19880.000000 -845992.375000 795.272283 3.283585 3.129572 16.524033
 19900.000000 -844283.687500 795.461817 3.432137 3.181852 16.481191
 19920.000000 -846832.125000 793.374971 3.619273 3.096703 16.554607
 19940.000000 -844509.375000 793.113711 3.662708 3.101738 16.604717
 19960.000000 -845184.250000 794.312014 3.218264 2.986510 16.605354
 19980.000000 -843815.375000 795.416994 3.331913 3.180112 16.611880
 20000.000000 -845204.000000 793.271829 3.443777 3.548805 16.577671
 20020.000000 -843362.000000 795.965678 3.361822 3.763170 16.473382
 20040.000000 -846215.250000 792.079989 3.330235 3.851902 16.517381
 20060.000000 -846609.062500 795.412903 3.695823 3.378072 16.409167
 20080.000000 -845811.062500 796.692132 3.523385 3.581718 16.262048
 20100.000000 -844300.750000 795.795227 3.602145 3.283285 16.195783
 20120.000000 -844872.250000 797.318431 3.341916 3.380140 16.335863
 20140.000000 -843645.750000 798.784757 3.315831 3.255289 16.467208
 20160.000000 -845055.687500 794.047625 3.343310 3.635070 16.377028
 20180.000000 -845110.937500 794.770231 3.358730 3.509860 16.394863
 20200.000000 -844451.062500 794.425239 3.426480 3.469280 16.350189
 20220.000000 -844130.312500 796.458261 3.353257 3.510832 16.301644
 20240.000000 -845103.437500 796.493542 3.397934 3.080256 16.318682
 20260.000000 -844894.437500 795.001100 3.289617 3.004224 16.206131
 20280.000000 -845135.125000 791.597634 3.336986 3.340151 16.295538
 20300.000000 -845933.312500 793.561521 3.264401 3.381889 16.611195
 20320.000000 -845830.625000 794.203434 3.487456 3.305707 16.698319
 20340.000000 -845147.875000 795.782629 3.512295 3.683954 16.407373
 20360.000000 -844288.437500 795.981879 3.551350 3.416681 16.385191
 20380.000000 -845810.000000 795.628971 3.367814 3.465374 16.637301
 20400.000000 -844005.625000 794.121584 3.394422 3.223087 16.239897
 20420.000000 -843260.000000 795.310048 3.860669 3.520125 16.431761
 20440.000000 -844329.875000 794.570503 3.449103 3.485136 16.610575
 20460.000000 -845824.687500 794.421538 3.310647 3.366531 16.586443
 20480.000000 -846395.625000 793.035023 3.408579 3.530916 16.323543
 20500.000000 -846595.000000 793.461338 3.355806 3.450800 16.106782
 20520.000000 -847206.562500 794.567775 3.576719 3.622112 16.378833
 20540.000000 -845238.750000 794.575846 3.530630 3.747840 16.351485
 20560.000000 -844154.187500 794.852559 3.172386 3.357030 16.109015
 20580.000000 -847130.375000 792.663672 3.454044 3.396539 16.346429
 20600.000000 -845390.000000 796.270263 3.081797 3.253575 16.218726
 20620.000000 -845430.000000 795.874258 3.121530 3.281619 16.600541
 20640.000000 -844048.750000 796.561523 3.162348 3.316885 16.387564
 20660.000000 -845371.000000 796.808835 3.454255 3.194048 16.480383
 20680.000000 -844686.937500 794.017393 3.701685 3.146317 16.639603
 20700.000000 -845113.375000 794.690866 3.460413 3.293793 16.835700
 20720.000000 -845512.312500 794.278514 3.162948 3.641550 16.385151
 20740.000000 -845414.875000 796.917044 3.228676 3.571073 16.635352
 20760.000000 -845195.687500 793.807452 3.293249 3.573431 16.541909
 20780.000000 -846265.750000 791.512712 3.309609 3.493094 16.793221
 20800.000000 -844692.562500 795.793964 3.348239 3.889014 16.486145
 20820.000000 -844211.625000 795.327310 3.142763 3.767698 16.492893
 20840.000000 -845687.437500 794.198690 3.362871 3.506248 16.244233
 20860.000000 -843242.937500 797.651043 3.070795 3.605855 16.348972
 20880.000000 -845743.437500 796.905968 3.212034 3.489253 16.385849
 20900.000000 -845136.000000 796.339758 3.341396 3.405106 16.367580
 20920.000000 -843986.687500 796.687213 3.248100 3.275513 16.454006
 20940.000000 -846145.437500 791.421895 3.408276 3.123903 16.533121
 20960.000000 -846727.125000 790.725268 3.608602 3.396144 16.763020
 20980.000000 -846215.875000 792.946569 3.329653 3.450979 16.626736
 21000.000000 -845304.000000 792.375350 3.292104 3.555579 16.441298
 21020.000000 -845160.937500 792.845542 3.266258 3.429971 16.597037
 21040.000000 -844502.250000 794.033747 3.250746 3.390057 16.708689
 21060.000000 -845639.687500 792.396238 3.257847 3.560358 16.729176
 21080.000000 -844008.312500 792.317278 3.043591 3.437764 16.740748
 21100.000000 -846770.812500 791.422261 3.112148 3.452195 16.515267
 21120.000000 -844399.062500 792.155218 3.274037 3.438998 16.465432
 21140.000000 -845841.750000 792.571615 3.375469 3.557342 16.608263
 21160.000000 -847176.625000 790.155835 3.511251 3.584246 16.406604
 21180.000000 -845159.875000 793.487742 3.365615 3.402474 16.516667
 21200.000000 -846244.875000 792.982817 3.263633 3.544910 16.495180
 21220.000000 -844722.000000 795.603891 3.176060 3.370010 16.479089
 21240.000000 -846351.875000 791.790124 3.538624 3.546040 16.549353
 21260.000000 -845542.062500 793.496073 3.396026 3.425557 16.569699
 21280.000000 -843915.562500 793.159256 3.292052 3.484259 16.484000
 21300.000000 -845475.125000 792.201923 3.516737 3.175446 16.374847
 21320.000000 -845985.937500 793.111092 3.197376 3.391182 16.574068
 21340.000000 -844305.375000 794.022717 3.282967 3.383304 16.777530
 21360.000000 -845315.875000 792.478144 3.365608 3.573263 16.767160
 21380.000000 -844294.250000 795.618015 3.688088 3.525574 16.720710
 21400.000000 -843689.500000 791.180179 3.361682 3.418732 16.861034
 21420.000000 -843296.562500 793.058867 3.381081 3.366421 16.724906
 21440.000000 -844643.125000 792.702443 3.365081 3.680468 16.514182
 21460.000000 -845395.000000 794.787984 3.137097 3.806372 16.488252
 21480.000000 -844129.062500 795.593084 3.268742 3.187854 16.438647
 21500.000000 -844706.937500 792.911549 3.484438 3.315065 16.616359
 21520.000000 -846365.125000 792.325265 3.380856 3.311626 16.496739
 21540.000000 -846044.750000 790.860756 3.286684 3.338273 16.529497
 21560.000000 -845965.937500 790.836825 3.273453 3.417945 16.693867
 21580.000000 -846180.437500 793.609564 3.269763 3.412130 16.492550
 21600.000000 -845439.750000 792.726309 3.223102 3.501258 16.638664
 21620.000000 -845541.750000 795.025684 3.324128 3.555703 16.548581
 21640.000000 -845769.687500 794.995660 3.385347 3.274309 16.507072
 21660.000000 -845867.250000 791.855479 3.294911 3.521374 16.520826
 21680.000000 -845223.062500 792.784142 3.525336 3.411345 16.888761
 21700.000000 -844779.500000 792.915126 3.500780 3.490256 16.750152
 21720.000000 -844789.437500 795.392794 3.570151 3.475696 16.669884
 21740.000000 -844076.937500 796.597618 3.304468 3.342915 16.543628
 21760.000000 -845027.312500 795.332463 3.057929 3.086682 16.577229
 21780.000000 -843607.062500 795.494756 3.319576 3.261611 16.403068
 21800.000000 -845295.187500 792.885204 3.384393 3.427131 16.592227
 21820.000000 -845769.500000 791.088234 3.676568 3.428603 16.415630
 21840.000000 -843373.437500 796.355033 3.569012 3.552669 16.323518
 21860.000000 -842909.562500 796.522885 3.646051 3.412633 16.335225
 21880.000000 -844066.125000 794.812694 3.443816 3.596751 16.365678
 21900.000000 -844971.562500 794.051434 3.173359 3.330231 16.602212
 21920.000000 -843785.125000 794.524458 3.343845 3.365499 16.686668
 21940.000000 -845991.812500 793.475675 3.268451 3.510713 16.616063
 21960.000000 -846019.687500 795.730457 3.073982 3.572424 16.383493
 21980.000000 -844788.312500 794.452800 3.337584 3.377656 16.340186
 22000.000000 -846425.625000 791.579249 3.775437 3.420439 16.129704
 22020.000000 -844032.062500 794.357998 3.463489 3.652767 16.376680
 22040.000000 -846871.437500 794.863425 3.606445 3.487853 16.275782
 22060.000000 -844717.937500 793.365324 3.295245 3.227753 16.249454
 22080.000000 -845998.375000 794.062223 3.406183 3.348142 16.434146
 22100.000000 -845379.375000 795.104003 3.173994 3.460165 16.380504
 22120.000000 -845643.625000 793.972557 3.152084 3.513192 16.217281
 22140.000000 -846556.062500 793.041177 3.480369 3.361200 16.374668
 22160.000000 -846064.437500 793.804738 3.514817 3.532618 16.208147
 22180.000000 -846075.437500 791.751316 3.605025 3.313394 16.486272
 22200.000000 -846787.750000 792.276211 3.502481 3.389114 16.504062
 22220.000000 -845443.500000 795.607703 3.535618 3.516632 16.295320
 22240.000000 -845405.562500 790.587752 3.742004 3.248362 16.475274
 22260.000000 -845695.187500 794.553637 3.319582 3.449386 16.291476
 22280.000000 -846042.125000 794.440290 3.585101 3.411429 16.479006
 22300.000000 -844674.312500 792.684967 3.582590 3.606164 16.550197
 22320.000000 -843182.312500 791.986029 3.531417 3.525311 16.300100
 22340.000000 -845244.250000 794.281131 3.413940 3.422550 16.400977
 22360.000000 -844801.687500 792.531548 3.262026 3.516672 16.401449
 22380.000000 -844644.500000 795.203540 3.059178 3.583355 16.383767
 22400.000000 -845833.437500 795.832479 3.378817 3.367178 16.721272
 22420.000000 -845807.687500 795.214520 3.189941 3.342534 16.394789
 22440.000000 -844947.125000 794.319920 3.205422 3.494676 16.708946
 22460.000000 -843385.000000 796.729718 3.411070 3.410087 16.502594
 22480.000000 -845765.687500 794.169179 3.361824 3.348288 16.368926
 22500.000000 -846679.625000 794.411683 3.619088 3.405095 16.546246
 22520.000000 -844562.562500 795.339649 3.768060 3.385838 16.439974
 22540.000000 -843904.500000 795.525863 3.492671 3.625681 16.406830
 22560.000000 -845380.875000 794.460612 3.449801 3.450194 16.427088
 22580.000000 -843991.687500 794.341021 3.479036 3.510299 16.341981
 22600.000000 -844078.187500 794.904114 3.440031 3.285955 16.161333
 22620.000000 -845266.875000 792.580131 3.399185 3.091615 16.486158
 22640.000000 -844410.500000 794.809458 3.470843 3.194036 16.327502
 22660.000000 -845579.000000 794.450792 3.300620 3.509343 16.389274
 22680.000000 -846159.187500 792.160339 3.388480 3.425591 16.481869
 22700.000000 -847624.875000 791.126103 3.415149 3.690684 16.328278
 22720.000000 -844148.000000 795.467736 3.288098 3.715355 16.582580
 22740.000000 -845177.562500 794.631207 3.223386 3.357180 16.806542
 22760.000000 -844311.062500 793.798161 3.314587 3.304955 16.267863
 22780.000000 -846088.375000 792.453855 3.507829 3.431144 16.465624
 22800.000000 -843223.437500 792.591213 3.586073 3.374326 16.426134
 22820.000000 -845026.250000 795.434821 3.134371 3.559778 16.099372
 22840.000000 -845983.375000 792.012705 3.277445 3.672900 16.617545
 22860.000000 -844254.875000 793.494972 3.275054 3.321877 16.661906
 22880.000000 -845488.875000 794.652844 3.414138 3.236676 16.518786
 22900.000000 -843201.937500 794.375218 3.404657 3.230158 16.650342
 22920.000000 -845948.937500 790.881552 3.508406 3.239210 16.757329
 22940.000000 -846789.937500 793.270910 3.554624 3.370700 16.720417
 22960.000000 -844450.375000 792.922985 3.391662 3.348601 16.628128
 22980.000000 -845047.937500 793.520961 3.509646 3.544096 16.596862
 23000.000000 -845622.812500 794.434845 3.486850 3.428086 16.599025
 23020.000000 -844485.187500 794.303079 3.268433 3.185392 16.497568
 23040.000000 -844355.875000 794.345235 3.254146 3.378512 16.547698
 23060.000000 -844629.375000 794.667909 3.364136 3.193811 16.509145
 23080.000000 -842707.187500 794.064600 3.403650 3.404315 16.209993
 23100.000000 -846502.187500 794.002188 3.558703 3.347455 16.353145
 23120.000000 -845722.000000 793.828689 3.520990 3.385658 16.477819
 23140.000000 -843500.625000 795.379965 3.514197 3.531768 16.658697
 23160.000000 -844748.000000 794.484624 3.487113 3.300863 16.849367
 23180.000000 -844985.250000 794.761533 3.536999 3.424304 16.788473
 23200.000000 -845947.750000 795.551578 3.389076 3.270662 16.664451
 23220.000000 -845476.375000 792.112460 3.305877 3.427286 16.656394
 23240.000000 -844872.625000 794.679607 3.195491 3.643689 16.762156
 23260.000000 -845445.750000 791.588182 3.212681 3.493729 16.503701
 23280.000000 -843387.125000 793.226442 3.461015 3.606684 16.460865
 23300.000000 -846717.812500 793.722431 3.589014 3.412731 16.477261
 23320.000000 -844819.000000 793.345476 3.302367 3.321784 16.584144
 23340.000000 -845042.312500 795.231712 3.450716 3.433188 16.668449
 23360.000000 -845349.500000 794.120224 3.620447 3.245179 16.451087
 23380.000000 -845039.875000 793.974162 3.477680 3.259519 16.410267
 23400.000000 -844657.000000 796.247027 3.499973 3.413672 16.463234
 23420.000000 -844649.875000 794.458632 3.326398 3.356122 16.497695
 23440.000000 -845381.000000 792.055716 3.267523 3.235269 16.380016
 23460.000000 -843102.500000 794.095024 3.502634 3.254594 16.242183
 23480.000000 -845090.125000 793.907054 3.441142 3.668242 16.191010
 23500.000000 -845390.500000 796.982667 3.678568 3.396557 16.050074
 23520.000000 -845055.312500 793.716021 3.534356 3.231604 16.310868
 23540.000000 -844134.625000 796.220666 3.477915 3.200377 16.398054
 23560.000000 -845584.312500 792.111420 3.330890 3.345095 16.683858
 23580.000000 -844700.562500 795.173322 3.431815 3.516836 17.013098
 23600.000000 -844274.125000 795.046199 3.248234 3.562701 16.427366
 23620.000000 -844506.000000 793.908008 3.348298 3.593081 16.492926
 23640.000000 -844859.312500 794.849491 3.198384 3.587176 16.343490
 23660.000000 -844236.000000 793.480313 3.589590 3.600463 16.309829
 23680.000000 -844711.187500 794.885835 3.608248 3.167871 16.589965
 23700.000000 -845956.375000 794.077108 3.472988 3.489378 16.511885
 23720.000000 -844024.062500 794.969358 3.207597 3.423591 16.467168
 23740.000000 -845477.812500 793.995741 3.442076 3.505118 16.425289
 23760.000000 -844857.562500 793.882211 3.597718 3.531568 16.432885
 23780.000000 -846177.250000 791.287025 3.597466 3.332434 16.521219
 23800.000000 -846097.375000 794.005657 3.494105 3.492980 16.346228
 23820.000000 -843793.937500 797.059203 3.340877 3.550576 16.279066
 23840.000000 -846111.500000 793.403402 3.595590 3.609741 16.465751
 23860.000000 -844515.875000 795.444066 3.387500 3.462457 16.372115
 23880.000000 -846532.875000 791.829841 3.357075 3.154788 16.203721
 23900.000000 -846046.562500 794.573845 3.385406 3.566189 16.635125
 23920.000000 -844762.750000 795.157623 3.422279 3.713366 16.703080
 23940.000000 -843842.437500 795.122734 3.401752 3.569167 16.658011
 23960.000000 -846643.187500 792.714569 3.216136 3.171308 16.790580
 23980.000000 -844408.187500 792.688347 3.397602 3.267229 16.595414
 24000.000000 -843718.250000 795.077186 3.667383 3.385873 16.667937
 24020.000000 -845221.000000 795.024974 3.720839 3.245645 16.529974
 24040.000000 -845883.250000 793.375865 3.364758 3.430927 16.425779
 24060.000000 -844775.250000 793.017661 3.397880 3.570990 16.349634
 24080.000000 -844740.500000 794.866310 3.130698 3.517594 16.387998
 24100.000000 -844989.687500 794.769881 3.262413 3.627020 16.610832
 24120.000000 -846037.375000 796.191298 3.461165 3.527514 16.480183
 24140.000000 -844341.000000 793.587193 3.531463 3.508497 16.654204
 24160.000000 -844371.750000 796.225392 3.540049 3.583050 16.467147
 24180.000000 -843583.125000 795.762095 3.572319 3.455465 16.453355
 24200.000000 -846222.812500 793.482270 3.589200 3.578745 16.589289
 24220.000000 -843838.125000 796.303818 3.454036 3.540111 16.668227
 24240.000000 -845303.187500 793.996849 3.572257 3.446401 16.537661
 24260.000000 -844883.625000 794.469852 3.447133 3.642884 16.611753
 24280.000000 -844462.187500 794.865577 3.262363 3.477245 16.766577
 24300.000000 -846174.125000 793.727251 3.363796 3.512051 16.467098
 24320.000000 -844117.312500 794.125472 3.328129 3.562539 16.245534
 24340.000000 -843852.125000 795.106986 3.528240 3.757057 16.469937
 24360.000000 -844741.625000 795.016182 3.350746 3.875080 16.360213
 24380.000000 -844391.437500 794.067697 3.422200 3.609057 16.607760
 24400.000000 -845025.750000 791.665933 3.480076 3.503017 16.346715
 24420.000000 -845562.875000 791.845872 3.580131 3.412348 16.642174
 24440.000000 -847011.125000 791.348940 3.637503 3.324384 16.383693
 24460.000000 -844897.187500 794.127746 3.406369 3.654929 16.196797
 24480.000000 -844716.187500 793.947935 3.086107 3.321639 16.393103
 24500.000000 -843937.500000 795.884829 3.294389 3.277326 16.825867
 24520.000000 -845018.312500 791.491776 3.443337 3.561552 16.433092
 24540.000000 -844633.500000 792.224328 3.557868 3.337977 16.543557
 24560.000000 -845176.437500 797.245096 3.618980 3.387220 16.377117
 24580.000000 -845402.812500 796.668321 3.256156 3.623854 16.573637
 24600.000000 -844450.437500 795.318276 3.653469 3.627089 16.337053
 24620.000000 -846049.250000 794.223630 3.578399 3.506302 16.640101
 24640.000000 -844884.375000 794.251678 3.658220 3.381824 16.668623
 24660.000000 -845992.937500 794.152816 3.450464 3.505560 16.527279
 24680.000000 -844463.312500 794.205104 3.546390 3.486963 16.876167
 24700.000000 -845229.312500 796.635439 3.655240 3.625226 16.437670
 24720.000000 -845852.375000 793.147615 3.524189 3.440118 16.504572
 24740.000000 -846737.500000 792.510762 3.261611 3.460493 16.521781
 24760.000000 -845918.875000 792.856298 3.137821 3.515708 16.519809
 24780.000000 -845070.812500 793.738111 3.471179 3.642601 16.598575
 24800.000000 -846380.187500 791.411560 3.446646 3.841927 16.834844
 24820.000000 -847495.125000 791.700762 3.342530 3.492829 16.632071
 24840.000000 -846355.562500 793.010260 3.519641 3.580760 16.837984
 24860.000000 -846163.937500 794.005074 3.467612 3.736897 16.453479
 24880.000000 -845481.187500 793.729441 3.602927 3.857365 16.525257
 24900.000000 -845747.937500 792.836444 3.461998 3.612009 16.473496
 24920.000000 -845028.000000 792.415399 3.300140 3.585975 16.599399
 24940.000000 -844775.562500 793.185987 3.340308 3.586750 16.582789
 24960.000000 -844352.625000 793.381290 3.379234 3.604935 16.406231
 24980.000000 -845550.312500 795.905298 3.358406 3.557902 16.662023
 25000.000000 -845812.000000 793.296068 3.641395 3.511242 16.640964
 25020.000000 -845639.312500 796.349515 3.642537 3.445211 16.553257
 25040.000000 -843603.187500 796.375448 3.492200 3.273572 16.733999
 25060.000000 -846766.812500 792.425462 2.984024 3.439258 16.655002
 25080.000000 -845291.125000 793.551409 3.109036 3.318904 16.527923
 25100.000000 -844826.375000 794.419851 3.194079 3.454267 16.586884
 25120.000000 -844735.125000 792.708325 3.373859 3.441610 16.577552
 25140.000000 -845452.625000 795.315098 3.193492 3.321867 16.417806
 25160.000000 -844805.187500 795.181731 3.359011 3.212232 16.592041
 25180.000000 -842438.625000 793.785810 3.218990 3.152340 16.632021
 25200.000000 -845320.500000 793.744774 3.341791 3.255933 16.562306
 25220.000000 -846579.437500 795.006997 3.293121 3.521884 16.603200
 25240.000000 -845072.750000 793.736976 3.347833 3.655349 16.314584
 25260.000000 -845533.062500 793.202260 3.199971 3.318040 16.419163
 25280.000000 -845347.750000 792.280111 3.344351 3.225248 16.470351
 25300.000000 -843499.375000 791.817960 3.287786 3.272159 16.648293
 25320.000000 -844148.125000 794.862790 3.642591 3.285840 16.554045
 25340.000000 -845337.687500 793.817887 3.496103 3.313111 16.392803
 25360.000000 -846311.375000 794.708191 3.282513 3.403900 16.266892
 25380.000000 -844314.250000 793.243925 3.364163 3.562131 16.272575
 25400.000000 -845675.187500 795.866393 3.436514 3.409771 16.421612
 25420.000000 -845324.000000 794.186977 3.280815 3.291674 16.337388
 25440.000000 -846164.250000 792.586126 3.236994 3.265225 16.721152
 25460.000000 -844892.750000 792.735964 3.599896 3.415026 16.800252
 25480.000000 -844975.750000 792.962554 3.384719 3.358205 16.792370
 25500.000000 -845991.375000 794.133849 3.160728 3.307503 16.450559
 25520.000000 -845038.625000 793.419044 3.216237 3.455649 16.549152
 25540.000000 -845854.937500 793.352052 3.501232 3.323924 16.329624
 25560.000000 -845331.500000 792.232636 3.533924 3.184003 16.488970
 25580.000000 -844958.437500 795.852519 3.674163 3.040507 16.392273
 25600.000000 -844829.750000 796.292913 3.333704 3.292729 16.286164
 25620.000000 -843977.125000 793.790370 3.406483 3.458354 16.374290
 25640.000000 -844271.812500 793.939775 3.457123 3.318759 16.306725
 25660.000000 -843682.000000 795.535750 3.349619 3.638275 16.497986
 25680.000000 -844467.625000 794.177517 3.554956 3.533836 16.465910
 25700.000000 -846114.187500 794.086771 3.398747 3.532397 16.426687
 25720.000000 -845496.437500 794.188857 3.288673 3.707145 16.450330
 25740.000000 -846225.937500 792.274465 3.423937 3.391139 16.223728
 25760.000000 -845632.312500 793.908631 3.420282 3.297364 16.369137
 25780.000000 -845213.875000 794.440498 3.348877 3.380338 16.461044
 25800.000000 -846033.875000 793.469905 3.264983 3.375703 16.259972
 25820.000000 -845060.875000 794.971335 3.294991 3.350742 16.264683
 25840.000000 -844704.687500 794.373104 3.324507 3.493883 16.703732
 25860.000000 -846694.500000 791.390672 3.320887 3.473338 16.694512
 25880.000000 -845546.125000 792.696016 3.265971 3.438648 16.453162
 25900.000000 -845369.375000 793.426381 3.255942 3.570724 16.438172
 25920.000000 -846079.312500 795.814977 3.292256 3.441428 16.387071
 25940.000000 -846545.250000 792.439471 3.176734 3.634263 16.494601
 25960.000000 -843401.875000 791.929283 3.247853 3.375021 16.557504
 25980.000000 -844511.875000 794.837290 3.503174 3.320632 16.548342
 26000.000000 -845131.687500 794.705428 3.293894 3.389052 16.634466
 26020.000000 -844273.312500 794.469770 3.445795 3.562324 16.521401
 26040.000000 -845432.437500 793.660931 3.697057 3.507573 16.364036
 26060.000000 -846472.375000 793.106478 3.553222 3.215474 16.329642
 26080.000000 -845622.625000 794.615477 3.550301 3.432812 16.445929
 26100.000000 -845080.687500 795.469834 3.117866 3.173709 16.206564
 26120.000000 -845371.500000 794.125063 3.325612 3.193003 16.399063
 26140.000000 -846086.500000 793.239059 3.284637 3.441815 16.387588
 26160.000000 -846138.375000 791.908371 3.464306 3.412620 16.154745
 26180.000000 -844446.062500 794.196931 3.201827 3.678325 16.414490
 26200.000000 -843972.375000 796.272968 3.150258 3.503518 16.588485
 26220.000000 -846814.250000 792.038231 3.413073 3.512224 16.536175
 26240.000000 -845226.562500 796.037119 3.668420 3.476020 16.614847
 26260.000000 -844286.187500 795.418073 3.484973 3.371371 16.412942
 26280.000000 -845875.125000 792.020189 3.536815 3.687027 16.536486
 26300.000000 -843422.312500 795.572574 3.503310 3.460338 16.726486
 26320.000000 -846145.625000 794.245303 3.604173 3.447690 16.639206
 26340.000000 -844730.687500 793.393038 3.573026 3.307808 16.747905
 26360.000000 -842961.500000 794.645444 3.312054 3.307850 16.333798
 26380.000000 -843989.437500 793.935194 3.442594 3.272018 16.553259
 26400.000000 -845930.750000 792.558946 3.469649 3.328617 16.506795
 26420.000000 -844321.500000 796.480644 3.452416 3.302571 16.197727
 26440.000000 -844734.000000 794.283491 3.243865 3.280114 16.238788
 26460.000000 -844028.062500 793.052880 3.436785 3.527640 16.509843
 26480.000000 -844897.750000 794.550048 3.266533 3.316456 16.490799
 26500.000000 -845144.625000 793.441255 3.274208 3.514293 16.435803
 26520.000000 -843924.812500 794.770041 3.456536 3.351868 16.567316
 26540.000000 -845172.000000 794.421157 3.542085 3.485827 16.683595
 26560.000000 -844956.937500 792.885779 3.682501 3.289352 16.507265
 26580.000000 -845112.312500 793.105909 3.466397 3.442368 16.578908
 26600.000000 -844764.000000 791.903914 3.799013 3.506319 16.552279
 26620.000000 -844755.750000 794.253002 3.431629 3.319045 16.624006
 26640.000000 -845928.187500 794.542386 3.559042 3.321991 16.457101
 26660.000000 -845272.750000 795.340442 3.552103 3.207034 16.347681
 26680.000000 -845640.125000 793.834811 3.572551 3.119642 16.399866
 26700.000000 -846078.250000 794.206229 3.324537 3.177386 16.770360
 26720.000000 -844848.062500 794.809298 3.395137 3.328546 16.479898
 26740.000000 -843446.375000 794.180755 3.381550 3.596542 16.554133
 26760.000000 -845015.062500 794.111968 3.471692 3.449491 16.553883
 26780.000000 -846590.312500 791.998806 3.411069 3.646607 16.383256
 26800.000000 -844909.625000 794.948139 3.538396 3.113639 16.513379
 26820.000000 -844268.000000 794.988753 3.449435 3.370963 16.424807
 26840.000000 -845997.812500 792.948797 3.239754 3.372377 16.431060
 26860.000000 -844933.437500 794.965818 3.116645 3.389560 16.512541
 26880.000000 -847216.500000 791.683652 3.225325 3.553293 16.639950
 26900.000000 -844887.687500 792.012851 3.235386 3.255685 16.788551
 26920.000000 -844837.687500 795.015246 3.186230 3.351730 16.666929
 26940.000000 -845770.500000 796.048773 3.187240 3.510405 16.466438
 26960.000000 -844594.437500 794.610459 3.440313 3.599717 16.686845
 26980.000000 -847016.375000 791.491993 3.082210 3.493559 16.175154
 27000.000000 -844718.812500 793.653272 2.831851 3.627828 16.368572
 27020.000000 -845328.625000 792.306505 3.423097 3.281033 16.505737
 27040.000000 -845809.375000 793.510608 3.349568 3.406475 16.370278
 27060.000000 -845608.125000 793.647091 3.456864 3.450509 16.205486
 27080.000000 -844323.937500 796.275753 3.597308 3.614690 16.572910
 27100.000000 -844504.562500 795.566263 3.664591 3.390028 16.373152
 27120.000000 -845917.062500 794.024325 3.465708 3.336522 16.381208
 27140.000000 -845450.750000 793.670528 3.449051 3.345708 16.414329
 27160.000000 -846171.687500 795.378046 3.374670 3.107906 16.475663
 27180.000000 -843943.375000 795.316179 3.257381 3.295805 16.437167
 27200.000000 -844744.062500 794.922730 3.464971 3.472301 16.422193
 27220.000000 -843645.812500 795.197263 3.841537 3.505322 16.404777
 27240.000000 -845099.687500 796.877622 3.711624 3.362012 16.679704
 27260.000000 -845457.750000 794.552708 3.766546 3.390329 16.829913
 27280.000000 -844325.812500 793.792592 3.576012 3.348381 16.645674
 27300.000000 -844383.812500 794.499369 3.518365 3.376795 16.468743
 27320.000000 -844889.062500 793.883871 3.227227 3.472230 16.428062
 27340.000000 -845998.750000 794.269963 3.353114 3.322529 16.452376
 27360.000000 -845439.937500 795.463010 3.478754 3.077304 16.644079
 27380.000000 -844319.687500 795.408779 3.416084 3.302672 16.597057
 27400.000000 -844786.750000 794.596800 3.473266 3.581759 16.369994
 27420.000000 -844299.437500 793.520318 3.676431 3.523166 16.510978
 27440.000000 -846777.437500 794.625922 3.505926 3.500005 16.497444
 27460.000000 -845901.625000 793.976918 3.739320 3.365403 16.574715
 27480.000000 -844981.937500 793.029917 3.573157 3.234311 16.581837
 27500.000000 -845932.312500 795.408041 3.356809 3.346771 16.478280
 27520.000000 -844425.000000 794.820590 3.197275 3.351808 16.311866
 27540.000000 -845719.000000 793.149757 3.184122 3.476915 16.718883
 27560.000000 -844237.250000 795.081812 3.269197 3.236596 16.656125
 27580.000000 -846749.250000 792.902697 2.995524 3.569527 16.445755
 27600.000000 -846515.812500 794.045492 3.171526 3.380800 16.731932
 27620.000000 -847542.125000 793.483519 3.306876 3.475009 16.724877
 27640.000000 -844170.250000 794.530763 2.947448 3.594839 16.757101
 27660.000000 -844115.375000 796.983828 3.136965 3.692996 16.414784
 27680.000000 -842847.750000 794.312044 3.061360 3.427635 16.383434
 27700.000000 -843532.125000 797.031957 3.411844 3.482149 16.513628
 27720.000000 -844792.812500 795.488923 3.301767 3.686925 16.552492
 27740.000000 -843402.187500 795.051628 3.548791 3.377224 16.494183
 27760.000000 -844197.875000 794.451616 3.519514 3.360210 16.444800
 27780.000000 -846404.437500 793.859552 3.310888 3.510636 16.423603
 27800.000000 -845100.625000 793.705589 3.259179 3.704180 16.333332
 27820.000000 -845000.562500 796.355922 3.282241 3.597229 16.411789
 27840.000000 -845317.750000 792.807000 3.571761 3.387330 16.448294
 27860.000000 -845290.562500 796.034642 3.536327 3.378113 16.230470
 27880.000000 -844404.687500 795.741076 3.772882 3.576824 16.258221
 27900.000000 -843781.125000 794.717115 3.617906 3.399720 16.577681
 27920.000000 -844569.562500 794.138587 3.433642 3.612533 16.559869
 27940.000000 -844392.937500 796.155496 3.335710 3.130780 16.506720
 27960.000000 -844964.062500 794.469026 3.345743 3.234420 16.443312
 27980.000000 -846139.250000 792.595761 3.462643 3.437490 16.536929
 28000.000000 -845747.125000 792.972933 3.383545 3.446135 16.444092
 28020.000000 -844457.562500 796.264740 3.614578 3.207796 16.792109
 28040.000000 -845148.312500 793.874635 3.539243 3.266603 16.647758
 28060.000000 -843948.812500 795.526249 3.279132 3.252740 16.539003
 28080.000000 -845458.562500 792.226273 3.495863 3.262631 16.329052
 28100.000000 -844970.687500 793.816096 3.559456 3.518171 16.575535
 28120.000000 -845224.500000 795.546393 3.371250 3.460200 16.461725
 28140.000000 -845210.937500 795.109048 3.406277 3.353854 16.394845
 28160.000000 -845669.500000 793.325793 3.330460 3.340902 16.633843
 28180.000000 -845502.000000 794.277997 3.247025 3.543964 16.555088
 28200.000000 -844774.875000 798.811041 3.337014 3.435423 16.486024
 28220.000000 -844274.500000 794.651155 3.196188 3.398137 16.720470
 28240.000000 -846235.250000 792.770041 3.214581 3.150059 16.382933
 28260.000000 -843392.062500 795.076761 3.264257 3.211600 16.483463
 28280.000000 -846378.812500 795.118699 3.066683 3.168073 16.161663
 28300.000000 -845383.062500 792.863099 3.229173 3.143826 16.197873
 28320.000000 -844878.875000 796.527360 3.430035 3.294038 16.088619
 28340.000000 -844041.500000 796.396530 3.121652 3.530689 16.252527
 28360.000000 -844954.562500 795.011912 3.475453 3.561499 16.408486
 28380.000000 -844249.250000 793.966969 3.291610 3.533171 16.418947
 28400.000000 -844921.687500 795.059821 3.365848 3.428213 16.189631
 28420.000000 -845678.687500 793.377743 3.274178 3.392192 16.213554
 28440.000000 -844966.187500 794.388554 3.365022 3.417301 16.190147
 28460.000000 -843590.687500 795.080998 3.540701 3.478324 16.380877
 28480.000000 -846729.250000 793.133714 3.370954 3.372176 16.502826
 28500.000000 -844484.000000 794.098629 3.637169 3.392933 16.563528
 28520.000000 -846010.937500 793.504759 3.568144 3.180840 16.456875
 28540.000000 -845357.375000 793.404799 3.697140 3.229703 16.574591
 28560.000000 -844988.000000 792.056352 3.618445 3.367298 16.351630
 28580.000000 -845526.875000 792.177149 3.753749 3.560897 16.374809
 28600.000000 -847134.250000 790.380395 3.428987 3.484433 16.505108
 28620.000000 -845379.250000 793.978569 3.234890 3.434695 16.666744
 28640.000000 -845235.187500 793.522575 3.225819 3.433317 16.763676
 28660.000000 -844805.437500 794.146318 3.403563 3.467475 16.660654
 28680.000000 -848043.000000 791.693329 3.570375 3.258049 16.627380
 28700.000000 -845154.750000 793.651796 3.565051 3.381402 16.670914
 28720.000000 -846858.937500 791.827085 3.460825 3.371895 16.292819
 28740.000000 -847091.375000 788.849641 3.377570 3.452925 16.306335
 28760.000000 -844336.437500 793.993173 3.519333 3.413095 16.463571
 28780.000000 -846333.312500 793.692213 3.763351 3.522828 16.353350
 28800.000000 -844191.312500 796.027504 3.365748 3.165061 16.178953
 28820.000000 -844812.500000 794.010995 3.360520 3.166068 16.451267
 28840.000000 -843831.500000 794.324868 3.411849 3.265558 16.462242
 28860.000000 -845426.312500 792.113647 3.524472 3.284066 16.524358
 28880.000000 -845609.875000 791.635885 3.282448 3.644595 16.232620
 28900.000000 -846689.187500 794.043159 3.568526 3.749266 16.384928
 28920.000000 -845444.687500 793.146043 3.503868 3.761795 16.293887
 28940.000000 -847016.250000 792.950104 3.549184 3.584675 16.381576
 28960.000000 -845723.625000 795.144983 3.730859 3.499856 16.318176
 28980.000000 -845858.812500 793.074014 3.618799 3.299140 16.586079
 29000.000000 -844629.625000 795.285858 3.425670 3.231021 16.581603
 29020.000000 -845611.125000 794.168332 3.328126 3.084820 16.608874
 29040.000000 -845519.562500 794.270116 3.383700 3.404819 16.660828
 29060.000000 -843735.187500 793.400883 3.515595 3.127554 16.539295
 29080.000000 -846440.500000 795.891851 3.493260 3.306057 16.444273
 29100.000000 -845350.812500 791.524651 3.427556 3.267319 16.499315
 29120.000000 -842852.375000 797.258045 3.476337 3.477757 16.805482
 29140.000000 -845739.625000 793.268727 3.517036 3.223589 16.687397
 29160.000000 -845481.062500 794.438934 3.421147 3.369413 16.566596
 29180.000000 -845753.312500 793.980609 3.389531 3.285013 16.776664
 29200.000000 -844902.062500 795.370949 3.608637 3.451346 16.674726
 29220.000000 -845336.500000 794.720894 3.669484 3.387607 16.135644
 29240.000000 -844850.812500 792.787578 3.593820 3.239365 16.283595
 29260.000000 -844413.125000 791.727115 3.398457 3.330268 16.313570
 29280.000000 -845459.062500 794.034857 3.360765 3.307211 16.246026
 29300.000000 -843360.312500 794.633151 3.180688 3.432390 16.587342
 29320.000000 -847113.125000 794.145229 3.102281 3.429814 16.517783
 29340.000000 -845198.750000 792.960802 3.207528 3.440997 16.451740
 29360.000000 -844405.312500 795.139108 3.438846 3.283498 16.623158
 29380.000000 -844597.250000 795.450689 3.254376 3.221182 16.456830
 29400.000000 -846512.625000 793.582761 3.470074 3.537960 16.617991
 29420.000000 -845410.375000 795.010883 3.214841 3.531559 16.556689
 29440.000000 -844331.875000 792.318370 3.586053 3.605694 16.263146
 29460.000000 -843452.562500 794.546513 3.614115 3.425986 16.372814
 29480.000000 -845526.125000 794.851127 3.398070 3.506889 16.529422
 29500.000000 -845414.000000 793.721849 3.358928 3.322486 16.436116
 29520.000000 -843059.062500 792.865842 3.362345 3.332063 16.416587
 29540.000000 -845592.812500 794.743193 3.209812 3.369461 16.660110
 29560.000000 -845269.875000 795.529746 3.615955 3.596404 16.624032
 29580.000000 -845079.500000 794.454477 3.300046 3.178372 16.492378
 29600.000000 -843779.562500 792.973173 3.497168 3.470211 16.737404
 29620.000000 -845941.937500 792.453473 3.166983 3.517372 16.640923
 29640.000000 -846499.687500 795.123289 3.445537 3.550411 16.585331
 29660.000000 -847229.687500 791.914780 3.462956 3.432581 16.378313
 29680.000000 -845867.062500 793.350349 3.394743 3.311992 16.612730
 29700.000000 -843939.562500 795.189593 3.447181 3.219903 16.414271
 29720.000000 -845967.875000 795.315705 3.240571 3.223578 16.737419
 29740.000000 -844403.562500 793.887824 3.332068 3.364773 16.616868
 29760.000000 -844513.062500 796.101982 3.475001 3.005409 16.522628
 29780.000000 -844744.250000 795.449349 3.588733 3.363502 16.571684
 29800.000000 -845693.437500 794.516672 3.256668 3.249532 16.560713
 29820.000000 -845297.062500 794.671127 3.512517 3.133630 16.396349
 29840.000000 -844989.750000 793.825515 3.251861 3.169347 16.465067
 29860.000000 -842955.875000 796.938245 3.304721 3.367800 16.661714
 29880.000000 -845202.187500 793.222304 3.493037 3.403495 16.267593
 29900.000000 -844579.937500 796.418943 3.301328 3.503464 16.233328
 29920.000000 -845068.750000 795.061627 3.289839 3.553487 16.459470
 29940.000000 -844772.187500 793.549211 3.423805 3.173826 16.316458
 29960.000000 -844731.812500 794.238974 3.271170 3.471730 16.623158
 29980.000000 -845374.000000 793.417816 3.157699 3.654659 16.745000
 30000.000000 -846421.312500 793.523742 3.399903 3.368499 16.466248
 30020.000000 -843958.500000 794.211038 3.383058 3.594781 16.547614
 30040.000000 -845205.375000 793.733217 3.191080 3.267351 16.381097
 30060.000000 -844795.562500 795.362788 3.475237 3.312649 16.382375
 30080.000000 -845946.437500 792.444917 3.371763 3.245024 16.223367
 30100.000000 -848028.875000 793.117893 3.684539 3.100028 16.632754
 30120.000000 -844481.812500 794.687304 3.487793 3.016282 16.644394
 30140.000000 -845704.125000 794.841802 3.564807 3.268972 16.569989
 30160.000000 -846408.875000 794.206287 3.419516 3.011821 16.472606
 30180.000000 -844518.375000 798.022192 3.220799 3.182525 16.687434
 30200.000000 -847275.562500 791.825988 3.240892 3.292256 16.380828
 30220.000000 -844697.250000 794.027223 3.208386 3.425816 16.300418
 30240.000000 -847129.812500 793.710700 3.215009 3.122881 15.974855
 30260.000000 -846664.000000 792.343685 3.187696 3.434178 16.410612
 30280.000000 -844158.062500 793.739610 3.266395 3.920672 16.737315
 30300.000000 -846648.562500 796.134057 3.200048 3.690879 16.315656
 30320.000000 -844547.937500 794.385270 3.316614 3.549899 16.571239
 30340.000000 -845446.937500 792.226348 3.357307 3.376103 16.694138
 30360.000000 -844888.750000 793.973761 3.429073 3.448018 16.360655
 30380.000000 -845225.250000 791.127981 3.483592 3.098601 16.273306
 30400.000000 -846329.812500 791.785976 3.386365 3.252488 16.711200
 30420.000000 -845876.875000 794.910781 3.355121 3.195227 16.678888
 30440.000000 -844361.687500 795.617306 3.212913 3.187068 16.567421
 30460.000000 -846172.750000 794.374725 3.211660 3.458738 16.676510
 30480.000000 -844908.000000 795.207630 3.275182 3.414637 16.599236
 30500.000000 -844967.625000 795.355891 3.417761 3.266023 16.525617
 30520.000000 -846045.125000 793.459641 3.227323 3.629079 16.366512
 30540.000000 -846032.562500 792.845847 3.316498 3.733228 16.750928
 30560.000000 -846040.500000 796.017354 3.540299 3.574047 16.620655
 30580.000000 -847719.187500 794.458103 3.769147 3.554483 16.504530
 30600.000000 -845048.812500 793.665373 3.359957 3.393718 16.473370
 30620.000000 -845510.187500 794.281308 3.329034 3.586614 16.602730
 30640.000000 -845262.625000 796.189825 3.666920 3.551216 16.560485
 30660.000000 -845978.750000 793.674262 3.201378 3.521273 16.469307
 30680.000000 -846338.187500 796.435845 3.157277 3.634685 16.530767
 30700.000000 -846443.812500 791.563099 3.408600 3.499159 16.442181
 30720.000000 -844696.500000 796.985187 3.165057 3.605063 16.703220
 30740.000000 -846904.250000 790.921480 3.200512 3.539998 16.484463
 30760.000000 -848052.125000 792.960631 3.287184 3.370753 16.654368
 30780.000000 -846585.937500 792.996212 3.099364 3.479707 16.363723
 30800.000000 -846533.812500 792.903286 3.205126 3.456405 16.492816
 30820.000000 -845134.875000 792.272520 3.103127 3.428855 16.665699
 30840.000000 -844502.812500 794.991104 2.973873 3.531332 16.511377
 30860.000000 -846374.062500 795.247442 3.155531 3.359031 16.507077
 30880.000000 -843646.750000 794.856660 3.273134 3.302027 16.558867
 30900.000000 -845317.562500 794.916679 3.539495 3.233048 16.266412
 30920.000000 -843352.062500 794.584890 3.690997 3.435178 16.464786
 30940.000000 -846040.125000 790.656457 3.449126 3.436665 16.684661
 30960.000000 -845505.562500 791.962361 3.727838 3.366515 16.557066
 30980.000000 -845590.250000 793.287978 3.766786 3.572378 16.660337
 31000.000000 -846071.062500 791.099639 3.522766 3.205864 16.485897
 31020.000000 -842006.562500 795.291599 3.584492 3.390283 16.576017
 31040.000000 -845834.000000 794.678865 3.631194 3.391094 16.439351
 31060.000000 -845164.750000 794.781226 3.271918 3.513800 16.374937
 31080.000000 -845410.625000 793.753437 3.327270 3.647588 16.141695
 31100.000000 -847224.312500 794.250384 3.335377 3.476811 16.306243
 31120.000000 -846582.625000 793.550586 3.219188 3.403880 16.563555
 31140.000000 -844381.562500 793.767728 3.287492 3.315170 16.451554
 31160.000000 -845917.500000 792.349149 3.325145 3.604702 16.625648
 31180.000000 -845986.000000 792.213890 3.558305 3.441291 16.418590
 31200.000000 -846779.375000 793.642471 3.548715 3.712994 16.427972
 31220.000000 -846700.625000 792.144533 3.714771 3.480125 16.509357
 31240.000000 -846080.875000 792.091390 3.454429 3.540396 16.351524
 31260.000000 -846757.312500 790.137699 3.558802 3.520298 16.515706
 31280.000000 -844227.375000 793.470601 3.518508 3.592639 16.778804
 31300.000000 -845236.687500 794.773489 3.235518 3.653318 16.670323
 31320.000000 -845536.375000 792.579989 3.573971 3.615902 16.681073
 31340.000000 -844656.187500 792.121962 3.398820 3.648472 16.632265
 31360.000000 -846090.687500 792.748592 3.035551 3.340544 16.799082
 31380.000000 -845528.687500 794.766351 3.240621 3.582849 16.677907
 31400.000000 -845018.125000 795.534090 3.438282 3.620937 16.719406
 31420.000000 -845792.750000 790.880694 3.466613 3.343720 16.560080
 31440.000000 -844701.500000 792.143983 3.505072 3.532611 16.381584
 31460.000000 -845835.625000 790.022712 3.694413 3.423321 16.354484
 31480.000000 -846154.625000 794.895968 3.540282 3.628891 16.534835
 31500.000000 -843580.687500 794.968770 3.400375 3.401517 16.481304
 31520.000000 -845465.312500 793.173842 3.364467 3.544948 16.508499
 31540.000000 -844001.000000 795.868749 3.774389 3.333104 16.649840
 31560.000000 -844657.125000 792.773143 3.845650 3.488388 16.487023
 31580.000000 -843748.875000 795.550186 3.713638 3.407811 16.318753
 31600.000000 -844665.937500 795.196684 3.426682 3.318384 16.449469
 31620.000000 -843833.937500 794.230191 3.362030 3.459005 16.460817
 31640.000000 -845769.562500 795.223415 3.339205 3.601106 16.262820
 31660.000000 -845993.312500 793.492365 3.303623 3.503753 16.270588
 31680.000000 -847911.937500 794.485387 3.372102 3.293150 16.466321
 31700.000000 -845452.000000 793.050079 3.371312 3.427327 16.721032
 31720.000000 -844666.375000 792.130333 3.198083 3.148300 16.691868
 31740.000000 -844870.875000 793.246731 3.411570 3.562519 16.574864
 31760.000000 -845332.875000 793.864840 3.341315 3.506126 16.567981
 31780.000000 -846312.562500 793.737327 3.322852 3.379498 16.612861
 31800.000000 -843592.000000 796.245266 3.347617 3.447746 16.567342
 31820.000000 -845757.375000 793.447167 3.401896 3.437506 16.357011
 31840.000000 -845216.750000 796.349932 2.928491 3.555328 16.461767
 31860.000000 -843830.687500 794.383738 3.145006 3.196916 16.316487
 31880.000000 -846284.750000 793.924985 3.184177 3.263354 16.325815
 31900.000000 -847027.625000 791.838253 3.196688 3.304980 16.629433
 31920.000000 -845524.000000 794.337588 3.405934 3.315565 16.752053
 31940.000000 -844602.437500 790.992124 3.546361 3.319355 16.337401
 31960.000000 -845758.937500 793.838453 3.644624 3.643716 16.103354
 31980.000000 -845394.875000 795.510633 3.424828 3.154345 16.156433
 32000.000000 -846239.437500 793.091550 3.335840 3.442740 16.882670
 32020.000000 -844517.437500 793.593690 3.268516 3.644329 16.580444
 32040.000000 -845813.750000 795.762604 3.173223 3.534753 16.502614
 32060.000000 -846691.125000 792.996847 3.148471 3.430389 16.732454
 32080.000000 -844488.562500 795.057564 3.143382 3.420389 16.620490
 32100.000000 -843015.875000 794.712671 3.184695 3.418328 16.583256
 32120.000000 -845212.437500 795.069051 3.330254 3.702015 16.690412
 32140.000000 -846890.625000 795.233902 3.608679 3.120909 16.554967
 32160.000000 -844971.125000 791.499394 3.112624 3.162485 16.305088
 32180.000000 -845949.687500 793.289898 3.393395 3.221280 16.427940
 32200.000000 -844494.625000 794.059505 3.528183 3.402717 16.400873
 32220.000000 -844411.375000 795.761256 3.467604 3.708536 16.491341
 32240.000000 -843822.562500 795.949811 3.635993 3.447371 16.292388
 32260.000000 -844790.250000 794.565909 3.418304 3.349787 16.521075
 32280.000000 -844957.312500 793.024640 3.278159 3.145044 16.568499
 32300.000000 -844758.750000 795.827925 3.203828 3.365952 16.574570
 32320.000000 -844705.687500 794.099613 3.139838 3.293220 16.468052
 32340.000000 -843789.375000 796.684444 3.393699 3.170244 16.744700
 32360.000000 -844999.125000 795.032859 3.507347 3.228347 16.463827
 32380.000000 -846091.000000 795.425975 3.372415 3.379750 16.530380
 32400.000000 -844974.062500 794.990407 3.065797 3.497580 16.701329
 32420.000000 -844760.250000 795.432266 3.551627 3.163327 16.534251
 32440.000000 -847070.625000 794.405143 3.778525 3.455064 16.590450
 32460.000000 -845070.250000 796.789300 3.527493 3.698290 16.653748
 32480.000000 -846900.312500 795.312234 3.323138 3.749209 16.295502
 32500.000000 -845213.062500 794.751706 3.503815 3.504218 16.246002
 32520.000000 -846064.062500 793.572699 3.511937 3.264548 16.567270
 32540.000000 -843921.562500 794.977290 3.346525 3.462309 16.549152
 32560.000000 -846571.312500 793.349896 3.575392 3.335399 16.742210
 32580.000000 -844539.812500 793.088755 3.623077 3.319991 16.560631
 32600.000000 -844367.937500 796.397583 3.324327 3.368800 16.395401
 32620.000000 -844072.625000 795.008766 3.329223 3.288931 16.496161
 32640.000000 -844235.437500 794.133163 3.134436 3.516147 16.608804
 32660.000000 -843570.437500 792.820906 3.093584 3.477567 16.433482
 32680.000000 -846321.562500 791.888114 3.295876 3.523115 16.374585
 32700.000000 -846503.500000 793.161052 3.526376 3.472052 16.359571
 32720.000000 -844586.312500 794.226399 3.541008 3.411392 16.402880
 32740.000000 -845122.625000 793.568317 3.397299 3.283002 16.405015
 32760.000000 -844342.875000 795.327937 3.376758 3.296977 16.356526
 32780.000000 -845729.000000 791.858298 3.381290 3.389489 16.541273
 32800.000000 -845293.875000 795.516358 3.232905 3.173204 16.395331
 32820.000000 -842923.375000 796.437547 3.214584 3.452593 16.299946
 32840.000000 -846176.937500 796.060646 3.337688 3.173004 16.100015
 32860.000000 -843796.750000 797.830478 3.545177 3.415988 16.241689
 32880.000000 -847887.187500 794.175984 3.401397 3.659527 16.410886
 32900.000000 -845134.750000 794.024910 3.376714 3.378243 16.380319
 32920.000000 -845229.500000 794.582735 3.433353 3.410571 16.414237
 32940.000000 -843368.500000 796.480322 3.667914 3.403960 16.556227
 32960.000000 -845657.187500 792.889220 3.534811 3.245379 16.609635
 32980.000000 -844749.125000 795.902587 3.196632 3.279256 16.688724
 33000.000000 -846182.437500 792.659762 3.374867 3.282982 16.471735
 33020.000000 -846516.625000 795.572544 3.360177 3.320991 16.580859
 33040.000000 -844825.937500 794.703538 3.470778 3.376630 16.684550
 33060.000000 -845123.750000 793.340831 3.687866 3.213588 16.638015
 33080.000000 -845914.562500 792.385243 3.827025 3.739349 16.583584
 33100.000000 -846580.625000 792.970469 3.621386 3.531431 16.453857
 33120.000000 -844128.875000 793.923492 3.539267 3.287297 16.214475
 33140.000000 -844158.562500 794.346949 3.580277 3.107938 16.282726
 33160.000000 -846578.125000 794.046186 3.330493 3.605390 16.330689
 33180.000000 -845745.250000 793.415109 3.165122 3.382055 16.520958
 33200.000000 -845392.875000 792.966047 3.234156 3.322032 16.431520
 33220.000000 -845649.125000 794.678600 3.309417 3.367409 16.288665
 33240.000000 -843911.500000 795.609392 3.067600 3.509598 16.498132
 33260.000000 -844912.125000 793.981954 3.413485 3.707276 16.470068
 33280.000000 -845425.875000 795.068653 3.340672 3.356061 16.190061
 33300.000000 -843920.250000 793.524923 3.242274 3.455938 16.236139
 33320.000000 -845797.375000 792.666311 3.674435 3.329887 16.499964
 33340.000000 -846290.375000 792.166751 3.322116 3.304451 16.394097
 33360.000000 -844753.000000 793.002222 3.538743 3.251474 16.400874
 33380.000000 -845718.250000 792.204790 3.177013 3.226130 16.413112
 33400.000000 -844917.937500 795.384719 3.202963 3.305625 16.371875
 33420.000000 -846934.062500 792.966101 3.184829 3.359392 16.453945
 33440.000000 -847500.312500 790.212661 3.022410 3.370965 16.533928
 33460.000000 -846901.375000 793.790726 3.357793 3.492164 16.589398
 33480.000000 -845223.562500 795.276984 3.102137 3.457269 16.531502
 33500.000000 -846132.250000 795.126154 3.463134 3.425130 16.563046
 33520.000000 -845083.000000 793.451533 3.180166 3.365548 16.502871
 33540.000000 -846882.437500 793.561404 3.537038 3.257303 16.453475
 33560.000000 -844671.750000 793.110143 3.489673 3.734521 16.374052
 33580.000000 -845554.125000 791.704556 3.414866 3.658788 16.588898
 33600.000000 -845786.750000 793.921983 3.074871 3.684178 16.501746
 33620.000000 -844480.812500 793.428785 3.657469 3.305862 16.375150
 33640.000000 -846599.500000 794.633855 3.571433 3.325758 16.628290
 33660.000000 -844170.062500 794.741145 3.475189 3.260039 16.676726
 33680.000000 -844066.625000 796.438269 3.306299 3.574796 16.617370
 33700.000000 -843678.062500 795.239369 3.328125 3.372911 16.457584
 33720.000000 -845304.812500 794.286398 3.221826 3.130551 16.432301
 33740.000000 -845733.812500 793.440668 3.405803 3.096059 16.324199
 33760.000000 -844369.125000 794.774023 3.400395 3.521063 16.268558
 33780.000000 -843872.375000 794.787320 3.362009 3.337194 16.453528
 33800.000000 -846380.312500 794.169136 3.401577 3.265752 16.528328
 33820.000000 -846995.625000 793.568070 3.474452 3.682576 16.428041
 33840.000000 -845800.750000 792.694250 3.353230 3.703310 16.360307
 33860.000000 -845622.375000 793.625026 3.431606 3.425121 16.453576
 33880.000000 -844757.625000 795.935675 3.130765 3.513646 16.690698
 33900.000000 -845455.500000 793.067291 3.344480 3.244682 16.505786
 33920.000000 -845917.125000 794.846216 3.411899 3.379009 16.497938
 33940.000000 -844234.312500 796.982882 3.425433 3.370197 16.502044
 33960.000000 -844845.187500 794.087211 3.106115 3.466745 16.433649
 33980.000000 -844823.812500 793.440595 3.367984 3.368934 16.465037
 34000.000000 -842597.750000 796.385472 3.688986 3.297396 16.439749
 34020.000000 -842798.500000 793.981254 3.577756 3.388004 16.522422
 34040.000000 -846606.125000 794.076690 3.422983 3.642082 16.493032
 34060.000000 -843576.812500 794.853391 3.302969 3.618771 16.609870
 34080.000000 -844623.812500 795.292094 3.295375 3.436957 16.614368
 34100.000000 -843853.562500 795.170011 3.089139 3.344680 16.757129
 34120.000000 -845338.812500 794.127596 3.437337 3.416040 16.581587
 34140.000000 -844804.000000 794.908240 3.417514 3.468453 16.497856
 34160.000000 -844746.500000 794.912563 3.188818 3.481918 16.583429
 34180.000000 -843570.875000 792.302063 3.536113 3.674945 16.716317
 34200.000000 -842830.125000 795.326961 3.557371 3.407093 16.850378
 34220.000000 -843898.312500 794.070873 3.387590 3.559159 16.630766
 34240.000000 -844860.750000 792.801627 3.147438 3.107231 16.493126
 34260.000000 -845140.937500 794.230523 3.313413 3.459847 16.533837
 34280.000000 -846426.375000 794.511813 3.627534 3.493028 16.674489
 34300.000000 -843773.812500 794.866071 3.440918 3.214251 16.573127
 34320.000000 -844266.500000 794.994257 3.398700 3.241910 16.653128
 34340.000000 -844557.937500 790.318454 3.394285 3.519348 16.571817
 34360.000000 -844938.062500 793.671231 3.099382 3.724338 16.531061
 34380.000000 -845025.812500 794.893337 3.340944 3.463314 16.661690
 34400.000000 -844560.687500 795.186181 3.712885 3.312566 16.475645
 34420.000000 -845562.187500 792.963625 3.416140 3.212121 16.537802
 34440.000000 -844781.500000 795.552580 3.337738 3.345356 16.684657
 34460.000000 -843906.375000 796.075127 3.255418 3.090715 16.425273
 34480.000000 -845444.375000 794.345928 3.340510 3.273270 16.386842
 34500.000000 -844723.000000 793.244964 3.375427 3.395561 16.664740
 34520.000000 -845625.500000 794.284322 3.369691 3.113131 16.518465
 34540.000000 -844098.437500 796.230300 3.007569 3.523052 16.375920
 34560.000000 -843868.000000 796.258717 3.098770 3.528505 16.458640
 34580.000000 -845132.437500 794.835518 3.129613 3.698645 16.260104
 34600.000000 -843732.125000 794.225492 3.167489 3.645332 16.539232
 34620.000000 -843663.250000 794.234488 3.294199 3.638766 16.385764
 34640.000000 -845617.625000 794.851512 3.535204 3.265721 16.404388
 34660.000000 -845005.062500 795.828535 3.554860 3.429813 16.199064
 34680.000000 -845857.250000 789.653875 3.345192 3.569449 16.388699
 34700.000000 -844074.562500 794.471395 3.213018 3.506178 16.481547
 34720.000000 -843378.875000 795.387339 3.119562 3.750880 16.447614
 34740.000000 -845329.875000 792.115902 3.065456 3.638212 16.430781
 34760.000000 -844723.562500 794.352286 3.253721 3.426201 16.245079
 34780.000000 -845128.250000 791.826809 3.362671 3.420890 16.412065
 34800.000000 -846682.562500 793.423052 3.446165 3.374426 16.427684
 34820.000000 -846454.062500 793.729525 3.531735 3.261128 16.521390
 34840.000000 -845221.937500 793.160017 3.512891 3.491325 16.630558
 34860.000000 -845908.437500 792.038733 3.127622 3.229973 16.362924
 34880.000000 -845902.312500 793.101445 3.224888 3.489444 16.195753
 34900.000000 -844532.937500 795.902584 3.394585 3.710651 16.359661
 34920.000000 -844997.312500 796.727452 3.364640 3.447736 16.260746
 34940.000000 -844580.437500 796.562078 3.697583 3.566705 16.467341
 34960.000000 -846436.875000 793.555298 3.798165 3.279466 16.599021
 34980.000000 -846414.437500 795.404412 3.604088 3.179271 16.364952
 35000.000000 -845049.875000 791.996790 3.687655 3.320200 16.392684
 35020.000000 -844896.000000 794.918043 3.360292 3.238545 16.483860
 35040.000000 -847127.937500 792.338311 3.393586 3.396352 16.442451
 35060.000000 -845240.687500 793.894532 3.013410 3.424084 16.378188
 35080.000000 -844491.250000 795.409264 3.350796 3.345410 16.267986
 35100.000000 -847167.312500 794.801560 3.407689 3.400025 16.278531
 35120.000000 -844282.437500 795.216099 3.144743 3.484442 16.420592
 35140.000000 -845718.812500 791.918338 3.151297 3.481392 16.461365
 35160.000000 -844627.562500 796.318447 3.350536 3.594450 16.573889
 35180.000000 -845725.687500 793.743427 3.649675 3.374074 16.541228
 35200.000000 -845341.250000 795.968576 3.086511 3.500657 16.699071
 35220.000000 -844255.187500 795.101649 3.631792 3.143788 16.580239
 35240.000000 -844341.250000 793.760824 3.698092 3.169368 16.565278
 35260.000000 -845863.812500 795.159300 3.452870 3.232873 16.482027
 35280.000000 -844020.437500 793.592173 3.229048 3.406356 16.526672
 35300.000000 -842829.500000 797.858673 3.016867 3.395385 16.531551
 35320.000000 -844418.062500 792.968394 3.107389 3.409732 16.593546
 35340.000000 -844881.875000 795.298400 3.220529 3.568492 16.406044
 35360.000000 -844126.062500 792.985772 3.337730 3.300869 16.403058
 35380.000000 -845124.312500 795.681011 3.295513 3.273230 16.721476
 35400.000000 -844970.625000 793.106037 3.298885 3.524251 16.746673
 35420.000000 -844906.625000 791.323671 3.381688 3.569080 16.601164
 35440.000000 -845213.500000 796.138428 2.964703 3.318812 16.781660
 35460.000000 -845296.000000 794.041148 3.369537 3.509358 16.534130
 35480.000000 -843728.937500 792.969695 3.698121 3.319664 16.466008
 35500.000000 -844590.937500 794.746181 3.570651 3.159574 16.476052
 35520.000000 -846766.562500 791.789818 3.584154 3.240249 16.381342
 35540.000000 -844335.625000 797.306294 3.509775 3.275667 16.387399
 35560.000000 -844697.125000 795.977252 3.537540 3.219247 16.524410
 35580.000000 -845803.250000 792.966583 3.456913 3.181809 16.397935
 35600.000000 -846363.562500 793.351322 3.193973 3.137762 16.544719
 35620.000000 -845519.187500 791.976062 3.455908 3.002985 16.443294
 35640.000000 -845383.937500 795.616034 3.327750 3.182164 16.416067
 35660.000000 -845888.187500 795.713468 3.391763 3.254524 16.447283
 35680.000000 -843968.687500 792.948955 3.131189 3.167105 16.266761
 35700.000000 -843284.312500 795.674304 3.203462 3.346103 16.460702
 35720.000000 -844167.437500 796.142591 3.427555 3.050780 16.303166
 35740.000000 -842754.250000 793.102859 3.381073 3.298610 16.386146
 35760.000000 -845024.875000 793.487063 3.605948 3.358287 16.455227
 35780.000000 -845143.375000 795.974343 3.525426 3.409358 16.228462
 35800.000000 -846506.437500 793.649272 3.326788 3.304929 16.304999
 35820.000000 -845260.125000 793.343820 3.399363 3.287569 16.462131
 35840.000000 -848005.500000 791.650513 3.485055 3.351852 16.575535
 35860.000000 -845683.250000 793.694364 3.467065 3.456242 16.405954
 35880.000000 -844589.750000 792.714375 3.713262 3.235293 16.501657
 35900.000000 -844957.062500 796.658790 3.235216 3.224366 16.797503
 35920.000000 -845134.375000 795.451544 3.323077 3.278694 16.606921
 35940.000000 -844563.812500 794.532015 3.527863 3.345730 16.378087
 35960.000000 -844202.062500 795.985963 3.605143 3.120892 16.573228
 35980.000000 -845366.375000 793.835116 3.446579 3.287600 16.424552
 36000.000000 -844559.937500 793.066938 3.360215 3.371574 16.510145
 36020.000000 -846368.500000 791.805182 3.076035 3.417709 16.357899
 36040.000000 -844329.000000 793.423587 3.004476 3.369524 16.673776
 36060.000000 -844688.375000 796.016169 3.014020 3.218709 16.609885
 36080.000000 -843284.062500 793.174989 3.021327 3.120997 16.394961
 36100.000000 -844456.187500 795.691255 3.213412 3.248394 16.708624
 36120.000000 -843320.750000 795.228980 3.447714 3.236363 16.652666
 36140.000000 -843931.750000 794.433090 3.354060 3.276747 16.620349
 36160.000000 -844001.875000 796.632707 3.143781 3.307749 16.556739
 36180.000000 -845419.562500 793.863989 2.962261 3.431704 16.372673
 36200.000000 -845111.937500 796.466124 3.198174 3.348773 16.613274
 36220.000000 -844948.937500 794.645159 3.346397 3.558666 16.280019
 36240.000000 -845317.375000 796.304445 3.541395 3.642931 16.318473
 36260.000000 -844583.187500 795.781183 3.474236 3.484906 16.314523
 36280.000000 -843130.250000 795.309183 3.448806 3.479885 16.269579
 36300.000000 -845342.125000 792.422733 3.330250 3.605972 16.241381
 36320.000000 -845480.937500 793.227662 3.196381 3.743053 16.196573
 36340.000000 -846286.187500 792.841206 3.278906 3.507545 16.444535
 36360.000000 -844754.937500 794.390957 3.413999 3.597358 16.659735
 36380.000000 -844216.062500 798.141416 3.121688 3.433337 16.654846
 36400.000000 -843944.062500 795.246912 3.448821 3.324505 16.770896
 36420.000000 -844712.812500 795.257857 3.396907 3.254526 16.749110
 36440.000000 -844797.375000 795.434754 3.030471 3.208665 16.750134
 36460.000000 -844700.312500 794.531962 3.154552 3.474510 16.625808
 36480.000000 -843851.937500 795.231977 3.436943 3.683038 16.472421
 36500.000000 -845972.375000 797.019693 3.430401 3.246331 16.657650
 36520.000000 -846252.250000 793.809412 3.382130 3.231339 16.461075
 36540.000000 -844413.125000 795.583476 3.725628 3.264549 16.504129
 36560.000000 -846023.937500 790.331407 3.732230 3.363480 16.599607
 36580.000000 -844178.750000 794.403388 3.287937 3.364634 16.566587
 36600.000000 -845409.062500 792.846443 3.208873 3.184834 16.502438
 36620.000000 -844927.812500 794.118210 3.407331 3.441570 16.513624
 36640.000000 -846297.375000 789.848755 3.234872 3.298215 16.348842
 36660.000000 -844522.062500 794.666376 3.324603 3.435063 16.616565
 36680.000000 -845405.062500 792.698303 3.437356 3.673114 16.336797
 36700.000000 -845831.875000 794.412143 3.463654 3.676014 16.341546
 36720.000000 -846093.750000 794.731191 3.529333 3.526784 16.373138
 36740.000000 -844900.250000 793.179075 3.448173 3.713069 16.476933
 36760.000000 -844903.062500 796.298535 3.350416 3.410991 16.402530
 36780.000000 -845174.812500 791.285714 3.151014 3.368659 16.521709
 36800.000000 -847137.750000 791.367895 3.414754 3.493947 16.528194
 36820.000000 -844906.000000 793.724895 3.029043 3.557151 16.660836
 36840.000000 -845084.750000 795.260196 3.406250 3.516783 16.576460
 36860.000000 -846207.687500 792.389614 3.813634 3.355067 16.327473
 36880.000000 -847486.625000 792.387649 3.494813 3.178026 16.455136
 36900.000000 -843885.125000 793.437711 3.539519 3.428081 16.477378
 36920.000000 -843954.687500 794.836924 3.536746 3.552264 16.366945
 36940.000000 -844612.437500 791.864961 3.364199 3.418906 16.870134
 36960.000000 -845374.625000 795.421280 3.442177 3.310714 16.594666
 36980.000000 -844034.312500 796.841964 3.681142 3.360296 16.465391
 37000.000000 -844866.187500 794.232062 3.367326 3.682892 16.285034
 37020.000000 -844315.125000 794.972346 3.738221 3.618061 16.507148
 37040.000000 -845884.437500 792.383968 3.579126 3.429483 16.700104
 37060.000000 -844109.750000 794.005849 3.394399 3.351275 16.783116
 37080.000000 -842667.125000 794.242759 3.657011 3.045511 16.507593
 37100.000000 -845142.375000 795.346592 3.322225 3.250670 16.553105
 37120.000000 -844590.000000 793.734907 3.293375 3.473906 16.665655
 37140.000000 -844087.562500 793.347486 3.237859 3.656041 16.478605
 37160.000000 -845004.812500 795.335696 3.363329 3.682890 16.538602
 37180.000000 -846360.625000 793.139507 3.203128 3.512316 16.268804
 37200.000000 -843076.875000 793.328300 3.500915 3.323599 16.244377
 37220.000000 -844383.437500 796.325859 3.680874 3.168704 16.506802
 37240.000000 -844200.125000 793.596380 3.562763 3.464496 16.494151
 37260.000000 -845048.062500 794.854048 3.615994 3.512968 16.439885
 37280.000000 -846083.187500 792.274973 3.506350 3.315927 16.311757
 37300.000000 -844108.687500 792.031385 3.546346 3.621227 16.432490
 37320.000000 -845433.687500 795.873804 3.724657 3.612965 16.504157
 37340.000000 -844562.437500 794.546515 3.427956 3.563500 16.673701
 37360.000000 -845238.562500 795.635178 3.367752 3.577102 16.368397
 37380.000000 -845634.875000 795.919813 3.145592 3.428159 16.504685
 37400.000000 -844664.875000 796.383798 3.355248 3.396008 16.376165
 37420.000000 -843706.250000 794.861375 3.074225 3.385533 16.164779
 37440.000000 -843168.375000 796.495832 3.211631 3.360228 16.362471
 37460.000000 -846341.312500 790.929091 3.532459 3.283790 16.461901
 37480.000000 -843426.937500 796.667912 3.442043 3.046093 16.551155
 37500.000000 -843534.312500 793.592559 3.415596 3.187112 16.681258
 37520.000000 -845063.062500 794.493789 3.539927 3.297430 16.539498
 37540.000000 -843229.500000 793.460623 3.106837 3.450905 16.401040
 37560.000000 -846980.062500 794.013070 3.260157 3.559192 16.339795
 37580.000000 -843738.312500 794.564252 3.465450 3.563061 16.329957
 37600.000000 -845771.125000 793.105872 3.444223 3.435532 16.456208
 37620.000000 -845016.375000 795.304382 3.400503 3.153163 16.400876
 37640.000000 -844776.250000 792.407402 3.151551 3.423417 16.238001
 37660.000000 -845366.187500 795.258549 3.498253 3.326472 16.184948
 37680.000000 -845023.562500 795.493170 3.270184 3.503581 16.482632
 37700.000000 -843546.437500 796.691163 3.322016 3.426266 16.232638
 37720.000000 -845787.312500 794.218159 3.479347 3.418873 16.463568
 37740.000000 -846582.312500 792.933949 3.335746 3.417032 16.221889
 37760.000000 -846011.625000 795.463874 3.434640 3.536865 16.684815
 37780.000000 -845068.187500 793.525229 3.513934 3.404898 16.811088
 37800.000000 -844203.062500 794.906448 3.548123 3.431331 16.461746
 37820.000000 -845311.750000 792.568846 3.576734 3.177662 16.528458
 37840.000000 -843380.125000 792.876253 3.524998 3.420428 16.576158
 37860.000000 -845744.250000 793.347062 3.606345 3.584924 16.571088
 37880.000000 -844171.062500 792.710084 3.409911 3.737180 16.566200
 37900.000000 -844282.187500 795.576759 3.248752 3.235322 16.564362
 37920.000000 -845821.312500 795.751861 3.623389 3.295107 16.751583
 37940.000000 -845193.812500 791.598633 3.731628 3.596135 16.693644
 37960.000000 -846483.500000 791.183334 3.470686 3.297224 16.713789
 37980.000000 -846672.937500 791.217926 3.244913 3.371029 16.632921
 38000.000000 -845866.562500 793.931735 3.207383 3.249833 16.442681
 38020.000000 -846188.812500 792.985160 3.267415 3.549202 16.310412
 38040.000000 -845391.312500 794.392811 3.156379 3.513607 16.682029
 38060.000000 -845902.375000 792.850777 3.111310 3.323278 16.882334
 38080.000000 -844648.687500 794.737469 3.418441 3.280196 16.706607
 38100.000000 -845918.500000 792.487949 3.653073 3.484442 16.543251
 38120.000000 -844279.562500 794.265394 3.446734 3.270998 16.507979
 38140.000000 -844984.875000 795.184057 3.542902 3.353348 16.582826
 38160.000000 -845110.312500 793.265934 3.524538 3.303034 16.460863
 38180.000000 -844238.625000 794.661759 3.324704 3.695598 16.358137
 38200.000000 -844610.062500 793.933328 3.203745 3.598153 16.336241
 38220.000000 -844892.750000 792.076571 3.328521 3.575982 16.527100
 38240.000000 -845907.812500 792.743389 3.568856 3.623205 16.629834
 38260.000000 -846375.250000 795.152440 3.421834 3.532431 16.769187
 38280.000000 -845734.187500 796.911096 3.546264 3.466599 16.587595
 38300.000000 -842877.562500 795.834386 3.459931 3.334107 16.767728
 38320.000000 -844728.500000 795.965908 3.238630 3.715056 16.566656
 38340.000000 -845310.125000 794.177141 3.342951 3.232403 16.654795
 38360.000000 -846383.500000 791.577756 3.550140 3.367210 16.358232
 38380.000000 -844902.187500 793.708161 3.530369 3.376106 16.397773
 38400.000000 -845286.687500 792.553662 3.570843 3.598648 16.174524
 38420.000000 -846462.625000 793.355579 3.352245 3.517610 16.273568
 38440.000000 -843376.625000 796.951270 3.313890 3.570222 16.236459
 38460.000000 -842712.750000 797.780719 3.320411 3.476476 16.261409
 38480.000000 -844834.750000 794.156225 3.552448 3.431176 16.425898
 38500.000000 -845476.312500 795.181977 3.360088 3.286301 16.225912
 38520.000000 -844369.187500 794.767575 3.442261 3.303761 16.581873
 38540.000000 -843184.000000 793.993545 3.538475 3.351944 16.661806
 38560.000000 -844781.437500 792.133182 3.367510 3.457226 16.461504
 38580.000000 -845911.250000 795.068768 3.400358 3.607472 16.637427
 38600.000000 -845196.250000 795.163772 3.441989 3.257621 16.609543
 38620.000000 -845920.187500 795.091091 3.616577 3.614480 16.633377
 38640.000000 -846449.562500 792.758737 3.386010 3.367610 16.615045
 38660.000000 -845261.250000 793.967905 3.156510 3.345473 16.361827
 38680.000000 -844752.750000 794.180562 3.448566 3.271711 16.384065
 38700.000000 -845793.875000 795.829040 3.687010 3.311140 16.295751
 38720.000000 -844952.000000 795.753386 3.491541 3.253164 16.366439
 38740.000000 -844513.937500 794.577352 3.620826 3.275621 16.491639
 38760.000000 -845748.312500 794.466522 3.392914 3.404547 16.742924
 38780.000000 -844102.625000 796.896975 3.320162 3.407235 16.415942
 38800.000000 -843603.812500 795.235294 3.371268 3.315448 16.270113
 38820.000000 -843330.437500 792.333044 3.557856 3.352685 16.485810
 38840.000000 -846443.500000 792.947657 3.406081 3.255408 16.570943
 38860.000000 -844189.625000 795.255027 3.086771 3.054479 16.399809
 38880.000000 -845247.437500 793.007625 3.270523 3.452704 16.371077
 38900.000000 -845588.125000 793.388116 3.058382 3.383780 16.251628
 38920.000000 -846153.187500 791.745838 3.248015 3.214004 16.536131
 38940.000000 -845529.125000 792.465833 3.525088 3.318328 16.502159
 38960.000000 -847194.750000 790.409936 3.202113 3.196558 16.517709
 38980.000000 -845649.375000 794.516882 3.241037 3.254480 16.829674
 39000.000000 -845170.187500 793.224996 3.267614 3.315477 16.678204
 39020.000000 -844571.375000 794.940403 3.354387 3.289439 16.563918
 39040.000000 -843707.062500 795.001909 3.212696 3.217595 16.442826
 39060.000000 -843774.937500 793.273547 2.942782 3.010542 16.410493
 39080.000000 -844472.937500 795.226845 3.077721 3.493637 16.598702
 39100.000000 -845418.375000 795.244848 3.383102 3.253723 16.678735
 39120.000000 -846623.562500 797.374251 3.372823 3.476932 17.163173
 39140.000000 -844387.062500 802.526537 3.540904 3.698947 8.197260
 39160.000000 -843311.625000 801.052747 2.949358 3.825717 10.266281
 39180.000000 -844231.500000 797.534408 3.345773 3.504349 12.468265
 39200.000000 -843874.312500 795.526204 3.218419 3.438175 14.893192
 39220.000000 -844458.125000 797.180617 3.297754 3.635007 16.007353
 39240.000000 -846921.812500 793.607932 3.079624 3.123769 16.545478
 39260.000000 -844430.562500 792.554760 3.209032 3.451315 16.938074
 39280.000000 -846359.937500 792.302897 3.508522 3.490568 16.600905
 39300.000000 -845714.437500 795.077198 3.591575 3.581871 16.347567
 39320.000000 -844977.812500 796.257725 3.395650 3.581109 16.469069
 39340.000000 -843679.250000 797.873067 3.439403 3.347037 16.357169
 39360.000000 -846749.562500 793.863576 3.658144 3.338077 16.246999
 39380.000000 -846488.125000 794.585860 3.412525 3.274500 16.343992
 39400.000000 -845033.000000 792.259945 3.210785 3.408645 16.722195
 39420.000000 -847325.687500 793.227236 3.316619 3.734152 16.510424
 39440.000000 -844025.187500 795.458677 3.340228 3.202415 16.485130
 39460.000000 -846745.375000 797.016916 3.505810 3.392132 16.260337
 39480.000000 -844642.312500 796.146893 3.563918 3.566666 16.223453
 39500.000000 -845239.937500 794.788632 3.052543 3.425740 16.540851
 39520.000000 -845414.375000 793.632001 3.556415 3.499507 16.549208
 39540.000000 -844342.250000 794.086002 3.276154 3.340554 16.645837
 39560.000000 -843039.375000 796.310171 3.333997 3.372085 16.588265
 39580.000000 -845091.187500 796.904881 3.609261 3.184801 16.594700
 39600.000000 -843768.875000 796.821671 3.553610 3.326604 16.579292
 39620.000000 -844950.437500 795.108466 3.580588 3.291525 16.569410
 39640.000000 -846388.750000 792.831353 3.147656 3.276416 16.683388
 39660.000000 -844928.937500 796.803333 3.396663 3.450155 16.674689
 39680.000000 -846731.062500 791.362832 3.328976 3.304472 16.606580
 39700.000000 -844604.437500 794.612099 3.614029 3.377495 16.572746
 39720.000000 -845156.250000 795.091030 3.446997 3.243800 16.395171
 39740.000000 -846150.187500 795.252506 3.590000 3.414847 16.389658
 39760.000000 -845131.250000 791.911368 3.631357 3.528357 16.591305
 39780.000000 -843911.062500 794.952421 3.444422 3.523548 16.297026
 39800.000000 -844071.000000 794.374504 3.419356 3.364614 16.314145
 39820.000000 -845983.312500 793.716524 3.534583 3.183956 16.420254
 39840.000000 -844591.125000 792.374730 3.526370 3.219495 16.946255
 39860.000000 -844552.375000 793.888388 3.304331 3.018508 16.629356
 39880.000000 -846219.750000 792.850853 3.472750 3.080616 16.509282
 39900.000000 -847756.125000 792.746310 3.373247 3.371498 16.476196
 39920.000000 -846286.625000 793.672800 3.337491 3.206981 16.569186
 39940.000000 -844497.625000 795.400295 3.372773 3.343223 16.471215
 39960.000000 -845111.812500 793.757001 3.452928 3.208172 16.418953
 39980.000000 -843108.625000 795.029985 3.427008 3.332278 16.400744
 40000.000000 -845171.562500 791.261363 3.510657 3.112770 16.714284
 40020.000000 -845795.375000 794.706571 3.250210 3.071380 16.574332
 40040.000000 -845272.187500 793.890393 3.434065 3.541047 16.361001
 40060.000000 -844769.437500 794.364953 3.413651 3.288772 16.444151
 40080.000000 -844341.125000 795.980681 3.284977 3.313274 16.535836
 40100.000000 -844521.812500 794.028793 3.254037 3.328484 16.601440
 40120.000000 -845158.750000 795.522660 3.378801 3.283966 16.470228
 40140.000000 -844862.125000 795.418408 3.364204 3.458010 16.440745
 40160.000000 -844230.500000 793.111080 3.341059 3.361481 16.418178
 40180.000000 -844740.687500 795.491660 3.298651 3.245273 16.420184
 40200.000000 -843165.812500 796.036777 3.468291 3.250123 16.614528
 40220.000000 -845675.562500 795.666261 3.820828 3.421631 16.537191
 40240.000000 -844697.250000 792.078374 3.385841 3.217888 16.563179
 40260.000000 -846025.375000 794.000119 3.452151 3.150260 16.496369
 40280.000000 -844446.125000 796.672375 3.501679 3.219273 16.337889
 40300.000000 -846912.750000 795.062911 3.492197 3.636049 16.356026
 40320.000000 -844424.312500 793.780037 3.334099 3.663549 16.537123
 40340.000000 -845092.812500 796.929021 3.186286 3.496966 16.348239
 40360.000000 -846185.375000 793.411643 3.243506 3.773123 16.276433
 40380.000000 -846283.937500 791.815998 3.257915 3.471496 16.488124
 40400.000000 -843950.750000 796.642311 3.276722 3.540958 16.311287
 40420.000000 -844178.437500 795.468337 3.235447 3.462030 16.355168
 40440.000000 -845903.687500 795.326221 3.060714 3.437978 16.554363
 40460.000000 -845049.812500 796.004299 3.152592 3.415635 16.766506
 40480.000000 -845954.875000 795.575270 2.918397 3.488181 16.471215
 40500.000000 -843625.812500 793.255995 3.182903 3.566314 16.546590
 40520.000000 -846182.250000 793.972221 3.102100 3.300336 16.500160
 40540.000000 -845531.437500 794.862636 3.244571 3.016560 16.675844
 40560.000000 -845741.375000 795.965380 3.439385 3.381588 16.472646
 40580.000000 -842391.562500 796.663003 3.520201 3.294016 16.614941
 40600.000000 -844594.812500 792.566674 3.321507 3.334095 16.645544
 40620.000000 -844839.437500 797.084339 3.518489 3.343237 16.784007
 40640.000000 -844430.062500 794.792250 3.286832 3.603545 16.487670
 40660.000000 -844895.562500 797.622269 3.449878 3.233000 16.332497
 40680.000000 -845863.562500 793.596714 3.659251 3.335305 16.526875
 40700.000000 -844805.812500 794.368894 3.252011 3.510359 16.315880
 40720.000000 -844628.687500 794.003904 3.334813 3.449490 16.445641
 40740.000000 -845999.625000 793.331487 3.186312 3.363191 16.919700
 40760.000000 -845752.687500 791.400568 3.186273 3.499469 16.939576
 40780.000000 -845807.625000 792.721929 3.262268 3.581339 16.546755
 40800.000000 -845795.187500 794.755473 3.368429 3.372975 16.474229
 40820.000000 -843310.687500 794.135747 3.232242 3.396385 16.524455
 40840.000000 -843211.000000 795.779167 3.472816 3.495478 16.364439
 40860.000000 -845923.687500 795.159659 3.239650 3.419433 16.210317
 40880.000000 -846371.500000 792.937266 3.550807 3.408745 16.223260
 40900.000000 -844927.000000 793.610785 3.420868 3.304868 16.659543
 40920.000000 -844147.437500 796.049676 3.467986 3.331758 16.654729
 40940.000000 -843351.062500 794.698279 3.358361 3.348228 16.309664
 40960.000000 -847325.750000 795.414395 3.352324 3.392557 16.146611
 40980.000000 -845702.375000 795.236775 3.317788 3.546890 16.333602
 41000.000000 -845733.500000 790.568050 3.368433 3.495258 16.538105
 41020.000000 -844329.562500 794.136419 3.693157 3.358385 16.598942
 41040.000000 -843807.187500 797.752198 3.504498 3.274384 16.470387
 41060.000000 -846376.437500 794.246537 3.275461 3.286211 16.314814
 41080.000000 -844984.500000 793.289542 3.243224 3.392589 16.504632
 41100.000000 -846543.187500 792.484324 3.547887 3.535023 16.402922
 41120.000000 -845338.875000 793.587742 3.335448 3.183329 16.513675
 41140.000000 -844825.875000 794.684502 3.411312 3.422162 16.414046
 41160.000000 -843721.000000 794.955549 3.453499 3.345675 16.600596
 41180.000000 -846058.187500 792.809083 3.422394 3.075478 16.600083
 41200.000000 -846876.000000 794.018041 3.646842 3.181320 16.654160
 41220.000000 -845018.000000 793.645982 3.670040 3.414098 16.507403
 41240.000000 -846854.500000 792.129198 3.339524 3.422074 16.156763
 41260.000000 -845234.812500 793.400732 3.524092 3.392844 16.281933
 41280.000000 -843903.875000 796.622776 3.367270 3.564312 16.659051
 41300.000000 -845794.250000 793.834528 3.279095 3.401678 16.546566
 41320.000000 -845150.562500 792.659105 3.564012 3.169745 16.331183
 41340.000000 -845999.687500 792.635666 3.373361 3.389164 16.150046
 41360.000000 -844228.625000 794.608555 3.468578 3.395182 16.267561
 41380.000000 -844957.437500 792.238132 3.296002 3.504665 16.340668
 41400.000000 -847129.000000 792.222502 3.342679 3.567078 16.341133
 41420.000000 -845006.250000 794.009581 3.572953 3.193951 16.512402
 41440.000000 -844730.000000 791.118002 3.665451 3.218055 16.759740
 41460.000000 -845084.250000 794.741882 3.600255 3.179911 16.836722
 41480.000000 -845876.187500 793.673734 3.718825 3.299942 16.692652
 41500.000000 -846501.125000 793.872377 3.526072 3.349148 16.505476
 41520.000000 -844595.312500 795.283148 3.231522 3.241104 16.740699
 41540.000000 -844868.687500 794.321787 3.322734 3.182310 16.681861
 41560.000000 -845637.062500 793.007789 3.332744 3.465785 16.603311
 41580.000000 -845769.750000 793.172007 3.357005 3.472155 16.730954
 41600.000000 -846754.125000 791.101996 3.236809 3.129210 16.653696
 41620.000000 -845052.187500 794.635999 3.460837 3.465014 16.657913
 41640.000000 -846003.875000 793.610831 3.682663 3.337631 16.403665
 41660.000000 -846201.937500 792.626986 3.435786 3.441271 16.342230
 41680.000000 -843308.312500 796.174115 3.473030 3.510036 16.505949
 41700.000000 -845443.500000 793.663985 3.419090 3.515403 16.458710
 41720.000000 -844420.687500 797.477517 3.320881 3.191455 16.601240
 41740.000000 -842569.812500 795.227540 3.272638 3.253986 16.714609
 41760.000000 -843917.562500 795.384849 3.453685 3.221133 16.704201
 41780.000000 -845639.062500 792.246024 3.547901 3.265020 16.648619
 41800.000000 -845612.625000 796.179892 3.021854 3.241984 16.515858
 41820.000000 -843843.187500 794.970946 3.158284 3.371019 16.642485
 41840.000000 -844537.062500 793.416341 3.225298 3.536898 16.452739
 41860.000000 -844963.250000 793.540260 3.077975 3.573379 16.733496
 41880.000000 -845529.000000 794.929615 3.408901 3.431238 16.857739
 41900.000000 -845019.937500 793.019263 3.519646 3.405496 16.666488
 41920.000000 -844643.812500 792.056105 3.328965 3.325950 16.612993
 41940.000000 -845503.500000 793.387872 3.427728 3.356456 16.582182
 41960.000000 -846255.812500 792.138507 3.227480 3.288509 16.487573
 41980.000000 -845410.500000 793.169277 3.211699 3.587541 16.360597
 42000.000000 -844849.875000 791.552611 3.563757 3.368874 16.461295
 42020.000000 -846642.750000 794.356916 3.444500 3.359553 16.461325
 42040.000000 -845472.062500 794.960106 3.558583 3.608903 16.170717
 42060.000000 -845874.375000 792.961511 3.512403 3.250916 16.384523
 42080.000000 -845692.000000 792.836789 3.438406 3.428433 16.567835
 42100.000000 -847095.000000 792.785968 3.736736 3.394086 16.592415
 42120.000000 -844676.375000 795.699249 3.541570 3.309737 16.527089
 42140.000000 -845178.937500 794.782066 3.661276 3.435760 16.549876
 42160.000000 -844488.937500 793.873844 3.522014 3.174437 16.553871
 42180.000000 -844293.312500 793.378293 3.618498 3.197484 16.323987
 42200.000000 -846288.125000 793.785985 3.683093 3.299963 16.268386
 42220.000000 -846065.562500 796.571431 3.562189 3.355222 16.635198
 42240.000000 -844739.937500 793.930947 3.409185 3.228324 16.654224
 42260.000000 -845434.750000 793.004503 3.479562 3.231419 16.313447
 42280.000000 -845326.875000 793.947858 3.578120 3.217996 16.462342
 42300.000000 -843405.312500 795.901311 3.580449 3.241417 16.548372
 42320.000000 -844191.000000 793.169736 3.535829 3.449139 16.574903
 42340.000000 -845075.375000 796.286720 3.385141 3.380648 16.338831
 42360.000000 -844942.437500 792.152041 3.432604 3.348973 16.609563
 42380.000000 -846137.812500 793.564754 3.506283 3.042697 16.446578
 42400.000000 -845326.187500 794.712180 3.635843 3.418586 16.479355
 42420.000000 -843162.687500 797.533894 3.292019 3.560014 16.347927
 42440.000000 -846971.750000 793.438219 3.418911 3.542660 16.425406
 42460.000000 -845373.562500 793.077258 3.590390 3.449864 16.531227
 42480.000000 -843442.125000 795.097119 3.363262 3.544532 16.595106
 42500.000000 -843653.875000 796.122934 3.245771 3.263523 16.586754
 42520.000000 -843282.937500 795.061603 3.277154 3.477915 16.487560
 42540.000000 -844620.937500 795.098533 3.410134 3.526689 16.414457
 42560.000000 -844240.750000 794.738231 3.373587 3.441575 16.562583
 42580.000000 -845224.500000 792.261350 3.571887 3.293025 16.555608
 42600.000000 -845959.687500 794.325594 3.631807 3.531506 16.607178
 42620.000000 -843390.625000 793.918118 3.304620 3.529866 16.761287
 42640.000000 -844218.437500 795.140373 3.517327 3.666231 16.694566
 42660.000000 -843351.625000 792.893276 3.448662 3.620833 16.386509
 42680.000000 -843822.625000 795.896516 3.356043 3.450776 16.586388
 42700.000000 -844491.812500 792.237317 3.407329 3.383125 16.516199
 42720.000000 -844344.500000 793.786712 3.216789 3.570608 16.260558
 42740.000000 -846048.937500 794.310053 3.383089 3.366126 16.290567
 42760.000000 -846455.500000 794.376502 3.314371 3.232419 16.489423
 42780.000000 -844232.687500 792.497891 3.341358 3.190475 16.488300
 42800.000000 -845519.312500 797.422526 3.313055 3.493220 16.674522
 42820.000000 -845233.312500 794.383861 3.524130 3.696301 16.434430
 42840.000000 -845806.687500 793.623174 3.543783 3.792804 16.398071
 42860.000000 -845275.500000 793.551132 3.441423 3.547025 16.288135
 42880.000000 -844883.750000 793.148254 3.489892 3.484521 16.575335
 42900.000000 -844022.500000 794.069629 3.699315 3.395136 16.407375
 42920.000000 -845139.125000 794.743585 3.860297 3.451922 16.362760
 42940.000000 -845612.312500 792.477405 3.564908 3.597197 16.402789
 42960.000000 -844069.750000 795.669986 3.476146 3.532839 16.297791
 42980.000000 -845622.750000 796.123379 3.512879 3.143712 16.358714
 43000.000000 -845675.562500 793.449081 3.328526 3.693386 16.348319
 43020.000000 -845715.500000 793.274644 3.471642 3.656933 16.619802
 43040.000000 -844446.625000 794.545983 3.325474 3.246380 16.546064
 43060.000000 -845587.500000 791.928790 3.189451 3.078240 16.540440
 43080.000000 -844875.812500 794.102738 3.090935 3.289402 16.379663
 43100.000000 -844699.187500 792.895766 3.379588 3.341911 16.635722
 43120.000000 -843677.937500 794.841907 3.578270 3.192944 16.752840
 43140.000000 -843790.562500 793.758468 3.551565 3.333109 16.738104
 43160.000000 -845382.500000 793.608847 3.359893 3.226678 16.584531
 43180.000000 -845953.937500 795.254809 3.248373 3.454847 16.581757
 43200.000000 -845111.625000 795.179887 3.016733 3.319774 16.627027
 43220.000000 -843352.750000 794.739245 3.333905 3.453883 16.257476
 43240.000000 -843980.187500 795.764026 3.551795 3.208692 16.471538
 43260.000000 -844349.500000 795.517232 3.521025 3.455600 16.465410
 43280.000000 -844585.937500 794.958179 3.524544 3.605540 16.280797
 43300.000000 -844638.812500 796.212008 3.505235 3.819030 16.547679
 43320.000000 -844672.812500 795.347499 3.224898 3.701290 16.451828
 43340.000000 -844881.687500 797.550494 3.379216 3.541516 16.571953
 43360.000000 -844814.875000 795.423894 3.250693 3.513085 16.342412
 43380.000000 -845941.125000 792.951338 3.479153 3.294862 16.687245
 43400.000000 -846391.500000 793.460399 3.456292 3.221087 16.606565
 43420.000000 -844983.625000 794.870417 3.437621 3.306175 16.652005
 43440.000000 -844856.562500 795.477441 3.314185 3.214589 16.161276
 43460.000000 -845596.062500 795.097362 3.490927 3.434102 16.292245
 43480.000000 -844883.812500 793.363254 3.452195 3.209213 16.254082
 43500.000000 -845267.875000 794.783806 3.227312 3.228599 16.345576
 43520.000000 -844820.500000 795.181556 3.216322 3.407514 16.684438
 43540.000000 -845629.500000 791.727992 3.124335 3.285483 16.344395
 43560.000000 -845904.750000 793.197880 3.670661 3.417118 16.653658
 43580.000000 -845869.437500 796.034722 3.570865 3.255549 16.568308
 43600.000000 -845709.375000 793.562995 3.549455 3.438911 16.534963
 43620.000000 -844695.187500 794.345180 3.639650 3.511679 16.613403
 43640.000000 -845317.437500 794.960903 3.481648 3.252476 16.535091
 43660.000000 -845381.875000 794.437031 3.458889 3.296258 16.364801
 43680.000000 -846563.250000 794.729890 3.289575 3.374708 16.376912
 43700.000000 -843280.812500 795.441080 3.100591 3.426580 16.637595
 43720.000000 -845519.750000 793.329412 3.436424 3.253769 16.548596
 43740.000000 -844251.937500 794.301331 3.300473 3.302860 16.241466
 43760.000000 -846261.187500 795.882609 3.163012 3.522659 16.247389
 43780.000000 -845943.437500 795.941466 3.266454 3.586171 16.367989
 43800.000000 -844342.312500 794.369327 3.489553 3.303358 16.467709
 43820.000000 -846415.562500 794.883588 3.472094 3.293981 16.276117
 43840.000000 -844891.625000 794.200484 3.535715 3.467913 16.583956
 43860.000000 -845965.625000 794.179522 3.552475 3.170519 16.361959
 43880.000000 -845340.500000 794.634394 3.448787 3.506273 16.752505
 43900.000000 -845051.812500 797.182850 3.466462 3.419579 16.548856
 43920.000000 -844806.812500 794.433609 3.366762 3.196782 16.644515
 43940.000000 -845000.625000 794.429643 3.451701 3.192317 16.760798
 43960.000000 -845214.312500 791.904530 3.419829 3.262864 16.510488
 43980.000000 -845670.562500 794.562954 3.473756 3.379448 16.459838
 44000.000000 -845238.625000 792.553141 3.415421 3.284519 16.468782
 44020.000000 -843276.812500 794.231077 3.508200 3.298125 16.595690
 44040.000000 -846269.500000 793.554375 3.344443 3.427844 16.393402
 44060.000000 -846093.437500 791.822223 3.235055 3.414363 16.351192
 44080.000000 -844902.375000 794.309073 3.346083 3.479900 16.509208
 44100.000000 -844443.937500 794.878647 3.314727 3.435983 16.455407
 44120.000000 -845003.125000 794.604298 3.298237 3.448992 16.910008
 44140.000000 -846567.125000 794.554100 3.293888 3.522545 16.492291
 44160.000000 -846570.500000 793.997181 3.440019 3.408943 16.402569
 44180.000000 -846253.250000 791.078321 3.374273 3.152240 16.603012
 44200.000000 -846022.250000 793.467664 3.081834 3.421283 16.619991
 44220.000000 -845173.812500 794.647451 3.439484 3.365726 16.723700
 44240.000000 -844899.937500 797.496277 3.575183 3.598489 16.200433
 44260.000000 -845291.812500 794.880760 3.446819 3.524793 16.187995
 44280.000000 -844843.500000 792.926863 3.612726 3.408683 16.511069
 44300.000000 -844486.500000 793.143866 3.547781 3.422842 16.387858
 44320.000000 -845237.375000 791.624965 3.371285 3.410278 16.462013
 44340.000000 -846398.750000 795.859573 3.433631 3.825501 16.552815
 44360.000000 -844649.062500 794.488602 3.461215 3.742386 16.810817
 44380.000000 -845066.562500 790.439882 3.338983 3.684461 16.569439
 44400.000000 -846041.375000 793.648784 3.260885 3.538142 16.620103
 44420.000000 -844297.750000 796.222470 3.332764 3.333380 16.581026
 44440.000000 -844359.000000 795.421040 3.417596 3.433496 16.565336
 44460.000000 -845050.562500 793.653275 3.505624 3.259119 16.388924
 44480.000000 -845174.250000 794.150413 3.455120 3.555889 16.775129
 44500.000000 -846295.375000 793.267003 3.327946 3.575392 16.392948
 44520.000000 -847719.625000 794.925966 3.220704 3.230391 16.497489
 44540.000000 -844760.500000 793.073214 3.159030 3.383475 16.498900
 44560.000000 -844295.062500 793.895686 3.439169 3.482902 16.086581
 44580.000000 -845516.625000 793.771442 3.332278 3.499348 16.211671
 44600.000000 -846456.062500 796.286266 3.198772 3.498863 16.384412
 44620.000000 -843896.562500 795.886965 3.500815 3.400686 16.143539
 44640.000000 -845912.375000 798.414609 3.277369 3.500871 16.397272
 44660.000000 -843643.062500 794.574479 3.457978 3.415834 16.575267
 44680.000000 -844041.375000 794.274770 3.450938 3.553573 16.694162
 44700.000000 -847186.875000 792.949563 3.313403 3.422029 16.460415
 44720.000000 -847657.687500 793.586832 3.378776 3.204468 16.451880
 44740.000000 -841977.062500 795.125888 3.394114 3.168178 16.498152
 44760.000000 -845309.937500 794.743875 3.402519 3.214755 16.163606
 44780.000000 -845272.687500 795.465186 3.358346 3.446034 16.388196
 44800.000000 -844103.562500 793.835418 3.281070 3.352610 16.358556
 44820.000000 -845469.375000 793.321736 3.393000 3.573754 16.680213
 44840.000000 -846291.562500 792.292432 3.287129 3.655248 16.312189
 44860.000000 -845324.687500 793.159129 3.288091 3.433199 16.348160
 44880.000000 -845723.875000 793.799855 3.168204 3.511741 16.761716
 44900.000000 -845683.250000 795.204758 3.372198 3.626640 16.492978
 44920.000000 -845272.812500 791.285770 3.563786 3.443935 16.529161
 44940.000000 -844467.187500 795.792910 3.425380 3.420299 16.765459
 44960.000000 -845304.625000 796.157622 3.332587 3.376294 16.649481
 44980.000000 -845342.750000 795.131206 3.238707 3.434432 16.499130
 45000.000000 -844966.312500 792.124048 3.419902 3.457128 16.297835
 45020.000000 -844913.062500 794.131829 3.430348 3.455898 16.508009
 45040.000000 -842838.250000 794.746247 3.453574 3.416668 16.461171
 45060.000000 -844830.937500 794.892930 3.524938 3.644092 16.553675
 45080.000000 -844330.812500 794.210666 3.400152 3.352183 16.556406
 45100.000000 -846908.250000 792.257140 3.487793 3.460867 16.356402
 45120.000000 -844839.062500 793.152660 3.477262 3.402820 16.428053
 45140.000000 -846256.062500 794.500300 3.436746 3.234974 16.337398
 45160.000000 -845866.187500 793.263982 3.293279 3.424759 16.541283
 45180.000000 -844436.187500 793.772624 3.504063 3.513902 16.516831
 45200.000000 -844895.000000 795.625336 3.671016 3.617487 16.551104
 45220.000000 -845700.625000 796.490393 3.596059 3.523491 16.574569
 45240.000000 -846288.187500 794.333734 3.168260 3.491736 16.549651
 45260.000000 -843623.875000 795.406190 3.497148 3.436411 16.495878
 45280.000000 -846095.187500 794.057697 3.203753 3.393489 16.565974
 45300.000000 -843908.875000 794.426559 3.210523 3.421377 16.415842
 45320.000000 -845799.687500 792.894174 3.190400 3.425041 16.223357
 45340.000000 -844827.000000 795.893664 3.243153 3.330840 16.450517
 45360.000000 -846872.062500 794.305624 3.426800 3.594077 16.576518
 45380.000000 -845347.625000 795.510051 3.475289 3.583855 16.790607
 45400.000000 -844695.812500 795.135853 3.423225 3.469402 16.795364
 45420.000000 -846052.312500 795.093833 3.490567 3.413012 16.768766
 45440.000000 -844392.312500 792.330344 3.437170 3.375825 16.710625
 45460.000000 -845673.812500 795.537700 3.160324 3.590678 16.746067
 45480.000000 -845405.125000 794.161921 3.197814 3.494443 16.404420
 45500.000000 -845726.250000 794.248792 3.165626 3.497454 16.547006
 45520.000000 -845022.375000 795.180685 3.268142 3.656301 16.531918
 45540.000000 -845300.125000 791.345618 3.466071 3.609745 16.468998
 45560.000000 -844047.937500 792.416059 3.275625 3.389382 16.562178
 45580.000000 -846072.375000 795.221117 3.448512 3.566676 16.809805
 45600.000000 -845502.062500 791.717561 3.754682 3.332903 16.769172
 45620.000000 -844282.250000 794.202508 3.424704 3.142951 16.784544
 45640.000000 -843544.687500 793.692294 3.647044 3.478996 16.622805
 45660.000000 -844171.562500 794.884598 3.207348 3.615495 16.490223
 45680.000000 -845282.812500 795.494973 3.199980 3.529896 16.319402
 45700.000000 -846600.062500 792.660888 3.223162 3.745049 16.327959
 45720.000000 -844456.687500 794.432022 3.337479 3.261713 16.370714
 45740.000000 -844329.062500 797.072528 3.165129 3.154554 16.172825
 45760.000000 -844439.250000 793.881229 3.205422 3.662367 16.142770
 45780.000000 -844123.187500 792.664814 3.422338 3.750951 16.380700
 45800.000000 -844935.687500 795.443331 3.567462 3.366771 16.399012
 45820.000000 -844106.187500 795.397516 3.601117 3.126669 16.366059
 45840.000000 -843862.687500 794.687712 3.448430 3.074102 16.432171
 45860.000000 -845567.000000 796.106449 3.157795 3.328676 16.385994
 45880.000000 -845866.687500 796.582143 3.453110 3.488904 16.470936
 45900.000000 -846351.062500 794.870075 3.153568 3.335651 16.624571
 45920.000000 -843539.562500 796.004869 3.281027 3.468153 16.491731
 45940.000000 -842613.937500 793.794538 3.123202 3.406781 16.346521
 45960.000000 -845726.750000 791.368768 3.265842 3.430078 16.616070
 45980.000000 -847096.875000 791.132399 2.947837 3.382185 16.656536
 46000.000000 -845192.500000 791.748209 3.264195 3.368077 16.756574
 46020.000000 -843402.437500 795.122876 3.146793 3.364089 16.638190
 46040.000000 -843716.062500 796.715319 3.124399 3.414046 16.480217
 46060.000000 -846321.625000 793.549977 3.030110 3.376325 16.340964
 46080.000000 -846267.625000 794.977906 3.243228 3.394974 16.334746
 46100.000000 -845361.375000 794.035202 3.353672 3.592321 16.321294
 46120.000000 -844676.375000 793.728941 3.403734 3.421883 16.404765
 46140.000000 -844959.437500 793.147155 3.520742 3.742139 16.290563
 46160.000000 -846499.437500 793.016156 3.490859 3.490383 16.316002
 46180.000000 -845058.437500 796.623927 3.042169 3.659465 16.660751
 46200.000000 -846571.562500 792.134315 3.284892 3.438569 16.450298
 46220.000000 -845711.125000 793.725996 3.028450 3.340040 16.478829
 46240.000000 -843914.500000 794.450634 3.230769 3.212621 16.667046
 46260.000000 -844241.750000 796.000669 3.486152 3.426710 16.576670
 46280.000000 -845022.375000 794.113975 3.279722 3.580906 16.563537
 46300.000000 -844277.250000 793.565042 3.541036 3.347350 16.646194
 46320.000000 -844703.625000 795.662548 3.411631 3.715817 16.678331
 46340.000000 -846453.562500 793.283027 3.537140 3.447563 16.065785
 46360.000000 -845285.937500 795.766627 3.414744 3.734609 16.496324
 46380.000000 -844817.187500 794.814519 3.391829 3.455927 16.727708
 46400.000000 -847172.812500 793.895735 3.294793 3.708634 16.409904
 46420.000000 -845247.937500 792.675397 3.491906 3.447121 16.331096
 46440.000000 -846343.437500 795.629339 3.541393 3.487233 16.346086
 46460.000000 -844466.812500 792.844842 3.275738 3.483255 16.602590
 46480.000000 -846259.937500 794.767775 3.375665 3.552501 16.396936
 46500.000000 -845919.875000 792.719404 3.450792 3.823315 16.397530
 46520.000000 -844401.312500 794.251930 3.508678 3.396438 16.787844
 46540.000000 -843921.312500 795.462782 3.342167 3.438447 16.603220
 46560.000000 -844499.750000 794.575873 3.194749 3.524060 16.520359
 46580.000000 -844610.125000 794.162210 3.528593 3.534368 16.617564
 46600.000000 -845580.750000 793.105922 3.512357 3.294854 16.456430
 46620.000000 -844243.875000 796.367310 3.648640 3.214709 16.467323
 46640.000000 -845631.937500 795.138028 3.525058 3.196840 16.596428
 46660.000000 -846184.125000 793.385897 3.403089 3.228779 16.710037
 46680.000000 -844469.312500 793.450495 3.477576 3.289400 16.813786
 46700.000000 -843402.875000 793.419102 3.392422 3.326672 16.641214
 46720.000000 -846155.187500 792.904029 3.200741 3.536615 16.805288
 46740.000000 -845491.250000 792.930767 3.324625 3.432330 16.718431
 46760.000000 -844109.187500 794.724154 3.253467 3.241432 16.706967
 46780.000000 -844135.625000 793.445188 3.476640 3.208557 16.319032
 46800.000000 -845209.312500 794.570849 3.359695 3.459891 16.433432
 46820.000000 -844779.125000 795.555699 3.267789 3.696479 16.626899
 46840.000000 -845840.937500 793.260265 3.447876 3.431561 16.621289
 46860.000000 -846311.812500 789.307530 3.324996 3.354626 16.549034
 46880.000000 -845882.250000 791.736174 3.138106 3.267269 16.402869
 46900.000000 -844423.000000 793.779475 3.208943 3.463160 16.592775
 46920.000000 -845556.750000 793.066196 3.188504 3.380737 16.521898
 46940.000000 -844792.625000 795.634367 3.503011 3.328329 16.311612
 46960.000000 -844357.125000 797.685101 3.357938 3.618726 16.605577
 46980.000000 -844674.812500 794.503977 3.315049 3.582646 16.617649
 47000.000000 -844771.500000 793.259490 3.312650 3.492993 16.436830
 47020.000000 -843653.687500 795.426984 3.399525 3.649926 16.404919
 47040.000000 -845517.187500 794.917814 3.355858 3.642703 16.463972
 47060.000000 -844546.312500 794.671879 3.209606 3.568328 16.406328
 47080.000000 -844421.937500 795.587167 3.379658 3.130092 16.561941
 47100.000000 -845189.062500 794.533495 3.596607 3.237960 16.387933
 47120.000000 -846142.437500 792.238768 3.488998 3.102106 16.855091
 47140.000000 -842149.937500 794.633883 3.500270 3.218725 16.518288
 47160.000000 -847002.187500 793.034205 3.298518 3.060281 16.422714
 47180.000000 -845779.000000 794.179818 3.109590 3.479760 16.583355
 47200.000000 -844529.000000 792.301144 3.174204 3.731738 16.324750
 47220.000000 -844492.250000 794.853101 3.335518 3.529171 16.560250
 47240.000000 -844866.687500 794.977755 3.429277 3.381353 16.302268
 47260.000000 -844557.625000 794.778098 3.238831 3.639122 16.175098
 47280.000000 -843754.125000 793.271088 3.090559 3.288011 16.231933
 47300.000000 -842746.187500 796.400830 3.422497 3.678835 16.493225
 47320.000000 -844788.125000 794.009599 3.595860 3.421947 16.387345
 47340.000000 -844076.875000 793.769779 3.232593 3.330655 16.475527
 47360.000000 -843575.812500 794.599465 3.377352 3.455333 16.187876
 47380.000000 -842524.687500 795.606701 3.417881 3.571875 16.282029
 47400.000000 -847809.000000 793.618234 3.582668 3.355524 16.447507
 47420.000000 -844887.937500 794.426346 3.454207 3.407764 16.624736
 47440.000000 -844470.187500 792.398123 3.489546 3.293051 16.466593
 47460.000000 -842928.437500 794.893048 3.309196 3.475352 16.527169
 47480.000000 -843812.312500 792.756250 3.143701 3.537461 16.497200
 47500.000000 -846721.937500 792.119215 3.456033 3.523223 16.452019
 47520.000000 -847456.062500 792.506265 3.458190 3.391568 16.524944
 47540.000000 -845735.500000 792.888642 3.686258 3.459105 16.313970
 47560.000000 -847707.062500 791.498312 3.295551 3.557176 16.532526
 47580.000000 -844680.000000 794.341054 3.281769 3.330696 16.742825
 47600.000000 -844651.437500 793.691880 3.331564 3.434669 16.717674
 47620.000000 -845364.687500 795.305893 3.526907 3.391502 16.347297
 47640.000000 -843694.625000 790.659533 3.493630 3.493630 16.447181
 47660.000000 -846157.000000 795.283277 3.221550 3.553045 16.114057
 47680.000000 -845482.812500 793.486782 3.398779 3.398227 16.409711
 47700.000000 -844113.562500 796.597927 3.450109 3.235086 16.720636
 47720.000000 -845268.375000 793.071971 3.568135 3.322041 16.731923
 47740.000000 -844053.812500 793.539202 3.497002 3.421682 16.412885
 47760.000000 -844524.437500 793.546771 3.323930 3.549936 16.592941
 47780.000000 -846122.625000 795.626434 3.277814 3.418443 16.522614
 47800.000000 -844525.562500 795.372735 3.281032 3.354756 16.161079
 47820.000000 -845222.937500 793.775436 3.376279 3.408694 16.305872
 47840.000000 -845084.500000 794.725911 3.130354 3.131139 16.529035
 47860.000000 -845764.250000 791.257692 3.127404 3.517791 16.514155
 47880.000000 -845323.187500 795.265573 3.143050 3.338233 16.901148
 47900.000000 -842578.000000 797.189300 3.290130 3.365600 16.324661
 47920.000000 -844132.875000 794.124534 3.383438 3.323516 16.432058
 47940.000000 -843995.875000 793.374534 3.267193 3.605858 16.398317
 47960.000000 -843543.062500 793.208420 3.354204 3.349927 16.494990
 47980.000000 -844795.562500 796.946064 3.353479 3.143666 16.312504
 48000.000000 -844205.062500 793.015766 3.442076 3.296359 16.483533
 48020.000000 -843585.875000 797.950813 3.394226 3.239803 16.639870
 48040.000000 -843959.125000 794.052379 3.478289 3.370577 16.716161
 48060.000000 -845330.312500 792.291210 3.145614 3.189332 16.348449
 48080.000000 -845327.125000 791.255392 3.384586 3.250925 16.351652
 48100.000000 -846171.500000 795.163062 3.659838 3.292767 16.324159
 48120.000000 -846643.937500 793.650042 3.752935 3.499732 16.534894
 48140.000000 -845708.562500 792.669007 3.338868 3.602861 16.599400
 48160.000000 -842875.687500 794.320218 3.288740 3.686087 16.706722
 48180.000000 -845670.625000 793.068306 3.718101 3.513251 16.689173
 48200.000000 -845328.687500 794.465107 3.593316 3.465321 16.498170
 48220.000000 -846483.937500 792.196402 3.460791 3.487638 16.630688
 48240.000000 -845007.437500 793.162502 3.285099 3.289459 16.453183
 48260.000000 -845173.812500 791.849677 3.453091 3.329707 16.571231
 48280.000000 -844776.500000 793.787620 3.485975 3.168059 16.580778
 48300.000000 -845777.750000 794.703138 3.366054 3.306620 16.655721
 48320.000000 -845740.000000 790.785062 3.036984 3.293922 16.517258
 48340.000000 -846164.875000 794.684867 3.044149 3.544579 16.348810
 48360.000000 -846166.687500 790.119595 3.153539 3.243348 16.561848
 48380.000000 -845821.750000 793.246201 3.447925 3.395030 16.606816
 48400.000000 -843901.000000 793.942148 3.439239 3.331990 16.767244
 48420.000000 -845222.000000 794.991924 3.582744 3.230057 16.386622
 48440.000000 -846245.312500 792.647691 3.732400 3.553450 16.283637
 48460.000000 -845450.562500 794.066282 3.455843 3.710587 16.290034
 48480.000000 -846321.375000 792.311262 3.200275 3.588808 16.537942
 48500.000000 -844543.250000 796.047660 3.371806 3.532145 16.482446
 48520.000000 -844944.312500 794.690418 3.250865 3.377003 16.562127
 48540.000000 -845218.375000 794.949542 3.320661 3.306377 16.801283
 48560.000000 -845217.625000 795.238883 3.516821 3.329586 16.387936
 48580.000000 -845931.687500 794.826602 3.187535 3.417364 16.441493
 48600.000000 -846205.062500 793.048005 3.195384 3.359079 16.272869
 48620.000000 -845667.437500 794.088312 3.345559 3.276905 16.547217
 48640.000000 -843958.750000 793.183795 3.528560 3.480836 16.596991
 48660.000000 -844521.312500 793.039223 3.404104 3.410905 16.410020
 48680.000000 -844929.750000 795.427032 3.412278 3.316524 16.533574
 48700.000000 -846340.562500 794.937298 3.543723 3.336884 16.471844
 48720.000000 -844448.000000 793.076398 3.176323 3.415667 16.330155
 48740.000000 -845524.687500 792.849684 3.258865 3.506588 16.409375
 48760.000000 -844914.437500 793.786489 3.338851 3.310289 16.531925
 48780.000000 -845711.375000 796.002654 3.335655 3.298766 16.532951
 48800.000000 -843034.375000 795.640534 3.629275 2.886987 16.624898
 48820.000000 -846599.250000 795.667389 3.557236 2.965449 16.618059
 48840.000000 -845810.687500 792.477983 3.449800 3.107743 16.563264
 48860.000000 -845222.875000 794.361015 3.256922 3.429636 16.292877
 48880.000000 -845324.000000 795.439929 3.164413 3.442453 16.394738
 48900.000000 -846435.562500 794.580201 3.415080 3.572064 16.706810
 48920.000000 -847542.312500 791.418596 3.762186 3.468110 16.491998
 48940.000000 -846278.437500 793.537174 3.564297 3.404288 16.578256
 48960.000000 -846433.062500 793.756976 3.326972 3.475231 16.581104
 48980.000000 -844826.875000 791.344272 3.286295 3.489263 16.581936
 49000.000000 -844192.750000 793.635768 3.314807 3.425993 16.598962
 49020.000000 -845495.437500 793.394895 3.399503 3.534305 16.621662
 49040.000000 -847443.750000 794.022424 3.427335 3.446780 16.574604
 49060.000000 -845888.187500 793.304542 3.477187 3.362457 16.705704
 49080.000000 -844920.187500 796.260675 3.500623 3.358214 16.533921
 49100.000000 -843750.750000 796.018672 2.988956 3.300965 16.582632
 49120.000000 -844391.812500 795.132835 3.342435 3.213810 16.553092
 49140.000000 -844748.687500 795.832943 3.332912 3.339995 16.652286
 49160.000000 -844857.312500 794.624906 3.353673 3.431462 16.370387
 49180.000000 -846162.937500 793.581736 3.529123 3.484968 16.415424
 49200.000000 -846585.875000 793.156011 3.622760 3.525845 16.480673
 49220.000000 -844393.875000 794.555933 3.375583 3.210460 16.452079
 49240.000000 -844909.500000 794.601799 3.466622 3.656636 16.521092
 49260.000000 -846843.937500 791.965260 3.165722 3.696527 16.521402
 49280.000000 -844678.375000 794.970591 3.360434 3.530042 16.561349
 49300.000000 -845155.062500 792.827035 3.270709 3.289797 16.620117
 49320.000000 -847017.062500 791.819349 3.468972 3.409553 16.733986
 49340.000000 -846548.562500 792.159640 3.363149 3.344831 16.621317
 49360.000000 -844829.000000 794.156921 3.467654 3.025712 16.658896
 49380.000000 -845337.125000 791.878698 3.539152 3.094561 16.406506
 49400.000000 -847696.437500 792.385519 3.184260 3.236856 16.517493
 49420.000000 -846820.687500 793.210118 3.342481 3.113161 16.615387
 49440.000000 -845928.125000 793.021503 3.283350 3.366725 16.419948
 49460.000000 -845650.437500 791.411237 3.197594 3.352826 16.408223
 49480.000000 -844749.437500 794.279523 3.278203 3.392021 16.575640
 49500.000000 -846294.250000 793.749727 3.060912 3.332329 16.687099
 49520.000000 -846745.500000 791.546506 3.658953 3.276426 16.637380
 49540.000000 -844353.500000 791.655752 3.465418 3.490409 16.560658
 49560.000000 -846873.875000 795.142130 3.510645 3.454178 16.535884
 49580.000000 -844685.750000 794.810243 3.569535 3.343664 16.583339
 49600.000000 -846310.562500 794.262306 3.762993 3.557091 16.544871
 49620.000000 -844861.125000 794.088233 3.602077 3.278214 16.460542
 49640.000000 -846486.125000 792.540534 3.108641 3.424665 16.509782
 49660.000000 -845615.437500 793.982867 3.326841 3.488824 16.370401
 49680.000000 -846150.437500 791.514042 3.304159 3.514071 16.442988
 49700.000000 -844159.250000 795.676715 3.430459 3.598027 16.207600
 49720.000000 -844293.250000 795.392226 3.145605 3.569073 16.364546
 49740.000000 -843898.250000 796.614645 3.298447 3.201302 16.678542
 49760.000000 -844710.062500 796.210180 3.410491 3.269207 16.598030
 49780.000000 -843974.437500 794.026231 3.671719 3.366338 16.612139
 49800.000000 -845609.125000 794.630553 3.507439 3.244749 16.535853
 49820.000000 -844483.062500 792.903105 3.070714 3.409420 16.403962
 49840.000000 -846310.062500 793.613938 3.340895 3.410315 16.395228
 49860.000000 -844810.875000 793.858386 3.226831 3.719217 16.572103
 49880.000000 -845426.375000 793.708283 3.357582 3.550061 16.512865
 49900.000000 -845913.062500 796.424759 3.631885 3.512069 16.434220
 49920.000000 -846960.125000 793.857820 3.521206 3.326168 16.381844
 49940.000000 -845101.250000 795.295758 3.596566 3.156683 16.711956
 49960.000000 -845300.062500 795.091873 3.567022 3.235811 16.329873
 49980.000000 -847483.187500 794.602669 3.623246 3.179901 16.179455
 50000.000000 -845710.250000 794.991140 3.547047 3.420121 16.307709
 50020.000000 -844053.000000 793.764585 3.670491 3.264721 16.433550
 50040.000000 -844815.625000 793.450495 3.505099 3.615581 16.237726
 50060.000000 -845872.375000 792.660610 3.456826 3.543172 16.580328
 50080.000000 -846867.500000 793.553141 3.346416 3.396969 16.443787
 50100.000000 -844748.562500 792.454747 3.479796 3.235350 16.607380
 50120.000000 -846153.812500 793.391882 3.268772 3.334503 16.537850
 50140.000000 -845794.000000 795.113104 3.240596 3.349547 16.420268
 50160.000000 -847251.312500 792.697174 3.131223 3.601365 16.642732
 50180.000000 -846853.187500 791.979654 3.481234 3.536529 16.565566
 50200.000000 -845022.687500 791.365534 3.381453 3.334143 16.476510
 50220.000000 -846068.187500 793.350223 3.627452 3.232518 16.641395
 50240.000000 -845767.562500 794.181580 3.572851 3.336021 16.228040
 50260.000000 -845576.812500 793.433743 3.626875 3.546947 16.356330
 50280.000000 -845573.437500 793.487634 3.376805 3.437758 16.460401
 50300.000000 -847248.125000 791.287474 3.487397 3.719687 16.496077
 50320.000000 -846528.625000 791.016415 3.565339 3.523956 16.489501
 50340.000000 -845213.437500 792.882856 3.483475 3.374016 16.466953
 50360.000000 -847267.312500 794.486376 3.453577 3.265738 16.325029
 50380.000000 -845862.875000 794.449588 3.393377 3.377067 16.315295
 50400.000000 -845595.250000 795.375281 3.445677 3.610469 16.551642
 50420.000000 -845884.187500 791.701976 3.258580 3.446180 16.493588
 50440.000000 -845092.062500 794.732998 3.607858 3.205495 16.409281
 50460.000000 -847065.500000 793.948960 3.325317 3.277154 16.374105
 50480.000000 -844467.812500 794.377463 3.304327 3.333846 16.517169
 50500.000000 -844288.375000 796.620370 3.397058 3.743289 16.548686
 50520.000000 -845032.625000 794.717878 3.136740 3.746884 16.527220
 50540.000000 -847946.937500 796.262949 3.292177 3.619031 16.472197
 50560.000000 -844770.437500 795.600774 3.339926 3.074719 16.419224
 50580.000000 -844454.437500 794.725349 3.516557 3.457000 16.432872
 50600.000000 -845755.375000 794.297667 3.375980 3.594129 16.350775
 50620.000000 -844896.000000 794.328470 3.172334 3.421762 16.328215
 50640.000000 -843055.937500 796.716560 3.230434 3.563464 16.179117
 50660.000000 -843690.125000 797.678562 3.342931 3.375030 16.358706
 50680.000000 -845674.437500 795.431305 3.151576 3.290035 16.467831
 50700.000000 -844906.812500 793.956909 3.416434 3.250247 16.481982
 50720.000000 -845938.812500 795.075989 3.288634 3.251441 16.398875
 50740.000000 -845815.250000 792.767524 3.514221 3.310032 16.266017
 50760.000000 -844032.875000 794.497577 3.807528 3.215192 16.466494
 50780.000000 -844845.250000 797.797785 3.704866 3.484405 16.365845
 50800.000000 -846640.312500 796.884168 3.406278 3.414478 16.520506
 50820.000000 -844970.562500 796.374232 3.279325 3.345288 16.522998
 50840.000000 -847503.375000 796.052767 3.334804 3.337462 16.655648
 50860.000000 -846153.750000 793.012521 3.268502 3.604862 16.405360
 50880.000000 -845074.937500 793.106935 3.265516 3.571292 16.777668
 50900.000000 -845575.375000 794.922419 3.101250 3.547318 16.383353
 50920.000000 -845612.125000 794.032667 3.285654 3.472382 16.513625
 50940.000000 -845769.125000 795.570112 3.043152 3.778442 16.377988
 50960.000000 -847166.000000 794.009732 3.451097 3.791553 16.509034
 50980.000000 -843289.312500 793.189109 3.509595 3.580933 16.605112
 51000.000000 -846774.375000 792.070469 3.335848 3.385246 16.557126
 51020.000000 -848042.750000 793.006248 3.415583 3.364603 16.393185
 51040.000000 -847337.312500 792.104378 3.419166 3.096156 16.262510
 51060.000000 -846417.875000 795.708446 3.700555 3.310640 16.430623
 51080.000000 -847153.375000 790.783962 3.827183 3.474887 16.452764
 51100.000000 -844676.437500 792.546465 3.780938 3.314573 16.646934
 51120.000000 -846266.000000 791.535288 3.356333 3.260811 16.412442
 51140.000000 -844626.125000 792.751511 3.218510 3.332942 16.324672
 51160.000000 -846246.000000 794.009100 3.340080 3.436647 16.479974
 51180.000000 -846475.750000 792.267356 3.565760 3.260414 16.361267
 51200.000000 -847206.750000 791.427426 3.715308 3.130039 16.702008
 51220.000000 -846609.875000 794.644586 3.495023 3.190496 16.568408
 51240.000000 -845515.625000 791.976855 3.318768 3.286935 16.296610
 51260.000000 -845332.500000 792.921762 3.220355 3.027194 16.504243
 51280.000000 -847020.125000 794.571943 3.619765 3.228161 16.765535
 51300.000000 -844454.062500 794.332014 3.525113 3.382800 16.557757
 51320.000000 -846632.437500 794.643970 3.488760 3.567535 16.615943
 51340.000000 -845824.562500 794.427945 3.753092 3.313476 16.657101
 51360.000000 -847120.000000 792.065115 3.029203 3.373302 16.459818
 51380.000000 -847473.375000 791.031618 3.088194 3.419236 16.341445
 51400.000000 -846461.875000 791.123163 3.083823 3.205053 16.430606
 51420.000000 -844202.062500 795.223179 3.419970 3.376300 16.432231
 51440.000000 -844833.437500 791.363883 3.591568 3.371602 16.378772
 51460.000000 -844669.625000 796.305090 3.672905 3.706991 16.494771
 51480.000000 -844773.875000 789.881010 3.361973 3.584718 16.765392
 51500.000000 -844755.437500 795.570091 3.417321 3.570305 16.785714
 51520.000000 -846544.250000 793.248964 3.442059 3.435331 16.542356
 51540.000000 -846982.750000 792.737243 3.197032 3.447339 16.390340
 51560.000000 -846533.375000 794.973843 3.214193 3.417697 16.395731
 51580.000000 -844651.125000 795.697709 3.495401 3.694719 16.378423
 51600.000000 -845453.000000 791.977965 3.410458 3.462807 16.484224
 51620.000000 -847032.375000 794.690105 3.324177 3.245129 16.600512
 51640.000000 -846352.562500 792.689866 3.468454 3.485854 16.452932
 51660.000000 -845778.125000 793.061831 3.295393 3.707148 16.713910
 51680.000000 -845077.062500 792.277199 3.635718 3.488285 16.566239
 51700.000000 -843279.875000 794.377543 3.465413 3.376765 16.684028
 51720.000000 -843897.375000 795.422603 3.562362 3.326553 16.417597
 51740.000000 -844424.625000 794.803417 3.142314 3.358814 16.496683
 51760.000000 -845277.312500 791.095899 3.118760 3.264477 16.252422
 51780.000000 -845265.437500 796.734298 3.374353 3.440837 16.562920
 51800.000000 -845323.125000 794.735215 3.366339 3.598632 16.504158
 51820.000000 -845946.437500 793.100033 3.353944 3.339610 16.417641
 51840.000000 -846637.312500 793.672301 3.476802 3.218978 16.524580
 51860.000000 -844741.062500 794.080688 3.037342 3.439729 16.598560
 51880.000000 -847323.937500 794.577082 3.268567 3.327194 16.409629
 51900.000000 -847021.187500 790.253992 3.186914 3.226632 16.266703
 51920.000000 -844824.625000 795.242034 3.629916 3.068762 16.147487
 51940.000000 -844808.375000 795.292549 3.624120 3.073925 16.412822
 51960.000000 -845571.562500 792.096980 3.454413 3.291593 16.382719
 51980.000000 -844334.812500 793.493544 3.462836 3.367117 16.405552
 52000.000000 -845814.437500 793.014334 3.196122 3.353986 16.287175
 52020.000000 -846417.687500 793.768386 3.318938 3.650580 16.407783
 52040.000000 -844052.125000 793.940346 3.191456 3.362075 16.389981
 52060.000000 -846103.625000 793.135713 3.398919 3.555766 16.462402
 52080.000000 -845656.187500 794.115646 3.484752 3.415382 16.658050
 52100.000000 -846317.062500 794.276624 3.432258 3.099939 16.431557
 52120.000000 -844846.375000 793.840841 3.593636 3.212566 16.438787
 52140.000000 -846955.437500 791.713306 3.280748 3.501579 16.456894
 52160.000000 -847270.375000 793.391781 3.340358 3.646231 16.552866
 52180.000000 -847739.687500 791.356217 3.435628 3.636332 16.353273
 52200.000000 -846359.312500 794.432491 3.614536 3.221344 16.585292
 52220.000000 -845625.687500 795.285747 3.682583 3.254886 16.684229
 52240.000000 -846247.562500 793.437188 3.508910 3.437750 16.541371
 52260.000000 -845762.312500 794.816969 3.191925 3.617823 16.360408
 52280.000000 -846866.562500 794.549489 3.375718 3.467589 16.200761
 52300.000000 -846570.000000 795.789965 3.629312 3.444577 16.442532
 52320.000000 -845274.250000 792.549436 3.665885 3.398432 16.601421
 52340.000000 -847377.500000 790.915979 3.483740 3.377600 16.409431
 52360.000000 -845393.875000 793.610541 3.245859 3.195152 16.422063
 52380.000000 -846379.750000 792.493369 3.430169 3.360113 16.450772
 52400.000000 -847251.375000 791.578934 3.374569 3.259901 16.630493
 52420.000000 -845407.812500 793.533139 3.317754 3.377142 16.763473
 52440.000000 -844689.500000 793.218324 3.294385 3.587888 16.583475
 52460.000000 -846191.687500 792.243663 3.430777 3.468485 16.578641
 52480.000000 -845688.062500 792.043670 3.332009 3.352099 16.463779
 52500.000000 -846608.625000 793.307946 3.305190 3.218286 16.482019
 52520.000000 -845482.062500 795.677965 3.416158 3.135164 16.688164
 52540.000000 -846361.062500 793.080167 3.614818 3.454229 16.598795
 52560.000000 -846018.875000 793.824489 3.346238 3.601659 16.879504
 52580.000000 -846588.125000 791.411585 3.560797 3.267311 16.744872
 52600.000000 -849242.250000 791.132160 3.341331 3.233134 16.630972
 52620.000000 -846320.062500 793.986958 3.382507 3.345419 16.361449
 52640.000000 -844847.375000 792.615857 3.595733 3.042401 16.255128
 52660.000000 -845464.000000 794.547825 3.291972 3.165471 16.512392
 52680.000000 -845857.375000 792.703579 3.358728 3.139794 16.373345
 52700.000000 -844390.062500 793.175040 3.271946 3.442621 16.404653
 52720.000000 -845554.562500 793.616646 3.183780 3.474020 16.593726
 52740.000000 -845999.500000 791.945050 3.159374 3.461888 16.432824
 52760.000000 -844965.687500 789.473850 3.584596 3.286840 16.657569
 52780.000000 -845527.562500 793.317250 3.493451 3.606067 16.561595
 52800.000000 -847051.437500 793.674341 3.543273 3.380076 16.541628
 52820.000000 -842460.437500 796.618182 3.602875 3.688037 16.617936
 52840.000000 -844019.437500 793.394050 3.582772 3.549163 16.423221
 52860.000000 -846661.625000 794.542027 3.483209 3.301382 16.359778
 52880.000000 -845497.625000 793.595997 3.330131 3.263802 16.542962
 52900.000000 -845123.125000 794.994626 3.181170 2.985537 16.335036
 52920.000000 -844814.750000 794.831550 3.517213 3.208649 16.609713
 52940.000000 -842633.562500 794.602865 3.209624 3.321349 16.726247
 52960.000000 -844190.500000 795.070640 3.298973 3.467301 16.719472
 52980.000000 -846024.875000 795.579096 3.031207 3.110549 16.509483
 53000.000000 -845239.125000 796.370744 3.287365 3.407472 16.713128
 53020.000000 -844752.125000 792.176320 3.390672 3.436966 16.867079
 53040.000000 -847097.250000 793.235489 3.385064 3.449710 16.544875
 53060.000000 -845001.125000 796.332552 3.357424 3.549383 16.321081
 53080.000000 -845041.937500 794.927180 3.245849 3.677554 16.152984
 53100.000000 -844769.312500 793.569638 3.470363 3.519006 16.373188
 53120.000000 -847287.937500 792.592670 3.552395 3.437557 16.313760
 53140.000000 -845050.375000 793.231040 3.717026 3.372104 16.396162
 53160.000000 -845844.312500 791.836594 3.533569 3.125035 16.732180
 53180.000000 -844978.437500 792.034459 3.505006 3.167441 16.562349
 53200.000000 -844924.750000 794.868830 3.527124 3.411404 16.868117
 53220.000000 -846185.375000 792.230319 3.549482 3.205873 16.586003
 53240.000000 -844814.375000 792.391825 3.680657 3.465234 16.466309
 53260.000000 -846437.000000 792.734029 3.421490 3.480455 16.340668
 53280.000000 -845367.375000 792.093618 3.338562 3.497060 16.232757
 53300.000000 -843971.125000 794.827901 3.375720 3.419978 16.344136
 53320.000000 -844470.187500 792.451350 3.548566 3.645096 16.114457
 53340.000000 -846609.750000 793.404856 3.261215 3.631639 16.465467
 53360.000000 -846267.187500 792.568793 3.417863 3.586875 16.163187
 53380.000000 -844501.562500 792.912121 3.329066 3.499673 16.452753
 53400.000000 -845519.500000 792.436833 3.699647 3.466970 16.575206
 53420.000000 -844930.937500 794.542973 3.602968 3.599798 16.322483
 53440.000000 -845500.687500 795.455465 3.591404 3.445345 16.620852
 53460.000000 -845107.437500 791.284105 3.365857 3.765223 16.786064
 53480.000000 -845109.937500 793.262518 3.391377 3.372654 16.557314
 53500.000000 -845167.125000 790.347479 3.413266 3.378486 16.616179
 53520.000000 -844951.750000 792.797284 3.445712 3.391260 16.512706
 53540.000000 -845950.937500 793.303474 3.331515 3.419376 16.479788
 53560.000000 -845934.687500 793.218784 3.357793 3.390180 16.540997
 53580.000000 -846169.625000 793.009399 3.472813 3.503970 16.547107
 53600.000000 -844318.125000 793.910483 3.805602 3.493807 16.547241
 53620.000000 -843493.187500 796.516166 3.188058 3.437004 16.562981
 53640.000000 -845795.937500 794.103703 3.293721 3.381926 16.273981
 53660.000000 -845255.312500 794.418338 3.490428 3.396964 16.444037
 53680.000000 -846823.687500 793.046729 3.686210 3.519330 16.449923
 53700.000000 -845906.000000 793.154022 3.281108 3.494759 16.720072
 53720.000000 -845524.500000 792.374622 3.597451 3.351267 16.723883
 53740.000000 -846160.625000 792.277572 3.439855 3.324477 16.413895
 53760.000000 -847770.062500 793.397708 3.403658 3.384573 16.379839
 53780.000000 -845231.187500 796.805839 3.232770 3.177702 16.501907
 53800.000000 -842571.312500 794.730974 3.613069 3.311287 16.645357
 53820.000000 -846853.000000 793.067636 3.706008 3.301475 16.806685
 53840.000000 -846876.062500 793.410659 3.355016 3.407333 16.467705
 53860.000000 -845171.625000 793.067209 3.194659 3.157654 16.604054
 53880.000000 -846277.750000 791.220103 3.385712 3.032914 16.328589
 53900.000000 -847498.937500 790.530260 3.102713 3.024226 16.491876
 53920.000000 -845091.375000 793.894540 3.073420 3.665227 16.426282
 53940.000000 -846665.312500 792.658923 3.426018 3.434719 16.376125
 53960.000000 -845830.000000 794.614105 3.473290 3.282649 16.444518
 53980.000000 -843855.000000 796.744199 3.641099 3.556631 16.537146
 54000.000000 -846155.625000 792.719889 3.573689 3.274957 16.584307
 54020.000000 -845994.375000 793.351043 3.306702 3.179458 16.608837
 54040.000000 -844368.125000 795.988562 3.350569 3.504904 16.686331
 54060.000000 -845339.437500 794.578723 3.139324 3.621725 16.552015
 54080.000000 -845535.062500 794.393360 3.441518 3.252951 16.618497
 54100.000000 -845668.375000 794.892891 3.535740 3.186602 16.744368
 54120.000000 -847017.562500 791.807526 3.736384 3.416540 16.528159
 54140.000000 -845462.375000 793.650483 3.606161 3.551127 16.662624
 54160.000000 -843337.250000 796.807642 3.562463 3.433697 16.590861
 54180.000000 -846143.062500 793.631531 3.521873 3.727017 16.612425
 54200.000000 -844641.437500 794.940641 3.496096 3.471168 16.660240
 54220.000000 -845456.937500 793.495575 3.316023 3.368604 16.495002
 54240.000000 -844365.000000 794.481955 3.155033 3.390815 16.492722
 54260.000000 -846765.750000 794.932740 3.318647 3.268410 16.502190
 54280.000000 -843594.312500 796.865187 3.200045 3.273278 16.747729
 54300.000000 -844307.812500 793.505635 3.661829 3.350779 16.428468
 54320.000000 -845221.312500 791.554170 3.604132 3.574676 16.430097
 54340.000000 -847207.500000 793.193718 3.554787 3.595001 16.397300
 54360.000000 -844337.312500 795.535211 3.467583 3.372922 16.338940
 54380.000000 -843924.625000 795.035259 3.410819 3.178010 16.333329
 54400.000000 -845713.062500 794.233746 3.445182 3.458723 16.657446
 54420.000000 -846049.937500 793.929216 3.510129 3.264177 16.623993
 54440.000000 -845286.250000 795.283167 3.449085 3.144614 16.354687
 54460.000000 -844718.312500 794.010817 3.648717 3.162091 16.469249
 54480.000000 -844107.000000 793.570550 3.451745 3.473537 16.616300
 54500.000000 -843788.812500 796.298415 3.376681 3.379985 16.410381
 54520.000000 -843517.500000 794.393260 3.346500 3.469026 16.549121
 54540.000000 -847301.750000 794.120861 3.010417 3.600057 16.541856
 54560.000000 -846923.750000 791.353270 3.228739 3.450737 16.387969
 54580.000000 -846159.812500 791.963927 3.091431 3.375040 16.423646
 54600.000000 -846617.187500 794.743142 3.363052 3.133672 16.630224
 54620.000000 -844584.375000 795.050524 3.416722 3.343647 16.668043
 54640.000000 -844095.187500 795.543602 3.495359 3.198467 16.488624
 54660.000000 -845582.812500 794.161375 3.348167 3.460017 16.250301
 54680.000000 -844067.937500 795.525134 3.449775 3.447773 16.481776
 54700.000000 -846885.875000 793.062751 3.607849 3.519649 16.280587
 54720.000000 -845267.000000 793.379332 3.685373 3.394279 16.405233
 54740.000000 -847160.437500 794.611570 3.528363 3.417120 16.189222
 54760.000000 -846710.937500 793.507661 3.474036 3.533685 16.304144
 54780.000000 -844736.187500 795.170446 3.381401 3.249973 16.304061
 54800.000000 -845213.687500 792.100051 3.460926 3.336604 16.331848
 54820.000000 -846083.750000 793.496006 3.428457 3.401948 16.179178
 54840.000000 -845800.500000 795.278671 3.445979 3.419397 16.630132
 54860.000000 -846480.812500 792.481929 3.530390 3.270490 16.229914
 54880.000000 -844214.437500 794.249555 3.316431 3.302532 16.536808
 54900.000000 -845572.625000 793.965285 3.338333 3.540329 16.594274
 54920.000000 -847762.062500 792.642847 3.466813 3.464987 16.665477
 54940.000000 -844912.562500 794.718253 3.319107 3.690977 16.423946
 54960.000000 -845937.312500 793.309770 3.223656 3.656981 16.494752
 54980.000000 -845305.687500 794.825818 3.271154 3.533434 16.649519
 55000.000000 -845736.750000 795.354167 3.367357 3.387212 16.733183
 55020.000000 -845746.500000 794.415877 3.374230 3.476235 16.617202
 55040.000000 -845943.000000 795.944431 3.503436 3.328242 16.630857
 55060.000000 -845613.687500 794.515461 3.426482 3.514288 16.539430
 55080.000000 -845899.437500 796.221798 3.243555 3.388685 16.792747
 55100.000000 -845574.687500 792.754941 3.094000 3.112034 16.597158
 55120.000000 -845177.625000 795.585369 3.058658 3.532119 16.474339
 55140.000000 -846460.750000 792.472529 3.327447 3.291176 16.624237
 55160.000000 -846733.875000 792.509539 3.583577 3.510014 16.496069
 55180.000000 -846359.562500 791.406356 3.497324 3.428373 16.593127
 55200.000000 -846443.500000 794.332211 3.432643 3.310959 16.722507
 55220.000000 -846172.250000 794.955412 3.379658 3.320090 16.567787
 55240.000000 -843086.812500 795.329329 3.230422 3.533518 16.584828
 55260.000000 -845552.187500 792.719807 3.402868 3.371797 16.532476
 55280.000000 -844075.062500 794.084890 3.297256 3.410998 16.273697
 55300.000000 -845970.437500 793.528276 3.208299 3.446084 16.747836
 55320.000000 -845150.625000 795.780061 3.009904 3.469410 16.579509
 55340.000000 -843736.437500 795.900462 3.394050 3.304862 16.593557
 55360.000000 -845278.937500 793.785366 3.445858 3.373021 16.316512
 55380.000000 -844600.250000 796.682763 3.350241 3.428406 16.484881
 55400.000000 -845552.562500 794.636467 3.552581 3.475391 16.304533
 55420.000000 -845891.562500 792.440775 3.622754 3.613878 16.505350
 55440.000000 -842927.937500 795.969703 3.456145 3.670435 16.550211
 55460.000000 -846393.000000 793.843928 3.641313 3.742699 16.462542
 55480.000000 -845339.187500 794.989167 3.239696 3.541174 16.435193
 55500.000000 -844217.375000 795.072509 3.370899 3.489982 16.444867
 55520.000000 -844285.500000 795.508489 3.372433 3.307943 16.661105
 55540.000000 -844356.687500 795.268813 3.287910 3.339717 16.679327
 55560.000000 -845583.062500 793.181659 3.354637 3.413919 16.349890
 55580.000000 -846413.375000 795.200179 3.107256 3.366745 16.480513
 55600.000000 -845957.562500 792.619069 3.311147 3.352395 16.670947
 55620.000000 -843113.437500 796.869403 3.497621 3.371081 16.670598
 55640.000000 -844482.437500 795.697132 3.271122 3.195502 16.485853
 55660.000000 -845300.062500 794.912936 3.092212 3.567763 16.553599
 55680.000000 -846609.187500 794.474550 3.409718 3.185248 16.647346
 55700.000000 -845343.500000 794.905175 3.577260 3.373491 16.578906
 55720.000000 -845101.812500 795.113714 3.483304 3.589034 16.733356
 55740.000000 -844004.937500 796.064454 3.604311 3.444685 16.708337
 55760.000000 -845268.687500 794.300149 3.332122 3.172886 16.569490
 55780.000000 -844286.000000 792.802702 3.510760 3.363508 16.842707
 55800.000000 -844131.562500 794.711797 3.386262 3.378094 16.605437
 55820.000000 -844973.437500 795.426339 3.434209 2.941700 16.719876
 55840.000000 -844215.875000 797.583349 3.638893 3.124283 16.375621
 55860.000000 -845268.312500 796.715314 3.538346 3.247933 16.627238
 55880.000000 -846816.125000 795.531806 3.418449 3.625984 16.657009
 55900.000000 -845752.250000 792.004903 3.618066 3.797800 16.508026
 55920.000000 -846473.562500 793.947737 3.541408 3.496868 16.500887
 55940.000000 -844716.375000 793.148099 3.063751 3.483668 16.564369
 55960.000000 -844524.812500 797.050640 3.564073 3.377612 16.594801
 55980.000000 -845626.625000 794.721012 3.507791 3.325733 16.242689
 56000.000000 -844416.062500 796.603717 3.430555 3.502593 16.214895
 56020.000000 -843705.937500 795.175849 3.250977 3.333099 16.429622
 56040.000000 -845033.687500 793.505055 3.241658 3.393977 16.340228
 56060.000000 -844585.312500 795.674836 3.039328 3.827313 16.368760
 56080.000000 -845727.812500 794.059230 3.364169 3.511102 16.341433
 56100.000000 -847396.437500 792.668019 3.496547 3.443712 16.322319
 56120.000000 -846474.937500 793.219767 3.303505 3.398340 16.469013
 56140.000000 -844410.562500 794.445823 3.402822 3.267087 16.777410
 56160.000000 -846731.937500 793.996829 3.455302 3.469999 16.534265
 56180.000000 -843772.812500 796.366693 3.680820 3.527412 16.716288
 56200.000000 -845436.250000 794.169874 3.590289 3.617551 16.597736
 56220.000000 -844499.375000 796.546624 3.208138 3.603392 16.374968
 56240.000000 -846088.062500 794.082079 3.454619 3.449699 16.364876
 56260.000000 -844795.062500 795.611734 3.471823 3.548479 16.455206
 56280.000000 -845076.250000 796.627314 3.210296 3.278828 16.191675
 56300.000000 -843346.187500 793.952416 3.116548 3.535516 16.352496
 56320.000000 -843788.562500 793.853808 3.514501 3.338852 16.198558
 56340.000000 -847122.000000 794.825461 3.423549 3.303685 16.258675
 56360.000000 -845498.000000 794.228027 3.336647 3.690261 16.538695
 56380.000000 -844941.437500 793.363486 3.428843 3.397989 16.476459
 56400.000000 -845005.125000 794.965121 3.322331 3.338341 16.542695
 56420.000000 -846352.375000 794.384948 3.553779 3.163818 16.459297
 56440.000000 -844613.750000 794.155755 3.541668 3.094354 16.612940
 56460.000000 -845556.000000 793.644823 3.434770 3.308581 16.359019
 56480.000000 -845557.125000 793.115447 3.733093 3.362061 16.206817
 56500.000000 -844912.750000 794.152088 3.705970 3.493878 16.242773
 56520.000000 -844860.812500 792.752061 3.470740 3.499868 16.394064
 56540.000000 -845687.375000 792.309926 3.404381 3.376081 16.612722
 56560.000000 -845009.312500 795.792123 3.179341 3.475319 16.486968
 56580.000000 -844364.812500 795.636128 3.306979 3.285666 16.463848
 56600.000000 -845038.312500 792.579151 3.164702 3.432589 16.332871
 56620.000000 -845325.000000 793.309920 3.256049 3.438223 16.384647
 56640.000000 -843757.437500 793.733964 3.260087 3.408295 16.381596
 56660.000000 -846879.187500 791.681007 3.432539 3.387230 16.597287
 56680.000000 -844206.625000 796.040351 3.231938 3.113269 16.595585
 56700.000000 -844955.375000 793.598374 3.574694 3.054025 16.603900
 56720.000000 -844477.937500 794.564993 3.561701 3.477694 16.541500
 56740.000000 -845197.437500 793.584314 3.610428 3.346516 16.729715
 56760.000000 -844621.562500 796.510500 3.251759 3.409533 16.670243
 56780.000000 -846553.750000 793.709777 3.212091 3.350385 16.698119
 56800.000000 -845923.375000 795.771241 3.565707 3.308544 16.590887
 56820.000000 -844328.562500 794.918993 3.516167 3.226430 16.576854
 56840.000000 -847424.000000 791.998238 3.285675 3.201210 16.392287
 56860.000000 -846212.312500 794.630380 3.104198 3.139069 16.401431
 56880.000000 -845075.375000 795.761266 3.173834 3.466712 16.384686
 56900.000000 -844776.687500 797.239724 3.293004 3.333186 16.388296
 56920.000000 -843984.000000 796.754599 3.164659 3.506778 16.467696
 56940.000000 -846360.125000 795.682004 3.427217 3.614931 16.403500
 56960.000000 -843961.812500 795.962598 3.426325 3.631197 16.420643
 56980.000000 -842946.750000 796.392201 3.648411 3.410911 16.463111
 57000.000000 -845210.500000 795.671799 3.569427 3.388158 16.315095
 57020.000000 -844572.562500 793.140040 3.227405 3.369284 16.406914
 57040.000000 -844613.687500 794.712580 3.266799 3.555728 16.209603
 57060.000000 -845335.937500 795.973922 3.165169 3.624097 16.480791
 57080.000000 -844083.562500 796.574082 3.459500 3.405787 16.471473
 57100.000000 -844629.937500 796.040369 3.689550 3.379652 16.515228
 57120.000000 -841933.187500 795.621405 3.576945 3.533400 16.725070
 57140.000000 -844247.062500 796.442317 3.443432 3.503497 16.778169
 57160.000000 -845100.687500 796.231501 3.401309 3.504905 16.629886
 57180.000000 -843511.750000 795.164012 3.285498 3.533253 16.530199
 57200.000000 -842456.125000 795.019434 3.152480 3.495777 16.365931
 57220.000000 -844358.937500 792.662208 3.711016 3.366845 16.350488
 57240.000000 -844122.875000 794.276558 3.575861 3.053868 16.594617
 57260.000000 -844201.375000 793.082800 3.493520 3.350188 16.618335
 57280.000000 -843945.250000 795.159083 3.443161 3.271662 16.465598
 57300.000000 -845147.625000 794.741546 3.206605 3.399113 16.241734
 57320.000000 -845114.250000 792.674082 3.371640 3.387447 16.512511
 57340.000000 -845044.437500 790.793828 3.534843 3.419508 16.576877
 57360.000000 -846009.812500 793.087102 3.781270 3.523452 16.432395
 57380.000000 -843734.375000 794.666722 3.562838 3.302617 16.734152
 57400.000000 -846070.187500 794.902832 3.251101 3.324466 16.659437
 57420.000000 -844728.625000 793.859679 3.501971 3.083716 16.597668
 57440.000000 -844631.375000 797.283746 3.369112 3.341534 16.452799
 57460.000000 -845809.875000 795.397072 3.066128 3.191030 16.719923
 57480.000000 -845997.812500 793.793329 3.101679 3.344796 16.700192
 57500.000000 -845052.562500 794.669959 3.229104 3.157510 16.476359
 57520.000000 -845331.375000 793.402931 3.322252 3.383429 16.412813
 57540.000000 -844473.125000 793.633364 3.546478 3.404912 16.416520
 57560.000000 -846428.000000 791.616702 3.294750 3.272441 16.453390
 57580.000000 -845739.437500 792.069266 3.426163 3.492834 16.762749
 57600.000000 -845794.000000 794.793128 3.478513 3.378273 16.563911
 57620.000000 -846122.937500 794.754394 3.444161 3.335572 16.577130
 57640.000000 -843506.437500 795.514190 3.546421 3.500245 16.697610
 57660.000000 -844896.437500 795.097209 3.466933 3.337375 16.692728
 57680.000000 -842865.937500 794.894534 3.078655 3.377647 16.346724
 57700.000000 -846811.500000 792.984932 3.494365 3.464922 16.148316
 57720.000000 -844740.500000 793.004674 3.368607 3.514182 16.675852
 57740.000000 -843992.562500 794.320824 3.230361 3.341599 16.720548
 57760.000000 -844573.562500 794.962391 3.443613 3.423184 16.390063
 57780.000000 -845641.687500 793.465147 3.705882 3.506338 16.329591
 57800.000000 -845926.125000 793.069008 3.374513 3.702373 16.663353
 57820.000000 -846126.312500 794.154113 3.355226 3.318515 16.611987
 57840.000000 -845957.375000 793.232150 3.337273 3.346397 16.617192
 57860.000000 -845660.687500 793.231241 3.634341 3.339600 16.492757
 57880.000000 -846519.187500 792.927660 3.456432 3.176586 16.686383
 57900.000000 -844751.375000 795.218069 3.167290 3.174129 16.720681
 57920.000000 -845592.062500 792.832488 3.424193 3.601508 16.776183
 57940.000000 -844427.125000 792.680124 3.334870 3.485145 16.654539
 57960.000000 -846918.750000 789.791889 3.210560 3.258156 16.346878
 57980.000000 -842811.937500 795.623479 3.361723 3.331532 16.634827
 58000.000000 -844746.687500 793.932817 3.452974 3.430968 16.449165
 58020.000000 -844906.937500 795.884878 3.503905 3.478528 16.490240
 58040.000000 -844040.125000 794.301925 3.438332 3.324669 16.653776
 58060.000000 -845676.312500 793.118308 3.203060 3.069586 16.501660
 58080.000000 -844406.500000 793.129488 3.321283 3.288096 16.493410
 58100.000000 -844536.125000 795.953620 3.424319 3.393855 16.393608
 58120.000000 -844248.875000 794.905716 3.388641 3.323042 16.634448
 58140.000000 -844200.750000 796.170021 3.562052 3.218005 16.424818
 58160.000000 -844438.562500 794.497520 3.221352 3.419579 16.424603
 58180.000000 -846115.125000 793.461783 3.285738 3.349081 16.239471
 58200.000000 -845523.062500 795.260651 3.394432 3.383943 16.463995
 58220.000000 -845278.750000 791.527015 3.123574 3.329633 16.438514
 58240.000000 -844219.187500 794.849124 3.467174 3.245806 16.797106
 58260.000000 -845921.875000 794.560912 3.516832 3.284233 16.361430
 58280.000000 -844458.875000 795.257742 3.434214 3.330191 16.454899
 58300.000000 -846359.875000 794.118808 3.648831 3.423030 16.629589
 58320.000000 -845402.000000 791.457737 3.409038 3.329413 16.273783
 58340.000000 -844126.375000 792.515486 3.565191 3.271043 16.403522
 58360.000000 -847512.812500 792.269677 3.426041 3.513604 16.438169
 58380.000000 -845691.625000 794.530217 3.401691 3.504957 16.486423
 58400.000000 -844916.000000 794.507546 3.348164 3.211373 16.553553
 58420.000000 -844134.375000 793.046670 3.126015 3.148937 16.430147
 58440.000000 -844993.187500 794.661438 3.373233 3.539946 16.614243
 58460.000000 -846875.125000 794.387843 3.428497 3.538560 16.526371
 58480.000000 -844866.375000 794.614027 3.566020 3.480163 16.474322
 58500.000000 -845433.437500 792.811252 3.208987 3.188319 16.586905
 58520.000000 -844101.250000 794.350490 3.420810 3.263130 16.295894
 58540.000000 -844534.750000 793.069157 3.396870 3.400579 16.385649
 58560.000000 -845939.125000 795.127895 3.191153 3.214168 16.536327
 58580.000000 -845250.062500 795.383452 3.121143 3.456508 16.210799
 58600.000000 -844506.500000 794.973622 3.338962 3.340911 16.357353
 58620.000000 -843856.562500 795.542929 3.258226 3.115844 16.365678
 58640.000000 -844637.812500 794.267114 3.456713 2.990816 16.383696
 58660.000000 -843374.125000 794.412870 3.448556 3.128950 16.415905
 58680.000000 -843456.687500 794.550677 3.538531 3.415717 16.468473
 58700.000000 -844628.687500 793.983037 3.331777 3.449492 16.644021
 58720.000000 -844929.125000 794.389017 3.659554 3.510130 16.648467
 58740.000000 -846010.125000 795.030518 3.695284 3.416591 16.701928
 58760.000000 -844979.187500 792.623737 3.680879 3.454599 16.641165
 58780.000000 -845856.375000 792.734549 3.490966 3.498904 16.789205
 58800.000000 -843460.500000 793.497215 3.423751 3.524181 16.694284
 58820.000000 -845146.875000 795.020904 3.156928 3.267761 16.849056
 58840.000000 -844900.687500 796.512627 3.293642 3.240673 16.609565
 58860.000000 -846457.750000 794.351600 3.567530 3.380816 16.674564
 58880.000000 -845923.125000 793.331443 3.356518 3.442558 16.615704
 58900.000000 -842414.687500 793.758223 3.372174 3.636261 16.774114
 58920.000000 -846450.875000 792.621934 3.531985 3.283165 16.360790
 58940.000000 -845845.187500 793.719001 3.474414 3.425218 16.518511
 58960.000000 -847070.687500 792.912621 3.329218 3.130995 16.732245
 58980.000000 -845062.187500 796.693285 3.343256 3.133164 16.260719
 59000.000000 -844812.375000 794.061066 3.556718 3.283946 16.281540
 59020.000000 -846288.312500 792.980499 3.575611 3.447412 16.394977
 59040.000000 -844418.625000 794.351288 3.485133 3.264166 16.213706
 59060.000000 -843378.125000 796.149154 3.368475 3.525887 16.265691
 59080.000000 -845493.875000 795.290805 3.703661 3.456473 16.362930
 59100.000000 -846823.937500 793.154551 3.534022 3.510060 16.494016
 59120.000000 -845172.062500 795.695487 3.473941 3.335383 16.624360
 59140.000000 -845795.437500 794.173398 3.285171 3.320305 16.621573
 59160.000000 -845195.000000 791.934061 3.347453 3.500272 16.617104
 59180.000000 -844514.000000 794.418520 3.547488 3.667374 16.323993
 59200.000000 -846294.062500 792.828070 3.334526 3.327074 16.480695
 59220.000000 -846449.937500 791.743285 3.183697 3.429809 16.577093
 59240.000000 -844938.687500 791.556564 3.140492 3.577720 16.428246
 59260.000000 -844900.000000 796.137174 3.458037 3.385050 16.573045
 59280.000000 -845526.312500 794.181737 3.217983 3.388297 16.536784
 59300.000000 -845758.250000 793.359980 3.242529 3.145148 16.590385
 59320.000000 -843897.437500 794.669962 3.385460 3.498078 16.759024
 59340.000000 -845581.687500 793.821473 3.239804 3.545142 16.486899
 59360.000000 -845401.437500 794.973039 3.195351 3.600706 16.420937
 59380.000000 -847576.625000 791.987849 3.492245 3.389250 16.382072
 59400.000000 -844130.250000 793.732765 3.450448 3.165610 16.572772
 59420.000000 -846663.250000 794.760479 3.463690 3.206871 16.724536
 59440.000000 -843335.187500 793.771564 3.399647 3.209291 16.674120
 59460.000000 -843974.500000 794.195396 3.695003 3.338181 16.656535
 59480.000000 -845738.750000 793.664921 3.668123 3.220831 16.590544
 59500.000000 -843577.562500 795.032488 3.317273 3.423462 16.570700
 59520.000000 -844049.750000 795.229901 3.150723 3.497131 16.572389
 59540.000000 -843502.125000 797.476103 3.385367 3.124782 16.341472
 59560.000000 -845364.937500 792.775766 3.408662 3.185725 16.548593
 59580.000000 -845247.375000 794.969514 3.506170 3.728075 16.422755
 59600.000000 -845932.312500 794.040142 3.709244 3.470131 16.355700
 59620.000000 -846608.312500 795.359699 3.226317 3.337862 16.585321
 59640.000000 -845470.437500 793.604700 3.197329 3.368322 16.804712
 59660.000000 -844467.750000 796.940351 3.245209 3.336302 16.335407
 59680.000000 -844307.312500 793.876786 3.450495 3.226795 16.377841
 59700.000000 -846553.312500 793.441445 3.255728 3.486683 16.457691
 59720.000000 -844657.750000 794.798641 3.402958 3.445377 16.173719
 59740.000000 -847186.312500 794.587620 3.474312 3.261309 16.294407
 59760.000000 -845663.000000 793.838543 3.300436 3.224671 16.343523
 59780.000000 -844555.312500 794.098198 3.331017 3.282214 16.252774
 59800.000000 -845557.250000 796.072947 3.304911 3.416411 16.228669
 59820.000000 -843966.312500 793.580044 3.628691 3.606175 16.372294
 59840.000000 -844713.000000 793.206769 3.537911 3.585348 16.161542
 59860.000000 -846059.125000 793.832213 3.399475 3.467476 16.536336
 59880.000000 -845382.562500 796.500652 3.624479 3.415585 16.390494
 59900.000000 -845303.187500 793.071660 3.609962 3.338307 16.205908
 59920.000000 -846982.937500 793.171572 3.582402 3.331126 16.274078
 59940.000000 -845203.875000 793.435131 3.345192 3.351790 16.331868
 59960.000000 -845234.437500 794.094759 3.221666 3.248189 16.383179
 59980.000000 -844411.187500 794.139998 3.472710 3.106186 16.488942
 60000.000000 -845101.750000 794.477012 3.545765 3.277434 16.412842
 60020.000000 -845178.125000 793.533360 3.425647 3.175439 16.478006
 60040.000000 -844544.125000 794.688262 3.386383 3.426846 16.708146
 60060.000000 -843515.812500 793.846229 3.368039 3.610696 16.565442
 60080.000000 -843291.000000 795.626136 3.260776 3.468874 16.547472
 60100.000000 -844401.625000 796.157022 3.392129 3.417916 16.113601
 60120.000000 -844966.500000 795.446457 3.177711 3.327474 16.277337
 60140.000000 -844244.937500 794.986924 3.385707 3.343102 16.253232
 60160.000000 -847011.500000 792.172280 3.369811 3.350144 16.387357
 60180.000000 -844183.250000 795.263814 3.367749 3.204221 16.511092
 60200.000000 -844090.000000 794.253561 3.213327 3.306918 16.590814
 60220.000000 -844742.625000 794.524587 3.529298 3.529444 16.395804
 60240.000000 -844000.250000 796.827914 3.448522 3.397589 16.295921
 60260.000000 -844702.062500 792.995849 3.640214 3.255338 16.285059
 60280.000000 -845368.812500 794.681887 3.178005 3.368462 16.542659
 60300.000000 -844753.937500 795.800880 3.299239 3.657134 16.522048
 60320.000000 -846003.250000 793.245855 3.001959 3.841041 16.299560
 60340.000000 -844903.250000 793.167691 3.011987 3.433097 16.552508
 60360.000000 -844133.312500 793.804576 3.231485 3.655112 16.731417
 60380.000000 -845440.187500 794.957118 3.470377 3.458678 16.551131
 60400.000000 -844639.312500 794.638888 3.467487 3.439462 16.509376
 60420.000000 -847081.125000 793.816712 3.334189 3.387871 16.767168
 60440.000000 -846994.687500 793.397250 3.255825 3.352530 16.550422
 60460.000000 -845928.687500 795.436050 3.240837 3.289740 16.396746
 60480.000000 -846393.687500 793.174109 3.204083 3.349438 16.707133
 60500.000000 -848128.437500 790.990133 3.350739 3.462849 16.736667
 60520.000000 -845317.375000 792.630964 3.290159 3.320380 16.430211
 60540.000000 -844077.187500 794.031460 3.093052 3.294359 16.314076
 60560.000000 -844594.187500 796.227794 3.183646 3.451084 16.459395
 60580.000000 -846363.687500 795.480541 3.566553 3.188976 16.554346
 60600.000000 -845175.312500 793.411787 3.630754 3.268670 16.801704
 60620.000000 -845492.937500 794.392902 3.465862 3.277822 16.928386
 60640.000000 -844838.875000 794.758500 3.377703 3.373119 16.346748
 60660.000000 -844608.625000 794.023700 3.322218 3.294676 16.508238
 60680.000000 -845199.562500 791.866666 3.448928 3.402854 16.627900
 60700.000000 -845551.375000 794.261226 3.413084 3.200293 16.718013
 60720.000000 -844964.500000 790.764488 3.305284 3.198151 16.717759
 60740.000000 -846351.187500 793.154512 3.327940 3.294263 16.533900
 60760.000000 -847267.687500 790.775502 3.265466 3.251734 16.474517
 60780.000000 -846184.687500 792.622256 3.203776 3.295634 16.470241
 60800.000000 -847606.937500 793.820196 3.615161 3.164879 16.780042
 60820.000000 -846818.687500 793.941510 3.538228 3.342130 16.516074
 60840.000000 -844828.437500 790.950326 3.393928 3.330749 16.058884
 60860.000000 -846040.062500 791.884034 3.568526 3.477842 16.312851
 60880.000000 -847168.312500 791.592651 3.632722 3.405439 16.497671
 60900.000000 -843515.125000 794.137588 3.418506 3.458547 16.420675
 60920.000000 -846647.500000 795.283998 3.278476 3.223117 16.493198
 60940.000000 -846190.562500 795.261459 3.159442 3.389465 16.310787
 60960.000000 -844617.875000 794.996710 3.114715 3.284021 16.742958
 60980.000000 -844698.000000 794.623066 3.231439 3.300813 16.620417
 61000.000000 -843763.687500 794.401630 3.597322 3.556744 16.186581
 61020.000000 -845825.062500 794.921139 3.287646 3.403886 16.418508
 61040.000000 -844928.750000 797.039959 3.536404 3.114196 16.363025
 61060.000000 -846707.875000 792.120797 3.131493 3.614273 16.246182
 61080.000000 -845714.312500 793.242434 3.075606 3.414896 16.284973
 61100.000000 -845287.687500 793.848508 3.179346 3.224478 16.576609
 61120.000000 -843114.187500 796.543529 3.461587 3.360690 16.665901
 61140.000000 -847405.250000 793.691723 3.338190 3.527563 16.302311
 61160.000000 -845957.750000 793.687045 3.418293 3.391715 16.212453
 61180.000000 -845768.625000 797.593867 3.375705 3.337603 15.964545
 61200.000000 -844640.875000 795.064365 3.316627 3.204070 16.286792
 61220.000000 -847014.875000 794.001633 3.594790 3.078383 16.239361
 61240.000000 -845807.312500 791.801405 3.591110 3.356861 16.255328
 61260.000000 -844896.125000 795.437408 3.329968 3.300411 16.202915
 61280.000000 -845587.250000 794.346577 3.247463 3.148726 16.402127
 61300.000000 -846107.750000 793.826665 3.082874 3.270742 16.725283
 61320.000000 -846022.625000 793.403627 3.369873 3.307466 16.631247
 61340.000000 -848271.187500 792.034702 3.567596 3.230152 16.441884
 61360.000000 -845070.125000 795.610773 3.799749 3.510364 16.435297
 61380.000000 -844565.500000 795.455004 3.484919 3.387755 16.346698
 61400.000000 -844556.812500 794.692205 3.266693 3.420563 16.430906
 61420.000000 -847151.437500 793.585175 3.433966 3.040018 16.600225
 61440.000000 -845275.750000 792.987139 3.252220 3.401960 16.500625
 61460.000000 -846529.937500 791.939303 3.322766 3.294954 16.175153
 61480.000000 -844936.250000 793.395171 3.192950 3.608526 16.464754
 61500.000000 -846889.437500 792.632850 3.488008 3.808228 16.474597
 61520.000000 -846250.687500 792.469756 3.542364 3.636195 16.415892
 61540.000000 -846014.625000 794.636944 3.300998 3.318250 16.578033
 61560.000000 -846687.562500 791.868923 3.290428 3.067110 16.305883
 61580.000000 -847889.000000 792.845346 3.170672 3.659519 16.137811
 61600.000000 -847131.937500 792.444137 3.305862 3.423586 16.481199
 61620.000000 -847374.562500 791.586562 3.255937 3.322857 16.431216
 61640.000000 -847815.375000 791.986170 3.459431 3.195443 16.568259
 61660.000000 -846434.625000 794.291621 3.338352 3.234854 16.519365
 61680.000000 -847594.812500 793.861086 3.448702 3.316598 16.430914
 61700.000000 -847366.250000 790.419605 3.536398 3.250173 16.387336
 61720.000000 -844135.250000 794.072845 3.524249 3.649389 16.605830
 61740.000000 -846616.875000 792.210588 3.418688 3.635286 16.430482
 61760.000000 -846937.750000 792.369287 3.298629 3.445022 16.600624
 61780.000000 -844654.500000 793.156192 3.453914 3.278004 16.638267
 61800.000000 -845721.812500 794.352230 3.552014 3.375937 16.698103
 61820.000000 -846608.625000 798.013460 3.169174 3.600448 16.766128
 61840.000000 -844582.875000 793.278687 3.263781 3.729175 16.324138
 61860.000000 -846478.437500 792.743503 3.321255 3.377040 16.391563
 61880.000000 -845617.437500 793.141576 3.418704 3.302068 16.438413
 61900.000000 -846594.687500 793.417043 3.220891 3.544268 16.531058
 61920.000000 -847366.500000 793.049360 3.313023 3.342692 16.408909
 61940.000000 -844994.750000 797.459193 3.555976 3.391847 16.473092
 61960.000000 -844367.687500 794.451863 3.710485 3.151866 16.620045
 61980.000000 -845304.187500 793.539358 3.668860 3.284729 16.683117
 62000.000000 -846052.000000 792.951693 3.476724 3.234775 16.749190
 62020.000000 -844047.812500 795.081359 3.516428 3.564215 16.405483
 62040.000000 -843251.375000 798.699841 3.411366 3.363195 16.302301
 62060.000000 -844185.312500 796.757605 3.273191 3.137815 16.323523
 62080.000000 -844459.437500 795.608445 3.206947 3.424101 16.328497
 62100.000000 -844213.687500 794.576744 3.349025 3.528128 16.560597
 62120.000000 -843890.812500 796.553023 3.440333 3.196818 16.411172
 62140.000000 -846602.312500 793.901324 3.490046 3.328795 16.496462
 62160.000000 -845687.687500 794.240262 3.612879 3.516220 16.192073
 62180.000000 -845378.437500 794.877388 3.362532 3.568842 16.470028
 62200.000000 -844698.625000 791.929326 3.498471 3.275454 16.607267
 62220.000000 -845779.000000 792.178765 3.168047 3.331979 16.572410
 62240.000000 -845724.062500 792.876901 3.209887 3.530356 16.234213
 62260.000000 -845608.125000 794.514253 3.067044 3.372674 16.190118
 62280.000000 -846652.375000 793.496970 3.375158 3.560634 16.405921
 62300.000000 -845976.062500 794.127181 3.173467 3.509882 16.683502
 62320.000000 -846445.437500 793.723634 3.677985 3.593101 16.608098
 62340.000000 -845433.875000 791.643744 3.560262 3.396041 16.669434
 62360.000000 -845307.312500 796.455529 3.357493 3.405037 16.423262
 62380.000000 -846290.625000 792.132085 3.654312 3.253426 16.651209
 62400.000000 -846222.125000 796.803261 3.739317 3.264373 16.818415
 62420.000000 -844788.625000 795.251367 3.606249 3.525365 16.482218
 62440.000000 -844000.562500 794.367703 3.206082 3.359498 16.556676
 62460.000000 -845442.562500 793.587547 3.059274 3.388005 16.372207
 62480.000000 -846169.125000 792.942629 3.334364 3.164274 16.401820
 62500.000000 -844031.312500 795.361107 3.490248 3.287249 16.527193
 62520.000000 -844064.875000 795.924741 3.569101 3.406390 16.510717
 62540.000000 -845246.937500 794.839788 3.288398 3.315599 16.375781
 62560.000000 -846435.937500 794.426642 3.262957 3.549334 16.440609
 62580.000000 -843617.062500 794.803862 3.437186 3.675518 16.411579
 62600.000000 -845646.125000 793.108005 3.506679 3.749282 16.399247
 62620.000000 -845808.875000 796.618133 3.373966 3.436781 16.539069
 62640.000000 -845220.687500 793.361046 3.468867 3.576267 16.107713
 62660.000000 -843141.250000 794.567518 3.472482 3.608888 16.350829
 62680.000000 -847089.562500 792.542064 3.422047 3.392538 16.423242
 62700.000000 -848016.812500 791.618295 3.610645 3.274941 16.503488
 62720.000000 -846171.312500 791.695990 3.575369 3.362201 16.623783
 62740.000000 -845101.187500 794.500789 3.537405 3.276840 16.667975
 62760.000000 -845814.500000 794.835715 3.468371 3.537023 16.404757
 62780.000000 -846736.625000 795.940608 3.646104 3.838979 16.432398
 62800.000000 -844981.500000 795.938542 3.334587 3.318869 16.439460
 62820.000000 -844977.437500 796.205767 3.340071 3.448432 16.420720
 62840.000000 -845559.062500 794.784701 3.322148 3.236354 16.447316
 62860.000000 -844560.625000 796.056401 3.376850 3.349332 16.468141
 62880.000000 -845753.375000 794.506972 3.441466 3.571342 16.418329
 62900.000000 -845358.187500 794.016841 3.310080 3.580436 16.494477
 62920.000000 -845449.937500 794.260351 3.428851 3.627872 16.481348
 62940.000000 -844250.937500 796.455640 3.150294 3.435375 16.369089
 62960.000000 -846713.625000 795.371867 3.297689 3.351851 16.479017
 62980.000000 -845594.687500 793.491659 3.364809 3.568175 16.364472
 63000.000000 -845323.250000 796.029689 3.667297 3.441236 16.548188
 63020.000000 -845372.625000 794.267455 3.277808 3.255739 16.460522
 63040.000000 -844804.812500 794.165820 3.282842 3.276291 16.678869
 63060.000000 -843925.375000 796.272363 3.402323 3.253990 16.710628
 63080.000000 -843655.562500 794.398901 3.313536 3.308257 16.635047
 63100.000000 -845558.687500 792.313717 3.371125 3.290596 16.543294
 63120.000000 -845559.125000 794.907609 3.785914 3.394931 16.411717
 63140.000000 -844521.000000 794.511775 3.489685 3.123057 16.459846
 63160.000000 -845627.500000 796.235437 3.725386 3.164004 16.416182
 63180.000000 -844156.937500 795.002714 3.568066 3.260012 16.106301
 63200.000000 -846164.000000 792.842409 3.465053 3.351656 16.296427
 63220.000000 -846841.687500 793.753701 3.581133 3.267139 16.380884
 63240.000000 -845177.812500 797.346467 3.355043 3.314483 16.408179
 63260.000000 -846349.375000 793.119097 3.210074 3.176798 16.605087
 63280.000000 -846702.125000 791.325814 3.523650 3.331063 16.228227
 63300.000000 -846361.812500 794.103471 3.364014 3.543913 16.402584
 63320.000000 -843977.687500 794.434838 3.280857 3.606372 16.357389
 63340.000000 -844419.375000 792.103626 3.442723 3.544140 16.601965
 63360.000000 -846101.437500 792.554170 3.365913 3.378400 16.598970
 63380.000000 -845729.500000 794.057535 3.368225 3.403778 16.453151
 63400.000000 -845647.500000 793.407540 3.245619 3.227808 16.284290
 63420.000000 -843411.250000 796.749320 3.426952 3.527708 16.332088
 63440.000000 -845742.750000 794.275821 3.485880 3.576318 16.531322
 63460.000000 -846496.250000 793.576223 3.453462 3.450962 16.585986
 63480.000000 -845753.375000 793.552521 3.199061 3.353962 16.456745
 63500.000000 -845258.750000 793.235460 3.223365 3.426926 16.497464
 63520.000000 -845337.375000 792.938991 3.503955 3.410767 16.518095
 63540.000000 -846316.375000 793.939580 3.466280 3.766655 16.598401
 63560.000000 -845356.750000 793.742325 3.585292 3.431323 16.690920
 63580.000000 -844820.125000 795.462398 3.512655 3.260339 16.621548
 63600.000000 -846997.187500 793.207260 3.412721 3.164676 16.489453
 63620.000000 -846862.750000 793.383236 3.359778 3.172396 16.379405
 63640.000000 -845857.687500 791.721954 3.603000 3.359356 16.759997
 63660.000000 -845778.750000 794.266484 3.604880 3.712263 16.630294
 63680.000000 -843242.625000 795.512398 3.486497 3.618477 16.693156
 63700.000000 -844902.187500 795.191745 3.208515 3.436687 16.410060
 63720.000000 -843791.812500 796.102315 3.159058 3.016763 16.629459
 63740.000000 -846533.562500 793.815960 3.441733 3.151812 16.506703
 63760.000000 -845617.375000 791.192116 3.596931 3.422840 16.581449
 63780.000000 -846051.312500 793.059091 3.387857 3.287477 16.457626
 63800.000000 -845787.750000 796.305209 3.386649 3.240441 16.050119
 63820.000000 -846784.500000 795.097348 3.268521 3.210767 16.653260
 63840.000000 -843657.812500 794.198838 3.434811 3.494184 16.885943
 63860.000000 -845714.375000 793.134676 3.454747 3.233300 16.937613
 63880.000000 -844433.625000 793.456792 3.405488 3.482340 16.691378
 63900.000000 -845376.125000 793.517669 3.435718 3.393056 16.743463
 63920.000000 -845800.437500 793.975343 3.355174 3.112533 16.816236
 63940.000000 -846123.000000 791.810099 3.502967 3.391341 16.585889
 63960.000000 -846555.312500 791.478532 3.528655 3.239923 16.477146
 63980.000000 -847595.812500 793.092205 3.441885 3.548820 16.648122
 64000.000000 -848154.562500 792.659083 3.346283 3.295688 16.405526
 64020.000000 -846967.250000 791.993089 3.482085 3.482884 16.346160
 64040.000000 -843426.625000 793.630283 3.644849 3.450005 16.455099
 64060.000000 -843689.500000 794.378320 3.546398 3.424039 16.583063
 64080.000000 -845882.062500 796.796372 3.388721 3.451827 16.505757
 64100.000000 -843993.937500 797.921767 3.273720 3.599361 16.518292
 64120.000000 -844877.375000 794.627813 3.145875 3.500494 16.327674
 64140.000000 -844882.562500 795.662242 3.123352 3.306579 16.372335
 64160.000000 -844280.437500 793.024099 3.241986 3.653875 16.561683
 64180.000000 -845379.125000 793.801584 3.093377 3.371969 16.389084
 64200.000000 -847749.375000 792.287048 3.478200 3.551164 16.567782
 64220.000000 -845793.125000 792.618711 3.337220 3.511593 16.530923
 64240.000000 -845532.812500 792.816092 3.447613 3.430242 16.452040
 64260.000000 -846847.750000 793.918459 3.342653 3.858581 16.143188
 64280.000000 -846369.625000 793.686535 3.535073 3.838819 16.647516
 64300.000000 -845580.062500 793.754218 3.654348 3.239378 16.737917
 64320.000000 -844519.812500 793.438797 3.385160 3.102801 16.385612
 64340.000000 -844742.562500 795.012253 3.352383 3.400561 16.572005
 64360.000000 -846692.500000 793.610311 3.187356 3.788921 16.529809
 64380.000000 -845937.750000 792.814729 3.116426 3.522123 16.400468
 64400.000000 -845649.562500 794.134445 3.127033 3.440055 16.323860
 64420.000000 -845672.125000 793.506916 3.370655 3.706155 16.261177
 64440.000000 -844433.062500 794.731135 3.282321 3.257026 16.566780
 64460.000000 -845252.187500 794.737824 3.537985 3.402901 16.298625
 64480.000000 -845225.437500 793.390455 3.424795 3.470983 16.284073
 64500.000000 -844903.875000 791.661921 3.282903 3.518341 16.345904
 64520.000000 -844372.687500 794.141537 3.341648 3.402720 16.463813
 64540.000000 -846178.687500 792.946939 3.297407 3.625805 16.147158
 64560.000000 -844852.500000 794.775587 3.284583 3.513118 16.346800
 64580.000000 -846104.125000 794.394009 3.546192 3.292096 16.598027
 64600.000000 -844312.000000 794.235680 3.328793 3.177621 16.711834
 64620.000000 -845076.812500 795.010209 3.544530 3.399639 16.529208
 64640.000000 -844206.500000 795.027832 3.481192 3.631376 16.362902
 64660.000000 -847118.125000 791.912516 3.243956 3.539287 16.032580
 64680.000000 -845074.687500 796.566341 3.206191 3.545481 16.437153
 64700.000000 -846371.187500 791.668661 3.180497 3.689585 16.302072
 64720.000000 -845313.750000 798.027190 3.083744 3.552528 16.594239
 64740.000000 -845791.875000 794.612943 3.072903 3.256095 16.619990
 64760.000000 -846454.375000 794.965137 3.353764 3.276027 16.465077
 64780.000000 -844391.562500 794.071789 3.628809 3.171443 16.408148
 64800.000000 -844742.312500 795.284747 3.626308 3.414519 16.396732
 64820.000000 -844461.125000 796.680518 3.614384 3.487270 16.498399
 64840.000000 -843784.312500 797.787117 3.512162 3.525114 16.544819
 64860.000000 -846760.562500 793.143882 3.408481 3.668830 16.129896
 64880.000000 -845016.625000 796.135536 3.432672 3.633303 16.274548
 64900.000000 -844636.875000 794.102493 3.396146 3.651922 16.291164
 64920.000000 -845754.437500 795.618778 3.713154 3.415607 16.151632
 64940.000000 -844710.250000 794.794476 3.422796 3.314452 16.375980
 64960.000000 -845999.312500 796.497615 3.426848 3.146946 16.495906
 64980.000000 -844678.625000 794.214326 3.422899 3.306905 16.175012
 65000.000000 -845867.812500 793.763411 3.201337 3.298756 16.260626
 65020.000000 -845134.062500 796.639406 3.508234 3.277132 16.293603
 65040.000000 -843851.187500 797.567773 3.512165 3.444834 16.247921
 65060.000000 -843771.000000 794.716342 3.383102 3.148914 16.591407
 65080.000000 -845350.500000 794.990926 3.560258 3.286246 16.536604
 65100.000000 -843445.750000 796.586453 3.648618 3.447783 16.745494
 65120.000000 -844553.187500 796.882688 3.551516 3.216958 16.535702
 65140.000000 -845212.125000 794.521175 3.837116 3.241263 16.506709
 65160.000000 -844378.875000 794.557457 3.816809 3.485626 16.612547
 65180.000000 -845043.125000 796.450333 3.535950 3.521155 16.554606
 65200.000000 -844881.625000 794.184848 3.628842 3.770496 16.727956
 65220.000000 -847442.750000 795.750160 3.530508 3.181746 16.661996
 65240.000000 -845820.187500 796.143859 3.465476 3.181621 16.525286
 65260.000000 -847675.562500 790.843177 3.751042 3.267632 16.828489
 65280.000000 -844050.437500 793.959839 3.560310 3.148826 16.552740
 65300.000000 -845739.687500 792.925280 3.446543 3.378184 16.639770
 65320.000000 -846620.375000 794.059063 3.554473 3.408493 16.446558
 65340.000000 -845325.187500 796.051671 3.650101 3.283162 16.387597
 65360.000000 -845376.500000 792.089254 3.370374 3.251900 16.510074
 65380.000000 -844430.312500 797.558064 3.337088 3.285583 16.339090
 65400.000000 -845144.125000 793.722119 3.261779 3.374377 16.609030
 65420.000000 -845582.750000 792.931739 3.352030 3.128253 16.578680
 65440.000000 -844472.437500 795.516891 3.509269 3.125023 16.294848
 65460.000000 -844917.062500 795.651225 3.304692 3.030966 16.253266
 65480.000000 -846907.437500 793.745865 3.339899 3.332195 16.531968
 65500.000000 -846041.000000 793.302739 3.440513 3.216854 16.397139
 65520.000000 -844805.625000 795.891743 3.374032 3.154438 16.398565
 65540.000000 -845996.187500 796.519132 3.138341 3.374137 16.594986
 65560.000000 -845762.125000 794.723007 3.104927 3.387358 16.754903
 65580.000000 -847013.062500 794.184148 3.668868 3.234185 16.564941
 65600.000000 -846128.812500 794.357279 3.488318 3.180947 16.284341
 65620.000000 -845321.062500 794.100423 3.391608 3.480615 16.430616
 65640.000000 -846342.250000 792.213295 3.326853 3.719136 16.469371
 65660.000000 -844655.125000 794.794958 3.546595 3.502719 16.540049
 65680.000000 -844450.187500 796.743486 3.342620 3.510824 16.517035
 65700.000000 -846467.562500 793.521746 3.136774 3.373369 16.543845
 65720.000000 -843815.187500 797.699636 3.613225 3.287735 16.443467
 65740.000000 -845744.000000 792.928188 3.510598 3.174980 16.637629
 65760.000000 -845176.625000 795.535629 3.358596 3.564505 16.522922
 65780.000000 -844590.437500 795.232937 3.237956 3.250664 16.192776
 65800.000000 -844544.562500 796.761198 3.143162 3.366783 16.240854
 65820.000000 -846807.312500 793.688939 3.244570 3.479612 16.213643
 65840.000000 -844754.375000 796.391899 3.312134 3.503864 16.660194
 65860.000000 -844274.375000 794.792998 3.343411 3.537519 16.374345
 65880.000000 -844571.625000 794.528248 3.368956 3.589066 16.351617
 65900.000000 -845051.500000 796.505689 3.233379 3.196766 16.472724
 65920.000000 -845418.000000 793.617237 3.147305 3.405900 16.492990
 65940.000000 -844149.875000 795.720896 3.329534 3.480609 16.763297
 65960.000000 -845950.812500 791.595043 3.464207 3.330320 16.638971
 65980.000000 -845033.375000 795.377810 3.475520 3.315243 16.460846
 66000.000000 -845629.062500 792.993216 3.308006 3.447834 16.490404
 66020.000000 -843848.687500 795.124775 3.536254 3.499251 16.606122
 66040.000000 -843054.437500 795.761018 3.617665 3.559948 16.289354
 66060.000000 -842636.812500 795.246606 3.511165 3.530293 16.691077
 66080.000000 -844759.500000 792.764424 3.373505 3.535324 16.315255
 66100.000000 -844675.687500 796.379234 3.607610 3.508701 16.415842
 66120.000000 -843968.500000 794.069796 3.275872 3.194028 16.297366
 66140.000000 -843667.312500 795.506070 3.106728 3.080452 16.430455
 66160.000000 -844664.437500 794.230701 3.149949 3.022391 16.659938
 66180.000000 -844888.250000 794.802850 3.124336 3.363580 16.652891
 66200.000000 -844814.812500 791.668356 3.417007 3.301564 16.716633
 66220.000000 -845268.500000 794.245247 3.339157 3.396143 16.499467
 66240.000000 -844457.125000 795.675093 3.089002 3.382310 16.570356
 66260.000000 -846212.187500 793.627971 3.153647 3.395152 16.500541
 66280.000000 -845014.750000 797.509812 3.263070 3.366104 16.441207
 66300.000000 -846908.500000 794.243235 3.530308 3.177018 16.558619
 66320.000000 -844462.062500 792.868245 3.543432 3.408174 16.525781
 66340.000000 -845087.375000 794.587485 3.360862 3.508153 16.570327
 66360.000000 -842839.687500 795.684288 3.174222 3.307224 16.514982
 66380.000000 -844611.687500 795.856538 3.118362 3.342834 16.487166
 66400.000000 -844257.812500 793.378618 3.163322 3.416303 16.606952
 66420.000000 -844334.687500 794.947885 3.339132 3.452038 16.487629
 66440.000000 -845243.875000 793.251917 3.367268 3.407513 16.736081
 66460.000000 -844960.750000 792.545940 3.417497 3.622505 16.235922
 66480.000000 -846249.687500 792.843182 3.572241 3.419787 16.411422
 66500.000000 -844962.687500 791.764283 3.522751 3.341125 16.440856
 66520.000000 -846240.500000 793.013734 3.356603 3.607802 16.644230
 66540.000000 -844948.500000 793.323577 3.457439 3.338151 16.328194
 66560.000000 -847720.750000 792.135493 3.655641 3.070546 16.502744
 66580.000000 -844413.062500 794.964483 3.489266 3.429918 16.881034
 66600.000000 -845696.000000 796.446769 3.246019 3.538799 16.530897
 66620.000000 -844097.312500 796.392129 3.289591 3.403238 16.540807
 66640.000000 -845467.937500 793.527866 3.314425 3.393638 16.781849
 66660.000000 -845469.125000 794.177211 3.170624 3.443090 16.697927
 66680.000000 -845456.750000 793.162257 3.154677 3.441782 16.547007
 66700.000000 -846029.500000 793.693943 3.249078 3.399652 16.848583
 66720.000000 -845732.125000 792.937419 3.269422 3.560350 16.661790
 66740.000000 -846604.000000 791.786774 3.292049 3.580690 16.479924
 66760.000000 -844836.312500 793.695056 3.125004 3.514177 16.611888
 66780.000000 -845423.000000 792.657295 3.159712 3.414925 16.468020
 66800.000000 -844715.062500 793.002744 3.459210 3.318843 16.544880
 66820.000000 -846167.625000 793.016547 3.472485 3.535599 16.222884
 66840.000000 -846408.875000 795.394140 3.146387 3.430267 16.377281
 66860.000000 -845089.687500 792.609793 3.404325 3.425525 16.537265
 66880.000000 -845229.187500 791.945896 3.631575 3.588619 16.584338
 66900.000000 -846546.250000 792.740676 3.718320 3.291823 16.509836
 66920.000000 -846187.500000 794.673299 3.357391 3.500320 16.691576
 66940.000000 -844792.625000 792.647983 3.258158 3.483470 16.359803
 66960.000000 -846412.562500 791.374709 3.340981 3.104599 16.220985
 66980.000000 -844608.062500 794.986827 3.370028 3.361436 16.424416
 67000.000000 -844962.062500 793.946127 3.367321 3.295987 16.480864
 67020.000000 -843996.562500 793.168225 3.178572 3.517629 16.567330
 67040.000000 -845662.062500 792.128523 3.201651 3.386070 16.755998
 67060.000000 -844502.562500 794.568133 3.358059 3.578287 16.787726
 67080.000000 -846153.375000 793.792324 3.346010 3.621325 16.497523
 67100.000000 -844509.187500 791.703043 3.476053 3.340674 16.466128
 67120.000000 -846858.375000 792.406653 3.362275 3.285091 16.574894
 67140.000000 -844474.937500 792.972230 3.438543 3.163503 16.700580
 67160.000000 -844988.625000 794.670966 3.648980 3.167694 16.551516
 67180.000000 -846175.937500 793.882480 3.685720 3.238954 16.671400
 67200.000000 -845832.437500 791.155532 3.546226 3.143147 16.414863
 67220.000000 -845337.312500 797.525144 3.314402 3.342515 16.502288
 67240.000000 -846446.500000 791.105173 3.435812 3.231676 16.514025
 67260.000000 -846537.000000 794.125869 3.518832 3.435326 16.439799
 67280.000000 -844990.062500 793.519714 3.631403 3.448305 16.311637
 67300.000000 -846831.437500 793.606169 3.633984 3.546563 16.485938
 67320.000000 -845090.250000 794.046270 3.615881 3.617560 16.643961
 67340.000000 -845127.562500 792.766664 3.384849 3.452920 16.453709
 67360.000000 -844938.875000 794.474873 3.188638 3.017165 16.561306
 67380.000000 -845403.375000 793.911078 3.172240 3.337360 16.270653
 67400.000000 -845841.000000 793.072644 3.275511 3.491878 16.282274
 67420.000000 -845173.437500 793.914630 3.485117 3.428463 16.651767
 67440.000000 -845259.687500 794.976019 3.358222 3.295305 16.737449
 67460.000000 -844802.750000 795.439664 3.452498 3.327812 16.833474
 67480.000000 -846036.500000 794.224834 3.414467 3.438511 16.665481
 67500.000000 -844730.687500 796.305491 3.321575 3.431375 16.661791
 67520.000000 -845203.125000 793.515914 3.462524 3.479436 16.529948
 67540.000000 -845528.937500 795.510671 3.415026 3.519485 16.519948
 67560.000000 -845677.812500 794.212222 3.519954 3.341663 16.854253
 67580.000000 -846277.625000 794.299952 3.542806 3.184808 16.282000
 67600.000000 -845376.812500 797.890994 3.506139 3.050541 16.430777
 67620.000000 -844434.312500 795.341833 3.415112 3.107986 16.584596
 67640.000000 -844935.750000 792.762366 3.215079 3.167876 16.365582
 67660.000000 -845560.250000 792.835499 3.358357 3.369898 16.425477
 67680.000000 -843820.000000 796.225445 3.567884 3.227094 16.258321
 67700.000000 -845573.812500 795.576774 3.549471 3.418624 16.043714
 67720.000000 -844509.437500 794.508172 3.340419 3.183288 16.192556
 67740.000000 -846324.375000 792.509597 3.340039 3.465714 16.317969
 67760.000000 -845459.250000 794.003770 3.249913 3.637182 16.644647
 67780.000000 -845713.625000 793.702883 3.038229 3.710094 16.498906
 67800.000000 -845494.812500 793.935576 3.390489 3.382167 16.593789
 67820.000000 -844726.937500 795.818521 3.571607 3.483640 16.517673
 67840.000000 -844374.625000 793.975770 3.658261 3.299560 16.589090
 67860.000000 -845691.562500 792.577508 3.318638 3.177009 16.875622
 67880.000000 -844905.812500 792.349742 3.234739 3.086274 16.628400
 67900.000000 -845374.687500 794.112840 3.382035 3.244248 16.485157
 67920.000000 -845256.750000 793.335370 3.258644 3.283306 16.655592
 67940.000000 -844033.000000 793.290739 3.243453 3.168557 16.626896
 67960.000000 -843816.250000 794.708194 3.119492 3.672640 16.462939
 67980.000000 -843647.937500 794.677503 3.058188 3.159016 16.352348
 68000.000000 -843972.875000 794.557786 3.255579 3.557156 16.332031
 68020.000000 -845661.187500 795.085176 3.300517 3.510878 16.287397
 68040.000000 -845419.062500 793.327903 3.317603 3.467380 16.520694
 68060.000000 -845659.375000 793.997562 3.493512 3.497964 16.500156
 68080.000000 -844754.625000 794.887552 3.387447 3.585713 16.473069
 68100.000000 -843903.125000 791.858772 3.556127 3.334456 16.455147
 68120.000000 -844632.187500 794.785266 3.777016 3.295505 16.603503
 68140.000000 -844821.125000 793.316898 3.366375 3.305400 16.692446
 68160.000000 -844306.812500 793.102164 3.406609 3.386444 16.500654
 68180.000000 -845083.125000 793.374948 3.505570 3.588909 16.725918
 68200.000000 -846619.812500 794.167388 3.556995 3.574918 16.631384
 68220.000000 -845231.062500 791.265500 3.531032 3.313971 16.560947
 68240.000000 -844218.187500 794.298060 3.753473 3.317378 16.526190
 68260.000000 -843770.500000 797.258291 3.542643 3.524171 16.792470
 68280.000000 -847584.125000 792.750333 3.824653 3.341088 16.691840
 68300.000000 -845751.062500 793.907323 3.614876 3.350733 16.824179
 68320.000000 -844444.562500 793.085394 3.692641 3.305409 16.644458
 68340.000000 -844487.125000 795.845881 3.558604 3.253262 16.742119
 68360.000000 -844430.875000 795.093779 3.377927 3.538748 16.695997
 68380.000000 -844339.062500 796.447425 3.335934 3.442693 16.244346
 68400.000000 -843834.000000 795.635574 3.336724 3.327043 16.544873
 68420.000000 -843903.125000 793.481795 3.326375 3.503033 16.285176
 68440.000000 -845594.812500 792.949972 3.333418 3.550853 16.448429
 68460.000000 -844756.437500 794.778288 3.330198 3.371711 16.702455
 68480.000000 -843410.062500 795.882141 3.498639 3.591746 16.665104
 68500.000000 -844249.062500 795.154908 3.782303 3.300641 16.662543
 68520.000000 -844717.500000 795.984418 3.506449 3.155931 16.855135
 68540.000000 -845392.500000 793.441903 3.361667 3.012614 16.637957
 68560.000000 -844324.875000 795.714101 3.307427 3.328619 16.542201
 68580.000000 -843187.312500 795.540327 3.283161 3.442384 16.470836
 68600.000000 -844694.625000 794.013060 3.240656 3.215604 16.328356
 68620.000000 -845371.812500 795.075427 3.267476 3.168129 16.634415
 68640.000000 -845851.437500 792.176369 3.152458 3.051571 16.407238
 68660.000000 -843792.312500 794.395828 3.365564 3.317646 16.520292
 68680.000000 -845116.875000 793.997674 3.298892 2.985564 16.580244
 68700.000000 -844340.687500 791.911598 3.350049 3.336142 16.759540
 68720.000000 -844895.687500 795.063189 3.307366 3.687666 16.675581
 68740.000000 -843530.875000 793.385780 3.372598 3.689120 16.516466
 68760.000000 -843768.375000 793.329603 3.408913 3.626092 16.654404
 68780.000000 -844021.875000 793.565193 3.183815 3.553501 16.448285
 68800.000000 -845876.187500 792.582647 3.588552 3.128476 16.378000
 68820.000000 -845146.187500 793.511638 3.408866 3.205096 16.594659
 68840.000000 -844605.875000 796.818938 3.692766 3.334800 16.508054
 68860.000000 -844030.937500 794.032843 3.413433 3.083954 16.299877
 68880.000000 -844468.437500 794.209359 3.217714 3.496511 16.511937
 68900.000000 -844987.125000 793.675410 3.462569 3.335734 16.591696
 68920.000000 -846465.062500 792.367786 3.426701 3.276330 16.566534
 68940.000000 -847125.375000 794.245637 3.303512 3.331064 16.944107
 68960.000000 -846766.187500 793.826039 3.366234 3.308933 16.912877
 68980.000000 -845755.000000 793.824906 3.528546 3.389548 16.644199
 69000.000000 -844848.312500 791.256654 3.269558 3.328136 16.405793
 69020.000000 -845066.250000 793.344709 3.333449 3.127674 16.382846
 69040.000000 -845887.187500 792.796036 3.172055 3.385484 16.440500
 69060.000000 -845426.375000 794.568732 3.228660 3.548708 16.393002
 69080.000000 -845412.875000 794.165007 3.409586 3.428678 16.465567
 69100.000000 -843070.000000 794.412849 3.467792 3.315712 16.604080
 69120.000000 -846143.375000 790.371826 3.028935 3.528994 16.795908
 69140.000000 -848820.812500 793.491805 3.335757 3.681999 16.685341
 69160.000000 -844110.062500 796.432417 3.440384 3.497338 16.510777
 69180.000000 -844940.375000 794.787731 3.636828 3.459706 16.523032
 69200.000000 -844799.625000 791.455425 3.616633 3.141041 16.346255
 69220.000000 -844307.312500 794.050593 3.449162 3.267323 16.385187
 69240.000000 -845067.562500 793.313195 3.496245 3.532720 16.287807
 69260.000000 -845732.625000 792.102901 3.212124 3.480048 16.437296
 69280.000000 -846221.500000 793.117434 3.460961 3.726414 16.414545
 69300.000000 -844544.687500 794.883841 3.202618 3.727166 16.670022
 69320.000000 -844677.812500 794.859893 3.191635 3.578428 16.721322
 69340.000000 -847082.812500 794.126892 3.449649 3.411239 16.430322
 69360.000000 -845086.312500 791.439074 3.803037 3.196613 16.519384
 69380.000000 -846915.375000 793.134434 3.673613 3.508409 16.534571
 69400.000000 -846410.875000 793.532525 3.718251 3.382739 16.442837
 69420.000000 -846653.812500 792.295415 3.573450 3.643294 16.583715
 69440.000000 -845878.187500 795.363094 3.337375 3.439992 16.597225
 69460.000000 -844953.250000 793.814512 3.170413 3.212600 16.640196
 69480.000000 -846403.812500 791.656825 3.113403 3.314141 16.315495
 69500.000000 -844351.500000 794.404320 3.340289 3.336894 16.455852
 69520.000000 -846068.125000 793.723014 3.289081 3.195287 16.430538
 69540.000000 -846690.312500 792.145368 3.259899 3.678998 16.318083
 69560.000000 -845109.187500 793.189016 3.278358 3.545141 16.299795
 69580.000000 -845341.062500 793.751998 3.063947 3.468801 16.278662
 69600.000000 -844961.250000 795.592728 3.386902 3.739708 16.265869
 69620.000000 -845657.000000 794.601566 3.473401 3.623170 16.261484
 69640.000000 -843765.500000 792.618474 3.332139 3.259147 16.313641
 69660.000000 -844714.250000 794.795318 3.367652 3.461471 16.383895
 69680.000000 -846577.562500 793.991955 3.415533 3.321596 16.565432
 69700.000000 -845373.937500 795.007681 3.457574 3.437239 16.109064
 69720.000000 -847489.625000 795.315452 3.256233 3.536306 16.398075
 69740.000000 -844735.125000 796.533934 3.297913 3.157726 16.245659
 69760.000000 -845921.750000 793.374142 3.084462 3.362535 16.352583
 69780.000000 -844848.812500 794.496643 3.083721 3.794581 16.572895
 69800.000000 -845401.875000 794.256655 3.306378 3.250807 16.493899
 69820.000000 -845099.687500 794.972232 3.070427 3.270773 16.657041
 69840.000000 -843166.437500 798.281584 3.321848 3.116471 16.489165
 69860.000000 -845839.500000 797.434771 3.419435 3.319903 16.581465
 69880.000000 -845651.250000 793.712844 3.269310 3.330350 16.559699
 69900.000000 -844716.937500 794.949913 3.364643 3.431500 16.312840
 69920.000000 -843523.875000 796.377377 3.304953 3.099581 16.304009
 69940.000000 -845076.125000 792.219582 3.400674 3.173218 16.494735
 69960.000000 -845198.000000 795.772269 3.047410 3.362642 16.389563
 69980.000000 -846255.000000 793.787000 3.150875 3.203197 16.331139
 70000.000000 -846768.375000 793.480971 3.429532 3.483926 16.201650
 70020.000000 -846798.812500 794.197472 3.562241 3.597650 16.550315
 70040.000000 -846597.000000 792.875061 3.625687 3.555605 16.618271
 70060.000000 -845739.562500 794.235592 3.602840 3.493642 16.337025
 70080.000000 -844940.750000 795.239851 3.481070 3.220864 16.423116
 70100.000000 -844855.687500 796.018209 3.315159 3.364945 16.381671
 70120.000000 -846157.062500 793.853593 3.437684 3.177843 16.461315
 70140.000000 -844510.937500 795.185082 3.419575 3.155801 16.346922
 70160.000000 -845270.375000 794.347587 3.244110 3.194301 16.558500
 70180.000000 -846313.125000 792.893802 3.309278 3.365931 16.377303
 70200.000000 -847638.750000 793.628807 3.111792 3.395186 16.333233
 70220.000000 -844299.000000 793.544528 3.382800 3.429083 16.348192
 70240.000000 -845736.125000 794.120764 3.478728 3.798113 16.326824
 70260.000000 -844506.500000 795.787069 3.466251 3.513316 16.340113
 70280.000000 -844371.437500 797.111526 3.549517 3.611360 16.445270
 70300.000000 -844959.625000 791.897327 3.367367 3.736972 16.455190
 70320.000000 -843973.312500 794.255445 3.147183 3.461747 16.778835
 70340.000000 -845776.562500 794.283483 3.291212 3.250784 16.634072
 70360.000000 -845858.187500 793.270868 3.432415 3.341618 16.636756
 70380.000000 -846693.250000 794.190575 3.310690 3.353284 16.707713
 70400.000000 -844702.562500 796.821465 3.544524 3.435031 16.490303
 70420.000000 -846313.625000 794.366307 3.477485 3.627701 16.576865
 70440.000000 -845004.750000 791.238260 3.436551 3.710983 16.559138
 70460.000000 -845671.875000 793.413865 3.315911 3.691368 16.674121
 70480.000000 -846262.937500 793.429976 3.375541 3.510911 16.517243
 70500.000000 -847177.187500 792.238256 3.418145 3.249045 16.321189
 70520.000000 -844269.937500 793.737060 3.396883 3.229864 16.901099
 70540.000000 -845688.875000 793.403894 3.487000 3.454346 16.754575
 70560.000000 -846058.000000 792.768722 3.842092 3.559643 16.408804
 70580.000000 -846176.375000 793.264961 3.695162 3.455782 16.357819
 70600.000000 -845838.562500 792.446893 3.558707 3.118849 16.631357
 70620.000000 -843783.750000 793.818487 3.273607 3.373502 16.526101
 70640.000000 -846104.500000 792.677709 3.478247 3.596611 16.589339
 70660.000000 -846922.500000 794.012231 3.307456 3.507419 16.625365
 70680.000000 -846204.125000 792.670091 3.269962 3.325832 16.336862
 70700.000000 -843818.687500 796.211161 3.321097 3.080052 16.299604
 70720.000000 -843128.750000 796.292777 3.243799 3.093071 16.413829
 70740.000000 -846045.250000 793.359365 3.344784 3.121297 16.416820
 70760.000000 -844121.375000 794.521268 3.204915 3.321391 16.424111
 70780.000000 -844580.125000 795.104201 3.406324 3.225761 16.037806
 70800.000000 -846475.687500 791.775022 3.362507 3.515293 15.994894
 70820.000000 -845944.000000 793.742658 3.054767 3.719602 16.390893
 70840.000000 -844964.125000 792.721358 3.130313 3.568409 16.442279
 70860.000000 -845249.312500 795.950508 3.314348 3.539614 16.399642
 70880.000000 -845221.750000 795.347300 3.443680 3.351796 16.355404
 70900.000000 -844699.750000 795.587453 3.548345 3.454062 16.662818
 70920.000000 -844197.375000 797.721409 3.487558 3.425046 16.463625
 70940.000000 -845462.750000 795.400645 3.288749 3.485374 16.687700
 70960.000000 -845459.000000 793.524923 3.433992 3.522541 16.366459
 70980.000000 -844592.000000 794.960396 3.272482 3.380240 16.308347
 71000.000000 -844510.937500 794.151776 3.193938 3.343035 16.355452
 71020.000000 -845721.125000 794.037703 3.373376 3.219671 16.600586
 71040.000000 -846300.375000 792.751154 3.518450 3.453685 16.706021
 71060.000000 -845350.125000 796.323402 3.335087 3.495404 16.577427
 71080.000000 -845213.312500 795.022366 3.463488 3.339873 16.447909
 71100.000000 -844694.375000 796.476385 3.229835 3.589853 16.586585
 71120.000000 -844890.187500 794.401844 3.306624 3.435172 16.512538
 71140.000000 -846273.687500 792.396889 3.410909 3.210111 16.842003
 71160.000000 -845782.375000 793.250311 3.332711 3.245127 16.377021
 71180.000000 -846443.750000 792.449477 3.378445 3.458357 16.652552
 71200.000000 -844683.625000 793.079597 3.426932 3.216191 16.839682
 71220.000000 -845575.312500 795.399636 3.410001 3.530134 16.496504
 71240.000000 -845078.187500 790.746357 3.577178 3.277145 16.636498
 71260.000000 -845303.937500 792.048333 3.665895 3.436069 16.622199
 71280.000000 -844865.062500 795.330512 3.710430 3.527144 16.586253
 71300.000000 -845089.875000 795.150086 3.253599 3.459882 16.522966
 71320.000000 -845568.812500 795.659486 3.490837 3.305236 16.673143
 71340.000000 -843668.500000 796.736292 3.600524 3.338677 16.523363
 71360.000000 -845313.937500 793.127392 3.562932 3.473878 16.668702
 71380.000000 -844973.750000 796.506355 3.479290 3.589804 16.593968
 71400.000000 -845700.312500 794.872797 3.494500 2.993898 16.345416
 71420.000000 -845139.187500 793.741588 3.427963 3.342072 16.176259
 71440.000000 -844440.437500 794.606299 3.225884 3.342012 16.264538
 71460.000000 -847190.125000 792.497207 3.174514 3.330517 16.441034
 71480.000000 -846043.812500 791.360791 3.269935 3.308584 16.665329
 71500.000000 -845556.937500 792.026032 3.416605 3.437125 16.521209
 71520.000000 -846101.750000 794.688444 3.070219 3.555075 16.479890
 71540.000000 -845790.750000 793.053115 3.167035 3.671141 16.377199
 71560.000000 -846209.687500 795.257628 3.425065 3.541673 16.223185
 71580.000000 -846496.937500 792.107889 3.452853 3.248767 16.599309
 71600.000000 -845106.500000 795.871075 3.551303 3.190575 16.615502
 71620.000000 -844979.812500 795.876663 3.541343 3.209686 16.511481
 71640.000000 -845182.312500 794.650594 3.601443 3.102287 16.532896
 71660.000000 -848031.125000 793.367828 3.426414 3.492737 16.275858
 71680.000000 -845508.562500 793.618280 3.246276 3.364068 16.614799
 71700.000000 -845383.687500 793.992299 3.508279 3.772023 16.598697
 71720.000000 -845497.125000 793.073498 3.644646 3.749204 16.314108
 71740.000000 -847162.750000 792.174736 3.487278 3.508395 16.610227
 71760.000000 -844606.875000 793.637957 3.506820 3.358216 16.752022
 71780.000000 -845291.625000 793.880531 3.659921 3.427279 16.431955
 71800.000000 -844266.250000 793.175863 3.316138 3.344556 16.603507
 71820.000000 -844377.812500 794.335436 3.357758 3.300800 16.392672
 71840.000000 -844054.437500 795.010655 3.568673 3.231370 16.548956
 71860.000000 -843724.125000 796.000600 3.338557 3.192339 16.371686
 71880.000000 -845548.000000 793.248337 3.292187 3.292191 16.532004
 71900.000000 -844805.187500 794.423167 3.565179 3.391034 16.342095
 71920.000000 -844032.687500 794.046868 3.325756 3.552730 16.508047
 71940.000000 -844211.562500 795.707603 3.516736 3.359997 16.685750
 71960.000000 -845365.500000 795.031899 3.391877 3.284630 16.631226
 71980.000000 -847446.000000 792.753207 3.276314 3.466966 16.467553
 72000.000000 -844625.687500 793.940047 3.516202 3.149575 16.521812
 72020.000000 -844524.562500 794.457590 3.474778 3.440625 16.454958
 72040.000000 -844600.000000 792.631055 3.414939 3.491293 16.617697
 72060.000000 -845971.375000 793.372172 3.274913 3.355488 16.475353
 72080.000000 -846199.375000 790.025160 3.189026 3.191674 16.513151
 72100.000000 -846031.750000 793.455487 3.244884 3.383315 16.586121
 72120.000000 -845874.250000 794.105814 3.623567 3.421613 16.522490
 72140.000000 -843865.500000 793.992486 3.297346 3.337485 16.512681
 72160.000000 -845652.250000 794.156146 2.982883 3.242568 16.473014
 72180.000000 -844135.062500 795.915279 3.178517 3.399043 16.416542
 72200.000000 -845197.625000 794.302195 3.297609 3.687625 16.639207
 72220.000000 -846197.187500 795.642701 3.246466 3.373955 16.661073
 72240.000000 -846120.562500 793.625311 3.424849 3.289386 16.598071
 72260.000000 -845562.687500 791.976317 3.374381 3.111005 16.614602
 72280.000000 -845305.937500 794.300581 3.362562 3.330347 16.453579
 72300.000000 -845566.750000 794.158839 3.595755 3.445948 16.503733
 72320.000000 -846890.750000 794.592124 3.571287 3.299109 16.588658
 72340.000000 -844771.562500 794.049691 3.653924 3.284377 16.717704
 72360.000000 -844722.687500 793.986244 3.420935 3.372462 16.573733
 72380.000000 -844507.562500 794.789072 3.433863 3.185539 16.491166
 72400.000000 -843742.000000 795.996757 3.568628 3.676934 16.290939
 72420.000000 -843985.562500 794.580436 3.542874 3.097338 16.414379
 72440.000000 -846963.687500 792.180126 3.647563 3.448696 16.392353
 72460.000000 -843777.500000 795.543658 3.423065 3.317586 16.632364
 72480.000000 -844861.312500 795.125102 3.291586 3.757662 16.574415
 72500.000000 -847300.750000 792.621648 3.284526 3.631631 16.531086
 72520.000000 -844350.500000 794.298094 3.282237 3.527362 16.348914
 72540.000000 -845228.250000 792.541688 3.387605 3.538424 16.479688
 72560.000000 -846305.312500 794.092271 3.276818 3.661493 16.422802
 72580.000000 -846664.937500 791.603005 3.268313 3.539383 16.458355
 72600.000000 -846528.062500 794.820602 3.342913 3.609280 16.510096
 72620.000000 -845657.875000 794.015262 3.567981 3.792845 16.446428
 72640.000000 -846952.000000 790.844806 3.627909 3.499844 16.316936
 72660.000000 -848127.312500 791.975554 3.548857 3.701595 16.618308
 72680.000000 -845574.062500 794.630633 3.550437 3.492076 16.710475
 72700.000000 -847148.375000 792.800624 3.321085 3.683878 16.734030
 72720.000000 -845560.125000 793.229549 3.242949 3.510651 16.462196
 72740.000000 -844297.937500 794.753590 3.351584 3.491122 16.609480
 72760.000000 -845368.062500 796.897617 3.576136 3.145727 16.528520
 72780.000000 -844745.437500 792.938969 3.260539 3.334482 16.613795
 72800.000000 -845467.687500 796.235943 3.297901 3.249593 16.321885
 72820.000000 -845259.375000 794.355530 3.249940 3.177070 16.343006
 72840.000000 -845122.437500 793.687920 3.283993 3.448682 16.686407
 72860.000000 -846208.000000 794.100476 3.293272 3.464145 16.518652
 72880.000000 -845483.750000 792.744500 3.110102 3.471411 16.389956
 72900.000000 -844531.625000 794.737145 3.309322 3.214427 16.662018
 72920.000000 -846835.500000 793.760506 3.267831 3.262616 16.526355
 72940.000000 -844298.937500 793.282208 3.298454 3.384746 16.386209
 72960.000000 -843768.750000 794.380409 3.167713 3.376963 16.642333
 72980.000000 -846424.500000 792.636481 3.229089 3.460676 16.371752
 73000.000000 -846385.625000 793.315280 3.158848 3.379622 15.983797
 73020.000000 -845193.187500 793.831492 3.324842 3.440981 16.276912
 73040.000000 -844950.000000 795.018209 3.256718 3.241571 16.350133
 73060.000000 -845507.500000 796.749547 3.255062 3.357687 16.468408
 73080.000000 -844751.687500 795.582800 3.369040 3.591710 16.402809
 73100.000000 -845931.000000 793.389870 3.162842 3.661081 16.648656
 73120.000000 -845158.000000 792.674455 3.289665 3.406051 16.558213
 73140.000000 -845389.187500 792.067916 3.343828 3.767283 16.484922
 73160.000000 -842716.875000 796.495438 3.082592 3.494539 16.494482
 73180.000000 -844798.937500 792.296580 3.137736 3.623592 16.613238
 73200.000000 -845604.312500 793.532373 3.216475 3.703556 16.493195
 73220.000000 -846702.625000 791.874090 3.452379 3.539365 16.252685
 73240.000000 -846644.750000 794.414562 3.530471 3.483410 16.423324
 73260.000000 -844707.625000 793.503662 3.154417 3.253263 16.863676
 73280.000000 -846640.937500 794.020123 3.420278 3.655800 16.693706
 73300.000000 -847315.500000 791.212414 3.167068 3.708317 16.602310
 73320.000000 -845032.500000 793.379852 3.272279 3.487238 16.702203
 73340.000000 -846454.750000 790.656674 3.379989 3.443577 16.561035
 73360.000000 -846176.062500 791.733868 3.376453 3.352144 16.357771
 73380.000000 -844520.875000 792.464859 3.299549 3.262195 16.358291
 73400.000000 -845610.375000 794.248125 3.461249 3.276238 16.344360
 73420.000000 -846508.562500 792.078132 3.375227 3.489270 16.418473
 73440.000000 -843796.562500 792.736377 3.502311 3.369567 16.705402
 73460.000000 -845481.937500 792.890179 3.484467 3.598394 16.485665
 73480.000000 -845832.375000 794.639966 3.395448 3.475459 16.444060
 73500.000000 -846004.562500 792.608754 3.528247 3.558926 16.575296
 73520.000000 -845782.062500 793.311910 3.480123 3.439721 16.463277
 73540.000000 -846588.000000 793.013697 3.498779 3.360233 16.298131
 73560.000000 -844495.312500 797.074713 3.468601 3.643163 16.527798
 73580.000000 -846173.500000 796.386120 3.150273 3.485710 16.104595
 73600.000000 -844665.937500 794.088233 3.471449 3.355560 16.508689
 73620.000000 -845091.875000 793.866616 3.455587 3.138555 16.505761
 73640.000000 -846493.062500 796.118991 3.132491 3.177825 16.643386
 73660.000000 -846237.062500 794.229029 3.259633 3.317973 16.523927
 73680.000000 -847127.125000 791.181888 3.461949 3.235908 16.579290
 73700.000000 -845159.312500 794.199393 3.578488 3.300896 16.461199
 73720.000000 -843603.687500 794.131569 3.533535 3.307829 16.657143
 73740.000000 -844633.875000 793.344619 3.281250 3.389035 16.629358
 73760.000000 -844212.875000 793.130583 3.762885 3.261465 16.499906
 73780.000000 -845969.062500 794.804001 3.436719 3.480756 16.414688
 73800.000000 -844449.562500 793.034209 3.391402 3.312821 16.612001
 73820.000000 -845333.937500 795.769072 3.438471 3.344458 16.568523
 73840.000000 -844974.937500 794.342383 3.279178 3.310910 16.503523
 73860.000000 -844995.375000 793.094280 3.163344 3.218756 16.512219
 73880.000000 -847764.125000 792.518686 3.302974 3.433720 16.535904
 73900.000000 -843196.062500 795.460343 3.267997 3.359668 16.318816
 73920.000000 -843657.250000 795.137052 3.377465 3.651558 16.303207
 73940.000000 -845417.625000 793.220913 3.581879 3.517631 16.350192
 73960.000000 -846506.312500 792.827177 3.403730 3.240496 16.477245
 73980.000000 -844775.437500 795.213668 3.339074 3.417076 16.316120
 74000.000000 -843822.625000 791.951258 3.533248 3.335446 16.377101
 74020.000000 -846927.375000 792.615814 3.908475 3.377897 16.525410
 74040.000000 -846645.500000 794.252559 3.475307 3.240157 16.702047
 74060.000000 -846510.187500 792.943077 3.366492 3.426408 16.734613
 74080.000000 -847495.625000 793.632423 3.229621 3.428423 16.687237
 74100.000000 -843984.250000 792.335522 3.277449 3.481832 16.493961
 74120.000000 -845652.875000 793.310235 3.638070 3.681280 16.534019
 74140.000000 -845081.687500 793.742489 3.537785 3.408846 16.304469
 74160.000000 -846597.437500 793.537274 3.684639 3.472328 16.232279
 74180.000000 -843752.937500 794.706625 3.594581 3.598342 16.402037
 74200.000000 -845475.937500 793.474452 3.492008 3.292880 16.487603
 74220.000000 -847228.937500 792.359357 3.403906 3.322871 16.658488
 74240.000000 -844878.437500 794.773824 3.587322 3.455428 16.467710
 74260.000000 -845976.187500 795.049074 3.315629 3.359437 16.456123
 74280.000000 -846551.250000 792.826003 3.155713 3.247978 16.598703
 74300.000000 -844383.312500 794.802730 3.482166 3.179467 16.436208
 74320.000000 -844978.312500 795.071069 3.653930 3.157566 16.441281
 74340.000000 -846177.937500 792.191264 3.463917 3.126146 16.488275
 74360.000000 -843485.625000 795.201748 3.571734 3.078928 16.545341
 74380.000000 -844997.125000 791.474052 3.380043 3.281063 16.851561
 74400.000000 -845392.750000 793.557880 3.145598 3.498359 16.793283
 74420.000000 -845888.187500 792.213857 3.173513 3.420417 16.443857
 74440.000000 -843750.125000 796.399695 3.404116 3.349840 16.475741
 74460.000000 -845558.062500 793.803895 3.516122 3.595895 16.606286
 74480.000000 -844289.625000 796.319425 3.523029 3.477124 16.468312
 74500.000000 -844929.437500 792.834380 3.565596 3.123713 16.385931
 74520.000000 -846849.187500 792.735225 3.406989 3.369233 16.178792
 74540.000000 -845289.500000 795.510533 3.303065 3.334140 16.388463
 74560.000000 -845254.187500 794.444570 3.248851 3.440766 16.305135
 74580.000000 -844799.562500 793.850554 3.562250 3.316330 16.308028
 74600.000000 -844187.000000 795.044005 3.477491 3.463746 16.354176
 74620.000000 -846473.687500 795.567228 3.403790 3.288919 16.673629
 74640.000000 -846681.625000 794.173560 3.356639 3.409734 16.586478
 74660.000000 -845727.750000 791.997165 3.429988 3.386325 16.704133
 74680.000000 -845050.187500 791.970106 3.491545 3.407080 16.497361
 74700.000000 -847604.500000 795.277347 3.721897 3.282288 16.331387
 74720.000000 -846799.937500 792.934432 3.652449 3.365898 16.415039
 74740.000000 -845741.312500 792.930173 3.621120 3.328888 16.631191
 74760.000000 -845138.750000 794.913417 3.313432 3.352036 16.564073
 74780.000000 -846884.687500 793.567549 3.299890 3.387064 16.623217
 74800.000000 -845524.625000 792.242046 3.323840 3.399195 16.683140
 74820.000000 -844309.250000 795.149861 3.443590 3.362400 16.455732
 74840.000000 -844558.062500 792.911904 3.481629 3.431163 16.291679
 74860.000000 -844931.500000 794.207634 3.348749 3.565879 16.514562
 74880.000000 -844590.750000 796.478868 3.331442 3.370908 16.610864
 74900.000000 -843964.062500 792.703309 3.322304 3.511070 16.420239
 74920.000000 -844591.062500 795.824308 3.510809 3.165796 16.389052
 74940.000000 -845467.312500 792.334736 3.408338 3.085669 16.621641
 74960.000000 -847630.937500 792.513831 3.136557 3.299592 16.745643
 74980.000000 -846300.750000 792.771434 3.266761 3.031386 16.680215
 75000.000000 -845403.812500 791.837770 3.271139 3.262990 16.401249
 75020.000000 -845067.562500 791.207241 3.440167 3.463910 16.324628
 75040.000000 -847055.500000 792.464834 3.413077 3.078532 16.369971
 75060.000000 -846872.687500 792.442755 3.392160 3.497438 16.615057
 75080.000000 -845647.625000 794.798260 3.249515 3.374466 16.567397
 75100.000000 -844418.875000 793.734330 3.282506 3.477590 16.411629
 75120.000000 -846048.562500 791.605606 3.415570 3.376129 16.208298
 75140.000000 -844251.562500 793.770604 3.648437 3.217187 16.459775
 75160.000000 -845559.000000 792.817377 3.387931 3.353307 16.216644
 75180.000000 -845106.125000 794.757911 3.467159 3.640638 16.347865
 75200.000000 -845643.875000 794.424748 3.712831 3.565091 16.177465
 75220.000000 -845639.687500 790.922853 3.660210 3.277040 16.437133
 75240.000000 -845001.375000 795.266582 3.606184 3.788843 16.171034
 75260.000000 -847082.750000 790.781932 3.196172 3.464700 16.153640
 75280.000000 -845419.625000 794.087213 3.481132 3.277872 16.450795
 75300.000000 -844903.812500 793.797817 3.536318 3.299162 16.410212
 75320.000000 -844678.125000 793.628485 3.647834 3.520523 16.380330
 75340.000000 -844046.812500 795.304519 3.494702 3.713865 16.481094
 75360.000000 -845552.750000 793.401622 3.643662 3.427042 16.591095
 75380.000000 -846874.250000 793.290050 3.630477 3.088582 16.583500
 75400.000000 -843974.187500 795.743500 3.686916 3.196504 16.548718
 75420.000000 -846136.187500 793.792559 3.581458 3.010165 16.548352
 75440.000000 -845230.250000 794.734070 3.301143 3.011157 16.518268
 75460.000000 -845084.062500 792.375760 3.591020 3.192598 16.507111
 75480.000000 -845465.750000 794.372554 3.585221 3.360362 16.484986
 75500.000000 -846681.937500 790.793595 3.701361 3.432650 16.474271
 75520.000000 -843737.000000 796.167244 3.508938 3.514328 16.377539
 75540.000000 -845806.875000 792.793067 3.387824 3.484227 16.310313
 75560.000000 -846038.625000 793.941892 3.508450 3.280306 16.610082
 75580.000000 -845380.437500 794.219817 3.339092 3.385474 16.743719
 75600.000000 -846164.625000 791.767966 3.224029 3.441013 16.499174
 75620.000000 -844811.250000 794.475562 3.374509 3.120058 16.418467
 75640.000000 -845760.187500 795.700717 3.483490 3.265682 16.417185
 75660.000000 -846567.500000 790.812838 3.741606 3.693257 16.583803
 75680.000000 -844282.062500 794.490242 3.959127 3.223626 16.596485
 75700.000000 -847281.125000 792.179430 3.600022 3.112585 16.509689
 75720.000000 -846910.250000 788.894031 3.607304 3.657880 16.693236
 75740.000000 -848305.937500 794.606055 3.483555 3.378162 16.559974
 75760.000000 -846331.750000 792.772292 3.641234 3.153712 16.338632
 75780.000000 -844948.875000 792.172210 3.171984 3.160413 16.305029
 75800.000000 -846789.687500 795.770701 3.049201 3.297459 16.369278
 75820.000000 -847691.562500 792.931815 3.036325 3.181262 16.616354
 75840.000000 -847052.812500 793.118930 3.017312 3.336456 16.617806
 75860.000000 -844420.250000 793.700726 3.356876 3.458895 16.490292
 75880.000000 -847302.562500 794.724026 3.502289 3.620123 16.276818
 75900.000000 -844116.375000 795.136088 3.266186 3.391758 16.391310
 75920.000000 -845953.875000 792.329384 3.209372 3.523869 16.339134
 75940.000000 -847002.875000 794.017397 3.202145 3.790659 16.214121
 75960.000000 -846854.437500 793.868440 3.380531 3.354723 16.501166
 75980.000000 -847817.062500 793.321204 3.231238 3.338295 16.499686
 76000.000000 -843408.500000 798.314052 3.317962 3.102100 16.452979
 76020.000000 -844831.937500 796.526682 3.405510 3.296886 16.292329
 76040.000000 -843149.062500 793.550060 3.371073 3.597614 16.497000
 76060.000000 -846595.687500 794.470873 3.338001 3.397690 16.588855
 76080.000000 -845180.250000 794.881270 3.161207 3.671133 16.518263
 76100.000000 -844635.312500 795.003910 3.132266 3.491544 16.541530
 76120.000000 -846300.562500 793.766565 3.219131 3.313150 16.598951
 76140.000000 -843771.437500 796.216692 3.206091 3.411744 16.604628
 76160.000000 -845585.312500 793.797728 3.448039 3.381984 16.506223
 76180.000000 -843573.062500 794.214760 3.458317 3.359121 16.554442
 76200.000000 -844135.875000 795.410537 3.453520 3.505013 16.667600
 76220.000000 -844763.812500 796.122397 3.438804 3.507929 16.569464
 76240.000000 -843038.500000 795.503675 3.481309 2.980127 16.491044
 76260.000000 -845500.875000 794.323218 3.433762 3.430647 16.563223
 76280.000000 -845925.187500 792.839116 3.261411 3.496421 16.458370
 76300.000000 -846630.750000 794.864042 3.283040 3.357064 16.571543
 76320.000000 -845456.062500 792.956051 3.323585 3.575387 16.401639
 76340.000000 -845939.687500 792.909921 3.392995 3.446570 16.294363
 76360.000000 -845213.187500 794.868844 3.548911 3.236989 16.513551
 76380.000000 -844527.750000 795.189098 3.322169 3.286963 16.201350
 76400.000000 -846259.500000 789.933667 3.012903 3.411422 16.538024
 76420.000000 -845959.937500 793.419275 3.062526 3.303647 16.450180
 76440.000000 -844812.312500 792.822030 3.092360 3.465284 16.689252
 76460.000000 -846305.250000 791.479862 3.308621 3.493605 16.596289
 76480.000000 -847450.562500 790.341976 3.517771 3.296159 16.630010
 76500.000000 -843508.312500 792.591048 3.262894 3.012038 16.558029
 76520.000000 -844770.625000 794.464049 3.411603 2.971033 16.426101
 76540.000000 -847037.562500 791.611277 3.356689 3.039044 16.557084
 76560.000000 -846164.437500 791.931703 3.497868 3.199614 16.257584
 76580.000000 -844898.625000 792.139532 3.416107 3.332341 16.265911
 76600.000000 -847163.312500 792.735200 3.378271 3.037473 16.371561
 76620.000000 -846385.750000 793.181755 3.366080 3.023451 16.222176
 76640.000000 -847042.937500 791.642932 3.266387 3.355743 16.655028
 76660.000000 -845771.000000 791.913691 3.261392 3.479702 16.513063
 76680.000000 -844430.312500 792.595976 3.400631 3.040322 16.443283
 76700.000000 -845699.312500 793.017786 3.550501 3.473405 16.591308
 76720.000000 -846412.062500 795.683320 3.618488 3.517685 16.454196
 76740.000000 -845961.875000 794.174889 3.584366 3.285265 16.682133
 76760.000000 -845774.687500 791.900215 3.566325 3.220845 16.340283
 76780.000000 -848167.375000 794.686569 3.608406 3.384927 16.565142
 76800.000000 -847607.187500 795.036890 3.343278 3.314861 16.346492
 76820.000000 -845587.000000 791.598836 2.994995 3.371654 16.645660
 76840.000000 -845410.812500 792.924537 3.409972 3.334827 16.597045
 76860.000000 -846913.562500 791.124379 3.184247 3.274538 16.633286
 76880.000000 -846112.937500 793.811278 3.471376 3.410329 16.379314
 76900.000000 -844129.687500 796.124179 3.239688 3.487194 16.470635
 76920.000000 -844254.250000 795.860329 3.705565 3.427448 16.637548
 76940.000000 -846380.500000 792.313053 3.455571 3.339843 16.640447
 76960.000000 -845593.250000 792.575464 3.350525 3.198656 16.704814
 76980.000000 -845218.250000 793.795014 3.195675 3.583455 16.577422
 77000.000000 -846131.250000 790.675394 3.313088 3.474641 16.327988
 77020.000000 -845187.500000 795.361482 3.402637 3.308954 16.441774
 77040.000000 -847037.375000 793.983383 3.430098 3.350255 16.350424
 77060.000000 -845060.000000 795.498987 3.419671 3.380701 16.434794
 77080.000000 -845724.750000 793.680189 3.012627 3.631569 16.212053
 77100.000000 -847755.375000 795.088690 3.186099 3.294193 16.310328
 77120.000000 -844919.125000 793.644233 3.376491 3.375286 16.461215
 77140.000000 -844608.812500 797.189437 3.583914 3.489567 16.668378
 77160.000000 -845276.500000 793.510792 3.227668 3.516606 16.541289
 77180.000000 -844199.875000 793.592343 3.360653 3.596119 16.740524
 77200.000000 -846001.562500 794.398654 3.484511 3.651842 16.647082
 77220.000000 -846121.312500 793.114867 3.299654 3.532369 16.965288
 77240.000000 -846485.812500 794.816130 3.530846 3.471901 16.636048
 77260.000000 -845029.312500 792.996265 3.518391 3.559418 16.454730
 77280.000000 -843215.625000 793.293539 3.630790 3.505853 16.741154
 77300.000000 -844621.687500 791.618841 3.478027 3.322015 16.742912
 77320.000000 -844424.312500 794.885754 3.481773 3.315646 16.770525
 77340.000000 -847075.250000 792.121702 3.444507 3.149997 16.586783
 77360.000000 -845257.312500 794.975290 3.450311 3.538744 16.632333
 77380.000000 -844995.062500 795.043936 3.362727 3.285914 16.239472
 77400.000000 -844792.250000 795.975541 2.980028 3.495815 16.305972
 77420.000000 -845038.062500 793.943171 3.257470 3.566693 16.312451
 77440.000000 -844898.250000 793.337061 3.391890 3.684273 16.334790
 77460.000000 -845995.187500 794.676639 3.553092 3.269565 16.413278
 77480.000000 -845465.937500 793.258353 3.164017 3.441417 16.542463
 77500.000000 -844236.375000 791.872707 3.401290 3.541889 16.641613
 77520.000000 -846352.625000 792.880880 3.591632 3.278072 16.478556
 77540.000000 -844307.312500 792.787933 3.151318 3.156841 16.448170
 77560.000000 -846286.187500 791.999648 3.655944 3.224928 16.561503
 77580.000000 -845622.875000 792.773507 3.739970 3.149735 16.479750
 77600.000000 -844595.937500 793.120062 3.614329 3.268713 16.529297
 77620.000000 -843795.250000 793.600813 3.558496 3.371543 16.572717
 77640.000000 -844771.312500 795.072348 3.416177 3.511263 16.455656
 77660.000000 -846834.937500 793.767742 3.382880 3.433431 16.350926
 77680.000000 -845523.625000 793.706065 3.561891 3.589866 16.407892
 77700.000000 -844528.750000 793.364441 3.566075 3.603024 16.452578
 77720.000000 -847264.187500 790.500694 3.732922 3.341764 16.588445
 77740.000000 -844710.812500 795.778171 3.490063 3.280000 16.305488
 77760.000000 -847397.500000 791.380060 3.453142 3.170120 16.486091
 77780.000000 -843762.250000 793.547532 3.508707 3.469004 16.771402
 77800.000000 -845317.937500 794.114825 3.569327 3.314610 16.918610
 77820.000000 -845169.875000 792.564654 3.410787 3.113319 16.629338
 77840.000000 -845686.750000 792.520341 3.289764 3.347209 16.743899
 77860.000000 -846288.750000 791.883118 3.522764 3.074732 16.657046
 77880.000000 -846604.750000 792.861885 3.216362 3.230146 16.608289
 77900.000000 -845261.312500 794.418749 3.269307 3.361910 16.369878
 77920.000000 -845748.000000 794.950920 3.327973 3.271554 16.461736
 77940.000000 -843941.812500 793.053644 3.356020 3.515885 16.520008
 77960.000000 -845420.937500 794.119941 3.501073 3.461876 16.333799
 77980.000000 -846465.750000 792.412563 3.512574 3.557479 16.214779
 78000.000000 -844533.500000 793.609041 3.590912 3.601257 16.414807
 78020.000000 -845884.625000 793.584160 3.426781 3.374203 16.392492
 78040.000000 -846902.812500 793.754341 3.579134 3.141339 16.650815
 78060.000000 -845272.437500 793.593801 3.230893 3.291767 16.442391
 78080.000000 -845818.250000 795.549615 3.194987 3.297315 16.430475
 78100.000000 -845213.187500 795.805111 3.435618 3.258113 16.692936
 78120.000000 -845837.500000 793.377201 3.553725 3.310851 16.660314
 78140.000000 -845804.562500 795.181277 3.441651 3.428726 16.613815
 78160.000000 -844310.062500 794.481279 3.402232 3.526821 16.352691
 78180.000000 -842713.000000 794.580947 3.428693 3.576992 16.374883
 78200.000000 -847277.687500 793.002520 3.457543 3.559573 16.695300
 78220.000000 -846394.250000 794.157120 3.623549 3.389015 16.508865
 78240.000000 -846892.937500 791.663355 3.488637 3.351537 16.711650
 78260.000000 -844841.875000 794.247774 3.462187 3.733713 16.446595
 78280.000000 -847557.312500 793.678066 3.224958 3.943981 16.459589
 78300.000000 -847047.500000 793.088841 3.164409 3.316402 16.319496
 78320.000000 -845817.875000 797.865737 3.280838 3.442455 16.488938
 78340.000000 -845172.250000 794.262010 3.632097 3.485454 16.666214
 78360.000000 -844814.375000 794.177751 3.508252 3.720648 16.604779
 78380.000000 -845481.437500 794.029137 3.646779 3.399556 16.497846
 78400.000000 -845411.625000 792.086504 3.400024 3.333338 16.632907
 78420.000000 -844190.250000 797.301172 3.384695 3.537069 16.356768
 78440.000000 -843616.187500 795.994914 3.244639 3.415035 16.582842
 78460.000000 -846726.750000 793.952573 3.052965 3.287644 16.523942
 78480.000000 -844929.875000 794.089362 3.258400 3.405752 16.652015
 78500.000000 -846227.687500 793.238759 3.463423 3.140030 16.366706
 78520.000000 -845566.062500 793.844668 3.614780 3.281425 16.457393
 78540.000000 -845019.750000 792.913298 3.436719 3.292041 16.573520
 78560.000000 -847982.937500 794.256789 3.446972 3.286333 16.319810
 78580.000000 -845932.312500 791.465158 3.394433 3.259561 16.545331
 78600.000000 -844594.375000 793.013475 3.553977 3.286682 16.666932
 78620.000000 -844064.062500 793.022239 3.417999 3.291461 16.648879
 78640.000000 -845015.500000 794.975425 3.412284 3.170662 16.723345
 78660.000000 -845864.687500 793.983132 3.569729 3.473860 16.687031
 78680.000000 -843050.187500 794.750931 3.471523 3.723969 16.418822
 78700.000000 -845557.500000 792.194080 3.315446 3.210493 16.339559
 78720.000000 -844710.562500 794.796340 3.287364 3.224437 16.462315
 78740.000000 -844863.750000 795.939412 3.525476 3.422015 16.379047
 78760.000000 -845817.250000 791.363340 3.600281 3.355466 16.296098
 78780.000000 -846046.312500 793.182743 3.619103 3.541343 16.469195
 78800.000000 -844942.437500 794.429936 3.546330 3.303587 16.473298
 78820.000000 -845140.062500 794.763827 3.391996 3.118422 16.572313
 78840.000000 -843808.375000 793.188786 3.250012 3.197919 16.687562
 78860.000000 -843394.750000 794.170800 3.327238 3.292069 16.514823
 78880.000000 -844963.875000 796.264076 3.281618 3.361872 16.670844
 78900.000000 -844073.375000 795.503762 3.623960 3.354247 16.650858
 78920.000000 -846100.125000 794.862969 3.102855 3.375804 16.660216
 78940.000000 -846130.500000 793.949939 2.907332 3.491562 16.497765
 78960.000000 -844874.250000 793.134961 3.240057 3.094578 16.283416
 78980.000000 -846218.062500 794.615650 3.377184 3.179915 16.372878
 79000.000000 -845331.375000 796.460509 3.415350 3.353720 16.537492
 79020.000000 -846622.937500 792.771133 3.390671 3.332734 16.447079
 79040.000000 -845429.875000 794.600926 3.311037 3.499849 16.385497
 79060.000000 -844555.562500 796.160188 3.532963 3.315997 16.480712
 79080.000000 -845615.187500 795.310682 3.287425 3.562134 16.530979
 79100.000000 -843864.937500 794.653079 3.239396 3.241155 16.691831
 79120.000000 -845914.625000 791.814827 3.190699 3.357443 16.497309
 79140.000000 -844621.062500 794.972593 3.491030 3.349123 16.657043
 79160.000000 -845853.437500 794.339119 3.242035 3.475870 16.692018
 79180.000000 -847076.250000 793.055721 3.465562 3.076625 16.642229
 79200.000000 -845175.250000 796.056332 3.249419 3.399694 16.626373
 79220.000000 -844815.062500 793.420707 3.484917 3.527834 16.682137
 79240.000000 -845054.062500 793.208079 3.356220 3.538077 16.510032
 79260.000000 -846613.250000 793.303024 3.327481 3.512420 16.454994
 79280.000000 -847945.562500 791.194576 3.340455 3.292202 16.444810
 79300.000000 -847243.000000 790.622087 3.346123 3.265996 16.451022
 79320.000000 -845210.562500 794.391041 3.613494 3.203634 16.726673
 79340.000000 -844108.500000 795.054844 3.320259 3.268856 16.389920
 79360.000000 -844705.812500 794.948102 3.399435 3.439943 16.472250
 79380.000000 -844564.937500 794.155052 3.300019 3.332576 16.548182
 79400.000000 -844545.375000 791.857403 3.518027 3.392145 16.558017
 79420.000000 -843229.187500 795.769773 3.463201 3.248187 16.488628
 79440.000000 -846641.500000 794.963231 3.517388 3.289807 16.526479
 79460.000000 -846428.687500 791.864142 3.387743 3.423989 16.452706
 79480.000000 -846696.375000 792.270159 3.211905 3.461846 16.194255
 79500.000000 -844696.625000 792.735412 3.120203 3.232962 16.557162
 79520.000000 -844480.625000 793.811532 3.564154 3.271842 16.583142
 79540.000000 -843466.937500 797.238049 3.385102 3.545281 16.676308
 79560.000000 -844630.937500 793.599548 3.596015 3.345800 16.558011
 79580.000000 -843282.812500 796.460487 3.325790 3.357406 16.627620
 79600.000000 -844636.750000 795.344157 3.356218 3.501474 16.491624
 79620.000000 -845918.562500 795.009998 3.324621 3.231293 16.488409
 79640.000000 -844462.125000 792.910673 3.407321 3.068854 16.688506
 79660.000000 -844303.500000 792.775841 3.304521 3.086243 16.585608
 79680.000000 -845381.812500 794.870882 3.080712 3.253035 16.456358
 79700.000000 -844681.250000 794.907943 3.054318 3.513425 16.324847
 79720.000000 -845114.437500 793.760426 3.158564 3.514987 16.488995
 79740.000000 -845110.875000 796.101900 3.557264 3.303264 16.833034
 79760.000000 -843724.875000 795.935915 3.903385 3.644636 16.582598
 79780.000000 -847218.125000 791.203204 3.345774 3.377599 16.346059
 79800.000000 -847028.187500 793.722634 3.516716 3.372957 16.437971
 79820.000000 -844045.562500 794.266798 3.330455 3.553358 16.510443
 79840.000000 -845800.375000 793.661330 3.247280 3.519772 16.609900
 79860.000000 -845151.687500 793.655601 3.094451 3.444932 16.292537
 79880.000000 -845340.375000 795.121819 3.346004 3.597689 16.634887
 79900.000000 -845213.687500 794.884238 3.140159 3.317621 16.498761
 79920.000000 -845059.437500 792.723821 3.184361 3.493343 16.556218
 79940.000000 -846558.750000 794.360734 3.291644 3.329983 16.419534
 79960.000000 -844956.937500 793.886566 3.457754 3.687970 16.394242
 79980.000000 -845235.125000 796.044020 3.331785 3.366268 16.718124
 80000.000000 -846671.750000 793.449738 3.588106 3.376266 16.627473
 80020.000000 -845808.562500 794.833984 3.576888 3.509906 16.207134
 80040.000000 -844745.937500 793.612804 3.388193 3.569469 16.420113
 80060.000000 -845127.375000 793.697031 3.275881 3.412540 16.693393
 80080.000000 -843987.375000 794.563420 3.283135 3.267202 16.501110
 80100.000000 -844385.625000 795.919152 3.427460 3.613898 16.302003
 80120.000000 -844583.312500 794.462037 3.394083 3.606434 16.627521
 80140.000000 -843310.937500 792.186950 3.433768 3.477201 16.515094
 80160.000000 -845328.375000 794.066775 3.546750 3.273122 16.367980
 80180.000000 -846514.187500 793.336646 3.303017 3.460439 16.259817
 80200.000000 -845317.812500 794.781576 3.456791 3.424418 16.350175
 80220.000000 -843788.437500 794.100323 3.305020 3.191230 16.459135
 80240.000000 -843193.812500 796.361348 3.596112 3.593647 16.574393
 80260.000000 -845366.812500 790.637973 3.266655 3.167669 16.629283
 80280.000000 -847509.625000 791.723197 3.154954 3.335677 16.568458
 80300.000000 -846682.625000 792.426489 3.266936 3.399540 16.317947
 80320.000000 -845543.812500 794.564596 3.445090 3.488520 16.424631
 80340.000000 -846484.812500 795.086847 3.328675 3.636634 16.618514
 80360.000000 -844126.375000 795.417332 3.427530 3.581222 16.287077
 80380.000000 -845673.000000 794.128716 3.303041 3.510968 16.375502
 80400.000000 -845057.312500 792.723163 3.478406 3.291132 16.492882
 80420.000000 -845827.125000 794.727790 3.571782 3.616790 16.469690
 80440.000000 -845343.812500 796.458484 3.646357 3.577667 16.382848
 80460.000000 -844123.250000 794.985923 3.552452 3.753280 16.493048
 80480.000000 -844582.187500 791.985751 3.380844 3.523626 16.637605
 80500.000000 -844235.500000 795.863601 3.268300 3.653470 16.537764
 80520.000000 -845049.375000 793.565340 3.303347 3.619219 16.248282
 80540.000000 -844080.562500 795.773988 3.191539 3.500297 16.395262
 80560.000000 -845108.812500 793.953399 3.320077 3.576198 16.683628
 80580.000000 -845544.437500 794.062044 3.215225 3.354010 16.539926
 80600.000000 -845317.875000 792.439827 3.440215 3.626762 16.371693
 80620.000000 -846226.687500 791.394135 3.546805 3.795538 16.520194
 80640.000000 -845501.750000 795.467385 3.510596 3.582372 16.221536
 80660.000000 -847859.750000 793.233548 3.711659 3.272291 16.586236
 80680.000000 -846176.625000 796.405261 3.889764 3.616042 16.428247
 80700.000000 -844760.562500 793.262958 3.369860 3.395873 16.402869
 80720.000000 -847014.375000 793.866660 3.159954 3.543883 16.464111
 80740.000000 -844580.250000 793.040463 3.486315 3.181793 16.423593
 80760.000000 -846775.937500 792.780096 3.347657 3.385484 16.396760
 80780.000000 -843497.937500 793.914532 3.528009 3.376981 16.325820
 80800.000000 -845741.312500 791.470109 3.465986 3.506436 16.401167
 80820.000000 -847135.375000 792.144449 3.588786 3.484230 16.655805
 80840.000000 -844999.250000 795.610105 3.748564 3.446297 16.494673
 80860.000000 -845453.687500 794.982029 3.605573 3.414383 16.637305
 80880.000000 -844004.625000 794.504589 3.420590 3.252631 16.264173
 80900.000000 -845175.250000 792.961936 3.382469 3.440239 16.638232
 80920.000000 -846163.062500 791.615482 3.622719 3.494053 16.556483
 80940.000000 -844804.812500 794.571881 3.723132 3.226344 16.447328
 80960.000000 -845761.562500 795.428139 3.543029 3.271264 16.554654
 80980.000000 -844322.312500 794.977547 3.402356 3.301487 16.228071
 81000.000000 -846812.000000 793.698396 3.409996 3.592677 16.392096
 81020.000000 -844548.687500 795.359630 3.362822 3.331638 16.426540
 81040.000000 -842786.000000 795.183372 3.316833 3.245060 16.611568
 81060.000000 -845030.812500 794.408612 3.331280 3.170075 16.377295
 81080.000000 -845450.375000 793.860530 3.531544 3.524415 16.424305
 81100.000000 -843366.937500 794.755113 3.475007 3.386493 16.144005
 81120.000000 -845745.312500 792.817596 3.510060 3.313079 16.234851
 81140.000000 -845252.125000 793.278719 3.413002 3.480696 16.599446
 81160.000000 -848026.187500 791.065269 3.408516 3.417076 16.566635
 81180.000000 -845363.312500 793.528330 3.455925 3.560144 16.797265
 81200.000000 -844563.750000 794.749744 3.203806 3.680024 16.549657
 81220.000000 -846880.750000 793.072676 3.339260 3.492983 16.431362
 81240.000000 -845979.062500 793.978420 3.235210 3.561380 16.546434
 81260.000000 -846445.875000 792.483052 3.153749 3.391544 16.377538
 81280.000000 -845776.562500 794.095439 3.200204 3.402036 16.254105
 81300.000000 -845425.562500 793.675752 3.313918 3.351486 16.597451
 81320.000000 -846879.437500 791.802861 3.484766 3.586528 16.541225
 81340.000000 -844004.687500 792.173251 3.426224 3.561968 16.448020
 81360.000000 -845593.875000 792.726839 3.366128 3.277679 16.379492
 81380.000000 -845366.000000 796.656173 3.242168 3.531836 16.509978
 81400.000000 -845866.062500 792.811332 3.081648 3.353910 16.463978
 81420.000000 -846870.375000 794.532667 3.202785 3.309760 16.589088
 81440.000000 -845106.500000 796.035898 3.356120 3.137279 16.615445
 81460.000000 -846122.562500 791.699779 3.547787 3.223343 16.558802
 81480.000000 -848260.375000 791.815660 3.479146 3.624657 16.513493
 81500.000000 -846484.937500 793.736477 3.469411 3.420428 16.662841
 81520.000000 -845611.062500 794.555097 3.349334 3.280946 16.418702
 81540.000000 -845684.250000 795.514616 3.415934 3.430570 16.513923
 81560.000000 -846058.250000 794.423123 3.359048 3.601867 16.418676
 81580.000000 -844443.625000 794.112053 3.130883 3.438252 16.776916
 81600.000000 -846258.437500 794.230301 3.393314 3.222654 16.545344
 81620.000000 -844619.812500 795.381865 3.308206 3.102750 16.687291
 81640.000000 -845405.875000 795.704654 3.484512 3.128452 16.420491
 81660.000000 -840766.250000 797.682520 3.284395 3.301032 16.411133
 81680.000000 -843358.562500 796.289114 3.300327 3.594547 16.530387
 81700.000000 -844554.625000 796.270136 3.143976 3.448153 16.312397
 81720.000000 -844821.062500 793.313576 3.154631 3.249068 16.312439
 81740.000000 -846525.000000 795.616924 3.440690 3.529589 16.475400
 81760.000000 -846430.000000 791.049276 3.330431 3.369251 16.124651
 81780.000000 -845215.937500 796.018587 3.520272 3.494199 16.099423
 81800.000000 -846662.250000 798.003569 3.555037 3.517076 16.289646
 81820.000000 -845617.562500 793.304628 3.305503 3.451734 16.306179
 81840.000000 -844711.125000 794.026371 3.234194 3.425452 16.253357
 81860.000000 -844598.812500 794.203887 3.016057 3.710742 16.326424
 81880.000000 -847666.187500 792.961645 3.190033 3.730688 16.291045
 81900.000000 -844541.312500 793.262345 3.491579 3.655759 16.186458
 81920.000000 -844845.000000 795.772171 3.590906 3.398168 16.254126
 81940.000000 -846039.750000 794.241284 3.269272 3.670299 16.188012
 81960.000000 -845685.062500 792.667312 3.354793 3.545046 16.161857
 81980.000000 -845618.937500 792.707398 3.294058 3.350407 16.632530
 82000.000000 -847415.125000 793.814792 3.368850 3.194848 16.502437
 82020.000000 -845804.312500 794.681293 3.291422 3.256279 16.630113
 82040.000000 -845253.437500 795.849966 3.284364 3.516196 16.418908
 82060.000000 -843260.625000 795.314676 3.331246 3.464378 16.533945
 82080.000000 -846629.187500 791.506539 3.209403 3.527099 16.258435
 82100.000000 -846056.375000 793.224702 3.243522 3.500784 16.546733
 82120.000000 -845539.375000 794.157099 3.405878 3.459305 16.565873
 82140.000000 -844760.375000 792.509997 3.492281 3.279286 16.659090
 82160.000000 -844064.187500 794.318064 3.507088 3.521421 16.426926
 82180.000000 -844658.875000 794.416553 3.348544 3.448388 16.617371
 82200.000000 -844552.500000 796.563649 3.466080 3.391363 16.407991
 82220.000000 -844318.062500 795.028681 3.683732 3.451884 16.552486
 82240.000000 -845043.250000 796.506350 3.279680 3.443050 16.588029
 82260.000000 -845158.187500 796.201829 3.406153 3.828963 16.699498
 82280.000000 -843630.187500 795.668246 3.386972 3.529918 16.674060
 82300.000000 -846703.937500 792.895174 3.392307 3.467956 16.618749
 82320.000000 -844042.875000 798.162966 3.433296 3.441336 16.553754
 82340.000000 -845677.250000 796.681413 3.466559 3.551118 16.454577
 82360.000000 -846039.062500 796.964675 3.282357 3.371660 16.770606
 82380.000000 -843476.437500 795.297202 3.399034 3.298467 16.630691
 82400.000000 -844954.187500 794.154065 3.284755 3.381221 16.457058
 82420.000000 -843918.750000 798.340448 3.300101 3.303534 16.282888
 82440.000000 -845724.812500 796.845981 3.651627 3.400172 16.318667
 82460.000000 -845036.687500 794.640513 3.711482 3.290070 16.484626
 82480.000000 -845699.750000 794.436807 3.314142 3.355288 16.598159
 82500.000000 -844163.000000 794.998701 3.570924 3.307031 16.645575
 82520.000000 -844424.437500 794.048078 3.519363 3.421431 16.290775
 82540.000000 -844642.062500 795.422664 3.635071 3.524579 16.585085
 82560.000000 -845422.562500 793.162367 3.602395 3.509831 16.536677
 82580.000000 -845347.625000 793.619090 3.875577 3.331573 16.550332
 82600.000000 -845050.375000 795.142409 3.474182 3.222047 16.470339
 82620.000000 -844929.312500 793.394340 3.203274 3.050695 16.261692
 82640.000000 -847146.937500 795.776543 3.291917 3.249145 16.421395
 82660.000000 -846650.500000 794.480956 3.253903 3.278286 16.428991
 82680.000000 -845428.187500 793.488804 3.334690 3.509898 16.478600
 82700.000000 -844876.625000 795.042984 3.320806 3.273797 16.426385
 82720.000000 -845598.250000 791.993382 3.575574 3.248009 16.397766
 82740.000000 -844311.062500 795.850792 3.419416 3.293242 16.446275
 82760.000000 -844973.500000 793.735088 3.292438 3.177652 16.452085
 82780.000000 -844870.125000 792.283014 3.470146 3.300918 16.410030
 82800.000000 -843964.687500 794.359577 3.708795 3.169298 16.819599
 82820.000000 -845576.187500 792.546701 3.317177 3.328040 16.668547
 82840.000000 -845520.562500 794.231659 3.350856 3.336656 16.500251
 82860.000000 -844658.500000 795.752650 3.396074 3.215492 16.615543
 82880.000000 -845901.625000 795.401234 3.190686 3.429068 16.572874
 82900.000000 -843915.125000 792.468652 3.260149 3.597680 16.539154
 82920.000000 -844245.937500 795.688195 3.481740 3.418783 16.533152
 82940.000000 -845585.250000 796.282249 3.614581 3.299830 16.590103
 82960.000000 -842991.875000 793.558639 3.490703 3.476277 16.505442
 82980.000000 -842979.687500 794.469554 3.497652 3.437317 16.436582
 83000.000000 -845521.125000 796.280976 3.623269 3.269807 16.625493
 83020.000000 -845593.437500 795.766832 3.218194 3.411413 16.557947
 83040.000000 -843719.875000 795.443195 3.209225 3.107430 16.502233
 83060.000000 -845089.687500 795.684846 3.168152 3.219853 16.649119
 83080.000000 -845549.250000 794.590536 3.411646 3.499177 16.619054
 83100.000000 -844832.187500 793.029049 3.168898 3.283771 16.572784
 83120.000000 -845374.562500 793.757245 3.265450 3.310494 16.598917
 83140.000000 -844450.875000 793.978854 3.042883 3.648206 16.484263
 83160.000000 -843977.312500 794.801207 3.317488 3.609625 16.337307
 83180.000000 -844764.250000 795.277592 3.425154 3.500061 16.434455
 83200.000000 -844583.312500 793.184671 3.392372 3.412291 16.419091
 83220.000000 -844483.875000 794.689274 3.374905 3.294562 16.430432
 83240.000000 -845740.500000 792.797935 3.504336 3.278685 16.492517
 83260.000000 -846079.500000 794.789741 3.585582 3.061446 16.342524
 83280.000000 -844981.812500 793.331694 3.347031 3.356569 16.233601
 83300.000000 -844859.375000 795.805599 3.323507 3.570164 16.237919
 83320.000000 -845811.125000 794.990871 3.265006 3.400291 16.450193
 83340.000000 -845888.625000 794.952409 3.362114 3.337030 16.360967
 83360.000000 -844783.937500 794.594673 3.269700 3.361467 16.459283
 83380.000000 -844125.875000 794.820589 3.585461 3.240119 16.295752
 83400.000000 -846708.125000 794.469640 3.519760 3.243926 16.346644
 83420.000000 -844733.937500 796.823279 3.419400 3.592174 16.237850
 83440.000000 -844810.062500 793.259481 3.072482 3.551127 16.460490
 83460.000000 -846066.312500 792.284089 3.226185 3.476028 16.700455
 83480.000000 -846440.062500 790.856151 3.156678 3.417708 16.647148
 83500.000000 -847011.125000 795.956714 3.390237 3.228830 16.465503
 83520.000000 -844905.000000 795.537614 3.274075 3.340133 16.620610
 83540.000000 -845082.250000 793.082300 3.151855 3.430867 16.901188
 83560.000000 -846415.812500 793.239041 3.456221 3.355109 16.518267
 83580.000000 -846081.750000 792.112194 3.638802 3.013630 16.669897
 83600.000000 -847436.687500 793.332947 3.684145 3.287678 16.889146
 83620.000000 -847042.812500 793.396910 3.360632 3.318664 16.624755
 83640.000000 -845747.750000 793.859069 3.321467 3.171629 16.570373
 83660.000000 -845374.312500 794.071635 3.534915 3.196919 16.561432
 83680.000000 -845609.562500 795.082647 3.281824 3.710126 16.584081
 83700.000000 -846381.187500 793.378920 3.352036 3.760257 16.693309
 83720.000000 -846638.000000 796.149416 3.481364 3.426181 16.509061
 83740.000000 -845439.437500 793.077504 3.657441 3.499993 16.701197
 83760.000000 -844946.500000 794.785300 3.327282 3.480599 16.576558
 83780.000000 -846136.062500 795.112026 3.390794 3.214456 16.570897
 83800.000000 -845334.687500 796.297949 3.519563 3.450595 16.691960
 83820.000000 -845516.687500 795.427700 3.478975 3.479259 16.611192
 83840.000000 -843904.250000 796.511202 3.326115 3.413587 16.667999
 83860.000000 -844293.250000 792.171351 3.399170 3.252002 16.392990
 83880.000000 -844086.125000 794.873273 3.454181 3.456989 16.601360
 83900.000000 -844825.500000 794.577861 3.300167 3.105026 16.305458
 83920.000000 -845661.687500 796.396365 3.558664 3.321318 16.386242
 83940.000000 -845203.125000 796.168587 3.463064 3.330689 16.360228
 83960.000000 -844854.437500 796.029392 3.465462 3.489762 16.203456
 83980.000000 -845640.000000 794.365711 3.396656 3.240361 16.607779
 84000.000000 -845227.500000 794.617999 3.290034 3.585343 16.447111
 84020.000000 -843734.812500 795.832408 3.421471 3.461284 16.366036
 84040.000000 -845391.687500 795.383038 3.623401 3.190526 16.428209
 84060.000000 -846443.187500 792.325281 3.712116 3.275480 16.739869
 84080.000000 -845384.812500 794.598442 3.480487 3.328365 16.690286
 84100.000000 -844485.812500 793.697612 3.099624 3.246352 16.511031
 84120.000000 -844801.812500 793.573511 3.292094 3.141096 16.599719
 84140.000000 -844824.687500 796.115908 3.365675 3.537249 16.644884
 84160.000000 -845193.250000 796.147635 3.352491 3.481984 16.493159
 84180.000000 -846178.875000 792.024835 3.307890 3.679563 16.291438
 84200.000000 -843929.312500 793.005805 3.616458 3.519588 16.454817
 84220.000000 -845391.625000 795.971762 3.382515 3.501750 16.394717
 84240.000000 -843563.812500 794.540296 3.420571 3.461360 16.584021
 84260.000000 -846809.625000 793.431475 3.577234 3.375719 16.560782
 84280.000000 -845048.812500 793.867256 3.450274 3.239492 16.543134
 84300.000000 -845215.062500 793.952305 3.541396 3.354789 16.718276
 84320.000000 -843448.000000 796.029464 3.324411 3.692119 16.882428
 84340.000000 -847198.125000 794.502014 3.419557 3.467923 16.716235
 84360.000000 -844450.375000 793.889023 3.638092 3.255255 16.724866
 84380.000000 -844489.250000 794.720341 3.667488 3.597640 16.695745
 84400.000000 -845400.312500 797.252189 3.384532 3.599827 16.642301
 84420.000000 -844604.750000 795.805307 3.315222 3.526556 16.419897
 84440.000000 -845318.000000 793.301110 3.549370 3.169985 16.509238
 84460.000000 -846919.000000 793.949976 3.578592 3.632493 16.854923
 84480.000000 -844599.562500 794.688431 3.621727 3.334272 16.553914
 84500.000000 -844927.750000 791.682492 3.337892 3.291368 16.483411
 84520.000000 -842003.375000 796.746816 3.503115 3.313330 16.323307
 84540.000000 -846019.187500 794.322931 3.597661 3.296224 16.245326
 84560.000000 -846084.062500 793.152288 3.536422 3.340625 16.521482
 84580.000000 -847914.375000 792.438992 3.223922 3.314320 16.455481
 84600.000000 -846435.875000 791.733009 3.350431 3.333194 16.470668
 84620.000000 -845870.687500 792.459417 3.533978 3.395716 16.778404
 84640.000000 -844680.687500 793.563665 3.432348 3.447350 16.624392
 84660.000000 -845017.437500 793.962522 3.408841 3.516105 16.670957
 84680.000000 -845727.812500 794.681335 3.502462 3.255146 16.475211
 84700.000000 -846095.250000 792.843968 3.298222 3.394234 16.393930
 84720.000000 -845398.125000 796.455034 3.478144 3.454545 16.386417
 84740.000000 -843923.187500 796.264973 3.489799 3.431831 16.346997
 84760.000000 -845243.250000 796.605211 3.536197 3.383935 16.320599
 84780.000000 -844164.312500 795.317688 3.680612 3.421311 16.417354
 84800.000000 -844936.000000 791.762044 3.514911 3.444349 16.564051
 84820.000000 -844764.687500 794.628857 3.290151 3.196890 16.372980
 84840.000000 -846093.875000 792.935560 3.329454 3.263565 16.298621
 84860.000000 -845397.500000 793.641495 3.605133 3.437212 16.652262
 84880.000000 -846957.375000 792.265091 3.547150 3.176016 16.441668
 84900.000000 -845083.062500 793.561156 3.110793 3.253243 16.213127
 84920.000000 -846021.125000 792.605073 3.058848 2.975679 16.624205
 84940.000000 -845185.250000 792.834214 3.184713 3.412993 16.948937
 84960.000000 -844671.187500 794.469116 3.572303 3.509748 16.545067
 84980.000000 -846108.437500 795.727541 3.770188 3.545790 16.271933
 85000.000000 -845763.500000 793.529472 3.686791 3.620853 16.338178
 85020.000000 -844486.062500 792.695680 3.558593 3.743885 16.302830
 85040.000000 -845707.625000 793.898370 3.460165 3.614306 16.239767
 85060.000000 -845974.312500 794.364653 3.589554 3.600697 16.699378
 85080.000000 -845777.875000 793.178659 3.357877 3.208137 16.643783
 85100.000000 -844119.375000 793.778484 3.531773 3.265360 16.481403
 85120.000000 -844862.437500 798.072809 3.375738 3.591796 16.278091
 85140.000000 -844186.250000 796.067841 3.362794 3.515870 16.281206
 85160.000000 -844759.937500 795.575901 3.118952 3.530151 16.229770
 85180.000000 -845274.062500 796.029960 3.593585 3.198540 16.646675
 85200.000000 -844657.562500 793.158933 3.267397 3.491900 16.424416
 85220.000000 -845454.562500 795.651548 3.101846 3.380325 16.409528
 85240.000000 -845055.312500 793.889245 3.060768 3.582476 16.391741
 85260.000000 -845693.312500 792.682913 3.353476 3.254842 16.332135
 85280.000000 -844998.312500 793.699251 3.456019 3.338185 16.583660
 85300.000000 -845967.062500 793.193202 3.608205 3.365111 16.489256
 85320.000000 -845028.125000 796.119905 3.349001 3.469872 16.409892
 85340.000000 -845178.875000 793.263739 3.448423 3.289656 16.375850
 85360.000000 -845054.625000 793.258941 3.206351 3.426055 16.587247
 85380.000000 -845462.812500 796.469116 3.397421 3.602529 16.682573
 85400.000000 -843385.437500 795.627709 3.331743 3.629552 16.628565
 85420.000000 -845462.687500 794.759236 3.522535 3.254159 16.468846
 85440.000000 -846385.375000 791.190202 3.339120 3.545726 16.470078
 85460.000000 -844705.125000 797.022236 3.527651 3.597395 16.439939
 85480.000000 -844402.687500 795.695621 3.326501 3.597365 16.541550
 85500.000000 -844150.062500 795.415822 3.263419 3.352897 16.560676
 85520.000000 -843967.250000 796.164726 3.326233 3.239492 16.476266
 85540.000000 -845617.125000 794.541712 3.272121 3.172296 16.779181
 85560.000000 -844340.437500 795.876886 3.290915 3.222894 16.639200
 85580.000000 -844354.812500 793.277181 3.284869 3.330616 16.296493
 85600.000000 -845123.312500 794.709040 3.498305 3.367761 16.502791
 85620.000000 -845215.625000 796.366241 3.739400 3.300467 16.201058
 85640.000000 -844375.937500 796.599564 3.273650 3.338789 16.433870
 85660.000000 -844731.937500 794.646413 3.262646 3.417722 16.456535
 85680.000000 -846033.687500 793.058712 3.289015 3.432225 16.667659
 85700.000000 -845941.437500 794.915944 3.215535 3.376432 16.718826
 85720.000000 -845853.250000 793.618169 3.030524 3.372297 16.873980
 85740.000000 -844589.250000 796.128233 3.093542 3.470101 16.564872
 85760.000000 -845019.250000 795.959629 3.251082 3.381912 16.483966
 85780.000000 -844854.750000 794.584053 3.446899 3.477429 16.404988
 85800.000000 -844499.812500 794.613444 3.516194 3.480674 16.283966
 85820.000000 -845451.562500 794.891912 3.641830 3.455023 16.605499
 85840.000000 -844945.937500 793.485454 3.361868 3.279841 16.345901
 85860.000000 -843652.812500 794.086808 3.718278 3.383699 16.675597
 85880.000000 -843605.750000 796.406653 3.700306 3.443413 16.623721
 85900.000000 -844392.812500 797.120784 3.691699 3.440059 16.497583
 85920.000000 -844876.625000 792.857566 3.712617 3.510866 16.667843
 85940.000000 -843803.812500 794.030154 3.524037 3.346230 16.641252
 85960.000000 -845976.937500 794.177277 3.057965 3.448208 16.693868
 85980.000000 -843514.625000 795.058784 3.191376 3.092527 16.326189
 86000.000000 -846558.312500 794.945342 3.028402 3.364489 16.596197
 86020.000000 -843919.500000 795.369018 3.076678 3.501898 16.431126
 86040.000000 -843464.187500 796.175815 3.464507 3.277022 16.510143
 86060.000000 -846320.500000 792.755806 3.528065 3.123326 16.247868
 86080.000000 -846253.500000 795.294190 3.251606 3.166792 16.413737
 86100.000000 -843972.562500 794.068439 3.377564 3.300458 16.701595
 86120.000000 -844516.125000 793.340251 3.262449 3.152144 16.688876
 86140.000000 -844545.687500 792.572824 3.217159 3.337628 16.761121
 86160.000000 -847007.562500 792.794360 3.484040 3.401638 16.662200
 86180.000000 -845889.625000 792.955141 3.710047 3.618801 16.581232
 86200.000000 -846069.937500 793.041694 3.415164 3.411811 16.509597
 86220.000000 -845941.062500 792.858905 3.308738 3.679549 16.516164
 86240.000000 -846312.062500 793.265804 3.081613 3.594828 16.586718
 86260.000000 -845541.312500 792.554391 3.056756 3.240814 16.507948
 86280.000000 -844986.562500 795.054367 3.497106 3.363094 16.553520
 86300.000000 -847313.000000 793.694723 3.270453 3.215593 16.572479
 86320.000000 -844034.250000 796.563035 3.062018 3.217905 16.554535
 86340.000000 -844613.937500 795.303170 3.197147 3.554229 16.435358
 86360.000000 -846590.750000 794.442395 3.336671 3.358117 16.530056
 86380.000000 -843794.000000 794.504918 3.327466 3.239328 16.488269
 86400.000000 -846060.125000 790.411634 3.453039 3.295105 16.410690
 86420.000000 -847666.875000 791.417167 3.464227 3.520909 16.572894
 86440.000000 -847070.187500 793.199164 3.535288 3.366312 16.785354
 86460.000000 -841935.875000 797.094852 3.520360 3.371106 16.269775
 86480.000000 -845052.125000 795.828546 3.556203 3.478011 16.407360
 86500.000000 -846536.062500 791.847262 3.333463 3.390563 16.447122
 86520.000000 -844938.125000 794.891175 3.349976 3.347605 16.523498
 86540.000000 -845692.687500 794.021779 3.320086 3.238436 16.497453
 86560.000000 -844270.062500 793.383324 3.328976 3.233962 16.119315
 86580.000000 -845993.125000 793.774146 3.521463 3.013517 16.166359
 86600.000000 -843602.250000 794.336313 3.284925 3.613837 16.438884
 86620.000000 -845617.312500 790.886340 3.381929 3.330695 16.265430
 86640.000000 -846577.187500 790.556079 3.243001 3.083034 16.643205
 86660.000000 -845160.125000 791.365901 3.532798 3.176616 16.557118
 86680.000000 -844736.125000 794.664904 3.386091 3.359936 16.612177
 86700.000000 -845891.187500 793.001163 3.445854 3.436334 16.576654
 86720.000000 -845252.000000 796.071417 3.450981 3.459115 16.485358
 86740.000000 -845220.375000 797.080058 3.547859 3.501011 16.488968
 86760.000000 -843397.500000 795.997981 3.095084 3.608838 16.605573
 86780.000000 -844751.062500 796.637039 3.203645 3.299864 16.673494
 86800.000000 -845206.625000 796.172273 3.176886 3.320394 16.532532
 86820.000000 -843330.750000 792.802767 3.311037 3.477533 16.632773
 86840.000000 -845547.875000 794.871232 3.515052 3.265130 16.633582
 86860.000000 -842859.937500 794.342330 3.515036 3.240393 16.532965
 86880.000000 -845261.062500 793.378802 3.539128 3.309730 16.535881
 86900.000000 -844715.062500 794.521200 3.720421 3.581793 16.573753
 86920.000000 -843221.687500 795.769241 3.613544 3.502449 16.387950
 86940.000000 -844861.687500 793.914015 3.798094 3.483169 16.256921
 86960.000000 -845101.625000 793.416430 3.676449 3.489783 16.288872
 86980.000000 -845045.062500 793.218086 3.436977 3.373048 16.236906
 87000.000000 -846927.000000 794.112405 3.560500 3.384804 16.199361
 87020.000000 -845752.687500 794.763678 3.301691 3.506851 16.870030
 87040.000000 -845034.937500 793.317026 3.410707 3.243633 16.685386
 87060.000000 -844269.000000 794.996451 3.323553 3.373505 16.609677
 87080.000000 -844725.687500 795.667679 3.285975 3.411335 16.632803
 87100.000000 -845002.437500 793.877041 3.229582 3.602031 16.485494
 87120.000000 -844615.375000 794.551384 3.205738 3.550975 16.410349
 87140.000000 -844739.562500 793.663527 3.166771 3.476659 16.569487
 87160.000000 -847167.312500 792.523804 3.167151 3.467422 16.368983
 87180.000000 -844881.500000 794.436883 3.334184 3.646050 16.515239
 87200.000000 -845998.125000 791.609091 3.257500 3.488386 16.656804
 87220.000000 -842677.750000 794.335456 3.407321 3.370589 16.759691
 87240.000000 -843921.062500 796.006716 3.323936 3.360841 16.624404
 87260.000000 -844818.812500 794.387495 3.449484 3.409322 16.757449
 87280.000000 -845334.000000 793.902635 3.591001 3.696258 16.790687
 87300.000000 -844881.062500 794.582889 3.404772 3.279655 16.486866
 87320.000000 -845617.687500 795.469237 3.436765 3.422582 16.436447
 87340.000000 -845820.937500 795.405468 3.361837 3.341356 16.534318
 87360.000000 -844972.187500 793.253800 3.520309 3.430577 16.247136
 87380.000000 -844286.937500 793.856110 3.437602 3.594322 16.759271
 87400.000000 -845340.812500 791.089184 3.468779 3.343580 16.489093
 87420.000000 -845993.562500 791.356962 3.403410 3.489067 16.576205
 87440.000000 -845657.437500 792.516073 3.449327 3.078802 16.709183
 87460.000000 -845561.750000 795.987667 3.710672 3.067180 16.576015
 87480.000000 -846084.875000 793.155146 3.649462 3.443679 16.491788
 87500.000000 -846524.625000 791.009323 3.284791 3.406833 16.589455
 87520.000000 -845113.375000 791.577804 3.808870 3.626803 16.580989
 87540.000000 -846773.937500 795.394762 3.640816 2.840743 16.697316
 87560.000000 -844916.562500 795.936389 3.187073 2.923764 16.414293
 87580.000000 -843799.187500 795.174308 3.337394 3.170992 16.583797
 87600.000000 -845286.187500 793.289919 3.329629 3.556221 16.818393
 87620.000000 -844940.500000 793.436225 3.526627 3.582308 16.653252
 87640.000000 -844927.500000 792.890890 3.351871 3.667754 16.666914
 87660.000000 -844160.562500 795.592771 3.593676 3.664417 16.445080
 87680.000000 -844565.875000 793.292355 3.426720 3.545458 16.591332
 87700.000000 -844636.875000 792.595444 3.424382 3.580433 16.685393
 87720.000000 -844453.625000 793.841178 3.445270 3.157196 16.628626
 87740.000000 -846301.250000 792.584898 3.564191 3.274256 16.598711
 87760.000000 -844098.062500 795.259093 3.036715 3.306173 16.526765
 87780.000000 -845745.250000 793.137400 3.130369 3.273413 16.680188
 87800.000000 -846077.750000 793.290479 3.524578 3.348010 16.538086
 87820.000000 -845216.000000 795.709343 3.521623 3.471484 16.814683
 87840.000000 -845958.000000 794.624685 3.718281 3.382399 16.470769
 87860.000000 -847082.500000 794.505233 3.272071 3.683680 16.489093
 87880.000000 -844634.062500 793.431972 3.393658 3.711709 16.249043
 87900.000000 -844848.187500 794.773866 3.417685 3.627833 16.652947
 87920.000000 -844365.687500 793.057384 3.333076 3.575293 16.626397
 87940.000000 -844935.812500 794.127386 3.227292 3.337608 16.674400
 87960.000000 -844863.687500 792.095862 3.172132 3.189686 16.563988
 87980.000000 -846552.062500 793.573438 3.289189 3.275155 16.389397
 88000.000000 -845990.750000 793.102358 3.654897 3.477934 16.659822
 88020.000000 -846796.312500 792.856913 3.499839 3.386391 16.722452
 88040.000000 -844636.000000 794.252585 3.478480 3.290080 16.560579
 88060.000000 -846222.062500 796.184773 3.176179 3.569747 16.570500
 88080.000000 -843607.000000 795.043934 3.232984 3.724485 16.838134
 88100.000000 -845392.875000 794.233721 3.515089 3.214859 16.729194
 88120.000000 -843674.062500 793.219499 3.424783 3.164458 16.520544
 88140.000000 -848319.000000 792.248564 3.433489 3.230096 16.422202
 88160.000000 -846591.875000 793.491545 3.404008 3.155222 16.451996
 88180.000000 -845964.562500 791.954120 3.593179 3.022998 16.471719
 88200.000000 -845290.625000 793.634830 3.424338 3.103450 16.246414
 88220.000000 -845714.062500 795.953287 3.404483 3.175998 16.557900
 88240.000000 -846112.562500 793.205880 3.482818 3.211120 16.397377
 88260.000000 -845865.125000 795.276758 3.504776 3.311468 16.859245
 88280.000000 -844381.125000 795.165831 3.282718 3.466635 16.523860
 88300.000000 -845728.375000 794.421884 3.408324 3.449529 16.623823
 88320.000000 -845970.750000 794.654240 3.171604 3.218869 16.550866
 88340.000000 -845411.375000 792.987114 3.410640 3.585516 16.378389
 88360.000000 -845590.000000 793.231699 3.341545 3.418052 16.324168
 88380.000000 -844802.312500 795.020391 3.276498 3.375227 16.278147
 88400.000000 -844107.187500 794.763678 3.427745 3.390525 16.284574
 88420.000000 -844775.062500 794.323013 3.551663 3.519351 16.339913
 88440.000000 -845778.375000 792.709361 3.487365 3.261721 16.535261
 88460.000000 -844704.000000 795.538076 3.206290 3.145265 16.601621
 88480.000000 -845679.000000 795.979302 3.124878 2.961693 16.801845
 88500.000000 -844148.250000 795.812479 3.274028 3.268618 16.606536
 88520.000000 -842841.437500 795.231204 3.418959 3.324399 16.525970
 88540.000000 -844792.062500 792.836639 3.541972 3.417315 16.498772
 88560.000000 -844945.000000 791.046467 3.470305 3.429565 16.680171
 88580.000000 -844517.187500 792.464957 3.561990 3.773662 16.542292
 88600.000000 -845603.000000 795.162012 3.505305 3.600021 16.376426
 88620.000000 -844643.500000 797.643728 3.478868 3.473268 16.610118
 88640.000000 -845454.937500 794.974274 3.286387 3.570033 16.416938
 88660.000000 -844566.750000 792.485161 3.224921 3.652149 16.690667
 88680.000000 -846588.437500 792.299025 3.615263 3.406408 16.624741
 88700.000000 -845442.687500 791.796091 3.322198 3.414440 16.676680
 88720.000000 -845133.125000 793.019149 3.456281 3.315534 16.634382
 88740.000000 -845865.312500 793.708168 3.472042 3.446610 16.502816
 88760.000000 -841949.375000 796.083189 3.373107 3.300771 16.522964
 88780.000000 -845007.750000 793.426055 3.308666 3.385566 16.396707
 88800.000000 -844538.125000 796.565002 3.457078 3.103174 16.426008
 88820.000000 -845199.250000 794.919575 3.486904 3.241585 16.421915
 88840.000000 -846246.500000 793.055743 3.663475 3.416714 16.673599
 88860.000000 -847167.437500 792.421937 3.623152 3.432389 16.335788
 88880.000000 -845963.812500 792.002568 2.997191 3.241970 16.325980
 88900.000000 -844376.625000 791.647661 3.450739 3.316493 16.395768
 88920.000000 -846826.437500 793.756339 3.365904 3.260899 16.261146
 88940.000000 -846655.312500 792.453477 3.287905 3.293243 16.077607
 88960.000000 -846923.312500 793.148310 3.298213 3.396370 16.182542
 88980.000000 -843523.000000 794.795461 3.536355 3.273222 16.333644
 89000.000000 -847062.812500 793.267158 3.467477 3.525970 16.382260
 89020.000000 -844978.000000 792.952105 3.554530 3.602612 16.395999
 89040.000000 -845720.500000 793.322727 3.743708 3.360082 16.629238
 89060.000000 -845914.250000 795.192269 3.413629 3.216191 16.530616
 89080.000000 -844854.875000 793.491851 3.566893 3.297093 16.392543
 89100.000000 -845567.562500 796.523270 3.390961 3.664274 16.524915
 89120.000000 -846135.625000 793.880894 3.553338 3.374985 16.309528
 89140.000000 -846878.812500 792.230332 3.255584 3.454874 16.353883
 89160.000000 -844982.625000 796.863291 3.248070 3.553922 16.238258
 89180.000000 -845109.187500 792.450796 3.134952 3.537302 16.313975
 89200.000000 -844736.437500 792.913887 3.440699 3.295576 16.465396
 89220.000000 -843779.312500 795.240354 3.659299 3.331367 16.582029
 89240.000000 -844638.937500 793.997943 3.246588 3.448691 16.647711
 89260.000000 -845528.375000 791.805083 3.266937 3.308330 16.379779
 89280.000000 -845811.062500 795.495184 3.418218 3.458762 16.577333
 89300.000000 -844151.312500 793.073998 3.558441 3.437104 16.712034
 89320.000000 -846547.750000 793.919410 3.295865 3.447522 16.539314
 89340.000000 -845829.250000 793.756668 3.330171 3.466341 16.532074
 89360.000000 -843862.000000 795.273632 3.184828 3.316209 16.463331
 89380.000000 -846693.250000 795.060930 3.553356 3.156582 16.726853
 89400.000000 -846096.062500 790.457984 3.746089 3.462616 16.330794
 89420.000000 -845179.625000 791.321496 3.446485 3.396222 16.493858
 89440.000000 -847433.250000 791.658536 3.348743 3.410828 16.679648
 89460.000000 -846067.625000 793.759571 3.240083 3.449329 16.667742
 89480.000000 -846470.562500 794.023886 3.422783 3.498773 16.603380
 89500.000000 -843338.750000 796.687842 3.660473 3.617063 16.620940
 89520.000000 -846130.375000 794.052124 3.406208 3.373121 16.209060
 89540.000000 -843180.062500 793.607738 3.079298 3.350321 16.481574
 89560.000000 -843368.937500 795.374377 3.342951 3.250027 16.275569
 89580.000000 -846401.562500 794.135754 3.098666 3.320208 16.442994
 89600.000000 -846313.625000 792.307926 3.392279 3.441381 16.442427
 89620.000000 -844670.875000 795.080160 3.288978 3.455081 16.290950
 89640.000000 -845520.562500 794.593363 3.112804 3.662296 16.624115
 89660.000000 -846209.687500 791.457950 3.377504 3.244564 16.622364
 89680.000000 -846706.687500 791.936034 3.347319 3.172392 16.784460
 89700.000000 -847314.500000 794.223178 3.476276 3.249200 16.686432
 89720.000000 -843006.125000 793.684722 3.388278 3.523109 16.639871
 89740.000000 -845785.562500 793.136291 3.303344 3.507888 16.422723
 89760.000000 -843555.437500 794.134076 3.526923 3.586686 16.445530
 89780.000000 -845317.250000 794.448104 3.278852 3.619641 16.502855
 89800.000000 -844542.312500 793.695999 3.255530 3.327397 16.576760
 89820.000000 -845488.937500 792.474469 3.194657 3.456615 16.685727
 89840.000000 -843786.437500 793.364347 3.290069 3.499381 16.524636
 89860.000000 -844205.375000 796.075938 3.535379 3.171957 16.465384
 89880.000000 -844842.187500 796.245791 3.631925 3.375971 16.477384
 89900.000000 -843769.375000 793.594037 3.401562 3.515661 16.285102
 89920.000000 -846596.250000 793.993970 3.469745 3.486319 16.486998
 89940.000000 -845986.000000 790.444560 3.607158 3.343929 16.475520
 89960.000000 -846391.500000 792.355039 3.236020 3.236126 16.260307
 89980.000000 -843556.062500 795.116040 3.505385 3.333343 16.651535
 90000.000000 -845272.125000 795.398987 3.255206 3.390910 16.495581
 90020.000000 -845686.375000 796.202087 3.059211 3.276172 16.497331
 90040.000000 -844752.875000 794.442936 3.319195 3.291571 16.624605
 90060.000000 -846474.125000 793.743890 3.356715 3.199190 16.353075
 90080.000000 -844128.062500 793.954581 3.299034 3.118060 16.469801
 90100.000000 -845720.000000 794.100977 3.048496 3.321761 16.534894
 90120.000000 -846710.000000 793.953408 3.266305 3.498701 16.608589
 90140.000000 -844867.125000 793.699349 3.187392 3.663975 16.425551
 90160.000000 -844350.687500 796.426363 3.319644 3.271930 16.187138
 90180.000000 -845231.062500 795.033472 3.646398 3.383562 16.198408
 90200.000000 -845147.500000 794.270061 3.455611 3.174336 16.125506
 90220.000000 -843824.000000 795.201390 3.461810 3.508699 16.330634
 90240.000000 -846707.250000 795.011742 3.351542 3.500060 16.264879
 90260.000000 -847319.500000 793.909682 3.436223 3.528523 16.637105
 90280.000000 -845273.250000 794.966291 3.370335 3.728846 16.513664
 90300.000000 -845013.625000 794.692122 3.616073 3.644779 16.573163
 90320.000000 -845250.875000 794.421079 3.421597 3.474161 16.501367
 90340.000000 -843872.375000 794.923414 3.534581 3.648545 16.467115
 90360.000000 -845884.562500 795.019858 3.681943 3.447704 16.104085
 90380.000000 -842729.187500 796.065054 3.603987 3.341725 16.442649
 90400.000000 -845349.062500 793.848150 3.589639 3.562566 16.475244
 90420.000000 -846099.125000 793.951518 3.652704 3.605413 16.418160
 90440.000000 -847008.250000 792.000401 3.716951 3.216805 16.387524
 90460.000000 -845002.500000 791.551063 3.580790 3.098562 16.168484
 90480.000000 -845455.875000 794.445172 3.361626 3.114818 16.390904
 90500.000000 -846063.062500 793.737110 3.347471 3.260275 16.450789
 90520.000000 -845969.375000 796.139650 3.457326 3.371790 16.495658
 90540.000000 -846370.125000 794.988584 3.410772 3.573066 16.751071
 90560.000000 -845417.562500 794.151269 3.462410 3.307374 16.560476
 90580.000000 -846956.562500 796.543189 3.386618 3.366116 16.771236
 90600.000000 -844539.937500 795.453916 3.550314 3.564038 16.369850
 90620.000000 -843942.812500 796.908522 3.550998 3.506354 16.559203
 90640.000000 -845504.375000 795.193131 3.354636 3.632652 16.405615
 90660.000000 -845025.000000 793.128521 3.163920 3.707644 16.675811
 90680.000000 -844910.937500 793.813336 3.202202 3.546603 16.305775
 90700.000000 -843763.375000 794.896812 3.274804 3.484747 16.556169
 90720.000000 -843197.500000 797.269348 3.210590 3.375749 16.426286
 90740.000000 -844237.125000 796.595228 3.131127 3.172928 16.568811
 90760.000000 -845030.000000 794.317073 3.516334 3.310912 16.676830
 90780.000000 -844510.312500 794.036218 3.579853 3.155902 16.726671
 90800.000000 -846596.375000 792.625649 3.468702 3.348718 16.666277
 90820.000000 -846627.125000 794.070550 3.258330 3.422114 16.531799
 90840.000000 -844257.062500 794.466760 3.360286 3.267890 16.602915
 90860.000000 -846724.812500 793.297880 3.507402 3.598165 16.504924
 90880.000000 -844067.937500 793.826542 3.380272 3.455419 16.269380
 90900.000000 -843993.375000 798.241090 3.569467 3.522850 16.285252
 90920.000000 -845062.187500 795.776462 3.518796 3.328624 16.160239
 90940.000000 -844597.000000 791.061715 3.168462 3.240248 16.377449
 90960.000000 -845800.125000 794.015845 3.312242 3.206081 16.474255
 90980.000000 -845394.562500 794.847877 3.410074 3.290324 16.242931
 91000.000000 -846215.125000 793.744033 3.203517 3.317809 16.299785
 91020.000000 -846680.250000 792.801036 3.274373 3.387967 16.482978
 91040.000000 -846800.500000 795.226355 3.359379 3.278712 16.423537
 91060.000000 -845544.000000 793.303242 3.705265 3.348011 16.481860
 91080.000000 -844409.062500 794.441874 3.377909 3.399520 16.721789
 91100.000000 -844474.875000 794.439612 3.349579 3.318692 16.473752
 91120.000000 -845385.500000 792.987229 3.312837 3.087480 16.673975
 91140.000000 -843417.937500 794.373169 3.263996 3.226261 16.566645
 91160.000000 -846737.562500 792.465164 3.596426 3.271748 16.670559
 91180.000000 -844627.125000 796.084724 3.272049 3.346090 16.404449
 91200.000000 -845466.937500 793.300529 3.191404 3.682978 16.392089
 91220.000000 -844535.250000 795.334644 3.595999 3.454391 16.656425
 91240.000000 -845915.250000 791.733668 3.216719 3.503012 16.634540
 91260.000000 -845566.812500 796.371209 3.659142 3.309501 16.672518
 91280.000000 -844537.500000 794.852097 3.218206 3.468183 16.557807
 91300.000000 -845194.250000 793.482568 3.361636 3.601859 16.284241
 91320.000000 -846520.062500 794.486958 3.442714 3.432354 16.408830
 91340.000000 -843262.000000 793.732249 3.344219 3.300030 16.246967
 91360.000000 -846066.437500 795.692294 3.297546 3.559463 16.535035
 91380.000000 -845080.437500 792.915261 3.141806 3.789772 16.642369
 91400.000000 -845800.437500 792.600812 3.168050 3.493312 16.766967
 91420.000000 -845001.750000 794.255699 3.184254 3.373972 16.580637
 91440.000000 -846236.500000 792.756622 3.163519 2.974615 16.658097
 91460.000000 -845389.812500 793.278409 3.336621 3.285713 16.647575
 91480.000000 -844579.687500 795.029157 3.405458 3.397593 16.663145
 91500.000000 -844928.312500 794.052424 3.435622 3.789866 16.391500
 91520.000000 -845798.687500 793.844044 3.378242 3.514384 16.424557
 91540.000000 -846811.937500 793.554511 3.533338 3.471882 16.358569
 91560.000000 -844986.875000 792.880387 3.703901 3.406926 16.497059
 91580.000000 -845587.250000 791.179428 3.400284 3.426313 16.601415
 91600.000000 -844490.750000 794.096521 3.298548 3.264490 16.578441
 91620.000000 -845048.687500 793.408013 3.215399 3.537343 16.509268
 91640.000000 -845085.250000 793.871930 3.707423 3.524268 16.327942
 91660.000000 -846674.687500 792.793427 3.602757 3.463732 16.736057
 91680.000000 -846594.562500 791.714583 3.798675 3.349952 16.844336
 91700.000000 -846044.875000 788.941883 3.693936 3.442628 16.835013
 91720.000000 -844667.687500 792.906886 3.714915 3.294654 16.646127
 91740.000000 -845146.125000 792.506477 3.489758 3.388948 16.558767
 91760.000000 -846741.875000 794.082316 3.375841 3.234536 16.355202
 91780.000000 -847246.437500 791.225731 3.438996 3.452767 16.325581
 91800.000000 -846097.375000 793.075103 3.579548 3.107828 16.780921
 91820.000000 -846387.125000 792.796621 3.497926 3.539748 16.396237
 91840.000000 -845518.562500 793.281106 3.361922 3.738736 16.346470
 91860.000000 -845444.875000 793.190561 3.289327 3.696132 16.353336
 91880.000000 -844300.312500 795.857471 3.676192 3.648680 16.324119
 91900.000000 -845480.937500 795.129652 3.319893 3.559504 16.512345
 91920.000000 -846051.750000 790.811270 3.176486 3.447329 16.311146
 91940.000000 -845819.375000 792.897030 3.358888 3.484159 16.494251
 91960.000000 -844636.937500 796.894279 3.654298 3.581982 16.534111
 91980.000000 -845083.312500 793.984866 3.570972 3.359150 16.303715
 92000.000000 -845392.125000 794.953160 3.486088 3.208505 16.450190
 92020.000000 -843301.500000 795.558070 3.749553 3.134033 16.481985
 92040.000000 -845851.562500 793.589264 3.312244 3.356527 16.579994
 92060.000000 -845412.312500 793.044411 3.370820 3.336136 16.474827
 92080.000000 -844586.625000 794.693579 3.203173 3.295066 16.627453
 92100.000000 -845835.375000 791.696422 3.312042 3.438097 16.412332
 92120.000000 -846857.812500 793.583184 3.477599 3.196319 16.504253
 92140.000000 -846418.500000 792.675980 3.393039 3.503798 16.723449
 92160.000000 -844769.125000 792.466047 3.468059 3.361611 16.511538
 92180.000000 -844849.312500 792.616251 3.346266 3.001058 16.469242
 92200.000000 -845303.062500 794.730215 3.218554 3.267948 16.390979
 92220.000000 -846122.875000 793.763155 3.590489 3.455328 16.409897
 92240.000000 -844621.375000 795.669771 3.384133 3.414684 16.419804
 92260.000000 -846606.812500 796.041266 3.450440 3.211626 16.735576
 92280.000000 -845284.000000 793.681398 3.754553 3.452124 16.718187
 92300.000000 -846396.187500 793.902448 3.288163 3.452496 16.702752
 92320.000000 -846547.187500 795.597526 3.190377 3.497174 16.599549
 92340.000000 -846767.500000 795.015657 3.358245 3.309748 16.444478
 92360.000000 -846916.625000 793.006912 3.341234 3.358759 16.786392
 92380.000000 -845587.437500 793.578011 3.337071 3.600195 16.322194
 92400.000000 -847705.125000 791.388806 3.380672 3.495289 16.287509
 92420.000000 -845068.312500 794.651689 3.426897 3.584823 16.620113
 92440.000000 -844899.875000 793.807488 3.400045 3.639833 16.423431
 92460.000000 -844363.312500 791.736849 3.225054 3.376705 16.284973
 92480.000000 -844798.625000 795.649901 3.522078 3.195169 16.277314
 92500.000000 -845647.125000 792.745734 3.284320 3.493890 16.360945
 92520.000000 -845604.437500 796.558454 3.500030 3.674568 16.774601
 92540.000000 -844825.875000 794.730827 3.529803 3.580198 16.598429
 92560.000000 -846124.125000 790.847896 3.378704 3.470167 16.669984
 92580.000000 -846876.812500 791.794464 3.377577 3.321884 16.515723
 92600.000000 -846359.375000 793.902020 3.444716 3.384845 16.211192
 92620.000000 -846467.125000 793.276265 3.404231 3.231147 16.466858
 92640.000000 -845272.500000 792.072739 3.506946 3.517096 16.428684
 92660.000000 -844627.812500 793.737116 3.467479 3.562573 16.275198
 92680.000000 -844775.062500 792.161876 3.468617 3.410158 16.459194
 92700.000000 -846831.250000 791.739089 3.589996 3.450217 16.554206
 92720.000000 -844602.125000 793.937243 3.370006 3.539878 16.508356
 92740.000000 -846168.312500 792.812356 3.470360 3.531426 16.524842
 92760.000000 -845131.875000 794.010478 3.518248 3.645350 16.329157
 92780.000000 -845874.500000 793.411764 3.132836 3.768167 16.412138
 92800.000000 -846155.125000 794.726750 3.395160 3.538279 16.514562
 92820.000000 -843201.062500 796.179206 3.513404 3.487990 16.732736
 92840.000000 -847069.250000 792.253243 3.383498 3.253589 16.393093
 92860.000000 -846620.937500 793.815291 3.326518 3.361725 16.444255
 92880.000000 -845668.562500 792.705619 3.317121 3.484679 16.568816
 92900.000000 -846231.687500 794.245376 3.429703 3.539081 16.608886
 92920.000000 -846388.812500 792.192589 3.595530 3.334505 16.534390
 92940.000000 -844201.625000 793.640868 3.353007 3.092641 16.682808
 92960.000000 -845591.500000 794.020681 3.363191 3.358624 16.286139
 92980.000000 -846275.937500 792.451660 3.338646 3.316931 16.523252
 93000.000000 -843068.937500 795.466239 3.328323 3.485945 16.366853
 93020.000000 -844552.062500 792.800172 3.551254 3.702636 16.466113
 93040.000000 -844611.000000 794.030871 3.394264 3.463879 16.482247
 93060.000000 -846076.437500 795.263413 3.450869 3.346836 16.647737
 93080.000000 -845130.250000 793.158346 3.475819 3.485176 16.548988
 93100.000000 -847202.562500 791.904741 3.174868 3.545857 16.597584
 93120.000000 -844782.000000 794.503611 3.228815 3.663451 16.384943
 93140.000000 -844815.812500 793.527529 3.418707 3.444502 16.694590
 93160.000000 -845481.875000 793.162193 3.689451 3.418890 16.688429
 93180.000000 -846107.562500 792.819030 3.529510 3.083143 16.455030
 93200.000000 -845237.687500 793.853890 3.427706 3.142906 16.464935
 93220.000000 -845084.187500 793.914134 3.277906 3.357261 16.395394
 93240.000000 -845593.500000 793.595919 3.503459 3.492086 16.435585
 93260.000000 -845222.625000 793.801942 3.243769 3.292119 16.326066
 93280.000000 -846335.937500 795.234401 3.546743 3.079494 16.596775
 93300.000000 -846096.250000 793.230984 3.492514 3.257674 16.369427
 93320.000000 -844411.187500 793.060340 3.528939 3.242137 16.438628
 93340.000000 -845530.687500 793.895027 3.401997 3.516437 16.507684
 93360.000000 -845705.500000 794.684612 3.584911 3.477908 16.596453
 93380.000000 -845466.062500 792.220774 3.715672 3.215613 16.378287
 93400.000000 -845006.062500 794.452670 3.716905 3.422653 16.351562
 93420.000000 -846109.750000 796.300144 3.654167 3.148518 16.484339
 93440.000000 -847011.312500 796.422277 3.431636 3.219577 16.444417
 93460.000000 -844804.125000 794.076755 3.391955 3.479696 16.323438
 93480.000000 -844359.937500 795.991661 3.483218 3.351938 16.382725
 93500.000000 -845109.562500 793.491964 3.227378 3.493973 16.363223
 93520.000000 -846363.937500 793.187657 3.391199 3.311655 16.357271
 93540.000000 -844695.125000 796.497769 3.504037 3.548344 16.303770
 93560.000000 -844089.812500 795.582100 3.217264 3.496894 16.471488
 93580.000000 -844459.875000 794.499369 3.300936 3.316183 16.314406
 93600.000000 -845906.812500 794.685386 3.287864 3.336546 16.350157
 93620.000000 -844425.812500 794.955059 3.342177 3.486320 16.245805
 93640.000000 -845694.062500 795.275983 3.237654 3.249319 16.340835
 93660.000000 -844604.187500 794.027067 3.357287 3.590962 16.404720
 93680.000000 -846476.562500 794.398988 3.199068 3.309624 16.579999
 93700.000000 -845283.250000 791.827920 3.378906 3.249788 16.473755
 93720.000000 -844346.187500 794.228513 3.689548 3.161482 16.470699
 93740.000000 -844282.875000 795.631027 3.518769 3.199879 16.740854
 93760.000000 -844781.312500 795.300249 3.134355 3.328933 16.385089
 93780.000000 -844921.937500 792.955370 3.334586 3.495991 16.539110
 93800.000000 -846884.187500 792.108460 3.627292 3.704206 16.413415
 93820.000000 -846916.562500 793.238954 3.391387 3.503383 16.319654
 93840.000000 -846099.500000 795.527326 3.798711 3.464103 16.294650
 93860.000000 -846262.562500 791.355755 3.662937 3.354012 16.125357
 93880.000000 -845936.125000 793.232752 3.642488 3.419430 16.316850
 93900.000000 -845308.687500 793.057589 3.773136 3.327324 16.432704
 93920.000000 -844814.437500 795.650227 3.546682 3.474893 16.668358
 93940.000000 -844823.812500 795.567370 3.501184 3.194105 16.418407
 93960.000000 -844485.625000 795.341606 3.103908 3.691678 16.415489
 93980.000000 -845176.625000 795.513088 3.479123 3.373036 16.583561
 94000.000000 -845204.312500 792.906370 3.428507 2.966166 16.701204
 94020.000000 -843936.750000 794.074513 3.487459 3.065918 16.550281
 94040.000000 -844557.312500 795.870752 3.535236 3.241175 16.667923
 94060.000000 -845084.312500 793.750839 3.383721 3.740557 16.570935
 94080.000000 -844962.437500 797.204164 3.471725 3.603054 16.273465
 94100.000000 -846571.937500 793.402245 3.493280 3.689342 16.297086
 94120.000000 -846389.250000 793.753487 3.550138 3.552338 16.253471
 94140.000000 -846500.562500 794.113317 3.512342 3.281187 16.184709
 94160.000000 -844273.187500 793.343678 3.165933 3.173360 16.143948
 94180.000000 -845619.875000 794.934773 3.376665 3.417577 16.604738
 94200.000000 -845479.062500 793.666858 3.287259 3.574547 16.693543
 94220.000000 -845488.000000 792.047415 3.292720 3.470025 16.396711
 94240.000000 -847512.937500 793.726093 3.163545 3.482960 16.552659
 94260.000000 -844119.750000 795.990064 3.495341 3.222539 16.531507
 94280.000000 -846426.312500 793.187666 3.479695 3.099318 16.501030
 94300.000000 -844389.125000 793.809201 3.420564 3.483083 16.285457
 94320.000000 -846564.500000 795.219199 3.604244 3.273838 16.447808
 94340.000000 -846608.000000 793.940136 3.366553 3.353464 16.512578
 94360.000000 -844027.562500 792.877000 3.175089 3.455290 16.290254
 94380.000000 -845553.562500 795.114897 3.102558 3.296900 16.437542
 94400.000000 -845650.562500 795.481058 3.201504 3.295919 16.328428
 94420.000000 -844639.687500 795.627986 3.059126 3.342019 16.361533
 94440.000000 -847241.062500 795.862200 3.585991 3.509012 16.481185
 94460.000000 -845701.687500 794.463099 3.359046 3.663095 16.299295
 94480.000000 -847891.062500 791.154637 3.172798 3.681514 16.381844
 94500.000000 -844551.875000 794.206215 3.247729 3.731507 16.393214
 94520.000000 -846091.875000 794.318612 3.349042 3.465285 16.542930
 94540.000000 -845674.562500 792.253682 3.347987 3.305940 16.562890
 94560.000000 -845487.812500 794.109823 3.008764 3.330985 16.545460
 94580.000000 -845030.875000 796.614569 3.451985 3.379611 16.709302
 94600.000000 -844923.312500 795.284074 3.435580 3.287512 16.375263
 94620.000000 -842401.500000 796.555222 3.284876 2.944942 16.317698
 94640.000000 -846278.812500 792.276272 3.679098 3.207969 16.552119
 94660.000000 -845554.062500 793.651161 3.491820 3.358957 16.583166
 94680.000000 -843791.437500 797.178911 3.216004 3.140678 16.146088
 94700.000000 -843763.500000 796.630411 3.166904 3.410710 16.483107
 94720.000000 -846095.875000 794.962047 3.004644 3.568514 16.588484
 94740.000000 -845093.500000 794.967052 3.449070 3.474587 16.425652
 94760.000000 -845342.937500 792.957529 3.327987 3.197426 16.486647
 94780.000000 -843664.437500 794.863957 3.400732 3.641481 16.474640
 94800.000000 -845332.812500 795.301477 3.468656 3.475231 16.624189
 94820.000000 -844044.375000 793.863431 3.306712 3.282819 16.627307
 94840.000000 -844155.000000 795.176227 3.250764 3.423065 16.476773
 94860.000000 -843685.812500 795.786577 3.397415 3.384990 16.543879
 94880.000000 -845527.000000 799.029738 3.452241 3.239825 16.779766
 94900.000000 -843833.312500 796.831792 3.415525 3.498575 16.617605
 94920.000000 -844457.500000 795.951796 3.349615 3.560745 16.580239
 94940.000000 -842849.375000 796.054706 3.222743 3.520725 16.591715
 94960.000000 -845192.812500 795.307244 3.096608 3.650556 16.512498
 94980.000000 -847184.500000 793.247367 3.411492 3.396717 16.503420
 95000.000000 -844391.937500 793.444288 3.555571 3.445175 16.701604
 95020.000000 -845607.312500 792.648395 3.427429 3.549921 16.587884
 95040.000000 -844854.125000 794.465616 3.497938 3.409118 16.805923
 95060.000000 -845282.812500 793.811550 3.432860 3.407948 16.711110
 95080.000000 -845591.250000 793.398037 3.156833 3.371549 16.459983
 95100.000000 -844875.125000 796.833525 3.203532 3.490784 16.363880
 95120.000000 -843842.125000 794.348127 3.216266 3.315183 16.577985
 95140.000000 -845467.187500 795.905912 3.481451 3.524087 16.278218
 95160.000000 -843139.375000 796.504147 3.164556 3.611390 16.387071
 95180.000000 -845147.062500 796.459526 3.476850 3.606538 16.782166
 95200.000000 -844201.250000 798.850897 3.251511 3.541662 16.644101
 95220.000000 -843298.687500 795.216405 3.557343 3.285518 16.581503
 95240.000000 -845198.437500 792.981711 3.604362 3.365962 16.740993
 95260.000000 -845107.562500 792.806237 3.514204 3.480772 16.386569
 95280.000000 -845643.812500 794.895191 3.708744 3.452970 16.426229
 95300.000000 -845601.062500 793.078096 3.508657 3.401413 16.569387
 95320.000000 -844611.562500 795.833343 3.384430 3.421386 16.579688
 95340.000000 -844064.375000 796.355354 3.430190 3.129692 16.254932
 95360.000000 -844591.375000 794.281685 3.246913 3.218903 16.398205
 95380.000000 -842226.625000 795.905192 3.290025 3.247213 16.625735
 95400.000000 -845037.187500 794.053595 3.314728 3.389352 16.502323
 95420.000000 -844704.000000 795.535086 3.393279 3.481082 16.691327
 95440.000000 -844097.250000 795.635258 3.320453 3.220227 16.479526
 95460.000000 -845442.937500 792.252709 3.170923 3.373617 16.688984
 95480.000000 -845318.062500 792.196287 3.223062 3.380903 16.530544
 95500.000000 -844575.187500 795.029295 3.575156 3.354141 16.408273
 95520.000000 -845337.250000 793.322452 3.373589 3.355708 16.412975
 95540.000000 -845318.687500 796.464878 3.063513 3.242837 16.703412
 95560.000000 -844386.375000 793.555076 3.084574 3.390436 16.841042
 95580.000000 -843396.625000 792.795309 3.376642 3.450443 16.698687
 95600.000000 -846504.875000 794.325569 3.329990 3.357578 16.607861
 95620.000000 -847594.312500 794.751533 3.405426 3.537275 16.557349
 95640.000000 -847426.187500 791.772739 3.066017 3.856356 16.331622
 95660.000000 -847328.812500 792.961373 3.104351 3.647690 16.256182
 95680.000000 -845385.625000 796.019586 3.142569 3.590889 16.422202
 95700.000000 -845764.375000 792.412786 3.083003 3.638909 16.514797
 95720.000000 -845178.625000 791.684502 3.393045 3.314296 16.585473
 95740.000000 -844405.500000 795.259795 3.434473 3.262646 16.595114
 95760.000000 -845718.312500 793.611902 3.141369 3.280673 16.446210
 95780.000000 -846392.562500 795.843847 3.248593 3.471024 16.386740
 95800.000000 -846713.375000 792.916661 3.204609 3.460770 16.552885
 95820.000000 -845307.625000 792.137246 3.392242 3.564421 16.423191
 95840.000000 -844404.437500 794.590868 3.617166 2.957213 16.540621
 95860.000000 -844920.375000 794.054396 3.411916 3.218324 16.540388
 95880.000000 -845382.250000 795.616613 3.731651 3.366833 16.217020
 95900.000000 -843683.875000 797.714317 3.162663 3.520982 16.302857
 95920.000000 -845394.250000 792.972997 3.070176 3.379807 16.527080
 95940.000000 -845949.250000 793.762932 3.204505 3.274028 16.662249
 95960.000000 -845887.687500 794.236428 3.380142 3.271184 16.518796
 95980.000000 -846979.187500 793.994297 3.570012 3.097667 16.541620
 96000.000000 -844884.625000 794.528613 3.396977 3.291699 16.542263
 96020.000000 -845577.250000 792.682454 3.440105 3.436479 16.271420
 96040.000000 -847600.812500 794.824147 3.422231 3.238913 16.489722
 96060.000000 -844968.125000 794.601322 3.421106 3.554486 16.269653
 96080.000000 -843220.812500 795.865242 3.402037 3.351475 16.758588
 96100.000000 -846366.437500 792.717065 3.248493 3.532623 16.646787
 96120.000000 -843504.875000 794.925121 3.352014 3.331061 16.766772
 96140.000000 -845000.312500 794.316646 3.388116 3.370965 16.985954
 96160.000000 -845330.562500 796.073786 3.314215 3.230514 16.685897
 96180.000000 -846223.375000 794.151212 3.392138 3.202318 16.513030
 96200.000000 -845045.062500 797.135456 3.251233 3.256995 16.621371
 96220.000000 -844456.062500 795.708376 3.433665 3.176485 16.635386
 96240.000000 -847494.187500 791.948959 3.528333 3.180230 16.583191
 96260.000000 -843167.375000 797.784486 3.354830 3.013068 16.585127
 96280.000000 -846522.875000 794.307021 3.266658 3.296508 16.474872
 96300.000000 -843766.812500 794.669090 3.438672 3.491251 16.527502
 96320.000000 -845757.250000 795.658746 3.396786 3.641259 16.632928
 96340.000000 -845060.625000 795.568434 3.311883 3.473155 16.501779
 96360.000000 -845535.687500 794.737962 3.472402 3.149601 16.472481
 96380.000000 -845269.000000 795.960047 3.331695 3.579609 16.711684
 96400.000000 -844214.875000 791.404031 3.353576 3.693787 16.684169
 96420.000000 -846862.187500 791.884358 3.741002 3.503020 16.492637
 96440.000000 -845572.062500 794.213501 3.711510 3.743028 16.660723
 96460.000000 -846181.000000 791.171283 3.541551 3.514158 16.490806
 96480.000000 -846684.937500 793.372878 3.564995 3.674730 16.694541
 96500.000000 -844210.375000 793.237705 3.430533 3.553816 16.479910
 96520.000000 -845349.750000 795.218274 3.461338 3.317101 16.387849
 96540.000000 -844335.812500 796.155442 3.272687 3.326550 16.400898
 96560.000000 -844208.312500 797.687285 3.160694 3.314673 16.351195
 96580.000000 -843654.187500 795.027815 3.402274 3.355810 16.407932
 96600.000000 -844475.750000 794.323410 3.531915 3.397720 16.380803
 96620.000000 -845815.687500 793.820294 3.265508 3.189115 16.393857
 96640.000000 -846220.312500 793.701235 3.598461 3.318770 16.488647
 96660.000000 -845997.250000 789.979254 3.597594 3.364421 16.825475
 96680.000000 -845353.625000 791.989386 3.243877 3.525399 16.656569
 96700.000000 -844035.750000 795.882850 3.673880 3.425057 16.579068
 96720.000000 -845140.625000 793.367714 3.536091 3.567968 16.380056
 96740.000000 -845427.000000 794.167722 3.486742 3.416333 16.425292
 96760.000000 -846281.312500 795.234994 3.328116 3.484905 16.488877
 96780.000000 -845176.687500 794.963299 3.279849 3.294076 16.538729
 96800.000000 -843362.625000 794.687706 3.265895 3.488504 16.585326
 96820.000000 -843885.937500 794.423356 3.365901 3.638963 16.407419
 96840.000000 -846053.687500 794.686481 3.267661 3.491555 16.291021
 96860.000000 -845839.187500 794.516431 3.507056 3.298866 16.678123
 96880.000000 -843639.000000 795.899430 3.226074 3.272648 16.480060
 96900.000000 -844928.312500 794.690927 3.197529 3.519909 16.610795
 96920.000000 -846088.750000 792.357796 3.180495 3.418739 16.596350
 96940.000000 -843564.625000 794.402867 3.275749 3.575222 16.323059
 96960.000000 -843960.562500 795.369451 3.406618 3.122962 16.426806
 96980.000000 -845539.062500 794.375227 3.218984 3.122167 16.302413
 97000.000000 -846011.062500 795.111201 3.044174 3.238324 16.548600
 97020.000000 -846205.937500 795.267222 3.208447 3.237343 16.536555
 97040.000000 -845357.000000 794.484268 3.512607 3.240406 16.306483
 97060.000000 -844284.875000 794.701798 3.739454 3.537857 16.080290
 97080.000000 -845979.937500 793.926773 3.514881 3.134026 16.462930
 97100.000000 -843641.625000 794.476003 3.369891 3.238731 16.533395
 97120.000000 -844878.312500 793.440517 3.390952 3.053750 16.601490
 97140.000000 -843805.937500 796.558840 3.362386 3.226165 16.420663
 97160.000000 -845024.562500 796.213072 3.312316 3.187414 16.253820
 97180.000000 -843242.312500 797.031707 3.352212 3.480111 16.573905
 97200.000000 -845443.437500 794.056416 3.428783 3.878439 16.471333
 97220.000000 -844353.125000 793.768965 3.329206 3.634649 16.220981
 97240.000000 -843638.687500 793.878299 3.278446 3.435320 16.275270
 97260.000000 -845727.250000 796.662824 3.194617 3.530434 16.436301
 97280.000000 -845270.000000 795.221129 3.342761 3.255467 16.517632
 97300.000000 -845562.500000 794.311069 3.276516 3.431915 16.494857
 97320.000000 -845486.625000 795.751227 3.443232 3.492985 16.547591
 97340.000000 -845780.562500 792.226190 3.417922 3.517201 16.305857
 97360.000000 -844335.875000 792.846251 3.288390 3.309523 16.792086
 97380.000000 -845643.812500 794.728671 3.224417 3.311991 16.532403
 97400.000000 -845722.187500 793.948708 2.930420 3.538893 16.620738
 97420.000000 -845038.625000 795.166518 3.213473 3.728613 16.582978
 97440.000000 -845444.250000 794.110738 3.208029 3.639661 16.642408
 97460.000000 -845476.937500 792.724579 3.251906 3.232950 16.636201
 97480.000000 -844172.812500 795.420406 3.520446 3.194635 16.599396
 97500.000000 -845262.937500 795.749683 3.568273 3.303413 16.778975
 97520.000000 -844997.062500 795.131079 3.613172 3.232327 16.510513
 97540.000000 -845806.562500 791.691346 3.396282 3.308179 16.508397
 97560.000000 -845226.812500 793.740343 3.327014 3.254013 16.480759
 97580.000000 -845548.562500 794.739294 3.176632 3.246836 16.452287
 97600.000000 -845982.312500 793.305280 3.355746 3.515331 16.331118
 97620.000000 -845603.125000 794.870800 3.260601 3.577222 16.323779
 97640.000000 -844706.500000 792.561334 3.475905 3.319597 16.112359
 97660.000000 -845360.125000 794.682707 3.481030 3.198405 16.183998
 97680.000000 -845232.250000 794.777906 3.366039 3.398154 16.437983
 97700.000000 -845031.875000 793.770789 3.182108 3.343187 16.682863
 97720.000000 -842919.000000 794.500773 3.195972 3.414113 16.520268
 97740.000000 -846480.250000 793.157643 3.196261 3.589486 16.681429
 97760.000000 -847008.500000 792.980952 3.298922 3.426531 16.635963
 97780.000000 -845068.125000 793.851085 3.383622 3.358976 16.527770
 97800.000000 -845895.187500 795.110242 3.311488 3.462275 16.564394
 97820.000000 -843363.625000 793.082613 3.408068 3.302842 16.694420
 97840.000000 -845748.437500 793.495573 3.485559 3.226931 16.629847
 97860.000000 -844657.750000 793.963014 3.326607 3.251774 16.595756
 97880.000000 -845039.187500 795.050303 3.687957 3.252807 16.290136
 97900.000000 -844271.937500 795.501418 3.712979 3.148120 16.459739
 97920.000000 -845372.625000 793.560717 3.525725 3.445601 16.616635
 97940.000000 -843420.812500 796.225498 3.418264 3.572504 16.534276
 97960.000000 -845623.562500 793.855607 3.345875 3.305813 16.407667
 97980.000000 -843679.062500 795.470701 3.253464 3.485223 16.510373
 98000.000000 -845024.687500 796.564156 3.261344 3.520935 16.406596
 98020.000000 -844133.312500 793.741364 3.208658 3.537664 16.234893
 98040.000000 -844507.625000 794.202297 3.376603 3.380638 16.112805
 98060.000000 -846180.312500 795.366888 3.228993 3.499993 16.384100
 98080.000000 -847109.562500 793.708825 3.468218 3.431075 16.216534
 98100.000000 -844121.812500 796.321059 3.704661 3.468222 16.373856
 98120.000000 -846573.500000 791.505650 3.595819 3.405814 16.485226
 98140.000000 -844535.437500 792.201771 3.289938 3.389922 16.693562
 98160.000000 -844733.125000 791.048529 3.555419 3.279690 16.510102
 98180.000000 -844040.812500 793.445777 3.433128 3.262693 16.514111
 98200.000000 -846200.625000 794.501963 3.459932 3.282449 16.825231
 98220.000000 -844652.625000 793.783285 3.481153 3.101669 16.660473
 98240.000000 -843829.750000 794.818011 3.181535 3.433705 16.678430
 98260.000000 -844358.937500 792.138995 3.403283 3.424572 16.621357
 98280.000000 -845838.187500 791.795448 3.242854 3.522478 16.861511
 98300.000000 -844169.062500 793.677873 3.282025 3.587515 16.465343
 98320.000000 -846087.375000 794.681158 3.245861 3.444298 16.429336
 98340.000000 -846958.437500 792.918735 3.229319 3.202509 16.392184
 98360.000000 -847442.000000 794.158855 3.342967 3.568084 16.725499
 98380.000000 -846357.562500 792.092440 3.331507 3.505259 16.501271
 98400.000000 -843797.687500 793.713239 3.371932 3.703669 16.544209
 98420.000000 -847037.125000 792.930608 3.432404 3.650218 16.563748
 98440.000000 -844540.625000 793.516169 3.505055 3.748395 16.623998
 98460.000000 -844502.687500 795.997671 3.450529 3.526071 16.530440
 98480.000000 -846073.437500 792.884869 3.241909 3.359815 16.433960
 98500.000000 -843686.437500 793.098486 3.332442 3.335692 16.285719
 98520.000000 -845583.187500 793.899750 3.347258 3.608059 16.377213
 98540.000000 -846506.000000 794.129854 3.309835 3.369390 16.715246
 98560.000000 -842909.937500 795.650934 3.530625 3.457570 16.835362
 98580.000000 -846670.750000 795.212102 3.424231 3.631484 16.849800
 98600.000000 -846480.312500 790.723529 3.383877 3.394393 16.517905
 98620.000000 -846160.937500 793.094151 3.486285 3.294022 16.609940
 98640.000000 -847113.375000 795.503253 3.628932 3.565943 16.466198
 98660.000000 -845982.437500 794.240162 3.281347 3.454409 16.589067
 98680.000000 -844565.875000 791.626651 3.283070 3.533235 16.596097
 98700.000000 -844606.750000 794.188365 3.180545 3.642468 16.633054
 98720.000000 -844819.062500 790.505139 3.282766 3.534694 16.411169
 98740.000000 -846543.062500 792.388928 3.234539 3.331300 16.235709
 98760.000000 -847020.125000 793.207724 3.336996 3.341990 16.420785
 98780.000000 -844884.000000 794.573142 3.306009 3.199600 16.563987
 98800.000000 -844132.500000 794.860569 3.550209 3.584468 16.309486
 98820.000000 -843792.062500 797.916675 3.434424 3.401197 16.303275
 98840.000000 -843825.125000 794.158234 3.345618 3.246435 16.294559
 98860.000000 -844465.312500 794.853326 3.235935 3.706418 16.505150
 98880.000000 -845458.875000 795.121147 3.554519 3.548267 16.525223
 98900.000000 -844405.250000 792.620820 3.550300 3.643887 16.752139
 98920.000000 -845476.937500 793.085737 3.484633 3.603051 16.704821
 98940.000000 -846913.687500 792.387258 3.578989 3.282656 16.485181
 98960.000000 -845635.875000 793.412396 3.483223 3.321353 16.407957
 98980.000000 -845285.562500 796.554528 3.505573 3.242230 16.420058
 99000.000000 -845807.562500 792.839446 3.591896 3.354009 16.340606
 99020.000000 -843719.250000 793.389780 3.621797 3.659279 16.434650
 99040.000000 -847412.375000 792.766314 3.389146 3.557488 16.437938
 99060.000000 -847551.625000 789.617205 3.297920 3.381202 16.569339
 99080.000000 -844770.812500 794.162332 3.503673 3.544986 16.653774
 99100.000000 -843854.500000 793.703437 3.398472 3.596826 16.626175
 99120.000000 -845205.625000 793.560311 3.443413 3.433970 16.472884
 99140.000000 -843919.937500 793.193377 3.455567 3.132712 16.399910
 99160.000000 -847099.937500 790.617913 3.476400 3.132398 16.729439
 99180.000000 -845024.625000 794.407336 3.474877 3.464123 16.715327
 99200.000000 -844993.375000 793.762463 3.270014 3.366055 16.365908
 99220.000000 -845808.875000 793.270046 3.481942 3.384287 16.403111
 99240.000000 -846318.062500 792.293239 3.427394 3.453894 16.237385
 99260.000000 -844482.687500 792.194805 3.536316 3.477332 16.549133
 99280.000000 -845405.375000 794.055366 3.227484 3.324467 16.633897
 99300.000000 -844893.062500 791.789588 3.528348 3.232378 16.431994
 99320.000000 -844306.375000 794.238903 3.570678 3.074308 16.313790
 99340.000000 -844403.937500 794.625833 3.672487 3.428325 16.443118
 99360.000000 -844700.250000 793.986225 3.480723 3.610041 16.313559
 99380.000000 -845517.250000 792.767522 3.572502 3.478843 16.423032
 99400.000000 -846021.062500 794.828483 3.539258 3.315104 16.441029
 99420.000000 -844270.750000 793.273790 3.248060 3.341000 16.534770
 99440.000000 -845979.437500 796.269196 3.374186 3.249648 16.594295
 99460.000000 -844787.187500 793.413005 3.155153 3.296538 16.384037
 99480.000000 -848111.437500 793.674881 3.376703 3.681825 16.464557
 99500.000000 -844727.437500 796.556053 3.648300 3.439891 16.766655
 99520.000000 -847384.687500 792.278318 3.468024 3.472601 16.446841
 99540.000000 -845081.625000 793.156168 3.386443 3.535533 16.432009
 99560.000000 -844179.500000 795.870366 3.532331 3.784775 16.153158
 99580.000000 -846669.937500 794.284388 3.566438 3.710307 16.365658
 99600.000000 -844945.875000 793.630991 3.334024 3.144636 16.234157
 99620.000000 -844302.625000 795.615284 3.290106 3.347148 16.415680
 99640.000000 -844283.625000 797.518891 2.980882 3.455644 16.464305
 99660.000000 -845647.250000 795.989116 3.088190 3.333165 16.369942
 99680.000000 -846444.125000 793.452232 3.096381 3.497119 16.554224
 99700.000000 -845512.187500 792.243624 3.149538 3.580492 16.491036
 99720.000000 -845053.687500 795.540476 3.273385 3.440383 16.565065
 99740.000000 -844330.062500 795.953773 3.410417 3.306210 16.169119
 99760.000000 -843554.250000 794.795209 3.155809 3.292092 16.333593
 99780.000000 -845255.937500 794.312542 2.949383 3.348316 16.395781
 99800.000000 -845009.437500 796.270471 2.978351 3.266319 16.556970
 99820.000000 -846801.625000 791.831640 3.201540 3.374084 16.242921
 99840.000000 -846319.937500 792.714265 3.465685 3.309128 16.380360
 99860.000000 -844101.625000 793.579368 3.715789 3.271045 16.185173
 99880.000000 -845658.875000 793.779123 3.492438 3.344538 16.242118
 99900.000000 -844811.937500 793.279698 3.621253 3.235264 16.398604
 99920.000000 -847708.125000 795.156120 3.424623 3.266625 16.608287
 99940.000000 -845560.312500 795.813991 3.256235 3.522252 16.293853
 99960.000000 -846580.812500 791.638489 3.325971 3.466669 16.342148
 99980.000000 -846791.562500 795.660145 3.435133 3.487465 16.319588
 100000.000000 -844553.000000 794.346224 3.175527 3.280460 16.552881
