1
                 Chemistry at HARvard Macromolecular Mechanics
           (CHARMM) - Developmental Version 47a2   February 15, 2021            
                                Revision unknown                                
       Copyright(c) 1984-2020  President and Fellows of Harvard College
                              All Rights Reserved
      Current operating system: Linux-3.10.0-1160.119.1.el7.x86_64(x86_64)      
                 Created on 10/22/24 at 11:18:23 by user: apache      

            Maximum number of ATOMS:    360720, and RESidues:      120240
 RDTITL> * GENERATED BY CHARMM-GUI (HTTP://WWW.CHARMM-GUI.ORG) V3.7 ON OCT, 22. 2024. JOBID=2960967181
 RDTITL> * TEST AND FIX CHOLESTEROL RING PENERTRATION
 RDTITL> *
  
 CHARMM>     
  
 CHARMM>    DIMENS CHSIZE 5000000 MAXRES 3000000
Size      Original         New
MAXA        360720     5000000
MAXB        360720     5000000
MAXT        721440    10000000
MAXP       1082160    15000000
MAXIMP      180360     2500000
MAXNB        90180     1250000
MAXPAD      360720     5000000
MAXRES      120240     3000000
MAXSEG       45090      625000
MAXATC        1400
MAXCB         3000
MAXCT        50000
MAXCP        50000
MAXCI         1200
MAXCH         6400
MAXCN       502503
MAXCRT      120240     1666666
  
 CHARMM>     
  
 CHARMM>    ! Read topology and parameter files
 CHARMM>    stream toppar.str
 VOPEN> Attempting to open::toppar.str::
 OPNLGU> Unit 99 opened for READONLY access to toppar.str

                    INPUT STREAM SWITCHING TO UNIT    99
 RDTITL> * GENERATED BY CHARMM-GUI (HTTP://WWW.CHARMM-GUI.ORG) V3.7 ON OCT, 22. 2024. JOBID=2960967181
 RDTITL> * STREAM FILE FOR TOPOLOGY AND PARAMETER READING
 RDTITL> *
 Parameter: IN1 <- "" <empty>
  
 CHARMM>     
  
 CHARMM>    ! protein topology and parameter
 CHARMM>    open read card unit 10 name toppar/top_all36_prot.rtf
 VOPEN> Attempting to open::toppar/top_all36_prot.rtf::
 OPNLGU> Unit 10 opened for READONLY access to toppar/top_all36_prot.rtf
  
 CHARMM>    read  rtf card unit 10
 MAINIO> Residue topology file being read from unit  10.
 TITLE> *>>>>>>>>CHARMM36 ALL-HYDROGEN TOPOLOGY FILE FOR PROTEINS <<<<<<
 TITLE> *>>>>> INCLUDES PHI, PSI CROSS TERM MAP (CMAP) CORRECTION <<<<<<<
 TITLE> *>>>>>>>>>>>>>>>>>>>>>>>>>> MAY 2011 <<<<<<<<<<<<<<<<<<<<<<<<<<<<
 TITLE> * ALL COMMENTS TO THE CHARMM WEB SITE: WWW.CHARMM.ORG
 TITLE> *             PARAMETER SET DISCUSSION FORUM
 TITLE> *
  
 CHARMM>     
  
 CHARMM>    open read card unit 20 name toppar/par_all36m_prot.prm
 VOPEN> Attempting to open::toppar/par_all36m_prot.prm::
 OPNLGU> Unit 20 opened for READONLY access to toppar/par_all36m_prot.prm
  
 CHARMM>    read para card unit 20 flex

          PARAMETER FILE BEING READ FROM UNIT 20
 TITLE> *>>>> CHARMM36 ALL-HYDROGEN PARAMETER FILE FOR PROTEINS <<<<<<<<<<
 TITLE> *>>>>> INCLUDES PHI, PSI CROSS TERM MAP (CMAP) CORRECTION <<<<<<<<
 TITLE> *>>>>>>>>>>>>>>>>>>>>>>>>>> JAN. 2016 <<<<<<<<<<<<<<<<<<<<<<<<<<<<
 TITLE> * ALL COMMENTS TO THE CHARMM WEB SITE: WWW.CHARMM.ORG
 TITLE> *             PARAMETER SET DISCUSSION FORUM
 TITLE> *
 PARMIO> NONBOND, HBOND lists and IMAGE atoms cleared.
  
 CHARMM>     
  
 CHARMM>    ! nucleic acids
 CHARMM>    open read card unit 10 name toppar/top_all36_na.rtf
 OPNLGU> Unit already open. The old file will be closed first.
 VCLOSE: Closing unit   10 with status "KEEP"
 VOPEN> Attempting to open::toppar/top_all36_na.rtf::
 OPNLGU> Unit 10 opened for READONLY access to toppar/top_all36_na.rtf
  
 CHARMM>    read  rtf card unit 10 append
 MAINIO> Residue topology file being read from unit  10.
 TITLE> *  \\\\ CHARMM36 ALL-HYDROGEN NUCLEIC ACID TOPOLOGY FILE ////
 TITLE> *   ALEXANDER D. MACKERELL JR. AND COWORKERS
 TITLE> *                      APRIL 2011
 TITLE> * ALL COMMENTS TO THE CHARMM WEB SITE: WWW.CHARMM.ORG
 TITLE> *           PARAMETER SET DISCUSSION FORUM
 TITLE> *
  
 CHARMM>     
  
 CHARMM>    open read card unit 20 name toppar/par_all36_na.prm
 OPNLGU> Unit already open. The old file will be closed first.
 VCLOSE: Closing unit   20 with status "KEEP"
 VOPEN> Attempting to open::toppar/par_all36_na.prm::
 OPNLGU> Unit 20 opened for READONLY access to toppar/par_all36_na.prm
  
 CHARMM>    read para card unit 20 append flex

          PARAMETER FILE BEING READ FROM UNIT 20
 TITLE> * \\\\ CHARMM36 ALL-HYDROGEN NUCLEIC ACID PARAMETER FILE ////
 TITLE> *         ALEXANDER D. MACKERELL JR. AND COWORKERS
 TITLE> *                        APRIL 2011
 TITLE> * ALL COMMENTS TO THE CHARMM WEB SITE: WWW.CHARMM.ORG PARAMETER
 TITLE> *                     SET DISCUSSION FORUM
 TITLE> *
 PARMIO> NONBOND, HBOND lists and IMAGE atoms cleared.
  
 CHARMM>     
  
 CHARMM>    ! carbohydrates
 CHARMM>    open read card unit 10 name toppar/top_all36_carb.rtf
 OPNLGU> Unit already open. The old file will be closed first.
 VCLOSE: Closing unit   10 with status "KEEP"
 VOPEN> Attempting to open::toppar/top_all36_carb.rtf::
 OPNLGU> Unit 10 opened for READONLY access to toppar/top_all36_carb.rtf
  
 CHARMM>    read  rtf card unit 10 append
 MAINIO> Residue topology file being read from unit  10.
 TITLE> * $ID: TOP_ALLXX_SUGAR.INP,V 1.106 2014/08/19 19:07:43 ALEX EXP $
 TITLE> *>>>>>>>>>>>> ALL-HYDROGEN TOPOLOGIES USED IN THE <<<<<<<<<<<<<<<<
 TITLE> *>>>>> DEVELOPMENT OF THE CHARMM CARBOHYDRATE  FORCE FIELD<<<<<<<<
 TITLE> *>>>>>>>>>>>>>>>>>>>>>>>>> JUNE 2009 <<<<<<<<<<<<<<<<<<<<<<<<<<<<<
 TITLE> *>>>>>>>> DIRECT COMMENTS TO ALEXANDER D. MACKERELL JR. <<<<<<<<<<
 TITLE> *>>>>>>>>>> VIA THE CHARMM WEB SITE: WWW.CHARMM.ORG <<<<<<<<<<<<<<
 TITLE> *>>>>>>>>>>>>>>> PARAMETER SET DISCUSSION FORUM <<<<<<<<<<<<<<<<<<
 TITLE> *
  
 CHARMM>     
  
 CHARMM>    open read card unit 20 name toppar/par_all36_carb.prm
 OPNLGU> Unit already open. The old file will be closed first.
 VCLOSE: Closing unit   20 with status "KEEP"
 VOPEN> Attempting to open::toppar/par_all36_carb.prm::
 OPNLGU> Unit 20 opened for READONLY access to toppar/par_all36_carb.prm
  
 CHARMM>    read para card unit 20 append flex

          PARAMETER FILE BEING READ FROM UNIT 20
 TITLE> * $ID: PAR_ALLXX_SUGAR.INP,V 1.132 2014/08/19 19:03:21 ALEX EXP $
 TITLE> *>>>>>>>>>>>> ALL-HYDROGEN PARAMETERS USED IN THE <<<<<<<<<<<<<<<<
 TITLE> *>>>>> DEVELOPMENT OF THE CHARMM CARBOHYDRATE  FORCE FIELD<<<<<<<<
 TITLE> *>>>>>>>>>>>>>>>>>>>>>>>>> JUNE 2009 <<<<<<<<<<<<<<<<<<<<<<<<<<<<<
 TITLE> *>>>>>>>> DIRECT COMMENTS TO ALEXANDER D. MACKERELL JR. <<<<<<<<<<
 TITLE> *>>>>>>>>>> VIA THE CHARMM WEB SITE: WWW.CHARMM.ORG <<<<<<<<<<<<<<
 TITLE> *>>>>>>>>>>>>>>> PARAMETER SET DISCUSSION FORUM <<<<<<<<<<<<<<<<<<
 TITLE> *
 PARMIO> NONBOND, HBOND lists and IMAGE atoms cleared.
  
 CHARMM>     
  
 CHARMM>    ! lipids
 CHARMM>    open read card unit 10 name toppar/top_all36_lipid.rtf
 OPNLGU> Unit already open. The old file will be closed first.
 VCLOSE: Closing unit   10 with status "KEEP"
 VOPEN> Attempting to open::toppar/top_all36_lipid.rtf::
 OPNLGU> Unit 10 opened for READONLY access to toppar/top_all36_lipid.rtf
  
 CHARMM>    read  rtf card unit 10 append
 MAINIO> Residue topology file being read from unit  10.
 TITLE> *  \\\\\\\ CHARMM36 ALL-HYDROGEN LIPID TOPOLOGY FILE ///////
 TITLE> *  ALL COMMENTS AND QUESTIONS SHOULD BE SUBMITTED TO THE
 TITLE> *  PARAMETER FORUM AT THE CHARMM WEBSITE: WWW.CHARMM.ORG
 TITLE> *
  
 CHARMM>     
  
 CHARMM>    open read card unit 20 name toppar/par_all36_lipid.prm
 OPNLGU> Unit already open. The old file will be closed first.
 VCLOSE: Closing unit   20 with status "KEEP"
 VOPEN> Attempting to open::toppar/par_all36_lipid.prm::
 OPNLGU> Unit 20 opened for READONLY access to toppar/par_all36_lipid.prm
  
 CHARMM>    read para card unit 20 append flex

          PARAMETER FILE BEING READ FROM UNIT 20
 TITLE> *  \\\\\\\ CHARMM36 ALL-HYDROGEN LIPID PARAMETER FILE ///////
 TITLE> *  ALL COMMENTS AND QUESTIONS SHOULD BE SUBMITTED TO THE
 TITLE> *  PARAMETER FORUM AT THE CHARMM WEBSITE: WWW.CHARMM.ORG
 TITLE> *
 PARMIO> NONBOND, HBOND lists and IMAGE atoms cleared.
  
 CHARMM>     
  
 CHARMM>    ! CGENFF
 CHARMM>    open read card unit 10 name toppar/top_all36_cgenff.rtf
 OPNLGU> Unit already open. The old file will be closed first.
 VCLOSE: Closing unit   10 with status "KEEP"
 VOPEN> Attempting to open::toppar/top_all36_cgenff.rtf::
 OPNLGU> Unit 10 opened for READONLY access to toppar/top_all36_cgenff.rtf
  
 CHARMM>    read  rtf card unit 10 append
 MAINIO> Residue topology file being read from unit  10.
 TITLE> *  --------------------------------------------------------------------------  *
 TITLE> *          CGENFF: TOPOLOGY FOR THE CHARMM GENERAL FORCE FIELD V. 4.6          *
 TITLE> *                    FOR SMALL MOLECULE DRUG DESIGN                            *
 TITLE> *  --------------------------------------------------------------------------  *
 TITLE> *

 DRUDES PARTICLES WILL BE GENERATED AUTOMATICALLY FOR ALL ATOMS WITH NON-ZERO ALPHA
 Thole-type dipole screening, Slater-Delta shape {S(u) = 1 - (1+u/2)*exp(-u)}, default radius =  1.300000
  
 CHARMM>     
  
 CHARMM>    open read card unit 20 name toppar/par_all36_cgenff.prm
 OPNLGU> Unit already open. The old file will be closed first.
 VCLOSE: Closing unit   20 with status "KEEP"
 VOPEN> Attempting to open::toppar/par_all36_cgenff.prm::
 OPNLGU> Unit 20 opened for READONLY access to toppar/par_all36_cgenff.prm
  
 CHARMM>    read para card unit 20 append flex

          PARAMETER FILE BEING READ FROM UNIT 20
 TITLE> *  --------------------------------------------------------------------------  *
 TITLE> *         CGENFF: PARAMETERS FOR THE CHARMM GENERAL FORCE FIELD V. 4.6         *
 TITLE> *                    FOR SMALL MOLECULE DRUG DESIGN                            *
 TITLE> *  --------------------------------------------------------------------------  *
 TITLE> *  2017/8: IF PROTEIN, NUCLEIC ACID AND CARBOHYDRATE TOPOLOGY AND PARAMETER FILES
 TITLE> *  ARE NOT READ PRIOR TO THE CGENFF FILES "WARNING: ATOMS IN NBFIX ' errors will
 TITLE> *  BE ENCOUNTERED.  THESE CAN BE PASSED BY SETTING BOMLEV ( -2) PRIOR TO READING
 TITLE> *  THIS FILE. IN ADDITION, WHEN GENERATING AROMATIC HALOGENS (CL, BR, I) WITH
 TITLE> *  PRE C41B/C42A VERSIONS OF CHARMM "MISSING PARAMETER" ERRORS WILL BE
 TITLE> *  ENCOUNTERED THAT ALSO REQUIRE SETTING BOMLEV ( -2).
 TITLE> *
 PARMIO> NONBOND, HBOND lists and IMAGE atoms cleared.
  
 CHARMM>     
  
 CHARMM>    ! Phosphates and Sulfates
 CHARMM>    stream toppar/toppar_all36_moreions.str
 VOPEN> Attempting to open::toppar/toppar_all36_moreions.str::
 OPNLGU> Unit 98 opened for READONLY access to toppar/toppar_all36_moreions.str

                    INPUT STREAM SWITCHING TO UNIT    98
 RDTITL> * ADDITIONAL IONS GENERATED USING CGENFF
 RDTITL> *
 Parameter: IN1 <- "" <empty>
  
 CHARMM>     
  
 CHARMM>    set nat ?NATC
 RDCMND substituted energy or value "?NATC" to "345"
 Parameter: NAT <- "345"
  
 CHARMM>    set app
 Parameter: APP <- "" <empty>
  
 CHARMM>     
  
 CHARMM>    if "@NAT" ne "?NATC" if @nat ne 0 set app append
 Parameter: NAT -> "345"
 Parameter: NAT -> "345"
 RDCMND: can not substitute energy "?NATC""
 Comparing ""345"" and ""?NATC"".
 IF test evaluated as true.  Performing command
 Comparing "345" and "0".
 IF test evaluated as true.  Performing command
 Parameter: APP <- "APPEND"
  
 CHARMM>     
  
 CHARMM>    read rtf card @app
 Parameter: APP -> "APPEND"
 MAINIO> Residue topology file being read from unit  98.
 RDTITL> * TOPOLOGIES GENERATED BY
 RDTITL> * CHARMM GENERAL FORCE FIELD (CGENFF) PROGRAM VERSION 2.4.0
 RDTITL> *
  
 CHARMM>     
  
 CHARMM>    read para card flex @app
 Parameter: APP -> "APPEND"

          PARAMETER FILE BEING READ FROM UNIT 98
 RDTITL> * PARAMETERS GENERATED BY ANALOGY BY
 RDTITL> * CHARMM GENERAL FORCE FIELD (CGENFF) PROGRAM VERSION 2.4.0
 RDTITL> *
 PARMIO> NONBOND, HBOND lists and IMAGE atoms cleared.
  
 CHARMM>     
  
 VCLOSE: Closing unit   98 with status "KEEP"

                    RETURNING TO INPUT STREAM    99
  
 CHARMM>     
  
 CHARMM>    ! Interface FF
 CHARMM>    open read card unit 10 name toppar/top_interface.rtf
 OPNLGU> Unit already open. The old file will be closed first.
 VCLOSE: Closing unit   10 with status "KEEP"
 VOPEN> Attempting to open::toppar/top_interface.rtf::
 OPNLGU> Unit 10 opened for READONLY access to toppar/top_interface.rtf
  
 CHARMM>    read  rtf card unit 10 append
 MAINIO> Residue topology file being read from unit  10.
 TITLE> * INTERFACE FF
 TITLE> * TOPOLOGY FOR NANOMATERIALS
 TITLE> *
*** WARNING **** residue TSHO already exists (old one deleted)

      ***** LEVEL  1 WARNING FROM <RTFRDR> *****
      ***** Residue already exists.
      ******************************************
      BOMLEV (  0) IS NOT REACHED. WRNLEV IS  5

          PRES TSHO17      -1.050
*** WARNING **** residue TSHO already exists (old one deleted)

      ***** LEVEL  1 WARNING FROM <RTFRDR> *****
      ***** Residue already exists.
      ******************************************
      BOMLEV (  0) IS NOT REACHED. WRNLEV IS  5

          PRES TSHO21      -1.050
 There were   2 warning(s) from RTFRDR.
  
 CHARMM>     
  
 CHARMM>    open read card unit 10 name toppar/par_interface.prm
 OPNLGU> Unit already open. The old file will be closed first.
 VCLOSE: Closing unit   10 with status "KEEP"
 VOPEN> Attempting to open::toppar/par_interface.prm::
 OPNLGU> Unit 10 opened for READONLY access to toppar/par_interface.prm
  
 CHARMM>    read para card unit 10 append flex

          PARAMETER FILE BEING READ FROM UNIT 10
 TITLE> * INTERFACE FF
 TITLE> * TOPOLOGY AND PARAMETER FOR CALY MINERALS, CEMENT MINERALS
 TITLE> *
 PARRDR> Error: Repeated DIHE parameter ( 10947): HGR6  ICG1  ICG1  ICGE is replaced
 PARMIO> NONBOND, HBOND lists and IMAGE atoms cleared.
  
 CHARMM>     
  
 CHARMM>    stream toppar/toppar_all36_nano_lig.str
 VOPEN> Attempting to open::toppar/toppar_all36_nano_lig.str::
 OPNLGU> Unit 98 opened for READONLY access to toppar/toppar_all36_nano_lig.str

                    INPUT STREAM SWITCHING TO UNIT    98
 RDTITL> READ RTF CARD APPEND
 RDTITL> No title read.
 Parameter: IN1 <- "" <empty>
  
 CHARMM>    read rtf card append
 MAINIO> Residue topology file being read from unit  98.
 RDTITL> * TOPOLOGY FOR NANO-LIGAND
 RDTITL> *
  
 CHARMM>     
  
 CHARMM>    read param card flex append

          PARAMETER FILE BEING READ FROM UNIT 98
 RDTITL> * SYNTHETIC POLYMER PARAMETER
 RDTITL> *
 PARMIO> NONBOND, HBOND lists and IMAGE atoms cleared.
  
 CHARMM>    RETURN
 VCLOSE: Closing unit   98 with status "KEEP"

                    RETURNING TO INPUT STREAM    99
  
 CHARMM>    stream toppar/toppar_all36_nano_lig_patch.str
 VOPEN> Attempting to open::toppar/toppar_all36_nano_lig_patch.str::
 OPNLGU> Unit 98 opened for READONLY access to toppar/toppar_all36_nano_lig_patch.str

                    INPUT STREAM SWITCHING TO UNIT    98
 RDTITL> READ RTF CARD APPEND
 RDTITL> No title read.
 Parameter: IN1 <- "" <empty>
  
 CHARMM>    read rtf card append
 MAINIO> Residue topology file being read from unit  98.
 RDTITL> * TOPOLOGY FOR SYNTHETIC_POLYMER
 RDTITL> *
  
 CHARMM>    RETURN
 VCLOSE: Closing unit   98 with status "KEEP"

                    RETURNING TO INPUT STREAM    99
  
 CHARMM>     
  
 CHARMM>    ! Additional topologies and parameters for synthetic polymer
 CHARMM>    stream toppar/toppar_all36_synthetic_polymer.str
 VOPEN> Attempting to open::toppar/toppar_all36_synthetic_polymer.str::
 OPNLGU> Unit 98 opened for READONLY access to toppar/toppar_all36_synthetic_polymer.str

                    INPUT STREAM SWITCHING TO UNIT    98
 RDTITL> READ RTF CARD APPEND
 RDTITL> No title read.
 Parameter: IN1 <- "" <empty>
  
 CHARMM>    read rtf card append
 MAINIO> Residue topology file being read from unit  98.
 RDTITL> * TOPOLOGY FOR SYNTHETIC_POLYMER
 RDTITL> *
  
 CHARMM>     
  
 CHARMM>    read param card flex append

          PARAMETER FILE BEING READ FROM UNIT 98
 RDTITL> * SYNTHETIC POLYMER PARAMETER
 RDTITL> *
 PARMIO> NONBOND, HBOND lists and IMAGE atoms cleared.
  
 CHARMM>    RETURN
 VCLOSE: Closing unit   98 with status "KEEP"

                    RETURNING TO INPUT STREAM    99
  
 CHARMM>    stream toppar/toppar_all36_synthetic_polymer_patch.str
 VOPEN> Attempting to open::toppar/toppar_all36_synthetic_polymer_patch.str::
 OPNLGU> Unit 98 opened for READONLY access to toppar/toppar_all36_synthetic_polymer_patch.str

                    INPUT STREAM SWITCHING TO UNIT    98
 RDTITL> READ RTF CARD APPEND
 RDTITL> No title read.
 Parameter: IN1 <- "" <empty>
  
 CHARMM>    read rtf card append
 MAINIO> Residue topology file being read from unit  98.
 RDTITL> * TOPOLOGY FOR SYNTHETIC_POLYMER
 RDTITL> *
  
 CHARMM>     
  
 CHARMM>    return
 VCLOSE: Closing unit   98 with status "KEEP"

                    RETURNING TO INPUT STREAM    99
  
 CHARMM>    stream toppar/toppar_all36_polymer_solvent.str
 VOPEN> Attempting to open::toppar/toppar_all36_polymer_solvent.str::
 OPNLGU> Unit 98 opened for READONLY access to toppar/toppar_all36_polymer_solvent.str

                    INPUT STREAM SWITCHING TO UNIT    98
 RDTITL> READ RTF CARD APPEND
 RDTITL> No title read.
 Parameter: IN1 <- "" <empty>
  
 CHARMM>    read rtf card append
 MAINIO> Residue topology file being read from unit  98.
 RDTITL> * TOPOLOGY FOR SYNTHETIC_POLYMER
 RDTITL> *
  
 CHARMM>    read param card flex append

          PARAMETER FILE BEING READ FROM UNIT 98
 RDTITL> * SYNTHETIC POLYMER PARAMETER
 RDTITL> *
 PARMIO> NONBOND, HBOND lists and IMAGE atoms cleared.
  
 CHARMM>     
  
 CHARMM>    RETURN
 VCLOSE: Closing unit   98 with status "KEEP"

                    RETURNING TO INPUT STREAM    99
  
 CHARMM>     
  
 CHARMM>    ! Additional topologies and parameters for water and ions
 CHARMM>    stream toppar/toppar_water_ions.str
 VOPEN> Attempting to open::toppar/toppar_water_ions.str::
 OPNLGU> Unit 98 opened for READONLY access to toppar/toppar_water_ions.str

                    INPUT STREAM SWITCHING TO UNIT    98
 RDTITL> * TOPLOGY AND PARAMETER INFORMATION FOR WATER AND IONS.
 RDTITL> *
 Parameter: IN1 <- "" <empty>
  
 CHARMM>     
  
 CHARMM>    !Testcase
 CHARMM>    !test_water_ions.inp
 CHARMM>     
  
 CHARMM>    ! IMPORTANT NOTE: this file contains NBFixes between carboxylates and sodium,
 CHARMM>    ! which will only apply if the main files containing carboxylate atom types
 CHARMM>    ! have been read in first!
 CHARMM>     
  
 CHARMM>    !references
 CHARMM>    !
 CHARMM>    !TIP3P water model
 CHARMM>    !
 CHARMM>    !W.L. Jorgensen; J.Chandrasekhar; J.D. Madura; R.W. Impey;
 CHARMM>    !M.L. Klein; "Comparison of simple potential functions for
 CHARMM>    !simulating liquid water", J. Chem. Phys. 79 926-935 (1983).
 CHARMM>    !
 CHARMM>    !IONS
 CHARMM>    !
 CHARMM>    !Ions from Roux and coworkers
 CHARMM>    !
 CHARMM>    !Beglov, D. and Roux, B., Finite Representation of an Infinite
 CHARMM>    !Bulk System: Solvent Boundary Potential for Computer Simulations,
 CHARMM>    !Journal of Chemical Physics, 1994, 100: 9050-9063
 CHARMM>    !
 CHARMM>    !ZINC
 CHARMM>    !
 CHARMM>    !Stote, R.H. and Karplus, M. Zinc Binding in Proteins and
 CHARMM>    !Solution: A Simple but Accurate Nonbonded Representation, PROTEINS:
 CHARMM>    !Structure, Function, and Genetics 23:12-31 (1995)
 CHARMM>     
  
 CHARMM>    !test "append" to determine if previous toppar files have been read and
 CHARMM>    !add append to "read rtf card" if true
 CHARMM>    set nat ?NATC
 RDCMND substituted energy or value "?NATC" to "468"
 Parameter: NAT <- "468"
  
 CHARMM>    set app
 Parameter: APP <- "" <empty>
  
 CHARMM>    !We're exploiting what is arguably a bug in the parser. On the left hand side,
 CHARMM>    !the quotes have priority, so NAT is correctly substituted. On the right hand
 CHARMM>    !side, the ? has priority and NATC" (sic) is not a valid substitution...
 CHARMM>    if "@NAT" ne "?NATC" if @nat ne 0 set app append
 Parameter: NAT -> "468"
 Parameter: NAT -> "468"
 RDCMND: can not substitute energy "?NATC""
 Comparing ""468"" and ""?NATC"".
 IF test evaluated as true.  Performing command
 Comparing "468" and "0".
 IF test evaluated as true.  Performing command
 Parameter: APP <- "APPEND"
  
 CHARMM>     
  
 CHARMM>    read rtf card @app
 Parameter: APP -> "APPEND"
 MAINIO> Residue topology file being read from unit  98.
 RDTITL> * TOPOLOGY FOR WATER AND IONS
 RDTITL> *
  
 CHARMM>     
  
 CHARMM>    read para card flex @app
 Parameter: APP -> "APPEND"

          PARAMETER FILE BEING READ FROM UNIT 98
 RDTITL> * PARAMETERS FOR WATER AND IONS
 RDTITL> *
 PARMIO> NONBOND, HBOND lists and IMAGE atoms cleared.
  
 CHARMM>     
  
 CHARMM>    ! The following section contains NBFixes for sodium interacting with
 CHARMM>    ! carboxylate oxygens of various CHARMM force fields. It will generate
 CHARMM>    ! level -1 warnings whenever any of these force fields have not been
 CHARMM>    ! read prior to the current stream file. Since we don't want to force
 CHARMM>    ! the user to always read all the force fields, we're suppressing the
 CHARMM>    ! warnings. The only side effect is that you will have "most severe
 CHARMM>    ! warning was at level 0" at the end of your output. Also note that
 CHARMM>    ! the user is responsible for reading the current file last if they
 CHARMM>    ! want the NBFixes to apply. A more elegant solution would require new
 CHARMM>    ! features to be added to CHARMM.
 CHARMM>    ! parallel fix, to avoid duplicated messages in the log
 CHARMM>    set para
 Parameter: PARA <- "" <empty>
  
 CHARMM>    if ?NUMNODE gt 1 set para node 0
 RDCMND substituted energy or value "?NUMNODE" to "1"
 Comparing "1" and "1".
 IF test evaluated as false.  Skipping command
  
 CHARMM>     
  
 CHARMM>    set wrn ?WRNLEV
 RDCMND substituted energy or value "?WRNLEV" to "5"
 Parameter: WRN <- "5"
  
 CHARMM>    ! Some versions of CHARMM don't seem to initialize wrnlev...
 CHARMM>    if "@WRN" eq "?WRNLEV" set wrn 5
 Parameter: WRN -> "5"
 RDCMND: can not substitute energy "?WRNLEV""
 Comparing ""5"" and ""?WRNLEV"".
 IF test evaluated as false.  Skipping command
  
 CHARMM>    set bom ?bomlev
 RDCMND substituted energy or value "?BOMLEV" to "0"
 Parameter: BOM <- "0"
  
 CHARMM>    WRNLEV -1 @PARA
 Parameter: PARA -> "" <empty>
  
 CHARMM>    BOMLEV -1 @PARA
 Parameter: PARA -> "" <empty>
  
 CHARMM>    read para card flex append

          PARAMETER FILE BEING READ FROM UNIT 98
 RDTITL> * NBFIX BETWEEN CARBOXYLATE AND SODIUM
 RDTITL> *
 PARMIO> NONBOND, HBOND lists and IMAGE atoms cleared.
  
 CHARMM>    BOMLEV @bom @PARA
 Parameter: BOM -> "0"
 Parameter: PARA -> "" <empty>
  
 CHARMM>    WRNLEV @wrn @PARA
 Parameter: WRN -> "5"
 Parameter: PARA -> "" <empty>
  
 CHARMM>     
  
 CHARMM>    return
 VCLOSE: Closing unit   98 with status "KEEP"

                    RETURNING TO INPUT STREAM    99
  
 CHARMM>    stream toppar/toppar_dum_noble_gases.str
 VOPEN> Attempting to open::toppar/toppar_dum_noble_gases.str::
 OPNLGU> Unit 98 opened for READONLY access to toppar/toppar_dum_noble_gases.str

                    INPUT STREAM SWITCHING TO UNIT    98
 RDTITL> * TOPLOGY AND PARAMETER INFORMATION FOR HELIUM, NEON AND A DUMMY ATOM.
 RDTITL> *
 Parameter: IN1 <- "" <empty>
  
 CHARMM>     
  
 CHARMM>    !Testcase
 CHARMM>    !test_dum_nobel_gases.inp
 CHARMM>     
  
 CHARMM>    !test "append" to determine if previous	toppar files have been read and
 CHARMM>    !add append to "read rtf card" if true
 CHARMM>    set nat ?NATC
 RDCMND substituted energy or value "?NATC" to "485"
 Parameter: NAT <- "485"
  
 CHARMM>    set app
 Parameter: APP <- "" <empty>
  
 CHARMM>    !We're exploiting what is arguably a bug in the parser. On the left hand side,
 CHARMM>    !the quotes have proirity, so NAT is correctly substituted. On the right hand
 CHARMM>    !side, the ? has priority and NATC" (sic) is not a valid substitution...
 CHARMM>    if "@NAT" ne "?NATC" if @nat ne 0 set app append
 Parameter: NAT -> "485"
 Parameter: NAT -> "485"
 RDCMND: can not substitute energy "?NATC""
 Comparing ""485"" and ""?NATC"".
 IF test evaluated as true.  Performing command
 Comparing "485" and "0".
 IF test evaluated as true.  Performing command
 Parameter: APP <- "APPEND"
  
 CHARMM>     
  
 CHARMM>    read rtf card @app
 Parameter: APP -> "APPEND"
 MAINIO> Residue topology file being read from unit  98.
 RDTITL> * TOPOLOGY FOR HELIUM, NEON AND A DUMMY ATOM.
 RDTITL> *
  
 CHARMM>     
  
 CHARMM>    read para card flex @app
 Parameter: APP -> "APPEND"

          PARAMETER FILE BEING READ FROM UNIT 98
 RDTITL> * PARAMETERS FOR HELIUM, NEON AND A DUMMY ATOM.
 RDTITL> *
 PARMIO> NONBOND, HBOND lists and IMAGE atoms cleared.
  
 CHARMM>     
  
 CHARMM>    return
 VCLOSE: Closing unit   98 with status "KEEP"

                    RETURNING TO INPUT STREAM    99
  
 CHARMM>    stream toppar/toppar_ions_won.str
 VOPEN> Attempting to open::toppar/toppar_ions_won.str::
 OPNLGU> Unit 98 opened for READONLY access to toppar/toppar_ions_won.str

                    INPUT STREAM SWITCHING TO UNIT    98
 RDTITL> * TOP_IONS_WON.STR: GENERAL MODEL FOR MONO-, DI-, AND TRIVALENT CATIONS
 RDTITL> *
 Parameter: IN1 <- "" <empty>
  
 CHARMM>     
  
 CHARMM>    !This is a comprehensive set of ions developed using stochastic boundary
 CHARMM>    !conditions. It is strongly recommended that ion parameters in
 CHARMM>    !toppar_water_ions.str be used if available, as they are more highly
 CHARMM>    !optimized.  Accordingly, those ions have been commented in this
 CHARMM>    !file.
 CHARMM>    !
 CHARMM>    !reference
 CHARMM>    !Won, Y., "Force Field for Monovalent, Divalent, and Trivalent Cations
 CHARMM>    !Developed under the Solvent Boundary Potential," Journal of Physical
 CHARMM>    !Chemistry A., 116: 11763-11767, 2012.
 CHARMM>     
  
 CHARMM>     
  
 CHARMM>    !test "append" to determine if previous toppar files have been read and
 CHARMM>    !add append to "read rtf card" if true
 CHARMM>    set nat ?NATC
 RDCMND substituted energy or value "?NATC" to "488"
 Parameter: NAT <- "488"
  
 CHARMM>    set app
 Parameter: APP <- "" <empty>
  
 CHARMM>    !We're exploiting what is arguably a bug in the parser. On the left hand side,
 CHARMM>    !the quotes have priority, so NAT is correctly substituted. On the right hand
 CHARMM>    !side, the ? has priority and NATC" (sic) is not a valid substitution...
 CHARMM>    if "@NAT" ne "?NATC" if @nat ne 0 set app append
 Parameter: NAT -> "488"
 Parameter: NAT -> "488"
 RDCMND: can not substitute energy "?NATC""
 Comparing ""488"" and ""?NATC"".
 IF test evaluated as true.  Performing command
 Comparing "488" and "0".
 IF test evaluated as true.  Performing command
 Parameter: APP <- "APPEND"
  
 CHARMM>     
  
 CHARMM>    read rtf card @app
 Parameter: APP -> "APPEND"
 MAINIO> Residue topology file being read from unit  98.
 RDTITL> * TOPOLOGY FOR WATER AND IONS
 RDTITL> *
  
 CHARMM>     
  
 CHARMM>    read para card flex @app
 Parameter: APP -> "APPEND"

          PARAMETER FILE BEING READ FROM UNIT 98
 RDTITL> * PAR_CATION.PRM FOR MONO-, DI-, AND TRIVALENT CATIONS
 RDTITL> *
 PARMIO> NONBOND, HBOND lists and IMAGE atoms cleared.
  
 VCLOSE: Closing unit   98 with status "KEEP"

                    RETURNING TO INPUT STREAM    99
  
 CHARMM>    stream toppar/cam.str
 VOPEN> Attempting to open::toppar/cam.str::
 OPNLGU> Unit 98 opened for READONLY access to toppar/cam.str

                    INPUT STREAM SWITCHING TO UNIT    98
 RDTITL> READ RTF CARD APPEND
 RDTITL> No title read.
 Parameter: IN1 <- "" <empty>
  
 CHARMM>    read rtf card append
 MAINIO> Residue topology file being read from unit  98.
 RDTITL> * TOPOLOGY GENERATED BY PARMED
 RDTITL> *

      ***** LEVEL  1 WARNING FROM <rtfrdr> *****
      ***** No AUTOgen defaults specified in appended RTF. Potential conflict with prior RTF autogen options. Check.
      ******************************************
      BOMLEV (  0) IS NOT REACHED. WRNLEV IS  5

  
 CHARMM>     
  
 CHARMM>    read para card flex append

          PARAMETER FILE BEING READ FROM UNIT 98
 RDTITL> * PARAMETERS GENERATED BY PARMED
 RDTITL> *
 PARMIO> NONBOND, HBOND lists and IMAGE atoms cleared.
  
 CHARMM>     
  
 CHARMM>    ! The following section contains NBFixes for CAM interacting with
 CHARMM>    ! water.
 CHARMM>    set para
 Parameter: PARA <- "" <empty>
  
 CHARMM>    if ?NUMNODE gt 1 set para node 0
 RDCMND substituted energy or value "?NUMNODE" to "1"
 Comparing "1" and "1".
 IF test evaluated as false.  Skipping command
  
 CHARMM>     
  
 CHARMM>    set wrn ?WRNLEV
 RDCMND substituted energy or value "?WRNLEV" to "5"
 Parameter: WRN <- "5"
  
 CHARMM>    ! Some versions of CHARMM don't seem to initialize wrnlev...
 CHARMM>    if "@WRN" eq "?WRNLEV" set wrn 5
 Parameter: WRN -> "5"
 RDCMND: can not substitute energy "?WRNLEV""
 Comparing ""5"" and ""?WRNLEV"".
 IF test evaluated as false.  Skipping command
  
 CHARMM>    set bom ?bomlev
 RDCMND substituted energy or value "?BOMLEV" to "0"
 Parameter: BOM <- "0"
  
 CHARMM>    WRNLEV -1 @PARA
 Parameter: PARA -> "" <empty>
  
 CHARMM>    BOMLEV -1 @PARA
 Parameter: PARA -> "" <empty>
  
 CHARMM>     
  
 CHARMM>    read para card flex append

          PARAMETER FILE BEING READ FROM UNIT 98
 RDTITL> * NBFIX BETWEEN CAM AND WATER
 RDTITL> *
 PARMIO> NONBOND, HBOND lists and IMAGE atoms cleared.
  
 CHARMM>    BOMLEV @bom @PARA
 Parameter: BOM -> "0"
 Parameter: PARA -> "" <empty>
  
 CHARMM>    WRNLEV @wrn @PARA
 Parameter: WRN -> "5"
 Parameter: PARA -> "" <empty>
  
 CHARMM>     
  
 CHARMM>    return
 VCLOSE: Closing unit   98 with status "KEEP"

                    RETURNING TO INPUT STREAM    99
  
 CHARMM>     
  
 CHARMM>    ! Additional topologies and parameters for protein
 CHARMM>    stream toppar/toppar_all36_prot_arg0.str
 VOPEN> Attempting to open::toppar/toppar_all36_prot_arg0.str::
 OPNLGU> Unit 98 opened for READONLY access to toppar/toppar_all36_prot_arg0.str

                    INPUT STREAM SWITCHING TO UNIT    98
 RDTITL> *>>>>>> ALL-HYDROGEN TOPOLOGY FOR NEUTRAL ARG <<<<<<<<<<<<<<<<<<<<
 RDTITL> *>>>>>>>>>>>>>>>>>>>>>>> 2007 <<<<<<<<<<<<<<<<<<<<<<<<<<<<<<<<<<<<
 RDTITL> *>>>>>>>> DIRECT COMMENTS TO ALEXANDER D. MACKERELL JR. <<<<<<<<<<
 RDTITL> *>>>>>>>>>>>>>>> PARAMETER FORUM, WWW.CHARMM.ORG <<<<<<<<<<<<<<<<<
 RDTITL> *
 Parameter: IN1 <- "" <empty>
  
 CHARMM>     
  
 CHARMM>    ! Atom names include "R" (for Arg) as the second letter. The
 CHARMM>    ! only other atom types in the additive FF with this second
 CHARMM>    ! letter are histidine [HN]R[123] in the protein FF and CRL[12]
 CHARMM>    ! in toppar_all36_lipid_cholesterol.str , so no more conflicts.
 CHARMM>     
  
 CHARMM>    !Parent files that have to be read prior to streaming this file
 CHARMM>    !top_all36_prot.rtf
 CHARMM>    !par_all36_prot.rtf
 CHARMM>    !
 CHARMM>    !Testcase
 CHARMM>    !test_all36_prot_arg0.inp
 CHARMM>     
  
 CHARMM>    !Li, L., Vorobyov, I.V., MacKerell, Jr., A.D., Allen, T.W., "Is
 CHARMM>    !arginine charged in a membrane?" Biophysical Journal, 94: L11-L13,
 CHARMM>    !2008, PMCID: PMC2157258
 CHARMM>     
  
 CHARMM>    read rtf card append
 MAINIO> Residue topology file being read from unit  98.
 RDTITL> * TOPOLOGY FOR PROTEIN RELATED MODEL COMPOUNDS
 RDTITL> *
*** WARNING **** residue MGU1 already exists (old one deleted)

      ***** LEVEL  1 WARNING FROM <RTFRDR> *****
      ***** Residue already exists.
      ******************************************
      BOMLEV (  0) IS NOT REACHED. WRNLEV IS  5

          RESI MGU1          0.00
*** WARNING **** residue MGU2 already exists (old one deleted)

      ***** LEVEL  1 WARNING FROM <RTFRDR> *****
      ***** Residue already exists.
      ******************************************
      BOMLEV (  0) IS NOT REACHED. WRNLEV IS  5

          RESI MGU2          0.00
 There were   2 warning(s) from RTFRDR.
  
 CHARMM>     
  
 CHARMM>    read param card flex append

          PARAMETER FILE BEING READ FROM UNIT 98
 RDTITL>  
 RDTITL> No title read.
 PARMIO> NONBOND, HBOND lists and IMAGE atoms cleared.
  
 CHARMM>     
  
 CHARMM>    return
 VCLOSE: Closing unit   98 with status "KEEP"

                    RETURNING TO INPUT STREAM    99
  
 CHARMM>    stream toppar/toppar_all36_prot_c36m_d_aminoacids.str
 VOPEN> Attempting to open::toppar/toppar_all36_prot_c36m_d_aminoacids.str::
 OPNLGU> Unit 98 opened for READONLY access to toppar/toppar_all36_prot_c36m_d_aminoacids.str

                    INPUT STREAM SWITCHING TO UNIT    98
 RDTITL> *>>>>>>CHARMM36 ALL-HYDROGEN TOPPAR FILE FOR D-PROTEINS <<<<<<<
 RDTITL> *>>>>>>>>>>>>>>>>>>>>>>>>>> JAN. 2016 <<<<<<<<<<<<<<<<<<<<<<<<<<<<
 RDTITL> * ALL COMMENTS TO THE CHARMM WEB SITE: WWW.CHARMM.ORG
 RDTITL> *             PARAMETER SET DISCUSSION FORUM
 RDTITL> *
 Parameter: IN1 <- "" <empty>
  
 CHARMM>     
  
 CHARMM>    !update 2016/2. use directly inverted CMAPs
 CHARMM>     
  
 CHARMM>    !toppar stream file for D-amino acids. Includes new residue
 CHARMM>    !names, inverted CMAP and additional parameters.
 CHARMM>     
  
 CHARMM>    !Parent files that have to be read prior to streaming this file
 CHARMM>    !top_all36_prot.rtf
 CHARMM>    !par_all36m_prot.prm
 CHARMM>    !
 CHARMM>    !Testcase
 CHARMM>    !test_all36_d_amino_acid.inp
 CHARMM>     
  
 CHARMM>    !test "append" to determine if previous toppar files have been read and
 CHARMM>    !add append to "read rtf card" if true
 CHARMM>    set nat ?NATC
 RDCMND substituted energy or value "?NATC" to "554"
 Parameter: NAT <- "554"
  
 CHARMM>    set app
 Parameter: APP <- "" <empty>
  
 CHARMM>    !We're exploiting what is arguably a bug in the parser. On the left hand side,
 CHARMM>    !the quotes have priority, so NAT is correctly substituted. On the right hand
 CHARMM>    !side, the ? has priority and NATC" (sic) is not a valid substitution...
 CHARMM>    if "@NAT" ne "?NATC" if @nat ne 0 set app append
 Parameter: NAT -> "554"
 Parameter: NAT -> "554"
 RDCMND: can not substitute energy "?NATC""
 Comparing ""554"" and ""?NATC"".
 IF test evaluated as true.  Performing command
 Comparing "554" and "0".
 IF test evaluated as true.  Performing command
 Parameter: APP <- "APPEND"
  
 CHARMM>     
  
 CHARMM>    read rtf card @app
 Parameter: APP -> "APPEND"
 MAINIO> Residue topology file being read from unit  98.
 RDTITL> * TOPOLOGY FOR D- AMINOACIDS
 RDTITL> *
  
 CHARMM>     
  
 CHARMM>    read para card flex @app
 Parameter: APP -> "APPEND"

          PARAMETER FILE BEING READ FROM UNIT 98
 RDTITL> * PARAMETERS FOR D- AMINOACIDS
 RDTITL> *
 PARMIO> NONBOND, HBOND lists and IMAGE atoms cleared.
  
 VCLOSE: Closing unit   98 with status "KEEP"

                    RETURNING TO INPUT STREAM    99
  
 CHARMM>    stream toppar/toppar_all36_prot_fluoro_alkanes.str
 VOPEN> Attempting to open::toppar/toppar_all36_prot_fluoro_alkanes.str::
 OPNLGU> Unit 98 opened for READONLY access to toppar/toppar_all36_prot_fluoro_alkanes.str

                    INPUT STREAM SWITCHING TO UNIT    98
 RDTITL> * TOPOLOGY AND PARAMETERS FOR FLUORINATED ALKANES.
 RDTITL> *
 Parameter: IN1 <- "" <empty>
  
 CHARMM>     
  
 CHARMM>    !These parameters are maintained for historic reasons.  The CGenFF
 CHARMM>    !halogen parameters are a significant improvement over these
 CHARMM>    !parameters.
 CHARMM>     
  
 CHARMM>    !Parent files that have to be read prior to streaming this file
 CHARMM>    !top_all36_prot.rtf
 CHARMM>    !par_all36_prot.prm
 CHARMM>     
  
 CHARMM>    !Testcase
 CHARMM>    !test_all36_prot_fluoro_alkanes.inp
 CHARMM>     
  
 CHARMM>    !Reference
 CHARMM>    !Chen, I.-J., Yin, D. and MacKerell, Jr., A.D., "Combined Ab
 CHARMM>    !initio/Empirical Approach for Optimization of Lennard-Jones Parameters
 CHARMM>    !for Polar-Neutral Compounds," Journal of Computational Chemistry,
 CHARMM>    !2002, 23:199-213.
 CHARMM>    !
 CHARMM>    !Note that these parameters are higly optimized to reproduce the
 CHARMM>    !corresponding condensed phase properties and have not been incorporated
 CHARMM>    !into the CHARMM22 or CHARMM27 biomolecular force fields
 CHARMM>     
  
 CHARMM>    read rtf card append
 MAINIO> Residue topology file being read from unit  98.
 RDTITL> * TOPOLOGY FOR FLUOROALKANES
 RDTITL> *
*** WARNING **** residue ETHA already exists (old one deleted)

      ***** LEVEL  1 WARNING FROM <RTFRDR> *****
      ***** Residue already exists.
      ******************************************
      BOMLEV (  0) IS NOT REACHED. WRNLEV IS  5

          RESI ETHA  0.0
*** WARNING **** residue FETH already exists (old one deleted)

      ***** LEVEL  1 WARNING FROM <RTFRDR> *****
      ***** Residue already exists.
      ******************************************
      BOMLEV (  0) IS NOT REACHED. WRNLEV IS  5

          RESI FETH  0.0
*** WARNING **** residue DFET already exists (old one deleted)

      ***** LEVEL  1 WARNING FROM <RTFRDR> *****
      ***** Residue already exists.
      ******************************************
      BOMLEV (  0) IS NOT REACHED. WRNLEV IS  5

          RESI DFET 0.0
*** WARNING **** residue TFET already exists (old one deleted)

      ***** LEVEL  1 WARNING FROM <RTFRDR> *****
      ***** Residue already exists.
      ******************************************
      BOMLEV (  0) IS NOT REACHED. WRNLEV IS  5

          RESI TFET  0.0
*** WARNING **** residue TFE  already exists (old one deleted)

      ***** LEVEL  1 WARNING FROM <RTFRDR> *****
      ***** Residue already exists.
      ******************************************
      BOMLEV (  0) IS NOT REACHED. WRNLEV IS  5

          RESI TFE   0.0
 There were   5 warning(s) from RTFRDR.
  
 CHARMM>     
  
 CHARMM>    read para card flex append

          PARAMETER FILE BEING READ FROM UNIT 98
 RDTITL> * FLUOROALKANE PARAMETERS
 RDTITL> *
 PARMIO> NONBOND, HBOND lists and IMAGE atoms cleared.
  
 CHARMM>     
  
 CHARMM>    return
 VCLOSE: Closing unit   98 with status "KEEP"

                    RETURNING TO INPUT STREAM    99
  
 CHARMM>    stream toppar/toppar_all36_prot_heme.str
 VOPEN> Attempting to open::toppar/toppar_all36_prot_heme.str::
 OPNLGU> Unit 98 opened for READONLY access to toppar/toppar_all36_prot_heme.str

                    INPUT STREAM SWITCHING TO UNIT    98
 RDTITL> * TOPOLOGY AND PARAMETER STREAM FILE FOR HEME AND RELATED
 RDTITL> * LIGANDS AND PATCHES.
 RDTITL> *
 Parameter: IN1 <- "" <empty>
  
 CHARMM>     
  
 CHARMM>    !updated 2016/2, allow for use of AUTOGENERATE ANGLE DIHEDRAl PATCH
 CHARMM>     
  
 CHARMM>    !Parent files that have to be read prior to streaming this file
 CHARMM>    !top_all36_prot.rtf
 CHARMM>    !par_all36_prot.prm
 CHARMM>     
  
 CHARMM>    !Testcase
 CHARMM>    !test_all36_prot_heme.inp
 CHARMM>     
  
 CHARMM>    read rtf card append
 MAINIO> Residue topology file being read from unit  98.
 RDTITL> * TOPOLOGY FOR HEME AND RELATED COMPOUNDS AND PATCHES
 RDTITL> *
*** WARNING **** residue CO2  already exists (old one deleted)

      ***** LEVEL  1 WARNING FROM <RTFRDR> *****
      ***** Residue already exists.
      ******************************************
      BOMLEV (  0) IS NOT REACHED. WRNLEV IS  5

          RESI CO2             0.00
 There were   1 warning(s) from RTFRDR.
  
 CHARMM>     
  
 CHARMM>    read para card flex append

          PARAMETER FILE BEING READ FROM UNIT 98
 RDTITL> * ADDITIONAL PARAMETERS FOR HEME
 RDTITL> *
 PARMIO> NONBOND, HBOND lists and IMAGE atoms cleared.
  
 CHARMM>     
  
 CHARMM>    return
 VCLOSE: Closing unit   98 with status "KEEP"

                    RETURNING TO INPUT STREAM    99
  
 CHARMM>    stream toppar/toppar_all36_prot_na_combined.str
 VOPEN> Attempting to open::toppar/toppar_all36_prot_na_combined.str::
 OPNLGU> Unit 98 opened for READONLY access to toppar/toppar_all36_prot_na_combined.str

                    INPUT STREAM SWITCHING TO UNIT    98
 RDTITL> * TOPOLOGY AND PARAMETER STREAM FILE FOR PATCHES TO CREATE
 RDTITL> * MODEL COMPOUNDS AND PATCHES THAT REQUIRE BOTH PROTEIN AND
 RDTITL> * NUCLEIC ACID TOPOLOGY AND PARAMETER INFORMATION
 RDTITL> *
 Parameter: IN1 <- "" <empty>
  
 CHARMM>     
  
 CHARMM>    !Parent files that have to be read prior to streaming this file
 CHARMM>    !top_all36_prot.rtf
 CHARMM>    !par_all36_prot.prm
 CHARMM>    !top_all36_na.rtf
 CHARMM>    !par_all36_na.prm
 CHARMM>    !stream/toppar_all36_prot_fluoro_alkanes.str ! atom types an parameters for fluorinated compounds
 CHARMM>     
  
 CHARMM>    !Testcase
 CHARMM>    !test_all36_prot_na_combined.inp
 CHARMM>     
  
 CHARMM>    !all patches must be followed by AUTOGENERATE ANGLES DIHEDRALS
 CHARMM>     
  
 CHARMM>    !PHOSPHOTYROSINE
 CHARMM>    !
 CHARMM>    !Feng, M.-H., Philippopoulos, M., MacKerell, Jr., A.D. and Lim, C.
 CHARMM>    !Structural Characterization of the Phosphotyrosine Binding Region of a
 CHARMM>    !High-Affinity aSH2 Domain-Phosphopeptide Complex by Molecular Dynamics
 CHARMM>    !Simulation and Chemical Shift Calculations. Journal of the American
 CHARMM>    !Chemical Society, 1996, 118: 11265-11277.
 CHARMM>     
  
 CHARMM>    read rtf card append
 MAINIO> Residue topology file being read from unit  98.
 RDTITL> * TOPOLOGY FOR PHOSPHORYLATED AMINO ACIDS
 RDTITL> *
*** WARNING **** residue THFI already exists (old one deleted)

      ***** LEVEL  1 WARNING FROM <RTFRDR> *****
      ***** Residue already exists.
      ******************************************
      BOMLEV (  0) IS NOT REACHED. WRNLEV IS  5

          RESI THFI       0.00
*** WARNING **** residue THMI already exists (old one deleted)

      ***** LEVEL  1 WARNING FROM <RTFRDR> *****
      ***** Residue already exists.
      ******************************************
      BOMLEV (  0) IS NOT REACHED. WRNLEV IS  5

          RESI THMI       0.00
*** WARNING **** residue THFA already exists (old one deleted)

      ***** LEVEL  1 WARNING FROM <RTFRDR> *****
      ***** Residue already exists.
      ******************************************
      BOMLEV (  0) IS NOT REACHED. WRNLEV IS  5

          RESI THFA        0.00
*** WARNING **** residue THAO already exists (old one deleted)

      ***** LEVEL  1 WARNING FROM <RTFRDR> *****
      ***** Residue already exists.
      ******************************************
      BOMLEV (  0) IS NOT REACHED. WRNLEV IS  5

          RESI THAO         0.00
*** WARNING **** residue RNUS already exists (old one deleted)

      ***** LEVEL  1 WARNING FROM <RTFRDR> *****
      ***** Residue already exists.
      ******************************************
      BOMLEV (  0) IS NOT REACHED. WRNLEV IS  5

          RESI RNUS         0.00
*** WARNING **** residue NUCL already exists (old one deleted)

      ***** LEVEL  1 WARNING FROM <RTFRDR> *****
      ***** Residue already exists.
      ******************************************
      BOMLEV (  0) IS NOT REACHED. WRNLEV IS  5

          RESI NUCL        -1.00
*** WARNING **** residue PPH1 already exists (old one deleted)

      ***** LEVEL  1 WARNING FROM <RTFRDR> *****
      ***** Residue already exists.
      ******************************************
      BOMLEV (  0) IS NOT REACHED. WRNLEV IS  5

          RESI PPH1      -1.00
*** WARNING **** residue BMPH already exists (old one deleted)

      ***** LEVEL  1 WARNING FROM <RTFRDR> *****
      ***** Residue already exists.
      ******************************************
      BOMLEV (  0) IS NOT REACHED. WRNLEV IS  5

          RESI BMPH      -1.00
*** WARNING **** residue BMPD already exists (old one deleted)

      ***** LEVEL  1 WARNING FROM <RTFRDR> *****
      ***** Residue already exists.
      ******************************************
      BOMLEV (  0) IS NOT REACHED. WRNLEV IS  5

          RESI BMPD      -2.00
*** WARNING **** residue BDFP already exists (old one deleted)

      ***** LEVEL  1 WARNING FROM <RTFRDR> *****
      ***** Residue already exists.
      ******************************************
      BOMLEV (  0) IS NOT REACHED. WRNLEV IS  5

          RESI BDFP      -1.00
*** WARNING **** residue BDFD already exists (old one deleted)

      ***** LEVEL  1 WARNING FROM <RTFRDR> *****
      ***** Residue already exists.
      ******************************************
      BOMLEV (  0) IS NOT REACHED. WRNLEV IS  5

          RESI BDFD -2.00
*** WARNING **** residue EP_2 already exists (old one deleted)

      ***** LEVEL  1 WARNING FROM <RTFRDR> *****
      ***** Residue already exists.
      ******************************************
      BOMLEV (  0) IS NOT REACHED. WRNLEV IS  5

          RESI EP_2        -2.00
*** WARNING **** residue IP_2 already exists (old one deleted)

      ***** LEVEL  1 WARNING FROM <RTFRDR> *****
      ***** Residue already exists.
      ******************************************
      BOMLEV (  0) IS NOT REACHED. WRNLEV IS  5

          RESI IP_2        -2.00
 There were  13 warning(s) from RTFRDR.
  
 CHARMM>     
  
 CHARMM>    read para card flex append

          PARAMETER FILE BEING READ FROM UNIT 98
 RDTITL> * ADDITIONAL PARAMETERS FOR PHOSPHORYLATED AMINO ACIDS
 RDTITL> *
 PARMIO> NONBOND, HBOND lists and IMAGE atoms cleared.
  
 VCLOSE: Closing unit   98 with status "KEEP"

                    RETURNING TO INPUT STREAM    99
  
 CHARMM>    stream toppar/toppar_all36_prot_retinol.str
 VOPEN> Attempting to open::toppar/toppar_all36_prot_retinol.str::
 OPNLGU> Unit 98 opened for READONLY access to toppar/toppar_all36_prot_retinol.str

                    INPUT STREAM SWITCHING TO UNIT    98
 RDTITL> * TOPPAR STREAM FILE FOR RETINOL AND RETINAL PARAMETERS
 RDTITL> * A. LOCCISANO, A.M.W., J. EVANSECK AND A.D. MACKERELL, JR.
 RDTITL> * APRIL, 2005
 RDTITL> *
 Parameter: IN1 <- "" <empty>
  
 CHARMM>     
  
 CHARMM>    !use with c36 protein force fields
 CHARMM>    !top_all36_prot.rtf
 CHARMM>    !par_all36_prot.prm
 CHARMM>     
  
 CHARMM>    read rtf card append
 MAINIO> Residue topology file being read from unit  98.
 RDTITL> * RETINAL/RETINOL AND RELATED MODEL COMPOUNDS
 RDTITL> *
*** WARNING **** residue BTE2 already exists (old one deleted)

      ***** LEVEL  1 WARNING FROM <RTFRDR> *****
      ***** Residue already exists.
      ******************************************
      BOMLEV (  0) IS NOT REACHED. WRNLEV IS  5

          RESI BTE2       0.00
*** WARNING **** residue 13DB already exists (old one deleted)

      ***** LEVEL  1 WARNING FROM <RTFRDR> *****
      ***** Residue already exists.
      ******************************************
      BOMLEV (  0) IS NOT REACHED. WRNLEV IS  5

          RESI 13DB       0.00
*** WARNING **** residue 13DP already exists (old one deleted)

      ***** LEVEL  1 WARNING FROM <RTFRDR> *****
      ***** Residue already exists.
      ******************************************
      BOMLEV (  0) IS NOT REACHED. WRNLEV IS  5

          RESI 13DP       0.00
*** WARNING **** residue DMB1 already exists (old one deleted)

      ***** LEVEL  1 WARNING FROM <RTFRDR> *****
      ***** Residue already exists.
      ******************************************
      BOMLEV (  0) IS NOT REACHED. WRNLEV IS  5

          RESI DMB1       0.00
*** WARNING **** residue DMP1 already exists (old one deleted)

      ***** LEVEL  1 WARNING FROM <RTFRDR> *****
      ***** Residue already exists.
      ******************************************
      BOMLEV (  0) IS NOT REACHED. WRNLEV IS  5

          RESI DMP1       0.00
*** WARNING **** residue DMP2 already exists (old one deleted)

      ***** LEVEL  1 WARNING FROM <RTFRDR> *****
      ***** Residue already exists.
      ******************************************
      BOMLEV (  0) IS NOT REACHED. WRNLEV IS  5

          RESI DMP2       0.00
*** WARNING **** residue CROT already exists (old one deleted)

      ***** LEVEL  1 WARNING FROM <RTFRDR> *****
      ***** Residue already exists.
      ******************************************
      BOMLEV (  0) IS NOT REACHED. WRNLEV IS  5

          RESI CROT       0.00
*** WARNING **** residue PACP already exists (old one deleted)

      ***** LEVEL  1 WARNING FROM <RTFRDR> *****
      ***** Residue already exists.
      ******************************************
      BOMLEV (  0) IS NOT REACHED. WRNLEV IS  5

          RESI PACP       0.00
*** WARNING **** residue MECH already exists (old one deleted)

      ***** LEVEL  1 WARNING FROM <RTFRDR> *****
      ***** Residue already exists.
      ******************************************
      BOMLEV (  0) IS NOT REACHED. WRNLEV IS  5

          RESI MECH       0.00
*** WARNING **** residue TMCH already exists (old one deleted)

      ***** LEVEL  1 WARNING FROM <RTFRDR> *****
      ***** Residue already exists.
      ******************************************
      BOMLEV (  0) IS NOT REACHED. WRNLEV IS  5

          RESI TMCH       0.00
*** WARNING **** residue FRET already exists (old one deleted)

      ***** LEVEL  1 WARNING FROM <RTFRDR> *****
      ***** Residue already exists.
      ******************************************
      BOMLEV (  0) IS NOT REACHED. WRNLEV IS  5

          RESI FRET       0.00
*** WARNING **** residue RTOL already exists (old one deleted)

      ***** LEVEL  1 WARNING FROM <RTFRDR> *****
      ***** Residue already exists.
      ******************************************
      BOMLEV (  0) IS NOT REACHED. WRNLEV IS  5

          RESI RTOL       0.00
*** WARNING **** residue RTAL already exists (old one deleted)

      ***** LEVEL  1 WARNING FROM <RTFRDR> *****
      ***** Residue already exists.
      ******************************************
      BOMLEV (  0) IS NOT REACHED. WRNLEV IS  5

          RESI RTAL       0.00
*** WARNING **** residue RTAC already exists (old one deleted)

      ***** LEVEL  1 WARNING FROM <RTFRDR> *****
      ***** Residue already exists.
      ******************************************
      BOMLEV (  0) IS NOT REACHED. WRNLEV IS  5

          RESI RTAC      -1.00
*** WARNING **** residue PRAC already exists (old one deleted)

      ***** LEVEL  1 WARNING FROM <RTFRDR> *****
      ***** Residue already exists.
      ******************************************
      BOMLEV (  0) IS NOT REACHED. WRNLEV IS  5

          RESI PRAC      -1.00
*** WARNING **** residue PROL already exists (old one deleted)

      ***** LEVEL  1 WARNING FROM <RTFRDR> *****
      ***** Residue already exists.
      ******************************************
      BOMLEV (  0) IS NOT REACHED. WRNLEV IS  5

          RESI PROL       0.00
*** WARNING **** residue PRAL already exists (old one deleted)

      ***** LEVEL  1 WARNING FROM <RTFRDR> *****
      ***** Residue already exists.
      ******************************************
      BOMLEV (  0) IS NOT REACHED. WRNLEV IS  5

          RESI PRAL       0.00
*** WARNING **** residue SCH1 already exists (old one deleted)

      ***** LEVEL  1 WARNING FROM <RTFRDR> *****
      ***** Residue already exists.
      ******************************************
      BOMLEV (  0) IS NOT REACHED. WRNLEV IS  5

          RESI SCH1       0.00
*** WARNING **** residue SCH2 already exists (old one deleted)

      ***** LEVEL  1 WARNING FROM <RTFRDR> *****
      ***** Residue already exists.
      ******************************************
      BOMLEV (  0) IS NOT REACHED. WRNLEV IS  5

          RESI SCH2       1.00
*** WARNING **** residue SCH3 already exists (old one deleted)

      ***** LEVEL  1 WARNING FROM <RTFRDR> *****
      ***** Residue already exists.
      ******************************************
      BOMLEV (  0) IS NOT REACHED. WRNLEV IS  5

          RESI SCH3       1.00
 There were  20 warning(s) from RTFRDR.
  
 CHARMM>     
  
 CHARMM>    read para card flex append

          PARAMETER FILE BEING READ FROM UNIT 98
 RDTITL> * RETINAL/RETINOL AND RELATED PARAMETERS
 RDTITL> *
 PARMIO> NONBOND, HBOND lists and IMAGE atoms cleared.
  
 CHARMM>     
  
 VCLOSE: Closing unit   98 with status "KEEP"

                    RETURNING TO INPUT STREAM    99
  
 CHARMM>    stream toppar/toppar_all36_prot_model.str
 VOPEN> Attempting to open::toppar/toppar_all36_prot_model.str::
 OPNLGU> Unit 98 opened for READONLY access to toppar/toppar_all36_prot_model.str

                    INPUT STREAM SWITCHING TO UNIT    98
 RDTITL> *>> ALL-HYDROGEN TOPOLOGY FOR SMALL MODEL COMPOUNDS USED IN THE <<
 RDTITL> *>> DEVELOPMENT OF THE CHARMM22 PROTEIN ALL-HYDROGEN PARAMETERS <<
 RDTITL> *>>>>>>>>>>>>>>>>>>>>>>> JULY 1997 <<<<<<<<<<<<<<<<<<<<<<<<<<<<<<<
 RDTITL> *>>>>>>>> DIRECT COMMENTS TO ALEXANDER D. MACKERELL JR. <<<<<<<<<<
 RDTITL> *>>>>>>>>>>>>>>> PARAMETER FORUM, WWW.CHARMM.ORG <<<<<<<<<<<<<<<<<
 RDTITL> *CONVERTED TO STREAM FORMAT, DECEMBER 2003
 RDTITL> *CONVERTED TO CHARMM36 PROTEIN ATOM TYPES, MAY 2011
 RDTITL> *
 Parameter: IN1 <- "" <empty>
  
 CHARMM>     
  
 CHARMM>    !Parent files that have to be read prior to streaming this file
 CHARMM>    !top_all36_prot.rtf
 CHARMM>    !par_all36_prot.prm
 CHARMM>    !
 CHARMM>    !Testcase
 CHARMM>    !test_all36_prot_model.inp
 CHARMM>     
  
 CHARMM>    !changes after 9/98
 CHARMM>    !
 CHARMM>    !change alkene HA1 and HA2 to HE1 and HE2
 CHARMM>    !
 CHARMM>    !improper atom ordering corrected
 CHARMM>    !
 CHARMM>    !version b5i to be consistent with protein toppar files
 CHARMM>    !
 CHARMM>    !Heme vinyl groups upgraded based on new butene parameters
 CHARMM>    !
 CHARMM>     
  
 CHARMM>    ! references
 CHARMM>    !
 CHARMM>    !PROTEINS
 CHARMM>    !
 CHARMM>    !MacKerell, Jr., A. D.; Bashford, D.; Bellott, M.; Dunbrack Jr., R.L.;
 CHARMM>    !Evanseck, J.D.; Field, M.J.; Fischer, S.; Gao, J.; Guo, H.; Ha, S.;
 CHARMM>    !Joseph-McCarthy, D.; Kuchnir, L.; Kuczera, K.; Lau, F.T.K.; Mattos,
 CHARMM>    !C.; Michnick, S.; Ngo, T.; Nguyen, D.T.; Prodhom, B.; Reiher, III,
 CHARMM>    !W.E.; Roux, B.; Schlenkrich, M.; Smith, J.C.; Stote, R.; Straub, J.;
 CHARMM>    !Watanabe, M.; Wiorkiewicz-Kuczera, J.; Yin, D.; Karplus, M.  All-atom
 CHARMM>    !empirical potential for molecular modeling and dynamics Studies of
 CHARMM>    !proteins.  Journal of Physical Chemistry B, 1998, 102, 3586-3616.
 CHARMM>     
  
 CHARMM>    read rtf card append
 MAINIO> Residue topology file being read from unit  98.
 RDTITL> * TOPOLOGY FOR PROTEIN RELATED MODEL COMPOUNDS
 RDTITL> *
*** WARNING **** residue ACET already exists (old one deleted)

      ***** LEVEL  1 WARNING FROM <RTFRDR> *****
      ***** Residue already exists.
      ******************************************
      BOMLEV (  0) IS NOT REACHED. WRNLEV IS  5

          RESI ACET       -1.00
*** WARNING **** residue PROA already exists (old one deleted)

      ***** LEVEL  1 WARNING FROM <RTFRDR> *****
      ***** Residue already exists.
      ******************************************
      BOMLEV (  0) IS NOT REACHED. WRNLEV IS  5

          RESI PROA       -1.00
*** WARNING **** residue GUAN already exists (old one deleted)

      ***** LEVEL  1 WARNING FROM <RTFRDR> *****
      ***** Residue already exists.
      ******************************************
      BOMLEV (  0) IS NOT REACHED. WRNLEV IS  5

          RESI GUAN        1.00
*** WARNING **** residue MGUA already exists (old one deleted)

      ***** LEVEL  1 WARNING FROM <RTFRDR> *****
      ***** Residue already exists.
      ******************************************
      BOMLEV (  0) IS NOT REACHED. WRNLEV IS  5

          RESI MGUA        1.00
*** WARNING **** residue GLYN already exists (old one deleted)

      ***** LEVEL  1 WARNING FROM <RTFRDR> *****
      ***** Residue already exists.
      ******************************************
      BOMLEV (  0) IS NOT REACHED. WRNLEV IS  5

          RESI GLYN         0.00
*** WARNING **** residue MAMM already exists (old one deleted)

      ***** LEVEL  1 WARNING FROM <RTFRDR> *****
      ***** Residue already exists.
      ******************************************
      BOMLEV (  0) IS NOT REACHED. WRNLEV IS  5

          RESI MAMM        1.00
*** WARNING **** residue EAMM already exists (old one deleted)

      ***** LEVEL  1 WARNING FROM <RTFRDR> *****
      ***** Residue already exists.
      ******************************************
      BOMLEV (  0) IS NOT REACHED. WRNLEV IS  5

          RESI EAMM        1.00
*** WARNING **** residue ACEH already exists (old one deleted)

      ***** LEVEL  1 WARNING FROM <RTFRDR> *****
      ***** Residue already exists.
      ******************************************
      BOMLEV (  0) IS NOT REACHED. WRNLEV IS  5

          RESI ACEH        0.00
*** WARNING **** residue MEOH already exists (old one deleted)

      ***** LEVEL  1 WARNING FROM <RTFRDR> *****
      ***** Residue already exists.
      ******************************************
      BOMLEV (  0) IS NOT REACHED. WRNLEV IS  5

          RESI MEOH        0.00
*** WARNING **** residue METO already exists (old one deleted)

      ***** LEVEL  1 WARNING FROM <RTFRDR> *****
      ***** Residue already exists.
      ******************************************
      BOMLEV (  0) IS NOT REACHED. WRNLEV IS  5

          RESI METO       -1.00
*** WARNING **** residue ETOH already exists (old one deleted)

      ***** LEVEL  1 WARNING FROM <RTFRDR> *****
      ***** Residue already exists.
      ******************************************
      BOMLEV (  0) IS NOT REACHED. WRNLEV IS  5

          RESI ETOH        0.00
*** WARNING **** residue ETO  already exists (old one deleted)

      ***** LEVEL  1 WARNING FROM <RTFRDR> *****
      ***** Residue already exists.
      ******************************************
      BOMLEV (  0) IS NOT REACHED. WRNLEV IS  5

          RESI ETO        -1.00
*** WARNING **** residue PRO2 already exists (old one deleted)

      ***** LEVEL  1 WARNING FROM <RTFRDR> *****
      ***** Residue already exists.
      ******************************************
      BOMLEV (  0) IS NOT REACHED. WRNLEV IS  5

          RESI PRO2        0.00
*** WARNING **** residue FORM already exists (old one deleted)

      ***** LEVEL  1 WARNING FROM <RTFRDR> *****
      ***** Residue already exists.
      ******************************************
      BOMLEV (  0) IS NOT REACHED. WRNLEV IS  5

          RESI FORM        0.00
*** WARNING **** residue ACEM already exists (old one deleted)

      ***** LEVEL  1 WARNING FROM <RTFRDR> *****
      ***** Residue already exists.
      ******************************************
      BOMLEV (  0) IS NOT REACHED. WRNLEV IS  5

          RESI ACEM        0.00
*** WARNING **** residue NMA  already exists (old one deleted)

      ***** LEVEL  1 WARNING FROM <RTFRDR> *****
      ***** Residue already exists.
      ******************************************
      BOMLEV (  0) IS NOT REACHED. WRNLEV IS  5

          RESI NMA         0.00
*** WARNING **** residue MESH already exists (old one deleted)

      ***** LEVEL  1 WARNING FROM <RTFRDR> *****
      ***** Residue already exists.
      ******************************************
      BOMLEV (  0) IS NOT REACHED. WRNLEV IS  5

          RESI MESH        0.00
*** WARNING **** residue MES1 already exists (old one deleted)

      ***** LEVEL  1 WARNING FROM <RTFRDR> *****
      ***** Residue already exists.
      ******************************************
      BOMLEV (  0) IS NOT REACHED. WRNLEV IS  5

          RESI MES1       -1.00
*** WARNING **** residue ETSH already exists (old one deleted)

      ***** LEVEL  1 WARNING FROM <RTFRDR> *****
      ***** Residue already exists.
      ******************************************
      BOMLEV (  0) IS NOT REACHED. WRNLEV IS  5

          RESI ETSH        0.00
*** WARNING **** residue ES1  already exists (old one deleted)

      ***** LEVEL  1 WARNING FROM <RTFRDR> *****
      ***** Residue already exists.
      ******************************************
      BOMLEV (  0) IS NOT REACHED. WRNLEV IS  5

          RESI ES1        -1.00
*** WARNING **** residue DMDS already exists (old one deleted)

      ***** LEVEL  1 WARNING FROM <RTFRDR> *****
      ***** Residue already exists.
      ******************************************
      BOMLEV (  0) IS NOT REACHED. WRNLEV IS  5

          RESI DMDS        0.00
*** WARNING **** residue DEDS already exists (old one deleted)

      ***** LEVEL  1 WARNING FROM <RTFRDR> *****
      ***** Residue already exists.
      ******************************************
      BOMLEV (  0) IS NOT REACHED. WRNLEV IS  5

          RESI DEDS        0.00
*** WARNING **** residue EMS  already exists (old one deleted)

      ***** LEVEL  1 WARNING FROM <RTFRDR> *****
      ***** Residue already exists.
      ******************************************
      BOMLEV (  0) IS NOT REACHED. WRNLEV IS  5

          RESI EMS         0.00
*** WARNING **** residue IMIA already exists (old one deleted)

      ***** LEVEL  1 WARNING FROM <RTFRDR> *****
      ***** Residue already exists.
      ******************************************
      BOMLEV (  0) IS NOT REACHED. WRNLEV IS  5

          RESI IMIA        0.00
*** WARNING **** residue MIMI already exists (old one deleted)

      ***** LEVEL  1 WARNING FROM <RTFRDR> *****
      ***** Residue already exists.
      ******************************************
      BOMLEV (  0) IS NOT REACHED. WRNLEV IS  5

          RESI MIMI        0.00
*** WARNING **** residue EIMI already exists (old one deleted)

      ***** LEVEL  1 WARNING FROM <RTFRDR> *****
      ***** Residue already exists.
      ******************************************
      BOMLEV (  0) IS NOT REACHED. WRNLEV IS  5

          RESI EIMI        0.00
*** WARNING **** residue IMIM already exists (old one deleted)

      ***** LEVEL  1 WARNING FROM <RTFRDR> *****
      ***** Residue already exists.
      ******************************************
      BOMLEV (  0) IS NOT REACHED. WRNLEV IS  5

          RESI IMIM        1.00
*** WARNING **** residue EIMM already exists (old one deleted)

      ***** LEVEL  1 WARNING FROM <RTFRDR> *****
      ***** Residue already exists.
      ******************************************
      BOMLEV (  0) IS NOT REACHED. WRNLEV IS  5

          RESI EIMM        1.00
*** WARNING **** residue BENZ already exists (old one deleted)

      ***** LEVEL  1 WARNING FROM <RTFRDR> *****
      ***** Residue already exists.
      ******************************************
      BOMLEV (  0) IS NOT REACHED. WRNLEV IS  5

          RESI BENZ        0.00
*** WARNING **** residue EBEN already exists (old one deleted)

      ***** LEVEL  1 WARNING FROM <RTFRDR> *****
      ***** Residue already exists.
      ******************************************
      BOMLEV (  0) IS NOT REACHED. WRNLEV IS  5

          RESI EBEN         0.00
*** WARNING **** residue PHEN already exists (old one deleted)

      ***** LEVEL  1 WARNING FROM <RTFRDR> *****
      ***** Residue already exists.
      ******************************************
      BOMLEV (  0) IS NOT REACHED. WRNLEV IS  5

          RESI PHEN        0.00
*** WARNING **** residue EPHE already exists (old one deleted)

      ***** LEVEL  1 WARNING FROM <RTFRDR> *****
      ***** Residue already exists.
      ******************************************
      BOMLEV (  0) IS NOT REACHED. WRNLEV IS  5

          RESI EPHE        0.00
*** WARNING **** residue PHEO already exists (old one deleted)

      ***** LEVEL  1 WARNING FROM <RTFRDR> *****
      ***** Residue already exists.
      ******************************************
      BOMLEV (  0) IS NOT REACHED. WRNLEV IS  5

          RESI PHEO       -1.00
*** WARNING **** residue INDO already exists (old one deleted)

      ***** LEVEL  1 WARNING FROM <RTFRDR> *****
      ***** Residue already exists.
      ******************************************
      BOMLEV (  0) IS NOT REACHED. WRNLEV IS  5

          RESI INDO        0.00
*** WARNING **** residue EIND already exists (old one deleted)

      ***** LEVEL  1 WARNING FROM <RTFRDR> *****
      ***** Residue already exists.
      ******************************************
      BOMLEV (  0) IS NOT REACHED. WRNLEV IS  5

          RESI EIND        0.00
*** WARNING **** residue PDIP already exists (old one deleted)

      ***** LEVEL  1 WARNING FROM <RTFRDR> *****
      ***** Residue already exists.
      ******************************************
      BOMLEV (  0) IS NOT REACHED. WRNLEV IS  5

          RESI PDIP        0.00
*** WARNING **** residue ETHA already exists (old one deleted)

      ***** LEVEL  1 WARNING FROM <RTFRDR> *****
      ***** Residue already exists.
      ******************************************
      BOMLEV (  0) IS NOT REACHED. WRNLEV IS  5

          RESI ETHA        0.00
*** WARNING **** residue PRPA already exists (old one deleted)

      ***** LEVEL  1 WARNING FROM <RTFRDR> *****
      ***** Residue already exists.
      ******************************************
      BOMLEV (  0) IS NOT REACHED. WRNLEV IS  5

          RESI PRPA        0.00
*** WARNING **** residue IBUT already exists (old one deleted)

      ***** LEVEL  1 WARNING FROM <RTFRDR> *****
      ***** Residue already exists.
      ******************************************
      BOMLEV (  0) IS NOT REACHED. WRNLEV IS  5

          RESI IBUT        0.00
*** WARNING **** residue OCOH already exists (old one deleted)

      ***** LEVEL  1 WARNING FROM <RTFRDR> *****
      ***** Residue already exists.
      ******************************************
      BOMLEV (  0) IS NOT REACHED. WRNLEV IS  5

          RESI OCOH    0.0
*** WARNING **** residue CO3  already exists (old one deleted)

      ***** LEVEL  1 WARNING FROM <RTFRDR> *****
      ***** Residue already exists.
      ******************************************
      BOMLEV (  0) IS NOT REACHED. WRNLEV IS  5

          RESI CO3  -2.0
*** WARNING **** residue C3   already exists (old one deleted)

      ***** LEVEL  1 WARNING FROM <RTFRDR> *****
      ***** Residue already exists.
      ******************************************
      BOMLEV (  0) IS NOT REACHED. WRNLEV IS  5

          RESI C3    0.00
 There were  42 warning(s) from RTFRDR.
  
 CHARMM>     
  
 CHARMM>    read para card flex append

          PARAMETER FILE BEING READ FROM UNIT 98
 RDTITL>  
 RDTITL> No title read.
 PARMIO> NONBOND, HBOND lists and IMAGE atoms cleared.
  
 CHARMM>     
  
 CHARMM>    return
 VCLOSE: Closing unit   98 with status "KEEP"

                    RETURNING TO INPUT STREAM    99
  
 CHARMM>    stream toppar/toppar_all36_prot_modify_res.str
 VOPEN> Attempting to open::toppar/toppar_all36_prot_modify_res.str::
 OPNLGU> Unit 98 opened for READONLY access to toppar/toppar_all36_prot_modify_res.str

                    INPUT STREAM SWITCHING TO UNIT    98
 RDTITL> * TOPPAR FILE FOR VARIOUS MODIFIED RESIDUES AND PATCHES, INCLUDING
 RDTITL> * PATCHES TO COVALENTLY LINK RESIDUES TO IONS TO WORK WITH THE
 RDTITL> * ADDITIVE C36 PROTEIN FORCE FIELD
 RDTITL> * REQUIRES CGENFF PARAMETER FILE
 RDTITL> *
 Parameter: IN1 <- "" <empty>
  
 CHARMM>     
  
 CHARMM>    !Acetyllysine (ALY)
 CHARMM>    !Norleucine (NLE) and
 CHARMM>    ! residues and patches for Zn-protein interactions modeled using
 CHARMM>    ! bond and angles between the protein and Zn.
 CHARMM>     
  
 CHARMM>    !non-standard amino acids: 2021
 CHARMM>    !Croitoru, A., Park, S.-J., Kumar, A., Lee, J., Im, Wonpil; MacKerell,
 CHARMM>    !A.D., Jr., and Aleksandrov, A. Additive CHARMM36 Force Field for
 CHARMM>    !Nonstandard Amino Acids, Journal of Chemical Theory and Computation,
 CHARMM>    !17:3554-3570, doi: 10.1021/acs.jctc.1c00254.
 CHARMM>     
  
 CHARMM>    read rtf card append
 MAINIO> Residue topology file being read from unit  98.
 RDTITL> * TOPPAR FILE PROTEIN MODIFICATIONS
 RDTITL> *
*** WARNING **** residue CGU  already exists (old one deleted)

      ***** LEVEL  1 WARNING FROM <RTFRDR> *****
      ***** Residue already exists.
      ******************************************
      BOMLEV (  0) IS NOT REACHED. WRNLEV IS  5

          RESI CGU              -2.000
*** WARNING **** residue CME  already exists (old one deleted)

      ***** LEVEL  1 WARNING FROM <RTFRDR> *****
      ***** Residue already exists.
      ******************************************
      BOMLEV (  0) IS NOT REACHED. WRNLEV IS  5

          RESI CME               0.000
*** WARNING **** residue HIC  already exists (old one deleted)

      ***** LEVEL  1 WARNING FROM <RTFRDR> *****
      ***** Residue already exists.
      ******************************************
      BOMLEV (  0) IS NOT REACHED. WRNLEV IS  5

          RESI HIC               0.000
*** WARNING **** residue HICP already exists (old one deleted)

      ***** LEVEL  1 WARNING FROM <RTFRDR> *****
      ***** Residue already exists.
      ******************************************
      BOMLEV (  0) IS NOT REACHED. WRNLEV IS  5

          RESI HICP              1.000
*** WARNING **** residue CGUP already exists (old one deleted)

      ***** LEVEL  1 WARNING FROM <RTFRDR> *****
      ***** Residue already exists.
      ******************************************
      BOMLEV (  0) IS NOT REACHED. WRNLEV IS  5

          RESI CGUP             -1.000
 There were   5 warning(s) from RTFRDR.
  
 CHARMM>     
  
 CHARMM>    read para card append flex

          PARAMETER FILE BEING READ FROM UNIT 98
 RDTITL>  
 RDTITL> No title read.
 PARMIO> NONBOND, HBOND lists and IMAGE atoms cleared.
  
 CHARMM>     
  
 CHARMM>    return
 VCLOSE: Closing unit   98 with status "KEEP"

                    RETURNING TO INPUT STREAM    99
  
 CHARMM>     
  
 CHARMM>    ! Additional topologies and parameters for nucleic acids
 CHARMM>    stream toppar/toppar_all36_na_nad_ppi.str
 VOPEN> Attempting to open::toppar/toppar_all36_na_nad_ppi.str::
 OPNLGU> Unit 98 opened for READONLY access to toppar/toppar_all36_na_nad_ppi.str

                    INPUT STREAM SWITCHING TO UNIT    98
 RDTITL> * CHARMM36 ALL-HYDROGEN NUCLEIC ACID FORCE TOPPAR STREAM FILE
 RDTITL> * NAD+, NADH, ADP, ATP, PPI AND RELATED ANALOGS
 RDTITL> * A.D. MACKERELL, JR., JULY 2001
 RDTITL> * STREAM FOLLOWING RTF AND PARAM READ OF
 RDTITL> *
 Parameter: IN1 <- "" <empty>
  
 CHARMM>     
  
 CHARMM>    !Update, 2015/1, nomenclature for NAD+ etc. consistent with PDB
 CHARMM>     
  
 CHARMM>    !Parent files that have to be read prior to streaming this file
 CHARMM>    !top_all36_na.rtf
 CHARMM>    !par_all36_na.prm
 CHARMM>     
  
 CHARMM>    !Testcase
 CHARMM>    !test_all36_na_nad_ppi.inp
 CHARMM>     
  
 CHARMM>    !Reference
 CHARMM>    !Pavelites, J.J., Bash, P.A., Gao, J., and MacKerell, Jr.,
 CHARMM>    !A.D. A Molecular Mechanics Force Field for NAD+, NADH and the
 CHARMM>    !Pyrophosphate Groups of Nucleotides, Journal of Computational
 CHARMM>    !Chemistry, 1997, 18: 221-239.
 CHARMM>     
  
 CHARMM>    read rtf card append
 MAINIO> Residue topology file being read from unit  98.
 RDTITL> * NAD, PPI TOPOLOGY
 RDTITL> *
*** WARNING **** residue NIC  already exists (old one deleted)

      ***** LEVEL  1 WARNING FROM <RTFRDR> *****
      ***** Residue already exists.
      ******************************************
      BOMLEV (  0) IS NOT REACHED. WRNLEV IS  5

          RESI NIC         1.00
*** WARNING **** residue NICH already exists (old one deleted)

      ***** LEVEL  1 WARNING FROM <RTFRDR> *****
      ***** Residue already exists.
      ******************************************
      BOMLEV (  0) IS NOT REACHED. WRNLEV IS  5

          RESI NICH         0.00
*** WARNING **** residue PPI1 already exists (old one deleted)

      ***** LEVEL  1 WARNING FROM <RTFRDR> *****
      ***** Residue already exists.
      ******************************************
      BOMLEV (  0) IS NOT REACHED. WRNLEV IS  5

          RESI PPI1        -3.00
*** WARNING **** residue PPI2 already exists (old one deleted)

      ***** LEVEL  1 WARNING FROM <RTFRDR> *****
      ***** Residue already exists.
      ******************************************
      BOMLEV (  0) IS NOT REACHED. WRNLEV IS  5

          RESI PPI2        -2.00
*** WARNING **** residue AMP  already exists (old one deleted)

      ***** LEVEL  1 WARNING FROM <RTFRDR> *****
      ***** Residue already exists.
      ******************************************
      BOMLEV (  0) IS NOT REACHED. WRNLEV IS  5

          RESI AMP         -2.00
*** WARNING **** residue ADP  already exists (old one deleted)

      ***** LEVEL  1 WARNING FROM <RTFRDR> *****
      ***** Residue already exists.
      ******************************************
      BOMLEV (  0) IS NOT REACHED. WRNLEV IS  5

          RESI ADP         -3.00
*** WARNING **** residue ATP  already exists (old one deleted)

      ***** LEVEL  1 WARNING FROM <RTFRDR> *****
      ***** Residue already exists.
      ******************************************
      BOMLEV (  0) IS NOT REACHED. WRNLEV IS  5

          RESI ATP         -4.00
*** WARNING **** residue 5DP  already exists (old one deleted)

      ***** LEVEL  1 WARNING FROM <RTFRDR> *****
      ***** Residue already exists.
      ******************************************
      BOMLEV (  0) IS NOT REACHED. WRNLEV IS  5

          PRES 5DP         -3.00
*** WARNING **** residue NAD  already exists (old one deleted)

      ***** LEVEL  1 WARNING FROM <RTFRDR> *****
      ***** Residue already exists.
      ******************************************
      BOMLEV (  0) IS NOT REACHED. WRNLEV IS  5

          RESI NAD         -1.00
*** WARNING **** residue NADH already exists (old one deleted)

      ***** LEVEL  1 WARNING FROM <RTFRDR> *****
      ***** Residue already exists.
      ******************************************
      BOMLEV (  0) IS NOT REACHED. WRNLEV IS  5

          RESI NADH        -2.00
*** WARNING **** residue NADP already exists (old one deleted)

      ***** LEVEL  1 WARNING FROM <RTFRDR> *****
      ***** Residue already exists.
      ******************************************
      BOMLEV (  0) IS NOT REACHED. WRNLEV IS  5

          RESI NADP        -2.00
*** WARNING **** residue NDPH already exists (old one deleted)

      ***** LEVEL  1 WARNING FROM <RTFRDR> *****
      ***** Residue already exists.
      ******************************************
      BOMLEV (  0) IS NOT REACHED. WRNLEV IS  5

          RESI NDPH        -3.00
 There were  12 warning(s) from RTFRDR.
  
 CHARMM>     
  
 CHARMM>    read para card flex append

          PARAMETER FILE BEING READ FROM UNIT 98
 RDTITL> * NAD, PPI PARAMETERS
 RDTITL> *
 PARMIO> NONBOND, HBOND lists and IMAGE atoms cleared.
  
 CHARMM>     
  
 CHARMM>     
  
 VCLOSE: Closing unit   98 with status "KEEP"

                    RETURNING TO INPUT STREAM    99
  
 CHARMM>    stream toppar/toppar_all36_na_rna_modified.str
 VOPEN> Attempting to open::toppar/toppar_all36_na_rna_modified.str::
 OPNLGU> Unit 98 opened for READONLY access to toppar/toppar_all36_na_rna_modified.str

                    INPUT STREAM SWITCHING TO UNIT    98
 RDTITL> * ADDITIVE CHARMM FORCE FIELD FOR MODIFIED RIBONUCLEIC ACIDS, INCLUDING
 RDTITL> * THOSE FOUNDS IN TRNA. YOU XU, KAROLINSKA INSTITUTET, 2015.
 RDTITL> * |
 RDTITL> * WARNING: PARAMETERS AND ATOM TYPE ASSIGNMENTS IN THIS FILE ARE SPECIFIC
 RDTITL> * FOR THESE COMPOUNDS AND SHOULD UNDER NO CIRCUMSTANCES BE APPLIED TO
 RDTITL> * OTHER ORGANIC MOLECULES
 RDTITL> *
 Parameter: IN1 <- "" <empty>
  
 CHARMM>     
  
 CHARMM>    ! Xu, Y., Vanommeslaeghe, K., Aleksandrov, A., MacKerell, A.D.,
 CHARMM>    ! Jr. Nilsson, L., “Additive CHARMM force field for naturally
 CHARMM>    ! occurring modified ribonucleotides,” Journal of Computational
 CHARMM>    !  Chemistry, DOI: 10.1002/jcc.24307, 2016
 CHARMM>     
  
 CHARMM>    ! Should be used with parent files CGenFF: top_all36_cgenff.inp and par_all36_cgenff.inp
 CHARMM>    !                                    NA36: top_all36_na.inp and par_all36_na.inp
 CHARMM>    !                              and Carb36: top_all36_carb.inp and par_all36_carb.inp
 CHARMM>    !
 CHARMM>     
  
 CHARMM>    read rtf card append
 MAINIO> Residue topology file being read from unit  98.
 RDTITL> * TOPOLOGIES OF MODIFIED NUCLEOTIDES
 RDTITL> *
*** WARNING **** residue BUG  already exists (old one deleted)

      ***** LEVEL  1 WARNING FROM <RTFRDR> *****
      ***** Residue already exists.
      ******************************************
      BOMLEV (  0) IS NOT REACHED. WRNLEV IS  5

          RESI BUG           -1.00
 There were   1 warning(s) from RTFRDR.
  
 CHARMM>     
  
 CHARMM>    read param card flex append

          PARAMETER FILE BEING READ FROM UNIT 98
 RDTITL> * ADDITIVE CHARMM PARAMETERS FOR MODIFIED NUCLEIC ACIDS, BETA VERSION
 RDTITL> * YOU XU, KAROLINSKA INSTITUTET, 2015.
 RDTITL> *
 PARMIO> NONBOND, HBOND lists and IMAGE atoms cleared.
  
 CHARMM>    RETURN
 VCLOSE: Closing unit   98 with status "KEEP"

                    RETURNING TO INPUT STREAM    99
  
 CHARMM>     
  
 CHARMM>    ! Additional topologies and parameters for lipids
 CHARMM>    stream toppar/toppar_all36_lipid_sphingo.str
 VOPEN> Attempting to open::toppar/toppar_all36_lipid_sphingo.str::
 OPNLGU> Unit 98 opened for READONLY access to toppar/toppar_all36_lipid_sphingo.str

                    INPUT STREAM SWITCHING TO UNIT    98
 RDTITL> * TOPPAR STREAM FOR CERAMIDES AND SPINGOMYELINS; REQUIRES FLEX FORMAT FILES
 RDTITL> * TOP_ALL36_LIPID.RTF AND PAR_ALL36_LIPID.PRM
 RDTITL> *
 Parameter: IN1 <- "" <empty>
  
 CHARMM>     
  
 CHARMM>    ! REFERENCES
 CHARMM>    !
 CHARMM>    ! PSM and SSM Lipids
 CHARMM>    !
 CHARMM>    ! Venable, R. M.; Sodt, A. J.; Rogaski, B.; Rui, H.; Hatcher, E.; MacKerell, A. D.;
 CHARMM>    ! Pastor, R. W.; Klauda, J. B., CHARMM All-Atom Additive Force Field for Sphingomyelin:
 CHARMM>    ! Elucidation of Hydrogen Bonding and of Positive Curvature. Biophys. J. 2014, 107 (1), 134-145
 CHARMM>    !
 CHARMM>    ! Ceramide
 CHARMM>    !
 CHARMM>    ! Submited by Sam Tonddast-Navaei of U. Cincinnati. Advised by Russell Devane
 CHARMM>    ! Tested by Eric Wang of U. Maryland. Advised by Jeffery Klauda
 CHARMM>    !
 CHARMM>    !
 CHARMM>    ! CerAP/Cer6, CerNP/Cer3, and CerEOS/Cer1
 CHARMM>    !
 CHARMM>    ! Wang, E.; Klauda, J. B., Structure and Permeability of Ceramide Bilayers and Multilayers.
 CHARMM>    ! J. Phys. Chem. B., 2019, 123, 11, 2525-2535
 CHARMM>    ! Wang, E.; Klauda, J. B., Molecular Structure of the Long Periodicity Phase in the Stratum Corneum.
 CHARMM>    ! J. Amer. Chem. Soc., 2019. 141, 42, 16930-16943
 CHARMM>     
  
 CHARMM>    set nat ?NATC
 RDCMND substituted energy or value "?NATC" to "585"
 Parameter: NAT <- "585"
  
 CHARMM>    set app
 Parameter: APP <- "" <empty>
  
 CHARMM>    !We're exploiting what is arguably a bug in the parser. On the left hand side,
 CHARMM>    !the quotes have proirity, so NAT is correctly substituted. On the right hand
 CHARMM>    !side, the ? has priority and NATC" (sic) is not a valid substitution...
 CHARMM>    if "@NAT" ne "?NATC" if @nat ne 0 set app append
 Parameter: NAT -> "585"
 Parameter: NAT -> "585"
 RDCMND: can not substitute energy "?NATC""
 Comparing ""585"" and ""?NATC"".
 IF test evaluated as true.  Performing command
 Comparing "585" and "0".
 IF test evaluated as true.  Performing command
 Parameter: APP <- "APPEND"
  
 CHARMM>     
  
 CHARMM>    read rtf card @app
 Parameter: APP -> "APPEND"
 MAINIO> Residue topology file being read from unit  98.
 RDTITL> * CER/SM RESIDUES
 RDTITL> *
  
 CHARMM>     
  
 CHARMM>    read para card flex @app
 Parameter: APP -> "APPEND"

          PARAMETER FILE BEING READ FROM UNIT 98
 RDTITL> * NEW PARAMETERS
 RDTITL> *
 PARRDR> Error: Repeated DIHE parameter ( 14758): NHL   C     CTO1  HAL1 is replaced
 PARRDR> Error: Repeated DIHE parameter ( 14779): O     C     CTO1  HAL1 is replaced
 PARMIO> NONBOND, HBOND lists and IMAGE atoms cleared.
  
 CHARMM>     
  
 CHARMM>    return
 VCLOSE: Closing unit   98 with status "KEEP"

                    RETURNING TO INPUT STREAM    99
  
 CHARMM>    stream toppar/toppar_all36_lipid_archaeal.str
 VOPEN> Attempting to open::toppar/toppar_all36_lipid_archaeal.str::
 OPNLGU> Unit 98 opened for READONLY access to toppar/toppar_all36_lipid_archaeal.str

                    INPUT STREAM SWITCHING TO UNIT    98
 RDTITL> * TOPPAR STREAM FILE FOR ARCHAEAL LIPIDS.
 RDTITL> *
 Parameter: IN1 <- "" <empty>
  
 CHARMM>     
  
 CHARMM>    ! This is an on-going file of archaeal lipids
 CHARMM>    ! I am adding meanquinone-7 now
 CHARMM>     
  
 CHARMM>    read rtf card append
 MAINIO> Residue topology file being read from unit  98.
 RDTITL> * ARCHAEAL LIPIDS
 RDTITL> *
  
 CHARMM>     
  
 CHARMM>    read param card flex append

          PARAMETER FILE BEING READ FROM UNIT 98
 RDTITL> * PARAMETERS GENERATED BY ANALOGY BY CGENFF
 RDTITL> *
 PARMIO> NONBOND, HBOND lists and IMAGE atoms cleared.
  
 CHARMM>     
  
 CHARMM>    RETURN
 VCLOSE: Closing unit   98 with status "KEEP"

                    RETURNING TO INPUT STREAM    99
  
 CHARMM>    stream toppar/toppar_all36_lipid_bacterial.str
 VOPEN> Attempting to open::toppar/toppar_all36_lipid_bacterial.str::
 OPNLGU> Unit 98 opened for READONLY access to toppar/toppar_all36_lipid_bacterial.str

                    INPUT STREAM SWITCHING TO UNIT    98
 RDTITL> * TOPPAR STREAM FILE FOR BRANCHED AND CYCLIC CHAINED LIPIDS.  FOLLOWING READING OF
 RDTITL> * TOP_ALL36_LIPID.RTF
 RDTITL> * AND
 RDTITL> * PAR_ALL36_LIPID.RTF
 RDTITL> *
 Parameter: IN1 <- "" <empty>
  
 CHARMM>     
  
 CHARMM>    ! REFERENCES
 CHARMM>    !
 CHARMM>    ! Branched Lipids
 CHARMM>    !
 CHARMM>    ! Lim, J.B. & Klauda, J.B. Branching at the Iso- and Anteiso- Positions in Complex Chlamydia
 CHARMM>    ! Membranes: A Molecular Dynamics Study. Biochimica et Biophysica Acta (BBA) - Biomembranes
 CHARMM>    ! 1808:323-331 (2011).
 CHARMM>    !
 CHARMM>    ! Cyclic-replacement of double bond
 CHARMM>    !
 CHARMM>    ! Pandit, K.R. & Klauda, J.B. Membrane models of E. coli containing cyclic moieties in
 CHARMM>    ! the aliphatic lipid chain. Biochimica et Biophysica Acta (BBA) - Biomembranes
 CHARMM>    ! 1818:1205-1210 (2012).
 CHARMM>    !
 CHARMM>     
  
 CHARMM>    set nat ?NATC
 RDCMND substituted energy or value "?NATC" to "590"
 Parameter: NAT <- "590"
  
 CHARMM>    set app
 Parameter: APP <- "" <empty>
  
 CHARMM>    !We're exploiting what is arguably a bug in the parser. On the left hand side,
 CHARMM>    !the quotes have proirity, so NAT is correctly substituted. On the right hand
 CHARMM>    !side, the ? has priority and NATC" (sic) is not a valid substitution...
 CHARMM>    if "@NAT" ne "?NATC" if @nat ne 0 set app append
 Parameter: NAT -> "590"
 Parameter: NAT -> "590"
 RDCMND: can not substitute energy "?NATC""
 Comparing ""590"" and ""?NATC"".
 IF test evaluated as true.  Performing command
 Comparing "590" and "0".
 IF test evaluated as true.  Performing command
 Parameter: APP <- "APPEND"
  
 CHARMM>     
  
 CHARMM>    read rtf card @app
 Parameter: APP -> "APPEND"
 MAINIO> Residue topology file being read from unit  98.
 RDTITL> * CHOLESTEROL RESIDUES
 RDTITL> *
  
 CHARMM>     
  
 CHARMM>    read para card flex @app
 Parameter: APP -> "APPEND"

          PARAMETER FILE BEING READ FROM UNIT 98
 RDTITL> * NEW PARAMETERS
 RDTITL> *
 PARMIO> NONBOND, HBOND lists and IMAGE atoms cleared.
  
 CHARMM>     
  
 CHARMM>    return
 VCLOSE: Closing unit   98 with status "KEEP"

                    RETURNING TO INPUT STREAM    99
  
 CHARMM>    stream toppar/toppar_all36_lipid_cardiolipin.str
 VOPEN> Attempting to open::toppar/toppar_all36_lipid_cardiolipin.str::
 OPNLGU> Unit 98 opened for READONLY access to toppar/toppar_all36_lipid_cardiolipin.str

                    INPUT STREAM SWITCHING TO UNIT    98
 RDTITL> READ RTF CARD APPEND FLEX
 RDTITL> No title read.
 Parameter: IN1 <- "" <empty>
  
 CHARMM>    read rtf card append flex
 MAINIO> Residue topology file being read from unit  98.
 RDTITL>  
 RDTITL> No title read.
 WARNING from DECODI -- Zero length string being converted to 0
 RTFRDR> WARNING: Version number is NOT specified.
  
 CHARMM>     
  
 CHARMM>    return
 VCLOSE: Closing unit   98 with status "KEEP"

                    RETURNING TO INPUT STREAM    99
  
 CHARMM>    stream toppar/toppar_all36_lipid_cholesterol.str
 VOPEN> Attempting to open::toppar/toppar_all36_lipid_cholesterol.str::
 OPNLGU> Unit 98 opened for READONLY access to toppar/toppar_all36_lipid_cholesterol.str

                    INPUT STREAM SWITCHING TO UNIT    98
 RDTITL> * TOPPAR STREAM FILE FOR CHOLESTEROL.  STREAM FOLLOWING READING OF
 RDTITL> * TOP_ALL36_LIPID.RTF
 RDTITL> * PAR_ALL36_LIPID.RTF
 RDTITL> * TOP_ALL36_CGENFF.RTF
 RDTITL> * AND PAR_ALL36_CGENFF.PRM
 RDTITL> *
 Parameter: IN1 <- "" <empty>
  
 CHARMM>     
  
 CHARMM>    !topology and parameters are included for two cholesterol models. the
 CHARMM>    !model may be selected by setting variable chol_model to 1 or 2, as
 CHARMM>    !specified below
 CHARMM>    !
 CHARMM>     
  
 CHARMM>    set chol_model 1 !2 for original Suits et al. model
 Parameter: CHOL_MODEL <- "1"
  
 CHARMM>     
  
 CHARMM>    !
 CHARMM>    !1) Revised model of Lim et al.  This contains a number of NBFIXes that
 CHARMM>    !makes it unsuitable for ANTON (set chol_model 1)
 CHARMM>    !
 CHARMM>    !2) Original model of Suits et al., which is used on ANTON as well as
 CHARMM>    !being suitable for other systems (set chol_model 2 (or anything but 1....))
 CHARMM>    !
 CHARMM>    !references
 CHARMM>    !
 CHARMM>    !Lim, J.B., Rogaski, B. and Klauda, J.B.. "Update of the Cholesterol Force Field
 CHARMM>    !Parameters in CHARMM" 116: 203-210 (2012).
 CHARMM>    !
 CHARMM>    !Suits, F., Pitman, M., MacKerell, A.D., Jr., Feller, S.E. "Molecular Level
 CHARMM>    !Organization of Saturated and Polyunsaturated Fatty Acids in a
 CHARMM>    !Phosphatidylcholine Bilayer Containing Cholesterol" Biochemistry,
 CHARMM>    !43(49):15318-28, 2004
 CHARMM>    !
 CHARMM>     
  
 CHARMM>    !test "append"
 CHARMM>    set nat ?NATC
 RDCMND substituted energy or value "?NATC" to "590"
 Parameter: NAT <- "590"
  
 CHARMM>    set app
 Parameter: APP <- "" <empty>
  
 CHARMM>    !We're exploiting what is arguably a bug in the parser. On the left hand side,
 CHARMM>    !the quotes have priority, so NAT is correctly substituted. On the right hand
 CHARMM>    !side, the ? has priority and NATC" (sic) is not a valid substitution...
 CHARMM>    if "@NAT" ne "?NATC" if @nat ne 0 set app append
 Parameter: NAT -> "590"
 Parameter: NAT -> "590"
 RDCMND: can not substitute energy "?NATC""
 Comparing ""590"" and ""?NATC"".
 IF test evaluated as true.  Performing command
 Comparing "590" and "0".
 IF test evaluated as true.  Performing command
 Parameter: APP <- "APPEND"
  
 CHARMM>     
  
 CHARMM>    if chol_model eq 1 then
 Comparing "1" and "1".
 IF test evaluated as true.  Performing command
  
 CHARMM>     
  
 CHARMM>    ! reference
 CHARMM>    ! Lim, J.B., Rogaski, B. and Klauda, J.B.. "Update of the Cholesterol Force Field
 CHARMM>    ! Parameters in CHARMM" 116: 203-210 (2012).
 CHARMM>    !
 CHARMM>     
  
 CHARMM>    read rtf card @app
 Parameter: APP -> "APPEND"
 MAINIO> Residue topology file being read from unit  98.
 RDTITL> * TOPOLOGY FOR CHOLESTEROL
 RDTITL> *
  
 CHARMM>     
  
 CHARMM>    read param card flex @app
 Parameter: APP -> "APPEND"

          PARAMETER FILE BEING READ FROM UNIT 98
 RDTITL> * CHOLESTEROL PARAMETERS
 RDTITL> *
 PARRDR> Error: Repeated DIHE parameter ( 15118): OG31  CG30  CG3C  CG3C is replaced
 PARRDR> Error: Repeated DIHE parameter ( 15119): OG31  CG30  CG3C  CG3R is replaced
 PARRDR> Error: Repeated DIHE parameter ( 15120): OG31  CG30  CG3C  HGA1 is replaced
 PARRDR> Error: Repeated DIHE parameter ( 15118): OG31  CG30  CG3C  CG3C is replaced
 PARRDR> Error: Repeated DIHE parameter ( 15119): OG31  CG30  CG3C  CG3R is replaced
 PARRDR> Error: Repeated DIHE parameter ( 15120): OG31  CG30  CG3C  HGA1 is replaced
 PARMIO> NONBOND, HBOND lists and IMAGE atoms cleared.
  
 CHARMM>     
  
 CHARMM>    return
 VCLOSE: Closing unit   98 with status "KEEP"

                    RETURNING TO INPUT STREAM    99
  
 CHARMM>    stream toppar/toppar_all36_lipid_dag.str
 VOPEN> Attempting to open::toppar/toppar_all36_lipid_dag.str::
 OPNLGU> Unit 98 opened for READONLY access to toppar/toppar_all36_lipid_dag.str

                    INPUT STREAM SWITCHING TO UNIT    98
 RDTITL> READ RTF CARD APPEND
 RDTITL> No title read.
 Parameter: IN1 <- "" <empty>
  
 CHARMM>    read rtf card append
 MAINIO> Residue topology file being read from unit  98.
 RDTITL> * TOPOLOGY FOR LIPIDA FROM DAG
 RDTITL> *
  
 VCLOSE: Closing unit   98 with status "KEEP"

                    RETURNING TO INPUT STREAM    99
  
 CHARMM>    stream toppar/toppar_all36_lipid_inositol.str
 VOPEN> Attempting to open::toppar/toppar_all36_lipid_inositol.str::
 OPNLGU> Unit 98 opened for READONLY access to toppar/toppar_all36_lipid_inositol.str

                    INPUT STREAM SWITCHING TO UNIT    98
 RDTITL> READ RTF CARD APPEND
 RDTITL> No title read.
 Parameter: IN1 <- "" <empty>
  
 CHARMM>    read rtf card append
 MAINIO> Residue topology file being read from unit  98.
 RDTITL> * TOPOLOGY FOR INOSITOL-BASED LIPIDS
 RDTITL> *
  
 CHARMM>     
  
 CHARMM>    RETURN
 VCLOSE: Closing unit   98 with status "KEEP"

                    RETURNING TO INPUT STREAM    99
  
 CHARMM>    stream toppar/toppar_all36_lipid_lnp.str
 VOPEN> Attempting to open::toppar/toppar_all36_lipid_lnp.str::
 OPNLGU> Unit 98 opened for READONLY access to toppar/toppar_all36_lipid_lnp.str

                    INPUT STREAM SWITCHING TO UNIT    98
 RDTITL> READ RTF CARD APPEND
 RDTITL> No title read.
 Parameter: IN1 <- "" <empty>
  
 CHARMM>    read rtf card append
 MAINIO> Residue topology file being read from unit  98.
 RDTITL> * LNP
 RDTITL> *

      ***** LEVEL  1 WARNING FROM <DECODF> *****
      ***** Zero length string
      ******************************************
      BOMLEV (  0) IS NOT REACHED. WRNLEV IS  5

 WARNING from DECODF -- Zero length string being converted to 0.
 **** WARNING from RTFRDR **** The total charge of the residue, DAGP,  -0.0100000,
 does not equal the expected charge,   0.0000000.

      ***** LEVEL  1 WARNING FROM <DECODF> *****
      ***** Zero length string
      ******************************************
      BOMLEV (  0) IS NOT REACHED. WRNLEV IS  5

 WARNING from DECODF -- Zero length string being converted to 0.
          PRES DPEPEG
 **** WARNING from RTFRDR **** The total charge of the residue, DPEP,  -0.0100000,
 does not equal the expected charge,   0.0000000.
 There were   2 warning(s) from RTFRDR.
  
 CHARMM>     
  
 CHARMM>    read param card flex append

          PARAMETER FILE BEING READ FROM UNIT 98
 RDTITL> * LNP
 RDTITL> *
 PARMIO> NONBOND, HBOND lists and IMAGE atoms cleared.
  
 CHARMM>     
  
 CHARMM>    RETURN
 VCLOSE: Closing unit   98 with status "KEEP"

                    RETURNING TO INPUT STREAM    99
  
 CHARMM>    stream toppar/toppar_all36_lipid_lps.str
 VOPEN> Attempting to open::toppar/toppar_all36_lipid_lps.str::
 OPNLGU> Unit 98 opened for READONLY access to toppar/toppar_all36_lipid_lps.str

                    INPUT STREAM SWITCHING TO UNIT    98
 RDTITL> READ RTF CARD APPEND
 RDTITL> No title read.
 Parameter: IN1 <- "" <empty>
  
 CHARMM>    read rtf card append
 MAINIO> Residue topology file being read from unit  98.
 RDTITL> * TOPOLOGY FOR LIPIDA FROM LPS
 RDTITL> *
 WARNING from DECODI -- Zero length string being converted to 0
 RTFRDR> WARNING: Version number is NOT specified.
  
 CHARMM>     
  
 CHARMM>     
  
 CHARMM>    read param card append flex

          PARAMETER FILE BEING READ FROM UNIT 98
 RDTITL> *    NEW PARAMETES
 RDTITL> *
 PARMIO> NONBOND, HBOND lists and IMAGE atoms cleared.
  
 CHARMM>     
  
 VCLOSE: Closing unit   98 with status "KEEP"

                    RETURNING TO INPUT STREAM    99
  
 CHARMM>    stream toppar/toppar_all36_lipid_mycobacterial.str
 VOPEN> Attempting to open::toppar/toppar_all36_lipid_mycobacterial.str::
 OPNLGU> Unit 98 opened for READONLY access to toppar/toppar_all36_lipid_mycobacterial.str

                    INPUT STREAM SWITCHING TO UNIT    98
 RDTITL> * TOPPAR STREAM FILE FOR BRANCHED AND CYCLIC CHAINED LIPIDS.  FOLLOWING READING OF
 RDTITL> * TOP_ALL36_LIPID.RTF, PAR_ALL36_LIPID.PRM
 RDTITL> * AND
 RDTITL> * TOPPAR_ALL36_LIPID_BACTERIAL.STR
 RDTITL> *
 Parameter: IN1 <- "" <empty>
  
 CHARMM>     
  
 CHARMM>    read rtf card append
 MAINIO> Residue topology file being read from unit  98.
 RDTITL> * CHOLESTEROL RESIDUES
 RDTITL> *
  
 CHARMM>     
  
 CHARMM>    read para card flex @app
 Parameter: APP -> "APPEND"

          PARAMETER FILE BEING READ FROM UNIT 98
 RDTITL> * NEW PARAMETERS
 RDTITL> *
 PARRDR> Error: Repeated ANGLE parameter (  5023): CEL1  CEL1  CTL1 is replaced
 PARRDR> Error: Repeated DIHE parameter ( 15365): CTL2  CG2O  CTL1  CTL3 is replaced
 PARRDR> Error: Repeated DIHE parameter ( 15366): CTL2  CG2O  CTL1  CTL3 is replaced
 PARRDR> Error: Repeated DIHE parameter ( 15365): CTL2  CG2O  CTL1  CTL3 is replaced
 PARRDR> Error: Repeated DIHE parameter ( 15366): CTL2  CG2O  CTL1  CTL3 is replaced
 PARMIO> NONBOND, HBOND lists and IMAGE atoms cleared.
  
 CHARMM>     
  
 CHARMM>    RETURN
 VCLOSE: Closing unit   98 with status "KEEP"

                    RETURNING TO INPUT STREAM    99
  
 CHARMM>    stream toppar/toppar_all36_lipid_miscellaneous.str
 VOPEN> Attempting to open::toppar/toppar_all36_lipid_miscellaneous.str::
 OPNLGU> Unit 98 opened for READONLY access to toppar/toppar_all36_lipid_miscellaneous.str

                    INPUT STREAM SWITCHING TO UNIT    98
 RDTITL> READ RTF CARD APPEND FLEX
 RDTITL> No title read.
 Parameter: IN1 <- "" <empty>
  
 CHARMM>    read rtf card append flex
 MAINIO> Residue topology file being read from unit  98.
 RDTITL> * TOPOLOGY FOR MISCELLANEOUS LIPIDS
 RDTITL> *
  
 CHARMM>     
  
 CHARMM>    read param card flex append

          PARAMETER FILE BEING READ FROM UNIT 98
 RDTITL> * PARAMETER FOR ACYL PYROPHOSPHATE: ADDED 2019_7
 RDTITL> *
 PARMIO> NONBOND, HBOND lists and IMAGE atoms cleared.
  
 CHARMM>     
  
 CHARMM>    return
 VCLOSE: Closing unit   98 with status "KEEP"

                    RETURNING TO INPUT STREAM    99
  
 CHARMM>    stream toppar/toppar_all36_lipid_model.str
 VOPEN> Attempting to open::toppar/toppar_all36_lipid_model.str::
 OPNLGU> Unit 98 opened for READONLY access to toppar/toppar_all36_lipid_model.str

                    INPUT STREAM SWITCHING TO UNIT    98
 RDTITL> * CHARMM36 ALL-HYDROGEN LIPID FORCE FIELD TOPPAR STREAM FILE
 RDTITL> * COLLECTION OF RESIDUES AND PATCHES FOR MODEL COMPOUNDS USED
 RDTITL> * IN THE OPTIMIZATION THE LIPID FORCE FIELD.
 RDTITL> *
 Parameter: IN1 <- "" <empty>
  
 CHARMM>     
  
 CHARMM>    !Parent files that have to be read prior to streaming this file
 CHARMM>    !top_all36_lipid.rtf
 CHARMM>    !par_all36_lipid.prm
 CHARMM>     
  
 CHARMM>    !Testcase
 CHARMM>    !test_all36_lipid_model.inp
 CHARMM>     
  
 CHARMM>    read rtf card append
 MAINIO> Residue topology file being read from unit  98.
 RDTITL> * C36 LIPID MODEL COMPOUNDS
 RDTITL> *
*** WARNING **** residue MAS  already exists (old one deleted)

      ***** LEVEL  1 WARNING FROM <RTFRDR> *****
      ***** Residue already exists.
      ******************************************
      BOMLEV (  0) IS NOT REACHED. WRNLEV IS  5

          RESI MAS          0.00
*** WARNING **** residue ETAC already exists (old one deleted)

      ***** LEVEL  1 WARNING FROM <RTFRDR> *****
      ***** Residue already exists.
      ******************************************
      BOMLEV (  0) IS NOT REACHED. WRNLEV IS  5

          RESI ETAC         0.00
*** WARNING **** residue MPRO already exists (old one deleted)

      ***** LEVEL  1 WARNING FROM <RTFRDR> *****
      ***** Residue already exists.
      ******************************************
      BOMLEV (  0) IS NOT REACHED. WRNLEV IS  5

          RESI MPRO         0.00
*** WARNING **** residue MP_1 already exists (old one deleted)

      ***** LEVEL  1 WARNING FROM <RTFRDR> *****
      ***** Residue already exists.
      ******************************************
      BOMLEV (  0) IS NOT REACHED. WRNLEV IS  5

          RESI MP_1        -1.00
*** WARNING **** residue MP_2 already exists (old one deleted)

      ***** LEVEL  1 WARNING FROM <RTFRDR> *****
      ***** Residue already exists.
      ******************************************
      BOMLEV (  0) IS NOT REACHED. WRNLEV IS  5

          RESI MP_2        -2.00
*** WARNING **** residue MSO4 already exists (old one deleted)

      ***** LEVEL  1 WARNING FROM <RTFRDR> *****
      ***** Residue already exists.
      ******************************************
      BOMLEV (  0) IS NOT REACHED. WRNLEV IS  5

          RESI MSO4        -1.00
*** WARNING **** residue BUTA already exists (old one deleted)

      ***** LEVEL  1 WARNING FROM <RTFRDR> *****
      ***** Residue already exists.
      ******************************************
      BOMLEV (  0) IS NOT REACHED. WRNLEV IS  5

          RESI BUTA         0.00
*** WARNING **** residue PENT already exists (old one deleted)

      ***** LEVEL  1 WARNING FROM <RTFRDR> *****
      ***** Residue already exists.
      ******************************************
      BOMLEV (  0) IS NOT REACHED. WRNLEV IS  5

          RESI PENT         0.00
*** WARNING **** residue HEXA already exists (old one deleted)

      ***** LEVEL  1 WARNING FROM <RTFRDR> *****
      ***** Residue already exists.
      ******************************************
      BOMLEV (  0) IS NOT REACHED. WRNLEV IS  5

          RESI HEXA         0.00
*** WARNING **** residue ETHE already exists (old one deleted)

      ***** LEVEL  1 WARNING FROM <RTFRDR> *****
      ***** Residue already exists.
      ******************************************
      BOMLEV (  0) IS NOT REACHED. WRNLEV IS  5

          RESI ETHE       0.00
*** WARNING **** residue PRPE already exists (old one deleted)

      ***** LEVEL  1 WARNING FROM <RTFRDR> *****
      ***** Residue already exists.
      ******************************************
      BOMLEV (  0) IS NOT REACHED. WRNLEV IS  5

          RESI PRPE       0.00
*** WARNING **** residue BTE1 already exists (old one deleted)

      ***** LEVEL  1 WARNING FROM <RTFRDR> *****
      ***** Residue already exists.
      ******************************************
      BOMLEV (  0) IS NOT REACHED. WRNLEV IS  5

          RESI BTE1       0.00
*** WARNING **** residue BTE2 already exists (old one deleted)

      ***** LEVEL  1 WARNING FROM <RTFRDR> *****
      ***** Residue already exists.
      ******************************************
      BOMLEV (  0) IS NOT REACHED. WRNLEV IS  5

          RESI BTE2       0.00
*** WARNING **** residue DIPE already exists (old one deleted)

      ***** LEVEL  1 WARNING FROM <RTFRDR> *****
      ***** Residue already exists.
      ******************************************
      BOMLEV (  0) IS NOT REACHED. WRNLEV IS  5

          RESI DIPE       0.00
*** WARNING **** residue DIHE already exists (old one deleted)

      ***** LEVEL  1 WARNING FROM <RTFRDR> *****
      ***** Residue already exists.
      ******************************************
      BOMLEV (  0) IS NOT REACHED. WRNLEV IS  5

          RESI DIHE       0.00
*** WARNING **** residue NC4  already exists (old one deleted)

      ***** LEVEL  1 WARNING FROM <RTFRDR> *****
      ***** Residue already exists.
      ******************************************
      BOMLEV (  0) IS NOT REACHED. WRNLEV IS  5

          RESI NC4          1.00
*** WARNING **** residue NC5  already exists (old one deleted)

      ***** LEVEL  1 WARNING FROM <RTFRDR> *****
      ***** Residue already exists.
      ******************************************
      BOMLEV (  0) IS NOT REACHED. WRNLEV IS  5

          RESI NC5          1.00
*** WARNING **** residue CHOL already exists (old one deleted)

      ***** LEVEL  1 WARNING FROM <RTFRDR> *****
      ***** Residue already exists.
      ******************************************
      BOMLEV (  0) IS NOT REACHED. WRNLEV IS  5

          RESI CHOL         1.00
*** WARNING **** residue ACHO already exists (old one deleted)

      ***** LEVEL  1 WARNING FROM <RTFRDR> *****
      ***** Residue already exists.
      ******************************************
      BOMLEV (  0) IS NOT REACHED. WRNLEV IS  5

          RESI ACHO         1.00
*** WARNING **** residue PC   already exists (old one deleted)

      ***** LEVEL  1 WARNING FROM <RTFRDR> *****
      ***** Residue already exists.
      ******************************************
      BOMLEV (  0) IS NOT REACHED. WRNLEV IS  5

          RESI PC           0.00
*** WARNING **** residue GPC  already exists (old one deleted)

      ***** LEVEL  1 WARNING FROM <RTFRDR> *****
      ***** Residue already exists.
      ******************************************
      BOMLEV (  0) IS NOT REACHED. WRNLEV IS  5

          RESI GPC          0.00
*** WARNING **** residue TEA  already exists (old one deleted)

      ***** LEVEL  1 WARNING FROM <RTFRDR> *****
      ***** Residue already exists.
      ******************************************
      BOMLEV (  0) IS NOT REACHED. WRNLEV IS  5

          RESI TEA          1.00
*** WARNING **** residue ETAM already exists (old one deleted)

      ***** LEVEL  1 WARNING FROM <RTFRDR> *****
      ***** Residue already exists.
      ******************************************
      BOMLEV (  0) IS NOT REACHED. WRNLEV IS  5

          RESI ETAM       1.00
*** WARNING **** residue GLYC already exists (old one deleted)

      ***** LEVEL  1 WARNING FROM <RTFRDR> *****
      ***** Residue already exists.
      ******************************************
      BOMLEV (  0) IS NOT REACHED. WRNLEV IS  5

          RESI GLYC         0.00
*** WARNING **** residue MBUT already exists (old one deleted)

      ***** LEVEL  1 WARNING FROM <RTFRDR> *****
      ***** Residue already exists.
      ******************************************
      BOMLEV (  0) IS NOT REACHED. WRNLEV IS  5

          RESI MBUT         0.00
 There were  25 warning(s) from RTFRDR.
  
 CHARMM>     
  
 CHARMM>    return
 VCLOSE: Closing unit   98 with status "KEEP"

                    RETURNING TO INPUT STREAM    99
  
 CHARMM>    stream toppar/toppar_all36_lipid_prot.str
 VOPEN> Attempting to open::toppar/toppar_all36_lipid_prot.str::
 OPNLGU> Unit 98 opened for READONLY access to toppar/toppar_all36_lipid_prot.str

                    INPUT STREAM SWITCHING TO UNIT    98
 RDTITL> * TOPOLOGY AND PARAMETERS FOR LIPID TAIL LINKERS TO CYSTEINE AND GLYCINE,
 RDTITL> * FOR EXAMPLE, PALMITOYLATION, MARISTOYLATION, FERNASYLATION, GERANYLATION
 RDTITL> *
 Parameter: IN1 <- "" <empty>
  
 CHARMM>     
  
 CHARMM>    read rtf card append
 MAINIO> Residue topology file being read from unit  98.
 RDTITL> * LIPID-MODIFIED PROTEIN RESIDUES
 RDTITL> *
  
 CHARMM>     
  
 CHARMM>    read para card append flex

          PARAMETER FILE BEING READ FROM UNIT 98
 RDTITL> * CYSTEIN-PALMITATE PARAMETERS
 RDTITL> *
 PARMIO> NONBOND, HBOND lists and IMAGE atoms cleared.
  
 CHARMM>     
  
 CHARMM>    return
 VCLOSE: Closing unit   98 with status "KEEP"

                    RETURNING TO INPUT STREAM    99
  
 CHARMM>    stream toppar/toppar_all36_lipid_tag.str
 VOPEN> Attempting to open::toppar/toppar_all36_lipid_tag.str::
 OPNLGU> Unit 98 opened for READONLY access to toppar/toppar_all36_lipid_tag.str

                    INPUT STREAM SWITCHING TO UNIT    98
 RDTITL> READ RTF CARD APPEND
 RDTITL> No title read.
 Parameter: IN1 <- "" <empty>
  
 CHARMM>    read rtf card append
 MAINIO> Residue topology file being read from unit  98.
 RDTITL> * TOPOLOGY FOR TRIACYLGLYCEROLS [STEPHEN GEE FROM LEHIGH UNIVERSITY]
 RDTITL> *
  
 VCLOSE: Closing unit   98 with status "KEEP"

                    RETURNING TO INPUT STREAM    99
  
 CHARMM>    stream toppar/toppar_all36_lipid_yeast.str
 VOPEN> Attempting to open::toppar/toppar_all36_lipid_yeast.str::
 OPNLGU> Unit 98 opened for READONLY access to toppar/toppar_all36_lipid_yeast.str

                    INPUT STREAM SWITCHING TO UNIT    98
 RDTITL> * TOPPAR STREAM FILE FOR BRANCHED AND CYCLIC CHAINED LIPIDS.  FOLLOWING READING OF
 RDTITL> * TOP_ALL36_LIPID.RTF
 RDTITL> * AND
 RDTITL> * PAR_ALL36_LIPID.RTF
 RDTITL> *
 Parameter: IN1 <- "" <empty>
  
 CHARMM>     
  
 CHARMM>    set nat ?NATC
 RDCMND substituted energy or value "?NATC" to "590"
 Parameter: NAT <- "590"
  
 CHARMM>    set app
 Parameter: APP <- "" <empty>
  
 CHARMM>    !We're exploiting what is arguably a bug in the parser. On the left hand side,
 CHARMM>    !the quotes have proirity, so NAT is correctly substituted. On the right hand
 CHARMM>    !side, the ? has priority and NATC" (sic) is not a valid substitution...
 CHARMM>    if "@NAT" ne "?NATC" if @nat ne 0 set app append
 Parameter: NAT -> "590"
 Parameter: NAT -> "590"
 RDCMND: can not substitute energy "?NATC""
 Comparing ""590"" and ""?NATC"".
 IF test evaluated as true.  Performing command
 Comparing "590" and "0".
 IF test evaluated as true.  Performing command
 Parameter: APP <- "APPEND"
  
 CHARMM>     
  
 CHARMM>    read rtf card @app
 Parameter: APP -> "APPEND"
 MAINIO> Residue topology file being read from unit  98.
 RDTITL> * CHOLESTEROL RESIDUES
 RDTITL> *
  
 CHARMM>     
  
 CHARMM>    read para card flex @app
 Parameter: APP -> "APPEND"

          PARAMETER FILE BEING READ FROM UNIT 98
 RDTITL> * NEW PARAMETERS
 RDTITL> *
 PARMIO> NONBOND, HBOND lists and IMAGE atoms cleared.
  
 CHARMM>     
  
 CHARMM>    return
 VCLOSE: Closing unit   98 with status "KEEP"

                    RETURNING TO INPUT STREAM    99
  
 CHARMM>    stream toppar/toppar_all36_lipid_hmmm.str
 VOPEN> Attempting to open::toppar/toppar_all36_lipid_hmmm.str::
 OPNLGU> Unit 98 opened for READONLY access to toppar/toppar_all36_lipid_hmmm.str

                    INPUT STREAM SWITCHING TO UNIT    98
 RDTITL> READ RTF CARD APPEND FLEX
 RDTITL> No title read.
 Parameter: IN1 <- "" <empty>
  
 CHARMM>    read rtf card append flex
 MAINIO> Residue topology file being read from unit  98.
 RDTITL> * TOPOLOGY FOR TERMINAL PATCHES FOR HMMM TRUNCATED LIPIDS
 RDTITL> *

      ***** LEVEL  1 WARNING FROM <DECODF> *****
      ***** Zero length string
      ******************************************
      BOMLEV (  0) IS NOT REACHED. WRNLEV IS  5

 WARNING from DECODF -- Zero length string being converted to 0.

      ***** LEVEL  1 WARNING FROM <DECODF> *****
      ***** Zero length string
      ******************************************
      BOMLEV (  0) IS NOT REACHED. WRNLEV IS  5

 WARNING from DECODF -- Zero length string being converted to 0.

      ***** LEVEL  1 WARNING FROM <DECODF> *****
      ***** Zero length string
      ******************************************
      BOMLEV (  0) IS NOT REACHED. WRNLEV IS  5

 WARNING from DECODF -- Zero length string being converted to 0.

      ***** LEVEL  1 WARNING FROM <DECODF> *****
      ***** Zero length string
      ******************************************
      BOMLEV (  0) IS NOT REACHED. WRNLEV IS  5

 WARNING from DECODF -- Zero length string being converted to 0.

      ***** LEVEL  1 WARNING FROM <DECODF> *****
      ***** Zero length string
      ******************************************
      BOMLEV (  0) IS NOT REACHED. WRNLEV IS  5

 WARNING from DECODF -- Zero length string being converted to 0.

      ***** LEVEL  1 WARNING FROM <DECODF> *****
      ***** Zero length string
      ******************************************
      BOMLEV (  0) IS NOT REACHED. WRNLEV IS  5

 WARNING from DECODF -- Zero length string being converted to 0.

      ***** LEVEL  1 WARNING FROM <DECODF> *****
      ***** Zero length string
      ******************************************
      BOMLEV (  0) IS NOT REACHED. WRNLEV IS  5

 WARNING from DECODF -- Zero length string being converted to 0.

      ***** LEVEL  1 WARNING FROM <DECODF> *****
      ***** Zero length string
      ******************************************
      BOMLEV (  0) IS NOT REACHED. WRNLEV IS  5

 WARNING from DECODF -- Zero length string being converted to 0.
  
 CHARMM>     
  
 CHARMM>    read para card flex @app
 Parameter: APP -> "APPEND"

          PARAMETER FILE BEING READ FROM UNIT 98
 RDTITL> * NEW PARAMETERS
 RDTITL> *
 PARMIO> NONBOND, HBOND lists and IMAGE atoms cleared.
  
 CHARMM>     
  
 CHARMM>    return
 VCLOSE: Closing unit   98 with status "KEEP"

                    RETURNING TO INPUT STREAM    99
  
 CHARMM>    stream toppar/toppar_all36_lipid_detergent.str
 VOPEN> Attempting to open::toppar/toppar_all36_lipid_detergent.str::
 OPNLGU> Unit 98 opened for READONLY access to toppar/toppar_all36_lipid_detergent.str

                    INPUT STREAM SWITCHING TO UNIT    98
 RDTITL> * TOPPAR STREAM FILE FOR DETERGENTS AND FATTY ACIDS.
 RDTITL> * STREAM FOLLOWING READING OF
 RDTITL> * TOP_ALL36_LIPID.RTF
 RDTITL> * AND
 RDTITL> * PAR_ALL36_LIPID.RTF
 RDTITL> *
 Parameter: IN1 <- "" <empty>
  
 CHARMM>     
  
 CHARMM>    !Additional residues added by Im lab, Aug. 2017
 CHARMM>     
  
 CHARMM>    !Fatty acids added Jan. 2016
 CHARMM>     
  
 CHARMM>    read rtf card append
 MAINIO> Residue topology file being read from unit  98.
 RDTITL> * DETERGENT AND FATTY ACID RESIDUES
 RDTITL> *
  
 CHARMM>     
  
 CHARMM>    read para card append flex

          PARAMETER FILE BEING READ FROM UNIT 98
 RDTITL> * SB3-12 AND SB3-14 PARAMETERS
 RDTITL> *
 PARMIO> NONBOND, HBOND lists and IMAGE atoms cleared.
  
 CHARMM>     
  
 CHARMM>    return
 VCLOSE: Closing unit   98 with status "KEEP"

                    RETURNING TO INPUT STREAM    99
  
 CHARMM>    stream toppar/toppar_all36_lipid_ether.str
 VOPEN> Attempting to open::toppar/toppar_all36_lipid_ether.str::
 OPNLGU> Unit 98 opened for READONLY access to toppar/toppar_all36_lipid_ether.str

                    INPUT STREAM SWITCHING TO UNIT    98
 RDTITL> * CHARMM36 ALL-HYDROGEN ETHER LIPID FORCE FIELD INCLUDING PLASMALOGENS ALISON
 RDTITL> * N. LEONARD (A. L.), 7/18 WITH RICHARD PASTOR AND JEFFERY KLAUDA, JPCB 122(26)
 RDTITL> * PP. 6744 - 6754.  ANA WEST, 1/20 WITH VALERIA ZONI, WALTER TEAGUE JR., ALISON
 RDTITL> * LEONARD, STEFANO VANNI, KLAUS GAWRISCH, STEPHANIE TRISTAM-NAGLE, JONATHAN
 RDTITL> * SACHS, AND JEFFERY KLAUDA, JPCB 124(5) PP. 828 - 839.
 RDTITL> *
 Parameter: IN1 <- "" <empty>
  
 CHARMM>     
  
 CHARMM>    !Parent files that have to be read prior to streaming this file
 CHARMM>    !top_all36_lipid.rtf
 CHARMM>    !par_all36_lipid.prm
 CHARMM>    !top_all36_cgenff.rtf
 CHARMM>    !par_all36_cgenff.prm
 CHARMM>     
  
 CHARMM>    read rtf card append
 MAINIO> Residue topology file being read from unit  98.
 RDTITL> * C36 ETHER MODEL COMPOUNDS
 RDTITL> *

      ***** LEVEL  1 WARNING FROM <DECODF> *****
      ***** Zero length string
      ******************************************
      BOMLEV (  0) IS NOT REACHED. WRNLEV IS  5

 WARNING from DECODF -- Zero length string being converted to 0.

      ***** LEVEL  1 WARNING FROM <DECODF> *****
      ***** Zero length string
      ******************************************
      BOMLEV (  0) IS NOT REACHED. WRNLEV IS  5

 WARNING from DECODF -- Zero length string being converted to 0.

      ***** LEVEL  1 WARNING FROM <DECODF> *****
      ***** Zero length string
      ******************************************
      BOMLEV (  0) IS NOT REACHED. WRNLEV IS  5

 WARNING from DECODF -- Zero length string being converted to 0.
  
 CHARMM>     
  
 CHARMM>    read para card flex append

          PARAMETER FILE BEING READ FROM UNIT 98
 RDTITL> * PARAMETERS
 RDTITL> *
 PARMIO> NONBOND, HBOND lists and IMAGE atoms cleared.
  
 CHARMM>     
  
 CHARMM>    return
 VCLOSE: Closing unit   98 with status "KEEP"

                    RETURNING TO INPUT STREAM    99
  
 CHARMM>    stream toppar/toppar_all36_lipid_oxidized.str
 VOPEN> Attempting to open::toppar/toppar_all36_lipid_oxidized.str::
 OPNLGU> Unit 98 opened for READONLY access to toppar/toppar_all36_lipid_oxidized.str

                    INPUT STREAM SWITCHING TO UNIT    98
 RDTITL> READ RTF CARD APPEND
 RDTITL> No title read.
 Parameter: IN1 <- "" <empty>
  
 CHARMM>    read rtf card append
 MAINIO> Residue topology file being read from unit  98.
 RDTITL> * TOPOLOGY FOR OXIDIZED PHOSPHOLIPID
 RDTITL> *

      ***** LEVEL  1 WARNING FROM <rtfrdr> *****
      ***** No AUTOgen defaults specified in appended RTF. Potential conflict with prior RTF autogen options. Check.
      ******************************************
      BOMLEV (  0) IS NOT REACHED. WRNLEV IS  5

  
 CHARMM>     
  
 CHARMM>    read param card flex append

          PARAMETER FILE BEING READ FROM UNIT 98
 RDTITL> * ADDITIONAL PARAMETERS FOR OXIDIZED PHOSPHOLIPIDS
 RDTITL> *
 PARMIO> NONBOND, HBOND lists and IMAGE atoms cleared.
  
 CHARMM>     
  
 CHARMM>    RETURN
 VCLOSE: Closing unit   98 with status "KEEP"

                    RETURNING TO INPUT STREAM    99
  
 CHARMM>     
  
 CHARMM>    ! Additional topologies and parameters for carbohydrates
 CHARMM>    stream toppar/toppar_all36_carb_glycolipid.str
 VOPEN> Attempting to open::toppar/toppar_all36_carb_glycolipid.str::
 OPNLGU> Unit 98 opened for READONLY access to toppar/toppar_all36_carb_glycolipid.str

                    INPUT STREAM SWITCHING TO UNIT    98
 RDTITL> READ RTF CARD APPEND
 RDTITL> No title read.
 Parameter: IN1 <- "" <empty>
  
 CHARMM>    read rtf card append
 MAINIO> Residue topology file being read from unit  98.
 RDTITL> * TOPOLOGY FOR GLYCOLIPIDS
 RDTITL> *
  
 CHARMM>     
  
 CHARMM>    read param card flex append

          PARAMETER FILE BEING READ FROM UNIT 98
 RDTITL> * PIP RELATED PARAMETERS
 RDTITL> *
 PARMIO> NONBOND, HBOND lists and IMAGE atoms cleared.
  
 CHARMM>     
  
 CHARMM>    RETURN
 VCLOSE: Closing unit   98 with status "KEEP"

                    RETURNING TO INPUT STREAM    99
  
 CHARMM>    stream toppar/toppar_all36_carb_glycopeptide.str
 VOPEN> Attempting to open::toppar/toppar_all36_carb_glycopeptide.str::
 OPNLGU> Unit 98 opened for READONLY access to toppar/toppar_all36_carb_glycopeptide.str

                    INPUT STREAM SWITCHING TO UNIT    98
 RDTITL> READ RTF CARD APPEND
 RDTITL> No title read.
 Parameter: IN1 <- "" <empty>
  
 CHARMM>    read rtf card append
 MAINIO> Residue topology file being read from unit  98.
 RDTITL> * TOPOLOGY FOR GLYCOPEPTIDE LINKAGES
 RDTITL> *
  
 CHARMM>     
  
 CHARMM>    read param card flex append

          PARAMETER FILE BEING READ FROM UNIT 98
 RDTITL> *    NEW PARAMETES
 RDTITL> *
 PARMIO> NONBOND, HBOND lists and IMAGE atoms cleared.
  
 CHARMM>     
  
 CHARMM>     
  
 CHARMM>    RETURN
 VCLOSE: Closing unit   98 with status "KEEP"

                    RETURNING TO INPUT STREAM    99
  
 CHARMM>    stream toppar/toppar_all36_carb_imlab.str
 VOPEN> Attempting to open::toppar/toppar_all36_carb_imlab.str::
 OPNLGU> Unit 98 opened for READONLY access to toppar/toppar_all36_carb_imlab.str

                    INPUT STREAM SWITCHING TO UNIT    98
 RDTITL> READ RTF CARD APPEND
 RDTITL> No title read.
 Parameter: IN1 <- "" <empty>
  
 CHARMM>    read rtf card append
 MAINIO> Residue topology file being read from unit  98.
 RDTITL> * GLYCAN CHEMICAL MODIFICATION PATCHES
 RDTITL> *
  
 CHARMM>     
  
 CHARMM>    read param card flex append

          PARAMETER FILE BEING READ FROM UNIT 98
 RDTITL> * GLYCAN CHEMICAL MODIFICATION PATCHES
 RDTITL> *
 PARMIO> NONBOND, HBOND lists and IMAGE atoms cleared.
  
 CHARMM>     
  
 CHARMM>    RETURN
 VCLOSE: Closing unit   98 with status "KEEP"

                    RETURNING TO INPUT STREAM    99
  
 CHARMM>     
  
 CHARMM>    ! Additional topologies and parameters for spin/fluorophore labels
 CHARMM>    stream toppar/toppar_all36_label_spin.str
 VOPEN> Attempting to open::toppar/toppar_all36_label_spin.str::
 OPNLGU> Unit 98 opened for READONLY access to toppar/toppar_all36_label_spin.str

                    INPUT STREAM SWITCHING TO UNIT    98
 RDTITL> *>>>>> TOPOLOGY FOR NITROXYDE SPIN LABELS <<<<<<<
 RDTITL> * SHAHIDUL M. ISLAM, UNIVERSITY OF CHICAGO
 RDTITL> *
 Parameter: IN1 <- "" <empty>
  
 CHARMM>     
  
 CHARMM>    ! please reference the following:
 CHARMM>    !Sezer, D., Freed J. H., and Roux, B. “Parametrization, Molecular Dynamics Simulation, and Calculation of Electron Spin
 CHARMM>    !Resonance Spectra of a Nitroxide Spin Label on a Polyalanine alpha-Helix” J. Phys. Chem. B 2008, 112, 5755-5767
 CHARMM>     
  
 CHARMM>    !Islam, S. M., and Roux, B. “Parameterization and molecular dynamics simulations of a
 CHARMM>    !conformationally constrained double linked spin label constrained by EPR/DEER data”
 CHARMM>    !(planed submission to J journal)
 CHARMM>     
  
 CHARMM>    !test "append" to determine if previous toppar files have been read and
 CHARMM>    !add append to "read rtf card" if true
 CHARMM>    set nat ?NATC
 RDCMND substituted energy or value "?NATC" to "590"
 Parameter: NAT <- "590"
  
 CHARMM>    set app
 Parameter: APP <- "" <empty>
  
 CHARMM>    !We're exploiting what is arguably a bug in the parser. On the left hand side,
 CHARMM>    !the quotes have proirity, so NAT is correctly substituted. On the right hand
 CHARMM>    !side, the ? has priority and NATC" (sic) is not a valid substitution...
 CHARMM>    if "@NAT" ne "?NATC" if @nat ne 0 set app append
 Parameter: NAT -> "590"
 Parameter: NAT -> "590"
 RDCMND: can not substitute energy "?NATC""
 Comparing ""590"" and ""?NATC"".
 IF test evaluated as true.  Performing command
 Comparing "590" and "0".
 IF test evaluated as true.  Performing command
 Parameter: APP <- "APPEND"
  
 CHARMM>     
  
 CHARMM>     
  
 CHARMM>    read rtf card @app
 Parameter: APP -> "APPEND"
 MAINIO> Residue topology file being read from unit  98.
 RDTITL> * TOPOLOGY FOR SPIN LABEL
 RDTITL> *
  
 CHARMM>     
  
 CHARMM>     
  
 CHARMM>    read para card flex @app
 Parameter: APP -> "APPEND"

          PARAMETER FILE BEING READ FROM UNIT 98
 RDTITL> * PARAMETERS FOR SPIN LABEL
 RDTITL> *
 PARMIO> NONBOND, HBOND lists and IMAGE atoms cleared.
  
 CHARMM>     
  
 CHARMM>    return
 VCLOSE: Closing unit   98 with status "KEEP"

                    RETURNING TO INPUT STREAM    99
  
 CHARMM>    stream toppar/toppar_all36_label_fluorophore.str
 VOPEN> Attempting to open::toppar/toppar_all36_label_fluorophore.str::
 OPNLGU> Unit 98 opened for READONLY access to toppar/toppar_all36_label_fluorophore.str

                    INPUT STREAM SWITCHING TO UNIT    98
 RDTITL> READ RTF CARD APPEND
 RDTITL> No title read.
 Parameter: IN1 <- "" <empty>
  
 CHARMM>    read rtf card append
 MAINIO> Residue topology file being read from unit  98.
 RDTITL> * TOPOLOGY FILES
 RDTITL> *
  
 CHARMM>     
  
 CHARMM>    read param card flex append

          PARAMETER FILE BEING READ FROM UNIT 98
 RDTITL> * MINI FORCE FIELD PARAMETER FILE.
 RDTITL> *
 PARMIO> NONBOND, HBOND lists and IMAGE atoms cleared.
  
 CHARMM>     
  
 VCLOSE: Closing unit   98 with status "KEEP"

                    RETURNING TO INPUT STREAM    99
  
 CHARMM>     
  
 CHARMM>     
  
 CHARMM>     
  
 VCLOSE: Closing unit   99 with status "KEEP"

                    RETURNING TO INPUT STREAM     5
  
 CHARMM>     
  
 CHARMM>    ! Read the system information
 CHARMM>    stream step3_size.str
 VOPEN> Attempting to open::step3_size.str::
 OPNLGU> Unit 99 opened for READONLY access to step3_size.str

                    INPUT STREAM SWITCHING TO UNIT    99
 RDTITL> SET BOXTYPE  = RECT
 RDTITL> No title read.
 Parameter: IN1 <- "" <empty>
  
 CHARMM>     SET BOXTYPE  = RECT
 Parameter: BOXTYPE <- "RECT"
  
 CHARMM>     SET XTLTYPE  = TETRAGONAL
 Parameter: XTLTYPE <- "TETRAGONAL"
  
 CHARMM>     SET A        = 73.0356078
 Parameter: A <- "73.0356078"
  
 CHARMM>     SET B        = 73.0356078
 Parameter: B <- "73.0356078"
  
 CHARMM>     SET C        = 85
 Parameter: C <- "85"
  
 CHARMM>     SET ALPHA    = 90.0
 Parameter: ALPHA <- "90.0"
  
 CHARMM>     SET BETA     = 90.0
 Parameter: BETA <- "90.0"
  
 CHARMM>     SET GAMMA    = 90.0
 Parameter: GAMMA <- "90.0"
  
 CHARMM>     SET ZCEN     = 0
 Parameter: ZCEN <- "0"
  
 CHARMM>     SET NLIPTOP  = 96
 Parameter: NLIPTOP <- "96"
  
 CHARMM>     SET NLIPBOT  = 96
 Parameter: NLIPBOT <- "96"
  
 CHARMM>     SET WBOXZ    = 22.5
 Parameter: WBOXZ <- "22.5"
  
 CHARMM>     SET WATBOXZ  = 22.5
 Parameter: WATBOXZ <- "22.5"
  
 CHARMM>     SET NCHARGE  = -24
 Parameter: NCHARGE <- "-24"
  
 VCLOSE: Closing unit   99 with status "KEEP"

                    RETURNING TO INPUT STREAM     5
  
 CHARMM>    stream step4_components.str
 VOPEN> Attempting to open::step4_components.str::
 OPNLGU> Unit 99 opened for READONLY access to step4_components.str

                    INPUT STREAM SWITCHING TO UNIT    99
 RDTITL> SET NWATER = 106
 RDTITL> No title read.
 Parameter: IN1 <- "" <empty>
  
 CHARMM>     SET NWATER = 106
 Parameter: NWATER <- "106"
  
 VCLOSE: Closing unit   99 with status "KEEP"

                    RETURNING TO INPUT STREAM     5
  
 CHARMM>     
  
 CHARMM>    ! Read Lipids
 CHARMM>    open read unit 10 card name step4_lipid_lipid.psf
 OPNLGU> Unit already open. The old file will be closed first.
 VCLOSE: Closing unit   10 with status "KEEP"
 VOPEN> Attempting to open::step4_lipid_lipid.psf::
 OPNLGU> Unit 10 opened for READONLY access to step4_lipid_lipid.psf
  
 CHARMM>    read psf  unit 10 card append
 MAINIO> Protein structure file being appended from unit  10.
 psf_read_formatted: Reading PSF in the expanded format.
 TITLE>  * GENERATED BY CHARMM-GUI (HTTP://WWW.CHARMM-GUI.ORG) V3.7 ON OCT, 22. 2024. JOB
 TITLE>  * GET A DIFFERENT CONFORMATION FOR LIPIDS PENETRATING PROTEIN / CHOL
 TITLE>  *  DATE:    10/22/24     11:18:14      CREATED BY USER: apache
 TITLE>  *
 PSFSUM> PSF modified: NONBOND lists and IMAGE atoms cleared.
 PSFSUM> Summary of the structure file counters :
         Number of segments      =        1   Number of residues   =      192
         Number of atoms         =    22252   Number of groups     =     6508
         Number of bonds         =    22288   Number of angles     =    42900
         Number of dihedrals     =    61788   Number of impropers  =      272
         Number of cross-terms   =        0   Number of autogens   =        0
         Number of HB acceptors  =        0   Number of HB donors  =        0
         Number of NB exclusions =        0   Total charge =  -24.00000
  
 CHARMM>     
  
 CHARMM>    open read unit 10 card name step4_lipid_lipid.crd
 OPNLGU> Unit already open. The old file will be closed first.
 VCLOSE: Closing unit   10 with status "KEEP"
 VOPEN> Attempting to open::step4_lipid_lipid.crd::
 OPNLGU> Unit 10 opened for READONLY access to step4_lipid_lipid.crd
  
 CHARMM>    read coor unit 10 card append
          SPATIAL COORDINATES BEING READ FROM UNIT 10
 TITLE> * GENERATED BY CHARMM-GUI (HTTP://WWW.CHARMM-GUI.ORG) V3.7 ON OCT, 22. 2024. JOB
 TITLE> * GET A DIFFERENT CONFORMATION FOR LIPIDS PENETRATING PROTEIN / CHOL
 TITLE> *  DATE:    10/22/24     11:18:15      CREATED BY USER: APACHE
 TITLE> *
  
 CHARMM>     
  
 CHARMM>    !
 CHARMM>    ! Image Setup
 CHARMM>    !
 CHARMM>     
  
 CHARMM>    open read unit 10 card name crystal_image.str
 OPNLGU> Unit already open. The old file will be closed first.
 VCLOSE: Closing unit   10 with status "KEEP"
 VOPEN> Attempting to open::crystal_image.str::
 OPNLGU> Unit 10 opened for READONLY access to crystal_image.str
  
 CHARMM>    CRYSTAL DEFINE @XTLtype @A @B @C @alpha @beta @gamma
 Parameter: XTLTYPE -> "TETRAGONAL"
 Parameter: A -> "73.0356078"
 Parameter: B -> "73.0356078"
 Parameter: C -> "85"
 Parameter: ALPHA -> "90.0"
 Parameter: BETA -> "90.0"
 Parameter: GAMMA -> "90.0"
 Crystal Parameters : Crystal Type = TETR
           A     =   73.03561 B    =   73.03561 C     =   85.00000
           Alpha =   90.00000 Beta =   90.00000 Gamma =   90.00000
  
 CHARMM>    CRYSTAL READ UNIT 10 CARD
 CRYSTAL FILE BEING READ FROM UNIT    10
 TITLE> * GENERATED BY CHARMM-GUI (HTTP://WWW.CHARMM-GUI.ORG) V3.7 ON OCT, 22. 2024. JOBID=2960967181
 TITLE> * STREAM FILE FOR CRYSTAL SYMMETRY OPERATION
 TITLE> *
 TITLE>  * GENERATED BY CHARMM-GUI (HTTP://WWW.CHARMM-GUI.ORG) V3.7 ON OCT, 22. 2024. JOB
 TITLE>  * STREAM FILE FOR CRYSTAL SYMMETRY OPERATION
 TITLE>  *
                     THERE ARE NO ROTATIONS FOR THIS TRANSFORMATION SET
    26 Transformations have been processed.

  
 CHARMM>     
  
 CHARMM>    !Image centering by residue
 CHARMM>    IMAGE BYRESID XCEN 0.0 YCEN 0.0 ZCEN @zcen sele resname TIP3 .or. segid MEMB end
 Parameter: ZCEN -> "0"
 SELRPN>  22252 atoms have been selected out of  22252
 IMAGE CENTERING ON FOR SOME ATOMS
  
 CHARMM>     
  
 CHARMM>    !
 CHARMM>    ! Nonbonded Options
 CHARMM>    !
 CHARMM>     
  
 CHARMM>    nbonds atom vatom vfswitch bycb -
 CHARMM>           ctonnb 6.0 ctofnb 7.0 cutnb 10.0 cutim 10.0 -
 CHARMM>           inbfrq -1 imgfrq -1 wmin 1.0 cdie eps 1.0

 SELECTED IMAGES ATOMS BEING CENTERED ABOUT  0.000000  0.000000  0.000000
 RESIDUE   82 OPERATED ON BY TRANSFORMATION N1Z0Z0R1
 RESIDUE   95 OPERATED ON BY TRANSFORMATION N1Z0Z0R1
 RESIDUE  170 OPERATED ON BY TRANSFORMATION Z0N1Z0R1
 RESIDUE  172 OPERATED ON BY TRANSFORMATION P1Z0Z0R1
 RESIDUE  192 OPERATED ON BY TRANSFORMATION N1Z0Z0R1

 <MKIMAT2>: updating the image atom lists and remapping
 Transformation   Atoms  Groups  Residues  Min-Distance
    1  N1N1N1R1 has       0       0       0       32.10
    2  N1Z0N1R1 has       0       0       0       31.81
    3  N1P1N1R1 has       0       0       0       33.28
    4  Z0N1N1R1 has       0       0       0       29.73
    5  Z0Z0N1R1 has       0       0       0       28.73
    6  Z0P1N1R1 has       0       0       0       30.36
    7  N1N1Z0R1 has     113      29       3        0.00
    8  N1Z0Z0R1 has    4074    1134      45        0.00
    9  N1P1Z0R1 has     782     211      10        0.00
   10  Z0N1Z0R1 has    3687    1065      41        0.00
   12  N1N1P1R1 has       0       0       0       34.55
   13  N1Z0P1R1 has       0       0       0       32.55
   14  N1P1P1R1 has       0       0       0       33.76
 Total of30908 atoms and 8947 groups and  291 residues were included


 NONBOND OPTION FLAGS: 
     ELEC     VDW      ATOMs    CDIElec  FSHIft   VATOm    VFSWIt  
     BYCB     NOEXtnd  NOEWald 
 CUTNB  = 10.000 CTEXNB =999.000 CTONNB =  6.000 CTOFNB =  7.000
 CGONNB =  0.000 CGOFNB = 10.000
 WMIN   =  1.000 WRNMXD =  0.500 E14FAC =  1.000 EPS    =  1.000
 NBXMOD =      5
 There are        0 atom  pairs and        0 atom  exclusions.
 There are        0 group pairs and        0 group exclusions.
 <MAKINB> with mode   5 found  65188 exclusions and  60992 interactions(1-4)
 <MAKGRP> found  20080 group exclusions.
 <MAKGRP> found      0 image group exclusions.
 Generating nonbond list with Exclusion mode = 5
 == PRIMARY == SPACE FOR        0 ATOM PAIRS AND        0 GROUP PAIRS
 == IMAGES === SPACE FOR        0 ATOM PAIRS AND        0 GROUP PAIRS
  
 =========================================
              TRIAL run of list...........
 =========================================
Using Image CUBE search
Using Image CUBE search
  NBNDGCM found:
     3670323  atom pairs
      499041  image atom pairs
           0  self atom pairs
  
 CHARMM>    energy

 SELECTED IMAGES ATOMS BEING CENTERED ABOUT  0.000000  0.000000  0.000000

 <MKIMAT2>: updating the image atom lists and remapping
 Transformation   Atoms  Groups  Residues  Min-Distance
    1  N1N1N1R1 has       0       0       0       32.10
    2  N1Z0N1R1 has       0       0       0       31.81
    3  N1P1N1R1 has       0       0       0       33.28
    4  Z0N1N1R1 has       0       0       0       29.73
    5  Z0Z0N1R1 has       0       0       0       28.73
    6  Z0P1N1R1 has       0       0       0       30.36
    7  N1N1Z0R1 has     113      29       3        0.00
    8  N1Z0Z0R1 has    4074    1134      45        0.00
    9  N1P1Z0R1 has     782     211      10        0.00
   10  Z0N1Z0R1 has    3687    1065      41        0.00
   12  N1N1P1R1 has       0       0       0       34.55
   13  N1Z0P1R1 has       0       0       0       32.55
   14  N1P1P1R1 has       0       0       0       33.76
 Total of30908 atoms and 8947 groups and  291 residues were included

 <MAKGRP> found      0 image group exclusions.

 NONBOND OPTION FLAGS: 
     ELEC     VDW      ATOMs    CDIElec  FSHIft   VATOm    VFSWIt  
     BYCB     NOEXtnd  NOEWald 
 CUTNB  = 10.000 CTEXNB =999.000 CTONNB =  6.000 CTOFNB =  7.000
 CGONNB =  0.000 CGOFNB = 10.000
 WMIN   =  1.000 WRNMXD =  0.500 E14FAC =  1.000 EPS    =  1.000
 NBXMOD =      5
 There are  3670323 atom  pairs and   126180 atom  exclusions.
 There are        0 group pairs and    20080 group exclusions.
 Generating nonbond list with Exclusion mode = 5
 == PRIMARY == SPACE FOR  4771419 ATOM PAIRS AND        0 GROUP PAIRS
 == IMAGES === SPACE FOR   648753 ATOM PAIRS AND        0 GROUP PAIRS
Using Image CUBE search
  NBNDGCM found:
     3670323  atom pairs
      499041  image atom pairs
           0  self atom pairs
ENER ENR:  Eval#     ENERgy      Delta-E         GRMS
ENER INTERN:          BONDs       ANGLes       UREY-b    DIHEdrals    IMPRopers
ENER EXTERN:        VDWaals         ELEC       HBONds          ASP         USER
ENER IMAGES:        IMNBvdw       IMELec       IMHBnd       RXNField    EXTElec
 ----------       ---------    ---------    ---------    ---------    ---------
ENER>        0  0.20799E+20  0.00000E+00  0.21176E+20
ENER INTERN>     2836.35681  10767.06480   3458.65877   9553.98777     74.03685
ENER EXTERN>    0.20775E+20 -0.46531E+03  0.00000E+00  0.00000E+00  0.00000E+00
ENER IMAGES>    0.23933E+17 -0.15094E+03  0.00000E+00  0.00000E+00  0.00000E+00
 ----------       ---------    ---------    ---------    ---------    ---------
  
 CHARMM>     
  
 CHARMM>    !
 CHARMM>    ! Minimization
 CHARMM>    !
 CHARMM>     
  
 CHARMM>    mini sd   nstep 250

 SELECTED IMAGES ATOMS BEING CENTERED ABOUT  0.000000  0.000000  0.000000

 <MKIMAT2>: updating the image atom lists and remapping
 Transformation   Atoms  Groups  Residues  Min-Distance
    1  N1N1N1R1 has       0       0       0       32.10
    2  N1Z0N1R1 has       0       0       0       31.81
    3  N1P1N1R1 has       0       0       0       33.28
    4  Z0N1N1R1 has       0       0       0       29.73
    5  Z0Z0N1R1 has       0       0       0       28.73
    6  Z0P1N1R1 has       0       0       0       30.36
    7  N1N1Z0R1 has     113      29       3        0.00
    8  N1Z0Z0R1 has    4074    1134      45        0.00
    9  N1P1Z0R1 has     782     211      10        0.00
   10  Z0N1Z0R1 has    3687    1065      41        0.00
   12  N1N1P1R1 has       0       0       0       34.55
   13  N1Z0P1R1 has       0       0       0       32.55
   14  N1P1P1R1 has       0       0       0       33.76
 Total of30908 atoms and 8947 groups and  291 residues were included

 <MAKGRP> found      0 image group exclusions.

 NONBOND OPTION FLAGS: 
     ELEC     VDW      ATOMs    CDIElec  FSHIft   VATOm    VFSWIt  
     BYCB     NOEXtnd  NOEWald 
 CUTNB  = 10.000 CTEXNB =999.000 CTONNB =  6.000 CTOFNB =  7.000
 CGONNB =  0.000 CGOFNB = 10.000
 WMIN   =  1.000 WRNMXD =  0.500 E14FAC =  1.000 EPS    =  1.000
 NBXMOD =      5
 There are  3670323 atom  pairs and   126180 atom  exclusions.
 There are        0 group pairs and    20080 group exclusions.
 Generating nonbond list with Exclusion mode = 5
 == PRIMARY == SPACE FOR  4771419 ATOM PAIRS AND        0 GROUP PAIRS
 == IMAGES === SPACE FOR   648753 ATOM PAIRS AND        0 GROUP PAIRS
Using Image CUBE search
  NBNDGCM found:
     3670323  atom pairs
      499041  image atom pairs
           0  self atom pairs


 STEEPD> An energy minimization has been requested.

 NSTEP  =          250   NPRINT =           10
 STEP   =    0.0200000   TOLFUN =    0.0000000
 TOLGRD =    0.0000000   TOLSTP =    0.0000000

MINI MIN: Cycle      ENERgy      Delta-E         GRMS    Step-size
MINI INTERN:          BONDs       ANGLes       UREY-b    DIHEdrals    IMPRopers
MINI EXTERN:        VDWaals         ELEC       HBONds          ASP         USER
MINI IMAGES:        IMNBvdw       IMELec       IMHBnd       RXNField    EXTElec
 ----------       ---------    ---------    ---------    ---------    ---------
MINI>        0  0.20799E+20  0.00000E+00  0.21176E+20  0.20000E-01
MINI INTERN>     2836.35681  10767.06480   3458.65877   9553.98777     74.03685
MINI EXTERN>    0.20775E+20 -0.46531E+03  0.00000E+00  0.00000E+00  0.00000E+00
MINI IMAGES>    0.23933E+17 -0.15094E+03  0.00000E+00  0.00000E+00  0.00000E+00
 ----------       ---------    ---------    ---------    ---------    ---------
 UPDECI: Image update at step         1

 <MKIMAT2>: updating the image atom lists and remapping
 Transformation   Atoms  Groups  Residues  Min-Distance
    1  N1N1N1R1 has       0       0       0       32.10
    2  N1Z0N1R1 has       0       0       0       31.81
    3  N1P1N1R1 has       0       0       0       33.28
    4  Z0N1N1R1 has       0       0       0       29.73
    5  Z0Z0N1R1 has       0       0       0       28.73
    6  Z0P1N1R1 has       0       0       0       30.36
    7  N1N1Z0R1 has     113      29       3        0.00
    8  N1Z0Z0R1 has    4074    1134      45        0.00
    9  N1P1Z0R1 has     782     211      10        0.00
   10  Z0N1Z0R1 has    3687    1065      41        0.00
   12  N1N1P1R1 has       0       0       0       34.55
   13  N1Z0P1R1 has       0       0       0       32.55
   14  N1P1P1R1 has       0       0       0       33.76
 Total of30908 atoms and 8947 groups and  291 residues were included

 <MAKGRP> found      0 image group exclusions.
 UPDECI: Nonbond update at step         1
 Generating nonbond list with Exclusion mode = 5
 == PRIMARY == SPACE FOR  4771419 ATOM PAIRS AND        0 GROUP PAIRS
 == IMAGES === SPACE FOR   648753 ATOM PAIRS AND        0 GROUP PAIRS
Using Image CUBE search
  NBNDGCM found:
     3670318  atom pairs
      499039  image atom pairs
           0  self atom pairs
 UPDECI: Image update at step         2

 <MKIMAT2>: updating the image atom lists and remapping
 Transformation   Atoms  Groups  Residues  Min-Distance
    1  N1N1N1R1 has       0       0       0       32.10
    2  N1Z0N1R1 has       0       0       0       31.81
    3  N1P1N1R1 has       0       0       0       33.28
    4  Z0N1N1R1 has       0       0       0       29.73
    5  Z0Z0N1R1 has       0       0       0       28.73
    6  Z0P1N1R1 has       0       0       0       30.36
    7  N1N1Z0R1 has     113      29       3        0.00
    8  N1Z0Z0R1 has    4080    1136      45        0.00
    9  N1P1Z0R1 has     782     211      10        0.00
   10  Z0N1Z0R1 has    3687    1065      41        0.00
   12  N1N1P1R1 has       0       0       0       34.55
   13  N1Z0P1R1 has       0       0       0       32.55
   14  N1P1P1R1 has       0       0       0       33.76
 Total of30914 atoms and 8949 groups and  291 residues were included

 <MAKGRP> found      0 image group exclusions.
 UPDECI: Nonbond update at step         2
 Generating nonbond list with Exclusion mode = 5
 == PRIMARY == SPACE FOR  4771419 ATOM PAIRS AND        0 GROUP PAIRS
 == IMAGES === SPACE FOR   648753 ATOM PAIRS AND        0 GROUP PAIRS
Using Image CUBE search
  NBNDGCM found:
     3670321  atom pairs
      499027  image atom pairs
           0  self atom pairs
 UPDECI: Image update at step         3

 <MKIMAT2>: updating the image atom lists and remapping
 Transformation   Atoms  Groups  Residues  Min-Distance
    1  N1N1N1R1 has       0       0       0       32.10
    2  N1Z0N1R1 has       0       0       0       31.81
    3  N1P1N1R1 has       0       0       0       33.28
    4  Z0N1N1R1 has       0       0       0       29.73
    5  Z0Z0N1R1 has       0       0       0       28.73
    6  Z0P1N1R1 has       0       0       0       30.36
    7  N1N1Z0R1 has     113      29       3        0.00
    8  N1Z0Z0R1 has    4080    1136      45        0.00
    9  N1P1Z0R1 has     782     211      10        0.00
   10  Z0N1Z0R1 has    3699    1069      41        0.00
   12  N1N1P1R1 has       0       0       0       34.55
   13  N1Z0P1R1 has       0       0       0       32.55
   14  N1P1P1R1 has       0       0       0       33.76
 Total of30926 atoms and 8953 groups and  291 residues were included

 <MAKGRP> found      0 image group exclusions.
 UPDECI: Nonbond update at step         3
 Generating nonbond list with Exclusion mode = 5
 == PRIMARY == SPACE FOR  4771419 ATOM PAIRS AND        0 GROUP PAIRS
 == IMAGES === SPACE FOR   648753 ATOM PAIRS AND        0 GROUP PAIRS
Using Image CUBE search
  NBNDGCM found:
     3670267  atom pairs
      499136  image atom pairs
           0  self atom pairs
 UPDECI: Image update at step         5

 <MKIMAT2>: updating the image atom lists and remapping
 Transformation   Atoms  Groups  Residues  Min-Distance
    1  N1N1N1R1 has       0       0       0       32.10
    2  N1Z0N1R1 has       0       0       0       31.81
    3  N1P1N1R1 has       0       0       0       33.28
    4  Z0N1N1R1 has       0       0       0       29.73
    5  Z0Z0N1R1 has       0       0       0       28.73
    6  Z0P1N1R1 has       0       0       0       30.36
    7  N1N1Z0R1 has     113      29       3        0.00
    8  N1Z0Z0R1 has    4080    1136      45        0.00
    9  N1P1Z0R1 has     786     212      10        0.00
   10  Z0N1Z0R1 has    3696    1068      41        0.00
   12  N1N1P1R1 has       0       0       0       34.55
   13  N1Z0P1R1 has       0       0       0       32.55
   14  N1P1P1R1 has       0       0       0       33.76
 Total of30927 atoms and 8953 groups and  291 residues were included

 <MAKGRP> found      0 image group exclusions.
 UPDECI: Nonbond update at step         5
 Generating nonbond list with Exclusion mode = 5
 == PRIMARY == SPACE FOR  4771419 ATOM PAIRS AND        0 GROUP PAIRS
 == IMAGES === SPACE FOR   648753 ATOM PAIRS AND        0 GROUP PAIRS
Using Image CUBE search
  NBNDGCM found:
     3670266  atom pairs
      499154  image atom pairs
           0  self atom pairs
 UPDECI: Image update at step         6

 <MKIMAT2>: updating the image atom lists and remapping
 Transformation   Atoms  Groups  Residues  Min-Distance
    1  N1N1N1R1 has       0       0       0       32.12
    2  N1Z0N1R1 has       0       0       0       31.81
    3  N1P1N1R1 has       0       0       0       33.28
    4  Z0N1N1R1 has       0       0       0       29.75
    5  Z0Z0N1R1 has       0       0       0       28.73
    6  Z0P1N1R1 has       0       0       0       30.36
    7  N1N1Z0R1 has     113      29       3        0.00
    8  N1Z0Z0R1 has    4082    1137      45        0.00
    9  N1P1Z0R1 has     786     212      10        0.00
   10  Z0N1Z0R1 has    3696    1068      41        0.00
   12  N1N1P1R1 has       0       0       0       34.55
   13  N1Z0P1R1 has       0       0       0       32.55
   14  N1P1P1R1 has       0       0       0       33.76
 Total of30929 atoms and 8954 groups and  291 residues were included

 <MAKGRP> found      0 image group exclusions.
 UPDECI: Nonbond update at step         6
 Generating nonbond list with Exclusion mode = 5
 == PRIMARY == SPACE FOR  4771419 ATOM PAIRS AND        0 GROUP PAIRS
 == IMAGES === SPACE FOR   648753 ATOM PAIRS AND        0 GROUP PAIRS
Using Image CUBE search
  NBNDGCM found:
     3670236  atom pairs
      499112  image atom pairs
           0  self atom pairs
 UPDECI: Image update at step         7

 <MKIMAT2>: updating the image atom lists and remapping
 Transformation   Atoms  Groups  Residues  Min-Distance
    1  N1N1N1R1 has       0       0       0       32.12
    2  N1Z0N1R1 has       0       0       0       31.81
    3  N1P1N1R1 has       0       0       0       33.28
    4  Z0N1N1R1 has       0       0       0       29.75
    5  Z0Z0N1R1 has       0       0       0       28.73
    6  Z0P1N1R1 has       0       0       0       30.36
    7  N1N1Z0R1 has     113      29       3        0.00
    8  N1Z0Z0R1 has    4082    1137      45        0.00
    9  N1P1Z0R1 has     786     212      10        0.00
   10  Z0N1Z0R1 has    3696    1068      41        0.00
   12  N1N1P1R1 has       0       0       0       34.55
   13  N1Z0P1R1 has       0       0       0       32.55
   14  N1P1P1R1 has       0       0       0       33.76
 Total of30929 atoms and 8954 groups and  291 residues were included

 <MAKGRP> found      0 image group exclusions.
 UPDECI: Nonbond update at step         7
 Generating nonbond list with Exclusion mode = 5
 == PRIMARY == SPACE FOR  4771419 ATOM PAIRS AND        0 GROUP PAIRS
 == IMAGES === SPACE FOR   648753 ATOM PAIRS AND        0 GROUP PAIRS
Using Image CUBE search
  NBNDGCM found:
     3670171  atom pairs
      499120  image atom pairs
           0  self atom pairs
 UPDECI: Image update at step         8

 <MKIMAT2>: updating the image atom lists and remapping
 Transformation   Atoms  Groups  Residues  Min-Distance
    1  N1N1N1R1 has       0       0       0       32.12
    2  N1Z0N1R1 has       0       0       0       31.81
    3  N1P1N1R1 has       0       0       0       33.28
    4  Z0N1N1R1 has       0       0       0       29.75
    5  Z0Z0N1R1 has       0       0       0       28.73
    6  Z0P1N1R1 has       0       0       0       30.36
    7  N1N1Z0R1 has     113      29       3        0.00
    8  N1Z0Z0R1 has    4082    1137      45        0.00
    9  N1P1Z0R1 has     786     212      10        0.00
   10  Z0N1Z0R1 has    3696    1068      41        0.00
   12  N1N1P1R1 has       0       0       0       34.55
   13  N1Z0P1R1 has       0       0       0       32.55
   14  N1P1P1R1 has       0       0       0       33.76
 Total of30929 atoms and 8954 groups and  291 residues were included

 <MAKGRP> found      0 image group exclusions.
 UPDECI: Nonbond update at step         8
 Generating nonbond list with Exclusion mode = 5
 == PRIMARY == SPACE FOR  4771419 ATOM PAIRS AND        0 GROUP PAIRS
 == IMAGES === SPACE FOR   648753 ATOM PAIRS AND        0 GROUP PAIRS
Using Image CUBE search
  NBNDGCM found:
     3670181  atom pairs
      499120  image atom pairs
           0  self atom pairs
 UPDECI: Image update at step         9

 <MKIMAT2>: updating the image atom lists and remapping
 Transformation   Atoms  Groups  Residues  Min-Distance
    1  N1N1N1R1 has       0       0       0       32.12
    2  N1Z0N1R1 has       0       0       0       31.81
    3  N1P1N1R1 has       0       0       0       33.28
    4  Z0N1N1R1 has       0       0       0       29.75
    5  Z0Z0N1R1 has       0       0       0       28.73
    6  Z0P1N1R1 has       0       0       0       30.36
    7  N1N1Z0R1 has     113      29       3        0.00
    8  N1Z0Z0R1 has    4082    1137      45        0.00
    9  N1P1Z0R1 has     786     212      10        0.00
   10  Z0N1Z0R1 has    3696    1068      41        0.00
   12  N1N1P1R1 has       0       0       0       34.55
   13  N1Z0P1R1 has       0       0       0       32.55
   14  N1P1P1R1 has       0       0       0       33.76
 Total of30929 atoms and 8954 groups and  291 residues were included

 <MAKGRP> found      0 image group exclusions.
 UPDECI: Nonbond update at step         9
 Generating nonbond list with Exclusion mode = 5
 == PRIMARY == SPACE FOR  4771419 ATOM PAIRS AND        0 GROUP PAIRS
 == IMAGES === SPACE FOR   648753 ATOM PAIRS AND        0 GROUP PAIRS
Using Image CUBE search
  NBNDGCM found:
     3670187  atom pairs
      499128  image atom pairs
           0  self atom pairs
 UPDECI: Image update at step        10

 <MKIMAT2>: updating the image atom lists and remapping
 Transformation   Atoms  Groups  Residues  Min-Distance
    1  N1N1N1R1 has       0       0       0       32.12
    2  N1Z0N1R1 has       0       0       0       31.81
    3  N1P1N1R1 has       0       0       0       33.28
    4  Z0N1N1R1 has       0       0       0       29.75
    5  Z0Z0N1R1 has       0       0       0       28.73
    6  Z0P1N1R1 has       0       0       0       30.36
    7  N1N1Z0R1 has     113      29       3        0.00
    8  N1Z0Z0R1 has    4082    1137      45        0.00
    9  N1P1Z0R1 has     786     212      10        0.00
   10  Z0N1Z0R1 has    3696    1068      41        0.00
   12  N1N1P1R1 has       0       0       0       34.55
   13  N1Z0P1R1 has       0       0       0       32.55
   14  N1P1P1R1 has       0       0       0       33.76
 Total of30929 atoms and 8954 groups and  291 residues were included

 <MAKGRP> found      0 image group exclusions.
 UPDECI: Nonbond update at step        10
 Generating nonbond list with Exclusion mode = 5
 == PRIMARY == SPACE FOR  4771419 ATOM PAIRS AND        0 GROUP PAIRS
 == IMAGES === SPACE FOR   648753 ATOM PAIRS AND        0 GROUP PAIRS
Using Image CUBE search
  NBNDGCM found:
     3670179  atom pairs
      499123  image atom pairs
           0  self atom pairs
MINI>       10  0.27192E+10  0.20799E+20  0.48687E+09  0.21499E-01
MINI INTERN>   109918.91059  21796.64664   8942.91555   9998.06109    141.12118
MINI EXTERN>   2626227847.9       -240.6          0.0          0.0          0.0
MINI IMAGES>   92809827.268      -73.266        0.000        0.000        0.000
 ----------       ---------    ---------    ---------    ---------    ---------
 UPDECI: Image update at step        11

 <MKIMAT2>: updating the image atom lists and remapping
 Transformation   Atoms  Groups  Residues  Min-Distance
    1  N1N1N1R1 has       0       0       0       32.12
    2  N1Z0N1R1 has       0       0       0       31.81
    3  N1P1N1R1 has       0       0       0       33.28
    4  Z0N1N1R1 has       0       0       0       29.75
    5  Z0Z0N1R1 has       0       0       0       28.73
    6  Z0P1N1R1 has       0       0       0       30.36
    7  N1N1Z0R1 has     113      29       3        0.00
    8  N1Z0Z0R1 has    4082    1137      45        0.00
    9  N1P1Z0R1 has     786     212      10        0.00
   10  Z0N1Z0R1 has    3696    1068      41        0.00
   12  N1N1P1R1 has       0       0       0       34.55
   13  N1Z0P1R1 has       0       0       0       32.55
   14  N1P1P1R1 has       0       0       0       33.76
 Total of30929 atoms and 8954 groups and  291 residues were included

 <MAKGRP> found      0 image group exclusions.
 UPDECI: Nonbond update at step        11
 Generating nonbond list with Exclusion mode = 5
 == PRIMARY == SPACE FOR  4771419 ATOM PAIRS AND        0 GROUP PAIRS
 == IMAGES === SPACE FOR   648753 ATOM PAIRS AND        0 GROUP PAIRS
Using Image CUBE search
  NBNDGCM found:
     3670155  atom pairs
      499127  image atom pairs
           0  self atom pairs
MINI>       20    8600938.1 2710587220.9       7628.2          0.0
MINI INTERN>   156682.86257  29192.18074  12322.73311  10481.13071    192.06504
MINI EXTERN>   7337820.8001    -204.6082       0.0000       0.0000       0.0000
MINI IMAGES>   1054494.5531     -43.6433       0.0000       0.0000       0.0000
 ----------       ---------    ---------    ---------    ---------    ---------
 UPDECI: Image update at step        22

 <MKIMAT2>: updating the image atom lists and remapping
 Transformation   Atoms  Groups  Residues  Min-Distance
    1  N1N1N1R1 has       0       0       0       32.11
    2  N1Z0N1R1 has       0       0       0       31.81
    3  N1P1N1R1 has       0       0       0       33.28
    4  Z0N1N1R1 has       0       0       0       29.73
    5  Z0Z0N1R1 has       0       0       0       28.73
    6  Z0P1N1R1 has       0       0       0       30.34
    7  N1N1Z0R1 has     116      30       3        0.00
    8  N1Z0Z0R1 has    4074    1134      45        0.00
    9  N1P1Z0R1 has     786     212      10        0.00
   10  Z0N1Z0R1 has    3695    1068      41        0.00
   12  N1N1P1R1 has       0       0       0       34.55
   13  N1Z0P1R1 has       0       0       0       32.55
   14  N1P1P1R1 has       0       0       0       33.76
 Total of30923 atoms and 8952 groups and  291 residues were included

 <MAKGRP> found      0 image group exclusions.
 UPDECI: Nonbond update at step        22
 Generating nonbond list with Exclusion mode = 5
 == PRIMARY == SPACE FOR  4771419 ATOM PAIRS AND        0 GROUP PAIRS
 == IMAGES === SPACE FOR   648753 ATOM PAIRS AND        0 GROUP PAIRS
Using Image CUBE search
  NBNDGCM found:
     3669872  atom pairs
      498563  image atom pairs
           0  self atom pairs
MINI>       30 2280539.8428 6320398.2311    1173.0930       0.0043
MINI INTERN>   217859.08915  37690.53779  17309.49772  11029.36868    283.07925
MINI EXTERN>   1746485.3119     -94.3167       0.0000       0.0000       0.0000
MINI IMAGES>   249994.37778    -17.10275      0.00000      0.00000      0.00000
 ----------       ---------    ---------    ---------    ---------    ---------
 UPDECI: Image update at step        37

 <MKIMAT2>: updating the image atom lists and remapping
 Transformation   Atoms  Groups  Residues  Min-Distance
    1  N1N1N1R1 has       0       0       0       32.10
    2  N1Z0N1R1 has       0       0       0       31.81
    3  N1P1N1R1 has       0       0       0       33.27
    4  Z0N1N1R1 has       0       0       0       29.73
    5  Z0Z0N1R1 has       0       0       0       28.72
    6  Z0P1N1R1 has       0       0       0       30.39
    7  N1N1Z0R1 has     113      29       3        0.00
    8  N1Z0Z0R1 has    4063    1131      45        0.00
    9  N1P1Z0R1 has     778     211      10        0.00
   10  Z0N1Z0R1 has    3667    1063      41        0.00
   12  N1N1P1R1 has       0       0       0       34.55
   13  N1Z0P1R1 has       0       0       0       32.55
   14  N1P1P1R1 has       0       0       0       33.71
 Total of30873 atoms and 8942 groups and  291 residues were included

 <MAKGRP> found      0 image group exclusions.
 UPDECI: Nonbond update at step        37
 Generating nonbond list with Exclusion mode = 5
 == PRIMARY == SPACE FOR  4771419 ATOM PAIRS AND        0 GROUP PAIRS
 == IMAGES === SPACE FOR   648753 ATOM PAIRS AND        0 GROUP PAIRS
Using Image CUBE search
  NBNDGCM found:
     3670421  atom pairs
      497436  image atom pairs
           0  self atom pairs
 UPDECI: Image update at step        39

 <MKIMAT2>: updating the image atom lists and remapping
 Transformation   Atoms  Groups  Residues  Min-Distance
    1  N1N1N1R1 has       0       0       0       32.10
    2  N1Z0N1R1 has       0       0       0       31.81
    3  N1P1N1R1 has       0       0       0       33.27
    4  Z0N1N1R1 has       0       0       0       29.72
    5  Z0Z0N1R1 has       0       0       0       28.72
    6  Z0P1N1R1 has       0       0       0       30.40
    7  N1N1Z0R1 has     110      28       3        0.00
    8  N1Z0Z0R1 has    4063    1131      45        0.00
    9  N1P1Z0R1 has     775     210      10        0.00
   10  Z0N1Z0R1 has    3658    1060      41        0.00
   12  N1N1P1R1 has       0       0       0       34.55
   13  N1Z0P1R1 has       0       0       0       32.55
   14  N1P1P1R1 has       0       0       0       33.66
 Total of30858 atoms and 8937 groups and  291 residues were included

 <MAKGRP> found      0 image group exclusions.
 UPDECI: Nonbond update at step        39
 Generating nonbond list with Exclusion mode = 5
 == PRIMARY == SPACE FOR  4771419 ATOM PAIRS AND        0 GROUP PAIRS
 == IMAGES === SPACE FOR   648753 ATOM PAIRS AND        0 GROUP PAIRS
Using Image CUBE search
  NBNDGCM found:
     3670499  atom pairs
      497168  image atom pairs
           0  self atom pairs
MINI>       40 8028115.3060-5747575.4632  708365.1136       0.0046
MINI INTERN>   203652.86989  46544.45813  29118.47626  11701.19696    370.49363
MINI EXTERN>   7713268.2953       7.5016       0.0000       0.0000       0.0000
MINI IMAGES>    23430.10623     21.90797      0.00000      0.00000      0.00000
 ----------       ---------    ---------    ---------    ---------    ---------
MINI>       50  403051.6002 7625063.7058      62.2957       0.0050
MINI INTERN>   155387.85364  45828.18628  27992.48680  11761.55485    320.73650
MINI EXTERN>   143556.69279      9.82287      0.00000      0.00000      0.00000
MINI IMAGES>    18171.14727     23.11917      0.00000      0.00000      0.00000
 ----------       ---------    ---------    ---------    ---------    ---------
 UPDECI: Image update at step        53

 <MKIMAT2>: updating the image atom lists and remapping
 Transformation   Atoms  Groups  Residues  Min-Distance
    1  N1N1N1R1 has       0       0       0       32.10
    2  N1Z0N1R1 has       0       0       0       31.80
    3  N1P1N1R1 has       0       0       0       33.26
    4  Z0N1N1R1 has       0       0       0       29.71
    5  Z0Z0N1R1 has       0       0       0       28.71
    6  Z0P1N1R1 has       0       0       0       30.40
    7  N1N1Z0R1 has     119      29       3        0.00
    8  N1Z0Z0R1 has    4040    1126      45        0.00
    9  N1P1Z0R1 has     766     207      10        0.00
   10  Z0N1Z0R1 has    3651    1058      41        0.00
   12  N1N1P1R1 has       0       0       0       34.54
   13  N1Z0P1R1 has       0       0       0       32.55
   14  N1P1P1R1 has       0       0       0       33.54
 Total of30828 atoms and 8928 groups and  291 residues were included

 <MAKGRP> found      0 image group exclusions.
 UPDECI: Nonbond update at step        53
 Generating nonbond list with Exclusion mode = 5
 == PRIMARY == SPACE FOR  4771419 ATOM PAIRS AND        0 GROUP PAIRS
 == IMAGES === SPACE FOR   648753 ATOM PAIRS AND        0 GROUP PAIRS
Using Image CUBE search
  NBNDGCM found:
     3669972  atom pairs
      496605  image atom pairs
           0  self atom pairs
 UPDECI: Image update at step        55

 <MKIMAT2>: updating the image atom lists and remapping
 Transformation   Atoms  Groups  Residues  Min-Distance
    1  N1N1N1R1 has       0       0       0       32.10
    2  N1Z0N1R1 has       0       0       0       31.80
    3  N1P1N1R1 has       0       0       0       33.25
    4  Z0N1N1R1 has       0       0       0       29.71
    5  Z0Z0N1R1 has       0       0       0       28.71
    6  Z0P1N1R1 has       0       0       0       30.40
    7  N1N1Z0R1 has     119      29       3        0.00
    8  N1Z0Z0R1 has    4036    1125      45        0.00
    9  N1P1Z0R1 has     766     207      10        0.00
   10  Z0N1Z0R1 has    3651    1058      41        0.00
   12  N1N1P1R1 has       0       0       0       34.54
   13  N1Z0P1R1 has       0       0       0       32.55
   14  N1P1P1R1 has       0       0       0       33.51
 Total of30824 atoms and 8927 groups and  291 residues were included

 <MAKGRP> found      0 image group exclusions.
 UPDECI: Nonbond update at step        55
 Generating nonbond list with Exclusion mode = 5
 == PRIMARY == SPACE FOR  4771419 ATOM PAIRS AND        0 GROUP PAIRS
 == IMAGES === SPACE FOR   648753 ATOM PAIRS AND        0 GROUP PAIRS
Using Image CUBE search
  NBNDGCM found:
     3670017  atom pairs
      496474  image atom pairs
           0  self atom pairs
 UPDECI: Image update at step        56

 <MKIMAT2>: updating the image atom lists and remapping
 Transformation   Atoms  Groups  Residues  Min-Distance
    1  N1N1N1R1 has       0       0       0       32.09
    2  N1Z0N1R1 has       0       0       0       31.80
    3  N1P1N1R1 has       0       0       0       33.25
    4  Z0N1N1R1 has       0       0       0       29.71
    5  Z0Z0N1R1 has       0       0       0       28.71
    6  Z0P1N1R1 has       0       0       0       30.40
    7  N1N1Z0R1 has     119      29       3        0.00
    8  N1Z0Z0R1 has    4036    1125      45        0.00
    9  N1P1Z0R1 has     766     207      10        0.00
   10  Z0N1Z0R1 has    3651    1058      41        0.00
   12  N1N1P1R1 has       0       0       0       34.54
   13  N1Z0P1R1 has       0       0       0       32.55
   14  N1P1P1R1 has       0       0       0       33.51
 Total of30824 atoms and 8927 groups and  291 residues were included

 <MAKGRP> found      0 image group exclusions.
 UPDECI: Nonbond update at step        56
 Generating nonbond list with Exclusion mode = 5
 == PRIMARY == SPACE FOR  4771419 ATOM PAIRS AND        0 GROUP PAIRS
 == IMAGES === SPACE FOR   648753 ATOM PAIRS AND        0 GROUP PAIRS
Using Image CUBE search
  NBNDGCM found:
     3670001  atom pairs
      496444  image atom pairs
           0  self atom pairs
 UPDECI: Image update at step        58

 <MKIMAT2>: updating the image atom lists and remapping
 Transformation   Atoms  Groups  Residues  Min-Distance
    1  N1N1N1R1 has       0       0       0       32.09
    2  N1Z0N1R1 has       0       0       0       31.80
    3  N1P1N1R1 has       0       0       0       33.25
    4  Z0N1N1R1 has       0       0       0       29.71
    5  Z0Z0N1R1 has       0       0       0       28.71
    6  Z0P1N1R1 has       0       0       0       30.40
    7  N1N1Z0R1 has     119      29       3        0.00
    8  N1Z0Z0R1 has    4036    1125      45        0.00
    9  N1P1Z0R1 has     766     207      10        0.00
   10  Z0N1Z0R1 has    3651    1058      41        0.00
   12  N1N1P1R1 has       0       0       0       34.54
   13  N1Z0P1R1 has       0       0       0       32.55
   14  N1P1P1R1 has       0       0       0       33.51
 Total of30824 atoms and 8927 groups and  291 residues were included

 <MAKGRP> found      0 image group exclusions.
 UPDECI: Nonbond update at step        58
 Generating nonbond list with Exclusion mode = 5
 == PRIMARY == SPACE FOR  4771419 ATOM PAIRS AND        0 GROUP PAIRS
 == IMAGES === SPACE FOR   648753 ATOM PAIRS AND        0 GROUP PAIRS
Using Image CUBE search
  NBNDGCM found:
     3670043  atom pairs
      496432  image atom pairs
           0  self atom pairs
MINI>       60 309114.03405  93937.56611     53.70656      0.00536
MINI INTERN>   108410.36782  45306.42847  25518.17131  11830.78649    272.65208
MINI EXTERN>   104701.61023    -37.37265      0.00000      0.00000      0.00000
MINI IMAGES>    13088.33581     23.05450      0.00000      0.00000      0.00000
 ----------       ---------    ---------    ---------    ---------    ---------
 UPDECI: Image update at step        62

 <MKIMAT2>: updating the image atom lists and remapping
 Transformation   Atoms  Groups  Residues  Min-Distance
    1  N1N1N1R1 has       0       0       0       32.09
    2  N1Z0N1R1 has       0       0       0       31.80
    3  N1P1N1R1 has       0       0       0       33.25
    4  Z0N1N1R1 has       0       0       0       29.70
    5  Z0Z0N1R1 has       0       0       0       28.71
    6  Z0P1N1R1 has       0       0       0       30.40
    7  N1N1Z0R1 has     119      29       3        0.00
    8  N1Z0Z0R1 has    4033    1124      45        0.00
    9  N1P1Z0R1 has     766     207      10        0.00
   10  Z0N1Z0R1 has    3651    1058      41        0.00
   12  N1N1P1R1 has       0       0       0       34.53
   13  N1Z0P1R1 has       0       0       0       32.55
   14  N1P1P1R1 has       0       0       0       33.48
 Total of30821 atoms and 8926 groups and  291 residues were included

 <MAKGRP> found      0 image group exclusions.
 UPDECI: Nonbond update at step        62
 Generating nonbond list with Exclusion mode = 5
 == PRIMARY == SPACE FOR  4771419 ATOM PAIRS AND        0 GROUP PAIRS
 == IMAGES === SPACE FOR   648753 ATOM PAIRS AND        0 GROUP PAIRS
Using Image CUBE search
  NBNDGCM found:
     3669923  atom pairs
      496268  image atom pairs
           0  self atom pairs
 UPDECI: Image update at step        64

 <MKIMAT2>: updating the image atom lists and remapping
 Transformation   Atoms  Groups  Residues  Min-Distance
    1  N1N1N1R1 has       0       0       0       32.09
    2  N1Z0N1R1 has       0       0       0       31.80
    3  N1P1N1R1 has       0       0       0       33.24
    4  Z0N1N1R1 has       0       0       0       29.70
    5  Z0Z0N1R1 has       0       0       0       28.71
    6  Z0P1N1R1 has       0       0       0       30.39
    7  N1N1Z0R1 has     116      28       3        0.00
    8  N1Z0Z0R1 has    4027    1122      45        0.00
    9  N1P1Z0R1 has     766     207      10        0.00
   10  Z0N1Z0R1 has    3651    1058      41        0.00
   12  N1N1P1R1 has       0       0       0       34.53
   13  N1Z0P1R1 has       0       0       0       32.54
   14  N1P1P1R1 has       0       0       0       33.47
 Total of30812 atoms and 8923 groups and  291 residues were included

 <MAKGRP> found      0 image group exclusions.
 UPDECI: Nonbond update at step        64
 Generating nonbond list with Exclusion mode = 5
 == PRIMARY == SPACE FOR  4771419 ATOM PAIRS AND        0 GROUP PAIRS
 == IMAGES === SPACE FOR   648753 ATOM PAIRS AND        0 GROUP PAIRS
Using Image CUBE search
  NBNDGCM found:
     3669836  atom pairs
      496168  image atom pairs
           0  self atom pairs
 UPDECI: Image update at step        68

 <MKIMAT2>: updating the image atom lists and remapping
 Transformation   Atoms  Groups  Residues  Min-Distance
    1  N1N1N1R1 has       0       0       0       32.09
    2  N1Z0N1R1 has       0       0       0       31.80
    3  N1P1N1R1 has       0       0       0       33.23
    4  Z0N1N1R1 has       0       0       0       29.68
    5  Z0Z0N1R1 has       0       0       0       28.70
    6  Z0P1N1R1 has       0       0       0       30.39
    7  N1N1Z0R1 has     116      28       3        0.00
    8  N1Z0Z0R1 has    4033    1124      45        0.00
    9  N1P1Z0R1 has     766     207      10        0.00
   10  Z0N1Z0R1 has    3651    1058      41        0.00
   12  N1N1P1R1 has       0       0       0       34.53
   13  N1Z0P1R1 has       0       0       0       32.54
   14  N1P1P1R1 has       0       0       0       33.44
 Total of30818 atoms and 8925 groups and  291 residues were included

 <MAKGRP> found      0 image group exclusions.
 UPDECI: Nonbond update at step        68
 Generating nonbond list with Exclusion mode = 5
 == PRIMARY == SPACE FOR  4771419 ATOM PAIRS AND        0 GROUP PAIRS
 == IMAGES === SPACE FOR   648753 ATOM PAIRS AND        0 GROUP PAIRS
Using Image CUBE search
  NBNDGCM found:
     3669677  atom pairs
      495997  image atom pairs
           0  self atom pairs
 UPDECI: Image update at step        69

 <MKIMAT2>: updating the image atom lists and remapping
 Transformation   Atoms  Groups  Residues  Min-Distance
    1  N1N1N1R1 has       0       0       0       32.09
    2  N1Z0N1R1 has       0       0       0       31.80
    3  N1P1N1R1 has       0       0       0       33.23
    4  Z0N1N1R1 has       0       0       0       29.68
    5  Z0Z0N1R1 has       0       0       0       28.70
    6  Z0P1N1R1 has       0       0       0       30.39
    7  N1N1Z0R1 has     116      28       3        0.00
    8  N1Z0Z0R1 has    4033    1124      45        0.00
    9  N1P1Z0R1 has     763     206      10        0.00
   10  Z0N1Z0R1 has    3654    1059      41        0.00
   12  N1N1P1R1 has       0       0       0       34.53
   13  N1Z0P1R1 has       0       0       0       32.54
   14  N1P1P1R1 has       0       0       0       33.44
 Total of30818 atoms and 8925 groups and  291 residues were included

 <MAKGRP> found      0 image group exclusions.
 UPDECI: Nonbond update at step        69
 Generating nonbond list with Exclusion mode = 5
 == PRIMARY == SPACE FOR  4771419 ATOM PAIRS AND        0 GROUP PAIRS
 == IMAGES === SPACE FOR   648753 ATOM PAIRS AND        0 GROUP PAIRS
Using Image CUBE search
  NBNDGCM found:
     3669711  atom pairs
      495968  image atom pairs
           0  self atom pairs
MINI>       70 317767.54425  -8653.51020   3368.00176      0.00576
MINI INTERN>    54771.27229  44706.73707  22327.60513  11879.80303    219.82050
MINI EXTERN>   174938.54060    -99.01235      0.00000      0.00000      0.00000
MINI IMAGES>     9001.47209     21.30589      0.00000      0.00000      0.00000
 ----------       ---------    ---------    ---------    ---------    ---------
 UPDECI: Image update at step        72

 <MKIMAT2>: updating the image atom lists and remapping
 Transformation   Atoms  Groups  Residues  Min-Distance
    1  N1N1N1R1 has       0       0       0       32.09
    2  N1Z0N1R1 has       0       0       0       31.80
    3  N1P1N1R1 has       0       0       0       33.23
    4  Z0N1N1R1 has       0       0       0       29.68
    5  Z0Z0N1R1 has       0       0       0       28.70
    6  Z0P1N1R1 has       0       0       0       30.39
    7  N1N1Z0R1 has     116      28       3        0.00
    8  N1Z0Z0R1 has    4036    1125      45        0.00
    9  N1P1Z0R1 has     763     206      10        0.00
   10  Z0N1Z0R1 has    3654    1059      41        0.00
   12  N1N1P1R1 has       0       0       0       34.52
   13  N1Z0P1R1 has       0       0       0       32.54
   14  N1P1P1R1 has       0       0       0       33.44
 Total of30821 atoms and 8926 groups and  291 residues were included

 <MAKGRP> found      0 image group exclusions.
 UPDECI: Nonbond update at step        72
 Generating nonbond list with Exclusion mode = 5
 == PRIMARY == SPACE FOR  4771419 ATOM PAIRS AND        0 GROUP PAIRS
 == IMAGES === SPACE FOR   648753 ATOM PAIRS AND        0 GROUP PAIRS
Using Image CUBE search
  NBNDGCM found:
     3669615  atom pairs
      495963  image atom pairs
           0  self atom pairs
 UPDECI: Image update at step        74

 <MKIMAT2>: updating the image atom lists and remapping
 Transformation   Atoms  Groups  Residues  Min-Distance
    1  N1N1N1R1 has       0       0       0       32.08
    2  N1Z0N1R1 has       0       0       0       31.80
    3  N1P1N1R1 has       0       0       0       33.23
    4  Z0N1N1R1 has       0       0       0       29.67
    5  Z0Z0N1R1 has       0       0       0       28.70
    6  Z0P1N1R1 has       0       0       0       30.39
    7  N1N1Z0R1 has     116      28       3        0.00
    8  N1Z0Z0R1 has    4039    1126      45        0.00
    9  N1P1Z0R1 has     763     206      10        0.00
   10  Z0N1Z0R1 has    3657    1060      41        0.00
   12  N1N1P1R1 has       0       0       0       34.52
   13  N1Z0P1R1 has       0       0       0       32.54
   14  N1P1P1R1 has       0       0       0       33.43
 Total of30827 atoms and 8928 groups and  291 residues were included

 <MAKGRP> found      0 image group exclusions.
 UPDECI: Nonbond update at step        74
 Generating nonbond list with Exclusion mode = 5
 == PRIMARY == SPACE FOR  4771419 ATOM PAIRS AND        0 GROUP PAIRS
 == IMAGES === SPACE FOR   648753 ATOM PAIRS AND        0 GROUP PAIRS
Using Image CUBE search
  NBNDGCM found:
     3669667  atom pairs
      495845  image atom pairs
           0  self atom pairs
 UPDECI: Image update at step        78

 <MKIMAT2>: updating the image atom lists and remapping
 Transformation   Atoms  Groups  Residues  Min-Distance
    1  N1N1N1R1 has       0       0       0       32.08
    2  N1Z0N1R1 has       0       0       0       31.80
    3  N1P1N1R1 has       0       0       0       33.23
    4  Z0N1N1R1 has       0       0       0       29.67
    5  Z0Z0N1R1 has       0       0       0       28.69
    6  Z0P1N1R1 has       0       0       0       30.38
    7  N1N1Z0R1 has     118      29       3        0.00
    8  N1Z0Z0R1 has    4044    1128      45        0.00
    9  N1P1Z0R1 has     763     206      10        0.00
   10  Z0N1Z0R1 has    3657    1060      41        0.00
   12  N1N1P1R1 has       0       0       0       34.52
   13  N1Z0P1R1 has       0       0       0       32.54
   14  N1P1P1R1 has       0       0       0       33.43
 Total of30834 atoms and 8931 groups and  291 residues were included

 <MAKGRP> found      0 image group exclusions.
 UPDECI: Nonbond update at step        78
 Generating nonbond list with Exclusion mode = 5
 == PRIMARY == SPACE FOR  4771419 ATOM PAIRS AND        0 GROUP PAIRS
 == IMAGES === SPACE FOR   648753 ATOM PAIRS AND        0 GROUP PAIRS
Using Image CUBE search
  NBNDGCM found:
     3669641  atom pairs
      495795  image atom pairs
           0  self atom pairs
MINI>       80 204643.16392 113124.38033     52.53550      0.00619
MINI INTERN>    50467.82857  44369.73120  21981.14026  11871.70160    206.94486
MINI EXTERN>    67735.51086   -124.03958      0.00000      0.00000      0.00000
MINI IMAGES>     8114.16129     20.18485      0.00000      0.00000      0.00000
 ----------       ---------    ---------    ---------    ---------    ---------
 UPDECI: Image update at step        88

 <MKIMAT2>: updating the image atom lists and remapping
 Transformation   Atoms  Groups  Residues  Min-Distance
    1  N1N1N1R1 has       0       0       0       32.08
    2  N1Z0N1R1 has       0       0       0       31.81
    3  N1P1N1R1 has       0       0       0       33.22
    4  Z0N1N1R1 has       0       0       0       29.64
    5  Z0Z0N1R1 has       0       0       0       28.68
    6  Z0P1N1R1 has       0       0       0       30.38
    7  N1N1Z0R1 has     118      29       3        0.00
    8  N1Z0Z0R1 has    4041    1127      45        0.00
    9  N1P1Z0R1 has     763     206      10        0.00
   10  Z0N1Z0R1 has    3659    1061      42        0.00
   12  N1N1P1R1 has       0       0       0       34.51
   13  N1Z0P1R1 has       0       0       0       32.54
   14  N1P1P1R1 has       0       0       0       33.42
 Total of30833 atoms and 8931 groups and  292 residues were included

 <MAKGRP> found      0 image group exclusions.
 UPDECI: Nonbond update at step        88
 Generating nonbond list with Exclusion mode = 5
 == PRIMARY == SPACE FOR  4771419 ATOM PAIRS AND        0 GROUP PAIRS
 == IMAGES === SPACE FOR   648753 ATOM PAIRS AND        0 GROUP PAIRS
Using Image CUBE search
  NBNDGCM found:
     3669132  atom pairs
      495605  image atom pairs
           0  self atom pairs
MINI>       90 157618.22541  47024.93850     22.24405      0.00665
MINI INTERN>    27372.74210  41488.41614  18158.98072  11742.15047    173.49974
MINI EXTERN>    52495.01427   -204.37989      0.00000      0.00000      0.00000
MINI IMAGES>     6374.02816     17.77370      0.00000      0.00000      0.00000
 ----------       ---------    ---------    ---------    ---------    ---------
 UPDECI: Image update at step        92

 <MKIMAT2>: updating the image atom lists and remapping
 Transformation   Atoms  Groups  Residues  Min-Distance
    1  N1N1N1R1 has       0       0       0       32.08
    2  N1Z0N1R1 has       0       0       0       31.81
    3  N1P1N1R1 has       0       0       0       33.22
    4  Z0N1N1R1 has       0       0       0       29.63
    5  Z0Z0N1R1 has       0       0       0       28.68
    6  Z0P1N1R1 has       0       0       0       30.37
    7  N1N1Z0R1 has     118      29       3        0.00
    8  N1Z0Z0R1 has    4037    1125      45        0.00
    9  N1P1Z0R1 has     763     206      10        0.00
   10  Z0N1Z0R1 has    3661    1062      42        0.00
   12  N1N1P1R1 has       0       0       0       34.50
   13  N1Z0P1R1 has       0       0       0       32.53
   14  N1P1P1R1 has       0       0       0       33.43
 Total of30831 atoms and 8930 groups and  292 residues were included

 <MAKGRP> found      0 image group exclusions.
 UPDECI: Nonbond update at step        92
 Generating nonbond list with Exclusion mode = 5
 == PRIMARY == SPACE FOR  4771419 ATOM PAIRS AND        0 GROUP PAIRS
 == IMAGES === SPACE FOR   648753 ATOM PAIRS AND        0 GROUP PAIRS
Using Image CUBE search
  NBNDGCM found:
     3669138  atom pairs
      495539  image atom pairs
           0  self atom pairs
MINI>      100 127248.64337  30369.58204    198.37102      0.00715
MINI INTERN>    14367.17099  36889.50481  14729.28840  11568.57754    137.65823
MINI EXTERN>    45168.65185   -307.61960      0.00000      0.00000      0.00000
MINI IMAGES>     4679.95961     15.45155      0.00000      0.00000      0.00000
 ----------       ---------    ---------    ---------    ---------    ---------
 UPDECI: Image update at step       102

 <MKIMAT2>: updating the image atom lists and remapping
 Transformation   Atoms  Groups  Residues  Min-Distance
    1  N1N1N1R1 has       0       0       0       32.07
    2  N1Z0N1R1 has       0       0       0       31.83
    3  N1P1N1R1 has       0       0       0       33.21
    4  Z0N1N1R1 has       0       0       0       29.60
    5  Z0Z0N1R1 has       0       0       0       28.67
    6  Z0P1N1R1 has       0       0       0       30.36
    7  N1N1Z0R1 has     118      29       3        0.00
    8  N1Z0Z0R1 has    4038    1125      45        0.00
    9  N1P1Z0R1 has     764     207      10        0.00
   10  Z0N1Z0R1 has    3661    1062      42        0.00
   12  N1N1P1R1 has       0       0       0       34.49
   13  N1Z0P1R1 has       0       0       0       32.53
   14  N1P1P1R1 has       0       0       0       33.44
 Total of30833 atoms and 8931 groups and  292 residues were included

 <MAKGRP> found      0 image group exclusions.
 UPDECI: Nonbond update at step       102
 Generating nonbond list with Exclusion mode = 5
 == PRIMARY == SPACE FOR  4771419 ATOM PAIRS AND        0 GROUP PAIRS
 == IMAGES === SPACE FOR   648753 ATOM PAIRS AND        0 GROUP PAIRS
Using Image CUBE search
  NBNDGCM found:
     3668392  atom pairs
      495104  image atom pairs
           0  self atom pairs
MINI>      110  91024.17207  36224.47130     12.67970      0.00769
MINI INTERN>     8483.74053  28864.22909  10726.29311  11247.83591    105.75729
MINI EXTERN>    28831.61329   -461.06054      0.00000      0.00000      0.00000
MINI IMAGES>     3216.19900      9.56439      0.00000      0.00000      0.00000
 ----------       ---------    ---------    ---------    ---------    ---------
 UPDECI: Image update at step       112

 <MKIMAT2>: updating the image atom lists and remapping
 Transformation   Atoms  Groups  Residues  Min-Distance
    1  N1N1N1R1 has       0       0       0       32.07
    2  N1Z0N1R1 has       0       0       0       31.85
    3  N1P1N1R1 has       0       0       0       33.19
    4  Z0N1N1R1 has       0       0       0       29.53
    5  Z0Z0N1R1 has       0       0       0       28.64
    6  Z0P1N1R1 has       0       0       0       30.34
    7  N1N1Z0R1 has     112      27       3        0.00
    8  N1Z0Z0R1 has    4026    1121      44        0.00
    9  N1P1Z0R1 has     767     208      10        0.00
   10  Z0N1Z0R1 has    3671    1066      42        0.00
   12  N1N1P1R1 has       0       0       0       34.45
   13  N1Z0P1R1 has       0       0       0       32.53
   14  N1P1P1R1 has       0       0       0       33.50
 Total of30828 atoms and 8930 groups and  291 residues were included

 <MAKGRP> found      0 image group exclusions.
 UPDECI: Nonbond update at step       112
 Generating nonbond list with Exclusion mode = 5
 == PRIMARY == SPACE FOR  4771419 ATOM PAIRS AND        0 GROUP PAIRS
 == IMAGES === SPACE FOR   648753 ATOM PAIRS AND        0 GROUP PAIRS
Using Image CUBE search
  NBNDGCM found:
     3666999  atom pairs
      494328  image atom pairs
           0  self atom pairs
 UPDECI: Image update at step       116

 <MKIMAT2>: updating the image atom lists and remapping
 Transformation   Atoms  Groups  Residues  Min-Distance
    1  N1N1N1R1 has       0       0       0       32.07
    2  N1Z0N1R1 has       0       0       0       31.86
    3  N1P1N1R1 has       0       0       0       33.19
    4  Z0N1N1R1 has       0       0       0       29.53
    5  Z0Z0N1R1 has       0       0       0       28.64
    6  Z0P1N1R1 has       0       0       0       30.34
    7  N1N1Z0R1 has     112      27       3        0.00
    8  N1Z0Z0R1 has    4023    1120      44        0.00
    9  N1P1Z0R1 has     767     208      10        0.00
   10  Z0N1Z0R1 has    3674    1067      42        0.00
   12  N1N1P1R1 has       0       0       0       34.45
   13  N1Z0P1R1 has       0       0       0       32.52
   14  N1P1P1R1 has       0       0       0       33.50
 Total of30828 atoms and 8930 groups and  291 residues were included

 <MAKGRP> found      0 image group exclusions.
 UPDECI: Nonbond update at step       116
 Generating nonbond list with Exclusion mode = 5
 == PRIMARY == SPACE FOR  4771419 ATOM PAIRS AND        0 GROUP PAIRS
 == IMAGES === SPACE FOR   648753 ATOM PAIRS AND        0 GROUP PAIRS
Using Image CUBE search
  NBNDGCM found:
     3666806  atom pairs
      494291  image atom pairs
           0  self atom pairs
 UPDECI: Image update at step       117

 <MKIMAT2>: updating the image atom lists and remapping
 Transformation   Atoms  Groups  Residues  Min-Distance
    1  N1N1N1R1 has       0       0       0       32.06
    2  N1Z0N1R1 has       0       0       0       31.86
    3  N1P1N1R1 has       0       0       0       33.19
    4  Z0N1N1R1 has       0       0       0       29.52
    5  Z0Z0N1R1 has       0       0       0       28.63
    6  Z0P1N1R1 has       0       0       0       30.33
    7  N1N1Z0R1 has     112      27       3        0.00
    8  N1Z0Z0R1 has    4023    1120      44        0.00
    9  N1P1Z0R1 has     767     208      10        0.00
   10  Z0N1Z0R1 has    3678    1068      42        0.00
   12  N1N1P1R1 has       0       0       0       34.44
   13  N1Z0P1R1 has       0       0       0       32.52
   14  N1P1P1R1 has       0       0       0       33.51
 Total of30832 atoms and 8931 groups and  291 residues were included

 <MAKGRP> found      0 image group exclusions.
 UPDECI: Nonbond update at step       117
 Generating nonbond list with Exclusion mode = 5
 == PRIMARY == SPACE FOR  4771419 ATOM PAIRS AND        0 GROUP PAIRS
 == IMAGES === SPACE FOR   648753 ATOM PAIRS AND        0 GROUP PAIRS
Using Image CUBE search
  NBNDGCM found:
     3666507  atom pairs
      494264  image atom pairs
           0  self atom pairs
 UPDECI: Image update at step       120

 <MKIMAT2>: updating the image atom lists and remapping
 Transformation   Atoms  Groups  Residues  Min-Distance
    1  N1N1N1R1 has       0       0       0       32.06
    2  N1Z0N1R1 has       0       0       0       31.87
    3  N1P1N1R1 has       0       0       0       33.18
    4  Z0N1N1R1 has       0       0       0       29.48
    5  Z0Z0N1R1 has       0       0       0       28.61
    6  Z0P1N1R1 has       0       0       0       30.32
    7  N1N1Z0R1 has     112      27       3        0.00
    8  N1Z0Z0R1 has    4015    1117      44        0.00
    9  N1P1Z0R1 has     764     207      10        0.00
   10  Z0N1Z0R1 has    3684    1070      42        0.00
   12  N1N1P1R1 has       0       0       0       34.42
   13  N1Z0P1R1 has       0       0       0       32.52
   14  N1P1P1R1 has       0       0       0       33.55
 Total of30827 atoms and 8929 groups and  291 residues were included

 <MAKGRP> found      0 image group exclusions.
 UPDECI: Nonbond update at step       120
 Generating nonbond list with Exclusion mode = 5
 == PRIMARY == SPACE FOR  4771419 ATOM PAIRS AND        0 GROUP PAIRS
 == IMAGES === SPACE FOR   648753 ATOM PAIRS AND        0 GROUP PAIRS
Using Image CUBE search
  NBNDGCM found:
     3665814  atom pairs
      493883  image atom pairs
           0  self atom pairs
MINI>      120  76766.98388  14257.18819     49.77032      0.01984
MINI INTERN>     9648.60036  22837.59101   7863.89516  10956.86479     92.28330
MINI EXTERN>    23604.11423   -620.64885      0.00000      0.00000      0.00000
MINI IMAGES>     2380.10576      4.17812      0.00000      0.00000      0.00000
 ----------       ---------    ---------    ---------    ---------    ---------
 UPDECI: Image update at step       121

 <MKIMAT2>: updating the image atom lists and remapping
 Transformation   Atoms  Groups  Residues  Min-Distance
    1  N1N1N1R1 has       0       0       0       32.06
    2  N1Z0N1R1 has       0       0       0       31.87
    3  N1P1N1R1 has       0       0       0       33.18
    4  Z0N1N1R1 has       0       0       0       29.48
    5  Z0Z0N1R1 has       0       0       0       28.61
    6  Z0P1N1R1 has       0       0       0       30.32
    7  N1N1Z0R1 has     112      27       3        0.00
    8  N1Z0Z0R1 has    4015    1117      44        0.00
    9  N1P1Z0R1 has     764     207      10        0.00
   10  Z0N1Z0R1 has    3684    1070      42        0.00
   12  N1N1P1R1 has       0       0       0       34.42
   13  N1Z0P1R1 has       0       0       0       32.52
   14  N1P1P1R1 has       0       0       0       33.56
 Total of30827 atoms and 8929 groups and  291 residues were included

 <MAKGRP> found      0 image group exclusions.
 UPDECI: Nonbond update at step       121
 Generating nonbond list with Exclusion mode = 5
 == PRIMARY == SPACE FOR  4771419 ATOM PAIRS AND        0 GROUP PAIRS
 == IMAGES === SPACE FOR   648753 ATOM PAIRS AND        0 GROUP PAIRS
Using Image CUBE search
  NBNDGCM found:
     3665751  atom pairs
      493862  image atom pairs
           0  self atom pairs
 UPDECI: Image update at step       122

 <MKIMAT2>: updating the image atom lists and remapping
 Transformation   Atoms  Groups  Residues  Min-Distance
    1  N1N1N1R1 has       0       0       0       32.06
    2  N1Z0N1R1 has       0       0       0       31.87
    3  N1P1N1R1 has       0       0       0       33.18
    4  Z0N1N1R1 has       0       0       0       29.48
    5  Z0Z0N1R1 has       0       0       0       28.61
    6  Z0P1N1R1 has       0       0       0       30.32
    7  N1N1Z0R1 has     112      27       3        0.00
    8  N1Z0Z0R1 has    4015    1117      44        0.00
    9  N1P1Z0R1 has     764     207      10        0.00
   10  Z0N1Z0R1 has    3684    1070      42        0.00
   12  N1N1P1R1 has       0       0       0       34.42
   13  N1Z0P1R1 has       0       0       0       32.52
   14  N1P1P1R1 has       0       0       0       33.56
 Total of30827 atoms and 8929 groups and  291 residues were included

 <MAKGRP> found      0 image group exclusions.
 UPDECI: Nonbond update at step       122
 Generating nonbond list with Exclusion mode = 5
 == PRIMARY == SPACE FOR  4771419 ATOM PAIRS AND        0 GROUP PAIRS
 == IMAGES === SPACE FOR   648753 ATOM PAIRS AND        0 GROUP PAIRS
Using Image CUBE search
  NBNDGCM found:
     3665768  atom pairs
      493845  image atom pairs
           0  self atom pairs
 UPDECI: Image update at step       130

 <MKIMAT2>: updating the image atom lists and remapping
 Transformation   Atoms  Groups  Residues  Min-Distance
    1  N1N1N1R1 has       0       0       0       32.06
    2  N1Z0N1R1 has       0       0       0       31.87
    3  N1P1N1R1 has       0       0       0       33.18
    4  Z0N1N1R1 has       0       0       0       29.47
    5  Z0Z0N1R1 has       0       0       0       28.61
    6  Z0P1N1R1 has       0       0       0       30.32
    7  N1N1Z0R1 has     112      27       3        0.00
    8  N1Z0Z0R1 has    4012    1116      44        0.00
    9  N1P1Z0R1 has     762     206      10        0.00
   10  Z0N1Z0R1 has    3684    1070      42        0.00
   12  N1N1P1R1 has       0       0       0       34.41
   13  N1Z0P1R1 has       0       0       0       32.52
   14  N1P1P1R1 has       0       0       0       33.57
 Total of30822 atoms and 8927 groups and  291 residues were included

 <MAKGRP> found      0 image group exclusions.
 UPDECI: Nonbond update at step       130
 Generating nonbond list with Exclusion mode = 5
 == PRIMARY == SPACE FOR  4771419 ATOM PAIRS AND        0 GROUP PAIRS
 == IMAGES === SPACE FOR   648753 ATOM PAIRS AND        0 GROUP PAIRS
Using Image CUBE search
  NBNDGCM found:
     3665387  atom pairs
      493665  image atom pairs
           0  self atom pairs
MINI>      130 8701868.6852-8625101.7013 1078666.6031       0.0089
MINI INTERN>     5115.82059  20932.88762   7367.83665  10902.97718     91.21401
MINI EXTERN>   8655838.9632    -652.2765       0.0000       0.0000       0.0000
MINI IMAGES>     2267.82007      3.44240      0.00000      0.00000      0.00000
 ----------       ---------    ---------    ---------    ---------    ---------
 UPDECI: Image update at step       136

 <MKIMAT2>: updating the image atom lists and remapping
 Transformation   Atoms  Groups  Residues  Min-Distance
    1  N1N1N1R1 has       0       0       0       32.05
    2  N1Z0N1R1 has       0       0       0       31.87
    3  N1P1N1R1 has       0       0       0       33.17
    4  Z0N1N1R1 has       0       0       0       29.45
    5  Z0Z0N1R1 has       0       0       0       28.60
    6  Z0P1N1R1 has       0       0       0       30.31
    7  N1N1Z0R1 has     115      28       3        0.00
    8  N1Z0Z0R1 has    4014    1116      44        0.00
    9  N1P1Z0R1 has     762     206      10        0.00
   10  Z0N1Z0R1 has    3689    1072      42        0.00
   12  N1N1P1R1 has       0       0       0       34.39
   13  N1Z0P1R1 has       0       0       0       32.52
   14  N1P1P1R1 has       0       0       0       33.61
 Total of30832 atoms and 8930 groups and  291 residues were included

 <MAKGRP> found      0 image group exclusions.
 UPDECI: Nonbond update at step       136
 Generating nonbond list with Exclusion mode = 5
 == PRIMARY == SPACE FOR  4771419 ATOM PAIRS AND        0 GROUP PAIRS
 == IMAGES === SPACE FOR   648753 ATOM PAIRS AND        0 GROUP PAIRS
Using Image CUBE search
  NBNDGCM found:
     3664153  atom pairs
      493183  image atom pairs
           0  self atom pairs
MINI>      140   55058.1112 8646810.5739      10.2162       0.0096
MINI INTERN>     4714.23899  16543.01489   5573.10049  10701.55519     84.25771
MINI EXTERN>    16564.87354   -807.86191      0.00000      0.00000      0.00000
MINI IMAGES>     1689.75043     -4.81808      0.00000      0.00000      0.00000
 ----------       ---------    ---------    ---------    ---------    ---------
MINI>      150  47091.77306   7966.33818      5.99218      0.00428
MINI INTERN>     3174.81718  14000.55260   4724.21006  10600.69143     80.59056
MINI EXTERN>    14059.24219   -915.66276      0.00000      0.00000      0.00000
MINI IMAGES>     1380.14103    -12.80921      0.00000      0.00000      0.00000
 ----------       ---------    ---------    ---------    ---------    ---------
MINI>      160  42897.94046   4193.83260      7.05400      0.00460
MINI INTERN>     2947.88823  12578.81595   4177.97473  10521.76775     79.68384
MINI EXTERN>    12435.36539  -1001.04281      0.00000      0.00000      0.00000
MINI IMAGES>     1174.96408    -17.47668      0.00000      0.00000      0.00000
 ----------       ---------    ---------    ---------    ---------    ---------
MINI>      170  39584.35000   3313.59046      7.57031      0.00494
MINI INTERN>     2732.49508  11489.60595   3783.02077  10460.69001     78.35036
MINI EXTERN>    11124.09709  -1077.12628      0.00000      0.00000      0.00000
MINI IMAGES>     1015.47014    -22.25311      0.00000      0.00000      0.00000
 ----------       ---------    ---------    ---------    ---------    ---------
MINI>      180  36540.41404   3043.93596      2.52962      0.00221
MINI INTERN>     2087.54790  10643.69616   3495.08891  10415.59883     70.39098
MINI EXTERN>    10094.10444  -1138.01342      0.00000      0.00000      0.00000
MINI IMAGES>      899.58526    -27.58502      0.00000      0.00000      0.00000
 ----------       ---------    ---------    ---------    ---------    ---------
 UPDECI: Image update at step       188

 <MKIMAT2>: updating the image atom lists and remapping
 Transformation   Atoms  Groups  Residues  Min-Distance
    1  N1N1N1R1 has       0       0       0       32.07
    2  N1Z0N1R1 has       0       0       0       31.86
    3  N1P1N1R1 has       0       0       0       33.14
    4  Z0N1N1R1 has       0       0       0       29.39
    5  Z0Z0N1R1 has       0       0       0       28.53
    6  Z0P1N1R1 has       0       0       0       30.25
    7  N1N1Z0R1 has      95      25       3        0.00
    8  N1Z0Z0R1 has    4015    1115      45        0.00
    9  N1P1Z0R1 has     745     202      10        0.00
   10  Z0N1Z0R1 has    3723    1082      42        0.00
   12  N1N1P1R1 has       0       0       0       34.27
   13  N1Z0P1R1 has       0       0       0       32.53
   14  N1P1P1R1 has       0       0       0       33.80
 Total of30830 atoms and 8932 groups and  292 residues were included

 <MAKGRP> found      0 image group exclusions.
 UPDECI: Nonbond update at step       188
 Generating nonbond list with Exclusion mode = 5
 == PRIMARY == SPACE FOR  4771419 ATOM PAIRS AND        0 GROUP PAIRS
 == IMAGES === SPACE FOR   648753 ATOM PAIRS AND        0 GROUP PAIRS
Using Image CUBE search
  NBNDGCM found:
     3656586  atom pairs
      490972  image atom pairs
           0  self atom pairs
MINI>      190  34375.24163   2165.17241      2.33210      0.00238
MINI INTERN>     1910.69746   9968.31902   3256.54463  10370.61045     67.12760
MINI EXTERN>     9230.83025  -1198.76820      0.00000      0.00000      0.00000
MINI IMAGES>      801.87551    -31.99508      0.00000      0.00000      0.00000
 ----------       ---------    ---------    ---------    ---------    ---------
MINI>      200  32547.00987   1828.23176      3.80724      0.00256
MINI INTERN>     1875.22378   9360.87423   3050.69126  10331.03410     63.25475
MINI EXTERN>     8444.77795  -1256.05842      0.00000      0.00000      0.00000
MINI IMAGES>      714.69220    -37.47998      0.00000      0.00000      0.00000
 ----------       ---------    ---------    ---------    ---------    ---------
MINI>      210  30920.33721   1626.67265      3.29887      0.00275
MINI INTERN>     1710.45244   8866.20397   2883.42649  10297.66193     62.58685
MINI EXTERN>     7807.73015  -1309.52309      0.00000      0.00000      0.00000
MINI IMAGES>      642.56489    -40.76642      0.00000      0.00000      0.00000
 ----------       ---------    ---------    ---------    ---------    ---------
MINI>      220  29644.52304   1275.81417      4.68541      0.00296
MINI INTERN>     1749.62370   8419.18464   2739.15148  10265.53683     59.48421
MINI EXTERN>     7233.88486  -1356.94015      0.00000      0.00000      0.00000
MINI IMAGES>      579.87874    -45.28128      0.00000      0.00000      0.00000
 ----------       ---------    ---------    ---------    ---------    ---------
MINI>      230  28409.68773   1234.83532      4.53989      0.00318
MINI INTERN>     1649.30978   8038.10820   2617.65190  10236.75580     57.86244
MINI EXTERN>     6734.26092  -1400.64775      0.00000      0.00000      0.00000
MINI IMAGES>      525.11272    -48.72628      0.00000      0.00000      0.00000
 ----------       ---------    ---------    ---------    ---------    ---------
MINI>      240  27412.34834    997.33939      5.70864      0.00342
MINI INTERN>     1675.59520   7697.60972   2514.94352  10208.72033     54.99786
MINI EXTERN>     6279.98325  -1440.05868      0.00000      0.00000      0.00000
MINI IMAGES>      473.35077    -52.79363      0.00000      0.00000      0.00000
 ----------       ---------    ---------    ---------    ---------    ---------
MINI>      250  26168.27040   1244.07794      1.45461      0.00153
MINI INTERN>     1314.88418   7383.60665   2420.75748  10185.02818     55.09506
MINI EXTERN>     5910.51101  -1476.92371      0.00000      0.00000      0.00000
MINI IMAGES>      430.45522    -55.14368      0.00000      0.00000      0.00000
 ----------       ---------    ---------    ---------    ---------    ---------

 STEEPD> Minimization exiting with number of steps limit (       250) exceeded.

STPD MIN: Cycle      ENERgy      Delta-E         GRMS    Step-size
STPD INTERN:          BONDs       ANGLes       UREY-b    DIHEdrals    IMPRopers
STPD EXTERN:        VDWaals         ELEC       HBONds          ASP         USER
STPD IMAGES:        IMNBvdw       IMELec       IMHBnd       RXNField    EXTElec
 ----------       ---------    ---------    ---------    ---------    ---------
STPD>      250  26168.27040   1244.07794      1.45461      0.00184
STPD INTERN>     1314.88418   7383.60665   2420.75748  10185.02818     55.09506
STPD EXTERN>     5910.51101  -1476.92371      0.00000      0.00000      0.00000
STPD IMAGES>      430.45522    -55.14368      0.00000      0.00000      0.00000
 ----------       ---------    ---------    ---------    ---------    ---------
  
 CHARMM>    mini abnr nstep 250

 SELECTED IMAGES ATOMS BEING CENTERED ABOUT  0.000000  0.000000  0.000000
 RESIDUE   80 OPERATED ON BY TRANSFORMATION Z0P1Z0R1
 RESIDUE   81 OPERATED ON BY TRANSFORMATION P1Z0Z0R1

 <MKIMAT2>: updating the image atom lists and remapping
 Transformation   Atoms  Groups  Residues  Min-Distance
    1  N1N1N1R1 has       0       0       0       32.20
    2  N1Z0N1R1 has       0       0       0       31.88
    3  N1P1N1R1 has       0       0       0       33.13
    4  Z0N1N1R1 has       0       0       0       29.52
    5  Z0Z0N1R1 has       0       0       0       28.48
    6  Z0P1N1R1 has       0       0       0       29.85
    7  N1N1Z0R1 has      92      24       3        0.00
    8  N1Z0Z0R1 has    3994    1113      46        0.00
    9  N1P1Z0R1 has     733     200       9        0.00
   10  Z0N1Z0R1 has    3637    1047      41        0.00
   12  N1N1P1R1 has       0       0       0       34.17
   13  N1Z0P1R1 has       0       0       0       32.52
   14  N1P1P1R1 has       0       0       0       33.84
 Total of30708 atoms and 8892 groups and  291 residues were included

 <MAKGRP> found      0 image group exclusions.

 NONBOND OPTION FLAGS: 
     ELEC     VDW      ATOMs    CDIElec  FSHIft   VATOm    VFSWIt  
     BYCB     NOEXtnd  NOEWald 
 CUTNB  = 10.000 CTEXNB =999.000 CTONNB =  6.000 CTOFNB =  7.000
 CGONNB =  0.000 CGOFNB = 10.000
 WMIN   =  1.000 WRNMXD =  0.500 E14FAC =  1.000 EPS    =  1.000
 NBXMOD =      5
 There are  3656586 atom  pairs and   126180 atom  exclusions.
 There are        0 group pairs and    20080 group exclusions.
 Generating nonbond list with Exclusion mode = 5
 == PRIMARY == SPACE FOR  4771419 ATOM PAIRS AND        0 GROUP PAIRS
 == IMAGES === SPACE FOR   648753 ATOM PAIRS AND        0 GROUP PAIRS
Using Image CUBE search
  NBNDGCM found:
     3652844  atom pairs
      486244  image atom pairs
           0  self atom pairs


 ABNER> An energy minimization has been requested.

 EIGRNG =    0.0005000   MINDIM =            5
 NPRINT =           10   NSTEP  =          250
 PSTRCT =    0.0000000   SDSTP  =    0.0200000
 STPLIM =    1.0000000   STRICT =    0.1000000
 TOLFUN =    0.0000000   TOLGRD =    0.0000000
 TOLITR =          100   TOLSTP =    0.0000000
 FMEM   =    0.0000000
MINI MIN: Cycle      ENERgy      Delta-E         GRMS    Step-size
MINI INTERN:          BONDs       ANGLes       UREY-b    DIHEdrals    IMPRopers
MINI EXTERN:        VDWaals         ELEC       HBONds          ASP         USER
MINI IMAGES:        IMNBvdw       IMELec       IMHBnd       RXNField    EXTElec
 ----------       ---------    ---------    ---------    ---------    ---------
MINI>        0  26168.27040     -0.00000      1.45461      0.00000
MINI INTERN>     1314.88418   7383.60665   2420.75748  10185.02818     55.09506
MINI EXTERN>     5916.54363  -1474.99832      0.00000      0.00000      0.00000
MINI IMAGES>      424.42260    -57.06906      0.00000      0.00000      0.00000
 ----------       ---------    ---------    ---------    ---------    ---------
MINI>       10  24201.10556   1967.16484      2.75757      0.61509
MINI INTERN>     1226.11955   6806.42412   2226.24260  10148.31454     53.25356
MINI EXTERN>     5046.87043  -1567.61627      0.00000      0.00000      0.00000
MINI IMAGES>      326.73758    -65.24054      0.00000      0.00000      0.00000
 ----------       ---------    ---------    ---------    ---------    ---------
MINI>       20  21705.00218   2496.10338      2.38120      2.75810
MINI INTERN>     1056.40121   6142.66038   2010.50136  10109.91257     49.20254
MINI EXTERN>     3905.70247  -1695.42361      0.00000      0.00000      0.00000
MINI IMAGES>      202.96582    -76.92057      0.00000      0.00000      0.00000
 ----------       ---------    ---------    ---------    ---------    ---------
MINI>       30  19750.40659   1954.59560      3.18592      4.45227
MINI INTERN>      970.59975   5640.13589   1845.00621  10083.10436     47.14781
MINI EXTERN>     2966.23585  -1816.91268      0.00000      0.00000      0.00000
MINI IMAGES>      102.51457    -87.42517      0.00000      0.00000      0.00000
 ----------       ---------    ---------    ---------    ---------    ---------
MINI>       40  18214.80005   1535.60653      3.15107      4.31225
MINI INTERN>      897.08079   5251.80621   1733.41262  10087.47627     44.62843
MINI EXTERN>     2200.14433  -1926.79166      0.00000      0.00000      0.00000
MINI IMAGES>       21.45641    -94.41335      0.00000      0.00000      0.00000
 ----------       ---------    ---------    ---------    ---------    ---------
 UPDECI: Image update at step        43

 <MKIMAT2>: updating the image atom lists and remapping
 Transformation   Atoms  Groups  Residues  Min-Distance
    1  N1N1N1R1 has       0       0       0       32.24
    2  N1Z0N1R1 has       0       0       0       31.89
    3  N1P1N1R1 has       0       0       0       33.09
    4  Z0N1N1R1 has       0       0       0       29.53
    5  Z0Z0N1R1 has       0       0       0       28.43
    6  Z0P1N1R1 has       0       0       0       29.76
    7  N1N1Z0R1 has      89      23       3        0.00
    8  N1Z0Z0R1 has    3985    1105      45        0.00
    9  N1P1Z0R1 has     713     193       9        0.00
   10  Z0N1Z0R1 has    3615    1039      40        0.00
   12  N1N1P1R1 has       0       0       0       33.97
   13  N1Z0P1R1 has       0       0       0       32.51
   14  N1P1P1R1 has       0       0       0       33.78
 Total of30654 atoms and 8868 groups and  289 residues were included

 <MAKGRP> found      0 image group exclusions.
 UPDECI: Nonbond update at step        43
 Generating nonbond list with Exclusion mode = 5
 == PRIMARY == SPACE FOR  4771419 ATOM PAIRS AND        0 GROUP PAIRS
 == IMAGES === SPACE FOR   648753 ATOM PAIRS AND        0 GROUP PAIRS
Using Image CUBE search
  NBNDGCM found:
     3638623  atom pairs
      482109  image atom pairs
           0  self atom pairs
MINI>       50  17083.61748   1131.18258      3.61401      2.50598
MINI INTERN>      877.17739   4980.38450   1663.64237  10097.52015     43.47641
MINI EXTERN>     1591.21521  -2025.70176      0.00000      0.00000      0.00000
MINI IMAGES>      -43.82269   -100.27410      0.00000      0.00000      0.00000
 ----------       ---------    ---------    ---------    ---------    ---------
MINI>       60  16041.79301   1041.82446      1.86809      1.45630
MINI INTERN>      745.93500   4780.50012   1603.56368  10106.47677     43.26486
MINI EXTERN>     1084.25926  -2120.05767      0.00000      0.00000      0.00000
MINI IMAGES>      -95.58209   -106.56692      0.00000      0.00000      0.00000
 ----------       ---------    ---------    ---------    ---------    ---------
MINI>       70  15316.33540    725.45761      1.66639      1.41050
MINI INTERN>      720.35531   4633.25160   1565.09856  10123.36330     42.11633
MINI EXTERN>      687.23477  -2207.56233      0.00000      0.00000      0.00000
MINI IMAGES>     -135.44678   -112.07536      0.00000      0.00000      0.00000
 ----------       ---------    ---------    ---------    ---------    ---------
MINI>       80  14753.98409    562.35131      2.00441      1.36614
MINI INTERN>      717.33010   4525.25362   1540.45256  10141.13978     40.77644
MINI EXTERN>      361.69218  -2287.77535      0.00000      0.00000      0.00000
MINI IMAGES>     -167.59548   -117.28977      0.00000      0.00000      0.00000
 ----------       ---------    ---------    ---------    ---------    ---------
 UPDECI: Image update at step        89

 <MKIMAT2>: updating the image atom lists and remapping
 Transformation   Atoms  Groups  Residues  Min-Distance
    1  N1N1N1R1 has       0       0       0       32.20
    2  N1Z0N1R1 has       0       0       0       31.84
    3  N1P1N1R1 has       0       0       0       32.96
    4  Z0N1N1R1 has       0       0       0       29.54
    5  Z0Z0N1R1 has       0       0       0       28.44
    6  Z0P1N1R1 has       0       0       0       29.74
    7  N1N1Z0R1 has      81      22       3        0.00
    8  N1Z0Z0R1 has    3961    1102      45        0.00
    9  N1P1Z0R1 has     703     192       9        0.00
   10  Z0N1Z0R1 has    3618    1039      40        0.00
   12  N1N1P1R1 has       0       0       0       33.79
   13  N1Z0P1R1 has       0       0       0       32.52
   14  N1P1P1R1 has       0       0       0       33.59
 Total of30615 atoms and 8863 groups and  289 residues were included

 <MAKGRP> found      0 image group exclusions.
 UPDECI: Nonbond update at step        89
 Generating nonbond list with Exclusion mode = 5
 == PRIMARY == SPACE FOR  4771419 ATOM PAIRS AND        0 GROUP PAIRS
 == IMAGES === SPACE FOR   648753 ATOM PAIRS AND        0 GROUP PAIRS
Using Image CUBE search
  NBNDGCM found:
     3618231  atom pairs
      477594  image atom pairs
           0  self atom pairs
MINI>       90  14256.65608    497.32800      1.88416      1.32318
MINI INTERN>      702.49021   4429.92879   1520.01087  10160.11216     39.43324
MINI EXTERN>       81.58429  -2361.33678      0.00000      0.00000      0.00000
MINI IMAGES>     -194.25758   -121.30911      0.00000      0.00000      0.00000
 ----------       ---------    ---------    ---------    ---------    ---------
MINI>      100  13807.24574    449.41034      1.53691      1.28157
MINI INTERN>      680.43601   4343.33933   1500.13087  10177.41457     38.62970
MINI EXTERN>     -159.52177  -2433.41550      0.00000      0.00000      0.00000
MINI IMAGES>     -214.87655   -124.89091      0.00000      0.00000      0.00000
 ----------       ---------    ---------    ---------    ---------    ---------
MINI>      110  13403.27408    403.97166      1.50830      1.24126
MINI INTERN>      666.91884   4266.04046   1481.15861  10190.45021     38.55534
MINI EXTERN>     -375.35749  -2504.38472      0.00000      0.00000      0.00000
MINI IMAGES>     -231.65675   -128.45042      0.00000      0.00000      0.00000
 ----------       ---------    ---------    ---------    ---------    ---------
MINI>      120  13016.35091    386.92317      1.01826      1.20223
MINI INTERN>      648.34549   4185.39310   1463.87815  10199.02925     37.86713
MINI EXTERN>     -568.39579  -2572.81482      0.00000      0.00000      0.00000
MINI IMAGES>     -246.22955   -130.72205      0.00000      0.00000      0.00000
 ----------       ---------    ---------    ---------    ---------    ---------
MINI>      130  12665.05106    351.29984      1.12185      1.16442
MINI INTERN>      640.05619   4107.75260   1446.34809  10205.98061     37.81553
MINI EXTERN>     -739.89232  -2639.46683      0.00000      0.00000      0.00000
MINI IMAGES>     -259.44561   -134.09721      0.00000      0.00000      0.00000
 ----------       ---------    ---------    ---------    ---------    ---------
 UPDECI: Image update at step       135

 <MKIMAT2>: updating the image atom lists and remapping
 Transformation   Atoms  Groups  Residues  Min-Distance
    1  N1N1N1R1 has       0       0       0       32.23
    2  N1Z0N1R1 has       0       0       0       31.85
    3  N1P1N1R1 has       0       0       0       32.72
    4  Z0N1N1R1 has       0       0       0       29.56
    5  Z0Z0N1R1 has       0       0       0       28.42
    6  Z0P1N1R1 has       0       0       0       29.68
    7  N1N1Z0R1 has      77      21       3        0.00
    8  N1Z0Z0R1 has    3962    1097      44        0.00
    9  N1P1Z0R1 has     706     192       9        0.00
   10  Z0N1Z0R1 has    3612    1039      40        0.00
   12  N1N1P1R1 has       0       0       0       33.60
   13  N1Z0P1R1 has       0       0       0       32.50
   14  N1P1P1R1 has       0       0       0       33.15
 Total of30609 atoms and 8857 groups and  288 residues were included

 <MAKGRP> found      0 image group exclusions.
 UPDECI: Nonbond update at step       135
 Generating nonbond list with Exclusion mode = 5
 == PRIMARY == SPACE FOR  4771419 ATOM PAIRS AND        0 GROUP PAIRS
 == IMAGES === SPACE FOR   648753 ATOM PAIRS AND        0 GROUP PAIRS
Using Image CUBE search
  NBNDGCM found:
     3596672  atom pairs
      473857  image atom pairs
           0  self atom pairs
MINI>      140  12325.00337    340.04770      1.02420      1.12780
MINI INTERN>      634.32022   4022.40633   1427.69525  10208.42467     37.13572
MINI EXTERN>     -889.95290  -2707.42368      0.00000      0.00000      0.00000
MINI IMAGES>     -270.74638   -136.85587      0.00000      0.00000      0.00000
 ----------       ---------    ---------    ---------    ---------    ---------
MINI>      150  11999.61699    325.38637      1.05264      1.09233
MINI INTERN>      627.12684   3950.02972   1411.53867  10203.29737     36.94302
MINI EXTERN>    -1030.25593  -2778.70914      0.00000      0.00000      0.00000
MINI IMAGES>     -279.85132   -140.50223      0.00000      0.00000      0.00000
 ----------       ---------    ---------    ---------    ---------    ---------
MINI>      160  11689.69367    309.92332      1.06333      1.05798
MINI INTERN>      619.79292   3884.86450   1397.33941  10191.20425     36.81950
MINI EXTERN>    -1157.19418  -2851.18689      0.00000      0.00000      0.00000
MINI IMAGES>     -287.17669   -144.76913      0.00000      0.00000      0.00000
 ----------       ---------    ---------    ---------    ---------    ---------
MINI>      170  11394.43399    295.25968      1.10207      1.02471
MINI INTERN>      611.74910   3823.12800   1384.12215  10172.14992     37.00203
MINI EXTERN>    -1267.10475  -2925.28316      0.00000      0.00000      0.00000
MINI IMAGES>     -292.65376   -148.67555      0.00000      0.00000      0.00000
 ----------       ---------    ---------    ---------    ---------    ---------
MINI>      180  11106.20688    288.22711      0.77601      0.59549
MINI INTERN>      594.91618   3766.97252   1371.03482  10147.74038     37.48383
MINI EXTERN>    -1361.68534  -3000.00081      0.00000      0.00000      0.00000
MINI IMAGES>     -296.64245   -153.61223      0.00000      0.00000      0.00000
 ----------       ---------    ---------    ---------    ---------    ---------
MINI>      190  10840.12760    266.07928      1.15872      0.96127
MINI INTERN>      594.32643   3706.99965   1358.41714  10117.67668     37.36250
MINI EXTERN>    -1447.00118  -3068.89401      0.00000      0.00000      0.00000
MINI IMAGES>     -300.45647   -158.30313      0.00000      0.00000      0.00000
 ----------       ---------    ---------    ---------    ---------    ---------
 UPDECI: Image update at step       192

 <MKIMAT2>: updating the image atom lists and remapping
 Transformation   Atoms  Groups  Residues  Min-Distance
    1  N1N1N1R1 has       0       0       0       32.09
    2  N1Z0N1R1 has       0       0       0       31.68
    3  N1P1N1R1 has       0       0       0       32.06
    4  Z0N1N1R1 has       0       0       0       29.42
    5  Z0Z0N1R1 has       0       0       0       28.13
    6  Z0P1N1R1 has       0       0       0       29.32
    7  N1N1Z0R1 has      79      22       3        0.00
    8  N1Z0Z0R1 has    3944    1093      44        0.00
    9  N1P1Z0R1 has     720     194       9        0.00
   10  Z0N1Z0R1 has    3584    1031      40        0.00
   12  N1N1P1R1 has       0       0       0       33.18
   13  N1Z0P1R1 has       0       0       0       32.32
   14  N1P1P1R1 has       0       0       0       32.61
 Total of30579 atoms and 8848 groups and  288 residues were included

 <MAKGRP> found      0 image group exclusions.
 UPDECI: Nonbond update at step       192
 Generating nonbond list with Exclusion mode = 5
 == PRIMARY == SPACE FOR  4771419 ATOM PAIRS AND        0 GROUP PAIRS
 == IMAGES === SPACE FOR   648753 ATOM PAIRS AND        0 GROUP PAIRS
Using Image CUBE search
  NBNDGCM found:
     3569260  atom pairs
      469924  image atom pairs
           0  self atom pairs
MINI>      200  10568.49778    271.62982      0.79192      0.55862
MINI INTERN>      580.16611   3649.92419   1346.82776  10084.12018     37.03047
MINI EXTERN>    -1532.00496  -3128.86841      0.00000      0.00000      0.00000
MINI IMAGES>     -304.79847   -163.89908      0.00000      0.00000      0.00000
 ----------       ---------    ---------    ---------    ---------    ---------
MINI>      210  10322.78600    245.71178      1.16656      0.90176
MINI INTERN>      580.34024   3590.13646   1335.07820  10050.12952     36.42682
MINI EXTERN>    -1607.45286  -3182.19647      0.00000      0.00000      0.00000
MINI IMAGES>     -309.62825   -170.04767      0.00000      0.00000      0.00000
 ----------       ---------    ---------    ---------    ---------    ---------
MINI>      220  10072.79303    249.99297      0.74827      0.52404
MINI INTERN>      566.33547   3530.63164   1322.31076  10015.83149     35.71605
MINI EXTERN>    -1672.88357  -3233.45691      0.00000      0.00000      0.00000
MINI IMAGES>     -314.98501   -176.70689      0.00000      0.00000      0.00000
 ----------       ---------    ---------    ---------    ---------    ---------
MINI>      230   9847.33379    225.45924      1.12806      0.84593
MINI INTERN>      565.28472   3473.38327   1309.58247   9981.71864     35.12266
MINI EXTERN>    -1731.70961  -3280.28042      0.00000      0.00000      0.00000
MINI IMAGES>     -321.62908   -184.13886      0.00000      0.00000      0.00000
 ----------       ---------    ---------    ---------    ---------    ---------
MINI>      240   9616.40064    230.93316      0.70713      0.49160
MINI INTERN>      552.85699   3417.91761   1298.19844   9947.22757     34.37317
MINI EXTERN>    -1785.54085  -3326.99753      0.00000      0.00000      0.00000
MINI IMAGES>     -329.75367   -191.88109      0.00000      0.00000      0.00000
 ----------       ---------    ---------    ---------    ---------    ---------
 UPDECI: Image update at step       244

 <MKIMAT2>: updating the image atom lists and remapping
 Transformation   Atoms  Groups  Residues  Min-Distance
    1  N1N1N1R1 has       0       0       0       32.12
    2  N1Z0N1R1 has       0       0       0       31.69
    3  N1P1N1R1 has       0       0       0       31.75
    4  Z0N1N1R1 has       0       0       0       29.51
    5  Z0Z0N1R1 has       0       0       0       27.94
    6  Z0P1N1R1 has       0       0       0       29.08
    7  N1N1Z0R1 has      77      21       3        0.00
    8  N1Z0Z0R1 has    3931    1092      45        0.00
    9  N1P1Z0R1 has     714     192      10        0.00
   10  Z0N1Z0R1 has    3555    1025      40        0.00
   12  N1N1P1R1 has       0       0       0       32.78
   13  N1Z0P1R1 has       0       0       0       31.94
   14  N1P1P1R1 has       0       0       0       31.94
 Total of30529 atoms and 8838 groups and  290 residues were included

 <MAKGRP> found      0 image group exclusions.
 UPDECI: Nonbond update at step       244
 Generating nonbond list with Exclusion mode = 5
 == PRIMARY == SPACE FOR  4771419 ATOM PAIRS AND        0 GROUP PAIRS
 == IMAGES === SPACE FOR   648753 ATOM PAIRS AND        0 GROUP PAIRS
Using Image CUBE search
  NBNDGCM found:
     3546489  atom pairs
      466696  image atom pairs
           0  self atom pairs
MINI>      250   9407.20235    209.19828      1.03139      0.79356
MINI INTERN>      551.31903   3366.80067   1288.12001   9913.81252     33.74643
MINI EXTERN>    -1839.03798  -3368.90869      0.00000      0.00000      0.00000
MINI IMAGES>     -338.16569   -200.48394      0.00000      0.00000      0.00000
 ----------       ---------    ---------    ---------    ---------    ---------

 ABNER> Minimization exiting with number of steps limit (  250) exceeded.

ABNR MIN: Cycle      ENERgy      Delta-E         GRMS    Step-size
ABNR INTERN:          BONDs       ANGLes       UREY-b    DIHEdrals    IMPRopers
ABNR EXTERN:        VDWaals         ELEC       HBONds          ASP         USER
ABNR IMAGES:        IMNBvdw       IMELec       IMHBnd       RXNField    EXTElec
 ----------       ---------    ---------    ---------    ---------    ---------
ABNR>      250   9407.20235    209.19828      1.03139      0.71420
ABNR INTERN>      551.31903   3366.80067   1288.12001   9913.81252     33.74643
ABNR EXTERN>    -1839.03798  -3368.90869      0.00000      0.00000      0.00000
ABNR IMAGES>     -338.16569   -200.48394      0.00000      0.00000      0.00000
 ----------       ---------    ---------    ---------    ---------    ---------
  
 CHARMM>     
  
 CHARMM>    !
 CHARMM>    ! check lipid penetrating into cholesterol rings
 CHARMM>    !
 CHARMM>     
  
 CHARMM>    set nres = ?nres
 RDCMND substituted energy or value "?NRES" to "192"
 Parameter: NRES <- "192"
  
 CHARMM>     
  
 CHARMM>    open write unit 90 card name step4_lipid_checkchol.str
 VOPEN> Attempting to open::step4_lipid_checkchol.str::
 OPNLGU> Unit 90 opened for WRITE access to step4_lipid_checkchol.str
  
 CHARMM>     
  
 CHARMM>    define STEROL sele ( resn CHL1 .or. resn ERG .or. resn DPOP .or. resn SITO .or. resn STIG -
 CHARMM>                     .or. resn CHSD .or. resn CHSP .or. resn CAMP .or. resn GCAMP .or. resn GSITO -
 CHARMM>                     .or. resn GSTIG .or. resn LANO .or. resn PGCAMP .or. resn PGSITO .or. resn PGSTIG -
 CHARMM>                     ) end
 SELRPN>   4144 atoms have been selected out of  22252
  
 CHARMM>     
  
 CHARMM>    !loop for upper-leaflet sterols
 CHARMM>    define XXX sele STEROL .and. segid MEMB .and. type O3 .and. ( prop Z .gt. 0 ) end
 SELRPN>     28 atoms have been selected out of  22252
  
 CHARMM>    set ncholtop = ?nsel
 RDCMND substituted energy or value "?NSEL" to "28"
 Parameter: NCHOLTOP <- "28"
  
 CHARMM>    set i    = ?SELRESI
 RDCMND substituted energy or value "?SELRESI" to "2"
 Parameter: I <- "2"
  
 CHARMM>     
  
 CHARMM>    if ncholtop .gt. 0 then
 Comparing "28" and "0".
 IF test evaluated as true.  Performing command
  
 CHARMM>      set icholtop = 1
 Parameter: ICHOLTOP <- "1"
  
 CHARMM>      label dointer1
  
 CHARMM>        define YYY sele XXX .and. resid @i:@nres end
 Parameter: I -> "2"
 Parameter: NRES -> "192"
 SELRPN>     28 atoms have been selected out of  22252
  
 CHARMM>        set i    = ?SELRESI
 RDCMND substituted energy or value "?SELRESI" to "2"
 Parameter: I <- "2"
  
 CHARMM>        inter select resid @i .and. segid MEMB end
 Parameter: I -> "2"
 SELRPN>     74 atoms have been selected out of  22252
 INTER:  Normal Atom Nonbondselected        1950 from a total of     3546489
 INTER:  Image Nonbond List selected           0 from a total of      466696
INTE ENR:  Eval#     ENERgy      Delta-E         GRMS
INTE INTERN:          BONDs       ANGLes       UREY-b    DIHEdrals    IMPRopers
INTE EXTERN:        VDWaals         ELEC       HBONds          ASP         USER
 ----------       ---------    ---------    ---------    ---------    ---------
INTE>        1     28.37412   9378.82823      0.04941
INTE INTERN>        4.04348     16.23460      2.36354     20.01310      0.00000
INTE EXTERN>        4.92308    -19.20368      0.00000      0.00000      0.00000
 ----------       ---------    ---------    ---------    ---------    ---------
  
 CHARMM>     
  
 CHARMM>        if ?bond .gt. 100 then
 RDCMND substituted energy or value "?BOND" to "4.04347802"
 Comparing "4.04347802" and "100".
 IF test evaluated as false.  Skip to ELSE or ENDIF
  
 CHARMM>     
  
 CHARMM>      increase i by 1
 Parameter: I <- "3"
  
 CHARMM>      increase icholtop by 1
 Parameter: ICHOLTOP <- "2"
  
 CHARMM>      if icholtop .le. @ncholtop goto dointer1
 Parameter: NCHOLTOP -> "28"
 Comparing "2" and "28".
 IF test evaluated as true.  Performing command
  
 CHARMM>        define YYY sele XXX .and. resid @i:@nres end
 Parameter: I -> "3"
 Parameter: NRES -> "192"
 SELRPN>     27 atoms have been selected out of  22252
  
 CHARMM>        set i    = ?SELRESI
 RDCMND substituted energy or value "?SELRESI" to "4"
 Parameter: I <- "4"
  
 CHARMM>        inter select resid @i .and. segid MEMB end
 Parameter: I -> "4"
 SELRPN>     74 atoms have been selected out of  22252
 INTER:  Normal Atom Nonbondselected        1990 from a total of     3546489
 INTER:  Image Nonbond List selected           0 from a total of      466696
INTE ENR:  Eval#     ENERgy      Delta-E         GRMS
INTE INTERN:          BONDs       ANGLes       UREY-b    DIHEdrals    IMPRopers
INTE EXTERN:        VDWaals         ELEC       HBONds          ASP         USER
 ----------       ---------    ---------    ---------    ---------    ---------
INTE>        2     32.51089     -4.13677      0.05544
INTE INTERN>        3.12450     16.12660      2.72358     21.34849      0.00000
INTE EXTERN>        7.82017    -18.63244      0.00000      0.00000      0.00000
 ----------       ---------    ---------    ---------    ---------    ---------
  
 CHARMM>     
  
 CHARMM>        if ?bond .gt. 100 then
 RDCMND substituted energy or value "?BOND" to "3.12449664"
 Comparing "3.12449664" and "100".
 IF test evaluated as false.  Skip to ELSE or ENDIF
  
 CHARMM>     
  
 CHARMM>      increase i by 1
 Parameter: I <- "5"
  
 CHARMM>      increase icholtop by 1
 Parameter: ICHOLTOP <- "3"
  
 CHARMM>      if icholtop .le. @ncholtop goto dointer1
 Parameter: NCHOLTOP -> "28"
 Comparing "3" and "28".
 IF test evaluated as true.  Performing command
  
 CHARMM>        define YYY sele XXX .and. resid @i:@nres end
 Parameter: I -> "5"
 Parameter: NRES -> "192"
 SELRPN>     26 atoms have been selected out of  22252
  
 CHARMM>        set i    = ?SELRESI
 RDCMND substituted energy or value "?SELRESI" to "7"
 Parameter: I <- "7"
  
 CHARMM>        inter select resid @i .and. segid MEMB end
 Parameter: I -> "7"
 SELRPN>     74 atoms have been selected out of  22252
 INTER:  Normal Atom Nonbondselected        1949 from a total of     3546489
 INTER:  Image Nonbond List selected           0 from a total of      466696
INTE ENR:  Eval#     ENERgy      Delta-E         GRMS
INTE INTERN:          BONDs       ANGLes       UREY-b    DIHEdrals    IMPRopers
INTE EXTERN:        VDWaals         ELEC       HBONds          ASP         USER
 ----------       ---------    ---------    ---------    ---------    ---------
INTE>        3     35.43867     -2.92778      0.04821
INTE INTERN>        4.22087     19.71956      3.23779     22.09696      0.00000
INTE EXTERN>        5.02349    -18.86000      0.00000      0.00000      0.00000
 ----------       ---------    ---------    ---------    ---------    ---------
  
 CHARMM>     
  
 CHARMM>        if ?bond .gt. 100 then
 RDCMND substituted energy or value "?BOND" to "4.22086542"
 Comparing "4.22086542" and "100".
 IF test evaluated as false.  Skip to ELSE or ENDIF
  
 CHARMM>     
  
 CHARMM>      increase i by 1
 Parameter: I <- "8"
  
 CHARMM>      increase icholtop by 1
 Parameter: ICHOLTOP <- "4"
  
 CHARMM>      if icholtop .le. @ncholtop goto dointer1
 Parameter: NCHOLTOP -> "28"
 Comparing "4" and "28".
 IF test evaluated as true.  Performing command
  
 CHARMM>        define YYY sele XXX .and. resid @i:@nres end
 Parameter: I -> "8"
 Parameter: NRES -> "192"
 SELRPN>     25 atoms have been selected out of  22252
  
 CHARMM>        set i    = ?SELRESI
 RDCMND substituted energy or value "?SELRESI" to "8"
 Parameter: I <- "8"
  
 CHARMM>        inter select resid @i .and. segid MEMB end
 Parameter: I -> "8"
 SELRPN>     74 atoms have been selected out of  22252
 INTER:  Normal Atom Nonbondselected        1984 from a total of     3546489
 INTER:  Image Nonbond List selected           0 from a total of      466696
INTE ENR:  Eval#     ENERgy      Delta-E         GRMS
INTE INTERN:          BONDs       ANGLes       UREY-b    DIHEdrals    IMPRopers
INTE EXTERN:        VDWaals         ELEC       HBONds          ASP         USER
 ----------       ---------    ---------    ---------    ---------    ---------
INTE>        4     27.19686      8.24181      0.02469
INTE INTERN>        3.63021     15.75814      2.31191     18.54537      0.00000
INTE EXTERN>        5.03639    -18.08516      0.00000      0.00000      0.00000
 ----------       ---------    ---------    ---------    ---------    ---------
  
 CHARMM>     
  
 CHARMM>        if ?bond .gt. 100 then
 RDCMND substituted energy or value "?BOND" to "3.63021308"
 Comparing "3.63021308" and "100".
 IF test evaluated as false.  Skip to ELSE or ENDIF
  
 CHARMM>     
  
 CHARMM>      increase i by 1
 Parameter: I <- "9"
  
 CHARMM>      increase icholtop by 1
 Parameter: ICHOLTOP <- "5"
  
 CHARMM>      if icholtop .le. @ncholtop goto dointer1
 Parameter: NCHOLTOP -> "28"
 Comparing "5" and "28".
 IF test evaluated as true.  Performing command
  
 CHARMM>        define YYY sele XXX .and. resid @i:@nres end
 Parameter: I -> "9"
 Parameter: NRES -> "192"
 SELRPN>     24 atoms have been selected out of  22252
  
 CHARMM>        set i    = ?SELRESI
 RDCMND substituted energy or value "?SELRESI" to "12"
 Parameter: I <- "12"
  
 CHARMM>        inter select resid @i .and. segid MEMB end
 Parameter: I -> "12"
 SELRPN>     74 atoms have been selected out of  22252
 INTER:  Normal Atom Nonbondselected        1995 from a total of     3546489
 INTER:  Image Nonbond List selected           0 from a total of      466696
INTE ENR:  Eval#     ENERgy      Delta-E         GRMS
INTE INTERN:          BONDs       ANGLes       UREY-b    DIHEdrals    IMPRopers
INTE EXTERN:        VDWaals         ELEC       HBONds          ASP         USER
 ----------       ---------    ---------    ---------    ---------    ---------
INTE>        5     32.29609     -5.09922      0.04244
INTE INTERN>        3.48931     16.38660      2.57195     21.29292      0.00000
INTE EXTERN>        7.56904    -19.01374      0.00000      0.00000      0.00000
 ----------       ---------    ---------    ---------    ---------    ---------
  
 CHARMM>     
  
 CHARMM>        if ?bond .gt. 100 then
 RDCMND substituted energy or value "?BOND" to "3.48930898"
 Comparing "3.48930898" and "100".
 IF test evaluated as false.  Skip to ELSE or ENDIF
  
 CHARMM>     
  
 CHARMM>      increase i by 1
 Parameter: I <- "13"
  
 CHARMM>      increase icholtop by 1
 Parameter: ICHOLTOP <- "6"
  
 CHARMM>      if icholtop .le. @ncholtop goto dointer1
 Parameter: NCHOLTOP -> "28"
 Comparing "6" and "28".
 IF test evaluated as true.  Performing command
  
 CHARMM>        define YYY sele XXX .and. resid @i:@nres end
 Parameter: I -> "13"
 Parameter: NRES -> "192"
 SELRPN>     23 atoms have been selected out of  22252
  
 CHARMM>        set i    = ?SELRESI
 RDCMND substituted energy or value "?SELRESI" to "13"
 Parameter: I <- "13"
  
 CHARMM>        inter select resid @i .and. segid MEMB end
 Parameter: I -> "13"
 SELRPN>     74 atoms have been selected out of  22252
 INTER:  Normal Atom Nonbondselected        2019 from a total of     3546489
 INTER:  Image Nonbond List selected           0 from a total of      466696
INTE ENR:  Eval#     ENERgy      Delta-E         GRMS
INTE INTERN:          BONDs       ANGLes       UREY-b    DIHEdrals    IMPRopers
INTE EXTERN:        VDWaals         ELEC       HBONds          ASP         USER
 ----------       ---------    ---------    ---------    ---------    ---------
INTE>        6     46.75508    -14.45900      0.07249
INTE INTERN>        4.79553     20.69710      3.75004     26.90947      0.00000
INTE EXTERN>        9.36418    -18.76124      0.00000      0.00000      0.00000
 ----------       ---------    ---------    ---------    ---------    ---------
  
 CHARMM>     
  
 CHARMM>        if ?bond .gt. 100 then
 RDCMND substituted energy or value "?BOND" to "4.79553191"
 Comparing "4.79553191" and "100".
 IF test evaluated as false.  Skip to ELSE or ENDIF
  
 CHARMM>     
  
 CHARMM>      increase i by 1
 Parameter: I <- "14"
  
 CHARMM>      increase icholtop by 1
 Parameter: ICHOLTOP <- "7"
  
 CHARMM>      if icholtop .le. @ncholtop goto dointer1
 Parameter: NCHOLTOP -> "28"
 Comparing "7" and "28".
 IF test evaluated as true.  Performing command
  
 CHARMM>        define YYY sele XXX .and. resid @i:@nres end
 Parameter: I -> "14"
 Parameter: NRES -> "192"
 SELRPN>     22 atoms have been selected out of  22252
  
 CHARMM>        set i    = ?SELRESI
 RDCMND substituted energy or value "?SELRESI" to "14"
 Parameter: I <- "14"
  
 CHARMM>        inter select resid @i .and. segid MEMB end
 Parameter: I -> "14"
 SELRPN>     74 atoms have been selected out of  22252
 INTER:  Normal Atom Nonbondselected        2039 from a total of     3546489
 INTER:  Image Nonbond List selected           0 from a total of      466696
INTE ENR:  Eval#     ENERgy      Delta-E         GRMS
INTE INTERN:          BONDs       ANGLes       UREY-b    DIHEdrals    IMPRopers
INTE EXTERN:        VDWaals         ELEC       HBONds          ASP         USER
 ----------       ---------    ---------    ---------    ---------    ---------
INTE>        7     36.82613      9.92896      0.05217
INTE INTERN>        3.75260     16.45823      2.77875     23.06203      0.00000
INTE EXTERN>        8.99033    -18.21581      0.00000      0.00000      0.00000
 ----------       ---------    ---------    ---------    ---------    ---------
  
 CHARMM>     
  
 CHARMM>        if ?bond .gt. 100 then
 RDCMND substituted energy or value "?BOND" to "3.75260073"
 Comparing "3.75260073" and "100".
 IF test evaluated as false.  Skip to ELSE or ENDIF
  
 CHARMM>     
  
 CHARMM>      increase i by 1
 Parameter: I <- "15"
  
 CHARMM>      increase icholtop by 1
 Parameter: ICHOLTOP <- "8"
  
 CHARMM>      if icholtop .le. @ncholtop goto dointer1
 Parameter: NCHOLTOP -> "28"
 Comparing "8" and "28".
 IF test evaluated as true.  Performing command
  
 CHARMM>        define YYY sele XXX .and. resid @i:@nres end
 Parameter: I -> "15"
 Parameter: NRES -> "192"
 SELRPN>     21 atoms have been selected out of  22252
  
 CHARMM>        set i    = ?SELRESI
 RDCMND substituted energy or value "?SELRESI" to "16"
 Parameter: I <- "16"
  
 CHARMM>        inter select resid @i .and. segid MEMB end
 Parameter: I -> "16"
 SELRPN>     74 atoms have been selected out of  22252
 INTER:  Normal Atom Nonbondselected        1956 from a total of     3546489
 INTER:  Image Nonbond List selected           0 from a total of      466696
INTE ENR:  Eval#     ENERgy      Delta-E         GRMS
INTE INTERN:          BONDs       ANGLes       UREY-b    DIHEdrals    IMPRopers
INTE EXTERN:        VDWaals         ELEC       HBONds          ASP         USER
 ----------       ---------    ---------    ---------    ---------    ---------
INTE>        8     32.41164      4.41448      0.06521
INTE INTERN>        3.32088     15.98816      2.48551     21.72403      0.00000
INTE EXTERN>        7.05331    -18.16026      0.00000      0.00000      0.00000
 ----------       ---------    ---------    ---------    ---------    ---------
  
 CHARMM>     
  
 CHARMM>        if ?bond .gt. 100 then
 RDCMND substituted energy or value "?BOND" to "3.32088419"
 Comparing "3.32088419" and "100".
 IF test evaluated as false.  Skip to ELSE or ENDIF
  
 CHARMM>     
  
 CHARMM>      increase i by 1
 Parameter: I <- "17"
  
 CHARMM>      increase icholtop by 1
 Parameter: ICHOLTOP <- "9"
  
 CHARMM>      if icholtop .le. @ncholtop goto dointer1
 Parameter: NCHOLTOP -> "28"
 Comparing "9" and "28".
 IF test evaluated as true.  Performing command
  
 CHARMM>        define YYY sele XXX .and. resid @i:@nres end
 Parameter: I -> "17"
 Parameter: NRES -> "192"
 SELRPN>     20 atoms have been selected out of  22252
  
 CHARMM>        set i    = ?SELRESI
 RDCMND substituted energy or value "?SELRESI" to "19"
 Parameter: I <- "19"
  
 CHARMM>        inter select resid @i .and. segid MEMB end
 Parameter: I -> "19"
 SELRPN>     74 atoms have been selected out of  22252
 INTER:  Normal Atom Nonbondselected        1952 from a total of     3546489
 INTER:  Image Nonbond List selected           0 from a total of      466696
INTE ENR:  Eval#     ENERgy      Delta-E         GRMS
INTE INTERN:          BONDs       ANGLes       UREY-b    DIHEdrals    IMPRopers
INTE EXTERN:        VDWaals         ELEC       HBONds          ASP         USER
 ----------       ---------    ---------    ---------    ---------    ---------
INTE>        9     36.30852     -3.89687      0.04062
INTE INTERN>        3.78685     18.69326      2.87614     23.65116      0.00000
INTE EXTERN>        6.28403    -18.98292      0.00000      0.00000      0.00000
 ----------       ---------    ---------    ---------    ---------    ---------
  
 CHARMM>     
  
 CHARMM>        if ?bond .gt. 100 then
 RDCMND substituted energy or value "?BOND" to "3.78684908"
 Comparing "3.78684908" and "100".
 IF test evaluated as false.  Skip to ELSE or ENDIF
  
 CHARMM>     
  
 CHARMM>      increase i by 1
 Parameter: I <- "20"
  
 CHARMM>      increase icholtop by 1
 Parameter: ICHOLTOP <- "10"
  
 CHARMM>      if icholtop .le. @ncholtop goto dointer1
 Parameter: NCHOLTOP -> "28"
 Comparing "10" and "28".
 IF test evaluated as true.  Performing command
  
 CHARMM>        define YYY sele XXX .and. resid @i:@nres end
 Parameter: I -> "20"
 Parameter: NRES -> "192"
 SELRPN>     19 atoms have been selected out of  22252
  
 CHARMM>        set i    = ?SELRESI
 RDCMND substituted energy or value "?SELRESI" to "21"
 Parameter: I <- "21"
  
 CHARMM>        inter select resid @i .and. segid MEMB end
 Parameter: I -> "21"
 SELRPN>     74 atoms have been selected out of  22252
 INTER:  Normal Atom Nonbondselected        1949 from a total of     3546489
 INTER:  Image Nonbond List selected           0 from a total of      466696
INTE ENR:  Eval#     ENERgy      Delta-E         GRMS
INTE INTERN:          BONDs       ANGLes       UREY-b    DIHEdrals    IMPRopers
INTE EXTERN:        VDWaals         ELEC       HBONds          ASP         USER
 ----------       ---------    ---------    ---------    ---------    ---------
INTE>       10     32.30188      4.00663      0.05138
INTE INTERN>        3.43936     16.64644      2.54002     20.54859      0.00000
INTE EXTERN>        7.77694    -18.64946      0.00000      0.00000      0.00000
 ----------       ---------    ---------    ---------    ---------    ---------
  
 CHARMM>     
  
 CHARMM>        if ?bond .gt. 100 then
 RDCMND substituted energy or value "?BOND" to "3.43935608"
 Comparing "3.43935608" and "100".
 IF test evaluated as false.  Skip to ELSE or ENDIF
  
 CHARMM>     
  
 CHARMM>      increase i by 1
 Parameter: I <- "22"
  
 CHARMM>      increase icholtop by 1
 Parameter: ICHOLTOP <- "11"
  
 CHARMM>      if icholtop .le. @ncholtop goto dointer1
 Parameter: NCHOLTOP -> "28"
 Comparing "11" and "28".
 IF test evaluated as true.  Performing command
  
 CHARMM>        define YYY sele XXX .and. resid @i:@nres end
 Parameter: I -> "22"
 Parameter: NRES -> "192"
 SELRPN>     18 atoms have been selected out of  22252
  
 CHARMM>        set i    = ?SELRESI
 RDCMND substituted energy or value "?SELRESI" to "30"
 Parameter: I <- "30"
  
 CHARMM>        inter select resid @i .and. segid MEMB end
 Parameter: I -> "30"
 SELRPN>     74 atoms have been selected out of  22252
 INTER:  Normal Atom Nonbondselected        1975 from a total of     3546489
 INTER:  Image Nonbond List selected           0 from a total of      466696
INTE ENR:  Eval#     ENERgy      Delta-E         GRMS
INTE INTERN:          BONDs       ANGLes       UREY-b    DIHEdrals    IMPRopers
INTE EXTERN:        VDWaals         ELEC       HBONds          ASP         USER
 ----------       ---------    ---------    ---------    ---------    ---------
INTE>       11     31.02116      1.28072      0.03738
INTE INTERN>        4.09946     16.56053      2.50116     21.35658      0.00000
INTE EXTERN>        5.00286    -18.49943      0.00000      0.00000      0.00000
 ----------       ---------    ---------    ---------    ---------    ---------
  
 CHARMM>     
  
 CHARMM>        if ?bond .gt. 100 then
 RDCMND substituted energy or value "?BOND" to "4.0994596"
 Comparing "4.0994596" and "100".
 IF test evaluated as false.  Skip to ELSE or ENDIF
  
 CHARMM>     
  
 CHARMM>      increase i by 1
 Parameter: I <- "31"
  
 CHARMM>      increase icholtop by 1
 Parameter: ICHOLTOP <- "12"
  
 CHARMM>      if icholtop .le. @ncholtop goto dointer1
 Parameter: NCHOLTOP -> "28"
 Comparing "12" and "28".
 IF test evaluated as true.  Performing command
  
 CHARMM>        define YYY sele XXX .and. resid @i:@nres end
 Parameter: I -> "31"
 Parameter: NRES -> "192"
 SELRPN>     17 atoms have been selected out of  22252
  
 CHARMM>        set i    = ?SELRESI
 RDCMND substituted energy or value "?SELRESI" to "33"
 Parameter: I <- "33"
  
 CHARMM>        inter select resid @i .and. segid MEMB end
 Parameter: I -> "33"
 SELRPN>     74 atoms have been selected out of  22252
 INTER:  Normal Atom Nonbondselected        1973 from a total of     3546489
 INTER:  Image Nonbond List selected           0 from a total of      466696
INTE ENR:  Eval#     ENERgy      Delta-E         GRMS
INTE INTERN:          BONDs       ANGLes       UREY-b    DIHEdrals    IMPRopers
INTE EXTERN:        VDWaals         ELEC       HBONds          ASP         USER
 ----------       ---------    ---------    ---------    ---------    ---------
INTE>       12     32.56704     -1.54588      0.04420
INTE INTERN>        3.71780     15.81434      2.46760     20.73084      0.00000
INTE EXTERN>        7.81412    -17.97765      0.00000      0.00000      0.00000
 ----------       ---------    ---------    ---------    ---------    ---------
  
 CHARMM>     
  
 CHARMM>        if ?bond .gt. 100 then
 RDCMND substituted energy or value "?BOND" to "3.71779979"
 Comparing "3.71779979" and "100".
 IF test evaluated as false.  Skip to ELSE or ENDIF
  
 CHARMM>     
  
 CHARMM>      increase i by 1
 Parameter: I <- "34"
  
 CHARMM>      increase icholtop by 1
 Parameter: ICHOLTOP <- "13"
  
 CHARMM>      if icholtop .le. @ncholtop goto dointer1
 Parameter: NCHOLTOP -> "28"
 Comparing "13" and "28".
 IF test evaluated as true.  Performing command
  
 CHARMM>        define YYY sele XXX .and. resid @i:@nres end
 Parameter: I -> "34"
 Parameter: NRES -> "192"
 SELRPN>     16 atoms have been selected out of  22252
  
 CHARMM>        set i    = ?SELRESI
 RDCMND substituted energy or value "?SELRESI" to "35"
 Parameter: I <- "35"
  
 CHARMM>        inter select resid @i .and. segid MEMB end
 Parameter: I -> "35"
 SELRPN>     74 atoms have been selected out of  22252
 INTER:  Normal Atom Nonbondselected        1932 from a total of     3546489
 INTER:  Image Nonbond List selected           0 from a total of      466696
INTE ENR:  Eval#     ENERgy      Delta-E         GRMS
INTE INTERN:          BONDs       ANGLes       UREY-b    DIHEdrals    IMPRopers
INTE EXTERN:        VDWaals         ELEC       HBONds          ASP         USER
 ----------       ---------    ---------    ---------    ---------    ---------
INTE>       13     29.21571      3.35133      0.05833
INTE INTERN>        4.58095     18.27443      2.70787     18.07846      0.00000
INTE EXTERN>        4.56169    -18.98769      0.00000      0.00000      0.00000
 ----------       ---------    ---------    ---------    ---------    ---------
  
 CHARMM>     
  
 CHARMM>        if ?bond .gt. 100 then
 RDCMND substituted energy or value "?BOND" to "4.58095075"
 Comparing "4.58095075" and "100".
 IF test evaluated as false.  Skip to ELSE or ENDIF
  
 CHARMM>     
  
 CHARMM>      increase i by 1
 Parameter: I <- "36"
  
 CHARMM>      increase icholtop by 1
 Parameter: ICHOLTOP <- "14"
  
 CHARMM>      if icholtop .le. @ncholtop goto dointer1
 Parameter: NCHOLTOP -> "28"
 Comparing "14" and "28".
 IF test evaluated as true.  Performing command
  
 CHARMM>        define YYY sele XXX .and. resid @i:@nres end
 Parameter: I -> "36"
 Parameter: NRES -> "192"
 SELRPN>     15 atoms have been selected out of  22252
  
 CHARMM>        set i    = ?SELRESI
 RDCMND substituted energy or value "?SELRESI" to "36"
 Parameter: I <- "36"
  
 CHARMM>        inter select resid @i .and. segid MEMB end
 Parameter: I -> "36"
 SELRPN>     74 atoms have been selected out of  22252
 INTER:  Normal Atom Nonbondselected        2040 from a total of     3546489
 INTER:  Image Nonbond List selected           0 from a total of      466696
INTE ENR:  Eval#     ENERgy      Delta-E         GRMS
INTE INTERN:          BONDs       ANGLes       UREY-b    DIHEdrals    IMPRopers
INTE EXTERN:        VDWaals         ELEC       HBONds          ASP         USER
 ----------       ---------    ---------    ---------    ---------    ---------
INTE>       14     28.20516      1.01055      0.02747
INTE INTERN>        3.49180     17.57997      2.54407     17.83998      0.00000
INTE EXTERN>        5.66131    -18.91197      0.00000      0.00000      0.00000
 ----------       ---------    ---------    ---------    ---------    ---------
  
 CHARMM>     
  
 CHARMM>        if ?bond .gt. 100 then
 RDCMND substituted energy or value "?BOND" to "3.49179903"
 Comparing "3.49179903" and "100".
 IF test evaluated as false.  Skip to ELSE or ENDIF
  
 CHARMM>     
  
 CHARMM>      increase i by 1
 Parameter: I <- "37"
  
 CHARMM>      increase icholtop by 1
 Parameter: ICHOLTOP <- "15"
  
 CHARMM>      if icholtop .le. @ncholtop goto dointer1
 Parameter: NCHOLTOP -> "28"
 Comparing "15" and "28".
 IF test evaluated as true.  Performing command
  
 CHARMM>        define YYY sele XXX .and. resid @i:@nres end
 Parameter: I -> "37"
 Parameter: NRES -> "192"
 SELRPN>     14 atoms have been selected out of  22252
  
 CHARMM>        set i    = ?SELRESI
 RDCMND substituted energy or value "?SELRESI" to "40"
 Parameter: I <- "40"
  
 CHARMM>        inter select resid @i .and. segid MEMB end
 Parameter: I -> "40"
 SELRPN>     74 atoms have been selected out of  22252
 INTER:  Normal Atom Nonbondselected        1957 from a total of     3546489
 INTER:  Image Nonbond List selected           0 from a total of      466696
INTE ENR:  Eval#     ENERgy      Delta-E         GRMS
INTE INTERN:          BONDs       ANGLes       UREY-b    DIHEdrals    IMPRopers
INTE EXTERN:        VDWaals         ELEC       HBONds          ASP         USER
 ----------       ---------    ---------    ---------    ---------    ---------
INTE>       15     28.71142     -0.50626      0.02486
INTE INTERN>        2.95817     16.07289      2.47616     18.50393      0.00000
INTE EXTERN>        7.22605    -18.52579      0.00000      0.00000      0.00000
 ----------       ---------    ---------    ---------    ---------    ---------
  
 CHARMM>     
  
 CHARMM>        if ?bond .gt. 100 then
 RDCMND substituted energy or value "?BOND" to "2.95816991"
 Comparing "2.95816991" and "100".
 IF test evaluated as false.  Skip to ELSE or ENDIF
  
 CHARMM>     
  
 CHARMM>      increase i by 1
 Parameter: I <- "41"
  
 CHARMM>      increase icholtop by 1
 Parameter: ICHOLTOP <- "16"
  
 CHARMM>      if icholtop .le. @ncholtop goto dointer1
 Parameter: NCHOLTOP -> "28"
 Comparing "16" and "28".
 IF test evaluated as true.  Performing command
  
 CHARMM>        define YYY sele XXX .and. resid @i:@nres end
 Parameter: I -> "41"
 Parameter: NRES -> "192"
 SELRPN>     13 atoms have been selected out of  22252
  
 CHARMM>        set i    = ?SELRESI
 RDCMND substituted energy or value "?SELRESI" to "48"
 Parameter: I <- "48"
  
 CHARMM>        inter select resid @i .and. segid MEMB end
 Parameter: I -> "48"
 SELRPN>     74 atoms have been selected out of  22252
 INTER:  Normal Atom Nonbondselected        2110 from a total of     3546489
 INTER:  Image Nonbond List selected           0 from a total of      466696
INTE ENR:  Eval#     ENERgy      Delta-E         GRMS
INTE INTERN:          BONDs       ANGLes       UREY-b    DIHEdrals    IMPRopers
INTE EXTERN:        VDWaals         ELEC       HBONds          ASP         USER
 ----------       ---------    ---------    ---------    ---------    ---------
INTE>       16     29.79649     -1.08507      0.04720
INTE INTERN>        2.96268     17.52234      2.60655     20.01122      0.00000
INTE EXTERN>        5.59378    -18.90008      0.00000      0.00000      0.00000
 ----------       ---------    ---------    ---------    ---------    ---------
  
 CHARMM>     
  
 CHARMM>        if ?bond .gt. 100 then
 RDCMND substituted energy or value "?BOND" to "2.96267586"
 Comparing "2.96267586" and "100".
 IF test evaluated as false.  Skip to ELSE or ENDIF
  
 CHARMM>     
  
 CHARMM>      increase i by 1
 Parameter: I <- "49"
  
 CHARMM>      increase icholtop by 1
 Parameter: ICHOLTOP <- "17"
  
 CHARMM>      if icholtop .le. @ncholtop goto dointer1
 Parameter: NCHOLTOP -> "28"
 Comparing "17" and "28".
 IF test evaluated as true.  Performing command
  
 CHARMM>        define YYY sele XXX .and. resid @i:@nres end
 Parameter: I -> "49"
 Parameter: NRES -> "192"
 SELRPN>     12 atoms have been selected out of  22252
  
 CHARMM>        set i    = ?SELRESI
 RDCMND substituted energy or value "?SELRESI" to "50"
 Parameter: I <- "50"
  
 CHARMM>        inter select resid @i .and. segid MEMB end
 Parameter: I -> "50"
 SELRPN>     74 atoms have been selected out of  22252
 INTER:  Normal Atom Nonbondselected        1949 from a total of     3546489
 INTER:  Image Nonbond List selected           0 from a total of      466696
INTE ENR:  Eval#     ENERgy      Delta-E         GRMS
INTE INTERN:          BONDs       ANGLes       UREY-b    DIHEdrals    IMPRopers
INTE EXTERN:        VDWaals         ELEC       HBONds          ASP         USER
 ----------       ---------    ---------    ---------    ---------    ---------
INTE>       17     38.82674     -9.03025      0.14653
INTE INTERN>        3.95938     17.55255      2.77489     24.79051      0.00000
INTE EXTERN>        8.77813    -19.02873      0.00000      0.00000      0.00000
 ----------       ---------    ---------    ---------    ---------    ---------
  
 CHARMM>     
  
 CHARMM>        if ?bond .gt. 100 then
 RDCMND substituted energy or value "?BOND" to "3.95937864"
 Comparing "3.95937864" and "100".
 IF test evaluated as false.  Skip to ELSE or ENDIF
  
 CHARMM>     
  
 CHARMM>      increase i by 1
 Parameter: I <- "51"
  
 CHARMM>      increase icholtop by 1
 Parameter: ICHOLTOP <- "18"
  
 CHARMM>      if icholtop .le. @ncholtop goto dointer1
 Parameter: NCHOLTOP -> "28"
 Comparing "18" and "28".
 IF test evaluated as true.  Performing command
  
 CHARMM>        define YYY sele XXX .and. resid @i:@nres end
 Parameter: I -> "51"
 Parameter: NRES -> "192"
 SELRPN>     11 atoms have been selected out of  22252
  
 CHARMM>        set i    = ?SELRESI
 RDCMND substituted energy or value "?SELRESI" to "52"
 Parameter: I <- "52"
  
 CHARMM>        inter select resid @i .and. segid MEMB end
 Parameter: I -> "52"
 SELRPN>     74 atoms have been selected out of  22252
 INTER:  Normal Atom Nonbondselected        1961 from a total of     3546489
 INTER:  Image Nonbond List selected           0 from a total of      466696
INTE ENR:  Eval#     ENERgy      Delta-E         GRMS
INTE INTERN:          BONDs       ANGLes       UREY-b    DIHEdrals    IMPRopers
INTE EXTERN:        VDWaals         ELEC       HBONds          ASP         USER
 ----------       ---------    ---------    ---------    ---------    ---------
INTE>       18     31.93528      6.89146      0.05910
INTE INTERN>        3.95846     20.32071      2.85188     20.28327      0.00000
INTE EXTERN>        4.04659    -19.52562      0.00000      0.00000      0.00000
 ----------       ---------    ---------    ---------    ---------    ---------
  
 CHARMM>     
  
 CHARMM>        if ?bond .gt. 100 then
 RDCMND substituted energy or value "?BOND" to "3.95845742"
 Comparing "3.95845742" and "100".
 IF test evaluated as false.  Skip to ELSE or ENDIF
  
 CHARMM>     
  
 CHARMM>      increase i by 1
 Parameter: I <- "53"
  
 CHARMM>      increase icholtop by 1
 Parameter: ICHOLTOP <- "19"
  
 CHARMM>      if icholtop .le. @ncholtop goto dointer1
 Parameter: NCHOLTOP -> "28"
 Comparing "19" and "28".
 IF test evaluated as true.  Performing command
  
 CHARMM>        define YYY sele XXX .and. resid @i:@nres end
 Parameter: I -> "53"
 Parameter: NRES -> "192"
 SELRPN>     10 atoms have been selected out of  22252
  
 CHARMM>        set i    = ?SELRESI
 RDCMND substituted energy or value "?SELRESI" to "59"
 Parameter: I <- "59"
  
 CHARMM>        inter select resid @i .and. segid MEMB end
 Parameter: I -> "59"
 SELRPN>     74 atoms have been selected out of  22252
 INTER:  Normal Atom Nonbondselected        1933 from a total of     3546489
 INTER:  Image Nonbond List selected           0 from a total of      466696
INTE ENR:  Eval#     ENERgy      Delta-E         GRMS
INTE INTERN:          BONDs       ANGLes       UREY-b    DIHEdrals    IMPRopers
INTE EXTERN:        VDWaals         ELEC       HBONds          ASP         USER
 ----------       ---------    ---------    ---------    ---------    ---------
INTE>       19     30.68304      1.25224      0.05880
INTE INTERN>        4.19247     16.87811      2.56397     19.01520      0.00000
INTE EXTERN>        6.96073    -18.92743      0.00000      0.00000      0.00000
 ----------       ---------    ---------    ---------    ---------    ---------
  
 CHARMM>     
  
 CHARMM>        if ?bond .gt. 100 then
 RDCMND substituted energy or value "?BOND" to "4.19246855"
 Comparing "4.19246855" and "100".
 IF test evaluated as false.  Skip to ELSE or ENDIF
  
 CHARMM>     
  
 CHARMM>      increase i by 1
 Parameter: I <- "60"
  
 CHARMM>      increase icholtop by 1
 Parameter: ICHOLTOP <- "20"
  
 CHARMM>      if icholtop .le. @ncholtop goto dointer1
 Parameter: NCHOLTOP -> "28"
 Comparing "20" and "28".
 IF test evaluated as true.  Performing command
  
 CHARMM>        define YYY sele XXX .and. resid @i:@nres end
 Parameter: I -> "60"
 Parameter: NRES -> "192"
 SELRPN>      9 atoms have been selected out of  22252
  
 CHARMM>        set i    = ?SELRESI
 RDCMND substituted energy or value "?SELRESI" to "60"
 Parameter: I <- "60"
  
 CHARMM>        inter select resid @i .and. segid MEMB end
 Parameter: I -> "60"
 SELRPN>     74 atoms have been selected out of  22252
 INTER:  Normal Atom Nonbondselected        1974 from a total of     3546489
 INTER:  Image Nonbond List selected           0 from a total of      466696
INTE ENR:  Eval#     ENERgy      Delta-E         GRMS
INTE INTERN:          BONDs       ANGLes       UREY-b    DIHEdrals    IMPRopers
INTE EXTERN:        VDWaals         ELEC       HBONds          ASP         USER
 ----------       ---------    ---------    ---------    ---------    ---------
INTE>       20     32.07776     -1.39472      0.10573
INTE INTERN>        2.40408     17.88125      2.85817     18.93861      0.00000
INTE EXTERN>        8.86156    -18.86590      0.00000      0.00000      0.00000
 ----------       ---------    ---------    ---------    ---------    ---------
  
 CHARMM>     
  
 CHARMM>        if ?bond .gt. 100 then
 RDCMND substituted energy or value "?BOND" to "2.40407662"
 Comparing "2.40407662" and "100".
 IF test evaluated as false.  Skip to ELSE or ENDIF
  
 CHARMM>     
  
 CHARMM>      increase i by 1
 Parameter: I <- "61"
  
 CHARMM>      increase icholtop by 1
 Parameter: ICHOLTOP <- "21"
  
 CHARMM>      if icholtop .le. @ncholtop goto dointer1
 Parameter: NCHOLTOP -> "28"
 Comparing "21" and "28".
 IF test evaluated as true.  Performing command
  
 CHARMM>        define YYY sele XXX .and. resid @i:@nres end
 Parameter: I -> "61"
 Parameter: NRES -> "192"
 SELRPN>      8 atoms have been selected out of  22252
  
 CHARMM>        set i    = ?SELRESI
 RDCMND substituted energy or value "?SELRESI" to "61"
 Parameter: I <- "61"
  
 CHARMM>        inter select resid @i .and. segid MEMB end
 Parameter: I -> "61"
 SELRPN>     74 atoms have been selected out of  22252
 INTER:  Normal Atom Nonbondselected        1926 from a total of     3546489
 INTER:  Image Nonbond List selected           0 from a total of      466696
INTE ENR:  Eval#     ENERgy      Delta-E         GRMS
INTE INTERN:          BONDs       ANGLes       UREY-b    DIHEdrals    IMPRopers
INTE EXTERN:        VDWaals         ELEC       HBONds          ASP         USER
 ----------       ---------    ---------    ---------    ---------    ---------
INTE>       21     33.35031     -1.27254      0.06637
INTE INTERN>        4.51550     16.91515      2.68161     21.89000      0.00000
INTE EXTERN>        6.17643    -18.82838      0.00000      0.00000      0.00000
 ----------       ---------    ---------    ---------    ---------    ---------
  
 CHARMM>     
  
 CHARMM>        if ?bond .gt. 100 then
 RDCMND substituted energy or value "?BOND" to "4.51549561"
 Comparing "4.51549561" and "100".
 IF test evaluated as false.  Skip to ELSE or ENDIF
  
 CHARMM>     
  
 CHARMM>      increase i by 1
 Parameter: I <- "62"
  
 CHARMM>      increase icholtop by 1
 Parameter: ICHOLTOP <- "22"
  
 CHARMM>      if icholtop .le. @ncholtop goto dointer1
 Parameter: NCHOLTOP -> "28"
 Comparing "22" and "28".
 IF test evaluated as true.  Performing command
  
 CHARMM>        define YYY sele XXX .and. resid @i:@nres end
 Parameter: I -> "62"
 Parameter: NRES -> "192"
 SELRPN>      7 atoms have been selected out of  22252
  
 CHARMM>        set i    = ?SELRESI
 RDCMND substituted energy or value "?SELRESI" to "62"
 Parameter: I <- "62"
  
 CHARMM>        inter select resid @i .and. segid MEMB end
 Parameter: I -> "62"
 SELRPN>     74 atoms have been selected out of  22252
 INTER:  Normal Atom Nonbondselected        1952 from a total of     3546489
 INTER:  Image Nonbond List selected           0 from a total of      466696
INTE ENR:  Eval#     ENERgy      Delta-E         GRMS
INTE INTERN:          BONDs       ANGLes       UREY-b    DIHEdrals    IMPRopers
INTE EXTERN:        VDWaals         ELEC       HBONds          ASP         USER
 ----------       ---------    ---------    ---------    ---------    ---------
INTE>       22     36.06712     -2.71682      0.04114
INTE INTERN>        3.63708     16.37582      2.80644     22.39520      0.00000
INTE EXTERN>        9.30950    -18.45691      0.00000      0.00000      0.00000
 ----------       ---------    ---------    ---------    ---------    ---------
  
 CHARMM>     
  
 CHARMM>        if ?bond .gt. 100 then
 RDCMND substituted energy or value "?BOND" to "3.637075"
 Comparing "3.637075" and "100".
 IF test evaluated as false.  Skip to ELSE or ENDIF
  
 CHARMM>     
  
 CHARMM>      increase i by 1
 Parameter: I <- "63"
  
 CHARMM>      increase icholtop by 1
 Parameter: ICHOLTOP <- "23"
  
 CHARMM>      if icholtop .le. @ncholtop goto dointer1
 Parameter: NCHOLTOP -> "28"
 Comparing "23" and "28".
 IF test evaluated as true.  Performing command
  
 CHARMM>        define YYY sele XXX .and. resid @i:@nres end
 Parameter: I -> "63"
 Parameter: NRES -> "192"
 SELRPN>      6 atoms have been selected out of  22252
  
 CHARMM>        set i    = ?SELRESI
 RDCMND substituted energy or value "?SELRESI" to "64"
 Parameter: I <- "64"
  
 CHARMM>        inter select resid @i .and. segid MEMB end
 Parameter: I -> "64"
 SELRPN>     74 atoms have been selected out of  22252
 INTER:  Normal Atom Nonbondselected        1937 from a total of     3546489
 INTER:  Image Nonbond List selected           0 from a total of      466696
INTE ENR:  Eval#     ENERgy      Delta-E         GRMS
INTE INTERN:          BONDs       ANGLes       UREY-b    DIHEdrals    IMPRopers
INTE EXTERN:        VDWaals         ELEC       HBONds          ASP         USER
 ----------       ---------    ---------    ---------    ---------    ---------
INTE>       23     38.29204     -2.22491      0.07480
INTE INTERN>        3.32399     18.49670      2.89302     24.86541      0.00000
INTE EXTERN>        7.07986    -18.36694      0.00000      0.00000      0.00000
 ----------       ---------    ---------    ---------    ---------    ---------
  
 CHARMM>     
  
 CHARMM>        if ?bond .gt. 100 then
 RDCMND substituted energy or value "?BOND" to "3.32399436"
 Comparing "3.32399436" and "100".
 IF test evaluated as false.  Skip to ELSE or ENDIF
  
 CHARMM>     
  
 CHARMM>      increase i by 1
 Parameter: I <- "65"
  
 CHARMM>      increase icholtop by 1
 Parameter: ICHOLTOP <- "24"
  
 CHARMM>      if icholtop .le. @ncholtop goto dointer1
 Parameter: NCHOLTOP -> "28"
 Comparing "24" and "28".
 IF test evaluated as true.  Performing command
  
 CHARMM>        define YYY sele XXX .and. resid @i:@nres end
 Parameter: I -> "65"
 Parameter: NRES -> "192"
 SELRPN>      5 atoms have been selected out of  22252
  
 CHARMM>        set i    = ?SELRESI
 RDCMND substituted energy or value "?SELRESI" to "76"
 Parameter: I <- "76"
  
 CHARMM>        inter select resid @i .and. segid MEMB end
 Parameter: I -> "76"
 SELRPN>     74 atoms have been selected out of  22252
 INTER:  Normal Atom Nonbondselected        1997 from a total of     3546489
 INTER:  Image Nonbond List selected           0 from a total of      466696
INTE ENR:  Eval#     ENERgy      Delta-E         GRMS
INTE INTERN:          BONDs       ANGLes       UREY-b    DIHEdrals    IMPRopers
INTE EXTERN:        VDWaals         ELEC       HBONds          ASP         USER
 ----------       ---------    ---------    ---------    ---------    ---------
INTE>       24     37.29129      1.00074      0.05689
INTE INTERN>        3.27051     21.13675      3.12743     20.59743      0.00000
INTE EXTERN>        6.71638    -17.55721      0.00000      0.00000      0.00000
 ----------       ---------    ---------    ---------    ---------    ---------
  
 CHARMM>     
  
 CHARMM>        if ?bond .gt. 100 then
 RDCMND substituted energy or value "?BOND" to "3.27051138"
 Comparing "3.27051138" and "100".
 IF test evaluated as false.  Skip to ELSE or ENDIF
  
 CHARMM>     
  
 CHARMM>      increase i by 1
 Parameter: I <- "77"
  
 CHARMM>      increase icholtop by 1
 Parameter: ICHOLTOP <- "25"
  
 CHARMM>      if icholtop .le. @ncholtop goto dointer1
 Parameter: NCHOLTOP -> "28"
 Comparing "25" and "28".
 IF test evaluated as true.  Performing command
  
 CHARMM>        define YYY sele XXX .and. resid @i:@nres end
 Parameter: I -> "77"
 Parameter: NRES -> "192"
 SELRPN>      4 atoms have been selected out of  22252
  
 CHARMM>        set i    = ?SELRESI
 RDCMND substituted energy or value "?SELRESI" to "81"
 Parameter: I <- "81"
  
 CHARMM>        inter select resid @i .and. segid MEMB end
 Parameter: I -> "81"
 SELRPN>     74 atoms have been selected out of  22252
 INTER:  Normal Atom Nonbondselected        1989 from a total of     3546489
 INTER:  Image Nonbond List selected           0 from a total of      466696
INTE ENR:  Eval#     ENERgy      Delta-E         GRMS
INTE INTERN:          BONDs       ANGLes       UREY-b    DIHEdrals    IMPRopers
INTE EXTERN:        VDWaals         ELEC       HBONds          ASP         USER
 ----------       ---------    ---------    ---------    ---------    ---------
INTE>       25     36.60327      0.68802      0.08584
INTE INTERN>        3.16481     17.15652      2.74443     24.07103      0.00000
INTE EXTERN>        7.49993    -18.03345      0.00000      0.00000      0.00000
 ----------       ---------    ---------    ---------    ---------    ---------
  
 CHARMM>     
  
 CHARMM>        if ?bond .gt. 100 then
 RDCMND substituted energy or value "?BOND" to "3.16480943"
 Comparing "3.16480943" and "100".
 IF test evaluated as false.  Skip to ELSE or ENDIF
  
 CHARMM>     
  
 CHARMM>      increase i by 1
 Parameter: I <- "82"
  
 CHARMM>      increase icholtop by 1
 Parameter: ICHOLTOP <- "26"
  
 CHARMM>      if icholtop .le. @ncholtop goto dointer1
 Parameter: NCHOLTOP -> "28"
 Comparing "26" and "28".
 IF test evaluated as true.  Performing command
  
 CHARMM>        define YYY sele XXX .and. resid @i:@nres end
 Parameter: I -> "82"
 Parameter: NRES -> "192"
 SELRPN>      3 atoms have been selected out of  22252
  
 CHARMM>        set i    = ?SELRESI
 RDCMND substituted energy or value "?SELRESI" to "86"
 Parameter: I <- "86"
  
 CHARMM>        inter select resid @i .and. segid MEMB end
 Parameter: I -> "86"
 SELRPN>     74 atoms have been selected out of  22252
 INTER:  Normal Atom Nonbondselected        1960 from a total of     3546489
 INTER:  Image Nonbond List selected           0 from a total of      466696
INTE ENR:  Eval#     ENERgy      Delta-E         GRMS
INTE INTERN:          BONDs       ANGLes       UREY-b    DIHEdrals    IMPRopers
INTE EXTERN:        VDWaals         ELEC       HBONds          ASP         USER
 ----------       ---------    ---------    ---------    ---------    ---------
INTE>       26     33.58834      3.01493      0.06520
INTE INTERN>        2.94491     17.98834      3.06143     20.79868      0.00000
INTE EXTERN>        7.84469    -19.04970      0.00000      0.00000      0.00000
 ----------       ---------    ---------    ---------    ---------    ---------
  
 CHARMM>     
  
 CHARMM>        if ?bond .gt. 100 then
 RDCMND substituted energy or value "?BOND" to "2.94490509"
 Comparing "2.94490509" and "100".
 IF test evaluated as false.  Skip to ELSE or ENDIF
  
 CHARMM>     
  
 CHARMM>      increase i by 1
 Parameter: I <- "87"
  
 CHARMM>      increase icholtop by 1
 Parameter: ICHOLTOP <- "27"
  
 CHARMM>      if icholtop .le. @ncholtop goto dointer1
 Parameter: NCHOLTOP -> "28"
 Comparing "27" and "28".
 IF test evaluated as true.  Performing command
  
 CHARMM>        define YYY sele XXX .and. resid @i:@nres end
 Parameter: I -> "87"
 Parameter: NRES -> "192"
 SELRPN>      2 atoms have been selected out of  22252
  
 CHARMM>        set i    = ?SELRESI
 RDCMND substituted energy or value "?SELRESI" to "88"
 Parameter: I <- "88"
  
 CHARMM>        inter select resid @i .and. segid MEMB end
 Parameter: I -> "88"
 SELRPN>     74 atoms have been selected out of  22252
 INTER:  Normal Atom Nonbondselected        1976 from a total of     3546489
 INTER:  Image Nonbond List selected           0 from a total of      466696
INTE ENR:  Eval#     ENERgy      Delta-E         GRMS
INTE INTERN:          BONDs       ANGLes       UREY-b    DIHEdrals    IMPRopers
INTE EXTERN:        VDWaals         ELEC       HBONds          ASP         USER
 ----------       ---------    ---------    ---------    ---------    ---------
INTE>       27     35.99122     -2.40287      0.06339
INTE INTERN>        3.35127     16.73771      2.69612     21.84306      0.00000
INTE EXTERN>        9.72272    -18.35966      0.00000      0.00000      0.00000
 ----------       ---------    ---------    ---------    ---------    ---------
  
 CHARMM>     
  
 CHARMM>        if ?bond .gt. 100 then
 RDCMND substituted energy or value "?BOND" to "3.35127208"
 Comparing "3.35127208" and "100".
 IF test evaluated as false.  Skip to ELSE or ENDIF
  
 CHARMM>     
  
 CHARMM>      increase i by 1
 Parameter: I <- "89"
  
 CHARMM>      increase icholtop by 1
 Parameter: ICHOLTOP <- "28"
  
 CHARMM>      if icholtop .le. @ncholtop goto dointer1
 Parameter: NCHOLTOP -> "28"
 Comparing "28" and "28".
 IF test evaluated as true.  Performing command
  
 CHARMM>        define YYY sele XXX .and. resid @i:@nres end
 Parameter: I -> "89"
 Parameter: NRES -> "192"
 SELRPN>      1 atoms have been selected out of  22252
  
 CHARMM>        set i    = ?SELRESI
 RDCMND substituted energy or value "?SELRESI" to "93"
 Parameter: I <- "93"
  
 CHARMM>        inter select resid @i .and. segid MEMB end
 Parameter: I -> "93"
 SELRPN>     74 atoms have been selected out of  22252
 INTER:  Normal Atom Nonbondselected        1956 from a total of     3546489
 INTER:  Image Nonbond List selected           0 from a total of      466696
INTE ENR:  Eval#     ENERgy      Delta-E         GRMS
INTE INTERN:          BONDs       ANGLes       UREY-b    DIHEdrals    IMPRopers
INTE EXTERN:        VDWaals         ELEC       HBONds          ASP         USER
 ----------       ---------    ---------    ---------    ---------    ---------
INTE>       28     39.12553     -3.13432      0.09095
INTE INTERN>        3.08305     17.95268      2.92716     26.47492      0.00000
INTE EXTERN>        8.04273    -19.35501      0.00000      0.00000      0.00000
 ----------       ---------    ---------    ---------    ---------    ---------
  
 CHARMM>     
  
 CHARMM>        if ?bond .gt. 100 then
 RDCMND substituted energy or value "?BOND" to "3.08305277"
 Comparing "3.08305277" and "100".
 IF test evaluated as false.  Skip to ELSE or ENDIF
  
 CHARMM>     
  
 CHARMM>      increase i by 1
 Parameter: I <- "94"
  
 CHARMM>      increase icholtop by 1
 Parameter: ICHOLTOP <- "29"
  
 CHARMM>      if icholtop .le. @ncholtop goto dointer1
 Parameter: NCHOLTOP -> "28"
 Comparing "29" and "28".
 IF test evaluated as false.  Skipping command
  
 CHARMM>    endif
  
 CHARMM>     
  
 CHARMM>    !loop for bottom-leaflet sterols
 CHARMM>    define XXX sele STEROL .and. segid MEMB .and. type O3 .and. ( prop Z .lt. 0 ) end
 SELRPN>     28 atoms have been selected out of  22252
  
 CHARMM>    set ncholbot = ?nsel
 RDCMND substituted energy or value "?NSEL" to "28"
 Parameter: NCHOLBOT <- "28"
  
 CHARMM>    set i    = ?SELRESI
 RDCMND substituted energy or value "?SELRESI" to "97"
 Parameter: I <- "97"
  
 CHARMM>     
  
 CHARMM>    if ncholbot .gt. 0 then
 Comparing "28" and "0".
 IF test evaluated as true.  Performing command
  
 CHARMM>      set icholbot = 1
 Parameter: ICHOLBOT <- "1"
  
 CHARMM>      label dointer2
  
 CHARMM>        define YYY sele XXX .and. resid @i:@nres end
 Parameter: I -> "97"
 Parameter: NRES -> "192"
 SELRPN>     28 atoms have been selected out of  22252
  
 CHARMM>        set i    = ?SELRESI
 RDCMND substituted energy or value "?SELRESI" to "97"
 Parameter: I <- "97"
  
 CHARMM>        inter select resid @i .and. segid MEMB end
 Parameter: I -> "97"
 SELRPN>     74 atoms have been selected out of  22252
 INTER:  Normal Atom Nonbondselected        1961 from a total of     3546489
 INTER:  Image Nonbond List selected           0 from a total of      466696
INTE ENR:  Eval#     ENERgy      Delta-E         GRMS
INTE INTERN:          BONDs       ANGLes       UREY-b    DIHEdrals    IMPRopers
INTE EXTERN:        VDWaals         ELEC       HBONds          ASP         USER
 ----------       ---------    ---------    ---------    ---------    ---------
INTE>       29     36.86500      2.26053      0.10347
INTE INTERN>        3.07870     20.62085      3.61970     20.08692      0.00000
INTE EXTERN>        7.49622    -18.03739      0.00000      0.00000      0.00000
 ----------       ---------    ---------    ---------    ---------    ---------
  
 CHARMM>     
  
 CHARMM>        if ?bond .gt. 100 then
 RDCMND substituted energy or value "?BOND" to "3.07870058"
 Comparing "3.07870058" and "100".
 IF test evaluated as false.  Skip to ELSE or ENDIF
  
 CHARMM>     
  
 CHARMM>      increase i by 1
 Parameter: I <- "98"
  
 CHARMM>      increase icholbot by 1
 Parameter: ICHOLBOT <- "2"
  
 CHARMM>      if icholbot .le. @ncholbot goto dointer2
 Parameter: NCHOLBOT -> "28"
 Comparing "2" and "28".
 IF test evaluated as true.  Performing command
  
 CHARMM>        define YYY sele XXX .and. resid @i:@nres end
 Parameter: I -> "98"
 Parameter: NRES -> "192"
 SELRPN>     27 atoms have been selected out of  22252
  
 CHARMM>        set i    = ?SELRESI
 RDCMND substituted energy or value "?SELRESI" to "101"
 Parameter: I <- "101"
  
 CHARMM>        inter select resid @i .and. segid MEMB end
 Parameter: I -> "101"
 SELRPN>     74 atoms have been selected out of  22252
 INTER:  Normal Atom Nonbondselected        1972 from a total of     3546489
 INTER:  Image Nonbond List selected           0 from a total of      466696
INTE ENR:  Eval#     ENERgy      Delta-E         GRMS
INTE INTERN:          BONDs       ANGLes       UREY-b    DIHEdrals    IMPRopers
INTE EXTERN:        VDWaals         ELEC       HBONds          ASP         USER
 ----------       ---------    ---------    ---------    ---------    ---------
INTE>       30     34.96568      1.89932      0.05684
INTE INTERN>        3.39840     17.83891      2.92323     22.09034      0.00000
INTE EXTERN>        7.61047    -18.89566      0.00000      0.00000      0.00000
 ----------       ---------    ---------    ---------    ---------    ---------
  
 CHARMM>     
  
 CHARMM>        if ?bond .gt. 100 then
 RDCMND substituted energy or value "?BOND" to "3.39839869"
 Comparing "3.39839869" and "100".
 IF test evaluated as false.  Skip to ELSE or ENDIF
  
 CHARMM>     
  
 CHARMM>      increase i by 1
 Parameter: I <- "102"
  
 CHARMM>      increase icholbot by 1
 Parameter: ICHOLBOT <- "3"
  
 CHARMM>      if icholbot .le. @ncholbot goto dointer2
 Parameter: NCHOLBOT -> "28"
 Comparing "3" and "28".
 IF test evaluated as true.  Performing command
  
 CHARMM>        define YYY sele XXX .and. resid @i:@nres end
 Parameter: I -> "102"
 Parameter: NRES -> "192"
 SELRPN>     26 atoms have been selected out of  22252
  
 CHARMM>        set i    = ?SELRESI
 RDCMND substituted energy or value "?SELRESI" to "102"
 Parameter: I <- "102"
  
 CHARMM>        inter select resid @i .and. segid MEMB end
 Parameter: I -> "102"
 SELRPN>     74 atoms have been selected out of  22252
 INTER:  Normal Atom Nonbondselected        1944 from a total of     3546489
 INTER:  Image Nonbond List selected           0 from a total of      466696
INTE ENR:  Eval#     ENERgy      Delta-E         GRMS
INTE INTERN:          BONDs       ANGLes       UREY-b    DIHEdrals    IMPRopers
INTE EXTERN:        VDWaals         ELEC       HBONds          ASP         USER
 ----------       ---------    ---------    ---------    ---------    ---------
INTE>       31     31.40054      3.56514      0.06573
INTE INTERN>        3.61629     19.13453      2.88572     17.97565      0.00000
INTE EXTERN>        5.82417    -18.03582      0.00000      0.00000      0.00000
 ----------       ---------    ---------    ---------    ---------    ---------
  
 CHARMM>     
  
 CHARMM>        if ?bond .gt. 100 then
 RDCMND substituted energy or value "?BOND" to "3.61629132"
 Comparing "3.61629132" and "100".
 IF test evaluated as false.  Skip to ELSE or ENDIF
  
 CHARMM>     
  
 CHARMM>      increase i by 1
 Parameter: I <- "103"
  
 CHARMM>      increase icholbot by 1
 Parameter: ICHOLBOT <- "4"
  
 CHARMM>      if icholbot .le. @ncholbot goto dointer2
 Parameter: NCHOLBOT -> "28"
 Comparing "4" and "28".
 IF test evaluated as true.  Performing command
  
 CHARMM>        define YYY sele XXX .and. resid @i:@nres end
 Parameter: I -> "103"
 Parameter: NRES -> "192"
 SELRPN>     25 atoms have been selected out of  22252
  
 CHARMM>        set i    = ?SELRESI
 RDCMND substituted energy or value "?SELRESI" to "110"
 Parameter: I <- "110"
  
 CHARMM>        inter select resid @i .and. segid MEMB end
 Parameter: I -> "110"
 SELRPN>     74 atoms have been selected out of  22252
 INTER:  Normal Atom Nonbondselected        1942 from a total of     3546489
 INTER:  Image Nonbond List selected           0 from a total of      466696
INTE ENR:  Eval#     ENERgy      Delta-E         GRMS
INTE INTERN:          BONDs       ANGLes       UREY-b    DIHEdrals    IMPRopers
INTE EXTERN:        VDWaals         ELEC       HBONds          ASP         USER
 ----------       ---------    ---------    ---------    ---------    ---------
INTE>       32     36.66773     -5.26719      0.09093
INTE INTERN>        5.15303     18.21297      2.99470     18.77640      0.00000
INTE EXTERN>       10.10046    -18.56984      0.00000      0.00000      0.00000
 ----------       ---------    ---------    ---------    ---------    ---------
  
 CHARMM>     
  
 CHARMM>        if ?bond .gt. 100 then
 RDCMND substituted energy or value "?BOND" to "5.15303085"
 Comparing "5.15303085" and "100".
 IF test evaluated as false.  Skip to ELSE or ENDIF
  
 CHARMM>     
  
 CHARMM>      increase i by 1
 Parameter: I <- "111"
  
 CHARMM>      increase icholbot by 1
 Parameter: ICHOLBOT <- "5"
  
 CHARMM>      if icholbot .le. @ncholbot goto dointer2
 Parameter: NCHOLBOT -> "28"
 Comparing "5" and "28".
 IF test evaluated as true.  Performing command
  
 CHARMM>        define YYY sele XXX .and. resid @i:@nres end
 Parameter: I -> "111"
 Parameter: NRES -> "192"
 SELRPN>     24 atoms have been selected out of  22252
  
 CHARMM>        set i    = ?SELRESI
 RDCMND substituted energy or value "?SELRESI" to "111"
 Parameter: I <- "111"
  
 CHARMM>        inter select resid @i .and. segid MEMB end
 Parameter: I -> "111"
 SELRPN>     74 atoms have been selected out of  22252
 INTER:  Normal Atom Nonbondselected        1940 from a total of     3546489
 INTER:  Image Nonbond List selected           0 from a total of      466696
INTE ENR:  Eval#     ENERgy      Delta-E         GRMS
INTE INTERN:          BONDs       ANGLes       UREY-b    DIHEdrals    IMPRopers
INTE EXTERN:        VDWaals         ELEC       HBONds          ASP         USER
 ----------       ---------    ---------    ---------    ---------    ---------
INTE>       33     31.19853      5.46920      0.06376
INTE INTERN>        3.53779     16.23049      2.47463     20.75222      0.00000
INTE EXTERN>        6.47785    -18.27445      0.00000      0.00000      0.00000
 ----------       ---------    ---------    ---------    ---------    ---------
  
 CHARMM>     
  
 CHARMM>        if ?bond .gt. 100 then
 RDCMND substituted energy or value "?BOND" to "3.53778685"
 Comparing "3.53778685" and "100".
 IF test evaluated as false.  Skip to ELSE or ENDIF
  
 CHARMM>     
  
 CHARMM>      increase i by 1
 Parameter: I <- "112"
  
 CHARMM>      increase icholbot by 1
 Parameter: ICHOLBOT <- "6"
  
 CHARMM>      if icholbot .le. @ncholbot goto dointer2
 Parameter: NCHOLBOT -> "28"
 Comparing "6" and "28".
 IF test evaluated as true.  Performing command
  
 CHARMM>        define YYY sele XXX .and. resid @i:@nres end
 Parameter: I -> "112"
 Parameter: NRES -> "192"
 SELRPN>     23 atoms have been selected out of  22252
  
 CHARMM>        set i    = ?SELRESI
 RDCMND substituted energy or value "?SELRESI" to "120"
 Parameter: I <- "120"
  
 CHARMM>        inter select resid @i .and. segid MEMB end
 Parameter: I -> "120"
 SELRPN>     74 atoms have been selected out of  22252
 INTER:  Normal Atom Nonbondselected        1998 from a total of     3546489
 INTER:  Image Nonbond List selected           0 from a total of      466696
INTE ENR:  Eval#     ENERgy      Delta-E         GRMS
INTE INTERN:          BONDs       ANGLes       UREY-b    DIHEdrals    IMPRopers
INTE EXTERN:        VDWaals         ELEC       HBONds          ASP         USER
 ----------       ---------    ---------    ---------    ---------    ---------
INTE>       34     32.83826     -1.63973      0.06713
INTE INTERN>        3.77007     18.28616      2.85747     19.53232      0.00000
INTE EXTERN>        5.76800    -17.37576      0.00000      0.00000      0.00000
 ----------       ---------    ---------    ---------    ---------    ---------
  
 CHARMM>     
  
 CHARMM>        if ?bond .gt. 100 then
 RDCMND substituted energy or value "?BOND" to "3.77007218"
 Comparing "3.77007218" and "100".
 IF test evaluated as false.  Skip to ELSE or ENDIF
  
 CHARMM>     
  
 CHARMM>      increase i by 1
 Parameter: I <- "121"
  
 CHARMM>      increase icholbot by 1
 Parameter: ICHOLBOT <- "7"
  
 CHARMM>      if icholbot .le. @ncholbot goto dointer2
 Parameter: NCHOLBOT -> "28"
 Comparing "7" and "28".
 IF test evaluated as true.  Performing command
  
 CHARMM>        define YYY sele XXX .and. resid @i:@nres end
 Parameter: I -> "121"
 Parameter: NRES -> "192"
 SELRPN>     22 atoms have been selected out of  22252
  
 CHARMM>        set i    = ?SELRESI
 RDCMND substituted energy or value "?SELRESI" to "126"
 Parameter: I <- "126"
  
 CHARMM>        inter select resid @i .and. segid MEMB end
 Parameter: I -> "126"
 SELRPN>     74 atoms have been selected out of  22252
 INTER:  Normal Atom Nonbondselected        1946 from a total of     3546489
 INTER:  Image Nonbond List selected           0 from a total of      466696
INTE ENR:  Eval#     ENERgy      Delta-E         GRMS
INTE INTERN:          BONDs       ANGLes       UREY-b    DIHEdrals    IMPRopers
INTE EXTERN:        VDWaals         ELEC       HBONds          ASP         USER
 ----------       ---------    ---------    ---------    ---------    ---------
INTE>       35     28.55457      4.28369      0.04336
INTE INTERN>        3.68055     14.98214      2.29092     19.21916      0.00000
INTE EXTERN>        6.45486    -18.07306      0.00000      0.00000      0.00000
 ----------       ---------    ---------    ---------    ---------    ---------
  
 CHARMM>     
  
 CHARMM>        if ?bond .gt. 100 then
 RDCMND substituted energy or value "?BOND" to "3.68054834"
 Comparing "3.68054834" and "100".
 IF test evaluated as false.  Skip to ELSE or ENDIF
  
 CHARMM>     
  
 CHARMM>      increase i by 1
 Parameter: I <- "127"
  
 CHARMM>      increase icholbot by 1
 Parameter: ICHOLBOT <- "8"
  
 CHARMM>      if icholbot .le. @ncholbot goto dointer2
 Parameter: NCHOLBOT -> "28"
 Comparing "8" and "28".
 IF test evaluated as true.  Performing command
  
 CHARMM>        define YYY sele XXX .and. resid @i:@nres end
 Parameter: I -> "127"
 Parameter: NRES -> "192"
 SELRPN>     21 atoms have been selected out of  22252
  
 CHARMM>        set i    = ?SELRESI
 RDCMND substituted energy or value "?SELRESI" to "128"
 Parameter: I <- "128"
  
 CHARMM>        inter select resid @i .and. segid MEMB end
 Parameter: I -> "128"
 SELRPN>     74 atoms have been selected out of  22252
 INTER:  Normal Atom Nonbondselected        2048 from a total of     3546489
 INTER:  Image Nonbond List selected           0 from a total of      466696
INTE ENR:  Eval#     ENERgy      Delta-E         GRMS
INTE INTERN:          BONDs       ANGLes       UREY-b    DIHEdrals    IMPRopers
INTE EXTERN:        VDWaals         ELEC       HBONds          ASP         USER
 ----------       ---------    ---------    ---------    ---------    ---------
INTE>       36     38.82222    -10.26766      0.11326
INTE INTERN>        4.42613     18.10333      3.03859     24.41752      0.00000
INTE EXTERN>        7.39477    -18.55811      0.00000      0.00000      0.00000
 ----------       ---------    ---------    ---------    ---------    ---------
  
 CHARMM>     
  
 CHARMM>        if ?bond .gt. 100 then
 RDCMND substituted energy or value "?BOND" to "4.42612541"
 Comparing "4.42612541" and "100".
 IF test evaluated as false.  Skip to ELSE or ENDIF
  
 CHARMM>     
  
 CHARMM>      increase i by 1
 Parameter: I <- "129"
  
 CHARMM>      increase icholbot by 1
 Parameter: ICHOLBOT <- "9"
  
 CHARMM>      if icholbot .le. @ncholbot goto dointer2
 Parameter: NCHOLBOT -> "28"
 Comparing "9" and "28".
 IF test evaluated as true.  Performing command
  
 CHARMM>        define YYY sele XXX .and. resid @i:@nres end
 Parameter: I -> "129"
 Parameter: NRES -> "192"
 SELRPN>     20 atoms have been selected out of  22252
  
 CHARMM>        set i    = ?SELRESI
 RDCMND substituted energy or value "?SELRESI" to "132"
 Parameter: I <- "132"
  
 CHARMM>        inter select resid @i .and. segid MEMB end
 Parameter: I -> "132"
 SELRPN>     74 atoms have been selected out of  22252
 INTER:  Normal Atom Nonbondselected        1941 from a total of     3546489
 INTER:  Image Nonbond List selected           0 from a total of      466696
INTE ENR:  Eval#     ENERgy      Delta-E         GRMS
INTE INTERN:          BONDs       ANGLes       UREY-b    DIHEdrals    IMPRopers
INTE EXTERN:        VDWaals         ELEC       HBONds          ASP         USER
 ----------       ---------    ---------    ---------    ---------    ---------
INTE>       37     30.79973      8.02249      0.04319
INTE INTERN>        3.43749     18.20283      2.79092     19.23336      0.00000
INTE EXTERN>        6.02874    -18.89360      0.00000      0.00000      0.00000
 ----------       ---------    ---------    ---------    ---------    ---------
  
 CHARMM>     
  
 CHARMM>        if ?bond .gt. 100 then
 RDCMND substituted energy or value "?BOND" to "3.4374852"
 Comparing "3.4374852" and "100".
 IF test evaluated as false.  Skip to ELSE or ENDIF
  
 CHARMM>     
  
 CHARMM>      increase i by 1
 Parameter: I <- "133"
  
 CHARMM>      increase icholbot by 1
 Parameter: ICHOLBOT <- "10"
  
 CHARMM>      if icholbot .le. @ncholbot goto dointer2
 Parameter: NCHOLBOT -> "28"
 Comparing "10" and "28".
 IF test evaluated as true.  Performing command
  
 CHARMM>        define YYY sele XXX .and. resid @i:@nres end
 Parameter: I -> "133"
 Parameter: NRES -> "192"
 SELRPN>     19 atoms have been selected out of  22252
  
 CHARMM>        set i    = ?SELRESI
 RDCMND substituted energy or value "?SELRESI" to "139"
 Parameter: I <- "139"
  
 CHARMM>        inter select resid @i .and. segid MEMB end
 Parameter: I -> "139"
 SELRPN>     74 atoms have been selected out of  22252
 INTER:  Normal Atom Nonbondselected        2183 from a total of     3546489
 INTER:  Image Nonbond List selected           0 from a total of      466696
INTE ENR:  Eval#     ENERgy      Delta-E         GRMS
INTE INTERN:          BONDs       ANGLes       UREY-b    DIHEdrals    IMPRopers
INTE EXTERN:        VDWaals         ELEC       HBONds          ASP         USER
 ----------       ---------    ---------    ---------    ---------    ---------
INTE>       38     43.09405    -12.29432      0.07573
INTE INTERN>        3.16124     20.73693      3.32988     23.21696      0.00000
INTE EXTERN>       10.98007    -18.33103      0.00000      0.00000      0.00000
 ----------       ---------    ---------    ---------    ---------    ---------
  
 CHARMM>     
  
 CHARMM>        if ?bond .gt. 100 then
 RDCMND substituted energy or value "?BOND" to "3.16124308"
 Comparing "3.16124308" and "100".
 IF test evaluated as false.  Skip to ELSE or ENDIF
  
 CHARMM>     
  
 CHARMM>      increase i by 1
 Parameter: I <- "140"
  
 CHARMM>      increase icholbot by 1
 Parameter: ICHOLBOT <- "11"
  
 CHARMM>      if icholbot .le. @ncholbot goto dointer2
 Parameter: NCHOLBOT -> "28"
 Comparing "11" and "28".
 IF test evaluated as true.  Performing command
  
 CHARMM>        define YYY sele XXX .and. resid @i:@nres end
 Parameter: I -> "140"
 Parameter: NRES -> "192"
 SELRPN>     18 atoms have been selected out of  22252
  
 CHARMM>        set i    = ?SELRESI
 RDCMND substituted energy or value "?SELRESI" to "144"
 Parameter: I <- "144"
  
 CHARMM>        inter select resid @i .and. segid MEMB end
 Parameter: I -> "144"
 SELRPN>     74 atoms have been selected out of  22252
 INTER:  Normal Atom Nonbondselected        1921 from a total of     3546489
 INTER:  Image Nonbond List selected           0 from a total of      466696
INTE ENR:  Eval#     ENERgy      Delta-E         GRMS
INTE INTERN:          BONDs       ANGLes       UREY-b    DIHEdrals    IMPRopers
INTE EXTERN:        VDWaals         ELEC       HBONds          ASP         USER
 ----------       ---------    ---------    ---------    ---------    ---------
INTE>       39     36.92519      6.16886      0.07832
INTE INTERN>        4.09578     20.87329      3.20994     21.62129      0.00000
INTE EXTERN>        5.17200    -18.04710      0.00000      0.00000      0.00000
 ----------       ---------    ---------    ---------    ---------    ---------
  
 CHARMM>     
  
 CHARMM>        if ?bond .gt. 100 then
 RDCMND substituted energy or value "?BOND" to "4.09577832"
 Comparing "4.09577832" and "100".
 IF test evaluated as false.  Skip to ELSE or ENDIF
  
 CHARMM>     
  
 CHARMM>      increase i by 1
 Parameter: I <- "145"
  
 CHARMM>      increase icholbot by 1
 Parameter: ICHOLBOT <- "12"
  
 CHARMM>      if icholbot .le. @ncholbot goto dointer2
 Parameter: NCHOLBOT -> "28"
 Comparing "12" and "28".
 IF test evaluated as true.  Performing command
  
 CHARMM>        define YYY sele XXX .and. resid @i:@nres end
 Parameter: I -> "145"
 Parameter: NRES -> "192"
 SELRPN>     17 atoms have been selected out of  22252
  
 CHARMM>        set i    = ?SELRESI
 RDCMND substituted energy or value "?SELRESI" to "145"
 Parameter: I <- "145"
  
 CHARMM>        inter select resid @i .and. segid MEMB end
 Parameter: I -> "145"
 SELRPN>     74 atoms have been selected out of  22252
 INTER:  Normal Atom Nonbondselected        2001 from a total of     3546489
 INTER:  Image Nonbond List selected           0 from a total of      466696
INTE ENR:  Eval#     ENERgy      Delta-E         GRMS
INTE INTERN:          BONDs       ANGLes       UREY-b    DIHEdrals    IMPRopers
INTE EXTERN:        VDWaals         ELEC       HBONds          ASP         USER
 ----------       ---------    ---------    ---------    ---------    ---------
INTE>       40     33.54748      3.37771      0.07842
INTE INTERN>        3.67055     18.35260      2.69069     20.65404      0.00000
INTE EXTERN>        6.56284    -18.38323      0.00000      0.00000      0.00000
 ----------       ---------    ---------    ---------    ---------    ---------
  
 CHARMM>     
  
 CHARMM>        if ?bond .gt. 100 then
 RDCMND substituted energy or value "?BOND" to "3.6705472"
 Comparing "3.6705472" and "100".
 IF test evaluated as false.  Skip to ELSE or ENDIF
  
 CHARMM>     
  
 CHARMM>      increase i by 1
 Parameter: I <- "146"
  
 CHARMM>      increase icholbot by 1
 Parameter: ICHOLBOT <- "13"
  
 CHARMM>      if icholbot .le. @ncholbot goto dointer2
 Parameter: NCHOLBOT -> "28"
 Comparing "13" and "28".
 IF test evaluated as true.  Performing command
  
 CHARMM>        define YYY sele XXX .and. resid @i:@nres end
 Parameter: I -> "146"
 Parameter: NRES -> "192"
 SELRPN>     16 atoms have been selected out of  22252
  
 CHARMM>        set i    = ?SELRESI
 RDCMND substituted energy or value "?SELRESI" to "146"
 Parameter: I <- "146"
  
 CHARMM>        inter select resid @i .and. segid MEMB end
 Parameter: I -> "146"
 SELRPN>     74 atoms have been selected out of  22252
 INTER:  Normal Atom Nonbondselected        1948 from a total of     3546489
 INTER:  Image Nonbond List selected           0 from a total of      466696
INTE ENR:  Eval#     ENERgy      Delta-E         GRMS
INTE INTERN:          BONDs       ANGLes       UREY-b    DIHEdrals    IMPRopers
INTE EXTERN:        VDWaals         ELEC       HBONds          ASP         USER
 ----------       ---------    ---------    ---------    ---------    ---------
INTE>       41     39.01786     -5.47038      0.17156
INTE INTERN>        3.74220     20.41072      2.89341     23.40089      0.00000
INTE EXTERN>        6.60490    -18.03425      0.00000      0.00000      0.00000
 ----------       ---------    ---------    ---------    ---------    ---------
  
 CHARMM>     
  
 CHARMM>        if ?bond .gt. 100 then
 RDCMND substituted energy or value "?BOND" to "3.74219568"
 Comparing "3.74219568" and "100".
 IF test evaluated as false.  Skip to ELSE or ENDIF
  
 CHARMM>     
  
 CHARMM>      increase i by 1
 Parameter: I <- "147"
  
 CHARMM>      increase icholbot by 1
 Parameter: ICHOLBOT <- "14"
  
 CHARMM>      if icholbot .le. @ncholbot goto dointer2
 Parameter: NCHOLBOT -> "28"
 Comparing "14" and "28".
 IF test evaluated as true.  Performing command
  
 CHARMM>        define YYY sele XXX .and. resid @i:@nres end
 Parameter: I -> "147"
 Parameter: NRES -> "192"
 SELRPN>     15 atoms have been selected out of  22252
  
 CHARMM>        set i    = ?SELRESI
 RDCMND substituted energy or value "?SELRESI" to "147"
 Parameter: I <- "147"
  
 CHARMM>        inter select resid @i .and. segid MEMB end
 Parameter: I -> "147"
 SELRPN>     74 atoms have been selected out of  22252
 INTER:  Normal Atom Nonbondselected        1978 from a total of     3546489
 INTER:  Image Nonbond List selected           0 from a total of      466696
INTE ENR:  Eval#     ENERgy      Delta-E         GRMS
INTE INTERN:          BONDs       ANGLes       UREY-b    DIHEdrals    IMPRopers
INTE EXTERN:        VDWaals         ELEC       HBONds          ASP         USER
 ----------       ---------    ---------    ---------    ---------    ---------
INTE>       42     42.80950     -3.79163      0.08723
INTE INTERN>        6.04353     18.32660      2.98818     23.85845      0.00000
INTE EXTERN>        9.69701    -18.10426      0.00000      0.00000      0.00000
 ----------       ---------    ---------    ---------    ---------    ---------
  
 CHARMM>     
  
 CHARMM>        if ?bond .gt. 100 then
 RDCMND substituted energy or value "?BOND" to "6.04352587"
 Comparing "6.04352587" and "100".
 IF test evaluated as false.  Skip to ELSE or ENDIF
  
 CHARMM>     
  
 CHARMM>      increase i by 1
 Parameter: I <- "148"
  
 CHARMM>      increase icholbot by 1
 Parameter: ICHOLBOT <- "15"
  
 CHARMM>      if icholbot .le. @ncholbot goto dointer2
 Parameter: NCHOLBOT -> "28"
 Comparing "15" and "28".
 IF test evaluated as true.  Performing command
  
 CHARMM>        define YYY sele XXX .and. resid @i:@nres end
 Parameter: I -> "148"
 Parameter: NRES -> "192"
 SELRPN>     14 atoms have been selected out of  22252
  
 CHARMM>        set i    = ?SELRESI
 RDCMND substituted energy or value "?SELRESI" to "149"
 Parameter: I <- "149"
  
 CHARMM>        inter select resid @i .and. segid MEMB end
 Parameter: I -> "149"
 SELRPN>     74 atoms have been selected out of  22252
 INTER:  Normal Atom Nonbondselected        1939 from a total of     3546489
 INTER:  Image Nonbond List selected           0 from a total of      466696
INTE ENR:  Eval#     ENERgy      Delta-E         GRMS
INTE INTERN:          BONDs       ANGLes       UREY-b    DIHEdrals    IMPRopers
INTE EXTERN:        VDWaals         ELEC       HBONds          ASP         USER
 ----------       ---------    ---------    ---------    ---------    ---------
INTE>       43     33.63172      9.17778      0.07202
INTE INTERN>        4.37711     16.97585      2.74342     20.74975      0.00000
INTE EXTERN>        6.67324    -17.88765      0.00000      0.00000      0.00000
 ----------       ---------    ---------    ---------    ---------    ---------
  
 CHARMM>     
  
 CHARMM>        if ?bond .gt. 100 then
 RDCMND substituted energy or value "?BOND" to "4.37711276"
 Comparing "4.37711276" and "100".
 IF test evaluated as false.  Skip to ELSE or ENDIF
  
 CHARMM>     
  
 CHARMM>      increase i by 1
 Parameter: I <- "150"
  
 CHARMM>      increase icholbot by 1
 Parameter: ICHOLBOT <- "16"
  
 CHARMM>      if icholbot .le. @ncholbot goto dointer2
 Parameter: NCHOLBOT -> "28"
 Comparing "16" and "28".
 IF test evaluated as true.  Performing command
  
 CHARMM>        define YYY sele XXX .and. resid @i:@nres end
 Parameter: I -> "150"
 Parameter: NRES -> "192"
 SELRPN>     13 atoms have been selected out of  22252
  
 CHARMM>        set i    = ?SELRESI
 RDCMND substituted energy or value "?SELRESI" to "160"
 Parameter: I <- "160"
  
 CHARMM>        inter select resid @i .and. segid MEMB end
 Parameter: I -> "160"
 SELRPN>     74 atoms have been selected out of  22252
 INTER:  Normal Atom Nonbondselected        1958 from a total of     3546489
 INTER:  Image Nonbond List selected           0 from a total of      466696
INTE ENR:  Eval#     ENERgy      Delta-E         GRMS
INTE INTERN:          BONDs       ANGLes       UREY-b    DIHEdrals    IMPRopers
INTE EXTERN:        VDWaals         ELEC       HBONds          ASP         USER
 ----------       ---------    ---------    ---------    ---------    ---------
INTE>       44     30.27066      3.36106      0.04427
INTE INTERN>        3.01673     16.05346      2.55404     20.73209      0.00000
INTE EXTERN>        6.25040    -18.33606      0.00000      0.00000      0.00000
 ----------       ---------    ---------    ---------    ---------    ---------
  
 CHARMM>     
  
 CHARMM>        if ?bond .gt. 100 then
 RDCMND substituted energy or value "?BOND" to "3.01672516"
 Comparing "3.01672516" and "100".
 IF test evaluated as false.  Skip to ELSE or ENDIF
  
 CHARMM>     
  
 CHARMM>      increase i by 1
 Parameter: I <- "161"
  
 CHARMM>      increase icholbot by 1
 Parameter: ICHOLBOT <- "17"
  
 CHARMM>      if icholbot .le. @ncholbot goto dointer2
 Parameter: NCHOLBOT -> "28"
 Comparing "17" and "28".
 IF test evaluated as true.  Performing command
  
 CHARMM>        define YYY sele XXX .and. resid @i:@nres end
 Parameter: I -> "161"
 Parameter: NRES -> "192"
 SELRPN>     12 atoms have been selected out of  22252
  
 CHARMM>        set i    = ?SELRESI
 RDCMND substituted energy or value "?SELRESI" to "162"
 Parameter: I <- "162"
  
 CHARMM>        inter select resid @i .and. segid MEMB end
 Parameter: I -> "162"
 SELRPN>     74 atoms have been selected out of  22252
 INTER:  Normal Atom Nonbondselected        1953 from a total of     3546489
 INTER:  Image Nonbond List selected           0 from a total of      466696
INTE ENR:  Eval#     ENERgy      Delta-E         GRMS
INTE INTERN:          BONDs       ANGLes       UREY-b    DIHEdrals    IMPRopers
INTE EXTERN:        VDWaals         ELEC       HBONds          ASP         USER
 ----------       ---------    ---------    ---------    ---------    ---------
INTE>       45     42.29448    -12.02383      0.07968
INTE INTERN>        3.79108     19.72418      3.57084     23.98350      0.00000
INTE EXTERN>        9.42244    -18.19754      0.00000      0.00000      0.00000
 ----------       ---------    ---------    ---------    ---------    ---------
  
 CHARMM>     
  
 CHARMM>        if ?bond .gt. 100 then
 RDCMND substituted energy or value "?BOND" to "3.79107536"
 Comparing "3.79107536" and "100".
 IF test evaluated as false.  Skip to ELSE or ENDIF
  
 CHARMM>     
  
 CHARMM>      increase i by 1
 Parameter: I <- "163"
  
 CHARMM>      increase icholbot by 1
 Parameter: ICHOLBOT <- "18"
  
 CHARMM>      if icholbot .le. @ncholbot goto dointer2
 Parameter: NCHOLBOT -> "28"
 Comparing "18" and "28".
 IF test evaluated as true.  Performing command
  
 CHARMM>        define YYY sele XXX .and. resid @i:@nres end
 Parameter: I -> "163"
 Parameter: NRES -> "192"
 SELRPN>     11 atoms have been selected out of  22252
  
 CHARMM>        set i    = ?SELRESI
 RDCMND substituted energy or value "?SELRESI" to "164"
 Parameter: I <- "164"
  
 CHARMM>        inter select resid @i .and. segid MEMB end
 Parameter: I -> "164"
 SELRPN>     74 atoms have been selected out of  22252
 INTER:  Normal Atom Nonbondselected        1959 from a total of     3546489
 INTER:  Image Nonbond List selected           0 from a total of      466696
INTE ENR:  Eval#     ENERgy      Delta-E         GRMS
INTE INTERN:          BONDs       ANGLes       UREY-b    DIHEdrals    IMPRopers
INTE EXTERN:        VDWaals         ELEC       HBONds          ASP         USER
 ----------       ---------    ---------    ---------    ---------    ---------
INTE>       46     30.94741     11.34708      0.03964
INTE INTERN>        3.60823     17.34370      2.68406     19.34250      0.00000
INTE EXTERN>        6.14339    -18.17447      0.00000      0.00000      0.00000
 ----------       ---------    ---------    ---------    ---------    ---------
  
 CHARMM>     
  
 CHARMM>        if ?bond .gt. 100 then
 RDCMND substituted energy or value "?BOND" to "3.60822614"
 Comparing "3.60822614" and "100".
 IF test evaluated as false.  Skip to ELSE or ENDIF
  
 CHARMM>     
  
 CHARMM>      increase i by 1
 Parameter: I <- "165"
  
 CHARMM>      increase icholbot by 1
 Parameter: ICHOLBOT <- "19"
  
 CHARMM>      if icholbot .le. @ncholbot goto dointer2
 Parameter: NCHOLBOT -> "28"
 Comparing "19" and "28".
 IF test evaluated as true.  Performing command
  
 CHARMM>        define YYY sele XXX .and. resid @i:@nres end
 Parameter: I -> "165"
 Parameter: NRES -> "192"
 SELRPN>     10 atoms have been selected out of  22252
  
 CHARMM>        set i    = ?SELRESI
 RDCMND substituted energy or value "?SELRESI" to "170"
 Parameter: I <- "170"
  
 CHARMM>        inter select resid @i .and. segid MEMB end
 Parameter: I -> "170"
 SELRPN>     74 atoms have been selected out of  22252
 INTER:  Normal Atom Nonbondselected        1944 from a total of     3546489
 INTER:  Image Nonbond List selected           0 from a total of      466696
INTE ENR:  Eval#     ENERgy      Delta-E         GRMS
INTE INTERN:          BONDs       ANGLes       UREY-b    DIHEdrals    IMPRopers
INTE EXTERN:        VDWaals         ELEC       HBONds          ASP         USER
 ----------       ---------    ---------    ---------    ---------    ---------
INTE>       47     31.17607     -0.22866      0.05285
INTE INTERN>        3.85724     17.71050      2.67934     19.65625      0.00000
INTE EXTERN>        5.48294    -18.21021      0.00000      0.00000      0.00000
 ----------       ---------    ---------    ---------    ---------    ---------
  
 CHARMM>     
  
 CHARMM>        if ?bond .gt. 100 then
 RDCMND substituted energy or value "?BOND" to "3.857236"
 Comparing "3.857236" and "100".
 IF test evaluated as false.  Skip to ELSE or ENDIF
  
 CHARMM>     
  
 CHARMM>      increase i by 1
 Parameter: I <- "171"
  
 CHARMM>      increase icholbot by 1
 Parameter: ICHOLBOT <- "20"
  
 CHARMM>      if icholbot .le. @ncholbot goto dointer2
 Parameter: NCHOLBOT -> "28"
 Comparing "20" and "28".
 IF test evaluated as true.  Performing command
  
 CHARMM>        define YYY sele XXX .and. resid @i:@nres end
 Parameter: I -> "171"
 Parameter: NRES -> "192"
 SELRPN>      9 atoms have been selected out of  22252
  
 CHARMM>        set i    = ?SELRESI
 RDCMND substituted energy or value "?SELRESI" to "171"
 Parameter: I <- "171"
  
 CHARMM>        inter select resid @i .and. segid MEMB end
 Parameter: I -> "171"
 SELRPN>     74 atoms have been selected out of  22252
 INTER:  Normal Atom Nonbondselected        2003 from a total of     3546489
 INTER:  Image Nonbond List selected           0 from a total of      466696
INTE ENR:  Eval#     ENERgy      Delta-E         GRMS
INTE INTERN:          BONDs       ANGLes       UREY-b    DIHEdrals    IMPRopers
INTE EXTERN:        VDWaals         ELEC       HBONds          ASP         USER
 ----------       ---------    ---------    ---------    ---------    ---------
INTE>       48     34.10998     -2.93391      0.06730
INTE INTERN>        2.84099     18.62808      3.08092     20.49038      0.00000
INTE EXTERN>        7.01319    -17.94358      0.00000      0.00000      0.00000
 ----------       ---------    ---------    ---------    ---------    ---------
  
 CHARMM>     
  
 CHARMM>        if ?bond .gt. 100 then
 RDCMND substituted energy or value "?BOND" to "2.84098861"
 Comparing "2.84098861" and "100".
 IF test evaluated as false.  Skip to ELSE or ENDIF
  
 CHARMM>     
  
 CHARMM>      increase i by 1
 Parameter: I <- "172"
  
 CHARMM>      increase icholbot by 1
 Parameter: ICHOLBOT <- "21"
  
 CHARMM>      if icholbot .le. @ncholbot goto dointer2
 Parameter: NCHOLBOT -> "28"
 Comparing "21" and "28".
 IF test evaluated as true.  Performing command
  
 CHARMM>        define YYY sele XXX .and. resid @i:@nres end
 Parameter: I -> "172"
 Parameter: NRES -> "192"
 SELRPN>      8 atoms have been selected out of  22252
  
 CHARMM>        set i    = ?SELRESI
 RDCMND substituted energy or value "?SELRESI" to "173"
 Parameter: I <- "173"
  
 CHARMM>        inter select resid @i .and. segid MEMB end
 Parameter: I -> "173"
 SELRPN>     74 atoms have been selected out of  22252
 INTER:  Normal Atom Nonbondselected        1967 from a total of     3546489
 INTER:  Image Nonbond List selected           0 from a total of      466696
INTE ENR:  Eval#     ENERgy      Delta-E         GRMS
INTE INTERN:          BONDs       ANGLes       UREY-b    DIHEdrals    IMPRopers
INTE EXTERN:        VDWaals         ELEC       HBONds          ASP         USER
 ----------       ---------    ---------    ---------    ---------    ---------
INTE>       49     33.59195      0.51803      0.07836
INTE INTERN>        3.78316     18.30979      2.96195     20.48599      0.00000
INTE EXTERN>        6.34315    -18.29208      0.00000      0.00000      0.00000
 ----------       ---------    ---------    ---------    ---------    ---------
  
 CHARMM>     
  
 CHARMM>        if ?bond .gt. 100 then
 RDCMND substituted energy or value "?BOND" to "3.78315799"
 Comparing "3.78315799" and "100".
 IF test evaluated as false.  Skip to ELSE or ENDIF
  
 CHARMM>     
  
 CHARMM>      increase i by 1
 Parameter: I <- "174"
  
 CHARMM>      increase icholbot by 1
 Parameter: ICHOLBOT <- "22"
  
 CHARMM>      if icholbot .le. @ncholbot goto dointer2
 Parameter: NCHOLBOT -> "28"
 Comparing "22" and "28".
 IF test evaluated as true.  Performing command
  
 CHARMM>        define YYY sele XXX .and. resid @i:@nres end
 Parameter: I -> "174"
 Parameter: NRES -> "192"
 SELRPN>      7 atoms have been selected out of  22252
  
 CHARMM>        set i    = ?SELRESI
 RDCMND substituted energy or value "?SELRESI" to "175"
 Parameter: I <- "175"
  
 CHARMM>        inter select resid @i .and. segid MEMB end
 Parameter: I -> "175"
 SELRPN>     74 atoms have been selected out of  22252
 INTER:  Normal Atom Nonbondselected        1933 from a total of     3546489
 INTER:  Image Nonbond List selected           0 from a total of      466696
INTE ENR:  Eval#     ENERgy      Delta-E         GRMS
INTE INTERN:          BONDs       ANGLes       UREY-b    DIHEdrals    IMPRopers
INTE EXTERN:        VDWaals         ELEC       HBONds          ASP         USER
 ----------       ---------    ---------    ---------    ---------    ---------
INTE>       50     35.91539     -2.32344      0.05946
INTE INTERN>        3.81342     19.05558      3.17471     22.34993      0.00000
INTE EXTERN>        5.98760    -18.46586      0.00000      0.00000      0.00000
 ----------       ---------    ---------    ---------    ---------    ---------
  
 CHARMM>     
  
 CHARMM>        if ?bond .gt. 100 then
 RDCMND substituted energy or value "?BOND" to "3.81342369"
 Comparing "3.81342369" and "100".
 IF test evaluated as false.  Skip to ELSE or ENDIF
  
 CHARMM>     
  
 CHARMM>      increase i by 1
 Parameter: I <- "176"
  
 CHARMM>      increase icholbot by 1
 Parameter: ICHOLBOT <- "23"
  
 CHARMM>      if icholbot .le. @ncholbot goto dointer2
 Parameter: NCHOLBOT -> "28"
 Comparing "23" and "28".
 IF test evaluated as true.  Performing command
  
 CHARMM>        define YYY sele XXX .and. resid @i:@nres end
 Parameter: I -> "176"
 Parameter: NRES -> "192"
 SELRPN>      6 atoms have been selected out of  22252
  
 CHARMM>        set i    = ?SELRESI
 RDCMND substituted energy or value "?SELRESI" to "176"
 Parameter: I <- "176"
  
 CHARMM>        inter select resid @i .and. segid MEMB end
 Parameter: I -> "176"
 SELRPN>     74 atoms have been selected out of  22252
 INTER:  Normal Atom Nonbondselected        1976 from a total of     3546489
 INTER:  Image Nonbond List selected           0 from a total of      466696
INTE ENR:  Eval#     ENERgy      Delta-E         GRMS
INTE INTERN:          BONDs       ANGLes       UREY-b    DIHEdrals    IMPRopers
INTE EXTERN:        VDWaals         ELEC       HBONds          ASP         USER
 ----------       ---------    ---------    ---------    ---------    ---------
INTE>       51     36.27276     -0.35738      0.06192
INTE INTERN>        3.62468     16.30686      2.58402     23.79352      0.00000
INTE EXTERN>        7.98150    -18.01782      0.00000      0.00000      0.00000
 ----------       ---------    ---------    ---------    ---------    ---------
  
 CHARMM>     
  
 CHARMM>        if ?bond .gt. 100 then
 RDCMND substituted energy or value "?BOND" to "3.62467958"
 Comparing "3.62467958" and "100".
 IF test evaluated as false.  Skip to ELSE or ENDIF
  
 CHARMM>     
  
 CHARMM>      increase i by 1
 Parameter: I <- "177"
  
 CHARMM>      increase icholbot by 1
 Parameter: ICHOLBOT <- "24"
  
 CHARMM>      if icholbot .le. @ncholbot goto dointer2
 Parameter: NCHOLBOT -> "28"
 Comparing "24" and "28".
 IF test evaluated as true.  Performing command
  
 CHARMM>        define YYY sele XXX .and. resid @i:@nres end
 Parameter: I -> "177"
 Parameter: NRES -> "192"
 SELRPN>      5 atoms have been selected out of  22252
  
 CHARMM>        set i    = ?SELRESI
 RDCMND substituted energy or value "?SELRESI" to "179"
 Parameter: I <- "179"
  
 CHARMM>        inter select resid @i .and. segid MEMB end
 Parameter: I -> "179"
 SELRPN>     74 atoms have been selected out of  22252
 INTER:  Normal Atom Nonbondselected        2001 from a total of     3546489
 INTER:  Image Nonbond List selected           0 from a total of      466696
INTE ENR:  Eval#     ENERgy      Delta-E         GRMS
INTE INTERN:          BONDs       ANGLes       UREY-b    DIHEdrals    IMPRopers
INTE EXTERN:        VDWaals         ELEC       HBONds          ASP         USER
 ----------       ---------    ---------    ---------    ---------    ---------
INTE>       52     40.95849     -4.68572      0.09858
INTE INTERN>        4.01463     19.63432      3.72581     21.98057      0.00000
INTE EXTERN>       10.26557    -18.66242      0.00000      0.00000      0.00000
 ----------       ---------    ---------    ---------    ---------    ---------
  
 CHARMM>     
  
 CHARMM>        if ?bond .gt. 100 then
 RDCMND substituted energy or value "?BOND" to "4.01462759"
 Comparing "4.01462759" and "100".
 IF test evaluated as false.  Skip to ELSE or ENDIF
  
 CHARMM>     
  
 CHARMM>      increase i by 1
 Parameter: I <- "180"
  
 CHARMM>      increase icholbot by 1
 Parameter: ICHOLBOT <- "25"
  
 CHARMM>      if icholbot .le. @ncholbot goto dointer2
 Parameter: NCHOLBOT -> "28"
 Comparing "25" and "28".
 IF test evaluated as true.  Performing command
  
 CHARMM>        define YYY sele XXX .and. resid @i:@nres end
 Parameter: I -> "180"
 Parameter: NRES -> "192"
 SELRPN>      4 atoms have been selected out of  22252
  
 CHARMM>        set i    = ?SELRESI
 RDCMND substituted energy or value "?SELRESI" to "183"
 Parameter: I <- "183"
  
 CHARMM>        inter select resid @i .and. segid MEMB end
 Parameter: I -> "183"
 SELRPN>     74 atoms have been selected out of  22252
 INTER:  Normal Atom Nonbondselected        1981 from a total of     3546489
 INTER:  Image Nonbond List selected           0 from a total of      466696
INTE ENR:  Eval#     ENERgy      Delta-E         GRMS
INTE INTERN:          BONDs       ANGLes       UREY-b    DIHEdrals    IMPRopers
INTE EXTERN:        VDWaals         ELEC       HBONds          ASP         USER
 ----------       ---------    ---------    ---------    ---------    ---------
INTE>       53     37.62076      3.33772      0.07523
INTE INTERN>        2.77599     18.49198      3.02611     23.08190      0.00000
INTE EXTERN>        8.65551    -18.41074      0.00000      0.00000      0.00000
 ----------       ---------    ---------    ---------    ---------    ---------
  
 CHARMM>     
  
 CHARMM>        if ?bond .gt. 100 then
 RDCMND substituted energy or value "?BOND" to "2.77599175"
 Comparing "2.77599175" and "100".
 IF test evaluated as false.  Skip to ELSE or ENDIF
  
 CHARMM>     
  
 CHARMM>      increase i by 1
 Parameter: I <- "184"
  
 CHARMM>      increase icholbot by 1
 Parameter: ICHOLBOT <- "26"
  
 CHARMM>      if icholbot .le. @ncholbot goto dointer2
 Parameter: NCHOLBOT -> "28"
 Comparing "26" and "28".
 IF test evaluated as true.  Performing command
  
 CHARMM>        define YYY sele XXX .and. resid @i:@nres end
 Parameter: I -> "184"
 Parameter: NRES -> "192"
 SELRPN>      3 atoms have been selected out of  22252
  
 CHARMM>        set i    = ?SELRESI
 RDCMND substituted energy or value "?SELRESI" to "187"
 Parameter: I <- "187"
  
 CHARMM>        inter select resid @i .and. segid MEMB end
 Parameter: I -> "187"
 SELRPN>     74 atoms have been selected out of  22252
 INTER:  Normal Atom Nonbondselected        1995 from a total of     3546489
 INTER:  Image Nonbond List selected           0 from a total of      466696
INTE ENR:  Eval#     ENERgy      Delta-E         GRMS
INTE INTERN:          BONDs       ANGLes       UREY-b    DIHEdrals    IMPRopers
INTE EXTERN:        VDWaals         ELEC       HBONds          ASP         USER
 ----------       ---------    ---------    ---------    ---------    ---------
INTE>       54     31.75271      5.86805      0.02882
INTE INTERN>        2.92484     18.90782      2.71591     20.28904      0.00000
INTE EXTERN>        4.83610    -17.92099      0.00000      0.00000      0.00000
 ----------       ---------    ---------    ---------    ---------    ---------
  
 CHARMM>     
  
 CHARMM>        if ?bond .gt. 100 then
 RDCMND substituted energy or value "?BOND" to "2.92483742"
 Comparing "2.92483742" and "100".
 IF test evaluated as false.  Skip to ELSE or ENDIF
  
 CHARMM>     
  
 CHARMM>      increase i by 1
 Parameter: I <- "188"
  
 CHARMM>      increase icholbot by 1
 Parameter: ICHOLBOT <- "27"
  
 CHARMM>      if icholbot .le. @ncholbot goto dointer2
 Parameter: NCHOLBOT -> "28"
 Comparing "27" and "28".
 IF test evaluated as true.  Performing command
  
 CHARMM>        define YYY sele XXX .and. resid @i:@nres end
 Parameter: I -> "188"
 Parameter: NRES -> "192"
 SELRPN>      2 atoms have been selected out of  22252
  
 CHARMM>        set i    = ?SELRESI
 RDCMND substituted energy or value "?SELRESI" to "190"
 Parameter: I <- "190"
  
 CHARMM>        inter select resid @i .and. segid MEMB end
 Parameter: I -> "190"
 SELRPN>     74 atoms have been selected out of  22252
 INTER:  Normal Atom Nonbondselected        2030 from a total of     3546489
 INTER:  Image Nonbond List selected           0 from a total of      466696
INTE ENR:  Eval#     ENERgy      Delta-E         GRMS
INTE INTERN:          BONDs       ANGLes       UREY-b    DIHEdrals    IMPRopers
INTE EXTERN:        VDWaals         ELEC       HBONds          ASP         USER
 ----------       ---------    ---------    ---------    ---------    ---------
INTE>       55     34.07479     -2.32207      0.07976
INTE INTERN>        3.37500     18.81429      3.00077     22.70018      0.00000
INTE EXTERN>        4.91523    -18.73067      0.00000      0.00000      0.00000
 ----------       ---------    ---------    ---------    ---------    ---------
  
 CHARMM>     
  
 CHARMM>        if ?bond .gt. 100 then
 RDCMND substituted energy or value "?BOND" to "3.37499933"
 Comparing "3.37499933" and "100".
 IF test evaluated as false.  Skip to ELSE or ENDIF
  
 CHARMM>     
  
 CHARMM>      increase i by 1
 Parameter: I <- "191"
  
 CHARMM>      increase icholbot by 1
 Parameter: ICHOLBOT <- "28"
  
 CHARMM>      if icholbot .le. @ncholbot goto dointer2
 Parameter: NCHOLBOT -> "28"
 Comparing "28" and "28".
 IF test evaluated as true.  Performing command
  
 CHARMM>        define YYY sele XXX .and. resid @i:@nres end
 Parameter: I -> "191"
 Parameter: NRES -> "192"
 SELRPN>      1 atoms have been selected out of  22252
  
 CHARMM>        set i    = ?SELRESI
 RDCMND substituted energy or value "?SELRESI" to "192"
 Parameter: I <- "192"
  
 CHARMM>        inter select resid @i .and. segid MEMB end
 Parameter: I -> "192"
 SELRPN>     74 atoms have been selected out of  22252
 INTER:  Normal Atom Nonbondselected        1941 from a total of     3546489
 INTER:  Image Nonbond List selected           0 from a total of      466696
INTE ENR:  Eval#     ENERgy      Delta-E         GRMS
INTE INTERN:          BONDs       ANGLes       UREY-b    DIHEdrals    IMPRopers
INTE EXTERN:        VDWaals         ELEC       HBONds          ASP         USER
 ----------       ---------    ---------    ---------    ---------    ---------
INTE>       56     29.70005      4.37473      0.05752
INTE INTERN>        3.92299     17.23334      2.55403     19.30101      0.00000
INTE EXTERN>        4.93724    -18.24856      0.00000      0.00000      0.00000
 ----------       ---------    ---------    ---------    ---------    ---------
  
 CHARMM>     
  
 CHARMM>        if ?bond .gt. 100 then
 RDCMND substituted energy or value "?BOND" to "3.92298709"
 Comparing "3.92298709" and "100".
 IF test evaluated as false.  Skip to ELSE or ENDIF
  
 CHARMM>     
  
 CHARMM>      increase i by 1
 Parameter: I <- "193"
  
 CHARMM>      increase icholbot by 1
 Parameter: ICHOLBOT <- "29"
  
 CHARMM>      if icholbot .le. @ncholbot goto dointer2
 Parameter: NCHOLBOT -> "28"
 Comparing "29" and "28".
 IF test evaluated as false.  Skipping command
  
 CHARMM>    endif
  
 CHARMM>     
  
 CHARMM>    stop
 VCLOSE: Closing unit   10 with status "KEEP"
 VCLOSE: Closing unit   20 with status "KEEP"
 VCLOSE: Closing unit   90 with status "KEEP"
$$$$$$  New timer profile $$$$$
      Image Update                    4.01 Other:            0.00
      xdistm setup                    0.12 Other:            0.00
      xdistm Build list              38.82 Other:            0.00
      NBONDS                         35.24 Other:            0.00
   List time                      78.19 Other:            0.00
      Nonbond force                 131.93 Other:            0.00
         Bond energy                     1.14 Other:            0.00
         Angle energy                    7.89 Other:            0.00
         Dihedral energy                12.25 Other:            0.00
         Restraints energy               0.02 Other:            0.00
      INTRNL energy                  21.75 Other:            0.45
   Energy time                   154.46 Other:            0.78
 Total time                    332.20 Other:           99.55

                    NORMAL TERMINATION BY NORMAL STOP
                    MOST SEVERE WARNING WAS AT LEVEL  1

                    $$$$$ JOB ACCOUNTING INFORMATION $$$$$
                     ELAPSED TIME:     5.54  MINUTES 
                         CPU TIME:     1.14  MINUTES 
