#! FIELDS time G vol p.x p.y p.z
 0.000000 -844112.375000 794.102464 3.158373 3.421801 16.427981
 20.000000 -845878.875000 793.638413 3.080626 3.388211 16.311323
 40.000000 -844777.500000 793.755112 3.334225 3.418152 16.448386
 60.000000 -844276.937500 793.446306 3.234010 3.297420 16.395064
 80.000000 -845235.187500 794.780943 3.616844 3.325102 16.508053
 100.000000 -843375.312500 793.742297 3.483749 3.350339 16.662596
 120.000000 -842636.375000 792.495980 3.427139 3.530741 16.346245
 140.000000 -844119.562500 795.904242 3.255600 3.398688 16.143510
 160.000000 -843430.125000 795.930151 3.361637 3.306075 16.280228
 180.000000 -847141.000000 794.031384 3.323956 3.210105 16.180621
 200.000000 -843369.937500 793.623034 3.496881 3.497597 16.442538
 220.000000 -844316.812500 793.950024 3.643654 3.431018 16.682148
 240.000000 -846111.312500 793.820887 3.684893 3.785118 16.578834
 260.000000 -845997.500000 792.713676 3.541021 3.498772 16.450226
 280.000000 -845215.500000 794.262868 3.450883 3.286294 16.622220
 300.000000 -845055.875000 795.934531 3.252761 3.344815 16.582333
 320.000000 -844122.375000 793.815370 3.090047 3.281600 16.402586
 340.000000 -845559.812500 791.854038 3.528338 3.202594 16.457585
 360.000000 -844436.437500 794.394956 3.395951 3.241144 16.704245
 380.000000 -846358.625000 793.247528 3.315831 3.081317 16.583560
 400.000000 -844265.500000 793.125726 3.371622 3.093562 16.482257
 420.000000 -845203.250000 792.026254 3.369413 3.264574 16.332163
 440.000000 -843395.812500 793.851787 3.826401 3.251359 16.329698
 460.000000 -843985.187500 795.089021 3.218874 3.325125 16.415471
 480.000000 -845614.750000 794.601481 3.463551 3.533674 16.409354
 500.000000 -843845.750000 797.551614 3.509415 3.790294 16.628713
 520.000000 -846305.687500 793.513467 3.383257 3.655255 16.533090
 540.000000 -844484.437500 794.816811 3.381919 3.446186 16.627250
 560.000000 -843243.437500 793.262560 3.014548 3.402661 16.608329
 580.000000 -843744.000000 794.335317 3.156659 3.491044 16.596253
 600.000000 -844354.812500 796.844884 3.282000 3.327959 16.607337
 620.000000 -843886.062500 795.391042 3.275927 3.548289 16.528931
 640.000000 -844116.500000 796.077998 3.469002 3.384339 16.155334
 660.000000 -843758.812500 795.947795 3.408467 3.608645 16.237323
 680.000000 -844884.000000 795.727840 3.501212 3.197282 16.121419
 700.000000 -843403.187500 794.268654 3.421223 3.382084 16.145345
 720.000000 -845233.125000 793.543787 3.528081 3.375784 16.342784
 740.000000 -844101.250000 793.906896 3.300793 3.384072 16.308257
 760.000000 -844051.500000 794.261149 3.343460 3.483235 16.390140
 780.000000 -844946.250000 795.214981 3.492715 3.155677 16.351388
 800.000000 -844038.875000 794.000238 3.473440 3.284907 16.475216
 820.000000 -845612.687500 793.735930 3.514152 3.305114 16.753413
 840.000000 -843006.625000 794.043585 3.446344 3.438074 16.819185
 860.000000 -844577.875000 794.389583 3.173824 3.679970 16.665461
 880.000000 -843162.250000 795.410750 3.272675 3.191673 16.298909
 900.000000 -847508.375000 792.782552 3.285652 3.171852 16.213480
 920.000000 -845271.937500 792.945878 3.200521 3.193319 16.543119
 940.000000 -845297.625000 795.666784 3.224879 3.264618 16.328740
 960.000000 -842758.812500 793.332993 3.137506 3.385172 16.165612
 980.000000 -844528.937500 795.499561 3.265296 3.400788 16.291279
 1000.000000 -842248.000000 799.066920 3.084113 3.404354 16.576647
 1020.000000 -844944.375000 793.708512 3.105304 3.564312 16.233699
 1040.000000 -843875.062500 793.066149 3.582435 3.585710 16.232993
 1060.000000 -843905.375000 794.964851 3.360872 3.425022 16.491376
 1080.000000 -842190.875000 796.531903 3.540834 3.194384 16.404696
 1100.000000 -844329.125000 793.676010 3.492319 3.486062 16.304403
 1120.000000 -843459.687500 796.600977 3.296414 3.136020 16.602560
 1140.000000 -846244.750000 795.965406 3.319626 3.466111 16.263956
 1160.000000 -844356.125000 793.252843 3.636932 3.505506 16.252643
 1180.000000 -843939.187500 795.360030 3.444823 3.547247 16.461608
 1200.000000 -845712.187500 794.375503 3.354358 3.639661 16.511926
 1220.000000 -842951.312500 794.076110 3.595415 3.578623 16.469246
 1240.000000 -843762.562500 793.980336 3.449575 3.351005 16.370930
 1260.000000 -844457.000000 795.483835 3.597403 3.322984 16.157905
 1280.000000 -845159.812500 792.420068 3.553214 3.350919 16.380047
 1300.000000 -844815.062500 795.272888 3.437904 3.571404 16.436770
 1320.000000 -844783.937500 793.616329 3.453161 3.223603 16.349842
 1340.000000 -845167.187500 795.204180 3.326756 3.296635 16.133610
 1360.000000 -843488.937500 796.554590 3.288059 3.237993 16.463712
 1380.000000 -844054.437500 794.592946 3.547179 3.221829 16.370158
 1400.000000 -844031.687500 794.349398 3.608509 3.091699 16.202549
 1420.000000 -843569.375000 794.654780 3.561739 3.145111 16.411732
 1440.000000 -846114.000000 794.457175 3.400498 3.196210 16.554060
 1460.000000 -844243.250000 793.718568 3.388821 3.218700 16.341075
 1480.000000 -844185.375000 792.403171 3.420402 3.345313 16.654041
 1500.000000 -843964.125000 794.532432 3.524617 3.733704 16.553481
 1520.000000 -844557.750000 794.798627 3.678766 3.418897 16.488216
 1540.000000 -846643.687500 793.128404 3.397697 3.269815 16.486936
 1560.000000 -846011.250000 793.528139 3.219502 3.414250 16.704333
 1580.000000 -847009.125000 794.253381 3.434523 3.183087 16.656095
 1600.000000 -844449.812500 795.342373 3.350651 3.428337 16.593223
 1620.000000 -844536.500000 795.138365 3.425817 3.319721 16.589581
 1640.000000 -843962.062500 793.016856 3.329800 3.234276 16.445139
 1660.000000 -844275.937500 793.624212 3.652847 3.331261 16.619581
 1680.000000 -843626.125000 793.216136 3.717497 3.379332 16.540188
 1700.000000 -845554.750000 794.463564 3.498183 3.244340 16.737167
 1720.000000 -845585.750000 792.068498 3.723681 3.434861 16.487521
 1740.000000 -843327.250000 794.341147 3.411003 3.207594 16.535290
 1760.000000 -844807.687500 794.571840 3.092704 3.559908 16.437673
 1780.000000 -845138.250000 795.186603 3.464830 3.314074 16.670387
 1800.000000 -843898.187500 792.885326 3.284621 3.281102 16.594043
 1820.000000 -845180.750000 793.219145 3.414462 3.230440 16.560852
 1840.000000 -844179.312500 794.208434 3.305372 3.394574 16.809807
 1860.000000 -843989.000000 792.689632 3.249612 3.393368 16.704575
 1880.000000 -845343.875000 794.291319 3.446991 3.516066 16.488333
 1900.000000 -843749.562500 796.402715 3.381314 3.579445 16.654615
 1920.000000 -845002.625000 793.343122 3.442264 3.446798 16.505027
 1940.000000 -845062.625000 791.258821 3.459029 3.299759 16.400900
 1960.000000 -846170.562500 792.942578 3.320353 3.368546 16.296057
 1980.000000 -844924.937500 791.887765 3.342702 3.321729 16.291138
 2000.000000 -845430.250000 794.833629 3.359634 3.536002 16.551700
 2020.000000 -845121.187500 793.182826 3.408207 3.369693 16.439847
 2040.000000 -844280.312500 795.855592 3.476599 3.426268 16.430510
 2060.000000 -842850.937500 793.111485 3.548424 3.463674 16.733443
 2080.000000 -845287.375000 794.238161 3.596673 3.646083 16.639499
 2100.000000 -845918.312500 792.777142 3.736502 3.485750 16.609351
 2120.000000 -846605.500000 792.184113 3.651217 3.599489 16.664166
 2140.000000 -846486.250000 792.584494 3.437110 3.370043 16.630737
 2160.000000 -844834.312500 792.569237 3.281377 3.357346 16.687757
 2180.000000 -846189.937500 794.965258 3.336693 3.370559 16.768085
 2200.000000 -844094.750000 794.736804 3.376451 3.190450 16.567512
 2220.000000 -842552.500000 797.077102 3.321909 3.367173 16.488252
 2240.000000 -842839.062500 795.756741 3.269743 3.574794 16.466180
 2260.000000 -844735.687500 794.911318 3.279292 3.458675 16.601971
 2280.000000 -844184.000000 793.841441 3.289899 3.359720 16.486382
 2300.000000 -844720.750000 794.080366 3.521323 3.372886 16.453200
 2320.000000 -844147.312500 794.373782 3.505164 3.368659 16.734330
 2340.000000 -844833.187500 793.847508 3.558637 3.394389 16.639405
 2360.000000 -844661.687500 793.756854 3.229533 3.692034 16.662275
 2380.000000 -845267.312500 792.665112 3.288038 3.512659 16.506332
 2400.000000 -844707.062500 795.974719 3.240929 3.528413 16.399422
 2420.000000 -844808.687500 793.489745 3.350738 3.381956 16.025539
 2440.000000 -843236.937500 793.701999 3.502505 3.290125 16.405476
 2460.000000 -844356.500000 794.257057 3.362505 3.391028 16.528211
 2480.000000 -843656.750000 794.163201 3.396292 3.304600 16.729666
 2500.000000 -843797.375000 794.456927 3.652076 3.613572 16.305979
 2520.000000 -846285.812500 793.526141 3.304345 3.488645 16.430334
 2540.000000 -845991.437500 794.037786 3.169445 3.382516 16.572574
 2560.000000 -843962.812500 793.159414 3.347284 3.169037 16.552899
 2580.000000 -845335.625000 794.540948 3.513318 3.374563 16.457410
 2600.000000 -843591.312500 794.470001 3.336232 3.399999 16.684391
 2620.000000 -844668.750000 795.913246 3.171395 3.301338 16.517042
 2640.000000 -845291.750000 793.742814 3.478370 3.460504 16.575736
 2660.000000 -847151.625000 792.849757 3.500985 3.396658 16.668600
 2680.000000 -844396.375000 794.665681 3.535931 3.564819 16.569070
 2700.000000 -845558.000000 792.050753 3.399108 3.521449 16.706493
 2720.000000 -845712.125000 794.551365 3.674802 3.513993 16.732064
 2740.000000 -843183.875000 795.688101 3.506328 3.312559 16.755311
 2760.000000 -843691.250000 793.769666 3.350593 3.502973 16.631543
 2780.000000 -844572.875000 795.681231 3.469739 3.493559 16.553595
 2800.000000 -842936.625000 793.276210 3.454256 3.442234 16.303408
 2820.000000 -844896.750000 793.487657 3.445517 3.406114 16.448658
 2840.000000 -844889.187500 793.505330 3.609254 2.994469 16.359661
 2860.000000 -846188.812500 791.262615 3.755968 3.338496 16.543706
 2880.000000 -844598.062500 792.720302 3.565783 3.296326 16.410823
 2900.000000 -844563.750000 791.749345 3.514667 3.377288 16.184433
 2920.000000 -844795.812500 792.213156 3.610561 3.423644 16.420564
 2940.000000 -844991.937500 796.713958 3.406817 3.554865 16.375118
 2960.000000 -845579.500000 793.619413 3.344410 3.561507 16.321010
 2980.000000 -845018.687500 794.702302 3.374534 3.604264 16.312682
 3000.000000 -844188.562500 794.735057 3.636554 3.621944 16.419999
 3020.000000 -845727.312500 793.852697 3.579772 3.383245 16.364958
 3040.000000 -845295.437500 795.357063 3.216446 3.342951 16.194480
 3060.000000 -844622.250000 791.767277 3.244726 3.341666 16.409474
 3080.000000 -844000.625000 794.227798 3.512521 3.549378 16.429886
 3100.000000 -844856.625000 794.287332 3.417049 3.312550 16.581984
 3120.000000 -846719.187500 795.368397 3.479371 3.514248 16.347059
 3140.000000 -845573.750000 794.720580 3.726415 3.397819 16.402652
 3160.000000 -844492.125000 794.713720 3.836820 3.395103 16.383801
 3180.000000 -844998.312500 794.746651 3.616892 3.494030 16.582218
 3200.000000 -844521.937500 794.431364 3.406084 3.654924 16.642987
 3220.000000 -843847.625000 795.829667 3.304374 3.590544 16.550144
 3240.000000 -844915.187500 794.653495 3.366795 3.578611 16.494453
 3260.000000 -844139.625000 792.421749 3.465970 3.313045 16.439857
 3280.000000 -843461.500000 794.806760 3.316766 3.493363 16.679650
 3300.000000 -844833.312500 794.891593 3.399624 3.390945 16.423381
 3320.000000 -845735.375000 793.442845 3.588257 3.347600 16.435343
 3340.000000 -845364.500000 796.349545 3.386352 3.447197 16.600792
 3360.000000 -841655.125000 797.304721 2.684376 3.349105 3.748098
 3380.000000 -841725.125000 799.735236 2.889055 3.183063 6.417565
 3400.000000 -842398.125000 798.925892 2.962494 3.148863 6.592482
 3420.000000 -841975.125000 798.825213 2.933085 3.294604 6.893370
 3440.000000 -842006.187500 796.936649 3.292489 3.434776 8.288702
 3460.000000 -843752.312500 795.448470 3.125186 3.653948 11.632615
 3480.000000 -843323.437500 797.271842 3.342334 3.253860 14.224939
 3500.000000 -843444.187500 795.147101 3.308050 3.287000 15.638034
 3520.000000 -844652.000000 793.520836 3.628783 3.310655 16.006684
 3540.000000 -844894.250000 793.501853 3.469309 3.498167 16.428578
 3560.000000 -846543.250000 792.138594 3.484879 3.763946 16.386429
 3580.000000 -843492.187500 793.061148 3.626480 3.604658 16.450746
 3600.000000 -843800.687500 794.336629 3.418614 3.574461 16.546643
 3620.000000 -844956.375000 795.110649 3.572172 3.557982 16.507477
 3640.000000 -845796.500000 794.525921 3.291153 3.579387 16.520825
 3660.000000 -843157.187500 794.528759 3.453444 3.639963 16.672548
 3680.000000 -845764.625000 795.644864 3.202939 3.715383 16.570397
 3700.000000 -845642.000000 792.255462 3.541540 3.685065 16.428082
 3720.000000 -844262.250000 796.252305 3.262635 3.576520 16.475075
 3740.000000 -843250.750000 794.803525 3.722677 3.496761 16.434549
 3760.000000 -844858.250000 792.106947 3.422733 3.651930 16.443763
 3780.000000 -843165.187500 794.040324 3.469169 3.446820 16.197458
 3800.000000 -845676.562500 792.749938 3.392212 3.324999 16.439589
 3820.000000 -843762.312500 794.435204 3.211435 3.248837 16.093321
 3840.000000 -842527.375000 797.449875 3.331472 3.479425 15.976976
 3860.000000 -843052.500000 795.567301 3.416106 3.402686 16.119777
 3880.000000 -844518.875000 794.911526 3.819682 3.273840 16.326077
 3900.000000 -846081.250000 795.304006 3.406200 3.222248 16.094792
 3920.000000 -843660.250000 792.871545 3.343139 3.489310 16.526616
 3940.000000 -845537.312500 794.745527 3.368513 3.258523 16.748601
 3960.000000 -843506.875000 793.586411 3.603707 3.398757 16.461126
 3980.000000 -843823.125000 795.775660 3.558895 3.486094 16.394315
 4000.000000 -844645.500000 793.439463 3.267148 3.579940 16.386919
 4020.000000 -844538.437500 795.099064 3.289390 3.794001 16.296971
 4040.000000 -843723.250000 796.981720 3.349759 3.560705 16.302451
 4060.000000 -845226.937500 791.422944 3.514037 3.570456 16.404493
 4080.000000 -844487.125000 796.798030 3.356910 3.249849 16.398853
 4100.000000 -842390.500000 797.012375 3.421958 3.292383 16.393899
 4120.000000 -845434.000000 794.461727 3.568486 3.236548 16.324643
 4140.000000 -845637.062500 792.739711 3.509129 3.189081 16.584572
 4160.000000 -845932.750000 793.923432 3.472028 3.099451 16.403625
 4180.000000 -845510.937500 793.951506 3.458856 3.257167 16.356449
 4200.000000 -844832.812500 792.706128 3.346652 3.367383 16.396725
 4220.000000 -845005.687500 792.375572 3.230260 3.345446 16.407947
 4240.000000 -845482.625000 794.381522 3.521982 3.431432 16.260276
 4260.000000 -844992.875000 793.900646 3.553203 3.575451 16.315362
 4280.000000 -845679.375000 792.834140 3.289869 3.414538 16.537666
 4300.000000 -844005.687500 794.275522 3.299070 3.266283 16.577482
 4320.000000 -843954.062500 793.008001 3.129989 3.296186 16.394790
 4340.000000 -843203.937500 793.321279 3.197907 3.237433 16.686972
 4360.000000 -846275.437500 793.595631 3.161350 3.418785 16.431056
 4380.000000 -844156.562500 794.749809 3.456528 3.296466 16.579008
 4400.000000 -845677.125000 795.403813 3.452773 3.302777 16.505314
 4420.000000 -843730.375000 795.107189 3.444901 3.198129 16.386636
 4440.000000 -843478.937500 795.529420 3.387720 3.493573 16.494495
 4460.000000 -845673.375000 794.041688 3.241350 3.529277 16.427270
 4480.000000 -844551.875000 795.114711 3.247602 3.519425 16.445551
 4500.000000 -844955.625000 794.058994 3.394385 3.547323 16.427095
 4520.000000 -845822.250000 793.841019 3.530839 3.462594 16.370167
 4540.000000 -844976.562500 792.851239 3.400579 3.427645 16.304403
 4560.000000 -843928.250000 794.535997 3.437973 3.490199 16.397147
 4580.000000 -844006.125000 793.756262 3.705733 3.476387 16.400725
 4600.000000 -845702.125000 793.402308 3.585291 3.414925 16.503070
 4620.000000 -845802.125000 792.663942 3.454522 3.627993 16.560395
 4640.000000 -846444.000000 793.268556 3.411876 3.448076 16.587065
 4660.000000 -845527.500000 791.825460 3.203147 3.299666 16.785192
 4680.000000 -846093.812500 792.187601 3.366558 3.486292 16.877349
 4700.000000 -841353.687500 801.068683 3.620210 2.381441 7.752248
 4720.000000 -843986.562500 797.636979 3.674755 2.906839 11.945900
 4740.000000 -843425.125000 797.983315 3.705814 3.347491 13.668042
 4760.000000 -843904.000000 793.761280 3.429374 3.636688 15.329701
 4780.000000 -844984.750000 792.570641 3.431317 3.564676 16.139372
 4800.000000 -847402.687500 793.423703 3.460944 3.211067 16.391607
 4820.000000 -845188.812500 793.515673 3.323989 3.507592 16.611219
 4840.000000 -843813.125000 792.429921 3.599963 3.506177 16.556588
 4860.000000 -844894.000000 795.463245 3.311992 3.456995 16.563172
 4880.000000 -844888.875000 794.442593 3.384175 3.383529 16.376927
 4900.000000 -845739.250000 793.209163 3.326500 3.382623 16.617034
 4920.000000 -845042.375000 792.576198 3.480132 3.643131 16.512333
 4940.000000 -845759.375000 792.803417 3.451568 3.661111 16.532789
 4960.000000 -846095.062500 790.451931 3.232331 3.383962 16.356582
 4980.000000 -846858.250000 793.556406 3.080584 3.604557 16.464773
 5000.000000 -843916.875000 793.218920 3.134412 3.558329 16.549660
 5020.000000 -844764.750000 795.230232 3.387305 3.178919 16.666845
 5040.000000 -844805.125000 792.186455 3.625066 3.377941 16.782302
 5060.000000 -842093.625000 793.954755 3.422227 3.450404 16.728198
 5080.000000 -846887.500000 792.059968 3.454536 3.256048 16.543670
 5100.000000 -845823.187500 793.036177 3.369760 3.487456 16.535771
 5120.000000 -842875.250000 795.122730 3.239039 3.514017 16.526729
 5140.000000 -844686.437500 794.383937 3.275165 3.605580 16.379313
 5160.000000 -846058.062500 790.685792 3.331927 3.489932 16.427872
 5180.000000 -845188.687500 793.736033 3.617396 3.278411 16.408271
 5200.000000 -844539.500000 796.971584 3.653748 3.704182 16.287727
 5220.000000 -844208.062500 797.524308 3.519536 3.536346 16.277735
 5240.000000 -845055.437500 795.968738 3.568223 3.467175 16.271879
 5260.000000 -845020.500000 794.860755 3.366230 3.662098 16.397987
 5280.000000 -844848.062500 795.348960 3.377454 3.500338 16.414524
 5300.000000 -844419.875000 796.491770 3.216799 3.325684 16.510140
 5320.000000 -844606.562500 795.127811 3.409346 3.265389 16.462874
 5340.000000 -846155.125000 795.825804 3.160139 3.630427 16.436883
 5360.000000 -844491.687500 793.836061 3.079285 3.460264 16.652872
 5380.000000 -846150.187500 793.147147 3.473411 3.535220 16.761408
 5400.000000 -845920.437500 795.737105 3.443445 3.423545 16.834176
 5420.000000 -844813.250000 795.263967 3.542142 3.377821 16.835493
 5440.000000 -844416.937500 794.364287 3.716200 3.514973 16.708757
 5460.000000 -845722.437500 793.584177 3.315292 3.416993 16.454189
 5480.000000 -843506.500000 795.789970 3.383762 3.414993 16.447330
 5500.000000 -845374.312500 793.559143 3.564901 3.392490 16.380944
 5520.000000 -844587.562500 794.251341 3.476888 3.588586 16.163963
 5540.000000 -843708.000000 795.954156 3.433235 3.405968 16.403908
 5560.000000 -846388.062500 794.804082 3.533368 3.310653 16.375025
 5580.000000 -843808.000000 794.837921 3.417227 3.455868 16.428713
 5600.000000 -844525.562500 795.345567 3.312378 3.347718 16.543151
 5620.000000 -844330.375000 795.682886 3.235669 3.511672 16.461432
 5640.000000 -845700.187500 793.635325 3.237219 3.306676 16.401446
 5660.000000 -846250.125000 794.596522 3.503970 3.234801 16.375792
 5680.000000 -846358.812500 796.798558 3.461953 3.383304 16.260883
 5700.000000 -845142.562500 795.680168 3.482533 3.479921 16.380756
 5720.000000 -846147.562500 795.020888 3.452639 3.324113 16.524582
 5740.000000 -844509.687500 793.449648 3.489017 3.643177 16.490766
 5760.000000 -845866.000000 793.752100 3.479329 3.516397 16.667338
 5780.000000 -844113.500000 795.613718 3.239224 3.167286 16.626495
 5800.000000 -844936.562500 794.705993 3.131555 3.260930 16.543558
 5820.000000 -845352.125000 794.654857 3.293161 3.409027 16.668202
 5840.000000 -844203.812500 797.333947 3.331514 3.441810 16.561569
 5860.000000 -844948.000000 796.555905 3.214497 3.412220 16.762463
 5880.000000 -844307.062500 795.915024 3.301692 3.586903 16.678271
 5900.000000 -844466.812500 796.216783 3.383139 3.456109 16.537415
 5920.000000 -844805.875000 794.653591 3.579506 3.359204 16.498091
 5940.000000 -846140.250000 793.793321 3.580580 3.303709 16.576527
 5960.000000 -843863.250000 797.754972 3.562087 3.036426 16.743163
 5980.000000 -844583.125000 796.699707 3.196122 2.899287 16.477123
 6000.000000 -844881.750000 792.906373 3.264745 3.232372 16.457351
 6020.000000 -842264.312500 799.796515 3.627964 3.526347 16.528580
 6040.000000 -845642.312500 795.273456 3.407547 3.397633 16.410074
 6060.000000 -844267.062500 794.970068 3.410867 3.514697 16.545148
 6080.000000 -844788.562500 796.469974 3.452586 3.482522 16.374039
 6100.000000 -844684.687500 796.760350 3.532233 3.374767 16.393770
 6120.000000 -844841.750000 794.461959 3.441741 3.373438 16.506263
 6140.000000 -843231.125000 794.645961 3.452508 3.391431 16.493391
 6160.000000 -843760.062500 795.044308 3.353726 3.412104 16.600326
 6180.000000 -845831.812500 794.179218 3.526504 3.393460 16.536687
 6200.000000 -844265.875000 795.747166 3.639477 3.445473 16.756155
 6220.000000 -843563.000000 795.966403 3.546679 3.224565 16.605069
 6240.000000 -846145.937500 795.395985 3.372178 3.123691 16.427414
 6260.000000 -846120.875000 792.321651 3.328763 3.448952 16.259042
 6280.000000 -845945.937500 793.896971 3.528732 3.572021 16.821919
 6300.000000 -844764.750000 793.434442 3.526846 3.532527 16.638266
 6320.000000 -845106.312500 792.996788 3.499271 3.581885 16.393948
 6340.000000 -845096.500000 794.153053 3.413341 3.451644 16.706311
 6360.000000 -845870.000000 791.991338 3.346787 3.486102 16.568780
 6380.000000 -844099.312500 795.732806 3.271199 3.463482 16.646461
 6400.000000 -842877.187500 797.797747 3.300291 3.327697 16.729672
 6420.000000 -843571.375000 793.531298 3.401983 3.336233 16.498322
 6440.000000 -843905.375000 794.979068 3.455790 3.427178 16.306932
 6460.000000 -843681.750000 793.252862 3.397080 3.495338 16.633632
 6480.000000 -843958.125000 791.725809 3.652781 3.431957 16.717617
 6500.000000 -845351.437500 796.051998 3.559699 3.411758 16.731454
 6520.000000 -845810.625000 792.725776 3.519943 3.399438 16.500846
 6540.000000 -844981.750000 793.630289 3.191059 3.286875 16.534921
 6560.000000 -844266.562500 797.157870 3.420354 3.244392 16.620005
 6580.000000 -844107.125000 794.644510 3.365223 3.083956 16.677138
 6600.000000 -843858.000000 793.274855 3.345544 3.192076 16.605929
 6620.000000 -845255.062500 791.788160 3.537371 3.319089 16.607304
 6640.000000 -843481.875000 795.426207 3.513079 3.649747 16.554708
 6660.000000 -843719.937500 794.878716 3.597376 3.486641 16.607203
 6680.000000 -843963.687500 795.497091 3.403621 3.264405 16.743111
 6700.000000 -844662.812500 793.624827 3.232861 3.267002 16.611889
 6720.000000 -844524.812500 794.039139 3.241420 3.419931 16.695646
 6740.000000 -842754.625000 795.554080 3.543034 3.549916 16.567894
 6760.000000 -845569.500000 793.546372 3.706163 3.488744 16.322138
 6780.000000 -844962.312500 794.995777 3.561924 3.571911 16.611434
 6800.000000 -844751.375000 795.827177 3.491901 3.530167 16.455854
 6820.000000 -844978.125000 795.640239 3.422022 3.140344 16.699797
 6840.000000 -845230.687500 796.902276 3.482368 3.271225 16.472530
 6860.000000 -845827.250000 791.883736 3.290708 3.457174 16.471759
 6880.000000 -843950.250000 795.677346 3.445144 3.469352 16.565302
 6900.000000 -846292.187500 792.683387 3.454363 3.620576 16.446666
 6920.000000 -845454.312500 796.714149 3.604800 3.505332 16.512668
 6940.000000 -844819.625000 794.871051 3.222032 3.414993 16.613831
 6960.000000 -843428.437500 796.697301 3.214553 3.748523 16.782141
 6980.000000 -844210.750000 795.003646 3.258329 3.841579 16.562008
 7000.000000 -844324.562500 795.874805 3.293095 3.374910 16.751038
 7020.000000 -845771.937500 795.133396 3.465952 3.011339 16.760049
 7040.000000 -844427.937500 795.241263 3.367660 3.179093 16.693032
 7060.000000 -843132.750000 795.901544 3.307259 3.104093 16.522086
 7080.000000 -843654.250000 795.876155 3.507242 3.434944 16.592218
 7100.000000 -842678.937500 794.849064 3.754837 3.612283 16.621991
 7120.000000 -845145.500000 792.736083 3.433662 3.468781 16.756124
 7140.000000 -846245.875000 795.024622 3.500281 3.586827 16.284614
 7160.000000 -846036.812500 793.015266 3.204293 3.339010 16.197332
 7180.000000 -845374.125000 791.896900 3.245837 3.431044 16.332625
 7200.000000 -846112.812500 794.526931 3.418356 3.536925 16.282372
 7220.000000 -844574.812500 793.586517 3.248140 3.308696 16.189187
 7240.000000 -844093.125000 795.576619 3.191489 3.496747 16.257826
 7260.000000 -844852.937500 794.541594 3.477728 3.445199 16.230887
 7280.000000 -844911.187500 793.143042 3.397413 3.229955 16.189101
 7300.000000 -846049.625000 793.000940 3.095227 3.191313 16.374961
 7320.000000 -844622.000000 795.307153 3.291639 3.483275 16.542416
 7340.000000 -844105.437500 798.100309 3.126105 3.412590 16.501865
 7360.000000 -844668.875000 795.618067 3.352695 3.590451 16.449638
 7380.000000 -844103.937500 794.176329 3.305597 3.554956 16.546036
 7400.000000 -844128.437500 792.076121 3.402714 3.393033 16.662133
 7420.000000 -843826.250000 793.003882 3.236581 3.454906 16.584359
 7440.000000 -843477.250000 796.756518 3.153207 3.399816 16.568666
 7460.000000 -845194.062500 794.325447 3.283755 3.400012 16.523613
 7480.000000 -844405.062500 794.413510 3.381920 3.393756 16.506464
 7500.000000 -844550.625000 796.352745 3.554515 3.227874 16.418784
 7520.000000 -846210.250000 796.064479 3.399598 3.203735 16.456757
 7540.000000 -844903.687500 794.439959 3.488862 3.353170 16.249507
 7560.000000 -842548.125000 796.096456 3.346032 3.315680 16.458954
 7580.000000 -845517.750000 793.621782 3.461573 3.325932 16.245297
 7600.000000 -843713.687500 796.806547 3.457512 3.136744 16.486396
 7620.000000 -843418.187500 796.101332 3.413968 3.389845 16.546508
 7640.000000 -842907.562500 795.525475 3.656151 3.317943 16.765497
 7660.000000 -841718.875000 799.858148 3.716276 3.137167 6.341577
 7680.000000 -842949.625000 797.520080 3.634657 3.185801 6.525034
 7700.000000 -841841.375000 798.597999 3.586053 3.094157 6.639836
 7720.000000 -843335.062500 796.349163 3.587508 3.194636 6.647555
 7740.000000 -843557.437500 796.726488 3.553046 3.312024 6.706943
 7760.000000 -842329.875000 798.714088 3.399719 3.252899 6.888782
 7780.000000 -840675.500000 799.419404 3.367565 3.341763 7.093165
 7800.000000 -843066.812500 799.172015 3.318595 3.345581 7.235143
 7820.000000 -841549.625000 798.873863 3.251602 3.292912 7.456822
 7840.000000 -842073.312500 797.642473 3.561009 3.079733 8.107106
 7860.000000 -842825.875000 797.727706 3.311467 2.976609 10.378903
 7880.000000 -845453.562500 793.734467 3.398768 2.973139 11.261185
 7900.000000 -841959.750000 797.867692 3.295569 2.877525 11.486067
 7920.000000 -843674.000000 795.258398 3.242993 2.981710 11.543209
 7940.000000 -842690.500000 796.360954 3.318372 3.019162 12.525660
 7960.000000 -844479.812500 793.204263 3.606580 3.136174 13.977231
 7980.000000 -845315.437500 792.218688 3.389718 3.110855 15.576490
 8000.000000 -844478.500000 794.443177 3.280831 3.082007 15.909399
 8020.000000 -844330.687500 792.555446 3.564161 3.494492 16.351599
 8040.000000 -844832.750000 795.689802 3.438633 3.494873 16.314437
 8060.000000 -846265.875000 793.514467 3.393802 3.409881 16.192673
 8080.000000 -843922.125000 793.305099 3.269840 3.309805 16.393155
 8100.000000 -844550.312500 792.919857 3.325109 3.222237 16.304913
 8120.000000 -844275.562500 791.922455 3.199941 3.325579 16.303014
 8140.000000 -844296.000000 794.180568 3.196594 3.441783 16.452323
 8160.000000 -844438.375000 794.100859 3.171848 3.544177 16.388513
 8180.000000 -843183.625000 795.371723 3.248360 3.608998 16.516240
 8200.000000 -845834.187500 791.938492 3.431719 3.481621 16.505159
 8220.000000 -845842.062500 791.261246 3.520480 3.649219 16.524546
 8240.000000 -844923.187500 793.883455 3.291473 3.572841 16.505064
 8260.000000 -844305.000000 794.532656 3.230772 3.468929 16.318015
 8280.000000 -844773.875000 794.176901 3.438796 3.394623 16.374828
 8300.000000 -845112.250000 795.758673 3.929757 3.462063 16.549420
 8320.000000 -844705.437500 794.133154 3.638709 3.598184 16.666699
 8340.000000 -844939.875000 792.452363 3.407057 3.802542 16.423912
 8360.000000 -847056.625000 793.338268 3.113941 3.437523 16.314129
 8380.000000 -845479.187500 792.907492 3.392738 3.342922 16.387552
 8400.000000 -846481.812500 795.528775 3.392073 3.356717 16.537732
 8420.000000 -843433.062500 793.012964 3.076277 3.397079 16.602797
 8440.000000 -843887.312500 795.253726 3.201035 3.378202 16.485201
 8460.000000 -844486.562500 794.098756 3.308839 3.545984 16.601385
 8480.000000 -844239.062500 793.706477 3.366902 3.481909 16.441630
 8500.000000 -844620.000000 791.778390 3.337739 3.193909 16.589378
 8520.000000 -846893.812500 793.173123 3.401921 3.282350 16.487769
 8540.000000 -844647.500000 794.227694 3.248106 3.457159 16.543260
 8560.000000 -844714.937500 792.240459 3.229848 3.302995 16.451406
 8580.000000 -845680.375000 794.486544 3.403960 2.959631 16.382661
 8600.000000 -845647.750000 795.995417 3.426782 3.263277 16.405725
 8620.000000 -844004.937500 794.090570 3.508206 3.451898 16.386116
 8640.000000 -845346.625000 793.780325 3.244015 3.265304 16.495247
 8660.000000 -845387.750000 792.608524 3.346332 3.436362 16.486308
 8680.000000 -845153.125000 791.176252 3.102687 3.693728 16.453005
 8700.000000 -845537.000000 793.663232 3.063152 3.516296 16.514910
 8720.000000 -845653.500000 793.809402 2.978549 3.598177 16.557044
 8740.000000 -847005.000000 792.680651 3.150207 3.643242 16.617639
 8760.000000 -846154.750000 793.191275 3.216135 3.501594 16.724880
 8780.000000 -845163.437500 793.195910 3.416256 3.591052 16.623871
 8800.000000 -843658.687500 792.099918 3.386563 3.575612 16.603702
 8820.000000 -844705.062500 793.125926 3.421845 3.358161 16.491486
 8840.000000 -846178.812500 792.662944 3.207970 3.401368 16.672902
 8860.000000 -844257.312500 793.545403 3.067198 3.328812 16.781458
 8880.000000 -845716.437500 793.499834 3.241464 3.574670 16.741361
 8900.000000 -846587.187500 790.043237 3.490320 3.350482 16.366081
 8920.000000 -844677.875000 793.368669 3.596474 3.376105 16.452691
 8940.000000 -845454.000000 793.396740 3.576094 3.431949 16.445541
 8960.000000 -843579.187500 793.391704 3.321445 3.216311 16.379262
 8980.000000 -845102.312500 791.517070 3.186298 3.623802 16.420328
 9000.000000 -845074.312500 792.078243 3.156608 3.626731 16.492786
 9020.000000 -846121.812500 793.886411 3.069450 3.569152 16.454023
 9040.000000 -843243.625000 795.461928 3.517749 3.589854 16.556385
 9060.000000 -843958.125000 791.948328 3.297617 3.233316 16.537730
 9080.000000 -844649.437500 793.169749 3.448644 3.285843 16.709125
 9100.000000 -844734.437500 791.055654 3.059022 3.305521 16.556324
 9120.000000 -846251.125000 791.870501 3.384875 3.245502 16.621243
 9140.000000 -844531.500000 794.226418 3.346812 3.466588 16.450621
 9160.000000 -845653.437500 794.024020 3.018512 3.485003 16.309714
 9180.000000 -845174.187500 793.975186 3.122279 3.627870 16.201871
 9200.000000 -843621.375000 794.132427 3.380147 3.544864 15.982415
 9220.000000 -844653.375000 792.579407 3.515945 3.407105 16.348859
 9240.000000 -846093.687500 792.336278 3.666812 3.275151 16.487117
 9260.000000 -845596.562500 794.104635 3.717690 3.142535 16.616430
 9280.000000 -845022.750000 791.969077 3.610407 3.518620 16.696813
 9300.000000 -846665.687500 794.064909 3.477906 3.243278 16.828295
 9320.000000 -843967.312500 794.064448 3.405314 3.349183 16.779850
 9340.000000 -846115.687500 792.175480 3.347037 3.545223 16.584772
 9360.000000 -844403.375000 795.452653 3.541451 3.335821 16.477556
 9380.000000 -845735.750000 792.199499 3.676089 3.501544 16.390461
 9400.000000 -843932.437500 794.298004 3.390623 3.281669 16.647352
 9420.000000 -846727.812500 792.449879 3.478361 3.202947 16.352056
 9440.000000 -844803.750000 794.282719 3.313949 3.395824 16.534154
 9460.000000 -844389.187500 794.552450 3.457664 3.520014 16.520915
 9480.000000 -846061.250000 795.333587 3.400043 3.476155 16.552161
 9500.000000 -843826.937500 796.441877 3.263070 3.332945 16.621232
 9520.000000 -844257.000000 793.042747 3.258757 3.269165 16.600511
 9540.000000 -846156.375000 792.196552 3.384787 3.010748 16.597340
 9560.000000 -844239.562500 795.646552 3.340783 2.958188 16.704048
 9580.000000 -846365.687500 792.872354 3.649613 3.145399 16.670814
 9600.000000 -844403.875000 793.248764 3.588337 3.235723 16.398534
 9620.000000 -844602.125000 795.052484 3.562886 3.410643 16.180656
 9640.000000 -844795.500000 794.233472 3.427098 3.366336 16.656654
 9660.000000 -846181.812500 791.694763 3.552989 3.262850 16.863437
 9680.000000 -846331.937500 793.268552 3.307802 3.244114 16.822016
 9700.000000 -846092.312500 793.046455 3.285078 3.238815 16.478617
 9720.000000 -845470.000000 793.363923 3.223540 3.317170 16.257838
 9740.000000 -844680.187500 797.382893 3.280396 3.256494 16.575464
 9760.000000 -845484.562500 793.865678 3.618361 3.254447 16.413860
 9780.000000 -845369.500000 792.712013 3.528095 3.341749 16.466705
 9800.000000 -845060.750000 795.004797 3.170043 3.311261 16.700296
 9820.000000 -844164.250000 795.603920 3.474075 3.309597 16.801859
 9840.000000 -844842.687500 793.035624 3.318412 3.489992 16.597734
 9860.000000 -845788.437500 791.407783 3.076520 3.348524 16.598631
 9880.000000 -844805.750000 793.971081 3.317109 3.209893 16.600323
 9900.000000 -845151.812500 794.204331 3.240211 3.320501 16.372560
 9920.000000 -844573.125000 793.816465 3.623010 3.409172 16.463839
 9940.000000 -843214.500000 796.768888 3.339773 3.303035 16.567327
 9960.000000 -843498.500000 793.544377 3.303374 3.126167 16.546103
 9980.000000 -845162.937500 792.987135 3.309110 3.407160 16.504587
 10000.000000 -844122.062500 794.667244 3.562379 3.203459 16.229346
 10020.000000 -847251.812500 796.594348 3.257169 3.344923 16.454028
 10040.000000 -844917.937500 797.045405 3.240924 3.236084 16.598904
 10060.000000 -844024.062500 795.238012 2.998030 3.404972 16.356756
 10080.000000 -845423.937500 794.591799 2.810711 3.311476 16.251760
 10100.000000 -845901.187500 794.107783 3.333343 3.428599 16.318758
 10120.000000 -844507.687500 793.986850 3.850856 3.468228 16.520744
 10140.000000 -844834.812500 794.851252 3.440215 3.230689 16.878856
 10160.000000 -846016.000000 796.252807 3.212107 3.078395 16.791296
 10180.000000 -846756.750000 792.578280 3.313465 3.394613 16.697280
 10200.000000 -843330.312500 794.853683 3.377802 3.513821 16.656794
 10220.000000 -844779.500000 794.015108 3.053447 3.548439 16.367148
 10240.000000 -843773.750000 795.835333 3.362311 3.190608 16.410706
 10260.000000 -842995.500000 795.140566 3.537572 3.196988 16.648903
 10280.000000 -844252.437500 794.686835 3.648615 2.992019 16.373326
 10300.000000 -845492.687500 794.371642 3.553579 3.293975 16.595548
 10320.000000 -844291.187500 792.944101 3.654281 3.141493 16.483397
 10340.000000 -844743.187500 792.129696 3.499595 3.356075 16.575763
 10360.000000 -845337.375000 793.764034 3.407017 3.406922 16.382736
 10380.000000 -842930.375000 795.351013 3.635014 3.465023 16.179204
 10400.000000 -842905.375000 792.788978 3.564381 3.567409 16.316134
 10420.000000 -846611.125000 796.802395 3.335964 3.637479 16.352871
 10440.000000 -842976.687500 795.271873 3.276123 3.448184 16.536270
 10460.000000 -844236.937500 794.738329 3.320914 3.445448 16.605334
 10480.000000 -842909.437500 793.925990 3.052415 3.240100 16.669075
 10500.000000 -845124.625000 793.196438 3.132686 3.168790 16.723531
 10520.000000 -846020.187500 790.791867 3.191989 3.309021 16.610043
 10540.000000 -844394.562500 793.815281 3.477017 3.235499 16.134893
 10560.000000 -844547.125000 791.523774 3.348996 3.399437 16.446412
 10580.000000 -844771.312500 791.005002 3.467630 3.557693 16.307840
 10600.000000 -845234.250000 793.156428 3.387627 3.432218 16.527403
 10620.000000 -845506.500000 795.857424 3.528410 3.274121 16.705476
 10640.000000 -844522.125000 792.266023 3.325779 3.685522 16.648100
 10660.000000 -844407.312500 793.636654 3.352361 3.667196 16.729962
 10680.000000 -845337.000000 792.842804 3.452249 3.439792 16.829095
 10700.000000 -844517.000000 794.146070 3.403965 3.015467 16.860607
 10720.000000 -845382.812500 792.650392 3.495863 3.303775 16.887365
 10740.000000 -846774.437500 791.897843 3.516030 3.385354 16.411319
 10760.000000 -843348.312500 794.652435 3.380011 3.241971 16.279984
 10780.000000 -847144.250000 790.950032 3.814833 3.360075 16.460665
 10800.000000 -843757.937500 795.597254 3.608454 3.554569 16.486104
 10820.000000 -845067.562500 794.155299 3.237801 3.616769 16.425222
 10840.000000 -842732.500000 794.460775 3.364820 3.630776 16.583565
 10860.000000 -845364.437500 792.239250 3.439108 3.371711 16.534276
 10880.000000 -844434.625000 792.696968 3.210791 3.225642 16.497476
 10900.000000 -846456.500000 792.416535 3.201514 3.215896 16.471575
 10920.000000 -843690.625000 794.722752 3.338912 3.388412 16.347362
 10940.000000 -843406.937500 793.638884 3.284707 3.158200 16.064478
 10960.000000 -845866.187500 793.201710 3.361488 3.405467 16.120169
 10980.000000 -845528.062500 794.243414 3.201450 3.519135 16.313216
 11000.000000 -841679.000000 797.816160 3.403041 3.309978 16.289980
 11020.000000 -844896.562500 794.644198 3.571593 3.590588 16.512832
 11040.000000 -845075.875000 795.325293 3.241445 3.564758 16.689403
 11060.000000 -843385.187500 795.679024 3.472235 3.358464 16.591548
 11080.000000 -845216.562500 795.791767 3.435249 3.362666 16.647948
 11100.000000 -845781.937500 794.014378 3.307866 3.148853 16.397138
 11120.000000 -844767.500000 792.360021 3.496908 3.029061 16.334176
 11140.000000 -845765.000000 792.211297 3.514437 3.314528 16.478165
 11160.000000 -843787.000000 794.147521 3.333877 3.446398 16.442759
 11180.000000 -845000.562500 794.674938 3.524404 3.287166 16.535841
 11200.000000 -845329.937500 793.896300 3.595938 3.078771 16.728890
 11220.000000 -844412.812500 792.408409 3.326247 3.198459 16.553005
 11240.000000 -845319.750000 793.466569 3.328497 3.386724 16.460874
 11260.000000 -843641.812500 796.345338 3.259708 3.343173 16.522353
 11280.000000 -845955.375000 793.397219 3.440232 3.083441 16.348585
 11300.000000 -845095.062500 796.303990 3.533270 3.202507 16.116016
 11320.000000 -843925.375000 795.099071 3.147689 3.422523 16.402116
 11340.000000 -846873.812500 793.190995 3.283211 3.337950 16.428054
 11360.000000 -845514.375000 792.461755 3.519237 3.582256 16.388798
 11380.000000 -846936.187500 793.082988 3.283818 3.298838 16.784084
 11400.000000 -844970.875000 795.499611 3.372377 3.579527 16.737972
 11420.000000 -843542.187500 793.947567 3.279210 3.341916 16.370472
 11440.000000 -845795.375000 793.410520 3.355355 3.190619 16.516987
 11460.000000 -845143.250000 793.987600 3.301420 3.251038 16.575217
 11480.000000 -844592.625000 795.600095 3.387360 3.375734 16.538493
 11500.000000 -845083.125000 793.987527 3.615281 3.404624 16.578414
 11520.000000 -845246.312500 794.836302 3.606235 3.398631 16.365723
 11540.000000 -843358.437500 792.580063 3.150802 3.179826 16.506956
 11560.000000 -843116.937500 792.569717 3.013567 3.360510 16.605809
 11580.000000 -844147.750000 794.173283 3.275025 3.303099 16.480353
 11600.000000 -843277.062500 794.381933 3.439073 3.548238 16.504503
 11620.000000 -844287.250000 797.350246 3.689575 3.453576 16.591320
 11640.000000 -845250.750000 792.726722 3.708655 3.567710 16.704819
 11660.000000 -844135.000000 793.779512 3.425694 3.549804 16.574584
 11680.000000 -844924.562500 790.139278 3.245513 3.689237 16.460532
 11700.000000 -844729.875000 791.960340 3.019820 3.509408 16.305121
 11720.000000 -843635.375000 795.125878 3.441954 3.540702 16.574857
 11740.000000 -844926.812500 793.211875 3.369839 3.538222 16.676194
 11760.000000 -842935.625000 795.442018 3.474407 3.468487 16.573315
 11780.000000 -845551.375000 792.191146 3.221766 3.450890 16.577729
 11800.000000 -845607.625000 793.417880 3.040991 3.289035 16.560057
 11820.000000 -846947.937500 791.601767 3.154726 3.139104 16.433922
 11840.000000 -842918.312500 794.871427 3.201251 3.370804 16.520464
 11860.000000 -845510.250000 793.768286 3.144526 3.670663 16.322330
 11880.000000 -845344.312500 794.116477 3.334727 3.475309 16.464171
 11900.000000 -844503.562500 790.108644 3.518888 3.398331 16.650193
 11920.000000 -844334.625000 793.849353 3.339179 3.483503 16.876799
 11940.000000 -845392.250000 793.494461 3.411561 3.222554 16.554920
 11960.000000 -844747.625000 792.608475 3.432684 3.338794 16.608291
 11980.000000 -843485.062500 797.489896 3.429241 3.274943 16.998486
 12000.000000 -843871.187500 793.362858 3.375510 3.247786 16.566264
 12020.000000 -842563.875000 795.214773 3.248656 3.342263 16.242530
 12040.000000 -844013.625000 796.516326 3.208455 3.458523 16.453640
 12060.000000 -845538.125000 794.979648 3.282214 3.440245 16.634014
 12080.000000 -846776.500000 792.566207 3.433529 3.182773 16.455916
 12100.000000 -844322.625000 796.553064 3.389917 3.541153 16.349012
 12120.000000 -843114.375000 794.769980 3.470217 3.419005 16.239937
 12140.000000 -845992.437500 793.614777 3.661463 3.397686 16.212519
 12160.000000 -845935.812500 791.872858 3.374971 3.312321 16.324183
 12180.000000 -843581.062500 794.889242 3.082465 3.389415 16.558583
 12200.000000 -847515.562500 794.511995 3.773871 3.426684 16.374516
 12220.000000 -843372.312500 793.662294 3.330297 3.538991 16.421130
 12240.000000 -845545.812500 791.036961 3.284696 3.342352 16.359494
 12260.000000 -844617.750000 793.151456 3.287748 3.172311 16.414905
 12280.000000 -845574.625000 792.219345 3.237623 3.267309 16.292260
 12300.000000 -844707.000000 794.382319 3.453225 3.298632 16.267358
 12320.000000 -845211.562500 794.206737 3.411091 3.198885 16.128211
 12340.000000 -844517.937500 794.663599 3.166224 3.500051 16.205875
 12360.000000 -847529.437500 790.514339 3.571237 3.421618 16.340160
 12380.000000 -846235.750000 791.069778 3.404459 3.619368 16.411778
 12400.000000 -842463.812500 794.589373 3.439778 3.386746 16.215707
 12420.000000 -842572.875000 794.105496 3.086648 3.403399 16.500070
 12440.000000 -844037.875000 793.470551 3.506524 3.462966 16.446868
 12460.000000 -843804.062500 795.763680 3.500232 3.710369 16.427163
 12480.000000 -844507.062500 792.392010 3.228684 3.719448 16.583398
 12500.000000 -845010.875000 793.049639 3.407232 3.530225 16.516636
 12520.000000 -845938.562500 792.855069 3.338212 3.478164 16.572845
 12540.000000 -844234.687500 795.161159 3.483335 3.664226 16.391199
 12560.000000 -845733.437500 794.786806 3.441346 3.443490 16.681314
 12580.000000 -844106.687500 792.555964 3.381017 3.326066 16.550737
 12600.000000 -843551.437500 795.304158 3.247281 3.329497 16.374317
 12620.000000 -845351.250000 795.508684 3.291468 3.222596 16.386727
 12640.000000 -845246.875000 795.139861 3.372094 3.265849 16.392619
 12660.000000 -845044.437500 793.210457 3.407893 3.488781 16.407128
 12680.000000 -842106.000000 796.505517 3.267286 3.472744 16.542450
 12700.000000 -842991.437500 795.124470 3.121604 3.257425 16.533547
 12720.000000 -844658.500000 795.517573 3.329962 3.255587 16.452936
 12740.000000 -844200.312500 794.929888 3.308944 3.493317 16.408620
 12760.000000 -844028.687500 795.365268 3.549789 3.411901 15.994264
 12780.000000 -844434.000000 792.675330 3.497448 3.549948 15.961358
 12800.000000 -843774.187500 794.674291 3.370950 3.207387 16.119767
 12820.000000 -844763.375000 795.863070 3.445263 3.396270 16.460869
 12840.000000 -844754.187500 797.076583 3.336965 3.438718 16.532880
 12860.000000 -843728.562500 794.586374 3.324249 3.549469 16.550376
 12880.000000 -845865.687500 795.008214 3.606449 3.382923 16.699899
 12900.000000 -845334.187500 792.923311 3.427255 3.356157 16.573595
 12920.000000 -844192.187500 792.817097 3.509601 3.500219 16.716819
 12940.000000 -843544.687500 794.919318 3.301440 3.326826 16.725790
 12960.000000 -843265.250000 794.370944 3.390858 3.432426 16.416973
 12980.000000 -845886.000000 790.942518 3.411713 3.517975 16.698454
 13000.000000 -845648.687500 791.945622 3.443017 3.164312 16.494451
 13020.000000 -845405.062500 795.128883 3.230092 3.390718 16.453454
 13040.000000 -844825.000000 795.164080 3.584572 3.580654 16.509244
 13060.000000 -843679.062500 794.363973 3.670037 3.441793 16.574985
 13080.000000 -845462.062500 795.241838 3.479622 3.255174 16.411591
 13100.000000 -845251.500000 792.546701 3.233774 3.560913 16.179316
 13120.000000 -846428.812500 790.536125 3.579499 3.511221 16.126866
 13140.000000 -845402.687500 792.533153 3.665747 3.261699 16.517921
 13160.000000 -845376.750000 793.360660 3.605587 3.288703 16.467385
 13180.000000 -845015.687500 793.704645 3.337488 3.235981 16.567862
 13200.000000 -844873.062500 795.179478 3.286023 3.380642 16.436021
 13220.000000 -844460.437500 794.857256 3.232869 3.361704 16.260516
 13240.000000 -842686.562500 794.618714 3.495671 3.511708 16.519715
 13260.000000 -845380.000000 792.197183 3.232741 3.326372 16.408554
 13280.000000 -842996.625000 794.622538 3.333267 3.516972 16.582399
 13300.000000 -843043.625000 795.231314 3.282104 3.442443 16.706930
 13320.000000 -844306.375000 792.486517 3.377895 3.405192 16.568838
 13340.000000 -843515.812500 794.022527 3.509789 3.352327 16.651869
 13360.000000 -843995.812500 796.466437 3.505691 2.938627 16.455200
 13380.000000 -845771.875000 795.511507 3.381593 3.378682 16.569674
 13400.000000 -847326.187500 792.434832 3.229095 3.395419 16.586568
 13420.000000 -844683.687500 793.338105 3.508689 3.518615 16.594801
 13440.000000 -842752.687500 796.224214 3.237550 3.440394 16.562214
 13460.000000 -844645.875000 793.729458 3.135165 3.424661 16.529352
 13480.000000 -844580.062500 794.833465 3.281462 3.509840 16.450993
 13500.000000 -842920.312500 796.437897 3.467692 3.518798 16.777169
 13520.000000 -845610.000000 793.637382 3.527682 3.276211 16.399847
 13540.000000 -843200.687500 796.277749 3.466226 3.143216 16.391835
 13560.000000 -844781.000000 796.093779 3.523007 3.475425 16.375904
 13580.000000 -843978.187500 794.506698 3.361182 3.646586 16.564176
 13600.000000 -844628.375000 793.989184 3.411342 3.388087 16.500244
 13620.000000 -845305.937500 792.819846 3.278029 3.161338 16.524818
 13640.000000 -844336.687500 795.414006 3.142630 3.535390 16.346425
 13660.000000 -845308.875000 795.350896 3.051489 3.619549 16.396780
 13680.000000 -843481.312500 795.693327 3.196259 3.413408 16.598732
 13700.000000 -845050.687500 795.207435 3.374924 3.418427 16.383818
 13720.000000 -844177.312500 797.558808 3.215138 3.411790 16.502463
 13740.000000 -846021.562500 792.354135 3.392040 3.297348 16.495338
 13760.000000 -844152.500000 796.606589 3.408333 3.461335 16.327122
 13780.000000 -843400.250000 795.834495 3.446171 3.387888 16.461783
 13800.000000 -844634.125000 793.190715 3.315432 3.353009 16.500188
 13820.000000 -845118.875000 795.699815 3.461869 3.536065 16.534944
 13840.000000 -846157.625000 793.082156 3.508872 3.420822 16.564782
 13860.000000 -846375.937500 792.075584 3.592992 3.481488 16.560588
 13880.000000 -844956.562500 795.929791 3.344253 3.504442 16.660328
 13900.000000 -844821.687500 794.783445 3.612056 3.336431 16.640445
 13920.000000 -845691.812500 794.716398 3.365447 3.213786 16.747864
 13940.000000 -846198.375000 793.119922 3.501413 3.329627 16.561678
 13960.000000 -845024.500000 791.682450 3.355444 3.460884 16.589857
 13980.000000 -844166.750000 795.957698 3.264054 3.155780 16.697845
 14000.000000 -845129.687500 793.279430 3.200845 3.197087 16.225342
 14020.000000 -844849.500000 792.461748 3.252072 3.291072 16.460428
 14040.000000 -843946.937500 795.272871 3.437077 3.346731 16.688062
 14060.000000 -844932.625000 793.605080 3.672522 3.461314 16.794842
 14080.000000 -843869.250000 795.900348 3.573444 3.417511 16.307024
 14100.000000 -846323.375000 795.120085 3.393284 3.459053 16.582319
 14120.000000 -845014.875000 793.952221 3.509961 3.522160 16.190602
 14140.000000 -845774.062500 795.330883 3.538353 3.318420 16.249992
 14160.000000 -843929.000000 795.018324 3.239635 3.156134 16.359917
 14180.000000 -843985.500000 794.096826 3.286516 3.191859 16.307269
 14200.000000 -843344.937500 796.360000 3.177987 3.311269 16.358196
 14220.000000 -846589.500000 791.138487 3.187434 3.165198 16.317616
 14240.000000 -843171.062500 794.457318 3.395218 3.201983 16.233105
 14260.000000 -845779.875000 794.773640 3.325489 3.202088 16.498703
 14280.000000 -843581.125000 794.207765 3.397260 3.486129 16.433185
 14300.000000 -844510.312500 793.549291 3.326262 3.430803 16.571178
 14320.000000 -845332.500000 794.213291 3.224732 3.370045 16.442337
 14340.000000 -844885.625000 792.725508 3.311961 3.429883 16.413822
 14360.000000 -847569.562500 792.436734 3.534950 3.544904 16.430058
 14380.000000 -843686.937500 794.778286 3.531940 3.392780 16.153718
 14400.000000 -844860.125000 794.654254 3.519948 3.513020 16.077989
 14420.000000 -845408.625000 793.353258 3.499599 3.361892 16.106392
 14440.000000 -844645.125000 794.561481 3.389482 3.325634 16.308417
 14460.000000 -844969.625000 792.814269 3.402915 3.521054 16.663497
 14480.000000 -844259.125000 797.809952 3.494037 3.458988 16.653866
 14500.000000 -845731.312500 792.797442 3.687622 3.374100 16.339349
 14520.000000 -844143.875000 794.480587 3.765193 3.124040 16.188247
 14540.000000 -842258.125000 795.490300 3.622468 3.311594 16.373003
 14560.000000 -844994.875000 793.558674 3.497879 3.381754 16.197448
 14580.000000 -845358.250000 793.148135 3.659369 3.406730 16.289885
 14600.000000 -845592.687500 791.815244 3.398606 3.357459 16.655641
 14620.000000 -844632.812500 792.382189 3.223621 3.112531 16.261810
 14640.000000 -842486.187500 794.641981 3.446686 3.162632 16.398441
 14660.000000 -846385.000000 791.977825 3.320229 3.255266 16.465661
 14680.000000 -843548.562500 793.359397 3.165688 3.426395 16.570033
 14700.000000 -845284.562500 792.182731 3.648363 3.488215 16.459313
 14720.000000 -847155.812500 791.847508 3.551512 3.410162 16.597953
 14740.000000 -845942.312500 794.347234 3.860831 3.545043 16.645831
 14760.000000 -844813.875000 792.533691 3.665147 3.555732 16.746824
 14780.000000 -845365.750000 792.183212 3.290682 3.391165 16.637654
 14800.000000 -843779.875000 794.135149 3.605999 3.260295 16.474049
 14820.000000 -843411.375000 793.985672 3.332401 3.313031 16.213016
 14840.000000 -841957.625000 795.765285 3.522877 3.300694 16.349897
 14860.000000 -844416.312500 794.768115 3.627202 3.598777 16.472910
 14880.000000 -845810.000000 793.057458 3.591996 3.318722 16.319235
 14900.000000 -843458.875000 796.223794 3.575694 3.490068 16.581183
 14920.000000 -845578.875000 793.637163 3.537388 3.425019 16.644694
 14940.000000 -844603.250000 792.698889 3.516664 3.213295 16.569340
 14960.000000 -843884.000000 796.308619 3.577949 3.315947 16.974428
 14980.000000 -844923.562500 793.915534 3.897504 3.082662 16.517344
 15000.000000 -842718.562500 796.015280 3.481557 3.477202 16.408856
 15020.000000 -842727.187500 796.963283 3.434558 3.297438 16.533459
 15040.000000 -844772.312500 793.137396 3.327318 3.397072 16.519963
 15060.000000 -845412.875000 790.598855 3.348052 3.339072 16.371137
 15080.000000 -845070.187500 794.041198 3.497331 3.193268 16.528019
 15100.000000 -846705.062500 793.063676 3.507705 3.345407 16.588755
 15120.000000 -843944.750000 795.589726 3.124735 3.487365 16.728498
 15140.000000 -845946.187500 792.778694 3.219310 3.366425 16.725102
 15160.000000 -845968.687500 791.474209 3.601863 3.492671 16.763144
 15180.000000 -842755.125000 793.148505 3.482922 3.178230 16.580589
 15200.000000 -845453.812500 792.579620 3.511759 3.042402 16.303211
 15220.000000 -844728.437500 795.684057 3.559420 3.207828 16.430781
 15240.000000 -844902.500000 795.793629 3.228419 3.317393 16.226447
 15260.000000 -847331.937500 794.393221 3.476766 3.452612 16.194575
 15280.000000 -845084.375000 794.171452 3.640368 3.289037 16.201540
 15300.000000 -843262.625000 795.099408 3.440911 3.287724 16.260508
 15320.000000 -843511.375000 792.412002 3.419635 3.099371 16.189006
 15340.000000 -845455.937500 793.624363 3.304665 3.189384 16.351799
 15360.000000 -844810.625000 790.690977 3.215050 3.500211 16.525680
 15380.000000 -845067.687500 793.403826 3.469786 3.515984 16.599957
 15400.000000 -846454.750000 793.861249 3.258043 3.324593 16.179260
 15420.000000 -841179.187500 794.255479 3.593827 3.379973 16.360483
 15440.000000 -845238.000000 794.185257 3.579720 3.485821 16.483440
 15460.000000 -845399.687500 795.879788 3.577254 3.492888 16.391301
 15480.000000 -846528.312500 795.221183 3.635946 3.626205 16.552911
 15500.000000 -844365.937500 793.493493 3.287250 3.510895 16.586574
 15520.000000 -844905.187500 794.604810 3.566418 3.601269 16.416651
 15540.000000 -845638.250000 793.078996 3.497008 3.476663 16.378096
 15560.000000 -845655.750000 795.606045 3.385531 3.260915 16.418702
 15580.000000 -845945.187500 795.133212 3.199598 3.359203 16.391983
 15600.000000 -844844.312500 797.222581 3.547807 3.554585 16.619470
 15620.000000 -845440.937500 794.438179 3.394961 3.549752 16.354949
 15640.000000 -845050.187500 795.758453 3.446470 3.486453 16.320816
 15660.000000 -845578.312500 798.103645 3.261848 3.384597 16.349056
 15680.000000 -844877.312500 794.049518 3.313356 3.736504 16.459161
 15700.000000 -846208.687500 795.455478 3.527037 3.521162 16.312282
 15720.000000 -845444.500000 790.868721 3.527265 3.405899 15.934183
 15740.000000 -844949.000000 794.103113 3.366740 3.479408 16.250295
 15760.000000 -843458.500000 794.171284 3.440638 3.388644 16.329788
 15780.000000 -846267.500000 795.865372 3.519774 3.344642 16.694408
 15800.000000 -845287.375000 795.351175 3.400615 3.532423 16.359311
 15820.000000 -843756.250000 793.902875 3.335289 3.222255 16.491116
 15840.000000 -844896.812500 793.810265 3.382780 3.346393 16.523273
 15860.000000 -844960.375000 793.101320 3.582349 3.421725 16.474777
 15880.000000 -845250.062500 791.752670 3.049117 3.558454 16.405238
 15900.000000 -845740.687500 795.355852 2.996029 3.312410 16.373031
 15920.000000 -845742.000000 792.028841 3.525288 3.193200 16.431930
 15940.000000 -845741.125000 791.757054 3.510003 3.256458 16.619910
 15960.000000 -845723.125000 793.392516 3.343500 3.377814 16.437755
 15980.000000 -844478.375000 796.156010 3.492686 3.037215 16.439140
 16000.000000 -843369.500000 793.734485 3.599454 3.124684 16.588688
 16020.000000 -846185.500000 792.552822 3.536332 3.601622 16.375287
 16040.000000 -845360.750000 793.607141 3.384539 3.480441 16.399584
 16060.000000 -845311.812500 794.846890 3.490163 3.405380 16.488812
 16080.000000 -844704.875000 795.482277 3.368297 3.342369 16.241663
 16100.000000 -844173.187500 792.873506 3.396985 3.530018 16.425995
 16120.000000 -844053.062500 793.849060 3.326489 3.178993 16.569966
 16140.000000 -844689.062500 795.232684 3.238190 3.244978 16.731104
 16160.000000 -844022.187500 795.046611 3.293948 3.406523 16.742690
 16180.000000 -845283.375000 794.694412 3.437578 3.530905 16.674349
 16200.000000 -846923.750000 792.479717 3.469571 3.693967 16.632278
 16220.000000 -845799.812500 794.782512 3.168787 3.369598 16.632340
 16240.000000 -848394.500000 791.120830 3.466886 3.439745 16.739602
 16260.000000 -844554.875000 792.709990 3.706460 3.799710 16.670031
 16280.000000 -845652.875000 794.788491 3.581743 3.808825 16.674730
 16300.000000 -844713.625000 792.713555 3.170897 3.754728 16.602051
 16320.000000 -846125.562500 792.702477 3.371098 3.564976 16.572534
 16340.000000 -844705.000000 794.061189 3.191170 3.432487 16.425785
 16360.000000 -846358.187500 792.261327 3.538922 3.509527 16.367959
 16380.000000 -845079.062500 792.889229 3.675496 3.574766 16.576723
 16400.000000 -845243.250000 791.757936 3.760859 3.455687 16.619931
 16420.000000 -843626.000000 793.711776 3.404492 3.442769 16.543920
 16440.000000 -844375.062500 792.709279 3.468168 3.532632 16.541488
 16460.000000 -843230.562500 796.669359 3.325773 3.642954 16.413927
 16480.000000 -844501.125000 794.052054 3.361946 3.526753 16.456814
 16500.000000 -844825.062500 797.539262 3.349111 3.475867 16.446348
 16520.000000 -844663.687500 796.815234 3.458546 3.652361 16.417734
 16540.000000 -844442.375000 795.231826 3.313930 3.662484 16.282952
 16560.000000 -844568.562500 795.011130 3.537485 3.270016 16.397694
 16580.000000 -845722.875000 792.510618 3.333929 3.264534 16.311290
 16600.000000 -845011.750000 795.628995 3.761991 3.366453 16.303017
 16620.000000 -843372.250000 795.698015 3.515650 3.387952 16.212413
 16640.000000 -844106.562500 795.043429 3.532336 3.580809 16.459534
 16660.000000 -844993.500000 795.609281 3.226643 3.617846 16.632048
 16680.000000 -845008.562500 792.866174 3.339019 3.668779 16.525736
 16700.000000 -845238.187500 795.028715 3.463669 3.557934 16.671386
 16720.000000 -845094.437500 793.586917 3.248634 3.495376 16.545590
 16740.000000 -844210.312500 791.550684 3.423749 3.514897 16.642870
 16760.000000 -845132.437500 792.438248 3.255991 3.578056 16.188597
 16780.000000 -847455.000000 794.591829 3.363174 3.568558 16.381340
 16800.000000 -846432.812500 792.166212 3.663014 3.378153 16.611385
 16820.000000 -846412.375000 792.746764 3.543618 3.447147 16.671614
 16840.000000 -845049.875000 796.095948 3.822233 3.180856 16.447476
 16860.000000 -844273.625000 793.120850 3.720231 3.508893 16.684391
 16880.000000 -845810.125000 792.170182 3.744334 3.663883 16.649220
 16900.000000 -843497.625000 794.092506 3.494287 3.658762 16.691196
 16920.000000 -845118.937500 793.438244 3.487104 3.259911 16.491282
 16940.000000 -845916.625000 792.310592 3.295626 3.164887 16.744593
 16960.000000 -845944.500000 792.692457 3.570912 3.388643 16.683330
 16980.000000 -844558.062500 791.795344 3.544458 3.473243 16.724179
 17000.000000 -843560.250000 793.755413 3.414706 3.458290 16.461299
 17020.000000 -844011.312500 795.149296 3.429831 3.091292 16.473861
 17040.000000 -845845.187500 794.076393 3.677696 3.390501 16.582244
 17060.000000 -843153.250000 793.445087 3.335340 3.376506 16.614718
 17080.000000 -845273.125000 793.952499 3.371062 3.381625 16.575793
 17100.000000 -845029.437500 794.120726 3.572198 3.228289 16.647052
 17120.000000 -843488.750000 794.110452 3.427758 3.244788 16.464732
 17140.000000 -843267.000000 796.301186 3.409035 3.466224 16.510803
 17160.000000 -846107.437500 792.788940 3.405928 3.540633 16.340515
 17180.000000 -844494.312500 795.484934 3.422974 3.458509 16.776963
 17200.000000 -845148.187500 791.785457 3.478165 3.331375 16.799162
 17220.000000 -843544.125000 793.400130 3.463102 3.450010 16.467913
 17240.000000 -844269.125000 794.555519 3.309798 3.325043 16.256752
 17260.000000 -843713.062500 794.586791 3.204406 3.313840 16.569913
 17280.000000 -846858.500000 792.064581 3.334448 3.294419 16.541209
 17300.000000 -844464.125000 794.296457 3.357026 3.219578 16.168939
 17320.000000 -846658.250000 791.940931 3.688280 3.325353 16.205155
 17340.000000 -844097.437500 794.667835 3.471194 3.188979 16.391392
 17360.000000 -844056.437500 793.340127 3.527282 3.215505 16.570099
 17380.000000 -845783.937500 790.920264 3.556322 3.318990 16.679439
 17400.000000 -843457.812500 794.285783 3.552195 3.355680 16.746074
 17420.000000 -841685.187500 799.122740 3.733058 3.329329 7.260024
 17440.000000 -842329.125000 798.683079 3.719368 3.675298 9.948290
 17460.000000 -843158.687500 799.329225 3.529541 3.875706 11.023653
 17480.000000 -843870.625000 797.876492 3.423900 3.736464 11.567797
 17500.000000 -843463.437500 797.784675 3.327816 3.419850 12.690887
 17520.000000 -844837.875000 794.804291 3.610180 3.346241 14.646024
 17540.000000 -844175.875000 792.979927 3.376425 3.607866 15.686547
 17560.000000 -845386.187500 794.508705 3.167821 3.293880 15.858169
 17580.000000 -844594.250000 794.618694 3.315726 3.244510 16.347214
 17600.000000 -846664.875000 792.811548 3.481879 3.385073 16.431881
 17620.000000 -845886.937500 792.790428 3.482046 3.445778 16.465123
 17640.000000 -843828.187500 794.480973 3.423109 3.496247 16.415696
 17660.000000 -846326.875000 792.852413 3.409294 3.317900 16.581629
 17680.000000 -845031.000000 795.640158 3.633217 3.484914 16.671629
 17700.000000 -844467.375000 795.407317 3.470759 3.448573 16.587587
 17720.000000 -845394.812500 792.266454 3.245930 3.306159 16.508330
 17740.000000 -844946.875000 793.875777 3.452156 3.533380 16.597796
 17760.000000 -844414.625000 793.432766 3.444714 3.428233 16.479777
 17780.000000 -845573.812500 794.041873 3.325824 3.380872 16.469468
 17800.000000 -845142.437500 792.583835 3.338422 3.519415 16.186941
 17820.000000 -846567.187500 792.725555 3.356639 3.724077 16.485983
 17840.000000 -843629.500000 794.983351 3.785508 3.334864 16.607897
 17860.000000 -843409.062500 792.752578 3.550289 3.368927 16.464714
 17880.000000 -844195.687500 793.767615 3.680241 3.425856 16.468126
 17900.000000 -847838.875000 792.242566 3.541839 3.071881 16.521349
 17920.000000 -845503.312500 792.792505 3.500900 3.159439 16.455526
 17940.000000 -844876.062500 794.877573 3.428142 3.264460 16.484561
 17960.000000 -843716.187500 794.665226 3.204154 3.229892 16.506913
 17980.000000 -844135.687500 793.330422 3.372423 3.471605 16.642953
 18000.000000 -846270.000000 793.499146 3.611482 3.483768 16.842042
 18020.000000 -843504.500000 795.148390 3.446037 3.423288 16.528475
 18040.000000 -845030.437500 796.690822 3.403518 3.287896 16.246132
 18060.000000 -844521.312500 795.254411 3.509340 3.187313 16.178268
 18080.000000 -845516.875000 794.342916 3.728361 3.248625 16.438391
 18100.000000 -846138.125000 791.490578 3.593859 3.346330 16.391591
 18120.000000 -845506.250000 793.848557 3.434408 3.164284 16.578505
 18140.000000 -846244.937500 793.343023 3.455983 3.219141 16.517793
 18160.000000 -844463.750000 793.337591 3.483103 3.311810 16.555477
 18180.000000 -844438.062500 795.642019 3.055769 3.302316 16.603028
 18200.000000 -844868.250000 793.179699 3.156498 3.416453 16.527391
 18220.000000 -845048.937500 796.231123 3.250760 3.413951 16.589904
 18240.000000 -846615.187500 792.020378 3.311429 3.396351 16.352452
 18260.000000 -844476.562500 793.760441 3.337284 3.616215 16.511921
 18280.000000 -846443.125000 795.092406 3.506480 3.693203 16.275927
 18300.000000 -845018.375000 792.490753 3.316646 3.631434 16.317909
 18320.000000 -843811.125000 793.370719 3.301949 3.407417 16.559840
 18340.000000 -844808.000000 796.533213 3.310722 3.337694 16.686427
 18360.000000 -844817.562500 792.726494 3.346368 3.171970 16.638408
 18380.000000 -844905.937500 794.724123 3.469708 3.165115 16.498301
 18400.000000 -843690.125000 794.152723 3.264491 3.040459 16.260068
 18420.000000 -846671.312500 796.294744 3.086064 3.155477 16.242023
 18440.000000 -844914.687500 793.231242 3.009511 3.414348 16.517414
 18460.000000 -844136.500000 792.589824 3.164971 3.541828 16.492590
 18480.000000 -844119.062500 794.766365 3.081120 3.604833 16.817297
 18500.000000 -845299.687500 792.271439 3.441541 3.217207 16.655287
 18520.000000 -845970.750000 793.733260 3.463173 3.359487 16.552436
 18540.000000 -845710.937500 793.693271 3.240722 3.327936 16.410486
 18560.000000 -844560.937500 795.128826 3.377170 3.566273 16.302181
 18580.000000 -845976.250000 793.574295 3.587273 3.490875 16.453845
 18600.000000 -844979.937500 793.939908 3.369017 3.417882 16.666045
 18620.000000 -844416.125000 794.153276 3.174566 3.449603 16.574534
 18640.000000 -844338.062500 795.852499 3.203894 3.020034 16.392223
 18660.000000 -845559.750000 793.933976 3.428503 3.265311 16.747888
 18680.000000 -846049.625000 793.245211 3.522034 3.284785 16.482593
 18700.000000 -843817.375000 796.883560 3.493893 3.525491 16.556248
 18720.000000 -846304.687500 792.222505 3.423479 3.191760 16.501974
 18740.000000 -846237.687500 789.192096 3.321349 3.149553 16.678966
 18760.000000 -845940.187500 793.189811 3.291172 3.092861 16.796219
 18780.000000 -844790.062500 795.135539 3.522245 3.025511 16.704874
 18800.000000 -846480.250000 793.289806 3.568098 3.239044 16.829206
 18820.000000 -846345.812500 794.184506 3.412694 3.387497 16.843331
 18840.000000 -846633.250000 792.427208 3.391418 3.080353 16.839893
 18860.000000 -844980.750000 795.544028 3.458544 3.341642 16.903023
 18880.000000 -845082.625000 790.979477 3.354515 3.640708 16.783088
 18900.000000 -844580.187500 791.799428 3.185545 3.593396 16.756204
 18920.000000 -844814.687500 792.959964 3.220626 3.480505 16.888822
 18940.000000 -843076.500000 798.669370 3.528194 3.755376 9.510339
 18960.000000 -842518.687500 799.668667 3.220845 3.593804 12.537092
 18980.000000 -843916.500000 795.153885 3.279922 3.274515 14.687576
 19000.000000 -845330.312500 793.745263 3.217393 3.327121 15.716806
 19020.000000 -844613.562500 792.133043 3.405459 3.433426 16.134320
 19040.000000 -844461.000000 795.821557 3.473057 3.114873 16.322324
 19060.000000 -845245.625000 794.548333 3.468557 3.399706 16.666836
 19080.000000 -843555.437500 794.747659 3.696826 3.419382 16.700075
 19100.000000 -843726.187500 794.556734 3.489828 3.825993 16.601758
 19120.000000 -844457.500000 793.621890 3.217027 3.370667 16.664889
 19140.000000 -844959.000000 796.104806 3.516127 3.467670 16.748516
 19160.000000 -847215.000000 792.704176 3.366401 3.439241 16.550650
 19180.000000 -846505.125000 792.601088 3.571437 3.459306 16.582993
 19200.000000 -845240.312500 794.103540 3.438238 3.319851 16.476391
 19220.000000 -844064.187500 795.331089 3.244521 3.009154 16.497331
 19240.000000 -846208.062500 791.955298 3.262381 3.217225 16.225992
 19260.000000 -843927.125000 793.562895 3.456897 3.232848 16.285993
 19280.000000 -844037.562500 794.345402 3.317620 3.472001 16.599610
 19300.000000 -842841.812500 794.646812 3.219862 3.397719 16.771071
 19320.000000 -846386.500000 793.606020 3.301168 3.655184 16.695292
 19340.000000 -844070.187500 796.482928 3.281933 3.504553 16.779757
 19360.000000 -844857.750000 794.760565 3.269567 3.417023 16.633966
 19380.000000 -843913.500000 794.519597 3.346733 3.705888 16.606577
 19400.000000 -845324.562500 791.578999 3.457299 3.371990 16.389061
 19420.000000 -845881.062500 794.318282 3.650925 3.302810 16.550459
 19440.000000 -845283.875000 792.896808 3.705263 3.536963 16.265438
 19460.000000 -843085.312500 794.988477 3.488994 3.477198 16.169979
 19480.000000 -845077.062500 793.255813 3.599602 3.570601 16.463982
 19500.000000 -843254.000000 795.867958 3.512834 3.567077 16.698383
 19520.000000 -844155.312500 792.639858 3.628086 3.382725 16.549780
 19540.000000 -848097.062500 792.139500 3.583437 3.380400 16.533207
 19560.000000 -843314.250000 794.165543 3.483182 3.394192 16.393173
 19580.000000 -844789.750000 798.034729 3.339143 3.488191 16.206365
 19600.000000 -844590.250000 792.763780 3.337378 3.491635 16.483842
 19620.000000 -843088.375000 798.143839 3.500439 3.147803 16.482802
 19640.000000 -845095.625000 795.107738 3.435973 3.387018 16.550044
 19660.000000 -841694.000000 797.617200 3.328158 3.637439 16.253193
 19680.000000 -847690.187500 791.511127 3.351008 3.442048 16.371522
 19700.000000 -844451.250000 793.329391 3.363052 3.468569 16.522977
 19720.000000 -845011.875000 795.754853 3.374290 3.543699 16.103583
 19740.000000 -845926.937500 793.101248 3.612022 3.532685 16.319063
 19760.000000 -846360.062500 794.594579 3.354070 3.339982 16.483976
 19780.000000 -846301.500000 792.315712 3.418651 3.405438 16.553819
 19800.000000 -844099.750000 794.838253 3.224183 3.392748 16.262538
 19820.000000 -845440.875000 795.993322 3.367332 3.280177 16.526380
 19840.000000 -842873.187500 793.484451 3.664941 3.487507 16.381816
 19860.000000 -844346.500000 791.678332 3.373943 3.420451 16.595321
 19880.000000 -845164.125000 793.862740 3.246915 3.355601 16.682783
 19900.000000 -845345.875000 793.391178 3.137206 3.207143 16.444710
 19920.000000 -845194.875000 792.552748 3.496944 3.563212 16.658851
 19940.000000 -845144.500000 795.847463 3.065772 3.478964 16.496340
 19960.000000 -844501.250000 793.607129 3.164649 3.379337 16.780995
 19980.000000 -845091.000000 793.412971 3.273834 3.237050 16.545963
 20000.000000 -844644.437500 793.924335 3.739270 3.356856 16.636633
 20020.000000 -844403.187500 795.684899 3.375565 3.267333 16.843777
 20040.000000 -845532.687500 793.494953 3.465804 3.065456 16.642478
 20060.000000 -846593.750000 788.827070 3.196115 3.198051 16.788079
 20080.000000 -845472.812500 793.777999 3.484056 3.350408 16.826965
 20100.000000 -844596.687500 792.914419 3.617119 3.465143 16.743290
 20120.000000 -843223.000000 792.164750 3.412901 3.357552 16.963912
 20140.000000 -843786.062500 798.890055 4.050849 2.961812 7.337443
 20160.000000 -842786.687500 797.075913 3.747717 3.758563 10.453870
 20180.000000 -842578.312500 797.860680 3.541061 3.794715 13.037728
 20200.000000 -843436.625000 795.004760 3.525153 3.554507 15.239922
 20220.000000 -845015.187500 794.677885 3.309815 3.645947 15.767073
 20240.000000 -845447.437500 795.190910 3.356476 3.513645 15.810244
 20260.000000 -847002.937500 794.585659 3.628106 3.370406 16.376385
 20280.000000 -844274.937500 795.994565 3.648987 3.211244 16.199605
 20300.000000 -842764.750000 796.395684 3.522984 3.301121 16.298170
 20320.000000 -844509.687500 793.468834 3.483902 3.315508 16.549436
 20340.000000 -844589.187500 793.723523 3.204799 3.260317 16.742841
 20360.000000 -847047.062500 790.389733 3.376911 3.546875 16.636561
 20380.000000 -842417.375000 796.752394 3.380815 3.466357 16.269991
 20400.000000 -844793.187500 794.362003 3.468728 3.383635 16.420812
 20420.000000 -844493.500000 795.369424 3.728457 3.338951 16.550388
 20440.000000 -844419.437500 793.455411 3.618180 3.346559 16.363834
 20460.000000 -845080.250000 793.401271 3.563715 3.332569 16.412890
 20480.000000 -845540.187500 791.669398 3.401266 3.223459 16.626349
 20500.000000 -844457.875000 795.780303 3.825643 3.279492 16.633150
 20520.000000 -845217.187500 796.116182 3.590917 3.182683 16.600175
 20540.000000 -845331.937500 793.852005 3.677290 3.291232 16.525147
 20560.000000 -845815.187500 794.575744 3.443669 3.296348 16.633950
 20580.000000 -845015.437500 792.873817 3.398136 3.467590 16.340651
 20600.000000 -845939.000000 793.181715 3.353159 3.730112 16.321159
 20620.000000 -846012.687500 793.492206 3.345873 3.308053 16.327695
 20640.000000 -845450.500000 794.043704 3.291589 3.531832 16.328418
 20660.000000 -844372.437500 795.112718 3.474980 3.459154 15.979290
 20680.000000 -845030.312500 792.664690 3.781175 3.643760 16.255585
 20700.000000 -843785.187500 794.641009 3.494213 3.543721 16.772889
 20720.000000 -845481.437500 791.965350 3.536228 3.675608 16.520476
 20740.000000 -844606.312500 794.124995 3.280108 3.763890 16.490455
 20760.000000 -845091.187500 791.401092 3.454419 3.654916 16.477434
 20780.000000 -843062.812500 794.843806 3.171772 3.665691 16.531849
 20800.000000 -845074.937500 793.435015 3.159547 3.315619 16.729497
 20820.000000 -844987.562500 790.117667 3.225504 3.322168 16.579076
 20840.000000 -844309.125000 793.411552 3.293143 3.337707 16.565802
 20860.000000 -842853.250000 795.961933 3.243129 3.479604 16.383974
 20880.000000 -844487.625000 795.738555 3.285190 3.501351 16.464067
 20900.000000 -844454.687500 793.489821 3.114039 3.509056 16.427575
 20920.000000 -844985.187500 793.817051 3.253740 3.639399 16.458439
 20940.000000 -845559.687500 792.778417 2.961947 3.488737 16.419128
 20960.000000 -845192.250000 792.732115 3.098231 3.336883 16.419695
 20980.000000 -845176.687500 793.837368 3.222147 3.710957 16.344324
 21000.000000 -845872.750000 793.200875 3.396610 3.399271 16.500979
 21020.000000 -844864.625000 790.722025 3.265842 3.231171 16.442135
 21040.000000 -844118.000000 794.224328 3.179746 3.318249 16.376609
 21060.000000 -845766.750000 794.982257 3.145679 3.246362 16.280672
 21080.000000 -844569.750000 795.557869 3.019995 3.221230 16.315404
 21100.000000 -844049.437500 795.747135 3.174144 3.398725 16.307704
 21120.000000 -844936.062500 793.495960 3.287676 3.499837 16.506457
 21140.000000 -845197.875000 791.947606 3.442573 3.486175 16.422443
 21160.000000 -846250.562500 794.992591 3.630504 3.385106 16.543792
 21180.000000 -843868.812500 793.935723 3.509687 3.676892 16.436119
 21200.000000 -845778.937500 793.577962 3.299785 3.476743 16.717312
 21220.000000 -845090.312500 795.071838 3.325423 3.440347 16.569381
 21240.000000 -844723.000000 793.631744 3.212312 3.738696 16.638867
 21260.000000 -844874.562500 794.175663 3.358641 3.355426 16.503324
 21280.000000 -843326.687500 793.083316 3.401289 3.241259 16.377439
 21300.000000 -844121.437500 795.560679 3.248860 3.289213 16.668258
 21320.000000 -845293.375000 792.072163 3.407740 3.491230 16.478522
 21340.000000 -843639.687500 796.761259 3.613738 3.435714 16.692699
 21360.000000 -843100.750000 795.260305 3.541378 3.719070 16.496046
 21380.000000 -843639.562500 794.705655 3.314595 3.497364 16.777884
 21400.000000 -845372.125000 794.927537 3.346152 3.622343 16.775803
 21420.000000 -842869.625000 792.497011 3.195124 3.386901 16.756226
 21440.000000 -844049.437500 793.521648 3.408550 3.393671 16.586194
 21460.000000 -845200.562500 792.765120 3.580459 3.359836 16.578735
 21480.000000 -843962.312500 796.401908 3.870455 3.180340 16.486255
 21500.000000 -844054.937500 796.687611 3.509101 2.993669 16.730866
 21520.000000 -845125.687500 794.379838 3.474975 3.281122 16.572292
 21540.000000 -843838.437500 791.476293 3.311835 3.366879 16.340193
 21560.000000 -846387.062500 793.686585 3.185975 3.402020 16.653908
 21580.000000 -844678.750000 794.188778 3.280621 3.378196 16.597782
 21600.000000 -843864.437500 792.761634 3.308782 3.568708 16.593521
 21620.000000 -847473.375000 790.578489 3.396937 3.429927 16.280644
 21640.000000 -844786.250000 792.461340 3.460110 3.729784 16.330095
 21660.000000 -844856.937500 795.046623 3.511164 3.532863 16.435823
 21680.000000 -844728.937500 794.668902 3.325685 3.470623 16.171594
 21700.000000 -845445.937500 793.323165 3.417807 3.618573 16.006831
 21720.000000 -845562.750000 794.179588 3.240184 3.184222 16.013152
 21740.000000 -845229.187500 793.656784 3.439462 3.194792 16.034748
 21760.000000 -845786.625000 792.698514 3.566919 3.473084 16.187460
 21780.000000 -844103.750000 794.257665 3.486336 3.562326 16.202462
 21800.000000 -845638.562500 795.789700 3.564898 3.664612 16.295610
 21820.000000 -843123.562500 796.178101 3.462385 3.323381 16.293494
 21840.000000 -843643.687500 795.443793 3.597413 3.262844 16.546367
 21860.000000 -844809.437500 793.936120 3.506132 3.166624 16.476270
 21880.000000 -845182.750000 794.018984 3.512054 3.417695 16.607389
 21900.000000 -846722.812500 792.107283 3.357321 3.264438 16.455106
 21920.000000 -845047.875000 792.573775 3.411874 3.451760 16.697137
 21940.000000 -844411.500000 794.110331 3.507065 3.423495 16.762407
 21960.000000 -843925.125000 795.549615 3.554313 3.551327 16.799700
 21980.000000 -846063.375000 792.269761 3.604630 3.443617 16.712064
 22000.000000 -843780.250000 794.149296 3.613981 3.233975 16.470397
 22020.000000 -846484.000000 795.201614 3.193500 3.249914 16.214737
 22040.000000 -845517.937500 795.224919 3.252744 3.065411 16.291569
 22060.000000 -845331.375000 795.333674 3.117238 3.261048 16.459400
 22080.000000 -844209.125000 792.055475 3.348969 3.489327 16.489315
 22100.000000 -844559.375000 794.083949 3.066182 3.414793 16.452173
 22120.000000 -845595.875000 794.073467 3.102661 3.261204 16.290044
 22140.000000 -843002.250000 794.282043 3.232375 3.049282 16.605862
 22160.000000 -845557.000000 793.261196 3.498291 3.286319 16.474743
 22180.000000 -844695.875000 793.773100 3.420899 3.424840 16.449489
 22200.000000 -843597.937500 794.533226 2.884876 3.429681 16.573640
 22220.000000 -844591.125000 793.264581 3.202392 3.522545 16.495122
 22240.000000 -844441.125000 796.903614 3.258416 3.431567 16.398585
 22260.000000 -845289.812500 793.308463 3.239723 3.310617 16.585930
 22280.000000 -844761.250000 791.894429 3.550634 3.214109 16.589477
 22300.000000 -844106.562500 796.042781 3.725302 3.342041 16.506773
 22320.000000 -845853.625000 793.965339 3.368617 3.284410 16.356115
 22340.000000 -845481.187500 793.070992 3.466509 3.277221 16.352451
 22360.000000 -845128.375000 795.720846 3.333962 3.723762 16.519460
 22380.000000 -844368.312500 795.453741 3.184279 3.533173 16.475971
 22400.000000 -844581.500000 795.564304 3.110051 3.421879 16.092227
 22420.000000 -843106.000000 796.282336 3.579660 3.585546 16.316003
 22440.000000 -843859.125000 793.111482 3.523814 3.592814 16.503737
 22460.000000 -845020.000000 791.711602 3.443465 3.655576 16.425196
 22480.000000 -844988.250000 792.705438 3.457836 3.597948 16.346211
 22500.000000 -846418.562500 792.507993 3.581246 3.598975 16.308263
 22520.000000 -844518.812500 794.077853 3.376877 3.482649 16.655580
 22540.000000 -845704.812500 794.159925 3.666092 3.188065 16.298929
 22560.000000 -845432.687500 792.320328 3.483416 3.464895 16.414863
 22580.000000 -845845.437500 792.703311 3.644740 3.491442 16.301545
 22600.000000 -845867.125000 792.815247 3.579681 3.842785 16.153045
 22620.000000 -846213.937500 792.098668 3.436271 3.359339 16.441162
 22640.000000 -845104.312500 795.690381 3.322808 3.516589 16.469027
 22660.000000 -843623.125000 793.189553 3.362743 3.613524 16.515199
 22680.000000 -845382.437500 793.502752 3.282381 3.586306 16.407029
 22700.000000 -844944.250000 791.247227 3.375287 3.651504 16.564434
 22720.000000 -844537.625000 795.880077 3.357596 3.584125 16.719170
 22740.000000 -845162.437500 791.495800 3.396917 3.639262 16.613131
 22760.000000 -846458.125000 792.111832 3.442439 3.304995 16.326891
 22780.000000 -842661.125000 794.231734 3.503966 3.256048 16.288356
 22800.000000 -844233.312500 795.071806 3.442472 3.475115 16.356706
 22820.000000 -844498.062500 796.186052 3.477843 3.600242 16.142176
 22840.000000 -844644.750000 794.429127 3.375994 3.393964 16.465030
 22860.000000 -846274.937500 793.040599 3.229878 3.671568 16.793421
 22880.000000 -845498.000000 792.390155 2.971691 3.168591 16.746751
 22900.000000 -844729.062500 793.643855 3.243064 3.302827 16.416408
 22920.000000 -844160.937500 792.407677 3.375611 3.476674 16.431151
 22940.000000 -846076.062500 793.915636 3.315299 3.354032 16.423525
 22960.000000 -846124.687500 792.746567 3.560201 3.588172 16.426056
 22980.000000 -845242.312500 792.964930 3.544413 3.701702 16.499923
 23000.000000 -845036.187500 792.283895 3.140408 3.649461 16.574474
 23020.000000 -846370.250000 793.982346 3.132106 3.547400 16.414612
 23040.000000 -844120.562500 793.764340 3.430157 3.515177 16.421006
 23060.000000 -844897.687500 795.405712 3.580183 3.328929 16.519428
 23080.000000 -844136.875000 793.797719 3.391101 3.553043 16.416071
 23100.000000 -845764.250000 794.955042 3.498656 3.807747 16.345260
 23120.000000 -843265.437500 795.171879 3.588616 3.818997 16.239515
 23140.000000 -845204.187500 795.517180 3.604362 3.491928 16.462075
 23160.000000 -844264.000000 793.658915 3.577337 3.228640 16.564887
 23180.000000 -846419.062500 792.503260 3.562999 3.316803 16.474085
 23200.000000 -844384.000000 795.167385 3.486868 3.344043 16.635860
 23220.000000 -843507.187500 793.523509 3.447629 3.209528 16.593895
 23240.000000 -845537.062500 793.544627 3.701893 3.363626 16.747120
 23260.000000 -843405.000000 792.879483 3.633349 3.311648 16.649074
 23280.000000 -842610.375000 796.087934 3.324822 3.726420 16.382441
 23300.000000 -846810.937500 794.708516 3.401357 3.766257 16.401482
 23320.000000 -845123.187500 791.698741 3.234094 3.647311 16.200314
 23340.000000 -844080.312500 794.205495 3.430880 3.421310 16.463648
 23360.000000 -845381.250000 794.167152 3.530318 3.347320 16.464351
 23380.000000 -845500.562500 794.735771 3.409588 3.299712 16.476570
 23400.000000 -845272.125000 793.167158 3.250035 3.362669 16.617132
 23420.000000 -843596.125000 794.540454 3.213643 3.321859 16.722831
 23440.000000 -844878.875000 792.337927 3.158257 3.378728 16.763342
 23460.000000 -845616.562500 790.197930 3.138178 3.452830 16.537237
 23480.000000 -842426.125000 796.197803 3.178566 3.600224 16.574405
 23500.000000 -843460.937500 793.494111 3.456082 3.700661 16.484340
 23520.000000 -845786.687500 790.740299 3.265265 3.351335 16.309185
 23540.000000 -843581.125000 795.009021 3.314335 3.272712 16.361983
 23560.000000 -845889.500000 792.517146 3.294828 3.417316 16.396373
 23580.000000 -842569.750000 793.131007 3.328248 3.474464 16.396649
 23600.000000 -845686.375000 791.758970 3.376488 3.309381 16.233709
 23620.000000 -844921.687500 794.606075 3.438164 3.347036 16.456686
 23640.000000 -842911.625000 794.108577 3.554587 3.270307 16.574451
 23660.000000 -845176.250000 792.746512 3.558622 3.436366 16.701574
 23680.000000 -844607.500000 792.152526 3.516408 3.488899 16.634809
 23700.000000 -846660.125000 791.947095 3.438533 3.523340 16.661718
 23720.000000 -844995.125000 794.259020 3.438208 3.375844 16.582358
 23740.000000 -846089.562500 794.351470 3.388529 3.647712 16.401234
 23760.000000 -845529.937500 794.700569 3.245847 3.475994 16.517792
 23780.000000 -844314.750000 795.428463 3.194717 3.552918 16.470711
 23800.000000 -842569.687500 794.440486 3.419647 3.724719 16.492789
 23820.000000 -844173.812500 794.285781 3.649229 3.304836 16.532058
 23840.000000 -843869.375000 793.913971 3.537846 3.482201 16.626629
 23860.000000 -844428.875000 796.261769 3.495336 3.439757 16.500883
 23880.000000 -844936.375000 796.130674 3.636286 3.479831 16.564682
 23900.000000 -841846.375000 797.097411 3.691116 3.392653 16.693030
 23920.000000 -845561.250000 794.302917 3.732645 3.406005 16.591021
 23940.000000 -845797.062500 792.399922 3.673800 3.515787 16.788466
 23960.000000 -845889.000000 791.924984 3.532962 3.551663 16.731955
 23980.000000 -844749.937500 795.379430 3.540879 3.582249 16.604798
 24000.000000 -844430.375000 795.050617 3.574561 3.711283 16.690983
 24020.000000 -845329.250000 793.250057 3.353476 3.728890 16.268952
 24040.000000 -844030.000000 795.818273 3.336619 3.610116 16.533662
 24060.000000 -842298.187500 796.046601 3.390082 3.185947 16.345175
 24080.000000 -843744.187500 797.554980 3.427045 3.187905 16.384877
 24100.000000 -845143.375000 796.566833 3.269311 3.312474 16.492085
 24120.000000 -843553.562500 794.609255 3.180186 3.345237 16.601893
 24140.000000 -845252.937500 793.156518 3.318234 3.366138 16.367181
 24160.000000 -843856.062500 794.950332 3.273894 3.473403 16.389083
 24180.000000 -844785.687500 796.840162 3.500160 3.247367 16.243703
 24200.000000 -845039.500000 793.248775 3.481358 3.105296 16.410915
 24220.000000 -844768.062500 794.361112 3.622022 3.283615 16.775169
 24240.000000 -845187.000000 792.645590 3.362525 3.406421 16.764094
 24260.000000 -843844.750000 794.351763 3.444868 3.487107 16.672082
 24280.000000 -844647.125000 795.914072 3.592565 3.554639 16.625788
 24300.000000 -844607.625000 795.228064 3.253092 3.460685 16.654163
 24320.000000 -846163.375000 794.700048 3.557394 3.370186 16.553417
 24340.000000 -844884.250000 794.274995 3.610712 3.544022 16.674897
 24360.000000 -846177.062500 794.127898 3.361105 3.558328 16.651853
 24380.000000 -843784.625000 797.376203 3.247633 3.099669 16.327703
 24400.000000 -843303.187500 795.975091 3.427148 3.199166 16.373694
 24420.000000 -846166.687500 794.556457 3.417597 3.174940 16.450108
 24440.000000 -845835.437500 793.619465 3.372319 3.550980 16.624482
 24460.000000 -843739.437500 795.312399 3.368160 3.638826 16.555751
 24480.000000 -845530.187500 794.409371 3.599729 3.705683 16.355851
 24500.000000 -843836.187500 795.240713 3.518804 3.431739 16.454313
 24520.000000 -844792.500000 793.160938 3.594560 3.517462 16.597487
 24540.000000 -842149.687500 796.271265 3.266847 3.594226 16.353294
 24560.000000 -844078.937500 793.871621 3.286939 3.262487 16.396130
 24580.000000 -844197.375000 792.284566 3.349041 3.270832 16.496965
 24600.000000 -846107.437500 794.318101 3.618115 3.559373 16.362118
 24620.000000 -844641.312500 795.194469 3.372684 3.339539 16.470559
 24640.000000 -844081.187500 795.159379 3.774973 3.443619 16.734450
 24660.000000 -844670.750000 793.733130 3.486294 3.695270 16.474608
 24680.000000 -844270.562500 792.456982 3.302204 3.434523 16.333224
 24700.000000 -844822.312500 792.956709 3.352454 3.319372 16.433496
 24720.000000 -847041.312500 792.288724 3.310069 3.381414 16.374358
 24740.000000 -843383.000000 794.515888 3.527866 3.525123 16.662418
 24760.000000 -845763.875000 792.521870 3.624995 3.372247 16.674685
 24780.000000 -842622.750000 795.251156 3.335983 3.688999 16.407185
 24800.000000 -846064.750000 792.234788 3.250568 3.280818 16.411218
 24820.000000 -845313.500000 793.498178 3.484536 3.406571 16.644165
 24840.000000 -845127.312500 796.107479 3.431208 3.363706 16.407157
 24860.000000 -844861.750000 792.790142 3.573829 3.544043 16.490154
 24880.000000 -845038.562500 794.496155 3.587717 3.533215 16.523136
 24900.000000 -843845.625000 794.865191 3.459819 3.431216 16.568864
 24920.000000 -844007.812500 792.463020 3.252836 3.487025 16.286032
 24940.000000 -844750.500000 795.300122 3.325061 3.580508 16.263181
 24960.000000 -844288.937500 795.585704 3.559191 3.392646 16.482397
 24980.000000 -845687.687500 792.893720 3.338141 3.393281 16.640090
 25000.000000 -847318.437500 791.428456 3.489202 3.577199 16.513197
 25020.000000 -845055.375000 794.742470 3.498076 3.557951 16.520911
 25040.000000 -844202.562500 795.236859 3.266159 3.441924 16.342489
 25060.000000 -845637.625000 792.608556 3.174085 3.364812 16.281981
 25080.000000 -844517.125000 791.125161 3.291170 3.433540 16.395214
 25100.000000 -845414.875000 795.288762 3.658460 3.388114 16.497995
 25120.000000 -845751.312500 793.740231 3.188392 3.260593 16.724202
 25140.000000 -845065.687500 792.001955 3.310077 3.354846 16.614062
 25160.000000 -844593.375000 793.450149 3.247123 3.489090 16.543886
 25180.000000 -844415.625000 795.531719 3.525672 3.310334 16.523383
 25200.000000 -844476.250000 793.991990 3.535437 3.298730 16.417746
 25220.000000 -843019.750000 794.161291 3.357466 3.335565 16.507616
 25240.000000 -843913.750000 792.234563 3.306614 3.619300 16.391645
 25260.000000 -845796.062500 795.061599 3.346122 3.442940 16.498518
 25280.000000 -843715.125000 794.369031 3.513145 3.281692 16.371409
 25300.000000 -843749.937500 796.177392 3.706465 3.307697 16.386770
 25320.000000 -844553.562500 794.153555 3.446402 3.270957 16.477167
 25340.000000 -843900.812500 793.905993 3.756774 3.454264 16.357654
 25360.000000 -843996.250000 794.842257 3.621889 3.328033 16.288993
 25380.000000 -844072.125000 796.572891 3.336779 3.548488 16.344737
 25400.000000 -843941.187500 793.412267 3.500759 3.332047 16.700949
 25420.000000 -845898.750000 792.268376 3.519991 3.368300 16.658764
 25440.000000 -844422.750000 793.241311 3.428522 3.226129 16.527004
 25460.000000 -844390.375000 796.051212 3.526260 3.561106 16.601562
 25480.000000 -844645.750000 793.353495 3.336127 3.208901 16.527630
 25500.000000 -844685.187500 794.400789 3.237104 3.613229 16.509355
 25520.000000 -846066.187500 795.006216 3.495498 3.531962 16.390257
 25540.000000 -843459.000000 795.155941 3.281588 3.382229 16.685133
 25560.000000 -843109.062500 795.449649 3.455958 3.369190 16.736751
 25580.000000 -844764.500000 792.912305 3.319943 3.425241 16.426277
 25600.000000 -845333.812500 792.214830 3.540645 3.333280 16.409469
 25620.000000 -843712.437500 794.529049 3.550217 3.290509 16.538121
 25640.000000 -844642.687500 795.729906 3.593883 3.316747 16.541991
 25660.000000 -845276.937500 794.814609 3.591553 3.278147 16.442059
 25680.000000 -844942.625000 793.662295 3.247366 3.311830 16.473555
 25700.000000 -844239.187500 796.269926 3.556696 3.295661 16.679897
 25720.000000 -845752.625000 793.030180 3.615197 3.173623 16.580983
 25740.000000 -844034.062500 798.793195 3.716979 3.209598 16.402692
 25760.000000 -842521.187500 795.465865 3.429928 3.366894 16.425312
 25780.000000 -845533.562500 792.498004 3.301172 3.628889 16.554075
 25800.000000 -843983.625000 794.153803 3.273637 3.690444 16.504391
 25820.000000 -844270.312500 792.469429 3.449493 3.643734 16.708025
 25840.000000 -843135.500000 794.963510 3.405748 3.435312 16.937207
 25860.000000 -845060.250000 795.454369 3.177947 3.601059 16.701002
 25880.000000 -843720.250000 794.515182 3.331681 3.531511 16.588405
 25900.000000 -844944.812500 794.054329 3.318527 3.199515 16.794240
 25920.000000 -846313.125000 795.812602 3.333817 3.161459 16.645326
 25940.000000 -845725.000000 795.181536 3.356879 3.466057 16.392483
 25960.000000 -842312.687500 795.375138 3.532568 3.364115 16.430630
 25980.000000 -843927.750000 794.299709 3.372646 3.300597 16.543406
 26000.000000 -843563.875000 795.394288 3.414401 3.500408 16.536014
 26020.000000 -846271.687500 795.896633 3.660471 3.456195 16.447479
 26040.000000 -843893.500000 793.351039 3.487157 3.409186 16.495973
 26060.000000 -845372.687500 795.795603 3.490145 3.563259 16.495965
 26080.000000 -845379.812500 792.354619 3.225933 3.437271 16.547279
 26100.000000 -845524.500000 793.200755 3.446223 3.345574 16.471732
 26120.000000 -845241.250000 793.009404 3.383673 3.489670 16.357255
 26140.000000 -844792.125000 795.240621 3.661702 3.566316 16.771629
 26160.000000 -845859.125000 794.963281 3.546113 3.547337 16.708255
 26180.000000 -845940.625000 796.208055 3.227809 3.564812 16.570301
 26200.000000 -843358.625000 795.186705 3.373588 3.373792 16.595487
 26220.000000 -844432.375000 793.748181 3.501185 3.244668 16.564689
 26240.000000 -842669.437500 795.386657 3.592188 3.168681 16.412149
 26260.000000 -846073.187500 794.532355 3.493839 3.436200 16.228973
 26280.000000 -844648.000000 795.100810 3.578333 3.269071 16.173437
 26300.000000 -846046.687500 793.424682 3.752045 3.343637 16.523292
 26320.000000 -844490.875000 793.124589 3.505450 3.289721 16.253026
 26340.000000 -842574.750000 798.375202 3.547583 3.304135 16.161164
 26360.000000 -845061.625000 793.441270 3.545710 3.459406 16.366870
 26380.000000 -843273.250000 796.456473 3.607383 3.551539 16.393163
 26400.000000 -845205.500000 794.788183 3.620416 3.659956 16.569473
 26420.000000 -844486.000000 793.641537 3.545393 3.413022 16.643490
 26440.000000 -845589.062500 793.243633 3.578523 3.153780 16.432079
 26460.000000 -846305.625000 794.233600 3.152094 3.363008 16.746328
 26480.000000 -845927.125000 793.934625 3.372591 3.406879 16.784092
 26500.000000 -843657.500000 794.203258 3.404870 3.579202 16.560680
 26520.000000 -843866.937500 795.297283 3.121498 3.313604 16.667933
 26540.000000 -844222.125000 793.093934 3.262534 3.509066 16.537250
 26560.000000 -845413.375000 796.185403 3.286636 3.328586 16.408941
 26580.000000 -846610.750000 794.951629 3.525964 3.660814 16.382560
 26600.000000 -843504.250000 790.903350 3.362746 3.463496 16.496046
 26620.000000 -846909.312500 792.668809 3.129534 3.196320 16.450696
 26640.000000 -845514.437500 794.827684 3.280748 3.409733 16.061383
 26660.000000 -844846.687500 796.040356 3.654888 3.351697 16.460027
 26680.000000 -844035.937500 797.578956 3.634146 3.213416 16.505012
 26700.000000 -845145.625000 792.194800 3.621421 3.372442 16.634338
 26720.000000 -844014.187500 793.394889 3.322988 3.704107 16.506125
 26740.000000 -842749.750000 796.952230 3.576303 3.487995 16.282077
 26760.000000 -844967.187500 795.597043 3.441979 3.325049 16.374968
 26780.000000 -846049.187500 794.287123 3.427672 3.419275 16.418995
 26800.000000 -844190.125000 795.766186 3.414909 3.477533 16.374819
 26820.000000 -841974.125000 796.878812 3.464228 3.205148 16.357994
 26840.000000 -845084.875000 793.367977 3.588467 3.101847 16.335645
 26860.000000 -844639.562500 795.792765 3.423566 3.352476 16.428700
 26880.000000 -846214.500000 794.007011 3.374839 3.513344 16.479664
 26900.000000 -843067.125000 793.619876 3.452661 3.448322 16.306080
 26920.000000 -844189.437500 796.365014 3.347062 3.257181 16.383886
 26940.000000 -846403.062500 793.473814 3.489660 3.251627 16.376845
 26960.000000 -845342.187500 794.223092 3.439036 3.277689 16.426317
 26980.000000 -844561.250000 793.455816 3.381506 3.484280 16.396148
 27000.000000 -845914.750000 794.514987 3.400464 3.672401 16.637930
 27020.000000 -845324.312500 793.870260 3.311597 3.488089 16.416122
 27040.000000 -844100.062500 795.437486 3.136214 3.562215 16.078101
 27060.000000 -846002.062500 796.414902 3.250721 3.298040 16.268533
 27080.000000 -844335.312500 793.587602 3.177534 3.334013 16.361152
 27100.000000 -844642.250000 793.280551 3.179328 3.103987 16.563599
 27120.000000 -847096.875000 792.583461 3.399572 3.088290 16.425867
 27140.000000 -844459.312500 794.170882 3.332956 3.195345 16.693947
 27160.000000 -844918.750000 795.414493 3.526720 3.254768 16.721643
 27180.000000 -845814.375000 795.648447 3.626781 3.121153 16.475630
 27200.000000 -845749.687500 791.695348 3.210303 3.386394 16.429328
 27220.000000 -847877.875000 794.545159 3.264820 3.552996 16.608801
 27240.000000 -844972.375000 792.428596 3.297337 3.369528 16.622104
 27260.000000 -844315.062500 792.241869 3.546907 3.205909 16.791772
 27280.000000 -845174.875000 794.566140 3.465799 3.069766 16.807121
 27300.000000 -844899.750000 793.205639 3.207347 3.161696 16.422625
 27320.000000 -845694.812500 794.591616 3.384488 3.133071 16.402907
 27340.000000 -844826.812500 796.249326 3.462352 3.149296 16.363835
 27360.000000 -847241.187500 795.008941 3.240165 3.624636 16.421328
 27380.000000 -847053.375000 792.905896 3.216259 3.515606 16.446284
 27400.000000 -843447.375000 794.541314 3.282620 3.551818 16.322568
 27420.000000 -843689.812500 793.437380 3.483741 3.605405 16.193183
 27440.000000 -845482.562500 796.230802 3.484798 3.519306 16.200356
 27460.000000 -842776.625000 794.974643 3.341063 3.484228 16.288850
 27480.000000 -844551.875000 794.385025 3.505936 3.320275 16.178034
 27500.000000 -843492.375000 795.048393 3.411886 3.528981 16.466549
 27520.000000 -844885.437500 794.885553 3.363190 3.386953 16.543144
 27540.000000 -844073.312500 795.798959 3.404160 3.209891 16.401543
 27560.000000 -843554.375000 793.225122 3.384256 3.263042 16.604666
 27580.000000 -845282.812500 794.272990 3.336545 3.406474 16.652528
 27600.000000 -843575.500000 793.743966 3.333639 3.418102 16.890422
 27620.000000 -842880.750000 794.083313 3.456306 3.283721 16.775086
 27640.000000 -844783.562500 794.136793 3.261992 3.280283 16.459767
 27660.000000 -846040.312500 792.180595 3.219113 3.418845 16.647665
 27680.000000 -845197.687500 793.655241 3.534312 3.458712 16.476200
 27700.000000 -845550.437500 792.346091 3.439038 3.520475 16.350768
 27720.000000 -845244.375000 791.919128 3.140653 3.319327 16.435398
 27740.000000 -844885.500000 791.864478 3.404634 3.136534 16.319265
 27760.000000 -845164.375000 791.545636 3.446482 3.310371 16.465111
 27780.000000 -845452.312500 791.206930 3.514627 3.387601 16.432529
 27800.000000 -844918.250000 796.978457 3.616917 3.451838 16.485952
 27820.000000 -844137.125000 797.033877 3.494432 3.699917 16.918273
 27840.000000 -846149.187500 794.043222 3.499289 3.727230 16.646025
 27860.000000 -844239.000000 793.894067 3.663974 3.660754 16.418058
 27880.000000 -845999.687500 793.986866 3.409264 3.644681 16.398409
 27900.000000 -844080.125000 797.490043 3.526732 3.568137 16.637567
 27920.000000 -844046.437500 794.333876 3.415511 3.610427 16.468473
 27940.000000 -846463.375000 793.788282 3.314470 3.478591 16.419957
 27960.000000 -844302.875000 795.092331 3.393682 3.558614 16.373948
 27980.000000 -845694.500000 793.700301 3.363319 3.489038 16.469823
 28000.000000 -844445.500000 794.654978 3.301921 3.209609 16.378310
 28020.000000 -844679.937500 793.226665 3.292403 3.413766 16.469321
 28040.000000 -845474.750000 794.776473 3.548438 3.248661 16.614446
 28060.000000 -845339.125000 795.145789 3.479629 3.386234 16.675492
 28080.000000 -845416.375000 793.586948 3.429598 3.475962 16.610804
 28100.000000 -844482.437500 796.207266 3.401285 3.477443 16.541380
 28120.000000 -844620.875000 793.379831 3.389819 3.391078 16.518970
 28140.000000 -844039.562500 794.067923 3.260690 3.284683 16.413220
 28160.000000 -843085.125000 796.430575 3.447509 3.186757 16.398635
 28180.000000 -845002.250000 794.493362 3.434698 3.191848 16.257630
 28200.000000 -844997.312500 795.679703 3.399818 3.373761 16.220236
 28220.000000 -845087.187500 793.786665 3.398308 3.186614 16.382457
 28240.000000 -844213.062500 793.470500 3.137124 3.256863 16.490266
 28260.000000 -842149.000000 797.780327 3.303431 3.508621 16.497925
 28280.000000 -845080.125000 796.401618 3.195560 3.276485 16.679313
 28300.000000 -845713.375000 794.952225 3.222525 3.297621 16.193324
 28320.000000 -843209.812500 795.934993 3.227856 3.530337 16.271979
 28340.000000 -845600.125000 794.296535 3.325691 3.159606 16.497826
 28360.000000 -845108.375000 794.370768 3.471072 3.048164 16.264305
 28380.000000 -843247.125000 794.694899 3.485283 3.152377 16.471341
 28400.000000 -844021.750000 795.160416 3.260513 3.489949 16.627572
 28420.000000 -846055.812500 794.075735 3.255220 3.118043 16.549646
 28440.000000 -845324.875000 793.435384 3.248219 3.335463 16.399465
 28460.000000 -846264.000000 793.322910 3.228054 3.408615 16.407016
 28480.000000 -844594.750000 793.278142 3.309648 3.299236 16.514728
 28500.000000 -844482.250000 794.505457 3.488169 3.355632 16.465381
 28520.000000 -847143.187500 791.931302 3.508492 3.377428 16.566695
 28540.000000 -845551.312500 793.905171 3.393297 3.249922 16.719073
 28560.000000 -844065.812500 795.564302 3.520200 3.397880 16.476862
 28580.000000 -845958.437500 792.664623 3.215382 3.278421 16.565378
 28600.000000 -844687.312500 794.283963 3.366545 3.130929 16.742194
 28620.000000 -844032.125000 792.131557 3.381140 3.199917 16.691094
 28640.000000 -844840.625000 793.443685 3.276373 3.463922 16.486029
 28660.000000 -844739.625000 793.843233 3.423188 3.324988 16.664558
 28680.000000 -845275.437500 793.658312 3.440715 3.570153 16.734931
 28700.000000 -844547.437500 795.021013 3.560565 3.557195 16.353180
 28720.000000 -844846.062500 793.261310 3.563375 3.664774 16.266940
 28740.000000 -845505.062500 793.777033 3.581495 3.384616 16.437299
 28760.000000 -845379.125000 794.209369 3.218459 3.425458 16.524723
 28780.000000 -845823.875000 793.246398 3.290656 3.589780 16.384932
 28800.000000 -844447.812500 791.849064 3.326000 3.565178 16.428939
 28820.000000 -843686.000000 795.416359 3.372597 3.357585 16.466326
 28840.000000 -844288.625000 794.534471 3.485292 3.706695 16.481896
 28860.000000 -843703.250000 795.312137 3.615372 3.246622 16.406037
 28880.000000 -844232.375000 791.999331 3.398581 3.373446 16.092373
 28900.000000 -842421.500000 794.910934 3.486376 3.334799 16.334382
 28920.000000 -844611.812500 794.541318 3.380918 3.400187 16.258630
 28940.000000 -844701.687500 795.347275 3.406181 3.234354 16.393671
 28960.000000 -843594.875000 792.724865 3.177067 3.332816 16.591080
 28980.000000 -844494.375000 794.824081 3.447156 3.436025 16.507662
 29000.000000 -844088.750000 794.072104 3.505060 3.385174 16.506183
 29020.000000 -845844.125000 795.625630 3.504383 3.437516 16.463407
 29040.000000 -845748.875000 792.569323 3.288645 3.516888 16.480328
 29060.000000 -842501.875000 796.120730 3.460924 3.575535 16.580852
 29080.000000 -843619.812500 794.967236 3.192517 3.470057 16.409651
 29100.000000 -845925.062500 793.969023 3.595365 3.385694 16.380121
 29120.000000 -841447.750000 796.832507 3.383167 3.391555 16.460735
 29140.000000 -845428.250000 794.068362 3.504801 3.401385 16.501926
 29160.000000 -843676.937500 794.983720 3.547312 3.431900 16.418994
 29180.000000 -844869.812500 794.668302 3.502969 3.345035 16.460092
 29200.000000 -844471.937500 795.126574 3.282927 3.261192 16.222812
 29220.000000 -843546.000000 793.364678 3.290112 3.394571 16.184591
 29240.000000 -845840.625000 794.455881 3.556655 3.584825 16.347970
 29260.000000 -843230.187500 794.378569 3.329094 3.244855 16.593158
 29280.000000 -843626.250000 797.531376 3.306177 3.551431 16.664859
 29300.000000 -844784.312500 796.220781 3.428070 3.558204 16.778791
 29320.000000 -844294.812500 793.764513 3.346017 3.433588 16.577178
 29340.000000 -842423.500000 796.424420 3.543496 3.555133 16.564806
 29360.000000 -844721.375000 793.777674 3.462448 3.607568 16.712645
 29380.000000 -847059.125000 792.442351 3.239876 3.639638 16.466557
 29400.000000 -843828.687500 793.939959 3.398288 3.681343 16.379311
 29420.000000 -844556.687500 794.098299 3.428602 3.373399 16.523409
 29440.000000 -843044.000000 796.255020 3.419447 3.557023 16.449263
 29460.000000 -843708.312500 794.505395 3.315115 3.316879 16.290067
 29480.000000 -844436.562500 798.740140 3.371483 3.530249 16.271915
 29500.000000 -845371.125000 791.955951 3.568624 3.563112 16.416250
 29520.000000 -845400.062500 793.355594 3.460851 3.304307 16.844737
 29540.000000 -843320.500000 794.016864 3.379227 3.299956 16.543441
 29560.000000 -843083.187500 795.499494 3.285411 3.148812 16.344754
 29580.000000 -843740.375000 792.598428 3.623339 3.276993 16.404988
 29600.000000 -845499.937500 793.499786 3.523016 3.567580 16.609427
 29620.000000 -845939.375000 792.069293 3.304397 3.644501 16.495361
 29640.000000 -845086.437500 793.714569 3.585301 3.518913 16.422096
 29660.000000 -844815.875000 795.224565 3.633562 3.520263 16.465648
 29680.000000 -844150.062500 793.240413 3.418595 3.498300 16.289715
 29700.000000 -846088.062500 794.380434 3.223553 3.425202 16.423682
 29720.000000 -844870.000000 793.210920 3.244626 3.350401 16.567051
 29740.000000 -846172.750000 795.092082 3.431751 3.321705 16.413846
 29760.000000 -843095.562500 795.303722 3.481933 2.818512 16.211606
 29780.000000 -845388.000000 793.300242 3.458543 3.241752 16.255987
 29800.000000 -845703.250000 792.510904 3.506184 3.497150 16.382149
 29820.000000 -845631.312500 791.105730 3.479040 3.198230 16.655367
 29840.000000 -844019.125000 796.441501 3.071167 3.157813 16.585346
 29860.000000 -845870.937500 794.503564 3.512489 3.100283 16.553271
 29880.000000 -844598.375000 792.786995 3.103606 3.223061 16.721498
 29900.000000 -844161.687500 792.328693 3.418676 3.409539 16.633382
 29920.000000 -842790.625000 791.991541 3.415563 3.224344 16.567252
 29940.000000 -845817.500000 792.980911 3.332141 3.236246 16.449055
 29960.000000 -846055.937500 794.161847 3.307474 3.327006 16.558710
 29980.000000 -844433.875000 794.433391 3.249506 3.619599 16.457902
 30000.000000 -845184.625000 795.794840 3.373806 3.250780 16.380213
 30020.000000 -844567.125000 793.637151 3.138548 3.188378 16.334862
 30040.000000 -845358.250000 793.090894 3.413647 3.132511 16.548352
 30060.000000 -845091.437500 793.219026 3.577183 3.129561 16.275327
 30080.000000 -845023.062500 792.394159 3.503799 3.222227 16.394083
 30100.000000 -845738.062500 794.772409 3.679950 3.373129 16.528151
 30120.000000 -844926.437500 793.550811 3.477233 3.516764 16.745461
 30140.000000 -844721.000000 795.091948 3.564410 3.656777 16.281955
 30160.000000 -844635.437500 795.227280 3.375501 3.404704 16.438297
 30180.000000 -844413.250000 795.026810 3.221313 3.469327 16.182089
 30200.000000 -844512.000000 796.964725 3.389413 3.373268 16.372858
 30220.000000 -843942.250000 795.923031 3.120355 3.318685 16.384995
 30240.000000 -844621.000000 794.277281 3.248764 3.398332 16.432502
 30260.000000 -843517.625000 796.681265 3.409124 3.542457 16.618944
 30280.000000 -845261.125000 794.643370 3.620738 3.316643 16.508858
 30300.000000 -843016.062500 792.404837 3.282679 3.291677 16.528610
 30320.000000 -845574.937500 795.711135 3.249913 3.092017 16.652138
 30340.000000 -844425.312500 795.788232 3.551499 3.477691 16.408351
 30360.000000 -842922.625000 793.373546 3.885378 3.296872 16.221748
 30380.000000 -842740.812500 793.937419 3.669332 3.218555 16.459113
 30400.000000 -843381.437500 795.205658 3.653976 3.276805 16.421694
 30420.000000 -843000.125000 793.527192 3.405340 3.436612 16.281682
 30440.000000 -843801.250000 793.398648 3.273749 3.513331 16.459384
 30460.000000 -844799.687500 795.536203 3.330278 3.435938 16.869691
 30480.000000 -845883.437500 792.997360 3.519243 3.286151 16.740836
 30500.000000 -844284.812500 791.352707 3.626558 3.317227 16.480682
 30520.000000 -845231.312500 792.065345 3.594532 3.205466 16.419746
 30540.000000 -844452.437500 795.200861 3.483779 3.339285 16.352585
 30560.000000 -846260.312500 793.922778 3.378940 3.259253 16.151652
 30580.000000 -845651.937500 791.794745 3.443330 3.425982 16.403056
 30600.000000 -845707.125000 794.756269 3.661050 3.468528 16.347727
 30620.000000 -845217.125000 793.767999 3.689615 3.527616 16.425053
 30640.000000 -845834.187500 794.244641 3.763920 3.279909 16.530341
 30660.000000 -845045.875000 793.138049 3.506076 3.317268 16.676604
 30680.000000 -844890.562500 792.479824 3.564199 3.201149 16.716227
 30700.000000 -844869.625000 794.819088 3.691444 3.481774 16.700997
 30720.000000 -844757.687500 794.271077 3.542508 3.371804 16.243337
 30740.000000 -844532.500000 797.267552 3.060775 3.186596 16.351072
 30760.000000 -844570.437500 794.186545 3.075586 3.358336 16.648581
 30780.000000 -845442.750000 795.815918 3.287804 3.389756 16.704598
 30800.000000 -845996.937500 794.059160 3.120017 3.735911 16.572877
 30820.000000 -844845.125000 796.510390 3.445856 3.427928 16.528840
 30840.000000 -845742.375000 793.813234 3.470426 3.540535 16.549310
 30860.000000 -843328.250000 794.248966 3.440992 3.288617 16.408167
 30880.000000 -844528.125000 794.187922 3.533140 3.491010 16.513260
 30900.000000 -843461.750000 795.208578 3.418332 3.500044 16.286934
 30920.000000 -845631.125000 793.022915 3.264649 3.483873 16.478326
 30940.000000 -844075.875000 794.753507 3.419561 3.360110 16.342444
 30960.000000 -841672.312500 795.129272 3.279174 3.193550 16.602149
 30980.000000 -844522.812500 794.105139 3.465670 3.507558 16.540573
 31000.000000 -844751.625000 793.767252 3.591552 3.340396 16.725542
 31020.000000 -845152.000000 795.359872 3.527849 3.313974 16.658255
 31040.000000 -842476.062500 793.554410 3.451840 3.337532 16.475437
 31060.000000 -843760.437500 795.353566 3.314224 3.285611 16.639915
 31080.000000 -842711.062500 795.300991 3.343070 3.372693 16.682323
 31100.000000 -844485.625000 797.339830 3.495022 3.382912 16.508881
 31120.000000 -844391.125000 798.489962 3.304810 3.442191 16.423535
 31140.000000 -842844.625000 794.378166 3.127851 3.533015 16.546759
 31160.000000 -844358.750000 797.016589 3.362740 3.372448 16.449685
 31180.000000 -844453.062500 795.652581 3.345516 3.378574 16.499803
 31200.000000 -844513.625000 794.825934 3.384486 3.530220 16.276293
 31220.000000 -843321.000000 795.514749 3.533378 3.232894 16.442924
 31240.000000 -844896.625000 794.254612 3.361865 3.285029 16.350739
 31260.000000 -844739.000000 795.455787 3.227211 3.212031 16.520717
 31280.000000 -845554.250000 796.974222 3.160810 3.364625 16.568238
 31300.000000 -845699.750000 793.800241 3.128022 3.297794 16.411391
 31320.000000 -843709.937500 794.535831 3.281623 3.339048 16.462416
 31340.000000 -843698.875000 794.028868 3.521768 3.229078 16.565803
 31360.000000 -843704.937500 795.045335 3.535659 3.454353 16.336325
 31380.000000 -844767.125000 794.378363 3.522212 3.501837 16.428973
 31400.000000 -843570.625000 793.594258 3.570345 3.480061 16.350404
 31420.000000 -844556.125000 793.626567 3.542045 3.245003 16.341509
 31440.000000 -844190.687500 794.547562 3.577238 3.692654 16.297900
 31460.000000 -843934.062500 795.001343 3.329076 3.435370 16.236776
 31480.000000 -845000.000000 792.623627 3.529213 3.332584 16.422326
 31500.000000 -843438.812500 794.916253 3.718097 3.172650 16.521523
 31520.000000 -845305.312500 793.507059 3.604410 3.311747 16.270866
 31540.000000 -843748.875000 797.040597 3.568798 3.108663 16.402848
 31560.000000 -844415.375000 793.137002 3.503748 3.333546 16.339719
 31580.000000 -845040.250000 794.467569 3.466824 3.396499 16.480754
 31600.000000 -842776.875000 793.910186 3.312794 3.501298 16.553922
 31620.000000 -843759.125000 795.595905 3.579387 3.649296 16.871719
 31640.000000 -844148.437500 795.880888 3.353797 3.526737 16.668949
 31660.000000 -845457.750000 797.834116 3.410970 3.445729 16.586705
 31680.000000 -843199.375000 794.072308 3.275222 3.319547 16.644985
 31700.000000 -843034.000000 796.499344 3.575039 3.253041 16.614442
 31720.000000 -843656.750000 795.495843 3.345308 3.373727 16.548946
 31740.000000 -846564.687500 795.500073 3.490746 3.444395 16.381626
 31760.000000 -842924.687500 796.530345 3.463540 3.467562 16.728063
 31780.000000 -845963.125000 793.900244 3.429277 3.674584 16.672921
 31800.000000 -844606.312500 793.139182 3.441256 3.371876 16.523851
 31820.000000 -845435.625000 794.361550 3.417138 3.333965 16.379085
 31840.000000 -845203.500000 791.706101 3.493131 3.221995 16.511970
 31860.000000 -846063.000000 792.691244 3.533959 3.313238 16.362417
 31880.000000 -843131.437500 791.413813 3.310823 3.228027 16.555679
 31900.000000 -844586.812500 792.219091 3.168846 3.108387 16.492990
 31920.000000 -844066.625000 793.862051 3.457682 3.026676 16.271089
 31940.000000 -844008.125000 796.898779 3.489003 3.445146 16.647312
 31960.000000 -843758.375000 797.316084 3.607598 3.299787 16.700500
 31980.000000 -843944.687500 796.590920 3.597947 3.156471 16.685767
 32000.000000 -843275.375000 794.929124 3.451759 3.356602 16.326254
 32020.000000 -844278.937500 795.464553 3.356250 3.451581 16.023510
 32040.000000 -845773.750000 792.881472 3.385889 3.144109 16.382197
 32060.000000 -844537.250000 794.495292 3.216536 3.179717 16.382184
 32080.000000 -845087.500000 794.784881 2.993160 3.433046 16.658013
 32100.000000 -844263.250000 793.605827 3.443609 3.201858 16.646359
 32120.000000 -843172.687500 796.264179 3.533559 3.257482 16.497379
 32140.000000 -843932.750000 794.312615 3.156044 3.451811 16.358843
 32160.000000 -844495.500000 795.491852 3.143486 3.388320 16.287493
 32180.000000 -843757.250000 795.656555 3.208363 3.343387 16.319646
 32200.000000 -844798.375000 795.826194 3.424787 3.273182 16.553722
 32220.000000 -842396.437500 795.137323 3.473075 3.200957 16.420577
 32240.000000 -844378.062500 795.962865 3.417860 3.222060 16.444395
 32260.000000 -843716.875000 797.459149 3.529419 3.385453 16.288260
 32280.000000 -846246.750000 791.511302 3.597574 3.254296 16.230461
 32300.000000 -842798.062500 794.990380 3.560882 3.582956 16.393413
 32320.000000 -845838.687500 792.921336 3.695951 3.459392 16.276562
 32340.000000 -845002.875000 794.323947 3.568183 3.396730 16.705090
 32360.000000 -845871.625000 793.988426 3.785362 3.396083 16.340628
 32380.000000 -843500.875000 794.499588 3.718911 3.299698 16.468717
 32400.000000 -846855.187500 791.333821 3.285504 3.441027 16.679479
 32420.000000 -844679.687500 792.766097 3.404430 3.509618 16.408155
 32440.000000 -841345.750000 795.369350 3.449131 3.383452 16.547200
 32460.000000 -844362.625000 793.918095 3.541202 3.636645 16.518026
 32480.000000 -844470.875000 795.115770 3.227234 3.225144 16.457050
 32500.000000 -844668.812500 793.809018 3.214810 3.383187 16.390231
 32520.000000 -842631.500000 794.838430 3.397632 3.225175 16.676757
 32540.000000 -843611.687500 797.059416 3.525060 3.091928 16.495906
 32560.000000 -845640.000000 793.176011 3.583118 3.220818 16.560673
 32580.000000 -845531.687500 795.394902 3.492603 3.384453 16.599725
 32600.000000 -845098.250000 794.275859 3.508994 3.456782 16.662103
 32620.000000 -845729.250000 793.082506 3.383526 3.406503 16.519538
 32640.000000 -846557.750000 794.428889 3.502744 3.713544 16.593510
 32660.000000 -846019.812500 794.420401 3.495596 3.367336 16.715762
 32680.000000 -844959.687500 792.963305 3.337818 3.519798 16.519113
 32700.000000 -845064.937500 793.077267 3.550278 3.558448 16.494683
 32720.000000 -844483.187500 793.671322 3.472549 3.442457 16.529694
 32740.000000 -844499.687500 793.242945 3.471409 3.482943 16.567058
 32760.000000 -844586.562500 795.631050 3.339998 3.249304 16.321595
 32780.000000 -845723.062500 794.633097 3.512579 3.141080 16.466995
 32800.000000 -844324.250000 797.616507 3.503959 3.100715 16.533329
 32820.000000 -842912.625000 795.397821 3.491484 3.280521 16.437898
 32840.000000 -845660.312500 792.420261 3.429733 3.337825 16.516682
 32860.000000 -844530.000000 792.994044 3.426067 3.515828 16.651546
 32880.000000 -842793.437500 796.702424 3.483511 3.437001 16.477741
 32900.000000 -845570.375000 791.683525 3.245764 3.180804 16.383734
 32920.000000 -842328.437500 792.539175 3.356759 3.349688 16.320335
 32940.000000 -845636.750000 794.360735 3.204849 2.996616 16.261350
 32960.000000 -845187.437500 794.425925 3.461319 3.284870 16.512868
 32980.000000 -845363.687500 792.582901 3.510374 3.231208 16.743978
 33000.000000 -846447.062500 792.245793 3.350373 3.418137 16.409547
 33020.000000 -845529.937500 793.291991 3.229318 3.420636 16.339036
 33040.000000 -845730.375000 793.938428 3.291501 3.396916 16.135718
 33060.000000 -844318.062500 794.241887 3.298769 3.516455 16.250175
 33080.000000 -843941.812500 792.604915 3.638318 3.421491 16.507399
 33100.000000 -845652.000000 794.497007 3.441593 3.332576 16.607235
 33120.000000 -845337.437500 792.886198 3.310482 3.222547 16.257743
 33140.000000 -843395.000000 797.174516 3.428463 3.251342 16.576510
 33160.000000 -845983.000000 792.573882 3.533086 3.222483 16.666756
 33180.000000 -844163.562500 793.168805 3.576821 3.343565 16.432596
 33200.000000 -843591.125000 795.534933 3.643985 3.320957 16.471670
 33220.000000 -844482.437500 792.862369 3.579260 3.591690 16.450690
 33240.000000 -843591.812500 794.278984 3.485122 3.534784 16.465347
 33260.000000 -844484.812500 791.345155 3.429119 3.294808 16.362023
 33280.000000 -845502.750000 793.879035 3.716986 3.673010 16.575240
 33300.000000 -842741.187500 798.936153 3.467130 3.474758 16.440891
 33320.000000 -846421.437500 792.012293 3.614962 3.383532 16.526888
 33340.000000 -845047.687500 792.032395 3.265390 3.392442 16.482134
 33360.000000 -844307.875000 794.473894 3.244382 3.312446 16.441900
 33380.000000 -844745.812500 795.488652 3.466934 3.029980 16.452611
 33400.000000 -844224.875000 793.875495 3.813142 3.440296 16.510836
 33420.000000 -845568.250000 793.026985 3.692339 3.492536 16.352806
 33440.000000 -844947.000000 792.735018 3.449432 3.360647 16.493142
 33460.000000 -844213.000000 792.698190 3.483010 3.331252 16.625143
 33480.000000 -843956.687500 794.362928 3.304961 3.330105 16.545772
 33500.000000 -842989.750000 795.220574 3.439802 3.449643 16.265317
 33520.000000 -843740.062500 795.034090 3.507354 3.260337 16.389323
 33540.000000 -846091.312500 794.430919 3.307816 3.277198 16.484988
 33560.000000 -843784.937500 793.703803 3.092947 3.454141 16.536245
 33580.000000 -846820.187500 790.506880 3.189313 3.441548 16.591588
 33600.000000 -844594.937500 797.661445 3.410108 3.444366 16.519191
 33620.000000 -845587.187500 793.636802 3.169727 3.432248 16.284738
 33640.000000 -844736.187500 795.223391 3.358070 3.398252 16.336404
 33660.000000 -842486.437500 796.668738 3.201391 3.295609 16.487400
 33680.000000 -842396.687500 794.884878 3.222996 3.510575 16.575762
 33700.000000 -843587.000000 795.507106 3.493800 3.290961 16.659778
 33720.000000 -842973.500000 795.865480 3.555283 3.451799 16.276922
 33740.000000 -843819.625000 795.499023 3.478917 3.336555 16.301470
 33760.000000 -845500.375000 795.647928 3.320820 3.369278 16.241901
 33780.000000 -844017.937500 794.779711 3.429485 3.181494 16.119103
 33800.000000 -844802.375000 796.550976 3.539587 3.419007 16.044996
 33820.000000 -845354.750000 796.261730 3.557791 3.371031 16.174131
 33840.000000 -843692.937500 796.712198 3.243955 3.252004 16.564044
 33860.000000 -843962.500000 792.897129 3.117323 3.160742 16.652812
 33880.000000 -846245.312500 792.010816 3.083980 3.281324 16.544849
 33900.000000 -844957.437500 792.985508 3.458748 3.200690 16.508077
 33920.000000 -847197.437500 790.965830 3.325206 3.511073 16.727543
 33940.000000 -845902.562500 796.275868 3.375403 3.313624 16.689723
 33960.000000 -844949.562500 791.078954 3.325583 3.371999 16.747362
 33980.000000 -844609.062500 794.667244 3.198222 3.347601 16.814918
 34000.000000 -843634.375000 792.907508 3.343151 3.391107 16.504843
 34020.000000 -846145.250000 795.932899 3.398235 3.437577 16.367067
 34040.000000 -844097.875000 794.600487 3.350059 3.265004 16.549476
 34060.000000 -845033.312500 795.367007 3.367300 3.181061 16.520117
 34080.000000 -843103.250000 792.913738 3.274176 3.241245 16.560230
 34100.000000 -844672.562500 796.364467 3.071401 3.607089 16.508625
 34120.000000 -843672.312500 794.675737 3.130367 3.726039 16.348056
 34140.000000 -843974.750000 795.621636 3.496832 3.412265 16.301775
 34160.000000 -842573.437500 797.450004 3.416007 3.352550 16.435660
 34180.000000 -844815.125000 792.940499 3.289197 3.222648 16.526981
 34200.000000 -844306.687500 794.904133 3.430767 3.181414 16.529278
 34220.000000 -844053.125000 793.972206 3.251508 3.322468 16.461985
 34240.000000 -843853.625000 796.121351 3.393605 3.569897 16.263167
 34260.000000 -844870.375000 794.166312 3.138457 3.517819 16.789523
 34280.000000 -841857.812500 801.818092 2.893866 3.150978 6.970207
 34300.000000 -839573.500000 801.361475 2.915934 2.775277 10.605262
 34320.000000 -844811.750000 796.887584 2.802119 2.726816 11.272003
 34340.000000 -842744.000000 798.520803 2.879695 3.116139 13.623892
 34360.000000 -845342.437500 794.239706 3.214222 3.328830 14.997254
 34380.000000 -844430.437500 793.461749 3.321584 3.283032 15.520799
 34400.000000 -843320.187500 794.020018 3.299592 3.291999 16.172957
 34420.000000 -844443.500000 794.113997 3.149597 3.434497 16.523933
 34440.000000 -846002.937500 794.307978 3.394958 3.354408 16.497203
 34460.000000 -844625.125000 794.268574 3.345191 3.427863 16.351360
 34480.000000 -844609.875000 794.003677 3.390244 3.617568 16.337227
 34500.000000 -846276.875000 793.801264 3.529623 3.653623 16.591758
 34520.000000 -844184.875000 797.354563 3.326659 3.393794 16.492457
 34540.000000 -843908.500000 793.753165 3.528458 3.481847 16.689993
 34560.000000 -842779.937500 795.153141 3.442122 3.470889 16.870471
 34580.000000 -844856.625000 792.830524 3.396912 3.904469 16.490250
 34600.000000 -842584.875000 796.016423 3.329222 3.642601 16.510892
 34620.000000 -844266.375000 794.736527 3.430767 3.413507 16.601135
 34640.000000 -845520.687500 794.620752 3.248568 3.246749 16.449055
 34660.000000 -843615.625000 794.100978 3.141024 3.325857 16.469253
 34680.000000 -845525.937500 793.913909 3.270677 3.289559 16.447536
 34700.000000 -845248.312500 793.175159 3.385281 3.354938 16.416729
 34720.000000 -843777.875000 793.490563 3.361803 3.452389 16.399141
 34740.000000 -844928.875000 795.332169 3.431039 3.450988 16.380382
 34760.000000 -846317.000000 793.709803 3.200529 3.287541 16.456547
 34780.000000 -841676.812500 795.498276 3.312227 3.193066 16.350175
 34800.000000 -844352.437500 796.722681 3.197689 3.224080 16.244468
 34820.000000 -846756.562500 792.423865 3.470478 3.283926 16.575841
 34840.000000 -842530.937500 793.502364 3.476740 3.395194 16.598747
 34860.000000 -844321.625000 795.384706 3.875766 3.472473 16.587074
 34880.000000 -842614.562500 794.414751 3.511203 3.509366 16.430967
 34900.000000 -845705.500000 794.261696 3.653236 3.564474 16.025907
 34920.000000 -844881.687500 795.429610 3.506514 3.293122 16.356479
 34940.000000 -845531.937500 794.429026 3.275962 3.268921 16.629188
 34960.000000 -842755.562500 794.685554 3.543781 3.356153 16.703974
 34980.000000 -843090.687500 792.568850 3.385686 3.098719 16.256626
 35000.000000 -845357.062500 794.365685 3.233677 3.392624 16.579259
 35020.000000 -844656.812500 793.295861 3.260716 3.439411 16.440033
 35040.000000 -844518.937500 793.264748 3.266630 3.302688 16.671693
 35060.000000 -844854.000000 796.438591 3.326067 2.986296 16.585863
 35080.000000 -843057.937500 793.953755 3.350218 3.280319 16.696798
 35100.000000 -844315.000000 793.427672 3.344927 3.325334 16.629238
 35120.000000 -844009.937500 794.444081 3.428554 3.041954 16.655449
 35140.000000 -844308.500000 795.582109 3.438025 3.077639 16.539070
 35160.000000 -844623.750000 796.312042 3.127915 3.163767 16.597495
 35180.000000 -843099.750000 793.782368 3.093617 3.289219 16.325994
 35200.000000 -844815.000000 793.651596 3.171485 3.631647 16.498159
 35220.000000 -844630.062500 795.891409 3.312870 3.398736 16.499433
 35240.000000 -845384.375000 792.514857 3.229727 3.244880 16.220113
 35260.000000 -845208.750000 793.511644 3.387337 3.310151 16.456524
 35280.000000 -846485.625000 792.338238 3.448150 3.337207 16.462830
 35300.000000 -845237.562500 793.279219 3.349797 3.459855 16.695873
 35320.000000 -844527.312500 794.716466 3.591784 3.531678 16.494514
 35340.000000 -845308.000000 793.609070 3.525780 3.250398 16.418033
 35360.000000 -846112.687500 793.751676 3.431880 3.327034 16.384573
 35380.000000 -844504.375000 792.125520 3.479874 3.577936 16.565980
 35400.000000 -845319.125000 791.288828 3.386340 3.169706 16.453831
 35420.000000 -845059.062500 794.292530 3.503674 3.161898 16.520790
 35440.000000 -845154.875000 792.354504 3.434984 3.444125 16.810902
 35460.000000 -844757.187500 795.549034 3.230439 3.658624 16.658769
 35480.000000 -844640.375000 793.581954 3.300630 3.366435 16.434113
 35500.000000 -844205.437500 794.758316 3.412963 3.316035 16.629570
 35520.000000 -845633.812500 793.841147 3.582500 3.347046 16.443870
 35540.000000 -843986.687500 794.982494 3.347440 3.560233 16.489657
 35560.000000 -846841.062500 792.735694 3.275270 3.403503 16.519720
 35580.000000 -844491.375000 796.122883 3.376381 3.454155 16.295305
 35600.000000 -845405.250000 794.632225 3.275116 3.569998 16.512913
 35620.000000 -844579.875000 797.016827 3.522328 3.625999 16.798526
 35640.000000 -844018.250000 794.003784 3.530553 3.423490 16.585023
 35660.000000 -846028.687500 793.887937 3.608632 3.449444 16.768233
 35680.000000 -843340.687500 794.651029 3.373164 3.554285 16.699114
 35700.000000 -845598.562500 793.847988 3.576263 3.546453 16.427986
 35720.000000 -843777.000000 795.229956 3.594715 3.793296 16.582547
 35740.000000 -845594.375000 792.823864 3.513412 3.592159 16.469949
 35760.000000 -845313.687500 793.469546 3.259448 3.515335 16.529061
 35780.000000 -842243.187500 797.821797 3.152041 3.460526 16.717118
 35800.000000 -845119.875000 790.725337 3.312736 3.466617 16.419003
 35820.000000 -846799.062500 791.701714 3.386944 3.407205 16.415967
 35840.000000 -843645.562500 793.923859 3.460704 3.303311 16.572140
 35860.000000 -843808.562500 794.276240 3.603844 3.429888 16.592364
 35880.000000 -844990.125000 794.429416 3.602607 3.263533 16.359568
 35900.000000 -846254.500000 791.813420 3.378940 3.373776 16.600287
 35920.000000 -843944.937500 794.992014 3.085719 3.418680 16.482836
 35940.000000 -841985.625000 795.633061 3.427835 3.614205 16.626516
 35960.000000 -845294.687500 790.914928 3.282965 3.514023 16.535749
 35980.000000 -845269.187500 794.003583 3.353766 3.028005 16.419969
 36000.000000 -844963.812500 791.828710 3.538584 3.148266 16.735131
 36020.000000 -844216.687500 795.543168 3.374107 3.489987 16.348101
 36040.000000 -844670.062500 793.713148 3.419586 3.504079 16.610138
 36060.000000 -843905.937500 794.398785 3.436754 3.342375 16.374636
 36080.000000 -845421.687500 795.127842 3.467918 3.450832 16.470026
 36100.000000 -845517.250000 791.549090 3.442720 3.445933 16.497879
 36120.000000 -846306.437500 793.067397 3.109960 3.668622 16.629728
 36140.000000 -845169.500000 791.948722 3.274421 3.417398 16.556655
 36160.000000 -845560.375000 791.060974 3.413549 3.207630 16.467654
 36180.000000 -844291.750000 793.794854 3.382268 3.118280 16.475453
 36200.000000 -845016.500000 795.221198 3.098357 3.432182 16.378111
 36220.000000 -846144.687500 795.454803 3.010705 3.511748 16.417180
 36240.000000 -845220.812500 794.653406 3.248777 3.471937 16.720370
 36260.000000 -844947.375000 794.766325 3.071723 3.442165 16.577945
 36280.000000 -845360.437500 795.676937 3.200295 3.419229 16.435950
 36300.000000 -845589.062500 794.579977 3.173352 3.317826 16.603570
 36320.000000 -844904.437500 792.293720 3.396124 3.192123 16.514864
 36340.000000 -844610.625000 794.608936 3.218766 3.698633 16.538141
 36360.000000 -843000.375000 792.472787 3.278041 3.780499 16.626900
 36380.000000 -845034.687500 793.629076 3.308606 3.532728 16.413135
 36400.000000 -843665.187500 794.357652 3.499333 3.449531 16.579438
 36420.000000 -847222.250000 793.478777 3.480495 3.436774 16.630042
 36440.000000 -844886.937500 792.683601 3.266566 3.156899 16.759075
 36460.000000 -845022.125000 795.287634 3.240147 3.224738 16.579963
 36480.000000 -845233.750000 793.619200 3.343170 3.515773 16.561931
 36500.000000 -845915.625000 792.447025 3.418692 3.449433 16.539994
 36520.000000 -844087.812500 794.649481 3.451263 3.599335 16.567678
 36540.000000 -844266.000000 795.609540 3.393505 3.507257 16.440308
 36560.000000 -845471.250000 792.413101 3.504764 3.555495 16.331331
 36580.000000 -844876.812500 792.967253 3.256098 3.575275 16.467297
 36600.000000 -844646.812500 795.161392 3.342276 3.762113 16.435623
 36620.000000 -844460.687500 794.045604 3.530717 3.522925 16.618861
 36640.000000 -844835.125000 792.114772 3.728428 3.297305 16.627914
 36660.000000 -845709.625000 794.631655 3.698299 2.994578 16.657975
 36680.000000 -842812.750000 795.133306 3.552028 3.379506 16.504195
 36700.000000 -845783.250000 795.233380 3.554543 3.378010 16.284377
 36720.000000 -845414.250000 793.400007 3.385223 3.309355 16.404277
 36740.000000 -845131.187500 796.654023 3.445533 3.516126 16.500396
 36760.000000 -845613.125000 794.465652 3.564099 3.511505 16.611111
 36780.000000 -845512.125000 793.721578 3.379427 3.407276 16.671539
 36800.000000 -845217.312500 790.497029 3.207826 3.466108 16.415415
 36820.000000 -845650.250000 791.493731 3.552268 3.248767 16.579033
 36840.000000 -843375.125000 793.367145 3.612668 3.156271 16.601857
 36860.000000 -844156.062500 794.498294 3.476774 3.496325 16.474982
 36880.000000 -843607.312500 793.626433 3.431265 3.623909 16.549014
 36900.000000 -845024.812500 793.341142 3.255967 3.502797 16.445065
 36920.000000 -844810.000000 794.946089 3.305510 3.476485 16.419748
 36940.000000 -843661.187500 794.714617 3.456931 3.433923 16.612715
 36960.000000 -844663.187500 792.692826 3.541837 3.506623 16.606479
 36980.000000 -844267.250000 794.829205 3.488040 3.393102 16.520592
 37000.000000 -842031.750000 796.706556 3.653665 3.545876 16.605162
 37020.000000 -844663.750000 797.283064 3.417442 3.473187 16.372001
 37040.000000 -845683.187500 796.416196 3.451446 3.559225 16.309082
 37060.000000 -843715.312500 794.572732 3.436079 3.478153 16.591286
 37080.000000 -844141.125000 793.838760 3.419611 3.678963 16.894265
 37100.000000 -843793.437500 795.738307 3.349594 3.608954 16.759259
 37120.000000 -844517.687500 793.020543 3.375041 3.398649 16.593372
 37140.000000 -843972.437500 794.989670 3.160917 3.430013 16.415473
 37160.000000 -844611.375000 794.276064 3.176973 3.421243 16.502378
 37180.000000 -843371.812500 794.730408 3.165537 3.576534 16.386322
 37200.000000 -844978.312500 794.803936 3.267405 3.406908 16.667289
 37220.000000 -843070.000000 800.979720 3.623073 2.775730 6.093787
 37240.000000 -841342.687500 801.394684 3.310733 3.005184 6.761391
 37260.000000 -841281.875000 798.883620 3.369220 2.851254 7.246310
 37280.000000 -842294.000000 799.527934 3.954173 2.712821 8.989036
 37300.000000 -843316.562500 798.176137 4.173505 2.814914 10.221827
 37320.000000 -844381.625000 796.882489 3.737511 3.180973 12.332671
 37340.000000 -843635.500000 795.911849 3.392622 3.368007 14.932104
 37360.000000 -843803.750000 796.547061 3.504502 3.443174 16.005567
 37380.000000 -845835.187500 792.559562 3.703140 3.468037 16.296658
 37400.000000 -844495.312500 793.367281 3.532843 3.499080 16.569325
 37420.000000 -844981.187500 792.554687 3.504231 3.415167 16.425534
 37440.000000 -843852.062500 795.106277 3.316729 3.622667 16.526675
 37460.000000 -842977.687500 795.468809 3.293280 3.396071 16.342298
 37480.000000 -842496.812500 796.802298 3.585520 3.557128 16.287946
 37500.000000 -844841.187500 792.932804 3.532633 3.702448 16.721731
 37520.000000 -843993.375000 794.984983 3.621278 3.477518 16.634741
 37540.000000 -842753.812500 795.569918 3.464066 3.259063 16.323474
 37560.000000 -846002.812500 792.003324 3.427300 3.410958 16.360098
 37580.000000 -845626.437500 794.000372 3.404385 3.447695 16.614175
 37600.000000 -844163.062500 795.447305 3.289464 3.287738 16.690891
 37620.000000 -843932.125000 795.783385 3.580073 3.523046 16.622008
 37640.000000 -845377.812500 793.549877 3.474565 3.274201 16.393664
 37660.000000 -843333.750000 794.510649 3.195466 3.123518 16.425995
 37680.000000 -843891.187500 795.156371 3.173882 3.221076 16.596737
 37700.000000 -843990.937500 795.302928 3.153012 3.139831 16.636257
 37720.000000 -845957.187500 792.666400 3.319472 3.210000 16.694950
 37740.000000 -845041.000000 792.883785 3.605320 3.030784 16.693623
 37760.000000 -843047.625000 795.348302 3.583742 3.261483 16.764132
 37780.000000 -846442.812500 792.284228 3.640968 3.393268 16.739739
 37800.000000 -843581.625000 795.397415 3.469216 3.423831 16.520077
 37820.000000 -843079.625000 794.987143 3.320900 3.173496 16.708213
 37840.000000 -843254.000000 796.758684 2.967812 3.635139 16.600241
 37860.000000 -845660.062500 792.343695 3.362622 3.302019 16.605740
 37880.000000 -845189.312500 796.283795 3.531827 3.359816 16.487210
 37900.000000 -842706.062500 794.963343 3.394476 3.549817 16.512551
 37920.000000 -843911.875000 795.755848 3.171942 3.502513 16.699532
 37940.000000 -846070.312500 794.027445 3.226819 3.576285 16.497672
 37960.000000 -845738.875000 791.966067 3.275357 3.205043 16.409548
 37980.000000 -846582.687500 793.281438 3.291479 3.299394 16.480313
 38000.000000 -843960.437500 792.716618 3.219649 3.293645 16.487083
 38020.000000 -846393.812500 795.866741 3.373401 3.311618 16.342738
 38040.000000 -844920.187500 794.543835 3.356526 3.463528 16.524277
 38060.000000 -845341.000000 794.019680 3.309716 3.435659 16.528075
 38080.000000 -844678.187500 794.907060 3.407686 3.537453 16.497974
 38100.000000 -843208.625000 795.507551 3.347899 3.286678 16.363822
 38120.000000 -845138.875000 794.336734 3.467861 3.223058 16.488568
 38140.000000 -844161.937500 795.083970 3.193282 3.163460 16.454756
 38160.000000 -844334.250000 793.303725 3.627362 3.413537 16.514200
 38180.000000 -845280.062500 794.210969 3.349365 3.179017 16.414713
 38200.000000 -843649.000000 796.526520 3.489409 3.210833 16.467739
 38220.000000 -844001.937500 793.966705 3.329872 3.469717 16.618687
 38240.000000 -844579.375000 792.678651 3.440127 3.333003 16.390025
 38260.000000 -845094.500000 792.730559 3.326355 3.560274 16.589174
 38280.000000 -844978.062500 794.042923 3.280379 3.534946 16.638131
 38300.000000 -843794.937500 795.173047 3.005790 3.467276 16.600792
 38320.000000 -843649.312500 795.761090 3.274349 3.379828 16.567835
 38340.000000 -845526.062500 794.487341 3.330379 3.156571 16.263826
 38360.000000 -843902.250000 795.996276 3.239795 3.412929 16.460252
 38380.000000 -844687.875000 791.550497 3.078474 3.403627 16.620859
 38400.000000 -844347.187500 795.986163 3.481836 3.250266 16.633888
 38420.000000 -844755.250000 796.154671 3.489386 3.391138 16.367190
 38440.000000 -844986.500000 794.835179 3.496538 3.425927 16.450273
 38460.000000 -845068.562500 793.614818 3.309073 3.563641 16.740981
 38480.000000 -846138.000000 794.793224 3.342363 3.540702 16.621452
 38500.000000 -845331.187500 793.882010 3.261676 3.652491 16.505639
 38520.000000 -845133.875000 794.435823 3.168358 3.417408 16.261326
 38540.000000 -842843.875000 796.565443 3.481245 3.431040 16.255118
 38560.000000 -844318.000000 791.984605 3.685276 3.385363 16.194864
 38580.000000 -844410.812500 793.084533 3.254018 3.213275 16.336068
 38600.000000 -844437.500000 792.914040 3.176481 3.303945 16.655557
 38620.000000 -842220.750000 796.626967 3.537047 3.419867 16.654188
 38640.000000 -843768.625000 797.079524 3.396162 3.485492 16.746299
 38660.000000 -845258.375000 795.456478 3.306152 3.334101 16.563339
 38680.000000 -843412.062500 795.378913 3.359776 3.639396 16.402211
 38700.000000 -845121.750000 794.446718 3.338245 3.380550 16.753308
 38720.000000 -843910.000000 793.310754 3.030305 3.193332 16.621744
 38740.000000 -845746.000000 792.443198 3.410007 3.357602 16.780942
 38760.000000 -844799.000000 791.766696 3.370462 3.471123 16.494591
 38780.000000 -844020.562500 793.250479 3.260069 3.463937 16.617133
 38800.000000 -843500.687500 793.998957 3.234577 3.502891 16.488836
 38820.000000 -845178.250000 795.744715 3.272603 3.330280 16.389766
 38840.000000 -844859.125000 793.991789 3.232080 3.524106 16.401174
 38860.000000 -844191.687500 795.004333 3.450644 3.583624 16.456408
 38880.000000 -843698.125000 792.990195 3.217270 3.625664 16.482316
 38900.000000 -846802.125000 797.862397 3.129072 3.592111 16.524908
 38920.000000 -844653.312500 794.062852 3.502871 3.353541 16.536904
 38940.000000 -843217.312500 797.781817 3.632254 3.284321 16.704043
 38960.000000 -845526.625000 797.087317 3.722007 3.473236 16.459720
 38980.000000 -844987.750000 793.976184 3.336604 3.670879 16.609222
 39000.000000 -845957.125000 791.509601 3.324326 3.409140 16.770152
 39020.000000 -846899.937500 790.594660 3.594185 3.300951 16.814341
 39040.000000 -843962.062500 792.291132 3.457318 3.245100 16.586131
 39060.000000 -845370.812500 793.028064 3.547917 3.178347 16.681901
 39080.000000 -844561.812500 792.760206 3.322665 3.245655 16.464532
 39100.000000 -844578.125000 793.302255 3.407029 3.193534 16.510728
 39120.000000 -846039.562500 795.289990 3.623012 3.436970 16.200389
 39140.000000 -844725.812500 795.592459 3.294314 3.522638 16.361424
 39160.000000 -843849.312500 795.332839 3.349225 3.665422 16.463748
 39180.000000 -844173.000000 793.774284 3.368481 3.774105 16.665217
 39200.000000 -844601.750000 793.679960 3.455459 3.565614 16.712000
 39220.000000 -844440.062500 792.998842 3.304347 3.446850 16.660078
 39240.000000 -844279.125000 794.331732 3.077099 3.482445 16.673801
 39260.000000 -844896.500000 794.081813 3.329896 3.594275 16.368839
 39280.000000 -846242.750000 793.265512 3.448044 3.361245 16.449442
 39300.000000 -845603.437500 794.556754 3.474072 3.448637 16.339250
 39320.000000 -843412.375000 792.929832 3.446791 3.344276 16.467669
 39340.000000 -842483.062500 793.726385 3.188787 3.420535 16.401645
 39360.000000 -846422.375000 793.133798 3.291730 3.352367 16.482019
 39380.000000 -842723.062500 795.266583 3.147950 3.109463 16.429446
 39400.000000 -844759.437500 796.373660 3.423177 3.275408 16.232921
 39420.000000 -843299.750000 796.222545 3.445420 3.402783 16.029823
 39440.000000 -844282.562500 793.780469 3.496179 3.522385 16.612394
 39460.000000 -843059.312500 795.127962 3.279171 3.583906 16.582473
 39480.000000 -845158.375000 792.819355 3.255011 3.525723 16.402467
 39500.000000 -844585.562500 793.310624 3.392540 3.596218 16.606483
 39520.000000 -844822.812500 796.086253 3.156934 3.123103 16.244162
 39540.000000 -842659.312500 797.506287 3.430014 3.379803 16.530091
 39560.000000 -842974.187500 796.689277 3.587637 3.159008 16.456300
 39580.000000 -845765.375000 794.547107 3.483155 2.935215 16.157814
 39600.000000 -845527.250000 794.922752 3.484179 3.119946 16.327112
 39620.000000 -845422.812500 795.227954 3.243335 2.950251 16.512038
 39640.000000 -846729.750000 793.694055 3.168247 3.047475 16.539767
 39660.000000 -844372.562500 796.280868 3.318252 3.512395 16.847305
 39680.000000 -844930.000000 793.496425 3.663873 3.415930 16.860838
 39700.000000 -843832.687500 794.787007 3.542412 3.347703 16.544919
 39720.000000 -844022.562500 795.567597 3.467122 3.418992 16.277510
 39740.000000 -844106.125000 795.058088 3.519777 3.545761 16.368138
 39760.000000 -843450.250000 795.588937 3.271522 3.361922 16.481435
 39780.000000 -845018.875000 792.461548 3.305247 3.198839 16.565068
 39800.000000 -844754.687500 790.980918 3.335582 3.538984 16.794201
 39820.000000 -845660.625000 793.935616 3.613349 3.337863 16.538668
 39840.000000 -844575.437500 793.778440 3.318613 3.634807 16.611537
 39860.000000 -846170.437500 792.612206 3.402907 3.650239 16.710801
 39880.000000 -847469.375000 791.574106 3.376704 3.668336 16.844579
 39900.000000 -844196.375000 793.957455 3.410787 3.384250 16.804650
 39920.000000 -844454.062500 792.856562 3.304483 3.263715 16.747305
 39940.000000 -844276.625000 793.194531 3.475023 3.166530 16.555254
 39960.000000 -845762.500000 795.897900 3.476880 3.130231 16.453625
 39980.000000 -845615.687500 796.029557 3.333018 3.192242 16.385669
 40000.000000 -844771.187500 792.736990 3.366845 3.163008 16.666039
 40020.000000 -846205.937500 795.988362 3.570956 3.363736 16.595698
 40040.000000 -844811.125000 793.416588 3.305237 3.552908 16.331584
 40060.000000 -844317.812500 796.532065 3.290201 3.631474 16.141829
 40080.000000 -844994.125000 793.448136 3.592234 3.449549 16.643370
 40100.000000 -845264.750000 794.703414 3.447742 3.414583 16.404444
 40120.000000 -844836.125000 793.444324 3.628981 3.286258 16.570979
 40140.000000 -844219.062500 794.920199 3.581282 3.202680 16.622023
 40160.000000 -843264.562500 794.176840 3.431047 3.457319 16.622131
 40180.000000 -845871.000000 791.101754 3.457268 3.320025 16.565484
 40200.000000 -845942.437500 793.448007 3.448720 3.363112 16.489375
 40220.000000 -845148.125000 793.709349 3.317342 3.576024 16.645616
 40240.000000 -843869.250000 793.424006 3.469101 3.551840 16.408424
 40260.000000 -845146.312500 794.054412 3.385809 3.483549 16.537213
 40280.000000 -846576.062500 793.369259 3.595990 3.511229 16.588113
 40300.000000 -845068.562500 796.202613 3.477270 3.324164 16.341176
 40320.000000 -843941.375000 794.206236 3.580635 3.368877 16.456915
 40340.000000 -843495.875000 794.866652 3.416249 3.334962 16.630474
 40360.000000 -845484.687500 795.099686 3.411913 3.203526 16.503267
 40380.000000 -843653.250000 793.923310 3.566615 3.174668 16.697910
 40400.000000 -844566.875000 794.358158 3.640241 3.085491 16.528420
 40420.000000 -844016.000000 795.183796 3.633996 3.498760 16.358321
 40440.000000 -845671.312500 793.704095 3.290912 3.259813 16.142164
 40460.000000 -844948.562500 792.038809 3.214673 3.239013 16.390896
 40480.000000 -845850.875000 791.753271 3.208900 3.441746 16.392781
 40500.000000 -844229.375000 794.605725 3.207671 3.418144 16.369243
 40520.000000 -846856.187500 793.363836 3.193989 3.087786 16.484125
 40540.000000 -845827.437500 793.058110 3.391765 3.272085 16.509315
 40560.000000 -845273.750000 795.215904 3.493031 3.269178 16.575665
 40580.000000 -845449.312500 795.727057 3.301360 3.195326 16.529964
 40600.000000 -843639.937500 794.940914 3.629264 3.256209 16.640807
 40620.000000 -843316.875000 795.753007 3.555348 3.186354 16.754506
 40640.000000 -845034.000000 791.949350 3.330997 3.022051 16.355138
 40660.000000 -842521.125000 791.973850 3.432610 3.087314 16.345783
 40680.000000 -843312.000000 795.226905 3.590726 3.150073 16.457499
 40700.000000 -845097.625000 796.286820 3.553125 3.247069 16.470094
 40720.000000 -844434.812500 792.574322 3.454662 3.528174 16.543048
 40740.000000 -843355.000000 792.862316 3.529544 3.717423 16.617236
 40760.000000 -845489.625000 794.110331 3.138565 3.767452 16.652674
 40780.000000 -843925.812500 792.738845 3.249001 3.238154 16.272243
 40800.000000 -847098.937500 792.597066 3.465350 3.355177 16.142902
 40820.000000 -844919.000000 792.834873 3.652362 3.532781 16.239189
 40840.000000 -846653.562500 791.315549 3.372635 3.329602 16.315872
 40860.000000 -845489.437500 794.966423 3.588563 3.388932 16.402838
 40880.000000 -844390.750000 794.367869 3.334381 3.607866 16.137038
 40900.000000 -844715.375000 792.995608 3.237020 3.656356 16.498880
 40920.000000 -845716.500000 792.888199 3.328149 3.326635 16.637245
 40940.000000 -844206.125000 793.497958 3.749605 3.430685 16.651922
 40960.000000 -845595.250000 793.178924 3.251268 3.252825 16.480405
 40980.000000 -844912.375000 795.342020 3.388879 3.563295 16.469132
 41000.000000 -843470.500000 795.088776 3.140764 3.590357 16.703003
 41020.000000 -843191.375000 794.410823 3.158164 3.645666 16.523144
 41040.000000 -844157.125000 794.467590 3.453757 3.450728 16.197689
 41060.000000 -846057.250000 796.646994 3.556901 3.521042 16.429737
 41080.000000 -846210.937500 794.493892 3.415916 3.404858 16.296974
 41100.000000 -846331.687500 793.823261 3.606813 3.584551 16.424581
 41120.000000 -844861.750000 795.481840 3.363519 3.343260 16.455426
 41140.000000 -844453.562500 795.795546 3.530143 3.262069 16.504180
 41160.000000 -845381.687500 792.658692 3.283617 3.491553 16.238857
 41180.000000 -847575.812500 793.725723 3.273974 3.321902 16.329899
 41200.000000 -846064.750000 795.026873 3.388003 3.649172 16.607502
 41220.000000 -844902.500000 793.524193 3.424474 3.621228 16.331903
 41240.000000 -844996.937500 794.489235 3.550176 3.477541 16.683485
 41260.000000 -845779.437500 796.042177 3.493097 3.369438 16.160878
 41280.000000 -846342.187500 793.400259 3.398573 3.531543 16.230015
 41300.000000 -845191.875000 793.771881 3.601772 3.571766 16.472520
 41320.000000 -845808.750000 794.599590 3.335830 3.268388 16.411181
 41340.000000 -845640.250000 793.792082 3.321171 3.246652 16.376274
 41360.000000 -844773.312500 795.960099 3.382456 3.499046 16.290328
 41380.000000 -845652.125000 792.440335 3.501900 3.357805 16.393983
 41400.000000 -846361.000000 792.781395 3.404553 3.424543 16.661268
 41420.000000 -844192.000000 794.078128 3.172734 3.093376 16.515806
 41440.000000 -845097.062500 793.737857 3.318577 3.494813 16.371574
 41460.000000 -844240.500000 796.168858 3.390516 3.483125 16.422997
 41480.000000 -842801.750000 794.602680 3.234593 3.674654 16.484097
 41500.000000 -843354.812500 793.592334 3.149684 3.483364 16.594100
 41520.000000 -845698.750000 793.489098 3.357297 3.138761 16.523240
 41540.000000 -846440.437500 794.048806 3.513545 3.252797 16.158595
 41560.000000 -845837.000000 793.231434 3.330499 3.454887 16.588104
 41580.000000 -845208.437500 793.759418 3.208631 3.740360 16.582118
 41600.000000 -846649.062500 789.369670 3.307991 3.384759 16.595292
 41620.000000 -845392.500000 793.343526 3.369881 3.361713 16.450655
 41640.000000 -843791.937500 792.299098 3.341784 3.238420 16.556620
 41660.000000 -845556.687500 793.650083 3.610156 3.292255 16.394396
 41680.000000 -845030.437500 791.245382 3.626573 3.163666 16.439601
 41700.000000 -844538.750000 794.012976 3.333853 3.272464 16.556783
 41720.000000 -844590.312500 796.434512 3.374738 3.425422 16.520724
 41740.000000 -843900.750000 795.527599 3.341252 3.434464 16.450990
 41760.000000 -844624.500000 793.038899 3.231215 3.274787 16.473300
 41780.000000 -845259.812500 792.879377 3.296576 3.313937 16.569393
 41800.000000 -844993.875000 792.740703 3.333151 3.361377 16.371752
 41820.000000 -845501.125000 793.029586 3.537166 3.126499 16.422907
 41840.000000 -846591.500000 791.839184 3.432861 3.322036 16.651260
 41860.000000 -844178.687500 793.447725 3.583858 3.461828 16.464279
 41880.000000 -845715.187500 791.858229 3.244936 3.306918 16.391775
 41900.000000 -843055.625000 794.217653 3.112804 3.150126 16.386094
 41920.000000 -844982.437500 795.227315 3.189392 3.272030 16.411824
 41940.000000 -846328.875000 793.124539 3.414075 3.300218 16.446470
 41960.000000 -845219.500000 793.010635 3.372578 3.338336 16.378230
 41980.000000 -844165.187500 796.724653 3.517978 3.166825 16.409460
 42000.000000 -846140.437500 792.430550 3.636950 3.043714 16.275997
 42020.000000 -842571.437500 794.975790 3.445503 3.393253 16.416446
 42040.000000 -841896.375000 794.159014 3.380736 3.589537 16.390799
 42060.000000 -844125.312500 793.580259 3.298965 3.431668 16.629914
 42080.000000 -843891.562500 792.289204 3.459091 3.326439 16.653214
 42100.000000 -842929.187500 793.100637 3.510427 3.406478 16.430069
 42120.000000 -846960.437500 793.207508 3.524147 3.625087 16.539757
 42140.000000 -843341.000000 796.208299 3.661133 3.469987 16.527649
 42160.000000 -843665.187500 794.347935 3.431699 3.401995 16.732672
 42180.000000 -844733.062500 791.221947 3.364648 3.251155 16.447524
 42200.000000 -844664.375000 792.597633 3.243721 3.364058 16.524086
 42220.000000 -845706.875000 792.351409 3.266363 3.454798 16.566955
 42240.000000 -845254.187500 792.727939 3.085054 3.356942 16.627946
 42260.000000 -845609.312500 794.193382 3.219145 3.510950 16.636711
 42280.000000 -842915.750000 795.030408 3.252719 3.107685 16.711055
 42300.000000 -844478.625000 792.232639 3.243935 2.958454 16.792442
 42320.000000 -842983.187500 794.357543 3.431811 3.165325 16.814955
 42340.000000 -844193.375000 794.333855 3.507430 3.606925 16.585405
 42360.000000 -844750.687500 793.085112 3.682873 3.825922 16.374664
 42380.000000 -844530.750000 793.133599 3.323798 3.273887 16.611385
 42400.000000 -844039.625000 792.913802 3.351195 3.255124 16.594417
 42420.000000 -845581.125000 795.123305 3.458830 3.077318 16.642521
 42440.000000 -843310.750000 795.242207 3.383755 3.465121 16.603988
 42460.000000 -843285.875000 794.535582 3.588183 3.713883 16.457361
 42480.000000 -846047.937500 793.403683 3.700604 3.422080 16.766938
 42500.000000 -848610.375000 790.244956 3.688800 3.453527 16.457070
 42520.000000 -845459.812500 793.901544 3.211808 3.505891 16.558206
 42540.000000 -845140.937500 791.490596 3.187731 3.477434 16.098606
 42560.000000 -843972.187500 793.281538 3.355210 3.551803 16.317645
 42580.000000 -844517.562500 793.628281 3.427356 3.551489 16.593924
 42600.000000 -845240.937500 790.616378 3.491389 3.579295 16.461606
 42620.000000 -844770.437500 794.374289 3.336765 3.322148 16.550914
 42640.000000 -845555.937500 793.271517 3.536585 3.284398 16.364766
 42660.000000 -846553.687500 791.439994 3.450749 3.426765 16.542133
 42680.000000 -844016.937500 792.755771 3.511890 3.203410 16.516748
 42700.000000 -845252.312500 795.214921 3.637907 3.455248 16.337155
 42720.000000 -845592.812500 793.427886 3.584895 3.437299 16.384623
 42740.000000 -845960.062500 792.981987 3.475095 3.481097 16.407520
 42760.000000 -845640.687500 794.409556 3.399604 3.690967 16.543235
 42780.000000 -846058.500000 792.023775 3.386701 3.534459 16.581499
 42800.000000 -847087.125000 789.920329 3.506106 3.358722 16.605162
 42820.000000 -846021.437500 789.111317 3.677125 2.976080 16.661694
 42840.000000 -847996.687500 792.688231 3.624290 3.357014 16.440410
 42860.000000 -844041.250000 794.893554 3.513335 3.346203 16.430988
 42880.000000 -845375.062500 794.738447 3.539546 3.238652 16.545528
 42900.000000 -844764.500000 793.103035 3.478501 3.324610 16.724830
 42920.000000 -847172.375000 792.061399 3.455553 3.489278 16.256451
 42940.000000 -845530.000000 793.776472 3.567556 3.195553 16.361169
 42960.000000 -845560.312500 792.802629 3.503572 3.369936 16.448086
 42980.000000 -845506.750000 793.681907 3.428965 3.352822 16.334958
 43000.000000 -846030.312500 792.750860 3.364142 3.272140 16.468827
 43020.000000 -845198.562500 792.914079 3.540307 3.182218 16.648125
 43040.000000 -844600.500000 791.801834 3.428061 3.339215 16.403077
 43060.000000 -846118.437500 793.525806 3.606611 3.329210 16.649611
 43080.000000 -845239.062500 793.312439 3.395600 3.393073 16.457907
 43100.000000 -843980.312500 793.446153 3.317769 3.295306 16.427461
 43120.000000 -844495.750000 791.107757 3.586290 3.191677 16.140089
 43140.000000 -844289.437500 793.421334 3.701592 3.091885 16.376280
 43160.000000 -845315.937500 793.719929 3.119920 3.566322 16.248413
 43180.000000 -844650.562500 795.846604 3.181603 3.516843 16.286473
 43200.000000 -843949.875000 794.368673 3.564724 3.611749 16.478079
 43220.000000 -845398.375000 796.821522 3.585137 3.298783 16.295415
 43240.000000 -845548.625000 793.428338 3.275969 3.224547 16.372561
 43260.000000 -842699.437500 793.250520 3.294830 3.415480 16.366431
 43280.000000 -844613.937500 791.423889 3.279540 3.496692 16.378027
 43300.000000 -844662.437500 792.607331 3.332037 3.398011 16.389806
 43320.000000 -843871.000000 795.057306 3.682465 3.445383 16.725162
 43340.000000 -844322.312500 790.232806 3.499002 3.266346 16.524607
 43360.000000 -845479.062500 794.459864 3.430495 3.151769 16.547537
 43380.000000 -846013.187500 794.086466 3.428017 3.356518 16.660858
 43400.000000 -846876.312500 792.037805 3.653846 3.430924 16.484301
 43420.000000 -844882.062500 793.255396 3.534762 3.704895 16.544892
 43440.000000 -843570.437500 794.243247 3.461288 3.412304 16.251140
 43460.000000 -845121.687500 795.660540 3.461787 3.486799 16.779256
 43480.000000 -846874.312500 793.903417 3.402382 3.391777 16.550959
 43500.000000 -844565.875000 791.237843 3.275725 3.366677 16.307641
 43520.000000 -845978.625000 793.801129 3.178994 2.997451 16.481126
 43540.000000 -842446.687500 794.257636 3.168858 3.220042 16.421122
 43560.000000 -844326.875000 793.967405 3.089352 3.332935 16.429671
 43580.000000 -845050.687500 793.623686 3.282727 3.328580 16.211264
 43600.000000 -843499.187500 792.757917 3.410907 3.418265 16.484064
 43620.000000 -845453.750000 793.806611 3.270527 3.484154 16.374364
 43640.000000 -844606.062500 793.048417 3.220899 3.603980 16.616173
 43660.000000 -845229.062500 793.086827 3.506170 3.306250 16.581055
 43680.000000 -845389.625000 796.191760 3.377521 3.389756 16.556705
 43700.000000 -844528.250000 794.664412 3.098301 3.519110 16.502147
 43720.000000 -845897.312500 793.122412 3.362217 3.466942 16.492830
 43740.000000 -844980.937500 793.328583 3.462473 3.248094 16.597477
 43760.000000 -845451.875000 791.260034 3.326438 3.515497 16.697270
 43780.000000 -844679.187500 796.410463 3.240074 3.584349 16.485620
 43800.000000 -845237.500000 792.414836 3.248886 3.758217 16.587109
 43820.000000 -845178.625000 795.394877 3.301410 3.697576 16.539752
 43840.000000 -845588.875000 792.400524 3.569268 3.510252 16.453520
 43860.000000 -844637.750000 793.528029 3.522287 3.520687 16.640884
 43880.000000 -843574.375000 795.310172 3.481556 3.535210 16.574675
 43900.000000 -844144.250000 793.549703 3.429793 3.438464 16.694116
 43920.000000 -845464.750000 794.930991 3.602317 3.400813 16.694550
 43940.000000 -846044.687500 794.633684 3.570071 3.604121 16.533957
 43960.000000 -842555.875000 795.946866 3.372269 3.573687 16.498841
 43980.000000 -844322.187500 795.150407 3.191354 3.583042 16.651808
 44000.000000 -844438.937500 793.924441 3.643128 3.465035 16.772793
 44020.000000 -841310.937500 799.689191 3.860737 4.075775 6.279134
 44040.000000 -843292.812500 798.595977 3.584393 3.588797 6.574747
 44060.000000 -841689.687500 798.904161 3.250968 2.609434 9.084628
 44080.000000 -844270.375000 798.739641 3.337046 2.440763 11.911222
 44100.000000 -845145.500000 794.500918 3.607744 2.857351 14.317433
 44120.000000 -843889.750000 793.462204 3.547082 3.258915 15.758519
 44140.000000 -844026.375000 796.590357 3.428844 3.218042 16.099285
 44160.000000 -843614.625000 795.046767 3.278977 3.276868 16.111164
 44180.000000 -846162.750000 791.561438 3.449976 3.271460 16.231555
 44200.000000 -844407.500000 795.522545 3.461184 3.451333 16.316806
 44220.000000 -842932.312500 795.979239 3.407769 3.376155 16.335873
 44240.000000 -843186.312500 795.156226 3.628382 3.595066 16.438272
 44260.000000 -846040.687500 792.580369 3.355027 3.432279 16.454954
 44280.000000 -844795.937500 794.039966 3.224997 3.259323 16.536624
 44300.000000 -846002.312500 794.481994 3.455436 3.197936 16.606614
 44320.000000 -843684.750000 794.339322 3.470800 3.446729 16.440756
 44340.000000 -845258.937500 794.674023 3.634631 3.257401 16.489120
 44360.000000 -844318.750000 794.606995 3.372956 3.263962 16.571732
 44380.000000 -843869.625000 793.342562 3.275563 3.257690 16.421286
 44400.000000 -845536.937500 792.413890 3.315263 3.488798 16.520504
 44420.000000 -845299.375000 792.835973 3.207763 3.687637 16.694698
 44440.000000 -845425.500000 794.477383 3.307245 3.441246 16.857582
 44460.000000 -845412.375000 792.697739 3.358474 3.408830 16.503439
 44480.000000 -842032.500000 797.540622 3.572353 3.552269 16.418603
 44500.000000 -844460.437500 795.622995 3.288956 3.275798 16.736969
 44520.000000 -846007.375000 793.752853 3.276880 3.264321 16.531261
 44540.000000 -844136.187500 793.190147 3.263991 3.593791 16.382118
 44560.000000 -843728.000000 794.586837 3.259105 3.618297 16.370669
 44580.000000 -845227.750000 795.521570 3.358409 3.784490 16.480224
 44600.000000 -843668.062500 794.409418 3.394267 3.645412 16.521984
 44620.000000 -844302.000000 795.949391 3.507064 3.427562 16.290727
 44640.000000 -843449.875000 793.983560 3.433582 3.753570 16.563727
 44660.000000 -843590.125000 794.937644 3.474668 3.691308 16.473750
 44680.000000 -844297.125000 797.744747 3.469269 3.333960 16.433848
 44700.000000 -844852.000000 791.772074 3.533057 3.496784 16.562930
 44720.000000 -844256.562500 793.315092 3.289044 3.509438 16.653463
 44740.000000 -845254.812500 793.674268 3.516764 3.365741 16.581120
 44760.000000 -844562.375000 795.697828 3.588409 3.288093 16.429559
 44780.000000 -842950.500000 794.735043 3.720602 3.602337 16.106932
 44800.000000 -844206.875000 792.923128 3.392408 3.348206 16.300900
 44820.000000 -846705.125000 792.789854 3.352559 3.432886 16.517241
 44840.000000 -843918.437500 792.359850 3.722409 3.321651 16.264538
 44860.000000 -843915.500000 796.149048 3.447201 3.354665 16.527490
 44880.000000 -843612.437500 793.722241 3.717120 3.184378 16.297897
 44900.000000 -842842.000000 794.982510 3.431802 3.281420 16.367918
 44920.000000 -842017.187500 794.388218 3.121287 3.427240 16.429334
 44940.000000 -844150.687500 794.839884 3.195193 3.554352 16.626692
 44960.000000 -843087.125000 795.744625 3.291788 3.672606 16.549380
 44980.000000 -845566.125000 793.979054 3.611484 3.739487 16.643548
 45000.000000 -843641.187500 792.457232 3.525663 3.323825 16.501587
 45020.000000 -842847.250000 794.810299 3.693670 3.579272 16.649248
 45040.000000 -844220.187500 795.812268 3.788612 3.421481 16.638001
 45060.000000 -844614.937500 793.732300 3.685425 3.340108 16.519456
 45080.000000 -842869.062500 796.627431 3.426682 3.237898 16.479172
 45100.000000 -844889.125000 797.075206 3.412440 3.538376 16.487307
 45120.000000 -845578.812500 794.681017 3.521824 3.334311 16.227890
 45140.000000 -843872.437500 795.301099 3.395827 3.294081 16.253780
 45160.000000 -843946.562500 795.675502 3.175819 3.506998 16.558168
 45180.000000 -844166.187500 793.503259 3.188855 3.496850 16.517123
 45200.000000 -844435.937500 794.194239 3.324428 3.742641 16.499721
 45220.000000 -844720.750000 792.935259 3.300172 3.487007 16.456488
 45240.000000 -844080.562500 792.999184 3.425352 3.494611 16.478979
 45260.000000 -845757.500000 792.820064 3.266753 3.380635 16.506877
 45280.000000 -842939.750000 793.670409 3.338827 3.562632 16.542204
 45300.000000 -844858.625000 792.595763 3.301126 3.370127 16.459196
 45320.000000 -844633.625000 795.150339 3.382022 3.368660 16.532970
 45340.000000 -842384.125000 796.345265 3.331403 3.287985 16.538313
 45360.000000 -845428.250000 794.440092 3.396336 3.059697 16.560974
 45380.000000 -847116.625000 792.564483 3.361501 3.217036 16.442764
 45400.000000 -842563.500000 799.155768 3.230852 3.165263 16.671819
 45420.000000 -844738.125000 795.745922 3.382314 3.370649 16.283510
 45440.000000 -844301.687500 793.154700 3.425765 3.470266 16.207806
 45460.000000 -845165.875000 794.940454 3.469216 3.336721 16.367853
 45480.000000 -845693.937500 795.706929 3.507154 3.414002 16.374614
 45500.000000 -844338.375000 795.770323 3.586576 3.301880 16.442864
 45520.000000 -846512.375000 793.530803 3.563219 3.213539 16.670690
 45540.000000 -844749.250000 793.300300 3.423766 3.254114 16.571740
 45560.000000 -844990.312500 793.709914 3.613167 3.302123 16.658697
 45580.000000 -846684.937500 793.007910 3.685291 3.399932 16.556517
 45600.000000 -846273.500000 791.246270 3.406915 3.366259 16.642634
 45620.000000 -844828.125000 793.851892 3.397957 3.446821 16.464304
 45640.000000 -844919.437500 793.646348 3.507103 3.493888 16.556243
 45660.000000 -844965.812500 793.907005 3.514487 3.474891 16.354497
 45680.000000 -844090.937500 792.959570 3.196499 3.468920 16.534490
 45700.000000 -845202.562500 792.012395 3.181283 3.332473 16.638710
 45720.000000 -843514.750000 795.687203 3.079138 3.365814 16.588922
 45740.000000 -845405.312500 794.260920 3.390873 3.312363 16.359381
 45760.000000 -843385.562500 795.582249 3.296608 3.293762 16.375531
 45780.000000 -844318.625000 794.587454 3.455384 3.308223 16.481192
 45800.000000 -846239.750000 795.491386 3.426070 3.322882 16.359708
 45820.000000 -847002.812500 792.151216 3.465410 3.512825 16.412907
 45840.000000 -846288.937500 794.713948 3.267942 3.390114 16.587042
 45860.000000 -844818.875000 793.577589 3.216255 3.375492 16.466479
 45880.000000 -844772.750000 796.610944 2.897106 3.312088 16.401205
 45900.000000 -845017.750000 796.449525 2.945867 3.267656 16.398136
 45920.000000 -845256.375000 795.320201 3.330906 3.484925 16.138008
 45940.000000 -844392.312500 795.011296 3.503088 3.426970 16.204884
 45960.000000 -844662.187500 794.231693 3.310891 3.427148 16.298118
 45980.000000 -843970.500000 795.282279 3.457429 3.257180 16.452283
 46000.000000 -843889.812500 796.045752 3.462720 3.387300 16.310807
 46020.000000 -845277.375000 796.707210 3.547489 3.191995 16.489289
 46040.000000 -846666.062500 793.601090 3.573408 3.349001 16.534944
 46060.000000 -845257.875000 793.799985 3.885285 3.515075 16.752100
 46080.000000 -846394.562500 792.458665 3.459525 3.651672 16.554825
 46100.000000 -845045.687500 793.901031 3.228279 3.537791 16.542520
 46120.000000 -844192.375000 794.224512 3.151266 3.380622 16.453413
 46140.000000 -845517.500000 793.099300 3.394358 3.535773 16.585337
 46160.000000 -845157.000000 792.779407 3.361611 3.521663 16.589542
 46180.000000 -845919.750000 793.355596 3.293529 3.388141 16.500258
 46200.000000 -845733.812500 794.483596 3.112553 3.512680 16.585765
 46220.000000 -844502.125000 792.639275 3.089630 3.272924 16.573455
 46240.000000 -844462.562500 795.273513 3.301970 3.219884 16.321470
 46260.000000 -844462.250000 791.196358 3.261477 3.182775 16.474777
 46280.000000 -844731.375000 795.275170 3.304095 3.370180 16.358453
 46300.000000 -845078.062500 793.326644 3.389609 3.356776 16.550578
 46320.000000 -846469.750000 792.822116 3.071247 3.486319 16.623249
 46340.000000 -844745.812500 792.942791 3.310669 3.638724 16.198311
 46360.000000 -845088.312500 793.264766 3.483946 3.658957 16.331074
 46380.000000 -845169.750000 792.257432 3.340442 3.410506 16.437365
 46400.000000 -843440.812500 793.435437 3.544183 3.519574 16.498738
 46420.000000 -844435.187500 793.583554 3.275793 3.546822 16.524868
 46440.000000 -844812.375000 796.602836 3.459260 3.530940 16.513933
 46460.000000 -844617.062500 792.676545 3.432931 3.301459 16.422852
 46480.000000 -842676.562500 794.766580 3.255256 3.518552 16.583252
 46500.000000 -844447.125000 794.588488 3.208582 3.285504 16.406934
 46520.000000 -846225.625000 794.168284 3.270783 3.601817 16.601632
 46540.000000 -847400.187500 791.386049 3.347901 3.504007 16.457754
 46560.000000 -846125.062500 794.469152 3.526680 3.487436 16.593492
 46580.000000 -843202.437500 793.290495 3.377627 3.466289 16.601644
 46600.000000 -844965.125000 794.004637 3.436719 3.182987 16.516629
 46620.000000 -844783.250000 792.456733 3.351848 3.237437 16.379516
 46640.000000 -844837.062500 794.723137 3.367918 3.495919 16.440544
 46660.000000 -844808.062500 793.550439 3.277002 3.028562 16.571496
 46680.000000 -844837.562500 793.006881 3.203313 3.338820 16.420097
 46700.000000 -843957.437500 794.133596 3.430705 3.374582 16.439449
 46720.000000 -845239.312500 795.238484 3.320492 3.572773 16.506440
 46740.000000 -845364.500000 795.763772 3.084405 3.450656 16.483551
 46760.000000 -846202.750000 793.219430 3.477107 3.501736 16.634886
 46780.000000 -845012.187500 792.549434 3.481953 3.376079 16.573869
 46800.000000 -845093.375000 793.872831 3.625799 3.402040 16.523685
 46820.000000 -844972.437500 792.908984 3.423803 3.480786 16.606168
 46840.000000 -843700.000000 794.941022 3.403338 3.335180 16.421012
 46860.000000 -844787.375000 793.951895 3.598443 3.442032 16.556023
 46880.000000 -844003.250000 795.460668 3.758936 3.282341 16.646998
 46900.000000 -844528.875000 794.749827 3.466817 3.519563 16.613395
 46920.000000 -845415.312500 795.106724 3.493112 3.330623 16.802405
 46940.000000 -844440.500000 791.878935 3.532149 3.344550 16.724155
 46960.000000 -847152.500000 793.247451 3.692062 3.195162 16.357877
 46980.000000 -844130.812500 794.829364 3.579590 3.644650 16.528384
 47000.000000 -844613.625000 794.055619 3.454124 3.323526 16.372040
 47020.000000 -844353.562500 793.238827 3.319586 3.332849 16.397247
 47040.000000 -845327.562500 792.794350 3.371883 3.491946 16.468763
 47060.000000 -845984.000000 792.303552 3.454897 3.245229 16.574442
 47080.000000 -844472.375000 793.671440 3.184533 3.357780 16.447226
 47100.000000 -844106.125000 797.913533 3.416978 3.222539 16.407241
 47120.000000 -846898.437500 791.694582 3.551993 3.406408 16.406034
 47140.000000 -843377.312500 796.539283 3.504929 3.562427 16.398644
 47160.000000 -845018.875000 793.673014 3.457940 3.320153 16.560986
 47180.000000 -843341.312500 795.570236 3.419560 3.403890 16.465293
 47200.000000 -846393.875000 793.014964 3.299040 3.308249 16.507453
 47220.000000 -842818.312500 793.351000 3.331382 3.336154 16.423592
 47240.000000 -844859.562500 793.697369 3.025216 3.396419 16.545483
 47260.000000 -845836.687500 792.563029 3.105152 3.351570 16.629238
 47280.000000 -844999.687500 794.723113 3.307079 3.263224 16.779889
 47300.000000 -846072.687500 792.743981 3.578803 3.262553 16.688355
 47320.000000 -846449.937500 794.497422 3.212789 3.139473 16.886582
 47340.000000 -844410.000000 793.840471 3.052621 3.610893 16.630172
 47360.000000 -845387.500000 792.569022 3.100999 3.361657 16.620251
 47380.000000 -844342.937500 793.617697 3.231098 3.121491 16.708249
 47400.000000 -846153.625000 793.348920 3.761265 3.107010 16.610219
 47420.000000 -843874.562500 794.007820 3.446435 3.239121 16.286302
 47440.000000 -844858.125000 793.116903 3.468593 3.578265 16.357182
 47460.000000 -845752.687500 792.366848 3.514152 3.378652 16.352986
 47480.000000 -844290.375000 795.139385 3.441286 3.376944 16.286080
 47500.000000 -844864.375000 793.302422 3.340444 3.579815 16.583688
 47520.000000 -843630.000000 794.134309 3.568015 3.423259 16.757628
 47540.000000 -844685.187500 793.590314 3.526796 3.258707 16.788321
 47560.000000 -845852.187500 792.962226 3.533517 3.109254 16.479191
 47580.000000 -846604.625000 794.132173 3.114615 3.398708 16.596125
 47600.000000 -845496.312500 793.760493 3.355378 3.566581 16.520234
 47620.000000 -843705.062500 798.181858 3.607659 3.408989 16.515376
 47640.000000 -844760.687500 792.945733 3.441446 3.437824 16.448309
 47660.000000 -843996.250000 793.340474 3.556747 3.603248 16.617538
 47680.000000 -844354.750000 795.047665 3.609494 3.444750 16.305599
 47700.000000 -844372.312500 793.908346 3.401287 3.408908 16.276835
 47720.000000 -844972.125000 795.598517 3.352660 3.214997 16.360370
 47740.000000 -846204.062500 793.209273 3.248389 3.257240 16.336226
 47760.000000 -844872.875000 792.289848 3.217915 3.411727 16.386938
 47780.000000 -847474.812500 793.959473 3.552856 3.448334 16.304293
 47800.000000 -844472.125000 794.655683 3.429849 3.474481 16.242961
 47820.000000 -844803.187500 794.601471 3.510273 3.448824 16.305979
 47840.000000 -845772.625000 793.218055 3.241815 3.204211 16.440126
 47860.000000 -845240.937500 795.312495 3.468331 3.211777 16.474792
 47880.000000 -844520.500000 795.327718 3.329356 3.334863 16.653087
 47900.000000 -846304.000000 795.380483 3.395228 3.388784 16.557271
 47920.000000 -846050.937500 791.439650 3.421720 3.582240 16.394913
 47940.000000 -845808.437500 791.035799 3.337393 3.238784 16.666732
 47960.000000 -845970.812500 790.353039 3.350226 3.189284 16.602579
 47980.000000 -844069.437500 792.233900 3.322536 3.534214 16.751657
 48000.000000 -844362.937500 796.684374 3.269881 3.565279 16.637344
 48020.000000 -845065.312500 796.662242 3.375624 3.684035 16.477731
 48040.000000 -845759.250000 796.260914 3.475000 3.415488 16.630751
 48060.000000 -844704.812500 793.822322 3.551158 3.127084 16.424784
 48080.000000 -845076.562500 795.586607 3.481810 3.075136 16.420715
 48100.000000 -844458.562500 795.076988 3.474385 3.151041 16.698524
 48120.000000 -844958.812500 794.447096 3.089932 3.413879 16.757437
 48140.000000 -845875.875000 792.843253 2.992617 3.409304 16.506121
 48160.000000 -845205.625000 795.710922 3.430374 3.630191 16.393178
 48180.000000 -845954.812500 792.070057 3.546270 3.641612 16.591038
 48200.000000 -844647.875000 792.760212 3.528979 3.565109 16.447881
 48220.000000 -844296.562500 794.402374 3.717060 3.532748 16.366594
 48240.000000 -847902.312500 791.993650 3.556389 3.708533 16.524967
 48260.000000 -845693.812500 795.865743 3.601729 3.342317 16.449291
 48280.000000 -844146.437500 795.259869 3.377672 3.609316 16.522673
 48300.000000 -843509.125000 792.583439 3.442603 3.716719 16.669218
 48320.000000 -845216.500000 793.684822 3.475217 3.333370 16.697461
 48340.000000 -844150.250000 793.852085 3.398261 3.346405 16.323472
 48360.000000 -847027.062500 792.714410 3.203134 3.252442 16.456319
 48380.000000 -845472.562500 794.283576 3.249206 3.508449 16.495404
 48400.000000 -844753.375000 794.274068 3.173249 3.439935 16.401887
 48420.000000 -844272.187500 797.488131 3.333916 3.288924 16.042304
 48440.000000 -844169.187500 796.363746 3.394072 3.355676 16.353297
 48460.000000 -845843.125000 794.377690 3.362000 3.510585 16.270293
 48480.000000 -846267.062500 793.702621 3.407775 3.537739 16.242557
 48500.000000 -843741.687500 794.693881 3.630668 3.354147 16.386513
 48520.000000 -844044.562500 793.641151 3.879410 3.211513 16.410887
 48540.000000 -844821.625000 796.280631 3.650894 3.421509 16.334741
 48560.000000 -843996.625000 793.306784 3.593521 3.327012 16.550193
 48580.000000 -844514.500000 797.039707 3.549462 3.507802 16.553739
 48600.000000 -845426.062500 795.272031 3.605414 3.417583 16.795582
 48620.000000 -843262.875000 796.552390 3.510191 3.555787 16.816718
 48640.000000 -843393.812500 795.494947 3.447175 3.507288 16.423499
 48660.000000 -844374.000000 793.777218 3.235791 3.608942 16.405841
 48680.000000 -843360.562500 794.487415 3.342333 3.507881 16.685633
 48700.000000 -844342.250000 794.065636 3.289651 3.482967 16.707220
 48720.000000 -845322.375000 794.860974 3.479714 3.628798 16.489978
 48740.000000 -843385.062500 794.947547 3.362104 3.434128 16.621194
 48760.000000 -846307.187500 790.171050 3.338710 3.445138 16.519242
 48780.000000 -845149.875000 789.768403 3.353941 3.478367 16.634733
 48800.000000 -844214.375000 794.679111 3.347823 3.334023 16.593811
 48820.000000 -844428.437500 792.799164 3.613548 3.449145 16.483407
 48840.000000 -844037.687500 796.030396 3.367681 3.351329 16.511286
 48860.000000 -844379.875000 792.589153 3.588848 3.726336 16.096333
 48880.000000 -846014.187500 795.703089 3.586306 3.480214 16.325170
 48900.000000 -844519.125000 794.235986 3.417311 3.378551 16.454779
 48920.000000 -845516.562500 793.695041 3.396466 3.296612 16.354701
 48940.000000 -843690.062500 796.174458 3.434642 3.492062 16.351759
 48960.000000 -843693.125000 797.458727 3.282326 3.523684 16.354512
 48980.000000 -844914.500000 795.274065 3.179391 3.552000 16.337987
 49000.000000 -844482.812500 793.480545 3.372236 3.510021 16.423718
 49020.000000 -845676.812500 792.452472 3.525752 3.508400 16.300251
 49040.000000 -845330.812500 793.565516 3.548684 3.499545 16.479360
 49060.000000 -846182.125000 794.764817 3.513107 3.451998 16.672034
 49080.000000 -845908.312500 794.369116 3.462043 3.049299 16.354070
 49100.000000 -845294.000000 792.370092 3.483094 3.131131 16.369844
 49120.000000 -844592.125000 794.105706 3.687696 3.337038 16.613781
 49140.000000 -845303.000000 792.235228 3.528346 3.559522 16.909460
 49160.000000 -845043.187500 792.383081 3.316025 3.516507 16.767043
 49180.000000 -844319.625000 794.019425 3.474597 3.453936 16.700151
 49200.000000 -844075.187500 793.759774 3.632514 3.478120 16.801780
 49220.000000 -842626.437500 794.002920 3.407959 3.606962 16.349208
 49240.000000 -845335.062500 795.414592 3.399785 3.410813 16.548915
 49260.000000 -844906.625000 795.176390 3.307150 3.314369 16.684923
 49280.000000 -844334.000000 793.697971 3.407906 3.409845 16.769538
 49300.000000 -844752.375000 794.251676 3.422679 3.569137 16.557410
 49320.000000 -845089.062500 793.692264 3.137840 3.455840 16.419498
 49340.000000 -846047.312500 793.989161 3.046992 3.549286 16.533913
 49360.000000 -842651.375000 795.751749 3.133945 3.514067 16.525247
 49380.000000 -846856.937500 793.674297 3.494111 3.297209 16.436241
 49400.000000 -846132.750000 791.923734 3.770144 3.219894 16.410895
 49420.000000 -843503.187500 792.613260 3.590669 3.501692 16.561397
 49440.000000 -848098.125000 792.532482 3.655552 3.214860 16.440784
 49460.000000 -843890.812500 794.365102 3.332900 3.412920 16.432622
 49480.000000 -842973.750000 795.855577 3.423055 3.320496 16.468621
 49500.000000 -845449.562500 791.835865 3.134718 3.322254 16.452744
 49520.000000 -845197.812500 793.286138 3.293534 3.460334 16.173287
 49540.000000 -843122.000000 794.839905 3.532979 3.764326 16.445592
 49560.000000 -846204.312500 793.148322 3.410699 3.544227 16.425071
 49580.000000 -844484.375000 795.398539 3.495378 3.543378 16.458718
 49600.000000 -842875.875000 796.325429 3.401694 3.664309 16.342439
 49620.000000 -845284.437500 791.849176 3.623438 3.592849 16.666401
 49640.000000 -844723.437500 794.427341 3.248700 3.394742 16.656339
 49660.000000 -844336.500000 795.602333 3.034562 3.378078 16.636507
 49680.000000 -845037.437500 796.680153 3.414376 3.602544 16.566391
 49700.000000 -845438.562500 793.154256 3.517438 3.164511 16.636544
 49720.000000 -845872.250000 793.643564 3.340035 3.463126 16.896313
 49740.000000 -844583.250000 792.152257 3.572135 3.484626 16.683407
 49760.000000 -845242.437500 795.235021 3.632049 3.410149 16.316271
 49780.000000 -844234.500000 794.814591 3.472384 3.324093 16.382042
 49800.000000 -844928.562500 795.600180 3.178627 3.309676 16.423763
 49820.000000 -843962.437500 794.921289 3.489808 3.311084 16.412728
 49840.000000 -845216.625000 793.383199 3.497781 3.443181 16.406471
 49860.000000 -845004.312500 792.560299 3.404223 3.666901 16.353978
 49880.000000 -844455.000000 792.846145 3.290544 3.303588 16.334124
 49900.000000 -846079.625000 795.493944 3.437070 3.385013 16.511229
 49920.000000 -845028.750000 794.782134 3.312547 3.116292 16.461178
 49940.000000 -844666.562500 795.241142 3.521517 3.237375 16.335094
 49960.000000 -845520.125000 792.637103 3.486151 3.262436 16.441357
 49980.000000 -844739.187500 793.954513 3.324108 3.245788 16.604779
 50000.000000 -844340.000000 794.594628 3.283743 3.172313 16.644809
 50020.000000 -845322.625000 793.003829 3.516985 2.987865 16.524460
 50040.000000 -846482.000000 790.769983 3.438839 3.501926 16.354464
 50060.000000 -846012.187500 792.618332 3.516607 3.405765 16.575062
 50080.000000 -845548.812500 795.812308 3.751642 3.313803 16.532444
 50100.000000 -843747.750000 794.005321 3.518595 3.358193 16.509656
 50120.000000 -844501.750000 796.274844 3.629334 3.348745 16.584227
 50140.000000 -844453.125000 793.411098 3.534522 3.367107 16.553327
 50160.000000 -846893.125000 792.534904 3.548172 3.409419 16.410385
 50180.000000 -846583.187500 791.858645 3.575529 3.211174 16.392389
 50200.000000 -844517.625000 795.304188 3.377056 3.293841 16.579672
 50220.000000 -844169.625000 795.327807 3.504659 3.613162 16.805639
 50240.000000 -846191.812500 792.224875 3.270104 3.511115 16.586305
 50260.000000 -845161.812500 792.653018 3.220745 3.405925 16.634355
 50280.000000 -845798.375000 791.744239 3.465081 3.247867 16.587218
 50300.000000 -845585.687500 793.904992 3.315585 3.122609 16.655402
 50320.000000 -843787.187500 794.524907 3.374735 3.332241 16.894014
 50340.000000 -844710.250000 794.963708 3.548953 3.496698 16.562643
 50360.000000 -844399.187500 794.811970 3.374747 3.259548 17.012541
 50380.000000 -846253.500000 794.284367 3.352479 3.054629 16.725773
 50400.000000 -844301.250000 794.394742 3.446187 3.347225 16.742418
 50420.000000 -843481.250000 796.834763 3.344744 3.374255 16.536145
 50440.000000 -844807.250000 795.352820 3.536071 3.436843 16.534475
 50460.000000 -845260.312500 795.101358 3.344609 3.199685 16.625486
 50480.000000 -844175.375000 793.550955 3.312795 3.414188 16.568493
 50500.000000 -845655.937500 791.373639 3.113761 3.294118 16.310679
 50520.000000 -843935.750000 795.689729 3.225165 3.287630 16.396212
 50540.000000 -845107.875000 795.534539 3.373694 3.331585 16.861263
 50560.000000 -846494.187500 793.534237 3.335677 3.368730 16.769674
 50580.000000 -845447.062500 793.961704 3.375873 3.294664 16.554955
 50600.000000 -845178.375000 794.567278 3.218254 3.153907 16.456407
 50620.000000 -845850.750000 792.085184 3.330081 3.067010 16.660379
 50640.000000 -843460.750000 793.592127 3.285441 3.136575 16.367223
 50660.000000 -844490.687500 794.171046 3.601504 3.321648 16.581127
 50680.000000 -844352.500000 794.115295 3.269210 3.655502 16.518606
 50700.000000 -843617.812500 794.512727 3.395065 3.580818 16.680186
 50720.000000 -843935.562500 794.376204 3.370883 3.704431 16.673729
 50740.000000 -845366.875000 792.615660 3.201185 3.577983 16.787258
 50760.000000 -845312.312500 792.182805 3.170295 3.243031 16.582501
 50780.000000 -845546.187500 793.667739 3.185989 3.185769 16.381931
 50800.000000 -844312.250000 793.460779 3.333444 3.326095 16.499336
 50820.000000 -844259.875000 792.908529 3.073974 3.291371 16.697154
 50840.000000 -845740.000000 793.853287 3.155713 3.058012 16.601351
 50860.000000 -845741.687500 792.920325 3.516332 3.003356 16.282722
 50880.000000 -843587.750000 794.282964 3.679742 3.106496 16.570950
 50900.000000 -845428.250000 796.133962 3.633442 3.255289 16.624143
 50920.000000 -846851.125000 791.709970 3.314162 3.571878 16.453354
 50940.000000 -844422.750000 791.294649 3.426739 3.266140 16.531820
 50960.000000 -845851.125000 792.395240 3.392612 3.273560 16.477287
 50980.000000 -844902.562500 794.639670 3.621004 3.159736 16.393337
 51000.000000 -843600.625000 796.720943 3.586945 3.273632 16.449391
 51020.000000 -845310.062500 792.785469 3.313118 3.348660 16.529359
 51040.000000 -844176.312500 794.763185 3.147115 3.684882 16.372936
 51060.000000 -845869.500000 790.073652 3.103227 3.405019 16.167408
 51080.000000 -845641.125000 792.905330 3.340114 3.300046 16.035529
 51100.000000 -843658.187500 796.131044 3.305820 3.449395 16.191205
 51120.000000 -844699.500000 795.402565 3.433435 3.330039 16.452450
 51140.000000 -843949.687500 793.602287 3.428430 3.497167 16.450007
 51160.000000 -846308.000000 792.234852 3.470085 3.473686 16.500801
 51180.000000 -844547.500000 794.526417 3.284104 3.485491 16.535073
 51200.000000 -845670.375000 795.086821 3.175451 3.443307 16.693348
 51220.000000 -844554.750000 793.298443 3.279534 3.492449 16.632925
 51240.000000 -845711.187500 793.145874 3.256947 3.665212 16.490802
 51260.000000 -846264.937500 793.073834 3.577124 3.567097 16.827673
 51280.000000 -843261.125000 792.856938 3.326976 3.501286 16.810893
 51300.000000 -845104.062500 793.323990 3.649887 3.554556 16.745650
 51320.000000 -845300.562500 792.912576 3.423830 3.611147 16.701814
 51340.000000 -844968.312500 793.310248 3.441829 3.513410 16.687773
 51360.000000 -845826.875000 794.110283 3.446922 3.272029 16.430295
 51380.000000 -843638.562500 794.641299 3.437065 3.252998 16.412117
 51400.000000 -842900.937500 793.100933 3.556567 3.328519 16.475270
 51420.000000 -843620.062500 792.990510 3.466297 3.614346 16.524490
 51440.000000 -846556.875000 794.463444 3.414308 3.496854 16.746339
 51460.000000 -845049.250000 793.011985 3.471937 3.303413 16.764198
 51480.000000 -844750.812500 792.490690 3.397361 3.228271 16.522669
 51500.000000 -844735.437500 798.161456 3.363148 3.290343 16.473621
 51520.000000 -844068.250000 795.409477 3.321541 3.463105 16.451947
 51540.000000 -844988.875000 793.687011 3.250072 3.286070 16.298667
 51560.000000 -844969.187500 795.884690 3.287424 3.313256 16.297704
 51580.000000 -841911.250000 795.363989 3.333861 3.378024 16.575488
 51600.000000 -845766.812500 793.379393 3.210946 3.532910 16.461588
 51620.000000 -845178.125000 794.920814 3.244839 3.597232 16.703211
 51640.000000 -846302.500000 793.295296 3.255765 3.403571 16.537588
 51660.000000 -846411.562500 792.577257 3.557658 3.290187 16.597062
 51680.000000 -844755.937500 793.773916 3.440021 3.442105 16.598662
 51700.000000 -844184.000000 792.490685 3.617237 3.352788 16.665300
 51720.000000 -845249.812500 793.555821 3.651985 3.560785 16.497453
 51740.000000 -844508.500000 793.524441 3.580554 3.445828 16.509677
 51760.000000 -843871.125000 795.022147 3.466624 3.377364 16.305337
 51780.000000 -845750.625000 793.925135 3.347297 3.529473 16.523547
 51800.000000 -845947.687500 794.139125 3.365847 3.347655 16.585399
 51820.000000 -846119.812500 795.448735 3.340015 3.567351 16.335464
 51840.000000 -845500.250000 793.254014 3.386287 3.676136 16.393617
 51860.000000 -845216.687500 794.345421 3.188715 3.739330 16.413258
 51880.000000 -844460.625000 795.263854 3.110295 3.497106 16.661424
 51900.000000 -844800.750000 795.354362 3.329772 3.411877 16.600925
 51920.000000 -845164.687500 793.836279 3.361739 3.461868 16.505399
 51940.000000 -844127.500000 795.629713 3.268582 3.607499 16.408718
 51960.000000 -845008.187500 796.216935 3.384460 3.752821 16.558692
 51980.000000 -844248.625000 794.857653 3.364797 3.391169 16.643887
 52000.000000 -844083.375000 795.313451 3.388471 3.490095 16.719443
 52020.000000 -844948.437500 795.084616 3.273556 3.492288 16.526124
 52040.000000 -845827.500000 795.049251 3.196959 3.464017 16.734327
 52060.000000 -845491.125000 790.569518 3.185851 3.353081 16.448359
 52080.000000 -844268.125000 793.041348 3.395675 3.274439 16.268545
 52100.000000 -846290.687500 792.711346 3.331363 3.100607 16.463280
 52120.000000 -847169.250000 794.238323 3.503497 3.287261 16.662794
 52140.000000 -843708.437500 790.082967 3.460169 3.462572 16.457813
 52160.000000 -844753.750000 794.553921 3.092464 3.409331 16.203685
 52180.000000 -844381.500000 796.568545 3.143835 3.437588 16.629883
 52200.000000 -845637.812500 791.531540 3.458788 3.653964 16.574766
 52220.000000 -846244.062500 791.251164 3.368588 3.515155 16.576813
 52240.000000 -845071.937500 794.767143 3.418802 3.596829 16.540527
 52260.000000 -845180.937500 793.033923 3.232466 3.419342 16.409969
 52280.000000 -844015.375000 794.777805 3.377140 3.085516 16.363097
 52300.000000 -844201.875000 795.521225 3.539660 3.320389 16.667058
 52320.000000 -845107.062500 796.184811 3.766923 3.443914 16.484630
 52340.000000 -844962.187500 795.000949 3.739348 3.492558 16.385698
 52360.000000 -844254.062500 796.397417 3.425890 3.428440 16.263931
 52380.000000 -845953.187500 794.190190 3.737408 3.636413 16.014039
 52400.000000 -844036.750000 795.351198 3.646049 3.383853 16.275640
 52420.000000 -844445.187500 796.575246 3.517915 3.338746 16.391891
 52440.000000 -843972.750000 796.713089 3.461436 3.214507 16.400145
 52460.000000 -844033.750000 795.045463 3.454880 3.289086 16.232895
 52480.000000 -845151.500000 794.185147 3.433021 3.391637 16.388546
 52500.000000 -845067.937500 792.802550 3.606284 3.582688 16.345240
 52520.000000 -846756.625000 793.531406 3.404877 3.363113 16.315330
 52540.000000 -844489.875000 794.019557 3.365226 3.504675 16.443817
 52560.000000 -844986.312500 795.325251 3.523828 3.506299 16.781309
 52580.000000 -845454.687500 795.443546 3.353597 3.224989 16.592161
 52600.000000 -844681.312500 793.557395 3.396897 3.487524 16.674591
 52620.000000 -845207.062500 792.284766 3.216392 3.173506 16.824408
 52640.000000 -844386.062500 795.155321 3.427982 3.431812 16.471217
 52660.000000 -843514.187500 794.578432 3.299406 3.472128 16.530805
 52680.000000 -843924.250000 793.024354 3.262820 3.334934 16.519748
 52700.000000 -843512.687500 795.729058 3.147135 3.402423 16.562618
 52720.000000 -846356.750000 790.649807 3.201307 3.343290 16.309145
 52740.000000 -845347.187500 796.661070 3.197766 3.317714 16.426471
 52760.000000 -844664.250000 795.821579 3.361469 3.306762 16.358288
 52780.000000 -844845.250000 794.676229 3.633569 3.403605 16.433785
 52800.000000 -844788.750000 792.289707 3.563782 3.562159 16.579521
 52820.000000 -844632.187500 795.960525 3.417632 3.456882 16.689418
 52840.000000 -844384.562500 794.693301 3.306638 3.547342 16.472713
 52860.000000 -844649.312500 795.531968 3.380491 3.285965 16.462236
 52880.000000 -844762.812500 795.999473 3.522105 3.035277 16.562778
 52900.000000 -845670.250000 794.101663 3.296638 3.085575 16.820930
 52920.000000 -844390.125000 792.836790 3.270244 3.552152 16.432641
 52940.000000 -845057.312500 793.074133 3.160180 3.408216 16.517283
 52960.000000 -844804.812500 792.100076 3.332649 3.288095 16.372946
 52980.000000 -844307.562500 792.682522 3.445313 3.620759 16.485384
 53000.000000 -843884.875000 793.617493 3.387269 3.504626 16.604450
 53020.000000 -844425.875000 791.722399 3.220523 3.628636 16.610022
 53040.000000 -844352.312500 794.945150 3.113999 3.334920 16.874192
 53060.000000 -844572.187500 792.787911 3.252631 3.242472 16.499209
 53080.000000 -844944.375000 792.586585 3.289312 3.322234 16.411269
 53100.000000 -843488.562500 794.830464 3.354207 3.230964 16.338429
 53120.000000 -844541.437500 793.531929 3.442865 3.119059 16.487995
 53140.000000 -845759.437500 794.260491 3.404591 3.361145 16.476378
 53160.000000 -844581.375000 793.137580 3.243235 3.334396 16.252830
 53180.000000 -844111.875000 793.503684 3.181297 3.400526 16.617104
 53200.000000 -844786.312500 792.813049 3.168816 3.364247 16.837617
 53220.000000 -845108.437500 792.964359 3.427349 3.328500 16.479549
 53240.000000 -846092.750000 794.903413 3.296673 3.252228 16.798039
 53260.000000 -846424.812500 793.244624 3.422120 3.139458 16.670887
 53280.000000 -845028.750000 795.868956 3.393553 3.464188 16.718132
 53300.000000 -845868.125000 794.678474 3.280336 3.427114 16.445855
 53320.000000 -842849.187500 796.056620 3.250068 3.331178 16.312652
 53340.000000 -843840.937500 796.730938 3.334371 3.469583 16.351031
 53360.000000 -844295.062500 793.454991 3.287684 3.322279 16.632558
 53380.000000 -845264.750000 793.566215 3.300046 3.154721 16.769906
 53400.000000 -844678.000000 796.130183 3.403270 3.112656 16.586101
 53420.000000 -844660.000000 795.181938 3.373521 3.246444 16.601876
 53440.000000 -842700.750000 793.422321 3.244720 3.549608 16.752434
 53460.000000 -843857.062500 793.379487 3.450025 3.538427 16.547314
 53480.000000 -844596.500000 793.824023 3.720877 3.535332 16.435335
 53500.000000 -847194.437500 792.883094 3.405335 3.425081 16.380947
 53520.000000 -843441.625000 796.732343 3.230498 3.465048 16.166194
 53540.000000 -844779.562500 794.376508 3.182352 3.387663 16.471710
 53560.000000 -843809.312500 794.746816 3.203510 3.443857 16.510834
 53580.000000 -844162.437500 793.835585 3.294975 3.517212 16.775277
 53600.000000 -843136.562500 792.464962 3.627247 3.407744 16.450445
 53620.000000 -845406.250000 794.062944 3.504833 3.300879 16.442176
 53640.000000 -843861.000000 794.031717 3.489505 3.609370 16.549206
 53660.000000 -844964.187500 796.118784 3.311928 3.540409 16.772461
 53680.000000 -844056.000000 793.645154 3.123506 3.267334 16.756032
 53700.000000 -844845.875000 792.616773 3.345598 3.313389 16.541227
 53720.000000 -843622.437500 795.058197 3.510020 3.351982 16.281913
 53740.000000 -843391.062500 794.069918 3.405946 3.297185 16.490126
 53760.000000 -846579.812500 792.831349 3.417396 3.448297 16.295260
 53780.000000 -844361.125000 795.589265 3.300055 3.390900 16.475472
 53800.000000 -844760.875000 792.352823 3.244084 3.474114 16.573727
 53820.000000 -845778.312500 795.464402 3.480248 3.441387 16.480283
 53840.000000 -843945.875000 794.233073 3.508742 3.202001 16.629565
 53860.000000 -843381.312500 794.782002 3.285104 3.147178 16.257066
 53880.000000 -846481.625000 793.886743 3.327643 3.314991 16.431201
 53900.000000 -844360.562500 793.823171 3.197058 3.426505 16.493264
 53920.000000 -845608.562500 791.823904 3.113903 3.566181 16.795035
 53940.000000 -843977.750000 797.087809 3.290487 3.117193 16.634694
 53960.000000 -845947.375000 794.764969 3.404284 3.201383 16.553238
 53980.000000 -843666.875000 795.633465 3.476314 3.185311 16.638199
 54000.000000 -846919.250000 792.643800 3.583118 3.226989 16.634369
 54020.000000 -845268.812500 792.405033 3.679150 3.287843 16.788537
 54040.000000 -846280.687500 794.944199 3.373162 3.353976 16.591236
 54060.000000 -846732.000000 792.425386 3.387886 3.558361 16.573363
 54080.000000 -845138.375000 793.561923 3.462611 3.548969 16.728303
 54100.000000 -844659.062500 794.436226 3.271992 3.307333 16.757498
 54120.000000 -844589.437500 795.609016 3.314534 3.504800 16.674405
 54140.000000 -842378.125000 794.573330 3.486140 3.420680 16.582119
 54160.000000 -844171.562500 792.853508 3.693351 3.451643 16.570096
 54180.000000 -846216.437500 794.566923 3.497590 3.437816 16.779933
 54200.000000 -844949.062500 794.892205 3.343230 3.206157 16.579845
 54220.000000 -843587.000000 794.705941 3.256451 3.517723 16.670718
 54240.000000 -843664.812500 793.973107 3.258946 3.240608 16.240785
 54260.000000 -844391.187500 794.664682 3.128373 3.070539 16.230514
 54280.000000 -844511.687500 792.988602 3.265712 3.143736 16.494575
 54300.000000 -843946.750000 794.946637 3.535162 3.260012 16.759047
 54320.000000 -846663.375000 792.274873 3.657542 3.063911 16.456561
 54340.000000 -844009.687500 794.573547 3.649585 2.885032 16.366805
 54360.000000 -846174.562500 794.341970 3.441202 3.264299 16.475549
 54380.000000 -845032.375000 796.139010 3.247217 3.270071 16.552622
 54400.000000 -845469.000000 794.570634 3.356935 3.271416 16.620539
 54420.000000 -846681.937500 791.713675 3.547321 3.614974 16.273056
 54440.000000 -845552.687500 793.111428 3.427015 3.617370 16.376987
 54460.000000 -845017.187500 795.345734 3.337720 3.765531 16.659622
 54480.000000 -846452.312500 793.522188 3.456990 3.313176 16.476366
 54500.000000 -846000.625000 791.206420 3.635261 3.308432 16.469843
 54520.000000 -844391.937500 792.953463 3.639578 3.408702 16.678651
 54540.000000 -844872.500000 794.488402 3.207171 3.499183 16.608023
 54560.000000 -844868.312500 795.202750 3.172203 3.503025 16.577377
 54580.000000 -843269.687500 795.963315 3.186368 3.577028 16.457201
 54600.000000 -842701.250000 795.750631 3.030727 3.445331 16.463729
 54620.000000 -844535.750000 791.679565 3.183560 3.446219 16.252541
 54640.000000 -845379.500000 795.300957 3.357133 3.325366 16.538569
 54660.000000 -846199.062500 793.330222 3.206895 3.127956 16.045160
 54680.000000 -844533.375000 794.820839 3.128203 3.324568 16.372845
 54700.000000 -846899.125000 790.144785 3.551533 3.457973 16.244958
 54720.000000 -845136.125000 795.210630 3.312374 3.330897 16.446544
 54740.000000 -844584.562500 793.823019 3.438823 3.303814 16.477489
 54760.000000 -846370.562500 792.943264 3.261883 3.407230 16.585817
 54780.000000 -844606.062500 794.248342 3.315372 3.386364 16.361497
 54800.000000 -844330.875000 791.515481 3.228821 3.287575 16.365706
 54820.000000 -846424.125000 792.470553 3.278205 3.599740 16.530249
 54840.000000 -844675.250000 794.354042 3.325973 3.321256 16.463242
 54860.000000 -845657.500000 794.870775 3.559614 3.399159 16.474586
 54880.000000 -843588.500000 794.586190 3.511492 3.309046 16.512456
 54900.000000 -844559.500000 792.550840 3.523632 3.501010 16.538145
 54920.000000 -846395.437500 793.483880 3.273114 3.505038 16.309093
 54940.000000 -845248.312500 792.561958 3.496351 3.596812 16.331196
 54960.000000 -845937.312500 791.836381 3.468487 3.200868 16.459010
 54980.000000 -846136.250000 792.944238 3.277581 3.266379 16.666451
 55000.000000 -845781.687500 792.342865 3.482414 3.341702 16.680787
 55020.000000 -845520.375000 796.293190 3.553288 3.527590 16.702456
 55040.000000 -844033.687500 794.508370 3.549461 3.463238 16.548164
 55060.000000 -846524.437500 793.905474 3.355884 3.441416 16.470749
 55080.000000 -846080.437500 793.568707 3.473239 3.333546 16.590411
 55100.000000 -845991.062500 793.130261 3.586650 3.437091 16.648898
 55120.000000 -843552.500000 796.298463 3.220145 3.450964 16.800586
 55140.000000 -843529.000000 796.023883 3.192797 3.319435 16.607795
 55160.000000 -845258.875000 794.965927 3.250238 3.444453 16.625221
 55180.000000 -845121.812500 793.084729 3.158674 3.247754 16.486925
 55200.000000 -844171.625000 796.186064 3.252815 3.452401 16.496300
 55220.000000 -845241.250000 792.272327 3.339337 3.426167 16.381280
 55240.000000 -843760.500000 797.427808 3.581763 3.487517 16.506409
 55260.000000 -844090.312500 797.374698 3.508783 3.547585 16.462921
 55280.000000 -845578.062500 796.087979 3.362187 3.373098 16.527912
 55300.000000 -847501.625000 793.259485 3.553988 3.426908 16.363414
 55320.000000 -844293.687500 793.746194 3.401969 3.420248 16.434282
 55340.000000 -843225.875000 794.763921 3.329425 3.399879 16.681996
 55360.000000 -846228.125000 793.027578 3.678580 3.318179 16.719112
 55380.000000 -843525.750000 795.570470 3.450692 3.446805 16.507930
 55400.000000 -845303.437500 794.622463 3.426984 3.393299 16.483056
 55420.000000 -845006.437500 793.245740 3.317462 3.723939 16.426044
 55440.000000 -845676.437500 794.865537 3.417903 3.404800 16.548003
 55460.000000 -844465.125000 793.557848 3.236279 3.338077 16.690465
 55480.000000 -844438.750000 794.885949 3.504745 3.270088 16.556270
 55500.000000 -845130.250000 793.751583 3.455019 3.348320 16.416915
 55520.000000 -844005.062500 792.287605 3.475323 3.499222 16.226984
 55540.000000 -842959.687500 796.924527 3.559982 3.337338 16.422968
 55560.000000 -844945.250000 794.644662 3.400874 3.324165 16.395591
 55580.000000 -844094.562500 796.788252 3.508672 3.367633 16.218576
 55600.000000 -843040.375000 796.769425 3.389451 3.337754 16.408173
 55620.000000 -842865.000000 796.041852 3.206167 3.258485 16.488434
 55640.000000 -843881.625000 797.076052 3.229595 3.312127 16.445335
 55660.000000 -844934.375000 794.948766 3.372405 3.212738 16.384289
 55680.000000 -844128.750000 795.039583 3.380175 3.449928 16.410724
 55700.000000 -846278.000000 793.725207 3.210214 3.632384 16.557010
 55720.000000 -845231.875000 796.217089 2.991676 3.435445 16.399135
 55740.000000 -845810.312500 796.814739 2.978947 3.471468 16.231227
 55760.000000 -844231.875000 795.284172 3.052670 3.696417 16.410101
 55780.000000 -846554.750000 792.636273 3.194756 3.494097 16.526802
 55800.000000 -844116.625000 795.356854 3.344225 3.284528 16.740775
 55820.000000 -844831.687500 794.574708 3.338757 3.370762 16.427320
 55840.000000 -845296.812500 793.926894 3.258238 3.217923 16.460037
 55860.000000 -846390.187500 793.380180 3.378601 3.134995 16.677918
 55880.000000 -845939.812500 792.217900 3.284035 3.448029 16.797451
 55900.000000 -844424.937500 793.768607 3.481994 3.442174 16.517769
 55920.000000 -846159.500000 792.053619 3.444945 3.477816 16.214541
 55940.000000 -846480.125000 792.239992 3.524085 3.230969 16.167240
 55960.000000 -845960.625000 792.475320 3.630612 3.274179 16.278188
 55980.000000 -844655.375000 795.340868 3.273808 3.427140 16.861360
 56000.000000 -846309.062500 791.766037 3.427116 3.790486 16.727866
 56020.000000 -844013.062500 792.620833 3.281474 3.382921 16.498818
 56040.000000 -845738.062500 793.122638 3.208261 3.325522 16.470187
 56060.000000 -845467.812500 794.713941 3.460389 3.676409 16.485066
 56080.000000 -844477.375000 795.368529 3.554012 3.543160 16.437599
 56100.000000 -845413.937500 795.703487 3.480184 3.400711 16.542493
 56120.000000 -845717.187500 792.692081 3.179989 3.550262 16.643497
 56140.000000 -844988.687500 791.604873 3.214970 3.349730 16.369958
 56160.000000 -844387.562500 794.676226 2.901866 3.525308 16.426750
 56180.000000 -844619.937500 793.955402 3.053592 3.348107 16.020020
 56200.000000 -844921.000000 796.758060 3.328295 3.316019 16.085925
 56220.000000 -843786.125000 793.864579 3.741632 3.315770 16.302758
 56240.000000 -844438.500000 796.435725 3.557973 3.439509 16.378279
 56260.000000 -845053.375000 795.022127 3.464355 3.374251 16.672182
 56280.000000 -844519.437500 794.004134 3.282004 3.384029 16.494433
 56300.000000 -844632.125000 792.364730 3.242294 3.537135 16.487232
 56320.000000 -845942.000000 795.034928 3.394764 3.284037 16.782563
 56340.000000 -845657.875000 792.373731 3.594643 3.350484 16.576565
 56360.000000 -843984.562500 792.590195 3.610607 3.511813 16.687580
 56380.000000 -846023.000000 793.132865 3.373355 3.249657 16.331074
 56400.000000 -842467.812500 796.225830 3.205947 3.332915 16.308256
 56420.000000 -845281.125000 794.202418 3.201434 3.330305 16.392194
 56440.000000 -846060.812500 795.950904 3.658979 3.232086 16.370279
 56460.000000 -844500.687500 794.291289 3.421627 3.443640 16.374714
 56480.000000 -843977.062500 795.616587 3.670411 3.464164 16.646921
 56500.000000 -845949.250000 793.072068 3.753918 3.226698 16.432472
 56520.000000 -846421.875000 791.821746 3.548184 3.208762 16.406866
 56540.000000 -844646.187500 794.316630 3.477684 3.368658 16.472694
 56560.000000 -845543.062500 792.731858 3.404064 3.462333 16.489663
 56580.000000 -843428.250000 797.377741 3.595542 3.313189 16.177183
 56600.000000 -844010.562500 795.683792 3.305819 3.267768 16.320683
 56620.000000 -845020.875000 794.083704 3.273020 3.312170 16.231448
 56640.000000 -844848.375000 793.343023 3.488075 3.182224 16.158517
 56660.000000 -843322.312500 793.855106 3.476584 3.242280 16.447273
 56680.000000 -843283.187500 796.374479 3.755424 3.394868 16.435548
 56700.000000 -845831.687500 793.685268 3.717135 3.631199 16.347725
 56720.000000 -844714.750000 794.846227 3.795160 3.598643 16.621593
 56740.000000 -846333.875000 794.393136 3.429772 3.489664 16.472381
 56760.000000 -844013.437500 794.781688 3.247075 3.599603 16.166114
 56780.000000 -843195.062500 792.646092 3.591920 3.406204 16.345421
 56800.000000 -845246.812500 793.533668 3.613742 3.555120 16.370007
 56820.000000 -845442.625000 794.647358 3.455240 3.416620 16.474459
 56840.000000 -845999.500000 795.370913 3.434945 3.490120 16.632117
 56860.000000 -844543.312500 795.100605 3.210469 3.425806 16.506267
 56880.000000 -845515.312500 793.605065 3.339966 3.408672 16.521298
 56900.000000 -845689.812500 793.062847 3.490322 3.197020 16.423690
 56920.000000 -844605.250000 795.430723 3.446731 3.576303 16.392806
 56940.000000 -845383.625000 793.068536 3.145196 3.443842 16.367879
 56960.000000 -844035.187500 793.170785 3.524259 3.421664 16.151791
 56980.000000 -845347.812500 794.376032 3.259557 3.255058 16.367292
 57000.000000 -844131.812500 795.389132 3.174112 3.456204 16.363868
 57020.000000 -843374.812500 795.455067 3.321926 3.356239 16.315556
 57040.000000 -842838.250000 794.772537 3.618135 3.333301 16.502162
 57060.000000 -844896.437500 795.196746 3.377992 3.254252 16.553272
 57080.000000 -843458.750000 795.600646 3.257689 3.143414 16.502609
 57100.000000 -844894.250000 792.168413 3.490024 3.498105 16.428514
 57120.000000 -845504.625000 793.137946 3.422019 3.085468 16.692229
 57140.000000 -844113.812500 794.806862 3.255515 3.161357 16.628152
 57160.000000 -843030.187500 792.787211 3.398897 3.190727 16.338779
 57180.000000 -843059.875000 795.438579 3.481483 3.333018 16.541209
 57200.000000 -846635.187500 794.038805 3.504974 3.388119 16.737185
 57220.000000 -843592.000000 792.607367 3.313413 3.039879 16.461638
 57240.000000 -846165.875000 791.936218 3.380885 3.155005 16.472096
 57260.000000 -844151.750000 795.961228 3.371472 2.989255 16.263944
 57280.000000 -845875.312500 794.389604 3.697912 3.463079 16.435617
 57300.000000 -843098.312500 793.474458 3.605841 3.417729 16.271887
 57320.000000 -844273.312500 793.922927 3.379343 3.311348 16.253213
 57340.000000 -844563.562500 794.446502 3.496551 3.481370 16.512748
 57360.000000 -846066.937500 794.748696 3.307812 3.498897 16.556943
 57380.000000 -843186.250000 794.540499 3.413236 3.293832 16.770536
 57400.000000 -843964.000000 795.186587 3.305929 3.327630 16.872879
 57420.000000 -846599.562500 792.463126 3.312520 3.303866 16.501457
 57440.000000 -844663.000000 794.342433 3.200855 3.350901 16.310978
 57460.000000 -845277.625000 794.171604 3.554714 3.592630 16.342053
 57480.000000 -844441.000000 794.990408 3.690463 3.447856 16.275333
 57500.000000 -845309.562500 793.659237 3.460751 3.475091 16.394936
 57520.000000 -843487.000000 795.572942 3.380601 3.578131 16.576090
 57540.000000 -844826.187500 794.293464 3.332901 3.516790 16.379848
 57560.000000 -844624.062500 793.107955 3.513748 3.474303 16.585383
 57580.000000 -844626.750000 796.230871 3.290164 3.371892 16.403325
 57600.000000 -844879.562500 794.434569 3.344460 3.274717 16.414940
 57620.000000 -846092.375000 793.372859 3.252200 3.285953 16.269918
 57640.000000 -845399.937500 795.477636 3.306439 3.333534 16.202218
 57660.000000 -846277.937500 792.446233 3.197084 3.619311 16.360488
 57680.000000 -845979.312500 792.413032 3.295470 3.678676 16.450302
 57700.000000 -845022.687500 793.879725 3.374217 3.615828 16.476282
 57720.000000 -844196.187500 796.249428 3.390470 3.613860 16.560771
 57740.000000 -843527.937500 796.135419 3.469840 3.591065 16.490814
 57760.000000 -845698.437500 795.133813 3.419185 3.562554 16.288416
 57780.000000 -844862.812500 795.906442 3.434975 3.507195 16.229818
 57800.000000 -844591.500000 792.517431 3.359980 3.511350 16.333245
 57820.000000 -844643.625000 795.516575 3.734193 3.454513 16.259642
 57840.000000 -845291.375000 796.213809 3.569652 3.326116 16.385653
 57860.000000 -845634.375000 792.042392 3.558314 3.394989 15.983236
 57880.000000 -845476.500000 793.562950 3.329374 3.633477 16.149551
 57900.000000 -843987.812500 794.252488 3.161629 3.301519 16.497835
 57920.000000 -843246.562500 794.783292 3.211054 3.407993 16.404245
 57940.000000 -844607.562500 795.504378 3.196059 3.214932 16.442875
 57960.000000 -845149.500000 791.120081 3.315145 3.436831 16.481201
 57980.000000 -844442.062500 795.109308 3.432394 3.269451 16.552330
 58000.000000 -844835.250000 793.256738 3.580737 3.416248 16.702302
 58020.000000 -844825.937500 792.626353 3.520670 3.308443 16.672994
 58040.000000 -844585.812500 793.308549 3.559363 3.293725 16.640475
 58060.000000 -844998.125000 795.036112 3.245936 3.223393 16.547602
 58080.000000 -845598.375000 795.422369 3.349592 3.202298 16.657483
 58100.000000 -844431.187500 794.037759 3.392941 3.267740 16.367229
 58120.000000 -844793.437500 792.468427 3.546934 3.432746 16.348421
 58140.000000 -845284.062500 795.331614 3.872780 3.486486 16.475936
 58160.000000 -844548.187500 794.796196 3.690075 3.393786 16.624668
 58180.000000 -846265.750000 792.836936 3.559599 3.462167 16.482718
 58200.000000 -846082.312500 795.279860 3.482176 3.614864 16.406307
 58220.000000 -845270.375000 793.195337 3.588663 3.488134 16.641904
 58240.000000 -844871.500000 792.272813 3.275572 3.496082 16.624857
 58260.000000 -845018.375000 795.297286 3.273956 3.355573 16.249404
 58280.000000 -845331.187500 794.882932 3.458812 3.091840 16.459156
 58300.000000 -844734.437500 796.917671 3.367071 3.049349 16.630284
 58320.000000 -844926.750000 795.986039 3.289363 3.405721 16.875146
 58340.000000 -843138.062500 793.740103 3.392083 3.238573 16.481456
 58360.000000 -844310.562500 795.108100 3.385297 3.113143 16.496560
 58380.000000 -843827.062500 794.931406 3.249712 3.572737 16.630914
 58400.000000 -845429.187500 793.640996 3.109412 3.597109 16.716001
 58420.000000 -844985.000000 794.759342 3.209043 3.785604 16.498358
 58440.000000 -844961.687500 793.239121 3.486060 3.324285 16.568553
 58460.000000 -843363.875000 795.455140 3.229551 3.347704 16.418014
 58480.000000 -844714.312500 793.269031 3.573918 3.562415 16.486154
 58500.000000 -844730.437500 792.930199 3.475365 3.516928 16.626492
 58520.000000 -844969.125000 793.660737 3.134643 3.274806 16.293009
 58540.000000 -843928.625000 796.857661 3.245003 3.428677 16.225152
 58560.000000 -846573.250000 794.440487 3.554123 3.319191 16.686805
 58580.000000 -843413.562500 795.509062 3.409657 3.377090 16.659374
 58600.000000 -844332.687500 795.482868 3.489967 3.476397 16.721212
 58620.000000 -844740.125000 793.727205 3.406751 3.197905 16.413374
 58640.000000 -844609.812500 794.397787 3.508276 3.269868 16.768196
 58660.000000 -845073.312500 793.478619 3.426674 3.467683 16.513197
 58680.000000 -843624.562500 794.741309 3.448026 3.553157 16.502787
 58700.000000 -845315.687500 794.261391 3.448600 3.578500 16.467429
 58720.000000 -842330.812500 795.736826 3.700722 3.269670 16.329849
 58740.000000 -844282.250000 791.248243 3.592949 3.252037 16.433620
 58760.000000 -842807.687500 798.464751 3.495042 3.394314 16.605253
 58780.000000 -843940.500000 793.763663 3.647772 3.317991 16.458680
 58800.000000 -845116.187500 794.331777 3.470764 3.558372 16.551605
 58820.000000 -843177.187500 796.354682 3.723780 3.181568 16.515173
 58840.000000 -843675.687500 792.237766 3.494765 3.636895 16.441825
 58860.000000 -844051.812500 795.424121 3.672827 3.529587 16.576253
 58880.000000 -844361.500000 794.682252 3.322716 3.541342 16.433084
 58900.000000 -846917.000000 794.980197 3.592736 3.448685 16.550564
 58920.000000 -844029.312500 794.821216 3.612107 3.384345 16.515249
 58940.000000 -844471.000000 795.739043 3.517621 3.361497 16.544265
 58960.000000 -842053.687500 795.406179 3.130936 3.559235 16.505354
 58980.000000 -845981.250000 795.200266 3.387251 3.316357 16.416034
 59000.000000 -843946.812500 794.352411 3.436858 3.556198 16.454684
 59020.000000 -844740.687500 795.240266 3.845300 3.594973 16.545876
 59040.000000 -843748.437500 795.290180 3.550001 3.421902 16.496162
 59060.000000 -843289.500000 794.628896 3.455500 3.302859 16.581959
 59080.000000 -844656.625000 795.522213 3.512543 3.159614 16.320504
 59100.000000 -845907.562500 792.448490 3.749852 3.081253 16.610936
 59120.000000 -844231.812500 793.232300 3.407355 3.339045 16.516178
 59140.000000 -844468.250000 796.535244 3.589321 3.423550 16.347496
 59160.000000 -845048.062500 793.451526 3.467907 3.419189 16.690210
 59180.000000 -844535.687500 791.093762 3.532459 3.366202 16.672779
 59200.000000 -843919.812500 796.234314 3.366632 3.492785 16.529947
 59220.000000 -845166.562500 794.897312 3.180291 3.440372 16.581904
 59240.000000 -844675.250000 793.844330 3.392813 3.325792 16.446719
 59260.000000 -844188.187500 795.968683 3.594762 3.393905 16.521002
 59280.000000 -844697.062500 795.774164 3.358380 3.234606 16.603115
 59300.000000 -843906.000000 795.936362 3.387945 3.444891 16.434422
 59320.000000 -845552.750000 796.287875 3.404351 3.495929 16.514903
 59340.000000 -844397.312500 790.017115 3.422804 3.542772 16.648962
 59360.000000 -845740.437500 793.909682 3.354957 3.382307 16.639288
 59380.000000 -844388.500000 796.268682 3.448973 3.659359 16.546328
 59400.000000 -843980.750000 794.297970 3.140079 3.730891 16.523842
 59420.000000 -843850.375000 795.157144 3.245905 3.300629 16.532883
 59440.000000 -844239.437500 796.980928 3.326874 3.403288 16.394520
 59460.000000 -847748.437500 792.859358 3.529897 3.381861 16.597587
 59480.000000 -846993.750000 791.489135 3.393402 3.258771 16.382765
 59500.000000 -846377.875000 794.651455 3.210963 3.061134 16.423212
 59520.000000 -845408.250000 796.313274 3.147687 3.229354 16.683558
 59540.000000 -844107.937500 794.501805 3.401032 3.431840 16.630315
 59560.000000 -844824.312500 796.042620 3.238254 3.322474 16.483942
 59580.000000 -845358.812500 794.609495 3.267551 3.256289 16.666213
 59600.000000 -844844.937500 795.640540 3.298113 3.291905 16.546831
 59620.000000 -846005.937500 792.957158 3.428065 3.141281 16.721806
 59640.000000 -846610.062500 790.901137 3.528115 3.324611 16.649525
 59660.000000 -846334.562500 795.593792 3.426806 3.344162 16.614667
 59680.000000 -845627.687500 791.998687 3.051365 3.416396 16.537070
 59700.000000 -846457.000000 792.367932 3.146144 3.451370 16.751682
 59720.000000 -842885.937500 792.762259 3.415999 3.579399 16.588641
 59740.000000 -847310.375000 792.206859 3.527079 3.513453 16.809085
 59760.000000 -844345.250000 796.173467 3.481606 3.458936 16.784998
 59780.000000 -845516.687500 794.190400 3.514327 3.544950 16.647003
 59800.000000 -844756.250000 794.798719 3.560015 3.335056 16.674692
 59820.000000 -843962.625000 796.959300 3.333330 3.322125 16.254640
 59840.000000 -845446.625000 794.541610 3.366262 3.527408 16.131487
 59860.000000 -845877.000000 792.118795 3.281573 3.558523 16.556480
 59880.000000 -844630.875000 794.148500 3.557958 3.487919 16.528456
 59900.000000 -845357.562500 793.064288 3.494150 3.455661 16.654810
 59920.000000 -845704.250000 791.923047 3.388355 3.574349 16.568262
 59940.000000 -844209.875000 794.411184 3.165562 3.468469 16.322525
 59960.000000 -843981.562500 796.979706 3.146266 3.495180 16.271022
 59980.000000 -846174.937500 793.639802 3.245130 3.515867 16.375172
 60000.000000 -843277.812500 796.173073 3.413100 3.359664 16.481197
 60020.000000 -844295.750000 794.551644 3.453573 2.982819 16.696459
 60040.000000 -843969.750000 794.463281 3.402790 3.234917 16.465650
 60060.000000 -844619.437500 794.105647 3.458742 3.264035 16.518917
 60080.000000 -844162.000000 793.984823 3.677602 3.321177 16.376736
 60100.000000 -844341.937500 793.837449 3.513415 3.572007 16.358549
 60120.000000 -845537.437500 793.687598 3.287937 3.385846 16.744521
 60140.000000 -844568.812500 794.673254 3.617689 3.651080 16.607018
 60160.000000 -844313.687500 793.950380 3.552671 3.453394 16.677197
 60180.000000 -844865.937500 796.214525 3.517677 3.340259 16.813495
 60200.000000 -844961.750000 794.580021 3.632374 3.579108 16.716548
 60220.000000 -844009.750000 795.926807 3.424844 3.347169 16.525208
 60240.000000 -846528.125000 793.295762 3.187168 3.112923 16.634047
 60260.000000 -846394.625000 792.070999 3.222322 3.080581 16.384515
 60280.000000 -843865.187500 798.166323 3.234808 3.301043 16.330204
 60300.000000 -844723.562500 795.848394 2.998418 3.233804 16.207580
 60320.000000 -845282.875000 794.356733 3.162371 3.408296 16.513318
 60340.000000 -845503.687500 794.606378 3.559759 3.264724 16.477667
 60360.000000 -843214.375000 794.006978 3.547915 3.435256 16.483225
 60380.000000 -845230.687500 796.691179 3.413358 3.403047 16.475043
 60400.000000 -845259.000000 794.422937 3.468602 3.116365 16.464626
 60420.000000 -843025.437500 796.122804 3.124643 3.050867 16.514297
 60440.000000 -845458.687500 795.855452 3.294018 3.342197 16.427995
 60460.000000 -844318.812500 793.469120 3.438533 3.475904 16.483103
 60480.000000 -843624.937500 794.895874 3.552156 3.573765 16.326671
 60500.000000 -844381.750000 794.410385 3.379911 3.614164 16.640773
 60520.000000 -845523.750000 795.000109 3.647367 3.254167 16.761976
 60540.000000 -844534.375000 793.604596 3.570041 3.275902 16.610235
 60560.000000 -845253.562500 794.768550 3.220420 3.309558 16.281014
 60580.000000 -844344.625000 797.867305 3.402047 3.349042 16.309049
 60600.000000 -845703.812500 796.110350 3.387939 3.223382 16.296611
 60620.000000 -843893.937500 793.325631 3.509150 3.127264 16.450199
 60640.000000 -842726.875000 795.571917 3.705252 3.474843 16.650771
 60660.000000 -842999.125000 794.901524 3.578430 3.589180 16.323742
 60680.000000 -845369.187500 796.046008 3.478944 3.636686 16.424789
 60700.000000 -846037.125000 792.929089 3.256017 3.375547 16.483825
 60720.000000 -844427.750000 794.611334 3.231352 3.391566 16.553803
 60740.000000 -844743.000000 794.601433 3.181882 3.480744 16.638471
 60760.000000 -844588.562500 793.515852 3.173537 3.766963 16.722283
 60780.000000 -844255.812500 795.880061 3.409089 3.564208 16.578271
 60800.000000 -844161.000000 794.882516 3.482140 3.463228 16.442718
 60820.000000 -845981.812500 797.524771 3.199215 3.364047 16.323284
 60840.000000 -844735.937500 793.078330 3.420814 3.139621 16.224302
 60860.000000 -844912.750000 795.588033 3.678856 3.517139 16.397585
 60880.000000 -844789.562500 793.140958 3.521878 3.187614 16.468277
 60900.000000 -844120.750000 794.980881 3.347119 3.376816 16.635555
 60920.000000 -845271.625000 796.939155 3.378988 3.587132 16.297650
 60940.000000 -843771.625000 795.863836 3.457507 3.406561 16.290411
 60960.000000 -845650.750000 791.775527 3.582493 3.468519 16.229086
 60980.000000 -843302.687500 795.197134 3.213684 3.566153 16.774279
 61000.000000 -844825.125000 793.791851 3.366151 3.359948 16.525015
 61020.000000 -845569.500000 793.913720 3.245184 3.520397 16.603691
 61040.000000 -844767.875000 793.508571 3.680254 3.624759 16.497911
 61060.000000 -844689.875000 793.314298 3.452376 3.617223 16.249344
 61080.000000 -845019.812500 792.989055 3.385603 3.826331 16.507538
 61100.000000 -845904.000000 792.938051 3.416695 3.635118 16.358369
 61120.000000 -844343.000000 793.221119 3.161076 3.649393 16.458476
 61140.000000 -846074.562500 793.298908 3.305952 3.579112 16.413237
 61160.000000 -842372.125000 794.314421 3.527530 3.490334 16.321477
 61180.000000 -844412.125000 796.922224 3.407034 3.413757 16.407728
 61200.000000 -844132.062500 792.722612 3.430086 3.434685 16.521600
 61220.000000 -843928.562500 794.216527 3.441259 3.340229 16.299420
 61240.000000 -844542.937500 793.262348 3.620320 3.265802 16.320491
 61260.000000 -845588.750000 794.466564 3.468712 3.320591 16.465148
 61280.000000 -844748.562500 795.756507 3.590489 3.232647 16.600475
 61300.000000 -843996.562500 794.294689 3.523545 3.554575 16.541475
 61320.000000 -843965.062500 797.019476 3.675398 3.604383 16.339403
 61340.000000 -845331.500000 792.976667 3.614054 3.506821 16.465664
 61360.000000 -844458.437500 793.513633 3.648662 3.305800 16.471003
 61380.000000 -845002.562500 794.466720 3.694231 3.060690 16.349096
 61400.000000 -844297.812500 793.309163 3.293485 3.264130 16.565174
 61420.000000 -844498.437500 795.611173 3.042931 3.379478 16.534341
 61440.000000 -844518.250000 794.186230 3.203510 3.216272 16.645449
 61460.000000 -845667.000000 794.486992 3.262852 3.448637 16.529493
 61480.000000 -843429.187500 793.472345 3.278001 3.488005 16.470359
 61500.000000 -845259.750000 795.163818 3.264781 3.459900 16.671804
 61520.000000 -843132.875000 793.948509 3.525440 3.282485 16.474930
 61540.000000 -843566.687500 795.674706 3.445613 3.336320 16.352088
 61560.000000 -844072.187500 795.814019 3.550997 3.241366 16.470468
 61580.000000 -845622.625000 795.510220 3.424776 3.429756 16.485468
 61600.000000 -844322.937500 792.190485 3.340255 3.416946 16.451282
 61620.000000 -843442.812500 792.915509 3.171886 3.256502 16.722861
 61640.000000 -846871.812500 794.215038 3.306836 3.267287 16.476435
 61660.000000 -845869.500000 794.134446 3.483349 3.424787 16.234695
 61680.000000 -843648.250000 796.227491 3.613295 3.313903 16.447656
 61700.000000 -844998.687500 794.295879 3.445724 3.358726 16.360295
 61720.000000 -842245.875000 796.786116 3.280286 3.284207 16.425628
 61740.000000 -844008.187500 793.187404 3.293312 3.369290 16.428786
 61760.000000 -843683.250000 792.602254 3.398959 3.650223 16.259646
 61780.000000 -843197.562500 794.677304 3.650255 3.501989 16.319721
 61800.000000 -846980.312500 793.863087 3.481928 3.557269 16.240653
 61820.000000 -844039.000000 792.151314 3.367870 3.379144 16.451695
 61840.000000 -846463.375000 795.834281 3.355675 3.283620 16.739319
 61860.000000 -845227.062500 794.430338 3.457050 3.203983 16.681723
 61880.000000 -843356.187500 793.988365 3.588853 3.219499 16.702650
 61900.000000 -843973.187500 794.552811 3.276467 3.269173 16.529617
 61920.000000 -843068.875000 796.936928 3.272883 3.434959 16.313197
 61940.000000 -844704.062500 795.103620 3.329403 3.211050 16.294846
 61960.000000 -846054.812500 792.879736 3.337518 3.609894 16.546313
 61980.000000 -843141.437500 795.660506 3.281856 3.512170 16.562308
 62000.000000 -842601.750000 797.890717 3.404091 3.543746 16.583386
 62020.000000 -845358.500000 794.156441 3.213839 3.504447 16.922551
 62040.000000 -846349.062500 794.977165 3.358807 3.254648 16.948655
 62060.000000 -845579.500000 794.151965 3.274883 3.403040 16.605558
 62080.000000 -845391.687500 795.818409 3.238100 3.266304 16.559814
 62100.000000 -845628.812500 792.414419 3.349864 3.179773 16.507596
 62120.000000 -846200.062500 793.275863 3.413747 3.240380 16.572481
 62140.000000 -842920.875000 793.825182 3.444022 3.552290 16.470048
 62160.000000 -844792.500000 795.462227 3.666537 3.412326 16.349183
 62180.000000 -842644.250000 794.655216 3.578892 3.286588 16.316449
 62200.000000 -844250.312500 796.659851 3.454519 3.412384 16.328368
 62220.000000 -844737.687500 793.290182 3.642150 3.640028 16.611411
 62240.000000 -842892.062500 793.982695 3.530946 3.694753 16.467818
 62260.000000 -844557.500000 794.551839 3.588836 3.593163 16.526632
 62280.000000 -846200.437500 794.198386 3.721367 3.355884 16.360409
 62300.000000 -845048.375000 797.619254 3.591119 3.422962 16.236175
 62320.000000 -843128.250000 795.596527 3.706364 3.102393 16.096876
 62340.000000 -845189.562500 792.311758 3.638254 3.470042 16.265086
 62360.000000 -846341.187500 793.041739 3.582690 3.327135 16.316616
 62380.000000 -845827.750000 793.221276 3.263276 3.269901 16.114480
 62400.000000 -845797.437500 794.154572 3.496135 3.412085 16.334650
 62420.000000 -844551.000000 794.714988 3.672065 3.479906 16.607901
 62440.000000 -844226.125000 794.993764 3.326823 3.032233 16.504801
 62460.000000 -842776.062500 796.338736 3.263447 3.323800 16.545216
 62480.000000 -844997.625000 794.590328 3.370965 3.352791 16.641152
 62500.000000 -843167.250000 794.592246 3.506493 3.587535 16.640395
 62520.000000 -844478.562500 796.285741 3.221737 3.583607 16.567282
 62540.000000 -845381.812500 792.005591 3.224849 3.519743 16.622363
 62560.000000 -842846.937500 796.403659 3.538970 3.495725 16.430052
 62580.000000 -844149.750000 792.354640 3.757884 3.382492 16.628489
 62600.000000 -842648.250000 799.461795 3.336228 3.923715 5.124846
 62620.000000 -840985.312500 800.733949 3.218486 3.967839 8.110906
 62640.000000 -843426.375000 797.876151 3.235093 3.731595 10.722028
 62660.000000 -844247.250000 798.436755 3.034146 3.913416 12.182214
 62680.000000 -844634.687500 794.194110 3.391817 3.341688 14.605543
 62700.000000 -843755.875000 796.003511 3.227393 3.344545 15.519649
 62720.000000 -842920.125000 796.126071 3.040313 3.470648 16.092048
 62740.000000 -843923.687500 794.583526 3.128417 3.512793 16.080126
 62760.000000 -842696.625000 796.089560 3.389843 3.526980 16.286494
 62780.000000 -844772.125000 797.325667 3.308478 3.418676 16.339676
 62800.000000 -846747.125000 792.731651 3.262210 3.597348 16.318636
 62820.000000 -845007.312500 793.764541 3.381820 3.845620 16.416572
 62840.000000 -845627.062500 793.009378 3.339440 3.465585 16.329700
 62860.000000 -842667.312500 793.716820 3.245821 3.304025 16.459593
 62880.000000 -843098.187500 793.163736 3.387490 3.263108 16.275831
 62900.000000 -845335.437500 794.694263 3.234559 3.441020 16.300791
 62920.000000 -844488.375000 796.387756 3.386344 3.670435 16.428904
 62940.000000 -843441.687500 794.149358 3.766927 3.563805 16.477651
 62960.000000 -844278.750000 793.664350 3.724515 3.607074 16.236308
 62980.000000 -842535.250000 796.004075 3.433490 3.200760 16.525493
 63000.000000 -843380.187500 795.541645 3.547186 3.651443 16.252529
 63020.000000 -843576.125000 794.708444 3.667780 3.401583 16.534311
 63040.000000 -843908.937500 794.458962 3.656154 3.437478 16.550693
 63060.000000 -845740.875000 796.388667 3.449688 3.432750 16.410639
 63080.000000 -845261.312500 789.582907 3.292022 3.557193 16.431824
 63100.000000 -843490.187500 794.446506 3.471752 3.609880 16.274707
 63120.000000 -843174.312500 795.124687 3.467524 3.647954 16.360097
 63140.000000 -845105.062500 795.554157 3.410008 3.553971 16.276194
 63160.000000 -843343.937500 796.290564 3.341574 3.224289 16.404062
 63180.000000 -844161.937500 793.619038 3.380096 3.476735 16.655257
 63200.000000 -844474.437500 794.605906 3.370718 3.570579 16.634066
 63220.000000 -845926.062500 792.570309 3.430196 3.571218 16.423261
 63240.000000 -843444.750000 792.896077 3.506913 3.588837 16.574096
 63260.000000 -845408.437500 792.644770 3.292059 3.480752 16.552381
 63280.000000 -844077.875000 796.481317 3.142289 3.340230 16.565113
 63300.000000 -845938.500000 795.750854 3.581413 3.402327 16.547697
 63320.000000 -843982.437500 795.398383 3.558897 3.322250 16.510877
 63340.000000 -843540.562500 794.777780 3.181199 3.457177 16.195419
 63360.000000 -844273.250000 795.689347 3.006809 3.403586 16.420012
 63380.000000 -845165.875000 795.646835 3.204420 3.394962 16.374590
 63400.000000 -845583.250000 794.584199 3.404467 3.368526 16.434273
 63420.000000 -843486.437500 796.085562 3.369046 3.517165 16.469128
 63440.000000 -845284.375000 794.719411 3.319743 3.365028 16.729397
 63460.000000 -846556.437500 794.264544 3.427277 3.465560 16.526024
 63480.000000 -844361.625000 796.394427 3.634784 3.475660 16.388789
 63500.000000 -843306.812500 796.470947 3.345995 3.454428 16.605556
 63520.000000 -843130.937500 795.474366 3.383934 3.568436 16.420319
 63540.000000 -844555.750000 795.179071 3.256457 3.401867 16.442516
 63560.000000 -845868.812500 793.206409 3.631267 3.334354 16.474361
 63580.000000 -843873.375000 794.337709 3.413884 3.035798 16.368006
 63600.000000 -846290.437500 792.939785 3.347740 3.540489 16.711717
 63620.000000 -844750.437500 794.620238 3.554268 3.503964 16.863765
 63640.000000 -844781.437500 794.539468 3.401104 3.510320 16.825847
 63660.000000 -845859.312500 795.357064 3.311049 3.692545 16.927934
 63680.000000 -846116.562500 791.479338 3.730189 3.594949 16.591186
 63700.000000 -847042.125000 791.460474 3.550512 3.757138 16.525406
 63720.000000 -843953.250000 793.805661 3.285229 3.541803 16.611343
 63740.000000 -846170.000000 796.743361 3.263110 3.830238 16.576368
 63760.000000 -845560.187500 794.161253 3.413430 3.414134 16.990220
 63780.000000 -845442.562500 792.734680 3.420100 3.539450 16.836466
 63800.000000 -845039.250000 794.889057 3.350662 3.314180 16.477088
 63820.000000 -844685.187500 794.941719 3.344209 3.360334 16.532454
 63840.000000 -845130.625000 794.680834 3.141564 3.192292 16.438439
 63860.000000 -845876.750000 793.911374 3.300163 3.136383 16.678889
 63880.000000 -845073.062500 791.591177 3.063507 3.560944 16.490435
 63900.000000 -845587.562500 794.304738 3.127377 3.590050 16.179296
 63920.000000 -847168.062500 791.456637 3.243403 3.620181 16.122894
 63940.000000 -844928.000000 794.500794 3.377324 3.749921 16.407750
 63960.000000 -843125.187500 796.771681 3.294190 3.435530 16.649504
 63980.000000 -843431.812500 797.147902 3.343737 3.554603 16.724191
 64000.000000 -843653.687500 795.422875 3.396391 3.556354 16.827858
 64020.000000 -845262.375000 792.358216 3.284372 3.249699 16.716182
 64040.000000 -845425.687500 794.364268 3.251500 3.270865 16.608972
 64060.000000 -844161.062500 794.333315 3.448157 3.286086 16.651085
 64080.000000 -845271.000000 792.023424 3.659186 3.297923 16.609479
 64100.000000 -844367.187500 794.702255 3.530167 3.336776 16.516389
 64120.000000 -845309.937500 794.620900 3.320804 3.273271 16.573210
 64140.000000 -845444.500000 795.019635 3.334647 3.445440 16.600704
 64160.000000 -846453.500000 792.514295 3.272698 3.180307 16.505249
 64180.000000 -844378.687500 796.073563 3.432291 3.188966 16.410251
 64200.000000 -844140.500000 796.185930 3.381724 3.292116 16.449881
 64220.000000 -843413.812500 797.662833 3.454752 3.374757 16.310955
 64240.000000 -845163.500000 794.787441 3.294167 3.578425 16.332674
 64260.000000 -845957.625000 793.564324 3.386093 3.673899 16.353742
 64280.000000 -843534.562500 795.413363 3.441866 3.306231 16.648854
 64300.000000 -844768.687500 793.051941 3.470852 3.340102 16.481711
 64320.000000 -844606.062500 793.767987 3.483103 3.352994 16.288194
 64340.000000 -845987.750000 792.204653 3.481327 3.195009 16.275013
 64360.000000 -844619.375000 795.573623 3.566016 3.354716 16.253236
 64380.000000 -844732.937500 796.078484 3.623603 3.239545 16.379519
 64400.000000 -843954.750000 794.483174 3.243160 3.255223 16.297738
 64420.000000 -843229.500000 797.431051 3.165505 3.102091 16.455687
 64440.000000 -844646.937500 797.472243 3.373360 3.207705 16.354179
 64460.000000 -844802.750000 793.470350 3.368548 3.243820 16.258054
 64480.000000 -844516.687500 795.083882 3.440518 3.473502 16.524724
 64500.000000 -844226.875000 794.576673 3.432489 3.287481 16.553937
 64520.000000 -844864.750000 793.415317 3.099949 3.062616 16.469765
 64540.000000 -843327.750000 794.770900 3.237159 3.235262 16.814531
 64560.000000 -844282.687500 795.576705 3.408580 3.630513 16.681314
 64580.000000 -845337.250000 793.539981 3.655066 3.559082 16.716783
 64600.000000 -844890.437500 793.420699 3.294973 3.735792 16.592530
 64620.000000 -845320.062500 794.886323 3.358717 3.682570 16.429058
 64640.000000 -844066.687500 796.045309 3.300050 3.734454 16.560932
 64660.000000 -845378.500000 792.821152 3.586903 3.855726 16.664629
 64680.000000 -843223.812500 792.293011 3.318309 3.517074 16.551566
 64700.000000 -846259.312500 793.838297 3.563900 3.440113 16.506833
 64720.000000 -846471.250000 791.906985 3.468875 3.282472 16.645810
 64740.000000 -845434.250000 795.190346 3.569213 3.044957 16.671367
 64760.000000 -847063.000000 793.074392 3.417675 3.131749 16.730511
 64780.000000 -846871.625000 792.952703 3.333749 3.307778 16.659251
 64800.000000 -845260.375000 794.773048 3.187483 3.351126 16.329041
 64820.000000 -845202.312500 795.510214 3.478734 3.473822 16.554821
 64840.000000 -844806.187500 790.951193 3.311318 3.308618 16.635626
 64860.000000 -844607.875000 793.782468 3.384938 3.444987 16.662837
 64880.000000 -846636.812500 791.913793 3.475010 3.426936 16.385087
 64900.000000 -845358.562500 792.233479 3.312638 3.414431 16.314672
 64920.000000 -844360.062500 793.654655 3.302077 3.348736 16.308953
 64940.000000 -843528.250000 794.888962 3.519997 3.428315 16.360822
 64960.000000 -843781.812500 795.606042 3.491355 3.682477 16.510369
 64980.000000 -845148.625000 794.178913 3.467230 3.492471 16.291297
 65000.000000 -844051.125000 795.449930 3.456998 3.423022 16.357877
 65020.000000 -845259.250000 795.505387 3.586962 3.471439 16.232670
 65040.000000 -845591.250000 791.706476 3.250707 3.421523 16.308209
 65060.000000 -846579.812500 794.055635 3.244894 3.376001 16.227675
 65080.000000 -844024.375000 795.623877 3.238225 3.149253 16.583716
 65100.000000 -845374.062500 795.173603 3.582978 3.101282 16.712017
 65120.000000 -845595.250000 793.789466 3.403442 3.258173 16.869486
 65140.000000 -848518.250000 790.848612 3.433853 3.188150 16.556724
 65160.000000 -846167.750000 791.088945 3.157774 3.390740 16.524614
 65180.000000 -845770.000000 793.357697 3.195423 3.487375 16.453314
 65200.000000 -845504.875000 792.720623 3.575065 3.364470 16.613366
 65220.000000 -845041.562500 794.470475 3.409274 3.486161 16.689029
 65240.000000 -843686.125000 794.780644 3.486538 3.340997 16.659943
 65260.000000 -844455.562500 794.240345 3.473722 3.516356 16.469369
 65280.000000 -841509.937500 796.801973 3.583289 3.614283 16.729571
 65300.000000 -844946.250000 794.597537 3.424006 3.208827 16.442186
 65320.000000 -846002.687500 794.629681 3.568620 3.297345 16.393774
 65340.000000 -845469.750000 792.152386 3.557526 3.383332 16.553090
 65360.000000 -844878.062500 793.993205 3.592818 3.164463 16.421916
 65380.000000 -845261.375000 793.860697 3.402113 3.324243 16.350041
 65400.000000 -844225.812500 796.023722 3.295186 3.520344 16.457013
 65420.000000 -843520.187500 797.742383 3.552558 3.455338 16.255586
 65440.000000 -846192.937500 793.992338 3.420112 3.509149 16.692735
 65460.000000 -844701.187500 794.344607 3.161117 3.220436 16.572678
 65480.000000 -843229.062500 795.139288 3.199897 3.159594 16.450149
 65500.000000 -845017.937500 792.728072 3.294603 3.408139 16.300362
 65520.000000 -845320.250000 795.896869 3.449171 3.269492 16.187653
 65540.000000 -843349.812500 794.205477 3.457308 3.279390 16.477255
 65560.000000 -844141.437500 797.421815 3.241810 3.353665 16.392708
 65580.000000 -843432.562500 796.226860 2.955734 3.180626 16.507063
 65600.000000 -844844.562500 794.860787 3.416202 3.645549 16.400911
 65620.000000 -846229.250000 794.446962 3.472139 3.607868 16.587860
 65640.000000 -845269.375000 794.187606 3.555642 3.741181 16.164457
 65660.000000 -845093.750000 792.142194 3.749187 3.558256 16.494480
 65680.000000 -843362.937500 793.217856 3.686456 3.116793 16.767597
 65700.000000 -844589.375000 792.995483 3.712678 3.125348 16.661738
 65720.000000 -844378.000000 796.024494 3.529644 3.543822 16.827143
 65740.000000 -845779.187500 792.781597 3.357535 3.469944 16.734005
 65760.000000 -845548.000000 794.312055 3.318653 3.608790 16.520203
 65780.000000 -845079.687500 795.749262 3.343762 3.416913 16.569495
 65800.000000 -845477.187500 792.252447 3.374270 3.443880 16.621070
 65820.000000 -845116.875000 795.026436 3.212843 3.492016 16.363748
 65840.000000 -844502.312500 792.404476 3.274921 3.275065 16.529780
 65860.000000 -844175.625000 795.880651 3.340774 3.811535 16.591494
 65880.000000 -844884.875000 795.623796 3.360287 3.575960 16.526962
 65900.000000 -843265.437500 794.704164 3.438158 3.268458 16.449609
 65920.000000 -844301.125000 793.533058 3.495611 3.281855 16.198010
 65940.000000 -845534.812500 795.703197 3.224904 3.279139 16.421311
 65960.000000 -844611.375000 794.038919 3.345068 3.429529 16.427614
 65980.000000 -843954.625000 794.475803 3.145724 3.389766 16.637135
 66000.000000 -843696.750000 794.655477 3.208286 3.552876 16.537679
 66020.000000 -846358.125000 793.422662 3.149581 3.230585 16.416507
 66040.000000 -844611.750000 794.282306 3.461076 3.357493 16.458494
 66060.000000 -845499.437500 794.271673 3.694473 3.657435 16.543987
 66080.000000 -843868.187500 794.254272 3.726903 3.583137 16.363645
 66100.000000 -843845.625000 793.999915 3.356889 3.599635 16.414005
 66120.000000 -844950.562500 793.797142 3.582185 3.486105 16.390635
 66140.000000 -845101.375000 794.761269 3.543945 3.286067 16.238471
 66160.000000 -842814.687500 796.579451 3.341380 3.456531 16.139450
 66180.000000 -844818.125000 794.838713 3.222412 3.618156 16.407834
 66200.000000 -845896.750000 792.937022 3.343444 3.531380 16.567790
 66220.000000 -845549.687500 796.442206 3.348442 3.740887 16.762143
 66240.000000 -842894.750000 793.243506 3.471042 3.639497 16.693443
 66260.000000 -844723.937500 793.358438 3.342832 3.639439 16.579745
 66280.000000 -844182.187500 797.281710 3.701128 3.697536 16.525312
 66300.000000 -845304.625000 793.659906 3.766378 3.389017 16.474206
 66320.000000 -842891.562500 796.906184 3.469752 3.492564 16.659386
 66340.000000 -844766.500000 793.639864 3.375206 3.475758 16.416274
 66360.000000 -846417.187500 792.237274 3.280488 3.449881 16.448320
 66380.000000 -844443.812500 794.200251 3.009164 3.160099 16.550754
 66400.000000 -846031.375000 794.835304 3.342829 3.214347 16.590740
 66420.000000 -844851.062500 792.096946 3.309531 3.181259 16.538068
 66440.000000 -845850.187500 792.544674 3.475134 3.291812 16.579437
 66460.000000 -847250.187500 794.729512 3.536345 3.678481 16.468566
 66480.000000 -844952.625000 796.009047 3.433672 3.519605 16.313270
 66500.000000 -843888.812500 794.597131 3.576967 3.270536 16.446482
 66520.000000 -843560.250000 793.237164 3.470909 3.583631 16.313342
 66540.000000 -841543.000000 794.064806 3.458072 3.436593 16.783650
 66560.000000 -844968.437500 792.930425 3.214279 3.172777 16.696649
 66580.000000 -845033.812500 794.074721 3.091372 3.347797 16.623934
 66600.000000 -845887.625000 792.483683 3.403026 3.321994 16.591234
 66620.000000 -845601.500000 793.654749 3.587804 3.279716 16.648700
 66640.000000 -846151.750000 794.994371 3.597082 3.301164 16.651068
 66660.000000 -843955.687500 793.658002 3.769269 3.374919 16.542407
 66680.000000 -844289.500000 794.461770 3.407966 3.572172 16.735723
 66700.000000 -846817.812500 791.249009 3.309700 3.510724 16.659291
 66720.000000 -844049.125000 792.980060 3.300001 3.406007 16.664028
 66740.000000 -845005.562500 795.442528 3.058820 3.257475 16.710467
 66760.000000 -843470.000000 794.367974 3.121937 3.374821 16.663840
 66780.000000 -845443.187500 792.580281 3.452550 3.534054 16.292565
 66800.000000 -844441.187500 794.430034 3.584766 3.376013 16.365320
 66820.000000 -844689.750000 792.879696 3.544055 3.201170 16.197649
 66840.000000 -845026.062500 792.336839 3.337323 3.422780 16.261954
 66860.000000 -846610.875000 794.283840 3.377069 3.765458 16.653568
 66880.000000 -844889.562500 793.271065 3.451648 3.329230 16.534344
 66900.000000 -844753.062500 793.413752 3.443272 3.319414 16.556887
 66920.000000 -844275.562500 793.143205 3.527558 3.284725 16.538029
 66940.000000 -846436.687500 793.646746 3.262916 3.374022 16.527028
 66960.000000 -844539.125000 794.469226 3.324273 3.569211 16.454955
 66980.000000 -845785.250000 793.060678 3.513526 3.577126 16.620057
 67000.000000 -843999.125000 793.482113 3.564622 3.503854 16.554924
 67020.000000 -844980.437500 793.734661 3.569225 3.728371 16.463882
 67040.000000 -845917.875000 793.286956 3.562340 3.650788 16.800618
 67060.000000 -844130.250000 794.449045 3.442612 3.423110 16.764829
 67080.000000 -844113.562500 793.044345 3.275635 3.414694 16.519348
 67100.000000 -844394.062500 793.630556 3.451011 3.361562 16.429054
 67120.000000 -845036.125000 793.315394 3.582308 3.524980 16.492912
 67140.000000 -845350.437500 792.681491 3.205651 3.323730 16.572977
 67160.000000 -843475.000000 796.704424 3.189035 3.344158 16.677623
 67180.000000 -846354.312500 793.988544 3.378788 3.223968 16.508193
 67200.000000 -843130.500000 798.140539 3.597924 3.315094 16.597380
 67220.000000 -845656.187500 793.083333 3.587941 3.628922 16.606309
 67240.000000 -843795.750000 791.114864 3.443501 3.117894 16.373171
 67260.000000 -844848.625000 794.298136 3.680383 3.312703 16.433551
 67280.000000 -843023.375000 794.800990 3.341734 3.277153 16.114268
 67300.000000 -844756.875000 793.672371 3.667903 3.336714 16.235006
 67320.000000 -845216.500000 794.636048 3.378627 3.281183 16.563374
 67340.000000 -845633.250000 793.034905 3.588432 3.394995 16.658494
 67360.000000 -846691.375000 792.371847 3.005098 3.645048 16.590215
 67380.000000 -843950.625000 791.695408 2.939050 3.640970 16.442041
 67400.000000 -845457.187500 793.043311 3.316170 3.817375 16.491041
 67420.000000 -845928.625000 793.044194 3.311095 3.466879 16.471179
 67440.000000 -845278.250000 792.362058 3.430103 3.365162 16.554354
 67460.000000 -845185.000000 795.147531 3.242697 3.665466 16.322620
 67480.000000 -845874.687500 795.239981 3.481195 3.472722 16.314114
 67500.000000 -844592.250000 795.123467 3.719344 3.481704 16.389651
 67520.000000 -847057.000000 793.797315 3.385183 3.261957 16.544884
 67540.000000 -842589.500000 795.263307 3.678320 3.478001 16.511037
 67560.000000 -844679.187500 794.582880 3.422249 3.576882 16.302292
 67580.000000 -844049.375000 795.220969 3.188166 3.388430 16.175592
 67600.000000 -844085.500000 795.153635 3.357754 3.526941 16.313987
 67620.000000 -843407.250000 795.791745 3.391917 3.782034 16.574492
 67640.000000 -845726.500000 792.804019 3.321314 3.794540 16.414983
 67660.000000 -845177.875000 794.460499 3.424723 3.558726 16.496380
 67680.000000 -845602.437500 792.458819 3.389195 3.239570 16.384020
 67700.000000 -842959.125000 795.684874 3.336962 3.100346 16.563237
 67720.000000 -844882.250000 793.083924 3.244732 3.457287 16.553697
 67740.000000 -845412.187500 796.616468 3.384942 3.665580 16.715342
 67760.000000 -846640.312500 794.667762 3.374224 3.606932 16.437334
 67780.000000 -845608.125000 793.777802 3.571301 3.660588 16.586559
 67800.000000 -844426.312500 794.732800 3.439709 3.172836 16.714963
 67820.000000 -845517.750000 795.816800 3.617432 3.303128 16.408216
 67840.000000 -843375.062500 795.810269 3.793225 3.608896 16.475832
 67860.000000 -844655.000000 791.154902 3.548558 3.292104 16.399935
 67880.000000 -845476.750000 793.430963 3.300896 3.579702 16.673531
 67900.000000 -843564.750000 794.939745 3.284530 3.663660 16.901926
 67920.000000 -846108.125000 794.969543 3.418388 3.431478 16.797397
 67940.000000 -843918.562500 794.715811 3.291494 3.753709 16.487724
 67960.000000 -843320.625000 794.953270 3.379740 3.460714 16.570814
 67980.000000 -844490.875000 793.304536 3.051427 3.374716 16.474177
 68000.000000 -843052.625000 794.136669 3.133027 3.395136 16.797515
 68020.000000 -844639.687500 791.986646 3.331990 3.475142 16.656531
 68040.000000 -844681.375000 793.127087 3.131907 3.444615 16.531715
 68060.000000 -844534.125000 793.058325 3.647317 3.351210 16.494166
 68080.000000 -842971.750000 793.086235 3.488329 3.438461 16.546884
 68100.000000 -845648.750000 794.165898 3.556722 3.436276 16.428537
 68120.000000 -844963.812500 793.655270 3.645441 3.647139 16.578787
 68140.000000 -846079.437500 790.904533 3.738420 3.596299 16.410657
 68160.000000 -845533.937500 793.946282 3.789051 3.161311 16.274517
 68180.000000 -844597.812500 793.203356 3.511197 3.269002 16.308923
 68200.000000 -843312.687500 795.818227 3.534105 3.461611 16.441558
 68220.000000 -844700.500000 795.371082 3.116363 3.514078 16.395195
 68240.000000 -844357.750000 793.013194 3.332606 3.574928 16.257020
 68260.000000 -844011.187500 793.578429 3.214799 3.432153 16.206783
 68280.000000 -844792.750000 792.785032 3.191154 3.635637 16.348258
 68300.000000 -845604.562500 792.365396 3.182623 3.447216 16.378235
 68320.000000 -844953.687500 793.529145 3.212093 3.310152 16.527865
 68340.000000 -843768.812500 791.735667 3.437503 3.549876 16.490124
 68360.000000 -845522.312500 795.967887 3.373103 3.395413 16.683490
 68380.000000 -846387.437500 792.859360 3.188243 3.255648 16.466110
 68400.000000 -844295.500000 794.355562 3.454463 3.549848 16.574092
 68420.000000 -846867.562500 793.767896 3.370973 3.623207 16.696833
 68440.000000 -845874.375000 793.305289 3.372641 3.282127 16.454659
 68460.000000 -845512.312500 793.527984 3.160913 3.524649 16.328745
 68480.000000 -845771.000000 792.266481 3.198072 3.515050 16.408541
 68500.000000 -845889.812500 794.154898 3.360900 3.270375 16.402235
 68520.000000 -846161.250000 791.884083 3.386060 3.646578 16.604283
 68540.000000 -845857.125000 792.216192 3.363003 3.327970 16.646594
 68560.000000 -845594.625000 791.407002 3.456053 3.265729 16.600294
 68580.000000 -846706.187500 792.437396 3.346559 3.234393 16.458000
 68600.000000 -843652.937500 793.140231 3.748890 3.273640 16.473038
 68620.000000 -845580.500000 792.439971 3.713822 3.320172 16.234283
 68640.000000 -845816.187500 794.053687 3.484669 3.023578 16.453287
 68660.000000 -844546.812500 794.291840 3.340141 3.248962 16.606784
 68680.000000 -844222.312500 794.650365 3.396315 3.452406 16.397123
 68700.000000 -844557.625000 794.400671 3.477828 3.456677 16.523422
 68720.000000 -845114.812500 794.913272 3.367381 3.080743 16.538784
 68740.000000 -843104.125000 792.332434 3.013857 3.232552 16.592273
 68760.000000 -845456.250000 792.311223 3.308150 3.384059 16.643092
 68780.000000 -844998.750000 793.799948 3.342002 3.318817 16.484379
 68800.000000 -846280.000000 793.153670 3.318417 3.294568 16.456451
 68820.000000 -845568.812500 792.883563 3.351693 3.401640 16.580680
 68840.000000 -844477.000000 793.904480 3.635080 3.334551 16.554118
 68860.000000 -846270.437500 790.322764 3.519231 3.388230 16.438205
 68880.000000 -845077.250000 793.799422 3.478960 3.553540 16.097282
 68900.000000 -843740.750000 796.725680 3.418635 3.365272 16.355092
 68920.000000 -843801.250000 795.137350 3.071496 3.392408 16.167946
 68940.000000 -845251.437500 794.102706 3.211097 3.234946 16.605565
 68960.000000 -845262.625000 790.593135 3.529422 3.146235 16.685336
 68980.000000 -844421.750000 793.217914 3.288951 3.462356 16.556963
 69000.000000 -844811.000000 792.404299 3.294132 3.344728 16.786128
 69020.000000 -844309.875000 794.702719 3.392820 3.423760 16.910752
 69040.000000 -844237.250000 795.283981 3.402595 3.329872 16.677350
 69060.000000 -843628.750000 796.190561 3.413522 3.541635 16.634147
 69080.000000 -843170.937500 793.129669 3.340892 3.421169 16.473947
 69100.000000 -844184.750000 796.818320 3.485682 3.241410 16.523515
 69120.000000 -845703.250000 793.246969 3.540929 3.800639 16.524635
 69140.000000 -843445.312500 794.995338 3.791249 3.504562 16.631791
 69160.000000 -844364.125000 794.371946 3.499674 3.506165 16.795699
 69180.000000 -844983.187500 793.980249 3.604574 3.265312 16.817967
 69200.000000 -845337.875000 792.705314 3.633501 3.395144 16.611377
 69220.000000 -845571.187500 792.912921 3.458279 3.326308 16.353533
 69240.000000 -845163.187500 794.715010 3.439761 3.003919 16.660449
 69260.000000 -844566.375000 792.946975 3.674041 3.399912 16.635888
 69280.000000 -845948.125000 794.725682 3.499082 3.243027 16.652166
 69300.000000 -846509.500000 794.061771 3.471830 3.164539 16.553738
 69320.000000 -844636.562500 795.333826 3.402045 3.679168 16.508507
 69340.000000 -846804.500000 793.135934 3.163187 3.457764 16.599032
 69360.000000 -842995.875000 795.519535 3.468317 3.362338 16.894306
 69380.000000 -843985.000000 794.644778 3.652904 3.434907 16.768125
 69400.000000 -844105.562500 794.014777 3.467501 3.325617 16.733010
 69420.000000 -845397.562500 790.599543 3.537170 3.577945 16.902782
 69440.000000 -844343.250000 792.879359 3.551510 3.457135 16.497439
 69460.000000 -847215.187500 794.209603 3.568860 3.435120 16.555712
 69480.000000 -844619.812500 794.456520 3.458619 3.505779 16.635513
 69500.000000 -844623.062500 793.957334 3.252750 3.646689 16.712992
 69520.000000 -843293.312500 795.026973 3.410545 3.358102 16.451280
 69540.000000 -844839.500000 793.498400 3.371514 3.453336 16.362370
 69560.000000 -845540.812500 794.702818 3.508543 3.290158 16.128618
 69580.000000 -843851.750000 793.166729 3.464217 3.356853 15.973593
 69600.000000 -846653.000000 792.675997 3.340350 3.316715 16.132871
 69620.000000 -845206.062500 794.809055 3.392390 3.016127 16.520567
 69640.000000 -845626.000000 794.717950 3.405680 3.000148 16.589627
 69660.000000 -844579.562500 793.609057 3.235215 3.137744 16.540142
 69680.000000 -845653.375000 793.537553 3.505059 3.168073 16.606523
 69700.000000 -844467.000000 794.189927 3.547828 3.087660 16.764096
 69720.000000 -845502.687500 793.195613 3.416372 3.132785 16.591599
 69740.000000 -845201.125000 792.674800 3.380024 3.451712 16.792609
 69760.000000 -845898.312500 793.861983 3.325590 3.575452 16.448694
 69780.000000 -844615.750000 794.729949 3.571224 3.537187 16.309856
 69800.000000 -843982.750000 795.481605 3.318644 3.462911 16.613980
 69820.000000 -846531.437500 793.690712 3.354675 3.053651 16.686312
 69840.000000 -844649.937500 792.852466 3.428193 3.115722 16.534547
 69860.000000 -845626.062500 793.622931 3.555177 3.097556 16.474561
 69880.000000 -844360.000000 793.206861 3.525277 3.316991 16.288561
 69900.000000 -844096.750000 794.095970 3.463923 3.571501 16.257273
 69920.000000 -845185.375000 792.487164 3.473449 3.365044 16.351688
 69940.000000 -845726.437500 791.184837 3.213912 3.365693 16.421642
 69960.000000 -845335.500000 791.551721 3.293926 3.632650 16.469050
 69980.000000 -845161.812500 792.064907 3.377177 3.419029 16.332280
 70000.000000 -845100.250000 794.424619 3.546009 3.116714 16.227611
 70020.000000 -845099.062500 792.780131 3.373530 3.122794 16.149977
 70040.000000 -843646.250000 793.549623 3.387879 3.463582 16.741191
 70060.000000 -845258.437500 794.008947 3.483127 3.101209 16.333065
 70080.000000 -846196.625000 793.948821 3.585497 3.280575 16.498166
 70100.000000 -846542.562500 795.012962 3.671556 3.371201 16.503738
 70120.000000 -845294.125000 791.940014 3.358090 3.218704 16.605954
 70140.000000 -844897.000000 794.090141 3.082803 3.329340 16.554662
 70160.000000 -843641.125000 794.560370 3.400423 3.450950 16.520186
 70180.000000 -844361.250000 792.404728 3.525498 3.395560 16.436624
 70200.000000 -843884.625000 795.791686 3.504406 3.779031 16.388815
 70220.000000 -842623.250000 796.613047 3.475699 3.567958 16.621063
 70240.000000 -845522.562500 795.447793 3.455836 3.531458 16.763164
 70260.000000 -845324.687500 793.450793 3.235748 3.616095 16.753247
 70280.000000 -846165.125000 792.870794 3.332499 3.543804 16.837079
 70300.000000 -846535.437500 792.389349 3.512481 3.312351 16.516324
 70320.000000 -845856.000000 791.412130 3.535519 3.344774 16.641193
 70340.000000 -846480.062500 793.529562 3.600459 3.548980 16.596158
 70360.000000 -845319.437500 793.063086 3.537446 3.327546 16.588339
 70380.000000 -846392.250000 794.803151 3.453430 3.428846 16.294008
 70400.000000 -844303.687500 793.165095 3.314566 3.677169 16.361127
 70420.000000 -844446.687500 795.078835 3.209195 3.680668 16.666541
 70440.000000 -844950.500000 790.900440 3.172601 3.305388 16.320671
 70460.000000 -846267.375000 793.980867 3.420883 3.442617 16.614936
 70480.000000 -846098.250000 794.901878 3.493440 3.337522 16.378857
 70500.000000 -843615.500000 796.053629 3.253044 3.370849 16.676532
 70520.000000 -844882.000000 797.071850 3.433878 3.260638 16.527326
 70540.000000 -846529.937500 792.297982 3.372040 3.236701 16.341722
 70560.000000 -846575.937500 791.455066 3.343141 3.580747 16.407415
 70580.000000 -843808.750000 793.909838 3.350528 3.312316 16.330990
 70600.000000 -845210.875000 796.778169 3.502809 3.223419 16.681237
 70620.000000 -845309.500000 795.794022 3.449039 3.383923 16.801124
 70640.000000 -847196.375000 792.091817 3.443802 3.455368 16.642774
 70660.000000 -844575.375000 793.957807 3.523475 3.265454 16.498892
 70680.000000 -844856.750000 793.783085 3.376190 3.416305 16.414000
 70700.000000 -846167.750000 793.696145 3.210382 3.351359 16.624537
 70720.000000 -844880.000000 794.799498 3.447128 3.421506 16.551995
 70740.000000 -847436.000000 791.705135 3.459455 3.495231 16.633353
 70760.000000 -844348.187500 791.594965 3.498859 3.546001 16.811001
 70780.000000 -847205.312500 791.270950 3.310933 3.357200 16.695620
 70800.000000 -844607.062500 792.561036 3.287559 3.332848 16.385875
 70820.000000 -844171.437500 792.563518 3.258266 3.383395 16.475087
 70840.000000 -845623.437500 793.471629 3.460302 3.145760 16.523559
 70860.000000 -846499.000000 792.526578 3.566328 3.338793 16.571677
 70880.000000 -844230.500000 794.454543 3.475220 3.263403 16.457929
 70900.000000 -844434.437500 794.491816 3.328221 3.260777 16.379338
 70920.000000 -843503.125000 793.037255 3.350026 3.328763 16.172331
 70940.000000 -845647.250000 796.277491 3.274483 3.333515 16.039204
 70960.000000 -844022.687500 794.106787 3.164974 3.394645 16.384312
 70980.000000 -845699.250000 794.015860 3.310676 3.091736 16.411659
 71000.000000 -845879.062500 796.458780 3.213923 3.246162 16.705190
 71020.000000 -846267.000000 793.589345 3.441616 3.249353 16.789368
 71040.000000 -844696.250000 791.638206 3.276973 3.262603 16.799920
 71060.000000 -844861.000000 793.498142 3.218943 3.574051 16.706674
 71080.000000 -844462.187500 793.990832 3.219465 3.289110 16.514493
 71100.000000 -844880.625000 795.376426 3.393448 3.257404 16.712866
 71120.000000 -845952.875000 792.750942 3.261630 3.356173 16.395190
 71140.000000 -843948.625000 795.429796 3.643803 3.412255 16.358419
 71160.000000 -846714.937500 795.139071 3.659965 3.483893 16.596777
 71180.000000 -844184.500000 793.294321 3.328464 3.315770 16.524158
 71200.000000 -846629.812500 793.926112 3.402758 3.097615 16.413235
 71220.000000 -844192.000000 795.431993 3.561963 3.358992 16.338770
 71240.000000 -844597.437500 794.776839 3.615134 3.285284 16.370111
 71260.000000 -844739.062500 795.131288 3.423301 3.575751 16.644813
 71280.000000 -845185.375000 793.317586 3.415856 3.280744 16.333466
 71300.000000 -843674.187500 794.554538 3.290133 3.264484 16.252011
 71320.000000 -844913.687500 793.812113 3.261251 3.444350 16.455640
 71340.000000 -843068.187500 794.225680 3.396935 3.331084 16.174185
 71360.000000 -844694.562500 794.729409 3.348820 3.456997 16.423938
 71380.000000 -845977.812500 792.540758 3.294255 3.390112 16.787164
 71400.000000 -846775.812500 793.790187 3.300281 3.311006 16.838765
 71420.000000 -844418.187500 795.327054 3.226518 3.367776 16.602783
 71440.000000 -845075.187500 793.403711 3.243182 3.505814 16.732257
 71460.000000 -845976.062500 793.385131 3.266704 3.482444 16.324262
 71480.000000 -844127.187500 794.658015 3.343487 3.209420 16.560968
 71500.000000 -845521.937500 793.184153 3.337903 3.124371 16.302448
 71520.000000 -845712.500000 795.134133 3.438738 3.410868 16.552333
 71540.000000 -844857.875000 795.930076 3.493257 3.468634 16.364488
 71560.000000 -845934.875000 791.684291 3.358920 3.405487 16.379421
 71580.000000 -845785.375000 792.966017 3.111548 3.451435 16.419043
 71600.000000 -844274.437500 793.520102 3.505250 3.356521 16.396928
 71620.000000 -845033.312500 796.807690 3.399304 3.148236 16.337405
 71640.000000 -842969.937500 796.278781 3.343486 3.381029 16.530953
 71660.000000 -844746.437500 794.349263 3.557243 3.413783 16.631642
 71680.000000 -846063.375000 792.044141 3.498721 3.204749 16.646527
 71700.000000 -842531.250000 797.348459 3.552148 3.467633 16.614247
 71720.000000 -845440.937500 795.145620 3.521093 3.598124 16.643237
 71740.000000 -846106.250000 794.815470 3.487878 3.257687 16.720703
 71760.000000 -844057.312500 793.413426 3.160178 3.353785 16.661249
 71780.000000 -845826.687500 793.243041 3.212878 3.470521 16.699362
 71800.000000 -843783.437500 795.293132 3.294277 3.380223 16.475060
 71820.000000 -847108.250000 795.157507 3.625621 3.444813 16.586646
 71840.000000 -846399.437500 792.337954 3.572109 3.526018 16.276859
 71860.000000 -846500.062500 791.541131 3.305466 3.254597 16.344785
 71880.000000 -845561.875000 792.067095 3.169036 3.249579 16.054899
 71900.000000 -844702.062500 795.452431 3.359335 3.224552 16.284580
 71920.000000 -844121.937500 794.643567 3.313439 3.506555 16.458815
 71940.000000 -845551.562500 791.897859 3.720472 3.478659 16.517406
 71960.000000 -845633.000000 793.495276 3.449512 3.481892 16.443611
 71980.000000 -844709.937500 794.854062 3.324218 3.671808 16.235730
 72000.000000 -845618.687500 796.590384 3.358026 3.439572 16.463846
 72020.000000 -844363.500000 794.355188 3.479415 3.095217 16.561632
 72040.000000 -846165.375000 793.741787 3.298414 3.190346 16.408287
 72060.000000 -844668.125000 795.807222 3.264245 3.183784 16.504912
 72080.000000 -846743.312500 792.425767 3.249526 3.208550 16.427363
 72100.000000 -844184.500000 795.179074 3.073812 3.376791 16.335837
 72120.000000 -845596.375000 795.014277 3.269638 3.411130 16.372857
 72140.000000 -844561.062500 794.376943 3.190228 3.253827 16.539413
 72160.000000 -846273.000000 792.467321 3.232502 3.364036 16.765168
 72180.000000 -844296.437500 795.126135 3.078103 3.455959 16.831387
 72200.000000 -843791.250000 794.338818 3.101318 3.372976 16.592788
 72220.000000 -845728.125000 792.208037 3.336061 3.328213 16.575979
 72240.000000 -845550.875000 794.433989 3.274535 3.349048 16.623389
 72260.000000 -844008.625000 794.248338 3.327836 3.227296 16.388372
 72280.000000 -844409.250000 794.373089 3.495321 3.153317 16.470328
 72300.000000 -844788.250000 794.385628 3.662333 3.453182 16.407571
 72320.000000 -844807.750000 793.776331 3.176507 3.512904 16.624039
 72340.000000 -847465.812500 794.990128 3.033206 3.375747 16.729767
 72360.000000 -843932.250000 794.395168 3.273543 3.221323 16.804318
 72380.000000 -845125.437500 794.915834 3.313686 3.435232 16.695428
 72400.000000 -845399.187500 795.466279 3.481457 3.457242 16.504422
 72420.000000 -844808.875000 795.512614 3.564749 3.528012 16.491668
 72440.000000 -845841.000000 796.009413 3.460091 3.414026 16.453182
 72460.000000 -843848.937500 793.091432 3.655985 3.318554 16.138931
 72480.000000 -843651.437500 793.592078 3.561643 3.359598 16.608476
 72500.000000 -843420.687500 794.734253 3.395194 3.313840 16.720723
 72520.000000 -844918.812500 795.097526 3.291113 3.359622 16.452831
 72540.000000 -842508.125000 794.506788 3.367864 3.120352 16.431314
 72560.000000 -844932.875000 794.426888 3.384822 3.287063 16.769131
 72580.000000 -843947.187500 796.299217 3.299271 3.577499 16.627876
 72600.000000 -844010.750000 794.452161 3.214323 3.555911 16.734333
 72620.000000 -844596.312500 794.196460 3.374111 3.557016 16.914999
 72640.000000 -844830.125000 793.488504 3.470098 3.183282 16.663614
 72660.000000 -845424.125000 793.410608 3.622865 3.306251 16.656644
 72680.000000 -842997.750000 796.256577 3.481101 3.439119 16.480653
 72700.000000 -844221.500000 795.904017 3.345255 3.130188 16.613981
 72720.000000 -843884.000000 795.589447 3.537900 3.401828 16.567479
 72740.000000 -844470.500000 796.047688 3.548266 3.453466 16.533580
 72760.000000 -843044.000000 794.936623 3.101239 3.401198 16.425474
 72780.000000 -845194.187500 795.782537 3.209892 3.431765 16.563528
 72800.000000 -847054.750000 793.027255 3.411171 3.269211 16.404576
 72820.000000 -844279.125000 794.086858 3.236447 3.705831 16.965841
 72840.000000 -844734.312500 793.544868 3.108119 3.420635 16.751689
 72860.000000 -845478.312500 793.989479 3.451913 3.212287 16.888912
 72880.000000 -845332.625000 793.221764 2.998942 3.226388 16.723105
 72900.000000 -844065.250000 793.227940 3.024767 3.221162 16.506877
 72920.000000 -843955.125000 793.199305 3.196905 3.154206 16.487834
 72940.000000 -846637.937500 792.414407 3.415042 3.365645 16.760148
 72960.000000 -845064.125000 792.930957 3.748474 3.307533 16.414363
 72980.000000 -845325.187500 793.148053 3.418574 3.450042 16.341081
 73000.000000 -846235.125000 791.154057 3.330884 3.311542 16.432745
 73020.000000 -843679.812500 795.560777 3.445054 3.435801 16.604876
 73040.000000 -843263.937500 794.927353 3.391138 3.459589 16.507888
 73060.000000 -845091.437500 792.679038 3.235590 3.363102 16.492498
 73080.000000 -842319.750000 795.457977 3.159645 3.640973 16.608725
 73100.000000 -844812.125000 794.696133 3.161700 3.465724 16.469738
 73120.000000 -842610.687500 796.718981 3.219929 3.402852 16.455892
 73140.000000 -844060.250000 796.987944 3.056620 3.408600 16.643290
 73160.000000 -843569.187500 795.721642 3.451923 3.435688 16.444868
 73180.000000 -843343.062500 796.066297 3.462804 3.282575 16.558220
 73200.000000 -846213.687500 792.696634 3.333680 3.388235 16.397859
 73220.000000 -844668.500000 794.029420 3.331945 3.463012 16.399337
 73240.000000 -844428.125000 791.565049 3.500675 3.434405 16.560259
 73260.000000 -844816.125000 792.359875 3.353591 3.457294 16.619544
 73280.000000 -846673.750000 795.524708 3.418726 3.290648 16.509953
 73300.000000 -845122.812500 792.404665 3.724800 3.430541 16.722448
 73320.000000 -845286.562500 792.072491 3.425202 3.759329 16.481286
 73340.000000 -843935.625000 793.925847 3.441466 3.634972 16.506388
 73360.000000 -844622.125000 794.490392 3.385577 3.444637 16.611149
 73380.000000 -846298.562500 794.883803 3.496983 3.588520 16.552137
 73400.000000 -843612.687500 794.971330 3.356256 3.817904 16.417988
 73420.000000 -844430.375000 793.364527 3.375975 3.654697 16.696332
 73440.000000 -845591.125000 792.159053 3.421736 3.657668 16.449781
 73460.000000 -844477.875000 797.375332 3.625401 3.485895 16.565057
 73480.000000 -844103.562500 794.970460 3.467720 3.269249 16.614618
 73500.000000 -845977.312500 792.649066 3.587321 3.262454 16.593857
 73520.000000 -843728.062500 794.494339 3.297970 3.308529 16.723908
 73540.000000 -844588.312500 792.967974 3.218638 3.346526 16.856128
 73560.000000 -842505.250000 791.881378 3.183639 3.325003 16.527790
 73580.000000 -844371.312500 794.809762 3.290137 3.547754 16.226917
 73600.000000 -844327.937500 797.140727 3.272189 3.547931 16.390780
 73620.000000 -843812.000000 794.006727 3.530879 3.414901 16.470898
 73640.000000 -843945.250000 793.090236 3.324578 3.216495 16.246790
 73660.000000 -846161.062500 793.668758 3.676094 3.258735 16.500320
 73680.000000 -844622.062500 795.727467 3.308491 3.381218 16.616366
 73700.000000 -846204.125000 795.121625 3.264511 3.410782 16.364160
 73720.000000 -843283.875000 794.779969 3.473862 3.449513 16.496368
 73740.000000 -843292.062500 796.492319 3.689578 3.601129 16.297804
 73760.000000 -844582.312500 795.561210 3.498817 3.468960 16.579060
 73780.000000 -844678.125000 794.835957 3.378348 3.446272 16.428449
 73800.000000 -845662.062500 794.450476 3.333904 3.809950 16.539418
 73820.000000 -844423.625000 793.752571 3.238268 3.445577 16.623743
 73840.000000 -846149.375000 791.592831 3.369850 3.445776 16.674114
 73860.000000 -844581.750000 795.083893 3.670303 3.562231 16.639145
 73880.000000 -844758.937500 794.898325 3.529447 3.526626 16.523699
 73900.000000 -844844.187500 794.564192 3.493659 3.481594 16.410730
 73920.000000 -845151.687500 793.564036 3.492935 3.392884 16.436608
 73940.000000 -848308.375000 791.003422 3.427655 3.262642 16.673410
 73960.000000 -845043.500000 794.201828 3.736579 3.326668 16.329237
 73980.000000 -843463.812500 792.066320 3.516047 3.255295 16.306291
 74000.000000 -843107.000000 795.187048 3.087143 3.454072 16.220856
 74020.000000 -845064.312500 793.560816 3.132538 3.375603 16.324023
 74040.000000 -844212.812500 795.389604 3.223086 3.208107 16.343101
 74060.000000 -844880.687500 795.411525 3.311288 3.429483 16.291326
 74080.000000 -846191.062500 796.037962 3.394962 3.560364 16.332597
 74100.000000 -845927.562500 792.204508 3.307370 3.523332 16.516480
 74120.000000 -844745.000000 795.186650 3.209802 3.508057 16.463437
 74140.000000 -844675.125000 792.597810 3.440425 3.626534 16.247091
 74160.000000 -845240.250000 792.270227 3.249492 3.182878 16.272162
 74180.000000 -845331.625000 793.483204 3.133450 3.346773 16.348045
 74200.000000 -846692.562500 793.902980 3.620562 3.534207 16.318300
 74220.000000 -845597.875000 793.577875 3.505609 3.500982 16.298503
 74240.000000 -843965.625000 795.313137 3.425728 3.540565 16.206999
 74260.000000 -845622.375000 791.540072 3.462222 3.632151 16.040779
 74280.000000 -845193.500000 796.026505 3.567054 3.507107 16.219222
 74300.000000 -845285.812500 794.174311 3.299954 3.342872 16.176505
 74320.000000 -843064.937500 794.621014 3.293486 3.212831 16.412798
 74340.000000 -843986.250000 795.800203 3.514030 3.101848 16.507729
 74360.000000 -844143.000000 792.370244 3.551234 3.239940 16.428730
 74380.000000 -844824.562500 793.456489 3.402388 3.429525 16.480232
 74400.000000 -845834.187500 795.831364 3.756631 3.353744 16.514980
 74420.000000 -844211.437500 794.613458 3.464270 3.785329 16.638126
 74440.000000 -845135.687500 796.013089 3.808603 3.729819 16.692714
 74460.000000 -844646.375000 793.247164 3.488249 3.619975 16.670403
 74480.000000 -843037.062500 793.295102 3.479899 3.446780 16.613019
 74500.000000 -844414.062500 793.267096 3.433283 3.314900 16.391979
 74520.000000 -845401.125000 794.175984 3.282151 3.219354 16.428154
 74540.000000 -844480.500000 790.552728 3.211777 3.469199 16.313333
 74560.000000 -842674.812500 793.743229 3.321268 3.571948 16.418683
 74580.000000 -845168.125000 792.858053 3.330985 3.495354 16.436477
 74600.000000 -845115.562500 793.711595 3.473441 3.509157 16.548535
 74620.000000 -844065.375000 795.107886 3.587698 3.514928 16.415074
 74640.000000 -846644.062500 791.486661 3.421483 3.302095 16.391524
 74660.000000 -845432.062500 792.611008 3.162653 3.555071 16.451832
 74680.000000 -844816.000000 792.797403 3.393962 3.515041 16.249726
 74700.000000 -844274.937500 793.539024 3.407078 3.572563 16.428932
 74720.000000 -844348.125000 795.126869 3.620389 3.447335 16.519893
 74740.000000 -844806.812500 793.162333 3.563488 3.471177 16.347546
 74760.000000 -845540.187500 793.464665 3.555891 3.524655 16.372085
 74780.000000 -846450.000000 793.961999 3.587773 3.490218 16.425675
 74800.000000 -845128.187500 794.062490 3.793967 3.112461 16.665814
 74820.000000 -845378.812500 795.280108 3.710011 3.024852 16.155002
 74840.000000 -843741.250000 793.397185 3.422276 3.151729 16.288063
 74860.000000 -846061.062500 793.588755 3.181751 3.446195 16.274317
 74880.000000 -844473.625000 794.680921 3.245150 3.248897 16.300071
 74900.000000 -845123.500000 794.876750 3.412898 3.379070 16.346855
 74920.000000 -844174.375000 795.306277 3.331065 3.005165 16.716234
 74940.000000 -844659.937500 792.546399 3.177161 3.341712 16.793106
 74960.000000 -845593.750000 794.020428 3.290341 3.425699 16.365254
 74980.000000 -843682.937500 792.696667 3.227994 3.264526 16.487615
 75000.000000 -843997.250000 793.792493 3.131851 3.202447 16.092120
 75020.000000 -844807.000000 796.517722 3.119744 3.503327 16.403917
 75040.000000 -844437.625000 794.473486 3.348411 3.691340 16.392928
 75060.000000 -844268.375000 792.678424 3.658397 3.406550 16.523305
 75080.000000 -845408.625000 794.821362 3.445893 3.288085 16.331720
 75100.000000 -843204.500000 796.289263 3.605727 3.402315 16.579582
 75120.000000 -843300.625000 796.101033 3.003621 3.278013 16.449500
 75140.000000 -843852.250000 793.592220 3.304515 3.320483 16.535909
 75160.000000 -845767.875000 791.874185 3.230431 3.437489 16.248159
 75180.000000 -845268.937500 793.759120 2.935051 3.481708 16.558159
 75200.000000 -844418.750000 794.854804 3.103274 3.298670 16.454515
 75220.000000 -845097.312500 794.719090 3.188044 3.223975 16.534972
 75240.000000 -845901.750000 794.133215 3.666408 3.250910 16.979509
 75260.000000 -846492.687500 793.931310 3.455728 3.382594 16.534698
 75280.000000 -843660.312500 795.668586 3.643628 3.449621 16.698325
 75300.000000 -844145.125000 795.420637 3.700222 3.306811 16.411943
 75320.000000 -846163.812500 794.019573 3.198374 3.534515 16.224256
 75340.000000 -843816.187500 794.540085 3.141529 3.599702 16.261287
 75360.000000 -845089.250000 793.810416 3.187872 3.389515 16.499453
 75380.000000 -844461.125000 795.041960 3.101352 3.276826 16.376101
 75400.000000 -843468.437500 794.873363 3.076506 3.351006 16.339257
 75420.000000 -843993.500000 796.716288 3.317991 3.341209 16.229978
 75440.000000 -843840.250000 793.801224 3.440539 3.445120 16.138214
 75460.000000 -844375.187500 796.103358 3.425132 3.458943 16.419344
 75480.000000 -844793.625000 793.659592 3.604357 3.375050 16.467467
 75500.000000 -845123.312500 793.449558 3.545695 3.236590 16.550932
 75520.000000 -844478.187500 794.748394 3.887063 3.259205 16.430152
 75540.000000 -845456.812500 793.431467 3.719094 3.226891 16.275961
 75560.000000 -844486.812500 794.880325 3.428971 3.579097 16.328744
 75580.000000 -845135.187500 795.259721 3.349781 3.527460 16.313789
 75600.000000 -844903.500000 794.508651 3.295544 3.445237 16.182819
 75620.000000 -843296.375000 796.069790 3.318180 3.247299 16.392372
 75640.000000 -844866.750000 794.523618 3.528972 3.283331 16.080374
 75660.000000 -843974.375000 797.237291 3.458693 3.422496 16.114839
 75680.000000 -844362.812500 794.180676 3.174740 3.626845 16.046269
 75700.000000 -843770.875000 795.242375 3.488202 3.466089 16.305032
 75720.000000 -843925.125000 794.457669 3.329831 3.463965 16.347028
 75740.000000 -845499.062500 795.825681 3.526224 3.532765 16.177236
 75760.000000 -845034.875000 794.441647 3.564842 3.329959 16.309355
 75780.000000 -843510.750000 794.747250 3.559954 3.369157 16.520152
 75800.000000 -845396.250000 792.691118 3.833294 3.358304 16.474871
 75820.000000 -843924.562500 792.984711 3.472570 3.387591 16.555835
 75840.000000 -843849.125000 795.055534 3.423308 3.359756 16.152532
 75860.000000 -844227.062500 794.164444 3.307087 3.730949 16.274010
 75880.000000 -846370.187500 792.205540 3.440605 3.842995 16.364163
 75900.000000 -845568.500000 792.200664 3.555184 3.271478 16.400605
 75920.000000 -843511.750000 793.047242 3.461680 3.318865 16.338500
 75940.000000 -845378.375000 796.459656 3.346433 3.386119 16.441979
 75960.000000 -844423.312500 793.608892 3.098726 3.366189 16.460660
 75980.000000 -845408.312500 793.285005 3.090581 3.316157 16.336730
 76000.000000 -844872.937500 794.866477 3.567912 3.352368 16.321457
 76020.000000 -844160.375000 794.366673 3.407511 3.175509 16.280746
 76040.000000 -844572.250000 796.696592 3.355559 3.264436 16.520102
 76060.000000 -843858.937500 794.753479 3.421021 3.285687 16.201723
 76080.000000 -842949.375000 797.637947 3.070776 3.270792 16.497305
 76100.000000 -845832.750000 794.521273 3.604009 3.180098 16.537854
 76120.000000 -843416.375000 794.194148 3.627531 3.309291 16.454339
 76140.000000 -843167.375000 795.763004 3.667592 3.420591 16.714624
 76160.000000 -847015.250000 794.116882 3.405127 3.261607 16.510901
 76180.000000 -845044.500000 795.182312 3.373409 3.190461 16.668430
 76200.000000 -843806.250000 796.682325 3.537019 3.209531 16.444297
 76220.000000 -844507.625000 796.103604 3.715898 3.377631 16.323334
 76240.000000 -845114.500000 792.919065 3.305245 3.090009 16.314439
 76260.000000 -846642.875000 792.837799 3.232097 3.323160 16.466103
 76280.000000 -843547.437500 793.850669 3.296408 3.370377 16.673806
 76300.000000 -842893.125000 794.490543 3.300907 3.284089 16.623650
 76320.000000 -845076.437500 794.118524 3.358427 3.221606 16.390559
 76340.000000 -844719.875000 796.981806 3.419727 3.511739 16.346917
 76360.000000 -845244.125000 793.973898 3.483003 3.490279 16.771216
 76380.000000 -844961.750000 795.264622 3.420131 3.695342 16.792076
 76400.000000 -843548.375000 795.810166 3.663265 3.611742 16.804681
 76420.000000 -844140.187500 794.208762 3.224144 3.192337 16.667355
 76440.000000 -845744.312500 795.180983 3.409595 3.407896 16.636817
 76460.000000 -844506.312500 795.710955 3.142748 3.696606 16.640774
 76480.000000 -845279.250000 794.208501 3.178798 3.780137 16.761173
 76500.000000 -845693.812500 792.304747 3.176362 3.572250 16.647036
 76520.000000 -843713.875000 792.970139 3.210894 3.423817 16.417615
 76540.000000 -843554.812500 796.958782 3.317271 3.383775 16.551441
 76560.000000 -843225.875000 797.069332 3.277628 3.464121 16.691055
 76580.000000 -844866.625000 795.645248 3.325799 3.315248 16.633072
 76600.000000 -843719.937500 793.818711 3.343676 3.299460 16.470749
 76620.000000 -845097.375000 794.787304 3.411414 3.457055 16.614126
 76640.000000 -844469.937500 794.844718 3.388050 3.395813 16.563297
 76660.000000 -844663.062500 794.684780 3.104802 3.259394 16.145314
 76680.000000 -843884.250000 795.908588 3.283855 3.060314 16.551769
 76700.000000 -846565.500000 793.470169 3.481522 3.438779 16.587860
 76720.000000 -844047.937500 795.116907 3.162370 3.698133 16.646334
 76740.000000 -845517.000000 793.809294 3.237409 3.437145 16.328008
 76760.000000 -844683.062500 794.516971 3.428206 3.117940 16.628246
 76780.000000 -844312.062500 795.855849 3.314257 3.020936 16.252084
 76800.000000 -843422.000000 794.673613 3.314927 3.044022 16.371058
 76820.000000 -843378.750000 797.894063 3.594037 3.310265 16.423593
 76840.000000 -844366.500000 796.093950 3.819761 3.378595 16.700433
 76860.000000 -843261.750000 794.290179 3.462256 3.273613 16.481525
 76880.000000 -845256.250000 794.984412 3.367515 3.258198 16.636165
 76900.000000 -842710.000000 795.146423 3.287009 3.385107 16.694852
 76920.000000 -843582.875000 792.273331 3.510939 3.566922 16.617499
 76940.000000 -844561.125000 793.959097 3.387022 3.508268 16.504190
 76960.000000 -845489.312500 795.151489 3.336781 3.306473 16.457125
 76980.000000 -844722.625000 794.799863 3.433413 3.436378 16.603610
 77000.000000 -844324.875000 794.811645 3.716051 3.488595 16.581009
 77020.000000 -844239.687500 794.932963 3.701404 3.352485 16.558361
 77040.000000 -844825.937500 794.223908 3.680172 3.221550 16.352029
 77060.000000 -846385.125000 794.957207 3.489050 3.532481 16.418662
 77080.000000 -844925.500000 795.695658 3.377270 3.619812 16.415844
 77100.000000 -844674.687500 794.647105 3.356173 3.452915 16.337467
 77120.000000 -843281.625000 796.919936 3.668110 3.483882 16.444710
 77140.000000 -846531.812500 792.248406 3.535005 3.585098 16.526743
 77160.000000 -843532.750000 795.538949 3.547765 3.397499 16.558027
 77180.000000 -843632.062500 795.694789 3.488825 3.593442 16.471868
 77200.000000 -844352.062500 794.668539 3.497232 3.690919 16.283532
 77220.000000 -843306.437500 795.080026 3.491423 3.848579 16.352098
 77240.000000 -843290.562500 794.990743 3.530915 3.487467 16.446944
 77260.000000 -845058.500000 791.044169 3.618521 3.367800 16.451761
 77280.000000 -845180.125000 795.029261 3.406885 3.077651 16.294517
 77300.000000 -844063.375000 795.507155 3.382485 3.390442 16.698131
 77320.000000 -843986.687500 795.872132 3.457979 3.188359 16.632139
 77340.000000 -845553.875000 791.972265 3.791717 3.402196 16.708497
 77360.000000 -844661.312500 795.615285 3.357938 3.152251 16.576232
 77380.000000 -844416.250000 795.462531 3.526953 3.337277 16.425848
 77400.000000 -845133.312500 795.670974 3.520829 3.585365 16.494826
 77420.000000 -844805.687500 793.475959 3.217691 3.595691 16.227410
 77440.000000 -844769.375000 793.381278 3.274271 3.075468 16.455626
 77460.000000 -842811.375000 795.906926 3.562905 3.455260 16.616828
 77480.000000 -846166.437500 793.961447 3.335463 3.259111 16.594691
 77500.000000 -844044.250000 792.173917 3.486401 3.254541 16.736635
 77520.000000 -843557.125000 795.836829 3.748788 3.377181 16.506178
 77540.000000 -844538.937500 794.489433 3.427625 3.456025 16.492063
 77560.000000 -842719.812500 793.295257 3.212927 3.477590 16.322044
 77580.000000 -842128.625000 796.303875 3.353848 3.251000 16.405589
 77600.000000 -844620.625000 793.680179 3.200586 3.170181 16.678861
 77620.000000 -843964.625000 795.402475 3.276636 3.513320 16.550178
 77640.000000 -844871.437500 795.265898 3.699928 3.484313 16.426232
 77660.000000 -843539.937500 798.646089 3.561240 3.420568 16.530012
 77680.000000 -843872.812500 793.732055 3.442510 3.099210 16.521114
 77700.000000 -845449.437500 794.855826 3.519942 3.190057 16.632561
 77720.000000 -843529.000000 796.789114 3.583363 3.420038 16.724986
 77740.000000 -846302.000000 794.391372 3.190864 3.468472 16.855361
 77760.000000 -846444.250000 793.487275 3.228345 3.315942 16.455418
 77780.000000 -842523.250000 797.318710 3.371359 3.413696 16.454571
 77800.000000 -843832.562500 794.895863 3.508235 3.229247 16.338078
 77820.000000 -846715.312500 792.673151 3.604493 3.451505 16.640088
 77840.000000 -844577.437500 796.147790 3.421477 3.436761 16.686798
 77860.000000 -845480.375000 797.782342 3.578052 3.574889 16.624835
 77880.000000 -845045.000000 794.598947 3.656463 3.376978 16.587530
 77900.000000 -845553.250000 794.145872 3.367985 3.211218 16.637937
 77920.000000 -843199.500000 795.447779 3.058372 3.311447 16.464823
 77940.000000 -844831.625000 795.015358 3.156804 3.200348 16.502004
 77960.000000 -844862.937500 791.725737 3.252979 3.347164 16.461793
 77980.000000 -845270.625000 794.708439 3.237119 3.317522 16.641057
 78000.000000 -843873.062500 794.570924 3.417585 3.277898 16.467530
 78020.000000 -845093.562500 793.092336 3.428132 3.395494 16.717191
 78040.000000 -844006.687500 793.947700 3.599445 3.282764 16.349673
 78060.000000 -844228.937500 794.118065 3.421126 3.464958 16.314514
 78080.000000 -842910.375000 796.699136 3.429240 3.545405 16.480601
 78100.000000 -845142.000000 794.748761 3.328997 3.397220 16.484880
 78120.000000 -844729.625000 797.319994 3.620432 3.499957 16.423502
 78140.000000 -845913.625000 794.988000 3.585440 3.231403 16.481003
 78160.000000 -844379.687500 792.611858 3.327031 3.509106 16.258074
 78180.000000 -844558.687500 796.408497 3.546117 3.595151 16.270196
 78200.000000 -844622.437500 794.817518 3.273927 3.454523 16.334427
 78220.000000 -842842.312500 796.968444 3.508505 3.422566 16.834957
 78240.000000 -845457.375000 794.647185 3.592350 3.460186 16.541805
 78260.000000 -844677.500000 796.009469 3.404505 3.320815 16.576052
 78280.000000 -845144.812500 794.215412 3.463551 3.306182 16.535028
 78300.000000 -845630.812500 795.472198 3.268236 3.631361 16.534082
 78320.000000 -844500.687500 794.356047 3.247653 3.625674 16.607926
 78340.000000 -844259.500000 798.877000 3.502539 3.331531 16.709728
 78360.000000 -843411.750000 792.781358 3.352240 3.342386 16.281165
 78380.000000 -843567.250000 793.437117 3.374515 3.401870 16.549433
 78400.000000 -842625.500000 794.231173 3.494380 3.326282 16.284517
 78420.000000 -843209.250000 793.957084 3.558157 3.465515 16.555963
 78440.000000 -845835.187500 792.925486 3.644567 3.561871 16.714098
 78460.000000 -844208.562500 794.883794 3.564282 3.358964 16.676945
 78480.000000 -843845.750000 794.853201 3.610347 3.535492 16.630765
 78500.000000 -843935.312500 795.837890 3.580143 3.414135 16.546313
 78520.000000 -844693.312500 793.129156 3.565550 3.349792 16.533987
 78540.000000 -844753.437500 792.155921 3.373510 3.521137 16.518309
 78560.000000 -844628.312500 794.794338 3.367862 3.521077 16.465100
 78580.000000 -845667.687500 795.099646 3.508810 3.483846 16.619223
 78600.000000 -842984.500000 796.674102 3.553300 3.364442 16.815800
 78620.000000 -844221.250000 794.650698 3.410632 3.519286 16.498472
 78640.000000 -846062.500000 794.936966 3.322228 3.406385 16.525238
 78660.000000 -846264.562500 794.755317 3.304744 3.525479 16.651606
 78680.000000 -843446.062500 793.415657 3.427386 3.348100 16.636506
 78700.000000 -843685.000000 794.499861 3.574058 3.379180 16.732915
 78720.000000 -844407.312500 793.433862 3.345340 3.123949 16.669831
 78740.000000 -842693.187500 792.504925 3.468345 3.558995 16.647118
 78760.000000 -845182.312500 793.970134 3.287260 3.353879 16.693525
 78780.000000 -844412.062500 793.705866 3.427681 3.397939 16.872926
 78800.000000 -844858.625000 794.250448 3.271484 3.392814 16.639847
 78820.000000 -845793.000000 793.914423 3.441989 3.230985 16.557653
 78840.000000 -845301.125000 793.186053 3.390635 3.551113 16.500157
 78860.000000 -845739.312500 793.502818 3.341976 3.552970 16.657111
 78880.000000 -842817.687500 796.125208 3.112781 3.377781 16.480102
 78900.000000 -843500.687500 793.780783 3.155989 3.142354 16.337954
 78920.000000 -844924.000000 792.603576 3.047713 3.186839 16.577718
 78940.000000 -843388.687500 793.255882 3.275501 3.590152 16.502652
 78960.000000 -843735.500000 792.586205 3.480941 3.525464 16.668753
 78980.000000 -845160.937500 791.981826 3.466766 3.746617 16.627343
 79000.000000 -844055.250000 794.849286 3.270892 3.361345 16.689992
 79020.000000 -844964.500000 793.368771 3.482151 3.342968 16.595102
 79040.000000 -844579.375000 793.698386 3.076373 3.486142 16.521171
 79060.000000 -844668.562500 793.653363 3.671254 3.343760 16.743914
 79080.000000 -846126.062500 794.018969 3.536942 3.268664 16.466453
 79100.000000 -844318.500000 793.937547 3.455428 3.137023 16.396316
 79120.000000 -843797.562500 796.023725 3.267774 3.115688 16.312439
 79140.000000 -843844.687500 796.344143 3.385090 3.262767 16.557180
 79160.000000 -844683.437500 793.433637 3.338555 3.449264 16.601952
 79180.000000 -844726.750000 796.375746 3.214100 3.182194 16.555081
 79200.000000 -844219.437500 796.623092 3.162058 3.568662 16.413938
 79220.000000 -845056.875000 793.763614 3.267820 3.530033 16.454470
 79240.000000 -843413.437500 795.217150 3.421093 3.337334 16.452533
 79260.000000 -842915.625000 795.944676 3.246011 3.369557 16.437283
 79280.000000 -843481.687500 796.441271 3.521376 3.459982 16.436396
 79300.000000 -845483.000000 794.925308 3.507096 3.681203 16.493926
 79320.000000 -846675.187500 793.095045 3.417326 3.597333 16.438733
 79340.000000 -846783.250000 793.421468 3.525342 3.319773 16.337705
 79360.000000 -845769.062500 791.996317 3.570897 3.290276 16.288333
 79380.000000 -845922.125000 793.051794 3.538082 3.302553 16.382077
 79400.000000 -846041.250000 791.845519 3.601642 3.367405 16.239092
 79420.000000 -844490.687500 795.275500 3.451474 3.268638 16.409780
 79440.000000 -844155.812500 795.579625 3.341444 3.364439 16.492843
 79460.000000 -844693.875000 797.686293 3.268756 3.534486 16.787309
 79480.000000 -843481.750000 797.326241 3.293464 3.630671 16.698655
 79500.000000 -843714.750000 794.236450 3.403333 3.490938 16.931624
 79520.000000 -846338.937500 795.127352 3.008536 3.737492 16.645508
 79540.000000 -843365.125000 793.576505 3.410549 3.810495 16.948626
 79560.000000 -844648.937500 793.978780 3.524711 3.695454 16.619544
 79580.000000 -845049.375000 794.065707 3.408034 3.363848 16.668127
 79600.000000 -843259.625000 794.189437 3.384421 3.281776 16.550411
 79620.000000 -843091.875000 795.963857 3.312021 3.468046 16.330648
 79640.000000 -845957.562500 795.064847 3.384165 3.463105 16.427787
 79660.000000 -845430.375000 793.862782 3.377922 3.354432 16.183239
 79680.000000 -843729.500000 794.080762 3.288428 3.258345 16.443002
 79700.000000 -843744.562500 795.956151 3.245724 3.387244 16.395734
 79720.000000 -843923.937500 794.315522 3.172273 3.341772 16.256083
 79740.000000 -844060.875000 797.844942 3.329391 3.495153 16.216658
 79760.000000 -843678.312500 795.283201 3.611210 3.457619 16.621418
 79780.000000 -844467.437500 796.213541 3.737379 3.515384 16.547867
 79800.000000 -845731.062500 793.207969 3.648628 3.421337 16.613992
 79820.000000 -844473.562500 794.851952 3.618023 3.287629 16.680401
 79840.000000 -842879.125000 794.859419 3.669263 2.989098 16.581847
 79860.000000 -844531.500000 792.392442 3.691787 3.243854 16.685400
 79880.000000 -843998.687500 794.180392 3.317306 3.341564 16.780808
 79900.000000 -845873.187500 793.912633 3.563559 3.158420 16.695652
 79920.000000 -843983.187500 794.915618 3.568643 3.279469 16.547183
 79940.000000 -844511.250000 793.902851 3.545423 3.248265 16.514500
 79960.000000 -844323.375000 792.685883 3.226968 3.113038 16.739068
 79980.000000 -844907.125000 794.839595 3.227692 3.163485 16.896223
 80000.000000 -843989.062500 794.716968 3.195567 3.473713 16.899286
 80020.000000 -845147.062500 792.556263 3.503103 3.715614 16.727970
 80040.000000 -844747.625000 794.700883 3.243108 3.538752 16.448466
 80060.000000 -843962.937500 794.627792 3.468796 3.428508 16.444581
 80080.000000 -845581.250000 792.047529 3.297268 3.356379 16.570822
 80100.000000 -844141.312500 795.582103 3.005512 3.617011 16.423069
 80120.000000 -843783.187500 792.587663 3.089225 3.389084 16.441507
 80140.000000 -845560.250000 795.074568 3.171619 3.268552 16.335096
 80160.000000 -843484.000000 793.334220 3.373844 3.455581 16.225427
 80180.000000 -845936.875000 793.358245 3.431433 3.341703 16.724773
 80200.000000 -843698.500000 796.691666 3.430472 3.452255 16.467574
 80220.000000 -845787.187500 792.793665 3.297366 3.352395 16.409942
 80240.000000 -843022.937500 793.729358 3.331487 3.318717 16.499759
 80260.000000 -844004.187500 792.980044 3.281674 3.449982 16.634738
 80280.000000 -843085.250000 793.294485 3.371983 3.316598 16.365654
 80300.000000 -845847.562500 794.002189 3.373390 3.370019 16.394147
 80320.000000 -845334.062500 794.737850 3.503808 3.408536 16.661251
 80340.000000 -844322.875000 794.953018 3.402897 3.453789 16.754240
 80360.000000 -843016.000000 794.377626 3.219920 3.365653 16.651176
 80380.000000 -841995.562500 800.281888 3.254414 3.440173 16.685916
 80400.000000 -845784.625000 793.508454 3.255050 3.502599 16.373586
 80420.000000 -846500.687500 794.478559 3.325759 3.488342 16.442306
 80440.000000 -844502.812500 795.672419 3.209983 3.550928 16.628029
 80460.000000 -843358.375000 797.561936 3.373010 3.235612 16.476717
 80480.000000 -846146.937500 796.473705 3.423289 3.271600 16.585729
 80500.000000 -844997.250000 794.176647 3.424540 3.326086 16.544626
 80520.000000 -845105.562500 793.412388 3.291695 3.638397 16.328376
 80540.000000 -844216.250000 795.686214 3.233910 3.489744 16.405211
 80560.000000 -845091.750000 794.623615 3.236650 3.754985 16.275177
 80580.000000 -845093.562500 793.492383 3.186108 3.374075 16.348721
 80600.000000 -844006.812500 796.623090 3.590520 3.394578 16.021031
 80620.000000 -844141.062500 797.129887 3.493836 3.332491 16.407585
 80640.000000 -843471.562500 795.590960 3.350598 3.157429 16.639133
 80660.000000 -842940.687500 796.693237 3.485657 3.149583 16.626735
 80680.000000 -844998.937500 795.106036 3.210304 3.330468 16.460057
 80700.000000 -844454.937500 794.659381 3.270961 3.508412 16.366487
 80720.000000 -845406.500000 795.490389 3.319928 3.500185 16.595696
 80740.000000 -844638.000000 794.247658 3.434167 3.541441 16.464244
 80760.000000 -844641.875000 795.885407 3.403889 3.325598 16.494367
 80780.000000 -844274.875000 793.252958 3.566226 3.208728 16.354416
 80800.000000 -844955.062500 794.681240 3.480019 3.188016 16.367172
 80820.000000 -845236.000000 793.972806 3.458807 3.325508 16.405503
 80840.000000 -842920.562500 795.117211 3.531045 3.181961 16.497469
 80860.000000 -844729.375000 792.683530 3.384927 3.263278 16.356621
 80880.000000 -843869.312500 793.064926 3.501664 3.227983 16.657239
 80900.000000 -844318.250000 796.483714 3.910052 3.216129 16.527084
 80920.000000 -845672.500000 795.603417 3.750932 3.401118 16.410554
 80940.000000 -844924.937500 795.347460 3.432504 3.481373 16.352388
 80960.000000 -843758.312500 794.725251 3.354896 3.492366 16.658033
 80980.000000 -845233.750000 793.413650 3.538489 3.234904 16.718944
 81000.000000 -844634.687500 794.084643 3.556218 3.398683 16.672951
 81020.000000 -844090.687500 795.381366 3.452789 3.532644 16.482663
 81040.000000 -844526.812500 794.292642 3.454377 3.418108 16.735636
 81060.000000 -844238.687500 794.273520 3.515251 3.425907 16.674556
 81080.000000 -843710.375000 795.651269 3.355503 3.510485 16.596592
 81100.000000 -843112.750000 794.745415 3.427993 3.440468 16.447407
 81120.000000 -844333.187500 794.153086 3.398383 3.430171 16.504772
 81140.000000 -844685.000000 796.836999 3.562462 3.229378 16.507385
 81160.000000 -843622.562500 796.194973 3.439702 3.255087 16.535255
 81180.000000 -843429.937500 793.776493 3.356597 3.691805 16.430089
 81200.000000 -844750.500000 795.221721 3.342378 3.452876 16.673102
 81220.000000 -844428.312500 796.516514 3.374934 3.425781 16.558427
 81240.000000 -845342.500000 792.116199 3.408918 3.372151 16.660835
 81260.000000 -845062.000000 796.609970 3.183272 3.170979 16.727910
 81280.000000 -844880.500000 794.088857 3.314883 3.489685 16.841364
 81300.000000 -847133.125000 794.096263 3.360001 3.501076 16.614888
 81320.000000 -844597.500000 795.111133 3.683010 3.530229 16.346446
 81340.000000 -843251.187500 795.861252 3.457314 3.836019 16.203758
 81360.000000 -844654.437500 796.109245 3.020230 3.505986 16.368436
 81380.000000 -844941.437500 794.886055 2.905622 3.530874 16.466949
 81400.000000 -844266.812500 796.287659 3.181911 3.495106 16.801622
 81420.000000 -844988.500000 794.077021 3.151516 3.528810 16.639786
 81440.000000 -843878.875000 794.369286 3.365805 3.536934 16.555138
 81460.000000 -845054.562500 796.808738 3.491916 3.417325 16.731424
 81480.000000 -844865.312500 793.835793 3.500790 3.413131 16.579245
 81500.000000 -844975.187500 791.309221 3.486364 3.504150 16.664673
 81520.000000 -844399.562500 795.568856 3.553179 3.329679 16.553459
 81540.000000 -844673.125000 793.850137 3.509101 3.344087 16.594946
 81560.000000 -842566.375000 795.505100 3.257206 3.223623 16.515869
 81580.000000 -844035.062500 794.765684 3.195700 3.455649 16.429174
 81600.000000 -845464.187500 793.303789 3.224197 3.397036 16.445881
 81620.000000 -843927.375000 795.278023 3.432426 3.242165 16.688506
 81640.000000 -845231.187500 793.225056 3.451975 3.350894 16.554068
 81660.000000 -842608.000000 793.555651 3.625726 3.307454 16.494761
 81680.000000 -845187.750000 792.792398 3.540281 3.675720 16.419336
 81700.000000 -844450.375000 796.615984 3.545038 3.778832 16.478331
 81720.000000 -845233.750000 795.851178 3.573384 3.510911 16.415591
 81740.000000 -845472.250000 793.735222 3.554455 3.658152 16.546337
 81760.000000 -844738.687500 794.110088 3.453470 3.448220 16.758975
 81780.000000 -845739.937500 792.314959 3.159236 3.379102 16.488523
 81800.000000 -844279.187500 792.512788 3.431855 3.229771 16.553189
 81820.000000 -845829.437500 792.796003 3.377769 3.361660 16.443367
 81840.000000 -845936.687500 794.301327 3.695814 3.392087 16.528643
 81860.000000 -843782.875000 795.304420 3.707831 3.401353 16.336301
 81880.000000 -844156.625000 796.954840 3.330392 3.357357 16.778836
 81900.000000 -846339.000000 793.381301 3.377353 3.174713 16.378604
 81920.000000 -844658.375000 793.404159 3.294654 3.212246 16.385790
 81940.000000 -843954.250000 794.347203 3.409142 3.478763 16.359525
 81960.000000 -843854.062500 794.018331 3.538606 3.427671 16.531822
 81980.000000 -845102.812500 792.580146 3.647774 3.220616 16.560379
 82000.000000 -846808.125000 794.021959 3.432170 3.224667 16.734474
 82020.000000 -844190.187500 795.604408 3.208542 3.069614 16.715145
 82040.000000 -844249.625000 792.396161 3.324222 3.503836 16.537262
 82060.000000 -845563.437500 793.941645 3.315055 3.851050 16.391236
 82080.000000 -844828.687500 793.182446 3.399860 3.620019 16.464482
 82100.000000 -845062.437500 794.034000 3.407349 3.158361 16.466007
 82120.000000 -844093.125000 794.251210 3.417870 3.239349 16.507943
 82140.000000 -844500.062500 796.274087 3.085197 3.369059 16.452427
 82160.000000 -843143.750000 797.222303 3.237968 3.182758 16.540175
 82180.000000 -843454.750000 795.083363 3.385611 3.159077 16.617382
 82200.000000 -844599.500000 792.767723 3.606168 3.171571 16.734935
 82220.000000 -844785.437500 795.307158 3.670621 3.554673 16.444492
 82240.000000 -842969.000000 796.172425 3.345732 3.614353 16.304755
 82260.000000 -843591.812500 796.542194 3.504533 3.505612 16.261581
 82280.000000 -846085.875000 792.402916 3.506560 3.245599 16.357888
 82300.000000 -844759.750000 794.565907 3.674766 3.326180 16.272708
 82320.000000 -844675.000000 794.278083 3.347660 3.483283 16.064384
 82340.000000 -844345.687500 794.073164 3.355893 3.680010 16.462780
 82360.000000 -845016.437500 796.572767 3.102895 3.787994 16.657213
 82380.000000 -844356.937500 793.311449 3.348032 3.320104 16.643939
 82400.000000 -845075.562500 793.132973 3.443556 3.290832 16.632673
 82420.000000 -845621.687500 792.933970 3.416527 3.376687 16.531993
 82440.000000 -844529.500000 794.676897 3.383322 3.514797 16.335655
 82460.000000 -843617.312500 795.004137 3.702383 3.229281 16.372308
 82480.000000 -844506.187500 795.562545 3.371188 3.560042 16.445392
 82500.000000 -846633.937500 792.312045 3.412883 3.177204 16.469836
 82520.000000 -846141.625000 793.378296 3.371843 3.107109 16.535074
 82540.000000 -845444.875000 795.724422 3.515582 3.256305 16.358210
 82560.000000 -845857.187500 796.206343 3.392953 3.261153 16.484739
 82580.000000 -843866.375000 795.148654 3.271948 3.398870 16.689749
 82600.000000 -842165.687500 801.333519 3.394561 2.855843 8.584709
 82620.000000 -842731.625000 798.004591 3.632684 3.166179 10.262724
 82640.000000 -842542.062500 798.629937 3.683263 3.493409 12.964093
 82660.000000 -844827.062500 797.443213 3.539678 3.610220 15.193711
 82680.000000 -844968.312500 792.534904 3.668017 3.418566 15.781710
 82700.000000 -843858.250000 793.694148 3.457118 3.394240 16.300616
 82720.000000 -844163.937500 793.955929 3.513253 3.324279 16.274677
 82740.000000 -844892.437500 791.898545 3.295003 3.072850 16.360435
 82760.000000 -845406.312500 793.549839 3.303191 3.291860 16.333873
 82780.000000 -844614.500000 794.100107 3.483785 3.393278 16.481455
 82800.000000 -845567.187500 793.768959 3.161624 3.515421 16.602582
 82820.000000 -845295.875000 792.368216 3.485702 3.216960 16.432146
 82840.000000 -843166.375000 795.855129 3.406495 3.191211 16.610744
 82860.000000 -845334.375000 793.501685 3.445992 3.555574 16.521187
 82880.000000 -846696.125000 793.773628 3.528955 3.423272 16.470330
 82900.000000 -845001.062500 795.577593 3.339820 3.310659 16.411471
 82920.000000 -844963.812500 793.954636 3.343826 3.417824 16.409314
 82940.000000 -843129.312500 794.470774 3.294412 3.299821 16.694379
 82960.000000 -844493.687500 793.232146 3.201952 3.446098 16.550063
 82980.000000 -845593.812500 792.317988 3.413519 3.439059 16.645515
 83000.000000 -843825.687500 793.531315 3.348225 3.143151 16.753542
 83020.000000 -844982.375000 792.778873 3.280513 3.208068 16.404031
 83040.000000 -846521.250000 793.008984 3.330478 3.358114 16.429935
 83060.000000 -846979.875000 791.788959 3.484094 3.925081 16.269974
 83080.000000 -844362.500000 792.567736 3.485214 3.325969 16.439728
 83100.000000 -844597.625000 793.081588 3.675695 3.216408 16.532183
 83120.000000 -844436.750000 793.952669 3.383534 3.589577 16.717137
 83140.000000 -845147.500000 792.364762 3.315780 3.501637 16.598348
 83160.000000 -845237.562500 793.889462 3.152207 3.284125 16.677838
 83180.000000 -845682.437500 794.760516 3.395601 3.491709 16.889147
 83200.000000 -843932.750000 795.009090 3.661180 3.705363 16.839387
 83220.000000 -846371.875000 793.614858 3.621698 3.480409 16.737370
 83240.000000 -846353.687500 793.069507 3.123475 3.518096 16.541010
 83260.000000 -844101.875000 795.325201 3.116091 3.440437 16.404134
 83280.000000 -844167.812500 796.135754 3.288823 3.511409 16.500194
 83300.000000 -845558.500000 794.343111 3.398802 3.590769 16.642207
 83320.000000 -844751.437500 793.809727 3.333037 3.602991 16.384548
 83340.000000 -844319.500000 794.983940 3.484209 3.576687 16.713196
 83360.000000 -844251.250000 793.948178 3.333200 3.552271 16.587863
 83380.000000 -844736.875000 795.493349 3.176859 3.384713 16.620876
 83400.000000 -844301.625000 794.967206 3.207616 3.250856 16.651164
 83420.000000 -843699.312500 792.230668 3.517994 3.041505 16.530388
 83440.000000 -845295.875000 795.170115 3.508540 3.218049 16.472803
 83460.000000 -846647.687500 795.394784 3.327119 3.236037 16.334402
 83480.000000 -844065.000000 791.175452 3.475458 3.436459 16.509782
 83500.000000 -845423.812500 791.668262 3.423581 3.478315 16.634008
 83520.000000 -845522.625000 793.354433 3.363001 3.251684 16.552679
 83540.000000 -846089.000000 793.407725 3.324062 3.197549 16.378980
 83560.000000 -843759.062500 793.597207 3.073965 3.267766 16.238061
 83580.000000 -843312.937500 795.305246 3.326034 3.371760 16.442711
 83600.000000 -842926.687500 793.555925 3.079800 3.643559 16.471616
 83620.000000 -842575.187500 797.443038 3.120744 3.441293 16.373966
 83640.000000 -845916.562500 796.089542 3.184932 3.392723 16.416778
 83660.000000 -844007.562500 795.291619 3.217189 3.560376 16.233146
 83680.000000 -845306.187500 794.330173 3.130878 3.399017 16.485661
 83700.000000 -845405.625000 793.542804 3.461449 3.402647 16.334542
 83720.000000 -845222.500000 796.744491 3.346245 3.490004 16.178672
 83740.000000 -843922.375000 796.491096 3.608472 3.604269 16.375551
 83760.000000 -843772.187500 793.544936 3.337103 3.782021 16.298989
 83780.000000 -843377.875000 791.143802 3.394762 3.410923 16.476654
 83800.000000 -844373.375000 793.438169 3.588258 3.466958 16.319428
 83820.000000 -842627.937500 796.300301 3.361020 3.321727 16.082214
 83840.000000 -843346.187500 797.631500 3.233016 3.140344 16.100348
 83860.000000 -845026.750000 794.683470 3.379360 3.369416 16.739761
 83880.000000 -844322.625000 793.637643 3.211818 3.557180 16.543752
 83900.000000 -842604.750000 795.928682 3.519517 3.519006 16.706944
 83920.000000 -845658.000000 796.601436 3.455829 3.538820 16.610282
 83940.000000 -844300.500000 792.914342 3.401129 3.496131 16.584158
 83960.000000 -844588.687500 794.244161 3.361980 3.386114 16.595459
 83980.000000 -843493.375000 795.038627 3.476315 3.231815 16.397410
 84000.000000 -844193.625000 793.609284 3.490666 3.380747 16.544884
 84020.000000 -844957.375000 793.989912 3.525982 3.447518 16.143544
 84040.000000 -843916.937500 794.992169 3.545891 3.387701 16.649722
 84060.000000 -844254.000000 792.667879 3.495287 3.458111 16.357790
 84080.000000 -845791.625000 792.017745 3.393939 3.435547 16.254418
 84100.000000 -843506.562500 794.647896 3.609063 3.115731 16.597596
 84120.000000 -845762.375000 792.417501 3.670212 3.184349 16.438021
 84140.000000 -845317.062500 793.589281 3.432940 3.492154 16.521489
 84160.000000 -845266.500000 797.190874 3.371046 3.411062 16.500503
 84180.000000 -845549.750000 794.566450 3.250965 3.349472 16.494978
 84200.000000 -842245.437500 795.595759 3.177207 3.567283 16.590422
 84220.000000 -844660.875000 794.733416 3.342316 3.432637 16.717047
 84240.000000 -843811.687500 795.434385 3.536639 3.421449 16.631298
 84260.000000 -842519.062500 796.781803 3.449679 3.359507 16.679148
 84280.000000 -843731.437500 792.575226 3.327660 3.379269 16.480767
 84300.000000 -844473.062500 796.157074 3.638841 3.557102 16.564578
 84320.000000 -844921.062500 794.742049 3.080941 3.473283 16.323081
 84340.000000 -845154.937500 794.185706 3.503458 3.407693 16.294993
 84360.000000 -844125.937500 793.950457 3.467191 3.404756 16.470890
 84380.000000 -845272.437500 792.792926 3.487380 3.403700 16.547592
 84400.000000 -845096.000000 794.127036 3.242970 3.518417 16.403211
 84420.000000 -844266.750000 794.334650 3.389735 3.351418 16.372229
 84440.000000 -843687.687500 792.550031 3.108888 3.235262 16.183836
 84460.000000 -842903.812500 794.606830 3.374674 3.193849 16.278600
 84480.000000 -843987.875000 794.930519 3.392915 3.410570 16.345305
 84500.000000 -846401.875000 791.982343 3.681559 3.692786 16.363865
 84520.000000 -845443.000000 794.108103 3.355877 3.719803 16.589668
 84540.000000 -847169.562500 794.587290 3.267885 3.663119 16.665067
 84560.000000 -844552.187500 794.812562 3.067156 3.451386 16.770700
 84580.000000 -844847.375000 794.551276 3.212088 3.525867 16.581196
 84600.000000 -844733.687500 795.332484 3.250421 3.432858 16.751060
 84620.000000 -844711.375000 795.044130 3.419712 3.470250 16.749066
 84640.000000 -843883.750000 794.717478 3.466667 3.484045 16.712401
 84660.000000 -844206.000000 795.441810 3.532884 3.338564 16.672760
 84680.000000 -844118.562500 794.861352 3.734381 3.251116 16.514389
 84700.000000 -844464.500000 793.927854 3.395802 3.441147 16.288565
 84720.000000 -844741.187500 793.420259 3.490427 3.546205 16.513476
 84740.000000 -843305.937500 793.342030 3.613642 3.241813 16.529558
 84760.000000 -844597.437500 794.750585 3.401455 3.662367 16.852374
 84780.000000 -846053.375000 794.927103 3.601012 3.496445 16.472618
 84800.000000 -844520.687500 795.958733 3.484095 3.533090 16.222732
 84820.000000 -843510.562500 794.887531 3.459974 3.277679 16.680638
 84840.000000 -844587.687500 793.828984 3.452648 3.390144 16.580847
 84860.000000 -845333.500000 794.379444 3.776875 3.587467 16.521833
 84880.000000 -843749.375000 792.512711 3.713533 3.837990 16.314760
 84900.000000 -845971.187500 795.878509 3.443648 3.524795 16.366409
 84920.000000 -843837.437500 795.433280 3.280230 3.559623 16.248415
 84940.000000 -847954.500000 790.785258 3.491937 3.472926 16.024053
 84960.000000 -841992.500000 795.689262 3.359068 3.540156 16.264217
 84980.000000 -844311.312500 791.954577 3.717649 3.496198 16.250356
 85000.000000 -843696.500000 792.992470 3.339102 3.578981 16.497379
 85020.000000 -846149.250000 793.200799 3.594434 3.411902 16.144564
 85040.000000 -846023.562500 793.244606 3.400142 3.332556 16.455014
 85060.000000 -844736.937500 793.854936 3.616590 3.382706 16.387479
 85080.000000 -843269.500000 796.725983 3.348898 3.638416 16.759974
 85100.000000 -843422.125000 797.554289 3.364056 3.620235 16.645710
 85120.000000 -843926.312500 795.594107 3.121773 3.632754 16.387155
 85140.000000 -844384.812500 795.816795 3.099612 3.439387 16.532651
 85160.000000 -845035.312500 793.784782 3.271440 3.142999 16.626696
 85180.000000 -843489.000000 792.484933 3.236492 3.237566 16.431843
 85200.000000 -845086.875000 794.619138 3.215265 3.279213 16.461610
 85220.000000 -843900.625000 794.603449 3.265616 3.288644 16.511642
 85240.000000 -845369.625000 793.458743 3.410369 3.228703 16.645696
 85260.000000 -845720.250000 793.331539 3.483132 3.448792 16.258073
 85280.000000 -845920.312500 791.427222 3.361361 3.038466 16.304406
 85300.000000 -843543.812500 795.250526 3.174323 3.235064 16.307716
 85320.000000 -845219.875000 793.356995 3.438906 3.341831 16.603787
 85340.000000 -843700.687500 795.822390 3.360622 3.542794 16.583523
 85360.000000 -845260.750000 794.615232 3.158151 3.298488 16.653955
 85380.000000 -843443.750000 795.631266 3.152239 3.674765 16.692046
 85400.000000 -845210.250000 794.123375 3.340310 3.692535 16.640459
 85420.000000 -844522.125000 793.515779 3.481247 3.406948 16.608851
 85440.000000 -844278.875000 794.827915 3.653527 3.569919 16.647588
 85460.000000 -843387.625000 794.019020 3.308542 3.589383 16.542683
 85480.000000 -843791.875000 793.846303 3.413766 3.685705 16.493225
 85500.000000 -844850.937500 794.146910 3.281579 3.664792 16.671467
 85520.000000 -844560.187500 795.445246 3.396232 3.640832 16.710008
 85540.000000 -846070.375000 792.972154 3.251426 3.634953 16.480677
 85560.000000 -845199.937500 793.419603 3.387569 3.635832 16.645139
 85580.000000 -844860.062500 792.747827 3.601338 3.313047 16.641734
 85600.000000 -845975.875000 794.138811 3.311933 3.489087 16.475977
 85620.000000 -844750.500000 795.153046 3.395460 3.482123 16.338613
 85640.000000 -843793.437500 796.535585 3.606256 3.418709 16.350186
 85660.000000 -846003.000000 793.706031 3.638239 3.514399 16.364933
 85680.000000 -844792.062500 795.650421 3.620050 3.537901 16.501454
 85700.000000 -843162.500000 794.216184 3.621718 3.278833 16.513245
 85720.000000 -845236.125000 795.192531 3.557325 3.143739 16.015313
 85740.000000 -846323.875000 794.446932 3.511798 3.345137 16.350311
 85760.000000 -842039.750000 795.645430 3.419918 3.348672 16.517975
 85780.000000 -846083.125000 794.597021 3.394986 3.708571 16.634924
 85800.000000 -844544.062500 795.284865 3.345081 3.392095 16.147199
 85820.000000 -846865.000000 792.324408 3.232967 3.606654 16.291341
 85840.000000 -846060.875000 794.015848 3.416878 3.448675 16.600470
 85860.000000 -845688.875000 792.055536 3.234750 3.453791 16.482226
 85880.000000 -846485.000000 794.396294 3.317152 3.579698 16.813833
 85900.000000 -843808.812500 795.938339 3.365022 3.257219 16.636031
 85920.000000 -844472.500000 794.862109 3.345041 3.549850 16.356097
 85940.000000 -843364.437500 794.360780 3.513057 3.454405 16.363950
 85960.000000 -846203.750000 792.672939 3.505248 3.351405 16.301182
 85980.000000 -844994.000000 795.981948 3.502177 3.188214 16.222839
 86000.000000 -842851.312500 796.451847 3.575264 3.193531 16.497315
 86020.000000 -843223.625000 792.859504 3.406956 3.087082 16.398050
 86040.000000 -844934.750000 793.535822 3.252975 3.204049 16.629533
 86060.000000 -845465.562500 792.645696 3.591267 3.308382 16.508322
 86080.000000 -845562.312500 792.505341 3.311042 3.701186 16.356813
 86100.000000 -845138.687500 793.544874 3.362986 3.177976 16.629955
 86120.000000 -844704.250000 793.535787 3.306727 3.192241 16.459604
 86140.000000 -845177.937500 795.075426 3.320462 3.228629 16.413554
 86160.000000 -845170.562500 793.472953 3.473503 3.345403 16.337358
 86180.000000 -844058.125000 792.550337 3.449946 3.234836 16.582390
 86200.000000 -844185.062500 794.762709 3.582665 3.359883 16.628568
 86220.000000 -845608.875000 793.373024 3.503635 3.308696 16.493331
 86240.000000 -843606.500000 794.469214 3.464755 3.505272 16.584810
 86260.000000 -845217.687500 794.437494 3.079827 3.328920 16.465144
 86280.000000 -843638.937500 795.087347 3.129372 3.367559 16.570997
 86300.000000 -845994.187500 794.159307 3.242086 3.438779 16.529649
 86320.000000 -845059.875000 791.952926 3.466587 3.566238 16.634413
 86340.000000 -844721.375000 793.421332 3.433418 3.654153 16.845669
 86360.000000 -844570.500000 793.317638 3.350990 3.411820 16.528086
 86380.000000 -844445.812500 794.665659 3.170297 3.601024 16.664027
 86400.000000 -845726.000000 793.051019 3.160771 3.719472 16.639581
 86420.000000 -843624.250000 795.682514 3.323587 3.489132 16.619729
 86440.000000 -843737.375000 794.271716 3.110816 3.421871 16.437695
 86460.000000 -843745.187500 795.433704 3.442784 3.717149 16.550200
 86480.000000 -842713.250000 793.862042 3.467891 3.362643 16.601341
 86500.000000 -844353.000000 794.455595 3.199495 3.446208 16.375128
 86520.000000 -844181.562500 794.791740 3.627284 3.338689 16.410166
 86540.000000 -843322.875000 797.723117 3.537864 3.422508 16.378541
 86560.000000 -843772.687500 796.159022 3.308167 3.309925 16.495986
 86580.000000 -843022.187500 795.610009 3.483486 3.392753 16.554328
 86600.000000 -844806.375000 795.153638 3.576609 3.166578 16.141067
 86620.000000 -843483.375000 794.351876 3.557072 3.273345 16.285965
 86640.000000 -842995.312500 794.457142 3.646966 3.444351 16.455268
 86660.000000 -843194.125000 797.176243 3.879052 3.364272 16.672830
 86680.000000 -844174.000000 794.508977 3.334275 3.480788 16.581440
 86700.000000 -845087.750000 792.391777 3.076995 3.383262 16.292597
 86720.000000 -843886.875000 796.319676 3.204761 3.635475 16.241723
 86740.000000 -843558.750000 796.924113 3.513760 3.553674 16.316500
 86760.000000 -844497.937500 794.335421 3.520238 3.391577 16.690193
 86780.000000 -844790.625000 793.893776 3.272827 3.497140 16.771119
 86800.000000 -846202.687500 792.710214 3.216516 3.415738 16.663596
 86820.000000 -843618.875000 792.826765 3.297523 3.291521 16.588337
 86840.000000 -845601.750000 791.845501 3.225471 3.125413 16.567619
 86860.000000 -843301.375000 795.749777 3.328710 3.430545 16.744657
 86880.000000 -843175.937500 793.271994 3.447199 3.335662 16.636562
 86900.000000 -844600.937500 795.702359 3.730070 3.083629 16.351103
 86920.000000 -845503.375000 792.518777 3.421456 3.635841 16.456033
 86940.000000 -844264.937500 793.579555 3.350915 3.278708 16.594096
 86960.000000 -844807.750000 794.675714 3.430261 3.389757 16.607929
 86980.000000 -842549.875000 794.624912 3.241548 3.580549 16.595336
 87000.000000 -841998.250000 792.894424 3.473381 3.512351 16.328836
 87020.000000 -843636.187500 794.365801 3.508890 3.171662 16.561605
 87040.000000 -844856.312500 792.739419 3.438871 3.173873 16.467567
 87060.000000 -843922.687500 793.892241 3.428087 3.629783 16.368308
 87080.000000 -842429.812500 796.642860 3.536266 3.553045 16.366672
 87100.000000 -843677.937500 797.524813 3.570935 3.667256 16.189559
 87120.000000 -842845.687500 794.012709 3.701299 3.698327 16.241854
 87140.000000 -845362.750000 795.623675 3.554895 3.669710 16.159840
 87160.000000 -844978.687500 794.353559 3.372473 3.480474 16.552201
 87180.000000 -844621.437500 794.801720 3.462657 3.002652 16.751632
 87200.000000 -843678.437500 797.414731 3.420371 2.772885 16.623429
 87220.000000 -844960.437500 793.253324 3.193838 3.124877 16.853155
 87240.000000 -842676.750000 795.685062 3.342239 3.330134 16.820029
 87260.000000 -843444.312500 794.965534 3.239536 3.423019 16.543000
 87280.000000 -840242.250000 797.089169 3.299648 3.517256 16.041207
 87300.000000 -845757.562500 792.897614 3.239379 3.608588 16.147523
 87320.000000 -844343.812500 793.485459 3.381703 3.537109 16.255638
 87340.000000 -845378.125000 794.702335 3.327308 3.357768 16.336620
 87360.000000 -845926.875000 793.651200 3.521333 3.468397 16.603422
 87380.000000 -844963.500000 795.116169 3.269706 3.320440 16.698407
 87400.000000 -844954.375000 796.504451 3.360045 3.169150 16.696892
 87420.000000 -844643.187500 795.350839 3.389251 3.481635 16.632904
 87440.000000 -844415.375000 793.257767 3.522420 3.605039 16.817426
 87460.000000 -845778.625000 793.098867 3.431431 3.409014 16.895642
 87480.000000 -844451.750000 794.763577 3.416439 3.149222 16.641084
 87500.000000 -844691.437500 795.169121 3.386389 3.320580 16.572432
 87520.000000 -843313.062500 796.358830 3.316621 3.481121 16.623829
 87540.000000 -844817.250000 795.342631 3.502839 3.543959 16.129077
 87560.000000 -844176.687500 794.775251 3.495437 3.512727 16.391243
 87580.000000 -845656.312500 791.804593 3.320332 3.375029 16.401936
 87600.000000 -843654.312500 793.913086 3.283822 3.223245 16.418484
 87620.000000 -845837.812500 796.567380 3.610243 3.512362 16.530200
 87640.000000 -847371.375000 791.564173 3.240647 3.624996 16.784018
 87660.000000 -845384.312500 791.722734 3.372706 3.502779 16.521514
 87680.000000 -843188.250000 795.753745 3.568707 3.264069 16.815073
 87700.000000 -844975.937500 793.297421 3.548285 3.483650 16.685422
 87720.000000 -843214.562500 795.298179 3.379660 3.488655 16.500313
 87740.000000 -844628.312500 793.858256 3.336152 3.442448 16.590207
 87760.000000 -845076.375000 793.154946 3.378575 3.362446 16.375605
 87780.000000 -843209.875000 795.143821 3.225341 3.435971 16.264623
 87800.000000 -845073.000000 792.906740 2.915965 3.446410 16.491292
 87820.000000 -843528.375000 793.760279 3.237483 3.255347 16.254255
 87840.000000 -844211.250000 796.367094 3.432636 3.396305 16.637150
 87860.000000 -844582.875000 794.203273 3.456358 3.405184 16.408679
 87880.000000 -844008.750000 794.875111 3.713450 3.337272 16.509263
 87900.000000 -844081.125000 795.951512 3.669747 3.445360 16.433069
 87920.000000 -845080.875000 795.134926 3.369481 3.385792 16.291592
 87940.000000 -844252.625000 795.983101 3.483507 3.182405 16.397365
 87960.000000 -844982.250000 794.875394 3.419841 3.476504 16.224554
 87980.000000 -844773.687500 795.423165 3.429361 3.578935 16.212535
 88000.000000 -845183.625000 793.300482 3.405180 3.287088 16.477517
 88020.000000 -845795.875000 794.162991 3.423775 3.273797 16.290697
 88040.000000 -846089.625000 794.401493 3.236425 3.474730 16.200385
 88060.000000 -843390.500000 796.155076 3.123163 3.501847 16.442347
 88080.000000 -845352.375000 795.312379 3.187503 3.197177 16.599531
 88100.000000 -844087.375000 793.617227 3.325800 3.377885 16.533234
 88120.000000 -843915.250000 795.686606 3.283790 3.332342 16.462978
 88140.000000 -843043.812500 795.686164 3.552421 3.391198 16.392632
 88160.000000 -844536.437500 795.383612 3.377661 3.406567 16.418824
 88180.000000 -843108.812500 795.196375 3.546096 3.397163 16.696877
 88200.000000 -843676.750000 795.875733 3.495260 3.486967 16.550487
 88220.000000 -842780.625000 795.916488 3.483840 3.156368 16.590116
 88240.000000 -844009.000000 795.891294 3.257233 3.600306 16.650215
 88260.000000 -845150.500000 794.090504 3.319507 3.630251 16.510816
 88280.000000 -845414.062500 793.672737 3.358522 3.361696 16.613040
 88300.000000 -845552.062500 793.232221 3.578088 3.229866 16.299521
 88320.000000 -843992.000000 794.286281 3.372886 3.241937 16.301984
 88340.000000 -846132.562500 792.967459 3.224598 3.343023 16.457765
 88360.000000 -843360.750000 794.775806 3.224692 3.313615 16.534965
 88380.000000 -845392.500000 792.991664 2.982594 3.498676 16.440510
 88400.000000 -843913.187500 796.232845 3.439593 3.170379 16.535293
 88420.000000 -844208.750000 795.427831 3.385765 3.259047 16.641448
 88440.000000 -843408.062500 794.650802 3.587707 3.516618 16.476983
 88460.000000 -844594.687500 794.658751 3.586823 3.289480 16.395718
 88480.000000 -844362.625000 795.587791 3.484413 3.371775 16.590903
 88500.000000 -845458.937500 794.637175 3.537726 3.134123 16.592948
 88520.000000 -844918.125000 794.762858 3.475796 3.029390 16.394030
 88540.000000 -844735.125000 794.009139 3.666834 3.338018 16.614360
 88560.000000 -843742.187500 794.566907 3.790374 3.235831 16.503101
 88580.000000 -846179.687500 794.584519 3.587873 3.266363 16.467627
 88600.000000 -844507.000000 793.292413 3.200357 3.322486 16.403691
 88620.000000 -844496.812500 794.982024 3.367840 3.346312 16.393354
 88640.000000 -843019.562500 794.125330 3.155357 3.573027 16.158189
 88660.000000 -844199.187500 795.829817 3.295609 3.511868 16.422933
 88680.000000 -845431.687500 792.326439 3.362584 3.507974 16.494135
 88700.000000 -844573.000000 791.998853 3.332153 3.489866 16.169956
 88720.000000 -843080.937500 796.797782 3.189436 3.486439 16.184629
 88740.000000 -843773.000000 793.817327 3.132160 3.471583 16.355573
 88760.000000 -843397.500000 793.394687 3.092691 3.437492 16.687424
 88780.000000 -843531.937500 792.566505 3.148241 3.200875 16.666158
 88800.000000 -844797.687500 795.763406 3.479475 3.417100 16.544703
 88820.000000 -844099.875000 794.758018 3.422052 3.335285 16.518749
 88840.000000 -844470.562500 794.953956 3.569202 3.352048 16.424354
 88860.000000 -846212.562500 792.432628 3.666714 3.523029 16.290575
 88880.000000 -844016.375000 794.124815 3.140644 3.510980 16.366882
 88900.000000 -845388.437500 794.633379 3.312034 3.616836 16.330084
 88920.000000 -844934.812500 793.404492 3.349264 3.375337 16.432021
 88940.000000 -843150.062500 793.957217 3.373912 3.708990 16.505486
 88960.000000 -845423.187500 793.617075 3.660093 3.438861 16.280717
 88980.000000 -845573.437500 794.878616 3.656655 3.568747 16.560723
 89000.000000 -844822.812500 793.749685 3.641515 3.344429 16.685134
 89020.000000 -843391.437500 792.047752 3.295196 3.530095 16.733718
 89040.000000 -845928.875000 792.671177 3.425547 3.349501 16.544318
 89060.000000 -846201.687500 792.443164 3.229470 3.424000 16.632080
 89080.000000 -843695.500000 793.592572 3.209209 3.300856 16.630787
 89100.000000 -844174.000000 793.799788 3.142117 3.468648 16.552040
 89120.000000 -844553.562500 794.003420 3.276776 3.700501 16.363484
 89140.000000 -843883.750000 793.641263 3.317077 3.448283 16.539570
 89160.000000 -846743.437500 794.376214 3.193563 3.332300 16.312630
 89180.000000 -844018.812500 793.010659 3.377256 3.346191 16.412584
 89200.000000 -846512.437500 793.897925 3.444785 3.124650 16.485042
 89220.000000 -845559.000000 791.914896 3.806408 3.319451 16.406612
 89240.000000 -843043.937500 798.411036 3.734450 3.402470 16.668307
 89260.000000 -844322.000000 794.589599 3.385201 3.457236 16.669970
 89280.000000 -843227.562500 796.178814 3.382562 3.289941 16.614283
 89300.000000 -845438.562500 794.811691 3.263854 3.514305 16.586328
 89320.000000 -845245.875000 793.023226 3.195734 3.494239 16.710956
 89340.000000 -845851.875000 794.167363 3.494575 3.364208 16.845713
 89360.000000 -843910.937500 797.230418 3.480643 3.614649 16.604946
 89380.000000 -844825.562500 793.382871 3.562161 3.297859 16.606075
 89400.000000 -843664.500000 795.821792 3.449451 3.443084 16.427176
 89420.000000 -843883.937500 794.120137 3.673915 3.346478 16.350489
 89440.000000 -842799.437500 795.178810 3.393897 3.427936 16.584634
 89460.000000 -844944.812500 794.692811 3.360972 3.581598 16.599575
 89480.000000 -841727.500000 796.976716 3.335792 3.447736 16.660033
 89500.000000 -843564.687500 793.824431 3.165425 3.497620 16.558568
 89520.000000 -842991.187500 796.338506 3.351619 3.389074 16.486046
 89540.000000 -843520.250000 796.437274 3.486345 3.734018 16.403696
 89560.000000 -843335.625000 797.286864 3.683492 3.497815 16.651154
 89580.000000 -843642.875000 797.167276 3.467819 3.094698 16.579864
 89600.000000 -842407.687500 796.190944 3.679073 3.124810 16.637632
 89620.000000 -844999.125000 795.807776 3.698088 3.149783 16.467958
 89640.000000 -845790.625000 792.227251 3.610202 3.142822 16.579235
 89660.000000 -843832.500000 792.561595 3.434493 3.074749 16.489178
 89680.000000 -845327.687500 792.823526 3.430994 3.020589 16.547379
 89700.000000 -845482.875000 794.410402 3.393708 3.381406 16.281649
 89720.000000 -844657.500000 796.291042 3.262077 3.447728 16.303134
 89740.000000 -843212.062500 796.616491 3.668502 3.387487 16.478641
 89760.000000 -842905.125000 795.343321 3.653304 3.328965 16.215613
 89780.000000 -844500.187500 794.998697 3.510139 3.406091 16.380852
 89800.000000 -843487.375000 794.745351 3.530644 3.341352 16.372941
 89820.000000 -845953.625000 793.015819 3.508821 3.407400 16.494844
 89840.000000 -844234.875000 795.986619 3.328762 3.170008 16.583836
 89860.000000 -845286.750000 792.440180 3.157662 3.298138 16.424613
 89880.000000 -846131.187500 794.044228 3.466328 3.143462 16.339809
 89900.000000 -843793.562500 794.542705 3.292086 3.506497 16.355327
 89920.000000 -844159.625000 794.096236 3.343050 3.581213 16.411471
 89940.000000 -844123.375000 794.428807 3.640303 3.223089 16.545405
 89960.000000 -843929.687500 796.497120 3.397509 3.394548 16.571591
 89980.000000 -844245.687500 795.074518 3.694424 3.355122 16.680072
 90000.000000 -844192.875000 795.813826 3.296637 3.400345 16.320003
 90020.000000 -845966.750000 792.966848 3.502202 3.303046 16.198924
 90040.000000 -844694.312500 794.953640 3.310226 3.315159 16.084088
 90060.000000 -843560.750000 796.132441 3.207072 3.273728 16.095674
 90080.000000 -844810.500000 793.748827 3.273190 3.276742 16.481209
 90100.000000 -844290.750000 794.786273 3.325083 3.284537 16.412261
 90120.000000 -846033.062500 793.204063 3.388111 3.216657 16.353838
 90140.000000 -844401.375000 792.906892 3.456903 3.286372 16.267210
 90160.000000 -844253.312500 794.789963 3.616755 3.373574 16.404872
 90180.000000 -843458.125000 794.997414 3.442371 3.165426 16.533315
 90200.000000 -844268.750000 798.203884 3.546337 3.068693 16.551582
 90220.000000 -843542.062500 795.519345 3.881494 2.905847 16.610785
 90240.000000 -844473.812500 792.546245 3.585840 3.190327 16.463031
 90260.000000 -843673.875000 795.383498 3.378019 3.018802 16.635665
 90280.000000 -844590.062500 794.101290 3.289672 3.379365 16.357635
 90300.000000 -844505.875000 796.592534 3.459310 3.297264 16.270820
 90320.000000 -842251.562500 795.660653 3.382312 3.401602 16.498955
 90340.000000 -843862.812500 796.507304 3.763480 3.369802 16.700735
 90360.000000 -844065.687500 796.196370 3.404569 3.601438 16.916524
 90380.000000 -844398.250000 791.916178 3.508985 3.551539 16.805968
 90400.000000 -843850.187500 791.547017 3.353775 3.646390 16.753999
 90420.000000 -843996.125000 797.148427 3.256198 3.446785 16.698082
 90440.000000 -844134.062500 796.662405 3.394019 3.343222 16.431731
 90460.000000 -843604.687500 796.821232 3.413624 3.446802 16.199276
 90480.000000 -846009.375000 793.351131 3.444342 3.127700 16.319022
 90500.000000 -845742.062500 791.745150 3.274885 3.381449 16.367416
 90520.000000 -845960.000000 793.693034 3.470583 3.140701 16.402061
 90540.000000 -844141.187500 794.574066 3.583775 3.456773 16.493587
 90560.000000 -844516.625000 793.477010 3.290784 3.462846 16.413973
 90580.000000 -843749.375000 793.932990 3.142584 3.268301 16.502067
 90600.000000 -846081.312500 794.438334 3.292828 3.500400 16.424121
 90620.000000 -844315.312500 794.101601 3.364913 3.549302 16.546574
 90640.000000 -844820.250000 795.174560 3.767302 3.390315 16.781484
 90660.000000 -845053.625000 794.052146 3.652040 3.652710 16.606839
 90680.000000 -844078.062500 794.043286 3.645461 3.473122 16.556908
 90700.000000 -844432.250000 794.764408 3.537407 3.551404 16.552298
 90720.000000 -845258.187500 795.002984 3.520457 3.294493 16.484286
 90740.000000 -844895.625000 794.372687 3.208420 3.382003 16.398425
 90760.000000 -845496.937500 792.376411 3.349117 3.574774 16.648566
 90780.000000 -844398.437500 793.725150 3.367854 3.228023 16.567437
 90800.000000 -843899.000000 794.607280 3.328156 3.359663 16.568174
 90820.000000 -845229.187500 793.245814 3.471648 3.312757 16.579488
 90840.000000 -844747.437500 795.713335 3.382117 3.248385 16.770830
 90860.000000 -845498.812500 791.886822 3.312779 3.289132 16.925358
 90880.000000 -844606.875000 792.979469 3.424981 3.464213 16.570363
 90900.000000 -841101.875000 796.172579 3.673773 3.493057 16.353505
 90920.000000 -844141.000000 794.538675 3.247449 3.405506 16.521394
 90940.000000 -843997.625000 794.498116 3.202571 3.572626 16.637490
 90960.000000 -843375.937500 794.548366 3.274587 3.495612 16.520145
 90980.000000 -843896.250000 795.966213 3.568498 3.247483 16.253870
 91000.000000 -845752.812500 794.622528 3.791060 3.197270 16.697468
 91020.000000 -844891.437500 794.682240 3.828749 3.180611 16.579500
 91040.000000 -846246.812500 795.446436 3.475240 3.511994 16.264969
 91060.000000 -843770.500000 795.714877 3.465623 3.577320 16.530582
 91080.000000 -844028.187500 792.828399 3.439209 3.602298 16.522243
 91100.000000 -843979.875000 796.696885 3.484663 3.624631 16.586018
 91120.000000 -845640.187500 794.179048 3.283179 3.356777 16.461707
 91140.000000 -846182.437500 793.315254 3.552993 3.255106 16.471767
 91160.000000 -846889.625000 795.679450 3.572786 3.399346 16.481109
 91180.000000 -846249.750000 795.425877 3.288567 3.343301 16.348010
 91200.000000 -845323.000000 794.578938 3.318036 3.260290 16.576498
 91220.000000 -846839.875000 791.825808 3.203566 3.246542 16.790489
 91240.000000 -844876.062500 791.775422 3.417846 3.393328 16.703322
 91260.000000 -845194.875000 792.249209 3.253945 3.359629 16.590829
 91280.000000 -844705.562500 794.498589 3.340779 3.631656 16.339077
 91300.000000 -845274.562500 796.050034 3.398636 3.652712 16.448812
 91320.000000 -844793.875000 794.606228 3.193339 3.721804 16.638130
 91340.000000 -843937.812500 796.438649 3.399431 3.513013 16.715130
 91360.000000 -843578.250000 795.003203 3.119019 3.423720 16.474642
 91380.000000 -844911.937500 794.442021 3.383697 3.347586 16.564518
 91400.000000 -843948.187500 794.343446 3.183263 3.442618 16.507616
 91420.000000 -844068.062500 793.386788 2.975102 3.360323 16.431940
 91440.000000 -845337.250000 792.887873 3.251319 3.586261 16.617171
 91460.000000 -843230.875000 795.105283 3.322452 3.601946 16.376247
 91480.000000 -844941.250000 793.037693 3.337329 3.821707 16.203599
 91500.000000 -844383.187500 794.078743 3.459627 3.452053 16.588305
 91520.000000 -846053.375000 792.443919 3.384033 3.387909 16.625224
 91540.000000 -844358.375000 791.510390 3.432785 3.575920 16.533590
 91560.000000 -844472.937500 794.131686 3.394940 3.661922 16.634112
 91580.000000 -845078.437500 796.114872 3.332146 3.857485 16.443949
 91600.000000 -844791.250000 792.841566 3.297645 3.394369 16.661907
 91620.000000 -844294.750000 796.489525 3.177929 3.419031 16.702981
 91640.000000 -845662.000000 793.431671 3.259728 3.397226 16.637239
 91660.000000 -845066.562500 795.924143 3.247759 3.599599 16.696107
 91680.000000 -847254.812500 795.224445 3.087242 3.400143 16.672711
 91700.000000 -842748.125000 797.281055 3.178094 3.453742 16.473339
 91720.000000 -844985.687500 793.667477 3.217196 3.372515 16.431132
 91740.000000 -844186.750000 793.991827 3.641525 3.256217 16.449872
 91760.000000 -845546.750000 791.918056 3.470153 3.213172 16.606874
 91780.000000 -843317.312500 796.412740 3.302023 3.252413 16.555907
 91800.000000 -844057.000000 791.157214 3.365212 3.239960 16.380504
 91820.000000 -845777.562500 794.681050 3.346428 3.567053 16.431373
 91840.000000 -845848.437500 795.906352 3.422469 3.420199 16.520109
 91860.000000 -845254.687500 791.838544 3.393299 3.631899 16.717534
 91880.000000 -844448.250000 794.404706 3.146026 3.604395 16.606987
 91900.000000 -844599.312500 796.071216 3.306850 3.448255 16.262369
 91920.000000 -843793.375000 793.853068 3.341876 3.546552 16.230472
 91940.000000 -845533.062500 793.307826 3.575081 3.262994 16.287245
 91960.000000 -843675.812500 794.664977 3.691442 3.263709 16.472416
 91980.000000 -846396.625000 795.315101 3.571691 3.503356 16.239999
 92000.000000 -844343.500000 793.202126 3.435105 3.406004 16.541800
 92020.000000 -844496.187500 795.147216 3.774446 3.283341 16.560689
 92040.000000 -844650.500000 795.508093 3.481016 3.420125 16.495528
 92060.000000 -843910.500000 792.148674 3.487620 3.475580 16.567902
 92080.000000 -843743.062500 796.771700 3.359263 3.588935 16.579866
 92100.000000 -844210.687500 795.387245 3.023282 3.401960 16.437088
 92120.000000 -845665.875000 794.668899 3.144890 3.465424 16.372643
 92140.000000 -844702.000000 795.235686 3.274435 3.252969 16.320866
 92160.000000 -844046.500000 795.382607 3.590680 3.432211 16.407985
 92180.000000 -843461.500000 796.458980 3.725190 3.400011 16.537162
 92200.000000 -845820.875000 793.620590 3.728948 3.295795 16.591087
 92220.000000 -845190.625000 791.112101 3.553815 3.361194 16.636039
 92240.000000 -842474.687500 793.615112 3.782947 3.392175 16.297028
 92260.000000 -845005.187500 794.547152 3.778307 3.345131 16.485039
 92280.000000 -843792.375000 793.584586 3.527600 3.331138 16.453636
 92300.000000 -844130.062500 796.824402 3.246166 3.495622 16.484472
 92320.000000 -846623.250000 791.704223 3.331876 3.696961 16.384266
 92340.000000 -844678.687500 795.738092 3.512088 3.701523 16.479203
 92360.000000 -845890.875000 793.531643 3.421084 3.764853 16.573515
 92380.000000 -844406.750000 793.479316 3.715417 3.318790 16.383633
 92400.000000 -845736.937500 792.918380 3.398942 3.202070 16.407678
 92420.000000 -843180.687500 794.208377 3.268287 3.345436 16.615711
 92440.000000 -842781.750000 794.804784 3.329735 3.478962 16.466459
 92460.000000 -844838.000000 792.504223 3.218783 3.446039 16.665250
 92480.000000 -844521.687500 795.772935 3.291367 3.467264 16.416694
 92500.000000 -844430.000000 795.324786 3.470342 3.545204 16.573841
 92520.000000 -844711.125000 795.430880 3.636953 3.354236 16.563199
 92540.000000 -844634.187500 795.061782 3.381647 3.349104 16.541822
 92560.000000 -842674.000000 795.926234 3.369051 3.467090 16.564528
 92580.000000 -843584.062500 793.377184 3.334313 3.290547 16.813481
 92600.000000 -845290.562500 791.768847 2.911560 3.185240 16.482934
 92620.000000 -843746.437500 795.436093 2.902261 3.011396 16.685677
 92640.000000 -843978.687500 795.109558 3.274712 3.063499 16.562264
 92660.000000 -844784.625000 794.366443 3.246719 3.317141 16.660618
 92680.000000 -845520.625000 795.225306 3.140651 3.240119 16.441741
 92700.000000 -848229.187500 793.243689 3.487854 3.476735 16.573282
 92720.000000 -843678.000000 794.813539 3.414816 3.293680 16.432469
 92740.000000 -844248.375000 792.725303 3.525877 3.211284 16.450204
 92760.000000 -842861.125000 798.232684 3.551298 3.403621 16.594140
 92780.000000 -842697.375000 796.997612 3.577204 3.337838 16.567126
 92800.000000 -845861.000000 794.654662 3.472364 3.415744 16.475107
 92820.000000 -844880.062500 795.653702 3.110609 3.279696 16.690921
 92840.000000 -844358.312500 795.498760 3.248867 3.229529 16.663109
 92860.000000 -843829.750000 793.868822 3.455872 3.372099 16.461602
 92880.000000 -844385.375000 794.768545 3.568186 3.407165 16.500922
 92900.000000 -845422.500000 792.395137 3.351179 3.466264 16.776877
 92920.000000 -844721.750000 795.436049 3.488288 3.557942 16.678072
 92940.000000 -845435.937500 792.181680 3.839110 3.528571 16.475951
 92960.000000 -845338.875000 794.465307 3.441695 3.507081 16.400857
 92980.000000 -845473.875000 793.765240 3.756505 3.659982 16.596864
 93000.000000 -843096.812500 793.794239 3.587378 3.402442 16.643833
 93020.000000 -845145.312500 795.329275 3.465944 3.370745 16.633204
 93040.000000 -845596.375000 794.217698 3.575220 3.649976 16.319804
 93060.000000 -846068.687500 793.803003 3.345421 3.331061 16.262744
 93080.000000 -845489.375000 793.683101 3.456909 3.678903 16.474983
 93100.000000 -844007.500000 795.238045 3.646489 3.667662 16.665972
 93120.000000 -844229.625000 795.536652 3.648978 3.462699 16.580369
 93140.000000 -843378.812500 794.710708 3.640156 3.457502 16.289996
 93160.000000 -842755.437500 796.057817 3.595452 3.259554 16.327237
 93180.000000 -845419.750000 794.224951 3.508536 3.316481 16.417820
 93200.000000 -843537.687500 795.111724 3.356715 3.193390 16.299524
 93220.000000 -844720.625000 794.170941 3.547638 3.347568 16.646238
 93240.000000 -842972.812500 794.320857 3.756339 3.274941 16.766609
 93260.000000 -843858.812500 795.948162 3.591839 3.409924 16.763471
 93280.000000 -844033.562500 794.480330 3.456967 3.286515 16.490902
 93300.000000 -845729.687500 794.293811 3.456316 3.112738 16.700634
 93320.000000 -842973.062500 794.132247 3.333907 2.911899 16.657060
 93340.000000 -845450.812500 793.233104 3.325158 3.150605 16.221449
 93360.000000 -844905.625000 793.916285 3.226556 3.628006 16.223264
 93380.000000 -844898.562500 795.241239 3.380425 3.575050 16.271761
 93400.000000 -845701.312500 795.030047 3.495507 3.195787 16.373666
 93420.000000 -845633.625000 793.387245 3.441551 3.209471 15.922775
 93440.000000 -845230.250000 794.687867 3.162240 3.385631 15.879093
 93460.000000 -844947.000000 796.654292 3.332359 3.625033 16.319231
 93480.000000 -844246.812500 794.776635 3.193344 3.443577 16.606887
 93500.000000 -843111.375000 796.273899 3.423401 3.107283 16.610319
 93520.000000 -845989.812500 792.495473 3.418834 3.162030 16.444511
 93540.000000 -845041.687500 792.830846 3.379365 3.636715 16.507698
 93560.000000 -844819.312500 794.441397 3.271681 3.468624 16.495085
 93580.000000 -843687.062500 794.356143 3.353891 3.391147 16.502005
 93600.000000 -846134.875000 791.896514 3.526519 3.513639 16.714401
 93620.000000 -844567.062500 794.470719 3.651354 3.390251 16.646471
 93640.000000 -844853.437500 792.767453 3.116725 3.432520 16.632786
 93660.000000 -844794.062500 792.461050 3.331735 3.351734 16.274300
 93680.000000 -843626.312500 793.447466 3.334946 3.576887 16.530109
 93700.000000 -844805.437500 793.697421 3.412765 3.380849 16.429571
 93720.000000 -844175.625000 794.554691 3.448335 3.494069 16.671526
 93740.000000 -842722.125000 794.285310 3.252300 3.585735 16.662128
 93760.000000 -845164.812500 796.240237 3.287233 3.581548 16.631330
 93780.000000 -845052.125000 793.796443 3.370778 3.697726 16.439776
 93800.000000 -843877.812500 793.724475 3.129087 3.547993 16.571183
 93820.000000 -844362.625000 793.934604 3.290610 3.468982 16.549546
 93840.000000 -845490.937500 795.965242 3.103027 3.559047 16.467020
 93860.000000 -845130.375000 794.026976 3.361650 3.359825 16.396639
 93880.000000 -843695.875000 795.774334 3.549222 3.334031 16.747256
 93900.000000 -843312.562500 795.085943 3.578327 3.635263 16.478932
 93920.000000 -842942.937500 795.991631 3.461832 3.567750 16.246356
 93940.000000 -845261.437500 794.023667 3.485171 3.293245 16.382890
 93960.000000 -845356.437500 793.035976 3.636926 3.385701 16.416611
 93980.000000 -844494.937500 790.891841 3.887694 3.392485 16.455502
 94000.000000 -844437.375000 794.588615 3.533118 3.388184 16.443427
 94020.000000 -844656.812500 794.419246 3.338180 3.247145 16.478724
 94040.000000 -843238.375000 795.076028 3.087300 3.365797 16.466175
 94060.000000 -845206.000000 794.738782 3.231485 3.513488 16.544451
 94080.000000 -844491.187500 795.411233 3.600326 3.417989 16.598594
 94100.000000 -845703.125000 793.003392 3.479490 3.352034 16.554410
 94120.000000 -844095.500000 794.780984 3.513245 3.366351 16.499594
 94140.000000 -845274.562500 794.612315 3.316066 3.359001 16.244177
 94160.000000 -844619.125000 793.605712 3.162145 3.458137 16.635608
 94180.000000 -842668.562500 795.883723 3.255315 3.427289 16.657776
 94200.000000 -845254.187500 795.276639 3.569078 3.443856 16.606816
 94220.000000 -846522.000000 793.185441 3.494612 3.224280 16.538137
 94240.000000 -845067.125000 795.020680 3.347599 3.040655 16.399653
 94260.000000 -844455.500000 794.875915 3.353085 3.164972 16.299797
 94280.000000 -845226.750000 793.515060 3.325737 3.446142 16.687827
 94300.000000 -846169.750000 792.275744 3.344099 3.387703 16.588352
 94320.000000 -843679.250000 795.157215 3.577210 3.558957 16.351699
 94340.000000 -844052.687500 794.769862 3.440597 3.564938 16.421519
 94360.000000 -846082.125000 796.236850 3.110291 3.534833 16.504388
 94380.000000 -844796.875000 795.328866 3.125190 3.417783 16.435830
 94400.000000 -843496.125000 792.813672 3.119560 3.503096 16.171078
 94420.000000 -847339.250000 792.010546 3.320181 3.445594 15.912694
 94440.000000 -843600.062500 797.753401 3.551216 3.517248 16.403966
 94460.000000 -843631.062500 797.047023 3.476960 3.648733 16.724012
 94480.000000 -844191.375000 795.249352 3.431381 3.479127 16.514239
 94500.000000 -844386.312500 794.898531 3.281773 3.269713 16.331048
 94520.000000 -843444.000000 795.587371 3.445537 3.343048 16.435660
 94540.000000 -843941.187500 796.049223 3.523335 3.194933 16.614700
 94560.000000 -842979.437500 795.992941 3.631755 3.305193 16.514328
 94580.000000 -843694.500000 794.221781 3.573120 3.570625 16.562991
 94600.000000 -843745.625000 794.773592 3.267634 3.261356 16.270815
 94620.000000 -843568.750000 796.942084 3.290158 3.444538 16.361682
 94640.000000 -841996.062500 794.365656 2.962666 3.412469 16.742608
 94660.000000 -844469.750000 796.076699 3.354496 3.544729 16.648703
 94680.000000 -843768.562500 795.439040 3.371299 3.419217 16.486157
 94700.000000 -844976.125000 795.890748 3.289642 3.699970 16.354881
 94720.000000 -844527.750000 795.951859 3.257120 3.648914 16.278070
 94740.000000 -844396.625000 795.173443 3.353767 3.498778 16.602188
 94760.000000 -844151.937500 790.874549 3.363544 3.672984 16.462466
 94780.000000 -845950.875000 794.095063 3.462435 3.565004 16.674313
 94800.000000 -844265.062500 796.573474 3.230791 3.374113 16.667947
 94820.000000 -845072.000000 794.479307 3.291363 3.468396 16.456975
 94840.000000 -842813.250000 794.209383 3.322222 3.594265 16.523612
 94860.000000 -843645.375000 795.286406 3.447322 3.639774 16.372636
 94880.000000 -844636.375000 795.332126 3.541160 3.564471 16.455506
 94900.000000 -843917.875000 793.390880 3.384286 3.426360 16.714631
 94920.000000 -845817.625000 793.839788 3.560018 3.378585 16.441055
 94940.000000 -845853.062500 794.073386 3.258221 3.471383 16.564866
 94960.000000 -844171.437500 793.845979 3.450633 3.300527 16.617612
 94980.000000 -844773.562500 796.012875 3.233108 3.284242 16.635456
 95000.000000 -844742.687500 794.168709 3.290344 3.037492 16.597190
 95020.000000 -844948.625000 795.897807 3.280453 3.379415 16.701933
 95040.000000 -843753.687500 795.658721 3.229573 3.258177 16.707690
 95060.000000 -844348.062500 794.744188 3.364819 3.374659 16.499930
 95080.000000 -844127.750000 793.512930 3.466573 3.530485 16.270569
 95100.000000 -842625.312500 796.760271 3.464456 3.486549 16.290537
 95120.000000 -845782.562500 795.349072 3.506275 3.442178 16.365360
 95140.000000 -843060.937500 794.255049 3.438591 3.242562 16.293232
 95160.000000 -845390.500000 793.645509 2.998194 3.234377 16.373118
 95180.000000 -844552.000000 796.635186 3.281948 3.441134 16.246405
 95200.000000 -844786.562500 792.804281 3.530435 3.420039 16.419552
 95220.000000 -844817.750000 794.358565 3.414167 3.313671 16.514884
 95240.000000 -842992.062500 793.990512 3.306796 3.461547 16.617291
 95260.000000 -844760.812500 792.402624 3.189344 3.632394 16.418860
 95280.000000 -843464.500000 793.964146 3.465112 3.358268 16.627343
 95300.000000 -845697.187500 791.729345 3.858405 3.198444 16.607520
 95320.000000 -843103.000000 795.504876 3.401215 3.509291 16.561976
 95340.000000 -846247.625000 793.379280 3.564410 3.284716 16.466499
 95360.000000 -843931.437500 794.139102 3.531778 3.234579 16.513108
 95380.000000 -844225.812500 795.436424 3.582700 3.433469 16.519508
 95400.000000 -844955.125000 795.301554 3.529646 3.385044 16.407831
 95420.000000 -846354.000000 795.031293 3.582888 3.377025 16.500153
 95440.000000 -844999.625000 794.406549 3.117610 3.426241 16.632373
 95460.000000 -843452.562500 796.302918 3.394400 3.359680 16.712706
 95480.000000 -844101.937500 792.018540 3.285147 3.402063 16.448970
 95500.000000 -844446.875000 796.631431 3.312198 3.446702 16.388310
 95520.000000 -845225.375000 792.222856 3.544686 3.368088 16.489960
 95540.000000 -842849.937500 796.905561 3.360370 3.310005 16.482792
 95560.000000 -843949.500000 793.161440 3.457983 3.153982 16.236398
 95580.000000 -844046.312500 794.434856 3.768059 3.446765 16.509106
 95600.000000 -843046.187500 795.397366 3.691374 3.795967 16.662148
 95620.000000 -844358.937500 792.529267 3.626049 3.680854 16.563176
 95640.000000 -844519.312500 794.611549 3.713348 3.423352 16.640004
 95660.000000 -842830.250000 793.217453 3.708902 3.249568 16.445116
 95680.000000 -843790.812500 793.550695 3.516610 3.096460 16.462915
 95700.000000 -845084.437500 795.608812 3.420027 3.338837 16.350227
 95720.000000 -843335.000000 793.974599 3.429037 3.545613 16.655738
 95740.000000 -841929.125000 795.576408 3.358053 3.441689 16.303481
 95760.000000 -846322.250000 794.812579 3.130495 3.429056 16.538808
 95780.000000 -841730.312500 797.719062 2.997192 3.435581 16.469695
 95800.000000 -844122.625000 791.939571 3.143100 3.325617 16.355849
 95820.000000 -843586.812500 792.907422 3.260427 3.287580 16.456977
 95840.000000 -844324.812500 793.166850 3.587536 3.356328 16.397023
 95860.000000 -845206.687500 794.377384 3.409524 3.460160 16.665365
 95880.000000 -845650.187500 794.078692 3.634192 3.574169 16.644541
 95900.000000 -845033.812500 796.158248 3.559703 3.436181 16.754440
 95920.000000 -846161.875000 795.070078 3.569840 3.356509 16.524515
 95940.000000 -846241.750000 793.182217 3.398373 3.196911 16.341821
 95960.000000 -845554.312500 791.377030 3.264353 3.183677 16.257327
 95980.000000 -844176.062500 796.520143 3.397922 3.441651 16.488608
 96000.000000 -846431.375000 793.670990 3.558663 3.381152 16.808429
 96020.000000 -844905.062500 792.554137 3.483786 3.304476 16.591410
 96040.000000 -845203.250000 793.659995 3.489746 3.396586 16.797772
 96060.000000 -844079.250000 793.095580 3.295980 3.385281 16.684138
 96080.000000 -840997.312500 800.409658 3.809929 4.047310 6.314883
 96100.000000 -841439.312500 796.957897 4.022682 4.256337 7.650257
 96120.000000 -843859.625000 800.616239 3.919854 4.384476 9.831328
 96140.000000 -844079.250000 798.975103 3.921712 4.284915 10.531480
 96160.000000 -843979.687500 797.247063 3.893717 4.195635 11.035596
 96180.000000 -844766.250000 795.913467 3.457724 3.804128 12.652127
 96200.000000 -844207.562500 794.062320 3.416117 3.472268 14.915960
 96220.000000 -847056.500000 793.700068 3.242635 3.555034 15.906367
 96240.000000 -844425.375000 793.277396 3.497055 3.392807 16.341276
 96260.000000 -845954.687500 793.896456 2.990357 3.845226 16.528297
 96280.000000 -846521.937500 792.665385 3.300269 3.555676 16.731001
 96300.000000 -844453.312500 795.334688 3.290414 3.436675 16.632371
 96320.000000 -844032.312500 792.836958 3.437933 3.364036 16.708735
 96340.000000 -843247.062500 794.299468 3.647456 3.174408 16.417376
 96360.000000 -844790.000000 795.829659 3.456532 3.083663 16.515585
 96380.000000 -843987.125000 795.481052 3.376079 3.197399 16.669641
 96400.000000 -845543.812500 793.385484 3.486077 3.225257 16.598133
 96420.000000 -844645.062500 792.975281 3.328634 3.426731 16.534557
 96440.000000 -845783.375000 792.281467 3.288175 3.468317 16.561525
 96460.000000 -846557.875000 794.110591 3.231178 3.453154 16.490315
 96480.000000 -845273.312500 792.901196 3.222249 3.546874 16.488051
 96500.000000 -845641.062500 793.686315 3.279008 3.431781 16.615194
 96520.000000 -845503.875000 795.123368 3.425310 3.577505 16.406809
 96540.000000 -843165.187500 793.269591 3.705739 3.470222 16.533655
 96560.000000 -845720.250000 794.881931 3.600180 3.572401 16.722972
 96580.000000 -844167.437500 794.149516 3.490884 3.543888 16.534165
 96600.000000 -844344.375000 794.834708 3.437338 3.698696 16.388090
 96620.000000 -843911.562500 794.632076 3.550363 3.570109 16.602567
 96640.000000 -843902.250000 796.062931 3.431894 3.194344 16.577855
 96660.000000 -845630.875000 794.570355 3.179279 3.105709 16.288320
 96680.000000 -845899.875000 793.460436 3.289435 3.411274 16.410329
 96700.000000 -844506.062500 795.472601 3.512835 3.616379 16.448690
 96720.000000 -843080.875000 796.709003 3.504514 3.548369 16.497582
 96740.000000 -845725.562500 794.374174 3.234840 3.654125 16.490169
 96760.000000 -844293.937500 795.243057 3.531991 3.362498 16.443035
 96780.000000 -843363.375000 796.850588 3.184368 3.202011 16.512798
 96800.000000 -845928.437500 795.389266 3.386823 3.215716 16.463428
 96820.000000 -845826.625000 794.560480 3.209064 3.336245 16.344945
 96840.000000 -845388.687500 795.406163 3.295181 3.419097 16.487695
 96860.000000 -843860.000000 796.294870 3.276315 3.364016 16.517909
 96880.000000 -844601.000000 792.863197 3.377104 3.203777 16.522791
 96900.000000 -843854.437500 792.218497 3.534497 3.385268 16.218986
 96920.000000 -844539.187500 793.795828 3.508907 3.170974 16.262555
 96940.000000 -844984.750000 796.160761 3.117372 3.103218 16.254962
 96960.000000 -845997.562500 793.736821 3.274936 3.199204 16.637145
 96980.000000 -844003.562500 795.283083 3.539263 3.204898 16.460891
 97000.000000 -844166.312500 793.854095 3.353000 3.115834 16.437435
 97020.000000 -843632.875000 794.199156 3.174767 3.199660 16.431355
 97040.000000 -845100.875000 791.531037 3.295865 3.241625 16.268249
 97060.000000 -844011.625000 795.238881 3.448780 3.559479 16.592421
 97080.000000 -844263.812500 793.858208 3.295963 3.415153 16.450332
 97100.000000 -846029.375000 795.333636 3.546317 3.120530 16.589050
 97120.000000 -845177.125000 793.919982 3.471820 3.329668 16.866268
 97140.000000 -845322.250000 794.603735 3.574956 3.235937 16.582707
 97160.000000 -845929.562500 792.756447 3.175240 3.454633 16.693330
 97180.000000 -843299.062500 794.391409 3.369832 3.476268 16.498157
 97200.000000 -846595.125000 794.679299 3.327126 3.135861 16.524144
 97220.000000 -844326.500000 793.848794 3.419911 3.312312 16.348223
 97240.000000 -842682.625000 793.187782 3.348657 3.255175 16.365430
 97260.000000 -844913.812500 795.575090 3.260341 3.362286 16.719714
 97280.000000 -844772.125000 793.875908 3.295361 3.428091 16.702857
 97300.000000 -845843.687500 792.888776 3.359266 3.387634 16.489345
 97320.000000 -844988.000000 791.901232 3.354611 3.530869 16.555961
 97340.000000 -846070.812500 795.326471 3.785695 3.655255 16.558065
 97360.000000 -844958.562500 792.869512 3.684777 3.465046 16.504479
 97380.000000 -845709.437500 795.767002 3.533789 3.441928 16.492745
 97400.000000 -846950.687500 793.497417 3.540220 3.619688 16.445200
 97420.000000 -846035.312500 792.772574 3.328620 3.428672 16.230353
 97440.000000 -844919.250000 793.337826 3.360933 3.055851 16.401991
 97460.000000 -842855.375000 794.707004 3.001369 3.692907 16.577268
 97480.000000 -844160.187500 796.122102 3.500129 3.720954 16.436149
 97500.000000 -844698.500000 795.884576 3.437225 3.485341 16.421599
 97520.000000 -844450.625000 796.640392 3.106050 3.515681 16.416755
 97540.000000 -843050.875000 795.774321 3.234109 3.381979 16.398967
 97560.000000 -844514.812500 792.413252 3.712354 3.423420 16.541315
 97580.000000 -844746.937500 796.962345 3.568868 3.347533 16.371026
 97600.000000 -843469.250000 795.594961 3.159119 3.463586 16.381618
 97620.000000 -842990.250000 794.239266 3.254595 3.649278 16.479671
 97640.000000 -844340.000000 794.453696 3.279736 3.725090 16.727038
 97660.000000 -844219.437500 795.355809 3.481566 3.495439 16.848891
 97680.000000 -842842.562500 799.871309 3.758441 3.621993 6.519148
 97700.000000 -841464.000000 799.539188 4.068794 3.852969 9.734121
 97720.000000 -842935.125000 798.578623 3.772193 3.411206 13.552879
 97740.000000 -846826.312500 795.667885 3.286492 3.639657 15.461537
 97760.000000 -846133.750000 793.245398 3.168579 3.330534 16.092186
 97780.000000 -844134.937500 795.217388 3.183350 3.376763 16.269302
 97800.000000 -844152.187500 796.920492 3.279568 3.391909 16.305533
 97820.000000 -844309.812500 794.181821 3.271604 3.304567 16.555810
 97840.000000 -844120.812500 791.970504 3.609641 3.498323 16.644853
 97860.000000 -844843.187500 793.668515 3.580272 3.409521 16.667743
 97880.000000 -844710.937500 793.523855 3.553514 3.312590 16.589178
 97900.000000 -846768.625000 793.041450 3.686094 3.377945 16.381369
 97920.000000 -845138.625000 794.162478 3.339564 3.725199 16.309926
 97940.000000 -844712.500000 796.184777 3.445574 3.556326 16.395989
 97960.000000 -844831.125000 793.004478 3.377209 3.378051 16.434344
 97980.000000 -845366.937500 794.205233 3.403611 3.398022 16.207507
 98000.000000 -845356.562500 793.513907 3.392181 3.382953 16.406506
 98020.000000 -845564.875000 794.134725 3.710989 3.085504 16.405067
 98040.000000 -844112.812500 796.827977 3.244511 3.350127 16.604653
 98060.000000 -846345.750000 791.348197 3.601486 3.444764 16.461615
 98080.000000 -845495.187500 792.649445 3.487793 3.407005 16.534091
 98100.000000 -845210.125000 795.410651 3.117084 3.443205 16.396103
 98120.000000 -844835.312500 792.524623 3.179187 3.233613 16.474534
 98140.000000 -843620.125000 794.314793 3.266249 3.345282 16.306785
 98160.000000 -844334.000000 795.409254 3.491298 3.193760 16.300691
 98180.000000 -844437.687500 795.522340 3.342069 3.364238 16.465885
 98200.000000 -845261.125000 794.607241 3.392878 3.327933 16.379394
 98220.000000 -845261.625000 794.108237 3.097590 3.509730 16.423745
 98240.000000 -845957.250000 793.695668 3.315275 3.150776 16.447053
 98260.000000 -844861.375000 792.721850 3.362283 3.229963 16.651287
 98280.000000 -845083.625000 792.101860 3.289025 3.419334 16.363234
 98300.000000 -844837.125000 792.740239 3.410062 3.440837 16.347245
 98320.000000 -844062.187500 795.994365 3.523604 3.423259 16.517001
 98340.000000 -845149.125000 793.805986 3.352818 3.633359 16.716920
 98360.000000 -844718.625000 791.997457 3.289559 3.575647 16.735535
 98380.000000 -845258.125000 793.456177 3.443785 3.511719 16.414046
 98400.000000 -844818.812500 793.009323 3.391339 3.450529 16.621815
 98420.000000 -845823.375000 795.307100 3.576729 3.393730 16.746676
 98440.000000 -844445.937500 793.692759 3.258095 3.197000 16.777994
 98460.000000 -843023.187500 793.256467 3.315393 3.289917 16.674787
 98480.000000 -844338.437500 795.232669 3.475163 3.557201 16.406113
 98500.000000 -846244.750000 793.557395 3.332582 3.443698 16.387059
 98520.000000 -844525.625000 793.627669 3.325998 3.225255 16.338751
 98540.000000 -847225.437500 793.745991 3.349349 3.433842 16.563523
 98560.000000 -844767.375000 794.131668 3.383677 3.483824 16.687991
 98580.000000 -845534.437500 792.806932 3.531664 3.526455 16.435054
 98600.000000 -846817.500000 792.752526 3.405111 3.723919 16.507535
 98620.000000 -847062.937500 793.582158 3.440066 3.650520 16.418828
 98640.000000 -845228.312500 793.678348 3.406640 3.706144 16.463170
 98660.000000 -843974.937500 793.178184 3.251146 3.328745 16.493093
 98680.000000 -845990.875000 791.041014 3.190966 3.313319 16.324161
 98700.000000 -846062.062500 790.891315 3.545072 3.478845 16.477229
 98720.000000 -845547.625000 792.145836 3.570032 3.352993 16.520681
 98740.000000 -844197.437500 792.043558 3.154494 3.589216 16.361215
 98760.000000 -845617.000000 793.869319 3.499322 3.496710 16.238411
 98780.000000 -846466.437500 792.584561 3.457083 3.522517 16.250049
 98800.000000 -844896.750000 793.611543 3.349106 3.326752 16.092983
 98820.000000 -844891.812500 792.593894 3.379461 3.299760 16.269748
 98840.000000 -845374.875000 792.555907 3.332010 3.203186 16.527562
 98860.000000 -846995.562500 792.192411 3.392094 3.227332 16.603803
 98880.000000 -846656.937500 792.167145 3.254980 3.575495 16.801160
 98900.000000 -844845.687500 796.046407 3.173672 3.455936 16.474266
 98920.000000 -844003.250000 793.812613 2.983629 3.488500 16.407492
 98940.000000 -844356.875000 793.113391 3.378602 3.393317 16.442874
 98960.000000 -844708.750000 794.747532 3.307771 3.185197 16.669451
 98980.000000 -844882.187500 794.335591 3.477500 3.211076 16.527668
 99000.000000 -846096.937500 793.986934 3.562072 3.433003 16.530348
 99020.000000 -845100.500000 791.481154 3.614085 3.580189 16.702204
 99040.000000 -845405.625000 794.597635 3.587918 3.604175 16.462093
 99060.000000 -845207.062500 795.680815 3.397553 3.508124 16.279967
 99080.000000 -843730.562500 794.022582 3.265833 3.290733 16.339248
 99100.000000 -844378.125000 794.635114 3.363672 3.588965 16.459415
 99120.000000 -846234.187500 791.090009 3.345857 3.462694 16.267429
 99140.000000 -845535.312500 794.753079 3.561249 3.454161 16.261111
 99160.000000 -845280.875000 792.905045 3.767823 3.539363 16.386326
 99180.000000 -844680.375000 795.080815 3.350381 3.359940 16.182508
 99200.000000 -844774.125000 794.341570 3.366254 3.230177 16.206680
 99220.000000 -844926.125000 793.950655 3.662765 3.294879 16.186702
 99240.000000 -844308.000000 795.641127 3.605746 3.163386 16.133901
 99260.000000 -844273.250000 793.045602 3.673988 3.097051 16.246441
 99280.000000 -844726.125000 794.506745 3.210296 3.409469 16.321036
 99300.000000 -845395.250000 793.175554 3.231672 3.565583 16.352466
 99320.000000 -845384.937500 795.644729 3.391034 3.561229 16.147222
 99340.000000 -845498.375000 795.859307 3.667698 3.368017 16.386863
 99360.000000 -846213.875000 794.025637 3.498921 3.502622 16.450305
 99380.000000 -845665.875000 795.106673 3.414935 3.603271 16.379771
 99400.000000 -843465.437500 791.608012 3.156754 3.273365 16.577031
 99420.000000 -846713.062500 794.423625 3.321271 3.411322 16.366120
 99440.000000 -845694.375000 793.217133 3.323485 3.411898 16.184650
 99460.000000 -845458.687500 793.722015 3.273763 3.533264 16.500866
 99480.000000 -845500.562500 791.909308 3.221447 3.581786 16.392306
 99500.000000 -844555.562500 792.108653 3.541809 3.727205 16.666935
 99520.000000 -844108.562500 795.430217 3.508760 3.474918 16.562832
 99540.000000 -845051.687500 796.489170 3.339924 3.320791 16.767775
 99560.000000 -842986.562500 795.870570 3.443984 3.317786 16.679275
 99580.000000 -844795.062500 796.340110 3.509823 3.268477 16.762575
 99600.000000 -843795.375000 793.284434 3.224795 3.301199 16.634401
 99620.000000 -845514.125000 791.178222 3.402449 3.572625 16.458375
 99640.000000 -845318.500000 792.736899 3.533217 3.240509 16.338828
 99660.000000 -844384.937500 796.513213 3.612762 3.709233 16.396818
 99680.000000 -843555.125000 794.593206 3.264669 3.490501 16.521158
 99700.000000 -843656.812500 795.620219 3.443213 3.320000 16.531408
 99720.000000 -845510.125000 793.935021 3.320109 3.176550 16.651314
 99740.000000 -846705.562500 792.456535 3.181085 2.989250 16.750886
 99760.000000 -845958.437500 791.590360 3.409355 3.096637 16.606923
 99780.000000 -843313.250000 794.940061 3.397831 3.243126 16.498575
 99800.000000 -845019.375000 791.479003 3.520618 3.425871 16.382249
 99820.000000 -844846.000000 793.912945 3.574736 3.397394 16.461985
 99840.000000 -844916.125000 795.053517 3.721920 3.389644 16.552800
 99860.000000 -844229.562500 794.572224 3.728618 3.394535 16.597983
 99880.000000 -843982.875000 794.876530 3.508633 3.494297 16.376877
 99900.000000 -845475.375000 792.974994 3.415918 3.410242 16.243809
 99920.000000 -845211.000000 791.435038 3.389742 3.060432 16.090362
 99940.000000 -843533.250000 793.155595 3.370866 3.261087 16.079023
 99960.000000 -845731.687500 795.306064 3.601297 3.602786 16.266198
 99980.000000 -844034.625000 795.166008 3.161537 3.306484 16.321807
 100000.000000 -845285.750000 792.808215 3.364971 3.291461 16.452395
