#! FIELDS time G vol p.x p.y p.z
 0.000000 -852127.000000 804.341675 3.410362 3.402286 16.513654
 20.000000 -862145.250000 795.669878 3.169166 3.534625 16.360640
 40.000000 -856234.500000 801.927180 3.321195 3.237522 16.413657
 60.000000 -855464.125000 803.192865 3.268174 3.352629 16.612035
 80.000000 -855074.562500 802.682411 3.158087 3.710650 16.430946
 100.000000 -852161.812500 803.629766 2.998753 3.620193 16.534932
 120.000000 -853234.187500 804.346420 3.351017 3.412134 16.594491
 140.000000 -852812.125000 805.841243 3.339230 3.401413 16.237498
 160.000000 -852246.125000 803.486142 3.136293 3.528440 16.424488
 180.000000 -854125.437500 805.219236 3.044731 3.408184 16.246326
 200.000000 -851993.375000 806.452677 3.171874 3.197423 16.295445
 220.000000 -853501.437500 805.355415 3.329291 3.550731 16.684078
 240.000000 -854137.625000 802.349674 3.411854 3.456316 16.540095
 260.000000 -853951.062500 805.121054 3.275318 3.564770 16.424570
 280.000000 -852537.312500 803.763920 3.296120 3.784080 16.435706
 300.000000 -854221.625000 802.609803 3.548263 3.357707 16.284568
 320.000000 -853103.437500 804.622589 3.398478 3.508203 16.618138
 340.000000 -852108.187500 804.459557 3.137072 3.439287 16.707208
 360.000000 -852411.625000 805.056743 3.476983 3.488859 16.755954
 380.000000 -853620.500000 803.948938 3.538539 3.347939 16.647125
 400.000000 -853325.562500 803.969746 3.075349 3.313141 16.534136
 420.000000 -853639.875000 802.203259 3.362101 3.473289 16.681924
 440.000000 -854676.750000 803.405771 3.219138 3.619923 16.445791
 460.000000 -852632.000000 805.549934 3.400175 3.402911 16.664108
 480.000000 -853167.250000 803.471668 3.475121 3.224572 16.535592
 500.000000 -854202.250000 802.839997 3.553076 3.490470 16.540681
 520.000000 -854385.687500 801.792354 3.205865 3.650370 16.452176
 540.000000 -851457.250000 805.396016 3.266370 3.607089 16.385221
 560.000000 -853343.125000 802.059285 3.500421 3.745984 16.410212
 580.000000 -853536.437500 805.070911 3.500407 3.654962 16.391516
 600.000000 -854222.750000 803.661943 3.607561 3.565043 16.288548
 620.000000 -853670.562500 806.157331 3.454600 3.225383 16.636156
 640.000000 -854082.062500 804.561927 3.475392 3.396539 16.775244
 660.000000 -852592.687500 803.325407 3.337544 3.498743 16.567311
 680.000000 -854048.000000 804.108119 3.325447 3.336151 16.515445
 700.000000 -853722.062500 805.533126 3.362378 3.366911 16.446545
 720.000000 -854663.250000 805.304943 3.616753 3.584720 16.363675
 740.000000 -854318.750000 802.993240 3.543113 3.330285 16.587327
 760.000000 -852629.000000 802.425286 3.615180 3.215836 16.452284
 780.000000 -853197.312500 803.928558 3.582429 3.263140 16.752994
 800.000000 -852641.312500 803.564692 3.401055 3.358642 16.428421
 820.000000 -853490.687500 805.653126 3.224703 3.306713 16.658704
 840.000000 -851452.687500 806.453844 3.319660 3.446298 16.554033
 860.000000 -852479.625000 803.731011 3.398538 3.458418 16.287720
 880.000000 -852364.125000 805.388315 3.495882 3.089318 16.374214
 900.000000 -853825.375000 804.606938 3.427621 3.285515 16.262003
 920.000000 -851192.562500 808.372532 3.482385 3.446048 16.302352
 940.000000 -853286.812500 802.548698 3.462096 3.333367 16.104148
 960.000000 -854182.562500 806.102658 3.445866 3.473568 16.459328
 980.000000 -853766.937500 801.746377 3.488624 3.443312 16.272573
 1000.000000 -854393.437500 804.438417 3.554426 3.507715 16.496349
 1020.000000 -854725.625000 804.365641 3.601884 3.561075 16.338112
 1040.000000 -850505.562500 804.408842 3.744541 3.172358 16.377973
 1060.000000 -853933.625000 802.923101 3.378530 3.319634 16.266779
 1080.000000 -853997.500000 802.628637 3.324774 3.344528 16.542764
 1100.000000 -854209.437500 805.592034 3.230829 3.307787 16.376507
 1120.000000 -852608.812500 805.360788 3.360465 3.171999 16.601851
 1140.000000 -855550.000000 801.332570 3.085785 3.125199 16.686101
 1160.000000 -853395.187500 805.065280 3.098309 3.339660 16.302220
 1180.000000 -854659.750000 806.119698 3.140312 3.523111 16.277000
 1200.000000 -853604.750000 805.790446 3.387902 3.537317 16.358721
 1220.000000 -852520.625000 808.275059 3.291297 3.490966 16.396870
 1240.000000 -851549.500000 805.422674 3.260022 3.333029 16.555484
 1260.000000 -853572.812500 802.427815 3.248310 3.500578 16.528809
 1280.000000 -853956.312500 804.182358 3.323894 3.484206 16.540526
 1300.000000 -853692.062500 803.801730 3.456820 3.400693 16.333775
 1320.000000 -852091.625000 804.515854 3.476107 3.192383 16.494308
 1340.000000 -853685.375000 804.911637 3.401335 3.017706 16.611143
 1360.000000 -853809.062500 801.951149 3.206917 3.314551 16.427668
 1380.000000 -853684.000000 803.438403 3.308238 3.218363 16.357967
 1400.000000 -853696.375000 803.102868 3.286322 3.509555 16.315675
 1420.000000 -854707.000000 802.991500 3.488689 3.525279 16.408854
 1440.000000 -852230.687500 804.175282 3.247844 3.331322 16.418669
 1460.000000 -852178.875000 803.671717 3.352067 3.657243 16.592856
 1480.000000 -852041.062500 805.549097 3.364201 3.521027 16.413891
 1500.000000 -852633.687500 801.904779 3.506349 3.545693 16.344010
 1520.000000 -853046.437500 802.842311 3.517070 3.790427 16.263330
 1540.000000 -854610.312500 802.649642 3.332883 3.461105 16.410329
 1560.000000 -853823.937500 805.723245 3.270344 3.246062 16.610243
 1580.000000 -853283.625000 803.815561 3.302560 3.345571 16.649913
 1600.000000 -853970.125000 801.444854 3.272851 3.089251 16.370319
 1620.000000 -852914.875000 805.959488 3.173556 3.274305 16.346873
 1640.000000 -853965.125000 804.229378 3.285920 3.481750 16.443291
 1660.000000 -852920.812500 804.784053 3.506930 3.507152 16.517886
 1680.000000 -851741.312500 804.671821 3.536199 3.318204 16.331194
 1700.000000 -852727.562500 804.666633 3.602876 3.487631 16.569759
 1720.000000 -852561.000000 803.660058 3.589800 3.276662 16.451239
 1740.000000 -853381.312500 800.955237 3.354090 3.485255 16.391619
 1760.000000 -852096.125000 803.377017 3.138747 3.175046 16.534436
 1780.000000 -855680.937500 803.728437 3.243226 3.420724 16.384572
 1800.000000 -853698.750000 802.321080 3.572659 3.383368 16.302880
 1820.000000 -853141.687500 806.810169 3.646840 3.482660 16.159398
 1840.000000 -853568.437500 803.402283 3.454031 3.161711 16.307679
 1860.000000 -851945.625000 805.243941 3.316444 3.395155 16.402042
 1880.000000 -855459.625000 803.604439 3.390623 3.330538 16.590129
 1900.000000 -852335.500000 805.793829 3.427123 3.310312 16.381273
 1920.000000 -852809.625000 804.372408 3.329873 3.385243 16.474660
 1940.000000 -854055.062500 805.129913 3.312896 3.542052 16.551297
 1960.000000 -854129.687500 803.830120 3.160672 3.282987 16.139038
 1980.000000 -852433.187500 806.687144 3.356791 3.343976 16.497842
 2000.000000 -853805.000000 800.953467 3.420867 3.340388 16.482230
 2020.000000 -852125.250000 804.650570 3.081192 3.260179 16.304753
 2040.000000 -855806.062500 802.050181 3.180350 3.347552 16.245747
 2060.000000 -852155.187500 803.862259 3.102972 3.327900 16.197091
 2080.000000 -853507.687500 805.797243 3.553440 3.510826 16.365066
 2100.000000 -854135.187500 802.167633 3.418255 3.432115 16.261093
 2120.000000 -854625.000000 802.738069 3.444810 3.051728 16.503662
 2140.000000 -853638.937500 802.508355 3.466255 3.313900 16.545176
 2160.000000 -854422.500000 802.193012 3.333870 3.539312 16.293441
 2180.000000 -853603.187500 803.913116 3.186919 3.475262 16.401314
 2200.000000 -854303.312500 804.557600 3.202599 3.506971 16.466388
 2220.000000 -853747.750000 803.864509 3.336247 3.237272 16.554311
 2240.000000 -854641.500000 806.837194 3.323709 3.610260 16.852011
 2260.000000 -853313.000000 806.781332 3.392253 3.427868 16.574523
 2280.000000 -854772.375000 803.522731 3.512450 3.327694 16.467862
 2300.000000 -853148.125000 803.450125 3.445405 3.445189 16.603282
 2320.000000 -853739.437500 802.924219 3.396771 3.615838 16.427142
 2340.000000 -854137.937500 803.277404 3.639913 3.343580 16.553513
 2360.000000 -853434.437500 805.727625 3.464031 3.271352 16.345664
 2380.000000 -853111.000000 805.376189 3.567043 3.280783 16.691035
 2400.000000 -853652.500000 806.337004 3.220216 3.350777 16.268870
 2420.000000 -852928.937500 804.489113 3.500325 3.472193 16.257004
 2440.000000 -856516.187500 803.637029 3.465836 3.271367 16.556094
 2460.000000 -854187.375000 804.578627 3.062138 3.537481 16.468548
 2480.000000 -853491.437500 803.320410 3.351921 3.397617 16.510665
 2500.000000 -852469.437500 804.818720 3.656232 3.383659 16.350684
 2520.000000 -855038.500000 804.902621 3.724429 3.292978 16.661592
 2540.000000 -853763.687500 804.322079 3.770286 3.242770 16.473860
 2560.000000 -854020.062500 803.791303 3.846642 3.075707 16.271113
 2580.000000 -853828.375000 803.134990 3.595941 3.585012 16.385207
 2600.000000 -852452.250000 805.384864 3.281034 3.300308 16.440600
 2620.000000 -853438.375000 800.560387 3.022581 3.215231 16.168289
 2640.000000 -852304.937500 806.483969 3.481653 3.212203 16.288116
 2660.000000 -851560.562500 803.949375 3.263560 3.184030 16.247869
 2680.000000 -853172.375000 804.783239 3.238395 2.983405 16.568376
 2700.000000 -853339.000000 805.224920 3.382918 2.948711 16.491698
 2720.000000 -853705.625000 804.634798 3.114351 3.535670 16.375318
 2740.000000 -854605.937500 803.681865 3.197380 3.324081 16.383277
 2760.000000 -854140.125000 804.361098 3.417683 3.250286 16.494012
 2780.000000 -853422.375000 802.521316 3.479029 3.266013 16.285439
 2800.000000 -854332.187500 804.989123 3.444806 3.426101 16.547236
 2820.000000 -855308.312500 801.671836 3.470915 3.422889 16.461004
 2840.000000 -853988.062500 804.492941 3.134193 3.627140 16.354833
 2860.000000 -853922.687500 804.694347 3.298263 3.668710 16.235731
 2880.000000 -853025.250000 803.715964 3.472872 3.712290 16.084174
 2900.000000 -853044.125000 802.619170 3.638762 3.353169 16.435747
 2920.000000 -853804.875000 803.293625 3.577318 3.274936 16.410045
 2940.000000 -853045.875000 804.360221 3.478242 3.462318 16.254055
 2960.000000 -852126.812500 805.318041 3.416173 3.615217 16.366274
 2980.000000 -852656.062500 804.052307 3.122827 3.329536 16.090436
 3000.000000 -853111.187500 802.476842 3.415816 3.364130 16.490558
 3020.000000 -853076.312500 806.650305 3.289193 3.439380 16.429363
 3040.000000 -855638.000000 803.297565 3.292050 3.475903 16.730961
 3060.000000 -851977.750000 805.907257 2.979939 3.192998 16.199750
 3080.000000 -852707.187500 805.440156 3.128544 3.342185 16.503676
 3100.000000 -852758.187500 803.577652 3.424716 3.123814 16.665877
 3120.000000 -853201.062500 804.164408 3.511581 3.418924 16.770204
 3140.000000 -852620.437500 806.199315 3.386808 3.677910 16.598798
 3160.000000 -852092.375000 802.474705 3.679213 3.379324 16.316846
 3180.000000 -853592.312500 804.394020 3.497746 3.169584 16.231442
 3200.000000 -852953.250000 805.737043 3.640840 3.387473 16.457205
 3220.000000 -855701.687500 802.383726 3.729758 3.254648 16.630080
 3240.000000 -853390.562500 802.069549 3.423042 3.368053 16.334697
 3260.000000 -852794.687500 805.381383 3.457191 3.244182 16.368486
 3280.000000 -852792.000000 804.232128 3.305974 3.241594 16.498862
 3300.000000 -854354.625000 801.176252 3.344383 3.311873 16.614025
 3320.000000 -854225.250000 805.162240 3.414541 3.353322 16.758071
 3340.000000 -853952.625000 803.295115 3.366153 3.306337 16.582628
 3360.000000 -853150.750000 801.642296 3.359928 3.710816 16.703122
 3380.000000 -853311.625000 806.732079 3.465658 3.697181 16.786088
 3400.000000 -853722.312500 804.651246 3.315850 3.588154 16.662402
 3420.000000 -852723.187500 806.283650 3.333642 3.446451 16.649183
 3440.000000 -854373.125000 803.325001 3.325831 3.400878 16.610139
 3460.000000 -853789.562500 804.738785 3.382023 3.210714 16.644920
 3480.000000 -853200.562500 803.864204 3.616612 3.373234 16.557509
 3500.000000 -853521.500000 805.850715 3.412022 3.264646 16.611218
 3520.000000 -852258.250000 804.808089 3.724490 2.954843 16.523983
 3540.000000 -853914.937500 803.942817 3.397843 3.282782 16.483793
 3560.000000 -853344.750000 805.660927 3.487573 3.316271 16.663761
 3580.000000 -852742.562500 803.293907 3.583366 3.166216 16.545245
 3600.000000 -853076.875000 803.530373 3.351467 3.248045 16.356949
 3620.000000 -853371.562500 805.226071 3.138717 3.343846 16.242183
 3640.000000 -852357.437500 805.565160 3.372129 3.372051 16.156065
 3660.000000 -854389.437500 802.933299 3.426002 3.615061 16.157001
 3680.000000 -853458.250000 804.048594 3.399139 3.634594 16.180148
 3700.000000 -852632.812500 805.063048 3.540592 3.469983 16.451006
 3720.000000 -852708.687500 805.206321 3.512809 3.509963 16.524162
 3740.000000 -854997.312500 802.467037 3.264148 3.451529 16.331074
 3760.000000 -853636.625000 799.989078 3.605519 3.151282 16.528971
 3780.000000 -853900.187500 806.508184 3.683539 3.014605 16.618077
 3800.000000 -854038.812500 803.359460 3.702843 3.361531 16.520023
 3820.000000 -853504.312500 804.661833 3.521226 3.203831 16.538606
 3840.000000 -854463.562500 804.736175 3.509699 3.373586 16.651933
 3860.000000 -853257.000000 803.394080 3.572524 3.365873 16.709654
 3880.000000 -854216.687500 802.507965 3.532410 3.579592 16.750867
 3900.000000 -854041.000000 803.653526 3.193790 3.657755 16.637872
 3920.000000 -854437.750000 803.774124 3.162563 3.509451 16.494442
 3940.000000 -854169.625000 801.606998 3.318872 3.297041 16.442423
 3960.000000 -853511.687500 805.585923 3.218683 3.280650 16.259172
 3980.000000 -854960.000000 805.195746 3.353966 3.060155 16.643232
 4000.000000 -853544.250000 804.639253 3.521957 3.312225 16.413215
 4020.000000 -852213.625000 803.633377 3.625140 3.243816 16.500096
 4040.000000 -853274.875000 804.612773 3.726986 3.529785 16.214724
 4060.000000 -852381.812500 805.240353 3.638253 3.416784 16.443728
 4080.000000 -853821.312500 803.339399 3.491552 3.444761 16.675777
 4100.000000 -853476.875000 804.885188 3.271104 3.420930 16.539475
 4120.000000 -852995.250000 803.298717 3.569946 3.585138 16.607531
 4140.000000 -851620.750000 802.557839 3.569081 3.554732 16.373243
 4160.000000 -852879.500000 805.252282 3.305833 3.592625 16.318797
 4180.000000 -854173.312500 804.470547 3.417373 3.598885 16.211055
 4200.000000 -853394.125000 804.176720 3.381054 3.581296 16.834883
 4220.000000 -855144.812500 802.932802 3.474005 3.582195 16.802112
 4240.000000 -853463.500000 803.400479 3.449852 3.398260 16.760460
 4260.000000 -853377.500000 802.894060 3.461644 3.491461 16.610341
 4280.000000 -854768.750000 803.744830 3.391090 3.418732 16.713333
 4300.000000 -853546.000000 806.426125 3.098037 3.402936 16.785667
 4320.000000 -853507.187500 802.115427 3.373288 3.440000 16.433941
 4340.000000 -852687.625000 804.920393 3.225528 3.747115 16.626239
 4360.000000 -851637.687500 803.497437 3.262548 3.688360 16.594568
 4380.000000 -851266.562500 805.086370 3.455968 3.581121 16.742947
 4400.000000 -853105.937500 801.863935 3.336765 3.640830 16.477113
 4420.000000 -854300.437500 803.957434 3.399816 3.656914 16.617126
 4440.000000 -853215.062500 804.654220 3.329920 3.532512 16.398657
 4460.000000 -854972.937500 804.126305 3.379166 3.447367 16.400814
 4480.000000 -854195.875000 803.631761 3.263000 3.481483 16.332066
 4500.000000 -853704.062500 803.391748 3.447492 3.302564 16.340006
 4520.000000 -853374.937500 802.779940 3.367996 3.346046 16.462912
 4540.000000 -853367.687500 803.419860 3.378096 3.307349 16.353575
 4560.000000 -853077.062500 804.033319 3.241649 3.179664 16.479555
 4580.000000 -852681.250000 803.630218 3.332876 3.408199 16.226040
 4600.000000 -854553.812500 805.067065 3.199718 3.281272 16.397542
 4620.000000 -852084.812500 805.226892 3.159060 3.246562 16.528479
 4640.000000 -854462.062500 803.955971 3.273260 3.416553 16.386718
 4660.000000 -853691.125000 804.785936 3.599881 3.391050 16.207833
 4680.000000 -854503.937500 802.116672 3.376183 3.579835 16.231622
 4700.000000 -853418.625000 802.653757 3.366962 3.502745 16.408708
 4720.000000 -855182.125000 800.986887 3.255715 3.266095 16.560637
 4740.000000 -852803.500000 801.816430 3.408265 3.384679 16.716548
 4760.000000 -853073.562500 805.139907 3.492794 3.214897 16.452446
 4780.000000 -854699.437500 801.119420 3.647003 3.197665 16.381355
 4800.000000 -854379.312500 802.877967 3.445684 3.538552 16.495519
 4820.000000 -853944.750000 804.954089 3.549410 3.623448 16.410218
 4840.000000 -854731.625000 804.364734 3.587277 3.534004 16.610888
 4860.000000 -854545.812500 803.228978 3.551308 3.386691 16.677715
 4880.000000 -853706.062500 802.510049 3.187596 3.410552 16.727662
 4900.000000 -853867.437500 803.430071 3.338268 3.380694 16.560837
 4920.000000 -853196.250000 802.739664 3.220314 3.570919 16.518517
 4940.000000 -853621.437500 802.357019 3.345198 3.302881 16.462505
 4960.000000 -851622.312500 805.685154 3.263507 3.203988 16.432017
 4980.000000 -852754.375000 804.977554 3.457120 3.289261 16.443374
 5000.000000 -853184.750000 803.568738 3.261383 3.424011 16.492906
 5020.000000 -852417.062500 804.838488 3.311266 3.551400 16.851314
 5040.000000 -854478.437500 805.177376 3.565011 3.383664 16.731156
 5060.000000 -853021.625000 804.370213 3.466391 3.426674 16.340027
 5080.000000 -852771.875000 802.981495 3.350286 3.179261 16.565479
 5100.000000 -853645.062500 803.107640 3.494851 3.295605 16.198395
 5120.000000 -852298.937500 805.308354 3.409211 3.514896 16.236581
 5140.000000 -854540.312500 803.462788 3.464798 3.183714 16.260011
 5160.000000 -854731.750000 802.851647 3.639261 3.215408 16.325234
 5180.000000 -854528.375000 801.107109 3.536394 3.293453 16.545669
 5200.000000 -853398.375000 803.702967 3.383220 3.353874 16.393684
 5220.000000 -852664.562500 802.979762 3.535315 3.173236 16.442802
 5240.000000 -855187.437500 801.761179 3.480977 3.272175 16.500289
 5260.000000 -853377.625000 803.375608 3.554896 3.461417 16.690552
 5280.000000 -852714.875000 806.137818 3.639663 3.414454 16.736330
 5300.000000 -853204.375000 803.287944 3.649205 3.440078 16.431011
 5320.000000 -851987.812500 805.513756 3.539819 3.360805 16.454123
 5340.000000 -853261.937500 805.591862 3.343743 3.267991 16.574644
 5360.000000 -852489.812500 804.935452 3.312097 3.180743 16.807905
 5380.000000 -852577.562500 803.248067 3.139928 3.226494 16.599589
 5400.000000 -853802.125000 802.629062 3.490513 3.285608 16.625526
 5420.000000 -852591.562500 804.498387 3.074681 3.772848 16.548025
 5440.000000 -854587.187500 803.262098 3.207830 3.484418 16.328959
 5460.000000 -853198.125000 804.068325 3.487513 3.365680 16.515288
 5480.000000 -854003.312500 802.416432 3.694442 3.202721 16.887004
 5500.000000 -853398.625000 804.165111 3.514633 3.215522 16.752589
 5520.000000 -852034.062500 802.946470 3.464046 3.344707 16.741339
 5540.000000 -853091.187500 805.093033 3.516881 3.600005 16.467266
 5560.000000 -853540.437500 806.787478 3.612715 3.456277 16.642341
 5580.000000 -855293.625000 803.303519 3.449292 3.352947 16.609352
 5600.000000 -854781.937500 804.413369 3.566461 3.433474 16.614964
 5620.000000 -851643.125000 805.223723 3.490679 3.368275 16.604361
 5640.000000 -855104.250000 804.122268 3.352549 3.488739 16.479463
 5660.000000 -853797.750000 804.313914 3.501548 3.528832 16.406664
 5680.000000 -853469.562500 801.327543 3.378137 3.455268 16.608416
 5700.000000 -852575.125000 804.252736 3.574239 3.445843 16.218939
 5720.000000 -853064.312500 803.958519 3.387339 3.433618 16.375292
 5740.000000 -853383.062500 806.608906 3.478416 3.425576 16.464981
 5760.000000 -853556.750000 805.632353 3.443874 3.508584 16.412989
 5780.000000 -851151.625000 808.476232 3.521485 3.417977 16.649530
 5800.000000 -853769.375000 807.856332 3.315345 3.265315 16.751485
 5820.000000 -853922.375000 804.436981 3.471140 3.520823 16.440099
 5840.000000 -854699.625000 804.617451 3.569240 3.195467 16.339523
 5860.000000 -853693.000000 803.962643 3.510002 3.378351 16.430075
 5880.000000 -852826.500000 803.542313 3.318817 3.226357 16.550426
 5900.000000 -854157.875000 803.347129 3.268443 3.269232 16.679645
 5920.000000 -852693.062500 805.312076 3.193466 3.438109 16.650872
 5940.000000 -852555.250000 806.608096 3.217380 3.499599 16.523692
 5960.000000 -854830.375000 802.855251 3.225794 3.337450 16.450969
 5980.000000 -851893.625000 806.268334 3.056782 3.249795 16.334914
 6000.000000 -853626.812500 804.983657 3.317383 3.445402 16.629533
 6020.000000 -851499.937500 804.701041 3.474382 2.957230 16.583083
 6040.000000 -854129.000000 804.044277 3.355054 3.232574 16.460663
 6060.000000 -853697.375000 804.703818 3.429440 3.328339 16.475376
 6080.000000 -852525.312500 805.860214 3.320541 3.262597 16.440156
 6100.000000 -852669.625000 803.316140 3.423911 3.109057 16.423553
 6120.000000 -852759.187500 804.839918 3.453810 3.311961 16.191449
 6140.000000 -854516.625000 803.298899 3.552595 3.327122 16.508889
 6160.000000 -854105.687500 805.737734 3.617572 3.262165 16.607272
 6180.000000 -853846.812500 802.941346 3.504381 3.522557 16.331138
 6200.000000 -852910.812500 804.909479 3.426651 3.425300 16.384583
 6220.000000 -854631.750000 803.928491 3.868988 3.536580 16.270420
 6240.000000 -854188.750000 803.267627 3.584175 3.529150 16.642352
 6260.000000 -853618.500000 802.216595 3.506982 3.237504 16.472492
 6280.000000 -854209.187500 804.021597 3.605973 3.387824 16.569872
 6300.000000 -854798.750000 801.812006 3.077976 3.466978 16.407489
 6320.000000 -853573.625000 803.436105 3.358963 3.538724 16.617674
 6340.000000 -854261.562500 804.273573 3.229536 3.567869 16.451984
 6360.000000 -855906.062500 802.401287 3.252020 3.516098 16.106219
 6380.000000 -853001.062500 802.892142 3.599075 3.396659 16.249898
 6400.000000 -851912.937500 804.350604 3.519654 3.268662 16.362892
 6420.000000 -853616.187500 804.008948 3.666044 3.269723 16.486302
 6440.000000 -852862.312500 803.451613 3.437938 3.231917 16.544529
 6460.000000 -854204.875000 803.059499 3.505484 3.262224 16.474386
 6480.000000 -851498.062500 803.138477 3.369283 3.220901 16.316141
 6500.000000 -853935.437500 803.767222 3.402774 3.353659 16.607070
 6520.000000 -853515.437500 802.716275 3.219241 3.302932 16.528879
 6540.000000 -852587.437500 802.937304 3.452101 3.329274 16.471248
 6560.000000 -853076.250000 802.586075 3.499950 3.471849 16.471675
 6580.000000 -853638.000000 801.344356 3.257979 3.623033 16.492273
 6600.000000 -854217.625000 802.290349 3.230036 3.464511 16.578468
 6620.000000 -853847.750000 805.098123 3.510250 3.329625 16.573996
 6640.000000 -852558.000000 803.440461 3.304911 3.679773 16.825090
 6660.000000 -855442.250000 803.433022 3.421345 3.658480 16.671181
 6680.000000 -854437.250000 803.457268 3.648100 3.615206 16.309850
 6700.000000 -853720.000000 808.079553 3.340933 3.349816 16.374964
 6720.000000 -852627.562500 803.708711 3.308909 3.329082 16.559541
 6740.000000 -853038.312500 805.738545 3.332215 3.397347 16.650320
 6760.000000 -854025.875000 803.094455 3.906363 3.383716 16.461765
 6780.000000 -853255.750000 802.363702 3.561309 3.351347 16.482934
 6800.000000 -853154.500000 804.651026 3.542748 3.084658 16.286016
 6820.000000 -854632.500000 803.740768 3.455675 3.128000 16.565136
 6840.000000 -853157.312500 805.681870 3.463339 3.269147 16.490616
 6860.000000 -853150.687500 804.260055 3.324211 3.375964 16.470067
 6880.000000 -854865.312500 805.602987 3.318999 3.126005 16.500023
 6900.000000 -852824.687500 807.188465 3.553779 3.339224 16.452458
 6920.000000 -851871.375000 805.453718 3.526623 3.561507 16.333494
 6940.000000 -854152.125000 804.516924 3.431477 3.470246 16.688211
 6960.000000 -853168.500000 803.928161 3.425559 3.322601 16.791033
 6980.000000 -854235.750000 803.506914 3.516253 3.510323 16.683368
 7000.000000 -853216.500000 804.500311 3.359250 3.394317 16.686865
 7020.000000 -853410.312500 803.585167 3.415193 3.620896 16.461974
 7040.000000 -853089.937500 800.987952 3.637748 3.488404 16.684427
 7060.000000 -853688.000000 801.804489 3.368801 3.702098 16.664393
 7080.000000 -853775.750000 804.187810 3.545411 3.565824 16.651506
 7100.000000 -853346.625000 801.639655 3.400197 3.520728 16.352057
 7120.000000 -854039.875000 803.334127 3.213694 3.709963 16.419143
 7140.000000 -852401.750000 806.509092 3.188626 3.350438 16.280276
 7160.000000 -851893.687500 805.498267 3.233188 3.329955 16.477662
 7180.000000 -853869.312500 803.486544 3.279424 3.314797 16.369843
 7200.000000 -853423.812500 803.713999 3.276716 3.545223 16.596409
 7220.000000 -853303.437500 803.736857 3.303700 3.272640 16.553136
 7240.000000 -854169.562500 802.254838 3.394116 3.493029 16.702156
 7260.000000 -853046.562500 802.017112 3.234035 3.292141 16.539372
 7280.000000 -852403.250000 804.274398 3.706615 3.282956 16.213391
 7300.000000 -853769.500000 806.108251 3.522016 3.404333 16.331653
 7320.000000 -853915.812500 802.474615 3.621447 3.368534 16.568551
 7340.000000 -854129.062500 805.877013 3.566088 3.342916 16.554497
 7360.000000 -853181.375000 804.455549 3.631295 3.329720 16.521679
 7380.000000 -853697.500000 803.859844 3.392605 3.334110 16.368785
 7400.000000 -852149.437500 806.972350 3.443052 3.409450 16.340179
 7420.000000 -852239.000000 804.835077 3.360108 3.139711 16.288331
 7440.000000 -853198.000000 805.986407 3.437137 3.428665 16.075322
 7460.000000 -852528.312500 801.510851 3.336537 3.457187 16.412567
 7480.000000 -854960.062500 803.411546 3.232447 3.373141 16.339458
 7500.000000 -855581.937500 803.662951 3.290146 3.264909 16.401828
 7520.000000 -851747.937500 803.632603 3.298655 3.344254 16.389070
 7540.000000 -853154.625000 801.134512 3.388792 3.486789 16.717491
 7560.000000 -855975.125000 802.810501 3.294757 3.386459 16.666658
 7580.000000 -853833.375000 804.911342 3.111687 3.667085 16.535585
 7600.000000 -853183.250000 804.152601 3.354791 3.636410 16.557986
 7620.000000 -852472.187500 804.635301 3.457047 3.483704 16.555846
 7640.000000 -852571.312500 805.058534 3.150985 3.353308 16.488329
 7660.000000 -854369.812500 804.739325 3.214716 3.288099 16.494576
 7680.000000 -854569.062500 802.221971 3.190014 3.268940 16.465894
 7700.000000 -852335.750000 804.444462 3.202509 3.471280 16.513276
 7720.000000 -853933.187500 806.395896 3.470905 3.786125 16.436231
 7740.000000 -853268.625000 804.788174 3.277431 3.455642 16.661057
 7760.000000 -854094.125000 802.108589 3.200878 3.366730 16.700731
 7780.000000 -852892.437500 806.284643 3.296395 3.483500 16.533228
 7800.000000 -854137.625000 803.113134 3.323662 3.533858 16.520188
 7820.000000 -854970.937500 803.770685 3.518345 3.413378 16.693881
 7840.000000 -852764.375000 806.830257 3.288816 3.297673 16.650922
 7860.000000 -851881.875000 803.799620 3.396422 3.610168 16.699135
 7880.000000 -854729.812500 803.261916 3.359296 3.517291 16.515931
 7900.000000 -853634.500000 803.227086 3.520843 3.487927 16.342108
 7920.000000 -851891.687500 806.378272 3.455195 3.494447 16.393079
 7940.000000 -853769.500000 806.926670 3.160955 3.322558 16.444326
 7960.000000 -853966.500000 803.679069 3.243594 3.197739 16.390590
 7980.000000 -854640.187500 801.387106 3.219550 3.253530 16.498719
 8000.000000 -854608.312500 803.370887 3.441503 3.436860 16.459863
 8020.000000 -852673.312500 805.611886 3.487100 3.319742 16.122253
 8040.000000 -851842.500000 803.638303 3.402127 3.267823 16.420873
 8060.000000 -853912.312500 802.932039 3.556874 2.750106 16.683374
 8080.000000 -854437.437500 803.194783 3.206893 3.169198 16.610157
 8100.000000 -854813.687500 803.497019 3.384011 3.587515 16.872921
 8120.000000 -855056.000000 802.135633 3.397748 3.285961 16.633053
 8140.000000 -853581.062500 804.397356 3.590423 3.282585 16.642204
 8160.000000 -854807.187500 802.016747 3.628254 3.481930 16.546530
 8180.000000 -854699.125000 804.618749 3.414704 3.238180 16.513902
 8200.000000 -852903.375000 805.683845 3.519897 3.338619 16.561524
 8220.000000 -854431.500000 803.773128 3.108266 3.369286 16.722020
 8240.000000 -855240.625000 804.250894 3.454341 3.562649 16.685450
 8260.000000 -851962.750000 804.976370 3.440273 3.357640 16.737615
 8280.000000 -853832.937500 803.552843 3.525467 3.349976 16.375673
 8300.000000 -852336.000000 805.325990 3.487162 3.485486 16.638183
 8320.000000 -853118.500000 803.505436 3.525451 3.283419 16.362750
 8340.000000 -853219.687500 804.112763 3.172815 3.411727 16.740432
 8360.000000 -854340.500000 803.073621 3.517651 3.237002 16.404405
 8380.000000 -853338.750000 802.617131 3.429901 3.386219 16.281785
 8400.000000 -852958.687500 802.475827 3.377966 3.530698 16.403238
 8420.000000 -854964.187500 802.343694 3.409685 3.378503 16.287138
 8440.000000 -853771.437500 805.548695 3.690452 3.217616 16.401035
 8460.000000 -853884.687500 804.266457 3.609419 3.329392 16.639407
 8480.000000 -854291.312500 803.775383 3.262619 3.341863 16.599482
 8500.000000 -854847.125000 801.049498 3.231690 3.292396 16.791724
 8520.000000 -853512.437500 804.256387 3.400198 3.420049 16.525934
 8540.000000 -853987.750000 802.671929 3.423735 3.373195 16.492309
 8560.000000 -852345.937500 807.420110 3.483809 3.413549 16.477499
 8580.000000 -854162.187500 804.097053 3.341209 3.451860 16.688847
 8600.000000 -854849.062500 803.525781 3.373363 3.535173 16.365809
 8620.000000 -854257.500000 803.865014 3.378940 3.460554 16.358886
 8640.000000 -853609.625000 803.276845 3.268003 3.447993 16.237142
 8660.000000 -853937.750000 802.726535 3.285506 3.455909 16.440765
 8680.000000 -852061.437500 805.082409 3.287104 3.545869 16.270401
 8700.000000 -852683.062500 803.370919 3.629657 3.650381 16.456826
 8720.000000 -853507.562500 804.288194 3.518753 3.455880 16.545971
 8740.000000 -854800.250000 802.883251 3.392344 3.360058 16.489598
 8760.000000 -854820.500000 804.288786 3.483264 3.183632 16.534750
 8780.000000 -854112.500000 803.950567 3.427306 3.266546 16.712362
 8800.000000 -854788.062500 806.696646 3.226004 3.088677 16.530023
 8820.000000 -853263.562500 801.270995 3.288014 3.186592 16.604781
 8840.000000 -853348.250000 801.737068 3.437627 3.234455 16.423275
 8860.000000 -854583.437500 803.339699 3.617410 3.269801 16.318343
 8880.000000 -851644.062500 802.136750 3.379048 3.381845 16.396941
 8900.000000 -851272.312500 807.295327 3.132937 3.287595 16.471690
 8920.000000 -855638.562500 805.370035 3.210545 3.499173 16.338275
 8940.000000 -853770.500000 804.683841 3.227126 3.516017 16.525289
 8960.000000 -853460.437500 804.648898 3.267586 3.522453 16.599092
 8980.000000 -852441.500000 805.656222 3.321499 3.496086 16.489965
 9000.000000 -851854.937500 806.107166 3.742589 3.280402 16.556919
 9020.000000 -855518.750000 803.695455 3.429669 3.448987 16.670172
 9040.000000 -852885.250000 805.690629 3.340635 3.351129 16.784211
 9060.000000 -853488.750000 804.279259 3.373699 3.329654 16.615122
 9080.000000 -852364.375000 805.030172 3.469808 3.339450 16.213226
 9100.000000 -853140.125000 806.895132 3.535680 3.291146 16.479244
 9120.000000 -852373.375000 806.331761 3.498308 3.381981 16.574062
 9140.000000 -853206.750000 804.817973 3.431655 3.312819 16.365265
 9160.000000 -852774.937500 801.280078 3.140690 3.501410 16.516902
 9180.000000 -854114.375000 805.114744 3.595835 3.496364 16.550647
 9200.000000 -852213.875000 803.356957 3.704249 3.480945 16.756698
 9220.000000 -852935.750000 801.857074 3.459510 3.348590 16.649435
 9240.000000 -855289.625000 801.887257 3.524209 3.225476 16.345403
 9260.000000 -853056.062500 805.184393 3.355342 3.107729 16.571786
 9280.000000 -853303.187500 802.477890 3.478710 3.187275 16.618897
 9300.000000 -852875.000000 805.123756 3.283045 3.413405 16.564946
 9320.000000 -854024.125000 803.823509 3.254729 3.447367 16.498650
 9340.000000 -854266.750000 805.973227 3.320038 3.348972 16.455551
 9360.000000 -856255.187500 800.792349 3.287988 3.534103 16.578966
 9380.000000 -854283.875000 803.771575 3.421462 3.612961 16.555235
 9400.000000 -854720.500000 801.309274 3.139287 3.525983 16.548655
 9420.000000 -853965.125000 804.632622 3.161650 3.520197 16.488778
 9440.000000 -854890.750000 803.102395 3.484689 3.577795 16.620232
 9460.000000 -853357.875000 805.873356 3.625011 3.508927 16.453640
 9480.000000 -853619.937500 803.817609 3.656877 3.405567 16.461748
 9500.000000 -854362.437500 804.316917 3.475901 2.991180 16.429269
 9520.000000 -853749.937500 805.590541 3.442640 3.231051 16.566502
 9540.000000 -854134.562500 803.787950 3.540250 3.377983 16.510159
 9560.000000 -852460.312500 803.402583 3.243975 3.444225 16.557625
 9580.000000 -852519.312500 802.626590 3.134432 3.716124 16.582260
 9600.000000 -853526.437500 804.550039 3.324188 3.418026 16.527063
 9620.000000 -852209.187500 805.077902 3.360007 3.118343 16.488909
 9640.000000 -852497.625000 804.735024 3.285957 3.362469 16.485977
 9660.000000 -852293.812500 803.005940 3.171510 3.382469 16.338114
 9680.000000 -852863.500000 805.649997 3.640015 3.205559 16.528040
 9700.000000 -852803.375000 804.888640 3.458505 3.322619 16.589716
 9720.000000 -852935.000000 807.326728 3.317428 3.115561 16.396381
 9740.000000 -852117.812500 804.373103 3.656399 3.470187 16.261955
 9760.000000 -854361.750000 802.584831 3.496445 3.447233 16.197520
 9780.000000 -853283.562500 803.337327 3.315530 3.320631 16.362410
 9800.000000 -854839.312500 803.869227 3.226667 3.454111 16.535466
 9820.000000 -852522.312500 804.678794 3.080661 3.586660 16.617455
 9840.000000 -853140.750000 806.951373 3.288258 3.270475 16.567665
 9860.000000 -852477.437500 802.763281 3.366444 3.250204 16.266865
 9880.000000 -853327.875000 804.772920 3.178408 3.392149 16.276245
 9900.000000 -853917.062500 804.109634 3.251538 3.281282 16.669028
 9920.000000 -852659.750000 805.206772 3.266403 3.507301 16.682341
 9940.000000 -854849.062500 802.950519 3.296106 3.492092 16.343676
 9960.000000 -852380.812500 802.480166 3.289632 3.276194 16.702447
 9980.000000 -852565.812500 806.093302 3.298755 3.229730 16.655658
 10000.000000 -852437.000000 806.267092 3.381851 3.296395 16.191307
 10020.000000 -854251.875000 804.353602 3.435333 3.297476 16.518560
 10040.000000 -853900.875000 804.459068 3.395454 3.232113 16.579089
 10060.000000 -852955.000000 803.204607 3.351523 3.564013 16.535614
 10080.000000 -854164.625000 805.028455 3.219377 3.650933 16.448214
 10100.000000 -853646.187500 802.355131 3.177288 3.656901 16.397650
 10120.000000 -852929.562500 802.415854 3.232205 3.429151 16.474829
 10140.000000 -853422.250000 804.029924 3.157801 3.449015 16.447164
 10160.000000 -853717.125000 804.151715 3.510093 3.711279 16.534588
 10180.000000 -855216.812500 803.615373 3.330659 3.657616 16.484872
 10200.000000 -853898.375000 801.742586 3.427336 3.659607 16.366277
 10220.000000 -853497.375000 801.016969 3.303619 3.585661 16.263421
 10240.000000 -852514.437500 803.936846 3.279810 3.528497 16.394576
 10260.000000 -852108.062500 806.137763 3.308172 3.133126 16.393170
 10280.000000 -853750.375000 804.513318 3.388665 3.334276 16.499328
 10300.000000 -854452.562500 804.190290 3.462289 3.265719 16.353845
 10320.000000 -854052.500000 803.431734 3.255370 3.451246 16.305475
 10340.000000 -852070.937500 804.913630 3.336976 3.368058 16.352750
 10360.000000 -854809.187500 804.801733 3.357082 3.386573 16.744451
 10380.000000 -853101.750000 802.447564 3.256512 3.268711 16.578196
 10400.000000 -854303.937500 802.594248 3.376592 3.254663 16.249096
 10420.000000 -851624.875000 805.271021 3.524423 3.282836 16.510836
 10440.000000 -855268.187500 800.621686 3.315357 3.179484 16.520219
 10460.000000 -853258.812500 804.339670 3.455138 3.487125 16.675242
 10480.000000 -855611.875000 805.307238 3.351295 3.302221 16.711567
 10500.000000 -853231.000000 804.564636 3.280463 3.269923 16.754756
 10520.000000 -852281.437500 801.874048 3.248404 3.011289 16.718337
 10540.000000 -854061.750000 805.699368 3.448436 3.262308 16.696725
 10560.000000 -854170.562500 806.359208 3.359047 3.499019 16.763973
 10580.000000 -853604.937500 806.196277 3.428393 3.294272 16.700825
 10600.000000 -854680.875000 800.560654 3.433951 3.394027 16.566986
 10620.000000 -851750.000000 806.189925 3.417091 3.253355 16.776212
 10640.000000 -853968.250000 801.997880 3.315384 3.374782 16.615009
 10660.000000 -852878.187500 802.416276 3.280853 3.365706 16.391661
 10680.000000 -853031.625000 799.345747 3.217287 3.492653 16.370742
 10700.000000 -854698.687500 802.311699 3.497204 3.200525 16.768257
 10720.000000 -853275.562500 803.196262 3.527609 3.611788 16.568062
 10740.000000 -854175.750000 805.880883 3.347710 3.559028 16.397468
 10760.000000 -853023.375000 803.386340 3.367497 3.406247 16.493340
 10780.000000 -852421.000000 807.396040 3.234679 3.514602 16.655346
 10800.000000 -852749.562500 805.040420 3.332182 3.225183 16.373826
 10820.000000 -853441.312500 803.348301 3.530706 2.940222 16.595622
 10840.000000 -853665.437500 803.529174 3.398264 3.010861 16.516711
 10860.000000 -852610.312500 802.967007 3.240258 3.245884 16.606981
 10880.000000 -853447.812500 803.435051 3.360258 3.072710 16.484387
 10900.000000 -853726.250000 802.599683 3.232193 3.405176 16.469002
 10920.000000 -853778.875000 800.215568 3.450567 3.398620 16.524087
 10940.000000 -853409.562500 803.939776 3.708341 3.604574 16.536424
 10960.000000 -853939.062500 804.797860 3.378597 3.482389 16.404962
 10980.000000 -853716.812500 806.129240 3.360831 3.239255 16.422568
 11000.000000 -853961.375000 804.860274 3.494601 3.170424 16.296168
 11020.000000 -852837.562500 806.822729 3.315324 3.392238 16.314419
 11040.000000 -852882.875000 804.998429 3.258408 3.452011 16.667022
 11060.000000 -852649.750000 805.189630 3.296415 3.399925 16.827013
 11080.000000 -853540.937500 804.167015 3.314532 3.544447 16.540442
 11100.000000 -853251.250000 806.617577 3.203693 3.495064 16.478730
 11120.000000 -853813.687500 805.421433 3.209706 3.492417 16.389037
 11140.000000 -854535.500000 803.975044 3.279134 3.403028 16.564599
 11160.000000 -854841.937500 803.095538 3.135522 3.340470 16.561326
 11180.000000 -856458.125000 802.634178 2.994106 3.089340 16.600723
 11200.000000 -852691.750000 805.643919 3.228144 3.156962 16.531179
 11220.000000 -853807.875000 803.494023 3.335564 3.434938 16.406428
 11240.000000 -852550.187500 804.115996 3.531011 3.508791 16.356286
 11260.000000 -855259.000000 802.018795 3.600832 3.678210 16.678552
 11280.000000 -852598.125000 805.543843 3.280973 3.756129 16.280171
 11300.000000 -851963.750000 805.459339 3.457179 3.742176 16.434227
 11320.000000 -854503.750000 802.241103 3.311036 3.142793 16.641310
 11340.000000 -854124.750000 804.531945 3.446722 3.343780 16.514297
 11360.000000 -852253.875000 806.711160 3.590799 3.358098 16.858738
 11380.000000 -854329.437500 803.557836 3.470629 3.501318 16.569978
 11400.000000 -853097.000000 806.585906 3.424845 3.194029 16.378745
 11420.000000 -853066.687500 804.726041 3.391046 3.336616 16.325433
 11440.000000 -853808.375000 805.473117 3.319457 3.215222 16.469350
 11460.000000 -852877.812500 802.778905 3.125645 3.256407 16.443105
 11480.000000 -852452.000000 808.088356 3.264498 3.324574 16.541140
 11500.000000 -853538.937500 805.682864 3.390718 3.395112 16.656816
 11520.000000 -853990.625000 803.811069 3.246862 3.628240 16.607410
 11540.000000 -854224.062500 803.204259 3.201461 3.211419 16.532380
 11560.000000 -853307.687500 802.972557 2.827679 3.289433 16.518008
 11580.000000 -852802.062500 806.058348 3.736481 3.595871 16.605584
 11600.000000 -851367.000000 809.547216 3.603233 3.470199 16.309192
 11620.000000 -852938.812500 807.859126 3.412052 3.615605 16.449345
 11640.000000 -853660.875000 805.690093 3.351648 3.266936 16.201348
 11660.000000 -853797.812500 803.314742 3.276508 3.633959 16.601269
 11680.000000 -852143.000000 803.972086 3.322631 3.452712 16.471813
 11700.000000 -853155.187500 807.033080 3.137129 3.261521 16.416743
 11720.000000 -851790.000000 805.043066 3.422394 3.376268 16.307277
 11740.000000 -852609.625000 804.813619 2.970194 3.374722 16.434080
 11760.000000 -852949.375000 806.155167 3.060105 3.295314 16.489423
 11780.000000 -850764.562500 805.385195 3.358575 3.362916 16.299291
 11800.000000 -852721.500000 804.179090 3.058050 3.321479 16.438188
 11820.000000 -850328.750000 806.621464 3.318932 3.620133 16.651485
 11840.000000 -852787.875000 805.369155 3.316000 3.430310 16.492764
 11860.000000 -852974.937500 804.916141 3.345999 3.089066 16.664761
 11880.000000 -853241.625000 803.043242 3.320828 3.279431 16.561889
 11900.000000 -852606.000000 806.184704 3.415127 3.031013 16.736279
 11920.000000 -851864.312500 805.655429 3.749522 2.962426 16.726928
 11940.000000 -851712.125000 804.760457 3.396231 3.522168 16.664624
 11960.000000 -854401.062500 802.212543 3.329726 3.565819 16.444825
 11980.000000 -851982.875000 807.696702 3.333977 3.543625 16.647299
 12000.000000 -854420.562500 804.915107 3.504019 3.536923 16.468410
 12020.000000 -853910.875000 804.957541 3.375344 3.672487 16.580076
 12040.000000 -854715.312500 804.136582 3.520383 3.471866 16.510492
 12060.000000 -853239.312500 804.909506 3.351919 3.492207 16.339948
 12080.000000 -853641.500000 806.691565 3.405116 3.108515 16.252573
 12100.000000 -854060.812500 801.824771 3.267183 3.642689 16.198593
 12120.000000 -853211.062500 803.534145 3.428265 3.419301 16.563718
 12140.000000 -853746.312500 802.872423 3.613693 3.420100 16.503092
 12160.000000 -852515.437500 804.020775 3.344075 3.393995 16.549046
 12180.000000 -853331.437500 804.216527 3.330132 3.715180 16.420174
 12200.000000 -851745.687500 804.931139 3.560462 3.372696 16.292155
 12220.000000 -853180.750000 803.576125 3.749493 3.485582 16.416274
 12240.000000 -853531.625000 803.310875 3.491186 3.500672 16.660361
 12260.000000 -853038.687500 804.937380 3.285744 3.492020 16.638372
 12280.000000 -853175.000000 803.620376 3.246710 3.623935 16.573862
 12300.000000 -857067.562500 803.853241 3.200666 3.496039 16.508532
 12320.000000 -853996.687500 802.473188 3.202520 3.090550 16.562504
 12340.000000 -852972.625000 804.630841 3.115035 3.248147 16.592131
 12360.000000 -853885.250000 803.757221 3.036765 3.523058 16.533258
 12380.000000 -852494.437500 804.236467 3.252885 3.309727 16.669118
 12400.000000 -853373.437500 803.915496 3.237500 3.404807 16.324886
 12420.000000 -852451.062500 803.770222 3.257226 3.344375 16.594826
 12440.000000 -852300.375000 804.139226 3.097191 3.473123 16.565747
 12460.000000 -851673.062500 802.483756 3.300065 3.350510 16.551831
 12480.000000 -853368.062500 805.218772 3.348217 3.325403 16.558744
 12500.000000 -853692.500000 805.313244 3.501207 3.214865 16.336559
 12520.000000 -854726.000000 801.432635 3.431416 3.403723 16.478378
 12540.000000 -853483.062500 804.907415 3.344884 3.397263 16.698004
 12560.000000 -854399.187500 803.919988 3.543867 3.420592 16.425899
 12580.000000 -853138.500000 803.566422 3.794957 3.309538 16.500628
 12600.000000 -854945.937500 801.822567 3.705130 3.327855 16.385218
 12620.000000 -852892.375000 803.221874 3.401235 3.103511 16.350853
 12640.000000 -852970.937500 805.787594 3.556285 3.265438 16.562132
 12660.000000 -853768.750000 804.050731 3.560419 3.390712 16.763227
 12680.000000 -851954.062500 804.820060 3.516277 3.445529 16.602879
 12700.000000 -854489.375000 805.049682 3.514454 3.610777 16.598002
 12720.000000 -852231.250000 807.958932 3.563118 3.338854 16.590247
 12740.000000 -852360.875000 802.014502 3.363624 3.292721 16.347739
 12760.000000 -852896.500000 806.173362 3.214984 3.686319 16.438867
 12780.000000 -852836.125000 805.764524 3.427711 3.419503 16.007906
 12800.000000 -851214.687500 803.804692 3.609294 3.436457 16.333887
 12820.000000 -853121.250000 803.203080 3.482700 3.467891 16.356494
 12840.000000 -853698.500000 803.550211 3.497649 2.951264 16.542788
 12860.000000 -851585.812500 805.172561 3.330076 3.677777 16.530296
 12880.000000 -853605.187500 805.367633 3.209114 3.682791 16.590708
 12900.000000 -852439.500000 806.041675 3.125916 3.708131 16.424761
 12920.000000 -853994.937500 805.653253 3.317596 3.773273 16.174700
 12940.000000 -854398.500000 803.008741 3.015888 3.564387 16.496013
 12960.000000 -853890.750000 803.409231 3.231270 3.534796 16.642192
 12980.000000 -852470.437500 803.258224 3.169998 3.249429 16.498608
 13000.000000 -854269.937500 805.282212 3.175656 3.345459 16.614766
 13020.000000 -854472.187500 805.442452 3.348002 3.733543 16.605937
 13040.000000 -852486.687500 804.058468 3.317961 3.474237 16.358956
 13060.000000 -854652.875000 803.257664 3.452469 3.385397 16.559509
 13080.000000 -854582.062500 803.642208 3.535604 3.385620 16.672924
 13100.000000 -853814.937500 800.713788 3.339192 3.393379 16.557439
 13120.000000 -853290.437500 806.218173 3.371035 3.209581 16.806049
 13140.000000 -853677.000000 801.374826 3.377285 3.203643 16.712494
 13160.000000 -853969.250000 799.809751 3.281819 3.404627 16.419871
 13180.000000 -852706.125000 804.256360 3.534290 3.587562 16.482433
 13200.000000 -853007.000000 804.318454 3.670093 3.478107 16.513180
 13220.000000 -853336.062500 804.623861 3.210247 3.517536 16.277045
 13240.000000 -853710.312500 805.494461 3.175482 3.293883 16.460622
 13260.000000 -855087.687500 803.130125 3.537895 3.392586 16.423513
 13280.000000 -853725.437500 805.248581 3.245685 3.467897 16.331277
 13300.000000 -853509.937500 803.775227 3.340566 3.336196 16.372729
 13320.000000 -852740.312500 805.601710 3.585067 3.226828 16.437946
 13340.000000 -853652.687500 803.955041 3.281058 3.360801 16.469762
 13360.000000 -852578.312500 803.955870 3.081455 3.215764 16.391978
 13380.000000 -853391.437500 806.987297 3.272586 3.355420 16.613830
 13400.000000 -853498.562500 804.211428 3.394393 3.349681 16.478237
 13420.000000 -854959.187500 803.802915 3.360216 3.363625 16.390651
 13440.000000 -853331.500000 803.443124 3.293069 3.422058 16.327333
 13460.000000 -853564.875000 804.398555 3.440314 3.100339 16.442970
 13480.000000 -851603.062500 804.287760 3.512418 3.468430 16.636198
 13500.000000 -854528.562500 803.128622 3.345511 3.472513 16.547777
 13520.000000 -853261.000000 806.419112 3.223113 3.340955 16.689910
 13540.000000 -851669.500000 803.977395 2.988474 3.453859 16.459517
 13560.000000 -853693.000000 801.768098 3.500665 3.312793 16.497327
 13580.000000 -852896.500000 804.869530 3.457749 3.194790 16.674440
 13600.000000 -854822.312500 802.951047 3.446077 3.047064 16.594949
 13620.000000 -854637.312500 803.288712 3.403302 3.415394 16.648412
 13640.000000 -853196.187500 802.538369 3.464061 3.456382 16.630852
 13660.000000 -855695.875000 801.210901 3.315577 3.635731 16.632844
 13680.000000 -854285.937500 802.495336 3.464342 3.495756 16.631076
 13700.000000 -854366.375000 803.178678 3.530682 3.599192 16.300758
 13720.000000 -853648.000000 802.969993 3.306194 3.881262 16.350251
 13740.000000 -854438.312500 806.083045 3.289011 3.743361 16.666700
 13760.000000 -854363.750000 801.437086 3.407810 3.352675 16.356638
 13780.000000 -850654.250000 805.589598 3.229790 3.309239 16.399201
 13800.000000 -853460.437500 804.832201 3.073317 3.450295 16.469844
 13820.000000 -854314.250000 805.502638 2.929417 3.206628 16.463213
 13840.000000 -853510.187500 802.481778 3.109218 3.293616 16.228347
 13860.000000 -854991.250000 800.967426 3.192847 3.110747 16.488626
 13880.000000 -855413.375000 802.441852 3.321612 3.168105 16.432599
 13900.000000 -854104.312500 802.636743 3.383580 3.371578 16.661883
 13920.000000 -853221.000000 803.177038 3.282245 3.097926 16.579754
 13940.000000 -854655.187500 804.199374 3.151169 3.088690 16.655138
 13960.000000 -851895.375000 803.818171 3.067714 3.070302 16.657866
 13980.000000 -854992.937500 802.070786 3.303663 3.460261 16.324742
 14000.000000 -856149.187500 801.790848 3.235044 3.129880 16.532258
 14020.000000 -855083.500000 802.722305 3.470261 3.320069 16.236449
 14040.000000 -855110.562500 802.413874 3.419426 3.129202 16.544343
 14060.000000 -853822.437500 803.209510 3.545380 3.108303 16.509304
 14080.000000 -853422.000000 804.027483 3.171437 3.188883 16.600965
 14100.000000 -854628.562500 805.299690 3.323083 3.309918 16.691821
 14120.000000 -853601.500000 803.455917 3.217563 3.416466 16.833863
 14140.000000 -853004.437500 803.152056 3.538079 3.387409 16.568378
 14160.000000 -854138.750000 805.636834 3.707864 3.406873 16.562049
 14180.000000 -852922.750000 805.508260 3.728871 3.455764 16.611821
 14200.000000 -852151.625000 806.356788 3.424533 3.412112 16.452671
 14220.000000 -853151.562500 805.149926 3.570835 3.450099 16.588961
 14240.000000 -855329.437500 802.715487 3.698760 3.297006 16.447309
 14260.000000 -854143.937500 805.936542 3.687501 3.440643 16.618060
 14280.000000 -853547.812500 805.924721 3.627239 3.480163 16.703464
 14300.000000 -852830.375000 805.401166 3.403632 3.585854 16.644962
 14320.000000 -854585.562500 805.544109 3.442983 3.355539 16.761124
 14340.000000 -853515.125000 805.692893 3.421701 3.542970 16.610980
 14360.000000 -854005.687500 804.777474 3.290645 3.406133 16.594259
 14380.000000 -853659.875000 802.115531 3.335397 3.492312 16.535773
 14400.000000 -855103.187500 804.101095 3.351449 3.307528 16.495609
 14420.000000 -854134.312500 805.118197 3.341588 3.273379 16.525317
 14440.000000 -853032.000000 806.055282 3.102249 3.421021 16.383987
 14460.000000 -854530.875000 803.592491 3.492638 3.623329 16.469341
 14480.000000 -853449.000000 804.578247 3.401938 3.260655 16.622736
 14500.000000 -851374.875000 804.707327 3.820368 3.470004 2.410238
 14520.000000 -850410.500000 811.505831 3.009215 3.093739 9.595978
 14540.000000 -852445.687500 805.836839 3.275171 3.410711 12.816199
 14560.000000 -852437.937500 805.923524 3.209597 3.506645 15.214460
 14580.000000 -852046.750000 802.720708 3.256698 3.647599 16.271273
 14600.000000 -853457.250000 804.696411 3.367398 3.660509 16.265666
 14620.000000 -851733.187500 803.808175 2.927936 3.497384 16.479786
 14640.000000 -853216.562500 804.656459 3.406167 3.496256 16.387385
 14660.000000 -854382.562500 802.757525 3.336382 3.404075 16.623850
 14680.000000 -853468.187500 804.185943 3.495081 3.402565 16.706619
 14700.000000 -853389.562500 802.538850 3.570827 3.314613 16.475101
 14720.000000 -853890.812500 803.835831 3.593941 3.374517 16.530962
 14740.000000 -852571.250000 805.681253 3.607513 3.583613 16.431816
 14760.000000 -853522.625000 801.643295 3.369746 3.407799 16.706577
 14780.000000 -852207.750000 805.519735 3.207002 3.377094 16.452030
 14800.000000 -853893.500000 804.486168 3.190787 3.691144 16.554816
 14820.000000 -853745.375000 802.866697 3.236659 3.389713 16.628921
 14840.000000 -852480.250000 804.131553 3.278135 3.515794 16.571479
 14860.000000 -856171.062500 803.471134 3.427546 3.629981 16.608299
 14880.000000 -851545.437500 807.842462 3.292451 3.592814 16.397051
 14900.000000 -852848.437500 803.493542 3.583531 3.443778 16.452617
 14920.000000 -853238.875000 805.677984 3.590592 3.029866 16.529089
 14940.000000 -852696.875000 805.508033 3.459815 3.191279 16.389500
 14960.000000 -852273.125000 805.731559 3.516170 3.186718 16.380139
 14980.000000 -853297.937500 806.438171 3.751845 3.297454 16.797996
 15000.000000 -851709.500000 804.829048 3.471493 3.265701 16.580508
 15020.000000 -854738.937500 804.238559 3.358876 3.271408 16.617392
 15040.000000 -854187.750000 805.883515 3.131299 3.625161 16.495769
 15060.000000 -854217.687500 805.701343 3.247718 3.619865 16.652745
 15080.000000 -854293.562500 803.339650 3.581959 3.552305 16.545459
 15100.000000 -853587.437500 803.851146 3.567357 3.284366 16.828370
 15120.000000 -853062.750000 802.551472 3.481128 3.100028 16.565581
 15140.000000 -851599.375000 807.847328 3.590787 3.000584 16.580593
 15160.000000 -852857.187500 802.298398 3.444905 3.320708 16.524224
 15180.000000 -854725.750000 804.265463 3.232841 3.322150 16.583810
 15200.000000 -852540.062500 806.015865 3.290100 3.234859 16.665098
 15220.000000 -853302.312500 803.023110 3.665287 3.467524 16.739477
 15240.000000 -852768.500000 802.330894 3.572122 3.331542 16.382506
 15260.000000 -852778.437500 802.422482 3.340590 3.235869 16.401173
 15280.000000 -852407.187500 805.909256 3.424036 3.451260 16.575606
 15300.000000 -855073.187500 803.076625 3.367254 3.606325 16.411480
 15320.000000 -853072.125000 802.167084 3.481170 3.514988 16.651766
 15340.000000 -852992.750000 804.286751 3.345302 3.437603 16.407092
 15360.000000 -854167.250000 805.822379 3.258182 3.292843 16.319151
 15380.000000 -852803.625000 805.720622 3.461010 3.223190 16.342457
 15400.000000 -854632.250000 802.418334 3.139370 2.967889 16.425604
 15420.000000 -853853.875000 802.755058 2.956685 3.359201 16.624117
 15440.000000 -850905.750000 805.971135 3.338397 3.333271 16.576720
 15460.000000 -852769.375000 804.358957 3.120763 3.281050 16.386636
 15480.000000 -852154.250000 805.756015 3.225787 3.342815 16.350824
 15500.000000 -853188.000000 803.353759 3.267563 3.636523 16.409707
 15520.000000 -853182.937500 805.565702 3.276930 3.508842 16.388425
 15540.000000 -852335.250000 805.262594 3.117840 3.203883 16.630765
 15560.000000 -854683.687500 804.884520 3.377363 3.418608 16.477671
 15580.000000 -852917.500000 805.196812 3.464966 3.420272 16.444990
 15600.000000 -854626.250000 802.951410 3.416362 3.354279 16.364233
 15620.000000 -856392.125000 803.120350 3.534643 3.326758 16.443421
 15640.000000 -852487.500000 803.947054 3.736984 3.150717 16.339860
 15660.000000 -854627.437500 802.472397 3.749864 3.584445 16.257154
 15680.000000 -853230.437500 806.770661 3.461674 3.896737 16.409213
 15700.000000 -853805.375000 805.226600 3.396786 3.924167 16.483657
 15720.000000 -853617.437500 805.446459 3.478820 3.365394 16.576365
 15740.000000 -854912.062500 804.891556 3.465881 3.307430 16.649889
 15760.000000 -854736.937500 802.959814 3.414003 3.635821 16.705080
 15780.000000 -853941.000000 803.426283 3.446670 3.724244 16.690531
 15800.000000 -855462.937500 802.112285 3.363248 3.366275 16.514919
 15820.000000 -854991.437500 802.430729 3.502270 3.524320 16.315586
 15840.000000 -852572.000000 805.569712 3.308757 3.673071 16.131825
 15860.000000 -852978.500000 804.394779 3.541612 3.238314 16.329354
 15880.000000 -851651.625000 805.683895 3.631185 3.163276 16.268578
 15900.000000 -855110.937500 802.949949 3.204818 3.352264 16.241838
 15920.000000 -852481.062500 807.854412 3.259470 3.444366 16.411562
 15940.000000 -850137.125000 805.821277 3.445891 3.323336 16.412451
 15960.000000 -855392.750000 804.831072 3.333003 3.390427 16.386490
 15980.000000 -853178.812500 804.243351 3.297070 3.305208 16.431981
 16000.000000 -852033.875000 804.733066 3.543619 3.376637 16.443639
 16020.000000 -854883.125000 804.987411 3.385514 3.431694 16.366660
 16040.000000 -853633.312500 803.262882 3.382763 3.308823 16.567826
 16060.000000 -851954.812500 805.396158 3.492825 3.335917 16.686794
 16080.000000 -855039.062500 803.038765 3.228254 3.367993 16.520318
 16100.000000 -852304.187500 804.293412 3.396877 3.524426 16.475090
 16120.000000 -851811.125000 806.057820 3.255557 3.237097 16.494745
 16140.000000 -855061.812500 802.038261 3.167123 3.296329 16.839274
 16160.000000 -855157.687500 797.662210 3.112437 3.086502 16.409519
 16180.000000 -853599.312500 802.541041 3.386655 3.196196 16.582040
 16200.000000 -853988.812500 804.838797 3.129836 3.219718 16.554572
 16220.000000 -853392.062500 801.454439 3.260064 3.165206 16.506653
 16240.000000 -853828.812500 803.623747 3.499923 3.196499 16.486333
 16260.000000 -854476.312500 803.092969 3.253068 2.947279 16.698066
 16280.000000 -853578.500000 803.059853 3.478687 3.113482 16.603173
 16300.000000 -852632.687500 804.941671 3.531016 3.442472 16.639303
 16320.000000 -853520.437500 805.477611 3.331660 3.562910 16.650061
 16340.000000 -853766.062500 802.255364 3.366937 3.263310 16.367600
 16360.000000 -852562.125000 802.057321 3.417465 3.229357 16.397736
 16380.000000 -853111.625000 801.919474 3.633536 3.419219 16.220844
 16400.000000 -854031.062500 801.303574 3.535430 3.300819 16.281083
 16420.000000 -851194.062500 806.539002 3.335803 3.368675 16.496521
 16440.000000 -853134.437500 804.943250 3.232636 3.358456 16.424968
 16460.000000 -854554.250000 803.586170 3.256107 3.355122 16.477078
 16480.000000 -854901.000000 803.232780 3.450386 3.337875 16.395756
 16500.000000 -853605.875000 805.375315 3.276779 3.246550 16.443035
 16520.000000 -854763.437500 802.400149 3.365724 3.249811 16.805118
 16540.000000 -853906.000000 801.162367 3.390371 3.384262 16.940325
 16560.000000 -853710.250000 806.072175 3.435692 3.507756 16.469120
 16580.000000 -853092.437500 804.745700 3.454472 3.443797 16.130963
 16600.000000 -853975.937500 804.196396 3.207324 3.403583 16.180840
 16620.000000 -853283.437500 805.107812 3.450304 3.739956 16.230221
 16640.000000 -851493.187500 802.795045 3.671029 3.667238 16.518083
 16660.000000 -853163.500000 803.309509 3.587470 3.654387 16.544269
 16680.000000 -853023.562500 805.556547 3.590949 3.446482 16.623061
 16700.000000 -855314.312500 803.063044 3.344213 3.315311 16.676356
 16720.000000 -854260.937500 805.427594 3.508678 3.481949 16.485073
 16740.000000 -854608.000000 804.112507 3.452411 3.442179 16.441125
 16760.000000 -854013.125000 803.911441 3.392279 3.400023 16.454066
 16780.000000 -853849.250000 803.405837 3.701055 3.312946 16.430206
 16800.000000 -854559.125000 804.142236 3.601361 3.494464 16.240382
 16820.000000 -853186.375000 805.040900 3.364022 3.373964 16.401166
 16840.000000 -852064.062500 805.962648 3.222041 3.589629 16.322560
 16860.000000 -853202.250000 803.809193 3.292843 3.271115 16.176028
 16880.000000 -853991.812500 800.978315 3.204842 3.332259 16.404249
 16900.000000 -855373.750000 803.516862 3.303601 3.154750 16.403351
 16920.000000 -854255.812500 803.279864 3.409338 3.590880 16.501000
 16940.000000 -854634.187500 803.337138 3.377567 3.415525 16.544843
 16960.000000 -854105.375000 802.744658 3.682967 3.213147 16.474727
 16980.000000 -852302.500000 806.601144 3.656698 3.381562 16.611247
 17000.000000 -853967.875000 804.748913 3.561490 3.537480 16.259350
 17020.000000 -852750.062500 803.949961 3.330186 3.530752 16.292301
 17040.000000 -853888.562500 806.991355 3.478203 3.525664 16.323145
 17060.000000 -853526.312500 803.853284 3.569468 3.357997 16.257168
 17080.000000 -853987.937500 802.482804 3.514406 3.401627 16.378729
 17100.000000 -854069.937500 806.424918 3.411572 3.613749 16.345843
 17120.000000 -853242.687500 804.437407 3.284761 3.543021 16.445620
 17140.000000 -852449.250000 804.927211 3.700684 3.254842 16.584527
 17160.000000 -854501.937500 801.878620 3.394090 3.138991 16.427668
 17180.000000 -855968.187500 802.137875 3.858821 3.280151 16.296110
 17200.000000 -854010.812500 803.380433 3.578858 3.434969 16.435644
 17220.000000 -854387.500000 804.036368 3.440264 3.155307 16.592010
 17240.000000 -854447.812500 803.178315 3.338753 3.225722 16.324729
 17260.000000 -853448.812500 801.323703 3.331905 3.336875 16.228840
 17280.000000 -854505.625000 801.190672 3.360781 3.515238 16.681889
 17300.000000 -854616.187500 803.669494 3.389489 3.449452 16.585732
 17320.000000 -854772.625000 802.787257 3.442738 3.531078 16.323301
 17340.000000 -855668.062500 802.549787 3.419030 3.392736 16.501151
 17360.000000 -854617.000000 802.163390 3.279306 3.335899 16.256589
 17380.000000 -855967.312500 805.600364 3.270685 3.199929 16.315533
 17400.000000 -852289.062500 803.808486 3.463864 3.398008 16.447258
 17420.000000 -853142.437500 803.621769 3.680235 3.461382 16.760947
 17440.000000 -854948.375000 802.235544 3.504329 3.466137 16.865767
 17460.000000 -853953.937500 804.265135 3.231297 3.367450 16.889930
 17480.000000 -854055.750000 803.978284 3.467176 3.582337 16.659897
 17500.000000 -854055.437500 803.605199 3.590550 3.522320 16.327984
 17520.000000 -853826.500000 802.884426 3.472153 3.426072 16.393477
 17540.000000 -853446.312500 804.880764 3.694684 3.440512 16.378960
 17560.000000 -853262.437500 804.461707 3.610432 3.333869 16.725388
 17580.000000 -855061.062500 803.411268 3.582960 3.651125 16.489114
 17600.000000 -854256.125000 804.599765 3.567010 3.325979 16.380485
 17620.000000 -852989.250000 805.942639 3.727241 3.206151 16.292525
 17640.000000 -852704.812500 805.702532 3.740782 3.177942 16.384923
 17660.000000 -853731.437500 804.498025 3.507112 3.381967 16.578731
 17680.000000 -854119.687500 804.636441 3.468446 3.385246 16.963604
 17700.000000 -852869.687500 804.913789 3.416988 3.278327 16.793920
 17720.000000 -854952.312500 802.649946 3.554366 3.121312 16.701450
 17740.000000 -852596.937500 803.678422 3.471566 3.075434 16.526635
 17760.000000 -853866.687500 805.290122 3.590335 3.411921 16.434511
 17780.000000 -853054.375000 804.976170 3.181250 3.320307 16.188972
 17800.000000 -854617.250000 803.450562 3.471601 3.379301 16.132727
 17820.000000 -854049.562500 802.554353 3.472616 3.338529 16.245184
 17840.000000 -852926.625000 803.314020 3.268794 3.085521 16.348958
 17860.000000 -853776.312500 805.885483 3.423324 3.157808 16.329178
 17880.000000 -854506.000000 804.766983 3.361934 3.373341 16.434991
 17900.000000 -852768.812500 804.788487 3.503101 3.716563 16.351776
 17920.000000 -854437.000000 803.593554 3.734039 3.662305 16.372434
 17940.000000 -853097.125000 802.791520 3.713240 3.477853 16.527486
 17960.000000 -854281.062500 803.290039 3.486555 3.132532 16.244744
 17980.000000 -854272.187500 803.512309 3.624166 3.349798 16.412577
 18000.000000 -852737.812500 805.085818 3.368659 3.441858 16.558259
 18020.000000 -853050.812500 802.561860 3.344422 3.378216 16.732901
 18040.000000 -854230.187500 803.881866 3.404735 3.574014 16.573164
 18060.000000 -854034.750000 801.600080 3.433593 3.095506 16.631418
 18080.000000 -853938.750000 804.913733 3.444763 3.193754 16.621773
 18100.000000 -854718.625000 803.031923 3.479466 3.210404 16.632876
 18120.000000 -853524.250000 803.206493 3.297030 3.228101 16.322112
 18140.000000 -855140.000000 803.821545 3.211158 3.341877 16.342796
 18160.000000 -854829.000000 802.821269 3.244016 3.531103 16.462441
 18180.000000 -852754.875000 804.456864 3.103131 3.369772 16.597216
 18200.000000 -854021.875000 801.238479 3.310508 3.301506 16.573872
 18220.000000 -852841.500000 804.548840 3.208972 3.565595 16.705775
 18240.000000 -853713.750000 803.960515 3.088098 3.370839 16.586505
 18260.000000 -854457.375000 803.068681 3.125579 3.309544 16.486439
 18280.000000 -853546.687500 807.777007 3.162367 3.466858 16.448454
 18300.000000 -852881.375000 804.078805 3.236109 3.338451 16.375191
 18320.000000 -852563.312500 804.784838 3.596310 3.448323 16.627460
 18340.000000 -855193.437500 804.624808 3.419332 3.204312 16.481115
 18360.000000 -853735.250000 804.562333 3.650670 3.047339 16.315908
 18380.000000 -853383.562500 805.877626 3.620847 3.185128 16.282512
 18400.000000 -852972.437500 803.107895 3.633158 3.302584 16.355696
 18420.000000 -852864.125000 804.887352 3.617236 3.306040 16.411580
 18440.000000 -853288.812500 804.874843 3.403092 3.442399 16.601370
 18460.000000 -852296.312500 805.207296 3.206788 3.253726 16.558650
 18480.000000 -853837.500000 805.969094 3.434405 3.256095 16.587576
 18500.000000 -854314.562500 801.523577 3.527318 3.314465 16.651531
 18520.000000 -854890.125000 801.922233 3.612303 3.332309 16.556158
 18540.000000 -853907.000000 802.859404 3.390598 3.242013 16.542349
 18560.000000 -854295.687500 801.601969 3.579964 3.353601 16.516592
 18580.000000 -853742.062500 802.811159 3.342680 3.399737 16.332284
 18600.000000 -855090.625000 804.589752 3.409120 3.600675 16.756758
 18620.000000 -853709.875000 805.981297 3.376969 3.461705 16.577660
 18640.000000 -852839.437500 803.604433 3.280128 3.312511 16.746626
 18660.000000 -852359.375000 802.675899 3.356807 3.445093 16.678617
 18680.000000 -853623.437500 803.836868 3.464988 3.541077 16.550682
 18700.000000 -850856.562500 805.233020 3.583724 3.487328 16.342943
 18720.000000 -853378.187500 805.521261 3.352450 3.293691 16.357132
 18740.000000 -854176.125000 803.252856 3.465049 3.324941 16.496580
 18760.000000 -854006.312500 801.706625 3.454840 3.730148 16.474745
 18780.000000 -854795.875000 804.042514 3.300014 3.498685 16.606389
 18800.000000 -853362.562500 804.915760 3.481622 3.209671 16.835355
 18820.000000 -853674.125000 804.306528 3.502654 3.360406 16.616369
 18840.000000 -851988.125000 802.757768 3.519874 3.313177 16.740554
 18860.000000 -854202.437500 801.461289 3.416619 3.215440 16.969941
 18880.000000 -852537.500000 805.079030 3.557402 3.228555 16.660053
 18900.000000 -853945.750000 805.062388 3.486534 3.270393 16.542850
 18920.000000 -854256.937500 801.126245 3.831373 3.461702 16.495377
 18940.000000 -854785.812500 803.655117 3.549293 3.488479 16.400189
 18960.000000 -852027.125000 805.215297 3.208823 3.379774 16.462021
 18980.000000 -853722.875000 804.410866 3.038007 3.193135 16.513999
 19000.000000 -853683.687500 805.237763 3.241312 3.453263 16.516332
 19020.000000 -854338.687500 803.918274 3.052059 3.551819 16.282827
 19040.000000 -853882.937500 803.024584 3.418625 3.253468 16.568788
 19060.000000 -853509.312500 802.865582 3.345107 3.286614 16.563790
 19080.000000 -853190.500000 805.440592 3.187783 3.183313 16.443107
 19100.000000 -854855.000000 801.699789 3.408513 3.159815 16.320885
 19120.000000 -852810.000000 802.751263 3.391328 3.308185 16.471354
 19140.000000 -851694.875000 806.634133 3.259106 3.148019 16.082658
 19160.000000 -854157.625000 804.047670 3.251686 3.183264 16.316544
 19180.000000 -854753.312500 801.518866 3.129095 3.374508 16.591436
 19200.000000 -852354.875000 803.847140 3.131512 3.460478 16.325397
 19220.000000 -852585.125000 804.264007 3.285021 3.571134 16.261577
 19240.000000 -854351.625000 804.584533 3.362253 3.363034 16.375791
 19260.000000 -853085.875000 805.275262 3.589670 3.298187 16.746310
 19280.000000 -852748.062500 802.331544 3.449117 3.487527 16.637320
 19300.000000 -854090.000000 803.657250 3.642058 3.194271 16.497855
 19320.000000 -852818.437500 803.428953 3.341168 3.375844 16.385055
 19340.000000 -852480.250000 804.145138 3.328357 3.411080 16.677691
 19360.000000 -855005.187500 801.961238 3.622897 3.380966 16.747192
 19380.000000 -855471.937500 801.982607 3.617243 3.422365 16.604970
 19400.000000 -853807.875000 802.228312 3.491777 3.615071 16.439031
 19420.000000 -852922.375000 805.537543 3.269480 3.306443 16.569232
 19440.000000 -852399.437500 802.759541 3.423037 3.224292 16.303557
 19460.000000 -851959.937500 804.414338 3.463524 3.236405 16.461691
 19480.000000 -853335.000000 804.616971 2.995981 3.903204 16.321302
 19500.000000 -853191.312500 804.486325 3.345043 3.594358 16.493592
 19520.000000 -852256.312500 803.632871 3.496826 3.563239 16.478725
 19540.000000 -851527.937500 803.766130 3.683219 3.457340 16.684302
 19560.000000 -854677.812500 801.155329 3.610787 3.130439 16.324493
 19580.000000 -853329.312500 805.119515 3.015725 3.301688 16.263564
 19600.000000 -854150.375000 803.188956 3.339702 3.515858 16.093214
 19620.000000 -855426.562500 800.256827 3.249985 3.395234 16.534681
 19640.000000 -853781.125000 800.987127 3.363533 3.390550 16.364641
 19660.000000 -853118.625000 803.777294 3.373224 3.456297 16.584891
 19680.000000 -853643.000000 803.526473 3.300306 3.441648 16.548701
 19700.000000 -853905.812500 803.059205 3.168531 3.443027 16.431780
 19720.000000 -852606.125000 802.849044 3.615673 3.132537 16.794740
 19740.000000 -854345.312500 804.443649 3.448183 3.227658 16.758461
 19760.000000 -853831.625000 802.212951 3.512844 3.214294 16.893882
 19780.000000 -853515.375000 802.121838 3.345154 3.350963 16.709625
 19800.000000 -851374.812500 803.758086 3.360410 3.478872 16.743728
 19820.000000 -852863.312500 804.316346 3.271731 3.333505 16.622639
 19840.000000 -853347.812500 802.300620 3.349260 3.468546 16.536012
 19860.000000 -854505.000000 803.130396 3.142193 3.549686 16.497619
 19880.000000 -852884.500000 808.313721 3.292963 3.538106 16.550961
 19900.000000 -852292.375000 805.935495 3.472158 3.492423 16.519037
 19920.000000 -851671.687500 806.887234 3.082345 3.304542 16.574720
 19940.000000 -854512.250000 802.949158 3.237839 3.266539 16.515869
 19960.000000 -851466.125000 804.302412 3.504269 3.532361 16.604427
 19980.000000 -854954.125000 804.423987 3.299894 3.455551 16.641921
 20000.000000 -853966.437500 803.635167 3.174350 3.290138 16.392849
 20020.000000 -854112.500000 805.373486 3.258218 3.373886 16.565260
 20040.000000 -854332.937500 804.192816 3.283138 3.595932 16.740785
 20060.000000 -851934.937500 803.859113 3.177525 3.683984 16.487256
 20080.000000 -854597.437500 804.147721 3.299134 3.589846 16.681009
 20100.000000 -853328.125000 803.344858 3.464694 3.346586 16.860547
 20120.000000 -852277.062500 807.021085 3.544923 3.330598 16.595883
 20140.000000 -854812.812500 804.280043 3.643397 3.183747 16.820432
 20160.000000 -853373.125000 807.509984 3.647047 2.957520 16.767757
 20180.000000 -853287.250000 804.132908 3.630826 3.304486 16.481935
 20200.000000 -853881.062500 803.879015 3.414792 3.412167 16.338780
 20220.000000 -852380.062500 804.915557 3.072419 3.349227 16.447146
 20240.000000 -853529.562500 802.529121 3.193705 3.338987 16.211237
 20260.000000 -852999.500000 804.295820 3.436258 3.603521 16.355905
 20280.000000 -854661.062500 800.254287 3.174997 3.615453 16.472186
 20300.000000 -855393.687500 803.674793 3.208455 3.502188 16.399073
 20320.000000 -855414.937500 802.801096 3.343417 3.365068 16.532814
 20340.000000 -853552.625000 803.945957 3.507682 3.479183 16.492432
 20360.000000 -853390.500000 806.386531 3.524570 3.582578 16.297712
 20380.000000 -852840.312500 806.785414 3.468013 3.550556 16.234566
 20400.000000 -854170.000000 804.251003 3.315863 3.302165 16.606146
 20420.000000 -854067.437500 803.302238 3.682448 3.276791 16.625255
 20440.000000 -853709.437500 805.494861 3.396238 3.173718 16.708037
 20460.000000 -852995.062500 803.416072 3.352760 3.189381 16.404142
 20480.000000 -855589.500000 804.556690 3.386532 3.418583 16.443918
 20500.000000 -853919.875000 803.617691 3.461554 3.282289 16.502102
 20520.000000 -854679.937500 803.001713 3.341740 3.522366 16.384868
 20540.000000 -852132.437500 804.091768 3.290182 3.738856 16.538091
 20560.000000 -854453.750000 802.635987 3.406693 3.447962 16.508394
 20580.000000 -854733.625000 806.242953 3.468774 3.562876 16.336037
 20600.000000 -851772.750000 808.294437 3.441759 3.467407 16.393976
 20620.000000 -852058.750000 807.048155 3.561298 3.529954 16.623753
 20640.000000 -852607.625000 805.880158 3.344042 3.425780 16.724040
 20660.000000 -851589.812500 803.842048 3.574548 3.052463 16.642334
 20680.000000 -853053.562500 805.020247 3.402318 3.156932 16.567357
 20700.000000 -853700.687500 805.782050 3.378382 3.500760 16.409291
 20720.000000 -853043.812500 803.112255 3.196626 3.674362 16.440535
 20740.000000 -852792.250000 805.520873 2.878290 3.592872 16.584247
 20760.000000 -853613.687500 804.570475 3.134047 3.360030 16.613704
 20780.000000 -852143.375000 807.587850 3.484317 3.200784 16.586906
 20800.000000 -853164.625000 806.043165 3.370540 3.260970 16.650288
 20820.000000 -852960.625000 805.349952 3.507729 3.230087 16.403358
 20840.000000 -855220.312500 803.822570 3.642379 3.350623 16.519492
 20860.000000 -854734.875000 803.414262 3.620494 3.334227 16.397544
 20880.000000 -854049.687500 805.487428 3.385140 3.453483 16.264505
 20900.000000 -854601.437500 803.050468 3.439161 3.602925 16.571804
 20920.000000 -853520.062500 804.351499 3.462492 3.490933 16.595805
 20940.000000 -853983.187500 805.701389 3.319734 3.392522 16.262509
 20960.000000 -851839.875000 803.935934 3.230727 3.393924 16.258276
 20980.000000 -854343.125000 805.746839 2.976255 3.645913 16.569870
 21000.000000 -852894.562500 804.419911 3.253581 3.558848 16.148721
 21020.000000 -852640.125000 802.594483 3.159799 3.586384 16.341725
 21040.000000 -852704.562500 804.881934 3.304432 3.621411 16.180201
 21060.000000 -853697.875000 803.176385 3.388180 3.668448 16.478792
 21080.000000 -852781.062500 804.297740 3.438596 3.378843 16.329013
 21100.000000 -853920.312500 803.114080 3.458540 3.280373 16.487701
 21120.000000 -853513.250000 805.457564 3.574185 3.267799 16.474090
 21140.000000 -854393.250000 802.429317 3.683617 3.214184 16.592489
 21160.000000 -853971.875000 803.565761 3.513474 3.315055 16.684384
 21180.000000 -853603.062500 803.794948 3.369542 3.442351 16.542242
 21200.000000 -851776.000000 803.768426 3.416432 3.339733 16.410801
 21220.000000 -852443.500000 801.943819 3.528250 3.272684 16.540008
 21240.000000 -854667.937500 804.345936 3.290444 3.632858 16.337076
 21260.000000 -852885.687500 805.384578 3.528691 3.360492 16.324807
 21280.000000 -851502.437500 805.540069 3.429188 3.278370 16.394900
 21300.000000 -853069.937500 803.558510 3.355700 3.025193 16.378135
 21320.000000 -852093.937500 805.230861 3.486570 3.295848 16.253452
 21340.000000 -854181.187500 805.829070 3.282355 3.393952 16.441518
 21360.000000 -852774.687500 805.980941 3.322298 3.078149 16.426191
 21380.000000 -855436.000000 804.445686 3.295788 3.448218 16.366003
 21400.000000 -853204.500000 805.680558 3.370233 3.525712 16.507825
 21420.000000 -852447.375000 803.568689 3.320068 3.587137 16.720096
 21440.000000 -853994.562500 803.178366 3.285637 3.554258 16.551911
 21460.000000 -853834.875000 802.112757 3.202604 3.211933 16.497682
 21480.000000 -852517.750000 805.783045 3.394226 3.221079 16.271990
 21500.000000 -853362.125000 804.460763 3.591730 3.262356 16.450801
 21520.000000 -853649.750000 805.080698 3.543207 3.294479 16.403387
 21540.000000 -853523.375000 801.942653 3.369253 3.635161 16.496168
 21560.000000 -852770.875000 804.124037 3.455317 3.765889 16.205247
 21580.000000 -852396.812500 806.059743 3.439165 3.411908 16.425363
 21600.000000 -853027.687500 806.609239 3.154467 3.357465 16.608071
 21620.000000 -854045.437500 804.376155 3.233573 3.282736 16.577071
 21640.000000 -853450.687500 805.357944 3.219160 3.349364 16.282388
 21660.000000 -854321.187500 804.217232 3.589052 3.386646 16.581974
 21680.000000 -853756.625000 803.799100 3.368804 3.425567 16.459939
 21700.000000 -853468.312500 805.353518 3.548389 3.373055 16.588642
 21720.000000 -854953.187500 803.943021 3.644267 3.288017 16.410607
 21740.000000 -852212.250000 806.322445 3.316423 3.248828 16.319235
 21760.000000 -853669.312500 804.069911 3.102264 3.400833 16.651277
 21780.000000 -851861.625000 803.675788 3.242538 3.281908 16.379984
 21800.000000 -852032.875000 807.158545 3.347308 3.557457 16.328363
 21820.000000 -853191.687500 805.772452 3.352486 3.431005 16.409006
 21840.000000 -852724.187500 805.331850 3.280953 3.264566 16.475670
 21860.000000 -852723.500000 806.786456 3.289871 3.493940 16.570665
 21880.000000 -854858.500000 803.638634 3.162881 3.415856 16.686380
 21900.000000 -852634.625000 802.870370 3.527458 3.323054 16.491413
 21920.000000 -854620.750000 803.943774 3.417959 3.202985 16.420639
 21940.000000 -854198.312500 805.116270 3.541083 3.362173 16.765959
 21960.000000 -853644.687500 806.651647 3.250492 3.332111 16.496979
 21980.000000 -853129.000000 805.839701 3.334588 3.572665 16.581694
 22000.000000 -854501.625000 804.256535 3.328651 3.730175 16.416132
 22020.000000 -854946.750000 803.054093 3.458163 3.585489 16.282999
 22040.000000 -853750.125000 804.552977 3.385646 3.588402 16.192986
 22060.000000 -854481.937500 803.507209 3.524857 3.442112 16.256128
 22080.000000 -853490.000000 802.586582 3.508983 3.432195 16.369522
 22100.000000 -854320.937500 803.320983 3.354368 3.477392 16.479671
 22120.000000 -854220.750000 804.656089 3.544777 3.510826 16.431739
 22140.000000 -852220.437500 802.838322 3.340446 3.504892 16.706541
 22160.000000 -855263.875000 802.085898 3.278691 3.288444 16.454758
 22180.000000 -854001.062500 804.812833 2.964708 3.676850 16.461970
 22200.000000 -853063.562500 806.567657 3.401520 3.321547 16.651013
 22220.000000 -853924.000000 805.780445 3.399750 3.342453 16.775795
 22240.000000 -854223.750000 806.081544 3.546542 3.633818 16.564461
 22260.000000 -853696.812500 804.249224 3.588878 3.480666 16.520763
 22280.000000 -852959.250000 806.120533 3.473071 3.262283 16.425864
 22300.000000 -855320.062500 805.365109 3.379073 3.432595 16.304048
 22320.000000 -852536.625000 806.353753 3.528853 3.534850 16.325937
 22340.000000 -852910.250000 805.880353 3.350160 3.679416 16.422432
 22360.000000 -853586.500000 809.051341 3.289010 3.452569 16.480805
 22380.000000 -853451.562500 803.970394 3.596133 3.463208 16.258420
 22400.000000 -855228.187500 803.565731 3.486339 3.296361 16.374563
 22420.000000 -854780.625000 803.272246 3.376989 3.163951 16.443970
 22440.000000 -855437.125000 801.615747 3.473861 3.377412 16.500176
 22460.000000 -856118.375000 801.753867 3.422026 3.386518 16.451915
 22480.000000 -855407.687500 803.434076 3.213517 3.414254 16.667464
 22500.000000 -852343.937500 805.632126 3.424941 2.967255 16.487882
 22520.000000 -853625.437500 806.708414 3.435702 3.289437 16.282572
 22540.000000 -852928.562500 804.064397 3.635038 3.518067 16.287780
 22560.000000 -853941.812500 804.680098 3.630120 3.567015 16.306541
 22580.000000 -853975.250000 805.934309 3.216532 3.240286 16.485366
 22600.000000 -854387.187500 803.731302 3.554555 3.468025 16.261986
 22620.000000 -853896.312500 804.941509 3.599112 3.290691 16.270752
 22640.000000 -855008.562500 803.924643 3.644282 3.387541 16.407398
 22660.000000 -855263.937500 805.860638 3.598080 3.087810 16.306899
 22680.000000 -853290.062500 805.384088 3.213995 3.632029 16.494023
 22700.000000 -854116.625000 802.844055 3.316399 3.624674 16.669966
 22720.000000 -853474.500000 801.118543 3.334930 3.512982 16.562680
 22740.000000 -855316.437500 803.266156 3.312954 3.257852 16.355404
 22760.000000 -854275.125000 806.538978 3.353954 3.342632 16.448239
 22780.000000 -852000.062500 805.759649 3.356782 3.361298 16.578095
 22800.000000 -853847.625000 806.190669 3.221497 3.407165 16.698267
 22820.000000 -854162.000000 805.278265 3.266434 3.323541 16.383811
 22840.000000 -855051.375000 803.672898 3.335945 3.264417 16.172828
 22860.000000 -851948.187500 804.306196 3.417583 3.137854 16.459260
 22880.000000 -854095.562500 803.181228 3.562773 3.570746 16.533981
 22900.000000 -853442.562500 802.769800 3.478835 3.515746 16.377960
 22920.000000 -853237.687500 804.459727 3.269739 3.582782 16.457491
 22940.000000 -852524.625000 805.407983 3.100950 3.630892 16.636032
 22960.000000 -852507.562500 803.949424 3.396204 3.411721 16.506342
 22980.000000 -854358.812500 802.623427 3.239702 3.117761 16.662632
 23000.000000 -855076.125000 802.576465 3.392643 3.166323 16.284340
 23020.000000 -854000.875000 805.207257 3.498352 3.131320 16.235889
 23040.000000 -854331.937500 805.380693 3.341244 3.334359 16.324665
 23060.000000 -853638.500000 802.580613 3.272724 3.536141 16.199500
 23080.000000 -851916.812500 804.847285 3.530028 3.404385 16.503917
 23100.000000 -853833.187500 803.958361 3.300747 3.143128 16.556437
 23120.000000 -854547.375000 802.831414 3.503047 3.566246 16.496390
 23140.000000 -853039.812500 804.943414 3.288989 3.554145 16.612336
 23160.000000 -852779.062500 805.724849 3.112278 3.355617 16.610076
 23180.000000 -854052.687500 803.078103 3.186402 3.183505 16.514273
 23200.000000 -853818.875000 804.353678 3.027443 3.385108 16.701367
 23220.000000 -853487.687500 802.732566 3.423923 3.402188 16.781014
 23240.000000 -853936.437500 805.289371 3.688679 3.440773 16.438872
 23260.000000 -852387.812500 802.627994 3.425318 3.250321 16.357302
 23280.000000 -853252.437500 804.897770 3.186041 3.260304 16.316007
 23300.000000 -854482.437500 803.294305 3.340631 3.363585 16.229367
 23320.000000 -852457.687500 808.400265 3.453412 3.467602 16.345360
 23340.000000 -853002.125000 804.319528 3.198131 3.430697 16.490304
 23360.000000 -851988.625000 805.996079 3.279513 3.580347 16.876008
 23380.000000 -854556.250000 804.844355 3.344163 3.614556 16.740173
 23400.000000 -853346.937500 805.609286 3.354653 3.672523 16.585975
 23420.000000 -852902.312500 805.145029 3.486874 3.547288 16.374250
 23440.000000 -853396.187500 806.076200 3.865375 3.635565 16.486287
 23460.000000 -852906.812500 804.703968 3.579109 3.531228 16.677008
 23480.000000 -855027.375000 803.217366 3.550053 3.747920 16.431917
 23500.000000 -853367.187500 803.620647 3.323952 3.411797 16.581864
 23520.000000 -854256.875000 804.649895 3.444038 3.533151 16.606856
 23540.000000 -852227.562500 805.147107 3.207515 3.607647 16.310515
 23560.000000 -852298.000000 807.176786 3.247685 3.800022 16.391603
 23580.000000 -853884.187500 803.083982 3.515905 3.524052 16.402790
 23600.000000 -853578.750000 803.395935 3.600509 3.303430 16.434953
 23620.000000 -853808.750000 803.465584 3.714057 3.510562 16.609548
 23640.000000 -854068.437500 803.341291 3.614824 3.550957 16.564498
 23660.000000 -853275.812500 805.180850 3.437449 3.407050 16.445582
 23680.000000 -851612.750000 804.565601 3.401626 3.509416 16.362739
 23700.000000 -853287.500000 807.776767 3.435516 3.632646 16.591146
 23720.000000 -853076.312500 806.078077 3.239992 3.192699 16.509681
 23740.000000 -852980.937500 805.373214 3.245834 3.222631 16.717633
 23760.000000 -856199.875000 803.238044 3.247793 3.406325 16.656698
 23780.000000 -852680.000000 803.308348 3.257999 3.418955 16.412427
 23800.000000 -853675.250000 804.102103 3.135337 3.509782 16.473283
 23820.000000 -855429.125000 803.036811 2.991629 3.670451 16.649452
 23840.000000 -851681.562500 807.502038 3.303589 3.563251 16.692099
 23860.000000 -854253.625000 804.353993 3.224769 3.610277 16.598304
 23880.000000 -854363.562500 802.508462 3.214437 3.468851 16.378715
 23900.000000 -853758.375000 803.564342 3.223542 3.455176 16.411380
 23920.000000 -853734.875000 803.621073 3.216404 3.405649 16.430532
 23940.000000 -853876.937500 803.309705 3.245255 3.385274 16.523276
 23960.000000 -853286.062500 805.744112 3.343645 3.599172 16.434412
 23980.000000 -855327.250000 804.048248 3.010499 3.453283 16.674276
 24000.000000 -853178.500000 803.034688 3.272344 3.109406 16.664150
 24020.000000 -854437.687500 807.293899 3.473574 3.255329 16.294768
 24040.000000 -852470.062500 805.632494 3.448939 3.409833 16.443435
 24060.000000 -853711.062500 805.084228 2.946445 3.524864 16.185831
 24080.000000 -851908.562500 803.772883 3.064609 3.415633 16.430311
 24100.000000 -853208.187500 804.075278 3.302937 3.289537 16.371611
 24120.000000 -854352.250000 806.852483 3.239873 3.293906 16.377210
 24140.000000 -854453.750000 804.775695 3.271428 3.385376 16.354903
 24160.000000 -852331.375000 805.706953 3.595342 3.604293 16.414169
 24180.000000 -854325.625000 804.179983 3.578002 3.556999 16.218658
 24200.000000 -851794.375000 807.376852 3.403541 3.530264 16.529225
 24220.000000 -852936.125000 805.692536 3.579596 3.586895 16.575907
 24240.000000 -854418.750000 804.302065 3.664106 3.629698 16.468181
 24260.000000 -855748.500000 804.583052 3.132057 3.533536 16.502061
 24280.000000 -855359.000000 801.246213 3.280875 3.383627 16.550461
 24300.000000 -853434.937500 803.488320 3.566538 3.313921 16.706081
 24320.000000 -853051.125000 803.251586 3.254307 3.341457 16.678163
 24340.000000 -852910.312500 806.839757 3.185195 3.129966 16.458824
 24360.000000 -852088.062500 804.917238 3.268982 3.319324 16.256711
 24380.000000 -854716.312500 801.689584 3.539864 3.029696 16.462410
 24400.000000 -854377.812500 804.372589 3.348156 3.326277 16.534805
 24420.000000 -852723.250000 805.181103 3.428283 3.205085 16.406534
 24440.000000 -855262.687500 803.814472 3.422674 3.138717 16.134247
 24460.000000 -852206.562500 808.347379 3.527385 3.212021 16.564703
 24480.000000 -854350.875000 803.191386 3.690196 3.259202 16.430922
 24500.000000 -851567.687500 805.897428 3.282674 3.349036 16.614166
 24520.000000 -854762.500000 802.610640 3.360181 3.513331 16.547537
 24540.000000 -853068.187500 806.342984 3.403821 3.419571 16.567728
 24560.000000 -851090.562500 806.004083 3.090645 3.664846 16.586939
 24580.000000 -853370.250000 805.201048 3.485383 3.590920 16.405891
 24600.000000 -853250.062500 805.645490 3.433692 3.189005 16.323878
 24620.000000 -853345.500000 805.088885 3.466399 3.464584 16.403994
 24640.000000 -854588.437500 805.060743 3.202134 3.265376 16.534065
 24660.000000 -853944.312500 803.651686 3.050341 3.489769 16.354479
 24680.000000 -852261.250000 805.986762 3.275121 3.358819 16.285786
 24700.000000 -853909.125000 803.407947 3.231028 3.220521 16.547793
 24720.000000 -853031.937500 804.497416 3.446407 3.377818 16.592149
 24740.000000 -853627.750000 805.297888 3.254753 3.443905 16.368889
 24760.000000 -853588.500000 805.770421 3.325641 3.519945 16.451479
 24780.000000 -852407.000000 807.225609 3.486796 3.309227 16.420438
 24800.000000 -853728.812500 804.759835 3.624536 3.242118 16.413484
 24820.000000 -852804.750000 804.673391 3.467248 3.284432 16.736088
 24840.000000 -854214.062500 803.765361 3.187722 3.433112 17.031758
 24860.000000 -852967.000000 804.197236 3.065499 3.287101 16.606913
 24880.000000 -852805.812500 805.902064 3.057733 3.220276 16.236573
 24900.000000 -853058.812500 805.499466 3.546691 3.141474 16.599218
 24920.000000 -851982.687500 806.023094 3.421766 3.323536 16.735052
 24940.000000 -850994.375000 810.312905 3.180713 3.245226 6.022837
 24960.000000 -852311.750000 810.566160 3.364935 3.204297 10.812294
 24980.000000 -852307.750000 807.920938 3.289336 3.270793 12.223558
 25000.000000 -851910.125000 804.832236 3.205481 3.385154 14.713406
 25020.000000 -853341.000000 803.174849 3.213540 3.339142 15.839777
 25040.000000 -852987.000000 802.774946 3.361095 3.505454 16.332810
 25060.000000 -852704.687500 807.745145 3.291861 3.556713 16.473536
 25080.000000 -851733.812500 807.325642 3.142276 3.116860 16.601385
 25100.000000 -853391.125000 804.116576 3.367923 3.085629 16.697932
 25120.000000 -852618.437500 803.953462 3.226560 3.346557 16.725313
 25140.000000 -852811.625000 804.378463 3.471002 3.363429 16.698107
 25160.000000 -852830.437500 803.930305 3.212377 3.410754 16.354699
 25180.000000 -853187.437500 802.556380 3.359465 3.543217 16.389239
 25200.000000 -853959.937500 802.027325 3.644921 3.558916 16.591091
 25220.000000 -852414.250000 804.406098 3.524519 3.357798 16.521902
 25240.000000 -854259.062500 805.142199 3.227312 3.206892 16.487022
 25260.000000 -853083.437500 803.357434 3.396426 3.354039 16.178169
 25280.000000 -854074.375000 806.047140 3.264457 3.489271 16.355254
 25300.000000 -854115.000000 804.390625 2.983002 3.562134 16.480410
 25320.000000 -853652.500000 804.780480 3.264870 3.271794 16.534700
 25340.000000 -853158.625000 802.276309 3.443835 3.105562 16.644526
 25360.000000 -853049.625000 806.581375 3.406297 3.446208 16.484964
 25380.000000 -853244.687500 805.594927 3.368858 3.168953 16.490691
 25400.000000 -853188.250000 803.025536 3.580000 3.349797 16.705670
 25420.000000 -852690.000000 805.388107 3.629178 3.481238 16.518540
 25440.000000 -853676.312500 802.582851 3.442105 3.530043 16.448840
 25460.000000 -853551.062500 805.406453 3.421730 3.625783 16.584842
 25480.000000 -853468.750000 805.419253 3.388522 3.593060 16.546734
 25500.000000 -856038.750000 805.804407 3.347485 3.519999 16.536407
 25520.000000 -855697.500000 803.019730 3.377480 3.623101 16.413147
 25540.000000 -853298.812500 803.473892 3.538454 3.758388 16.639698
 25560.000000 -853150.562500 801.045394 3.584267 3.467296 16.412782
 25580.000000 -853170.687500 805.306250 3.418994 3.697974 16.452367
 25600.000000 -853173.500000 803.391613 3.414031 3.394818 16.588845
 25620.000000 -853869.062500 803.591700 3.610962 3.442845 16.526923
 25640.000000 -854709.875000 803.777680 3.548929 3.174016 16.581599
 25660.000000 -853694.250000 803.880783 3.500623 3.147264 16.659230
 25680.000000 -851196.312500 805.027586 3.745147 3.241607 3.754897
 25700.000000 -852219.437500 808.076130 3.314028 3.682609 7.568636
 25720.000000 -852759.125000 806.716176 3.156105 3.500427 10.140642
 25740.000000 -852747.750000 806.683782 3.115872 3.474969 10.690816
 25760.000000 -851046.062500 809.019873 3.026911 3.666696 11.933826
 25780.000000 -851170.687500 806.125648 3.230817 3.801934 14.514738
 25800.000000 -852960.000000 805.837554 3.360421 3.413736 15.808913
 25820.000000 -853403.562500 804.504271 3.384591 3.389536 16.032230
 25840.000000 -853476.500000 803.159868 3.428923 3.328482 16.305327
 25860.000000 -852782.562500 803.682771 3.393366 3.093496 16.186127
 25880.000000 -854616.437500 802.253395 3.455889 3.050652 16.337951
 25900.000000 -852436.125000 803.215527 3.485562 3.257872 16.511523
 25920.000000 -853420.812500 805.392752 3.383252 3.524220 16.308353
 25940.000000 -852486.187500 803.928640 3.359676 3.392454 16.235000
 25960.000000 -852717.062500 803.228267 3.388493 3.490882 16.427083
 25980.000000 -854793.562500 803.986236 3.466356 3.384354 16.539618
 26000.000000 -852165.250000 803.906788 3.358543 3.030270 16.436885
 26020.000000 -852049.375000 805.390246 3.288913 3.170536 16.483374
 26040.000000 -852855.687500 806.315832 3.490024 3.169911 16.571792
 26060.000000 -855488.937500 804.845029 3.725429 3.483741 16.312223
 26080.000000 -852532.250000 804.380281 3.702555 3.317806 16.490268
 26100.000000 -852641.062500 802.720111 3.478590 3.434655 16.625789
 26120.000000 -854449.750000 802.113877 3.372628 3.288701 16.694838
 26140.000000 -853019.750000 804.045746 3.683846 3.537928 16.475060
 26160.000000 -851876.375000 804.249009 3.613607 3.460066 16.593241
 26180.000000 -854570.062500 804.316842 3.338753 3.503759 16.310307
 26200.000000 -852094.750000 805.105527 3.228069 3.368321 16.436966
 26220.000000 -852505.187500 805.158162 3.190114 3.064800 16.412080
 26240.000000 -852491.375000 805.419277 3.129869 3.366955 16.563109
 26260.000000 -852227.437500 801.805448 3.385765 3.547134 16.341621
 26280.000000 -853170.500000 802.366588 3.539919 3.504126 16.497164
 26300.000000 -852485.000000 804.963692 3.372304 3.554424 16.710500
 26320.000000 -854605.562500 802.347803 3.520680 3.574471 16.571485
 26340.000000 -853825.812500 803.302922 3.415961 3.486758 16.539970
 26360.000000 -853243.312500 802.542533 3.438759 3.447536 16.576748
 26380.000000 -854615.250000 803.881851 3.129728 3.702617 16.553622
 26400.000000 -853388.000000 804.801613 3.537631 3.760836 16.576188
 26420.000000 -852837.312500 804.709746 3.509859 3.644164 16.508772
 26440.000000 -854263.000000 804.369282 3.251535 3.373877 16.268663
 26460.000000 -854001.500000 803.846748 3.395985 3.221785 16.433644
 26480.000000 -852413.937500 804.044841 3.290276 3.196028 16.188679
 26500.000000 -854022.000000 803.065600 3.348783 3.328882 16.468182
 26520.000000 -853957.312500 805.423251 3.324361 3.428195 16.301751
 26540.000000 -853482.375000 804.166705 3.635961 3.356014 16.311877
 26560.000000 -855723.312500 801.235347 3.445341 3.208216 16.519321
 26580.000000 -854178.750000 804.965749 3.399939 3.162221 16.494820
 26600.000000 -852093.500000 803.066513 3.371742 3.349059 16.507685
 26620.000000 -853059.625000 802.137670 3.428588 3.553234 16.412703
 26640.000000 -854075.937500 804.023679 3.365669 3.466492 16.346098
 26660.000000 -852945.625000 805.094025 3.485175 3.325196 16.424341
 26680.000000 -853521.062500 802.563594 3.349281 3.327654 16.590470
 26700.000000 -853312.937500 803.885424 3.135050 3.342300 16.675640
 26720.000000 -855215.562500 804.888234 3.240419 3.181494 16.602059
 26740.000000 -853811.500000 803.100118 3.457483 3.407672 16.637622
 26760.000000 -853989.375000 803.145691 3.658577 3.371128 16.630159
 26780.000000 -852955.750000 802.077960 3.860801 3.249814 16.371140
 26800.000000 -853932.000000 802.898349 3.432715 3.534552 16.300519
 26820.000000 -853387.375000 802.317121 3.371851 3.411803 16.486995
 26840.000000 -854535.187500 802.568718 3.480726 3.393731 16.640840
 26860.000000 -854513.812500 803.474143 3.488781 3.244413 16.689358
 26880.000000 -855339.250000 801.354643 3.449343 3.434210 16.606769
 26900.000000 -854856.625000 802.076225 3.369539 3.744036 16.626073
 26920.000000 -854796.312500 802.958667 3.623105 3.747036 16.557943
 26940.000000 -853296.812500 805.196446 3.400479 3.693737 16.577504
 26960.000000 -854269.687500 802.376199 3.415533 3.480604 16.184970
 26980.000000 -851561.937500 804.038706 3.434971 3.304217 16.489167
 27000.000000 -852139.312500 806.628416 3.706305 3.431819 16.463626
 27020.000000 -853094.062500 804.300090 3.243868 3.326588 16.358954
 27040.000000 -852945.687500 807.276209 3.100938 3.416691 16.236828
 27060.000000 -855027.000000 802.681684 3.287629 3.108692 16.322313
 27080.000000 -853434.375000 804.283269 3.409181 3.080843 16.245031
 27100.000000 -852017.812500 803.922990 3.730347 3.217756 16.223300
 27120.000000 -852984.125000 806.662639 3.535405 3.074967 16.226234
 27140.000000 -852746.375000 806.090540 3.438014 3.192303 16.136825
 27160.000000 -853741.625000 804.729633 3.413151 3.596253 16.530065
 27180.000000 -853827.500000 804.523842 3.485399 3.381549 16.530305
 27200.000000 -853085.625000 804.949302 3.651259 3.421976 16.503215
 27220.000000 -854501.687500 802.318276 3.434075 3.266627 16.233084
 27240.000000 -851314.187500 807.559120 3.579784 3.330431 16.556222
 27260.000000 -853094.375000 803.310224 3.209786 3.724045 16.527030
 27280.000000 -851689.937500 803.718624 3.534948 3.568634 16.452008
 27300.000000 -854784.375000 803.538966 3.273282 3.572615 16.467399
 27320.000000 -851213.062500 804.282184 3.117920 3.178458 16.396273
 27340.000000 -855229.750000 802.093192 3.420312 3.226557 16.508211
 27360.000000 -854967.625000 801.856932 3.623838 3.364657 16.268842
 27380.000000 -853171.437500 802.206938 3.309469 3.753690 16.478819
 27400.000000 -852168.812500 804.907581 3.339132 3.532054 16.480104
 27420.000000 -853442.250000 802.279640 3.421250 3.887899 16.388338
 27440.000000 -854578.125000 804.107747 3.289608 3.616154 16.352007
 27460.000000 -853643.937500 802.416892 3.443852 3.588589 16.193982
 27480.000000 -853314.125000 802.836340 3.323981 3.673030 16.405219
 27500.000000 -853474.250000 804.281064 3.224591 3.651480 16.647195
 27520.000000 -853766.000000 802.828137 3.571138 3.381650 16.795270
 27540.000000 -851967.812500 806.602055 3.351857 3.249912 16.702823
 27560.000000 -854632.250000 802.513715 3.312327 3.281353 16.672048
 27580.000000 -853749.875000 804.261146 3.302600 3.252144 16.634413
 27600.000000 -853246.187500 803.193894 3.061458 2.961021 16.615053
 27620.000000 -852639.187500 806.018754 3.108873 3.402901 16.460765
 27640.000000 -856639.875000 806.220231 3.318732 3.651880 16.240181
 27660.000000 -852535.437500 803.656178 3.034202 3.342656 16.363954
 27680.000000 -854821.437500 801.442030 3.199391 3.467569 16.263020
 27700.000000 -852838.250000 803.122318 3.359938 3.623515 16.252509
 27720.000000 -855625.375000 804.244189 3.164638 3.453664 16.156847
 27740.000000 -854092.625000 802.272873 3.498375 3.616870 16.176510
 27760.000000 -854887.437500 800.194344 3.411484 3.434634 16.362440
 27780.000000 -854075.250000 803.882363 3.395863 3.238084 16.332010
 27800.000000 -853022.687500 805.072551 3.347460 3.196969 16.488839
 27820.000000 -855697.875000 804.755673 3.191958 3.367077 16.442828
 27840.000000 -852534.750000 805.063809 3.357759 3.499779 16.408498
 27860.000000 -853769.812500 804.506884 3.609457 3.443762 16.485126
 27880.000000 -851841.875000 805.209236 3.717265 3.357537 16.252373
 27900.000000 -855307.937500 801.744584 3.468371 3.484131 16.646419
 27920.000000 -853841.875000 804.683311 3.415427 3.521365 16.535924
 27940.000000 -852738.375000 803.733314 3.558165 3.457370 16.337050
 27960.000000 -854303.875000 803.260072 3.567853 3.418040 16.259402
 27980.000000 -855257.062500 800.516273 3.472312 3.233492 16.564271
 28000.000000 -854476.750000 806.055301 3.152921 3.269937 16.636979
 28020.000000 -855355.250000 804.326915 3.298671 3.318117 16.614198
 28040.000000 -853708.812500 804.347015 3.339952 3.628188 16.345068
 28060.000000 -853574.750000 804.156801 3.392680 3.665804 16.456795
 28080.000000 -853941.937500 802.208551 3.467862 3.574639 16.566963
 28100.000000 -852681.312500 805.449561 3.240169 3.567053 16.587518
 28120.000000 -854431.562500 807.040963 3.244745 3.794273 16.674618
 28140.000000 -852218.437500 805.100466 3.139378 3.463326 16.706640
 28160.000000 -853014.062500 805.035371 3.076506 3.231510 16.405947
 28180.000000 -855514.937500 801.213354 3.643638 3.391428 16.656442
 28200.000000 -853989.312500 804.441848 3.541362 3.426754 16.704456
 28220.000000 -853111.937500 805.649094 3.489845 3.663175 16.453089
 28240.000000 -853339.250000 804.547218 3.359438 3.670616 16.349141
 28260.000000 -852854.312500 803.243124 3.447991 3.584758 16.720164
 28280.000000 -854548.187500 802.831095 3.509205 3.530571 16.493007
 28300.000000 -855163.312500 803.722137 3.439022 3.531508 16.627999
 28320.000000 -852345.812500 802.772781 3.518477 3.595244 16.443931
 28340.000000 -853402.500000 802.394155 3.428617 3.643962 16.710541
 28360.000000 -853912.562500 802.885347 3.485077 3.559550 16.583725
 28380.000000 -853332.375000 806.811691 3.673798 3.397624 16.811455
 28400.000000 -854588.687500 804.788039 3.661305 3.442931 16.614515
 28420.000000 -853751.812500 804.705253 3.542602 3.312241 16.615819
 28440.000000 -853963.687500 803.687994 3.258842 3.658105 16.648934
 28460.000000 -853383.312500 804.755433 3.489997 3.590145 16.543929
 28480.000000 -852837.875000 805.649146 3.427075 3.459661 16.773299
 28500.000000 -853683.437500 802.629864 3.288273 3.392232 16.556308
 28520.000000 -853616.812500 803.770094 3.043060 3.331855 16.469655
 28540.000000 -852883.750000 803.517621 3.328350 3.567368 16.578400
 28560.000000 -854244.187500 803.898473 3.412649 3.425622 16.565054
 28580.000000 -852238.250000 804.058817 3.070980 3.520475 16.462139
 28600.000000 -854384.000000 802.458701 3.443464 3.464826 16.310104
 28620.000000 -853019.062500 804.742685 3.306390 3.622468 16.338664
 28640.000000 -855925.187500 805.135229 3.472385 3.508069 16.259187
 28660.000000 -853964.937500 803.865075 3.347652 3.507311 16.246701
 28680.000000 -852171.687500 808.106668 3.376926 3.579685 16.547776
 28700.000000 -854207.875000 804.483672 3.561731 3.358938 16.695153
 28720.000000 -853362.875000 804.294634 3.764100 3.614272 16.610730
 28740.000000 -853274.187500 806.326866 3.660285 3.314594 16.495114
 28760.000000 -853765.062500 805.446847 3.870659 3.208231 16.434468
 28780.000000 -852936.187500 803.901716 3.457231 3.623571 16.470869
 28800.000000 -855377.750000 803.987196 3.361039 3.503907 16.420905
 28820.000000 -855283.437500 803.434453 3.564609 3.420520 16.461120
 28840.000000 -853120.937500 804.517981 3.760772 3.375706 16.159768
 28860.000000 -854688.312500 803.966637 3.569472 3.368514 16.301749
 28880.000000 -853621.312500 802.593954 3.503155 3.373401 16.363374
 28900.000000 -854485.375000 802.873325 3.413505 3.353404 16.494549
 28920.000000 -854825.687500 802.831141 3.475378 3.479060 16.635818
 28940.000000 -854706.062500 802.038876 3.471003 3.354940 16.589218
 28960.000000 -854103.250000 800.894764 3.126826 3.606173 16.540286
 28980.000000 -853614.750000 802.375843 3.213575 3.296706 16.615245
 29000.000000 -853677.062500 804.362547 3.414947 3.216887 16.680569
 29020.000000 -853258.437500 803.061131 3.422128 3.285804 16.386818
 29040.000000 -854062.062500 804.345275 3.323604 3.281073 16.364507
 29060.000000 -853601.187500 804.067221 3.419925 3.342649 16.288051
 29080.000000 -853575.375000 803.073171 3.360181 3.546202 16.497903
 29100.000000 -853439.375000 805.006826 3.391134 3.484851 16.755362
 29120.000000 -853096.687500 803.640454 3.362523 3.791018 16.459959
 29140.000000 -854427.250000 800.845359 3.367390 3.565415 16.693324
 29160.000000 -854973.562500 803.290425 3.484055 3.490870 16.572647
 29180.000000 -855235.062500 802.973800 3.138149 3.469006 16.244519
 29200.000000 -852590.125000 804.150363 3.324976 3.567682 16.386918
 29220.000000 -854043.812500 803.083997 3.577392 3.195673 16.444833
 29240.000000 -852520.562500 803.569688 3.131219 3.377604 16.854820
 29260.000000 -853942.250000 801.234974 3.560773 3.238823 16.848166
 29280.000000 -853953.437500 803.345446 3.230383 3.141131 16.588877
 29300.000000 -852542.812500 805.612731 3.274668 3.241832 16.706934
 29320.000000 -852745.625000 804.876156 3.332550 2.934575 16.691089
 29340.000000 -853697.187500 805.842873 3.132482 3.008137 16.444769
 29360.000000 -854989.250000 802.526399 3.251453 3.275237 16.417297
 29380.000000 -850871.187500 807.007632 3.406733 3.707987 16.722880
 29400.000000 -854207.375000 801.884940 3.485152 3.832728 16.472376
 29420.000000 -853296.250000 802.240380 3.608303 3.612499 16.342371
 29440.000000 -852632.750000 805.388305 3.223018 3.519053 16.489372
 29460.000000 -851320.062500 807.028231 3.188813 3.409949 16.454633
 29480.000000 -852781.937500 805.891364 3.150095 3.517069 16.406097
 29500.000000 -853772.187500 803.473437 3.337770 3.432374 16.513095
 29520.000000 -853341.375000 804.366088 3.527720 3.607041 16.570279
 29540.000000 -852501.375000 803.785623 3.374945 3.539932 16.627470
 29560.000000 -855206.625000 802.033071 3.388445 3.400609 16.412895
 29580.000000 -854884.062500 804.134616 3.317414 3.276918 16.303815
 29600.000000 -853905.125000 801.854345 3.272349 3.214426 16.583532
 29620.000000 -853996.187500 803.960110 3.304902 3.399081 16.517648
 29640.000000 -853610.687500 803.397776 3.517090 3.596018 16.640403
 29660.000000 -853319.750000 804.193221 3.443145 3.511480 16.730307
 29680.000000 -852237.625000 805.564051 3.442423 3.522493 16.607878
 29700.000000 -854516.062500 803.443529 3.365214 3.502237 16.574810
 29720.000000 -854063.062500 804.251011 3.371020 3.254084 16.640822
 29740.000000 -853252.687500 804.643208 3.338458 3.181426 16.354919
 29760.000000 -852970.937500 803.594954 3.338171 3.465988 16.428098
 29780.000000 -852427.875000 803.951772 3.465313 3.458992 16.680960
 29800.000000 -851222.875000 807.234583 3.566484 3.629498 16.778556
 29820.000000 -854189.000000 801.379784 3.334577 3.350526 16.621205
 29840.000000 -853421.562500 806.918254 3.370091 2.822175 16.495293
 29860.000000 -852077.437500 803.283941 3.283565 2.945584 16.334032
 29880.000000 -854570.625000 805.350886 3.289733 3.108785 16.340350
 29900.000000 -854405.375000 803.168187 3.205839 3.334104 16.476411
 29920.000000 -853219.062500 801.094628 3.365328 3.178853 16.475053
 29940.000000 -852291.750000 806.625012 3.161437 3.169414 16.556115
 29960.000000 -854743.750000 803.596872 3.325875 3.347634 16.917970
 29980.000000 -852112.375000 803.736751 3.398343 3.291766 16.730522
 30000.000000 -853042.312500 803.706828 3.247812 3.364151 16.684465
 30020.000000 -852216.125000 802.980585 3.408061 3.393701 16.790833
 30040.000000 -852719.562500 805.064301 3.716349 3.337923 16.619676
 30060.000000 -853764.562500 807.154537 3.425673 3.353811 16.396800
 30080.000000 -853007.437500 804.181017 3.527719 3.384127 16.372589
 30100.000000 -852426.687500 802.739547 3.634872 3.386305 16.464944
 30120.000000 -853708.437500 803.140632 3.562198 3.324541 16.350101
 30140.000000 -855034.562500 802.661651 3.473320 3.391428 16.570942
 30160.000000 -854441.062500 800.252359 3.241444 3.266156 16.666594
 30180.000000 -853299.437500 801.535224 3.170989 3.421572 16.440195
 30200.000000 -854591.312500 800.677843 3.196635 3.581133 16.313417
 30220.000000 -854020.562500 802.607096 3.341215 3.758177 16.697591
 30240.000000 -853192.937500 803.568450 3.472817 3.876052 16.653625
 30260.000000 -852407.187500 803.957959 3.338815 3.296241 16.784642
 30280.000000 -853493.125000 804.481222 3.299943 3.505165 16.632994
 30300.000000 -851568.625000 806.349054 3.609479 3.729919 16.243416
 30320.000000 -852763.062500 805.770699 3.365957 3.619103 16.594283
 30340.000000 -851235.125000 806.903989 3.708275 3.364600 16.607530
 30360.000000 -851997.562500 805.346478 3.357496 3.591935 16.749401
 30380.000000 -852844.375000 804.768638 3.112832 3.655005 16.809889
 30400.000000 -855001.062500 803.161175 3.212495 3.514097 16.477150
 30420.000000 -852352.875000 804.541434 3.601821 3.298743 16.352468
 30440.000000 -852797.812500 804.176944 3.618732 3.357570 16.529657
 30460.000000 -852595.062500 804.968834 3.631543 3.213388 16.488887
 30480.000000 -853725.937500 803.537906 3.499494 3.411521 16.420681
 30500.000000 -853600.875000 806.089381 3.376602 3.436352 16.641436
 30520.000000 -853909.125000 802.254915 3.384508 3.473509 16.630997
 30540.000000 -851809.937500 805.087975 3.322805 3.633277 16.763599
 30560.000000 -852990.437500 803.279149 3.488874 3.246816 16.295160
 30580.000000 -852544.187500 804.144518 3.393678 3.014279 16.493685
 30600.000000 -853474.562500 803.835955 3.801241 3.513806 16.472584
 30620.000000 -852018.937500 804.444748 3.486752 3.352971 16.447859
 30640.000000 -851998.687500 805.155379 3.342044 3.385314 16.622321
 30660.000000 -853907.812500 801.200938 3.314307 3.587694 16.270263
 30680.000000 -854077.250000 805.206886 3.425980 3.469369 16.409722
 30700.000000 -854017.187500 804.853227 3.433727 3.260038 16.502703
 30720.000000 -854619.375000 803.853025 3.411936 3.259041 16.438547
 30740.000000 -851956.062500 803.972626 3.244973 3.360043 16.671965
 30760.000000 -853681.937500 802.137525 3.246491 3.283784 16.474936
 30780.000000 -853187.437500 802.947285 3.377784 3.376250 16.305457
 30800.000000 -854454.312500 804.536110 3.243114 3.215905 16.224105
 30820.000000 -852281.500000 807.397037 3.255771 3.326035 16.355399
 30840.000000 -852527.187500 806.313237 3.348108 3.632563 16.506703
 30860.000000 -853743.312500 805.689495 3.016888 3.453475 16.335622
 30880.000000 -853832.437500 804.808832 3.180777 3.422317 16.382741
 30900.000000 -852130.312500 804.159786 3.342317 3.202204 16.620501
 30920.000000 -854195.937500 804.683403 3.407539 3.320727 16.547246
 30940.000000 -854277.000000 804.025024 3.459001 3.419548 16.478173
 30960.000000 -853155.937500 805.861027 3.411405 3.602157 16.348450
 30980.000000 -852817.125000 807.725792 3.384129 3.412429 16.417998
 31000.000000 -854614.812500 805.393881 3.247304 3.414081 16.304742
 31020.000000 -855943.937500 805.526562 3.410509 3.341758 16.472929
 31040.000000 -853318.625000 805.762161 3.178745 3.567015 16.512333
 31060.000000 -851699.125000 804.618294 3.235237 3.636418 16.515951
 31080.000000 -850654.187500 806.234776 3.346835 3.464135 16.264717
 31100.000000 -853577.375000 806.643397 3.302454 3.411261 16.466786
 31120.000000 -854261.750000 803.086222 3.122179 3.208807 16.554039
 31140.000000 -853024.312500 802.053496 3.456098 3.506543 16.494383
 31160.000000 -853888.375000 804.888511 3.356949 3.454192 16.542223
 31180.000000 -852615.937500 804.143221 3.516785 3.577875 16.357779
 31200.000000 -852405.937500 804.362382 3.354866 3.325687 16.454319
 31220.000000 -853302.500000 805.814283 3.346666 3.242826 16.509093
 31240.000000 -852693.250000 805.606943 3.384246 3.490788 16.387848
 31260.000000 -853846.250000 803.915471 3.485728 3.486253 16.286037
 31280.000000 -852244.250000 805.267495 3.542192 3.305128 16.318801
 31300.000000 -852486.375000 804.698123 3.207920 3.066429 16.314623
 31320.000000 -851931.687500 803.989735 3.299383 3.195927 16.364856
 31340.000000 -854108.000000 804.281008 3.236046 3.453531 16.200037
 31360.000000 -854480.875000 799.029512 3.590832 3.620597 16.594752
 31380.000000 -852781.625000 805.698246 3.541351 3.364830 16.705057
 31400.000000 -853438.812500 805.547457 3.387979 3.394741 16.664503
 31420.000000 -853829.937500 803.760528 3.473826 3.399909 16.623059
 31440.000000 -853790.437500 801.256475 3.469244 3.617595 16.575080
 31460.000000 -853139.500000 805.251836 3.634434 3.478289 16.485939
 31480.000000 -852904.875000 804.730625 3.323449 3.454348 16.510711
 31500.000000 -852465.125000 806.459944 3.148510 3.471995 16.557808
 31520.000000 -853610.937500 804.374987 3.258327 3.524689 16.497617
 31540.000000 -852073.187500 804.669962 3.400909 3.316445 16.538874
 31560.000000 -852581.687500 804.317461 3.595556 3.091497 16.622591
 31580.000000 -854422.187500 803.257315 3.586967 3.664254 16.596554
 31600.000000 -855491.875000 804.059267 3.772455 3.846911 16.582635
 31620.000000 -853665.125000 804.908910 3.270807 3.527217 16.536131
 31640.000000 -854026.437500 801.635375 3.222703 3.210968 16.568622
 31660.000000 -853365.625000 803.762059 3.232118 3.233144 16.618019
 31680.000000 -855934.625000 801.976053 3.635066 3.379832 16.483290
 31700.000000 -851803.125000 802.996147 3.504504 3.127512 16.624823
 31720.000000 -851474.125000 804.864719 3.759430 3.580822 3.602303
 31740.000000 -852241.625000 807.961017 4.149054 3.173752 9.852420
 31760.000000 -853280.000000 804.639976 3.866765 3.173510 12.260942
 31780.000000 -852366.250000 804.868144 3.605248 3.329220 14.607618
 31800.000000 -855326.000000 803.139028 3.453821 3.354520 15.606985
 31820.000000 -853798.250000 803.010442 3.537393 3.395018 16.210079
 31840.000000 -851459.062500 803.819238 3.541446 3.123263 16.420593
 31860.000000 -852750.312500 803.876893 3.372511 3.336924 16.446155
 31880.000000 -853274.875000 804.241848 3.497891 3.354482 16.268626
 31900.000000 -852528.062500 805.995109 3.446721 3.635671 16.094272
 31920.000000 -853010.625000 806.002181 3.698836 3.332481 16.242414
 31940.000000 -852997.875000 805.726880 3.613377 3.416716 15.950896
 31960.000000 -854084.000000 802.857873 3.489629 3.607742 15.836962
 31980.000000 -852895.062500 805.055712 3.697960 3.414842 16.371039
 32000.000000 -853682.875000 805.767755 3.573205 3.535929 16.554193
 32020.000000 -853073.687500 805.451967 3.283241 3.358103 16.893431
 32040.000000 -852811.500000 804.449119 3.594855 3.179541 16.565457
 32060.000000 -853295.812500 801.847308 3.320557 3.532862 16.737492
 32080.000000 -852411.562500 802.612016 3.114137 3.266562 16.798704
 32100.000000 -853903.375000 802.148073 3.207570 3.215772 16.785276
 32120.000000 -852815.125000 804.800151 3.376777 3.387891 16.799198
 32140.000000 -853336.312500 804.483720 3.288210 3.620916 16.620706
 32160.000000 -855084.000000 802.898949 3.356034 3.497521 16.681543
 32180.000000 -852989.312500 803.852002 3.416494 3.686667 16.518175
 32200.000000 -854669.687500 802.622488 3.507733 3.262089 16.672342
 32220.000000 -854554.125000 803.416223 3.552290 3.491334 16.456922
 32240.000000 -853229.500000 804.900660 3.456717 3.604758 16.527991
 32260.000000 -853141.125000 805.297422 3.331420 3.647582 16.693421
 32280.000000 -852922.312500 803.710358 3.254204 3.425134 16.692871
 32300.000000 -852236.187500 805.198023 3.207015 3.404253 16.577132
 32320.000000 -853404.875000 805.404252 3.356507 3.143489 16.739594
 32340.000000 -854570.875000 806.333792 3.541780 3.127062 16.611576
 32360.000000 -856282.937500 800.542576 3.383185 3.421791 16.506180
 32380.000000 -854522.875000 802.899190 3.367932 3.672735 16.617753
 32400.000000 -852303.750000 805.237784 3.351718 3.484419 16.420579
 32420.000000 -853393.500000 804.666886 3.471259 3.396459 16.384635
 32440.000000 -853627.687500 802.656416 3.669725 3.390267 16.582412
 32460.000000 -851302.250000 803.923019 3.449604 3.277743 16.596166
 32480.000000 -853985.000000 801.994282 3.395119 3.400951 16.506068
 32500.000000 -851736.125000 802.586627 3.450551 3.626164 16.601664
 32520.000000 -854542.625000 801.269544 3.195037 3.494717 16.341939
 32540.000000 -854168.000000 802.693809 3.363890 3.405672 16.326033
 32560.000000 -854169.937500 804.089042 3.413370 3.432751 16.338886
 32580.000000 -852618.750000 804.641499 3.314394 3.290565 16.478417
 32600.000000 -853328.812500 802.635432 3.384845 3.487230 16.298622
 32620.000000 -855116.875000 802.472964 3.538272 3.441433 16.557141
 32640.000000 -853389.500000 802.425171 3.576967 3.264256 16.298365
 32660.000000 -853575.062500 807.547272 3.371189 3.268783 16.546801
 32680.000000 -855138.187500 801.806831 3.567340 3.316229 16.471984
 32700.000000 -855098.250000 803.682249 3.537728 3.546665 16.492698
 32720.000000 -851875.625000 806.361188 3.473661 3.586527 16.562491
 32740.000000 -853024.687500 803.298170 3.431340 3.303661 16.517395
 32760.000000 -853484.625000 804.713129 3.466240 3.224202 16.652555
 32780.000000 -852573.437500 807.005816 3.572738 3.196081 16.701771
 32800.000000 -852337.500000 803.402804 3.531472 3.443085 16.468763
 32820.000000 -852000.187500 804.496873 3.388356 3.434921 16.515683
 32840.000000 -852196.187500 806.854305 3.365296 3.221904 16.607821
 32860.000000 -853106.187500 805.596245 3.530139 3.150848 16.554945
 32880.000000 -852692.625000 805.250743 3.244764 3.060161 16.787408
 32900.000000 -854095.812500 802.123829 3.317568 3.215761 16.669613
 32920.000000 -855458.562500 801.000436 3.452002 3.327929 16.550662
 32940.000000 -853367.750000 803.756387 3.119658 3.403029 16.670221
 32960.000000 -853387.687500 803.179577 3.172560 3.696185 16.482233
 32980.000000 -853053.812500 805.492815 3.461044 3.145802 16.412724
 33000.000000 -854406.937500 802.483452 3.597842 3.268741 16.497590
 33020.000000 -854837.875000 803.803823 3.828018 3.351915 16.430407
 33040.000000 -854213.875000 803.904868 3.409695 3.474306 16.463323
 33060.000000 -854109.062500 806.059451 3.430932 3.363032 16.427793
 33080.000000 -852704.562500 803.734747 3.641191 3.408365 16.547305
 33100.000000 -853860.812500 801.689742 3.478342 3.485030 16.666048
 33120.000000 -853930.437500 804.848756 3.637858 3.500907 16.614666
 33140.000000 -853768.937500 804.915371 3.417673 3.640878 16.529018
 33160.000000 -852165.375000 806.174867 3.303754 3.451575 16.365834
 33180.000000 -852363.375000 804.671258 3.395639 3.328296 16.169179
 33200.000000 -856032.500000 802.000676 3.479791 3.433643 16.178483
 33220.000000 -853503.875000 801.888569 3.124081 3.636380 16.394226
 33240.000000 -852783.125000 804.548259 3.268689 3.537196 16.443743
 33260.000000 -852955.062500 805.463585 3.322821 3.543403 16.524611
 33280.000000 -854572.687500 805.062498 3.298206 3.530023 16.693890
 33300.000000 -853769.687500 803.703070 3.538978 3.644938 16.542061
 33320.000000 -853617.000000 803.794851 3.749635 3.385503 16.471578
 33340.000000 -854566.437500 804.701258 3.509089 3.362158 16.509736
 33360.000000 -853799.500000 801.326503 3.425117 3.420886 16.381798
 33380.000000 -854796.562500 802.119131 3.334110 3.444595 16.279317
 33400.000000 -853940.375000 802.093591 3.701086 3.277349 16.410799
 33420.000000 -852475.125000 805.983630 3.546266 3.284464 16.237276
 33440.000000 -853551.000000 802.156963 3.555737 3.311451 16.239740
 33460.000000 -852764.875000 803.817921 3.707771 3.502998 16.536829
 33480.000000 -854621.187500 803.020929 3.450005 3.172056 16.459417
 33500.000000 -854299.500000 804.611723 3.382373 3.132933 16.651423
 33520.000000 -852759.625000 804.090998 3.275499 3.377931 16.596151
 33540.000000 -854599.812500 801.112953 3.506814 3.213277 16.499901
 33560.000000 -853763.875000 804.595384 3.286098 3.283125 16.544390
 33580.000000 -852638.437500 805.816152 3.499245 3.509874 16.490156
 33600.000000 -853824.937500 802.876847 3.301929 3.349874 16.498663
 33620.000000 -853703.750000 803.538944 3.213452 3.443018 16.379103
 33640.000000 -854152.000000 806.144528 3.253574 3.461309 16.483265
 33660.000000 -853346.250000 804.194308 3.516422 2.999225 16.422938
 33680.000000 -855521.562500 805.085521 3.600645 3.365355 16.501227
 33700.000000 -852947.812500 804.518605 3.310145 3.354002 16.808499
 33720.000000 -851138.375000 810.489139 2.965176 3.918986 6.059220
 33740.000000 -849925.125000 809.936782 3.003529 4.081194 7.389367
 33760.000000 -851376.000000 807.894652 2.295426 3.796208 10.441910
 33780.000000 -850836.812500 808.789920 2.166910 3.588697 11.625809
 33800.000000 -852707.812500 807.936445 2.841807 3.712357 13.914922
 33820.000000 -852804.437500 804.771968 3.155879 3.259004 15.293161
 33840.000000 -852715.875000 802.957352 3.462015 3.351145 16.250090
 33860.000000 -855117.562500 804.122725 3.648151 3.240942 16.345064
 33880.000000 -855384.250000 800.765049 3.639665 3.487710 16.253494
 33900.000000 -854849.500000 802.483530 3.388223 3.372675 16.127448
 33920.000000 -854360.437500 802.490001 3.523116 3.186780 16.246081
 33940.000000 -852558.875000 803.302157 3.431067 3.146273 16.383195
 33960.000000 -855003.250000 802.206789 3.712255 3.241890 16.392374
 33980.000000 -854983.687500 803.656863 3.503446 3.391120 16.662522
 34000.000000 -855533.250000 802.450903 3.509546 3.583387 16.503494
 34020.000000 -854170.250000 802.502886 3.592650 3.539210 16.548561
 34040.000000 -853062.687500 805.564408 3.396699 3.163872 16.589656
 34060.000000 -851831.312500 805.078651 3.510750 3.260754 16.296851
 34080.000000 -851649.937500 804.518564 3.479956 3.621087 16.798144
 34100.000000 -852358.750000 807.145348 3.296943 3.649645 16.492948
 34120.000000 -852614.375000 804.542775 3.205210 3.526210 16.348073
 34140.000000 -852855.187500 803.555367 3.348998 3.293109 16.474620
 34160.000000 -854572.687500 803.850722 3.337722 3.137993 16.358928
 34180.000000 -853253.375000 800.954349 3.301320 3.438233 16.416442
 34200.000000 -852837.562500 804.397398 3.418415 3.391646 16.615527
 34220.000000 -851893.312500 802.927202 3.376722 3.455277 16.492975
 34240.000000 -853842.937500 801.109751 3.235758 3.221360 16.476045
 34260.000000 -853798.875000 804.390886 3.425224 3.505262 16.517963
 34280.000000 -852683.937500 802.990069 3.382749 3.604025 16.514906
 34300.000000 -851143.000000 804.812329 3.442832 3.553642 16.493313
 34320.000000 -853397.312500 806.295040 3.290167 3.385148 16.589454
 34340.000000 -855119.625000 802.724926 3.583602 3.463622 16.456513
 34360.000000 -853409.500000 805.272635 3.422424 3.696861 16.233230
 34380.000000 -851096.125000 803.719193 3.474550 3.659200 16.181511
 34400.000000 -852755.375000 804.282669 3.322097 3.460335 16.217194
 34420.000000 -854954.875000 804.497236 3.162346 3.329563 16.315391
 34440.000000 -852833.062500 806.174767 3.124401 3.322104 16.525330
 34460.000000 -852773.750000 805.958243 3.416116 3.155115 16.763837
 34480.000000 -853912.750000 805.184262 3.373486 3.388614 16.906403
 34500.000000 -852361.062500 803.954041 3.553722 3.357488 16.590303
 34520.000000 -852532.875000 803.860645 3.724840 3.164299 16.493329
 34540.000000 -854957.125000 802.962444 3.505467 3.426483 16.451655
 34560.000000 -853646.500000 802.727521 3.397091 3.534120 16.564938
 34580.000000 -852772.750000 804.849751 3.403803 3.292868 16.685922
 34600.000000 -853996.375000 804.010955 3.509877 3.202248 16.542011
 34620.000000 -854592.375000 801.829070 3.527892 3.207090 16.254219
 34640.000000 -852950.875000 805.556074 3.477510 3.435887 16.440514
 34660.000000 -854643.000000 802.826153 3.156672 3.536706 16.574573
 34680.000000 -852152.187500 807.108874 3.647252 3.769308 16.587924
 34700.000000 -852495.937500 804.614409 3.504468 3.403831 16.587346
 34720.000000 -852163.437500 800.943674 3.462109 3.489040 16.666860
 34740.000000 -853187.062500 804.765169 3.282623 3.460782 16.409177
 34760.000000 -853520.375000 802.298275 3.448848 3.438375 16.425828
 34780.000000 -854023.312500 802.221894 3.375740 3.912660 16.577240
 34800.000000 -852703.000000 803.088659 3.534415 3.896300 16.359970
 34820.000000 -852977.812500 804.226309 3.180282 3.823987 16.487321
 34840.000000 -854543.812500 802.492339 3.168941 3.681633 16.437458
 34860.000000 -854204.750000 804.580175 3.620674 3.719197 16.265465
 34880.000000 -852874.187500 805.311326 3.261324 3.574832 16.540517
 34900.000000 -854321.000000 802.081342 3.276736 3.376604 16.370700
 34920.000000 -853396.562500 805.390958 3.574291 3.531041 16.286852
 34940.000000 -852036.375000 805.886621 3.516062 3.419825 16.437099
 34960.000000 -852941.937500 802.385239 3.270163 3.568769 16.432073
 34980.000000 -853349.625000 805.951987 3.466358 3.402205 16.502217
 35000.000000 -853454.125000 802.614527 3.313215 3.245264 16.522542
 35020.000000 -853984.312500 803.915147 3.604460 3.085289 16.499725
 35040.000000 -852715.125000 803.636849 3.382376 3.356697 16.500071
 35060.000000 -852646.500000 803.896914 3.462756 3.306137 16.463130
 35080.000000 -854069.125000 802.874874 3.325696 3.355081 16.464065
 35100.000000 -853377.500000 804.508140 3.339943 3.413134 16.612967
 35120.000000 -854228.187500 803.817472 3.328996 3.448101 16.581602
 35140.000000 -854656.125000 803.972578 3.208977 3.294603 16.640348
 35160.000000 -852862.250000 804.778698 3.254475 3.479267 16.610787
 35180.000000 -854762.437500 802.790555 3.428483 3.264575 16.616629
 35200.000000 -854415.062500 804.011875 3.348577 3.358686 16.295703
 35220.000000 -853355.500000 803.066576 3.498508 3.588499 16.350671
 35240.000000 -852238.687500 805.815564 3.230938 3.374935 16.674696
 35260.000000 -852148.125000 805.618653 3.286869 3.180610 16.520622
 35280.000000 -852657.687500 804.520827 3.236911 3.190939 16.371224
 35300.000000 -853375.000000 804.150800 3.324926 3.575431 16.509851
 35320.000000 -854496.250000 802.926119 3.432111 3.646577 16.416922
 35340.000000 -854781.375000 800.533650 3.241812 3.576640 16.440682
 35360.000000 -854410.000000 804.857192 3.324420 3.695843 16.348481
 35380.000000 -851444.937500 806.635888 3.348782 3.446248 16.515273
 35400.000000 -853586.000000 803.877913 3.246434 3.403407 16.574686
 35420.000000 -852063.687500 804.850022 3.269598 3.426180 16.544553
 35440.000000 -851906.250000 806.811712 3.298176 3.272240 16.502750
 35460.000000 -852734.312500 806.439230 3.299091 3.403963 16.361369
 35480.000000 -853540.687500 804.109861 3.465245 3.735396 16.532213
 35500.000000 -851385.750000 805.193578 3.575086 3.733534 16.404507
 35520.000000 -852705.812500 806.954321 3.446663 3.594727 16.207643
 35540.000000 -854317.625000 804.522770 3.385680 3.694603 16.373711
 35560.000000 -854724.250000 803.479403 3.328276 3.694875 16.410274
 35580.000000 -853799.187500 802.746670 3.284211 3.687819 16.366588
 35600.000000 -852748.625000 803.404383 3.070615 3.533626 16.219396
 35620.000000 -854337.937500 802.962032 3.096334 3.522590 16.536530
 35640.000000 -852129.250000 807.071264 3.372624 3.353868 16.499325
 35660.000000 -850952.562500 805.329659 3.624636 3.442120 16.559251
 35680.000000 -853364.250000 804.465525 3.706174 3.405535 16.713506
 35700.000000 -854188.250000 802.448920 3.406022 3.515383 16.617988
 35720.000000 -850552.187500 807.327006 3.556271 3.348503 16.441426
 35740.000000 -853833.375000 800.388561 3.605065 3.383309 16.372655
 35760.000000 -852337.125000 806.580493 3.670384 3.688251 16.697509
 35780.000000 -854766.000000 805.597803 3.292050 3.612120 16.957399
 35800.000000 -850004.062500 805.194622 3.438008 3.749663 16.683937
 35820.000000 -853222.125000 805.493448 3.322586 3.437421 16.781216
 35840.000000 -855018.062500 803.507433 3.383096 3.321227 16.637345
 35860.000000 -854561.750000 805.673390 3.361611 3.185943 16.566531
 35880.000000 -851698.250000 804.986494 3.359131 3.190279 16.471578
 35900.000000 -852855.375000 805.400346 3.412036 3.148968 16.264948
 35920.000000 -852349.687500 806.656082 3.367984 3.408160 16.369270
 35940.000000 -852380.625000 803.258828 3.593047 3.431625 16.462215
 35960.000000 -852203.187500 806.376194 3.366647 3.317625 16.369148
 35980.000000 -854837.312500 806.246763 3.337308 3.518240 16.310195
 36000.000000 -854466.687500 807.116763 3.492575 3.231658 16.657676
 36020.000000 -852970.437500 804.959890 3.622382 3.393609 16.621152
 36040.000000 -851829.812500 802.305530 3.334832 3.253456 16.537376
 36060.000000 -855018.125000 803.547685 3.159386 3.307716 16.602380
 36080.000000 -854890.687500 806.067529 3.073290 3.503468 16.621054
 36100.000000 -852680.187500 805.193876 3.242942 3.662597 16.478032
 36120.000000 -854683.125000 803.015136 3.133777 3.540020 16.429105
 36140.000000 -853814.437500 805.602904 3.269563 3.556014 16.323999
 36160.000000 -853364.312500 803.978950 3.199791 3.330814 16.416927
 36180.000000 -852388.437500 802.502141 3.253915 3.430527 16.196589
 36200.000000 -853676.437500 805.979733 3.354564 3.401753 16.513994
 36220.000000 -853430.750000 803.191269 3.184377 3.363651 16.435164
 36240.000000 -853254.625000 803.124242 3.259807 3.379035 16.306330
 36260.000000 -854223.312500 803.641193 3.294283 3.477400 16.422490
 36280.000000 -853441.687500 803.970669 3.440470 3.202401 16.565396
 36300.000000 -852908.125000 802.378220 3.625058 3.398638 16.499416
 36320.000000 -854517.187500 800.509798 3.606371 3.506903 16.304471
 36340.000000 -855124.250000 802.118233 3.416500 3.567715 16.421946
 36360.000000 -854005.000000 804.840255 3.349200 3.301398 16.346471
 36380.000000 -852778.000000 802.708816 3.605592 3.542718 16.258610
 36400.000000 -853972.312500 805.470282 3.208272 3.374640 16.584598
 36420.000000 -854746.187500 804.677397 3.196921 3.187451 16.383993
 36440.000000 -853800.187500 806.499680 3.377219 3.526745 16.346443
 36460.000000 -855657.750000 802.733797 2.940090 3.525121 16.588432
 36480.000000 -854139.625000 802.855660 3.307039 3.443597 16.548671
 36500.000000 -853920.937500 804.094611 3.273456 3.336838 16.538378
 36520.000000 -856161.312500 803.719953 3.336809 3.278424 16.452621
 36540.000000 -854281.125000 801.437736 3.485310 3.152973 16.345108
 36560.000000 -853619.375000 806.060258 3.627940 3.435436 16.642690
 36580.000000 -852488.625000 804.683705 3.698734 3.266859 16.774543
 36600.000000 -853709.875000 800.537394 3.713051 3.087018 16.626947
 36620.000000 -852719.625000 802.946302 3.346630 3.497101 16.605542
 36640.000000 -854124.812500 805.087943 3.450740 3.627471 16.551936
 36660.000000 -853865.500000 804.056680 3.396349 3.423700 16.600722
 36680.000000 -854390.062500 804.262974 3.345191 3.262643 16.467521
 36700.000000 -851900.562500 803.471475 3.205208 3.095541 16.399308
 36720.000000 -854055.687500 802.665171 3.517502 3.136062 16.604208
 36740.000000 -854105.500000 802.207091 3.552089 3.122419 16.572017
 36760.000000 -853070.437500 803.511051 3.729475 3.213446 16.595198
 36780.000000 -853496.500000 807.519269 3.644762 3.240518 16.433062
 36800.000000 -855263.437500 805.077890 3.646992 3.408882 16.429463
 36820.000000 -853109.187500 805.700893 2.995466 2.995948 16.320774
 36840.000000 -853522.562500 803.968740 3.072659 3.296724 16.510607
 36860.000000 -854132.187500 807.350628 3.638401 3.125173 16.477995
 36880.000000 -850759.312500 805.258296 3.687870 3.335566 16.562387
 36900.000000 -854062.625000 803.950156 3.399716 3.634004 16.558065
 36920.000000 -854634.437500 801.692581 3.355024 3.542955 16.651864
 36940.000000 -852440.062500 806.011687 3.198282 3.488176 16.756399
 36960.000000 -853090.062500 803.480568 3.374147 3.130718 16.684589
 36980.000000 -853477.562500 804.891259 3.431620 3.219988 16.381130
 37000.000000 -852257.062500 803.994553 3.416024 3.171567 16.459076
 37020.000000 -851178.687500 806.621999 3.372810 3.334896 16.436251
 37040.000000 -853908.375000 803.606569 3.197186 3.185041 16.603937
 37060.000000 -855089.250000 802.378082 3.751517 2.980332 16.443377
 37080.000000 -855026.062500 803.179018 3.587195 2.903266 16.583485
 37100.000000 -852774.562500 807.562423 3.268493 3.111200 16.582462
 37120.000000 -853463.062500 803.938930 3.357281 3.008985 16.378407
 37140.000000 -854252.625000 806.768955 3.425364 3.000302 16.538763
 37160.000000 -852372.875000 805.996625 3.192226 3.378417 16.763663
 37180.000000 -855362.937500 803.773611 3.256582 3.540565 16.495838
 37200.000000 -852065.000000 803.883700 3.396357 3.275546 16.464787
 37220.000000 -852697.000000 802.254074 3.531148 3.169879 16.521303
 37240.000000 -854660.062500 804.183843 3.501642 3.268706 16.251209
 37260.000000 -856321.562500 803.774865 3.641685 3.386701 16.321042
 37280.000000 -850954.750000 804.069329 3.771713 3.464909 16.445798
 37300.000000 -853117.000000 806.390923 3.452567 3.451646 16.807117
 37320.000000 -854708.125000 803.795233 3.375749 3.199713 16.741236
 37340.000000 -853223.625000 805.122579 3.549775 3.341526 16.513689
 37360.000000 -852206.625000 802.874325 3.772947 3.545705 16.552150
 37380.000000 -854109.437500 805.802103 3.706092 3.429222 16.376933
 37400.000000 -854053.750000 802.877270 3.297023 3.401398 16.404355
 37420.000000 -854885.187500 803.202495 3.145582 3.639309 16.553552
 37440.000000 -852877.062500 801.311825 3.594698 3.314511 16.404074
 37460.000000 -854549.562500 802.926066 3.469374 3.422318 16.467923
 37480.000000 -853401.062500 802.731634 3.735563 2.994097 16.608290
 37500.000000 -852320.187500 804.900692 3.762355 3.382321 16.593455
 37520.000000 -855350.375000 804.184713 3.693602 3.489332 16.743031
 37540.000000 -852738.562500 805.753686 3.722807 3.447549 16.596191
 37560.000000 -854360.375000 805.959783 3.364960 3.555123 16.589480
 37580.000000 -853096.125000 804.188221 3.248613 3.599057 16.935550
 37600.000000 -853796.812500 804.601231 3.316362 3.524412 16.888264
 37620.000000 -854889.187500 802.074181 3.216471 3.432042 16.585123
 37640.000000 -853617.875000 803.252443 3.211843 3.368803 16.388723
 37660.000000 -853910.187500 802.985359 3.019236 3.306964 16.413076
 37680.000000 -851977.937500 806.973149 3.115130 3.460420 16.369704
 37700.000000 -853723.500000 803.826957 3.232440 3.313140 16.175982
 37720.000000 -853861.187500 801.753133 3.244195 3.555394 16.062985
 37740.000000 -855317.250000 803.101997 3.472177 3.364754 16.239399
 37760.000000 -853382.000000 805.576909 3.493181 3.582266 16.421631
 37780.000000 -853145.750000 803.811139 3.493790 3.421768 16.531937
 37800.000000 -852565.312500 801.421714 3.547316 3.364464 16.587664
 37820.000000 -852985.125000 802.364817 3.456337 3.093857 16.445281
 37840.000000 -852744.750000 804.904876 3.328224 3.072388 16.580003
 37860.000000 -853228.875000 804.074039 3.425369 3.514361 16.486110
 37880.000000 -852473.250000 805.029667 3.468855 3.331079 16.532800
 37900.000000 -854164.687500 804.291818 3.542581 3.297280 16.561126
 37920.000000 -852548.937500 806.420901 3.248847 3.405045 16.671931
 37940.000000 -853315.937500 804.595284 3.331341 3.215865 16.253633
 37960.000000 -854253.125000 805.646896 3.297333 3.362758 16.452478
 37980.000000 -854244.187500 804.043132 3.301127 3.343601 16.637731
 38000.000000 -852699.625000 804.986795 3.319418 3.394863 16.505346
 38020.000000 -852614.562500 801.583950 3.280703 3.175493 16.615726
 38040.000000 -853822.937500 803.196573 3.698715 3.474796 16.681271
 38060.000000 -854033.375000 803.226569 3.753629 3.312246 16.557729
 38080.000000 -853674.625000 806.362685 3.756606 3.003847 16.625133
 38100.000000 -852296.750000 804.650386 3.454697 3.271787 16.464893
 38120.000000 -851499.312500 805.966220 3.425620 3.313810 16.367130
 38140.000000 -854155.375000 802.741021 3.423829 3.280979 16.360348
 38160.000000 -854913.625000 802.569545 3.737481 3.580952 16.454676
 38180.000000 -853558.562500 802.836501 3.446752 3.459061 16.278629
 38200.000000 -853203.312500 801.795928 3.312963 3.276153 16.430484
 38220.000000 -853865.687500 802.089103 3.674220 3.567479 16.680603
 38240.000000 -853212.437500 803.249407 3.195896 3.453308 16.347108
 38260.000000 -854601.125000 803.025724 3.403812 3.133364 16.356334
 38280.000000 -853908.625000 802.935468 3.512581 3.138564 16.384139
 38300.000000 -853171.937500 802.331689 3.409632 3.323137 16.339609
 38320.000000 -854523.000000 802.529525 3.425214 3.229702 16.233738
 38340.000000 -854730.250000 803.930950 3.569022 3.117690 16.301731
 38360.000000 -852676.437500 803.167224 3.626005 3.223565 16.419816
 38380.000000 -853172.437500 804.443122 3.503550 3.503492 16.548655
 38400.000000 -853375.625000 803.535623 3.233253 3.533856 16.331083
 38420.000000 -855183.562500 803.339850 3.186323 3.540266 16.473718
 38440.000000 -852506.750000 804.387460 3.451085 3.512704 16.638734
 38460.000000 -854398.125000 803.580164 3.321811 3.366175 16.570748
 38480.000000 -852757.875000 804.949929 3.274675 3.427284 16.477937
 38500.000000 -852460.062500 805.989583 3.435788 3.283619 16.320738
 38520.000000 -852801.000000 804.134557 3.347447 3.549696 16.375300
 38540.000000 -853568.937500 803.773233 3.012976 3.396797 16.401314
 38560.000000 -853673.812500 805.461232 3.330592 3.610017 16.578990
 38580.000000 -854980.500000 801.762597 3.381697 3.283873 16.430936
 38600.000000 -854843.062500 802.262455 3.407961 3.422199 16.281934
 38620.000000 -853023.312500 801.779436 3.118003 3.957372 16.396886
 38640.000000 -853018.187500 804.546065 3.112845 3.586721 16.286362
 38660.000000 -855598.437500 801.552324 3.086016 3.195468 16.230601
 38680.000000 -854683.562500 801.173486 3.372390 3.608657 16.626516
 38700.000000 -853863.750000 805.918000 3.436807 3.591052 16.548409
 38720.000000 -855720.187500 803.438804 3.241856 3.440889 16.812621
 38740.000000 -853513.250000 803.125834 3.223894 3.476244 16.604688
 38760.000000 -852718.812500 804.935366 3.421359 3.437256 16.559373
 38780.000000 -851847.375000 806.340509 3.465423 3.574300 16.712554
 38800.000000 -853211.187500 804.337128 3.584434 3.114723 16.458503
 38820.000000 -852830.750000 806.089830 3.530852 3.372264 16.246440
 38840.000000 -851238.500000 804.444762 3.621324 3.326207 16.359857
 38860.000000 -850784.750000 805.111103 3.563946 3.220721 16.524643
 38880.000000 -851969.875000 805.527612 3.166032 3.203458 16.361734
 38900.000000 -852046.312500 808.067236 3.156284 3.356952 16.451669
 38920.000000 -854444.937500 802.564244 3.312328 3.211274 16.651422
 38940.000000 -853527.062500 806.682620 3.290663 3.357892 16.778558
 38960.000000 -853801.000000 804.328325 3.462513 3.359373 16.477315
 38980.000000 -854370.250000 805.410685 3.396587 3.590447 16.690786
 39000.000000 -854233.750000 805.036399 3.366038 3.488861 16.597367
 39020.000000 -854361.312500 804.952577 3.444155 3.635639 16.464919
 39040.000000 -852457.125000 803.430074 3.544228 3.745820 16.609331
 39060.000000 -854327.125000 801.926713 3.587396 3.471239 16.650613
 39080.000000 -855130.375000 801.183502 3.655674 3.468897 16.428103
 39100.000000 -854662.500000 803.238146 3.299110 3.245886 16.434055
 39120.000000 -852874.687500 806.340012 3.163670 3.109167 16.542135
 39140.000000 -854838.875000 803.496424 3.217824 3.229349 16.461317
 39160.000000 -853520.875000 804.222906 3.278098 3.054797 16.595281
 39180.000000 -854781.250000 802.817963 3.229724 3.143970 16.480810
 39200.000000 -853192.125000 806.394539 3.513888 3.270806 16.698159
 39220.000000 -853230.250000 803.909739 3.461975 3.447823 16.500191
 39240.000000 -853654.062500 804.151410 3.643044 3.389806 16.291796
 39260.000000 -853175.187500 802.653028 3.222917 3.470455 16.488140
 39280.000000 -854171.000000 804.714559 3.358864 3.427886 16.530682
 39300.000000 -854475.125000 803.095408 3.203910 3.016213 16.456621
 39320.000000 -853931.375000 804.718728 3.269830 3.259199 16.649227
 39340.000000 -853787.687500 803.528258 3.293159 3.262733 16.561452
 39360.000000 -853253.000000 806.027016 3.160093 3.610598 16.233703
 39380.000000 -853558.375000 807.774189 3.490372 3.236257 16.559290
 39400.000000 -853027.000000 805.889508 3.597535 3.220400 16.836469
 39420.000000 -853194.875000 805.628066 3.364798 3.250168 16.637036
 39440.000000 -852737.750000 804.414208 3.458139 3.280640 16.523517
 39460.000000 -852672.687500 806.232458 3.525931 3.281305 16.410260
 39480.000000 -852015.250000 807.911971 3.515220 3.598550 16.299921
 39500.000000 -853816.750000 805.754921 3.516689 3.627247 16.249355
 39520.000000 -851191.250000 807.317646 3.430225 3.376094 16.427050
 39540.000000 -853871.500000 805.992554 3.566078 3.328078 16.583001
 39560.000000 -854613.000000 803.015458 3.227751 3.326148 16.729047
 39580.000000 -852337.250000 805.024294 3.410928 3.112742 16.347065
 39600.000000 -854094.375000 804.447083 3.490220 3.113825 16.547155
 39620.000000 -852741.000000 805.967885 3.430708 3.039748 16.563244
 39640.000000 -853327.750000 805.341153 3.345788 3.374532 16.509455
 39660.000000 -853317.562500 804.026685 3.384431 3.406633 16.505296
 39680.000000 -852734.000000 804.788517 3.137722 3.331259 16.475992
 39700.000000 -853694.437500 806.853478 3.130864 3.411510 16.443484
 39720.000000 -853917.187500 803.815099 3.406313 3.420765 16.336960
 39740.000000 -854346.937500 807.279806 3.569379 3.205120 16.466574
 39760.000000 -853463.812500 805.030425 3.628979 3.294713 16.313002
 39780.000000 -853572.312500 803.789012 3.262155 3.447321 16.297829
 39800.000000 -853844.000000 805.186426 3.219449 3.776894 16.154971
 39820.000000 -851971.687500 806.811152 3.262132 3.531756 16.264192
 39840.000000 -853098.562500 803.411957 3.385045 3.114525 16.504611
 39860.000000 -852527.562500 806.671749 3.374697 3.587974 16.688890
 39880.000000 -855369.500000 803.502484 3.590832 3.655382 16.426304
 39900.000000 -854319.250000 803.637423 3.310550 3.495807 16.643877
 39920.000000 -852508.062500 805.629685 3.556749 3.298073 16.444924
 39940.000000 -852387.687500 807.299934 3.464599 3.300657 16.238218
 39960.000000 -853299.500000 802.522201 3.240729 3.461734 16.537571
 39980.000000 -854831.687500 804.233795 3.335565 3.345980 16.623039
 40000.000000 -854912.937500 805.847455 3.181696 3.217335 16.529372
 40020.000000 -854491.375000 802.980216 3.232471 3.427155 16.521348
 40040.000000 -852893.062500 805.274001 3.354599 3.448736 16.629395
 40060.000000 -854764.125000 804.680970 3.675163 3.419125 16.566849
 40080.000000 -853327.687500 804.432733 3.423107 3.316390 16.764075
 40100.000000 -853271.687500 804.833653 3.492894 3.266576 16.888848
 40120.000000 -851244.625000 809.497963 2.985212 2.836994 8.772310
 40140.000000 -853087.500000 807.619034 2.779771 3.161068 11.365019
 40160.000000 -853921.687500 804.436705 3.202273 3.309144 14.999463
 40180.000000 -853478.312500 804.415593 3.536818 3.325964 15.640490
 40200.000000 -853385.000000 802.619001 3.376402 3.330844 16.233949
 40220.000000 -852453.625000 805.797574 3.468690 3.239826 16.300056
 40240.000000 -855237.125000 803.003474 3.543476 3.249890 16.477454
 40260.000000 -853618.687500 800.605544 3.684534 3.104741 16.672313
 40280.000000 -854478.750000 801.283081 3.246084 3.395289 16.702306
 40300.000000 -853580.250000 800.879146 3.260903 3.451210 16.614438
 40320.000000 -851888.000000 803.274639 3.175718 3.666221 16.628078
 40340.000000 -854396.437500 804.834938 3.310851 3.570359 16.517529
 40360.000000 -855258.187500 803.850453 3.439901 3.408619 16.200265
 40380.000000 -854359.250000 803.051918 3.447310 3.287217 16.200289
 40400.000000 -852714.062500 806.592198 3.528665 3.408657 16.499312
 40420.000000 -850943.625000 804.516891 3.533468 3.541135 16.489849
 40440.000000 -854790.125000 804.339437 3.492126 3.537578 16.200536
 40460.000000 -853554.312500 804.065114 3.628554 3.341662 16.454137
 40480.000000 -852058.437500 805.330149 3.281483 3.108437 16.424532
 40500.000000 -852953.062500 806.269578 3.359394 3.428386 16.525852
 40520.000000 -853766.562500 803.086508 3.202340 3.771954 16.442391
 40540.000000 -853936.250000 801.576321 3.206552 3.672799 16.606216
 40560.000000 -852551.375000 802.589894 3.537726 3.336076 16.435138
 40580.000000 -853669.312500 804.010823 3.319224 3.253954 16.528951
 40600.000000 -853379.812500 805.299962 3.151825 3.541268 16.788474
 40620.000000 -852321.812500 803.970465 3.246862 3.549296 16.411279
 40640.000000 -851194.500000 806.706522 3.347648 3.467516 16.250351
 40660.000000 -852419.062500 804.911514 3.316580 3.674363 16.109116
 40680.000000 -854588.250000 802.429164 3.271020 3.332522 16.127468
 40700.000000 -853335.312500 804.013593 3.371932 3.154569 16.233816
 40720.000000 -852529.562500 803.784374 3.590235 3.161002 16.340420
 40740.000000 -854450.937500 805.203333 3.542641 3.262049 16.304247
 40760.000000 -851541.562500 805.069319 3.202875 3.421241 16.414781
 40780.000000 -854959.000000 805.555319 3.524741 3.512354 16.433436
 40800.000000 -853446.750000 804.060059 3.553254 3.148269 16.196631
 40820.000000 -852327.250000 809.133086 3.341912 3.490842 16.253343
 40840.000000 -852787.062500 805.485459 3.492564 3.170035 16.226531
 40860.000000 -852958.750000 804.650190 3.370675 3.476040 16.265057
 40880.000000 -853474.750000 804.603922 3.441095 3.249406 16.404093
 40900.000000 -856423.312500 801.243924 3.394848 3.343667 16.592197
 40920.000000 -851769.937500 804.074170 3.486312 3.620535 16.341541
 40940.000000 -852776.875000 803.119689 3.432086 3.535839 16.648471
 40960.000000 -855333.625000 799.935553 3.345794 3.400050 16.671177
 40980.000000 -852821.437500 802.061978 3.363505 3.403053 16.526159
 41000.000000 -852640.437500 804.352444 3.445614 3.609515 16.314042
 41020.000000 -855325.937500 802.998373 3.694603 3.421424 16.523773
 41040.000000 -854284.250000 803.957884 3.685431 3.455285 16.538717
 41060.000000 -853212.937500 805.812534 3.596860 3.359958 16.750764
 41080.000000 -853213.250000 807.439345 3.585432 3.252099 16.560357
 41100.000000 -852435.750000 807.646310 3.286289 3.411492 16.535366
 41120.000000 -855002.312500 803.673789 3.318503 3.284144 16.286224
 41140.000000 -853504.875000 807.554758 3.367630 3.382893 16.004380
 41160.000000 -854534.937500 803.861868 3.303492 3.157550 16.170700
 41180.000000 -854189.750000 803.988406 3.309938 3.044690 16.363778
 41200.000000 -853449.187500 802.377139 3.486460 3.305394 16.249242
 41220.000000 -852965.187500 805.478143 3.408767 3.619505 16.473978
 41240.000000 -853981.812500 806.730591 3.577096 3.331494 16.298772
 41260.000000 -855208.312500 802.869990 3.603531 3.110802 16.525748
 41280.000000 -854565.375000 804.100812 3.449369 3.332739 16.817638
 41300.000000 -855492.062500 801.145130 3.386777 3.256910 16.610972
 41320.000000 -854169.937500 806.263613 3.307922 3.362197 16.740017
 41340.000000 -853511.437500 804.207034 3.672279 3.244736 16.266860
 41360.000000 -851905.375000 804.709573 3.447162 2.962582 16.629033
 41380.000000 -852067.687500 802.503069 3.471508 3.131478 16.675063
 41400.000000 -851934.875000 804.639164 3.390489 3.422832 16.640064
 41420.000000 -853157.875000 808.944875 3.301479 3.480243 16.536181
 41440.000000 -851981.562500 807.313319 3.212401 3.490889 16.550511
 41460.000000 -853788.250000 805.441443 3.352169 3.585192 16.484221
 41480.000000 -853661.250000 804.748495 3.297867 3.476671 16.467212
 41500.000000 -852751.750000 806.420760 3.170374 3.266343 16.406221
 41520.000000 -853065.812500 805.668036 3.262769 3.391763 16.420727
 41540.000000 -853541.375000 803.623579 3.450578 3.327061 16.461063
 41560.000000 -853107.125000 804.754601 3.440681 3.296752 16.384433
 41580.000000 -853754.375000 803.671792 3.486189 3.085168 16.563185
 41600.000000 -852149.250000 806.850021 3.310801 2.977126 16.618181
 41620.000000 -852198.312500 806.547956 3.337304 3.249111 16.620157
 41640.000000 -851843.625000 804.343446 3.283302 3.275566 16.417493
 41660.000000 -853203.937500 804.382091 3.336572 3.407613 16.603872
 41680.000000 -853086.562500 807.613038 3.160094 3.578309 16.343881
 41700.000000 -853946.750000 804.318618 3.349067 3.155742 16.472675
 41720.000000 -853827.625000 801.846691 3.270416 3.134101 16.384604
 41740.000000 -855677.937500 803.528755 3.270196 3.177844 16.371273
 41760.000000 -855913.062500 806.152263 3.318752 3.128069 16.343858
 41780.000000 -854518.250000 802.724841 3.467308 3.506446 16.863273
 41800.000000 -851427.562500 806.021999 3.406000 3.260352 16.751196
 41820.000000 -852146.437500 806.614325 3.260790 3.354431 16.409392
 41840.000000 -852787.312500 806.406267 3.305921 3.294622 16.456367
 41860.000000 -854712.562500 804.422425 3.375698 3.437640 16.553341
 41880.000000 -852728.375000 805.759127 3.289476 3.387320 16.290576
 41900.000000 -851195.625000 808.073026 3.215651 3.269010 16.358811
 41920.000000 -852739.312500 806.272416 3.108840 3.415445 16.458992
 41940.000000 -853948.000000 803.751357 3.119634 3.225184 16.529392
 41960.000000 -853046.062500 805.632544 3.340245 3.360006 16.629350
 41980.000000 -853188.875000 803.429241 3.463804 3.553362 16.613526
 42000.000000 -853849.562500 805.936409 3.509048 3.638363 16.514969
 42020.000000 -853056.187500 805.889266 3.438071 3.505872 16.577024
 42040.000000 -853816.062500 804.220961 3.325661 3.586390 16.734613
 42060.000000 -854177.875000 802.838176 3.459693 3.187822 16.606505
 42080.000000 -854422.937500 803.515934 3.466055 3.371253 16.487237
 42100.000000 -854934.562500 804.488113 3.452089 3.443912 16.539043
 42120.000000 -854091.000000 806.457727 3.337863 3.470814 16.526964
 42140.000000 -851825.937500 804.364414 3.148672 3.586056 16.341722
 42160.000000 -853943.750000 803.800224 3.399672 3.543527 16.826079
 42180.000000 -852262.125000 804.431838 3.374230 3.522404 16.593361
 42200.000000 -853811.187500 804.971184 3.134217 3.330235 16.348487
 42220.000000 -853826.437500 805.394483 3.455096 3.269933 16.514488
 42240.000000 -854206.375000 803.435125 3.416577 3.270992 16.526486
 42260.000000 -853725.875000 803.734583 3.406973 3.433396 16.665205
 42280.000000 -853624.625000 805.400292 3.350149 3.338348 16.646336
 42300.000000 -852090.125000 807.382867 3.569793 3.246011 16.343853
 42320.000000 -853454.250000 804.612043 3.511859 3.393239 16.258890
 42340.000000 -852483.437500 806.573509 3.419727 3.423736 16.309999
 42360.000000 -853198.125000 806.579576 3.431805 3.408601 16.370936
 42380.000000 -855896.500000 803.895204 3.583115 3.375452 16.546995
 42400.000000 -853307.875000 803.689405 3.491434 3.375610 16.638616
 42420.000000 -854324.562500 804.711210 3.677719 3.552341 16.650679
 42440.000000 -853050.812500 805.956560 3.676592 3.639444 16.603817
 42460.000000 -854383.625000 802.322342 3.324929 3.345379 16.675370
 42480.000000 -853784.812500 804.123944 3.251115 3.184632 16.577387
 42500.000000 -855375.375000 802.046424 3.367177 3.401222 16.538460
 42520.000000 -853935.187500 803.059361 3.419706 3.218048 16.333453
 42540.000000 -852065.250000 805.852706 3.368151 3.238386 16.163911
 42560.000000 -853798.687500 803.292587 3.322727 3.597744 16.130999
 42580.000000 -854635.250000 804.536720 3.539915 3.380365 16.347219
 42600.000000 -853291.875000 803.576197 3.709930 3.566237 16.471924
 42620.000000 -854163.250000 806.373273 3.410362 3.726079 16.425187
 42640.000000 -854700.187500 803.505415 3.416928 3.536264 16.424372
 42660.000000 -853118.125000 803.672173 3.202389 3.350004 16.469860
 42680.000000 -853816.812500 806.254185 3.203262 3.450556 16.565093
 42700.000000 -853141.375000 804.102515 3.456612 3.212439 16.594852
 42720.000000 -855208.750000 806.986801 3.723873 3.184561 16.480047
 42740.000000 -852461.312500 805.518765 3.462435 3.373431 16.501757
 42760.000000 -854903.250000 804.261440 3.327825 3.440155 16.714613
 42780.000000 -853426.062500 803.220774 3.345701 3.287172 16.520887
 42800.000000 -853668.437500 801.564443 3.285547 3.151416 16.746539
 42820.000000 -855326.687500 801.963243 3.308491 3.305726 16.471526
 42840.000000 -852549.937500 803.957303 3.117344 3.413722 16.391898
 42860.000000 -852826.125000 803.948028 3.312532 3.528636 16.379051
 42880.000000 -853624.062500 804.091436 3.385737 3.453551 16.143668
 42900.000000 -851293.375000 807.309892 3.593972 3.399466 16.627858
 42920.000000 -851578.437500 802.871004 3.567214 3.386432 16.393194
 42940.000000 -852733.500000 808.252191 3.393117 3.461424 16.513039
 42960.000000 -854192.062500 803.386686 3.405813 3.623900 16.470702
 42980.000000 -854478.000000 804.246406 3.439606 3.583541 16.799450
 43000.000000 -851394.875000 808.742921 2.953732 2.621653 6.012521
 43020.000000 -850815.812500 811.618151 3.297292 2.642696 11.642630
 43040.000000 -849967.562500 809.172450 3.024704 3.383749 14.525217
 43060.000000 -852410.187500 805.908680 2.968733 3.571788 16.019058
 43080.000000 -853807.562500 802.250001 3.459375 3.464079 16.610474
 43100.000000 -855038.750000 803.563403 3.478646 3.337551 16.383956
 43120.000000 -852863.625000 804.830006 3.370183 3.203253 16.698780
 43140.000000 -852577.125000 804.853939 3.480993 3.325783 16.619589
 43160.000000 -853668.625000 803.691447 3.220180 3.214756 16.315363
 43180.000000 -854513.750000 804.739601 3.220339 3.262201 16.555870
 43200.000000 -854010.562500 803.515447 3.492305 3.265920 16.220506
 43220.000000 -852699.750000 808.466479 3.560742 3.500894 15.961075
 43240.000000 -853175.625000 807.896562 3.636227 3.534212 16.153299
 43260.000000 -854651.187500 803.678917 3.685012 3.281330 16.413392
 43280.000000 -853010.500000 804.745806 3.379195 3.421088 16.394178
 43300.000000 -852680.625000 804.278050 3.268004 3.467165 16.605604
 43320.000000 -852454.125000 806.211587 3.287959 3.526581 16.705216
 43340.000000 -853696.312500 803.043920 3.134101 3.440588 16.502844
 43360.000000 -855163.375000 803.908981 3.175967 3.338830 16.354786
 43380.000000 -854355.437500 803.082756 3.473160 3.410955 16.349577
 43400.000000 -854775.125000 800.576880 3.231608 3.721567 16.326851
 43420.000000 -854369.000000 802.460827 3.428818 3.276338 16.436093
 43440.000000 -853610.062500 804.811842 3.434008 3.260566 16.566678
 43460.000000 -853350.437500 803.846873 3.479209 3.509669 16.591905
 43480.000000 -851265.125000 804.269856 3.369287 3.202654 16.714491
 43500.000000 -855132.312500 802.917927 3.184748 3.363177 16.516833
 43520.000000 -853414.187500 803.095886 3.154323 3.544013 16.872248
 43540.000000 -851775.187500 811.570736 3.425578 3.348302 7.411050
 43560.000000 -853485.687500 810.022304 3.846862 3.451660 9.803219
 43580.000000 -852473.750000 808.974176 3.977869 3.661514 10.795705
 43600.000000 -851566.125000 804.925365 4.020282 3.719504 12.682907
 43620.000000 -852770.687500 804.624450 4.004387 3.734212 14.918468
 43640.000000 -853449.812500 804.189635 3.563055 3.476577 15.859530
 43660.000000 -854282.687500 801.838497 3.426025 3.192550 16.090418
 43680.000000 -854036.625000 805.339451 3.313181 3.406852 16.502944
 43700.000000 -854186.937500 806.663753 3.343427 3.459494 16.650837
 43720.000000 -853338.625000 802.634701 3.334614 3.229392 16.526726
 43740.000000 -852059.750000 804.997558 3.159930 3.485909 16.588679
 43760.000000 -854279.625000 803.920834 3.278061 3.257207 16.477950
 43780.000000 -853074.500000 806.597658 3.372494 3.577143 16.520581
 43800.000000 -851724.562500 807.179426 3.419216 3.281030 16.602997
 43820.000000 -852188.500000 804.233301 3.317901 3.188399 16.491928
 43840.000000 -853608.750000 801.918744 3.361574 3.301443 16.357900
 43860.000000 -854586.375000 804.824254 3.546621 3.319360 16.258758
 43880.000000 -852326.687500 804.322185 3.480200 3.354625 16.415832
 43900.000000 -851151.125000 804.479245 3.346983 3.352880 16.291213
 43920.000000 -853488.687500 805.378508 3.536923 3.357042 16.302704
 43940.000000 -852869.875000 805.869686 3.552879 3.398508 16.329814
 43960.000000 -853327.875000 803.469322 3.747902 3.427702 16.484759
 43980.000000 -854921.500000 803.805699 3.523085 3.132974 16.466469
 44000.000000 -853568.437500 802.111217 3.135927 3.217101 16.480211
 44020.000000 -852389.187500 804.236544 3.481599 3.233416 16.607528
 44040.000000 -852202.437500 804.892720 3.213392 3.363571 16.656039
 44060.000000 -853592.687500 805.161526 3.356636 3.551932 16.712985
 44080.000000 -852038.437500 803.951431 3.423251 3.588119 16.443493
 44100.000000 -853155.125000 807.692108 3.574057 3.493178 16.459390
 44120.000000 -853898.250000 804.235199 3.207327 3.189633 16.688521
 44140.000000 -852599.312500 804.028737 3.167754 3.536519 16.578257
 44160.000000 -854368.250000 804.945269 3.422394 3.469618 16.520763
 44180.000000 -851848.750000 805.074182 3.455504 3.403580 16.665550
 44200.000000 -850939.687500 808.298892 3.128269 3.871110 5.496999
 44220.000000 -848738.937500 812.694975 3.007815 3.648014 10.124642
 44240.000000 -853794.312500 806.491456 2.974851 3.872130 13.512716
 44260.000000 -852729.937500 808.660556 3.351581 3.807155 15.216376
 44280.000000 -853920.750000 805.005651 3.650682 3.416429 16.087956
 44300.000000 -854066.312500 804.239870 3.405477 3.377253 16.534258
 44320.000000 -852814.937500 802.155396 3.629203 3.285532 16.638908
 44340.000000 -854310.062500 803.946106 3.454227 3.488558 16.756861
 44360.000000 -853331.312500 803.641046 3.383776 3.322214 16.178132
 44380.000000 -854065.375000 804.513787 3.561197 3.518132 16.304512
 44400.000000 -853681.562500 803.753381 3.330589 3.535774 16.202964
 44420.000000 -852252.062500 806.744019 3.292459 3.639708 16.454835
 44440.000000 -853987.000000 803.737269 3.430245 3.581442 16.691778
 44460.000000 -852400.937500 807.167401 3.407575 3.637842 16.734699
 44480.000000 -852086.812500 807.383040 3.268222 3.518859 16.653255
 44500.000000 -853093.312500 805.296688 3.212674 3.308305 16.690123
 44520.000000 -854268.875000 808.087870 3.402180 3.266260 16.686806
 44540.000000 -852971.187500 806.191199 3.311742 3.075858 16.350013
 44560.000000 -854900.312500 802.738013 3.133184 3.263959 16.306123
 44580.000000 -854157.875000 805.375005 3.177226 3.402560 16.201713
 44600.000000 -853149.250000 803.409676 3.235462 3.217434 16.038956
 44620.000000 -853367.687500 804.130859 3.051112 3.335584 16.413944
 44640.000000 -852884.750000 806.936774 3.463005 3.493162 16.473296
 44660.000000 -853545.000000 802.952412 3.680909 3.586565 16.429242
 44680.000000 -853311.250000 805.371352 3.519964 3.158760 16.510119
 44700.000000 -853828.562500 803.930908 3.273067 3.437553 16.600264
 44720.000000 -852798.125000 804.345537 3.284627 3.475499 16.438971
 44740.000000 -852446.937500 805.022051 3.390483 3.426631 16.757880
 44760.000000 -852648.625000 804.037010 3.536637 3.640106 16.515151
 44780.000000 -854354.937500 802.797330 3.573489 3.746636 16.307453
 44800.000000 -853120.750000 806.093212 3.439784 3.603470 16.549694
 44820.000000 -851897.687500 805.738975 3.521359 3.304220 16.648592
 44840.000000 -853877.812500 805.007681 3.472055 3.336653 16.482739
 44860.000000 -854097.437500 804.839439 3.318080 3.408828 16.600132
 44880.000000 -852951.687500 803.301588 3.380806 3.482924 16.479506
 44900.000000 -853957.250000 805.221322 3.303247 3.159787 16.388758
 44920.000000 -854140.937500 802.150397 3.509160 3.197949 16.378313
 44940.000000 -853375.187500 807.562570 3.389828 3.341435 16.438861
 44960.000000 -852845.312500 803.904305 3.021305 3.313042 16.236085
 44980.000000 -851819.312500 806.372494 3.319501 3.539870 16.117962
 45000.000000 -853170.000000 804.670344 3.253074 3.562037 16.192595
 45020.000000 -853606.937500 804.185679 3.274600 3.549777 16.262574
 45040.000000 -854556.437500 800.657113 3.474487 3.340423 16.375189
 45060.000000 -852182.625000 804.102896 3.482628 3.416020 16.422375
 45080.000000 -852638.687500 805.618766 3.238239 3.348308 16.642439
 45100.000000 -852079.000000 804.977010 3.267045 3.208926 16.511141
 45120.000000 -853425.875000 802.365389 3.595736 3.225333 16.748007
 45140.000000 -853424.625000 806.287160 3.575616 3.478947 16.611975
 45160.000000 -853996.000000 803.849156 3.385248 3.188852 16.426092
 45180.000000 -852864.687500 806.028006 3.400658 3.145062 16.462499
 45200.000000 -853367.625000 804.918396 3.359390 3.586813 16.671666
 45220.000000 -854122.312500 802.968989 3.536904 3.502326 16.654227
 45240.000000 -852707.625000 804.280204 3.679531 3.448324 16.571486
 45260.000000 -852017.625000 805.950442 3.074642 3.508009 16.663082
 45280.000000 -853383.812500 804.514729 3.239212 3.355008 16.675142
 45300.000000 -854277.437500 804.386292 3.313861 3.523707 16.654897
 45320.000000 -855298.187500 803.262104 3.345412 3.292825 16.471034
 45340.000000 -851219.375000 808.291761 3.454689 3.646478 16.527517
 45360.000000 -853669.062500 806.651719 3.660261 3.690014 16.526401
 45380.000000 -853991.437500 805.086729 3.757536 3.685078 16.568763
 45400.000000 -854441.625000 803.949060 3.337730 3.639097 16.604001
 45420.000000 -855117.187500 805.065076 3.575257 3.677735 16.524705
 45440.000000 -852888.625000 803.593395 3.398350 3.619507 16.288622
 45460.000000 -852933.000000 806.758958 3.243097 3.481237 16.834184
 45480.000000 -850711.125000 805.945581 3.457243 3.289838 16.857990
 45500.000000 -853902.312500 803.971464 3.635582 3.305528 16.606359
 45520.000000 -853550.687500 803.121177 3.412282 3.338702 16.732665
 45540.000000 -854443.375000 803.092454 3.628078 3.521621 16.711276
 45560.000000 -851944.812500 804.340439 3.265190 3.385610 16.607819
 45580.000000 -854664.812500 801.849081 3.477126 3.369960 16.683514
 45600.000000 -854761.500000 802.036392 3.365795 3.319095 16.440166
 45620.000000 -854221.625000 804.539675 3.549428 3.217111 16.364159
 45640.000000 -851547.875000 806.148364 3.366678 3.418850 16.424602
 45660.000000 -853145.312500 805.714705 3.425847 3.453923 16.373671
 45680.000000 -853420.500000 808.189765 3.343429 3.193215 16.397806
 45700.000000 -854126.250000 805.590164 3.314640 3.433226 16.536287
 45720.000000 -852798.625000 805.945602 3.368997 3.430022 16.410446
 45740.000000 -854369.250000 801.653845 3.614172 3.243882 16.380793
 45760.000000 -853362.687500 802.143562 3.612441 3.072256 16.589944
 45780.000000 -853301.812500 802.834970 3.252111 3.193893 16.616083
 45800.000000 -854305.750000 804.084980 2.977597 3.393752 16.718432
 45820.000000 -852700.625000 803.268445 3.191201 3.449935 16.493223
 45840.000000 -853969.562500 801.768178 3.460394 3.471835 16.313452
 45860.000000 -851943.062500 801.023675 3.364147 3.337815 16.454539
 45880.000000 -853812.312500 804.430616 3.615906 3.220937 16.558340
 45900.000000 -852953.937500 803.720157 3.597671 3.343030 16.508601
 45920.000000 -851306.500000 802.909612 3.508893 3.424625 16.569126
 45940.000000 -855576.250000 805.831580 3.477478 3.335039 16.775160
 45960.000000 -852499.125000 804.735986 3.497952 3.687707 16.619860
 45980.000000 -852205.750000 802.593140 3.788332 3.368743 16.429170
 46000.000000 -852985.875000 802.185613 3.338272 3.517359 16.345583
 46020.000000 -852602.062500 804.070636 3.236478 3.247082 16.591481
 46040.000000 -854509.687500 804.469271 3.345209 3.158807 16.546200
 46060.000000 -853969.875000 803.586333 3.306822 3.349101 16.517608
 46080.000000 -854245.937500 803.925325 3.390106 3.385539 16.539459
 46100.000000 -851694.875000 807.551167 3.658045 3.427036 16.464492
 46120.000000 -853504.187500 805.065733 3.522534 3.491464 16.351359
 46140.000000 -852826.875000 804.485149 3.447355 3.486007 16.666924
 46160.000000 -853797.750000 804.456780 3.529408 3.635792 16.536343
 46180.000000 -850741.437500 810.344803 3.770022 3.679033 5.998928
 46200.000000 -850567.562500 808.081907 3.188516 4.084509 9.258022
 46220.000000 -850976.187500 806.830377 3.519065 3.830930 11.561974
 46240.000000 -852889.125000 804.163106 3.562484 3.785902 15.001825
 46260.000000 -852941.375000 803.024330 3.435958 3.485937 15.804288
 46280.000000 -851658.500000 803.364026 3.407400 3.291561 15.921354
 46300.000000 -851981.687500 802.064001 3.290996 3.282183 16.186819
 46320.000000 -856625.562500 802.604542 3.394392 3.498395 16.555830
 46340.000000 -852303.000000 803.631724 3.301674 3.368303 16.571377
 46360.000000 -851876.312500 806.011931 3.234419 3.304145 16.414961
 46380.000000 -850276.437500 806.637662 3.316034 3.200134 16.727977
 46400.000000 -852686.125000 805.349625 3.392636 3.285786 16.476341
 46420.000000 -852973.500000 803.688571 3.664678 3.379485 16.519345
 46440.000000 -853106.187500 803.735352 3.464282 3.617129 16.438973
 46460.000000 -854691.812500 803.714474 3.263407 3.789925 16.478333
 46480.000000 -852282.187500 802.283644 3.277275 3.476456 16.546053
 46500.000000 -852857.812500 804.722736 3.237820 3.440936 16.308266
 46520.000000 -853863.687500 805.131765 3.447673 3.375774 16.454458
 46540.000000 -853697.937500 802.907233 3.355035 3.317779 16.644471
 46560.000000 -854225.062500 802.820631 3.253060 3.478104 16.752426
 46580.000000 -855381.375000 803.924626 3.433241 3.362423 16.638792
 46600.000000 -851702.625000 804.539075 3.378890 3.397177 16.540073
 46620.000000 -854179.500000 803.889924 3.436390 3.553535 16.393899
 46640.000000 -853235.000000 804.208868 3.174221 3.501210 16.476182
 46660.000000 -853162.375000 804.793466 3.513115 3.416485 16.228751
 46680.000000 -852536.437500 806.076830 3.559783 3.339005 16.444469
 46700.000000 -852764.937500 805.485244 3.535702 3.676173 16.279903
 46720.000000 -854383.312500 803.870057 3.398170 3.545035 16.260901
 46740.000000 -853315.000000 805.423094 3.330389 3.514074 16.508858
 46760.000000 -852644.625000 802.106197 3.386904 3.539123 16.711847
 46780.000000 -854367.187500 802.265880 3.182998 3.555297 16.753725
 46800.000000 -853165.875000 803.075584 3.106505 3.542066 16.740145
 46820.000000 -856136.562500 803.871120 3.320767 3.477421 16.779707
 46840.000000 -853340.687500 804.927109 3.226701 3.286088 16.726985
 46860.000000 -853887.687500 803.359635 3.201399 3.336944 16.279245
 46880.000000 -853617.250000 804.842752 3.447236 3.516995 16.487466
 46900.000000 -853744.875000 803.225980 3.228923 3.218624 16.641620
 46920.000000 -854783.125000 801.925548 3.246559 3.326166 16.307250
 46940.000000 -852419.812500 803.263024 3.283812 3.338026 16.407716
 46960.000000 -853685.750000 804.355929 3.582737 3.404876 16.442233
 46980.000000 -853287.187500 803.064015 3.406507 3.470581 16.413878
 47000.000000 -853132.375000 804.865094 3.465802 3.266912 16.408385
 47020.000000 -852859.062500 804.779349 3.272954 3.408868 16.337827
 47040.000000 -854906.937500 805.214064 3.183684 3.234802 16.248823
 47060.000000 -853284.187500 804.166081 3.345873 3.482129 16.083611
 47080.000000 -852567.250000 803.820286 3.623361 3.440336 16.295305
 47100.000000 -851822.125000 805.092478 3.432988 3.476864 16.661769
 47120.000000 -854426.437500 806.830272 3.554445 3.322075 16.296402
 47140.000000 -854870.687500 803.342620 3.216958 3.232426 16.252773
 47160.000000 -855634.875000 801.810075 3.101342 3.351530 16.368296
 47180.000000 -853789.875000 804.493185 3.233538 3.280838 16.572511
 47200.000000 -853423.562500 805.230425 3.311279 3.512162 16.631314
 47220.000000 -852507.500000 806.248375 3.335364 3.705977 16.672503
 47240.000000 -853105.875000 805.727647 3.363819 3.583453 16.783171
 47260.000000 -854601.687500 803.616113 3.431226 3.386347 16.304775
 47280.000000 -853044.437500 806.879240 3.320102 3.322033 16.417120
 47300.000000 -852479.562500 804.078589 3.432190 3.470118 16.468160
 47320.000000 -853812.937500 806.604988 3.427130 3.473520 16.278907
 47340.000000 -854150.375000 803.420082 3.196143 3.510907 16.499281
 47360.000000 -853513.562500 803.265006 3.413144 3.561139 16.487387
 47380.000000 -854292.125000 800.445241 3.454726 3.513632 16.305740
 47400.000000 -852398.687500 805.528479 3.454981 3.624753 16.544833
 47420.000000 -853886.750000 804.925271 3.325195 3.376947 16.449003
 47440.000000 -851839.000000 805.359642 3.510445 3.312836 16.559876
 47460.000000 -853704.250000 803.394031 3.461001 3.542134 16.444263
 47480.000000 -856440.812500 803.044718 3.423708 3.594265 16.520458
 47500.000000 -853131.875000 804.277891 3.264816 3.578742 16.262702
 47520.000000 -850061.062500 805.928951 3.163281 3.536441 16.460991
 47540.000000 -853708.187500 803.464343 3.461560 3.321017 16.611009
 47560.000000 -854734.375000 803.991277 3.427806 3.496340 16.587054
 47580.000000 -853836.437500 804.238209 3.278375 3.442681 16.556137
 47600.000000 -853579.250000 804.425106 3.229286 3.259117 16.488989
 47620.000000 -853335.000000 803.537983 3.236519 3.459903 16.689145
 47640.000000 -853132.375000 804.343074 3.537005 3.035892 16.376999
 47660.000000 -852786.500000 803.876759 3.414058 3.012067 16.407565
 47680.000000 -854276.125000 806.248758 3.526389 3.358257 16.357526
 47700.000000 -853789.375000 806.101216 3.416149 3.504148 16.423215
 47720.000000 -852810.750000 803.139013 3.325746 3.315672 16.679630
 47740.000000 -853937.250000 804.299762 3.251140 3.132677 16.273151
 47760.000000 -855242.937500 804.528289 3.162933 3.238401 16.519128
 47780.000000 -854947.187500 802.394441 3.377440 3.119089 16.584179
 47800.000000 -853488.062500 802.145329 3.300696 3.598767 16.586927
 47820.000000 -855190.750000 802.685761 3.623000 3.686562 16.357769
 47840.000000 -852844.000000 802.851780 3.592386 3.432880 16.279678
 47860.000000 -853252.000000 802.564322 3.231288 3.309369 16.494912
 47880.000000 -855943.875000 804.262114 3.501753 3.513321 16.437590
 47900.000000 -855631.812500 800.532124 3.351393 3.479194 16.520446
 47920.000000 -853675.937500 805.104920 3.108446 3.520955 16.812858
 47940.000000 -852900.625000 805.126436 3.177221 3.175076 16.524275
 47960.000000 -854375.000000 803.507295 2.990393 3.232581 16.574170
 47980.000000 -853073.187500 804.896764 3.474251 3.119320 16.322082
 48000.000000 -852914.687500 801.266965 3.632340 3.436765 16.689975
 48020.000000 -853816.687500 803.536979 3.361352 3.441132 16.404671
 48040.000000 -855525.000000 805.086665 3.352763 3.553731 16.311214
 48060.000000 -853719.125000 805.138459 3.568371 3.079563 16.259529
 48080.000000 -854008.312500 802.064645 3.402111 3.224379 16.292029
 48100.000000 -853586.750000 805.069990 3.427190 3.352701 16.375912
 48120.000000 -853822.125000 804.888609 3.506026 3.096562 16.635472
 48140.000000 -854479.187500 804.105792 3.578413 3.241418 16.525104
 48160.000000 -855282.937500 802.125059 3.597044 3.402491 16.678840
 48180.000000 -853960.312500 802.890585 3.547208 3.497166 16.610697
 48200.000000 -852081.500000 804.508037 3.536190 3.243421 16.818929
 48220.000000 -854434.625000 804.283831 3.608807 3.348926 16.588173
 48240.000000 -854869.750000 804.217990 3.361723 3.418124 16.626308
 48260.000000 -853882.625000 802.958104 3.391993 3.149739 16.485012
 48280.000000 -852172.812500 806.260230 3.245238 3.167755 16.395410
 48300.000000 -854636.750000 806.551918 3.571440 3.199084 16.442189
 48320.000000 -854010.125000 802.259213 3.420799 3.431221 16.312802
 48340.000000 -854514.687500 802.119043 3.311954 3.541845 16.442921
 48360.000000 -852897.062500 805.142033 3.303206 3.371312 16.698837
 48380.000000 -854606.500000 804.057231 3.361872 3.360197 16.784514
 48400.000000 -852861.250000 806.627899 3.457576 3.429586 16.672657
 48420.000000 -853456.687500 807.179953 3.268315 3.487280 16.534765
 48440.000000 -852909.375000 805.612387 2.891224 3.517229 16.645563
 48460.000000 -853135.812500 803.608332 3.462528 3.341822 16.416521
 48480.000000 -852732.750000 804.505981 3.472547 3.339938 16.457349
 48500.000000 -854482.937500 804.036300 3.424056 3.335667 16.400397
 48520.000000 -852992.125000 804.623728 3.542489 3.440906 16.535608
 48540.000000 -852890.937500 804.797126 3.558367 3.901023 16.289936
 48560.000000 -853902.375000 803.180242 3.513551 3.585991 16.202247
 48580.000000 -854377.125000 805.144133 3.521554 3.148386 16.368849
 48600.000000 -854153.187500 807.321391 3.265544 3.096004 16.640801
 48620.000000 -855060.687500 803.351691 3.345903 3.140360 16.359081
 48640.000000 -854931.250000 804.372432 3.396019 3.357296 16.376917
 48660.000000 -854394.937500 801.191465 3.780741 3.541302 16.389630
 48680.000000 -855979.687500 804.358313 3.323438 3.100227 16.280427
 48700.000000 -855001.062500 803.812357 3.672588 3.180512 16.431713
 48720.000000 -854526.000000 802.240243 3.342344 3.391151 16.554338
 48740.000000 -853009.562500 803.058962 3.378182 3.449600 16.358079
 48760.000000 -853791.562500 802.454319 3.035463 3.189741 16.437357
 48780.000000 -852947.437500 800.813358 3.151008 3.101142 16.448162
 48800.000000 -853572.250000 804.068784 3.116177 3.312525 16.370558
 48820.000000 -854966.312500 804.965705 3.269706 3.431084 16.384763
 48840.000000 -853368.187500 802.844001 3.346087 3.308596 16.323060
 48860.000000 -854944.375000 803.590564 3.315297 3.108680 16.376650
 48880.000000 -852817.437500 805.757012 3.507028 3.156929 16.174435
 48900.000000 -854071.375000 803.474571 3.376186 3.081747 16.485011
 48920.000000 -855639.937500 805.395091 3.198237 3.121275 16.550925
 48940.000000 -853773.625000 805.762387 3.414680 3.367159 16.483094
 48960.000000 -854648.750000 805.956374 3.619466 3.289116 16.620196
 48980.000000 -853309.062500 804.501900 3.389120 3.398178 16.571101
 49000.000000 -853917.000000 803.313199 3.591943 3.483460 16.442812
 49020.000000 -853789.000000 803.747001 3.438523 3.578624 16.756763
 49040.000000 -856128.125000 802.037725 3.323749 3.395440 16.488713
 49060.000000 -853746.375000 799.574848 3.084256 3.551188 16.729534
 49080.000000 -850851.687500 804.202763 3.416988 3.137809 16.629350
 49100.000000 -854163.062500 799.729121 3.325453 3.453233 16.542991
 49120.000000 -853204.750000 803.006516 3.353832 3.500334 16.385554
 49140.000000 -853027.875000 804.651304 3.182258 3.386966 16.751693
 49160.000000 -856093.250000 800.749375 3.218220 3.280313 16.851912
 49180.000000 -853514.625000 805.327954 3.439981 3.202892 16.533765
 49200.000000 -854544.500000 802.269182 3.564380 3.400106 16.681469
 49220.000000 -852273.687500 801.902343 3.691599 3.356344 16.408592
 49240.000000 -856268.562500 806.454546 3.538661 3.476901 16.475971
 49260.000000 -853665.812500 803.871917 3.496378 3.438597 16.416331
 49280.000000 -854108.812500 805.511942 3.164110 3.488572 16.588018
 49300.000000 -851864.187500 804.574381 3.460526 3.440509 16.725205
 49320.000000 -852958.312500 803.375570 3.314077 3.228415 16.607040
 49340.000000 -854001.500000 802.758753 3.162813 3.219112 16.608178
 49360.000000 -852858.562500 803.725834 3.478338 3.265460 16.429727
 49380.000000 -853151.312500 803.282910 3.323034 3.069337 16.430231
 49400.000000 -853139.750000 803.254067 3.328731 3.318838 16.542262
 49420.000000 -851542.312500 805.715786 3.611902 3.233069 16.565936
 49440.000000 -853063.375000 805.372348 3.219377 3.521471 16.754750
 49460.000000 -853527.812500 803.405298 3.148552 3.318275 16.770133
 49480.000000 -853644.437500 803.114093 3.511320 3.370008 16.609620
 49500.000000 -853213.250000 803.497483 3.348458 3.608020 16.735304
 49520.000000 -854941.125000 805.347791 3.196243 3.368434 16.778396
 49540.000000 -853685.937500 806.282556 3.548518 3.157283 16.338714
 49560.000000 -855504.125000 801.902953 3.590321 3.200788 16.498338
 49580.000000 -853056.187500 803.253798 3.436237 3.263164 16.483581
 49600.000000 -854060.250000 803.594485 3.462167 3.537692 16.656120
 49620.000000 -854280.437500 804.836549 3.404659 3.379203 16.468313
 49640.000000 -853442.500000 804.863787 3.476570 3.279564 16.695263
 49660.000000 -851820.062500 808.998176 3.272692 3.202878 16.397497
 49680.000000 -853264.812500 805.508435 3.283201 3.371356 16.323538
 49700.000000 -853603.687500 803.481673 3.396808 3.217898 16.247826
 49720.000000 -854206.812500 804.756413 3.849743 3.507142 16.350860
 49740.000000 -852956.687500 803.276647 3.440624 3.442712 16.440247
 49760.000000 -852762.875000 804.220613 3.250561 3.222370 16.451692
 49780.000000 -854335.125000 802.555238 3.464216 3.360600 16.613786
 49800.000000 -853601.812500 804.474521 3.393533 3.654017 16.533623
 49820.000000 -854531.000000 805.499561 3.165697 3.502232 16.809770
 49840.000000 -854188.125000 802.139891 3.210575 3.274218 16.565517
 49860.000000 -855413.562500 801.568742 3.302360 3.521927 16.584793
 49880.000000 -854994.625000 803.795000 3.273157 3.577739 16.284466
 49900.000000 -852932.062500 804.578725 3.307325 3.842592 16.584502
 49920.000000 -852586.562500 802.547413 3.227547 3.531276 16.720986
 49940.000000 -852295.312500 804.057594 3.507902 3.324800 16.342161
 49960.000000 -856490.812500 801.045348 3.597361 3.370046 16.324413
 49980.000000 -854113.625000 802.558230 3.409530 3.385015 16.371048
 50000.000000 -851589.250000 803.915016 3.837783 3.512114 16.518070
 50020.000000 -853565.062500 803.043830 3.659144 3.534449 16.471582
 50040.000000 -853730.562500 805.514740 3.177960 3.314871 16.758975
 50060.000000 -854503.312500 801.696359 3.169338 3.358203 16.523468
 50080.000000 -854979.000000 803.468438 3.132897 3.180278 16.553442
 50100.000000 -853646.875000 804.366390 3.355831 3.615791 16.505547
 50120.000000 -852715.562500 804.223623 3.350612 3.549687 16.503235
 50140.000000 -853935.562500 803.617491 3.513161 3.166700 16.465709
 50160.000000 -855566.500000 802.551062 3.353907 3.313515 16.440587
 50180.000000 -852685.625000 803.108273 3.650231 3.516820 16.166120
 50200.000000 -855067.937500 802.077870 3.277273 3.694895 16.398375
 50220.000000 -853501.875000 804.864206 3.228915 3.456044 16.125630
 50240.000000 -854264.437500 803.311154 3.183797 3.381366 16.399680
 50260.000000 -852443.812500 804.343840 3.449726 3.705640 16.308980
 50280.000000 -854003.812500 803.835667 3.579302 3.435374 16.629187
 50300.000000 -852756.375000 804.020968 3.606666 3.563522 16.286519
 50320.000000 -853704.750000 802.163823 3.634642 3.249989 16.171132
 50340.000000 -853412.312500 802.625053 3.230350 3.452659 16.482468
 50360.000000 -854285.375000 803.886319 3.274760 3.646560 16.604629
 50380.000000 -853556.687500 804.874498 3.454089 3.438004 16.617583
 50400.000000 -853120.562500 802.011217 3.299708 3.242216 16.474039
 50420.000000 -853925.187500 804.796768 3.362679 3.173010 16.515080
 50440.000000 -854368.500000 804.183502 3.534866 3.271519 16.276422
 50460.000000 -854054.937500 806.064445 3.522284 3.299020 16.558774
 50480.000000 -852067.312500 804.824860 3.361504 3.421550 16.587482
 50500.000000 -854942.312500 804.256571 3.347672 3.712473 16.510920
 50520.000000 -852689.062500 804.221305 3.404295 3.538687 16.453630
 50540.000000 -853577.062500 802.239060 3.256082 3.397824 16.352713
 50560.000000 -856726.750000 804.625856 3.202070 3.444196 16.289211
 50580.000000 -854722.875000 805.417599 3.457362 3.354666 16.516734
 50600.000000 -855296.187500 802.342918 3.245239 3.610585 16.686971
 50620.000000 -852281.875000 804.210624 3.212852 3.685722 16.308977
 50640.000000 -854397.687500 806.617891 3.285313 3.405769 16.603761
 50660.000000 -853098.437500 802.583938 3.837976 3.201299 16.905515
 50680.000000 -854974.562500 804.675667 3.691640 3.354476 16.477159
 50700.000000 -854257.187500 805.208311 3.491650 3.225505 16.368018
 50720.000000 -853333.500000 804.982890 3.350240 3.403572 16.525318
 50740.000000 -854380.937500 802.093711 3.397048 3.213986 16.427925
 50760.000000 -851453.937500 804.798452 3.452427 3.362858 16.751909
 50780.000000 -852188.812500 805.023561 3.394042 3.732838 16.684294
 50800.000000 -853915.875000 802.863590 3.804116 3.499391 16.626036
 50820.000000 -853943.812500 803.949673 3.526528 3.286923 16.581722
 50840.000000 -853145.375000 804.087892 3.299415 3.407824 16.380314
 50860.000000 -854532.375000 802.404698 3.380969 3.502762 16.594362
 50880.000000 -853989.375000 804.379132 3.326161 3.734740 16.646213
 50900.000000 -854175.187500 804.479553 3.052366 3.531147 16.422574
 50920.000000 -853265.125000 804.723454 3.412093 3.349810 16.517990
 50940.000000 -852713.062500 804.557396 3.057446 3.457519 16.349197
 50960.000000 -854439.562500 804.247249 3.053554 3.441787 16.370461
 50980.000000 -853415.062500 803.204462 3.074764 3.218339 16.514180
 51000.000000 -852815.125000 802.518520 3.099167 3.498648 16.592366
 51020.000000 -853534.937500 803.100808 3.180218 3.535056 16.637802
 51040.000000 -852950.250000 808.734140 3.443486 3.360146 16.372524
 51060.000000 -851894.375000 804.303065 3.340626 3.379984 16.530592
 51080.000000 -854107.125000 801.898251 3.448359 3.301175 16.566303
 51100.000000 -854142.000000 803.655139 3.391309 3.377398 16.428884
 51120.000000 -853706.125000 802.885835 3.314068 3.314608 16.655056
 51140.000000 -855450.125000 804.388362 3.151706 3.285690 16.895078
 51160.000000 -854031.812500 806.437418 3.268192 3.326405 16.495666
 51180.000000 -854149.875000 802.570139 3.458212 3.240894 16.363753
 51200.000000 -854943.375000 805.379559 3.302178 3.537836 16.069624
 51220.000000 -854861.875000 803.823579 3.344578 3.398849 16.466401
 51240.000000 -853476.500000 802.194967 3.310496 3.381032 16.308361
 51260.000000 -855490.500000 805.640199 3.751677 3.228578 16.334737
 51280.000000 -854503.187500 802.919150 3.481898 3.466988 16.443534
 51300.000000 -854722.937500 804.336126 3.316183 3.509634 16.470534
 51320.000000 -852648.000000 804.402815 3.267547 3.437710 16.521071
 51340.000000 -853908.250000 808.233824 3.047362 3.484586 16.418251
 51360.000000 -853262.500000 804.960396 3.242478 3.860293 16.445584
 51380.000000 -853391.312500 805.617375 3.365417 3.363651 16.464205
 51400.000000 -851966.875000 807.333671 3.561262 3.190917 16.507648
 51420.000000 -853041.625000 806.089683 3.665156 3.363648 16.554202
 51440.000000 -852937.812500 803.642271 3.478430 3.556195 16.340852
 51460.000000 -853559.750000 802.910700 3.242849 3.476481 16.554363
 51480.000000 -853549.437500 804.694550 3.347418 3.549110 16.384582
 51500.000000 -854273.250000 805.279582 3.305188 3.467138 16.191995
 51520.000000 -853874.000000 804.605292 3.387408 3.246599 16.572533
 51540.000000 -852963.750000 803.733361 3.283363 3.086025 16.306696
 51560.000000 -853448.562500 805.476272 3.293969 3.271191 16.196484
 51580.000000 -854954.875000 803.018561 3.746324 3.520930 16.342559
 51600.000000 -853844.812500 803.561722 3.408179 3.634215 16.359520
 51620.000000 -853497.875000 802.328189 2.947959 3.213546 16.297192
 51640.000000 -855960.062500 802.914757 3.118145 3.437990 16.543358
 51660.000000 -853641.000000 802.713482 3.008861 3.401263 16.262661
 51680.000000 -853017.250000 804.215135 3.125308 3.199192 16.361406
 51700.000000 -853832.000000 802.909204 3.553291 3.425786 16.454532
 51720.000000 -852423.687500 803.609784 3.684194 3.446605 16.599716
 51740.000000 -854153.375000 802.527722 3.596515 3.385474 16.442252
 51760.000000 -852404.750000 803.180938 3.458329 3.497208 16.402455
 51780.000000 -852010.500000 804.540233 3.322105 3.310490 16.577396
 51800.000000 -854076.687500 804.445619 3.192338 3.169087 16.538007
 51820.000000 -854485.812500 803.104324 3.505693 3.688620 16.432694
 51840.000000 -853969.500000 804.384546 3.329366 3.526576 16.549898
 51860.000000 -851984.312500 804.023307 3.284262 3.290692 16.498071
 51880.000000 -853226.062500 803.966947 3.503464 3.171705 16.355799
 51900.000000 -852634.750000 805.501214 3.561646 3.254373 16.437821
 51920.000000 -853329.500000 805.421331 3.362450 3.068813 16.486341
 51940.000000 -854346.500000 802.526839 3.369246 3.277379 16.659964
 51960.000000 -855010.062500 804.051120 3.623540 3.667206 16.659955
 51980.000000 -853764.062500 804.794367 3.533822 3.744796 16.470205
 52000.000000 -854330.125000 802.510094 3.438064 3.547589 16.042120
 52020.000000 -852213.125000 807.387872 3.194695 3.549715 16.757769
 52040.000000 -853591.250000 803.668037 3.550462 3.194571 16.646906
 52060.000000 -853488.312500 802.485867 3.633192 3.472418 16.507637
 52080.000000 -853736.250000 803.917909 3.486648 3.300548 16.390355
 52100.000000 -854097.625000 805.881691 3.676036 3.572558 16.522122
 52120.000000 -853410.687500 805.711451 3.451031 3.350500 16.526351
 52140.000000 -852184.062500 801.732357 3.423577 3.468974 16.787421
 52160.000000 -853561.312500 804.412716 3.422311 3.287561 16.521658
 52180.000000 -853858.500000 802.594168 3.640181 3.420669 16.247801
 52200.000000 -854042.062500 805.190140 3.316487 3.279267 16.454554
 52220.000000 -854305.062500 801.207336 3.258578 3.309018 16.462960
 52240.000000 -853842.500000 803.042367 3.516561 3.613713 16.929278
 52260.000000 -854611.250000 801.084018 3.328608 3.369636 16.733789
 52280.000000 -854282.687500 803.771414 3.258664 3.590355 16.436348
 52300.000000 -852517.687500 802.923143 3.381368 3.486584 16.470284
 52320.000000 -853807.125000 805.254616 3.212682 3.362934 16.540956
 52340.000000 -853156.500000 804.486775 3.232854 3.311683 16.465427
 52360.000000 -853437.562500 804.623453 3.203116 3.223591 16.401183
 52380.000000 -852263.250000 805.753361 3.349142 3.429487 16.395282
 52400.000000 -853971.750000 802.145074 3.577738 3.670212 16.522557
 52420.000000 -853283.250000 802.997073 3.419324 3.382291 16.817137
 52440.000000 -854285.750000 806.552169 3.467155 3.407754 16.822816
 52460.000000 -853792.875000 806.689869 3.130781 3.350874 16.584926
 52480.000000 -852884.500000 806.362589 3.300087 3.421270 16.809328
 52500.000000 -852535.187500 804.366472 3.254330 3.422176 16.698234
 52520.000000 -854040.000000 805.749612 3.362385 3.372185 16.487384
 52540.000000 -855521.125000 803.749179 3.337634 3.327002 16.485521
 52560.000000 -854426.500000 803.924237 3.221975 3.650761 16.719350
 52580.000000 -853802.437500 803.357138 3.484769 3.434306 16.454095
 52600.000000 -851055.875000 805.385889 3.435163 3.540645 16.480132
 52620.000000 -854760.937500 802.396568 3.188761 3.573355 16.555875
 52640.000000 -852707.875000 808.202414 3.369631 3.217584 16.620316
 52660.000000 -853210.437500 803.918853 3.251963 3.399735 16.584427
 52680.000000 -852279.687500 803.950804 3.178982 3.436689 16.777361
 52700.000000 -853093.062500 805.335955 3.087937 3.209905 16.799380
 52720.000000 -853054.875000 807.667656 3.163367 3.399235 16.556726
 52740.000000 -854706.312500 804.835003 3.490738 3.633301 16.365019
 52760.000000 -855061.062500 803.678791 3.398160 3.678519 16.469845
 52780.000000 -854029.750000 803.535696 3.336142 3.766116 16.330363
 52800.000000 -853190.375000 806.386913 3.426505 3.592714 16.219394
 52820.000000 -852825.125000 805.009038 3.463590 3.653675 16.775785
 52840.000000 -852195.937500 803.536008 3.545565 3.718806 16.684467
 52860.000000 -853206.437500 801.997192 3.520819 3.242968 16.631067
 52880.000000 -853589.312500 804.591489 3.304263 3.364161 16.588628
 52900.000000 -853485.750000 803.114968 3.400395 3.367394 16.579175
 52920.000000 -853207.000000 806.759324 3.186741 3.270058 16.441101
 52940.000000 -853267.562500 804.445816 3.412713 3.413707 16.297028
 52960.000000 -854368.625000 805.788351 3.397849 3.506596 16.321034
 52980.000000 -852190.687500 803.968221 3.224687 3.680995 16.396503
 53000.000000 -852218.375000 805.121841 3.648417 3.602760 16.625543
 53020.000000 -853275.187500 805.008550 3.562584 3.116813 16.688302
 53040.000000 -854484.375000 803.560212 3.522262 3.457667 16.627098
 53060.000000 -853714.000000 801.058196 3.539210 3.542571 16.728610
 53080.000000 -850441.375000 809.200921 2.525916 3.784296 6.139905
 53100.000000 -850330.500000 809.453447 2.002364 3.716240 11.369733
 53120.000000 -853126.312500 806.818215 3.101658 3.323709 14.093915
 53140.000000 -853308.625000 805.329772 3.378631 3.378718 15.538340
 53160.000000 -853487.812500 805.114482 3.268850 3.470934 16.228332
 53180.000000 -853929.125000 803.811278 3.316152 3.341595 16.432808
 53200.000000 -854149.375000 804.306436 3.556979 3.376610 16.584529
 53220.000000 -851831.375000 804.987461 3.340824 3.434300 16.686163
 53240.000000 -854881.750000 803.606863 3.378662 3.523206 16.741186
 53260.000000 -852887.687500 803.287788 3.528769 3.643560 16.615767
 53280.000000 -852811.125000 802.959570 3.142432 3.510222 16.405595
 53300.000000 -852969.000000 805.279570 3.108628 3.592344 16.209277
 53320.000000 -854610.687500 805.392175 3.180372 3.518171 16.526548
 53340.000000 -853661.125000 803.650147 3.459083 3.486718 16.437044
 53360.000000 -850815.187500 806.520146 3.331527 3.631835 16.303691
 53380.000000 -853199.062500 805.488501 3.435789 3.427906 16.460083
 53400.000000 -853567.437500 805.903042 3.164239 3.471731 16.491492
 53420.000000 -853813.562500 804.987169 3.469328 3.502421 16.538777
 53440.000000 -854514.000000 802.153056 3.139967 3.450160 16.521035
 53460.000000 -854336.687500 803.237929 3.242634 2.969965 16.483002
 53480.000000 -852960.062500 803.076566 3.246153 3.238755 16.360264
 53500.000000 -854516.625000 802.672618 3.415299 3.342273 16.383410
 53520.000000 -853519.000000 804.160960 3.106451 3.103091 16.562676
 53540.000000 -854207.937500 802.901948 3.353686 3.174918 16.432868
 53560.000000 -852404.937500 807.332736 3.384427 3.002068 16.328520
 53580.000000 -853491.687500 801.698766 3.317029 3.202457 16.547951
 53600.000000 -854644.250000 802.587392 3.341255 3.192728 16.683877
 53620.000000 -853218.625000 805.308527 3.280699 3.277624 16.395523
 53640.000000 -853578.437500 805.655467 3.408915 3.388524 16.607614
 53660.000000 -853946.437500 804.273778 3.300944 3.319890 16.362377
 53680.000000 -851340.750000 807.375299 3.167030 3.612377 16.316269
 53700.000000 -853395.875000 806.817284 3.422919 3.497111 16.410188
 53720.000000 -854834.000000 803.366770 3.224415 3.494106 16.389176
 53740.000000 -852184.500000 805.009555 3.463948 3.467937 16.741351
 53760.000000 -854307.250000 803.375960 3.753029 3.547396 16.635642
 53780.000000 -853914.875000 801.666968 3.594165 3.696000 16.364940
 53800.000000 -854132.562500 803.194399 3.595969 3.597203 16.691305
 53820.000000 -853240.000000 805.636273 3.210762 3.525101 16.470673
 53840.000000 -853982.812500 804.448818 3.013739 3.295143 16.397476
 53860.000000 -852563.937500 802.080759 3.257846 3.389092 16.606437
 53880.000000 -855409.937500 803.379295 3.291073 3.490929 16.625517
 53900.000000 -853627.562500 802.493894 3.448955 3.607939 16.453899
 53920.000000 -854104.187500 803.726395 3.417262 3.310489 16.551663
 53940.000000 -851345.000000 806.567622 3.510553 3.409593 16.456183
 53960.000000 -855760.250000 803.179015 3.500627 3.264123 16.458858
 53980.000000 -854556.875000 805.281520 3.613599 3.292223 16.324325
 54000.000000 -853848.812500 804.278046 3.554296 3.501577 16.649760
 54020.000000 -851915.000000 806.337003 3.570505 3.410208 16.503062
 54040.000000 -853413.187500 802.412811 3.270931 3.586176 16.201146
 54060.000000 -853582.062500 805.304407 3.348411 3.174614 16.472959
 54080.000000 -853900.375000 803.847216 3.378723 3.313512 16.592596
 54100.000000 -853375.750000 802.429650 3.241256 3.148665 16.665933
 54120.000000 -852311.687500 805.178148 3.504405 3.346405 16.451741
 54140.000000 -853093.375000 806.367314 3.559576 3.190521 16.383857
 54160.000000 -852530.812500 805.467566 3.457503 3.489643 16.479873
 54180.000000 -854449.125000 799.089687 3.293823 3.262755 16.651287
 54200.000000 -854632.812500 802.515208 3.255982 3.270161 16.645141
 54220.000000 -854761.375000 804.375452 3.607800 3.472986 16.367826
 54240.000000 -854075.312500 800.403031 3.523327 3.449425 16.661602
 54260.000000 -853307.062500 804.444887 3.433389 3.426949 16.743123
 54280.000000 -854081.312500 802.852709 3.142236 3.503199 16.476019
 54300.000000 -853495.875000 802.754210 3.479839 3.518476 16.330043
 54320.000000 -855125.187500 806.377634 3.421608 3.453863 16.398355
 54340.000000 -853467.250000 805.035612 3.305042 3.270159 16.450620
 54360.000000 -851739.375000 806.158317 3.268591 3.332806 16.537039
 54380.000000 -854499.812500 801.866928 3.474830 3.120034 16.431300
 54400.000000 -852625.125000 803.357698 3.521729 3.341080 16.571458
 54420.000000 -853284.500000 804.793187 3.344584 3.225368 16.489717
 54440.000000 -853737.312500 806.306825 3.444717 3.452393 16.600954
 54460.000000 -853229.625000 802.763474 3.593114 3.597672 16.566619
 54480.000000 -851926.000000 806.321930 3.506037 3.532041 16.413006
 54500.000000 -853685.875000 804.314420 3.475459 3.513685 16.450009
 54520.000000 -852352.500000 804.516712 3.521718 3.570320 16.514928
 54540.000000 -853227.625000 802.724425 3.461280 3.406825 16.754346
 54560.000000 -854468.125000 803.379680 3.497921 3.264552 16.766898
 54580.000000 -853740.750000 803.215063 3.640008 3.465050 16.560839
 54600.000000 -854864.375000 805.790246 3.415568 3.389932 16.676583
 54620.000000 -856697.187500 802.182545 3.533058 3.212748 16.737597
 54640.000000 -854402.812500 803.872832 3.330704 3.418638 16.712879
 54660.000000 -854140.500000 806.096214 3.560137 3.866410 16.696774
 54680.000000 -854079.500000 804.169562 3.617943 3.692709 16.739804
 54700.000000 -853489.437500 805.920415 3.391827 3.514314 16.658163
 54720.000000 -853007.937500 803.750642 3.322587 3.452616 16.927229
 54740.000000 -852923.312500 805.407098 3.305628 3.641310 16.709938
 54760.000000 -852503.562500 802.941503 3.734306 3.380251 16.671957
 54780.000000 -853042.750000 806.497045 3.469562 3.411767 16.621067
 54800.000000 -854993.062500 804.032824 3.355391 3.418614 16.518388
 54820.000000 -853423.625000 803.306719 3.387298 3.368887 16.287071
 54840.000000 -853773.750000 805.984985 3.383195 3.170506 16.438313
 54860.000000 -852086.062500 804.876879 3.306818 3.319114 16.565016
 54880.000000 -851224.437500 803.574836 3.267092 3.249950 16.596253
 54900.000000 -852431.437500 804.522252 3.604552 3.629997 16.346365
 54920.000000 -854432.312500 806.268295 3.590759 3.447984 16.457360
 54940.000000 -855040.625000 803.848546 3.356007 3.106655 16.574923
 54960.000000 -853375.625000 803.546637 3.225630 3.256126 16.598847
 54980.000000 -853028.875000 806.449416 3.245652 3.472552 16.651227
 55000.000000 -851692.375000 806.860955 3.228724 3.414184 16.752619
 55020.000000 -852798.687500 806.301935 3.275546 3.504304 16.872429
 55040.000000 -853757.625000 801.407746 3.252758 3.678373 16.949798
 55060.000000 -853298.125000 806.466571 3.541225 3.570293 16.808547
 55080.000000 -854028.500000 803.242388 3.432185 3.296736 16.622743
 55100.000000 -853086.875000 806.736377 3.442842 3.247577 16.482526
 55120.000000 -854253.937500 803.517386 3.408436 3.308464 16.358892
 55140.000000 -853476.375000 806.009265 3.280874 3.291736 16.417127
 55160.000000 -853440.562500 804.522310 3.457062 3.452794 16.423955
 55180.000000 -853250.125000 804.346196 3.474547 3.227981 16.614761
 55200.000000 -854243.250000 805.467850 3.364355 3.329102 16.505162
 55220.000000 -854416.562500 806.520172 3.345959 3.523137 16.345866
 55240.000000 -854876.875000 801.339992 3.437387 3.387480 16.223248
 55260.000000 -853106.750000 804.182133 3.506839 3.434090 16.473318
 55280.000000 -855615.000000 802.738110 3.615904 3.218749 16.317045
 55300.000000 -855159.937500 803.633136 3.455005 3.444380 16.531920
 55320.000000 -852684.312500 804.759858 3.661365 3.420315 16.514581
 55340.000000 -851848.687500 804.353939 3.601956 3.522582 16.534113
 55360.000000 -853560.750000 805.663164 3.576075 3.473816 16.415941
 55380.000000 -853242.250000 803.660987 3.447653 3.259673 16.562343
 55400.000000 -852436.437500 804.970015 3.320491 3.164834 16.519796
 55420.000000 -854014.875000 804.770558 3.328394 3.531833 16.414351
 55440.000000 -855526.437500 804.603995 3.013371 3.564928 16.594927
 55460.000000 -853847.687500 802.750456 3.226328 3.858266 16.617768
 55480.000000 -854869.187500 803.149931 3.566434 3.514596 16.252428
 55500.000000 -853222.875000 803.865646 3.272420 3.368697 16.404340
 55520.000000 -853597.375000 805.448904 3.410360 3.416280 16.495718
 55540.000000 -852344.562500 803.910176 3.239495 3.296685 16.693671
 55560.000000 -851755.937500 807.222789 3.216538 3.484719 16.458205
 55580.000000 -854323.500000 803.905374 3.209725 3.519831 16.666123
 55600.000000 -854629.937500 805.177122 3.173624 3.624753 16.642262
 55620.000000 -853606.000000 805.113028 3.142606 3.524746 16.765771
 55640.000000 -853176.812500 805.555155 3.227319 3.425024 16.795698
 55660.000000 -854720.000000 802.878610 3.187700 3.386285 16.807486
 55680.000000 -853942.312500 803.568144 3.562599 3.379778 16.790680
 55700.000000 -852945.000000 802.939051 3.299370 3.356296 16.636543
 55720.000000 -852438.062500 804.113194 3.429591 3.046509 16.589446
 55740.000000 -853805.937500 803.575195 3.580662 3.414123 16.584250
 55760.000000 -853839.687500 804.498819 3.532499 3.331026 16.241102
 55780.000000 -854264.312500 803.668395 3.502942 3.309563 16.653842
 55800.000000 -853875.187500 803.068038 3.668853 3.520500 16.611890
 55820.000000 -853830.500000 802.862788 3.731909 3.440454 16.529244
 55840.000000 -853707.937500 803.740975 3.337424 3.418847 16.561326
 55860.000000 -854662.000000 802.318478 3.386446 3.323830 16.371833
 55880.000000 -853473.062500 801.919645 3.539675 3.111397 16.327889
 55900.000000 -854587.875000 801.294412 3.556178 3.502913 16.394423
 55920.000000 -854158.000000 803.036472 3.569905 3.523935 16.294819
 55940.000000 -855040.000000 800.574231 3.598060 3.555994 16.319545
 55960.000000 -852130.625000 804.694901 3.445359 3.527596 16.530525
 55980.000000 -853728.937500 801.738682 3.362688 3.420621 16.576898
 56000.000000 -852564.687500 806.826442 3.211835 3.484484 16.315519
 56020.000000 -853744.750000 804.560658 3.310288 3.231051 16.371787
 56040.000000 -853024.250000 803.730112 3.382106 3.522260 16.516913
 56060.000000 -853793.062500 802.249244 3.469177 3.578874 16.541139
 56080.000000 -852254.812500 804.527877 3.415493 3.419275 16.353616
 56100.000000 -855087.312500 803.387862 3.464720 3.342758 16.476094
 56120.000000 -852564.937500 801.176802 3.423823 3.401286 16.318009
 56140.000000 -852459.312500 802.289379 3.278116 3.422798 16.474718
 56160.000000 -854491.375000 801.172547 3.449247 3.325187 16.599094
 56180.000000 -855065.812500 803.485583 3.570741 3.264771 16.438379
 56200.000000 -852728.187500 805.512543 3.410401 3.350834 16.518145
 56220.000000 -852955.062500 806.570946 3.429980 3.618741 16.822984
 56240.000000 -852440.687500 803.017318 3.362107 3.457873 16.665463
 56260.000000 -853084.937500 805.645421 3.389422 3.306970 16.486042
 56280.000000 -852279.250000 803.260615 3.358645 3.103260 16.529059
 56300.000000 -853507.000000 803.061875 3.601563 3.441637 16.204412
 56320.000000 -853965.562500 803.623104 3.610209 3.571773 16.675008
 56340.000000 -854073.937500 802.902258 3.560972 3.289835 16.714392
 56360.000000 -853486.125000 803.689770 3.353347 3.235618 16.533033
 56380.000000 -854290.250000 804.383285 3.325062 3.580184 16.675790
 56400.000000 -853495.250000 803.644874 3.419585 3.630878 16.731688
 56420.000000 -853126.687500 804.023653 3.193630 3.491597 16.842164
 56440.000000 -853487.750000 802.119155 3.199868 3.415717 16.568377
 56460.000000 -854673.687500 804.127714 3.299468 3.268477 16.721179
 56480.000000 -853963.187500 804.263535 3.672653 3.114645 16.372947
 56500.000000 -852431.875000 805.184126 3.412205 3.259932 16.466194
 56520.000000 -852905.187500 802.596500 3.394523 3.286546 16.495271
 56540.000000 -853565.125000 803.465480 3.428644 3.419164 16.484599
 56560.000000 -853480.000000 804.894028 3.411699 3.369975 16.465716
 56580.000000 -852187.500000 803.155059 3.782300 3.484141 16.407983
 56600.000000 -854610.375000 803.912445 3.470301 3.240590 16.442984
 56620.000000 -852930.312500 804.615125 3.077965 3.340540 16.314666
 56640.000000 -851752.500000 804.833195 3.152752 3.463167 16.565105
 56660.000000 -854152.625000 800.335555 3.413960 3.568812 16.897754
 56680.000000 -856258.875000 802.790113 3.243781 3.290643 16.794722
 56700.000000 -852752.062500 803.009810 3.090038 3.374969 16.184049
 56720.000000 -854033.562500 803.617057 3.294985 3.303891 16.452534
 56740.000000 -853375.187500 805.688020 3.271137 3.132423 16.615312
 56760.000000 -853434.687500 802.030052 3.467608 2.994745 16.506645
 56780.000000 -854229.000000 806.045322 3.399255 3.047792 16.367413
 56800.000000 -853291.812500 803.347218 3.566631 3.314881 16.334227
 56820.000000 -853162.187500 804.608659 3.250609 3.519458 16.598847
 56840.000000 -854446.250000 801.931028 3.491094 3.675362 16.422966
 56860.000000 -854028.375000 804.692378 3.433646 3.333243 16.475075
 56880.000000 -852089.812500 805.202098 3.497272 3.302772 16.557279
 56900.000000 -853213.000000 804.817002 3.494325 3.161227 16.470042
 56920.000000 -852978.750000 803.922519 3.315358 3.116333 16.278039
 56940.000000 -853626.750000 805.579426 3.499417 3.424108 16.378253
 56960.000000 -853075.187500 805.098263 3.345612 3.192976 16.235027
 56980.000000 -852839.125000 804.683245 3.401978 3.218559 16.674354
 57000.000000 -853167.187500 803.167881 3.248508 3.355904 16.717073
 57020.000000 -854033.187500 802.845532 2.997137 3.514740 16.420303
 57040.000000 -852398.312500 802.795661 3.405246 3.336072 16.457449
 57060.000000 -854592.625000 801.924458 3.605495 3.460084 16.233225
 57080.000000 -855243.437500 804.067850 3.348798 3.620973 16.442718
 57100.000000 -853996.062500 803.113710 3.245982 3.321500 16.446595
 57120.000000 -853247.437500 805.264955 3.294351 3.399179 16.281832
 57140.000000 -852295.062500 803.691993 3.385332 3.593124 16.371341
 57160.000000 -853880.812500 803.508945 3.315894 3.585965 16.192001
 57180.000000 -854955.000000 803.736965 3.428914 3.470849 16.570838
 57200.000000 -855053.437500 802.999374 3.474271 3.534688 16.391702
 57220.000000 -855361.875000 805.263392 3.314245 3.488016 16.792474
 57240.000000 -854761.812500 803.648229 3.497368 3.418599 16.585158
 57260.000000 -853711.437500 803.083769 3.260965 3.525308 16.782864
 57280.000000 -852863.937500 803.427311 3.439784 3.565944 16.562925
 57300.000000 -852249.437500 805.184872 3.144812 3.638320 16.317688
 57320.000000 -854766.750000 803.107378 3.141096 3.230174 16.483847
 57340.000000 -854084.937500 802.809934 3.103096 3.403184 16.397782
 57360.000000 -853845.687500 804.753202 3.367223 3.417869 16.495361
 57380.000000 -855099.562500 802.123299 3.432276 3.558621 16.910002
 57400.000000 -853753.500000 804.201177 3.449956 3.366625 16.909439
 57420.000000 -852869.750000 804.555720 3.294648 3.266931 16.476732
 57440.000000 -854139.375000 804.427001 3.501369 3.323738 16.489318
 57460.000000 -853652.500000 805.225649 3.492076 3.267343 16.663622
 57480.000000 -854737.687500 803.314672 3.296083 3.261341 16.561180
 57500.000000 -853808.000000 802.875596 3.065189 3.367153 16.842726
 57520.000000 -853680.500000 802.894644 3.253221 3.385889 16.340464
 57540.000000 -853836.250000 806.720272 3.371425 3.512382 16.662860
 57560.000000 -852026.000000 805.667069 3.331184 3.665245 16.670535
 57580.000000 -853902.500000 805.320611 3.359076 3.532077 16.620903
 57600.000000 -853276.187500 804.742927 3.148775 3.562736 16.777513
 57620.000000 -852272.812500 806.340454 3.340371 3.408470 16.525611
 57640.000000 -853148.187500 804.850925 3.325568 3.137003 16.282437
 57660.000000 -855054.625000 803.603141 3.327233 3.158939 16.632489
 57680.000000 -853927.562500 806.239602 3.412714 3.405614 16.510563
 57700.000000 -853806.750000 807.494694 3.526707 3.390512 16.336383
 57720.000000 -855731.750000 803.777470 3.385030 3.281146 16.206832
 57740.000000 -855300.437500 804.902986 3.596850 3.478941 16.290922
 57760.000000 -854072.125000 804.729921 3.361330 3.396869 16.471433
 57780.000000 -855140.625000 803.984800 3.368055 3.235498 16.691196
 57800.000000 -854454.500000 803.143988 3.510965 3.516036 16.513125
 57820.000000 -852707.562500 801.194516 3.583463 3.561272 16.428899
 57840.000000 -855337.750000 803.599106 3.681818 3.422820 16.392170
 57860.000000 -853000.062500 802.644840 3.516735 3.294337 16.471567
 57880.000000 -854204.125000 803.042983 3.322003 3.713315 16.480694
 57900.000000 -852756.250000 806.555158 3.221840 3.405485 16.507725
 57920.000000 -853388.375000 804.333129 3.433024 3.360728 16.381625
 57940.000000 -851837.375000 804.953228 3.187728 3.642614 16.734456
 57960.000000 -854196.875000 804.364131 3.322725 3.668552 16.414437
 57980.000000 -853732.250000 801.902698 3.578852 3.407970 16.449749
 58000.000000 -854578.812500 802.752027 3.784774 3.778261 16.245303
 58020.000000 -853242.312500 802.871146 3.465187 3.454818 16.560052
 58040.000000 -854703.375000 802.415868 3.190747 3.448738 16.377098
 58060.000000 -853865.437500 801.616024 3.514856 3.153711 16.728067
 58080.000000 -855626.687500 806.086303 3.415586 3.352939 16.647725
 58100.000000 -853851.187500 802.801683 3.488057 3.319008 16.459574
 58120.000000 -853904.312500 804.804542 3.334327 3.474384 16.408689
 58140.000000 -855115.000000 800.771914 3.465605 3.339233 16.633996
 58160.000000 -852311.937500 802.809901 3.441102 3.574149 16.600869
 58180.000000 -855368.875000 801.797304 3.176646 3.610638 16.811370
 58200.000000 -855602.125000 802.027301 3.143214 3.504296 16.797218
 58220.000000 -853195.312500 801.557445 3.452480 3.413698 16.419454
 58240.000000 -855433.625000 800.596883 3.526574 3.385213 16.434383
 58260.000000 -853865.750000 803.112391 3.617250 3.236857 16.480926
 58280.000000 -854239.312500 801.942198 3.344072 3.418407 16.577945
 58300.000000 -854917.812500 802.463004 3.672981 3.567784 16.371948
 58320.000000 -854172.312500 802.307183 3.797623 3.517104 16.337953
 58340.000000 -854150.062500 803.329194 3.472980 3.533903 16.499181
 58360.000000 -855591.000000 802.534562 3.417054 3.529917 16.456053
 58380.000000 -854423.750000 803.534203 3.263803 3.454560 16.333650
 58400.000000 -854030.812500 803.136936 3.438038 3.470998 16.297933
 58420.000000 -853588.125000 803.128481 3.222563 3.685535 16.404415
 58440.000000 -853222.500000 805.462557 3.297825 3.407530 16.580089
 58460.000000 -853132.812500 804.115984 3.389354 3.276541 16.517689
 58480.000000 -853434.250000 803.799692 3.041580 3.067150 16.110843
 58500.000000 -852965.250000 805.714512 3.300819 3.365228 16.009180
 58520.000000 -853561.062500 804.450644 3.318873 3.517277 16.260509
 58540.000000 -852857.625000 804.072442 3.471320 3.383147 16.405270
 58560.000000 -853987.687500 803.056069 3.345478 3.255008 16.361315
 58580.000000 -854161.375000 803.545751 3.400706 3.221292 16.378849
 58600.000000 -856436.375000 803.314833 3.292808 3.449851 16.298714
 58620.000000 -854356.437500 803.795227 3.311740 3.237922 16.591890
 58640.000000 -853344.250000 802.378396 3.647597 3.287427 16.461101
 58660.000000 -853011.875000 802.894989 3.782723 3.816251 16.508034
 58680.000000 -853970.187500 803.961520 3.700220 3.616040 16.430793
 58700.000000 -852588.625000 806.130138 3.472843 3.357444 16.629154
 58720.000000 -853920.250000 804.970409 3.385462 3.418451 16.630575
 58740.000000 -853306.875000 804.382605 3.617118 3.295189 16.301952
 58760.000000 -853668.500000 805.277137 3.340015 3.207970 16.515263
 58780.000000 -852935.312500 804.015680 3.424415 3.223747 16.729424
 58800.000000 -853219.875000 802.497502 3.438821 3.503540 16.674399
 58820.000000 -852889.812500 803.708566 3.256055 3.425258 16.706546
 58840.000000 -855027.562500 803.327633 3.239840 3.434137 17.070649
 58860.000000 -851939.312500 809.152333 3.374469 2.988174 7.122939
 58880.000000 -852432.187500 807.620758 3.209711 3.044103 10.265862
 58900.000000 -853562.062500 806.611067 3.282969 3.426791 13.625994
 58920.000000 -854257.812500 805.309780 3.333115 3.443923 15.397865
 58940.000000 -853572.250000 805.416415 3.526646 3.443855 15.809538
 58960.000000 -854542.125000 805.894503 3.657407 3.350884 16.341756
 58980.000000 -854981.750000 804.637796 3.315676 3.511816 16.462710
 59000.000000 -854963.562500 802.497466 3.410484 3.586629 16.682379
 59020.000000 -853670.062500 804.305471 3.587560 3.534001 16.631590
 59040.000000 -855256.625000 804.278141 3.437656 3.474057 16.377533
 59060.000000 -855201.500000 803.076575 3.453401 3.226405 16.528764
 59080.000000 -853932.375000 801.917106 3.345055 3.353585 16.509190
 59100.000000 -854693.000000 801.563121 3.479447 3.254633 16.369224
 59120.000000 -856109.250000 801.227509 3.321939 3.025977 16.697985
 59140.000000 -854079.750000 803.435000 3.411147 3.311401 16.742481
 59160.000000 -853140.750000 802.553573 3.437531 3.610026 16.249448
 59180.000000 -855602.375000 800.986517 3.449649 3.565855 16.469836
 59200.000000 -855648.312500 801.075110 3.188481 3.345781 16.625902
 59220.000000 -854351.625000 804.480228 3.237505 3.305895 16.501264
 59240.000000 -853445.250000 803.788205 3.346787 3.192225 16.580202
 59260.000000 -853077.750000 804.138847 3.264884 3.260505 16.553912
 59280.000000 -855001.562500 803.386472 3.452810 3.435570 16.390904
 59300.000000 -852447.375000 803.296920 3.471763 3.723009 16.390760
 59320.000000 -852897.125000 803.967272 3.503375 3.674647 16.592046
 59340.000000 -853842.625000 802.882621 3.467284 3.546298 16.509462
 59360.000000 -855730.687500 802.190914 3.537459 3.558743 16.458097
 59380.000000 -854564.000000 804.407027 3.341582 3.404102 16.584564
 59400.000000 -853494.187500 805.969143 3.575278 3.525409 16.371013
 59420.000000 -854636.937500 803.339873 3.171127 3.402592 16.603260
 59440.000000 -853769.312500 803.698738 3.274437 3.111968 16.756242
 59460.000000 -854397.062500 801.294181 2.968106 3.370245 16.794819
 59480.000000 -853723.437500 804.242535 3.063855 3.472315 16.528984
 59500.000000 -855047.250000 801.370023 3.262714 3.550921 16.550953
 59520.000000 -852424.187500 802.767953 3.377637 3.601549 16.564335
 59540.000000 -852498.562500 802.018452 3.387359 3.419901 16.638333
 59560.000000 -856021.875000 802.699683 3.346278 3.647895 16.610421
 59580.000000 -852657.687500 802.191378 3.337515 3.388207 16.677712
 59600.000000 -852742.937500 804.865121 3.411052 3.329841 16.364472
 59620.000000 -854041.312500 804.131781 3.359887 3.395992 16.335602
 59640.000000 -853079.937500 802.539330 3.544743 3.453747 16.122384
 59660.000000 -854521.625000 804.008318 3.406776 3.354468 16.449910
 59680.000000 -855016.250000 800.999610 3.290055 3.683160 16.498002
 59700.000000 -855378.875000 803.568868 3.327666 3.430347 16.733064
 59720.000000 -853901.875000 803.342420 3.052213 3.443082 16.672258
 59740.000000 -853740.125000 803.847594 3.174427 3.449027 16.650621
 59760.000000 -855217.000000 803.483354 3.448661 3.460618 16.578054
 59780.000000 -853262.625000 804.523629 3.433176 3.469035 16.764790
 59800.000000 -853049.187500 805.588304 3.529633 3.233407 16.638351
 59820.000000 -854841.187500 804.531473 3.292908 3.348115 16.494006
 59840.000000 -853766.625000 803.396108 3.383615 3.381900 16.356663
 59860.000000 -854851.250000 798.749911 3.245006 3.371417 16.559430
 59880.000000 -854103.312500 802.492305 3.431353 3.421453 16.539763
 59900.000000 -853112.000000 804.867321 3.207983 3.439736 16.616994
 59920.000000 -853484.750000 803.109853 3.459823 3.444529 16.368518
 59940.000000 -854237.937500 803.026049 3.541994 3.271873 16.622098
 59960.000000 -851971.250000 804.773778 3.653678 3.347947 16.670040
 59980.000000 -853172.437500 802.970504 3.685068 3.561806 16.571616
 60000.000000 -854897.500000 804.179590 3.744156 3.227998 16.391372
 60020.000000 -854080.875000 803.771565 3.565552 3.421120 16.464192
 60040.000000 -852824.500000 802.915491 3.543442 3.328020 16.351164
 60060.000000 -854646.312500 804.201242 3.220458 3.158322 16.311312
 60080.000000 -853965.375000 804.035177 3.461390 3.269489 16.313609
 60100.000000 -853747.062500 805.166482 3.246116 3.299590 16.225078
 60120.000000 -855147.125000 803.115824 2.974235 3.323440 16.524936
 60140.000000 -853243.062500 804.186321 3.331381 3.451715 16.627731
 60160.000000 -853973.625000 804.933957 3.253045 3.889227 16.409397
 60180.000000 -853373.250000 801.673719 3.055538 3.512420 16.658164
 60200.000000 -852088.062500 805.053058 3.159567 3.356204 16.647658
 60220.000000 -854218.937500 803.803665 3.527154 3.275561 16.322868
 60240.000000 -854400.625000 804.601224 3.600777 3.090498 16.271073
 60260.000000 -853449.125000 800.698895 3.677472 3.161409 16.163867
 60280.000000 -855003.000000 805.012514 3.492480 3.332625 16.458275
 60300.000000 -855078.187500 803.223362 3.229667 3.435848 16.531902
 60320.000000 -855642.937500 803.128502 3.314393 3.382939 16.708154
 60340.000000 -853867.062500 803.356427 3.660999 3.310566 16.513654
 60360.000000 -853727.875000 806.157342 3.250329 3.448603 16.546123
 60380.000000 -850802.812500 806.707065 3.232275 3.377115 16.517782
 60400.000000 -852835.187500 804.692719 3.098150 3.352431 16.349220
 60420.000000 -853934.500000 803.662898 3.190623 3.321354 16.553562
 60440.000000 -852834.875000 804.106649 3.203128 3.339455 16.379449
 60460.000000 -853402.687500 803.488821 3.451678 3.588387 16.448492
 60480.000000 -853948.000000 802.923819 3.627147 3.280266 16.583238
 60500.000000 -852100.750000 803.814696 3.552722 3.226455 16.491737
 60520.000000 -853325.750000 806.005036 3.275537 3.339042 16.532266
 60540.000000 -853402.187500 804.095164 3.424051 3.295464 16.352778
 60560.000000 -852873.875000 804.271423 3.468101 2.996244 16.269240
 60580.000000 -853004.062500 805.372599 3.244498 3.416728 16.345544
 60600.000000 -854040.437500 803.798959 3.400637 3.316622 16.470295
 60620.000000 -853640.187500 803.063998 3.452583 3.307556 16.826948
 60640.000000 -854034.687500 804.998291 3.663256 3.328723 16.805688
 60660.000000 -854489.500000 806.128729 3.413266 3.401264 16.816359
 60680.000000 -854606.562500 806.808770 3.206198 3.670961 16.694213
 60700.000000 -854208.437500 804.908514 3.450372 3.091311 16.547626
 60720.000000 -852791.000000 803.375455 3.332330 3.181658 16.282692
 60740.000000 -853451.312500 804.906079 3.465080 3.373669 16.307270
 60760.000000 -853383.500000 804.175232 3.410350 3.184435 16.541559
 60780.000000 -852493.250000 802.136508 3.444129 3.167826 16.421257
 60800.000000 -852120.000000 805.534248 3.391064 3.090984 16.349117
 60820.000000 -855165.062500 802.843716 3.507520 3.240634 16.252746
 60840.000000 -853188.750000 804.324891 3.379052 3.402079 16.278415
 60860.000000 -853589.812500 803.305792 3.370453 3.703728 16.255062
 60880.000000 -853231.062500 803.562774 3.365104 3.636404 16.507331
 60900.000000 -851370.562500 807.237061 3.535705 3.246400 16.414194
 60920.000000 -854671.375000 804.150154 3.409362 3.297371 16.634913
 60940.000000 -852875.312500 804.968558 3.296718 3.321187 16.602817
 60960.000000 -854742.812500 799.522191 3.321960 3.456882 16.830864
 60980.000000 -853192.375000 802.830199 3.431346 3.432587 16.553470
 61000.000000 -853838.125000 804.831790 3.444928 3.557557 16.442074
 61020.000000 -854269.687500 803.154540 3.590330 3.422444 16.426719
 61040.000000 -854818.687500 799.161686 3.447279 3.234717 16.211195
 61060.000000 -854679.375000 802.302044 3.464663 3.279977 16.366265
 61080.000000 -854611.500000 802.067489 3.526181 3.313875 16.111536
 61100.000000 -854233.187500 804.446693 3.340142 3.198919 16.513108
 61120.000000 -854192.687500 803.622323 3.139141 3.438779 16.633460
 61140.000000 -852151.875000 801.401003 3.238391 3.461214 16.662564
 61160.000000 -853672.875000 803.746307 3.123738 3.367791 16.566974
 61180.000000 -855839.500000 803.099793 3.506167 3.222987 16.518743
 61200.000000 -853113.437500 806.119498 3.447156 3.199929 16.280734
 61220.000000 -853715.812500 804.155980 3.199155 3.354632 16.350103
 61240.000000 -853126.000000 802.669648 3.356175 3.484284 16.607649
 61260.000000 -853420.687500 802.497205 3.149814 3.487932 16.342815
 61280.000000 -852699.000000 802.978237 3.242956 3.453090 16.534449
 61300.000000 -855133.687500 804.335784 3.514741 3.268138 16.638302
 61320.000000 -854756.375000 802.208888 3.477390 3.479012 16.704820
 61340.000000 -853714.187500 805.094991 3.586182 3.377232 16.326156
 61360.000000 -855704.562500 802.485329 3.628692 3.201697 16.405469
 61380.000000 -853251.937500 802.876684 3.719572 3.634235 16.341609
 61400.000000 -855449.687500 802.476786 3.605922 3.572209 16.825266
 61420.000000 -855046.500000 803.938448 3.538799 3.839067 16.660014
 61440.000000 -853903.312500 803.063485 3.499563 3.287453 16.724644
 61460.000000 -851949.000000 803.853022 3.327033 3.227383 16.709331
 61480.000000 -852040.375000 806.162661 3.278481 3.195514 16.386318
 61500.000000 -852290.687500 803.522772 3.311114 3.235670 16.350293
 61520.000000 -852991.062500 802.414585 3.349557 3.216525 16.526759
 61540.000000 -850882.625000 804.159256 3.399279 3.353474 16.403632
 61560.000000 -853170.187500 805.834460 3.414682 3.430712 16.626354
 61580.000000 -854288.000000 804.833373 3.551287 3.440920 16.452083
 61600.000000 -852790.562500 805.119994 3.377386 3.519679 16.573693
 61620.000000 -852953.812500 806.896626 3.414321 3.689308 16.744534
 61640.000000 -854457.562500 802.571033 3.460343 3.334501 16.412927
 61660.000000 -852770.687500 804.069880 3.481061 3.254775 16.570040
 61680.000000 -854222.812500 805.761998 3.467457 3.420103 16.563379
 61700.000000 -853192.937500 804.108603 3.617732 3.323909 16.778431
 61720.000000 -853696.687500 804.817562 3.419029 3.405292 16.731050
 61740.000000 -854385.125000 803.948096 3.355207 3.538149 16.610232
 61760.000000 -852766.312500 805.151424 3.415034 3.749513 16.506494
 61780.000000 -853078.500000 803.879918 3.587835 3.767439 16.619015
 61800.000000 -854127.500000 801.665614 3.614873 3.489194 16.520956
 61820.000000 -853109.250000 804.165950 3.358621 3.473270 16.579312
 61840.000000 -853411.000000 804.382525 3.236056 3.498232 16.517466
 61860.000000 -853128.187500 802.685982 3.302724 3.303066 16.530186
 61880.000000 -852908.187500 805.279342 3.376157 3.262205 16.753516
 61900.000000 -852319.375000 803.804765 3.383176 3.267059 16.594489
 61920.000000 -853167.937500 803.771737 3.491966 3.062957 16.308533
 61940.000000 -852554.750000 805.694820 3.365536 3.316207 16.499163
 61960.000000 -850932.000000 804.973489 3.275684 3.443337 16.419881
 61980.000000 -853923.312500 805.801148 3.292939 3.831776 16.490235
 62000.000000 -852603.375000 805.889988 3.381147 3.387648 16.605520
 62020.000000 -851571.250000 805.328490 3.338869 3.295872 16.456987
 62040.000000 -854269.250000 804.069437 3.223452 3.232954 16.742138
 62060.000000 -852474.625000 805.646360 3.281192 3.450782 16.720027
 62080.000000 -852438.375000 805.392050 3.328715 3.464171 16.388214
 62100.000000 -854543.625000 802.607245 3.537438 3.694968 16.379660
 62120.000000 -852929.250000 805.831907 3.375038 3.493443 16.463065
 62140.000000 -854320.812500 804.468178 3.379103 3.296605 16.580242
 62160.000000 -855053.687500 804.608843 3.222393 3.267131 16.589343
 62180.000000 -852200.312500 804.865292 3.241186 3.191068 16.442984
 62200.000000 -852580.812500 802.049569 3.209532 3.422264 16.670053
 62220.000000 -853830.500000 807.502199 3.065732 3.036477 16.610201
 62240.000000 -852063.750000 805.099482 3.436490 3.265816 16.618166
 62260.000000 -852310.312500 806.759179 3.277662 3.389790 16.343784
 62280.000000 -854650.750000 801.360029 3.280403 3.283082 16.174501
 62300.000000 -852988.750000 804.947875 3.234536 3.351003 16.311816
 62320.000000 -852958.937500 803.966113 3.349125 3.177726 16.627595
 62340.000000 -854096.687500 805.292446 3.416550 3.257487 16.380600
 62360.000000 -853814.312500 806.379513 3.372251 3.379962 16.340087
 62380.000000 -853071.625000 802.569160 3.547227 3.487126 16.559479
 62400.000000 -855107.937500 805.305253 3.618103 3.661083 16.504893
 62420.000000 -852999.687500 804.450594 3.206136 3.126171 16.584911
 62440.000000 -852930.375000 804.569034 3.635562 3.190886 16.672936
 62460.000000 -853401.375000 803.712175 3.581548 2.914927 16.296752
 62480.000000 -853425.375000 803.820364 3.537282 3.063362 16.584639
 62500.000000 -855184.000000 801.589146 3.447685 3.239809 16.686683
 62520.000000 -854382.375000 804.127139 3.438593 3.145038 16.547161
 62540.000000 -854847.312500 800.897857 3.505716 3.381476 16.373204
 62560.000000 -854527.875000 801.861081 3.680353 3.144785 16.504825
 62580.000000 -854728.562500 804.832698 3.262304 3.391775 16.353950
 62600.000000 -853386.000000 802.811414 3.349562 3.217878 16.502676
 62620.000000 -853794.062500 802.307582 3.411118 3.286519 16.444779
 62640.000000 -854336.625000 805.461176 3.309221 3.458770 16.430127
 62660.000000 -856785.875000 805.007284 3.239861 3.459591 16.291451
 62680.000000 -852745.812500 805.685584 3.194061 3.400567 16.110264
 62700.000000 -853852.875000 804.982297 3.579465 2.994189 16.177207
 62720.000000 -853797.250000 804.042512 3.439221 3.104547 16.493910
 62740.000000 -853492.312500 802.967243 3.372046 3.291385 16.608654
 62760.000000 -852865.375000 803.763046 3.349358 3.365760 16.494827
 62780.000000 -852978.375000 805.999746 3.537088 3.204092 16.543454
 62800.000000 -851820.750000 805.203918 3.386584 3.257705 16.486937
 62820.000000 -854200.062500 803.881018 3.267753 3.368184 16.279856
 62840.000000 -853687.937500 804.000451 3.553129 3.710968 16.430199
 62860.000000 -853255.125000 804.585285 3.545331 3.629951 16.821334
 62880.000000 -851826.375000 803.027612 3.352890 3.707333 16.683175
 62900.000000 -852992.875000 804.274049 3.217568 3.279962 16.478229
 62920.000000 -853933.062500 804.007575 3.464023 3.215840 16.487134
 62940.000000 -854159.125000 803.644457 3.480510 3.416191 16.258441
 62960.000000 -852643.687500 803.516203 3.352463 3.581429 16.299248
 62980.000000 -852995.187500 803.251661 3.487469 3.542431 16.437099
 63000.000000 -853344.750000 805.034331 3.425881 3.680866 16.575172
 63020.000000 -855511.312500 800.948121 3.555693 3.591326 16.293267
 63040.000000 -853803.250000 802.410446 3.373906 3.419645 16.254386
 63060.000000 -854397.812500 803.610393 3.581617 3.429734 16.280323
 63080.000000 -853602.312500 804.013477 3.635151 3.284174 16.369193
 63100.000000 -854572.812500 804.076906 3.394786 3.334924 16.364497
 63120.000000 -854518.187500 805.916435 3.442754 3.260327 16.423996
 63140.000000 -855456.312500 802.334959 3.261825 3.445146 16.375546
 63160.000000 -853391.625000 803.784879 3.255802 3.798583 16.305958
 63180.000000 -855363.687500 804.963720 3.350550 3.777160 16.361275
 63200.000000 -854619.250000 802.579201 3.426755 3.630057 16.537093
 63220.000000 -855319.250000 803.899525 3.326493 3.339083 16.516789
 63240.000000 -854050.875000 803.171911 3.186858 3.267977 16.557849
 63260.000000 -854184.625000 803.120193 3.431734 3.412876 16.278051
 63280.000000 -854027.187500 803.262562 3.317799 3.505524 16.429923
 63300.000000 -853454.750000 803.822361 3.516879 3.400558 16.627744
 63320.000000 -852902.750000 804.358301 3.409086 3.373325 16.590230
 63340.000000 -856102.625000 802.728893 3.255534 3.276695 16.358953
 63360.000000 -853826.437500 804.595889 3.219573 2.993956 16.661885
 63380.000000 -852902.000000 805.644593 3.663858 3.054251 16.493338
 63400.000000 -854257.750000 801.496384 3.289203 3.549100 16.585639
 63420.000000 -853726.500000 803.633254 3.086985 3.588446 16.427817
 63440.000000 -854860.000000 803.779933 3.147063 3.462533 16.314065
 63460.000000 -853799.312500 804.624889 3.301587 3.490663 16.480938
 63480.000000 -852749.750000 802.792614 2.981964 3.530445 16.717966
 63500.000000 -853339.750000 804.248849 3.243613 3.373494 16.580576
 63520.000000 -854179.562500 801.946504 3.347701 3.412787 16.696989
 63540.000000 -854178.000000 802.811009 3.262545 2.975634 16.725275
 63560.000000 -854610.500000 802.022562 3.230569 2.912895 16.620226
 63580.000000 -853995.937500 805.428943 3.390942 3.287911 16.821140
 63600.000000 -852265.312500 805.601404 3.406927 3.284257 16.555493
 63620.000000 -854656.312500 802.396011 3.323321 3.325117 16.381793
 63640.000000 -853528.125000 806.003123 3.384422 3.447845 16.582966
 63660.000000 -856245.312500 803.151580 3.390762 3.148452 16.334927
 63680.000000 -853445.750000 802.303781 3.497149 3.424091 16.712799
 63700.000000 -853613.875000 803.206962 3.260619 3.320889 16.697122
 63720.000000 -854746.875000 804.980208 3.302498 3.482202 16.570413
 63740.000000 -855245.875000 803.744028 3.445330 3.629634 16.485725
 63760.000000 -853543.062500 804.128136 3.298838 3.300903 16.490689
 63780.000000 -853183.625000 804.216903 3.438586 3.404006 16.504277
 63800.000000 -852764.750000 804.016446 3.455769 3.318688 16.521806
 63820.000000 -853703.312500 806.782185 3.550075 3.463844 16.258826
 63840.000000 -854390.562500 805.078451 3.492096 3.347823 16.711606
 63860.000000 -852289.687500 806.123251 3.079242 3.293117 16.713967
 63880.000000 -854279.000000 806.544206 3.261839 3.444797 16.681453
 63900.000000 -853092.062500 804.041838 3.132294 3.463543 16.530637
 63920.000000 -853322.125000 804.218983 3.322192 3.026597 16.536413
 63940.000000 -853681.750000 799.863047 3.524592 3.464116 16.377060
 63960.000000 -853159.000000 806.747246 3.369280 3.448618 16.484060
 63980.000000 -853520.375000 805.462851 3.207390 3.645425 16.380431
 64000.000000 -850461.750000 806.041549 3.316642 3.264751 16.618379
 64020.000000 -853377.375000 805.997816 3.402376 3.469772 16.594069
 64040.000000 -854198.062500 804.006117 3.390354 3.062840 16.500821
 64060.000000 -851236.375000 805.055350 3.508775 3.346105 16.443738
 64080.000000 -852243.625000 802.236625 3.420671 3.511351 16.616284
 64100.000000 -854602.125000 803.440702 3.340193 3.336659 16.514955
 64120.000000 -853242.250000 804.886484 3.374508 3.326070 16.362254
 64140.000000 -855207.625000 804.388046 3.325941 3.340127 16.623873
 64160.000000 -853187.500000 802.896780 3.196017 3.306335 16.722414
 64180.000000 -855383.812500 804.313303 3.588545 3.491985 16.616338
 64200.000000 -853584.750000 804.530117 3.386297 3.357666 16.502438
 64220.000000 -854344.250000 804.075053 3.421082 3.137446 16.793615
 64240.000000 -854140.187500 804.674625 3.571154 3.361123 16.668680
 64260.000000 -854496.062500 806.560311 3.438508 3.327895 16.504215
 64280.000000 -853260.437500 804.135755 3.513085 3.617874 16.466010
 64300.000000 -852819.562500 803.368533 3.466786 3.575501 16.556949
 64320.000000 -854078.250000 804.372311 3.647557 3.582544 16.554139
 64340.000000 -854205.000000 801.466412 3.479194 3.471050 16.448269
 64360.000000 -852726.375000 804.664713 3.361830 3.338231 16.337113
 64380.000000 -851093.437500 806.508201 3.358080 3.371080 16.656392
 64400.000000 -854214.937500 804.382921 3.175215 3.341055 16.536933
 64420.000000 -851750.687500 805.162595 3.335300 3.402687 16.603983
 64440.000000 -853286.812500 806.615493 3.464906 3.411346 16.465092
 64460.000000 -855411.625000 800.515584 3.411358 3.561073 16.545516
 64480.000000 -852875.062500 802.427471 3.505320 3.298763 16.809441
 64500.000000 -852157.125000 805.092224 3.383745 3.262104 16.785533
 64520.000000 -852201.500000 804.084059 3.191310 3.265105 16.691423
 64540.000000 -854886.000000 801.176757 3.256525 3.310964 16.379437
 64560.000000 -852517.187500 806.089200 3.216202 3.633926 16.522760
 64580.000000 -853487.312500 802.744639 3.227007 3.648897 16.443558
 64600.000000 -853602.937500 802.781128 3.331030 3.510735 16.600159
 64620.000000 -855861.375000 802.360193 3.462052 3.300861 16.466749
 64640.000000 -855542.625000 805.205709 3.717602 3.378528 16.681125
 64660.000000 -854262.062500 802.506096 3.271100 3.462725 16.519747
 64680.000000 -853702.937500 805.909296 3.508769 3.552969 16.304387
 64700.000000 -854916.750000 803.690144 3.731190 3.625816 16.390601
 64720.000000 -854840.250000 804.519569 3.571502 3.590184 16.723756
 64740.000000 -853852.750000 803.105775 3.671470 3.524249 16.640654
 64760.000000 -854132.562500 805.712995 3.623310 3.377450 16.702883
 64780.000000 -851198.500000 806.544023 3.467714 3.357955 16.316855
 64800.000000 -854400.437500 803.849698 3.589585 3.552841 16.070619
 64820.000000 -852701.937500 807.574927 3.495924 3.635664 16.141412
 64840.000000 -855780.187500 803.002502 3.524847 3.476425 16.512143
 64860.000000 -852554.812500 802.814633 3.459021 3.149421 16.503642
 64880.000000 -853577.812500 806.198439 3.367363 3.210040 16.480769
 64900.000000 -852351.625000 807.207986 3.272795 3.297118 16.180753
 64920.000000 -854870.000000 801.992904 3.497884 3.531164 16.055476
 64940.000000 -855432.250000 801.547208 3.243598 3.344158 16.160832
 64960.000000 -854663.687500 803.410801 3.266372 3.488532 16.227834
 64980.000000 -853404.562500 803.863489 3.414708 3.488559 16.335291
 65000.000000 -854104.437500 805.080140 3.077439 3.381056 16.438655
 65020.000000 -854938.812500 800.584036 3.360019 3.255726 16.498333
 65040.000000 -852206.687500 801.485244 3.236619 3.443613 16.481165
 65060.000000 -851706.875000 804.438410 3.451356 3.382511 16.724896
 65080.000000 -855335.187500 801.709443 3.622028 3.456680 16.453390
 65100.000000 -852794.062500 804.590553 3.759657 3.657509 16.524986
 65120.000000 -854450.562500 802.592540 3.705061 3.375536 16.511431
 65140.000000 -853039.812500 803.769124 3.583803 3.250934 16.495538
 65160.000000 -853309.437500 804.977421 3.424614 3.167870 16.565793
 65180.000000 -852656.500000 803.969396 3.165284 3.477476 16.593441
 65200.000000 -851420.937500 806.790680 3.212095 3.470683 16.271611
 65220.000000 -854080.125000 806.779700 3.406252 3.290528 16.602477
 65240.000000 -854268.875000 805.048071 2.989289 3.466798 16.586746
 65260.000000 -855209.437500 804.891665 3.502273 3.517182 16.296780
 65280.000000 -853652.625000 807.463703 3.452638 3.431516 16.505554
 65300.000000 -851582.062500 804.520281 3.530457 3.132912 16.268072
 65320.000000 -853522.500000 804.906826 3.500429 3.390191 16.343744
 65340.000000 -853181.500000 805.859897 3.591422 3.484728 16.410336
 65360.000000 -853141.687500 805.804380 3.338893 3.439624 16.616542
 65380.000000 -852546.250000 804.027162 3.515277 3.462703 16.417550
 65400.000000 -854447.125000 804.221975 3.599263 3.606931 16.385176
 65420.000000 -854517.125000 802.690842 3.465923 3.565211 16.500117
 65440.000000 -852035.437500 803.038042 3.214679 3.681927 16.570567
 65460.000000 -853361.625000 802.278521 3.521655 3.554257 16.311094
 65480.000000 -854332.375000 804.632091 3.627406 3.456688 16.131895
 65500.000000 -852655.625000 803.810471 3.461709 3.481843 16.441322
 65520.000000 -852809.875000 804.059898 3.364165 3.553309 16.378418
 65540.000000 -852540.812500 805.137106 3.313496 3.444828 16.487361
 65560.000000 -852240.937500 807.035339 3.247855 3.220943 16.334565
 65580.000000 -853680.187500 805.231368 3.393142 3.182663 16.378585
 65600.000000 -854730.687500 804.400792 3.228983 3.357971 16.669654
 65620.000000 -853438.875000 804.539163 3.371630 3.567805 16.436330
 65640.000000 -855473.312500 803.753500 3.322136 3.552153 16.490177
 65660.000000 -853341.375000 803.642755 3.302909 3.365586 16.657321
 65680.000000 -854521.500000 803.760571 3.293930 3.260325 16.518024
 65700.000000 -853374.500000 802.914799 3.320096 3.313224 16.623013
 65720.000000 -852958.312500 807.823651 3.273557 3.379047 16.449343
 65740.000000 -851462.000000 802.801991 3.427513 3.474505 16.521619
 65760.000000 -853915.187500 803.687697 3.570146 3.476379 16.400373
 65780.000000 -853698.750000 801.587036 3.421676 3.858389 16.350837
 65800.000000 -852765.750000 802.510463 3.631187 3.657748 16.620151
 65820.000000 -853501.562500 804.634172 3.350895 3.397017 16.641285
 65840.000000 -855158.437500 801.199247 3.349663 3.478671 16.600276
 65860.000000 -852367.437500 804.816583 3.302951 3.335530 16.471796
 65880.000000 -854421.750000 803.844048 3.216256 3.359958 16.695127
 65900.000000 -853922.437500 802.233166 3.431848 3.555119 16.666505
 65920.000000 -853650.125000 802.235270 3.331174 3.655769 16.436682
 65940.000000 -854048.187500 803.875318 3.547659 3.693094 16.690473
 65960.000000 -851047.437500 801.717472 3.382293 3.390720 16.558856
 65980.000000 -854654.187500 803.161733 3.444822 3.621148 16.473995
 66000.000000 -854838.937500 804.500451 3.330356 3.585096 16.579809
 66020.000000 -852038.000000 804.250231 3.449580 3.433019 16.352399
 66040.000000 -851989.062500 805.064475 3.472625 3.266542 16.281476
 66060.000000 -853806.750000 804.797340 3.492087 2.990139 16.396995
 66080.000000 -853337.437500 803.736571 3.613396 3.614227 16.496750
 66100.000000 -853011.062500 803.169682 3.494319 3.375088 16.329661
 66120.000000 -853776.750000 803.958253 3.280607 3.058410 16.572054
 66140.000000 -853993.812500 803.880943 3.305272 3.420516 16.614835
 66160.000000 -854688.500000 803.339252 3.177396 3.447239 16.471258
 66180.000000 -853270.875000 805.233571 3.394574 3.686964 16.533753
 66200.000000 -852659.000000 804.259102 3.281441 3.686810 16.388238
 66220.000000 -853756.937500 804.506206 3.281146 3.340875 16.252077
 66240.000000 -853028.875000 805.001164 3.433990 3.400144 16.550447
 66260.000000 -854548.187500 800.777548 3.501570 3.210822 16.825839
 66280.000000 -854379.250000 800.144371 3.350976 3.686850 16.682724
 66300.000000 -853896.062500 804.427419 3.392841 3.547625 16.518594
 66320.000000 -855245.750000 801.666930 3.317321 3.589800 16.474460
 66340.000000 -852865.312500 802.381942 3.564981 3.326051 16.294819
 66360.000000 -854677.687500 801.930014 3.558732 3.187003 16.385099
 66380.000000 -853764.375000 805.437248 3.295808 3.380814 16.796809
 66400.000000 -854284.875000 803.335595 3.269902 3.355039 16.659199
 66420.000000 -853459.687500 805.706126 3.295039 3.572657 16.480240
 66440.000000 -854075.750000 805.445443 3.311885 3.234484 16.574044
 66460.000000 -854330.437500 803.320347 3.668959 3.372195 16.600919
 66480.000000 -854879.562500 802.042986 3.204097 3.411454 16.617094
 66500.000000 -853088.875000 804.601807 3.354488 3.199090 16.676184
 66520.000000 -853155.562500 803.913912 3.274483 3.494693 16.610112
 66540.000000 -851686.937500 805.361588 3.391080 3.374119 16.390312
 66560.000000 -853426.312500 806.338357 3.425591 3.683571 16.594568
 66580.000000 -853398.250000 804.159719 3.463036 3.752265 16.533322
 66600.000000 -852601.375000 805.217682 3.405454 3.517286 16.501944
 66620.000000 -855382.812500 803.683645 3.219633 3.485144 16.684249
 66640.000000 -853234.750000 803.230084 3.286113 3.557667 16.478989
 66660.000000 -852968.062500 805.667946 3.507800 3.709725 16.416143
 66680.000000 -854368.187500 803.167991 3.441752 3.588059 16.643835
 66700.000000 -854537.750000 803.639052 3.625314 3.441008 16.603063
 66720.000000 -853607.562500 806.745073 3.437196 3.322794 16.463173
 66740.000000 -854094.875000 803.402047 3.215959 3.185495 16.478342
 66760.000000 -853961.062500 803.892505 3.237010 3.464652 16.799596
 66780.000000 -853447.937500 803.693716 3.215515 3.438270 16.600579
 66800.000000 -854876.000000 802.569352 3.363132 3.430638 16.238165
 66820.000000 -853304.125000 803.090052 3.300253 2.995688 16.476369
 66840.000000 -854268.875000 804.350136 2.997017 3.122591 16.328020
 66860.000000 -856039.500000 803.805441 3.066260 3.281291 16.504382
 66880.000000 -852155.312500 802.288084 3.163641 3.576513 16.311703
 66900.000000 -853314.875000 803.017917 3.415662 3.557791 16.518653
 66920.000000 -855528.375000 801.755635 3.597631 3.551923 16.469145
 66940.000000 -855588.250000 802.932011 3.795444 3.501201 16.377753
 66960.000000 -853391.312500 802.257325 3.535592 3.035781 16.497208
 66980.000000 -853528.875000 803.155454 3.406386 3.359922 16.662603
 67000.000000 -851296.500000 806.354992 3.467468 3.422971 16.679150
 67020.000000 -850980.562500 807.840431 3.229099 3.455964 16.742273
 67040.000000 -851558.312500 804.072988 3.419131 3.689936 16.369680
 67060.000000 -854027.875000 805.784719 3.659585 3.603107 16.236997
 67080.000000 -853491.875000 803.933003 3.520605 3.625884 16.311479
 67100.000000 -854446.437500 803.199978 3.372751 3.412020 16.459147
 67120.000000 -854356.437500 804.709061 3.477842 3.603067 16.697597
 67140.000000 -853858.437500 803.377618 3.537390 3.197514 16.664755
 67160.000000 -854764.625000 806.115674 3.442626 3.513491 16.656878
 67180.000000 -851620.375000 806.946511 3.308322 3.302887 16.778785
 67200.000000 -853206.062500 804.091131 3.493848 3.409085 16.469992
 67220.000000 -853813.500000 803.483905 3.450604 3.237040 16.502435
 67240.000000 -852638.375000 803.075515 3.411978 3.188176 16.127934
 67260.000000 -851489.062500 807.053063 3.357559 3.285017 16.358102
 67280.000000 -852117.312500 804.627515 3.131687 3.286125 16.306670
 67300.000000 -853950.875000 804.330313 3.295708 3.482295 16.355780
 67320.000000 -853304.312500 804.908734 3.351745 3.405779 16.450397
 67340.000000 -854646.625000 802.637353 3.499903 3.134152 16.225832
 67360.000000 -854122.937500 802.712508 3.247423 3.143199 16.433016
 67380.000000 -851864.062500 804.036267 3.379706 3.437981 16.485040
 67400.000000 -853478.562500 805.093932 3.409028 3.422590 16.586915
 67420.000000 -855172.187500 802.897586 3.621103 3.395837 16.479555
 67440.000000 -852940.250000 804.518779 3.290432 3.589211 16.500085
 67460.000000 -852224.062500 804.730960 3.430154 3.348551 16.542112
 67480.000000 -854732.750000 803.437912 3.493661 3.118151 16.390232
 67500.000000 -853876.187500 804.275395 3.496790 3.308127 16.180685
 67520.000000 -853608.750000 803.363550 3.473470 3.367838 16.396194
 67540.000000 -852858.500000 802.570701 3.469769 3.441353 16.678777
 67560.000000 -854537.562500 806.288378 3.453693 3.862148 16.715976
 67580.000000 -851510.937500 805.483460 3.790651 3.499503 16.577226
 67600.000000 -853064.812500 804.248779 3.273480 3.479060 16.612483
 67620.000000 -853149.625000 805.965067 3.318050 3.167748 16.522761
 67640.000000 -852959.437500 805.110256 3.478608 3.259880 16.486654
 67660.000000 -853686.937500 804.772206 3.686614 3.190835 16.265556
 67680.000000 -852619.000000 802.268881 3.502811 3.452683 16.516794
 67700.000000 -854818.375000 805.075746 3.517173 3.427514 16.381482
 67720.000000 -855429.625000 801.223356 3.602850 3.544708 16.333770
 67740.000000 -853035.625000 801.289776 3.375342 3.330652 16.448239
 67760.000000 -853656.937500 804.644962 3.316771 3.297153 16.231994
 67780.000000 -854286.812500 804.978664 3.305002 3.271062 16.398924
 67800.000000 -853082.562500 805.460972 3.529310 3.149308 16.590425
 67820.000000 -853417.250000 803.871168 3.596762 3.465924 16.400436
 67840.000000 -853141.250000 805.673924 3.399699 3.284078 16.553395
 67860.000000 -850409.375000 805.416504 3.490829 3.382340 16.390013
 67880.000000 -852004.375000 806.801355 3.638903 3.495056 16.426948
 67900.000000 -852393.062500 805.256629 3.677446 3.207045 16.466239
 67920.000000 -854285.875000 803.529923 3.339722 3.400712 16.066799
 67940.000000 -855745.687500 804.348371 3.391752 3.398413 16.484804
 67960.000000 -852135.750000 804.511218 3.284007 3.413519 16.521681
 67980.000000 -852992.250000 802.928298 3.226511 3.341114 16.351140
 68000.000000 -854506.062500 803.472874 3.413074 3.234784 16.503069
 68020.000000 -852019.812500 805.132626 3.420409 3.303465 16.420143
 68040.000000 -853168.000000 802.729311 3.420695 3.190195 16.395336
 68060.000000 -854787.312500 803.373263 3.501689 3.107500 16.178803
 68080.000000 -851731.375000 803.923750 3.562090 3.326869 16.450499
 68100.000000 -854491.500000 804.490952 3.606053 3.362663 16.550508
 68120.000000 -852770.875000 805.475024 3.126318 3.100662 16.522322
 68140.000000 -854485.812500 803.740968 3.134827 3.300306 16.568034
 68160.000000 -854116.062500 804.007500 3.424360 3.112017 16.693668
 68180.000000 -855204.375000 802.898706 3.621892 3.302229 16.688708
 68200.000000 -854822.250000 802.237945 3.447629 3.518104 16.597658
 68220.000000 -852714.812500 803.763349 3.791693 3.383127 16.550016
 68240.000000 -854287.062500 803.812966 3.371804 3.313630 16.477209
 68260.000000 -854789.375000 804.476762 3.255929 3.365267 16.652580
 68280.000000 -853619.812500 807.493675 3.587089 3.131597 16.539161
 68300.000000 -854167.437500 801.112356 3.800619 3.152441 16.493319
 68320.000000 -852688.062500 805.247479 3.476676 3.399835 16.332109
 68340.000000 -853270.687500 803.890598 3.336703 3.722072 16.740942
 68360.000000 -853001.187500 804.738787 3.624885 3.583649 16.551459
 68380.000000 -852963.062500 804.999811 3.503285 3.414899 16.596242
 68400.000000 -853656.500000 803.613085 3.477371 3.420799 16.581730
 68420.000000 -853392.250000 803.554308 3.622553 3.265560 16.518446
 68440.000000 -853394.937500 803.363923 3.447639 3.497998 16.367309
 68460.000000 -854693.437500 804.212121 3.723259 3.418903 16.647920
 68480.000000 -853323.125000 803.390988 3.701881 3.551589 16.586962
 68500.000000 -855457.437500 805.531960 3.348057 3.486563 16.891359
 68520.000000 -853776.250000 805.686702 3.508084 3.435096 16.568145
 68540.000000 -855201.812500 804.249334 3.437252 3.481169 16.469306
 68560.000000 -853091.500000 801.163893 3.562844 3.351941 16.636184
 68580.000000 -853574.187500 803.568603 3.568809 3.451636 16.646840
 68600.000000 -853731.625000 803.159920 3.846481 3.367563 16.527959
 68620.000000 -853887.375000 803.523549 3.748475 3.335055 16.480096
 68640.000000 -853753.937500 802.072926 3.617482 3.572013 16.540370
 68660.000000 -853541.437500 805.559483 3.422762 3.670005 16.414841
 68680.000000 -852305.000000 804.848897 3.344009 3.606611 16.470043
 68700.000000 -854604.812500 803.320499 3.370429 3.299108 16.477936
 68720.000000 -852327.375000 802.267072 3.344843 3.312895 16.431993
 68740.000000 -853657.875000 802.898380 3.313950 3.241674 16.197624
 68760.000000 -854668.312500 803.282328 3.390683 3.163775 16.515291
 68780.000000 -852993.625000 804.978999 3.728777 3.301967 16.440920
 68800.000000 -853162.750000 803.702066 3.525550 3.276950 16.380171
 68820.000000 -852195.437500 801.687810 3.402539 3.680638 16.575695
 68840.000000 -853060.500000 803.503981 3.598436 3.371654 16.364789
 68860.000000 -853614.125000 803.484263 3.570306 3.339120 16.474900
 68880.000000 -853945.562500 802.671531 3.577206 3.113694 16.567390
 68900.000000 -853546.625000 806.206190 3.296377 3.197963 16.433465
 68920.000000 -852119.437500 805.661817 3.400644 3.368791 16.486907
 68940.000000 -852769.875000 805.215436 3.697681 3.351954 16.510969
 68960.000000 -855543.625000 802.321777 3.525741 3.360757 16.416715
 68980.000000 -852921.250000 802.270849 3.569592 3.292471 16.381557
 69000.000000 -852699.312500 802.124310 3.214410 3.372088 16.452298
 69020.000000 -852368.375000 803.408556 3.279313 3.428757 16.537263
 69040.000000 -853055.375000 803.270753 3.256499 3.133147 16.501094
 69060.000000 -854969.125000 804.137296 3.332818 3.352386 16.337121
 69080.000000 -852799.375000 807.176085 3.238881 3.406772 16.377612
 69100.000000 -853907.250000 805.962215 3.224313 3.383333 16.477183
 69120.000000 -853479.000000 802.802030 3.464096 3.335492 16.596770
 69140.000000 -851245.250000 804.828088 3.146201 3.282251 16.540412
 69160.000000 -851603.812500 807.009337 3.021395 3.508662 16.424305
 69180.000000 -853333.625000 804.807272 3.361328 3.280406 16.481493
 69200.000000 -854516.687500 803.175072 3.681911 3.068154 16.605416
 69220.000000 -853557.500000 805.457294 3.548354 3.098278 16.581797
 69240.000000 -854272.687500 805.262286 3.387609 3.260288 16.731144
 69260.000000 -854309.125000 805.924838 3.486794 3.188511 16.589108
 69280.000000 -855574.062500 802.910559 3.690792 3.417855 16.690862
 69300.000000 -853749.437500 803.154215 3.749432 3.348630 16.394945
 69320.000000 -852309.125000 806.599967 3.339741 3.398486 16.351355
 69340.000000 -853087.000000 803.256658 3.448296 3.637909 16.536538
 69360.000000 -853017.937500 807.060991 3.321020 3.635718 16.737384
 69380.000000 -853788.187500 800.554602 3.298932 3.575898 16.597473
 69400.000000 -855090.937500 802.261732 3.357119 3.426776 16.667373
 69420.000000 -853086.875000 803.797694 3.493739 3.418679 16.481982
 69440.000000 -853555.437500 804.617397 3.644847 3.686032 16.412501
 69460.000000 -853546.937500 806.241747 3.195672 3.493781 16.418658
 69480.000000 -853227.562500 804.817274 3.180412 3.702670 16.189343
 69500.000000 -852283.750000 805.509464 3.295412 3.519998 16.470455
 69520.000000 -853048.875000 804.669550 3.309252 3.277310 16.632511
 69540.000000 -852626.687500 804.224463 3.671099 3.463029 16.468359
 69560.000000 -852282.000000 803.870716 3.678542 3.427668 16.405206
 69580.000000 -855246.312500 805.163201 3.552615 3.419824 16.318929
 69600.000000 -854375.812500 805.230222 3.758369 3.181576 16.239844
 69620.000000 -854236.562500 804.922730 3.259844 3.491309 16.264855
 69640.000000 -851881.437500 804.321385 3.423180 3.278564 16.184683
 69660.000000 -852492.875000 804.931371 3.383958 3.200668 16.592972
 69680.000000 -854021.375000 803.297391 3.071482 3.369188 16.547578
 69700.000000 -852586.625000 804.379509 3.311574 3.401985 16.468061
 69720.000000 -853239.000000 804.068875 3.299302 3.310512 16.263485
 69740.000000 -853062.500000 804.202884 3.291496 3.494602 16.359479
 69760.000000 -854493.625000 802.425352 3.486803 3.620469 16.418926
 69780.000000 -855596.687500 804.094377 3.330102 3.466884 16.541239
 69800.000000 -852171.562500 805.331390 3.506401 3.464919 16.436960
 69820.000000 -852841.812500 804.386603 3.536349 3.660417 16.577181
 69840.000000 -852733.750000 801.509672 3.345771 3.550648 16.351571
 69860.000000 -852881.562500 803.600417 3.740258 3.422229 16.285153
 69880.000000 -853873.000000 801.542821 3.455065 3.728744 16.470235
 69900.000000 -853992.750000 803.017432 3.526059 3.640988 16.693382
 69920.000000 -854908.875000 804.205082 3.412841 3.464313 16.526506
 69940.000000 -852586.187500 803.975464 3.298451 3.353691 16.581212
 69960.000000 -852995.812500 804.146849 3.267786 3.542192 16.709804
 69980.000000 -852370.250000 806.828447 3.474420 3.630694 16.705766
 70000.000000 -853865.687500 803.202266 3.358025 3.550231 16.679174
 70020.000000 -853673.062500 803.798210 3.489818 3.472168 16.844743
 70040.000000 -855022.000000 803.066255 3.518666 3.234040 16.594448
 70060.000000 -853004.812500 805.768854 3.540810 3.507194 16.696835
 70080.000000 -853225.687500 806.340799 3.459175 3.498273 16.553091
 70100.000000 -853344.500000 804.792256 3.542512 3.440996 16.501268
 70120.000000 -853523.625000 803.730977 3.329769 3.240935 16.642135
 70140.000000 -852329.625000 804.610207 3.394002 3.329934 16.747270
 70160.000000 -854101.500000 806.438368 3.316553 3.437663 16.537539
 70180.000000 -855437.187500 801.250543 3.540869 3.362542 16.528163
 70200.000000 -853330.875000 803.134315 3.698958 3.474695 16.520028
 70220.000000 -851312.562500 804.232674 3.261713 3.230676 16.723125
 70240.000000 -854715.687500 802.779053 3.615786 3.361690 16.493862
 70260.000000 -852818.437500 802.727573 3.286241 3.364834 16.722146
 70280.000000 -852309.250000 803.488787 3.302406 3.553023 16.787870
 70300.000000 -853576.562500 801.710239 3.306196 3.542599 16.573975
 70320.000000 -851404.750000 805.022675 3.541262 3.507182 16.644051
 70340.000000 -854411.500000 802.663602 3.321653 3.387663 16.594150
 70360.000000 -855623.750000 803.198268 3.637672 3.331909 16.500605
 70380.000000 -854463.250000 803.013234 3.346560 3.347691 16.513293
 70400.000000 -851708.437500 805.716970 3.348023 3.387843 16.497371
 70420.000000 -852041.562500 804.097343 3.569845 3.384323 16.680052
 70440.000000 -854421.937500 803.760173 3.556874 3.474903 16.534485
 70460.000000 -854438.625000 802.780824 3.600014 3.396570 16.528359
 70480.000000 -854492.812500 803.106893 3.472397 3.229189 16.864117
 70500.000000 -854051.750000 798.913463 3.185527 3.147845 16.511910
 70520.000000 -852261.375000 804.013055 3.542493 3.256083 16.715576
 70540.000000 -854211.250000 802.986513 3.221027 3.207827 16.581697
 70560.000000 -852714.750000 805.414802 3.504736 3.299866 16.499397
 70580.000000 -852182.562500 806.857387 3.447176 3.236921 16.442865
 70600.000000 -854830.875000 804.603489 3.420110 3.260270 16.526575
 70620.000000 -852788.062500 803.631173 3.261241 3.382320 16.515753
 70640.000000 -852733.187500 806.526046 3.333440 3.521264 16.428662
 70660.000000 -853967.000000 805.054378 3.512023 3.356506 16.698457
 70680.000000 -852284.437500 805.953436 3.241569 3.609002 16.487668
 70700.000000 -852522.437500 806.438067 3.158567 3.329651 16.254673
 70720.000000 -854529.125000 802.467790 3.164463 3.519848 16.290953
 70740.000000 -852075.562500 805.823776 3.319242 3.501352 16.595324
 70760.000000 -855154.125000 805.650366 3.213358 3.591709 17.002908
 70780.000000 -853291.687500 802.195304 3.295403 3.331870 16.486860
 70800.000000 -853534.375000 802.884689 3.372566 3.339647 16.597082
 70820.000000 -855790.187500 803.537932 3.280630 3.432254 16.362781
 70840.000000 -853465.812500 805.235672 3.491241 3.325669 16.658871
 70860.000000 -854255.250000 804.644190 3.642541 3.477852 16.679702
 70880.000000 -853311.750000 806.491708 3.327736 3.432683 16.395731
 70900.000000 -852988.000000 804.635054 3.374284 3.476202 16.610684
 70920.000000 -853830.437500 804.181968 3.314617 3.347442 16.952197
 70940.000000 -854653.562500 806.227361 3.300732 3.479285 16.191817
 70960.000000 -854111.687500 808.083022 3.541363 3.195585 16.470717
 70980.000000 -852190.562500 805.787990 3.535882 3.282497 16.166810
 71000.000000 -851843.312500 805.825054 3.364158 3.460055 16.425291
 71020.000000 -852986.187500 808.077381 3.305400 3.311838 16.306909
 71040.000000 -854250.562500 802.953441 3.428760 3.314442 16.602496
 71060.000000 -852671.250000 806.368297 3.686586 3.156020 16.697036
 71080.000000 -852062.125000 804.358158 3.743746 3.213704 16.689289
 71100.000000 -853196.000000 805.708356 3.501962 3.442664 16.841942
 71120.000000 -854446.062500 801.336518 3.457664 3.637900 16.676597
 71140.000000 -852396.500000 802.950838 3.357726 3.543956 16.377449
 71160.000000 -854420.875000 803.878036 3.175841 3.231884 16.361590
 71180.000000 -852433.437500 805.893578 3.335619 3.391478 16.563548
 71200.000000 -853508.562500 806.091584 3.170792 3.158534 16.436517
 71220.000000 -853372.375000 803.960371 3.314846 3.263890 16.322058
 71240.000000 -853433.437500 804.275321 3.388058 3.203031 16.367359
 71260.000000 -853291.375000 802.632516 3.313699 3.101032 16.538016
 71280.000000 -852320.250000 805.377565 3.316190 3.329710 16.472597
 71300.000000 -853694.687500 802.464931 3.264846 3.503690 16.617272
 71320.000000 -855031.500000 802.733355 3.435551 3.645561 16.413433
 71340.000000 -852646.937500 804.707433 3.486135 3.350689 16.519074
 71360.000000 -853131.062500 803.301115 3.321780 3.646058 16.399668
 71380.000000 -854690.875000 803.583405 3.422077 3.408672 16.341690
 71400.000000 -853475.187500 803.047738 3.649462 3.109657 16.343602
 71420.000000 -852911.562500 803.595474 3.321845 3.198491 16.592758
 71440.000000 -854004.250000 805.032245 3.209241 3.426077 16.624210
 71460.000000 -852186.000000 804.847781 3.293826 3.040120 16.652119
 71480.000000 -852404.750000 805.565023 3.243467 3.254302 16.757120
 71500.000000 -850228.375000 811.690627 3.645655 3.576753 6.735157
 71520.000000 -852324.250000 809.988629 4.248560 3.498492 10.322946
 71540.000000 -850421.187500 807.065030 3.968767 3.513100 12.840421
 71560.000000 -853826.312500 802.393891 3.715249 3.204025 15.303266
 71580.000000 -852520.062500 807.726531 3.714736 3.471826 16.005552
 71600.000000 -853167.125000 807.284150 3.651684 3.452187 16.179589
 71620.000000 -854656.750000 803.041174 3.198485 3.516294 16.328174
 71640.000000 -854986.812500 802.202835 3.565526 3.417859 16.651122
 71660.000000 -853905.812500 801.707971 3.526425 3.662641 16.754382
 71680.000000 -853909.062500 801.624378 3.643707 3.562065 16.513765
 71700.000000 -852393.625000 802.407217 3.399967 3.799094 16.495160
 71720.000000 -853810.000000 803.085938 3.307197 3.314461 16.322074
 71740.000000 -852960.375000 802.832117 3.434342 3.210277 16.486795
 71760.000000 -852919.000000 805.620685 3.418832 3.346258 16.577535
 71780.000000 -855098.500000 802.380302 3.681978 3.349980 16.603942
 71800.000000 -854427.000000 805.524258 3.660532 3.268570 16.665934
 71820.000000 -854406.937500 801.293146 3.583109 3.537454 16.629751
 71840.000000 -854248.125000 804.035572 3.273305 3.420343 16.650241
 71860.000000 -853358.562500 801.873035 3.343815 3.448944 16.722989
 71880.000000 -854719.437500 804.052785 3.257467 3.111345 16.532184
 71900.000000 -856007.250000 800.590796 3.436930 3.258979 16.358205
 71920.000000 -854085.625000 803.713405 3.369268 3.232429 16.316785
 71940.000000 -853087.000000 805.468612 3.398082 3.496268 16.395530
 71960.000000 -853480.000000 801.349096 3.662460 3.679361 16.249911
 71980.000000 -852745.375000 803.533219 3.477341 3.514387 16.377114
 72000.000000 -853648.750000 803.774047 3.379588 3.415729 16.486921
 72020.000000 -854210.625000 802.879756 3.258590 3.586290 16.321102
 72040.000000 -853363.375000 803.800358 3.248463 3.601099 16.516239
 72060.000000 -853079.125000 804.903104 3.026069 3.334570 16.545273
 72080.000000 -854733.812500 803.684403 3.338648 3.254782 16.542150
 72100.000000 -853067.062500 806.001392 3.309332 3.537680 16.715527
 72120.000000 -852590.250000 806.430153 3.522709 3.401181 16.540204
 72140.000000 -852436.625000 803.857295 3.505531 3.233101 16.656507
 72160.000000 -853556.500000 804.394919 3.692411 3.311960 16.529310
 72180.000000 -854452.250000 803.444052 3.552143 3.421659 16.595702
 72200.000000 -855690.062500 802.736902 3.391482 3.398756 16.539206
 72220.000000 -852889.875000 805.555449 3.339425 3.475256 16.475674
 72240.000000 -853365.812500 804.097308 3.592654 3.429361 16.462218
 72260.000000 -852610.937500 802.874759 3.270591 3.402595 16.770777
 72280.000000 -854496.375000 801.989954 3.489613 3.075236 16.495078
 72300.000000 -853376.125000 806.445429 3.635609 3.261285 16.401168
 72320.000000 -851764.125000 806.536731 3.519769 3.556315 16.355834
 72340.000000 -853739.562500 806.197436 3.453546 3.319679 16.504907
 72360.000000 -854073.437500 803.863769 3.416700 3.299963 16.410946
 72380.000000 -854105.750000 805.518433 3.356060 3.383626 16.424147
 72400.000000 -854121.937500 803.787283 3.413968 3.425163 16.456617
 72420.000000 -855013.750000 803.406106 3.270962 3.364712 16.496455
 72440.000000 -854793.562500 805.047653 3.338875 3.266268 16.363498
 72460.000000 -854114.937500 799.277360 3.225750 3.164333 16.308553
 72480.000000 -854527.750000 805.270071 3.436903 3.178935 16.342937
 72500.000000 -855198.375000 802.741676 3.512312 3.238006 16.517638
 72520.000000 -854476.687500 804.575868 3.227109 3.588549 16.580271
 72540.000000 -854086.500000 806.378248 3.164435 3.441036 16.566685
 72560.000000 -852625.062500 807.470025 3.211656 3.572892 16.584857
 72580.000000 -851701.812500 805.424308 3.358851 3.132804 16.269849
 72600.000000 -853187.062500 807.112142 3.270647 3.293830 16.599633
 72620.000000 -851876.187500 805.210162 3.280029 3.212696 16.678328
 72640.000000 -853524.500000 804.241125 3.598416 3.333147 16.253810
 72660.000000 -852278.312500 804.002813 3.481374 3.241660 16.294642
 72680.000000 -852864.875000 803.457823 3.584489 3.270005 16.143123
 72700.000000 -853850.750000 804.142388 3.689119 3.390348 16.079043
 72720.000000 -852833.812500 805.049965 3.464178 3.432823 16.490656
 72740.000000 -854410.875000 804.031140 3.217717 3.318254 16.341697
 72760.000000 -851856.687500 805.330815 3.512937 3.255977 16.538387
 72780.000000 -852327.625000 804.536890 3.546626 3.241708 16.523156
 72800.000000 -854331.000000 805.622695 3.613749 3.331318 16.705669
 72820.000000 -853897.937500 804.936412 3.404005 3.163181 16.547720
 72840.000000 -854927.375000 803.257817 3.373467 3.454354 16.486703
 72860.000000 -856438.937500 802.995091 3.562854 3.492625 16.505639
 72880.000000 -853992.437500 804.041191 3.401651 3.466783 16.422920
 72900.000000 -854069.312500 802.828967 3.415486 3.569223 16.444235
 72920.000000 -852617.000000 805.128787 3.517644 3.616945 16.419166
 72940.000000 -854361.187500 804.000899 3.704441 3.337272 16.527004
 72960.000000 -854600.750000 807.365267 3.566413 3.432367 16.528162
 72980.000000 -852626.562500 807.399807 3.490337 3.391997 16.515028
 73000.000000 -853390.062500 805.830122 3.202924 3.247249 16.713559
 73020.000000 -853699.375000 803.057939 3.273603 3.326656 16.619239
 73040.000000 -854430.500000 804.169077 3.518957 3.442793 16.399016
 73060.000000 -853799.187500 803.205764 3.480745 3.542530 16.447576
 73080.000000 -854653.000000 805.002034 3.536818 3.582864 16.314840
 73100.000000 -853406.625000 802.944187 3.150200 3.566147 16.590179
 73120.000000 -853019.000000 802.661922 3.166219 3.445138 16.457710
 73140.000000 -851527.500000 806.081542 3.342379 3.519954 16.439584
 73160.000000 -852782.125000 808.511869 3.421996 3.484397 16.323780
 73180.000000 -851865.750000 805.475366 3.202000 3.599113 16.711448
 73200.000000 -854443.125000 803.181534 3.423576 3.573620 16.641844
 73220.000000 -852015.375000 804.418911 3.273531 3.559480 16.259571
 73240.000000 -854504.812500 802.645462 3.068155 3.512575 16.341560
 73260.000000 -853688.250000 803.725673 3.198352 3.525239 16.408753
 73280.000000 -852840.500000 803.703406 3.609176 3.389476 16.400577
 73300.000000 -854282.062500 804.473604 3.887039 3.439652 16.307511
 73320.000000 -852678.500000 803.984257 3.698580 3.291557 16.468657
 73340.000000 -853720.250000 804.212271 3.780881 3.407452 16.305672
 73360.000000 -854233.750000 809.263395 3.284883 3.214300 16.246487
 73380.000000 -854414.687500 802.514322 3.182311 3.456310 16.489441
 73400.000000 -851367.125000 803.567542 3.711535 3.585439 16.536869
 73420.000000 -853258.312500 802.777743 3.632675 3.412486 16.589673
 73440.000000 -853604.125000 803.802130 3.230320 3.536185 16.658635
 73460.000000 -853432.250000 802.636723 3.195232 3.225988 16.516570
 73480.000000 -853615.937500 803.691223 3.525164 3.250576 16.404122
 73500.000000 -853715.875000 805.432590 3.282379 3.484034 16.369362
 73520.000000 -854048.875000 803.477742 3.452284 3.357736 16.502488
 73540.000000 -854538.375000 800.538660 3.472259 3.174235 16.972778
 73560.000000 -853805.125000 805.547940 3.183744 3.576185 16.704867
 73580.000000 -852097.875000 803.443842 3.299972 3.256572 16.258718
 73600.000000 -853332.437500 805.082639 3.312395 3.250748 16.325532
 73620.000000 -853945.625000 803.552384 3.308771 3.254318 16.445392
 73640.000000 -852139.687500 802.518637 3.407298 3.169840 16.439257
 73660.000000 -854516.562500 804.463519 3.792989 2.862933 16.393070
 73680.000000 -852930.062500 803.035892 3.394574 3.256106 16.548373
 73700.000000 -853094.875000 801.026357 3.302251 3.517938 16.621586
 73720.000000 -853709.937500 804.103537 3.489961 3.516276 16.641066
 73740.000000 -853123.000000 804.915133 3.811666 3.694131 16.534733
 73760.000000 -852540.750000 805.401178 3.715780 3.705551 16.656804
 73780.000000 -853507.125000 801.902146 3.173029 3.329121 16.692062
 73800.000000 -853320.875000 804.470724 3.311371 3.219871 16.810541
 73820.000000 -853820.500000 802.987654 3.404310 3.284977 16.781923
 73840.000000 -854199.312500 804.700517 3.255528 3.426015 16.474307
 73860.000000 -857137.750000 802.767823 3.508025 3.419469 16.416539
 73880.000000 -855569.625000 803.890735 3.435578 3.491944 16.636736
 73900.000000 -853203.312500 804.766870 3.414887 3.307595 16.476684
 73920.000000 -852948.937500 801.870088 2.977793 3.181614 16.598886
 73940.000000 -853659.187500 804.550920 3.503363 3.360666 16.558465
 73960.000000 -853249.000000 805.826805 3.474726 3.243319 16.769586
 73980.000000 -852383.875000 802.611293 3.311958 3.154020 16.533110
 74000.000000 -854339.875000 804.484279 3.253947 3.161916 16.393610
 74020.000000 -851882.437500 805.015557 3.462521 3.342718 16.437649
 74040.000000 -851926.250000 804.239860 3.535381 3.463021 16.363061
 74060.000000 -853247.812500 806.465301 3.361933 3.555469 16.331817
 74080.000000 -852420.875000 806.003918 3.223138 3.670189 16.455784
 74100.000000 -854269.250000 802.252115 3.254073 3.557706 16.404685
 74120.000000 -853999.937500 805.874777 3.504124 3.545793 16.492848
 74140.000000 -852925.562500 803.758914 3.159184 3.317387 16.655743
 74160.000000 -853709.062500 805.244051 3.025429 3.151444 16.501443
 74180.000000 -852124.000000 802.774997 3.012722 3.343104 16.342268
 74200.000000 -854806.437500 805.304630 3.198166 3.618925 16.374298
 74220.000000 -852175.500000 804.499813 3.512890 3.425284 16.583240
 74240.000000 -854203.937500 804.344542 3.440510 3.277409 16.458700
 74260.000000 -853216.250000 805.679312 3.547049 3.396767 16.626433
 74280.000000 -853655.312500 805.374333 3.639807 3.507263 16.584507
 74300.000000 -853363.062500 806.023156 3.441535 3.375375 16.297505
 74320.000000 -852310.125000 804.820557 3.547417 3.277405 16.359920
 74340.000000 -854443.937500 802.769062 3.338592 3.344278 16.531320
 74360.000000 -852504.625000 806.548929 3.499095 3.337486 16.688282
 74380.000000 -856070.187500 804.084979 3.431619 3.427149 16.620317
 74400.000000 -853741.062500 803.974146 3.472094 3.666761 16.582319
 74420.000000 -853044.562500 807.214086 3.494144 3.555728 16.704951
 74440.000000 -853921.875000 802.778910 3.500178 3.283883 16.569509
 74460.000000 -852675.250000 805.528286 3.348836 3.154626 16.621939
 74480.000000 -852149.875000 805.544165 3.367912 3.197086 16.821402
 74500.000000 -852141.062500 805.394841 3.059481 3.513918 16.556900
 74520.000000 -852018.437500 806.247291 3.010174 3.586961 16.274559
 74540.000000 -851847.250000 804.745678 3.186658 3.559860 16.374875
 74560.000000 -852402.750000 805.951819 3.207131 3.369442 16.600744
 74580.000000 -855783.312500 803.802741 3.425303 3.703726 16.311552
 74600.000000 -854107.750000 803.141827 3.509985 3.757714 16.539441
 74620.000000 -853483.875000 806.578927 3.372482 3.403232 16.561866
 74640.000000 -854626.437500 805.074762 3.436809 3.383067 16.481424
 74660.000000 -854573.500000 803.272912 3.335519 3.296490 16.519601
 74680.000000 -853164.500000 805.129838 3.549542 3.286643 16.491736
 74700.000000 -855938.437500 804.009117 3.613776 3.475803 16.529336
 74720.000000 -855068.437500 802.792243 3.463579 3.439397 16.486079
 74740.000000 -851679.750000 804.405612 3.216199 3.306570 16.355345
 74760.000000 -853443.000000 804.705182 3.378825 3.481987 16.079687
 74780.000000 -851879.187500 802.762335 3.484138 3.384035 16.444642
 74800.000000 -852659.875000 803.358296 3.599773 3.464458 16.503548
 74820.000000 -856214.250000 803.087691 3.340499 3.226998 16.662166
 74840.000000 -853019.187500 804.146919 3.408615 3.373601 16.686196
 74860.000000 -852307.062500 803.867485 3.450834 3.366998 16.503185
 74880.000000 -854101.687500 803.752347 3.419506 3.483243 16.641604
 74900.000000 -854394.250000 802.974610 3.176355 3.340124 16.586676
 74920.000000 -854249.375000 803.500707 3.484426 3.435699 16.566063
 74940.000000 -852217.312500 807.989649 3.517620 3.416870 16.624239
 74960.000000 -853125.937500 804.472015 3.353161 3.108006 16.570745
 74980.000000 -853490.312500 803.248621 3.539678 3.317507 16.710687
 75000.000000 -854203.625000 802.882214 3.635662 3.595014 16.375444
 75020.000000 -854525.375000 804.248179 3.597866 3.588066 16.581281
 75040.000000 -854196.812500 803.302191 3.455606 3.548102 16.529467
 75060.000000 -854742.687500 804.041222 3.483009 3.203786 16.522224
 75080.000000 -853130.000000 802.065346 3.516625 3.454319 16.507823
 75100.000000 -854400.937500 802.691715 3.765382 3.331662 16.411135
 75120.000000 -854105.312500 803.474667 3.600410 3.232695 16.187228
 75140.000000 -852601.812500 805.126651 3.575345 3.349530 16.489658
 75160.000000 -851393.250000 805.759675 3.368739 3.136349 16.473182
 75180.000000 -853147.187500 804.457457 3.319745 3.239815 16.265136
 75200.000000 -853056.687500 805.396852 3.199507 3.387978 16.563891
 75220.000000 -853249.375000 804.786304 3.303865 3.510966 16.698585
 75240.000000 -853943.312500 805.291884 3.623628 3.483740 16.732597
 75260.000000 -853863.375000 804.395169 3.556641 3.357856 16.617405
 75280.000000 -854121.000000 803.483462 3.488361 3.417936 16.374609
 75300.000000 -854126.687500 802.971019 3.632960 3.480105 16.429182
 75320.000000 -855497.250000 802.541087 3.196603 3.418451 16.615792
 75340.000000 -854213.125000 804.562910 3.452733 3.345813 16.592799
 75360.000000 -853922.750000 803.165172 3.440604 3.183041 16.513097
 75380.000000 -854058.187500 805.326686 3.463597 3.321432 16.583729
 75400.000000 -853249.562500 804.067736 3.601024 3.082864 16.486228
 75420.000000 -855751.000000 803.109311 3.411828 3.127422 16.585470
 75440.000000 -854088.250000 802.927005 3.418843 2.980328 16.565266
 75460.000000 -854416.062500 805.901709 3.729576 2.961351 16.333955
 75480.000000 -854101.812500 805.132431 3.260679 3.195436 16.629342
 75500.000000 -853753.687500 804.023674 3.475127 3.093590 16.455595
 75520.000000 -854159.000000 804.087424 3.388143 3.235593 16.775960
 75540.000000 -856329.500000 801.916371 3.458505 3.125506 16.827853
 75560.000000 -853435.000000 803.471174 3.478296 3.215265 16.422700
 75580.000000 -852625.437500 805.905773 3.430116 3.683474 16.308890
 75600.000000 -853261.500000 806.889911 3.602217 3.303871 16.481869
 75620.000000 -852358.312500 803.962322 3.414355 3.397662 16.515105
 75640.000000 -852562.687500 802.929342 3.330467 3.675300 16.480640
 75660.000000 -854359.937500 802.665968 3.358712 3.417632 16.492763
 75680.000000 -853120.250000 802.551854 3.446038 3.391058 16.426396
 75700.000000 -853068.937500 804.086130 3.634478 3.478766 16.511554
 75720.000000 -855478.437500 805.623462 3.330654 3.454141 16.515898
 75740.000000 -854816.375000 804.969263 3.439732 3.289827 16.434909
 75760.000000 -853111.062500 803.274494 3.326579 3.686262 16.362408
 75780.000000 -852881.812500 803.251610 3.377033 3.417269 16.406291
 75800.000000 -851586.625000 806.099665 3.408170 3.346946 16.436923
 75820.000000 -854220.375000 805.497760 3.565799 3.348719 16.547901
 75840.000000 -853723.250000 804.506405 3.379037 3.599757 16.434952
 75860.000000 -851961.625000 805.228475 3.327919 3.417874 16.482033
 75880.000000 -853680.687500 803.899467 3.492923 3.573802 16.377066
 75900.000000 -853339.500000 801.654640 3.475791 3.177872 16.442943
 75920.000000 -854264.812500 804.010398 3.625521 3.181886 16.612717
 75940.000000 -854006.250000 805.106810 3.105281 2.989411 16.503131
 75960.000000 -854681.125000 806.012662 3.215424 3.223757 16.544495
 75980.000000 -853221.937500 804.299373 3.466219 3.486309 16.423554
 76000.000000 -850070.375000 805.231308 3.531395 3.303104 16.594501
 76020.000000 -852905.875000 804.548697 3.456377 3.389317 16.506796
 76040.000000 -854886.375000 802.554866 3.597974 3.196111 16.545765
 76060.000000 -852655.375000 802.228926 3.521186 3.427186 16.786985
 76080.000000 -851381.562500 805.677566 3.326141 3.357773 16.650453
 76100.000000 -854038.437500 805.223614 3.267141 3.436161 16.697936
 76120.000000 -852360.000000 804.090669 3.228155 3.730501 16.663964
 76140.000000 -852151.375000 803.880721 3.357362 3.483488 16.459424
 76160.000000 -853441.687500 805.161805 3.030314 3.562836 16.453956
 76180.000000 -853962.875000 805.401719 3.278932 3.394265 16.492767
 76200.000000 -854604.562500 804.458459 3.275557 3.349516 16.523516
 76220.000000 -853837.000000 804.909179 3.190494 3.418442 16.587757
 76240.000000 -854567.250000 804.820906 3.253616 3.555822 16.546444
 76260.000000 -854862.812500 803.463430 3.546386 3.500160 16.716415
 76280.000000 -853474.625000 804.130648 3.523300 3.406751 16.526032
 76300.000000 -855738.000000 803.976190 3.657460 3.310984 16.447077
 76320.000000 -853464.625000 808.391882 3.631723 3.451076 16.529428
 76340.000000 -854142.812500 802.135135 3.555733 3.249025 16.446177
 76360.000000 -854152.250000 802.714346 3.264305 3.361761 16.477082
 76380.000000 -855386.500000 802.346021 3.323033 3.327037 16.344125
 76400.000000 -854293.937500 804.068745 3.214351 3.484689 16.263404
 76420.000000 -855352.937500 803.310892 3.332646 3.515797 16.446917
 76440.000000 -854263.250000 804.685170 3.270620 3.358650 16.522357
 76460.000000 -854155.437500 805.629381 3.572838 3.445909 16.424594
 76480.000000 -853458.812500 804.903501 3.305679 3.398152 16.440145
 76500.000000 -854210.375000 802.653504 3.665082 3.330895 16.522266
 76520.000000 -852977.062500 805.564024 3.498290 3.669250 16.364517
 76540.000000 -853395.937500 805.498715 3.242682 3.679529 16.430237
 76560.000000 -852505.000000 805.010833 3.489132 3.532286 16.457062
 76580.000000 -850985.875000 806.298501 3.540890 3.504371 16.475073
 76600.000000 -852326.562500 804.817263 3.322634 3.359329 16.221689
 76620.000000 -852952.812500 804.130113 3.316681 3.057666 16.404905
 76640.000000 -856391.500000 802.377386 3.495860 3.219152 16.816607
 76660.000000 -850223.312500 806.304216 3.302357 3.452698 16.848129
 76680.000000 -853366.312500 805.244311 3.249097 3.575553 16.442111
 76700.000000 -850897.375000 806.835913 3.359989 3.643629 16.453358
 76720.000000 -855990.250000 805.596832 3.473087 3.471064 16.572004
 76740.000000 -851918.062500 805.036116 3.428759 3.496072 16.595974
 76760.000000 -853551.562500 803.959248 3.500987 3.421437 16.669332
 76780.000000 -855052.750000 804.055439 3.427196 3.267806 16.498270
 76800.000000 -853802.062500 804.920426 3.557897 3.169759 16.391443
 76820.000000 -856591.312500 802.883875 3.691881 3.320533 16.502927
 76840.000000 -854440.312500 801.985308 3.510498 3.628879 16.560722
 76860.000000 -854904.312500 805.079593 3.454936 3.420100 16.584783
 76880.000000 -852476.812500 804.775972 3.406122 3.368851 16.463916
 76900.000000 -854484.812500 806.855890 3.033663 3.202393 16.591460
 76920.000000 -853464.687500 806.863743 3.253576 3.415713 16.709936
 76940.000000 -851873.562500 804.859523 3.364402 3.249644 16.470826
 76960.000000 -854012.000000 806.355249 3.357208 3.287502 16.608054
 76980.000000 -853023.750000 802.877585 3.344110 3.489063 16.422976
 77000.000000 -851883.562500 806.445263 3.541221 3.312877 16.575343
 77020.000000 -852857.437500 805.995337 3.629850 3.636223 16.361177
 77040.000000 -853635.937500 804.192432 3.418823 3.355591 16.432538
 77060.000000 -852768.687500 805.248632 3.421458 3.449913 16.288024
 77080.000000 -853729.687500 803.174536 3.597022 3.617532 16.829269
 77100.000000 -854924.187500 803.303060 3.472580 3.519695 16.695163
 77120.000000 -854819.937500 804.614311 3.537746 3.434642 16.626781
 77140.000000 -852516.437500 805.685322 3.412467 3.396385 16.748983
 77160.000000 -851668.000000 803.514588 3.472299 3.402565 16.591254
 77180.000000 -853106.625000 804.999386 3.585681 3.099106 16.407666
 77200.000000 -852181.187500 806.045641 3.214884 3.217709 16.391377
 77220.000000 -854403.687500 803.970142 3.413741 3.451505 16.457897
 77240.000000 -853548.375000 804.207584 3.389754 3.608830 16.438637
 77260.000000 -852592.500000 802.262313 3.095936 3.334981 16.520134
 77280.000000 -853935.312500 805.668730 3.566696 3.299805 16.484824
 77300.000000 -850623.000000 806.960538 3.647114 3.431357 16.462535
 77320.000000 -852646.500000 804.662432 3.473488 3.368701 16.147861
 77340.000000 -852906.562500 808.158717 3.232830 3.381879 16.375320
 77360.000000 -854567.312500 803.415972 3.446743 3.118685 16.571961
 77380.000000 -853534.750000 803.124722 3.313416 3.289540 16.511350
 77400.000000 -854789.125000 805.238452 3.507739 3.466517 16.633408
 77420.000000 -855242.187500 805.089613 3.232324 3.249998 16.281783
 77440.000000 -853062.375000 805.514129 3.524895 3.329993 16.389669
 77460.000000 -852080.937500 804.301255 3.561204 3.321886 16.419193
 77480.000000 -853266.562500 804.682296 3.431343 3.165788 16.266894
 77500.000000 -852668.187500 803.751526 3.352928 3.121956 16.580529
 77520.000000 -852255.875000 804.695605 3.424750 3.347070 16.609837
 77540.000000 -853111.937500 803.363062 3.509281 3.248399 16.441147
 77560.000000 -851635.875000 803.693730 3.665849 3.520463 16.852701
 77580.000000 -854926.437500 802.982632 3.311590 3.326432 16.704935
 77600.000000 -853206.750000 806.641385 3.317891 3.585849 16.494546
 77620.000000 -853173.000000 805.619935 3.363056 3.400787 16.610758
 77640.000000 -854919.375000 804.633477 3.431296 3.080421 16.543463
 77660.000000 -853410.062500 804.158897 3.426157 3.245602 16.389519
 77680.000000 -852325.250000 806.790646 3.170556 3.338097 16.343990
 77700.000000 -851670.250000 804.198931 3.444025 3.471472 16.330916
 77720.000000 -854288.562500 806.258917 3.387128 3.467409 16.263463
 77740.000000 -853475.687500 804.770912 3.579139 3.409219 16.371602
 77760.000000 -853623.812500 805.140926 3.580848 3.504133 16.496747
 77780.000000 -855976.625000 804.820368 3.436890 3.553714 16.486137
 77800.000000 -854412.687500 803.762562 3.386228 3.403438 16.556088
 77820.000000 -853474.312500 805.492374 3.162759 3.319686 16.673968
 77840.000000 -852078.562500 806.855103 3.575480 3.057662 16.402614
 77860.000000 -853272.562500 805.981332 3.350706 3.251256 16.420347
 77880.000000 -855086.437500 803.075021 3.301619 3.238764 16.447467
 77900.000000 -854168.687500 800.819876 3.218188 3.520269 16.396577
 77920.000000 -853043.687500 804.005408 3.412238 3.457255 16.716784
 77940.000000 -852979.187500 803.219734 3.398505 3.335596 16.579690
 77960.000000 -855606.875000 803.768705 3.545484 3.447212 16.590243
 77980.000000 -853526.312500 805.691562 3.637308 3.613752 16.477556
 78000.000000 -853338.187500 804.425147 3.568691 3.480685 16.484235
 78020.000000 -853466.937500 805.354989 3.397620 3.596623 16.500488
 78040.000000 -853885.000000 803.318827 3.293652 3.444409 16.577491
 78060.000000 -855253.187500 804.261351 3.316071 3.407983 16.752521
 78080.000000 -854448.875000 802.734038 3.283389 3.510966 16.562846
 78100.000000 -855353.812500 802.718311 3.695015 3.476066 16.548460
 78120.000000 -855439.437500 803.031682 3.561879 3.205468 16.740713
 78140.000000 -854102.062500 802.767627 3.583532 3.359940 16.680468
 78160.000000 -854301.062500 804.944081 3.202756 3.481666 16.581885
 78180.000000 -854028.312500 803.250382 3.365903 3.401994 16.380167
 78200.000000 -853787.437500 803.647264 3.465603 3.460480 16.414655
 78220.000000 -852762.750000 804.169394 3.539614 3.419444 16.558134
 78240.000000 -854231.375000 804.130079 3.499912 3.549010 16.484561
 78260.000000 -852383.562500 806.652746 3.569974 3.454293 16.705292
 78280.000000 -853201.812500 805.912455 3.429708 3.329786 16.463770
 78300.000000 -854086.000000 806.858797 3.416789 3.315847 16.737445
 78320.000000 -854287.125000 803.462631 3.111397 3.516075 16.724246
 78340.000000 -852709.375000 806.898729 3.199755 3.590522 16.651103
 78360.000000 -856112.375000 799.729348 3.478325 3.413683 16.579547
 78380.000000 -854353.187500 802.061428 3.705783 3.361731 16.512564
 78400.000000 -853225.000000 803.618183 3.378528 3.500025 16.761656
 78420.000000 -853058.250000 803.525678 3.392973 3.489036 16.754308
 78440.000000 -854031.375000 803.149252 3.457578 3.366618 16.588832
 78460.000000 -853195.625000 801.806291 3.293133 3.390095 16.713413
 78480.000000 -853716.062500 802.244282 3.078373 3.421359 16.574773
 78500.000000 -852013.500000 806.369016 3.052256 3.470738 16.198114
 78520.000000 -852125.312500 805.289994 3.087774 3.305839 16.228830
 78540.000000 -853156.687500 806.413395 3.303434 3.260442 16.287299
 78560.000000 -856492.062500 802.281908 3.195584 3.364213 16.494788
 78580.000000 -852831.500000 803.369706 3.215044 3.070948 16.385009
 78600.000000 -854397.750000 802.192665 3.241740 3.284237 16.342360
 78620.000000 -854282.750000 804.113709 3.364179 3.305359 16.170843
 78640.000000 -852479.250000 806.174649 3.267957 3.130480 16.317923
 78660.000000 -852250.250000 805.904278 3.467987 3.470213 16.299750
 78680.000000 -852255.562500 804.942500 3.424399 3.358687 16.483478
 78700.000000 -852866.000000 803.770664 3.458253 3.455905 16.468716
 78720.000000 -854071.562500 804.316761 3.126143 3.570960 16.431493
 78740.000000 -853628.312500 805.368340 3.504916 3.686621 16.397049
 78760.000000 -854581.000000 801.506505 3.598542 3.273074 16.542819
 78780.000000 -854069.750000 803.016033 3.552040 3.450557 16.586658
 78800.000000 -852744.937500 804.437460 3.130170 3.469773 16.470432
 78820.000000 -853179.562500 803.710520 3.526761 3.440523 16.348676
 78840.000000 -854302.562500 802.674200 3.477598 3.562979 16.535873
 78860.000000 -855290.312500 801.095581 3.427164 3.449760 16.362416
 78880.000000 -853704.187500 805.000784 3.644355 3.384430 16.485391
 78900.000000 -853246.500000 805.174508 3.604564 2.863235 16.236049
 78920.000000 -853831.750000 806.298564 3.434424 3.417256 16.490763
 78940.000000 -852747.500000 803.393728 3.488327 3.395828 16.431246
 78960.000000 -852966.187500 805.588122 3.662718 3.272102 16.276239
 78980.000000 -851501.437500 806.938223 3.128466 3.278637 16.611366
 79000.000000 -853450.437500 804.596455 3.218398 3.467821 16.478930
 79020.000000 -854314.437500 806.249060 3.177286 3.693140 16.578156
 79040.000000 -853883.437500 803.822329 3.202195 3.322134 16.635306
 79060.000000 -855691.937500 803.868347 3.406136 3.464274 16.709688
 79080.000000 -852021.750000 810.788991 3.388739 3.175776 6.539901
 79100.000000 -851044.625000 808.203064 3.031960 3.213177 11.772796
 79120.000000 -854117.187500 804.650186 3.139924 3.095383 13.555199
 79140.000000 -853637.500000 806.167241 3.055362 3.177062 15.585134
 79160.000000 -853752.375000 803.310072 3.057347 3.155588 16.235035
 79180.000000 -853026.312500 804.384999 3.344394 3.288060 16.288833
 79200.000000 -854776.250000 803.368019 3.327683 3.392339 16.520486
 79220.000000 -853303.687500 804.212154 3.192951 3.624106 16.385248
 79240.000000 -854717.562500 806.427685 3.453594 3.541174 16.416932
 79260.000000 -854813.500000 806.120511 3.776194 3.408843 16.438636
 79280.000000 -852267.562500 804.488260 3.562727 3.492630 16.620633
 79300.000000 -852165.062500 803.023921 3.320946 3.421897 16.638233
 79320.000000 -853633.937500 804.028369 3.358671 3.341635 16.457032
 79340.000000 -853809.625000 805.825020 3.458901 3.274202 16.721980
 79360.000000 -852434.375000 805.694595 3.391373 3.241176 16.308723
 79380.000000 -852493.625000 805.426263 3.449823 3.268977 16.620295
 79400.000000 -853589.625000 805.482445 3.340331 3.300944 16.389222
 79420.000000 -853259.812500 806.370416 3.479740 3.570561 16.330287
 79440.000000 -855238.187500 804.948636 3.708498 3.301907 16.060590
 79460.000000 -853298.000000 805.149121 3.718643 3.456570 16.324602
 79480.000000 -853141.562500 804.250166 3.743595 3.297720 16.577972
 79500.000000 -854467.000000 802.939679 3.513906 3.399603 16.550158
 79520.000000 -854399.750000 805.005984 3.460559 3.442850 16.351374
 79540.000000 -855899.000000 805.153859 3.215384 3.336264 16.611429
 79560.000000 -852279.500000 803.949610 3.318829 3.241602 16.471047
 79580.000000 -852218.812500 802.928810 3.602132 3.204056 16.463025
 79600.000000 -853631.812500 805.578201 3.645686 3.439478 16.441404
 79620.000000 -853859.125000 805.609932 3.735310 3.436205 16.501866
 79640.000000 -853901.562500 805.192266 3.587142 3.434250 16.548682
 79660.000000 -855761.312500 803.288244 3.570687 3.283059 16.459819
 79680.000000 -852559.937500 806.573311 3.436976 3.473784 16.475111
 79700.000000 -853250.125000 806.424091 3.600775 3.681522 16.574613
 79720.000000 -853363.125000 801.716792 3.466174 3.778133 16.673636
 79740.000000 -852601.000000 805.802129 3.631250 3.683159 16.498085
 79760.000000 -853452.687500 804.309279 3.401490 3.257283 16.682465
 79780.000000 -852447.875000 804.021644 3.340422 3.437063 16.573961
 79800.000000 -852848.812500 805.194478 3.398947 3.295554 16.481571
 79820.000000 -852836.375000 806.057516 3.345090 3.404033 16.487192
 79840.000000 -854425.125000 804.497994 3.367815 3.289166 16.263405
 79860.000000 -854853.625000 804.647565 3.353621 3.286869 16.591703
 79880.000000 -854192.500000 803.003545 3.465770 3.562013 16.381894
 79900.000000 -854109.250000 803.283073 3.308374 3.518066 16.533458
 79920.000000 -854247.937500 804.085336 3.289617 3.375172 16.765560
 79940.000000 -855433.312500 803.355854 3.303007 3.328662 16.359508
 79960.000000 -855245.312500 803.430755 3.312459 3.180460 16.130314
 79980.000000 -852863.437500 804.581655 3.277681 3.255802 16.345252
 80000.000000 -850911.312500 805.219071 3.438545 3.421490 16.265057
 80020.000000 -854286.875000 802.449711 3.496526 3.447884 16.590193
 80040.000000 -853378.875000 803.227482 3.129913 3.251343 16.549457
 80060.000000 -854150.937500 803.927496 3.241751 3.216197 16.440439
 80080.000000 -854416.937500 803.488363 3.622900 3.360641 16.716385
 80100.000000 -851993.437500 805.349091 3.316836 2.993324 16.749079
 80120.000000 -853539.437500 803.261440 3.427691 3.161744 16.681061
 80140.000000 -853878.500000 803.879930 3.529278 3.644390 16.639594
 80160.000000 -853645.500000 807.872446 3.466240 3.732953 16.579953
 80180.000000 -855236.437500 805.485398 3.432090 3.704463 16.680724
 80200.000000 -855019.687500 803.420875 3.509383 3.517947 16.476223
 80220.000000 -853867.062500 803.630662 3.443838 3.450338 16.523997
 80240.000000 -854590.750000 802.037091 3.133932 3.655968 16.211610
 80260.000000 -851548.687500 805.711691 3.273900 3.410158 16.715935
 80280.000000 -854233.562500 801.767438 3.560153 3.335120 16.725070
 80300.000000 -852620.000000 804.472179 3.274373 3.411147 16.603352
 80320.000000 -854265.062500 804.749456 3.448689 3.468147 16.576103
 80340.000000 -852717.750000 804.312541 3.094000 3.313864 16.393065
 80360.000000 -852415.375000 803.964498 3.307731 3.512266 16.718120
 80380.000000 -854663.937500 805.935357 3.509974 3.418664 16.310412
 80400.000000 -852607.687500 802.129219 3.307845 3.251212 16.396051
 80420.000000 -852024.750000 804.663326 3.320924 3.557589 16.519251
 80440.000000 -851766.875000 803.109264 3.326822 3.507434 0.996558
 80460.000000 -850843.562500 810.611270 3.773698 2.990098 9.818338
 80480.000000 -851410.687500 808.847854 3.618163 2.766446 11.233711
 80500.000000 -852833.562500 806.992429 3.444155 2.915611 12.294549
 80520.000000 -852748.875000 806.712412 3.450489 3.025191 13.763868
 80540.000000 -854536.375000 806.571208 3.540121 3.327656 15.500545
 80560.000000 -852034.187500 806.617949 3.405622 3.714207 16.213765
 80580.000000 -855033.625000 801.675913 3.418952 3.089742 16.349135
 80600.000000 -853603.687500 805.689264 3.514977 3.404750 16.452288
 80620.000000 -852468.812500 805.618283 3.411091 3.446794 16.606012
 80640.000000 -854267.250000 802.840882 3.618247 3.377108 16.652687
 80660.000000 -854089.812500 805.581963 3.411791 3.265764 16.456044
 80680.000000 -854578.562500 805.569278 3.330052 3.125854 16.435227
 80700.000000 -853023.250000 803.313753 3.534718 3.133729 16.608122
 80720.000000 -853504.062500 803.195918 3.438964 3.451209 16.468720
 80740.000000 -853134.312500 803.094596 3.580032 3.312743 16.153797
 80760.000000 -854524.500000 805.369646 3.597463 3.481520 16.198793
 80780.000000 -853573.812500 804.796996 3.362152 3.548049 16.337727
 80800.000000 -852934.625000 807.163780 3.388304 3.364753 16.463268
 80820.000000 -852635.812500 808.918427 3.606230 3.435563 16.573249
 80840.000000 -853012.687500 805.195587 3.525059 3.467191 16.692106
 80860.000000 -855670.750000 802.966905 3.656707 3.530925 16.387492
 80880.000000 -854728.250000 805.096144 3.523841 3.303037 16.440949
 80900.000000 -852842.562500 804.683507 3.344523 3.355551 16.624591
 80920.000000 -852813.250000 806.350209 3.453709 3.240564 16.537835
 80940.000000 -853132.562500 802.873616 3.379364 3.434174 16.625265
 80960.000000 -851539.500000 803.662626 3.325740 3.557327 16.742897
 80980.000000 -852476.000000 805.019897 3.355183 3.577499 16.807824
 81000.000000 -852461.000000 805.798409 3.336757 3.316521 16.641401
 81020.000000 -854224.437500 803.675997 3.270512 3.167429 16.534837
 81040.000000 -854520.750000 804.651645 3.331681 3.401971 16.521588
 81060.000000 -854733.750000 801.976802 3.152960 3.245074 16.743710
 81080.000000 -853868.437500 803.526143 3.331231 3.430082 16.607875
 81100.000000 -853104.187500 803.784208 3.318363 3.492587 16.523702
 81120.000000 -854443.875000 802.617311 3.505118 3.578737 16.661987
 81140.000000 -852914.687500 804.957049 3.439708 3.478096 16.668958
 81160.000000 -853634.250000 805.455992 3.676758 3.300833 16.552686
 81180.000000 -853562.625000 804.504165 3.616122 3.634497 16.502927
 81200.000000 -853695.625000 805.112728 3.421079 3.294725 16.419606
 81220.000000 -853303.687500 806.795534 3.324178 3.486582 16.276643
 81240.000000 -853641.500000 806.329846 3.518184 3.457014 16.271586
 81260.000000 -853940.250000 806.116709 3.655922 3.417069 16.309370
 81280.000000 -853988.062500 803.664823 3.470348 3.271984 16.295379
 81300.000000 -853200.125000 806.173936 3.434778 3.446806 16.192555
 81320.000000 -851886.875000 805.303187 3.154028 3.323923 16.338327
 81340.000000 -853311.812500 803.037254 3.395049 3.281508 16.394910
 81360.000000 -854464.062500 804.524096 3.306887 3.522775 16.464298
 81380.000000 -853826.187500 803.443406 3.351948 3.117701 16.606336
 81400.000000 -853238.125000 804.418780 3.333760 3.179480 16.332272
 81420.000000 -852411.000000 806.350576 3.395377 3.547457 16.313218
 81440.000000 -852980.687500 804.608624 3.224394 3.461599 16.297178
 81460.000000 -852911.312500 803.423040 3.430263 3.323168 16.494954
 81480.000000 -854268.500000 802.636343 3.362809 3.250261 16.792809
 81500.000000 -853472.312500 805.664457 3.607740 3.282887 16.374571
 81520.000000 -852774.375000 805.357373 3.388540 3.246808 16.358330
 81540.000000 -854744.937500 803.573508 3.351779 3.408446 16.459460
 81560.000000 -853045.750000 806.300517 3.263401 3.512065 16.459381
 81580.000000 -852202.812500 805.073746 3.157861 3.486752 16.455648
 81600.000000 -853364.625000 804.057263 3.136305 3.426628 16.408607
 81620.000000 -852778.687500 805.933844 3.315724 3.617165 16.371292
 81640.000000 -853873.687500 808.120906 3.571100 3.344885 16.322050
 81660.000000 -853741.875000 805.297087 3.525838 3.300298 16.396202
 81680.000000 -852407.187500 802.916995 3.532830 3.557329 16.693807
 81700.000000 -854359.875000 801.578605 3.453036 3.533627 16.343778
 81720.000000 -851467.312500 805.195502 3.568703 3.488937 16.553905
 81740.000000 -854074.812500 804.846062 3.563826 3.256464 16.447801
 81760.000000 -854276.125000 802.986055 3.496800 3.419517 16.220960
 81780.000000 -853290.562500 806.345069 3.345287 3.413705 16.351754
 81800.000000 -854214.812500 804.421997 3.315371 3.318498 16.403121
 81820.000000 -854424.125000 804.007594 3.350398 3.194787 16.513958
 81840.000000 -853237.875000 805.666790 3.405261 3.392586 16.449330
 81860.000000 -852773.687500 805.353650 3.593654 3.336851 16.586210
 81880.000000 -853985.750000 805.205754 3.564869 3.452506 16.343359
 81900.000000 -854282.812500 802.267636 3.511088 3.053899 16.422888
 81920.000000 -853310.500000 805.547995 3.403317 2.892537 16.561565
 81940.000000 -854729.812500 803.703805 3.617439 3.129616 16.613805
 81960.000000 -852917.875000 805.947959 3.375850 3.351239 16.564365
 81980.000000 -854856.937500 804.544291 3.198848 3.491157 16.246214
 82000.000000 -854288.937500 804.405496 3.122042 3.565429 16.474203
 82020.000000 -855612.062500 802.478198 3.184238 3.386235 16.501050
 82040.000000 -852228.250000 805.636220 3.408325 3.074687 16.353353
 82060.000000 -853788.312500 803.592224 3.125331 3.326687 16.431496
 82080.000000 -854127.500000 803.342885 3.214868 3.365679 16.591206
 82100.000000 -852988.875000 805.325402 3.324653 3.535850 16.681115
 82120.000000 -853493.312500 804.656105 3.598645 3.295101 16.685819
 82140.000000 -855472.812500 804.721537 3.220025 3.210892 16.469431
 82160.000000 -854088.500000 803.613713 3.247293 3.035505 16.377478
 82180.000000 -855835.812500 803.895932 3.461353 3.099065 16.388747
 82200.000000 -852725.062500 803.143629 3.372147 3.366916 16.547340
 82220.000000 -852559.562500 806.126204 3.475770 3.298565 16.640022
 82240.000000 -853397.187500 804.363270 3.715133 3.255635 16.679421
 82260.000000 -852578.250000 804.441234 3.570362 3.312724 16.547880
 82280.000000 -854306.062500 805.167961 3.425444 3.250993 16.548443
 82300.000000 -853504.187500 803.157653 3.488554 3.124509 16.640602
 82320.000000 -854643.437500 804.081578 3.515457 3.435212 16.624797
 82340.000000 -851568.750000 805.107892 3.321263 3.390991 16.473129
 82360.000000 -853220.562500 804.348992 3.230209 3.328737 16.630878
 82380.000000 -853769.812500 804.120228 3.525708 3.468183 16.736618
 82400.000000 -854036.375000 804.307470 3.299481 3.368618 16.459927
 82420.000000 -852953.812500 804.713745 3.232045 3.383688 16.559073
 82440.000000 -853338.750000 803.979659 3.259488 3.135394 16.711907
 82460.000000 -853725.875000 802.701250 3.272407 3.538012 16.323266
 82480.000000 -853760.625000 800.393355 3.635959 3.622677 16.685292
 82500.000000 -853047.125000 803.756489 3.435222 3.457944 16.510441
 82520.000000 -854318.937500 803.870236 3.592391 3.281770 16.808282
 82540.000000 -853614.125000 803.578849 3.496690 3.333867 16.657118
 82560.000000 -854492.250000 804.080570 3.407171 3.251108 16.312627
 82580.000000 -853243.625000 803.414231 3.566701 3.347986 16.409317
 82600.000000 -853974.437500 803.916179 3.345883 3.156970 16.175272
 82620.000000 -851922.562500 804.768266 3.282538 3.209097 16.228521
 82640.000000 -853176.000000 802.947656 3.376784 3.633335 16.377233
 82660.000000 -854745.000000 803.162348 3.475923 3.491828 16.443667
 82680.000000 -854945.500000 805.654354 3.494949 3.506553 16.682867
 82700.000000 -852377.250000 806.243195 3.512705 3.295867 16.522665
 82720.000000 -853576.375000 802.977829 3.511432 3.292917 16.428025
 82740.000000 -852576.687500 805.147051 3.250847 3.395880 16.460056
 82760.000000 -854241.250000 802.097079 3.391355 3.529194 16.118527
 82780.000000 -854641.937500 802.384405 3.230464 3.761740 16.478717
 82800.000000 -852756.437500 801.405244 3.553128 3.300204 16.504405
 82820.000000 -853095.812500 803.310725 3.523421 3.472009 16.365093
 82840.000000 -853110.375000 806.361725 3.391915 3.682284 16.471052
 82860.000000 -853710.312500 803.250357 3.447188 3.329599 16.517185
 82880.000000 -851390.687500 806.442973 3.433972 3.244326 16.592423
 82900.000000 -853881.312500 804.514279 3.323847 3.469478 16.702931
 82920.000000 -852791.437500 804.848223 3.515136 3.409958 16.476083
 82940.000000 -852621.250000 804.362423 3.474921 3.412475 16.621184
 82960.000000 -855579.062500 803.333627 3.360734 3.425091 16.609850
 82980.000000 -854136.875000 806.282476 3.587723 3.683850 16.779364
 83000.000000 -853107.562500 804.674381 3.762988 3.650803 16.670972
 83020.000000 -853793.375000 802.973905 3.689316 3.525599 16.658123
 83040.000000 -853848.687500 801.060782 3.357062 3.403083 16.599419
 83060.000000 -852298.562500 805.807594 3.357350 3.129466 16.736015
 83080.000000 -852011.375000 806.544764 3.297484 3.181072 16.575608
 83100.000000 -853170.312500 804.372940 3.180553 3.449480 16.739392
 83120.000000 -853861.312500 804.924590 3.198677 3.524370 16.659429
 83140.000000 -853819.875000 805.270222 3.367264 3.453480 16.712451
 83160.000000 -853071.000000 805.361615 3.612282 3.413170 16.521787
 83180.000000 -852412.125000 805.729864 3.551408 3.398356 16.691349
 83200.000000 -854134.937500 804.906302 3.764365 3.419523 16.890022
 83220.000000 -853821.375000 803.844313 3.527165 3.452603 16.721606
 83240.000000 -853455.437500 805.148506 3.555258 3.333639 16.103606
 83260.000000 -853705.562500 807.227986 3.495475 3.464805 16.752685
 83280.000000 -852146.437500 804.572223 3.511815 3.412096 16.402802
 83300.000000 -853539.812500 803.591471 3.820393 3.430525 16.299119
 83320.000000 -855232.625000 804.631495 3.689709 3.604488 16.301826
 83340.000000 -852906.687500 805.478817 3.722139 3.291336 16.505417
 83360.000000 -853217.312500 804.043393 3.446140 3.346779 16.419178
 83380.000000 -852669.687500 806.437473 3.494827 3.494346 16.542702
 83400.000000 -850810.187500 807.295375 3.435491 3.597305 16.337496
 83420.000000 -853487.062500 806.280007 3.552286 3.707114 16.179605
 83440.000000 -854397.312500 804.584085 3.200030 3.508989 16.419117
 83460.000000 -853468.875000 804.883834 3.244574 3.235114 16.577963
 83480.000000 -852710.812500 804.604990 3.443087 3.234488 16.564511
 83500.000000 -852211.250000 805.343812 3.361141 3.431093 16.432019
 83520.000000 -853184.187500 804.744538 3.441655 3.108983 16.522090
 83540.000000 -853087.625000 805.088022 3.393423 3.415275 16.568853
 83560.000000 -853645.500000 804.021644 3.512523 3.408708 16.417631
 83580.000000 -852285.812500 803.749000 3.386937 3.284265 16.505531
 83600.000000 -853434.875000 802.245926 3.436838 3.306644 16.755543
 83620.000000 -852255.125000 804.789107 3.330992 3.367875 16.506113
 83640.000000 -855006.375000 805.237176 3.502763 3.284751 16.150158
 83660.000000 -854090.312500 801.034531 3.244122 3.193331 16.555204
 83680.000000 -855036.062500 803.370412 3.656710 3.567989 16.622403
 83700.000000 -853881.750000 804.395377 3.530992 3.414921 16.731845
 83720.000000 -853299.250000 806.706687 3.400816 3.282113 16.386989
 83740.000000 -854276.062500 806.802056 3.152581 3.180574 16.627402
 83760.000000 -853150.875000 805.288072 3.395073 3.312020 16.350276
 83780.000000 -852390.812500 803.944973 3.337987 3.499420 16.591065
 83800.000000 -854020.500000 805.373151 3.100612 3.467287 16.388326
 83820.000000 -852743.000000 803.799876 3.299785 3.598023 16.293581
 83840.000000 -853321.312500 804.705085 3.212649 3.607022 16.650271
 83860.000000 -853300.812500 805.321073 3.048082 3.524321 16.569278
 83880.000000 -853390.500000 804.722744 3.329015 3.125551 16.578870
 83900.000000 -851964.000000 807.285696 3.328895 3.484379 16.593685
 83920.000000 -853808.937500 804.172729 3.282098 3.521311 16.481420
 83940.000000 -854686.125000 803.525542 3.155310 3.527097 16.416934
 83960.000000 -853202.562500 805.226300 3.361193 3.629917 16.436011
 83980.000000 -852260.625000 805.578774 3.461283 3.698456 16.557480
 84000.000000 -852490.687500 803.636276 3.191052 3.688632 16.710870
 84020.000000 -853153.750000 802.417007 3.286281 3.664405 16.324090
 84040.000000 -855345.125000 803.104847 3.619946 3.497203 16.545380
 84060.000000 -853282.250000 805.556225 3.489407 3.645041 16.369322
 84080.000000 -853237.187500 804.378365 3.256490 3.508864 16.327270
 84100.000000 -853081.062500 804.440993 3.240532 3.250945 16.365476
 84120.000000 -854602.500000 804.079579 3.126551 3.060502 16.467333
 84140.000000 -854037.937500 806.899126 3.402981 3.356154 16.416068
 84160.000000 -851302.937500 809.091153 3.471988 3.267359 16.461605
 84180.000000 -853692.250000 805.161050 3.325754 3.206856 16.474806
 84200.000000 -854097.437500 806.411638 3.412927 3.214966 16.564250
 84220.000000 -853239.125000 805.289298 3.455747 3.368312 16.460972
 84240.000000 -853840.562500 803.210947 3.576240 3.376675 16.313394
 84260.000000 -852973.062500 802.391694 3.652550 3.265480 16.306188
 84280.000000 -851495.312500 805.746567 3.423788 3.271435 16.499662
 84300.000000 -853415.187500 803.319967 3.495929 3.339966 16.595576
 84320.000000 -855420.875000 804.781628 3.056777 3.448349 16.626907
 84340.000000 -853533.125000 804.195213 3.386722 3.392673 16.757561
 84360.000000 -854806.937500 805.148388 3.393733 3.234717 16.631811
 84380.000000 -853023.250000 805.773283 3.233235 3.438822 16.387471
 84400.000000 -853951.625000 803.072074 3.408852 3.277855 16.195255
 84420.000000 -853504.937500 805.275110 3.379451 3.515545 16.545158
 84440.000000 -852024.062500 803.526362 3.441054 3.517994 16.400410
 84460.000000 -854188.687500 805.510529 3.485073 3.134231 16.506523
 84480.000000 -853056.000000 804.216231 3.273863 3.300904 16.527926
 84500.000000 -853308.187500 805.280461 3.196700 3.273866 16.549085
 84520.000000 -853248.812500 804.533109 3.354666 3.144396 16.664610
 84540.000000 -852662.000000 806.488725 3.380707 3.028526 16.464944
 84560.000000 -852690.937500 802.937409 3.705945 3.282919 16.471391
 84580.000000 -854320.000000 802.163546 3.530093 3.421904 16.586251
 84600.000000 -854524.000000 803.421397 3.426695 3.355878 16.369529
 84620.000000 -855279.125000 802.062559 3.139834 3.459407 16.290058
 84640.000000 -853275.625000 803.899078 3.040089 3.422817 16.513853
 84660.000000 -852091.875000 804.724087 3.372394 3.279351 16.455772
 84680.000000 -854000.625000 802.768993 3.616719 3.247227 16.329019
 84700.000000 -851781.812500 804.127975 3.340597 3.543103 16.483699
 84720.000000 -852827.812500 802.293455 3.480252 3.534510 16.436640
 84740.000000 -853616.500000 802.159185 3.454343 3.395212 16.338455
 84760.000000 -854689.625000 802.767586 3.501420 3.155103 16.597626
 84780.000000 -852010.125000 806.797336 3.159557 3.088316 16.535930
 84800.000000 -853358.687500 803.694879 3.070124 3.238290 16.427017
 84820.000000 -853943.437500 804.863718 3.397055 3.165575 16.518290
 84840.000000 -853965.062500 804.904792 3.558981 3.587915 16.533805
 84860.000000 -853290.312500 805.679462 3.631970 3.515194 16.414516
 84880.000000 -853333.000000 801.916104 3.675407 3.586369 16.344353
 84900.000000 -854717.250000 804.647995 3.513555 3.365753 16.219214
 84920.000000 -854701.500000 801.961427 3.116644 3.524162 16.424761
 84940.000000 -853705.187500 802.577373 3.308773 3.694605 16.314329
 84960.000000 -853720.437500 804.259823 3.466664 3.577665 16.622166
 84980.000000 -854716.000000 803.634683 3.493615 3.406598 16.658597
 85000.000000 -853061.500000 804.626355 3.522644 3.644409 16.423904
 85020.000000 -855121.250000 800.123710 3.583516 3.496026 16.232317
 85040.000000 -853861.187500 802.963485 3.309072 3.486770 16.414849
 85060.000000 -855001.812500 802.005020 3.514706 3.477361 16.520605
 85080.000000 -853937.750000 801.684313 3.516175 3.393029 16.390476
 85100.000000 -853422.312500 804.341029 3.442826 3.315956 16.612264
 85120.000000 -853033.875000 806.006751 3.328708 3.268898 16.494047
 85140.000000 -851767.812500 804.128790 3.634990 3.352249 16.592386
 85160.000000 -853058.375000 801.820468 3.328092 3.194935 16.494415
 85180.000000 -853419.562500 805.223350 3.434093 3.541418 16.444151
 85200.000000 -852110.750000 806.000664 3.731203 3.253941 16.527553
 85220.000000 -853866.500000 803.872030 3.477661 3.083349 16.491947
 85240.000000 -852302.000000 805.744109 3.477410 3.183073 16.728085
 85260.000000 -853822.125000 804.966275 3.244448 3.684610 16.685328
 85280.000000 -853361.437500 801.503750 3.185715 3.546741 16.693242
 85300.000000 -853351.812500 803.098465 3.170030 3.363779 16.456869
 85320.000000 -855610.875000 802.807420 3.460679 3.481950 16.646753
 85340.000000 -854046.437500 806.108548 3.399785 3.360907 16.820155
 85360.000000 -853567.000000 801.810408 3.445190 3.382224 17.005344
 85380.000000 -853641.687500 801.994289 3.485916 3.092861 16.767923
 85400.000000 -853529.562500 804.997256 3.480148 3.285010 16.641876
 85420.000000 -853665.250000 804.640793 3.474562 3.594924 16.601344
 85440.000000 -854148.437500 801.051105 3.729301 3.563932 16.536900
 85460.000000 -854378.375000 801.201606 3.516308 3.494773 16.587226
 85480.000000 -853205.437500 802.451889 3.277377 3.121861 16.461471
 85500.000000 -855191.187500 806.465278 3.253169 3.268477 16.823074
 85520.000000 -853424.937500 804.900668 3.379987 3.430666 16.760944
 85540.000000 -853335.312500 800.088912 3.466182 3.397535 16.705209
 85560.000000 -853342.500000 806.782374 3.576051 3.515818 16.572025
 85580.000000 -851973.437500 806.134933 3.602773 3.407287 16.352928
 85600.000000 -853302.500000 802.045501 3.380055 3.774406 16.439054
 85620.000000 -853442.625000 802.355366 3.351811 3.544299 16.507448
 85640.000000 -855022.875000 804.519660 3.307622 3.556982 16.583501
 85660.000000 -852883.437500 803.441061 3.369146 3.666203 16.520415
 85680.000000 -853791.812500 803.733961 3.232136 3.523825 16.464212
 85700.000000 -853764.750000 804.456419 3.421025 3.412881 16.641631
 85720.000000 -849704.000000 807.541198 3.345603 3.531808 16.789776
 85740.000000 -852154.687500 804.712250 3.630402 3.535515 16.258865
 85760.000000 -855127.187500 804.474163 3.448448 3.622413 16.429261
 85780.000000 -853329.937500 805.376365 3.327982 3.744147 16.674247
 85800.000000 -851285.000000 806.867638 3.681955 3.312993 16.615943
 85820.000000 -853566.937500 805.653687 3.592746 3.475169 16.677770
 85840.000000 -853535.125000 807.136342 3.625569 3.212351 16.514207
 85860.000000 -854161.125000 800.200711 3.625592 2.933815 16.516821
 85880.000000 -854625.062500 802.619465 3.459353 3.408814 16.718194
 85900.000000 -854619.000000 804.254819 3.206523 3.543320 16.698751
 85920.000000 -853259.312500 804.495995 3.184523 3.311034 16.434954
 85940.000000 -853226.312500 805.022513 3.453120 3.452852 16.392593
 85960.000000 -851824.687500 804.166253 3.708204 3.472097 16.418675
 85980.000000 -851623.562500 805.334442 3.563074 3.357148 16.255414
 86000.000000 -855027.437500 802.491152 3.434124 3.480059 16.423296
 86020.000000 -853582.687500 801.984302 3.529543 3.573376 16.512134
 86040.000000 -851435.000000 802.463584 3.555073 3.415082 16.516709
 86060.000000 -854440.812500 802.231093 3.385684 3.312641 16.705493
 86080.000000 -854074.250000 801.834346 3.550002 3.340876 16.477109
 86100.000000 -855155.937500 800.342493 3.370168 3.284228 16.710514
 86120.000000 -853881.500000 803.814518 3.273257 3.296283 16.390282
 86140.000000 -853963.375000 804.031678 3.332426 3.461867 16.520010
 86160.000000 -853255.500000 802.978704 3.504153 3.367848 16.344128
 86180.000000 -852334.125000 804.097193 3.443133 3.364572 16.373206
 86200.000000 -852205.812500 804.719221 3.351572 3.472384 16.446390
 86220.000000 -852160.187500 805.750281 3.593281 3.201648 16.417535
 86240.000000 -853949.875000 805.151250 3.430157 3.157651 16.531804
 86260.000000 -852812.687500 806.121940 3.461144 3.330073 16.443091
 86280.000000 -853419.750000 804.715735 3.396653 3.279572 16.637508
 86300.000000 -852759.625000 806.136754 3.587449 3.304013 16.527720
 86320.000000 -852598.625000 805.018747 3.653115 3.503468 16.365239
 86340.000000 -852012.000000 804.685032 3.656683 3.449155 16.815939
 86360.000000 -855070.562500 802.179931 3.554285 3.313015 16.627820
 86380.000000 -852958.750000 805.546025 3.395114 3.293841 16.479463
 86400.000000 -854654.875000 801.953733 3.043118 3.442087 16.474369
 86420.000000 -851930.625000 804.870092 3.057358 3.288042 16.490213
 86440.000000 -852459.750000 807.552224 3.152956 3.400357 16.426923
 86460.000000 -852803.250000 804.478653 3.266923 3.372956 16.552498
 86480.000000 -853624.375000 805.495522 3.526631 3.314581 16.597652
 86500.000000 -852970.875000 803.420580 3.569803 3.617710 16.420549
 86520.000000 -853077.437500 803.359007 3.525175 3.499810 16.534412
 86540.000000 -853918.875000 805.156061 3.485927 3.386749 16.441094
 86560.000000 -854554.812500 804.030512 3.698897 3.410198 16.128237
 86580.000000 -853905.687500 804.129044 3.715749 3.551182 16.037039
 86600.000000 -853097.250000 805.901698 3.283175 3.190659 16.459108
 86620.000000 -854813.062500 805.971065 3.331005 3.305057 16.615634
 86640.000000 -854502.062500 806.115216 3.275272 3.309046 16.596002
 86660.000000 -851520.312500 804.466529 3.291688 3.484501 16.454402
 86680.000000 -854483.187500 807.207258 3.590286 3.521230 16.567348
 86700.000000 -855637.187500 804.330074 3.993805 3.762334 16.421936
 86720.000000 -853065.125000 805.059704 3.453827 3.520773 16.531192
 86740.000000 -854424.500000 803.395385 3.220301 3.448124 16.541829
 86760.000000 -854757.125000 801.392143 3.467602 3.255603 16.414012
 86780.000000 -854268.812500 800.135251 3.194380 3.186526 16.700500
 86800.000000 -855359.187500 801.541449 3.362226 3.384556 16.661801
 86820.000000 -853415.500000 806.105179 3.804182 3.315096 16.343086
 86840.000000 -852799.937500 802.879799 3.780937 3.590822 16.470655
 86860.000000 -852451.125000 805.084227 3.612233 3.508662 16.380581
 86880.000000 -854762.187500 803.726320 3.463807 3.265908 16.286450
 86900.000000 -853105.750000 804.255079 3.414691 3.299965 16.567822
 86920.000000 -853275.812500 803.258572 3.608766 3.293932 16.398994
 86940.000000 -853808.875000 805.668796 3.479497 3.439031 16.523389
 86960.000000 -855239.250000 800.645728 3.515925 3.355255 16.807865
 86980.000000 -855068.812500 803.669391 3.570529 3.276049 16.654860
 87000.000000 -854022.875000 803.549195 3.430528 3.330774 16.597158
 87020.000000 -853821.187500 802.046722 3.368203 3.380526 16.704421
 87040.000000 -854509.750000 801.566417 3.199362 3.485028 16.568640
 87060.000000 -854870.125000 801.533980 3.339451 3.329491 16.524825
 87080.000000 -854240.187500 802.964944 3.027282 3.639795 16.392533
 87100.000000 -852582.187500 806.582838 3.234325 3.528790 16.382213
 87120.000000 -854641.562500 804.985552 3.497014 3.218342 16.554848
 87140.000000 -852861.062500 804.051954 3.203765 3.320441 16.508829
 87160.000000 -853126.250000 806.663575 3.220053 3.347192 16.499118
 87180.000000 -852843.500000 805.116019 3.205328 3.412767 16.557106
 87200.000000 -853726.875000 802.585115 3.369098 3.483634 16.569378
 87220.000000 -855211.875000 804.280886 3.526368 3.437854 16.531234
 87240.000000 -852510.937500 803.894681 3.284701 3.400371 16.516499
 87260.000000 -852567.937500 804.181365 3.363591 3.364882 16.486460
 87280.000000 -852895.062500 803.620321 3.409216 3.575359 16.492821
 87300.000000 -852299.062500 804.205791 3.205030 3.563015 16.524878
 87320.000000 -854661.250000 803.993708 3.343997 3.613304 16.533225
 87340.000000 -854200.687500 805.856590 3.255164 3.520616 16.539314
 87360.000000 -851991.375000 804.045029 3.124500 3.388649 16.715769
 87380.000000 -853023.125000 803.108544 3.563161 3.428599 16.464973
 87400.000000 -855916.500000 801.909539 3.338828 3.322435 16.574605
 87420.000000 -853961.750000 804.382527 3.276090 3.502790 16.552406
 87440.000000 -851902.812500 804.907879 3.401372 3.523033 16.785916
 87460.000000 -854499.750000 804.657120 3.578606 3.449081 16.402014
 87480.000000 -854648.437500 804.060330 3.571352 3.500794 16.511137
 87500.000000 -855150.812500 804.519358 3.359164 3.739614 16.408423
 87520.000000 -852856.562500 803.492041 3.300429 3.630646 16.528273
 87540.000000 -853663.187500 802.290832 3.621727 3.423278 16.555487
 87560.000000 -853836.562500 801.205214 3.621721 3.634505 16.482531
 87580.000000 -853827.937500 804.061661 3.549812 3.768620 16.793648
 87600.000000 -853709.562500 805.722913 3.337994 3.493770 16.553415
 87620.000000 -852871.750000 802.146135 3.393246 3.545041 16.507286
 87640.000000 -852954.000000 802.464461 3.527150 3.567799 16.507803
 87660.000000 -851745.625000 805.037939 3.391035 3.500791 16.419411
 87680.000000 -853312.187500 803.225573 3.376578 3.579751 16.222594
 87700.000000 -852760.187500 803.312848 3.569909 3.664576 16.467842
 87720.000000 -853484.062500 803.494780 3.479174 3.519104 16.743909
 87740.000000 -853777.625000 805.560611 3.562691 3.488777 16.879589
 87760.000000 -852285.375000 805.386047 3.521905 3.392825 16.472130
 87780.000000 -851953.562500 804.511535 3.575186 3.457071 16.426897
 87800.000000 -853662.937500 803.885876 3.431684 3.462552 16.451229
 87820.000000 -853896.000000 801.516822 3.510476 3.499459 16.402605
 87840.000000 -855127.125000 801.155156 3.583581 3.419649 16.455596
 87860.000000 -852683.000000 804.773372 3.378936 3.263178 16.450687
 87880.000000 -854166.062500 803.201698 3.270462 3.331375 16.379042
 87900.000000 -854137.375000 804.401706 3.268423 3.285995 16.369265
 87920.000000 -854528.375000 805.503809 3.680603 3.532561 16.182367
 87940.000000 -854530.562500 805.543966 3.440533 3.565862 16.253540
 87960.000000 -853458.312500 804.460498 3.563179 3.571798 16.399211
 87980.000000 -854370.187500 803.042741 3.408393 3.556552 16.698417
 88000.000000 -853623.562500 800.784415 3.432699 3.394108 16.492144
 88020.000000 -852829.000000 804.414310 3.325306 3.481850 16.589100
 88040.000000 -852810.687500 802.539902 3.606687 3.332084 16.501925
 88060.000000 -852899.000000 804.649138 3.273378 3.337719 16.452569
 88080.000000 -855601.375000 802.707144 3.262968 3.250419 16.260972
 88100.000000 -853092.125000 806.743582 3.119095 3.656070 16.298228
 88120.000000 -853510.500000 803.386164 3.236697 3.757912 16.425857
 88140.000000 -854234.250000 804.391680 3.430309 3.612304 16.457711
 88160.000000 -851784.812500 806.762340 3.321537 3.335594 16.440597
 88180.000000 -853735.750000 803.291924 3.549206 3.303002 16.535103
 88200.000000 -853847.187500 805.763688 3.528710 3.336681 16.771238
 88220.000000 -853389.437500 804.601819 3.274644 2.975905 16.803722
 88240.000000 -854876.750000 805.385636 3.456784 3.215285 16.513007
 88260.000000 -854175.687500 805.722198 3.421559 3.467163 16.323704
 88280.000000 -850829.812500 807.566115 3.514160 3.217198 16.729861
 88300.000000 -853909.750000 803.365207 3.409007 3.315509 16.715823
 88320.000000 -851950.750000 806.380891 3.613105 3.469288 16.318251
 88340.000000 -852968.437500 803.827695 3.329661 3.408661 16.543210
 88360.000000 -852510.312500 807.012339 3.270264 3.453335 16.577595
 88380.000000 -853701.250000 805.401189 3.302654 3.702334 16.427702
 88400.000000 -852641.250000 804.513912 3.338527 3.639318 16.260922
 88420.000000 -855401.437500 802.362058 3.415163 3.317891 16.098525
 88440.000000 -852711.625000 804.475092 3.237936 3.141716 16.368164
 88460.000000 -853093.187500 804.942569 3.521587 3.259047 16.387043
 88480.000000 -854179.062500 805.048090 3.513279 3.195024 16.787739
 88500.000000 -853411.375000 802.212570 3.387321 3.410801 16.844022
 88520.000000 -854691.437500 804.675340 3.578530 3.560995 16.668668
 88540.000000 -854566.875000 803.277807 3.269784 3.523009 16.765765
 88560.000000 -853681.500000 804.579574 3.493582 3.387409 16.794420
 88580.000000 -853583.875000 805.645768 3.389779 3.483822 16.290947
 88600.000000 -853442.187500 804.181087 3.254026 3.311049 16.422994
 88620.000000 -853408.250000 805.807979 3.247423 3.445087 16.775706
 88640.000000 -852442.562500 804.740493 3.197787 3.506499 16.356666
 88660.000000 -851949.125000 805.383623 3.541514 3.673074 16.417270
 88680.000000 -853162.687500 806.472732 3.358818 3.613015 16.593692
 88700.000000 -853531.625000 803.302566 3.182231 3.255553 16.407763
 88720.000000 -854499.312500 804.596671 3.297546 3.315134 16.509510
 88740.000000 -853779.187500 805.256843 3.694754 3.535209 16.590819
 88760.000000 -855372.250000 804.287446 3.443744 3.564363 16.641108
 88780.000000 -851446.750000 805.370767 3.431932 3.481475 16.486818
 88800.000000 -853516.812500 802.456842 3.216551 3.444094 16.542892
 88820.000000 -854372.437500 804.282170 3.271230 3.157707 16.395811
 88840.000000 -855966.562500 802.725273 3.561549 3.581271 16.474003
 88860.000000 -853257.187500 803.657690 3.379984 3.481952 16.302589
 88880.000000 -853553.750000 805.211282 3.540799 3.546913 16.545126
 88900.000000 -852279.437500 805.312391 3.177390 3.530696 16.613502
 88920.000000 -852196.250000 805.739543 3.453218 3.470270 16.425618
 88940.000000 -851957.250000 805.660842 3.524936 3.580360 16.222193
 88960.000000 -853722.625000 803.568221 3.544112 3.451749 16.230106
 88980.000000 -855321.562500 805.108858 3.412246 3.388376 16.534983
 89000.000000 -854193.937500 803.528749 3.475628 3.440538 16.553141
 89020.000000 -851343.750000 806.165253 3.624663 3.388087 16.868930
 89040.000000 -852783.250000 802.538678 3.646132 3.237309 16.827528
 89060.000000 -852034.250000 804.489653 3.593169 2.995959 16.449239
 89080.000000 -853170.000000 803.962629 3.593199 3.212827 16.417627
 89100.000000 -856327.187500 803.759135 3.526223 3.026306 16.469297
 89120.000000 -852119.625000 804.312888 3.496577 3.320489 16.635580
 89140.000000 -854213.375000 803.996649 3.547575 3.326102 16.293657
 89160.000000 -853259.187500 806.085151 3.450227 3.214347 16.251243
 89180.000000 -853271.187500 803.722889 3.341998 3.306633 16.155533
 89200.000000 -853719.000000 805.677462 3.449184 3.466420 16.725527
 89220.000000 -854533.250000 804.820602 3.487118 3.685239 16.515060
 89240.000000 -852214.437500 807.104465 3.286972 3.654641 16.486189
 89260.000000 -855532.562500 805.072899 3.359888 3.573282 16.536171
 89280.000000 -853624.750000 804.239883 3.611872 3.561227 16.619181
 89300.000000 -854814.062500 801.984965 3.330363 3.371139 16.489827
 89320.000000 -853850.000000 802.936764 3.627975 3.644217 16.630997
 89340.000000 -853956.125000 804.556662 3.461871 3.432682 16.501528
 89360.000000 -852028.187500 805.669090 3.387575 3.449432 16.510838
 89380.000000 -853835.687500 804.379521 3.296084 3.614536 16.397237
 89400.000000 -853542.687500 803.568863 3.452203 3.543973 16.512303
 89420.000000 -852559.750000 802.931145 3.207163 3.381003 16.629148
 89440.000000 -853369.562500 803.920088 3.214952 3.477327 16.486912
 89460.000000 -853135.437500 807.236041 3.147492 3.621160 16.699012
 89480.000000 -855696.250000 802.349546 3.107835 3.493494 16.654586
 89500.000000 -852360.312500 804.243346 3.221991 3.417078 16.687322
 89520.000000 -853988.500000 806.190098 3.497630 3.617285 16.842962
 89540.000000 -852796.875000 806.465142 3.586899 3.348877 16.426490
 89560.000000 -852781.562500 805.480508 3.655024 3.066304 16.376731
 89580.000000 -853157.937500 805.411372 3.766783 3.298049 16.437270
 89600.000000 -852094.062500 802.476148 3.412751 3.246418 16.338733
 89620.000000 -854289.125000 804.758818 3.421176 3.433382 16.405892
 89640.000000 -852223.500000 804.316819 3.497339 3.404309 16.353390
 89660.000000 -855106.562500 800.404742 3.592981 3.553941 16.637190
 89680.000000 -852598.125000 802.114352 3.300594 3.424304 16.482724
 89700.000000 -853311.562500 805.172314 3.443051 3.427254 16.323836
 89720.000000 -853916.000000 805.565376 3.332073 3.209161 16.190618
 89740.000000 -850711.437500 806.784620 3.408776 3.193067 16.307298
 89760.000000 -853131.062500 806.302655 3.401573 3.076998 16.440173
 89780.000000 -852891.875000 807.362541 3.361384 2.978356 16.401793
 89800.000000 -853660.750000 804.016565 3.442298 3.316721 16.276106
 89820.000000 -853029.187500 805.583036 3.341289 3.197384 16.260248
 89840.000000 -852147.875000 807.181396 3.406215 3.438075 16.401610
 89860.000000 -854537.687500 804.511046 3.331303 3.557933 16.422457
 89880.000000 -853070.000000 806.327732 3.386266 3.417658 16.533143
 89900.000000 -850830.437500 807.410179 3.340870 3.479681 16.392739
 89920.000000 -853098.375000 804.004753 3.568449 3.435792 16.617320
 89940.000000 -854154.812500 803.651479 3.599400 3.344194 16.710035
 89960.000000 -853559.250000 807.365323 3.536722 3.102385 16.782722
 89980.000000 -852876.187500 806.226738 3.302714 3.231103 16.785233
 90000.000000 -855630.875000 805.022462 3.257015 3.392287 16.753605
 90020.000000 -854628.437500 806.758339 3.442133 3.640747 16.508637
 90040.000000 -852406.812500 805.780441 3.317887 3.443003 16.576948
 90060.000000 -853083.250000 805.738639 3.034709 3.449176 16.719542
 90080.000000 -854592.625000 802.324963 3.305731 3.527552 16.877418
 90100.000000 -854231.125000 804.550997 3.374760 3.617468 16.740443
 90120.000000 -853581.937500 806.119886 3.801755 3.511898 16.390834
 90140.000000 -851808.375000 802.013996 3.211299 3.183301 16.700169
 90160.000000 -854050.875000 801.983997 3.361182 3.166544 16.549147
 90180.000000 -854096.687500 804.859947 3.417617 3.266566 16.420134
 90200.000000 -851631.875000 807.322912 3.238280 3.448796 16.610665
 90220.000000 -854273.687500 805.522687 3.237690 3.383603 16.600894
 90240.000000 -851841.500000 807.042773 3.267427 3.262158 16.652533
 90260.000000 -854111.750000 804.925049 3.453850 3.449826 16.482760
 90280.000000 -852418.312500 807.310447 3.465655 3.254826 16.660144
 90300.000000 -853963.437500 804.140759 3.371194 3.123742 16.490426
 90320.000000 -853027.312500 804.925331 3.205238 3.252425 16.643380
 90340.000000 -852375.937500 804.964432 3.315028 3.559274 16.790428
 90360.000000 -852919.125000 804.760091 3.413319 3.492302 16.665044
 90380.000000 -851925.312500 805.589298 3.595247 3.596130 16.695799
 90400.000000 -852055.062500 801.473518 3.318603 3.521077 16.854258
 90420.000000 -853006.687500 805.155656 3.319964 3.332774 16.615303
 90440.000000 -852712.000000 802.612624 3.274462 3.378125 16.650512
 90460.000000 -854612.625000 803.307429 3.091149 3.310441 16.415404
 90480.000000 -852494.437500 805.482646 3.475250 3.430364 16.526368
 90500.000000 -851809.687500 804.811088 3.359203 3.409816 16.481146
 90520.000000 -851711.000000 804.680673 3.232911 3.379249 16.271575
 90540.000000 -851991.312500 803.825182 3.392158 3.185290 16.212561
 90560.000000 -854013.937500 805.106871 3.506377 3.225999 16.124403
 90580.000000 -853225.875000 805.100051 3.811450 3.243470 16.461762
 90600.000000 -853306.187500 804.000917 3.412238 3.285523 16.531977
 90620.000000 -852929.375000 805.862877 3.453967 3.562697 16.736282
 90640.000000 -853321.125000 803.442497 3.420354 3.554010 16.540447
 90660.000000 -854428.125000 802.484775 3.352490 3.479972 16.582243
 90680.000000 -853144.750000 804.494237 3.269175 3.192358 16.474384
 90700.000000 -851808.250000 806.439799 3.340246 3.268440 16.603337
 90720.000000 -853145.000000 804.559839 3.510946 3.353711 16.899500
 90740.000000 -854294.187500 801.794231 3.384745 3.233691 16.720513
 90760.000000 -853582.750000 806.558876 3.441281 3.241302 16.378386
 90780.000000 -852459.000000 805.592845 3.358171 3.585332 16.537360
 90800.000000 -852943.125000 804.662164 3.435813 3.597009 16.474917
 90820.000000 -851909.562500 804.945699 3.313468 3.543442 16.593235
 90840.000000 -853751.500000 805.523153 3.159152 3.254804 16.540039
 90860.000000 -853111.750000 806.301292 3.589598 3.341506 16.575447
 90880.000000 -854066.375000 803.167278 3.483714 3.403618 16.744143
 90900.000000 -854006.875000 804.652850 3.321296 3.340901 16.817549
 90920.000000 -852530.875000 803.129846 3.595615 3.654368 16.845464
 90940.000000 -851532.687500 806.037588 3.269809 3.550028 16.951261
 90960.000000 -853394.187500 805.720814 3.090908 3.222356 16.478233
 90980.000000 -852763.875000 807.472485 3.550862 3.248893 16.414462
 91000.000000 -853688.500000 804.206799 3.567612 3.145453 16.560879
 91020.000000 -855294.500000 801.485573 3.752575 3.278104 16.418306
 91040.000000 -856259.250000 802.458142 3.537807 3.203480 16.546669
 91060.000000 -852448.125000 806.053621 3.639852 3.557310 16.553756
 91080.000000 -854678.250000 804.871658 3.377936 3.319309 16.217946
 91100.000000 -852616.437500 805.015872 3.335962 3.224811 16.194136
 91120.000000 -854958.187500 802.019920 3.484931 3.389938 16.242569
 91140.000000 -854362.562500 804.072558 3.709437 3.513035 16.619799
 91160.000000 -855066.500000 803.889916 3.381167 3.364197 16.860038
 91180.000000 -852427.062500 804.237730 3.232103 3.536246 16.819255
 91200.000000 -854655.250000 802.432129 3.277163 3.566214 16.570983
 91220.000000 -852722.750000 804.675025 3.295201 3.458552 16.669917
 91240.000000 -851982.125000 807.320994 3.452404 3.298279 16.651071
 91260.000000 -851193.750000 808.266130 3.535070 3.282740 16.493956
 91280.000000 -853518.250000 804.344428 3.346048 3.321162 16.509953
 91300.000000 -853322.312500 804.757582 3.518209 3.238339 16.322494
 91320.000000 -852558.875000 805.776488 3.483834 3.237372 16.446183
 91340.000000 -852209.937500 805.527808 3.253616 3.254461 16.413611
 91360.000000 -854479.250000 802.471924 3.428465 3.248805 16.685208
 91380.000000 -854094.812500 806.800307 3.199608 3.211651 16.453804
 91400.000000 -851848.687500 803.627657 3.197584 3.477714 16.854735
 91420.000000 -853453.375000 802.393149 3.378852 3.560527 16.308887
 91440.000000 -853679.937500 805.716688 3.475231 3.580088 16.491941
 91460.000000 -853918.875000 804.044828 3.370996 3.636412 16.437969
 91480.000000 -852985.812500 805.758956 3.192558 3.837939 16.280001
 91500.000000 -852357.750000 804.153687 3.142634 3.459583 16.372873
 91520.000000 -855018.250000 804.850601 3.304806 3.164888 16.467511
 91540.000000 -852370.312500 807.133172 3.641211 3.467396 16.388341
 91560.000000 -852773.562500 805.768156 3.295311 3.486518 16.239127
 91580.000000 -852810.750000 805.299387 3.275788 3.464126 16.517276
 91600.000000 -852971.625000 806.822084 3.357730 3.463059 16.751811
 91620.000000 -853132.125000 808.096673 2.835373 3.898764 6.351819
 91640.000000 -851684.687500 810.448853 3.453242 3.544325 12.840816
 91660.000000 -851029.000000 806.873360 3.253635 3.768077 15.240155
 91680.000000 -852239.062500 804.857516 3.193474 3.637691 15.840451
 91700.000000 -854302.375000 804.589404 3.289042 3.511281 16.197373
 91720.000000 -854672.375000 803.382344 3.511909 3.409324 16.160505
 91740.000000 -852584.187500 804.536530 3.100024 3.468460 16.304522
 91760.000000 -853895.687500 805.003514 3.421787 3.386777 16.314593
 91780.000000 -855338.687500 801.978391 3.336327 3.517394 16.566933
 91800.000000 -854085.875000 803.506414 3.324001 3.417555 16.508077
 91820.000000 -854747.875000 802.432351 3.378648 3.036045 16.593789
 91840.000000 -853922.687500 802.161927 3.345158 3.313343 16.525478
 91860.000000 -853381.500000 807.116075 3.127828 3.299568 16.448168
 91880.000000 -853980.375000 804.258333 3.637973 3.144409 16.568798
 91900.000000 -854296.312500 802.932004 3.573418 3.484146 16.248120
 91920.000000 -852532.750000 805.679254 3.317972 3.365908 16.582849
 91940.000000 -852606.125000 805.276639 3.021861 3.261750 16.419740
 91960.000000 -852158.500000 803.889271 3.337556 3.280339 16.405721
 91980.000000 -853304.312500 804.558557 3.130832 3.090319 16.119511
 92000.000000 -852388.875000 803.338600 3.192498 3.272322 16.382024
 92020.000000 -851648.500000 804.809767 3.426869 3.288822 16.643693
 92040.000000 -852161.125000 808.954814 3.364050 3.784707 16.656408
 92060.000000 -855121.187500 803.383041 3.447455 3.567908 16.592516
 92080.000000 -854905.500000 802.299237 3.331655 3.463648 16.492768
 92100.000000 -854432.125000 805.054726 3.190364 3.533626 16.370644
 92120.000000 -852609.500000 802.315587 3.411593 3.365166 16.473336
 92140.000000 -855431.000000 802.042408 3.481917 3.338888 16.443111
 92160.000000 -854101.062500 805.058051 3.446561 3.462857 16.393252
 92180.000000 -852266.312500 802.534016 3.519671 3.381843 16.405183
 92200.000000 -854071.125000 801.277265 3.497255 3.472793 16.679340
 92220.000000 -853363.562500 805.172794 3.406829 3.484908 16.567545
 92240.000000 -853212.187500 802.898491 3.404169 3.235410 16.349369
 92260.000000 -854334.562500 804.029691 3.398196 3.691260 16.339428
 92280.000000 -854049.812500 804.726170 3.351506 3.345769 16.410659
 92300.000000 -854436.437500 804.975485 3.532107 3.784496 16.480600
 92320.000000 -854646.937500 804.894852 3.440128 3.618921 16.680655
 92340.000000 -853810.812500 803.371834 3.606135 3.382616 16.456668
 92360.000000 -851935.687500 804.006164 3.368412 3.385267 16.696574
 92380.000000 -854726.062500 805.909098 3.538833 3.397153 16.554388
 92400.000000 -853631.625000 806.275537 3.456299 3.375020 16.568830
 92420.000000 -853477.937500 805.354565 3.227574 3.286845 16.414601
 92440.000000 -852866.312500 805.628252 3.571538 3.474417 16.396236
 92460.000000 -852155.875000 807.644467 3.531736 3.131641 16.791300
 92480.000000 -852489.437500 804.129218 3.415331 3.332166 16.897909
 92500.000000 -854295.500000 803.343945 3.575124 3.448514 16.326317
 92520.000000 -853613.187500 804.894035 3.519254 3.569723 16.267188
 92540.000000 -852688.312500 805.349856 3.340589 3.577341 16.229827
 92560.000000 -854126.437500 801.589669 3.773928 3.172223 16.138807
 92580.000000 -853434.937500 805.341915 3.649283 3.448921 16.231505
 92600.000000 -851417.562500 806.977058 3.449619 3.376075 16.328360
 92620.000000 -853186.312500 803.948177 3.630091 3.344182 16.218529
 92640.000000 -853516.312500 806.201542 3.392918 3.375266 16.453723
 92660.000000 -851699.000000 807.038260 3.783010 3.435817 16.383428
 92680.000000 -854947.125000 804.886809 3.570266 3.337850 16.094959
 92700.000000 -855879.375000 801.704417 3.350158 3.690387 16.168128
 92720.000000 -854023.125000 803.019533 3.258396 3.505657 16.578829
 92740.000000 -851167.312500 805.016133 3.422360 2.993673 16.717416
 92760.000000 -853007.125000 802.521512 3.355055 3.531786 16.482880
 92780.000000 -854514.937500 803.675487 3.215304 3.596759 16.625228
 92800.000000 -852581.875000 803.930487 3.210686 3.645238 16.230181
 92820.000000 -853644.312500 804.003302 3.097704 3.513466 16.360770
 92840.000000 -854548.375000 805.695868 3.365239 3.244577 16.738660
 92860.000000 -853265.625000 806.204072 3.219884 3.410689 16.576960
 92880.000000 -853320.562500 803.503324 3.641167 3.590512 16.324447
 92900.000000 -854257.875000 806.282579 3.475269 3.398127 16.339714
 92920.000000 -852969.687500 804.056854 3.602451 3.524072 16.730400
 92940.000000 -853292.000000 801.173818 3.364809 3.708599 16.370424
 92960.000000 -853012.750000 805.825703 3.219958 3.694104 16.229556
 92980.000000 -853492.875000 803.106764 3.254871 3.527631 16.448708
 93000.000000 -854369.750000 802.816341 3.252607 3.563811 16.349866
 93020.000000 -853445.187500 803.900041 3.306405 3.076508 16.496990
 93040.000000 -853018.937500 805.630428 3.519180 3.301777 16.544914
 93060.000000 -853197.500000 803.363284 3.488117 3.448340 16.398142
 93080.000000 -853324.812500 805.416622 3.399113 3.509087 16.326540
 93100.000000 -853732.375000 803.094167 3.285104 3.677660 16.189043
 93120.000000 -853773.500000 804.796173 3.260014 3.620317 16.213726
 93140.000000 -853337.562500 803.030113 3.271352 3.292234 16.428579
 93160.000000 -853693.875000 802.535398 3.348962 3.299114 16.443461
 93180.000000 -853693.437500 801.209593 3.210284 3.166602 16.404651
 93200.000000 -854297.437500 803.350237 3.055776 3.409100 16.343151
 93220.000000 -853725.500000 804.714308 3.402552 3.438753 16.303738
 93240.000000 -853550.625000 804.717314 3.493814 3.567939 16.157604
 93260.000000 -854321.812500 803.422502 3.433994 3.566371 16.111606
 93280.000000 -852845.625000 801.649075 3.432810 3.664475 16.042470
 93300.000000 -852230.187500 803.646129 3.527292 3.599933 16.371000
 93320.000000 -852981.687500 804.917693 3.389091 3.354340 16.693784
 93340.000000 -853162.312500 803.929897 3.374900 3.458900 16.559975
 93360.000000 -851636.062500 804.351066 3.452058 3.301904 16.593633
 93380.000000 -853787.625000 802.469705 3.743146 3.367941 16.688825
 93400.000000 -853916.875000 805.172081 3.591108 3.436677 16.533390
 93420.000000 -853063.937500 805.269252 3.572329 3.290973 16.418553
 93440.000000 -853488.062500 802.668363 3.540626 3.398972 16.582092
 93460.000000 -853234.875000 804.256829 3.639831 3.368630 16.401784
 93480.000000 -854749.937500 801.983780 3.372727 3.363642 16.351840
 93500.000000 -855834.000000 800.479936 3.156551 3.551994 16.821647
 93520.000000 -853481.062500 802.991258 3.527795 3.452523 16.882993
 93540.000000 -852082.000000 804.311519 3.556865 3.166276 16.661130
 93560.000000 -852897.562500 805.873135 3.534648 3.317137 16.813249
 93580.000000 -853800.562500 802.866814 3.506952 3.121011 16.667479
 93600.000000 -854652.625000 804.462019 3.534060 3.615254 16.635429
 93620.000000 -852121.875000 806.022840 3.549090 3.391655 16.392687
 93640.000000 -854428.375000 803.908986 3.307683 3.261445 16.280720
 93660.000000 -854658.812500 803.043977 3.408711 3.393318 16.720600
 93680.000000 -854042.562500 802.306320 3.409894 3.433484 16.650771
 93700.000000 -854120.187500 802.924122 3.584705 3.717218 16.403893
 93720.000000 -853424.187500 803.389682 3.554351 3.503682 16.685353
 93740.000000 -852176.625000 805.307918 3.392120 3.398612 16.406447
 93760.000000 -852854.375000 806.163451 3.548140 3.445142 16.677433
 93780.000000 -852417.625000 804.531323 3.437711 3.317391 16.518980
 93800.000000 -852541.437500 804.635063 3.297562 3.279631 16.532204
 93820.000000 -851052.437500 803.890538 3.241160 3.023181 16.498855
 93840.000000 -853995.062500 801.471428 3.257220 3.253245 16.489584
 93860.000000 -853848.625000 804.008473 3.140702 3.302754 16.563611
 93880.000000 -854775.500000 803.091759 3.178241 3.351507 16.603839
 93900.000000 -854179.500000 803.875155 3.364307 3.350966 16.603915
 93920.000000 -853924.187500 803.561719 3.449263 3.320766 16.824655
 93940.000000 -852571.812500 805.306371 3.389002 3.411169 16.626441
 93960.000000 -852271.062500 803.438680 3.262755 3.535737 16.532048
 93980.000000 -854382.000000 802.391554 3.388281 3.634954 16.483481
 94000.000000 -853677.062500 805.337752 3.348897 3.755153 16.459983
 94020.000000 -851909.125000 803.864449 3.480231 3.253245 16.449540
 94040.000000 -852748.500000 805.779296 3.588707 3.111945 16.658506
 94060.000000 -854717.375000 803.970569 3.283022 3.296000 16.667128
 94080.000000 -852087.937500 803.468083 3.374966 3.438695 16.652422
 94100.000000 -855220.875000 804.980061 3.590800 3.296668 16.655955
 94120.000000 -853687.375000 805.387064 3.488652 3.544610 16.544612
 94140.000000 -854400.625000 806.155589 3.606276 3.586937 16.489775
 94160.000000 -853948.375000 802.361881 3.420566 3.310883 16.651854
 94180.000000 -854482.187500 803.140959 3.173843 3.218958 16.427154
 94200.000000 -852148.937500 804.063283 3.345522 3.466709 16.422696
 94220.000000 -852641.312500 806.028165 3.238398 3.050801 16.344861
 94240.000000 -853005.687500 805.171885 3.234544 3.307345 16.395514
 94260.000000 -854926.875000 803.973631 3.305000 3.433776 16.717364
 94280.000000 -854470.375000 805.037943 3.124518 3.584729 16.725016
 94300.000000 -854525.062500 804.775285 3.609290 3.646700 16.481383
 94320.000000 -852454.687500 806.790429 3.389847 3.365446 16.584475
 94340.000000 -850415.250000 807.727778 3.315668 3.464638 16.447116
 94360.000000 -851955.750000 803.887043 3.283536 3.535311 16.469484
 94380.000000 -854723.937500 805.744558 3.478852 3.535873 16.406486
 94400.000000 -852328.937500 803.077508 3.406989 3.654100 16.453011
 94420.000000 -853867.562500 803.933348 3.179130 3.575880 16.517202
 94440.000000 -855429.687500 803.261925 3.380464 3.329826 16.613005
 94460.000000 -853400.187500 805.273786 3.282865 3.313785 16.721225
 94480.000000 -854025.687500 806.749063 3.393612 3.335861 16.599900
 94500.000000 -853165.500000 805.390880 3.352764 3.303840 16.561885
 94520.000000 -852252.437500 806.563009 3.298756 3.436178 16.794618
 94540.000000 -853727.812500 804.487433 3.468334 3.352195 16.547457
 94560.000000 -853184.000000 806.883910 3.459969 3.367750 16.503903
 94580.000000 -852473.500000 806.457436 3.447596 3.347295 16.286573
 94600.000000 -852348.500000 806.497491 3.240707 3.328714 16.676452
 94620.000000 -853629.687500 805.200330 3.751718 3.319411 16.459869
 94640.000000 -853527.375000 803.596790 3.720260 3.391869 16.407020
 94660.000000 -853309.500000 806.694681 3.352694 3.332582 16.646763
 94680.000000 -854049.250000 805.474532 3.409355 3.415096 16.637896
 94700.000000 -853964.437500 805.613774 3.337442 3.403211 16.709073
 94720.000000 -853040.625000 804.986391 3.743501 3.599829 16.471003
 94740.000000 -852469.375000 805.218360 3.459406 3.713056 16.305789
 94760.000000 -851344.437500 806.339850 3.501973 3.538008 16.298525
 94780.000000 -851960.000000 803.253494 3.299481 3.570631 16.729307
 94800.000000 -852176.750000 802.936338 3.517876 3.310692 16.525661
 94820.000000 -853094.250000 805.869220 3.391386 3.405007 16.335599
 94840.000000 -853166.937500 806.814027 3.404927 3.607959 16.648568
 94860.000000 -853136.562500 805.745647 3.264250 3.467153 16.683921
 94880.000000 -851326.187500 804.771859 3.329545 3.517908 16.768988
 94900.000000 -853066.625000 804.021868 3.483078 3.330058 16.532381
 94920.000000 -853004.937500 805.900125 3.516479 3.461543 16.664174
 94940.000000 -853079.812500 804.843192 3.395663 3.674417 16.520333
 94960.000000 -854439.625000 804.518010 3.490495 3.509574 16.449762
 94980.000000 -853814.250000 804.024026 3.604013 3.450223 16.360019
 95000.000000 -850469.375000 806.580844 3.052078 3.190446 16.469435
 95020.000000 -854044.062500 803.038919 3.412814 3.330425 16.761328
 95040.000000 -853881.312500 805.081141 3.357552 3.555050 16.512886
 95060.000000 -852088.500000 805.630018 3.303722 3.577445 16.220576
 95080.000000 -851591.625000 804.928446 3.328551 3.338765 16.421339
 95100.000000 -852002.187500 807.158730 3.091236 3.313425 16.498159
 95120.000000 -851573.187500 804.946190 3.084331 3.413666 16.369760
 95140.000000 -853418.000000 801.893394 3.296403 3.297765 16.385162
 95160.000000 -854418.062500 806.337110 3.397951 3.390802 16.614068
 95180.000000 -854591.625000 804.610280 3.471358 3.411554 16.654362
 95200.000000 -854526.562500 804.163711 3.544067 3.487306 16.432086
 95220.000000 -853487.000000 805.075065 3.220862 3.502664 16.154431
 95240.000000 -854434.312500 804.780570 3.193628 3.489617 16.299142
 95260.000000 -854791.375000 803.446140 3.140481 3.642048 16.371687
 95280.000000 -855664.875000 804.679822 3.221692 3.485484 16.547172
 95300.000000 -850781.250000 806.542399 3.232633 3.378394 16.081621
 95320.000000 -851670.437500 807.724341 3.441317 3.421309 16.254914
 95340.000000 -852612.125000 806.223832 3.594641 3.357009 16.646715
 95360.000000 -853104.062500 805.544080 3.575254 3.376907 16.489441
 95380.000000 -854416.562500 804.564890 3.295545 3.331782 16.784902
 95400.000000 -852992.187500 804.306699 3.478900 3.286344 16.439657
 95420.000000 -853585.937500 804.534540 3.608498 3.359257 16.625783
 95440.000000 -853087.500000 803.154761 3.607394 3.541502 16.629183
 95460.000000 -853316.562500 804.002091 3.617261 3.218759 16.483845
 95480.000000 -853005.000000 804.678806 3.224823 3.563734 16.510797
 95500.000000 -853306.187500 803.110474 3.002327 3.498515 16.419490
 95520.000000 -852706.437500 806.213330 3.124016 3.775210 16.383599
 95540.000000 -855551.187500 802.808553 3.344357 3.268474 16.632252
 95560.000000 -852290.250000 806.947893 3.583469 3.262647 16.626998
 95580.000000 -851076.750000 805.462710 3.474134 3.253252 16.424126
 95600.000000 -850806.375000 806.989089 3.221435 3.005455 16.620837
 95620.000000 -854222.125000 806.822818 3.569637 3.283478 16.515194
 95640.000000 -853476.625000 805.777634 3.502513 3.494001 16.559102
 95660.000000 -852564.750000 804.500787 3.360904 3.241703 16.539160
 95680.000000 -852749.437500 804.787582 3.574738 3.137144 16.452620
 95700.000000 -852749.500000 804.338050 3.416367 3.482530 16.424974
 95720.000000 -855025.250000 806.049352 3.183727 3.506674 16.544704
 95740.000000 -852283.312500 803.516335 3.228580 3.524408 16.387723
 95760.000000 -853192.625000 805.060573 3.162077 3.269810 16.460710
 95780.000000 -855272.375000 805.150920 3.355944 3.270390 16.538600
 95800.000000 -853337.625000 803.668607 3.440768 3.125484 16.808666
 95820.000000 -854135.062500 803.611522 3.293413 3.391587 16.786164
 95840.000000 -854334.875000 802.479621 3.083705 3.404171 16.599707
 95860.000000 -853540.812500 804.447816 3.259876 3.261768 16.641411
 95880.000000 -854918.312500 802.966465 3.327835 3.313198 16.334083
 95900.000000 -852248.250000 803.202572 3.177078 3.396340 16.396642
 95920.000000 -852581.125000 804.143400 3.231538 3.587216 16.483948
 95940.000000 -854678.062500 803.910782 3.450892 3.579951 16.612482
 95960.000000 -853054.562500 803.434278 3.380861 3.384068 16.598695
 95980.000000 -851938.562500 803.634515 3.127065 3.561827 16.461577
 96000.000000 -853493.437500 806.548389 3.487529 3.304708 16.294107
 96020.000000 -852943.812500 802.894917 3.356930 3.115470 16.380967
 96040.000000 -855769.250000 801.305130 3.321665 3.532681 16.352588
 96060.000000 -853310.500000 802.485698 3.359674 3.160019 16.711298
 96080.000000 -853289.812500 805.959656 3.599417 3.231386 16.564890
 96100.000000 -853121.312500 804.681814 3.458668 3.359579 17.003349
 96120.000000 -853109.500000 804.165633 3.393642 3.335940 16.617168
 96140.000000 -853038.062500 805.382516 3.288156 3.597173 16.612873
 96160.000000 -853771.625000 804.551170 3.014306 3.466765 16.628968
 96180.000000 -854188.250000 803.934060 3.239955 3.661125 16.404575
 96200.000000 -853270.687500 804.441349 3.225808 3.867355 16.612228
 96220.000000 -854259.437500 805.604546 3.507278 3.541702 16.582510
 96240.000000 -852449.437500 805.783384 3.537980 3.478470 16.520966
 96260.000000 -853075.937500 802.775993 3.145480 3.360940 16.247096
 96280.000000 -853598.875000 803.289057 3.215601 3.237950 16.104124
 96300.000000 -854330.312500 802.535169 3.330533 3.411644 16.141014
 96320.000000 -854108.500000 803.986339 3.540506 3.187492 16.418087
 96340.000000 -854106.125000 804.871939 3.310993 3.307433 16.554667
 96360.000000 -853069.687500 805.121025 3.157540 3.386816 16.592102
 96380.000000 -851667.500000 807.420939 3.392170 3.417761 16.683035
 96400.000000 -852789.812500 806.275307 3.228252 3.233712 16.630329
 96420.000000 -851926.562500 805.213420 3.232419 3.497994 16.482226
 96440.000000 -853420.937500 804.178733 3.382077 3.624816 16.397048
 96460.000000 -852859.250000 806.240669 3.361906 3.458058 16.202201
 96480.000000 -851166.750000 809.040651 3.517660 3.487925 16.320835
 96500.000000 -853298.687500 803.165712 3.300805 3.324976 16.238657
 96520.000000 -853267.312500 804.692755 3.252088 3.344495 16.546521
 96540.000000 -854267.375000 804.010396 3.446816 3.207617 16.451656
 96560.000000 -852778.750000 804.749123 3.631715 3.263988 16.495564
 96580.000000 -853418.000000 802.970546 3.656839 3.219392 16.614032
 96600.000000 -853022.812500 807.887711 3.646727 3.346266 16.556247
 96620.000000 -854208.812500 802.155200 3.521609 3.254445 16.646501
 96640.000000 -852749.437500 803.881030 3.734753 3.438360 16.392511
 96660.000000 -853497.000000 804.331214 3.322976 3.436502 16.567749
 96680.000000 -852725.062500 804.759352 3.364555 3.413730 16.452718
 96700.000000 -853211.812500 804.136551 3.341745 3.244139 16.325428
 96720.000000 -856042.250000 803.555255 3.598169 3.565503 16.482796
 96740.000000 -852800.875000 801.617099 3.479901 3.607386 16.417645
 96760.000000 -852776.687500 805.438645 3.571499 3.337147 16.646333
 96780.000000 -853605.062500 805.863638 3.610623 3.500016 16.419823
 96800.000000 -853181.875000 805.720370 3.146235 3.099676 16.585064
 96820.000000 -852985.312500 802.953532 3.343792 3.159740 16.777513
 96840.000000 -855256.750000 803.957198 3.426910 3.119423 16.637513
 96860.000000 -853600.000000 804.397469 3.506014 3.237307 16.626101
 96880.000000 -852351.312500 804.982231 3.450621 3.331118 16.509105
 96900.000000 -851634.750000 805.225246 3.541543 3.311792 16.360050
 96920.000000 -853079.562500 807.022509 3.357945 3.429016 16.257181
 96940.000000 -852683.187500 804.729829 3.648940 3.440037 16.339901
 96960.000000 -853751.625000 804.588707 3.356727 3.633470 16.266465
 96980.000000 -851895.937500 804.686140 3.351450 3.615250 16.691367
 97000.000000 -851806.437500 802.784968 3.449289 3.475604 16.525135
 97020.000000 -854129.375000 803.125162 3.408941 3.369120 16.460772
 97040.000000 -853255.937500 805.268847 3.197339 3.478474 16.306560
 97060.000000 -853140.250000 803.568045 3.138479 3.368190 16.103153
 97080.000000 -852833.937500 804.588296 3.067784 3.651949 16.128327
 97100.000000 -853894.562500 807.068495 3.033618 3.505172 16.641101
 97120.000000 -852656.562500 804.487741 3.436053 3.451243 16.483985
 97140.000000 -853148.250000 806.085331 3.746395 3.489048 16.286645
 97160.000000 -853619.937500 805.420042 3.594410 3.439253 16.321242
 97180.000000 -853182.937500 803.752912 3.506768 3.893043 16.235265
 97200.000000 -854413.187500 805.028702 3.182168 3.687075 16.586401
 97220.000000 -855810.687500 802.009646 3.333816 3.545834 16.627342
 97240.000000 -854708.375000 804.734687 3.527477 3.563130 16.179598
 97260.000000 -853880.500000 802.911529 3.458366 3.478532 16.458781
 97280.000000 -852614.937500 802.400124 3.117535 3.814162 16.396065
 97300.000000 -853118.937500 804.476750 3.466647 3.669196 16.418576
 97320.000000 -853827.687500 803.972652 3.180934 3.653467 16.524755
 97340.000000 -853731.250000 806.835141 3.314062 3.301095 16.708422
 97360.000000 -853544.312500 806.449455 3.500549 3.279172 16.667216
 97380.000000 -855861.625000 803.472260 3.544125 3.171319 16.356019
 97400.000000 -853402.375000 803.634304 3.461279 3.349742 16.312074
 97420.000000 -852363.062500 804.447153 3.501794 3.417838 16.417538
 97440.000000 -852817.312500 805.346511 3.424106 3.340989 16.470835
 97460.000000 -853022.875000 803.314393 3.636183 3.147483 16.662341
 97480.000000 -853810.375000 804.202402 3.452442 3.228138 16.590707
 97500.000000 -852321.437500 806.252909 3.394994 3.167518 16.551725
 97520.000000 -850977.312500 806.599411 3.512825 3.320398 16.268050
 97540.000000 -853255.625000 804.653407 3.487447 3.176034 16.406039
 97560.000000 -852291.750000 804.216888 3.361428 3.366892 16.487607
 97580.000000 -855232.062500 804.663749 3.143423 3.498978 16.357635
 97600.000000 -853415.187500 806.440479 3.188854 3.458420 16.402988
 97620.000000 -852158.875000 806.887217 3.205199 3.408764 16.483966
 97640.000000 -853448.062500 806.841408 3.232832 3.023150 16.566585
 97660.000000 -852929.937500 806.400209 3.188446 3.220741 16.674819
 97680.000000 -854404.375000 802.919179 3.252938 3.433608 16.437343
 97700.000000 -852519.125000 804.562308 3.379495 3.586738 16.290404
 97720.000000 -852016.812500 804.368139 3.277906 3.425868 16.528169
 97740.000000 -853064.125000 804.012471 3.257641 3.377500 16.630435
 97760.000000 -853439.062500 807.077749 3.168980 3.304010 16.687672
 97780.000000 -853627.437500 804.498674 3.276328 3.521801 16.374183
 97800.000000 -852134.000000 805.574644 3.384380 3.546052 16.492288
 97820.000000 -854221.062500 803.380971 3.378883 3.376108 16.526892
 97840.000000 -851906.437500 805.447719 3.335736 3.389460 16.596113
 97860.000000 -854638.375000 805.111492 3.492554 3.253362 16.786174
 97880.000000 -855491.062500 802.603784 3.664136 3.123166 16.815062
 97900.000000 -852160.000000 805.155853 3.614109 3.449569 16.716267
 97920.000000 -851353.812500 804.854415 3.536769 3.811008 16.555621
 97940.000000 -854515.187500 802.049064 3.315667 3.261394 16.635912
 97960.000000 -852382.875000 805.649342 3.287284 3.241520 16.593314
 97980.000000 -852906.875000 806.190249 3.385797 3.411463 16.563659
 98000.000000 -852538.500000 804.946240 3.363062 3.529296 16.707123
 98020.000000 -853389.062500 805.890224 3.320030 3.495009 16.569489
 98040.000000 -851649.000000 804.759633 3.719718 3.489876 16.395981
 98060.000000 -854026.312500 806.449068 3.464316 3.327288 16.406168
 98080.000000 -854232.687500 803.381886 3.157210 3.549755 16.452475
 98100.000000 -855108.562500 806.323881 3.551152 3.176836 16.637633
 98120.000000 -852684.750000 808.757201 3.678385 2.950698 5.816175
 98140.000000 -853876.062500 808.331623 3.451071 2.898963 10.812857
 98160.000000 -852820.437500 806.830355 3.474979 3.296991 11.711548
 98180.000000 -851404.562500 808.205476 3.566253 3.671829 14.423429
 98200.000000 -851502.500000 807.499040 3.364109 3.322721 15.873057
 98220.000000 -852024.125000 804.038246 3.484939 3.369687 16.460923
 98240.000000 -854367.062500 804.962336 3.479141 3.203431 16.495204
 98260.000000 -854418.312500 802.295797 3.259671 3.473446 16.710683
 98280.000000 -853050.000000 805.193656 3.357293 3.329337 16.628472
 98300.000000 -852955.000000 807.089940 3.287990 3.313111 16.441112
 98320.000000 -853938.437500 805.984731 3.237686 3.213625 16.486457
 98340.000000 -853144.875000 807.582943 3.270972 3.292675 16.693947
 98360.000000 -853640.000000 803.243330 3.773464 3.520819 16.288449
 98380.000000 -853573.687500 803.690601 3.613047 3.471922 16.340921
 98400.000000 -854713.500000 801.211846 3.440485 3.268066 16.368836
 98420.000000 -854327.750000 804.278742 3.448801 3.509255 16.476102
 98440.000000 -854001.125000 803.238109 3.456587 3.382926 16.354642
 98460.000000 -852968.375000 805.238861 3.556153 3.450554 16.253027
 98480.000000 -851284.562500 806.347841 3.634315 3.310494 16.348775
 98500.000000 -853065.437500 805.943887 3.564460 3.575007 16.346432
 98520.000000 -851369.250000 806.165149 3.574622 3.456965 16.116795
 98540.000000 -854188.000000 804.255508 3.239833 3.283933 16.532608
 98560.000000 -852483.125000 804.675301 3.227878 3.534711 16.644520
 98580.000000 -852043.000000 802.964612 3.138781 3.432482 16.512195
 98600.000000 -854394.687500 807.728821 3.200806 3.180396 16.381854
 98620.000000 -852743.437500 808.726185 3.599260 3.421813 16.456200
 98640.000000 -853973.812500 805.000456 3.371154 3.259717 16.553097
 98660.000000 -854055.687500 803.219721 3.519333 3.392195 16.387978
 98680.000000 -854320.062500 804.305271 3.550299 3.097882 16.372810
 98700.000000 -852856.812500 802.990928 3.051064 3.120807 16.606390
 98720.000000 -851526.625000 804.244843 3.319243 3.111094 16.810877
 98740.000000 -853820.500000 806.265433 3.259798 3.374562 16.642342
 98760.000000 -853788.250000 803.212676 3.379402 3.566494 16.490828
 98780.000000 -853247.562500 803.490898 3.620516 3.553281 16.466489
 98800.000000 -851628.125000 801.656798 3.735134 3.645982 16.726678
 98820.000000 -852949.062500 804.926228 3.304889 3.794220 16.380463
 98840.000000 -853922.625000 807.694596 3.260137 3.953221 16.273545
 98860.000000 -851971.625000 804.788272 3.501493 3.608429 16.277979
 98880.000000 -851581.187500 803.501301 3.298053 3.550494 16.453466
 98900.000000 -854330.062500 806.061289 3.434196 3.321494 16.352165
 98920.000000 -856515.437500 800.672289 3.449344 3.342363 16.616354
 98940.000000 -853346.750000 803.836285 3.485502 3.327578 16.570912
 98960.000000 -854210.125000 803.274162 3.578001 3.492201 16.728823
 98980.000000 -853986.187500 804.675971 3.415908 3.315722 16.483487
 99000.000000 -852927.812500 805.951660 3.370799 3.630619 16.831575
 99020.000000 -854019.625000 802.887790 3.300008 3.339115 16.581896
 99040.000000 -853281.187500 803.745944 3.408969 3.268015 16.619316
 99060.000000 -852726.625000 803.451008 3.511987 3.271375 16.660913
 99080.000000 -853775.000000 805.820223 3.389399 3.413384 16.675853
 99100.000000 -853617.312500 801.836461 3.460246 3.528786 16.475017
 99120.000000 -853199.062500 800.998544 3.550550 3.506843 16.282250
 99140.000000 -854297.875000 806.383691 3.485640 3.538115 16.315049
 99160.000000 -852434.937500 803.825673 3.381324 3.469083 16.514404
 99180.000000 -852778.500000 803.326874 3.640617 3.269243 16.251243
 99200.000000 -852897.125000 801.353560 3.576838 3.133120 16.542889
 99220.000000 -854794.500000 801.384055 3.315506 3.189321 16.562400
 99240.000000 -854065.375000 803.964169 3.110813 3.372901 16.569803
 99260.000000 -852823.125000 803.723019 2.969247 3.591939 16.660132
 99280.000000 -853669.312500 804.076751 2.939108 3.613073 16.751526
 99300.000000 -850750.750000 801.458417 3.260158 3.257344 16.709073
 99320.000000 -851952.187500 800.934102 3.608559 3.355415 16.412459
 99340.000000 -853437.500000 804.534519 3.328757 3.339804 16.510562
 99360.000000 -853007.062500 805.374013 3.533305 3.355044 16.530053
 99380.000000 -852730.562500 802.821899 3.318738 3.231551 16.227538
 99400.000000 -854223.062500 802.201086 3.517776 3.435234 16.748433
 99420.000000 -852144.937500 803.016646 3.579679 3.806216 16.489809
 99440.000000 -854776.500000 803.111434 3.366478 3.371567 16.715354
 99460.000000 -852991.062500 804.423981 3.243610 3.359971 16.662296
 99480.000000 -853872.937500 805.119097 3.289070 3.277826 16.664160
 99500.000000 -854512.562500 803.421318 3.343642 3.299530 16.454655
 99520.000000 -853683.000000 803.198919 3.360052 3.505422 16.499805
 99540.000000 -855063.562500 800.638055 3.428434 3.579637 16.605969
 99560.000000 -852256.437500 805.578408 3.389534 3.457490 16.498008
 99580.000000 -853727.937500 805.697305 3.827741 3.489803 16.541294
 99600.000000 -854072.437500 803.601781 3.597620 3.452290 16.612953
 99620.000000 -852922.625000 802.236797 3.313167 3.560251 16.462853
 99640.000000 -853207.250000 802.909737 3.306828 3.276330 16.820983
 99660.000000 -854938.562500 801.287781 3.645889 3.280454 16.920347
 99680.000000 -854680.812500 803.193432 3.536487 3.293550 16.651239
 99700.000000 -852351.687500 804.498514 3.319606 3.438364 16.656022
 99720.000000 -851985.000000 803.032177 3.361077 3.602612 16.412003
 99740.000000 -852610.812500 803.278387 3.502771 3.439447 16.643351
 99760.000000 -851739.875000 805.499883 3.294787 3.479148 16.275660
 99780.000000 -851341.187500 805.159460 3.250871 3.410735 16.165643
 99800.000000 -853805.312500 804.456401 3.256274 3.429406 16.346925
 99820.000000 -853601.687500 803.483471 3.566256 3.520857 16.377667
 99840.000000 -854282.812500 803.258462 3.516957 3.303812 16.419506
 99860.000000 -852513.562500 803.967821 3.252652 3.240623 16.541609
 99880.000000 -851344.375000 807.570064 3.366280 3.163878 16.744832
 99900.000000 -853633.687500 806.207701 3.444465 3.208701 16.463079
 99920.000000 -853081.375000 806.219701 3.314596 3.416993 16.428605
 99940.000000 -852319.750000 806.845242 3.257243 3.313497 16.648136
 99960.000000 -852792.312500 804.960175 3.013084 3.212098 16.454427
 99980.000000 -854776.625000 805.288408 3.337347 3.280398 16.453942
 100000.000000 -853119.187500 803.962794 3.653691 3.583825 16.540747
