                      :-) GROMACS - gmx mdrun, 2024.1 (-:

Copyright 1991-2024 The GROMACS Authors.
GROMACS is free software; you can redistribute it and/or modify it
under the terms of the GNU Lesser General Public License
as published by the Free Software Foundation; either version 2.1
of the License, or (at your option) any later version.

                         Current GROMACS contributors:
       Mark Abraham           Andrey Alekseenko           Vladimir Basov      
      Cathrine Bergh            Eliane Briand               Ania Brown        
      Mahesh Doijade            Giacomo Fiorin          Stefan Fleischmann    
      Sergey Gorelov         Gilles Gouaillardet            Alan Gray         
     M. Eric Irrgang         Farzaneh Jalalypour            Joe Jordan        
     Carsten Kutzner           Justin A. Lemkul          Magnus Lundborg      
       Pascal Merz              Vedran Miletic            Dmitry Morozov      
       Julien Nabet              Szilard Pall        Andrea Pasquadibisceglie 
    Michele Pellegrino          Hubert Santuz             Roland Schulz       
     Tatiana Shugaeva          Alexey Shvetsov            Philip Turner       
     Alessandra Villa      Sebastian Wingbermuehle  

                         Previous GROMACS contributors:
        Emile Apol             Rossen Apostolov           James Barnett       
        Paul Bauer          Herman J.C. Berendsen          Par Bjelkmar       
      Christian Blau          Viacheslav Bolnykh            Kevin Boyd        
    Aldert van Buuren          Carlo Camilloni           Rudi van Drunen      
      Anton Feenstra           Oliver Fleetwood            Vytas Gapsys       
       Gaurav Garg             Gerrit Groenhof            Bert de Groot       
      Anca Hamuraru           Vincent Hindriksen          Victor Holanda      
     Aleksei Iupinov          Christoph Junghans        Prashanth Kanduri     
   Dimitrios Karkoulis           Peter Kasson             Sebastian Kehl      
     Sebastian Keller             Jiri Kraus               Per Larsson        
      Viveca Lindahl            Erik Marklund           Pieter Meulenhoff     
      Teemu Murtola              Sander Pronk             Michael Shirts      
      Alfons Sijbers            Balint Soproni         David van der Spoel    
      Peter Tieleman            Carsten Uphoff             Jon Vincent        
     Teemu Virolainen         Christian Wennberg           Maarten Wolf       
      Artem Zhmurov       

                  Coordinated by the GROMACS project leaders:
                           Berk Hess and Erik Lindahl

GROMACS:      gmx mdrun, version 2024.1
Executable:   /sulis/easybuild/software/GROMACS/2024.1-foss-2022a-CUDA-11.7.0/bin/gmx
Data prefix:  /sulis/easybuild/software/GROMACS/2024.1-foss-2022a-CUDA-11.7.0
Working dir:  /gpfs/home/m/matgms/BBBP-MD/charmm-gui-2066971497/gromacs-em-ewald
Process ID:   3107921
Command line:
  gmx mdrun -v -deffnm step6.1_equilibration

GROMACS version:     2024.1
Precision:           mixed
Memory model:        64 bit
MPI library:         thread_mpi
OpenMP support:      enabled (GMX_OPENMP_MAX_THREADS = 128)
GPU support:         CUDA
NBNxM GPU setup:     super-cluster 2x2x2 / cluster 8
SIMD instructions:   AVX2_256
CPU FFT library:     fftw-3.3.10-sse2-avx-avx2-avx2_128
GPU FFT library:     cuFFT
Multi-GPU FFT:       none
RDTSCP usage:        enabled
TNG support:         enabled
Hwloc support:       disabled
Tracing support:     disabled
C compiler:          /sulis/easybuild/software/OpenMPI/4.1.4-GCC-11.3.0/bin/mpicc GNU 11.3.0
C compiler flags:    -fexcess-precision=fast -funroll-all-loops -mavx2 -mfma -Wno-missing-field-initializers -O3 -DNDEBUG
C++ compiler:        /sulis/easybuild/software/OpenMPI/4.1.4-GCC-11.3.0/bin/mpicxx GNU 11.3.0
C++ compiler flags:  -fexcess-precision=fast -funroll-all-loops -mavx2 -mfma -Wno-missing-field-initializers -Wno-cast-function-type-strict -fopenmp -O3 -DNDEBUG
BLAS library:        External - user-supplied
LAPACK library:      External - user-supplied
CUDA compiler:       /sulis/easybuild/software/CUDA/11.7.0/bin/nvcc nvcc: NVIDIA (R) Cuda compiler driver;Copyright (c) 2005-2022 NVIDIA Corporation;Built on Tue_May__3_18:49:52_PDT_2022;Cuda compilation tools, release 11.7, V11.7.64;Build cuda_11.7.r11.7/compiler.31294372_0
CUDA compiler flags:-std=c++17;--generate-code=arch=compute_80,code=sm_80;-use_fast_math;-Xptxas;-warn-double-usage;-Xptxas;-Werror;-D_FORCE_INLINES;-Xcompiler;-fopenmp;-fexcess-precision=fast -funroll-all-loops -mavx2 -mfma -Wno-missing-field-initializers -Wno-cast-function-type-strict -fopenmp -O3 -DNDEBUG
CUDA driver:         12.20
CUDA runtime:        11.70


Running on 1 node with total 42 cores, 42 processing units, 1 compatible GPU
Hardware detected on host gpu009.sulis.hpc:
  CPU info:
    Vendor: AMD
    Brand:  AMD EPYC 7742 64-Core Processor                
    Family: 23   Model: 49   Stepping: 0
    Features: aes amd apic avx avx2 clfsh cmov cx8 cx16 f16c fma htt lahf misalignsse mmx msr nonstop_tsc pclmuldq pdpe1gb popcnt pse rdrnd rdtscp sha sse2 sse3 sse4a sse4.1 sse4.2 ssse3 x2apic
  Hardware topology: Basic
    Packages, cores, and logical processors:
    [indices refer to OS logical processors]
      Package  0: [  42] [  43] [  44] [  45] [  46] [  47] [  48] [  49] [  50] [  51] [  52] [  53] [  54] [  55] [  56] [  57] [  58] [  59] [  60] [  61] [  62] [  63]
      Package  1: [ 106] [ 107] [ 108] [ 109] [ 110] [ 111] [ 112] [ 113] [ 114] [ 115] [ 116] [ 117] [ 118] [ 119] [ 120] [ 121] [ 122] [ 123] [ 124] [ 125]
    CPU limit set by OS: -1   Recommended max number of threads: 42
  GPU info:
    Number of GPUs detected: 1
    #0: NVIDIA NVIDIA A100-PCIE-40GB, compute cap.: 8.0, ECC: yes, stat: compatible


++++ PLEASE READ AND CITE THE FOLLOWING REFERENCE ++++
M. J. Abraham, T. Murtola, R. Schulz, S. Páll, J. C. Smith, B. Hess, E.
Lindahl
GROMACS: High performance molecular simulations through multi-level
parallelism from laptops to supercomputers
SoftwareX 1 (2015) pp. 19-25
-------- -------- --- Thank You --- -------- --------


++++ PLEASE READ AND CITE THE FOLLOWING REFERENCE ++++
S. Páll, M. J. Abraham, C. Kutzner, B. Hess, E. Lindahl
Tackling Exascale Software Challenges in Molecular Dynamics Simulations with
GROMACS
In S. Markidis & E. Laure (Eds.), Solving Software Challenges for Exascale 8759 (2015) pp. 3-27
-------- -------- --- Thank You --- -------- --------


++++ PLEASE READ AND CITE THE FOLLOWING REFERENCE ++++
S. Pronk, S. Páll, R. Schulz, P. Larsson, P. Bjelkmar, R. Apostolov, M. R.
Shirts, J. C. Smith, P. M. Kasson, D. van der Spoel, B. Hess, and E. Lindahl
GROMACS 4.5: a high-throughput and highly parallel open source molecular
simulation toolkit
Bioinformatics 29 (2013) pp. 845-54
-------- -------- --- Thank You --- -------- --------


++++ PLEASE READ AND CITE THE FOLLOWING REFERENCE ++++
B. Hess and C. Kutzner and D. van der Spoel and E. Lindahl
GROMACS 4: Algorithms for highly efficient, load-balanced, and scalable
molecular simulation
J. Chem. Theory Comput. 4 (2008) pp. 435-447
-------- -------- --- Thank You --- -------- --------


++++ PLEASE READ AND CITE THE FOLLOWING REFERENCE ++++
D. van der Spoel, E. Lindahl, B. Hess, G. Groenhof, A. E. Mark and H. J. C.
Berendsen
GROMACS: Fast, Flexible and Free
J. Comp. Chem. 26 (2005) pp. 1701-1719
-------- -------- --- Thank You --- -------- --------


++++ PLEASE READ AND CITE THE FOLLOWING REFERENCE ++++
E. Lindahl and B. Hess and D. van der Spoel
GROMACS 3.0: A package for molecular simulation and trajectory analysis
J. Mol. Mod. 7 (2001) pp. 306-317
-------- -------- --- Thank You --- -------- --------


++++ PLEASE READ AND CITE THE FOLLOWING REFERENCE ++++
H. J. C. Berendsen, D. van der Spoel and R. van Drunen
GROMACS: A message-passing parallel molecular dynamics implementation
Comp. Phys. Comm. 91 (1995) pp. 43-56
-------- -------- --- Thank You --- -------- --------


++++ PLEASE CITE THE DOI FOR THIS VERSION OF GROMACS ++++
https://doi.org/10.5281/zenodo.10721181
-------- -------- --- Thank You --- -------- --------

Input Parameters:
   integrator                     = md
   tinit                          = 0
   dt                             = 0.002
   nsteps                         = 2500000
   init-step                      = 0
   simulation-part                = 1
   mts                            = false
   mass-repartition-factor        = 1
   comm-mode                      = Linear
   nstcomm                        = 100
   bd-fric                        = 0
   ld-seed                        = -1631879169
   emtol                          = 10
   emstep                         = 0.01
   niter                          = 20
   fcstep                         = 0
   nstcgsteep                     = 1000
   nbfgscorr                      = 10
   rtpi                           = 0.05
   nstxout                        = 0
   nstvout                        = 2000
   nstfout                        = 2000
   nstlog                         = 2000
   nstcalcenergy                  = 100
   nstenergy                      = 2000
   nstxout-compressed             = 2000
   compressed-x-precision         = 1000
   cutoff-scheme                  = Verlet
   nstlist                        = 200
   pbc                            = xy
   periodic-molecules             = false
   verlet-buffer-tolerance        = 0.005
   verlet-buffer-pressure-tolerance = 0.5
   rlist                          = 1.662
   coulombtype                    = PME
   coulomb-modifier               = Potential-shift
   rcoulomb-switch                = 0
   rcoulomb                       = 1.2
   epsilon-r                      = 1
   epsilon-rf                     = inf
   vdw-type                       = Cut-off
   vdw-modifier                   = Force-switch
   rvdw-switch                    = 1
   rvdw                           = 1.2
   DispCorr                       = No
   table-extension                = 1
   fourierspacing                 = 0.12
   fourier-nx                     = 72
   fourier-ny                     = 72
   fourier-nz                     = 768
   pme-order                      = 4
   ewald-rtol                     = 1e-05
   ewald-rtol-lj                  = 0.001
   lj-pme-comb-rule               = Geometric
   ewald-geometry                 = 3dc
   epsilon-surface                = 0
   ensemble-temperature-setting   = constant
   ensemble-temperature           = 300
   tcoupl                         = V-rescale
   nsttcouple                     = 100
   nh-chain-length                = 0
   print-nose-hoover-chain-variables = false
   pcoupl                         = No
   refcoord-scaling               = No
   posres-com (3):
      posres-com[0]= 0.00000e+00
      posres-com[1]= 0.00000e+00
      posres-com[2]= 0.00000e+00
   posres-comB (3):
      posres-comB[0]= 0.00000e+00
      posres-comB[1]= 0.00000e+00
      posres-comB[2]= 0.00000e+00
   QMMM                           = false
qm-opts:
   ngQM                           = 0
   constraint-algorithm           = Lincs
   continuation                   = false
   Shake-SOR                      = false
   shake-tol                      = 0.0001
   lincs-order                    = 4
   lincs-iter                     = 1
   lincs-warnangle                = 30
   nwall                          = 2
   wall-type                      = 12-6
   wall-r-linpot                  = -1
   wall-atomtype[0]               = 19
   wall-atomtype[1]               = 19
   wall-density[0]                = 0
   wall-density[1]                = 0
   wall-ewald-zfac                = 3
   pull                           = false
   awh                            = false
   rotation                       = false
   interactiveMD                  = false
   disre                          = No
   disre-weighting                = Conservative
   disre-mixed                    = false
   dr-fc                          = 1000
   dr-tau                         = 0
   nstdisreout                    = 100
   orire-fc                       = 0
   orire-tau                      = 0
   nstorireout                    = 100
   free-energy                    = no
   cos-acceleration               = 0
   deform (3x3):
      deform[    0]={ 0.00000e+00,  0.00000e+00,  0.00000e+00}
      deform[    1]={ 0.00000e+00,  0.00000e+00,  0.00000e+00}
      deform[    2]={ 0.00000e+00,  0.00000e+00,  0.00000e+00}
   simulated-tempering            = false
   swapcoords                     = no
   userint1                       = 0
   userint2                       = 0
   userint3                       = 0
   userint4                       = 0
   userreal1                      = 0
   userreal2                      = 0
   userreal3                      = 0
   userreal4                      = 0
   applied-forces:
     electric-field:
       x:
         E0                       = 0
         omega                    = 0
         t0                       = 0
         sigma                    = 0
       y:
         E0                       = 0
         omega                    = 0
         t0                       = 0
         sigma                    = 0
       z:
         E0                       = 0
         omega                    = 0
         t0                       = 0
         sigma                    = 0
     density-guided-simulation:
       active                     = false
       group                      = protein
       similarity-measure         = inner-product
       atom-spreading-weight      = unity
       force-constant             = 1e+09
       gaussian-transform-spreading-width = 0.2
       gaussian-transform-spreading-range-in-multiples-of-width = 4
       reference-density-filename = reference.mrc
       nst                        = 1
       normalize-densities        = true
       adaptive-force-scaling     = false
       adaptive-force-scaling-time-constant = 4
       shift-vector               = 
       transformation-matrix      = 
     qmmm-cp2k:
       active                     = false
       qmgroup                    = System
       qmmethod                   = PBE
       qmfilenames                = 
       qmcharge                   = 0
       qmmultiplicity             = 1
     colvars:
       active                     = false
       configfile                 = 
       seed                       = -1
grpopts:
   nrdf:      120694
   ref-t:         300
   tau-t:           1
annealing:          No
annealing-npoints:           0
   acc:	           0           0           0
   nfreeze:           N           N           N
   energygrp-flags[  0]: 0 0 0
   energygrp-flags[  1]: 0 0 0
   energygrp-flags[  2]: 0 0 0


Changing rlist from 1.662 to 1.654 for non-bonded 8x4 atom kernels

When checking whether update groups are usable:
  Domain decomposition is not active, so there is no need for update groups
1 GPU selected for this run.
Mapping of GPU IDs to the 2 GPU tasks in the 1 rank on this node:
  PP:0,PME:0
PP tasks will do (non-perturbed) short-ranged interactions on the GPU
PP task will update and constrain coordinates on the GPU
PME tasks will do all aspects on the GPU
Using 1 MPI thread

Non-default thread affinity set, disabling internal thread affinity

Using 42 OpenMP threads 

System total charge: 0.000
Will do PME sum in reciprocal space for electrostatic interactions.

++++ PLEASE READ AND CITE THE FOLLOWING REFERENCE ++++
U. Essmann, L. Perera, M. L. Berkowitz, T. Darden, H. Lee and L. G. Pedersen 
A smooth particle mesh Ewald method
J. Chem. Phys. 103 (1995) pp. 8577-8592
-------- -------- --- Thank You --- -------- --------

Using the Ewald3DC correction for systems with a slab geometry.

++++ PLEASE READ AND CITE THE FOLLOWING REFERENCE ++++
Y. In-Chul and M. L. Berkowitz
Ewald summation for systems with slab geometry
J. Chem. Phys. 111 (1999) pp. 3155-3162
-------- -------- --- Thank You --- -------- --------

Using a Gaussian width (1/beta) of 0.384195 nm for Ewald
Potential shift: LJ r^-12: -2.648e-01 r^-6: -5.349e-01, Ewald -8.333e-06
Initialized non-bonded Coulomb Ewald tables, spacing: 1.02e-03 size: 1176

Generated table with 1327 data points for 1-4 COUL.
Tabscale = 500 points/nm
Generated table with 1327 data points for 1-4 LJ6.
Tabscale = 500 points/nm
Generated table with 1327 data points for 1-4 LJ12.
Tabscale = 500 points/nm


Using GPU 8x8 nonbonded short-range kernels

Using a dual 8x8 pair-list setup updated with dynamic, rolling pruning:
  outer list: updated every 200 steps, buffer 0.454 nm, rlist 1.654 nm
  inner list: updated every   6 steps, buffer 0.010 nm, rlist 1.210 nm
At tolerance 0.005 kJ/mol/ps per atom, equivalent classical 1x1 list would be:
  outer list: updated every 200 steps, buffer 0.638 nm, rlist 1.838 nm
  inner list: updated every   6 steps, buffer 0.016 nm, rlist 1.216 nm

The average pressure is off by at most 0.50 bar due to missing LJ interactions
Removing pbc first time

Initializing LINear Constraint Solver

++++ PLEASE READ AND CITE THE FOLLOWING REFERENCE ++++
B. Hess and H. Bekker and H. J. C. Berendsen and J. G. E. M. Fraaije
LINCS: A Linear Constraint Solver for molecular simulations
J. Comp. Chem. 18 (1997) pp. 1463-1472
-------- -------- --- Thank You --- -------- --------

The number of constraints is 15280

++++ PLEASE READ AND CITE THE FOLLOWING REFERENCE ++++
S. Miyamoto and P. A. Kollman
SETTLE: An Analytical Version of the SHAKE and RATTLE Algorithms for Rigid
Water Models
J. Comp. Chem. 13 (1992) pp. 952-962
-------- -------- --- Thank You --- -------- --------


++++ PLEASE READ AND CITE THE FOLLOWING REFERENCE ++++
G. Bussi, D. Donadio and M. Parrinello
Canonical sampling through velocity rescaling
J. Chem. Phys. 126 (2007) pp. 014101
-------- -------- --- Thank You --- -------- --------

There are: 55513 Atoms

Updating coordinates and applying constraints on the GPU.

Constraining the starting coordinates (step 0)

Constraining the coordinates at t0-dt (step 0)
Center of mass motion removal mode is Linear
We have the following groups for center of mass motion removal:
  0:  MEMB
  1:  SOLV
RMS relative constraint deviation after constraining: 4.19e-06
Initial temperature: 303.872 K

Started mdrun on rank 0 Sat Jul 27 03:37:51 2024

           Step           Time
              0        0.00000

   Energies (kJ/mol)
           Bond            U-B    Proper Dih.  Improper Dih.          LJ-14
    2.20265e+03    2.33715e+04    4.25967e+04    1.79371e+02    7.36895e+03
     Coulomb-14        LJ (SR)   Coulomb (SR)   Coul. recip. Position Rest.
    7.41869e+03    3.04211e+04   -6.06012e+05    7.99650e+03    9.37234e-07
     Dih. Rest.      Potential    Kinetic En.   Total Energy  Conserved En.
    1.95880e+02   -4.84260e+05    1.52596e+05   -3.31664e+05   -3.31664e+05
    Temperature Pressure (bar)   Constr. rmsd
    3.04126e+02    7.88551e+02    4.19370e-06

step 1200: timed with pme grid 72 72 768, coulomb cutoff 1.200: 28179.8 M-cycles
step 1600: timed with pme grid 60 60 672, coulomb cutoff 1.339: 500.7 M-cycles
step 2000: timed with pme grid 52 52 640, coulomb cutoff 1.477: 31493.4 M-cycles
           Step           Time
           2000        4.00000

   Energies (kJ/mol)
           Bond            U-B    Proper Dih.  Improper Dih.          LJ-14
    1.02350e+04    5.70644e+04    4.47199e+04    4.22512e+02    7.80935e+03
     Coulomb-14        LJ (SR)   Coulomb (SR)   Coul. recip. Position Rest.
    3.17099e+03    1.28814e+04   -5.63326e+05    1.88308e+03    5.68521e+02
     Dih. Rest.      Potential    Kinetic En.   Total Energy  Conserved En.
    3.71118e+02   -4.24200e+05    1.47344e+05   -2.76856e+05   -3.28018e+05
    Temperature Pressure (bar)   Constr. rmsd
    2.93659e+02    7.47168e+01    4.19370e-06

step 2400: timed with pme grid 56 56 640, coulomb cutoff 1.406: 27533.4 M-cycles
step 2800: timed with pme grid 56 56 648, coulomb cutoff 1.389: 27300.9 M-cycles
step 3200: timed with pme grid 56 56 672, coulomb cutoff 1.372: 27853.8 M-cycles
step 3600: timed with pme grid 60 60 672, coulomb cutoff 1.339: 490.4 M-cycles
step 4000: timed with pme grid 60 60 768, coulomb cutoff 1.280: 27401.4 M-cycles
           Step           Time
           4000        8.00000

   Energies (kJ/mol)
           Bond            U-B    Proper Dih.  Improper Dih.          LJ-14
    1.08256e+04    5.97859e+04    4.30751e+04    4.66563e+02    7.52567e+03
     Coulomb-14        LJ (SR)   Coulomb (SR)   Coul. recip. Position Rest.
    3.28359e+03    9.07090e+03   -5.59686e+05    3.13512e+03    4.13124e+02
     Dih. Rest.      Potential    Kinetic En.   Total Energy  Conserved En.
    3.98642e+02   -4.21706e+05    1.49923e+05   -2.71782e+05   -3.27745e+05
    Temperature Pressure (bar)   Constr. rmsd
    2.98799e+02   -4.28142e+01    4.19370e-06

step 4400: timed with pme grid 64 64 768, coulomb cutoff 1.200: 494.4 M-cycles
step 4800: timed with pme grid 60 60 672, coulomb cutoff 1.339: 27258.5 M-cycles
step 5200: timed with pme grid 64 64 768, coulomb cutoff 1.200: 27291.2 M-cycles
              optimal pme grid 60 60 672, coulomb cutoff 1.339
           Step           Time
           6000       12.00000

   Energies (kJ/mol)
           Bond            U-B    Proper Dih.  Improper Dih.          LJ-14
    1.12595e+04    6.01526e+04    4.24046e+04    3.26366e+02    7.61650e+03
     Coulomb-14        LJ (SR)   Coulomb (SR)   Coul. recip. Position Rest.
    2.40617e+03    8.56815e+03   -5.57985e+05    2.14264e+03    3.79232e+02
     Dih. Rest.      Potential    Kinetic En.   Total Energy  Conserved En.
    4.48775e+02   -4.22280e+05    1.51235e+05   -2.71045e+05   -3.27538e+05
    Temperature Pressure (bar)   Constr. rmsd
    3.01413e+02    1.22011e+01    4.19370e-06

           Step           Time
           8000       16.00000

   Energies (kJ/mol)
           Bond            U-B    Proper Dih.  Improper Dih.          LJ-14
    1.14787e+04    6.09452e+04    4.24211e+04    3.51256e+02    7.46484e+03
     Coulomb-14        LJ (SR)   Coulomb (SR)   Coul. recip. Position Rest.
    1.78760e+03    7.16607e+03   -5.58854e+05    2.13142e+03    3.94601e+02
     Dih. Rest.      Potential    Kinetic En.   Total Energy  Conserved En.
    3.77914e+02   -4.24335e+05    1.51260e+05   -2.73075e+05   -3.27374e+05
    Temperature Pressure (bar)   Constr. rmsd
    3.01464e+02   -1.58075e+01    4.19370e-06

           Step           Time
          10000       20.00000

   Energies (kJ/mol)
           Bond            U-B    Proper Dih.  Improper Dih.          LJ-14
    1.14663e+04    6.07156e+04    4.23799e+04    3.64889e+02    7.59991e+03
     Coulomb-14        LJ (SR)   Coulomb (SR)   Coul. recip. Position Rest.
    1.70858e+03    8.00373e+03   -5.59482e+05    2.20910e+03    3.85566e+02
     Dih. Rest.      Potential    Kinetic En.   Total Energy  Conserved En.
    4.33023e+02   -4.24215e+05    1.49990e+05   -2.74225e+05   -3.27234e+05
    Temperature Pressure (bar)   Constr. rmsd
    2.98933e+02   -1.45395e+01    4.19370e-06

           Step           Time
          12000       24.00000

   Energies (kJ/mol)
           Bond            U-B    Proper Dih.  Improper Dih.          LJ-14
    1.13373e+04    6.14788e+04    4.20645e+04    3.65055e+02    7.43792e+03
     Coulomb-14        LJ (SR)   Coulomb (SR)   Coul. recip. Position Rest.
    1.39841e+03    7.09504e+03   -5.59341e+05    2.10837e+03    3.86156e+02
     Dih. Rest.      Potential    Kinetic En.   Total Energy  Conserved En.
    3.99978e+02   -4.25270e+05    1.50079e+05   -2.75190e+05   -3.27087e+05
    Temperature Pressure (bar)   Constr. rmsd
    2.99110e+02   -6.02334e+01    4.19370e-06

           Step           Time
          14000       28.00000

   Energies (kJ/mol)
           Bond            U-B    Proper Dih.  Improper Dih.          LJ-14
    1.16019e+04    6.16278e+04    4.19067e+04    3.93310e+02    7.46831e+03
     Coulomb-14        LJ (SR)   Coulomb (SR)   Coul. recip. Position Rest.
    1.46416e+03    8.07238e+03   -5.60746e+05    2.13201e+03    3.87694e+02
     Dih. Rest.      Potential    Kinetic En.   Total Energy  Conserved En.
    3.70529e+02   -4.25321e+05    1.50828e+05   -2.74494e+05   -3.26966e+05
    Temperature Pressure (bar)   Constr. rmsd
    3.00601e+02   -5.29168e+01    4.19370e-06

           Step           Time
          16000       32.00000

   Energies (kJ/mol)
           Bond            U-B    Proper Dih.  Improper Dih.          LJ-14
    1.17007e+04    6.07559e+04    4.21269e+04    3.51485e+02    7.47585e+03
     Coulomb-14        LJ (SR)   Coulomb (SR)   Coul. recip. Position Rest.
    1.75370e+03    7.85339e+03   -5.61408e+05    2.07713e+03    3.53309e+02
     Dih. Rest.      Potential    Kinetic En.   Total Energy  Conserved En.
    4.62167e+02   -4.26497e+05    1.52091e+05   -2.74406e+05   -3.26902e+05
    Temperature Pressure (bar)   Constr. rmsd
    3.03118e+02   -2.02304e+01    4.19370e-06

           Step           Time
          18000       36.00000

   Energies (kJ/mol)
           Bond            U-B    Proper Dih.  Improper Dih.          LJ-14
    1.14582e+04    6.16154e+04    4.18879e+04    3.56096e+02    7.40342e+03
     Coulomb-14        LJ (SR)   Coulomb (SR)   Coul. recip. Position Rest.
    7.91312e+02    8.10397e+03   -5.60959e+05    2.09933e+03    3.74074e+02
     Dih. Rest.      Potential    Kinetic En.   Total Energy  Conserved En.
    4.36224e+02   -4.26433e+05    1.50485e+05   -2.75948e+05   -3.26736e+05
    Temperature Pressure (bar)   Constr. rmsd
    2.99919e+02   -6.24502e+01    4.19370e-06

           Step           Time
          20000       40.00000

   Energies (kJ/mol)
           Bond            U-B    Proper Dih.  Improper Dih.          LJ-14
    1.15413e+04    6.13125e+04    4.18825e+04    4.25839e+02    7.43451e+03
     Coulomb-14        LJ (SR)   Coulomb (SR)   Coul. recip. Position Rest.
    9.69606e+02    7.83796e+03   -5.61038e+05    2.01927e+03    4.37710e+02
     Dih. Rest.      Potential    Kinetic En.   Total Energy  Conserved En.
    4.62939e+02   -4.26714e+05    1.49561e+05   -2.77153e+05   -3.26566e+05
    Temperature Pressure (bar)   Constr. rmsd
    2.98077e+02   -3.68690e+01    4.19370e-06

           Step           Time
          22000       44.00000

   Energies (kJ/mol)
           Bond            U-B    Proper Dih.  Improper Dih.          LJ-14
    1.16629e+04    6.14480e+04    4.17320e+04    4.31646e+02    7.36476e+03
     Coulomb-14        LJ (SR)   Coulomb (SR)   Coul. recip. Position Rest.
    1.43973e+03    7.29766e+03   -5.60632e+05    2.16331e+03    4.32438e+02
     Dih. Rest.      Potential    Kinetic En.   Total Energy  Conserved En.
    4.39824e+02   -4.26220e+05    1.49837e+05   -2.76383e+05   -3.26444e+05
    Temperature Pressure (bar)   Constr. rmsd
    2.98626e+02   -9.78891e+01    4.19370e-06

           Step           Time
          24000       48.00000

   Energies (kJ/mol)
           Bond            U-B    Proper Dih.  Improper Dih.          LJ-14
    1.14038e+04    6.13079e+04    4.16920e+04    3.96827e+02    7.60207e+03
     Coulomb-14        LJ (SR)   Coulomb (SR)   Coul. recip. Position Rest.
    1.26727e+03    7.24550e+03   -5.60748e+05    2.11265e+03    4.00417e+02
     Dih. Rest.      Potential    Kinetic En.   Total Energy  Conserved En.
    3.81651e+02   -4.26938e+05    1.50852e+05   -2.76086e+05   -3.26386e+05
    Temperature Pressure (bar)   Constr. rmsd
    3.00650e+02   -1.73214e+01    4.19370e-06

           Step           Time
          26000       52.00000

   Energies (kJ/mol)
           Bond            U-B    Proper Dih.  Improper Dih.          LJ-14
    1.16116e+04    6.09776e+04    4.16602e+04    3.77997e+02    7.39873e+03
     Coulomb-14        LJ (SR)   Coulomb (SR)   Coul. recip. Position Rest.
    9.55799e+02    7.54015e+03   -5.61335e+05    2.07545e+03    4.29996e+02
     Dih. Rest.      Potential    Kinetic En.   Total Energy  Conserved En.
    3.74461e+02   -4.27933e+05    1.50629e+05   -2.77304e+05   -3.26277e+05
    Temperature Pressure (bar)   Constr. rmsd
    3.00206e+02   -4.67088e+01    4.19370e-06

           Step           Time
          28000       56.00000

   Energies (kJ/mol)
           Bond            U-B    Proper Dih.  Improper Dih.          LJ-14
    1.16257e+04    6.11706e+04    4.14717e+04    4.86747e+02    7.54392e+03
     Coulomb-14        LJ (SR)   Coulomb (SR)   Coul. recip. Position Rest.
    6.05440e+02    7.71386e+03   -5.61701e+05    2.09347e+03    4.24345e+02
     Dih. Rest.      Potential    Kinetic En.   Total Energy  Conserved En.
    4.43797e+02   -4.28121e+05    1.49986e+05   -2.78135e+05   -3.26128e+05
    Temperature Pressure (bar)   Constr. rmsd
    2.98923e+02   -2.35926e+01    4.19370e-06

           Step           Time
          30000       60.00000

   Energies (kJ/mol)
           Bond            U-B    Proper Dih.  Improper Dih.          LJ-14
    1.16069e+04    6.13903e+04    4.13296e+04    4.33484e+02    7.47480e+03
     Coulomb-14        LJ (SR)   Coulomb (SR)   Coul. recip. Position Rest.
    1.08410e+03    7.52362e+03   -5.61839e+05    2.04912e+03    3.87968e+02
     Dih. Rest.      Potential    Kinetic En.   Total Energy  Conserved En.
    3.48193e+02   -4.28211e+05    1.49309e+05   -2.78902e+05   -3.25972e+05
    Temperature Pressure (bar)   Constr. rmsd
    2.97575e+02   -4.95910e+01    4.19370e-06

           Step           Time
          32000       64.00000

   Energies (kJ/mol)
           Bond            U-B    Proper Dih.  Improper Dih.          LJ-14
    1.14308e+04    6.10835e+04    4.15217e+04    3.21642e+02    7.51097e+03
     Coulomb-14        LJ (SR)   Coulomb (SR)   Coul. recip. Position Rest.
    1.48156e+03    8.03939e+03   -5.62858e+05    2.09791e+03    3.97595e+02
     Dih. Rest.      Potential    Kinetic En.   Total Energy  Conserved En.
    4.18076e+02   -4.28555e+05    1.50505e+05   -2.78049e+05   -3.25867e+05
    Temperature Pressure (bar)   Constr. rmsd
    2.99959e+02   -1.80047e+01    4.19370e-06

           Step           Time
          34000       68.00000

   Energies (kJ/mol)
           Bond            U-B    Proper Dih.  Improper Dih.          LJ-14
    1.19229e+04    6.14508e+04    4.16993e+04    4.44886e+02    7.39380e+03
     Coulomb-14        LJ (SR)   Coulomb (SR)   Coul. recip. Position Rest.
    6.85611e+02    6.02514e+03   -5.59496e+05    2.03774e+03    3.65523e+02
     Dih. Rest.      Potential    Kinetic En.   Total Energy  Conserved En.
    4.35266e+02   -4.27035e+05    1.51392e+05   -2.75643e+05   -3.25760e+05
    Temperature Pressure (bar)   Constr. rmsd
    3.01726e+02   -9.66227e+01    4.19370e-06

           Step           Time
          36000       72.00000

   Energies (kJ/mol)
           Bond            U-B    Proper Dih.  Improper Dih.          LJ-14
    1.13194e+04    6.18133e+04    4.19667e+04    4.40010e+02    7.37398e+03
     Coulomb-14        LJ (SR)   Coulomb (SR)   Coul. recip. Position Rest.
    1.49329e+02    6.48451e+03   -5.61112e+05    2.14535e+03    3.85420e+02
     Dih. Rest.      Potential    Kinetic En.   Total Energy  Conserved En.
    4.50629e+02   -4.28583e+05    1.52188e+05   -2.76396e+05   -3.25620e+05
    Temperature Pressure (bar)   Constr. rmsd
    3.03312e+02   -2.48369e+01    4.19370e-06

           Step           Time
          38000       76.00000

   Energies (kJ/mol)
           Bond            U-B    Proper Dih.  Improper Dih.          LJ-14
    1.12188e+04    6.16987e+04    4.19324e+04    3.59681e+02    7.52594e+03
     Coulomb-14        LJ (SR)   Coulomb (SR)   Coul. recip. Position Rest.
    8.13516e+02    7.44881e+03   -5.61260e+05    2.08582e+03    3.62311e+02
     Dih. Rest.      Potential    Kinetic En.   Total Energy  Conserved En.
    4.06171e+02   -4.27408e+05    1.50848e+05   -2.76560e+05   -3.25452e+05
    Temperature Pressure (bar)   Constr. rmsd
    3.00641e+02   -1.84440e+00    4.19370e-06

           Step           Time
          40000       80.00000

   Energies (kJ/mol)
           Bond            U-B    Proper Dih.  Improper Dih.          LJ-14
    1.16733e+04    6.11674e+04    4.17885e+04    3.75170e+02    7.33704e+03
     Coulomb-14        LJ (SR)   Coulomb (SR)   Coul. recip. Position Rest.
    4.15139e+01    7.05172e+03   -5.62109e+05    2.14915e+03    3.94202e+02
     Dih. Rest.      Potential    Kinetic En.   Total Energy  Conserved En.
    4.65263e+02   -4.29666e+05    1.49645e+05   -2.80020e+05   -3.25332e+05
    Temperature Pressure (bar)   Constr. rmsd
    2.98245e+02   -2.89123e+01    4.19370e-06

           Step           Time
          42000       84.00000

   Energies (kJ/mol)
           Bond            U-B    Proper Dih.  Improper Dih.          LJ-14
    1.12571e+04    6.09279e+04    4.16956e+04    4.14924e+02    7.51123e+03
     Coulomb-14        LJ (SR)   Coulomb (SR)   Coul. recip. Position Rest.
    9.34351e+02    7.57264e+03   -5.62011e+05    2.01661e+03    3.99344e+02
     Dih. Rest.      Potential    Kinetic En.   Total Energy  Conserved En.
    4.76572e+02   -4.28805e+05    1.51000e+05   -2.77805e+05   -3.25282e+05
    Temperature Pressure (bar)   Constr. rmsd
    3.00946e+02   -3.81554e+01    4.19370e-06

           Step           Time
          44000       88.00000

   Energies (kJ/mol)
           Bond            U-B    Proper Dih.  Improper Dih.          LJ-14
    1.17947e+04    6.11304e+04    4.18392e+04    3.95990e+02    7.55831e+03
     Coulomb-14        LJ (SR)   Coulomb (SR)   Coul. recip. Position Rest.
    8.17945e+02    7.89216e+03   -5.61617e+05    2.13212e+03    3.86148e+02
     Dih. Rest.      Potential    Kinetic En.   Total Energy  Conserved En.
    3.77964e+02   -4.27292e+05    1.51090e+05   -2.76202e+05   -3.25140e+05
    Temperature Pressure (bar)   Constr. rmsd
    3.01124e+02   -4.47738e+01    4.19370e-06

           Step           Time
          46000       92.00000

   Energies (kJ/mol)
           Bond            U-B    Proper Dih.  Improper Dih.          LJ-14
    1.14739e+04    6.13809e+04    4.15018e+04    3.69098e+02    7.65145e+03
     Coulomb-14        LJ (SR)   Coulomb (SR)   Coul. recip. Position Rest.
    5.41798e+02    7.23091e+03   -5.61478e+05    2.02807e+03    3.79077e+02
     Dih. Rest.      Potential    Kinetic En.   Total Energy  Conserved En.
    3.96588e+02   -4.28524e+05    1.51597e+05   -2.76928e+05   -3.25016e+05
    Temperature Pressure (bar)   Constr. rmsd
    3.02134e+02    2.46909e+01    4.19370e-06

           Step           Time
          48000       96.00000

   Energies (kJ/mol)
           Bond            U-B    Proper Dih.  Improper Dih.          LJ-14
    1.15066e+04    6.11518e+04    4.15601e+04    4.05556e+02    7.42125e+03
     Coulomb-14        LJ (SR)   Coulomb (SR)   Coul. recip. Position Rest.
    3.29569e+02    7.56278e+03   -5.61893e+05    2.10108e+03    3.44859e+02
     Dih. Rest.      Potential    Kinetic En.   Total Energy  Conserved En.
    3.88099e+02   -4.29122e+05    1.50316e+05   -2.78806e+05   -3.24901e+05
    Temperature Pressure (bar)   Constr. rmsd
    2.99582e+02   -9.82940e+01    4.19370e-06

           Step           Time
          50000      100.00000

   Energies (kJ/mol)
           Bond            U-B    Proper Dih.  Improper Dih.          LJ-14
    1.15590e+04    6.11868e+04    4.17555e+04    3.99402e+02    7.40898e+03
     Coulomb-14        LJ (SR)   Coulomb (SR)   Coul. recip. Position Rest.
    7.83362e+00    7.33381e+03   -5.62303e+05    2.10469e+03    3.73327e+02
     Dih. Rest.      Potential    Kinetic En.   Total Energy  Conserved En.
    4.28958e+02   -4.29745e+05    1.50437e+05   -2.79308e+05   -3.24769e+05
    Temperature Pressure (bar)   Constr. rmsd
    2.99822e+02   -5.78742e+01    4.19370e-06

           Step           Time
          52000      104.00000

   Energies (kJ/mol)
           Bond            U-B    Proper Dih.  Improper Dih.          LJ-14
    1.15725e+04    6.20151e+04    4.17193e+04    3.92915e+02    7.37464e+03
     Coulomb-14        LJ (SR)   Coulomb (SR)   Coul. recip. Position Rest.
    5.51872e+02    6.35532e+03   -5.60501e+05    2.07908e+03    3.48231e+02
     Dih. Rest.      Potential    Kinetic En.   Total Energy  Conserved En.
    4.16982e+02   -4.27675e+05    1.50522e+05   -2.77153e+05   -3.24663e+05
    Temperature Pressure (bar)   Constr. rmsd
    2.99993e+02   -4.16290e+01    4.19370e-06

           Step           Time
          54000      108.00000

   Energies (kJ/mol)
           Bond            U-B    Proper Dih.  Improper Dih.          LJ-14
    1.16131e+04    6.14834e+04    4.14642e+04    3.78606e+02    7.41997e+03
     Coulomb-14        LJ (SR)   Coulomb (SR)   Coul. recip. Position Rest.
    5.64876e+02    6.48871e+03   -5.60242e+05    2.03386e+03    3.29958e+02
     Dih. Rest.      Potential    Kinetic En.   Total Energy  Conserved En.
    4.17299e+02   -4.28048e+05    1.51074e+05   -2.76974e+05   -3.24550e+05
    Temperature Pressure (bar)   Constr. rmsd
    3.01093e+02   -1.02110e+02    4.19370e-06

           Step           Time
          56000      112.00000

   Energies (kJ/mol)
           Bond            U-B    Proper Dih.  Improper Dih.          LJ-14
    1.16335e+04    6.17850e+04    4.16287e+04    3.96153e+02    7.36564e+03
     Coulomb-14        LJ (SR)   Coulomb (SR)   Coul. recip. Position Rest.
    3.45240e+02    6.45138e+03   -5.60235e+05    2.06573e+03    3.06187e+02
     Dih. Rest.      Potential    Kinetic En.   Total Energy  Conserved En.
    4.42571e+02   -4.27814e+05    1.50704e+05   -2.77110e+05   -3.24430e+05
    Temperature Pressure (bar)   Constr. rmsd
    3.00355e+02   -7.69924e+01    4.19370e-06

           Step           Time
          58000      116.00000

   Energies (kJ/mol)
           Bond            U-B    Proper Dih.  Improper Dih.          LJ-14
    1.12951e+04    6.14714e+04    4.17010e+04    3.53447e+02    7.57334e+03
     Coulomb-14        LJ (SR)   Coulomb (SR)   Coul. recip. Position Rest.
    4.20554e+02    7.42560e+03   -5.61417e+05    2.09037e+03    3.09684e+02
     Dih. Rest.      Potential    Kinetic En.   Total Energy  Conserved En.
    4.23643e+02   -4.28353e+05    1.50141e+05   -2.78211e+05   -3.24257e+05
    Temperature Pressure (bar)   Constr. rmsd
    2.99234e+02   -3.39457e+01    4.19370e-06

           Step           Time
          60000      120.00000

   Energies (kJ/mol)
           Bond            U-B    Proper Dih.  Improper Dih.          LJ-14
    1.16457e+04    6.17603e+04    4.17308e+04    4.12351e+02    7.47838e+03
     Coulomb-14        LJ (SR)   Coulomb (SR)   Coul. recip. Position Rest.
    6.78606e+01    7.71762e+03   -5.62017e+05    1.96123e+03    2.89329e+02
     Dih. Rest.      Potential    Kinetic En.   Total Energy  Conserved En.
    4.03633e+02   -4.28550e+05    1.49397e+05   -2.79152e+05   -3.24104e+05
    Temperature Pressure (bar)   Constr. rmsd
    2.97751e+02   -7.61722e+01    4.19370e-06

           Step           Time
          62000      124.00000

   Energies (kJ/mol)
           Bond            U-B    Proper Dih.  Improper Dih.          LJ-14
    1.16241e+04    6.14554e+04    4.13657e+04    3.84405e+02    7.36415e+03
     Coulomb-14        LJ (SR)   Coulomb (SR)   Coul. recip. Position Rest.
    1.98260e+01    7.75595e+03   -5.63107e+05    2.07954e+03    3.27008e+02
     Dih. Rest.      Potential    Kinetic En.   Total Energy  Conserved En.
    4.19401e+02   -4.30312e+05    1.51015e+05   -2.79297e+05   -3.24019e+05
    Temperature Pressure (bar)   Constr. rmsd
    3.00974e+02   -7.70757e+01    4.19370e-06

           Step           Time
          64000      128.00000

   Energies (kJ/mol)
           Bond            U-B    Proper Dih.  Improper Dih.          LJ-14
    1.15990e+04    6.13776e+04    4.16406e+04    4.09146e+02    7.56509e+03
     Coulomb-14        LJ (SR)   Coulomb (SR)   Coul. recip. Position Rest.
    1.87690e+02    6.92885e+03   -5.61163e+05    2.02935e+03    3.29012e+02
     Dih. Rest.      Potential    Kinetic En.   Total Energy  Conserved En.
    3.91696e+02   -4.28705e+05    1.51026e+05   -2.77679e+05   -3.23887e+05
    Temperature Pressure (bar)   Constr. rmsd
    3.00996e+02   -9.19469e+01    4.19370e-06

           Step           Time
          66000      132.00000

   Energies (kJ/mol)
           Bond            U-B    Proper Dih.  Improper Dih.          LJ-14
    1.14460e+04    6.10142e+04    4.15705e+04    3.86258e+02    7.43988e+03
     Coulomb-14        LJ (SR)   Coulomb (SR)   Coul. recip. Position Rest.
   -1.92095e+02    7.79769e+03   -5.63057e+05    2.12310e+03    2.57826e+02
     Dih. Rest.      Potential    Kinetic En.   Total Energy  Conserved En.
    4.33189e+02   -4.30781e+05    1.49729e+05   -2.81052e+05   -3.23806e+05
    Temperature Pressure (bar)   Constr. rmsd
    2.98411e+02   -8.63014e+01    4.19370e-06

           Step           Time
          68000      136.00000

   Energies (kJ/mol)
           Bond            U-B    Proper Dih.  Improper Dih.          LJ-14
    1.15496e+04    6.10313e+04    4.15354e+04    3.66248e+02    7.62791e+03
     Coulomb-14        LJ (SR)   Coulomb (SR)   Coul. recip. Position Rest.
   -2.73976e+02    6.68636e+03   -5.61739e+05    1.96895e+03    3.37203e+02
     Dih. Rest.      Potential    Kinetic En.   Total Energy  Conserved En.
    4.31316e+02   -4.30478e+05    1.49928e+05   -2.80550e+05   -3.23645e+05
    Temperature Pressure (bar)   Constr. rmsd
    2.98808e+02   -1.45029e+01    4.19370e-06

           Step           Time
          70000      140.00000

   Energies (kJ/mol)
           Bond            U-B    Proper Dih.  Improper Dih.          LJ-14
    1.18165e+04    6.19706e+04    4.15184e+04    4.33550e+02    7.53544e+03
     Coulomb-14        LJ (SR)   Coulomb (SR)   Coul. recip. Position Rest.
   -1.72870e+02    7.94362e+03   -5.62412e+05    2.07853e+03    3.25704e+02
     Dih. Rest.      Potential    Kinetic En.   Total Energy  Conserved En.
    4.25018e+02   -4.28537e+05    1.50333e+05   -2.78205e+05   -3.23486e+05
    Temperature Pressure (bar)   Constr. rmsd
    2.99615e+02   -3.52167e+01    4.19370e-06

           Step           Time
          72000      144.00000

   Energies (kJ/mol)
           Bond            U-B    Proper Dih.  Improper Dih.          LJ-14
    1.14032e+04    6.23107e+04    4.16298e+04    4.00292e+02    7.45119e+03
     Coulomb-14        LJ (SR)   Coulomb (SR)   Coul. recip. Position Rest.
   -5.79260e+02    7.45284e+03   -5.61286e+05    2.03868e+03    3.52972e+02
     Dih. Rest.      Potential    Kinetic En.   Total Energy  Conserved En.
    4.06849e+02   -4.28418e+05    1.50313e+05   -2.78106e+05   -3.23427e+05
    Temperature Pressure (bar)   Constr. rmsd
    2.99576e+02   -4.60341e+01    4.19370e-06

           Step           Time
          74000      148.00000

   Energies (kJ/mol)
           Bond            U-B    Proper Dih.  Improper Dih.          LJ-14
    1.14444e+04    6.12903e+04    4.16989e+04    3.68611e+02    7.38466e+03
     Coulomb-14        LJ (SR)   Coulomb (SR)   Coul. recip. Position Rest.
    3.34274e+01    7.53344e+03   -5.61716e+05    2.06766e+03    3.13714e+02
     Dih. Rest.      Potential    Kinetic En.   Total Energy  Conserved En.
    4.05673e+02   -4.29175e+05    1.50021e+05   -2.79154e+05   -3.23318e+05
    Temperature Pressure (bar)   Constr. rmsd
    2.98994e+02   -4.26326e+01    4.19370e-06

           Step           Time
          76000      152.00000

   Energies (kJ/mol)
           Bond            U-B    Proper Dih.  Improper Dih.          LJ-14
    1.15726e+04    6.15733e+04    4.13817e+04    4.19581e+02    7.34732e+03
     Coulomb-14        LJ (SR)   Coulomb (SR)   Coul. recip. Position Rest.
   -1.48400e+01    5.70336e+03   -5.59523e+05    2.00204e+03    3.13334e+02
     Dih. Rest.      Potential    Kinetic En.   Total Energy  Conserved En.
    4.44814e+02   -4.28779e+05    1.50988e+05   -2.77791e+05   -3.23204e+05
    Temperature Pressure (bar)   Constr. rmsd
    3.00921e+02   -1.30991e+02    4.19370e-06

           Step           Time
          78000      156.00000

   Energies (kJ/mol)
           Bond            U-B    Proper Dih.  Improper Dih.          LJ-14
    1.16955e+04    6.12973e+04    4.19549e+04    3.86833e+02    7.49126e+03
     Coulomb-14        LJ (SR)   Coulomb (SR)   Coul. recip. Position Rest.
   -3.05628e+02    6.68850e+03   -5.61006e+05    2.05031e+03    3.08739e+02
     Dih. Rest.      Potential    Kinetic En.   Total Energy  Conserved En.
    3.98761e+02   -4.29039e+05    1.50533e+05   -2.78506e+05   -3.23048e+05
    Temperature Pressure (bar)   Constr. rmsd
    3.00014e+02   -8.70771e+01    4.19370e-06

           Step           Time
          80000      160.00000

   Energies (kJ/mol)
           Bond            U-B    Proper Dih.  Improper Dih.          LJ-14
    1.18623e+04    6.06251e+04    4.20090e+04    3.68668e+02    7.65257e+03
     Coulomb-14        LJ (SR)   Coulomb (SR)   Coul. recip. Position Rest.
    2.16056e+02    6.61341e+03   -5.60733e+05    2.03458e+03    3.42358e+02
     Dih. Rest.      Potential    Kinetic En.   Total Energy  Conserved En.
    4.40192e+02   -4.28569e+05    1.50474e+05   -2.78095e+05   -3.22982e+05
    Temperature Pressure (bar)   Constr. rmsd
    2.99897e+02    4.00371e+01    4.19370e-06

           Step           Time
          82000      164.00000

   Energies (kJ/mol)
           Bond            U-B    Proper Dih.  Improper Dih.          LJ-14
    1.14752e+04    6.10846e+04    4.16388e+04    3.98244e+02    7.60423e+03
     Coulomb-14        LJ (SR)   Coulomb (SR)   Coul. recip. Position Rest.
    2.56216e+02    8.04351e+03   -5.62033e+05    2.08076e+03    3.47867e+02
     Dih. Rest.      Potential    Kinetic En.   Total Energy  Conserved En.
    3.36974e+02   -4.28766e+05    1.50331e+05   -2.78436e+05   -3.22866e+05
    Temperature Pressure (bar)   Constr. rmsd
    2.99611e+02    2.53285e+01    4.19370e-06

           Step           Time
          84000      168.00000

   Energies (kJ/mol)
           Bond            U-B    Proper Dih.  Improper Dih.          LJ-14
    1.14276e+04    6.09338e+04    4.15990e+04    3.92475e+02    7.52442e+03
     Coulomb-14        LJ (SR)   Coulomb (SR)   Coul. recip. Position Rest.
    1.01405e+02    7.58838e+03   -5.62833e+05    2.06892e+03    3.19783e+02
     Dih. Rest.      Potential    Kinetic En.   Total Energy  Conserved En.
    4.15863e+02   -4.30461e+05    1.50891e+05   -2.79570e+05   -3.22755e+05
    Temperature Pressure (bar)   Constr. rmsd
    3.00728e+02    6.66017e+01    4.19370e-06

           Step           Time
          86000      172.00000

   Energies (kJ/mol)
           Bond            U-B    Proper Dih.  Improper Dih.          LJ-14
    1.14442e+04    6.10852e+04    4.18154e+04    3.93717e+02    7.46955e+03
     Coulomb-14        LJ (SR)   Coulomb (SR)   Coul. recip. Position Rest.
   -3.05062e+01    7.57385e+03   -5.63102e+05    2.04837e+03    3.29368e+02
     Dih. Rest.      Potential    Kinetic En.   Total Energy  Conserved En.
    4.48267e+02   -4.30524e+05    1.49729e+05   -2.80795e+05   -3.22593e+05
    Temperature Pressure (bar)   Constr. rmsd
    2.98412e+02   -3.19199e+01    4.19370e-06

           Step           Time
          88000      176.00000

   Energies (kJ/mol)
           Bond            U-B    Proper Dih.  Improper Dih.          LJ-14
    1.14087e+04    6.10839e+04    4.13082e+04    3.74134e+02    7.40667e+03
     Coulomb-14        LJ (SR)   Coulomb (SR)   Coul. recip. Position Rest.
   -1.05605e+02    7.01926e+03   -5.62054e+05    1.95854e+03    3.27799e+02
     Dih. Rest.      Potential    Kinetic En.   Total Energy  Conserved En.
    4.11520e+02   -4.30861e+05    1.50506e+05   -2.80356e+05   -3.22516e+05
    Temperature Pressure (bar)   Constr. rmsd
    2.99960e+02   -1.11516e+02    4.19370e-06

           Step           Time
          90000      180.00000

   Energies (kJ/mol)
           Bond            U-B    Proper Dih.  Improper Dih.          LJ-14
    1.16484e+04    6.04804e+04    4.15604e+04    4.07412e+02    7.50146e+03
     Coulomb-14        LJ (SR)   Coulomb (SR)   Coul. recip. Position Rest.
    4.19604e+02    6.53904e+03   -5.61263e+05    2.05054e+03    3.47555e+02
     Dih. Rest.      Potential    Kinetic En.   Total Energy  Conserved En.
    4.65097e+02   -4.29844e+05    1.52250e+05   -2.77593e+05   -3.22414e+05
    Temperature Pressure (bar)   Constr. rmsd
    3.03437e+02   -8.02078e+01    4.19370e-06

           Step           Time
          92000      184.00000

   Energies (kJ/mol)
           Bond            U-B    Proper Dih.  Improper Dih.          LJ-14
    1.15686e+04    6.13039e+04    4.17357e+04    3.97140e+02    7.25803e+03
     Coulomb-14        LJ (SR)   Coulomb (SR)   Coul. recip. Position Rest.
    9.64761e+01    7.87849e+03   -5.63226e+05    2.01647e+03    3.19718e+02
     Dih. Rest.      Potential    Kinetic En.   Total Energy  Conserved En.
    4.03482e+02   -4.30248e+05    1.51659e+05   -2.78589e+05   -3.22219e+05
    Temperature Pressure (bar)   Constr. rmsd
    3.02259e+02   -8.59703e+01    4.19370e-06

           Step           Time
          94000      188.00000

   Energies (kJ/mol)
           Bond            U-B    Proper Dih.  Improper Dih.          LJ-14
    1.15170e+04    6.17113e+04    4.14755e+04    3.27375e+02    7.42974e+03
     Coulomb-14        LJ (SR)   Coulomb (SR)   Coul. recip. Position Rest.
   -1.38674e+01    6.43842e+03   -5.61301e+05    2.06287e+03    3.42176e+02
     Dih. Rest.      Potential    Kinetic En.   Total Energy  Conserved En.
    3.72091e+02   -4.29638e+05    1.50594e+05   -2.79044e+05   -3.22131e+05
    Temperature Pressure (bar)   Constr. rmsd
    3.00136e+02   -5.38819e+01    4.19370e-06

           Step           Time
          96000      192.00000

   Energies (kJ/mol)
           Bond            U-B    Proper Dih.  Improper Dih.          LJ-14
    1.15078e+04    6.08681e+04    4.12538e+04    4.95784e+02    7.38146e+03
     Coulomb-14        LJ (SR)   Coulomb (SR)   Coul. recip. Position Rest.
   -2.63329e+02    7.46400e+03   -5.61351e+05    2.07651e+03    3.23141e+02
     Dih. Rest.      Potential    Kinetic En.   Total Energy  Conserved En.
    3.75888e+02   -4.29868e+05    1.50038e+05   -2.79830e+05   -3.22027e+05
    Temperature Pressure (bar)   Constr. rmsd
    2.99027e+02   -6.95552e+01    4.19370e-06

           Step           Time
          98000      196.00000

   Energies (kJ/mol)
           Bond            U-B    Proper Dih.  Improper Dih.          LJ-14
    1.17580e+04    6.08035e+04    4.14215e+04    4.16784e+02    7.39572e+03
     Coulomb-14        LJ (SR)   Coulomb (SR)   Coul. recip. Position Rest.
   -1.29521e+02    7.11672e+03   -5.59941e+05    2.10269e+03    3.66791e+02
     Dih. Rest.      Potential    Kinetic En.   Total Energy  Conserved En.
    4.73724e+02   -4.28215e+05    1.50051e+05   -2.78164e+05   -3.21838e+05
    Temperature Pressure (bar)   Constr. rmsd
    2.99053e+02   -4.48421e+01    4.19370e-06

           Step           Time
         100000      200.00000

   Energies (kJ/mol)
           Bond            U-B    Proper Dih.  Improper Dih.          LJ-14
    1.14877e+04    6.14355e+04    4.15489e+04    4.09607e+02    7.55826e+03
     Coulomb-14        LJ (SR)   Coulomb (SR)   Coul. recip. Position Rest.
    3.00415e+00    6.28347e+03   -5.59253e+05    2.08187e+03    3.52464e+02
     Dih. Rest.      Potential    Kinetic En.   Total Energy  Conserved En.
    4.03668e+02   -4.27689e+05    1.51148e+05   -2.76541e+05   -3.21721e+05
    Temperature Pressure (bar)   Constr. rmsd
    3.01240e+02   -7.07236e+01    4.19370e-06

           Step           Time
         102000      204.00000

   Energies (kJ/mol)
           Bond            U-B    Proper Dih.  Improper Dih.          LJ-14
    1.13651e+04    6.14533e+04    4.14195e+04    3.23029e+02    7.40233e+03
     Coulomb-14        LJ (SR)   Coulomb (SR)   Coul. recip. Position Rest.
    2.62641e+02    5.87284e+03   -5.60116e+05    2.02516e+03    3.91197e+02
     Dih. Rest.      Potential    Kinetic En.   Total Energy  Conserved En.
    3.99816e+02   -4.29201e+05    1.50219e+05   -2.78983e+05   -3.21611e+05
    Temperature Pressure (bar)   Constr. rmsd
    2.99388e+02   -1.00915e+02    4.19370e-06

           Step           Time
         104000      208.00000

   Energies (kJ/mol)
           Bond            U-B    Proper Dih.  Improper Dih.          LJ-14
    1.16907e+04    6.15068e+04    4.14475e+04    3.65701e+02    7.51483e+03
     Coulomb-14        LJ (SR)   Coulomb (SR)   Coul. recip. Position Rest.
   -6.03208e+01    5.77492e+03   -5.59579e+05    2.09057e+03    3.76787e+02
     Dih. Rest.      Potential    Kinetic En.   Total Energy  Conserved En.
    3.93311e+02   -4.28479e+05    1.50961e+05   -2.77517e+05   -3.21491e+05
    Temperature Pressure (bar)   Constr. rmsd
    3.00868e+02   -3.36951e+01    4.19370e-06

           Step           Time
         106000      212.00000

   Energies (kJ/mol)
           Bond            U-B    Proper Dih.  Improper Dih.          LJ-14
    1.14668e+04    6.15039e+04    4.14499e+04    3.34278e+02    7.39735e+03
     Coulomb-14        LJ (SR)   Coulomb (SR)   Coul. recip. Position Rest.
   -5.51835e+02    6.39870e+03   -5.59604e+05    2.16001e+03    3.23834e+02
     Dih. Rest.      Potential    Kinetic En.   Total Energy  Conserved En.
    4.81396e+02   -4.28639e+05    1.50329e+05   -2.78310e+05   -3.21328e+05
    Temperature Pressure (bar)   Constr. rmsd
    2.99607e+02   -4.18989e+01    4.19370e-06

           Step           Time
         108000      216.00000

   Energies (kJ/mol)
           Bond            U-B    Proper Dih.  Improper Dih.          LJ-14
    1.14381e+04    6.14191e+04    4.16615e+04    3.34388e+02    7.55396e+03
     Coulomb-14        LJ (SR)   Coulomb (SR)   Coul. recip. Position Rest.
   -1.80047e+02    5.91767e+03   -5.60453e+05    2.06200e+03    3.41212e+02
     Dih. Rest.      Potential    Kinetic En.   Total Energy  Conserved En.
    4.11623e+02   -4.29494e+05    1.50122e+05   -2.79372e+05   -3.21200e+05
    Temperature Pressure (bar)   Constr. rmsd
    2.99195e+02   -6.97402e+01    4.19370e-06

           Step           Time
         110000      220.00000

   Energies (kJ/mol)
           Bond            U-B    Proper Dih.  Improper Dih.          LJ-14
    1.14491e+04    6.10739e+04    4.16260e+04    3.83576e+02    7.40597e+03
     Coulomb-14        LJ (SR)   Coulomb (SR)   Coul. recip. Position Rest.
   -3.72154e+02    7.44115e+03   -5.61956e+05    2.08419e+03    3.11680e+02
     Dih. Rest.      Potential    Kinetic En.   Total Energy  Conserved En.
    4.07031e+02   -4.30145e+05    1.49612e+05   -2.80533e+05   -3.21081e+05
    Temperature Pressure (bar)   Constr. rmsd
    2.98179e+02   -3.01536e+01    4.19370e-06

           Step           Time
         112000      224.00000

   Energies (kJ/mol)
           Bond            U-B    Proper Dih.  Improper Dih.          LJ-14
    1.15067e+04    6.14449e+04    4.12824e+04    3.89181e+02    7.53269e+03
     Coulomb-14        LJ (SR)   Coulomb (SR)   Coul. recip. Position Rest.
   -2.36212e+02    7.17679e+03   -5.62128e+05    2.06431e+03    3.66301e+02
     Dih. Rest.      Potential    Kinetic En.   Total Energy  Conserved En.
    4.31748e+02   -4.30169e+05    1.49907e+05   -2.80262e+05   -3.20948e+05
    Temperature Pressure (bar)   Constr. rmsd
    2.98767e+02   -6.33692e+01    4.19370e-06

           Step           Time
         114000      228.00000

   Energies (kJ/mol)
           Bond            U-B    Proper Dih.  Improper Dih.          LJ-14
    1.16445e+04    6.03046e+04    4.16209e+04    3.80624e+02    7.50602e+03
     Coulomb-14        LJ (SR)   Coulomb (SR)   Coul. recip. Position Rest.
   -3.27955e+02    7.32521e+03   -5.60975e+05    2.00751e+03    3.27825e+02
     Dih. Rest.      Potential    Kinetic En.   Total Energy  Conserved En.
    4.04805e+02   -4.29781e+05    1.50341e+05   -2.79440e+05   -3.20897e+05
    Temperature Pressure (bar)   Constr. rmsd
    2.99632e+02   -2.73398e+01    4.19370e-06

           Step           Time
         116000      232.00000

   Energies (kJ/mol)
           Bond            U-B    Proper Dih.  Improper Dih.          LJ-14
    1.16409e+04    6.17784e+04    4.15538e+04    4.12427e+02    7.42451e+03
     Coulomb-14        LJ (SR)   Coulomb (SR)   Coul. recip. Position Rest.
   -8.77578e+02    5.97752e+03   -5.60273e+05    2.11517e+03    3.43592e+02
     Dih. Rest.      Potential    Kinetic En.   Total Energy  Conserved En.
    4.62110e+02   -4.29442e+05    1.49571e+05   -2.79871e+05   -3.20675e+05
    Temperature Pressure (bar)   Constr. rmsd
    2.98097e+02   -1.17000e+02    4.19370e-06

           Step           Time
         118000      236.00000

   Energies (kJ/mol)
           Bond            U-B    Proper Dih.  Improper Dih.          LJ-14
    1.14511e+04    6.15249e+04    4.16957e+04    3.76307e+02    7.57194e+03
     Coulomb-14        LJ (SR)   Coulomb (SR)   Coul. recip. Position Rest.
   -4.51328e+02    7.34249e+03   -5.63160e+05    2.09869e+03    3.74237e+02
     Dih. Rest.      Potential    Kinetic En.   Total Energy  Conserved En.
    4.27777e+02   -4.30748e+05    1.50982e+05   -2.79766e+05   -3.20581e+05
    Temperature Pressure (bar)   Constr. rmsd
    3.00910e+02   -1.44726e+00    4.19370e-06

           Step           Time
         120000      240.00000

   Energies (kJ/mol)
           Bond            U-B    Proper Dih.  Improper Dih.          LJ-14
    1.13659e+04    6.15401e+04    4.14174e+04    3.92897e+02    7.31296e+03
     Coulomb-14        LJ (SR)   Coulomb (SR)   Coul. recip. Position Rest.
    1.09304e+01    7.26231e+03   -5.63263e+05    2.02157e+03    3.52132e+02
     Dih. Rest.      Potential    Kinetic En.   Total Energy  Conserved En.
    4.16089e+02   -4.31171e+05    1.50313e+05   -2.80858e+05   -3.20511e+05
    Temperature Pressure (bar)   Constr. rmsd
    2.99575e+02   -7.48683e+01    4.19370e-06

           Step           Time
         122000      244.00000

   Energies (kJ/mol)
           Bond            U-B    Proper Dih.  Improper Dih.          LJ-14
    1.16161e+04    6.08816e+04    4.16528e+04    3.73691e+02    7.40085e+03
     Coulomb-14        LJ (SR)   Coulomb (SR)   Coul. recip. Position Rest.
    8.62510e+01    6.95665e+03   -5.63008e+05    2.03014e+03    4.05644e+02
     Dih. Rest.      Potential    Kinetic En.   Total Energy  Conserved En.
    4.27368e+02   -4.31177e+05    1.49948e+05   -2.81229e+05   -3.20364e+05
    Temperature Pressure (bar)   Constr. rmsd
    2.98849e+02   -8.58358e+01    4.19370e-06

           Step           Time
         124000      248.00000

   Energies (kJ/mol)
           Bond            U-B    Proper Dih.  Improper Dih.          LJ-14
    1.17725e+04    6.17591e+04    4.13592e+04    3.58663e+02    7.51471e+03
     Coulomb-14        LJ (SR)   Coulomb (SR)   Coul. recip. Position Rest.
    6.39771e-01    5.98702e+03   -5.61349e+05    1.99034e+03    3.72372e+02
     Dih. Rest.      Potential    Kinetic En.   Total Energy  Conserved En.
    3.94326e+02   -4.29841e+05    1.50243e+05   -2.79598e+05   -3.20184e+05
    Temperature Pressure (bar)   Constr. rmsd
    2.99436e+02   -8.47918e+01    4.19370e-06

           Step           Time
         126000      252.00000

   Energies (kJ/mol)
           Bond            U-B    Proper Dih.  Improper Dih.          LJ-14
    1.18964e+04    6.12825e+04    4.14775e+04    3.88906e+02    7.44105e+03
     Coulomb-14        LJ (SR)   Coulomb (SR)   Coul. recip. Position Rest.
   -1.89466e+02    7.43040e+03   -5.61995e+05    2.05525e+03    3.83036e+02
     Dih. Rest.      Potential    Kinetic En.   Total Energy  Conserved En.
    4.18929e+02   -4.29410e+05    1.51228e+05   -2.78182e+05   -3.20076e+05
    Temperature Pressure (bar)   Constr. rmsd
    3.01400e+02   -3.53263e+01    4.19370e-06

           Step           Time
         128000      256.00000

   Energies (kJ/mol)
           Bond            U-B    Proper Dih.  Improper Dih.          LJ-14
    1.17336e+04    6.09719e+04    4.12304e+04    3.83347e+02    7.41908e+03
     Coulomb-14        LJ (SR)   Coulomb (SR)   Coul. recip. Position Rest.
    1.64576e+01    5.85574e+03   -5.60048e+05    2.10686e+03    3.79105e+02
     Dih. Rest.      Potential    Kinetic En.   Total Energy  Conserved En.
    3.67942e+02   -4.29583e+05    1.50210e+05   -2.79373e+05   -3.19956e+05
    Temperature Pressure (bar)   Constr. rmsd
    2.99370e+02   -1.21477e+02    4.19370e-06

           Step           Time
         130000      260.00000

   Energies (kJ/mol)
           Bond            U-B    Proper Dih.  Improper Dih.          LJ-14
    1.15409e+04    6.16162e+04    4.13685e+04    4.06899e+02    7.41316e+03
     Coulomb-14        LJ (SR)   Coulomb (SR)   Coul. recip. Position Rest.
   -1.74308e+02    6.70475e+03   -5.61881e+05    1.94761e+03    3.23521e+02
     Dih. Rest.      Potential    Kinetic En.   Total Energy  Conserved En.
    4.35109e+02   -4.30299e+05    1.51072e+05   -2.79227e+05   -3.19824e+05
    Temperature Pressure (bar)   Constr. rmsd
    3.01088e+02   -6.94704e+01    4.19370e-06

           Step           Time
         132000      264.00000

   Energies (kJ/mol)
           Bond            U-B    Proper Dih.  Improper Dih.          LJ-14
    1.18728e+04    6.14405e+04    4.14415e+04    3.91564e+02    7.28116e+03
     Coulomb-14        LJ (SR)   Coulomb (SR)   Coul. recip. Position Rest.
   -5.51280e+02    6.37773e+03   -5.60271e+05    2.07206e+03    3.92265e+02
     Dih. Rest.      Potential    Kinetic En.   Total Energy  Conserved En.
    4.05950e+02   -4.29147e+05    1.50695e+05   -2.78452e+05   -3.19717e+05
    Temperature Pressure (bar)   Constr. rmsd
    3.00337e+02   -8.38446e+01    4.19370e-06

           Step           Time
         134000      268.00000

   Energies (kJ/mol)
           Bond            U-B    Proper Dih.  Improper Dih.          LJ-14
    1.18026e+04    6.03151e+04    4.11798e+04    4.77331e+02    7.29910e+03
     Coulomb-14        LJ (SR)   Coulomb (SR)   Coul. recip. Position Rest.
   -5.82150e+01    5.81746e+03   -5.59588e+05    2.04161e+03    3.25668e+02
     Dih. Rest.      Potential    Kinetic En.   Total Energy  Conserved En.
    4.87028e+02   -4.29900e+05    1.50738e+05   -2.79162e+05   -3.19653e+05
    Temperature Pressure (bar)   Constr. rmsd
    3.00423e+02   -1.82812e+02    4.19370e-06

           Step           Time
         136000      272.00000

   Energies (kJ/mol)
           Bond            U-B    Proper Dih.  Improper Dih.          LJ-14
    1.15571e+04    6.08493e+04    4.15123e+04    3.22152e+02    7.60635e+03
     Coulomb-14        LJ (SR)   Coulomb (SR)   Coul. recip. Position Rest.
   -3.20812e+02    5.78001e+03   -5.59982e+05    2.11207e+03    3.15984e+02
     Dih. Rest.      Potential    Kinetic En.   Total Energy  Conserved En.
    4.19665e+02   -4.29828e+05    1.49741e+05   -2.80087e+05   -3.19502e+05
    Temperature Pressure (bar)   Constr. rmsd
    2.98436e+02   -1.28201e+02    4.19370e-06

           Step           Time
         138000      276.00000

   Energies (kJ/mol)
           Bond            U-B    Proper Dih.  Improper Dih.          LJ-14
    1.15922e+04    6.19746e+04    4.15861e+04    3.38424e+02    7.50519e+03
     Coulomb-14        LJ (SR)   Coulomb (SR)   Coul. recip. Position Rest.
   -6.28964e+02    6.36449e+03   -5.60228e+05    2.01899e+03    3.82647e+02
     Dih. Rest.      Potential    Kinetic En.   Total Energy  Conserved En.
    4.19445e+02   -4.28675e+05    1.50590e+05   -2.78085e+05   -3.19316e+05
    Temperature Pressure (bar)   Constr. rmsd
    3.00128e+02    8.24332e+00    4.19370e-06

           Step           Time
         140000      280.00000

   Energies (kJ/mol)
           Bond            U-B    Proper Dih.  Improper Dih.          LJ-14
    1.16118e+04    6.12253e+04    4.12199e+04    4.03973e+02    7.45050e+03
     Coulomb-14        LJ (SR)   Coulomb (SR)   Coul. recip. Position Rest.
   -5.15223e+02    6.79939e+03   -5.61154e+05    1.98754e+03    3.10613e+02
     Dih. Rest.      Potential    Kinetic En.   Total Energy  Conserved En.
    4.11284e+02   -4.30249e+05    1.50996e+05   -2.79253e+05   -3.19265e+05
    Temperature Pressure (bar)   Constr. rmsd
    3.00936e+02   -3.60737e+01    4.19370e-06

           Step           Time
         142000      284.00000

   Energies (kJ/mol)
           Bond            U-B    Proper Dih.  Improper Dih.          LJ-14
    1.15437e+04    6.19468e+04    4.12645e+04    3.48312e+02    7.36957e+03
     Coulomb-14        LJ (SR)   Coulomb (SR)   Coul. recip. Position Rest.
   -8.05098e+02    7.71072e+03   -5.63035e+05    2.06357e+03    3.39772e+02
     Dih. Rest.      Potential    Kinetic En.   Total Energy  Conserved En.
    4.43807e+02   -4.30810e+05    1.51649e+05   -2.79160e+05   -3.19111e+05
    Temperature Pressure (bar)   Constr. rmsd
    3.02239e+02   -6.26157e+01    4.19370e-06

           Step           Time
         144000      288.00000

   Energies (kJ/mol)
           Bond            U-B    Proper Dih.  Improper Dih.          LJ-14
    1.15833e+04    6.11738e+04    4.15173e+04    3.92720e+02    7.49132e+03
     Coulomb-14        LJ (SR)   Coulomb (SR)   Coul. recip. Position Rest.
   -5.51740e+02    6.65350e+03   -5.61697e+05    2.01793e+03    3.46223e+02
     Dih. Rest.      Potential    Kinetic En.   Total Energy  Conserved En.
    3.93417e+02   -4.30679e+05    1.49671e+05   -2.81007e+05   -3.19005e+05
    Temperature Pressure (bar)   Constr. rmsd
    2.98297e+02   -2.03921e+01    4.19370e-06

           Step           Time
         146000      292.00000

   Energies (kJ/mol)
           Bond            U-B    Proper Dih.  Improper Dih.          LJ-14
    1.16583e+04    6.13258e+04    4.14245e+04    3.72835e+02    7.44008e+03
     Coulomb-14        LJ (SR)   Coulomb (SR)   Coul. recip. Position Rest.
   -9.96837e+01    7.59248e+03   -5.62850e+05    2.07768e+03    3.42587e+02
     Dih. Rest.      Potential    Kinetic En.   Total Energy  Conserved En.
    3.84863e+02   -4.30330e+05    1.50593e+05   -2.79738e+05   -3.18872e+05
    Temperature Pressure (bar)   Constr. rmsd
    3.00133e+02   -1.05458e+02    4.19370e-06

           Step           Time
         148000      296.00000

   Energies (kJ/mol)
           Bond            U-B    Proper Dih.  Improper Dih.          LJ-14
    1.16412e+04    6.16128e+04    4.17244e+04    4.35188e+02    7.44654e+03
     Coulomb-14        LJ (SR)   Coulomb (SR)   Coul. recip. Position Rest.
   -3.98523e+02    6.76580e+03   -5.60965e+05    2.07906e+03    3.48188e+02
     Dih. Rest.      Potential    Kinetic En.   Total Energy  Conserved En.
    3.90344e+02   -4.28920e+05    1.50545e+05   -2.78374e+05   -3.18687e+05
    Temperature Pressure (bar)   Constr. rmsd
    3.00039e+02   -1.03993e+02    4.19370e-06

           Step           Time
         150000      300.00000

   Energies (kJ/mol)
           Bond            U-B    Proper Dih.  Improper Dih.          LJ-14
    1.14775e+04    6.10589e+04    4.13851e+04    3.94923e+02    7.38131e+03
     Coulomb-14        LJ (SR)   Coulomb (SR)   Coul. recip. Position Rest.
    2.20947e+00    7.11720e+03   -5.61294e+05    2.11760e+03    2.75736e+02
     Dih. Rest.      Potential    Kinetic En.   Total Energy  Conserved En.
    4.01150e+02   -4.29683e+05    1.50376e+05   -2.79307e+05   -3.18598e+05
    Temperature Pressure (bar)   Constr. rmsd
    2.99701e+02   -9.39710e+01    4.19370e-06

           Step           Time
         152000      304.00000

   Energies (kJ/mol)
           Bond            U-B    Proper Dih.  Improper Dih.          LJ-14
    1.15756e+04    6.13664e+04    4.13695e+04    3.96456e+02    7.30500e+03
     Coulomb-14        LJ (SR)   Coulomb (SR)   Coul. recip. Position Rest.
   -4.76148e+02    6.25399e+03   -5.59884e+05    1.99755e+03    3.11004e+02
     Dih. Rest.      Potential    Kinetic En.   Total Energy  Conserved En.
    4.18811e+02   -4.29366e+05    1.48860e+05   -2.80506e+05   -3.18465e+05
    Temperature Pressure (bar)   Constr. rmsd
    2.96680e+02   -1.36185e+02    4.19370e-06

           Step           Time
         154000      308.00000

   Energies (kJ/mol)
           Bond            U-B    Proper Dih.  Improper Dih.          LJ-14
    1.14869e+04    6.11149e+04    4.12077e+04    3.48635e+02    7.46787e+03
     Coulomb-14        LJ (SR)   Coulomb (SR)   Coul. recip. Position Rest.
   -2.30485e+02    5.70663e+03   -5.61753e+05    2.04202e+03    3.02282e+02
     Dih. Rest.      Potential    Kinetic En.   Total Energy  Conserved En.
    4.31366e+02   -4.31876e+05    1.50648e+05   -2.81228e+05   -3.18355e+05
    Temperature Pressure (bar)   Constr. rmsd
    3.00243e+02   -9.95026e+01    4.19370e-06

           Step           Time
         156000      312.00000

   Energies (kJ/mol)
           Bond            U-B    Proper Dih.  Improper Dih.          LJ-14
    1.16485e+04    6.08572e+04    4.12863e+04    4.32531e+02    7.42752e+03
     Coulomb-14        LJ (SR)   Coulomb (SR)   Coul. recip. Position Rest.
   -2.47941e+02    5.90415e+03   -5.61567e+05    2.03969e+03    3.27934e+02
     Dih. Rest.      Potential    Kinetic En.   Total Energy  Conserved En.
    4.93814e+02   -4.31397e+05    1.50670e+05   -2.80727e+05   -3.18267e+05
    Temperature Pressure (bar)   Constr. rmsd
    3.00288e+02   -5.35203e+01    4.19370e-06

           Step           Time
         158000      316.00000

   Energies (kJ/mol)
           Bond            U-B    Proper Dih.  Improper Dih.          LJ-14
    1.16983e+04    6.10053e+04    4.11235e+04    3.99470e+02    7.41170e+03
     Coulomb-14        LJ (SR)   Coulomb (SR)   Coul. recip. Position Rest.
    1.40976e+02    7.53225e+03   -5.62870e+05    2.06697e+03    3.02408e+02
     Dih. Rest.      Potential    Kinetic En.   Total Energy  Conserved En.
    4.05257e+02   -4.30784e+05    1.50493e+05   -2.80292e+05   -3.18138e+05
    Temperature Pressure (bar)   Constr. rmsd
    2.99934e+02   -1.31549e+02    4.19370e-06

           Step           Time
         160000      320.00000

   Energies (kJ/mol)
           Bond            U-B    Proper Dih.  Improper Dih.          LJ-14
    1.14183e+04    6.18616e+04    4.16983e+04    4.23890e+02    7.25693e+03
     Coulomb-14        LJ (SR)   Coulomb (SR)   Coul. recip. Position Rest.
   -4.98131e+02    6.22841e+03   -5.61065e+05    2.08355e+03    3.36448e+02
     Dih. Rest.      Potential    Kinetic En.   Total Energy  Conserved En.
    4.41688e+02   -4.29814e+05    1.50909e+05   -2.78905e+05   -3.17937e+05
    Temperature Pressure (bar)   Constr. rmsd
    3.00764e+02   -1.22864e+02    4.19370e-06

           Step           Time
         162000      324.00000

   Energies (kJ/mol)
           Bond            U-B    Proper Dih.  Improper Dih.          LJ-14
    1.12522e+04    6.15687e+04    4.15473e+04    3.35560e+02    7.52602e+03
     Coulomb-14        LJ (SR)   Coulomb (SR)   Coul. recip. Position Rest.
   -7.85199e+02    6.60027e+03   -5.61693e+05    2.02820e+03    3.04396e+02
     Dih. Rest.      Potential    Kinetic En.   Total Energy  Conserved En.
    3.79411e+02   -4.30936e+05    1.50222e+05   -2.80714e+05   -3.17874e+05
    Temperature Pressure (bar)   Constr. rmsd
    2.99394e+02   -5.87646e+00    4.19370e-06

           Step           Time
         164000      328.00000

   Energies (kJ/mol)
           Bond            U-B    Proper Dih.  Improper Dih.          LJ-14
    1.16004e+04    6.07811e+04    4.12970e+04    3.63502e+02    7.50072e+03
     Coulomb-14        LJ (SR)   Coulomb (SR)   Coul. recip. Position Rest.
   -5.52704e+02    6.46735e+03   -5.60781e+05    2.04499e+03    2.89178e+02
     Dih. Rest.      Potential    Kinetic En.   Total Energy  Conserved En.
    4.23971e+02   -4.30566e+05    1.49444e+05   -2.81122e+05   -3.17781e+05
    Temperature Pressure (bar)   Constr. rmsd
    2.97844e+02   -1.26161e+01    4.19370e-06

           Step           Time
         166000      332.00000

   Energies (kJ/mol)
           Bond            U-B    Proper Dih.  Improper Dih.          LJ-14
    1.14659e+04    6.17941e+04    4.14016e+04    3.66292e+02    7.39212e+03
     Coulomb-14        LJ (SR)   Coulomb (SR)   Coul. recip. Position Rest.
   -6.22905e+01    6.10359e+03   -5.61981e+05    2.06235e+03    3.20380e+02
     Dih. Rest.      Potential    Kinetic En.   Total Energy  Conserved En.
    4.52868e+02   -4.30684e+05    1.51116e+05   -2.79568e+05   -3.17672e+05
    Temperature Pressure (bar)   Constr. rmsd
    3.01176e+02   -3.70730e+01    4.19370e-06

           Step           Time
         168000      336.00000

   Energies (kJ/mol)
           Bond            U-B    Proper Dih.  Improper Dih.          LJ-14
    1.17010e+04    6.08669e+04    4.11278e+04    3.54839e+02    7.55628e+03
     Coulomb-14        LJ (SR)   Coulomb (SR)   Coul. recip. Position Rest.
    3.37378e+01    5.32288e+03   -5.60473e+05    2.02863e+03    3.03215e+02
     Dih. Rest.      Potential    Kinetic En.   Total Energy  Conserved En.
    4.43997e+02   -4.30734e+05    1.50325e+05   -2.80409e+05   -3.17574e+05
    Temperature Pressure (bar)   Constr. rmsd
    2.99599e+02   -9.32545e+01    4.19370e-06

Writing checkpoint, step 168600 at Sat Jul 27 03:53:08 2024


           Step           Time
         170000      340.00000

   Energies (kJ/mol)
           Bond            U-B    Proper Dih.  Improper Dih.          LJ-14
    1.15459e+04    6.13672e+04    4.13816e+04    4.19378e+02    7.47750e+03
     Coulomb-14        LJ (SR)   Coulomb (SR)   Coul. recip. Position Rest.
   -4.19006e+02    7.25036e+03   -5.61944e+05    2.10821e+03    2.94989e+02
     Dih. Rest.      Potential    Kinetic En.   Total Energy  Conserved En.
    4.57741e+02   -4.30061e+05    1.50665e+05   -2.79395e+05   -3.17436e+05
    Temperature Pressure (bar)   Constr. rmsd
    3.00278e+02   -7.45690e+01    4.19370e-06

           Step           Time
         172000      344.00000

   Energies (kJ/mol)
           Bond            U-B    Proper Dih.  Improper Dih.          LJ-14
    1.17424e+04    6.18066e+04    4.13261e+04    3.85582e+02    7.31510e+03
     Coulomb-14        LJ (SR)   Coulomb (SR)   Coul. recip. Position Rest.
   -5.86398e+02    5.66109e+03   -5.60652e+05    2.00917e+03    3.04409e+02
     Dih. Rest.      Potential    Kinetic En.   Total Energy  Conserved En.
    4.35776e+02   -4.30253e+05    1.50645e+05   -2.79608e+05   -3.17305e+05
    Temperature Pressure (bar)   Constr. rmsd
    3.00237e+02   -1.14719e+02    4.19370e-06

           Step           Time
         174000      348.00000

   Energies (kJ/mol)
           Bond            U-B    Proper Dih.  Improper Dih.          LJ-14
    1.15273e+04    6.13665e+04    4.14018e+04    4.24151e+02    7.48953e+03
     Coulomb-14        LJ (SR)   Coulomb (SR)   Coul. recip. Position Rest.
   -4.06734e+02    6.29417e+03   -5.60889e+05    2.03726e+03    3.02873e+02
     Dih. Rest.      Potential    Kinetic En.   Total Energy  Conserved En.
    4.21651e+02   -4.30031e+05    1.50533e+05   -2.79498e+05   -3.17189e+05
    Temperature Pressure (bar)   Constr. rmsd
    3.00014e+02   -6.55550e+01    4.19370e-06

           Step           Time
         176000      352.00000

   Energies (kJ/mol)
           Bond            U-B    Proper Dih.  Improper Dih.          LJ-14
    1.14449e+04    6.15943e+04    4.13504e+04    3.51618e+02    7.51554e+03
     Coulomb-14        LJ (SR)   Coulomb (SR)   Coul. recip. Position Rest.
   -5.23392e+02    5.51195e+03   -5.61166e+05    2.03128e+03    3.13392e+02
     Dih. Rest.      Potential    Kinetic En.   Total Energy  Conserved En.
    4.22267e+02   -4.31154e+05    1.51372e+05   -2.79781e+05   -3.17067e+05
    Temperature Pressure (bar)   Constr. rmsd
    3.01687e+02   -4.17573e+01    4.19370e-06

           Step           Time
         178000      356.00000

   Energies (kJ/mol)
           Bond            U-B    Proper Dih.  Improper Dih.          LJ-14
    1.15498e+04    6.08694e+04    4.12028e+04    4.11840e+02    7.50211e+03
     Coulomb-14        LJ (SR)   Coulomb (SR)   Coul. recip. Position Rest.
   -3.19376e+02    6.31124e+03   -5.61122e+05    2.12683e+03    3.06711e+02
     Dih. Rest.      Potential    Kinetic En.   Total Energy  Conserved En.
    4.59234e+02   -4.30701e+05    1.50366e+05   -2.80336e+05   -3.16930e+05
    Temperature Pressure (bar)   Constr. rmsd
    2.99680e+02    1.26864e+01    4.19370e-06

           Step           Time
         180000      360.00000

   Energies (kJ/mol)
           Bond            U-B    Proper Dih.  Improper Dih.          LJ-14
    1.14615e+04    6.15057e+04    4.13577e+04    3.94895e+02    7.44371e+03
     Coulomb-14        LJ (SR)   Coulomb (SR)   Coul. recip. Position Rest.
   -4.64933e+02    7.05238e+03   -5.61799e+05    2.09677e+03    3.02961e+02
     Dih. Rest.      Potential    Kinetic En.   Total Energy  Conserved En.
    4.51478e+02   -4.30197e+05    1.49529e+05   -2.80668e+05   -3.16767e+05
    Temperature Pressure (bar)   Constr. rmsd
    2.98014e+02   -9.06336e+01    4.19370e-06

           Step           Time
         182000      364.00000

   Energies (kJ/mol)
           Bond            U-B    Proper Dih.  Improper Dih.          LJ-14
    1.13587e+04    6.14247e+04    4.10902e+04    4.15683e+02    7.58031e+03
     Coulomb-14        LJ (SR)   Coulomb (SR)   Coul. recip. Position Rest.
   -9.81519e+01    6.26050e+03   -5.61741e+05    2.00797e+03    3.02188e+02
     Dih. Rest.      Potential    Kinetic En.   Total Energy  Conserved En.
    4.64953e+02   -4.30934e+05    1.51122e+05   -2.79812e+05   -3.16662e+05
    Temperature Pressure (bar)   Constr. rmsd
    3.01187e+02   -3.43255e+01    4.19370e-06

           Step           Time
         184000      368.00000

   Energies (kJ/mol)
           Bond            U-B    Proper Dih.  Improper Dih.          LJ-14
    1.15480e+04    6.06756e+04    4.12695e+04    4.57216e+02    7.49849e+03
     Coulomb-14        LJ (SR)   Coulomb (SR)   Coul. recip. Position Rest.
    2.21455e+02    7.73810e+03   -5.63508e+05    2.03052e+03    2.89922e+02
     Dih. Rest.      Potential    Kinetic En.   Total Energy  Conserved En.
    4.43610e+02   -4.31336e+05    1.50935e+05   -2.80401e+05   -3.16575e+05
    Temperature Pressure (bar)   Constr. rmsd
    3.00815e+02    4.68932e+01    4.19370e-06

           Step           Time
         186000      372.00000

   Energies (kJ/mol)
           Bond            U-B    Proper Dih.  Improper Dih.          LJ-14
    1.17335e+04    6.20828e+04    4.13826e+04    3.50314e+02    7.55672e+03
     Coulomb-14        LJ (SR)   Coulomb (SR)   Coul. recip. Position Rest.
   -6.73933e+01    6.96442e+03   -5.62950e+05    2.16298e+03    2.68084e+02
     Dih. Rest.      Potential    Kinetic En.   Total Energy  Conserved En.
    3.55634e+02   -4.30161e+05    1.50764e+05   -2.79396e+05   -3.16400e+05
    Temperature Pressure (bar)   Constr. rmsd
    3.00476e+02   -3.70004e+01    4.19370e-06

           Step           Time
         188000      376.00000

   Energies (kJ/mol)
           Bond            U-B    Proper Dih.  Improper Dih.          LJ-14
    1.13556e+04    6.17532e+04    4.12680e+04    3.54441e+02    7.60770e+03
     Coulomb-14        LJ (SR)   Coulomb (SR)   Coul. recip. Position Rest.
   -2.10824e+02    7.60381e+03   -5.62680e+05    2.11205e+03    2.77713e+02
     Dih. Rest.      Potential    Kinetic En.   Total Energy  Conserved En.
    4.10907e+02   -4.30148e+05    1.50911e+05   -2.79237e+05   -3.16312e+05
    Temperature Pressure (bar)   Constr. rmsd
    3.00767e+02    2.02210e+00    4.19370e-06

           Step           Time
         190000      380.00000

   Energies (kJ/mol)
           Bond            U-B    Proper Dih.  Improper Dih.          LJ-14
    1.16522e+04    6.15379e+04    4.13730e+04    4.67086e+02    7.40775e+03
     Coulomb-14        LJ (SR)   Coulomb (SR)   Coul. recip. Position Rest.
   -7.63669e+02    6.65818e+03   -5.61770e+05    2.01854e+03    2.88021e+02
     Dih. Rest.      Potential    Kinetic En.   Total Energy  Conserved En.
    4.40287e+02   -4.30691e+05    1.51010e+05   -2.79680e+05   -3.16179e+05
    Temperature Pressure (bar)   Constr. rmsd
    3.00966e+02   -6.09693e+01    4.19370e-06

           Step           Time
         192000      384.00000

   Energies (kJ/mol)
           Bond            U-B    Proper Dih.  Improper Dih.          LJ-14
    1.15484e+04    6.16186e+04    4.17149e+04    3.83387e+02    7.54845e+03
     Coulomb-14        LJ (SR)   Coulomb (SR)   Coul. recip. Position Rest.
   -1.70496e+02    6.50643e+03   -5.62088e+05    2.00904e+03    2.97086e+02
     Dih. Rest.      Potential    Kinetic En.   Total Energy  Conserved En.
    4.36499e+02   -4.30196e+05    1.51270e+05   -2.78926e+05   -3.16047e+05
    Temperature Pressure (bar)   Constr. rmsd
    3.01483e+02   -2.45662e+01    4.19370e-06

           Step           Time
         194000      388.00000

   Energies (kJ/mol)
           Bond            U-B    Proper Dih.  Improper Dih.          LJ-14
    1.14993e+04    6.16377e+04    4.13688e+04    4.00990e+02    7.47670e+03
     Coulomb-14        LJ (SR)   Coulomb (SR)   Coul. recip. Position Rest.
   -3.48333e+02    7.12991e+03   -5.62445e+05    2.05640e+03    2.80857e+02
     Dih. Rest.      Potential    Kinetic En.   Total Energy  Conserved En.
    4.30394e+02   -4.30512e+05    1.49888e+05   -2.80624e+05   -3.15887e+05
    Temperature Pressure (bar)   Constr. rmsd
    2.98729e+02   -3.08903e+01    4.19370e-06

           Step           Time
         196000      392.00000

   Energies (kJ/mol)
           Bond            U-B    Proper Dih.  Improper Dih.          LJ-14
    1.18149e+04    6.15586e+04    4.14689e+04    3.77671e+02    7.54112e+03
     Coulomb-14        LJ (SR)   Coulomb (SR)   Coul. recip. Position Rest.
   -1.41097e+02    6.08208e+03   -5.61698e+05    2.08865e+03    2.74196e+02
     Dih. Rest.      Potential    Kinetic En.   Total Energy  Conserved En.
    4.41882e+02   -4.30191e+05    1.50710e+05   -2.79481e+05   -3.15815e+05
    Temperature Pressure (bar)   Constr. rmsd
    3.00366e+02   -1.01883e+02    4.19370e-06

           Step           Time
         198000      396.00000

   Energies (kJ/mol)
           Bond            U-B    Proper Dih.  Improper Dih.          LJ-14
    1.15539e+04    6.20558e+04    4.17259e+04    3.84083e+02    7.44196e+03
     Coulomb-14        LJ (SR)   Coulomb (SR)   Coul. recip. Position Rest.
   -4.63056e+02    6.16602e+03   -5.61500e+05    2.01947e+03    3.02306e+02
     Dih. Rest.      Potential    Kinetic En.   Total Energy  Conserved En.
    4.14683e+02   -4.29899e+05    1.51118e+05   -2.78781e+05   -3.15672e+05
    Temperature Pressure (bar)   Constr. rmsd
    3.01180e+02   -1.38326e+02    4.19370e-06

           Step           Time
         200000      400.00000

   Energies (kJ/mol)
           Bond            U-B    Proper Dih.  Improper Dih.          LJ-14
    1.16802e+04    6.12562e+04    4.13751e+04    3.97877e+02    7.50792e+03
     Coulomb-14        LJ (SR)   Coulomb (SR)   Coul. recip. Position Rest.
   -4.15982e+02    6.58043e+03   -5.61761e+05    2.09573e+03    3.16395e+02
     Dih. Rest.      Potential    Kinetic En.   Total Energy  Conserved En.
    4.11022e+02   -4.30556e+05    1.49939e+05   -2.80617e+05   -3.15548e+05
    Temperature Pressure (bar)   Constr. rmsd
    2.98830e+02   -9.54986e+01    4.19370e-06

           Step           Time
         202000      404.00000

   Energies (kJ/mol)
           Bond            U-B    Proper Dih.  Improper Dih.          LJ-14
    1.16367e+04    6.11804e+04    4.12869e+04    3.77807e+02    7.43196e+03
     Coulomb-14        LJ (SR)   Coulomb (SR)   Coul. recip. Position Rest.
   -8.50868e+01    7.01406e+03   -5.61417e+05    2.06273e+03    2.91232e+02
     Dih. Rest.      Potential    Kinetic En.   Total Energy  Conserved En.
    4.70535e+02   -4.29750e+05    1.49678e+05   -2.80072e+05   -3.15424e+05
    Temperature Pressure (bar)   Constr. rmsd
    2.98310e+02   -9.88174e+01    4.19370e-06

           Step           Time
         204000      408.00000

   Energies (kJ/mol)
           Bond            U-B    Proper Dih.  Improper Dih.          LJ-14
    1.17818e+04    6.14285e+04    4.13235e+04    3.90594e+02    7.48650e+03
     Coulomb-14        LJ (SR)   Coulomb (SR)   Coul. recip. Position Rest.
   -4.20870e+02    6.79924e+03   -5.61596e+05    2.11251e+03    2.66210e+02
     Dih. Rest.      Potential    Kinetic En.   Total Energy  Conserved En.
    4.27592e+02   -4.30000e+05    1.49999e+05   -2.80002e+05   -3.15313e+05
    Temperature Pressure (bar)   Constr. rmsd
    2.98949e+02   -4.33939e+01    4.19370e-06

           Step           Time
         206000      412.00000

   Energies (kJ/mol)
           Bond            U-B    Proper Dih.  Improper Dih.          LJ-14
    1.13564e+04    6.11876e+04    4.15530e+04    4.30941e+02    7.57756e+03
     Coulomb-14        LJ (SR)   Coulomb (SR)   Coul. recip. Position Rest.
   -5.67352e+02    6.14702e+03   -5.60876e+05    1.99913e+03    2.92371e+02
     Dih. Rest.      Potential    Kinetic En.   Total Energy  Conserved En.
    4.17700e+02   -4.30482e+05    1.50750e+05   -2.79732e+05   -3.15256e+05
    Temperature Pressure (bar)   Constr. rmsd
    3.00446e+02   -3.66856e+01    4.19370e-06

           Step           Time
         208000      416.00000

   Energies (kJ/mol)
           Bond            U-B    Proper Dih.  Improper Dih.          LJ-14
    1.16710e+04    6.09821e+04    4.15128e+04    3.63495e+02    7.54927e+03
     Coulomb-14        LJ (SR)   Coulomb (SR)   Coul. recip. Position Rest.
    6.36229e+01    6.35591e+03   -5.61393e+05    2.00483e+03    3.08111e+02
     Dih. Rest.      Potential    Kinetic En.   Total Energy  Conserved En.
    4.17650e+02   -4.30164e+05    1.50600e+05   -2.79564e+05   -3.15154e+05
    Temperature Pressure (bar)   Constr. rmsd
    3.00148e+02   -1.02207e+02    4.19370e-06

           Step           Time
         210000      420.00000

   Energies (kJ/mol)
           Bond            U-B    Proper Dih.  Improper Dih.          LJ-14
    1.16270e+04    6.12163e+04    4.13804e+04    4.23275e+02    7.33139e+03
     Coulomb-14        LJ (SR)   Coulomb (SR)   Coul. recip. Position Rest.
    4.14840e+01    6.87254e+03   -5.61432e+05    2.06965e+03    3.03447e+02
     Dih. Rest.      Potential    Kinetic En.   Total Energy  Conserved En.
    3.76805e+02   -4.29790e+05    1.49764e+05   -2.80026e+05   -3.15020e+05
    Temperature Pressure (bar)   Constr. rmsd
    2.98481e+02   -1.10643e+02    4.19370e-06

           Step           Time
         212000      424.00000

   Energies (kJ/mol)
           Bond            U-B    Proper Dih.  Improper Dih.          LJ-14
    1.13615e+04    6.12029e+04    4.16224e+04    3.94829e+02    7.64330e+03
     Coulomb-14        LJ (SR)   Coulomb (SR)   Coul. recip. Position Rest.
   -1.85612e+02    5.89716e+03   -5.60492e+05    2.05505e+03    2.68863e+02
     Dih. Rest.      Potential    Kinetic En.   Total Energy  Conserved En.
    3.55758e+02   -4.29875e+05    1.50183e+05   -2.79692e+05   -3.14910e+05
    Temperature Pressure (bar)   Constr. rmsd
    2.99317e+02    1.32624e+01    4.19370e-06

           Step           Time
         214000      428.00000

   Energies (kJ/mol)
           Bond            U-B    Proper Dih.  Improper Dih.          LJ-14
    1.14630e+04    6.10504e+04    4.13956e+04    3.94452e+02    7.54257e+03
     Coulomb-14        LJ (SR)   Coulomb (SR)   Coul. recip. Position Rest.
   -7.77798e+01    8.04252e+03   -5.62463e+05    2.09608e+03    3.08657e+02
     Dih. Rest.      Potential    Kinetic En.   Total Energy  Conserved En.
    3.91648e+02   -4.29856e+05    1.50463e+05   -2.79393e+05   -3.14804e+05
    Temperature Pressure (bar)   Constr. rmsd
    2.99876e+02   -4.88832e+01    4.19370e-06

           Step           Time
         216000      432.00000

   Energies (kJ/mol)
           Bond            U-B    Proper Dih.  Improper Dih.          LJ-14
    1.14100e+04    6.10504e+04    4.17757e+04    4.37436e+02    7.59406e+03
     Coulomb-14        LJ (SR)   Coulomb (SR)   Coul. recip. Position Rest.
   -2.14825e+02    4.94325e+03   -5.59559e+05    2.10759e+03    2.84832e+02
     Dih. Rest.      Potential    Kinetic En.   Total Energy  Conserved En.
    4.61994e+02   -4.29708e+05    1.49825e+05   -2.79884e+05   -3.14686e+05
    Temperature Pressure (bar)   Constr. rmsd
    2.98602e+02   -1.57923e+02    4.19370e-06

           Step           Time
         218000      436.00000

   Energies (kJ/mol)
           Bond            U-B    Proper Dih.  Improper Dih.          LJ-14
    1.15962e+04    6.09954e+04    4.12808e+04    4.06660e+02    7.62547e+03
     Coulomb-14        LJ (SR)   Coulomb (SR)   Coul. recip. Position Rest.
   -1.22339e+02    6.59700e+03   -5.61719e+05    2.06880e+03    3.08157e+02
     Dih. Rest.      Potential    Kinetic En.   Total Energy  Conserved En.
    3.69579e+02   -4.30593e+05    1.51675e+05   -2.78918e+05   -3.14601e+05
    Temperature Pressure (bar)   Constr. rmsd
    3.02291e+02    1.75257e+01    4.19370e-06

           Step           Time
         220000      440.00000

   Energies (kJ/mol)
           Bond            U-B    Proper Dih.  Improper Dih.          LJ-14
    1.16478e+04    6.13013e+04    4.13632e+04    4.57424e+02    7.47362e+03
     Coulomb-14        LJ (SR)   Coulomb (SR)   Coul. recip. Position Rest.
   -3.54956e+02    7.65190e+03   -5.61650e+05    2.09524e+03    2.90262e+02
     Dih. Rest.      Potential    Kinetic En.   Total Energy  Conserved En.
    4.45972e+02   -4.29279e+05    1.50959e+05   -2.78319e+05   -3.14418e+05
    Temperature Pressure (bar)   Constr. rmsd
    3.00864e+02    5.42002e+01    4.19370e-06

           Step           Time
         222000      444.00000

   Energies (kJ/mol)
           Bond            U-B    Proper Dih.  Improper Dih.          LJ-14
    1.16896e+04    6.16531e+04    4.17148e+04    3.70982e+02    7.37262e+03
     Coulomb-14        LJ (SR)   Coulomb (SR)   Coul. recip. Position Rest.
   -1.83306e+02    5.88488e+03   -5.60889e+05    2.08476e+03    3.25870e+02
     Dih. Rest.      Potential    Kinetic En.   Total Energy  Conserved En.
    4.26932e+02   -4.29549e+05    1.50564e+05   -2.78985e+05   -3.14293e+05
    Temperature Pressure (bar)   Constr. rmsd
    3.00075e+02   -1.24089e+02    4.19370e-06

           Step           Time
         224000      448.00000

   Energies (kJ/mol)
           Bond            U-B    Proper Dih.  Improper Dih.          LJ-14
    1.15159e+04    6.15506e+04    4.13618e+04    3.70957e+02    7.32368e+03
     Coulomb-14        LJ (SR)   Coulomb (SR)   Coul. recip. Position Rest.
   -2.39668e+02    5.43068e+03   -5.60662e+05    2.10641e+03    3.22835e+02
     Dih. Rest.      Potential    Kinetic En.   Total Energy  Conserved En.
    4.48548e+02   -4.30470e+05    1.50175e+05   -2.80294e+05   -3.14153e+05
    Temperature Pressure (bar)   Constr. rmsd
    2.99301e+02   -1.11776e+02    4.19370e-06

           Step           Time
         226000      452.00000

   Energies (kJ/mol)
           Bond            U-B    Proper Dih.  Improper Dih.          LJ-14
    1.18295e+04    6.15091e+04    4.14797e+04    4.06419e+02    7.46737e+03
     Coulomb-14        LJ (SR)   Coulomb (SR)   Coul. recip. Position Rest.
    9.69567e+01    6.07891e+03   -5.60649e+05    2.04745e+03    3.29724e+02
     Dih. Rest.      Potential    Kinetic En.   Total Energy  Conserved En.
    4.43683e+02   -4.28961e+05    1.48978e+05   -2.79982e+05   -3.13986e+05
    Temperature Pressure (bar)   Constr. rmsd
    2.96915e+02   -1.08859e+02    4.19370e-06

           Step           Time
         228000      456.00000

   Energies (kJ/mol)
           Bond            U-B    Proper Dih.  Improper Dih.          LJ-14
    1.14053e+04    6.11487e+04    4.12899e+04    3.62828e+02    7.36077e+03
     Coulomb-14        LJ (SR)   Coulomb (SR)   Coul. recip. Position Rest.
   -3.96663e+02    5.71113e+03   -5.60731e+05    2.03521e+03    3.33572e+02
     Dih. Rest.      Potential    Kinetic En.   Total Energy  Conserved En.
    3.63992e+02   -4.31117e+05    1.50547e+05   -2.80570e+05   -3.13933e+05
    Temperature Pressure (bar)   Constr. rmsd
    3.00042e+02   -5.51045e+01    4.19370e-06

           Step           Time
         230000      460.00000

   Energies (kJ/mol)
           Bond            U-B    Proper Dih.  Improper Dih.          LJ-14
    1.11445e+04    6.12250e+04    4.15209e+04    4.05464e+02    7.39075e+03
     Coulomb-14        LJ (SR)   Coulomb (SR)   Coul. recip. Position Rest.
    2.10727e+02    5.55053e+03   -5.61171e+05    2.08487e+03    3.41264e+02
     Dih. Rest.      Potential    Kinetic En.   Total Energy  Conserved En.
    4.33159e+02   -4.30864e+05    1.51175e+05   -2.79689e+05   -3.13861e+05
    Temperature Pressure (bar)   Constr. rmsd
    3.01294e+02   -7.93499e+01    4.19370e-06

           Step           Time
         232000      464.00000

   Energies (kJ/mol)
           Bond            U-B    Proper Dih.  Improper Dih.          LJ-14
    1.16573e+04    6.10549e+04    4.12579e+04    3.77559e+02    7.34904e+03
     Coulomb-14        LJ (SR)   Coulomb (SR)   Coul. recip. Position Rest.
    3.13705e+02    6.42531e+03   -5.61715e+05    2.12313e+03    3.29699e+02
     Dih. Rest.      Potential    Kinetic En.   Total Energy  Conserved En.
    3.93681e+02   -4.30433e+05    1.48864e+05   -2.81568e+05   -3.13620e+05
    Temperature Pressure (bar)   Constr. rmsd
    2.96688e+02   -1.81903e+02    4.19370e-06

           Step           Time
         234000      468.00000

   Energies (kJ/mol)
           Bond            U-B    Proper Dih.  Improper Dih.          LJ-14
    1.14818e+04    6.15959e+04    4.14242e+04    4.09932e+02    7.51094e+03
     Coulomb-14        LJ (SR)   Coulomb (SR)   Coul. recip. Position Rest.
    1.77545e+02    6.31210e+03   -5.61814e+05    2.01774e+03    2.88750e+02
     Dih. Rest.      Potential    Kinetic En.   Total Energy  Conserved En.
    3.82176e+02   -4.30213e+05    1.51324e+05   -2.78890e+05   -3.13482e+05
    Temperature Pressure (bar)   Constr. rmsd
    3.01590e+02   -3.99917e+01    4.19370e-06

           Step           Time
         236000      472.00000

   Energies (kJ/mol)
           Bond            U-B    Proper Dih.  Improper Dih.          LJ-14
    1.16062e+04    6.15890e+04    4.13144e+04    4.00236e+02    7.26137e+03
     Coulomb-14        LJ (SR)   Coulomb (SR)   Coul. recip. Position Rest.
   -6.21663e+01    7.69536e+03   -5.62486e+05    2.06206e+03    3.11752e+02
     Dih. Rest.      Potential    Kinetic En.   Total Energy  Conserved En.
    3.59523e+02   -4.29949e+05    1.50477e+05   -2.79471e+05   -3.13404e+05
    Temperature Pressure (bar)   Constr. rmsd
    2.99903e+02   -1.04339e+02    4.19370e-06

           Step           Time
         238000      476.00000

   Energies (kJ/mol)
           Bond            U-B    Proper Dih.  Improper Dih.          LJ-14
    1.16385e+04    6.07623e+04    4.09740e+04    3.73769e+02    7.47019e+03
     Coulomb-14        LJ (SR)   Coulomb (SR)   Coul. recip. Position Rest.
    1.99280e+02    8.54966e+03   -5.65684e+05    2.14938e+03    3.32655e+02
     Dih. Rest.      Potential    Kinetic En.   Total Energy  Conserved En.
    3.74940e+02   -4.32860e+05    1.51423e+05   -2.81437e+05   -3.13267e+05
    Temperature Pressure (bar)   Constr. rmsd
    3.01788e+02   -2.68192e+01    4.19370e-06

           Step           Time
         240000      480.00000

   Energies (kJ/mol)
           Bond            U-B    Proper Dih.  Improper Dih.          LJ-14
    1.13105e+04    6.17179e+04    4.13228e+04    3.85449e+02    7.44497e+03
     Coulomb-14        LJ (SR)   Coulomb (SR)   Coul. recip. Position Rest.
   -1.60080e+02    7.75584e+03   -5.62478e+05    2.03564e+03    3.17244e+02
     Dih. Rest.      Potential    Kinetic En.   Total Energy  Conserved En.
    4.43302e+02   -4.29905e+05    1.48953e+05   -2.80951e+05   -3.13087e+05
    Temperature Pressure (bar)   Constr. rmsd
    2.96866e+02   -7.92498e+01    4.19370e-06

           Step           Time
         242000      484.00000

   Energies (kJ/mol)
           Bond            U-B    Proper Dih.  Improper Dih.          LJ-14
    1.13548e+04    6.12977e+04    4.13259e+04    3.62852e+02    7.43943e+03
     Coulomb-14        LJ (SR)   Coulomb (SR)   Coul. recip. Position Rest.
    3.60958e+02    7.28510e+03   -5.63122e+05    2.07788e+03    2.95548e+02
     Dih. Rest.      Potential    Kinetic En.   Total Energy  Conserved En.
    3.86495e+02   -4.30935e+05    1.50014e+05   -2.80921e+05   -3.12965e+05
    Temperature Pressure (bar)   Constr. rmsd
    2.98980e+02   -2.30523e+00    4.19370e-06

           Step           Time
         244000      488.00000

   Energies (kJ/mol)
           Bond            U-B    Proper Dih.  Improper Dih.          LJ-14
    1.12904e+04    6.12333e+04    4.15111e+04    4.25133e+02    7.65147e+03
     Coulomb-14        LJ (SR)   Coulomb (SR)   Coul. recip. Position Rest.
    3.81518e+02    7.04019e+03   -5.62998e+05    2.00290e+03    3.04615e+02
     Dih. Rest.      Potential    Kinetic En.   Total Energy  Conserved En.
    4.60358e+02   -4.30698e+05    1.50112e+05   -2.80585e+05   -3.12847e+05
    Temperature Pressure (bar)   Constr. rmsd
    2.99175e+02   -3.32418e+01    4.19370e-06

           Step           Time
         246000      492.00000

   Energies (kJ/mol)
           Bond            U-B    Proper Dih.  Improper Dih.          LJ-14
    1.14839e+04    6.15213e+04    4.11399e+04    3.59670e+02    7.64002e+03
     Coulomb-14        LJ (SR)   Coulomb (SR)   Coul. recip. Position Rest.
    4.21087e+02    7.16697e+03   -5.62714e+05    2.10335e+03    2.78066e+02
     Dih. Rest.      Potential    Kinetic En.   Total Energy  Conserved En.
    4.18947e+02   -4.30180e+05    1.50646e+05   -2.79534e+05   -3.12752e+05
    Temperature Pressure (bar)   Constr. rmsd
    3.00240e+02    5.44306e+01    4.19370e-06

           Step           Time
         248000      496.00000

   Energies (kJ/mol)
           Bond            U-B    Proper Dih.  Improper Dih.          LJ-14
    1.16971e+04    6.17202e+04    4.13318e+04    4.11039e+02    7.42885e+03
     Coulomb-14        LJ (SR)   Coulomb (SR)   Coul. recip. Position Rest.
   -9.42881e+01    7.41784e+03   -5.63553e+05    2.03212e+03    2.85102e+02
     Dih. Rest.      Potential    Kinetic En.   Total Energy  Conserved En.
    3.84198e+02   -4.30939e+05    1.50411e+05   -2.80528e+05   -3.12615e+05
    Temperature Pressure (bar)   Constr. rmsd
    2.99771e+02   -8.72047e+01    4.19370e-06

           Step           Time
         250000      500.00000

   Energies (kJ/mol)
           Bond            U-B    Proper Dih.  Improper Dih.          LJ-14
    1.19594e+04    6.14740e+04    4.13759e+04    3.86529e+02    7.53555e+03
     Coulomb-14        LJ (SR)   Coulomb (SR)   Coul. recip. Position Rest.
    5.38990e+01    6.84120e+03   -5.62292e+05    2.03000e+03    2.85782e+02
     Dih. Rest.      Potential    Kinetic En.   Total Energy  Conserved En.
    3.94411e+02   -4.29955e+05    1.50970e+05   -2.78985e+05   -3.12469e+05
    Temperature Pressure (bar)   Constr. rmsd
    3.00886e+02   -1.08691e+02    4.19370e-06

           Step           Time
         252000      504.00000

   Energies (kJ/mol)
           Bond            U-B    Proper Dih.  Improper Dih.          LJ-14
    1.17988e+04    6.13203e+04    4.12579e+04    3.82125e+02    7.30463e+03
     Coulomb-14        LJ (SR)   Coulomb (SR)   Coul. recip. Position Rest.
   -2.69014e+02    6.30752e+03   -5.61814e+05    2.02013e+03    3.21510e+02
     Dih. Rest.      Potential    Kinetic En.   Total Energy  Conserved En.
    3.98670e+02   -4.30971e+05    1.50054e+05   -2.80917e+05   -3.12405e+05
    Temperature Pressure (bar)   Constr. rmsd
    2.99060e+02   -1.29006e+02    4.19370e-06

           Step           Time
         254000      508.00000

   Energies (kJ/mol)
           Bond            U-B    Proper Dih.  Improper Dih.          LJ-14
    1.15588e+04    6.13132e+04    4.12601e+04    3.64834e+02    7.45287e+03
     Coulomb-14        LJ (SR)   Coulomb (SR)   Coul. recip. Position Rest.
   -5.95350e+01    7.50058e+03   -5.63455e+05    2.05134e+03    3.12860e+02
     Dih. Rest.      Potential    Kinetic En.   Total Energy  Conserved En.
    3.67360e+02   -4.31332e+05    1.49824e+05   -2.81508e+05   -3.12230e+05
    Temperature Pressure (bar)   Constr. rmsd
    2.98601e+02   -1.98104e+01    4.19370e-06

           Step           Time
         256000      512.00000

   Energies (kJ/mol)
           Bond            U-B    Proper Dih.  Improper Dih.          LJ-14
    1.14585e+04    6.12243e+04    4.13140e+04    3.53563e+02    7.60682e+03
     Coulomb-14        LJ (SR)   Coulomb (SR)   Coul. recip. Position Rest.
   -2.53336e+02    5.68542e+03   -5.61009e+05    2.08349e+03    3.23109e+02
     Dih. Rest.      Potential    Kinetic En.   Total Energy  Conserved En.
    4.08533e+02   -4.30804e+05    1.50532e+05   -2.80272e+05   -3.12148e+05
    Temperature Pressure (bar)   Constr. rmsd
    3.00012e+02   -4.49498e+01    4.19370e-06

           Step           Time
         258000      516.00000

   Energies (kJ/mol)
           Bond            U-B    Proper Dih.  Improper Dih.          LJ-14
    1.15084e+04    6.15594e+04    4.13304e+04    4.23180e+02    7.56213e+03
     Coulomb-14        LJ (SR)   Coulomb (SR)   Coul. recip. Position Rest.
   -9.51847e+01    7.33457e+03   -5.62717e+05    2.10066e+03    3.03049e+02
     Dih. Rest.      Potential    Kinetic En.   Total Energy  Conserved En.
    4.39313e+02   -4.30251e+05    1.50822e+05   -2.79429e+05   -3.11965e+05
    Temperature Pressure (bar)   Constr. rmsd
    3.00590e+02   -1.22331e+01    4.19370e-06

Writing checkpoint, step 258400 at Sat Jul 27 04:08:04 2024


           Step           Time
         260000      520.00000

   Energies (kJ/mol)
           Bond            U-B    Proper Dih.  Improper Dih.          LJ-14
    1.16692e+04    6.18996e+04    4.14785e+04    3.64573e+02    7.51237e+03
     Coulomb-14        LJ (SR)   Coulomb (SR)   Coul. recip. Position Rest.
   -1.18202e+02    6.15324e+03   -5.62103e+05    2.12034e+03    2.57531e+02
     Dih. Rest.      Potential    Kinetic En.   Total Energy  Conserved En.
    4.30154e+02   -4.30336e+05    1.50248e+05   -2.80088e+05   -3.11837e+05
    Temperature Pressure (bar)   Constr. rmsd
    2.99446e+02   -5.62170e+01    4.19370e-06

           Step           Time
         262000      524.00000

   Energies (kJ/mol)
           Bond            U-B    Proper Dih.  Improper Dih.          LJ-14
    1.15298e+04    6.22042e+04    4.14096e+04    4.16292e+02    7.48106e+03
     Coulomb-14        LJ (SR)   Coulomb (SR)   Coul. recip. Position Rest.
   -4.12863e+02    6.26797e+03   -5.61382e+05    2.15017e+03    3.08536e+02
     Dih. Rest.      Potential    Kinetic En.   Total Energy  Conserved En.
    4.08112e+02   -4.29619e+05    1.50386e+05   -2.79233e+05   -3.11721e+05
    Temperature Pressure (bar)   Constr. rmsd
    2.99721e+02   -4.53026e+01    4.19370e-06

           Step           Time
         264000      528.00000

   Energies (kJ/mol)
           Bond            U-B    Proper Dih.  Improper Dih.          LJ-14
    1.15168e+04    6.16912e+04    4.11399e+04    3.45236e+02    7.37788e+03
     Coulomb-14        LJ (SR)   Coulomb (SR)   Coul. recip. Position Rest.
   -5.16877e+02    6.71247e+03   -5.62437e+05    2.01252e+03    2.53217e+02
     Dih. Rest.      Potential    Kinetic En.   Total Energy  Conserved En.
    4.24585e+02   -4.31480e+05    1.50561e+05   -2.80918e+05   -3.11596e+05
    Temperature Pressure (bar)   Constr. rmsd
    3.00071e+02   -5.82101e+01    4.19370e-06

           Step           Time
         266000      532.00000

   Energies (kJ/mol)
           Bond            U-B    Proper Dih.  Improper Dih.          LJ-14
    1.15091e+04    6.15215e+04    4.18556e+04    3.61315e+02    7.53661e+03
     Coulomb-14        LJ (SR)   Coulomb (SR)   Coul. recip. Position Rest.
   -1.02548e+02    7.45508e+03   -5.63432e+05    2.01884e+03    2.54419e+02
     Dih. Rest.      Potential    Kinetic En.   Total Energy  Conserved En.
    4.18354e+02   -4.30604e+05    1.51987e+05   -2.78617e+05   -3.11480e+05
    Temperature Pressure (bar)   Constr. rmsd
    3.02911e+02   -1.27502e+01    4.19370e-06

           Step           Time
         268000      536.00000

   Energies (kJ/mol)
           Bond            U-B    Proper Dih.  Improper Dih.          LJ-14
    1.17668e+04    6.10497e+04    4.15751e+04    3.72132e+02    7.48635e+03
     Coulomb-14        LJ (SR)   Coulomb (SR)   Coul. recip. Position Rest.
   -2.84106e+02    6.38961e+03   -5.63015e+05    1.98338e+03    3.02210e+02
     Dih. Rest.      Potential    Kinetic En.   Total Energy  Conserved En.
    4.33847e+02   -4.31940e+05    1.49624e+05   -2.82316e+05   -3.11364e+05
    Temperature Pressure (bar)   Constr. rmsd
    2.98202e+02   -6.63435e+01    4.19370e-06

           Step           Time
         270000      540.00000

   Energies (kJ/mol)
           Bond            U-B    Proper Dih.  Improper Dih.          LJ-14
    1.20686e+04    6.07544e+04    4.13641e+04    3.80220e+02    7.45392e+03
     Coulomb-14        LJ (SR)   Coulomb (SR)   Coul. recip. Position Rest.
   -1.94831e+02    5.94014e+03   -5.61593e+05    2.05168e+03    3.01568e+02
     Dih. Rest.      Potential    Kinetic En.   Total Energy  Conserved En.
    4.50997e+02   -4.31023e+05    1.50044e+05   -2.80978e+05   -3.11212e+05
    Temperature Pressure (bar)   Constr. rmsd
    2.99041e+02   -4.24721e+01    4.19370e-06

           Step           Time
         272000      544.00000

   Energies (kJ/mol)
           Bond            U-B    Proper Dih.  Improper Dih.          LJ-14
    1.15553e+04    6.06486e+04    4.12820e+04    4.10150e+02    7.58948e+03
     Coulomb-14        LJ (SR)   Coulomb (SR)   Coul. recip. Position Rest.
   -2.95781e+02    7.69572e+03   -5.64081e+05    2.00928e+03    3.25983e+02
     Dih. Rest.      Potential    Kinetic En.   Total Energy  Conserved En.
    4.20242e+02   -4.32440e+05    1.50064e+05   -2.82376e+05   -3.11113e+05
    Temperature Pressure (bar)   Constr. rmsd
    2.99079e+02   -2.03397e+00    4.19370e-06

           Step           Time
         274000      548.00000

   Energies (kJ/mol)
           Bond            U-B    Proper Dih.  Improper Dih.          LJ-14
    1.16504e+04    6.17130e+04    4.13290e+04    3.55669e+02    7.48320e+03
     Coulomb-14        LJ (SR)   Coulomb (SR)   Coul. recip. Position Rest.
   -1.99878e+02    5.63236e+03   -5.62005e+05    2.08148e+03    2.77253e+02
     Dih. Rest.      Potential    Kinetic En.   Total Energy  Conserved En.
    4.26422e+02   -4.31256e+05    1.51297e+05   -2.79959e+05   -3.10916e+05
    Temperature Pressure (bar)   Constr. rmsd
    3.01538e+02   -5.16750e+01    4.19370e-06

           Step           Time
         276000      552.00000

   Energies (kJ/mol)
           Bond            U-B    Proper Dih.  Improper Dih.          LJ-14
    1.16793e+04    6.12597e+04    4.15193e+04    4.01473e+02    7.52077e+03
     Coulomb-14        LJ (SR)   Coulomb (SR)   Coul. recip. Position Rest.
   -1.54675e+02    6.70788e+03   -5.62449e+05    1.96173e+03    2.83647e+02
     Dih. Rest.      Potential    Kinetic En.   Total Energy  Conserved En.
    4.48596e+02   -4.30821e+05    1.49422e+05   -2.81399e+05   -3.10784e+05
    Temperature Pressure (bar)   Constr. rmsd
    2.97801e+02   -6.43355e+01    4.19370e-06

           Step           Time
         278000      556.00000

   Energies (kJ/mol)
           Bond            U-B    Proper Dih.  Improper Dih.          LJ-14
    1.17927e+04    6.11544e+04    4.12650e+04    3.64482e+02    7.46579e+03
     Coulomb-14        LJ (SR)   Coulomb (SR)   Coul. recip. Position Rest.
   -1.01345e+02    6.38705e+03   -5.62525e+05    2.07537e+03    3.01689e+02
     Dih. Rest.      Potential    Kinetic En.   Total Energy  Conserved En.
    4.13829e+02   -4.31406e+05    1.50934e+05   -2.80473e+05   -3.10674e+05
    Temperature Pressure (bar)   Constr. rmsd
    3.00813e+02   -6.25305e+01    4.19370e-06

           Step           Time
         280000      560.00000

   Energies (kJ/mol)
           Bond            U-B    Proper Dih.  Improper Dih.          LJ-14
    1.15675e+04    6.06602e+04    4.14560e+04    3.60506e+02    7.67277e+03
     Coulomb-14        LJ (SR)   Coulomb (SR)   Coul. recip. Position Rest.
   -1.85687e+02    8.33164e+03   -5.64961e+05    1.98966e+03    2.57126e+02
     Dih. Rest.      Potential    Kinetic En.   Total Energy  Conserved En.
    3.99134e+02   -4.32453e+05    1.50721e+05   -2.81731e+05   -3.10609e+05
    Temperature Pressure (bar)   Constr. rmsd
    3.00389e+02    4.88916e+01    4.19370e-06

           Step           Time
         282000      564.00000

   Energies (kJ/mol)
           Bond            U-B    Proper Dih.  Improper Dih.          LJ-14
    1.16091e+04    6.16985e+04    4.14621e+04    3.88701e+02    7.58567e+03
     Coulomb-14        LJ (SR)   Coulomb (SR)   Coul. recip. Position Rest.
   -2.43066e+02    6.32639e+03   -5.62221e+05    2.04332e+03    3.29344e+02
     Dih. Rest.      Potential    Kinetic En.   Total Energy  Conserved En.
    4.40811e+02   -4.30580e+05    1.51429e+05   -2.79151e+05   -3.10479e+05
    Temperature Pressure (bar)   Constr. rmsd
    3.01801e+02   -3.16395e+01    4.19370e-06

           Step           Time
         284000      568.00000

   Energies (kJ/mol)
           Bond            U-B    Proper Dih.  Improper Dih.          LJ-14
    1.14526e+04    6.12838e+04    4.14801e+04    4.58597e+02    7.44256e+03
     Coulomb-14        LJ (SR)   Coulomb (SR)   Coul. recip. Position Rest.
   -6.44222e+02    6.97516e+03   -5.62013e+05    2.04380e+03    3.14203e+02
     Dih. Rest.      Potential    Kinetic En.   Total Energy  Conserved En.
    3.69507e+02   -4.30836e+05    1.51058e+05   -2.79779e+05   -3.10383e+05
    Temperature Pressure (bar)   Constr. rmsd
    3.01060e+02   -1.99612e+01    4.19370e-06

           Step           Time
         286000      572.00000

   Energies (kJ/mol)
           Bond            U-B    Proper Dih.  Improper Dih.          LJ-14
    1.18283e+04    6.19592e+04    4.16742e+04    3.68374e+02    7.58509e+03
     Coulomb-14        LJ (SR)   Coulomb (SR)   Coul. recip. Position Rest.
   -7.43396e+02    5.83138e+03   -5.60947e+05    1.96470e+03    3.03379e+02
     Dih. Rest.      Potential    Kinetic En.   Total Energy  Conserved En.
    4.55971e+02   -4.29720e+05    1.50140e+05   -2.79579e+05   -3.10159e+05
    Temperature Pressure (bar)   Constr. rmsd
    2.99232e+02   -6.48518e+01    4.19370e-06

           Step           Time
         288000      576.00000

   Energies (kJ/mol)
           Bond            U-B    Proper Dih.  Improper Dih.          LJ-14
    1.16014e+04    6.12677e+04    4.13103e+04    3.28546e+02    7.60791e+03
     Coulomb-14        LJ (SR)   Coulomb (SR)   Coul. recip. Position Rest.
   -1.80684e+02    6.05263e+03   -5.62922e+05    1.96325e+03    2.86330e+02
     Dih. Rest.      Potential    Kinetic En.   Total Energy  Conserved En.
    4.10831e+02   -4.32274e+05    1.50548e+05   -2.81726e+05   -3.10054e+05
    Temperature Pressure (bar)   Constr. rmsd
    3.00045e+02   -3.88011e+00    4.19370e-06

           Step           Time
         290000      580.00000

   Energies (kJ/mol)
           Bond            U-B    Proper Dih.  Improper Dih.          LJ-14
    1.15735e+04    6.17637e+04    4.14696e+04    4.05441e+02    7.56887e+03
     Coulomb-14        LJ (SR)   Coulomb (SR)   Coul. recip. Position Rest.
   -6.87429e+02    6.37409e+03   -5.61533e+05    2.09023e+03    3.06510e+02
     Dih. Rest.      Potential    Kinetic En.   Total Energy  Conserved En.
    4.61199e+02   -4.30207e+05    1.50335e+05   -2.79872e+05   -3.09924e+05
    Temperature Pressure (bar)   Constr. rmsd
    2.99620e+02   -2.94414e+01    4.19370e-06

           Step           Time
         292000      584.00000

   Energies (kJ/mol)
           Bond            U-B    Proper Dih.  Improper Dih.          LJ-14
    1.15806e+04    6.18225e+04    4.15587e+04    3.60583e+02    7.55950e+03
     Coulomb-14        LJ (SR)   Coulomb (SR)   Coul. recip. Position Rest.
   -3.82968e+02    7.26260e+03   -5.62208e+05    2.08761e+03    2.71526e+02
     Dih. Rest.      Potential    Kinetic En.   Total Energy  Conserved En.
    4.23986e+02   -4.29663e+05    1.50700e+05   -2.78963e+05   -3.09833e+05
    Temperature Pressure (bar)   Constr. rmsd
    3.00346e+02    1.95043e+01    4.19370e-06

           Step           Time
         294000      588.00000

   Energies (kJ/mol)
           Bond            U-B    Proper Dih.  Improper Dih.          LJ-14
    1.15738e+04    6.12474e+04    4.14991e+04    3.94378e+02    7.44422e+03
     Coulomb-14        LJ (SR)   Coulomb (SR)   Coul. recip. Position Rest.
    6.41758e+01    6.13295e+03   -5.62928e+05    2.05507e+03    3.07749e+02
     Dih. Rest.      Potential    Kinetic En.   Total Energy  Conserved En.
    4.36154e+02   -4.31773e+05    1.50881e+05   -2.80892e+05   -3.09755e+05
    Temperature Pressure (bar)   Constr. rmsd
    3.00708e+02   -1.26265e+02    4.19370e-06

           Step           Time
         296000      592.00000

   Energies (kJ/mol)
           Bond            U-B    Proper Dih.  Improper Dih.          LJ-14
    1.18252e+04    6.16622e+04    4.12528e+04    4.08209e+02    7.46105e+03
     Coulomb-14        LJ (SR)   Coulomb (SR)   Coul. recip. Position Rest.
   -1.84355e+01    6.34479e+03   -5.63336e+05    2.01120e+03    2.42640e+02
     Dih. Rest.      Potential    Kinetic En.   Total Energy  Conserved En.
    4.71981e+02   -4.31674e+05    1.50742e+05   -2.80932e+05   -3.09572e+05
    Temperature Pressure (bar)   Constr. rmsd
    3.00430e+02   -1.47589e+02    4.19370e-06

           Step           Time
         298000      596.00000

   Energies (kJ/mol)
           Bond            U-B    Proper Dih.  Improper Dih.          LJ-14
    1.17856e+04    6.23269e+04    4.14069e+04    3.71502e+02    7.49409e+03
     Coulomb-14        LJ (SR)   Coulomb (SR)   Coul. recip. Position Rest.
   -2.64118e+02    6.46536e+03   -5.63212e+05    2.00153e+03    2.92040e+02
     Dih. Rest.      Potential    Kinetic En.   Total Energy  Conserved En.
    4.33806e+02   -4.30898e+05    1.50553e+05   -2.80345e+05   -3.09412e+05
    Temperature Pressure (bar)   Constr. rmsd
    3.00055e+02   -1.00126e+02    4.19370e-06

           Step           Time
         300000      600.00000

   Energies (kJ/mol)
           Bond            U-B    Proper Dih.  Improper Dih.          LJ-14
    1.15499e+04    6.21206e+04    4.15719e+04    4.13572e+02    7.25671e+03
     Coulomb-14        LJ (SR)   Coulomb (SR)   Coul. recip. Position Rest.
   -7.28997e+02    6.54858e+03   -5.62407e+05    2.04866e+03    3.25230e+02
     Dih. Rest.      Potential    Kinetic En.   Total Energy  Conserved En.
    4.28483e+02   -4.30873e+05    1.50953e+05   -2.79920e+05   -3.09286e+05
    Temperature Pressure (bar)   Constr. rmsd
    3.00851e+02   -1.39852e+02    4.19370e-06

           Step           Time
         302000      604.00000

   Energies (kJ/mol)
           Bond            U-B    Proper Dih.  Improper Dih.          LJ-14
    1.15008e+04    6.11404e+04    4.16118e+04    3.80128e+02    7.33059e+03
     Coulomb-14        LJ (SR)   Coulomb (SR)   Coul. recip. Position Rest.
   -5.07101e+02    6.22492e+03   -5.62684e+05    2.04276e+03    2.93645e+02
     Dih. Rest.      Potential    Kinetic En.   Total Energy  Conserved En.
    3.68072e+02   -4.32298e+05    1.50895e+05   -2.81403e+05   -3.09234e+05
    Temperature Pressure (bar)   Constr. rmsd
    3.00736e+02   -6.83309e+01    4.19370e-06

           Step           Time
         304000      608.00000

   Energies (kJ/mol)
           Bond            U-B    Proper Dih.  Improper Dih.          LJ-14
    1.16558e+04    6.15193e+04    4.11224e+04    3.70935e+02    7.35155e+03
     Coulomb-14        LJ (SR)   Coulomb (SR)   Coul. recip. Position Rest.
   -2.41671e+02    6.43607e+03   -5.62354e+05    2.07005e+03    2.92707e+02
     Dih. Rest.      Potential    Kinetic En.   Total Energy  Conserved En.
    4.11624e+02   -4.31365e+05    1.50834e+05   -2.80530e+05   -3.09099e+05
    Temperature Pressure (bar)   Constr. rmsd
    3.00615e+02   -7.18333e+01    4.19370e-06

           Step           Time
         306000      612.00000

   Energies (kJ/mol)
           Bond            U-B    Proper Dih.  Improper Dih.          LJ-14
    1.15386e+04    6.14735e+04    4.13088e+04    3.97379e+02    7.52325e+03
     Coulomb-14        LJ (SR)   Coulomb (SR)   Coul. recip. Position Rest.
   -6.45323e+02    7.25756e+03   -5.63054e+05    2.06423e+03    3.23800e+02
     Dih. Rest.      Potential    Kinetic En.   Total Energy  Conserved En.
    4.75778e+02   -4.31337e+05    1.51196e+05   -2.80141e+05   -3.08976e+05
    Temperature Pressure (bar)   Constr. rmsd
    3.01336e+02   -5.96430e+01    4.19370e-06

           Step           Time
         308000      616.00000

   Energies (kJ/mol)
           Bond            U-B    Proper Dih.  Improper Dih.          LJ-14
    1.17283e+04    6.12489e+04    4.14312e+04    3.96488e+02    7.42827e+03
     Coulomb-14        LJ (SR)   Coulomb (SR)   Coul. recip. Position Rest.
   -7.08677e+02    6.36418e+03   -5.62456e+05    1.98804e+03    3.23715e+02
     Dih. Rest.      Potential    Kinetic En.   Total Energy  Conserved En.
    4.44795e+02   -4.31811e+05    1.52140e+05   -2.79671e+05   -3.08890e+05
    Temperature Pressure (bar)   Constr. rmsd
    3.03217e+02   -4.16562e+01    4.19370e-06

           Step           Time
         310000      620.00000

   Energies (kJ/mol)
           Bond            U-B    Proper Dih.  Improper Dih.          LJ-14
    1.15738e+04    6.10094e+04    4.13249e+04    4.06459e+02    7.47311e+03
     Coulomb-14        LJ (SR)   Coulomb (SR)   Coul. recip. Position Rest.
   -3.34919e+02    6.61184e+03   -5.62884e+05    2.06337e+03    3.12432e+02
     Dih. Rest.      Potential    Kinetic En.   Total Energy  Conserved En.
    4.52888e+02   -4.31991e+05    1.50264e+05   -2.81727e+05   -3.08704e+05
    Temperature Pressure (bar)   Constr. rmsd
    2.99478e+02    4.83659e+00    4.19370e-06

           Step           Time
         312000      624.00000

   Energies (kJ/mol)
           Bond            U-B    Proper Dih.  Improper Dih.          LJ-14
    1.16047e+04    6.21606e+04    4.11732e+04    3.85753e+02    7.51366e+03
     Coulomb-14        LJ (SR)   Coulomb (SR)   Coul. recip. Position Rest.
    6.70361e+01    5.73631e+03   -5.62125e+05    1.95106e+03    2.66704e+02
     Dih. Rest.      Potential    Kinetic En.   Total Energy  Conserved En.
    3.70203e+02   -4.30896e+05    1.50272e+05   -2.80624e+05   -3.08512e+05
    Temperature Pressure (bar)   Constr. rmsd
    2.99493e+02   -4.66685e+01    4.19370e-06

           Step           Time
         314000      628.00000

   Energies (kJ/mol)
           Bond            U-B    Proper Dih.  Improper Dih.          LJ-14
    1.16101e+04    6.15831e+04    4.18063e+04    3.87680e+02    7.54209e+03
     Coulomb-14        LJ (SR)   Coulomb (SR)   Coul. recip. Position Rest.
    1.49434e+01    6.75958e+03   -5.62933e+05    2.02655e+03    2.76640e+02
     Dih. Rest.      Potential    Kinetic En.   Total Energy  Conserved En.
    4.46364e+02   -4.30480e+05    1.51280e+05   -2.79199e+05   -3.08444e+05
    Temperature Pressure (bar)   Constr. rmsd
    3.01504e+02   -6.70479e+01    4.19370e-06

           Step           Time
         316000      632.00000

   Energies (kJ/mol)
           Bond            U-B    Proper Dih.  Improper Dih.          LJ-14
    1.15973e+04    6.10126e+04    4.11111e+04    3.71317e+02    7.62962e+03
     Coulomb-14        LJ (SR)   Coulomb (SR)   Coul. recip. Position Rest.
    2.49490e+02    6.84178e+03   -5.62073e+05    2.00538e+03    2.83475e+02
     Dih. Rest.      Potential    Kinetic En.   Total Energy  Conserved En.
    4.44975e+02   -4.30526e+05    1.50788e+05   -2.79738e+05   -3.08336e+05
    Temperature Pressure (bar)   Constr. rmsd
    3.00523e+02   -3.04598e+01    4.19370e-06

           Step           Time
         318000      636.00000

   Energies (kJ/mol)
           Bond            U-B    Proper Dih.  Improper Dih.          LJ-14
    1.16619e+04    6.12734e+04    4.15919e+04    3.92647e+02    7.59207e+03
     Coulomb-14        LJ (SR)   Coulomb (SR)   Coul. recip. Position Rest.
    1.27765e+02    6.47268e+03   -5.63832e+05    1.99138e+03    2.48921e+02
     Dih. Rest.      Potential    Kinetic En.   Total Energy  Conserved En.
    4.44288e+02   -4.32035e+05    1.51166e+05   -2.80869e+05   -3.08193e+05
    Temperature Pressure (bar)   Constr. rmsd
    3.01275e+02    6.68405e+00    4.19370e-06

           Step           Time
         320000      640.00000

   Energies (kJ/mol)
           Bond            U-B    Proper Dih.  Improper Dih.          LJ-14
    1.17779e+04    6.12450e+04    4.13486e+04    4.37702e+02    7.44853e+03
     Coulomb-14        LJ (SR)   Coulomb (SR)   Coul. recip. Position Rest.
   -2.13402e+02    6.12642e+03   -5.63389e+05    2.09079e+03    3.05946e+02
     Dih. Rest.      Potential    Kinetic En.   Total Energy  Conserved En.
    4.07179e+02   -4.32414e+05    1.51288e+05   -2.81126e+05   -3.08062e+05
    Temperature Pressure (bar)   Constr. rmsd
    3.01520e+02   -1.86086e+02    4.19370e-06

           Step           Time
         322000      644.00000

   Energies (kJ/mol)
           Bond            U-B    Proper Dih.  Improper Dih.          LJ-14
    1.16028e+04    6.15846e+04    4.16035e+04    4.10191e+02    7.49155e+03
     Coulomb-14        LJ (SR)   Coulomb (SR)   Coul. recip. Position Rest.
   -1.58246e+02    6.83670e+03   -5.63061e+05    2.01599e+03    3.07581e+02
     Dih. Rest.      Potential    Kinetic En.   Total Energy  Conserved En.
    4.87831e+02   -4.30878e+05    1.50607e+05   -2.80271e+05   -3.07895e+05
    Temperature Pressure (bar)   Constr. rmsd
    3.00161e+02   -3.66775e+01    4.19370e-06

           Step           Time
         324000      648.00000

   Energies (kJ/mol)
           Bond            U-B    Proper Dih.  Improper Dih.          LJ-14
    1.14695e+04    6.14115e+04    4.13709e+04    3.59763e+02    7.46877e+03
     Coulomb-14        LJ (SR)   Coulomb (SR)   Coul. recip. Position Rest.
   -8.84005e+01    6.30191e+03   -5.62758e+05    2.11767e+03    2.94116e+02
     Dih. Rest.      Potential    Kinetic En.   Total Energy  Conserved En.
    4.13019e+02   -4.31639e+05    1.50589e+05   -2.81049e+05   -3.07799e+05
    Temperature Pressure (bar)   Constr. rmsd
    3.00126e+02   -8.37703e+01    4.19370e-06

           Step           Time
         326000      652.00000

   Energies (kJ/mol)
           Bond            U-B    Proper Dih.  Improper Dih.          LJ-14
    1.13904e+04    6.17257e+04    4.10534e+04    3.54341e+02    7.56821e+03
     Coulomb-14        LJ (SR)   Coulomb (SR)   Coul. recip. Position Rest.
    2.27122e+02    6.61077e+03   -5.64074e+05    2.03117e+03    2.80799e+02
     Dih. Rest.      Potential    Kinetic En.   Total Energy  Conserved En.
    4.17953e+02   -4.32414e+05    1.49895e+05   -2.82519e+05   -3.07644e+05
    Temperature Pressure (bar)   Constr. rmsd
    2.98742e+02   -6.38429e+01    4.19370e-06

           Step           Time
         328000      656.00000

   Energies (kJ/mol)
           Bond            U-B    Proper Dih.  Improper Dih.          LJ-14
    1.15070e+04    6.13206e+04    4.15908e+04    3.51583e+02    7.48736e+03
     Coulomb-14        LJ (SR)   Coulomb (SR)   Coul. recip. Position Rest.
   -2.06451e+02    6.44275e+03   -5.63850e+05    2.02708e+03    3.14127e+02
     Dih. Rest.      Potential    Kinetic En.   Total Energy  Conserved En.
    4.43432e+02   -4.32572e+05    1.50794e+05   -2.81778e+05   -3.07554e+05
    Temperature Pressure (bar)   Constr. rmsd
    3.00534e+02   -7.05441e+01    4.19370e-06

           Step           Time
         330000      660.00000

   Energies (kJ/mol)
           Bond            U-B    Proper Dih.  Improper Dih.          LJ-14
    1.14692e+04    6.11914e+04    4.13195e+04    3.96638e+02    7.49146e+03
     Coulomb-14        LJ (SR)   Coulomb (SR)   Coul. recip. Position Rest.
    4.41329e+02    6.31809e+03   -5.63687e+05    2.04319e+03    3.14460e+02
     Dih. Rest.      Potential    Kinetic En.   Total Energy  Conserved En.
    4.06653e+02   -4.32295e+05    1.50779e+05   -2.81516e+05   -3.07469e+05
    Temperature Pressure (bar)   Constr. rmsd
    3.00505e+02   -3.64825e+00    4.19370e-06

           Step           Time
         332000      664.00000

   Energies (kJ/mol)
           Bond            U-B    Proper Dih.  Improper Dih.          LJ-14
    1.16368e+04    6.12482e+04    4.10174e+04    4.32359e+02    7.43287e+03
     Coulomb-14        LJ (SR)   Coulomb (SR)   Coul. recip. Position Rest.
    4.18211e+02    5.90538e+03   -5.62049e+05    2.06792e+03    3.02729e+02
     Dih. Rest.      Potential    Kinetic En.   Total Energy  Conserved En.
    3.92201e+02   -4.31195e+05    1.50904e+05   -2.80290e+05   -3.07318e+05
    Temperature Pressure (bar)   Constr. rmsd
    3.00754e+02   -8.69247e+01    4.19370e-06

           Step           Time
         334000      668.00000

   Energies (kJ/mol)
           Bond            U-B    Proper Dih.  Improper Dih.          LJ-14
    1.16775e+04    6.17322e+04    4.13574e+04    4.57622e+02    7.35421e+03
     Coulomb-14        LJ (SR)   Coulomb (SR)   Coul. recip. Position Rest.
    6.23065e+01    5.74560e+03   -5.61823e+05    2.06535e+03    2.64946e+02
     Dih. Rest.      Potential    Kinetic En.   Total Energy  Conserved En.
    3.72294e+02   -4.30733e+05    1.50670e+05   -2.80064e+05   -3.07188e+05
    Temperature Pressure (bar)   Constr. rmsd
    3.00287e+02   -7.22073e+01    4.19370e-06

           Step           Time
         336000      672.00000

   Energies (kJ/mol)
           Bond            U-B    Proper Dih.  Improper Dih.          LJ-14
    1.15606e+04    6.07730e+04    4.15955e+04    4.21175e+02    7.44422e+03
     Coulomb-14        LJ (SR)   Coulomb (SR)   Coul. recip. Position Rest.
    2.49214e+02    6.48943e+03   -5.63728e+05    2.04873e+03    2.60150e+02
     Dih. Rest.      Potential    Kinetic En.   Total Energy  Conserved En.
    4.55935e+02   -4.32430e+05    1.50845e+05   -2.81585e+05   -3.07091e+05
    Temperature Pressure (bar)   Constr. rmsd
    3.00636e+02   -7.54769e+01    4.19370e-06

           Step           Time
         338000      676.00000

   Energies (kJ/mol)
           Bond            U-B    Proper Dih.  Improper Dih.          LJ-14
    1.13233e+04    6.12166e+04    4.12361e+04    3.70064e+02    7.32284e+03
     Coulomb-14        LJ (SR)   Coulomb (SR)   Coul. recip. Position Rest.
    5.54550e+02    5.11438e+03   -5.62365e+05    2.02961e+03    2.64088e+02
     Dih. Rest.      Potential    Kinetic En.   Total Energy  Conserved En.
    4.58724e+02   -4.32474e+05    1.50970e+05   -2.81505e+05   -3.06979e+05
    Temperature Pressure (bar)   Constr. rmsd
    3.00885e+02   -1.19776e+02    4.19370e-06

           Step           Time
         340000      680.00000

   Energies (kJ/mol)
           Bond            U-B    Proper Dih.  Improper Dih.          LJ-14
    1.17161e+04    6.14874e+04    4.13363e+04    3.98049e+02    7.43777e+03
     Coulomb-14        LJ (SR)   Coulomb (SR)   Coul. recip. Position Rest.
    1.77889e+02    5.69741e+03   -5.62362e+05    2.07267e+03    3.11508e+02
     Dih. Rest.      Potential    Kinetic En.   Total Energy  Conserved En.
    3.98688e+02   -4.31328e+05    1.49824e+05   -2.81504e+05   -3.06828e+05
    Temperature Pressure (bar)   Constr. rmsd
    2.98601e+02   -1.29439e+02    4.19370e-06

           Step           Time
         342000      684.00000

   Energies (kJ/mol)
           Bond            U-B    Proper Dih.  Improper Dih.          LJ-14
    1.15527e+04    6.13050e+04    4.15254e+04    3.65244e+02    7.62084e+03
     Coulomb-14        LJ (SR)   Coulomb (SR)   Coul. recip. Position Rest.
    5.10196e+02    6.05711e+03   -5.63023e+05    2.02965e+03    3.43433e+02
     Dih. Rest.      Potential    Kinetic En.   Total Energy  Conserved En.
    4.35387e+02   -4.31278e+05    1.51224e+05   -2.80053e+05   -3.06713e+05
    Temperature Pressure (bar)   Constr. rmsd
    3.01392e+02   -1.12797e+02    4.19370e-06

           Step           Time
         344000      688.00000

   Energies (kJ/mol)
           Bond            U-B    Proper Dih.  Improper Dih.          LJ-14
    1.12934e+04    6.15953e+04    4.13491e+04    3.36578e+02    7.41290e+03
     Coulomb-14        LJ (SR)   Coulomb (SR)   Coul. recip. Position Rest.
    1.11355e+02    6.69479e+03   -5.63102e+05    1.99387e+03    3.23561e+02
     Dih. Rest.      Potential    Kinetic En.   Total Energy  Conserved En.
    4.14695e+02   -4.31576e+05    1.49693e+05   -2.81883e+05   -3.06554e+05
    Temperature Pressure (bar)   Constr. rmsd
    2.98341e+02    5.80761e+01    4.19370e-06

           Step           Time
         346000      692.00000

   Energies (kJ/mol)
           Bond            U-B    Proper Dih.  Improper Dih.          LJ-14
    1.12121e+04    6.14130e+04    4.14967e+04    3.91979e+02    7.41568e+03
     Coulomb-14        LJ (SR)   Coulomb (SR)   Coul. recip. Position Rest.
    1.24328e+02    7.58922e+03   -5.64429e+05    2.00998e+03    3.05064e+02
     Dih. Rest.      Potential    Kinetic En.   Total Energy  Conserved En.
    4.00843e+02   -4.32070e+05    1.50454e+05   -2.81616e+05   -3.06442e+05
    Temperature Pressure (bar)   Constr. rmsd
    2.99857e+02    6.81693e+01    4.19370e-06

           Step           Time
         348000      696.00000

   Energies (kJ/mol)
           Bond            U-B    Proper Dih.  Improper Dih.          LJ-14
    1.13107e+04    6.13150e+04    4.12548e+04    3.46504e+02    7.51558e+03
     Coulomb-14        LJ (SR)   Coulomb (SR)   Coul. recip. Position Rest.
    7.14148e+02    5.20962e+03   -5.63064e+05    2.07323e+03    3.30823e+02
     Dih. Rest.      Potential    Kinetic En.   Total Energy  Conserved En.
    3.89597e+02   -4.32604e+05    1.51308e+05   -2.81296e+05   -3.06315e+05
    Temperature Pressure (bar)   Constr. rmsd
    3.01559e+02   -5.29829e+01    4.19370e-06

           Step           Time
         350000      700.00000

   Energies (kJ/mol)
           Bond            U-B    Proper Dih.  Improper Dih.          LJ-14
    1.18649e+04    6.18272e+04    4.15045e+04    3.69949e+02    7.39449e+03
     Coulomb-14        LJ (SR)   Coulomb (SR)   Coul. recip. Position Rest.
    3.78819e+02    6.38883e+03   -5.64087e+05    2.02847e+03    2.90956e+02
     Dih. Rest.      Potential    Kinetic En.   Total Energy  Conserved En.
    4.40956e+02   -4.31598e+05    1.50295e+05   -2.81303e+05   -3.06150e+05
    Temperature Pressure (bar)   Constr. rmsd
    2.99540e+02   -1.80805e+02    4.19370e-06

           Step           Time
         352000      704.00000

   Energies (kJ/mol)
           Bond            U-B    Proper Dih.  Improper Dih.          LJ-14
    1.20441e+04    6.15205e+04    4.15651e+04    4.15901e+02    7.42733e+03
     Coulomb-14        LJ (SR)   Coulomb (SR)   Coul. recip. Position Rest.
   -1.25104e+02    7.04817e+03   -5.63305e+05    1.96842e+03    3.09654e+02
     Dih. Rest.      Potential    Kinetic En.   Total Energy  Conserved En.
    4.38065e+02   -4.30692e+05    1.50740e+05   -2.79952e+05   -3.06026e+05
    Temperature Pressure (bar)   Constr. rmsd
    3.00427e+02   -9.30772e+01    4.19370e-06

           Step           Time
         354000      708.00000

   Energies (kJ/mol)
           Bond            U-B    Proper Dih.  Improper Dih.          LJ-14
    1.15821e+04    6.11378e+04    4.12332e+04    4.05560e+02    7.49993e+03
     Coulomb-14        LJ (SR)   Coulomb (SR)   Coul. recip. Position Rest.
    8.10598e+02    6.88113e+03   -5.62489e+05    2.07427e+03    3.36304e+02
     Dih. Rest.      Potential    Kinetic En.   Total Energy  Conserved En.
    4.30158e+02   -4.30098e+05    1.50783e+05   -2.79315e+05   -3.05933e+05
    Temperature Pressure (bar)   Constr. rmsd
    3.00512e+02   -3.78008e+01    4.19370e-06

           Step           Time
         356000      712.00000

   Energies (kJ/mol)
           Bond            U-B    Proper Dih.  Improper Dih.          LJ-14
    1.16177e+04    6.14935e+04    4.13093e+04    4.00124e+02    7.34204e+03
     Coulomb-14        LJ (SR)   Coulomb (SR)   Coul. recip. Position Rest.
    4.74385e+02    6.93575e+03   -5.62690e+05    2.05949e+03    3.20439e+02
     Dih. Rest.      Potential    Kinetic En.   Total Energy  Conserved En.
    4.55925e+02   -4.30281e+05    1.51014e+05   -2.79267e+05   -3.05837e+05
    Temperature Pressure (bar)   Constr. rmsd
    3.00973e+02   -1.91400e+01    4.19370e-06

           Step           Time
         358000      716.00000

   Energies (kJ/mol)
           Bond            U-B    Proper Dih.  Improper Dih.          LJ-14
    1.15965e+04    6.13112e+04    4.10679e+04    3.17270e+02    7.47349e+03
     Coulomb-14        LJ (SR)   Coulomb (SR)   Coul. recip. Position Rest.
    2.26191e+02    6.89214e+03   -5.62556e+05    2.00091e+03    3.57708e+02
     Dih. Rest.      Potential    Kinetic En.   Total Energy  Conserved En.
    4.14098e+02   -4.30899e+05    1.50184e+05   -2.80715e+05   -3.05682e+05
    Temperature Pressure (bar)   Constr. rmsd
    2.99319e+02   -3.12515e+01    4.19370e-06

           Step           Time
         360000      720.00000

   Energies (kJ/mol)
           Bond            U-B    Proper Dih.  Improper Dih.          LJ-14
    1.15867e+04    6.08123e+04    4.10132e+04    4.07446e+02    7.35399e+03
     Coulomb-14        LJ (SR)   Coulomb (SR)   Coul. recip. Position Rest.
    1.91685e+02    7.29289e+03   -5.64727e+05    2.08510e+03    3.47902e+02
     Dih. Rest.      Potential    Kinetic En.   Total Energy  Conserved En.
    4.21809e+02   -4.33214e+05    1.50482e+05   -2.82733e+05   -3.05579e+05
    Temperature Pressure (bar)   Constr. rmsd
    2.99912e+02   -1.16000e+02    4.19370e-06

           Step           Time
         362000      724.00000

   Energies (kJ/mol)
           Bond            U-B    Proper Dih.  Improper Dih.          LJ-14
    1.14875e+04    6.16265e+04    4.12184e+04    3.62659e+02    7.39923e+03
     Coulomb-14        LJ (SR)   Coulomb (SR)   Coul. recip. Position Rest.
    1.91178e+02    6.25338e+03   -5.63481e+05    2.05176e+03    3.12846e+02
     Dih. Rest.      Potential    Kinetic En.   Total Energy  Conserved En.
    4.52471e+02   -4.32125e+05    1.50893e+05   -2.81232e+05   -3.05442e+05
    Temperature Pressure (bar)   Constr. rmsd
    3.00731e+02   -1.20206e+02    4.19370e-06

           Step           Time
         364000      728.00000

   Energies (kJ/mol)
           Bond            U-B    Proper Dih.  Improper Dih.          LJ-14
    1.13614e+04    6.15343e+04    4.11231e+04    3.63166e+02    7.41886e+03
     Coulomb-14        LJ (SR)   Coulomb (SR)   Coul. recip. Position Rest.
    1.36042e+02    6.55217e+03   -5.63866e+05    2.04669e+03    3.39919e+02
     Dih. Rest.      Potential    Kinetic En.   Total Energy  Conserved En.
    3.88116e+02   -4.32602e+05    1.50489e+05   -2.82113e+05   -3.05279e+05
    Temperature Pressure (bar)   Constr. rmsd
    2.99927e+02   -5.59035e+01    4.19370e-06

           Step           Time
         366000      732.00000

   Energies (kJ/mol)
           Bond            U-B    Proper Dih.  Improper Dih.          LJ-14
    1.15620e+04    6.13539e+04    4.10393e+04    3.71026e+02    7.52504e+03
     Coulomb-14        LJ (SR)   Coulomb (SR)   Coul. recip. Position Rest.
    1.70521e+02    7.22458e+03   -5.64473e+05    2.04295e+03    3.09545e+02
     Dih. Rest.      Potential    Kinetic En.   Total Energy  Conserved En.
    4.25288e+02   -4.32449e+05    1.50527e+05   -2.81922e+05   -3.05130e+05
    Temperature Pressure (bar)   Constr. rmsd
    3.00003e+02   -8.48309e+01    4.19370e-06

           Step           Time
         368000      736.00000

   Energies (kJ/mol)
           Bond            U-B    Proper Dih.  Improper Dih.          LJ-14
    1.18042e+04    6.14079e+04    4.14541e+04    4.05061e+02    7.44863e+03
     Coulomb-14        LJ (SR)   Coulomb (SR)   Coul. recip. Position Rest.
   -3.09282e+02    7.01044e+03   -5.62572e+05    2.00810e+03    2.77282e+02
     Dih. Rest.      Potential    Kinetic En.   Total Energy  Conserved En.
    4.14652e+02   -4.30650e+05    1.51236e+05   -2.79414e+05   -3.05044e+05
    Temperature Pressure (bar)   Constr. rmsd
    3.01416e+02   -3.23054e+01    4.19370e-06

           Step           Time
         370000      740.00000

   Energies (kJ/mol)
           Bond            U-B    Proper Dih.  Improper Dih.          LJ-14
    1.15297e+04    6.19442e+04    4.12369e+04    3.95172e+02    7.48454e+03
     Coulomb-14        LJ (SR)   Coulomb (SR)   Coul. recip. Position Rest.
   -3.34735e+02    7.57112e+03   -5.63111e+05    2.05684e+03    2.83614e+02
     Dih. Rest.      Potential    Kinetic En.   Total Energy  Conserved En.
    4.17512e+02   -4.30526e+05    1.52069e+05   -2.78458e+05   -3.04921e+05
    Temperature Pressure (bar)   Constr. rmsd
    3.03075e+02   -9.71178e+00    4.19370e-06

           Step           Time
         372000      744.00000

   Energies (kJ/mol)
           Bond            U-B    Proper Dih.  Improper Dih.          LJ-14
    1.15602e+04    6.13291e+04    4.13916e+04    3.97598e+02    7.56921e+03
     Coulomb-14        LJ (SR)   Coulomb (SR)   Coul. recip. Position Rest.
   -2.15581e+02    6.79641e+03   -5.62371e+05    2.04293e+03    2.91114e+02
     Dih. Rest.      Potential    Kinetic En.   Total Energy  Conserved En.
    4.34089e+02   -4.30774e+05    1.50637e+05   -2.80138e+05   -3.04744e+05
    Temperature Pressure (bar)   Constr. rmsd
    3.00221e+02   -6.37414e+00    4.19370e-06

           Step           Time
         374000      748.00000

   Energies (kJ/mol)
           Bond            U-B    Proper Dih.  Improper Dih.          LJ-14
    1.13931e+04    6.15691e+04    4.11413e+04    4.11396e+02    7.64596e+03
     Coulomb-14        LJ (SR)   Coulomb (SR)   Coul. recip. Position Rest.
    1.39784e+01    6.03454e+03   -5.63052e+05    2.05486e+03    3.19644e+02
     Dih. Rest.      Potential    Kinetic En.   Total Energy  Conserved En.
    4.11466e+02   -4.32057e+05    1.50545e+05   -2.81512e+05   -3.04604e+05
    Temperature Pressure (bar)   Constr. rmsd
    3.00039e+02   -8.54679e+01    4.19370e-06

           Step           Time
         376000      752.00000

   Energies (kJ/mol)
           Bond            U-B    Proper Dih.  Improper Dih.          LJ-14
    1.16061e+04    6.14577e+04    4.15098e+04    4.43169e+02    7.51294e+03
     Coulomb-14        LJ (SR)   Coulomb (SR)   Coul. recip. Position Rest.
   -4.01436e+02    7.39898e+03   -5.63495e+05    2.05714e+03    2.75172e+02
     Dih. Rest.      Potential    Kinetic En.   Total Energy  Conserved En.
    3.76292e+02   -4.31260e+05    1.50007e+05   -2.81253e+05   -3.04495e+05
    Temperature Pressure (bar)   Constr. rmsd
    2.98965e+02   -2.13426e+01    4.19370e-06

           Step           Time
         378000      756.00000

   Energies (kJ/mol)
           Bond            U-B    Proper Dih.  Improper Dih.          LJ-14
    1.16172e+04    6.08441e+04    4.13661e+04    3.60934e+02    7.59568e+03
     Coulomb-14        LJ (SR)   Coulomb (SR)   Coul. recip. Position Rest.
    2.58043e+02    6.95261e+03   -5.63337e+05    1.98687e+03    3.01319e+02
     Dih. Rest.      Potential    Kinetic En.   Total Energy  Conserved En.
    4.61121e+02   -4.31593e+05    1.51426e+05   -2.80166e+05   -3.04459e+05
    Temperature Pressure (bar)   Constr. rmsd
    3.01794e+02   -7.32462e+01    4.19370e-06

           Step           Time
         380000      760.00000

   Energies (kJ/mol)
           Bond            U-B    Proper Dih.  Improper Dih.          LJ-14
    1.15896e+04    6.15403e+04    4.11559e+04    3.95865e+02    7.29897e+03
     Coulomb-14        LJ (SR)   Coulomb (SR)   Coul. recip. Position Rest.
   -3.19238e+02    6.33729e+03   -5.62840e+05    2.02923e+03    3.00361e+02
     Dih. Rest.      Potential    Kinetic En.   Total Energy  Conserved En.
    3.79308e+02   -4.32132e+05    1.51392e+05   -2.80740e+05   -3.04314e+05
    Temperature Pressure (bar)   Constr. rmsd
    3.01727e+02   -4.11713e+01    4.19370e-06

           Step           Time
         382000      764.00000

   Energies (kJ/mol)
           Bond            U-B    Proper Dih.  Improper Dih.          LJ-14
    1.19336e+04    6.18670e+04    4.11121e+04    3.73127e+02    7.52588e+03
     Coulomb-14        LJ (SR)   Coulomb (SR)   Coul. recip. Position Rest.
    2.80238e+02    7.21186e+03   -5.64267e+05    2.05608e+03    2.89544e+02
     Dih. Rest.      Potential    Kinetic En.   Total Energy  Conserved En.
    4.24097e+02   -4.31193e+05    1.50742e+05   -2.80451e+05   -3.04084e+05
    Temperature Pressure (bar)   Constr. rmsd
    3.00432e+02   -6.80871e+01    4.19370e-06

           Step           Time
         384000      768.00000

   Energies (kJ/mol)
           Bond            U-B    Proper Dih.  Improper Dih.          LJ-14
    1.16147e+04    6.16818e+04    4.12226e+04    3.75810e+02    7.42222e+03
     Coulomb-14        LJ (SR)   Coulomb (SR)   Coul. recip. Position Rest.
    2.85412e+02    6.44111e+03   -5.63226e+05    2.06053e+03    3.39615e+02
     Dih. Rest.      Potential    Kinetic En.   Total Energy  Conserved En.
    3.96996e+02   -4.31386e+05    1.50523e+05   -2.80862e+05   -3.03978e+05
    Temperature Pressure (bar)   Constr. rmsd
    2.99995e+02   -1.06535e+02    4.19370e-06

           Step           Time
         386000      772.00000

   Energies (kJ/mol)
           Bond            U-B    Proper Dih.  Improper Dih.          LJ-14
    1.15635e+04    6.13263e+04    4.13977e+04    4.06840e+02    7.64886e+03
     Coulomb-14        LJ (SR)   Coulomb (SR)   Coul. recip. Position Rest.
   -1.08307e+02    6.46973e+03   -5.63025e+05    2.04497e+03    3.41766e+02
     Dih. Rest.      Potential    Kinetic En.   Total Energy  Conserved En.
    4.80150e+02   -4.31454e+05    1.49708e+05   -2.81746e+05   -3.03884e+05
    Temperature Pressure (bar)   Constr. rmsd
    2.98370e+02   -2.97197e+01    4.19370e-06

           Step           Time
         388000      776.00000

   Energies (kJ/mol)
           Bond            U-B    Proper Dih.  Improper Dih.          LJ-14
    1.16999e+04    6.11934e+04    4.14674e+04    4.08520e+02    7.50471e+03
     Coulomb-14        LJ (SR)   Coulomb (SR)   Coul. recip. Position Rest.
    4.45807e+02    6.38966e+03   -5.63359e+05    2.02226e+03    3.11092e+02
     Dih. Rest.      Potential    Kinetic En.   Total Energy  Conserved En.
    3.97562e+02   -4.31519e+05    1.50509e+05   -2.81010e+05   -3.03810e+05
    Temperature Pressure (bar)   Constr. rmsd
    2.99966e+02   -4.57947e+01    4.19370e-06

           Step           Time
         390000      780.00000

   Energies (kJ/mol)
           Bond            U-B    Proper Dih.  Improper Dih.          LJ-14
    1.17053e+04    6.17819e+04    4.12180e+04    4.20683e+02    7.36642e+03
     Coulomb-14        LJ (SR)   Coulomb (SR)   Coul. recip. Position Rest.
   -3.88791e+02    6.68885e+03   -5.62956e+05    2.06256e+03    3.04045e+02
     Dih. Rest.      Potential    Kinetic En.   Total Energy  Conserved En.
    4.13640e+02   -4.31384e+05    1.51309e+05   -2.80075e+05   -3.03662e+05
    Temperature Pressure (bar)   Constr. rmsd
    3.01561e+02   -6.14638e+01    4.19370e-06

           Step           Time
         392000      784.00000

   Energies (kJ/mol)
           Bond            U-B    Proper Dih.  Improper Dih.          LJ-14
    1.14263e+04    6.12974e+04    4.16939e+04    3.72483e+02    7.55040e+03
     Coulomb-14        LJ (SR)   Coulomb (SR)   Coul. recip. Position Rest.
    7.60083e+00    7.61549e+03   -5.63433e+05    2.10103e+03    3.17147e+02
     Dih. Rest.      Potential    Kinetic En.   Total Energy  Conserved En.
    4.10295e+02   -4.30641e+05    1.51001e+05   -2.79639e+05   -3.03601e+05
    Temperature Pressure (bar)   Constr. rmsd
    3.00948e+02   -8.24488e+00    4.19370e-06

           Step           Time
         394000      788.00000

   Energies (kJ/mol)
           Bond            U-B    Proper Dih.  Improper Dih.          LJ-14
    1.17194e+04    6.15351e+04    4.13367e+04    3.31472e+02    7.55377e+03
     Coulomb-14        LJ (SR)   Coulomb (SR)   Coul. recip. Position Rest.
    1.92067e+02    5.98175e+03   -5.61402e+05    2.03575e+03    3.59803e+02
     Dih. Rest.      Potential    Kinetic En.   Total Energy  Conserved En.
    4.44932e+02   -4.29912e+05    1.50408e+05   -2.79504e+05   -3.03425e+05
    Temperature Pressure (bar)   Constr. rmsd
    2.99765e+02    1.14550e+01    4.19370e-06

Writing checkpoint, step 394600 at Sat Jul 27 04:22:58 2024


           Step           Time
         396000      792.00000

   Energies (kJ/mol)
           Bond            U-B    Proper Dih.  Improper Dih.          LJ-14
    1.14800e+04    6.16327e+04    4.15584e+04    3.82123e+02    7.54159e+03
     Coulomb-14        LJ (SR)   Coulomb (SR)   Coul. recip. Position Rest.
   -5.93364e+02    7.06495e+03   -5.60963e+05    2.02359e+03    3.33405e+02
     Dih. Rest.      Potential    Kinetic En.   Total Energy  Conserved En.
    4.09931e+02   -4.29130e+05    1.49711e+05   -2.79419e+05   -3.03244e+05
    Temperature Pressure (bar)   Constr. rmsd
    2.98376e+02    1.57227e+01    4.19370e-06

           Step           Time
         398000      796.00000

   Energies (kJ/mol)
           Bond            U-B    Proper Dih.  Improper Dih.          LJ-14
    1.14212e+04    6.11361e+04    4.13813e+04    3.90776e+02    7.41464e+03
     Coulomb-14        LJ (SR)   Coulomb (SR)   Coul. recip. Position Rest.
   -3.12460e+02    5.97739e+03   -5.61976e+05    2.06279e+03    2.77734e+02
     Dih. Rest.      Potential    Kinetic En.   Total Energy  Conserved En.
    4.05941e+02   -4.31820e+05    1.51118e+05   -2.80703e+05   -3.03196e+05
    Temperature Pressure (bar)   Constr. rmsd
    3.01179e+02   -5.25699e+01    4.19370e-06

           Step           Time
         400000      800.00000

   Energies (kJ/mol)
           Bond            U-B    Proper Dih.  Improper Dih.          LJ-14
    1.14066e+04    6.11115e+04    4.12131e+04    3.25931e+02    7.36118e+03
     Coulomb-14        LJ (SR)   Coulomb (SR)   Coul. recip. Position Rest.
    2.87400e+02    5.59442e+03   -5.61427e+05    2.19875e+03    3.00264e+02
     Dih. Rest.      Potential    Kinetic En.   Total Energy  Conserved En.
    4.13894e+02   -4.31214e+05    1.50605e+05   -2.80608e+05   -3.03092e+05
    Temperature Pressure (bar)   Constr. rmsd
    3.00158e+02   -1.60704e+02    4.19370e-06

           Step           Time
         402000      804.00000

   Energies (kJ/mol)
           Bond            U-B    Proper Dih.  Improper Dih.          LJ-14
    1.18448e+04    6.04695e+04    4.15400e+04    3.17849e+02    7.37377e+03
     Coulomb-14        LJ (SR)   Coulomb (SR)   Coul. recip. Position Rest.
   -2.36998e+01    5.74755e+03   -5.62182e+05    2.08428e+03    3.11455e+02
     Dih. Rest.      Potential    Kinetic En.   Total Energy  Conserved En.
    3.68963e+02   -4.32147e+05    1.51692e+05   -2.80455e+05   -3.02977e+05
    Temperature Pressure (bar)   Constr. rmsd
    3.02324e+02   -1.29037e+02    4.19370e-06

           Step           Time
         404000      808.00000

   Energies (kJ/mol)
           Bond            U-B    Proper Dih.  Improper Dih.          LJ-14
    1.19054e+04    6.11560e+04    4.13665e+04    3.82862e+02    7.36501e+03
     Coulomb-14        LJ (SR)   Coulomb (SR)   Coul. recip. Position Rest.
   -1.99313e+02    5.76742e+03   -5.60995e+05    2.08732e+03    3.11132e+02
     Dih. Rest.      Potential    Kinetic En.   Total Energy  Conserved En.
    4.18676e+02   -4.30434e+05    1.49493e+05   -2.80942e+05   -3.02782e+05
    Temperature Pressure (bar)   Constr. rmsd
    2.97941e+02   -6.27435e+01    4.19370e-06

           Step           Time
         406000      812.00000

   Energies (kJ/mol)
           Bond            U-B    Proper Dih.  Improper Dih.          LJ-14
    1.14255e+04    6.13554e+04    4.14585e+04    3.92655e+02    7.51175e+03
     Coulomb-14        LJ (SR)   Coulomb (SR)   Coul. recip. Position Rest.
   -1.30898e+02    4.65892e+03   -5.60646e+05    2.07658e+03    2.87951e+02
     Dih. Rest.      Potential    Kinetic En.   Total Energy  Conserved En.
    4.08491e+02   -4.31201e+05    1.50227e+05   -2.80974e+05   -3.02728e+05
    Temperature Pressure (bar)   Constr. rmsd
    2.99405e+02   -2.08381e+02    4.19370e-06

           Step           Time
         408000      816.00000

   Energies (kJ/mol)
           Bond            U-B    Proper Dih.  Improper Dih.          LJ-14
    1.14032e+04    6.11553e+04    4.11774e+04    4.04787e+02    7.59484e+03
     Coulomb-14        LJ (SR)   Coulomb (SR)   Coul. recip. Position Rest.
   -2.93236e+02    5.73943e+03   -5.60940e+05    2.02712e+03    3.21660e+02
     Dih. Rest.      Potential    Kinetic En.   Total Energy  Conserved En.
    4.34036e+02   -4.30976e+05    1.50214e+05   -2.80762e+05   -3.02568e+05
    Temperature Pressure (bar)   Constr. rmsd
    2.99379e+02   -6.24712e+01    4.19370e-06

           Step           Time
         410000      820.00000

   Energies (kJ/mol)
           Bond            U-B    Proper Dih.  Improper Dih.          LJ-14
    1.14435e+04    6.08082e+04    4.12546e+04    3.54338e+02    7.54146e+03
     Coulomb-14        LJ (SR)   Coulomb (SR)   Coul. recip. Position Rest.
   -5.06726e+02    5.94122e+03   -5.60880e+05    2.07769e+03    3.29453e+02
     Dih. Rest.      Potential    Kinetic En.   Total Energy  Conserved En.
    4.21951e+02   -4.31214e+05    1.51023e+05   -2.80191e+05   -3.02453e+05
    Temperature Pressure (bar)   Constr. rmsd
    3.00991e+02   -3.32088e+01    4.19370e-06

           Step           Time
         412000      824.00000

   Energies (kJ/mol)
           Bond            U-B    Proper Dih.  Improper Dih.          LJ-14
    1.19657e+04    6.12598e+04    4.14898e+04    3.51254e+02    7.48210e+03
     Coulomb-14        LJ (SR)   Coulomb (SR)   Coul. recip. Position Rest.
   -4.58319e+02    5.89741e+03   -5.60528e+05    2.06280e+03    3.14438e+02
     Dih. Rest.      Potential    Kinetic En.   Total Energy  Conserved En.
    4.04611e+02   -4.29759e+05    1.50117e+05   -2.79642e+05   -3.02269e+05
    Temperature Pressure (bar)   Constr. rmsd
    2.99186e+02   -1.50489e+02    4.19370e-06

           Step           Time
         414000      828.00000

   Energies (kJ/mol)
           Bond            U-B    Proper Dih.  Improper Dih.          LJ-14
    1.14321e+04    6.12197e+04    4.15445e+04    3.90905e+02    7.32312e+03
     Coulomb-14        LJ (SR)   Coulomb (SR)   Coul. recip. Position Rest.
   -4.06816e+02    5.46609e+03   -5.60347e+05    2.08382e+03    3.51150e+02
     Dih. Rest.      Potential    Kinetic En.   Total Energy  Conserved En.
    4.09657e+02   -4.30532e+05    1.51186e+05   -2.79346e+05   -3.02191e+05
    Temperature Pressure (bar)   Constr. rmsd
    3.01316e+02   -1.26408e+02    4.19370e-06

           Step           Time
         416000      832.00000

   Energies (kJ/mol)
           Bond            U-B    Proper Dih.  Improper Dih.          LJ-14
    1.18679e+04    6.03334e+04    4.16499e+04    3.24500e+02    7.49996e+03
     Coulomb-14        LJ (SR)   Coulomb (SR)   Coul. recip. Position Rest.
   -7.70712e+01    6.59687e+03   -5.61912e+05    2.01785e+03    3.37300e+02
     Dih. Rest.      Potential    Kinetic En.   Total Energy  Conserved En.
    3.84939e+02   -4.30976e+05    1.50797e+05   -2.80180e+05   -3.02050e+05
    Temperature Pressure (bar)   Constr. rmsd
    3.00539e+02   -2.67125e+00    4.19370e-06

           Step           Time
         418000      836.00000

   Energies (kJ/mol)
           Bond            U-B    Proper Dih.  Improper Dih.          LJ-14
    1.14233e+04    6.15647e+04    4.13582e+04    3.37103e+02    7.27236e+03
     Coulomb-14        LJ (SR)   Coulomb (SR)   Coul. recip. Position Rest.
   -4.05308e+02    6.48362e+03   -5.61945e+05    2.08396e+03    3.32005e+02
     Dih. Rest.      Potential    Kinetic En.   Total Energy  Conserved En.
    4.12590e+02   -4.31082e+05    1.51063e+05   -2.80019e+05   -3.01892e+05
    Temperature Pressure (bar)   Constr. rmsd
    3.01071e+02   -1.06813e+02    4.19370e-06

           Step           Time
         420000      840.00000

   Energies (kJ/mol)
           Bond            U-B    Proper Dih.  Improper Dih.          LJ-14
    1.13823e+04    6.04835e+04    4.15021e+04    3.69222e+02    7.53873e+03
     Coulomb-14        LJ (SR)   Coulomb (SR)   Coul. recip. Position Rest.
   -2.99884e+02    6.50970e+03   -5.62083e+05    2.09993e+03    3.20196e+02
     Dih. Rest.      Potential    Kinetic En.   Total Energy  Conserved En.
    4.10107e+02   -4.31767e+05    1.50789e+05   -2.80978e+05   -3.01816e+05
    Temperature Pressure (bar)   Constr. rmsd
    3.00524e+02   -5.49760e+01    4.19370e-06

           Step           Time
         422000      844.00000

   Energies (kJ/mol)
           Bond            U-B    Proper Dih.  Improper Dih.          LJ-14
    1.16227e+04    6.11767e+04    4.13306e+04    4.10442e+02    7.62364e+03
     Coulomb-14        LJ (SR)   Coulomb (SR)   Coul. recip. Position Rest.
    1.54915e+01    7.01283e+03   -5.62817e+05    2.11858e+03    3.32024e+02
     Dih. Rest.      Potential    Kinetic En.   Total Energy  Conserved En.
    4.52592e+02   -4.30721e+05    1.50235e+05   -2.80486e+05   -3.01615e+05
    Temperature Pressure (bar)   Constr. rmsd
    2.99420e+02   -7.21441e+01    4.19370e-06

           Step           Time
         424000      848.00000

   Energies (kJ/mol)
           Bond            U-B    Proper Dih.  Improper Dih.          LJ-14
    1.15087e+04    6.16273e+04    4.13202e+04    4.45263e+02    7.53546e+03
     Coulomb-14        LJ (SR)   Coulomb (SR)   Coul. recip. Position Rest.
   -1.31644e+02    5.34523e+03   -5.62025e+05    2.15293e+03    3.52763e+02
     Dih. Rest.      Potential    Kinetic En.   Total Energy  Conserved En.
    4.21505e+02   -4.31448e+05    1.50353e+05   -2.81095e+05   -3.01492e+05
    Temperature Pressure (bar)   Constr. rmsd
    2.99655e+02   -6.83567e+01    4.19370e-06

           Step           Time
         426000      852.00000

   Energies (kJ/mol)
           Bond            U-B    Proper Dih.  Improper Dih.          LJ-14
    1.16372e+04    6.10222e+04    4.14790e+04    4.59717e+02    7.57465e+03
     Coulomb-14        LJ (SR)   Coulomb (SR)   Coul. recip. Position Rest.
   -4.82382e+02    6.31599e+03   -5.62263e+05    2.08064e+03    3.36891e+02
     Dih. Rest.      Potential    Kinetic En.   Total Energy  Conserved En.
    4.67595e+02   -4.31372e+05    1.51186e+05   -2.80186e+05   -3.01369e+05
    Temperature Pressure (bar)   Constr. rmsd
    3.01315e+02   -8.13112e+01    4.19370e-06

           Step           Time
         428000      856.00000

   Energies (kJ/mol)
           Bond            U-B    Proper Dih.  Improper Dih.          LJ-14
    1.16844e+04    6.13396e+04    4.13178e+04    3.35801e+02    7.38981e+03
     Coulomb-14        LJ (SR)   Coulomb (SR)   Coul. recip. Position Rest.
   -6.19314e+02    4.97527e+03   -5.60844e+05    2.05738e+03    3.00875e+02
     Dih. Rest.      Potential    Kinetic En.   Total Energy  Conserved En.
    3.71734e+02   -4.31691e+05    1.50202e+05   -2.81489e+05   -3.01225e+05
    Temperature Pressure (bar)   Constr. rmsd
    2.99355e+02   -1.26332e+02    4.19370e-06

           Step           Time
         430000      860.00000

   Energies (kJ/mol)
           Bond            U-B    Proper Dih.  Improper Dih.          LJ-14
    1.15499e+04    6.15324e+04    4.12024e+04    3.78869e+02    7.52551e+03
     Coulomb-14        LJ (SR)   Coulomb (SR)   Coul. recip. Position Rest.
   -5.40042e+02    6.25454e+03   -5.62901e+05    2.01992e+03    3.16373e+02
     Dih. Rest.      Potential    Kinetic En.   Total Energy  Conserved En.
    3.71853e+02   -4.32289e+05    1.49889e+05   -2.82401e+05   -3.01078e+05
    Temperature Pressure (bar)   Constr. rmsd
    2.98730e+02   -7.81901e+01    4.19370e-06

           Step           Time
         432000      864.00000

   Energies (kJ/mol)
           Bond            U-B    Proper Dih.  Improper Dih.          LJ-14
    1.13855e+04    6.03915e+04    4.13965e+04    4.26065e+02    7.44174e+03
     Coulomb-14        LJ (SR)   Coulomb (SR)   Coul. recip. Position Rest.
   -1.72122e+02    5.92298e+03   -5.61934e+05    2.03611e+03    3.52494e+02
     Dih. Rest.      Potential    Kinetic En.   Total Energy  Conserved En.
    3.81362e+02   -4.32372e+05    1.49654e+05   -2.82718e+05   -3.00998e+05
    Temperature Pressure (bar)   Constr. rmsd
    2.98263e+02   -8.21780e+01    4.19370e-06

           Step           Time
         434000      868.00000

   Energies (kJ/mol)
           Bond            U-B    Proper Dih.  Improper Dih.          LJ-14
    1.18349e+04    6.09852e+04    4.14331e+04    4.04487e+02    7.51247e+03
     Coulomb-14        LJ (SR)   Coulomb (SR)   Coul. recip. Position Rest.
   -6.89617e+02    6.03316e+03   -5.61880e+05    2.12095e+03    3.41847e+02
     Dih. Rest.      Potential    Kinetic En.   Total Energy  Conserved En.
    4.60201e+02   -4.31443e+05    1.50841e+05   -2.80601e+05   -3.00794e+05
    Temperature Pressure (bar)   Constr. rmsd
    3.00629e+02   -3.41716e+01    4.19370e-06

           Step           Time
         436000      872.00000

   Energies (kJ/mol)
           Bond            U-B    Proper Dih.  Improper Dih.          LJ-14
    1.13961e+04    6.14555e+04    4.14367e+04    4.21818e+02    7.52806e+03
     Coulomb-14        LJ (SR)   Coulomb (SR)   Coul. recip. Position Rest.
   -5.26930e+02    5.49463e+03   -5.61463e+05    2.10349e+03    3.44917e+02
     Dih. Rest.      Potential    Kinetic En.   Total Energy  Conserved En.
    4.54693e+02   -4.31354e+05    1.49473e+05   -2.81881e+05   -3.00757e+05
    Temperature Pressure (bar)   Constr. rmsd
    2.97902e+02   -1.27950e+02    4.19370e-06

           Step           Time
         438000      876.00000

   Energies (kJ/mol)
           Bond            U-B    Proper Dih.  Improper Dih.          LJ-14
    1.14364e+04    6.11996e+04    4.15991e+04    3.68224e+02    7.55932e+03
     Coulomb-14        LJ (SR)   Coulomb (SR)   Coul. recip. Position Rest.
   -5.39305e+02    5.40832e+03   -5.61363e+05    2.08450e+03    3.33732e+02
     Dih. Rest.      Potential    Kinetic En.   Total Energy  Conserved En.
    4.29088e+02   -4.31484e+05    1.50026e+05   -2.81458e+05   -3.00606e+05
    Temperature Pressure (bar)   Constr. rmsd
    2.99003e+02   -6.10501e+01    4.19370e-06

           Step           Time
         440000      880.00000

   Energies (kJ/mol)
           Bond            U-B    Proper Dih.  Improper Dih.          LJ-14
    1.17098e+04    6.13866e+04    4.10417e+04    3.71898e+02    7.39969e+03
     Coulomb-14        LJ (SR)   Coulomb (SR)   Coul. recip. Position Rest.
   -8.58139e+02    5.50554e+03   -5.61123e+05    2.07473e+03    3.16908e+02
     Dih. Rest.      Potential    Kinetic En.   Total Energy  Conserved En.
    4.00072e+02   -4.31774e+05    1.50387e+05   -2.81388e+05   -3.00484e+05
    Temperature Pressure (bar)   Constr. rmsd
    2.99723e+02   -5.45553e+01    4.19370e-06

           Step           Time
         442000      884.00000

   Energies (kJ/mol)
           Bond            U-B    Proper Dih.  Improper Dih.          LJ-14
    1.11754e+04    6.15632e+04    4.09357e+04    4.06935e+02    7.48406e+03
     Coulomb-14        LJ (SR)   Coulomb (SR)   Coul. recip. Position Rest.
   -3.00867e+02    8.77159e+03   -5.65530e+05    1.99780e+03    3.12643e+02
     Dih. Rest.      Potential    Kinetic En.   Total Energy  Conserved En.
    4.03945e+02   -4.32780e+05    1.51219e+05   -2.81561e+05   -3.00341e+05
    Temperature Pressure (bar)   Constr. rmsd
    3.01381e+02    6.68261e+01    4.19370e-06

           Step           Time
         444000      888.00000

   Energies (kJ/mol)
           Bond            U-B    Proper Dih.  Improper Dih.          LJ-14
    1.12745e+04    6.12594e+04    4.13928e+04    3.42924e+02    7.50108e+03
     Coulomb-14        LJ (SR)   Coulomb (SR)   Coul. recip. Position Rest.
   -7.92899e+01    6.13585e+03   -5.62581e+05    2.05734e+03    3.39641e+02
     Dih. Rest.      Potential    Kinetic En.   Total Energy  Conserved En.
    3.89251e+02   -4.31967e+05    1.50027e+05   -2.81940e+05   -3.00204e+05
    Temperature Pressure (bar)   Constr. rmsd
    2.99005e+02   -1.63055e+01    4.19370e-06

           Step           Time
         446000      892.00000

   Energies (kJ/mol)
           Bond            U-B    Proper Dih.  Improper Dih.          LJ-14
    1.15812e+04    6.12964e+04    4.14315e+04    4.09551e+02    7.51705e+03
     Coulomb-14        LJ (SR)   Coulomb (SR)   Coul. recip. Position Rest.
    3.90209e+01    5.76325e+03   -5.61769e+05    2.03976e+03    3.44166e+02
     Dih. Rest.      Potential    Kinetic En.   Total Energy  Conserved En.
    4.45764e+02   -4.30901e+05    1.50679e+05   -2.80222e+05   -3.00091e+05
    Temperature Pressure (bar)   Constr. rmsd
    3.00306e+02   -5.00715e+01    4.19370e-06

           Step           Time
         448000      896.00000

   Energies (kJ/mol)
           Bond            U-B    Proper Dih.  Improper Dih.          LJ-14
    1.15797e+04    6.16898e+04    4.12653e+04    3.24165e+02    7.50754e+03
     Coulomb-14        LJ (SR)   Coulomb (SR)   Coul. recip. Position Rest.
   -1.01867e+02    6.81600e+03   -5.63311e+05    2.09093e+03    2.92750e+02
     Dih. Rest.      Potential    Kinetic En.   Total Energy  Conserved En.
    4.21043e+02   -4.31426e+05    1.51671e+05   -2.79755e+05   -2.99964e+05
    Temperature Pressure (bar)   Constr. rmsd
    3.02282e+02   -4.54590e+00    4.19370e-06

           Step           Time
         450000      900.00000

   Energies (kJ/mol)
           Bond            U-B    Proper Dih.  Improper Dih.          LJ-14
    1.13352e+04    6.16741e+04    4.12910e+04    3.92060e+02    7.50923e+03
     Coulomb-14        LJ (SR)   Coulomb (SR)   Coul. recip. Position Rest.
   -4.20608e+02    5.07529e+03   -5.61609e+05    2.06412e+03    3.11604e+02
     Dih. Rest.      Potential    Kinetic En.   Total Energy  Conserved En.
    4.49524e+02   -4.31927e+05    1.49950e+05   -2.81977e+05   -2.99837e+05
    Temperature Pressure (bar)   Constr. rmsd
    2.98852e+02   -7.81812e+01    4.19370e-06

           Step           Time
         452000      904.00000

   Energies (kJ/mol)
           Bond            U-B    Proper Dih.  Improper Dih.          LJ-14
    1.14874e+04    6.15964e+04    4.12944e+04    3.86946e+02    7.58883e+03
     Coulomb-14        LJ (SR)   Coulomb (SR)   Coul. recip. Position Rest.
    2.95177e+02    6.28214e+03   -5.63248e+05    2.02397e+03    2.87347e+02
     Dih. Rest.      Potential    Kinetic En.   Total Energy  Conserved En.
    3.66839e+02   -4.31639e+05    1.49205e+05   -2.82434e+05   -2.99673e+05
    Temperature Pressure (bar)   Constr. rmsd
    2.97368e+02    1.06640e+01    4.19370e-06

           Step           Time
         454000      908.00000

   Energies (kJ/mol)
           Bond            U-B    Proper Dih.  Improper Dih.          LJ-14
    1.14971e+04    6.13194e+04    4.12632e+04    4.02336e+02    7.60286e+03
     Coulomb-14        LJ (SR)   Coulomb (SR)   Coul. recip. Position Rest.
   -6.70044e+01    6.43603e+03   -5.63145e+05    2.02725e+03    3.49754e+02
     Dih. Rest.      Potential    Kinetic En.   Total Energy  Conserved En.
    3.71879e+02   -4.31942e+05    1.50988e+05   -2.80954e+05   -2.99577e+05
    Temperature Pressure (bar)   Constr. rmsd
    3.00921e+02   -6.52420e+01    4.19370e-06

           Step           Time
         456000      912.00000

   Energies (kJ/mol)
           Bond            U-B    Proper Dih.  Improper Dih.          LJ-14
    1.13711e+04    6.16804e+04    4.11890e+04    3.85271e+02    7.47566e+03
     Coulomb-14        LJ (SR)   Coulomb (SR)   Coul. recip. Position Rest.
   -1.22502e+02    6.46097e+03   -5.62673e+05    2.06340e+03    3.18936e+02
     Dih. Rest.      Potential    Kinetic En.   Total Energy  Conserved En.
    3.71782e+02   -4.31479e+05    1.50273e+05   -2.81206e+05   -2.99474e+05
    Temperature Pressure (bar)   Constr. rmsd
    2.99495e+02   -1.08349e+02    4.19370e-06

           Step           Time
         458000      916.00000

   Energies (kJ/mol)
           Bond            U-B    Proper Dih.  Improper Dih.          LJ-14
    1.13138e+04    6.09390e+04    4.10980e+04    3.52807e+02    7.41259e+03
     Coulomb-14        LJ (SR)   Coulomb (SR)   Coul. recip. Position Rest.
   -5.17332e+02    6.29700e+03   -5.63550e+05    2.01076e+03    3.02108e+02
     Dih. Rest.      Potential    Kinetic En.   Total Energy  Conserved En.
    3.60065e+02   -4.33982e+05    1.50991e+05   -2.82991e+05   -2.99439e+05
    Temperature Pressure (bar)   Constr. rmsd
    3.00927e+02   -1.84804e+01    4.19370e-06

           Step           Time
         460000      920.00000

   Energies (kJ/mol)
           Bond            U-B    Proper Dih.  Improper Dih.          LJ-14
    1.13166e+04    6.09740e+04    4.13720e+04    4.03435e+02    7.60241e+03
     Coulomb-14        LJ (SR)   Coulomb (SR)   Coul. recip. Position Rest.
   -4.31655e+02    5.56035e+03   -5.61817e+05    2.01604e+03    2.77397e+02
     Dih. Rest.      Potential    Kinetic En.   Total Energy  Conserved En.
    4.14642e+02   -4.32312e+05    1.50254e+05   -2.82058e+05   -2.99224e+05
    Temperature Pressure (bar)   Constr. rmsd
    2.99459e+02   -3.06258e+01    4.19370e-06

           Step           Time
         462000      924.00000

   Energies (kJ/mol)
           Bond            U-B    Proper Dih.  Improper Dih.          LJ-14
    1.15112e+04    6.07456e+04    4.12846e+04    3.87962e+02    7.60647e+03
     Coulomb-14        LJ (SR)   Coulomb (SR)   Coul. recip. Position Rest.
   -6.20910e+02    6.66998e+03   -5.63969e+05    2.04992e+03    3.42714e+02
     Dih. Rest.      Potential    Kinetic En.   Total Energy  Conserved En.
    4.67362e+02   -4.33524e+05    1.49952e+05   -2.83572e+05   -2.99093e+05
    Temperature Pressure (bar)   Constr. rmsd
    2.98857e+02   -6.83835e+01    4.19370e-06

           Step           Time
         464000      928.00000

   Energies (kJ/mol)
           Bond            U-B    Proper Dih.  Improper Dih.          LJ-14
    1.16329e+04    6.14388e+04    4.12024e+04    3.73556e+02    7.49877e+03
     Coulomb-14        LJ (SR)   Coulomb (SR)   Coul. recip. Position Rest.
   -6.56532e+02    7.12537e+03   -5.63514e+05    2.04430e+03    3.33975e+02
     Dih. Rest.      Potential    Kinetic En.   Total Energy  Conserved En.
    4.11985e+02   -4.32108e+05    1.50341e+05   -2.81767e+05   -2.98998e+05
    Temperature Pressure (bar)   Constr. rmsd
    2.99632e+02   -8.99687e+01    4.19370e-06

           Step           Time
         466000      932.00000

   Energies (kJ/mol)
           Bond            U-B    Proper Dih.  Improper Dih.          LJ-14
    1.15525e+04    6.16535e+04    4.13389e+04    3.83971e+02    7.52647e+03
     Coulomb-14        LJ (SR)   Coulomb (SR)   Coul. recip. Position Rest.
   -1.72019e+02    5.96817e+03   -5.61266e+05    2.06472e+03    3.36354e+02
     Dih. Rest.      Potential    Kinetic En.   Total Energy  Conserved En.
    4.25095e+02   -4.30188e+05    1.50432e+05   -2.79756e+05   -2.98879e+05
    Temperature Pressure (bar)   Constr. rmsd
    2.99814e+02   -7.05894e+01    4.19370e-06

           Step           Time
         468000      936.00000

   Energies (kJ/mol)
           Bond            U-B    Proper Dih.  Improper Dih.          LJ-14
    1.14800e+04    6.15099e+04    4.14006e+04    3.60643e+02    7.46318e+03
     Coulomb-14        LJ (SR)   Coulomb (SR)   Coul. recip. Position Rest.
   -7.05161e+02    6.72218e+03   -5.63577e+05    2.02981e+03    3.12333e+02
     Dih. Rest.      Potential    Kinetic En.   Total Energy  Conserved En.
    4.76588e+02   -4.32527e+05    1.51982e+05   -2.80544e+05   -2.98768e+05
    Temperature Pressure (bar)   Constr. rmsd
    3.02903e+02   -4.71898e+01    4.19370e-06

           Step           Time
         470000      940.00000

   Energies (kJ/mol)
           Bond            U-B    Proper Dih.  Improper Dih.          LJ-14
    1.17276e+04    6.09668e+04    4.13814e+04    4.16849e+02    7.37657e+03
     Coulomb-14        LJ (SR)   Coulomb (SR)   Coul. recip. Position Rest.
   -6.25458e+02    6.91754e+03   -5.64117e+05    2.06098e+03    3.21593e+02
     Dih. Rest.      Potential    Kinetic En.   Total Energy  Conserved En.
    3.97004e+02   -4.33176e+05    1.51570e+05   -2.81606e+05   -2.98636e+05
    Temperature Pressure (bar)   Constr. rmsd
    3.02082e+02   -1.01853e+02    4.19370e-06

           Step           Time
         472000      944.00000

   Energies (kJ/mol)
           Bond            U-B    Proper Dih.  Improper Dih.          LJ-14
    1.17357e+04    6.14880e+04    4.12377e+04    3.82041e+02    7.47424e+03
     Coulomb-14        LJ (SR)   Coulomb (SR)   Coul. recip. Position Rest.
   -5.35270e+02    6.71963e+03   -5.63670e+05    2.02106e+03    3.43004e+02
     Dih. Rest.      Potential    Kinetic En.   Total Energy  Conserved En.
    4.34601e+02   -4.32370e+05    1.50865e+05   -2.81505e+05   -2.98470e+05
    Temperature Pressure (bar)   Constr. rmsd
    3.00675e+02   -3.25776e+01    4.19370e-06

           Step           Time
         474000      948.00000

   Energies (kJ/mol)
           Bond            U-B    Proper Dih.  Improper Dih.          LJ-14
    1.18541e+04    6.20502e+04    4.15207e+04    4.24891e+02    7.62157e+03
     Coulomb-14        LJ (SR)   Coulomb (SR)   Coul. recip. Position Rest.
   -9.86953e+02    5.75913e+03   -5.61804e+05    2.08851e+03    3.31519e+02
     Dih. Rest.      Potential    Kinetic En.   Total Energy  Conserved En.
    4.14773e+02   -4.30726e+05    1.50296e+05   -2.80430e+05   -2.98312e+05
    Temperature Pressure (bar)   Constr. rmsd
    2.99543e+02   -6.91056e+01    4.19370e-06

           Step           Time
         476000      952.00000

   Energies (kJ/mol)
           Bond            U-B    Proper Dih.  Improper Dih.          LJ-14
    1.14823e+04    6.14248e+04    4.16607e+04    4.27476e+02    7.54906e+03
     Coulomb-14        LJ (SR)   Coulomb (SR)   Coul. recip. Position Rest.
   -5.06247e+02    7.59203e+03   -5.64756e+05    2.06931e+03    3.53684e+02
     Dih. Rest.      Potential    Kinetic En.   Total Energy  Conserved En.
    3.75025e+02   -4.32328e+05    1.50322e+05   -2.82006e+05   -2.98275e+05
    Temperature Pressure (bar)   Constr. rmsd
    2.99594e+02    1.23470e+01    4.19370e-06

           Step           Time
         478000      956.00000

   Energies (kJ/mol)
           Bond            U-B    Proper Dih.  Improper Dih.          LJ-14
    1.17934e+04    6.18273e+04    4.15681e+04    3.90596e+02    7.54783e+03
     Coulomb-14        LJ (SR)   Coulomb (SR)   Coul. recip. Position Rest.
   -5.59142e+02    6.91251e+03   -5.62571e+05    2.08301e+03    3.73765e+02
     Dih. Rest.      Potential    Kinetic En.   Total Energy  Conserved En.
    4.16212e+02   -4.30217e+05    1.49988e+05   -2.80230e+05   -2.98089e+05
    Temperature Pressure (bar)   Constr. rmsd
    2.98928e+02   -8.71283e+01    4.19370e-06

           Step           Time
         480000      960.00000

   Energies (kJ/mol)
           Bond            U-B    Proper Dih.  Improper Dih.          LJ-14
    1.13752e+04    6.22756e+04    4.16079e+04    4.33365e+02    7.58479e+03
     Coulomb-14        LJ (SR)   Coulomb (SR)   Coul. recip. Position Rest.
   -7.61818e+02    5.99778e+03   -5.62693e+05    1.98019e+03    3.51960e+02
     Dih. Rest.      Potential    Kinetic En.   Total Energy  Conserved En.
    4.40265e+02   -4.31407e+05    1.50446e+05   -2.80961e+05   -2.97891e+05
    Temperature Pressure (bar)   Constr. rmsd
    2.99841e+02   -3.32448e+01    4.19370e-06

           Step           Time
         482000      964.00000

   Energies (kJ/mol)
           Bond            U-B    Proper Dih.  Improper Dih.          LJ-14
    1.16229e+04    6.13795e+04    4.14108e+04    3.46874e+02    7.43346e+03
     Coulomb-14        LJ (SR)   Coulomb (SR)   Coul. recip. Position Rest.
   -5.82576e+02    7.24171e+03   -5.62365e+05    2.04658e+03    3.55211e+02
     Dih. Rest.      Potential    Kinetic En.   Total Energy  Conserved En.
    4.26252e+02   -4.30685e+05    1.51284e+05   -2.79401e+05   -2.97873e+05
    Temperature Pressure (bar)   Constr. rmsd
    3.01511e+02   -5.13508e+01    4.19370e-06

           Step           Time
         484000      968.00000

   Energies (kJ/mol)
           Bond            U-B    Proper Dih.  Improper Dih.          LJ-14
    1.14754e+04    6.18284e+04    4.14532e+04    4.16505e+02    7.50299e+03
     Coulomb-14        LJ (SR)   Coulomb (SR)   Coul. recip. Position Rest.
   -2.86175e+02    6.15998e+03   -5.62155e+05    2.08710e+03    3.43835e+02
     Dih. Rest.      Potential    Kinetic En.   Total Energy  Conserved En.
    4.47495e+02   -4.30726e+05    1.50239e+05   -2.80487e+05   -2.97736e+05
    Temperature Pressure (bar)   Constr. rmsd
    2.99429e+02   -2.03149e+01    4.19370e-06

           Step           Time
         486000      972.00000

   Energies (kJ/mol)
           Bond            U-B    Proper Dih.  Improper Dih.          LJ-14
    1.13411e+04    6.08625e+04    4.12242e+04    3.82077e+02    7.57180e+03
     Coulomb-14        LJ (SR)   Coulomb (SR)   Coul. recip. Position Rest.
   -5.69946e+02    7.10485e+03   -5.63337e+05    2.03309e+03    3.70951e+02
     Dih. Rest.      Potential    Kinetic En.   Total Energy  Conserved En.
    4.35152e+02   -4.32581e+05    1.50828e+05   -2.81753e+05   -2.97709e+05
    Temperature Pressure (bar)   Constr. rmsd
    3.00602e+02   -6.14480e+01    4.19370e-06

           Step           Time
         488000      976.00000

   Energies (kJ/mol)
           Bond            U-B    Proper Dih.  Improper Dih.          LJ-14
    1.15237e+04    6.11595e+04    4.14454e+04    4.20981e+02    7.55213e+03
     Coulomb-14        LJ (SR)   Coulomb (SR)   Coul. recip. Position Rest.
   -3.52306e+02    6.35467e+03   -5.63249e+05    2.03071e+03    3.64264e+02
     Dih. Rest.      Potential    Kinetic En.   Total Energy  Conserved En.
    4.38438e+02   -4.32311e+05    1.50350e+05   -2.81962e+05   -2.97527e+05
    Temperature Pressure (bar)   Constr. rmsd
    2.99648e+02   -5.01329e+01    4.19370e-06

           Step           Time
         490000      980.00000

   Energies (kJ/mol)
           Bond            U-B    Proper Dih.  Improper Dih.          LJ-14
    1.15902e+04    6.15333e+04    4.13151e+04    3.92255e+02    7.40793e+03
     Coulomb-14        LJ (SR)   Coulomb (SR)   Coul. recip. Position Rest.
   -6.75328e+02    6.42718e+03   -5.63018e+05    2.04862e+03    3.40350e+02
     Dih. Rest.      Potential    Kinetic En.   Total Energy  Conserved En.
    3.95049e+02   -4.32243e+05    1.51183e+05   -2.81060e+05   -2.97383e+05
    Temperature Pressure (bar)   Constr. rmsd
    3.01311e+02   -7.28482e+01    4.19370e-06

           Step           Time
         492000      984.00000

   Energies (kJ/mol)
           Bond            U-B    Proper Dih.  Improper Dih.          LJ-14
    1.13321e+04    6.11430e+04    4.12935e+04    4.28911e+02    7.44930e+03
     Coulomb-14        LJ (SR)   Coulomb (SR)   Coul. recip. Position Rest.
   -4.53559e+02    6.44021e+03   -5.63484e+05    2.02376e+03    3.81874e+02
     Dih. Rest.      Potential    Kinetic En.   Total Energy  Conserved En.
    4.35712e+02   -4.33010e+05    1.51141e+05   -2.81868e+05   -2.97312e+05
    Temperature Pressure (bar)   Constr. rmsd
    3.01226e+02   -9.93835e+00    4.19370e-06

           Step           Time
         494000      988.00000

   Energies (kJ/mol)
           Bond            U-B    Proper Dih.  Improper Dih.          LJ-14
    1.17221e+04    6.07798e+04    4.15701e+04    3.85162e+02    7.63674e+03
     Coulomb-14        LJ (SR)   Coulomb (SR)   Coul. recip. Position Rest.
   -1.09023e+03    6.18814e+03   -5.61014e+05    2.05708e+03    3.58812e+02
     Dih. Rest.      Potential    Kinetic En.   Total Energy  Conserved En.
    3.92344e+02   -4.31014e+05    1.49801e+05   -2.81213e+05   -2.97186e+05
    Temperature Pressure (bar)   Constr. rmsd
    2.98556e+02   -4.40876e+01    4.19370e-06

           Step           Time
         496000      992.00000

   Energies (kJ/mol)
           Bond            U-B    Proper Dih.  Improper Dih.          LJ-14
    1.16101e+04    6.12719e+04    4.13270e+04    4.15832e+02    7.46173e+03
     Coulomb-14        LJ (SR)   Coulomb (SR)   Coul. recip. Position Rest.
   -9.57324e+02    5.92354e+03   -5.61327e+05    2.00666e+03    3.83695e+02
     Dih. Rest.      Potential    Kinetic En.   Total Energy  Conserved En.
    4.01237e+02   -4.31483e+05    1.50887e+05   -2.80596e+05   -2.97049e+05
    Temperature Pressure (bar)   Constr. rmsd
    3.00720e+02   -7.59564e+01    4.19370e-06

           Step           Time
         498000      996.00000

   Energies (kJ/mol)
           Bond            U-B    Proper Dih.  Improper Dih.          LJ-14
    1.15326e+04    6.09699e+04    4.15147e+04    3.64415e+02    7.58107e+03
     Coulomb-14        LJ (SR)   Coulomb (SR)   Coul. recip. Position Rest.
   -7.19012e+02    5.67076e+03   -5.61237e+05    2.08899e+03    3.46979e+02
     Dih. Rest.      Potential    Kinetic En.   Total Energy  Conserved En.
    4.03715e+02   -4.31483e+05    1.51368e+05   -2.80114e+05   -2.96980e+05
    Temperature Pressure (bar)   Constr. rmsd
    3.01679e+02   -4.37369e+01    4.19370e-06

           Step           Time
         500000     1000.00000

   Energies (kJ/mol)
           Bond            U-B    Proper Dih.  Improper Dih.          LJ-14
    1.14938e+04    6.10802e+04    4.16710e+04    3.76884e+02    7.55365e+03
     Coulomb-14        LJ (SR)   Coulomb (SR)   Coul. recip. Position Rest.
   -1.01437e+03    6.16794e+03   -5.61449e+05    2.03313e+03    3.10671e+02
     Dih. Rest.      Potential    Kinetic En.   Total Energy  Conserved En.
    4.43539e+02   -4.31333e+05    1.50174e+05   -2.81159e+05   -2.96820e+05
    Temperature Pressure (bar)   Constr. rmsd
    2.99299e+02   -3.64365e+00    4.19370e-06

           Step           Time
         502000     1004.00000

   Energies (kJ/mol)
           Bond            U-B    Proper Dih.  Improper Dih.          LJ-14
    1.10104e+04    6.16918e+04    4.11253e+04    3.66975e+02    7.60119e+03
     Coulomb-14        LJ (SR)   Coulomb (SR)   Coul. recip. Position Rest.
   -6.55605e+02    6.17493e+03   -5.61160e+05    2.11277e+03    3.10310e+02
     Dih. Rest.      Potential    Kinetic En.   Total Energy  Conserved En.
    4.09394e+02   -4.31013e+05    1.51244e+05   -2.79769e+05   -2.96715e+05
    Temperature Pressure (bar)   Constr. rmsd
    3.01432e+02    2.73661e+01    4.19370e-06

           Step           Time
         504000     1008.00000

   Energies (kJ/mol)
           Bond            U-B    Proper Dih.  Improper Dih.          LJ-14
    1.12155e+04    6.11243e+04    4.12188e+04    4.26856e+02    7.60631e+03
     Coulomb-14        LJ (SR)   Coulomb (SR)   Coul. recip. Position Rest.
   -7.36619e+02    6.83638e+03   -5.62783e+05    2.08555e+03    3.43159e+02
     Dih. Rest.      Potential    Kinetic En.   Total Energy  Conserved En.
    3.93976e+02   -4.32269e+05    1.50577e+05   -2.81692e+05   -2.96610e+05
    Temperature Pressure (bar)   Constr. rmsd
    3.00102e+02    6.81680e+01    4.19370e-06

           Step           Time
         506000     1012.00000

   Energies (kJ/mol)
           Bond            U-B    Proper Dih.  Improper Dih.          LJ-14
    1.17173e+04    6.12460e+04    4.11280e+04    3.84950e+02    7.49110e+03
     Coulomb-14        LJ (SR)   Coulomb (SR)   Coul. recip. Position Rest.
   -9.28771e+02    6.15160e+03   -5.61668e+05    2.02896e+03    3.25002e+02
     Dih. Rest.      Potential    Kinetic En.   Total Energy  Conserved En.
    3.38450e+02   -4.31785e+05    1.50135e+05   -2.81651e+05   -2.96462e+05
    Temperature Pressure (bar)   Constr. rmsd
    2.99220e+02   -3.08395e+01    4.19370e-06

           Step           Time
         508000     1016.00000

   Energies (kJ/mol)
           Bond            U-B    Proper Dih.  Improper Dih.          LJ-14
    1.14006e+04    6.16662e+04    4.14050e+04    3.81431e+02    7.42167e+03
     Coulomb-14        LJ (SR)   Coulomb (SR)   Coul. recip. Position Rest.
   -9.51793e+02    5.76385e+03   -5.60313e+05    2.08034e+03    3.06685e+02
     Dih. Rest.      Potential    Kinetic En.   Total Energy  Conserved En.
    3.83217e+02   -4.30456e+05    1.50039e+05   -2.80416e+05   -2.96331e+05
    Temperature Pressure (bar)   Constr. rmsd
    2.99030e+02   -1.00281e+02    4.19370e-06

           Step           Time
         510000     1020.00000

   Energies (kJ/mol)
           Bond            U-B    Proper Dih.  Improper Dih.          LJ-14
    1.16407e+04    6.15410e+04    4.11897e+04    3.98013e+02    7.61514e+03
     Coulomb-14        LJ (SR)   Coulomb (SR)   Coul. recip. Position Rest.
   -1.13161e+03    5.66223e+03   -5.61550e+05    2.06298e+03    3.50044e+02
     Dih. Rest.      Potential    Kinetic En.   Total Energy  Conserved En.
    4.22313e+02   -4.31800e+05    1.53024e+05   -2.78775e+05   -2.96225e+05
    Temperature Pressure (bar)   Constr. rmsd
    3.04979e+02   -8.01431e+00    4.19370e-06

           Step           Time
         512000     1024.00000

   Energies (kJ/mol)
           Bond            U-B    Proper Dih.  Improper Dih.          LJ-14
    1.16088e+04    6.14720e+04    4.11290e+04    3.73854e+02    7.47942e+03
     Coulomb-14        LJ (SR)   Coulomb (SR)   Coul. recip. Position Rest.
   -6.64101e+02    5.40632e+03   -5.60975e+05    2.04649e+03    3.31152e+02
     Dih. Rest.      Potential    Kinetic En.   Total Energy  Conserved En.
    4.90552e+02   -4.31301e+05    1.50354e+05   -2.80947e+05   -2.96078e+05
    Temperature Pressure (bar)   Constr. rmsd
    2.99657e+02   -1.06712e+02    4.19370e-06

           Step           Time
         514000     1028.00000

   Energies (kJ/mol)
           Bond            U-B    Proper Dih.  Improper Dih.          LJ-14
    1.14015e+04    6.16517e+04    4.14117e+04    3.77791e+02    7.41370e+03
     Coulomb-14        LJ (SR)   Coulomb (SR)   Coul. recip. Position Rest.
   -9.44433e+02    5.74911e+03   -5.62489e+05    1.99795e+03    2.85986e+02
     Dih. Rest.      Potential    Kinetic En.   Total Energy  Conserved En.
    4.61022e+02   -4.32683e+05    1.51128e+05   -2.81556e+05   -2.95974e+05
    Temperature Pressure (bar)   Constr. rmsd
    3.01200e+02   -8.06370e+01    4.19370e-06

           Step           Time
         516000     1032.00000

   Energies (kJ/mol)
           Bond            U-B    Proper Dih.  Improper Dih.          LJ-14
    1.14211e+04    6.11463e+04    4.13133e+04    3.55947e+02    7.54591e+03
     Coulomb-14        LJ (SR)   Coulomb (SR)   Coul. recip. Position Rest.
   -3.91137e+02    6.51392e+03   -5.62500e+05    2.05774e+03    3.10496e+02
     Dih. Rest.      Potential    Kinetic En.   Total Energy  Conserved En.
    3.81367e+02   -4.31845e+05    1.50213e+05   -2.81632e+05   -2.95833e+05
    Temperature Pressure (bar)   Constr. rmsd
    2.99376e+02   -1.00147e+02    4.19370e-06

           Step           Time
         518000     1036.00000

   Energies (kJ/mol)
           Bond            U-B    Proper Dih.  Improper Dih.          LJ-14
    1.16409e+04    6.10009e+04    4.12273e+04    3.97502e+02    7.54686e+03
     Coulomb-14        LJ (SR)   Coulomb (SR)   Coul. recip. Position Rest.
   -3.54902e+02    6.66517e+03   -5.62510e+05    2.14079e+03    2.90563e+02
     Dih. Rest.      Potential    Kinetic En.   Total Energy  Conserved En.
    4.26913e+02   -4.31528e+05    1.50856e+05   -2.80672e+05   -2.95733e+05
    Temperature Pressure (bar)   Constr. rmsd
    3.00658e+02   -1.46115e+02    4.19370e-06

           Step           Time
         520000     1040.00000

   Energies (kJ/mol)
           Bond            U-B    Proper Dih.  Improper Dih.          LJ-14
    1.13924e+04    6.14721e+04    4.11895e+04    4.22903e+02    7.48140e+03
     Coulomb-14        LJ (SR)   Coulomb (SR)   Coul. recip. Position Rest.
   -3.82612e+02    6.30926e+03   -5.62375e+05    2.05926e+03    3.23580e+02
     Dih. Rest.      Potential    Kinetic En.   Total Energy  Conserved En.
    3.96884e+02   -4.31710e+05    1.50121e+05   -2.81589e+05   -2.95615e+05
    Temperature Pressure (bar)   Constr. rmsd
    2.99193e+02   -7.88529e+00    4.19370e-06

           Step           Time
         522000     1044.00000

   Energies (kJ/mol)
           Bond            U-B    Proper Dih.  Improper Dih.          LJ-14
    1.14965e+04    6.14572e+04    4.13226e+04    3.65412e+02    7.42253e+03
     Coulomb-14        LJ (SR)   Coulomb (SR)   Coul. recip. Position Rest.
   -6.64416e+02    5.01592e+03   -5.60788e+05    2.04626e+03    3.07941e+02
     Dih. Rest.      Potential    Kinetic En.   Total Energy  Conserved En.
    4.33044e+02   -4.31585e+05    1.51259e+05   -2.80326e+05   -2.95469e+05
    Temperature Pressure (bar)   Constr. rmsd
    3.01462e+02   -7.57270e+01    4.19370e-06

           Step           Time
         524000     1048.00000

   Energies (kJ/mol)
           Bond            U-B    Proper Dih.  Improper Dih.          LJ-14
    1.15872e+04    6.16466e+04    4.12438e+04    4.22378e+02    7.38635e+03
     Coulomb-14        LJ (SR)   Coulomb (SR)   Coul. recip. Position Rest.
   -1.91456e+02    4.55551e+03   -5.61051e+05    2.02995e+03    2.95332e+02
     Dih. Rest.      Potential    Kinetic En.   Total Energy  Conserved En.
    3.62659e+02   -4.31713e+05    1.51080e+05   -2.80633e+05   -2.95336e+05
    Temperature Pressure (bar)   Constr. rmsd
    3.01105e+02   -1.66263e+02    4.19370e-06

           Step           Time
         526000     1052.00000

   Energies (kJ/mol)
           Bond            U-B    Proper Dih.  Improper Dih.          LJ-14
    1.14092e+04    6.13863e+04    4.10372e+04    3.64288e+02    7.52640e+03
     Coulomb-14        LJ (SR)   Coulomb (SR)   Coul. recip. Position Rest.
    2.52533e+02    5.87823e+03   -5.63448e+05    2.00403e+03    3.59188e+02
     Dih. Rest.      Potential    Kinetic En.   Total Energy  Conserved En.
    4.17849e+02   -4.32813e+05    1.50206e+05   -2.82607e+05   -2.95224e+05
    Temperature Pressure (bar)   Constr. rmsd
    2.99363e+02   -1.03745e+02    4.19370e-06

           Step           Time
         528000     1056.00000

   Energies (kJ/mol)
           Bond            U-B    Proper Dih.  Improper Dih.          LJ-14
    1.16600e+04    6.14409e+04    4.11494e+04    3.73456e+02    7.60039e+03
     Coulomb-14        LJ (SR)   Coulomb (SR)   Coul. recip. Position Rest.
    8.00477e+02    6.96675e+03   -5.65020e+05    2.05827e+03    2.99187e+02
     Dih. Rest.      Potential    Kinetic En.   Total Energy  Conserved En.
    4.31126e+02   -4.32241e+05    1.50210e+05   -2.82031e+05   -2.95114e+05
    Temperature Pressure (bar)   Constr. rmsd
    2.99370e+02   -1.02836e+02    4.19370e-06

           Step           Time
         530000     1060.00000

   Energies (kJ/mol)
           Bond            U-B    Proper Dih.  Improper Dih.          LJ-14
    1.17211e+04    6.17612e+04    4.14999e+04    4.20185e+02    7.51396e+03
     Coulomb-14        LJ (SR)   Coulomb (SR)   Coul. recip. Position Rest.
    4.43356e+01    5.33196e+03   -5.62493e+05    2.14284e+03    3.37433e+02
     Dih. Rest.      Potential    Kinetic En.   Total Energy  Conserved En.
    4.15087e+02   -4.31305e+05    1.50211e+05   -2.81093e+05   -2.94923e+05
    Temperature Pressure (bar)   Constr. rmsd
    2.99373e+02   -1.20546e+02    4.19370e-06

           Step           Time
         532000     1064.00000

   Energies (kJ/mol)
           Bond            U-B    Proper Dih.  Improper Dih.          LJ-14
    1.19433e+04    6.14127e+04    4.11533e+04    4.16186e+02    7.31492e+03
     Coulomb-14        LJ (SR)   Coulomb (SR)   Coul. recip. Position Rest.
    3.25782e+02    6.65982e+03   -5.64561e+05    2.10912e+03    3.34042e+02
     Dih. Rest.      Potential    Kinetic En.   Total Energy  Conserved En.
    3.99189e+02   -4.32493e+05    1.52002e+05   -2.80491e+05   -2.94860e+05
    Temperature Pressure (bar)   Constr. rmsd
    3.02941e+02   -7.16328e+01    4.19370e-06

           Step           Time
         534000     1068.00000

   Energies (kJ/mol)
           Bond            U-B    Proper Dih.  Improper Dih.          LJ-14
    1.16946e+04    6.17592e+04    4.12339e+04    3.83079e+02    7.50122e+03
     Coulomb-14        LJ (SR)   Coulomb (SR)   Coul. recip. Position Rest.
    3.60130e+02    6.08807e+03   -5.62417e+05    1.99998e+03    3.30955e+02
     Dih. Rest.      Potential    Kinetic En.   Total Energy  Conserved En.
    4.25102e+02   -4.30640e+05    1.50367e+05   -2.80274e+05   -2.94678e+05
    Temperature Pressure (bar)   Constr. rmsd
    2.99683e+02   -9.58309e+01    4.19370e-06

           Step           Time
         536000     1072.00000

   Energies (kJ/mol)
           Bond            U-B    Proper Dih.  Improper Dih.          LJ-14
    1.15194e+04    6.17023e+04    4.11300e+04    3.89285e+02    7.57195e+03
     Coulomb-14        LJ (SR)   Coulomb (SR)   Coul. recip. Position Rest.
    7.55483e+02    6.10896e+03   -5.63123e+05    2.10755e+03    3.04596e+02
     Dih. Rest.      Potential    Kinetic En.   Total Energy  Conserved En.
    4.04683e+02   -4.31129e+05    1.50720e+05   -2.80409e+05   -2.94609e+05
    Temperature Pressure (bar)   Constr. rmsd
    3.00388e+02   -8.81982e+00    4.19370e-06

           Step           Time
         538000     1076.00000

   Energies (kJ/mol)
           Bond            U-B    Proper Dih.  Improper Dih.          LJ-14
    1.14467e+04    6.10912e+04    4.14734e+04    3.81480e+02    7.59241e+03
     Coulomb-14        LJ (SR)   Coulomb (SR)   Coul. recip. Position Rest.
    3.54919e+02    6.69692e+03   -5.64241e+05    2.02695e+03    3.03322e+02
     Dih. Rest.      Potential    Kinetic En.   Total Energy  Conserved En.
    3.99157e+02   -4.32474e+05    1.51116e+05   -2.81358e+05   -2.94491e+05
    Temperature Pressure (bar)   Constr. rmsd
    3.01176e+02   -6.41991e-01    4.19370e-06

           Step           Time
         540000     1080.00000

   Energies (kJ/mol)
           Bond            U-B    Proper Dih.  Improper Dih.          LJ-14
    1.14957e+04    6.12768e+04    4.12235e+04    3.45238e+02    7.39378e+03
     Coulomb-14        LJ (SR)   Coulomb (SR)   Coul. recip. Position Rest.
   -2.28806e+02    6.82073e+03   -5.63004e+05    2.07449e+03    3.20495e+02
     Dih. Rest.      Potential    Kinetic En.   Total Energy  Conserved En.
    4.12832e+02   -4.31869e+05    1.50685e+05   -2.81184e+05   -2.94367e+05
    Temperature Pressure (bar)   Constr. rmsd
    3.00317e+02   -7.18095e+01    4.19370e-06

           Step           Time
         542000     1084.00000

   Energies (kJ/mol)
           Bond            U-B    Proper Dih.  Improper Dih.          LJ-14
    1.20110e+04    6.15588e+04    4.13861e+04    3.98737e+02    7.39033e+03
     Coulomb-14        LJ (SR)   Coulomb (SR)   Coul. recip. Position Rest.
    3.55658e+02    6.62374e+03   -5.63132e+05    2.04744e+03    2.89677e+02
     Dih. Rest.      Potential    Kinetic En.   Total Energy  Conserved En.
    4.48696e+02   -4.30622e+05    1.50738e+05   -2.79884e+05   -2.94215e+05
    Temperature Pressure (bar)   Constr. rmsd
    3.00423e+02   -1.33879e+02    4.19370e-06

           Step           Time
         544000     1088.00000

   Energies (kJ/mol)
           Bond            U-B    Proper Dih.  Improper Dih.          LJ-14
    1.16698e+04    6.11582e+04    4.13138e+04    3.34696e+02    7.39973e+03
     Coulomb-14        LJ (SR)   Coulomb (SR)   Coul. recip. Position Rest.
    7.20039e+01    5.02169e+03   -5.61616e+05    2.02781e+03    3.01850e+02
     Dih. Rest.      Potential    Kinetic En.   Total Energy  Conserved En.
    4.36980e+02   -4.31879e+05    1.50837e+05   -2.81043e+05   -2.94126e+05
    Temperature Pressure (bar)   Constr. rmsd
    3.00620e+02   -1.63305e+02    4.19370e-06

           Step           Time
         546000     1092.00000

   Energies (kJ/mol)
           Bond            U-B    Proper Dih.  Improper Dih.          LJ-14
    1.16327e+04    6.16897e+04    4.10693e+04    3.88251e+02    7.48453e+03
     Coulomb-14        LJ (SR)   Coulomb (SR)   Coul. recip. Position Rest.
    2.00826e+02    7.06834e+03   -5.63819e+05    1.99731e+03    3.65495e+02
     Dih. Rest.      Potential    Kinetic En.   Total Energy  Conserved En.
    4.73278e+02   -4.31450e+05    1.50612e+05   -2.80837e+05   -2.93924e+05
    Temperature Pressure (bar)   Constr. rmsd
    3.00172e+02   -4.46454e+01    4.19370e-06

           Step           Time
         548000     1096.00000

   Energies (kJ/mol)
           Bond            U-B    Proper Dih.  Improper Dih.          LJ-14
    1.16491e+04    6.17624e+04    4.14513e+04    3.33723e+02    7.35635e+03
     Coulomb-14        LJ (SR)   Coulomb (SR)   Coul. recip. Position Rest.
    4.80399e+01    7.55079e+03   -5.64092e+05    2.00567e+03    3.48598e+02
     Dih. Rest.      Potential    Kinetic En.   Total Energy  Conserved En.
    4.17936e+02   -4.31168e+05    1.50706e+05   -2.80462e+05   -2.93791e+05
    Temperature Pressure (bar)   Constr. rmsd
    3.00359e+02   -2.34233e+01    4.19370e-06

           Step           Time
         550000     1100.00000

   Energies (kJ/mol)
           Bond            U-B    Proper Dih.  Improper Dih.          LJ-14
    1.16945e+04    6.11878e+04    4.10855e+04    4.08125e+02    7.37830e+03
     Coulomb-14        LJ (SR)   Coulomb (SR)   Coul. recip. Position Rest.
    1.15885e+02    8.03420e+03   -5.65451e+05    1.98869e+03    3.26303e+02
     Dih. Rest.      Potential    Kinetic En.   Total Energy  Conserved En.
    3.67792e+02   -4.32864e+05    1.50558e+05   -2.82306e+05   -2.93720e+05
    Temperature Pressure (bar)   Constr. rmsd
    3.00064e+02   -1.09092e+02    4.19370e-06

           Step           Time
         552000     1104.00000

   Energies (kJ/mol)
           Bond            U-B    Proper Dih.  Improper Dih.          LJ-14
    1.14667e+04    6.16784e+04    4.11892e+04    4.06975e+02    7.45288e+03
     Coulomb-14        LJ (SR)   Coulomb (SR)   Coul. recip. Position Rest.
   -1.36163e+02    8.25148e+03   -5.65553e+05    2.00062e+03    3.31674e+02
     Dih. Rest.      Potential    Kinetic En.   Total Energy  Conserved En.
    3.95033e+02   -4.32516e+05    1.49943e+05   -2.82573e+05   -2.93569e+05
    Temperature Pressure (bar)   Constr. rmsd
    2.98839e+02    6.09631e+01    4.19370e-06

           Step           Time
         554000     1108.00000

   Energies (kJ/mol)
           Bond            U-B    Proper Dih.  Improper Dih.          LJ-14
    1.14000e+04    6.10889e+04    4.12670e+04    4.07329e+02    7.57732e+03
     Coulomb-14        LJ (SR)   Coulomb (SR)   Coul. recip. Position Rest.
   -2.23755e+02    5.33952e+03   -5.62256e+05    2.06457e+03    3.02896e+02
     Dih. Rest.      Potential    Kinetic En.   Total Energy  Conserved En.
    3.92479e+02   -4.32640e+05    1.50206e+05   -2.82434e+05   -2.93469e+05
    Temperature Pressure (bar)   Constr. rmsd
    2.99363e+02   -2.42538e+01    4.19370e-06

           Step           Time
         556000     1112.00000

   Energies (kJ/mol)
           Bond            U-B    Proper Dih.  Improper Dih.          LJ-14
    1.17420e+04    6.10471e+04    4.15532e+04    4.31708e+02    7.27941e+03
     Coulomb-14        LJ (SR)   Coulomb (SR)   Coul. recip. Position Rest.
   -5.73489e+02    5.85765e+03   -5.61451e+05    1.97998e+03    3.08280e+02
     Dih. Rest.      Potential    Kinetic En.   Total Energy  Conserved En.
    3.94674e+02   -4.31430e+05    1.49967e+05   -2.81463e+05   -2.93351e+05
    Temperature Pressure (bar)   Constr. rmsd
    2.98887e+02   -8.30354e+01    4.19370e-06

           Step           Time
         558000     1116.00000

   Energies (kJ/mol)
           Bond            U-B    Proper Dih.  Improper Dih.          LJ-14
    1.15923e+04    6.15441e+04    4.12411e+04    4.29214e+02    7.67149e+03
     Coulomb-14        LJ (SR)   Coulomb (SR)   Coul. recip. Position Rest.
   -2.51514e+02    6.55832e+03   -5.61676e+05    2.10358e+03    2.86722e+02
     Dih. Rest.      Potential    Kinetic En.   Total Energy  Conserved En.
    4.67938e+02   -4.30033e+05    1.51400e+05   -2.78632e+05   -2.93151e+05
    Temperature Pressure (bar)   Constr. rmsd
    3.01743e+02   -6.72119e-01    4.19370e-06

           Step           Time
         560000     1120.00000

   Energies (kJ/mol)
           Bond            U-B    Proper Dih.  Improper Dih.          LJ-14
    1.14324e+04    6.14547e+04    4.12645e+04    3.69798e+02    7.49514e+03
     Coulomb-14        LJ (SR)   Coulomb (SR)   Coul. recip. Position Rest.
   -1.26383e+01    6.29382e+03   -5.62604e+05    1.95786e+03    3.05493e+02
     Dih. Rest.      Potential    Kinetic En.   Total Energy  Conserved En.
    5.21944e+02   -4.31521e+05    1.49438e+05   -2.82083e+05   -2.92996e+05
    Temperature Pressure (bar)   Constr. rmsd
    2.97833e+02   -2.87890e+01    4.19370e-06

           Step           Time
         562000     1124.00000

   Energies (kJ/mol)
           Bond            U-B    Proper Dih.  Improper Dih.          LJ-14
    1.13639e+04    6.18787e+04    4.13639e+04    4.16520e+02    7.43246e+03
     Coulomb-14        LJ (SR)   Coulomb (SR)   Coul. recip. Position Rest.
   -3.78885e+02    5.12369e+03   -5.60787e+05    2.07779e+03    2.82326e+02
     Dih. Rest.      Potential    Kinetic En.   Total Energy  Conserved En.
    4.30383e+02   -4.30796e+05    1.50370e+05   -2.80426e+05   -2.92940e+05
    Temperature Pressure (bar)   Constr. rmsd
    2.99689e+02   -1.64726e+02    4.19370e-06

           Step           Time
         564000     1128.00000

   Energies (kJ/mol)
           Bond            U-B    Proper Dih.  Improper Dih.          LJ-14
    1.18626e+04    6.12991e+04    4.12766e+04    3.63624e+02    7.34128e+03
     Coulomb-14        LJ (SR)   Coulomb (SR)   Coul. recip. Position Rest.
   -3.40238e+02    5.75228e+03   -5.61313e+05    1.96915e+03    2.87833e+02
     Dih. Rest.      Potential    Kinetic En.   Total Energy  Conserved En.
    4.57941e+02   -4.31043e+05    1.51697e+05   -2.79346e+05   -2.92833e+05
    Temperature Pressure (bar)   Constr. rmsd
    3.02333e+02   -1.14837e+02    4.19370e-06

           Step           Time
         566000     1132.00000

   Energies (kJ/mol)
           Bond            U-B    Proper Dih.  Improper Dih.          LJ-14
    1.14956e+04    6.11950e+04    4.13427e+04    4.05336e+02    7.41236e+03
     Coulomb-14        LJ (SR)   Coulomb (SR)   Coul. recip. Position Rest.
   -2.19411e+02    7.64581e+03   -5.63230e+05    2.06608e+03    3.09501e+02
     Dih. Rest.      Potential    Kinetic En.   Total Energy  Conserved En.
    4.23226e+02   -4.31154e+05    1.50679e+05   -2.80475e+05   -2.92695e+05
    Temperature Pressure (bar)   Constr. rmsd
    3.00305e+02    7.00798e+01    4.19370e-06

           Step           Time
         568000     1136.00000

   Energies (kJ/mol)
           Bond            U-B    Proper Dih.  Improper Dih.          LJ-14
    1.14606e+04    6.11767e+04    4.12140e+04    3.95929e+02    7.44860e+03
     Coulomb-14        LJ (SR)   Coulomb (SR)   Coul. recip. Position Rest.
    1.53138e+01    5.84410e+03   -5.61847e+05    2.05077e+03    2.50549e+02
     Dih. Rest.      Potential    Kinetic En.   Total Energy  Conserved En.
    4.64984e+02   -4.31525e+05    1.50255e+05   -2.81270e+05   -2.92571e+05
    Temperature Pressure (bar)   Constr. rmsd
    2.99460e+02   -1.11726e+02    4.19370e-06

           Step           Time
         570000     1140.00000

   Energies (kJ/mol)
           Bond            U-B    Proper Dih.  Improper Dih.          LJ-14
    1.15216e+04    6.15491e+04    4.12182e+04    4.14207e+02    7.38550e+03
     Coulomb-14        LJ (SR)   Coulomb (SR)   Coul. recip. Position Rest.
   -5.05682e+02    5.63628e+03   -5.62696e+05    2.03933e+03    2.79649e+02
     Dih. Rest.      Potential    Kinetic En.   Total Energy  Conserved En.
    4.29765e+02   -4.32728e+05    1.49905e+05   -2.82823e+05   -2.92454e+05
    Temperature Pressure (bar)   Constr. rmsd
    2.98762e+02   -2.53395e+01    4.19370e-06

           Step           Time
         572000     1144.00000

   Energies (kJ/mol)
           Bond            U-B    Proper Dih.  Improper Dih.          LJ-14
    1.17698e+04    6.12390e+04    4.13090e+04    4.02074e+02    7.44069e+03
     Coulomb-14        LJ (SR)   Coulomb (SR)   Coul. recip. Position Rest.
   -1.58027e+02    6.62875e+03   -5.63217e+05    2.06875e+03    3.04708e+02
     Dih. Rest.      Potential    Kinetic En.   Total Energy  Conserved En.
    3.85515e+02   -4.31827e+05    1.50294e+05   -2.81533e+05   -2.92284e+05
    Temperature Pressure (bar)   Constr. rmsd
    2.99538e+02   -6.61940e+01    4.19370e-06

           Step           Time
         574000     1148.00000

   Energies (kJ/mol)
           Bond            U-B    Proper Dih.  Improper Dih.          LJ-14
    1.14917e+04    6.12289e+04    4.12745e+04    3.26157e+02    7.38705e+03
     Coulomb-14        LJ (SR)   Coulomb (SR)   Coul. recip. Position Rest.
   -1.68722e+02    5.49683e+03   -5.60938e+05    2.03290e+03    2.82353e+02
     Dih. Rest.      Potential    Kinetic En.   Total Energy  Conserved En.
    4.34626e+02   -4.31151e+05    1.49419e+05   -2.81732e+05   -2.92184e+05
    Temperature Pressure (bar)   Constr. rmsd
    2.97794e+02   -1.40301e+02    4.19370e-06

           Step           Time
         576000     1152.00000

   Energies (kJ/mol)
           Bond            U-B    Proper Dih.  Improper Dih.          LJ-14
    1.16190e+04    6.15416e+04    4.12396e+04    3.86506e+02    7.47640e+03
     Coulomb-14        LJ (SR)   Coulomb (SR)   Coul. recip. Position Rest.
   -4.55167e+01    4.45315e+03   -5.59463e+05    2.03182e+03    3.17669e+02
     Dih. Rest.      Potential    Kinetic En.   Total Energy  Conserved En.
    4.38274e+02   -4.30005e+05    1.50290e+05   -2.79715e+05   -2.92065e+05
    Temperature Pressure (bar)   Constr. rmsd
    2.99529e+02   -1.77174e+02    4.19370e-06

           Step           Time
         578000     1156.00000

   Energies (kJ/mol)
           Bond            U-B    Proper Dih.  Improper Dih.          LJ-14
    1.12076e+04    6.13546e+04    4.13118e+04    4.02101e+02    7.54453e+03
     Coulomb-14        LJ (SR)   Coulomb (SR)   Coul. recip. Position Rest.
   -6.16870e+01    6.44606e+03   -5.63082e+05    2.00279e+03    3.26941e+02
     Dih. Rest.      Potential    Kinetic En.   Total Energy  Conserved En.
    4.32489e+02   -4.32115e+05    1.49579e+05   -2.82535e+05   -2.91919e+05
    Temperature Pressure (bar)   Constr. rmsd
    2.98114e+02    4.28787e+01    4.19370e-06

           Step           Time
         580000     1160.00000

   Energies (kJ/mol)
           Bond            U-B    Proper Dih.  Improper Dih.          LJ-14
    1.13410e+04    6.12126e+04    4.14417e+04    3.80360e+02    7.57668e+03
     Coulomb-14        LJ (SR)   Coulomb (SR)   Coul. recip. Position Rest.
   -7.05399e+01    5.96319e+03   -5.61828e+05    2.03848e+03    3.21125e+02
     Dih. Rest.      Potential    Kinetic En.   Total Energy  Conserved En.
    3.89471e+02   -4.31234e+05    1.50084e+05   -2.81151e+05   -2.91848e+05
    Temperature Pressure (bar)   Constr. rmsd
    2.99119e+02    2.07034e+01    4.19370e-06

           Step           Time
         582000     1164.00000

   Energies (kJ/mol)
           Bond            U-B    Proper Dih.  Improper Dih.          LJ-14
    1.13664e+04    6.11377e+04    4.16825e+04    3.77411e+02    7.83028e+03
     Coulomb-14        LJ (SR)   Coulomb (SR)   Coul. recip. Position Rest.
    3.43346e+02    6.36609e+03   -5.61389e+05    2.01669e+03    3.39119e+02
     Dih. Rest.      Potential    Kinetic En.   Total Energy  Conserved En.
    4.21425e+02   -4.29508e+05    1.50390e+05   -2.79118e+05   -2.91724e+05
    Temperature Pressure (bar)   Constr. rmsd
    2.99729e+02   -7.33622e-01    4.19370e-06

           Step           Time
         584000     1168.00000

   Energies (kJ/mol)
           Bond            U-B    Proper Dih.  Improper Dih.          LJ-14
    1.13135e+04    6.13128e+04    4.15939e+04    3.37895e+02    7.55210e+03
     Coulomb-14        LJ (SR)   Coulomb (SR)   Coul. recip. Position Rest.
   -6.70095e+01    6.25664e+03   -5.62435e+05    2.07408e+03    3.26840e+02
     Dih. Rest.      Potential    Kinetic En.   Total Energy  Conserved En.
    3.83645e+02   -4.31350e+05    1.50158e+05   -2.81192e+05   -2.91584e+05
    Temperature Pressure (bar)   Constr. rmsd
    2.99267e+02    3.04811e+01    4.19370e-06

           Step           Time
         586000     1172.00000

   Energies (kJ/mol)
           Bond            U-B    Proper Dih.  Improper Dih.          LJ-14
    1.14037e+04    6.12620e+04    4.13472e+04    3.60443e+02    7.56873e+03
     Coulomb-14        LJ (SR)   Coulomb (SR)   Coul. recip. Position Rest.
    3.95032e+02    6.11379e+03   -5.62193e+05    2.01297e+03    3.08472e+02
     Dih. Rest.      Potential    Kinetic En.   Total Energy  Conserved En.
    4.39742e+02   -4.30981e+05    1.50275e+05   -2.80706e+05   -2.91463e+05
    Temperature Pressure (bar)   Constr. rmsd
    2.99500e+02    2.94722e+01    4.19370e-06

           Step           Time
         588000     1176.00000

   Energies (kJ/mol)
           Bond            U-B    Proper Dih.  Improper Dih.          LJ-14
    1.18119e+04    6.17112e+04    4.14852e+04    3.19488e+02    7.23829e+03
     Coulomb-14        LJ (SR)   Coulomb (SR)   Coul. recip. Position Rest.
   -4.38776e+02    5.22916e+03   -5.61853e+05    2.01783e+03    3.59909e+02
     Dih. Rest.      Potential    Kinetic En.   Total Energy  Conserved En.
    4.11137e+02   -4.31708e+05    1.50719e+05   -2.80989e+05   -2.91320e+05
    Temperature Pressure (bar)   Constr. rmsd
    3.00384e+02   -1.42221e+02    4.19370e-06

           Step           Time
         590000     1180.00000

   Energies (kJ/mol)
           Bond            U-B    Proper Dih.  Improper Dih.          LJ-14
    1.16365e+04    6.14928e+04    4.11240e+04    3.93345e+02    7.44575e+03
     Coulomb-14        LJ (SR)   Coulomb (SR)   Coul. recip. Position Rest.
   -1.45970e+02    6.57342e+03   -5.62594e+05    2.12012e+03    3.39227e+02
     Dih. Rest.      Potential    Kinetic En.   Total Energy  Conserved En.
    4.29051e+02   -4.31186e+05    1.50612e+05   -2.80574e+05   -2.91197e+05
    Temperature Pressure (bar)   Constr. rmsd
    3.00172e+02    2.86092e+01    4.19370e-06

           Step           Time
         592000     1184.00000

   Energies (kJ/mol)
           Bond            U-B    Proper Dih.  Improper Dih.          LJ-14
    1.13142e+04    6.15183e+04    4.12213e+04    3.70333e+02    7.55115e+03
     Coulomb-14        LJ (SR)   Coulomb (SR)   Coul. recip. Position Rest.
    5.42708e+02    6.45208e+03   -5.62930e+05    1.99795e+03    3.18961e+02
     Dih. Rest.      Potential    Kinetic En.   Total Energy  Conserved En.
    4.27796e+02   -4.31215e+05    1.49666e+05   -2.81549e+05   -2.91074e+05
    Temperature Pressure (bar)   Constr. rmsd
    2.98286e+02    1.48941e+01    4.19370e-06

           Step           Time
         594000     1188.00000

   Energies (kJ/mol)
           Bond            U-B    Proper Dih.  Improper Dih.          LJ-14
    1.14925e+04    6.12169e+04    4.12651e+04    4.17477e+02    7.42641e+03
     Coulomb-14        LJ (SR)   Coulomb (SR)   Coul. recip. Position Rest.
    1.81437e+02    5.54467e+03   -5.61571e+05    2.09306e+03    2.97783e+02
     Dih. Rest.      Potential    Kinetic En.   Total Energy  Conserved En.
    3.99953e+02   -4.31236e+05    1.49759e+05   -2.81477e+05   -2.90935e+05
    Temperature Pressure (bar)   Constr. rmsd
    2.98471e+02   -7.67523e+01    4.19370e-06

           Step           Time
         596000     1192.00000

   Energies (kJ/mol)
           Bond            U-B    Proper Dih.  Improper Dih.          LJ-14
    1.11350e+04    6.17439e+04    4.14915e+04    3.94567e+02    7.53464e+03
     Coulomb-14        LJ (SR)   Coulomb (SR)   Coul. recip. Position Rest.
   -1.77950e+02    5.59927e+03   -5.61184e+05    1.99736e+03    2.59336e+02
     Dih. Rest.      Potential    Kinetic En.   Total Energy  Conserved En.
    4.57620e+02   -4.30749e+05    1.50032e+05   -2.80717e+05   -2.90847e+05
    Temperature Pressure (bar)   Constr. rmsd
    2.99016e+02   -3.22354e+01    4.19370e-06

           Step           Time
         598000     1196.00000

   Energies (kJ/mol)
           Bond            U-B    Proper Dih.  Improper Dih.          LJ-14
    1.13435e+04    6.14028e+04    4.13905e+04    3.95656e+02    7.52167e+03
     Coulomb-14        LJ (SR)   Coulomb (SR)   Coul. recip. Position Rest.
   -1.76625e+02    6.94166e+03   -5.62163e+05    2.06184e+03    2.94567e+02
     Dih. Rest.      Potential    Kinetic En.   Total Energy  Conserved En.
    4.44463e+02   -4.30543e+05    1.51023e+05   -2.79520e+05   -2.90723e+05
    Temperature Pressure (bar)   Constr. rmsd
    3.00991e+02   -1.75184e+00    4.19370e-06

           Step           Time
         600000     1200.00000

   Energies (kJ/mol)
           Bond            U-B    Proper Dih.  Improper Dih.          LJ-14
    1.17111e+04    6.10849e+04    4.14056e+04    3.83270e+02    7.61543e+03
     Coulomb-14        LJ (SR)   Coulomb (SR)   Coul. recip. Position Rest.
    4.84261e+01    6.25913e+03   -5.63419e+05    2.01731e+03    2.94757e+02
     Dih. Rest.      Potential    Kinetic En.   Total Energy  Conserved En.
    3.98480e+02   -4.32201e+05    1.50534e+05   -2.81667e+05   -2.90528e+05
    Temperature Pressure (bar)   Constr. rmsd
    3.00017e+02   -5.75327e+01    4.19370e-06

           Step           Time
         602000     1204.00000

   Energies (kJ/mol)
           Bond            U-B    Proper Dih.  Improper Dih.          LJ-14
    1.15501e+04    6.11922e+04    4.13232e+04    4.20445e+02    7.57853e+03
     Coulomb-14        LJ (SR)   Coulomb (SR)   Coul. recip. Position Rest.
    3.65014e+02    6.56505e+03   -5.62517e+05    2.01423e+03    2.72799e+02
     Dih. Rest.      Potential    Kinetic En.   Total Energy  Conserved En.
    3.98865e+02   -4.30836e+05    1.50780e+05   -2.80056e+05   -2.90482e+05
    Temperature Pressure (bar)   Constr. rmsd
    3.00507e+02   -4.34481e+01    4.19370e-06

           Step           Time
         604000     1208.00000

   Energies (kJ/mol)
           Bond            U-B    Proper Dih.  Improper Dih.          LJ-14
    1.15818e+04    6.16120e+04    4.13975e+04    3.24776e+02    7.34934e+03
     Coulomb-14        LJ (SR)   Coulomb (SR)   Coul. recip. Position Rest.
   -1.45845e+02    5.88585e+03   -5.61638e+05    2.00700e+03    2.62266e+02
     Dih. Rest.      Potential    Kinetic En.   Total Energy  Conserved En.
    4.09079e+02   -4.30955e+05    1.49401e+05   -2.81553e+05   -2.90310e+05
    Temperature Pressure (bar)   Constr. rmsd
    2.97759e+02   -1.15341e+02    4.19370e-06

           Step           Time
         606000     1212.00000

   Energies (kJ/mol)
           Bond            U-B    Proper Dih.  Improper Dih.          LJ-14
    1.16560e+04    6.05763e+04    4.15541e+04    3.48323e+02    7.45789e+03
     Coulomb-14        LJ (SR)   Coulomb (SR)   Coul. recip. Position Rest.
    1.20056e+02    6.45376e+03   -5.62577e+05    2.06681e+03    2.81739e+02
     Dih. Rest.      Potential    Kinetic En.   Total Energy  Conserved En.
    3.72412e+02   -4.31689e+05    1.50096e+05   -2.81593e+05   -2.90186e+05
    Temperature Pressure (bar)   Constr. rmsd
    2.99143e+02   -7.30021e+01    4.19370e-06

           Step           Time
         608000     1216.00000

   Energies (kJ/mol)
           Bond            U-B    Proper Dih.  Improper Dih.          LJ-14
    1.17030e+04    6.11907e+04    4.12720e+04    3.67094e+02    7.48507e+03
     Coulomb-14        LJ (SR)   Coulomb (SR)   Coul. recip. Position Rest.
    3.58368e+02    7.07632e+03   -5.63270e+05    2.04673e+03    2.96175e+02
     Dih. Rest.      Potential    Kinetic En.   Total Energy  Conserved En.
    4.14391e+02   -4.31061e+05    1.51001e+05   -2.80060e+05   -2.90071e+05
    Temperature Pressure (bar)   Constr. rmsd
    3.00947e+02   -2.38464e+01    4.19370e-06

           Step           Time
         610000     1220.00000

   Energies (kJ/mol)
           Bond            U-B    Proper Dih.  Improper Dih.          LJ-14
    1.16639e+04    6.15520e+04    4.11754e+04    3.87539e+02    7.41613e+03
     Coulomb-14        LJ (SR)   Coulomb (SR)   Coul. recip. Position Rest.
   -4.83883e+01    6.92940e+03   -5.63536e+05    2.03612e+03    2.78271e+02
     Dih. Rest.      Potential    Kinetic En.   Total Energy  Conserved En.
    4.02129e+02   -4.31743e+05    1.50889e+05   -2.80854e+05   -2.89949e+05
    Temperature Pressure (bar)   Constr. rmsd
    3.00724e+02   -2.56455e+01    4.19370e-06

           Step           Time
         612000     1224.00000

   Energies (kJ/mol)
           Bond            U-B    Proper Dih.  Improper Dih.          LJ-14
    1.15166e+04    6.21160e+04    4.13503e+04    3.74372e+02    7.48518e+03
     Coulomb-14        LJ (SR)   Coulomb (SR)   Coul. recip. Position Rest.
   -1.15060e+02    7.41490e+03   -5.63498e+05    1.98168e+03    2.73918e+02
     Dih. Rest.      Potential    Kinetic En.   Total Energy  Conserved En.
    4.45359e+02   -4.30655e+05    1.49454e+05   -2.81201e+05   -2.89791e+05
    Temperature Pressure (bar)   Constr. rmsd
    2.97864e+02   -7.14121e+01    4.19370e-06

           Step           Time
         614000     1228.00000

   Energies (kJ/mol)
           Bond            U-B    Proper Dih.  Improper Dih.          LJ-14
    1.16333e+04    6.12301e+04    4.13090e+04    4.03653e+02    7.48396e+03
     Coulomb-14        LJ (SR)   Coulomb (SR)   Coul. recip. Position Rest.
   -1.68712e+02    6.38919e+03   -5.62640e+05    2.04176e+03    2.82690e+02
     Dih. Rest.      Potential    Kinetic En.   Total Energy  Conserved En.
    4.42530e+02   -4.31593e+05    1.51578e+05   -2.80015e+05   -2.89710e+05
    Temperature Pressure (bar)   Constr. rmsd
    3.02096e+02   -5.61784e+01    4.19370e-06

           Step           Time
         616000     1232.00000

   Energies (kJ/mol)
           Bond            U-B    Proper Dih.  Improper Dih.          LJ-14
    1.15898e+04    6.15246e+04    4.13643e+04    3.69903e+02    7.50647e+03
     Coulomb-14        LJ (SR)   Coulomb (SR)   Coul. recip. Position Rest.
   -9.40031e+01    7.06069e+03   -5.63956e+05    1.95759e+03    2.67619e+02
     Dih. Rest.      Potential    Kinetic En.   Total Energy  Conserved En.
    4.73760e+02   -4.31935e+05    1.49898e+05   -2.82037e+05   -2.89532e+05
    Temperature Pressure (bar)   Constr. rmsd
    2.98749e+02   -9.04499e+01    4.19370e-06

           Step           Time
         618000     1236.00000

   Energies (kJ/mol)
           Bond            U-B    Proper Dih.  Improper Dih.          LJ-14
    1.17452e+04    6.11536e+04    4.11374e+04    3.84462e+02    7.54502e+03
     Coulomb-14        LJ (SR)   Coulomb (SR)   Coul. recip. Position Rest.
   -6.08313e+02    7.37653e+03   -5.63370e+05    1.98680e+03    2.88396e+02
     Dih. Rest.      Potential    Kinetic En.   Total Energy  Conserved En.
    4.42720e+02   -4.31918e+05    1.50456e+05   -2.81462e+05   -2.89437e+05
    Temperature Pressure (bar)   Constr. rmsd
    2.99861e+02   -2.39212e+01    4.19370e-06

           Step           Time
         620000     1240.00000

   Energies (kJ/mol)
           Bond            U-B    Proper Dih.  Improper Dih.          LJ-14
    1.12034e+04    6.16587e+04    4.13371e+04    4.35341e+02    7.44222e+03
     Coulomb-14        LJ (SR)   Coulomb (SR)   Coul. recip. Position Rest.
   -2.76383e+02    6.59675e+03   -5.63792e+05    2.02755e+03    2.75607e+02
     Dih. Rest.      Potential    Kinetic En.   Total Energy  Conserved En.
    4.54072e+02   -4.32637e+05    1.51155e+05   -2.81482e+05   -2.89366e+05
    Temperature Pressure (bar)   Constr. rmsd
    3.01254e+02   -1.03248e+02    4.19370e-06

           Step           Time
         622000     1244.00000

   Energies (kJ/mol)
           Bond            U-B    Proper Dih.  Improper Dih.          LJ-14
    1.14835e+04    6.08485e+04    4.11629e+04    4.09987e+02    7.54190e+03
     Coulomb-14        LJ (SR)   Coulomb (SR)   Coul. recip. Position Rest.
   -7.23820e+01    6.22566e+03   -5.63725e+05    2.01460e+03    2.60864e+02
     Dih. Rest.      Potential    Kinetic En.   Total Energy  Conserved En.
    4.62997e+02   -4.33386e+05    1.49440e+05   -2.83947e+05   -2.89231e+05
    Temperature Pressure (bar)   Constr. rmsd
    2.97835e+02   -3.31735e+01    4.19370e-06

           Step           Time
         624000     1248.00000

   Energies (kJ/mol)
           Bond            U-B    Proper Dih.  Improper Dih.          LJ-14
    1.19745e+04    6.10315e+04    4.11220e+04    3.94832e+02    7.44621e+03
     Coulomb-14        LJ (SR)   Coulomb (SR)   Coul. recip. Position Rest.
    2.11795e+02    6.01120e+03   -5.63532e+05    1.96952e+03    2.64741e+02
     Dih. Rest.      Potential    Kinetic En.   Total Energy  Conserved En.
    4.33597e+02   -4.32672e+05    1.49829e+05   -2.82843e+05   -2.89101e+05
    Temperature Pressure (bar)   Constr. rmsd
    2.98611e+02   -1.62235e+02    4.19370e-06

           Step           Time
         626000     1252.00000

   Energies (kJ/mol)
           Bond            U-B    Proper Dih.  Improper Dih.          LJ-14
    1.15492e+04    6.14336e+04    4.12224e+04    4.36020e+02    7.41578e+03
     Coulomb-14        LJ (SR)   Coulomb (SR)   Coul. recip. Position Rest.
   -5.47463e+01    6.85644e+03   -5.62870e+05    1.97342e+03    2.98115e+02
     Dih. Rest.      Potential    Kinetic En.   Total Energy  Conserved En.
    4.34497e+02   -4.31305e+05    1.50473e+05   -2.80833e+05   -2.88959e+05
    Temperature Pressure (bar)   Constr. rmsd
    2.99894e+02   -8.36851e+01    4.19370e-06

           Step           Time
         628000     1256.00000

   Energies (kJ/mol)
           Bond            U-B    Proper Dih.  Improper Dih.          LJ-14
    1.18229e+04    6.13572e+04    4.10792e+04    4.60426e+02    7.39502e+03
     Coulomb-14        LJ (SR)   Coulomb (SR)   Coul. recip. Position Rest.
   -4.48340e+02    7.47652e+03   -5.63790e+05    1.96765e+03    2.99950e+02
     Dih. Rest.      Potential    Kinetic En.   Total Energy  Conserved En.
    4.11988e+02   -4.31968e+05    1.50840e+05   -2.81128e+05   -2.88889e+05
    Temperature Pressure (bar)   Constr. rmsd
    3.00626e+02   -1.01974e+02    4.19370e-06

           Step           Time
         630000     1260.00000

   Energies (kJ/mol)
           Bond            U-B    Proper Dih.  Improper Dih.          LJ-14
    1.14924e+04    6.12505e+04    4.09261e+04    3.41427e+02    7.41641e+03
     Coulomb-14        LJ (SR)   Coulomb (SR)   Coul. recip. Position Rest.
   -3.13441e+01    6.12587e+03   -5.62902e+05    1.99713e+03    2.98617e+02
     Dih. Rest.      Potential    Kinetic En.   Total Energy  Conserved En.
    3.92529e+02   -4.32693e+05    1.51029e+05   -2.81664e+05   -2.88775e+05
    Temperature Pressure (bar)   Constr. rmsd
    3.01003e+02   -9.79350e+01    4.19370e-06

           Step           Time
         632000     1264.00000

   Energies (kJ/mol)
           Bond            U-B    Proper Dih.  Improper Dih.          LJ-14
    1.13766e+04    6.16997e+04    4.14520e+04    4.59507e+02    7.41662e+03
     Coulomb-14        LJ (SR)   Coulomb (SR)   Coul. recip. Position Rest.
   -6.25896e+02    6.77086e+03   -5.63073e+05    2.08880e+03    3.55720e+02
     Dih. Rest.      Potential    Kinetic En.   Total Energy  Conserved En.
    3.87775e+02   -4.31691e+05    1.51322e+05   -2.80369e+05   -2.88592e+05
    Temperature Pressure (bar)   Constr. rmsd
    3.01587e+02   -1.53349e+02    4.19370e-06

           Step           Time
         634000     1268.00000

   Energies (kJ/mol)
           Bond            U-B    Proper Dih.  Improper Dih.          LJ-14
    1.15308e+04    6.14928e+04    4.14166e+04    3.81186e+02    7.50098e+03
     Coulomb-14        LJ (SR)   Coulomb (SR)   Coul. recip. Position Rest.
    5.33435e+00    6.62927e+03   -5.62055e+05    1.94813e+03    3.25011e+02
     Dih. Rest.      Potential    Kinetic En.   Total Energy  Conserved En.
    4.35492e+02   -4.30390e+05    1.50280e+05   -2.80110e+05   -2.88501e+05
    Temperature Pressure (bar)   Constr. rmsd
    2.99509e+02   -4.47270e+00    4.19370e-06

           Step           Time
         636000     1272.00000

   Energies (kJ/mol)
           Bond            U-B    Proper Dih.  Improper Dih.          LJ-14
    1.13859e+04    6.17030e+04    4.12606e+04    4.14577e+02    7.40988e+03
     Coulomb-14        LJ (SR)   Coulomb (SR)   Coul. recip. Position Rest.
   -1.14083e+02    7.41280e+03   -5.63119e+05    1.97742e+03    2.94382e+02
     Dih. Rest.      Potential    Kinetic En.   Total Energy  Conserved En.
    4.64583e+02   -4.30910e+05    1.50810e+05   -2.80100e+05   -2.88360e+05
    Temperature Pressure (bar)   Constr. rmsd
    3.00567e+02   -1.07565e+02    4.19370e-06

           Step           Time
         638000     1276.00000

   Energies (kJ/mol)
           Bond            U-B    Proper Dih.  Improper Dih.          LJ-14
    1.14845e+04    6.16334e+04    4.15855e+04    4.15361e+02    7.60025e+03
     Coulomb-14        LJ (SR)   Coulomb (SR)   Coul. recip. Position Rest.
   -3.15538e+02    6.35797e+03   -5.62111e+05    2.03390e+03    2.89763e+02
     Dih. Rest.      Potential    Kinetic En.   Total Energy  Conserved En.
    4.02168e+02   -4.30624e+05    1.49028e+05   -2.81597e+05   -2.88199e+05
    Temperature Pressure (bar)   Constr. rmsd
    2.97014e+02   -3.25021e+01    4.19370e-06

           Step           Time
         640000     1280.00000

   Energies (kJ/mol)
           Bond            U-B    Proper Dih.  Improper Dih.          LJ-14
    1.18230e+04    6.16150e+04    4.13781e+04    3.57539e+02    7.46311e+03
     Coulomb-14        LJ (SR)   Coulomb (SR)   Coul. recip. Position Rest.
    1.66888e+01    6.02276e+03   -5.62816e+05    2.04490e+03    3.02379e+02
     Dih. Rest.      Potential    Kinetic En.   Total Energy  Conserved En.
    4.36783e+02   -4.31355e+05    1.49049e+05   -2.82306e+05   -2.88071e+05
    Temperature Pressure (bar)   Constr. rmsd
    2.97057e+02   -1.09359e+02    4.19370e-06

           Step           Time
         642000     1284.00000

   Energies (kJ/mol)
           Bond            U-B    Proper Dih.  Improper Dih.          LJ-14
    1.12310e+04    6.16118e+04    4.10065e+04    3.62220e+02    7.44710e+03
     Coulomb-14        LJ (SR)   Coulomb (SR)   Coul. recip. Position Rest.
    8.49534e+01    5.95306e+03   -5.62224e+05    2.02704e+03    3.12578e+02
     Dih. Rest.      Potential    Kinetic En.   Total Energy  Conserved En.
    4.59942e+02   -4.31728e+05    1.49885e+05   -2.81843e+05   -2.87958e+05
    Temperature Pressure (bar)   Constr. rmsd
    2.98724e+02   -5.11051e+01    4.19370e-06

           Step           Time
         644000     1288.00000

   Energies (kJ/mol)
           Bond            U-B    Proper Dih.  Improper Dih.          LJ-14
    1.16085e+04    6.05400e+04    4.10735e+04    3.24130e+02    7.49949e+03
     Coulomb-14        LJ (SR)   Coulomb (SR)   Coul. recip. Position Rest.
    4.55283e+02    6.76725e+03   -5.63118e+05    1.95641e+03    3.07308e+02
     Dih. Rest.      Potential    Kinetic En.   Total Energy  Conserved En.
    4.93191e+02   -4.32093e+05    1.50030e+05   -2.82064e+05   -2.87893e+05
    Temperature Pressure (bar)   Constr. rmsd
    2.99011e+02   -3.37792e+01    4.19370e-06

           Step           Time
         646000     1292.00000

   Energies (kJ/mol)
           Bond            U-B    Proper Dih.  Improper Dih.          LJ-14
    1.14905e+04    6.11659e+04    4.13586e+04    3.38559e+02    7.40948e+03
     Coulomb-14        LJ (SR)   Coulomb (SR)   Coul. recip. Position Rest.
   -5.79703e+01    6.24035e+03   -5.61921e+05    1.98280e+03    2.96921e+02
     Dih. Rest.      Potential    Kinetic En.   Total Energy  Conserved En.
    3.85881e+02   -4.31310e+05    1.50385e+05   -2.80926e+05   -2.87811e+05
    Temperature Pressure (bar)   Constr. rmsd
    2.99719e+02   -1.11572e+02    4.19370e-06

           Step           Time
         648000     1296.00000

   Energies (kJ/mol)
           Bond            U-B    Proper Dih.  Improper Dih.          LJ-14
    1.16595e+04    6.14494e+04    4.15541e+04    4.60003e+02    7.58175e+03
     Coulomb-14        LJ (SR)   Coulomb (SR)   Coul. recip. Position Rest.
   -2.28894e+00    6.24533e+03   -5.62748e+05    2.01208e+03    2.91237e+02
     Dih. Rest.      Potential    Kinetic En.   Total Energy  Conserved En.
    4.46016e+02   -4.31051e+05    1.51275e+05   -2.79776e+05   -2.87638e+05
    Temperature Pressure (bar)   Constr. rmsd
    3.01493e+02   -2.93264e+00    4.19370e-06

           Step           Time
         650000     1300.00000

   Energies (kJ/mol)
           Bond            U-B    Proper Dih.  Improper Dih.          LJ-14
    1.17502e+04    6.15250e+04    4.12421e+04    3.91924e+02    7.58283e+03
     Coulomb-14        LJ (SR)   Coulomb (SR)   Coul. recip. Position Rest.
   -4.01085e+01    6.66682e+03   -5.62243e+05    2.09026e+03    2.49057e+02
     Dih. Rest.      Potential    Kinetic En.   Total Energy  Conserved En.
    4.23924e+02   -4.30361e+05    1.51121e+05   -2.79240e+05   -2.87438e+05
    Temperature Pressure (bar)   Constr. rmsd
    3.01186e+02   -1.29866e+01    4.19370e-06

           Step           Time
         652000     1304.00000

   Energies (kJ/mol)
           Bond            U-B    Proper Dih.  Improper Dih.          LJ-14
    1.18196e+04    6.14164e+04    4.11359e+04    3.96629e+02    7.55410e+03
     Coulomb-14        LJ (SR)   Coulomb (SR)   Coul. recip. Position Rest.
   -2.90923e+02    5.71469e+03   -5.61915e+05    2.10094e+03    2.52368e+02
     Dih. Rest.      Potential    Kinetic En.   Total Energy  Conserved En.
    4.22502e+02   -4.31392e+05    1.49728e+05   -2.81664e+05   -2.87295e+05
    Temperature Pressure (bar)   Constr. rmsd
    2.98411e+02   -1.68853e+02    4.19370e-06

           Step           Time
         654000     1308.00000

   Energies (kJ/mol)
           Bond            U-B    Proper Dih.  Improper Dih.          LJ-14
    1.16278e+04    6.12850e+04    4.12850e+04    3.93543e+02    7.39626e+03
     Coulomb-14        LJ (SR)   Coulomb (SR)   Coul. recip. Position Rest.
    2.09486e+02    6.35113e+03   -5.63256e+05    2.00331e+03    3.16794e+02
     Dih. Rest.      Potential    Kinetic En.   Total Energy  Conserved En.
    3.91366e+02   -4.31996e+05    1.50170e+05   -2.81826e+05   -2.87191e+05
    Temperature Pressure (bar)   Constr. rmsd
    2.99290e+02   -9.33770e+01    4.19370e-06

           Step           Time
         656000     1312.00000

   Energies (kJ/mol)
           Bond            U-B    Proper Dih.  Improper Dih.          LJ-14
    1.17696e+04    6.15226e+04    4.15485e+04    3.82489e+02    7.43136e+03
     Coulomb-14        LJ (SR)   Coulomb (SR)   Coul. recip. Position Rest.
    1.41031e+02    6.77120e+03   -5.63602e+05    2.07222e+03    2.80594e+02
     Dih. Rest.      Potential    Kinetic En.   Total Energy  Conserved En.
    4.12684e+02   -4.31270e+05    1.50124e+05   -2.81146e+05   -2.87039e+05
    Temperature Pressure (bar)   Constr. rmsd
    2.99199e+02   -1.16229e+02    4.19370e-06

           Step           Time
         658000     1316.00000

   Energies (kJ/mol)
           Bond            U-B    Proper Dih.  Improper Dih.          LJ-14
    1.16641e+04    6.17090e+04    4.12629e+04    3.76630e+02    7.36598e+03
     Coulomb-14        LJ (SR)   Coulomb (SR)   Coul. recip. Position Rest.
    5.67270e+02    7.10703e+03   -5.64368e+05    2.06903e+03    3.13825e+02
     Dih. Rest.      Potential    Kinetic En.   Total Energy  Conserved En.
    4.23037e+02   -4.31510e+05    1.50159e+05   -2.81351e+05   -2.86924e+05
    Temperature Pressure (bar)   Constr. rmsd
    2.99269e+02   -8.24961e+01    4.19370e-06

           Step           Time
         660000     1320.00000

   Energies (kJ/mol)
           Bond            U-B    Proper Dih.  Improper Dih.          LJ-14
    1.18579e+04    6.14851e+04    4.11901e+04    3.36076e+02    7.41746e+03
     Coulomb-14        LJ (SR)   Coulomb (SR)   Coul. recip. Position Rest.
    3.16856e+02    6.76441e+03   -5.64710e+05    2.06938e+03    2.98733e+02
     Dih. Rest.      Potential    Kinetic En.   Total Energy  Conserved En.
    3.88633e+02   -4.32585e+05    1.49994e+05   -2.82591e+05   -2.86815e+05
    Temperature Pressure (bar)   Constr. rmsd
    2.98940e+02   -5.75722e+01    4.19370e-06

           Step           Time
         662000     1324.00000

   Energies (kJ/mol)
           Bond            U-B    Proper Dih.  Improper Dih.          LJ-14
    1.15621e+04    6.11071e+04    4.15243e+04    3.65819e+02    7.64283e+03
     Coulomb-14        LJ (SR)   Coulomb (SR)   Coul. recip. Position Rest.
    6.63598e+02    6.08000e+03   -5.63108e+05    2.01392e+03    2.95671e+02
     Dih. Rest.      Potential    Kinetic En.   Total Energy  Conserved En.
    3.78025e+02   -4.31474e+05    1.50183e+05   -2.81291e+05   -2.86710e+05
    Temperature Pressure (bar)   Constr. rmsd
    2.99317e+02   -7.75019e+01    4.19370e-06

           Step           Time
         664000     1328.00000

   Energies (kJ/mol)
           Bond            U-B    Proper Dih.  Improper Dih.          LJ-14
    1.16189e+04    6.14408e+04    4.16861e+04    3.96087e+02    7.50903e+03
     Coulomb-14        LJ (SR)   Coulomb (SR)   Coul. recip. Position Rest.
   -1.50195e+02    5.25202e+03   -5.61911e+05    2.07904e+03    2.95987e+02
     Dih. Rest.      Potential    Kinetic En.   Total Energy  Conserved En.
    4.29786e+02   -4.31354e+05    1.50712e+05   -2.80642e+05   -2.86572e+05
    Temperature Pressure (bar)   Constr. rmsd
    3.00371e+02   -1.20566e+02    4.19370e-06

           Step           Time
         666000     1332.00000

   Energies (kJ/mol)
           Bond            U-B    Proper Dih.  Improper Dih.          LJ-14
    1.17316e+04    6.14613e+04    4.11678e+04    3.86831e+02    7.41843e+03
     Coulomb-14        LJ (SR)   Coulomb (SR)   Coul. recip. Position Rest.
   -1.18034e+02    7.29671e+03   -5.64216e+05    2.02521e+03    3.26580e+02
     Dih. Rest.      Potential    Kinetic En.   Total Energy  Conserved En.
    3.77190e+02   -4.32142e+05    1.50741e+05   -2.81401e+05   -2.86410e+05
    Temperature Pressure (bar)   Constr. rmsd
    3.00429e+02   -4.33610e+01    4.19370e-06

           Step           Time
         668000     1336.00000

   Energies (kJ/mol)
           Bond            U-B    Proper Dih.  Improper Dih.          LJ-14
    1.15150e+04    6.09645e+04    4.12758e+04    4.03877e+02    7.37905e+03
     Coulomb-14        LJ (SR)   Coulomb (SR)   Coul. recip. Position Rest.
    3.71387e+00    6.49646e+03   -5.63449e+05    2.07424e+03    3.07496e+02
     Dih. Rest.      Potential    Kinetic En.   Total Energy  Conserved En.
    4.31629e+02   -4.32597e+05    1.50816e+05   -2.81782e+05   -2.86338e+05
    Temperature Pressure (bar)   Constr. rmsd
    3.00578e+02   -2.99789e+01    4.19370e-06

           Step           Time
         670000     1340.00000

   Energies (kJ/mol)
           Bond            U-B    Proper Dih.  Improper Dih.          LJ-14
    1.17064e+04    6.13756e+04    4.13756e+04    3.75215e+02    7.41049e+03
     Coulomb-14        LJ (SR)   Coulomb (SR)   Coul. recip. Position Rest.
    1.86185e+02    5.87468e+03   -5.62758e+05    2.01803e+03    2.92212e+02
     Dih. Rest.      Potential    Kinetic En.   Total Energy  Conserved En.
    3.99400e+02   -4.31745e+05    1.51551e+05   -2.80194e+05   -2.86219e+05
    Temperature Pressure (bar)   Constr. rmsd
    3.02042e+02   -3.81634e+01    4.19370e-06

           Step           Time
         672000     1344.00000

   Energies (kJ/mol)
           Bond            U-B    Proper Dih.  Improper Dih.          LJ-14
    1.16817e+04    6.15728e+04    4.16779e+04    3.83810e+02    7.47664e+03
     Coulomb-14        LJ (SR)   Coulomb (SR)   Coul. recip. Position Rest.
    4.41265e+02    5.81458e+03   -5.61213e+05    2.01160e+03    3.10302e+02
     Dih. Rest.      Potential    Kinetic En.   Total Energy  Conserved En.
    4.20344e+02   -4.29422e+05    1.50321e+05   -2.79101e+05   -2.86025e+05
    Temperature Pressure (bar)   Constr. rmsd
    2.99592e+02   -5.17223e+01    4.19370e-06

           Step           Time
         674000     1348.00000

   Energies (kJ/mol)
           Bond            U-B    Proper Dih.  Improper Dih.          LJ-14
    1.17453e+04    6.09245e+04    4.13449e+04    3.89649e+02    7.50275e+03
     Coulomb-14        LJ (SR)   Coulomb (SR)   Coul. recip. Position Rest.
    2.00248e+02    6.66263e+03   -5.62537e+05    2.07464e+03    2.99265e+02
     Dih. Rest.      Potential    Kinetic En.   Total Energy  Conserved En.
    4.64055e+02   -4.30929e+05    1.51027e+05   -2.79902e+05   -2.85890e+05
    Temperature Pressure (bar)   Constr. rmsd
    3.00999e+02   -5.57438e+01    4.19370e-06

Writing checkpoint, step 674800 at Sat Jul 27 04:38:04 2024


           Step           Time
         676000     1352.00000

   Energies (kJ/mol)
           Bond            U-B    Proper Dih.  Improper Dih.          LJ-14
    1.14111e+04    6.14528e+04    4.12945e+04    3.97239e+02    7.50085e+03
     Coulomb-14        LJ (SR)   Coulomb (SR)   Coul. recip. Position Rest.
   -3.71942e+02    5.35475e+03   -5.60208e+05    2.14325e+03    3.46528e+02
     Dih. Rest.      Potential    Kinetic En.   Total Energy  Conserved En.
    3.40293e+02   -4.30339e+05    1.50995e+05   -2.79344e+05   -2.85811e+05
    Temperature Pressure (bar)   Constr. rmsd
    3.00935e+02   -1.70508e+01    4.19370e-06

           Step           Time
         678000     1356.00000

   Energies (kJ/mol)
           Bond            U-B    Proper Dih.  Improper Dih.          LJ-14
    1.13256e+04    6.14495e+04    4.12564e+04    3.83290e+02    7.49107e+03
     Coulomb-14        LJ (SR)   Coulomb (SR)   Coul. recip. Position Rest.
   -3.24497e+01    4.78625e+03   -5.60928e+05    1.98916e+03    3.20883e+02
     Dih. Rest.      Potential    Kinetic En.   Total Energy  Conserved En.
    4.43795e+02   -4.31514e+05    1.50997e+05   -2.80517e+05   -2.85723e+05
    Temperature Pressure (bar)   Constr. rmsd
    3.00939e+02   -1.48732e+02    4.19370e-06

           Step           Time
         680000     1360.00000

   Energies (kJ/mol)
           Bond            U-B    Proper Dih.  Improper Dih.          LJ-14
    1.15561e+04    6.06765e+04    4.11331e+04    4.42438e+02    7.38106e+03
     Coulomb-14        LJ (SR)   Coulomb (SR)   Coul. recip. Position Rest.
    6.25232e+02    6.40975e+03   -5.63764e+05    2.01322e+03    3.13970e+02
     Dih. Rest.      Potential    Kinetic En.   Total Energy  Conserved En.
    4.17048e+02   -4.32796e+05    1.51282e+05   -2.81514e+05   -2.85630e+05
    Temperature Pressure (bar)   Constr. rmsd
    3.01506e+02   -6.70829e+01    4.19370e-06

           Step           Time
         682000     1364.00000

   Energies (kJ/mol)
           Bond            U-B    Proper Dih.  Improper Dih.          LJ-14
    1.17902e+04    6.04476e+04    4.10121e+04    3.70208e+02    7.54213e+03
     Coulomb-14        LJ (SR)   Coulomb (SR)   Coul. recip. Position Rest.
    7.55851e+02    5.68818e+03   -5.61775e+05    2.08592e+03    3.81731e+02
     Dih. Rest.      Potential    Kinetic En.   Total Energy  Conserved En.
    4.11883e+02   -4.31290e+05    1.50059e+05   -2.81230e+05   -2.85460e+05
    Temperature Pressure (bar)   Constr. rmsd
    2.99070e+02   -4.49824e+01    4.19370e-06

           Step           Time
         684000     1368.00000

   Energies (kJ/mol)
           Bond            U-B    Proper Dih.  Improper Dih.          LJ-14
    1.14804e+04    6.14183e+04    4.09745e+04    3.43144e+02    7.55880e+03
     Coulomb-14        LJ (SR)   Coulomb (SR)   Coul. recip. Position Rest.
    6.37460e+02    6.22098e+03   -5.62150e+05    2.07224e+03    3.12910e+02
     Dih. Rest.      Potential    Kinetic En.   Total Energy  Conserved En.
    4.02189e+02   -4.30729e+05    1.51586e+05   -2.79143e+05   -2.85356e+05
    Temperature Pressure (bar)   Constr. rmsd
    3.02114e+02    5.53754e+00    4.19370e-06

           Step           Time
         686000     1372.00000

   Energies (kJ/mol)
           Bond            U-B    Proper Dih.  Improper Dih.          LJ-14
    1.14675e+04    6.08307e+04    4.10546e+04    4.31066e+02    7.35714e+03
     Coulomb-14        LJ (SR)   Coulomb (SR)   Coul. recip. Position Rest.
    3.47993e+02    6.50697e+03   -5.63068e+05    2.05861e+03    3.00667e+02
     Dih. Rest.      Potential    Kinetic En.   Total Energy  Conserved En.
    3.84326e+02   -4.32329e+05    1.51577e+05   -2.80752e+05   -2.85238e+05
    Temperature Pressure (bar)   Constr. rmsd
    3.02095e+02   -1.19246e+01    4.19370e-06

           Step           Time
         688000     1376.00000

   Energies (kJ/mol)
           Bond            U-B    Proper Dih.  Improper Dih.          LJ-14
    1.13502e+04    6.08067e+04    4.12972e+04    3.22869e+02    7.40235e+03
     Coulomb-14        LJ (SR)   Coulomb (SR)   Coul. recip. Position Rest.
    4.52634e+02    6.20352e+03   -5.62998e+05    1.98963e+03    2.80598e+02
     Dih. Rest.      Potential    Kinetic En.   Total Energy  Conserved En.
    3.82215e+02   -4.32511e+05    1.51013e+05   -2.81497e+05   -2.85169e+05
    Temperature Pressure (bar)   Constr. rmsd
    3.00972e+02   -1.29013e+01    4.19370e-06

           Step           Time
         690000     1380.00000

   Energies (kJ/mol)
           Bond            U-B    Proper Dih.  Improper Dih.          LJ-14
    1.16523e+04    6.10624e+04    4.12740e+04    3.96397e+02    7.61092e+03
     Coulomb-14        LJ (SR)   Coulomb (SR)   Coul. recip. Position Rest.
    3.08006e+02    6.11866e+03   -5.61966e+05    1.98804e+03    3.19500e+02
     Dih. Rest.      Potential    Kinetic En.   Total Energy  Conserved En.
    4.59114e+02   -4.30776e+05    1.50824e+05   -2.79952e+05   -2.84958e+05
    Temperature Pressure (bar)   Constr. rmsd
    3.00594e+02   -8.94628e+01    4.19370e-06

           Step           Time
         692000     1384.00000

   Energies (kJ/mol)
           Bond            U-B    Proper Dih.  Improper Dih.          LJ-14
    1.14843e+04    6.08690e+04    4.11639e+04    3.23603e+02    7.35524e+03
     Coulomb-14        LJ (SR)   Coulomb (SR)   Coul. recip. Position Rest.
    6.92980e+02    7.89930e+03   -5.64780e+05    1.99336e+03    3.60059e+02
     Dih. Rest.      Potential    Kinetic En.   Total Energy  Conserved En.
    4.05834e+02   -4.32233e+05    1.50452e+05   -2.81781e+05   -2.84877e+05
    Temperature Pressure (bar)   Constr. rmsd
    2.99853e+02   -1.60392e+01    4.19370e-06

           Step           Time
         694000     1388.00000

   Energies (kJ/mol)
           Bond            U-B    Proper Dih.  Improper Dih.          LJ-14
    1.14528e+04    6.06000e+04    4.10025e+04    4.36506e+02    7.52664e+03
     Coulomb-14        LJ (SR)   Coulomb (SR)   Coul. recip. Position Rest.
    6.69523e+02    5.76947e+03   -5.62106e+05    2.07030e+03    3.11763e+02
     Dih. Rest.      Potential    Kinetic En.   Total Energy  Conserved En.
    4.31842e+02   -4.31834e+05    1.51029e+05   -2.80805e+05   -2.84766e+05
    Temperature Pressure (bar)   Constr. rmsd
    3.01004e+02   -5.41464e+01    4.19370e-06

           Step           Time
         696000     1392.00000

   Energies (kJ/mol)
           Bond            U-B    Proper Dih.  Improper Dih.          LJ-14
    1.16877e+04    6.15078e+04    4.13067e+04    3.39840e+02    7.46155e+03
     Coulomb-14        LJ (SR)   Coulomb (SR)   Coul. recip. Position Rest.
    5.56590e+02    5.98458e+03   -5.63004e+05    2.08053e+03    3.09739e+02
     Dih. Rest.      Potential    Kinetic En.   Total Energy  Conserved En.
    3.88423e+02   -4.31381e+05    1.50454e+05   -2.80926e+05   -2.84584e+05
    Temperature Pressure (bar)   Constr. rmsd
    2.99857e+02   -1.26069e+02    4.19370e-06

           Step           Time
         698000     1396.00000

   Energies (kJ/mol)
           Bond            U-B    Proper Dih.  Improper Dih.          LJ-14
    1.16785e+04    6.13303e+04    4.11286e+04    3.95917e+02    7.57235e+03
     Coulomb-14        LJ (SR)   Coulomb (SR)   Coul. recip. Position Rest.
    3.10306e+02    6.22847e+03   -5.62866e+05    2.03966e+03    3.14018e+02
     Dih. Rest.      Potential    Kinetic En.   Total Energy  Conserved En.
    4.24076e+02   -4.31444e+05    1.49962e+05   -2.81482e+05   -2.84463e+05
    Temperature Pressure (bar)   Constr. rmsd
    2.98876e+02   -7.37435e+00    4.19370e-06

           Step           Time
         700000     1400.00000

   Energies (kJ/mol)
           Bond            U-B    Proper Dih.  Improper Dih.          LJ-14
    1.15033e+04    6.08979e+04    4.12617e+04    4.38894e+02    7.55203e+03
     Coulomb-14        LJ (SR)   Coulomb (SR)   Coul. recip. Position Rest.
    2.24916e+02    6.39632e+03   -5.62406e+05    2.06026e+03    3.40555e+02
     Dih. Rest.      Potential    Kinetic En.   Total Energy  Conserved En.
    4.02596e+02   -4.31328e+05    1.50318e+05   -2.81010e+05   -2.84419e+05
    Temperature Pressure (bar)   Constr. rmsd
    2.99586e+02   -2.29836e+01    4.19370e-06

           Step           Time
         702000     1404.00000

   Energies (kJ/mol)
           Bond            U-B    Proper Dih.  Improper Dih.          LJ-14
    1.12519e+04    6.09628e+04    4.13246e+04    3.76009e+02    7.47140e+03
     Coulomb-14        LJ (SR)   Coulomb (SR)   Coul. recip. Position Rest.
   -5.25144e+02    6.49809e+03   -5.62262e+05    2.04451e+03    3.33492e+02
     Dih. Rest.      Potential    Kinetic En.   Total Energy  Conserved En.
    4.43860e+02   -4.32080e+05    1.50713e+05   -2.81368e+05   -2.84308e+05
    Temperature Pressure (bar)   Constr. rmsd
    3.00372e+02    2.12159e+01    4.19370e-06

           Step           Time
         704000     1408.00000

   Energies (kJ/mol)
           Bond            U-B    Proper Dih.  Improper Dih.          LJ-14
    1.12633e+04    6.15948e+04    4.13793e+04    3.42589e+02    7.56548e+03
     Coulomb-14        LJ (SR)   Coulomb (SR)   Coul. recip. Position Rest.
    8.98651e+01    5.74355e+03   -5.61891e+05    1.98569e+03    3.55707e+02
     Dih. Rest.      Potential    Kinetic En.   Total Energy  Conserved En.
    3.66314e+02   -4.31204e+05    1.50044e+05   -2.81160e+05   -2.84139e+05
    Temperature Pressure (bar)   Constr. rmsd
    2.99040e+02   -1.56274e+02    4.19370e-06

           Step           Time
         706000     1412.00000

   Energies (kJ/mol)
           Bond            U-B    Proper Dih.  Improper Dih.          LJ-14
    1.15272e+04    6.07646e+04    4.12886e+04    3.45001e+02    7.40290e+03
     Coulomb-14        LJ (SR)   Coulomb (SR)   Coul. recip. Position Rest.
    1.98986e+02    5.50193e+03   -5.61530e+05    2.01292e+03    3.02245e+02
     Dih. Rest.      Potential    Kinetic En.   Total Energy  Conserved En.
    4.14674e+02   -4.31770e+05    1.50412e+05   -2.81358e+05   -2.84064e+05
    Temperature Pressure (bar)   Constr. rmsd
    2.99773e+02   -1.12519e+02    4.19370e-06

           Step           Time
         708000     1416.00000

   Energies (kJ/mol)
           Bond            U-B    Proper Dih.  Improper Dih.          LJ-14
    1.15096e+04    6.15587e+04    4.15072e+04    3.96833e+02    7.58563e+03
     Coulomb-14        LJ (SR)   Coulomb (SR)   Coul. recip. Position Rest.
   -1.76491e+02    6.12765e+03   -5.63017e+05    2.00708e+03    3.05402e+02
     Dih. Rest.      Potential    Kinetic En.   Total Energy  Conserved En.
    3.91103e+02   -4.31805e+05    1.50489e+05   -2.81316e+05   -2.83889e+05
    Temperature Pressure (bar)   Constr. rmsd
    2.99926e+02   -5.73371e+00    4.19370e-06

           Step           Time
         710000     1420.00000

   Energies (kJ/mol)
           Bond            U-B    Proper Dih.  Improper Dih.          LJ-14
    1.15814e+04    6.02840e+04    4.13347e+04    3.72788e+02    7.47530e+03
     Coulomb-14        LJ (SR)   Coulomb (SR)   Coul. recip. Position Rest.
    4.43237e+01    7.67392e+03   -5.65003e+05    2.04348e+03    3.15620e+02
     Dih. Rest.      Potential    Kinetic En.   Total Energy  Conserved En.
    4.71482e+02   -4.33406e+05    1.50329e+05   -2.83077e+05   -2.83817e+05
    Temperature Pressure (bar)   Constr. rmsd
    2.99608e+02   -2.71835e+01    4.19370e-06

           Step           Time
         712000     1424.00000

   Energies (kJ/mol)
           Bond            U-B    Proper Dih.  Improper Dih.          LJ-14
    1.18502e+04    6.07071e+04    4.15330e+04    4.33442e+02    7.57943e+03
     Coulomb-14        LJ (SR)   Coulomb (SR)   Coul. recip. Position Rest.
    1.07297e+02    5.82656e+03   -5.62802e+05    1.99586e+03    3.79342e+02
     Dih. Rest.      Potential    Kinetic En.   Total Energy  Conserved En.
    4.59477e+02   -4.31931e+05    1.50006e+05   -2.81925e+05   -2.83688e+05
    Temperature Pressure (bar)   Constr. rmsd
    2.98963e+02   -7.94991e+01    4.19370e-06

           Step           Time
         714000     1428.00000

   Energies (kJ/mol)
           Bond            U-B    Proper Dih.  Improper Dih.          LJ-14
    1.13314e+04    6.19383e+04    4.14183e+04    3.60182e+02    7.64657e+03
     Coulomb-14        LJ (SR)   Coulomb (SR)   Coul. recip. Position Rest.
    1.05970e+02    6.14222e+03   -5.63007e+05    2.08396e+03    3.39043e+02
     Dih. Rest.      Potential    Kinetic En.   Total Energy  Conserved En.
    4.52148e+02   -4.31189e+05    1.50895e+05   -2.80294e+05   -2.83548e+05
    Temperature Pressure (bar)   Constr. rmsd
    3.00737e+02    1.10799e+01    4.19370e-06

           Step           Time
         716000     1432.00000

   Energies (kJ/mol)
           Bond            U-B    Proper Dih.  Improper Dih.          LJ-14
    1.18698e+04    6.14779e+04    4.14144e+04    3.52368e+02    7.37040e+03
     Coulomb-14        LJ (SR)   Coulomb (SR)   Coul. recip. Position Rest.
   -6.61078e+01    5.21379e+03   -5.61481e+05    2.04991e+03    3.29918e+02
     Dih. Rest.      Potential    Kinetic En.   Total Energy  Conserved En.
    3.86449e+02   -4.31083e+05    1.50168e+05   -2.80915e+05   -2.83432e+05
    Temperature Pressure (bar)   Constr. rmsd
    2.99287e+02   -9.89809e+01    4.19370e-06

           Step           Time
         718000     1436.00000

   Energies (kJ/mol)
           Bond            U-B    Proper Dih.  Improper Dih.          LJ-14
    1.17317e+04    6.11571e+04    4.12653e+04    3.78802e+02    7.41301e+03
     Coulomb-14        LJ (SR)   Coulomb (SR)   Coul. recip. Position Rest.
    6.60240e+01    7.49215e+03   -5.63198e+05    2.04545e+03    3.54240e+02
     Dih. Rest.      Potential    Kinetic En.   Total Energy  Conserved En.
    5.00421e+02   -4.30794e+05    1.50443e+05   -2.80351e+05   -2.83306e+05
    Temperature Pressure (bar)   Constr. rmsd
    2.99834e+02   -5.81168e+01    4.19370e-06

           Step           Time
         720000     1440.00000

   Energies (kJ/mol)
           Bond            U-B    Proper Dih.  Improper Dih.          LJ-14
    1.15250e+04    6.13771e+04    4.14858e+04    3.71043e+02    7.52848e+03
     Coulomb-14        LJ (SR)   Coulomb (SR)   Coul. recip. Position Rest.
    8.39038e+01    5.71985e+03   -5.60762e+05    2.01011e+03    3.15978e+02
     Dih. Rest.      Potential    Kinetic En.   Total Energy  Conserved En.
    3.83001e+02   -4.29962e+05    1.49966e+05   -2.79996e+05   -2.83181e+05
    Temperature Pressure (bar)   Constr. rmsd
    2.98883e+02   -4.78649e+01    4.19370e-06

           Step           Time
         722000     1444.00000

   Energies (kJ/mol)
           Bond            U-B    Proper Dih.  Improper Dih.          LJ-14
    1.15039e+04    6.06569e+04    4.13686e+04    4.04352e+02    7.50421e+03
     Coulomb-14        LJ (SR)   Coulomb (SR)   Coul. recip. Position Rest.
    2.89587e+02    5.93095e+03   -5.61801e+05    2.06750e+03    2.95498e+02
     Dih. Rest.      Potential    Kinetic En.   Total Energy  Conserved En.
    3.62515e+02   -4.31417e+05    1.49634e+05   -2.81783e+05   -2.83067e+05
    Temperature Pressure (bar)   Constr. rmsd
    2.98223e+02   -5.41774e+01    4.19370e-06

           Step           Time
         724000     1448.00000

   Energies (kJ/mol)
           Bond            U-B    Proper Dih.  Improper Dih.          LJ-14
    1.13650e+04    6.09527e+04    4.14734e+04    3.78415e+02    7.42763e+03
     Coulomb-14        LJ (SR)   Coulomb (SR)   Coul. recip. Position Rest.
   -1.22047e+02    6.17638e+03   -5.62678e+05    2.10418e+03    3.31236e+02
     Dih. Rest.      Potential    Kinetic En.   Total Energy  Conserved En.
    4.33943e+02   -4.32157e+05    1.50128e+05   -2.82030e+05   -2.82965e+05
    Temperature Pressure (bar)   Constr. rmsd
    2.99206e+02   -8.85027e+01    4.19370e-06

           Step           Time
         726000     1452.00000

   Energies (kJ/mol)
           Bond            U-B    Proper Dih.  Improper Dih.          LJ-14
    1.13712e+04    6.12570e+04    4.12659e+04    3.77976e+02    7.47509e+03
     Coulomb-14        LJ (SR)   Coulomb (SR)   Coul. recip. Position Rest.
    2.73539e+02    6.39173e+03   -5.62141e+05    1.95288e+03    3.10481e+02
     Dih. Rest.      Potential    Kinetic En.   Total Energy  Conserved En.
    4.43506e+02   -4.31022e+05    1.50349e+05   -2.80673e+05   -2.82863e+05
    Temperature Pressure (bar)   Constr. rmsd
    2.99648e+02   -3.62930e+01    4.19370e-06

           Step           Time
         728000     1456.00000

   Energies (kJ/mol)
           Bond            U-B    Proper Dih.  Improper Dih.          LJ-14
    1.15929e+04    6.12872e+04    4.13931e+04    3.45784e+02    7.50248e+03
     Coulomb-14        LJ (SR)   Coulomb (SR)   Coul. recip. Position Rest.
   -2.27610e+02    6.13594e+03   -5.61510e+05    2.08244e+03    3.42995e+02
     Dih. Rest.      Potential    Kinetic En.   Total Energy  Conserved En.
    4.30365e+02   -4.30624e+05    1.49265e+05   -2.81360e+05   -2.82725e+05
    Temperature Pressure (bar)   Constr. rmsd
    2.97486e+02   -1.20404e+01    4.19370e-06

           Step           Time
         730000     1460.00000

   Energies (kJ/mol)
           Bond            U-B    Proper Dih.  Improper Dih.          LJ-14
    1.15954e+04    6.09293e+04    4.13719e+04    4.20934e+02    7.59975e+03
     Coulomb-14        LJ (SR)   Coulomb (SR)   Coul. recip. Position Rest.
    1.24329e+02    6.17199e+03   -5.62388e+05    2.02991e+03    3.63353e+02
     Dih. Rest.      Potential    Kinetic En.   Total Energy  Conserved En.
    3.67923e+02   -4.31413e+05    1.49412e+05   -2.82001e+05   -2.82553e+05
    Temperature Pressure (bar)   Constr. rmsd
    2.97780e+02   -5.29564e+01    4.19370e-06

           Step           Time
         732000     1464.00000

   Energies (kJ/mol)
           Bond            U-B    Proper Dih.  Improper Dih.          LJ-14
    1.14606e+04    6.12246e+04    4.12688e+04    3.79945e+02    7.40729e+03
     Coulomb-14        LJ (SR)   Coulomb (SR)   Coul. recip. Position Rest.
    5.24128e+02    5.84760e+03   -5.62642e+05    2.07803e+03    3.68653e+02
     Dih. Rest.      Potential    Kinetic En.   Total Energy  Conserved En.
    3.59700e+02   -4.31723e+05    1.49184e+05   -2.82538e+05   -2.82448e+05
    Temperature Pressure (bar)   Constr. rmsd
    2.97327e+02   -2.73444e+01    4.19370e-06

           Step           Time
         734000     1468.00000

Writing checkpoint, step 734000 at Sat Jul 27 04:52:52 2024


   Energies (kJ/mol)
           Bond            U-B    Proper Dih.  Improper Dih.          LJ-14
    1.15419e+04    6.07689e+04    4.14072e+04    3.42798e+02    7.45440e+03
     Coulomb-14        LJ (SR)   Coulomb (SR)   Coul. recip. Position Rest.
    5.34687e+02    5.86154e+03   -5.63164e+05    1.98587e+03    3.06660e+02
     Dih. Rest.      Potential    Kinetic En.   Total Energy  Conserved En.
    4.50888e+02   -4.32509e+05    1.50146e+05   -2.82363e+05   -2.82334e+05
    Temperature Pressure (bar)   Constr. rmsd
    2.99242e+02   -9.89620e+01    4.19370e-06

           Step           Time
         736000     1472.00000

   Energies (kJ/mol)
           Bond            U-B    Proper Dih.  Improper Dih.          LJ-14
    1.13872e+04    6.08908e+04    4.13135e+04    4.11483e+02    7.48110e+03
     Coulomb-14        LJ (SR)   Coulomb (SR)   Coul. recip. Position Rest.
    7.32463e+02    6.26897e+03   -5.63302e+05    2.11561e+03    3.19985e+02
     Dih. Rest.      Potential    Kinetic En.   Total Energy  Conserved En.
    4.55438e+02   -4.31925e+05    1.50598e+05   -2.81327e+05   -2.82228e+05
    Temperature Pressure (bar)   Constr. rmsd
    3.00144e+02   -7.59489e+01    4.19370e-06

           Step           Time
         738000     1476.00000

   Energies (kJ/mol)
           Bond            U-B    Proper Dih.  Improper Dih.          LJ-14
    1.16005e+04    6.13189e+04    4.08859e+04    3.76036e+02    7.47039e+03
     Coulomb-14        LJ (SR)   Coulomb (SR)   Coul. recip. Position Rest.
    2.95250e+02    6.28928e+03   -5.62516e+05    2.02739e+03    3.19403e+02
     Dih. Rest.      Potential    Kinetic En.   Total Energy  Conserved En.
    3.81341e+02   -4.31552e+05    1.50537e+05   -2.81014e+05   -2.82121e+05
    Temperature Pressure (bar)   Constr. rmsd
    3.00023e+02   -4.46090e+01    4.19370e-06

           Step           Time
         740000     1480.00000

   Energies (kJ/mol)
           Bond            U-B    Proper Dih.  Improper Dih.          LJ-14
    1.16507e+04    6.09059e+04    4.11864e+04    4.90767e+02    7.43577e+03
     Coulomb-14        LJ (SR)   Coulomb (SR)   Coul. recip. Position Rest.
    4.84574e+02    5.65650e+03   -5.63024e+05    2.04784e+03    3.26616e+02
     Dih. Rest.      Potential    Kinetic En.   Total Energy  Conserved En.
    4.07163e+02   -4.32432e+05    1.51313e+05   -2.81118e+05   -2.82013e+05
    Temperature Pressure (bar)   Constr. rmsd
    3.01570e+02   -7.25602e+01    4.19370e-06

           Step           Time
         742000     1484.00000

   Energies (kJ/mol)
           Bond            U-B    Proper Dih.  Improper Dih.          LJ-14
    1.18793e+04    6.12546e+04    4.09426e+04    3.56519e+02    7.62341e+03
     Coulomb-14        LJ (SR)   Coulomb (SR)   Coul. recip. Position Rest.
    7.74910e+02    6.21564e+03   -5.64295e+05    2.02381e+03    3.05650e+02
     Dih. Rest.      Potential    Kinetic En.   Total Energy  Conserved En.
    4.12682e+02   -4.32506e+05    1.51172e+05   -2.81334e+05   -2.81873e+05
    Temperature Pressure (bar)   Constr. rmsd
    3.01288e+02   -2.74049e+01    4.19370e-06

           Step           Time
         744000     1488.00000

   Energies (kJ/mol)
           Bond            U-B    Proper Dih.  Improper Dih.          LJ-14
    1.14973e+04    6.10571e+04    4.12372e+04    3.59654e+02    7.49079e+03
     Coulomb-14        LJ (SR)   Coulomb (SR)   Coul. recip. Position Rest.
    8.33663e+02    5.86997e+03   -5.62492e+05    2.02066e+03    3.37807e+02
     Dih. Rest.      Potential    Kinetic En.   Total Energy  Conserved En.
    3.84817e+02   -4.31403e+05    1.50466e+05   -2.80937e+05   -2.81766e+05
    Temperature Pressure (bar)   Constr. rmsd
    2.99881e+02   -5.10933e+01    4.19370e-06

           Step           Time
         746000     1492.00000

   Energies (kJ/mol)
           Bond            U-B    Proper Dih.  Improper Dih.          LJ-14
    1.15299e+04    6.13556e+04    4.09924e+04    3.68367e+02    7.44497e+03
     Coulomb-14        LJ (SR)   Coulomb (SR)   Coul. recip. Position Rest.
    8.25579e+02    4.91413e+03   -5.61848e+05    1.99100e+03    3.55317e+02
     Dih. Rest.      Potential    Kinetic En.   Total Energy  Conserved En.
    4.52637e+02   -4.31618e+05    1.50472e+05   -2.81146e+05   -2.81641e+05
    Temperature Pressure (bar)   Constr. rmsd
    2.99892e+02   -6.54913e+01    4.19370e-06

           Step           Time
         748000     1496.00000

   Energies (kJ/mol)
           Bond            U-B    Proper Dih.  Improper Dih.          LJ-14
    1.15207e+04    6.11033e+04    4.12372e+04    4.02566e+02    7.59316e+03
     Coulomb-14        LJ (SR)   Coulomb (SR)   Coul. recip. Position Rest.
    7.54866e+02    7.58219e+03   -5.65428e+05    1.99234e+03    3.13370e+02
     Dih. Rest.      Potential    Kinetic En.   Total Energy  Conserved En.
    3.81811e+02   -4.32546e+05    1.50995e+05   -2.81551e+05   -2.81481e+05
    Temperature Pressure (bar)   Constr. rmsd
    3.00936e+02   -4.64883e-01    4.19370e-06

           Step           Time
         750000     1500.00000

   Energies (kJ/mol)
           Bond            U-B    Proper Dih.  Improper Dih.          LJ-14
    1.15114e+04    6.14568e+04    4.11990e+04    3.75223e+02    7.45851e+03
     Coulomb-14        LJ (SR)   Coulomb (SR)   Coul. recip. Position Rest.
    6.91148e+02    5.96557e+03   -5.62541e+05    2.00116e+03    3.26614e+02
     Dih. Rest.      Potential    Kinetic En.   Total Energy  Conserved En.
    3.89053e+02   -4.31166e+05    1.49861e+05   -2.81305e+05   -2.81386e+05
    Temperature Pressure (bar)   Constr. rmsd
    2.98676e+02   -6.73387e+01    4.19370e-06

           Step           Time
         752000     1504.00000

   Energies (kJ/mol)
           Bond            U-B    Proper Dih.  Improper Dih.          LJ-14
    1.18505e+04    6.10817e+04    4.11466e+04    3.68492e+02    7.56268e+03
     Coulomb-14        LJ (SR)   Coulomb (SR)   Coul. recip. Position Rest.
    7.41521e+02    6.94691e+03   -5.64265e+05    2.06121e+03    3.62721e+02
     Dih. Rest.      Potential    Kinetic En.   Total Energy  Conserved En.
    3.87939e+02   -4.31755e+05    1.52304e+05   -2.79451e+05   -2.81296e+05
    Temperature Pressure (bar)   Constr. rmsd
    3.03543e+02   -3.16233e+01    4.19370e-06

           Step           Time
         754000     1508.00000

   Energies (kJ/mol)
           Bond            U-B    Proper Dih.  Improper Dih.          LJ-14
    1.15293e+04    6.11320e+04    4.12257e+04    4.34328e+02    7.58136e+03
     Coulomb-14        LJ (SR)   Coulomb (SR)   Coul. recip. Position Rest.
    7.12266e+02    6.40003e+03   -5.62563e+05    2.12992e+03    3.11246e+02
     Dih. Rest.      Potential    Kinetic En.   Total Energy  Conserved En.
    4.35965e+02   -4.30670e+05    1.51374e+05   -2.79297e+05   -2.81201e+05
    Temperature Pressure (bar)   Constr. rmsd
    3.01690e+02   -4.65904e+01    4.19370e-06

           Step           Time
         756000     1512.00000

   Energies (kJ/mol)
           Bond            U-B    Proper Dih.  Improper Dih.          LJ-14
    1.15663e+04    6.06935e+04    4.12073e+04    4.13227e+02    7.29810e+03
     Coulomb-14        LJ (SR)   Coulomb (SR)   Coul. recip. Position Rest.
    4.61021e+02    5.01367e+03   -5.61299e+05    2.02625e+03    3.13440e+02
     Dih. Rest.      Potential    Kinetic En.   Total Energy  Conserved En.
    4.45001e+02   -4.31861e+05    1.50409e+05   -2.81452e+05   -2.81094e+05
    Temperature Pressure (bar)   Constr. rmsd
    2.99768e+02   -1.70330e+02    4.19370e-06

           Step           Time
         758000     1516.00000

   Energies (kJ/mol)
           Bond            U-B    Proper Dih.  Improper Dih.          LJ-14
    1.16558e+04    6.10532e+04    4.08344e+04    3.87701e+02    7.45926e+03
     Coulomb-14        LJ (SR)   Coulomb (SR)   Coul. recip. Position Rest.
    5.87991e+02    6.88291e+03   -5.63681e+05    2.10389e+03    3.16951e+02
     Dih. Rest.      Potential    Kinetic En.   Total Energy  Conserved En.
    4.47278e+02   -4.31952e+05    1.49662e+05   -2.82290e+05   -2.80885e+05
    Temperature Pressure (bar)   Constr. rmsd
    2.98279e+02    7.95388e+00    4.19370e-06

           Step           Time
         760000     1520.00000

   Energies (kJ/mol)
           Bond            U-B    Proper Dih.  Improper Dih.          LJ-14
    1.11986e+04    6.13450e+04    4.09429e+04    4.50519e+02    7.47066e+03
     Coulomb-14        LJ (SR)   Coulomb (SR)   Coul. recip. Position Rest.
    4.79582e+02    6.27993e+03   -5.62294e+05    2.01796e+03    3.32467e+02
     Dih. Rest.      Potential    Kinetic En.   Total Energy  Conserved En.
    4.54994e+02   -4.31321e+05    1.50295e+05   -2.81026e+05   -2.80806e+05
    Temperature Pressure (bar)   Constr. rmsd
    2.99540e+02   -5.76198e+01    4.19370e-06

           Step           Time
         762000     1524.00000

   Energies (kJ/mol)
           Bond            U-B    Proper Dih.  Improper Dih.          LJ-14
    1.16043e+04    6.14015e+04    4.09221e+04    3.59683e+02    7.51113e+03
     Coulomb-14        LJ (SR)   Coulomb (SR)   Coul. recip. Position Rest.
    1.07722e+02    6.04204e+03   -5.62009e+05    2.05989e+03    3.19863e+02
     Dih. Rest.      Potential    Kinetic En.   Total Energy  Conserved En.
    4.00942e+02   -4.31280e+05    1.51332e+05   -2.79948e+05   -2.80676e+05
    Temperature Pressure (bar)   Constr. rmsd
    3.01606e+02   -3.58369e+00    4.19370e-06

           Step           Time
         764000     1528.00000

   Energies (kJ/mol)
           Bond            U-B    Proper Dih.  Improper Dih.          LJ-14
    1.16015e+04    6.15643e+04    4.09572e+04    3.53911e+02    7.40813e+03
     Coulomb-14        LJ (SR)   Coulomb (SR)   Coul. recip. Position Rest.
   -1.72956e+02    6.86694e+03   -5.62669e+05    2.04563e+03    3.10823e+02
     Dih. Rest.      Potential    Kinetic En.   Total Energy  Conserved En.
    4.39439e+02   -4.31294e+05    1.50717e+05   -2.80577e+05   -2.80540e+05
    Temperature Pressure (bar)   Constr. rmsd
    3.00381e+02   -6.86518e+01    4.19370e-06

Writing checkpoint, step 765200 at Sat Jul 27 05:08:00 2024


           Step           Time
         766000     1532.00000

   Energies (kJ/mol)
           Bond            U-B    Proper Dih.  Improper Dih.          LJ-14
    1.17072e+04    6.15869e+04    4.11165e+04    3.85592e+02    7.52267e+03
     Coulomb-14        LJ (SR)   Coulomb (SR)   Coul. recip. Position Rest.
    2.84450e+02    5.39345e+03   -5.61559e+05    2.01280e+03    3.78147e+02
     Dih. Rest.      Potential    Kinetic En.   Total Energy  Conserved En.
    4.46963e+02   -4.30724e+05    1.49492e+05   -2.81232e+05   -2.80395e+05
    Temperature Pressure (bar)   Constr. rmsd
    2.97940e+02   -1.64324e+02    4.19370e-06

           Step           Time
         768000     1536.00000

   Energies (kJ/mol)
           Bond            U-B    Proper Dih.  Improper Dih.          LJ-14
    1.16178e+04    6.04075e+04    4.11882e+04    3.74992e+02    7.57945e+03
     Coulomb-14        LJ (SR)   Coulomb (SR)   Coul. recip. Position Rest.
    6.28523e+01    6.82487e+03   -5.64239e+05    2.02599e+03    3.44748e+02
     Dih. Rest.      Potential    Kinetic En.   Total Energy  Conserved En.
    4.22400e+02   -4.33390e+05    1.50993e+05   -2.82398e+05   -2.80353e+05
    Temperature Pressure (bar)   Constr. rmsd
    3.00930e+02   -4.66321e+01    4.19370e-06

           Step           Time
         770000     1540.00000

   Energies (kJ/mol)
           Bond            U-B    Proper Dih.  Improper Dih.          LJ-14
    1.14843e+04    6.12802e+04    4.09295e+04    3.82975e+02    7.64034e+03
     Coulomb-14        LJ (SR)   Coulomb (SR)   Coul. recip. Position Rest.
   -6.08008e+00    6.73468e+03   -5.62570e+05    2.02223e+03    3.53674e+02
     Dih. Rest.      Potential    Kinetic En.   Total Energy  Conserved En.
    4.47312e+02   -4.31301e+05    1.50105e+05   -2.81196e+05   -2.80191e+05
    Temperature Pressure (bar)   Constr. rmsd
    2.99161e+02    9.06893e-01    4.19370e-06

           Step           Time
         772000     1544.00000

   Energies (kJ/mol)
           Bond            U-B    Proper Dih.  Improper Dih.          LJ-14
    1.13837e+04    6.08863e+04    4.12448e+04    3.66777e+02    7.47138e+03
     Coulomb-14        LJ (SR)   Coulomb (SR)   Coul. recip. Position Rest.
    2.38583e+01    7.25227e+03   -5.64497e+05    2.01955e+03    3.91397e+02
     Dih. Rest.      Potential    Kinetic En.   Total Energy  Conserved En.
    4.01753e+02   -4.33055e+05    1.50649e+05   -2.82406e+05   -2.80076e+05
    Temperature Pressure (bar)   Constr. rmsd
    3.00245e+02   -5.29663e+01    4.19370e-06

           Step           Time
         774000     1548.00000

   Energies (kJ/mol)
           Bond            U-B    Proper Dih.  Improper Dih.          LJ-14
    1.15844e+04    6.02090e+04    4.12868e+04    4.04679e+02    7.54641e+03
     Coulomb-14        LJ (SR)   Coulomb (SR)   Coul. recip. Position Rest.
    1.84547e+02    6.17600e+03   -5.62828e+05    1.98472e+03    3.40637e+02
     Dih. Rest.      Potential    Kinetic En.   Total Energy  Conserved En.
    4.07980e+02   -4.32703e+05    1.49221e+05   -2.83482e+05   -2.79990e+05
    Temperature Pressure (bar)   Constr. rmsd
    2.97399e+02   -9.09562e+01    4.19370e-06

           Step           Time
         776000     1552.00000

   Energies (kJ/mol)
           Bond            U-B    Proper Dih.  Improper Dih.          LJ-14
    1.13295e+04    6.11951e+04    4.10011e+04    3.59486e+02    7.68308e+03
     Coulomb-14        LJ (SR)   Coulomb (SR)   Coul. recip. Position Rest.
    3.27207e+02    5.74341e+03   -5.61516e+05    2.05390e+03    3.45508e+02
     Dih. Rest.      Potential    Kinetic En.   Total Energy  Conserved En.
    3.55611e+02   -4.31122e+05    1.49789e+05   -2.81332e+05   -2.79824e+05
    Temperature Pressure (bar)   Constr. rmsd
    2.98532e+02    7.37557e+00    4.19370e-06

           Step           Time
         778000     1556.00000

   Energies (kJ/mol)
           Bond            U-B    Proper Dih.  Improper Dih.          LJ-14
    1.12940e+04    6.15036e+04    4.10892e+04    3.93840e+02    7.42332e+03
     Coulomb-14        LJ (SR)   Coulomb (SR)   Coul. recip. Position Rest.
    2.86890e+02    4.89077e+03   -5.59844e+05    2.08246e+03    3.34955e+02
     Dih. Rest.      Potential    Kinetic En.   Total Energy  Conserved En.
    4.25447e+02   -4.30120e+05    1.49467e+05   -2.80653e+05   -2.79701e+05
    Temperature Pressure (bar)   Constr. rmsd
    2.97889e+02   -1.14912e+01    4.19370e-06

           Step           Time
         780000     1560.00000

   Energies (kJ/mol)
           Bond            U-B    Proper Dih.  Improper Dih.          LJ-14
    1.13362e+04    6.05887e+04    4.09380e+04    3.48867e+02    7.47405e+03
     Coulomb-14        LJ (SR)   Coulomb (SR)   Coul. recip. Position Rest.
   -1.71267e+02    6.54372e+03   -5.61980e+05    1.99141e+03    3.03159e+02
     Dih. Rest.      Potential    Kinetic En.   Total Energy  Conserved En.
    4.28587e+02   -4.32199e+05    1.50669e+05   -2.81530e+05   -2.79651e+05
    Temperature Pressure (bar)   Constr. rmsd
    3.00284e+02    7.95666e+01    4.19370e-06

           Step           Time
         782000     1564.00000

   Energies (kJ/mol)
           Bond            U-B    Proper Dih.  Improper Dih.          LJ-14
    1.14216e+04    6.14221e+04    4.11754e+04    4.26099e+02    7.43924e+03
     Coulomb-14        LJ (SR)   Coulomb (SR)   Coul. recip. Position Rest.
    3.07550e+02    6.26179e+03   -5.61839e+05    2.06695e+03    2.97795e+02
     Dih. Rest.      Potential    Kinetic En.   Total Energy  Conserved En.
    4.19726e+02   -4.30601e+05    1.49927e+05   -2.80674e+05   -2.79485e+05
    Temperature Pressure (bar)   Constr. rmsd
    2.98806e+02   -1.02310e+02    4.19370e-06

           Step           Time
         784000     1568.00000

   Energies (kJ/mol)
           Bond            U-B    Proper Dih.  Improper Dih.          LJ-14
    1.15569e+04    6.14166e+04    4.13171e+04    3.71384e+02    7.53160e+03
     Coulomb-14        LJ (SR)   Coulomb (SR)   Coul. recip. Position Rest.
   -1.63262e+02    5.80212e+03   -5.61508e+05    2.07731e+03    2.90682e+02
     Dih. Rest.      Potential    Kinetic En.   Total Energy  Conserved En.
    3.96031e+02   -4.30912e+05    1.50931e+05   -2.79981e+05   -2.79394e+05
    Temperature Pressure (bar)   Constr. rmsd
    3.00807e+02   -3.19269e+01    4.19370e-06

           Step           Time
         786000     1572.00000

   Energies (kJ/mol)
           Bond            U-B    Proper Dih.  Improper Dih.          LJ-14
    1.13500e+04    6.08821e+04    4.12563e+04    3.86907e+02    7.50765e+03
     Coulomb-14        LJ (SR)   Coulomb (SR)   Coul. recip. Position Rest.
    2.50196e+02    5.76533e+03   -5.61833e+05    2.05372e+03    3.01908e+02
     Dih. Rest.      Potential    Kinetic En.   Total Energy  Conserved En.
    3.83676e+02   -4.31695e+05    1.50118e+05   -2.81577e+05   -2.79299e+05
    Temperature Pressure (bar)   Constr. rmsd
    2.99187e+02   -7.52080e+01    4.19370e-06

           Step           Time
         788000     1576.00000

   Energies (kJ/mol)
           Bond            U-B    Proper Dih.  Improper Dih.          LJ-14
    1.15701e+04    6.09250e+04    4.12033e+04    3.91387e+02    7.45270e+03
     Coulomb-14        LJ (SR)   Coulomb (SR)   Coul. recip. Position Rest.
    9.43330e+02    6.09542e+03   -5.63094e+05    2.11941e+03    3.14188e+02
     Dih. Rest.      Potential    Kinetic En.   Total Energy  Conserved En.
    4.46168e+02   -4.31634e+05    1.50792e+05   -2.80842e+05   -2.79178e+05
    Temperature Pressure (bar)   Constr. rmsd
    3.00531e+02   -1.21765e+02    4.19370e-06

           Step           Time
         790000     1580.00000

   Energies (kJ/mol)
           Bond            U-B    Proper Dih.  Improper Dih.          LJ-14
    1.17211e+04    6.18957e+04    4.13640e+04    3.91033e+02    7.34973e+03
     Coulomb-14        LJ (SR)   Coulomb (SR)   Coul. recip. Position Rest.
    2.22465e+02    6.63061e+03   -5.61943e+05    2.01718e+03    3.11383e+02
     Dih. Rest.      Potential    Kinetic En.   Total Energy  Conserved En.
    4.06557e+02   -4.29633e+05    1.51195e+05   -2.78438e+05   -2.79045e+05
    Temperature Pressure (bar)   Constr. rmsd
    3.01334e+02   -8.81353e+01    4.19370e-06

           Step           Time
         792000     1584.00000

   Energies (kJ/mol)
           Bond            U-B    Proper Dih.  Improper Dih.          LJ-14
    1.16715e+04    6.13261e+04    4.12660e+04    4.14544e+02    7.60058e+03
     Coulomb-14        LJ (SR)   Coulomb (SR)   Coul. recip. Position Rest.
    4.29565e+02    5.78135e+03   -5.62636e+05    2.04341e+03    2.68422e+02
     Dih. Rest.      Potential    Kinetic En.   Total Energy  Conserved En.
    3.99952e+02   -4.31435e+05    1.50840e+05   -2.80594e+05   -2.78930e+05
    Temperature Pressure (bar)   Constr. rmsd
    3.00627e+02   -7.34893e+01    4.19370e-06

           Step           Time
         794000     1588.00000

   Energies (kJ/mol)
           Bond            U-B    Proper Dih.  Improper Dih.          LJ-14
    1.15307e+04    6.12188e+04    4.10768e+04    4.11415e+02    7.52357e+03
     Coulomb-14        LJ (SR)   Coulomb (SR)   Coul. recip. Position Rest.
    1.05357e+03    5.73548e+03   -5.61847e+05    2.08872e+03    2.91403e+02
     Dih. Rest.      Potential    Kinetic En.   Total Energy  Conserved En.
    4.34507e+02   -4.30482e+05    1.50112e+05   -2.80371e+05   -2.78800e+05
    Temperature Pressure (bar)   Constr. rmsd
    2.99174e+02   -4.84871e+00    4.19370e-06

           Step           Time
         796000     1592.00000

   Energies (kJ/mol)
           Bond            U-B    Proper Dih.  Improper Dih.          LJ-14
    1.13876e+04    6.16930e+04    4.09144e+04    3.84760e+02    7.33213e+03
     Coulomb-14        LJ (SR)   Coulomb (SR)   Coul. recip. Position Rest.
    2.43746e+02    5.80556e+03   -5.62711e+05    2.06653e+03    2.85699e+02
     Dih. Rest.      Potential    Kinetic En.   Total Energy  Conserved En.
    3.85346e+02   -4.32212e+05    1.51841e+05   -2.80371e+05   -2.78654e+05
    Temperature Pressure (bar)   Constr. rmsd
    3.02621e+02   -6.08454e+01    4.19370e-06

           Step           Time
         798000     1596.00000

   Energies (kJ/mol)
           Bond            U-B    Proper Dih.  Improper Dih.          LJ-14
    1.15053e+04    6.06798e+04    4.12148e+04    3.58233e+02    7.38896e+03
     Coulomb-14        LJ (SR)   Coulomb (SR)   Coul. recip. Position Rest.
    7.00685e+01    6.16029e+03   -5.62156e+05    1.99090e+03    3.05721e+02
     Dih. Rest.      Potential    Kinetic En.   Total Energy  Conserved En.
    4.28072e+02   -4.32054e+05    1.49845e+05   -2.82209e+05   -2.78574e+05
    Temperature Pressure (bar)   Constr. rmsd
    2.98644e+02   -8.02199e+01    4.19370e-06

           Step           Time
         800000     1600.00000

   Energies (kJ/mol)
           Bond            U-B    Proper Dih.  Improper Dih.          LJ-14
    1.11580e+04    6.13083e+04    4.08818e+04    4.07337e+02    7.47975e+03
     Coulomb-14        LJ (SR)   Coulomb (SR)   Coul. recip. Position Rest.
    2.97503e+02    6.06917e+03   -5.63981e+05    2.01780e+03    3.19680e+02
     Dih. Rest.      Potential    Kinetic En.   Total Energy  Conserved En.
    4.47825e+02   -4.33594e+05    1.50039e+05   -2.83555e+05   -2.78415e+05
    Temperature Pressure (bar)   Constr. rmsd
    2.99029e+02   -2.40356e+01    4.19370e-06

           Step           Time
         802000     1604.00000

   Energies (kJ/mol)
           Bond            U-B    Proper Dih.  Improper Dih.          LJ-14
    1.14804e+04    6.16314e+04    4.10065e+04    4.15563e+02    7.18743e+03
     Coulomb-14        LJ (SR)   Coulomb (SR)   Coul. recip. Position Rest.
   -3.04734e+02    5.77528e+03   -5.61854e+05    2.08633e+03    3.18231e+02
     Dih. Rest.      Potential    Kinetic En.   Total Energy  Conserved En.
    3.96003e+02   -4.31861e+05    1.50181e+05   -2.81681e+05   -2.78322e+05
    Temperature Pressure (bar)   Constr. rmsd
    2.99312e+02   -1.24053e+02    4.19370e-06

           Step           Time
         804000     1608.00000

   Energies (kJ/mol)
           Bond            U-B    Proper Dih.  Improper Dih.          LJ-14
    1.14826e+04    6.12696e+04    4.09463e+04    3.82141e+02    7.47808e+03
     Coulomb-14        LJ (SR)   Coulomb (SR)   Coul. recip. Position Rest.
    5.04063e+02    7.01001e+03   -5.64186e+05    2.02438e+03    2.93807e+02
     Dih. Rest.      Potential    Kinetic En.   Total Energy  Conserved En.
    4.16143e+02   -4.32379e+05    1.50839e+05   -2.81540e+05   -2.78175e+05
    Temperature Pressure (bar)   Constr. rmsd
    3.00624e+02   -2.09520e+01    4.19370e-06

           Step           Time
         806000     1612.00000

   Energies (kJ/mol)
           Bond            U-B    Proper Dih.  Improper Dih.          LJ-14
    1.14579e+04    6.14997e+04    4.13095e+04    3.63022e+02    7.65964e+03
     Coulomb-14        LJ (SR)   Coulomb (SR)   Coul. recip. Position Rest.
    2.28681e+02    6.93613e+03   -5.63387e+05    2.02591e+03    3.07581e+02
     Dih. Rest.      Potential    Kinetic En.   Total Energy  Conserved En.
    3.98507e+02   -4.31201e+05    1.50665e+05   -2.80536e+05   -2.78009e+05
    Temperature Pressure (bar)   Constr. rmsd
    3.00276e+02   -1.82822e+01    4.19370e-06

           Step           Time
         808000     1616.00000

   Energies (kJ/mol)
           Bond            U-B    Proper Dih.  Improper Dih.          LJ-14
    1.14289e+04    6.14875e+04    4.11921e+04    4.16163e+02    7.39129e+03
     Coulomb-14        LJ (SR)   Coulomb (SR)   Coul. recip. Position Rest.
   -4.61136e+02    6.55332e+03   -5.62633e+05    2.08352e+03    3.18328e+02
     Dih. Rest.      Potential    Kinetic En.   Total Energy  Conserved En.
    4.38629e+02   -4.31784e+05    1.50304e+05   -2.81480e+05   -2.77926e+05
    Temperature Pressure (bar)   Constr. rmsd
    2.99558e+02   -4.29044e+01    4.19370e-06

           Step           Time
         810000     1620.00000

   Energies (kJ/mol)
           Bond            U-B    Proper Dih.  Improper Dih.          LJ-14
    1.16301e+04    6.07110e+04    4.11017e+04    4.31038e+02    7.36653e+03
     Coulomb-14        LJ (SR)   Coulomb (SR)   Coul. recip. Position Rest.
    3.93743e+02    5.17854e+03   -5.61546e+05    1.95560e+03    3.06759e+02
     Dih. Rest.      Potential    Kinetic En.   Total Energy  Conserved En.
    4.66142e+02   -4.32005e+05    1.49991e+05   -2.82014e+05   -2.77789e+05
    Temperature Pressure (bar)   Constr. rmsd
    2.98935e+02   -1.50109e+02    4.19370e-06

           Step           Time
         812000     1624.00000

   Energies (kJ/mol)
           Bond            U-B    Proper Dih.  Improper Dih.          LJ-14
    1.15756e+04    6.08459e+04    4.12152e+04    3.88627e+02    7.46158e+03
     Coulomb-14        LJ (SR)   Coulomb (SR)   Coul. recip. Position Rest.
    2.44370e+02    5.55523e+03   -5.61465e+05    2.14074e+03    2.42625e+02
     Dih. Rest.      Potential    Kinetic En.   Total Energy  Conserved En.
    3.82487e+02   -4.31413e+05    1.50140e+05   -2.81272e+05   -2.77674e+05
    Temperature Pressure (bar)   Constr. rmsd
    2.99232e+02   -1.54857e+02    4.19370e-06

           Step           Time
         814000     1628.00000

   Energies (kJ/mol)
           Bond            U-B    Proper Dih.  Improper Dih.          LJ-14
    1.16711e+04    6.18284e+04    4.12094e+04    4.07294e+02    7.40590e+03
     Coulomb-14        LJ (SR)   Coulomb (SR)   Coul. recip. Position Rest.
   -2.09346e+02    6.50846e+03   -5.60581e+05    2.08560e+03    2.32086e+02
     Dih. Rest.      Potential    Kinetic En.   Total Energy  Conserved En.
    4.53087e+02   -4.28989e+05    1.51238e+05   -2.77751e+05   -2.77503e+05
    Temperature Pressure (bar)   Constr. rmsd
    3.01420e+02   -2.14188e+01    4.19370e-06

           Step           Time
         816000     1632.00000

   Energies (kJ/mol)
           Bond            U-B    Proper Dih.  Improper Dih.          LJ-14
    1.16736e+04    6.14407e+04    4.11681e+04    4.26800e+02    7.41088e+03
     Coulomb-14        LJ (SR)   Coulomb (SR)   Coul. recip. Position Rest.
    2.24565e+02    5.17628e+03   -5.60525e+05    2.05532e+03    2.61039e+02
     Dih. Rest.      Potential    Kinetic En.   Total Energy  Conserved En.
    4.00226e+02   -4.30287e+05    1.49919e+05   -2.80368e+05   -2.77405e+05
    Temperature Pressure (bar)   Constr. rmsd
    2.98790e+02   -1.28718e+02    4.19370e-06

           Step           Time
         818000     1636.00000

   Energies (kJ/mol)
           Bond            U-B    Proper Dih.  Improper Dih.          LJ-14
    1.18415e+04    6.14897e+04    4.10561e+04    3.77253e+02    7.48079e+03
     Coulomb-14        LJ (SR)   Coulomb (SR)   Coul. recip. Position Rest.
    1.89941e+02    5.61654e+03   -5.60480e+05    2.02303e+03    3.13268e+02
     Dih. Rest.      Potential    Kinetic En.   Total Energy  Conserved En.
    4.43833e+02   -4.29648e+05    1.50779e+05   -2.78869e+05   -2.77295e+05
    Temperature Pressure (bar)   Constr. rmsd
    3.00504e+02   -5.19436e+01    4.19370e-06

           Step           Time
         820000     1640.00000

   Energies (kJ/mol)
           Bond            U-B    Proper Dih.  Improper Dih.          LJ-14
    1.15142e+04    6.07095e+04    4.10994e+04    3.88436e+02    7.52575e+03
     Coulomb-14        LJ (SR)   Coulomb (SR)   Coul. recip. Position Rest.
    4.25785e+02    6.84594e+03   -5.62259e+05    2.06206e+03    3.27722e+02
     Dih. Rest.      Potential    Kinetic En.   Total Energy  Conserved En.
    4.51994e+02   -4.30908e+05    1.49933e+05   -2.80976e+05   -2.77213e+05
    Temperature Pressure (bar)   Constr. rmsd
    2.98817e+02   -3.97192e+01    4.19370e-06

           Step           Time
         822000     1644.00000

   Energies (kJ/mol)
           Bond            U-B    Proper Dih.  Improper Dih.          LJ-14
    1.14403e+04    6.13288e+04    4.14278e+04    4.11990e+02    7.49645e+03
     Coulomb-14        LJ (SR)   Coulomb (SR)   Coul. recip. Position Rest.
    3.45342e+02    5.56502e+03   -5.60282e+05    2.10830e+03    2.82608e+02
     Dih. Rest.      Potential    Kinetic En.   Total Energy  Conserved En.
    4.56297e+02   -4.29419e+05    1.50031e+05   -2.79388e+05   -2.77045e+05
    Temperature Pressure (bar)   Constr. rmsd
    2.99014e+02   -1.19026e+02    4.19370e-06

           Step           Time
         824000     1648.00000

   Energies (kJ/mol)
           Bond            U-B    Proper Dih.  Improper Dih.          LJ-14
    1.14193e+04    6.12648e+04    4.14576e+04    3.74165e+02    7.55454e+03
     Coulomb-14        LJ (SR)   Coulomb (SR)   Coul. recip. Position Rest.
    1.62817e+02    6.28054e+03   -5.62036e+05    2.02247e+03    2.93356e+02
     Dih. Rest.      Potential    Kinetic En.   Total Energy  Conserved En.
    4.12000e+02   -4.30795e+05    1.51266e+05   -2.79529e+05   -2.76938e+05
    Temperature Pressure (bar)   Constr. rmsd
    3.01474e+02   -2.01784e+01    4.19370e-06

           Step           Time
         826000     1652.00000

   Energies (kJ/mol)
           Bond            U-B    Proper Dih.  Improper Dih.          LJ-14
    1.15061e+04    6.15304e+04    4.13128e+04    3.72788e+02    7.45616e+03
     Coulomb-14        LJ (SR)   Coulomb (SR)   Coul. recip. Position Rest.
    4.82686e+02    6.07755e+03   -5.62185e+05    2.01545e+03    2.92701e+02
     Dih. Rest.      Potential    Kinetic En.   Total Energy  Conserved En.
    4.01894e+02   -4.30736e+05    1.49915e+05   -2.80821e+05   -2.76810e+05
    Temperature Pressure (bar)   Constr. rmsd
    2.98783e+02   -3.05905e+01    4.19370e-06

           Step           Time
         828000     1656.00000

   Energies (kJ/mol)
           Bond            U-B    Proper Dih.  Improper Dih.          LJ-14
    1.14403e+04    6.08137e+04    4.10808e+04    3.75650e+02    7.44740e+03
     Coulomb-14        LJ (SR)   Coulomb (SR)   Coul. recip. Position Rest.
    3.18021e+02    5.24866e+03   -5.62402e+05    2.05229e+03    2.87915e+02
     Dih. Rest.      Potential    Kinetic En.   Total Energy  Conserved En.
    4.41043e+02   -4.32896e+05    1.50824e+05   -2.82071e+05   -2.76690e+05
    Temperature Pressure (bar)   Constr. rmsd
    3.00595e+02   -1.01358e+02    4.19370e-06

           Step           Time
         830000     1660.00000

   Energies (kJ/mol)
           Bond            U-B    Proper Dih.  Improper Dih.          LJ-14
    1.14855e+04    6.12564e+04    4.10174e+04    3.98801e+02    7.61852e+03
     Coulomb-14        LJ (SR)   Coulomb (SR)   Coul. recip. Position Rest.
    3.15581e+02    5.82631e+03   -5.61841e+05    1.98764e+03    2.99029e+02
     Dih. Rest.      Potential    Kinetic En.   Total Energy  Conserved En.
    4.49000e+02   -4.31187e+05    1.50732e+05   -2.80454e+05   -2.76566e+05
    Temperature Pressure (bar)   Constr. rmsd
    3.00412e+02   -1.16221e+01    4.19370e-06

           Step           Time
         832000     1664.00000

   Energies (kJ/mol)
           Bond            U-B    Proper Dih.  Improper Dih.          LJ-14
    1.17929e+04    6.16734e+04    4.11812e+04    3.56394e+02    7.63923e+03
     Coulomb-14        LJ (SR)   Coulomb (SR)   Coul. recip. Position Rest.
    4.24128e+02    6.29177e+03   -5.62292e+05    2.13046e+03    2.99484e+02
     Dih. Rest.      Potential    Kinetic En.   Total Energy  Conserved En.
    4.32657e+02   -4.30071e+05    1.50582e+05   -2.79489e+05   -2.76414e+05
    Temperature Pressure (bar)   Constr. rmsd
    3.00112e+02   -1.29619e+01    4.19370e-06

           Step           Time
         834000     1668.00000

   Energies (kJ/mol)
           Bond            U-B    Proper Dih.  Improper Dih.          LJ-14
    1.15082e+04    6.12094e+04    4.12462e+04    4.02800e+02    7.51143e+03
     Coulomb-14        LJ (SR)   Coulomb (SR)   Coul. recip. Position Rest.
    7.20493e+02    6.34066e+03   -5.64155e+05    2.03534e+03    3.10020e+02
     Dih. Rest.      Potential    Kinetic En.   Total Energy  Conserved En.
    4.05168e+02   -4.32465e+05    1.50158e+05   -2.82307e+05   -2.76367e+05
    Temperature Pressure (bar)   Constr. rmsd
    2.99267e+02   -8.48720e+01    4.19370e-06

Writing checkpoint, step 834800 at Sat Jul 27 05:23:06 2024


           Step           Time
         836000     1672.00000

   Energies (kJ/mol)
           Bond            U-B    Proper Dih.  Improper Dih.          LJ-14
    1.18329e+04    6.17779e+04    4.12696e+04    4.01733e+02    7.53511e+03
     Coulomb-14        LJ (SR)   Coulomb (SR)   Coul. recip. Position Rest.
    5.45399e+02    6.83175e+03   -5.64523e+05    1.98578e+03    3.04854e+02
     Dih. Rest.      Potential    Kinetic En.   Total Energy  Conserved En.
    4.18444e+02   -4.31620e+05    1.51000e+05   -2.80620e+05   -2.76200e+05
    Temperature Pressure (bar)   Constr. rmsd
    3.00946e+02   -9.67883e+01    4.19370e-06

           Step           Time
         838000     1676.00000

   Energies (kJ/mol)
           Bond            U-B    Proper Dih.  Improper Dih.          LJ-14
    1.20643e+04    6.09268e+04    4.13904e+04    3.64050e+02    7.48813e+03
     Coulomb-14        LJ (SR)   Coulomb (SR)   Coul. recip. Position Rest.
    4.23293e+02    5.85095e+03   -5.62980e+05    2.03159e+03    2.62908e+02
     Dih. Rest.      Potential    Kinetic En.   Total Energy  Conserved En.
    4.38916e+02   -4.31739e+05    1.51140e+05   -2.80599e+05   -2.76137e+05
    Temperature Pressure (bar)   Constr. rmsd
    3.01224e+02   -1.74874e+02    4.19370e-06

           Step           Time
         840000     1680.00000

   Energies (kJ/mol)
           Bond            U-B    Proper Dih.  Improper Dih.          LJ-14
    1.16453e+04    6.10901e+04    4.14201e+04    3.98415e+02    7.42681e+03
     Coulomb-14        LJ (SR)   Coulomb (SR)   Coul. recip. Position Rest.
    4.12942e+02    5.70831e+03   -5.61881e+05    2.09288e+03    2.93467e+02
     Dih. Rest.      Potential    Kinetic En.   Total Energy  Conserved En.
    4.13289e+02   -4.30980e+05    1.50717e+05   -2.80263e+05   -2.75989e+05
    Temperature Pressure (bar)   Constr. rmsd
    3.00381e+02   -6.01599e+01    4.19370e-06

           Step           Time
         842000     1684.00000

   Energies (kJ/mol)
           Bond            U-B    Proper Dih.  Improper Dih.          LJ-14
    1.14237e+04    6.15589e+04    4.12586e+04    4.21103e+02    7.39636e+03
     Coulomb-14        LJ (SR)   Coulomb (SR)   Coul. recip. Position Rest.
    6.77771e+02    6.32207e+03   -5.63468e+05    2.06584e+03    3.33226e+02
     Dih. Rest.      Potential    Kinetic En.   Total Energy  Conserved En.
    4.10140e+02   -4.31600e+05    1.50474e+05   -2.81125e+05   -2.75837e+05
    Temperature Pressure (bar)   Constr. rmsd
    2.99897e+02   -1.04670e+02    4.19370e-06

           Step           Time
         844000     1688.00000

   Energies (kJ/mol)
           Bond            U-B    Proper Dih.  Improper Dih.          LJ-14
    1.15735e+04    6.12529e+04    4.15627e+04    3.61932e+02    7.45467e+03
     Coulomb-14        LJ (SR)   Coulomb (SR)   Coul. recip. Position Rest.
    3.34081e+02    6.60925e+03   -5.62574e+05    2.09664e+03    2.87946e+02
     Dih. Rest.      Potential    Kinetic En.   Total Energy  Conserved En.
    4.20912e+02   -4.30620e+05    1.51383e+05   -2.79236e+05   -2.75733e+05
    Temperature Pressure (bar)   Constr. rmsd
    3.01709e+02   -6.17605e+01    4.19370e-06

           Step           Time
         846000     1692.00000

   Energies (kJ/mol)
           Bond            U-B    Proper Dih.  Improper Dih.          LJ-14
    1.15673e+04    6.15399e+04    4.14467e+04    3.42232e+02    7.43455e+03
     Coulomb-14        LJ (SR)   Coulomb (SR)   Coul. recip. Position Rest.
    2.33843e+02    6.88594e+03   -5.62165e+05    2.09844e+03    2.85727e+02
     Dih. Rest.      Potential    Kinetic En.   Total Energy  Conserved En.
    4.40462e+02   -4.29890e+05    1.51548e+05   -2.78342e+05   -2.75601e+05
    Temperature Pressure (bar)   Constr. rmsd
    3.02037e+02   -7.01640e+01    4.19370e-06

           Step           Time
         848000     1696.00000

   Energies (kJ/mol)
           Bond            U-B    Proper Dih.  Improper Dih.          LJ-14
    1.12570e+04    6.09105e+04    4.13153e+04    3.55692e+02    7.54118e+03
     Coulomb-14        LJ (SR)   Coulomb (SR)   Coul. recip. Position Rest.
    7.72397e+02    5.68385e+03   -5.63065e+05    2.04344e+03    3.05744e+02
     Dih. Rest.      Potential    Kinetic En.   Total Energy  Conserved En.
    4.21225e+02   -4.32459e+05    1.50009e+05   -2.82450e+05   -2.75516e+05
    Temperature Pressure (bar)   Constr. rmsd
    2.98969e+02   -1.97353e+01    4.19370e-06

           Step           Time
         850000     1700.00000

   Energies (kJ/mol)
           Bond            U-B    Proper Dih.  Improper Dih.          LJ-14
    1.13010e+04    6.16361e+04    4.14119e+04    3.35429e+02    7.53476e+03
     Coulomb-14        LJ (SR)   Coulomb (SR)   Coul. recip. Position Rest.
    3.96528e+02    5.71236e+03   -5.61947e+05    2.01547e+03    3.33901e+02
     Dih. Rest.      Potential    Kinetic En.   Total Energy  Conserved En.
    3.67381e+02   -4.30902e+05    1.50144e+05   -2.80758e+05   -2.75368e+05
    Temperature Pressure (bar)   Constr. rmsd
    2.99240e+02   -1.07147e+02    4.19370e-06

           Step           Time
         852000     1704.00000

   Energies (kJ/mol)
           Bond            U-B    Proper Dih.  Improper Dih.          LJ-14
    1.15375e+04    6.11375e+04    4.12409e+04    3.96756e+02    7.50118e+03
     Coulomb-14        LJ (SR)   Coulomb (SR)   Coul. recip. Position Rest.
    2.78483e+02    7.32108e+03   -5.64658e+05    2.08479e+03    3.32133e+02
     Dih. Rest.      Potential    Kinetic En.   Total Energy  Conserved En.
    4.11058e+02   -4.32417e+05    1.50900e+05   -2.81516e+05   -2.75293e+05
    Temperature Pressure (bar)   Constr. rmsd
    3.00746e+02   -9.59567e+01    4.19370e-06

           Step           Time
         854000     1708.00000

   Energies (kJ/mol)
           Bond            U-B    Proper Dih.  Improper Dih.          LJ-14
    1.16599e+04    6.12720e+04    4.12790e+04    3.56786e+02    7.54665e+03
     Coulomb-14        LJ (SR)   Coulomb (SR)   Coul. recip. Position Rest.
    4.61153e+02    6.41532e+03   -5.63014e+05    1.97688e+03    2.95176e+02
     Dih. Rest.      Potential    Kinetic En.   Total Energy  Conserved En.
    4.25219e+02   -4.31326e+05    1.51244e+05   -2.80082e+05   -2.75114e+05
    Temperature Pressure (bar)   Constr. rmsd
    3.01431e+02   -3.30797e+01    4.19370e-06

           Step           Time
         856000     1712.00000

   Energies (kJ/mol)
           Bond            U-B    Proper Dih.  Improper Dih.          LJ-14
    1.16658e+04    6.11995e+04    4.12045e+04    4.11339e+02    7.41620e+03
     Coulomb-14        LJ (SR)   Coulomb (SR)   Coul. recip. Position Rest.
    4.11344e+02    6.10472e+03   -5.62607e+05    1.96796e+03    3.51949e+02
     Dih. Rest.      Potential    Kinetic En.   Total Energy  Conserved En.
    3.63052e+02   -4.31511e+05    1.50786e+05   -2.80725e+05   -2.75015e+05
    Temperature Pressure (bar)   Constr. rmsd
    3.00517e+02   -8.47972e+01    4.19370e-06

           Step           Time
         858000     1716.00000

   Energies (kJ/mol)
           Bond            U-B    Proper Dih.  Improper Dih.          LJ-14
    1.16512e+04    6.12291e+04    4.10316e+04    3.88765e+02    7.33647e+03
     Coulomb-14        LJ (SR)   Coulomb (SR)   Coul. recip. Position Rest.
   -1.50866e+02    5.92715e+03   -5.61599e+05    2.03557e+03    3.32546e+02
     Dih. Rest.      Potential    Kinetic En.   Total Energy  Conserved En.
    4.33522e+02   -4.31384e+05    1.50608e+05   -2.80775e+05   -2.74892e+05
    Temperature Pressure (bar)   Constr. rmsd
    3.00165e+02   -9.52663e+01    4.19370e-06

           Step           Time
         860000     1720.00000

   Energies (kJ/mol)
           Bond            U-B    Proper Dih.  Improper Dih.          LJ-14
    1.15037e+04    6.12517e+04    4.10893e+04    3.95106e+02    7.40582e+03
     Coulomb-14        LJ (SR)   Coulomb (SR)   Coul. recip. Position Rest.
    7.31983e+02    5.75577e+03   -5.61759e+05    2.03401e+03    2.63803e+02
     Dih. Rest.      Potential    Kinetic En.   Total Energy  Conserved En.
    3.95524e+02   -4.30932e+05    1.50454e+05   -2.80478e+05   -2.74758e+05
    Temperature Pressure (bar)   Constr. rmsd
    2.99857e+02   -2.93064e+01    4.19370e-06

           Step           Time
         862000     1724.00000

   Energies (kJ/mol)
           Bond            U-B    Proper Dih.  Improper Dih.          LJ-14
    1.14349e+04    6.08758e+04    4.11973e+04    3.82556e+02    7.35128e+03
     Coulomb-14        LJ (SR)   Coulomb (SR)   Coul. recip. Position Rest.
    1.22322e+02    5.90090e+03   -5.61888e+05    2.02530e+03    3.44551e+02
     Dih. Rest.      Potential    Kinetic En.   Total Energy  Conserved En.
    4.31591e+02   -4.31822e+05    1.50874e+05   -2.80948e+05   -2.74659e+05
    Temperature Pressure (bar)   Constr. rmsd
    3.00694e+02   -1.65588e+02    4.19370e-06

           Step           Time
         864000     1728.00000

   Energies (kJ/mol)
           Bond            U-B    Proper Dih.  Improper Dih.          LJ-14
    1.14919e+04    6.14366e+04    4.08897e+04    4.28676e+02    7.39313e+03
     Coulomb-14        LJ (SR)   Coulomb (SR)   Coul. recip. Position Rest.
    1.50485e+02    4.75716e+03   -5.60946e+05    2.02987e+03    3.06558e+02
     Dih. Rest.      Potential    Kinetic En.   Total Energy  Conserved En.
    3.86144e+02   -4.31676e+05    1.50979e+05   -2.80697e+05   -2.74522e+05
    Temperature Pressure (bar)   Constr. rmsd
    3.00903e+02   -8.43090e+01    4.19370e-06

           Step           Time
         866000     1732.00000

   Energies (kJ/mol)
           Bond            U-B    Proper Dih.  Improper Dih.          LJ-14
    1.17521e+04    6.16639e+04    4.13127e+04    3.61002e+02    7.40411e+03
     Coulomb-14        LJ (SR)   Coulomb (SR)   Coul. recip. Position Rest.
   -6.01965e+01    5.37163e+03   -5.61759e+05    2.03315e+03    2.85374e+02
     Dih. Rest.      Potential    Kinetic En.   Total Energy  Conserved En.
    4.31072e+02   -4.31204e+05    1.50598e+05   -2.80606e+05   -2.74345e+05
    Temperature Pressure (bar)   Constr. rmsd
    3.00144e+02   -8.86404e+01    4.19370e-06

           Step           Time
         868000     1736.00000

   Energies (kJ/mol)
           Bond            U-B    Proper Dih.  Improper Dih.          LJ-14
    1.16170e+04    6.10907e+04    4.09798e+04    3.80551e+02    7.30953e+03
     Coulomb-14        LJ (SR)   Coulomb (SR)   Coul. recip. Position Rest.
    8.31740e+01    5.61173e+03   -5.62211e+05    1.97333e+03    3.71649e+02
     Dih. Rest.      Potential    Kinetic En.   Total Energy  Conserved En.
    4.45871e+02   -4.32347e+05    1.51314e+05   -2.81034e+05   -2.74297e+05
    Temperature Pressure (bar)   Constr. rmsd
    3.01570e+02   -1.26133e+02    4.19370e-06

           Step           Time
         870000     1740.00000

   Energies (kJ/mol)
           Bond            U-B    Proper Dih.  Improper Dih.          LJ-14
    1.17212e+04    6.11167e+04    4.11452e+04    4.09688e+02    7.43253e+03
     Coulomb-14        LJ (SR)   Coulomb (SR)   Coul. recip. Position Rest.
   -1.77681e+02    7.19859e+03   -5.63831e+05    2.03192e+03    3.32294e+02
     Dih. Rest.      Potential    Kinetic En.   Total Energy  Conserved En.
    4.39530e+02   -4.32181e+05    1.49783e+05   -2.82399e+05   -2.74114e+05
    Temperature Pressure (bar)   Constr. rmsd
    2.98519e+02   -8.24572e+01    4.19370e-06

           Step           Time
         872000     1744.00000

   Energies (kJ/mol)
           Bond            U-B    Proper Dih.  Improper Dih.          LJ-14
    1.12065e+04    6.11344e+04    4.10842e+04    3.30213e+02    7.43608e+03
     Coulomb-14        LJ (SR)   Coulomb (SR)   Coul. recip. Position Rest.
    1.02317e+02    6.56292e+03   -5.62877e+05    2.00665e+03    2.92490e+02
     Dih. Rest.      Potential    Kinetic En.   Total Energy  Conserved En.
    4.48363e+02   -4.32273e+05    1.50231e+05   -2.82042e+05   -2.74015e+05
    Temperature Pressure (bar)   Constr. rmsd
    2.99412e+02   -3.14855e+01    4.19370e-06

           Step           Time
         874000     1748.00000

   Energies (kJ/mol)
           Bond            U-B    Proper Dih.  Improper Dih.          LJ-14
    1.16650e+04    6.08622e+04    4.11670e+04    4.04930e+02    7.44320e+03
     Coulomb-14        LJ (SR)   Coulomb (SR)   Coul. recip. Position Rest.
    1.25222e+02    5.54981e+03   -5.61152e+05    1.98427e+03    3.28995e+02
     Dih. Rest.      Potential    Kinetic En.   Total Energy  Conserved En.
    3.96380e+02   -4.31224e+05    1.49974e+05   -2.81251e+05   -2.73860e+05
    Temperature Pressure (bar)   Constr. rmsd
    2.98900e+02   -1.04858e+02    4.19370e-06

           Step           Time
         876000     1752.00000

   Energies (kJ/mol)
           Bond            U-B    Proper Dih.  Improper Dih.          LJ-14
    1.16659e+04    6.10313e+04    4.15120e+04    4.24181e+02    7.55410e+03
     Coulomb-14        LJ (SR)   Coulomb (SR)   Coul. recip. Position Rest.
   -1.65393e+02    6.35546e+03   -5.62384e+05    1.98826e+03    3.19969e+02
     Dih. Rest.      Potential    Kinetic En.   Total Energy  Conserved En.
    4.19152e+02   -4.31279e+05    1.50336e+05   -2.80943e+05   -2.73744e+05
    Temperature Pressure (bar)   Constr. rmsd
    2.99622e+02    4.48440e+00    4.19370e-06

           Step           Time
         878000     1756.00000

   Energies (kJ/mol)
           Bond            U-B    Proper Dih.  Improper Dih.          LJ-14
    1.17738e+04    6.13321e+04    4.10571e+04    3.98602e+02    7.28205e+03
     Coulomb-14        LJ (SR)   Coulomb (SR)   Coul. recip. Position Rest.
    1.93575e+02    5.37016e+03   -5.61151e+05    2.17121e+03    3.37410e+02
     Dih. Rest.      Potential    Kinetic En.   Total Energy  Conserved En.
    3.77815e+02   -4.30858e+05    1.49655e+05   -2.81203e+05   -2.73651e+05
    Temperature Pressure (bar)   Constr. rmsd
    2.98264e+02   -8.59943e+01    4.19370e-06

           Step           Time
         880000     1760.00000

   Energies (kJ/mol)
           Bond            U-B    Proper Dih.  Improper Dih.          LJ-14
    1.15879e+04    6.19634e+04    4.13462e+04    3.73717e+02    7.39198e+03
     Coulomb-14        LJ (SR)   Coulomb (SR)   Coul. recip. Position Rest.
   -5.98619e+01    5.94835e+03   -5.61641e+05    2.08789e+03    3.48437e+02
     Dih. Rest.      Potential    Kinetic En.   Total Energy  Conserved En.
    3.94891e+02   -4.30258e+05    1.51036e+05   -2.79222e+05   -2.73516e+05
    Temperature Pressure (bar)   Constr. rmsd
    3.01016e+02   -8.05572e+01    4.19370e-06

           Step           Time
         882000     1764.00000

   Energies (kJ/mol)
           Bond            U-B    Proper Dih.  Improper Dih.          LJ-14
    1.13330e+04    6.14546e+04    4.13007e+04    4.31496e+02    7.52359e+03
     Coulomb-14        LJ (SR)   Coulomb (SR)   Coul. recip. Position Rest.
    2.93034e+02    6.50834e+03   -5.63255e+05    2.08185e+03    2.95290e+02
     Dih. Rest.      Potential    Kinetic En.   Total Energy  Conserved En.
    4.30423e+02   -4.31603e+05    1.51467e+05   -2.80136e+05   -2.73429e+05
    Temperature Pressure (bar)   Constr. rmsd
    3.01875e+02   -2.62606e+01    4.19370e-06

           Step           Time
         884000     1768.00000

   Energies (kJ/mol)
           Bond            U-B    Proper Dih.  Improper Dih.          LJ-14
    1.13492e+04    6.11955e+04    4.11951e+04    4.04364e+02    7.34649e+03
     Coulomb-14        LJ (SR)   Coulomb (SR)   Coul. recip. Position Rest.
    1.49663e+02    7.33944e+03   -5.63432e+05    2.03942e+03    2.88807e+02
     Dih. Rest.      Potential    Kinetic En.   Total Energy  Conserved En.
    3.97414e+02   -4.31727e+05    1.49123e+05   -2.82603e+05   -2.73290e+05
    Temperature Pressure (bar)   Constr. rmsd
    2.97205e+02   -4.61150e+01    4.19370e-06

           Step           Time
         886000     1772.00000

   Energies (kJ/mol)
           Bond            U-B    Proper Dih.  Improper Dih.          LJ-14
    1.14115e+04    6.15939e+04    4.12137e+04    4.25497e+02    7.42415e+03
     Coulomb-14        LJ (SR)   Coulomb (SR)   Coul. recip. Position Rest.
   -1.33984e+00    6.15914e+03   -5.62926e+05    2.08766e+03    3.44224e+02
     Dih. Rest.      Potential    Kinetic En.   Total Energy  Conserved En.
    3.54937e+02   -4.31912e+05    1.49851e+05   -2.82062e+05   -2.73147e+05
    Temperature Pressure (bar)   Constr. rmsd
    2.98654e+02   -4.88084e+01    4.19370e-06

           Step           Time
         888000     1776.00000

   Energies (kJ/mol)
           Bond            U-B    Proper Dih.  Improper Dih.          LJ-14
    1.13737e+04    6.13952e+04    4.13215e+04    4.07513e+02    7.58282e+03
     Coulomb-14        LJ (SR)   Coulomb (SR)   Coul. recip. Position Rest.
    4.08400e+02    6.27483e+03   -5.64292e+05    2.05270e+03    3.19511e+02
     Dih. Rest.      Potential    Kinetic En.   Total Energy  Conserved En.
    4.33770e+02   -4.32722e+05    1.50493e+05   -2.82229e+05   -2.73017e+05
    Temperature Pressure (bar)   Constr. rmsd
    2.99935e+02   -3.21357e+01    4.19370e-06

Writing checkpoint, step 889600 at Sat Jul 27 05:37:57 2024


           Step           Time
         890000     1780.00000

   Energies (kJ/mol)
           Bond            U-B    Proper Dih.  Improper Dih.          LJ-14
    1.15807e+04    6.11959e+04    4.08075e+04    3.97365e+02    7.42829e+03
     Coulomb-14        LJ (SR)   Coulomb (SR)   Coul. recip. Position Rest.
    5.36946e+02    7.05997e+03   -5.64340e+05    1.99959e+03    3.09047e+02
     Dih. Rest.      Potential    Kinetic En.   Total Energy  Conserved En.
    4.68554e+02   -4.32556e+05    1.49058e+05   -2.83497e+05   -2.72838e+05
    Temperature Pressure (bar)   Constr. rmsd
    2.97075e+02   -1.53855e+02    4.19370e-06

           Step           Time
         892000     1784.00000

   Energies (kJ/mol)
           Bond            U-B    Proper Dih.  Improper Dih.          LJ-14
    1.14127e+04    6.16496e+04    4.13997e+04    4.02498e+02    7.52313e+03
     Coulomb-14        LJ (SR)   Coulomb (SR)   Coul. recip. Position Rest.
    3.35304e+02    5.76424e+03   -5.63091e+05    1.98102e+03    3.17038e+02
     Dih. Rest.      Potential    Kinetic En.   Total Energy  Conserved En.
    4.04911e+02   -4.31901e+05    1.51026e+05   -2.80875e+05   -2.72760e+05
    Temperature Pressure (bar)   Constr. rmsd
    3.00996e+02    2.55743e+01    4.19370e-06

           Step           Time
         894000     1788.00000

   Energies (kJ/mol)
           Bond            U-B    Proper Dih.  Improper Dih.          LJ-14
    1.15592e+04    6.12490e+04    4.09108e+04    3.90737e+02    7.46943e+03
     Coulomb-14        LJ (SR)   Coulomb (SR)   Coul. recip. Position Rest.
    6.48112e+02    7.26264e+03   -5.64728e+05    2.12395e+03    3.13037e+02
     Dih. Rest.      Potential    Kinetic En.   Total Energy  Conserved En.
    3.92236e+02   -4.32409e+05    1.49849e+05   -2.82559e+05   -2.72629e+05
    Temperature Pressure (bar)   Constr. rmsd
    2.98652e+02    3.99042e+01    4.19370e-06

           Step           Time
         896000     1792.00000

   Energies (kJ/mol)
           Bond            U-B    Proper Dih.  Improper Dih.          LJ-14
    1.15377e+04    6.14419e+04    4.13598e+04    3.98247e+02    7.34210e+03
     Coulomb-14        LJ (SR)   Coulomb (SR)   Coul. recip. Position Rest.
    3.92041e+02    6.30842e+03   -5.63700e+05    1.99903e+03    2.89810e+02
     Dih. Rest.      Potential    Kinetic En.   Total Energy  Conserved En.
    4.44603e+02   -4.32186e+05    1.50702e+05   -2.81484e+05   -2.72469e+05
    Temperature Pressure (bar)   Constr. rmsd
    3.00351e+02   -1.19597e+02    4.19370e-06

           Step           Time
         898000     1796.00000

   Energies (kJ/mol)
           Bond            U-B    Proper Dih.  Improper Dih.          LJ-14
    1.17267e+04    6.11166e+04    4.11718e+04    3.59592e+02    7.38386e+03
     Coulomb-14        LJ (SR)   Coulomb (SR)   Coul. recip. Position Rest.
    3.19801e+02    7.05982e+03   -5.65781e+05    2.02278e+03    3.30151e+02
     Dih. Rest.      Potential    Kinetic En.   Total Energy  Conserved En.
    4.06566e+02   -4.33883e+05    1.51077e+05   -2.82806e+05   -2.72374e+05
    Temperature Pressure (bar)   Constr. rmsd
    3.01098e+02   -3.72021e+01    4.19370e-06

           Step           Time
         900000     1800.00000

   Energies (kJ/mol)
           Bond            U-B    Proper Dih.  Improper Dih.          LJ-14
    1.16005e+04    6.15749e+04    4.09933e+04    3.88197e+02    7.39989e+03
     Coulomb-14        LJ (SR)   Coulomb (SR)   Coul. recip. Position Rest.
    5.55481e+02    6.35804e+03   -5.63362e+05    2.15046e+03    3.12492e+02
     Dih. Rest.      Potential    Kinetic En.   Total Energy  Conserved En.
    3.75822e+02   -4.31653e+05    1.51343e+05   -2.80311e+05   -2.72245e+05
    Temperature Pressure (bar)   Constr. rmsd
    3.01628e+02   -6.85949e+01    4.19370e-06

           Step           Time
         902000     1804.00000

   Energies (kJ/mol)
           Bond            U-B    Proper Dih.  Improper Dih.          LJ-14
    1.17345e+04    6.13942e+04    4.13809e+04    3.83122e+02    7.44265e+03
     Coulomb-14        LJ (SR)   Coulomb (SR)   Coul. recip. Position Rest.
    5.07553e+02    7.44047e+03   -5.64432e+05    2.02644e+03    3.10311e+02
     Dih. Rest.      Potential    Kinetic En.   Total Energy  Conserved En.
    4.44669e+02   -4.31367e+05    1.51176e+05   -2.80191e+05   -2.72130e+05
    Temperature Pressure (bar)   Constr. rmsd
    3.01296e+02   -8.82261e+01    4.19370e-06

           Step           Time
         904000     1808.00000

   Energies (kJ/mol)
           Bond            U-B    Proper Dih.  Improper Dih.          LJ-14
    1.17099e+04    6.19693e+04    4.12766e+04    3.39780e+02    7.51397e+03
     Coulomb-14        LJ (SR)   Coulomb (SR)   Coul. recip. Position Rest.
    6.05761e+02    7.16799e+03   -5.63709e+05    2.05587e+03    3.04784e+02
     Dih. Rest.      Potential    Kinetic En.   Total Energy  Conserved En.
    4.34112e+02   -4.30331e+05    1.49864e+05   -2.80466e+05   -2.71896e+05
    Temperature Pressure (bar)   Constr. rmsd
    2.98681e+02   -7.06270e+00    4.19370e-06

           Step           Time
         906000     1812.00000

   Energies (kJ/mol)
           Bond            U-B    Proper Dih.  Improper Dih.          LJ-14
    1.14657e+04    6.10393e+04    4.12344e+04    3.06209e+02    7.38839e+03
     Coulomb-14        LJ (SR)   Coulomb (SR)   Coul. recip. Position Rest.
    3.40292e+02    6.00250e+03   -5.63424e+05    2.09752e+03    3.28748e+02
     Dih. Rest.      Potential    Kinetic En.   Total Energy  Conserved En.
    4.03595e+02   -4.32818e+05    1.50692e+05   -2.82125e+05   -2.71910e+05
    Temperature Pressure (bar)   Constr. rmsd
    3.00332e+02   -1.07718e+02    4.19370e-06

           Step           Time
         908000     1816.00000

   Energies (kJ/mol)
           Bond            U-B    Proper Dih.  Improper Dih.          LJ-14
    1.15626e+04    6.09354e+04    4.12922e+04    4.13305e+02    7.54012e+03
     Coulomb-14        LJ (SR)   Coulomb (SR)   Coul. recip. Position Rest.
    5.09818e+02    6.01690e+03   -5.62317e+05    1.98997e+03    3.02182e+02
     Dih. Rest.      Potential    Kinetic En.   Total Energy  Conserved En.
    4.44552e+02   -4.31310e+05    1.49772e+05   -2.81537e+05   -2.71728e+05
    Temperature Pressure (bar)   Constr. rmsd
    2.98499e+02   -1.32903e+02    4.19370e-06

           Step           Time
         910000     1820.00000

   Energies (kJ/mol)
           Bond            U-B    Proper Dih.  Improper Dih.          LJ-14
    1.12955e+04    6.10880e+04    4.15317e+04    4.03140e+02    7.37840e+03
     Coulomb-14        LJ (SR)   Coulomb (SR)   Coul. recip. Position Rest.
   -6.88107e+01    6.40088e+03   -5.63368e+05    2.01264e+03    3.07446e+02
     Dih. Rest.      Potential    Kinetic En.   Total Energy  Conserved En.
    3.94058e+02   -4.32625e+05    1.50252e+05   -2.82374e+05   -2.71675e+05
    Temperature Pressure (bar)   Constr. rmsd
    2.99454e+02   -6.58386e+01    4.19370e-06

           Step           Time
         912000     1824.00000

   Energies (kJ/mol)
           Bond            U-B    Proper Dih.  Improper Dih.          LJ-14
    1.17517e+04    6.11128e+04    4.09745e+04    4.34136e+02    7.61717e+03
     Coulomb-14        LJ (SR)   Coulomb (SR)   Coul. recip. Position Rest.
    4.51295e+02    5.69239e+03   -5.61952e+05    2.08741e+03    3.46460e+02
     Dih. Rest.      Potential    Kinetic En.   Total Energy  Conserved En.
    4.05397e+02   -4.31079e+05    1.49739e+05   -2.81340e+05   -2.71437e+05
    Temperature Pressure (bar)   Constr. rmsd
    2.98432e+02   -4.47134e+01    4.19370e-06

           Step           Time
         914000     1828.00000

   Energies (kJ/mol)
           Bond            U-B    Proper Dih.  Improper Dih.          LJ-14
    1.15207e+04    6.09503e+04    4.13173e+04    3.66436e+02    7.44445e+03
     Coulomb-14        LJ (SR)   Coulomb (SR)   Coul. recip. Position Rest.
   -4.09485e+01    5.96650e+03   -5.63352e+05    2.02124e+03    3.40025e+02
     Dih. Rest.      Potential    Kinetic En.   Total Energy  Conserved En.
    4.20893e+02   -4.33045e+05    1.50320e+05   -2.82725e+05   -2.71379e+05
    Temperature Pressure (bar)   Constr. rmsd
    2.99589e+02   -3.58841e+01    4.19370e-06

           Step           Time
         916000     1832.00000

   Energies (kJ/mol)
           Bond            U-B    Proper Dih.  Improper Dih.          LJ-14
    1.14352e+04    6.10225e+04    4.11777e+04    4.26900e+02    7.40541e+03
     Coulomb-14        LJ (SR)   Coulomb (SR)   Coul. recip. Position Rest.
    6.13091e+02    8.11339e+03   -5.64898e+05    2.02366e+03    3.28958e+02
     Dih. Rest.      Potential    Kinetic En.   Total Energy  Conserved En.
    3.51791e+02   -4.32000e+05    1.49453e+05   -2.82546e+05   -2.71235e+05
    Temperature Pressure (bar)   Constr. rmsd
    2.97863e+02   -1.99708e+01    4.19370e-06

           Step           Time
         918000     1836.00000

   Energies (kJ/mol)
           Bond            U-B    Proper Dih.  Improper Dih.          LJ-14
    1.16196e+04    6.11046e+04    4.10424e+04    3.92238e+02    7.48747e+03
     Coulomb-14        LJ (SR)   Coulomb (SR)   Coul. recip. Position Rest.
    1.69466e+02    7.07448e+03   -5.63503e+05    2.03934e+03    2.76642e+02
     Dih. Rest.      Potential    Kinetic En.   Total Energy  Conserved En.
    4.29258e+02   -4.31867e+05    1.49845e+05   -2.82023e+05   -2.71092e+05
    Temperature Pressure (bar)   Constr. rmsd
    2.98642e+02   -6.33796e+01    4.19370e-06

           Step           Time
         920000     1840.00000

   Energies (kJ/mol)
           Bond            U-B    Proper Dih.  Improper Dih.          LJ-14
    1.16086e+04    6.06405e+04    4.11408e+04    3.86988e+02    7.56744e+03
     Coulomb-14        LJ (SR)   Coulomb (SR)   Coul. recip. Position Rest.
    2.72686e+02    6.84911e+03   -5.63977e+05    2.05881e+03    2.74127e+02
     Dih. Rest.      Potential    Kinetic En.   Total Energy  Conserved En.
    3.71984e+02   -4.32806e+05    1.50643e+05   -2.82162e+05   -2.71018e+05
    Temperature Pressure (bar)   Constr. rmsd
    3.00234e+02   -6.98595e+01    4.19370e-06

           Step           Time
         922000     1844.00000

   Energies (kJ/mol)
           Bond            U-B    Proper Dih.  Improper Dih.          LJ-14
    1.14832e+04    6.11621e+04    4.10922e+04    4.43790e+02    7.51074e+03
     Coulomb-14        LJ (SR)   Coulomb (SR)   Coul. recip. Position Rest.
    1.71807e+02    5.95413e+03   -5.62654e+05    2.03916e+03    3.24389e+02
     Dih. Rest.      Potential    Kinetic En.   Total Energy  Conserved En.
    4.25752e+02   -4.32047e+05    1.51149e+05   -2.80898e+05   -2.70867e+05
    Temperature Pressure (bar)   Constr. rmsd
    3.01241e+02   -6.02420e+01    4.19370e-06

           Step           Time
         924000     1848.00000

   Energies (kJ/mol)
           Bond            U-B    Proper Dih.  Improper Dih.          LJ-14
    1.14994e+04    6.11215e+04    4.10921e+04    3.71473e+02    7.45148e+03
     Coulomb-14        LJ (SR)   Coulomb (SR)   Coul. recip. Position Rest.
    2.73282e+02    4.86187e+03   -5.61788e+05    1.96905e+03    3.08151e+02
     Dih. Rest.      Potential    Kinetic En.   Total Energy  Conserved En.
    4.88491e+02   -4.32351e+05    1.50501e+05   -2.81850e+05   -2.70792e+05
    Temperature Pressure (bar)   Constr. rmsd
    2.99950e+02   -1.21777e+02    4.19370e-06

           Step           Time
         926000     1852.00000

   Energies (kJ/mol)
           Bond            U-B    Proper Dih.  Improper Dih.          LJ-14
    1.14758e+04    6.09861e+04    4.09829e+04    3.90683e+02    7.33656e+03
     Coulomb-14        LJ (SR)   Coulomb (SR)   Coul. recip. Position Rest.
    5.52932e+01    5.75635e+03   -5.62118e+05    2.02693e+03    3.38991e+02
     Dih. Rest.      Potential    Kinetic En.   Total Energy  Conserved En.
    4.21004e+02   -4.32348e+05    1.51263e+05   -2.81084e+05   -2.70644e+05
    Temperature Pressure (bar)   Constr. rmsd
    3.01470e+02   -1.26687e+02    4.19370e-06

           Step           Time
         928000     1856.00000

   Energies (kJ/mol)
           Bond            U-B    Proper Dih.  Improper Dih.          LJ-14
    1.13098e+04    6.13011e+04    4.09470e+04    3.32766e+02    7.48608e+03
     Coulomb-14        LJ (SR)   Coulomb (SR)   Coul. recip. Position Rest.
    3.44023e+01    6.36920e+03   -5.63034e+05    2.03060e+03    3.52149e+02
     Dih. Rest.      Potential    Kinetic En.   Total Energy  Conserved En.
    4.28243e+02   -4.32443e+05    1.51328e+05   -2.81115e+05   -2.70545e+05
    Temperature Pressure (bar)   Constr. rmsd
    3.01598e+02    3.13810e+01    4.19370e-06

           Step           Time
         930000     1860.00000

   Energies (kJ/mol)
           Bond            U-B    Proper Dih.  Improper Dih.          LJ-14
    1.13800e+04    6.07606e+04    4.10417e+04    3.88878e+02    7.36447e+03
     Coulomb-14        LJ (SR)   Coulomb (SR)   Coul. recip. Position Rest.
    5.23540e+02    5.41162e+03   -5.62547e+05    2.03490e+03    3.17748e+02
     Dih. Rest.      Potential    Kinetic En.   Total Energy  Conserved En.
    4.26538e+02   -4.32897e+05    1.50073e+05   -2.82824e+05   -2.70399e+05
    Temperature Pressure (bar)   Constr. rmsd
    2.99098e+02   -5.27315e+01    4.19370e-06

           Step           Time
         932000     1864.00000

   Energies (kJ/mol)
           Bond            U-B    Proper Dih.  Improper Dih.          LJ-14
    1.16152e+04    6.07508e+04    4.10033e+04    3.93637e+02    7.41438e+03
     Coulomb-14        LJ (SR)   Coulomb (SR)   Coul. recip. Position Rest.
    3.12010e+02    6.30133e+03   -5.63162e+05    2.03960e+03    3.35114e+02
     Dih. Rest.      Potential    Kinetic En.   Total Energy  Conserved En.
    4.32582e+02   -4.32564e+05    1.50241e+05   -2.82323e+05   -2.70296e+05
    Temperature Pressure (bar)   Constr. rmsd
    2.99433e+02   -6.96817e+01    4.19370e-06

           Step           Time
         934000     1868.00000

   Energies (kJ/mol)
           Bond            U-B    Proper Dih.  Improper Dih.          LJ-14
    1.13943e+04    6.10892e+04    4.10090e+04    3.73383e+02    7.42424e+03
     Coulomb-14        LJ (SR)   Coulomb (SR)   Coul. recip. Position Rest.
    4.99389e+02    6.26072e+03   -5.63648e+05    2.02028e+03    2.93295e+02
     Dih. Rest.      Potential    Kinetic En.   Total Energy  Conserved En.
    3.67556e+02   -4.32917e+05    1.50747e+05   -2.82170e+05   -2.70142e+05
    Temperature Pressure (bar)   Constr. rmsd
    3.00440e+02   -1.01617e+02    4.19370e-06

           Step           Time
         936000     1872.00000

   Energies (kJ/mol)
           Bond            U-B    Proper Dih.  Improper Dih.          LJ-14
    1.17193e+04    6.10242e+04    4.13913e+04    3.64818e+02    7.33477e+03
     Coulomb-14        LJ (SR)   Coulomb (SR)   Coul. recip. Position Rest.
    1.78991e+02    6.11356e+03   -5.62434e+05    2.07682e+03    3.00641e+02
     Dih. Rest.      Potential    Kinetic En.   Total Energy  Conserved En.
    3.82769e+02   -4.31546e+05    1.49759e+05   -2.81787e+05   -2.70023e+05
    Temperature Pressure (bar)   Constr. rmsd
    2.98472e+02   -6.41646e+01    4.19370e-06

           Step           Time
         938000     1876.00000

   Energies (kJ/mol)
           Bond            U-B    Proper Dih.  Improper Dih.          LJ-14
    1.15058e+04    6.13816e+04    4.09409e+04    3.76700e+02    7.50083e+03
     Coulomb-14        LJ (SR)   Coulomb (SR)   Coul. recip. Position Rest.
    3.27771e+02    7.21772e+03   -5.63764e+05    2.00253e+03    3.30013e+02
     Dih. Rest.      Potential    Kinetic En.   Total Energy  Conserved En.
    4.05653e+02   -4.31774e+05    1.50676e+05   -2.81098e+05   -2.69827e+05
    Temperature Pressure (bar)   Constr. rmsd
    3.00299e+02   -4.81925e+01    4.19370e-06

           Step           Time
         940000     1880.00000

   Energies (kJ/mol)
           Bond            U-B    Proper Dih.  Improper Dih.          LJ-14
    1.15174e+04    6.14067e+04    4.11694e+04    3.66240e+02    7.39839e+03
     Coulomb-14        LJ (SR)   Coulomb (SR)   Coul. recip. Position Rest.
    5.04387e+02    5.22985e+03   -5.62710e+05    1.99052e+03    3.44976e+02
     Dih. Rest.      Potential    Kinetic En.   Total Energy  Conserved En.
    4.27204e+02   -4.32355e+05    1.50741e+05   -2.81614e+05   -2.69773e+05
    Temperature Pressure (bar)   Constr. rmsd
    3.00429e+02   -9.67315e+01    4.19370e-06

           Step           Time
         942000     1884.00000

   Energies (kJ/mol)
           Bond            U-B    Proper Dih.  Improper Dih.          LJ-14
    1.15524e+04    6.09594e+04    4.11928e+04    3.50443e+02    7.56464e+03
     Coulomb-14        LJ (SR)   Coulomb (SR)   Coul. recip. Position Rest.
   -1.19068e+02    6.60745e+03   -5.62979e+05    2.06683e+03    3.02122e+02
     Dih. Rest.      Potential    Kinetic En.   Total Energy  Conserved En.
    4.18778e+02   -4.32084e+05    1.49083e+05   -2.83000e+05   -2.69584e+05
    Temperature Pressure (bar)   Constr. rmsd
    2.97125e+02   -2.16438e+01    4.19370e-06

           Step           Time
         944000     1888.00000

   Energies (kJ/mol)
           Bond            U-B    Proper Dih.  Improper Dih.          LJ-14
    1.16124e+04    6.13540e+04    4.13833e+04    3.53207e+02    7.63311e+03
     Coulomb-14        LJ (SR)   Coulomb (SR)   Coul. recip. Position Rest.
    7.76251e+01    5.65631e+03   -5.62471e+05    2.06396e+03    2.62205e+02
     Dih. Rest.      Potential    Kinetic En.   Total Energy  Conserved En.
    4.50826e+02   -4.31624e+05    1.50475e+05   -2.81149e+05   -2.69480e+05
    Temperature Pressure (bar)   Constr. rmsd
    2.99899e+02    4.73518e+00    4.19370e-06

           Step           Time
         946000     1892.00000

   Energies (kJ/mol)
           Bond            U-B    Proper Dih.  Improper Dih.          LJ-14
    1.18584e+04    6.10659e+04    4.12511e+04    3.79016e+02    7.47054e+03
     Coulomb-14        LJ (SR)   Coulomb (SR)   Coul. recip. Position Rest.
    1.21808e+02    6.04944e+03   -5.63492e+05    2.09175e+03    3.38804e+02
     Dih. Rest.      Potential    Kinetic En.   Total Energy  Conserved En.
    4.07204e+02   -4.32458e+05    1.49304e+05   -2.83154e+05   -2.69328e+05
    Temperature Pressure (bar)   Constr. rmsd
    2.97565e+02   -1.06006e+02    4.19370e-06

           Step           Time
         948000     1896.00000

   Energies (kJ/mol)
           Bond            U-B    Proper Dih.  Improper Dih.          LJ-14
    1.16637e+04    6.09177e+04    4.11045e+04    3.41697e+02    7.49574e+03
     Coulomb-14        LJ (SR)   Coulomb (SR)   Coul. recip. Position Rest.
   -1.21323e+02    6.26862e+03   -5.63465e+05    2.02443e+03    3.00547e+02
     Dih. Rest.      Potential    Kinetic En.   Total Energy  Conserved En.
    4.03635e+02   -4.33066e+05    1.51033e+05   -2.82033e+05   -2.69286e+05
    Temperature Pressure (bar)   Constr. rmsd
    3.01010e+02   -1.20943e+01    4.19370e-06

           Step           Time
         950000     1900.00000

   Energies (kJ/mol)
           Bond            U-B    Proper Dih.  Improper Dih.          LJ-14
    1.15255e+04    6.13182e+04    4.11676e+04    4.09775e+02    7.68829e+03
     Coulomb-14        LJ (SR)   Coulomb (SR)   Coul. recip. Position Rest.
   -3.58245e+02    7.22241e+03   -5.63369e+05    1.96872e+03    2.90004e+02
     Dih. Rest.      Potential    Kinetic En.   Total Energy  Conserved En.
    4.17877e+02   -4.31719e+05    1.49476e+05   -2.82243e+05   -2.69077e+05
    Temperature Pressure (bar)   Constr. rmsd
    2.97908e+02    3.17495e+01    4.19370e-06

           Step           Time
         952000     1904.00000

   Energies (kJ/mol)
           Bond            U-B    Proper Dih.  Improper Dih.          LJ-14
    1.16500e+04    6.12379e+04    4.13284e+04    3.60512e+02    7.38371e+03
     Coulomb-14        LJ (SR)   Coulomb (SR)   Coul. recip. Position Rest.
   -6.64989e+02    6.42457e+03   -5.62806e+05    2.02296e+03    2.98224e+02
     Dih. Rest.      Potential    Kinetic En.   Total Energy  Conserved En.
    4.37579e+02   -4.32327e+05    1.50152e+05   -2.82175e+05   -2.69016e+05
    Temperature Pressure (bar)   Constr. rmsd
    2.99254e+02   -1.08249e+02    4.19370e-06

           Step           Time
         954000     1908.00000

   Energies (kJ/mol)
           Bond            U-B    Proper Dih.  Improper Dih.          LJ-14
    1.17135e+04    6.14004e+04    4.11854e+04    3.78380e+02    7.41198e+03
     Coulomb-14        LJ (SR)   Coulomb (SR)   Coul. recip. Position Rest.
   -5.77953e+02    5.88351e+03   -5.61944e+05    2.09161e+03    3.03719e+02
     Dih. Rest.      Potential    Kinetic En.   Total Energy  Conserved En.
    4.48993e+02   -4.31704e+05    1.51858e+05   -2.79846e+05   -2.68891e+05
    Temperature Pressure (bar)   Constr. rmsd
    3.02656e+02   -1.55793e+02    4.19370e-06

           Step           Time
         956000     1912.00000

   Energies (kJ/mol)
           Bond            U-B    Proper Dih.  Improper Dih.          LJ-14
    1.16980e+04    6.17238e+04    4.09007e+04    3.86849e+02    7.48851e+03
     Coulomb-14        LJ (SR)   Coulomb (SR)   Coul. recip. Position Rest.
   -5.16660e+02    5.41354e+03   -5.62249e+05    2.05665e+03    3.16498e+02
     Dih. Rest.      Potential    Kinetic En.   Total Energy  Conserved En.
    4.64721e+02   -4.32316e+05    1.51226e+05   -2.81090e+05   -2.68739e+05
    Temperature Pressure (bar)   Constr. rmsd
    3.01395e+02   -1.25345e+02    4.19370e-06

           Step           Time
         958000     1916.00000

   Energies (kJ/mol)
           Bond            U-B    Proper Dih.  Improper Dih.          LJ-14
    1.15296e+04    6.17037e+04    4.10508e+04    4.12612e+02    7.41459e+03
     Coulomb-14        LJ (SR)   Coulomb (SR)   Coul. recip. Position Rest.
   -3.06021e+02    6.55843e+03   -5.63357e+05    2.01593e+03    3.29076e+02
     Dih. Rest.      Potential    Kinetic En.   Total Energy  Conserved En.
    4.72589e+02   -4.32176e+05    1.51263e+05   -2.80913e+05   -2.68661e+05
    Temperature Pressure (bar)   Constr. rmsd
    3.01468e+02   -4.31833e+01    4.19370e-06

           Step           Time
         960000     1920.00000

   Energies (kJ/mol)
           Bond            U-B    Proper Dih.  Improper Dih.          LJ-14
    1.15507e+04    6.19565e+04    4.10957e+04    3.98763e+02    7.42558e+03
     Coulomb-14        LJ (SR)   Coulomb (SR)   Coul. recip. Position Rest.
   -4.92470e+02    5.53803e+03   -5.61477e+05    2.02062e+03    3.09426e+02
     Dih. Rest.      Potential    Kinetic En.   Total Energy  Conserved En.
    3.93330e+02   -4.31281e+05    1.50421e+05   -2.80859e+05   -2.68480e+05
    Temperature Pressure (bar)   Constr. rmsd
    2.99791e+02   -1.35184e+02    4.19370e-06

           Step           Time
         962000     1924.00000

   Energies (kJ/mol)
           Bond            U-B    Proper Dih.  Improper Dih.          LJ-14
    1.14388e+04    6.17947e+04    4.09269e+04    4.59780e+02    7.46285e+03
     Coulomb-14        LJ (SR)   Coulomb (SR)   Coul. recip. Position Rest.
   -3.84226e+02    6.63879e+03   -5.63975e+05    2.02629e+03    3.03187e+02
     Dih. Rest.      Potential    Kinetic En.   Total Energy  Conserved En.
    3.91917e+02   -4.32916e+05    1.51061e+05   -2.81855e+05   -2.68392e+05
    Temperature Pressure (bar)   Constr. rmsd
    3.01067e+02   -3.49876e+01    4.19370e-06

           Step           Time
         964000     1928.00000

   Energies (kJ/mol)
           Bond            U-B    Proper Dih.  Improper Dih.          LJ-14
    1.13784e+04    6.13612e+04    4.12807e+04    4.05934e+02    7.60782e+03
     Coulomb-14        LJ (SR)   Coulomb (SR)   Coul. recip. Position Rest.
   -3.28462e+02    7.22287e+03   -5.64844e+05    1.99336e+03    2.86691e+02
     Dih. Rest.      Potential    Kinetic En.   Total Energy  Conserved En.
    4.24443e+02   -4.33211e+05    1.49557e+05   -2.83654e+05   -2.68214e+05
    Temperature Pressure (bar)   Constr. rmsd
    2.98069e+02    2.13868e+01    4.19370e-06

           Step           Time
         966000     1932.00000

   Energies (kJ/mol)
           Bond            U-B    Proper Dih.  Improper Dih.          LJ-14
    1.14855e+04    6.11740e+04    4.11511e+04    3.69983e+02    7.48625e+03
     Coulomb-14        LJ (SR)   Coulomb (SR)   Coul. recip. Position Rest.
   -5.59356e+02    5.66975e+03   -5.62923e+05    1.99206e+03    3.16910e+02
     Dih. Rest.      Potential    Kinetic En.   Total Energy  Conserved En.
    4.38843e+02   -4.33398e+05    1.49825e+05   -2.83573e+05   -2.68177e+05
    Temperature Pressure (bar)   Constr. rmsd
    2.98603e+02   -9.12382e+01    4.19370e-06

           Step           Time
         968000     1936.00000

   Energies (kJ/mol)
           Bond            U-B    Proper Dih.  Improper Dih.          LJ-14
    1.14285e+04    6.18194e+04    4.10325e+04    3.71938e+02    7.39936e+03
     Coulomb-14        LJ (SR)   Coulomb (SR)   Coul. recip. Position Rest.
   -6.02726e+02    6.83769e+03   -5.64793e+05    2.12050e+03    2.93463e+02
     Dih. Rest.      Potential    Kinetic En.   Total Energy  Conserved En.
    3.74134e+02   -4.33719e+05    1.51262e+05   -2.82456e+05   -2.68021e+05
    Temperature Pressure (bar)   Constr. rmsd
    3.01467e+02   -1.77288e+01    4.19370e-06

           Step           Time
         970000     1940.00000

   Energies (kJ/mol)
           Bond            U-B    Proper Dih.  Improper Dih.          LJ-14
    1.15924e+04    6.10865e+04    4.12295e+04    3.09448e+02    7.55308e+03
     Coulomb-14        LJ (SR)   Coulomb (SR)   Coul. recip. Position Rest.
   -2.96859e+02    4.88189e+03   -5.62107e+05    2.02803e+03    2.94789e+02
     Dih. Rest.      Potential    Kinetic En.   Total Energy  Conserved En.
    4.10481e+02   -4.33018e+05    1.50555e+05   -2.82463e+05   -2.67889e+05
    Temperature Pressure (bar)   Constr. rmsd
    3.00058e+02   -8.83383e+01    4.19370e-06

           Step           Time
         972000     1944.00000

   Energies (kJ/mol)
           Bond            U-B    Proper Dih.  Improper Dih.          LJ-14
    1.15103e+04    6.15818e+04    4.10701e+04    3.82897e+02    7.47028e+03
     Coulomb-14        LJ (SR)   Coulomb (SR)   Coul. recip. Position Rest.
   -7.17579e+02    6.22629e+03   -5.62270e+05    2.05477e+03    2.87468e+02
     Dih. Rest.      Potential    Kinetic En.   Total Energy  Conserved En.
    3.74996e+02   -4.32029e+05    1.50493e+05   -2.81536e+05   -2.67770e+05
    Temperature Pressure (bar)   Constr. rmsd
    2.99935e+02   -1.25054e+01    4.19370e-06

           Step           Time
         974000     1948.00000

   Energies (kJ/mol)
           Bond            U-B    Proper Dih.  Improper Dih.          LJ-14
    1.17415e+04    6.14631e+04    4.09134e+04    4.27679e+02    7.55050e+03
     Coulomb-14        LJ (SR)   Coulomb (SR)   Coul. recip. Position Rest.
   -2.72436e+02    6.57721e+03   -5.63460e+05    2.04356e+03    3.36033e+02
     Dih. Rest.      Potential    Kinetic En.   Total Energy  Conserved En.
    4.26001e+02   -4.32253e+05    1.50208e+05   -2.82045e+05   -2.67642e+05
    Temperature Pressure (bar)   Constr. rmsd
    2.99367e+02    1.68545e+00    4.19370e-06

Writing checkpoint, step 975600 at Sat Jul 27 05:53:06 2024


           Step           Time
         976000     1952.00000

   Energies (kJ/mol)
           Bond            U-B    Proper Dih.  Improper Dih.          LJ-14
    1.18531e+04    6.13098e+04    4.11918e+04    3.40445e+02    7.39832e+03
     Coulomb-14        LJ (SR)   Coulomb (SR)   Coul. recip. Position Rest.
   -4.24361e+02    5.10051e+03   -5.61756e+05    2.01734e+03    2.63010e+02
     Dih. Rest.      Potential    Kinetic En.   Total Energy  Conserved En.
    4.67335e+02   -4.32239e+05    1.51637e+05   -2.80602e+05   -2.67517e+05
    Temperature Pressure (bar)   Constr. rmsd
    3.02215e+02   -7.66557e+01    4.19370e-06

           Step           Time
         978000     1956.00000

   Energies (kJ/mol)
           Bond            U-B    Proper Dih.  Improper Dih.          LJ-14
    1.15667e+04    6.13001e+04    4.11479e+04    3.79155e+02    7.47005e+03
     Coulomb-14        LJ (SR)   Coulomb (SR)   Coul. recip. Position Rest.
   -1.05367e+03    6.65797e+03   -5.62886e+05    2.01246e+03    2.86663e+02
     Dih. Rest.      Potential    Kinetic En.   Total Energy  Conserved En.
    4.32871e+02   -4.32686e+05    1.50191e+05   -2.82494e+05   -2.67452e+05
    Temperature Pressure (bar)   Constr. rmsd
    2.99333e+02   -4.40670e+01    4.19370e-06

           Step           Time
         980000     1960.00000

   Energies (kJ/mol)
           Bond            U-B    Proper Dih.  Improper Dih.          LJ-14
    1.14811e+04    6.12796e+04    4.13436e+04    3.97861e+02    7.45950e+03
     Coulomb-14        LJ (SR)   Coulomb (SR)   Coul. recip. Position Rest.
   -6.33555e+02    6.37033e+03   -5.62114e+05    2.03907e+03    3.36041e+02
     Dih. Rest.      Potential    Kinetic En.   Total Energy  Conserved En.
    4.12677e+02   -4.31628e+05    1.50338e+05   -2.81290e+05   -2.67312e+05
    Temperature Pressure (bar)   Constr. rmsd
    2.99625e+02   -8.10543e+00    4.19370e-06

           Step           Time
         982000     1964.00000

   Energies (kJ/mol)
           Bond            U-B    Proper Dih.  Improper Dih.          LJ-14
    1.17445e+04    6.08314e+04    4.10650e+04    4.09184e+02    7.53699e+03
     Coulomb-14        LJ (SR)   Coulomb (SR)   Coul. recip. Position Rest.
   -2.06379e+02    6.56163e+03   -5.62884e+05    2.00134e+03    2.52668e+02
     Dih. Rest.      Potential    Kinetic En.   Total Energy  Conserved En.
    4.10567e+02   -4.32277e+05    1.51613e+05   -2.80664e+05   -2.67257e+05
    Temperature Pressure (bar)   Constr. rmsd
    3.02167e+02   -3.57885e+01    4.19370e-06

           Step           Time
         984000     1968.00000

   Energies (kJ/mol)
           Bond            U-B    Proper Dih.  Improper Dih.          LJ-14
    1.14497e+04    6.13809e+04    4.13747e+04    4.11427e+02    7.49606e+03
     Coulomb-14        LJ (SR)   Coulomb (SR)   Coul. recip. Position Rest.
   -4.93369e+02    6.44759e+03   -5.63079e+05    2.08777e+03    2.61879e+02
     Dih. Rest.      Potential    Kinetic En.   Total Energy  Conserved En.
    4.03507e+02   -4.32259e+05    1.50844e+05   -2.81415e+05   -2.67038e+05
    Temperature Pressure (bar)   Constr. rmsd
    3.00634e+02   -9.70174e+01    4.19370e-06

           Step           Time
         986000     1972.00000

   Energies (kJ/mol)
           Bond            U-B    Proper Dih.  Improper Dih.          LJ-14
    1.15222e+04    6.16616e+04    4.12910e+04    3.52208e+02    7.60460e+03
     Coulomb-14        LJ (SR)   Coulomb (SR)   Coul. recip. Position Rest.
   -2.32568e+02    6.12777e+03   -5.62005e+05    1.99857e+03    2.89282e+02
     Dih. Rest.      Potential    Kinetic En.   Total Energy  Conserved En.
    3.58820e+02   -4.31032e+05    1.50470e+05   -2.80561e+05   -2.66901e+05
    Temperature Pressure (bar)   Constr. rmsd
    2.99890e+02   -6.09910e+01    4.19370e-06

           Step           Time
         988000     1976.00000

   Energies (kJ/mol)
           Bond            U-B    Proper Dih.  Improper Dih.          LJ-14
    1.14879e+04    6.12588e+04    4.10808e+04    4.10804e+02    7.30119e+03
     Coulomb-14        LJ (SR)   Coulomb (SR)   Coul. recip. Position Rest.
   -2.87179e+02    6.17963e+03   -5.61684e+05    2.00109e+03    2.46041e+02
     Dih. Rest.      Potential    Kinetic En.   Total Energy  Conserved En.
    3.94236e+02   -4.31610e+05    1.50728e+05   -2.80883e+05   -2.66849e+05
    Temperature Pressure (bar)   Constr. rmsd
    3.00403e+02   -8.27077e+01    4.19370e-06

           Step           Time
         990000     1980.00000

   Energies (kJ/mol)
           Bond            U-B    Proper Dih.  Improper Dih.          LJ-14
    1.14079e+04    6.12089e+04    4.12899e+04    3.79492e+02    7.41417e+03
     Coulomb-14        LJ (SR)   Coulomb (SR)   Coul. recip. Position Rest.
   -1.01781e+02    6.35126e+03   -5.62572e+05    2.05819e+03    2.81115e+02
     Dih. Rest.      Potential    Kinetic En.   Total Energy  Conserved En.
    4.30917e+02   -4.31852e+05    1.50865e+05   -2.80987e+05   -2.66746e+05
    Temperature Pressure (bar)   Constr. rmsd
    3.00676e+02   -4.86306e+01    4.19370e-06

           Step           Time
         992000     1984.00000

   Energies (kJ/mol)
           Bond            U-B    Proper Dih.  Improper Dih.          LJ-14
    1.14621e+04    6.12552e+04    4.13026e+04    3.78893e+02    7.41144e+03
     Coulomb-14        LJ (SR)   Coulomb (SR)   Coul. recip. Position Rest.
   -1.89546e+02    5.74625e+03   -5.62710e+05    2.03857e+03    2.89796e+02
     Dih. Rest.      Potential    Kinetic En.   Total Energy  Conserved En.
    4.61923e+02   -4.32553e+05    1.50032e+05   -2.82521e+05   -2.66611e+05
    Temperature Pressure (bar)   Constr. rmsd
    2.99017e+02   -1.11614e+02    4.19370e-06

           Step           Time
         994000     1988.00000

   Energies (kJ/mol)
           Bond            U-B    Proper Dih.  Improper Dih.          LJ-14
    1.15655e+04    6.12919e+04    4.16222e+04    4.29173e+02    7.48327e+03
     Coulomb-14        LJ (SR)   Coulomb (SR)   Coul. recip. Position Rest.
   -1.42405e+02    5.67605e+03   -5.61422e+05    2.02712e+03    2.95886e+02
     Dih. Rest.      Potential    Kinetic En.   Total Energy  Conserved En.
    4.59141e+02   -4.30715e+05    1.49319e+05   -2.81396e+05   -2.66428e+05
    Temperature Pressure (bar)   Constr. rmsd
    2.97595e+02   -6.61163e+01    4.19370e-06

           Step           Time
         996000     1992.00000

   Energies (kJ/mol)
           Bond            U-B    Proper Dih.  Improper Dih.          LJ-14
    1.13673e+04    6.19412e+04    4.14164e+04    3.68844e+02    7.61702e+03
     Coulomb-14        LJ (SR)   Coulomb (SR)   Coul. recip. Position Rest.
   -1.25282e+02    6.47669e+03   -5.62884e+05    2.18537e+03    2.65694e+02
     Dih. Rest.      Potential    Kinetic En.   Total Energy  Conserved En.
    3.79533e+02   -4.30991e+05    1.49808e+05   -2.81183e+05   -2.66270e+05
    Temperature Pressure (bar)   Constr. rmsd
    2.98568e+02    1.54996e+01    4.19370e-06

           Step           Time
         998000     1996.00000

   Energies (kJ/mol)
           Bond            U-B    Proper Dih.  Improper Dih.          LJ-14
    1.15055e+04    6.13876e+04    4.10971e+04    4.04336e+02    7.50696e+03
     Coulomb-14        LJ (SR)   Coulomb (SR)   Coul. recip. Position Rest.
   -1.67218e+02    5.70634e+03   -5.62166e+05    1.98408e+03    2.93349e+02
     Dih. Rest.      Potential    Kinetic En.   Total Energy  Conserved En.
    4.44422e+02   -4.32003e+05    1.51167e+05   -2.80836e+05   -2.66239e+05
    Temperature Pressure (bar)   Constr. rmsd
    3.01277e+02   -8.53770e+01    4.19370e-06

           Step           Time
        1000000     2000.00000

   Energies (kJ/mol)
           Bond            U-B    Proper Dih.  Improper Dih.          LJ-14
    1.17652e+04    6.10819e+04    4.12014e+04    3.40655e+02    7.40646e+03
     Coulomb-14        LJ (SR)   Coulomb (SR)   Coul. recip. Position Rest.
   -3.89783e+00    5.74933e+03   -5.62423e+05    1.95236e+03    3.03831e+02
     Dih. Rest.      Potential    Kinetic En.   Total Energy  Conserved En.
    4.50726e+02   -4.32175e+05    1.51430e+05   -2.80745e+05   -2.66085e+05
    Temperature Pressure (bar)   Constr. rmsd
    3.01801e+02   -9.07702e+01    4.19370e-06

           Step           Time
        1002000     2004.00000

   Energies (kJ/mol)
           Bond            U-B    Proper Dih.  Improper Dih.          LJ-14
    1.13858e+04    6.08887e+04    4.13956e+04    3.90285e+02    7.53430e+03
     Coulomb-14        LJ (SR)   Coulomb (SR)   Coul. recip. Position Rest.
   -1.69955e+02    6.84356e+03   -5.63928e+05    1.99861e+03    2.68256e+02
     Dih. Rest.      Potential    Kinetic En.   Total Energy  Conserved En.
    3.68878e+02   -4.33024e+05    1.50679e+05   -2.82345e+05   -2.65980e+05
    Temperature Pressure (bar)   Constr. rmsd
    3.00306e+02   -2.31543e+01    4.19370e-06

           Step           Time
        1004000     2008.00000

   Energies (kJ/mol)
           Bond            U-B    Proper Dih.  Improper Dih.          LJ-14
    1.14083e+04    6.10515e+04    4.11966e+04    4.12951e+02    7.38278e+03
     Coulomb-14        LJ (SR)   Coulomb (SR)   Coul. recip. Position Rest.
    3.69076e+02    6.87759e+03   -5.63595e+05    2.08125e+03    3.38535e+02
     Dih. Rest.      Potential    Kinetic En.   Total Energy  Conserved En.
    3.84640e+02   -4.32092e+05    1.51109e+05   -2.80983e+05   -2.65849e+05
    Temperature Pressure (bar)   Constr. rmsd
    3.01162e+02   -2.60696e+01    4.19370e-06

           Step           Time
        1006000     2012.00000

   Energies (kJ/mol)
           Bond            U-B    Proper Dih.  Improper Dih.          LJ-14
    1.20576e+04    6.08886e+04    4.11704e+04    4.04404e+02    7.48834e+03
     Coulomb-14        LJ (SR)   Coulomb (SR)   Coul. recip. Position Rest.
    5.56494e+02    6.37160e+03   -5.62774e+05    2.00075e+03    2.98181e+02
     Dih. Rest.      Potential    Kinetic En.   Total Energy  Conserved En.
    4.34539e+02   -4.31103e+05    1.50916e+05   -2.80187e+05   -2.65680e+05
    Temperature Pressure (bar)   Constr. rmsd
    3.00778e+02   -7.10921e+01    4.19370e-06

Writing checkpoint, step 1007400 at Sat Jul 27 06:07:58 2024


           Step           Time
        1008000     2016.00000

   Energies (kJ/mol)
           Bond            U-B    Proper Dih.  Improper Dih.          LJ-14
    1.16394e+04    6.13834e+04    4.13396e+04    4.19900e+02    7.61536e+03
     Coulomb-14        LJ (SR)   Coulomb (SR)   Coul. recip. Position Rest.
    3.41869e+02    6.95697e+03   -5.64498e+05    2.07034e+03    2.74894e+02
     Dih. Rest.      Potential    Kinetic En.   Total Energy  Conserved En.
    4.24410e+02   -4.32031e+05    1.50037e+05   -2.81994e+05   -2.65533e+05
    Temperature Pressure (bar)   Constr. rmsd
    2.99026e+02   -3.68604e+01    4.19370e-06

           Step           Time
        1010000     2020.00000

   Energies (kJ/mol)
           Bond            U-B    Proper Dih.  Improper Dih.          LJ-14
    1.13700e+04    6.13268e+04    4.13356e+04    3.88296e+02    7.45698e+03
     Coulomb-14        LJ (SR)   Coulomb (SR)   Coul. recip. Position Rest.
    1.24468e+02    5.65417e+03   -5.62446e+05    2.03924e+03    3.20777e+02
     Dih. Rest.      Potential    Kinetic En.   Total Energy  Conserved En.
    3.42535e+02   -4.32087e+05    1.50436e+05   -2.81651e+05   -2.65478e+05
    Temperature Pressure (bar)   Constr. rmsd
    2.99821e+02   -7.29267e+01    4.19370e-06

           Step           Time
        1012000     2024.00000

   Energies (kJ/mol)
           Bond            U-B    Proper Dih.  Improper Dih.          LJ-14
    1.12509e+04    6.11894e+04    4.11414e+04    3.27884e+02    7.40027e+03
     Coulomb-14        LJ (SR)   Coulomb (SR)   Coul. recip. Position Rest.
    5.56644e+02    6.62939e+03   -5.63545e+05    1.97578e+03    2.80017e+02
     Dih. Rest.      Potential    Kinetic En.   Total Energy  Conserved En.
    4.35162e+02   -4.32358e+05    1.50236e+05   -2.82122e+05   -2.65343e+05
    Temperature Pressure (bar)   Constr. rmsd
    2.99423e+02   -3.50262e+01    4.19370e-06

           Step           Time
        1014000     2028.00000

   Energies (kJ/mol)
           Bond            U-B    Proper Dih.  Improper Dih.          LJ-14
    1.13056e+04    6.13033e+04    4.12630e+04    3.67536e+02    7.45149e+03
     Coulomb-14        LJ (SR)   Coulomb (SR)   Coul. recip. Position Rest.
   -9.84631e+01    6.13397e+03   -5.62451e+05    1.99372e+03    3.10069e+02
     Dih. Rest.      Potential    Kinetic En.   Total Energy  Conserved En.
    4.65739e+02   -4.31955e+05    1.51178e+05   -2.80777e+05   -2.65273e+05
    Temperature Pressure (bar)   Constr. rmsd
    3.01301e+02   -4.42809e+01    4.19370e-06

           Step           Time
        1016000     2032.00000

   Energies (kJ/mol)
           Bond            U-B    Proper Dih.  Improper Dih.          LJ-14
    1.14419e+04    6.13636e+04    4.11490e+04    3.98387e+02    7.46962e+03
     Coulomb-14        LJ (SR)   Coulomb (SR)   Coul. recip. Position Rest.
    1.07073e+02    5.54368e+03   -5.60852e+05    2.02835e+03    2.78288e+02
     Dih. Rest.      Potential    Kinetic En.   Total Energy  Conserved En.
    4.40830e+02   -4.30631e+05    1.51639e+05   -2.78992e+05   -2.65188e+05
    Temperature Pressure (bar)   Constr. rmsd
    3.02219e+02   -4.08335e+01    4.19370e-06

           Step           Time
        1018000     2036.00000

   Energies (kJ/mol)
           Bond            U-B    Proper Dih.  Improper Dih.          LJ-14
    1.16078e+04    6.16986e+04    4.07741e+04    3.34438e+02    7.29299e+03
     Coulomb-14        LJ (SR)   Coulomb (SR)   Coul. recip. Position Rest.
    4.87334e+02    6.11799e+03   -5.61966e+05    2.04644e+03    2.72317e+02
     Dih. Rest.      Potential    Kinetic En.   Total Energy  Conserved En.
    3.61943e+02   -4.30972e+05    1.51099e+05   -2.79873e+05   -2.65000e+05
    Temperature Pressure (bar)   Constr. rmsd
    3.01142e+02   -6.64577e+01    4.19370e-06

           Step           Time
        1020000     2040.00000

   Energies (kJ/mol)
           Bond            U-B    Proper Dih.  Improper Dih.          LJ-14
    1.17909e+04    6.18307e+04    4.10836e+04    3.93534e+02    7.47442e+03
     Coulomb-14        LJ (SR)   Coulomb (SR)   Coul. recip. Position Rest.
    4.31367e+02    6.38666e+03   -5.62128e+05    2.04333e+03    2.62458e+02
     Dih. Rest.      Potential    Kinetic En.   Total Energy  Conserved En.
    4.46766e+02   -4.29984e+05    1.51318e+05   -2.78666e+05   -2.64814e+05
    Temperature Pressure (bar)   Constr. rmsd
    3.01578e+02   -1.22260e+02    4.19370e-06

           Step           Time
        1022000     2044.00000

   Energies (kJ/mol)
           Bond            U-B    Proper Dih.  Improper Dih.          LJ-14
    1.15130e+04    6.09620e+04    4.13045e+04    3.73088e+02    7.49069e+03
     Coulomb-14        LJ (SR)   Coulomb (SR)   Coul. recip. Position Rest.
    4.70922e+02    5.44165e+03   -5.61849e+05    2.04841e+03    2.95767e+02
     Dih. Rest.      Potential    Kinetic En.   Total Energy  Conserved En.
    4.37212e+02   -4.31512e+05    1.49438e+05   -2.82074e+05   -2.64786e+05
    Temperature Pressure (bar)   Constr. rmsd
    2.97831e+02   -7.40903e+01    4.19370e-06

           Step           Time
        1024000     2048.00000

   Energies (kJ/mol)
           Bond            U-B    Proper Dih.  Improper Dih.          LJ-14
    1.14603e+04    6.11373e+04    4.13654e+04    4.11282e+02    7.42036e+03
     Coulomb-14        LJ (SR)   Coulomb (SR)   Coul. recip. Position Rest.
    2.87763e+02    6.38658e+03   -5.62485e+05    2.07649e+03    3.04785e+02
     Dih. Rest.      Potential    Kinetic En.   Total Energy  Conserved En.
    4.07290e+02   -4.31227e+05    1.50740e+05   -2.80487e+05   -2.64654e+05
    Temperature Pressure (bar)   Constr. rmsd
    3.00428e+02   -9.95650e+01    4.19370e-06

           Step           Time
        1026000     2052.00000

   Energies (kJ/mol)
           Bond            U-B    Proper Dih.  Improper Dih.          LJ-14
    1.15598e+04    6.21570e+04    4.14327e+04    3.74834e+02    7.56965e+03
     Coulomb-14        LJ (SR)   Coulomb (SR)   Coul. recip. Position Rest.
    4.63504e+02    6.16272e+03   -5.62572e+05    2.07130e+03    2.89235e+02
     Dih. Rest.      Potential    Kinetic En.   Total Energy  Conserved En.
    3.87492e+02   -4.30103e+05    1.51415e+05   -2.78689e+05   -2.64501e+05
    Temperature Pressure (bar)   Constr. rmsd
    3.01771e+02   -8.60276e+01    4.19370e-06

           Step           Time
        1028000     2056.00000

   Energies (kJ/mol)
           Bond            U-B    Proper Dih.  Improper Dih.          LJ-14
    1.15693e+04    6.13179e+04    4.13414e+04    3.58112e+02    7.50108e+03
     Coulomb-14        LJ (SR)   Coulomb (SR)   Coul. recip. Position Rest.
    8.35783e+02    6.55727e+03   -5.62656e+05    2.01126e+03    2.77224e+02
     Dih. Rest.      Potential    Kinetic En.   Total Energy  Conserved En.
    4.08335e+02   -4.30478e+05    1.50523e+05   -2.79956e+05   -2.64378e+05
    Temperature Pressure (bar)   Constr. rmsd
    2.99994e+02   -4.08547e+01    4.19370e-06

           Step           Time
        1030000     2060.00000

   Energies (kJ/mol)
           Bond            U-B    Proper Dih.  Improper Dih.          LJ-14
    1.14222e+04    6.11185e+04    4.11596e+04    3.86208e+02    7.48844e+03
     Coulomb-14        LJ (SR)   Coulomb (SR)   Coul. recip. Position Rest.
    3.87406e+02    7.84008e+03   -5.65020e+05    2.05517e+03    3.19107e+02
     Dih. Rest.      Potential    Kinetic En.   Total Energy  Conserved En.
    4.34449e+02   -4.32408e+05    1.50236e+05   -2.82172e+05   -2.64282e+05
    Temperature Pressure (bar)   Constr. rmsd
    2.99422e+02    1.36346e+01    4.19370e-06

           Step           Time
        1032000     2064.00000

   Energies (kJ/mol)
           Bond            U-B    Proper Dih.  Improper Dih.          LJ-14
    1.15437e+04    6.12458e+04    4.09515e+04    3.15279e+02    7.41350e+03
     Coulomb-14        LJ (SR)   Coulomb (SR)   Coul. recip. Position Rest.
    5.38049e+02    6.69319e+03   -5.64016e+05    2.03420e+03    2.91427e+02
     Dih. Rest.      Potential    Kinetic En.   Total Energy  Conserved En.
    4.23529e+02   -4.32566e+05    1.50027e+05   -2.82539e+05   -2.64128e+05
    Temperature Pressure (bar)   Constr. rmsd
    2.99006e+02   -1.97040e+01    4.19370e-06

           Step           Time
        1034000     2068.00000

   Energies (kJ/mol)
           Bond            U-B    Proper Dih.  Improper Dih.          LJ-14
    1.17249e+04    6.08956e+04    4.09929e+04    3.74349e+02    7.39274e+03
     Coulomb-14        LJ (SR)   Coulomb (SR)   Coul. recip. Position Rest.
    3.46373e+02    6.49298e+03   -5.63875e+05    2.12947e+03    2.71862e+02
     Dih. Rest.      Potential    Kinetic En.   Total Energy  Conserved En.
    3.83010e+02   -4.32871e+05    1.49652e+05   -2.83219e+05   -2.64006e+05
    Temperature Pressure (bar)   Constr. rmsd
    2.98259e+02   -1.42596e+02    4.19370e-06

           Step           Time
        1036000     2072.00000

   Energies (kJ/mol)
           Bond            U-B    Proper Dih.  Improper Dih.          LJ-14
    1.12609e+04    6.13808e+04    4.11578e+04    3.57479e+02    7.49435e+03
     Coulomb-14        LJ (SR)   Coulomb (SR)   Coul. recip. Position Rest.
    2.68910e+02    6.65384e+03   -5.63497e+05    2.06574e+03    2.61486e+02
     Dih. Rest.      Potential    Kinetic En.   Total Energy  Conserved En.
    4.26914e+02   -4.32169e+05    1.51124e+05   -2.81046e+05   -2.63893e+05
    Temperature Pressure (bar)   Constr. rmsd
    3.01191e+02   -6.58224e+01    4.19370e-06

           Step           Time
        1038000     2076.00000

   Energies (kJ/mol)
           Bond            U-B    Proper Dih.  Improper Dih.          LJ-14
    1.15069e+04    6.11248e+04    4.08706e+04    3.98960e+02    7.46658e+03
     Coulomb-14        LJ (SR)   Coulomb (SR)   Coul. recip. Position Rest.
    2.27765e+02    6.39929e+03   -5.62871e+05    1.97075e+03    2.55831e+02
     Dih. Rest.      Potential    Kinetic En.   Total Energy  Conserved En.
    4.07075e+02   -4.32242e+05    1.49107e+05   -2.83135e+05   -2.63736e+05
    Temperature Pressure (bar)   Constr. rmsd
    2.97172e+02   -6.52469e+01    4.19370e-06

           Step           Time
        1040000     2080.00000

   Energies (kJ/mol)
           Bond            U-B    Proper Dih.  Improper Dih.          LJ-14
    1.15792e+04    6.10088e+04    4.07679e+04    3.39569e+02    7.50743e+03
     Coulomb-14        LJ (SR)   Coulomb (SR)   Coul. recip. Position Rest.
    1.24059e+02    7.36138e+03   -5.63526e+05    2.01443e+03    2.24113e+02
     Dih. Rest.      Potential    Kinetic En.   Total Energy  Conserved En.
    3.62831e+02   -4.32236e+05    1.50093e+05   -2.82143e+05   -2.63666e+05
    Temperature Pressure (bar)   Constr. rmsd
    2.99137e+02    1.41305e+01    4.19370e-06

           Step           Time
        1042000     2084.00000

   Energies (kJ/mol)
           Bond            U-B    Proper Dih.  Improper Dih.          LJ-14
    1.14383e+04    6.20967e+04    4.11879e+04    4.27059e+02    7.50245e+03
     Coulomb-14        LJ (SR)   Coulomb (SR)   Coul. recip. Position Rest.
    4.80273e+00    6.49981e+03   -5.63449e+05    2.04121e+03    2.62420e+02
     Dih. Rest.      Potential    Kinetic En.   Total Energy  Conserved En.
    4.32738e+02   -4.31555e+05    1.50179e+05   -2.81376e+05   -2.63466e+05
    Temperature Pressure (bar)   Constr. rmsd
    2.99309e+02    2.37880e+01    4.19370e-06

           Step           Time
        1044000     2088.00000

   Energies (kJ/mol)
           Bond            U-B    Proper Dih.  Improper Dih.          LJ-14
    1.15932e+04    6.08296e+04    4.11985e+04    4.35908e+02    7.49099e+03
     Coulomb-14        LJ (SR)   Coulomb (SR)   Coul. recip. Position Rest.
    7.32004e+01    6.93868e+03   -5.63337e+05    1.97928e+03    2.77237e+02
     Dih. Rest.      Potential    Kinetic En.   Total Energy  Conserved En.
    4.55143e+02   -4.32066e+05    1.49736e+05   -2.82330e+05   -2.63414e+05
    Temperature Pressure (bar)   Constr. rmsd
    2.98425e+02   -7.73138e+01    4.19370e-06

           Step           Time
        1046000     2092.00000

   Energies (kJ/mol)
           Bond            U-B    Proper Dih.  Improper Dih.          LJ-14
    1.16401e+04    6.11092e+04    4.16181e+04    3.89158e+02    7.50428e+03
     Coulomb-14        LJ (SR)   Coulomb (SR)   Coul. recip. Position Rest.
    1.45344e+02    6.96851e+03   -5.64797e+05    1.99144e+03    3.02470e+02
     Dih. Rest.      Potential    Kinetic En.   Total Energy  Conserved En.
    4.35575e+02   -4.32693e+05    1.49601e+05   -2.83092e+05   -2.63264e+05
    Temperature Pressure (bar)   Constr. rmsd
    2.98157e+02   -3.00757e+01    4.19370e-06

           Step           Time
        1048000     2096.00000

   Energies (kJ/mol)
           Bond            U-B    Proper Dih.  Improper Dih.          LJ-14
    1.15938e+04    6.05898e+04    4.13552e+04    4.11789e+02    7.51990e+03
     Coulomb-14        LJ (SR)   Coulomb (SR)   Coul. recip. Position Rest.
    6.06356e+02    6.75479e+03   -5.63656e+05    1.98552e+03    3.10726e+02
     Dih. Rest.      Potential    Kinetic En.   Total Energy  Conserved En.
    4.43884e+02   -4.32084e+05    1.49444e+05   -2.82640e+05   -2.63167e+05
    Temperature Pressure (bar)   Constr. rmsd
    2.97845e+02   -6.56789e+01    4.19370e-06

           Step           Time
        1050000     2100.00000

   Energies (kJ/mol)
           Bond            U-B    Proper Dih.  Improper Dih.          LJ-14
    1.14644e+04    6.08479e+04    4.11974e+04    4.14539e+02    7.60317e+03
     Coulomb-14        LJ (SR)   Coulomb (SR)   Coul. recip. Position Rest.
    2.69691e+02    6.12194e+03   -5.62634e+05    1.98247e+03    3.02775e+02
     Dih. Rest.      Potential    Kinetic En.   Total Energy  Conserved En.
    3.96430e+02   -4.32033e+05    1.49902e+05   -2.82131e+05   -2.63055e+05
    Temperature Pressure (bar)   Constr. rmsd
    2.98756e+02   -3.64342e+01    4.19370e-06

           Step           Time
        1052000     2104.00000

   Energies (kJ/mol)
           Bond            U-B    Proper Dih.  Improper Dih.          LJ-14
    1.16106e+04    6.17469e+04    4.12559e+04    4.48174e+02    7.52226e+03
     Coulomb-14        LJ (SR)   Coulomb (SR)   Coul. recip. Position Rest.
    2.50043e+02    6.78924e+03   -5.63382e+05    2.01696e+03    2.95493e+02
     Dih. Rest.      Potential    Kinetic En.   Total Energy  Conserved En.
    4.08112e+02   -4.31038e+05    1.50430e+05   -2.80608e+05   -2.62931e+05
    Temperature Pressure (bar)   Constr. rmsd
    2.99809e+02   -5.60833e+01    4.19370e-06

           Step           Time
        1054000     2108.00000

   Energies (kJ/mol)
           Bond            U-B    Proper Dih.  Improper Dih.          LJ-14
    1.15296e+04    6.11506e+04    4.12344e+04    4.01152e+02    7.42107e+03
     Coulomb-14        LJ (SR)   Coulomb (SR)   Coul. recip. Position Rest.
    3.82588e+02    6.69776e+03   -5.62931e+05    2.08244e+03    3.22170e+02
     Dih. Rest.      Potential    Kinetic En.   Total Energy  Conserved En.
    4.34797e+02   -4.31274e+05    1.50212e+05   -2.81063e+05   -2.62810e+05
    Temperature Pressure (bar)   Constr. rmsd
    2.99374e+02   -6.66727e+01    4.19370e-06

           Step           Time
        1056000     2112.00000

   Energies (kJ/mol)
           Bond            U-B    Proper Dih.  Improper Dih.          LJ-14
    1.16407e+04    6.15980e+04    4.11795e+04    3.72534e+02    7.63359e+03
     Coulomb-14        LJ (SR)   Coulomb (SR)   Coul. recip. Position Rest.
    7.08660e+02    6.34248e+03   -5.62076e+05    2.10973e+03    3.47367e+02
     Dih. Rest.      Potential    Kinetic En.   Total Energy  Conserved En.
    4.18524e+02   -4.29725e+05    1.50352e+05   -2.79373e+05   -2.62667e+05
    Temperature Pressure (bar)   Constr. rmsd
    2.99653e+02   -5.13306e+00    4.19370e-06

           Step           Time
        1058000     2116.00000

   Energies (kJ/mol)
           Bond            U-B    Proper Dih.  Improper Dih.          LJ-14
    1.15746e+04    6.19326e+04    4.11456e+04    3.88317e+02    7.31544e+03
     Coulomb-14        LJ (SR)   Coulomb (SR)   Coul. recip. Position Rest.
    1.28865e+02    7.02892e+03   -5.63154e+05    1.98525e+03    2.94425e+02
     Dih. Rest.      Potential    Kinetic En.   Total Energy  Conserved En.
    4.21174e+02   -4.30939e+05    1.50828e+05   -2.80110e+05   -2.62550e+05
    Temperature Pressure (bar)   Constr. rmsd
    3.00602e+02   -2.45453e+01    4.19370e-06

           Step           Time
        1060000     2120.00000

   Energies (kJ/mol)
           Bond            U-B    Proper Dih.  Improper Dih.          LJ-14
    1.16182e+04    6.15398e+04    4.12212e+04    3.85070e+02    7.61472e+03
     Coulomb-14        LJ (SR)   Coulomb (SR)   Coul. recip. Position Rest.
    1.35787e+02    6.79636e+03   -5.63465e+05    1.95683e+03    3.31298e+02
     Dih. Rest.      Potential    Kinetic En.   Total Energy  Conserved En.
    3.77855e+02   -4.31488e+05    1.50799e+05   -2.80688e+05   -2.62416e+05
    Temperature Pressure (bar)   Constr. rmsd
    3.00545e+02   -2.45077e+01    4.19370e-06

           Step           Time
        1062000     2124.00000

   Energies (kJ/mol)
           Bond            U-B    Proper Dih.  Improper Dih.          LJ-14
    1.16696e+04    6.14946e+04    4.11322e+04    3.75051e+02    7.50599e+03
     Coulomb-14        LJ (SR)   Coulomb (SR)   Coul. recip. Position Rest.
    4.23722e+02    6.62616e+03   -5.63627e+05    2.07493e+03    3.33807e+02
     Dih. Rest.      Potential    Kinetic En.   Total Energy  Conserved En.
    3.90608e+02   -4.31600e+05    1.50575e+05   -2.81025e+05   -2.62319e+05
    Temperature Pressure (bar)   Constr. rmsd
    3.00097e+02   -5.96651e+01    4.19370e-06

           Step           Time
        1064000     2128.00000

   Energies (kJ/mol)
           Bond            U-B    Proper Dih.  Improper Dih.          LJ-14
    1.16717e+04    6.12033e+04    4.10886e+04    4.07853e+02    7.44035e+03
     Coulomb-14        LJ (SR)   Coulomb (SR)   Coul. recip. Position Rest.
   -3.72152e+02    6.01942e+03   -5.62913e+05    2.01953e+03    2.85787e+02
     Dih. Rest.      Potential    Kinetic En.   Total Energy  Conserved En.
    4.34324e+02   -4.32715e+05    1.49579e+05   -2.83135e+05   -2.62181e+05
    Temperature Pressure (bar)   Constr. rmsd
    2.98113e+02   -6.81998e+00    4.19370e-06

           Step           Time
        1066000     2132.00000

   Energies (kJ/mol)
           Bond            U-B    Proper Dih.  Improper Dih.          LJ-14
    1.15458e+04    6.11487e+04    4.10887e+04    3.49506e+02    7.47189e+03
     Coulomb-14        LJ (SR)   Coulomb (SR)   Coul. recip. Position Rest.
   -1.10904e+02    7.51470e+03   -5.64808e+05    1.98318e+03    3.28426e+02
     Dih. Rest.      Potential    Kinetic En.   Total Energy  Conserved En.
    4.94783e+02   -4.32993e+05    1.49947e+05   -2.83046e+05   -2.62058e+05
    Temperature Pressure (bar)   Constr. rmsd
    2.98846e+02   -3.62337e+01    4.19370e-06

           Step           Time
        1068000     2136.00000

   Energies (kJ/mol)
           Bond            U-B    Proper Dih.  Improper Dih.          LJ-14
    1.15151e+04    6.19764e+04    4.12131e+04    3.88738e+02    7.37197e+03
     Coulomb-14        LJ (SR)   Coulomb (SR)   Coul. recip. Position Rest.
    3.30951e+01    6.41143e+03   -5.63693e+05    2.01170e+03    3.00171e+02
     Dih. Rest.      Potential    Kinetic En.   Total Energy  Conserved En.
    4.28931e+02   -4.32043e+05    1.50640e+05   -2.81402e+05   -2.61881e+05
    Temperature Pressure (bar)   Constr. rmsd
    3.00228e+02   -9.12617e+01    4.19370e-06

           Step           Time
        1070000     2140.00000

   Energies (kJ/mol)
           Bond            U-B    Proper Dih.  Improper Dih.          LJ-14
    1.16932e+04    6.19326e+04    4.11146e+04    3.76188e+02    7.45528e+03
     Coulomb-14        LJ (SR)   Coulomb (SR)   Coul. recip. Position Rest.
    1.85774e+02    7.80172e+03   -5.65534e+05    1.98406e+03    2.77140e+02
     Dih. Rest.      Potential    Kinetic En.   Total Energy  Conserved En.
    4.16345e+02   -4.32297e+05    1.51861e+05   -2.80436e+05   -2.61784e+05
    Temperature Pressure (bar)   Constr. rmsd
    3.02661e+02   -3.56462e+01    4.19370e-06

           Step           Time
        1072000     2144.00000

   Energies (kJ/mol)
           Bond            U-B    Proper Dih.  Improper Dih.          LJ-14
    1.16307e+04    6.13118e+04    4.14004e+04    3.71759e+02    7.37042e+03
     Coulomb-14        LJ (SR)   Coulomb (SR)   Coul. recip. Position Rest.
    3.54128e+02    5.83259e+03   -5.62885e+05    1.97141e+03    2.90801e+02
     Dih. Rest.      Potential    Kinetic En.   Total Energy  Conserved En.
    4.06797e+02   -4.31944e+05    1.51493e+05   -2.80451e+05   -2.61709e+05
    Temperature Pressure (bar)   Constr. rmsd
    3.01928e+02   -1.49657e+02    4.19370e-06

           Step           Time
        1074000     2148.00000

   Energies (kJ/mol)
           Bond            U-B    Proper Dih.  Improper Dih.          LJ-14
    1.15535e+04    6.10976e+04    4.09466e+04    3.73975e+02    7.46183e+03
     Coulomb-14        LJ (SR)   Coulomb (SR)   Coul. recip. Position Rest.
    1.10135e+03    5.59279e+03   -5.63213e+05    2.05072e+03    2.87261e+02
     Dih. Rest.      Potential    Kinetic En.   Total Energy  Conserved En.
    4.17133e+02   -4.32330e+05    1.50953e+05   -2.81378e+05   -2.61620e+05
    Temperature Pressure (bar)   Constr. rmsd
    3.00851e+02   -8.87183e+01    4.19370e-06

           Step           Time
        1076000     2152.00000

   Energies (kJ/mol)
           Bond            U-B    Proper Dih.  Improper Dih.          LJ-14
    1.14801e+04    6.15248e+04    4.08960e+04    4.24347e+02    7.49845e+03
     Coulomb-14        LJ (SR)   Coulomb (SR)   Coul. recip. Position Rest.
    1.37375e+02    6.16806e+03   -5.62591e+05    2.00810e+03    2.75773e+02
     Dih. Rest.      Potential    Kinetic En.   Total Energy  Conserved En.
    3.99035e+02   -4.31779e+05    1.50079e+05   -2.81699e+05   -2.61441e+05
    Temperature Pressure (bar)   Constr. rmsd
    2.99110e+02   -2.27846e+01    4.19370e-06

           Step           Time
        1078000     2156.00000

   Energies (kJ/mol)
           Bond            U-B    Proper Dih.  Improper Dih.          LJ-14
    1.19492e+04    6.18259e+04    4.10787e+04    3.79127e+02    7.36228e+03
     Coulomb-14        LJ (SR)   Coulomb (SR)   Coul. recip. Position Rest.
   -1.57760e+02    6.34158e+03   -5.63085e+05    2.01468e+03    3.05088e+02
     Dih. Rest.      Potential    Kinetic En.   Total Energy  Conserved En.
    4.15659e+02   -4.31570e+05    1.51445e+05   -2.80125e+05   -2.61343e+05
    Temperature Pressure (bar)   Constr. rmsd
    3.01832e+02   -8.44939e+01    4.19370e-06

           Step           Time
        1080000     2160.00000

   Energies (kJ/mol)
           Bond            U-B    Proper Dih.  Improper Dih.          LJ-14
    1.15380e+04    6.18138e+04    4.13547e+04    3.54422e+02    7.49594e+03
     Coulomb-14        LJ (SR)   Coulomb (SR)   Coul. recip. Position Rest.
   -3.51808e+02    6.04069e+03   -5.62435e+05    1.92761e+03    2.79660e+02
     Dih. Rest.      Potential    Kinetic En.   Total Energy  Conserved En.
    4.43350e+02   -4.31539e+05    1.50561e+05   -2.80978e+05   -2.61195e+05
    Temperature Pressure (bar)   Constr. rmsd
    3.00069e+02   -6.57217e+01    4.19370e-06

           Step           Time
        1082000     2164.00000

   Energies (kJ/mol)
           Bond            U-B    Proper Dih.  Improper Dih.          LJ-14
    1.14793e+04    6.10206e+04    4.13023e+04    4.11333e+02    7.39868e+03
     Coulomb-14        LJ (SR)   Coulomb (SR)   Coul. recip. Position Rest.
    1.83037e+02    6.76056e+03   -5.64171e+05    2.04545e+03    2.50972e+02
     Dih. Rest.      Potential    Kinetic En.   Total Energy  Conserved En.
    4.09124e+02   -4.32909e+05    1.49836e+05   -2.83073e+05   -2.61110e+05
    Temperature Pressure (bar)   Constr. rmsd
    2.98625e+02   -6.79988e+01    4.19370e-06

           Step           Time
        1084000     2168.00000

   Energies (kJ/mol)
           Bond            U-B    Proper Dih.  Improper Dih.          LJ-14
    1.12451e+04    6.13162e+04    4.09850e+04    3.66042e+02    7.46938e+03
     Coulomb-14        LJ (SR)   Coulomb (SR)   Coul. recip. Position Rest.
    2.64710e+02    4.83241e+03   -5.62018e+05    2.00099e+03    2.97661e+02
     Dih. Rest.      Potential    Kinetic En.   Total Energy  Conserved En.
    3.34842e+02   -4.32906e+05    1.50091e+05   -2.82815e+05   -2.60952e+05
    Temperature Pressure (bar)   Constr. rmsd
    2.99132e+02   -1.16604e+02    4.19370e-06

           Step           Time
        1086000     2172.00000

   Energies (kJ/mol)
           Bond            U-B    Proper Dih.  Improper Dih.          LJ-14
    1.16101e+04    6.07144e+04    4.11109e+04    3.73335e+02    7.55368e+03
     Coulomb-14        LJ (SR)   Coulomb (SR)   Coul. recip. Position Rest.
    3.81544e+02    6.12224e+03   -5.62632e+05    2.07429e+03    2.87779e+02
     Dih. Rest.      Potential    Kinetic En.   Total Energy  Conserved En.
    3.65899e+02   -4.32038e+05    1.49979e+05   -2.82059e+05   -2.60795e+05
    Temperature Pressure (bar)   Constr. rmsd
    2.98909e+02   -3.19123e+01    4.19370e-06

           Step           Time
        1088000     2176.00000

   Energies (kJ/mol)
           Bond            U-B    Proper Dih.  Improper Dih.          LJ-14
    1.16139e+04    6.09659e+04    4.11979e+04    3.74079e+02    7.54377e+03
     Coulomb-14        LJ (SR)   Coulomb (SR)   Coul. recip. Position Rest.
    2.10282e+02    7.25664e+03   -5.64017e+05    1.98908e+03    2.81982e+02
     Dih. Rest.      Potential    Kinetic En.   Total Energy  Conserved En.
    4.34868e+02   -4.32149e+05    1.49826e+05   -2.82323e+05   -2.60636e+05
    Temperature Pressure (bar)   Constr. rmsd
    2.98604e+02    3.39973e+01    4.19370e-06

           Step           Time
        1090000     2180.00000

   Energies (kJ/mol)
           Bond            U-B    Proper Dih.  Improper Dih.          LJ-14
    1.14695e+04    6.08114e+04    4.11985e+04    4.08462e+02    7.60491e+03
     Coulomb-14        LJ (SR)   Coulomb (SR)   Coul. recip. Position Rest.
    4.82505e+02    6.65988e+03   -5.63327e+05    1.95565e+03    3.10228e+02
     Dih. Rest.      Potential    Kinetic En.   Total Energy  Conserved En.
    4.27454e+02   -4.31999e+05    1.50408e+05   -2.81590e+05   -2.60585e+05
    Temperature Pressure (bar)   Constr. rmsd
    2.99766e+02   -8.92311e+00    4.19370e-06

           Step           Time
        1092000     2184.00000

   Energies (kJ/mol)
           Bond            U-B    Proper Dih.  Improper Dih.          LJ-14
    1.14135e+04    6.09167e+04    4.09990e+04    3.80029e+02    7.46835e+03
     Coulomb-14        LJ (SR)   Coulomb (SR)   Coul. recip. Position Rest.
    5.06036e+02    6.39786e+03   -5.62488e+05    1.95703e+03    3.09664e+02
     Dih. Rest.      Potential    Kinetic En.   Total Energy  Conserved En.
    4.31875e+02   -4.31708e+05    1.49403e+05   -2.82305e+05   -2.60426e+05
    Temperature Pressure (bar)   Constr. rmsd
    2.97761e+02   -5.15722e+01    4.19370e-06

           Step           Time
        1094000     2188.00000

   Energies (kJ/mol)
           Bond            U-B    Proper Dih.  Improper Dih.          LJ-14
    1.15710e+04    6.05697e+04    4.08551e+04    3.62225e+02    7.39564e+03
     Coulomb-14        LJ (SR)   Coulomb (SR)   Coul. recip. Position Rest.
    4.44550e+02    6.02911e+03   -5.62320e+05    2.09085e+03    2.75615e+02
     Dih. Rest.      Potential    Kinetic En.   Total Energy  Conserved En.
    4.07478e+02   -4.32319e+05    1.50494e+05   -2.81824e+05   -2.60306e+05
    Temperature Pressure (bar)   Constr. rmsd
    2.99937e+02   -3.88996e+01    4.19370e-06

           Step           Time
        1096000     2192.00000

   Energies (kJ/mol)
           Bond            U-B    Proper Dih.  Improper Dih.          LJ-14
    1.14770e+04    6.05514e+04    4.11006e+04    3.90943e+02    7.45320e+03
     Coulomb-14        LJ (SR)   Coulomb (SR)   Coul. recip. Position Rest.
    2.74858e+02    5.49856e+03   -5.61930e+05    2.09154e+03    2.70438e+02
     Dih. Rest.      Potential    Kinetic En.   Total Energy  Conserved En.
    4.55375e+02   -4.32366e+05    1.50341e+05   -2.82025e+05   -2.60150e+05
    Temperature Pressure (bar)   Constr. rmsd
    2.99632e+02    2.18738e+00    4.19370e-06

           Step           Time
        1098000     2196.00000

   Energies (kJ/mol)
           Bond            U-B    Proper Dih.  Improper Dih.          LJ-14
    1.13589e+04    6.08756e+04    4.10817e+04    3.60132e+02    7.50211e+03
     Coulomb-14        LJ (SR)   Coulomb (SR)   Coul. recip. Position Rest.
    3.43743e+02    6.17858e+03   -5.61996e+05    2.05686e+03    2.97209e+02
     Dih. Rest.      Potential    Kinetic En.   Total Energy  Conserved En.
    3.49311e+02   -4.31592e+05    1.49288e+05   -2.82303e+05   -2.60028e+05
    Temperature Pressure (bar)   Constr. rmsd
    2.97534e+02   -7.69943e+01    4.19370e-06

           Step           Time
        1100000     2200.00000

   Energies (kJ/mol)
           Bond            U-B    Proper Dih.  Improper Dih.          LJ-14
    1.13479e+04    6.08653e+04    4.09163e+04    3.64512e+02    7.52711e+03
     Coulomb-14        LJ (SR)   Coulomb (SR)   Coul. recip. Position Rest.
    6.21707e+02    5.48174e+03   -5.61970e+05    1.97774e+03    3.00085e+02
     Dih. Rest.      Potential    Kinetic En.   Total Energy  Conserved En.
    4.18284e+02   -4.32149e+05    1.50614e+05   -2.81535e+05   -2.59964e+05
    Temperature Pressure (bar)   Constr. rmsd
    3.00177e+02   -8.58111e+01    4.19370e-06

           Step           Time
        1102000     2204.00000

   Energies (kJ/mol)
           Bond            U-B    Proper Dih.  Improper Dih.          LJ-14
    1.15054e+04    6.08810e+04    4.08390e+04    3.38774e+02    7.42545e+03
     Coulomb-14        LJ (SR)   Coulomb (SR)   Coul. recip. Position Rest.
    5.32456e+02    6.26170e+03   -5.62560e+05    2.05476e+03    3.05975e+02
     Dih. Rest.      Potential    Kinetic En.   Total Energy  Conserved En.
    4.34040e+02   -4.31982e+05    1.51430e+05   -2.80552e+05   -2.59853e+05
    Temperature Pressure (bar)   Constr. rmsd
    3.01802e+02   -1.47269e+02    4.19370e-06

           Step           Time
        1104000     2208.00000

   Energies (kJ/mol)
           Bond            U-B    Proper Dih.  Improper Dih.          LJ-14
    1.14985e+04    6.05787e+04    4.10278e+04    4.45484e+02    7.38825e+03
     Coulomb-14        LJ (SR)   Coulomb (SR)   Coul. recip. Position Rest.
    8.53589e+02    6.37783e+03   -5.63114e+05    2.04626e+03    3.02161e+02
     Dih. Rest.      Potential    Kinetic En.   Total Energy  Conserved En.
    3.77384e+02   -4.32218e+05    1.50484e+05   -2.81734e+05   -2.59727e+05
    Temperature Pressure (bar)   Constr. rmsd
    2.99916e+02   -7.14955e+01    4.19370e-06

           Step           Time
        1106000     2212.00000

   Energies (kJ/mol)
           Bond            U-B    Proper Dih.  Improper Dih.          LJ-14
    1.14841e+04    6.11506e+04    4.09119e+04    3.47225e+02    7.48332e+03
     Coulomb-14        LJ (SR)   Coulomb (SR)   Coul. recip. Position Rest.
    7.97477e+02    5.17491e+03   -5.61615e+05    2.08396e+03    2.99854e+02
     Dih. Rest.      Potential    Kinetic En.   Total Energy  Conserved En.
    4.49396e+02   -4.31433e+05    1.50548e+05   -2.80885e+05   -2.59556e+05
    Temperature Pressure (bar)   Constr. rmsd
    3.00044e+02   -1.51541e+01    4.19370e-06

           Step           Time
        1108000     2216.00000

   Energies (kJ/mol)
           Bond            U-B    Proper Dih.  Improper Dih.          LJ-14
    1.16188e+04    6.09926e+04    4.12352e+04    3.59080e+02    7.37647e+03
     Coulomb-14        LJ (SR)   Coulomb (SR)   Coul. recip. Position Rest.
    2.42661e+02    5.89846e+03   -5.61505e+05    1.91571e+03    2.97721e+02
     Dih. Rest.      Potential    Kinetic En.   Total Energy  Conserved En.
    4.05864e+02   -4.31162e+05    1.50806e+05   -2.80357e+05   -2.59485e+05
    Temperature Pressure (bar)   Constr. rmsd
    3.00557e+02   -5.77999e+01    4.19370e-06

           Step           Time
        1110000     2220.00000

   Energies (kJ/mol)
           Bond            U-B    Proper Dih.  Improper Dih.          LJ-14
    1.19176e+04    6.08827e+04    4.09396e+04    3.55973e+02    7.40549e+03
     Coulomb-14        LJ (SR)   Coulomb (SR)   Coul. recip. Position Rest.
   -7.67783e+01    5.48271e+03   -5.60905e+05    2.08058e+03    2.86728e+02
     Dih. Rest.      Potential    Kinetic En.   Total Energy  Conserved En.
    4.11785e+02   -4.31219e+05    1.50614e+05   -2.80605e+05   -2.59342e+05
    Temperature Pressure (bar)   Constr. rmsd
    3.00175e+02   -1.90520e+01    4.19370e-06

           Step           Time
        1112000     2224.00000

   Energies (kJ/mol)
           Bond            U-B    Proper Dih.  Improper Dih.          LJ-14
    1.12084e+04    6.11808e+04    4.12020e+04    3.79841e+02    7.45952e+03
     Coulomb-14        LJ (SR)   Coulomb (SR)   Coul. recip. Position Rest.
   -3.52223e+01    6.35625e+03   -5.62161e+05    2.03089e+03    2.62033e+02
     Dih. Rest.      Potential    Kinetic En.   Total Energy  Conserved En.
    5.31440e+02   -4.31586e+05    1.51976e+05   -2.79610e+05   -2.59276e+05
    Temperature Pressure (bar)   Constr. rmsd
    3.02889e+02   -1.05025e+02    4.19370e-06

           Step           Time
        1114000     2228.00000

   Energies (kJ/mol)
           Bond            U-B    Proper Dih.  Improper Dih.          LJ-14
    1.14260e+04    6.11778e+04    4.10231e+04    3.86131e+02    7.56486e+03
     Coulomb-14        LJ (SR)   Coulomb (SR)   Coul. recip. Position Rest.
    6.96133e+02    6.46288e+03   -5.62889e+05    2.07257e+03    2.96970e+02
     Dih. Rest.      Potential    Kinetic En.   Total Energy  Conserved En.
    3.86627e+02   -4.31396e+05    1.50760e+05   -2.80636e+05   -2.59116e+05
    Temperature Pressure (bar)   Constr. rmsd
    3.00467e+02    1.28370e+01    4.19370e-06

           Step           Time
        1116000     2232.00000

   Energies (kJ/mol)
           Bond            U-B    Proper Dih.  Improper Dih.          LJ-14
    1.17329e+04    6.05792e+04    4.10509e+04    3.87781e+02    7.55286e+03
     Coulomb-14        LJ (SR)   Coulomb (SR)   Coul. recip. Position Rest.
    1.08286e+02    5.14246e+03   -5.60516e+05    2.01768e+03    3.00415e+02
     Dih. Rest.      Potential    Kinetic En.   Total Energy  Conserved En.
    3.90445e+02   -4.31253e+05    1.51881e+05   -2.79372e+05   -2.58993e+05
    Temperature Pressure (bar)   Constr. rmsd
    3.02701e+02   -1.25581e+02    4.19370e-06

           Step           Time
        1118000     2236.00000

   Energies (kJ/mol)
           Bond            U-B    Proper Dih.  Improper Dih.          LJ-14
    1.12311e+04    6.14393e+04    4.13189e+04    3.93550e+02    7.43286e+03
     Coulomb-14        LJ (SR)   Coulomb (SR)   Coul. recip. Position Rest.
   -2.01086e+02    6.55162e+03   -5.62136e+05    2.03466e+03    3.08600e+02
     Dih. Rest.      Potential    Kinetic En.   Total Energy  Conserved En.
    3.90757e+02   -4.31236e+05    1.50680e+05   -2.80555e+05   -2.58830e+05
    Temperature Pressure (bar)   Constr. rmsd
    3.00308e+02   -1.50914e+01    4.19370e-06

           Step           Time
        1120000     2240.00000

   Energies (kJ/mol)
           Bond            U-B    Proper Dih.  Improper Dih.          LJ-14
    1.15359e+04    6.16174e+04    4.11658e+04    3.65847e+02    7.33802e+03
     Coulomb-14        LJ (SR)   Coulomb (SR)   Coul. recip. Position Rest.
   -2.58355e+02    6.08819e+03   -5.61207e+05    2.03899e+03    3.23914e+02
     Dih. Rest.      Potential    Kinetic En.   Total Energy  Conserved En.
    4.14647e+02   -4.30577e+05    1.50223e+05   -2.80354e+05   -2.58706e+05
    Temperature Pressure (bar)   Constr. rmsd
    2.99397e+02   -1.00945e+02    4.19370e-06

           Step           Time
        1122000     2244.00000

   Energies (kJ/mol)
           Bond            U-B    Proper Dih.  Improper Dih.          LJ-14
    1.14491e+04    6.09778e+04    4.14945e+04    4.39410e+02    7.43980e+03
     Coulomb-14        LJ (SR)   Coulomb (SR)   Coul. recip. Position Rest.
    9.72579e+01    5.95222e+03   -5.62423e+05    2.02799e+03    3.17028e+02
     Dih. Rest.      Potential    Kinetic En.   Total Energy  Conserved En.
    4.40807e+02   -4.31787e+05    1.52405e+05   -2.79382e+05   -2.58646e+05
    Temperature Pressure (bar)   Constr. rmsd
    3.03744e+02   -1.02549e+02    4.19370e-06

           Step           Time
        1124000     2248.00000

   Energies (kJ/mol)
           Bond            U-B    Proper Dih.  Improper Dih.          LJ-14
    1.18846e+04    6.08667e+04    4.10408e+04    4.00726e+02    7.37074e+03
     Coulomb-14        LJ (SR)   Coulomb (SR)   Coul. recip. Position Rest.
   -6.00021e+01    6.21263e+03   -5.62209e+05    2.05960e+03    3.24712e+02
     Dih. Rest.      Potential    Kinetic En.   Total Energy  Conserved En.
    4.40344e+02   -4.31668e+05    1.50928e+05   -2.80740e+05   -2.58483e+05
    Temperature Pressure (bar)   Constr. rmsd
    3.00800e+02   -8.53698e+01    4.19370e-06

           Step           Time
        1126000     2252.00000

   Energies (kJ/mol)
           Bond            U-B    Proper Dih.  Improper Dih.          LJ-14
    1.12824e+04    6.09704e+04    4.10610e+04    3.69891e+02    7.58467e+03
     Coulomb-14        LJ (SR)   Coulomb (SR)   Coul. recip. Position Rest.
    3.86091e+02    7.24432e+03   -5.64206e+05    2.11533e+03    3.36510e+02
     Dih. Rest.      Potential    Kinetic En.   Total Energy  Conserved En.
    4.63213e+02   -4.32392e+05    1.49971e+05   -2.82421e+05   -2.58386e+05
    Temperature Pressure (bar)   Constr. rmsd
    2.98894e+02    4.49892e+01    4.19370e-06

           Step           Time
        1128000     2256.00000

   Energies (kJ/mol)
           Bond            U-B    Proper Dih.  Improper Dih.          LJ-14
    1.12257e+04    6.14470e+04    4.12504e+04    3.24749e+02    7.57215e+03
     Coulomb-14        LJ (SR)   Coulomb (SR)   Coul. recip. Position Rest.
    4.40347e+02    7.28172e+03   -5.64774e+05    2.06724e+03    3.30819e+02
     Dih. Rest.      Potential    Kinetic En.   Total Energy  Conserved En.
    4.52912e+02   -4.32381e+05    1.51006e+05   -2.81376e+05   -2.58240e+05
    Temperature Pressure (bar)   Constr. rmsd
    3.00956e+02    7.89150e+01    4.19370e-06

           Step           Time
        1130000     2260.00000

   Energies (kJ/mol)
           Bond            U-B    Proper Dih.  Improper Dih.          LJ-14
    1.15154e+04    6.20364e+04    4.08624e+04    3.74811e+02    7.50189e+03
     Coulomb-14        LJ (SR)   Coulomb (SR)   Coul. recip. Position Rest.
    2.80349e+02    5.93952e+03   -5.63031e+05    2.06059e+03    3.13438e+02
     Dih. Rest.      Potential    Kinetic En.   Total Energy  Conserved En.
    4.28884e+02   -4.31717e+05    1.51038e+05   -2.80679e+05   -2.58105e+05
    Temperature Pressure (bar)   Constr. rmsd
    3.01021e+02   -1.96845e+01    4.19370e-06

           Step           Time
        1132000     2264.00000

   Energies (kJ/mol)
           Bond            U-B    Proper Dih.  Improper Dih.          LJ-14
    1.14725e+04    6.12702e+04    4.10280e+04    3.21191e+02    7.53554e+03
     Coulomb-14        LJ (SR)   Coulomb (SR)   Coul. recip. Position Rest.
    1.72744e+02    6.50917e+03   -5.64089e+05    2.11652e+03    2.67287e+02
     Dih. Rest.      Potential    Kinetic En.   Total Energy  Conserved En.
    4.19252e+02   -4.32976e+05    1.50338e+05   -2.82638e+05   -2.58027e+05
    Temperature Pressure (bar)   Constr. rmsd
    2.99626e+02   -4.76564e+01    4.19370e-06

           Step           Time
        1134000     2268.00000

   Energies (kJ/mol)
           Bond            U-B    Proper Dih.  Improper Dih.          LJ-14
    1.15723e+04    6.13418e+04    4.13573e+04    3.41428e+02    7.36708e+03
     Coulomb-14        LJ (SR)   Coulomb (SR)   Coul. recip. Position Rest.
   -1.59268e+02    5.43495e+03   -5.62667e+05    2.03516e+03    2.94502e+02
     Dih. Rest.      Potential    Kinetic En.   Total Energy  Conserved En.
    3.97780e+02   -4.32684e+05    1.50407e+05   -2.82277e+05   -2.57990e+05
    Temperature Pressure (bar)   Constr. rmsd
    2.99762e+02   -1.27358e+02    4.19370e-06

           Step           Time
        1136000     2272.00000

   Energies (kJ/mol)
           Bond            U-B    Proper Dih.  Improper Dih.          LJ-14
    1.15582e+04    6.16535e+04    4.11961e+04    3.41649e+02    7.53918e+03
     Coulomb-14        LJ (SR)   Coulomb (SR)   Coul. recip. Position Rest.
    2.35082e+02    5.51364e+03   -5.61463e+05    2.11146e+03    2.71946e+02
     Dih. Rest.      Potential    Kinetic En.   Total Energy  Conserved En.
    4.40779e+02   -4.30602e+05    1.51105e+05   -2.79497e+05   -2.57808e+05
    Temperature Pressure (bar)   Constr. rmsd
    3.01154e+02    1.51562e+01    4.19370e-06

           Step           Time
        1138000     2276.00000

   Energies (kJ/mol)
           Bond            U-B    Proper Dih.  Improper Dih.          LJ-14
    1.13885e+04    6.20089e+04    4.11692e+04    3.91257e+02    7.59942e+03
     Coulomb-14        LJ (SR)   Coulomb (SR)   Coul. recip. Position Rest.
    1.03780e+02    6.50608e+03   -5.63022e+05    2.06714e+03    3.06526e+02
     Dih. Rest.      Potential    Kinetic En.   Total Energy  Conserved En.
    4.18749e+02   -4.31062e+05    1.50073e+05   -2.80989e+05   -2.57650e+05
    Temperature Pressure (bar)   Constr. rmsd
    2.99098e+02   -4.04413e+01    4.19370e-06

           Step           Time
        1140000     2280.00000

   Energies (kJ/mol)
           Bond            U-B    Proper Dih.  Improper Dih.          LJ-14
    1.13609e+04    6.12138e+04    4.14162e+04    3.94406e+02    7.57154e+03
     Coulomb-14        LJ (SR)   Coulomb (SR)   Coul. recip. Position Rest.
    4.11874e+02    5.54811e+03   -5.60900e+05    2.04815e+03    2.78908e+02
     Dih. Rest.      Potential    Kinetic En.   Total Energy  Conserved En.
    3.54545e+02   -4.30302e+05    1.51538e+05   -2.78764e+05   -2.57620e+05
    Temperature Pressure (bar)   Constr. rmsd
    3.02017e+02   -4.44539e+01    4.19370e-06

           Step           Time
        1142000     2284.00000

   Energies (kJ/mol)
           Bond            U-B    Proper Dih.  Improper Dih.          LJ-14
    1.16088e+04    6.15094e+04    4.10594e+04    3.49197e+02    7.52046e+03
     Coulomb-14        LJ (SR)   Coulomb (SR)   Coul. recip. Position Rest.
    3.23525e+02    7.31098e+03   -5.62525e+05    2.07194e+03    3.03331e+02
     Dih. Rest.      Potential    Kinetic En.   Total Energy  Conserved En.
    4.06023e+02   -4.30062e+05    1.51181e+05   -2.78881e+05   -2.57400e+05
    Temperature Pressure (bar)   Constr. rmsd
    3.01305e+02    4.64627e+01    4.19370e-06

           Step           Time
        1144000     2288.00000

   Energies (kJ/mol)
           Bond            U-B    Proper Dih.  Improper Dih.          LJ-14
    1.17898e+04    6.14618e+04    4.11292e+04    3.86374e+02    7.60726e+03
     Coulomb-14        LJ (SR)   Coulomb (SR)   Coul. recip. Position Rest.
    6.46498e+02    7.53557e+03   -5.64050e+05    2.05810e+03    3.19436e+02
     Dih. Rest.      Potential    Kinetic En.   Total Energy  Conserved En.
    4.45934e+02   -4.30670e+05    1.51123e+05   -2.79547e+05   -2.57260e+05
    Temperature Pressure (bar)   Constr. rmsd
    3.01190e+02    1.53122e+01    4.19370e-06

           Step           Time
        1146000     2292.00000

   Energies (kJ/mol)
           Bond            U-B    Proper Dih.  Improper Dih.          LJ-14
    1.17466e+04    6.19836e+04    4.11172e+04    3.57274e+02    7.48172e+03
     Coulomb-14        LJ (SR)   Coulomb (SR)   Coul. recip. Position Rest.
    3.90899e+02    6.89436e+03   -5.63887e+05    2.06304e+03    2.87394e+02
     Dih. Rest.      Potential    Kinetic En.   Total Energy  Conserved En.
    4.16457e+02   -4.31148e+05    1.50113e+05   -2.81036e+05   -2.57145e+05
    Temperature Pressure (bar)   Constr. rmsd
    2.99177e+02   -7.92090e+01    4.19370e-06

           Step           Time
        1148000     2296.00000

   Energies (kJ/mol)
           Bond            U-B    Proper Dih.  Improper Dih.          LJ-14
    1.15617e+04    6.18821e+04    4.11469e+04    3.24347e+02    7.50346e+03
     Coulomb-14        LJ (SR)   Coulomb (SR)   Coul. recip. Position Rest.
    1.16563e+02    7.73546e+03   -5.64703e+05    2.06332e+03    3.80546e+02
     Dih. Rest.      Potential    Kinetic En.   Total Energy  Conserved En.
    4.81912e+02   -4.31507e+05    1.50260e+05   -2.81247e+05   -2.57029e+05
    Temperature Pressure (bar)   Constr. rmsd
    2.99469e+02   -8.01885e+01    4.19370e-06

           Step           Time
        1150000     2300.00000

   Energies (kJ/mol)
           Bond            U-B    Proper Dih.  Improper Dih.          LJ-14
    1.13900e+04    6.13669e+04    4.08903e+04    3.58333e+02    7.44295e+03
     Coulomb-14        LJ (SR)   Coulomb (SR)   Coul. recip. Position Rest.
    1.84344e+02    7.20205e+03   -5.64418e+05    2.05088e+03    2.99497e+02
     Dih. Rest.      Potential    Kinetic En.   Total Energy  Conserved En.
    4.00543e+02   -4.32832e+05    1.50092e+05   -2.82740e+05   -2.56957e+05
    Temperature Pressure (bar)   Constr. rmsd
    2.99135e+02   -3.61285e+01    4.19370e-06

           Step           Time
        1152000     2304.00000

   Energies (kJ/mol)
           Bond            U-B    Proper Dih.  Improper Dih.          LJ-14
    1.13876e+04    6.10389e+04    4.13721e+04    3.59682e+02    7.61977e+03
     Coulomb-14        LJ (SR)   Coulomb (SR)   Coul. recip. Position Rest.
    2.59764e+02    5.46296e+03   -5.62108e+05    1.99746e+03    2.80539e+02
     Dih. Rest.      Potential    Kinetic En.   Total Energy  Conserved En.
    3.97730e+02   -4.31932e+05    1.50165e+05   -2.81766e+05   -2.56876e+05
    Temperature Pressure (bar)   Constr. rmsd
    2.99281e+02   -4.64406e+01    4.19370e-06

           Step           Time
        1154000     2308.00000

   Energies (kJ/mol)
           Bond            U-B    Proper Dih.  Improper Dih.          LJ-14
    1.15157e+04    6.16536e+04    4.14146e+04    4.22373e+02    7.53535e+03
     Coulomb-14        LJ (SR)   Coulomb (SR)   Coul. recip. Position Rest.
   -8.78416e+01    5.99604e+03   -5.62107e+05    2.08036e+03    2.95716e+02
     Dih. Rest.      Potential    Kinetic En.   Total Energy  Conserved En.
    4.48719e+02   -4.30832e+05    1.50571e+05   -2.80261e+05   -2.56727e+05
    Temperature Pressure (bar)   Constr. rmsd
    3.00090e+02   -7.26193e+01    4.19370e-06

           Step           Time
        1156000     2312.00000

   Energies (kJ/mol)
           Bond            U-B    Proper Dih.  Improper Dih.          LJ-14
    1.15165e+04    6.09206e+04    4.10110e+04    3.81107e+02    7.40150e+03
     Coulomb-14        LJ (SR)   Coulomb (SR)   Coul. recip. Position Rest.
    6.09278e+02    4.80717e+03   -5.62280e+05    2.05000e+03    3.39826e+02
     Dih. Rest.      Potential    Kinetic En.   Total Energy  Conserved En.
    4.34526e+02   -4.32809e+05    1.50996e+05   -2.81813e+05   -2.56610e+05
    Temperature Pressure (bar)   Constr. rmsd
    3.00936e+02   -2.04997e+02    4.19370e-06

           Step           Time
        1158000     2316.00000

   Energies (kJ/mol)
           Bond            U-B    Proper Dih.  Improper Dih.          LJ-14
    1.18530e+04    6.11410e+04    4.13923e+04    3.79782e+02    7.37486e+03
     Coulomb-14        LJ (SR)   Coulomb (SR)   Coul. recip. Position Rest.
   -2.47916e+02    7.19249e+03   -5.62825e+05    2.06581e+03    2.96506e+02
     Dih. Rest.      Potential    Kinetic En.   Total Energy  Conserved En.
    4.26443e+02   -4.30951e+05    1.50272e+05   -2.80679e+05   -2.56429e+05
    Temperature Pressure (bar)   Constr. rmsd
    2.99494e+02   -1.35106e+02    4.19370e-06

           Step           Time
        1160000     2320.00000

   Energies (kJ/mol)
           Bond            U-B    Proper Dih.  Improper Dih.          LJ-14
    1.16430e+04    6.19946e+04    4.11053e+04    3.63045e+02    7.51297e+03
     Coulomb-14        LJ (SR)   Coulomb (SR)   Coul. recip. Position Rest.
    2.34453e+02    6.22144e+03   -5.61026e+05    2.05499e+03    3.28316e+02
     Dih. Rest.      Potential    Kinetic En.   Total Energy  Conserved En.
    4.08424e+02   -4.29160e+05    1.50401e+05   -2.78758e+05   -2.56268e+05
    Temperature Pressure (bar)   Constr. rmsd
    2.99752e+02   -9.28221e+01    4.19370e-06

           Step           Time
        1162000     2324.00000

   Energies (kJ/mol)
           Bond            U-B    Proper Dih.  Improper Dih.          LJ-14
    1.14832e+04    6.13758e+04    4.11362e+04    3.78284e+02    7.58493e+03
     Coulomb-14        LJ (SR)   Coulomb (SR)   Coul. recip. Position Rest.
    7.09248e+02    6.59113e+03   -5.62270e+05    2.13850e+03    3.35237e+02
     Dih. Rest.      Potential    Kinetic En.   Total Energy  Conserved En.
    4.82065e+02   -4.30056e+05    1.49712e+05   -2.80344e+05   -2.56193e+05
    Temperature Pressure (bar)   Constr. rmsd
    2.98378e+02   -1.48781e+01    4.19370e-06

           Step           Time
        1164000     2328.00000

   Energies (kJ/mol)
           Bond            U-B    Proper Dih.  Improper Dih.          LJ-14
    1.17440e+04    6.15152e+04    4.09683e+04    4.34042e+02    7.45992e+03
     Coulomb-14        LJ (SR)   Coulomb (SR)   Coul. recip. Position Rest.
   -1.80001e+02    5.16705e+03   -5.60176e+05    2.05201e+03    2.73832e+02
     Dih. Rest.      Potential    Kinetic En.   Total Energy  Conserved En.
    4.22325e+02   -4.30319e+05    1.49752e+05   -2.80567e+05   -2.56027e+05
    Temperature Pressure (bar)   Constr. rmsd
    2.98458e+02   -1.12814e+02    4.19370e-06

           Step           Time
        1166000     2332.00000

   Energies (kJ/mol)
           Bond            U-B    Proper Dih.  Improper Dih.          LJ-14
    1.15320e+04    6.09078e+04    4.11378e+04    4.44311e+02    7.37083e+03
     Coulomb-14        LJ (SR)   Coulomb (SR)   Coul. recip. Position Rest.
    2.20392e+02    6.17710e+03   -5.62239e+05    2.05213e+03    3.22099e+02
     Dih. Rest.      Potential    Kinetic En.   Total Energy  Conserved En.
    4.16404e+02   -4.31658e+05    1.49690e+05   -2.81968e+05   -2.55978e+05
    Temperature Pressure (bar)   Constr. rmsd
    2.98334e+02   -1.14099e+02    4.19370e-06

           Step           Time
        1168000     2336.00000

   Energies (kJ/mol)
           Bond            U-B    Proper Dih.  Improper Dih.          LJ-14
    1.14846e+04    6.12018e+04    4.11311e+04    3.94644e+02    7.36926e+03
     Coulomb-14        LJ (SR)   Coulomb (SR)   Coul. recip. Position Rest.
   -1.06455e+02    4.91208e+03   -5.60786e+05    1.99911e+03    2.83714e+02
     Dih. Rest.      Potential    Kinetic En.   Total Energy  Conserved En.
    4.15378e+02   -4.31701e+05    1.51280e+05   -2.80421e+05   -2.55892e+05
    Temperature Pressure (bar)   Constr. rmsd
    3.01504e+02   -1.84611e+02    4.19370e-06

           Step           Time
        1170000     2340.00000

   Energies (kJ/mol)
           Bond            U-B    Proper Dih.  Improper Dih.          LJ-14
    1.16349e+04    6.15308e+04    4.11222e+04    3.67173e+02    7.49396e+03
     Coulomb-14        LJ (SR)   Coulomb (SR)   Coul. recip. Position Rest.
   -3.51550e+01    7.65743e+03   -5.63200e+05    2.03963e+03    3.22274e+02
     Dih. Rest.      Potential    Kinetic En.   Total Energy  Conserved En.
    4.02295e+02   -4.30664e+05    1.50242e+05   -2.80422e+05   -2.55684e+05
    Temperature Pressure (bar)   Constr. rmsd
    2.99434e+02    1.00516e+01    4.19370e-06

           Step           Time
        1172000     2344.00000

   Energies (kJ/mol)
           Bond            U-B    Proper Dih.  Improper Dih.          LJ-14
    1.16432e+04    6.10634e+04    4.07633e+04    3.74059e+02    7.31100e+03
     Coulomb-14        LJ (SR)   Coulomb (SR)   Coul. recip. Position Rest.
   -6.08112e+01    5.65808e+03   -5.61275e+05    2.02517e+03    3.50489e+02
     Dih. Rest.      Potential    Kinetic En.   Total Energy  Conserved En.
    3.81485e+02   -4.31765e+05    1.49313e+05   -2.82453e+05   -2.55568e+05
    Temperature Pressure (bar)   Constr. rmsd
    2.97582e+02   -8.02850e+01    4.19370e-06

           Step           Time
        1174000     2348.00000

   Energies (kJ/mol)
           Bond            U-B    Proper Dih.  Improper Dih.          LJ-14
    1.16609e+04    6.13140e+04    4.08124e+04    3.29944e+02    7.34800e+03
     Coulomb-14        LJ (SR)   Coulomb (SR)   Coul. recip. Position Rest.
    9.84810e+01    5.55382e+03   -5.60961e+05    2.09192e+03    3.52812e+02
     Dih. Rest.      Potential    Kinetic En.   Total Energy  Conserved En.
    4.51078e+02   -4.30947e+05    1.50684e+05   -2.80263e+05   -2.55460e+05
    Temperature Pressure (bar)   Constr. rmsd
    3.00315e+02   -1.00606e+02    4.19370e-06

           Step           Time
        1176000     2352.00000

   Energies (kJ/mol)
           Bond            U-B    Proper Dih.  Improper Dih.          LJ-14
    1.16089e+04    6.15859e+04    4.12010e+04    4.16047e+02    7.50786e+03
     Coulomb-14        LJ (SR)   Coulomb (SR)   Coul. recip. Position Rest.
   -7.40353e+01    6.61344e+03   -5.61601e+05    2.02940e+03    3.28399e+02
     Dih. Rest.      Potential    Kinetic En.   Total Energy  Conserved En.
    3.99254e+02   -4.29985e+05    1.50270e+05   -2.79715e+05   -2.55339e+05
    Temperature Pressure (bar)   Constr. rmsd
    2.99489e+02   -7.38950e+01    4.19370e-06

           Step           Time
        1178000     2356.00000

   Energies (kJ/mol)
           Bond            U-B    Proper Dih.  Improper Dih.          LJ-14
    1.12820e+04    6.12473e+04    4.10036e+04    3.70614e+02    7.42629e+03
     Coulomb-14        LJ (SR)   Coulomb (SR)   Coul. recip. Position Rest.
    4.76094e+02    5.32587e+03   -5.61383e+05    1.92921e+03    3.13524e+02
     Dih. Rest.      Potential    Kinetic En.   Total Energy  Conserved En.
    3.94251e+02   -4.31615e+05    1.50299e+05   -2.81316e+05   -2.55273e+05
    Temperature Pressure (bar)   Constr. rmsd
    2.99547e+02   -1.64094e+02    4.19370e-06

           Step           Time
        1180000     2360.00000

   Energies (kJ/mol)
           Bond            U-B    Proper Dih.  Improper Dih.          LJ-14
    1.14593e+04    6.13940e+04    4.11761e+04    3.43009e+02    7.56193e+03
     Coulomb-14        LJ (SR)   Coulomb (SR)   Coul. recip. Position Rest.
   -6.46075e+01    5.62452e+03   -5.61342e+05    2.03033e+03    3.05919e+02
     Dih. Rest.      Potential    Kinetic En.   Total Energy  Conserved En.
    3.81737e+02   -4.31130e+05    1.49958e+05   -2.81171e+05   -2.55092e+05
    Temperature Pressure (bar)   Constr. rmsd
    2.98869e+02   -4.80182e+01    4.19370e-06

           Step           Time
        1182000     2364.00000

   Energies (kJ/mol)
           Bond            U-B    Proper Dih.  Improper Dih.          LJ-14
    1.14761e+04    6.11584e+04    4.10269e+04    4.07767e+02    7.53803e+03
     Coulomb-14        LJ (SR)   Coulomb (SR)   Coul. recip. Position Rest.
    3.66697e+02    6.22271e+03   -5.63084e+05    1.98494e+03    3.19794e+02
     Dih. Rest.      Potential    Kinetic En.   Total Energy  Conserved En.
    4.10458e+02   -4.32172e+05    1.50879e+05   -2.81294e+05   -2.54972e+05
    Temperature Pressure (bar)   Constr. rmsd
    3.00703e+02   -7.46651e+01    4.19370e-06

           Step           Time
        1184000     2368.00000

   Energies (kJ/mol)
           Bond            U-B    Proper Dih.  Improper Dih.          LJ-14
    1.13424e+04    6.02592e+04    4.10537e+04    3.63113e+02    7.61296e+03
     Coulomb-14        LJ (SR)   Coulomb (SR)   Coul. recip. Position Rest.
    1.84910e+02    5.87216e+03   -5.61840e+05    2.08329e+03    2.89745e+02
     Dih. Rest.      Potential    Kinetic En.   Total Energy  Conserved En.
    3.57401e+02   -4.32422e+05    1.50948e+05   -2.81473e+05   -2.54902e+05
    Temperature Pressure (bar)   Constr. rmsd
    3.00842e+02   -1.30282e+02    4.19370e-06

           Step           Time
        1186000     2372.00000

   Energies (kJ/mol)
           Bond            U-B    Proper Dih.  Improper Dih.          LJ-14
    1.11680e+04    6.14250e+04    4.11246e+04    4.11667e+02    7.51041e+03
     Coulomb-14        LJ (SR)   Coulomb (SR)   Coul. recip. Position Rest.
   -7.81550e+01    5.98521e+03   -5.61551e+05    2.04654e+03    3.69353e+02
     Dih. Rest.      Potential    Kinetic En.   Total Energy  Conserved En.
    3.89869e+02   -4.31199e+05    1.50120e+05   -2.81079e+05   -2.54690e+05
    Temperature Pressure (bar)   Constr. rmsd
    2.99190e+02    7.78926e+01    4.19370e-06

           Step           Time
        1188000     2376.00000

   Energies (kJ/mol)
           Bond            U-B    Proper Dih.  Improper Dih.          LJ-14
    1.14747e+04    6.13667e+04    4.10295e+04    3.77738e+02    7.56444e+03
     Coulomb-14        LJ (SR)   Coulomb (SR)   Coul. recip. Position Rest.
   -2.00614e+02    5.88412e+03   -5.62312e+05    2.03323e+03    3.53908e+02
     Dih. Rest.      Potential    Kinetic En.   Total Energy  Conserved En.
    4.26361e+02   -4.32002e+05    1.49933e+05   -2.82069e+05   -2.54545e+05
    Temperature Pressure (bar)   Constr. rmsd
    2.98819e+02   -3.25175e+01    4.19370e-06

           Step           Time
        1190000     2380.00000

   Energies (kJ/mol)
           Bond            U-B    Proper Dih.  Improper Dih.          LJ-14
    1.14870e+04    6.13938e+04    4.10672e+04    3.49656e+02    7.51512e+03
     Coulomb-14        LJ (SR)   Coulomb (SR)   Coul. recip. Position Rest.
   -8.23071e+01    5.53229e+03   -5.60972e+05    1.99727e+03    3.64734e+02
     Dih. Rest.      Potential    Kinetic En.   Total Energy  Conserved En.
    3.98510e+02   -4.30949e+05    1.51240e+05   -2.79709e+05   -2.54437e+05
    Temperature Pressure (bar)   Constr. rmsd
    3.01423e+02   -9.20723e+01    4.19370e-06

           Step           Time
        1192000     2384.00000

   Energies (kJ/mol)
           Bond            U-B    Proper Dih.  Improper Dih.          LJ-14
    1.14728e+04    6.14265e+04    4.10473e+04    4.06052e+02    7.50194e+03
     Coulomb-14        LJ (SR)   Coulomb (SR)   Coul. recip. Position Rest.
   -2.38936e+02    5.94093e+03   -5.61399e+05    2.03543e+03    3.34665e+02
     Dih. Rest.      Potential    Kinetic En.   Total Energy  Conserved En.
    4.26985e+02   -4.31045e+05    1.49838e+05   -2.81207e+05   -2.54322e+05
    Temperature Pressure (bar)   Constr. rmsd
    2.98629e+02   -5.34017e+01    4.19370e-06

           Step           Time
        1194000     2388.00000

   Energies (kJ/mol)
           Bond            U-B    Proper Dih.  Improper Dih.          LJ-14
    1.16608e+04    6.15263e+04    4.09099e+04    3.77679e+02    7.57692e+03
     Coulomb-14        LJ (SR)   Coulomb (SR)   Coul. recip. Position Rest.
   -4.65676e+01    4.84614e+03   -5.61356e+05    2.04175e+03    3.29266e+02
     Dih. Rest.      Potential    Kinetic En.   Total Energy  Conserved En.
    3.41795e+02   -4.31792e+05    1.49545e+05   -2.82247e+05   -2.54198e+05
    Temperature Pressure (bar)   Constr. rmsd
    2.98045e+02   -7.49637e+01    4.19370e-06

           Step           Time
        1196000     2392.00000

   Energies (kJ/mol)
           Bond            U-B    Proper Dih.  Improper Dih.          LJ-14
    1.15704e+04    6.15221e+04    4.06967e+04    4.02399e+02    7.55349e+03
     Coulomb-14        LJ (SR)   Coulomb (SR)   Coul. recip. Position Rest.
    2.27051e+02    6.38847e+03   -5.62695e+05    2.02510e+03    3.29041e+02
     Dih. Rest.      Potential    Kinetic En.   Total Energy  Conserved En.
    4.09205e+02   -4.31571e+05    1.49737e+05   -2.81834e+05   -2.54072e+05
    Temperature Pressure (bar)   Constr. rmsd
    2.98428e+02   -8.51693e+01    4.19370e-06

           Step           Time
        1198000     2396.00000

   Energies (kJ/mol)
           Bond            U-B    Proper Dih.  Improper Dih.          LJ-14
    1.15229e+04    6.15743e+04    4.13841e+04    4.26653e+02    7.48057e+03
     Coulomb-14        LJ (SR)   Coulomb (SR)   Coul. recip. Position Rest.
   -4.07077e+02    4.71193e+03   -5.60503e+05    2.11423e+03    2.96704e+02
     Dih. Rest.      Potential    Kinetic En.   Total Energy  Conserved En.
    3.96855e+02   -4.31002e+05    1.50508e+05   -2.80495e+05   -2.53980e+05
    Temperature Pressure (bar)   Constr. rmsd
    2.99964e+02   -3.99504e+01    4.19370e-06

           Step           Time
        1200000     2400.00000

   Energies (kJ/mol)
           Bond            U-B    Proper Dih.  Improper Dih.          LJ-14
    1.16398e+04    6.16556e+04    4.10430e+04    3.52992e+02    7.35136e+03
     Coulomb-14        LJ (SR)   Coulomb (SR)   Coul. recip. Position Rest.
   -2.18713e+02    6.79499e+03   -5.61996e+05    2.07962e+03    2.85947e+02
     Dih. Rest.      Potential    Kinetic En.   Total Energy  Conserved En.
    4.25854e+02   -4.30586e+05    1.49528e+05   -2.81058e+05   -2.53800e+05
    Temperature Pressure (bar)   Constr. rmsd
    2.98011e+02   -3.46222e+01    4.19370e-06

           Step           Time
        1202000     2404.00000

   Energies (kJ/mol)
           Bond            U-B    Proper Dih.  Improper Dih.          LJ-14
    1.15971e+04    6.15892e+04    4.07442e+04    3.58625e+02    7.51399e+03
     Coulomb-14        LJ (SR)   Coulomb (SR)   Coul. recip. Position Rest.
    3.35957e+01    7.10062e+03   -5.63288e+05    2.08248e+03    2.97588e+02
     Dih. Rest.      Potential    Kinetic En.   Total Energy  Conserved En.
    4.51965e+02   -4.31519e+05    1.51444e+05   -2.80075e+05   -2.53688e+05
    Temperature Pressure (bar)   Constr. rmsd
    3.01830e+02   -7.98561e+01    4.19370e-06

           Step           Time
        1204000     2408.00000

   Energies (kJ/mol)
           Bond            U-B    Proper Dih.  Improper Dih.          LJ-14
    1.15307e+04    6.15354e+04    4.12136e+04    3.22786e+02    7.39053e+03
     Coulomb-14        LJ (SR)   Coulomb (SR)   Coul. recip. Position Rest.
   -2.07543e+02    5.95498e+03   -5.61953e+05    2.04722e+03    2.92894e+02
     Dih. Rest.      Potential    Kinetic En.   Total Energy  Conserved En.
    4.59791e+02   -4.31412e+05    1.49529e+05   -2.81884e+05   -2.53550e+05
    Temperature Pressure (bar)   Constr. rmsd
    2.98012e+02   -1.37545e+02    4.19370e-06

           Step           Time
        1206000     2412.00000

   Energies (kJ/mol)
           Bond            U-B    Proper Dih.  Improper Dih.          LJ-14
    1.15406e+04    6.17841e+04    4.12193e+04    3.82700e+02    7.47333e+03
     Coulomb-14        LJ (SR)   Coulomb (SR)   Coul. recip. Position Rest.
   -1.07757e+02    6.24739e+03   -5.62956e+05    2.03455e+03    3.00914e+02
     Dih. Rest.      Potential    Kinetic En.   Total Energy  Conserved En.
    4.03312e+02   -4.31678e+05    1.49731e+05   -2.81946e+05   -2.53452e+05
    Temperature Pressure (bar)   Constr. rmsd
    2.98417e+02   -8.81850e+01    4.19370e-06

           Step           Time
        1208000     2416.00000

   Energies (kJ/mol)
           Bond            U-B    Proper Dih.  Improper Dih.          LJ-14
    1.13205e+04    6.13413e+04    4.13284e+04    4.45365e+02    7.59831e+03
     Coulomb-14        LJ (SR)   Coulomb (SR)   Coul. recip. Position Rest.
   -1.60561e+02    7.19722e+03   -5.63369e+05    2.03630e+03    3.06476e+02
     Dih. Rest.      Potential    Kinetic En.   Total Energy  Conserved En.
    4.20718e+02   -4.31535e+05    1.51131e+05   -2.80404e+05   -2.53414e+05
    Temperature Pressure (bar)   Constr. rmsd
    3.01205e+02   -4.11894e+01    4.19370e-06

           Step           Time
        1210000     2420.00000

   Energies (kJ/mol)
           Bond            U-B    Proper Dih.  Improper Dih.          LJ-14
    1.12547e+04    6.16241e+04    4.12612e+04    3.84943e+02    7.49342e+03
     Coulomb-14        LJ (SR)   Coulomb (SR)   Coul. recip. Position Rest.
   -4.15978e+02    6.57480e+03   -5.62731e+05    2.05310e+03    3.43351e+02
     Dih. Rest.      Potential    Kinetic En.   Total Energy  Conserved En.
    4.46051e+02   -4.31711e+05    1.51373e+05   -2.80338e+05   -2.53232e+05
    Temperature Pressure (bar)   Constr. rmsd
    3.01689e+02   -6.32020e-01    4.19370e-06

           Step           Time
        1212000     2424.00000

   Energies (kJ/mol)
           Bond            U-B    Proper Dih.  Improper Dih.          LJ-14
    1.17973e+04    6.10335e+04    4.10548e+04    4.13092e+02    7.41059e+03
     Coulomb-14        LJ (SR)   Coulomb (SR)   Coul. recip. Position Rest.
    2.24497e+01    5.31904e+03   -5.61570e+05    2.03704e+03    2.58293e+02
     Dih. Rest.      Potential    Kinetic En.   Total Energy  Conserved En.
    4.27434e+02   -4.31796e+05    1.51280e+05   -2.80516e+05   -2.53130e+05
    Temperature Pressure (bar)   Constr. rmsd
    3.01503e+02   -1.36672e+02    4.19370e-06

           Step           Time
        1214000     2428.00000

   Energies (kJ/mol)
           Bond            U-B    Proper Dih.  Improper Dih.          LJ-14
    1.14405e+04    6.09580e+04    4.11530e+04    3.60374e+02    7.55275e+03
     Coulomb-14        LJ (SR)   Coulomb (SR)   Coul. recip. Position Rest.
   -2.34412e+02    6.45940e+03   -5.62476e+05    2.02597e+03    3.02174e+02
     Dih. Rest.      Potential    Kinetic En.   Total Energy  Conserved En.
    4.31973e+02   -4.32026e+05    1.51148e+05   -2.80878e+05   -2.53002e+05
    Temperature Pressure (bar)   Constr. rmsd
    3.01240e+02   -6.55391e+01    4.19370e-06

           Step           Time
        1216000     2432.00000

   Energies (kJ/mol)
           Bond            U-B    Proper Dih.  Improper Dih.          LJ-14
    1.16755e+04    6.13818e+04    4.11985e+04    4.35961e+02    7.37748e+03
     Coulomb-14        LJ (SR)   Coulomb (SR)   Coul. recip. Position Rest.
    2.04604e+02    6.52125e+03   -5.62520e+05    2.02855e+03    3.02731e+02
     Dih. Rest.      Potential    Kinetic En.   Total Energy  Conserved En.
    4.53164e+02   -4.30940e+05    1.50869e+05   -2.80071e+05   -2.52844e+05
    Temperature Pressure (bar)   Constr. rmsd
    3.00684e+02   -1.75843e+02    4.19370e-06

           Step           Time
        1218000     2436.00000

   Energies (kJ/mol)
           Bond            U-B    Proper Dih.  Improper Dih.          LJ-14
    1.14662e+04    6.15147e+04    4.13037e+04    4.29518e+02    7.49969e+03
     Coulomb-14        LJ (SR)   Coulomb (SR)   Coul. recip. Position Rest.
   -2.44305e+02    6.59775e+03   -5.61521e+05    2.04547e+03    2.83494e+02
     Dih. Rest.      Potential    Kinetic En.   Total Energy  Conserved En.
    4.47536e+02   -4.30177e+05    1.50871e+05   -2.79306e+05   -2.52726e+05
    Temperature Pressure (bar)   Constr. rmsd
    3.00689e+02   -6.42172e+01    4.19370e-06

           Step           Time
        1220000     2440.00000

   Energies (kJ/mol)
           Bond            U-B    Proper Dih.  Improper Dih.          LJ-14
    1.18337e+04    6.15464e+04    4.12165e+04    3.31532e+02    7.50177e+03
     Coulomb-14        LJ (SR)   Coulomb (SR)   Coul. recip. Position Rest.
   -4.29011e+01    6.15256e+03   -5.62202e+05    2.02810e+03    3.22247e+02
     Dih. Rest.      Potential    Kinetic En.   Total Energy  Conserved En.
    4.06488e+02   -4.30906e+05    1.51271e+05   -2.79635e+05   -2.52650e+05
    Temperature Pressure (bar)   Constr. rmsd
    3.01485e+02   -1.04850e+02    4.19370e-06

           Step           Time
        1222000     2444.00000

   Energies (kJ/mol)
           Bond            U-B    Proper Dih.  Improper Dih.          LJ-14
    1.15470e+04    6.15335e+04    4.11258e+04    3.59569e+02    7.35308e+03
     Coulomb-14        LJ (SR)   Coulomb (SR)   Coul. recip. Position Rest.
   -2.92466e+02    5.50383e+03   -5.60651e+05    2.01347e+03    2.85310e+02
     Dih. Rest.      Potential    Kinetic En.   Total Energy  Conserved En.
    4.33629e+02   -4.30788e+05    1.50341e+05   -2.80446e+05   -2.52554e+05
    Temperature Pressure (bar)   Constr. rmsd
    2.99632e+02   -1.35773e+02    4.19370e-06

           Step           Time
        1224000     2448.00000

   Energies (kJ/mol)
           Bond            U-B    Proper Dih.  Improper Dih.          LJ-14
    1.13397e+04    6.04587e+04    4.09876e+04    3.68705e+02    7.63327e+03
     Coulomb-14        LJ (SR)   Coulomb (SR)   Coul. recip. Position Rest.
    7.62972e+01    5.94665e+03   -5.61422e+05    2.03548e+03    3.30608e+02
     Dih. Rest.      Potential    Kinetic En.   Total Energy  Conserved En.
    4.44550e+02   -4.31801e+05    1.50531e+05   -2.81270e+05   -2.52465e+05
    Temperature Pressure (bar)   Constr. rmsd
    3.00010e+02    3.83391e-01    4.19370e-06

           Step           Time
        1226000     2452.00000

   Energies (kJ/mol)
           Bond            U-B    Proper Dih.  Improper Dih.          LJ-14
    1.15242e+04    6.11987e+04    4.10076e+04    3.78309e+02    7.37669e+03
     Coulomb-14        LJ (SR)   Coulomb (SR)   Coul. recip. Position Rest.
   -2.20110e+02    6.08245e+03   -5.61916e+05    2.13055e+03    2.79680e+02
     Dih. Rest.      Potential    Kinetic En.   Total Energy  Conserved En.
    4.27986e+02   -4.31730e+05    1.51099e+05   -2.80631e+05   -2.52289e+05
    Temperature Pressure (bar)   Constr. rmsd
    3.01143e+02   -9.01557e+01    4.19370e-06

           Step           Time
        1228000     2456.00000

   Energies (kJ/mol)
           Bond            U-B    Proper Dih.  Improper Dih.          LJ-14
    1.18166e+04    6.06701e+04    4.12129e+04    4.03216e+02    7.56183e+03
     Coulomb-14        LJ (SR)   Coulomb (SR)   Coul. recip. Position Rest.
   -1.00610e+02    7.16475e+03   -5.62881e+05    2.01640e+03    3.36779e+02
     Dih. Rest.      Potential    Kinetic En.   Total Energy  Conserved En.
    3.94668e+02   -4.31404e+05    1.50473e+05   -2.80932e+05   -2.52140e+05
    Temperature Pressure (bar)   Constr. rmsd
    2.99894e+02    2.76198e+01    4.19370e-06

           Step           Time
        1230000     2460.00000

   Energies (kJ/mol)
           Bond            U-B    Proper Dih.  Improper Dih.          LJ-14
    1.14876e+04    6.13395e+04    4.10345e+04    3.81896e+02    7.47038e+03
     Coulomb-14        LJ (SR)   Coulomb (SR)   Coul. recip. Position Rest.
   -9.79274e+01    6.20476e+03   -5.61581e+05    2.14681e+03    3.06026e+02
     Dih. Rest.      Potential    Kinetic En.   Total Energy  Conserved En.
    3.75962e+02   -4.30931e+05    1.49545e+05   -2.81387e+05   -2.51957e+05
    Temperature Pressure (bar)   Constr. rmsd
    2.98045e+02   -4.72885e+01    4.19370e-06

           Step           Time
        1232000     2464.00000

   Energies (kJ/mol)
           Bond            U-B    Proper Dih.  Improper Dih.          LJ-14
    1.14203e+04    6.13882e+04    4.11718e+04    3.95087e+02    7.61874e+03
     Coulomb-14        LJ (SR)   Coulomb (SR)   Coul. recip. Position Rest.
    5.67056e+02    5.98976e+03   -5.62978e+05    2.05273e+03    3.19751e+02
     Dih. Rest.      Potential    Kinetic En.   Total Energy  Conserved En.
    4.21616e+02   -4.31634e+05    1.49830e+05   -2.81803e+05   -2.51836e+05
    Temperature Pressure (bar)   Constr. rmsd
    2.98614e+02   -3.19057e+00    4.19370e-06

           Step           Time
        1234000     2468.00000

   Energies (kJ/mol)
           Bond            U-B    Proper Dih.  Improper Dih.          LJ-14
    1.14607e+04    6.16088e+04    4.08856e+04    4.35877e+02    7.35622e+03
     Coulomb-14        LJ (SR)   Coulomb (SR)   Coul. recip. Position Rest.
   -1.17034e+02    5.67927e+03   -5.61818e+05    2.14802e+03    2.82627e+02
     Dih. Rest.      Potential    Kinetic En.   Total Energy  Conserved En.
    4.57622e+02   -4.31620e+05    1.49613e+05   -2.82006e+05   -2.51745e+05
    Temperature Pressure (bar)   Constr. rmsd
    2.98181e+02   -1.03967e+02    4.19370e-06

           Step           Time
        1236000     2472.00000

   Energies (kJ/mol)
           Bond            U-B    Proper Dih.  Improper Dih.          LJ-14
    1.14809e+04    6.17615e+04    4.08307e+04    4.17838e+02    7.53739e+03
     Coulomb-14        LJ (SR)   Coulomb (SR)   Coul. recip. Position Rest.
    6.27607e+01    5.92264e+03   -5.62370e+05    2.02727e+03    2.66313e+02
     Dih. Rest.      Potential    Kinetic En.   Total Energy  Conserved En.
    4.34865e+02   -4.31628e+05    1.49729e+05   -2.81899e+05   -2.51588e+05
    Temperature Pressure (bar)   Constr. rmsd
    2.98411e+02   -1.38622e+01    4.19370e-06

           Step           Time
        1238000     2476.00000

   Energies (kJ/mol)
           Bond            U-B    Proper Dih.  Improper Dih.          LJ-14
    1.16016e+04    6.12284e+04    4.09673e+04    4.02721e+02    7.41912e+03
     Coulomb-14        LJ (SR)   Coulomb (SR)   Coul. recip. Position Rest.
    1.70899e+02    8.10006e+03   -5.64366e+05    2.04238e+03    2.88571e+02
     Dih. Rest.      Potential    Kinetic En.   Total Energy  Conserved En.
    4.45287e+02   -4.31699e+05    1.50825e+05   -2.80874e+05   -2.51481e+05
    Temperature Pressure (bar)   Constr. rmsd
    3.00597e+02    4.06888e+01    4.19370e-06

           Step           Time
        1240000     2480.00000

   Energies (kJ/mol)
           Bond            U-B    Proper Dih.  Improper Dih.          LJ-14
    1.14392e+04    6.10367e+04    4.11691e+04    3.74927e+02    7.43871e+03
     Coulomb-14        LJ (SR)   Coulomb (SR)   Coul. recip. Position Rest.
    1.94415e+02    6.43485e+03   -5.64026e+05    2.03792e+03    2.79646e+02
     Dih. Rest.      Potential    Kinetic En.   Total Energy  Conserved En.
    3.83121e+02   -4.33238e+05    1.49838e+05   -2.83400e+05   -2.51336e+05
    Temperature Pressure (bar)   Constr. rmsd
    2.98628e+02    5.43083e+00    4.19370e-06

           Step           Time
        1242000     2484.00000

   Energies (kJ/mol)
           Bond            U-B    Proper Dih.  Improper Dih.          LJ-14
    1.15603e+04    6.07158e+04    4.09052e+04    4.06315e+02    7.48939e+03
     Coulomb-14        LJ (SR)   Coulomb (SR)   Coul. recip. Position Rest.
    2.48858e+02    6.28346e+03   -5.63616e+05    2.04195e+03    2.72477e+02
     Dih. Rest.      Potential    Kinetic En.   Total Energy  Conserved En.
    4.16009e+02   -4.33277e+05    1.49937e+05   -2.83339e+05   -2.51292e+05
    Temperature Pressure (bar)   Constr. rmsd
    2.98827e+02   -7.90944e+01    4.19370e-06

           Step           Time
        1244000     2488.00000

   Energies (kJ/mol)
           Bond            U-B    Proper Dih.  Improper Dih.          LJ-14
    1.13828e+04    6.12566e+04    4.10241e+04    3.93529e+02    7.52026e+03
     Coulomb-14        LJ (SR)   Coulomb (SR)   Coul. recip. Position Rest.
   -2.03129e+02    7.24178e+03   -5.64245e+05    1.99574e+03    3.35520e+02
     Dih. Rest.      Potential    Kinetic En.   Total Energy  Conserved En.
    4.24944e+02   -4.32873e+05    1.50994e+05   -2.81879e+05   -2.51155e+05
    Temperature Pressure (bar)   Constr. rmsd
    3.00933e+02   -4.26438e+01    4.19370e-06

           Step           Time
        1246000     2492.00000

   Energies (kJ/mol)
           Bond            U-B    Proper Dih.  Improper Dih.          LJ-14
    1.16390e+04    6.19598e+04    4.11095e+04    3.60501e+02    7.61298e+03
     Coulomb-14        LJ (SR)   Coulomb (SR)   Coul. recip. Position Rest.
    6.39120e+02    5.05241e+03   -5.62062e+05    2.07282e+03    3.22269e+02
     Dih. Rest.      Potential    Kinetic En.   Total Energy  Conserved En.
    4.78367e+02   -4.30815e+05    1.49726e+05   -2.81089e+05   -2.50985e+05
    Temperature Pressure (bar)   Constr. rmsd
    2.98406e+02   -1.03398e+02    4.19370e-06

           Step           Time
        1248000     2496.00000

   Energies (kJ/mol)
           Bond            U-B    Proper Dih.  Improper Dih.          LJ-14
    1.14648e+04    6.13847e+04    4.12758e+04    3.80703e+02    7.39131e+03
     Coulomb-14        LJ (SR)   Coulomb (SR)   Coul. recip. Position Rest.
    2.72647e+02    5.33978e+03   -5.62092e+05    2.01688e+03    3.10609e+02
     Dih. Rest.      Potential    Kinetic En.   Total Energy  Conserved En.
    4.50983e+02   -4.31804e+05    1.50892e+05   -2.80911e+05   -2.50944e+05
    Temperature Pressure (bar)   Constr. rmsd
    3.00730e+02   -1.39701e+02    4.19370e-06

           Step           Time
        1250000     2500.00000

   Energies (kJ/mol)
           Bond            U-B    Proper Dih.  Improper Dih.          LJ-14
    1.17058e+04    6.19421e+04    4.10289e+04    3.48047e+02    7.47981e+03
     Coulomb-14        LJ (SR)   Coulomb (SR)   Coul. recip. Position Rest.
   -3.75256e+00    6.94661e+03   -5.63971e+05    2.04669e+03    3.14621e+02
     Dih. Rest.      Potential    Kinetic En.   Total Energy  Conserved En.
    4.31415e+02   -4.31731e+05    1.50522e+05   -2.81209e+05   -2.50702e+05
    Temperature Pressure (bar)   Constr. rmsd
    2.99992e+02   -2.31287e+01    4.19370e-06

           Step           Time
        1252000     2504.00000

   Energies (kJ/mol)
           Bond            U-B    Proper Dih.  Improper Dih.          LJ-14
    1.14739e+04    6.17757e+04    4.14059e+04    3.48553e+02    7.37017e+03
     Coulomb-14        LJ (SR)   Coulomb (SR)   Coul. recip. Position Rest.
   -5.02566e+02    5.84884e+03   -5.61661e+05    2.06205e+03    3.44818e+02
     Dih. Rest.      Potential    Kinetic En.   Total Energy  Conserved En.
    4.29810e+02   -4.31104e+05    1.50680e+05   -2.80424e+05   -2.50657e+05
    Temperature Pressure (bar)   Constr. rmsd
    3.00307e+02   -6.30506e+01    4.19370e-06

           Step           Time
        1254000     2508.00000

   Energies (kJ/mol)
           Bond            U-B    Proper Dih.  Improper Dih.          LJ-14
    1.15199e+04    6.11169e+04    4.16515e+04    4.25651e+02    7.40990e+03
     Coulomb-14        LJ (SR)   Coulomb (SR)   Coul. recip. Position Rest.
   -2.50973e+02    6.06997e+03   -5.62099e+05    2.03709e+03    3.22059e+02
     Dih. Rest.      Potential    Kinetic En.   Total Energy  Conserved En.
    4.16439e+02   -4.31381e+05    1.51011e+05   -2.80370e+05   -2.50545e+05
    Temperature Pressure (bar)   Constr. rmsd
    3.00966e+02   -4.44482e+01    4.19370e-06

           Step           Time
        1256000     2512.00000

   Energies (kJ/mol)
           Bond            U-B    Proper Dih.  Improper Dih.          LJ-14
    1.15556e+04    6.15546e+04    4.11142e+04    3.70588e+02    7.51028e+03
     Coulomb-14        LJ (SR)   Coulomb (SR)   Coul. recip. Position Rest.
   -6.95422e+02    6.04966e+03   -5.62145e+05    2.04108e+03    3.37480e+02
     Dih. Rest.      Potential    Kinetic En.   Total Energy  Conserved En.
    4.01764e+02   -4.31905e+05    1.50584e+05   -2.81321e+05   -2.50428e+05
    Temperature Pressure (bar)   Constr. rmsd
    3.00115e+02   -4.73364e+01    4.19370e-06

           Step           Time
        1258000     2516.00000

   Energies (kJ/mol)
           Bond            U-B    Proper Dih.  Improper Dih.          LJ-14
    1.15559e+04    6.15575e+04    4.10448e+04    3.95908e+02    7.49326e+03
     Coulomb-14        LJ (SR)   Coulomb (SR)   Coul. recip. Position Rest.
   -2.69102e+02    5.87527e+03   -5.61552e+05    2.09558e+03    2.97632e+02
     Dih. Rest.      Potential    Kinetic En.   Total Energy  Conserved En.
    4.28333e+02   -4.31077e+05    1.51245e+05   -2.79831e+05   -2.50355e+05
    Temperature Pressure (bar)   Constr. rmsd
    3.01434e+02   -6.02645e+01    4.19370e-06

           Step           Time
        1260000     2520.00000

   Energies (kJ/mol)
           Bond            U-B    Proper Dih.  Improper Dih.          LJ-14
    1.14002e+04    6.15792e+04    4.11558e+04    4.11380e+02    7.52800e+03
     Coulomb-14        LJ (SR)   Coulomb (SR)   Coul. recip. Position Rest.
   -1.90546e+02    7.27901e+03   -5.63231e+05    2.04710e+03    3.03481e+02
     Dih. Rest.      Potential    Kinetic En.   Total Energy  Conserved En.
    4.13266e+02   -4.31304e+05    1.51665e+05   -2.79639e+05   -2.50173e+05
    Temperature Pressure (bar)   Constr. rmsd
    3.02270e+02   -3.65343e+01    4.19370e-06

           Step           Time
        1262000     2524.00000

   Energies (kJ/mol)
           Bond            U-B    Proper Dih.  Improper Dih.          LJ-14
    1.13094e+04    6.09867e+04    4.13341e+04    4.04216e+02    7.51842e+03
     Coulomb-14        LJ (SR)   Coulomb (SR)   Coul. recip. Position Rest.
   -5.92432e+02    6.46350e+03   -5.62666e+05    1.99716e+03    2.92668e+02
     Dih. Rest.      Potential    Kinetic En.   Total Energy  Conserved En.
    4.52551e+02   -4.32499e+05    1.50300e+05   -2.82199e+05   -2.50074e+05
    Temperature Pressure (bar)   Constr. rmsd
    2.99551e+02   -1.01215e+01    4.19370e-06

           Step           Time
        1264000     2528.00000

   Energies (kJ/mol)
           Bond            U-B    Proper Dih.  Improper Dih.          LJ-14
    1.12382e+04    6.17348e+04    4.13948e+04    4.32159e+02    7.53217e+03
     Coulomb-14        LJ (SR)   Coulomb (SR)   Coul. recip. Position Rest.
   -4.86155e+02    6.14399e+03   -5.62446e+05    2.03763e+03    3.00538e+02
     Dih. Rest.      Potential    Kinetic En.   Total Energy  Conserved En.
    4.47933e+02   -4.31670e+05    1.50193e+05   -2.81477e+05   -2.49916e+05
    Temperature Pressure (bar)   Constr. rmsd
    2.99336e+02    2.43821e+00    4.19370e-06

           Step           Time
        1266000     2532.00000

   Energies (kJ/mol)
           Bond            U-B    Proper Dih.  Improper Dih.          LJ-14
    1.14566e+04    6.11995e+04    4.13055e+04    3.91558e+02    7.42775e+03
     Coulomb-14        LJ (SR)   Coulomb (SR)   Coul. recip. Position Rest.
   -6.04074e+02    6.96601e+03   -5.62310e+05    2.09892e+03    2.98487e+02
     Dih. Rest.      Potential    Kinetic En.   Total Energy  Conserved En.
    4.23973e+02   -4.31346e+05    1.50699e+05   -2.80647e+05   -2.49834e+05
    Temperature Pressure (bar)   Constr. rmsd
    3.00345e+02   -5.36888e+01    4.19370e-06

           Step           Time
        1268000     2536.00000

   Energies (kJ/mol)
           Bond            U-B    Proper Dih.  Improper Dih.          LJ-14
    1.13065e+04    6.09019e+04    4.12121e+04    3.87339e+02    7.46230e+03
     Coulomb-14        LJ (SR)   Coulomb (SR)   Coul. recip. Position Rest.
   -2.94409e+02    7.18402e+03   -5.64123e+05    2.08476e+03    3.04427e+02
     Dih. Rest.      Potential    Kinetic En.   Total Energy  Conserved En.
    3.32521e+02   -4.33242e+05    1.49722e+05   -2.83520e+05   -2.49697e+05
    Temperature Pressure (bar)   Constr. rmsd
    2.98398e+02    2.35715e+01    4.19370e-06

           Step           Time
        1270000     2540.00000

   Energies (kJ/mol)
           Bond            U-B    Proper Dih.  Improper Dih.          LJ-14
    1.15686e+04    6.11777e+04    4.11743e+04    4.25867e+02    7.43384e+03
     Coulomb-14        LJ (SR)   Coulomb (SR)   Coul. recip. Position Rest.
   -4.73405e+02    6.80119e+03   -5.61797e+05    2.06789e+03    3.03219e+02
     Dih. Rest.      Potential    Kinetic En.   Total Energy  Conserved En.
    4.61832e+02   -4.30856e+05    1.49771e+05   -2.81086e+05   -2.49516e+05
    Temperature Pressure (bar)   Constr. rmsd
    2.98495e+02   -6.77588e+01    4.19370e-06

           Step           Time
        1272000     2544.00000

   Energies (kJ/mol)
           Bond            U-B    Proper Dih.  Improper Dih.          LJ-14
    1.16063e+04    6.16604e+04    4.11542e+04    3.55308e+02    7.49019e+03
     Coulomb-14        LJ (SR)   Coulomb (SR)   Coul. recip. Position Rest.
   -4.04004e+02    5.42368e+03   -5.60633e+05    1.99496e+03    3.23383e+02
     Dih. Rest.      Potential    Kinetic En.   Total Energy  Conserved En.
    3.73957e+02   -4.30655e+05    1.50163e+05   -2.80491e+05   -2.49403e+05
    Temperature Pressure (bar)   Constr. rmsd
    2.99278e+02   -1.10914e+02    4.19370e-06

           Step           Time
        1274000     2548.00000

   Energies (kJ/mol)
           Bond            U-B    Proper Dih.  Improper Dih.          LJ-14
    1.17156e+04    6.12926e+04    4.10526e+04    3.48437e+02    7.37283e+03
     Coulomb-14        LJ (SR)   Coulomb (SR)   Coul. recip. Position Rest.
   -4.04555e+02    6.97200e+03   -5.62547e+05    2.12736e+03    2.67854e+02
     Dih. Rest.      Potential    Kinetic En.   Total Energy  Conserved En.
    4.30188e+02   -4.31372e+05    1.49747e+05   -2.81625e+05   -2.49295e+05
    Temperature Pressure (bar)   Constr. rmsd
    2.98448e+02    7.17275e+00    4.19370e-06

           Step           Time
        1276000     2552.00000

   Energies (kJ/mol)
           Bond            U-B    Proper Dih.  Improper Dih.          LJ-14
    1.15957e+04    6.19079e+04    4.12504e+04    4.08630e+02    7.38890e+03
     Coulomb-14        LJ (SR)   Coulomb (SR)   Coul. recip. Position Rest.
   -2.45445e+02    5.80626e+03   -5.62094e+05    1.96244e+03    3.04135e+02
     Dih. Rest.      Potential    Kinetic En.   Total Energy  Conserved En.
    3.90294e+02   -4.31325e+05    1.50544e+05   -2.80781e+05   -2.49180e+05
    Temperature Pressure (bar)   Constr. rmsd
    3.00036e+02   -9.45386e+01    4.19370e-06

           Step           Time
        1278000     2556.00000

   Energies (kJ/mol)
           Bond            U-B    Proper Dih.  Improper Dih.          LJ-14
    1.14252e+04    6.18604e+04    4.11867e+04    3.96160e+02    7.48235e+03
     Coulomb-14        LJ (SR)   Coulomb (SR)   Coul. recip. Position Rest.
   -5.26864e+02    6.75204e+03   -5.63500e+05    1.98892e+03    2.96290e+02
     Dih. Rest.      Potential    Kinetic En.   Total Energy  Conserved En.
    3.89445e+02   -4.32250e+05    1.51180e+05   -2.81070e+05   -2.49019e+05
    Temperature Pressure (bar)   Constr. rmsd
    3.01303e+02   -6.93279e+01    4.19370e-06

           Step           Time
        1280000     2560.00000

   Energies (kJ/mol)
           Bond            U-B    Proper Dih.  Improper Dih.          LJ-14
    1.18270e+04    6.14867e+04    4.14734e+04    4.27203e+02    7.59683e+03
     Coulomb-14        LJ (SR)   Coulomb (SR)   Coul. recip. Position Rest.
   -3.31419e+02    6.06985e+03   -5.61930e+05    2.11743e+03    3.03393e+02
     Dih. Rest.      Potential    Kinetic En.   Total Energy  Conserved En.
    4.38649e+02   -4.30521e+05    1.51530e+05   -2.78991e+05   -2.48929e+05
    Temperature Pressure (bar)   Constr. rmsd
    3.02001e+02   -7.85722e+01    4.19370e-06

           Step           Time
        1282000     2564.00000

   Energies (kJ/mol)
           Bond            U-B    Proper Dih.  Improper Dih.          LJ-14
    1.15382e+04    6.12197e+04    4.14724e+04    4.25013e+02    7.44838e+03
     Coulomb-14        LJ (SR)   Coulomb (SR)   Coul. recip. Position Rest.
   -1.14200e+02    6.26607e+03   -5.63512e+05    2.05570e+03    3.01234e+02
     Dih. Rest.      Potential    Kinetic En.   Total Energy  Conserved En.
    4.51366e+02   -4.32449e+05    1.50200e+05   -2.82248e+05   -2.48795e+05
    Temperature Pressure (bar)   Constr. rmsd
    2.99351e+02   -2.63533e+01    4.19370e-06

           Step           Time
        1284000     2568.00000

   Energies (kJ/mol)
           Bond            U-B    Proper Dih.  Improper Dih.          LJ-14
    1.15706e+04    6.11077e+04    4.13527e+04    4.40525e+02    7.51854e+03
     Coulomb-14        LJ (SR)   Coulomb (SR)   Coul. recip. Position Rest.
   -1.56647e+02    5.69359e+03   -5.62502e+05    2.08892e+03    2.71818e+02
     Dih. Rest.      Potential    Kinetic En.   Total Energy  Conserved En.
    3.89584e+02   -4.32224e+05    1.49153e+05   -2.83071e+05   -2.48658e+05
    Temperature Pressure (bar)   Constr. rmsd
    2.97264e+02   -5.59913e+01    4.19370e-06

           Step           Time
        1286000     2572.00000

   Energies (kJ/mol)
           Bond            U-B    Proper Dih.  Improper Dih.          LJ-14
    1.16072e+04    6.12262e+04    4.13428e+04    3.73905e+02    7.49166e+03
     Coulomb-14        LJ (SR)   Coulomb (SR)   Coul. recip. Position Rest.
    1.01777e+02    6.22152e+03   -5.62613e+05    1.99550e+03    2.90513e+02
     Dih. Rest.      Potential    Kinetic En.   Total Energy  Conserved En.
    4.09945e+02   -4.31552e+05    1.48683e+05   -2.82869e+05   -2.48510e+05
    Temperature Pressure (bar)   Constr. rmsd
    2.96328e+02   -1.16493e+02    4.19370e-06

           Step           Time
        1288000     2576.00000

   Energies (kJ/mol)
           Bond            U-B    Proper Dih.  Improper Dih.          LJ-14
    1.16399e+04    6.19091e+04    4.13971e+04    4.13636e+02    7.47590e+03
     Coulomb-14        LJ (SR)   Coulomb (SR)   Coul. recip. Position Rest.
   -1.37360e+02    6.06248e+03   -5.63871e+05    2.01366e+03    2.71342e+02
     Dih. Rest.      Potential    Kinetic En.   Total Energy  Conserved En.
    3.91913e+02   -4.32434e+05    1.50834e+05   -2.81599e+05   -2.48429e+05
    Temperature Pressure (bar)   Constr. rmsd
    3.00615e+02   -1.32469e+01    4.19370e-06

           Step           Time
        1290000     2580.00000

   Energies (kJ/mol)
           Bond            U-B    Proper Dih.  Improper Dih.          LJ-14
    1.13069e+04    6.17843e+04    4.13911e+04    3.89240e+02    7.57116e+03
     Coulomb-14        LJ (SR)   Coulomb (SR)   Coul. recip. Position Rest.
   -1.19497e+02    5.92832e+03   -5.62854e+05    2.05851e+03    2.90883e+02
     Dih. Rest.      Potential    Kinetic En.   Total Energy  Conserved En.
    4.18942e+02   -4.31834e+05    1.51029e+05   -2.80805e+05   -2.48270e+05
    Temperature Pressure (bar)   Constr. rmsd
    3.01002e+02   -6.46570e+01    4.19370e-06

           Step           Time
        1292000     2584.00000

   Energies (kJ/mol)
           Bond            U-B    Proper Dih.  Improper Dih.          LJ-14
    1.12243e+04    6.17305e+04    4.12582e+04    3.96749e+02    7.41798e+03
     Coulomb-14        LJ (SR)   Coulomb (SR)   Coul. recip. Position Rest.
   -8.76317e+01    6.99673e+03   -5.63853e+05    1.99425e+03    3.17747e+02
     Dih. Rest.      Potential    Kinetic En.   Total Energy  Conserved En.
    4.11625e+02   -4.32193e+05    1.50568e+05   -2.81624e+05   -2.48196e+05
    Temperature Pressure (bar)   Constr. rmsd
    3.00085e+02   -3.40091e+01    4.19370e-06

           Step           Time
        1294000     2588.00000

   Energies (kJ/mol)
           Bond            U-B    Proper Dih.  Improper Dih.          LJ-14
    1.17904e+04    6.08163e+04    4.14235e+04    4.14951e+02    7.47559e+03
     Coulomb-14        LJ (SR)   Coulomb (SR)   Coul. recip. Position Rest.
   -6.11234e+02    5.53623e+03   -5.60635e+05    2.04801e+03    2.91836e+02
     Dih. Rest.      Potential    Kinetic En.   Total Energy  Conserved En.
    4.05311e+02   -4.31044e+05    1.50626e+05   -2.80418e+05   -2.48095e+05
    Temperature Pressure (bar)   Constr. rmsd
    3.00199e+02   -9.39817e+01    4.19370e-06

           Step           Time
        1296000     2592.00000

   Energies (kJ/mol)
           Bond            U-B    Proper Dih.  Improper Dih.          LJ-14
    1.15339e+04    6.11746e+04    4.12738e+04    4.06209e+02    7.55298e+03
     Coulomb-14        LJ (SR)   Coulomb (SR)   Coul. recip. Position Rest.
   -3.27954e+02    7.25113e+03   -5.63362e+05    2.09015e+03    2.86756e+02
     Dih. Rest.      Potential    Kinetic En.   Total Energy  Conserved En.
    4.15172e+02   -4.31705e+05    1.50203e+05   -2.81502e+05   -2.47960e+05
    Temperature Pressure (bar)   Constr. rmsd
    2.99357e+02   -3.24675e+01    4.19370e-06

           Step           Time
        1298000     2596.00000

   Energies (kJ/mol)
           Bond            U-B    Proper Dih.  Improper Dih.          LJ-14
    1.14573e+04    6.07145e+04    4.11858e+04    3.75351e+02    7.51161e+03
     Coulomb-14        LJ (SR)   Coulomb (SR)   Coul. recip. Position Rest.
    2.77313e+02    5.93983e+03   -5.62196e+05    2.02338e+03    3.17344e+02
     Dih. Rest.      Potential    Kinetic En.   Total Energy  Conserved En.
    4.42178e+02   -4.31951e+05    1.50761e+05   -2.81190e+05   -2.47841e+05
    Temperature Pressure (bar)   Constr. rmsd
    3.00468e+02   -9.20109e+01    4.19370e-06

           Step           Time
        1300000     2600.00000

   Energies (kJ/mol)
           Bond            U-B    Proper Dih.  Improper Dih.          LJ-14
    1.16783e+04    6.07246e+04    4.11889e+04    3.35903e+02    7.44816e+03
     Coulomb-14        LJ (SR)   Coulomb (SR)   Coul. recip. Position Rest.
   -6.53359e+01    5.42730e+03   -5.62344e+05    1.99313e+03    2.76228e+02
     Dih. Rest.      Potential    Kinetic En.   Total Energy  Conserved En.
    4.01624e+02   -4.32935e+05    1.50904e+05   -2.82031e+05   -2.47716e+05
    Temperature Pressure (bar)   Constr. rmsd
    3.00754e+02   -6.89715e+01    4.19370e-06

           Step           Time
        1302000     2604.00000

   Energies (kJ/mol)
           Bond            U-B    Proper Dih.  Improper Dih.          LJ-14
    1.12303e+04    6.13436e+04    4.12115e+04    3.84344e+02    7.49106e+03
     Coulomb-14        LJ (SR)   Coulomb (SR)   Coul. recip. Position Rest.
    2.71543e+01    6.29763e+03   -5.63561e+05    2.07888e+03    3.12848e+02
     Dih. Rest.      Potential    Kinetic En.   Total Energy  Conserved En.
    3.68745e+02   -4.32815e+05    1.51408e+05   -2.81407e+05   -2.47600e+05
    Temperature Pressure (bar)   Constr. rmsd
    3.01758e+02   -1.09502e+01    4.19370e-06

           Step           Time
        1304000     2608.00000

   Energies (kJ/mol)
           Bond            U-B    Proper Dih.  Improper Dih.          LJ-14
    1.13775e+04    6.11997e+04    4.12322e+04    4.41342e+02    7.45556e+03
     Coulomb-14        LJ (SR)   Coulomb (SR)   Coul. recip. Position Rest.
    3.07222e+02    5.75194e+03   -5.61898e+05    2.06617e+03    3.02312e+02
     Dih. Rest.      Potential    Kinetic En.   Total Energy  Conserved En.
    4.18939e+02   -4.31345e+05    1.50617e+05   -2.80728e+05   -2.47423e+05
    Temperature Pressure (bar)   Constr. rmsd
    3.00182e+02   -1.00559e+02    4.19370e-06

           Step           Time
        1306000     2612.00000

   Energies (kJ/mol)
           Bond            U-B    Proper Dih.  Improper Dih.          LJ-14
    1.15527e+04    6.08186e+04    4.15183e+04    4.45696e+02    7.57105e+03
     Coulomb-14        LJ (SR)   Coulomb (SR)   Coul. recip. Position Rest.
    2.01366e+02    6.07672e+03   -5.61628e+05    2.04286e+03    2.79176e+02
     Dih. Rest.      Potential    Kinetic En.   Total Energy  Conserved En.
    4.42727e+02   -4.30678e+05    1.50197e+05   -2.80481e+05   -2.47311e+05
    Temperature Pressure (bar)   Constr. rmsd
    2.99345e+02   -2.63844e+01    4.19370e-06

           Step           Time
        1308000     2616.00000

   Energies (kJ/mol)
           Bond            U-B    Proper Dih.  Improper Dih.          LJ-14
    1.14974e+04    6.10058e+04    4.10761e+04    3.80266e+02    7.36223e+03
     Coulomb-14        LJ (SR)   Coulomb (SR)   Coul. recip. Position Rest.
    4.78516e+01    6.42179e+03   -5.61649e+05    2.10387e+03    2.90569e+02
     Dih. Rest.      Potential    Kinetic En.   Total Energy  Conserved En.
    4.20079e+02   -4.31043e+05    1.50974e+05   -2.80069e+05   -2.47213e+05
    Temperature Pressure (bar)   Constr. rmsd
    3.00894e+02   -9.57893e+01    4.19370e-06

           Step           Time
        1310000     2620.00000

   Energies (kJ/mol)
           Bond            U-B    Proper Dih.  Improper Dih.          LJ-14
    1.13469e+04    6.12354e+04    4.12158e+04    4.03513e+02    7.37981e+03
     Coulomb-14        LJ (SR)   Coulomb (SR)   Coul. recip. Position Rest.
    3.59960e+02    6.17457e+03   -5.63123e+05    2.01145e+03    3.17627e+02
     Dih. Rest.      Potential    Kinetic En.   Total Energy  Conserved En.
    4.10276e+02   -4.32268e+05    1.51037e+05   -2.81231e+05   -2.47066e+05
    Temperature Pressure (bar)   Constr. rmsd
    3.01019e+02   -1.81320e+01    4.19370e-06

           Step           Time
        1312000     2624.00000

   Energies (kJ/mol)
           Bond            U-B    Proper Dih.  Improper Dih.          LJ-14
    1.15942e+04    6.11585e+04    4.12619e+04    3.60949e+02    7.48671e+03
     Coulomb-14        LJ (SR)   Coulomb (SR)   Coul. recip. Position Rest.
   -9.65062e+01    5.30870e+03   -5.62267e+05    2.01058e+03    3.31443e+02
     Dih. Rest.      Potential    Kinetic En.   Total Energy  Conserved En.
    4.57839e+02   -4.32393e+05    1.51048e+05   -2.81345e+05   -2.46932e+05
    Temperature Pressure (bar)   Constr. rmsd
    3.01041e+02   -8.91141e+01    4.19370e-06

           Step           Time
        1314000     2628.00000

   Energies (kJ/mol)
           Bond            U-B    Proper Dih.  Improper Dih.          LJ-14
    1.14604e+04    6.14926e+04    4.11849e+04    4.31899e+02    7.48556e+03
     Coulomb-14        LJ (SR)   Coulomb (SR)   Coul. recip. Position Rest.
    1.96153e+02    5.69695e+03   -5.62387e+05    2.10555e+03    2.95868e+02
     Dih. Rest.      Potential    Kinetic En.   Total Energy  Conserved En.
    4.18130e+02   -4.31619e+05    1.50517e+05   -2.81102e+05   -2.46779e+05
    Temperature Pressure (bar)   Constr. rmsd
    2.99982e+02   -7.25459e+00    4.19370e-06

           Step           Time
        1316000     2632.00000

   Energies (kJ/mol)
           Bond            U-B    Proper Dih.  Improper Dih.          LJ-14
    1.16244e+04    6.06857e+04    4.09345e+04    4.04247e+02    7.58775e+03
     Coulomb-14        LJ (SR)   Coulomb (SR)   Coul. recip. Position Rest.
    3.02445e+02    7.20112e+03   -5.65185e+05    2.04081e+03    3.21015e+02
     Dih. Rest.      Potential    Kinetic En.   Total Energy  Conserved En.
    3.96624e+02   -4.33687e+05    1.50528e+05   -2.83159e+05   -2.46718e+05
    Temperature Pressure (bar)   Constr. rmsd
    3.00003e+02   -2.50608e+01    4.19370e-06

           Step           Time
        1318000     2636.00000

   Energies (kJ/mol)
           Bond            U-B    Proper Dih.  Improper Dih.          LJ-14
    1.19444e+04    6.09027e+04    4.15043e+04    3.65922e+02    7.49529e+03
     Coulomb-14        LJ (SR)   Coulomb (SR)   Coul. recip. Position Rest.
   -1.32129e+02    7.01729e+03   -5.63199e+05    2.06352e+03    2.80190e+02
     Dih. Rest.      Potential    Kinetic En.   Total Energy  Conserved En.
    4.27078e+02   -4.31330e+05    1.49540e+05   -2.81790e+05   -2.46569e+05
    Temperature Pressure (bar)   Constr. rmsd
    2.98035e+02   -8.71861e+01    4.19370e-06

           Step           Time
        1320000     2640.00000

   Energies (kJ/mol)
           Bond            U-B    Proper Dih.  Improper Dih.          LJ-14
    1.13298e+04    6.13633e+04    4.13682e+04    3.80280e+02    7.54067e+03
     Coulomb-14        LJ (SR)   Coulomb (SR)   Coul. recip. Position Rest.
    5.79239e+02    5.29632e+03   -5.62073e+05    2.03370e+03    2.88463e+02
     Dih. Rest.      Potential    Kinetic En.   Total Energy  Conserved En.
    3.56108e+02   -4.31537e+05    1.50386e+05   -2.81151e+05   -2.46495e+05
    Temperature Pressure (bar)   Constr. rmsd
    2.99721e+02   -5.12859e+01    4.19370e-06

           Step           Time
        1322000     2644.00000

   Energies (kJ/mol)
           Bond            U-B    Proper Dih.  Improper Dih.          LJ-14
    1.15224e+04    6.14155e+04    4.14945e+04    4.03463e+02    7.45198e+03
     Coulomb-14        LJ (SR)   Coulomb (SR)   Coul. recip. Position Rest.
    2.25498e+02    6.01986e+03   -5.63147e+05    2.02702e+03    3.23445e+02
     Dih. Rest.      Potential    Kinetic En.   Total Energy  Conserved En.
    4.12990e+02   -4.31850e+05    1.50783e+05   -2.81067e+05   -2.46284e+05
    Temperature Pressure (bar)   Constr. rmsd
    3.00512e+02   -2.93239e+01    4.19370e-06

           Step           Time
        1324000     2648.00000

   Energies (kJ/mol)
           Bond            U-B    Proper Dih.  Improper Dih.          LJ-14
    1.14262e+04    6.11965e+04    4.14159e+04    3.47563e+02    7.37995e+03
     Coulomb-14        LJ (SR)   Coulomb (SR)   Coul. recip. Position Rest.
    2.92805e+02    5.69580e+03   -5.63060e+05    1.91723e+03    3.00342e+02
     Dih. Rest.      Potential    Kinetic En.   Total Energy  Conserved En.
    4.19702e+02   -4.32668e+05    1.51121e+05   -2.81547e+05   -2.46258e+05
    Temperature Pressure (bar)   Constr. rmsd
    3.01187e+02   -9.30414e+01    4.19370e-06

           Step           Time
        1326000     2652.00000

   Energies (kJ/mol)
           Bond            U-B    Proper Dih.  Improper Dih.          LJ-14
    1.15041e+04    6.10202e+04    4.13772e+04    3.96162e+02    7.63418e+03
     Coulomb-14        LJ (SR)   Coulomb (SR)   Coul. recip. Position Rest.
    7.27276e+02    5.90031e+03   -5.61781e+05    2.03733e+03    2.81665e+02
     Dih. Rest.      Potential    Kinetic En.   Total Energy  Conserved En.
    4.11707e+02   -4.30491e+05    1.50606e+05   -2.79885e+05   -2.46103e+05
    Temperature Pressure (bar)   Constr. rmsd
    3.00161e+02   -1.05528e+01    4.19370e-06

           Step           Time
        1328000     2656.00000

   Energies (kJ/mol)
           Bond            U-B    Proper Dih.  Improper Dih.          LJ-14
    1.15182e+04    6.17714e+04    4.14476e+04    3.90513e+02    7.35998e+03
     Coulomb-14        LJ (SR)   Coulomb (SR)   Coul. recip. Position Rest.
   -1.90942e+01    5.29649e+03   -5.61752e+05    1.95403e+03    2.68518e+02
     Dih. Rest.      Potential    Kinetic En.   Total Energy  Conserved En.
    5.23868e+02   -4.31241e+05    1.52029e+05   -2.79212e+05   -2.45949e+05
    Temperature Pressure (bar)   Constr. rmsd
    3.02997e+02   -2.12498e+01    4.19370e-06

           Step           Time
        1330000     2660.00000

   Energies (kJ/mol)
           Bond            U-B    Proper Dih.  Improper Dih.          LJ-14
    1.17338e+04    6.17949e+04    4.11838e+04    4.09233e+02    7.41401e+03
     Coulomb-14        LJ (SR)   Coulomb (SR)   Coul. recip. Position Rest.
    4.05030e+02    5.70415e+03   -5.62138e+05    1.97652e+03    3.29327e+02
     Dih. Rest.      Potential    Kinetic En.   Total Energy  Conserved En.
    3.95283e+02   -4.30792e+05    1.51571e+05   -2.79222e+05   -2.45840e+05
    Temperature Pressure (bar)   Constr. rmsd
    3.02082e+02   -1.31115e+02    4.19370e-06

           Step           Time
        1332000     2664.00000

   Energies (kJ/mol)
           Bond            U-B    Proper Dih.  Improper Dih.          LJ-14
    1.16960e+04    6.15729e+04    4.11622e+04    3.81992e+02    7.45483e+03
     Coulomb-14        LJ (SR)   Coulomb (SR)   Coul. recip. Position Rest.
    6.98633e+02    6.03734e+03   -5.62844e+05    1.97222e+03    3.47641e+02
     Dih. Rest.      Potential    Kinetic En.   Total Energy  Conserved En.
    4.35554e+02   -4.31085e+05    1.50433e+05   -2.80652e+05   -2.45673e+05
    Temperature Pressure (bar)   Constr. rmsd
    2.99814e+02   -7.49410e+01    4.19370e-06

           Step           Time
        1334000     2668.00000

   Energies (kJ/mol)
           Bond            U-B    Proper Dih.  Improper Dih.          LJ-14
    1.18078e+04    6.16912e+04    4.10866e+04    3.81969e+02    7.56412e+03
     Coulomb-14        LJ (SR)   Coulomb (SR)   Coul. recip. Position Rest.
    6.61605e+02    6.74119e+03   -5.64509e+05    2.06861e+03    3.15521e+02
     Dih. Rest.      Potential    Kinetic En.   Total Energy  Conserved En.
    4.44250e+02   -4.31746e+05    1.50628e+05   -2.81119e+05   -2.45514e+05
    Temperature Pressure (bar)   Constr. rmsd
    3.00203e+02   -3.90806e+01    4.19370e-06

           Step           Time
        1336000     2672.00000

   Energies (kJ/mol)
           Bond            U-B    Proper Dih.  Improper Dih.          LJ-14
    1.13632e+04    6.16584e+04    4.12956e+04    3.81614e+02    7.40570e+03
     Coulomb-14        LJ (SR)   Coulomb (SR)   Coul. recip. Position Rest.
    7.30438e+02    5.95648e+03   -5.63839e+05    2.03377e+03    3.12606e+02
     Dih. Rest.      Potential    Kinetic En.   Total Energy  Conserved En.
    4.19416e+02   -4.32282e+05    1.50252e+05   -2.82029e+05   -2.45394e+05
    Temperature Pressure (bar)   Constr. rmsd
    2.99455e+02   -1.14758e+02    4.19370e-06

           Step           Time
        1338000     2676.00000

   Energies (kJ/mol)
           Bond            U-B    Proper Dih.  Improper Dih.          LJ-14
    1.15614e+04    6.21389e+04    4.13108e+04    3.85038e+02    7.48551e+03
     Coulomb-14        LJ (SR)   Coulomb (SR)   Coul. recip. Position Rest.
    4.18531e+02    6.03150e+03   -5.63069e+05    1.97301e+03    3.11864e+02
     Dih. Rest.      Potential    Kinetic En.   Total Energy  Conserved En.
    3.88446e+02   -4.31064e+05    1.49968e+05   -2.81096e+05   -2.45230e+05
    Temperature Pressure (bar)   Constr. rmsd
    2.98889e+02   -9.22337e+01    4.19370e-06

           Step           Time
        1340000     2680.00000

   Energies (kJ/mol)
           Bond            U-B    Proper Dih.  Improper Dih.          LJ-14
    1.17553e+04    6.07806e+04    4.13861e+04    4.25595e+02    7.50921e+03
     Coulomb-14        LJ (SR)   Coulomb (SR)   Coul. recip. Position Rest.
    4.86202e+02    6.25816e+03   -5.63571e+05    2.03531e+03    3.41437e+02
     Dih. Rest.      Potential    Kinetic En.   Total Energy  Conserved En.
    3.44217e+02   -4.32249e+05    1.50363e+05   -2.81886e+05   -2.45235e+05
    Temperature Pressure (bar)   Constr. rmsd
    2.99676e+02   -2.54346e+01    4.19370e-06

           Step           Time
        1342000     2684.00000

   Energies (kJ/mol)
           Bond            U-B    Proper Dih.  Improper Dih.          LJ-14
    1.14340e+04    6.13854e+04    4.12426e+04    3.87361e+02    7.50913e+03
     Coulomb-14        LJ (SR)   Coulomb (SR)   Coul. recip. Position Rest.
    3.62832e+02    6.57145e+03   -5.63379e+05    2.02586e+03    3.25565e+02
     Dih. Rest.      Potential    Kinetic En.   Total Energy  Conserved En.
    4.04796e+02   -4.31730e+05    1.49612e+05   -2.82118e+05   -2.45062e+05
    Temperature Pressure (bar)   Constr. rmsd
    2.98179e+02   -1.33820e+02    4.19370e-06

           Step           Time
        1344000     2688.00000

   Energies (kJ/mol)
           Bond            U-B    Proper Dih.  Improper Dih.          LJ-14
    1.13400e+04    6.16473e+04    4.12894e+04    3.62590e+02    7.41955e+03
     Coulomb-14        LJ (SR)   Coulomb (SR)   Coul. recip. Position Rest.
   -1.90361e+02    5.20069e+03   -5.61498e+05    2.00590e+03    2.93504e+02
     Dih. Rest.      Potential    Kinetic En.   Total Energy  Conserved En.
    3.61342e+02   -4.31768e+05    1.51816e+05   -2.79953e+05   -2.44982e+05
    Temperature Pressure (bar)   Constr. rmsd
    3.02571e+02   -6.48762e+01    4.19370e-06

           Step           Time
        1346000     2692.00000

   Energies (kJ/mol)
           Bond            U-B    Proper Dih.  Improper Dih.          LJ-14
    1.16683e+04    6.15629e+04    4.12701e+04    4.25256e+02    7.39402e+03
     Coulomb-14        LJ (SR)   Coulomb (SR)   Coul. recip. Position Rest.
   -3.88656e+02    6.77736e+03   -5.64203e+05    2.03870e+03    2.87856e+02
     Dih. Rest.      Potential    Kinetic En.   Total Energy  Conserved En.
    3.59327e+02   -4.32808e+05    1.51476e+05   -2.81332e+05   -2.44866e+05
    Temperature Pressure (bar)   Constr. rmsd
    3.01894e+02   -1.08626e+02    4.19370e-06

           Step           Time
        1348000     2696.00000

   Energies (kJ/mol)
           Bond            U-B    Proper Dih.  Improper Dih.          LJ-14
    1.19403e+04    6.13299e+04    4.13466e+04    3.36464e+02    7.43299e+03
     Coulomb-14        LJ (SR)   Coulomb (SR)   Coul. recip. Position Rest.
    9.13427e+01    4.81462e+03   -5.60906e+05    2.06374e+03    3.12902e+02
     Dih. Rest.      Potential    Kinetic En.   Total Energy  Conserved En.
    3.97223e+02   -4.30840e+05    1.50540e+05   -2.80300e+05   -2.44735e+05
    Temperature Pressure (bar)   Constr. rmsd
    3.00027e+02   -4.16310e+01    4.19370e-06

           Step           Time
        1350000     2700.00000

   Energies (kJ/mol)
           Bond            U-B    Proper Dih.  Improper Dih.          LJ-14
    1.14401e+04    6.11090e+04    4.10351e+04    4.19947e+02    7.49476e+03
     Coulomb-14        LJ (SR)   Coulomb (SR)   Coul. recip. Position Rest.
    5.21790e+02    4.87326e+03   -5.61474e+05    1.98247e+03    3.35981e+02
     Dih. Rest.      Potential    Kinetic En.   Total Energy  Conserved En.
    4.43840e+02   -4.31818e+05    1.50218e+05   -2.81600e+05   -2.44631e+05
    Temperature Pressure (bar)   Constr. rmsd
    2.99386e+02   -5.78062e+00    4.19370e-06

           Step           Time
        1352000     2704.00000

   Energies (kJ/mol)
           Bond            U-B    Proper Dih.  Improper Dih.          LJ-14
    1.14950e+04    6.18036e+04    4.12263e+04    3.75922e+02    7.39686e+03
     Coulomb-14        LJ (SR)   Coulomb (SR)   Coul. recip. Position Rest.
    1.28908e+02    5.37302e+03   -5.61095e+05    2.00375e+03    3.02222e+02
     Dih. Rest.      Potential    Kinetic En.   Total Energy  Conserved En.
    4.48864e+02   -4.30541e+05    1.50463e+05   -2.80078e+05   -2.44439e+05
    Temperature Pressure (bar)   Constr. rmsd
    2.99874e+02   -9.63716e+01    4.19370e-06

           Step           Time
        1354000     2708.00000

   Energies (kJ/mol)
           Bond            U-B    Proper Dih.  Improper Dih.          LJ-14
    1.14891e+04    6.19695e+04    4.13796e+04    3.85603e+02    7.48978e+03
     Coulomb-14        LJ (SR)   Coulomb (SR)   Coul. recip. Position Rest.
    1.58594e+02    5.21932e+03   -5.62664e+05    2.03355e+03    3.14894e+02
     Dih. Rest.      Potential    Kinetic En.   Total Energy  Conserved En.
    4.32978e+02   -4.31791e+05    1.50304e+05   -2.81486e+05   -2.44297e+05
    Temperature Pressure (bar)   Constr. rmsd
    2.99558e+02   -1.44840e+02    4.19370e-06

           Step           Time
        1356000     2712.00000

   Energies (kJ/mol)
           Bond            U-B    Proper Dih.  Improper Dih.          LJ-14
    1.16684e+04    6.03344e+04    4.08230e+04    3.75857e+02    7.33834e+03
     Coulomb-14        LJ (SR)   Coulomb (SR)   Coul. recip. Position Rest.
    7.34724e+02    6.75133e+03   -5.63948e+05    2.02095e+03    3.35235e+02
     Dih. Rest.      Potential    Kinetic En.   Total Energy  Conserved En.
    4.80811e+02   -4.33085e+05    1.50339e+05   -2.82746e+05   -2.44255e+05
    Temperature Pressure (bar)   Constr. rmsd
    2.99627e+02   -5.98748e+01    4.19370e-06

           Step           Time
        1358000     2716.00000

   Energies (kJ/mol)
           Bond            U-B    Proper Dih.  Improper Dih.          LJ-14
    1.13014e+04    6.06602e+04    4.12168e+04    3.63760e+02    7.54031e+03
     Coulomb-14        LJ (SR)   Coulomb (SR)   Coul. recip. Position Rest.
    3.67236e+02    5.63952e+03   -5.62802e+05    2.05761e+03    3.23215e+02
     Dih. Rest.      Potential    Kinetic En.   Total Energy  Conserved En.
    4.63199e+02   -4.32868e+05    1.50053e+05   -2.82816e+05   -2.44114e+05
    Temperature Pressure (bar)   Constr. rmsd
    2.99057e+02   -5.66363e+01    4.19370e-06

           Step           Time
        1360000     2720.00000

   Energies (kJ/mol)
           Bond            U-B    Proper Dih.  Improper Dih.          LJ-14
    1.15566e+04    6.04188e+04    4.12288e+04    4.02148e+02    7.38864e+03
     Coulomb-14        LJ (SR)   Coulomb (SR)   Coul. recip. Position Rest.
    1.94943e+02    6.78211e+03   -5.62221e+05    2.01299e+03    3.19998e+02
     Dih. Rest.      Potential    Kinetic En.   Total Energy  Conserved En.
    4.69366e+02   -4.31447e+05    1.51295e+05   -2.80151e+05   -2.44071e+05
    Temperature Pressure (bar)   Constr. rmsd
    3.01533e+02   -5.97164e+01    4.19370e-06

           Step           Time
        1362000     2724.00000

   Energies (kJ/mol)
           Bond            U-B    Proper Dih.  Improper Dih.          LJ-14
    1.13964e+04    6.10697e+04    4.13189e+04    3.88926e+02    7.57981e+03
     Coulomb-14        LJ (SR)   Coulomb (SR)   Coul. recip. Position Rest.
    1.80872e+02    5.20284e+03   -5.60584e+05    2.06319e+03    3.34361e+02
     Dih. Rest.      Potential    Kinetic En.   Total Energy  Conserved En.
    4.08947e+02   -4.30640e+05    1.49994e+05   -2.80646e+05   -2.43900e+05
    Temperature Pressure (bar)   Constr. rmsd
    2.98941e+02   -1.69906e+02    4.19370e-06

           Step           Time
        1364000     2728.00000

   Energies (kJ/mol)
           Bond            U-B    Proper Dih.  Improper Dih.          LJ-14
    1.15324e+04    6.14110e+04    4.13291e+04    4.24745e+02    7.48136e+03
     Coulomb-14        LJ (SR)   Coulomb (SR)   Coul. recip. Position Rest.
    2.58879e+02    5.93983e+03   -5.61825e+05    2.00564e+03    2.97163e+02
     Dih. Rest.      Potential    Kinetic En.   Total Energy  Conserved En.
    4.20659e+02   -4.30724e+05    1.50678e+05   -2.80047e+05   -2.43811e+05
    Temperature Pressure (bar)   Constr. rmsd
    3.00302e+02   -3.30705e+01    4.19370e-06

           Step           Time
        1366000     2732.00000

   Energies (kJ/mol)
           Bond            U-B    Proper Dih.  Improper Dih.          LJ-14
    1.18147e+04    6.19117e+04    4.11595e+04    3.97999e+02    7.33070e+03
     Coulomb-14        LJ (SR)   Coulomb (SR)   Coul. recip. Position Rest.
   -6.77781e+01    6.77676e+03   -5.62419e+05    2.09532e+03    3.00094e+02
     Dih. Rest.      Potential    Kinetic En.   Total Energy  Conserved En.
    3.64392e+02   -4.30335e+05    1.50860e+05   -2.79475e+05   -2.43674e+05
    Temperature Pressure (bar)   Constr. rmsd
    3.00667e+02   -3.67522e+01    4.19370e-06

           Step           Time
        1368000     2736.00000

   Energies (kJ/mol)
           Bond            U-B    Proper Dih.  Improper Dih.          LJ-14
    1.14751e+04    6.10558e+04    4.11830e+04    3.16753e+02    7.58235e+03
     Coulomb-14        LJ (SR)   Coulomb (SR)   Coul. recip. Position Rest.
   -3.21952e+01    6.10957e+03   -5.61599e+05    2.03946e+03    3.01076e+02
     Dih. Rest.      Potential    Kinetic En.   Total Energy  Conserved En.
    4.19675e+02   -4.31148e+05    1.50341e+05   -2.80808e+05   -2.43580e+05
    Temperature Pressure (bar)   Constr. rmsd
    2.99631e+02   -4.52861e-01    4.19370e-06

           Step           Time
        1370000     2740.00000

   Energies (kJ/mol)
           Bond            U-B    Proper Dih.  Improper Dih.          LJ-14
    1.12167e+04    6.16166e+04    4.15163e+04    3.85082e+02    7.51525e+03
     Coulomb-14        LJ (SR)   Coulomb (SR)   Coul. recip. Position Rest.
    1.06741e+02    5.75727e+03   -5.61337e+05    2.00522e+03    3.26086e+02
     Dih. Rest.      Potential    Kinetic En.   Total Energy  Conserved En.
    4.54367e+02   -4.30438e+05    1.50685e+05   -2.79752e+05   -2.43483e+05
    Temperature Pressure (bar)   Constr. rmsd
    3.00317e+02   -2.92226e+01    4.19370e-06

           Step           Time
        1372000     2744.00000

   Energies (kJ/mol)
           Bond            U-B    Proper Dih.  Improper Dih.          LJ-14
    1.15801e+04    6.11715e+04    4.11305e+04    3.36546e+02    7.52660e+03
     Coulomb-14        LJ (SR)   Coulomb (SR)   Coul. recip. Position Rest.
    2.24667e+02    5.13225e+03   -5.61370e+05    2.02584e+03    2.72947e+02
     Dih. Rest.      Potential    Kinetic En.   Total Energy  Conserved En.
    4.23969e+02   -4.31545e+05    1.50048e+05   -2.81498e+05   -2.43279e+05
    Temperature Pressure (bar)   Constr. rmsd
    2.99047e+02   -1.25522e+02    4.19370e-06

           Step           Time
        1374000     2748.00000

   Energies (kJ/mol)
           Bond            U-B    Proper Dih.  Improper Dih.          LJ-14
    1.14023e+04    6.08225e+04    4.11846e+04    4.11989e+02    7.61638e+03
     Coulomb-14        LJ (SR)   Coulomb (SR)   Coul. recip. Position Rest.
   -7.72899e+01    6.09517e+03   -5.61455e+05    1.99227e+03    2.96091e+02
     Dih. Rest.      Potential    Kinetic En.   Total Energy  Conserved En.
    4.11184e+02   -4.31299e+05    1.49957e+05   -2.81343e+05   -2.43195e+05
    Temperature Pressure (bar)   Constr. rmsd
    2.98865e+02   -1.59705e+01    4.19370e-06

           Step           Time
        1376000     2752.00000

   Energies (kJ/mol)
           Bond            U-B    Proper Dih.  Improper Dih.          LJ-14
    1.18168e+04    6.09986e+04    4.10917e+04    3.38519e+02    7.41764e+03
     Coulomb-14        LJ (SR)   Coulomb (SR)   Coul. recip. Position Rest.
    1.52472e+02    5.69899e+03   -5.61737e+05    2.09403e+03    3.16354e+02
     Dih. Rest.      Potential    Kinetic En.   Total Energy  Conserved En.
    4.30763e+02   -4.31381e+05    1.50333e+05   -2.81048e+05   -2.43072e+05
    Temperature Pressure (bar)   Constr. rmsd
    2.99615e+02   -1.82686e+02    4.19370e-06

           Step           Time
        1378000     2756.00000

   Energies (kJ/mol)
           Bond            U-B    Proper Dih.  Improper Dih.          LJ-14
    1.16018e+04    6.07849e+04    4.12087e+04    4.08123e+02    7.48065e+03
     Coulomb-14        LJ (SR)   Coulomb (SR)   Coul. recip. Position Rest.
   -2.03601e+02    6.30916e+03   -5.62603e+05    2.13516e+03    2.92682e+02
     Dih. Rest.      Potential    Kinetic En.   Total Energy  Conserved En.
    4.39407e+02   -4.32146e+05    1.50010e+05   -2.82136e+05   -2.42980e+05
    Temperature Pressure (bar)   Constr. rmsd
    2.98972e+02   -3.86612e+01    4.19370e-06

           Step           Time
        1380000     2760.00000

   Energies (kJ/mol)
           Bond            U-B    Proper Dih.  Improper Dih.          LJ-14
    1.13878e+04    6.10938e+04    4.11616e+04    3.51905e+02    7.24189e+03
     Coulomb-14        LJ (SR)   Coulomb (SR)   Coul. recip. Position Rest.
   -3.39440e+02    6.79539e+03   -5.63604e+05    2.02990e+03    2.81041e+02
     Dih. Rest.      Potential    Kinetic En.   Total Energy  Conserved En.
    3.95196e+02   -4.33205e+05    1.51008e+05   -2.82196e+05   -2.42885e+05
    Temperature Pressure (bar)   Constr. rmsd
    3.00961e+02   -6.84665e+01    4.19370e-06

           Step           Time
        1382000     2764.00000

   Energies (kJ/mol)
           Bond            U-B    Proper Dih.  Improper Dih.          LJ-14
    1.15747e+04    6.09477e+04    4.12169e+04    3.85168e+02    7.36557e+03
     Coulomb-14        LJ (SR)   Coulomb (SR)   Coul. recip. Position Rest.
   -6.37945e+02    6.20562e+03   -5.63176e+05    2.03777e+03    3.16877e+02
     Dih. Rest.      Potential    Kinetic En.   Total Energy  Conserved En.
    4.23275e+02   -4.33340e+05    1.51719e+05   -2.81622e+05   -2.42725e+05
    Temperature Pressure (bar)   Constr. rmsd
    3.02377e+02   -6.92779e+01    4.19370e-06

           Step           Time
        1384000     2768.00000

   Energies (kJ/mol)
           Bond            U-B    Proper Dih.  Improper Dih.          LJ-14
    1.14222e+04    6.13771e+04    4.12268e+04    4.33286e+02    7.24621e+03
     Coulomb-14        LJ (SR)   Coulomb (SR)   Coul. recip. Position Rest.
   -4.40712e+02    7.19733e+03   -5.63866e+05    1.99966e+03    3.06029e+02
     Dih. Rest.      Potential    Kinetic En.   Total Energy  Conserved En.
    4.27012e+02   -4.32672e+05    1.50514e+05   -2.82158e+05   -2.42559e+05
    Temperature Pressure (bar)   Constr. rmsd
    2.99976e+02   -9.10546e+01    4.19370e-06

           Step           Time
        1386000     2772.00000

   Energies (kJ/mol)
           Bond            U-B    Proper Dih.  Improper Dih.          LJ-14
    1.16113e+04    6.08135e+04    4.14680e+04    4.77884e+02    7.58673e+03
     Coulomb-14        LJ (SR)   Coulomb (SR)   Coul. recip. Position Rest.
   -2.34372e+02    5.26479e+03   -5.61498e+05    2.03159e+03    2.78588e+02
     Dih. Rest.      Potential    Kinetic En.   Total Energy  Conserved En.
    4.42091e+02   -4.31758e+05    1.50844e+05   -2.80914e+05   -2.42501e+05
    Temperature Pressure (bar)   Constr. rmsd
    3.00634e+02   -1.97352e+01    4.19370e-06

           Step           Time
        1388000     2776.00000

   Energies (kJ/mol)
           Bond            U-B    Proper Dih.  Improper Dih.          LJ-14
    1.14269e+04    6.15851e+04    4.12016e+04    3.96480e+02    7.51470e+03
     Coulomb-14        LJ (SR)   Coulomb (SR)   Coul. recip. Position Rest.
    1.41335e+02    6.27321e+03   -5.63172e+05    2.02864e+03    2.80167e+02
     Dih. Rest.      Potential    Kinetic En.   Total Energy  Conserved En.
    3.97362e+02   -4.31926e+05    1.50797e+05   -2.81129e+05   -2.42360e+05
    Temperature Pressure (bar)   Constr. rmsd
    3.00540e+02   -3.00054e+01    4.19370e-06

           Step           Time
        1390000     2780.00000

   Energies (kJ/mol)
           Bond            U-B    Proper Dih.  Improper Dih.          LJ-14
    1.18355e+04    6.15537e+04    4.10395e+04    3.87406e+02    7.41638e+03
     Coulomb-14        LJ (SR)   Coulomb (SR)   Coul. recip. Position Rest.
    7.01099e+01    6.48477e+03   -5.63374e+05    2.02090e+03    2.87620e+02
     Dih. Rest.      Potential    Kinetic En.   Total Energy  Conserved En.
    4.41153e+02   -4.31837e+05    1.49938e+05   -2.81899e+05   -2.42192e+05
    Temperature Pressure (bar)   Constr. rmsd
    2.98828e+02   -6.95445e+01    4.19370e-06

Writing checkpoint, step 1391600 at Sat Jul 27 06:22:51 2024


           Step           Time
        1392000     2784.00000

   Energies (kJ/mol)
           Bond            U-B    Proper Dih.  Improper Dih.          LJ-14
    1.16323e+04    6.16601e+04    4.11742e+04    4.05302e+02    7.42023e+03
     Coulomb-14        LJ (SR)   Coulomb (SR)   Coul. recip. Position Rest.
   -9.13392e+01    5.57580e+03   -5.62786e+05    2.12025e+03    3.30113e+02
     Dih. Rest.      Potential    Kinetic En.   Total Energy  Conserved En.
    4.08895e+02   -4.32150e+05    1.50608e+05   -2.81542e+05   -2.42092e+05
    Temperature Pressure (bar)   Constr. rmsd
    3.00163e+02   -1.31961e+02    4.19370e-06

           Step           Time
        1394000     2788.00000

   Energies (kJ/mol)
           Bond            U-B    Proper Dih.  Improper Dih.          LJ-14
    1.13155e+04    6.10365e+04    4.12092e+04    3.35362e+02    7.33330e+03
     Coulomb-14        LJ (SR)   Coulomb (SR)   Coul. recip. Position Rest.
    1.55308e+01    6.02634e+03   -5.62701e+05    2.06193e+03    2.52831e+02
     Dih. Rest.      Potential    Kinetic En.   Total Energy  Conserved En.
    4.29353e+02   -4.32685e+05    1.49603e+05   -2.83082e+05   -2.42028e+05
    Temperature Pressure (bar)   Constr. rmsd
    2.98161e+02   -8.10614e+01    4.19370e-06

           Step           Time
        1396000     2792.00000

   Energies (kJ/mol)
           Bond            U-B    Proper Dih.  Improper Dih.          LJ-14
    1.13749e+04    6.11652e+04    4.14033e+04    3.79206e+02    7.50239e+03
     Coulomb-14        LJ (SR)   Coulomb (SR)   Coul. recip. Position Rest.
   -5.25986e+02    6.86975e+03   -5.62858e+05    1.99979e+03    2.97875e+02
     Dih. Rest.      Potential    Kinetic En.   Total Energy  Conserved En.
    3.99898e+02   -4.31992e+05    1.49920e+05   -2.82072e+05   -2.41865e+05
    Temperature Pressure (bar)   Constr. rmsd
    2.98792e+02   -3.87270e+01    4.19370e-06

           Step           Time
        1398000     2796.00000

   Energies (kJ/mol)
           Bond            U-B    Proper Dih.  Improper Dih.          LJ-14
    1.18805e+04    6.12994e+04    4.12833e+04    4.15645e+02    7.48060e+03
     Coulomb-14        LJ (SR)   Coulomb (SR)   Coul. recip. Position Rest.
   -4.14643e+02    6.07215e+03   -5.61415e+05    2.05797e+03    2.93586e+02
     Dih. Rest.      Potential    Kinetic En.   Total Energy  Conserved En.
    4.93328e+02   -4.30553e+05    1.51177e+05   -2.79376e+05   -2.41771e+05
    Temperature Pressure (bar)   Constr. rmsd
    3.01297e+02   -8.01847e+01    4.19370e-06

           Step           Time
        1400000     2800.00000

   Energies (kJ/mol)
           Bond            U-B    Proper Dih.  Improper Dih.          LJ-14
    1.13552e+04    6.15491e+04    4.10027e+04    3.93407e+02    7.64867e+03
     Coulomb-14        LJ (SR)   Coulomb (SR)   Coul. recip. Position Rest.
    6.91788e+02    6.17289e+03   -5.62908e+05    1.97475e+03    2.99915e+02
     Dih. Rest.      Potential    Kinetic En.   Total Energy  Conserved En.
    4.09486e+02   -4.31411e+05    1.50400e+05   -2.81011e+05   -2.41599e+05
    Temperature Pressure (bar)   Constr. rmsd
    2.99748e+02    2.98655e+01    4.19370e-06

           Step           Time
        1402000     2804.00000

   Energies (kJ/mol)
           Bond            U-B    Proper Dih.  Improper Dih.          LJ-14
    1.16562e+04    6.12694e+04    4.11221e+04    4.01507e+02    7.37373e+03
     Coulomb-14        LJ (SR)   Coulomb (SR)   Coul. recip. Position Rest.
    1.34586e+02    7.40912e+03   -5.64887e+05    2.08286e+03    2.55792e+02
     Dih. Rest.      Potential    Kinetic En.   Total Energy  Conserved En.
    4.24145e+02   -4.32757e+05    1.50000e+05   -2.82757e+05   -2.41489e+05
    Temperature Pressure (bar)   Constr. rmsd
    2.98952e+02   -5.42638e+01    4.19370e-06

           Step           Time
        1404000     2808.00000

   Energies (kJ/mol)
           Bond            U-B    Proper Dih.  Improper Dih.          LJ-14
    1.16586e+04    6.14975e+04    4.10876e+04    3.44798e+02    7.42204e+03
     Coulomb-14        LJ (SR)   Coulomb (SR)   Coul. recip. Position Rest.
    4.43706e+02    5.59574e+03   -5.62277e+05    2.00276e+03    3.02257e+02
     Dih. Rest.      Potential    Kinetic En.   Total Energy  Conserved En.
    4.29626e+02   -4.31492e+05    1.51329e+05   -2.80163e+05   -2.41375e+05
    Temperature Pressure (bar)   Constr. rmsd
    3.01601e+02   -1.07094e+02    4.19370e-06

           Step           Time
        1406000     2812.00000

   Energies (kJ/mol)
           Bond            U-B    Proper Dih.  Improper Dih.          LJ-14
    1.15191e+04    6.10083e+04    4.14743e+04    3.91823e+02    7.59673e+03
     Coulomb-14        LJ (SR)   Coulomb (SR)   Coul. recip. Position Rest.
   -1.72115e+02    4.63517e+03   -5.61485e+05    2.03700e+03    3.18935e+02
     Dih. Rest.      Potential    Kinetic En.   Total Energy  Conserved En.
    4.16561e+02   -4.32259e+05    1.50155e+05   -2.82104e+05   -2.41289e+05
    Temperature Pressure (bar)   Constr. rmsd
    2.99262e+02   -8.69654e+01    4.19370e-06

           Step           Time
        1408000     2816.00000

   Energies (kJ/mol)
           Bond            U-B    Proper Dih.  Improper Dih.          LJ-14
    1.18866e+04    6.13154e+04    4.11834e+04    3.71549e+02    7.36230e+03
     Coulomb-14        LJ (SR)   Coulomb (SR)   Coul. recip. Position Rest.
    1.03532e+02    5.91117e+03   -5.62806e+05    2.03183e+03    3.18089e+02
     Dih. Rest.      Potential    Kinetic En.   Total Energy  Conserved En.
    4.28660e+02   -4.31893e+05    1.50791e+05   -2.81102e+05   -2.41101e+05
    Temperature Pressure (bar)   Constr. rmsd
    3.00528e+02   -6.32228e+01    4.19370e-06

           Step           Time
        1410000     2820.00000

   Energies (kJ/mol)
           Bond            U-B    Proper Dih.  Improper Dih.          LJ-14
    1.17863e+04    6.14376e+04    4.11404e+04    3.72285e+02    7.40307e+03
     Coulomb-14        LJ (SR)   Coulomb (SR)   Coul. recip. Position Rest.
   -3.54440e+01    6.59422e+03   -5.63313e+05    2.02592e+03    2.97665e+02
     Dih. Rest.      Potential    Kinetic En.   Total Energy  Conserved En.
    4.29572e+02   -4.31862e+05    1.51527e+05   -2.80335e+05   -2.41051e+05
    Temperature Pressure (bar)   Constr. rmsd
    3.01995e+02   -4.87376e+01    4.19370e-06

           Step           Time
        1412000     2824.00000

   Energies (kJ/mol)
           Bond            U-B    Proper Dih.  Improper Dih.          LJ-14
    1.17388e+04    6.08331e+04    4.09636e+04    4.18112e+02    7.30668e+03
     Coulomb-14        LJ (SR)   Coulomb (SR)   Coul. recip. Position Rest.
    9.93523e+01    5.53644e+03   -5.61882e+05    1.94779e+03    3.54486e+02
     Dih. Rest.      Potential    Kinetic En.   Total Energy  Conserved En.
    3.93274e+02   -4.32291e+05    1.51573e+05   -2.80718e+05   -2.40977e+05
    Temperature Pressure (bar)   Constr. rmsd
    3.02087e+02   -1.07093e+02    4.19370e-06

           Step           Time
        1414000     2828.00000

   Energies (kJ/mol)
           Bond            U-B    Proper Dih.  Improper Dih.          LJ-14
    1.17594e+04    6.16115e+04    4.08431e+04    3.93731e+02    7.35255e+03
     Coulomb-14        LJ (SR)   Coulomb (SR)   Coul. recip. Position Rest.
   -1.49766e+02    5.77170e+03   -5.61607e+05    2.03239e+03    3.15299e+02
     Dih. Rest.      Potential    Kinetic En.   Total Energy  Conserved En.
    3.65936e+02   -4.31312e+05    1.50003e+05   -2.81309e+05   -2.40827e+05
    Temperature Pressure (bar)   Constr. rmsd
    2.98958e+02   -9.67570e+01    4.19370e-06

           Step           Time
        1416000     2832.00000

   Energies (kJ/mol)
           Bond            U-B    Proper Dih.  Improper Dih.          LJ-14
    1.16409e+04    6.10963e+04    4.11079e+04    3.90254e+02    7.49712e+03
     Coulomb-14        LJ (SR)   Coulomb (SR)   Coul. recip. Position Rest.
    6.01297e+02    5.54317e+03   -5.61810e+05    2.06480e+03    2.66943e+02
     Dih. Rest.      Potential    Kinetic En.   Total Energy  Conserved En.
    4.48463e+02   -4.31153e+05    1.50373e+05   -2.80780e+05   -2.40701e+05
    Temperature Pressure (bar)   Constr. rmsd
    2.99696e+02   -1.06571e+02    4.19370e-06

           Step           Time
        1418000     2836.00000

   Energies (kJ/mol)
           Bond            U-B    Proper Dih.  Improper Dih.          LJ-14
    1.19288e+04    6.18243e+04    4.11381e+04    3.38502e+02    7.52009e+03
     Coulomb-14        LJ (SR)   Coulomb (SR)   Coul. recip. Position Rest.
    2.34612e+01    7.41757e+03   -5.64463e+05    2.02714e+03    3.07153e+02
     Dih. Rest.      Potential    Kinetic En.   Total Energy  Conserved En.
    4.29075e+02   -4.31509e+05    1.52029e+05   -2.79480e+05   -2.40574e+05
    Temperature Pressure (bar)   Constr. rmsd
    3.02996e+02   -3.07914e+01    4.19370e-06

           Step           Time
        1420000     2840.00000

   Energies (kJ/mol)
           Bond            U-B    Proper Dih.  Improper Dih.          LJ-14
    1.18541e+04    6.09388e+04    4.12778e+04    3.60915e+02    7.40044e+03
     Coulomb-14        LJ (SR)   Coulomb (SR)   Coul. recip. Position Rest.
    6.96731e+01    6.11011e+03   -5.63368e+05    1.97499e+03    2.93770e+02
     Dih. Rest.      Potential    Kinetic En.   Total Energy  Conserved En.
    4.05724e+02   -4.32682e+05    1.50281e+05   -2.82400e+05   -2.40467e+05
    Temperature Pressure (bar)   Constr. rmsd
    2.99513e+02   -1.46302e+02    4.19370e-06

           Step           Time
        1422000     2844.00000

   Energies (kJ/mol)
           Bond            U-B    Proper Dih.  Improper Dih.          LJ-14
    1.19298e+04    6.19588e+04    4.09965e+04    3.97335e+02    7.31117e+03
     Coulomb-14        LJ (SR)   Coulomb (SR)   Coul. recip. Position Rest.
    5.30464e+01    6.52837e+03   -5.62342e+05    2.04196e+03    3.05439e+02
     Dih. Rest.      Potential    Kinetic En.   Total Energy  Conserved En.
    4.07228e+02   -4.30412e+05    1.50602e+05   -2.79810e+05   -2.40332e+05
    Temperature Pressure (bar)   Constr. rmsd
    3.00152e+02   -5.90674e+01    4.19370e-06

           Step           Time
        1424000     2848.00000

   Energies (kJ/mol)
           Bond            U-B    Proper Dih.  Improper Dih.          LJ-14
    1.14870e+04    6.06932e+04    4.15608e+04    4.29700e+02    7.31943e+03
     Coulomb-14        LJ (SR)   Coulomb (SR)   Coul. recip. Position Rest.
   -1.85865e+02    5.67199e+03   -5.61521e+05    2.06264e+03    2.98792e+02
     Dih. Rest.      Potential    Kinetic En.   Total Energy  Conserved En.
    3.90776e+02   -4.31793e+05    1.50517e+05   -2.81276e+05   -2.40278e+05
    Temperature Pressure (bar)   Constr. rmsd
    2.99983e+02   -8.68221e+01    4.19370e-06

           Step           Time
        1426000     2852.00000

   Energies (kJ/mol)
           Bond            U-B    Proper Dih.  Improper Dih.          LJ-14
    1.15640e+04    6.10152e+04    4.13659e+04    3.84021e+02    7.54515e+03
     Coulomb-14        LJ (SR)   Coulomb (SR)   Coul. recip. Position Rest.
   -8.04569e+01    4.60204e+03   -5.61770e+05    2.01035e+03    2.99860e+02
     Dih. Rest.      Potential    Kinetic En.   Total Energy  Conserved En.
    3.90779e+02   -4.32673e+05    1.50458e+05   -2.82214e+05   -2.40125e+05
    Temperature Pressure (bar)   Constr. rmsd
    2.99865e+02   -9.95308e+01    4.19370e-06

           Step           Time
        1428000     2856.00000

   Energies (kJ/mol)
           Bond            U-B    Proper Dih.  Improper Dih.          LJ-14
    1.13648e+04    6.09796e+04    4.13084e+04    3.98761e+02    7.58493e+03
     Coulomb-14        LJ (SR)   Coulomb (SR)   Coul. recip. Position Rest.
    2.92343e+02    5.68925e+03   -5.62829e+05    1.96336e+03    2.94947e+02
     Dih. Rest.      Potential    Kinetic En.   Total Energy  Conserved En.
    5.09869e+02   -4.32443e+05    1.50461e+05   -2.81982e+05   -2.39953e+05
    Temperature Pressure (bar)   Constr. rmsd
    2.99871e+02   -4.38209e+01    4.19370e-06

           Step           Time
        1430000     2860.00000

   Energies (kJ/mol)
           Bond            U-B    Proper Dih.  Improper Dih.          LJ-14
    1.14459e+04    6.17929e+04    4.11260e+04    4.13879e+02    7.26565e+03
     Coulomb-14        LJ (SR)   Coulomb (SR)   Coul. recip. Position Rest.
   -3.42318e+02    5.58001e+03   -5.61617e+05    2.05272e+03    3.36726e+02
     Dih. Rest.      Potential    Kinetic En.   Total Energy  Conserved En.
    4.66548e+02   -4.31479e+05    1.50325e+05   -2.81154e+05   -2.39849e+05
    Temperature Pressure (bar)   Constr. rmsd
    2.99600e+02   -1.68619e+02    4.19370e-06

           Step           Time
        1432000     2864.00000

   Energies (kJ/mol)
           Bond            U-B    Proper Dih.  Improper Dih.          LJ-14
    1.14412e+04    6.08725e+04    4.09096e+04    3.79223e+02    7.42410e+03
     Coulomb-14        LJ (SR)   Coulomb (SR)   Coul. recip. Position Rest.
    1.76175e+02    6.69403e+03   -5.63069e+05    2.02127e+03    2.94117e+02
     Dih. Rest.      Potential    Kinetic En.   Total Energy  Conserved En.
    3.73929e+02   -4.32483e+05    1.50301e+05   -2.82182e+05   -2.39709e+05
    Temperature Pressure (bar)   Constr. rmsd
    2.99552e+02   -3.23275e+01    4.19370e-06

           Step           Time
        1434000     2868.00000

   Energies (kJ/mol)
           Bond            U-B    Proper Dih.  Improper Dih.          LJ-14
    1.15421e+04    6.11580e+04    4.09501e+04    3.69482e+02    7.59893e+03
     Coulomb-14        LJ (SR)   Coulomb (SR)   Coul. recip. Position Rest.
   -1.26558e+01    5.37486e+03   -5.61489e+05    2.02889e+03    3.26356e+02
     Dih. Rest.      Potential    Kinetic En.   Total Energy  Conserved En.
    4.60599e+02   -4.31692e+05    1.49770e+05   -2.81923e+05   -2.39552e+05
    Temperature Pressure (bar)   Constr. rmsd
    2.98493e+02   -6.14227e+01    4.19370e-06

           Step           Time
        1436000     2872.00000

   Energies (kJ/mol)
           Bond            U-B    Proper Dih.  Improper Dih.          LJ-14
    1.14661e+04    6.16445e+04    4.12509e+04    4.20654e+02    7.56325e+03
     Coulomb-14        LJ (SR)   Coulomb (SR)   Coul. recip. Position Rest.
   -8.32784e+01    5.71953e+03   -5.62576e+05    2.05019e+03    3.00584e+02
     Dih. Rest.      Potential    Kinetic En.   Total Energy  Conserved En.
    3.84026e+02   -4.31860e+05    1.50214e+05   -2.81645e+05   -2.39456e+05
    Temperature Pressure (bar)   Constr. rmsd
    2.99379e+02   -1.19705e+02    4.19370e-06

           Step           Time
        1438000     2876.00000

   Energies (kJ/mol)
           Bond            U-B    Proper Dih.  Improper Dih.          LJ-14
    1.12180e+04    6.05379e+04    4.09048e+04    3.65368e+02    7.41969e+03
     Coulomb-14        LJ (SR)   Coulomb (SR)   Coul. recip. Position Rest.
    6.49669e+01    5.93327e+03   -5.62635e+05    2.06067e+03    2.96844e+02
     Dih. Rest.      Potential    Kinetic En.   Total Energy  Conserved En.
    4.14547e+02   -4.33419e+05    1.49808e+05   -2.83611e+05   -2.39412e+05
    Temperature Pressure (bar)   Constr. rmsd
    2.98569e+02   -7.68235e+01    4.19370e-06

           Step           Time
        1440000     2880.00000

   Energies (kJ/mol)
           Bond            U-B    Proper Dih.  Improper Dih.          LJ-14
    1.16140e+04    6.04380e+04    4.10506e+04    3.87116e+02    7.51266e+03
     Coulomb-14        LJ (SR)   Coulomb (SR)   Coul. recip. Position Rest.
    1.66117e+02    6.06764e+03   -5.62448e+05    1.99993e+03    3.14699e+02
     Dih. Rest.      Potential    Kinetic En.   Total Energy  Conserved En.
    4.36181e+02   -4.32461e+05    1.50329e+05   -2.82131e+05   -2.39252e+05
    Temperature Pressure (bar)   Constr. rmsd
    2.99608e+02    3.71342e+00    4.19370e-06

           Step           Time
        1442000     2884.00000

   Energies (kJ/mol)
           Bond            U-B    Proper Dih.  Improper Dih.          LJ-14
    1.15356e+04    6.09646e+04    4.09626e+04    4.12915e+02    7.57995e+03
     Coulomb-14        LJ (SR)   Coulomb (SR)   Coul. recip. Position Rest.
    1.33511e+02    7.01745e+03   -5.63484e+05    2.04475e+03    2.77441e+02
     Dih. Rest.      Potential    Kinetic En.   Total Energy  Conserved En.
    4.44630e+02   -4.32111e+05    1.51198e+05   -2.80912e+05   -2.39138e+05
    Temperature Pressure (bar)   Constr. rmsd
    3.01340e+02    6.57966e+00    4.19370e-06

           Step           Time
        1444000     2888.00000

   Energies (kJ/mol)
           Bond            U-B    Proper Dih.  Improper Dih.          LJ-14
    1.13653e+04    6.04628e+04    4.10085e+04    3.55347e+02    7.50648e+03
     Coulomb-14        LJ (SR)   Coulomb (SR)   Coul. recip. Position Rest.
    1.91729e+02    6.79146e+03   -5.64228e+05    2.07677e+03    2.98263e+02
     Dih. Rest.      Potential    Kinetic En.   Total Energy  Conserved En.
    4.87377e+02   -4.33684e+05    1.50262e+05   -2.83422e+05   -2.39019e+05
    Temperature Pressure (bar)   Constr. rmsd
    2.99474e+02   -1.23574e+02    4.19370e-06

           Step           Time
        1446000     2892.00000

   Energies (kJ/mol)
           Bond            U-B    Proper Dih.  Improper Dih.          LJ-14
    1.14923e+04    6.11444e+04    4.12637e+04    3.52534e+02    7.54146e+03
     Coulomb-14        LJ (SR)   Coulomb (SR)   Coul. recip. Position Rest.
    3.15239e+02    5.46405e+03   -5.62011e+05    1.99870e+03    3.14700e+02
     Dih. Rest.      Potential    Kinetic En.   Total Energy  Conserved En.
    4.33557e+02   -4.31691e+05    1.50394e+05   -2.81297e+05   -2.38843e+05
    Temperature Pressure (bar)   Constr. rmsd
    2.99737e+02   -4.05911e+01    4.19370e-06

           Step           Time
        1448000     2896.00000

   Energies (kJ/mol)
           Bond            U-B    Proper Dih.  Improper Dih.          LJ-14
    1.14862e+04    6.10674e+04    4.08738e+04    3.45490e+02    7.41804e+03
     Coulomb-14        LJ (SR)   Coulomb (SR)   Coul. recip. Position Rest.
    6.24758e+01    5.76192e+03   -5.61825e+05    2.09925e+03    2.70461e+02
     Dih. Rest.      Potential    Kinetic En.   Total Energy  Conserved En.
    4.42553e+02   -4.31997e+05    1.50892e+05   -2.81105e+05   -2.38748e+05
    Temperature Pressure (bar)   Constr. rmsd
    3.00730e+02   -3.61608e+01    4.19370e-06

           Step           Time
        1450000     2900.00000

   Energies (kJ/mol)
           Bond            U-B    Proper Dih.  Improper Dih.          LJ-14
    1.16321e+04    6.13135e+04    4.11724e+04    4.13471e+02    7.45595e+03
     Coulomb-14        LJ (SR)   Coulomb (SR)   Coul. recip. Position Rest.
   -3.62489e+02    6.31780e+03   -5.62215e+05    2.09206e+03    2.72974e+02
     Dih. Rest.      Potential    Kinetic En.   Total Energy  Conserved En.
    4.32148e+02   -4.31475e+05    1.50770e+05   -2.80705e+05   -2.38608e+05
    Temperature Pressure (bar)   Constr. rmsd
    3.00487e+02    1.26561e+01    4.19370e-06

           Step           Time
        1452000     2904.00000

   Energies (kJ/mol)
           Bond            U-B    Proper Dih.  Improper Dih.          LJ-14
    1.16077e+04    6.14316e+04    4.09860e+04    3.70642e+02    7.37517e+03
     Coulomb-14        LJ (SR)   Coulomb (SR)   Coul. recip. Position Rest.
   -3.24003e+02    6.02026e+03   -5.61598e+05    2.07631e+03    2.58307e+02
     Dih. Rest.      Potential    Kinetic En.   Total Energy  Conserved En.
    4.17401e+02   -4.31379e+05    1.49744e+05   -2.81635e+05   -2.38443e+05
    Temperature Pressure (bar)   Constr. rmsd
    2.98442e+02   -6.29939e+01    4.19370e-06

           Step           Time
        1454000     2908.00000

   Energies (kJ/mol)
           Bond            U-B    Proper Dih.  Improper Dih.          LJ-14
    1.14752e+04    6.06002e+04    4.12657e+04    3.77026e+02    7.46885e+03
     Coulomb-14        LJ (SR)   Coulomb (SR)   Coul. recip. Position Rest.
   -2.34747e+02    7.74135e+03   -5.64387e+05    1.99271e+03    2.69699e+02
     Dih. Rest.      Potential    Kinetic En.   Total Energy  Conserved En.
    4.55409e+02   -4.32975e+05    1.51074e+05   -2.81901e+05   -2.38418e+05
    Temperature Pressure (bar)   Constr. rmsd
    3.01093e+02   -3.39967e+01    4.19370e-06

           Step           Time
        1456000     2912.00000

   Energies (kJ/mol)
           Bond            U-B    Proper Dih.  Improper Dih.          LJ-14
    1.13971e+04    6.13931e+04    4.11022e+04    4.11087e+02    7.70360e+03
     Coulomb-14        LJ (SR)   Coulomb (SR)   Coul. recip. Position Rest.
    1.56818e+02    6.39410e+03   -5.62854e+05    2.07379e+03    3.17971e+02
     Dih. Rest.      Potential    Kinetic En.   Total Energy  Conserved En.
    4.44179e+02   -4.31460e+05    1.50970e+05   -2.80491e+05   -2.38214e+05
    Temperature Pressure (bar)   Constr. rmsd
    3.00885e+02    2.26437e+01    4.19370e-06

           Step           Time
        1458000     2916.00000

   Energies (kJ/mol)
           Bond            U-B    Proper Dih.  Improper Dih.          LJ-14
    1.15856e+04    6.13566e+04    4.13655e+04    4.51526e+02    7.50094e+03
     Coulomb-14        LJ (SR)   Coulomb (SR)   Coul. recip. Position Rest.
   -9.79076e+02    5.04183e+03   -5.60237e+05    2.19029e+03    3.05754e+02
     Dih. Rest.      Potential    Kinetic En.   Total Energy  Conserved En.
    4.11578e+02   -4.31007e+05    1.50369e+05   -2.80637e+05   -2.38146e+05
    Temperature Pressure (bar)   Constr. rmsd
    2.99688e+02   -6.87187e+01    4.19370e-06

           Step           Time
        1460000     2920.00000

   Energies (kJ/mol)
           Bond            U-B    Proper Dih.  Improper Dih.          LJ-14
    1.16348e+04    6.09650e+04    4.10682e+04    4.18644e+02    7.32394e+03
     Coulomb-14        LJ (SR)   Coulomb (SR)   Coul. recip. Position Rest.
   -1.82376e+02    6.21967e+03   -5.61961e+05    2.06782e+03    3.09504e+02
     Dih. Rest.      Potential    Kinetic En.   Total Energy  Conserved En.
    3.73131e+02   -4.31762e+05    1.51218e+05   -2.80544e+05   -2.38039e+05
    Temperature Pressure (bar)   Constr. rmsd
    3.01380e+02   -8.95774e+01    4.19370e-06

           Step           Time
        1462000     2924.00000

   Energies (kJ/mol)
           Bond            U-B    Proper Dih.  Improper Dih.          LJ-14
    1.15525e+04    6.12381e+04    4.12687e+04    3.78943e+02    7.55469e+03
     Coulomb-14        LJ (SR)   Coulomb (SR)   Coul. recip. Position Rest.
   -6.65424e+02    5.99194e+03   -5.62486e+05    2.03262e+03    3.09648e+02
     Dih. Rest.      Potential    Kinetic En.   Total Energy  Conserved En.
    4.28770e+02   -4.32396e+05    1.50044e+05   -2.82352e+05   -2.37882e+05
    Temperature Pressure (bar)   Constr. rmsd
    2.99039e+02   -9.61625e+01    4.19370e-06

           Step           Time
        1464000     2928.00000

   Energies (kJ/mol)
           Bond            U-B    Proper Dih.  Improper Dih.          LJ-14
    1.15983e+04    6.08111e+04    4.12429e+04    3.50339e+02    7.50802e+03
     Coulomb-14        LJ (SR)   Coulomb (SR)   Coul. recip. Position Rest.
   -2.74164e+02    5.45289e+03   -5.61374e+05    2.12424e+03    2.94784e+02
     Dih. Rest.      Potential    Kinetic En.   Total Energy  Conserved En.
    4.29924e+02   -4.31836e+05    1.49776e+05   -2.82060e+05   -2.37793e+05
    Temperature Pressure (bar)   Constr. rmsd
    2.98505e+02   -8.54395e+01    4.19370e-06

           Step           Time
        1466000     2932.00000

   Energies (kJ/mol)
           Bond            U-B    Proper Dih.  Improper Dih.          LJ-14
    1.12955e+04    6.08847e+04    4.10876e+04    4.15649e+02    7.63079e+03
     Coulomb-14        LJ (SR)   Coulomb (SR)   Coul. recip. Position Rest.
   -1.63215e+02    5.40984e+03   -5.62185e+05    2.05232e+03    2.81190e+02
     Dih. Rest.      Potential    Kinetic En.   Total Energy  Conserved En.
    4.20997e+02   -4.32870e+05    1.50356e+05   -2.82514e+05   -2.37645e+05
    Temperature Pressure (bar)   Constr. rmsd
    2.99661e+02   -5.09044e+01    4.19370e-06

           Step           Time
        1468000     2936.00000

   Energies (kJ/mol)
           Bond            U-B    Proper Dih.  Improper Dih.          LJ-14
    1.14017e+04    6.06122e+04    4.12725e+04    4.04706e+02    7.53665e+03
     Coulomb-14        LJ (SR)   Coulomb (SR)   Coul. recip. Position Rest.
   -5.63418e+02    6.25289e+03   -5.62220e+05    2.07481e+03    2.99277e+02
     Dih. Rest.      Potential    Kinetic En.   Total Energy  Conserved En.
    4.23495e+02   -4.32505e+05    1.50578e+05   -2.81928e+05   -2.37601e+05
    Temperature Pressure (bar)   Constr. rmsd
    3.00103e+02   -1.01175e+02    4.19370e-06

           Step           Time
        1470000     2940.00000

   Energies (kJ/mol)
           Bond            U-B    Proper Dih.  Improper Dih.          LJ-14
    1.17606e+04    6.10112e+04    4.10257e+04    3.58806e+02    7.52860e+03
     Coulomb-14        LJ (SR)   Coulomb (SR)   Coul. recip. Position Rest.
   -9.29910e+01    5.70535e+03   -5.61384e+05    2.06114e+03    2.81304e+02
     Dih. Rest.      Potential    Kinetic En.   Total Energy  Conserved En.
    4.10290e+02   -4.31334e+05    1.50709e+05   -2.80626e+05   -2.37465e+05
    Temperature Pressure (bar)   Constr. rmsd
    3.00364e+02   -8.88926e+01    4.19370e-06

           Step           Time
        1472000     2944.00000

   Energies (kJ/mol)
           Bond            U-B    Proper Dih.  Improper Dih.          LJ-14
    1.15915e+04    6.08112e+04    4.12219e+04    4.07720e+02    7.53195e+03
     Coulomb-14        LJ (SR)   Coulomb (SR)   Coul. recip. Position Rest.
   -2.28293e+01    5.26750e+03   -5.61397e+05    2.04610e+03    2.99930e+02
     Dih. Rest.      Potential    Kinetic En.   Total Energy  Conserved En.
    4.08120e+02   -4.31834e+05    1.50941e+05   -2.80892e+05   -2.37291e+05
    Temperature Pressure (bar)   Constr. rmsd
    3.00828e+02   -1.03968e+02    4.19370e-06

           Step           Time
        1474000     2948.00000

   Energies (kJ/mol)
           Bond            U-B    Proper Dih.  Improper Dih.          LJ-14
    1.14966e+04    6.08672e+04    4.11191e+04    4.27519e+02    7.60881e+03
     Coulomb-14        LJ (SR)   Coulomb (SR)   Coul. recip. Position Rest.
   -4.00042e+02    6.40538e+03   -5.62319e+05    2.07750e+03    2.73593e+02
     Dih. Rest.      Potential    Kinetic En.   Total Energy  Conserved En.
    4.11514e+02   -4.32032e+05    1.50323e+05   -2.81708e+05   -2.37196e+05
    Temperature Pressure (bar)   Constr. rmsd
    2.99596e+02   -5.39086e+01    4.19370e-06

           Step           Time
        1476000     2952.00000

   Energies (kJ/mol)
           Bond            U-B    Proper Dih.  Improper Dih.          LJ-14
    1.13815e+04    6.15440e+04    4.09273e+04    4.13586e+02    7.45644e+03
     Coulomb-14        LJ (SR)   Coulomb (SR)   Coul. recip. Position Rest.
   -2.28196e+02    5.82743e+03   -5.61491e+05    2.03131e+03    2.90827e+02
     Dih. Rest.      Potential    Kinetic En.   Total Energy  Conserved En.
    3.68225e+02   -4.31478e+05    1.50902e+05   -2.80576e+05   -2.37090e+05
    Temperature Pressure (bar)   Constr. rmsd
    3.00749e+02   -3.85305e+01    4.19370e-06

           Step           Time
        1478000     2956.00000

   Energies (kJ/mol)
           Bond            U-B    Proper Dih.  Improper Dih.          LJ-14
    1.15521e+04    6.10636e+04    4.09049e+04    3.77641e+02    7.37660e+03
     Coulomb-14        LJ (SR)   Coulomb (SR)   Coul. recip. Position Rest.
   -3.64877e+02    6.63771e+03   -5.62845e+05    2.05338e+03    2.99259e+02
     Dih. Rest.      Potential    Kinetic En.   Total Energy  Conserved En.
    4.15745e+02   -4.32529e+05    1.50996e+05   -2.81533e+05   -2.36976e+05
    Temperature Pressure (bar)   Constr. rmsd
    3.00938e+02   -9.17565e+01    4.19370e-06

           Step           Time
        1480000     2960.00000

   Energies (kJ/mol)
           Bond            U-B    Proper Dih.  Improper Dih.          LJ-14
    1.13264e+04    6.16635e+04    4.11465e+04    3.82198e+02    7.52143e+03
     Coulomb-14        LJ (SR)   Coulomb (SR)   Coul. recip. Position Rest.
   -8.14791e+02    5.85135e+03   -5.61363e+05    2.03388e+03    3.03847e+02
     Dih. Rest.      Potential    Kinetic En.   Total Energy  Conserved En.
    3.87975e+02   -4.31561e+05    1.51018e+05   -2.80543e+05   -2.36812e+05
    Temperature Pressure (bar)   Constr. rmsd
    3.00980e+02   -3.17979e+01    4.19370e-06

           Step           Time
        1482000     2964.00000

   Energies (kJ/mol)
           Bond            U-B    Proper Dih.  Improper Dih.          LJ-14
    1.13370e+04    6.14922e+04    4.07772e+04    3.27905e+02    7.46799e+03
     Coulomb-14        LJ (SR)   Coulomb (SR)   Coul. recip. Position Rest.
   -1.44397e+02    5.46678e+03   -5.61391e+05    2.11489e+03    3.07203e+02
     Dih. Rest.      Potential    Kinetic En.   Total Energy  Conserved En.
    4.67117e+02   -4.31777e+05    1.52094e+05   -2.79683e+05   -2.36721e+05
    Temperature Pressure (bar)   Constr. rmsd
    3.03125e+02   -8.49718e+00    4.19370e-06

           Step           Time
        1484000     2968.00000

   Energies (kJ/mol)
           Bond            U-B    Proper Dih.  Improper Dih.          LJ-14
    1.16729e+04    6.14519e+04    4.06764e+04    3.86048e+02    7.45426e+03
     Coulomb-14        LJ (SR)   Coulomb (SR)   Coul. recip. Position Rest.
   -3.30739e+02    5.57894e+03   -5.61861e+05    2.00742e+03    3.31718e+02
     Dih. Rest.      Potential    Kinetic En.   Total Energy  Conserved En.
    3.85100e+02   -4.32247e+05    1.50242e+05   -2.82005e+05   -2.36544e+05
    Temperature Pressure (bar)   Constr. rmsd
    2.99434e+02   -9.27786e+01    4.19370e-06

           Step           Time
        1486000     2972.00000

   Energies (kJ/mol)
           Bond            U-B    Proper Dih.  Improper Dih.          LJ-14
    1.13085e+04    6.11184e+04    4.07627e+04    4.40156e+02    7.46271e+03
     Coulomb-14        LJ (SR)   Coulomb (SR)   Coul. recip. Position Rest.
   -3.12441e+01    6.41222e+03   -5.63438e+05    2.04169e+03    2.97280e+02
     Dih. Rest.      Potential    Kinetic En.   Total Energy  Conserved En.
    4.09735e+02   -4.33215e+05    1.51469e+05   -2.81746e+05   -2.36421e+05
    Temperature Pressure (bar)   Constr. rmsd
    3.01881e+02   -2.69622e+01    4.19370e-06

           Step           Time
        1488000     2976.00000

   Energies (kJ/mol)
           Bond            U-B    Proper Dih.  Improper Dih.          LJ-14
    1.16055e+04    6.17517e+04    4.08919e+04    3.97503e+02    7.54885e+03
     Coulomb-14        LJ (SR)   Coulomb (SR)   Coul. recip. Position Rest.
   -2.27092e+02    6.35044e+03   -5.61364e+05    2.02415e+03    3.02360e+02
     Dih. Rest.      Potential    Kinetic En.   Total Energy  Conserved En.
    4.96924e+02   -4.30222e+05    1.50237e+05   -2.79985e+05   -2.36248e+05
    Temperature Pressure (bar)   Constr. rmsd
    2.99425e+02    2.52207e+01    4.19370e-06

           Step           Time
        1490000     2980.00000

   Energies (kJ/mol)
           Bond            U-B    Proper Dih.  Improper Dih.          LJ-14
    1.19836e+04    6.10687e+04    4.10298e+04    4.09403e+02    7.51210e+03
     Coulomb-14        LJ (SR)   Coulomb (SR)   Coul. recip. Position Rest.
   -1.51737e+02    5.24586e+03   -5.61810e+05    2.00497e+03    2.99845e+02
     Dih. Rest.      Potential    Kinetic En.   Total Energy  Conserved En.
    3.63638e+02   -4.32044e+05    1.51150e+05   -2.80894e+05   -2.36175e+05
    Temperature Pressure (bar)   Constr. rmsd
    3.01244e+02   -5.39490e+01    4.19370e-06

           Step           Time
        1492000     2984.00000

   Energies (kJ/mol)
           Bond            U-B    Proper Dih.  Improper Dih.          LJ-14
    1.15382e+04    6.17794e+04    4.07704e+04    4.58670e+02    7.50616e+03
     Coulomb-14        LJ (SR)   Coulomb (SR)   Coul. recip. Position Rest.
   -1.33087e+02    6.03770e+03   -5.62884e+05    2.00221e+03    2.99487e+02
     Dih. Rest.      Potential    Kinetic En.   Total Energy  Conserved En.
    4.30447e+02   -4.32195e+05    1.50611e+05   -2.81584e+05   -2.35999e+05
    Temperature Pressure (bar)   Constr. rmsd
    3.00170e+02   -1.88459e+01    4.19370e-06

           Step           Time
        1494000     2988.00000

   Energies (kJ/mol)
           Bond            U-B    Proper Dih.  Improper Dih.          LJ-14
    1.13942e+04    6.12597e+04    4.10544e+04    3.61456e+02    7.46240e+03
     Coulomb-14        LJ (SR)   Coulomb (SR)   Coul. recip. Position Rest.
   -4.96192e+02    6.66590e+03   -5.63682e+05    2.01265e+03    3.43475e+02
     Dih. Rest.      Potential    Kinetic En.   Total Energy  Conserved En.
    4.18030e+02   -4.33206e+05    1.50654e+05   -2.82552e+05   -2.35925e+05
    Temperature Pressure (bar)   Constr. rmsd
    3.00256e+02   -2.42013e+01    4.19370e-06

           Step           Time
        1496000     2992.00000

   Energies (kJ/mol)
           Bond            U-B    Proper Dih.  Improper Dih.          LJ-14
    1.14616e+04    6.09745e+04    4.13387e+04    4.22269e+02    7.62046e+03
     Coulomb-14        LJ (SR)   Coulomb (SR)   Coul. recip. Position Rest.
    1.03636e+01    6.91982e+03   -5.63569e+05    2.07908e+03    3.10859e+02
     Dih. Rest.      Potential    Kinetic En.   Total Energy  Conserved En.
    4.29061e+02   -4.32003e+05    1.50172e+05   -2.81831e+05   -2.35824e+05
    Temperature Pressure (bar)   Constr. rmsd
    2.99294e+02   -3.99243e+01    4.19370e-06

           Step           Time
        1498000     2996.00000

   Energies (kJ/mol)
           Bond            U-B    Proper Dih.  Improper Dih.          LJ-14
    1.16034e+04    6.09886e+04    4.11532e+04    3.77869e+02    7.53086e+03
     Coulomb-14        LJ (SR)   Coulomb (SR)   Coul. recip. Position Rest.
    2.50686e+01    6.68832e+03   -5.63020e+05    2.01023e+03    2.71080e+02
     Dih. Rest.      Potential    Kinetic En.   Total Energy  Conserved En.
    4.47939e+02   -4.31923e+05    1.50769e+05   -2.81154e+05   -2.35702e+05
    Temperature Pressure (bar)   Constr. rmsd
    3.00484e+02   -1.11926e+01    4.19370e-06

           Step           Time
        1500000     3000.00000

   Energies (kJ/mol)
           Bond            U-B    Proper Dih.  Improper Dih.          LJ-14
    1.13118e+04    6.16831e+04    4.11531e+04    3.36946e+02    7.59048e+03
     Coulomb-14        LJ (SR)   Coulomb (SR)   Coul. recip. Position Rest.
   -5.72642e+02    5.66715e+03   -5.62444e+05    2.04223e+03    2.70342e+02
     Dih. Rest.      Potential    Kinetic En.   Total Energy  Conserved En.
    4.74863e+02   -4.32487e+05    1.50336e+05   -2.82151e+05   -2.35538e+05
    Temperature Pressure (bar)   Constr. rmsd
    2.99621e+02   -8.92045e+00    4.19370e-06

           Step           Time
        1502000     3004.00000

   Energies (kJ/mol)
           Bond            U-B    Proper Dih.  Improper Dih.          LJ-14
    1.14885e+04    6.14259e+04    4.10987e+04    3.95689e+02    7.50290e+03
     Coulomb-14        LJ (SR)   Coulomb (SR)   Coul. recip. Position Rest.
   -9.24242e+02    5.15140e+03   -5.60804e+05    2.06288e+03    3.00419e+02
     Dih. Rest.      Potential    Kinetic En.   Total Energy  Conserved En.
    4.17168e+02   -4.31884e+05    1.49973e+05   -2.81911e+05   -2.35430e+05
    Temperature Pressure (bar)   Constr. rmsd
    2.98898e+02   -7.50723e+01    4.19370e-06

           Step           Time
        1504000     3008.00000

   Energies (kJ/mol)
           Bond            U-B    Proper Dih.  Improper Dih.          LJ-14
    1.16842e+04    6.17439e+04    4.10960e+04    3.33604e+02    7.50709e+03
     Coulomb-14        LJ (SR)   Coulomb (SR)   Coul. recip. Position Rest.
   -2.06973e+02    6.69159e+03   -5.64007e+05    2.09453e+03    2.79914e+02
     Dih. Rest.      Potential    Kinetic En.   Total Energy  Conserved En.
    4.06252e+02   -4.32377e+05    1.51186e+05   -2.81192e+05   -2.35263e+05
    Temperature Pressure (bar)   Constr. rmsd
    3.01315e+02   -6.69077e+01    4.19370e-06

           Step           Time
        1506000     3012.00000

   Energies (kJ/mol)
           Bond            U-B    Proper Dih.  Improper Dih.          LJ-14
    1.17214e+04    6.13775e+04    4.09020e+04    4.04255e+02    7.26029e+03
     Coulomb-14        LJ (SR)   Coulomb (SR)   Coul. recip. Position Rest.
   -2.43171e+02    6.06557e+03   -5.60870e+05    1.97515e+03    2.95843e+02
     Dih. Rest.      Potential    Kinetic En.   Total Energy  Conserved En.
    4.38432e+02   -4.30673e+05    1.50668e+05   -2.80005e+05   -2.35199e+05
    Temperature Pressure (bar)   Constr. rmsd
    3.00284e+02   -5.62964e+01    4.19370e-06

           Step           Time
        1508000     3016.00000

   Energies (kJ/mol)
           Bond            U-B    Proper Dih.  Improper Dih.          LJ-14
    1.14149e+04    6.11683e+04    4.12152e+04    4.03117e+02    7.66130e+03
     Coulomb-14        LJ (SR)   Coulomb (SR)   Coul. recip. Position Rest.
    1.64816e+02    6.07651e+03   -5.61137e+05    2.12813e+03    3.28939e+02
     Dih. Rest.      Potential    Kinetic En.   Total Energy  Conserved En.
    3.91331e+02   -4.30184e+05    1.50056e+05   -2.80129e+05   -2.35043e+05
    Temperature Pressure (bar)   Constr. rmsd
    2.99063e+02   -8.04209e+00    4.19370e-06

           Step           Time
        1510000     3020.00000

   Energies (kJ/mol)
           Bond            U-B    Proper Dih.  Improper Dih.          LJ-14
    1.16686e+04    6.08999e+04    4.12502e+04    3.54122e+02    7.47651e+03
     Coulomb-14        LJ (SR)   Coulomb (SR)   Coul. recip. Position Rest.
   -3.12852e+02    6.79135e+03   -5.62920e+05    2.01334e+03    2.83337e+02
     Dih. Rest.      Potential    Kinetic En.   Total Energy  Conserved En.
    4.19947e+02   -4.32076e+05    1.51220e+05   -2.80856e+05   -2.34948e+05
    Temperature Pressure (bar)   Constr. rmsd
    3.01384e+02    1.02629e+00    4.19370e-06

           Step           Time
        1512000     3024.00000

   Energies (kJ/mol)
           Bond            U-B    Proper Dih.  Improper Dih.          LJ-14
    1.15370e+04    6.07986e+04    4.11806e+04    3.80296e+02    7.52503e+03
     Coulomb-14        LJ (SR)   Coulomb (SR)   Coul. recip. Position Rest.
   -2.20905e+02    6.79256e+03   -5.62598e+05    2.05339e+03    2.79055e+02
     Dih. Rest.      Potential    Kinetic En.   Total Energy  Conserved En.
    3.93818e+02   -4.31879e+05    1.50561e+05   -2.81318e+05   -2.34851e+05
    Temperature Pressure (bar)   Constr. rmsd
    3.00069e+02    1.17682e+01    4.19370e-06

           Step           Time
        1514000     3028.00000

   Energies (kJ/mol)
           Bond            U-B    Proper Dih.  Improper Dih.          LJ-14
    1.17115e+04    6.16060e+04    4.10586e+04    4.10952e+02    7.39748e+03
     Coulomb-14        LJ (SR)   Coulomb (SR)   Coul. recip. Position Rest.
   -2.15742e+02    6.87827e+03   -5.64368e+05    2.05011e+03    3.10622e+02
     Dih. Rest.      Potential    Kinetic En.   Total Energy  Conserved En.
    4.38602e+02   -4.32721e+05    1.50784e+05   -2.81938e+05   -2.34693e+05
    Temperature Pressure (bar)   Constr. rmsd
    3.00514e+02   -8.35419e+01    4.19370e-06

           Step           Time
        1516000     3032.00000

   Energies (kJ/mol)
           Bond            U-B    Proper Dih.  Improper Dih.          LJ-14
    1.17981e+04    6.12331e+04    4.13321e+04    4.00484e+02    7.55796e+03
     Coulomb-14        LJ (SR)   Coulomb (SR)   Coul. recip. Position Rest.
    6.51738e+01    6.68906e+03   -5.64602e+05    2.03746e+03    3.43755e+02
     Dih. Rest.      Potential    Kinetic En.   Total Energy  Conserved En.
    4.26728e+02   -4.32718e+05    1.49611e+05   -2.83107e+05   -2.34527e+05
    Temperature Pressure (bar)   Constr. rmsd
    2.98176e+02   -2.21443e+01    4.19370e-06

           Step           Time
        1518000     3036.00000

   Energies (kJ/mol)
           Bond            U-B    Proper Dih.  Improper Dih.          LJ-14
    1.14684e+04    6.10783e+04    4.15946e+04    3.73336e+02    7.38067e+03
     Coulomb-14        LJ (SR)   Coulomb (SR)   Coul. recip. Position Rest.
   -4.23095e+02    5.65769e+03   -5.62770e+05    2.04120e+03    3.26830e+02
     Dih. Rest.      Potential    Kinetic En.   Total Energy  Conserved En.
    4.41782e+02   -4.32831e+05    1.49966e+05   -2.82865e+05   -2.34451e+05
    Temperature Pressure (bar)   Constr. rmsd
    2.98884e+02   -4.03604e+01    4.19370e-06

           Step           Time
        1520000     3040.00000

   Energies (kJ/mol)
           Bond            U-B    Proper Dih.  Improper Dih.          LJ-14
    1.16545e+04    6.11058e+04    4.11792e+04    4.20483e+02    7.45238e+03
     Coulomb-14        LJ (SR)   Coulomb (SR)   Coul. recip. Position Rest.
   -3.66504e+02    7.51436e+03   -5.65123e+05    2.03337e+03    3.19459e+02
     Dih. Rest.      Potential    Kinetic En.   Total Energy  Conserved En.
    4.82779e+02   -4.33327e+05    1.50854e+05   -2.82473e+05   -2.34342e+05
    Temperature Pressure (bar)   Constr. rmsd
    3.00654e+02   -3.86709e+01    4.19370e-06

           Step           Time
        1522000     3044.00000

   Energies (kJ/mol)
           Bond            U-B    Proper Dih.  Improper Dih.          LJ-14
    1.18298e+04    6.19529e+04    4.11006e+04    3.92952e+02    7.51199e+03
     Coulomb-14        LJ (SR)   Coulomb (SR)   Coul. recip. Position Rest.
   -4.43043e+02    6.31929e+03   -5.64159e+05    1.99947e+03    3.02405e+02
     Dih. Rest.      Potential    Kinetic En.   Total Energy  Conserved En.
    3.69079e+02   -4.32824e+05    1.50503e+05   -2.82320e+05   -2.34164e+05
    Temperature Pressure (bar)   Constr. rmsd
    2.99955e+02   -9.93977e+01    4.19370e-06

           Step           Time
        1524000     3048.00000

   Energies (kJ/mol)
           Bond            U-B    Proper Dih.  Improper Dih.          LJ-14
    1.17386e+04    6.13026e+04    4.10404e+04    3.58559e+02    7.49538e+03
     Coulomb-14        LJ (SR)   Coulomb (SR)   Coul. recip. Position Rest.
   -5.54655e+01    7.18368e+03   -5.63510e+05    2.05880e+03    3.09365e+02
     Dih. Rest.      Potential    Kinetic En.   Total Energy  Conserved En.
    3.86062e+02   -4.31692e+05    1.50117e+05   -2.81575e+05   -2.34087e+05
    Temperature Pressure (bar)   Constr. rmsd
    2.99184e+02   -6.02077e+01    4.19370e-06

           Step           Time
        1526000     3052.00000

   Energies (kJ/mol)
           Bond            U-B    Proper Dih.  Improper Dih.          LJ-14
    1.18797e+04    6.13498e+04    4.10574e+04    3.61567e+02    7.39597e+03
     Coulomb-14        LJ (SR)   Coulomb (SR)   Coul. recip. Position Rest.
   -1.74998e+02    5.69638e+03   -5.62475e+05    2.01255e+03    3.00879e+02
     Dih. Rest.      Potential    Kinetic En.   Total Energy  Conserved En.
    3.40586e+02   -4.32255e+05    1.51485e+05   -2.80770e+05   -2.34031e+05
    Temperature Pressure (bar)   Constr. rmsd
    3.01911e+02   -1.59021e+02    4.19370e-06

           Step           Time
        1528000     3056.00000

   Energies (kJ/mol)
           Bond            U-B    Proper Dih.  Improper Dih.          LJ-14
    1.14093e+04    6.13369e+04    4.09153e+04    3.82717e+02    7.56052e+03
     Coulomb-14        LJ (SR)   Coulomb (SR)   Coul. recip. Position Rest.
    2.32337e+02    6.97015e+03   -5.64374e+05    2.05024e+03    2.95224e+02
     Dih. Rest.      Potential    Kinetic En.   Total Energy  Conserved En.
    4.10530e+02   -4.32811e+05    1.51304e+05   -2.81506e+05   -2.33882e+05
    Temperature Pressure (bar)   Constr. rmsd
    3.01552e+02   -5.01386e+01    4.19370e-06

           Step           Time
        1530000     3060.00000

   Energies (kJ/mol)
           Bond            U-B    Proper Dih.  Improper Dih.          LJ-14
    1.14472e+04    6.16842e+04    4.11984e+04    4.28669e+02    7.46446e+03
     Coulomb-14        LJ (SR)   Coulomb (SR)   Coul. recip. Position Rest.
    6.19024e+02    4.91628e+03   -5.62398e+05    1.97202e+03    3.22036e+02
     Dih. Rest.      Potential    Kinetic En.   Total Energy  Conserved En.
    4.42284e+02   -4.31904e+05    1.50913e+05   -2.80991e+05   -2.33749e+05
    Temperature Pressure (bar)   Constr. rmsd
    3.00772e+02   -8.11453e+01    4.19370e-06

           Step           Time
        1532000     3064.00000

   Energies (kJ/mol)
           Bond            U-B    Proper Dih.  Improper Dih.          LJ-14
    1.13886e+04    6.15462e+04    4.12102e+04    4.25478e+02    7.54466e+03
     Coulomb-14        LJ (SR)   Coulomb (SR)   Coul. recip. Position Rest.
    1.42775e+02    6.41478e+03   -5.63318e+05    2.00848e+03    2.87268e+02
     Dih. Rest.      Potential    Kinetic En.   Total Energy  Conserved En.
    4.25940e+02   -4.31924e+05    1.50508e+05   -2.81415e+05   -2.33591e+05
    Temperature Pressure (bar)   Constr. rmsd
    2.99965e+02   -8.30496e+01    4.19370e-06

           Step           Time
        1534000     3068.00000

   Energies (kJ/mol)
           Bond            U-B    Proper Dih.  Improper Dih.          LJ-14
    1.18720e+04    6.10029e+04    4.13740e+04    3.66976e+02    7.34356e+03
     Coulomb-14        LJ (SR)   Coulomb (SR)   Coul. recip. Position Rest.
    6.89106e+01    5.65648e+03   -5.62993e+05    1.99779e+03    3.06481e+02
     Dih. Rest.      Potential    Kinetic En.   Total Energy  Conserved En.
    4.12332e+02   -4.32591e+05    1.49976e+05   -2.82615e+05   -2.33476e+05
    Temperature Pressure (bar)   Constr. rmsd
    2.98905e+02   -1.59834e+02    4.19370e-06

           Step           Time
        1536000     3072.00000

   Energies (kJ/mol)
           Bond            U-B    Proper Dih.  Improper Dih.          LJ-14
    1.18561e+04    6.20615e+04    4.11929e+04    3.82687e+02    7.43851e+03
     Coulomb-14        LJ (SR)   Coulomb (SR)   Coul. recip. Position Rest.
    2.19472e+02    7.18038e+03   -5.63971e+05    2.04693e+03    3.08561e+02
     Dih. Rest.      Potential    Kinetic En.   Total Energy  Conserved En.
    3.87471e+02   -4.30897e+05    1.50956e+05   -2.79941e+05   -2.33314e+05
    Temperature Pressure (bar)   Constr. rmsd
    3.00857e+02   -3.72069e+01    4.19370e-06

           Step           Time
        1538000     3076.00000

   Energies (kJ/mol)
           Bond            U-B    Proper Dih.  Improper Dih.          LJ-14
    1.15378e+04    6.13378e+04    4.10793e+04    3.88436e+02    7.58250e+03
     Coulomb-14        LJ (SR)   Coulomb (SR)   Coul. recip. Position Rest.
   -1.17202e+02    6.39943e+03   -5.63228e+05    2.05123e+03    2.98830e+02
     Dih. Rest.      Potential    Kinetic En.   Total Energy  Conserved En.
    4.22396e+02   -4.32247e+05    1.49469e+05   -2.82778e+05   -2.33197e+05
    Temperature Pressure (bar)   Constr. rmsd
    2.97894e+02    2.01403e+01    4.19370e-06

           Step           Time
        1540000     3080.00000

   Energies (kJ/mol)
           Bond            U-B    Proper Dih.  Improper Dih.          LJ-14
    1.15296e+04    6.12839e+04    4.08984e+04    4.09514e+02    7.40031e+03
     Coulomb-14        LJ (SR)   Coulomb (SR)   Coul. recip. Position Rest.
    5.23614e+02    6.47279e+03   -5.63660e+05    2.09817e+03    3.49894e+02
     Dih. Rest.      Potential    Kinetic En.   Total Energy  Conserved En.
    3.88706e+02   -4.32305e+05    1.50973e+05   -2.81332e+05   -2.33054e+05
    Temperature Pressure (bar)   Constr. rmsd
    3.00892e+02   -6.04700e+01    4.19370e-06

           Step           Time
        1542000     3084.00000

   Energies (kJ/mol)
           Bond            U-B    Proper Dih.  Improper Dih.          LJ-14
    1.14943e+04    6.12845e+04    4.07787e+04    3.72202e+02    7.52813e+03
     Coulomb-14        LJ (SR)   Coulomb (SR)   Coul. recip. Position Rest.
    3.77362e+02    5.70333e+03   -5.63156e+05    2.07888e+03    3.08080e+02
     Dih. Rest.      Potential    Kinetic En.   Total Energy  Conserved En.
    4.49117e+02   -4.32781e+05    1.51102e+05   -2.81679e+05   -2.32954e+05
    Temperature Pressure (bar)   Constr. rmsd
    3.01148e+02   -5.54774e+01    4.19370e-06

           Step           Time
        1544000     3088.00000

   Energies (kJ/mol)
           Bond            U-B    Proper Dih.  Improper Dih.          LJ-14
    1.14568e+04    6.07838e+04    4.11891e+04    4.24527e+02    7.61673e+03
     Coulomb-14        LJ (SR)   Coulomb (SR)   Coul. recip. Position Rest.
   -1.07656e+02    6.64398e+03   -5.62427e+05    2.07846e+03    3.55374e+02
     Dih. Rest.      Potential    Kinetic En.   Total Energy  Conserved En.
    4.23467e+02   -4.31563e+05    1.50474e+05   -2.81089e+05   -2.32854e+05
    Temperature Pressure (bar)   Constr. rmsd
    2.99896e+02    2.26640e+01    4.19370e-06

           Step           Time
        1546000     3092.00000

   Energies (kJ/mol)
           Bond            U-B    Proper Dih.  Improper Dih.          LJ-14
    1.11613e+04    6.12730e+04    4.12705e+04    4.18291e+02    7.58033e+03
     Coulomb-14        LJ (SR)   Coulomb (SR)   Coul. recip. Position Rest.
    5.62903e+00    6.03692e+03   -5.62581e+05    2.06216e+03    3.15778e+02
     Dih. Rest.      Potential    Kinetic En.   Total Energy  Conserved En.
    4.29532e+02   -4.32027e+05    1.51009e+05   -2.81018e+05   -2.32717e+05
    Temperature Pressure (bar)   Constr. rmsd
    3.00963e+02    1.91700e+01    4.19370e-06

           Step           Time
        1548000     3096.00000

   Energies (kJ/mol)
           Bond            U-B    Proper Dih.  Improper Dih.          LJ-14
    1.13569e+04    6.07978e+04    4.12879e+04    3.67939e+02    7.61300e+03
     Coulomb-14        LJ (SR)   Coulomb (SR)   Coul. recip. Position Rest.
    2.86409e+02    6.80927e+03   -5.63982e+05    2.03089e+03    3.06484e+02
     Dih. Rest.      Potential    Kinetic En.   Total Energy  Conserved En.
    4.11776e+02   -4.32714e+05    1.49676e+05   -2.83038e+05   -2.32582e+05
    Temperature Pressure (bar)   Constr. rmsd
    2.98306e+02   -2.30755e+01    4.19370e-06

           Step           Time
        1550000     3100.00000

   Energies (kJ/mol)
           Bond            U-B    Proper Dih.  Improper Dih.          LJ-14
    1.15257e+04    6.14028e+04    4.12672e+04    3.80373e+02    7.55224e+03
     Coulomb-14        LJ (SR)   Coulomb (SR)   Coul. recip. Position Rest.
   -1.39336e+02    7.03562e+03   -5.63822e+05    2.05170e+03    3.17368e+02
     Dih. Rest.      Potential    Kinetic En.   Total Energy  Conserved En.
    4.16091e+02   -4.32012e+05    1.50823e+05   -2.81189e+05   -2.32425e+05
    Temperature Pressure (bar)   Constr. rmsd
    3.00592e+02    5.68225e+00    4.19370e-06

           Step           Time
        1552000     3104.00000

   Energies (kJ/mol)
           Bond            U-B    Proper Dih.  Improper Dih.          LJ-14
    1.15978e+04    6.07306e+04    4.12400e+04    3.25148e+02    7.53741e+03
     Coulomb-14        LJ (SR)   Coulomb (SR)   Coul. recip. Position Rest.
    3.04190e+02    6.30019e+03   -5.63246e+05    2.07798e+03    2.91994e+02
     Dih. Rest.      Potential    Kinetic En.   Total Energy  Conserved En.
    4.54510e+02   -4.32386e+05    1.50650e+05   -2.81736e+05   -2.32286e+05
    Temperature Pressure (bar)   Constr. rmsd
    3.00246e+02   -1.35826e+01    4.19370e-06

           Step           Time
        1554000     3108.00000

   Energies (kJ/mol)
           Bond            U-B    Proper Dih.  Improper Dih.          LJ-14
    1.14692e+04    6.16888e+04    4.15746e+04    3.55358e+02    7.60930e+03
     Coulomb-14        LJ (SR)   Coulomb (SR)   Coul. recip. Position Rest.
    8.00641e+01    6.77239e+03   -5.62319e+05    2.11417e+03    2.75403e+02
     Dih. Rest.      Potential    Kinetic En.   Total Energy  Conserved En.
    3.97128e+02   -4.29983e+05    1.49999e+05   -2.79984e+05   -2.32126e+05
    Temperature Pressure (bar)   Constr. rmsd
    2.98950e+02    4.94529e+01    4.19370e-06

           Step           Time
        1556000     3112.00000

   Energies (kJ/mol)
           Bond            U-B    Proper Dih.  Improper Dih.          LJ-14
    1.15657e+04    6.17620e+04    4.09620e+04    4.33617e+02    7.44363e+03
     Coulomb-14        LJ (SR)   Coulomb (SR)   Coul. recip. Position Rest.
    7.06961e+02    6.20275e+03   -5.62860e+05    2.14016e+03    2.98201e+02
     Dih. Rest.      Potential    Kinetic En.   Total Energy  Conserved En.
    4.48132e+02   -4.30897e+05    1.50982e+05   -2.79914e+05   -2.32018e+05
    Temperature Pressure (bar)   Constr. rmsd
    3.00910e+02    7.25359e+00    4.19370e-06

           Step           Time
        1558000     3116.00000

   Energies (kJ/mol)
           Bond            U-B    Proper Dih.  Improper Dih.          LJ-14
    1.17144e+04    6.16662e+04    4.10624e+04    3.93292e+02    7.49607e+03
     Coulomb-14        LJ (SR)   Coulomb (SR)   Coul. recip. Position Rest.
    1.27740e+02    6.52113e+03   -5.63606e+05    2.08033e+03    3.19220e+02
     Dih. Rest.      Potential    Kinetic En.   Total Energy  Conserved En.
    4.02738e+02   -4.31822e+05    1.51176e+05   -2.80646e+05   -2.31848e+05
    Temperature Pressure (bar)   Constr. rmsd
    3.01297e+02   -3.04770e+01    4.19370e-06

           Step           Time
        1560000     3120.00000

   Energies (kJ/mol)
           Bond            U-B    Proper Dih.  Improper Dih.          LJ-14
    1.14450e+04    6.16732e+04    4.11261e+04    3.55341e+02    7.45224e+03
     Coulomb-14        LJ (SR)   Coulomb (SR)   Coul. recip. Position Rest.
    2.34968e+02    6.88788e+03   -5.62370e+05    2.02993e+03    3.37923e+02
     Dih. Rest.      Potential    Kinetic En.   Total Energy  Conserved En.
    3.64251e+02   -4.30463e+05    1.51162e+05   -2.79301e+05   -2.31776e+05
    Temperature Pressure (bar)   Constr. rmsd
    3.01267e+02   -3.45103e+01    4.19370e-06

           Step           Time
        1562000     3124.00000

   Energies (kJ/mol)
           Bond            U-B    Proper Dih.  Improper Dih.          LJ-14
    1.14556e+04    6.13857e+04    4.15134e+04    4.21593e+02    7.60638e+03
     Coulomb-14        LJ (SR)   Coulomb (SR)   Coul. recip. Position Rest.
    9.83109e+02    6.98173e+03   -5.64465e+05    2.12250e+03    3.25388e+02
     Dih. Rest.      Potential    Kinetic En.   Total Energy  Conserved En.
    3.34125e+02   -4.31335e+05    1.51399e+05   -2.79937e+05   -2.31639e+05
    Temperature Pressure (bar)   Constr. rmsd
    3.01740e+02   -6.35777e+01    4.19370e-06

           Step           Time
        1564000     3128.00000

   Energies (kJ/mol)
           Bond            U-B    Proper Dih.  Improper Dih.          LJ-14
    1.13503e+04    6.12364e+04    4.10001e+04    3.79962e+02    7.45393e+03
     Coulomb-14        LJ (SR)   Coulomb (SR)   Coul. recip. Position Rest.
    1.33432e+03    6.64137e+03   -5.65542e+05    2.08434e+03    3.36928e+02
     Dih. Rest.      Potential    Kinetic En.   Total Energy  Conserved En.
    4.40219e+02   -4.33284e+05    1.50434e+05   -2.82850e+05   -2.31501e+05
    Temperature Pressure (bar)   Constr. rmsd
    2.99818e+02   -9.48634e+01    4.19370e-06

           Step           Time
        1566000     3132.00000

   Energies (kJ/mol)
           Bond            U-B    Proper Dih.  Improper Dih.          LJ-14
    1.15305e+04    6.09702e+04    4.09480e+04    4.25695e+02    7.36171e+03
     Coulomb-14        LJ (SR)   Coulomb (SR)   Coul. recip. Position Rest.
    1.05688e+03    7.05729e+03   -5.64055e+05    2.02491e+03    3.11766e+02
     Dih. Rest.      Potential    Kinetic En.   Total Energy  Conserved En.
    3.89729e+02   -4.31978e+05    1.49980e+05   -2.81999e+05   -2.31398e+05
    Temperature Pressure (bar)   Constr. rmsd
    2.98911e+02   -8.73767e+01    4.19370e-06

           Step           Time
        1568000     3136.00000

   Energies (kJ/mol)
           Bond            U-B    Proper Dih.  Improper Dih.          LJ-14
    1.15849e+04    6.16842e+04    4.11882e+04    3.31947e+02    7.44534e+03
     Coulomb-14        LJ (SR)   Coulomb (SR)   Coul. recip. Position Rest.
    7.49115e+02    6.59111e+03   -5.63580e+05    2.09020e+03    3.24446e+02
     Dih. Rest.      Potential    Kinetic En.   Total Energy  Conserved En.
    4.22462e+02   -4.31168e+05    1.50473e+05   -2.80695e+05   -2.31248e+05
    Temperature Pressure (bar)   Constr. rmsd
    2.99895e+02   -2.05320e+01    4.19370e-06

           Step           Time
        1570000     3140.00000

   Energies (kJ/mol)
           Bond            U-B    Proper Dih.  Improper Dih.          LJ-14
    1.17133e+04    6.10433e+04    4.08800e+04    3.73332e+02    7.43379e+03
     Coulomb-14        LJ (SR)   Coulomb (SR)   Coul. recip. Position Rest.
    1.15507e+03    6.18618e+03   -5.64038e+05    2.02721e+03    3.23664e+02
     Dih. Rest.      Potential    Kinetic En.   Total Energy  Conserved En.
    4.11391e+02   -4.32490e+05    1.50028e+05   -2.82462e+05   -2.31152e+05
    Temperature Pressure (bar)   Constr. rmsd
    2.99008e+02   -4.80468e+01    4.19370e-06

           Step           Time
        1572000     3144.00000

   Energies (kJ/mol)
           Bond            U-B    Proper Dih.  Improper Dih.          LJ-14
    1.15135e+04    6.14852e+04    4.10164e+04    3.95184e+02    7.45842e+03
     Coulomb-14        LJ (SR)   Coulomb (SR)   Coul. recip. Position Rest.
    5.32422e+02    7.00469e+03   -5.65572e+05    2.01717e+03    2.84198e+02
     Dih. Rest.      Potential    Kinetic En.   Total Energy  Conserved En.
    4.73753e+02   -4.33391e+05    1.51135e+05   -2.82256e+05   -2.31011e+05
    Temperature Pressure (bar)   Constr. rmsd
    3.01215e+02    2.86964e+01    4.19370e-06

           Step           Time
        1574000     3148.00000

   Energies (kJ/mol)
           Bond            U-B    Proper Dih.  Improper Dih.          LJ-14
    1.15801e+04    6.16688e+04    4.07279e+04    3.69092e+02    7.47562e+03
     Coulomb-14        LJ (SR)   Coulomb (SR)   Coul. recip. Position Rest.
    8.23698e+02    6.10495e+03   -5.63738e+05    2.04720e+03    2.99331e+02
     Dih. Rest.      Potential    Kinetic En.   Total Energy  Conserved En.
    4.25708e+02   -4.32215e+05    1.51071e+05   -2.81145e+05   -2.30889e+05
    Temperature Pressure (bar)   Constr. rmsd
    3.01086e+02   -8.00400e+01    4.19370e-06

           Step           Time
        1576000     3152.00000

   Energies (kJ/mol)
           Bond            U-B    Proper Dih.  Improper Dih.          LJ-14
    1.16243e+04    6.15724e+04    4.08176e+04    3.45995e+02    7.46176e+03
     Coulomb-14        LJ (SR)   Coulomb (SR)   Coul. recip. Position Rest.
    5.41071e+02    6.74020e+03   -5.64402e+05    2.12500e+03    3.32990e+02
     Dih. Rest.      Potential    Kinetic En.   Total Energy  Conserved En.
    4.32996e+02   -4.32408e+05    1.50076e+05   -2.82331e+05   -2.30752e+05
    Temperature Pressure (bar)   Constr. rmsd
    2.99104e+02   -8.53280e+00    4.19370e-06

           Step           Time
        1578000     3156.00000

   Energies (kJ/mol)
           Bond            U-B    Proper Dih.  Improper Dih.          LJ-14
    1.16491e+04    6.10730e+04    4.12206e+04    3.87216e+02    7.48494e+03
     Coulomb-14        LJ (SR)   Coulomb (SR)   Coul. recip. Position Rest.
    4.94315e+02    6.19176e+03   -5.64008e+05    2.05427e+03    2.97030e+02
     Dih. Rest.      Potential    Kinetic En.   Total Energy  Conserved En.
    4.05812e+02   -4.32750e+05    1.50473e+05   -2.82278e+05   -2.30648e+05
    Temperature Pressure (bar)   Constr. rmsd
    2.99894e+02   -8.64313e+01    4.19370e-06

           Step           Time
        1580000     3160.00000

   Energies (kJ/mol)
           Bond            U-B    Proper Dih.  Improper Dih.          LJ-14
    1.15944e+04    6.12845e+04    4.10801e+04    4.57187e+02    7.48447e+03
     Coulomb-14        LJ (SR)   Coulomb (SR)   Coul. recip. Position Rest.
    7.13623e+02    6.82468e+03   -5.64430e+05    2.04180e+03    2.85474e+02
     Dih. Rest.      Potential    Kinetic En.   Total Energy  Conserved En.
    3.88438e+02   -4.32276e+05    1.50567e+05   -2.81708e+05   -2.30574e+05
    Temperature Pressure (bar)   Constr. rmsd
    3.00083e+02    5.98229e+00    4.19370e-06

           Step           Time
        1582000     3164.00000

   Energies (kJ/mol)
           Bond            U-B    Proper Dih.  Improper Dih.          LJ-14
    1.15986e+04    6.22211e+04    4.12345e+04    3.91505e+02    7.46558e+03
     Coulomb-14        LJ (SR)   Coulomb (SR)   Coul. recip. Position Rest.
    3.99287e+02    5.87222e+03   -5.64138e+05    2.00950e+03    3.12996e+02
     Dih. Rest.      Potential    Kinetic En.   Total Energy  Conserved En.
    4.04204e+02   -4.32228e+05    1.50186e+05   -2.82042e+05   -2.30357e+05
    Temperature Pressure (bar)   Constr. rmsd
    2.99323e+02   -6.44540e+01    4.19370e-06

           Step           Time
        1584000     3168.00000

   Energies (kJ/mol)
           Bond            U-B    Proper Dih.  Improper Dih.          LJ-14
    1.14529e+04    6.15972e+04    4.13086e+04    3.12982e+02    7.47575e+03
     Coulomb-14        LJ (SR)   Coulomb (SR)   Coul. recip. Position Rest.
    3.53323e+02    5.90160e+03   -5.63646e+05    1.98289e+03    3.05201e+02
     Dih. Rest.      Potential    Kinetic En.   Total Energy  Conserved En.
    4.77219e+02   -4.32479e+05    1.50524e+05   -2.81955e+05   -2.30289e+05
    Temperature Pressure (bar)   Constr. rmsd
    2.99997e+02   -6.02936e+01    4.19370e-06

           Step           Time
        1586000     3172.00000

   Energies (kJ/mol)
           Bond            U-B    Proper Dih.  Improper Dih.          LJ-14
    1.16696e+04    6.13007e+04    4.11314e+04    3.89075e+02    7.53270e+03
     Coulomb-14        LJ (SR)   Coulomb (SR)   Coul. recip. Position Rest.
    6.71614e+02    5.37689e+03   -5.63563e+05    1.97391e+03    2.95547e+02
     Dih. Rest.      Potential    Kinetic En.   Total Energy  Conserved En.
    3.82054e+02   -4.32840e+05    1.49612e+05   -2.83228e+05   -2.30114e+05
    Temperature Pressure (bar)   Constr. rmsd
    2.98178e+02   -4.57627e+01    4.19370e-06

           Step           Time
        1588000     3176.00000

   Energies (kJ/mol)
           Bond            U-B    Proper Dih.  Improper Dih.          LJ-14
    1.15847e+04    6.13621e+04    4.10706e+04    3.46568e+02    7.57092e+03
     Coulomb-14        LJ (SR)   Coulomb (SR)   Coul. recip. Position Rest.
    1.73526e+02    5.70405e+03   -5.63440e+05    2.02167e+03    2.95531e+02
     Dih. Rest.      Potential    Kinetic En.   Total Energy  Conserved En.
    3.92072e+02   -4.32918e+05    1.50276e+05   -2.82642e+05   -2.30013e+05
    Temperature Pressure (bar)   Constr. rmsd
    2.99501e+02   -3.37453e+01    4.19370e-06

           Step           Time
        1590000     3180.00000

   Energies (kJ/mol)
           Bond            U-B    Proper Dih.  Improper Dih.          LJ-14
    1.15179e+04    6.12579e+04    4.08269e+04    3.36069e+02    7.36829e+03
     Coulomb-14        LJ (SR)   Coulomb (SR)   Coul. recip. Position Rest.
    4.66240e+02    5.76734e+03   -5.63368e+05    2.10854e+03    3.11186e+02
     Dih. Rest.      Potential    Kinetic En.   Total Energy  Conserved En.
    4.51995e+02   -4.32955e+05    1.50023e+05   -2.82932e+05   -2.29860e+05
    Temperature Pressure (bar)   Constr. rmsd
    2.98998e+02    1.03974e+01    4.19370e-06

           Step           Time
        1592000     3184.00000

   Energies (kJ/mol)
           Bond            U-B    Proper Dih.  Improper Dih.          LJ-14
    1.17618e+04    6.14828e+04    4.12103e+04    4.04569e+02    7.42800e+03
     Coulomb-14        LJ (SR)   Coulomb (SR)   Coul. recip. Position Rest.
   -3.24044e+02    6.04920e+03   -5.63674e+05    2.01451e+03    3.22640e+02
     Dih. Rest.      Potential    Kinetic En.   Total Energy  Conserved En.
    4.30074e+02   -4.32894e+05    1.51345e+05   -2.81549e+05   -2.29798e+05
    Temperature Pressure (bar)   Constr. rmsd
    3.01633e+02   -6.76603e+01    4.19370e-06

           Step           Time
        1594000     3188.00000

   Energies (kJ/mol)
           Bond            U-B    Proper Dih.  Improper Dih.          LJ-14
    1.13345e+04    6.12619e+04    4.11596e+04    3.76389e+02    7.55300e+03
     Coulomb-14        LJ (SR)   Coulomb (SR)   Coul. recip. Position Rest.
    4.92814e+01    5.90883e+03   -5.62602e+05    2.08256e+03    3.18948e+02
     Dih. Rest.      Potential    Kinetic En.   Total Energy  Conserved En.
    4.18297e+02   -4.32138e+05    1.49953e+05   -2.82186e+05   -2.29666e+05
    Temperature Pressure (bar)   Constr. rmsd
    2.98857e+02    7.23995e+00    4.19370e-06

           Step           Time
        1596000     3192.00000

   Energies (kJ/mol)
           Bond            U-B    Proper Dih.  Improper Dih.          LJ-14
    1.18415e+04    6.18627e+04    4.08899e+04    3.23521e+02    7.60611e+03
     Coulomb-14        LJ (SR)   Coulomb (SR)   Coul. recip. Position Rest.
    7.81581e+02    6.08527e+03   -5.63469e+05    2.07179e+03    3.07989e+02
     Dih. Rest.      Potential    Kinetic En.   Total Energy  Conserved En.
    3.92334e+02   -4.31306e+05    1.50099e+05   -2.81207e+05   -2.29493e+05
    Temperature Pressure (bar)   Constr. rmsd
    2.99150e+02   -6.56366e+01    4.19370e-06

           Step           Time
        1598000     3196.00000

   Energies (kJ/mol)
           Bond            U-B    Proper Dih.  Improper Dih.          LJ-14
    1.16992e+04    6.06608e+04    4.13973e+04    3.32331e+02    7.41942e+03
     Coulomb-14        LJ (SR)   Coulomb (SR)   Coul. recip. Position Rest.
    3.49477e+02    6.79712e+03   -5.64186e+05    1.99097e+03    2.97034e+02
     Dih. Rest.      Potential    Kinetic En.   Total Energy  Conserved En.
    4.23301e+02   -4.32819e+05    1.51084e+05   -2.81735e+05   -2.29462e+05
    Temperature Pressure (bar)   Constr. rmsd
    3.01112e+02   -6.58396e+01    4.19370e-06

           Step           Time
        1600000     3200.00000

   Energies (kJ/mol)
           Bond            U-B    Proper Dih.  Improper Dih.          LJ-14
    1.16065e+04    6.14681e+04    4.10903e+04    3.94213e+02    7.53792e+03
     Coulomb-14        LJ (SR)   Coulomb (SR)   Coul. recip. Position Rest.
    8.47952e+02    6.41205e+03   -5.63749e+05    2.06248e+03    2.93155e+02
     Dih. Rest.      Potential    Kinetic En.   Total Energy  Conserved En.
    4.36719e+02   -4.31600e+05    1.50111e+05   -2.81489e+05   -2.29252e+05
    Temperature Pressure (bar)   Constr. rmsd
    2.99172e+02   -6.49575e+00    4.19370e-06

           Step           Time
        1602000     3204.00000

   Energies (kJ/mol)
           Bond            U-B    Proper Dih.  Improper Dih.          LJ-14
    1.16110e+04    6.10998e+04    4.10205e+04    3.57128e+02    7.47007e+03
     Coulomb-14        LJ (SR)   Coulomb (SR)   Coul. recip. Position Rest.
    9.88248e+02    5.77128e+03   -5.63256e+05    2.06007e+03    2.63702e+02
     Dih. Rest.      Potential    Kinetic En.   Total Energy  Conserved En.
    4.47468e+02   -4.32167e+05    1.50940e+05   -2.81227e+05   -2.29231e+05
    Temperature Pressure (bar)   Constr. rmsd
    3.00826e+02   -6.86788e+01    4.19370e-06

           Step           Time
        1604000     3208.00000

   Energies (kJ/mol)
           Bond            U-B    Proper Dih.  Improper Dih.          LJ-14
    1.13550e+04    6.17645e+04    4.11692e+04    3.54702e+02    7.42255e+03
     Coulomb-14        LJ (SR)   Coulomb (SR)   Coul. recip. Position Rest.
    5.93226e+02    6.26397e+03   -5.63685e+05    2.02727e+03    3.15706e+02
     Dih. Rest.      Potential    Kinetic En.   Total Energy  Conserved En.
    4.05699e+02   -4.32013e+05    1.50208e+05   -2.81805e+05   -2.29070e+05
    Temperature Pressure (bar)   Constr. rmsd
    2.99367e+02   -2.89260e+01    4.19370e-06

           Step           Time
        1606000     3212.00000

   Energies (kJ/mol)
           Bond            U-B    Proper Dih.  Improper Dih.          LJ-14
    1.18372e+04    6.16964e+04    4.13064e+04    3.71665e+02    7.36110e+03
     Coulomb-14        LJ (SR)   Coulomb (SR)   Coul. recip. Position Rest.
    1.66932e+02    7.91022e+03   -5.65073e+05    2.00395e+03    2.92568e+02
     Dih. Rest.      Potential    Kinetic En.   Total Energy  Conserved En.
    4.20363e+02   -4.31706e+05    1.51154e+05   -2.80552e+05   -2.28955e+05
    Temperature Pressure (bar)   Constr. rmsd
    3.01252e+02   -8.43231e+01    4.19370e-06

           Step           Time
        1608000     3216.00000

   Energies (kJ/mol)
           Bond            U-B    Proper Dih.  Improper Dih.          LJ-14
    1.18062e+04    6.07945e+04    4.14047e+04    3.51808e+02    7.49505e+03
     Coulomb-14        LJ (SR)   Coulomb (SR)   Coul. recip. Position Rest.
    9.04447e+02    5.97188e+03   -5.63416e+05    2.05946e+03    2.98917e+02
     Dih. Rest.      Potential    Kinetic En.   Total Energy  Conserved En.
    4.13923e+02   -4.31915e+05    1.50200e+05   -2.81715e+05   -2.28791e+05
    Temperature Pressure (bar)   Constr. rmsd
    2.99350e+02   -6.86217e+01    4.19370e-06

           Step           Time
        1610000     3220.00000

   Energies (kJ/mol)
           Bond            U-B    Proper Dih.  Improper Dih.          LJ-14
    1.15111e+04    6.09629e+04    4.10926e+04    3.57362e+02    7.36613e+03
     Coulomb-14        LJ (SR)   Coulomb (SR)   Coul. recip. Position Rest.
    8.28550e+02    5.88397e+03   -5.62507e+05    2.11612e+03    3.10304e+02
     Dih. Rest.      Potential    Kinetic En.   Total Energy  Conserved En.
    4.21279e+02   -4.31657e+05    1.49862e+05   -2.81795e+05   -2.28706e+05
    Temperature Pressure (bar)   Constr. rmsd
    2.98678e+02   -1.51919e+02    4.19370e-06

           Step           Time
        1612000     3224.00000

   Energies (kJ/mol)
           Bond            U-B    Proper Dih.  Improper Dih.          LJ-14
    1.13560e+04    6.12252e+04    4.09105e+04    4.07999e+02    7.45717e+03
     Coulomb-14        LJ (SR)   Coulomb (SR)   Coul. recip. Position Rest.
    4.27110e+02    4.86056e+03   -5.61106e+05    2.01108e+03    3.02957e+02
     Dih. Rest.      Potential    Kinetic En.   Total Energy  Conserved En.
    4.21141e+02   -4.31726e+05    1.50513e+05   -2.81213e+05   -2.28602e+05
    Temperature Pressure (bar)   Constr. rmsd
    2.99973e+02   -1.20223e+02    4.19370e-06

           Step           Time
        1614000     3228.00000

   Energies (kJ/mol)
           Bond            U-B    Proper Dih.  Improper Dih.          LJ-14
    1.13377e+04    6.19703e+04    4.09895e+04    4.37423e+02    7.37439e+03
     Coulomb-14        LJ (SR)   Coulomb (SR)   Coul. recip. Position Rest.
    4.71094e+02    5.81682e+03   -5.61970e+05    2.06854e+03    2.84879e+02
     Dih. Rest.      Potential    Kinetic En.   Total Energy  Conserved En.
    4.30508e+02   -4.30788e+05    1.51218e+05   -2.79571e+05   -2.28468e+05
    Temperature Pressure (bar)   Constr. rmsd
    3.01379e+02   -7.78988e+01    4.19370e-06

           Step           Time
        1616000     3232.00000

   Energies (kJ/mol)
           Bond            U-B    Proper Dih.  Improper Dih.          LJ-14
    1.19153e+04    6.08892e+04    4.09279e+04    3.20945e+02    7.47021e+03
     Coulomb-14        LJ (SR)   Coulomb (SR)   Coul. recip. Position Rest.
    4.02486e+02    6.57934e+03   -5.62036e+05    2.06803e+03    3.20173e+02
     Dih. Rest.      Potential    Kinetic En.   Total Energy  Conserved En.
    3.76510e+02   -4.30766e+05    1.50385e+05   -2.80381e+05   -2.28357e+05
    Temperature Pressure (bar)   Constr. rmsd
    2.99720e+02   -3.44035e+01    4.19370e-06

           Step           Time
        1618000     3236.00000

   Energies (kJ/mol)
           Bond            U-B    Proper Dih.  Improper Dih.          LJ-14
    1.14746e+04    6.10481e+04    4.13882e+04    4.07337e+02    7.44602e+03
     Coulomb-14        LJ (SR)   Coulomb (SR)   Coul. recip. Position Rest.
    3.49635e+02    4.94220e+03   -5.60646e+05    1.97644e+03    3.07138e+02
     Dih. Rest.      Potential    Kinetic En.   Total Energy  Conserved En.
    4.61715e+02   -4.30845e+05    1.50258e+05   -2.80587e+05   -2.28207e+05
    Temperature Pressure (bar)   Constr. rmsd
    2.99466e+02   -9.18526e+01    4.19370e-06

           Step           Time
        1620000     3240.00000

   Energies (kJ/mol)
           Bond            U-B    Proper Dih.  Improper Dih.          LJ-14
    1.14527e+04    6.17176e+04    4.08895e+04    3.77688e+02    7.45901e+03
     Coulomb-14        LJ (SR)   Coulomb (SR)   Coul. recip. Position Rest.
    5.60378e+02    4.69481e+03   -5.61106e+05    2.03479e+03    2.83119e+02
     Dih. Rest.      Potential    Kinetic En.   Total Energy  Conserved En.
    4.07198e+02   -4.31229e+05    1.49367e+05   -2.81862e+05   -2.28067e+05
    Temperature Pressure (bar)   Constr. rmsd
    2.97691e+02   -1.14746e+02    4.19370e-06

           Step           Time
        1622000     3244.00000

   Energies (kJ/mol)
           Bond            U-B    Proper Dih.  Improper Dih.          LJ-14
    1.14686e+04    6.04745e+04    4.09149e+04    4.00730e+02    7.66560e+03
     Coulomb-14        LJ (SR)   Coulomb (SR)   Coul. recip. Position Rest.
    7.08327e+02    6.14213e+03   -5.62820e+05    2.09555e+03    2.82951e+02
     Dih. Rest.      Potential    Kinetic En.   Total Energy  Conserved En.
    4.11155e+02   -4.32255e+05    1.50912e+05   -2.81343e+05   -2.28067e+05
    Temperature Pressure (bar)   Constr. rmsd
    3.00770e+02   -4.12665e+01    4.19370e-06

           Step           Time
        1624000     3248.00000

   Energies (kJ/mol)
           Bond            U-B    Proper Dih.  Improper Dih.          LJ-14
    1.12774e+04    6.08994e+04    4.12259e+04    4.76990e+02    7.50784e+03
     Coulomb-14        LJ (SR)   Coulomb (SR)   Coul. recip. Position Rest.
    4.54631e+02    7.65729e+03   -5.64177e+05    2.12936e+03    2.92902e+02
     Dih. Rest.      Potential    Kinetic En.   Total Energy  Conserved En.
    4.50605e+02   -4.31804e+05    1.50725e+05   -2.81079e+05   -2.27908e+05
    Temperature Pressure (bar)   Constr. rmsd
    3.00398e+02    1.05494e+02    4.19370e-06

           Step           Time
        1626000     3252.00000

   Energies (kJ/mol)
           Bond            U-B    Proper Dih.  Improper Dih.          LJ-14
    1.17713e+04    6.13116e+04    4.09375e+04    3.82096e+02    7.32661e+03
     Coulomb-14        LJ (SR)   Coulomb (SR)   Coul. recip. Position Rest.
    5.84584e+02    5.42062e+03   -5.61158e+05    2.03774e+03    3.34452e+02
     Dih. Rest.      Potential    Kinetic En.   Total Energy  Conserved En.
    4.38947e+02   -4.30613e+05    1.51128e+05   -2.79485e+05   -2.27765e+05
    Temperature Pressure (bar)   Constr. rmsd
    3.01199e+02   -5.15531e+01    4.19370e-06

           Step           Time
        1628000     3256.00000

   Energies (kJ/mol)
           Bond            U-B    Proper Dih.  Improper Dih.          LJ-14
    1.18271e+04    6.08157e+04    4.14104e+04    3.59233e+02    7.45289e+03
     Coulomb-14        LJ (SR)   Coulomb (SR)   Coul. recip. Position Rest.
    4.21872e+02    4.57307e+03   -5.60458e+05    2.08502e+03    2.82122e+02
     Dih. Rest.      Potential    Kinetic En.   Total Energy  Conserved En.
    4.68250e+02   -4.30762e+05    1.50267e+05   -2.80495e+05   -2.27657e+05
    Temperature Pressure (bar)   Constr. rmsd
    2.99484e+02   -1.75137e+02    4.19370e-06

           Step           Time
        1630000     3260.00000

   Energies (kJ/mol)
           Bond            U-B    Proper Dih.  Improper Dih.          LJ-14
    1.14780e+04    6.13127e+04    4.12586e+04    3.90911e+02    7.57963e+03
     Coulomb-14        LJ (SR)   Coulomb (SR)   Coul. recip. Position Rest.
    3.83357e+02    5.78974e+03   -5.62791e+05    2.13164e+03    2.91674e+02
     Dih. Rest.      Potential    Kinetic En.   Total Energy  Conserved En.
    4.21324e+02   -4.31754e+05    1.50517e+05   -2.81237e+05   -2.27487e+05
    Temperature Pressure (bar)   Constr. rmsd
    2.99982e+02   -9.46299e+00    4.19370e-06

           Step           Time
        1632000     3264.00000

   Energies (kJ/mol)
           Bond            U-B    Proper Dih.  Improper Dih.          LJ-14
    1.17850e+04    6.09120e+04    4.11990e+04    3.59899e+02    7.47302e+03
     Coulomb-14        LJ (SR)   Coulomb (SR)   Coul. recip. Position Rest.
    5.97760e+02    5.84805e+03   -5.63537e+05    2.02170e+03    3.03805e+02
     Dih. Rest.      Potential    Kinetic En.   Total Energy  Conserved En.
    4.83882e+02   -4.32553e+05    1.50577e+05   -2.81976e+05   -2.27357e+05
    Temperature Pressure (bar)   Constr. rmsd
    3.00103e+02   -6.70822e+01    4.19370e-06

           Step           Time
        1634000     3268.00000

   Energies (kJ/mol)
           Bond            U-B    Proper Dih.  Improper Dih.          LJ-14
    1.15717e+04    6.12250e+04    4.10933e+04    3.75088e+02    7.54741e+03
     Coulomb-14        LJ (SR)   Coulomb (SR)   Coul. recip. Position Rest.
   -2.10172e+02    6.38959e+03   -5.62135e+05    2.09367e+03    2.96760e+02
     Dih. Rest.      Potential    Kinetic En.   Total Energy  Conserved En.
    4.09838e+02   -4.31343e+05    1.51551e+05   -2.79792e+05   -2.27254e+05
    Temperature Pressure (bar)   Constr. rmsd
    3.02043e+02    1.40514e+01    4.19370e-06

           Step           Time
        1636000     3272.00000

   Energies (kJ/mol)
           Bond            U-B    Proper Dih.  Improper Dih.          LJ-14
    1.17616e+04    6.10478e+04    4.15472e+04    3.95768e+02    7.39758e+03
     Coulomb-14        LJ (SR)   Coulomb (SR)   Coul. recip. Position Rest.
    1.72500e+02    5.86410e+03   -5.62985e+05    2.04356e+03    3.58249e+02
     Dih. Rest.      Potential    Kinetic En.   Total Energy  Conserved En.
    4.35940e+02   -4.31960e+05    1.49632e+05   -2.82329e+05   -2.27154e+05
    Temperature Pressure (bar)   Constr. rmsd
    2.98218e+02   -1.21517e+02    4.19370e-06

           Step           Time
        1638000     3276.00000

   Energies (kJ/mol)
           Bond            U-B    Proper Dih.  Improper Dih.          LJ-14
    1.15187e+04    6.06255e+04    4.12284e+04    4.17950e+02    7.50396e+03
     Coulomb-14        LJ (SR)   Coulomb (SR)   Coul. recip. Position Rest.
    3.73450e+02    7.37990e+03   -5.63308e+05    2.08623e+03    3.44227e+02
     Dih. Rest.      Potential    Kinetic En.   Total Energy  Conserved En.
    4.12872e+02   -4.31417e+05    1.50900e+05   -2.80517e+05   -2.27040e+05
    Temperature Pressure (bar)   Constr. rmsd
    3.00746e+02    5.68148e+01    4.19370e-06

           Step           Time
        1640000     3280.00000

   Energies (kJ/mol)
           Bond            U-B    Proper Dih.  Improper Dih.          LJ-14
    1.13361e+04    6.03230e+04    4.10600e+04    3.96079e+02    7.54328e+03
     Coulomb-14        LJ (SR)   Coulomb (SR)   Coul. recip. Position Rest.
    5.03937e+02    5.74135e+03   -5.62688e+05    2.10330e+03    3.15149e+02
     Dih. Rest.      Potential    Kinetic En.   Total Energy  Conserved En.
    4.43451e+02   -4.32922e+05    1.50507e+05   -2.82415e+05   -2.26955e+05
    Temperature Pressure (bar)   Constr. rmsd
    2.99962e+02   -5.13566e+00    4.19370e-06

           Step           Time
        1642000     3284.00000

   Energies (kJ/mol)
           Bond            U-B    Proper Dih.  Improper Dih.          LJ-14
    1.16364e+04    6.08350e+04    4.10206e+04    3.60663e+02    7.35531e+03
     Coulomb-14        LJ (SR)   Coulomb (SR)   Coul. recip. Position Rest.
    1.36993e+02    5.34726e+03   -5.62320e+05    2.04023e+03    3.10757e+02
     Dih. Rest.      Potential    Kinetic En.   Total Energy  Conserved En.
    3.99765e+02   -4.32877e+05    1.50779e+05   -2.82098e+05   -2.26793e+05
    Temperature Pressure (bar)   Constr. rmsd
    3.00504e+02   -9.43267e+01    4.19370e-06

           Step           Time
        1644000     3288.00000

   Energies (kJ/mol)
           Bond            U-B    Proper Dih.  Improper Dih.          LJ-14
    1.10974e+04    6.11503e+04    4.11878e+04    3.54641e+02    7.40777e+03
     Coulomb-14        LJ (SR)   Coulomb (SR)   Coul. recip. Position Rest.
    1.11423e+02    6.24042e+03   -5.63256e+05    2.03923e+03    2.99394e+02
     Dih. Rest.      Potential    Kinetic En.   Total Energy  Conserved En.
    4.51242e+02   -4.32916e+05    1.49505e+05   -2.83411e+05   -2.26622e+05
    Temperature Pressure (bar)   Constr. rmsd
    2.97965e+02    4.77306e+01    4.19370e-06

           Step           Time
        1646000     3292.00000

   Energies (kJ/mol)
           Bond            U-B    Proper Dih.  Improper Dih.          LJ-14
    1.18030e+04    6.17468e+04    4.11216e+04    3.36466e+02    7.39343e+03
     Coulomb-14        LJ (SR)   Coulomb (SR)   Coul. recip. Position Rest.
    4.02452e+02    6.87536e+03   -5.63719e+05    2.07635e+03    2.89915e+02
     Dih. Rest.      Potential    Kinetic En.   Total Energy  Conserved En.
    3.98634e+02   -4.31275e+05    1.49865e+05   -2.81410e+05   -2.26465e+05
    Temperature Pressure (bar)   Constr. rmsd
    2.98684e+02   -9.99037e+01    4.19370e-06

           Step           Time
        1648000     3296.00000

   Energies (kJ/mol)
           Bond            U-B    Proper Dih.  Improper Dih.          LJ-14
    1.14950e+04    6.13317e+04    4.11198e+04    3.40534e+02    7.51347e+03
     Coulomb-14        LJ (SR)   Coulomb (SR)   Coul. recip. Position Rest.
    2.93752e+02    6.33971e+03   -5.63419e+05    2.12593e+03    3.01688e+02
     Dih. Rest.      Potential    Kinetic En.   Total Energy  Conserved En.
    4.43989e+02   -4.32114e+05    1.51277e+05   -2.80836e+05   -2.26421e+05
    Temperature Pressure (bar)   Constr. rmsd
    3.01498e+02   -2.95966e+00    4.19370e-06

           Step           Time
        1650000     3300.00000

   Energies (kJ/mol)
           Bond            U-B    Proper Dih.  Improper Dih.          LJ-14
    1.15589e+04    6.07686e+04    4.12735e+04    3.80172e+02    7.45407e+03
     Coulomb-14        LJ (SR)   Coulomb (SR)   Coul. recip. Position Rest.
    1.85447e+02    6.25074e+03   -5.63567e+05    2.10257e+03    3.14390e+02
     Dih. Rest.      Potential    Kinetic En.   Total Energy  Conserved En.
    4.33771e+02   -4.32845e+05    1.50229e+05   -2.82616e+05   -2.26298e+05
    Temperature Pressure (bar)   Constr. rmsd
    2.99408e+02   -2.57773e+01    4.19370e-06

           Step           Time
        1652000     3304.00000

   Energies (kJ/mol)
           Bond            U-B    Proper Dih.  Improper Dih.          LJ-14
    1.15786e+04    6.12576e+04    4.12969e+04    3.94202e+02    7.32304e+03
     Coulomb-14        LJ (SR)   Coulomb (SR)   Coul. recip. Position Rest.
    3.18300e+02    5.84978e+03   -5.61702e+05    2.08444e+03    3.55693e+02
     Dih. Rest.      Potential    Kinetic En.   Total Energy  Conserved En.
    4.33321e+02   -4.30810e+05    1.49737e+05   -2.81074e+05   -2.26161e+05
    Temperature Pressure (bar)   Constr. rmsd
    2.98427e+02   -1.04243e+02    4.19370e-06

           Step           Time
        1654000     3308.00000

   Energies (kJ/mol)
           Bond            U-B    Proper Dih.  Improper Dih.          LJ-14
    1.14491e+04    6.09640e+04    4.12552e+04    3.64179e+02    7.51526e+03
     Coulomb-14        LJ (SR)   Coulomb (SR)   Coul. recip. Position Rest.
    4.79825e+02    6.22022e+03   -5.63856e+05    2.05244e+03    3.32640e+02
     Dih. Rest.      Potential    Kinetic En.   Total Energy  Conserved En.
    4.32794e+02   -4.32790e+05    1.50676e+05   -2.82114e+05   -2.26066e+05
    Temperature Pressure (bar)   Constr. rmsd
    3.00299e+02   -3.59421e+01    4.19370e-06

           Step           Time
        1656000     3312.00000

   Energies (kJ/mol)
           Bond            U-B    Proper Dih.  Improper Dih.          LJ-14
    1.14479e+04    6.11834e+04    4.09435e+04    4.35049e+02    7.38675e+03
     Coulomb-14        LJ (SR)   Coulomb (SR)   Coul. recip. Position Rest.
    5.22302e+02    6.38329e+03   -5.63386e+05    2.01671e+03    3.19863e+02
     Dih. Rest.      Potential    Kinetic En.   Total Energy  Conserved En.
    4.74068e+02   -4.32273e+05    1.50330e+05   -2.81943e+05   -2.25898e+05
    Temperature Pressure (bar)   Constr. rmsd
    2.99610e+02   -1.33625e+02    4.19370e-06

           Step           Time
        1658000     3316.00000

   Energies (kJ/mol)
           Bond            U-B    Proper Dih.  Improper Dih.          LJ-14
    1.18048e+04    6.07987e+04    4.12085e+04    3.85538e+02    7.58965e+03
     Coulomb-14        LJ (SR)   Coulomb (SR)   Coul. recip. Position Rest.
   -1.30713e+00    5.23359e+03   -5.61492e+05    2.09918e+03    3.41745e+02
     Dih. Rest.      Potential    Kinetic En.   Total Energy  Conserved En.
    3.95779e+02   -4.31636e+05    1.51123e+05   -2.80512e+05   -2.25824e+05
    Temperature Pressure (bar)   Constr. rmsd
    3.01191e+02   -1.36443e+02    4.19370e-06

           Step           Time
        1660000     3320.00000

   Energies (kJ/mol)
           Bond            U-B    Proper Dih.  Improper Dih.          LJ-14
    1.14713e+04    6.10694e+04    4.13370e+04    3.41517e+02    7.42268e+03
     Coulomb-14        LJ (SR)   Coulomb (SR)   Coul. recip. Position Rest.
   -2.29202e+01    5.36937e+03   -5.61595e+05    2.07066e+03    3.47953e+02
     Dih. Rest.      Potential    Kinetic En.   Total Energy  Conserved En.
    3.70685e+02   -4.31817e+05    1.51315e+05   -2.80503e+05   -2.25719e+05
    Temperature Pressure (bar)   Constr. rmsd
    3.01572e+02   -1.50166e+02    4.19370e-06

           Step           Time
        1662000     3324.00000

   Energies (kJ/mol)
           Bond            U-B    Proper Dih.  Improper Dih.          LJ-14
    1.13991e+04    6.18968e+04    4.13660e+04    4.27229e+02    7.42124e+03
     Coulomb-14        LJ (SR)   Coulomb (SR)   Coul. recip. Position Rest.
    1.01939e+02    5.63773e+03   -5.62694e+05    2.02884e+03    3.48268e+02
     Dih. Rest.      Potential    Kinetic En.   Total Energy  Conserved En.
    4.18781e+02   -4.31649e+05    1.50684e+05   -2.80964e+05   -2.25560e+05
    Temperature Pressure (bar)   Constr. rmsd
    3.00316e+02   -1.97641e+01    4.19370e-06

           Step           Time
        1664000     3328.00000

   Energies (kJ/mol)
           Bond            U-B    Proper Dih.  Improper Dih.          LJ-14
    1.17147e+04    6.16600e+04    4.11238e+04    4.09452e+02    7.41277e+03
     Coulomb-14        LJ (SR)   Coulomb (SR)   Coul. recip. Position Rest.
    5.80015e+02    5.91411e+03   -5.62414e+05    2.10342e+03    3.32363e+02
     Dih. Rest.      Potential    Kinetic En.   Total Energy  Conserved En.
    4.38730e+02   -4.30725e+05    1.51149e+05   -2.79575e+05   -2.25448e+05
    Temperature Pressure (bar)   Constr. rmsd
    3.01242e+02   -9.23659e+01    4.19370e-06

           Step           Time
        1666000     3332.00000

   Energies (kJ/mol)
           Bond            U-B    Proper Dih.  Improper Dih.          LJ-14
    1.20055e+04    6.11247e+04    4.10903e+04    3.55334e+02    7.49049e+03
     Coulomb-14        LJ (SR)   Coulomb (SR)   Coul. recip. Position Rest.
    1.65965e+02    5.13494e+03   -5.61630e+05    2.03621e+03    3.16850e+02
     Dih. Rest.      Potential    Kinetic En.   Total Energy  Conserved En.
    4.20485e+02   -4.31489e+05    1.51109e+05   -2.80380e+05   -2.25354e+05
    Temperature Pressure (bar)   Constr. rmsd
    3.01163e+02   -1.25654e+02    4.19370e-06

           Step           Time
        1668000     3336.00000

   Energies (kJ/mol)
           Bond            U-B    Proper Dih.  Improper Dih.          LJ-14
    1.15862e+04    6.14269e+04    4.08218e+04    3.65982e+02    7.45514e+03
     Coulomb-14        LJ (SR)   Coulomb (SR)   Coul. recip. Position Rest.
    4.38742e+02    6.72585e+03   -5.64307e+05    2.10126e+03    3.23139e+02
     Dih. Rest.      Potential    Kinetic En.   Total Energy  Conserved En.
    4.59644e+02   -4.32602e+05    1.50338e+05   -2.82264e+05   -2.25165e+05
    Temperature Pressure (bar)   Constr. rmsd
    2.99625e+02   -6.51899e+00    4.19370e-06

           Step           Time
        1670000     3340.00000

   Energies (kJ/mol)
           Bond            U-B    Proper Dih.  Improper Dih.          LJ-14
    1.15550e+04    6.15760e+04    4.14381e+04    3.68615e+02    7.54666e+03
     Coulomb-14        LJ (SR)   Coulomb (SR)   Coul. recip. Position Rest.
    4.42599e+02    5.92940e+03   -5.62215e+05    2.06766e+03    2.80039e+02
     Dih. Rest.      Potential    Kinetic En.   Total Energy  Conserved En.
    3.98315e+02   -4.30613e+05    1.49559e+05   -2.81054e+05   -2.25040e+05
    Temperature Pressure (bar)   Constr. rmsd
    2.98072e+02   -9.70005e+01    4.19370e-06

           Step           Time
        1672000     3344.00000

   Energies (kJ/mol)
           Bond            U-B    Proper Dih.  Improper Dih.          LJ-14
    1.14789e+04    6.13345e+04    4.09891e+04    3.96975e+02    7.69860e+03
     Coulomb-14        LJ (SR)   Coulomb (SR)   Coul. recip. Position Rest.
    7.75818e+01    6.00360e+03   -5.63443e+05    2.01803e+03    3.18144e+02
     Dih. Rest.      Potential    Kinetic En.   Total Energy  Conserved En.
    4.41303e+02   -4.32686e+05    1.51015e+05   -2.81672e+05   -2.24970e+05
    Temperature Pressure (bar)   Constr. rmsd
    3.00974e+02    2.73168e+01    4.19370e-06

           Step           Time
        1674000     3348.00000

   Energies (kJ/mol)
           Bond            U-B    Proper Dih.  Improper Dih.          LJ-14
    1.13693e+04    6.09559e+04    4.09114e+04    3.70071e+02    7.46227e+03
     Coulomb-14        LJ (SR)   Coulomb (SR)   Coul. recip. Position Rest.
    2.41255e+02    7.27478e+03   -5.63562e+05    2.01163e+03    3.02098e+02
     Dih. Rest.      Potential    Kinetic En.   Total Energy  Conserved En.
    3.93187e+02   -4.32270e+05    1.51052e+05   -2.81218e+05   -2.24890e+05
    Temperature Pressure (bar)   Constr. rmsd
    3.01048e+02   -4.44775e+01    4.19370e-06

           Step           Time
        1676000     3352.00000

   Energies (kJ/mol)
           Bond            U-B    Proper Dih.  Improper Dih.          LJ-14
    1.13932e+04    6.18013e+04    4.11221e+04    4.19138e+02    7.56882e+03
     Coulomb-14        LJ (SR)   Coulomb (SR)   Coul. recip. Position Rest.
    2.09727e+02    6.04668e+03   -5.62739e+05    2.03972e+03    2.89233e+02
     Dih. Rest.      Potential    Kinetic En.   Total Energy  Conserved En.
    3.94893e+02   -4.31454e+05    1.51344e+05   -2.80110e+05   -2.24691e+05
    Temperature Pressure (bar)   Constr. rmsd
    3.01631e+02   -4.65895e+01    4.19370e-06

           Step           Time
        1678000     3356.00000

   Energies (kJ/mol)
           Bond            U-B    Proper Dih.  Improper Dih.          LJ-14
    1.14150e+04    6.13168e+04    4.13122e+04    3.73867e+02    7.47979e+03
     Coulomb-14        LJ (SR)   Coulomb (SR)   Coul. recip. Position Rest.
   -8.76964e+01    7.72030e+03   -5.63865e+05    2.01105e+03    3.00376e+02
     Dih. Rest.      Potential    Kinetic En.   Total Energy  Conserved En.
    4.62426e+02   -4.31560e+05    1.50235e+05   -2.81325e+05   -2.24562e+05
    Temperature Pressure (bar)   Constr. rmsd
    2.99421e+02    8.43927e+01    4.19370e-06

           Step           Time
        1680000     3360.00000

   Energies (kJ/mol)
           Bond            U-B    Proper Dih.  Improper Dih.          LJ-14
    1.14320e+04    6.13833e+04    4.11966e+04    3.82915e+02    7.60193e+03
     Coulomb-14        LJ (SR)   Coulomb (SR)   Coul. recip. Position Rest.
    2.32246e+02    7.70714e+03   -5.65101e+05    2.02885e+03    2.81360e+02
     Dih. Rest.      Potential    Kinetic En.   Total Energy  Conserved En.
    5.14667e+02   -4.32340e+05    1.49855e+05   -2.82485e+05   -2.24385e+05
    Temperature Pressure (bar)   Constr. rmsd
    2.98663e+02   -1.11546e+01    4.19370e-06

           Step           Time
        1682000     3364.00000

   Energies (kJ/mol)
           Bond            U-B    Proper Dih.  Improper Dih.          LJ-14
    1.12820e+04    6.13987e+04    4.13239e+04    4.15138e+02    7.54655e+03
     Coulomb-14        LJ (SR)   Coulomb (SR)   Coul. recip. Position Rest.
    2.15310e+02    6.85435e+03   -5.64035e+05    2.05160e+03    2.63391e+02
     Dih. Rest.      Potential    Kinetic En.   Total Energy  Conserved En.
    4.00856e+02   -4.32283e+05    1.50888e+05   -2.81395e+05   -2.24355e+05
    Temperature Pressure (bar)   Constr. rmsd
    3.00721e+02    3.99360e+01    4.19370e-06

           Step           Time
        1684000     3368.00000

   Energies (kJ/mol)
           Bond            U-B    Proper Dih.  Improper Dih.          LJ-14
    1.13948e+04    6.13924e+04    4.11692e+04    4.11788e+02    7.51062e+03
     Coulomb-14        LJ (SR)   Coulomb (SR)   Coul. recip. Position Rest.
    7.49268e+00    6.38295e+03   -5.62986e+05    2.01212e+03    2.56050e+02
     Dih. Rest.      Potential    Kinetic En.   Total Energy  Conserved En.
    4.35823e+02   -4.32013e+05    1.50677e+05   -2.81336e+05   -2.24220e+05
    Temperature Pressure (bar)   Constr. rmsd
    3.00302e+02    2.33505e+01    4.19370e-06

           Step           Time
        1686000     3372.00000

   Energies (kJ/mol)
           Bond            U-B    Proper Dih.  Improper Dih.          LJ-14
    1.13941e+04    6.17625e+04    4.12525e+04    3.79928e+02    7.53450e+03
     Coulomb-14        LJ (SR)   Coulomb (SR)   Coul. recip. Position Rest.
   -1.67852e+01    6.45180e+03   -5.63452e+05    2.09111e+03    3.59549e+02
     Dih. Rest.      Potential    Kinetic En.   Total Energy  Conserved En.
    4.11828e+02   -4.31831e+05    1.50464e+05   -2.81367e+05   -2.24059e+05
    Temperature Pressure (bar)   Constr. rmsd
    2.99876e+02    4.20232e+00    4.19370e-06

           Step           Time
        1688000     3376.00000

   Energies (kJ/mol)
           Bond            U-B    Proper Dih.  Improper Dih.          LJ-14
    1.17628e+04    6.19942e+04    4.14233e+04    3.55928e+02    7.59663e+03
     Coulomb-14        LJ (SR)   Coulomb (SR)   Coul. recip. Position Rest.
   -3.38634e+01    6.23346e+03   -5.63507e+05    2.04478e+03    3.41094e+02
     Dih. Rest.      Potential    Kinetic En.   Total Energy  Conserved En.
    3.59439e+02   -4.31430e+05    1.50604e+05   -2.80825e+05   -2.23927e+05
    Temperature Pressure (bar)   Constr. rmsd
    3.00156e+02   -4.31907e+01    4.19370e-06

           Step           Time
        1690000     3380.00000

   Energies (kJ/mol)
           Bond            U-B    Proper Dih.  Improper Dih.          LJ-14
    1.14004e+04    6.18976e+04    4.13576e+04    3.70220e+02    7.45174e+03
     Coulomb-14        LJ (SR)   Coulomb (SR)   Coul. recip. Position Rest.
    1.18687e+02    5.03530e+03   -5.62266e+05    2.00829e+03    2.81388e+02
     Dih. Rest.      Potential    Kinetic En.   Total Energy  Conserved En.
    4.04335e+02   -4.31940e+05    1.51542e+05   -2.80399e+05   -2.23854e+05
    Temperature Pressure (bar)   Constr. rmsd
    3.02024e+02   -9.32813e+01    4.19370e-06

           Step           Time
        1692000     3384.00000

   Energies (kJ/mol)
           Bond            U-B    Proper Dih.  Improper Dih.          LJ-14
    1.17004e+04    6.20925e+04    4.13403e+04    3.48029e+02    7.55495e+03
     Coulomb-14        LJ (SR)   Coulomb (SR)   Coul. recip. Position Rest.
    9.08726e+01    7.41102e+03   -5.65454e+05    2.05437e+03    2.62856e+02
     Dih. Rest.      Potential    Kinetic En.   Total Energy  Conserved En.
    4.04839e+02   -4.32194e+05    1.50540e+05   -2.81654e+05   -2.23628e+05
    Temperature Pressure (bar)   Constr. rmsd
    3.00029e+02   -3.01556e+01    4.19370e-06

           Step           Time
        1694000     3388.00000

   Energies (kJ/mol)
           Bond            U-B    Proper Dih.  Improper Dih.          LJ-14
    1.18421e+04    6.17148e+04    4.14637e+04    3.49755e+02    7.62893e+03
     Coulomb-14        LJ (SR)   Coulomb (SR)   Coul. recip. Position Rest.
   -1.13923e+02    6.07430e+03   -5.63400e+05    2.05416e+03    3.17510e+02
     Dih. Rest.      Potential    Kinetic En.   Total Energy  Conserved En.
    4.30977e+02   -4.31638e+05    1.51778e+05   -2.79860e+05   -2.23567e+05
    Temperature Pressure (bar)   Constr. rmsd
    3.02495e+02   -6.13552e+01    4.19370e-06

           Step           Time
        1696000     3392.00000

   Energies (kJ/mol)
           Bond            U-B    Proper Dih.  Improper Dih.          LJ-14
    1.13542e+04    6.10125e+04    4.13193e+04    3.68930e+02    7.50430e+03
     Coulomb-14        LJ (SR)   Coulomb (SR)   Coul. recip. Position Rest.
   -1.65109e+02    7.08224e+03   -5.65185e+05    2.05237e+03    3.02402e+02
     Dih. Rest.      Potential    Kinetic En.   Total Energy  Conserved En.
    4.56604e+02   -4.33897e+05    1.49686e+05   -2.84211e+05   -2.23427e+05
    Temperature Pressure (bar)   Constr. rmsd
    2.98326e+02   -6.09597e+01    4.19370e-06

           Step           Time
        1698000     3396.00000

   Energies (kJ/mol)
           Bond            U-B    Proper Dih.  Improper Dih.          LJ-14
    1.13379e+04    6.13971e+04    4.12928e+04    4.18687e+02    7.49304e+03
     Coulomb-14        LJ (SR)   Coulomb (SR)   Coul. recip. Position Rest.
    2.01070e+02    6.40533e+03   -5.64281e+05    2.08206e+03    2.78174e+02
     Dih. Rest.      Potential    Kinetic En.   Total Energy  Conserved En.
    4.65699e+02   -4.32909e+05    1.51025e+05   -2.81884e+05   -2.23338e+05
    Temperature Pressure (bar)   Constr. rmsd
    3.00995e+02    2.37660e+01    4.19370e-06

           Step           Time
        1700000     3400.00000

   Energies (kJ/mol)
           Bond            U-B    Proper Dih.  Improper Dih.          LJ-14
    1.17046e+04    6.06456e+04    4.10658e+04    3.89371e+02    7.33766e+03
     Coulomb-14        LJ (SR)   Coulomb (SR)   Coul. recip. Position Rest.
   -2.00929e+01    5.85603e+03   -5.62902e+05    2.02961e+03    3.00853e+02
     Dih. Rest.      Potential    Kinetic En.   Total Energy  Conserved En.
    3.70462e+02   -4.33222e+05    1.50218e+05   -2.83003e+05   -2.23235e+05
    Temperature Pressure (bar)   Constr. rmsd
    2.99387e+02   -8.28212e+01    4.19370e-06

           Step           Time
        1702000     3404.00000

   Energies (kJ/mol)
           Bond            U-B    Proper Dih.  Improper Dih.          LJ-14
    1.14871e+04    6.13709e+04    4.13484e+04    3.91738e+02    7.66814e+03
     Coulomb-14        LJ (SR)   Coulomb (SR)   Coul. recip. Position Rest.
    5.85823e+02    6.67195e+03   -5.64015e+05    2.06377e+03    3.08411e+02
     Dih. Rest.      Potential    Kinetic En.   Total Energy  Conserved En.
    4.46659e+02   -4.31672e+05    1.51362e+05   -2.80310e+05   -2.23053e+05
    Temperature Pressure (bar)   Constr. rmsd
    3.01667e+02    3.95964e+01    4.19370e-06

           Step           Time
        1704000     3408.00000

   Energies (kJ/mol)
           Bond            U-B    Proper Dih.  Improper Dih.          LJ-14
    1.12847e+04    6.12502e+04    4.10573e+04    3.88873e+02    7.46833e+03
     Coulomb-14        LJ (SR)   Coulomb (SR)   Coul. recip. Position Rest.
    4.92090e+01    5.27459e+03   -5.61827e+05    2.02207e+03    3.04852e+02
     Dih. Rest.      Potential    Kinetic En.   Total Energy  Conserved En.
    4.15354e+02   -4.32312e+05    1.51122e+05   -2.81190e+05   -2.22955e+05
    Temperature Pressure (bar)   Constr. rmsd
    3.01188e+02   -6.91583e+01    4.19370e-06

           Step           Time
        1706000     3412.00000

   Energies (kJ/mol)
           Bond            U-B    Proper Dih.  Improper Dih.          LJ-14
    1.16231e+04    6.11069e+04    4.09215e+04    3.81398e+02    7.52380e+03
     Coulomb-14        LJ (SR)   Coulomb (SR)   Coul. recip. Position Rest.
    5.17432e+02    5.20942e+03   -5.62354e+05    2.04277e+03    3.14794e+02
     Dih. Rest.      Potential    Kinetic En.   Total Energy  Conserved En.
    4.36997e+02   -4.32276e+05    1.49733e+05   -2.82543e+05   -2.22794e+05
    Temperature Pressure (bar)   Constr. rmsd
    2.98419e+02   -1.45927e+02    4.19370e-06

           Step           Time
        1708000     3416.00000

   Energies (kJ/mol)
           Bond            U-B    Proper Dih.  Improper Dih.          LJ-14
    1.14726e+04    6.16771e+04    4.09653e+04    3.92257e+02    7.56072e+03
     Coulomb-14        LJ (SR)   Coulomb (SR)   Coul. recip. Position Rest.
    7.35114e+02    8.87091e+03   -5.65324e+05    2.06123e+03    2.82925e+02
     Dih. Rest.      Potential    Kinetic En.   Total Energy  Conserved En.
    4.41976e+02   -4.30863e+05    1.49412e+05   -2.81451e+05   -2.22646e+05
    Temperature Pressure (bar)   Constr. rmsd
    2.97780e+02    7.91543e+01    4.19370e-06

           Step           Time
        1710000     3420.00000

   Energies (kJ/mol)
           Bond            U-B    Proper Dih.  Improper Dih.          LJ-14
    1.17262e+04    6.06494e+04    4.13787e+04    3.77643e+02    7.47254e+03
     Coulomb-14        LJ (SR)   Coulomb (SR)   Coul. recip. Position Rest.
    2.87648e+02    6.77865e+03   -5.64454e+05    2.00772e+03    2.81293e+02
     Dih. Rest.      Potential    Kinetic En.   Total Energy  Conserved En.
    4.22726e+02   -4.33071e+05    1.50500e+05   -2.82571e+05   -2.22635e+05
    Temperature Pressure (bar)   Constr. rmsd
    2.99949e+02   -7.50022e+01    4.19370e-06

           Step           Time
        1712000     3424.00000

   Energies (kJ/mol)
           Bond            U-B    Proper Dih.  Improper Dih.          LJ-14
    1.15101e+04    6.10275e+04    4.10993e+04    4.35960e+02    7.39638e+03
     Coulomb-14        LJ (SR)   Coulomb (SR)   Coul. recip. Position Rest.
    3.25892e+02    6.80650e+03   -5.64333e+05    2.06753e+03    2.89910e+02
     Dih. Rest.      Potential    Kinetic En.   Total Energy  Conserved En.
    3.69589e+02   -4.33005e+05    1.51086e+05   -2.81919e+05   -2.22501e+05
    Temperature Pressure (bar)   Constr. rmsd
    3.01117e+02   -1.33282e+02    4.19370e-06

           Step           Time
        1714000     3428.00000

   Energies (kJ/mol)
           Bond            U-B    Proper Dih.  Improper Dih.          LJ-14
    1.13882e+04    6.11641e+04    4.10422e+04    3.90366e+02    7.51617e+03
     Coulomb-14        LJ (SR)   Coulomb (SR)   Coul. recip. Position Rest.
    5.21709e+02    7.30745e+03   -5.64922e+05    1.99004e+03    3.14103e+02
     Dih. Rest.      Potential    Kinetic En.   Total Energy  Conserved En.
    4.33813e+02   -4.32854e+05    1.50903e+05   -2.81951e+05   -2.22366e+05
    Temperature Pressure (bar)   Constr. rmsd
    3.00751e+02   -7.75925e+00    4.19370e-06

           Step           Time
        1716000     3432.00000

   Energies (kJ/mol)
           Bond            U-B    Proper Dih.  Improper Dih.          LJ-14
    1.21196e+04    6.18110e+04    4.10051e+04    3.40427e+02    7.30764e+03
     Coulomb-14        LJ (SR)   Coulomb (SR)   Coul. recip. Position Rest.
    5.87023e+02    5.03666e+03   -5.61696e+05    2.04367e+03    2.95932e+02
     Dih. Rest.      Potential    Kinetic En.   Total Energy  Conserved En.
    4.14110e+02   -4.30735e+05    1.50519e+05   -2.80216e+05   -2.22186e+05
    Temperature Pressure (bar)   Constr. rmsd
    2.99986e+02   -1.58957e+02    4.19370e-06

Writing checkpoint, step 1716800 at Sat Jul 27 06:37:52 2024


           Step           Time
        1718000     3436.00000

   Energies (kJ/mol)
           Bond            U-B    Proper Dih.  Improper Dih.          LJ-14
    1.15794e+04    6.13734e+04    4.12452e+04    3.90732e+02    7.65334e+03
     Coulomb-14        LJ (SR)   Coulomb (SR)   Coul. recip. Position Rest.
    7.73522e+02    6.29252e+03   -5.62389e+05    2.00946e+03    3.14256e+02
     Dih. Rest.      Potential    Kinetic En.   Total Energy  Conserved En.
    3.78929e+02   -4.30378e+05    1.50426e+05   -2.79952e+05   -2.22102e+05
    Temperature Pressure (bar)   Constr. rmsd
    2.99800e+02   -2.39617e+01    4.19370e-06

           Step           Time
        1720000     3440.00000

   Energies (kJ/mol)
           Bond            U-B    Proper Dih.  Improper Dih.          LJ-14
    1.14618e+04    6.15354e+04    4.08485e+04    3.79409e+02    7.54133e+03
     Coulomb-14        LJ (SR)   Coulomb (SR)   Coul. recip. Position Rest.
    5.60196e+02    5.28210e+03   -5.61915e+05    2.06003e+03    3.04898e+02
     Dih. Rest.      Potential    Kinetic En.   Total Energy  Conserved En.
    4.82479e+02   -4.31459e+05    1.49984e+05   -2.81476e+05   -2.22003e+05
    Temperature Pressure (bar)   Constr. rmsd
    2.98920e+02   -7.21313e+01    4.19370e-06

           Step           Time
        1722000     3444.00000

   Energies (kJ/mol)
           Bond            U-B    Proper Dih.  Improper Dih.          LJ-14
    1.12373e+04    6.18115e+04    4.12780e+04    4.05567e+02    7.60799e+03
     Coulomb-14        LJ (SR)   Coulomb (SR)   Coul. recip. Position Rest.
    1.93715e+01    5.20484e+03   -5.61227e+05    2.02000e+03    3.02552e+02
     Dih. Rest.      Potential    Kinetic En.   Total Energy  Conserved En.
    4.52229e+02   -4.30887e+05    1.51188e+05   -2.79699e+05   -2.21877e+05
    Temperature Pressure (bar)   Constr. rmsd
    3.01321e+02    6.59773e+01    4.19370e-06

           Step           Time
        1724000     3448.00000

   Energies (kJ/mol)
           Bond            U-B    Proper Dih.  Improper Dih.          LJ-14
    1.14860e+04    6.11448e+04    4.11162e+04    3.58624e+02    7.57287e+03
     Coulomb-14        LJ (SR)   Coulomb (SR)   Coul. recip. Position Rest.
    3.11916e+02    5.66088e+03   -5.61252e+05    2.04390e+03    2.75028e+02
     Dih. Rest.      Potential    Kinetic En.   Total Energy  Conserved En.
    4.33741e+02   -4.30848e+05    1.51125e+05   -2.79724e+05   -2.21750e+05
    Temperature Pressure (bar)   Constr. rmsd
    3.01193e+02   -2.52049e+01    4.19370e-06

           Step           Time
        1726000     3452.00000

   Energies (kJ/mol)
           Bond            U-B    Proper Dih.  Improper Dih.          LJ-14
    1.20848e+04    6.18215e+04    4.10723e+04    3.98108e+02    7.47591e+03
     Coulomb-14        LJ (SR)   Coulomb (SR)   Coul. recip. Position Rest.
    2.74140e+02    5.53771e+03   -5.62435e+05    2.00603e+03    2.83622e+02
     Dih. Rest.      Potential    Kinetic En.   Total Energy  Conserved En.
    4.28518e+02   -4.31053e+05    1.50581e+05   -2.80472e+05   -2.21564e+05
    Temperature Pressure (bar)   Constr. rmsd
    3.00109e+02   -5.92601e+01    4.19370e-06

           Step           Time
        1728000     3456.00000

   Energies (kJ/mol)
           Bond            U-B    Proper Dih.  Improper Dih.          LJ-14
    1.13539e+04    6.15156e+04    4.13310e+04    3.52617e+02    7.63459e+03
     Coulomb-14        LJ (SR)   Coulomb (SR)   Coul. recip. Position Rest.
    1.24473e+02    5.26755e+03   -5.62710e+05    2.07866e+03    3.11774e+02
     Dih. Rest.      Potential    Kinetic En.   Total Energy  Conserved En.
    4.06360e+02   -4.32333e+05    1.51423e+05   -2.80910e+05   -2.21504e+05
    Temperature Pressure (bar)   Constr. rmsd
    3.01788e+02   -3.16543e+01    4.19370e-06

           Step           Time
        1730000     3460.00000

   Energies (kJ/mol)
           Bond            U-B    Proper Dih.  Improper Dih.          LJ-14
    1.14812e+04    6.16401e+04    4.11335e+04    3.88320e+02    7.44446e+03
     Coulomb-14        LJ (SR)   Coulomb (SR)   Coul. recip. Position Rest.
    1.40612e+01    6.21275e+03   -5.62038e+05    1.97904e+03    2.81100e+02
     Dih. Rest.      Potential    Kinetic En.   Total Energy  Conserved En.
    3.96643e+02   -4.31067e+05    1.49395e+05   -2.81672e+05   -2.21316e+05
    Temperature Pressure (bar)   Constr. rmsd
    2.97746e+02   -1.12180e+02    4.19370e-06

           Step           Time
        1732000     3464.00000

   Energies (kJ/mol)
           Bond            U-B    Proper Dih.  Improper Dih.          LJ-14
    1.15177e+04    6.18514e+04    4.12319e+04    4.09252e+02    7.37209e+03
     Coulomb-14        LJ (SR)   Coulomb (SR)   Coul. recip. Position Rest.
   -2.84552e+02    8.18278e+03   -5.65171e+05    2.07422e+03    2.91924e+02
     Dih. Rest.      Potential    Kinetic En.   Total Energy  Conserved En.
    3.90218e+02   -4.32134e+05    1.51042e+05   -2.81092e+05   -2.21252e+05
    Temperature Pressure (bar)   Constr. rmsd
    3.01028e+02    3.98826e+01    4.19370e-06

           Step           Time
        1734000     3468.00000

   Energies (kJ/mol)
           Bond            U-B    Proper Dih.  Improper Dih.          LJ-14
    1.14579e+04    6.09871e+04    4.12008e+04    3.91136e+02    7.42090e+03
     Coulomb-14        LJ (SR)   Coulomb (SR)   Coul. recip. Position Rest.
    2.59214e+02    5.75675e+03   -5.63260e+05    2.01407e+03    2.93581e+02
     Dih. Rest.      Potential    Kinetic En.   Total Energy  Conserved En.
    3.80845e+02   -4.33098e+05    1.49808e+05   -2.83290e+05   -2.21211e+05
    Temperature Pressure (bar)   Constr. rmsd
    2.98569e+02   -5.20023e+01    4.19370e-06

           Step           Time
        1736000     3472.00000

   Energies (kJ/mol)
           Bond            U-B    Proper Dih.  Improper Dih.          LJ-14
    1.14849e+04    6.16981e+04    4.13250e+04    3.85452e+02    7.45094e+03
     Coulomb-14        LJ (SR)   Coulomb (SR)   Coul. recip. Position Rest.
    2.47631e+02    5.82034e+03   -5.63340e+05    2.02144e+03    2.83576e+02
     Dih. Rest.      Potential    Kinetic En.   Total Energy  Conserved En.
    4.19809e+02   -4.32203e+05    1.50355e+05   -2.81848e+05   -2.21012e+05
    Temperature Pressure (bar)   Constr. rmsd
    2.99659e+02   -1.51834e+01    4.19370e-06

           Step           Time
        1738000     3476.00000

   Energies (kJ/mol)
           Bond            U-B    Proper Dih.  Improper Dih.          LJ-14
    1.16313e+04    6.09719e+04    4.12429e+04    4.11354e+02    7.42446e+03
     Coulomb-14        LJ (SR)   Coulomb (SR)   Coul. recip. Position Rest.
    1.79137e+02    5.80677e+03   -5.62641e+05    2.08675e+03    2.40914e+02
     Dih. Rest.      Potential    Kinetic En.   Total Energy  Conserved En.
    4.43181e+02   -4.32202e+05    1.50195e+05   -2.82007e+05   -2.20923e+05
    Temperature Pressure (bar)   Constr. rmsd
    2.99341e+02   -1.07425e+02    4.19370e-06

           Step           Time
        1740000     3480.00000

   Energies (kJ/mol)
           Bond            U-B    Proper Dih.  Improper Dih.          LJ-14
    1.16275e+04    6.05791e+04    4.13480e+04    3.98780e+02    7.54610e+03
     Coulomb-14        LJ (SR)   Coulomb (SR)   Coul. recip. Position Rest.
    3.94269e+02    6.18788e+03   -5.64150e+05    2.05409e+03    2.26216e+02
     Dih. Rest.      Potential    Kinetic En.   Total Energy  Conserved En.
    4.54566e+02   -4.33334e+05    1.49872e+05   -2.83462e+05   -2.20834e+05
    Temperature Pressure (bar)   Constr. rmsd
    2.98697e+02   -1.03817e+02    4.19370e-06

           Step           Time
        1742000     3484.00000

   Energies (kJ/mol)
           Bond            U-B    Proper Dih.  Improper Dih.          LJ-14
    1.16067e+04    6.14973e+04    4.10596e+04    4.36046e+02    7.60720e+03
     Coulomb-14        LJ (SR)   Coulomb (SR)   Coul. recip. Position Rest.
    4.93490e+02    7.23065e+03   -5.65632e+05    1.97665e+03    2.51040e+02
     Dih. Rest.      Potential    Kinetic En.   Total Energy  Conserved En.
    4.20447e+02   -4.33053e+05    1.50069e+05   -2.82984e+05   -2.20631e+05
    Temperature Pressure (bar)   Constr. rmsd
    2.99089e+02   -6.93860e+01    4.19370e-06

           Step           Time
        1744000     3488.00000

   Energies (kJ/mol)
           Bond            U-B    Proper Dih.  Improper Dih.          LJ-14
    1.14326e+04    6.15030e+04    4.11576e+04    4.11741e+02    7.45159e+03
     Coulomb-14        LJ (SR)   Coulomb (SR)   Coul. recip. Position Rest.
    3.45759e+02    5.33798e+03   -5.63027e+05    2.00370e+03    2.64475e+02
     Dih. Rest.      Potential    Kinetic En.   Total Energy  Conserved En.
    4.66853e+02   -4.32652e+05    1.50660e+05   -2.81992e+05   -2.20525e+05
    Temperature Pressure (bar)   Constr. rmsd
    3.00268e+02   -1.36362e+02    4.19370e-06

           Step           Time
        1746000     3492.00000

   Energies (kJ/mol)
           Bond            U-B    Proper Dih.  Improper Dih.          LJ-14
    1.15488e+04    6.07452e+04    4.10366e+04    4.12262e+02    7.60767e+03
     Coulomb-14        LJ (SR)   Coulomb (SR)   Coul. recip. Position Rest.
    3.53541e+02    7.18792e+03   -5.64572e+05    2.02952e+03    2.38646e+02
     Dih. Rest.      Potential    Kinetic En.   Total Energy  Conserved En.
    3.70819e+02   -4.33041e+05    1.50027e+05   -2.83013e+05   -2.20441e+05
    Temperature Pressure (bar)   Constr. rmsd
    2.99006e+02    4.40902e+01    4.19370e-06

           Step           Time
        1748000     3496.00000

   Energies (kJ/mol)
           Bond            U-B    Proper Dih.  Improper Dih.          LJ-14
    1.14904e+04    6.10324e+04    4.08235e+04    3.70861e+02    7.51207e+03
     Coulomb-14        LJ (SR)   Coulomb (SR)   Coul. recip. Position Rest.
    6.49603e+01    6.63024e+03   -5.64624e+05    2.02231e+03    2.61872e+02
     Dih. Rest.      Potential    Kinetic En.   Total Energy  Conserved En.
    4.09976e+02   -4.34005e+05    1.50154e+05   -2.83851e+05   -2.20337e+05
    Temperature Pressure (bar)   Constr. rmsd
    2.99259e+02   -1.35168e+02    4.19370e-06

           Step           Time
        1750000     3500.00000

   Energies (kJ/mol)
           Bond            U-B    Proper Dih.  Improper Dih.          LJ-14
    1.14593e+04    6.08598e+04    4.10660e+04    4.32839e+02    7.41384e+03
     Coulomb-14        LJ (SR)   Coulomb (SR)   Coul. recip. Position Rest.
    6.11851e+01    6.37949e+03   -5.63367e+05    1.96158e+03    2.86359e+02
     Dih. Rest.      Potential    Kinetic En.   Total Energy  Conserved En.
    4.27471e+02   -4.33019e+05    1.50781e+05   -2.82238e+05   -2.20238e+05
    Temperature Pressure (bar)   Constr. rmsd
    3.00508e+02   -4.80786e+01    4.19370e-06

           Step           Time
        1752000     3504.00000

   Energies (kJ/mol)
           Bond            U-B    Proper Dih.  Improper Dih.          LJ-14
    1.16861e+04    6.09274e+04    4.11229e+04    4.06087e+02    7.67061e+03
     Coulomb-14        LJ (SR)   Coulomb (SR)   Coul. recip. Position Rest.
   -2.95666e+02    6.12135e+03   -5.62435e+05    2.05791e+03    2.91219e+02
     Dih. Rest.      Potential    Kinetic En.   Total Energy  Conserved En.
    3.90970e+02   -4.32056e+05    1.50988e+05   -2.81069e+05   -2.20113e+05
    Temperature Pressure (bar)   Constr. rmsd
    3.00921e+02    9.57905e+00    4.19370e-06

           Step           Time
        1754000     3508.00000

   Energies (kJ/mol)
           Bond            U-B    Proper Dih.  Improper Dih.          LJ-14
    1.14401e+04    6.15018e+04    4.11840e+04    3.57001e+02    7.48340e+03
     Coulomb-14        LJ (SR)   Coulomb (SR)   Coul. recip. Position Rest.
   -9.66177e+01    5.70877e+03   -5.62427e+05    2.03545e+03    2.89582e+02
     Dih. Rest.      Potential    Kinetic En.   Total Energy  Conserved En.
    4.28800e+02   -4.32095e+05    1.50048e+05   -2.82046e+05   -2.19984e+05
    Temperature Pressure (bar)   Constr. rmsd
    2.99048e+02   -5.24754e+00    4.19370e-06

           Step           Time
        1756000     3512.00000

   Energies (kJ/mol)
           Bond            U-B    Proper Dih.  Improper Dih.          LJ-14
    1.15982e+04    6.14132e+04    4.07768e+04    3.64316e+02    7.41025e+03
     Coulomb-14        LJ (SR)   Coulomb (SR)   Coul. recip. Position Rest.
   -5.55759e+01    5.80238e+03   -5.62557e+05    2.06170e+03    3.04556e+02
     Dih. Rest.      Potential    Kinetic En.   Total Energy  Conserved En.
    4.75952e+02   -4.32405e+05    1.49730e+05   -2.82675e+05   -2.19806e+05
    Temperature Pressure (bar)   Constr. rmsd
    2.98414e+02   -3.36293e+01    4.19370e-06

           Step           Time
        1758000     3516.00000

   Energies (kJ/mol)
           Bond            U-B    Proper Dih.  Improper Dih.          LJ-14
    1.15795e+04    6.10673e+04    4.10764e+04    3.69951e+02    7.75681e+03
     Coulomb-14        LJ (SR)   Coulomb (SR)   Coul. recip. Position Rest.
    3.85435e+02    5.44908e+03   -5.63055e+05    1.98591e+03    2.87535e+02
     Dih. Rest.      Potential    Kinetic En.   Total Energy  Conserved En.
    4.25277e+02   -4.32672e+05    1.49440e+05   -2.83232e+05   -2.19700e+05
    Temperature Pressure (bar)   Constr. rmsd
    2.97836e+02    8.39543e+00    4.19370e-06

           Step           Time
        1760000     3520.00000

   Energies (kJ/mol)
           Bond            U-B    Proper Dih.  Improper Dih.          LJ-14
    1.16668e+04    6.08186e+04    4.08560e+04    3.33372e+02    7.51301e+03
     Coulomb-14        LJ (SR)   Coulomb (SR)   Coul. recip. Position Rest.
    4.34987e+02    6.49247e+03   -5.64054e+05    2.03841e+03    3.13893e+02
     Dih. Rest.      Potential    Kinetic En.   Total Energy  Conserved En.
    3.98403e+02   -4.33188e+05    1.50574e+05   -2.82615e+05   -2.19617e+05
    Temperature Pressure (bar)   Constr. rmsd
    3.00095e+02    9.50616e+00    4.19370e-06

           Step           Time
        1762000     3524.00000

   Energies (kJ/mol)
           Bond            U-B    Proper Dih.  Improper Dih.          LJ-14
    1.19241e+04    6.14280e+04    4.11134e+04    3.93696e+02    7.51747e+03
     Coulomb-14        LJ (SR)   Coulomb (SR)   Coul. recip. Position Rest.
   -1.79095e+02    5.03762e+03   -5.61469e+05    1.96662e+03    2.81477e+02
     Dih. Rest.      Potential    Kinetic En.   Total Energy  Conserved En.
    4.10731e+02   -4.31575e+05    1.50190e+05   -2.81385e+05   -2.19468e+05
    Temperature Pressure (bar)   Constr. rmsd
    2.99330e+02   -1.12741e+02    4.19370e-06

           Step           Time
        1764000     3528.00000

   Energies (kJ/mol)
           Bond            U-B    Proper Dih.  Improper Dih.          LJ-14
    1.18179e+04    6.18290e+04    4.11352e+04    3.90253e+02    7.44521e+03
     Coulomb-14        LJ (SR)   Coulomb (SR)   Coul. recip. Position Rest.
   -3.00860e+02    5.15645e+03   -5.61056e+05    1.97945e+03    3.01517e+02
     Dih. Rest.      Potential    Kinetic En.   Total Energy  Conserved En.
    3.80870e+02   -4.30921e+05    1.51958e+05   -2.78963e+05   -2.19385e+05
    Temperature Pressure (bar)   Constr. rmsd
    3.02854e+02   -1.00877e+02    4.19370e-06

           Step           Time
        1766000     3532.00000

   Energies (kJ/mol)
           Bond            U-B    Proper Dih.  Improper Dih.          LJ-14
    1.16347e+04    6.16848e+04    4.09154e+04    4.05514e+02    7.30124e+03
     Coulomb-14        LJ (SR)   Coulomb (SR)   Coul. recip. Position Rest.
    8.83257e+01    5.81091e+03   -5.63042e+05    2.07631e+03    3.03749e+02
     Dih. Rest.      Potential    Kinetic En.   Total Energy  Conserved En.
    4.49098e+02   -4.32372e+05    1.52047e+05   -2.80325e+05   -2.19269e+05
    Temperature Pressure (bar)   Constr. rmsd
    3.03031e+02   -2.50719e+01    4.19370e-06

           Step           Time
        1768000     3536.00000

   Energies (kJ/mol)
           Bond            U-B    Proper Dih.  Improper Dih.          LJ-14
    1.15435e+04    6.05338e+04    4.11923e+04    3.98338e+02    7.52018e+03
     Coulomb-14        LJ (SR)   Coulomb (SR)   Coul. recip. Position Rest.
   -2.83820e+02    6.59384e+03   -5.63591e+05    1.98460e+03    2.66182e+02
     Dih. Rest.      Potential    Kinetic En.   Total Energy  Conserved En.
    3.92341e+02   -4.33449e+05    1.51172e+05   -2.82277e+05   -2.19163e+05
    Temperature Pressure (bar)   Constr. rmsd
    3.01288e+02   -7.81046e+01    4.19370e-06

           Step           Time
        1770000     3540.00000

   Energies (kJ/mol)
           Bond            U-B    Proper Dih.  Improper Dih.          LJ-14
    1.15436e+04    6.08149e+04    4.11388e+04    3.61915e+02    7.52220e+03
     Coulomb-14        LJ (SR)   Coulomb (SR)   Coul. recip. Position Rest.
    4.04492e+00    6.44976e+03   -5.62931e+05    2.02846e+03    2.78772e+02
     Dih. Rest.      Potential    Kinetic En.   Total Energy  Conserved En.
    4.13092e+02   -4.32376e+05    1.50355e+05   -2.82020e+05   -2.19005e+05
    Temperature Pressure (bar)   Constr. rmsd
    2.99660e+02   -4.85070e+01    4.19370e-06

           Step           Time
        1772000     3544.00000

   Energies (kJ/mol)
           Bond            U-B    Proper Dih.  Improper Dih.          LJ-14
    1.15797e+04    6.10559e+04    4.08942e+04    4.17037e+02    7.60611e+03
     Coulomb-14        LJ (SR)   Coulomb (SR)   Coul. recip. Position Rest.
    2.79067e+01    6.67427e+03   -5.62990e+05    1.96935e+03    2.82645e+02
     Dih. Rest.      Potential    Kinetic En.   Total Energy  Conserved En.
    4.03842e+02   -4.32079e+05    1.49941e+05   -2.82138e+05   -2.18873e+05
    Temperature Pressure (bar)   Constr. rmsd
    2.98834e+02    2.87458e+01    4.19370e-06

           Step           Time
        1774000     3548.00000

   Energies (kJ/mol)
           Bond            U-B    Proper Dih.  Improper Dih.          LJ-14
    1.14379e+04    6.07465e+04    4.10923e+04    3.88034e+02    7.46311e+03
     Coulomb-14        LJ (SR)   Coulomb (SR)   Coul. recip. Position Rest.
    5.46317e+01    6.23129e+03   -5.63303e+05    2.04744e+03    2.93725e+02
     Dih. Rest.      Potential    Kinetic En.   Total Energy  Conserved En.
    4.50831e+02   -4.33098e+05    1.50302e+05   -2.82795e+05   -2.18799e+05
    Temperature Pressure (bar)   Constr. rmsd
    2.99554e+02   -5.75148e+01    4.19370e-06

           Step           Time
        1776000     3552.00000

   Energies (kJ/mol)
           Bond            U-B    Proper Dih.  Improper Dih.          LJ-14
    1.16017e+04    6.15116e+04    4.11855e+04    4.04846e+02    7.33272e+03
     Coulomb-14        LJ (SR)   Coulomb (SR)   Coul. recip. Position Rest.
   -1.61252e+02    6.63204e+03   -5.63931e+05    2.10209e+03    2.77779e+02
     Dih. Rest.      Potential    Kinetic En.   Total Energy  Conserved En.
    4.55871e+02   -4.32588e+05    1.49984e+05   -2.82604e+05   -2.18636e+05
    Temperature Pressure (bar)   Constr. rmsd
    2.98920e+02   -1.88414e+01    4.19370e-06

           Step           Time
        1778000     3556.00000

   Energies (kJ/mol)
           Bond            U-B    Proper Dih.  Improper Dih.          LJ-14
    1.15211e+04    6.10202e+04    4.11004e+04    4.08386e+02    7.33687e+03
     Coulomb-14        LJ (SR)   Coulomb (SR)   Coul. recip. Position Rest.
    4.53861e+02    6.53994e+03   -5.65089e+05    2.01621e+03    3.09762e+02
     Dih. Rest.      Potential    Kinetic En.   Total Energy  Conserved En.
    4.22354e+02   -4.33960e+05    1.50304e+05   -2.83657e+05   -2.18559e+05
    Temperature Pressure (bar)   Constr. rmsd
    2.99557e+02   -7.47031e+01    4.19370e-06

           Step           Time
        1780000     3560.00000

   Energies (kJ/mol)
           Bond            U-B    Proper Dih.  Improper Dih.          LJ-14
    1.16539e+04    6.13945e+04    4.10673e+04    3.63082e+02    7.37541e+03
     Coulomb-14        LJ (SR)   Coulomb (SR)   Coul. recip. Position Rest.
   -1.74474e+02    6.56355e+03   -5.63366e+05    2.08764e+03    2.64866e+02
     Dih. Rest.      Potential    Kinetic En.   Total Energy  Conserved En.
    4.00625e+02   -4.32370e+05    1.50033e+05   -2.82336e+05   -2.18359e+05
    Temperature Pressure (bar)   Constr. rmsd
    2.99018e+02   -8.39153e+01    4.19370e-06

           Step           Time
        1782000     3564.00000

   Energies (kJ/mol)
           Bond            U-B    Proper Dih.  Improper Dih.          LJ-14
    1.15416e+04    6.12070e+04    4.12104e+04    4.43087e+02    7.61766e+03
     Coulomb-14        LJ (SR)   Coulomb (SR)   Coul. recip. Position Rest.
    1.96568e+02    5.70173e+03   -5.62519e+05    2.01315e+03    2.75382e+02
     Dih. Rest.      Potential    Kinetic En.   Total Energy  Conserved En.
    4.38071e+02   -4.31874e+05    1.51163e+05   -2.80711e+05   -2.18263e+05
    Temperature Pressure (bar)   Constr. rmsd
    3.01271e+02   -1.84766e+01    4.19370e-06

           Step           Time
        1784000     3568.00000

   Energies (kJ/mol)
           Bond            U-B    Proper Dih.  Improper Dih.          LJ-14
    1.13374e+04    6.07307e+04    4.11230e+04    3.76971e+02    7.54509e+03
     Coulomb-14        LJ (SR)   Coulomb (SR)   Coul. recip. Position Rest.
   -8.71897e+01    4.97143e+03   -5.62204e+05    2.09973e+03    3.23227e+02
     Dih. Rest.      Potential    Kinetic En.   Total Energy  Conserved En.
    4.06199e+02   -4.33378e+05    1.50991e+05   -2.82387e+05   -2.18184e+05
    Temperature Pressure (bar)   Constr. rmsd
    3.00927e+02   -7.91255e+01    4.19370e-06

           Step           Time
        1786000     3572.00000

   Energies (kJ/mol)
           Bond            U-B    Proper Dih.  Improper Dih.          LJ-14
    1.15789e+04    6.14199e+04    4.10562e+04    3.50114e+02    7.46897e+03
     Coulomb-14        LJ (SR)   Coulomb (SR)   Coul. recip. Position Rest.
    3.53886e+02    6.48989e+03   -5.64491e+05    1.97872e+03    3.20393e+02
     Dih. Rest.      Potential    Kinetic En.   Total Energy  Conserved En.
    4.14209e+02   -4.33060e+05    1.50053e+05   -2.83007e+05   -2.17997e+05
    Temperature Pressure (bar)   Constr. rmsd
    2.99057e+02   -5.00717e+01    4.19370e-06

           Step           Time
        1788000     3576.00000

   Energies (kJ/mol)
           Bond            U-B    Proper Dih.  Improper Dih.          LJ-14
    1.14234e+04    6.11154e+04    4.09254e+04    3.75604e+02    7.59094e+03
     Coulomb-14        LJ (SR)   Coulomb (SR)   Coul. recip. Position Rest.
    7.16276e+01    5.15389e+03   -5.61471e+05    2.01409e+03    2.79264e+02
     Dih. Rest.      Potential    Kinetic En.   Total Energy  Conserved En.
    4.43392e+02   -4.32078e+05    1.50887e+05   -2.81191e+05   -2.17895e+05
    Temperature Pressure (bar)   Constr. rmsd
    3.00720e+02    3.39283e+01    4.19370e-06

           Step           Time
        1790000     3580.00000

   Energies (kJ/mol)
           Bond            U-B    Proper Dih.  Improper Dih.          LJ-14
    1.16599e+04    6.19419e+04    4.14139e+04    3.66943e+02    7.49308e+03
     Coulomb-14        LJ (SR)   Coulomb (SR)   Coul. recip. Position Rest.
   -6.52491e+02    5.71687e+03   -5.61857e+05    2.07667e+03    3.04151e+02
     Dih. Rest.      Potential    Kinetic En.   Total Energy  Conserved En.
    4.52295e+02   -4.31084e+05    1.50084e+05   -2.81000e+05   -2.17767e+05
    Temperature Pressure (bar)   Constr. rmsd
    2.99119e+02   -5.02767e+01    4.19370e-06

           Step           Time
        1792000     3584.00000

   Energies (kJ/mol)
           Bond            U-B    Proper Dih.  Improper Dih.          LJ-14
    1.14671e+04    6.15835e+04    4.11605e+04    3.41139e+02    7.51886e+03
     Coulomb-14        LJ (SR)   Coulomb (SR)   Coul. recip. Position Rest.
   -1.27553e+02    6.72002e+03   -5.64858e+05    2.06028e+03    2.80420e+02
     Dih. Rest.      Potential    Kinetic En.   Total Energy  Conserved En.
    3.77404e+02   -4.33476e+05    1.50476e+05   -2.83000e+05   -2.17648e+05
    Temperature Pressure (bar)   Constr. rmsd
    2.99900e+02   -7.25822e+01    4.19370e-06

           Step           Time
        1794000     3588.00000

   Energies (kJ/mol)
           Bond            U-B    Proper Dih.  Improper Dih.          LJ-14
    1.15522e+04    6.13620e+04    4.13023e+04    4.13312e+02    7.53823e+03
     Coulomb-14        LJ (SR)   Coulomb (SR)   Coul. recip. Position Rest.
    9.97112e+01    5.84385e+03   -5.63369e+05    2.02511e+03    3.00804e+02
     Dih. Rest.      Potential    Kinetic En.   Total Energy  Conserved En.
    3.82723e+02   -4.32549e+05    1.50835e+05   -2.81714e+05   -2.17546e+05
    Temperature Pressure (bar)   Constr. rmsd
    3.00615e+02   -4.67534e+01    4.19370e-06

           Step           Time
        1796000     3592.00000

   Energies (kJ/mol)
           Bond            U-B    Proper Dih.  Improper Dih.          LJ-14
    1.15531e+04    6.18288e+04    4.12218e+04    3.51029e+02    7.34037e+03
     Coulomb-14        LJ (SR)   Coulomb (SR)   Coul. recip. Position Rest.
   -8.06198e+01    7.06816e+03   -5.63596e+05    2.02080e+03    3.02340e+02
     Dih. Rest.      Potential    Kinetic En.   Total Energy  Conserved En.
    4.09986e+02   -4.31580e+05    1.51064e+05   -2.80516e+05   -2.17439e+05
    Temperature Pressure (bar)   Constr. rmsd
    3.01072e+02    3.94287e-01    4.19370e-06

           Step           Time
        1798000     3596.00000

   Energies (kJ/mol)
           Bond            U-B    Proper Dih.  Improper Dih.          LJ-14
    1.15766e+04    6.10410e+04    4.11380e+04    3.23177e+02    7.51960e+03
     Coulomb-14        LJ (SR)   Coulomb (SR)   Coul. recip. Position Rest.
    3.30883e+02    5.83449e+03   -5.63582e+05    2.11792e+03    3.24243e+02
     Dih. Rest.      Potential    Kinetic En.   Total Energy  Conserved En.
    4.25958e+02   -4.32950e+05    1.50894e+05   -2.82056e+05   -2.17326e+05
    Temperature Pressure (bar)   Constr. rmsd
    3.00734e+02   -4.48832e+01    4.19370e-06

           Step           Time
        1800000     3600.00000

   Energies (kJ/mol)
           Bond            U-B    Proper Dih.  Improper Dih.          LJ-14
    1.15459e+04    6.11913e+04    4.11486e+04    4.02235e+02    7.66442e+03
     Coulomb-14        LJ (SR)   Coulomb (SR)   Coul. recip. Position Rest.
    1.02771e+02    5.87669e+03   -5.62673e+05    2.03696e+03    2.50246e+02
     Dih. Rest.      Potential    Kinetic En.   Total Energy  Conserved En.
    4.05906e+02   -4.32048e+05    1.50625e+05   -2.81423e+05   -2.17208e+05
    Temperature Pressure (bar)   Constr. rmsd
    3.00197e+02    4.05964e+01    4.19370e-06

           Step           Time
        1802000     3604.00000

   Energies (kJ/mol)
           Bond            U-B    Proper Dih.  Improper Dih.          LJ-14
    1.15715e+04    6.13863e+04    4.14704e+04    3.77758e+02    7.57205e+03
     Coulomb-14        LJ (SR)   Coulomb (SR)   Coul. recip. Position Rest.
   -1.56818e+02    6.41612e+03   -5.62544e+05    2.15435e+03    2.70587e+02
     Dih. Rest.      Potential    Kinetic En.   Total Energy  Conserved En.
    4.47804e+02   -4.31034e+05    1.50677e+05   -2.80357e+05   -2.17063e+05
    Temperature Pressure (bar)   Constr. rmsd
    3.00302e+02   -1.19585e+01    4.19370e-06

           Step           Time
        1804000     3608.00000

   Energies (kJ/mol)
           Bond            U-B    Proper Dih.  Improper Dih.          LJ-14
    1.15807e+04    6.15863e+04    4.09508e+04    4.29902e+02    7.52056e+03
     Coulomb-14        LJ (SR)   Coulomb (SR)   Coul. recip. Position Rest.
    3.41668e+02    5.17723e+03   -5.61915e+05    2.02992e+03    2.94966e+02
     Dih. Rest.      Potential    Kinetic En.   Total Energy  Conserved En.
    4.25370e+02   -4.31577e+05    1.51690e+05   -2.79888e+05   -2.16988e+05
    Temperature Pressure (bar)   Constr. rmsd
    3.02319e+02   -7.04531e+01    4.19370e-06

           Step           Time
        1806000     3612.00000

   Energies (kJ/mol)
           Bond            U-B    Proper Dih.  Improper Dih.          LJ-14
    1.15866e+04    6.16696e+04    4.13529e+04    3.43763e+02    7.58222e+03
     Coulomb-14        LJ (SR)   Coulomb (SR)   Coul. recip. Position Rest.
    9.64760e+01    5.97160e+03   -5.62874e+05    2.07238e+03    3.09336e+02
     Dih. Rest.      Potential    Kinetic En.   Total Energy  Conserved En.
    3.88064e+02   -4.31502e+05    1.50555e+05   -2.80947e+05   -2.16781e+05
    Temperature Pressure (bar)   Constr. rmsd
    3.00058e+02   -1.38797e+01    4.19370e-06

           Step           Time
        1808000     3616.00000

   Energies (kJ/mol)
           Bond            U-B    Proper Dih.  Improper Dih.          LJ-14
    1.16638e+04    6.08187e+04    4.13599e+04    3.85472e+02    7.48023e+03
     Coulomb-14        LJ (SR)   Coulomb (SR)   Coul. recip. Position Rest.
   -2.78759e+02    7.72668e+03   -5.65138e+05    2.04773e+03    2.93375e+02
     Dih. Rest.      Potential    Kinetic En.   Total Energy  Conserved En.
    4.24916e+02   -4.33216e+05    1.50202e+05   -2.83013e+05   -2.16723e+05
    Temperature Pressure (bar)   Constr. rmsd
    2.99356e+02   -4.33245e+01    4.19370e-06

           Step           Time
        1810000     3620.00000

   Energies (kJ/mol)
           Bond            U-B    Proper Dih.  Improper Dih.          LJ-14
    1.15785e+04    6.11241e+04    4.11890e+04    3.38261e+02    7.49775e+03
     Coulomb-14        LJ (SR)   Coulomb (SR)   Coul. recip. Position Rest.
   -8.85474e+00    5.33197e+03   -5.63723e+05    1.99662e+03    3.07762e+02
     Dih. Rest.      Potential    Kinetic En.   Total Energy  Conserved En.
    3.63624e+02   -4.34004e+05    1.50343e+05   -2.83661e+05   -2.16606e+05
    Temperature Pressure (bar)   Constr. rmsd
    2.99636e+02   -8.44640e+01    4.19370e-06

           Step           Time
        1812000     3624.00000

   Energies (kJ/mol)
           Bond            U-B    Proper Dih.  Improper Dih.          LJ-14
    1.14468e+04    6.16785e+04    4.09838e+04    3.56245e+02    7.47416e+03
     Coulomb-14        LJ (SR)   Coulomb (SR)   Coul. recip. Position Rest.
   -1.14036e+02    6.00068e+03   -5.63117e+05    1.99338e+03    2.88794e+02
     Dih. Rest.      Potential    Kinetic En.   Total Energy  Conserved En.
    4.83608e+02   -4.32525e+05    1.50002e+05   -2.82523e+05   -2.16472e+05
    Temperature Pressure (bar)   Constr. rmsd
    2.98956e+02   -1.05123e+02    4.19370e-06

           Step           Time
        1814000     3628.00000

   Energies (kJ/mol)
           Bond            U-B    Proper Dih.  Improper Dih.          LJ-14
    1.14337e+04    6.18467e+04    4.10225e+04    3.59484e+02    7.59923e+03
     Coulomb-14        LJ (SR)   Coulomb (SR)   Coul. recip. Position Rest.
    2.31180e+01    6.18823e+03   -5.63010e+05    2.02476e+03    3.17791e+02
     Dih. Rest.      Potential    Kinetic En.   Total Energy  Conserved En.
    3.95481e+02   -4.31799e+05    1.49990e+05   -2.81809e+05   -2.16299e+05
    Temperature Pressure (bar)   Constr. rmsd
    2.98933e+02    8.16757e+01    4.19370e-06

           Step           Time
        1816000     3632.00000

   Energies (kJ/mol)
           Bond            U-B    Proper Dih.  Improper Dih.          LJ-14
    1.15677e+04    6.10614e+04    4.11489e+04    3.79472e+02    7.60264e+03
     Coulomb-14        LJ (SR)   Coulomb (SR)   Coul. recip. Position Rest.
    3.97362e+02    6.31258e+03   -5.64261e+05    2.00785e+03    3.44161e+02
     Dih. Rest.      Potential    Kinetic En.   Total Energy  Conserved En.
    4.54120e+02   -4.32984e+05    1.50974e+05   -2.82010e+05   -2.16261e+05
    Temperature Pressure (bar)   Constr. rmsd
    3.00894e+02   -3.07394e+01    4.19370e-06

           Step           Time
        1818000     3636.00000

   Energies (kJ/mol)
           Bond            U-B    Proper Dih.  Improper Dih.          LJ-14
    1.13639e+04    6.12108e+04    4.12946e+04    3.93689e+02    7.52085e+03
     Coulomb-14        LJ (SR)   Coulomb (SR)   Coul. recip. Position Rest.
    4.07302e+02    7.11734e+03   -5.64805e+05    2.04726e+03    2.99029e+02
     Dih. Rest.      Potential    Kinetic En.   Total Energy  Conserved En.
    3.88844e+02   -4.32762e+05    1.50557e+05   -2.82205e+05   -2.16116e+05
    Temperature Pressure (bar)   Constr. rmsd
    3.00062e+02    1.77577e+01    4.19370e-06

           Step           Time
        1820000     3640.00000

   Energies (kJ/mol)
           Bond            U-B    Proper Dih.  Improper Dih.          LJ-14
    1.14733e+04    6.08976e+04    4.13904e+04    3.81249e+02    7.60895e+03
     Coulomb-14        LJ (SR)   Coulomb (SR)   Coul. recip. Position Rest.
    1.21955e+02    6.41321e+03   -5.62011e+05    2.00217e+03    2.77993e+02
     Dih. Rest.      Potential    Kinetic En.   Total Energy  Conserved En.
    3.49001e+02   -4.31095e+05    1.50715e+05   -2.80380e+05   -2.15971e+05
    Temperature Pressure (bar)   Constr. rmsd
    3.00377e+02   -9.77060e+00    4.19370e-06

           Step           Time
        1822000     3644.00000

   Energies (kJ/mol)
           Bond            U-B    Proper Dih.  Improper Dih.          LJ-14
    1.17697e+04    6.14732e+04    4.12094e+04    3.70674e+02    7.43420e+03
     Coulomb-14        LJ (SR)   Coulomb (SR)   Coul. recip. Position Rest.
    1.27959e+02    5.48006e+03   -5.62499e+05    2.06007e+03    3.09872e+02
     Dih. Rest.      Potential    Kinetic En.   Total Energy  Conserved En.
    4.69283e+02   -4.31795e+05    1.51791e+05   -2.80004e+05   -2.15853e+05
    Temperature Pressure (bar)   Constr. rmsd
    3.02521e+02   -8.86356e+01    4.19370e-06

           Step           Time
        1824000     3648.00000

   Energies (kJ/mol)
           Bond            U-B    Proper Dih.  Improper Dih.          LJ-14
    1.15872e+04    6.06862e+04    4.12841e+04    3.90200e+02    7.36789e+03
     Coulomb-14        LJ (SR)   Coulomb (SR)   Coul. recip. Position Rest.
   -9.76924e+01    6.81268e+03   -5.63160e+05    2.08189e+03    2.62608e+02
     Dih. Rest.      Potential    Kinetic En.   Total Energy  Conserved En.
    4.34174e+02   -4.32350e+05    1.50199e+05   -2.82152e+05   -2.15748e+05
    Temperature Pressure (bar)   Constr. rmsd
    2.99348e+02   -1.23333e+02    4.19370e-06

           Step           Time
        1826000     3652.00000

   Energies (kJ/mol)
           Bond            U-B    Proper Dih.  Improper Dih.          LJ-14
    1.16882e+04    6.15387e+04    4.12472e+04    3.69510e+02    7.36118e+03
     Coulomb-14        LJ (SR)   Coulomb (SR)   Coul. recip. Position Rest.
    1.79765e+02    6.78347e+03   -5.63744e+05    2.05647e+03    2.98108e+02
     Dih. Rest.      Potential    Kinetic En.   Total Energy  Conserved En.
    3.96853e+02   -4.31825e+05    1.51078e+05   -2.80747e+05   -2.15607e+05
    Temperature Pressure (bar)   Constr. rmsd
    3.01100e+02   -1.72482e+00    4.19370e-06

           Step           Time
        1828000     3656.00000

   Energies (kJ/mol)
           Bond            U-B    Proper Dih.  Improper Dih.          LJ-14
    1.13188e+04    6.13829e+04    4.10034e+04    3.82886e+02    7.41514e+03
     Coulomb-14        LJ (SR)   Coulomb (SR)   Coul. recip. Position Rest.
    1.88947e+02    6.72949e+03   -5.63190e+05    2.01028e+03    2.60558e+02
     Dih. Rest.      Potential    Kinetic En.   Total Energy  Conserved En.
    4.45727e+02   -4.32052e+05    1.50316e+05   -2.81736e+05   -2.15491e+05
    Temperature Pressure (bar)   Constr. rmsd
    2.99581e+02   -6.80341e+01    4.19370e-06

           Step           Time
        1830000     3660.00000

   Energies (kJ/mol)
           Bond            U-B    Proper Dih.  Improper Dih.          LJ-14
    1.14908e+04    6.10751e+04    4.10926e+04    3.97208e+02    7.55911e+03
     Coulomb-14        LJ (SR)   Coulomb (SR)   Coul. recip. Position Rest.
    2.86438e+02    5.71811e+03   -5.62842e+05    2.09094e+03    3.06313e+02
     Dih. Rest.      Potential    Kinetic En.   Total Energy  Conserved En.
    4.59474e+02   -4.32366e+05    1.50401e+05   -2.81965e+05   -2.15333e+05
    Temperature Pressure (bar)   Constr. rmsd
    2.99751e+02   -7.38649e+01    4.19370e-06

           Step           Time
        1832000     3664.00000

   Energies (kJ/mol)
           Bond            U-B    Proper Dih.  Improper Dih.          LJ-14
    1.13661e+04    6.11065e+04    4.13275e+04    3.26201e+02    7.46959e+03
     Coulomb-14        LJ (SR)   Coulomb (SR)   Coul. recip. Position Rest.
   -4.24989e+01    5.61164e+03   -5.62541e+05    2.06333e+03    3.38575e+02
     Dih. Rest.      Potential    Kinetic En.   Total Energy  Conserved En.
    4.31516e+02   -4.32542e+05    1.50964e+05   -2.81578e+05   -2.15223e+05
    Temperature Pressure (bar)   Constr. rmsd
    3.00873e+02   -1.29371e+02    4.19370e-06

           Step           Time
        1834000     3668.00000

   Energies (kJ/mol)
           Bond            U-B    Proper Dih.  Improper Dih.          LJ-14
    1.14155e+04    6.04385e+04    4.15277e+04    4.13456e+02    7.42921e+03
     Coulomb-14        LJ (SR)   Coulomb (SR)   Coul. recip. Position Rest.
   -2.34435e+01    4.95553e+03   -5.61324e+05    2.08124e+03    2.71891e+02
     Dih. Rest.      Potential    Kinetic En.   Total Energy  Conserved En.
    4.07156e+02   -4.32408e+05    1.51005e+05   -2.81403e+05   -2.15150e+05
    Temperature Pressure (bar)   Constr. rmsd
    3.00955e+02   -1.55913e+01    4.19370e-06

           Step           Time
        1836000     3672.00000

   Energies (kJ/mol)
           Bond            U-B    Proper Dih.  Improper Dih.          LJ-14
    1.12035e+04    6.18275e+04    4.12438e+04    3.66202e+02    7.47083e+03
     Coulomb-14        LJ (SR)   Coulomb (SR)   Coul. recip. Position Rest.
    1.78226e+02    5.31481e+03   -5.61793e+05    2.03833e+03    2.98671e+02
     Dih. Rest.      Potential    Kinetic En.   Total Energy  Conserved En.
    4.58782e+02   -4.31392e+05    1.51700e+05   -2.79693e+05   -2.14965e+05
    Temperature Pressure (bar)   Constr. rmsd
    3.02339e+02   -4.63463e+01    4.19370e-06

           Step           Time
        1838000     3676.00000

   Energies (kJ/mol)
           Bond            U-B    Proper Dih.  Improper Dih.          LJ-14
    1.12315e+04    6.09678e+04    4.11767e+04    4.18623e+02    7.70958e+03
     Coulomb-14        LJ (SR)   Coulomb (SR)   Coul. recip. Position Rest.
    6.10812e+02    6.14288e+03   -5.62654e+05    1.97888e+03    2.79532e+02
     Dih. Rest.      Potential    Kinetic En.   Total Energy  Conserved En.
    4.22348e+02   -4.31716e+05    1.50566e+05   -2.81150e+05   -2.14849e+05
    Temperature Pressure (bar)   Constr. rmsd
    3.00080e+02    4.88918e+01    4.19370e-06

           Step           Time
        1840000     3680.00000

   Energies (kJ/mol)
           Bond            U-B    Proper Dih.  Improper Dih.          LJ-14
    1.17228e+04    6.12350e+04    4.14861e+04    4.13827e+02    7.56148e+03
     Coulomb-14        LJ (SR)   Coulomb (SR)   Coul. recip. Position Rest.
    1.63335e+02    6.78813e+03   -5.62160e+05    2.06955e+03    3.10064e+02
     Dih. Rest.      Potential    Kinetic En.   Total Energy  Conserved En.
    4.10684e+02   -4.29999e+05    1.51171e+05   -2.78828e+05   -2.14655e+05
    Temperature Pressure (bar)   Constr. rmsd
    3.01286e+02    1.96303e+01    4.19370e-06

           Step           Time
        1842000     3684.00000

   Energies (kJ/mol)
           Bond            U-B    Proper Dih.  Improper Dih.          LJ-14
    1.14469e+04    6.08930e+04    4.16486e+04    3.77999e+02    7.53894e+03
     Coulomb-14        LJ (SR)   Coulomb (SR)   Coul. recip. Position Rest.
    8.59741e+00    5.83085e+03   -5.61744e+05    2.08027e+03    3.07310e+02
     Dih. Rest.      Potential    Kinetic En.   Total Energy  Conserved En.
    3.99505e+02   -4.31212e+05    1.50178e+05   -2.81034e+05   -2.14570e+05
    Temperature Pressure (bar)   Constr. rmsd
    2.99307e+02   -7.52041e+01    4.19370e-06

           Step           Time
        1844000     3688.00000

   Energies (kJ/mol)
           Bond            U-B    Proper Dih.  Improper Dih.          LJ-14
    1.15359e+04    6.12872e+04    4.10206e+04    3.74726e+02    7.31088e+03
     Coulomb-14        LJ (SR)   Coulomb (SR)   Coul. recip. Position Rest.
    1.59308e+02    6.48421e+03   -5.62345e+05    1.96248e+03    3.25985e+02
     Dih. Rest.      Potential    Kinetic En.   Total Energy  Conserved En.
    3.75588e+02   -4.31508e+05    1.50294e+05   -2.81214e+05   -2.14440e+05
    Temperature Pressure (bar)   Constr. rmsd
    2.99539e+02   -5.35313e+01    4.19370e-06

           Step           Time
        1846000     3692.00000

   Energies (kJ/mol)
           Bond            U-B    Proper Dih.  Improper Dih.          LJ-14
    1.13161e+04    6.11340e+04    4.14433e+04    4.49091e+02    7.46561e+03
     Coulomb-14        LJ (SR)   Coulomb (SR)   Coul. recip. Position Rest.
    6.47999e+01    5.79288e+03   -5.61058e+05    2.07847e+03    2.85965e+02
     Dih. Rest.      Potential    Kinetic En.   Total Energy  Conserved En.
    4.63832e+02   -4.30564e+05    1.49869e+05   -2.80695e+05   -2.14312e+05
    Temperature Pressure (bar)   Constr. rmsd
    2.98692e+02   -4.35717e+01    4.19370e-06

           Step           Time
        1848000     3696.00000

   Energies (kJ/mol)
           Bond            U-B    Proper Dih.  Improper Dih.          LJ-14
    1.15500e+04    6.10100e+04    4.13334e+04    4.14239e+02    7.60685e+03
     Coulomb-14        LJ (SR)   Coulomb (SR)   Coul. recip. Position Rest.
   -1.48056e+02    5.90504e+03   -5.61812e+05    2.02445e+03    3.03369e+02
     Dih. Rest.      Potential    Kinetic En.   Total Energy  Conserved En.
    4.31759e+02   -4.31381e+05    1.50806e+05   -2.80575e+05   -2.14220e+05
    Temperature Pressure (bar)   Constr. rmsd
    3.00558e+02   -3.61514e+01    4.19370e-06

           Step           Time
        1850000     3700.00000

   Energies (kJ/mol)
           Bond            U-B    Proper Dih.  Improper Dih.          LJ-14
    1.15090e+04    6.14878e+04    4.11058e+04    3.64097e+02    7.53136e+03
     Coulomb-14        LJ (SR)   Coulomb (SR)   Coul. recip. Position Rest.
   -7.42583e+01    5.54729e+03   -5.62782e+05    1.99278e+03    2.92436e+02
     Dih. Rest.      Potential    Kinetic En.   Total Energy  Conserved En.
    3.71036e+02   -4.32655e+05    1.50491e+05   -2.82164e+05   -2.14048e+05
    Temperature Pressure (bar)   Constr. rmsd
    2.99931e+02   -7.92710e+01    4.19370e-06

           Step           Time
        1852000     3704.00000

   Energies (kJ/mol)
           Bond            U-B    Proper Dih.  Improper Dih.          LJ-14
    1.16062e+04    6.15064e+04    4.11278e+04    3.96305e+02    7.54959e+03
     Coulomb-14        LJ (SR)   Coulomb (SR)   Coul. recip. Position Rest.
   -4.18552e+02    5.70002e+03   -5.61439e+05    2.05773e+03    2.89120e+02
     Dih. Rest.      Potential    Kinetic En.   Total Energy  Conserved En.
    3.93985e+02   -4.31230e+05    1.50099e+05   -2.81131e+05   -2.13907e+05
    Temperature Pressure (bar)   Constr. rmsd
    2.99149e+02   -3.04592e+00    4.19370e-06

           Step           Time
        1854000     3708.00000

   Energies (kJ/mol)
           Bond            U-B    Proper Dih.  Improper Dih.          LJ-14
    1.16370e+04    6.16764e+04    4.14776e+04    4.19881e+02    7.39787e+03
     Coulomb-14        LJ (SR)   Coulomb (SR)   Coul. recip. Position Rest.
   -4.99578e+01    6.19697e+03   -5.62467e+05    1.95060e+03    3.31341e+02
     Dih. Rest.      Potential    Kinetic En.   Total Energy  Conserved En.
    3.91471e+02   -4.31038e+05    1.50751e+05   -2.80287e+05   -2.13833e+05
    Temperature Pressure (bar)   Constr. rmsd
    3.00449e+02   -6.34875e+01    4.19370e-06

           Step           Time
        1856000     3712.00000

   Energies (kJ/mol)
           Bond            U-B    Proper Dih.  Improper Dih.          LJ-14
    1.16879e+04    6.12860e+04    4.12243e+04    3.59909e+02    7.54728e+03
     Coulomb-14        LJ (SR)   Coulomb (SR)   Coul. recip. Position Rest.
    1.26949e+02    5.88644e+03   -5.63273e+05    1.99143e+03    3.09882e+02
     Dih. Rest.      Potential    Kinetic En.   Total Energy  Conserved En.
    4.12992e+02   -4.32440e+05    1.51105e+05   -2.81334e+05   -2.13710e+05
    Temperature Pressure (bar)   Constr. rmsd
    3.01155e+02    5.56300e+00    4.19370e-06

           Step           Time
        1858000     3716.00000

   Energies (kJ/mol)
           Bond            U-B    Proper Dih.  Improper Dih.          LJ-14
    1.13484e+04    6.12417e+04    4.10783e+04    3.68879e+02    7.46270e+03
     Coulomb-14        LJ (SR)   Coulomb (SR)   Coul. recip. Position Rest.
    1.94076e+02    6.88107e+03   -5.63997e+05    2.04860e+03    3.31003e+02
     Dih. Rest.      Potential    Kinetic En.   Total Energy  Conserved En.
    4.02564e+02   -4.32640e+05    1.50660e+05   -2.81980e+05   -2.13598e+05
    Temperature Pressure (bar)   Constr. rmsd
    3.00268e+02    5.35333e+01    4.19370e-06

           Step           Time
        1860000     3720.00000

   Energies (kJ/mol)
           Bond            U-B    Proper Dih.  Improper Dih.          LJ-14
    1.16829e+04    6.08947e+04    4.12113e+04    3.34456e+02    7.43120e+03
     Coulomb-14        LJ (SR)   Coulomb (SR)   Coul. recip. Position Rest.
    2.47975e+02    5.86949e+03   -5.63048e+05    2.09956e+03    3.37209e+02
     Dih. Rest.      Potential    Kinetic En.   Total Energy  Conserved En.
    4.04903e+02   -4.32535e+05    1.50738e+05   -2.81797e+05   -2.13442e+05
    Temperature Pressure (bar)   Constr. rmsd
    3.00422e+02   -8.43122e+01    4.19370e-06

           Step           Time
        1862000     3724.00000

   Energies (kJ/mol)
           Bond            U-B    Proper Dih.  Improper Dih.          LJ-14
    1.15602e+04    6.10621e+04    4.13170e+04    3.65984e+02    7.44945e+03
     Coulomb-14        LJ (SR)   Coulomb (SR)   Coul. recip. Position Rest.
    2.00628e+02    7.83181e+03   -5.64620e+05    2.07117e+03    3.38244e+02
     Dih. Rest.      Potential    Kinetic En.   Total Energy  Conserved En.
    4.36042e+02   -4.31987e+05    1.50607e+05   -2.81380e+05   -2.13341e+05
    Temperature Pressure (bar)   Constr. rmsd
    3.00161e+02    2.92156e+01    4.19370e-06

           Step           Time
        1864000     3728.00000

   Energies (kJ/mol)
           Bond            U-B    Proper Dih.  Improper Dih.          LJ-14
    1.16990e+04    6.12403e+04    4.11683e+04    3.74061e+02    7.43303e+03
     Coulomb-14        LJ (SR)   Coulomb (SR)   Coul. recip. Position Rest.
   -8.71694e+01    5.17306e+03   -5.62223e+05    2.07976e+03    3.09006e+02
     Dih. Rest.      Potential    Kinetic En.   Total Energy  Conserved En.
    4.21710e+02   -4.32412e+05    1.50353e+05   -2.82059e+05   -2.13186e+05
    Temperature Pressure (bar)   Constr. rmsd
    2.99655e+02   -1.08587e+02    4.19370e-06

           Step           Time
        1866000     3732.00000

   Energies (kJ/mol)
           Bond            U-B    Proper Dih.  Improper Dih.          LJ-14
    1.17296e+04    6.09496e+04    4.13433e+04    4.05719e+02    7.61135e+03
     Coulomb-14        LJ (SR)   Coulomb (SR)   Coul. recip. Position Rest.
    1.11032e+02    6.07526e+03   -5.62364e+05    2.01361e+03    3.37846e+02
     Dih. Rest.      Potential    Kinetic En.   Total Energy  Conserved En.
    4.33701e+02   -4.31353e+05    1.50641e+05   -2.80711e+05   -2.13024e+05
    Temperature Pressure (bar)   Constr. rmsd
    3.00230e+02   -4.00707e+01    4.19370e-06

           Step           Time
        1868000     3736.00000

   Energies (kJ/mol)
           Bond            U-B    Proper Dih.  Improper Dih.          LJ-14
    1.16065e+04    6.10842e+04    4.14441e+04    4.00219e+02    7.40414e+03
     Coulomb-14        LJ (SR)   Coulomb (SR)   Coul. recip. Position Rest.
   -2.92221e+02    6.35239e+03   -5.63121e+05    1.99035e+03    3.25691e+02
     Dih. Rest.      Potential    Kinetic En.   Total Energy  Conserved En.
    4.02214e+02   -4.32403e+05    1.50766e+05   -2.81637e+05   -2.12994e+05
    Temperature Pressure (bar)   Constr. rmsd
    3.00478e+02   -5.45564e+01    4.19370e-06

           Step           Time
        1870000     3740.00000

   Energies (kJ/mol)
           Bond            U-B    Proper Dih.  Improper Dih.          LJ-14
    1.15674e+04    6.11925e+04    4.12895e+04    3.78639e+02    7.35729e+03
     Coulomb-14        LJ (SR)   Coulomb (SR)   Coul. recip. Position Rest.
    3.28615e+02    5.29486e+03   -5.61819e+05    2.07749e+03    3.31292e+02
     Dih. Rest.      Potential    Kinetic En.   Total Energy  Conserved En.
    4.15841e+02   -4.31585e+05    1.49387e+05   -2.82199e+05   -2.12766e+05
    Temperature Pressure (bar)   Constr. rmsd
    2.97729e+02   -4.50991e+01    4.19370e-06

           Step           Time
        1872000     3744.00000

   Energies (kJ/mol)
           Bond            U-B    Proper Dih.  Improper Dih.          LJ-14
    1.13854e+04    6.12046e+04    4.15276e+04    4.45114e+02    7.53772e+03
     Coulomb-14        LJ (SR)   Coulomb (SR)   Coul. recip. Position Rest.
   -3.04127e+01    5.70621e+03   -5.62330e+05    2.03619e+03    3.10703e+02
     Dih. Rest.      Potential    Kinetic En.   Total Energy  Conserved En.
    4.58608e+02   -4.31748e+05    1.50410e+05   -2.81339e+05   -2.12639e+05
    Temperature Pressure (bar)   Constr. rmsd
    2.99769e+02   -9.61742e+01    4.19370e-06

           Step           Time
        1874000     3748.00000

   Energies (kJ/mol)
           Bond            U-B    Proper Dih.  Improper Dih.          LJ-14
    1.16041e+04    6.07495e+04    4.14539e+04    3.93101e+02    7.58793e+03
     Coulomb-14        LJ (SR)   Coulomb (SR)   Coul. recip. Position Rest.
   -3.58739e+02    6.82537e+03   -5.62593e+05    1.93769e+03    3.29373e+02
     Dih. Rest.      Potential    Kinetic En.   Total Energy  Conserved En.
    4.06550e+02   -4.31664e+05    1.50408e+05   -2.81256e+05   -2.12592e+05
    Temperature Pressure (bar)   Constr. rmsd
    2.99765e+02    5.08716e+01    4.19370e-06

           Step           Time
        1876000     3752.00000

   Energies (kJ/mol)
           Bond            U-B    Proper Dih.  Improper Dih.          LJ-14
    1.15421e+04    6.16176e+04    4.12044e+04    4.59102e+02    7.63420e+03
     Coulomb-14        LJ (SR)   Coulomb (SR)   Coul. recip. Position Rest.
   -5.51099e+00    6.06599e+03   -5.61356e+05    2.00062e+03    2.87137e+02
     Dih. Rest.      Potential    Kinetic En.   Total Energy  Conserved En.
    3.87256e+02   -4.30163e+05    1.49457e+05   -2.80706e+05   -2.12421e+05
    Temperature Pressure (bar)   Constr. rmsd
    2.97870e+02    1.40528e+01    4.19370e-06

           Step           Time
        1878000     3756.00000

   Energies (kJ/mol)
           Bond            U-B    Proper Dih.  Improper Dih.          LJ-14
    1.13888e+04    6.08306e+04    4.11873e+04    4.06680e+02    7.57412e+03
     Coulomb-14        LJ (SR)   Coulomb (SR)   Coul. recip. Position Rest.
   -8.28905e+01    6.29293e+03   -5.62198e+05    2.10388e+03    2.97334e+02
     Dih. Rest.      Potential    Kinetic En.   Total Energy  Conserved En.
    4.26580e+02   -4.31773e+05    1.49725e+05   -2.82048e+05   -2.12336e+05
    Temperature Pressure (bar)   Constr. rmsd
    2.98404e+02   -3.09823e+00    4.19370e-06

           Step           Time
        1880000     3760.00000

   Energies (kJ/mol)
           Bond            U-B    Proper Dih.  Improper Dih.          LJ-14
    1.16167e+04    6.11646e+04    4.11947e+04    3.24108e+02    7.48330e+03
     Coulomb-14        LJ (SR)   Coulomb (SR)   Coul. recip. Position Rest.
   -5.99558e+02    6.85817e+03   -5.63084e+05    2.05541e+03    3.01235e+02
     Dih. Rest.      Potential    Kinetic En.   Total Energy  Conserved En.
    4.41530e+02   -4.32244e+05    1.50419e+05   -2.81825e+05   -2.12209e+05
    Temperature Pressure (bar)   Constr. rmsd
    2.99787e+02   -2.14303e+01    4.19370e-06

           Step           Time
        1882000     3764.00000

   Energies (kJ/mol)
           Bond            U-B    Proper Dih.  Improper Dih.          LJ-14
    1.16347e+04    6.11800e+04    4.13267e+04    3.62393e+02    7.38816e+03
     Coulomb-14        LJ (SR)   Coulomb (SR)   Coul. recip. Position Rest.
   -5.64451e+02    6.52486e+03   -5.63784e+05    2.04125e+03    2.26947e+02
     Dih. Rest.      Potential    Kinetic En.   Total Energy  Conserved En.
    4.28127e+02   -4.33235e+05    1.50078e+05   -2.83157e+05   -2.12107e+05
    Temperature Pressure (bar)   Constr. rmsd
    2.99107e+02   -8.63336e+01    4.19370e-06

           Step           Time
        1884000     3768.00000

   Energies (kJ/mol)
           Bond            U-B    Proper Dih.  Improper Dih.          LJ-14
    1.15119e+04    6.12236e+04    4.11699e+04    3.47271e+02    7.57385e+03
     Coulomb-14        LJ (SR)   Coulomb (SR)   Coul. recip. Position Rest.
    2.01672e+02    5.85152e+03   -5.63432e+05    1.99586e+03    3.15885e+02
     Dih. Rest.      Potential    Kinetic En.   Total Energy  Conserved En.
    4.01809e+02   -4.32839e+05    1.51523e+05   -2.81316e+05   -2.11997e+05
    Temperature Pressure (bar)   Constr. rmsd
    3.01987e+02   -7.69124e+01    4.19370e-06

           Step           Time
        1886000     3772.00000

   Energies (kJ/mol)
           Bond            U-B    Proper Dih.  Improper Dih.          LJ-14
    1.15101e+04    6.09807e+04    4.13322e+04    3.66909e+02    7.55656e+03
     Coulomb-14        LJ (SR)   Coulomb (SR)   Coul. recip. Position Rest.
   -4.83166e+02    5.28260e+03   -5.61679e+05    2.05698e+03    2.61250e+02
     Dih. Rest.      Potential    Kinetic En.   Total Energy  Conserved En.
    4.92392e+02   -4.32322e+05    1.49795e+05   -2.82527e+05   -2.11816e+05
    Temperature Pressure (bar)   Constr. rmsd
    2.98543e+02   -1.81368e+01    4.19370e-06

           Step           Time
        1888000     3776.00000

   Energies (kJ/mol)
           Bond            U-B    Proper Dih.  Improper Dih.          LJ-14
    1.15153e+04    6.05536e+04    4.13676e+04    4.03629e+02    7.37797e+03
     Coulomb-14        LJ (SR)   Coulomb (SR)   Coul. recip. Position Rest.
   -3.29704e+02    6.28741e+03   -5.62111e+05    2.02759e+03    3.23311e+02
     Dih. Rest.      Potential    Kinetic En.   Total Energy  Conserved En.
    3.88808e+02   -4.32195e+05    1.50727e+05   -2.81469e+05   -2.11743e+05
    Temperature Pressure (bar)   Constr. rmsd
    3.00400e+02   -5.73513e+01    4.19370e-06

           Step           Time
        1890000     3780.00000

   Energies (kJ/mol)
           Bond            U-B    Proper Dih.  Improper Dih.          LJ-14
    1.16020e+04    6.19960e+04    4.12409e+04    3.71631e+02    7.35486e+03
     Coulomb-14        LJ (SR)   Coulomb (SR)   Coul. recip. Position Rest.
   -4.96652e+02    6.36781e+03   -5.62541e+05    1.98615e+03    2.70403e+02
     Dih. Rest.      Potential    Kinetic En.   Total Energy  Conserved En.
    4.22274e+02   -4.31425e+05    1.51693e+05   -2.79732e+05   -2.11594e+05
    Temperature Pressure (bar)   Constr. rmsd
    3.02327e+02   -2.10577e+00    4.19370e-06

           Step           Time
        1892000     3784.00000

   Energies (kJ/mol)
           Bond            U-B    Proper Dih.  Improper Dih.          LJ-14
    1.17136e+04    6.19244e+04    4.12155e+04    3.92367e+02    7.53937e+03
     Coulomb-14        LJ (SR)   Coulomb (SR)   Coul. recip. Position Rest.
   -2.15607e+01    6.58607e+03   -5.62278e+05    2.02980e+03    2.67948e+02
     Dih. Rest.      Potential    Kinetic En.   Total Energy  Conserved En.
    4.28882e+02   -4.30202e+05    1.49647e+05   -2.80555e+05   -2.11332e+05
    Temperature Pressure (bar)   Constr. rmsd
    2.98248e+02   -1.78319e+01    4.19370e-06

           Step           Time
        1894000     3788.00000

   Energies (kJ/mol)
           Bond            U-B    Proper Dih.  Improper Dih.          LJ-14
    1.14962e+04    6.15065e+04    4.11657e+04    3.97211e+02    7.47180e+03
     Coulomb-14        LJ (SR)   Coulomb (SR)   Coul. recip. Position Rest.
   -3.46413e+02    6.02726e+03   -5.62693e+05    1.97289e+03    3.01495e+02
     Dih. Rest.      Potential    Kinetic En.   Total Energy  Conserved En.
    3.72198e+02   -4.32328e+05    1.50240e+05   -2.82088e+05   -2.11313e+05
    Temperature Pressure (bar)   Constr. rmsd
    2.99431e+02    4.18421e+00    4.19370e-06

           Step           Time
        1896000     3792.00000

   Energies (kJ/mol)
           Bond            U-B    Proper Dih.  Improper Dih.          LJ-14
    1.15965e+04    6.04970e+04    4.13024e+04    3.82794e+02    7.62419e+03
     Coulomb-14        LJ (SR)   Coulomb (SR)   Coul. recip. Position Rest.
    4.63591e+01    5.65059e+03   -5.63350e+05    1.94369e+03    2.81591e+02
     Dih. Rest.      Potential    Kinetic En.   Total Energy  Conserved En.
    4.33853e+02   -4.33591e+05    1.51182e+05   -2.82408e+05   -2.11254e+05
    Temperature Pressure (bar)   Constr. rmsd
    3.01308e+02   -2.22001e+01    4.19370e-06

           Step           Time
        1898000     3796.00000

   Energies (kJ/mol)
           Bond            U-B    Proper Dih.  Improper Dih.          LJ-14
    1.11963e+04    6.11014e+04    4.14364e+04    3.81422e+02    7.52910e+03
     Coulomb-14        LJ (SR)   Coulomb (SR)   Coul. recip. Position Rest.
   -5.30218e+02    5.28104e+03   -5.61601e+05    2.03874e+03    2.58488e+02
     Dih. Rest.      Potential    Kinetic En.   Total Energy  Conserved En.
    4.35650e+02   -4.32473e+05    1.49939e+05   -2.82534e+05   -2.11097e+05
    Temperature Pressure (bar)   Constr. rmsd
    2.98830e+02   -6.99860e+01    4.19370e-06

           Step           Time
        1900000     3800.00000

   Energies (kJ/mol)
           Bond            U-B    Proper Dih.  Improper Dih.          LJ-14
    1.15944e+04    6.15055e+04    4.12176e+04    3.67018e+02    7.44754e+03
     Coulomb-14        LJ (SR)   Coulomb (SR)   Coul. recip. Position Rest.
   -8.42992e+01    6.03327e+03   -5.62614e+05    2.01121e+03    3.12432e+02
     Dih. Rest.      Potential    Kinetic En.   Total Energy  Conserved En.
    3.92753e+02   -4.31817e+05    1.50591e+05   -2.81226e+05   -2.10944e+05
    Temperature Pressure (bar)   Constr. rmsd
    3.00130e+02   -7.05311e+01    4.19370e-06

           Step           Time
        1902000     3804.00000

   Energies (kJ/mol)
           Bond            U-B    Proper Dih.  Improper Dih.          LJ-14
    1.14384e+04    6.06523e+04    4.13793e+04    4.04961e+02    7.55423e+03
     Coulomb-14        LJ (SR)   Coulomb (SR)   Coul. recip. Position Rest.
   -1.73221e+02    5.78113e+03   -5.61919e+05    1.98816e+03    2.74880e+02
     Dih. Rest.      Potential    Kinetic En.   Total Energy  Conserved En.
    4.33443e+02   -4.32186e+05    1.49797e+05   -2.82389e+05   -2.10840e+05
    Temperature Pressure (bar)   Constr. rmsd
    2.98547e+02   -1.06032e+02    4.19370e-06

           Step           Time
        1904000     3808.00000

   Energies (kJ/mol)
           Bond            U-B    Proper Dih.  Improper Dih.          LJ-14
    1.15453e+04    6.07324e+04    4.14559e+04    3.78289e+02    7.46187e+03
     Coulomb-14        LJ (SR)   Coulomb (SR)   Coul. recip. Position Rest.
   -4.49390e+02    6.27798e+03   -5.62491e+05    2.00315e+03    3.16488e+02
     Dih. Rest.      Potential    Kinetic En.   Total Energy  Conserved En.
    4.71623e+02   -4.32298e+05    1.50764e+05   -2.81534e+05   -2.10722e+05
    Temperature Pressure (bar)   Constr. rmsd
    3.00474e+02   -5.28805e+00    4.19370e-06

           Step           Time
        1906000     3812.00000

   Energies (kJ/mol)
           Bond            U-B    Proper Dih.  Improper Dih.          LJ-14
    1.12323e+04    6.09887e+04    4.09318e+04    3.89263e+02    7.54395e+03
     Coulomb-14        LJ (SR)   Coulomb (SR)   Coul. recip. Position Rest.
   -2.02667e+02    6.63039e+03   -5.64199e+05    2.00221e+03    3.05869e+02
     Dih. Rest.      Potential    Kinetic En.   Total Energy  Conserved En.
    3.76133e+02   -4.34001e+05    1.51336e+05   -2.82665e+05   -2.10622e+05
    Temperature Pressure (bar)   Constr. rmsd
    3.01615e+02   -2.62178e+01    4.19370e-06

           Step           Time
        1908000     3816.00000

   Energies (kJ/mol)
           Bond            U-B    Proper Dih.  Improper Dih.          LJ-14
    1.15978e+04    6.17688e+04    4.13229e+04    3.75171e+02    7.49674e+03
     Coulomb-14        LJ (SR)   Coulomb (SR)   Coul. recip. Position Rest.
   -5.12764e+02    6.24883e+03   -5.62839e+05    2.11141e+03    3.37617e+02
     Dih. Rest.      Potential    Kinetic En.   Total Energy  Conserved En.
    4.84503e+02   -4.31608e+05    1.50675e+05   -2.80933e+05   -2.10425e+05
    Temperature Pressure (bar)   Constr. rmsd
    3.00297e+02    9.80510e+00    4.19370e-06

           Step           Time
        1910000     3820.00000

   Energies (kJ/mol)
           Bond            U-B    Proper Dih.  Improper Dih.          LJ-14
    1.15461e+04    6.13532e+04    4.12104e+04    4.10341e+02    7.49542e+03
     Coulomb-14        LJ (SR)   Coulomb (SR)   Coul. recip. Position Rest.
    2.14507e+02    6.78251e+03   -5.63935e+05    2.01634e+03    2.55160e+02
     Dih. Rest.      Potential    Kinetic En.   Total Energy  Conserved En.
    4.76539e+02   -4.32175e+05    1.51020e+05   -2.81155e+05   -2.10332e+05
    Temperature Pressure (bar)   Constr. rmsd
    3.00985e+02   -6.81563e+01    4.19370e-06

           Step           Time
        1912000     3824.00000

   Energies (kJ/mol)
           Bond            U-B    Proper Dih.  Improper Dih.          LJ-14
    1.16595e+04    6.05758e+04    4.12406e+04    3.89264e+02    7.50724e+03
     Coulomb-14        LJ (SR)   Coulomb (SR)   Coul. recip. Position Rest.
   -2.21998e+02    6.55159e+03   -5.62722e+05    2.04852e+03    3.15316e+02
     Dih. Rest.      Potential    Kinetic En.   Total Energy  Conserved En.
    3.99622e+02   -4.32257e+05    1.50659e+05   -2.81598e+05   -2.10291e+05
    Temperature Pressure (bar)   Constr. rmsd
    3.00265e+02   -6.89869e+01    4.19370e-06

           Step           Time
        1914000     3828.00000

   Energies (kJ/mol)
           Bond            U-B    Proper Dih.  Improper Dih.          LJ-14
    1.15169e+04    6.16126e+04    4.14055e+04    3.64145e+02    7.38064e+03
     Coulomb-14        LJ (SR)   Coulomb (SR)   Coul. recip. Position Rest.
   -3.45052e+02    6.43309e+03   -5.63526e+05    2.02815e+03    2.73451e+02
     Dih. Rest.      Potential    Kinetic En.   Total Energy  Conserved En.
    5.18092e+02   -4.32339e+05    1.49881e+05   -2.82458e+05   -2.10075e+05
    Temperature Pressure (bar)   Constr. rmsd
    2.98714e+02   -6.12591e+01    4.19370e-06

           Step           Time
        1916000     3832.00000

   Energies (kJ/mol)
           Bond            U-B    Proper Dih.  Improper Dih.          LJ-14
    1.13235e+04    6.12937e+04    4.13769e+04    3.59898e+02    7.47716e+03
     Coulomb-14        LJ (SR)   Coulomb (SR)   Coul. recip. Position Rest.
    1.18507e+02    6.61101e+03   -5.63491e+05    1.99982e+03    2.99772e+02
     Dih. Rest.      Potential    Kinetic En.   Total Energy  Conserved En.
    4.46575e+02   -4.32184e+05    1.49427e+05   -2.82756e+05   -2.09960e+05
    Temperature Pressure (bar)   Constr. rmsd
    2.97811e+02   -5.49990e+01    4.19370e-06

           Step           Time
        1918000     3836.00000

   Energies (kJ/mol)
           Bond            U-B    Proper Dih.  Improper Dih.          LJ-14
    1.12966e+04    6.14160e+04    4.13971e+04    4.53846e+02    7.62962e+03
     Coulomb-14        LJ (SR)   Coulomb (SR)   Coul. recip. Position Rest.
   -2.16703e+02    7.44869e+03   -5.65050e+05    2.01731e+03    2.80387e+02
     Dih. Rest.      Potential    Kinetic En.   Total Energy  Conserved En.
    4.58184e+02   -4.32869e+05    1.51042e+05   -2.81827e+05   -2.09869e+05
    Temperature Pressure (bar)   Constr. rmsd
    3.01028e+02   -1.02579e+01    4.19370e-06

           Step           Time
        1920000     3840.00000

   Energies (kJ/mol)
           Bond            U-B    Proper Dih.  Improper Dih.          LJ-14
    1.16772e+04    6.09907e+04    4.14128e+04    3.74879e+02    7.59238e+03
     Coulomb-14        LJ (SR)   Coulomb (SR)   Coul. recip. Position Rest.
   -6.02926e+01    5.28105e+03   -5.61634e+05    2.06687e+03    2.71781e+02
     Dih. Rest.      Potential    Kinetic En.   Total Energy  Conserved En.
    4.21497e+02   -4.31605e+05    1.52029e+05   -2.79576e+05   -2.09784e+05
    Temperature Pressure (bar)   Constr. rmsd
    3.02995e+02   -9.24251e+01    4.19370e-06

           Step           Time
        1922000     3844.00000

   Energies (kJ/mol)
           Bond            U-B    Proper Dih.  Improper Dih.          LJ-14
    1.15766e+04    6.20849e+04    4.12974e+04    3.60050e+02    7.51704e+03
     Coulomb-14        LJ (SR)   Coulomb (SR)   Coul. recip. Position Rest.
   -2.64298e+02    5.87799e+03   -5.62371e+05    2.01354e+03    2.41483e+02
     Dih. Rest.      Potential    Kinetic En.   Total Energy  Conserved En.
    4.01031e+02   -4.31266e+05    1.51426e+05   -2.79840e+05   -2.09573e+05
    Temperature Pressure (bar)   Constr. rmsd
    3.01793e+02   -3.74166e+01    4.19370e-06

           Step           Time
        1924000     3848.00000

   Energies (kJ/mol)
           Bond            U-B    Proper Dih.  Improper Dih.          LJ-14
    1.16647e+04    6.14278e+04    4.11707e+04    3.61891e+02    7.51564e+03
     Coulomb-14        LJ (SR)   Coulomb (SR)   Coul. recip. Position Rest.
   -3.29330e+02    5.90513e+03   -5.62736e+05    2.01238e+03    2.60490e+02
     Dih. Rest.      Potential    Kinetic En.   Total Energy  Conserved En.
    4.09908e+02   -4.32336e+05    1.50486e+05   -2.81851e+05   -2.09522e+05
    Temperature Pressure (bar)   Constr. rmsd
    2.99920e+02   -7.13134e+01    4.19370e-06

           Step           Time
        1926000     3852.00000

   Energies (kJ/mol)
           Bond            U-B    Proper Dih.  Improper Dih.          LJ-14
    1.15324e+04    6.15082e+04    4.12898e+04    3.30800e+02    7.42530e+03
     Coulomb-14        LJ (SR)   Coulomb (SR)   Coul. recip. Position Rest.
   -2.78968e+02    6.84419e+03   -5.64317e+05    1.97868e+03    2.83506e+02
     Dih. Rest.      Potential    Kinetic En.   Total Energy  Conserved En.
    4.09168e+02   -4.32994e+05    1.50167e+05   -2.82827e+05   -2.09320e+05
    Temperature Pressure (bar)   Constr. rmsd
    2.99285e+02   -6.34830e+01    4.19370e-06

           Step           Time
        1928000     3856.00000

   Energies (kJ/mol)
           Bond            U-B    Proper Dih.  Improper Dih.          LJ-14
    1.14773e+04    6.18490e+04    4.12599e+04    3.26122e+02    7.47405e+03
     Coulomb-14        LJ (SR)   Coulomb (SR)   Coul. recip. Position Rest.
   -9.69955e+01    7.04792e+03   -5.64397e+05    2.03494e+03    2.63893e+02
     Dih. Rest.      Potential    Kinetic En.   Total Energy  Conserved En.
    3.69704e+02   -4.32391e+05    1.50314e+05   -2.82077e+05   -2.09154e+05
    Temperature Pressure (bar)   Constr. rmsd
    2.99579e+02   -8.32626e+01    4.19370e-06

           Step           Time
        1930000     3860.00000

   Energies (kJ/mol)
           Bond            U-B    Proper Dih.  Improper Dih.          LJ-14
    1.17556e+04    6.13360e+04    4.14049e+04    4.14254e+02    7.42773e+03
     Coulomb-14        LJ (SR)   Coulomb (SR)   Coul. recip. Position Rest.
   -1.13907e+02    6.65829e+03   -5.62874e+05    1.99848e+03    2.58609e+02
     Dih. Rest.      Potential    Kinetic En.   Total Energy  Conserved En.
    3.99511e+02   -4.31335e+05    1.49950e+05   -2.81385e+05   -2.09091e+05
    Temperature Pressure (bar)   Constr. rmsd
    2.98852e+02   -4.50817e+01    4.19370e-06

           Step           Time
        1932000     3864.00000

   Energies (kJ/mol)
           Bond            U-B    Proper Dih.  Improper Dih.          LJ-14
    1.17779e+04    6.10136e+04    4.13186e+04    3.81853e+02    7.45283e+03
     Coulomb-14        LJ (SR)   Coulomb (SR)   Coul. recip. Position Rest.
   -3.73430e+02    6.33801e+03   -5.62877e+05    1.98294e+03    2.80674e+02
     Dih. Rest.      Potential    Kinetic En.   Total Energy  Conserved En.
    3.62762e+02   -4.32341e+05    1.49466e+05   -2.82875e+05   -2.09008e+05
    Temperature Pressure (bar)   Constr. rmsd
    2.97889e+02   -1.33479e+02    4.19370e-06

           Step           Time
        1934000     3868.00000

   Energies (kJ/mol)
           Bond            U-B    Proper Dih.  Improper Dih.          LJ-14
    1.16373e+04    6.14316e+04    4.13201e+04    3.62465e+02    7.45142e+03
     Coulomb-14        LJ (SR)   Coulomb (SR)   Coul. recip. Position Rest.
   -2.41884e+02    6.68020e+03   -5.64402e+05    2.00932e+03    2.73983e+02
     Dih. Rest.      Potential    Kinetic En.   Total Energy  Conserved En.
    4.43332e+02   -4.33034e+05    1.50600e+05   -2.82434e+05   -2.08825e+05
    Temperature Pressure (bar)   Constr. rmsd
    3.00147e+02   -4.45978e+01    4.19370e-06

           Step           Time
        1936000     3872.00000

   Energies (kJ/mol)
           Bond            U-B    Proper Dih.  Improper Dih.          LJ-14
    1.14770e+04    6.16248e+04    4.12106e+04    4.11516e+02    7.51657e+03
     Coulomb-14        LJ (SR)   Coulomb (SR)   Coul. recip. Position Rest.
   -6.41519e+01    6.63957e+03   -5.63776e+05    2.12287e+03    2.68476e+02
     Dih. Rest.      Potential    Kinetic En.   Total Energy  Conserved En.
    4.37975e+02   -4.32131e+05    1.49854e+05   -2.82278e+05   -2.08690e+05
    Temperature Pressure (bar)   Constr. rmsd
    2.98660e+02    2.37298e+01    4.19370e-06

           Step           Time
        1938000     3876.00000

   Energies (kJ/mol)
           Bond            U-B    Proper Dih.  Improper Dih.          LJ-14
    1.14615e+04    6.14903e+04    4.12742e+04    3.74108e+02    7.56858e+03
     Coulomb-14        LJ (SR)   Coulomb (SR)   Coul. recip. Position Rest.
    1.12546e+02    7.39933e+03   -5.64512e+05    2.11400e+03    2.56299e+02
     Dih. Rest.      Potential    Kinetic En.   Total Energy  Conserved En.
    4.54086e+02   -4.32007e+05    1.50564e+05   -2.81444e+05   -2.08543e+05
    Temperature Pressure (bar)   Constr. rmsd
    3.00075e+02    5.12201e+01    4.19370e-06

           Step           Time
        1940000     3880.00000

   Energies (kJ/mol)
           Bond            U-B    Proper Dih.  Improper Dih.          LJ-14
    1.18594e+04    6.13424e+04    4.10761e+04    4.06469e+02    7.55217e+03
     Coulomb-14        LJ (SR)   Coulomb (SR)   Coul. recip. Position Rest.
    1.62639e+02    6.18810e+03   -5.63219e+05    2.02321e+03    2.66721e+02
     Dih. Rest.      Potential    Kinetic En.   Total Energy  Conserved En.
    3.89239e+02   -4.31952e+05    1.51192e+05   -2.80760e+05   -2.08481e+05
    Temperature Pressure (bar)   Constr. rmsd
    3.01328e+02   -8.45571e+01    4.19370e-06

           Step           Time
        1942000     3884.00000

   Energies (kJ/mol)
           Bond            U-B    Proper Dih.  Improper Dih.          LJ-14
    1.15078e+04    6.20470e+04    4.10536e+04    3.79574e+02    7.50230e+03
     Coulomb-14        LJ (SR)   Coulomb (SR)   Coul. recip. Position Rest.
   -3.92300e+02    5.37193e+03   -5.60747e+05    2.05654e+03    2.45767e+02
     Dih. Rest.      Potential    Kinetic En.   Total Energy  Conserved En.
    4.73347e+02   -4.30502e+05    1.50038e+05   -2.80463e+05   -2.08251e+05
    Temperature Pressure (bar)   Constr. rmsd
    2.99028e+02   -5.10122e+00    4.19370e-06

           Step           Time
        1944000     3888.00000

   Energies (kJ/mol)
           Bond            U-B    Proper Dih.  Improper Dih.          LJ-14
    1.15888e+04    6.15174e+04    4.12310e+04    3.48635e+02    7.53993e+03
     Coulomb-14        LJ (SR)   Coulomb (SR)   Coul. recip. Position Rest.
    2.18478e+02    5.37503e+03   -5.61752e+05    1.98421e+03    2.90222e+02
     Dih. Rest.      Potential    Kinetic En.   Total Energy  Conserved En.
    4.19117e+02   -4.31239e+05    1.49976e+05   -2.81263e+05   -2.08202e+05
    Temperature Pressure (bar)   Constr. rmsd
    2.98904e+02   -1.30963e+02    4.19370e-06

           Step           Time
        1946000     3892.00000

   Energies (kJ/mol)
           Bond            U-B    Proper Dih.  Improper Dih.          LJ-14
    1.11567e+04    6.10050e+04    4.12896e+04    3.57328e+02    7.51882e+03
     Coulomb-14        LJ (SR)   Coulomb (SR)   Coul. recip. Position Rest.
   -1.38886e+02    6.23323e+03   -5.62149e+05    2.02987e+03    2.77804e+02
     Dih. Rest.      Potential    Kinetic En.   Total Energy  Conserved En.
    3.66765e+02   -4.32053e+05    1.50788e+05   -2.81265e+05   -2.08132e+05
    Temperature Pressure (bar)   Constr. rmsd
    3.00521e+02   -4.62517e+01    4.19370e-06

           Step           Time
        1948000     3896.00000

   Energies (kJ/mol)
           Bond            U-B    Proper Dih.  Improper Dih.          LJ-14
    1.16106e+04    6.14945e+04    4.10919e+04    3.92092e+02    7.51570e+03
     Coulomb-14        LJ (SR)   Coulomb (SR)   Coul. recip. Position Rest.
    9.14401e+01    5.91176e+03   -5.62911e+05    2.04083e+03    2.82648e+02
     Dih. Rest.      Potential    Kinetic En.   Total Energy  Conserved En.
    3.87928e+02   -4.32092e+05    1.51156e+05   -2.80936e+05   -2.07988e+05
    Temperature Pressure (bar)   Constr. rmsd
    3.01256e+02   -8.45570e+01    4.19370e-06

           Step           Time
        1950000     3900.00000

   Energies (kJ/mol)
           Bond            U-B    Proper Dih.  Improper Dih.          LJ-14
    1.12441e+04    6.11516e+04    4.11769e+04    3.91861e+02    7.64149e+03
     Coulomb-14        LJ (SR)   Coulomb (SR)   Coul. recip. Position Rest.
    9.23083e+02    5.47742e+03   -5.62200e+05    2.07123e+03    2.91656e+02
     Dih. Rest.      Potential    Kinetic En.   Total Energy  Conserved En.
    3.85967e+02   -4.31445e+05    1.51287e+05   -2.80158e+05   -2.07926e+05
    Temperature Pressure (bar)   Constr. rmsd
    3.01517e+02   -4.85070e+01    4.19370e-06

           Step           Time
        1952000     3904.00000

   Energies (kJ/mol)
           Bond            U-B    Proper Dih.  Improper Dih.          LJ-14
    1.15516e+04    6.18247e+04    4.11179e+04    3.76149e+02    7.58654e+03
     Coulomb-14        LJ (SR)   Coulomb (SR)   Coul. recip. Position Rest.
    3.13112e+02    6.38161e+03   -5.62245e+05    2.05378e+03    2.80466e+02
     Dih. Rest.      Potential    Kinetic En.   Total Energy  Conserved En.
    4.01104e+02   -4.30358e+05    1.51248e+05   -2.79110e+05   -2.07711e+05
    Temperature Pressure (bar)   Constr. rmsd
    3.01439e+02   -5.38190e+01    4.19370e-06

           Step           Time
        1954000     3908.00000

   Energies (kJ/mol)
           Bond            U-B    Proper Dih.  Improper Dih.          LJ-14
    1.18804e+04    6.15973e+04    4.11002e+04    3.96643e+02    7.51944e+03
     Coulomb-14        LJ (SR)   Coulomb (SR)   Coul. recip. Position Rest.
    2.62902e+02    5.46673e+03   -5.62347e+05    2.10105e+03    2.71571e+02
     Dih. Rest.      Potential    Kinetic En.   Total Energy  Conserved En.
    4.49217e+02   -4.31301e+05    1.50758e+05   -2.80543e+05   -2.07568e+05
    Temperature Pressure (bar)   Constr. rmsd
    3.00463e+02   -9.41631e+01    4.19370e-06

           Step           Time
        1956000     3912.00000

   Energies (kJ/mol)
           Bond            U-B    Proper Dih.  Improper Dih.          LJ-14
    1.15070e+04    6.18204e+04    4.12966e+04    3.95648e+02    7.61442e+03
     Coulomb-14        LJ (SR)   Coulomb (SR)   Coul. recip. Position Rest.
    1.33367e+01    6.45844e+03   -5.62941e+05    2.07494e+03    3.09294e+02
     Dih. Rest.      Potential    Kinetic En.   Total Energy  Conserved En.
    3.98281e+02   -4.31053e+05    1.52198e+05   -2.78855e+05   -2.07489e+05
    Temperature Pressure (bar)   Constr. rmsd
    3.03333e+02    2.43026e+01    4.19370e-06

           Step           Time
        1958000     3916.00000

   Energies (kJ/mol)
           Bond            U-B    Proper Dih.  Improper Dih.          LJ-14
    1.13827e+04    6.15173e+04    4.12981e+04    3.95695e+02    7.43768e+03
     Coulomb-14        LJ (SR)   Coulomb (SR)   Coul. recip. Position Rest.
    3.67321e+02    6.55895e+03   -5.63341e+05    1.97217e+03    3.01991e+02
     Dih. Rest.      Potential    Kinetic En.   Total Energy  Conserved En.
    4.47092e+02   -4.31662e+05    1.49850e+05   -2.81812e+05   -2.07379e+05
    Temperature Pressure (bar)   Constr. rmsd
    2.98652e+02   -3.66286e+01    4.19370e-06

           Step           Time
        1960000     3920.00000

   Energies (kJ/mol)
           Bond            U-B    Proper Dih.  Improper Dih.          LJ-14
    1.17244e+04    6.10142e+04    4.13095e+04    3.99194e+02    7.48006e+03
     Coulomb-14        LJ (SR)   Coulomb (SR)   Coul. recip. Position Rest.
    3.33547e+02    6.59012e+03   -5.63380e+05    2.11359e+03    2.93051e+02
     Dih. Rest.      Potential    Kinetic En.   Total Energy  Conserved En.
    4.22873e+02   -4.31699e+05    1.50686e+05   -2.81014e+05   -2.07251e+05
    Temperature Pressure (bar)   Constr. rmsd
    3.00319e+02   -2.22327e+01    4.19370e-06

           Step           Time
        1962000     3924.00000

   Energies (kJ/mol)
           Bond            U-B    Proper Dih.  Improper Dih.          LJ-14
    1.15294e+04    6.20959e+04    4.12679e+04    3.40979e+02    7.64982e+03
     Coulomb-14        LJ (SR)   Coulomb (SR)   Coul. recip. Position Rest.
    1.92061e+02    7.18417e+03   -5.64620e+05    2.06220e+03    2.91151e+02
     Dih. Rest.      Potential    Kinetic En.   Total Energy  Conserved En.
    4.31079e+02   -4.31575e+05    1.50593e+05   -2.80982e+05   -2.07022e+05
    Temperature Pressure (bar)   Constr. rmsd
    3.00134e+02   -6.51203e+01    4.19370e-06

           Step           Time
        1964000     3928.00000

   Energies (kJ/mol)
           Bond            U-B    Proper Dih.  Improper Dih.          LJ-14
    1.15599e+04    6.14557e+04    4.12226e+04    3.51651e+02    7.57728e+03
     Coulomb-14        LJ (SR)   Coulomb (SR)   Coul. recip. Position Rest.
    6.00471e+01    7.48607e+03   -5.63481e+05    2.04944e+03    2.78824e+02
     Dih. Rest.      Potential    Kinetic En.   Total Energy  Conserved En.
    4.51865e+02   -4.30988e+05    1.50603e+05   -2.80385e+05   -2.06974e+05
    Temperature Pressure (bar)   Constr. rmsd
    3.00154e+02   -2.22899e+00    4.19370e-06

           Step           Time
        1966000     3932.00000

   Energies (kJ/mol)
           Bond            U-B    Proper Dih.  Improper Dih.          LJ-14
    1.14150e+04    6.10985e+04    4.11649e+04    4.12862e+02    7.64049e+03
     Coulomb-14        LJ (SR)   Coulomb (SR)   Coul. recip. Position Rest.
    3.92048e+02    7.05542e+03   -5.62559e+05    2.07202e+03    2.94740e+02
     Dih. Rest.      Potential    Kinetic En.   Total Energy  Conserved En.
    3.95249e+02   -4.30618e+05    1.50746e+05   -2.79872e+05   -2.06870e+05
    Temperature Pressure (bar)   Constr. rmsd
    3.00439e+02    2.13143e+01    4.19370e-06

           Step           Time
        1968000     3936.00000

   Energies (kJ/mol)
           Bond            U-B    Proper Dih.  Improper Dih.          LJ-14
    1.13835e+04    6.13069e+04    4.11602e+04    4.03278e+02    7.62052e+03
     Coulomb-14        LJ (SR)   Coulomb (SR)   Coul. recip. Position Rest.
    4.29072e+02    5.93827e+03   -5.63548e+05    2.02211e+03    2.70074e+02
     Dih. Rest.      Potential    Kinetic En.   Total Energy  Conserved En.
    3.86348e+02   -4.32628e+05    1.51185e+05   -2.81443e+05   -2.06752e+05
    Temperature Pressure (bar)   Constr. rmsd
    3.01314e+02   -8.65617e+01    4.19370e-06

           Step           Time
        1970000     3940.00000

   Energies (kJ/mol)
           Bond            U-B    Proper Dih.  Improper Dih.          LJ-14
    1.13697e+04    6.14549e+04    4.12464e+04    3.71188e+02    7.53506e+03
     Coulomb-14        LJ (SR)   Coulomb (SR)   Coul. recip. Position Rest.
    4.04785e+02    6.80450e+03   -5.65173e+05    2.11979e+03    2.69726e+02
     Dih. Rest.      Potential    Kinetic En.   Total Energy  Conserved En.
    3.86579e+02   -4.33211e+05    1.51056e+05   -2.82155e+05   -2.06590e+05
    Temperature Pressure (bar)   Constr. rmsd
    3.01056e+02   -5.18276e+01    4.19370e-06

           Step           Time
        1972000     3944.00000

   Energies (kJ/mol)
           Bond            U-B    Proper Dih.  Improper Dih.          LJ-14
    1.17173e+04    6.19257e+04    4.11296e+04    3.94662e+02    7.38320e+03
     Coulomb-14        LJ (SR)   Coulomb (SR)   Coul. recip. Position Rest.
    1.00855e+02    4.68885e+03   -5.62144e+05    2.03589e+03    2.82673e+02
     Dih. Rest.      Potential    Kinetic En.   Total Energy  Conserved En.
    3.83391e+02   -4.32102e+05    1.50736e+05   -2.81365e+05   -2.06419e+05
    Temperature Pressure (bar)   Constr. rmsd
    3.00420e+02   -1.27702e+02    4.19370e-06

           Step           Time
        1974000     3948.00000

   Energies (kJ/mol)
           Bond            U-B    Proper Dih.  Improper Dih.          LJ-14
    1.15433e+04    6.07701e+04    4.08760e+04    3.95882e+02    7.45711e+03
     Coulomb-14        LJ (SR)   Coulomb (SR)   Coul. recip. Position Rest.
    4.14170e+02    5.42972e+03   -5.62753e+05    1.95874e+03    3.47034e+02
     Dih. Rest.      Potential    Kinetic En.   Total Energy  Conserved En.
    3.83098e+02   -4.33178e+05    1.51312e+05   -2.81866e+05   -2.06380e+05
    Temperature Pressure (bar)   Constr. rmsd
    3.01566e+02   -9.46835e+01    4.19370e-06

           Step           Time
        1976000     3952.00000

   Energies (kJ/mol)
           Bond            U-B    Proper Dih.  Improper Dih.          LJ-14
    1.15534e+04    6.07183e+04    4.11991e+04    4.38361e+02    7.38987e+03
     Coulomb-14        LJ (SR)   Coulomb (SR)   Coul. recip. Position Rest.
    1.40362e+02    6.47619e+03   -5.63018e+05    1.95421e+03    2.84893e+02
     Dih. Rest.      Potential    Kinetic En.   Total Energy  Conserved En.
    3.74706e+02   -4.32489e+05    1.50373e+05   -2.82116e+05   -2.06261e+05
    Temperature Pressure (bar)   Constr. rmsd
    2.99694e+02   -1.52864e+01    4.19370e-06

           Step           Time
        1978000     3956.00000

   Energies (kJ/mol)
           Bond            U-B    Proper Dih.  Improper Dih.          LJ-14
    1.14042e+04    6.16806e+04    4.11825e+04    3.70473e+02    7.37166e+03
     Coulomb-14        LJ (SR)   Coulomb (SR)   Coul. recip. Position Rest.
   -5.02987e+01    5.49585e+03   -5.62056e+05    2.01102e+03    3.33624e+02
     Dih. Rest.      Potential    Kinetic En.   Total Energy  Conserved En.
    4.02459e+02   -4.31854e+05    1.48901e+05   -2.82953e+05   -2.06077e+05
    Temperature Pressure (bar)   Constr. rmsd
    2.96761e+02   -1.03183e+02    4.19370e-06

           Step           Time
        1980000     3960.00000

   Energies (kJ/mol)
           Bond            U-B    Proper Dih.  Improper Dih.          LJ-14
    1.18881e+04    6.14156e+04    4.10175e+04    3.47431e+02    7.44126e+03
     Coulomb-14        LJ (SR)   Coulomb (SR)   Coul. recip. Position Rest.
    3.96362e+02    5.79955e+03   -5.63333e+05    1.97311e+03    3.11499e+02
     Dih. Rest.      Potential    Kinetic En.   Total Energy  Conserved En.
    4.09049e+02   -4.32333e+05    1.51237e+05   -2.81097e+05   -2.05984e+05
    Temperature Pressure (bar)   Constr. rmsd
    3.01417e+02   -6.61049e+01    4.19370e-06

           Step           Time
        1982000     3964.00000

   Energies (kJ/mol)
           Bond            U-B    Proper Dih.  Improper Dih.          LJ-14
    1.15556e+04    6.12023e+04    4.11176e+04    3.89317e+02    7.42578e+03
     Coulomb-14        LJ (SR)   Coulomb (SR)   Coul. recip. Position Rest.
   -2.77820e+02    5.81141e+03   -5.62045e+05    2.03166e+03    3.21434e+02
     Dih. Rest.      Potential    Kinetic En.   Total Energy  Conserved En.
    4.13256e+02   -4.32054e+05    1.51267e+05   -2.80787e+05   -2.05845e+05
    Temperature Pressure (bar)   Constr. rmsd
    3.01478e+02   -5.23516e+01    4.19370e-06

           Step           Time
        1984000     3968.00000

   Energies (kJ/mol)
           Bond            U-B    Proper Dih.  Improper Dih.          LJ-14
    1.15051e+04    6.15193e+04    4.10357e+04    3.78727e+02    7.42498e+03
     Coulomb-14        LJ (SR)   Coulomb (SR)   Coul. recip. Position Rest.
   -2.07573e+02    6.58488e+03   -5.62713e+05    1.96449e+03    3.28557e+02
     Dih. Rest.      Potential    Kinetic En.   Total Energy  Conserved En.
    4.19297e+02   -4.31760e+05    1.49792e+05   -2.81967e+05   -2.05698e+05
    Temperature Pressure (bar)   Constr. rmsd
    2.98538e+02   -1.67394e+01    4.19370e-06

           Step           Time
        1986000     3972.00000

   Energies (kJ/mol)
           Bond            U-B    Proper Dih.  Improper Dih.          LJ-14
    1.18125e+04    6.07492e+04    4.15315e+04    4.07570e+02    7.50003e+03
     Coulomb-14        LJ (SR)   Coulomb (SR)   Coul. recip. Position Rest.
   -7.21201e+01    5.85934e+03   -5.62470e+05    1.99422e+03    3.36085e+02
     Dih. Rest.      Potential    Kinetic En.   Total Energy  Conserved En.
    4.56086e+02   -4.31896e+05    1.50317e+05   -2.81579e+05   -2.05592e+05
    Temperature Pressure (bar)   Constr. rmsd
    2.99583e+02   -1.16983e+02    4.19370e-06

           Step           Time
        1988000     3976.00000

   Energies (kJ/mol)
           Bond            U-B    Proper Dih.  Improper Dih.          LJ-14
    1.17812e+04    6.16411e+04    4.13440e+04    3.91582e+02    7.61616e+03
     Coulomb-14        LJ (SR)   Coulomb (SR)   Coul. recip. Position Rest.
   -6.87565e+02    5.20575e+03   -5.61079e+05    2.04846e+03    2.82931e+02
     Dih. Rest.      Potential    Kinetic En.   Total Energy  Conserved En.
    4.59224e+02   -4.30996e+05    1.51461e+05   -2.79535e+05   -2.05457e+05
    Temperature Pressure (bar)   Constr. rmsd
    3.01863e+02   -2.09933e+01    4.19370e-06

           Step           Time
        1990000     3980.00000

   Energies (kJ/mol)
           Bond            U-B    Proper Dih.  Improper Dih.          LJ-14
    1.15085e+04    6.16301e+04    4.11056e+04    3.45076e+02    7.55631e+03
     Coulomb-14        LJ (SR)   Coulomb (SR)   Coul. recip. Position Rest.
   -8.28857e-02    5.64916e+03   -5.61986e+05    2.01348e+03    3.32731e+02
     Dih. Rest.      Potential    Kinetic En.   Total Energy  Conserved En.
    3.59589e+02   -4.31486e+05    1.50609e+05   -2.80877e+05   -2.05350e+05
    Temperature Pressure (bar)   Constr. rmsd
    3.00165e+02   -6.10748e+01    4.19370e-06

           Step           Time
        1992000     3984.00000

   Energies (kJ/mol)
           Bond            U-B    Proper Dih.  Improper Dih.          LJ-14
    1.17566e+04    6.13601e+04    4.10107e+04    3.65626e+02    7.50733e+03
     Coulomb-14        LJ (SR)   Coulomb (SR)   Coul. recip. Position Rest.
    1.30721e+02    5.66632e+03   -5.63743e+05    2.03766e+03    3.14749e+02
     Dih. Rest.      Potential    Kinetic En.   Total Energy  Conserved En.
    4.02634e+02   -4.33191e+05    1.50059e+05   -2.83132e+05   -2.05180e+05
    Temperature Pressure (bar)   Constr. rmsd
    2.99069e+02   -7.85157e+01    4.19370e-06

           Step           Time
        1994000     3988.00000

   Energies (kJ/mol)
           Bond            U-B    Proper Dih.  Improper Dih.          LJ-14
    1.18712e+04    6.13262e+04    4.10223e+04    3.72295e+02    7.37329e+03
     Coulomb-14        LJ (SR)   Coulomb (SR)   Coul. recip. Position Rest.
    1.87823e+01    4.77736e+03   -5.60632e+05    2.00428e+03    2.97260e+02
     Dih. Rest.      Potential    Kinetic En.   Total Energy  Conserved En.
    3.99829e+02   -4.31169e+05    1.50174e+05   -2.80994e+05   -2.05101e+05
    Temperature Pressure (bar)   Constr. rmsd
    2.99299e+02   -9.14647e+01    4.19370e-06

           Step           Time
        1996000     3992.00000

   Energies (kJ/mol)
           Bond            U-B    Proper Dih.  Improper Dih.          LJ-14
    1.16115e+04    6.04840e+04    4.11420e+04    3.79055e+02    7.47868e+03
     Coulomb-14        LJ (SR)   Coulomb (SR)   Coul. recip. Position Rest.
    4.21230e+02    6.31017e+03   -5.63894e+05    2.08376e+03    3.15055e+02
     Dih. Rest.      Potential    Kinetic En.   Total Energy  Conserved En.
    4.23074e+02   -4.33245e+05    1.50126e+05   -2.83120e+05   -2.04985e+05
    Temperature Pressure (bar)   Constr. rmsd
    2.99202e+02   -5.56545e+01    4.19370e-06

           Step           Time
        1998000     3996.00000

   Energies (kJ/mol)
           Bond            U-B    Proper Dih.  Improper Dih.          LJ-14
    1.15413e+04    6.11572e+04    4.09276e+04    3.82974e+02    7.52499e+03
     Coulomb-14        LJ (SR)   Coulomb (SR)   Coul. recip. Position Rest.
    2.97800e+02    5.64837e+03   -5.62897e+05    2.06850e+03    2.90110e+02
     Dih. Rest.      Potential    Kinetic En.   Total Energy  Conserved En.
    4.27780e+02   -4.32630e+05    1.50479e+05   -2.82152e+05   -2.04854e+05
    Temperature Pressure (bar)   Constr. rmsd
    2.99906e+02   -4.20980e+01    4.19370e-06

           Step           Time
        2000000     4000.00000

   Energies (kJ/mol)
           Bond            U-B    Proper Dih.  Improper Dih.          LJ-14
    1.14863e+04    6.12918e+04    4.12969e+04    3.34114e+02    7.50926e+03
     Coulomb-14        LJ (SR)   Coulomb (SR)   Coul. recip. Position Rest.
   -2.37984e+02    6.04057e+03   -5.62503e+05    2.00438e+03    2.93788e+02
     Dih. Rest.      Potential    Kinetic En.   Total Energy  Conserved En.
    3.97536e+02   -4.32086e+05    1.50238e+05   -2.81848e+05   -2.04782e+05
    Temperature Pressure (bar)   Constr. rmsd
    2.99426e+02   -7.96074e+01    4.19370e-06

           Step           Time
        2002000     4004.00000

   Energies (kJ/mol)
           Bond            U-B    Proper Dih.  Improper Dih.          LJ-14
    1.16082e+04    6.14452e+04    4.14183e+04    3.62617e+02    7.50744e+03
     Coulomb-14        LJ (SR)   Coulomb (SR)   Coul. recip. Position Rest.
   -2.12159e+02    6.43158e+03   -5.62415e+05    2.04720e+03    2.80475e+02
     Dih. Rest.      Potential    Kinetic En.   Total Energy  Conserved En.
    3.51954e+02   -4.31174e+05    1.49832e+05   -2.81342e+05   -2.04619e+05
    Temperature Pressure (bar)   Constr. rmsd
    2.98618e+02   -6.86616e+01    4.19370e-06

           Step           Time
        2004000     4008.00000

   Energies (kJ/mol)
           Bond            U-B    Proper Dih.  Improper Dih.          LJ-14
    1.15796e+04    6.09805e+04    4.12733e+04    4.06913e+02    7.48040e+03
     Coulomb-14        LJ (SR)   Coulomb (SR)   Coul. recip. Position Rest.
    2.21786e+02    5.78725e+03   -5.62468e+05    2.06777e+03    3.25509e+02
     Dih. Rest.      Potential    Kinetic En.   Total Energy  Conserved En.
    4.35914e+02   -4.31909e+05    1.50734e+05   -2.81175e+05   -2.04520e+05
    Temperature Pressure (bar)   Constr. rmsd
    3.00416e+02   -7.75658e+01    4.19370e-06

           Step           Time
        2006000     4012.00000

   Energies (kJ/mol)
           Bond            U-B    Proper Dih.  Improper Dih.          LJ-14
    1.13903e+04    6.10806e+04    4.14238e+04    3.75615e+02    7.59287e+03
     Coulomb-14        LJ (SR)   Coulomb (SR)   Coul. recip. Position Rest.
    8.68805e+01    5.66465e+03   -5.62167e+05    2.01932e+03    3.04445e+02
     Dih. Rest.      Potential    Kinetic En.   Total Energy  Conserved En.
    4.20186e+02   -4.31809e+05    1.49891e+05   -2.81918e+05   -2.04360e+05
    Temperature Pressure (bar)   Constr. rmsd
    2.98735e+02   -3.99181e+01    4.19370e-06

           Step           Time
        2008000     4016.00000

   Energies (kJ/mol)
           Bond            U-B    Proper Dih.  Improper Dih.          LJ-14
    1.15481e+04    6.08108e+04    4.11795e+04    3.80325e+02    7.51783e+03
     Coulomb-14        LJ (SR)   Coulomb (SR)   Coul. recip. Position Rest.
   -2.19752e+02    5.79361e+03   -5.62042e+05    2.07447e+03    2.96874e+02
     Dih. Rest.      Potential    Kinetic En.   Total Energy  Conserved En.
    4.42880e+02   -4.32217e+05    1.51287e+05   -2.80930e+05   -2.04294e+05
    Temperature Pressure (bar)   Constr. rmsd
    3.01517e+02   -6.75635e+01    4.19370e-06

           Step           Time
        2010000     4020.00000

   Energies (kJ/mol)
           Bond            U-B    Proper Dih.  Improper Dih.          LJ-14
    1.15628e+04    6.11229e+04    4.12456e+04    3.31052e+02    7.44013e+03
     Coulomb-14        LJ (SR)   Coulomb (SR)   Coul. recip. Position Rest.
    4.34057e+02    5.64232e+03   -5.62752e+05    2.05855e+03    2.96049e+02
     Dih. Rest.      Potential    Kinetic En.   Total Energy  Conserved En.
    4.16542e+02   -4.32202e+05    1.50709e+05   -2.81493e+05   -2.04146e+05
    Temperature Pressure (bar)   Constr. rmsd
    3.00364e+02   -6.22588e+01    4.19370e-06

           Step           Time
        2012000     4024.00000

   Energies (kJ/mol)
           Bond            U-B    Proper Dih.  Improper Dih.          LJ-14
    1.13540e+04    6.10940e+04    4.14914e+04    3.54610e+02    7.60587e+03
     Coulomb-14        LJ (SR)   Coulomb (SR)   Coul. recip. Position Rest.
   -2.65863e+02    5.11129e+03   -5.62025e+05    2.03777e+03    2.92497e+02
     Dih. Rest.      Potential    Kinetic En.   Total Energy  Conserved En.
    4.31162e+02   -4.32518e+05    1.50900e+05   -2.81619e+05   -2.04078e+05
    Temperature Pressure (bar)   Constr. rmsd
    3.00745e+02   -5.70988e+01    4.19370e-06

           Step           Time
        2014000     4028.00000

   Energies (kJ/mol)
           Bond            U-B    Proper Dih.  Improper Dih.          LJ-14
    1.15961e+04    6.07939e+04    4.13346e+04    3.73990e+02    7.65524e+03
     Coulomb-14        LJ (SR)   Coulomb (SR)   Coul. recip. Position Rest.
    2.80083e+02    5.97826e+03   -5.63634e+05    2.01368e+03    2.74395e+02
     Dih. Rest.      Potential    Kinetic En.   Total Energy  Conserved En.
    3.91426e+02   -4.32942e+05    1.50207e+05   -2.82736e+05   -2.03923e+05
    Temperature Pressure (bar)   Constr. rmsd
    2.99364e+02   -1.18872e+01    4.19370e-06

           Step           Time
        2016000     4032.00000

   Energies (kJ/mol)
           Bond            U-B    Proper Dih.  Improper Dih.          LJ-14
    1.16982e+04    6.14318e+04    4.15360e+04    3.71335e+02    7.59667e+03
     Coulomb-14        LJ (SR)   Coulomb (SR)   Coul. recip. Position Rest.
   -2.35518e+02    6.55306e+03   -5.64407e+05    2.05688e+03    2.89133e+02
     Dih. Rest.      Potential    Kinetic En.   Total Energy  Conserved En.
    4.26602e+02   -4.32683e+05    1.50875e+05   -2.81807e+05   -2.03781e+05
    Temperature Pressure (bar)   Constr. rmsd
    3.00697e+02   -5.85813e+01    4.19370e-06

           Step           Time
        2018000     4036.00000

   Energies (kJ/mol)
           Bond            U-B    Proper Dih.  Improper Dih.          LJ-14
    1.16309e+04    6.05970e+04    4.12991e+04    4.19977e+02    7.61078e+03
     Coulomb-14        LJ (SR)   Coulomb (SR)   Coul. recip. Position Rest.
   -1.00690e+02    5.35276e+03   -5.62130e+05    2.07087e+03    2.68846e+02
     Dih. Rest.      Potential    Kinetic En.   Total Energy  Conserved En.
    5.15875e+02   -4.32465e+05    1.50946e+05   -2.81519e+05   -2.03709e+05
    Temperature Pressure (bar)   Constr. rmsd
    3.00836e+02   -8.19654e+01    4.19370e-06

           Step           Time
        2020000     4040.00000

   Energies (kJ/mol)
           Bond            U-B    Proper Dih.  Improper Dih.          LJ-14
    1.18372e+04    6.14206e+04    4.10219e+04    3.76031e+02    7.37601e+03
     Coulomb-14        LJ (SR)   Coulomb (SR)   Coul. recip. Position Rest.
   -2.19129e+02    7.07654e+03   -5.63521e+05    1.95150e+03    2.56243e+02
     Dih. Rest.      Potential    Kinetic En.   Total Energy  Conserved En.
    3.90618e+02   -4.32034e+05    1.48849e+05   -2.83185e+05   -2.03524e+05
    Temperature Pressure (bar)   Constr. rmsd
    2.96658e+02   -1.15294e+02    4.19370e-06

           Step           Time
        2022000     4044.00000

   Energies (kJ/mol)
           Bond            U-B    Proper Dih.  Improper Dih.          LJ-14
    1.17155e+04    6.12724e+04    4.11788e+04    3.37994e+02    7.53199e+03
     Coulomb-14        LJ (SR)   Coulomb (SR)   Coul. recip. Position Rest.
   -3.64481e+02    7.55741e+03   -5.64251e+05    2.00977e+03    2.53775e+02
     Dih. Rest.      Potential    Kinetic En.   Total Energy  Conserved En.
    4.32885e+02   -4.32325e+05    1.49913e+05   -2.82412e+05   -2.03412e+05
    Temperature Pressure (bar)   Constr. rmsd
    2.98779e+02   -5.26697e+00    4.19370e-06

           Step           Time
        2024000     4048.00000

   Energies (kJ/mol)
           Bond            U-B    Proper Dih.  Improper Dih.          LJ-14
    1.15869e+04    6.14349e+04    4.15158e+04    3.36027e+02    7.38132e+03
     Coulomb-14        LJ (SR)   Coulomb (SR)   Coul. recip. Position Rest.
   -7.73683e+02    6.11856e+03   -5.62546e+05    2.01789e+03    2.82927e+02
     Dih. Rest.      Potential    Kinetic En.   Total Energy  Conserved En.
    4.17434e+02   -4.32228e+05    1.51515e+05   -2.80713e+05   -2.03347e+05
    Temperature Pressure (bar)   Constr. rmsd
    3.01971e+02   -1.13713e+02    4.19370e-06

           Step           Time
        2026000     4052.00000

   Energies (kJ/mol)
           Bond            U-B    Proper Dih.  Improper Dih.          LJ-14
    1.17589e+04    6.20581e+04    4.10742e+04    3.57397e+02    7.41475e+03
     Coulomb-14        LJ (SR)   Coulomb (SR)   Coul. recip. Position Rest.
   -3.12099e+02    6.19366e+03   -5.61991e+05    2.04853e+03    3.04086e+02
     Dih. Rest.      Potential    Kinetic En.   Total Energy  Conserved En.
    4.01678e+02   -4.30692e+05    1.50836e+05   -2.79855e+05   -2.03140e+05
    Temperature Pressure (bar)   Constr. rmsd
    3.00619e+02   -8.45522e+01    4.19370e-06

           Step           Time
        2028000     4056.00000

   Energies (kJ/mol)
           Bond            U-B    Proper Dih.  Improper Dih.          LJ-14
    1.16762e+04    6.12866e+04    4.13068e+04    3.95500e+02    7.50632e+03
     Coulomb-14        LJ (SR)   Coulomb (SR)   Coul. recip. Position Rest.
   -4.30606e+02    6.00138e+03   -5.62818e+05    2.04484e+03    3.02068e+02
     Dih. Rest.      Potential    Kinetic En.   Total Energy  Conserved En.
    4.24284e+02   -4.32305e+05    1.51019e+05   -2.81286e+05   -2.03057e+05
    Temperature Pressure (bar)   Constr. rmsd
    3.00982e+02   -4.87034e+01    4.19370e-06

           Step           Time
        2030000     4060.00000

   Energies (kJ/mol)
           Bond            U-B    Proper Dih.  Improper Dih.          LJ-14
    1.14594e+04    6.18325e+04    4.10247e+04    3.61422e+02    7.32211e+03
     Coulomb-14        LJ (SR)   Coulomb (SR)   Coul. recip. Position Rest.
   -2.02335e+02    6.04863e+03   -5.62556e+05    2.05416e+03    2.88094e+02
     Dih. Rest.      Potential    Kinetic En.   Total Energy  Conserved En.
    4.14576e+02   -4.31952e+05    1.50746e+05   -2.81206e+05   -2.02920e+05
    Temperature Pressure (bar)   Constr. rmsd
    3.00438e+02   -2.48207e+01    4.19370e-06

           Step           Time
        2032000     4064.00000

   Energies (kJ/mol)
           Bond            U-B    Proper Dih.  Improper Dih.          LJ-14
    1.15909e+04    6.09480e+04    4.13424e+04    4.66080e+02    7.43628e+03
     Coulomb-14        LJ (SR)   Coulomb (SR)   Coul. recip. Position Rest.
   -7.08867e+02    5.82969e+03   -5.61825e+05    2.10805e+03    2.78921e+02
     Dih. Rest.      Potential    Kinetic En.   Total Energy  Conserved En.
    4.17266e+02   -4.32116e+05    1.50132e+05   -2.81984e+05   -2.02844e+05
    Temperature Pressure (bar)   Constr. rmsd
    2.99215e+02   -2.36952e+01    4.19370e-06

           Step           Time
        2034000     4068.00000

   Energies (kJ/mol)
           Bond            U-B    Proper Dih.  Improper Dih.          LJ-14
    1.14536e+04    6.07288e+04    4.13172e+04    3.70715e+02    7.51040e+03
     Coulomb-14        LJ (SR)   Coulomb (SR)   Coul. recip. Position Rest.
    5.75763e+01    6.68602e+03   -5.64364e+05    2.09165e+03    2.65597e+02
     Dih. Rest.      Potential    Kinetic En.   Total Energy  Conserved En.
    3.91063e+02   -4.33492e+05    1.51014e+05   -2.82477e+05   -2.02770e+05
    Temperature Pressure (bar)   Constr. rmsd
    3.00974e+02   -7.21005e+01    4.19370e-06

           Step           Time
        2036000     4072.00000

   Energies (kJ/mol)
           Bond            U-B    Proper Dih.  Improper Dih.          LJ-14
    1.14916e+04    6.12714e+04    4.13157e+04    3.65083e+02    7.51437e+03
     Coulomb-14        LJ (SR)   Coulomb (SR)   Coul. recip. Position Rest.
   -6.15803e+02    7.08551e+03   -5.63651e+05    2.06539e+03    2.88966e+02
     Dih. Rest.      Potential    Kinetic En.   Total Energy  Conserved En.
    4.00335e+02   -4.32468e+05    1.50818e+05   -2.81650e+05   -2.02560e+05
    Temperature Pressure (bar)   Constr. rmsd
    3.00582e+02   -2.72264e+01    4.19370e-06

           Step           Time
        2038000     4076.00000

   Energies (kJ/mol)
           Bond            U-B    Proper Dih.  Improper Dih.          LJ-14
    1.19024e+04    6.09416e+04    4.16619e+04    3.96766e+02    7.56631e+03
     Coulomb-14        LJ (SR)   Coulomb (SR)   Coul. recip. Position Rest.
   -6.73302e+02    5.22757e+03   -5.60957e+05    2.06022e+03    2.76305e+02
     Dih. Rest.      Potential    Kinetic En.   Total Energy  Conserved En.
    4.03092e+02   -4.31194e+05    1.49930e+05   -2.81264e+05   -2.02483e+05
    Temperature Pressure (bar)   Constr. rmsd
    2.98813e+02   -1.44061e+02    4.19370e-06

           Step           Time
        2040000     4080.00000

   Energies (kJ/mol)
           Bond            U-B    Proper Dih.  Improper Dih.          LJ-14
    1.15904e+04    6.13015e+04    4.10898e+04    3.79425e+02    7.55196e+03
     Coulomb-14        LJ (SR)   Coulomb (SR)   Coul. recip. Position Rest.
   -5.63721e+02    6.49733e+03   -5.62772e+05    2.05217e+03    3.03083e+02
     Dih. Rest.      Potential    Kinetic En.   Total Energy  Conserved En.
    4.12625e+02   -4.32157e+05    1.50570e+05   -2.81587e+05   -2.02282e+05
    Temperature Pressure (bar)   Constr. rmsd
    3.00088e+02    1.46939e+01    4.19370e-06

           Step           Time
        2042000     4084.00000

   Energies (kJ/mol)
           Bond            U-B    Proper Dih.  Improper Dih.          LJ-14
    1.17564e+04    6.10716e+04    4.10622e+04    4.23492e+02    7.48197e+03
     Coulomb-14        LJ (SR)   Coulomb (SR)   Coul. recip. Position Rest.
   -2.16272e+00    5.22218e+03   -5.62359e+05    2.06361e+03    2.43099e+02
     Dih. Rest.      Potential    Kinetic En.   Total Energy  Conserved En.
    4.36742e+02   -4.32600e+05    1.50450e+05   -2.82149e+05   -2.02173e+05
    Temperature Pressure (bar)   Constr. rmsd
    2.99850e+02   -6.34648e+00    4.19370e-06

           Step           Time
        2044000     4088.00000

   Energies (kJ/mol)
           Bond            U-B    Proper Dih.  Improper Dih.          LJ-14
    1.12557e+04    6.10839e+04    4.12870e+04    3.28582e+02    7.52444e+03
     Coulomb-14        LJ (SR)   Coulomb (SR)   Coul. recip. Position Rest.
   -2.36319e+02    5.59716e+03   -5.62573e+05    1.96582e+03    2.54114e+02
     Dih. Rest.      Potential    Kinetic En.   Total Energy  Conserved En.
    4.21847e+02   -4.33091e+05    1.49326e+05   -2.83765e+05   -2.02056e+05
    Temperature Pressure (bar)   Constr. rmsd
    2.97609e+02   -2.05126e+01    4.19370e-06

           Step           Time
        2046000     4092.00000

   Energies (kJ/mol)
           Bond            U-B    Proper Dih.  Improper Dih.          LJ-14
    1.15694e+04    6.11687e+04    4.12911e+04    3.70212e+02    7.44562e+03
     Coulomb-14        LJ (SR)   Coulomb (SR)   Coul. recip. Position Rest.
   -6.96141e+02    6.69214e+03   -5.62669e+05    2.03482e+03    2.76014e+02
     Dih. Rest.      Potential    Kinetic En.   Total Energy  Conserved En.
    3.89131e+02   -4.32128e+05    1.50142e+05   -2.81986e+05   -2.01919e+05
    Temperature Pressure (bar)   Constr. rmsd
    2.99234e+02    8.06247e+01    4.19370e-06

           Step           Time
        2048000     4096.00000

   Energies (kJ/mol)
           Bond            U-B    Proper Dih.  Improper Dih.          LJ-14
    1.16668e+04    6.13135e+04    4.09648e+04    4.04278e+02    7.53274e+03
     Coulomb-14        LJ (SR)   Coulomb (SR)   Coul. recip. Position Rest.
   -2.29309e+02    6.47434e+03   -5.62391e+05    2.02543e+03    2.59990e+02
     Dih. Rest.      Potential    Kinetic En.   Total Energy  Conserved En.
    4.19398e+02   -4.31559e+05    1.50737e+05   -2.80822e+05   -2.01721e+05
    Temperature Pressure (bar)   Constr. rmsd
    3.00421e+02   -6.57034e+01    4.19370e-06

           Step           Time
        2050000     4100.00000

   Energies (kJ/mol)
           Bond            U-B    Proper Dih.  Improper Dih.          LJ-14
    1.16997e+04    6.10995e+04    4.10961e+04    4.59027e+02    7.31568e+03
     Coulomb-14        LJ (SR)   Coulomb (SR)   Coul. recip. Position Rest.
   -5.85175e+02    6.53666e+03   -5.62120e+05    2.11862e+03    2.70552e+02
     Dih. Rest.      Potential    Kinetic En.   Total Energy  Conserved En.
    4.65500e+02   -4.31644e+05    1.50783e+05   -2.80861e+05   -2.01662e+05
    Temperature Pressure (bar)   Constr. rmsd
    3.00513e+02   -1.33065e+02    4.19370e-06

           Step           Time
        2052000     4104.00000

   Energies (kJ/mol)
           Bond            U-B    Proper Dih.  Improper Dih.          LJ-14
    1.13696e+04    6.15852e+04    4.11314e+04    3.17312e+02    7.45829e+03
     Coulomb-14        LJ (SR)   Coulomb (SR)   Coul. recip. Position Rest.
   -3.66007e+02    5.71372e+03   -5.61646e+05    2.01050e+03    2.64030e+02
     Dih. Rest.      Potential    Kinetic En.   Total Energy  Conserved En.
    3.81957e+02   -4.31780e+05    1.50570e+05   -2.81210e+05   -2.01486e+05
    Temperature Pressure (bar)   Constr. rmsd
    3.00087e+02   -8.14631e+00    4.19370e-06

           Step           Time
        2054000     4108.00000

   Energies (kJ/mol)
           Bond            U-B    Proper Dih.  Improper Dih.          LJ-14
    1.14982e+04    6.12009e+04    4.13209e+04    3.75706e+02    7.60823e+03
     Coulomb-14        LJ (SR)   Coulomb (SR)   Coul. recip. Position Rest.
    3.12041e+02    6.15811e+03   -5.62473e+05    2.07028e+03    2.83759e+02
     Dih. Rest.      Potential    Kinetic En.   Total Energy  Conserved En.
    4.18952e+02   -4.31226e+05    1.49167e+05   -2.82059e+05   -2.01316e+05
    Temperature Pressure (bar)   Constr. rmsd
    2.97292e+02   -4.37733e+01    4.19370e-06

           Step           Time
        2056000     4112.00000

   Energies (kJ/mol)
           Bond            U-B    Proper Dih.  Improper Dih.          LJ-14
    1.14934e+04    6.08419e+04    4.13481e+04    3.53746e+02    7.48320e+03
     Coulomb-14        LJ (SR)   Coulomb (SR)   Coul. recip. Position Rest.
   -8.71623e+02    7.30348e+03   -5.63185e+05    2.06626e+03    3.03828e+02
     Dih. Rest.      Potential    Kinetic En.   Total Energy  Conserved En.
    4.23530e+02   -4.32439e+05    1.50305e+05   -2.82134e+05   -2.01291e+05
    Temperature Pressure (bar)   Constr. rmsd
    2.99560e+02    9.51457e+00    4.19370e-06

           Step           Time
        2058000     4116.00000

   Energies (kJ/mol)
           Bond            U-B    Proper Dih.  Improper Dih.          LJ-14
    1.18100e+04    6.12575e+04    4.14961e+04    3.32031e+02    7.49675e+03
     Coulomb-14        LJ (SR)   Coulomb (SR)   Coul. recip. Position Rest.
   -7.88839e+02    5.63851e+03   -5.62281e+05    2.06913e+03    2.75932e+02
     Dih. Rest.      Potential    Kinetic En.   Total Energy  Conserved En.
    3.77000e+02   -4.32317e+05    1.51466e+05   -2.80851e+05   -2.01158e+05
    Temperature Pressure (bar)   Constr. rmsd
    3.01874e+02   -1.19631e+01    4.19370e-06

           Step           Time
        2060000     4120.00000

   Energies (kJ/mol)
           Bond            U-B    Proper Dih.  Improper Dih.          LJ-14
    1.15518e+04    6.13762e+04    4.08369e+04    4.09597e+02    7.43282e+03
     Coulomb-14        LJ (SR)   Coulomb (SR)   Coul. recip. Position Rest.
   -5.41046e+02    5.99476e+03   -5.62029e+05    1.93654e+03    3.09105e+02
     Dih. Rest.      Potential    Kinetic En.   Total Energy  Conserved En.
    3.81531e+02   -4.32341e+05    1.51157e+05   -2.81183e+05   -2.01006e+05
    Temperature Pressure (bar)   Constr. rmsd
    3.01258e+02   -1.09718e+02    4.19370e-06

           Step           Time
        2062000     4124.00000

   Energies (kJ/mol)
           Bond            U-B    Proper Dih.  Improper Dih.          LJ-14
    1.15504e+04    6.09848e+04    4.14692e+04    3.84442e+02    7.43004e+03
     Coulomb-14        LJ (SR)   Coulomb (SR)   Coul. recip. Position Rest.
   -4.50949e+02    6.58299e+03   -5.62839e+05    2.09845e+03    3.05890e+02
     Dih. Rest.      Potential    Kinetic En.   Total Energy  Conserved En.
    4.07237e+02   -4.32077e+05    1.50642e+05   -2.81434e+05   -2.00877e+05
    Temperature Pressure (bar)   Constr. rmsd
    3.00232e+02   -6.54293e+01    4.19370e-06

           Step           Time
        2064000     4128.00000

   Energies (kJ/mol)
           Bond            U-B    Proper Dih.  Improper Dih.          LJ-14
    1.16519e+04    6.14204e+04    4.12691e+04    4.37494e+02    7.48256e+03
     Coulomb-14        LJ (SR)   Coulomb (SR)   Coul. recip. Position Rest.
   -3.14285e+02    6.30995e+03   -5.61720e+05    2.04137e+03    3.01640e+02
     Dih. Rest.      Potential    Kinetic En.   Total Energy  Conserved En.
    4.25985e+02   -4.30694e+05    1.50204e+05   -2.80490e+05   -2.00778e+05
    Temperature Pressure (bar)   Constr. rmsd
    2.99359e+02   -2.68932e+01    4.19370e-06

           Step           Time
        2066000     4132.00000

   Energies (kJ/mol)
           Bond            U-B    Proper Dih.  Improper Dih.          LJ-14
    1.14622e+04    6.15838e+04    4.14277e+04    3.56499e+02    7.44133e+03
     Coulomb-14        LJ (SR)   Coulomb (SR)   Coul. recip. Position Rest.
   -7.25440e+02    5.71099e+03   -5.62248e+05    2.09875e+03    3.26317e+02
     Dih. Rest.      Potential    Kinetic En.   Total Energy  Conserved En.
    3.85912e+02   -4.32180e+05    1.50035e+05   -2.82145e+05   -2.00652e+05
    Temperature Pressure (bar)   Constr. rmsd
    2.99022e+02   -9.96252e+01    4.19370e-06

           Step           Time
        2068000     4136.00000

   Energies (kJ/mol)
           Bond            U-B    Proper Dih.  Improper Dih.          LJ-14
    1.13912e+04    6.06805e+04    4.14856e+04    3.36850e+02    7.61385e+03
     Coulomb-14        LJ (SR)   Coulomb (SR)   Coul. recip. Position Rest.
   -4.11550e+02    6.17979e+03   -5.63265e+05    2.07364e+03    3.09189e+02
     Dih. Rest.      Potential    Kinetic En.   Total Energy  Conserved En.
    4.03995e+02   -4.33202e+05    1.49846e+05   -2.83356e+05   -2.00575e+05
    Temperature Pressure (bar)   Constr. rmsd
    2.98645e+02   -1.37445e+02    4.19370e-06

           Step           Time
        2070000     4140.00000

   Energies (kJ/mol)
           Bond            U-B    Proper Dih.  Improper Dih.          LJ-14
    1.13087e+04    6.04797e+04    4.12221e+04    3.87254e+02    7.40665e+03
     Coulomb-14        LJ (SR)   Coulomb (SR)   Coul. recip. Position Rest.
   -7.09506e+02    6.63186e+03   -5.63048e+05    2.03033e+03    3.09218e+02
     Dih. Rest.      Potential    Kinetic En.   Total Energy  Conserved En.
    4.59671e+02   -4.33522e+05    1.50989e+05   -2.82533e+05   -2.00494e+05
    Temperature Pressure (bar)   Constr. rmsd
    3.00923e+02   -7.09206e+01    4.19370e-06

           Step           Time
        2072000     4144.00000

   Energies (kJ/mol)
           Bond            U-B    Proper Dih.  Improper Dih.          LJ-14
    1.14905e+04    6.09802e+04    4.11500e+04    4.10425e+02    7.52194e+03
     Coulomb-14        LJ (SR)   Coulomb (SR)   Coul. recip. Position Rest.
   -3.61127e+02    6.22634e+03   -5.62914e+05    2.00667e+03    3.15412e+02
     Dih. Rest.      Potential    Kinetic En.   Total Energy  Conserved En.
    4.50193e+02   -4.32724e+05    1.50672e+05   -2.82052e+05   -2.00328e+05
    Temperature Pressure (bar)   Constr. rmsd
    3.00291e+02   -9.73832e+01    4.19370e-06

           Step           Time
        2074000     4148.00000

   Energies (kJ/mol)
           Bond            U-B    Proper Dih.  Improper Dih.          LJ-14
    1.14898e+04    6.11620e+04    4.13647e+04    3.72788e+02    7.50856e+03
     Coulomb-14        LJ (SR)   Coulomb (SR)   Coul. recip. Position Rest.
   -3.05131e+02    4.44897e+03   -5.59867e+05    2.04778e+03    3.29021e+02
     Dih. Rest.      Potential    Kinetic En.   Total Energy  Conserved En.
    4.05437e+02   -4.31043e+05    1.50697e+05   -2.80346e+05   -2.00218e+05
    Temperature Pressure (bar)   Constr. rmsd
    3.00341e+02   -8.72800e+01    4.19370e-06

           Step           Time
        2076000     4152.00000

   Energies (kJ/mol)
           Bond            U-B    Proper Dih.  Improper Dih.          LJ-14
    1.14828e+04    6.10434e+04    4.13298e+04    4.10252e+02    7.51753e+03
     Coulomb-14        LJ (SR)   Coulomb (SR)   Coul. recip. Position Rest.
    7.18309e+01    6.03263e+03   -5.62888e+05    2.05957e+03    3.17946e+02
     Dih. Rest.      Potential    Kinetic En.   Total Energy  Conserved En.
    3.73513e+02   -4.32249e+05    1.50414e+05   -2.81835e+05   -2.00087e+05
    Temperature Pressure (bar)   Constr. rmsd
    2.99776e+02   -7.05711e+01    4.19370e-06

           Step           Time
        2078000     4156.00000

   Energies (kJ/mol)
           Bond            U-B    Proper Dih.  Improper Dih.          LJ-14
    1.13760e+04    6.17189e+04    4.17018e+04    4.08510e+02    7.45785e+03
     Coulomb-14        LJ (SR)   Coulomb (SR)   Coul. recip. Position Rest.
   -4.64755e+02    7.31502e+03   -5.64626e+05    2.07006e+03    3.01946e+02
     Dih. Rest.      Potential    Kinetic En.   Total Energy  Conserved En.
    3.91760e+02   -4.32349e+05    1.51044e+05   -2.81305e+05   -1.99992e+05
    Temperature Pressure (bar)   Constr. rmsd
    3.01033e+02    7.14500e+00    4.19370e-06

           Step           Time
        2080000     4160.00000

   Energies (kJ/mol)
           Bond            U-B    Proper Dih.  Improper Dih.          LJ-14
    1.17200e+04    6.17485e+04    4.12810e+04    3.76715e+02    7.44156e+03
     Coulomb-14        LJ (SR)   Coulomb (SR)   Coul. recip. Position Rest.
   -4.77858e+01    6.14063e+03   -5.64063e+05    2.05836e+03    3.20594e+02
     Dih. Rest.      Potential    Kinetic En.   Total Energy  Conserved En.
    4.04200e+02   -4.32619e+05    1.50386e+05   -2.82234e+05   -1.99818e+05
    Temperature Pressure (bar)   Constr. rmsd
    2.99720e+02   -1.71909e+02    4.19370e-06

           Step           Time
        2082000     4164.00000

   Energies (kJ/mol)
           Bond            U-B    Proper Dih.  Improper Dih.          LJ-14
    1.14467e+04    6.17376e+04    4.11992e+04    3.88569e+02    7.42631e+03
     Coulomb-14        LJ (SR)   Coulomb (SR)   Coul. recip. Position Rest.
   -2.94531e+02    6.26552e+03   -5.64028e+05    1.99384e+03    2.63091e+02
     Dih. Rest.      Potential    Kinetic En.   Total Energy  Conserved En.
    4.21520e+02   -4.33180e+05    1.50229e+05   -2.82952e+05   -1.99727e+05
    Temperature Pressure (bar)   Constr. rmsd
    2.99407e+02   -4.52565e+00    4.19370e-06

           Step           Time
        2084000     4168.00000

   Energies (kJ/mol)
           Bond            U-B    Proper Dih.  Improper Dih.          LJ-14
    1.13371e+04    6.16620e+04    4.11371e+04    3.43450e+02    7.41916e+03
     Coulomb-14        LJ (SR)   Coulomb (SR)   Coul. recip. Position Rest.
    2.48047e-01    6.63612e+03   -5.63338e+05    1.98015e+03    2.64709e+02
     Dih. Rest.      Potential    Kinetic En.   Total Energy  Conserved En.
    4.30652e+02   -4.32128e+05    1.50949e+05   -2.81178e+05   -1.99599e+05
    Temperature Pressure (bar)   Constr. rmsd
    3.00844e+02   -1.11172e+02    4.19370e-06

           Step           Time
        2086000     4172.00000

   Energies (kJ/mol)
           Bond            U-B    Proper Dih.  Improper Dih.          LJ-14
    1.14902e+04    6.18197e+04    4.11297e+04    3.93364e+02    7.45773e+03
     Coulomb-14        LJ (SR)   Coulomb (SR)   Coul. recip. Position Rest.
   -4.54021e+02    6.79036e+03   -5.62717e+05    2.01677e+03    2.91362e+02
     Dih. Rest.      Potential    Kinetic En.   Total Energy  Conserved En.
    4.66867e+02   -4.31315e+05    1.50719e+05   -2.80595e+05   -1.99461e+05
    Temperature Pressure (bar)   Constr. rmsd
    3.00386e+02   -4.56856e+01    4.19370e-06

           Step           Time
        2088000     4176.00000

   Energies (kJ/mol)
           Bond            U-B    Proper Dih.  Improper Dih.          LJ-14
    1.11163e+04    6.12938e+04    4.10120e+04    3.95665e+02    7.46921e+03
     Coulomb-14        LJ (SR)   Coulomb (SR)   Coul. recip. Position Rest.
   -2.41011e+02    5.14638e+03   -5.61616e+05    1.97815e+03    3.09171e+02
     Dih. Rest.      Potential    Kinetic En.   Total Energy  Conserved En.
    3.86771e+02   -4.32750e+05    1.50502e+05   -2.82248e+05   -1.99387e+05
    Temperature Pressure (bar)   Constr. rmsd
    2.99953e+02   -9.67009e+01    4.19370e-06

           Step           Time
        2090000     4180.00000

   Energies (kJ/mol)
           Bond            U-B    Proper Dih.  Improper Dih.          LJ-14
    1.15145e+04    6.09180e+04    4.09763e+04    4.13991e+02    7.50559e+03
     Coulomb-14        LJ (SR)   Coulomb (SR)   Coul. recip. Position Rest.
   -3.00020e+02    5.68446e+03   -5.61676e+05    2.05372e+03    2.72177e+02
     Dih. Rest.      Potential    Kinetic En.   Total Energy  Conserved En.
    4.10528e+02   -4.32227e+05    1.49676e+05   -2.82551e+05   -1.99262e+05
    Temperature Pressure (bar)   Constr. rmsd
    2.98307e+02   -9.04072e+01    4.19370e-06

           Step           Time
        2092000     4184.00000

   Energies (kJ/mol)
           Bond            U-B    Proper Dih.  Improper Dih.          LJ-14
    1.15207e+04    6.07743e+04    4.11777e+04    4.04781e+02    7.51632e+03
     Coulomb-14        LJ (SR)   Coulomb (SR)   Coul. recip. Position Rest.
   -5.97838e+01    6.52837e+03   -5.62467e+05    1.94607e+03    2.91327e+02
     Dih. Rest.      Potential    Kinetic En.   Total Energy  Conserved En.
    4.07154e+02   -4.31960e+05    1.50370e+05   -2.81590e+05   -1.99130e+05
    Temperature Pressure (bar)   Constr. rmsd
    2.99690e+02    1.58372e+01    4.19370e-06

           Step           Time
        2094000     4188.00000

   Energies (kJ/mol)
           Bond            U-B    Proper Dih.  Improper Dih.          LJ-14
    1.15072e+04    6.09863e+04    4.12573e+04    3.85894e+02    7.39605e+03
     Coulomb-14        LJ (SR)   Coulomb (SR)   Coul. recip. Position Rest.
   -3.70781e+02    6.19846e+03   -5.62064e+05    1.99994e+03    3.23543e+02
     Dih. Rest.      Potential    Kinetic En.   Total Energy  Conserved En.
    4.14952e+02   -4.31966e+05    1.50372e+05   -2.81594e+05   -1.98973e+05
    Temperature Pressure (bar)   Constr. rmsd
    2.99693e+02   -8.86271e+01    4.19370e-06

           Step           Time
        2096000     4192.00000

   Energies (kJ/mol)
           Bond            U-B    Proper Dih.  Improper Dih.          LJ-14
    1.12604e+04    6.19636e+04    4.11110e+04    3.90255e+02    7.47698e+03
     Coulomb-14        LJ (SR)   Coulomb (SR)   Coul. recip. Position Rest.
   -4.05627e+02    5.97215e+03   -5.62143e+05    2.01812e+03    3.22911e+02
     Dih. Rest.      Potential    Kinetic En.   Total Energy  Conserved En.
    4.25593e+02   -4.31608e+05    1.50882e+05   -2.80726e+05   -1.98832e+05
    Temperature Pressure (bar)   Constr. rmsd
    3.00710e+02   -1.37421e+01    4.19370e-06

           Step           Time
        2098000     4196.00000

   Energies (kJ/mol)
           Bond            U-B    Proper Dih.  Improper Dih.          LJ-14
    1.17530e+04    6.12419e+04    4.13780e+04    3.92403e+02    7.63296e+03
     Coulomb-14        LJ (SR)   Coulomb (SR)   Coul. recip. Position Rest.
   -4.82224e+02    6.03624e+03   -5.61353e+05    2.02122e+03    2.92525e+02
     Dih. Rest.      Potential    Kinetic En.   Total Energy  Conserved En.
    4.23115e+02   -4.30664e+05    1.50809e+05   -2.79855e+05   -1.98701e+05
    Temperature Pressure (bar)   Constr. rmsd
    3.00565e+02   -7.41754e+01    4.19370e-06

           Step           Time
        2100000     4200.00000

   Energies (kJ/mol)
           Bond            U-B    Proper Dih.  Improper Dih.          LJ-14
    1.17419e+04    6.18169e+04    4.10787e+04    3.81398e+02    7.40335e+03
     Coulomb-14        LJ (SR)   Coulomb (SR)   Coul. recip. Position Rest.
   -6.25440e+02    5.89128e+03   -5.61755e+05    1.97849e+03    3.32783e+02
     Dih. Rest.      Potential    Kinetic En.   Total Energy  Conserved En.
    4.49287e+02   -4.31307e+05    1.50346e+05   -2.80960e+05   -1.98532e+05
    Temperature Pressure (bar)   Constr. rmsd
    2.99642e+02    1.97922e+00    4.19370e-06

           Step           Time
        2102000     4204.00000

   Energies (kJ/mol)
           Bond            U-B    Proper Dih.  Improper Dih.          LJ-14
    1.15466e+04    6.14433e+04    4.16686e+04    3.18598e+02    7.51863e+03
     Coulomb-14        LJ (SR)   Coulomb (SR)   Coul. recip. Position Rest.
   -2.17590e+02    6.57885e+03   -5.63279e+05    2.10584e+03    2.60951e+02
     Dih. Rest.      Potential    Kinetic En.   Total Energy  Conserved En.
    4.06537e+02   -4.31649e+05    1.49972e+05   -2.81677e+05   -1.98474e+05
    Temperature Pressure (bar)   Constr. rmsd
    2.98897e+02   -9.46388e+01    4.19370e-06

           Step           Time
        2104000     4208.00000

   Energies (kJ/mol)
           Bond            U-B    Proper Dih.  Improper Dih.          LJ-14
    1.13542e+04    6.13785e+04    4.14143e+04    3.79602e+02    7.38068e+03
     Coulomb-14        LJ (SR)   Coulomb (SR)   Coul. recip. Position Rest.
   -4.76976e+02    7.32917e+03   -5.63038e+05    2.05049e+03    2.73731e+02
     Dih. Rest.      Potential    Kinetic En.   Total Energy  Conserved En.
    4.11924e+02   -4.31542e+05    1.50956e+05   -2.80587e+05   -1.98353e+05
    Temperature Pressure (bar)   Constr. rmsd
    3.00857e+02   -1.74468e+00    4.19370e-06

           Step           Time
        2106000     4212.00000

   Energies (kJ/mol)
           Bond            U-B    Proper Dih.  Improper Dih.          LJ-14
    1.12092e+04    6.08967e+04    4.14063e+04    3.93517e+02    7.53421e+03
     Coulomb-14        LJ (SR)   Coulomb (SR)   Coul. recip. Position Rest.
   -2.73007e+02    5.36063e+03   -5.61033e+05    2.00889e+03    3.14732e+02
     Dih. Rest.      Potential    Kinetic En.   Total Energy  Conserved En.
    4.36929e+02   -4.31745e+05    1.51149e+05   -2.80596e+05   -1.98281e+05
    Temperature Pressure (bar)   Constr. rmsd
    3.01242e+02   -4.92774e+01    4.19370e-06

           Step           Time
        2108000     4216.00000

   Energies (kJ/mol)
           Bond            U-B    Proper Dih.  Improper Dih.          LJ-14
    1.16133e+04    6.07893e+04    4.15558e+04    4.03228e+02    7.52937e+03
     Coulomb-14        LJ (SR)   Coulomb (SR)   Coul. recip. Position Rest.
   -2.03803e+02    5.34359e+03   -5.60408e+05    2.08068e+03    2.89247e+02
     Dih. Rest.      Potential    Kinetic En.   Total Energy  Conserved En.
    4.03989e+02   -4.30603e+05    1.50967e+05   -2.79636e+05   -1.98135e+05
    Temperature Pressure (bar)   Constr. rmsd
    3.00880e+02   -3.41061e+01    4.19370e-06

           Step           Time
        2110000     4220.00000

   Energies (kJ/mol)
           Bond            U-B    Proper Dih.  Improper Dih.          LJ-14
    1.13764e+04    6.11087e+04    4.13205e+04    4.20661e+02    7.46669e+03
     Coulomb-14        LJ (SR)   Coulomb (SR)   Coul. recip. Position Rest.
   -3.09656e+02    4.79949e+03   -5.60696e+05    1.99288e+03    2.80305e+02
     Dih. Rest.      Potential    Kinetic En.   Total Energy  Conserved En.
    3.98535e+02   -4.31842e+05    1.50460e+05   -2.81382e+05   -1.97980e+05
    Temperature Pressure (bar)   Constr. rmsd
    2.99869e+02   -2.57817e+01    4.19370e-06

           Step           Time
        2112000     4224.00000

   Energies (kJ/mol)
           Bond            U-B    Proper Dih.  Improper Dih.          LJ-14
    1.15980e+04    6.13049e+04    4.14078e+04    3.78584e+02    7.43433e+03
     Coulomb-14        LJ (SR)   Coulomb (SR)   Coul. recip. Position Rest.
   -7.10100e+02    6.26952e+03   -5.61814e+05    2.03973e+03    2.99454e+02
     Dih. Rest.      Potential    Kinetic En.   Total Energy  Conserved En.
    3.88453e+02   -4.31403e+05    1.50774e+05   -2.80629e+05   -1.97855e+05
    Temperature Pressure (bar)   Constr. rmsd
    3.00495e+02   -1.70872e+01    4.19370e-06

           Step           Time
        2114000     4228.00000

   Energies (kJ/mol)
           Bond            U-B    Proper Dih.  Improper Dih.          LJ-14
    1.17349e+04    6.13674e+04    4.14871e+04    3.76586e+02    7.36513e+03
     Coulomb-14        LJ (SR)   Coulomb (SR)   Coul. recip. Position Rest.
   -7.02725e+02    7.10485e+03   -5.62755e+05    2.00078e+03    2.95757e+02
     Dih. Rest.      Potential    Kinetic En.   Total Energy  Conserved En.
    4.23544e+02   -4.31302e+05    1.50475e+05   -2.80826e+05   -1.97716e+05
    Temperature Pressure (bar)   Constr. rmsd
    2.99899e+02   -1.97030e+00    4.19370e-06

           Step           Time
        2116000     4232.00000

   Energies (kJ/mol)
           Bond            U-B    Proper Dih.  Improper Dih.          LJ-14
    1.13589e+04    6.12856e+04    4.12073e+04    4.08555e+02    7.55479e+03
     Coulomb-14        LJ (SR)   Coulomb (SR)   Coul. recip. Position Rest.
   -4.15767e+02    5.44374e+03   -5.60778e+05    2.05255e+03    2.78789e+02
     Dih. Rest.      Potential    Kinetic En.   Total Energy  Conserved En.
    4.36150e+02   -4.31167e+05    1.50112e+05   -2.81056e+05   -1.97598e+05
    Temperature Pressure (bar)   Constr. rmsd
    2.99175e+02   -1.01743e+02    4.19370e-06

           Step           Time
        2118000     4236.00000

   Energies (kJ/mol)
           Bond            U-B    Proper Dih.  Improper Dih.          LJ-14
    1.14863e+04    6.15679e+04    4.13868e+04    4.01255e+02    7.32291e+03
     Coulomb-14        LJ (SR)   Coulomb (SR)   Coul. recip. Position Rest.
   -5.37624e+02    6.37041e+03   -5.62531e+05    2.08975e+03    3.07569e+02
     Dih. Rest.      Potential    Kinetic En.   Total Energy  Conserved En.
    4.71431e+02   -4.31664e+05    1.50282e+05   -2.81382e+05   -1.97452e+05
    Temperature Pressure (bar)   Constr. rmsd
    2.99514e+02   -4.72454e+01    4.19370e-06

           Step           Time
        2120000     4240.00000

   Energies (kJ/mol)
           Bond            U-B    Proper Dih.  Improper Dih.          LJ-14
    1.17738e+04    6.08582e+04    4.16044e+04    3.72983e+02    7.47165e+03
     Coulomb-14        LJ (SR)   Coulomb (SR)   Coul. recip. Position Rest.
   -4.45677e+02    6.04776e+03   -5.61039e+05    1.98578e+03    2.98679e+02
     Dih. Rest.      Potential    Kinetic En.   Total Energy  Conserved En.
    4.53716e+02   -4.30618e+05    1.49515e+05   -2.81103e+05   -1.97322e+05
    Temperature Pressure (bar)   Constr. rmsd
    2.97985e+02   -1.18377e+02    4.19370e-06

           Step           Time
        2122000     4244.00000

   Energies (kJ/mol)
           Bond            U-B    Proper Dih.  Improper Dih.          LJ-14
    1.17226e+04    6.13218e+04    4.13428e+04    3.92905e+02    7.55100e+03
     Coulomb-14        LJ (SR)   Coulomb (SR)   Coul. recip. Position Rest.
   -4.01595e+02    6.66005e+03   -5.62852e+05    2.05865e+03    2.96614e+02
     Dih. Rest.      Potential    Kinetic En.   Total Energy  Conserved En.
    4.34322e+02   -4.31473e+05    1.50731e+05   -2.80743e+05   -1.97197e+05
    Temperature Pressure (bar)   Constr. rmsd
    3.00408e+02    7.63152e+01    4.19370e-06

           Step           Time
        2124000     4248.00000

   Energies (kJ/mol)
           Bond            U-B    Proper Dih.  Improper Dih.          LJ-14
    1.18264e+04    6.06918e+04    4.13632e+04    3.94728e+02    7.40844e+03
     Coulomb-14        LJ (SR)   Coulomb (SR)   Coul. recip. Position Rest.
   -3.79392e+02    6.95877e+03   -5.62199e+05    2.00940e+03    2.79406e+02
     Dih. Rest.      Potential    Kinetic En.   Total Energy  Conserved En.
    4.24738e+02   -4.31222e+05    1.50212e+05   -2.81010e+05   -1.97084e+05
    Temperature Pressure (bar)   Constr. rmsd
    2.99374e+02   -6.07382e+01    4.19370e-06

           Step           Time
        2126000     4252.00000

   Energies (kJ/mol)
           Bond            U-B    Proper Dih.  Improper Dih.          LJ-14
    1.14499e+04    6.07297e+04    4.12957e+04    3.89323e+02    7.51721e+03
     Coulomb-14        LJ (SR)   Coulomb (SR)   Coul. recip. Position Rest.
   -2.41559e+02    5.33077e+03   -5.61373e+05    2.04282e+03    3.40224e+02
     Dih. Rest.      Potential    Kinetic En.   Total Energy  Conserved En.
    4.20492e+02   -4.32098e+05    1.50084e+05   -2.82014e+05   -1.96951e+05
    Temperature Pressure (bar)   Constr. rmsd
    2.99120e+02   -1.09858e+02    4.19370e-06

           Step           Time
        2128000     4256.00000

   Energies (kJ/mol)
           Bond            U-B    Proper Dih.  Improper Dih.          LJ-14
    1.14437e+04    6.06630e+04    4.12991e+04    4.01683e+02    7.49921e+03
     Coulomb-14        LJ (SR)   Coulomb (SR)   Coul. recip. Position Rest.
   -3.68280e+01    6.69467e+03   -5.63029e+05    2.04332e+03    3.42706e+02
     Dih. Rest.      Potential    Kinetic En.   Total Energy  Conserved En.
    4.20325e+02   -4.32258e+05    1.51318e+05   -2.80940e+05   -1.96855e+05
    Temperature Pressure (bar)   Constr. rmsd
    3.01579e+02   -3.87319e+01    4.19370e-06

           Step           Time
        2130000     4260.00000

   Energies (kJ/mol)
           Bond            U-B    Proper Dih.  Improper Dih.          LJ-14
    1.15931e+04    6.19466e+04    4.12701e+04    3.94136e+02    7.41704e+03
     Coulomb-14        LJ (SR)   Coulomb (SR)   Coul. recip. Position Rest.
   -3.00639e+02    7.20123e+03   -5.63815e+05    2.06393e+03    3.20511e+02
     Dih. Rest.      Potential    Kinetic En.   Total Energy  Conserved En.
    4.87602e+02   -4.31421e+05    1.49981e+05   -2.81441e+05   -1.96573e+05
    Temperature Pressure (bar)   Constr. rmsd
    2.98914e+02   -6.03947e+01    4.19370e-06

           Step           Time
        2132000     4264.00000

   Energies (kJ/mol)
           Bond            U-B    Proper Dih.  Improper Dih.          LJ-14
    1.17297e+04    6.08470e+04    4.13198e+04    3.77184e+02    7.58187e+03
     Coulomb-14        LJ (SR)   Coulomb (SR)   Coul. recip. Position Rest.
    4.43131e+01    6.22338e+03   -5.63110e+05    2.04681e+03    3.21252e+02
     Dih. Rest.      Potential    Kinetic En.   Total Energy  Conserved En.
    4.40157e+02   -4.32179e+05    1.51138e+05   -2.81041e+05   -1.96560e+05
    Temperature Pressure (bar)   Constr. rmsd
    3.01220e+02   -5.49831e+01    4.19370e-06

           Step           Time
        2134000     4268.00000

   Energies (kJ/mol)
           Bond            U-B    Proper Dih.  Improper Dih.          LJ-14
    1.16771e+04    6.18596e+04    4.12010e+04    3.94789e+02    7.40154e+03
     Coulomb-14        LJ (SR)   Coulomb (SR)   Coul. recip. Position Rest.
   -2.95616e+02    6.50295e+03   -5.62951e+05    2.04472e+03    3.25083e+02
     Dih. Rest.      Potential    Kinetic En.   Total Energy  Conserved En.
    3.84504e+02   -4.31455e+05    1.51064e+05   -2.80392e+05   -1.96428e+05
    Temperature Pressure (bar)   Constr. rmsd
    3.01072e+02   -1.37215e+02    4.19370e-06

           Step           Time
        2136000     4272.00000

   Energies (kJ/mol)
           Bond            U-B    Proper Dih.  Improper Dih.          LJ-14
    1.15345e+04    6.11362e+04    4.11463e+04    3.67340e+02    7.46008e+03
     Coulomb-14        LJ (SR)   Coulomb (SR)   Coul. recip. Position Rest.
   -1.29384e+02    5.93709e+03   -5.61961e+05    2.03095e+03    2.62464e+02
     Dih. Rest.      Potential    Kinetic En.   Total Energy  Conserved En.
    4.15940e+02   -4.31800e+05    1.51008e+05   -2.80792e+05   -1.96303e+05
    Temperature Pressure (bar)   Constr. rmsd
    3.00960e+02   -3.07314e+01    4.19370e-06

           Step           Time
        2138000     4276.00000

   Energies (kJ/mol)
           Bond            U-B    Proper Dih.  Improper Dih.          LJ-14
    1.16118e+04    6.11804e+04    4.13271e+04    3.93632e+02    7.33923e+03
     Coulomb-14        LJ (SR)   Coulomb (SR)   Coul. recip. Position Rest.
   -2.63228e+01    5.41598e+03   -5.60966e+05    2.06273e+03    3.12922e+02
     Dih. Rest.      Potential    Kinetic En.   Total Energy  Conserved En.
    4.52475e+02   -4.30896e+05    1.50479e+05   -2.80417e+05   -1.96174e+05
    Temperature Pressure (bar)   Constr. rmsd
    2.99907e+02   -9.46871e+01    4.19370e-06

           Step           Time
        2140000     4280.00000

   Energies (kJ/mol)
           Bond            U-B    Proper Dih.  Improper Dih.          LJ-14
    1.14495e+04    6.12063e+04    4.11590e+04    3.88954e+02    7.53464e+03
     Coulomb-14        LJ (SR)   Coulomb (SR)   Coul. recip. Position Rest.
    1.87708e+02    6.44312e+03   -5.62363e+05    2.00097e+03    3.21190e+02
     Dih. Rest.      Potential    Kinetic En.   Total Energy  Conserved En.
    3.85756e+02   -4.31286e+05    1.50446e+05   -2.80840e+05   -1.96021e+05
    Temperature Pressure (bar)   Constr. rmsd
    2.99841e+02   -8.41162e+01    4.19370e-06

           Step           Time
        2142000     4284.00000

   Energies (kJ/mol)
           Bond            U-B    Proper Dih.  Improper Dih.          LJ-14
    1.15919e+04    6.17289e+04    4.12226e+04    3.84581e+02    7.51760e+03
     Coulomb-14        LJ (SR)   Coulomb (SR)   Coul. recip. Position Rest.
   -2.21230e+01    5.77651e+03   -5.61450e+05    2.06020e+03    2.90114e+02
     Dih. Rest.      Potential    Kinetic En.   Total Energy  Conserved En.
    4.01312e+02   -4.30499e+05    1.50091e+05   -2.80408e+05   -1.95844e+05
    Temperature Pressure (bar)   Constr. rmsd
    2.99133e+02    5.47193e+00    4.19370e-06

           Step           Time
        2144000     4288.00000

   Energies (kJ/mol)
           Bond            U-B    Proper Dih.  Improper Dih.          LJ-14
    1.13384e+04    6.12101e+04    4.16087e+04    3.39657e+02    7.61426e+03
     Coulomb-14        LJ (SR)   Coulomb (SR)   Coul. recip. Position Rest.
   -2.29490e+02    7.42249e+03   -5.63844e+05    2.10215e+03    3.13272e+02
     Dih. Rest.      Potential    Kinetic En.   Total Energy  Conserved En.
    4.53981e+02   -4.31670e+05    1.51536e+05   -2.80134e+05   -1.95769e+05
    Temperature Pressure (bar)   Constr. rmsd
    3.02014e+02    1.18623e+01    4.19370e-06

           Step           Time
        2146000     4292.00000

   Energies (kJ/mol)
           Bond            U-B    Proper Dih.  Improper Dih.          LJ-14
    1.14597e+04    6.12929e+04    4.12503e+04    3.95999e+02    7.51576e+03
     Coulomb-14        LJ (SR)   Coulomb (SR)   Coul. recip. Position Rest.
   -4.96645e+02    7.16226e+03   -5.63043e+05    2.12433e+03    3.11992e+02
     Dih. Rest.      Potential    Kinetic En.   Total Energy  Conserved En.
    4.37288e+02   -4.31589e+05    1.50895e+05   -2.80694e+05   -1.95648e+05
    Temperature Pressure (bar)   Constr. rmsd
    3.00736e+02    2.07257e+01    4.19370e-06

           Step           Time
        2148000     4296.00000

   Energies (kJ/mol)
           Bond            U-B    Proper Dih.  Improper Dih.          LJ-14
    1.18208e+04    6.11842e+04    4.14312e+04    3.89473e+02    7.35192e+03
     Coulomb-14        LJ (SR)   Coulomb (SR)   Coul. recip. Position Rest.
   -3.35311e+02    6.70079e+03   -5.62738e+05    1.97616e+03    3.46967e+02
     Dih. Rest.      Potential    Kinetic En.   Total Energy  Conserved En.
    4.45559e+02   -4.31426e+05    1.50945e+05   -2.80481e+05   -1.95536e+05
    Temperature Pressure (bar)   Constr. rmsd
    3.00836e+02   -1.09564e+02    4.19370e-06

           Step           Time
        2150000     4300.00000

   Energies (kJ/mol)
           Bond            U-B    Proper Dih.  Improper Dih.          LJ-14
    1.14500e+04    6.12979e+04    4.13036e+04    3.35352e+02    7.51818e+03
     Coulomb-14        LJ (SR)   Coulomb (SR)   Coul. recip. Position Rest.
   -5.20815e+02    7.08638e+03   -5.64041e+05    2.00003e+03    3.37591e+02
     Dih. Rest.      Potential    Kinetic En.   Total Energy  Conserved En.
    5.49486e+02   -4.32684e+05    1.52163e+05   -2.80520e+05   -1.95434e+05
    Temperature Pressure (bar)   Constr. rmsd
    3.03263e+02   -7.31763e+00    4.19370e-06

           Step           Time
        2152000     4304.00000

   Energies (kJ/mol)
           Bond            U-B    Proper Dih.  Improper Dih.          LJ-14
    1.16595e+04    6.12581e+04    4.11879e+04    3.85832e+02    7.52391e+03
     Coulomb-14        LJ (SR)   Coulomb (SR)   Coul. recip. Position Rest.
   -4.23912e+02    5.22802e+03   -5.61394e+05    2.05826e+03    2.84849e+02
     Dih. Rest.      Potential    Kinetic En.   Total Energy  Conserved En.
    3.46980e+02   -4.31885e+05    1.50564e+05   -2.81321e+05   -1.95299e+05
    Temperature Pressure (bar)   Constr. rmsd
    3.00076e+02   -9.01090e+01    4.19370e-06

           Step           Time
        2154000     4308.00000

   Energies (kJ/mol)
           Bond            U-B    Proper Dih.  Improper Dih.          LJ-14
    1.17574e+04    6.07410e+04    4.10803e+04    3.81117e+02    7.41620e+03
     Coulomb-14        LJ (SR)   Coulomb (SR)   Coul. recip. Position Rest.
   -1.15048e+03    5.19448e+03   -5.60256e+05    2.06563e+03    2.94585e+02
     Dih. Rest.      Potential    Kinetic En.   Total Energy  Conserved En.
    4.31789e+02   -4.32044e+05    1.51094e+05   -2.80950e+05   -1.95233e+05
    Temperature Pressure (bar)   Constr. rmsd
    3.01132e+02   -5.73831e+01    4.19370e-06

           Step           Time
        2156000     4312.00000

   Energies (kJ/mol)
           Bond            U-B    Proper Dih.  Improper Dih.          LJ-14
    1.13767e+04    6.14776e+04    4.12838e+04    3.38989e+02    7.52083e+03
     Coulomb-14        LJ (SR)   Coulomb (SR)   Coul. recip. Position Rest.
   -7.76844e+02    6.46878e+03   -5.61904e+05    2.04245e+03    2.80782e+02
     Dih. Rest.      Potential    Kinetic En.   Total Energy  Conserved En.
    4.45306e+02   -4.31446e+05    1.50591e+05   -2.80855e+05   -1.95076e+05
    Temperature Pressure (bar)   Constr. rmsd
    3.00130e+02   -7.99763e+01    4.19370e-06

           Step           Time
        2158000     4316.00000

   Energies (kJ/mol)
           Bond            U-B    Proper Dih.  Improper Dih.          LJ-14
    1.15030e+04    6.17818e+04    4.15659e+04    4.03310e+02    7.60450e+03
     Coulomb-14        LJ (SR)   Coulomb (SR)   Coul. recip. Position Rest.
   -1.84893e+02    5.13164e+03   -5.59978e+05    2.04345e+03    3.22445e+02
     Dih. Rest.      Potential    Kinetic En.   Total Energy  Conserved En.
    4.19662e+02   -4.29388e+05    1.51214e+05   -2.78174e+05   -1.94925e+05
    Temperature Pressure (bar)   Constr. rmsd
    3.01372e+02   -4.98052e+01    4.19370e-06

           Step           Time
        2160000     4320.00000

   Energies (kJ/mol)
           Bond            U-B    Proper Dih.  Improper Dih.          LJ-14
    1.15372e+04    6.15255e+04    4.13297e+04    3.81509e+02    7.50514e+03
     Coulomb-14        LJ (SR)   Coulomb (SR)   Coul. recip. Position Rest.
   -3.02995e+02    5.18672e+03   -5.60558e+05    1.99408e+03    3.00133e+02
     Dih. Rest.      Potential    Kinetic En.   Total Energy  Conserved En.
    4.23729e+02   -4.30677e+05    1.51966e+05   -2.78712e+05   -1.94845e+05
    Temperature Pressure (bar)   Constr. rmsd
    3.02870e+02   -9.67749e+01    4.19370e-06

           Step           Time
        2162000     4324.00000

   Energies (kJ/mol)
           Bond            U-B    Proper Dih.  Improper Dih.          LJ-14
    1.13402e+04    6.11892e+04    4.11801e+04    3.97470e+02    7.45401e+03
     Coulomb-14        LJ (SR)   Coulomb (SR)   Coul. recip. Position Rest.
   -1.58621e+02    4.99220e+03   -5.61205e+05    2.08959e+03    2.90737e+02
     Dih. Rest.      Potential    Kinetic En.   Total Energy  Conserved En.
    4.45380e+02   -4.31985e+05    1.51169e+05   -2.80815e+05   -1.94751e+05
    Temperature Pressure (bar)   Constr. rmsd
    3.01282e+02   -1.05785e+02    4.19370e-06

           Step           Time
        2164000     4328.00000

   Energies (kJ/mol)
           Bond            U-B    Proper Dih.  Improper Dih.          LJ-14
    1.12149e+04    6.09469e+04    4.13096e+04    3.73479e+02    7.46026e+03
     Coulomb-14        LJ (SR)   Coulomb (SR)   Coul. recip. Position Rest.
   -5.93450e+02    5.66304e+03   -5.61470e+05    2.03403e+03    2.66118e+02
     Dih. Rest.      Potential    Kinetic En.   Total Energy  Conserved En.
    4.62814e+02   -4.32333e+05    1.50731e+05   -2.81601e+05   -1.94619e+05
    Temperature Pressure (bar)   Constr. rmsd
    3.00409e+02   -5.75243e+01    4.19370e-06

           Step           Time
        2166000     4332.00000

   Energies (kJ/mol)
           Bond            U-B    Proper Dih.  Improper Dih.          LJ-14
    1.13680e+04    6.06020e+04    4.13417e+04    3.65697e+02    7.61230e+03
     Coulomb-14        LJ (SR)   Coulomb (SR)   Coul. recip. Position Rest.
   -5.56520e+02    5.97814e+03   -5.60917e+05    2.05761e+03    2.63669e+02
     Dih. Rest.      Potential    Kinetic En.   Total Energy  Conserved En.
    4.36508e+02   -4.31448e+05    1.50454e+05   -2.80994e+05   -1.94536e+05
    Temperature Pressure (bar)   Constr. rmsd
    2.99857e+02   -1.07146e+02    4.19370e-06

           Step           Time
        2168000     4336.00000

   Energies (kJ/mol)
           Bond            U-B    Proper Dih.  Improper Dih.          LJ-14
    1.15187e+04    6.11655e+04    4.08626e+04    3.98059e+02    7.64893e+03
     Coulomb-14        LJ (SR)   Coulomb (SR)   Coul. recip. Position Rest.
   -1.02752e+02    6.56915e+03   -5.63038e+05    2.08134e+03    2.19556e+02
     Dih. Rest.      Potential    Kinetic En.   Total Energy  Conserved En.
    3.71794e+02   -4.32306e+05    1.49668e+05   -2.82637e+05   -1.94375e+05
    Temperature Pressure (bar)   Constr. rmsd
    2.98291e+02   -1.38517e+01    4.19370e-06

           Step           Time
        2170000     4340.00000

   Energies (kJ/mol)
           Bond            U-B    Proper Dih.  Improper Dih.          LJ-14
    1.15945e+04    6.08355e+04    4.13904e+04    4.07457e+02    7.45429e+03
     Coulomb-14        LJ (SR)   Coulomb (SR)   Coul. recip. Position Rest.
   -1.63320e+02    5.72295e+03   -5.61806e+05    2.04329e+03    3.03930e+02
     Dih. Rest.      Potential    Kinetic En.   Total Energy  Conserved En.
    4.10217e+02   -4.31806e+05    1.50588e+05   -2.81218e+05   -1.94301e+05
    Temperature Pressure (bar)   Constr. rmsd
    3.00123e+02   -3.58721e+01    4.19370e-06

           Step           Time
        2172000     4344.00000

   Energies (kJ/mol)
           Bond            U-B    Proper Dih.  Improper Dih.          LJ-14
    1.13896e+04    6.09237e+04    4.14070e+04    4.11975e+02    7.64827e+03
     Coulomb-14        LJ (SR)   Coulomb (SR)   Coul. recip. Position Rest.
   -3.14504e+01    6.91552e+03   -5.62955e+05    2.11315e+03    2.84395e+02
     Dih. Rest.      Potential    Kinetic En.   Total Energy  Conserved En.
    3.96770e+02   -4.31496e+05    1.50534e+05   -2.80961e+05   -1.94137e+05
    Temperature Pressure (bar)   Constr. rmsd
    3.00017e+02    2.65347e+01    4.19370e-06

           Step           Time
        2174000     4348.00000

   Energies (kJ/mol)
           Bond            U-B    Proper Dih.  Improper Dih.          LJ-14
    1.15002e+04    6.09401e+04    4.11120e+04    3.41874e+02    7.57250e+03
     Coulomb-14        LJ (SR)   Coulomb (SR)   Coul. recip. Position Rest.
   -5.70280e+01    5.38600e+03   -5.60248e+05    2.08908e+03    2.40621e+02
     Dih. Rest.      Potential    Kinetic En.   Total Energy  Conserved En.
    4.44290e+02   -4.30678e+05    1.49746e+05   -2.80932e+05   -1.94008e+05
    Temperature Pressure (bar)   Constr. rmsd
    2.98445e+02   -5.95810e+01    4.19370e-06

           Step           Time
        2176000     4352.00000

   Energies (kJ/mol)
           Bond            U-B    Proper Dih.  Improper Dih.          LJ-14
    1.16585e+04    6.07353e+04    4.13113e+04    3.63845e+02    7.49305e+03
     Coulomb-14        LJ (SR)   Coulomb (SR)   Coul. recip. Position Rest.
    1.31544e+02    5.76189e+03   -5.62380e+05    2.04753e+03    2.57266e+02
     Dih. Rest.      Potential    Kinetic En.   Total Energy  Conserved En.
    4.27516e+02   -4.32192e+05    1.51643e+05   -2.80549e+05   -1.93950e+05
    Temperature Pressure (bar)   Constr. rmsd
    3.02226e+02   -1.06768e+02    4.19370e-06

           Step           Time
        2178000     4356.00000

   Energies (kJ/mol)
           Bond            U-B    Proper Dih.  Improper Dih.          LJ-14
    1.13284e+04    6.10236e+04    4.10559e+04    4.03572e+02    7.53643e+03
     Coulomb-14        LJ (SR)   Coulomb (SR)   Coul. recip. Position Rest.
    4.37723e+02    6.02967e+03   -5.62233e+05    2.07942e+03    2.90321e+02
     Dih. Rest.      Potential    Kinetic En.   Total Energy  Conserved En.
    4.18509e+02   -4.31630e+05    1.50419e+05   -2.81211e+05   -1.93810e+05
    Temperature Pressure (bar)   Constr. rmsd
    2.99787e+02   -1.93259e+01    4.19370e-06

           Step           Time
        2180000     4360.00000

   Energies (kJ/mol)
           Bond            U-B    Proper Dih.  Improper Dih.          LJ-14
    1.14870e+04    6.15173e+04    4.12965e+04    4.07845e+02    7.34291e+03
     Coulomb-14        LJ (SR)   Coulomb (SR)   Coul. recip. Position Rest.
   -3.66069e+02    5.88205e+03   -5.60944e+05    2.01370e+03    2.76123e+02
     Dih. Rest.      Potential    Kinetic En.   Total Energy  Conserved En.
    4.27999e+02   -4.30658e+05    1.50658e+05   -2.80001e+05   -1.93632e+05
    Temperature Pressure (bar)   Constr. rmsd
    3.00263e+02   -4.10369e+01    4.19370e-06

           Step           Time
        2182000     4364.00000

   Energies (kJ/mol)
           Bond            U-B    Proper Dih.  Improper Dih.          LJ-14
    1.18118e+04    6.09545e+04    4.12389e+04    3.92606e+02    7.43758e+03
     Coulomb-14        LJ (SR)   Coulomb (SR)   Coul. recip. Position Rest.
    1.18298e+00    4.73726e+03   -5.60856e+05    2.02749e+03    2.67981e+02
     Dih. Rest.      Potential    Kinetic En.   Total Energy  Conserved En.
    4.01003e+02   -4.31586e+05    1.51403e+05   -2.80183e+05   -1.93521e+05
    Temperature Pressure (bar)   Constr. rmsd
    3.01748e+02   -1.34998e+02    4.19370e-06

           Step           Time
        2184000     4368.00000

   Energies (kJ/mol)
           Bond            U-B    Proper Dih.  Improper Dih.          LJ-14
    1.15341e+04    6.12088e+04    4.13794e+04    3.80853e+02    7.51023e+03
     Coulomb-14        LJ (SR)   Coulomb (SR)   Coul. recip. Position Rest.
   -1.44898e+02    6.31397e+03   -5.62664e+05    2.04221e+03    3.00546e+02
     Dih. Rest.      Potential    Kinetic En.   Total Energy  Conserved En.
    4.17788e+02   -4.31721e+05    1.50598e+05   -2.81123e+05   -1.93372e+05
    Temperature Pressure (bar)   Constr. rmsd
    3.00144e+02   -7.31833e+01    4.19370e-06

           Step           Time
        2186000     4372.00000

   Energies (kJ/mol)
           Bond            U-B    Proper Dih.  Improper Dih.          LJ-14
    1.14163e+04    6.11937e+04    4.10556e+04    3.93662e+02    7.45385e+03
     Coulomb-14        LJ (SR)   Coulomb (SR)   Coul. recip. Position Rest.
   -3.35522e+00    6.98237e+03   -5.63488e+05    2.04984e+03    2.76643e+02
     Dih. Rest.      Potential    Kinetic En.   Total Energy  Conserved En.
    4.48849e+02   -4.32221e+05    1.50887e+05   -2.81334e+05   -1.93256e+05
    Temperature Pressure (bar)   Constr. rmsd
    3.00720e+02    2.22187e+01    4.19370e-06

           Step           Time
        2188000     4376.00000

   Energies (kJ/mol)
           Bond            U-B    Proper Dih.  Improper Dih.          LJ-14
    1.16298e+04    6.13367e+04    4.11134e+04    3.98547e+02    7.51178e+03
     Coulomb-14        LJ (SR)   Coulomb (SR)   Coul. recip. Position Rest.
    2.38834e+02    5.80052e+03   -5.61440e+05    2.00496e+03    2.75070e+02
     Dih. Rest.      Potential    Kinetic En.   Total Energy  Conserved En.
    4.29433e+02   -4.30701e+05    1.50431e+05   -2.80270e+05   -1.93094e+05
    Temperature Pressure (bar)   Constr. rmsd
    2.99810e+02   -3.94333e+01    4.19370e-06

           Step           Time
        2190000     4380.00000

   Energies (kJ/mol)
           Bond            U-B    Proper Dih.  Improper Dih.          LJ-14
    1.17924e+04    6.08720e+04    4.12258e+04    3.75891e+02    7.70131e+03
     Coulomb-14        LJ (SR)   Coulomb (SR)   Coul. recip. Position Rest.
    2.74950e+01    5.93693e+03   -5.62453e+05    2.05203e+03    2.60490e+02
     Dih. Rest.      Potential    Kinetic En.   Total Energy  Conserved En.
    4.33671e+02   -4.31775e+05    1.51945e+05   -2.79830e+05   -1.93018e+05
    Temperature Pressure (bar)   Constr. rmsd
    3.02829e+02    6.50411e+00    4.19370e-06

           Step           Time
        2192000     4384.00000

   Energies (kJ/mol)
           Bond            U-B    Proper Dih.  Improper Dih.          LJ-14
    1.16906e+04    6.17339e+04    4.12922e+04    3.83914e+02    7.44306e+03
     Coulomb-14        LJ (SR)   Coulomb (SR)   Coul. recip. Position Rest.
   -1.59414e+02    6.69363e+03   -5.62799e+05    2.06802e+03    2.85402e+02
     Dih. Rest.      Potential    Kinetic En.   Total Energy  Conserved En.
    3.75204e+02   -4.30992e+05    1.50492e+05   -2.80500e+05   -1.92834e+05
    Temperature Pressure (bar)   Constr. rmsd
    2.99933e+02   -6.45746e+01    4.19370e-06

           Step           Time
        2194000     4388.00000

   Energies (kJ/mol)
           Bond            U-B    Proper Dih.  Improper Dih.          LJ-14
    1.12394e+04    6.21316e+04    4.11602e+04    3.76868e+02    7.31077e+03
     Coulomb-14        LJ (SR)   Coulomb (SR)   Coul. recip. Position Rest.
    1.14967e+02    6.96309e+03   -5.64421e+05    2.05188e+03    2.76085e+02
     Dih. Rest.      Potential    Kinetic En.   Total Energy  Conserved En.
    4.20785e+02   -4.32375e+05    1.50695e+05   -2.81680e+05   -1.92706e+05
    Temperature Pressure (bar)   Constr. rmsd
    3.00336e+02   -9.96204e+01    4.19370e-06

           Step           Time
        2196000     4392.00000

   Energies (kJ/mol)
           Bond            U-B    Proper Dih.  Improper Dih.          LJ-14
    1.14780e+04    6.11848e+04    4.12790e+04    3.66489e+02    7.47317e+03
     Coulomb-14        LJ (SR)   Coulomb (SR)   Coul. recip. Position Rest.
   -3.59520e+02    5.51119e+03   -5.63256e+05    1.92715e+03    2.95257e+02
     Dih. Rest.      Potential    Kinetic En.   Total Energy  Conserved En.
    4.20090e+02   -4.33681e+05    1.50449e+05   -2.83232e+05   -1.92628e+05
    Temperature Pressure (bar)   Constr. rmsd
    2.99846e+02   -1.29947e+01    4.19370e-06

           Step           Time
        2198000     4396.00000

   Energies (kJ/mol)
           Bond            U-B    Proper Dih.  Improper Dih.          LJ-14
    1.12278e+04    6.15969e+04    4.14249e+04    3.25330e+02    7.49008e+03
     Coulomb-14        LJ (SR)   Coulomb (SR)   Coul. recip. Position Rest.
   -3.67302e+01    5.16624e+03   -5.61892e+05    2.01695e+03    3.04693e+02
     Dih. Rest.      Potential    Kinetic En.   Total Energy  Conserved En.
    3.99334e+02   -4.31976e+05    1.49692e+05   -2.82284e+05   -1.92468e+05
    Temperature Pressure (bar)   Constr. rmsd
    2.98338e+02   -1.24066e+02    4.19370e-06

           Step           Time
        2200000     4400.00000

   Energies (kJ/mol)
           Bond            U-B    Proper Dih.  Improper Dih.          LJ-14
    1.16651e+04    6.14933e+04    4.12611e+04    4.20706e+02    7.62916e+03
     Coulomb-14        LJ (SR)   Coulomb (SR)   Coul. recip. Position Rest.
   -5.27539e+02    5.65200e+03   -5.62172e+05    2.00936e+03    3.09228e+02
     Dih. Rest.      Potential    Kinetic En.   Total Energy  Conserved En.
    4.24833e+02   -4.31835e+05    1.51271e+05   -2.80564e+05   -1.92353e+05
    Temperature Pressure (bar)   Constr. rmsd
    3.01485e+02   -3.37926e+00    4.19370e-06

           Step           Time
        2202000     4404.00000

   Energies (kJ/mol)
           Bond            U-B    Proper Dih.  Improper Dih.          LJ-14
    1.16633e+04    6.09448e+04    4.13395e+04    3.79318e+02    7.51985e+03
     Coulomb-14        LJ (SR)   Coulomb (SR)   Coul. recip. Position Rest.
   -2.43794e+02    7.16001e+03   -5.64121e+05    2.03459e+03    3.11092e+02
     Dih. Rest.      Potential    Kinetic En.   Total Energy  Conserved En.
    4.33295e+02   -4.32579e+05    1.50057e+05   -2.82522e+05   -1.92200e+05
    Temperature Pressure (bar)   Constr. rmsd
    2.99066e+02   -8.00395e+01    4.19370e-06

           Step           Time
        2204000     4408.00000

   Energies (kJ/mol)
           Bond            U-B    Proper Dih.  Improper Dih.          LJ-14
    1.13262e+04    6.21339e+04    4.13326e+04    3.68820e+02    7.66524e+03
     Coulomb-14        LJ (SR)   Coulomb (SR)   Coul. recip. Position Rest.
   -3.48241e+02    7.13388e+03   -5.63814e+05    2.05747e+03    3.24911e+02
     Dih. Rest.      Potential    Kinetic En.   Total Energy  Conserved En.
    4.27091e+02   -4.31392e+05    1.50589e+05   -2.80803e+05   -1.92030e+05
    Temperature Pressure (bar)   Constr. rmsd
    3.00126e+02   -3.58733e+01    4.19370e-06

           Step           Time
        2206000     4412.00000

Writing checkpoint, step 2206000 at Sat Jul 27 06:52:51 2024


   Energies (kJ/mol)
           Bond            U-B    Proper Dih.  Improper Dih.          LJ-14
    1.14478e+04    6.14743e+04    4.12145e+04    3.88671e+02    7.49197e+03
     Coulomb-14        LJ (SR)   Coulomb (SR)   Coul. recip. Position Rest.
   -1.98816e+02    6.04462e+03   -5.63491e+05    2.09302e+03    3.01349e+02
     Dih. Rest.      Potential    Kinetic En.   Total Energy  Conserved En.
    4.29905e+02   -4.32804e+05    1.49503e+05   -2.83300e+05   -1.91992e+05
    Temperature Pressure (bar)   Constr. rmsd
    2.97962e+02   -1.22935e+02    4.19370e-06

           Step           Time
        2208000     4416.00000

   Energies (kJ/mol)
           Bond            U-B    Proper Dih.  Improper Dih.          LJ-14
    1.14872e+04    6.10610e+04    4.12423e+04    4.26734e+02    7.51908e+03
     Coulomb-14        LJ (SR)   Coulomb (SR)   Coul. recip. Position Rest.
   -4.48920e+01    5.50202e+03   -5.62229e+05    2.05337e+03    3.22490e+02
     Dih. Rest.      Potential    Kinetic En.   Total Energy  Conserved En.
    3.60394e+02   -4.32299e+05    1.50625e+05   -2.81674e+05   -1.91902e+05
    Temperature Pressure (bar)   Constr. rmsd
    3.00197e+02   -8.39807e+01    4.19370e-06

           Step           Time
        2210000     4420.00000

   Energies (kJ/mol)
           Bond            U-B    Proper Dih.  Improper Dih.          LJ-14
    1.14161e+04    6.14273e+04    4.14470e+04    4.23778e+02    7.46285e+03
     Coulomb-14        LJ (SR)   Coulomb (SR)   Coul. recip. Position Rest.
   -1.20385e+02    6.54392e+03   -5.64222e+05    2.03282e+03    3.28770e+02
     Dih. Rest.      Potential    Kinetic En.   Total Energy  Conserved En.
    4.46724e+02   -4.32813e+05    1.50519e+05   -2.82295e+05   -1.91694e+05
    Temperature Pressure (bar)   Constr. rmsd
    2.99985e+02   -7.52827e+00    4.19370e-06

           Step           Time
        2212000     4424.00000

   Energies (kJ/mol)
           Bond            U-B    Proper Dih.  Improper Dih.          LJ-14
    1.14537e+04    6.09270e+04    4.16770e+04    3.65600e+02    7.41689e+03
     Coulomb-14        LJ (SR)   Coulomb (SR)   Coul. recip. Position Rest.
   -1.92762e+01    5.62482e+03   -5.61896e+05    2.02343e+03    3.26228e+02
     Dih. Rest.      Potential    Kinetic En.   Total Energy  Conserved En.
    4.28841e+02   -4.31672e+05    1.50620e+05   -2.81052e+05   -1.91626e+05
    Temperature Pressure (bar)   Constr. rmsd
    3.00188e+02   -9.06243e+01    4.19370e-06

           Step           Time
        2214000     4428.00000

   Energies (kJ/mol)
           Bond            U-B    Proper Dih.  Improper Dih.          LJ-14
    1.13256e+04    6.09168e+04    4.14702e+04    3.42205e+02    7.55048e+03
     Coulomb-14        LJ (SR)   Coulomb (SR)   Coul. recip. Position Rest.
   -6.16589e+01    6.23498e+03   -5.63470e+05    2.01346e+03    3.03273e+02
     Dih. Rest.      Potential    Kinetic En.   Total Energy  Conserved En.
    4.26856e+02   -4.32948e+05    1.50839e+05   -2.82109e+05   -1.91477e+05
    Temperature Pressure (bar)   Constr. rmsd
    3.00625e+02    3.84219e+01    4.19370e-06

           Step           Time
        2216000     4432.00000

   Energies (kJ/mol)
           Bond            U-B    Proper Dih.  Improper Dih.          LJ-14
    1.18127e+04    6.08734e+04    4.10349e+04    3.86078e+02    7.55949e+03
     Coulomb-14        LJ (SR)   Coulomb (SR)   Coul. recip. Position Rest.
   -1.11364e+02    7.79295e+03   -5.64841e+05    2.02663e+03    2.85250e+02
     Dih. Rest.      Potential    Kinetic En.   Total Energy  Conserved En.
    4.62781e+02   -4.32718e+05    1.49877e+05   -2.82842e+05   -1.91353e+05
    Temperature Pressure (bar)   Constr. rmsd
    2.98706e+02    3.55912e+01    4.19370e-06

           Step           Time
        2218000     4436.00000

   Energies (kJ/mol)
           Bond            U-B    Proper Dih.  Improper Dih.          LJ-14
    1.15160e+04    6.18280e+04    4.12294e+04    3.42086e+02    7.48011e+03
     Coulomb-14        LJ (SR)   Coulomb (SR)   Coul. recip. Position Rest.
    2.48928e+02    6.68779e+03   -5.65197e+05    2.02389e+03    3.09966e+02
     Dih. Rest.      Potential    Kinetic En.   Total Energy  Conserved En.
    3.99872e+02   -4.33131e+05    1.50873e+05   -2.82258e+05   -1.91170e+05
    Temperature Pressure (bar)   Constr. rmsd
    3.00691e+02   -6.89299e+01    4.19370e-06

           Step           Time
        2220000     4440.00000

   Energies (kJ/mol)
           Bond            U-B    Proper Dih.  Improper Dih.          LJ-14
    1.14204e+04    6.19775e+04    4.13027e+04    3.05141e+02    7.54262e+03
     Coulomb-14        LJ (SR)   Coulomb (SR)   Coul. recip. Position Rest.
   -3.13312e+02    4.96295e+03   -5.62299e+05    1.98989e+03    2.89215e+02
     Dih. Rest.      Potential    Kinetic En.   Total Energy  Conserved En.
    4.18211e+02   -4.32404e+05    1.50089e+05   -2.82314e+05   -1.91081e+05
    Temperature Pressure (bar)   Constr. rmsd
    2.99130e+02   -4.60928e+01    4.19370e-06

           Step           Time
        2222000     4444.00000

   Energies (kJ/mol)
           Bond            U-B    Proper Dih.  Improper Dih.          LJ-14
    1.17781e+04    6.17602e+04    4.15606e+04    3.47985e+02    7.54481e+03
     Coulomb-14        LJ (SR)   Coulomb (SR)   Coul. recip. Position Rest.
   -9.53518e+01    5.81429e+03   -5.62159e+05    2.03329e+03    2.96392e+02
     Dih. Rest.      Potential    Kinetic En.   Total Energy  Conserved En.
    3.96956e+02   -4.30722e+05    1.50877e+05   -2.79845e+05   -1.90971e+05
    Temperature Pressure (bar)   Constr. rmsd
    3.00701e+02   -8.72368e+01    4.19370e-06

           Step           Time
        2224000     4448.00000

   Energies (kJ/mol)
           Bond            U-B    Proper Dih.  Improper Dih.          LJ-14
    1.18230e+04    6.15140e+04    4.13197e+04    4.40274e+02    7.40398e+03
     Coulomb-14        LJ (SR)   Coulomb (SR)   Coul. recip. Position Rest.
   -2.17611e+02    6.22284e+03   -5.63167e+05    2.09492e+03    2.63416e+02
     Dih. Rest.      Potential    Kinetic En.   Total Energy  Conserved En.
    4.48192e+02   -4.31854e+05    1.51504e+05   -2.80350e+05   -1.90836e+05
    Temperature Pressure (bar)   Constr. rmsd
    3.01949e+02   -6.03476e+01    4.19370e-06

           Step           Time
        2226000     4452.00000

   Energies (kJ/mol)
           Bond            U-B    Proper Dih.  Improper Dih.          LJ-14
    1.17255e+04    6.11045e+04    4.12810e+04    4.26193e+02    7.53303e+03
     Coulomb-14        LJ (SR)   Coulomb (SR)   Coul. recip. Position Rest.
    3.37854e+02    5.94500e+03   -5.63408e+05    2.06991e+03    3.09457e+02
     Dih. Rest.      Potential    Kinetic En.   Total Energy  Conserved En.
    4.27088e+02   -4.32249e+05    1.49736e+05   -2.82512e+05   -1.90679e+05
    Temperature Pressure (bar)   Constr. rmsd
    2.98427e+02   -2.70775e+01    4.19370e-06

           Step           Time
        2228000     4456.00000

   Energies (kJ/mol)
           Bond            U-B    Proper Dih.  Improper Dih.          LJ-14
    1.15556e+04    6.12259e+04    4.13961e+04    3.79200e+02    7.50557e+03
     Coulomb-14        LJ (SR)   Coulomb (SR)   Coul. recip. Position Rest.
   -1.00239e+02    7.47046e+03   -5.65350e+05    1.94441e+03    2.84946e+02
     Dih. Rest.      Potential    Kinetic En.   Total Energy  Conserved En.
    4.15864e+02   -4.33272e+05    1.49766e+05   -2.83506e+05   -1.90605e+05
    Temperature Pressure (bar)   Constr. rmsd
    2.98486e+02   -4.73551e+01    4.19370e-06

           Step           Time
        2230000     4460.00000

   Energies (kJ/mol)
           Bond            U-B    Proper Dih.  Improper Dih.          LJ-14
    1.15069e+04    6.09643e+04    4.12365e+04    3.47441e+02    7.58682e+03
     Coulomb-14        LJ (SR)   Coulomb (SR)   Coul. recip. Position Rest.
   -2.82708e+01    5.69627e+03   -5.62632e+05    2.04140e+03    2.89433e+02
     Dih. Rest.      Potential    Kinetic En.   Total Energy  Conserved En.
    4.24242e+02   -4.32567e+05    1.50379e+05   -2.82188e+05   -1.90529e+05
    Temperature Pressure (bar)   Constr. rmsd
    2.99707e+02   -4.98571e+01    4.19370e-06

           Step           Time
        2232000     4464.00000

   Energies (kJ/mol)
           Bond            U-B    Proper Dih.  Improper Dih.          LJ-14
    1.16225e+04    6.13115e+04    4.15584e+04    3.45282e+02    7.54765e+03
     Coulomb-14        LJ (SR)   Coulomb (SR)   Coul. recip. Position Rest.
   -1.23603e+02    6.43750e+03   -5.64042e+05    2.01262e+03    3.24974e+02
     Dih. Rest.      Potential    Kinetic En.   Total Energy  Conserved En.
    4.02179e+02   -4.32603e+05    1.51163e+05   -2.81440e+05   -1.90403e+05
    Temperature Pressure (bar)   Constr. rmsd
    3.01271e+02   -2.05025e+01    4.19370e-06

           Step           Time
        2234000     4468.00000

   Energies (kJ/mol)
           Bond            U-B    Proper Dih.  Improper Dih.          LJ-14
    1.14510e+04    6.16226e+04    4.16330e+04    3.94712e+02    7.52795e+03
     Coulomb-14        LJ (SR)   Coulomb (SR)   Coul. recip. Position Rest.
    2.26578e+01    5.26627e+03   -5.61880e+05    1.99461e+03    3.17339e+02
     Dih. Rest.      Potential    Kinetic En.   Total Energy  Conserved En.
    4.14833e+02   -4.31235e+05    1.51112e+05   -2.80123e+05   -1.90234e+05
    Temperature Pressure (bar)   Constr. rmsd
    3.01168e+02   -4.75601e+01    4.19370e-06

           Step           Time
        2236000     4472.00000

   Energies (kJ/mol)
           Bond            U-B    Proper Dih.  Improper Dih.          LJ-14
    1.14933e+04    6.08206e+04    4.13159e+04    3.68901e+02    7.54448e+03
     Coulomb-14        LJ (SR)   Coulomb (SR)   Coul. recip. Position Rest.
    7.81460e+01    6.33233e+03   -5.63404e+05    2.05883e+03    3.17756e+02
     Dih. Rest.      Potential    Kinetic En.   Total Energy  Conserved En.
    4.38502e+02   -4.32635e+05    1.51189e+05   -2.81446e+05   -1.90156e+05
    Temperature Pressure (bar)   Constr. rmsd
    3.01322e+02   -3.07614e+01    4.19370e-06

           Step           Time
        2238000     4476.00000

   Energies (kJ/mol)
           Bond            U-B    Proper Dih.  Improper Dih.          LJ-14
    1.16980e+04    6.12345e+04    4.14717e+04    3.58659e+02    7.41921e+03
     Coulomb-14        LJ (SR)   Coulomb (SR)   Coul. recip. Position Rest.
   -8.52600e+00    5.51068e+03   -5.63487e+05    2.02265e+03    3.00556e+02
     Dih. Rest.      Potential    Kinetic En.   Total Energy  Conserved En.
    3.75392e+02   -4.33105e+05    1.50530e+05   -2.82575e+05   -1.89998e+05
    Temperature Pressure (bar)   Constr. rmsd
    3.00007e+02   -1.67744e+02    4.19370e-06

           Step           Time
        2240000     4480.00000

   Energies (kJ/mol)
           Bond            U-B    Proper Dih.  Improper Dih.          LJ-14
    1.16599e+04    6.09684e+04    4.14671e+04    3.55602e+02    7.49500e+03
     Coulomb-14        LJ (SR)   Coulomb (SR)   Coul. recip. Position Rest.
    1.65925e+01    6.59812e+03   -5.63804e+05    2.11756e+03    2.51918e+02
     Dih. Rest.      Potential    Kinetic En.   Total Energy  Conserved En.
    4.28871e+02   -4.32445e+05    1.50713e+05   -2.81731e+05   -1.89928e+05
    Temperature Pressure (bar)   Constr. rmsd
    3.00374e+02   -5.21790e+01    4.19370e-06

           Step           Time
        2242000     4484.00000

   Energies (kJ/mol)
           Bond            U-B    Proper Dih.  Improper Dih.          LJ-14
    1.16476e+04    6.07288e+04    4.14886e+04    3.99233e+02    7.48954e+03
     Coulomb-14        LJ (SR)   Coulomb (SR)   Coul. recip. Position Rest.
    6.52502e+00    5.79215e+03   -5.62793e+05    2.05819e+03    2.87244e+02
     Dih. Rest.      Potential    Kinetic En.   Total Energy  Conserved En.
    3.96802e+02   -4.32498e+05    1.49953e+05   -2.82545e+05   -1.89752e+05
    Temperature Pressure (bar)   Constr. rmsd
    2.98858e+02   -1.29604e+02    4.19370e-06

           Step           Time
        2244000     4488.00000

   Energies (kJ/mol)
           Bond            U-B    Proper Dih.  Improper Dih.          LJ-14
    1.15350e+04    6.08170e+04    4.10037e+04    3.84696e+02    7.55668e+03
     Coulomb-14        LJ (SR)   Coulomb (SR)   Coul. recip. Position Rest.
   -5.64448e+01    6.21891e+03   -5.63487e+05    2.04363e+03    2.70796e+02
     Dih. Rest.      Potential    Kinetic En.   Total Energy  Conserved En.
    4.87342e+02   -4.33226e+05    1.50213e+05   -2.83013e+05   -1.89588e+05
    Temperature Pressure (bar)   Constr. rmsd
    2.99376e+02   -2.58201e+01    4.19370e-06

           Step           Time
        2246000     4492.00000

   Energies (kJ/mol)
           Bond            U-B    Proper Dih.  Improper Dih.          LJ-14
    1.14321e+04    6.14565e+04    4.12791e+04    3.77674e+02    7.50542e+03
     Coulomb-14        LJ (SR)   Coulomb (SR)   Coul. recip. Position Rest.
    8.26575e+01    6.26032e+03   -5.63022e+05    2.09061e+03    2.96891e+02
     Dih. Rest.      Potential    Kinetic En.   Total Energy  Conserved En.
    4.11030e+02   -4.31829e+05    1.51838e+05   -2.79992e+05   -1.89549e+05
    Temperature Pressure (bar)   Constr. rmsd
    3.02614e+02   -8.00989e+01    4.19370e-06

           Step           Time
        2248000     4496.00000

   Energies (kJ/mol)
           Bond            U-B    Proper Dih.  Improper Dih.          LJ-14
    1.16485e+04    6.18882e+04    4.13638e+04    3.77518e+02    7.39488e+03
     Coulomb-14        LJ (SR)   Coulomb (SR)   Coul. recip. Position Rest.
    7.90365e+01    6.05071e+03   -5.62120e+05    2.07903e+03    2.92624e+02
     Dih. Rest.      Potential    Kinetic En.   Total Energy  Conserved En.
    3.96821e+02   -4.30549e+05    1.50664e+05   -2.79885e+05   -1.89369e+05
    Temperature Pressure (bar)   Constr. rmsd
    3.00276e+02   -1.10221e+02    4.19370e-06

           Step           Time
        2250000     4500.00000

   Energies (kJ/mol)
           Bond            U-B    Proper Dih.  Improper Dih.          LJ-14
    1.15286e+04    6.19427e+04    4.15874e+04    3.43742e+02    7.42855e+03
     Coulomb-14        LJ (SR)   Coulomb (SR)   Coul. recip. Position Rest.
   -3.85230e+02    6.09420e+03   -5.62737e+05    2.08220e+03    2.79053e+02
     Dih. Rest.      Potential    Kinetic En.   Total Energy  Conserved En.
    4.66081e+02   -4.31370e+05    1.51161e+05   -2.80210e+05   -1.89272e+05
    Temperature Pressure (bar)   Constr. rmsd
    3.01265e+02   -8.02954e+01    4.19370e-06

           Step           Time
        2252000     4504.00000

   Energies (kJ/mol)
           Bond            U-B    Proper Dih.  Improper Dih.          LJ-14
    1.16000e+04    6.13122e+04    4.11464e+04    4.05941e+02    7.49489e+03
     Coulomb-14        LJ (SR)   Coulomb (SR)   Coul. recip. Position Rest.
    3.56816e+02    6.02375e+03   -5.62849e+05    2.02648e+03    3.57052e+02
     Dih. Rest.      Potential    Kinetic En.   Total Energy  Conserved En.
    4.19975e+02   -4.31705e+05    1.49893e+05   -2.81812e+05   -1.89154e+05
    Temperature Pressure (bar)   Constr. rmsd
    2.98738e+02   -6.38740e+01    4.19370e-06

           Step           Time
        2254000     4508.00000

   Energies (kJ/mol)
           Bond            U-B    Proper Dih.  Improper Dih.          LJ-14
    1.15334e+04    6.19569e+04    4.09799e+04    4.46164e+02    7.38120e+03
     Coulomb-14        LJ (SR)   Coulomb (SR)   Coul. recip. Position Rest.
    7.45771e+01    5.25333e+03   -5.62863e+05    1.94192e+03    2.83783e+02
     Dih. Rest.      Potential    Kinetic En.   Total Energy  Conserved En.
    4.51253e+02   -4.32561e+05    1.50687e+05   -2.81874e+05   -1.89012e+05
    Temperature Pressure (bar)   Constr. rmsd
    3.00322e+02   -1.74185e+02    4.19370e-06

           Step           Time
        2256000     4512.00000

   Energies (kJ/mol)
           Bond            U-B    Proper Dih.  Improper Dih.          LJ-14
    1.16010e+04    6.12250e+04    4.10692e+04    4.36585e+02    7.34460e+03
     Coulomb-14        LJ (SR)   Coulomb (SR)   Coul. recip. Position Rest.
    3.32585e+01    6.39448e+03   -5.64156e+05    2.08595e+03    3.20247e+02
     Dih. Rest.      Potential    Kinetic En.   Total Energy  Conserved En.
    4.00000e+02   -4.33245e+05    1.51227e+05   -2.82018e+05   -1.88925e+05
    Temperature Pressure (bar)   Constr. rmsd
    3.01397e+02   -7.58425e+01    4.19370e-06

           Step           Time
        2258000     4516.00000

   Energies (kJ/mol)
           Bond            U-B    Proper Dih.  Improper Dih.          LJ-14
    1.17033e+04    6.10797e+04    4.12693e+04    3.76930e+02    7.48840e+03
     Coulomb-14        LJ (SR)   Coulomb (SR)   Coul. recip. Position Rest.
   -4.26735e+01    6.94624e+03   -5.64376e+05    2.05017e+03    3.36524e+02
     Dih. Rest.      Potential    Kinetic En.   Total Energy  Conserved En.
    4.02285e+02   -4.32766e+05    1.51172e+05   -2.81594e+05   -1.88782e+05
    Temperature Pressure (bar)   Constr. rmsd
    3.01287e+02   -1.43010e+02    4.19370e-06

           Step           Time
        2260000     4520.00000

   Energies (kJ/mol)
           Bond            U-B    Proper Dih.  Improper Dih.          LJ-14
    1.14010e+04    6.11038e+04    4.10992e+04    3.58729e+02    7.44293e+03
     Coulomb-14        LJ (SR)   Coulomb (SR)   Coul. recip. Position Rest.
    8.85497e+01    6.61963e+03   -5.63001e+05    2.10767e+03    3.34947e+02
     Dih. Rest.      Potential    Kinetic En.   Total Energy  Conserved En.
    4.36033e+02   -4.32009e+05    1.51273e+05   -2.80735e+05   -1.88643e+05
    Temperature Pressure (bar)   Constr. rmsd
    3.01490e+02   -5.26584e-02    4.19370e-06

           Step           Time
        2262000     4524.00000

   Energies (kJ/mol)
           Bond            U-B    Proper Dih.  Improper Dih.          LJ-14
    1.14182e+04    6.13912e+04    4.12053e+04    3.82782e+02    7.53372e+03
     Coulomb-14        LJ (SR)   Coulomb (SR)   Coul. recip. Position Rest.
    1.67231e+02    6.90815e+03   -5.64172e+05    2.08431e+03    3.33725e+02
     Dih. Rest.      Potential    Kinetic En.   Total Energy  Conserved En.
    4.13710e+02   -4.32333e+05    1.50427e+05   -2.81906e+05   -1.88479e+05
    Temperature Pressure (bar)   Constr. rmsd
    2.99803e+02   -4.49430e+00    4.19370e-06

           Step           Time
        2264000     4528.00000

   Energies (kJ/mol)
           Bond            U-B    Proper Dih.  Improper Dih.          LJ-14
    1.16827e+04    6.14431e+04    4.08354e+04    3.46584e+02    7.42021e+03
     Coulomb-14        LJ (SR)   Coulomb (SR)   Coul. recip. Position Rest.
    4.52159e+02    5.74993e+03   -5.62497e+05    2.07306e+03    3.41010e+02
     Dih. Rest.      Potential    Kinetic En.   Total Energy  Conserved En.
    3.80555e+02   -4.31773e+05    1.49312e+05   -2.82461e+05   -1.88361e+05
    Temperature Pressure (bar)   Constr. rmsd
    2.97581e+02   -4.92311e+01    4.19370e-06

           Step           Time
        2266000     4532.00000

   Energies (kJ/mol)
           Bond            U-B    Proper Dih.  Improper Dih.          LJ-14
    1.14297e+04    6.19155e+04    4.10585e+04    4.15142e+02    7.31878e+03
     Coulomb-14        LJ (SR)   Coulomb (SR)   Coul. recip. Position Rest.
    4.00263e+02    6.38192e+03   -5.64117e+05    2.01227e+03    3.58621e+02
     Dih. Rest.      Potential    Kinetic En.   Total Energy  Conserved En.
    4.79854e+02   -4.32346e+05    1.50565e+05   -2.81781e+05   -1.88197e+05
    Temperature Pressure (bar)   Constr. rmsd
    3.00077e+02   -6.97139e+01    4.19370e-06

           Step           Time
        2268000     4536.00000

   Energies (kJ/mol)
           Bond            U-B    Proper Dih.  Improper Dih.          LJ-14
    1.16344e+04    6.20006e+04    4.11999e+04    3.41554e+02    7.38818e+03
     Coulomb-14        LJ (SR)   Coulomb (SR)   Coul. recip. Position Rest.
   -2.84578e+01    6.31305e+03   -5.63567e+05    1.93822e+03    3.44208e+02
     Dih. Rest.      Potential    Kinetic En.   Total Energy  Conserved En.
    4.40516e+02   -4.31995e+05    1.51427e+05   -2.80568e+05   -1.88137e+05
    Temperature Pressure (bar)   Constr. rmsd
    3.01795e+02    4.86195e+00    4.19370e-06

           Step           Time
        2270000     4540.00000

   Energies (kJ/mol)
           Bond            U-B    Proper Dih.  Improper Dih.          LJ-14
    1.14608e+04    6.13394e+04    4.10661e+04    3.81237e+02    7.47538e+03
     Coulomb-14        LJ (SR)   Coulomb (SR)   Coul. recip. Position Rest.
    3.44571e+02    6.20896e+03   -5.63153e+05    2.06231e+03    3.00617e+02
     Dih. Rest.      Potential    Kinetic En.   Total Energy  Conserved En.
    4.42191e+02   -4.32072e+05    1.51016e+05   -2.81056e+05   -1.87987e+05
    Temperature Pressure (bar)   Constr. rmsd
    3.00976e+02   -6.82208e+01    4.19370e-06

           Step           Time
        2272000     4544.00000

   Energies (kJ/mol)
           Bond            U-B    Proper Dih.  Improper Dih.          LJ-14
    1.15650e+04    6.12231e+04    4.13394e+04    3.98115e+02    7.61862e+03
     Coulomb-14        LJ (SR)   Coulomb (SR)   Coul. recip. Position Rest.
   -1.32533e+01    5.93219e+03   -5.63874e+05    1.97712e+03    3.63828e+02
     Dih. Rest.      Potential    Kinetic En.   Total Energy  Conserved En.
    4.02717e+02   -4.33067e+05    1.50165e+05   -2.82902e+05   -1.87873e+05
    Temperature Pressure (bar)   Constr. rmsd
    2.99280e+02   -4.20592e+01    4.19370e-06

           Step           Time
        2274000     4548.00000

   Energies (kJ/mol)
           Bond            U-B    Proper Dih.  Improper Dih.          LJ-14
    1.16185e+04    6.09782e+04    4.11860e+04    3.47098e+02    7.55975e+03
     Coulomb-14        LJ (SR)   Coulomb (SR)   Coul. recip. Position Rest.
    2.92928e+02    6.74433e+03   -5.63782e+05    2.08613e+03    3.51411e+02
     Dih. Rest.      Potential    Kinetic En.   Total Energy  Conserved En.
    4.47529e+02   -4.32170e+05    1.50920e+05   -2.81250e+05   -1.87807e+05
    Temperature Pressure (bar)   Constr. rmsd
    3.00785e+02   -5.05980e+01    4.19370e-06

           Step           Time
        2276000     4552.00000

   Energies (kJ/mol)
           Bond            U-B    Proper Dih.  Improper Dih.          LJ-14
    1.13268e+04    6.11393e+04    4.09050e+04    3.46089e+02    7.43005e+03
     Coulomb-14        LJ (SR)   Coulomb (SR)   Coul. recip. Position Rest.
    1.44209e+01    6.02066e+03   -5.62470e+05    2.04798e+03    3.36779e+02
     Dih. Rest.      Potential    Kinetic En.   Total Energy  Conserved En.
    4.30987e+02   -4.32472e+05    1.49635e+05   -2.82837e+05   -1.87634e+05
    Temperature Pressure (bar)   Constr. rmsd
    2.98225e+02   -9.26482e+01    4.19370e-06

           Step           Time
        2278000     4556.00000

   Energies (kJ/mol)
           Bond            U-B    Proper Dih.  Improper Dih.          LJ-14
    1.11903e+04    6.14277e+04    4.13771e+04    4.01939e+02    7.43897e+03
     Coulomb-14        LJ (SR)   Coulomb (SR)   Coul. recip. Position Rest.
    1.25451e+02    6.73316e+03   -5.63778e+05    2.04130e+03    2.92364e+02
     Dih. Rest.      Potential    Kinetic En.   Total Energy  Conserved En.
    4.27063e+02   -4.32323e+05    1.49981e+05   -2.82342e+05   -1.87502e+05
    Temperature Pressure (bar)   Constr. rmsd
    2.98914e+02   -5.09798e+01    4.19370e-06

           Step           Time
        2280000     4560.00000

   Energies (kJ/mol)
           Bond            U-B    Proper Dih.  Improper Dih.          LJ-14
    1.14671e+04    6.10447e+04    4.11518e+04    4.06430e+02    7.47152e+03
     Coulomb-14        LJ (SR)   Coulomb (SR)   Coul. recip. Position Rest.
    5.21519e+02    6.18617e+03   -5.62405e+05    1.96460e+03    2.45401e+02
     Dih. Rest.      Potential    Kinetic En.   Total Energy  Conserved En.
    3.77812e+02   -4.31568e+05    1.50350e+05   -2.81217e+05   -1.87440e+05
    Temperature Pressure (bar)   Constr. rmsd
    2.99650e+02   -7.67965e+01    4.19370e-06

           Step           Time
        2282000     4564.00000

   Energies (kJ/mol)
           Bond            U-B    Proper Dih.  Improper Dih.          LJ-14
    1.14774e+04    6.11083e+04    4.10066e+04    3.82234e+02    7.38709e+03
     Coulomb-14        LJ (SR)   Coulomb (SR)   Coul. recip. Position Rest.
    2.60969e+02    4.83971e+03   -5.61600e+05    2.05930e+03    2.26955e+02
     Dih. Rest.      Potential    Kinetic En.   Total Energy  Conserved En.
    3.73303e+02   -4.32478e+05    1.50481e+05   -2.81996e+05   -1.87320e+05
    Temperature Pressure (bar)   Constr. rmsd
    2.99911e+02   -1.34849e+02    4.19370e-06

           Step           Time
        2284000     4568.00000

   Energies (kJ/mol)
           Bond            U-B    Proper Dih.  Improper Dih.          LJ-14
    1.13912e+04    6.10066e+04    4.11808e+04    3.49076e+02    7.44726e+03
     Coulomb-14        LJ (SR)   Coulomb (SR)   Coul. recip. Position Rest.
    2.98062e+02    6.80583e+03   -5.64058e+05    2.03521e+03    2.80296e+02
     Dih. Rest.      Potential    Kinetic En.   Total Energy  Conserved En.
    4.39920e+02   -4.32824e+05    1.50337e+05   -2.82487e+05   -1.87187e+05
    Temperature Pressure (bar)   Constr. rmsd
    2.99624e+02   -3.69938e+01    4.19370e-06

           Step           Time
        2286000     4572.00000

   Energies (kJ/mol)
           Bond            U-B    Proper Dih.  Improper Dih.          LJ-14
    1.16235e+04    6.11259e+04    4.10426e+04    4.18406e+02    7.56490e+03
     Coulomb-14        LJ (SR)   Coulomb (SR)   Coul. recip. Position Rest.
    7.61751e+02    5.67954e+03   -5.62437e+05    2.07753e+03    2.50836e+02
     Dih. Rest.      Potential    Kinetic En.   Total Energy  Conserved En.
    4.23243e+02   -4.31469e+05    1.50443e+05   -2.81027e+05   -1.87019e+05
    Temperature Pressure (bar)   Constr. rmsd
    2.99834e+02   -2.64475e+01    4.19370e-06

           Step           Time
        2288000     4576.00000

   Energies (kJ/mol)
           Bond            U-B    Proper Dih.  Improper Dih.          LJ-14
    1.15542e+04    6.03089e+04    4.12856e+04    3.88264e+02    7.46419e+03
     Coulomb-14        LJ (SR)   Coulomb (SR)   Coul. recip. Position Rest.
    9.06963e+01    7.63432e+03   -5.63277e+05    1.99496e+03    2.34700e+02
     Dih. Rest.      Potential    Kinetic En.   Total Energy  Conserved En.
    3.65145e+02   -4.31956e+05    1.51205e+05   -2.80751e+05   -1.86960e+05
    Temperature Pressure (bar)   Constr. rmsd
    3.01354e+02   -2.26025e+01    4.19370e-06

           Step           Time
        2290000     4580.00000

   Energies (kJ/mol)
           Bond            U-B    Proper Dih.  Improper Dih.          LJ-14
    1.14528e+04    6.05799e+04    4.11014e+04    4.19791e+02    7.60884e+03
     Coulomb-14        LJ (SR)   Coulomb (SR)   Coul. recip. Position Rest.
    3.59290e+02    6.17453e+03   -5.62749e+05    2.00398e+03    2.90337e+02
     Dih. Rest.      Potential    Kinetic En.   Total Energy  Conserved En.
    3.87563e+02   -4.32370e+05    1.51568e+05   -2.80802e+05   -1.86846e+05
    Temperature Pressure (bar)   Constr. rmsd
    3.02077e+02    2.75809e+01    4.19370e-06

           Step           Time
        2292000     4584.00000

   Energies (kJ/mol)
           Bond            U-B    Proper Dih.  Improper Dih.          LJ-14
    1.18216e+04    6.10792e+04    4.13884e+04    3.39667e+02    7.59091e+03
     Coulomb-14        LJ (SR)   Coulomb (SR)   Coul. recip. Position Rest.
    2.36904e+01    7.27976e+03   -5.63786e+05    2.09220e+03    2.50212e+02
     Dih. Rest.      Potential    Kinetic En.   Total Energy  Conserved En.
    3.97850e+02   -4.31522e+05    1.51347e+05   -2.80175e+05   -1.86678e+05
    Temperature Pressure (bar)   Constr. rmsd
    3.01637e+02    8.54925e+00    4.19370e-06

           Step           Time
        2294000     4588.00000

   Energies (kJ/mol)
           Bond            U-B    Proper Dih.  Improper Dih.          LJ-14
    1.15245e+04    6.03943e+04    4.11843e+04    3.08641e+02    7.51652e+03
     Coulomb-14        LJ (SR)   Coulomb (SR)   Coul. recip. Position Rest.
    2.75841e+02    5.47402e+03   -5.61759e+05    2.00218e+03    2.43943e+02
     Dih. Rest.      Potential    Kinetic En.   Total Energy  Conserved En.
    4.21364e+02   -4.32413e+05    1.50407e+05   -2.82006e+05   -1.86548e+05
    Temperature Pressure (bar)   Constr. rmsd
    2.99764e+02   -8.39374e+01    4.19370e-06

           Step           Time
        2296000     4592.00000

   Energies (kJ/mol)
           Bond            U-B    Proper Dih.  Improper Dih.          LJ-14
    1.13781e+04    6.15941e+04    4.11214e+04    3.37309e+02    7.43072e+03
     Coulomb-14        LJ (SR)   Coulomb (SR)   Coul. recip. Position Rest.
   -3.97624e+02    7.52340e+03   -5.63516e+05    1.94928e+03    2.92615e+02
     Dih. Rest.      Potential    Kinetic En.   Total Energy  Conserved En.
    4.45539e+02   -4.31841e+05    1.51076e+05   -2.80765e+05   -1.86450e+05
    Temperature Pressure (bar)   Constr. rmsd
    3.01097e+02   -4.55811e+01    4.19370e-06

           Step           Time
        2298000     4596.00000

   Energies (kJ/mol)
           Bond            U-B    Proper Dih.  Improper Dih.          LJ-14
    1.18694e+04    6.17167e+04    4.10140e+04    3.66901e+02    7.34584e+03
     Coulomb-14        LJ (SR)   Coulomb (SR)   Coul. recip. Position Rest.
   -2.58764e+02    6.10232e+03   -5.62819e+05    2.03516e+03    2.66929e+02
     Dih. Rest.      Potential    Kinetic En.   Total Energy  Conserved En.
    4.16102e+02   -4.31944e+05    1.50925e+05   -2.81019e+05   -1.86266e+05
    Temperature Pressure (bar)   Constr. rmsd
    3.00796e+02   -2.25450e+01    4.19370e-06

           Step           Time
        2300000     4600.00000

   Energies (kJ/mol)
           Bond            U-B    Proper Dih.  Improper Dih.          LJ-14
    1.17347e+04    6.12268e+04    4.11306e+04    3.70005e+02    7.33135e+03
     Coulomb-14        LJ (SR)   Coulomb (SR)   Coul. recip. Position Rest.
   -6.17310e-01    5.96583e+03   -5.62025e+05    2.04852e+03    2.39842e+02
     Dih. Rest.      Potential    Kinetic En.   Total Energy  Conserved En.
    4.02887e+02   -4.31575e+05    1.51368e+05   -2.80208e+05   -1.86216e+05
    Temperature Pressure (bar)   Constr. rmsd
    3.01678e+02   -2.54372e+01    4.19370e-06

           Step           Time
        2302000     4604.00000

   Energies (kJ/mol)
           Bond            U-B    Proper Dih.  Improper Dih.          LJ-14
    1.13814e+04    6.15056e+04    4.11765e+04    3.65090e+02    7.60924e+03
     Coulomb-14        LJ (SR)   Coulomb (SR)   Coul. recip. Position Rest.
    3.43630e+02    6.13245e+03   -5.62730e+05    2.08133e+03    2.93465e+02
     Dih. Rest.      Potential    Kinetic En.   Total Energy  Conserved En.
    4.60071e+02   -4.31382e+05    1.50853e+05   -2.80528e+05   -1.86005e+05
    Temperature Pressure (bar)   Constr. rmsd
    3.00653e+02   -3.44827e+01    4.19370e-06

           Step           Time
        2304000     4608.00000

   Energies (kJ/mol)
           Bond            U-B    Proper Dih.  Improper Dih.          LJ-14
    1.17072e+04    6.17311e+04    4.11932e+04    3.63385e+02    7.21103e+03
     Coulomb-14        LJ (SR)   Coulomb (SR)   Coul. recip. Position Rest.
    1.13412e+02    6.01524e+03   -5.62575e+05    2.01541e+03    3.08731e+02
     Dih. Rest.      Potential    Kinetic En.   Total Energy  Conserved En.
    4.78313e+02   -4.31438e+05    1.50465e+05   -2.80972e+05   -1.85923e+05
    Temperature Pressure (bar)   Constr. rmsd
    2.99880e+02   -4.31655e+01    4.19370e-06

           Step           Time
        2306000     4612.00000

   Energies (kJ/mol)
           Bond            U-B    Proper Dih.  Improper Dih.          LJ-14
    1.14435e+04    6.08379e+04    4.10734e+04    3.93406e+02    7.45636e+03
     Coulomb-14        LJ (SR)   Coulomb (SR)   Coul. recip. Position Rest.
    8.65211e+01    6.42122e+03   -5.63616e+05    2.01542e+03    2.71257e+02
     Dih. Rest.      Potential    Kinetic En.   Total Energy  Conserved En.
    4.18271e+02   -4.33199e+05    1.51197e+05   -2.82002e+05   -1.85830e+05
    Temperature Pressure (bar)   Constr. rmsd
    3.01338e+02   -1.48368e+01    4.19370e-06

           Step           Time
        2308000     4616.00000

   Energies (kJ/mol)
           Bond            U-B    Proper Dih.  Improper Dih.          LJ-14
    1.15915e+04    6.12694e+04    4.11433e+04    4.22390e+02    7.55526e+03
     Coulomb-14        LJ (SR)   Coulomb (SR)   Coul. recip. Position Rest.
    3.66278e+02    6.28032e+03   -5.62931e+05    2.03688e+03    3.32872e+02
     Dih. Rest.      Potential    Kinetic En.   Total Energy  Conserved En.
    4.25059e+02   -4.31508e+05    1.49593e+05   -2.81915e+05   -1.85663e+05
    Temperature Pressure (bar)   Constr. rmsd
    2.98141e+02   -7.24507e+01    4.19370e-06

           Step           Time
        2310000     4620.00000

   Energies (kJ/mol)
           Bond            U-B    Proper Dih.  Improper Dih.          LJ-14
    1.12185e+04    6.10329e+04    4.08206e+04    4.05207e+02    7.57951e+03
     Coulomb-14        LJ (SR)   Coulomb (SR)   Coul. recip. Position Rest.
    2.20957e+02    6.13504e+03   -5.64052e+05    1.98594e+03    2.89663e+02
     Dih. Rest.      Potential    Kinetic En.   Total Energy  Conserved En.
    4.35819e+02   -4.33928e+05    1.50953e+05   -2.82975e+05   -1.85605e+05
    Temperature Pressure (bar)   Constr. rmsd
    3.00851e+02    3.92714e+01    4.19370e-06

           Step           Time
        2312000     4624.00000

   Energies (kJ/mol)
           Bond            U-B    Proper Dih.  Improper Dih.          LJ-14
    1.15312e+04    6.10183e+04    4.10286e+04    3.55466e+02    7.42330e+03
     Coulomb-14        LJ (SR)   Coulomb (SR)   Coul. recip. Position Rest.
    2.88039e+02    5.79758e+03   -5.62675e+05    2.00642e+03    2.53882e+02
     Dih. Rest.      Potential    Kinetic En.   Total Energy  Conserved En.
    3.82660e+02   -4.32589e+05    1.50946e+05   -2.81643e+05   -1.85491e+05
    Temperature Pressure (bar)   Constr. rmsd
    3.00838e+02   -3.12341e+01    4.19370e-06

           Step           Time
        2314000     4628.00000

   Energies (kJ/mol)
           Bond            U-B    Proper Dih.  Improper Dih.          LJ-14
    1.15089e+04    6.13075e+04    4.10012e+04    3.73321e+02    7.51292e+03
     Coulomb-14        LJ (SR)   Coulomb (SR)   Coul. recip. Position Rest.
    5.88733e+01    5.34641e+03   -5.62069e+05    2.08463e+03    2.84449e+02
     Dih. Rest.      Potential    Kinetic En.   Total Energy  Conserved En.
    4.20037e+02   -4.32171e+05    1.49528e+05   -2.82643e+05   -1.85293e+05
    Temperature Pressure (bar)   Constr. rmsd
    2.98011e+02   -1.11762e+02    4.19370e-06

           Step           Time
        2316000     4632.00000

   Energies (kJ/mol)
           Bond            U-B    Proper Dih.  Improper Dih.          LJ-14
    1.14229e+04    6.13667e+04    4.10799e+04    3.57561e+02    7.53521e+03
     Coulomb-14        LJ (SR)   Coulomb (SR)   Coul. recip. Position Rest.
   -1.25502e+02    6.05879e+03   -5.63132e+05    1.98970e+03    2.78870e+02
     Dih. Rest.      Potential    Kinetic En.   Total Energy  Conserved En.
    3.33393e+02   -4.32834e+05    1.50620e+05   -2.82214e+05   -1.85218e+05
    Temperature Pressure (bar)   Constr. rmsd
    3.00188e+02    2.13408e+01    4.19370e-06

           Step           Time
        2318000     4636.00000

   Energies (kJ/mol)
           Bond            U-B    Proper Dih.  Improper Dih.          LJ-14
    1.15908e+04    6.12484e+04    4.09031e+04    4.14343e+02    7.55162e+03
     Coulomb-14        LJ (SR)   Coulomb (SR)   Coul. recip. Position Rest.
    1.11807e+02    6.05502e+03   -5.63693e+05    1.98965e+03    3.28764e+02
     Dih. Rest.      Potential    Kinetic En.   Total Energy  Conserved En.
    3.66012e+02   -4.33134e+05    1.50301e+05   -2.82833e+05   -1.85067e+05
    Temperature Pressure (bar)   Constr. rmsd
    2.99551e+02   -1.80341e+01    4.19370e-06

           Step           Time
        2320000     4640.00000

   Energies (kJ/mol)
           Bond            U-B    Proper Dih.  Improper Dih.          LJ-14
    1.14296e+04    6.13065e+04    4.10131e+04    3.57356e+02    7.56038e+03
     Coulomb-14        LJ (SR)   Coulomb (SR)   Coul. recip. Position Rest.
   -2.07203e+02    6.39241e+03   -5.62085e+05    1.97243e+03    2.75137e+02
     Dih. Rest.      Potential    Kinetic En.   Total Energy  Conserved En.
    3.76169e+02   -4.31609e+05    1.50157e+05   -2.81452e+05   -1.84945e+05
    Temperature Pressure (bar)   Constr. rmsd
    2.99265e+02   -5.33144e+01    4.19370e-06

           Step           Time
        2322000     4644.00000

   Energies (kJ/mol)
           Bond            U-B    Proper Dih.  Improper Dih.          LJ-14
    1.15488e+04    6.11827e+04    4.09048e+04    4.20677e+02    7.45709e+03
     Coulomb-14        LJ (SR)   Coulomb (SR)   Coul. recip. Position Rest.
    2.48647e+02    5.98015e+03   -5.62854e+05    2.02149e+03    2.89633e+02
     Dih. Rest.      Potential    Kinetic En.   Total Energy  Conserved En.
    3.58109e+02   -4.32442e+05    1.49922e+05   -2.82520e+05   -1.84801e+05
    Temperature Pressure (bar)   Constr. rmsd
    2.98797e+02   -8.47097e+01    4.19370e-06

           Step           Time
        2324000     4648.00000

   Energies (kJ/mol)
           Bond            U-B    Proper Dih.  Improper Dih.          LJ-14
    1.12445e+04    6.07492e+04    4.08242e+04    3.71969e+02    7.48032e+03
     Coulomb-14        LJ (SR)   Coulomb (SR)   Coul. recip. Position Rest.
    3.62076e+02    6.51044e+03   -5.63500e+05    1.98233e+03    3.20116e+02
     Dih. Rest.      Potential    Kinetic En.   Total Energy  Conserved En.
    4.09832e+02   -4.33245e+05    1.50173e+05   -2.83072e+05   -1.84722e+05
    Temperature Pressure (bar)   Constr. rmsd
    2.99298e+02   -3.56803e+01    4.19370e-06

           Step           Time
        2326000     4652.00000

   Energies (kJ/mol)
           Bond            U-B    Proper Dih.  Improper Dih.          LJ-14
    1.14383e+04    6.08505e+04    4.09152e+04    3.99560e+02    7.49168e+03
     Coulomb-14        LJ (SR)   Coulomb (SR)   Coul. recip. Position Rest.
    1.32388e+02    6.68334e+03   -5.63556e+05    2.04590e+03    2.78718e+02
     Dih. Rest.      Potential    Kinetic En.   Total Energy  Conserved En.
    4.23326e+02   -4.32897e+05    1.50347e+05   -2.82551e+05   -1.84616e+05
    Temperature Pressure (bar)   Constr. rmsd
    2.99643e+02   -4.96683e+01    4.19370e-06

           Step           Time
        2328000     4656.00000

   Energies (kJ/mol)
           Bond            U-B    Proper Dih.  Improper Dih.          LJ-14
    1.11801e+04    6.04237e+04    4.12616e+04    3.92147e+02    7.40727e+03
     Coulomb-14        LJ (SR)   Coulomb (SR)   Coul. recip. Position Rest.
    5.32744e+02    7.20886e+03   -5.63738e+05    2.02477e+03    2.78243e+02
     Dih. Rest.      Potential    Kinetic En.   Total Energy  Conserved En.
    4.04463e+02   -4.32624e+05    1.50806e+05   -2.81818e+05   -1.84513e+05
    Temperature Pressure (bar)   Constr. rmsd
    3.00559e+02   -3.48582e+01    4.19370e-06

           Step           Time
        2330000     4660.00000

   Energies (kJ/mol)
           Bond            U-B    Proper Dih.  Improper Dih.          LJ-14
    1.15315e+04    6.14165e+04    4.13238e+04    3.42990e+02    7.51684e+03
     Coulomb-14        LJ (SR)   Coulomb (SR)   Coul. recip. Position Rest.
    3.33358e+02    6.00427e+03   -5.62255e+05    2.02602e+03    2.94743e+02
     Dih. Rest.      Potential    Kinetic En.   Total Energy  Conserved En.
    3.61685e+02   -4.31103e+05    1.51669e+05   -2.79434e+05   -1.84312e+05
    Temperature Pressure (bar)   Constr. rmsd
    3.02278e+02   -5.51413e+01    4.19370e-06

           Step           Time
        2332000     4664.00000

   Energies (kJ/mol)
           Bond            U-B    Proper Dih.  Improper Dih.          LJ-14
    1.12390e+04    6.19479e+04    4.13032e+04    3.47629e+02    7.58672e+03
     Coulomb-14        LJ (SR)   Coulomb (SR)   Coul. recip. Position Rest.
   -7.17698e+01    6.52805e+03   -5.61027e+05    1.91243e+03    3.09623e+02
     Dih. Rest.      Potential    Kinetic En.   Total Energy  Conserved En.
    4.52509e+02   -4.29472e+05    1.50452e+05   -2.79020e+05   -1.84193e+05
    Temperature Pressure (bar)   Constr. rmsd
    2.99853e+02    9.75069e+00    4.19370e-06

           Step           Time
        2334000     4668.00000

   Energies (kJ/mol)
           Bond            U-B    Proper Dih.  Improper Dih.          LJ-14
    1.15208e+04    6.13165e+04    4.12536e+04    4.24102e+02    7.52771e+03
     Coulomb-14        LJ (SR)   Coulomb (SR)   Coul. recip. Position Rest.
   -1.01975e+02    6.76076e+03   -5.63049e+05    2.05409e+03    2.58003e+02
     Dih. Rest.      Potential    Kinetic En.   Total Energy  Conserved En.
    4.04010e+02   -4.31631e+05    1.51619e+05   -2.80012e+05   -1.84102e+05
    Temperature Pressure (bar)   Constr. rmsd
    3.02179e+02   -3.03594e+01    4.19370e-06

           Step           Time
        2336000     4672.00000

   Energies (kJ/mol)
           Bond            U-B    Proper Dih.  Improper Dih.          LJ-14
    1.11268e+04    6.15686e+04    4.12117e+04    4.41556e+02    7.43678e+03
     Coulomb-14        LJ (SR)   Coulomb (SR)   Coul. recip. Position Rest.
    1.80470e+02    5.35135e+03   -5.61500e+05    2.03666e+03    2.97383e+02
     Dih. Rest.      Potential    Kinetic En.   Total Energy  Conserved En.
    4.00889e+02   -4.31448e+05    1.49662e+05   -2.81785e+05   -1.83953e+05
    Temperature Pressure (bar)   Constr. rmsd
    2.98279e+02   -9.10273e+01    4.19370e-06

           Step           Time
        2338000     4676.00000

   Energies (kJ/mol)
           Bond            U-B    Proper Dih.  Improper Dih.          LJ-14
    1.13654e+04    6.10846e+04    4.11160e+04    4.52546e+02    7.36112e+03
     Coulomb-14        LJ (SR)   Coulomb (SR)   Coul. recip. Position Rest.
   -1.97784e+02    6.02598e+03   -5.61974e+05    2.02983e+03    2.81609e+02
     Dih. Rest.      Potential    Kinetic En.   Total Energy  Conserved En.
    4.11863e+02   -4.32043e+05    1.50918e+05   -2.81125e+05   -1.83904e+05
    Temperature Pressure (bar)   Constr. rmsd
    3.00781e+02    3.67689e+01    4.19370e-06

           Step           Time
        2340000     4680.00000

   Energies (kJ/mol)
           Bond            U-B    Proper Dih.  Improper Dih.          LJ-14
    1.17262e+04    6.23606e+04    4.10164e+04    4.30461e+02    7.26666e+03
     Coulomb-14        LJ (SR)   Coulomb (SR)   Coul. recip. Position Rest.
   -3.55670e+02    6.23541e+03   -5.63782e+05    2.04413e+03    2.69137e+02
     Dih. Rest.      Potential    Kinetic En.   Total Energy  Conserved En.
    4.53767e+02   -4.32335e+05    1.50282e+05   -2.82053e+05   -1.83672e+05
    Temperature Pressure (bar)   Constr. rmsd
    2.99514e+02   -9.93525e+01    4.19370e-06

           Step           Time
        2342000     4684.00000

   Energies (kJ/mol)
           Bond            U-B    Proper Dih.  Improper Dih.          LJ-14
    1.14769e+04    6.11860e+04    4.12717e+04    3.54033e+02    7.34079e+03
     Coulomb-14        LJ (SR)   Coulomb (SR)   Coul. recip. Position Rest.
    3.66207e+02    5.71394e+03   -5.62972e+05    2.05710e+03    2.71813e+02
     Dih. Rest.      Potential    Kinetic En.   Total Energy  Conserved En.
    4.09637e+02   -4.32524e+05    1.50568e+05   -2.81956e+05   -1.83640e+05
    Temperature Pressure (bar)   Constr. rmsd
    3.00084e+02   -1.25220e+02    4.19370e-06

           Step           Time
        2344000     4688.00000

   Energies (kJ/mol)
           Bond            U-B    Proper Dih.  Improper Dih.          LJ-14
    1.15926e+04    6.11589e+04    4.11572e+04    4.23702e+02    7.48001e+03
     Coulomb-14        LJ (SR)   Coulomb (SR)   Coul. recip. Position Rest.
    2.48608e+02    6.21068e+03   -5.63517e+05    2.06847e+03    2.77518e+02
     Dih. Rest.      Potential    Kinetic En.   Total Energy  Conserved En.
    4.16336e+02   -4.32483e+05    1.50379e+05   -2.82104e+05   -1.83469e+05
    Temperature Pressure (bar)   Constr. rmsd
    2.99708e+02   -6.03794e+01    4.19370e-06

           Step           Time
        2346000     4692.00000

   Energies (kJ/mol)
           Bond            U-B    Proper Dih.  Improper Dih.          LJ-14
    1.12748e+04    6.12676e+04    4.11836e+04    3.73314e+02    7.50597e+03
     Coulomb-14        LJ (SR)   Coulomb (SR)   Coul. recip. Position Rest.
    1.74959e+02    6.49545e+03   -5.63643e+05    2.09134e+03    3.11023e+02
     Dih. Rest.      Potential    Kinetic En.   Total Energy  Conserved En.
    3.90268e+02   -4.32575e+05    1.50869e+05   -2.81706e+05   -1.83401e+05
    Temperature Pressure (bar)   Constr. rmsd
    3.00683e+02   -1.94709e+01    4.19370e-06

           Step           Time
        2348000     4696.00000

   Energies (kJ/mol)
           Bond            U-B    Proper Dih.  Improper Dih.          LJ-14
    1.16271e+04    6.14216e+04    4.13749e+04    3.45366e+02    7.51121e+03
     Coulomb-14        LJ (SR)   Coulomb (SR)   Coul. recip. Position Rest.
   -2.96058e+02    6.46222e+03   -5.63368e+05    2.04315e+03    3.15433e+02
     Dih. Rest.      Potential    Kinetic En.   Total Energy  Conserved En.
    3.84442e+02   -4.32178e+05    1.50420e+05   -2.81758e+05   -1.83252e+05
    Temperature Pressure (bar)   Constr. rmsd
    2.99789e+02   -3.19175e-01    4.19370e-06

           Step           Time
        2350000     4700.00000

   Energies (kJ/mol)
           Bond            U-B    Proper Dih.  Improper Dih.          LJ-14
    1.14785e+04    6.12856e+04    4.12267e+04    3.93118e+02    7.59097e+03
     Coulomb-14        LJ (SR)   Coulomb (SR)   Coul. recip. Position Rest.
    7.42468e+01    6.21767e+03   -5.63602e+05    2.05894e+03    2.71298e+02
     Dih. Rest.      Potential    Kinetic En.   Total Energy  Conserved En.
    4.19893e+02   -4.32585e+05    1.51161e+05   -2.81424e+05   -1.83095e+05
    Temperature Pressure (bar)   Constr. rmsd
    3.01265e+02   -4.61001e+01    4.19370e-06

           Step           Time
        2352000     4704.00000

   Energies (kJ/mol)
           Bond            U-B    Proper Dih.  Improper Dih.          LJ-14
    1.14565e+04    6.12509e+04    4.09002e+04    3.80956e+02    7.57913e+03
     Coulomb-14        LJ (SR)   Coulomb (SR)   Coul. recip. Position Rest.
    1.76508e+02    6.93155e+03   -5.64322e+05    2.02178e+03    2.58247e+02
     Dih. Rest.      Potential    Kinetic En.   Total Energy  Conserved En.
    3.97164e+02   -4.32969e+05    1.50936e+05   -2.82033e+05   -1.82978e+05
    Temperature Pressure (bar)   Constr. rmsd
    3.00818e+02    3.44116e+00    4.19370e-06

           Step           Time
        2354000     4708.00000

   Energies (kJ/mol)
           Bond            U-B    Proper Dih.  Improper Dih.          LJ-14
    1.17773e+04    6.13106e+04    4.10698e+04    4.10282e+02    7.41319e+03
     Coulomb-14        LJ (SR)   Coulomb (SR)   Coul. recip. Position Rest.
    5.54679e+01    6.96893e+03   -5.63917e+05    1.98267e+03    2.54862e+02
     Dih. Rest.      Potential    Kinetic En.   Total Energy  Conserved En.
    3.96066e+02   -4.32278e+05    1.49645e+05   -2.82633e+05   -1.82847e+05
    Temperature Pressure (bar)   Constr. rmsd
    2.98245e+02   -2.34164e+00    4.19370e-06

           Step           Time
        2356000     4712.00000

   Energies (kJ/mol)
           Bond            U-B    Proper Dih.  Improper Dih.          LJ-14
    1.16205e+04    6.13663e+04    4.09150e+04    4.10722e+02    7.49289e+03
     Coulomb-14        LJ (SR)   Coulomb (SR)   Coul. recip. Position Rest.
    1.51321e+02    5.39805e+03   -5.62901e+05    2.01876e+03    2.54417e+02
     Dih. Rest.      Potential    Kinetic En.   Total Energy  Conserved En.
    4.26506e+02   -4.32847e+05    1.49681e+05   -2.83166e+05   -1.82686e+05
    Temperature Pressure (bar)   Constr. rmsd
    2.98316e+02   -4.12449e+01    4.19370e-06

           Step           Time
        2358000     4716.00000

   Energies (kJ/mol)
           Bond            U-B    Proper Dih.  Improper Dih.          LJ-14
    1.15573e+04    6.13842e+04    4.10953e+04    3.78803e+02    7.45042e+03
     Coulomb-14        LJ (SR)   Coulomb (SR)   Coul. recip. Position Rest.
    1.05975e+02    5.88827e+03   -5.63016e+05    2.05882e+03    2.39006e+02
     Dih. Rest.      Potential    Kinetic En.   Total Energy  Conserved En.
    4.53951e+02   -4.32404e+05    1.50237e+05   -2.82167e+05   -1.82618e+05
    Temperature Pressure (bar)   Constr. rmsd
    2.99424e+02   -8.13852e+01    4.19370e-06

           Step           Time
        2360000     4720.00000

   Energies (kJ/mol)
           Bond            U-B    Proper Dih.  Improper Dih.          LJ-14
    1.18839e+04    6.15649e+04    4.12167e+04    4.00095e+02    7.42081e+03
     Coulomb-14        LJ (SR)   Coulomb (SR)   Coul. recip. Position Rest.
    3.25375e+02    5.46621e+03   -5.61831e+05    2.05645e+03    2.79025e+02
     Dih. Rest.      Potential    Kinetic En.   Total Energy  Conserved En.
    4.61029e+02   -4.30756e+05    1.50111e+05   -2.80645e+05   -1.82469e+05
    Temperature Pressure (bar)   Constr. rmsd
    2.99173e+02   -9.31238e+01    4.19370e-06

           Step           Time
        2362000     4724.00000

   Energies (kJ/mol)
           Bond            U-B    Proper Dih.  Improper Dih.          LJ-14
    1.14366e+04    6.12302e+04    4.12563e+04    3.48744e+02    7.29032e+03
     Coulomb-14        LJ (SR)   Coulomb (SR)   Coul. recip. Position Rest.
    7.40995e+01    5.38273e+03   -5.62402e+05    2.05135e+03    2.56317e+02
     Dih. Rest.      Potential    Kinetic En.   Total Energy  Conserved En.
    3.86180e+02   -4.32690e+05    1.49557e+05   -2.83132e+05   -1.82341e+05
    Temperature Pressure (bar)   Constr. rmsd
    2.98070e+02   -1.43766e+02    4.19370e-06

           Step           Time
        2364000     4728.00000

   Energies (kJ/mol)
           Bond            U-B    Proper Dih.  Improper Dih.          LJ-14
    1.17948e+04    6.15407e+04    4.12358e+04    3.84798e+02    7.38543e+03
     Coulomb-14        LJ (SR)   Coulomb (SR)   Coul. recip. Position Rest.
   -3.76595e+02    7.32866e+03   -5.64061e+05    2.03359e+03    2.28752e+02
     Dih. Rest.      Potential    Kinetic En.   Total Energy  Conserved En.
    3.84726e+02   -4.32120e+05    1.50984e+05   -2.81136e+05   -1.82209e+05
    Temperature Pressure (bar)   Constr. rmsd
    3.00914e+02   -5.49650e+01    4.19370e-06

           Step           Time
        2366000     4732.00000

   Energies (kJ/mol)
           Bond            U-B    Proper Dih.  Improper Dih.          LJ-14
    1.13358e+04    6.11196e+04    4.12418e+04    3.55688e+02    7.42547e+03
     Coulomb-14        LJ (SR)   Coulomb (SR)   Coul. recip. Position Rest.
   -3.65219e+02    7.36875e+03   -5.64717e+05    2.00611e+03    2.74041e+02
     Dih. Rest.      Potential    Kinetic En.   Total Energy  Conserved En.
    4.02979e+02   -4.33552e+05    1.50390e+05   -2.83162e+05   -1.82151e+05
    Temperature Pressure (bar)   Constr. rmsd
    2.99729e+02   -3.42603e+00    4.19370e-06

           Step           Time
        2368000     4736.00000

   Energies (kJ/mol)
           Bond            U-B    Proper Dih.  Improper Dih.          LJ-14
    1.14174e+04    6.14512e+04    4.13439e+04    3.78325e+02    7.57261e+03
     Coulomb-14        LJ (SR)   Coulomb (SR)   Coul. recip. Position Rest.
    1.41050e+01    6.64810e+03   -5.63859e+05    2.09416e+03    3.27444e+02
     Dih. Rest.      Potential    Kinetic En.   Total Energy  Conserved En.
    4.47375e+02   -4.32164e+05    1.50693e+05   -2.81472e+05   -1.81978e+05
    Temperature Pressure (bar)   Constr. rmsd
    3.00333e+02   -2.03395e+01    4.19370e-06

           Step           Time
        2370000     4740.00000

   Energies (kJ/mol)
           Bond            U-B    Proper Dih.  Improper Dih.          LJ-14
    1.16428e+04    6.13420e+04    4.11937e+04    3.58024e+02    7.47094e+03
     Coulomb-14        LJ (SR)   Coulomb (SR)   Coul. recip. Position Rest.
    4.17727e+01    5.74966e+03   -5.62782e+05    2.08750e+03    3.00925e+02
     Dih. Rest.      Potential    Kinetic En.   Total Energy  Conserved En.
    4.10415e+02   -4.32184e+05    1.50698e+05   -2.81486e+05   -1.81836e+05
    Temperature Pressure (bar)   Constr. rmsd
    3.00343e+02   -6.93147e+01    4.19370e-06

           Step           Time
        2372000     4744.00000

   Energies (kJ/mol)
           Bond            U-B    Proper Dih.  Improper Dih.          LJ-14
    1.16439e+04    6.17032e+04    4.10598e+04    3.73762e+02    7.49995e+03
     Coulomb-14        LJ (SR)   Coulomb (SR)   Coul. recip. Position Rest.
    5.40268e+02    6.26094e+03   -5.63101e+05    2.05353e+03    2.71007e+02
     Dih. Rest.      Potential    Kinetic En.   Total Energy  Conserved En.
    3.77328e+02   -4.31317e+05    1.50386e+05   -2.80931e+05   -1.81675e+05
    Temperature Pressure (bar)   Constr. rmsd
    2.99721e+02   -5.03450e+01    4.19370e-06

           Step           Time
        2374000     4748.00000

   Energies (kJ/mol)
           Bond            U-B    Proper Dih.  Improper Dih.          LJ-14
    1.14933e+04    6.13852e+04    4.11132e+04    4.28474e+02    7.49252e+03
     Coulomb-14        LJ (SR)   Coulomb (SR)   Coul. recip. Position Rest.
    8.02197e+00    6.86731e+03   -5.64253e+05    2.04634e+03    2.87184e+02
     Dih. Rest.      Potential    Kinetic En.   Total Energy  Conserved En.
    3.69434e+02   -4.32762e+05    1.49537e+05   -2.83225e+05   -1.81540e+05
    Temperature Pressure (bar)   Constr. rmsd
    2.98029e+02    2.26763e+01    4.19370e-06

           Step           Time
        2376000     4752.00000

   Energies (kJ/mol)
           Bond            U-B    Proper Dih.  Improper Dih.          LJ-14
    1.16929e+04    6.09434e+04    4.14898e+04    4.08763e+02    7.51881e+03
     Coulomb-14        LJ (SR)   Coulomb (SR)   Coul. recip. Position Rest.
    1.69964e+02    5.54498e+03   -5.63119e+05    2.02003e+03    3.04104e+02
     Dih. Rest.      Potential    Kinetic En.   Total Energy  Conserved En.
    4.56345e+02   -4.32570e+05    1.50289e+05   -2.82281e+05   -1.81424e+05
    Temperature Pressure (bar)   Constr. rmsd
    2.99528e+02   -1.24393e+02    4.19370e-06

           Step           Time
        2378000     4756.00000

   Energies (kJ/mol)
           Bond            U-B    Proper Dih.  Improper Dih.          LJ-14
    1.17896e+04    6.09328e+04    4.11526e+04    3.58619e+02    7.51085e+03
     Coulomb-14        LJ (SR)   Coulomb (SR)   Coul. recip. Position Rest.
   -1.17320e+02    6.30239e+03   -5.63215e+05    2.00398e+03    3.23162e+02
     Dih. Rest.      Potential    Kinetic En.   Total Energy  Conserved En.
    4.64609e+02   -4.32494e+05    1.50576e+05   -2.81918e+05   -1.81329e+05
    Temperature Pressure (bar)   Constr. rmsd
    3.00100e+02   -2.25760e+01    4.19370e-06

           Step           Time
        2380000     4760.00000

   Energies (kJ/mol)
           Bond            U-B    Proper Dih.  Improper Dih.          LJ-14
    1.16414e+04    6.11267e+04    4.15923e+04    3.98969e+02    7.68488e+03
     Coulomb-14        LJ (SR)   Coulomb (SR)   Coul. recip. Position Rest.
   -1.85100e+02    7.06610e+03   -5.63670e+05    2.06000e+03    2.87156e+02
     Dih. Rest.      Potential    Kinetic En.   Total Energy  Conserved En.
    4.12468e+02   -4.31585e+05    1.51653e+05   -2.79932e+05   -1.81256e+05
    Temperature Pressure (bar)   Constr. rmsd
    3.02246e+02    5.42860e+01    4.19370e-06

           Step           Time
        2382000     4764.00000

   Energies (kJ/mol)
           Bond            U-B    Proper Dih.  Improper Dih.          LJ-14
    1.12774e+04    6.17760e+04    4.12895e+04    4.17881e+02    7.57982e+03
     Coulomb-14        LJ (SR)   Coulomb (SR)   Coul. recip. Position Rest.
   -8.79459e+01    5.89506e+03   -5.62165e+05    2.02281e+03    2.94824e+02
     Dih. Rest.      Potential    Kinetic En.   Total Energy  Conserved En.
    4.68058e+02   -4.31231e+05    1.50541e+05   -2.80690e+05   -1.81052e+05
    Temperature Pressure (bar)   Constr. rmsd
    3.00030e+02   -7.66166e+01    4.19370e-06

           Step           Time
        2384000     4768.00000

   Energies (kJ/mol)
           Bond            U-B    Proper Dih.  Improper Dih.          LJ-14
    1.13939e+04    6.17043e+04    4.11944e+04    4.08206e+02    7.23872e+03
     Coulomb-14        LJ (SR)   Coulomb (SR)   Coul. recip. Position Rest.
   -5.22414e+02    6.78336e+03   -5.64064e+05    2.04723e+03    2.91908e+02
     Dih. Rest.      Potential    Kinetic En.   Total Energy  Conserved En.
    4.18002e+02   -4.33106e+05    1.50719e+05   -2.82387e+05   -1.80918e+05
    Temperature Pressure (bar)   Constr. rmsd
    3.00385e+02   -4.54206e+01    4.19370e-06

           Step           Time
        2386000     4772.00000

   Energies (kJ/mol)
           Bond            U-B    Proper Dih.  Improper Dih.          LJ-14
    1.15073e+04    6.12317e+04    4.13669e+04    3.20497e+02    7.52917e+03
     Coulomb-14        LJ (SR)   Coulomb (SR)   Coul. recip. Position Rest.
   -6.11843e+02    7.25945e+03   -5.64191e+05    2.07510e+03    2.78672e+02
     Dih. Rest.      Potential    Kinetic En.   Total Energy  Conserved En.
    4.66314e+02   -4.32768e+05    1.51215e+05   -2.81553e+05   -1.80798e+05
    Temperature Pressure (bar)   Constr. rmsd
    3.01373e+02   -7.03580e+01    4.19370e-06

           Step           Time
        2388000     4776.00000

   Energies (kJ/mol)
           Bond            U-B    Proper Dih.  Improper Dih.          LJ-14
    1.14799e+04    6.13445e+04    4.12976e+04    3.73615e+02    7.53089e+03
     Coulomb-14        LJ (SR)   Coulomb (SR)   Coul. recip. Position Rest.
   -2.99851e+02    5.63585e+03   -5.63017e+05    2.04537e+03    3.05986e+02
     Dih. Rest.      Potential    Kinetic En.   Total Energy  Conserved En.
    4.39436e+02   -4.32864e+05    1.51324e+05   -2.81540e+05   -1.80701e+05
    Temperature Pressure (bar)   Constr. rmsd
    3.01590e+02   -7.95153e+01    4.19370e-06

           Step           Time
        2390000     4780.00000

   Energies (kJ/mol)
           Bond            U-B    Proper Dih.  Improper Dih.          LJ-14
    1.15594e+04    6.12482e+04    4.13552e+04    3.80353e+02    7.53811e+03
     Coulomb-14        LJ (SR)   Coulomb (SR)   Coul. recip. Position Rest.
   -6.67657e+01    5.81471e+03   -5.63375e+05    2.04701e+03    2.98841e+02
     Dih. Rest.      Potential    Kinetic En.   Total Energy  Conserved En.
    4.06726e+02   -4.32793e+05    1.51134e+05   -2.81659e+05   -1.80550e+05
    Temperature Pressure (bar)   Constr. rmsd
    3.01212e+02   -1.05678e+02    4.19370e-06

           Step           Time
        2392000     4784.00000

   Energies (kJ/mol)
           Bond            U-B    Proper Dih.  Improper Dih.          LJ-14
    1.17302e+04    6.14706e+04    4.11830e+04    4.04414e+02    7.45488e+03
     Coulomb-14        LJ (SR)   Coulomb (SR)   Coul. recip. Position Rest.
   -1.02986e+02    6.25350e+03   -5.62738e+05    2.04484e+03    2.66268e+02
     Dih. Rest.      Potential    Kinetic En.   Total Energy  Conserved En.
    4.33788e+02   -4.31599e+05    1.51398e+05   -2.80201e+05   -1.80424e+05
    Temperature Pressure (bar)   Constr. rmsd
    3.01739e+02   -1.30730e+02    4.19370e-06

           Step           Time
        2394000     4788.00000

   Energies (kJ/mol)
           Bond            U-B    Proper Dih.  Improper Dih.          LJ-14
    1.15143e+04    6.13612e+04    4.10392e+04    4.23623e+02    7.60104e+03
     Coulomb-14        LJ (SR)   Coulomb (SR)   Coul. recip. Position Rest.
    1.26664e+02    5.39493e+03   -5.61939e+05    2.11228e+03    2.59491e+02
     Dih. Rest.      Potential    Kinetic En.   Total Energy  Conserved En.
    3.64819e+02   -4.31741e+05    1.50055e+05   -2.81686e+05   -1.80284e+05
    Temperature Pressure (bar)   Constr. rmsd
    2.99061e+02   -7.68261e+01    4.19370e-06

           Step           Time
        2396000     4792.00000

   Energies (kJ/mol)
           Bond            U-B    Proper Dih.  Improper Dih.          LJ-14
    1.13034e+04    6.20036e+04    4.09975e+04    3.95958e+02    7.38672e+03
     Coulomb-14        LJ (SR)   Coulomb (SR)   Coul. recip. Position Rest.
   -3.33422e+02    6.62200e+03   -5.63672e+05    2.07673e+03    2.55771e+02
     Dih. Rest.      Potential    Kinetic En.   Total Energy  Conserved En.
    4.13681e+02   -4.32550e+05    1.50475e+05   -2.82075e+05   -1.80141e+05
    Temperature Pressure (bar)   Constr. rmsd
    2.99899e+02   -4.09942e+01    4.19370e-06

           Step           Time
        2398000     4796.00000

   Energies (kJ/mol)
           Bond            U-B    Proper Dih.  Improper Dih.          LJ-14
    1.14944e+04    6.04783e+04    4.09889e+04    4.00697e+02    7.66050e+03
     Coulomb-14        LJ (SR)   Coulomb (SR)   Coul. recip. Position Rest.
    9.48943e+01    6.57898e+03   -5.63295e+05    2.05115e+03    2.90703e+02
     Dih. Rest.      Potential    Kinetic En.   Total Energy  Conserved En.
    3.90040e+02   -4.32866e+05    1.49963e+05   -2.82903e+05   -1.80102e+05
    Temperature Pressure (bar)   Constr. rmsd
    2.98879e+02    3.90807e+00    4.19370e-06

           Step           Time
        2400000     4800.00000

   Energies (kJ/mol)
           Bond            U-B    Proper Dih.  Improper Dih.          LJ-14
    1.13377e+04    6.11772e+04    4.09628e+04    3.74708e+02    7.50953e+03
     Coulomb-14        LJ (SR)   Coulomb (SR)   Coul. recip. Position Rest.
   -7.94189e+00    5.88683e+03   -5.63642e+05    2.03812e+03    2.90436e+02
     Dih. Rest.      Potential    Kinetic En.   Total Energy  Conserved En.
    4.19669e+02   -4.33653e+05    1.52581e+05   -2.81072e+05   -1.79955e+05
    Temperature Pressure (bar)   Constr. rmsd
    3.04096e+02   -2.41198e+01    4.19370e-06

           Step           Time
        2402000     4804.00000

   Energies (kJ/mol)
           Bond            U-B    Proper Dih.  Improper Dih.          LJ-14
    1.13322e+04    6.11110e+04    4.13518e+04    3.54721e+02    7.51756e+03
     Coulomb-14        LJ (SR)   Coulomb (SR)   Coul. recip. Position Rest.
    2.52403e+02    7.72770e+03   -5.65305e+05    2.05952e+03    2.82418e+02
     Dih. Rest.      Potential    Kinetic En.   Total Energy  Conserved En.
    4.15418e+02   -4.32900e+05    1.50702e+05   -2.82198e+05   -1.79825e+05
    Temperature Pressure (bar)   Constr. rmsd
    3.00351e+02   -2.32706e+01    4.19370e-06

           Step           Time
        2404000     4808.00000

   Energies (kJ/mol)
           Bond            U-B    Proper Dih.  Improper Dih.          LJ-14
    1.17891e+04    6.08154e+04    4.10231e+04    3.72450e+02    7.59943e+03
     Coulomb-14        LJ (SR)   Coulomb (SR)   Coul. recip. Position Rest.
    7.03580e+02    6.55444e+03   -5.62410e+05    2.03390e+03    2.83549e+02
     Dih. Rest.      Potential    Kinetic En.   Total Energy  Conserved En.
    3.96729e+02   -4.30838e+05    1.50626e+05   -2.80212e+05   -1.79668e+05
    Temperature Pressure (bar)   Constr. rmsd
    3.00199e+02   -6.12239e+01    4.19370e-06

           Step           Time
        2406000     4812.00000

   Energies (kJ/mol)
           Bond            U-B    Proper Dih.  Improper Dih.          LJ-14
    1.13923e+04    6.14583e+04    4.08506e+04    3.84889e+02    7.38377e+03
     Coulomb-14        LJ (SR)   Coulomb (SR)   Coul. recip. Position Rest.
    7.69175e+02    5.28127e+03   -5.62392e+05    2.13680e+03    2.52686e+02
     Dih. Rest.      Potential    Kinetic En.   Total Energy  Conserved En.
    4.18752e+02   -4.32063e+05    1.50174e+05   -2.81889e+05   -1.79529e+05
    Temperature Pressure (bar)   Constr. rmsd
    2.99298e+02   -3.86233e+01    4.19370e-06

           Step           Time
        2408000     4816.00000

   Energies (kJ/mol)
           Bond            U-B    Proper Dih.  Improper Dih.          LJ-14
    1.15073e+04    6.15819e+04    4.09800e+04    3.38977e+02    7.50026e+03
     Coulomb-14        LJ (SR)   Coulomb (SR)   Coul. recip. Position Rest.
    7.87160e+02    6.10694e+03   -5.62210e+05    2.06413e+03    2.29448e+02
     Dih. Rest.      Potential    Kinetic En.   Total Energy  Conserved En.
    4.09827e+02   -4.30705e+05    1.50664e+05   -2.80041e+05   -1.79423e+05
    Temperature Pressure (bar)   Constr. rmsd
    3.00274e+02   -3.52440e+01    4.19370e-06

           Step           Time
        2410000     4820.00000

   Energies (kJ/mol)
           Bond            U-B    Proper Dih.  Improper Dih.          LJ-14
    1.17634e+04    6.10202e+04    4.12588e+04    3.93677e+02    7.66401e+03
     Coulomb-14        LJ (SR)   Coulomb (SR)   Coul. recip. Position Rest.
    7.63138e+02    7.34964e+03   -5.65551e+05    2.04233e+03    2.63479e+02
     Dih. Rest.      Potential    Kinetic En.   Total Energy  Conserved En.
    4.60792e+02   -4.32571e+05    1.51659e+05   -2.80912e+05   -1.79297e+05
    Temperature Pressure (bar)   Constr. rmsd
    3.02258e+02    3.58992e+01    4.19370e-06

           Step           Time
        2412000     4824.00000

   Energies (kJ/mol)
           Bond            U-B    Proper Dih.  Improper Dih.          LJ-14
    1.12607e+04    6.20947e+04    4.11475e+04    3.41745e+02    7.50451e+03
     Coulomb-14        LJ (SR)   Coulomb (SR)   Coul. recip. Position Rest.
    5.95229e+02    6.38716e+03   -5.63336e+05    2.02947e+03    2.90406e+02
     Dih. Rest.      Potential    Kinetic En.   Total Energy  Conserved En.
    4.44292e+02   -4.31240e+05    1.50789e+05   -2.80452e+05   -1.79157e+05
    Temperature Pressure (bar)   Constr. rmsd
    3.00524e+02   -4.37097e+01    4.19370e-06

           Step           Time
        2414000     4828.00000

   Energies (kJ/mol)
           Bond            U-B    Proper Dih.  Improper Dih.          LJ-14
    1.18760e+04    6.11914e+04    4.10832e+04    3.93773e+02    7.31693e+03
     Coulomb-14        LJ (SR)   Coulomb (SR)   Coul. recip. Position Rest.
    3.37750e+02    6.53306e+03   -5.62504e+05    2.02816e+03    2.80692e+02
     Dih. Rest.      Potential    Kinetic En.   Total Energy  Conserved En.
    4.16482e+02   -4.31047e+05    1.50609e+05   -2.80438e+05   -1.79008e+05
    Temperature Pressure (bar)   Constr. rmsd
    3.00165e+02   -8.57402e+01    4.19370e-06

           Step           Time
        2416000     4832.00000

   Energies (kJ/mol)
           Bond            U-B    Proper Dih.  Improper Dih.          LJ-14
    1.14936e+04    6.13919e+04    4.11127e+04    3.76721e+02    7.43663e+03
     Coulomb-14        LJ (SR)   Coulomb (SR)   Coul. recip. Position Rest.
    9.02903e+01    5.59131e+03   -5.63304e+05    2.02503e+03    3.27301e+02
     Dih. Rest.      Potential    Kinetic En.   Total Energy  Conserved En.
    4.45194e+02   -4.33013e+05    1.50858e+05   -2.82155e+05   -1.78903e+05
    Temperature Pressure (bar)   Constr. rmsd
    3.00663e+02   -7.19003e+01    4.19370e-06

           Step           Time
        2418000     4836.00000

   Energies (kJ/mol)
           Bond            U-B    Proper Dih.  Improper Dih.          LJ-14
    1.15471e+04    6.07188e+04    4.12064e+04    3.41564e+02    7.47006e+03
     Coulomb-14        LJ (SR)   Coulomb (SR)   Coul. recip. Position Rest.
    3.44091e+02    5.65182e+03   -5.63238e+05    2.02359e+03    2.69278e+02
     Dih. Rest.      Potential    Kinetic En.   Total Energy  Conserved En.
    4.52515e+02   -4.33212e+05    1.50448e+05   -2.82764e+05   -1.78805e+05
    Temperature Pressure (bar)   Constr. rmsd
    2.99846e+02   -8.12536e+01    4.19370e-06

           Step           Time
        2420000     4840.00000

   Energies (kJ/mol)
           Bond            U-B    Proper Dih.  Improper Dih.          LJ-14
    1.14040e+04    6.16569e+04    4.08843e+04    4.04227e+02    7.31679e+03
     Coulomb-14        LJ (SR)   Coulomb (SR)   Coul. recip. Position Rest.
   -7.57990e+01    6.06982e+03   -5.62872e+05    2.03056e+03    2.78302e+02
     Dih. Rest.      Potential    Kinetic En.   Total Energy  Conserved En.
    3.69742e+02   -4.32533e+05    1.51003e+05   -2.81530e+05   -1.78635e+05
    Temperature Pressure (bar)   Constr. rmsd
    3.00951e+02   -4.15777e+01    4.19370e-06

           Step           Time
        2422000     4844.00000

   Energies (kJ/mol)
           Bond            U-B    Proper Dih.  Improper Dih.          LJ-14
    1.16206e+04    6.14431e+04    4.09333e+04    3.66315e+02    7.55030e+03
     Coulomb-14        LJ (SR)   Coulomb (SR)   Coul. recip. Position Rest.
    4.18778e+02    6.08046e+03   -5.63641e+05    2.04222e+03    2.56249e+02
     Dih. Rest.      Potential    Kinetic En.   Total Energy  Conserved En.
    4.22704e+02   -4.32507e+05    1.51435e+05   -2.81072e+05   -1.78534e+05
    Temperature Pressure (bar)   Constr. rmsd
    3.01812e+02   -8.44078e+01    4.19370e-06

           Step           Time
        2424000     4848.00000

   Energies (kJ/mol)
           Bond            U-B    Proper Dih.  Improper Dih.          LJ-14
    1.16583e+04    6.09508e+04    4.11443e+04    3.79587e+02    7.41741e+03
     Coulomb-14        LJ (SR)   Coulomb (SR)   Coul. recip. Position Rest.
    3.43472e+02    6.67542e+03   -5.64474e+05    2.10596e+03    3.01381e+02
     Dih. Rest.      Potential    Kinetic En.   Total Energy  Conserved En.
    4.14226e+02   -4.33083e+05    1.51435e+05   -2.81648e+05   -1.78441e+05
    Temperature Pressure (bar)   Constr. rmsd
    3.01812e+02   -6.88259e+01    4.19370e-06

           Step           Time
        2426000     4852.00000

   Energies (kJ/mol)
           Bond            U-B    Proper Dih.  Improper Dih.          LJ-14
    1.13130e+04    6.07589e+04    4.10160e+04    4.03356e+02    7.47194e+03
     Coulomb-14        LJ (SR)   Coulomb (SR)   Coul. recip. Position Rest.
    7.08028e+02    6.07798e+03   -5.62833e+05    2.10085e+03    2.78777e+02
     Dih. Rest.      Potential    Kinetic En.   Total Energy  Conserved En.
    4.04115e+02   -4.32300e+05    1.51104e+05   -2.81196e+05   -1.78328e+05
    Temperature Pressure (bar)   Constr. rmsd
    3.01153e+02   -3.79687e+01    4.19370e-06

           Step           Time
        2428000     4856.00000

   Energies (kJ/mol)
           Bond            U-B    Proper Dih.  Improper Dih.          LJ-14
    1.13081e+04    6.14897e+04    4.10768e+04    3.54311e+02    7.66004e+03
     Coulomb-14        LJ (SR)   Coulomb (SR)   Coul. recip. Position Rest.
    6.46954e+02    6.61148e+03   -5.64090e+05    2.06544e+03    2.91676e+02
     Dih. Rest.      Potential    Kinetic En.   Total Energy  Conserved En.
    3.83106e+02   -4.32202e+05    1.49558e+05   -2.82645e+05   -1.78150e+05
    Temperature Pressure (bar)   Constr. rmsd
    2.98070e+02   -2.42613e+01    4.19370e-06

           Step           Time
        2430000     4860.00000

   Energies (kJ/mol)
           Bond            U-B    Proper Dih.  Improper Dih.          LJ-14
    1.14847e+04    6.09687e+04    4.09723e+04    3.33547e+02    7.42419e+03
     Coulomb-14        LJ (SR)   Coulomb (SR)   Coul. recip. Position Rest.
    7.70407e+02    7.27105e+03   -5.64737e+05    1.99033e+03    2.56274e+02
     Dih. Rest.      Potential    Kinetic En.   Total Energy  Conserved En.
    4.09206e+02   -4.32856e+05    1.50721e+05   -2.82135e+05   -1.78092e+05
    Temperature Pressure (bar)   Constr. rmsd
    3.00389e+02   -5.18251e+01    4.19370e-06

           Step           Time
        2432000     4864.00000

   Energies (kJ/mol)
           Bond            U-B    Proper Dih.  Improper Dih.          LJ-14
    1.13206e+04    6.14090e+04    4.13571e+04    3.99622e+02    7.71918e+03
     Coulomb-14        LJ (SR)   Coulomb (SR)   Coul. recip. Position Rest.
    7.36220e+02    6.76009e+03   -5.64164e+05    2.04308e+03    3.08375e+02
     Dih. Rest.      Potential    Kinetic En.   Total Energy  Conserved En.
    4.13052e+02   -4.31697e+05    1.50747e+05   -2.80950e+05   -1.77929e+05
    Temperature Pressure (bar)   Constr. rmsd
    3.00441e+02   -9.31386e+00    4.19370e-06

           Step           Time
        2434000     4868.00000

   Energies (kJ/mol)
           Bond            U-B    Proper Dih.  Improper Dih.          LJ-14
    1.17090e+04    6.13579e+04    4.08536e+04    3.68110e+02    7.44751e+03
     Coulomb-14        LJ (SR)   Coulomb (SR)   Coul. recip. Position Rest.
    4.28972e+02    6.36601e+03   -5.64089e+05    2.08492e+03    2.89686e+02
     Dih. Rest.      Potential    Kinetic En.   Total Energy  Conserved En.
    4.28111e+02   -4.32755e+05    1.50918e+05   -2.81837e+05   -1.77783e+05
    Temperature Pressure (bar)   Constr. rmsd
    3.00781e+02   -8.20695e+01    4.19370e-06

           Step           Time
        2436000     4872.00000

   Energies (kJ/mol)
           Bond            U-B    Proper Dih.  Improper Dih.          LJ-14
    1.15612e+04    6.12027e+04    4.12643e+04    3.47838e+02    7.44104e+03
     Coulomb-14        LJ (SR)   Coulomb (SR)   Coul. recip. Position Rest.
    7.67749e+02    6.96560e+03   -5.64336e+05    2.01871e+03    3.03400e+02
     Dih. Rest.      Potential    Kinetic En.   Total Energy  Conserved En.
    4.43658e+02   -4.32019e+05    1.50049e+05   -2.81971e+05   -1.77626e+05
    Temperature Pressure (bar)   Constr. rmsd
    2.99049e+02   -7.31037e+01    4.19370e-06

           Step           Time
        2438000     4876.00000

   Energies (kJ/mol)
           Bond            U-B    Proper Dih.  Improper Dih.          LJ-14
    1.14444e+04    6.13933e+04    4.12204e+04    3.63194e+02    7.47219e+03
     Coulomb-14        LJ (SR)   Coulomb (SR)   Coul. recip. Position Rest.
    8.31129e+02    6.47251e+03   -5.65748e+05    2.03856e+03    2.70526e+02
     Dih. Rest.      Potential    Kinetic En.   Total Energy  Conserved En.
    3.84130e+02   -4.33857e+05    1.50455e+05   -2.83402e+05   -1.77528e+05
    Temperature Pressure (bar)   Constr. rmsd
    2.99860e+02   -2.80970e+01    4.19370e-06

           Step           Time
        2440000     4880.00000

   Energies (kJ/mol)
           Bond            U-B    Proper Dih.  Improper Dih.          LJ-14
    1.15871e+04    6.12987e+04    4.12194e+04    3.29097e+02    7.54025e+03
     Coulomb-14        LJ (SR)   Coulomb (SR)   Coul. recip. Position Rest.
    9.48803e+02    6.28478e+03   -5.63572e+05    2.00515e+03    2.63090e+02
     Dih. Rest.      Potential    Kinetic En.   Total Energy  Conserved En.
    4.62578e+02   -4.31633e+05    1.51766e+05   -2.79868e+05   -1.77440e+05
    Temperature Pressure (bar)   Constr. rmsd
    3.02471e+02   -8.81650e+01    4.19370e-06

           Step           Time
        2442000     4884.00000

   Energies (kJ/mol)
           Bond            U-B    Proper Dih.  Improper Dih.          LJ-14
    1.14172e+04    6.14401e+04    4.09322e+04    3.40232e+02    7.40456e+03
     Coulomb-14        LJ (SR)   Coulomb (SR)   Coul. recip. Position Rest.
    8.01497e+02    5.76776e+03   -5.63398e+05    2.01619e+03    2.99213e+02
     Dih. Rest.      Potential    Kinetic En.   Total Energy  Conserved En.
    3.97892e+02   -4.32581e+05    1.49404e+05   -2.83177e+05   -1.77289e+05
    Temperature Pressure (bar)   Constr. rmsd
    2.97765e+02   -1.63841e+02    4.19370e-06

           Step           Time
        2444000     4888.00000

   Energies (kJ/mol)
           Bond            U-B    Proper Dih.  Improper Dih.          LJ-14
    1.13827e+04    6.21717e+04    4.08606e+04    3.52360e+02    7.47680e+03
     Coulomb-14        LJ (SR)   Coulomb (SR)   Coul. recip. Position Rest.
    6.25900e+02    5.59635e+03   -5.63517e+05    2.01076e+03    2.63812e+02
     Dih. Rest.      Potential    Kinetic En.   Total Energy  Conserved En.
    4.24338e+02   -4.32352e+05    1.51773e+05   -2.80579e+05   -1.77183e+05
    Temperature Pressure (bar)   Constr. rmsd
    3.02485e+02   -3.70877e+00    4.19370e-06

           Step           Time
        2446000     4892.00000

   Energies (kJ/mol)
           Bond            U-B    Proper Dih.  Improper Dih.          LJ-14
    1.14297e+04    6.14062e+04    4.11120e+04    3.84031e+02    7.41096e+03
     Coulomb-14        LJ (SR)   Coulomb (SR)   Coul. recip. Position Rest.
    4.16024e+02    7.32116e+03   -5.65249e+05    2.01325e+03    2.44423e+02
     Dih. Rest.      Potential    Kinetic En.   Total Energy  Conserved En.
    4.50770e+02   -4.33061e+05    1.50342e+05   -2.82719e+05   -1.77043e+05
    Temperature Pressure (bar)   Constr. rmsd
    2.99633e+02    3.56206e+01    4.19370e-06

           Step           Time
        2448000     4896.00000

   Energies (kJ/mol)
           Bond            U-B    Proper Dih.  Improper Dih.          LJ-14
    1.16186e+04    6.13925e+04    4.14205e+04    3.66472e+02    7.35381e+03
     Coulomb-14        LJ (SR)   Coulomb (SR)   Coul. recip. Position Rest.
    7.07862e+02    6.18397e+03   -5.63832e+05    2.00226e+03    2.66159e+02
     Dih. Rest.      Potential    Kinetic En.   Total Energy  Conserved En.
    4.12771e+02   -4.32107e+05    1.49906e+05   -2.82202e+05   -1.76933e+05
    Temperature Pressure (bar)   Constr. rmsd
    2.98764e+02   -1.53556e+02    4.19370e-06

           Step           Time
        2450000     4900.00000

   Energies (kJ/mol)
           Bond            U-B    Proper Dih.  Improper Dih.          LJ-14
    1.16191e+04    6.18577e+04    4.10041e+04    3.77651e+02    7.48673e+03
     Coulomb-14        LJ (SR)   Coulomb (SR)   Coul. recip. Position Rest.
    8.59586e+02    6.04982e+03   -5.65053e+05    2.00618e+03    2.69888e+02
     Dih. Rest.      Potential    Kinetic En.   Total Energy  Conserved En.
    4.75452e+02   -4.33047e+05    1.50485e+05   -2.82562e+05   -1.76731e+05
    Temperature Pressure (bar)   Constr. rmsd
    2.99919e+02   -2.87653e+01    4.19370e-06

           Step           Time
        2452000     4904.00000

   Energies (kJ/mol)
           Bond            U-B    Proper Dih.  Improper Dih.          LJ-14
    1.15899e+04    6.12495e+04    4.11610e+04    4.31759e+02    7.54947e+03
     Coulomb-14        LJ (SR)   Coulomb (SR)   Coul. recip. Position Rest.
    5.44630e+02    6.70432e+03   -5.64434e+05    2.08120e+03    3.11435e+02
     Dih. Rest.      Potential    Kinetic En.   Total Energy  Conserved En.
    3.50794e+02   -4.32459e+05    1.50469e+05   -2.81990e+05   -1.76706e+05
    Temperature Pressure (bar)   Constr. rmsd
    2.99887e+02   -3.98238e+01    4.19370e-06

           Step           Time
        2454000     4908.00000

   Energies (kJ/mol)
           Bond            U-B    Proper Dih.  Improper Dih.          LJ-14
    1.17700e+04    6.10078e+04    4.12176e+04    4.14835e+02    7.50624e+03
     Coulomb-14        LJ (SR)   Coulomb (SR)   Coul. recip. Position Rest.
    3.80175e+02    6.34382e+03   -5.63516e+05    2.06032e+03    2.79923e+02
     Dih. Rest.      Potential    Kinetic En.   Total Energy  Conserved En.
    4.22745e+02   -4.32113e+05    1.50828e+05   -2.81284e+05   -1.76569e+05
    Temperature Pressure (bar)   Constr. rmsd
    3.00603e+02   -8.60144e+01    4.19370e-06

           Step           Time
        2456000     4912.00000

   Energies (kJ/mol)
           Bond            U-B    Proper Dih.  Improper Dih.          LJ-14
    1.17783e+04    6.07366e+04    4.08779e+04    3.89228e+02    7.37722e+03
     Coulomb-14        LJ (SR)   Coulomb (SR)   Coul. recip. Position Rest.
    6.43824e+02    6.32950e+03   -5.65139e+05    2.01044e+03    2.52968e+02
     Dih. Rest.      Potential    Kinetic En.   Total Energy  Conserved En.
    3.66985e+02   -4.34376e+05    1.50693e+05   -2.83683e+05   -1.76503e+05
    Temperature Pressure (bar)   Constr. rmsd
    3.00332e+02   -1.29213e+02    4.19370e-06

           Step           Time
        2458000     4916.00000

   Energies (kJ/mol)
           Bond            U-B    Proper Dih.  Improper Dih.          LJ-14
    1.13924e+04    6.18119e+04    4.12221e+04    4.11736e+02    7.43509e+03
     Coulomb-14        LJ (SR)   Coulomb (SR)   Coul. recip. Position Rest.
    2.04203e+02    6.21175e+03   -5.63219e+05    2.02468e+03    2.68773e+02
     Dih. Rest.      Potential    Kinetic En.   Total Energy  Conserved En.
    4.30561e+02   -4.31806e+05    1.49531e+05   -2.82275e+05   -1.76310e+05
    Temperature Pressure (bar)   Constr. rmsd
    2.98017e+02   -7.16243e+01    4.19370e-06

           Step           Time
        2460000     4920.00000

   Energies (kJ/mol)
           Bond            U-B    Proper Dih.  Improper Dih.          LJ-14
    1.15777e+04    6.15399e+04    4.13096e+04    3.58657e+02    7.52228e+03
     Coulomb-14        LJ (SR)   Coulomb (SR)   Coul. recip. Position Rest.
    3.26041e+02    5.74116e+03   -5.63667e+05    2.01040e+03    2.84660e+02
     Dih. Rest.      Potential    Kinetic En.   Total Energy  Conserved En.
    3.96747e+02   -4.32600e+05    1.50303e+05   -2.82297e+05   -1.76163e+05
    Temperature Pressure (bar)   Constr. rmsd
    2.99556e+02   -7.48129e+01    4.19370e-06

           Step           Time
        2462000     4924.00000

   Energies (kJ/mol)
           Bond            U-B    Proper Dih.  Improper Dih.          LJ-14
    1.13940e+04    6.17679e+04    4.10786e+04    3.53076e+02    7.40664e+03
     Coulomb-14        LJ (SR)   Coulomb (SR)   Coul. recip. Position Rest.
    3.19307e+02    6.24520e+03   -5.62148e+05    2.09696e+03    2.59455e+02
     Dih. Rest.      Potential    Kinetic En.   Total Energy  Conserved En.
    3.93433e+02   -4.30833e+05    1.50180e+05   -2.80653e+05   -1.76086e+05
    Temperature Pressure (bar)   Constr. rmsd
    2.99310e+02   -5.61179e+01    4.19370e-06

           Step           Time
        2464000     4928.00000

   Energies (kJ/mol)
           Bond            U-B    Proper Dih.  Improper Dih.          LJ-14
    1.18251e+04    6.12087e+04    4.11043e+04    3.76493e+02    7.58491e+03
     Coulomb-14        LJ (SR)   Coulomb (SR)   Coul. recip. Position Rest.
    2.06951e+02    5.71590e+03   -5.62585e+05    1.98102e+03    2.80317e+02
     Dih. Rest.      Potential    Kinetic En.   Total Energy  Conserved En.
    4.29538e+02   -4.31872e+05    1.51831e+05   -2.80041e+05   -1.75927e+05
    Temperature Pressure (bar)   Constr. rmsd
    3.02600e+02   -4.62015e+01    4.19370e-06

           Step           Time
        2466000     4932.00000

   Energies (kJ/mol)
           Bond            U-B    Proper Dih.  Improper Dih.          LJ-14
    1.16026e+04    6.13391e+04    4.14823e+04    3.90313e+02    7.61754e+03
     Coulomb-14        LJ (SR)   Coulomb (SR)   Coul. recip. Position Rest.
    1.60169e+02    6.41081e+03   -5.62744e+05    2.09352e+03    2.52244e+02
     Dih. Rest.      Potential    Kinetic En.   Total Energy  Conserved En.
    4.66193e+02   -4.30930e+05    1.52215e+05   -2.78714e+05   -1.75835e+05
    Temperature Pressure (bar)   Constr. rmsd
    3.03367e+02   -2.14116e+01    4.19370e-06

           Step           Time
        2468000     4936.00000

   Energies (kJ/mol)
           Bond            U-B    Proper Dih.  Improper Dih.          LJ-14
    1.13652e+04    6.12588e+04    4.11091e+04    3.81749e+02    7.50643e+03
     Coulomb-14        LJ (SR)   Coulomb (SR)   Coul. recip. Position Rest.
   -3.38205e+02    6.17755e+03   -5.61950e+05    2.03122e+03    2.96133e+02
     Dih. Rest.      Potential    Kinetic En.   Total Energy  Conserved En.
    4.08301e+02   -4.31754e+05    1.51357e+05   -2.80397e+05   -1.75680e+05
    Temperature Pressure (bar)   Constr. rmsd
    3.01657e+02   -8.50423e-03    4.19370e-06

           Step           Time
        2470000     4940.00000

   Energies (kJ/mol)
           Bond            U-B    Proper Dih.  Improper Dih.          LJ-14
    1.13178e+04    6.11049e+04    4.11719e+04    4.11805e+02    7.38154e+03
     Coulomb-14        LJ (SR)   Coulomb (SR)   Coul. recip. Position Rest.
   -1.75432e+02    6.32280e+03   -5.62372e+05    2.02648e+03    2.66034e+02
     Dih. Rest.      Potential    Kinetic En.   Total Energy  Conserved En.
    4.21712e+02   -4.32123e+05    1.50494e+05   -2.81628e+05   -1.75590e+05
    Temperature Pressure (bar)   Constr. rmsd
    2.99937e+02   -9.63266e+01    4.19370e-06

           Step           Time
        2472000     4944.00000

   Energies (kJ/mol)
           Bond            U-B    Proper Dih.  Improper Dih.          LJ-14
    1.13141e+04    6.11047e+04    4.12586e+04    3.37562e+02    7.58376e+03
     Coulomb-14        LJ (SR)   Coulomb (SR)   Coul. recip. Position Rest.
    1.63635e+02    6.37199e+03   -5.62552e+05    1.96938e+03    2.70718e+02
     Dih. Rest.      Potential    Kinetic En.   Total Energy  Conserved En.
    4.16188e+02   -4.31761e+05    1.51155e+05   -2.80607e+05   -1.75442e+05
    Temperature Pressure (bar)   Constr. rmsd
    3.01253e+02   -3.69120e+01    4.19370e-06

           Step           Time
        2474000     4948.00000

   Energies (kJ/mol)
           Bond            U-B    Proper Dih.  Improper Dih.          LJ-14
    1.13971e+04    6.07911e+04    4.11086e+04    3.83619e+02    7.60024e+03
     Coulomb-14        LJ (SR)   Coulomb (SR)   Coul. recip. Position Rest.
    8.20581e+02    7.60099e+03   -5.64466e+05    2.05120e+03    2.60044e+02
     Dih. Rest.      Potential    Kinetic En.   Total Energy  Conserved En.
    4.09448e+02   -4.32043e+05    1.51215e+05   -2.80828e+05   -1.75401e+05
    Temperature Pressure (bar)   Constr. rmsd
    3.01373e+02   -1.95385e+00    4.19370e-06

           Step           Time
        2476000     4952.00000

   Energies (kJ/mol)
           Bond            U-B    Proper Dih.  Improper Dih.          LJ-14
    1.14246e+04    6.11585e+04    4.11569e+04    3.86752e+02    7.44074e+03
     Coulomb-14        LJ (SR)   Coulomb (SR)   Coul. recip. Position Rest.
    5.45071e+02    6.07495e+03   -5.63624e+05    2.09037e+03    2.56412e+02
     Dih. Rest.      Potential    Kinetic En.   Total Energy  Conserved En.
    4.22498e+02   -4.32667e+05    1.51696e+05   -2.80972e+05   -1.75229e+05
    Temperature Pressure (bar)   Constr. rmsd
    3.02331e+02   -7.98428e+01    4.19370e-06

           Step           Time
        2478000     4956.00000

   Energies (kJ/mol)
           Bond            U-B    Proper Dih.  Improper Dih.          LJ-14
    1.16914e+04    6.16728e+04    4.11317e+04    4.25478e+02    7.53661e+03
     Coulomb-14        LJ (SR)   Coulomb (SR)   Coul. recip. Position Rest.
    7.34186e+02    6.15227e+03   -5.63497e+05    1.98448e+03    2.80306e+02
     Dih. Rest.      Potential    Kinetic En.   Total Energy  Conserved En.
    4.45543e+02   -4.31442e+05    1.51258e+05   -2.80184e+05   -1.75038e+05
    Temperature Pressure (bar)   Constr. rmsd
    3.01459e+02    2.40186e+01    4.19370e-06

           Step           Time
        2480000     4960.00000

   Energies (kJ/mol)
           Bond            U-B    Proper Dih.  Improper Dih.          LJ-14
    1.14762e+04    6.09380e+04    4.09939e+04    3.82635e+02    7.36989e+03
     Coulomb-14        LJ (SR)   Coulomb (SR)   Coul. recip. Position Rest.
    6.49639e+02    6.59194e+03   -5.64454e+05    2.06543e+03    2.65250e+02
     Dih. Rest.      Potential    Kinetic En.   Total Energy  Conserved En.
    4.17220e+02   -4.33303e+05    1.50279e+05   -2.83025e+05   -1.74941e+05
    Temperature Pressure (bar)   Constr. rmsd
    2.99507e+02   -1.02784e+02    4.19370e-06

           Step           Time
        2482000     4964.00000

   Energies (kJ/mol)
           Bond            U-B    Proper Dih.  Improper Dih.          LJ-14
    1.14510e+04    6.14680e+04    4.12580e+04    3.76939e+02    7.64180e+03
     Coulomb-14        LJ (SR)   Coulomb (SR)   Coul. recip. Position Rest.
    2.01335e+02    6.43163e+03   -5.62986e+05    2.11209e+03    2.38365e+02
     Dih. Rest.      Potential    Kinetic En.   Total Energy  Conserved En.
    3.92359e+02   -4.31415e+05    1.50005e+05   -2.81410e+05   -1.74755e+05
    Temperature Pressure (bar)   Constr. rmsd
    2.98961e+02    2.31425e+00    4.19370e-06

           Step           Time
        2484000     4968.00000

   Energies (kJ/mol)
           Bond            U-B    Proper Dih.  Improper Dih.          LJ-14
    1.12907e+04    6.10236e+04    4.09953e+04    4.27118e+02    7.48134e+03
     Coulomb-14        LJ (SR)   Coulomb (SR)   Coul. recip. Position Rest.
    3.71408e+02    5.37048e+03   -5.62361e+05    2.06243e+03    2.92888e+02
     Dih. Rest.      Potential    Kinetic En.   Total Energy  Conserved En.
    4.01973e+02   -4.32643e+05    1.50141e+05   -2.82502e+05   -1.74685e+05
    Temperature Pressure (bar)   Constr. rmsd
    2.99234e+02   -1.07128e+02    4.19370e-06

           Step           Time
        2486000     4972.00000

   Energies (kJ/mol)
           Bond            U-B    Proper Dih.  Improper Dih.          LJ-14
    1.16154e+04    6.05535e+04    4.10715e+04    4.06773e+02    7.53739e+03
     Coulomb-14        LJ (SR)   Coulomb (SR)   Coul. recip. Position Rest.
    2.64887e+02    5.82722e+03   -5.63241e+05    2.07303e+03    2.82455e+02
     Dih. Rest.      Potential    Kinetic En.   Total Energy  Conserved En.
    4.37075e+02   -4.33171e+05    1.50787e+05   -2.82385e+05   -1.74612e+05
    Temperature Pressure (bar)   Constr. rmsd
    3.00520e+02   -1.02879e+01    4.19370e-06

           Step           Time
        2488000     4976.00000

   Energies (kJ/mol)
           Bond            U-B    Proper Dih.  Improper Dih.          LJ-14
    1.17347e+04    6.16710e+04    4.08866e+04    3.54002e+02    7.49954e+03
     Coulomb-14        LJ (SR)   Coulomb (SR)   Coul. recip. Position Rest.
    5.27321e+02    6.03521e+03   -5.63254e+05    2.02915e+03    3.14880e+02
     Dih. Rest.      Potential    Kinetic En.   Total Energy  Conserved En.
    3.95972e+02   -4.31806e+05    1.51116e+05   -2.80690e+05   -1.74367e+05
    Temperature Pressure (bar)   Constr. rmsd
    3.01176e+02   -7.25520e+01    4.19370e-06

           Step           Time
        2490000     4980.00000

   Energies (kJ/mol)
           Bond            U-B    Proper Dih.  Improper Dih.          LJ-14
    1.12679e+04    6.11501e+04    4.13332e+04    4.30440e+02    7.39413e+03
     Coulomb-14        LJ (SR)   Coulomb (SR)   Coul. recip. Position Rest.
    5.22231e+02    6.58892e+03   -5.63913e+05    2.07448e+03    2.69789e+02
     Dih. Rest.      Potential    Kinetic En.   Total Energy  Conserved En.
    5.06056e+02   -4.32376e+05    1.51121e+05   -2.81255e+05   -1.74296e+05
    Temperature Pressure (bar)   Constr. rmsd
    3.01186e+02   -1.14894e+02    4.19370e-06

           Step           Time
        2492000     4984.00000

   Energies (kJ/mol)
           Bond            U-B    Proper Dih.  Improper Dih.          LJ-14
    1.14982e+04    6.07207e+04    4.11638e+04    4.09650e+02    7.44739e+03
     Coulomb-14        LJ (SR)   Coulomb (SR)   Coul. recip. Position Rest.
    5.06949e+02    4.91037e+03   -5.62589e+05    2.11018e+03    2.87522e+02
     Dih. Rest.      Potential    Kinetic En.   Total Energy  Conserved En.
    4.63705e+02   -4.33071e+05    1.51043e+05   -2.82028e+05   -1.74157e+05
    Temperature Pressure (bar)   Constr. rmsd
    3.01031e+02   -6.30710e+01    4.19370e-06

           Step           Time
        2494000     4988.00000

   Energies (kJ/mol)
           Bond            U-B    Proper Dih.  Improper Dih.          LJ-14
    1.18111e+04    6.17192e+04    4.07544e+04    4.22305e+02    7.50662e+03
     Coulomb-14        LJ (SR)   Coulomb (SR)   Coul. recip. Position Rest.
    9.28717e+02    7.21273e+03   -5.65378e+05    2.12796e+03    2.57201e+02
     Dih. Rest.      Potential    Kinetic En.   Total Energy  Conserved En.
    4.69607e+02   -4.32168e+05    1.51998e+05   -2.80170e+05   -1.73988e+05
    Temperature Pressure (bar)   Constr. rmsd
    3.02934e+02   -4.29200e+01    4.19370e-06

           Step           Time
        2496000     4992.00000

   Energies (kJ/mol)
           Bond            U-B    Proper Dih.  Improper Dih.          LJ-14
    1.15773e+04    6.15150e+04    4.13303e+04    3.87107e+02    7.45512e+03
     Coulomb-14        LJ (SR)   Coulomb (SR)   Coul. recip. Position Rest.
    6.51002e+02    7.27806e+03   -5.64760e+05    2.03074e+03    2.60187e+02
     Dih. Rest.      Potential    Kinetic En.   Total Energy  Conserved En.
    4.90387e+02   -4.31785e+05    1.49366e+05   -2.82419e+05   -1.73894e+05
    Temperature Pressure (bar)   Constr. rmsd
    2.97688e+02    2.56021e+01    4.19370e-06

           Step           Time
        2498000     4996.00000

   Energies (kJ/mol)
           Bond            U-B    Proper Dih.  Improper Dih.          LJ-14
    1.13949e+04    6.14863e+04    4.12611e+04    3.92654e+02    7.56404e+03
     Coulomb-14        LJ (SR)   Coulomb (SR)   Coul. recip. Position Rest.
    1.10124e+03    5.75044e+03   -5.63734e+05    2.02441e+03    2.78113e+02
     Dih. Rest.      Potential    Kinetic En.   Total Energy  Conserved En.
    4.11006e+02   -4.32070e+05    1.50867e+05   -2.81203e+05   -1.73796e+05
    Temperature Pressure (bar)   Constr. rmsd
    3.00679e+02   -1.72984e+01    4.19370e-06

           Step           Time
        2500000     5000.00000

Writing checkpoint, step 2500000 at Sat Jul 27 07:00:27 2024


   Energies (kJ/mol)
           Bond            U-B    Proper Dih.  Improper Dih.          LJ-14
    1.14755e+04    6.12651e+04    4.10813e+04    3.32485e+02    7.50346e+03
     Coulomb-14        LJ (SR)   Coulomb (SR)   Coul. recip. Position Rest.
    1.06217e+03    7.34467e+03   -5.64772e+05    2.02789e+03    3.12891e+02
     Dih. Rest.      Potential    Kinetic En.   Total Energy  Conserved En.
    4.17632e+02   -4.31949e+05    1.51155e+05   -2.80794e+05   -1.73726e+05
    Temperature Pressure (bar)   Constr. rmsd
    3.01255e+02   -4.52917e+01    4.19370e-06


Energy conservation over simulation part #1 of length 5000 ps, time 0 to 5000 ps
  Conserved energy drift: 5.69e-04 kJ/mol/ps per atom


	<======  ###############  ==>
	<====  A V E R A G E S  ====>
	<==  ###############  ======>

	Statistics over 2500001 steps using 25001 frames

   Energies (kJ/mol)
           Bond            U-B    Proper Dih.  Improper Dih.          LJ-14
    1.15385e+04    6.12857e+04    4.12460e+04    3.85248e+02    7.48495e+03
     Coulomb-14        LJ (SR)   Coulomb (SR)   Coul. recip. Position Rest.
    5.60955e+01    6.30039e+03   -5.62656e+05    2.04438e+03    3.05601e+02
     Dih. Rest.      Potential    Kinetic En.   Total Energy  Conserved En.
    4.18346e+02   -4.31591e+05    1.50558e+05   -2.81033e+05   -2.50806e+05
    Temperature Pressure (bar)   Constr. rmsd
    3.00065e+02   -5.27944e+01    0.00000e+00

   Total Virial (kJ/mol)
    5.24720e+04    2.03967e+01    6.87294e+01
    2.03972e+01    5.24402e+04    4.03366e+01
    6.87304e+01    4.03373e+01    5.40857e+04

   Pressure (bar)
   -6.13917e+01   -3.63903e-01   -1.79714e-01
   -3.63913e-01   -6.09912e+01   -2.73414e-02
   -1.79734e-01   -2.73559e-02   -3.60004e+01

   Total Dipole (D)
   -7.57358e+01    2.80890e+02    2.96641e+02

  Epot (kJ/mol)        Coul-SR          LJ-SR        Coul-14          LJ-14   
      rest-rest   -5.62656e+05    6.30040e+03    5.60955e+01    7.48495e+03
     rest-wall0    0.00000e+00   -9.25506e-03    0.00000e+00    0.00000e+00
     rest-wall1    0.00000e+00   -7.86593e-04    0.00000e+00    0.00000e+00
    wall0-wall0    0.00000e+00    0.00000e+00    0.00000e+00    0.00000e+00
    wall0-wall1    0.00000e+00    0.00000e+00    0.00000e+00    0.00000e+00
    wall1-wall1    0.00000e+00    0.00000e+00    0.00000e+00    0.00000e+00


       P P   -   P M E   L O A D   B A L A N C I N G

 PP/PME load balancing changed the cut-off and PME settings:
           particle-particle                    PME
            rcoulomb  rlist            grid      spacing   1/beta
   initial  1.200 nm  1.210 nm      72  72 768   0.117 nm  0.384 nm
   final    1.339 nm  1.349 nm      60  60 672   0.134 nm  0.429 nm
 cost-ratio           1.39             0.61
 (note that these numbers concern only part of the total PP and PME load)


	M E G A - F L O P S   A C C O U N T I N G

 NB=Group-cutoff nonbonded kernels    NxN=N-by-N cluster Verlet kernels
 RF=Reaction-Field  VdW=Van der Waals  QSTab=quadratic-spline table
 W3=SPC/TIP3p  W4=TIP4p (single or pairs)
 V&F=Potential and force  V=Potential only  F=Force only

 Computing:                               M-Number         M-Flops  % Flops
-----------------------------------------------------------------------------
 Pair Search distance check          151105.794144     1359952.147     0.0
 NxN QSTab Elec. + LJ [F]         355214064.674304 18826345427.738    98.0
 NxN QSTab Elec. + LJ [V&F]         3588164.127360   290641294.316     1.5
 1,4 nonbonded interactions          170050.068020    15304506.122     0.1
 Shift-X                                693.968013        4163.808     0.0
 Bonds                                23950.009580     1413050.565     0.0
 Propers                             204900.081960    46922118.769     0.2
 Impropers                              800.000320      166400.067     0.0
 Dihedral Restr.                       1200.000480      240000.096     0.0
 Pos. Restr.                            500.000200       25000.010     0.0
 Walls                               138782.555513     4302259.221     0.0
 Virial                                1389.005558       25002.100     0.0
 Stop-CM                               1387.936026       13879.360     0.0
 Calc-Ekin                             2775.761026       74945.548     0.0
 Lincs                                    0.030560           1.834     0.0
 Lincs-Mat                                0.200640           0.803     0.0
 Constraint-V                             0.061121           0.550     0.0
 Settle                                   0.020374           7.538     0.0
 Urey-Bradley                        120100.048040    21978308.791     0.1
-----------------------------------------------------------------------------
 Total                                             19208816319.383   100.0
-----------------------------------------------------------------------------


      R E A L   C Y C L E   A N D   T I M E   A C C O U N T I N G

On 1 MPI rank, each using 42 OpenMP threads

 Activity:              Num   Num      Call    Wall time         Giga-Cycles
                        Ranks Threads  Count      (s)         total sum    %
--------------------------------------------------------------------------------
 Neighbor search           1   42      12501      84.850       8003.225   0.7
 Launch PP GPU ops.        1   42    4987501      84.723       7991.158   0.7
 Force                     1   42    2500001    9474.860     893683.518  77.9
 PME GPU mesh              1   42    2500001      92.501       8724.871   0.8
 Wait GPU NB local         1   42    2500001       0.920         86.734   0.0
 Wait GPU state copy       1   42    2625003     285.582      26936.506   2.3
 NB X/F buffer ops.        1   42      25001      22.672       2138.431   0.2
 Write traj.               1   42       1262      12.499       1178.971   0.1
 Constraints               1   42          2       0.048          4.534   0.0
 Rest                                           2097.442     197833.941  17.3
--------------------------------------------------------------------------------
 Total                                         12156.097    1146581.887 100.0
--------------------------------------------------------------------------------
 Breakdown of PME mesh activities
--------------------------------------------------------------------------------
 Wait PME GPU gather       1   42    2500001       0.313         29.523   0.0
 Reduce GPU PME F          1   42    2500001      19.484       1837.719   0.2
 Launch PME GPU ops.       1   42   20000020      70.366       6637.010   0.6
--------------------------------------------------------------------------------

               Core t (s)   Wall t (s)        (%)
       Time:   510554.458    12156.097     4200.0
                         3h22:36
                 (ns/day)    (hour/ns)
Performance:       35.538        0.675
Finished mdrun on rank 0 Sat Jul 27 07:00:27 2024

