                      :-) GROMACS - gmx mdrun, 2024.1 (-:

Copyright 1991-2024 The GROMACS Authors.
GROMACS is free software; you can redistribute it and/or modify it
under the terms of the GNU Lesser General Public License
as published by the Free Software Foundation; either version 2.1
of the License, or (at your option) any later version.

                         Current GROMACS contributors:
       Mark Abraham           Andrey Alekseenko           Vladimir Basov      
      Cathrine Bergh            Eliane Briand               Ania Brown        
      Mahesh Doijade            Giacomo Fiorin          Stefan Fleischmann    
      Sergey Gorelov         Gilles Gouaillardet            Alan Gray         
     M. Eric Irrgang         Farzaneh Jalalypour            Joe Jordan        
     Carsten Kutzner           Justin A. Lemkul          Magnus Lundborg      
       Pascal Merz              Vedran Miletic            Dmitry Morozov      
       Julien Nabet              Szilard Pall        Andrea Pasquadibisceglie 
    Michele Pellegrino          Hubert Santuz             Roland Schulz       
     Tatiana Shugaeva          Alexey Shvetsov            Philip Turner       
     Alessandra Villa      Sebastian Wingbermuehle  

                         Previous GROMACS contributors:
        Emile Apol             Rossen Apostolov           James Barnett       
        Paul Bauer          Herman J.C. Berendsen          Par Bjelkmar       
      Christian Blau          Viacheslav Bolnykh            Kevin Boyd        
    Aldert van Buuren          Carlo Camilloni           Rudi van Drunen      
      Anton Feenstra           Oliver Fleetwood            Vytas Gapsys       
       Gaurav Garg             Gerrit Groenhof            Bert de Groot       
      Anca Hamuraru           Vincent Hindriksen          Victor Holanda      
     Aleksei Iupinov          Christoph Junghans        Prashanth Kanduri     
   Dimitrios Karkoulis           Peter Kasson             Sebastian Kehl      
     Sebastian Keller             Jiri Kraus               Per Larsson        
      Viveca Lindahl            Erik Marklund           Pieter Meulenhoff     
      Teemu Murtola              Sander Pronk             Michael Shirts      
      Alfons Sijbers            Balint Soproni         David van der Spoel    
      Peter Tieleman            Carsten Uphoff             Jon Vincent        
     Teemu Virolainen         Christian Wennberg           Maarten Wolf       
      Artem Zhmurov       

                  Coordinated by the GROMACS project leaders:
                           Berk Hess and Erik Lindahl

GROMACS:      gmx mdrun, version 2024.1
Executable:   /sulis/easybuild/software/GROMACS/2024.1-foss-2022a-CUDA-11.7.0/bin/gmx
Data prefix:  /sulis/easybuild/software/GROMACS/2024.1-foss-2022a-CUDA-11.7.0
Working dir:  /gpfs/home/m/matgms/BBBP-MD/charmm-gui-2066971497/gromacs-em-ewald
Process ID:   796933
Command line:
  gmx mdrun -v -deffnm step6.2_equilibration

GROMACS version:     2024.1
Precision:           mixed
Memory model:        64 bit
MPI library:         thread_mpi
OpenMP support:      enabled (GMX_OPENMP_MAX_THREADS = 128)
GPU support:         CUDA
NBNxM GPU setup:     super-cluster 2x2x2 / cluster 8
SIMD instructions:   AVX2_256
CPU FFT library:     fftw-3.3.10-sse2-avx-avx2-avx2_128
GPU FFT library:     cuFFT
Multi-GPU FFT:       none
RDTSCP usage:        enabled
TNG support:         enabled
Hwloc support:       disabled
Tracing support:     disabled
C compiler:          /sulis/easybuild/software/OpenMPI/4.1.4-GCC-11.3.0/bin/mpicc GNU 11.3.0
C compiler flags:    -fexcess-precision=fast -funroll-all-loops -mavx2 -mfma -Wno-missing-field-initializers -O3 -DNDEBUG
C++ compiler:        /sulis/easybuild/software/OpenMPI/4.1.4-GCC-11.3.0/bin/mpicxx GNU 11.3.0
C++ compiler flags:  -fexcess-precision=fast -funroll-all-loops -mavx2 -mfma -Wno-missing-field-initializers -Wno-cast-function-type-strict -fopenmp -O3 -DNDEBUG
BLAS library:        External - user-supplied
LAPACK library:      External - user-supplied
CUDA compiler:       /sulis/easybuild/software/CUDA/11.7.0/bin/nvcc nvcc: NVIDIA (R) Cuda compiler driver;Copyright (c) 2005-2022 NVIDIA Corporation;Built on Tue_May__3_18:49:52_PDT_2022;Cuda compilation tools, release 11.7, V11.7.64;Build cuda_11.7.r11.7/compiler.31294372_0
CUDA compiler flags:-std=c++17;--generate-code=arch=compute_80,code=sm_80;-use_fast_math;-Xptxas;-warn-double-usage;-Xptxas;-Werror;-D_FORCE_INLINES;-Xcompiler;-fopenmp;-fexcess-precision=fast -funroll-all-loops -mavx2 -mfma -Wno-missing-field-initializers -Wno-cast-function-type-strict -fopenmp -O3 -DNDEBUG
CUDA driver:         12.60
CUDA runtime:        11.70


Running on 1 node with total 42 cores, 42 processing units, 1 compatible GPU
Hardware detected on host gpu018.sulis.hpc:
  CPU info:
    Vendor: AMD
    Brand:  AMD EPYC 7742 64-Core Processor                
    Family: 23   Model: 49   Stepping: 0
    Features: aes amd apic avx avx2 clfsh cmov cx8 cx16 f16c fma htt lahf misalignsse mmx msr nonstop_tsc pclmuldq pdpe1gb popcnt pse rdrnd rdtscp sha sse2 sse3 sse4a sse4.1 sse4.2 ssse3 x2apic
  Hardware topology: Basic
    Packages, cores, and logical processors:
    [indices refer to OS logical processors]
      Package  0: [   0] [   1] [   2] [   3] [   4] [   5] [   6] [   7] [   8] [   9] [  10] [  11] [  12] [  13] [  14] [  15] [  16] [  17] [  18] [  19] [  62] [  63]
      Package  1: [  64] [  65] [  66] [  67] [  68] [  69] [  70] [  71] [  72] [  73] [  74] [  75] [  76] [  77] [  78] [  79] [  80] [  81] [  82] [  83]
    CPU limit set by OS: -1   Recommended max number of threads: 42
  GPU info:
    Number of GPUs detected: 1
    #0: NVIDIA NVIDIA A100-PCIE-40GB, compute cap.: 8.0, ECC: yes, stat: compatible


++++ PLEASE READ AND CITE THE FOLLOWING REFERENCE ++++
M. J. Abraham, T. Murtola, R. Schulz, S. Páll, J. C. Smith, B. Hess, E.
Lindahl
GROMACS: High performance molecular simulations through multi-level
parallelism from laptops to supercomputers
SoftwareX 1 (2015) pp. 19-25
-------- -------- --- Thank You --- -------- --------


++++ PLEASE READ AND CITE THE FOLLOWING REFERENCE ++++
S. Páll, M. J. Abraham, C. Kutzner, B. Hess, E. Lindahl
Tackling Exascale Software Challenges in Molecular Dynamics Simulations with
GROMACS
In S. Markidis & E. Laure (Eds.), Solving Software Challenges for Exascale 8759 (2015) pp. 3-27
-------- -------- --- Thank You --- -------- --------


++++ PLEASE READ AND CITE THE FOLLOWING REFERENCE ++++
S. Pronk, S. Páll, R. Schulz, P. Larsson, P. Bjelkmar, R. Apostolov, M. R.
Shirts, J. C. Smith, P. M. Kasson, D. van der Spoel, B. Hess, and E. Lindahl
GROMACS 4.5: a high-throughput and highly parallel open source molecular
simulation toolkit
Bioinformatics 29 (2013) pp. 845-54
-------- -------- --- Thank You --- -------- --------


++++ PLEASE READ AND CITE THE FOLLOWING REFERENCE ++++
B. Hess and C. Kutzner and D. van der Spoel and E. Lindahl
GROMACS 4: Algorithms for highly efficient, load-balanced, and scalable
molecular simulation
J. Chem. Theory Comput. 4 (2008) pp. 435-447
-------- -------- --- Thank You --- -------- --------


++++ PLEASE READ AND CITE THE FOLLOWING REFERENCE ++++
D. van der Spoel, E. Lindahl, B. Hess, G. Groenhof, A. E. Mark and H. J. C.
Berendsen
GROMACS: Fast, Flexible and Free
J. Comp. Chem. 26 (2005) pp. 1701-1719
-------- -------- --- Thank You --- -------- --------


++++ PLEASE READ AND CITE THE FOLLOWING REFERENCE ++++
E. Lindahl and B. Hess and D. van der Spoel
GROMACS 3.0: A package for molecular simulation and trajectory analysis
J. Mol. Mod. 7 (2001) pp. 306-317
-------- -------- --- Thank You --- -------- --------


++++ PLEASE READ AND CITE THE FOLLOWING REFERENCE ++++
H. J. C. Berendsen, D. van der Spoel and R. van Drunen
GROMACS: A message-passing parallel molecular dynamics implementation
Comp. Phys. Comm. 91 (1995) pp. 43-56
-------- -------- --- Thank You --- -------- --------


++++ PLEASE CITE THE DOI FOR THIS VERSION OF GROMACS ++++
https://doi.org/10.5281/zenodo.10721181
-------- -------- --- Thank You --- -------- --------

Input Parameters:
   integrator                     = md
   tinit                          = 0
   dt                             = 0.002
   nsteps                         = 10000000
   init-step                      = 0
   simulation-part                = 1
   mts                            = false
   mass-repartition-factor        = 1
   comm-mode                      = Linear
   nstcomm                        = 100
   bd-fric                        = 0
   ld-seed                        = -303169553
   emtol                          = 10
   emstep                         = 0.01
   niter                          = 20
   fcstep                         = 0
   nstcgsteep                     = 1000
   nbfgscorr                      = 10
   rtpi                           = 0.05
   nstxout                        = 0
   nstvout                        = 2000
   nstfout                        = 2000
   nstlog                         = 2000
   nstcalcenergy                  = 100
   nstenergy                      = 2000
   nstxout-compressed             = 2000
   compressed-x-precision         = 1000
   cutoff-scheme                  = Verlet
   nstlist                        = 40
   pbc                            = xy
   periodic-molecules             = false
   verlet-buffer-tolerance        = 0.005
   verlet-buffer-pressure-tolerance = 0.5
   rlist                          = 1.245
   coulombtype                    = PME
   coulomb-modifier               = Potential-shift
   rcoulomb-switch                = 0
   rcoulomb                       = 1.2
   epsilon-r                      = 1
   epsilon-rf                     = inf
   vdw-type                       = Cut-off
   vdw-modifier                   = Force-switch
   rvdw-switch                    = 1
   rvdw                           = 1.2
   DispCorr                       = No
   table-extension                = 1
   fourierspacing                 = 0.12
   fourier-nx                     = 72
   fourier-ny                     = 72
   fourier-nz                     = 768
   pme-order                      = 4
   ewald-rtol                     = 1e-05
   ewald-rtol-lj                  = 0.001
   lj-pme-comb-rule               = Geometric
   ewald-geometry                 = 3dc
   epsilon-surface                = 0
   ensemble-temperature-setting   = constant
   ensemble-temperature           = 300
   tcoupl                         = V-rescale
   nsttcouple                     = 100
   nh-chain-length                = 0
   print-nose-hoover-chain-variables = false
   pcoupl                         = No
   refcoord-scaling               = No
   posres-com (3):
      posres-com[0]= 0.00000e+00
      posres-com[1]= 0.00000e+00
      posres-com[2]= 0.00000e+00
   posres-comB (3):
      posres-comB[0]= 0.00000e+00
      posres-comB[1]= 0.00000e+00
      posres-comB[2]= 0.00000e+00
   QMMM                           = false
qm-opts:
   ngQM                           = 0
   constraint-algorithm           = Lincs
   continuation                   = false
   Shake-SOR                      = false
   shake-tol                      = 0.0001
   lincs-order                    = 4
   lincs-iter                     = 1
   lincs-warnangle                = 30
   nwall                          = 2
   wall-type                      = 12-6
   wall-r-linpot                  = -1
   wall-atomtype[0]               = 19
   wall-atomtype[1]               = 19
   wall-density[0]                = 0
   wall-density[1]                = 0
   wall-ewald-zfac                = 3
   pull                           = false
   awh                            = false
   rotation                       = false
   interactiveMD                  = false
   disre                          = No
   disre-weighting                = Conservative
   disre-mixed                    = false
   dr-fc                          = 1000
   dr-tau                         = 0
   nstdisreout                    = 100
   orire-fc                       = 0
   orire-tau                      = 0
   nstorireout                    = 100
   free-energy                    = no
   cos-acceleration               = 0
   deform (3x3):
      deform[    0]={ 0.00000e+00,  0.00000e+00,  0.00000e+00}
      deform[    1]={ 0.00000e+00,  0.00000e+00,  0.00000e+00}
      deform[    2]={ 0.00000e+00,  0.00000e+00,  0.00000e+00}
   simulated-tempering            = false
   swapcoords                     = no
   userint1                       = 0
   userint2                       = 0
   userint3                       = 0
   userint4                       = 0
   userreal1                      = 0
   userreal2                      = 0
   userreal3                      = 0
   userreal4                      = 0
   applied-forces:
     electric-field:
       x:
         E0                       = 0
         omega                    = 0
         t0                       = 0
         sigma                    = 0
       y:
         E0                       = 0
         omega                    = 0
         t0                       = 0
         sigma                    = 0
       z:
         E0                       = 0
         omega                    = 0
         t0                       = 0
         sigma                    = 0
     density-guided-simulation:
       active                     = false
       group                      = protein
       similarity-measure         = inner-product
       atom-spreading-weight      = unity
       force-constant             = 1e+09
       gaussian-transform-spreading-width = 0.2
       gaussian-transform-spreading-range-in-multiples-of-width = 4
       reference-density-filename = reference.mrc
       nst                        = 1
       normalize-densities        = true
       adaptive-force-scaling     = false
       adaptive-force-scaling-time-constant = 4
       shift-vector               = 
       transformation-matrix      = 
     qmmm-cp2k:
       active                     = false
       qmgroup                    = System
       qmmethod                   = PBE
       qmfilenames                = 
       qmcharge                   = 0
       qmmultiplicity             = 1
     colvars:
       active                     = false
       configfile                 = 
       seed                       = -1
grpopts:
   nrdf:      120696
   ref-t:         300
   tau-t:           1
annealing:          No
annealing-npoints:           0
   acc:	           0           0           0
   nfreeze:           N           N           N
   energygrp-flags[  0]: 0 0 0
   energygrp-flags[  1]: 0 0 0
   energygrp-flags[  2]: 0 0 0

Changing nstlist from 40 to 80, rlist from 1.245 to 1.379

When checking whether update groups are usable:
  Domain decomposition is not active, so there is no need for update groups
1 GPU selected for this run.
Mapping of GPU IDs to the 2 GPU tasks in the 1 rank on this node:
  PP:0,PME:0
PP tasks will do (non-perturbed) short-ranged interactions on the GPU
PP task will update and constrain coordinates on the GPU
PME tasks will do all aspects on the GPU
Using 1 MPI thread

Non-default thread affinity set, disabling internal thread affinity

Using 42 OpenMP threads 

System total charge: 0.000
Will do PME sum in reciprocal space for electrostatic interactions.

++++ PLEASE READ AND CITE THE FOLLOWING REFERENCE ++++
U. Essmann, L. Perera, M. L. Berkowitz, T. Darden, H. Lee and L. G. Pedersen 
A smooth particle mesh Ewald method
J. Chem. Phys. 103 (1995) pp. 8577-8592
-------- -------- --- Thank You --- -------- --------

Using the Ewald3DC correction for systems with a slab geometry.

++++ PLEASE READ AND CITE THE FOLLOWING REFERENCE ++++
Y. In-Chul and M. L. Berkowitz
Ewald summation for systems with slab geometry
J. Chem. Phys. 111 (1999) pp. 3155-3162
-------- -------- --- Thank You --- -------- --------

Using a Gaussian width (1/beta) of 0.384195 nm for Ewald
Potential shift: LJ r^-12: -2.648e-01 r^-6: -5.349e-01, Ewald -8.333e-06
Initialized non-bonded Coulomb Ewald tables, spacing: 1.02e-03 size: 1176

Generated table with 1189 data points for 1-4 COUL.
Tabscale = 500 points/nm
Generated table with 1189 data points for 1-4 LJ6.
Tabscale = 500 points/nm
Generated table with 1189 data points for 1-4 LJ12.
Tabscale = 500 points/nm


Using GPU 8x8 nonbonded short-range kernels

Using a dual 8x8 pair-list setup updated with dynamic, rolling pruning:
  outer list: updated every 80 steps, buffer 0.179 nm, rlist 1.379 nm
  inner list: updated every 20 steps, buffer 0.003 nm, rlist 1.203 nm
At tolerance 0.005 kJ/mol/ps per atom, equivalent classical 1x1 list would be:
  outer list: updated every 80 steps, buffer 0.267 nm, rlist 1.467 nm
  inner list: updated every 20 steps, buffer 0.125 nm, rlist 1.325 nm

The average pressure is off by at most 0.41 bar due to missing LJ interactions
Removing pbc first time

Initializing LINear Constraint Solver

++++ PLEASE READ AND CITE THE FOLLOWING REFERENCE ++++
B. Hess and H. Bekker and H. J. C. Berendsen and J. G. E. M. Fraaije
LINCS: A Linear Constraint Solver for molecular simulations
J. Comp. Chem. 18 (1997) pp. 1463-1472
-------- -------- --- Thank You --- -------- --------

The number of constraints is 15280

++++ PLEASE READ AND CITE THE FOLLOWING REFERENCE ++++
S. Miyamoto and P. A. Kollman
SETTLE: An Analytical Version of the SHAKE and RATTLE Algorithms for Rigid
Water Models
J. Comp. Chem. 13 (1992) pp. 952-962
-------- -------- --- Thank You --- -------- --------


++++ PLEASE READ AND CITE THE FOLLOWING REFERENCE ++++
G. Bussi, D. Donadio and M. Parrinello
Canonical sampling through velocity rescaling
J. Chem. Phys. 126 (2007) pp. 014101
-------- -------- --- Thank You --- -------- --------

There are: 55513 Atoms

Updating coordinates and applying constraints on the GPU.

Constraining the starting coordinates (step 0)

Constraining the coordinates at t0-dt (step 0)
Center of mass motion removal mode is Linear
We have the following groups for center of mass motion removal:
  0:  SYSTEM
RMS relative constraint deviation after constraining: 4.24e-06
Initial temperature: 303.888 K

Started mdrun on rank 0 Wed Sep  4 09:18:08 2024

           Step           Time
              0        0.00000

   Energies (kJ/mol)
           Bond            U-B    Proper Dih.  Improper Dih.          LJ-14
    1.14052e+04    6.17785e+04    4.10598e+04    4.22181e+02    7.43524e+03
     Coulomb-14        LJ (SR)   Coulomb (SR)   Coul. recip.      Potential
   -8.13005e+02    5.53779e+03   -5.62042e+05    2.95567e+03   -4.32260e+05
    Kinetic En.   Total Energy  Conserved En.    Temperature Pressure (bar)
    1.58554e+05   -2.73707e+05   -2.73707e+05    3.15995e+02   -3.30389e+01
   Constr. rmsd
    4.24060e-06

step 1520: timed with pme grid 72 72 768, coulomb cutoff 1.200: 194.3 M-cycles
step 1680: timed with pme grid 60 60 672, coulomb cutoff 1.339: 11042.9 M-cycles
step 1840: timed with pme grid 60 60 768, coulomb cutoff 1.280: 201.7 M-cycles
step 2000: timed with pme grid 64 64 768, coulomb cutoff 1.200: 10950.9 M-cycles
           Step           Time
           2000        4.00000

   Energies (kJ/mol)
           Bond            U-B    Proper Dih.  Improper Dih.          LJ-14
    1.18040e+04    6.15219e+04    4.15149e+04    3.67202e+02    7.56176e+03
     Coulomb-14        LJ (SR)   Coulomb (SR)   Coul. recip.      Potential
   -2.13612e+01    6.52822e+03   -5.64119e+05    2.93546e+03   -4.31907e+05
    Kinetic En.   Total Energy  Conserved En.    Temperature Pressure (bar)
    1.51334e+05   -2.80573e+05   -2.73379e+05    3.01605e+02   -3.72195e+01
   Constr. rmsd
    4.24060e-06

step 2160: timed with pme grid 72 72 768, coulomb cutoff 1.200: 208.4 M-cycles
              optimal pme grid 72 72 768, coulomb cutoff 1.200
           Step           Time
           4000        8.00000

   Energies (kJ/mol)
           Bond            U-B    Proper Dih.  Improper Dih.          LJ-14
    1.17868e+04    6.20097e+04    4.14828e+04    3.90383e+02    7.38068e+03
     Coulomb-14        LJ (SR)   Coulomb (SR)   Coul. recip.      Potential
   -5.87640e+02    5.79461e+03   -5.63448e+05    2.91049e+03   -4.32280e+05
    Kinetic En.   Total Energy  Conserved En.    Temperature Pressure (bar)
    1.50594e+05   -2.81686e+05   -2.73149e+05    3.00130e+02   -5.45433e+01
   Constr. rmsd
    4.24060e-06

           Step           Time
           6000       12.00000

   Energies (kJ/mol)
           Bond            U-B    Proper Dih.  Improper Dih.          LJ-14
    1.15394e+04    6.18664e+04    4.16436e+04    4.70702e+02    7.47689e+03
     Coulomb-14        LJ (SR)   Coulomb (SR)   Coul. recip.      Potential
   -5.67356e+02    6.57002e+03   -5.64238e+05    2.95271e+03   -4.32285e+05
    Kinetic En.   Total Energy  Conserved En.    Temperature Pressure (bar)
    1.50706e+05   -2.81579e+05   -2.73063e+05    3.00355e+02    4.00398e+00
   Constr. rmsd
    4.24060e-06

           Step           Time
           8000       16.00000

   Energies (kJ/mol)
           Bond            U-B    Proper Dih.  Improper Dih.          LJ-14
    1.16247e+04    6.14208e+04    4.14568e+04    3.74887e+02    7.46227e+03
     Coulomb-14        LJ (SR)   Coulomb (SR)   Coul. recip.      Potential
   -3.46051e+02    5.68680e+03   -5.63216e+05    2.94017e+03   -4.32596e+05
    Kinetic En.   Total Energy  Conserved En.    Temperature Pressure (bar)
    1.50039e+05   -2.82557e+05   -2.72868e+05    2.99024e+02   -4.70304e+01
   Constr. rmsd
    4.24060e-06

           Step           Time
          10000       20.00000

   Energies (kJ/mol)
           Bond            U-B    Proper Dih.  Improper Dih.          LJ-14
    1.15345e+04    6.11469e+04    4.13725e+04    4.26289e+02    7.49516e+03
     Coulomb-14        LJ (SR)   Coulomb (SR)   Coul. recip.      Potential
    2.53915e+02    6.63116e+03   -5.65666e+05    2.98895e+03   -4.33817e+05
    Kinetic En.   Total Energy  Conserved En.    Temperature Pressure (bar)
    1.49225e+05   -2.84591e+05   -2.72721e+05    2.97403e+02    4.87564e+00
   Constr. rmsd
    4.24060e-06

           Step           Time
          12000       24.00000

   Energies (kJ/mol)
           Bond            U-B    Proper Dih.  Improper Dih.          LJ-14
    1.14746e+04    6.15652e+04    4.13676e+04    4.08656e+02    7.40639e+03
     Coulomb-14        LJ (SR)   Coulomb (SR)   Coul. recip.      Potential
   -1.94089e+02    5.12913e+03   -5.62765e+05    2.99874e+03   -4.32609e+05
    Kinetic En.   Total Energy  Conserved En.    Temperature Pressure (bar)
    1.49491e+05   -2.83118e+05   -2.72593e+05    2.97933e+02   -7.75212e+01
   Constr. rmsd
    4.24060e-06

           Step           Time
          14000       28.00000

   Energies (kJ/mol)
           Bond            U-B    Proper Dih.  Improper Dih.          LJ-14
    1.13740e+04    6.10472e+04    4.17045e+04    4.14091e+02    7.60464e+03
     Coulomb-14        LJ (SR)   Coulomb (SR)   Coul. recip.      Potential
   -8.80142e+01    6.22948e+03   -5.64296e+05    2.88972e+03   -4.33120e+05
    Kinetic En.   Total Energy  Conserved En.    Temperature Pressure (bar)
    1.50372e+05   -2.82748e+05   -2.72487e+05    2.99688e+02   -6.17066e+01
   Constr. rmsd
    4.24060e-06

           Step           Time
          16000       32.00000

   Energies (kJ/mol)
           Bond            U-B    Proper Dih.  Improper Dih.          LJ-14
    1.15703e+04    6.16783e+04    4.12731e+04    3.88651e+02    7.60819e+03
     Coulomb-14        LJ (SR)   Coulomb (SR)   Coul. recip.      Potential
   -2.20602e+01    5.59994e+03   -5.62962e+05    2.91101e+03   -4.31954e+05
    Kinetic En.   Total Energy  Conserved En.    Temperature Pressure (bar)
    1.49612e+05   -2.82342e+05   -2.72307e+05    2.98173e+02    5.72927e+01
   Constr. rmsd
    4.24060e-06

           Step           Time
          18000       36.00000

   Energies (kJ/mol)
           Bond            U-B    Proper Dih.  Improper Dih.          LJ-14
    1.15056e+04    6.19524e+04    4.15638e+04    3.91263e+02    7.41068e+03
     Coulomb-14        LJ (SR)   Coulomb (SR)   Coul. recip.      Potential
   -7.48197e+02    5.24743e+03   -5.62338e+05    2.89356e+03   -4.32121e+05
    Kinetic En.   Total Energy  Conserved En.    Temperature Pressure (bar)
    1.50423e+05   -2.81698e+05   -2.72179e+05    2.99791e+02   -6.86889e+01
   Constr. rmsd
    4.24060e-06

           Step           Time
          20000       40.00000

   Energies (kJ/mol)
           Bond            U-B    Proper Dih.  Improper Dih.          LJ-14
    1.13644e+04    6.19383e+04    4.16627e+04    3.49926e+02    7.61400e+03
     Coulomb-14        LJ (SR)   Coulomb (SR)   Coul. recip.      Potential
   -3.18049e+02    6.38057e+03   -5.63035e+05    3.01271e+03   -4.31031e+05
    Kinetic En.   Total Energy  Conserved En.    Temperature Pressure (bar)
    1.51276e+05   -2.79755e+05   -2.72040e+05    3.01490e+02    1.72326e+01
   Constr. rmsd
    4.24060e-06

           Step           Time
          22000       44.00000

   Energies (kJ/mol)
           Bond            U-B    Proper Dih.  Improper Dih.          LJ-14
    1.15264e+04    6.16230e+04    4.16616e+04    3.80249e+02    7.41409e+03
     Coulomb-14        LJ (SR)   Coulomb (SR)   Coul. recip.      Potential
   -8.05875e+02    5.60622e+03   -5.62784e+05    2.90494e+03   -4.32473e+05
    Kinetic En.   Total Energy  Conserved En.    Temperature Pressure (bar)
    1.50922e+05   -2.81551e+05   -2.71942e+05    3.00784e+02   -1.19782e-01
   Constr. rmsd
    4.24060e-06

           Step           Time
          24000       48.00000

   Energies (kJ/mol)
           Bond            U-B    Proper Dih.  Improper Dih.          LJ-14
    1.16091e+04    6.14943e+04    4.15633e+04    3.95600e+02    7.45925e+03
     Coulomb-14        LJ (SR)   Coulomb (SR)   Coul. recip.      Potential
   -3.25517e+02    6.76215e+03   -5.65714e+05    2.98314e+03   -4.33773e+05
    Kinetic En.   Total Energy  Conserved En.    Temperature Pressure (bar)
    1.51113e+05   -2.82660e+05   -2.71776e+05    3.01165e+02   -8.18230e+01
   Constr. rmsd
    4.24060e-06

           Step           Time
          26000       52.00000

   Energies (kJ/mol)
           Bond            U-B    Proper Dih.  Improper Dih.          LJ-14
    1.15608e+04    6.14849e+04    4.17357e+04    3.90447e+02    7.44158e+03
     Coulomb-14        LJ (SR)   Coulomb (SR)   Coul. recip.      Potential
   -5.33897e+02    6.73309e+03   -5.64263e+05    2.93230e+03   -4.32518e+05
    Kinetic En.   Total Energy  Conserved En.    Temperature Pressure (bar)
    1.50900e+05   -2.81618e+05   -2.71643e+05    3.00741e+02   -6.50932e+01
   Constr. rmsd
    4.24060e-06

           Step           Time
          28000       56.00000

   Energies (kJ/mol)
           Bond            U-B    Proper Dih.  Improper Dih.          LJ-14
    1.16580e+04    6.20886e+04    4.16425e+04    3.73679e+02    7.50404e+03
     Coulomb-14        LJ (SR)   Coulomb (SR)   Coul. recip.      Potential
   -8.08279e+02    6.73505e+03   -5.63813e+05    2.99138e+03   -4.31628e+05
    Kinetic En.   Total Energy  Conserved En.    Temperature Pressure (bar)
    1.50552e+05   -2.81076e+05   -2.71440e+05    3.00047e+02   -1.00196e+01
   Constr. rmsd
    4.24060e-06

           Step           Time
          30000       60.00000

   Energies (kJ/mol)
           Bond            U-B    Proper Dih.  Improper Dih.          LJ-14
    1.12284e+04    6.12611e+04    4.16128e+04    3.38038e+02    7.44747e+03
     Coulomb-14        LJ (SR)   Coulomb (SR)   Coul. recip.      Potential
   -3.78884e+02    6.38730e+03   -5.65329e+05    2.89414e+03   -4.34539e+05
    Kinetic En.   Total Energy  Conserved En.    Temperature Pressure (bar)
    1.50804e+05   -2.83735e+05   -2.71361e+05    3.00550e+02    3.28195e+01
   Constr. rmsd
    4.24060e-06

           Step           Time
          32000       64.00000

   Energies (kJ/mol)
           Bond            U-B    Proper Dih.  Improper Dih.          LJ-14
    1.15320e+04    6.17817e+04    4.17154e+04    3.14995e+02    7.56355e+03
     Coulomb-14        LJ (SR)   Coulomb (SR)   Coul. recip.      Potential
   -4.16783e+02    5.30046e+03   -5.62615e+05    2.94447e+03   -4.31879e+05
    Kinetic En.   Total Energy  Conserved En.    Temperature Pressure (bar)
    1.50200e+05   -2.81679e+05   -2.71224e+05    2.99346e+02   -7.49639e+01
   Constr. rmsd
    4.24060e-06

           Step           Time
          34000       68.00000

   Energies (kJ/mol)
           Bond            U-B    Proper Dih.  Improper Dih.          LJ-14
    1.13179e+04    6.16997e+04    4.13914e+04    3.53273e+02    7.39672e+03
     Coulomb-14        LJ (SR)   Coulomb (SR)   Coul. recip.      Potential
   -1.01302e+03    5.65151e+03   -5.62963e+05    2.91780e+03   -4.33247e+05
    Kinetic En.   Total Energy  Conserved En.    Temperature Pressure (bar)
    1.50685e+05   -2.82563e+05   -2.71104e+05    3.00311e+02   -1.00771e+02
   Constr. rmsd
    4.24060e-06

           Step           Time
          36000       72.00000

   Energies (kJ/mol)
           Bond            U-B    Proper Dih.  Improper Dih.          LJ-14
    1.13289e+04    6.13400e+04    4.14652e+04    4.01439e+02    7.65603e+03
     Coulomb-14        LJ (SR)   Coulomb (SR)   Coul. recip.      Potential
   -7.57250e+02    5.80420e+03   -5.63663e+05    2.97774e+03   -4.33447e+05
    Kinetic En.   Total Energy  Conserved En.    Temperature Pressure (bar)
    1.50618e+05   -2.82828e+05   -2.70977e+05    3.00179e+02    4.89006e+01
   Constr. rmsd
    4.24060e-06

           Step           Time
          38000       76.00000

   Energies (kJ/mol)
           Bond            U-B    Proper Dih.  Improper Dih.          LJ-14
    1.15589e+04    6.16061e+04    4.12539e+04    3.99008e+02    7.50439e+03
     Coulomb-14        LJ (SR)   Coulomb (SR)   Coul. recip.      Potential
   -1.04139e+03    4.55667e+03   -5.61663e+05    2.88908e+03   -4.32936e+05
    Kinetic En.   Total Energy  Conserved En.    Temperature Pressure (bar)
    1.50686e+05   -2.82250e+05   -2.70816e+05    3.00314e+02   -3.22245e+01
   Constr. rmsd
    4.24060e-06

           Step           Time
          40000       80.00000

   Energies (kJ/mol)
           Bond            U-B    Proper Dih.  Improper Dih.          LJ-14
    1.13878e+04    6.13901e+04    4.13974e+04    3.83419e+02    7.66241e+03
     Coulomb-14        LJ (SR)   Coulomb (SR)   Coul. recip.      Potential
   -5.74391e+02    6.38916e+03   -5.63623e+05    2.89388e+03   -4.32693e+05
    Kinetic En.   Total Energy  Conserved En.    Temperature Pressure (bar)
    1.51081e+05   -2.81612e+05   -2.70689e+05    3.01101e+02    4.70361e+00
   Constr. rmsd
    4.24060e-06

           Step           Time
          42000       84.00000

   Energies (kJ/mol)
           Bond            U-B    Proper Dih.  Improper Dih.          LJ-14
    1.16516e+04    6.16112e+04    4.19505e+04    3.91233e+02    7.51555e+03
     Coulomb-14        LJ (SR)   Coulomb (SR)   Coul. recip.      Potential
   -9.56987e+02    6.10806e+03   -5.63406e+05    2.96187e+03   -4.32173e+05
    Kinetic En.   Total Energy  Conserved En.    Temperature Pressure (bar)
    1.50683e+05   -2.81491e+05   -2.70512e+05    3.00307e+02   -1.52640e+01
   Constr. rmsd
    4.24060e-06

           Step           Time
          44000       88.00000

   Energies (kJ/mol)
           Bond            U-B    Proper Dih.  Improper Dih.          LJ-14
    1.12489e+04    6.14509e+04    4.15353e+04    3.42796e+02    7.47620e+03
     Coulomb-14        LJ (SR)   Coulomb (SR)   Coul. recip.      Potential
   -1.07507e+03    5.84734e+03   -5.63195e+05    2.94089e+03   -4.33428e+05
    Kinetic En.   Total Energy  Conserved En.    Temperature Pressure (bar)
    1.50483e+05   -2.82945e+05   -2.70387e+05    2.99910e+02    4.63230e+01
   Constr. rmsd
    4.24060e-06

           Step           Time
          46000       92.00000

   Energies (kJ/mol)
           Bond            U-B    Proper Dih.  Improper Dih.          LJ-14
    1.15312e+04    6.17312e+04    4.14170e+04    3.28263e+02    7.58317e+03
     Coulomb-14        LJ (SR)   Coulomb (SR)   Coul. recip.      Potential
   -7.48164e+02    6.51208e+03   -5.63366e+05    2.85194e+03   -4.32159e+05
    Kinetic En.   Total Energy  Conserved En.    Temperature Pressure (bar)
    1.51233e+05   -2.80925e+05   -2.70271e+05    3.01405e+02    3.73730e+01
   Constr. rmsd
    4.24060e-06

           Step           Time
          48000       96.00000

   Energies (kJ/mol)
           Bond            U-B    Proper Dih.  Improper Dih.          LJ-14
    1.19768e+04    6.13452e+04    4.13107e+04    3.91800e+02    7.39476e+03
     Coulomb-14        LJ (SR)   Coulomb (SR)   Coul. recip.      Potential
   -6.31797e+02    4.25213e+03   -5.62802e+05    2.96415e+03   -4.33798e+05
    Kinetic En.   Total Energy  Conserved En.    Temperature Pressure (bar)
    1.51082e+05   -2.82716e+05   -2.70102e+05    3.01104e+02   -1.22329e+02
   Constr. rmsd
    4.24060e-06

           Step           Time
          50000      100.00000

   Energies (kJ/mol)
           Bond            U-B    Proper Dih.  Improper Dih.          LJ-14
    1.16906e+04    6.13755e+04    4.13555e+04    3.52168e+02    7.57383e+03
     Coulomb-14        LJ (SR)   Coulomb (SR)   Coul. recip.      Potential
   -3.87878e+02    5.12210e+03   -5.62494e+05    2.91934e+03   -4.32493e+05
    Kinetic En.   Total Energy  Conserved En.    Temperature Pressure (bar)
    1.51045e+05   -2.81448e+05   -2.69945e+05    3.01029e+02   -8.59476e+01
   Constr. rmsd
    4.24060e-06

           Step           Time
          52000      104.00000

   Energies (kJ/mol)
           Bond            U-B    Proper Dih.  Improper Dih.          LJ-14
    1.14887e+04    6.13499e+04    4.15236e+04    3.76746e+02    7.59861e+03
     Coulomb-14        LJ (SR)   Coulomb (SR)   Coul. recip.      Potential
   -6.41224e+02    5.76354e+03   -5.63216e+05    2.95856e+03   -4.32797e+05
    Kinetic En.   Total Energy  Conserved En.    Temperature Pressure (bar)
    1.50940e+05   -2.81858e+05   -2.69816e+05    3.00820e+02    2.60873e+01
   Constr. rmsd
    4.24060e-06

           Step           Time
          54000      108.00000

   Energies (kJ/mol)
           Bond            U-B    Proper Dih.  Improper Dih.          LJ-14
    1.14191e+04    6.17237e+04    4.15353e+04    3.69608e+02    7.61935e+03
     Coulomb-14        LJ (SR)   Coulomb (SR)   Coul. recip.      Potential
   -2.69437e+02    5.75865e+03   -5.64328e+05    3.01185e+03   -4.33160e+05
    Kinetic En.   Total Energy  Conserved En.    Temperature Pressure (bar)
    1.50102e+05   -2.83058e+05   -2.69616e+05    2.99150e+02   -2.43361e+01
   Constr. rmsd
    4.24060e-06

           Step           Time
          56000      112.00000

   Energies (kJ/mol)
           Bond            U-B    Proper Dih.  Improper Dih.          LJ-14
    1.16331e+04    6.16292e+04    4.12031e+04    4.03994e+02    7.56014e+03
     Coulomb-14        LJ (SR)   Coulomb (SR)   Coul. recip.      Potential
   -2.94704e+02    5.48928e+03   -5.63313e+05    2.94434e+03   -4.32745e+05
    Kinetic En.   Total Energy  Conserved En.    Temperature Pressure (bar)
    1.50900e+05   -2.81845e+05   -2.69516e+05    3.00740e+02   -5.73861e+01
   Constr. rmsd
    4.24060e-06

           Step           Time
          58000      116.00000

   Energies (kJ/mol)
           Bond            U-B    Proper Dih.  Improper Dih.          LJ-14
    1.17342e+04    6.13481e+04    4.12457e+04    3.24891e+02    7.46094e+03
     Coulomb-14        LJ (SR)   Coulomb (SR)   Coul. recip.      Potential
   -9.24332e+01    5.27116e+03   -5.64594e+05    3.05290e+03   -4.34248e+05
    Kinetic En.   Total Energy  Conserved En.    Temperature Pressure (bar)
    1.50281e+05   -2.83968e+05   -2.69364e+05    2.99507e+02   -8.17002e+01
   Constr. rmsd
    4.24060e-06

           Step           Time
          60000      120.00000

   Energies (kJ/mol)
           Bond            U-B    Proper Dih.  Improper Dih.          LJ-14
    1.13408e+04    6.12192e+04    4.15605e+04    3.95024e+02    7.57509e+03
     Coulomb-14        LJ (SR)   Coulomb (SR)   Coul. recip.      Potential
   -5.33287e+02    5.17554e+03   -5.63571e+05    2.95787e+03   -4.33880e+05
    Kinetic En.   Total Energy  Conserved En.    Temperature Pressure (bar)
    1.50207e+05   -2.83674e+05   -2.69242e+05    2.99359e+02   -7.35556e+00
   Constr. rmsd
    4.24060e-06

           Step           Time
          62000      124.00000

   Energies (kJ/mol)
           Bond            U-B    Proper Dih.  Improper Dih.          LJ-14
    1.15005e+04    6.05081e+04    4.13593e+04    3.78072e+02    7.42487e+03
     Coulomb-14        LJ (SR)   Coulomb (SR)   Coul. recip.      Potential
   -5.73322e+02    4.66177e+03   -5.62886e+05    2.91697e+03   -4.34710e+05
    Kinetic En.   Total Energy  Conserved En.    Temperature Pressure (bar)
    1.50621e+05   -2.84089e+05   -2.69172e+05    3.00184e+02   -1.20229e+02
   Constr. rmsd
    4.24060e-06

           Step           Time
          64000      128.00000

   Energies (kJ/mol)
           Bond            U-B    Proper Dih.  Improper Dih.          LJ-14
    1.15340e+04    6.09831e+04    4.13085e+04    4.38602e+02    7.48168e+03
     Coulomb-14        LJ (SR)   Coulomb (SR)   Coul. recip.      Potential
   -5.87918e+02    5.75825e+03   -5.63769e+05    2.94719e+03   -4.33905e+05
    Kinetic En.   Total Energy  Conserved En.    Temperature Pressure (bar)
    1.50237e+05   -2.83668e+05   -2.69015e+05    2.99420e+02   -9.47982e+01
   Constr. rmsd
    4.24060e-06

           Step           Time
          66000      132.00000

   Energies (kJ/mol)
           Bond            U-B    Proper Dih.  Improper Dih.          LJ-14
    1.13080e+04    6.14985e+04    4.13902e+04    3.80727e+02    7.49210e+03
     Coulomb-14        LJ (SR)   Coulomb (SR)   Coul. recip.      Potential
   -7.47071e+02    5.81702e+03   -5.63823e+05    2.91950e+03   -4.33764e+05
    Kinetic En.   Total Energy  Conserved En.    Temperature Pressure (bar)
    1.50267e+05   -2.83497e+05   -2.68887e+05    2.99478e+02   -1.53661e+01
   Constr. rmsd
    4.24060e-06

           Step           Time
          68000      136.00000

   Energies (kJ/mol)
           Bond            U-B    Proper Dih.  Improper Dih.          LJ-14
    1.13841e+04    6.15861e+04    4.16234e+04    3.38640e+02    7.54100e+03
     Coulomb-14        LJ (SR)   Coulomb (SR)   Coul. recip.      Potential
   -1.12941e+03    4.58318e+03   -5.61222e+05    2.90656e+03   -4.32388e+05
    Kinetic En.   Total Energy  Conserved En.    Temperature Pressure (bar)
    1.49985e+05   -2.82403e+05   -2.68674e+05    2.98916e+02   -9.40669e+01
   Constr. rmsd
    4.24060e-06

           Step           Time
          70000      140.00000

   Energies (kJ/mol)
           Bond            U-B    Proper Dih.  Improper Dih.          LJ-14
    1.12903e+04    6.18065e+04    4.13248e+04    3.83757e+02    7.41365e+03
     Coulomb-14        LJ (SR)   Coulomb (SR)   Coul. recip.      Potential
   -9.24450e+02    5.89906e+03   -5.63607e+05    2.91702e+03   -4.33496e+05
    Kinetic En.   Total Energy  Conserved En.    Temperature Pressure (bar)
    1.51160e+05   -2.82336e+05   -2.68574e+05    3.01258e+02   -9.10676e+01
   Constr. rmsd
    4.24060e-06

           Step           Time
          72000      144.00000

   Energies (kJ/mol)
           Bond            U-B    Proper Dih.  Improper Dih.          LJ-14
    1.12100e+04    6.18568e+04    4.16453e+04    4.30506e+02    7.47640e+03
     Coulomb-14        LJ (SR)   Coulomb (SR)   Coul. recip.      Potential
   -1.28556e+03    5.27300e+03   -5.62252e+05    2.90268e+03   -4.32743e+05
    Kinetic En.   Total Energy  Conserved En.    Temperature Pressure (bar)
    1.50910e+05   -2.81833e+05   -2.68406e+05    3.00760e+02   -3.74556e+01
   Constr. rmsd
    4.24060e-06

           Step           Time
          74000      148.00000

   Energies (kJ/mol)
           Bond            U-B    Proper Dih.  Improper Dih.          LJ-14
    1.18028e+04    6.09403e+04    4.18037e+04    4.18088e+02    7.61940e+03
     Coulomb-14        LJ (SR)   Coulomb (SR)   Coul. recip.      Potential
   -8.47294e+02    5.07234e+03   -5.62707e+05    2.87096e+03   -4.33027e+05
    Kinetic En.   Total Energy  Conserved En.    Temperature Pressure (bar)
    1.49778e+05   -2.83249e+05   -2.68266e+05    2.98504e+02   -2.29477e+01
   Constr. rmsd
    4.24060e-06

           Step           Time
          76000      152.00000

   Energies (kJ/mol)
           Bond            U-B    Proper Dih.  Improper Dih.          LJ-14
    1.17593e+04    6.10569e+04    4.14798e+04    3.74638e+02    7.42910e+03
     Coulomb-14        LJ (SR)   Coulomb (SR)   Coul. recip.      Potential
   -8.12232e+02    5.46438e+03   -5.63466e+05    2.83519e+03   -4.33879e+05
    Kinetic En.   Total Energy  Conserved En.    Temperature Pressure (bar)
    1.50956e+05   -2.82922e+05   -2.68144e+05    3.00853e+02   -9.72274e+01
   Constr. rmsd
    4.24060e-06

           Step           Time
          78000      156.00000

   Energies (kJ/mol)
           Bond            U-B    Proper Dih.  Improper Dih.          LJ-14
    1.14473e+04    6.15252e+04    4.13907e+04    3.82804e+02    7.55552e+03
     Coulomb-14        LJ (SR)   Coulomb (SR)   Coul. recip.      Potential
   -7.50685e+02    5.68323e+03   -5.62943e+05    2.88949e+03   -4.32819e+05
    Kinetic En.   Total Energy  Conserved En.    Temperature Pressure (bar)
    1.50988e+05   -2.81831e+05   -2.68022e+05    3.00917e+02   -5.80584e+01
   Constr. rmsd
    4.24060e-06

           Step           Time
          80000      160.00000

   Energies (kJ/mol)
           Bond            U-B    Proper Dih.  Improper Dih.          LJ-14
    1.13344e+04    6.15716e+04    4.15724e+04    3.66213e+02    7.82773e+03
     Coulomb-14        LJ (SR)   Coulomb (SR)   Coul. recip.      Potential
   -1.55381e+02    5.04731e+03   -5.63523e+05    2.83007e+03   -4.33129e+05
    Kinetic En.   Total Energy  Conserved En.    Temperature Pressure (bar)
    1.51710e+05   -2.81419e+05   -2.67839e+05    3.02355e+02   -1.94897e+00
   Constr. rmsd
    4.24060e-06

           Step           Time
          82000      164.00000

   Energies (kJ/mol)
           Bond            U-B    Proper Dih.  Improper Dih.          LJ-14
    1.16522e+04    6.11217e+04    4.16605e+04    4.28378e+02    7.57068e+03
     Coulomb-14        LJ (SR)   Coulomb (SR)   Coul. recip.      Potential
   -1.00632e+03    6.03176e+03   -5.64663e+05    3.01586e+03   -4.34188e+05
    Kinetic En.   Total Energy  Conserved En.    Temperature Pressure (bar)
    1.51034e+05   -2.83154e+05   -2.67758e+05    3.01008e+02    4.21273e+01
   Constr. rmsd
    4.24060e-06

           Step           Time
          84000      168.00000

   Energies (kJ/mol)
           Bond            U-B    Proper Dih.  Improper Dih.          LJ-14
    1.14697e+04    6.20106e+04    4.14542e+04    3.85377e+02    7.58963e+03
     Coulomb-14        LJ (SR)   Coulomb (SR)   Coul. recip.      Potential
   -5.71931e+01    4.66074e+03   -5.62094e+05    2.90411e+03   -4.31677e+05
    Kinetic En.   Total Energy  Conserved En.    Temperature Pressure (bar)
    1.50154e+05   -2.81523e+05   -2.67572e+05    2.99254e+02   -2.85322e+01
   Constr. rmsd
    4.24060e-06

           Step           Time
          86000      172.00000

   Energies (kJ/mol)
           Bond            U-B    Proper Dih.  Improper Dih.          LJ-14
    1.16289e+04    6.16167e+04    4.16797e+04    4.20116e+02    7.46482e+03
     Coulomb-14        LJ (SR)   Coulomb (SR)   Coul. recip.      Potential
   -5.42323e+02    5.59673e+03   -5.64175e+05    2.88529e+03   -4.33425e+05
    Kinetic En.   Total Energy  Conserved En.    Temperature Pressure (bar)
    1.50913e+05   -2.82512e+05   -2.67436e+05    3.00767e+02   -2.38979e+01
   Constr. rmsd
    4.24060e-06

           Step           Time
          88000      176.00000

   Energies (kJ/mol)
           Bond            U-B    Proper Dih.  Improper Dih.          LJ-14
    1.17317e+04    6.15935e+04    4.17126e+04    3.94980e+02    7.54848e+03
     Coulomb-14        LJ (SR)   Coulomb (SR)   Coul. recip.      Potential
   -2.54814e+02    6.94891e+03   -5.65744e+05    2.93727e+03   -4.33132e+05
    Kinetic En.   Total Energy  Conserved En.    Temperature Pressure (bar)
    1.51061e+05   -2.82070e+05   -2.67292e+05    3.01062e+02   -2.02055e+01
   Constr. rmsd
    4.24060e-06

           Step           Time
          90000      180.00000

   Energies (kJ/mol)
           Bond            U-B    Proper Dih.  Improper Dih.          LJ-14
    1.12596e+04    6.18833e+04    4.12030e+04    4.21783e+02    7.59969e+03
     Coulomb-14        LJ (SR)   Coulomb (SR)   Coul. recip.      Potential
   -4.02258e+02    6.39236e+03   -5.65020e+05    2.90263e+03   -4.33760e+05
    Kinetic En.   Total Energy  Conserved En.    Temperature Pressure (bar)
    1.51280e+05   -2.82480e+05   -2.67139e+05    3.01498e+02    5.90792e+01
   Constr. rmsd
    4.24060e-06

           Step           Time
          92000      184.00000

   Energies (kJ/mol)
           Bond            U-B    Proper Dih.  Improper Dih.          LJ-14
    1.14870e+04    6.15025e+04    4.15585e+04    3.53109e+02    7.63891e+03
     Coulomb-14        LJ (SR)   Coulomb (SR)   Coul. recip.      Potential
   -6.52351e+02    5.07892e+03   -5.62430e+05    2.87888e+03   -4.32585e+05
    Kinetic En.   Total Energy  Conserved En.    Temperature Pressure (bar)
    1.50600e+05   -2.81986e+05   -2.66996e+05    3.00142e+02   -4.32522e+01
   Constr. rmsd
    4.24060e-06

           Step           Time
          94000      188.00000

   Energies (kJ/mol)
           Bond            U-B    Proper Dih.  Improper Dih.          LJ-14
    1.13135e+04    6.12940e+04    4.12904e+04    3.42952e+02    7.49909e+03
     Coulomb-14        LJ (SR)   Coulomb (SR)   Coul. recip.      Potential
   -6.61683e+02    4.52133e+03   -5.62649e+05    2.89037e+03   -4.34159e+05
    Kinetic En.   Total Energy  Conserved En.    Temperature Pressure (bar)
    1.50482e+05   -2.83677e+05   -2.66905e+05    2.99907e+02   -1.29480e+02
   Constr. rmsd
    4.24060e-06

           Step           Time
          96000      192.00000

   Energies (kJ/mol)
           Bond            U-B    Proper Dih.  Improper Dih.          LJ-14
    1.15760e+04    6.17028e+04    4.15629e+04    4.38034e+02    7.43342e+03
     Coulomb-14        LJ (SR)   Coulomb (SR)   Coul. recip.      Potential
   -4.25769e+02    7.02621e+03   -5.64704e+05    2.99841e+03   -4.32392e+05
    Kinetic En.   Total Energy  Conserved En.    Temperature Pressure (bar)
    1.51016e+05   -2.81376e+05   -2.66718e+05    3.00972e+02    2.75845e+01
   Constr. rmsd
    4.24060e-06

           Step           Time
          98000      196.00000

   Energies (kJ/mol)
           Bond            U-B    Proper Dih.  Improper Dih.          LJ-14
    1.16039e+04    6.21800e+04    4.15983e+04    3.65541e+02    7.42429e+03
     Coulomb-14        LJ (SR)   Coulomb (SR)   Coul. recip.      Potential
   -5.89755e+02    5.26707e+03   -5.63703e+05    2.95090e+03   -4.32903e+05
    Kinetic En.   Total Energy  Conserved En.    Temperature Pressure (bar)
    1.51559e+05   -2.81344e+05   -2.66569e+05    3.02054e+02   -8.24551e+01
   Constr. rmsd
    4.24060e-06

           Step           Time
         100000      200.00000

   Energies (kJ/mol)
           Bond            U-B    Proper Dih.  Improper Dih.          LJ-14
    1.12250e+04    6.21611e+04    4.14713e+04    3.62230e+02    7.57458e+03
     Coulomb-14        LJ (SR)   Coulomb (SR)   Coul. recip.      Potential
   -6.52559e+02    5.15737e+03   -5.63587e+05    2.83435e+03   -4.33454e+05
    Kinetic En.   Total Energy  Conserved En.    Temperature Pressure (bar)
    1.51026e+05   -2.82427e+05   -2.66436e+05    3.00992e+02   -5.85611e+01
   Constr. rmsd
    4.24060e-06

           Step           Time
         102000      204.00000

   Energies (kJ/mol)
           Bond            U-B    Proper Dih.  Improper Dih.          LJ-14
    1.13812e+04    6.14485e+04    4.14135e+04    3.64048e+02    7.44919e+03
     Coulomb-14        LJ (SR)   Coulomb (SR)   Coul. recip.      Potential
   -3.89257e+02    4.99151e+03   -5.63037e+05    2.95425e+03   -4.33424e+05
    Kinetic En.   Total Energy  Conserved En.    Temperature Pressure (bar)
    1.51263e+05   -2.82161e+05   -2.66358e+05    3.01464e+02   -8.04084e+01
   Constr. rmsd
    4.24060e-06

           Step           Time
         104000      208.00000

   Energies (kJ/mol)
           Bond            U-B    Proper Dih.  Improper Dih.          LJ-14
    1.15808e+04    6.17792e+04    4.17942e+04    3.57194e+02    7.43594e+03
     Coulomb-14        LJ (SR)   Coulomb (SR)   Coul. recip.      Potential
   -1.00826e+03    5.91068e+03   -5.63240e+05    2.90102e+03   -4.32489e+05
    Kinetic En.   Total Energy  Conserved En.    Temperature Pressure (bar)
    1.50081e+05   -2.82408e+05   -2.66132e+05    2.99108e+02   -6.80646e+01
   Constr. rmsd
    4.24060e-06

           Step           Time
         106000      212.00000

   Energies (kJ/mol)
           Bond            U-B    Proper Dih.  Improper Dih.          LJ-14
    1.16040e+04    6.18127e+04    4.16957e+04    4.06309e+02    7.46134e+03
     Coulomb-14        LJ (SR)   Coulomb (SR)   Coul. recip.      Potential
   -5.59220e+02    5.12711e+03   -5.62844e+05    2.91977e+03   -4.32377e+05
    Kinetic En.   Total Energy  Conserved En.    Temperature Pressure (bar)
    1.50700e+05   -2.81677e+05   -2.65991e+05    3.00341e+02    1.01184e+01
   Constr. rmsd
    4.24060e-06

           Step           Time
         108000      216.00000

   Energies (kJ/mol)
           Bond            U-B    Proper Dih.  Improper Dih.          LJ-14
    1.15601e+04    6.14805e+04    4.17767e+04    4.01288e+02    7.62729e+03
     Coulomb-14        LJ (SR)   Coulomb (SR)   Coul. recip.      Potential
   -7.53395e+02    6.39660e+03   -5.63705e+05    2.93150e+03   -4.32284e+05
    Kinetic En.   Total Energy  Conserved En.    Temperature Pressure (bar)
    1.50592e+05   -2.81692e+05   -2.65868e+05    3.00126e+02   -1.89378e+01
   Constr. rmsd
    4.24060e-06

           Step           Time
         110000      220.00000

   Energies (kJ/mol)
           Bond            U-B    Proper Dih.  Improper Dih.          LJ-14
    1.18229e+04    6.13639e+04    4.17373e+04    3.80353e+02    7.39557e+03
     Coulomb-14        LJ (SR)   Coulomb (SR)   Coul. recip.      Potential
   -9.91733e+02    5.14892e+03   -5.61576e+05    2.92983e+03   -4.31789e+05
    Kinetic En.   Total Energy  Conserved En.    Temperature Pressure (bar)
    1.50947e+05   -2.80842e+05   -2.65737e+05    3.00834e+02   -8.60848e+01
   Constr. rmsd
    4.24060e-06

           Step           Time
         112000      224.00000

   Energies (kJ/mol)
           Bond            U-B    Proper Dih.  Improper Dih.          LJ-14
    1.16126e+04    6.16469e+04    4.17076e+04    3.70830e+02    7.59621e+03
     Coulomb-14        LJ (SR)   Coulomb (SR)   Coul. recip.      Potential
   -1.39617e+03    6.08010e+03   -5.63305e+05    2.89231e+03   -4.32795e+05
    Kinetic En.   Total Energy  Conserved En.    Temperature Pressure (bar)
    1.49811e+05   -2.82984e+05   -2.65549e+05    2.98571e+02   -4.62329e+01
   Constr. rmsd
    4.24060e-06

           Step           Time
         114000      228.00000

   Energies (kJ/mol)
           Bond            U-B    Proper Dih.  Improper Dih.          LJ-14
    1.15622e+04    6.14630e+04    4.13977e+04    3.88869e+02    7.51715e+03
     Coulomb-14        LJ (SR)   Coulomb (SR)   Coul. recip.      Potential
   -8.12286e+02    6.02689e+03   -5.63509e+05    2.90930e+03   -4.33056e+05
    Kinetic En.   Total Energy  Conserved En.    Temperature Pressure (bar)
    1.51457e+05   -2.81599e+05   -2.65471e+05    3.01850e+02    1.51851e+01
   Constr. rmsd
    4.24060e-06

           Step           Time
         116000      232.00000

   Energies (kJ/mol)
           Bond            U-B    Proper Dih.  Improper Dih.          LJ-14
    1.13848e+04    6.16843e+04    4.14329e+04    3.87072e+02    7.49955e+03
     Coulomb-14        LJ (SR)   Coulomb (SR)   Coul. recip.      Potential
   -8.17619e+02    5.74693e+03   -5.62959e+05    2.91461e+03   -4.32726e+05
    Kinetic En.   Total Energy  Conserved En.    Temperature Pressure (bar)
    1.49893e+05   -2.82834e+05   -2.65340e+05    2.98733e+02   -3.32708e+01
   Constr. rmsd
    4.24060e-06

           Step           Time
         118000      236.00000

   Energies (kJ/mol)
           Bond            U-B    Proper Dih.  Improper Dih.          LJ-14
    1.14290e+04    6.08390e+04    4.16605e+04    3.99030e+02    7.60187e+03
     Coulomb-14        LJ (SR)   Coulomb (SR)   Coul. recip.      Potential
   -1.00358e+03    4.57326e+03   -5.61050e+05    2.84887e+03   -4.32702e+05
    Kinetic En.   Total Energy  Conserved En.    Temperature Pressure (bar)
    1.50999e+05   -2.81703e+05   -2.65222e+05    3.00937e+02   -8.24520e+01
   Constr. rmsd
    4.24060e-06

           Step           Time
         120000      240.00000

   Energies (kJ/mol)
           Bond            U-B    Proper Dih.  Improper Dih.          LJ-14
    1.14585e+04    6.17005e+04    4.14580e+04    3.60298e+02    7.50540e+03
     Coulomb-14        LJ (SR)   Coulomb (SR)   Coul. recip.      Potential
   -8.60883e+02    5.12872e+03   -5.62524e+05    2.89403e+03   -4.32879e+05
    Kinetic En.   Total Energy  Conserved En.    Temperature Pressure (bar)
    1.50659e+05   -2.82220e+05   -2.65025e+05    3.00260e+02   -2.24505e+01
   Constr. rmsd
    4.24060e-06

           Step           Time
         122000      244.00000

   Energies (kJ/mol)
           Bond            U-B    Proper Dih.  Improper Dih.          LJ-14
    1.15765e+04    6.12678e+04    4.16485e+04    3.89701e+02    7.38875e+03
     Coulomb-14        LJ (SR)   Coulomb (SR)   Coul. recip.      Potential
   -1.10280e+03    5.57749e+03   -5.62184e+05    2.87896e+03   -4.32559e+05
    Kinetic En.   Total Energy  Conserved En.    Temperature Pressure (bar)
    1.50205e+05   -2.82354e+05   -2.64929e+05    2.99356e+02    3.90600e+01
   Constr. rmsd
    4.24060e-06

           Step           Time
         124000      248.00000

   Energies (kJ/mol)
           Bond            U-B    Proper Dih.  Improper Dih.          LJ-14
    1.15839e+04    6.14791e+04    4.11898e+04    3.91992e+02    7.54820e+03
     Coulomb-14        LJ (SR)   Coulomb (SR)   Coul. recip.      Potential
   -1.21604e+03    6.05798e+03   -5.63133e+05    2.89678e+03   -4.33202e+05
    Kinetic En.   Total Energy  Conserved En.    Temperature Pressure (bar)
    1.51014e+05   -2.82188e+05   -2.64742e+05    3.00968e+02    1.86332e+01
   Constr. rmsd
    4.24060e-06

           Step           Time
         126000      252.00000

   Energies (kJ/mol)
           Bond            U-B    Proper Dih.  Improper Dih.          LJ-14
    1.13451e+04    6.16204e+04    4.13071e+04    3.34996e+02    7.51061e+03
     Coulomb-14        LJ (SR)   Coulomb (SR)   Coul. recip.      Potential
   -5.58860e+02    4.30318e+03   -5.61499e+05    2.92958e+03   -4.32707e+05
    Kinetic En.   Total Energy  Conserved En.    Temperature Pressure (bar)
    1.50783e+05   -2.81925e+05   -2.64647e+05    3.00507e+02    1.29508e+01
   Constr. rmsd
    4.24060e-06

           Step           Time
         128000      256.00000

   Energies (kJ/mol)
           Bond            U-B    Proper Dih.  Improper Dih.          LJ-14
    1.12699e+04    6.14415e+04    4.13975e+04    3.67063e+02    7.44845e+03
     Coulomb-14        LJ (SR)   Coulomb (SR)   Coul. recip.      Potential
   -5.02630e+02    6.39900e+03   -5.63301e+05    3.00138e+03   -4.32479e+05
    Kinetic En.   Total Energy  Conserved En.    Temperature Pressure (bar)
    1.51132e+05   -2.81347e+05   -2.64512e+05    3.01203e+02    9.00353e+00
   Constr. rmsd
    4.24060e-06

           Step           Time
         130000      260.00000

   Energies (kJ/mol)
           Bond            U-B    Proper Dih.  Improper Dih.          LJ-14
    1.16426e+04    6.09009e+04    4.15923e+04    3.38172e+02    7.40787e+03
     Coulomb-14        LJ (SR)   Coulomb (SR)   Coul. recip.      Potential
   -1.55888e+03    5.66339e+03   -5.62097e+05    2.93232e+03   -4.33178e+05
    Kinetic En.   Total Energy  Conserved En.    Temperature Pressure (bar)
    1.50987e+05   -2.82191e+05   -2.64424e+05    3.00914e+02   -3.39177e+00
   Constr. rmsd
    4.24060e-06

           Step           Time
         132000      264.00000

   Energies (kJ/mol)
           Bond            U-B    Proper Dih.  Improper Dih.          LJ-14
    1.16327e+04    6.11401e+04    4.14827e+04    3.39023e+02    7.58322e+03
     Coulomb-14        LJ (SR)   Coulomb (SR)   Coul. recip.      Potential
   -7.53169e+02    4.94454e+03   -5.61308e+05    2.91784e+03   -4.32021e+05
    Kinetic En.   Total Energy  Conserved En.    Temperature Pressure (bar)
    1.51142e+05   -2.80879e+05   -2.64231e+05    3.01224e+02   -2.84513e+01
   Constr. rmsd
    4.24060e-06

           Step           Time
         134000      268.00000

   Energies (kJ/mol)
           Bond            U-B    Proper Dih.  Improper Dih.          LJ-14
    1.11760e+04    6.16766e+04    4.15506e+04    3.71532e+02    7.53869e+03
     Coulomb-14        LJ (SR)   Coulomb (SR)   Coul. recip.      Potential
   -8.96027e+02    4.39386e+03   -5.60568e+05    2.94040e+03   -4.31816e+05
    Kinetic En.   Total Energy  Conserved En.    Temperature Pressure (bar)
    1.51614e+05   -2.80202e+05   -2.64107e+05    3.02164e+02   -2.90896e+01
   Constr. rmsd
    4.24060e-06

           Step           Time
         136000      272.00000

   Energies (kJ/mol)
           Bond            U-B    Proper Dih.  Improper Dih.          LJ-14
    1.15839e+04    6.15253e+04    4.18046e+04    4.32211e+02    7.59601e+03
     Coulomb-14        LJ (SR)   Coulomb (SR)   Coul. recip.      Potential
   -8.35877e+02    5.40267e+03   -5.62125e+05    3.01037e+03   -4.31606e+05
    Kinetic En.   Total Energy  Conserved En.    Temperature Pressure (bar)
    1.51764e+05   -2.79842e+05   -2.63928e+05    3.02462e+02    4.91949e+01
   Constr. rmsd
    4.24060e-06

           Step           Time
         138000      276.00000

   Energies (kJ/mol)
           Bond            U-B    Proper Dih.  Improper Dih.          LJ-14
    1.16825e+04    6.13446e+04    4.15948e+04    4.20888e+02    7.62295e+03
     Coulomb-14        LJ (SR)   Coulomb (SR)   Coul. recip.      Potential
   -5.19459e+02    5.83186e+03   -5.63463e+05    2.96721e+03   -4.32518e+05
    Kinetic En.   Total Energy  Conserved En.    Temperature Pressure (bar)
    1.50794e+05   -2.81724e+05   -2.63721e+05    3.00530e+02   -3.30642e+01
   Constr. rmsd
    4.24060e-06

           Step           Time
         140000      280.00000

   Energies (kJ/mol)
           Bond            U-B    Proper Dih.  Improper Dih.          LJ-14
    1.13180e+04    6.15752e+04    4.15273e+04    3.24854e+02    7.53394e+03
     Coulomb-14        LJ (SR)   Coulomb (SR)   Coul. recip.      Potential
   -6.59384e+02    5.65487e+03   -5.63362e+05    2.96691e+03   -4.33120e+05
    Kinetic En.   Total Energy  Conserved En.    Temperature Pressure (bar)
    1.50629e+05   -2.82491e+05   -2.63635e+05    3.00201e+02   -7.52455e+01
   Constr. rmsd
    4.24060e-06

Writing checkpoint, step 141120 at Wed Sep  4 09:33:09 2024


           Step           Time
         142000      284.00000

   Energies (kJ/mol)
           Bond            U-B    Proper Dih.  Improper Dih.          LJ-14
    1.13056e+04    6.11840e+04    4.12937e+04    3.54693e+02    7.53149e+03
     Coulomb-14        LJ (SR)   Coulomb (SR)   Coul. recip.      Potential
   -5.38729e+02    5.04046e+03   -5.62436e+05    2.99694e+03   -4.33268e+05
    Kinetic En.   Total Energy  Conserved En.    Temperature Pressure (bar)
    1.51431e+05   -2.81837e+05   -2.63546e+05    3.01800e+02    6.12076e+01
   Constr. rmsd
    4.24060e-06

           Step           Time
         144000      288.00000

   Energies (kJ/mol)
           Bond            U-B    Proper Dih.  Improper Dih.          LJ-14
    1.13736e+04    6.05535e+04    4.14148e+04    3.61701e+02    7.65276e+03
     Coulomb-14        LJ (SR)   Coulomb (SR)   Coul. recip.      Potential
   -4.67235e+02    5.90462e+03   -5.63234e+05    2.94673e+03   -4.33493e+05
    Kinetic En.   Total Energy  Conserved En.    Temperature Pressure (bar)
    1.50051e+05   -2.83443e+05   -2.63410e+05    2.99048e+02   -5.06046e+01
   Constr. rmsd
    4.24060e-06

           Step           Time
         146000      292.00000

   Energies (kJ/mol)
           Bond            U-B    Proper Dih.  Improper Dih.          LJ-14
    1.16274e+04    6.10297e+04    4.14007e+04    3.51746e+02    7.48169e+03
     Coulomb-14        LJ (SR)   Coulomb (SR)   Coul. recip.      Potential
   -8.19594e+02    6.10677e+03   -5.63354e+05    3.01604e+03   -4.33160e+05
    Kinetic En.   Total Energy  Conserved En.    Temperature Pressure (bar)
    1.51215e+05   -2.81945e+05   -2.63282e+05    3.01368e+02    7.55407e+01
   Constr. rmsd
    4.24060e-06

           Step           Time
         148000      296.00000

   Energies (kJ/mol)
           Bond            U-B    Proper Dih.  Improper Dih.          LJ-14
    1.12222e+04    6.13010e+04    4.12777e+04    4.02121e+02    7.55986e+03
     Coulomb-14        LJ (SR)   Coulomb (SR)   Coul. recip.      Potential
   -4.13964e+02    4.56724e+03   -5.62923e+05    2.85834e+03   -4.34148e+05
    Kinetic En.   Total Energy  Conserved En.    Temperature Pressure (bar)
    1.51270e+05   -2.82878e+05   -2.63107e+05    3.01478e+02   -4.94659e+01
   Constr. rmsd
    4.24060e-06

           Step           Time
         150000      300.00000

   Energies (kJ/mol)
           Bond            U-B    Proper Dih.  Improper Dih.          LJ-14
    1.14136e+04    6.11689e+04    4.16259e+04    4.07911e+02    7.60923e+03
     Coulomb-14        LJ (SR)   Coulomb (SR)   Coul. recip.      Potential
   -5.68323e+02    5.02038e+03   -5.62219e+05    2.87827e+03   -4.32663e+05
    Kinetic En.   Total Energy  Conserved En.    Temperature Pressure (bar)
    1.50833e+05   -2.81830e+05   -2.62966e+05    3.00607e+02   -5.10487e+01
   Constr. rmsd
    4.24060e-06

           Step           Time
         152000      304.00000

   Energies (kJ/mol)
           Bond            U-B    Proper Dih.  Improper Dih.          LJ-14
    1.11821e+04    6.13392e+04    4.15702e+04    4.20073e+02    7.57071e+03
     Coulomb-14        LJ (SR)   Coulomb (SR)   Coul. recip.      Potential
   -3.53559e+02    4.90414e+03   -5.62603e+05    2.92323e+03   -4.33047e+05
    Kinetic En.   Total Energy  Conserved En.    Temperature Pressure (bar)
    1.51204e+05   -2.81843e+05   -2.62817e+05    3.01347e+02   -2.55640e+01
   Constr. rmsd
    4.24060e-06

           Step           Time
         154000      308.00000

   Energies (kJ/mol)
           Bond            U-B    Proper Dih.  Improper Dih.          LJ-14
    1.19120e+04    6.13176e+04    4.12742e+04    3.66526e+02    7.48991e+03
     Coulomb-14        LJ (SR)   Coulomb (SR)   Coul. recip.      Potential
   -4.33686e+02    6.15585e+03   -5.63559e+05    2.92896e+03   -4.32547e+05
    Kinetic En.   Total Energy  Conserved En.    Temperature Pressure (bar)
    1.50517e+05   -2.82030e+05   -2.62646e+05    2.99977e+02    1.39132e+01
   Constr. rmsd
    4.24060e-06

           Step           Time
         156000      312.00000

   Energies (kJ/mol)
           Bond            U-B    Proper Dih.  Improper Dih.          LJ-14
    1.16283e+04    6.10392e+04    4.12639e+04    4.10778e+02    7.65005e+03
     Coulomb-14        LJ (SR)   Coulomb (SR)   Coul. recip.      Potential
   -2.25535e+02    4.87215e+03   -5.62766e+05    2.84887e+03   -4.33278e+05
    Kinetic En.   Total Energy  Conserved En.    Temperature Pressure (bar)
    1.50721e+05   -2.82558e+05   -2.62543e+05    3.00383e+02   -3.64918e-01
   Constr. rmsd
    4.24060e-06

           Step           Time
         158000      316.00000

   Energies (kJ/mol)
           Bond            U-B    Proper Dih.  Improper Dih.          LJ-14
    1.14721e+04    6.09210e+04    4.15698e+04    3.27016e+02    7.59338e+03
     Coulomb-14        LJ (SR)   Coulomb (SR)   Coul. recip.      Potential
   -5.84462e+02    5.59864e+03   -5.63986e+05    2.94645e+03   -4.34143e+05
    Kinetic En.   Total Energy  Conserved En.    Temperature Pressure (bar)
    1.50694e+05   -2.83449e+05   -2.62438e+05    3.00329e+02   -1.09375e+01
   Constr. rmsd
    4.24060e-06

           Step           Time
         160000      320.00000

   Energies (kJ/mol)
           Bond            U-B    Proper Dih.  Improper Dih.          LJ-14
    1.16590e+04    6.16359e+04    4.17128e+04    3.93555e+02    7.47730e+03
     Coulomb-14        LJ (SR)   Coulomb (SR)   Coul. recip.      Potential
   -1.36051e+02    5.23667e+03   -5.63701e+05    2.86872e+03   -4.32853e+05
    Kinetic En.   Total Energy  Conserved En.    Temperature Pressure (bar)
    1.49894e+05   -2.82959e+05   -2.62219e+05    2.98736e+02   -8.91540e+01
   Constr. rmsd
    4.24060e-06

           Step           Time
         162000      324.00000

   Energies (kJ/mol)
           Bond            U-B    Proper Dih.  Improper Dih.          LJ-14
    1.15027e+04    6.07411e+04    4.11747e+04    3.85832e+02    7.48245e+03
     Coulomb-14        LJ (SR)   Coulomb (SR)   Coul. recip.      Potential
   -3.33906e+02    6.38499e+03   -5.65310e+05    2.93779e+03   -4.35034e+05
    Kinetic En.   Total Energy  Conserved En.    Temperature Pressure (bar)
    1.51573e+05   -2.83461e+05   -2.62164e+05    3.02082e+02    2.77569e+00
   Constr. rmsd
    4.24060e-06

           Step           Time
         164000      328.00000

   Energies (kJ/mol)
           Bond            U-B    Proper Dih.  Improper Dih.          LJ-14
    1.13367e+04    6.15435e+04    4.13456e+04    3.57544e+02    7.55470e+03
     Coulomb-14        LJ (SR)   Coulomb (SR)   Coul. recip.      Potential
   -5.24196e+01    4.68852e+03   -5.63561e+05    2.91152e+03   -4.33875e+05
    Kinetic En.   Total Energy  Conserved En.    Temperature Pressure (bar)
    1.50366e+05   -2.83509e+05   -2.61999e+05    2.99677e+02   -1.03612e+02
   Constr. rmsd
    4.24060e-06

           Step           Time
         166000      332.00000

   Energies (kJ/mol)
           Bond            U-B    Proper Dih.  Improper Dih.          LJ-14
    1.15812e+04    6.14618e+04    4.13806e+04    3.85375e+02    7.44648e+03
     Coulomb-14        LJ (SR)   Coulomb (SR)   Coul. recip.      Potential
   -6.93514e+02    5.91816e+03   -5.64922e+05    2.81109e+03   -4.34630e+05
    Kinetic En.   Total Energy  Conserved En.    Temperature Pressure (bar)
    1.49969e+05   -2.84661e+05   -2.61829e+05    2.98886e+02   -2.37364e+01
   Constr. rmsd
    4.24060e-06

           Step           Time
         168000      336.00000

   Energies (kJ/mol)
           Bond            U-B    Proper Dih.  Improper Dih.          LJ-14
    1.14474e+04    6.25349e+04    4.17934e+04    4.31554e+02    7.48454e+03
     Coulomb-14        LJ (SR)   Coulomb (SR)   Coul. recip.      Potential
   -5.25942e+02    4.92042e+03   -5.62424e+05    2.91386e+03   -4.31423e+05
    Kinetic En.   Total Energy  Conserved En.    Temperature Pressure (bar)
    1.50990e+05   -2.80433e+05   -2.61705e+05    3.00920e+02   -4.25582e+01
   Constr. rmsd
    4.24060e-06

           Step           Time
         170000      340.00000

   Energies (kJ/mol)
           Bond            U-B    Proper Dih.  Improper Dih.          LJ-14
    1.15762e+04    6.11447e+04    4.14082e+04    3.57154e+02    7.63873e+03
     Coulomb-14        LJ (SR)   Coulomb (SR)   Coul. recip.      Potential
   -2.97715e+02    5.16657e+03   -5.64013e+05    2.83455e+03   -4.34184e+05
    Kinetic En.   Total Energy  Conserved En.    Temperature Pressure (bar)
    1.50254e+05   -2.83931e+05   -2.61573e+05    2.99453e+02   -3.30557e+01
   Constr. rmsd
    4.24060e-06

           Step           Time
         172000      344.00000

   Energies (kJ/mol)
           Bond            U-B    Proper Dih.  Improper Dih.          LJ-14
    1.15912e+04    6.12473e+04    4.15722e+04    3.54251e+02    7.47853e+03
     Coulomb-14        LJ (SR)   Coulomb (SR)   Coul. recip.      Potential
   -6.53941e+02    5.69355e+03   -5.63163e+05    2.88491e+03   -4.32995e+05
    Kinetic En.   Total Energy  Conserved En.    Temperature Pressure (bar)
    1.49569e+05   -2.83425e+05   -2.61410e+05    2.98088e+02   -2.92030e+01
   Constr. rmsd
    4.24060e-06

           Step           Time
         174000      348.00000

   Energies (kJ/mol)
           Bond            U-B    Proper Dih.  Improper Dih.          LJ-14
    1.14746e+04    6.12151e+04    4.13640e+04    4.07510e+02    7.44145e+03
     Coulomb-14        LJ (SR)   Coulomb (SR)   Coul. recip.      Potential
   -6.96311e+02    5.00760e+03   -5.63170e+05    2.90774e+03   -4.34048e+05
    Kinetic En.   Total Energy  Conserved En.    Temperature Pressure (bar)
    1.51016e+05   -2.83032e+05   -2.61327e+05    3.00972e+02   -6.46258e+01
   Constr. rmsd
    4.24060e-06

           Step           Time
         176000      352.00000

   Energies (kJ/mol)
           Bond            U-B    Proper Dih.  Improper Dih.          LJ-14
    1.15012e+04    6.12654e+04    4.17000e+04    3.61918e+02    7.49744e+03
     Coulomb-14        LJ (SR)   Coulomb (SR)   Coul. recip.      Potential
   -6.10570e+02    5.39425e+03   -5.63665e+05    2.92228e+03   -4.33633e+05
    Kinetic En.   Total Energy  Conserved En.    Temperature Pressure (bar)
    1.50355e+05   -2.83278e+05   -2.61139e+05    2.99655e+02   -1.36665e+01
   Constr. rmsd
    4.24060e-06

           Step           Time
         178000      356.00000

   Energies (kJ/mol)
           Bond            U-B    Proper Dih.  Improper Dih.          LJ-14
    1.15366e+04    6.08661e+04    4.15540e+04    4.15595e+02    7.64196e+03
     Coulomb-14        LJ (SR)   Coulomb (SR)   Coul. recip.      Potential
   -6.10304e+02    6.76497e+03   -5.65508e+05    2.84670e+03   -4.34493e+05
    Kinetic En.   Total Energy  Conserved En.    Temperature Pressure (bar)
    1.49740e+05   -2.84752e+05   -2.60992e+05    2.98429e+02    5.84374e+01
   Constr. rmsd
    4.24060e-06

           Step           Time
         180000      360.00000

   Energies (kJ/mol)
           Bond            U-B    Proper Dih.  Improper Dih.          LJ-14
    1.14694e+04    6.14605e+04    4.11382e+04    4.10989e+02    7.34963e+03
     Coulomb-14        LJ (SR)   Coulomb (SR)   Coul. recip.      Potential
   -4.82900e+02    4.78447e+03   -5.64395e+05    2.83114e+03   -4.35433e+05
    Kinetic En.   Total Energy  Conserved En.    Temperature Pressure (bar)
    1.49934e+05   -2.85499e+05   -2.60845e+05    2.98816e+02   -6.01592e+01
   Constr. rmsd
    4.24060e-06

           Step           Time
         182000      364.00000

   Energies (kJ/mol)
           Bond            U-B    Proper Dih.  Improper Dih.          LJ-14
    1.16303e+04    6.15009e+04    4.16530e+04    3.67930e+02    7.50014e+03
     Coulomb-14        LJ (SR)   Coulomb (SR)   Coul. recip.      Potential
   -3.70694e+02    5.04629e+03   -5.63269e+05    2.90207e+03   -4.33039e+05
    Kinetic En.   Total Energy  Conserved En.    Temperature Pressure (bar)
    1.50725e+05   -2.82313e+05   -2.60691e+05    3.00393e+02   -1.93176e+01
   Constr. rmsd
    4.24060e-06

           Step           Time
         184000      368.00000

   Energies (kJ/mol)
           Bond            U-B    Proper Dih.  Improper Dih.          LJ-14
    1.14885e+04    6.19982e+04    4.15301e+04    3.87930e+02    7.54667e+03
     Coulomb-14        LJ (SR)   Coulomb (SR)   Coul. recip.      Potential
   -3.11695e+02    5.54805e+03   -5.64105e+05    2.90924e+03   -4.33008e+05
    Kinetic En.   Total Energy  Conserved En.    Temperature Pressure (bar)
    1.50607e+05   -2.82402e+05   -2.60521e+05    3.00156e+02    3.19826e+01
   Constr. rmsd
    4.24060e-06

           Step           Time
         186000      372.00000

   Energies (kJ/mol)
           Bond            U-B    Proper Dih.  Improper Dih.          LJ-14
    1.17784e+04    6.16107e+04    4.16625e+04    3.65996e+02    7.63564e+03
     Coulomb-14        LJ (SR)   Coulomb (SR)   Coul. recip.      Potential
   -5.58740e+02    5.89618e+03   -5.65344e+05    2.85924e+03   -4.34094e+05
    Kinetic En.   Total Energy  Conserved En.    Temperature Pressure (bar)
    1.49916e+05   -2.84179e+05   -2.60390e+05    2.98779e+02    1.16583e+01
   Constr. rmsd
    4.24060e-06

           Step           Time
         188000      376.00000

   Energies (kJ/mol)
           Bond            U-B    Proper Dih.  Improper Dih.          LJ-14
    1.17406e+04    6.12372e+04    4.15852e+04    3.76644e+02    7.67239e+03
     Coulomb-14        LJ (SR)   Coulomb (SR)   Coul. recip.      Potential
   -5.80306e+02    5.20019e+03   -5.65128e+05    2.77234e+03   -4.35124e+05
    Kinetic En.   Total Energy  Conserved En.    Temperature Pressure (bar)
    1.50133e+05   -2.84991e+05   -2.60250e+05    2.99212e+02    4.23979e+01
   Constr. rmsd
    4.24060e-06

           Step           Time
         190000      380.00000

   Energies (kJ/mol)
           Bond            U-B    Proper Dih.  Improper Dih.          LJ-14
    1.14963e+04    6.11014e+04    4.13135e+04    3.67713e+02    7.54275e+03
     Coulomb-14        LJ (SR)   Coulomb (SR)   Coul. recip.      Potential
   -4.28246e+02    6.03769e+03   -5.64053e+05    2.90885e+03   -4.33713e+05
    Kinetic En.   Total Energy  Conserved En.    Temperature Pressure (bar)
    1.49153e+05   -2.84561e+05   -2.60142e+05    2.97258e+02   -4.75786e+01
   Constr. rmsd
    4.24060e-06

           Step           Time
         192000      384.00000

   Energies (kJ/mol)
           Bond            U-B    Proper Dih.  Improper Dih.          LJ-14
    1.14044e+04    6.13958e+04    4.17026e+04    4.00937e+02    7.52351e+03
     Coulomb-14        LJ (SR)   Coulomb (SR)   Coul. recip.      Potential
   -1.02854e+03    4.86066e+03   -5.63894e+05    2.81891e+03   -4.34815e+05
    Kinetic En.   Total Energy  Conserved En.    Temperature Pressure (bar)
    1.49561e+05   -2.85254e+05   -2.59992e+05    2.98072e+02   -1.76583e+01
   Constr. rmsd
    4.24060e-06

           Step           Time
         194000      388.00000

   Energies (kJ/mol)
           Bond            U-B    Proper Dih.  Improper Dih.          LJ-14
    1.13135e+04    6.11729e+04    4.14482e+04    3.44309e+02    7.58619e+03
     Coulomb-14        LJ (SR)   Coulomb (SR)   Coul. recip.      Potential
   -5.16443e+02    4.86103e+03   -5.63722e+05    2.85460e+03   -4.34658e+05
    Kinetic En.   Total Energy  Conserved En.    Temperature Pressure (bar)
    1.50507e+05   -2.84151e+05   -2.59918e+05    2.99958e+02   -1.84895e+01
   Constr. rmsd
    4.24060e-06

           Step           Time
         196000      392.00000

   Energies (kJ/mol)
           Bond            U-B    Proper Dih.  Improper Dih.          LJ-14
    1.10832e+04    6.13786e+04    4.15798e+04    3.63143e+02    7.60344e+03
     Coulomb-14        LJ (SR)   Coulomb (SR)   Coul. recip.      Potential
   -7.18816e+02    5.80882e+03   -5.63644e+05    2.85645e+03   -4.33690e+05
    Kinetic En.   Total Energy  Conserved En.    Temperature Pressure (bar)
    1.50906e+05   -2.82784e+05   -2.59785e+05    3.00752e+02    4.13894e+01
   Constr. rmsd
    4.24060e-06

           Step           Time
         198000      396.00000

   Energies (kJ/mol)
           Bond            U-B    Proper Dih.  Improper Dih.          LJ-14
    1.12597e+04    6.12083e+04    4.14363e+04    3.88214e+02    7.58724e+03
     Coulomb-14        LJ (SR)   Coulomb (SR)   Coul. recip.      Potential
   -2.13873e+02    4.59132e+03   -5.63642e+05    2.85811e+03   -4.34526e+05
    Kinetic En.   Total Energy  Conserved En.    Temperature Pressure (bar)
    1.50291e+05   -2.84235e+05   -2.59569e+05    2.99527e+02   -9.89825e+00
   Constr. rmsd
    4.24060e-06

           Step           Time
         200000      400.00000

   Energies (kJ/mol)
           Bond            U-B    Proper Dih.  Improper Dih.          LJ-14
    1.13965e+04    6.17152e+04    4.15460e+04    4.44615e+02    7.57499e+03
     Coulomb-14        LJ (SR)   Coulomb (SR)   Coul. recip.      Potential
   -1.24911e+03    4.82851e+03   -5.61988e+05    2.93773e+03   -4.32793e+05
    Kinetic En.   Total Energy  Conserved En.    Temperature Pressure (bar)
    1.50077e+05   -2.82717e+05   -2.59443e+05    2.99100e+02   -2.47673e+01
   Constr. rmsd
    4.24060e-06

           Step           Time
         202000      404.00000

   Energies (kJ/mol)
           Bond            U-B    Proper Dih.  Improper Dih.          LJ-14
    1.12544e+04    6.15127e+04    4.13483e+04    4.45193e+02    7.41733e+03
     Coulomb-14        LJ (SR)   Coulomb (SR)   Coul. recip.      Potential
   -1.07980e+03    5.09113e+03   -5.63248e+05    2.91557e+03   -4.34344e+05
    Kinetic En.   Total Energy  Conserved En.    Temperature Pressure (bar)
    1.50980e+05   -2.83364e+05   -2.59364e+05    3.00899e+02   -5.10962e+01
   Constr. rmsd
    4.24060e-06

           Step           Time
         204000      408.00000

   Energies (kJ/mol)
           Bond            U-B    Proper Dih.  Improper Dih.          LJ-14
    1.15779e+04    6.12104e+04    4.14675e+04    3.99988e+02    7.49364e+03
     Coulomb-14        LJ (SR)   Coulomb (SR)   Coul. recip.      Potential
   -8.97119e+02    5.54662e+03   -5.63238e+05    2.94240e+03   -4.33496e+05
    Kinetic En.   Total Energy  Conserved En.    Temperature Pressure (bar)
    1.50304e+05   -2.83192e+05   -2.59174e+05    2.99553e+02   -1.99167e+01
   Constr. rmsd
    4.24060e-06

           Step           Time
         206000      412.00000

   Energies (kJ/mol)
           Bond            U-B    Proper Dih.  Improper Dih.          LJ-14
    1.12200e+04    6.12132e+04    4.20970e+04    3.57027e+02    7.69366e+03
     Coulomb-14        LJ (SR)   Coulomb (SR)   Coul. recip.      Potential
   -9.47198e+02    5.53002e+03   -5.63495e+05    2.89769e+03   -4.33434e+05
    Kinetic En.   Total Energy  Conserved En.    Temperature Pressure (bar)
    1.49937e+05   -2.83497e+05   -2.59013e+05    2.98822e+02    6.64858e+01
   Constr. rmsd
    4.24060e-06

           Step           Time
         208000      416.00000

   Energies (kJ/mol)
           Bond            U-B    Proper Dih.  Improper Dih.          LJ-14
    1.15881e+04    6.20961e+04    4.16807e+04    3.56745e+02    7.53846e+03
     Coulomb-14        LJ (SR)   Coulomb (SR)   Coul. recip.      Potential
   -1.03010e+03    6.45564e+03   -5.64838e+05    2.95882e+03   -4.33194e+05
    Kinetic En.   Total Energy  Conserved En.    Temperature Pressure (bar)
    1.50934e+05   -2.82260e+05   -2.58856e+05    3.00808e+02   -1.89270e+01
   Constr. rmsd
    4.24060e-06

           Step           Time
         210000      420.00000

   Energies (kJ/mol)
           Bond            U-B    Proper Dih.  Improper Dih.          LJ-14
    1.15045e+04    6.16628e+04    4.14572e+04    3.66086e+02    7.44369e+03
     Coulomb-14        LJ (SR)   Coulomb (SR)   Coul. recip.      Potential
   -7.87780e+02    5.44358e+03   -5.62838e+05    2.92879e+03   -4.32819e+05
    Kinetic En.   Total Energy  Conserved En.    Temperature Pressure (bar)
    1.50687e+05   -2.82132e+05   -2.58765e+05    3.00316e+02   -1.74880e+01
   Constr. rmsd
    4.24060e-06

           Step           Time
         212000      424.00000

   Energies (kJ/mol)
           Bond            U-B    Proper Dih.  Improper Dih.          LJ-14
    1.14860e+04    6.19971e+04    4.17112e+04    3.98803e+02    7.50250e+03
     Coulomb-14        LJ (SR)   Coulomb (SR)   Coul. recip.      Potential
   -5.38350e+02    5.27495e+03   -5.63566e+05    2.94930e+03   -4.32784e+05
    Kinetic En.   Total Energy  Conserved En.    Temperature Pressure (bar)
    1.50399e+05   -2.82385e+05   -2.58609e+05    2.99743e+02   -1.07128e+01
   Constr. rmsd
    4.24060e-06

           Step           Time
         214000      428.00000

   Energies (kJ/mol)
           Bond            U-B    Proper Dih.  Improper Dih.          LJ-14
    1.15721e+04    6.16080e+04    4.14273e+04    3.67302e+02    7.54778e+03
     Coulomb-14        LJ (SR)   Coulomb (SR)   Coul. recip.      Potential
   -9.99142e+02    6.02771e+03   -5.64740e+05    2.87861e+03   -4.34310e+05
    Kinetic En.   Total Energy  Conserved En.    Temperature Pressure (bar)
    1.51335e+05   -2.82975e+05   -2.58475e+05    3.01608e+02    6.51108e+01
   Constr. rmsd
    4.24060e-06

           Step           Time
         216000      432.00000

   Energies (kJ/mol)
           Bond            U-B    Proper Dih.  Improper Dih.          LJ-14
    1.16321e+04    6.19548e+04    4.14289e+04    3.97941e+02    7.54061e+03
     Coulomb-14        LJ (SR)   Coulomb (SR)   Coul. recip.      Potential
   -8.26677e+02    5.99379e+03   -5.63074e+05    2.89304e+03   -4.32060e+05
    Kinetic En.   Total Energy  Conserved En.    Temperature Pressure (bar)
    1.50146e+05   -2.81914e+05   -2.58328e+05    2.99238e+02   -1.04987e+00
   Constr. rmsd
    4.24060e-06

           Step           Time
         218000      436.00000

   Energies (kJ/mol)
           Bond            U-B    Proper Dih.  Improper Dih.          LJ-14
    1.15632e+04    6.16705e+04    4.16619e+04    3.82278e+02    7.45850e+03
     Coulomb-14        LJ (SR)   Coulomb (SR)   Coul. recip.      Potential
   -8.61678e+02    4.90537e+03   -5.62410e+05    2.91332e+03   -4.32716e+05
    Kinetic En.   Total Energy  Conserved En.    Temperature Pressure (bar)
    1.50244e+05   -2.82472e+05   -2.58232e+05    2.99433e+02   -7.49134e+01
   Constr. rmsd
    4.24060e-06

           Step           Time
         220000      440.00000

   Energies (kJ/mol)
           Bond            U-B    Proper Dih.  Improper Dih.          LJ-14
    1.14979e+04    6.16032e+04    4.15979e+04    3.64740e+02    7.48738e+03
     Coulomb-14        LJ (SR)   Coulomb (SR)   Coul. recip.      Potential
   -7.37936e+02    4.85948e+03   -5.62479e+05    2.89048e+03   -4.32916e+05
    Kinetic En.   Total Energy  Conserved En.    Temperature Pressure (bar)
    1.50909e+05   -2.82007e+05   -2.58072e+05    3.00758e+02   -4.27416e+00
   Constr. rmsd
    4.24060e-06

           Step           Time
         222000      444.00000

   Energies (kJ/mol)
           Bond            U-B    Proper Dih.  Improper Dih.          LJ-14
    1.17655e+04    6.12478e+04    4.13909e+04    4.01968e+02    7.42256e+03
     Coulomb-14        LJ (SR)   Coulomb (SR)   Coul. recip.      Potential
   -6.28719e+02    5.25539e+03   -5.63520e+05    2.87295e+03   -4.33791e+05
    Kinetic En.   Total Energy  Conserved En.    Temperature Pressure (bar)
    1.50322e+05   -2.83469e+05   -2.57954e+05    2.99589e+02   -5.21144e+01
   Constr. rmsd
    4.24060e-06

           Step           Time
         224000      448.00000

   Energies (kJ/mol)
           Bond            U-B    Proper Dih.  Improper Dih.          LJ-14
    1.13220e+04    6.15381e+04    4.14768e+04    4.11516e+02    7.50946e+03
     Coulomb-14        LJ (SR)   Coulomb (SR)   Coul. recip.      Potential
   -7.91577e+02    4.88400e+03   -5.62849e+05    2.89279e+03   -4.33606e+05
    Kinetic En.   Total Energy  Conserved En.    Temperature Pressure (bar)
    1.49404e+05   -2.84202e+05   -2.57793e+05    2.97759e+02   -5.38818e+01
   Constr. rmsd
    4.24060e-06

           Step           Time
         226000      452.00000

   Energies (kJ/mol)
           Bond            U-B    Proper Dih.  Improper Dih.          LJ-14
    1.15531e+04    6.23813e+04    4.11557e+04    3.43243e+02    7.41298e+03
     Coulomb-14        LJ (SR)   Coulomb (SR)   Coul. recip.      Potential
   -1.18371e+03    5.27659e+03   -5.63134e+05    2.91688e+03   -4.33278e+05
    Kinetic En.   Total Energy  Conserved En.    Temperature Pressure (bar)
    1.49840e+05   -2.83437e+05   -2.57629e+05    2.98629e+02   -1.67842e+01
   Constr. rmsd
    4.24060e-06

           Step           Time
         228000      456.00000

   Energies (kJ/mol)
           Bond            U-B    Proper Dih.  Improper Dih.          LJ-14
    1.14759e+04    6.19536e+04    4.12096e+04    4.08051e+02    7.39978e+03
     Coulomb-14        LJ (SR)   Coulomb (SR)   Coul. recip.      Potential
   -1.15150e+03    5.52332e+03   -5.63362e+05    2.85782e+03   -4.33685e+05
    Kinetic En.   Total Energy  Conserved En.    Temperature Pressure (bar)
    1.52124e+05   -2.81561e+05   -2.57572e+05    3.03181e+02   -4.08916e+01
   Constr. rmsd
    4.24060e-06

           Step           Time
         230000      460.00000

   Energies (kJ/mol)
           Bond            U-B    Proper Dih.  Improper Dih.          LJ-14
    1.13516e+04    6.10977e+04    4.14296e+04    4.11924e+02    7.58510e+03
     Coulomb-14        LJ (SR)   Coulomb (SR)   Coul. recip.      Potential
   -2.85966e+02    4.46760e+03   -5.62964e+05    2.89199e+03   -4.34014e+05
    Kinetic En.   Total Energy  Conserved En.    Temperature Pressure (bar)
    1.51229e+05   -2.82785e+05   -2.57450e+05    3.01397e+02   -9.80531e+01
   Constr. rmsd
    4.24060e-06

           Step           Time
         232000      464.00000

   Energies (kJ/mol)
           Bond            U-B    Proper Dih.  Improper Dih.          LJ-14
    1.13272e+04    6.17663e+04    4.14996e+04    3.94440e+02    7.64188e+03
     Coulomb-14        LJ (SR)   Coulomb (SR)   Coul. recip.      Potential
   -5.91179e+02    5.77412e+03   -5.64098e+05    2.86115e+03   -4.33425e+05
    Kinetic En.   Total Energy  Conserved En.    Temperature Pressure (bar)
    1.50108e+05   -2.83317e+05   -2.57246e+05    2.99162e+02   -2.71112e+01
   Constr. rmsd
    4.24060e-06

           Step           Time
         234000      468.00000

   Energies (kJ/mol)
           Bond            U-B    Proper Dih.  Improper Dih.          LJ-14
    1.18163e+04    6.15425e+04    4.12744e+04    3.66472e+02    7.48822e+03
     Coulomb-14        LJ (SR)   Coulomb (SR)   Coul. recip.      Potential
   -4.81095e+02    5.82023e+03   -5.64139e+05    2.89218e+03   -4.33420e+05
    Kinetic En.   Total Energy  Conserved En.    Temperature Pressure (bar)
    1.49767e+05   -2.83653e+05   -2.57090e+05    2.98482e+02   -3.13962e+01
   Constr. rmsd
    4.24060e-06

Writing checkpoint, step 235040 at Wed Sep  4 09:48:14 2024


           Step           Time
         236000      472.00000

   Energies (kJ/mol)
           Bond            U-B    Proper Dih.  Improper Dih.          LJ-14
    1.15325e+04    6.20869e+04    4.17195e+04    4.15186e+02    7.49116e+03
     Coulomb-14        LJ (SR)   Coulomb (SR)   Coul. recip.      Potential
   -5.11264e+02    5.14250e+03   -5.63626e+05    2.85816e+03   -4.32891e+05
    Kinetic En.   Total Energy  Conserved En.    Temperature Pressure (bar)
    1.49970e+05   -2.82921e+05   -2.56921e+05    2.98888e+02   -2.26043e+01
   Constr. rmsd
    4.24060e-06

           Step           Time
         238000      476.00000

   Energies (kJ/mol)
           Bond            U-B    Proper Dih.  Improper Dih.          LJ-14
    1.14174e+04    6.15404e+04    4.14171e+04    3.59126e+02    7.46553e+03
     Coulomb-14        LJ (SR)   Coulomb (SR)   Coul. recip.      Potential
   -1.40652e+02    4.43332e+03   -5.63211e+05    2.90633e+03   -4.33813e+05
    Kinetic En.   Total Energy  Conserved En.    Temperature Pressure (bar)
    1.50555e+05   -2.83258e+05   -2.56829e+05    3.00053e+02   -3.40734e+01
   Constr. rmsd
    4.24060e-06

           Step           Time
         240000      480.00000

   Energies (kJ/mol)
           Bond            U-B    Proper Dih.  Improper Dih.          LJ-14
    1.13920e+04    6.16275e+04    4.16027e+04    3.97546e+02    7.40680e+03
     Coulomb-14        LJ (SR)   Coulomb (SR)   Coul. recip.      Potential
   -6.34710e+02    6.56409e+03   -5.64924e+05    2.89430e+03   -4.33674e+05
    Kinetic En.   Total Energy  Conserved En.    Temperature Pressure (bar)
    1.50588e+05   -2.83086e+05   -2.56689e+05    3.00119e+02   -2.79131e+01
   Constr. rmsd
    4.24060e-06

           Step           Time
         242000      484.00000

   Energies (kJ/mol)
           Bond            U-B    Proper Dih.  Improper Dih.          LJ-14
    1.14408e+04    6.09497e+04    4.14234e+04    3.79989e+02    7.33150e+03
     Coulomb-14        LJ (SR)   Coulomb (SR)   Coul. recip.      Potential
    1.16785e+01    5.49767e+03   -5.64484e+05    2.91335e+03   -4.34536e+05
    Kinetic En.   Total Energy  Conserved En.    Temperature Pressure (bar)
    1.50478e+05   -2.84057e+05   -2.56603e+05    2.99900e+02   -9.78900e+00
   Constr. rmsd
    4.24060e-06

           Step           Time
         244000      488.00000

   Energies (kJ/mol)
           Bond            U-B    Proper Dih.  Improper Dih.          LJ-14
    1.16079e+04    6.16749e+04    4.12497e+04    3.35318e+02    7.62244e+03
     Coulomb-14        LJ (SR)   Coulomb (SR)   Coul. recip.      Potential
   -5.33610e+02    5.52797e+03   -5.63808e+05    2.99002e+03   -4.33334e+05
    Kinetic En.   Total Energy  Conserved En.    Temperature Pressure (bar)
    1.50319e+05   -2.83015e+05   -2.56429e+05    2.99583e+02   -8.74578e+00
   Constr. rmsd
    4.24060e-06

           Step           Time
         246000      492.00000

   Energies (kJ/mol)
           Bond            U-B    Proper Dih.  Improper Dih.          LJ-14
    1.13908e+04    6.14675e+04    4.13189e+04    3.77184e+02    7.57173e+03
     Coulomb-14        LJ (SR)   Coulomb (SR)   Coul. recip.      Potential
   -1.29961e+02    6.21740e+03   -5.64650e+05    2.92725e+03   -4.33509e+05
    Kinetic En.   Total Energy  Conserved En.    Temperature Pressure (bar)
    1.51183e+05   -2.82326e+05   -2.56292e+05    3.01305e+02    9.09111e+01
   Constr. rmsd
    4.24060e-06

           Step           Time
         248000      496.00000

   Energies (kJ/mol)
           Bond            U-B    Proper Dih.  Improper Dih.          LJ-14
    1.12119e+04    6.17977e+04    4.11089e+04    4.12721e+02    7.49033e+03
     Coulomb-14        LJ (SR)   Coulomb (SR)   Coul. recip.      Potential
   -3.60034e+02    5.66744e+03   -5.63451e+05    3.00011e+03   -4.33122e+05
    Kinetic En.   Total Energy  Conserved En.    Temperature Pressure (bar)
    1.50780e+05   -2.82342e+05   -2.56182e+05    3.00501e+02   -6.19544e+01
   Constr. rmsd
    4.24060e-06

           Step           Time
         250000      500.00000

   Energies (kJ/mol)
           Bond            U-B    Proper Dih.  Improper Dih.          LJ-14
    1.17643e+04    6.16794e+04    4.14175e+04    4.24085e+02    7.52211e+03
     Coulomb-14        LJ (SR)   Coulomb (SR)   Coul. recip.      Potential
   -4.20043e+02    4.57944e+03   -5.62980e+05    2.94749e+03   -4.33066e+05
    Kinetic En.   Total Energy  Conserved En.    Temperature Pressure (bar)
    1.49750e+05   -2.83316e+05   -2.56001e+05    2.98448e+02   -1.26536e+02
   Constr. rmsd
    4.24060e-06

           Step           Time
         252000      504.00000

   Energies (kJ/mol)
           Bond            U-B    Proper Dih.  Improper Dih.          LJ-14
    1.14653e+04    6.16158e+04    4.15804e+04    3.71510e+02    7.51049e+03
     Coulomb-14        LJ (SR)   Coulomb (SR)   Coul. recip.      Potential
   -3.95599e+02    5.34233e+03   -5.62309e+05    2.87524e+03   -4.31943e+05
    Kinetic En.   Total Energy  Conserved En.    Temperature Pressure (bar)
    1.51200e+05   -2.80743e+05   -2.55917e+05    3.01339e+02    2.21080e+01
   Constr. rmsd
    4.24060e-06

           Step           Time
         254000      508.00000

   Energies (kJ/mol)
           Bond            U-B    Proper Dih.  Improper Dih.          LJ-14
    1.15319e+04    6.10735e+04    4.12939e+04    3.75238e+02    7.63253e+03
     Coulomb-14        LJ (SR)   Coulomb (SR)   Coul. recip.      Potential
   -8.16107e+01    5.56321e+03   -5.63887e+05    2.83110e+03   -4.33667e+05
    Kinetic En.   Total Energy  Conserved En.    Temperature Pressure (bar)
    1.50457e+05   -2.83210e+05   -2.55781e+05    2.99857e+02   -6.50802e+01
   Constr. rmsd
    4.24060e-06

           Step           Time
         256000      512.00000

   Energies (kJ/mol)
           Bond            U-B    Proper Dih.  Improper Dih.          LJ-14
    1.14738e+04    6.07737e+04    4.14794e+04    3.88699e+02    7.35771e+03
     Coulomb-14        LJ (SR)   Coulomb (SR)   Coul. recip.      Potential
   -6.23485e+02    5.68811e+03   -5.63211e+05    2.86081e+03   -4.33813e+05
    Kinetic En.   Total Energy  Conserved En.    Temperature Pressure (bar)
    1.50668e+05   -2.83145e+05   -2.55655e+05    3.00278e+02   -7.69735e+01
   Constr. rmsd
    4.24060e-06

           Step           Time
         258000      516.00000

   Energies (kJ/mol)
           Bond            U-B    Proper Dih.  Improper Dih.          LJ-14
    1.13079e+04    6.18384e+04    4.14197e+04    3.89637e+02    7.47081e+03
     Coulomb-14        LJ (SR)   Coulomb (SR)   Coul. recip.      Potential
   -5.51663e+02    5.21608e+03   -5.62843e+05    2.95551e+03   -4.32797e+05
    Kinetic En.   Total Energy  Conserved En.    Temperature Pressure (bar)
    1.51420e+05   -2.81376e+05   -2.55510e+05    3.01778e+02   -3.09505e+01
   Constr. rmsd
    4.24060e-06

           Step           Time
         260000      520.00000

   Energies (kJ/mol)
           Bond            U-B    Proper Dih.  Improper Dih.          LJ-14
    1.12178e+04    6.10134e+04    4.14521e+04    3.74298e+02    7.65105e+03
     Coulomb-14        LJ (SR)   Coulomb (SR)   Coul. recip.      Potential
   -2.54711e+02    5.18070e+03   -5.62200e+05    3.01286e+03   -4.32552e+05
    Kinetic En.   Total Energy  Conserved En.    Temperature Pressure (bar)
    1.49197e+05   -2.83355e+05   -2.55331e+05    2.97346e+02   -2.87888e+00
   Constr. rmsd
    4.24060e-06

           Step           Time
         262000      524.00000

   Energies (kJ/mol)
           Bond            U-B    Proper Dih.  Improper Dih.          LJ-14
    1.13481e+04    6.15484e+04    4.15763e+04    3.98602e+02    7.62723e+03
     Coulomb-14        LJ (SR)   Coulomb (SR)   Coul. recip.      Potential
   -3.02074e+02    5.06384e+03   -5.61279e+05    2.91051e+03   -4.31109e+05
    Kinetic En.   Total Energy  Conserved En.    Temperature Pressure (bar)
    1.50895e+05   -2.80213e+05   -2.55194e+05    3.00731e+02   -1.54291e+01
   Constr. rmsd
    4.24060e-06

           Step           Time
         264000      528.00000

   Energies (kJ/mol)
           Bond            U-B    Proper Dih.  Improper Dih.          LJ-14
    1.15835e+04    6.12424e+04    4.13455e+04    4.39662e+02    7.54915e+03
     Coulomb-14        LJ (SR)   Coulomb (SR)   Coul. recip.      Potential
   -4.48322e+02    5.85401e+03   -5.63496e+05    2.88429e+03   -4.33046e+05
    Kinetic En.   Total Energy  Conserved En.    Temperature Pressure (bar)
    1.51482e+05   -2.81564e+05   -2.55075e+05    3.01900e+02    4.67507e+01
   Constr. rmsd
    4.24060e-06

           Step           Time
         266000      532.00000

   Energies (kJ/mol)
           Bond            U-B    Proper Dih.  Improper Dih.          LJ-14
    1.12863e+04    6.13137e+04    4.12644e+04    4.08996e+02    7.61661e+03
     Coulomb-14        LJ (SR)   Coulomb (SR)   Coul. recip.      Potential
    2.60496e+02    5.65917e+03   -5.62477e+05    2.95876e+03   -4.31709e+05
    Kinetic En.   Total Energy  Conserved En.    Temperature Pressure (bar)
    1.49835e+05   -2.81874e+05   -2.54907e+05    2.98618e+02   -8.08165e+01
   Constr. rmsd
    4.24060e-06

           Step           Time
         268000      536.00000

   Energies (kJ/mol)
           Bond            U-B    Proper Dih.  Improper Dih.          LJ-14
    1.15951e+04    6.07825e+04    4.13909e+04    3.68452e+02    7.63952e+03
     Coulomb-14        LJ (SR)   Coulomb (SR)   Coul. recip.      Potential
   -6.06539e+02    6.00490e+03   -5.63060e+05    2.99076e+03   -4.32894e+05
    Kinetic En.   Total Energy  Conserved En.    Temperature Pressure (bar)
    1.51371e+05   -2.81523e+05   -2.54798e+05    3.01679e+02   -4.30576e+01
   Constr. rmsd
    4.24060e-06

           Step           Time
         270000      540.00000

   Energies (kJ/mol)
           Bond            U-B    Proper Dih.  Improper Dih.          LJ-14
    1.16512e+04    6.10599e+04    4.14394e+04    3.75342e+02    7.48366e+03
     Coulomb-14        LJ (SR)   Coulomb (SR)   Coul. recip.      Potential
   -7.28254e+02    5.11932e+03   -5.61969e+05    2.96543e+03   -4.32602e+05
    Kinetic En.   Total Energy  Conserved En.    Temperature Pressure (bar)
    1.50919e+05   -2.81684e+05   -2.54691e+05    3.00778e+02   -7.42611e+01
   Constr. rmsd
    4.24060e-06

           Step           Time
         272000      544.00000

   Energies (kJ/mol)
           Bond            U-B    Proper Dih.  Improper Dih.          LJ-14
    1.16154e+04    6.11420e+04    4.16551e+04    4.20347e+02    7.54574e+03
     Coulomb-14        LJ (SR)   Coulomb (SR)   Coul. recip.      Potential
   -8.94970e+02    6.42753e+03   -5.63308e+05    2.90612e+03   -4.32490e+05
    Kinetic En.   Total Energy  Conserved En.    Temperature Pressure (bar)
    1.50650e+05   -2.81840e+05   -2.54545e+05    3.00243e+02    5.18120e+01
   Constr. rmsd
    4.24060e-06

           Step           Time
         274000      548.00000

   Energies (kJ/mol)
           Bond            U-B    Proper Dih.  Improper Dih.          LJ-14
    1.11301e+04    6.13656e+04    4.18777e+04    3.48340e+02    7.46502e+03
     Coulomb-14        LJ (SR)   Coulomb (SR)   Coul. recip.      Potential
   -8.24283e+02    5.00195e+03   -5.61867e+05    2.88537e+03   -4.32618e+05
    Kinetic En.   Total Energy  Conserved En.    Temperature Pressure (bar)
    1.50810e+05   -2.81808e+05   -2.54468e+05    3.00561e+02   -4.67651e+01
   Constr. rmsd
    4.24060e-06

           Step           Time
         276000      552.00000

   Energies (kJ/mol)
           Bond            U-B    Proper Dih.  Improper Dih.          LJ-14
    1.13518e+04    6.13615e+04    4.15012e+04    3.25749e+02    7.48298e+03
     Coulomb-14        LJ (SR)   Coulomb (SR)   Coul. recip.      Potential
   -3.30487e+02    6.42788e+03   -5.62715e+05    2.92962e+03   -4.31665e+05
    Kinetic En.   Total Energy  Conserved En.    Temperature Pressure (bar)
    1.50049e+05   -2.81616e+05   -2.54281e+05    2.99044e+02   -1.19098e+01
   Constr. rmsd
    4.24060e-06

           Step           Time
         278000      556.00000

   Energies (kJ/mol)
           Bond            U-B    Proper Dih.  Improper Dih.          LJ-14
    1.15638e+04    6.11152e+04    4.14681e+04    3.81033e+02    7.54344e+03
     Coulomb-14        LJ (SR)   Coulomb (SR)   Coul. recip.      Potential
   -5.13774e+02    5.58296e+03   -5.62663e+05    2.89487e+03   -4.32628e+05
    Kinetic En.   Total Energy  Conserved En.    Temperature Pressure (bar)
    1.51138e+05   -2.81489e+05   -2.54100e+05    3.01216e+02   -4.19837e+01
   Constr. rmsd
    4.24060e-06

           Step           Time
         280000      560.00000

   Energies (kJ/mol)
           Bond            U-B    Proper Dih.  Improper Dih.          LJ-14
    1.11027e+04    6.12355e+04    4.13432e+04    4.07311e+02    7.52049e+03
     Coulomb-14        LJ (SR)   Coulomb (SR)   Coul. recip.      Potential
   -8.87505e+02    4.97280e+03   -5.61395e+05    2.98570e+03   -4.32715e+05
    Kinetic En.   Total Energy  Conserved En.    Temperature Pressure (bar)
    1.50905e+05   -2.81810e+05   -2.54008e+05    3.00751e+02   -1.11560e+00
   Constr. rmsd
    4.24060e-06

           Step           Time
         282000      564.00000

   Energies (kJ/mol)
           Bond            U-B    Proper Dih.  Improper Dih.          LJ-14
    1.14257e+04    6.15494e+04    4.11571e+04    3.60038e+02    7.48548e+03
     Coulomb-14        LJ (SR)   Coulomb (SR)   Coul. recip.      Potential
   -3.00177e+02    5.16657e+03   -5.62561e+05    3.00036e+03   -4.32717e+05
    Kinetic En.   Total Energy  Conserved En.    Temperature Pressure (bar)
    1.50128e+05   -2.82589e+05   -2.53837e+05    2.99202e+02   -1.15409e+02
   Constr. rmsd
    4.24060e-06

           Step           Time
         284000      568.00000

   Energies (kJ/mol)
           Bond            U-B    Proper Dih.  Improper Dih.          LJ-14
    1.16153e+04    6.08931e+04    4.14600e+04    3.64146e+02    7.46241e+03
     Coulomb-14        LJ (SR)   Coulomb (SR)   Coul. recip.      Potential
   -6.28440e+02    5.73763e+03   -5.62413e+05    2.93609e+03   -4.32573e+05
    Kinetic En.   Total Energy  Conserved En.    Temperature Pressure (bar)
    1.50460e+05   -2.82113e+05   -2.53705e+05    2.99864e+02   -8.55995e+00
   Constr. rmsd
    4.24060e-06

           Step           Time
         286000      572.00000

   Energies (kJ/mol)
           Bond            U-B    Proper Dih.  Improper Dih.          LJ-14
    1.16699e+04    6.11066e+04    4.14900e+04    3.97850e+02    7.40131e+03
     Coulomb-14        LJ (SR)   Coulomb (SR)   Coul. recip.      Potential
   -7.66058e+02    5.89480e+03   -5.62862e+05    2.92930e+03   -4.32739e+05
    Kinetic En.   Total Energy  Conserved En.    Temperature Pressure (bar)
    1.51725e+05   -2.81014e+05   -2.53570e+05    3.02385e+02   -2.99283e+01
   Constr. rmsd
    4.24060e-06

           Step           Time
         288000      576.00000

   Energies (kJ/mol)
           Bond            U-B    Proper Dih.  Improper Dih.          LJ-14
    1.13573e+04    6.09844e+04    4.16303e+04    3.97945e+02    7.46887e+03
     Coulomb-14        LJ (SR)   Coulomb (SR)   Coul. recip.      Potential
   -6.47428e+02    4.82933e+03   -5.62823e+05    2.91745e+03   -4.33885e+05
    Kinetic En.   Total Energy  Conserved En.    Temperature Pressure (bar)
    1.50162e+05   -2.83723e+05   -2.53396e+05    2.99270e+02   -1.06726e+02
   Constr. rmsd
    4.24060e-06

           Step           Time
         290000      580.00000

   Energies (kJ/mol)
           Bond            U-B    Proper Dih.  Improper Dih.          LJ-14
    1.13422e+04    6.06538e+04    4.13140e+04    3.77596e+02    7.63692e+03
     Coulomb-14        LJ (SR)   Coulomb (SR)   Coul. recip.      Potential
   -4.38253e+02    6.08701e+03   -5.63411e+05    2.91517e+03   -4.33523e+05
    Kinetic En.   Total Energy  Conserved En.    Temperature Pressure (bar)
    1.50045e+05   -2.83477e+05   -2.53312e+05    2.99037e+02   -1.91027e+01
   Constr. rmsd
    4.24060e-06

           Step           Time
         292000      584.00000

   Energies (kJ/mol)
           Bond            U-B    Proper Dih.  Improper Dih.          LJ-14
    1.15342e+04    6.09730e+04    4.17744e+04    3.97336e+02    7.53244e+03
     Coulomb-14        LJ (SR)   Coulomb (SR)   Coul. recip.      Potential
   -3.78053e+02    6.00926e+03   -5.63223e+05    2.96561e+03   -4.32414e+05
    Kinetic En.   Total Energy  Conserved En.    Temperature Pressure (bar)
    1.49235e+05   -2.83180e+05   -2.53154e+05    2.97422e+02   -7.81260e+01
   Constr. rmsd
    4.24060e-06

           Step           Time
         294000      588.00000

   Energies (kJ/mol)
           Bond            U-B    Proper Dih.  Improper Dih.          LJ-14
    1.15488e+04    6.07857e+04    4.15550e+04    4.00477e+02    7.35363e+03
     Coulomb-14        LJ (SR)   Coulomb (SR)   Coul. recip.      Potential
   -8.72562e+02    5.85421e+03   -5.62767e+05    2.94286e+03   -4.33199e+05
    Kinetic En.   Total Energy  Conserved En.    Temperature Pressure (bar)
    1.50373e+05   -2.82827e+05   -2.53054e+05    2.99690e+02   -1.06026e+01
   Constr. rmsd
    4.24060e-06

           Step           Time
         296000      592.00000

   Energies (kJ/mol)
           Bond            U-B    Proper Dih.  Improper Dih.          LJ-14
    1.15810e+04    6.04546e+04    4.14452e+04    4.27207e+02    7.54995e+03
     Coulomb-14        LJ (SR)   Coulomb (SR)   Coul. recip.      Potential
   -5.60514e+02    5.23965e+03   -5.63119e+05    2.98440e+03   -4.33998e+05
    Kinetic En.   Total Energy  Conserved En.    Temperature Pressure (bar)
    1.50590e+05   -2.83408e+05   -2.52931e+05    3.00123e+02   -4.29472e+01
   Constr. rmsd
    4.24060e-06

           Step           Time
         298000      596.00000

   Energies (kJ/mol)
           Bond            U-B    Proper Dih.  Improper Dih.          LJ-14
    1.12082e+04    6.04896e+04    4.16594e+04    3.61783e+02    7.64237e+03
     Coulomb-14        LJ (SR)   Coulomb (SR)   Coul. recip.      Potential
   -6.33449e+02    6.05756e+03   -5.63822e+05    2.84030e+03   -4.34197e+05
    Kinetic En.   Total Energy  Conserved En.    Temperature Pressure (bar)
    1.50706e+05   -2.83491e+05   -2.52796e+05    3.00354e+02   -8.57662e+00
   Constr. rmsd
    4.24060e-06

           Step           Time
         300000      600.00000

   Energies (kJ/mol)
           Bond            U-B    Proper Dih.  Improper Dih.          LJ-14
    1.14473e+04    6.14770e+04    4.14078e+04    4.39350e+02    7.62322e+03
     Coulomb-14        LJ (SR)   Coulomb (SR)   Coul. recip.      Potential
    4.91650e+01    5.54923e+03   -5.62605e+05    2.91353e+03   -4.31698e+05
    Kinetic En.   Total Energy  Conserved En.    Temperature Pressure (bar)
    1.49632e+05   -2.82066e+05   -2.52576e+05    2.98214e+02   -3.95675e+01
   Constr. rmsd
    4.24060e-06

           Step           Time
         302000      604.00000

   Energies (kJ/mol)
           Bond            U-B    Proper Dih.  Improper Dih.          LJ-14
    1.13968e+04    6.12630e+04    4.19409e+04    3.94211e+02    7.41153e+03
     Coulomb-14        LJ (SR)   Coulomb (SR)   Coul. recip.      Potential
   -7.63417e+02    4.93423e+03   -5.62762e+05    2.91635e+03   -4.33269e+05
    Kinetic En.   Total Energy  Conserved En.    Temperature Pressure (bar)
    1.49942e+05   -2.83326e+05   -2.52505e+05    2.98832e+02   -1.42590e+02
   Constr. rmsd
    4.24060e-06

           Step           Time
         304000      608.00000

   Energies (kJ/mol)
           Bond            U-B    Proper Dih.  Improper Dih.          LJ-14
    1.13337e+04    6.15627e+04    4.17718e+04    4.43987e+02    7.53774e+03
     Coulomb-14        LJ (SR)   Coulomb (SR)   Coul. recip.      Potential
   -8.84886e+02    6.17479e+03   -5.63497e+05    2.96509e+03   -4.32592e+05
    Kinetic En.   Total Energy  Conserved En.    Temperature Pressure (bar)
    1.50888e+05   -2.81704e+05   -2.52384e+05    3.00717e+02    7.43442e+01
   Constr. rmsd
    4.24060e-06

           Step           Time
         306000      612.00000

   Energies (kJ/mol)
           Bond            U-B    Proper Dih.  Improper Dih.          LJ-14
    1.15512e+04    6.12763e+04    4.14787e+04    3.32261e+02    7.63962e+03
     Coulomb-14        LJ (SR)   Coulomb (SR)   Coul. recip.      Potential
   -6.96996e+02    5.63833e+03   -5.62927e+05    2.98657e+03   -4.32721e+05
    Kinetic En.   Total Energy  Conserved En.    Temperature Pressure (bar)
    1.51643e+05   -2.81078e+05   -2.52211e+05    3.02221e+02   -3.47636e+01
   Constr. rmsd
    4.24060e-06

           Step           Time
         308000      616.00000

   Energies (kJ/mol)
           Bond            U-B    Proper Dih.  Improper Dih.          LJ-14
    1.15982e+04    6.11928e+04    4.17400e+04    4.47578e+02    7.28799e+03
     Coulomb-14        LJ (SR)   Coulomb (SR)   Coul. recip.      Potential
   -1.21912e+03    5.63394e+03   -5.62491e+05    2.88837e+03   -4.32921e+05
    Kinetic En.   Total Energy  Conserved En.    Temperature Pressure (bar)
    1.50802e+05   -2.82119e+05   -2.52078e+05    3.00546e+02   -1.08897e+02
   Constr. rmsd
    4.24060e-06

           Step           Time
         310000      620.00000

   Energies (kJ/mol)
           Bond            U-B    Proper Dih.  Improper Dih.          LJ-14
    1.15050e+04    6.10870e+04    4.13833e+04    4.40460e+02    7.52934e+03
     Coulomb-14        LJ (SR)   Coulomb (SR)   Coul. recip.      Potential
   -8.37997e+02    5.67762e+03   -5.63015e+05    2.92978e+03   -4.33301e+05
    Kinetic En.   Total Energy  Conserved En.    Temperature Pressure (bar)
    1.50442e+05   -2.82858e+05   -2.51927e+05    2.99828e+02    3.38565e+01
   Constr. rmsd
    4.24060e-06

           Step           Time
         312000      624.00000

   Energies (kJ/mol)
           Bond            U-B    Proper Dih.  Improper Dih.          LJ-14
    1.12920e+04    6.12398e+04    4.17163e+04    3.95174e+02    7.61922e+03
     Coulomb-14        LJ (SR)   Coulomb (SR)   Coul. recip.      Potential
   -6.81710e+02    5.13764e+03   -5.61966e+05    3.01198e+03   -4.32236e+05
    Kinetic En.   Total Energy  Conserved En.    Temperature Pressure (bar)
    1.50527e+05   -2.81709e+05   -2.51847e+05    2.99997e+02   -2.67273e+01
   Constr. rmsd
    4.24060e-06

           Step           Time
         314000      628.00000

   Energies (kJ/mol)
           Bond            U-B    Proper Dih.  Improper Dih.          LJ-14
    1.15265e+04    6.10195e+04    4.16633e+04    3.38979e+02    7.48456e+03
     Coulomb-14        LJ (SR)   Coulomb (SR)   Coul. recip.      Potential
   -9.42293e+02    7.46226e+03   -5.64516e+05    2.94034e+03   -4.33022e+05
    Kinetic En.   Total Energy  Conserved En.    Temperature Pressure (bar)
    1.50732e+05   -2.82290e+05   -2.51680e+05    3.00406e+02    8.09852e+01
   Constr. rmsd
    4.24060e-06

           Step           Time
         316000      632.00000

   Energies (kJ/mol)
           Bond            U-B    Proper Dih.  Improper Dih.          LJ-14
    1.13827e+04    6.13329e+04    4.17484e+04    3.25010e+02    7.45545e+03
     Coulomb-14        LJ (SR)   Coulomb (SR)   Coul. recip.      Potential
   -1.61810e+03    5.19108e+03   -5.61427e+05    2.89781e+03   -4.32712e+05
    Kinetic En.   Total Energy  Conserved En.    Temperature Pressure (bar)
    1.50829e+05   -2.81883e+05   -2.51566e+05    3.00599e+02   -4.22991e+01
   Constr. rmsd
    4.24060e-06

           Step           Time
         318000      636.00000

   Energies (kJ/mol)
           Bond            U-B    Proper Dih.  Improper Dih.          LJ-14
    1.14915e+04    6.17510e+04    4.17415e+04    3.96913e+02    7.46121e+03
     Coulomb-14        LJ (SR)   Coulomb (SR)   Coul. recip.      Potential
   -1.32642e+03    6.44935e+03   -5.63643e+05    2.95387e+03   -4.32724e+05
    Kinetic En.   Total Energy  Conserved En.    Temperature Pressure (bar)
    1.50488e+05   -2.82236e+05   -2.51376e+05    2.99920e+02   -7.30413e+01
   Constr. rmsd
    4.24060e-06

           Step           Time
         320000      640.00000

   Energies (kJ/mol)
           Bond            U-B    Proper Dih.  Improper Dih.          LJ-14
    1.12210e+04    6.10996e+04    4.14851e+04    3.85151e+02    7.42253e+03
     Coulomb-14        LJ (SR)   Coulomb (SR)   Coul. recip.      Potential
   -1.24934e+03    5.30229e+03   -5.62574e+05    2.88092e+03   -4.34027e+05
    Kinetic En.   Total Energy  Conserved En.    Temperature Pressure (bar)
    1.50141e+05   -2.83886e+05   -2.51236e+05    2.99227e+02   -2.69998e+01
   Constr. rmsd
    4.24060e-06

           Step           Time
         322000      644.00000

   Energies (kJ/mol)
           Bond            U-B    Proper Dih.  Improper Dih.          LJ-14
    1.15119e+04    6.16624e+04    4.19327e+04    4.22491e+02    7.56890e+03
     Coulomb-14        LJ (SR)   Coulomb (SR)   Coul. recip.      Potential
   -1.60884e+03    5.13708e+03   -5.61698e+05    2.86689e+03   -4.32205e+05
    Kinetic En.   Total Energy  Conserved En.    Temperature Pressure (bar)
    1.50377e+05   -2.81828e+05   -2.51112e+05    2.99697e+02   -1.74749e+01
   Constr. rmsd
    4.24060e-06

           Step           Time
         324000      648.00000

   Energies (kJ/mol)
           Bond            U-B    Proper Dih.  Improper Dih.          LJ-14
    1.16060e+04    6.11206e+04    4.16212e+04    4.19050e+02    7.51656e+03
     Coulomb-14        LJ (SR)   Coulomb (SR)   Coul. recip.      Potential
   -4.03613e+02    5.84404e+03   -5.63747e+05    2.85650e+03   -4.33167e+05
    Kinetic En.   Total Energy  Conserved En.    Temperature Pressure (bar)
    1.49776e+05   -2.83391e+05   -2.50979e+05    2.98501e+02   -3.63226e+01
   Constr. rmsd
    4.24060e-06

           Step           Time
         326000      652.00000

   Energies (kJ/mol)
           Bond            U-B    Proper Dih.  Improper Dih.          LJ-14
    1.16924e+04    6.21932e+04    4.18225e+04    3.72317e+02    7.60752e+03
     Coulomb-14        LJ (SR)   Coulomb (SR)   Coul. recip.      Potential
   -1.29424e+03    5.39050e+03   -5.62110e+05    2.90035e+03   -4.31425e+05
    Kinetic En.   Total Energy  Conserved En.    Temperature Pressure (bar)
    1.50726e+05   -2.80699e+05   -2.50768e+05    3.00394e+02   -4.27905e+01
   Constr. rmsd
    4.24060e-06

           Step           Time
         328000      656.00000

   Energies (kJ/mol)
           Bond            U-B    Proper Dih.  Improper Dih.          LJ-14
    1.15266e+04    6.13011e+04    4.16801e+04    3.79977e+02    7.52404e+03
     Coulomb-14        LJ (SR)   Coulomb (SR)   Coul. recip.      Potential
   -9.64859e+02    6.28572e+03   -5.64288e+05    2.82961e+03   -4.33726e+05
    Kinetic En.   Total Energy  Conserved En.    Temperature Pressure (bar)
    1.50435e+05   -2.83291e+05   -2.50705e+05    2.99813e+02    4.91202e+00
   Constr. rmsd
    4.24060e-06

           Step           Time
         330000      660.00000

   Energies (kJ/mol)
           Bond            U-B    Proper Dih.  Improper Dih.          LJ-14
    1.14887e+04    6.18074e+04    4.15609e+04    3.79250e+02    7.49430e+03
     Coulomb-14        LJ (SR)   Coulomb (SR)   Coul. recip.      Potential
   -7.76231e+02    7.14323e+03   -5.65321e+05    2.90551e+03   -4.33318e+05
    Kinetic En.   Total Energy  Conserved En.    Temperature Pressure (bar)
    1.51051e+05   -2.82267e+05   -2.50537e+05    3.01042e+02   -2.00935e+01
   Constr. rmsd
    4.24060e-06

           Step           Time
         332000      664.00000

   Energies (kJ/mol)
           Bond            U-B    Proper Dih.  Improper Dih.          LJ-14
    1.18430e+04    6.08077e+04    4.16703e+04    3.93221e+02    7.50924e+03
     Coulomb-14        LJ (SR)   Coulomb (SR)   Coul. recip.      Potential
   -1.42937e+03    5.68702e+03   -5.62464e+05    2.89964e+03   -4.33083e+05
    Kinetic En.   Total Energy  Conserved En.    Temperature Pressure (bar)
    1.50555e+05   -2.82528e+05   -2.50472e+05    3.00054e+02   -9.50719e+00
   Constr. rmsd
    4.24060e-06

           Step           Time
         334000      668.00000

   Energies (kJ/mol)
           Bond            U-B    Proper Dih.  Improper Dih.          LJ-14
    1.16073e+04    6.13981e+04    4.17273e+04    3.63842e+02    7.66081e+03
     Coulomb-14        LJ (SR)   Coulomb (SR)   Coul. recip.      Potential
   -8.79523e+02    5.11404e+03   -5.61571e+05    2.89558e+03   -4.31684e+05
    Kinetic En.   Total Energy  Conserved En.    Temperature Pressure (bar)
    1.50638e+05   -2.81046e+05   -2.50287e+05    3.00219e+02   -5.80101e+01
   Constr. rmsd
    4.24060e-06

           Step           Time
         336000      672.00000

   Energies (kJ/mol)
           Bond            U-B    Proper Dih.  Improper Dih.          LJ-14
    1.16259e+04    6.12812e+04    4.14902e+04    3.82417e+02    7.64760e+03
     Coulomb-14        LJ (SR)   Coulomb (SR)   Coul. recip.      Potential
   -7.19656e+02    6.90069e+03   -5.62785e+05    2.93206e+03   -4.31244e+05
    Kinetic En.   Total Energy  Conserved En.    Temperature Pressure (bar)
    1.50636e+05   -2.80608e+05   -2.50143e+05    3.00215e+02    9.46126e+01
   Constr. rmsd
    4.24060e-06

           Step           Time
         338000      676.00000

   Energies (kJ/mol)
           Bond            U-B    Proper Dih.  Improper Dih.          LJ-14
    1.15827e+04    6.13919e+04    4.14363e+04    4.16636e+02    7.51336e+03
     Coulomb-14        LJ (SR)   Coulomb (SR)   Coul. recip.      Potential
   -4.33204e+02    6.26290e+03   -5.64651e+05    2.83846e+03   -4.33642e+05
    Kinetic En.   Total Energy  Conserved En.    Temperature Pressure (bar)
    1.50751e+05   -2.82891e+05   -2.50003e+05    3.00443e+02   -1.75256e+01
   Constr. rmsd
    4.24060e-06

           Step           Time
         340000      680.00000

   Energies (kJ/mol)
           Bond            U-B    Proper Dih.  Improper Dih.          LJ-14
    1.14167e+04    6.16494e+04    4.14968e+04    3.62730e+02    7.47150e+03
     Coulomb-14        LJ (SR)   Coulomb (SR)   Coul. recip.      Potential
   -3.05634e+02    6.83648e+03   -5.64270e+05    2.96724e+03   -4.32375e+05
    Kinetic En.   Total Energy  Conserved En.    Temperature Pressure (bar)
    1.50596e+05   -2.81779e+05   -2.49852e+05    3.00135e+02   -1.35943e+01
   Constr. rmsd
    4.24060e-06

           Step           Time
         342000      684.00000

   Energies (kJ/mol)
           Bond            U-B    Proper Dih.  Improper Dih.          LJ-14
    1.17770e+04    6.13242e+04    4.17754e+04    4.30275e+02    7.45834e+03
     Coulomb-14        LJ (SR)   Coulomb (SR)   Coul. recip.      Potential
   -7.63159e+02    5.69853e+03   -5.63411e+05    2.88566e+03   -4.32825e+05
    Kinetic En.   Total Energy  Conserved En.    Temperature Pressure (bar)
    1.50123e+05   -2.82702e+05   -2.49706e+05    2.99192e+02   -1.25387e+02
   Constr. rmsd
    4.24060e-06

           Step           Time
         344000      688.00000

   Energies (kJ/mol)
           Bond            U-B    Proper Dih.  Improper Dih.          LJ-14
    1.17918e+04    6.16144e+04    4.17211e+04    3.98471e+02    7.60806e+03
     Coulomb-14        LJ (SR)   Coulomb (SR)   Coul. recip.      Potential
   -5.07861e+02    5.95485e+03   -5.63087e+05    2.90200e+03   -4.31604e+05
    Kinetic En.   Total Energy  Conserved En.    Temperature Pressure (bar)
    1.50496e+05   -2.81108e+05   -2.49592e+05    2.99935e+02   -9.87073e+01
   Constr. rmsd
    4.24060e-06

           Step           Time
         346000      692.00000

   Energies (kJ/mol)
           Bond            U-B    Proper Dih.  Improper Dih.          LJ-14
    1.14325e+04    6.16604e+04    4.13204e+04    3.57263e+02    7.36187e+03
     Coulomb-14        LJ (SR)   Coulomb (SR)   Coul. recip.      Potential
   -8.60963e+02    6.10808e+03   -5.62890e+05    2.84247e+03   -4.32668e+05
    Kinetic En.   Total Energy  Conserved En.    Temperature Pressure (bar)
    1.50027e+05   -2.82640e+05   -2.49435e+05    2.99002e+02    3.62379e+01
   Constr. rmsd
    4.24060e-06

           Step           Time
         348000      696.00000

   Energies (kJ/mol)
           Bond            U-B    Proper Dih.  Improper Dih.          LJ-14
    1.14478e+04    6.12594e+04    4.12290e+04    4.30588e+02    7.69032e+03
     Coulomb-14        LJ (SR)   Coulomb (SR)   Coul. recip.      Potential
   -4.60242e+02    6.72689e+03   -5.64001e+05    2.91776e+03   -4.32760e+05
    Kinetic En.   Total Energy  Conserved En.    Temperature Pressure (bar)
    1.51155e+05   -2.81605e+05   -2.49329e+05    3.01248e+02   -1.38436e+01
   Constr. rmsd
    4.24060e-06

Writing checkpoint, step 348640 at Wed Sep  4 10:03:15 2024


           Step           Time
         350000      700.00000

   Energies (kJ/mol)
           Bond            U-B    Proper Dih.  Improper Dih.          LJ-14
    1.15570e+04    6.14025e+04    4.14600e+04    4.36134e+02    7.38054e+03
     Coulomb-14        LJ (SR)   Coulomb (SR)   Coul. recip.      Potential
   -7.74218e+02    6.25665e+03   -5.63713e+05    2.98729e+03   -4.33007e+05
    Kinetic En.   Total Energy  Conserved En.    Temperature Pressure (bar)
    1.49880e+05   -2.83127e+05   -2.49170e+05    2.98708e+02    1.00495e+01
   Constr. rmsd
    4.24060e-06

           Step           Time
         352000      704.00000

   Energies (kJ/mol)
           Bond            U-B    Proper Dih.  Improper Dih.          LJ-14
    1.14848e+04    6.15318e+04    4.14322e+04    4.25447e+02    7.43881e+03
     Coulomb-14        LJ (SR)   Coulomb (SR)   Coul. recip.      Potential
   -1.34476e+03    5.81352e+03   -5.64062e+05    2.97138e+03   -4.34309e+05
    Kinetic En.   Total Energy  Conserved En.    Temperature Pressure (bar)
    1.51450e+05   -2.82859e+05   -2.49075e+05    3.01837e+02   -5.62657e+01
   Constr. rmsd
    4.24060e-06

           Step           Time
         354000      708.00000

   Energies (kJ/mol)
           Bond            U-B    Proper Dih.  Improper Dih.          LJ-14
    1.15057e+04    6.10573e+04    4.14518e+04    4.32521e+02    7.50958e+03
     Coulomb-14        LJ (SR)   Coulomb (SR)   Coul. recip.      Potential
   -8.83694e+02    5.75423e+03   -5.62799e+05    2.88632e+03   -4.33085e+05
    Kinetic En.   Total Energy  Conserved En.    Temperature Pressure (bar)
    1.51338e+05   -2.81747e+05   -2.48940e+05    3.01613e+02   -1.55896e+01
   Constr. rmsd
    4.24060e-06

           Step           Time
         356000      712.00000

   Energies (kJ/mol)
           Bond            U-B    Proper Dih.  Improper Dih.          LJ-14
    1.14158e+04    6.15477e+04    4.13954e+04    4.13636e+02    7.47004e+03
     Coulomb-14        LJ (SR)   Coulomb (SR)   Coul. recip.      Potential
   -6.91984e+02    6.68086e+03   -5.64057e+05    2.87033e+03   -4.32956e+05
    Kinetic En.   Total Energy  Conserved En.    Temperature Pressure (bar)
    1.49936e+05   -2.83019e+05   -2.48734e+05    2.98820e+02   -3.09894e+01
   Constr. rmsd
    4.24060e-06

           Step           Time
         358000      716.00000

   Energies (kJ/mol)
           Bond            U-B    Proper Dih.  Improper Dih.          LJ-14
    1.16274e+04    6.15849e+04    4.17595e+04    4.17938e+02    7.35645e+03
     Coulomb-14        LJ (SR)   Coulomb (SR)   Coul. recip.      Potential
   -1.18726e+03    5.98255e+03   -5.62413e+05    2.94330e+03   -4.31928e+05
    Kinetic En.   Total Energy  Conserved En.    Temperature Pressure (bar)
    1.50915e+05   -2.81013e+05   -2.48594e+05    3.00770e+02    4.90088e+01
   Constr. rmsd
    4.24060e-06

           Step           Time
         360000      720.00000

   Energies (kJ/mol)
           Bond            U-B    Proper Dih.  Improper Dih.          LJ-14
    1.17416e+04    6.15675e+04    4.17982e+04    3.75348e+02    7.47072e+03
     Coulomb-14        LJ (SR)   Coulomb (SR)   Coul. recip.      Potential
   -1.42166e+03    6.36678e+03   -5.62552e+05    2.96905e+03   -4.31684e+05
    Kinetic En.   Total Energy  Conserved En.    Temperature Pressure (bar)
    1.50896e+05   -2.80788e+05   -2.48513e+05    3.00733e+02   -2.19388e+01
   Constr. rmsd
    4.24060e-06

           Step           Time
         362000      724.00000

   Energies (kJ/mol)
           Bond            U-B    Proper Dih.  Improper Dih.          LJ-14
    1.15360e+04    6.13424e+04    4.16417e+04    3.76141e+02    7.46217e+03
     Coulomb-14        LJ (SR)   Coulomb (SR)   Coul. recip.      Potential
   -1.21001e+03    5.22340e+03   -5.61714e+05    2.97149e+03   -4.32371e+05
    Kinetic En.   Total Energy  Conserved En.    Temperature Pressure (bar)
    1.50797e+05   -2.81573e+05   -2.48388e+05    3.00536e+02    1.03720e+01
   Constr. rmsd
    4.24060e-06

           Step           Time
         364000      728.00000

   Energies (kJ/mol)
           Bond            U-B    Proper Dih.  Improper Dih.          LJ-14
    1.15146e+04    6.11154e+04    4.14569e+04    4.22036e+02    7.40795e+03
     Coulomb-14        LJ (SR)   Coulomb (SR)   Coul. recip.      Potential
   -1.17275e+03    6.63129e+03   -5.65484e+05    2.93017e+03   -4.35179e+05
    Kinetic En.   Total Energy  Conserved En.    Temperature Pressure (bar)
    1.49970e+05   -2.85209e+05   -2.48212e+05    2.98886e+02   -7.06009e+01
   Constr. rmsd
    4.24060e-06

           Step           Time
         366000      732.00000

   Energies (kJ/mol)
           Bond            U-B    Proper Dih.  Improper Dih.          LJ-14
    1.11837e+04    6.16645e+04    4.14601e+04    4.04268e+02    7.54584e+03
     Coulomb-14        LJ (SR)   Coulomb (SR)   Coul. recip.      Potential
   -1.39977e+03    5.32971e+03   -5.63064e+05    2.88565e+03   -4.33990e+05
    Kinetic En.   Total Energy  Conserved En.    Temperature Pressure (bar)
    1.49020e+05   -2.84970e+05   -2.48080e+05    2.96995e+02   -2.50946e+01
   Constr. rmsd
    4.24060e-06

           Step           Time
         368000      736.00000

   Energies (kJ/mol)
           Bond            U-B    Proper Dih.  Improper Dih.          LJ-14
    1.16434e+04    6.13456e+04    4.15850e+04    3.28266e+02    7.54380e+03
     Coulomb-14        LJ (SR)   Coulomb (SR)   Coul. recip.      Potential
   -1.01344e+03    6.71195e+03   -5.64203e+05    2.80172e+03   -4.33257e+05
    Kinetic En.   Total Energy  Conserved En.    Temperature Pressure (bar)
    1.49725e+05   -2.83531e+05   -2.47918e+05    2.98400e+02   -9.91545e+00
   Constr. rmsd
    4.24060e-06

           Step           Time
         370000      740.00000

   Energies (kJ/mol)
           Bond            U-B    Proper Dih.  Improper Dih.          LJ-14
    1.15961e+04    6.16115e+04    4.16626e+04    3.74428e+02    7.39585e+03
     Coulomb-14        LJ (SR)   Coulomb (SR)   Coul. recip.      Potential
   -1.34974e+03    6.13781e+03   -5.62990e+05    2.90045e+03   -4.32661e+05
    Kinetic En.   Total Energy  Conserved En.    Temperature Pressure (bar)
    1.50563e+05   -2.82098e+05   -2.47775e+05    3.00068e+02   -2.36148e+01
   Constr. rmsd
    4.24060e-06

           Step           Time
         372000      744.00000

   Energies (kJ/mol)
           Bond            U-B    Proper Dih.  Improper Dih.          LJ-14
    1.15288e+04    6.10853e+04    4.18115e+04    3.98717e+02    7.44008e+03
     Coulomb-14        LJ (SR)   Coulomb (SR)   Coul. recip.      Potential
   -1.57855e+03    5.23850e+03   -5.61886e+05    2.91797e+03   -4.33044e+05
    Kinetic En.   Total Energy  Conserved En.    Temperature Pressure (bar)
    1.51240e+05   -2.81804e+05   -2.47718e+05    3.01418e+02   -2.11086e+01
   Constr. rmsd
    4.24060e-06

           Step           Time
         374000      748.00000

   Energies (kJ/mol)
           Bond            U-B    Proper Dih.  Improper Dih.          LJ-14
    1.15534e+04    6.15031e+04    4.15314e+04    4.28888e+02    7.53304e+03
     Coulomb-14        LJ (SR)   Coulomb (SR)   Coul. recip.      Potential
   -1.67575e+03    5.81694e+03   -5.61786e+05    2.84917e+03   -4.32246e+05
    Kinetic En.   Total Energy  Conserved En.    Temperature Pressure (bar)
    1.50885e+05   -2.81361e+05   -2.47559e+05    3.00710e+02   -4.46887e+01
   Constr. rmsd
    4.24060e-06

           Step           Time
         376000      752.00000

   Energies (kJ/mol)
           Bond            U-B    Proper Dih.  Improper Dih.          LJ-14
    1.13970e+04    6.14344e+04    4.16833e+04    4.08183e+02    7.49069e+03
     Coulomb-14        LJ (SR)   Coulomb (SR)   Coul. recip.      Potential
   -1.34165e+03    4.55712e+03   -5.61399e+05    2.91495e+03   -4.32855e+05
    Kinetic En.   Total Energy  Conserved En.    Temperature Pressure (bar)
    1.50221e+05   -2.82634e+05   -2.47390e+05    2.99387e+02   -1.33140e+02
   Constr. rmsd
    4.24060e-06

           Step           Time
         378000      756.00000

   Energies (kJ/mol)
           Bond            U-B    Proper Dih.  Improper Dih.          LJ-14
    1.16817e+04    6.16098e+04    4.17046e+04    4.67090e+02    7.46300e+03
     Coulomb-14        LJ (SR)   Coulomb (SR)   Coul. recip.      Potential
   -1.04725e+03    4.91992e+03   -5.61944e+05    2.89725e+03   -4.32248e+05
    Kinetic En.   Total Energy  Conserved En.    Temperature Pressure (bar)
    1.50423e+05   -2.81825e+05   -2.47225e+05    2.99790e+02   -8.15880e+01
   Constr. rmsd
    4.24060e-06

           Step           Time
         380000      760.00000

   Energies (kJ/mol)
           Bond            U-B    Proper Dih.  Improper Dih.          LJ-14
    1.17398e+04    6.18463e+04    4.12767e+04    4.25613e+02    7.51719e+03
     Coulomb-14        LJ (SR)   Coulomb (SR)   Coul. recip.      Potential
   -1.38905e+03    6.42945e+03   -5.63964e+05    2.81657e+03   -4.33301e+05
    Kinetic En.   Total Energy  Conserved En.    Temperature Pressure (bar)
    1.50762e+05   -2.82539e+05   -2.47100e+05    3.00465e+02    6.00174e+00
   Constr. rmsd
    4.24060e-06

           Step           Time
         382000      764.00000

   Energies (kJ/mol)
           Bond            U-B    Proper Dih.  Improper Dih.          LJ-14
    1.13890e+04    6.13870e+04    4.17934e+04    3.95028e+02    7.57128e+03
     Coulomb-14        LJ (SR)   Coulomb (SR)   Coul. recip.      Potential
   -1.47715e+03    5.26189e+03   -5.61012e+05    2.89403e+03   -4.31797e+05
    Kinetic En.   Total Energy  Conserved En.    Temperature Pressure (bar)
    1.49805e+05   -2.81992e+05   -2.47020e+05    2.98559e+02    3.33678e+01
   Constr. rmsd
    4.24060e-06

           Step           Time
         384000      768.00000

   Energies (kJ/mol)
           Bond            U-B    Proper Dih.  Improper Dih.          LJ-14
    1.17009e+04    6.13110e+04    4.13198e+04    3.13680e+02    7.48489e+03
     Coulomb-14        LJ (SR)   Coulomb (SR)   Coul. recip.      Potential
   -1.22918e+03    5.13670e+03   -5.62162e+05    2.88400e+03   -4.33240e+05
    Kinetic En.   Total Energy  Conserved En.    Temperature Pressure (bar)
    1.50994e+05   -2.82246e+05   -2.46845e+05    3.00928e+02   -1.11755e+02
   Constr. rmsd
    4.24060e-06

           Step           Time
         386000      772.00000

   Energies (kJ/mol)
           Bond            U-B    Proper Dih.  Improper Dih.          LJ-14
    1.14255e+04    6.11972e+04    4.16558e+04    3.81768e+02    7.52676e+03
     Coulomb-14        LJ (SR)   Coulomb (SR)   Coul. recip.      Potential
   -1.07045e+03    6.52035e+03   -5.62835e+05    2.85786e+03   -4.32340e+05
    Kinetic En.   Total Energy  Conserved En.    Temperature Pressure (bar)
    1.50391e+05   -2.81949e+05   -2.46697e+05    2.99727e+02   -5.05357e+01
   Constr. rmsd
    4.24060e-06

           Step           Time
         388000      776.00000

   Energies (kJ/mol)
           Bond            U-B    Proper Dih.  Improper Dih.          LJ-14
    1.16092e+04    6.11531e+04    4.13574e+04    4.01431e+02    7.37936e+03
     Coulomb-14        LJ (SR)   Coulomb (SR)   Coul. recip.      Potential
   -1.10952e+03    6.54336e+03   -5.63438e+05    2.94897e+03   -4.33155e+05
    Kinetic En.   Total Energy  Conserved En.    Temperature Pressure (bar)
    1.50435e+05   -2.82720e+05   -2.46571e+05    2.99814e+02   -5.00443e+01
   Constr. rmsd
    4.24060e-06

           Step           Time
         390000      780.00000

   Energies (kJ/mol)
           Bond            U-B    Proper Dih.  Improper Dih.          LJ-14
    1.17683e+04    6.17235e+04    4.16412e+04    3.52804e+02    7.66584e+03
     Coulomb-14        LJ (SR)   Coulomb (SR)   Coul. recip.      Potential
   -1.25288e+03    5.56056e+03   -5.63363e+05    2.98296e+03   -4.32920e+05
    Kinetic En.   Total Energy  Conserved En.    Temperature Pressure (bar)
    1.51176e+05   -2.81744e+05   -2.46447e+05    3.01291e+02    4.03877e+01
   Constr. rmsd
    4.24060e-06

           Step           Time
         392000      784.00000

   Energies (kJ/mol)
           Bond            U-B    Proper Dih.  Improper Dih.          LJ-14
    1.15493e+04    6.15447e+04    4.11505e+04    3.81777e+02    7.48621e+03
     Coulomb-14        LJ (SR)   Coulomb (SR)   Coul. recip.      Potential
   -1.20662e+03    4.54124e+03   -5.62026e+05    2.87731e+03   -4.33702e+05
    Kinetic En.   Total Energy  Conserved En.    Temperature Pressure (bar)
    1.50691e+05   -2.83011e+05   -2.46293e+05    3.00324e+02    2.28143e+00
   Constr. rmsd
    4.24060e-06

           Step           Time
         394000      788.00000

   Energies (kJ/mol)
           Bond            U-B    Proper Dih.  Improper Dih.          LJ-14
    1.14171e+04    6.15345e+04    4.15710e+04    3.96453e+02    7.43790e+03
     Coulomb-14        LJ (SR)   Coulomb (SR)   Coul. recip.      Potential
   -1.56487e+03    6.56054e+03   -5.63350e+05    2.93531e+03   -4.33062e+05
    Kinetic En.   Total Energy  Conserved En.    Temperature Pressure (bar)
    1.50662e+05   -2.82400e+05   -2.46178e+05    3.00266e+02    2.93356e+00
   Constr. rmsd
    4.24060e-06

           Step           Time
         396000      792.00000

   Energies (kJ/mol)
           Bond            U-B    Proper Dih.  Improper Dih.          LJ-14
    1.14573e+04    6.12996e+04    4.14428e+04    4.04813e+02    7.46481e+03
     Coulomb-14        LJ (SR)   Coulomb (SR)   Coul. recip.      Potential
   -7.57769e+02    4.43019e+03   -5.61906e+05    2.91355e+03   -4.33250e+05
    Kinetic En.   Total Energy  Conserved En.    Temperature Pressure (bar)
    1.50680e+05   -2.82570e+05   -2.46032e+05    3.00303e+02   -7.40801e+01
   Constr. rmsd
    4.24060e-06

           Step           Time
         398000      796.00000

   Energies (kJ/mol)
           Bond            U-B    Proper Dih.  Improper Dih.          LJ-14
    1.14128e+04    6.16815e+04    4.16495e+04    4.41215e+02    7.50001e+03
     Coulomb-14        LJ (SR)   Coulomb (SR)   Coul. recip.      Potential
   -1.27030e+03    6.35193e+03   -5.62879e+05    2.95329e+03   -4.32159e+05
    Kinetic En.   Total Energy  Conserved En.    Temperature Pressure (bar)
    1.51400e+05   -2.80759e+05   -2.45930e+05    3.01738e+02    8.48696e+00
   Constr. rmsd
    4.24060e-06

           Step           Time
         400000      800.00000

   Energies (kJ/mol)
           Bond            U-B    Proper Dih.  Improper Dih.          LJ-14
    1.16973e+04    6.19758e+04    4.14560e+04    4.12960e+02    7.43697e+03
     Coulomb-14        LJ (SR)   Coulomb (SR)   Coul. recip.      Potential
   -1.15999e+03    3.38300e+03   -5.60484e+05    3.00888e+03   -4.32274e+05
    Kinetic En.   Total Energy  Conserved En.    Temperature Pressure (bar)
    1.51278e+05   -2.80995e+05   -2.45729e+05    3.01495e+02   -2.00469e+02
   Constr. rmsd
    4.24060e-06

           Step           Time
         402000      804.00000

   Energies (kJ/mol)
           Bond            U-B    Proper Dih.  Improper Dih.          LJ-14
    1.16392e+04    6.10036e+04    4.17641e+04    3.76110e+02    7.43841e+03
     Coulomb-14        LJ (SR)   Coulomb (SR)   Coul. recip.      Potential
   -1.19976e+03    4.79597e+03   -5.62500e+05    2.86691e+03   -4.33815e+05
    Kinetic En.   Total Energy  Conserved En.    Temperature Pressure (bar)
    1.50332e+05   -2.83483e+05   -2.45620e+05    2.99609e+02   -6.33783e+01
   Constr. rmsd
    4.24060e-06

           Step           Time
         404000      808.00000

   Energies (kJ/mol)
           Bond            U-B    Proper Dih.  Improper Dih.          LJ-14
    1.14556e+04    6.11183e+04    4.12660e+04    3.54692e+02    7.76379e+03
     Coulomb-14        LJ (SR)   Coulomb (SR)   Coul. recip.      Potential
   -6.53296e+02    6.60306e+03   -5.64596e+05    2.93127e+03   -4.33757e+05
    Kinetic En.   Total Energy  Conserved En.    Temperature Pressure (bar)
    1.51051e+05   -2.82706e+05   -2.45484e+05    3.01041e+02    1.26650e+02
   Constr. rmsd
    4.24060e-06

           Step           Time
         406000      812.00000

   Energies (kJ/mol)
           Bond            U-B    Proper Dih.  Improper Dih.          LJ-14
    1.13829e+04    6.13106e+04    4.13679e+04    3.95031e+02    7.60612e+03
     Coulomb-14        LJ (SR)   Coulomb (SR)   Coul. recip.      Potential
   -8.69814e+02    4.37396e+03   -5.62279e+05    2.90304e+03   -4.33809e+05
    Kinetic En.   Total Energy  Conserved En.    Temperature Pressure (bar)
    1.49940e+05   -2.83869e+05   -2.45320e+05    2.98827e+02   -9.30207e+01
   Constr. rmsd
    4.24060e-06

           Step           Time
         408000      816.00000

   Energies (kJ/mol)
           Bond            U-B    Proper Dih.  Improper Dih.          LJ-14
    1.10583e+04    6.10579e+04    4.15054e+04    3.73792e+02    7.61521e+03
     Coulomb-14        LJ (SR)   Coulomb (SR)   Coul. recip.      Potential
   -3.24913e+02    5.41700e+03   -5.63126e+05    2.87362e+03   -4.33550e+05
    Kinetic En.   Total Energy  Conserved En.    Temperature Pressure (bar)
    1.50334e+05   -2.83216e+05   -2.45201e+05    2.99613e+02    2.67298e+01
   Constr. rmsd
    4.24060e-06

           Step           Time
         410000      820.00000

   Energies (kJ/mol)
           Bond            U-B    Proper Dih.  Improper Dih.          LJ-14
    1.15447e+04    6.14696e+04    4.14148e+04    3.95030e+02    7.75141e+03
     Coulomb-14        LJ (SR)   Coulomb (SR)   Coul. recip.      Potential
   -1.81979e+02    5.20665e+03   -5.63435e+05    2.87226e+03   -4.32962e+05
    Kinetic En.   Total Energy  Conserved En.    Temperature Pressure (bar)
    1.50216e+05   -2.82746e+05   -2.45045e+05    2.99378e+02   -3.47831e+01
   Constr. rmsd
    4.24060e-06

           Step           Time
         412000      824.00000

   Energies (kJ/mol)
           Bond            U-B    Proper Dih.  Improper Dih.          LJ-14
    1.14357e+04    6.13440e+04    4.15710e+04    3.90471e+02    7.60845e+03
     Coulomb-14        LJ (SR)   Coulomb (SR)   Coul. recip.      Potential
   -8.73348e+02    4.59798e+03   -5.61573e+05    2.98573e+03   -4.32513e+05
    Kinetic En.   Total Energy  Conserved En.    Temperature Pressure (bar)
    1.50434e+05   -2.82079e+05   -2.44893e+05    2.99812e+02   -2.89531e+01
   Constr. rmsd
    4.24060e-06

           Step           Time
         414000      828.00000

   Energies (kJ/mol)
           Bond            U-B    Proper Dih.  Improper Dih.          LJ-14
    1.15583e+04    6.12410e+04    4.13191e+04    3.69701e+02    7.18836e+03
     Coulomb-14        LJ (SR)   Coulomb (SR)   Coul. recip.      Potential
   -9.28562e+02    5.16539e+03   -5.62708e+05    2.85724e+03   -4.33937e+05
    Kinetic En.   Total Energy  Conserved En.    Temperature Pressure (bar)
    1.50064e+05   -2.83873e+05   -2.44780e+05    2.99075e+02   -9.02280e+01
   Constr. rmsd
    4.24060e-06

           Step           Time
         416000      832.00000

   Energies (kJ/mol)
           Bond            U-B    Proper Dih.  Improper Dih.          LJ-14
    1.15210e+04    6.20901e+04    4.12808e+04    4.43945e+02    7.60743e+03
     Coulomb-14        LJ (SR)   Coulomb (SR)   Coul. recip.      Potential
   -8.99016e+02    5.62807e+03   -5.61302e+05    2.91204e+03   -4.30718e+05
    Kinetic En.   Total Energy  Conserved En.    Temperature Pressure (bar)
    1.50902e+05   -2.79816e+05   -2.44573e+05    3.00744e+02   -2.05464e+01
   Constr. rmsd
    4.24060e-06

           Step           Time
         418000      836.00000

   Energies (kJ/mol)
           Bond            U-B    Proper Dih.  Improper Dih.          LJ-14
    1.14975e+04    6.13406e+04    4.17688e+04    4.03847e+02    7.51983e+03
     Coulomb-14        LJ (SR)   Coulomb (SR)   Coul. recip.      Potential
   -1.10043e+03    5.10604e+03   -5.61158e+05    2.95647e+03   -4.31665e+05
    Kinetic En.   Total Energy  Conserved En.    Temperature Pressure (bar)
    1.51009e+05   -2.80657e+05   -2.44487e+05    3.00957e+02   -4.07677e+01
   Constr. rmsd
    4.24060e-06

           Step           Time
         420000      840.00000

   Energies (kJ/mol)
           Bond            U-B    Proper Dih.  Improper Dih.          LJ-14
    1.18830e+04    6.17447e+04    4.11151e+04    3.85297e+02    7.43398e+03
     Coulomb-14        LJ (SR)   Coulomb (SR)   Coul. recip.      Potential
   -1.25933e+03    6.41459e+03   -5.63047e+05    2.97430e+03   -4.32356e+05
    Kinetic En.   Total Energy  Conserved En.    Temperature Pressure (bar)
    1.50731e+05   -2.81624e+05   -2.44327e+05    3.00404e+02   -4.90657e+01
   Constr. rmsd
    4.24060e-06

           Step           Time
         422000      844.00000

   Energies (kJ/mol)
           Bond            U-B    Proper Dih.  Improper Dih.          LJ-14
    1.17675e+04    6.14424e+04    4.12562e+04    4.14187e+02    7.47623e+03
     Coulomb-14        LJ (SR)   Coulomb (SR)   Coul. recip.      Potential
   -5.88845e+02    4.89105e+03   -5.61996e+05    2.91214e+03   -4.32425e+05
    Kinetic En.   Total Energy  Conserved En.    Temperature Pressure (bar)
    1.52475e+05   -2.79950e+05   -2.44249e+05    3.03880e+02   -2.90924e+01
   Constr. rmsd
    4.24060e-06

           Step           Time
         424000      848.00000

   Energies (kJ/mol)
           Bond            U-B    Proper Dih.  Improper Dih.          LJ-14
    1.16108e+04    6.19199e+04    4.12682e+04    3.59291e+02    7.46514e+03
     Coulomb-14        LJ (SR)   Coulomb (SR)   Coul. recip.      Potential
   -6.70098e+02    5.38514e+03   -5.62913e+05    2.96008e+03   -4.32615e+05
    Kinetic En.   Total Energy  Conserved En.    Temperature Pressure (bar)
    1.50498e+05   -2.82117e+05   -2.44054e+05    2.99939e+02   -2.02770e+01
   Constr. rmsd
    4.24060e-06

           Step           Time
         426000      852.00000

   Energies (kJ/mol)
           Bond            U-B    Proper Dih.  Improper Dih.          LJ-14
    1.15263e+04    6.19732e+04    4.13692e+04    3.52063e+02    7.50879e+03
     Coulomb-14        LJ (SR)   Coulomb (SR)   Coul. recip.      Potential
   -6.22231e+02    4.87607e+03   -5.61662e+05    2.93336e+03   -4.31746e+05
    Kinetic En.   Total Energy  Conserved En.    Temperature Pressure (bar)
    1.50955e+05   -2.80791e+05   -2.43921e+05    3.00850e+02   -1.00340e+02
   Constr. rmsd
    4.24060e-06

           Step           Time
         428000      856.00000

   Energies (kJ/mol)
           Bond            U-B    Proper Dih.  Improper Dih.          LJ-14
    1.14496e+04    6.14220e+04    4.15156e+04    3.78663e+02    7.59058e+03
     Coulomb-14        LJ (SR)   Coulomb (SR)   Coul. recip.      Potential
   -8.94112e+02    5.49280e+03   -5.61616e+05    2.94178e+03   -4.31719e+05
    Kinetic En.   Total Energy  Conserved En.    Temperature Pressure (bar)
    1.51081e+05   -2.80638e+05   -2.43854e+05    3.01101e+02   -2.97931e+01
   Constr. rmsd
    4.24060e-06

           Step           Time
         430000      860.00000

   Energies (kJ/mol)
           Bond            U-B    Proper Dih.  Improper Dih.          LJ-14
    1.15155e+04    6.14815e+04    4.14905e+04    3.57634e+02    7.58678e+03
     Coulomb-14        LJ (SR)   Coulomb (SR)   Coul. recip.      Potential
   -1.11741e+03    5.84980e+03   -5.63067e+05    2.92360e+03   -4.32979e+05
    Kinetic En.   Total Energy  Conserved En.    Temperature Pressure (bar)
    1.50841e+05   -2.82138e+05   -2.43628e+05    3.00623e+02   -1.59959e+01
   Constr. rmsd
    4.24060e-06

           Step           Time
         432000      864.00000

   Energies (kJ/mol)
           Bond            U-B    Proper Dih.  Improper Dih.          LJ-14
    1.15396e+04    6.21479e+04    4.12308e+04    3.39600e+02    7.42994e+03
     Coulomb-14        LJ (SR)   Coulomb (SR)   Coul. recip.      Potential
   -1.01488e+03    5.55118e+03   -5.61798e+05    2.94464e+03   -4.31630e+05
    Kinetic En.   Total Energy  Conserved En.    Temperature Pressure (bar)
    1.50573e+05   -2.81056e+05   -2.43503e+05    3.00090e+02   -6.73091e+01
   Constr. rmsd
    4.24060e-06

           Step           Time
         434000      868.00000

   Energies (kJ/mol)
           Bond            U-B    Proper Dih.  Improper Dih.          LJ-14
    1.15421e+04    6.15566e+04    4.11608e+04    4.03589e+02    7.60744e+03
     Coulomb-14        LJ (SR)   Coulomb (SR)   Coul. recip.      Potential
   -5.65532e+02    5.06164e+03   -5.62310e+05    2.84273e+03   -4.32700e+05
    Kinetic En.   Total Energy  Conserved En.    Temperature Pressure (bar)
    1.50861e+05   -2.81839e+05   -2.43344e+05    3.00663e+02   -5.25526e+01
   Constr. rmsd
    4.24060e-06

           Step           Time
         436000      872.00000

   Energies (kJ/mol)
           Bond            U-B    Proper Dih.  Improper Dih.          LJ-14
    1.13631e+04    6.19084e+04    4.13183e+04    3.62927e+02    7.46822e+03
     Coulomb-14        LJ (SR)   Coulomb (SR)   Coul. recip.      Potential
   -8.40744e+02    5.53934e+03   -5.63067e+05    2.88516e+03   -4.33062e+05
    Kinetic En.   Total Energy  Conserved En.    Temperature Pressure (bar)
    1.50765e+05   -2.82298e+05   -2.43252e+05    3.00471e+02    3.72283e+00
   Constr. rmsd
    4.24060e-06

           Step           Time
         438000      876.00000

   Energies (kJ/mol)
           Bond            U-B    Proper Dih.  Improper Dih.          LJ-14
    1.18265e+04    6.15757e+04    4.14614e+04    3.90160e+02    7.45524e+03
     Coulomb-14        LJ (SR)   Coulomb (SR)   Coul. recip.      Potential
   -7.88428e+02    6.54848e+03   -5.64921e+05    2.93775e+03   -4.33514e+05
    Kinetic En.   Total Energy  Conserved En.    Temperature Pressure (bar)
    1.50184e+05   -2.83330e+05   -2.43060e+05    2.99314e+02   -4.48782e+01
   Constr. rmsd
    4.24060e-06

           Step           Time
         440000      880.00000

   Energies (kJ/mol)
           Bond            U-B    Proper Dih.  Improper Dih.          LJ-14
    1.16674e+04    6.19611e+04    4.14638e+04    3.94395e+02    7.61849e+03
     Coulomb-14        LJ (SR)   Coulomb (SR)   Coul. recip.      Potential
   -7.33823e+02    6.19674e+03   -5.63935e+05    2.89135e+03   -4.32475e+05
    Kinetic En.   Total Energy  Conserved En.    Temperature Pressure (bar)
    1.50799e+05   -2.81676e+05   -2.42914e+05    3.00539e+02   -4.98700e+01
   Constr. rmsd
    4.24060e-06

           Step           Time
         442000      884.00000

   Energies (kJ/mol)
           Bond            U-B    Proper Dih.  Improper Dih.          LJ-14
    1.16483e+04    6.18415e+04    4.14225e+04    3.77181e+02    7.49540e+03
     Coulomb-14        LJ (SR)   Coulomb (SR)   Coul. recip.      Potential
   -8.79609e+02    5.49183e+03   -5.62064e+05    2.85959e+03   -4.31807e+05
    Kinetic En.   Total Energy  Conserved En.    Temperature Pressure (bar)
    1.50022e+05   -2.81785e+05   -2.42809e+05    2.98990e+02   -1.06647e+02
   Constr. rmsd
    4.24060e-06

           Step           Time
         444000      888.00000

   Energies (kJ/mol)
           Bond            U-B    Proper Dih.  Improper Dih.          LJ-14
    1.15397e+04    6.08144e+04    4.13415e+04    4.04780e+02    7.45017e+03
     Coulomb-14        LJ (SR)   Coulomb (SR)   Coul. recip.      Potential
   -2.89215e+02    5.97487e+03   -5.63866e+05    2.97867e+03   -4.33652e+05
    Kinetic En.   Total Energy  Conserved En.    Temperature Pressure (bar)
    1.50162e+05   -2.83490e+05   -2.42652e+05    2.99269e+02   -6.23419e+01
   Constr. rmsd
    4.24060e-06

           Step           Time
         446000      892.00000

   Energies (kJ/mol)
           Bond            U-B    Proper Dih.  Improper Dih.          LJ-14
    1.18950e+04    6.10506e+04    4.14462e+04    3.73901e+02    7.40862e+03
     Coulomb-14        LJ (SR)   Coulomb (SR)   Coul. recip.      Potential
   -8.21973e+02    4.92648e+03   -5.63492e+05    2.85765e+03   -4.34355e+05
    Kinetic En.   Total Energy  Conserved En.    Temperature Pressure (bar)
    1.50921e+05   -2.83434e+05   -2.42562e+05    3.00783e+02   -1.14263e+02
   Constr. rmsd
    4.24060e-06

           Step           Time
         448000      896.00000

   Energies (kJ/mol)
           Bond            U-B    Proper Dih.  Improper Dih.          LJ-14
    1.14284e+04    6.13264e+04    4.14647e+04    3.87601e+02    7.58076e+03
     Coulomb-14        LJ (SR)   Coulomb (SR)   Coul. recip.      Potential
   -1.05791e+03    5.49842e+03   -5.63107e+05    2.86720e+03   -4.33612e+05
    Kinetic En.   Total Energy  Conserved En.    Temperature Pressure (bar)
    1.50412e+05   -2.83199e+05   -2.42402e+05    2.99769e+02    9.91568e+00
   Constr. rmsd
    4.24060e-06

           Step           Time
         450000      900.00000

   Energies (kJ/mol)
           Bond            U-B    Proper Dih.  Improper Dih.          LJ-14
    1.17753e+04    6.10663e+04    4.12808e+04    3.83489e+02    7.38585e+03
     Coulomb-14        LJ (SR)   Coulomb (SR)   Coul. recip.      Potential
   -6.33235e+02    5.54847e+03   -5.63217e+05    2.89181e+03   -4.33518e+05
    Kinetic En.   Total Energy  Conserved En.    Temperature Pressure (bar)
    1.49971e+05   -2.83547e+05   -2.42286e+05    2.98890e+02   -1.42874e+02
   Constr. rmsd
    4.24060e-06

           Step           Time
         452000      904.00000

   Energies (kJ/mol)
           Bond            U-B    Proper Dih.  Improper Dih.          LJ-14
    1.19371e+04    6.15204e+04    4.15727e+04    3.87936e+02    7.53461e+03
     Coulomb-14        LJ (SR)   Coulomb (SR)   Coul. recip.      Potential
   -8.94433e+02    5.28361e+03   -5.63965e+05    2.95763e+03   -4.33666e+05
    Kinetic En.   Total Energy  Conserved En.    Temperature Pressure (bar)
    1.50434e+05   -2.83231e+05   -2.42082e+05    2.99813e+02   -7.47095e+01
   Constr. rmsd
    4.24060e-06

           Step           Time
         454000      908.00000

   Energies (kJ/mol)
           Bond            U-B    Proper Dih.  Improper Dih.          LJ-14
    1.15037e+04    6.09488e+04    4.15673e+04    4.48099e+02    7.57518e+03
     Coulomb-14        LJ (SR)   Coulomb (SR)   Coul. recip.      Potential
   -1.01927e+03    5.25451e+03   -5.62992e+05    2.89953e+03   -4.33814e+05
    Kinetic En.   Total Energy  Conserved En.    Temperature Pressure (bar)
    1.50244e+05   -2.83569e+05   -2.42020e+05    2.99434e+02   -6.38113e+01
   Constr. rmsd
    4.24060e-06

