#! FIELDS time G vol p.x p.y p.z
 0.000000 -845594.000000 794.102464 3.435137 3.431825 16.352293
 20.000000 -845764.000000 794.094062 3.303780 3.520781 16.238985
 40.000000 -844448.375000 793.690700 3.300730 3.710476 16.265728
 60.000000 -844529.375000 792.979811 3.090509 3.466869 16.407248
 80.000000 -845061.687500 793.723358 3.468070 3.707901 16.087803
 100.000000 -846053.000000 791.680932 3.296719 3.916461 16.413725
 120.000000 -844414.062500 793.115714 3.358257 3.524611 16.400199
 140.000000 -843633.437500 793.879210 3.556896 3.669457 16.429562
 160.000000 -843907.750000 795.337619 3.298217 3.725274 16.510025
 180.000000 -844749.187500 795.059326 3.356632 3.738762 16.319672
 200.000000 -844180.875000 793.736539 3.478215 3.706577 16.252399
 220.000000 -845218.937500 796.002556 2.959755 3.558833 16.344354
 240.000000 -845987.562500 794.387664 3.539050 3.558699 16.377088
 260.000000 -846146.375000 796.115501 3.426561 3.490308 16.570382
 280.000000 -845556.437500 792.906391 3.492384 3.349478 16.536190
 300.000000 -845147.062500 794.347596 3.314228 3.634179 16.267427
 320.000000 -845139.250000 793.713321 3.311696 3.623890 16.490607
 340.000000 -843806.562500 796.035424 3.673590 3.462216 16.488338
 360.000000 -844845.812500 793.704485 3.560334 3.325581 16.369870
 380.000000 -845118.187500 798.217229 3.533736 3.539265 16.670587
 400.000000 -844203.937500 795.385597 3.301404 3.279813 16.810423
 420.000000 -844815.437500 795.694965 3.525027 3.361526 16.558182
 440.000000 -843516.500000 795.128041 3.616171 3.458317 16.478103
 460.000000 -844690.000000 793.673626 3.405340 3.611118 16.818564
 480.000000 -843250.562500 794.475197 3.273633 3.794297 16.555618
 500.000000 -843611.187500 795.031437 3.439417 3.391118 16.585142
 520.000000 -843406.062500 796.026664 3.529532 3.374137 16.507622
 540.000000 -844603.750000 793.557142 3.355618 3.252607 16.505767
 560.000000 -843596.875000 793.868195 3.434409 3.199107 16.453614
 580.000000 -844141.125000 794.646019 3.369106 3.549095 16.590258
 600.000000 -845527.500000 793.790893 3.646805 3.415916 16.503076
 620.000000 -845540.687500 794.192117 3.379246 3.602569 16.379147
 640.000000 -845106.625000 793.003282 3.222701 3.163706 16.349966
 660.000000 -844811.500000 794.907606 3.578724 3.393555 16.512133
 680.000000 -844215.312500 793.866548 3.139925 3.534057 16.392635
 700.000000 -844314.937500 795.223510 3.232116 3.600092 16.369107
 720.000000 -844823.812500 795.627582 3.610163 3.635286 16.149826
 740.000000 -847013.375000 792.927867 3.682760 3.425338 16.701731
 760.000000 -844509.000000 794.938262 3.693812 3.549099 16.964526
 780.000000 -843628.937500 795.008961 3.342415 3.351302 16.551581
 800.000000 -844180.687500 796.043771 3.294659 3.503779 16.577748
 820.000000 -845058.500000 796.625817 3.138480 3.604823 16.325380
 840.000000 -844299.250000 795.884186 3.433178 3.597470 16.427206
 860.000000 -842182.937500 796.387582 3.478995 3.245022 16.475766
 880.000000 -845903.812500 796.647036 3.451221 3.227510 16.404523
 900.000000 -844367.500000 798.759381 3.560675 2.954384 16.820504
 920.000000 -844137.062500 797.148987 3.445244 3.320238 16.506395
 940.000000 -844656.062500 795.862672 3.542910 3.349942 16.592867
 960.000000 -844543.500000 795.614553 3.358262 3.208394 16.489633
 980.000000 -843571.375000 794.675195 3.324462 3.143013 16.409886
 1000.000000 -845957.875000 793.557423 3.507851 3.347575 16.444066
 1020.000000 -845487.750000 789.020309 3.322039 3.393787 16.670383
 1040.000000 -845236.062500 794.386571 3.554432 3.234914 16.570059
 1060.000000 -844449.125000 795.774299 3.178667 3.268739 16.781530
 1080.000000 -845764.375000 794.310954 3.367738 3.343483 16.970080
 1100.000000 -844502.125000 794.353624 3.068311 3.330457 16.627011
 1120.000000 -841996.687500 794.163331 3.043405 3.478207 16.501989
 1140.000000 -844378.250000 794.695573 3.255719 3.363148 16.454945
 1160.000000 -846609.000000 796.017849 3.379099 3.305327 16.495096
 1180.000000 -845432.875000 795.288830 3.327789 3.199227 16.587625
 1200.000000 -842863.125000 797.040913 3.273652 2.613319 3.836405
 1220.000000 -840960.687500 801.437109 2.872812 2.356472 7.149462
 1240.000000 -841078.687500 801.276209 3.244089 2.626622 11.781472
 1260.000000 -843107.125000 798.201697 3.175295 3.113835 14.318411
 1280.000000 -844066.125000 795.611043 2.877008 3.115996 15.720347
 1300.000000 -844006.062500 794.677934 3.019267 3.412932 16.072667
 1320.000000 -845016.875000 795.239274 3.753846 3.156832 16.425716
 1340.000000 -845253.687500 794.850045 3.609329 3.359898 16.399117
 1360.000000 -844230.062500 795.432440 3.425656 3.136787 16.298165
 1380.000000 -844362.062500 794.413820 3.304493 3.275622 16.500591
 1400.000000 -844351.687500 795.721845 3.325633 3.394914 16.379407
 1420.000000 -844792.312500 794.544759 3.319363 3.347504 16.453499
 1440.000000 -845260.937500 795.836042 3.332969 3.464254 16.596270
 1460.000000 -843993.312500 797.397235 3.542844 2.902708 5.057594
 1480.000000 -842393.375000 800.187685 2.690877 3.286797 9.498666
 1500.000000 -843581.937500 799.923925 2.726606 3.145396 11.369736
 1520.000000 -844273.312500 796.759958 3.329342 3.205450 14.280682
 1540.000000 -843948.250000 794.092823 3.344644 3.199708 16.022490
 1560.000000 -843898.062500 796.213716 3.663635 3.372099 16.034292
 1580.000000 -844567.875000 792.765527 3.381933 3.417252 16.410838
 1600.000000 -843175.812500 797.333044 3.583293 3.450830 16.741721
 1620.000000 -844804.375000 791.970903 3.367941 3.461641 16.710671
 1640.000000 -844789.312500 793.334180 3.307550 3.561490 16.825726
 1660.000000 -846244.625000 796.199275 3.372623 3.347434 16.655629
 1680.000000 -844850.375000 793.949611 3.219060 3.437936 16.664694
 1700.000000 -843980.250000 795.015988 3.260108 3.431772 16.510166
 1720.000000 -844266.562500 795.594733 3.305651 3.298568 16.514946
 1740.000000 -843630.937500 798.089958 3.579706 3.280390 16.588902
 1760.000000 -842036.937500 795.665757 3.379843 3.254740 16.555398
 1780.000000 -845329.937500 793.795563 3.501711 3.347661 16.517571
 1800.000000 -843262.750000 796.705832 3.474340 3.342882 16.386442
 1820.000000 -844640.875000 794.073832 3.476592 3.460508 16.522760
 1840.000000 -844743.375000 794.802935 3.455409 3.546038 16.594313
 1860.000000 -843984.250000 796.000235 3.323994 3.377617 16.379080
 1880.000000 -843497.625000 795.014165 3.313127 3.566416 16.304553
 1900.000000 -843890.750000 795.678920 3.379827 3.444566 16.313734
 1920.000000 -844408.312500 795.547140 3.337938 3.413486 16.432858
 1940.000000 -844995.312500 796.085877 3.313946 3.427776 16.325748
 1960.000000 -843465.312500 795.090410 3.550305 3.671634 16.228380
 1980.000000 -845822.250000 796.203939 3.130994 3.639585 16.525676
 2000.000000 -845572.437500 793.024791 3.200926 3.368127 16.493326
 2020.000000 -845444.250000 793.380009 3.383284 3.368243 16.552216
 2040.000000 -845684.812500 793.738356 3.165464 3.498462 16.701618
 2060.000000 -846626.250000 791.971340 3.257841 3.367740 16.539635
 2080.000000 -845165.125000 795.001923 3.289008 3.315894 16.442614
 2100.000000 -846120.875000 792.162632 3.439619 3.264215 16.452459
 2120.000000 -846116.375000 793.563025 3.530771 3.046459 16.657434
 2140.000000 -843428.687500 794.073916 3.195880 3.373965 16.734784
 2160.000000 -845711.500000 795.633483 3.283167 3.472639 16.697519
 2180.000000 -844411.125000 793.577202 3.285448 3.579138 16.401656
 2200.000000 -846020.375000 792.696025 3.223793 3.366012 16.580820
 2220.000000 -844638.312500 796.202989 3.298876 3.255129 16.701435
 2240.000000 -844546.312500 791.535306 3.575419 3.466729 16.714003
 2260.000000 -845884.750000 792.487328 3.394139 3.280957 16.408004
 2280.000000 -844057.562500 794.637068 3.101779 3.486770 16.302356
 2300.000000 -844023.687500 795.910398 3.227426 3.519056 16.369871
 2320.000000 -845791.937500 795.164257 3.086265 3.637668 16.352914
 2340.000000 -844862.500000 794.717076 3.155800 3.406735 16.381161
 2360.000000 -845331.125000 791.558491 3.420645 3.494419 16.589575
 2380.000000 -843922.687500 795.043857 3.391626 3.471127 16.506763
 2400.000000 -844547.437500 794.439126 3.228858 3.270760 16.359952
 2420.000000 -845881.875000 793.036822 3.254883 3.236179 16.301007
 2440.000000 -844782.500000 795.644966 3.841377 3.136871 16.746025
 2460.000000 -846655.062500 791.236057 3.847301 3.343113 16.346845
 2480.000000 -843916.312500 794.200192 3.585154 3.394325 16.477239
 2500.000000 -845414.437500 793.599587 3.083824 3.389124 16.364641
 2520.000000 -844679.250000 793.301394 3.340606 3.445398 16.760748
 2540.000000 -845480.812500 796.981802 3.721505 3.485073 16.848186
 2560.000000 -845320.750000 794.033423 3.487010 3.339922 16.784698
 2580.000000 -841697.687500 799.179866 2.719761 3.271795 5.885141
 2600.000000 -843901.125000 799.323838 3.156645 3.659479 11.444680
 2620.000000 -843141.437500 798.247852 3.246279 3.378080 14.046928
 2640.000000 -844883.812500 795.737349 3.391973 3.300029 15.539844
 2660.000000 -844666.312500 793.844346 3.435807 3.241870 16.140886
 2680.000000 -846061.125000 793.090400 3.315374 3.263269 16.294646
 2700.000000 -845631.500000 795.271493 3.341881 3.425029 16.377108
 2720.000000 -843621.187500 794.859063 3.225913 3.306012 16.509980
 2740.000000 -844628.250000 796.742068 3.154025 3.677014 16.499284
 2760.000000 -846535.812500 794.039779 3.451232 3.353816 16.354701
 2780.000000 -844482.562500 796.130226 3.467778 3.215225 16.135611
 2800.000000 -845837.500000 794.976498 3.329264 3.173328 16.540319
 2820.000000 -844281.875000 794.954429 3.573939 3.673932 16.656666
 2840.000000 -843321.437500 795.753188 3.440620 3.606613 16.482416
 2860.000000 -843461.437500 794.256779 3.557709 3.378719 15.994792
 2880.000000 -846305.250000 793.095271 3.302372 3.352918 16.216844
 2900.000000 -843306.875000 796.623534 3.346914 3.523347 16.455633
 2920.000000 -844566.625000 796.414281 3.354286 3.381798 16.303642
 2940.000000 -843962.625000 793.922893 3.469129 3.571928 16.475377
 2960.000000 -846297.875000 790.674916 3.503516 3.524605 16.561579
 2980.000000 -842059.937500 795.704553 3.376722 3.489598 16.687587
 3000.000000 -845415.375000 795.247255 3.485620 3.089929 16.770988
 3020.000000 -845099.250000 795.472237 3.460455 3.108033 16.628535
 3040.000000 -844067.062500 794.662520 3.145893 3.799939 16.669808
 3060.000000 -844249.250000 792.743658 3.334071 3.351569 16.445961
 3080.000000 -843880.750000 795.704728 3.340149 3.260287 16.470957
 3100.000000 -845090.125000 794.511105 3.322241 3.275165 16.417127
 3120.000000 -845018.687500 792.613946 3.370605 3.268698 16.690139
 3140.000000 -842924.625000 799.191900 3.517676 4.051101 6.493973
 3160.000000 -842289.750000 800.617654 3.315397 4.169284 6.804486
 3180.000000 -845173.250000 797.479055 3.050834 4.137573 7.049937
 3200.000000 -842689.812500 797.487922 3.047696 4.022233 10.620891
 3220.000000 -845551.625000 793.487198 3.233801 3.874161 11.923515
 3240.000000 -843325.937500 794.757466 3.325741 3.480545 14.261474
 3260.000000 -843439.375000 794.452694 2.826077 3.347311 15.479184
 3280.000000 -845852.000000 793.757428 3.022489 3.615020 16.224881
 3300.000000 -845061.312500 791.366544 3.300998 3.444432 16.322915
 3320.000000 -845084.375000 792.241993 3.159409 3.443869 16.366859
 3340.000000 -844300.937500 793.894888 3.398518 3.375324 16.304132
 3360.000000 -844356.562500 792.782315 3.534036 3.464780 16.263316
 3380.000000 -846097.750000 792.796997 3.491255 3.546405 16.534117
 3400.000000 -844923.312500 792.153264 3.642892 3.460059 16.663534
 3420.000000 -843371.187500 796.150107 3.632717 3.303425 16.509954
 3440.000000 -845212.312500 794.620839 3.436370 3.461802 16.278720
 3460.000000 -845867.687500 792.923773 3.173220 3.530181 16.282622
 3480.000000 -842916.000000 794.515490 3.127545 3.611780 16.304270
 3500.000000 -845548.937500 793.522789 3.503211 3.476483 16.664600
 3520.000000 -845140.062500 796.051633 3.399267 3.439616 16.578223
 3540.000000 -846199.187500 795.030945 3.449588 3.203060 16.506682
 3560.000000 -845660.250000 793.767312 3.513735 3.171936 16.618413
 3580.000000 -845826.875000 792.012543 3.331313 3.138335 16.782402
 3600.000000 -844513.187500 792.185454 3.400285 3.188421 16.418061
 3620.000000 -843993.625000 794.161912 3.312684 3.133949 16.083388
 3640.000000 -844818.500000 793.924234 3.488288 3.298042 16.544021
 3660.000000 -844468.500000 791.930861 3.400529 3.475423 16.695100
 3680.000000 -846676.562500 792.577785 3.594470 3.386847 16.411331
 3700.000000 -845445.187500 792.700702 3.539677 3.510075 16.564878
 3720.000000 -844370.062500 793.073104 3.596081 3.441029 16.574441
 3740.000000 -845344.812500 792.398354 3.470991 3.235869 16.655298
 3760.000000 -845950.187500 794.052284 3.135980 3.364987 16.650781
 3780.000000 -845678.000000 796.127226 3.416986 3.469437 16.435137
 3800.000000 -845532.375000 792.204630 3.425785 3.480141 16.341606
 3820.000000 -844887.687500 792.752075 3.432751 3.385229 16.443878
 3840.000000 -846450.937500 792.896863 3.155037 3.324929 16.478093
 3860.000000 -846602.187500 793.692113 3.437278 3.256504 16.356785
 3880.000000 -843269.312500 795.680820 3.492945 3.568847 16.408712
 3900.000000 -843492.625000 794.167952 3.492416 3.441808 16.387647
 3920.000000 -845283.062500 795.787554 3.519715 3.343102 16.722147
 3940.000000 -844747.625000 794.180787 3.421430 3.266260 16.733285
 3960.000000 -845534.187500 793.820274 3.288854 3.606528 16.518197
 3980.000000 -844481.937500 794.471712 3.161459 3.452159 16.402802
 4000.000000 -845250.187500 792.895065 3.175136 3.293137 16.580933
 4020.000000 -845434.937500 793.866344 3.312895 3.477384 16.355695
 4040.000000 -845132.875000 794.290356 3.398308 3.510552 16.851640
 4060.000000 -844578.437500 794.857275 3.150200 3.267057 16.938083
 4080.000000 -847286.687500 792.053709 3.361900 3.220994 16.577359
 4100.000000 -845172.750000 792.443661 3.613465 3.509974 16.474560
 4120.000000 -843318.750000 793.985139 3.420024 3.584492 16.624063
 4140.000000 -844800.375000 795.226264 3.553474 3.433861 16.372714
 4160.000000 -843195.875000 794.847746 3.242548 3.654829 16.451382
 4180.000000 -845279.875000 793.520958 3.371087 3.452412 16.380023
 4200.000000 -845348.312500 794.501091 3.482096 3.517288 16.488574
 4220.000000 -845234.812500 793.825256 3.669536 3.290330 16.497262
 4240.000000 -845751.312500 793.452091 3.185127 3.267184 16.572658
 4260.000000 -846039.937500 794.663171 3.391565 3.209535 16.656303
 4280.000000 -844902.625000 795.137016 3.496627 3.477231 16.461397
 4300.000000 -844669.312500 794.074077 3.450420 3.498350 16.439999
 4320.000000 -844891.375000 792.062853 3.406963 3.408220 16.600659
 4340.000000 -844311.062500 794.070154 3.238575 3.474777 16.602895
 4360.000000 -844918.750000 793.942563 2.955185 3.376882 16.521835
 4380.000000 -842637.625000 793.630445 3.304848 3.480721 16.541014
 4400.000000 -843044.062500 796.881024 3.269572 3.602517 16.293910
 4420.000000 -843835.625000 796.337999 3.528998 3.256519 16.301925
 4440.000000 -846752.562500 793.846634 3.516301 3.323844 16.252853
 4460.000000 -846932.312500 794.547166 3.297389 3.626198 16.738195
 4480.000000 -844372.437500 794.361384 3.462490 3.516902 16.458855
 4500.000000 -844385.500000 796.833379 3.444246 3.211125 16.426965
 4520.000000 -844845.687500 793.463720 3.328121 3.353301 16.776174
 4540.000000 -845729.125000 796.098136 3.239641 3.222454 16.377969
 4560.000000 -844023.375000 793.633412 3.204153 3.517312 16.166023
 4580.000000 -846816.375000 795.456735 3.358392 3.190651 16.412836
 4600.000000 -844494.187500 794.730989 3.662659 3.446059 16.256747
 4620.000000 -845021.625000 793.635979 3.476652 3.472288 16.424930
 4640.000000 -843028.312500 795.800422 3.442393 3.406386 16.479743
 4660.000000 -842700.125000 796.891142 3.402992 3.333493 16.719198
 4680.000000 -845031.375000 796.031709 3.706919 3.566452 16.676922
 4700.000000 -844754.000000 793.794249 3.378599 3.516555 16.608995
 4720.000000 -846404.687500 792.505700 3.291199 3.499691 16.860368
 4740.000000 -844469.750000 792.555113 3.124726 3.624128 16.807270
 4760.000000 -846640.250000 791.960150 3.255877 3.388649 16.691130
 4780.000000 -844617.250000 795.669459 3.477163 3.389354 16.533875
 4800.000000 -846956.437500 792.889776 3.476140 3.624218 16.423996
 4820.000000 -843550.062500 794.977834 3.183514 3.442264 16.596552
 4840.000000 -847133.562500 792.708400 3.288791 3.299298 16.599428
 4860.000000 -845312.687500 793.976940 3.307909 3.358164 16.642894
 4880.000000 -844963.000000 793.914026 3.347141 3.501081 16.348301
 4900.000000 -844298.937500 796.662011 3.315204 3.381119 16.459204
 4920.000000 -845968.000000 794.021142 3.273566 3.227029 16.426751
 4940.000000 -842598.562500 795.820450 3.366366 3.200322 16.540449
 4960.000000 -844135.312500 795.574867 3.398571 3.288955 16.538867
 4980.000000 -844596.062500 796.169058 3.564276 3.562186 16.576498
 5000.000000 -845733.062500 793.031943 3.180004 3.528441 16.532867
 5020.000000 -844356.937500 794.091084 3.308797 3.424523 16.584984
 5040.000000 -842927.687500 794.639163 3.537728 3.689507 16.323490
 5060.000000 -843787.937500 796.016784 3.735243 3.502902 16.406140
 5080.000000 -846347.937500 792.559815 3.630290 3.520604 16.229337
 5100.000000 -845214.750000 795.310919 3.335863 3.529353 16.481113
 5120.000000 -844650.312500 796.269748 3.485511 3.748790 16.402756
 5140.000000 -844399.937500 795.296041 3.362805 3.402405 16.577460
 5160.000000 -845327.875000 795.131264 3.449132 3.365646 16.372995
 5180.000000 -843884.125000 794.164351 3.827172 3.526579 16.607353
 5200.000000 -844281.062500 791.519245 3.945634 3.590494 16.283213
 5220.000000 -843341.000000 797.544121 3.662710 3.697457 16.415151
 5240.000000 -846471.437500 793.371209 3.458183 3.334883 16.586420
 5260.000000 -845926.812500 795.535500 3.540886 3.477353 16.532823
 5280.000000 -845326.875000 794.847973 3.485912 3.406651 16.521316
 5300.000000 -844154.062500 795.054718 3.551407 3.429330 16.629124
 5320.000000 -844810.562500 792.977682 3.207916 3.679653 16.437010
 5340.000000 -844744.812500 793.694064 3.189367 3.439793 16.226274
 5360.000000 -844729.437500 794.420845 3.323413 3.476152 16.446979
 5380.000000 -844307.125000 795.580574 3.223967 3.362968 16.434011
 5400.000000 -843927.687500 795.776059 3.443571 3.405494 16.672294
 5420.000000 -846811.937500 792.633192 3.592113 3.535492 16.642776
 5440.000000 -843038.062500 801.286718 3.364010 3.113021 6.583602
 5460.000000 -843719.250000 799.613575 3.467398 3.259932 10.825911
 5480.000000 -843461.937500 796.684779 3.953861 3.238867 14.484860
 5500.000000 -844108.000000 795.182295 3.444008 3.197252 15.771055
 5520.000000 -844185.312500 792.760044 3.576569 3.466887 16.131324
 5540.000000 -845040.250000 793.966536 3.552256 3.328598 16.348110
 5560.000000 -845682.312500 794.838899 3.472058 3.483678 16.474385
 5580.000000 -844097.812500 795.438068 3.460857 3.341752 16.318917
 5600.000000 -844850.312500 794.879493 3.404620 3.541743 16.660019
 5620.000000 -844157.375000 795.457608 3.370076 3.741297 16.344570
 5640.000000 -843145.750000 795.821994 3.586467 3.500511 16.740868
 5660.000000 -844951.687500 792.882781 3.753744 3.854396 16.717512
 5680.000000 -846534.312500 795.624258 3.573630 3.564967 16.723600
 5700.000000 -847161.375000 793.816518 3.388225 3.492306 16.670579
 5720.000000 -845325.812500 792.661546 3.331482 3.550508 16.569698
 5740.000000 -844221.875000 794.022092 3.463019 3.532067 16.581518
 5760.000000 -845636.812500 794.303920 3.355426 3.406495 16.439396
 5780.000000 -846512.437500 794.086327 3.455238 3.432185 16.637456
 5800.000000 -845454.687500 794.904481 3.374497 3.535308 16.701747
 5820.000000 -843416.750000 793.778640 3.292783 3.490758 16.632576
 5840.000000 -845422.375000 796.006455 3.672979 3.423411 16.944555
 5860.000000 -840227.562500 801.347253 3.266097 3.098301 6.992294
 5880.000000 -842451.500000 798.370700 3.304348 2.867910 9.783593
 5900.000000 -845588.187500 795.918796 3.408873 2.806333 10.215072
 5920.000000 -844244.000000 795.609752 3.847050 2.892037 12.782240
 5940.000000 -843737.937500 794.235751 3.889664 3.207270 15.109560
 5960.000000 -845172.875000 793.134344 3.390119 3.455159 16.008632
 5980.000000 -843480.187500 793.642015 3.383419 3.456009 16.019761
 6000.000000 -844615.000000 794.528493 3.438543 3.178246 16.443491
 6020.000000 -844186.250000 793.975470 3.521884 3.289398 16.150274
 6040.000000 -845479.312500 793.710326 3.453935 3.301134 16.224842
 6060.000000 -846165.000000 791.779372 3.335710 3.405229 16.413237
 6080.000000 -847288.250000 792.827272 3.293605 3.213320 16.494138
 6100.000000 -844960.000000 793.924846 3.637943 3.364119 16.623512
 6120.000000 -843837.437500 792.666767 3.311141 3.442625 16.526270
 6140.000000 -845772.375000 792.889368 3.513579 3.346270 16.299764
 6160.000000 -844940.062500 794.452075 3.370557 3.365619 16.639270
 6180.000000 -845800.812500 794.773495 3.247086 2.993733 16.535951
 6200.000000 -845897.375000 794.538458 3.201180 3.069833 16.516676
 6220.000000 -842694.062500 796.196342 3.329864 3.450835 16.407254
 6240.000000 -846719.062500 795.687524 3.263053 3.417166 16.599459
 6260.000000 -845425.187500 795.515959 3.602134 3.430603 16.477098
 6280.000000 -845948.187500 794.010754 3.461691 3.365527 16.438817
 6300.000000 -841851.562500 793.767132 3.069853 3.202613 16.403881
 6320.000000 -846282.000000 792.703870 3.264215 3.342449 16.697076
 6340.000000 -846524.437500 791.571837 3.310844 3.384566 16.550863
 6360.000000 -845156.750000 795.258738 3.198306 3.334444 16.639828
 6380.000000 -845545.375000 797.467651 3.487008 3.723101 16.810040
 6400.000000 -844494.562500 795.533366 3.433415 3.287596 16.574153
 6420.000000 -847413.500000 792.240533 3.627395 3.323537 16.639031
 6440.000000 -845689.687500 793.896927 3.676394 3.208279 16.618702
 6460.000000 -845004.625000 794.481780 3.424771 3.319520 16.536657
 6480.000000 -843891.000000 794.273346 3.306908 3.413591 16.579814
 6500.000000 -845367.437500 792.730960 3.342943 3.528080 16.556525
 6520.000000 -844848.500000 795.185761 3.345265 3.364884 16.555723
 6540.000000 -844674.750000 794.472597 3.576600 3.326037 16.529374
 6560.000000 -844161.437500 796.397230 3.275892 3.395408 16.610046
 6580.000000 -844530.000000 794.460201 3.222479 3.449527 16.717600
 6600.000000 -841884.125000 798.628554 3.628495 3.367819 6.610439
 6620.000000 -843205.312500 802.077601 3.792479 3.321413 11.031267
 6640.000000 -843825.312500 797.892989 3.553759 2.924804 13.865183
 6660.000000 -845331.375000 794.420429 3.474525 3.092048 15.532498
 6680.000000 -845383.125000 795.757574 3.380211 3.251908 16.146172
 6700.000000 -845040.875000 794.004884 3.386553 3.313370 16.261677
 6720.000000 -845821.312500 793.182332 3.487224 3.450813 16.179064
 6740.000000 -843413.937500 794.765212 3.384603 3.521131 16.348024
 6760.000000 -845641.125000 793.615892 3.370009 3.465748 16.351177
 6780.000000 -845067.062500 795.669514 3.497552 3.304524 16.274867
 6800.000000 -844630.437500 797.561574 3.475443 3.418535 16.581733
 6820.000000 -844476.500000 792.778052 3.195446 3.020637 16.402084
 6840.000000 -844652.312500 793.524128 3.210116 3.312299 16.626994
 6860.000000 -846947.187500 791.960661 3.408827 3.361365 16.405269
 6880.000000 -845387.312500 791.902002 3.327522 3.103280 16.511519
 6900.000000 -845615.000000 794.238605 3.566750 3.221309 16.556524
 6920.000000 -846675.625000 791.731222 3.755044 2.903488 16.680171
 6940.000000 -843330.250000 795.055334 3.461639 3.262607 16.547993
 6960.000000 -846147.000000 794.203195 3.700520 3.316666 16.542216
 6980.000000 -845564.937500 794.457377 3.616221 3.494918 16.543531
 7000.000000 -845150.187500 792.192667 3.506477 3.490896 16.530748
 7020.000000 -844793.500000 794.798746 3.456985 3.807683 16.495222
 7040.000000 -846395.562500 795.185378 3.698627 3.448804 16.512518
 7060.000000 -845690.875000 793.059452 3.350843 3.371706 16.475523
 7080.000000 -845020.812500 794.173134 3.466231 3.502969 16.234520
 7100.000000 -844501.500000 793.909736 3.203073 3.808990 16.471585
 7120.000000 -845226.187500 792.447996 3.388058 3.460376 16.666818
 7140.000000 -845200.750000 792.170954 3.672117 3.331133 16.331594
 7160.000000 -845706.500000 793.278541 3.286261 3.560150 16.135296
 7180.000000 -844046.437500 795.072027 3.252716 3.506995 16.209974
 7200.000000 -846025.125000 792.812961 3.282850 3.304883 16.236307
 7220.000000 -844734.500000 794.759212 3.403012 3.063555 16.406100
 7240.000000 -844913.125000 792.437662 3.254551 3.375976 16.515539
 7260.000000 -845046.437500 793.780486 3.252425 3.299337 16.628499
 7280.000000 -845449.375000 794.636381 3.569157 3.459796 16.377683
 7300.000000 -845401.437500 795.815278 3.488891 3.586412 16.562648
 7320.000000 -844866.000000 795.658852 3.124056 3.389390 16.400743
 7340.000000 -843635.250000 793.014208 3.147684 3.453517 16.446939
 7360.000000 -845385.437500 794.488934 3.320053 3.223299 16.363125
 7380.000000 -845417.750000 795.375172 3.333621 3.519767 16.516381
 7400.000000 -844200.375000 794.374607 3.498049 3.334257 16.675530
 7420.000000 -844884.937500 793.005132 3.396499 3.560409 16.612018
 7440.000000 -845221.750000 793.978776 3.060545 3.502997 16.480496
 7460.000000 -844048.625000 794.022277 3.331986 3.297300 16.615583
 7480.000000 -845450.812500 793.896473 3.383214 3.080063 16.247209
 7500.000000 -844330.562500 794.120102 3.389358 3.338075 16.452555
 7520.000000 -844547.187500 795.888359 3.721548 3.577319 16.779924
 7540.000000 -845383.125000 794.321510 3.509897 3.281583 16.783218
 7560.000000 -846549.937500 792.576835 3.513427 3.396645 16.582044
 7580.000000 -846365.750000 792.270030 3.644651 3.656574 16.399833
 7600.000000 -845863.812500 793.051317 3.287119 3.291087 16.568297
 7620.000000 -843673.250000 795.385474 3.440904 3.573038 16.538911
 7640.000000 -844752.687500 796.100967 3.554895 3.308814 16.501319
 7660.000000 -842382.687500 794.953686 3.344583 3.420002 16.486053
 7680.000000 -844671.437500 796.424855 3.180718 3.578200 16.420146
 7700.000000 -845250.937500 796.210196 3.305617 3.230102 16.597180
 7720.000000 -844838.062500 794.638068 3.268816 3.624018 16.425961
 7740.000000 -844878.875000 794.157562 3.180118 3.331876 16.538146
 7760.000000 -844562.062500 793.379346 3.269216 3.403411 16.394698
 7780.000000 -846531.125000 793.991376 3.406435 3.578270 16.698139
 7800.000000 -844821.750000 798.967039 3.569308 3.509267 6.468419
 7820.000000 -843402.500000 798.189206 3.691854 3.127388 10.769551
 7840.000000 -843451.250000 799.969740 3.152239 3.040638 12.297941
 7860.000000 -844903.250000 796.880164 3.253455 3.376067 14.861964
 7880.000000 -843118.437500 794.780747 3.403018 3.633083 15.476663
 7900.000000 -844830.250000 794.189804 3.306919 3.622470 16.124109
 7920.000000 -846193.687500 792.834448 3.373888 3.300326 16.214548
 7940.000000 -844314.937500 795.995496 3.476989 3.203586 16.334823
 7960.000000 -843681.250000 795.001962 3.149199 3.246987 16.225573
 7980.000000 -844497.750000 794.947821 3.450626 3.369383 16.238815
 8000.000000 -845713.750000 793.614902 3.284376 3.395925 16.331961
 8020.000000 -844485.187500 795.661765 3.243093 3.318697 16.249189
 8040.000000 -843811.250000 792.762534 3.273167 3.538277 16.525379
 8060.000000 -845933.562500 792.363676 3.231797 3.644868 16.687450
 8080.000000 -845462.187500 791.983358 3.298537 3.434399 16.708745
 8100.000000 -844603.500000 794.716507 3.543335 3.535581 16.367339
 8120.000000 -845231.625000 794.068784 3.531540 3.555039 16.451364
 8140.000000 -845520.062500 793.652898 3.119036 3.672721 16.609179
 8160.000000 -846050.750000 794.856600 3.334955 3.608622 16.244272
 8180.000000 -845488.312500 794.782384 3.515186 3.576595 16.787683
 8200.000000 -846360.500000 793.187554 3.708681 3.477279 16.600233
 8220.000000 -846941.250000 792.487328 3.675820 3.490794 16.776972
 8240.000000 -845227.250000 794.435831 3.165586 3.780201 16.529184
 8260.000000 -846177.562500 792.642947 3.516696 3.618334 16.666684
 8280.000000 -843689.250000 795.403901 3.366401 3.373556 16.449941
 8300.000000 -843311.562500 793.685543 3.339550 3.434247 16.628763
 8320.000000 -844920.000000 793.064301 3.193723 3.405208 16.413035
 8340.000000 -844363.250000 794.794044 3.074003 3.506581 16.483024
 8360.000000 -846218.562500 793.398038 3.376666 3.542714 16.766029
 8380.000000 -845264.875000 794.465081 3.385316 3.336577 16.656327
 8400.000000 -844817.125000 794.914165 3.469558 3.372474 16.676076
 8420.000000 -845355.375000 793.319161 3.453098 3.614067 16.472429
 8440.000000 -846142.937500 792.517297 3.511257 3.414362 16.362371
 8460.000000 -844961.687500 792.323032 3.220058 3.389538 16.321074
 8480.000000 -845885.937500 794.722642 3.379495 3.525279 16.502348
 8500.000000 -845073.687500 793.622217 3.531627 3.239188 16.581331
 8520.000000 -846639.187500 794.072597 3.531541 3.421571 16.689941
 8540.000000 -845454.187500 792.737476 3.509903 3.306214 16.446307
 8560.000000 -844402.875000 794.077938 3.464913 3.528206 16.308290
 8580.000000 -846880.062500 791.004199 3.247762 3.495640 16.719232
 8600.000000 -846397.687500 793.529705 3.279485 3.423910 16.521194
 8620.000000 -845669.500000 793.299797 3.108904 3.465560 16.479813
 8640.000000 -845291.625000 794.149253 3.253108 3.608348 16.165926
 8660.000000 -845621.312500 792.216709 3.407976 3.250942 16.369277
 8680.000000 -845810.875000 795.316209 3.425217 3.103160 16.510300
 8700.000000 -845255.375000 793.040354 3.754161 3.264698 16.598233
 8720.000000 -844883.062500 795.936591 3.501905 3.110182 16.632585
 8740.000000 -845311.187500 792.183976 3.458559 3.276161 16.487383
 8760.000000 -846635.500000 793.745492 3.336723 3.449701 16.496692
 8780.000000 -845528.937500 794.973005 3.262200 3.457160 16.508046
 8800.000000 -843478.875000 796.084355 3.151957 3.557371 16.441614
 8820.000000 -843665.500000 793.893618 3.320406 3.328883 16.304039
 8840.000000 -845077.625000 792.725707 3.204542 3.543064 16.446264
 8860.000000 -843212.125000 794.403567 3.312155 3.592852 16.684726
 8880.000000 -845063.187500 795.444357 3.144889 3.205455 16.665381
 8900.000000 -846089.312500 792.769817 3.475571 3.209768 16.551847
 8920.000000 -845209.250000 793.507991 3.303877 3.063954 16.446021
 8940.000000 -846297.000000 791.660037 3.388336 3.193273 16.674472
 8960.000000 -845188.375000 794.117364 3.355976 2.967040 16.662672
 8980.000000 -845657.250000 796.214321 3.544681 3.262653 16.448298
 9000.000000 -845227.750000 797.099361 3.628123 3.578070 16.499057
 9020.000000 -842902.250000 793.585947 3.430972 3.609494 16.399904
 9040.000000 -843123.437500 798.275269 3.530265 3.573806 16.455347
 9060.000000 -845847.937500 793.663204 3.375190 3.622930 16.374869
 9080.000000 -845480.812500 793.834537 3.521822 3.662613 16.475257
 9100.000000 -844226.312500 793.312246 3.506111 3.576637 16.501320
 9120.000000 -845774.000000 792.228981 3.374435 3.574409 16.293012
 9140.000000 -844657.625000 796.810315 3.272165 3.763053 16.618086
 9160.000000 -846963.937500 795.740427 3.248343 3.631181 16.667594
 9180.000000 -843020.625000 796.014836 3.319338 3.569095 16.637303
 9200.000000 -845521.500000 793.317067 3.451225 3.193847 16.475548
 9220.000000 -846108.125000 791.815172 3.306106 3.138906 16.499069
 9240.000000 -844335.687500 793.380814 3.747672 3.438556 16.485547
 9260.000000 -843181.375000 794.875411 3.645029 3.168849 16.579453
 9280.000000 -844043.812500 795.581939 3.487948 3.477772 16.432686
 9300.000000 -845505.437500 794.156993 3.582280 3.544197 16.462248
 9320.000000 -843148.375000 796.184719 3.322619 3.882946 3.910372
 9340.000000 -841745.375000 799.814638 3.590852 4.256015 8.837637
 9360.000000 -842950.687500 796.991368 3.246261 3.955775 13.239389
 9380.000000 -843093.687500 793.488492 3.349119 3.062396 15.161071
 9400.000000 -844683.875000 794.152302 3.533084 3.023490 16.092082
 9420.000000 -843946.187500 794.564977 3.300090 3.499730 16.330267
 9440.000000 -847144.562500 794.921591 3.264728 3.467082 16.248286
 9460.000000 -844758.187500 793.683823 3.523642 3.550033 16.151209
 9480.000000 -845216.187500 795.660679 3.525511 3.668386 16.452056
 9500.000000 -844843.125000 794.363357 3.300463 3.482371 16.534773
 9520.000000 -845104.562500 793.862713 3.503043 3.510182 16.608881
 9540.000000 -843547.187500 793.136442 3.591265 3.311263 16.432841
 9560.000000 -844204.312500 797.267392 3.625071 3.321782 16.514548
 9580.000000 -842257.250000 795.405159 3.494854 3.507245 16.424353
 9600.000000 -844215.750000 796.626807 3.547207 3.651940 16.378940
 9620.000000 -845706.562500 791.702590 3.366754 3.465224 16.270843
 9640.000000 -844246.000000 792.412343 3.305257 3.333637 16.219099
 9660.000000 -844193.312500 795.277986 3.333373 3.715835 16.375879
 9680.000000 -845708.875000 793.527358 3.246788 3.532168 16.525728
 9700.000000 -845250.562500 794.679709 3.498757 3.554873 16.355489
 9720.000000 -845884.437500 792.183903 3.509771 3.456811 16.428566
 9740.000000 -845303.000000 793.086963 3.555831 3.340270 16.410443
 9760.000000 -846211.937500 793.153875 3.323414 3.434329 16.639704
 9780.000000 -844594.937500 794.908494 3.322563 3.262187 16.446231
 9800.000000 -845115.937500 794.796227 3.148754 3.081930 16.482451
 9820.000000 -846075.375000 793.482924 2.958985 3.137920 16.514044
 9840.000000 -846872.437500 792.210063 3.399731 3.503256 16.627059
 9860.000000 -845599.937500 791.441276 3.658217 3.434124 16.579038
 9880.000000 -844441.250000 794.163963 3.350111 3.439686 16.457608
 9900.000000 -845178.937500 794.860960 3.444781 3.355204 16.480693
 9920.000000 -844963.937500 792.370708 3.274322 3.673835 16.439383
 9940.000000 -845834.750000 793.173226 3.572046 3.335201 16.578325
 9960.000000 -845992.187500 791.775284 3.517166 3.311396 16.743373
 9980.000000 -844009.750000 795.825288 3.501875 3.289209 16.491421
 10000.000000 -845972.250000 792.840526 3.109842 3.352240 16.489383
 10020.000000 -847350.437500 792.894989 3.393788 3.323211 16.521471
 10040.000000 -844917.937500 792.061150 3.262132 3.182679 16.694070
 10060.000000 -846313.500000 791.639028 3.316122 3.414584 16.642874
 10080.000000 -846744.687500 790.134582 3.330133 3.424450 16.677765
 10100.000000 -843179.375000 794.345554 3.543093 3.481005 16.600058
 10120.000000 -845523.687500 794.024926 3.424598 3.559048 16.294442
 10140.000000 -844450.250000 794.646537 3.280263 3.637960 16.293338
 10160.000000 -845151.500000 792.751599 3.430890 3.509205 16.648057
 10180.000000 -844137.500000 795.853214 3.559196 3.359213 16.404837
 10200.000000 -843226.687500 797.586830 3.368515 3.311423 16.404829
 10220.000000 -843898.500000 796.321053 3.320322 3.388637 16.321745
 10240.000000 -846186.937500 794.661617 3.572305 3.639809 16.252227
 10260.000000 -846878.062500 793.090666 3.540672 3.391986 16.344531
 10280.000000 -845274.687500 795.413075 3.365049 3.325407 16.778860
 10300.000000 -843381.937500 793.734917 3.410738 3.431683 16.750822
 10320.000000 -844617.062500 795.399064 3.525045 3.535335 16.684067
 10340.000000 -845084.312500 794.643765 3.500369 3.340139 16.616226
 10360.000000 -843793.125000 797.070053 3.158171 3.203668 16.649182
 10380.000000 -844862.250000 794.644886 3.437533 3.130716 16.443834
 10400.000000 -843294.687500 794.181548 3.304465 3.284799 16.698621
 10420.000000 -844252.500000 794.499951 3.495407 3.103853 16.615239
 10440.000000 -844476.437500 798.941412 4.094969 3.038551 6.527298
 10460.000000 -842898.312500 798.149855 3.937900 3.010217 6.710170
 10480.000000 -841117.437500 800.785765 4.055869 3.146119 7.804557
 10500.000000 -843407.562500 798.176361 4.052611 3.016203 13.066826
 10520.000000 -844236.750000 791.275209 3.868177 3.224702 14.992787
 10540.000000 -846786.937500 790.993741 3.654221 3.457172 15.978822
 10560.000000 -845363.250000 794.334240 3.355587 3.251144 16.314557
 10580.000000 -845881.937500 792.410091 3.505584 3.307031 16.279656
 10600.000000 -845723.375000 793.614810 3.467084 3.129966 16.219695
 10620.000000 -843628.937500 793.781809 3.465844 3.438442 16.528964
 10640.000000 -844030.312500 796.215851 3.524729 3.336540 16.269773
 10660.000000 -846355.437500 794.359435 3.229888 3.292618 16.348008
 10680.000000 -845027.500000 793.825015 3.216181 3.198522 16.435063
 10700.000000 -846139.437500 792.611572 3.464921 3.434256 16.524144
 10720.000000 -845484.562500 793.978367 3.567410 3.436930 16.662011
 10740.000000 -844825.375000 794.454840 3.319506 3.388266 16.651724
 10760.000000 -845133.312500 794.101119 3.341498 3.351761 16.650108
 10780.000000 -845424.437500 793.054904 3.373507 3.361022 16.752275
 10800.000000 -844924.375000 794.354337 3.493975 3.285889 16.632791
 10820.000000 -843991.500000 791.957804 3.748004 3.580350 16.633035
 10840.000000 -845578.625000 794.090559 3.576619 3.078630 16.486154
 10860.000000 -845485.562500 794.041556 3.502422 3.186954 16.661705
 10880.000000 -844670.000000 797.266647 3.606800 3.383289 16.555160
 10900.000000 -844720.812500 793.002125 3.478896 3.079848 16.611185
 10920.000000 -846225.937500 793.529720 3.554653 3.242942 16.563894
 10940.000000 -844448.500000 795.289905 3.411054 3.263625 16.808354
 10960.000000 -847242.187500 793.443239 3.230043 3.614750 16.685183
 10980.000000 -846591.875000 791.706930 3.178456 3.453035 16.669398
 11000.000000 -843965.562500 794.276573 3.608176 3.639616 16.539719
 11020.000000 -845722.812500 795.432559 3.378815 3.628718 16.624034
 11040.000000 -846436.000000 793.917346 3.450202 3.368126 16.418265
 11060.000000 -845885.687500 792.167009 3.493727 3.354537 16.329027
 11080.000000 -844946.812500 792.973981 3.800269 3.480241 16.437512
 11100.000000 -844621.000000 794.626822 3.498462 3.537910 16.688787
 11120.000000 -845344.125000 795.040033 3.431761 3.475339 16.448916
 11140.000000 -844692.562500 796.699785 3.184900 3.412588 16.638326
 11160.000000 -843907.312500 796.827835 3.067847 3.677122 16.585328
 11180.000000 -844538.187500 794.088433 3.416101 3.376315 16.604503
 11200.000000 -845222.125000 792.656900 3.525481 3.422904 16.619723
 11220.000000 -846332.062500 794.206810 3.407230 3.480126 16.446444
 11240.000000 -843678.312500 797.016355 3.345892 3.271752 16.529271
 11260.000000 -843986.375000 795.830773 3.317727 3.317909 16.451758
 11280.000000 -845942.875000 795.252666 3.011591 3.121222 16.635191
 11300.000000 -845798.125000 793.442011 3.101917 3.422693 16.469359
 11320.000000 -846597.312500 794.277369 3.287290 3.363272 16.525551
 11340.000000 -845122.500000 795.809122 3.389046 3.235306 16.469224
 11360.000000 -843653.625000 795.303986 3.457311 3.422980 16.334072
 11380.000000 -844550.250000 795.702978 3.319636 3.328531 16.022602
 11400.000000 -845444.500000 796.358718 3.549139 3.323725 16.193410
 11420.000000 -843602.437500 793.731916 3.658027 3.375897 16.565010
 11440.000000 -845794.687500 792.019610 3.135291 3.207442 16.703076
 11460.000000 -846217.937500 792.025561 3.288303 3.285059 16.581961
 11480.000000 -844055.937500 793.845318 3.432677 3.253573 16.451922
 11500.000000 -845723.875000 794.658783 3.551356 3.347095 16.361014
 11520.000000 -847189.437500 790.995649 3.599734 3.160601 16.435032
 11540.000000 -844742.812500 794.293840 3.539346 3.371428 16.569259
 11560.000000 -845263.750000 793.556340 3.383982 3.316462 16.361474
 11580.000000 -844981.812500 794.163615 3.482465 3.629502 16.696734
 11600.000000 -844758.250000 794.708922 3.209366 3.422630 16.637245
 11620.000000 -845652.437500 792.756825 3.221589 3.455896 16.510941
 11640.000000 -843094.937500 794.926922 3.373898 3.530817 16.590608
 11660.000000 -846433.562500 791.879463 3.254225 3.609358 16.419228
 11680.000000 -845041.125000 795.093057 3.372629 3.688256 16.466002
 11700.000000 -844566.937500 792.086574 3.225744 3.603935 16.541458
 11720.000000 -845018.000000 793.668112 3.333860 3.566257 16.284252
 11740.000000 -844997.875000 792.830122 3.527531 3.437859 16.634571
 11760.000000 -845386.062500 793.761732 3.650571 3.339845 16.433329
 11780.000000 -845636.625000 793.500980 3.361923 3.441509 16.296782
 11800.000000 -846677.875000 794.200511 3.398571 3.136532 16.569391
 11820.000000 -846352.375000 791.587540 3.369444 3.122642 16.854069
 11840.000000 -845996.687500 794.493253 3.162279 3.270026 16.638222
 11860.000000 -845794.750000 793.718754 3.117805 3.601141 16.776726
 11880.000000 -845896.750000 791.646727 3.303238 3.865478 16.616444
 11900.000000 -845920.312500 793.796573 3.373158 3.609303 16.566122
 11920.000000 -844932.000000 795.367410 3.402424 3.399338 16.550098
 11940.000000 -845285.812500 795.438891 3.620468 3.416099 16.838564
 11960.000000 -844997.812500 793.352161 3.523570 3.431207 16.824734
 11980.000000 -844845.937500 791.879530 3.509313 3.378705 16.517749
 12000.000000 -844170.062500 791.947342 3.427303 3.323294 16.512016
 12020.000000 -846309.562500 796.482642 3.331295 3.571681 16.621479
 12040.000000 -846533.250000 792.703573 3.302669 3.195607 16.760999
 12060.000000 -844482.375000 793.960369 3.299391 3.402726 16.744979
 12080.000000 -842659.187500 792.311037 3.153109 3.183540 16.505759
 12100.000000 -846727.000000 792.690640 2.951113 3.190900 16.300515
 12120.000000 -843641.500000 793.921352 3.423678 3.309462 16.368567
 12140.000000 -842904.500000 794.142517 3.202605 3.426825 16.637911
 12160.000000 -844612.062500 796.938782 3.240207 3.724981 16.596319
 12180.000000 -841747.062500 800.926061 3.861872 2.802280 6.465213
 12200.000000 -842145.437500 797.653594 3.281145 3.015919 10.922608
 12220.000000 -842855.062500 799.743637 3.142688 2.850505 13.905481
 12240.000000 -845813.750000 794.713934 3.052948 3.443296 15.420709
 12260.000000 -844501.000000 791.709486 3.251689 3.673878 16.035510
 12280.000000 -843404.375000 795.318621 3.042847 3.740299 16.435256
 12300.000000 -843015.625000 795.332721 3.333677 3.400568 16.210683
 12320.000000 -843824.625000 795.399540 3.465397 3.094056 16.410757
 12340.000000 -845474.562500 793.463838 3.173058 3.244987 16.377175
 12360.000000 -844404.375000 794.786450 3.080481 3.219531 16.808430
 12380.000000 -843908.250000 793.143575 3.280151 3.427560 16.252364
 12400.000000 -843718.812500 795.295396 3.181242 3.447741 16.251400
 12420.000000 -845142.250000 793.760729 3.340443 3.500716 16.588513
 12440.000000 -846904.187500 794.370495 3.020900 3.466011 16.658325
 12460.000000 -845337.062500 791.132403 3.124360 3.396817 16.522056
 12480.000000 -845588.750000 793.140590 3.360637 3.271056 16.525575
 12500.000000 -844780.187500 794.129375 3.323114 3.433216 16.455078
 12520.000000 -845096.812500 796.304246 3.446731 3.479249 16.532879
 12540.000000 -843773.000000 794.542654 3.315978 3.423754 16.452456
 12560.000000 -844910.375000 793.909313 3.454094 3.690317 16.270772
 12580.000000 -844929.250000 792.599435 3.353899 3.845104 16.359436
 12600.000000 -843605.000000 794.385186 3.519093 3.670343 16.670730
 12620.000000 -841850.562500 803.459343 3.983944 3.351445 8.484073
 12640.000000 -843533.687500 801.080522 3.942145 3.364456 11.420745
 12660.000000 -843739.937500 797.938846 3.867864 2.850190 13.162774
 12680.000000 -845224.687500 791.876726 3.412926 3.095064 15.037776
 12700.000000 -844044.812500 793.772760 3.387610 3.197026 15.962056
 12720.000000 -844561.125000 794.220794 3.389149 3.317447 16.183290
 12740.000000 -844785.000000 796.233259 3.283867 3.391599 16.405233
 12760.000000 -844053.375000 794.609289 3.316781 3.131443 16.502380
 12780.000000 -844046.125000 795.380045 3.369718 3.197735 16.370998
 12800.000000 -845681.125000 794.277172 3.185192 3.431517 16.363336
 12820.000000 -842539.250000 798.969511 3.328606 3.546962 16.589748
 12840.000000 -845458.187500 794.722977 3.275192 3.504850 16.791277
 12860.000000 -845478.625000 794.287538 3.404709 3.387794 16.532694
 12880.000000 -845172.437500 793.401597 3.637257 3.341142 16.629288
 12900.000000 -843638.437500 797.213027 3.490665 3.274587 16.509541
 12920.000000 -845787.125000 795.936418 3.342189 3.145577 16.541169
 12940.000000 -844081.375000 795.659212 3.448841 3.115237 16.410183
 12960.000000 -845423.000000 797.529359 3.313473 3.263478 16.582235
 12980.000000 -845722.750000 794.694776 3.326091 3.316957 16.361493
 13000.000000 -844673.312500 796.207031 3.303887 3.296846 16.343677
 13020.000000 -845219.375000 792.293904 3.276579 3.272778 16.309073
 13040.000000 -845709.187500 793.721227 3.472259 2.980258 16.672859
 13060.000000 -844837.625000 795.536186 3.439011 3.458590 16.769873
 13080.000000 -843721.000000 796.719315 3.284747 3.572685 16.544717
 13100.000000 -842672.875000 796.581840 3.322362 3.403180 16.402836
 13120.000000 -844292.625000 794.955563 3.535194 3.674304 16.337946
 13140.000000 -844860.687500 793.230273 3.391352 3.666640 16.294172
 13160.000000 -844629.375000 798.377504 3.230391 3.542511 16.408863
 13180.000000 -845114.375000 795.329069 3.693258 3.398658 16.070756
 13200.000000 -842721.312500 796.894665 3.488377 3.324665 16.592963
 13220.000000 -841636.187500 800.066857 2.603991 3.439568 5.926209
 13240.000000 -842025.875000 800.949342 1.810420 3.536711 9.798419
 13260.000000 -843379.125000 797.478521 2.472041 3.531826 13.803576
 13280.000000 -843322.062500 798.017842 3.266697 3.300238 15.373267
 13300.000000 -842739.437500 796.211945 3.156612 3.274385 16.047841
 13320.000000 -843617.062500 794.291013 3.429642 3.583733 16.191069
 13340.000000 -845608.812500 794.055517 3.468416 3.629944 16.305019
 13360.000000 -844803.187500 791.859732 3.415291 3.469317 16.317794
 13380.000000 -845836.000000 794.574883 3.462408 3.330969 16.554240
 13400.000000 -844657.812500 793.802950 3.567493 3.313403 16.365193
 13420.000000 -843993.562500 794.149790 3.431546 3.615672 16.371100
 13440.000000 -843677.250000 793.462875 3.477312 3.390207 16.340113
 13460.000000 -846523.500000 793.868724 3.464756 3.272977 16.391908
 13480.000000 -844281.812500 795.527033 3.598795 3.428519 16.645739
 13500.000000 -844575.187500 795.317958 3.546275 3.558437 16.473049
 13520.000000 -844326.312500 792.804042 3.628843 3.291280 16.305553
 13540.000000 -844200.500000 795.891091 3.463670 3.291533 16.393547
 13560.000000 -843518.000000 793.869615 3.145844 3.241998 16.280458
 13580.000000 -842451.437500 793.957351 3.101838 3.522579 16.317569
 13600.000000 -844132.375000 791.913025 3.172685 3.437500 16.434872
 13620.000000 -845182.375000 793.247542 3.635765 3.262844 -0.382938
 13640.000000 -842563.250000 801.870953 3.538908 2.659388 6.671208
 13660.000000 -841068.812500 802.092557 3.685058 3.124019 7.951614
 13680.000000 -844074.750000 797.756127 3.726898 3.441208 10.838295
 13700.000000 -843930.750000 796.167915 3.488851 3.098044 14.220618
 13720.000000 -843671.937500 796.817651 3.460916 3.177861 15.497179
 13740.000000 -843331.812500 795.530208 3.556443 3.114567 16.218303
 13760.000000 -846159.437500 791.224894 3.480123 3.301407 16.284086
 13780.000000 -844135.250000 796.242615 3.334621 3.395368 16.414539
 13800.000000 -845398.812500 795.838896 3.073472 3.413790 16.655839
 13820.000000 -844414.687500 795.513795 3.081664 3.334475 16.331700
 13840.000000 -843965.125000 794.224900 3.673625 3.436700 16.065853
 13860.000000 -844962.937500 794.207833 3.552529 3.428218 16.232964
 13880.000000 -843399.125000 796.919340 3.463321 3.274028 16.349250
 13900.000000 -844656.687500 796.778461 3.443931 3.548104 16.695974
 13920.000000 -844662.125000 793.588774 3.481654 3.372977 16.596717
 13940.000000 -840009.937500 801.915665 3.592635 2.884262 6.251864
 13960.000000 -842304.187500 798.412978 3.188683 3.148590 7.347672
 13980.000000 -843569.125000 797.632456 3.410988 3.867037 11.537598
 14000.000000 -843133.875000 796.738630 3.295410 3.186200 14.360162
 14020.000000 -843896.062500 795.096286 3.267078 3.376846 15.481439
 14040.000000 -845958.375000 793.561103 3.659274 3.494184 16.093732
 14060.000000 -843881.812500 795.892745 3.451279 3.453707 16.477171
 14080.000000 -843018.562500 796.057828 3.389143 3.294435 16.545099
 14100.000000 -845046.875000 793.603623 3.563991 3.391522 16.591135
 14120.000000 -844806.375000 795.308997 3.597080 3.350203 16.709842
 14140.000000 -846511.687500 794.597800 3.448450 3.460305 16.624499
 14160.000000 -846064.937500 794.258592 3.274056 3.360344 16.333619
 14180.000000 -844002.062500 795.204405 3.377549 3.085631 16.302406
 14200.000000 -845151.625000 795.407924 3.483492 3.498799 16.415943
 14220.000000 -843665.687500 797.202123 3.477988 3.442183 16.230728
 14240.000000 -844974.500000 795.388953 3.327743 3.734771 16.468952
 14260.000000 -846344.000000 794.268049 3.303979 3.493880 16.651766
 14280.000000 -845237.937500 793.940470 3.393271 3.606855 16.698899
 14300.000000 -843897.062500 795.335113 3.212750 3.418642 16.349859
 14320.000000 -843994.500000 795.015002 3.343758 3.472085 16.466214
 14340.000000 -845730.375000 793.931209 3.684089 3.504801 16.765098
 14360.000000 -843840.750000 794.481000 3.470643 3.460975 16.213545
 14380.000000 -843313.875000 795.921476 3.524169 3.421532 16.487176
 14400.000000 -844515.375000 794.676263 3.539524 3.315766 16.342888
 14420.000000 -845891.625000 794.376562 3.317792 3.465320 16.208519
 14440.000000 -843563.625000 796.384718 3.243255 3.360010 16.286686
 14460.000000 -845768.687500 794.314654 3.463555 3.341895 16.301148
 14480.000000 -844275.562500 797.001776 3.485003 3.344945 16.389196
 14500.000000 -845244.750000 794.220693 3.496956 3.363098 16.434628
 14520.000000 -845298.625000 792.756753 3.125099 3.443553 16.500281
 14540.000000 -845573.937500 792.011099 3.147656 3.319607 16.453964
 14560.000000 -845563.750000 794.997934 3.455516 3.433947 16.372153
 14580.000000 -846199.937500 792.219732 3.458338 3.388781 16.697109
 14600.000000 -847452.812500 790.666088 3.469571 3.463556 16.739526
 14620.000000 -846819.062500 791.844202 3.299830 3.336823 16.853470
 14640.000000 -842668.125000 797.496144 3.377540 3.302297 16.554371
 14660.000000 -844260.937500 794.768833 3.381880 3.519744 16.504323
 14680.000000 -844266.937500 793.622704 3.068325 3.519134 16.492842
 14700.000000 -845559.750000 794.623935 3.322486 3.577120 16.315904
 14720.000000 -843865.000000 793.434383 3.239291 3.377001 16.467965
 14740.000000 -845445.437500 796.133398 3.289594 3.392126 16.522497
 14760.000000 -844696.812500 794.282400 3.341165 3.311780 16.442733
 14780.000000 -845343.062500 795.832532 3.163293 3.611532 16.751024
 14800.000000 -844712.625000 793.368221 3.427189 3.346489 16.624276
 14820.000000 -843044.375000 795.999267 3.371015 3.423077 16.490416
 14840.000000 -844521.687500 797.368333 3.053577 3.157742 16.718054
 14860.000000 -843185.250000 794.205874 3.150850 3.343945 16.706549
 14880.000000 -846771.062500 793.119781 3.434813 3.137767 16.521360
 14900.000000 -845894.687500 795.930891 3.576934 3.160329 16.651129
 14920.000000 -844204.125000 795.627274 3.685878 3.464707 16.501402
 14940.000000 -845827.375000 793.309397 3.412150 3.527073 16.282835
 14960.000000 -846897.562500 794.755699 3.431820 3.430610 16.391419
 14980.000000 -844466.125000 795.759260 3.497674 3.646577 16.383477
 15000.000000 -844176.625000 792.614524 3.207912 3.276842 16.427593
 15020.000000 -845948.500000 794.150373 3.319419 3.243096 16.326234
 15040.000000 -846660.187500 792.735216 3.551171 3.285894 16.293164
 15060.000000 -845786.062500 793.317115 3.605398 3.470262 16.226812
 15080.000000 -843879.437500 793.249014 3.366708 3.524897 16.560306
 15100.000000 -845226.062500 795.661695 3.534945 3.538952 16.730760
 15120.000000 -844656.937500 795.168009 3.511314 3.492790 1.381580
 15140.000000 -841539.625000 802.196588 2.723884 3.156359 10.634152
 15160.000000 -842855.937500 796.867066 2.582648 3.266131 12.305871
 15180.000000 -845206.375000 794.312197 3.086504 3.151319 15.128792
 15200.000000 -844767.187500 792.446916 3.450935 3.201356 16.163364
 15220.000000 -844599.625000 793.969931 3.304123 3.420439 16.363671
 15240.000000 -842916.125000 794.746022 3.343205 3.197857 16.571751
 15260.000000 -846033.250000 791.575481 3.437972 3.266772 16.695334
 15280.000000 -844213.000000 793.788506 3.482656 3.593043 16.521350
 15300.000000 -844508.500000 793.588219 3.414047 3.633711 16.569785
 15320.000000 -845668.875000 793.775575 3.272923 3.509198 16.966486
 15340.000000 -845099.562500 792.717014 3.558048 3.446673 16.936215
 15360.000000 -845471.312500 792.330981 3.361475 3.366385 16.784567
 15380.000000 -844701.375000 793.520136 3.346024 3.561427 16.672045
 15400.000000 -845885.500000 793.507742 3.280759 3.223618 16.622678
 15420.000000 -846213.812500 793.325832 3.537379 3.017411 16.536664
 15440.000000 -845893.312500 794.247632 3.516143 3.295185 16.818825
 15460.000000 -844728.062500 794.799530 3.282505 3.537913 16.796882
 15480.000000 -844970.875000 792.503820 3.368827 3.355406 16.715297
 15500.000000 -845560.625000 793.818664 3.293092 3.327603 16.473294
 15520.000000 -844646.500000 794.147843 3.329096 3.152444 16.481446
 15540.000000 -844771.375000 794.816379 3.438665 3.432600 16.500612
 15560.000000 -843701.125000 795.270005 3.022213 3.551576 16.438599
 15580.000000 -847029.000000 794.517316 3.347794 3.490181 16.411440
 15600.000000 -844837.437500 794.488810 3.378978 3.565664 16.152244
 15620.000000 -845545.062500 793.320619 3.334680 3.388162 16.316149
 15640.000000 -842408.250000 793.393073 3.398390 3.560227 16.335495
 15660.000000 -845095.625000 795.007379 3.271802 3.656933 16.412861
 15680.000000 -844964.000000 793.674211 3.245244 3.669997 16.438322
 15700.000000 -843350.750000 795.095405 3.486308 3.480577 16.411363
 15720.000000 -845842.375000 794.290179 3.277359 3.534965 16.447125
 15740.000000 -845635.000000 794.573517 3.595464 3.225522 16.707140
 15760.000000 -845119.625000 794.381755 3.171460 3.241386 16.624554
 15780.000000 -843856.187500 794.258365 3.545594 3.376120 16.435642
 15800.000000 -844909.625000 793.558578 3.362833 3.353896 16.673974
 15820.000000 -844886.625000 794.500361 3.314903 3.710643 16.706346
 15840.000000 -844571.812500 795.632686 3.345718 3.557710 16.480979
 15860.000000 -843304.000000 796.269435 3.568393 3.594320 16.567441
 15880.000000 -844597.562500 793.676834 3.242477 3.398600 16.653730
 15900.000000 -842927.312500 796.894440 3.528212 3.420227 16.741536
 15920.000000 -845402.062500 796.379354 3.471879 3.351835 16.486538
 15940.000000 -844477.125000 794.352110 3.402695 3.485398 16.423526
 15960.000000 -845119.625000 793.909381 3.517429 3.393049 16.201306
 15980.000000 -845398.562500 795.673929 3.581592 3.335393 16.436262
 16000.000000 -845082.500000 794.226235 3.420934 3.371185 16.383661
 16020.000000 -846746.937500 794.536766 3.347403 3.313404 16.564644
 16040.000000 -845725.187500 794.991302 3.255553 3.335087 16.641507
 16060.000000 -844574.500000 795.111442 3.562274 3.129915 16.751078
 16080.000000 -845679.312500 796.003668 3.373919 3.341448 16.617959
 16100.000000 -845235.875000 795.192732 3.381021 3.302693 16.373230
 16120.000000 -846189.187500 793.964584 3.142564 3.522689 16.583439
 16140.000000 -845057.687500 794.684866 3.261485 3.564362 16.681954
 16160.000000 -844948.312500 796.328990 3.280644 3.470862 16.647518
 16180.000000 -844442.312500 795.901777 3.317902 3.350551 16.509573
 16200.000000 -845689.187500 795.135455 3.425066 3.253459 16.360844
 16220.000000 -845527.125000 792.891584 3.299624 3.550294 16.699335
 16240.000000 -841868.812500 795.791869 3.227096 3.509370 16.581418
 16260.000000 -844143.750000 793.688244 3.336642 3.204317 16.610433
 16280.000000 -844199.312500 795.523193 3.498302 3.429023 16.609422
 16300.000000 -845900.375000 792.476132 3.398399 3.705244 16.640711
 16320.000000 -843643.500000 792.060128 3.123667 3.517008 16.576567
 16340.000000 -845789.687500 795.002781 3.188351 3.183934 16.524666
 16360.000000 -845525.187500 793.397350 3.104941 3.191479 16.746609
 16380.000000 -843449.937500 795.039630 3.202634 3.734532 16.722532
 16400.000000 -845652.937500 792.929591 3.506632 3.643893 16.520608
 16420.000000 -843485.812500 795.760326 3.587838 3.178484 16.597802
 16440.000000 -843231.437500 793.109145 3.292203 3.413083 16.788340
 16460.000000 -844942.562500 793.807405 3.483361 3.505952 17.010524
 16480.000000 -844538.125000 793.737171 3.467565 3.237734 16.656069
 16500.000000 -844441.875000 795.907237 3.352831 3.424815 16.490577
 16520.000000 -846105.437500 792.580970 3.346974 3.465415 16.358161
 16540.000000 -846012.000000 793.495294 3.430602 3.562670 16.226088
 16560.000000 -844159.875000 792.453768 3.417174 3.501923 16.311713
 16580.000000 -844400.125000 794.136022 3.524763 3.551202 16.461404
 16600.000000 -844615.625000 795.226401 3.634455 3.818707 16.377278
 16620.000000 -847177.500000 793.885595 3.536717 3.480669 16.474342
 16640.000000 -844300.937500 793.015984 3.360521 3.493175 16.332587
 16660.000000 -845159.625000 793.673951 3.108549 3.459753 16.483127
 16680.000000 -845242.750000 795.935815 3.110368 3.437474 16.332198
 16700.000000 -845944.375000 794.973666 3.450437 3.654131 16.590556
 16720.000000 -845611.125000 791.515035 3.440190 3.323795 16.510475
 16740.000000 -845104.875000 794.575182 3.371195 3.430369 16.639645
 16760.000000 -845739.500000 793.724914 3.430125 3.417690 16.501957
 16780.000000 -844871.250000 794.884053 3.387900 3.526521 16.329209
 16800.000000 -844428.375000 794.498571 3.154056 3.322060 16.532488
 16820.000000 -846214.500000 792.319981 3.086733 3.234970 16.197492
 16840.000000 -842560.750000 796.118251 3.399747 3.319935 16.320018
 16860.000000 -844182.562500 794.578920 3.154973 3.261066 16.161496
 16880.000000 -844933.250000 791.981092 3.321340 3.461983 16.322746
 16900.000000 -844216.625000 794.022620 3.477574 3.392155 16.372933
 16920.000000 -846410.687500 794.856028 3.682764 3.370153 16.362317
 16940.000000 -841941.937500 794.542337 3.268616 3.697026 16.810475
 16960.000000 -843739.187500 793.910535 3.462218 3.670399 16.432560
 16980.000000 -843847.437500 797.193070 3.247762 3.520440 16.571216
 17000.000000 -846456.312500 793.727031 3.370999 3.349917 16.537512
 17020.000000 -844626.187500 795.976168 3.322119 3.424544 16.475122
 17040.000000 -845619.312500 794.686263 3.449186 3.368621 16.419255
 17060.000000 -846139.750000 795.143469 3.521857 3.303544 16.379787
 17080.000000 -844129.187500 794.698810 3.404154 3.400550 16.613584
 17100.000000 -845549.687500 793.519652 3.442720 3.426146 16.636720
 17120.000000 -847078.437500 794.466685 3.487035 3.231148 16.463040
 17140.000000 -844378.250000 792.486877 3.434270 3.348180 16.634135
 17160.000000 -844984.937500 795.331550 3.557481 3.578914 16.391303
 17180.000000 -843234.187500 796.702575 3.318456 3.385918 16.522037
 17200.000000 -844771.375000 792.697789 3.241040 3.507624 16.307217
 17220.000000 -844435.500000 793.170468 3.054322 3.439484 16.673569
 17240.000000 -844743.000000 792.211196 3.271123 3.217752 16.742176
 17260.000000 -846680.062500 791.072281 3.431999 3.524880 16.365988
 17280.000000 -845900.437500 792.637240 3.642319 3.543297 16.582569
 17300.000000 -845247.625000 794.728175 3.181175 3.575248 16.477594
 17320.000000 -846368.812500 794.693172 3.419970 3.295363 16.269602
 17340.000000 -844572.187500 796.201232 3.432169 3.472760 16.616384
 17360.000000 -843276.625000 797.986804 3.563026 3.501646 16.466496
 17380.000000 -845323.437500 795.629498 3.371066 3.560095 16.307716
 17400.000000 -844901.875000 793.448985 3.544102 3.344511 16.291672
 17420.000000 -846107.250000 795.105040 3.423186 3.480098 16.690335
 17440.000000 -845926.062500 792.568622 3.477469 3.566424 16.721607
 17460.000000 -845191.062500 795.149963 3.472882 3.360816 16.566803
 17480.000000 -845215.750000 791.610883 3.613342 3.309672 16.468358
 17500.000000 -846513.750000 793.416856 3.392143 3.503728 16.589760
 17520.000000 -843246.687500 796.436411 3.418026 3.410756 16.694630
 17540.000000 -844800.312500 794.016814 3.399008 3.219353 16.743270
 17560.000000 -845666.000000 794.774351 3.569896 3.438071 16.605438
 17580.000000 -844470.312500 794.920158 3.257356 3.353413 16.523747
 17600.000000 -845096.750000 794.928453 3.145904 3.230782 16.596096
 17620.000000 -844429.062500 794.454287 3.281617 3.267543 16.495423
 17640.000000 -844829.062500 795.438919 3.359469 3.299979 16.404002
 17660.000000 -844312.687500 794.846175 3.350623 3.391291 16.647698
 17680.000000 -844534.437500 794.886915 3.347712 3.617806 16.446794
 17700.000000 -844844.562500 793.789696 3.595123 3.723186 16.376635
 17720.000000 -844418.000000 794.118800 3.381695 3.440250 16.462236
 17740.000000 -846889.375000 791.629954 3.285508 3.099960 16.540397
 17760.000000 -844814.000000 795.316897 3.488579 3.306091 16.625469
 17780.000000 -845595.437500 796.283477 3.486641 3.392371 16.689365
 17800.000000 -844306.687500 793.065899 3.670949 3.493500 16.503951
 17820.000000 -845650.125000 792.968357 3.480128 3.527587 16.809048
 17840.000000 -844843.625000 794.444064 3.475669 3.329247 16.547238
 17860.000000 -844446.937500 795.510741 3.296727 3.156119 16.350844
 17880.000000 -845807.812500 796.306696 3.482275 3.441485 16.272542
 17900.000000 -845348.187500 794.735109 3.589898 3.410324 16.373456
 17920.000000 -844452.375000 796.019082 3.453342 3.482270 16.541045
 17940.000000 -846153.000000 795.649828 3.359698 3.583156 16.504329
 17960.000000 -842760.625000 799.372118 3.610343 3.232922 16.715199
 17980.000000 -844467.375000 794.874342 3.651792 3.239371 16.779001
 18000.000000 -842130.812500 796.355659 3.709287 3.251204 16.526665
 18020.000000 -845254.312500 796.565507 3.376503 3.480116 16.456418
 18040.000000 -846239.187500 792.369798 3.313504 3.472562 16.554016
 18060.000000 -846299.812500 793.677802 3.469907 3.354486 16.233600
 18080.000000 -845297.125000 796.849995 3.526695 3.206806 16.561885
 18100.000000 -843830.437500 794.513446 3.476899 3.398494 16.600911
 18120.000000 -843458.187500 797.337584 3.327248 3.505579 16.625294
 18140.000000 -844905.312500 793.934664 3.525992 3.585464 16.693493
 18160.000000 -845134.937500 794.912680 3.502744 3.371426 16.451022
 18180.000000 -844298.937500 797.059711 3.515542 3.528486 16.362035
 18200.000000 -845638.250000 793.599647 3.531156 3.446472 16.574862
 18220.000000 -844462.812500 793.372192 3.491408 3.330598 16.443075
 18240.000000 -846703.437500 794.254834 3.194992 3.385172 16.373527
 18260.000000 -844544.750000 794.566498 3.548616 3.354124 16.528209
 18280.000000 -846612.312500 789.304954 3.090110 3.145483 16.336712
 18300.000000 -845031.687500 794.389302 3.416475 3.187918 16.376647
 18320.000000 -846645.500000 792.519430 3.327072 3.608745 16.513851
 18340.000000 -842903.750000 798.027189 3.391138 3.693041 16.540349
 18360.000000 -845759.812500 793.828396 3.502731 3.563423 16.442914
 18380.000000 -845093.687500 793.838933 3.424359 3.272138 16.404288
 18400.000000 -843814.500000 794.938550 3.467557 3.446402 16.508218
 18420.000000 -845472.500000 792.704473 3.492469 3.385884 16.585734
 18440.000000 -844243.500000 795.140318 3.598774 3.568298 16.403521
 18460.000000 -847015.687500 794.872569 3.309441 3.277721 16.440601
 18480.000000 -844590.000000 795.107221 3.456974 3.504804 16.425460
 18500.000000 -843990.937500 792.920473 3.181883 3.298267 16.384145
 18520.000000 -845709.500000 793.159944 3.039404 3.498585 16.416605
 18540.000000 -845450.000000 792.698121 3.313813 3.311037 16.543669
 18560.000000 -844875.000000 795.839205 3.281548 3.192098 16.719657
 18580.000000 -846569.750000 792.536390 3.277371 3.604152 16.522161
 18600.000000 -844473.187500 795.985657 3.492536 3.254487 16.758191
 18620.000000 -843836.437500 795.022782 3.586872 3.556855 16.573305
 18640.000000 -844907.437500 794.002807 3.375933 3.378917 16.457419
 18660.000000 -844294.625000 795.621413 3.428265 3.379822 16.589997
 18680.000000 -845087.937500 793.506692 3.114801 3.571791 16.833585
 18700.000000 -844979.437500 793.630035 3.329421 3.217186 16.740580
 18720.000000 -844694.437500 793.492074 3.519487 3.221533 16.785843
 18740.000000 -844579.437500 795.506568 3.401906 3.171131 16.506154
 18760.000000 -845627.625000 794.302390 3.595860 3.254448 16.368021
 18780.000000 -846113.062500 792.054708 3.529479 3.225329 16.529413
 18800.000000 -845108.125000 795.378662 3.304061 3.313545 16.676385
 18820.000000 -843412.187500 794.598726 3.209251 3.254562 16.740165
 18840.000000 -840637.375000 802.615892 3.014537 2.723065 9.660870
 18860.000000 -844344.500000 798.002933 2.794805 2.507653 10.612786
 18880.000000 -841388.625000 801.551552 2.972995 2.487103 11.630654
 18900.000000 -844180.125000 797.370765 3.340824 2.911334 14.490983
 18920.000000 -844969.750000 793.854249 3.411207 3.166011 15.645662
 18940.000000 -843898.687500 792.838003 3.414529 3.263460 16.063187
 18960.000000 -845706.500000 792.486419 3.396803 3.402017 16.304082
 18980.000000 -844919.187500 794.050005 3.597966 3.440725 16.079059
 19000.000000 -843846.812500 794.788862 3.316907 3.401281 16.325472
 19020.000000 -844363.375000 792.067545 3.436940 3.496133 16.582046
 19040.000000 -845674.250000 793.007136 3.410376 3.051681 16.513428
 19060.000000 -842968.500000 796.703521 3.014089 3.533957 16.402859
 19080.000000 -843456.000000 796.700582 3.292227 3.519064 16.319895
 19100.000000 -845306.187500 795.457849 3.265344 3.559771 16.578683
 19120.000000 -843859.187500 797.915041 3.026431 3.508585 16.893011
 19140.000000 -844790.937500 792.513012 3.186739 3.550546 16.372237
 19160.000000 -846581.437500 792.500231 3.368167 3.667267 16.422161
 19180.000000 -844506.625000 796.988989 3.405462 3.278715 16.685191
 19200.000000 -845045.687500 795.539736 3.277618 3.267980 16.260527
 19220.000000 -845014.875000 793.953955 3.507736 3.109274 16.465598
 19240.000000 -845690.062500 793.946582 3.327159 3.340972 16.531412
 19260.000000 -844542.250000 792.355179 3.453967 3.345111 16.430010
 19280.000000 -845943.750000 793.152328 3.348675 3.527135 16.488451
 19300.000000 -844301.250000 796.205588 3.556845 3.667465 16.368982
 19320.000000 -843641.437500 796.228582 3.227591 3.548585 16.271019
 19340.000000 -844739.562500 792.313583 3.534203 3.404418 16.140084
 19360.000000 -845930.250000 793.218211 3.477897 3.772630 16.400832
 19380.000000 -844945.312500 794.556810 3.082871 3.451805 16.303637
 19400.000000 -845802.562500 794.137777 3.406032 3.415943 16.637141
 19420.000000 -844759.625000 791.756462 3.383813 3.279751 16.602136
 19440.000000 -842208.312500 800.614307 2.971956 3.581047 6.683377
 19460.000000 -843371.625000 798.557970 3.307046 3.596490 10.621917
 19480.000000 -842905.937500 796.611138 2.930298 3.409529 14.303246
 19500.000000 -845562.437500 794.381077 3.411257 3.472485 15.843317
 19520.000000 -844563.562500 795.535999 3.233433 3.489662 16.259893
 19540.000000 -846173.750000 791.978251 3.587512 3.541680 16.251583
 19560.000000 -843051.250000 795.978930 3.419807 3.544222 16.452921
 19580.000000 -845269.187500 794.589256 3.096600 3.387723 16.707715
 19600.000000 -846849.000000 792.541059 3.491715 3.574114 16.362621
 19620.000000 -843155.812500 795.991682 3.335273 3.600683 16.474489
 19640.000000 -845593.875000 792.763050 3.258683 3.604045 16.542869
 19660.000000 -846460.750000 793.447075 3.118841 3.521147 16.528363
 19680.000000 -842524.000000 799.202189 3.239501 3.368436 16.458355
 19700.000000 -845747.562500 796.021072 3.310612 3.202026 16.356968
 19720.000000 -845040.437500 794.199242 3.328357 3.369238 16.347022
 19740.000000 -844057.625000 794.435900 3.545269 3.456755 16.592359
 19760.000000 -846093.187500 792.813009 3.736199 3.433596 16.486596
 19780.000000 -845589.625000 792.060833 3.619467 3.358150 16.299367
 19800.000000 -846178.437500 793.112163 3.148109 3.419939 16.331624
 19820.000000 -843099.625000 795.066389 3.021923 3.168970 16.371336
 19840.000000 -844141.562500 794.672373 3.356351 3.077325 16.338391
 19860.000000 -847955.687500 791.910104 3.293828 3.407031 16.514492
 19880.000000 -846884.312500 792.906528 3.198384 3.265084 16.404394
 19900.000000 -845704.687500 792.912705 3.395318 3.308052 16.597728
 19920.000000 -845077.500000 791.974661 3.212699 3.328816 16.697787
 19940.000000 -845849.687500 791.780365 3.337820 3.534722 16.452960
 19960.000000 -846625.812500 792.828909 3.555923 3.608323 16.518477
 19980.000000 -844771.000000 794.748417 3.512983 3.249972 16.255804
 20000.000000 -846255.750000 794.242551 3.436265 3.206311 16.549904
 20020.000000 -845753.062500 796.223959 3.532973 3.363850 16.541161
 20040.000000 -844039.875000 793.838270 3.481317 3.209150 16.375333
 20060.000000 -845879.250000 792.805920 3.546620 3.264014 16.333616
 20080.000000 -845660.375000 794.383900 3.465571 3.478113 16.494686
 20100.000000 -845846.125000 793.659011 3.439017 3.310581 16.371604
 20120.000000 -842699.312500 793.445261 3.501657 3.400464 16.214330
 20140.000000 -843369.375000 797.394358 3.565300 3.751940 16.013349
 20160.000000 -845460.250000 792.256372 3.483024 3.522344 16.335393
 20180.000000 -844160.812500 795.781120 3.543320 3.322123 16.568450
 20200.000000 -844526.000000 793.287822 3.505146 3.388866 16.523481
 20220.000000 -845082.250000 795.323423 3.477025 3.068331 16.510256
 20240.000000 -846140.687500 793.323219 3.372141 3.173567 16.415559
 20260.000000 -847132.562500 795.492363 3.600569 3.664261 16.651345
 20280.000000 -844225.875000 798.661642 3.347577 3.237407 16.768522
 20300.000000 -844891.875000 797.099201 3.149522 3.188420 16.731943
 20320.000000 -843198.750000 796.819316 3.231514 3.252242 16.676576
 20340.000000 -844450.125000 796.705436 3.291938 3.377733 16.408225
 20360.000000 -847816.937500 794.046300 3.215938 3.289624 16.401863
 20380.000000 -844893.625000 793.539710 3.318364 3.181487 16.598977
 20400.000000 -846625.062500 792.615180 3.324578 3.124167 16.556603
 20420.000000 -844910.937500 796.832010 3.023118 3.448946 16.469812
 20440.000000 -845393.062500 793.882164 3.477030 3.419912 16.478408
 20460.000000 -846866.500000 792.771367 3.767279 3.623760 16.547726
 20480.000000 -845134.500000 795.829067 3.353412 3.676937 16.528768
 20500.000000 -845211.875000 795.242706 3.151354 3.765594 16.230763
 20520.000000 -846826.875000 794.309721 3.140207 3.444856 16.335860
 20540.000000 -845870.812500 795.112258 3.138991 3.502552 16.672887
 20560.000000 -846358.750000 792.546671 3.271024 3.561384 16.553274
 20580.000000 -844384.000000 796.726849 3.196363 3.606658 16.508195
 20600.000000 -844337.750000 795.836563 3.361296 3.460912 16.579923
 20620.000000 -845616.687500 794.186094 3.266060 3.499556 16.408470
 20640.000000 -844887.562500 794.863755 3.242587 3.383200 16.463496
 20660.000000 -844437.937500 793.107115 3.442941 3.360782 16.571959
 20680.000000 -845108.125000 793.076849 3.584000 3.184945 16.497825
 20700.000000 -844567.062500 793.771065 3.450391 3.603267 16.745374
 20720.000000 -843062.750000 794.069487 3.417160 3.328725 16.507352
 20740.000000 -844090.500000 795.055729 3.476987 3.707200 16.346904
 20760.000000 -845348.250000 797.736651 3.686144 3.646456 16.380259
 20780.000000 -843919.125000 791.973239 3.657808 3.496825 16.515859
 20800.000000 -844979.375000 795.550773 3.569085 3.333181 16.514223
 20820.000000 -845124.500000 794.388065 3.314233 3.245012 16.478775
 20840.000000 -845097.312500 792.773065 3.369602 3.224055 16.370048
 20860.000000 -845872.812500 796.053559 3.242926 3.478412 16.515906
 20880.000000 -843112.875000 796.140722 3.318363 3.332352 16.670262
 20900.000000 -846349.125000 794.816598 3.506148 3.200484 16.521873
 20920.000000 -844690.437500 794.741084 3.470437 3.363832 16.593864
 20940.000000 -844112.687500 793.717491 3.322869 3.369204 16.555084
 20960.000000 -844641.875000 793.386682 3.280321 3.408275 16.708758
 20980.000000 -844206.125000 791.761455 3.429278 3.434960 16.584224
 21000.000000 -844672.000000 795.284904 3.704526 3.375169 16.670026
 21020.000000 -843019.375000 796.700924 3.653742 3.194607 16.758840
 21040.000000 -842481.812500 799.735506 4.092188 4.315578 6.533112
 21060.000000 -842699.062500 799.170801 3.586469 3.974251 11.871383
 21080.000000 -844411.375000 793.844202 3.479613 3.710490 14.356001
 21100.000000 -844480.750000 793.003314 3.308321 3.783632 15.568274
 21120.000000 -845637.562500 793.157014 3.216047 3.496611 16.126734
 21140.000000 -844828.000000 795.833288 3.123728 3.596843 16.121057
 21160.000000 -845135.937500 792.144123 3.504718 3.542456 16.277791
 21180.000000 -845257.187500 793.460572 3.603033 3.462382 16.561921
 21200.000000 -844689.562500 793.111915 3.567894 3.497886 16.748442
 21220.000000 -843990.687500 793.964428 3.581148 3.556384 16.666023
 21240.000000 -846925.062500 794.144527 3.579239 3.521574 16.483072
 21260.000000 -842803.625000 795.518858 3.572674 3.853268 16.342814
 21280.000000 -843846.375000 796.664481 3.361199 3.598181 16.658675
 21300.000000 -844097.875000 798.316278 3.439551 3.242003 16.558133
 21320.000000 -845282.062500 792.718699 3.572115 3.272520 16.553320
 21340.000000 -845095.687500 794.204801 3.422739 3.693585 16.545243
 21360.000000 -844227.812500 795.682586 3.545942 3.363251 16.641572
 21380.000000 -846546.312500 794.235532 3.648180 3.406525 16.472228
 21400.000000 -843351.500000 794.463079 3.569168 3.503398 16.392713
 21420.000000 -845751.937500 795.683553 3.440647 3.522568 16.469720
 21440.000000 -844435.625000 796.190601 3.220255 3.132528 16.687431
 21460.000000 -839595.812500 800.387992 3.432225 2.455490 9.907845
 21480.000000 -845044.875000 798.002647 3.383664 3.303561 12.785967
 21500.000000 -843886.812500 795.767127 3.144048 3.381147 15.246469
 21520.000000 -843114.187500 794.152496 3.391816 3.295828 16.028343
 21540.000000 -844186.437500 796.074221 3.385378 3.479696 16.498279
 21560.000000 -846267.250000 792.916063 3.325368 3.711766 16.696272
 21580.000000 -845625.812500 793.577121 3.301240 3.445768 16.489888
 21600.000000 -847071.125000 796.137343 3.364684 3.811397 16.680631
 21620.000000 -845504.687500 794.856463 3.287323 3.603093 16.235719
 21640.000000 -846618.812500 792.110232 3.206803 3.633152 16.502272
 21660.000000 -847291.187500 791.455019 3.413435 3.658927 16.393168
 21680.000000 -845147.312500 791.621987 3.331119 3.419032 16.452294
 21700.000000 -846820.000000 795.128879 3.028019 3.421849 16.756412
 21720.000000 -844273.562500 796.021636 3.152196 3.410193 16.240558
 21740.000000 -844737.062500 793.244027 3.321427 3.592913 16.298955
 21760.000000 -845247.562500 791.982996 3.609979 3.324060 16.300158
 21780.000000 -844829.375000 795.213673 3.452842 3.303948 16.425906
 21800.000000 -846027.750000 793.414599 3.197506 3.416248 16.383082
 21820.000000 -845989.000000 794.375579 3.329160 3.460183 16.629963
 21840.000000 -846084.687500 792.882748 3.004661 3.423157 16.715390
 21860.000000 -845418.312500 792.900054 3.145480 3.335448 16.693870
 21880.000000 -845321.625000 795.806429 3.389322 3.355147 16.617246
 21900.000000 -845071.125000 793.401002 3.461355 3.304833 16.642686
 21920.000000 -845999.500000 793.620776 3.321410 3.467198 16.661287
 21940.000000 -845305.687500 793.223762 3.333458 3.524760 16.555811
 21960.000000 -845126.000000 795.470822 3.291327 3.363181 16.257652
 21980.000000 -845117.250000 794.929918 3.497906 3.105620 16.207777
 22000.000000 -844608.000000 794.499398 3.515691 3.340366 16.427897
 22020.000000 -843595.312500 794.228887 3.408622 3.525153 16.251561
 22040.000000 -845171.937500 797.584341 3.506513 3.649234 16.394034
 22060.000000 -847322.500000 794.965332 3.341365 3.431311 16.248674
 22080.000000 -844558.062500 794.061081 3.370431 3.592151 16.457111
 22100.000000 -846174.437500 796.173205 3.273003 3.320077 16.221740
 22120.000000 -846647.562500 794.641376 3.179562 3.611185 16.310109
 22140.000000 -844830.875000 796.232600 3.659039 3.457562 16.608552
 22160.000000 -844899.125000 796.100641 3.268048 3.196034 16.823601
 22180.000000 -845528.312500 793.438370 3.419226 3.478678 16.691143
 22200.000000 -842517.625000 799.821782 3.414401 3.305696 16.636616
 22220.000000 -843198.625000 798.299752 3.433427 3.292871 16.345803
 22240.000000 -845128.562500 794.464415 3.213857 3.496264 16.199783
 22260.000000 -844704.562500 797.218388 3.359484 3.454349 16.651583
 22280.000000 -845736.062500 793.551796 3.531741 3.310618 16.379163
 22300.000000 -844863.687500 792.600489 3.479589 3.298614 16.461929
 22320.000000 -843974.312500 794.196924 3.454618 3.568541 16.418158
 22340.000000 -843348.062500 794.605506 3.187750 3.411391 16.412913
 22360.000000 -844351.625000 794.021922 3.242535 3.335138 16.443844
 22380.000000 -842898.812500 797.831758 3.259379 3.486321 16.480848
 22400.000000 -845435.125000 796.950507 3.631673 3.625890 16.534138
 22420.000000 -844703.500000 795.800441 3.542305 3.580889 16.656198
 22440.000000 -844837.125000 793.465086 3.427160 3.476753 16.398972
 22460.000000 -844181.250000 798.169081 3.699556 3.503927 16.508780
 22480.000000 -844111.875000 797.464290 3.788739 3.250962 16.613627
 22500.000000 -845313.625000 792.038308 3.601390 3.164197 16.563917
 22520.000000 -844915.687500 793.248126 3.480494 3.490391 16.448636
 22540.000000 -844053.625000 794.778039 3.254957 3.522261 16.379288
 22560.000000 -845302.250000 794.846307 3.227535 3.254805 16.588171
 22580.000000 -845250.750000 793.680122 3.324418 3.483735 16.448060
 22600.000000 -846783.000000 795.617711 3.324573 3.382429 16.427907
 22620.000000 -843994.375000 793.943207 3.225623 3.427821 16.444390
 22640.000000 -846164.125000 794.516233 3.374899 3.458618 16.590711
 22660.000000 -845165.500000 795.372639 3.418927 3.082591 16.661246
 22680.000000 -845599.625000 793.993987 3.353722 3.351873 16.633644
 22700.000000 -845904.187500 791.253750 3.239694 3.459810 16.682498
 22720.000000 -846813.562500 793.537523 3.422210 3.518115 16.771600
 22740.000000 -845114.312500 792.699911 3.486434 3.323060 16.649668
 22760.000000 -844732.875000 793.155004 3.514584 3.478820 16.659426
 22780.000000 -844941.437500 793.361941 3.587745 3.263758 16.479066
 22800.000000 -844919.875000 795.493765 3.510967 3.486079 16.327522
 22820.000000 -844102.125000 795.867299 3.520473 3.335044 16.359914
 22840.000000 -846004.437500 796.608896 3.437060 3.245578 16.209468
 22860.000000 -845172.937500 794.012310 3.618433 3.267976 16.362272
 22880.000000 -845562.812500 793.034593 3.798395 3.225876 16.594149
 22900.000000 -846853.187500 792.161093 3.408731 3.112536 16.460711
 22920.000000 -844343.687500 793.873139 3.282489 3.400307 16.579314
 22940.000000 -843918.000000 796.470219 3.099902 3.072993 16.580447
 22960.000000 -845736.500000 792.857190 3.358444 3.437359 16.512787
 22980.000000 -845427.875000 797.280639 3.433501 3.434162 16.439270
 23000.000000 -845302.750000 795.994884 3.430255 3.635418 16.410255
 23020.000000 -844971.750000 795.417362 3.357245 3.558961 16.595295
 23040.000000 -845480.750000 795.208565 3.459756 3.270240 16.290934
 23060.000000 -846075.937500 794.389713 3.520465 3.310357 16.497804
 23080.000000 -844563.937500 794.706815 3.680718 3.180092 16.542799
 23100.000000 -844018.750000 793.816953 3.504893 3.562114 16.466583
 23120.000000 -845887.125000 795.383975 3.552630 3.450296 16.524541
 23140.000000 -845491.187500 793.211969 3.577102 3.496959 16.336908
 23160.000000 -844104.000000 794.326791 3.679016 3.462988 16.552797
 23180.000000 -845721.625000 793.513533 3.477208 3.460421 16.786771
 23200.000000 -845257.062500 792.003768 3.075436 3.512300 16.349280
 23220.000000 -848243.500000 791.742810 3.314365 3.377397 16.496419
 23240.000000 -846401.187500 794.879066 3.244022 3.292665 16.453398
 23260.000000 -845334.187500 794.258212 3.378375 3.160400 16.502481
 23280.000000 -845181.875000 795.224275 3.531138 3.268326 16.532291
 23300.000000 -844611.750000 793.735722 3.498700 3.363960 16.674508
 23320.000000 -845961.687500 793.225423 3.613902 3.194911 16.638318
 23340.000000 -844650.812500 792.806913 3.142927 2.968239 16.702669
 23360.000000 -843805.875000 794.815742 3.388488 3.234596 16.445209
 23380.000000 -844701.687500 793.678826 3.410791 3.283400 16.653468
 23400.000000 -844075.562500 794.768378 3.117062 3.236033 16.478536
 23420.000000 -844610.500000 794.817242 3.090236 3.346272 16.516261
 23440.000000 -844589.875000 796.819481 3.442094 3.216925 16.567717
 23460.000000 -842911.250000 793.955573 3.250210 3.062551 16.559366
 23480.000000 -845554.125000 794.959893 3.380760 3.317337 16.500749
 23500.000000 -844572.875000 796.429881 3.427661 3.563999 16.454284
 23520.000000 -845316.437500 795.146829 3.245079 3.524489 16.615760
 23540.000000 -845399.125000 793.801120 3.407962 3.540443 16.391336
 23560.000000 -844783.062500 793.986775 3.332937 3.501667 16.643640
 23580.000000 -844349.687500 795.334578 3.204730 3.514469 16.542030
 23600.000000 -846751.625000 794.550409 3.281325 3.432461 16.456551
 23620.000000 -844555.187500 797.536715 3.250642 3.322016 16.271316
 23640.000000 -844635.750000 794.146728 3.321858 3.333840 16.402877
 23660.000000 -845265.875000 794.018646 3.376877 3.276103 16.462164
 23680.000000 -845658.500000 792.723788 3.507005 3.471080 16.717224
 23700.000000 -844535.875000 794.965630 3.433062 3.371034 16.718813
 23720.000000 -843600.312500 794.613745 3.688186 3.401946 16.636085
 23740.000000 -843277.062500 794.951543 3.489705 3.651750 16.701744
 23760.000000 -846651.625000 791.982281 3.225206 3.535401 16.743158
 23780.000000 -844659.250000 793.636296 3.360028 3.578860 16.515587
 23800.000000 -847297.000000 790.485254 3.167852 3.485738 16.625301
 23820.000000 -843989.125000 796.090063 3.191991 3.502580 16.680727
 23840.000000 -844511.000000 797.188255 3.101257 3.572912 16.586849
 23860.000000 -847838.625000 792.069920 3.333742 3.522284 16.637006
 23880.000000 -842448.250000 793.534432 3.402955 3.443893 16.308885
 23900.000000 -844189.437500 794.938422 3.336502 3.719087 16.191131
 23920.000000 -845063.500000 795.688040 3.340245 3.637678 16.168312
 23940.000000 -845164.437500 796.545465 3.392060 3.761857 16.475386
 23960.000000 -843984.875000 792.822587 3.287969 3.643516 16.304849
 23980.000000 -843187.312500 796.334523 3.232996 3.365137 16.363543
 24000.000000 -844164.625000 794.564361 3.554318 3.592340 2.041559
 24020.000000 -842482.750000 800.633425 4.065577 3.904387 10.281502
 24040.000000 -842675.875000 797.719662 3.152135 3.804784 13.603751
 24060.000000 -845544.875000 794.344258 3.294791 3.493255 15.231748
 24080.000000 -843816.312500 793.129348 3.251697 3.651043 15.988131
 24100.000000 -845517.000000 794.014207 3.483061 3.375985 16.282357
 24120.000000 -845798.625000 795.269949 3.590782 3.189018 16.290105
 24140.000000 -843163.062500 794.995573 3.548124 3.241220 16.589613
 24160.000000 -845632.625000 795.966864 3.226165 3.234762 16.394718
 24180.000000 -843243.437500 796.219594 3.011176 3.272975 16.370691
 24200.000000 -845229.687500 795.649102 3.169160 3.478910 16.277055
 24220.000000 -845101.500000 792.474033 3.427616 3.643406 16.713774
 24240.000000 -845898.625000 793.251850 3.523588 3.484489 16.678112
 24260.000000 -845602.875000 793.099991 3.398411 3.591733 16.460192
 24280.000000 -844003.375000 793.843176 3.527283 3.738055 16.548391
 24300.000000 -845763.062500 790.955743 3.743382 3.479321 16.352163
 24320.000000 -845098.937500 795.477305 3.607371 3.393079 16.347453
 24340.000000 -846217.812500 794.141536 3.697024 3.226656 16.343927
 24360.000000 -844575.375000 793.614949 3.565605 3.396549 16.191924
 24380.000000 -844090.875000 793.588670 3.338934 3.236207 16.333046
 24400.000000 -845096.000000 793.374609 3.650293 3.254228 16.294839
 24420.000000 -844497.812500 795.557103 3.600849 3.467699 16.375105
 24440.000000 -845406.750000 791.959529 3.774751 3.450933 16.887959
 24460.000000 -843999.625000 795.049989 3.452365 3.562474 16.845370
 24480.000000 -845039.687500 794.509332 3.628962 3.384638 16.612478
 24500.000000 -844151.187500 796.394145 3.465026 3.479046 16.365878
 24520.000000 -843867.062500 793.678805 3.660109 3.135817 16.469473
 24540.000000 -842680.500000 797.282325 3.644890 3.513924 16.619346
 24560.000000 -846591.125000 792.083617 3.860087 3.605070 16.478562
 24580.000000 -844349.375000 795.374629 3.622633 3.463493 16.504703
 24600.000000 -843406.000000 795.166827 3.145117 3.567943 16.624774
 24620.000000 -845723.937500 795.139392 3.613501 3.456978 16.109525
 24640.000000 -846877.500000 791.701767 3.525460 3.728403 16.247695
 24660.000000 -846455.062500 792.293968 3.402321 3.590456 16.336651
 24680.000000 -846223.375000 793.653965 3.244192 3.239142 16.408395
 24700.000000 -844898.437500 795.917126 3.101956 3.384472 16.361022
 24720.000000 -843854.562500 793.873498 3.384155 3.589206 16.364544
 24740.000000 -844649.875000 796.775378 3.549580 3.465749 16.657100
 24760.000000 -846242.312500 793.566366 3.761157 3.408763 16.519177
 24780.000000 -844708.062500 794.668707 3.589729 3.497722 16.175978
 24800.000000 -846503.312500 793.280524 3.569278 3.378837 16.372468
 24820.000000 -846470.000000 794.550003 3.256875 3.597073 16.247054
 24840.000000 -845255.000000 794.039974 3.396372 3.624499 16.712556
 24860.000000 -844587.125000 793.463619 3.415363 3.668543 16.489487
 24880.000000 -843977.812500 794.851650 3.534891 3.191497 16.463062
 24900.000000 -844809.937500 792.185502 3.426908 3.336283 16.324974
 24920.000000 -845840.812500 791.602572 3.256521 3.313745 16.443992
 24940.000000 -847073.500000 792.993974 3.230612 3.380924 16.451732
 24960.000000 -845208.937500 793.059165 3.275693 3.130961 16.352042
 24980.000000 -846744.000000 792.441342 3.538405 3.566716 16.658200
 25000.000000 -845517.875000 791.302769 3.312173 3.392085 16.535859
 25020.000000 -845418.312500 792.672366 3.266157 3.696340 16.636092
 25040.000000 -845048.500000 794.342958 3.321754 3.340808 16.643033
 25060.000000 -843371.625000 794.978803 3.224050 3.472375 16.472804
 25080.000000 -845508.750000 796.511908 3.348523 3.262841 16.741864
 25100.000000 -846978.062500 791.448743 3.241584 3.196122 16.429195
 25120.000000 -845823.312500 796.742778 3.434862 3.572573 16.298964
 25140.000000 -843423.250000 794.846016 3.345271 3.746379 16.328857
 25160.000000 -845982.625000 794.066327 3.317914 3.566545 16.332954
 25180.000000 -843298.562500 793.676064 3.254068 3.453810 16.579904
 25200.000000 -843737.312500 797.012845 3.279086 3.527879 16.307785
 25220.000000 -843114.562500 796.924961 3.174623 3.653734 16.274472
 25240.000000 -843838.937500 794.900020 3.244421 3.424283 16.343438
 25260.000000 -846570.562500 793.091937 3.304616 3.162797 16.567816
 25280.000000 -845600.500000 793.358538 3.471658 3.445995 16.708236
 25300.000000 -845867.437500 793.070384 3.245230 3.380056 16.236380
 25320.000000 -845555.812500 794.085497 3.478174 3.533103 16.275917
 25340.000000 -846792.187500 794.034324 3.400873 3.291920 16.347326
 25360.000000 -846572.125000 793.643493 3.336458 3.408980 16.449791
 25380.000000 -844205.437500 794.241898 3.264664 3.258226 16.480339
 25400.000000 -845998.375000 793.883759 3.381747 3.338503 16.367857
 25420.000000 -846452.500000 795.550078 3.184948 3.317214 16.355423
 25440.000000 -844397.812500 794.410940 3.183361 3.269304 16.496562
 25460.000000 -845640.125000 794.989537 3.348450 3.387729 16.531347
 25480.000000 -843071.500000 797.128678 3.593280 3.374443 16.712380
 25500.000000 -845606.687500 792.171203 3.455277 3.558037 16.595965
 25520.000000 -844861.062500 795.067570 3.677966 3.435538 16.580242
 25540.000000 -845258.375000 795.917192 3.489475 3.313527 16.682067
 25560.000000 -845524.937500 794.301762 3.505354 3.400772 16.443823
 25580.000000 -844645.750000 795.364734 3.576932 3.234453 16.396872
 25600.000000 -845052.125000 792.853448 3.423890 3.491885 16.758963
 25620.000000 -845941.812500 794.142220 3.288929 3.641061 16.601957
 25640.000000 -843379.187500 794.882475 3.515261 3.284039 16.498716
 25660.000000 -845240.375000 793.271689 3.564281 3.375243 16.356534
 25680.000000 -844550.812500 796.322553 3.593642 3.384518 16.235325
 25700.000000 -844752.625000 794.053221 3.596160 3.649469 16.318254
 25720.000000 -845742.437500 792.491551 3.165129 3.574396 16.325033
 25740.000000 -841336.312500 796.215545 3.278316 3.391194 16.354919
 25760.000000 -845333.375000 794.067108 3.472806 3.318853 16.322530
 25780.000000 -844789.250000 794.968140 3.436808 3.323368 16.655676
 25800.000000 -845238.875000 794.899902 3.465804 3.426254 16.244576
 25820.000000 -844985.375000 793.920234 3.372849 3.314227 16.375535
 25840.000000 -846848.500000 792.654372 3.553699 3.136601 16.378173
 25860.000000 -845175.625000 796.007386 3.699649 3.450012 16.270812
 25880.000000 -843070.062500 796.985222 3.658550 3.363437 16.170081
 25900.000000 -845295.250000 796.804956 3.537757 3.432542 16.375907
 25920.000000 -845062.937500 794.554848 3.404992 3.146201 15.979255
 25940.000000 -845782.250000 792.538007 3.395854 3.154021 16.197279
 25960.000000 -846067.500000 793.257687 3.446664 3.317722 16.390693
 25980.000000 -845568.562500 791.810868 3.328734 3.320119 16.842772
 26000.000000 -842128.437500 800.089436 3.742693 3.713940 9.718562
 26020.000000 -843057.937500 799.031089 3.885619 3.902597 10.762127
 26040.000000 -844120.437500 801.021745 3.717253 3.916935 11.213228
 26060.000000 -843538.812500 795.986524 3.596470 3.960411 12.391181
 26080.000000 -844417.937500 795.400662 3.417653 3.619202 14.532766
 26100.000000 -845006.250000 795.283004 3.620460 3.427934 15.750187
 26120.000000 -846948.000000 793.570514 3.601508 3.661550 16.211082
 26140.000000 -842526.062500 797.010568 3.305854 3.583736 16.435178
 26160.000000 -844775.312500 795.423678 3.198132 3.494454 16.591287
 26180.000000 -844132.500000 794.516425 3.309259 3.388408 16.371483
 26200.000000 -844388.500000 793.177367 3.362639 3.378563 16.295307
 26220.000000 -845398.312500 793.761231 3.306402 3.549593 16.557598
 26240.000000 -845620.562500 793.195294 3.316506 3.423455 16.498887
 26260.000000 -843485.750000 792.706861 3.415580 3.545217 16.661204
 26280.000000 -844258.750000 794.204059 3.461260 3.652949 16.652145
 26300.000000 -844940.500000 795.121225 3.404601 3.540907 16.675371
 26320.000000 -844604.625000 795.489286 3.515841 3.501558 16.705980
 26340.000000 -844070.687500 793.307635 3.400863 3.445177 16.881949
 26360.000000 -843371.062500 794.037497 3.144764 3.468227 16.673171
 26380.000000 -845001.437500 796.191893 3.252185 3.518817 16.673501
 26400.000000 -845015.500000 794.356612 3.391726 3.436765 16.865835
 26420.000000 -844817.500000 794.132837 3.655106 3.494986 16.540062
 26440.000000 -845229.937500 792.853814 3.274795 3.719631 16.318919
 26460.000000 -845933.437500 794.599276 3.428217 3.400074 16.450341
 26480.000000 -844512.187500 793.153894 3.439888 3.372482 16.513098
 26500.000000 -845780.812500 794.623775 3.318545 3.567605 16.430746
 26520.000000 -844287.250000 794.447827 3.425241 3.619284 16.498200
 26540.000000 -843347.562500 795.481767 3.208717 3.506855 16.658443
 26560.000000 -844884.937500 795.618350 3.040393 3.614057 16.419194
 26580.000000 -845128.437500 793.111663 3.173550 3.671341 16.520274
 26600.000000 -845292.812500 793.524649 3.468110 3.501125 16.670001
 26620.000000 -844760.125000 791.918719 3.484546 3.435367 16.736133
 26640.000000 -845399.875000 793.597343 3.216555 3.176444 16.707622
 26660.000000 -844464.187500 795.351688 3.351013 3.280064 16.735864
 26680.000000 -843959.312500 795.944496 3.184673 3.305456 16.547823
 26700.000000 -842219.250000 794.722392 3.037482 3.467041 0.900298
 26720.000000 -842542.000000 797.156671 2.669162 3.914559 6.883192
 26740.000000 -841828.687500 801.116299 2.845801 3.658707 10.512648
 26760.000000 -843120.375000 798.890657 3.079360 3.298834 14.372752
 26780.000000 -843642.250000 796.559575 3.384533 3.516399 15.661737
 26800.000000 -844723.375000 794.507378 3.101550 3.267732 16.187853
 26820.000000 -845794.375000 792.231734 3.562153 3.227647 16.322576
 26840.000000 -843891.250000 793.542245 3.593847 3.059625 16.363889
 26860.000000 -846012.875000 791.334787 3.758349 3.298437 16.795268
 26880.000000 -844961.937500 795.159977 3.461853 3.447072 16.898221
 26900.000000 -844952.000000 794.567338 3.379868 3.368772 16.786363
 26920.000000 -844156.312500 793.336444 3.388886 3.262531 16.316504
 26940.000000 -846603.687500 793.368530 3.354532 3.630112 15.950990
 26960.000000 -845654.437500 794.799424 3.629482 3.806727 16.267021
 26980.000000 -846215.812500 794.582241 3.442085 3.488686 16.378305
 27000.000000 -844711.687500 794.193510 3.329750 3.480422 16.616000
 27020.000000 -846050.437500 791.300842 3.447035 3.345659 16.590593
 27040.000000 -845246.875000 794.626193 3.431570 3.627637 16.224386
 27060.000000 -845031.500000 794.513893 3.553666 3.745646 16.140664
 27080.000000 -844997.312500 795.137068 3.338056 3.744666 16.438571
 27100.000000 -842951.625000 797.983743 3.129214 3.484453 16.561169
 27120.000000 -845249.250000 794.572100 3.394631 3.550922 16.266961
 27140.000000 -844474.000000 796.525301 3.570748 3.804985 16.511459
 27160.000000 -845975.500000 794.684647 3.728970 3.507145 16.790206
 27180.000000 -846472.312500 792.478851 3.302103 3.537949 16.674642
 27200.000000 -845918.125000 795.780670 3.435697 3.478508 16.382056
 27220.000000 -845678.625000 794.500858 3.372172 3.217592 16.475628
 27240.000000 -843847.937500 795.676860 3.318106 3.302881 16.403722
 27260.000000 -844108.750000 792.966114 3.346407 3.630626 16.522146
 27280.000000 -843674.812500 794.494107 3.376272 3.474832 16.418821
 27300.000000 -844365.875000 796.266630 3.600812 3.498552 16.461124
 27320.000000 -846224.625000 793.749389 3.438520 3.349999 16.476615
 27340.000000 -843464.437500 796.070257 3.790251 3.353843 16.679622
 27360.000000 -843683.437500 793.036705 3.417034 3.375284 16.440838
 27380.000000 -846963.000000 794.168527 3.430594 3.258447 16.371044
 27400.000000 -843356.062500 795.819557 3.251033 3.101653 16.360207
 27420.000000 -845280.062500 795.317247 3.095986 3.043783 16.414494
 27440.000000 -844939.562500 791.624409 2.984492 3.087272 16.261324
 27460.000000 -846938.500000 794.365982 3.433595 3.394047 16.271386
 27480.000000 -845380.687500 792.693739 3.303160 3.561536 16.321154
 27500.000000 -843761.687500 796.817757 3.383323 3.646748 16.560761
 27520.000000 -844734.750000 794.374341 3.522497 3.305001 16.664681
 27540.000000 -845939.562500 793.239139 3.535793 3.494486 16.764340
 27560.000000 -846140.937500 792.818904 3.431724 3.333609 16.700418
 27580.000000 -845326.500000 792.264537 3.396834 3.492457 16.435137
 27600.000000 -846296.937500 792.770601 3.683138 3.590108 16.455590
 27620.000000 -846043.937500 795.209013 3.614139 3.417300 16.223971
 27640.000000 -845045.812500 796.950254 3.620331 3.482479 16.406312
 27660.000000 -845302.000000 793.316770 3.596852 3.633820 16.291058
 27680.000000 -846124.312500 794.584518 3.282408 3.339631 16.266209
 27700.000000 -846082.187500 793.495201 3.276587 3.871758 16.509569
 27720.000000 -845732.125000 793.913408 3.467711 3.627955 16.403525
 27740.000000 -844577.250000 795.312425 4.005974 2.981855 3.606315
 27760.000000 -841669.062500 799.054363 4.086309 2.783185 7.249104
 27780.000000 -842138.625000 798.879216 3.316669 3.161355 11.729447
 27800.000000 -844214.875000 797.923480 3.586643 3.468055 14.179206
 27820.000000 -844742.750000 793.948234 3.826617 3.307231 15.519651
 27840.000000 -843509.750000 793.502765 3.491145 3.136362 16.026535
 27860.000000 -845750.312500 793.625298 3.316626 3.377402 16.246648
 27880.000000 -843918.562500 795.239268 3.504816 3.546746 16.235394
 27900.000000 -843948.687500 794.023011 3.708395 3.502979 16.690721
 27920.000000 -842019.250000 795.764505 3.344840 3.514394 16.790046
 27940.000000 -845893.062500 792.788519 3.649791 3.566106 16.667001
 27960.000000 -845566.250000 793.097572 3.566346 3.473376 16.748223
 27980.000000 -846319.000000 794.635559 3.550791 3.556113 16.545676
 28000.000000 -845599.500000 794.703639 3.453136 3.153129 16.475591
 28020.000000 -845149.875000 793.001809 3.494156 3.196279 16.636371
 28040.000000 -846630.562500 793.726485 3.303916 3.199237 16.510999
 28060.000000 -844589.750000 793.453700 3.609497 3.514887 16.403550
 28080.000000 -846400.437500 791.673213 3.337367 3.465431 16.830920
 28100.000000 -845764.250000 795.250323 3.191195 3.545751 16.417436
 28120.000000 -846053.687500 795.105638 3.060702 3.519036 16.595815
 28140.000000 -844307.875000 792.995279 3.225675 3.489225 16.483582
 28160.000000 -845840.937500 792.766570 3.423444 3.472970 16.396461
 28180.000000 -844728.562500 793.476368 3.380439 2.992391 16.517695
 28200.000000 -845209.312500 794.298314 3.169373 3.391675 16.574543
 28220.000000 -845562.125000 794.997170 3.723260 3.154842 16.613973
 28240.000000 -844526.500000 794.038891 3.557571 3.066387 16.243212
 28260.000000 -843210.125000 795.747066 3.366781 3.124916 16.282977
 28280.000000 -845041.812500 795.293881 3.255892 3.396174 16.607059
 28300.000000 -845728.625000 793.649777 3.309373 3.266282 16.687997
 28320.000000 -840128.500000 802.700437 3.383531 3.450746 8.023491
 28340.000000 -843003.625000 799.445436 3.314164 3.291655 11.322752
 28360.000000 -844159.312500 793.992302 3.021161 3.408556 14.238475
 28380.000000 -844339.312500 793.672131 3.176062 3.226100 15.994191
 28400.000000 -844855.375000 797.301898 3.260028 3.119996 16.401785
 28420.000000 -846264.937500 793.380822 3.548319 3.432633 16.556782
 28440.000000 -845246.187500 791.313911 3.500066 3.395649 16.375184
 28460.000000 -846339.062500 792.938145 3.397300 3.550553 16.370574
 28480.000000 -842507.625000 795.718694 3.407856 3.712244 16.529342
 28500.000000 -845325.125000 794.780652 3.606169 3.346396 16.408708
 28520.000000 -842926.437500 794.762767 3.213069 3.560183 16.298050
 28540.000000 -845987.062500 794.743694 3.419674 3.561595 16.473599
 28560.000000 -843537.312500 795.414416 3.186609 3.408918 16.394892
 28580.000000 -844121.937500 793.512800 3.349686 2.801104 16.391010
 28600.000000 -843299.125000 794.446166 3.483051 3.208656 16.334144
 28620.000000 -844629.250000 793.357022 3.395779 3.462743 16.435824
 28640.000000 -843419.562500 796.704774 3.095894 3.547213 16.455303
 28660.000000 -843412.750000 793.132601 3.326465 3.402035 16.627060
 28680.000000 -845267.750000 796.226517 3.170368 3.556566 16.361764
 28700.000000 -845543.375000 793.400793 3.226149 3.441302 16.568703
 28720.000000 -844531.250000 793.703096 3.647446 3.516497 16.458280
 28740.000000 -846321.312500 793.428782 3.502196 3.260275 16.239648
 28760.000000 -844428.437500 793.729574 3.389413 3.326576 16.503482
 28780.000000 -846032.625000 793.045946 3.197801 3.324341 16.587249
 28800.000000 -845421.000000 793.651451 3.162132 3.376542 16.790398
 28820.000000 -844963.000000 795.684871 3.568465 3.456850 16.582912
 28840.000000 -845703.812500 794.942913 3.634455 3.560443 16.457615
 28860.000000 -844977.687500 791.740848 3.549391 3.496687 16.266038
 28880.000000 -844494.312500 794.798194 3.553761 3.608685 16.520590
 28900.000000 -843940.000000 794.456019 3.201780 3.526394 16.486622
 28920.000000 -844645.875000 793.963563 3.589985 3.371924 16.512316
 28940.000000 -842972.312500 795.018753 3.423061 3.423169 16.388337
 28960.000000 -843044.875000 796.888705 3.408593 3.283168 16.347221
 28980.000000 -842975.812500 797.317974 3.242980 3.090946 16.341099
 29000.000000 -844986.187500 796.021836 3.367792 3.283553 16.398600
 29020.000000 -843460.625000 797.349296 3.393777 3.258695 16.362298
 29040.000000 -842585.937500 795.079268 3.272197 3.522190 16.289866
 29060.000000 -843985.125000 795.192408 3.270574 3.560797 16.216462
 29080.000000 -844535.000000 796.094267 3.574472 3.133541 16.418024
 29100.000000 -846025.687500 794.653147 3.682930 3.283300 16.444738
 29120.000000 -844331.437500 795.105134 3.604930 3.258267 16.419389
 29140.000000 -845930.500000 793.427436 3.088905 3.136446 16.511153
 29160.000000 -843457.687500 796.173708 3.313922 3.671412 16.482658
 29180.000000 -843777.375000 796.216564 3.394753 3.443286 16.474259
 29200.000000 -844428.687500 794.956017 3.254513 3.526215 16.748125
 29220.000000 -845817.062500 794.901672 3.096252 3.514198 16.370727
 29240.000000 -844356.687500 795.847002 3.259798 3.558533 16.575967
 29260.000000 -846242.375000 793.536081 3.293666 3.287323 16.578659
 29280.000000 -847005.687500 792.512804 3.332556 3.407167 16.681204
 29300.000000 -846262.437500 790.961420 3.189865 3.312932 16.415892
 29320.000000 -844369.250000 793.395079 3.548696 3.318994 16.444280
 29340.000000 -845071.562500 792.330995 3.314469 3.628190 16.274475
 29360.000000 -845778.500000 791.966371 3.529185 3.436277 16.257861
 29380.000000 -845117.250000 793.180995 3.629634 3.206675 16.403760
 29400.000000 -846244.375000 793.309065 3.807299 3.284294 16.420739
 29420.000000 -846177.875000 793.698784 3.348891 3.370293 16.460654
 29440.000000 -845986.187500 794.020553 3.289618 3.267626 16.597397
 29460.000000 -846139.187500 793.364568 3.409492 3.219317 16.479489
 29480.000000 -844165.750000 796.296768 3.599648 3.380265 16.395342
 29500.000000 -844847.000000 794.710998 3.344098 3.553192 16.500517
 29520.000000 -846357.312500 795.160069 3.626140 3.370800 16.409725
 29540.000000 -844471.937500 795.455728 3.080386 3.367052 16.557924
 29560.000000 -844686.812500 794.276567 3.358468 3.255042 16.525259
 29580.000000 -844601.375000 795.951586 3.193699 2.956617 16.426560
 29600.000000 -845592.000000 796.683861 3.118957 3.000884 16.309670
 29620.000000 -844914.125000 794.082371 3.299573 3.467967 16.352807
 29640.000000 -845400.187500 793.518090 3.323226 3.615400 16.469739
 29660.000000 -843385.187500 794.396848 3.371748 3.311082 16.438586
 29680.000000 -846880.812500 793.897600 3.424128 3.514839 16.512884
 29700.000000 -845759.375000 793.850249 3.381171 3.442616 16.642382
 29720.000000 -846257.750000 792.331814 3.212603 3.275739 16.380791
 29740.000000 -846439.687500 793.532324 3.227981 3.336559 16.341983
 29760.000000 -843318.125000 795.479186 3.298864 3.308585 16.172356
 29780.000000 -844669.000000 792.858304 3.207652 3.456283 16.238267
 29800.000000 -844527.500000 795.114195 3.351986 3.420316 16.480130
 29820.000000 -845000.375000 791.545441 3.325479 3.381910 16.471183
 29840.000000 -845349.625000 793.218041 3.400034 3.347987 16.224707
 29860.000000 -845142.250000 793.038490 3.631559 3.514864 16.492234
 29880.000000 -846426.000000 792.236965 3.511427 3.286840 16.948263
 29900.000000 -845925.375000 793.691265 3.638986 3.410129 16.471801
 29920.000000 -844739.937500 795.435253 3.383376 3.757910 16.305511
 29940.000000 -845616.000000 794.957579 3.185206 3.325444 16.335455
 29960.000000 -846128.062500 793.461056 3.161828 3.491613 16.457624
 29980.000000 -845953.562500 794.027053 3.531241 3.660090 16.574643
 30000.000000 -844931.687500 793.119500 3.359686 3.619400 16.632888
 30020.000000 -845344.375000 794.107721 3.134122 3.433637 16.451155
 30040.000000 -844767.000000 797.121690 3.162683 3.487287 16.401874
 30060.000000 -843967.625000 794.848533 3.519058 3.369100 16.681085
 30080.000000 -847039.562500 792.949972 3.474037 3.248713 16.815562
 30100.000000 -843806.062500 793.573869 3.372338 2.909318 16.459855
 30120.000000 -845567.437500 796.163084 3.159827 3.269895 16.331012
 30140.000000 -844810.125000 796.946940 3.116010 3.679180 16.514652
 30160.000000 -844230.250000 794.660513 3.277200 3.281380 16.620315
 30180.000000 -845789.062500 793.773813 3.216545 3.250700 16.317685
 30200.000000 -842609.625000 794.671540 3.351578 3.514803 16.392630
 30220.000000 -846320.125000 794.489009 3.472556 3.618826 16.856267
 30240.000000 -845147.375000 796.371187 3.338143 3.257373 16.577583
 30260.000000 -845048.562500 796.382736 3.156187 3.418565 16.339504
 30280.000000 -845861.687500 793.352811 3.287788 3.286639 16.415525
 30300.000000 -846019.562500 791.995641 3.737820 3.160752 16.589926
 30320.000000 -844580.500000 794.410251 3.593705 3.315666 16.834209
 30340.000000 -844639.625000 794.788990 3.326608 3.016804 16.468965
 30360.000000 -844645.687500 796.168070 3.623158 3.410080 16.491003
 30380.000000 -844281.875000 792.807352 3.690540 3.235602 16.208356
 30400.000000 -843923.312500 793.751933 3.451257 3.372123 16.511997
 30420.000000 -844015.687500 795.332384 3.535591 3.612102 16.402724
 30440.000000 -846186.062500 796.048116 3.652514 3.276855 16.728196
 30460.000000 -844303.062500 796.605394 3.634290 3.430442 16.490892
 30480.000000 -842615.250000 796.469835 3.653989 3.218182 16.396622
 30500.000000 -844252.125000 795.958523 3.618245 3.221298 16.490587
 30520.000000 -845570.437500 793.805120 3.260019 3.304194 16.581390
 30540.000000 -846121.812500 793.669702 3.484255 3.558456 16.737536
 30560.000000 -844927.812500 795.496388 3.437797 3.608816 16.660267
 30580.000000 -847225.750000 794.529904 3.459748 3.684040 16.511879
 30600.000000 -844103.562500 797.471684 3.315832 3.408931 16.379068
 30620.000000 -845947.437500 795.220599 3.234652 3.320367 16.330151
 30640.000000 -845819.250000 792.794779 3.061585 3.405220 16.452283
 30660.000000 -847048.625000 792.151572 3.264285 3.388005 16.359282
 30680.000000 -843826.375000 796.582293 3.261565 3.343643 16.308728
 30700.000000 -844543.000000 796.907749 3.254689 3.216810 16.341912
 30720.000000 -844917.500000 794.696470 3.340517 3.423321 16.224935
 30740.000000 -844865.250000 792.570036 3.328924 3.234994 16.171612
 30760.000000 -845029.562500 793.732986 3.528150 3.513964 16.522461
 30780.000000 -844159.812500 794.246966 3.447046 3.519751 16.542721
 30800.000000 -843653.437500 795.262501 3.304866 3.464138 16.309522
 30820.000000 -845067.937500 796.186728 3.583259 3.647879 16.416879
 30840.000000 -842383.625000 803.061061 3.392483 4.319449 6.407416
 30860.000000 -840139.125000 802.025077 3.448706 2.995340 11.537173
 30880.000000 -843883.875000 796.463419 3.409125 3.519201 14.666328
 30900.000000 -845118.687500 793.124447 3.309064 3.489304 16.000246
 30920.000000 -844820.437500 795.188245 3.583053 3.489146 16.313117
 30940.000000 -845957.750000 792.062874 3.297417 3.528649 16.094194
 30960.000000 -844982.750000 792.314072 3.320853 3.248206 16.430789
 30980.000000 -845092.937500 795.962592 3.329417 3.334246 16.261220
 31000.000000 -844929.500000 794.866430 3.494015 3.389387 16.430667
 31020.000000 -844756.437500 792.550427 3.502457 3.321654 16.729994
 31040.000000 -846156.687500 792.643336 3.269286 3.176377 16.184013
 31060.000000 -843576.187500 795.731590 3.266963 3.151252 16.457687
 31080.000000 -845284.562500 794.323552 3.078414 3.370356 16.575611
 31100.000000 -845959.000000 791.773492 3.291123 3.415181 16.454678
 31120.000000 -845607.750000 795.413898 3.392644 3.355869 16.554102
 31140.000000 -844350.562500 795.584270 3.407673 3.414647 16.509688
 31160.000000 -843877.687500 794.591663 3.613750 3.422176 16.651572
 31180.000000 -843904.875000 793.274381 3.102245 3.348195 16.409537
 31200.000000 -846777.375000 795.799029 3.220691 3.272897 16.622871
 31220.000000 -844093.437500 792.907400 3.193282 3.461933 16.842543
 31240.000000 -845984.562500 793.470985 3.295780 3.317652 16.711514
 31260.000000 -845202.000000 794.279377 3.533744 3.272391 16.576017
 31280.000000 -844595.562500 794.122941 3.409906 3.584168 16.587820
 31300.000000 -845953.187500 793.268692 3.535775 3.463834 16.307524
 31320.000000 -843463.750000 795.943271 3.517986 3.543856 16.261327
 31340.000000 -843877.625000 796.268651 3.768684 3.314401 16.486379
 31360.000000 -844809.437500 795.235793 3.424507 3.135520 16.720294
 31380.000000 -844745.312500 793.180925 3.403007 3.357796 16.388642
 31400.000000 -844882.312500 795.175847 3.279946 3.550672 16.532169
 31420.000000 -845494.312500 794.184170 3.323605 3.593051 16.749487
 31440.000000 -844880.937500 794.918652 3.246731 3.398836 16.609163
 31460.000000 -845208.562500 793.163898 3.057468 3.613941 16.782372
 31480.000000 -844276.187500 795.353590 3.154079 3.307280 16.623350
 31500.000000 -844396.562500 794.052292 3.252168 3.567947 16.491224
 31520.000000 -844197.000000 794.158491 3.160445 3.342963 16.521328
 31540.000000 -846454.937500 791.990603 3.483802 3.448849 16.391492
 31560.000000 -844098.812500 794.517413 3.458566 3.561787 16.689402
 31580.000000 -845288.937500 793.684341 3.389591 3.455680 16.513581
 31600.000000 -846281.250000 794.780835 3.347261 3.374273 16.355119
 31620.000000 -844833.687500 794.658507 3.624045 3.272899 16.453022
 31640.000000 -843339.750000 795.942395 3.585950 3.577238 16.158049
 31660.000000 -842689.500000 792.415137 3.588703 3.729074 16.140029
 31680.000000 -845266.937500 790.597837 3.189172 3.280538 16.378943
 31700.000000 -845293.375000 795.960835 3.161713 3.407378 16.496860
 31720.000000 -845850.062500 795.239103 3.500553 3.369648 16.013683
 31740.000000 -843878.937500 795.169818 3.549596 3.433259 16.507042
 31760.000000 -845091.437500 794.877508 3.537561 3.525356 16.702783
 31780.000000 -846249.250000 792.653087 3.516131 3.261198 16.555245
 31800.000000 -844364.375000 793.519172 3.616763 3.278571 16.356483
 31820.000000 -844346.500000 794.383459 3.391461 3.038012 16.220077
 31840.000000 -845827.125000 795.472065 3.260670 3.243828 16.433326
 31860.000000 -842732.625000 793.197759 3.247679 3.263333 16.498333
 31880.000000 -844415.062500 792.459736 3.366751 3.350304 16.542167
 31900.000000 -844979.187500 793.756826 3.511978 3.547713 16.530169
 31920.000000 -846333.750000 791.470926 3.360025 3.537347 16.392680
 31940.000000 -845408.687500 794.567671 3.378801 3.436099 16.455906
 31960.000000 -846409.937500 794.539499 3.195755 3.284761 16.452162
 31980.000000 -847658.812500 793.796508 3.232322 3.414123 16.377880
 32000.000000 -844758.437500 793.318456 3.131803 3.381214 16.300920
 32020.000000 -843805.437500 794.114267 3.252078 3.590894 16.714646
 32040.000000 -845914.562500 793.328486 3.362410 3.694203 16.744116
 32060.000000 -845810.062500 794.183688 3.332824 3.498508 16.688279
 32080.000000 -846814.687500 792.567722 3.498417 3.683088 16.658681
 32100.000000 -845887.375000 792.230961 3.615661 3.687198 16.653888
 32120.000000 -845537.375000 792.445371 3.430021 3.535839 16.339651
 32140.000000 -844394.312500 794.960183 3.561073 3.463042 16.601729
 32160.000000 -845633.937500 795.417591 3.468439 3.168715 16.698868
 32180.000000 -846424.250000 792.653481 3.304461 3.070644 16.524195
 32200.000000 -846074.062500 794.697697 3.475214 3.203451 16.618462
 32220.000000 -845736.750000 794.249484 3.387880 3.586231 16.527595
 32240.000000 -845231.625000 794.488308 3.743533 3.409154 16.477000
 32260.000000 -844727.187500 794.775260 3.646886 3.499875 16.474214
 32280.000000 -843932.187500 795.412779 3.372367 3.410045 16.773753
 32300.000000 -845178.625000 796.365058 3.734710 3.488878 16.590682
 32320.000000 -844376.312500 795.433921 3.412702 3.498150 16.521474
 32340.000000 -845294.062500 794.502866 3.589946 3.440815 16.636529
 32360.000000 -845535.125000 792.484564 3.582145 3.251671 16.466117
 32380.000000 -845229.562500 792.421080 3.339190 3.364135 16.559819
 32400.000000 -844944.437500 795.035752 3.398279 3.387388 16.526767
 32420.000000 -844011.687500 795.482326 3.397697 3.676478 16.422839
 32440.000000 -844652.250000 793.981693 3.632230 3.625504 16.309263
 32460.000000 -846849.187500 794.067878 3.440965 3.559463 16.516479
 32480.000000 -846102.562500 791.253161 3.575407 3.464768 16.515906
 32500.000000 -845957.250000 794.425613 3.393035 3.367734 16.786161
 32520.000000 -845412.312500 793.494998 3.461628 3.251421 16.766707
 32540.000000 -846106.500000 792.251743 3.363826 3.406883 17.001809
 32560.000000 -844501.250000 794.805835 3.286354 3.540832 16.720423
 32580.000000 -844678.812500 793.762826 3.241772 3.286623 16.679849
 32600.000000 -844455.062500 798.027227 3.443792 3.181469 16.603559
 32620.000000 -843004.187500 795.572997 3.502330 3.495773 16.534963
 32640.000000 -845226.562500 793.112418 3.407759 3.606113 16.696886
 32660.000000 -844584.500000 795.653147 3.597065 3.285217 16.783292
 32680.000000 -843770.625000 793.339725 3.344509 3.529509 16.439297
 32700.000000 -845307.250000 794.798956 3.303451 3.284811 16.420180
 32720.000000 -845894.437500 792.613076 3.376935 3.311602 16.291577
 32740.000000 -846411.937500 791.516471 3.289540 3.264035 16.468376
 32760.000000 -845289.312500 792.419519 3.363717 3.663163 16.413379
 32780.000000 -846643.937500 795.076250 3.608066 3.643014 16.554804
 32800.000000 -843719.125000 797.667629 3.864575 3.527082 16.633506
 32820.000000 -844818.812500 793.270473 3.443243 3.433043 16.768404
 32840.000000 -845364.437500 792.118099 3.245807 3.536777 16.698905
 32860.000000 -845533.625000 793.425750 3.477448 3.346526 16.500495
 32880.000000 -844799.125000 794.677753 3.411490 3.207359 16.729734
 32900.000000 -846225.187500 792.756225 3.246756 3.134282 16.741412
 32920.000000 -843602.562500 792.861841 3.240069 3.180978 16.475147
 32940.000000 -846672.875000 795.217635 3.302048 3.310750 16.531226
 32960.000000 -844505.125000 794.480604 3.149367 3.349998 16.480001
 32980.000000 -845916.750000 793.253648 3.454988 3.532538 16.511565
 33000.000000 -845228.687500 791.478385 3.471699 3.510297 16.618024
 33020.000000 -845125.875000 791.454163 3.504524 3.511663 16.710006
 33040.000000 -846672.562500 795.128525 3.476654 3.559810 16.671496
 33060.000000 -845617.500000 791.877492 3.127420 3.602346 16.728486
 33080.000000 -843749.750000 792.410786 3.186502 3.648122 16.638349
 33100.000000 -844593.625000 793.377728 3.343616 3.784602 16.737507
 33120.000000 -844797.375000 796.627831 3.146662 3.423167 16.551530
 33140.000000 -844121.812500 793.652203 3.364494 3.499558 16.326564
 33160.000000 -844621.437500 793.863808 3.235655 3.275283 16.413059
 33180.000000 -840927.187500 801.661933 3.548353 3.684060 6.915159
 33200.000000 -842966.437500 799.099077 3.384193 4.000959 9.906830
 33220.000000 -842089.812500 797.676479 3.448384 3.638368 11.779517
 33240.000000 -845162.187500 797.515094 3.647792 3.080599 14.444213
 33260.000000 -844532.062500 796.471585 3.428969 3.268602 15.539631
 33280.000000 -844394.312500 795.110654 3.501941 3.282805 16.273221
 33300.000000 -844484.562500 793.940131 3.626633 3.279068 16.546087
 33320.000000 -845534.000000 798.098398 3.385979 3.229266 16.716002
 33340.000000 -844643.562500 796.444567 3.457263 3.632342 16.471176
 33360.000000 -845431.875000 796.026413 3.320809 3.248088 16.665209
 33380.000000 -845995.750000 794.014529 3.040335 3.370426 16.529688
 33400.000000 -844678.375000 795.791018 3.448606 3.118655 16.362596
 33420.000000 -845029.750000 793.543305 3.310226 3.550294 16.379117
 33440.000000 -844762.312500 793.953141 3.473827 3.433550 16.411318
 33460.000000 -845338.250000 794.933500 3.575582 3.112562 16.604927
 33480.000000 -845198.562500 796.763189 3.422403 3.101553 16.888021
 33500.000000 -845316.750000 795.036168 3.697458 3.141715 16.622658
 33520.000000 -845458.250000 792.947999 3.670676 3.363866 16.619019
 33540.000000 -843925.687500 795.669898 3.558333 3.461989 16.658939
 33560.000000 -845908.250000 794.321345 3.341758 3.240512 16.729187
 33580.000000 -845893.625000 795.489176 3.419967 3.205604 16.608527
 33600.000000 -844758.437500 794.825852 3.305858 3.125900 16.599061
 33620.000000 -843397.000000 795.788383 3.639955 3.523464 16.355511
 33640.000000 -843798.125000 792.906067 3.405683 3.403590 16.417854
 33660.000000 -845160.062500 792.956932 2.997070 3.381415 16.442495
 33680.000000 -844029.125000 794.804060 3.042351 3.337855 16.415815
 33700.000000 -842623.437500 794.186231 3.308787 3.308573 16.567410
 33720.000000 -845393.187500 794.885313 3.520957 3.428208 16.634099
 33740.000000 -843954.125000 793.642514 3.464972 3.417408 16.658958
 33760.000000 -842703.687500 795.982468 3.534870 3.434061 16.896527
 33780.000000 -843481.312500 794.546059 3.467998 3.663595 16.593413
 33800.000000 -843000.187500 795.179937 3.307511 3.550785 16.382264
 33820.000000 -844323.187500 794.400271 3.377818 3.535498 16.669854
 33840.000000 -843822.937500 794.171466 3.257832 3.370142 16.804839
 33860.000000 -843331.375000 793.885519 3.487761 3.481267 16.703634
 33880.000000 -845729.812500 795.321852 3.578397 3.620788 16.519009
 33900.000000 -845181.500000 794.110177 3.218994 3.314877 16.433967
 33920.000000 -844393.437500 794.392753 3.390954 3.541092 16.212827
 33940.000000 -844528.562500 795.051590 3.373501 3.427050 16.247415
 33960.000000 -842211.437500 796.193834 3.532223 3.601036 16.599229
 33980.000000 -844948.625000 793.236391 3.466278 3.453731 16.612881
 34000.000000 -844746.750000 795.123070 3.278786 3.199165 16.603462
 34020.000000 -843904.125000 792.508332 3.143852 3.173363 16.620859
 34040.000000 -843583.375000 796.162669 3.237120 3.382377 16.852473
 34060.000000 -844057.500000 794.103923 3.634858 3.387371 16.690511
 34080.000000 -845420.812500 793.707244 3.464744 3.401457 16.804519
 34100.000000 -844980.000000 793.757888 3.166602 3.368709 16.554402
 34120.000000 -845629.062500 793.154750 3.457594 3.524391 16.489588
 34140.000000 -844760.250000 792.570757 3.315728 3.393779 16.359953
 34160.000000 -842986.000000 795.706057 3.432928 3.629721 16.525942
 34180.000000 -844600.437500 796.232332 3.315813 3.540375 16.752137
 34200.000000 -845790.062500 793.878760 3.230698 3.471983 16.685607
 34220.000000 -845657.687500 794.337182 3.157449 3.514270 16.544782
 34240.000000 -844876.312500 795.663515 3.276679 3.635001 16.560054
 34260.000000 -843981.625000 796.413297 3.150936 3.500848 16.578802
 34280.000000 -844698.562500 793.061550 3.324289 3.450935 16.687618
 34300.000000 -844281.375000 792.996643 3.534703 3.566917 16.404689
 34320.000000 -845529.500000 794.376796 3.415612 3.692354 16.400312
 34340.000000 -845723.562500 794.738794 3.139009 3.440589 16.105740
 34360.000000 -844915.812500 796.198714 3.342385 3.233172 16.406106
 34380.000000 -843703.625000 796.806924 3.226714 3.280975 16.475890
 34400.000000 -845497.312500 794.856418 3.287199 3.375445 16.241496
 34420.000000 -844702.187500 793.680937 3.383430 3.436692 16.452652
 34440.000000 -844096.750000 794.240041 3.246184 3.030430 16.470575
 34460.000000 -845692.562500 793.050368 3.109297 3.159326 16.746884
 34480.000000 -843314.875000 797.341966 3.454854 3.069594 16.839568
 34500.000000 -844210.000000 794.485646 3.499442 3.192740 16.745774
 34520.000000 -843882.812500 794.149925 3.382172 3.413750 16.486363
 34540.000000 -845554.875000 795.399342 3.475139 3.371163 16.464754
 34560.000000 -847218.062500 793.547581 3.471139 3.201049 16.648218
 34580.000000 -844909.562500 793.739240 3.438672 3.416199 16.453531
 34600.000000 -843361.875000 794.381669 3.290643 3.359977 16.435352
 34620.000000 -845310.625000 795.985904 3.628913 3.422601 16.374249
 34640.000000 -845657.000000 795.629991 3.342709 3.253785 16.605902
 34660.000000 -844938.437500 794.480406 3.350899 3.173198 16.602265
 34680.000000 -843866.625000 793.004233 3.182414 3.446805 16.537937
 34700.000000 -843159.437500 794.792818 3.204167 3.198247 16.589889
 34720.000000 -844612.687500 792.604553 3.304665 3.333723 16.596788
 34740.000000 -845366.625000 794.462373 3.293449 3.210879 16.577382
 34760.000000 -844221.250000 794.610528 3.473576 3.581480 16.759132
 34780.000000 -845105.875000 792.983201 3.519816 3.747787 16.579593
 34800.000000 -844543.437500 794.678634 3.414926 3.752372 16.426349
 34820.000000 -846881.000000 792.671985 3.572216 3.412692 16.728415
 34840.000000 -845907.562500 793.754888 3.418750 3.191955 16.531701
 34860.000000 -844166.312500 794.375850 3.461821 3.254249 16.429616
 34880.000000 -845634.937500 794.294955 3.555442 3.455927 16.407467
 34900.000000 -844112.625000 793.602722 3.467660 3.276675 16.501298
 34920.000000 -845383.812500 794.050350 3.274320 3.183947 16.463926
 34940.000000 -844645.625000 796.031994 3.190247 3.564791 16.870100
 34960.000000 -844635.625000 794.998241 3.197433 3.450725 16.476132
 34980.000000 -845584.500000 793.842000 3.312419 3.365349 16.274818
 35000.000000 -844751.000000 796.356122 3.152892 3.411457 16.582689
 35020.000000 -845150.250000 796.129627 3.368295 3.446087 16.654833
 35040.000000 -844255.937500 793.841964 3.198438 3.437209 16.483259
 35060.000000 -844050.000000 795.361260 3.305180 3.211648 16.634641
 35080.000000 -844545.437500 795.612912 3.590378 3.539707 16.596743
 35100.000000 -844891.312500 794.685438 3.366718 3.295714 16.780618
 35120.000000 -846455.500000 794.251615 3.398302 3.151521 16.642177
 35140.000000 -844988.625000 796.237135 3.476821 3.367521 16.276731
 35160.000000 -845752.562500 794.542224 3.447645 3.218518 16.426755
 35180.000000 -845239.125000 796.432843 3.458724 3.016657 16.517635
 35200.000000 -844682.812500 795.288032 3.563400 3.253664 16.586807
 35220.000000 -843783.062500 796.737887 3.355415 3.602538 16.521251
 35240.000000 -844169.750000 795.266516 3.316231 3.297669 16.373747
 35260.000000 -844746.000000 795.232635 3.788671 3.291005 16.383719
 35280.000000 -844887.000000 795.667372 3.271882 3.358565 16.383065
 35300.000000 -846194.062500 793.451754 3.526089 3.151502 16.584898
 35320.000000 -843207.500000 796.101554 3.338197 3.392654 16.516590
 35340.000000 -843624.125000 795.054076 3.434729 3.464008 16.470722
 35360.000000 -844781.375000 792.800865 3.657453 3.412382 16.663837
 35380.000000 -846229.000000 793.793098 3.395620 3.412148 16.332420
 35400.000000 -843283.062500 794.265822 3.241737 3.275934 16.670310
 35420.000000 -844318.500000 795.305813 3.192528 3.289367 16.599731
 35440.000000 -846283.750000 793.887581 3.302461 3.588096 16.439209
 35460.000000 -845494.312500 793.579226 3.610494 3.369622 16.333803
 35480.000000 -846807.250000 793.429935 3.526271 3.373642 16.199231
 35500.000000 -844867.812500 797.234741 3.679913 3.705366 16.485554
 35520.000000 -845231.937500 794.101465 3.599109 3.412049 16.464261
 35540.000000 -845287.750000 794.790142 3.701100 3.547576 16.374880
 35560.000000 -846369.875000 794.202047 3.609348 3.577852 16.572238
 35580.000000 -846488.312500 793.100736 3.597370 3.509791 16.376395
 35600.000000 -845937.312500 795.409821 3.239759 3.432713 16.453812
 35620.000000 -842733.812500 796.992657 3.220885 3.246589 16.357100
 35640.000000 -843790.000000 795.959743 3.559558 3.171125 16.347090
 35660.000000 -844220.250000 794.120982 3.211548 3.438593 16.365636
 35680.000000 -845805.375000 792.485374 3.168575 3.584720 16.567808
 35700.000000 -843952.500000 794.010515 3.362032 3.410811 16.818566
 35720.000000 -845281.312500 795.241388 3.588099 3.724619 16.521024
 35740.000000 -844771.875000 796.176409 3.554946 3.455266 16.626450
 35760.000000 -846623.875000 791.753809 3.653323 3.507751 16.484611
 35780.000000 -845004.500000 794.993504 3.558675 3.617756 16.593046
 35800.000000 -846008.000000 793.599146 3.601517 3.772810 16.519748
 35820.000000 -844215.250000 797.441422 3.515385 3.626412 16.349732
 35840.000000 -843479.312500 797.382973 3.496378 3.478915 16.272681
 35860.000000 -846370.937500 793.892646 3.471098 3.536626 16.358932
 35880.000000 -844020.250000 796.514645 3.487804 3.297871 16.340799
 35900.000000 -845893.687500 791.641652 3.478459 3.204486 16.193366
 35920.000000 -846228.875000 792.512245 3.209545 3.331382 16.296977
 35940.000000 -844907.812500 794.925717 3.436649 3.357758 16.655765
 35960.000000 -846413.812500 797.065881 3.286173 3.223227 16.607613
 35980.000000 -844937.125000 793.993336 3.304453 3.299663 16.369859
 36000.000000 -845057.875000 795.191825 3.262122 3.049395 16.449724
 36020.000000 -846156.250000 796.381294 3.466086 3.242140 16.475892
 36040.000000 -846474.500000 794.449871 3.403159 3.408756 16.559951
 36060.000000 -848000.875000 793.269282 3.433003 3.442367 16.486742
 36080.000000 -844579.437500 795.084490 3.336717 3.273363 16.165748
 36100.000000 -846222.125000 792.918778 3.494640 3.172863 16.771499
 36120.000000 -846206.750000 794.437887 3.657695 3.046619 16.365711
 36140.000000 -844747.187500 794.884194 3.253903 3.356639 16.484871
 36160.000000 -844488.437500 796.492015 3.092938 3.277170 16.482042
 36180.000000 -844677.000000 797.588007 3.015556 3.330750 16.344006
 36200.000000 -843768.625000 794.218001 3.258548 3.629180 16.390312
 36220.000000 -843819.875000 795.948766 3.562106 3.389420 16.462639
 36240.000000 -845288.687500 794.695179 3.517467 3.255036 16.695416
 36260.000000 -845437.437500 796.668608 3.273662 3.420771 16.627732
 36280.000000 -845383.375000 793.909690 3.245765 3.446467 16.670119
 36300.000000 -845982.875000 793.925969 3.319146 3.383990 16.442253
 36320.000000 -845291.125000 793.426335 3.325608 3.155761 16.793560
 36340.000000 -845093.250000 795.479695 3.403869 3.254196 16.513444
 36360.000000 -844952.875000 792.757485 3.356634 3.289104 16.752621
 36380.000000 -845382.937500 793.314514 3.456311 3.305990 16.792013
 36400.000000 -845935.625000 792.394119 3.458260 3.307839 16.484019
 36420.000000 -845595.625000 793.852389 3.444185 3.562389 16.742136
 36440.000000 -844706.250000 794.395669 3.377136 3.196129 16.406657
 36460.000000 -846447.312500 797.036339 3.454374 3.306989 16.601134
 36480.000000 -845313.000000 794.537977 3.280238 3.292000 16.595546
 36500.000000 -845315.562500 794.379319 3.430210 3.146413 16.414486
 36520.000000 -845668.937500 792.904467 3.246934 3.304167 16.501403
 36540.000000 -845152.750000 793.557306 3.432408 3.283964 16.156962
 36560.000000 -845273.687500 793.221129 3.245462 3.571426 16.388335
 36580.000000 -846058.375000 793.022930 3.648497 3.570779 16.374842
 36600.000000 -843790.812500 794.955063 3.439467 3.624323 16.492326
 36620.000000 -845194.375000 796.265841 3.465109 3.597789 16.503849
 36640.000000 -844665.062500 792.169338 3.325607 3.286309 16.617484
 36660.000000 -845977.937500 793.382827 3.261942 3.408235 16.457235
 36680.000000 -845069.437500 793.982858 3.296106 3.490639 16.411818
 36700.000000 -845637.812500 795.521789 3.256628 3.727854 16.457757
 36720.000000 -845073.125000 796.013448 3.289212 3.428510 16.255642
 36740.000000 -844190.875000 793.957766 3.324679 3.337486 16.195328
 36760.000000 -842395.125000 795.863096 3.515290 3.272466 16.460771
 36780.000000 -844364.000000 797.506597 3.509337 3.499243 16.362755
 36800.000000 -846231.125000 792.234658 3.626545 3.336435 16.549850
 36820.000000 -844658.562500 794.887565 3.364978 3.413458 16.305769
 36840.000000 -843608.625000 795.484862 3.297883 3.408524 16.584502
 36860.000000 -845722.562500 790.745247 3.444172 3.602218 16.534277
 36880.000000 -843878.000000 795.279394 3.519516 3.337956 16.467577
 36900.000000 -844649.187500 794.127092 3.754907 3.341755 16.788693
 36920.000000 -842418.937500 801.349827 3.880697 3.042720 6.229505
 36940.000000 -844038.187500 797.330323 3.760411 2.841553 10.103041
 36960.000000 -845852.500000 796.564759 3.409077 2.783995 12.441995
 36980.000000 -844830.875000 795.646428 3.175472 2.691543 15.274091
 37000.000000 -843051.812500 795.459291 3.261880 3.115342 16.080553
 37020.000000 -844791.062500 797.839498 3.278524 3.581290 16.265872
 37040.000000 -847529.250000 793.199808 3.481357 3.468145 16.383618
 37060.000000 -845337.812500 794.287352 3.331377 3.494624 16.434533
 37080.000000 -844478.937500 794.035274 3.505819 3.543311 16.431201
 37100.000000 -842775.687500 797.890696 3.666404 3.438695 16.389872
 37120.000000 -844326.937500 796.102370 3.341775 3.413334 16.452764
 37140.000000 -843189.187500 793.740816 3.495873 3.348062 16.518307
 37160.000000 -846173.562500 791.616006 3.472823 3.353313 16.487669
 37180.000000 -843403.187500 797.237786 3.281766 3.072678 16.686683
 37200.000000 -843717.312500 796.260840 3.301854 3.413939 16.431807
 37220.000000 -846051.250000 795.256563 3.466443 3.352480 16.348401
 37240.000000 -844072.500000 796.579264 3.252208 3.593291 16.564477
 37260.000000 -843822.187500 794.144233 3.354471 3.822783 16.518972
 37280.000000 -844586.750000 795.327758 3.301404 3.539534 16.566601
 37300.000000 -844813.875000 796.914459 3.416008 3.440162 16.885354
 37320.000000 -844999.375000 794.607947 3.775557 3.474437 16.499410
 37340.000000 -845818.812500 794.264150 3.442378 3.288908 16.438418
 37360.000000 -844126.062500 793.215450 3.584613 3.330672 16.659097
 37380.000000 -845578.687500 792.920856 3.372509 3.361502 16.613904
 37400.000000 -845326.875000 794.392806 3.582805 3.492435 16.455947
 37420.000000 -844703.625000 793.904475 3.328287 3.494129 16.671016
 37440.000000 -846264.500000 791.978685 3.372978 3.346448 16.618939
 37460.000000 -845312.312500 793.467540 3.343027 3.476601 16.638274
 37480.000000 -844474.250000 793.895768 3.315420 3.223048 16.676085
 37500.000000 -846611.375000 795.826292 3.422339 3.453114 16.458907
 37520.000000 -844978.937500 795.024106 3.311807 3.396519 16.539558
 37540.000000 -845765.625000 795.203475 3.284117 3.242895 16.601450
 37560.000000 -846725.437500 793.571541 3.613522 3.380845 16.519109
 37580.000000 -843330.187500 793.711698 3.656319 3.307256 16.638926
 37600.000000 -846927.250000 793.636606 3.460808 3.528111 16.304236
 37620.000000 -844727.625000 795.923767 3.395962 3.469903 16.393620
 37640.000000 -844258.000000 793.970818 3.452292 3.490784 16.461317
 37660.000000 -843476.812500 794.445592 3.504966 3.455227 16.758883
 37680.000000 -846622.375000 796.327014 3.243149 3.644242 16.637438
 37700.000000 -846429.750000 795.256749 3.415837 3.333728 16.557975
 37720.000000 -844611.000000 794.226201 3.457461 3.148401 16.114734
 37740.000000 -846850.437500 793.991481 3.367364 3.106436 16.173017
 37760.000000 -845896.687500 796.275170 3.325761 3.320468 16.514500
 37780.000000 -844859.875000 796.553254 3.368531 3.384357 16.558273
 37800.000000 -844980.875000 794.041237 3.640525 3.595484 16.606797
 37820.000000 -844584.437500 794.296016 3.456257 3.531695 16.500656
 37840.000000 -843810.312500 796.314517 3.659007 3.366696 16.397471
 37860.000000 -846088.312500 796.642443 3.525017 3.144667 16.287728
 37880.000000 -844187.937500 795.590350 3.543349 2.954409 16.589258
 37900.000000 -845430.062500 795.207074 3.558772 3.325344 16.551603
 37920.000000 -844364.562500 796.752435 3.431453 3.300248 16.392785
 37940.000000 -847029.000000 794.373667 3.408707 3.339888 16.483213
 37960.000000 -844597.625000 794.581924 3.349964 3.348848 16.394531
 37980.000000 -844656.062500 796.123724 3.299876 3.295577 16.219239
 38000.000000 -843455.500000 794.199845 3.486009 3.314349 16.472811
 38020.000000 -845015.937500 793.853779 3.574949 3.502887 16.587096
 38040.000000 -845648.937500 793.329666 3.740361 2.916890 16.604766
 38060.000000 -846226.250000 791.892430 3.483573 3.007982 16.835654
 38080.000000 -845258.937500 793.431434 3.285093 3.292140 16.522012
 38100.000000 -845074.375000 795.172487 3.308388 3.422653 16.629186
 38120.000000 -845128.187500 794.519902 3.345589 3.248207 16.402578
 38140.000000 -844826.625000 794.017825 3.232875 3.332125 16.392495
 38160.000000 -844648.312500 794.192912 3.358617 3.396180 16.156711
 38180.000000 -844188.500000 793.595766 3.469568 3.348870 16.209974
 38200.000000 -845470.000000 796.092019 2.986311 3.453670 16.278737
 38220.000000 -845237.312500 794.924749 3.307581 3.298758 16.289116
 38240.000000 -845946.312500 793.664985 3.419156 3.188900 16.627733
 38260.000000 -845438.812500 791.086774 3.652199 3.501804 16.407454
 38280.000000 -844979.875000 794.499311 3.429779 3.418243 16.569641
 38300.000000 -845959.875000 793.164747 3.207477 3.518728 16.581794
 38320.000000 -845126.187500 794.538068 3.539827 3.591830 16.466388
 38340.000000 -846093.500000 793.841995 3.537411 3.691148 16.501451
 38360.000000 -846709.875000 795.974341 3.373656 3.486034 16.406905
 38380.000000 -846065.812500 792.788761 3.274149 3.330801 16.397510
 38400.000000 -844051.937500 795.255103 3.593886 3.303599 16.346685
 38420.000000 -847029.875000 795.926551 3.741077 3.134957 16.623138
 38440.000000 -843487.375000 793.828281 3.402777 3.380674 16.913605
 38460.000000 -844591.250000 794.029445 3.578203 3.400046 16.866568
 38480.000000 -845789.250000 792.426301 3.470830 3.257624 16.545755
 38500.000000 -844909.812500 794.264244 3.635420 3.382680 16.544448
 38520.000000 -845192.562500 792.215130 3.617039 3.480628 16.636979
 38540.000000 -844742.937500 792.361981 3.340754 3.361452 16.292658
 38560.000000 -846645.875000 792.763061 3.436615 3.350968 16.466521
 38580.000000 -843521.187500 793.982007 3.381683 3.727920 16.527692
 38600.000000 -845025.375000 794.966626 3.253106 3.713095 16.545154
 38620.000000 -843372.250000 795.345138 3.606442 3.329942 16.438117
 38640.000000 -845969.125000 793.359452 3.183363 3.196255 16.433560
 38660.000000 -845883.187500 793.419600 3.339964 3.332103 16.328165
 38680.000000 -845701.375000 793.228684 3.730824 3.568346 16.402870
 38700.000000 -844387.187500 795.812210 3.747719 3.304570 16.455517
 38720.000000 -845295.000000 794.160829 3.496173 3.272137 16.580511
 38740.000000 -844852.312500 795.239529 3.402426 3.034345 16.422326
 38760.000000 -844540.187500 793.538435 3.490839 3.417684 16.400005
 38780.000000 -845506.375000 794.434120 3.416347 3.285739 16.476916
 38800.000000 -847354.187500 794.238576 3.585742 3.449813 16.617459
 38820.000000 -844240.625000 794.312471 3.396615 3.291685 16.505059
 38840.000000 -844235.062500 793.166588 3.399304 3.581019 16.424311
 38860.000000 -844145.562500 794.416164 3.444892 3.420768 16.506275
 38880.000000 -844848.562500 794.956233 3.410500 3.121961 16.421545
 38900.000000 -844768.312500 793.377945 3.305087 3.229234 16.340150
 38920.000000 -845770.625000 794.574936 3.373262 3.276698 16.467919
 38940.000000 -844889.062500 794.150104 3.327192 3.560750 16.444135
 38960.000000 -844897.750000 795.512826 3.299410 3.244742 16.388752
 38980.000000 -844916.625000 794.722409 3.460021 3.591252 16.645324
 39000.000000 -844209.062500 794.654257 3.120181 3.455192 16.775712
 39020.000000 -844612.437500 794.642617 3.211104 3.477850 16.893650
 39040.000000 -845228.125000 793.235612 3.252094 3.386380 16.666738
 39060.000000 -845125.250000 795.970155 3.385401 3.308809 16.774153
 39080.000000 -844626.125000 795.762116 3.677321 3.163671 16.670859
 39100.000000 -844688.187500 793.163501 3.635758 3.631956 16.504799
 39120.000000 -845289.750000 794.750072 3.525371 3.536696 16.207500
 39140.000000 -844133.812500 795.931366 3.285315 3.217077 16.339728
 39160.000000 -844290.375000 794.037235 3.538547 3.177841 16.436367
 39180.000000 -845447.812500 796.895750 3.444635 3.392416 16.515926
 39200.000000 -844958.187500 793.702884 3.228913 3.363118 16.656365
 39220.000000 -845164.562500 794.670986 3.895303 3.530110 16.606049
 39240.000000 -847056.000000 794.346657 3.682099 3.466728 16.909935
 39260.000000 -844593.562500 793.660489 3.659919 3.457909 16.482091
 39280.000000 -844428.500000 794.967029 3.365437 3.403300 16.422514
 39300.000000 -844678.000000 795.986801 3.393826 3.460106 16.515521
 39320.000000 -844561.937500 796.862234 3.210504 3.202060 16.623579
 39340.000000 -845352.437500 795.143675 3.251873 3.213519 16.300774
 39360.000000 -845517.000000 793.685588 3.449401 3.386935 16.428635
 39380.000000 -844412.687500 795.364654 3.357025 3.468032 16.424002
 39400.000000 -845730.750000 793.499886 3.530318 3.271193 16.384603
 39420.000000 -843987.687500 795.538305 3.494932 3.456363 16.313268
 39440.000000 -844617.000000 793.465872 3.324416 3.741665 16.564793
 39460.000000 -845047.875000 793.264676 3.560927 3.489575 16.679330
 39480.000000 -844789.687500 794.953836 3.575933 2.947687 16.511326
 39500.000000 -842906.062500 794.908253 3.434451 3.251644 16.481521
 39520.000000 -845677.250000 794.339274 3.633396 3.381287 16.400463
 39540.000000 -844307.687500 798.521173 3.497063 3.411308 16.423310
 39560.000000 -843876.625000 793.884780 3.276805 3.394597 16.395762
 39580.000000 -844135.812500 792.460196 3.561319 3.132697 16.636016
 39600.000000 -845009.937500 793.532502 3.414981 3.134500 16.649033
 39620.000000 -844262.812500 794.271847 3.359253 3.219571 16.594597
 39640.000000 -843502.562500 795.020302 3.257382 3.431915 16.553229
 39660.000000 -844585.062500 795.135868 3.611989 3.274067 16.433962
 39680.000000 -843367.062500 797.189680 3.258361 3.229677 16.299849
 39700.000000 -842708.250000 798.081898 3.287245 3.591418 16.212255
 39720.000000 -845840.062500 794.541535 3.505446 3.465531 16.149491
 39740.000000 -845575.500000 793.010303 3.431267 3.403379 16.506040
 39760.000000 -845382.062500 792.743182 3.110789 3.394200 16.489489
 39780.000000 -844605.437500 794.147714 3.006645 3.246097 16.343093
 39800.000000 -843903.312500 794.581956 3.330015 3.560771 16.593248
 39820.000000 -845572.812500 793.003157 3.250076 3.489459 16.642483
 39840.000000 -845189.250000 794.396049 3.421166 3.620472 16.389688
 39860.000000 -846520.187500 792.886731 3.448629 3.445281 16.404824
 39880.000000 -845485.562500 793.696362 3.384094 3.455098 16.470622
 39900.000000 -846254.312500 793.728410 3.622206 3.330072 16.182868
 39920.000000 -845257.750000 792.692595 3.233427 3.445075 16.369012
 39940.000000 -845130.375000 794.180527 3.468275 3.286238 16.365722
 39960.000000 -845396.687500 795.082661 3.418954 3.400864 16.318053
 39980.000000 -846099.125000 792.994563 3.405705 3.380328 16.339789
 40000.000000 -846420.375000 793.220823 3.413748 3.524401 16.380872
 40020.000000 -845202.562500 792.450474 3.282200 3.107946 16.405869
 40040.000000 -843507.187500 795.469815 3.406814 3.302149 16.503407
 40060.000000 -844455.062500 793.483392 3.581833 3.337217 16.517512
 40080.000000 -845992.000000 794.964343 3.316344 3.244629 16.440468
 40100.000000 -845392.125000 794.450297 3.309235 3.455300 16.434543
 40120.000000 -845906.875000 793.150593 3.513957 3.321127 16.678515
 40140.000000 -844151.625000 792.079858 3.447172 3.313952 16.662755
 40160.000000 -844877.000000 794.314933 3.384992 3.372867 16.625674
 40180.000000 -844269.500000 793.907865 3.411548 3.594457 16.503852
 40200.000000 -846747.562500 793.891549 3.477192 3.423775 16.259107
 40220.000000 -843621.000000 793.536737 3.355884 3.345129 16.338659
 40240.000000 -846450.125000 794.461751 3.392599 3.244158 16.545943
 40260.000000 -845340.937500 793.859992 3.415801 3.435997 16.414548
 40280.000000 -844943.312500 794.781476 3.392175 3.554028 16.192386
 40300.000000 -845553.875000 793.651164 3.501762 3.400658 16.519949
 40320.000000 -844349.125000 794.757944 3.363941 3.505756 16.439922
 40340.000000 -843955.125000 793.663342 3.189294 3.379469 16.590336
 40360.000000 -844959.812500 791.131528 3.277880 3.583797 16.540642
 40380.000000 -844720.937500 794.512697 3.290464 3.353637 16.457502
 40400.000000 -845552.500000 793.321686 3.438743 3.382788 16.756777
 40420.000000 -846049.062500 793.214220 3.345567 3.411419 16.712505
 40440.000000 -844154.375000 794.204529 3.394716 3.072567 16.800071
 40460.000000 -845134.312500 795.350324 3.252641 3.510521 16.491585
 40480.000000 -844319.812500 794.673785 3.441196 3.591084 16.283737
 40500.000000 -845051.312500 791.575000 3.322695 3.348628 16.285036
 40520.000000 -845112.750000 792.445951 3.385695 3.236010 16.289293
 40540.000000 -846452.687500 792.734066 3.480301 3.533193 16.768618
 40560.000000 -846326.312500 793.497492 3.229043 3.337112 16.423033
 40580.000000 -845368.312500 793.768342 3.264351 3.489190 16.542512
 40600.000000 -843464.500000 793.168206 3.347733 3.266503 16.603932
 40620.000000 -845487.625000 791.114388 3.438961 3.433212 16.498594
 40640.000000 -845451.937500 793.967808 3.394714 3.228531 16.429638
 40660.000000 -844391.312500 794.738907 3.345882 3.339456 16.581434
 40680.000000 -845980.500000 792.471007 3.490465 3.499135 16.497521
 40700.000000 -845775.000000 792.066888 3.519867 3.216157 16.597953
 40720.000000 -845401.437500 793.417095 3.508689 3.167949 16.536444
 40740.000000 -845010.875000 792.324663 3.281381 2.996901 16.377397
 40760.000000 -845330.125000 793.078335 3.339052 3.334325 16.351353
 40780.000000 -844989.000000 793.723275 3.307452 3.340447 16.408392
 40800.000000 -845744.625000 794.430013 3.122449 3.287266 16.406943
 40820.000000 -845062.125000 794.965540 3.370810 3.276053 16.327851
 40840.000000 -846494.875000 793.867687 3.509307 3.417659 16.547666
 40860.000000 -844900.562500 793.706617 3.360424 3.282561 16.471172
 40880.000000 -844930.875000 794.665864 3.392071 3.512884 16.310384
 40900.000000 -843630.125000 794.519786 3.496657 3.468416 16.138995
 40920.000000 -844375.500000 793.492488 3.439764 3.478571 16.255836
 40940.000000 -845843.312500 789.997932 3.440769 3.511424 16.693266
 40960.000000 -845023.437500 793.331212 3.233312 3.353435 16.530008
 40980.000000 -846070.375000 794.634094 3.102833 3.255827 16.481246
 41000.000000 -845127.812500 794.381387 3.223537 3.591392 16.551262
 41020.000000 -845448.562500 791.923759 3.367767 3.518200 16.557472
 41040.000000 -844102.062500 793.256457 3.376321 3.490782 16.452527
 41060.000000 -847135.750000 794.255854 3.097996 3.391761 16.724819
 41080.000000 -847767.125000 792.824487 3.495909 3.371133 16.558952
 41100.000000 -845305.062500 795.157181 3.314441 3.366576 16.420156
 41120.000000 -845756.125000 793.301881 3.313745 3.253866 16.647934
 41140.000000 -844929.687500 793.607809 3.454973 3.212032 16.481999
 41160.000000 -845008.187500 792.704692 3.608177 3.356307 16.481748
 41180.000000 -846057.187500 794.568240 3.395386 3.248547 16.710452
 41200.000000 -844837.250000 794.494893 3.405260 3.546337 16.431369
 41220.000000 -845014.500000 792.462145 3.496717 3.100276 16.395238
 41240.000000 -845273.562500 792.937612 3.387233 3.248155 16.671252
 41260.000000 -844499.250000 795.382920 3.274511 3.540788 16.543910
 41280.000000 -843011.250000 795.028348 3.498253 3.443738 16.551100
 41300.000000 -845803.375000 795.485012 3.401226 3.058540 16.302792
 41320.000000 -844618.375000 797.302203 3.081332 3.589497 16.218711
 41340.000000 -845683.187500 795.149037 3.041944 3.712983 16.347885
 41360.000000 -846473.750000 794.353965 3.485332 3.526270 16.294083
 41380.000000 -845227.062500 794.116796 3.634241 3.758956 16.421733
 41400.000000 -846218.812500 793.397413 3.527989 3.151904 16.439895
 41420.000000 -845953.750000 792.995263 3.198666 3.357542 16.328727
 41440.000000 -846894.562500 793.340588 3.281992 3.593441 16.475525
 41460.000000 -845930.875000 792.614289 3.603654 3.378960 16.470283
 41480.000000 -846566.000000 793.400312 3.511361 3.183749 16.473326
 41500.000000 -844506.062500 795.112727 3.346461 3.137991 16.430345
 41520.000000 -845327.250000 794.340992 3.375512 3.435205 16.470204
 41540.000000 -846408.812500 791.391098 3.363331 3.565395 16.504825
 41560.000000 -845377.937500 793.625145 3.173723 3.337863 16.385771
 41580.000000 -846187.625000 794.035921 3.504013 3.444259 16.460800
 41600.000000 -846386.437500 795.336741 3.377622 3.271210 16.430983
 41620.000000 -845767.187500 792.546422 3.381977 3.502143 16.570630
 41640.000000 -847066.062500 792.982099 3.203207 3.402946 16.369475
 41660.000000 -846558.687500 794.163788 3.071744 3.273872 16.245050
 41680.000000 -846431.687500 792.272904 3.284926 3.657400 16.061440
 41700.000000 -844929.312500 796.909930 3.515560 3.421800 16.252522
 41720.000000 -844384.937500 794.664048 3.411085 3.354233 16.487094
 41740.000000 -844642.062500 795.632307 3.282532 3.271982 16.610059
 41760.000000 -844444.250000 796.468772 3.282789 3.294135 16.630801
 41780.000000 -845445.750000 794.311805 3.088334 3.790057 16.357945
 41800.000000 -846556.687500 793.951963 3.442892 3.675506 16.491836
 41820.000000 -845823.250000 794.877914 3.546073 3.435176 16.696039
 41840.000000 -845758.500000 794.503118 3.345173 3.486449 16.572259
 41860.000000 -845639.687500 794.548764 3.517680 3.646329 16.479552
 41880.000000 -843896.937500 795.890494 3.475942 3.452215 16.310830
 41900.000000 -843781.437500 795.161138 3.637680 3.222097 16.258304
 41920.000000 -844689.500000 794.033048 3.560919 3.359246 16.272891
 41940.000000 -845681.937500 794.539305 3.249090 3.320098 16.467720
 41960.000000 -845293.062500 793.021583 3.366311 3.277866 16.601206
 41980.000000 -845036.187500 791.384245 3.336394 3.585332 16.595986
 42000.000000 -844544.375000 794.186660 3.240740 3.495053 16.463285
 42020.000000 -845414.750000 792.742693 3.113384 3.598440 16.454637
 42040.000000 -846104.250000 793.880521 3.130605 3.420858 16.430699
 42060.000000 -844849.250000 792.459846 3.287963 3.594274 16.290942
 42080.000000 -844239.750000 796.957512 3.634417 3.284726 16.193989
 42100.000000 -843713.375000 794.327372 3.509817 3.429598 16.215093
 42120.000000 -844733.812500 791.098293 3.470847 3.435828 16.743626
 42140.000000 -842934.062500 796.669644 3.276064 3.421438 16.356515
 42160.000000 -844098.187500 795.149969 3.465272 3.392070 15.978140
 42180.000000 -844362.812500 793.992619 3.636174 3.247461 16.066215
 42200.000000 -845669.562500 794.373364 3.508736 3.403866 16.267723
 42220.000000 -845904.125000 795.817419 3.728671 3.406995 16.479305
 42240.000000 -844888.187500 794.550125 3.817834 3.441111 16.455271
 42260.000000 -844564.312500 795.509005 3.693612 3.511340 16.314032
 42280.000000 -842195.687500 793.955802 3.494827 3.320610 16.394871
 42300.000000 -845044.062500 791.690492 3.405149 3.341691 16.508706
 42320.000000 -843473.437500 794.588879 3.432264 3.231266 16.395139
 42340.000000 -843991.250000 795.531907 3.340564 3.208104 16.197998
 42360.000000 -844678.625000 793.415926 3.222808 3.269882 16.403580
 42380.000000 -845371.812500 793.617391 3.551953 3.249149 16.377142
 42400.000000 -844755.625000 793.602963 3.403460 3.749587 16.466419
 42420.000000 -844479.875000 793.855194 3.315067 3.439596 16.456311
 42440.000000 -844360.187500 792.631499 3.253813 3.429702 16.838908
 42460.000000 -845608.437500 793.250190 3.563240 3.227518 16.610685
 42480.000000 -844825.187500 792.410653 3.308589 3.503697 16.481294
 42500.000000 -845734.187500 793.812294 3.288887 3.535148 16.650020
 42520.000000 -844345.375000 797.104332 3.254329 3.626314 16.590179
 42540.000000 -844326.000000 794.160557 3.191359 3.622378 16.470149
 42560.000000 -842679.562500 794.200642 3.343800 3.666389 16.488245
 42580.000000 -842785.375000 796.464394 3.324733 3.299384 16.553700
 42600.000000 -844149.062500 791.647374 3.279691 3.268342 16.505299
 42620.000000 -846279.562500 792.699947 3.455239 3.441260 16.401539
 42640.000000 -845231.875000 793.726626 3.435235 3.457349 16.486754
 42660.000000 -843758.625000 794.337864 3.484656 3.499834 16.553380
 42680.000000 -845245.125000 792.924936 3.283417 3.610626 16.391977
 42700.000000 -843534.937500 794.164590 3.472468 3.507454 16.240535
 42720.000000 -844349.875000 792.743793 3.411699 3.394780 16.478808
 42740.000000 -843605.187500 794.264601 3.387366 3.226203 16.728606
 42760.000000 -845231.562500 796.381861 3.353184 3.370772 16.588375
 42780.000000 -845682.312500 794.328360 3.223117 3.409451 16.578867
 42800.000000 -844868.625000 793.727728 3.534652 3.331964 16.447105
 42820.000000 -844746.187500 795.863608 3.295470 3.272609 16.552169
 42840.000000 -844517.625000 794.401134 3.648522 3.324512 16.640331
 42860.000000 -845647.312500 792.748984 3.578386 3.505042 16.469795
 42880.000000 -845311.125000 794.605264 3.443975 3.773783 16.837777
 42900.000000 -844784.312500 793.963824 3.541579 3.524178 16.597381
 42920.000000 -844931.250000 794.989588 3.573935 3.528225 16.563291
 42940.000000 -843411.000000 795.708436 3.382549 3.413222 16.662447
 42960.000000 -845556.187500 795.504712 3.416946 3.870715 16.674780
 42980.000000 -846659.187500 793.315740 3.242673 3.636418 16.488760
 43000.000000 -845026.812500 793.504569 3.190036 3.636921 16.685617
 43020.000000 -845630.875000 791.146270 3.096640 3.492372 16.514194
 43040.000000 -846244.187500 793.382448 3.446024 3.740801 16.348159
 43060.000000 -845073.562500 793.477696 3.503216 3.401049 16.689556
 43080.000000 -845569.062500 792.686482 3.501338 3.846546 16.636022
 43100.000000 -845018.312500 790.016781 3.445081 3.291340 16.526193
 43120.000000 -845991.062500 793.763875 3.348175 3.577198 16.471659
 43140.000000 -844584.500000 794.100262 3.388809 3.561632 16.512735
 43160.000000 -845870.500000 793.439493 3.264616 3.482688 16.482457
 43180.000000 -845713.312500 790.780608 3.348416 3.319399 16.265003
 43200.000000 -846399.187500 794.776392 3.538158 3.460163 16.544852
 43220.000000 -844531.875000 794.294314 3.568870 3.296076 16.502230
 43240.000000 -845587.250000 796.899330 3.507909 3.342992 16.484364
 43260.000000 -846100.625000 795.711220 3.291862 3.484460 16.793980
 43280.000000 -843823.062500 793.909853 3.518872 3.333963 16.529290
 43300.000000 -844824.187500 796.469537 3.173729 3.292621 16.636837
 43320.000000 -844494.625000 796.059559 3.349984 3.526721 16.626217
 43340.000000 -845770.312500 795.219170 3.502532 3.448033 16.476160
 43360.000000 -843442.750000 792.892571 3.215333 3.190862 16.558613
 43380.000000 -845946.500000 793.391720 3.162121 3.542645 16.722738
 43400.000000 -845057.937500 793.625220 3.374043 3.596270 16.319276
 43420.000000 -845539.062500 794.698511 3.413031 3.490428 16.482106
 43440.000000 -846773.750000 794.799103 3.619542 3.089774 16.488814
 43460.000000 -846429.687500 794.905936 3.506476 3.387345 16.400913
 43480.000000 -844706.125000 793.704653 3.357241 3.287153 16.501109
 43500.000000 -845149.375000 795.996281 3.203316 3.172246 16.695075
 43520.000000 -841789.625000 799.632315 3.446193 3.443566 16.656125
 43540.000000 -846019.437500 792.659404 3.321000 3.484374 16.663531
 43560.000000 -845477.500000 794.652727 3.410158 3.385505 16.639905
 43580.000000 -846592.375000 795.079536 3.547413 3.524880 16.728228
 43600.000000 -845754.812500 790.065073 3.406293 3.538138 16.742912
 43620.000000 -843446.750000 796.310980 3.357669 3.328204 16.650600
 43640.000000 -844655.625000 795.750703 3.645226 3.205706 16.534288
 43660.000000 -844109.250000 795.625388 3.574494 3.280481 16.576680
 43680.000000 -844856.375000 796.772105 3.459568 3.297778 16.399376
 43700.000000 -842419.000000 796.547376 3.441605 3.352905 16.761271
 43720.000000 -841264.500000 800.276054 4.245240 3.516414 9.432237
 43740.000000 -841939.062500 800.435418 4.058932 3.590982 11.185848
 43760.000000 -843515.062500 795.151966 4.007786 3.136337 13.353940
 43780.000000 -842725.000000 795.980232 3.942330 3.386297 15.325203
 43800.000000 -844050.062500 794.018783 3.880704 3.238259 15.896980
 43820.000000 -845251.687500 794.825697 3.534043 3.327145 16.162643
 43840.000000 -843003.187500 797.808245 3.375512 3.367586 16.527646
 43860.000000 -846471.625000 792.646432 3.609678 3.410386 16.409741
 43880.000000 -846044.312500 793.428034 3.373722 3.374255 16.475601
 43900.000000 -845985.812500 795.509479 3.423413 3.450223 16.757684
 43920.000000 -845088.812500 793.224063 3.206274 3.309342 16.131239
 43940.000000 -845144.187500 794.225025 3.621521 3.446723 16.179548
 43960.000000 -843310.312500 793.808567 3.580351 3.382605 16.141770
 43980.000000 -844785.250000 792.485248 3.476827 3.477332 16.605837
 44000.000000 -845133.625000 794.933124 3.347217 3.203130 16.214503
 44020.000000 -843587.937500 795.457909 3.221518 3.461197 16.113842
 44040.000000 -843959.250000 795.785205 3.131635 3.654728 16.468196
 44060.000000 -847404.062500 793.128373 3.238680 3.729949 16.427696
 44080.000000 -846385.250000 794.310458 3.413622 3.491025 16.468545
 44100.000000 -843282.187500 792.962914 3.213248 3.317564 16.318005
 44120.000000 -845442.812500 794.306631 3.148070 3.790847 16.198508
 44140.000000 -844604.437500 794.797013 3.310759 3.469272 16.431839
 44160.000000 -846421.437500 793.082906 3.291612 3.603258 16.317993
 44180.000000 -844390.812500 794.345866 3.201288 3.441969 16.636954
 44200.000000 -844030.125000 793.151768 3.267097 3.159786 16.564630
 44220.000000 -843462.875000 794.838641 3.181507 3.254040 16.474425
 44240.000000 -846139.437500 793.784969 3.238174 3.291989 16.292760
 44260.000000 -846302.875000 794.494199 3.299574 3.549164 16.358684
 44280.000000 -843973.125000 794.261660 3.493332 3.471574 16.493917
 44300.000000 -846310.062500 792.735874 3.296198 3.601439 16.719273
 44320.000000 -846864.687500 791.866240 3.236047 3.245098 16.654411
 44340.000000 -845911.000000 791.823809 3.561167 3.478618 16.580737
 44360.000000 -844912.562500 795.752481 3.263373 3.551149 16.480058
 44380.000000 -844545.750000 794.165352 3.283230 3.442116 16.411313
 44400.000000 -844214.062500 794.924778 3.034011 3.581979 16.333603
 44420.000000 -844165.375000 794.439968 3.484736 3.570155 16.560742
 44440.000000 -845964.562500 789.936415 3.490101 3.586462 16.534348
 44460.000000 -842419.125000 793.942297 3.480066 3.702736 16.557692
 44480.000000 -845161.312500 792.397855 3.267732 3.501987 16.573172
 44500.000000 -846640.937500 791.293576 3.489426 3.626894 16.621044
 44520.000000 -844621.937500 792.299333 3.077462 3.301780 16.482001
 44540.000000 -846041.687500 793.060870 2.958671 3.372675 16.343891
 44560.000000 -844755.625000 797.711027 3.609257 3.380609 16.448554
 44580.000000 -844791.500000 795.551766 3.498673 3.686622 16.374750
 44600.000000 -845282.250000 796.489796 3.618703 3.446278 16.217574
 44620.000000 -848031.750000 794.916365 3.539759 3.604906 16.512343
 44640.000000 -845438.687500 794.762497 3.491184 3.380262 16.495881
 44660.000000 -843196.312500 793.962410 3.289036 3.382590 16.404052
 44680.000000 -843499.937500 794.437300 3.496693 3.438210 16.329335
 44700.000000 -843667.312500 795.849156 3.177342 3.373568 16.640923
 44720.000000 -844947.562500 795.175421 3.219695 3.572227 16.461261
 44740.000000 -846221.125000 794.984579 3.320573 3.419351 16.339669
 44760.000000 -844885.125000 793.513931 3.249609 3.571662 16.559854
 44780.000000 -845452.562500 794.609469 3.299929 3.599658 16.223618
 44800.000000 -845381.812500 793.375803 3.443203 3.466026 16.462950
 44820.000000 -845586.375000 790.780837 3.282228 3.353663 16.475932
 44840.000000 -846326.812500 792.951666 3.121149 3.653628 16.154983
 44860.000000 -844239.000000 795.167435 3.440652 3.553285 16.348470
 44880.000000 -844079.875000 795.894674 3.437049 3.469466 16.319221
 44900.000000 -845019.687500 794.522979 3.628970 3.510784 16.602173
 44920.000000 -844103.187500 793.084237 3.450097 3.589654 16.520802
 44940.000000 -844792.250000 792.627789 3.335868 3.560249 16.202701
 44960.000000 -844691.875000 793.604910 3.191735 3.501736 16.199383
 44980.000000 -844455.937500 793.431903 3.236151 3.622647 16.480175
 45000.000000 -845591.625000 791.493952 3.387026 3.358589 16.787729
 45020.000000 -846207.125000 792.136711 3.589445 3.193392 16.916029
 45040.000000 -841691.250000 803.242534 2.996026 3.983690 6.834625
 45060.000000 -843396.937500 797.523973 2.802691 4.146624 10.915700
 45080.000000 -845433.500000 795.155599 2.880864 3.831934 14.198383
 45100.000000 -844475.562500 793.257888 3.022977 3.543652 15.634021
 45120.000000 -843396.250000 794.727931 3.276016 3.543893 16.094123
 45140.000000 -844721.312500 793.419107 3.317910 3.284773 16.583259
 45160.000000 -845303.000000 791.786827 3.299274 3.394193 16.387156
 45180.000000 -845210.437500 793.546415 3.201943 3.397169 16.390229
 45200.000000 -846024.750000 792.873559 3.408322 3.448523 16.244899
 45220.000000 -844756.562500 795.658960 3.398507 3.381025 16.324724
 45240.000000 -844785.062500 794.625345 3.234594 3.516021 16.434369
 45260.000000 -845272.500000 793.741003 3.408224 3.555473 16.546377
 45280.000000 -846517.750000 791.279971 3.528916 3.359669 16.467924
 45300.000000 -844254.000000 793.953793 3.439923 3.426767 16.338201
 45320.000000 -845143.187500 794.200010 3.471008 3.436545 16.326467
 45340.000000 -845559.625000 793.103071 3.441351 3.351407 16.529833
 45360.000000 -844121.437500 791.743364 3.393166 3.467866 16.398663
 45380.000000 -844694.187500 794.013485 3.641852 3.616320 16.332157
 45400.000000 -845554.562500 793.792006 3.584016 3.447979 16.393249
 45420.000000 -843422.187500 796.715518 3.513668 3.303861 16.663261
 45440.000000 -843862.437500 795.141474 3.343345 3.313673 16.634120
 45460.000000 -844751.312500 792.489830 3.049831 3.603003 16.464526
 45480.000000 -844349.812500 793.421293 3.401079 3.132200 16.469309
 45500.000000 -846099.625000 793.664523 3.470328 3.474884 16.563687
 45520.000000 -845714.937500 796.511722 3.499027 3.298199 16.512083
 45540.000000 -844288.062500 792.783668 3.443113 3.529451 16.470896
 45560.000000 -843553.875000 794.942693 3.289208 3.573033 16.591665
 45580.000000 -843747.125000 793.836499 3.332191 3.443682 16.517999
 45600.000000 -844859.687500 794.607611 3.449717 3.441493 16.281762
 45620.000000 -845556.500000 793.993545 3.192618 3.135197 16.304725
 45640.000000 -844270.375000 795.852603 3.274555 3.233671 16.390209
 45660.000000 -843716.375000 795.669753 3.379923 3.195316 16.445457
 45680.000000 -844341.187500 794.495869 3.229814 3.122904 16.425547
 45700.000000 -842908.500000 796.732034 3.576450 3.319262 16.541349
 45720.000000 -847647.125000 792.606850 3.441275 3.425130 16.292552
 45740.000000 -845454.375000 793.182834 3.390897 3.281634 16.231141
 45760.000000 -845668.937500 793.288880 3.378832 3.556556 16.306661
 45780.000000 -845389.562500 794.223902 3.514399 3.439309 16.540950
 45800.000000 -846119.937500 791.950589 3.415125 3.698998 16.394699
 45820.000000 -844272.062500 793.425769 3.577045 3.616296 16.587918
 45840.000000 -846128.000000 794.371861 3.445357 3.534636 16.339607
 45860.000000 -843458.875000 796.067867 3.503835 3.715294 16.629433
 45880.000000 -844538.250000 793.774097 3.443300 3.425268 16.636165
 45900.000000 -844819.437500 796.157627 3.245268 3.414103 16.604262
 45920.000000 -845855.375000 792.405291 3.271522 3.432121 16.764966
 45940.000000 -844642.937500 793.099399 3.542590 3.405834 16.664173
 45960.000000 -845426.125000 793.661575 3.547932 3.374462 16.885936
 45980.000000 -845291.437500 793.445554 3.345453 3.328798 16.639087
 46000.000000 -845601.687500 792.273121 3.523344 3.298630 16.453084
 46020.000000 -844842.250000 795.305484 3.481047 3.186288 16.461648
 46040.000000 -843941.562500 792.431344 3.693031 3.276412 16.451642
 46060.000000 -845080.187500 793.422928 3.501294 3.493591 16.303220
 46080.000000 -844927.375000 792.465004 3.390981 3.558274 16.254051
 46100.000000 -845198.750000 791.439624 3.353532 3.512844 16.388215
 46120.000000 -844931.000000 794.254961 3.609568 3.237512 16.536464
 46140.000000 -845398.437500 792.793193 3.344626 3.521412 16.591368
 46160.000000 -843439.937500 793.427952 3.377149 3.505152 16.685524
 46180.000000 -844888.875000 793.559733 3.284876 3.225549 16.439717
 46200.000000 -845957.687500 794.395464 3.651877 3.308099 16.511236
 46220.000000 -844162.187500 795.286151 3.420974 3.263803 16.519502
 46240.000000 -844763.250000 793.729535 3.214776 3.325778 16.556260
 46260.000000 -844067.937500 794.361108 3.262659 3.377404 16.530202
 46280.000000 -843531.250000 795.921578 3.199905 3.649863 16.614803
 46300.000000 -843569.062500 797.436065 3.091657 3.421515 16.338343
 46320.000000 -843587.562500 794.726970 3.291231 3.368251 16.357814
 46340.000000 -843377.062500 795.466789 3.242468 3.610314 16.140373
 46360.000000 -844730.812500 793.711404 3.294473 3.497220 16.720074
 46380.000000 -844219.687500 794.701451 3.407547 3.743054 16.403921
 46400.000000 -846014.000000 792.161212 3.327362 3.477081 16.257052
 46420.000000 -844882.437500 793.729137 3.473146 3.406375 16.359267
 46440.000000 -844509.750000 794.108850 3.323666 3.517199 16.463631
 46460.000000 -843878.187500 794.527178 3.305275 3.422080 16.607911
 46480.000000 -845532.625000 792.620685 3.338316 3.670495 16.343608
 46500.000000 -846159.187500 793.465684 3.514269 3.616183 16.343740
 46520.000000 -846221.312500 793.480714 3.431563 3.222072 16.791918
 46540.000000 -844445.562500 794.232346 3.503572 3.426829 16.500795
 46560.000000 -845349.375000 793.178882 3.578644 3.391315 16.315249
 46580.000000 -845639.375000 793.055575 3.294376 3.250002 16.400411
 46600.000000 -845992.250000 794.468054 3.399066 3.688107 16.419111
 46620.000000 -846040.625000 795.121183 3.532390 3.829089 16.360417
 46640.000000 -845023.625000 798.501796 3.237508 3.784004 16.278612
 46660.000000 -844408.125000 794.431089 3.278697 3.396251 16.649292
 46680.000000 -842945.500000 798.162400 3.563790 3.472025 16.495332
 46700.000000 -843673.687500 794.914126 3.457757 3.550919 16.228607
 46720.000000 -846072.500000 794.776123 3.303454 3.348542 16.672972
 46740.000000 -843728.562500 794.436990 3.118052 3.396553 16.703782
 46760.000000 -843903.187500 794.779673 3.143559 3.213438 16.589118
 46780.000000 -845076.687500 794.305083 3.249333 3.369122 16.592964
 46800.000000 -846089.125000 795.224575 3.417261 3.587755 16.657447
 46820.000000 -845944.062500 793.344758 3.308020 3.331061 16.761761
 46840.000000 -844719.062500 795.799810 3.394840 3.271981 16.427907
 46860.000000 -845449.687500 794.939256 3.405661 3.309673 16.590250
 46880.000000 -845406.937500 794.214778 3.377006 3.517344 16.513373
 46900.000000 -845136.812500 793.608091 3.353647 3.644215 16.683483
 46920.000000 -844892.625000 794.757836 3.838627 3.442240 16.469309
 46940.000000 -846064.437500 796.437936 3.602465 3.544854 16.563358
 46960.000000 -846001.062500 792.312404 3.696567 3.522560 16.431693
 46980.000000 -845970.562500 793.404112 3.459820 3.589836 16.405074
 47000.000000 -846408.375000 794.052398 3.346267 3.412928 16.423152
 47020.000000 -845772.750000 794.559487 3.463115 3.578016 16.169002
 47040.000000 -845382.937500 791.929800 3.682379 3.320172 16.408908
 47060.000000 -845697.750000 794.543060 3.619510 3.466413 16.638517
 47080.000000 -842909.937500 796.066026 3.344462 3.239049 16.265181
 47100.000000 -844056.250000 795.127186 3.280927 3.552212 16.509603
 47120.000000 -843866.187500 795.386060 3.510484 3.396413 16.595310
 47140.000000 -845534.312500 793.977183 3.479633 3.591175 16.769270
 47160.000000 -845519.687500 795.934220 3.603913 3.733422 16.697332
 47180.000000 -843474.000000 793.716137 3.306578 3.579857 16.657928
 47200.000000 -844875.875000 795.474292 3.405449 3.700785 16.636460
 47220.000000 -845203.125000 792.833162 3.600720 3.569374 16.419503
 47240.000000 -845784.250000 793.420505 3.192733 3.735423 16.410544
 47260.000000 -843568.750000 796.705043 3.403570 3.419101 16.540843
 47280.000000 -842076.000000 795.384000 3.333494 3.589579 16.444162
 47300.000000 -844715.000000 794.471042 3.260751 3.790197 16.350907
 47320.000000 -843472.375000 796.849046 3.275280 3.631745 16.593709
 47340.000000 -845720.750000 794.530514 3.120655 3.595843 16.558551
 47360.000000 -843538.875000 796.354273 3.257552 3.387882 16.394166
 47380.000000 -846165.937500 793.691634 3.545184 3.494075 16.632331
 47400.000000 -841700.437500 800.655228 2.718579 3.285804 8.620741
 47420.000000 -843180.687500 800.461919 3.001566 3.309312 11.282768
 47440.000000 -844798.687500 796.711572 3.201910 3.267443 13.649829
 47460.000000 -845714.125000 794.026208 3.535324 3.265183 15.337304
 47480.000000 -846503.625000 794.990144 3.132027 3.461627 16.045037
 47500.000000 -845507.375000 795.272586 3.288977 3.243734 16.099573
 47520.000000 -842306.000000 795.551681 3.351680 3.498146 16.467614
 47540.000000 -845160.625000 795.439132 3.377015 3.443116 16.403300
 47560.000000 -845901.687500 794.955372 3.454281 3.436994 16.464176
 47580.000000 -844086.125000 796.116463 3.629064 3.540405 16.370976
 47600.000000 -844312.500000 795.316441 3.545882 3.496979 16.576403
 47620.000000 -846510.312500 792.058251 3.379832 3.601876 16.814298
 47640.000000 -845561.375000 795.165718 3.295472 3.434449 16.900207
 47660.000000 -846669.437500 794.002207 3.302700 3.390232 16.325911
 47680.000000 -845190.000000 797.009377 3.381355 3.426234 16.394311
 47700.000000 -844750.937500 794.617797 3.245102 3.446181 16.275384
 47720.000000 -844833.125000 792.944522 3.378785 3.322761 16.340496
 47740.000000 -844913.187500 796.418639 3.296904 3.353929 16.634041
 47760.000000 -846801.000000 793.633290 3.275888 3.153918 16.650563
 47780.000000 -844378.062500 793.663530 3.356327 3.243254 16.270296
 47800.000000 -846298.250000 792.257134 3.292864 3.374165 16.634151
 47820.000000 -842922.937500 792.095400 3.384863 3.437787 16.940946
 47840.000000 -846671.250000 792.934038 3.326102 3.444111 16.716024
 47860.000000 -847248.687500 791.716138 3.380370 3.589832 16.538144
 47880.000000 -846833.250000 792.772812 3.461230 3.287371 16.543884
 47900.000000 -844120.562500 796.050453 3.322916 3.356047 16.385399
 47920.000000 -843445.250000 794.042831 3.383863 3.356183 16.372942
 47940.000000 -844586.625000 795.612750 3.493662 3.302546 16.267801
 47960.000000 -844434.187500 795.094193 3.339850 3.466092 16.508319
 47980.000000 -844355.750000 795.680470 3.263127 3.136303 16.524847
 48000.000000 -844575.937500 794.274357 3.300776 3.477173 16.477640
 48020.000000 -845036.125000 795.568316 3.333142 3.360636 16.529110
 48040.000000 -843188.875000 795.028108 3.533089 3.360362 16.549261
 48060.000000 -845404.562500 793.565868 3.445332 3.585972 16.346904
 48080.000000 -846799.500000 795.105032 3.457326 3.221122 16.639119
 48100.000000 -844955.812500 793.574062 3.332419 3.274100 16.631038
 48120.000000 -844307.625000 794.468065 3.234859 3.235497 16.673224
 48140.000000 -845687.125000 794.755238 3.269096 3.461487 16.711893
 48160.000000 -844083.000000 801.099839 2.878330 3.526381 9.292321
 48180.000000 -840458.437500 800.515375 3.521575 3.408756 12.767549
 48200.000000 -844251.500000 796.056144 3.519044 3.150104 15.222511
 48220.000000 -844091.187500 796.456522 3.164255 3.238859 16.315610
 48240.000000 -844884.437500 792.858823 3.363938 3.229754 16.475619
 48260.000000 -845376.437500 789.602986 3.792273 3.235392 16.534501
 48280.000000 -843603.687500 794.049112 3.662914 3.204206 16.680959
 48300.000000 -846025.375000 794.058051 3.591068 2.962929 16.266086
 48320.000000 -846859.625000 790.753533 3.509537 3.412071 15.970478
 48340.000000 -843458.375000 793.432188 3.326483 3.429697 16.642045
 48360.000000 -846493.312500 793.582416 3.384122 3.672854 16.634581
 48380.000000 -843683.937500 795.283281 3.105393 3.314013 16.704598
 48400.000000 -844763.750000 795.304705 3.096206 3.080630 16.465093
 48420.000000 -844971.000000 794.388124 3.123844 3.714864 16.532326
 48440.000000 -843611.500000 795.527584 3.209205 3.402023 16.350810
 48460.000000 -845202.312500 793.447957 3.459284 3.604063 16.493533
 48480.000000 -844934.000000 792.882291 3.376864 3.670148 16.542185
 48500.000000 -843955.312500 796.717399 3.175907 3.325119 16.490291
 48520.000000 -845968.312500 792.740733 3.171680 3.166873 16.423344
 48540.000000 -843543.812500 795.420260 3.501284 3.401855 16.246951
 48560.000000 -844645.812500 793.602231 3.246357 3.090580 16.465598
 48580.000000 -845199.000000 793.818866 3.384462 3.369262 16.589783
 48600.000000 -844329.625000 793.573610 3.583748 3.452627 16.658579
 48620.000000 -844002.812500 795.329915 3.464571 3.099446 16.613946
 48640.000000 -845500.250000 792.322894 3.417786 3.130365 16.510649
 48660.000000 -845109.187500 793.112416 3.667272 3.087240 16.415595
 48680.000000 -844310.062500 794.829410 3.664388 3.458689 16.536103
 48700.000000 -844721.062500 795.191627 3.591254 3.197253 16.533199
 48720.000000 -842533.562500 795.833128 3.530999 3.319787 16.272854
 48740.000000 -844284.062500 797.333014 3.471171 3.035597 16.346885
 48760.000000 -843861.437500 794.578461 3.551482 3.211105 16.430776
 48780.000000 -844559.125000 793.248738 3.489024 3.314907 16.476091
 48800.000000 -846525.500000 794.896909 3.402693 2.924609 16.455187
 48820.000000 -845744.750000 793.361778 3.200595 3.126607 16.495611
 48840.000000 -843840.062500 795.120290 3.320273 3.237089 16.236169
 48860.000000 -845928.062500 796.166002 3.318593 3.567503 16.249952
 48880.000000 -843976.812500 794.114980 3.441809 3.610067 16.264961
 48900.000000 -843802.187500 794.265361 3.460953 3.512979 16.313079
 48920.000000 -844434.000000 791.983810 3.675433 3.278753 16.252868
 48940.000000 -845540.375000 794.701189 3.419024 3.248730 16.782144
 48960.000000 -845797.812500 790.114799 3.316974 3.523005 16.512961
 48980.000000 -846093.187500 795.659905 3.170472 3.516543 16.544556
 49000.000000 -844384.750000 793.862051 3.291824 3.573340 16.634663
 49020.000000 -844756.750000 794.930566 3.103274 3.186746 16.812597
 49040.000000 -844070.812500 796.136521 3.235192 3.524598 16.675845
 49060.000000 -845065.125000 795.550117 3.322814 3.529649 16.922652
 49080.000000 -845352.750000 795.219440 3.560448 3.651961 16.732694
 49100.000000 -844639.375000 794.051750 3.487513 3.614872 16.660230
 49120.000000 -845843.750000 794.600550 3.345342 3.418527 16.555216
 49140.000000 -843609.187500 794.090313 3.624790 3.267694 16.439579
 49160.000000 -845251.000000 794.565911 3.267010 3.155732 16.557225
 49180.000000 -845517.000000 794.782468 3.436185 3.126426 16.582887
 49200.000000 -846439.250000 793.064521 3.435670 3.235207 16.649026
 49220.000000 -844163.375000 797.207006 3.297286 3.218659 16.474785
 49240.000000 -844527.125000 793.705709 3.237082 3.255824 16.675657
 49260.000000 -843809.125000 791.845649 3.313643 3.489531 16.627282
 49280.000000 -844308.187500 797.119524 3.461487 3.477045 16.618655
 49300.000000 -844228.812500 794.832036 3.516902 3.202910 16.544576
 49320.000000 -845151.000000 793.969148 3.626414 3.268052 16.525984
 49340.000000 -843376.187500 798.693889 3.447566 3.507140 16.690004
 49360.000000 -844763.625000 792.309296 3.161299 3.400370 16.413101
 49380.000000 -846539.812500 793.435670 3.100104 3.462001 16.019866
 49400.000000 -845328.500000 793.885125 3.368537 3.390379 16.017815
 49420.000000 -847230.000000 791.602514 3.587567 3.513514 16.177244
 49440.000000 -845606.937500 794.545101 3.381375 3.273306 16.232109
 49460.000000 -843103.062500 795.757073 3.338070 3.186224 16.348008
 49480.000000 -845043.312500 794.945917 3.259981 3.151772 16.506564
 49500.000000 -844826.687500 794.451232 3.635590 3.710437 16.510191
 49520.000000 -846113.562500 793.663126 3.711897 3.726562 16.484718
 49540.000000 -845749.437500 794.285577 3.146231 3.589720 16.542078
 49560.000000 -844408.062500 797.101084 3.415788 3.414416 16.489512
 49580.000000 -846024.812500 793.211436 3.221503 3.601485 16.528121
 49600.000000 -846661.875000 792.068119 3.012145 3.661927 16.531480
 49620.000000 -846323.687500 792.744413 3.384417 3.239540 16.655771
 49640.000000 -845509.687500 795.266011 3.527539 3.215974 16.429052
 49660.000000 -844574.812500 796.366675 3.577241 3.384205 16.420570
 49680.000000 -844459.812500 794.159677 3.392422 3.475816 16.735141
 49700.000000 -845268.000000 794.012582 3.464218 3.117601 16.622147
 49720.000000 -845732.187500 791.772096 3.410157 3.211200 16.500466
 49740.000000 -846438.937500 793.156576 3.377225 3.122651 16.684522
 49760.000000 -844120.812500 795.834428 3.663112 3.187109 16.573852
 49780.000000 -843684.812500 793.132308 3.803319 3.102626 16.433386
 49800.000000 -847236.875000 793.949650 3.482479 3.143643 16.338332
 49820.000000 -844424.125000 795.226318 3.533617 3.352499 16.588885
 49840.000000 -845995.375000 794.190721 3.482551 3.095500 16.440858
 49860.000000 -844411.062500 792.145382 3.476903 3.052611 16.570480
 49880.000000 -844984.812500 794.667825 3.478451 3.241753 16.384544
 49900.000000 -845612.562500 793.389088 3.275135 3.072362 16.389961
 49920.000000 -845884.812500 791.344633 3.445661 3.024081 16.291635
 49940.000000 -845219.187500 796.525365 3.390991 3.278120 16.604112
 49960.000000 -846846.125000 793.204680 3.357011 3.219366 16.503651
 49980.000000 -844773.062500 794.489213 3.610067 3.306963 16.532805
 50000.000000 -846855.250000 791.611009 3.461497 3.544207 16.503317
 50020.000000 -844883.750000 792.671660 3.270161 3.177738 16.357973
 50040.000000 -843663.500000 794.470389 3.338608 3.169487 16.311838
 50060.000000 -845250.125000 793.259650 3.189425 3.272704 16.343765
 50080.000000 -843385.000000 795.284480 3.023559 3.409215 16.420599
 50100.000000 -844225.187500 798.020093 3.336619 3.258302 16.727355
 50120.000000 -845091.437500 795.123758 3.538972 3.374193 16.644319
 50140.000000 -843966.312500 793.024522 3.400993 3.426416 16.987615
 50160.000000 -846561.500000 790.880237 3.245426 3.487873 16.681430
 50180.000000 -843878.250000 795.435348 3.337300 3.604654 16.503524
 50200.000000 -844199.875000 796.258204 3.313264 3.508430 16.449125
 50220.000000 -844312.375000 793.683268 3.516854 3.437989 16.475313
 50240.000000 -845743.875000 793.631335 3.550644 2.897713 16.407738
 50260.000000 -844421.437500 792.293601 3.491413 2.817616 16.604554
 50280.000000 -845143.625000 795.645995 3.474692 3.251232 16.322986
 50300.000000 -843867.250000 796.056807 3.609628 3.684976 16.418408
 50320.000000 -846346.875000 793.545032 3.581682 3.563556 16.309877
 50340.000000 -843238.750000 796.515721 3.615487 3.331110 16.370688
 50360.000000 -844570.562500 793.364069 3.628786 3.261438 16.468982
 50380.000000 -846461.125000 792.364487 3.527822 3.266374 16.376951
 50400.000000 -844805.437500 792.550351 3.327141 3.264899 16.514721
 50420.000000 -845726.812500 792.395585 3.233208 3.228272 16.367713
 50440.000000 -846300.125000 793.681447 3.387149 3.437685 16.393757
 50460.000000 -844520.187500 795.092033 3.007409 3.232811 16.783045
 50480.000000 -843661.187500 793.035275 3.265442 3.396796 16.497699
 50500.000000 -845112.812500 791.706901 3.347130 3.266240 16.475533
 50520.000000 -846321.312500 792.352687 3.656825 3.478151 16.630037
 50540.000000 -845904.062500 794.938752 3.457645 3.547170 16.669770
 50560.000000 -846683.000000 794.973734 3.475304 3.208397 16.282518
 50580.000000 -844163.625000 795.041589 3.719784 3.538425 16.301053
 50600.000000 -844035.187500 794.692793 3.062659 3.275727 16.350202
 50620.000000 -845181.000000 793.715861 3.036587 3.330151 16.360618
 50640.000000 -845582.000000 793.282937 2.958084 3.316382 16.661584
 50660.000000 -844925.625000 795.460556 3.125483 3.314159 16.758020
 50680.000000 -845384.437500 791.496196 3.299041 3.091300 16.683871
 50700.000000 -844081.562500 792.702532 3.462483 3.517210 16.660241
 50720.000000 -844389.375000 795.340323 3.606001 3.312127 16.516773
 50740.000000 -846190.187500 792.546751 3.295258 3.287063 16.421726
 50760.000000 -845223.437500 794.931881 3.532409 3.158215 16.593124
 50780.000000 -844319.437500 794.061649 3.347530 2.931406 16.599698
 50800.000000 -843273.187500 795.306676 3.192650 3.211239 16.327294
 50820.000000 -844984.625000 794.363689 3.468983 3.296232 16.373800
 50840.000000 -843480.937500 793.887587 3.456824 3.334453 16.636803
 50860.000000 -844532.687500 793.037771 3.678468 3.289311 16.588368
 50880.000000 -844929.375000 793.488309 3.663892 3.291278 16.915379
 50900.000000 -845334.812500 792.055155 3.507273 3.360763 16.759588
 50920.000000 -843675.250000 793.414959 3.536958 3.280388 16.766227
 50940.000000 -847037.687500 791.472318 3.341549 3.268204 16.753256
 50960.000000 -844154.437500 792.253404 3.359783 3.244254 16.803217
 50980.000000 -845943.125000 794.036698 3.194704 3.458515 16.619073
 51000.000000 -843048.125000 792.443179 3.332429 3.496824 16.652511
 51020.000000 -845114.937500 794.923447 3.204843 3.248740 16.364169
 51040.000000 -843303.250000 794.914090 3.590496 3.324986 16.477026
 51060.000000 -845677.062500 792.301358 3.552059 3.152176 16.480135
 51080.000000 -844323.687500 794.925974 3.459105 3.307992 16.590574
 51100.000000 -845447.937500 792.670247 3.268270 3.344262 16.228237
 51120.000000 -844015.312500 796.414949 3.560493 3.394996 16.167194
 51140.000000 -846448.875000 794.344550 3.560363 3.424159 16.317698
 51160.000000 -845043.812500 791.900341 3.165589 3.610058 16.420573
 51180.000000 -845758.250000 794.055533 3.311059 3.265269 16.541532
 51200.000000 -844944.875000 794.338643 3.185549 3.327247 16.417144
 51220.000000 -844585.937500 793.955289 3.634968 3.242736 16.542785
 51240.000000 -845020.625000 791.281946 3.478188 3.464887 16.506993
 51260.000000 -845556.562500 793.406132 3.699497 3.508351 16.587768
 51280.000000 -843900.437500 797.310005 3.546201 3.154650 16.570472
 51300.000000 -845768.875000 793.857331 3.640268 3.483524 16.554863
 51320.000000 -846632.062500 791.870686 3.709037 3.529164 16.346297
 51340.000000 -844818.000000 794.546058 3.527163 3.534837 16.358815
 51360.000000 -844274.875000 794.498509 3.668263 3.638092 16.282077
 51380.000000 -844682.687500 793.920765 3.429085 3.509036 16.431963
 51400.000000 -843827.437500 791.458577 3.447157 3.685267 16.601769
 51420.000000 -844587.750000 795.379508 3.308296 3.206104 16.430226
 51440.000000 -845198.312500 792.416797 3.045692 3.335711 16.359252
 51460.000000 -845206.000000 794.042850 3.385554 3.426241 16.698958
 51480.000000 -844676.812500 796.022850 3.186006 3.476727 16.509470
 51500.000000 -844780.625000 794.847865 3.445918 3.364603 16.400250
 51520.000000 -845820.062500 796.474454 3.336817 3.323766 16.537909
 51540.000000 -846455.937500 794.397612 3.297908 3.344266 16.466056
 51560.000000 -846500.812500 793.344115 3.259250 3.392324 16.665676
 51580.000000 -844531.812500 796.387451 3.408107 3.430049 16.612844
 51600.000000 -845852.687500 792.879568 3.492221 3.330307 16.561197
 51620.000000 -844752.312500 795.946904 3.307064 3.385630 16.474013
 51640.000000 -845003.375000 794.821885 3.372575 3.489606 16.142465
 51660.000000 -845880.625000 793.586980 3.140997 3.604454 16.494685
 51680.000000 -845176.750000 795.466351 3.192022 3.630384 16.590793
 51700.000000 -845833.000000 796.541173 3.418713 3.472180 16.686187
 51720.000000 -845227.687500 794.916216 3.334996 3.725056 16.767834
 51740.000000 -843590.062500 794.723045 3.664474 3.411194 16.506655
 51760.000000 -843712.250000 796.079956 3.134732 3.303437 16.418117
 51780.000000 -843828.312500 794.287138 3.376968 3.356547 16.505227
 51800.000000 -844117.375000 793.928767 3.379015 3.376754 16.305562
 51820.000000 -844611.562500 794.280870 3.488507 3.411940 16.355231
 51840.000000 -846571.375000 793.924769 3.428508 3.233177 16.818511
 51860.000000 -845216.312500 793.182463 3.700514 3.150212 16.228522
 51880.000000 -844927.937500 792.200257 3.579708 3.152279 16.406755
 51900.000000 -845131.125000 795.227421 3.344337 3.530450 16.318763
 51920.000000 -844600.875000 795.538993 3.347362 3.376417 16.428037
 51940.000000 -844434.375000 794.110887 3.308923 3.357300 16.582595
 51960.000000 -843526.000000 795.801292 3.303951 3.699821 16.352184
 51980.000000 -842599.500000 796.188333 3.501712 3.392347 16.283616
 52000.000000 -844561.750000 794.170803 3.536961 3.079859 16.239286
 52020.000000 -843912.062500 794.521883 3.369254 3.245057 16.272575
 52040.000000 -844805.062500 795.345183 3.510434 3.236375 16.366536
 52060.000000 -845558.437500 795.359604 3.445525 3.239241 16.542024
 52080.000000 -846052.312500 795.121310 3.408467 3.418539 16.660270
 52100.000000 -847322.125000 793.635289 3.399145 3.368115 16.600764
 52120.000000 -845256.750000 793.592122 3.183373 3.279865 16.510825
 52140.000000 -844505.500000 794.750020 3.320299 3.494039 16.516509
 52160.000000 -845977.875000 792.091212 3.366092 3.632803 16.771446
 52180.000000 -845153.312500 794.142956 3.306472 3.350252 16.544846
 52200.000000 -844139.937500 795.629794 3.227593 3.487985 16.372670
 52220.000000 -844204.125000 794.307968 3.306817 3.282308 16.376226
 52240.000000 -846864.187500 795.298300 3.542227 3.312553 16.497723
 52260.000000 -845037.000000 792.773933 3.379343 3.367286 16.402179
 52280.000000 -844893.125000 795.647922 3.364545 3.317642 16.586367
 52300.000000 -844520.875000 795.003222 3.515847 3.749873 16.578050
 52320.000000 -845004.687500 794.297446 3.307838 3.653770 16.452884
 52340.000000 -844388.312500 794.945187 3.261813 3.634543 16.689734
 52360.000000 -845250.437500 795.647536 3.490367 3.200127 16.719532
 52380.000000 -845705.312500 793.176420 3.445081 3.483186 16.763208
 52400.000000 -844486.375000 795.399679 3.400476 3.171634 16.719221
 52420.000000 -844715.937500 793.606946 3.291269 3.433075 16.583818
 52440.000000 -844456.937500 792.022687 3.361551 3.024014 16.607601
 52460.000000 -843626.312500 792.896270 3.344801 3.181062 16.765998
 52480.000000 -844598.000000 794.619665 3.523906 3.209281 16.766548
 52500.000000 -844522.687500 796.109437 3.257445 3.450200 16.479521
 52520.000000 -844995.937500 792.956592 3.480703 3.170129 16.824248
 52540.000000 -846301.500000 795.077503 3.528038 3.365489 16.404878
 52560.000000 -845747.125000 794.214918 3.578317 3.100577 16.415678
 52580.000000 -845403.375000 794.556098 3.267916 3.391894 16.548404
 52600.000000 -846924.812500 792.711156 3.268041 3.079154 16.826094
 52620.000000 -844777.125000 796.456699 3.204922 3.205485 16.790487
 52640.000000 -845365.875000 795.442683 3.464874 3.081059 16.407242
 52660.000000 -845281.062500 795.834478 3.508840 3.421608 16.441683
 52680.000000 -843486.625000 796.814227 3.312999 3.623517 16.539256
 52700.000000 -843622.000000 796.990044 3.494281 3.540818 16.403039
 52720.000000 -844494.437500 797.901374 3.398431 3.438546 16.318874
 52740.000000 -845360.812500 797.288584 3.188419 3.319035 16.320131
 52760.000000 -844083.250000 796.044961 3.327121 3.147497 16.342987
 52780.000000 -845215.812500 794.970251 3.396986 3.285248 16.267646
 52800.000000 -845981.062500 792.712988 3.281197 3.457385 16.442511
 52820.000000 -845069.250000 795.235459 3.526172 3.672347 16.461180
 52840.000000 -844319.437500 795.516769 3.739776 3.586147 16.124739
 52860.000000 -844499.937500 793.913302 3.280825 3.693322 16.326121
 52880.000000 -845686.937500 795.063899 3.469264 3.357002 16.603081
 52900.000000 -843695.937500 797.400865 3.570159 3.519688 16.492454
 52920.000000 -844582.312500 795.267443 3.425330 3.043519 16.315352
 52940.000000 -844868.437500 799.423798 3.434931 2.985211 16.410047
 52960.000000 -844865.062500 794.390091 3.155761 3.366898 16.266519
 52980.000000 -845011.750000 793.367026 3.394260 3.432773 16.237593
 53000.000000 -845967.375000 793.216304 3.274429 3.333102 16.299473
 53020.000000 -844055.000000 794.895215 3.240954 3.446501 16.413459
 53040.000000 -844209.875000 794.868449 3.086495 3.423704 16.521143
 53060.000000 -845942.625000 793.182988 3.117146 3.338928 16.622223
 53080.000000 -846682.500000 795.145030 3.269942 3.388242 16.671742
 53100.000000 -846894.687500 794.671466 3.270666 3.101982 16.394038
 53120.000000 -844803.687500 792.860441 3.394973 3.354596 16.547051
 53140.000000 -845305.750000 795.431510 3.657227 3.155191 16.521201
 53160.000000 -845416.437500 795.000214 3.385136 3.621419 16.355055
 53180.000000 -843987.125000 797.184027 3.593328 3.398718 16.428616
 53200.000000 -845558.625000 794.760118 3.518476 3.441984 16.484496
 53220.000000 -844461.062500 794.470619 3.354543 3.504866 16.398114
 53240.000000 -844424.812500 794.574278 3.300609 3.560196 16.491381
 53260.000000 -845166.187500 794.901775 3.610858 3.413741 16.563209
 53280.000000 -845876.437500 794.558909 3.285468 3.311632 16.514325
 53300.000000 -845824.312500 793.008916 3.163394 3.118932 16.548857
 53320.000000 -846510.312500 795.405478 3.162189 3.401270 16.590811
 53340.000000 -844473.000000 794.104604 3.324251 3.282850 16.523104
 53360.000000 -845645.812500 795.573228 3.457988 3.381530 16.484468
 53380.000000 -844640.812500 796.464641 3.550146 3.472912 16.373983
 53400.000000 -844659.375000 794.404994 3.491725 3.470441 16.738409
 53420.000000 -843705.437500 794.518183 3.626111 3.447935 16.574708
 53440.000000 -844186.187500 792.369339 3.621640 3.470089 16.509119
 53460.000000 -842639.062500 796.759643 3.707395 3.461299 16.661122
 53480.000000 -845978.312500 794.110507 3.588582 3.311292 16.632547
 53500.000000 -846341.812500 793.937493 3.565278 3.330508 16.761200
 53520.000000 -846571.562500 793.723997 3.467428 3.250583 16.645957
 53540.000000 -847043.500000 792.914956 3.375926 3.156500 16.405060
 53560.000000 -846162.250000 792.654710 3.265547 3.397075 16.720922
 53580.000000 -845928.000000 793.235524 3.380578 3.443198 16.495053
 53600.000000 -845640.375000 790.938503 3.212485 3.487880 16.433279
 53620.000000 -846956.500000 793.592986 3.254975 3.607629 16.326933
 53640.000000 -842972.937500 795.157014 3.528384 3.707874 16.492703
 53660.000000 -846214.187500 793.252164 3.479335 3.313612 16.342231
 53680.000000 -844242.812500 795.417590 3.286355 3.405753 16.494825
 53700.000000 -845241.062500 794.095040 3.208532 3.526474 16.599203
 53720.000000 -843432.000000 794.597611 3.432563 3.438797 16.539512
 53740.000000 -845502.562500 795.770099 3.263992 3.207155 16.518909
 53760.000000 -843066.250000 795.641014 3.297015 3.252026 16.604159
 53780.000000 -844776.187500 794.393798 3.469818 3.204887 16.462715
 53800.000000 -846331.750000 793.083595 3.659888 3.359698 16.175766
 53820.000000 -844779.062500 796.829062 3.575706 3.185172 16.579208
 53840.000000 -844786.000000 793.783301 3.593981 3.264973 16.706593
 53860.000000 -844388.687500 792.426964 3.410123 3.425419 16.702990
 53880.000000 -843168.062500 795.061309 3.670810 3.517383 16.540676
 53900.000000 -841823.937500 796.231981 3.258999 3.396046 16.546084
 53920.000000 -845048.812500 795.463662 3.561685 3.431145 16.662805
 53940.000000 -844914.375000 794.646757 3.491897 3.655223 16.428563
 53960.000000 -845781.312500 792.238206 3.421357 3.436413 16.510023
 53980.000000 -843758.875000 798.112299 3.589339 3.551472 16.371643
 54000.000000 -845359.125000 791.665675 3.379248 3.510610 16.484307
 54020.000000 -845344.750000 794.347480 3.486335 3.481010 16.419724
 54040.000000 -847090.312500 792.458120 3.599474 3.537156 16.835889
 54060.000000 -845829.000000 794.283585 3.483419 3.381826 16.730311
 54080.000000 -843909.062500 794.800448 3.445285 3.360749 16.720645
 54100.000000 -843669.687500 793.449644 3.601443 3.212513 16.436120
 54120.000000 -844821.062500 794.545880 3.411225 3.411219 16.431465
 54140.000000 -845756.187500 794.783563 3.322029 3.193476 16.700936
 54160.000000 -845641.687500 795.497422 3.072244 3.375233 16.687319
 54180.000000 -846052.875000 795.402469 3.258529 3.474788 16.575637
 54200.000000 -844634.687500 795.205699 3.247924 3.258139 16.466564
 54220.000000 -845472.375000 792.662789 2.965921 3.300270 16.623985
 54240.000000 -843564.500000 794.114343 3.084747 3.332902 16.702629
 54260.000000 -844122.875000 794.945859 3.241624 3.350890 16.643097
 54280.000000 -846211.750000 794.159734 3.363993 3.339299 16.594594
 54300.000000 -845382.812500 793.592379 3.502271 3.421599 16.676066
 54320.000000 -844369.125000 795.327245 3.523202 2.901185 16.603091
 54340.000000 -845536.187500 793.844346 3.596721 3.173929 16.313891
 54360.000000 -844818.937500 794.844986 3.392558 3.254107 16.361782
 54380.000000 -845627.312500 794.685094 3.520356 3.134621 16.451507
 54400.000000 -843027.125000 798.129600 3.790252 3.434423 16.735590
 54420.000000 -845097.187500 795.770635 3.428230 3.800417 16.361090
 54440.000000 -845010.437500 793.301772 3.347379 3.390668 16.579705
 54460.000000 -844601.750000 795.795672 3.433010 3.465577 16.440471
 54480.000000 -846132.750000 793.953223 3.550792 3.421521 16.614346
 54500.000000 -845724.687500 793.292415 3.508509 3.609703 16.542148
 54520.000000 -843619.500000 795.019802 3.444997 3.468202 16.405663
 54540.000000 -848350.312500 791.473769 3.327743 3.508770 16.753353
 54560.000000 -846051.625000 792.158703 3.454691 3.456557 16.477201
 54580.000000 -845881.000000 793.040242 3.415083 3.498015 16.618899
 54600.000000 -844876.625000 793.888955 3.350769 3.517290 16.713585
 54620.000000 -842932.687500 798.199235 3.320543 3.282941 16.602775
 54640.000000 -844590.250000 793.126025 3.227067 3.394748 16.683093
 54660.000000 -845537.687500 791.840173 3.282738 3.443808 16.536680
 54680.000000 -845985.312500 795.108854 3.436455 3.313032 16.654083
 54700.000000 -844859.937500 793.634611 3.356542 3.576238 16.581527
 54720.000000 -845751.000000 793.264734 3.339408 3.448867 16.711889
 54740.000000 -845726.187500 791.857799 3.488604 3.414145 16.386559
 54760.000000 -845235.937500 794.060074 3.489765 3.801650 16.567529
 54780.000000 -843407.625000 794.656195 3.732213 3.512663 16.575253
 54800.000000 -846828.812500 791.577731 3.878818 3.535523 16.637266
 54820.000000 -845122.500000 792.508010 3.661547 3.584217 16.715140
 54840.000000 -845480.312500 792.629252 3.407141 3.304679 16.349811
 54860.000000 -846269.562500 793.953373 3.417648 3.346982 16.377169
 54880.000000 -843941.875000 797.633316 3.174759 3.379478 16.380899
 54900.000000 -843208.500000 796.524112 3.365322 3.235876 16.650915
 54920.000000 -843428.062500 796.245538 3.683995 3.074125 16.695129
 54940.000000 -845830.062500 793.330762 3.433695 3.293032 16.604605
 54960.000000 -845359.625000 795.555774 3.399607 3.412190 16.107404
 54980.000000 -844879.125000 796.965362 3.721783 3.445999 16.255971
 55000.000000 -846092.500000 794.944872 3.584856 3.478086 16.224399
 55020.000000 -843694.312500 795.191607 3.610082 3.469687 16.360654
 55040.000000 -843522.187500 796.314535 3.146564 3.254531 16.394598
 55060.000000 -846254.937500 796.568688 3.488921 3.531216 16.091136
 55080.000000 -844009.750000 793.700038 3.496806 3.395026 16.492593
 55100.000000 -843376.687500 794.021944 3.422181 3.280336 16.586790
 55120.000000 -844750.187500 794.929963 3.107515 3.559212 16.766763
 55140.000000 -844982.750000 791.661754 3.303816 3.375819 16.755721
 55160.000000 -845161.312500 793.378100 3.530286 3.380740 16.727992
 55180.000000 -845198.000000 795.778647 3.533420 3.330051 16.530234
 55200.000000 -844573.187500 795.075932 3.599063 3.403945 16.631848
 55220.000000 -844944.437500 792.581163 3.416488 3.161666 16.543829
 55240.000000 -845001.625000 793.704534 3.319740 3.150401 16.670468
 55260.000000 -841569.375000 796.176854 3.319884 3.246762 16.458583
 55280.000000 -843926.562500 791.775683 3.485882 3.524590 16.647331
 55300.000000 -844392.500000 793.601200 3.377471 3.820477 16.754510
 55320.000000 -842860.187500 798.544322 3.635039 4.002802 7.966871
 55340.000000 -842522.250000 801.212929 4.163935 3.529323 10.171815
 55360.000000 -844368.437500 798.444764 4.297006 3.480139 10.519910
 55380.000000 -841932.437500 798.888881 4.185186 3.850013 11.545286
 55400.000000 -844139.562500 797.365303 4.008653 3.319514 13.950436
 55420.000000 -843904.625000 795.491100 3.557314 3.560793 15.637408
 55440.000000 -845418.125000 793.417637 3.516214 3.156551 16.218959
 55460.000000 -845124.375000 794.614817 3.420377 3.334958 16.198702
 55480.000000 -845691.937500 795.527607 3.420977 3.383772 16.065894
 55500.000000 -842257.000000 795.568576 3.641849 3.565244 16.400570
 55520.000000 -846443.312500 793.359159 3.609376 3.291339 16.552549
 55540.000000 -845500.187500 790.131363 3.294869 3.200074 16.373861
 55560.000000 -847182.000000 790.452531 3.423793 3.301784 16.508516
 55580.000000 -843329.437500 794.327416 3.158342 3.360444 16.702299
 55600.000000 -845262.062500 797.598599 3.227439 3.462190 16.603797
 55620.000000 -844569.875000 795.512589 3.251575 3.449700 16.779451
 55640.000000 -846043.812500 792.510795 3.569790 3.379781 16.768232
 55660.000000 -845338.312500 795.692875 3.446249 3.334544 16.556932
 55680.000000 -845809.125000 796.337823 3.167565 3.219630 16.495869
 55700.000000 -844852.937500 795.782733 3.398349 3.214154 16.603809
 55720.000000 -842993.750000 793.902483 3.335284 3.576927 16.654933
 55740.000000 -844711.000000 793.450574 3.548382 3.176974 16.882056
 55760.000000 -845302.812500 793.676156 3.615971 3.265148 16.500431
 55780.000000 -846221.625000 793.873142 3.601078 3.406848 16.573420
 55800.000000 -844738.187500 794.008638 3.319713 3.403645 16.620386
 55820.000000 -844513.937500 791.747155 3.384246 3.304168 16.610114
 55840.000000 -844755.875000 795.973728 3.348182 3.520476 16.581163
 55860.000000 -846368.500000 793.926914 3.858842 3.425902 16.408574
 55880.000000 -845594.875000 795.276809 3.705080 3.116969 16.737853
 55900.000000 -844519.625000 797.247163 3.482157 3.471558 16.771778
 55920.000000 -843733.937500 795.391392 3.523540 3.338039 16.756691
 55940.000000 -845907.437500 795.226010 3.352296 3.374148 16.427180
 55960.000000 -845532.187500 794.718557 3.097506 3.529012 16.439207
 55980.000000 -844932.125000 796.020842 3.238705 3.628363 16.478423
 56000.000000 -845198.062500 794.638432 3.355325 3.227348 16.447465
 56020.000000 -844403.000000 795.993794 3.195778 3.084331 16.265389
 56040.000000 -846327.937500 791.316166 3.283452 3.288413 16.468899
 56060.000000 -844299.875000 793.891556 3.123785 3.352049 16.531714
 56080.000000 -845558.187500 793.714578 3.376970 3.214808 16.525441
 56100.000000 -841939.250000 795.553015 3.180766 3.399098 16.636010
 56120.000000 -845826.062500 794.749539 3.243011 3.325287 16.472785
 56140.000000 -846263.625000 793.179220 3.174177 3.444699 16.526567
 56160.000000 -845319.437500 794.610549 3.377785 3.320875 16.672690
 56180.000000 -843306.750000 795.415434 3.564498 3.477795 16.679770
 56200.000000 -844386.312500 793.641199 3.335527 3.175383 16.757932
 56220.000000 -844877.125000 793.637173 3.661688 3.519039 16.629420
 56240.000000 -844143.187500 797.844168 3.444630 3.676929 16.473150
 56260.000000 -844823.437500 797.214335 3.461123 3.566388 16.587690
 56280.000000 -844673.500000 793.883412 3.408612 3.486483 16.816703
 56300.000000 -843022.562500 794.092361 3.479810 3.643073 16.795911
 56320.000000 -845990.812500 793.332215 3.635165 3.769646 16.483704
 56340.000000 -847613.000000 792.751511 3.329653 3.459370 16.466483
 56360.000000 -845513.812500 791.610461 3.328608 3.719696 16.620170
 56380.000000 -844718.375000 792.264067 3.460864 3.603653 16.803738
 56400.000000 -844017.437500 795.790025 3.534404 3.299780 16.744471
 56420.000000 -843018.875000 794.063971 3.162557 3.452922 16.500244
 56440.000000 -844007.375000 795.521286 3.360841 3.715964 16.363501
 56460.000000 -845423.187500 792.850709 3.649075 3.520171 16.568715
 56480.000000 -842801.125000 793.648385 3.421979 3.270838 16.650713
 56500.000000 -844613.125000 794.305007 3.183650 3.080026 16.657442
 56520.000000 -847166.125000 794.074509 3.275051 3.251894 16.696987
 56540.000000 -844453.250000 794.250851 3.115674 3.494460 16.663780
 56560.000000 -844189.437500 796.903216 3.372834 3.656229 16.468242
 56580.000000 -844561.250000 795.291618 3.418066 3.424234 16.730291
 56600.000000 -845601.000000 793.447432 3.555480 3.542853 16.851821
 56620.000000 -843226.250000 797.131970 3.655115 3.365224 16.585836
 56640.000000 -845568.000000 791.300366 3.523508 3.532488 16.478841
 56660.000000 -846265.937500 792.201836 3.320681 3.368769 16.696754
 56680.000000 -844503.875000 794.468116 3.384065 3.378605 16.560817
 56700.000000 -844937.250000 793.732554 3.361157 3.308983 16.653931
 56720.000000 -845076.875000 793.395124 3.377111 3.437640 16.563167
 56740.000000 -845176.500000 792.793351 3.335210 3.187699 16.817502
 56760.000000 -846779.937500 793.134147 3.625432 3.360694 16.651582
 56780.000000 -847010.562500 792.913143 3.536132 3.328314 16.781020
 56800.000000 -846182.375000 794.627497 3.648977 3.450667 16.900272
 56820.000000 -845206.625000 793.602343 3.439839 3.331754 16.506894
 56840.000000 -845755.437500 793.108005 3.419680 3.818831 16.339661
 56860.000000 -844117.062500 797.519041 3.493872 3.358528 16.447707
 56880.000000 -844031.062500 795.996191 3.632058 3.289375 16.635695
 56900.000000 -844323.937500 793.471034 3.632447 3.208278 16.519655
 56920.000000 -845516.750000 793.805182 3.503737 3.391564 16.383113
 56940.000000 -844676.625000 794.770115 3.490089 3.400935 16.451899
 56960.000000 -843299.187500 795.866092 3.281070 3.368827 16.407920
 56980.000000 -846116.000000 797.772233 3.474667 3.371732 16.555654
 57000.000000 -844144.062500 794.778437 3.711746 3.634449 16.580885
 57020.000000 -844761.875000 796.780749 3.396950 3.481560 16.228898
 57040.000000 -846560.500000 792.781895 3.109018 3.298892 16.369414
 57060.000000 -845548.875000 793.731502 3.289510 3.360462 16.537198
 57080.000000 -845951.562500 793.513555 3.288597 3.382953 16.587222
 57100.000000 -844352.437500 794.945392 3.169191 3.268123 16.651013
 57120.000000 -843776.125000 794.770195 3.447643 3.406056 16.502639
 57140.000000 -843096.750000 797.412228 3.538724 3.375952 16.777750
 57160.000000 -845275.500000 796.910888 3.311459 3.284411 16.512683
 57180.000000 -844601.750000 795.143406 3.315142 3.346411 16.590659
 57200.000000 -843512.375000 794.211927 3.432710 3.269226 16.554243
 57220.000000 -844063.437500 795.312917 3.320031 3.288283 16.605814
 57240.000000 -844110.562500 795.959865 3.364188 3.452145 16.735354
 57260.000000 -845438.937500 793.917512 3.459698 3.440187 16.614709
 57280.000000 -845983.500000 791.778178 3.476237 3.418605 16.926879
 57300.000000 -844680.875000 794.750254 3.676166 3.207219 16.696416
 57320.000000 -843914.750000 797.371117 3.459266 3.375629 16.599614
 57340.000000 -845831.937500 795.087176 3.341846 3.324401 16.423601
 57360.000000 -845229.312500 795.330279 3.302805 3.401801 16.599436
 57380.000000 -845038.500000 791.250117 3.373764 3.461077 16.446691
 57400.000000 -845867.937500 792.182264 3.222143 3.047485 16.688004
 57420.000000 -843402.250000 795.536350 3.337558 3.403191 16.606582
 57440.000000 -843888.500000 793.613481 3.461844 3.326318 16.607675
 57460.000000 -845531.125000 793.146766 3.654211 3.534743 16.605116
 57480.000000 -846265.187500 793.963815 3.721089 3.342889 16.620026
 57500.000000 -844298.000000 793.752653 3.572451 3.217462 16.486571
 57520.000000 -845295.250000 793.695059 3.635462 3.028075 16.629135
 57540.000000 -844858.562500 791.706705 3.475343 3.205533 16.690225
 57560.000000 -845203.750000 793.379519 3.312103 3.414024 16.482205
 57580.000000 -846151.562500 795.118483 3.641426 3.066651 16.495658
 57600.000000 -845418.875000 795.811318 3.575964 3.199012 16.473238
 57620.000000 -844358.187500 795.064531 3.534394 3.312296 16.520597
 57640.000000 -844987.250000 794.202130 3.498356 3.165382 16.638452
 57660.000000 -846040.125000 791.702509 3.426035 3.040652 16.311590
 57680.000000 -845637.625000 792.619514 3.518713 3.071275 16.410602
 57700.000000 -845192.375000 795.845297 3.552381 2.908491 16.573111
 57720.000000 -845542.875000 793.852069 3.655610 2.827280 16.396534
 57740.000000 -843622.562500 795.838632 3.705430 3.090031 16.670926
 57760.000000 -845491.250000 796.259489 3.652341 3.342383 16.354495
 57780.000000 -844220.687500 795.166349 3.459446 3.601140 16.577474
 57800.000000 -844510.062500 797.243788 3.250805 3.707037 16.383302
 57820.000000 -845713.000000 791.619952 3.366371 3.507594 16.579374
 57840.000000 -845267.937500 792.417660 3.105253 3.460274 16.485053
 57860.000000 -844805.625000 795.337707 3.283700 3.150655 16.453652
 57880.000000 -844588.375000 795.877150 3.207553 3.268344 16.176312
 57900.000000 -845998.000000 794.507737 3.154111 3.512692 16.066325
 57920.000000 -846208.187500 793.223524 3.432363 3.478296 16.079278
 57940.000000 -843712.875000 797.294969 3.362775 3.390253 16.369679
 57960.000000 -844693.125000 794.411240 3.287541 3.258499 16.579896
 57980.000000 -846098.250000 794.700874 3.386720 3.195598 16.640743
 58000.000000 -844581.812500 794.938038 3.360425 3.454563 16.545567
 58020.000000 -843791.562500 794.507525 3.273916 3.640764 16.359294
 58040.000000 -843755.250000 793.388902 3.340288 3.469389 16.478052
 58060.000000 -846058.000000 795.018555 3.588121 3.401762 16.594944
 58080.000000 -845868.000000 795.932534 3.595173 3.225131 16.502303
 58100.000000 -844358.125000 794.574851 3.449930 3.407728 16.698272
 58120.000000 -844679.125000 792.772460 3.335191 3.152011 16.724279
 58140.000000 -843550.312500 794.285637 3.215262 3.207962 16.465768
 58160.000000 -844825.562500 794.350735 3.452164 3.563238 16.754455
 58180.000000 -845778.125000 792.580047 3.292746 3.622589 16.518742
 58200.000000 -845398.687500 793.609363 3.349527 3.437967 16.762574
 58220.000000 -844580.312500 794.627329 3.486113 3.388846 16.643946
 58240.000000 -844020.187500 796.653110 3.555517 3.184264 16.620594
 58260.000000 -844644.625000 795.056215 3.381933 3.546162 16.492852
 58280.000000 -845894.625000 796.976176 3.176000 3.552830 16.573676
 58300.000000 -844674.312500 794.371608 3.319354 3.391582 16.496787
 58320.000000 -845569.750000 795.837105 3.106467 3.356715 16.401005
 58340.000000 -843308.937500 793.350119 3.293621 3.223339 16.717356
 58360.000000 -844152.750000 795.904154 3.129753 3.427961 16.509826
 58380.000000 -845221.812500 793.675206 3.406889 3.158186 16.462023
 58400.000000 -843717.812500 796.690782 3.477259 3.177708 16.360371
 58420.000000 -845866.312500 791.895665 3.165683 3.256560 16.517330
 58440.000000 -845565.312500 794.524127 3.333684 3.484923 16.451270
 58460.000000 -843572.437500 795.606976 3.720179 3.455025 16.417520
 58480.000000 -845018.250000 795.141173 3.733886 3.619742 16.451652
 58500.000000 -846721.375000 794.723550 3.477806 3.501050 16.458002
 58520.000000 -845978.687500 793.500584 3.620563 3.269979 16.357604
 58540.000000 -844439.500000 795.347908 3.638421 3.127826 16.422688
 58560.000000 -843357.562500 797.346684 3.588156 3.073461 16.308001
 58580.000000 -843563.875000 794.995263 3.591187 3.326034 16.393553
 58600.000000 -844218.437500 796.338791 3.342048 3.480814 16.688466
 58620.000000 -845679.187500 794.205675 3.132068 3.180986 16.623919
 58640.000000 -842910.562500 796.012987 3.211965 3.026595 16.389936
 58660.000000 -844803.562500 794.079584 3.193034 3.347585 16.270504
 58680.000000 -844201.875000 794.200779 3.434006 3.282398 16.490184
 58700.000000 -846251.375000 792.180000 3.485723 3.235202 16.698163
 58720.000000 -844652.562500 794.382017 3.301436 3.060234 16.386073
 58740.000000 -845331.250000 794.884047 3.159568 3.300342 16.228412
 58760.000000 -846367.625000 796.412993 3.428186 3.325109 16.409460
 58780.000000 -845033.625000 795.119090 3.457488 3.357919 16.548316
 58800.000000 -844437.750000 794.560099 3.484068 3.333067 16.609263
 58820.000000 -844710.312500 795.146049 3.421918 3.391246 16.546722
 58840.000000 -843095.312500 794.312884 3.543510 3.433595 16.554068
 58860.000000 -844041.875000 794.435600 3.330212 3.362204 16.471165
 58880.000000 -843300.750000 796.985079 3.276329 3.336604 16.425829
 58900.000000 -843868.375000 795.517368 3.197829 3.433184 16.607906
 58920.000000 -844499.562500 795.602355 3.645618 3.491280 16.426058
 58940.000000 -844147.562500 796.004317 3.115424 3.492397 16.573599
 58960.000000 -843402.187500 796.753471 3.261668 3.572793 16.559431
 58980.000000 -844483.875000 795.182017 3.263096 3.172506 16.226572
 59000.000000 -844583.500000 793.321213 3.239022 3.486224 16.677117
 59020.000000 -843653.875000 794.896770 3.341823 3.371338 16.419953
 59040.000000 -846020.562500 792.418380 3.286030 3.359545 16.587731
 59060.000000 -845007.062500 796.775333 3.447941 3.344087 16.580612
 59080.000000 -844226.000000 795.918772 3.395187 3.478406 16.458807
 59100.000000 -843637.250000 795.702165 3.264656 3.717305 16.666660
 59120.000000 -844281.000000 794.847578 3.349963 3.415066 16.176121
 59140.000000 -843308.000000 798.715049 3.549106 3.260718 16.296160
 59160.000000 -843539.000000 797.067798 3.495412 3.501786 16.429932
 59180.000000 -844065.937500 795.964335 3.448056 3.565040 16.533077
 59200.000000 -846146.625000 793.980244 3.214566 3.405148 16.578527
 59220.000000 -843287.875000 798.555261 3.223783 3.251909 16.362033
 59240.000000 -844906.000000 795.994359 3.183537 3.308053 16.462497
 59260.000000 -843633.375000 795.166572 3.374653 3.436670 16.413596
 59280.000000 -843111.812500 796.237433 3.449387 3.471598 16.391986
 59300.000000 -845608.687500 793.748656 3.464544 3.495774 16.255544
 59320.000000 -846748.375000 793.637722 3.544152 3.236585 16.299150
 59340.000000 -845748.625000 794.990783 3.382977 3.363749 16.494662
 59360.000000 -844688.375000 795.731987 3.359956 3.206744 16.738752
 59380.000000 -845144.500000 795.167736 3.584668 3.465994 16.594470
 59400.000000 -844745.500000 796.247582 3.228733 3.306646 16.626159
 59420.000000 -845041.125000 795.207868 3.333424 3.196976 16.675447
 59440.000000 -843938.250000 794.938290 3.255132 3.288255 16.500844
 59460.000000 -844846.500000 795.128165 3.235995 3.412366 16.577735
 59480.000000 -845841.750000 793.233277 3.205295 3.490107 16.560234
 59500.000000 -844169.000000 794.816635 3.329566 3.491355 16.389408
 59520.000000 -843010.750000 794.241374 3.465070 3.369822 16.597620
 59540.000000 -842652.000000 795.146596 3.337518 3.426402 16.367529
 59560.000000 -844292.937500 795.302895 3.123950 3.387693 16.359162
 59580.000000 -845166.187500 795.602294 3.267957 3.406479 16.516875
 59600.000000 -843554.250000 793.976928 3.364599 3.788285 16.515951
 59620.000000 -845841.875000 794.965858 3.224637 3.466917 16.506837
 59640.000000 -844673.625000 795.471970 3.522095 3.433652 16.278048
 59660.000000 -844684.375000 795.581973 3.397541 3.547989 16.477601
 59680.000000 -845187.937500 796.484367 3.300592 3.244226 16.303922
 59700.000000 -843680.375000 793.400486 3.655929 3.464380 16.558241
 59720.000000 -845387.562500 794.117101 3.505835 3.230641 16.735533
 59740.000000 -846524.812500 793.126042 3.406366 2.990875 16.605084
 59760.000000 -844701.437500 796.673170 3.340542 3.252718 16.564011
 59780.000000 -843921.812500 795.939905 3.567203 3.651960 16.536084
 59800.000000 -846562.375000 794.719499 3.369559 3.407492 16.611467
 59820.000000 -845153.250000 795.302674 3.544382 3.464833 16.518296
 59840.000000 -846399.250000 793.180383 3.165527 3.449920 16.621491
 59860.000000 -845342.687500 794.916250 3.450830 3.350787 16.440325
 59880.000000 -845214.562500 792.843366 3.564236 3.392525 16.515884
 59900.000000 -847266.437500 795.067606 3.426040 3.298362 16.334117
 59920.000000 -843639.312500 798.063887 3.273375 3.168828 -0.215221
 59940.000000 -843249.187500 799.837295 3.703486 3.525554 10.650415
 59960.000000 -845109.937500 798.278423 3.669976 3.528924 11.243451
 59980.000000 -843401.125000 795.196359 3.564168 3.611098 12.086942
 60000.000000 -842138.812500 798.420337 3.368855 3.450709 14.425679
 60020.000000 -844361.875000 795.029822 3.210429 3.278134 15.397974
 60040.000000 -844246.562500 794.633885 3.326940 3.467759 16.301532
 60060.000000 -844395.062500 792.444790 3.447096 3.615181 16.393385
 60080.000000 -844713.375000 793.826056 3.397999 3.407110 16.544658
 60100.000000 -843165.812500 794.551515 3.336928 3.417794 16.623743
 60120.000000 -845236.375000 794.922691 3.389125 3.417403 16.378433
 60140.000000 -844265.250000 794.245986 3.249218 3.369084 16.581581
 60160.000000 -845286.437500 796.417574 3.248715 3.259377 16.466266
 60180.000000 -844449.125000 796.540221 3.512892 3.360970 16.770161
 60200.000000 -844988.375000 795.768264 3.504475 3.208185 16.641573
 60220.000000 -846046.625000 795.393419 3.118145 3.447472 16.647024
 60240.000000 -844295.750000 796.883542 3.361017 3.316394 16.523868
 60260.000000 -845530.625000 794.326412 3.435408 3.349522 16.596174
 60280.000000 -844355.687500 794.766490 3.687513 3.532530 16.818218
 60300.000000 -845429.562500 794.429027 3.577320 3.344899 16.735419
 60320.000000 -845751.312500 794.174373 3.639727 3.006501 16.760200
 60340.000000 -844589.875000 795.929730 3.478883 3.067825 16.561510
 60360.000000 -845339.375000 794.857440 3.233232 3.215235 16.344716
 60380.000000 -845850.625000 798.255038 3.218195 3.097936 16.520462
 60400.000000 -844145.625000 797.794386 3.281693 3.557573 16.405218
 60420.000000 -845551.000000 794.270909 3.249949 3.709921 16.378761
 60440.000000 -845792.500000 795.210849 3.075153 3.446123 16.666551
 60460.000000 -845248.937500 795.963197 3.030409 3.176996 16.717923
 60480.000000 -844809.812500 795.415870 3.320595 3.348187 16.474056
 60500.000000 -845144.437500 793.050134 3.527936 3.089967 16.596010
 60520.000000 -845773.187500 796.099712 3.502840 3.360727 16.821892
 60540.000000 -843646.625000 794.133555 3.464837 3.486040 16.767523
 60560.000000 -844135.937500 794.944319 3.282942 3.407074 16.861584
 60580.000000 -846184.875000 796.368753 3.422735 3.392242 16.752182
 60600.000000 -845055.687500 793.260457 3.436939 3.442660 16.569963
 60620.000000 -844472.250000 796.049781 3.255024 3.370665 16.848097
 60640.000000 -844264.125000 795.301567 3.299296 3.694447 16.327976
 60660.000000 -844065.562500 793.997594 3.433812 3.592020 16.456849
 60680.000000 -844256.750000 794.860525 3.615894 3.434107 16.540211
 60700.000000 -845533.187500 796.426887 3.581143 3.364761 16.662174
 60720.000000 -842254.375000 795.304153 3.498182 3.284086 16.614279
 60740.000000 -840779.187500 804.021701 3.547808 3.056969 5.985803
 60760.000000 -841470.812500 798.745041 4.333728 3.348209 9.336926
 60780.000000 -843337.375000 797.876474 4.217243 3.368292 13.513727
 60800.000000 -843447.750000 795.557377 3.796892 3.552823 15.376882
 60820.000000 -845568.062500 792.401524 3.661520 3.472929 16.104438
 60840.000000 -844159.500000 794.195680 3.516220 3.338661 16.453597
 60860.000000 -845743.000000 793.194796 3.503428 3.465541 16.676081
 60880.000000 -845634.375000 794.725580 3.262574 3.412533 16.651092
 60900.000000 -843599.625000 794.091073 3.170369 3.469712 16.372557
 60920.000000 -843708.625000 794.031463 3.436496 3.277228 16.716277
 60940.000000 -843409.000000 793.536395 3.501995 3.297465 16.404790
 60960.000000 -843160.625000 795.017665 3.443147 3.477316 16.387159
 60980.000000 -845463.875000 794.628592 3.465122 3.379872 16.742523
 61000.000000 -846490.875000 794.935166 3.364550 3.415394 16.707903
 61020.000000 -845553.500000 793.735482 3.338788 3.448083 16.502316
 61040.000000 -844912.062500 795.397226 3.373609 3.677757 16.511978
 61060.000000 -842691.750000 795.750941 3.165564 3.544994 16.485109
 61080.000000 -843263.875000 792.158974 3.345766 3.555689 16.403983
 61100.000000 -844024.500000 793.805062 3.656575 3.369718 16.622687
 61120.000000 -845160.250000 794.949249 3.518921 3.591690 16.545044
 61140.000000 -843503.375000 794.167462 3.411713 3.516620 16.353267
 61160.000000 -844747.875000 794.099327 3.445746 3.226520 16.572431
 61180.000000 -845471.437500 794.288269 3.550067 3.124898 16.653628
 61200.000000 -846031.687500 792.050018 3.692231 3.371868 16.368366
 61220.000000 -844745.375000 794.162773 3.366167 3.680898 16.461041
 61240.000000 -846166.875000 791.813399 3.352199 3.723844 16.336421
 61260.000000 -846022.062500 791.618476 3.503646 3.449147 16.298893
 61280.000000 -846010.937500 794.560793 3.566180 3.622388 16.266608
 61300.000000 -844719.062500 794.610659 3.405292 3.393210 16.695965
 61320.000000 -844220.812500 794.832825 3.610307 3.530359 16.498541
 61340.000000 -843530.437500 794.598539 3.170935 3.207873 16.303721
 61360.000000 -844929.875000 793.265340 3.413945 3.403073 16.350702
 61380.000000 -844908.625000 793.633915 3.427465 3.237149 16.411462
 61400.000000 -845927.062500 794.063849 3.287785 3.269913 16.673636
 61420.000000 -844435.812500 794.893639 3.319828 3.045826 16.333639
 61440.000000 -844802.375000 795.848790 3.125256 3.445961 16.490409
 61460.000000 -844177.000000 794.067810 3.199549 3.466359 16.647509
 61480.000000 -845719.687500 792.155085 3.564108 3.327034 16.672603
 61500.000000 -845984.062500 792.326879 3.439880 3.358640 16.703120
 61520.000000 -844275.750000 797.428373 3.480311 3.264735 16.453713
 61540.000000 -844000.937500 795.898285 3.313008 3.289218 16.415178
 61560.000000 -844960.187500 794.139266 3.315304 3.550271 16.523263
 61580.000000 -845062.375000 797.082688 3.314379 3.262847 16.494150
 61600.000000 -843997.625000 794.997939 3.292674 3.147923 16.580907
 61620.000000 -844132.125000 796.287212 3.460990 3.513569 16.629109
 61640.000000 -844654.500000 793.490054 3.156974 3.437409 16.502615
 61660.000000 -845369.812500 795.820485 3.401986 3.692646 16.485903
 61680.000000 -843394.937500 796.018216 3.258708 3.662779 16.568828
 61700.000000 -844985.000000 793.412501 3.269008 3.470938 16.656457
 61720.000000 -845028.000000 794.908774 3.563841 3.484344 16.635669
 61740.000000 -846264.062500 794.471209 3.589014 3.515512 16.559302
 61760.000000 -846115.875000 796.054909 3.744745 3.484372 16.501306
 61780.000000 -845243.375000 793.884945 3.379426 3.350677 16.541199
 61800.000000 -843081.875000 795.548101 3.297981 3.499232 16.604261
 61820.000000 -845548.750000 794.700666 3.368808 3.319292 16.192376
 61840.000000 -843564.125000 795.720710 3.385005 3.316896 16.277274
 61860.000000 -847383.437500 794.160735 3.321871 3.323366 16.661892
 61880.000000 -845679.750000 793.996138 3.566016 3.313713 16.427502
 61900.000000 -845851.750000 796.242278 3.615197 3.310629 16.568482
 61920.000000 -843552.187500 796.215937 3.412286 3.452593 16.456357
 61940.000000 -846426.375000 794.807427 3.374857 3.283867 16.562955
 61960.000000 -844378.125000 794.716877 3.442652 3.486282 16.486628
 61980.000000 -846197.812500 793.890963 3.848262 3.627091 16.518066
 62000.000000 -845068.875000 793.736674 3.829190 3.229629 16.519661
 62020.000000 -844915.812500 795.397561 3.665240 3.259320 16.320997
 62040.000000 -847538.687500 793.695441 3.405687 3.511289 16.333954
 62060.000000 -844468.812500 796.326323 3.537182 3.597752 16.510539
 62080.000000 -845219.875000 796.362682 3.501114 3.386331 16.381857
 62100.000000 -844812.000000 794.307387 3.727214 3.431313 16.257887
 62120.000000 -846339.062500 792.910555 3.668439 3.487515 16.426899
 62140.000000 -842958.437500 795.625316 3.385588 3.452607 16.636214
 62160.000000 -844327.500000 795.654417 3.641095 3.263352 16.610200
 62180.000000 -846891.250000 793.796049 3.604209 3.149370 16.483488
 62200.000000 -845208.687500 795.060098 2.896783 3.283970 16.567886
 62220.000000 -845414.375000 793.278329 2.913753 3.512307 16.480037
 62240.000000 -844440.187500 796.014310 3.308595 3.506900 16.743302
 62260.000000 -843880.000000 794.625613 3.414031 3.961499 16.735746
 62280.000000 -845997.500000 796.123058 3.466489 3.432106 16.667671
 62300.000000 -845341.500000 795.688314 3.510603 3.630576 16.431135
 62320.000000 -844898.562500 793.236969 3.477495 3.444983 16.548604
 62340.000000 -844977.562500 794.748737 3.595925 3.338717 16.277939
 62360.000000 -846488.062500 795.614718 3.505466 3.334890 16.626292
 62380.000000 -844280.250000 793.693139 3.567830 3.516326 16.672091
 62400.000000 -844766.062500 794.988349 3.326023 3.309732 16.524204
 62420.000000 -846520.000000 791.357292 3.450135 3.184662 16.490851
 62440.000000 -844782.125000 792.971104 3.491489 3.215514 16.324127
 62460.000000 -845445.437500 795.138431 3.336733 3.400593 16.549079
 62480.000000 -843471.750000 795.920705 3.278846 3.447585 16.442085
 62500.000000 -843060.000000 796.683106 3.305011 3.471992 16.320694
 62520.000000 -843546.750000 796.868021 3.323236 3.340928 16.465236
 62540.000000 -846519.375000 792.753814 3.354113 3.456334 17.011823
 62560.000000 -844675.687500 793.194810 3.334881 3.267831 16.741067
 62580.000000 -844400.125000 795.215911 3.651519 3.420383 16.233840
 62600.000000 -845913.250000 793.227079 3.489347 3.436518 16.521235
 62620.000000 -844705.812500 794.942625 3.479764 3.530441 16.596996
 62640.000000 -843084.562500 793.767503 3.299101 3.437875 16.413613
 62660.000000 -845720.125000 793.910208 3.425496 3.572607 16.446184
 62680.000000 -845626.062500 791.696438 3.390947 3.321391 16.485777
 62700.000000 -846210.562500 793.619547 3.544761 3.542213 16.464124
 62720.000000 -845265.375000 794.580307 3.505644 3.340006 16.535292
 62740.000000 -845710.312500 794.359716 3.394072 3.123867 16.625393
 62760.000000 -844362.000000 795.644588 3.327636 3.405423 16.495836
 62780.000000 -845711.875000 794.079959 3.421485 3.360519 16.454075
 62800.000000 -844527.437500 793.425857 3.323268 3.485015 16.130162
 62820.000000 -846881.000000 794.486812 3.112718 2.932280 16.255235
 62840.000000 -843156.000000 796.058625 3.060458 3.333955 16.462019
 62860.000000 -846583.937500 792.943007 3.316243 3.149340 16.386532
 62880.000000 -846934.062500 790.766798 3.046854 3.378128 16.509389
 62900.000000 -845140.687500 791.789725 3.277247 3.288365 16.587764
 62920.000000 -846415.625000 793.679691 3.561229 3.460575 16.380413
 62940.000000 -845794.000000 791.837348 3.366617 3.222122 16.557691
 62960.000000 -846049.500000 792.822917 3.314727 3.431166 16.543311
 62980.000000 -844898.562500 795.195175 3.134012 3.401684 16.670978
 63000.000000 -845093.187500 796.742577 3.277810 3.347433 16.343793
 63020.000000 -844181.375000 795.950382 3.275158 3.419958 16.487928
 63040.000000 -844610.000000 794.359016 2.995790 3.271756 16.499795
 63060.000000 -843690.625000 796.568943 3.252465 3.329233 16.599881
 63080.000000 -844256.375000 792.662084 3.195643 3.318488 16.596027
 63100.000000 -845368.625000 793.677817 3.360267 3.375073 16.646589
 63120.000000 -844016.375000 794.320144 3.362159 3.181301 16.404318
 63140.000000 -844337.250000 795.135674 3.631395 3.247026 16.215297
 63160.000000 -846357.937500 794.750282 3.439839 3.170132 16.399779
 63180.000000 -844251.687500 791.732473 3.403901 3.486695 16.497700
 63200.000000 -845629.562500 794.920741 3.229152 3.185452 16.269208
 63220.000000 -844237.375000 796.280815 3.318650 3.498908 16.455501
 63240.000000 -844248.875000 793.216022 3.366826 3.690858 16.646748
 63260.000000 -844669.687500 794.661898 3.493986 3.497802 16.497666
 63280.000000 -845739.750000 793.662439 3.163980 3.647540 16.537672
 63300.000000 -844493.000000 796.139533 3.433409 3.644712 16.279569
 63320.000000 -844300.062500 795.278874 3.221159 3.392077 16.513187
 63340.000000 -846684.875000 794.351679 3.585031 3.534731 16.317748
 63360.000000 -843233.875000 795.608807 3.633062 3.486378 16.432746
 63380.000000 -845544.000000 794.102652 3.627194 3.312378 16.648180
 63400.000000 -841871.250000 803.001858 2.811325 3.728622 9.093140
 63420.000000 -843288.625000 800.534660 3.127462 3.634638 10.764197
 63440.000000 -844723.187500 795.839935 3.133342 3.384879 12.008508
 63460.000000 -843846.125000 795.392413 3.253937 3.284350 14.708619
 63480.000000 -844057.750000 793.653943 3.338178 3.208888 15.878303
 63500.000000 -844905.937500 794.816482 3.330699 3.143451 16.397615
 63520.000000 -845275.750000 791.814804 3.648646 3.280072 16.430983
 63540.000000 -846823.125000 792.652977 3.380741 3.652362 16.586099
 63560.000000 -844109.812500 795.173879 3.535434 3.354853 16.437547
 63580.000000 -846648.250000 794.909438 3.361659 3.306332 16.420869
 63600.000000 -845157.375000 794.928615 3.333939 3.012387 16.589830
 63620.000000 -846564.500000 794.462090 3.302000 3.567665 16.703957
 63640.000000 -845402.625000 791.716245 3.262102 3.483111 16.767427
 63660.000000 -844289.875000 797.355497 3.317296 3.459607 16.588215
 63680.000000 -846528.000000 793.811859 3.330696 3.429145 16.598673
 63700.000000 -844536.000000 795.140857 3.276708 3.446656 16.618526
 63720.000000 -844226.375000 797.311185 3.375486 3.539252 16.182465
 63740.000000 -845254.187500 794.031720 3.466961 3.539080 16.611870
 63760.000000 -845071.437500 797.034986 3.572211 3.443683 16.427059
 63780.000000 -844676.562500 794.624289 3.489321 3.695831 16.563506
 63800.000000 -845356.625000 794.994906 3.618635 3.520060 16.478242
 63820.000000 -843666.875000 794.015586 3.227547 3.440627 16.568774
 63840.000000 -844904.125000 795.663628 3.352814 3.667157 16.635158
 63860.000000 -842956.500000 795.757551 3.285320 3.399988 16.516460
 63880.000000 -843812.875000 799.107489 3.179273 3.475623 16.478926
 63900.000000 -843951.187500 793.791619 3.152182 3.594907 16.555954
 63920.000000 -845398.875000 793.173918 3.289953 3.250744 16.339008
 63940.000000 -844623.562500 793.778219 3.407486 3.472245 16.256618
 63960.000000 -844748.312500 794.048651 3.424868 3.189086 16.288793
 63980.000000 -846155.500000 793.735430 3.578058 3.043260 16.503119
 64000.000000 -845964.187500 794.324710 3.455815 3.282726 16.557587
 64020.000000 -846996.187500 793.021592 3.669009 3.230881 16.318136
 64040.000000 -843337.562500 794.643144 3.688216 2.912940 16.364488
 64060.000000 -847725.625000 791.428571 3.362441 3.476526 16.557911
 64080.000000 -846988.750000 792.277871 3.447060 3.533460 16.518965
 64100.000000 -843369.187500 796.541587 3.362374 3.569827 16.301955
 64120.000000 -844603.875000 794.648640 3.439175 3.530079 16.324880
 64140.000000 -845997.187500 793.098317 3.385494 3.375518 16.111168
 64160.000000 -843327.812500 795.830214 3.532803 3.291174 16.223668
 64180.000000 -846241.062500 793.180744 3.345103 3.610318 16.331414
 64200.000000 -843710.687500 796.305111 3.492881 3.456200 16.594376
 64220.000000 -846078.500000 795.624959 3.413072 3.275804 16.507755
 64240.000000 -845192.062500 795.658504 3.373234 3.240298 16.570378
 64260.000000 -843516.375000 796.179687 3.153283 3.360941 16.381775
 64280.000000 -844562.750000 794.607685 3.339617 3.328475 16.517474
 64300.000000 -844064.375000 792.908677 3.336611 3.240445 16.336172
 64320.000000 -844160.812500 794.376726 3.366486 3.420123 16.440213
 64340.000000 -844725.187500 794.830199 3.341263 3.325795 16.302607
 64360.000000 -844277.375000 792.845642 3.360066 3.543857 16.504899
 64380.000000 -844617.062500 795.230062 3.734106 3.669959 16.450550
 64400.000000 -844363.312500 795.330353 3.562952 3.560656 16.392247
 64420.000000 -844895.500000 795.665600 3.417127 3.336117 16.556692
 64440.000000 -844876.250000 793.081211 3.390875 3.439743 16.460441
 64460.000000 -845590.250000 793.347593 3.527811 3.505993 16.432005
 64480.000000 -845195.687500 795.269654 3.352550 3.356143 16.632087
 64500.000000 -844822.937500 795.715388 3.376962 3.574248 16.564410
 64520.000000 -844372.125000 797.370732 3.076866 3.254041 16.707367
 64540.000000 -843651.625000 795.681162 3.231695 3.214021 16.420441
 64560.000000 -845062.562500 794.283198 3.183757 3.327724 16.556882
 64580.000000 -843760.125000 792.768446 3.331573 3.300833 16.512313
 64600.000000 -844760.562500 793.921713 3.425924 3.360426 16.682164
 64620.000000 -844771.625000 792.567747 3.411129 3.429745 16.797915
 64640.000000 -846177.312500 792.885695 3.443797 3.513805 16.488377
 64660.000000 -844328.562500 794.899213 3.769143 3.373734 16.603671
 64680.000000 -843427.500000 795.794347 3.797658 3.367529 16.612816
 64700.000000 -844411.312500 795.183907 3.639850 3.359214 16.485055
 64720.000000 -845875.312500 794.407591 3.258730 3.376649 16.656739
 64740.000000 -841637.937500 794.434369 3.110700 3.391024 16.532983
 64760.000000 -845018.687500 795.770189 3.337029 3.256399 16.609327
 64780.000000 -844235.000000 793.157440 3.456534 3.378228 16.588406
 64800.000000 -846003.812500 791.346245 3.502029 3.326718 16.322120
 64820.000000 -844603.187500 795.382142 3.281727 3.363763 16.345644
 64840.000000 -843089.812500 797.019336 3.467860 3.297506 16.602975
 64860.000000 -844185.812500 793.286508 3.348061 3.167938 16.458641
 64880.000000 -846473.125000 796.518009 3.442791 3.313623 16.539733
 64900.000000 -843817.375000 795.400293 3.502594 3.460582 16.256556
 64920.000000 -845098.687500 796.387291 3.590293 3.557087 16.009938
 64940.000000 -846229.250000 794.727427 3.504137 3.165430 16.536187
 64960.000000 -844361.812500 794.715438 3.458768 3.143012 16.665876
 64980.000000 -844065.750000 795.451658 3.332934 3.137355 16.540102
 65000.000000 -845500.375000 794.419164 3.436284 3.001901 16.370344
 65020.000000 -843035.125000 795.041447 3.386903 3.359685 16.612162
 65040.000000 -843963.375000 794.597005 3.389793 3.438248 16.536600
 65060.000000 -845185.562500 793.239618 3.381808 3.294182 16.369598
 65080.000000 -843235.875000 796.544616 3.323743 3.565999 16.357256
 65100.000000 -845419.750000 795.155401 3.749192 3.574371 16.626150
 65120.000000 -841846.437500 801.231340 3.253092 2.485459 5.488352
 65140.000000 -842016.750000 800.725011 3.603863 2.450146 8.206903
 65160.000000 -842325.437500 800.081079 3.794496 3.435937 11.088725
 65180.000000 -843194.562500 797.058204 3.817137 3.483643 11.837401
 65200.000000 -846860.937500 795.776509 3.645160 3.424672 13.651807
 65220.000000 -844429.125000 795.578463 3.267923 3.352844 15.295853
 65240.000000 -845591.937500 795.327866 3.419406 3.377477 15.606975
 65260.000000 -844345.250000 796.437196 3.527169 3.082520 16.123819
 65280.000000 -844990.937500 792.594980 3.487116 3.068883 16.249115
 65300.000000 -845069.750000 791.345319 3.684620 3.229820 16.423305
 65320.000000 -844479.250000 792.228593 3.516914 3.537663 16.609250
 65340.000000 -846876.500000 793.979414 3.511582 3.459907 16.604555
 65360.000000 -844939.062500 793.310374 3.460734 3.273041 16.487360
 65380.000000 -843121.937500 795.989532 3.532385 3.165080 16.383621
 65400.000000 -844936.187500 795.042309 3.484804 3.103746 16.135539
 65420.000000 -845052.750000 795.332202 3.321815 3.473190 16.466677
 65440.000000 -843259.125000 793.413558 3.134173 3.277552 16.605080
 65460.000000 -845080.687500 795.128969 3.545842 3.175409 16.748145
 65480.000000 -846651.875000 793.769211 3.473847 3.223842 16.506068
 65500.000000 -845703.312500 793.553233 3.136470 3.416996 16.329511
 65520.000000 -845416.125000 793.535219 3.468370 3.572134 16.647659
 65540.000000 -842977.375000 794.886647 3.379492 3.601770 16.526198
 65560.000000 -844138.000000 793.827571 3.462877 3.456485 16.235124
 65580.000000 -845431.875000 794.831469 3.561139 3.289055 16.344231
 65600.000000 -845500.562500 794.535747 3.181127 3.338604 16.414672
 65620.000000 -844421.437500 793.327603 3.344750 3.341696 16.476885
 65640.000000 -844108.500000 796.592757 3.223542 3.487798 16.683390
 65660.000000 -845452.375000 793.309705 3.351405 3.493626 16.562781
 65680.000000 -844945.125000 796.565332 3.290266 3.226795 16.586682
 65700.000000 -844686.750000 792.127285 3.278099 3.205891 16.490663
 65720.000000 -844965.000000 796.320197 3.310926 3.267204 16.646423
 65740.000000 -844041.375000 797.651028 3.398365 3.591357 16.557177
 65760.000000 -844216.125000 793.685058 3.674591 3.609986 16.477049
 65780.000000 -846705.062500 796.170402 3.657244 3.334323 16.695315
 65800.000000 -846831.562500 793.440442 3.755562 3.274591 16.599434
 65820.000000 -845908.875000 790.781124 3.704219 3.639559 16.592146
 65840.000000 -846002.937500 795.428351 3.582331 3.464555 16.387661
 65860.000000 -843866.750000 794.356927 3.609443 3.470586 16.336756
 65880.000000 -844182.875000 792.654853 3.653022 3.307624 16.134804
 65900.000000 -844352.312500 796.366694 3.730832 3.351513 16.605434
 65920.000000 -843561.500000 792.822860 3.545515 3.430167 16.399215
 65940.000000 -846139.250000 793.243476 3.468900 3.442466 16.473880
 65960.000000 -846757.375000 793.709666 3.308178 3.412240 16.529876
 65980.000000 -844579.062500 795.439076 3.510297 3.487468 16.375102
 66000.000000 -845644.250000 797.084409 3.544274 3.317047 16.458641
 66020.000000 -845559.062500 791.546501 3.461798 3.353627 16.410944
 66040.000000 -846094.437500 793.867123 3.277982 3.651174 16.635852
 66060.000000 -845516.500000 793.226652 3.525169 3.621638 16.594066
 66080.000000 -844871.875000 795.612362 3.551304 3.705775 16.592149
 66100.000000 -844919.562500 793.789869 3.253812 3.485046 16.419553
 66120.000000 -844396.625000 793.255685 3.249435 3.665926 16.593012
 66140.000000 -845176.625000 792.822580 3.393506 3.273104 16.407761
 66160.000000 -846850.062500 792.557395 3.183204 3.617285 16.523846
 66180.000000 -845548.125000 793.851816 3.329319 3.541185 16.392949
 66200.000000 -846814.625000 793.225431 3.532200 3.481694 16.500089
 66220.000000 -845086.000000 792.298530 3.622936 3.495850 16.416646
 66240.000000 -845862.687500 791.461320 3.425313 3.575178 16.405145
 66260.000000 -844673.250000 793.904450 3.313642 3.231176 16.668403
 66280.000000 -844862.250000 794.809362 3.409194 3.338954 16.747978
 66300.000000 -845396.750000 794.108570 3.549054 3.449620 16.581713
 66320.000000 -842559.437500 795.683273 3.535332 3.479183 16.589869
 66340.000000 -842990.437500 794.735089 3.497017 3.277686 16.458822
 66360.000000 -845021.750000 793.261460 3.319894 3.579307 16.414172
 66380.000000 -845326.625000 795.950196 3.684286 3.383247 16.656236
 66400.000000 -844782.437500 796.053691 3.585846 3.232697 16.805842
 66420.000000 -843193.312500 793.139185 3.633815 3.481895 16.602076
 66440.000000 -845700.750000 793.775526 3.504261 3.749493 16.873868
 66460.000000 -845922.000000 794.077727 3.526191 3.508821 16.701636
 66480.000000 -844927.375000 793.566639 3.518985 3.467496 16.476875
 66500.000000 -843447.437500 795.413613 3.491332 3.400216 16.432879
 66520.000000 -843778.000000 795.482476 3.064590 3.503383 16.357945
 66540.000000 -844360.187500 792.950805 3.315684 3.408482 16.388386
 66560.000000 -845088.000000 796.740789 3.205584 3.647076 16.503704
 66580.000000 -844518.812500 795.889946 3.369476 3.375020 16.379402
 66600.000000 -843809.437500 798.937938 3.518029 3.310110 16.374456
 66620.000000 -844988.125000 795.111127 3.415243 3.261292 16.295630
 66640.000000 -844417.375000 793.250145 3.544176 3.338092 16.505647
 66660.000000 -845740.500000 792.622681 3.704515 3.220114 16.595539
 66680.000000 -845312.687500 795.264328 3.440088 3.422892 16.506735
 66700.000000 -845332.312500 794.395042 3.293671 3.615212 16.322121
 66720.000000 -844709.312500 795.833203 3.495879 3.482278 16.254985
 66740.000000 -846070.125000 795.122823 3.365940 3.403432 16.353389
 66760.000000 -846945.500000 792.939354 3.546200 3.358029 16.359955
 66780.000000 -844871.187500 796.533463 3.256473 3.275788 16.274985
 66800.000000 -845903.500000 795.492519 3.173291 3.531495 16.531497
 66820.000000 -845764.437500 795.133356 3.314594 3.515196 16.518169
 66840.000000 -845057.000000 791.535105 3.079341 3.522208 16.565811
 66860.000000 -844429.562500 795.606076 3.255602 3.380019 16.560802
 66880.000000 -845779.375000 795.528650 3.178767 3.573931 16.470312
 66900.000000 -843860.125000 796.744171 3.372565 3.637369 16.731452
 66920.000000 -845218.687500 794.000769 3.303700 3.570791 16.706540
 66940.000000 -844132.750000 792.812898 3.460321 3.390911 16.604482
 66960.000000 -843718.687500 795.879529 3.177182 3.329203 16.261844
 66980.000000 -843567.437500 795.694325 3.473103 3.559583 16.621006
 67000.000000 -844652.500000 794.589954 3.060698 3.391626 16.581301
 67020.000000 -844803.125000 796.196986 3.240638 3.188411 16.426638
 67040.000000 -845895.375000 797.810167 3.157645 3.311489 16.519067
 67060.000000 -844901.812500 795.935602 3.363059 3.378387 16.354247
 67080.000000 -844060.375000 793.892728 3.301432 3.345765 16.362417
 67100.000000 -844545.562500 793.370853 3.392856 3.355068 16.227139
 67120.000000 -846542.562500 793.200962 3.320008 3.250576 16.453058
 67140.000000 -844208.062500 794.131234 3.307980 3.352122 16.566784
 67160.000000 -844626.437500 795.782645 3.430950 3.160971 16.801583
 67180.000000 -844245.875000 795.896210 3.339045 3.371773 16.714096
 67200.000000 -844145.625000 794.253837 3.441794 3.576164 16.687762
 67220.000000 -843677.937500 795.160120 3.614893 3.485124 16.194155
 67240.000000 -843174.500000 794.670190 3.632548 3.431654 16.247287
 67260.000000 -843709.937500 796.386399 3.537406 3.515040 16.420571
 67280.000000 -844318.625000 796.631544 3.337325 3.674356 16.090742
 67300.000000 -843156.562500 795.440790 3.232422 3.459846 16.276194
 67320.000000 -843102.312500 793.779703 3.170924 3.225575 16.273441
 67340.000000 -845474.562500 793.924135 3.346224 3.396283 16.259533
 67360.000000 -845367.625000 795.869008 3.110808 3.347836 16.647063
 67380.000000 -844795.750000 794.990988 3.151413 3.407810 16.517563
 67400.000000 -844379.812500 794.626687 3.195482 3.617105 16.684642
 67420.000000 -845601.687500 793.012328 3.196887 3.507087 16.580828
 67440.000000 -844925.812500 796.153891 3.133573 3.212652 16.358157
 67460.000000 -844717.312500 793.755666 3.111522 3.443164 16.347357
 67480.000000 -843989.500000 795.547046 3.263366 3.666307 16.366395
 67500.000000 -845020.312500 795.210417 3.406805 3.378083 16.565324
 67520.000000 -844831.375000 794.768723 3.374007 3.376886 16.419765
 67540.000000 -847580.375000 792.476053 3.444241 3.383051 16.443963
 67560.000000 -847206.812500 793.396515 3.192262 3.759916 16.187212
 67580.000000 -845574.312500 795.059999 3.450675 3.325423 16.497376
 67600.000000 -846989.062500 795.124264 3.200371 3.571229 16.643371
 67620.000000 -845106.750000 792.702162 3.378821 3.543145 16.591795
 67640.000000 -846022.062500 792.995179 3.494876 3.397487 16.643882
 67660.000000 -844334.250000 794.058719 3.581651 3.241761 16.539648
 67680.000000 -843529.250000 793.966048 3.344469 3.366535 16.571886
 67700.000000 -843828.750000 796.780585 3.462927 3.066439 16.456598
 67720.000000 -842269.437500 797.287624 3.277324 3.237386 16.276654
 67740.000000 -844776.375000 796.891011 3.404673 3.420894 16.426498
 67760.000000 -843388.062500 798.162141 3.506813 3.604660 16.319460
 67780.000000 -846513.937500 793.704754 3.175028 3.563001 16.392504
 67800.000000 -843576.375000 796.121437 3.145933 3.278330 16.485561
 67820.000000 -843723.062500 795.509843 3.381395 3.470932 16.770755
 67840.000000 -845357.125000 795.588143 3.238533 3.289114 16.494302
 67860.000000 -844445.125000 794.152064 2.922238 3.171179 16.524114
 67880.000000 -845773.937500 792.819489 3.330074 3.425966 16.644441
 67900.000000 -845193.750000 793.257936 3.429337 3.365229 16.426639
 67920.000000 -846211.125000 791.955205 3.468940 3.570183 16.589685
 67940.000000 -844685.875000 796.429029 3.385824 3.400119 16.437500
 67960.000000 -844876.375000 795.758794 3.415727 3.242809 16.476636
 67980.000000 -845254.375000 794.138280 3.533015 3.398613 16.356735
 68000.000000 -846395.062500 792.431122 3.438064 3.549084 16.464607
 68020.000000 -844588.062500 795.822748 3.386012 3.585216 16.377909
 68040.000000 -847405.625000 793.529284 3.321890 3.584408 16.496574
 68060.000000 -845519.937500 792.970636 3.340640 3.335772 16.580253
 68080.000000 -844052.312500 795.077556 3.384353 3.433168 16.593984
 68100.000000 -844554.625000 794.409459 3.554106 3.501761 16.375610
 68120.000000 -845167.562500 795.286209 3.348297 3.560177 16.206704
 68140.000000 -846100.312500 791.992047 3.342804 3.055418 16.444232
 68160.000000 -843737.937500 792.725101 3.182221 3.338110 16.386584
 68180.000000 -845291.750000 792.071728 3.587306 3.287755 16.375348
 68200.000000 -845438.375000 794.110633 3.450888 3.249542 16.320962
 68220.000000 -844572.062500 794.627013 3.298207 3.667771 16.351993
 68240.000000 -845847.062500 795.062451 3.311310 3.580664 16.396248
 68260.000000 -845486.125000 793.773973 3.392970 3.510068 16.412129
 68280.000000 -844637.750000 794.734383 3.307727 3.329027 16.581505
 68300.000000 -843903.125000 796.986598 3.626362 3.483237 16.422501
 68320.000000 -845237.875000 795.208023 3.317262 3.502944 16.646828
 68340.000000 -844735.687500 794.552531 3.666522 3.460027 16.697089
 68360.000000 -845115.562500 795.831705 3.392969 3.263510 16.309261
 68380.000000 -847363.125000 791.179557 3.202501 3.365587 16.290358
 68400.000000 -846395.000000 791.466979 3.203156 3.648110 16.407157
 68420.000000 -846470.812500 793.224616 3.081112 3.424319 16.493433
 68440.000000 -847600.312500 793.397209 3.395055 3.675602 16.494092
 68460.000000 -844793.062500 795.537601 3.438948 3.503712 16.565675
 68480.000000 -844610.687500 794.411232 3.455894 3.443579 16.327818
 68500.000000 -846290.375000 792.613576 3.288421 3.437572 16.419150
 68520.000000 -844974.812500 794.549855 3.480763 3.326347 16.584386
 68540.000000 -845643.562500 793.018958 3.503276 3.300157 16.470973
 68560.000000 -842474.187500 795.030899 3.600652 3.313221 16.325821
 68580.000000 -842609.250000 796.422530 3.377600 3.282549 16.263995
 68600.000000 -845247.875000 795.850520 3.306715 3.403214 16.411029
 68620.000000 -844753.750000 791.876373 3.342579 3.322598 16.189470
 68640.000000 -846316.687500 795.207757 3.522297 3.234821 16.266230
 68660.000000 -845011.562500 794.407304 3.421597 3.192791 16.607893
 68680.000000 -843924.062500 791.683717 3.463739 3.171903 16.591378
 68700.000000 -844686.187500 793.699100 3.753841 3.232604 16.468808
 68720.000000 -846147.750000 793.126664 3.327076 3.248608 16.413503
 68740.000000 -846108.312500 794.319724 3.409937 3.558354 16.506940
 68760.000000 -845402.750000 791.992833 3.390294 3.253726 16.460922
 68780.000000 -846321.937500 795.603419 3.404354 3.366539 16.604771
 68800.000000 -845918.562500 792.691562 3.390342 3.249850 16.670745
 68820.000000 -844606.062500 792.775853 3.461197 3.189197 16.638120
 68840.000000 -846019.500000 793.227425 3.557209 3.163795 16.330247
 68860.000000 -844605.437500 795.377411 3.378279 3.038643 16.539870
 68880.000000 -845096.062500 793.185981 3.371743 3.129248 16.655408
 68900.000000 -844619.500000 796.034860 3.136877 3.099425 16.502840
 68920.000000 -844502.812500 795.157316 3.435527 3.408705 16.661075
 68940.000000 -843995.750000 794.356682 3.227143 3.381446 16.345238
 68960.000000 -845392.687500 794.333154 3.213103 3.420554 16.408325
 68980.000000 -844083.750000 793.421475 3.058311 3.135004 16.436150
 69000.000000 -845760.625000 794.695783 3.395279 3.455749 16.627442
 69020.000000 -843505.687500 794.878833 3.635319 3.474368 16.521179
 69040.000000 -845565.875000 795.163758 3.443880 3.367788 16.376782
 69060.000000 -844985.187500 794.783185 3.467490 3.421111 16.405171
 69080.000000 -844284.062500 794.183299 3.658949 3.410803 16.592713
 69100.000000 -846303.750000 791.443378 3.386780 3.465718 16.576875
 69120.000000 -845231.437500 796.566866 3.261830 3.160582 16.638021
 69140.000000 -846033.437500 793.858965 3.275539 3.086604 16.563705
 69160.000000 -842317.062500 796.553415 3.395717 3.149421 16.199587
 69180.000000 -842706.437500 797.170366 3.293953 3.281093 16.251461
 69200.000000 -845624.187500 794.060026 3.270280 3.110852 16.434677
 69220.000000 -844282.187500 797.146604 3.474060 3.273977 16.350396
 69240.000000 -844072.562500 795.351413 3.582133 3.284387 16.391205
 69260.000000 -845399.437500 795.235926 3.616304 3.485500 16.340664
 69280.000000 -843371.937500 795.160663 3.504407 3.574040 16.549541
 69300.000000 -845162.500000 794.419335 3.249811 3.528438 16.613265
 69320.000000 -844672.062500 793.443052 3.322693 3.440404 16.301714
 69340.000000 -845622.875000 794.652957 3.520828 3.574681 16.193795
 69360.000000 -844110.187500 796.011882 3.457041 3.406672 16.546377
 69380.000000 -845203.875000 794.547266 3.541117 3.297217 16.594576
 69400.000000 -842936.562500 797.700666 3.283023 3.604398 16.490694
 69420.000000 -844332.687500 794.752635 3.373865 3.458914 16.550784
 69440.000000 -843987.000000 793.612482 3.489349 3.240013 16.657896
 69460.000000 -844267.187500 795.402075 3.345189 3.045599 16.361400
 69480.000000 -845188.500000 795.342330 3.223104 3.521679 16.460866
 69500.000000 -844247.875000 796.853554 3.146171 3.392602 16.317805
 69520.000000 -844533.875000 795.039663 3.390440 3.605174 16.350255
 69540.000000 -844100.125000 796.911621 3.378310 3.552497 16.360541
 69560.000000 -845777.250000 793.885415 3.199799 3.556508 16.478747
 69580.000000 -846398.125000 796.449963 3.536679 3.621069 16.525602
 69600.000000 -845824.000000 796.882904 3.557990 3.442229 16.343480
 69620.000000 -843939.250000 793.450802 3.443074 3.243517 16.422962
 69640.000000 -844979.687500 793.073722 3.361939 3.173218 16.297592
 69660.000000 -843650.937500 794.919404 3.540918 3.580306 16.673015
 69680.000000 -846060.000000 796.217647 3.330510 3.687112 16.560781
 69700.000000 -846505.500000 793.718907 3.195441 3.469765 16.606403
 69720.000000 -844013.250000 795.646077 3.356616 3.463258 16.416550
 69740.000000 -844969.062500 795.079071 3.488708 3.270525 16.503705
 69760.000000 -845314.875000 793.154599 3.768685 3.344394 16.600474
 69780.000000 -845283.875000 795.249815 3.515168 3.457561 16.566547
 69800.000000 -846021.125000 792.762277 3.469067 3.472085 16.425660
 69820.000000 -843038.937500 794.077543 3.386055 3.506941 16.362193
 69840.000000 -847518.812500 792.717596 3.433706 3.246205 16.450832
 69860.000000 -843404.562500 795.999883 3.675017 3.230024 16.287095
 69880.000000 -843753.875000 797.266964 3.669091 3.195744 16.326450
 69900.000000 -844315.625000 795.005131 3.495845 3.024548 16.443999
 69920.000000 -845349.062500 796.499966 3.233566 3.427461 16.515461
 69940.000000 -846031.125000 793.364284 3.598749 3.492739 16.417954
 69960.000000 -844744.000000 794.828544 3.465031 3.501327 16.511975
 69980.000000 -844899.687500 794.230417 3.431842 3.516332 16.549724
 70000.000000 -843676.812500 795.854456 3.241074 3.514757 16.549935
 70020.000000 -844723.562500 794.162365 3.325454 3.281632 16.484696
 70040.000000 -845966.812500 794.678861 3.246229 3.259290 16.457990
 70060.000000 -844589.312500 797.473495 3.575282 3.317093 16.491125
 70080.000000 -844488.500000 792.815511 3.427938 3.362539 16.616996
 70100.000000 -846176.375000 794.411370 3.326317 3.494169 16.503890
 70120.000000 -845028.750000 794.171747 3.568547 3.620482 16.299728
 70140.000000 -843342.625000 794.692719 3.501036 3.413782 16.429194
 70160.000000 -843838.437500 795.507646 3.358710 3.475482 16.408917
 70180.000000 -844658.250000 795.702308 3.381717 3.427866 16.301265
 70200.000000 -844348.437500 796.619074 3.417342 3.424833 16.143399
 70220.000000 -843021.187500 795.794204 3.567331 3.257006 16.226354
 70240.000000 -844725.500000 796.126056 3.533235 3.103894 16.295077
 70260.000000 -843770.312500 794.113684 3.442120 3.320097 16.394756
 70280.000000 -844912.625000 794.605702 3.353396 3.272671 16.519913
 70300.000000 -842254.312500 799.002920 2.826575 2.494315 5.363325
 70320.000000 -842410.687500 801.852930 3.164691 3.656759 11.682443
 70340.000000 -845620.937500 794.900868 3.268064 3.429243 13.919046
 70360.000000 -843699.812500 794.613740 3.448442 3.434912 15.252248
 70380.000000 -845765.750000 792.997329 3.512140 3.519901 16.189552
 70400.000000 -846404.937500 791.642447 3.510215 3.438041 16.307579
 70420.000000 -844369.062500 795.671057 3.493960 3.590718 16.304182
 70440.000000 -844846.250000 794.074516 3.420464 3.324995 16.318415
 70460.000000 -845609.000000 793.466013 3.247736 3.301527 16.120427
 70480.000000 -845575.000000 793.276628 3.211955 3.362716 16.365486
 70500.000000 -845266.625000 793.393914 3.300083 3.332140 16.369614
 70520.000000 -844621.437500 795.424412 3.379181 3.269653 16.366110
 70540.000000 -844603.562500 793.836981 3.758384 3.352150 16.798063
 70560.000000 -846009.937500 794.030040 3.649703 3.256641 16.833518
 70580.000000 -845473.937500 793.005128 3.637013 3.363125 16.893442
 70600.000000 -846758.062500 793.924536 3.520233 3.110404 16.897531
 70620.000000 -843602.125000 795.188496 3.607267 3.380333 16.405179
 70640.000000 -843524.312500 794.535173 3.325801 3.364247 16.314650
 70660.000000 -845678.687500 796.665241 3.318159 3.219326 16.464261
 70680.000000 -844821.312500 794.750178 3.288323 3.627303 16.565843
 70700.000000 -844728.750000 795.079069 3.618914 3.235964 16.297621
 70720.000000 -844332.625000 795.421559 3.537632 3.057910 16.434482
 70740.000000 -845472.937500 796.374908 3.432466 3.435470 16.504827
 70760.000000 -845300.625000 795.127924 3.149496 3.389121 16.754280
 70780.000000 -845261.625000 794.205731 3.226223 3.145768 16.712756
 70800.000000 -845642.750000 792.901799 3.266919 3.234959 16.640198
 70820.000000 -845613.625000 792.663463 3.292236 3.387519 16.651684
 70840.000000 -845417.312500 790.540252 3.408009 3.395153 16.503443
 70860.000000 -845208.250000 793.497196 3.203145 3.517183 16.558757
 70880.000000 -845195.875000 792.601723 3.510399 3.400364 16.599956
 70900.000000 -844490.000000 794.258977 3.502854 3.573231 16.447044
 70920.000000 -843406.875000 795.715259 3.495441 3.367296 16.274084
 70940.000000 -845864.250000 794.694915 3.320367 3.604796 16.315133
 70960.000000 -845497.062500 797.830262 3.442728 3.460937 16.493931
 70980.000000 -845714.375000 795.120503 3.289684 3.397608 16.625957
 71000.000000 -844953.875000 793.422342 3.567449 3.585888 16.494763
 71020.000000 -843444.250000 794.297553 3.395351 3.492660 16.393867
 71040.000000 -845293.875000 790.900102 3.394515 3.010802 16.349286
 71060.000000 -845294.750000 795.236195 3.547945 3.188842 16.375478
 71080.000000 -843669.750000 796.321283 3.226844 3.195931 16.401051
 71100.000000 -843635.437500 796.145839 3.428608 3.148002 16.059115
 71120.000000 -844232.312500 794.016416 3.336913 3.542416 16.218456
 71140.000000 -844281.187500 794.879611 3.401535 3.936159 16.467889
 71160.000000 -845428.250000 795.935685 3.294080 3.832637 16.503520
 71180.000000 -842763.062500 796.186621 3.179315 3.618402 16.557620
 71200.000000 -844448.812500 795.465349 3.156547 3.646437 16.516938
 71220.000000 -845444.000000 794.043626 3.558307 3.451592 16.228713
 71240.000000 -844487.562500 795.209117 3.570859 3.577755 16.243823
 71260.000000 -844785.437500 797.210311 3.329746 3.272423 16.562095
 71280.000000 -846030.312500 794.249902 3.464636 3.405670 16.392064
 71300.000000 -843439.250000 793.172055 3.413178 3.331256 16.431743
 71320.000000 -845478.125000 796.170830 3.453619 3.204488 16.556675
 71340.000000 -846256.625000 793.921741 3.433556 3.224454 16.283654
 71360.000000 -845749.375000 794.544650 3.498087 3.366093 16.528828
 71380.000000 -844832.625000 792.766533 3.384546 3.441018 16.606480
 71400.000000 -844226.875000 794.910146 3.507801 3.361743 16.429949
 71420.000000 -843791.312500 794.359340 3.524717 3.198742 16.601966
 71440.000000 -846219.812500 796.217410 3.192971 3.284920 16.387591
 71460.000000 -845641.125000 795.485432 3.526830 3.055685 16.417524
 71480.000000 -844260.750000 793.971598 3.211936 3.233640 16.349100
 71500.000000 -846326.187500 794.874563 3.677975 3.102258 16.205058
 71520.000000 -844700.500000 793.424750 3.482268 3.272605 16.637550
 71540.000000 -846047.187500 793.740675 3.408412 3.368075 16.373658
 71560.000000 -844432.937500 794.984956 3.127222 3.325566 16.458894
 71580.000000 -846842.687500 794.378592 3.122351 3.140670 16.154180
 71600.000000 -847784.187500 791.648522 3.395162 3.351847 16.193242
 71620.000000 -843812.062500 795.803750 3.366322 3.396277 16.441998
 71640.000000 -844209.750000 795.581446 3.446057 3.350047 16.435129
 71660.000000 -844289.250000 793.572858 3.326184 3.412153 16.434892
 71680.000000 -845054.750000 794.581258 3.510015 3.194370 16.288403
 71700.000000 -846663.062500 792.817379 3.288150 3.349683 16.298975
 71720.000000 -844316.125000 794.765021 3.393176 3.310998 16.536287
 71740.000000 -844764.312500 794.010177 3.531018 3.338309 16.186487
 71760.000000 -843910.000000 795.085831 3.460180 3.472899 16.398211
 71780.000000 -845050.812500 796.309242 3.275374 3.540902 16.424884
 71800.000000 -845805.500000 791.994225 3.568369 3.340595 16.397923
 71820.000000 -844128.375000 794.430222 3.509563 3.388253 16.485436
 71840.000000 -844791.437500 795.103140 3.500041 3.623488 16.611896
 71860.000000 -845514.125000 796.023214 3.479263 3.723917 16.692273
 71880.000000 -844921.312500 794.040484 3.241241 3.433080 16.417162
 71900.000000 -845966.562500 795.229641 3.219562 3.646378 16.779105
 71920.000000 -844138.687500 794.540293 3.361843 3.721289 16.274700
 71940.000000 -846601.062500 793.031418 3.259596 3.434508 16.279037
 71960.000000 -843921.937500 795.109532 3.254816 3.355665 16.418577
 71980.000000 -845733.875000 790.097406 3.300835 3.425550 16.480901
 72000.000000 -845147.562500 793.659692 3.378495 3.685330 16.449063
 72020.000000 -844083.875000 797.896055 3.546049 3.377453 16.495428
 72040.000000 -844146.000000 796.410295 3.477826 3.209623 16.502663
 72060.000000 -843592.875000 793.532651 3.268568 3.341706 16.285516
 72080.000000 -845065.062500 794.289254 3.409407 3.497986 16.334031
 72100.000000 -844561.937500 795.068102 3.484648 3.223372 16.256651
 72120.000000 -845980.375000 795.400208 3.336323 3.387829 16.429217
 72140.000000 -845988.437500 794.206085 3.667447 3.383058 16.410897
 72160.000000 -843990.625000 792.188070 3.322531 3.340957 16.432952
 72180.000000 -843725.500000 793.722875 3.495662 3.404177 16.048890
 72200.000000 -844639.500000 794.571296 3.284179 3.581037 16.444826
 72220.000000 -842667.187500 796.872348 3.668796 3.601859 16.304250
 72240.000000 -844053.125000 793.691866 3.506395 3.353324 16.517834
 72260.000000 -844913.812500 792.790430 3.610894 3.427198 16.589209
 72280.000000 -846073.437500 793.279896 3.405215 3.286461 16.348150
 72300.000000 -846172.750000 793.804350 3.395442 3.514373 16.294336
 72320.000000 -843924.937500 796.775734 3.480294 3.563748 16.577029
 72340.000000 -845935.125000 792.021743 3.326020 3.439770 16.466918
 72360.000000 -844570.562500 793.552139 3.149901 3.270261 16.476666
 72380.000000 -844135.000000 794.467071 3.384208 3.373009 16.451356
 72400.000000 -846136.000000 793.311049 3.427014 3.275447 16.235493
 72420.000000 -845400.000000 794.247579 3.628877 3.322628 16.472379
 72440.000000 -845325.062500 794.911508 3.476388 3.597501 16.334010
 72460.000000 -845011.625000 795.757727 3.549765 3.513262 16.423985
 72480.000000 -844940.687500 794.370091 3.477685 3.739477 16.536988
 72500.000000 -845224.625000 796.575007 3.450037 3.603718 16.572557
 72520.000000 -845076.375000 793.634259 3.209420 3.674525 16.599264
 72540.000000 -844236.750000 795.225866 3.455760 3.461199 16.384353
 72560.000000 -845150.312500 796.250279 3.514759 3.590951 16.459631
 72580.000000 -846271.500000 793.388272 3.476908 3.502713 16.442331
 72600.000000 -845474.312500 793.886936 3.318975 3.678529 16.800857
 72620.000000 -842950.250000 794.344062 3.650917 3.895400 16.384570
 72640.000000 -845724.437500 795.636514 3.765466 3.241836 16.645449
 72660.000000 -845966.875000 792.164380 3.429227 3.314515 16.446319
 72680.000000 -846141.125000 792.124319 3.319897 3.298795 16.518306
 72700.000000 -846785.000000 793.052052 3.369687 3.359963 16.590652
 72720.000000 -844251.750000 795.297209 3.501053 3.499059 16.603790
 72740.000000 -845557.187500 794.676670 3.524465 3.349172 16.417007
 72760.000000 -844603.687500 793.372416 3.381002 3.587143 16.384374
 72780.000000 -843902.437500 795.485414 3.598182 3.571822 16.562861
 72800.000000 -845583.250000 792.549066 3.400857 3.518765 16.393524
 72820.000000 -844158.250000 794.398801 3.475499 3.420916 16.516314
 72840.000000 -845575.750000 795.388199 3.503680 3.342631 16.376429
 72860.000000 -845097.375000 796.180751 3.339320 3.414586 16.379924
 72880.000000 -845930.062500 794.347441 3.387769 3.258612 16.513716
 72900.000000 -843523.750000 793.660974 3.062044 3.281202 16.416265
 72920.000000 -845145.625000 797.240643 3.010485 3.341589 16.557232
 72940.000000 -844216.000000 794.495129 3.157714 3.411583 16.526099
 72960.000000 -844938.062500 794.150820 3.143719 3.349261 16.562233
 72980.000000 -845666.437500 791.999439 3.104714 3.134767 16.530284
 73000.000000 -843807.937500 794.087269 3.137967 3.268100 16.517865
 73020.000000 -845630.562500 794.390778 3.386423 3.265644 16.515828
 73040.000000 -844023.375000 795.009444 3.462765 3.321590 16.300796
 73060.000000 -845256.750000 794.374871 3.627331 3.296866 16.363784
 73080.000000 -843028.750000 793.481805 3.258208 3.550241 16.373987
 73100.000000 -846472.375000 795.183898 3.330135 3.283187 16.392850
 73120.000000 -845694.687500 796.059569 3.742381 3.034573 16.246870
 73140.000000 -843840.062500 794.850459 3.607344 3.318229 16.388433
 73160.000000 -847714.562500 791.916252 3.390773 3.099670 16.408730
 73180.000000 -844698.625000 793.125259 3.217925 3.236482 16.542939
 73200.000000 -846050.437500 791.605679 3.153323 3.157104 16.510630
 73220.000000 -846161.625000 793.104191 3.254628 3.070750 16.699994
 73240.000000 -844480.187500 793.591966 3.325433 3.514500 16.718397
 73260.000000 -844580.562500 793.224950 3.414774 3.265892 16.627925
 73280.000000 -847511.687500 790.204681 3.306886 3.277755 16.671417
 73300.000000 -846115.937500 794.227828 3.276459 3.295385 16.256743
 73320.000000 -844376.187500 796.238794 3.301262 3.228662 16.532762
 73340.000000 -844936.125000 794.855017 3.429621 3.358662 16.532372
 73360.000000 -846979.875000 792.720211 3.300073 3.491810 16.765654
 73380.000000 -841486.812500 798.906081 4.440696 3.337880 6.241558
 73400.000000 -842354.812500 798.536319 4.080018 4.020527 10.729393
 73420.000000 -842125.687500 796.577009 3.533889 3.421169 14.506766
 73440.000000 -844788.937500 798.387602 3.333650 3.574361 15.926356
 73460.000000 -843326.750000 793.600894 3.615194 3.496185 16.106507
 73480.000000 -844291.625000 794.454711 3.782703 3.439791 16.568291
 73500.000000 -842779.125000 793.744134 3.472422 3.213357 16.542999
 73520.000000 -846331.375000 792.930746 3.564620 3.158665 16.515097
 73540.000000 -844537.125000 793.896428 3.591447 3.356233 16.646458
 73560.000000 -844312.187500 793.662161 3.768519 3.546333 16.493168
 73580.000000 -845823.062500 795.168515 3.292934 3.393714 16.426099
 73600.000000 -844243.687500 794.198330 3.246583 3.309397 16.388812
 73620.000000 -844555.312500 794.612273 3.402826 3.157891 16.246075
 73640.000000 -843604.250000 793.814439 3.419442 3.298521 16.477124
 73660.000000 -845597.312500 794.975452 3.306343 3.559328 16.449735
 73680.000000 -844578.062500 795.400655 3.694981 3.590634 16.423641
 73700.000000 -844135.687500 794.552666 3.561583 3.304469 16.669071
 73720.000000 -845273.187500 794.641398 3.316564 3.445063 16.560360
 73740.000000 -845643.937500 790.167438 3.315258 3.474323 16.490034
 73760.000000 -845118.312500 795.283170 3.159210 3.506392 16.523335
 73780.000000 -845408.687500 792.721474 3.322812 3.433933 16.371091
 73800.000000 -843931.687500 795.296586 3.393297 3.290130 16.350239
 73820.000000 -846579.250000 792.157303 3.387812 3.383032 16.466461
 73840.000000 -844988.687500 793.031263 3.568190 3.525912 16.733005
 73860.000000 -843608.000000 793.640989 3.441603 3.315835 16.616093
 73880.000000 -847110.062500 790.152742 3.491018 3.452709 16.615055
 73900.000000 -846537.562500 793.101026 3.587855 3.603036 16.515133
 73920.000000 -845305.250000 793.741623 3.618344 3.377086 16.708090
 73940.000000 -845173.875000 792.503173 3.465505 3.583227 16.759821
 73960.000000 -844729.875000 793.340927 3.269745 3.190906 16.743172
 73980.000000 -846100.000000 793.227308 3.102574 3.319110 16.573687
 74000.000000 -843858.000000 795.116868 3.498175 3.236726 16.554353
 74020.000000 -843936.125000 794.619929 3.419197 3.259360 16.759311
 74040.000000 -844374.812500 792.095975 3.311617 3.229268 16.603675
 74060.000000 -843949.812500 793.460940 3.331210 3.225919 16.524192
 74080.000000 -844016.812500 792.938076 3.496658 3.500439 16.565412
 74100.000000 -845218.187500 793.722640 3.282571 3.502199 16.415199
 74120.000000 -845133.125000 795.029842 3.496545 3.448151 16.315032
 74140.000000 -846918.500000 791.104150 3.360526 3.553734 16.070880
 74160.000000 -844914.687500 796.179648 3.183940 3.440171 16.568417
 74180.000000 -844991.562500 791.664387 3.342342 3.406445 16.512659
 74200.000000 -843688.312500 796.918911 3.338795 3.439720 16.537089
 74220.000000 -845188.187500 793.188535 3.419257 3.420092 16.376921
 74240.000000 -845513.187500 795.097185 3.313583 3.438433 16.541588
 74260.000000 -844177.562500 795.570725 3.518294 3.781147 16.353520
 74280.000000 -844746.437500 793.858370 3.695746 3.710688 16.437472
 74300.000000 -846522.125000 793.082242 3.412336 3.425923 16.589148
 74320.000000 -844470.562500 794.448485 3.429886 3.433018 16.502131
 74340.000000 -846575.687500 794.991611 3.262306 3.292333 16.562216
 74360.000000 -843366.500000 796.566837 3.362930 3.379815 16.456104
 74380.000000 -845381.375000 796.753548 3.478410 3.557065 16.132583
 74400.000000 -845467.000000 795.505747 3.345644 3.496792 16.238893
 74420.000000 -845161.562500 795.226049 3.483003 3.318210 16.382561
 74440.000000 -845630.250000 796.240683 3.707017 3.411652 16.175482
 74460.000000 -846240.187500 794.836237 3.661816 3.571512 16.471137
 74480.000000 -844820.312500 796.259715 3.562648 3.341480 16.403446
 74500.000000 -845440.937500 797.497328 3.425287 3.557453 16.400618
 74520.000000 -845885.250000 791.667839 3.366339 3.663996 16.437347
 74540.000000 -845508.812500 793.804194 3.611400 3.713596 16.507352
 74560.000000 -846101.125000 793.738539 3.422513 3.329364 16.366686
 74580.000000 -844193.000000 794.306996 3.361964 3.301266 16.446311
 74600.000000 -845056.750000 793.609943 2.948690 3.344862 16.486354
 74620.000000 -846185.250000 793.612585 3.132484 3.224415 16.333105
 74640.000000 -845578.750000 794.184011 3.301150 3.508063 16.476890
 74660.000000 -845213.062500 795.391528 3.465012 3.377638 16.317459
 74680.000000 -844270.625000 796.883363 3.271706 3.378296 16.578592
 74700.000000 -846686.187500 793.702080 3.058489 3.332969 16.387033
 74720.000000 -843891.687500 793.246982 3.149586 3.326899 16.426251
 74740.000000 -845328.625000 795.366881 3.121137 3.256493 16.482421
 74760.000000 -844652.687500 795.855462 3.043324 3.429662 16.656250
 74780.000000 -844097.250000 794.042380 3.331140 3.533325 16.618717
 74800.000000 -845728.125000 791.398212 3.319936 3.476040 16.549407
 74820.000000 -844442.062500 795.993439 3.549218 3.477684 16.423102
 74840.000000 -846678.562500 793.448182 3.528524 3.379214 16.599279
 74860.000000 -847372.500000 793.079927 3.512068 3.132668 16.592240
 74880.000000 -847063.750000 791.520244 3.580887 3.469384 16.150937
 74900.000000 -845060.312500 793.441915 3.318407 3.199254 16.450638
 74920.000000 -844876.937500 795.391392 3.282299 3.339486 16.759544
 74940.000000 -846458.187500 791.186902 2.974109 3.479817 16.456429
 74960.000000 -845596.687500 791.293344 2.810852 3.366174 16.543685
 74980.000000 -846824.687500 793.215458 3.205721 3.479506 16.565012
 75000.000000 -845977.187500 792.442507 3.445964 3.444922 16.473740
 75020.000000 -845968.625000 794.119427 3.478836 3.533352 16.647071
 75040.000000 -844698.562500 794.836865 3.373282 3.477457 16.727285
 75060.000000 -847249.125000 794.227400 3.320262 3.504151 16.438067
 75080.000000 -842858.375000 794.092990 3.420983 3.372613 16.484787
 75100.000000 -842613.937500 794.344161 3.411995 3.309777 16.397831
 75120.000000 -844740.125000 792.249180 3.527222 3.750961 16.476865
 75140.000000 -845450.062500 793.848628 3.499525 3.684256 16.349680
 75160.000000 -846071.437500 794.464901 3.387206 3.427313 16.694749
 75180.000000 -845507.437500 792.363738 3.241064 3.058324 16.705919
 75200.000000 -846247.187500 791.932087 3.447392 3.422837 16.482945
 75220.000000 -844196.937500 794.460608 3.551243 3.226914 16.597039
 75240.000000 -845841.812500 793.920964 3.493772 3.183909 16.570923
 75260.000000 -846262.750000 791.269390 3.290583 3.356000 16.364472
 75280.000000 -846301.437500 795.247149 3.387720 3.320928 16.455345
 75300.000000 -847661.625000 791.388851 3.459617 3.132376 16.378743
 75320.000000 -844068.250000 793.845528 3.316475 3.271639 16.350143
 75340.000000 -844266.812500 795.240053 3.379166 3.226353 16.462603
 75360.000000 -845676.250000 792.304715 3.483263 3.688611 16.528199
 75380.000000 -845371.500000 791.871642 3.580798 3.462060 16.526209
 75400.000000 -846316.312500 795.015284 3.647189 3.490910 16.542630
 75420.000000 -844215.687500 794.655886 3.591979 3.521157 16.581211
 75440.000000 -846314.437500 792.371550 3.342646 3.358427 16.473801
 75460.000000 -846700.750000 791.949409 3.329611 3.470274 16.338183
 75480.000000 -845217.312500 792.169719 2.914890 3.423537 16.610608
 75500.000000 -845556.875000 793.986110 3.202472 3.468570 16.730098
 75520.000000 -845168.125000 794.147440 3.077809 3.163928 16.432571
 75540.000000 -844966.250000 795.268043 3.208667 3.150928 16.470157
 75560.000000 -844780.437500 793.595847 3.261999 3.091683 16.596158
 75580.000000 -842958.812500 797.725202 3.503906 3.301374 16.548257
 75600.000000 -843287.562500 794.185728 3.382847 3.355418 16.358911
 75620.000000 -844121.250000 795.348482 3.339355 3.557642 16.161608
 75640.000000 -844885.187500 795.956799 3.131959 3.368149 16.345887
 75660.000000 -846174.187500 794.052544 3.128093 3.299529 16.372276
 75680.000000 -843663.812500 795.092033 3.285536 3.422517 16.475334
 75700.000000 -845855.625000 793.192215 3.313572 3.342924 16.461717
 75720.000000 -843207.562500 796.425995 3.350053 3.714919 16.638570
 75740.000000 -843762.562500 797.837858 3.306961 3.427386 16.480001
 75760.000000 -845121.687500 791.997688 3.382659 3.297178 16.349030
 75780.000000 -846558.437500 790.600605 3.580955 3.389747 16.595100
 75800.000000 -844248.312500 793.479691 3.474626 3.451333 16.556941
 75820.000000 -843922.062500 796.003440 3.431150 3.402403 16.512306
 75840.000000 -843159.125000 796.322497 3.370113 3.477010 16.456768
 75860.000000 -843931.687500 793.068934 3.421119 3.649248 16.234044
 75880.000000 -845286.437500 795.118162 3.324418 3.496257 16.583511
 75900.000000 -845064.187500 793.105974 3.404181 3.427651 16.533844
 75920.000000 -845354.687500 792.434847 3.336108 3.578528 16.486527
 75940.000000 -843785.437500 793.736783 3.247814 3.514706 16.880034
 75960.000000 -845213.750000 794.509738 3.142198 3.273070 16.450276
 75980.000000 -844821.312500 793.661121 3.358487 3.291685 16.285928
 76000.000000 -846005.750000 793.152858 3.520920 3.357265 16.449764
 76020.000000 -845982.812500 794.065026 3.535680 3.715099 16.195006
 76040.000000 -844969.562500 793.873506 3.452182 3.434635 16.458705
 76060.000000 -844198.250000 795.105425 3.578705 3.595477 16.509297
 76080.000000 -844787.875000 795.597775 3.538300 3.100271 16.458686
 76100.000000 -844019.062500 796.468610 3.434423 3.085261 16.409734
 76120.000000 -847674.000000 793.433616 3.354730 3.335951 16.349208
 76140.000000 -846090.000000 794.872153 3.412593 3.379197 16.061372
 76160.000000 -845730.562500 792.980677 3.586912 3.480307 16.596269
 76180.000000 -844827.062500 794.987194 3.621526 3.375815 16.773335
 76200.000000 -845092.000000 794.500559 3.533297 3.084684 16.573810
 76220.000000 -844886.375000 793.437965 3.452787 3.535686 16.568428
 76240.000000 -845433.937500 796.151972 3.531367 3.169002 16.606794
 76260.000000 -845260.875000 793.787549 3.589010 3.335991 16.513728
 76280.000000 -846242.687500 794.142167 3.319859 3.324702 16.336163
 76300.000000 -845255.562500 794.602559 3.402925 3.626101 16.434441
 76320.000000 -845705.500000 794.933858 3.403112 3.478430 16.325422
 76340.000000 -843363.437500 794.712012 3.365965 3.679545 16.410544
 76360.000000 -846150.000000 793.424266 3.426049 3.600214 16.115311
 76380.000000 -844896.062500 794.316800 3.373397 3.486482 16.326994
 76400.000000 -843648.437500 796.163668 3.381774 3.435461 16.512953
 76420.000000 -846588.875000 790.403205 3.406020 3.426643 16.595797
 76440.000000 -846073.937500 793.461354 3.477817 3.218413 16.467293
 76460.000000 -843532.687500 798.635843 3.268399 3.134418 16.518618
 76480.000000 -843779.687500 795.005438 3.176207 3.295184 16.182275
 76500.000000 -844991.187500 793.909019 3.275281 3.531169 16.405684
 76520.000000 -844304.750000 797.860340 3.448720 3.296634 16.525699
 76540.000000 -843891.687500 795.459020 3.348611 3.105100 16.651160
 76560.000000 -844582.750000 795.387038 3.576223 3.296977 16.658987
 76580.000000 -844385.437500 794.748826 3.578554 3.230361 16.422451
 76600.000000 -845766.750000 795.842292 3.530301 3.299237 16.453643
 76620.000000 -845345.875000 792.752573 3.334182 3.385451 16.567884
 76640.000000 -843979.687500 794.741983 3.416748 3.435774 16.613460
 76660.000000 -844344.125000 796.156652 3.193557 3.395101 16.377651
 76680.000000 -844429.187500 791.967204 3.227145 3.194960 16.523711
 76700.000000 -843973.187500 793.951698 3.247326 3.135735 16.759367
 76720.000000 -845614.062500 796.459311 3.495495 3.114870 16.632078
 76740.000000 -846088.000000 796.243996 3.406597 3.258085 16.336784
 76760.000000 -845818.937500 794.302686 3.531936 3.435314 16.388763
 76780.000000 -846007.187500 795.301116 3.290746 3.199454 16.584341
 76800.000000 -845421.312500 793.607175 3.373464 3.259266 16.482561
 76820.000000 -843917.187500 795.436599 3.290892 3.490524 16.620604
 76840.000000 -844836.562500 792.757408 3.265425 3.272245 16.440770
 76860.000000 -844171.062500 794.323254 3.533022 3.459925 16.403836
 76880.000000 -844949.562500 795.347023 3.422701 3.645661 16.211247
 76900.000000 -843917.562500 795.976226 3.501727 3.234397 16.585650
 76920.000000 -844946.187500 794.386471 3.497105 3.258901 16.621163
 76940.000000 -845350.937500 793.731696 3.114749 3.100665 16.457636
 76960.000000 -844520.562500 793.765017 3.296207 3.481740 16.592157
 76980.000000 -844548.375000 795.430652 3.474359 3.318498 16.387835
 77000.000000 -845245.937500 793.634812 3.176644 3.552603 16.334878
 77020.000000 -845566.375000 794.046946 3.484826 3.619562 16.446368
 77040.000000 -844268.812500 793.355881 3.497954 3.746784 16.471487
 77060.000000 -845609.750000 792.501152 3.515932 3.656480 16.530651
 77080.000000 -845440.937500 793.953457 3.536270 3.540177 16.429019
 77100.000000 -847061.937500 794.416295 3.252745 3.674101 16.450423
 77120.000000 -845735.937500 792.391330 3.195430 3.317049 16.399343
 77140.000000 -844931.625000 794.389204 3.352467 3.438723 16.375791
 77160.000000 -844606.062500 794.321065 3.316251 3.599518 16.626404
 77180.000000 -845680.812500 793.241119 3.277439 3.724138 16.327073
 77200.000000 -844509.875000 793.909468 3.290111 3.575995 16.529877
 77220.000000 -844691.750000 796.088492 3.652647 3.641317 16.603745
 77240.000000 -843784.375000 795.864747 3.381338 3.644250 16.578691
 77260.000000 -844496.125000 791.620494 3.321606 3.405538 16.644579
 77280.000000 -844775.875000 794.625705 3.575727 3.532707 16.472483
 77300.000000 -847268.750000 793.221759 3.530268 3.550467 16.592841
 77320.000000 -845822.000000 797.412968 3.505612 3.514160 16.443377
 77340.000000 -843864.125000 795.552748 3.597974 3.544367 16.760499
 77360.000000 -845353.437500 794.303033 3.511081 3.494168 16.696823
 77380.000000 -844135.937500 794.604314 3.489547 3.402672 16.622789
 77400.000000 -842934.375000 799.913879 4.189996 3.267786 6.204653
 77420.000000 -841785.125000 797.665234 3.902562 3.032552 6.945672
 77440.000000 -842019.375000 800.407336 4.106357 2.930208 9.761336
 77460.000000 -843297.625000 798.725434 4.042225 2.788999 10.823715
 77480.000000 -842334.187500 798.795704 4.110376 3.296879 13.871941
 77500.000000 -844242.000000 795.536176 3.568177 3.197705 15.475655
 77520.000000 -845542.562500 795.275544 3.328588 3.327230 16.396616
 77540.000000 -844504.375000 793.333387 2.937468 3.588536 16.259916
 77560.000000 -845137.375000 792.977672 3.082016 3.568716 16.178663
 77580.000000 -846269.750000 793.344353 3.600101 3.715715 16.133531
 77600.000000 -843174.687500 795.658325 3.534920 3.645693 16.349853
 77620.000000 -844757.312500 797.258111 3.492227 3.355135 16.323323
 77640.000000 -846836.500000 790.797922 3.617287 3.383081 16.425145
 77660.000000 -845483.500000 792.069011 3.474971 3.674950 16.529167
 77680.000000 -845514.687500 793.538686 3.726394 3.378534 16.743243
 77700.000000 -843550.562500 794.686900 3.406280 3.228786 16.667891
 77720.000000 -845875.500000 794.327358 3.412830 3.271117 16.632931
 77740.000000 -846281.875000 790.905975 3.120597 3.732348 16.407429
 77760.000000 -845015.125000 793.359715 3.387389 3.611193 16.590270
 77780.000000 -846497.125000 795.508299 3.514583 3.548095 16.444478
 77800.000000 -845725.125000 794.018127 3.558168 3.231332 16.622715
 77820.000000 -845012.187500 794.185940 3.687796 3.515123 16.637615
 77840.000000 -847750.125000 791.620886 3.476964 3.594855 16.245956
 77860.000000 -845965.250000 791.197809 3.320626 3.374447 16.391184
 77880.000000 -844894.312500 792.519529 3.202487 3.343079 16.522057
 77900.000000 -845110.125000 795.637792 3.410143 3.199483 16.482031
 77920.000000 -844115.500000 795.327975 3.457723 3.292057 16.481574
 77940.000000 -843124.437500 794.362332 3.434757 3.633225 16.355178
 77960.000000 -845248.625000 791.826619 3.489151 3.548317 16.279433
 77980.000000 -845961.437500 792.723725 3.149896 3.394892 16.376918
 78000.000000 -843912.562500 795.578748 3.043756 3.477278 16.326812
 78020.000000 -844449.500000 794.924272 3.575328 3.226275 16.509485
 78040.000000 -845070.812500 793.616093 3.274813 3.192536 16.441538
 78060.000000 -846268.687500 796.462814 3.435550 3.361501 16.491715
 78080.000000 -844009.437500 793.330086 3.576846 3.462902 16.410927
 78100.000000 -844354.375000 793.632270 3.958191 3.630853 16.431136
 78120.000000 -845858.375000 791.957269 3.718381 3.644691 16.435064
 78140.000000 -845842.812500 793.824185 3.225184 3.743690 16.504549
 78160.000000 -843997.062500 793.679370 3.266536 3.537245 16.393721
 78180.000000 -845949.562500 793.776605 3.500744 3.443202 16.653594
 78200.000000 -845498.000000 793.706981 3.443868 3.490865 16.315931
 78220.000000 -845577.750000 796.321718 3.503191 3.382003 16.244009
 78240.000000 -844147.125000 792.342685 3.397391 3.232987 16.207777
 78260.000000 -844646.125000 795.019767 3.364565 3.322364 16.304423
 78280.000000 -846033.187500 794.188528 3.444192 3.207488 16.402784
 78300.000000 -842672.562500 796.842002 3.393188 3.394309 16.516787
 78320.000000 -843920.812500 794.883431 3.348637 3.478224 16.761008
 78340.000000 -845101.187500 793.527334 3.354069 3.430005 16.431290
 78360.000000 -845779.562500 794.642973 3.324486 3.561428 16.545022
 78380.000000 -847146.437500 795.203824 3.132117 3.431303 16.740883
 78400.000000 -844684.562500 795.453906 3.531259 3.417121 16.769499
 78420.000000 -847435.562500 791.372058 3.457619 3.332120 16.656229
 78440.000000 -845234.500000 794.818199 3.367957 3.664138 16.394627
 78460.000000 -846868.875000 793.542771 3.483921 3.333656 16.560533
 78480.000000 -844331.312500 792.406820 3.456048 3.526731 16.439079
 78500.000000 -846132.375000 794.152331 3.451739 3.503191 16.338114
 78520.000000 -844108.500000 794.025906 3.484420 3.566306 16.479242
 78540.000000 -846569.250000 795.222701 3.515912 3.362302 16.533200
 78560.000000 -844751.937500 794.942921 3.400263 3.443634 16.463110
 78580.000000 -845129.500000 794.532168 3.141677 3.103669 16.328378
 78600.000000 -844529.250000 792.037499 3.195991 3.245052 16.456632
 78620.000000 -845518.750000 794.582291 3.209427 3.170901 16.415980
 78640.000000 -845475.187500 793.022967 3.346820 3.096307 16.492141
 78660.000000 -844518.062500 796.916186 3.561331 3.564298 16.543010
 78680.000000 -844733.562500 793.341627 3.281513 3.705168 16.360703
 78700.000000 -845797.812500 795.570814 3.616518 3.409306 16.511782
 78720.000000 -844116.687500 794.465726 3.527541 3.501953 16.352835
 78740.000000 -845222.500000 794.382527 3.322971 3.234740 16.468030
 78760.000000 -846105.875000 793.844117 3.190372 3.451212 16.375647
 78780.000000 -846060.125000 798.063785 3.464920 3.189248 16.346039
 78800.000000 -844775.875000 792.798799 3.262599 3.151309 16.332910
 78820.000000 -845467.125000 791.350288 3.271936 3.347658 16.510000
 78840.000000 -845261.062500 794.046170 3.156863 3.387969 16.240322
 78860.000000 -845207.437500 792.801760 3.254179 3.377959 16.286042
 78880.000000 -844401.437500 795.267749 3.269759 3.112786 16.359097
 78900.000000 -844099.500000 795.990903 3.373588 3.405727 16.194140
 78920.000000 -847244.625000 795.441547 3.404142 3.162352 16.451351
 78940.000000 -843486.750000 792.902206 3.433957 3.692193 16.773459
 78960.000000 -846206.562500 794.416344 3.666719 3.292454 16.687276
 78980.000000 -844814.750000 793.876442 3.640372 3.323360 16.663720
 79000.000000 -845921.937500 791.832895 3.600498 3.519244 16.585846
 79020.000000 -845705.750000 792.634553 3.641879 3.376396 16.684893
 79040.000000 -845810.250000 793.193106 3.279417 3.548242 16.560404
 79060.000000 -845748.437500 794.849117 3.223339 3.670943 16.660938
 79080.000000 -845761.875000 794.318158 3.500152 3.703932 16.477788
 79100.000000 -846427.562500 793.383061 3.442755 3.558282 16.820505
 79120.000000 -843972.500000 794.021507 3.351383 3.461130 16.750941
 79140.000000 -845801.062500 792.997764 3.248513 3.248034 16.611035
 79160.000000 -846082.687500 793.722789 3.588757 3.322516 16.552724
 79180.000000 -846177.437500 791.870488 3.503405 3.236151 16.484889
 79200.000000 -845484.187500 793.589598 3.447914 3.588158 16.615375
 79220.000000 -843998.187500 795.476356 3.160471 3.302861 16.399767
 79240.000000 -844393.937500 794.525518 3.499368 3.231586 16.220109
 79260.000000 -846268.500000 796.636449 3.338710 3.253114 16.183784
 79280.000000 -845080.937500 794.437111 3.345208 3.163758 16.408491
 79300.000000 -844230.687500 792.860754 3.033591 3.243561 16.369769
 79320.000000 -844607.187500 793.288022 3.421585 3.307917 16.804996
 79340.000000 -846318.562500 791.555554 3.235562 3.540599 16.725612
 79360.000000 -845101.812500 793.210396 3.195280 3.576055 16.563228
 79380.000000 -845085.187500 794.118357 3.178294 3.239762 16.752626
 79400.000000 -845621.062500 795.006937 3.154690 3.422813 16.687562
 79420.000000 -846564.187500 791.241863 3.255557 3.169945 16.502966
 79440.000000 -843665.937500 795.848234 3.388421 3.261444 16.510874
 79460.000000 -845808.812500 793.762418 3.399115 3.397948 16.577105
 79480.000000 -846541.000000 794.891202 3.286778 3.323037 16.597513
 79500.000000 -845928.375000 793.796021 3.463295 3.470671 16.661551
 79520.000000 -845765.687500 794.651711 3.491033 3.197590 16.751769
 79540.000000 -845131.187500 791.442836 3.188691 3.546250 16.602745
 79560.000000 -844517.312500 792.826287 3.033384 3.459754 16.633778
 79580.000000 -847407.750000 793.632175 3.362376 3.298235 16.588576
 79600.000000 -844367.437500 794.386987 3.269460 3.243864 16.701648
 79620.000000 -844653.125000 793.792671 3.361681 3.290251 16.517117
 79640.000000 -846873.812500 795.990060 3.427301 3.649231 16.375844
 79660.000000 -844309.437500 792.952562 3.484600 3.565043 16.432868
 79680.000000 -846124.125000 792.040690 3.292182 3.234758 16.516615
 79700.000000 -843134.187500 796.033888 3.134689 3.356662 16.445453
 79720.000000 -844608.125000 794.512085 3.432332 3.163771 16.232817
 79740.000000 -843588.000000 797.936602 3.158928 3.417529 16.365073
 79760.000000 -848924.437500 791.161032 3.616164 3.316054 16.417921
 79780.000000 -843581.375000 794.612990 3.532481 3.659167 16.654199
 79800.000000 -845237.125000 794.744248 3.491967 3.442493 16.633488
 79820.000000 -845685.750000 795.419624 3.547172 3.417681 16.336563
 79840.000000 -844809.375000 794.378696 3.525350 3.200941 16.359489
 79860.000000 -845893.250000 794.062146 3.291389 3.318528 16.266248
 79880.000000 -843463.187500 798.294753 3.060978 3.365168 16.551707
 79900.000000 -843665.312500 796.195034 3.244844 3.380704 16.420284
 79920.000000 -843891.750000 793.046495 3.323652 3.161232 16.496822
 79940.000000 -845689.375000 794.619738 3.384487 3.087660 16.655451
 79960.000000 -845949.750000 794.831066 3.220605 3.515658 16.604893
 79980.000000 -845390.187500 795.402200 3.131842 3.408161 16.612421
 80000.000000 -846010.937500 794.795608 3.288777 3.501239 16.673136
 80020.000000 -845593.500000 792.000346 3.392720 3.239330 16.481237
 80040.000000 -844898.437500 796.658551 3.532370 3.480237 16.401441
 80060.000000 -844308.062500 791.031905 3.563678 3.516122 16.443552
 80080.000000 -845039.312500 794.204058 3.386896 3.269331 16.247706
 80100.000000 -845440.562500 795.733932 3.632894 3.266574 16.337980
 80120.000000 -844950.687500 793.303715 3.279102 3.175481 16.388374
 80140.000000 -842982.875000 795.613097 3.270858 3.420056 16.424274
 80160.000000 -844743.625000 794.394513 3.313688 3.427696 16.514776
 80180.000000 -844479.375000 796.411519 3.263797 3.310882 16.501041
 80200.000000 -843666.875000 795.519882 3.416453 3.414293 16.509302
 80220.000000 -843476.750000 795.534806 3.512123 3.245253 16.446415
 80240.000000 -845477.687500 795.610065 3.607731 3.311203 16.421339
 80260.000000 -843162.625000 795.277919 3.493099 3.392859 16.503563
 80280.000000 -846560.437500 791.819702 3.482302 3.521148 16.182332
 80300.000000 -845803.625000 791.500295 3.322415 3.611974 16.404600
 80320.000000 -845505.500000 792.543005 3.254787 3.667753 16.366989
 80340.000000 -845109.687500 794.257262 3.360321 3.492506 16.349216
 80360.000000 -845929.125000 795.184484 3.377335 3.521104 16.488916
 80380.000000 -843914.250000 793.827642 3.282534 3.344206 16.383080
 80400.000000 -845145.437500 795.671185 3.091503 3.461469 16.413643
 80420.000000 -843539.375000 796.817347 3.305508 3.526257 16.263972
 80440.000000 -845930.250000 794.228171 3.665587 3.376495 16.403321
 80460.000000 -845627.437500 794.084190 3.351653 3.303597 16.435988
 80480.000000 -844882.500000 794.071154 3.763641 3.366414 16.457156
 80500.000000 -845389.687500 793.638966 3.639680 3.317700 16.499452
 80520.000000 -845469.687500 795.644986 3.469713 3.456981 16.433735
 80540.000000 -844423.187500 792.844603 3.703139 3.413136 16.655488
 80560.000000 -845392.125000 794.340988 3.239512 3.167576 16.621077
 80580.000000 -846833.875000 795.423655 3.435471 3.311017 16.511897
 80600.000000 -844615.250000 795.170275 3.416827 3.082008 16.590903
 80620.000000 -846285.562500 795.889288 3.345834 3.271432 16.531831
 80640.000000 -845415.937500 791.842915 3.410042 3.162458 16.503198
 80660.000000 -845348.062500 792.032570 3.318783 3.182789 16.566941
 80680.000000 -844443.062500 792.901943 3.439227 3.379033 16.400133
 80700.000000 -844741.625000 795.188169 3.482268 3.598915 16.466807
 80720.000000 -844991.375000 793.984457 3.472241 3.516825 16.749057
 80740.000000 -845697.125000 793.019992 3.731160 3.543363 16.637686
 80760.000000 -845446.625000 794.060883 3.403361 3.633288 16.547662
 80780.000000 -843975.062500 795.031527 3.267164 3.503579 16.587215
 80800.000000 -844887.187500 795.087469 3.569552 3.406048 16.274889
 80820.000000 -844944.937500 794.413080 3.497727 3.391290 16.419649
 80840.000000 -846260.562500 791.970435 3.231803 3.663942 16.426382
 80860.000000 -845006.375000 796.400590 3.269499 3.391648 16.289094
 80880.000000 -844394.812500 796.376893 3.279798 3.510135 16.359858
 80900.000000 -843300.312500 794.894624 3.312579 2.993255 16.359256
 80920.000000 -845577.937500 792.694499 3.111669 3.413117 16.432564
 80940.000000 -845623.437500 792.748141 3.196772 3.515599 16.695460
 80960.000000 -845242.750000 794.373810 3.218196 3.555314 16.680216
 80980.000000 -843793.562500 794.926806 3.422578 3.505636 16.458407
 81000.000000 -844763.250000 797.195798 3.518550 3.443794 16.473034
 81020.000000 -845093.750000 794.663816 3.356523 3.273583 16.560448
 81040.000000 -842983.625000 795.320064 3.347894 3.305629 16.421133
 81060.000000 -845412.500000 795.608807 3.010816 3.179967 16.160132
 81080.000000 -845220.687500 794.271378 3.360538 3.253462 16.584391
 81100.000000 -845784.875000 793.542585 3.418840 3.402002 16.526815
 81120.000000 -846228.750000 796.290676 3.513442 3.363856 16.501534
 81140.000000 -844158.500000 795.916413 3.617232 3.564110 16.413449
 81160.000000 -845836.625000 792.871651 3.305418 3.292718 16.525714
 81180.000000 -845612.250000 792.327902 3.317230 3.416188 16.512406
 81200.000000 -846549.250000 793.752206 3.308899 3.399751 16.647736
 81220.000000 -845546.687500 794.493372 3.302316 3.589431 16.550565
 81240.000000 -846667.250000 791.020676 3.257435 3.467932 16.403648
 81260.000000 -845765.750000 794.229853 3.501103 3.523282 16.622484
 81280.000000 -842886.500000 796.034137 3.405794 3.420211 16.262364
 81300.000000 -845482.875000 795.338501 3.280001 3.377937 16.540768
 81320.000000 -845257.250000 794.004557 3.543900 3.522506 16.670755
 81340.000000 -845631.187500 793.835947 3.622824 3.439987 16.572258
 81360.000000 -846178.500000 793.985447 3.724519 3.518264 16.744577
 81380.000000 -845752.062500 794.010074 3.748065 3.354022 16.646842
 81400.000000 -844748.812500 794.865370 3.496078 3.131685 16.756989
 81420.000000 -844995.562500 793.162752 3.335952 3.356423 16.620208
 81440.000000 -844749.437500 794.582021 3.267483 3.266774 16.701802
 81460.000000 -843369.187500 796.394008 3.120341 3.398960 16.599794
 81480.000000 -844522.562500 795.842127 3.272414 3.523305 16.594861
 81500.000000 -843421.937500 792.178948 3.460749 3.275273 16.552061
 81520.000000 -844666.562500 794.952019 3.378174 3.606540 16.422603
 81540.000000 -845304.750000 795.670158 3.302312 3.741412 16.496338
 81560.000000 -845052.062500 793.704987 3.312912 3.822935 16.483972
 81580.000000 -845751.250000 791.934692 3.262587 3.815122 16.441735
 81600.000000 -847044.187500 792.309365 3.344165 3.537624 16.570471
 81620.000000 -844524.125000 796.188553 3.273187 3.308726 16.389043
 81640.000000 -847239.750000 792.626320 3.407479 3.537267 16.504946
 81660.000000 -845503.812500 792.217337 3.534776 3.329475 16.587370
 81680.000000 -845376.187500 794.532745 3.688196 3.363184 16.547127
 81700.000000 -846422.875000 792.490215 3.212696 3.602715 16.605575
 81720.000000 -845988.562500 790.492444 3.210803 3.415372 16.519671
 81740.000000 -846141.812500 793.973232 3.360249 3.535831 16.506167
 81760.000000 -845908.812500 793.983245 3.433459 3.439723 16.415519
 81780.000000 -846080.687500 795.374110 3.243511 3.377031 16.644657
 81800.000000 -847029.625000 791.567686 3.240414 3.615987 16.641072
 81820.000000 -844581.187500 793.373077 3.551730 3.382301 16.380435
 81840.000000 -844303.687500 794.315559 3.485634 3.454935 16.525957
 81860.000000 -846537.875000 793.282221 3.506389 3.448466 16.389144
 81880.000000 -845113.687500 793.864200 3.373733 3.470744 16.351262
 81900.000000 -845517.687500 794.815650 3.318862 3.584895 16.592458
 81920.000000 -845137.812500 796.692845 3.490777 3.438370 16.596593
 81940.000000 -845549.062500 791.708930 3.427640 3.579477 16.562257
 81960.000000 -845616.062500 794.983819 3.623370 3.348751 16.433909
 81980.000000 -845761.312500 791.617405 3.518995 3.436555 16.362386
 82000.000000 -843931.812500 793.101268 3.417055 3.410632 16.480820
 82020.000000 -846153.312500 793.318054 3.254605 3.250914 16.730781
 82040.000000 -845737.562500 790.811969 3.200408 3.231629 16.814503
 82060.000000 -845829.000000 793.621570 3.398531 3.402269 16.327742
 82080.000000 -845908.875000 793.309230 3.264306 3.418657 16.311673
 82100.000000 -845895.187500 793.080171 3.720737 3.503526 16.486983
 82120.000000 -845408.000000 795.808505 3.755840 3.432087 16.840259
 82140.000000 -845615.125000 792.239813 3.464036 3.709584 16.624730
 82160.000000 -846121.812500 795.151563 3.319772 3.537186 16.523710
 82180.000000 -844725.250000 791.674851 3.283197 3.489471 16.634818
 82200.000000 -844670.812500 792.092569 3.418170 3.283379 16.546716
 82220.000000 -845265.562500 794.490174 3.263243 3.256489 16.744805
 82240.000000 -846105.687500 791.583255 3.286776 3.398293 16.547119
 82260.000000 -846513.500000 791.591812 3.451979 3.124198 16.664796
 82280.000000 -844344.500000 793.405216 3.312048 3.303775 16.561930
 82300.000000 -845351.562500 791.977253 3.807920 3.215962 16.655079
 82320.000000 -845024.875000 793.463343 3.596365 3.332770 16.720680
 82340.000000 -847419.437500 791.192372 3.411679 3.234453 16.371631
 82360.000000 -846130.125000 794.120031 3.423329 3.360100 16.452357
 82380.000000 -845103.000000 794.695314 3.446742 3.359902 16.496627
 82400.000000 -845963.812500 792.658754 3.649470 3.256792 16.501764
 82420.000000 -845629.312500 794.210109 3.501230 3.262263 16.600526
 82440.000000 -845789.500000 795.262658 3.330516 3.074050 16.599746
 82460.000000 -847159.437500 792.364455 3.426234 3.210540 16.482337
 82480.000000 -846019.000000 793.097836 3.286029 3.411187 16.791945
 82500.000000 -846351.562500 791.918099 2.874814 3.264592 16.594524
 82520.000000 -843763.812500 798.537405 3.107497 3.426983 16.488605
 82540.000000 -846083.812500 794.345859 3.266392 3.243191 16.440757
 82560.000000 -845600.750000 795.527491 3.072601 3.490207 16.466277
 82580.000000 -845313.000000 794.319174 3.031625 3.526609 16.534218
 82600.000000 -846381.500000 794.277077 2.880536 3.376579 16.538675
 82620.000000 -845676.875000 793.920235 3.273408 3.696912 16.495421
 82640.000000 -847084.937500 794.480099 3.365691 3.397233 16.566457
 82660.000000 -845877.875000 794.277114 3.341956 3.552877 16.711603
 82680.000000 -845024.875000 794.385332 3.255855 3.308770 16.722736
 82700.000000 -844515.625000 795.235286 3.665142 3.311627 16.554609
 82720.000000 -844706.375000 793.547730 3.964765 3.192006 16.280619
 82740.000000 -846469.625000 793.573014 3.590491 3.105481 16.318405
 82760.000000 -845806.250000 790.831072 3.475052 3.456337 16.281118
 82780.000000 -845623.812500 793.977880 3.542819 3.371758 16.300442
 82800.000000 -842749.562500 795.643172 3.575355 3.457400 16.378746
 82820.000000 -845473.875000 790.854937 3.432175 3.127032 16.307814
 82840.000000 -845776.687500 794.830775 3.369818 3.055791 16.325451
 82860.000000 -844758.250000 796.823156 3.303199 3.408496 16.297111
 82880.000000 -845567.625000 793.881034 3.409725 3.139238 16.335368
 82900.000000 -841972.875000 796.469248 3.284466 3.455411 16.594925
 82920.000000 -844388.125000 794.196523 3.322536 3.486962 16.593651
 82940.000000 -845688.437500 791.087911 3.159062 3.553519 16.677482
 82960.000000 -845549.875000 794.320126 3.320912 3.248734 16.560839
 82980.000000 -845395.875000 792.091319 3.591158 3.513637 16.631262
 83000.000000 -845219.687500 793.851077 3.532963 3.422679 16.292384
 83020.000000 -845732.812500 794.368499 3.374846 3.298517 16.325136
 83040.000000 -844937.937500 794.232616 3.544745 3.717463 16.396900
 83060.000000 -845198.187500 793.446535 3.542937 3.531330 16.121434
 83080.000000 -845222.500000 795.694946 3.222123 3.604140 16.530269
 83100.000000 -844818.312500 795.068900 3.309628 3.640617 16.636631
 83120.000000 -845609.937500 793.749867 3.450632 3.488509 16.571777
 83140.000000 -846360.625000 795.576218 3.387182 3.065894 16.347266
 83160.000000 -845993.812500 794.770329 3.384535 3.225484 16.626802
 83180.000000 -844356.187500 794.515923 3.264661 3.224779 16.625947
 83200.000000 -843981.750000 794.505303 3.160000 3.262286 16.712924
 83220.000000 -842821.062500 795.691388 3.175676 3.499578 16.450398
 83240.000000 -843509.937500 794.012205 3.348325 3.323083 16.583777
 83260.000000 -844866.687500 793.754190 3.292330 3.580733 16.527710
 83280.000000 -845511.125000 793.859504 3.362924 3.493723 16.328333
 83300.000000 -844848.375000 796.428303 3.579113 3.588764 16.428338
 83320.000000 -845417.812500 794.269311 3.603078 3.580773 16.277823
 83340.000000 -844105.875000 797.175396 3.471332 3.501887 16.616302
 83360.000000 -844066.250000 794.356332 3.441881 3.394277 16.342399
 83380.000000 -845293.312500 795.871669 3.182319 3.167787 16.558765
 83400.000000 -843840.187500 794.020487 3.266062 3.365981 16.673158
 83420.000000 -845289.375000 794.721385 3.224159 3.375073 16.469285
 83440.000000 -845611.437500 795.743412 3.125275 3.274230 16.398978
 83460.000000 -843981.500000 795.045179 3.561951 3.293082 16.433487
 83480.000000 -844789.625000 792.010343 3.589205 3.300956 16.611262
 83500.000000 -845639.375000 793.637074 3.440841 3.283294 16.737225
 83520.000000 -844849.687500 792.781402 3.477887 3.493779 16.673420
 83540.000000 -844257.375000 796.617020 3.515080 3.723525 16.441276
 83560.000000 -843588.375000 793.795029 3.459015 3.518257 16.484396
 83580.000000 -845627.750000 793.072612 3.422805 3.216496 16.459894
 83600.000000 -845337.562500 795.615200 3.395370 3.397715 16.629126
 83620.000000 -845789.437500 794.466624 3.399240 3.129855 16.632306
 83640.000000 -842891.187500 795.325864 3.601670 3.259751 16.567501
 83660.000000 -845207.125000 794.371740 3.200307 3.357413 16.602820
 83680.000000 -844666.875000 795.739274 3.188949 3.564868 16.398694
 83700.000000 -842626.125000 796.607819 3.541354 3.384522 16.076367
 83720.000000 -845737.625000 793.825231 3.476365 3.344439 16.060367
 83740.000000 -842189.187500 794.497879 3.460790 3.488329 16.333200
 83760.000000 -843663.875000 794.593155 3.482373 3.386556 16.529517
 83780.000000 -844243.937500 791.725527 3.342724 3.381192 16.589704
 83800.000000 -843474.500000 796.252483 3.400215 3.526036 16.642625
 83820.000000 -845893.750000 794.989552 3.345269 3.481083 16.627467
 83840.000000 -844515.312500 796.100860 3.350449 3.443316 16.443070
 83860.000000 -845658.125000 795.296229 3.210218 3.350982 16.198870
 83880.000000 -848461.812500 791.985840 3.277726 3.179492 16.535962
 83900.000000 -845327.375000 793.476819 3.525481 3.222588 16.653679
 83920.000000 -844095.187500 796.792740 3.633060 3.411873 16.518917
 83940.000000 -845780.000000 793.940035 3.490224 3.619754 16.393917
 83960.000000 -846926.812500 793.691599 3.518381 3.521591 16.662427
 83980.000000 -844703.562500 795.665637 3.160637 3.413035 16.323680
 84000.000000 -845954.562500 795.739438 3.410932 3.466915 16.361080
 84020.000000 -843325.437500 794.183442 3.368888 3.329061 16.299196
 84040.000000 -844185.187500 795.512983 3.510513 3.301195 16.419940
 84060.000000 -845855.625000 792.840303 3.404928 3.235446 16.417546
 84080.000000 -846417.562500 796.041153 3.313756 3.488833 16.512551
 84100.000000 -844067.000000 794.749436 3.366941 3.467586 16.393395
 84120.000000 -846648.125000 795.319927 3.319956 3.392276 16.440170
 84140.000000 -845236.812500 793.000187 3.154206 3.579893 16.253416
 84160.000000 -843964.312500 793.912581 3.474193 3.533515 16.514100
 84180.000000 -844607.750000 794.595684 3.618337 3.604435 16.478841
 84200.000000 -844693.062500 795.177970 3.483767 3.519707 16.384996
 84220.000000 -844757.562500 793.406607 3.552271 3.343820 16.726755
 84240.000000 -843363.125000 795.939640 3.144461 3.378950 5.232896
 84260.000000 -844154.750000 801.978259 3.909208 3.150647 9.795906
 84280.000000 -841987.125000 800.050146 4.264278 3.619930 12.841593
 84300.000000 -845423.125000 794.415279 3.637625 3.780334 15.104781
 84320.000000 -843796.500000 794.540597 3.643695 3.723890 16.162125
 84340.000000 -844842.187500 795.789124 3.547975 3.658246 16.497670
 84360.000000 -844896.750000 792.569712 3.143222 3.453508 16.550687
 84380.000000 -847208.875000 791.372945 3.240951 3.528926 16.349750
 84400.000000 -845826.250000 793.013728 3.579055 3.479252 16.298423
 84420.000000 -846302.125000 793.538737 3.325990 3.524264 16.301658
 84440.000000 -845452.187500 794.056385 3.222319 3.427286 16.506802
 84460.000000 -843822.375000 792.364146 3.373226 3.342909 16.447358
 84480.000000 -845637.625000 795.744793 3.225301 3.262637 16.442256
 84500.000000 -844465.625000 796.541738 3.447649 3.200267 16.403608
 84520.000000 -844741.062500 795.374106 3.181962 3.425516 16.272402
 84540.000000 -847607.937500 791.718467 3.418795 3.589021 16.707228
 84560.000000 -845211.937500 794.895134 3.359861 3.380805 16.389693
 84580.000000 -844759.375000 793.801185 3.108388 3.611426 16.355711
 84600.000000 -846248.000000 792.269029 3.336587 3.418141 16.306825
 84620.000000 -843444.312500 796.382184 3.333467 3.170867 16.358264
 84640.000000 -846215.375000 793.162311 3.489865 3.460225 16.431450
 84660.000000 -845790.125000 794.108207 3.714966 3.413397 16.649851
 84680.000000 -844462.750000 793.127521 3.518244 3.443195 16.491552
 84700.000000 -844396.625000 794.151123 3.366760 3.500839 16.555860
 84720.000000 -844184.937500 793.497105 3.064598 3.710017 16.273893
 84740.000000 -846393.375000 793.042325 3.303555 3.569879 16.330355
 84760.000000 -847447.250000 793.619804 3.382114 3.303607 16.612795
 84780.000000 -845586.875000 793.284140 3.416420 3.542588 16.372015
 84800.000000 -844554.875000 794.353172 3.441602 3.459971 16.508995
 84820.000000 -845318.750000 794.402963 3.357080 3.247675 16.367388
 84840.000000 -845976.125000 793.495010 3.142341 3.332947 16.537977
 84860.000000 -843925.375000 795.678538 3.306347 3.627260 16.544057
 84880.000000 -844368.500000 794.881144 3.334895 3.644912 16.409197
 84900.000000 -844120.875000 794.135236 3.339698 3.391619 16.366044
 84920.000000 -845173.000000 796.684862 3.390632 3.414257 16.402443
 84940.000000 -844862.000000 795.742761 3.291091 3.342116 16.416136
 84960.000000 -845632.312500 792.781766 3.316549 3.432909 16.644543
 84980.000000 -845128.500000 792.783795 3.135762 3.307105 16.481503
 85000.000000 -844750.375000 796.397436 3.209446 3.424156 16.540026
 85020.000000 -844797.375000 795.300565 3.196583 3.561100 16.647596
 85040.000000 -844347.000000 795.867823 3.276344 3.223250 16.509690
 85060.000000 -844431.062500 796.004570 3.242962 3.285574 16.635195
 85080.000000 -844540.187500 795.110457 3.392828 3.420177 16.387573
 85100.000000 -845348.250000 795.959058 3.386915 3.610846 16.525990
 85120.000000 -847211.812500 792.407400 3.238626 3.237172 16.438199
 85140.000000 -843844.437500 795.394822 3.257459 3.078363 16.422777
 85160.000000 -842747.687500 795.118704 3.177265 3.347655 16.347339
 85180.000000 -846489.500000 792.511715 3.445253 3.475129 16.396246
 85200.000000 -845722.687500 793.852159 3.505678 3.539270 16.668383
 85220.000000 -845505.875000 794.187474 3.348381 3.622200 16.654980
 85240.000000 -846043.375000 793.565307 3.246572 3.607554 16.655343
 85260.000000 -845690.312500 793.575092 3.293118 3.186293 16.654798
 85280.000000 -845870.750000 793.315365 3.366091 3.295669 16.693097
 85300.000000 -846099.125000 792.818672 3.375865 3.282598 16.481705
 85320.000000 -846765.375000 792.157644 3.594329 3.207856 16.428229
 85340.000000 -844619.875000 794.661773 3.325013 3.248620 16.193117
 85360.000000 -844675.250000 794.384668 3.333585 3.399270 16.375877
 85380.000000 -844343.437500 793.174891 3.342847 2.950197 16.226386
 85400.000000 -844542.312500 794.413011 3.204470 3.433903 16.322395
 85420.000000 -845317.312500 794.422857 3.324734 3.740385 16.754391
 85440.000000 -844876.375000 793.523129 3.530593 3.497706 16.313417
 85460.000000 -845282.312500 795.221988 3.438887 3.194093 16.531915
 85480.000000 -846840.875000 792.384584 3.754915 3.472260 16.590213
 85500.000000 -844926.687500 791.155600 3.620276 3.493214 16.496772
 85520.000000 -845149.437500 794.953198 3.483021 3.420742 16.629074
 85540.000000 -844677.625000 792.862168 3.076531 3.169827 16.594335
 85560.000000 -845446.937500 793.245586 3.127430 3.584212 16.543138
 85580.000000 -843506.562500 794.720974 3.024476 3.570456 16.666002
 85600.000000 -843824.562500 793.719874 3.310728 3.622392 16.385039
 85620.000000 -844970.187500 797.012452 3.350630 3.554234 16.384587
 85640.000000 -843035.062500 796.568408 3.590757 3.332641 16.397924
 85660.000000 -845431.625000 793.304094 3.649711 3.521183 16.377699
 85680.000000 -846849.437500 792.403717 3.580212 3.377813 16.423973
 85700.000000 -846347.062500 792.973070 3.549481 3.106450 16.462814
 85720.000000 -844648.000000 794.878185 3.565068 3.287631 16.634795
 85740.000000 -843761.812500 793.816070 3.313825 3.349161 16.756232
 85760.000000 -843365.000000 794.374017 3.195864 3.411454 16.538215
 85780.000000 -844717.500000 792.423690 3.045995 3.375791 16.577666
 85800.000000 -842890.312500 794.190345 3.303059 3.254782 16.703466
 85820.000000 -845393.437500 794.149626 3.135686 3.225300 16.392963
 85840.000000 -846824.750000 793.530436 3.405735 3.524836 16.547176
 85860.000000 -843531.375000 794.283298 3.295731 3.367147 16.656328
 85880.000000 -844835.375000 794.890763 3.346170 3.217180 16.724094
 85900.000000 -844143.875000 795.279956 3.496265 3.157474 16.543979
 85920.000000 -844945.687500 794.637050 3.435257 3.210021 16.333312
 85940.000000 -844744.812500 794.657012 3.439161 3.513747 16.564676
 85960.000000 -843656.250000 792.928274 3.522909 3.537096 16.562796
 85980.000000 -845632.500000 793.325770 3.507463 3.314777 16.783835
 86000.000000 -846786.312500 793.518429 3.159230 3.269021 16.539392
 86020.000000 -844791.125000 793.630236 3.496836 3.378777 16.479977
 86040.000000 -845085.312500 794.395952 3.463586 3.454662 16.424500
 86060.000000 -845416.500000 794.801137 3.612054 3.447570 16.635885
 86080.000000 -847565.000000 791.975049 3.420567 3.361673 16.445898
 86100.000000 -844238.375000 793.733967 3.231082 3.442478 16.339835
 86120.000000 -844806.875000 793.787682 3.132752 3.605621 16.395963
 86140.000000 -845721.000000 794.256534 3.458890 3.678422 16.865164
 86160.000000 -844798.687500 791.675656 3.482390 3.486243 16.807243
 86180.000000 -844577.500000 795.329263 3.515269 3.190727 16.589203
 86200.000000 -843662.312500 794.882429 3.358261 3.322583 16.651171
 86220.000000 -843386.437500 792.091922 3.174400 3.483416 16.780837
 86240.000000 -846116.500000 792.913080 3.146347 3.588507 16.492124
 86260.000000 -846286.312500 789.120818 3.229925 3.500464 16.451812
 86280.000000 -845605.000000 793.681174 3.158268 3.451382 16.230638
 86300.000000 -845256.750000 793.041897 3.228292 3.337445 16.303344
 86320.000000 -842382.750000 794.201261 3.148302 3.362287 16.318929
 86340.000000 -844397.562500 795.659892 3.341990 3.351530 16.247061
 86360.000000 -844901.812500 794.662604 3.349460 3.664705 16.574543
 86380.000000 -843177.937500 795.778257 3.341333 3.404764 16.455238
 86400.000000 -843062.062500 794.101652 3.356371 3.307622 16.473395
 86420.000000 -844782.187500 795.046794 3.399330 3.504025 16.613220
 86440.000000 -844005.875000 793.042445 3.312213 3.126136 16.587605
 86460.000000 -842259.125000 797.126102 3.141139 3.160647 16.413920
 86480.000000 -844567.187500 795.086993 3.393161 3.298235 16.473990
 86500.000000 -844067.687500 792.049381 3.369536 3.365606 16.538013
 86520.000000 -844691.937500 793.274546 3.503879 3.516768 16.434823
 86540.000000 -845938.250000 794.491856 3.570026 3.258297 16.520219
 86560.000000 -844252.312500 795.398382 3.674136 3.479102 16.223352
 86580.000000 -845314.000000 792.636450 3.748665 3.272539 16.578785
 86600.000000 -845741.875000 795.736492 3.544214 3.354630 16.471723
 86620.000000 -845256.187500 793.646722 3.201380 3.329830 16.664503
 86640.000000 -845127.250000 792.603567 3.368763 3.387906 16.529286
 86660.000000 -844576.625000 794.362620 3.456664 3.313251 16.831920
 86680.000000 -846186.000000 794.283705 3.633565 3.601192 16.620345
 86700.000000 -844901.187500 794.826143 3.791748 3.595818 16.644866
 86720.000000 -845353.437500 793.268206 3.795809 3.323568 16.477450
 86740.000000 -843498.687500 795.095586 3.470020 3.227125 16.645312
 86760.000000 -844877.125000 793.951925 3.156663 3.288860 16.552520
 86780.000000 -843994.125000 797.151780 3.495969 3.329371 16.716508
 86800.000000 -844624.187500 793.355573 3.150286 3.426628 16.364058
 86820.000000 -844687.750000 796.030298 3.569882 3.498362 16.585954
 86840.000000 -845029.375000 793.704416 3.580531 3.206148 16.449486
 86860.000000 -844916.000000 793.558102 3.495577 3.369900 16.378117
 86880.000000 -845482.500000 793.227805 3.456360 3.399538 16.813567
 86900.000000 -843237.687500 795.537517 3.399871 3.558978 16.570997
 86920.000000 -843777.312500 796.307442 3.507155 3.421411 16.445651
 86940.000000 -843743.750000 793.462198 3.380072 3.310239 16.503755
 86960.000000 -844323.125000 793.591032 3.526209 3.029262 16.631373
 86980.000000 -844162.625000 796.760367 3.553039 3.381107 16.487797
 87000.000000 -844446.750000 794.537920 3.347388 3.288025 16.283239
 87020.000000 -844800.062500 795.317820 3.344923 3.358773 16.678416
 87040.000000 -846482.312500 793.466499 3.607809 3.401685 16.197537
 87060.000000 -845812.625000 794.943277 3.340545 3.377332 16.274727
 87080.000000 -843114.375000 794.064145 3.304297 3.454206 16.571124
 87100.000000 -844069.625000 796.267561 3.504292 3.300688 16.592652
 87120.000000 -845921.375000 795.958713 3.378278 3.371757 16.447106
 87140.000000 -844303.750000 797.605123 3.316479 3.451704 16.414745
 87160.000000 -845005.937500 796.133040 3.310911 3.552581 16.450380
 87180.000000 -845236.000000 792.844674 3.265683 3.338187 16.223566
 87200.000000 -844713.187500 795.102584 3.467950 3.164830 16.492857
 87220.000000 -845817.875000 793.581669 3.352084 3.457991 16.448622
 87240.000000 -846683.562500 790.615516 3.292682 3.387975 16.664229
 87260.000000 -846138.125000 792.960858 3.241151 3.406123 16.343618
 87280.000000 -844182.375000 795.057354 3.432464 3.326666 16.371309
 87300.000000 -845277.750000 794.898292 3.279722 3.125095 16.432861
 87320.000000 -844087.125000 796.120730 3.563186 3.116988 16.401575
 87340.000000 -845068.437500 795.627120 3.377772 3.388806 16.604822
 87360.000000 -844500.750000 793.030202 3.354809 3.345552 16.576636
 87380.000000 -846276.125000 793.701788 3.330552 3.535152 16.532236
 87400.000000 -842715.312500 797.289916 3.464824 3.193027 16.485847
 87420.000000 -844218.625000 796.571617 3.405300 3.333132 16.458413
 87440.000000 -844671.312500 795.352758 3.671521 3.379321 16.549922
 87460.000000 -845267.812500 795.667488 3.299656 3.289666 16.208553
 87480.000000 -847094.812500 793.720970 3.472322 3.249028 16.363992
 87500.000000 -846514.062500 791.745013 3.609477 3.449504 16.527373
 87520.000000 -845920.937500 794.136281 3.575312 3.315764 16.399381
 87540.000000 -844963.250000 792.011248 3.523190 3.510993 16.640141
 87560.000000 -843956.187500 792.935744 3.457518 3.717372 16.455444
 87580.000000 -844609.062500 794.977728 3.619769 3.615295 16.706403
 87600.000000 -844681.812500 794.371898 3.524777 3.347964 16.569532
 87620.000000 -844861.125000 794.208007 3.351894 3.350608 16.818866
 87640.000000 -844223.937500 794.165375 3.323730 3.443261 16.780947
 87660.000000 -844830.875000 794.348855 3.284530 3.507926 16.550542
 87680.000000 -844266.687500 794.116938 3.203383 3.633713 16.634959
 87700.000000 -845101.250000 794.885359 3.214498 3.490262 16.666689
 87720.000000 -845199.187500 792.695731 3.025424 3.684047 16.432930
 87740.000000 -844202.250000 795.292074 3.301074 3.535261 16.612520
 87760.000000 -845504.000000 794.167736 3.439633 3.250594 16.634400
 87780.000000 -842720.750000 794.554189 3.453964 3.272255 16.615102
 87800.000000 -845699.625000 796.496559 3.485303 3.373857 16.441074
 87820.000000 -847242.875000 794.356816 3.195559 3.335667 16.337612
 87840.000000 -844336.000000 794.543802 3.219592 3.436010 16.290988
 87860.000000 -845346.375000 794.412557 3.331494 3.598349 16.154949
 87880.000000 -843476.250000 795.133956 3.576004 3.419245 16.440168
 87900.000000 -846837.687500 794.960821 3.558690 3.437496 16.326837
 87920.000000 -845463.500000 795.499457 3.652602 3.334486 16.459886
 87940.000000 -845142.625000 793.823954 3.234360 3.487573 16.596702
 87960.000000 -845150.312500 795.389397 3.553229 3.711682 16.614278
 87980.000000 -843939.437500 795.885826 3.541496 3.369812 16.419009
 88000.000000 -846335.500000 795.381444 3.634758 3.412531 16.420983
 88020.000000 -845572.687500 790.420404 3.273032 3.405650 16.137313
 88040.000000 -844244.937500 794.855032 3.279683 3.068221 16.543602
 88060.000000 -847092.062500 794.718889 3.319688 3.277449 16.550368
 88080.000000 -844577.750000 793.048174 3.116678 3.013560 16.603051
 88100.000000 -843794.687500 795.382128 3.289013 3.301317 16.357499
 88120.000000 -846089.250000 795.553236 3.369363 3.433561 16.409414
 88140.000000 -844053.625000 795.095627 3.660393 3.457201 16.335080
 88160.000000 -843994.312500 794.152503 3.762713 3.167827 16.308914
 88180.000000 -843319.375000 796.593623 3.509073 3.335500 16.319455
 88200.000000 -847300.875000 794.410840 3.653082 3.045265 16.466835
 88220.000000 -843723.312500 793.547232 3.597643 3.557040 16.267207
 88240.000000 -845683.000000 793.844400 3.286326 3.471342 16.428130
 88260.000000 -845631.500000 796.024354 3.598919 3.280119 16.484815
 88280.000000 -845920.062500 794.853682 3.908797 3.373815 16.382236
 88300.000000 -845504.750000 794.722297 3.665016 3.610278 16.633059
 88320.000000 -844972.562500 793.520302 3.897810 3.405124 16.667638
 88340.000000 -844753.000000 795.308697 3.727793 3.443620 16.562396
 88360.000000 -844920.750000 795.543101 3.745284 3.351484 16.369273
 88380.000000 -845274.812500 791.788886 3.466304 3.528041 16.499652
 88400.000000 -845213.250000 793.176026 3.320479 3.550716 16.271506
 88420.000000 -843860.437500 795.996898 3.189596 3.342129 16.285598
 88440.000000 -845466.250000 796.045023 3.230546 3.505881 16.693858
 88460.000000 -843627.500000 795.570281 3.372259 3.502814 16.808308
 88480.000000 -845343.500000 795.065917 3.600525 3.345813 16.659201
 88500.000000 -844484.812500 796.963477 3.483874 3.452562 16.632912
 88520.000000 -844669.437500 793.510484 3.509020 3.337754 16.832053
 88540.000000 -844601.500000 792.669737 3.262234 3.421590 16.799117
 88560.000000 -844329.500000 796.514303 3.210585 3.582563 16.609473
 88580.000000 -845780.875000 794.540450 3.216763 3.083316 16.613891
 88600.000000 -843816.375000 794.828000 3.204012 3.243681 16.699852
 88620.000000 -845435.125000 796.048531 3.496402 3.441858 16.620835
 88640.000000 -844656.187500 794.473477 3.463025 3.322209 16.656760
 88660.000000 -842676.750000 794.967068 3.497180 3.635699 16.416289
 88680.000000 -846077.562500 790.485026 3.255969 3.461377 15.935778
 88700.000000 -845229.250000 794.781370 3.773069 3.385811 16.234912
 88720.000000 -844718.750000 791.875859 3.479108 3.486453 16.517879
 88740.000000 -844055.250000 794.318774 3.401712 3.453205 16.919159
 88760.000000 -844050.437500 793.688470 3.518619 3.360421 16.718429
 88780.000000 -846292.937500 792.910978 3.638196 3.446933 16.534514
 88800.000000 -843318.687500 794.772830 3.218819 3.746898 16.473490
 88820.000000 -846837.125000 794.011197 3.301849 3.391557 16.698066
 88840.000000 -845425.062500 795.097414 3.058889 3.503026 16.688761
 88860.000000 -844785.625000 794.047963 3.125963 3.450256 16.351178
 88880.000000 -846389.625000 793.940225 3.516687 3.170007 16.548138
 88900.000000 -844208.250000 793.455594 3.483801 3.494898 16.468478
 88920.000000 -845383.937500 794.927817 3.427901 3.190130 16.501194
 88940.000000 -845306.562500 792.430178 3.652871 2.896294 16.568214
 88960.000000 -844870.562500 792.867169 3.749571 3.034199 16.368163
 88980.000000 -845408.687500 793.816865 3.480166 3.312430 16.581805
 89000.000000 -844127.375000 794.006671 3.496011 3.443551 16.533810
 89020.000000 -844387.375000 796.489310 3.259392 3.256578 16.418274
 89040.000000 -842324.312500 794.424573 2.975075 3.568302 16.400753
 89060.000000 -843472.687500 796.496369 3.066466 3.401610 16.428533
 89080.000000 -842761.875000 795.487445 3.104842 3.286688 16.456900
 89100.000000 -843449.812500 793.011282 3.512295 3.093699 16.719372
 89120.000000 -846947.062500 792.300716 3.466726 3.144902 16.839904
 89140.000000 -844087.937500 796.615685 3.642840 3.473996 16.133275
 89160.000000 -842509.125000 797.767864 3.493268 3.458043 16.337308
 89180.000000 -843524.562500 797.148392 3.516637 3.497632 16.412810
 89200.000000 -842767.937500 794.119839 3.289429 3.472466 16.404606
 89220.000000 -845849.312500 793.952800 3.271934 3.506928 16.601592
 89240.000000 -844433.250000 795.436872 3.212439 3.327861 16.412996
 89260.000000 -845233.250000 794.507316 3.286979 3.413790 16.371472
 89280.000000 -844583.312500 793.503693 3.420031 3.616650 16.406669
 89300.000000 -845898.125000 796.327532 3.613212 3.489526 16.462244
 89320.000000 -844300.187500 794.571896 3.401276 3.698062 16.388113
 89340.000000 -844944.250000 794.006791 3.325001 3.568951 16.303424
 89360.000000 -843456.937500 795.973243 3.584597 3.771077 16.420206
 89380.000000 -846429.687500 793.317869 3.475163 3.578391 16.405966
 89400.000000 -846440.687500 793.025997 3.472044 3.553146 16.499781
 89420.000000 -843056.187500 796.316261 3.634808 3.278167 16.538123
 89440.000000 -846403.000000 794.225865 3.323117 3.358778 16.605997
 89460.000000 -843544.937500 794.937397 3.279462 3.433533 16.433315
 89480.000000 -845194.812500 794.128952 3.290385 3.464338 16.607403
 89500.000000 -845804.187500 794.494629 3.329455 3.207763 16.507168
 89520.000000 -845040.687500 795.246219 3.478312 3.381951 16.490594
 89540.000000 -844617.000000 793.736925 3.445992 3.237534 16.550526
 89560.000000 -845203.562500 794.071079 3.159055 3.456291 16.618480
 89580.000000 -845244.312500 794.411902 3.135398 3.191178 16.260194
 89600.000000 -846999.125000 792.603583 3.094346 3.350409 16.330240
 89620.000000 -843668.312500 794.798531 3.253327 3.413969 16.672178
 89640.000000 -845552.125000 791.244062 3.366088 3.724822 16.543436
 89660.000000 -844487.375000 793.333759 3.287393 3.741116 16.457714
 89680.000000 -844259.187500 793.702194 3.367422 3.369577 16.196298
 89700.000000 -844902.312500 793.075814 3.279908 3.402850 16.011358
 89720.000000 -844574.500000 796.013571 3.895052 3.328653 16.470082
 89740.000000 -844682.375000 792.640796 3.463453 3.237290 16.410450
 89760.000000 -846124.750000 793.460444 3.453950 3.584782 16.773683
 89780.000000 -846015.562500 793.117553 3.521833 3.555618 16.654711
 89800.000000 -846394.437500 794.264917 3.399970 3.604744 16.593958
 89820.000000 -845187.875000 791.767351 3.286117 3.308332 16.490333
 89840.000000 -845035.375000 794.777823 3.287700 3.329784 16.572057
 89860.000000 -844960.750000 793.382298 3.516739 3.515129 16.602138
 89880.000000 -844042.750000 797.479731 3.648845 3.560146 16.701813
 89900.000000 -844645.937500 793.278426 3.272403 3.399985 16.677605
 89920.000000 -845932.750000 792.435140 3.432731 3.379759 16.595110
 89940.000000 -844212.500000 794.195082 3.527796 3.702436 16.550043
 89960.000000 -844010.562500 795.318448 3.528598 3.436563 16.749724
 89980.000000 -845256.562500 797.278711 3.421371 3.423349 16.579120
 90000.000000 -845900.187500 792.097756 3.425749 3.633017 16.337383
 90020.000000 -844519.562500 794.869618 3.225826 3.358366 16.321806
 90040.000000 -845731.625000 794.326940 3.363215 3.615010 16.542099
 90060.000000 -845402.375000 794.079834 3.549654 3.420063 16.716767
 90080.000000 -843711.125000 795.349715 3.457513 3.556812 16.824451
 90100.000000 -843364.687500 794.667130 3.512590 3.644915 16.648069
 90120.000000 -845584.875000 794.875071 3.508963 3.382755 16.843287
 90140.000000 -845906.500000 795.160064 3.429105 3.365343 16.561840
 90160.000000 -846027.687500 793.868000 3.422357 3.332866 16.514374
 90180.000000 -844457.187500 794.861130 3.223654 3.376414 16.268737
 90200.000000 -844108.187500 794.374770 3.293944 3.327307 16.469368
 90220.000000 -846054.750000 792.115565 3.507632 3.298163 16.528639
 90240.000000 -845944.250000 794.017372 3.379911 3.295670 16.526782
 90260.000000 -845300.562500 795.734999 3.665047 3.362921 16.431118
 90280.000000 -846016.750000 791.983699 3.537065 3.325956 16.703235
 90300.000000 -845892.437500 795.657451 3.360907 3.015077 16.216592
 90320.000000 -845073.062500 794.995680 3.374119 3.289638 16.400798
 90340.000000 -843511.687500 795.502908 3.253207 3.520512 16.546849
 90360.000000 -844002.312500 793.821057 3.286975 3.353916 16.457506
 90380.000000 -845112.687500 793.866881 3.609055 3.416633 16.572859
 90400.000000 -846104.875000 792.713804 3.658796 3.476780 16.735814
 90420.000000 -845952.125000 792.424373 3.415519 3.602534 16.562553
 90440.000000 -843874.062500 794.064556 3.573806 3.541978 16.517665
 90460.000000 -844681.750000 793.726117 3.339454 3.709217 16.496875
 90480.000000 -844545.875000 795.326027 3.489542 3.407445 16.372863
 90500.000000 -845592.937500 792.642236 3.182211 3.426297 16.535846
 90520.000000 -844379.687500 793.890206 3.426606 3.484405 16.472127
 90540.000000 -845422.062500 793.698484 3.416222 3.449478 16.544421
 90560.000000 -846992.875000 791.599887 3.626643 3.520901 16.543865
 90580.000000 -845495.687500 792.016018 3.534474 3.590579 16.432969
 90600.000000 -846206.312500 791.198775 3.266535 3.718115 16.226786
 90620.000000 -845347.875000 793.320697 3.412073 3.324841 16.138844
 90640.000000 -846601.375000 792.407365 3.446913 3.364644 16.294863
 90660.000000 -844739.312500 793.452860 3.677545 3.186768 16.348382
 90680.000000 -845485.312500 792.869485 3.338889 3.326607 16.299096
 90700.000000 -844346.562500 793.202426 3.280460 3.375222 16.543043
 90720.000000 -845291.437500 793.499691 3.364275 3.382819 16.509766
 90740.000000 -843713.437500 794.650683 3.302684 3.418390 16.591414
 90760.000000 -844698.687500 793.315750 3.365809 3.385600 16.700082
 90780.000000 -845157.125000 794.893718 3.211942 3.339909 16.552054
 90800.000000 -845020.437500 796.010884 3.417876 3.356285 16.692550
 90820.000000 -846608.562500 790.224901 3.252888 3.348919 16.666348
 90840.000000 -845319.062500 793.593885 3.446984 3.179124 16.545911
 90860.000000 -845529.125000 793.832967 3.544944 3.244195 16.312419
 90880.000000 -844513.187500 794.166015 3.577527 3.149246 16.542764
 90900.000000 -842310.062500 794.046549 3.626035 3.272163 16.809866
 90920.000000 -843598.062500 795.702558 3.438763 3.346319 16.565941
 90940.000000 -845774.437500 795.710018 3.446243 3.371282 16.470904
 90960.000000 -846332.562500 791.206179 3.320935 3.414757 16.466702
 90980.000000 -844255.687500 794.914272 3.190375 3.473936 16.595946
 91000.000000 -845010.500000 795.364209 3.242521 3.476416 16.693085
 91020.000000 -844686.437500 793.184903 3.112105 3.390740 16.601109
 91040.000000 -846123.000000 792.538590 3.532516 3.526444 16.548431
 91060.000000 -845576.250000 793.178808 3.575731 3.231502 16.677563
 91080.000000 -843427.812500 795.883904 3.760961 3.275175 16.645341
 91100.000000 -845856.687500 793.537424 3.744091 3.311030 16.450762
 91120.000000 -844892.500000 795.990640 3.511029 3.222447 16.358022
 91140.000000 -846173.750000 794.110273 3.550263 3.309994 16.129488
 91160.000000 -846551.437500 793.785839 3.475257 3.285721 16.423439
 91180.000000 -844578.625000 793.725695 3.237845 3.216685 16.670939
 91200.000000 -845530.937500 792.363823 3.350360 3.103944 16.718537
 91220.000000 -845440.000000 792.639539 3.597424 3.595514 16.843541
 91240.000000 -845663.312500 790.202669 3.576248 3.518724 16.743545
 91260.000000 -846128.875000 796.253326 3.413141 3.356385 16.556949
 91280.000000 -846724.562500 792.635411 3.177468 3.330185 16.646962
 91300.000000 -845554.375000 793.298160 3.527657 3.366490 16.803540
 91320.000000 -848047.562500 790.953565 3.362770 3.299771 16.567375
 91340.000000 -845618.000000 794.145468 3.321396 3.024590 16.551552
 91360.000000 -846063.062500 793.301110 3.300308 3.427326 16.536261
 91380.000000 -847136.000000 793.247683 3.403836 3.451819 16.441852
 91400.000000 -845110.562500 792.447139 3.507539 3.668691 16.636416
 91420.000000 -846773.437500 791.286575 3.470984 3.504855 16.471228
 91440.000000 -845055.625000 792.409423 3.386176 3.742560 16.493490
 91460.000000 -847070.062500 793.025296 3.368956 3.412974 16.503458
 91480.000000 -844993.000000 795.142658 3.424453 3.425605 16.565017
 91500.000000 -844541.750000 792.941699 3.612440 3.258986 16.558974
 91520.000000 -845823.187500 794.193898 3.459630 3.510216 16.527160
 91540.000000 -845687.625000 794.589460 3.131122 3.377485 16.443918
 91560.000000 -845004.625000 794.196978 3.441000 3.218294 16.628323
 91580.000000 -845432.562500 792.327870 3.073292 3.301691 16.696155
 91600.000000 -846990.812500 791.398349 3.134653 3.167567 16.424818
 91620.000000 -845901.125000 793.017221 3.134669 3.457394 16.667987
 91640.000000 -845510.937500 794.069244 3.127384 3.444039 16.805905
 91660.000000 -845831.375000 793.958456 3.108239 3.608882 16.485572
 91680.000000 -845048.625000 792.125588 3.310970 3.539844 16.546178
 91700.000000 -846196.562500 790.013346 3.257693 3.482485 16.862247
 91720.000000 -845466.687500 793.831202 3.264367 3.327908 16.765429
 91740.000000 -846331.500000 794.773641 3.291551 3.432232 16.527559
 91760.000000 -846731.125000 793.230519 3.387344 3.302267 16.455778
 91780.000000 -844724.312500 793.416007 3.338417 3.244621 16.428522
 91800.000000 -845550.125000 793.288988 3.101249 3.407015 16.381887
 91820.000000 -846164.875000 792.851274 3.381198 3.639832 16.576527
 91840.000000 -843907.437500 792.097709 3.082398 3.218310 16.436109
 91860.000000 -846165.000000 794.669124 3.235746 3.142715 16.501320
 91880.000000 -842815.312500 793.786096 3.394677 3.225042 16.730696
 91900.000000 -845115.250000 794.067013 3.386487 3.181356 16.440630
 91920.000000 -846299.312500 794.605140 3.692390 3.311293 16.505340
 91940.000000 -846909.187500 792.035860 3.563720 3.432575 16.767006
 91960.000000 -845999.000000 793.572804 3.473927 3.554770 16.863010
 91980.000000 -843957.062500 794.473447 3.295343 3.229233 16.334222
 92000.000000 -846551.750000 790.923516 3.533559 3.093138 16.350387
 92020.000000 -845710.750000 793.514278 3.291179 3.263280 16.693275
 92040.000000 -844572.500000 793.996025 3.548026 3.541525 16.529493
 92060.000000 -844726.812500 793.097012 3.777911 3.509338 16.352626
 92080.000000 -845114.562500 793.166421 3.393404 3.352701 16.521853
 92100.000000 -845907.562500 792.241953 3.525607 3.398537 16.633621
 92120.000000 -842941.625000 796.016974 3.380452 3.312080 16.596461
 92140.000000 -844158.500000 794.852484 3.286481 3.512808 16.365612
 92160.000000 -843978.875000 793.379759 3.217585 3.482975 16.225040
 92180.000000 -844841.000000 794.519171 3.500724 3.217072 16.622683
 92200.000000 -846893.062500 791.557679 3.461001 3.194536 16.577520
 92220.000000 -845429.437500 792.879246 3.535810 3.304055 16.477311
 92240.000000 -845081.125000 793.677948 3.687213 3.186934 16.359387
 92260.000000 -844498.062500 794.722284 3.639763 3.021790 16.466012
 92280.000000 -846305.062500 793.554933 3.460400 3.098408 16.586187
 92300.000000 -845140.500000 793.264230 3.124780 3.308044 16.462162
 92320.000000 -844197.375000 795.757979 3.203198 3.253048 16.491309
 92340.000000 -844560.437500 793.729309 3.375179 3.274965 16.653382
 92360.000000 -846397.750000 793.817572 3.560697 3.290403 16.720079
 92380.000000 -845659.125000 794.958745 3.528519 3.113234 16.671752
 92400.000000 -846428.187500 793.860573 3.297853 3.451931 16.754534
 92420.000000 -846666.625000 791.509316 3.329810 3.588980 16.882776
 92440.000000 -847816.000000 794.513113 3.476961 3.451750 16.776496
 92460.000000 -843962.875000 794.707014 3.470768 3.495167 16.656339
 92480.000000 -844571.125000 792.917078 3.399666 3.592581 16.481598
 92500.000000 -846770.625000 793.709765 3.433494 3.547229 16.380704
 92520.000000 -844581.187500 792.182128 3.534919 3.559355 16.186480
 92540.000000 -845956.250000 794.851309 3.391148 3.133435 16.636239
 92560.000000 -844963.375000 793.398865 3.480184 3.161533 16.811476
 92580.000000 -845087.250000 794.314287 3.589611 3.429728 16.618951
 92600.000000 -844575.062500 795.048552 3.535340 3.277412 16.628920
 92620.000000 -847273.500000 791.032213 3.438843 3.222838 16.227882
 92640.000000 -845087.500000 796.324050 3.317853 3.448356 16.329404
 92660.000000 -844774.125000 794.340573 3.437303 3.485386 16.460471
 92680.000000 -845253.437500 793.979392 3.123515 3.548705 16.369065
 92700.000000 -845126.812500 793.541641 3.465268 3.591642 16.542185
 92720.000000 -845632.500000 793.671787 3.400153 3.512159 16.332016
 92740.000000 -842049.750000 795.990382 3.468317 3.426134 16.470635
 92760.000000 -843928.937500 796.196558 3.497993 3.380912 16.602654
 92780.000000 -844803.500000 794.961701 3.413842 3.126436 16.622318
 92800.000000 -845242.000000 794.639417 3.222063 3.371413 16.321392
 92820.000000 -845756.125000 794.919488 3.340302 3.318860 16.342155
 92840.000000 -846698.375000 792.959992 3.256730 3.343457 16.259668
 92860.000000 -845192.500000 791.538176 3.223728 3.364822 16.518596
 92880.000000 -845190.250000 791.563629 3.478930 3.351127 16.520550
 92900.000000 -843951.750000 794.173164 3.237661 3.121256 16.621045
 92920.000000 -843930.187500 794.271059 3.540512 3.548091 16.630479
 92940.000000 -845486.250000 791.426581 3.580576 3.706574 16.691744
 92960.000000 -844268.500000 792.359780 3.637356 3.427964 16.857711
 92980.000000 -845372.187500 794.676297 3.393657 3.418213 16.652293
 93000.000000 -844681.625000 793.433498 3.259642 3.481993 16.647173
 93020.000000 -846465.125000 793.219410 3.129671 3.750977 16.512512
 93040.000000 -844569.000000 794.295252 3.429260 3.767266 16.370630
 93060.000000 -846614.562500 794.508353 3.474808 3.544358 16.487856
 93080.000000 -845440.125000 791.011102 3.358308 3.356032 16.147710
 93100.000000 -846050.062500 793.858024 3.186329 3.422993 16.556470
 93120.000000 -844878.062500 793.881074 3.273730 3.485850 16.449514
 93140.000000 -844218.000000 793.331312 3.308398 3.517029 16.418115
 93160.000000 -845018.500000 794.372749 3.167615 3.524216 16.499987
 93180.000000 -844776.500000 794.347445 3.025173 3.510208 16.395648
 93200.000000 -845600.375000 794.670976 3.079525 3.676136 16.166831
 93220.000000 -844037.625000 792.832503 3.245528 3.617627 16.606755
 93240.000000 -845752.187500 792.975470 3.269200 3.405796 16.575881
 93260.000000 -846448.812500 792.291369 3.410230 3.338460 16.687649
 93280.000000 -845979.812500 793.733195 3.461216 3.351049 16.511600
 93300.000000 -845463.937500 795.672950 3.360593 3.431962 16.296586
 93320.000000 -845613.125000 794.065166 3.556933 3.359103 16.531570
 93340.000000 -845208.000000 794.365192 3.543631 3.430746 16.629992
 93360.000000 -845308.750000 795.406951 3.413137 3.539345 16.827079
 93380.000000 -845152.312500 793.457951 3.312318 3.465414 16.571657
 93400.000000 -844418.500000 793.999145 3.378299 3.395180 16.516682
 93420.000000 -846095.437500 791.924225 3.437175 3.469795 16.637882
 93440.000000 -845292.500000 796.058810 3.478847 3.442614 16.344964
 93460.000000 -846979.687500 792.392501 3.149121 3.451363 16.531843
 93480.000000 -844964.750000 792.288849 3.230954 3.293680 16.600913
 93500.000000 -844890.625000 794.681972 2.903121 3.250888 16.537834
 93520.000000 -847561.812500 793.753171 3.209748 3.581778 16.893377
 93540.000000 -845701.312500 794.980026 3.218833 3.276322 16.570840
 93560.000000 -846711.875000 791.852282 3.142334 3.331315 16.411690
 93580.000000 -846831.125000 791.694406 3.419997 3.133519 16.423510
 93600.000000 -845526.875000 792.741949 3.250668 3.488566 16.425602
 93620.000000 -844185.000000 793.774164 3.494554 3.539619 16.610467
 93640.000000 -845598.125000 797.006412 3.566822 3.496652 16.338902
 93660.000000 -846177.187500 792.015480 3.492883 3.414624 16.390643
 93680.000000 -846789.062500 792.797366 3.601861 3.497644 16.285006
 93700.000000 -845579.812500 794.921139 3.339611 3.412740 16.233188
 93720.000000 -843724.437500 794.501661 3.642160 3.483322 16.331368
 93740.000000 -846089.937500 794.239563 3.849485 3.308561 16.381939
 93760.000000 -846345.812500 795.643224 3.667441 3.554932 16.593688
 93780.000000 -844968.562500 795.411751 3.575451 3.347086 16.566386
 93800.000000 -845962.125000 796.368388 3.604915 3.337991 16.706661
 93820.000000 -845121.750000 792.959582 3.487840 3.259292 16.739507
 93840.000000 -845921.000000 796.962180 3.542605 3.350126 16.531594
 93860.000000 -843578.937500 796.091723 3.240284 3.663151 16.541932
 93880.000000 -846144.625000 793.175920 3.220859 3.311730 16.763764
 93900.000000 -844531.875000 791.549014 3.237681 3.343719 16.438912
 93920.000000 -844923.750000 791.789775 3.393355 3.398053 16.347753
 93940.000000 -843512.687500 796.544121 3.078908 3.252894 16.225214
 93960.000000 -844274.000000 792.863674 3.293784 3.634769 16.410150
 93980.000000 -845276.812500 794.116968 3.409885 3.211514 16.459283
 94000.000000 -844727.750000 791.392482 3.474901 3.292564 16.479918
 94020.000000 -845096.687500 793.187714 3.569217 3.460788 16.285945
 94040.000000 -845368.500000 794.193324 3.467221 3.211762 16.573523
 94060.000000 -846345.312500 793.503103 3.453959 3.523330 16.429462
 94080.000000 -844586.500000 794.013092 3.297601 3.197366 16.650816
 94100.000000 -845600.937500 791.997688 3.399046 3.257024 16.587201
 94120.000000 -843533.187500 795.280550 3.409403 3.234888 16.549085
 94140.000000 -846609.750000 792.149638 3.317922 3.258736 16.431162
 94160.000000 -844840.437500 791.918449 3.264034 3.405213 16.778049
 94180.000000 -845574.625000 794.367143 3.261267 3.399546 16.588416
 94200.000000 -846089.125000 791.369585 3.546093 3.442827 16.501319
 94220.000000 -845640.937500 794.216784 3.449953 3.586951 16.713294
 94240.000000 -846460.562500 793.057168 3.572928 3.493295 16.566401
 94260.000000 -845474.687500 792.773275 3.277118 3.614867 16.370923
 94280.000000 -844129.062500 796.588350 3.468538 3.422948 16.381490
 94300.000000 -845753.562500 793.727902 3.436628 3.362021 16.355773
 94320.000000 -843861.375000 793.389693 3.586751 3.618518 16.565247
 94340.000000 -844603.437500 792.900346 3.405604 3.582133 16.579476
 94360.000000 -846415.375000 795.408226 3.119176 3.544822 16.799271
 94380.000000 -845269.625000 796.593629 3.049181 3.481995 16.537595
 94400.000000 -845376.250000 791.992471 3.221022 3.413500 16.666421
 94420.000000 -844675.937500 793.089033 3.443609 3.664358 16.440644
 94440.000000 -845593.875000 793.589475 3.441271 3.266600 16.499725
 94460.000000 -845662.937500 794.266452 3.624070 3.188101 16.239125
 94480.000000 -845223.062500 794.680662 3.283149 3.218549 16.396020
 94500.000000 -844745.250000 794.931334 3.158949 3.468431 16.613003
 94520.000000 -846037.437500 794.372268 3.461299 3.410725 16.522781
 94540.000000 -846823.250000 794.780218 3.478042 3.160155 16.650860
 94560.000000 -843474.812500 794.825157 3.204901 3.431344 16.471442
 94580.000000 -846036.750000 791.282564 3.452750 3.216109 16.524776
 94600.000000 -845896.500000 791.898822 3.654626 3.072441 16.476300
 94620.000000 -846236.500000 792.760309 3.558606 3.273612 16.701459
 94640.000000 -845114.437500 793.504621 3.427874 3.491127 16.752605
 94660.000000 -845061.000000 793.794286 3.237008 3.158770 16.619110
 94680.000000 -845386.875000 792.789426 3.169328 3.072268 16.391648
 94700.000000 -844799.062500 794.084637 3.328211 3.189220 16.351303
 94720.000000 -845997.375000 792.835616 3.479190 3.394881 16.481461
 94740.000000 -844723.187500 792.065569 3.188555 3.691081 16.244026
 94760.000000 -844790.125000 794.445207 3.311949 3.605456 16.597898
 94780.000000 -843929.562500 794.343766 3.480708 3.528004 16.501406
 94800.000000 -845983.375000 791.687229 3.544239 3.538484 16.535930
 94820.000000 -844523.187500 792.309654 3.385711 3.459883 16.812792
 94840.000000 -846504.125000 791.492590 3.301847 3.384225 16.707127
 94860.000000 -843841.437500 794.984090 3.277853 3.259412 16.908218
 94880.000000 -844946.312500 794.290891 3.459642 3.430474 16.466283
 94900.000000 -844059.937500 796.536173 3.431173 3.453178 16.408027
 94920.000000 -848313.187500 788.479990 3.272238 3.502939 16.428310
 94940.000000 -846311.187500 793.672284 3.101710 3.528456 16.617197
 94960.000000 -844488.312500 794.281734 2.934477 3.401161 16.421484
 94980.000000 -844620.812500 793.387610 3.150812 3.634086 16.490114
 95000.000000 -845974.500000 794.523567 3.228107 3.396731 16.130911
 95020.000000 -845605.812500 794.617147 3.583264 3.371454 16.269911
 95040.000000 -844090.500000 793.894520 3.633857 3.618902 16.352830
 95060.000000 -843836.250000 792.822209 3.479880 3.642971 16.497456
 95080.000000 -844599.875000 791.631797 3.510293 3.719223 16.719511
 95100.000000 -844798.562500 794.977073 3.386552 3.651133 16.491306
 95120.000000 -844200.000000 795.174254 3.144889 3.398529 16.303439
 95140.000000 -847007.125000 791.860943 3.260379 3.463007 16.349913
 95160.000000 -846987.375000 793.428465 3.391272 3.405820 16.308581
 95180.000000 -845163.937500 795.689249 3.386327 3.495635 16.223303
 95200.000000 -846457.750000 793.104888 3.410847 3.395212 16.164564
 95220.000000 -846569.187500 793.735519 3.391977 3.252470 16.423419
 95240.000000 -846348.375000 792.796803 3.378254 3.542084 16.373542
 95260.000000 -844787.375000 794.617280 3.402853 3.477591 16.483468
 95280.000000 -844622.312500 793.906914 3.571305 3.492807 16.588090
 95300.000000 -846839.250000 792.228799 3.587388 3.577052 16.641081
 95320.000000 -846010.687500 792.755258 3.445693 3.512951 16.757786
 95340.000000 -845231.000000 793.324287 3.587726 3.634495 16.640689
 95360.000000 -846245.000000 793.329852 3.273450 3.293189 16.560862
 95380.000000 -845113.312500 793.179494 3.522003 3.338589 16.350506
 95400.000000 -845634.000000 793.040889 3.403041 3.404198 16.386275
 95420.000000 -844986.312500 792.021097 3.265078 3.384551 16.522905
 95440.000000 -846024.312500 793.735626 3.283011 3.389361 16.585862
 95460.000000 -844815.062500 793.907389 3.298971 3.501414 16.502614
 95480.000000 -845469.375000 793.706547 3.602255 3.497734 16.536974
 95500.000000 -844077.187500 797.520167 3.442472 3.804383 16.527689
 95520.000000 -845174.625000 794.637967 3.174489 3.457264 16.158109
 95540.000000 -844990.437500 795.254726 3.407890 3.041314 16.424979
 95560.000000 -846718.562500 792.767092 3.496197 3.094597 16.370031
 95580.000000 -844493.937500 792.139825 3.190974 3.106969 16.276985
 95600.000000 -845976.687500 796.827684 3.206742 3.622870 16.355967
 95620.000000 -844890.687500 792.572815 3.332747 3.557925 16.279546
 95640.000000 -846205.687500 794.065748 3.431728 3.503644 16.381693
 95660.000000 -844164.250000 797.220715 3.668439 3.303474 16.738757
 95680.000000 -844109.937500 796.111211 3.429949 3.118624 16.602780
 95700.000000 -845550.125000 794.000127 3.553152 3.305343 16.559133
 95720.000000 -843293.750000 798.714170 3.114251 2.709760 3.727788
 95740.000000 -842704.250000 801.614614 2.689259 3.307890 9.359180
 95760.000000 -843602.187500 800.800070 3.227046 3.393851 12.514233
 95780.000000 -844094.312500 796.206477 3.277876 3.018004 14.778411
 95800.000000 -844368.437500 796.592091 3.403502 3.187069 15.682928
 95820.000000 -843743.000000 796.213143 3.088350 3.362116 16.170883
 95840.000000 -844863.062500 794.365866 3.214041 3.410391 16.391145
 95860.000000 -845465.312500 792.179871 3.513048 3.289595 16.345919
 95880.000000 -845828.937500 793.280143 3.504486 3.564228 16.432125
 95900.000000 -843758.937500 795.785829 3.229872 3.248495 16.609424
 95920.000000 -845891.937500 793.639480 3.523967 3.540604 16.547030
 95940.000000 -845730.500000 793.782066 3.613412 3.461860 16.559887
 95960.000000 -846461.062500 793.094536 3.570921 3.650615 16.434151
 95980.000000 -846900.875000 792.556067 3.374083 3.166524 16.542738
 96000.000000 -847098.437500 792.540538 3.452897 3.262823 16.231252
 96020.000000 -846116.625000 794.004582 3.418990 3.014271 16.434273
 96040.000000 -844121.312500 795.432877 3.443618 3.585359 16.382697
 96060.000000 -843610.562500 792.576587 3.283835 3.460205 16.464553
 96080.000000 -844300.500000 793.612641 3.364300 3.437687 16.432240
 96100.000000 -844183.437500 794.199507 3.442244 3.413705 16.440579
 96120.000000 -845034.062500 793.462008 3.386997 3.344333 16.523449
 96140.000000 -846322.562500 793.451731 3.334695 3.174323 16.405534
 96160.000000 -846074.125000 794.286967 3.317069 3.348550 16.503218
 96180.000000 -844900.875000 793.553028 3.456611 3.556705 16.227747
 96200.000000 -844976.437500 794.899791 3.360496 3.382567 16.716375
 96220.000000 -845572.375000 794.924562 3.505136 3.468591 16.561016
 96240.000000 -845646.625000 793.671090 3.606119 3.496699 16.592360
 96260.000000 -844528.125000 794.735087 3.379191 3.371827 16.518780
 96280.000000 -845573.312500 793.509987 3.291675 3.194383 16.600909
 96300.000000 -844902.000000 795.821216 3.117086 3.347973 16.463138
 96320.000000 -844257.875000 793.411273 3.261002 3.357016 16.624603
 96340.000000 -846031.437500 793.342125 3.607823 3.171789 16.296304
 96360.000000 -845384.937500 796.452301 3.500722 3.299726 16.566826
 96380.000000 -846026.000000 792.268161 3.657928 3.530635 16.555313
 96400.000000 -846379.812500 792.788473 3.099283 3.766259 16.531898
 96420.000000 -844491.000000 795.032180 3.450997 3.593589 16.276023
 96440.000000 -844742.812500 795.381025 3.501950 3.568210 16.503978
 96460.000000 -844864.187500 795.405635 3.304876 3.380629 16.723025
 96480.000000 -841558.687500 801.463249 4.043461 3.691690 6.754339
 96500.000000 -842717.625000 798.872789 4.175295 3.808918 10.696487
 96520.000000 -845786.250000 794.984736 3.553786 4.000155 14.037852
 96540.000000 -844839.937500 793.856715 3.221835 3.570523 15.612870
 96560.000000 -844433.687500 795.447091 3.188326 3.586718 16.638969
 96580.000000 -843706.500000 795.046510 3.335564 3.350459 16.631477
 96600.000000 -846373.500000 793.155792 3.247930 3.611897 16.663596
 96620.000000 -845257.250000 793.520255 3.298197 3.310020 16.443626
 96640.000000 -845399.500000 791.123829 3.283987 3.296872 16.605590
 96660.000000 -845452.500000 793.910473 3.335633 3.565355 16.744751
 96680.000000 -845375.312500 793.436989 3.614384 3.250777 16.732265
 96700.000000 -846477.562500 792.454700 3.332595 3.300856 16.356495
 96720.000000 -845429.687500 791.738721 3.398957 3.168432 16.217715
 96740.000000 -843941.687500 793.196945 3.590389 3.328366 16.371139
 96760.000000 -844074.312500 792.828034 3.277696 3.547131 16.553767
 96780.000000 -843595.937500 795.201863 3.115134 3.394769 16.343289
 96800.000000 -844926.812500 795.108467 2.998671 3.291014 16.512644
 96820.000000 -842777.937500 793.585618 3.325959 3.067700 16.554848
 96840.000000 -843597.687500 793.263114 3.298491 3.155931 16.517858
 96860.000000 -844080.375000 794.802434 3.290460 3.341218 16.447938
 96880.000000 -844102.375000 795.759252 3.451566 3.448704 16.657104
 96900.000000 -844100.375000 793.704542 3.481370 3.564254 16.600482
 96920.000000 -845419.812500 794.218542 3.365118 3.564838 16.368454
 96940.000000 -846815.562500 795.488486 3.507916 3.494716 16.431497
 96960.000000 -843451.562500 794.844983 3.834536 3.388760 16.542726
 96980.000000 -845777.812500 793.282244 3.552838 3.491022 16.612446
 97000.000000 -844014.875000 793.849269 3.564755 3.267710 16.660049
 97020.000000 -845139.937500 795.114619 3.628513 3.658131 16.274868
 97040.000000 -844762.125000 793.726525 3.627321 3.525591 16.538563
 97060.000000 -843039.687500 798.766182 3.348910 3.510861 16.628425
 97080.000000 -845701.937500 794.965802 3.575633 3.458314 16.617551
 97100.000000 -844730.687500 796.565976 3.777429 3.455042 16.529054
 97120.000000 -845675.687500 793.821041 3.613274 3.401892 16.540087
 97140.000000 -845268.750000 796.118527 3.468633 3.645900 16.406666
 97160.000000 -843625.500000 794.947294 3.202808 3.402004 16.637594
 97180.000000 -843639.312500 795.418431 3.310943 3.667863 16.816394
 97200.000000 -841669.062500 796.401757 3.460133 3.537947 16.573356
 97220.000000 -843950.375000 796.669671 3.192565 3.372148 16.454876
 97240.000000 -845489.062500 793.837123 3.576810 3.303849 16.606979
 97260.000000 -844518.375000 795.746961 3.287486 3.316461 16.293499
 97280.000000 -844929.187500 794.728929 3.491820 3.231402 16.272332
 97300.000000 -846525.687500 795.056913 3.147792 3.218954 16.360583
 97320.000000 -843907.937500 795.078225 3.220550 3.292697 16.183584
 97340.000000 -844311.750000 795.774590 3.418967 3.402022 16.736698
 97360.000000 -843933.000000 794.513300 3.532021 3.661865 16.839591
 97380.000000 -843117.875000 793.087654 3.317144 3.555278 16.629141
 97400.000000 -844261.062500 794.234588 3.339579 3.416399 16.430375
 97420.000000 -844807.812500 797.357279 3.483388 3.105452 16.337026
 97440.000000 -844305.437500 792.890820 3.515671 3.220360 16.333331
 97460.000000 -845195.375000 795.651092 3.421451 3.277561 16.207762
 97480.000000 -845027.125000 794.408990 3.346767 3.394033 16.443097
 97500.000000 -845385.562500 795.529559 3.319860 3.384287 16.499369
 97520.000000 -844612.125000 792.438097 3.167720 3.290700 16.555019
 97540.000000 -845221.812500 794.036641 3.056996 3.591104 16.578968
 97560.000000 -847050.687500 793.854066 3.455753 3.560236 16.491999
 97580.000000 -845774.250000 795.379688 3.445494 3.394949 16.783122
 97600.000000 -844511.937500 792.970560 3.599584 3.523897 16.570191
 97620.000000 -846590.000000 791.997512 3.410043 3.408358 16.675950
 97640.000000 -844521.312500 793.853421 3.443033 3.650888 16.543313
 97660.000000 -843691.562500 795.622305 3.574622 3.634625 16.348572
 97680.000000 -844407.562500 796.193505 3.566168 3.502524 16.212247
 97700.000000 -845402.875000 792.975233 3.488480 3.343105 16.345152
 97720.000000 -844036.062500 793.461765 3.541263 3.353219 16.399258
 97740.000000 -843501.000000 794.759653 3.383562 3.122406 16.239295
 97760.000000 -844167.375000 795.590876 3.184597 3.178039 16.481523
 97780.000000 -844121.625000 796.501753 3.445197 3.448860 16.532532
 97800.000000 -846227.562500 792.104807 3.491647 3.351925 16.763093
 97820.000000 -846173.812500 792.953124 3.134391 3.457523 16.702167
 97840.000000 -846469.250000 792.815013 3.392626 3.634715 16.554124
 97860.000000 -846184.312500 792.367357 3.278638 3.359735 16.811451
 97880.000000 -843729.687500 793.841699 3.454617 3.194538 16.497589
 97900.000000 -844835.375000 794.491790 3.628853 3.362334 16.501116
 97920.000000 -845444.062500 794.347698 3.508633 3.443168 16.404544
 97940.000000 -843970.750000 795.970094 3.155316 3.360379 16.418014
 97960.000000 -844163.375000 795.025823 3.228913 3.436736 16.509328
 97980.000000 -846226.687500 796.955587 3.413214 3.473236 16.578351
 98000.000000 -844924.187500 795.942353 3.418336 3.558247 16.383694
 98020.000000 -845092.937500 794.518872 3.418918 3.460098 16.130352
 98040.000000 -845983.000000 797.823572 3.109924 3.337679 16.563165
 98060.000000 -846638.437500 794.448601 3.464518 3.319579 16.371597
 98080.000000 -845553.812500 794.630742 3.246365 3.324046 16.715258
 98100.000000 -844863.187500 795.897364 3.534189 3.446008 16.741649
 98120.000000 -844705.437500 794.709464 3.690808 3.479475 16.602475
 98140.000000 -846470.937500 793.037149 3.516752 3.382881 16.573168
 98160.000000 -845305.250000 795.756001 3.314102 3.344380 16.812601
 98180.000000 -844776.625000 794.508259 2.955918 3.237473 16.418982
 98200.000000 -844952.375000 795.619837 3.457621 3.269551 16.289988
 98220.000000 -846026.875000 793.320497 3.408607 3.645143 16.394899
 98240.000000 -843663.687500 797.501786 3.630612 3.787583 16.507875
 98260.000000 -846062.625000 791.240373 3.613541 3.552975 16.572460
 98280.000000 -843824.187500 795.532050 3.487351 3.583083 16.574926
 98300.000000 -844408.875000 794.055725 3.529914 3.445048 16.409564
 98320.000000 -845023.750000 793.876482 3.557551 3.594063 16.720047
 98340.000000 -845414.500000 792.757427 3.643359 3.659926 16.384269
 98360.000000 -846813.437500 793.616903 3.495807 3.639181 16.513627
 98380.000000 -847051.375000 793.627772 3.260394 3.506123 16.554563
 98400.000000 -844836.937500 795.442109 2.973881 3.637513 16.356282
 98420.000000 -844211.687500 794.359807 3.271030 3.386397 16.559304
 98440.000000 -843316.562500 793.135173 3.506588 3.214435 16.492328
 98460.000000 -843045.000000 796.014017 3.221296 3.353459 16.287555
 98480.000000 -846060.687500 792.774869 3.261933 3.394055 16.290666
 98500.000000 -843857.187500 794.845651 3.406509 3.305510 16.265394
 98520.000000 -844470.000000 795.006673 3.520686 3.561608 16.293374
 98540.000000 -844720.250000 793.648523 3.479895 3.726101 16.337862
 98560.000000 -845406.375000 794.580705 3.398984 3.171615 16.546582
 98580.000000 -846461.750000 794.905842 3.438070 3.418032 16.563136
 98600.000000 -843213.312500 794.058831 3.421935 3.313181 16.556559
 98620.000000 -846305.187500 793.674029 3.678296 3.352001 16.588338
 98640.000000 -845861.750000 793.166040 3.494180 3.218093 16.288157
 98660.000000 -844652.250000 794.161083 3.365651 2.985493 16.368438
 98680.000000 -845353.687500 791.074892 3.501114 3.154718 16.479703
 98700.000000 -844386.062500 789.514938 3.685069 3.444404 16.799305
 98720.000000 -845028.187500 795.190384 3.381085 3.171585 16.609931
 98740.000000 -845449.937500 794.993797 3.540532 3.146008 16.538716
 98760.000000 -845162.437500 795.705889 3.410635 3.160238 16.604865
 98780.000000 -845397.875000 792.475787 3.425463 3.233639 16.598903
 98800.000000 -846342.062500 793.499627 3.373127 3.249331 16.547556
 98820.000000 -844616.562500 795.517487 3.352063 3.218598 16.237284
 98840.000000 -845661.250000 795.064946 3.464859 3.281554 16.489080
 98860.000000 -846430.750000 793.572542 3.260806 3.386820 16.419907
 98880.000000 -842974.875000 795.032093 3.291318 3.399605 16.502032
 98900.000000 -844887.062500 796.376795 3.137501 3.502039 16.443747
 98920.000000 -843957.375000 794.765207 3.224186 3.311214 16.241527
 98940.000000 -847162.000000 794.231651 3.115455 3.440655 16.273422
 98960.000000 -845757.625000 796.346219 3.558463 3.279671 16.445718
 98980.000000 -845002.562500 792.858789 3.340218 3.236411 16.363302
 99000.000000 -846216.812500 795.868256 3.344294 3.507312 16.298928
 99020.000000 -844487.000000 796.187269 3.220744 3.376235 16.502437
 99040.000000 -844891.750000 796.328816 3.666605 3.417455 16.700964
 99060.000000 -844550.125000 792.235716 3.515978 3.534709 16.580950
 99080.000000 -843780.125000 793.715221 3.427608 3.334909 16.469410
 99100.000000 -843609.625000 795.377746 3.270847 3.293930 16.706677
 99120.000000 -845801.187500 793.135031 3.225022 3.436975 16.528199
 99140.000000 -844900.125000 792.438886 3.162203 3.500702 16.432653
 99160.000000 -845775.625000 792.487432 2.801728 3.480779 16.442638
 99180.000000 -844905.375000 792.710581 2.857799 3.565307 16.294117
 99200.000000 -843872.187500 793.286119 3.082948 3.397896 16.483614
 99220.000000 -845847.875000 793.704598 3.098764 3.755166 16.444366
 99240.000000 -845485.562500 793.352887 3.468601 3.759488 16.590524
 99260.000000 -846117.875000 792.794673 3.248433 3.642489 16.411814
 99280.000000 -843885.375000 796.286440 3.360686 3.326543 15.889883
 99300.000000 -845350.437500 795.634518 3.228302 3.337479 16.253942
 99320.000000 -844407.812500 794.808721 3.420063 3.179416 16.630064
 99340.000000 -844652.312500 793.684683 3.189287 3.355087 16.405740
 99360.000000 -844774.437500 796.016988 3.317476 3.488460 16.640750
 99380.000000 -844645.750000 794.663988 3.507910 3.599960 16.427210
 99400.000000 -844626.750000 793.290949 3.134910 3.479593 16.623791
 99420.000000 -843805.625000 795.261814 3.296459 3.483644 16.779307
 99440.000000 -844322.937500 791.762066 3.314953 3.664993 16.502510
 99460.000000 -844820.062500 794.344078 3.270824 3.307526 16.350227
 99480.000000 -844150.312500 794.279066 3.186438 3.258657 16.459982
 99500.000000 -844062.812500 795.706263 3.422125 3.369651 16.580577
 99520.000000 -844684.625000 796.023637 3.630359 3.077650 16.570266
 99540.000000 -845178.125000 796.187999 3.692181 3.315839 16.425639
 99560.000000 -843275.187500 796.992795 3.400828 3.525793 16.487638
 99580.000000 -845134.812500 795.017141 3.493029 3.355391 16.631673
 99600.000000 -845732.437500 793.330346 3.599656 3.184737 16.479273
 99620.000000 -845842.000000 793.599185 3.693469 3.290338 16.240427
 99640.000000 -845505.062500 794.277985 3.588227 3.194225 16.401198
 99660.000000 -844415.187500 794.125375 3.420855 3.499052 16.466121
 99680.000000 -845622.875000 793.486443 3.547111 3.554722 16.749276
 99700.000000 -845390.625000 793.854535 3.602227 3.346366 16.723939
 99720.000000 -843631.812500 794.575892 3.630951 3.356637 16.677386
 99740.000000 -843184.750000 795.663728 3.577803 3.390677 16.648925
 99760.000000 -845218.625000 794.982372 3.395955 3.214484 16.862476
 99780.000000 -843354.750000 794.779468 3.440784 3.394098 16.881532
 99800.000000 -845412.812500 795.074752 3.210683 3.440834 16.372528
 99820.000000 -846235.937500 794.232462 3.484324 3.382150 16.202630
 99840.000000 -842791.000000 794.301413 3.586431 3.201862 16.492697
 99860.000000 -845620.875000 796.408118 3.444575 3.005732 16.832392
 99880.000000 -844199.250000 794.887137 3.290820 3.394739 16.688958
 99900.000000 -846290.875000 794.121019 3.422274 3.261530 16.665150
 99920.000000 -845268.312500 795.144003 3.484858 3.606201 16.518586
 99940.000000 -843682.937500 793.685560 3.699454 3.552672 16.687574
 99960.000000 -846585.625000 794.583302 3.618314 3.125612 16.426416
 99980.000000 -844158.875000 795.775827 3.439490 3.098058 16.591888
 100000.000000 -845698.187500 793.803506 3.277216 3.072497 16.643277
