1
                 Chemistry at HARvard Macromolecular Mechanics
           (CHARMM) - Developmental Version 47a2   February 15, 2021            
                                Revision unknown                                
       Copyright(c) 1984-2020  President and Fellows of Harvard College
                              All Rights Reserved
      Current operating system: Linux-3.10.0-1160.119.1.el7.x86_64(x86_64)      
                 Created on 10/22/24 at 10:38:45 by user: apache      

            Maximum number of ATOMS:    360720, and RESidues:      120240
 RDTITL> * GENERATED BY CHARMM-GUI (HTTP://WWW.CHARMM-GUI.ORG) V3.7 ON OCT, 22. 2024. JOBID=2960669761
 RDTITL> * GENERATES ION CONFORMATION USING MONTE-CARLO SIMULATION
 RDTITL> *
  
 CHARMM>     
  
 CHARMM>    DIMENS CHSIZE 5000000 MAXRES 3000000
Size      Original         New
MAXA        360720     5000000
MAXB        360720     5000000
MAXT        721440    10000000
MAXP       1082160    15000000
MAXIMP      180360     2500000
MAXNB        90180     1250000
MAXPAD      360720     5000000
MAXRES      120240     3000000
MAXSEG       45090      625000
MAXATC        1400
MAXCB         3000
MAXCT        50000
MAXCP        50000
MAXCI         1200
MAXCH         6400
MAXCN       502503
MAXCRT      120240     1666666
  
 CHARMM>     
  
 CHARMM>    ! Read topology and parameter files
 CHARMM>    stream toppar.str
 VOPEN> Attempting to open::toppar.str::
 OPNLGU> Unit 99 opened for READONLY access to toppar.str

                    INPUT STREAM SWITCHING TO UNIT    99
 RDTITL> * GENERATED BY CHARMM-GUI (HTTP://WWW.CHARMM-GUI.ORG) V3.7 ON OCT, 22. 2024. JOBID=2960669761
 RDTITL> * STREAM FILE FOR TOPOLOGY AND PARAMETER READING
 RDTITL> *
 Parameter: IN1 <- "" <empty>
  
 CHARMM>     
  
 CHARMM>    ! protein topology and parameter
 CHARMM>    open read card unit 10 name toppar/top_all36_prot.rtf
 VOPEN> Attempting to open::toppar/top_all36_prot.rtf::
 OPNLGU> Unit 10 opened for READONLY access to toppar/top_all36_prot.rtf
  
 CHARMM>    read  rtf card unit 10
 MAINIO> Residue topology file being read from unit  10.
 TITLE> *>>>>>>>>CHARMM36 ALL-HYDROGEN TOPOLOGY FILE FOR PROTEINS <<<<<<
 TITLE> *>>>>> INCLUDES PHI, PSI CROSS TERM MAP (CMAP) CORRECTION <<<<<<<
 TITLE> *>>>>>>>>>>>>>>>>>>>>>>>>>> MAY 2011 <<<<<<<<<<<<<<<<<<<<<<<<<<<<
 TITLE> * ALL COMMENTS TO THE CHARMM WEB SITE: WWW.CHARMM.ORG
 TITLE> *             PARAMETER SET DISCUSSION FORUM
 TITLE> *
  
 CHARMM>     
  
 CHARMM>    open read card unit 20 name toppar/par_all36m_prot.prm
 VOPEN> Attempting to open::toppar/par_all36m_prot.prm::
 OPNLGU> Unit 20 opened for READONLY access to toppar/par_all36m_prot.prm
  
 CHARMM>    read para card unit 20 flex

          PARAMETER FILE BEING READ FROM UNIT 20
 TITLE> *>>>> CHARMM36 ALL-HYDROGEN PARAMETER FILE FOR PROTEINS <<<<<<<<<<
 TITLE> *>>>>> INCLUDES PHI, PSI CROSS TERM MAP (CMAP) CORRECTION <<<<<<<<
 TITLE> *>>>>>>>>>>>>>>>>>>>>>>>>>> JAN. 2016 <<<<<<<<<<<<<<<<<<<<<<<<<<<<
 TITLE> * ALL COMMENTS TO THE CHARMM WEB SITE: WWW.CHARMM.ORG
 TITLE> *             PARAMETER SET DISCUSSION FORUM
 TITLE> *
 PARMIO> NONBOND, HBOND lists and IMAGE atoms cleared.
  
 CHARMM>     
  
 CHARMM>    ! nucleic acids
 CHARMM>    open read card unit 10 name toppar/top_all36_na.rtf
 OPNLGU> Unit already open. The old file will be closed first.
 VCLOSE: Closing unit   10 with status "KEEP"
 VOPEN> Attempting to open::toppar/top_all36_na.rtf::
 OPNLGU> Unit 10 opened for READONLY access to toppar/top_all36_na.rtf
  
 CHARMM>    read  rtf card unit 10 append
 MAINIO> Residue topology file being read from unit  10.
 TITLE> *  \\\\ CHARMM36 ALL-HYDROGEN NUCLEIC ACID TOPOLOGY FILE ////
 TITLE> *   ALEXANDER D. MACKERELL JR. AND COWORKERS
 TITLE> *                      APRIL 2011
 TITLE> * ALL COMMENTS TO THE CHARMM WEB SITE: WWW.CHARMM.ORG
 TITLE> *           PARAMETER SET DISCUSSION FORUM
 TITLE> *
  
 CHARMM>     
  
 CHARMM>    open read card unit 20 name toppar/par_all36_na.prm
 OPNLGU> Unit already open. The old file will be closed first.
 VCLOSE: Closing unit   20 with status "KEEP"
 VOPEN> Attempting to open::toppar/par_all36_na.prm::
 OPNLGU> Unit 20 opened for READONLY access to toppar/par_all36_na.prm
  
 CHARMM>    read para card unit 20 append flex

          PARAMETER FILE BEING READ FROM UNIT 20
 TITLE> * \\\\ CHARMM36 ALL-HYDROGEN NUCLEIC ACID PARAMETER FILE ////
 TITLE> *         ALEXANDER D. MACKERELL JR. AND COWORKERS
 TITLE> *                        APRIL 2011
 TITLE> * ALL COMMENTS TO THE CHARMM WEB SITE: WWW.CHARMM.ORG PARAMETER
 TITLE> *                     SET DISCUSSION FORUM
 TITLE> *
 PARMIO> NONBOND, HBOND lists and IMAGE atoms cleared.
  
 CHARMM>     
  
 CHARMM>    ! carbohydrates
 CHARMM>    open read card unit 10 name toppar/top_all36_carb.rtf
 OPNLGU> Unit already open. The old file will be closed first.
 VCLOSE: Closing unit   10 with status "KEEP"
 VOPEN> Attempting to open::toppar/top_all36_carb.rtf::
 OPNLGU> Unit 10 opened for READONLY access to toppar/top_all36_carb.rtf
  
 CHARMM>    read  rtf card unit 10 append
 MAINIO> Residue topology file being read from unit  10.
 TITLE> * $ID: TOP_ALLXX_SUGAR.INP,V 1.106 2014/08/19 19:07:43 ALEX EXP $
 TITLE> *>>>>>>>>>>>> ALL-HYDROGEN TOPOLOGIES USED IN THE <<<<<<<<<<<<<<<<
 TITLE> *>>>>> DEVELOPMENT OF THE CHARMM CARBOHYDRATE  FORCE FIELD<<<<<<<<
 TITLE> *>>>>>>>>>>>>>>>>>>>>>>>>> JUNE 2009 <<<<<<<<<<<<<<<<<<<<<<<<<<<<<
 TITLE> *>>>>>>>> DIRECT COMMENTS TO ALEXANDER D. MACKERELL JR. <<<<<<<<<<
 TITLE> *>>>>>>>>>> VIA THE CHARMM WEB SITE: WWW.CHARMM.ORG <<<<<<<<<<<<<<
 TITLE> *>>>>>>>>>>>>>>> PARAMETER SET DISCUSSION FORUM <<<<<<<<<<<<<<<<<<
 TITLE> *
  
 CHARMM>     
  
 CHARMM>    open read card unit 20 name toppar/par_all36_carb.prm
 OPNLGU> Unit already open. The old file will be closed first.
 VCLOSE: Closing unit   20 with status "KEEP"
 VOPEN> Attempting to open::toppar/par_all36_carb.prm::
 OPNLGU> Unit 20 opened for READONLY access to toppar/par_all36_carb.prm
  
 CHARMM>    read para card unit 20 append flex

          PARAMETER FILE BEING READ FROM UNIT 20
 TITLE> * $ID: PAR_ALLXX_SUGAR.INP,V 1.132 2014/08/19 19:03:21 ALEX EXP $
 TITLE> *>>>>>>>>>>>> ALL-HYDROGEN PARAMETERS USED IN THE <<<<<<<<<<<<<<<<
 TITLE> *>>>>> DEVELOPMENT OF THE CHARMM CARBOHYDRATE  FORCE FIELD<<<<<<<<
 TITLE> *>>>>>>>>>>>>>>>>>>>>>>>>> JUNE 2009 <<<<<<<<<<<<<<<<<<<<<<<<<<<<<
 TITLE> *>>>>>>>> DIRECT COMMENTS TO ALEXANDER D. MACKERELL JR. <<<<<<<<<<
 TITLE> *>>>>>>>>>> VIA THE CHARMM WEB SITE: WWW.CHARMM.ORG <<<<<<<<<<<<<<
 TITLE> *>>>>>>>>>>>>>>> PARAMETER SET DISCUSSION FORUM <<<<<<<<<<<<<<<<<<
 TITLE> *
 PARMIO> NONBOND, HBOND lists and IMAGE atoms cleared.
  
 CHARMM>     
  
 CHARMM>    ! lipids
 CHARMM>    open read card unit 10 name toppar/top_all36_lipid.rtf
 OPNLGU> Unit already open. The old file will be closed first.
 VCLOSE: Closing unit   10 with status "KEEP"
 VOPEN> Attempting to open::toppar/top_all36_lipid.rtf::
 OPNLGU> Unit 10 opened for READONLY access to toppar/top_all36_lipid.rtf
  
 CHARMM>    read  rtf card unit 10 append
 MAINIO> Residue topology file being read from unit  10.
 TITLE> *  \\\\\\\ CHARMM36 ALL-HYDROGEN LIPID TOPOLOGY FILE ///////
 TITLE> *  ALL COMMENTS AND QUESTIONS SHOULD BE SUBMITTED TO THE
 TITLE> *  PARAMETER FORUM AT THE CHARMM WEBSITE: WWW.CHARMM.ORG
 TITLE> *
  
 CHARMM>     
  
 CHARMM>    open read card unit 20 name toppar/par_all36_lipid.prm
 OPNLGU> Unit already open. The old file will be closed first.
 VCLOSE: Closing unit   20 with status "KEEP"
 VOPEN> Attempting to open::toppar/par_all36_lipid.prm::
 OPNLGU> Unit 20 opened for READONLY access to toppar/par_all36_lipid.prm
  
 CHARMM>    read para card unit 20 append flex

          PARAMETER FILE BEING READ FROM UNIT 20
 TITLE> *  \\\\\\\ CHARMM36 ALL-HYDROGEN LIPID PARAMETER FILE ///////
 TITLE> *  ALL COMMENTS AND QUESTIONS SHOULD BE SUBMITTED TO THE
 TITLE> *  PARAMETER FORUM AT THE CHARMM WEBSITE: WWW.CHARMM.ORG
 TITLE> *
 PARMIO> NONBOND, HBOND lists and IMAGE atoms cleared.
  
 CHARMM>     
  
 CHARMM>    ! CGENFF
 CHARMM>    open read card unit 10 name toppar/top_all36_cgenff.rtf
 OPNLGU> Unit already open. The old file will be closed first.
 VCLOSE: Closing unit   10 with status "KEEP"
 VOPEN> Attempting to open::toppar/top_all36_cgenff.rtf::
 OPNLGU> Unit 10 opened for READONLY access to toppar/top_all36_cgenff.rtf
  
 CHARMM>    read  rtf card unit 10 append
 MAINIO> Residue topology file being read from unit  10.
 TITLE> *  --------------------------------------------------------------------------  *
 TITLE> *          CGENFF: TOPOLOGY FOR THE CHARMM GENERAL FORCE FIELD V. 4.6          *
 TITLE> *                    FOR SMALL MOLECULE DRUG DESIGN                            *
 TITLE> *  --------------------------------------------------------------------------  *
 TITLE> *

 DRUDES PARTICLES WILL BE GENERATED AUTOMATICALLY FOR ALL ATOMS WITH NON-ZERO ALPHA
 Thole-type dipole screening, Slater-Delta shape {S(u) = 1 - (1+u/2)*exp(-u)}, default radius =  1.300000
  
 CHARMM>     
  
 CHARMM>    open read card unit 20 name toppar/par_all36_cgenff.prm
 OPNLGU> Unit already open. The old file will be closed first.
 VCLOSE: Closing unit   20 with status "KEEP"
 VOPEN> Attempting to open::toppar/par_all36_cgenff.prm::
 OPNLGU> Unit 20 opened for READONLY access to toppar/par_all36_cgenff.prm
  
 CHARMM>    read para card unit 20 append flex

          PARAMETER FILE BEING READ FROM UNIT 20
 TITLE> *  --------------------------------------------------------------------------  *
 TITLE> *         CGENFF: PARAMETERS FOR THE CHARMM GENERAL FORCE FIELD V. 4.6         *
 TITLE> *                    FOR SMALL MOLECULE DRUG DESIGN                            *
 TITLE> *  --------------------------------------------------------------------------  *
 TITLE> *  2017/8: IF PROTEIN, NUCLEIC ACID AND CARBOHYDRATE TOPOLOGY AND PARAMETER FILES
 TITLE> *  ARE NOT READ PRIOR TO THE CGENFF FILES "WARNING: ATOMS IN NBFIX ' errors will
 TITLE> *  BE ENCOUNTERED.  THESE CAN BE PASSED BY SETTING BOMLEV ( -2) PRIOR TO READING
 TITLE> *  THIS FILE. IN ADDITION, WHEN GENERATING AROMATIC HALOGENS (CL, BR, I) WITH
 TITLE> *  PRE C41B/C42A VERSIONS OF CHARMM "MISSING PARAMETER" ERRORS WILL BE
 TITLE> *  ENCOUNTERED THAT ALSO REQUIRE SETTING BOMLEV ( -2).
 TITLE> *
 PARMIO> NONBOND, HBOND lists and IMAGE atoms cleared.
  
 CHARMM>     
  
 CHARMM>    ! Phosphates and Sulfates
 CHARMM>    stream toppar/toppar_all36_moreions.str
 VOPEN> Attempting to open::toppar/toppar_all36_moreions.str::
 OPNLGU> Unit 98 opened for READONLY access to toppar/toppar_all36_moreions.str

                    INPUT STREAM SWITCHING TO UNIT    98
 RDTITL> * ADDITIONAL IONS GENERATED USING CGENFF
 RDTITL> *
 Parameter: IN1 <- "" <empty>
  
 CHARMM>     
  
 CHARMM>    set nat ?NATC
 RDCMND substituted energy or value "?NATC" to "345"
 Parameter: NAT <- "345"
  
 CHARMM>    set app
 Parameter: APP <- "" <empty>
  
 CHARMM>     
  
 CHARMM>    if "@NAT" ne "?NATC" if @nat ne 0 set app append
 Parameter: NAT -> "345"
 Parameter: NAT -> "345"
 RDCMND: can not substitute energy "?NATC""
 Comparing ""345"" and ""?NATC"".
 IF test evaluated as true.  Performing command
 Comparing "345" and "0".
 IF test evaluated as true.  Performing command
 Parameter: APP <- "APPEND"
  
 CHARMM>     
  
 CHARMM>    read rtf card @app
 Parameter: APP -> "APPEND"
 MAINIO> Residue topology file being read from unit  98.
 RDTITL> * TOPOLOGIES GENERATED BY
 RDTITL> * CHARMM GENERAL FORCE FIELD (CGENFF) PROGRAM VERSION 2.4.0
 RDTITL> *
  
 CHARMM>     
  
 CHARMM>    read para card flex @app
 Parameter: APP -> "APPEND"

          PARAMETER FILE BEING READ FROM UNIT 98
 RDTITL> * PARAMETERS GENERATED BY ANALOGY BY
 RDTITL> * CHARMM GENERAL FORCE FIELD (CGENFF) PROGRAM VERSION 2.4.0
 RDTITL> *
 PARMIO> NONBOND, HBOND lists and IMAGE atoms cleared.
  
 CHARMM>     
  
 VCLOSE: Closing unit   98 with status "KEEP"

                    RETURNING TO INPUT STREAM    99
  
 CHARMM>     
  
 CHARMM>    ! Interface FF
 CHARMM>    open read card unit 10 name toppar/top_interface.rtf
 OPNLGU> Unit already open. The old file will be closed first.
 VCLOSE: Closing unit   10 with status "KEEP"
 VOPEN> Attempting to open::toppar/top_interface.rtf::
 OPNLGU> Unit 10 opened for READONLY access to toppar/top_interface.rtf
  
 CHARMM>    read  rtf card unit 10 append
 MAINIO> Residue topology file being read from unit  10.
 TITLE> * INTERFACE FF
 TITLE> * TOPOLOGY FOR NANOMATERIALS
 TITLE> *
*** WARNING **** residue TSHO already exists (old one deleted)

      ***** LEVEL  1 WARNING FROM <RTFRDR> *****
      ***** Residue already exists.
      ******************************************
      BOMLEV (  0) IS NOT REACHED. WRNLEV IS  5

          PRES TSHO17      -1.050
*** WARNING **** residue TSHO already exists (old one deleted)

      ***** LEVEL  1 WARNING FROM <RTFRDR> *****
      ***** Residue already exists.
      ******************************************
      BOMLEV (  0) IS NOT REACHED. WRNLEV IS  5

          PRES TSHO21      -1.050
 There were   2 warning(s) from RTFRDR.
  
 CHARMM>     
  
 CHARMM>    open read card unit 10 name toppar/par_interface.prm
 OPNLGU> Unit already open. The old file will be closed first.
 VCLOSE: Closing unit   10 with status "KEEP"
 VOPEN> Attempting to open::toppar/par_interface.prm::
 OPNLGU> Unit 10 opened for READONLY access to toppar/par_interface.prm
  
 CHARMM>    read para card unit 10 append flex

          PARAMETER FILE BEING READ FROM UNIT 10
 TITLE> * INTERFACE FF
 TITLE> * TOPOLOGY AND PARAMETER FOR CALY MINERALS, CEMENT MINERALS
 TITLE> *
 PARRDR> Error: Repeated DIHE parameter ( 10947): HGR6  ICG1  ICG1  ICGE is replaced
 PARMIO> NONBOND, HBOND lists and IMAGE atoms cleared.
  
 CHARMM>     
  
 CHARMM>    stream toppar/toppar_all36_nano_lig.str
 VOPEN> Attempting to open::toppar/toppar_all36_nano_lig.str::
 OPNLGU> Unit 98 opened for READONLY access to toppar/toppar_all36_nano_lig.str

                    INPUT STREAM SWITCHING TO UNIT    98
 RDTITL> READ RTF CARD APPEND
 RDTITL> No title read.
 Parameter: IN1 <- "" <empty>
  
 CHARMM>    read rtf card append
 MAINIO> Residue topology file being read from unit  98.
 RDTITL> * TOPOLOGY FOR NANO-LIGAND
 RDTITL> *
  
 CHARMM>     
  
 CHARMM>    read param card flex append

          PARAMETER FILE BEING READ FROM UNIT 98
 RDTITL> * SYNTHETIC POLYMER PARAMETER
 RDTITL> *
 PARMIO> NONBOND, HBOND lists and IMAGE atoms cleared.
  
 CHARMM>    RETURN
 VCLOSE: Closing unit   98 with status "KEEP"

                    RETURNING TO INPUT STREAM    99
  
 CHARMM>    stream toppar/toppar_all36_nano_lig_patch.str
 VOPEN> Attempting to open::toppar/toppar_all36_nano_lig_patch.str::
 OPNLGU> Unit 98 opened for READONLY access to toppar/toppar_all36_nano_lig_patch.str

                    INPUT STREAM SWITCHING TO UNIT    98
 RDTITL> READ RTF CARD APPEND
 RDTITL> No title read.
 Parameter: IN1 <- "" <empty>
  
 CHARMM>    read rtf card append
 MAINIO> Residue topology file being read from unit  98.
 RDTITL> * TOPOLOGY FOR SYNTHETIC_POLYMER
 RDTITL> *
  
 CHARMM>    RETURN
 VCLOSE: Closing unit   98 with status "KEEP"

                    RETURNING TO INPUT STREAM    99
  
 CHARMM>     
  
 CHARMM>    ! Additional topologies and parameters for synthetic polymer
 CHARMM>    stream toppar/toppar_all36_synthetic_polymer.str
 VOPEN> Attempting to open::toppar/toppar_all36_synthetic_polymer.str::
 OPNLGU> Unit 98 opened for READONLY access to toppar/toppar_all36_synthetic_polymer.str

                    INPUT STREAM SWITCHING TO UNIT    98
 RDTITL> READ RTF CARD APPEND
 RDTITL> No title read.
 Parameter: IN1 <- "" <empty>
  
 CHARMM>    read rtf card append
 MAINIO> Residue topology file being read from unit  98.
 RDTITL> * TOPOLOGY FOR SYNTHETIC_POLYMER
 RDTITL> *
  
 CHARMM>     
  
 CHARMM>    read param card flex append

          PARAMETER FILE BEING READ FROM UNIT 98
 RDTITL> * SYNTHETIC POLYMER PARAMETER
 RDTITL> *
 PARMIO> NONBOND, HBOND lists and IMAGE atoms cleared.
  
 CHARMM>    RETURN
 VCLOSE: Closing unit   98 with status "KEEP"

                    RETURNING TO INPUT STREAM    99
  
 CHARMM>    stream toppar/toppar_all36_synthetic_polymer_patch.str
 VOPEN> Attempting to open::toppar/toppar_all36_synthetic_polymer_patch.str::
 OPNLGU> Unit 98 opened for READONLY access to toppar/toppar_all36_synthetic_polymer_patch.str

                    INPUT STREAM SWITCHING TO UNIT    98
 RDTITL> READ RTF CARD APPEND
 RDTITL> No title read.
 Parameter: IN1 <- "" <empty>
  
 CHARMM>    read rtf card append
 MAINIO> Residue topology file being read from unit  98.
 RDTITL> * TOPOLOGY FOR SYNTHETIC_POLYMER
 RDTITL> *
  
 CHARMM>     
  
 CHARMM>    return
 VCLOSE: Closing unit   98 with status "KEEP"

                    RETURNING TO INPUT STREAM    99
  
 CHARMM>    stream toppar/toppar_all36_polymer_solvent.str
 VOPEN> Attempting to open::toppar/toppar_all36_polymer_solvent.str::
 OPNLGU> Unit 98 opened for READONLY access to toppar/toppar_all36_polymer_solvent.str

                    INPUT STREAM SWITCHING TO UNIT    98
 RDTITL> READ RTF CARD APPEND
 RDTITL> No title read.
 Parameter: IN1 <- "" <empty>
  
 CHARMM>    read rtf card append
 MAINIO> Residue topology file being read from unit  98.
 RDTITL> * TOPOLOGY FOR SYNTHETIC_POLYMER
 RDTITL> *
  
 CHARMM>    read param card flex append

          PARAMETER FILE BEING READ FROM UNIT 98
 RDTITL> * SYNTHETIC POLYMER PARAMETER
 RDTITL> *
 PARMIO> NONBOND, HBOND lists and IMAGE atoms cleared.
  
 CHARMM>     
  
 CHARMM>    RETURN
 VCLOSE: Closing unit   98 with status "KEEP"

                    RETURNING TO INPUT STREAM    99
  
 CHARMM>     
  
 CHARMM>    ! Additional topologies and parameters for water and ions
 CHARMM>    stream toppar/toppar_water_ions.str
 VOPEN> Attempting to open::toppar/toppar_water_ions.str::
 OPNLGU> Unit 98 opened for READONLY access to toppar/toppar_water_ions.str

                    INPUT STREAM SWITCHING TO UNIT    98
 RDTITL> * TOPLOGY AND PARAMETER INFORMATION FOR WATER AND IONS.
 RDTITL> *
 Parameter: IN1 <- "" <empty>
  
 CHARMM>     
  
 CHARMM>    !Testcase
 CHARMM>    !test_water_ions.inp
 CHARMM>     
  
 CHARMM>    ! IMPORTANT NOTE: this file contains NBFixes between carboxylates and sodium,
 CHARMM>    ! which will only apply if the main files containing carboxylate atom types
 CHARMM>    ! have been read in first!
 CHARMM>     
  
 CHARMM>    !references
 CHARMM>    !
 CHARMM>    !TIP3P water model
 CHARMM>    !
 CHARMM>    !W.L. Jorgensen; J.Chandrasekhar; J.D. Madura; R.W. Impey;
 CHARMM>    !M.L. Klein; "Comparison of simple potential functions for
 CHARMM>    !simulating liquid water", J. Chem. Phys. 79 926-935 (1983).
 CHARMM>    !
 CHARMM>    !IONS
 CHARMM>    !
 CHARMM>    !Ions from Roux and coworkers
 CHARMM>    !
 CHARMM>    !Beglov, D. and Roux, B., Finite Representation of an Infinite
 CHARMM>    !Bulk System: Solvent Boundary Potential for Computer Simulations,
 CHARMM>    !Journal of Chemical Physics, 1994, 100: 9050-9063
 CHARMM>    !
 CHARMM>    !ZINC
 CHARMM>    !
 CHARMM>    !Stote, R.H. and Karplus, M. Zinc Binding in Proteins and
 CHARMM>    !Solution: A Simple but Accurate Nonbonded Representation, PROTEINS:
 CHARMM>    !Structure, Function, and Genetics 23:12-31 (1995)
 CHARMM>     
  
 CHARMM>    !test "append" to determine if previous toppar files have been read and
 CHARMM>    !add append to "read rtf card" if true
 CHARMM>    set nat ?NATC
 RDCMND substituted energy or value "?NATC" to "468"
 Parameter: NAT <- "468"
  
 CHARMM>    set app
 Parameter: APP <- "" <empty>
  
 CHARMM>    !We're exploiting what is arguably a bug in the parser. On the left hand side,
 CHARMM>    !the quotes have priority, so NAT is correctly substituted. On the right hand
 CHARMM>    !side, the ? has priority and NATC" (sic) is not a valid substitution...
 CHARMM>    if "@NAT" ne "?NATC" if @nat ne 0 set app append
 Parameter: NAT -> "468"
 Parameter: NAT -> "468"
 RDCMND: can not substitute energy "?NATC""
 Comparing ""468"" and ""?NATC"".
 IF test evaluated as true.  Performing command
 Comparing "468" and "0".
 IF test evaluated as true.  Performing command
 Parameter: APP <- "APPEND"
  
 CHARMM>     
  
 CHARMM>    read rtf card @app
 Parameter: APP -> "APPEND"
 MAINIO> Residue topology file being read from unit  98.
 RDTITL> * TOPOLOGY FOR WATER AND IONS
 RDTITL> *
  
 CHARMM>     
  
 CHARMM>    read para card flex @app
 Parameter: APP -> "APPEND"

          PARAMETER FILE BEING READ FROM UNIT 98
 RDTITL> * PARAMETERS FOR WATER AND IONS
 RDTITL> *
 PARMIO> NONBOND, HBOND lists and IMAGE atoms cleared.
  
 CHARMM>     
  
 CHARMM>    ! The following section contains NBFixes for sodium interacting with
 CHARMM>    ! carboxylate oxygens of various CHARMM force fields. It will generate
 CHARMM>    ! level -1 warnings whenever any of these force fields have not been
 CHARMM>    ! read prior to the current stream file. Since we don't want to force
 CHARMM>    ! the user to always read all the force fields, we're suppressing the
 CHARMM>    ! warnings. The only side effect is that you will have "most severe
 CHARMM>    ! warning was at level 0" at the end of your output. Also note that
 CHARMM>    ! the user is responsible for reading the current file last if they
 CHARMM>    ! want the NBFixes to apply. A more elegant solution would require new
 CHARMM>    ! features to be added to CHARMM.
 CHARMM>    ! parallel fix, to avoid duplicated messages in the log
 CHARMM>    set para
 Parameter: PARA <- "" <empty>
  
 CHARMM>    if ?NUMNODE gt 1 set para node 0
 RDCMND substituted energy or value "?NUMNODE" to "1"
 Comparing "1" and "1".
 IF test evaluated as false.  Skipping command
  
 CHARMM>     
  
 CHARMM>    set wrn ?WRNLEV
 RDCMND substituted energy or value "?WRNLEV" to "5"
 Parameter: WRN <- "5"
  
 CHARMM>    ! Some versions of CHARMM don't seem to initialize wrnlev...
 CHARMM>    if "@WRN" eq "?WRNLEV" set wrn 5
 Parameter: WRN -> "5"
 RDCMND: can not substitute energy "?WRNLEV""
 Comparing ""5"" and ""?WRNLEV"".
 IF test evaluated as false.  Skipping command
  
 CHARMM>    set bom ?bomlev
 RDCMND substituted energy or value "?BOMLEV" to "0"
 Parameter: BOM <- "0"
  
 CHARMM>    WRNLEV -1 @PARA
 Parameter: PARA -> "" <empty>
  
 CHARMM>    BOMLEV -1 @PARA
 Parameter: PARA -> "" <empty>
  
 CHARMM>    read para card flex append

          PARAMETER FILE BEING READ FROM UNIT 98
 RDTITL> * NBFIX BETWEEN CARBOXYLATE AND SODIUM
 RDTITL> *
 PARMIO> NONBOND, HBOND lists and IMAGE atoms cleared.
  
 CHARMM>    BOMLEV @bom @PARA
 Parameter: BOM -> "0"
 Parameter: PARA -> "" <empty>
  
 CHARMM>    WRNLEV @wrn @PARA
 Parameter: WRN -> "5"
 Parameter: PARA -> "" <empty>
  
 CHARMM>     
  
 CHARMM>    return
 VCLOSE: Closing unit   98 with status "KEEP"

                    RETURNING TO INPUT STREAM    99
  
 CHARMM>    stream toppar/toppar_dum_noble_gases.str
 VOPEN> Attempting to open::toppar/toppar_dum_noble_gases.str::
 OPNLGU> Unit 98 opened for READONLY access to toppar/toppar_dum_noble_gases.str

                    INPUT STREAM SWITCHING TO UNIT    98
 RDTITL> * TOPLOGY AND PARAMETER INFORMATION FOR HELIUM, NEON AND A DUMMY ATOM.
 RDTITL> *
 Parameter: IN1 <- "" <empty>
  
 CHARMM>     
  
 CHARMM>    !Testcase
 CHARMM>    !test_dum_nobel_gases.inp
 CHARMM>     
  
 CHARMM>    !test "append" to determine if previous	toppar files have been read and
 CHARMM>    !add append to "read rtf card" if true
 CHARMM>    set nat ?NATC
 RDCMND substituted energy or value "?NATC" to "485"
 Parameter: NAT <- "485"
  
 CHARMM>    set app
 Parameter: APP <- "" <empty>
  
 CHARMM>    !We're exploiting what is arguably a bug in the parser. On the left hand side,
 CHARMM>    !the quotes have proirity, so NAT is correctly substituted. On the right hand
 CHARMM>    !side, the ? has priority and NATC" (sic) is not a valid substitution...
 CHARMM>    if "@NAT" ne "?NATC" if @nat ne 0 set app append
 Parameter: NAT -> "485"
 Parameter: NAT -> "485"
 RDCMND: can not substitute energy "?NATC""
 Comparing ""485"" and ""?NATC"".
 IF test evaluated as true.  Performing command
 Comparing "485" and "0".
 IF test evaluated as true.  Performing command
 Parameter: APP <- "APPEND"
  
 CHARMM>     
  
 CHARMM>    read rtf card @app
 Parameter: APP -> "APPEND"
 MAINIO> Residue topology file being read from unit  98.
 RDTITL> * TOPOLOGY FOR HELIUM, NEON AND A DUMMY ATOM.
 RDTITL> *
  
 CHARMM>     
  
 CHARMM>    read para card flex @app
 Parameter: APP -> "APPEND"

          PARAMETER FILE BEING READ FROM UNIT 98
 RDTITL> * PARAMETERS FOR HELIUM, NEON AND A DUMMY ATOM.
 RDTITL> *
 PARMIO> NONBOND, HBOND lists and IMAGE atoms cleared.
  
 CHARMM>     
  
 CHARMM>    return
 VCLOSE: Closing unit   98 with status "KEEP"

                    RETURNING TO INPUT STREAM    99
  
 CHARMM>    stream toppar/toppar_ions_won.str
 VOPEN> Attempting to open::toppar/toppar_ions_won.str::
 OPNLGU> Unit 98 opened for READONLY access to toppar/toppar_ions_won.str

                    INPUT STREAM SWITCHING TO UNIT    98
 RDTITL> * TOP_IONS_WON.STR: GENERAL MODEL FOR MONO-, DI-, AND TRIVALENT CATIONS
 RDTITL> *
 Parameter: IN1 <- "" <empty>
  
 CHARMM>     
  
 CHARMM>    !This is a comprehensive set of ions developed using stochastic boundary
 CHARMM>    !conditions. It is strongly recommended that ion parameters in
 CHARMM>    !toppar_water_ions.str be used if available, as they are more highly
 CHARMM>    !optimized.  Accordingly, those ions have been commented in this
 CHARMM>    !file.
 CHARMM>    !
 CHARMM>    !reference
 CHARMM>    !Won, Y., "Force Field for Monovalent, Divalent, and Trivalent Cations
 CHARMM>    !Developed under the Solvent Boundary Potential," Journal of Physical
 CHARMM>    !Chemistry A., 116: 11763-11767, 2012.
 CHARMM>     
  
 CHARMM>     
  
 CHARMM>    !test "append" to determine if previous toppar files have been read and
 CHARMM>    !add append to "read rtf card" if true
 CHARMM>    set nat ?NATC
 RDCMND substituted energy or value "?NATC" to "488"
 Parameter: NAT <- "488"
  
 CHARMM>    set app
 Parameter: APP <- "" <empty>
  
 CHARMM>    !We're exploiting what is arguably a bug in the parser. On the left hand side,
 CHARMM>    !the quotes have priority, so NAT is correctly substituted. On the right hand
 CHARMM>    !side, the ? has priority and NATC" (sic) is not a valid substitution...
 CHARMM>    if "@NAT" ne "?NATC" if @nat ne 0 set app append
 Parameter: NAT -> "488"
 Parameter: NAT -> "488"
 RDCMND: can not substitute energy "?NATC""
 Comparing ""488"" and ""?NATC"".
 IF test evaluated as true.  Performing command
 Comparing "488" and "0".
 IF test evaluated as true.  Performing command
 Parameter: APP <- "APPEND"
  
 CHARMM>     
  
 CHARMM>    read rtf card @app
 Parameter: APP -> "APPEND"
 MAINIO> Residue topology file being read from unit  98.
 RDTITL> * TOPOLOGY FOR WATER AND IONS
 RDTITL> *
  
 CHARMM>     
  
 CHARMM>    read para card flex @app
 Parameter: APP -> "APPEND"

          PARAMETER FILE BEING READ FROM UNIT 98
 RDTITL> * PAR_CATION.PRM FOR MONO-, DI-, AND TRIVALENT CATIONS
 RDTITL> *
 PARMIO> NONBOND, HBOND lists and IMAGE atoms cleared.
  
 VCLOSE: Closing unit   98 with status "KEEP"

                    RETURNING TO INPUT STREAM    99
  
 CHARMM>    stream toppar/cam.str
 VOPEN> Attempting to open::toppar/cam.str::
 OPNLGU> Unit 98 opened for READONLY access to toppar/cam.str

                    INPUT STREAM SWITCHING TO UNIT    98
 RDTITL> READ RTF CARD APPEND
 RDTITL> No title read.
 Parameter: IN1 <- "" <empty>
  
 CHARMM>    read rtf card append
 MAINIO> Residue topology file being read from unit  98.
 RDTITL> * TOPOLOGY GENERATED BY PARMED
 RDTITL> *

      ***** LEVEL  1 WARNING FROM <rtfrdr> *****
      ***** No AUTOgen defaults specified in appended RTF. Potential conflict with prior RTF autogen options. Check.
      ******************************************
      BOMLEV (  0) IS NOT REACHED. WRNLEV IS  5

  
 CHARMM>     
  
 CHARMM>    read para card flex append

          PARAMETER FILE BEING READ FROM UNIT 98
 RDTITL> * PARAMETERS GENERATED BY PARMED
 RDTITL> *
 PARMIO> NONBOND, HBOND lists and IMAGE atoms cleared.
  
 CHARMM>     
  
 CHARMM>    ! The following section contains NBFixes for CAM interacting with
 CHARMM>    ! water.
 CHARMM>    set para
 Parameter: PARA <- "" <empty>
  
 CHARMM>    if ?NUMNODE gt 1 set para node 0
 RDCMND substituted energy or value "?NUMNODE" to "1"
 Comparing "1" and "1".
 IF test evaluated as false.  Skipping command
  
 CHARMM>     
  
 CHARMM>    set wrn ?WRNLEV
 RDCMND substituted energy or value "?WRNLEV" to "5"
 Parameter: WRN <- "5"
  
 CHARMM>    ! Some versions of CHARMM don't seem to initialize wrnlev...
 CHARMM>    if "@WRN" eq "?WRNLEV" set wrn 5
 Parameter: WRN -> "5"
 RDCMND: can not substitute energy "?WRNLEV""
 Comparing ""5"" and ""?WRNLEV"".
 IF test evaluated as false.  Skipping command
  
 CHARMM>    set bom ?bomlev
 RDCMND substituted energy or value "?BOMLEV" to "0"
 Parameter: BOM <- "0"
  
 CHARMM>    WRNLEV -1 @PARA
 Parameter: PARA -> "" <empty>
  
 CHARMM>    BOMLEV -1 @PARA
 Parameter: PARA -> "" <empty>
  
 CHARMM>     
  
 CHARMM>    read para card flex append

          PARAMETER FILE BEING READ FROM UNIT 98
 RDTITL> * NBFIX BETWEEN CAM AND WATER
 RDTITL> *
 PARMIO> NONBOND, HBOND lists and IMAGE atoms cleared.
  
 CHARMM>    BOMLEV @bom @PARA
 Parameter: BOM -> "0"
 Parameter: PARA -> "" <empty>
  
 CHARMM>    WRNLEV @wrn @PARA
 Parameter: WRN -> "5"
 Parameter: PARA -> "" <empty>
  
 CHARMM>     
  
 CHARMM>    return
 VCLOSE: Closing unit   98 with status "KEEP"

                    RETURNING TO INPUT STREAM    99
  
 CHARMM>     
  
 CHARMM>    ! Additional topologies and parameters for protein
 CHARMM>    stream toppar/toppar_all36_prot_arg0.str
 VOPEN> Attempting to open::toppar/toppar_all36_prot_arg0.str::
 OPNLGU> Unit 98 opened for READONLY access to toppar/toppar_all36_prot_arg0.str

                    INPUT STREAM SWITCHING TO UNIT    98
 RDTITL> *>>>>>> ALL-HYDROGEN TOPOLOGY FOR NEUTRAL ARG <<<<<<<<<<<<<<<<<<<<
 RDTITL> *>>>>>>>>>>>>>>>>>>>>>>> 2007 <<<<<<<<<<<<<<<<<<<<<<<<<<<<<<<<<<<<
 RDTITL> *>>>>>>>> DIRECT COMMENTS TO ALEXANDER D. MACKERELL JR. <<<<<<<<<<
 RDTITL> *>>>>>>>>>>>>>>> PARAMETER FORUM, WWW.CHARMM.ORG <<<<<<<<<<<<<<<<<
 RDTITL> *
 Parameter: IN1 <- "" <empty>
  
 CHARMM>     
  
 CHARMM>    ! Atom names include "R" (for Arg) as the second letter. The
 CHARMM>    ! only other atom types in the additive FF with this second
 CHARMM>    ! letter are histidine [HN]R[123] in the protein FF and CRL[12]
 CHARMM>    ! in toppar_all36_lipid_cholesterol.str , so no more conflicts.
 CHARMM>     
  
 CHARMM>    !Parent files that have to be read prior to streaming this file
 CHARMM>    !top_all36_prot.rtf
 CHARMM>    !par_all36_prot.rtf
 CHARMM>    !
 CHARMM>    !Testcase
 CHARMM>    !test_all36_prot_arg0.inp
 CHARMM>     
  
 CHARMM>    !Li, L., Vorobyov, I.V., MacKerell, Jr., A.D., Allen, T.W., "Is
 CHARMM>    !arginine charged in a membrane?" Biophysical Journal, 94: L11-L13,
 CHARMM>    !2008, PMCID: PMC2157258
 CHARMM>     
  
 CHARMM>    read rtf card append
 MAINIO> Residue topology file being read from unit  98.
 RDTITL> * TOPOLOGY FOR PROTEIN RELATED MODEL COMPOUNDS
 RDTITL> *
*** WARNING **** residue MGU1 already exists (old one deleted)

      ***** LEVEL  1 WARNING FROM <RTFRDR> *****
      ***** Residue already exists.
      ******************************************
      BOMLEV (  0) IS NOT REACHED. WRNLEV IS  5

          RESI MGU1          0.00
*** WARNING **** residue MGU2 already exists (old one deleted)

      ***** LEVEL  1 WARNING FROM <RTFRDR> *****
      ***** Residue already exists.
      ******************************************
      BOMLEV (  0) IS NOT REACHED. WRNLEV IS  5

          RESI MGU2          0.00
 There were   2 warning(s) from RTFRDR.
  
 CHARMM>     
  
 CHARMM>    read param card flex append

          PARAMETER FILE BEING READ FROM UNIT 98
 RDTITL>  
 RDTITL> No title read.
 PARMIO> NONBOND, HBOND lists and IMAGE atoms cleared.
  
 CHARMM>     
  
 CHARMM>    return
 VCLOSE: Closing unit   98 with status "KEEP"

                    RETURNING TO INPUT STREAM    99
  
 CHARMM>    stream toppar/toppar_all36_prot_c36m_d_aminoacids.str
 VOPEN> Attempting to open::toppar/toppar_all36_prot_c36m_d_aminoacids.str::
 OPNLGU> Unit 98 opened for READONLY access to toppar/toppar_all36_prot_c36m_d_aminoacids.str

                    INPUT STREAM SWITCHING TO UNIT    98
 RDTITL> *>>>>>>CHARMM36 ALL-HYDROGEN TOPPAR FILE FOR D-PROTEINS <<<<<<<
 RDTITL> *>>>>>>>>>>>>>>>>>>>>>>>>>> JAN. 2016 <<<<<<<<<<<<<<<<<<<<<<<<<<<<
 RDTITL> * ALL COMMENTS TO THE CHARMM WEB SITE: WWW.CHARMM.ORG
 RDTITL> *             PARAMETER SET DISCUSSION FORUM
 RDTITL> *
 Parameter: IN1 <- "" <empty>
  
 CHARMM>     
  
 CHARMM>    !update 2016/2. use directly inverted CMAPs
 CHARMM>     
  
 CHARMM>    !toppar stream file for D-amino acids. Includes new residue
 CHARMM>    !names, inverted CMAP and additional parameters.
 CHARMM>     
  
 CHARMM>    !Parent files that have to be read prior to streaming this file
 CHARMM>    !top_all36_prot.rtf
 CHARMM>    !par_all36m_prot.prm
 CHARMM>    !
 CHARMM>    !Testcase
 CHARMM>    !test_all36_d_amino_acid.inp
 CHARMM>     
  
 CHARMM>    !test "append" to determine if previous toppar files have been read and
 CHARMM>    !add append to "read rtf card" if true
 CHARMM>    set nat ?NATC
 RDCMND substituted energy or value "?NATC" to "554"
 Parameter: NAT <- "554"
  
 CHARMM>    set app
 Parameter: APP <- "" <empty>
  
 CHARMM>    !We're exploiting what is arguably a bug in the parser. On the left hand side,
 CHARMM>    !the quotes have priority, so NAT is correctly substituted. On the right hand
 CHARMM>    !side, the ? has priority and NATC" (sic) is not a valid substitution...
 CHARMM>    if "@NAT" ne "?NATC" if @nat ne 0 set app append
 Parameter: NAT -> "554"
 Parameter: NAT -> "554"
 RDCMND: can not substitute energy "?NATC""
 Comparing ""554"" and ""?NATC"".
 IF test evaluated as true.  Performing command
 Comparing "554" and "0".
 IF test evaluated as true.  Performing command
 Parameter: APP <- "APPEND"
  
 CHARMM>     
  
 CHARMM>    read rtf card @app
 Parameter: APP -> "APPEND"
 MAINIO> Residue topology file being read from unit  98.
 RDTITL> * TOPOLOGY FOR D- AMINOACIDS
 RDTITL> *
  
 CHARMM>     
  
 CHARMM>    read para card flex @app
 Parameter: APP -> "APPEND"

          PARAMETER FILE BEING READ FROM UNIT 98
 RDTITL> * PARAMETERS FOR D- AMINOACIDS
 RDTITL> *
 PARMIO> NONBOND, HBOND lists and IMAGE atoms cleared.
  
 VCLOSE: Closing unit   98 with status "KEEP"

                    RETURNING TO INPUT STREAM    99
  
 CHARMM>    stream toppar/toppar_all36_prot_fluoro_alkanes.str
 VOPEN> Attempting to open::toppar/toppar_all36_prot_fluoro_alkanes.str::
 OPNLGU> Unit 98 opened for READONLY access to toppar/toppar_all36_prot_fluoro_alkanes.str

                    INPUT STREAM SWITCHING TO UNIT    98
 RDTITL> * TOPOLOGY AND PARAMETERS FOR FLUORINATED ALKANES.
 RDTITL> *
 Parameter: IN1 <- "" <empty>
  
 CHARMM>     
  
 CHARMM>    !These parameters are maintained for historic reasons.  The CGenFF
 CHARMM>    !halogen parameters are a significant improvement over these
 CHARMM>    !parameters.
 CHARMM>     
  
 CHARMM>    !Parent files that have to be read prior to streaming this file
 CHARMM>    !top_all36_prot.rtf
 CHARMM>    !par_all36_prot.prm
 CHARMM>     
  
 CHARMM>    !Testcase
 CHARMM>    !test_all36_prot_fluoro_alkanes.inp
 CHARMM>     
  
 CHARMM>    !Reference
 CHARMM>    !Chen, I.-J., Yin, D. and MacKerell, Jr., A.D., "Combined Ab
 CHARMM>    !initio/Empirical Approach for Optimization of Lennard-Jones Parameters
 CHARMM>    !for Polar-Neutral Compounds," Journal of Computational Chemistry,
 CHARMM>    !2002, 23:199-213.
 CHARMM>    !
 CHARMM>    !Note that these parameters are higly optimized to reproduce the
 CHARMM>    !corresponding condensed phase properties and have not been incorporated
 CHARMM>    !into the CHARMM22 or CHARMM27 biomolecular force fields
 CHARMM>     
  
 CHARMM>    read rtf card append
 MAINIO> Residue topology file being read from unit  98.
 RDTITL> * TOPOLOGY FOR FLUOROALKANES
 RDTITL> *
*** WARNING **** residue ETHA already exists (old one deleted)

      ***** LEVEL  1 WARNING FROM <RTFRDR> *****
      ***** Residue already exists.
      ******************************************
      BOMLEV (  0) IS NOT REACHED. WRNLEV IS  5

          RESI ETHA  0.0
*** WARNING **** residue FETH already exists (old one deleted)

      ***** LEVEL  1 WARNING FROM <RTFRDR> *****
      ***** Residue already exists.
      ******************************************
      BOMLEV (  0) IS NOT REACHED. WRNLEV IS  5

          RESI FETH  0.0
*** WARNING **** residue DFET already exists (old one deleted)

      ***** LEVEL  1 WARNING FROM <RTFRDR> *****
      ***** Residue already exists.
      ******************************************
      BOMLEV (  0) IS NOT REACHED. WRNLEV IS  5

          RESI DFET 0.0
*** WARNING **** residue TFET already exists (old one deleted)

      ***** LEVEL  1 WARNING FROM <RTFRDR> *****
      ***** Residue already exists.
      ******************************************
      BOMLEV (  0) IS NOT REACHED. WRNLEV IS  5

          RESI TFET  0.0
*** WARNING **** residue TFE  already exists (old one deleted)

      ***** LEVEL  1 WARNING FROM <RTFRDR> *****
      ***** Residue already exists.
      ******************************************
      BOMLEV (  0) IS NOT REACHED. WRNLEV IS  5

          RESI TFE   0.0
 There were   5 warning(s) from RTFRDR.
  
 CHARMM>     
  
 CHARMM>    read para card flex append

          PARAMETER FILE BEING READ FROM UNIT 98
 RDTITL> * FLUOROALKANE PARAMETERS
 RDTITL> *
 PARMIO> NONBOND, HBOND lists and IMAGE atoms cleared.
  
 CHARMM>     
  
 CHARMM>    return
 VCLOSE: Closing unit   98 with status "KEEP"

                    RETURNING TO INPUT STREAM    99
  
 CHARMM>    stream toppar/toppar_all36_prot_heme.str
 VOPEN> Attempting to open::toppar/toppar_all36_prot_heme.str::
 OPNLGU> Unit 98 opened for READONLY access to toppar/toppar_all36_prot_heme.str

                    INPUT STREAM SWITCHING TO UNIT    98
 RDTITL> * TOPOLOGY AND PARAMETER STREAM FILE FOR HEME AND RELATED
 RDTITL> * LIGANDS AND PATCHES.
 RDTITL> *
 Parameter: IN1 <- "" <empty>
  
 CHARMM>     
  
 CHARMM>    !updated 2016/2, allow for use of AUTOGENERATE ANGLE DIHEDRAl PATCH
 CHARMM>     
  
 CHARMM>    !Parent files that have to be read prior to streaming this file
 CHARMM>    !top_all36_prot.rtf
 CHARMM>    !par_all36_prot.prm
 CHARMM>     
  
 CHARMM>    !Testcase
 CHARMM>    !test_all36_prot_heme.inp
 CHARMM>     
  
 CHARMM>    read rtf card append
 MAINIO> Residue topology file being read from unit  98.
 RDTITL> * TOPOLOGY FOR HEME AND RELATED COMPOUNDS AND PATCHES
 RDTITL> *
*** WARNING **** residue CO2  already exists (old one deleted)

      ***** LEVEL  1 WARNING FROM <RTFRDR> *****
      ***** Residue already exists.
      ******************************************
      BOMLEV (  0) IS NOT REACHED. WRNLEV IS  5

          RESI CO2             0.00
 There were   1 warning(s) from RTFRDR.
  
 CHARMM>     
  
 CHARMM>    read para card flex append

          PARAMETER FILE BEING READ FROM UNIT 98
 RDTITL> * ADDITIONAL PARAMETERS FOR HEME
 RDTITL> *
 PARMIO> NONBOND, HBOND lists and IMAGE atoms cleared.
  
 CHARMM>     
  
 CHARMM>    return
 VCLOSE: Closing unit   98 with status "KEEP"

                    RETURNING TO INPUT STREAM    99
  
 CHARMM>    stream toppar/toppar_all36_prot_na_combined.str
 VOPEN> Attempting to open::toppar/toppar_all36_prot_na_combined.str::
 OPNLGU> Unit 98 opened for READONLY access to toppar/toppar_all36_prot_na_combined.str

                    INPUT STREAM SWITCHING TO UNIT    98
 RDTITL> * TOPOLOGY AND PARAMETER STREAM FILE FOR PATCHES TO CREATE
 RDTITL> * MODEL COMPOUNDS AND PATCHES THAT REQUIRE BOTH PROTEIN AND
 RDTITL> * NUCLEIC ACID TOPOLOGY AND PARAMETER INFORMATION
 RDTITL> *
 Parameter: IN1 <- "" <empty>
  
 CHARMM>     
  
 CHARMM>    !Parent files that have to be read prior to streaming this file
 CHARMM>    !top_all36_prot.rtf
 CHARMM>    !par_all36_prot.prm
 CHARMM>    !top_all36_na.rtf
 CHARMM>    !par_all36_na.prm
 CHARMM>    !stream/toppar_all36_prot_fluoro_alkanes.str ! atom types an parameters for fluorinated compounds
 CHARMM>     
  
 CHARMM>    !Testcase
 CHARMM>    !test_all36_prot_na_combined.inp
 CHARMM>     
  
 CHARMM>    !all patches must be followed by AUTOGENERATE ANGLES DIHEDRALS
 CHARMM>     
  
 CHARMM>    !PHOSPHOTYROSINE
 CHARMM>    !
 CHARMM>    !Feng, M.-H., Philippopoulos, M., MacKerell, Jr., A.D. and Lim, C.
 CHARMM>    !Structural Characterization of the Phosphotyrosine Binding Region of a
 CHARMM>    !High-Affinity aSH2 Domain-Phosphopeptide Complex by Molecular Dynamics
 CHARMM>    !Simulation and Chemical Shift Calculations. Journal of the American
 CHARMM>    !Chemical Society, 1996, 118: 11265-11277.
 CHARMM>     
  
 CHARMM>    read rtf card append
 MAINIO> Residue topology file being read from unit  98.
 RDTITL> * TOPOLOGY FOR PHOSPHORYLATED AMINO ACIDS
 RDTITL> *
*** WARNING **** residue THFI already exists (old one deleted)

      ***** LEVEL  1 WARNING FROM <RTFRDR> *****
      ***** Residue already exists.
      ******************************************
      BOMLEV (  0) IS NOT REACHED. WRNLEV IS  5

          RESI THFI       0.00
*** WARNING **** residue THMI already exists (old one deleted)

      ***** LEVEL  1 WARNING FROM <RTFRDR> *****
      ***** Residue already exists.
      ******************************************
      BOMLEV (  0) IS NOT REACHED. WRNLEV IS  5

          RESI THMI       0.00
*** WARNING **** residue THFA already exists (old one deleted)

      ***** LEVEL  1 WARNING FROM <RTFRDR> *****
      ***** Residue already exists.
      ******************************************
      BOMLEV (  0) IS NOT REACHED. WRNLEV IS  5

          RESI THFA        0.00
*** WARNING **** residue THAO already exists (old one deleted)

      ***** LEVEL  1 WARNING FROM <RTFRDR> *****
      ***** Residue already exists.
      ******************************************
      BOMLEV (  0) IS NOT REACHED. WRNLEV IS  5

          RESI THAO         0.00
*** WARNING **** residue RNUS already exists (old one deleted)

      ***** LEVEL  1 WARNING FROM <RTFRDR> *****
      ***** Residue already exists.
      ******************************************
      BOMLEV (  0) IS NOT REACHED. WRNLEV IS  5

          RESI RNUS         0.00
*** WARNING **** residue NUCL already exists (old one deleted)

      ***** LEVEL  1 WARNING FROM <RTFRDR> *****
      ***** Residue already exists.
      ******************************************
      BOMLEV (  0) IS NOT REACHED. WRNLEV IS  5

          RESI NUCL        -1.00
*** WARNING **** residue PPH1 already exists (old one deleted)

      ***** LEVEL  1 WARNING FROM <RTFRDR> *****
      ***** Residue already exists.
      ******************************************
      BOMLEV (  0) IS NOT REACHED. WRNLEV IS  5

          RESI PPH1      -1.00
*** WARNING **** residue BMPH already exists (old one deleted)

      ***** LEVEL  1 WARNING FROM <RTFRDR> *****
      ***** Residue already exists.
      ******************************************
      BOMLEV (  0) IS NOT REACHED. WRNLEV IS  5

          RESI BMPH      -1.00
*** WARNING **** residue BMPD already exists (old one deleted)

      ***** LEVEL  1 WARNING FROM <RTFRDR> *****
      ***** Residue already exists.
      ******************************************
      BOMLEV (  0) IS NOT REACHED. WRNLEV IS  5

          RESI BMPD      -2.00
*** WARNING **** residue BDFP already exists (old one deleted)

      ***** LEVEL  1 WARNING FROM <RTFRDR> *****
      ***** Residue already exists.
      ******************************************
      BOMLEV (  0) IS NOT REACHED. WRNLEV IS  5

          RESI BDFP      -1.00
*** WARNING **** residue BDFD already exists (old one deleted)

      ***** LEVEL  1 WARNING FROM <RTFRDR> *****
      ***** Residue already exists.
      ******************************************
      BOMLEV (  0) IS NOT REACHED. WRNLEV IS  5

          RESI BDFD -2.00
*** WARNING **** residue EP_2 already exists (old one deleted)

      ***** LEVEL  1 WARNING FROM <RTFRDR> *****
      ***** Residue already exists.
      ******************************************
      BOMLEV (  0) IS NOT REACHED. WRNLEV IS  5

          RESI EP_2        -2.00
*** WARNING **** residue IP_2 already exists (old one deleted)

      ***** LEVEL  1 WARNING FROM <RTFRDR> *****
      ***** Residue already exists.
      ******************************************
      BOMLEV (  0) IS NOT REACHED. WRNLEV IS  5

          RESI IP_2        -2.00
 There were  13 warning(s) from RTFRDR.
  
 CHARMM>     
  
 CHARMM>    read para card flex append

          PARAMETER FILE BEING READ FROM UNIT 98
 RDTITL> * ADDITIONAL PARAMETERS FOR PHOSPHORYLATED AMINO ACIDS
 RDTITL> *
 PARMIO> NONBOND, HBOND lists and IMAGE atoms cleared.
  
 VCLOSE: Closing unit   98 with status "KEEP"

                    RETURNING TO INPUT STREAM    99
  
 CHARMM>    stream toppar/toppar_all36_prot_retinol.str
 VOPEN> Attempting to open::toppar/toppar_all36_prot_retinol.str::
 OPNLGU> Unit 98 opened for READONLY access to toppar/toppar_all36_prot_retinol.str

                    INPUT STREAM SWITCHING TO UNIT    98
 RDTITL> * TOPPAR STREAM FILE FOR RETINOL AND RETINAL PARAMETERS
 RDTITL> * A. LOCCISANO, A.M.W., J. EVANSECK AND A.D. MACKERELL, JR.
 RDTITL> * APRIL, 2005
 RDTITL> *
 Parameter: IN1 <- "" <empty>
  
 CHARMM>     
  
 CHARMM>    !use with c36 protein force fields
 CHARMM>    !top_all36_prot.rtf
 CHARMM>    !par_all36_prot.prm
 CHARMM>     
  
 CHARMM>    read rtf card append
 MAINIO> Residue topology file being read from unit  98.
 RDTITL> * RETINAL/RETINOL AND RELATED MODEL COMPOUNDS
 RDTITL> *
*** WARNING **** residue BTE2 already exists (old one deleted)

      ***** LEVEL  1 WARNING FROM <RTFRDR> *****
      ***** Residue already exists.
      ******************************************
      BOMLEV (  0) IS NOT REACHED. WRNLEV IS  5

          RESI BTE2       0.00
*** WARNING **** residue 13DB already exists (old one deleted)

      ***** LEVEL  1 WARNING FROM <RTFRDR> *****
      ***** Residue already exists.
      ******************************************
      BOMLEV (  0) IS NOT REACHED. WRNLEV IS  5

          RESI 13DB       0.00
*** WARNING **** residue 13DP already exists (old one deleted)

      ***** LEVEL  1 WARNING FROM <RTFRDR> *****
      ***** Residue already exists.
      ******************************************
      BOMLEV (  0) IS NOT REACHED. WRNLEV IS  5

          RESI 13DP       0.00
*** WARNING **** residue DMB1 already exists (old one deleted)

      ***** LEVEL  1 WARNING FROM <RTFRDR> *****
      ***** Residue already exists.
      ******************************************
      BOMLEV (  0) IS NOT REACHED. WRNLEV IS  5

          RESI DMB1       0.00
*** WARNING **** residue DMP1 already exists (old one deleted)

      ***** LEVEL  1 WARNING FROM <RTFRDR> *****
      ***** Residue already exists.
      ******************************************
      BOMLEV (  0) IS NOT REACHED. WRNLEV IS  5

          RESI DMP1       0.00
*** WARNING **** residue DMP2 already exists (old one deleted)

      ***** LEVEL  1 WARNING FROM <RTFRDR> *****
      ***** Residue already exists.
      ******************************************
      BOMLEV (  0) IS NOT REACHED. WRNLEV IS  5

          RESI DMP2       0.00
*** WARNING **** residue CROT already exists (old one deleted)

      ***** LEVEL  1 WARNING FROM <RTFRDR> *****
      ***** Residue already exists.
      ******************************************
      BOMLEV (  0) IS NOT REACHED. WRNLEV IS  5

          RESI CROT       0.00
*** WARNING **** residue PACP already exists (old one deleted)

      ***** LEVEL  1 WARNING FROM <RTFRDR> *****
      ***** Residue already exists.
      ******************************************
      BOMLEV (  0) IS NOT REACHED. WRNLEV IS  5

          RESI PACP       0.00
*** WARNING **** residue MECH already exists (old one deleted)

      ***** LEVEL  1 WARNING FROM <RTFRDR> *****
      ***** Residue already exists.
      ******************************************
      BOMLEV (  0) IS NOT REACHED. WRNLEV IS  5

          RESI MECH       0.00
*** WARNING **** residue TMCH already exists (old one deleted)

      ***** LEVEL  1 WARNING FROM <RTFRDR> *****
      ***** Residue already exists.
      ******************************************
      BOMLEV (  0) IS NOT REACHED. WRNLEV IS  5

          RESI TMCH       0.00
*** WARNING **** residue FRET already exists (old one deleted)

      ***** LEVEL  1 WARNING FROM <RTFRDR> *****
      ***** Residue already exists.
      ******************************************
      BOMLEV (  0) IS NOT REACHED. WRNLEV IS  5

          RESI FRET       0.00
*** WARNING **** residue RTOL already exists (old one deleted)

      ***** LEVEL  1 WARNING FROM <RTFRDR> *****
      ***** Residue already exists.
      ******************************************
      BOMLEV (  0) IS NOT REACHED. WRNLEV IS  5

          RESI RTOL       0.00
*** WARNING **** residue RTAL already exists (old one deleted)

      ***** LEVEL  1 WARNING FROM <RTFRDR> *****
      ***** Residue already exists.
      ******************************************
      BOMLEV (  0) IS NOT REACHED. WRNLEV IS  5

          RESI RTAL       0.00
*** WARNING **** residue RTAC already exists (old one deleted)

      ***** LEVEL  1 WARNING FROM <RTFRDR> *****
      ***** Residue already exists.
      ******************************************
      BOMLEV (  0) IS NOT REACHED. WRNLEV IS  5

          RESI RTAC      -1.00
*** WARNING **** residue PRAC already exists (old one deleted)

      ***** LEVEL  1 WARNING FROM <RTFRDR> *****
      ***** Residue already exists.
      ******************************************
      BOMLEV (  0) IS NOT REACHED. WRNLEV IS  5

          RESI PRAC      -1.00
*** WARNING **** residue PROL already exists (old one deleted)

      ***** LEVEL  1 WARNING FROM <RTFRDR> *****
      ***** Residue already exists.
      ******************************************
      BOMLEV (  0) IS NOT REACHED. WRNLEV IS  5

          RESI PROL       0.00
*** WARNING **** residue PRAL already exists (old one deleted)

      ***** LEVEL  1 WARNING FROM <RTFRDR> *****
      ***** Residue already exists.
      ******************************************
      BOMLEV (  0) IS NOT REACHED. WRNLEV IS  5

          RESI PRAL       0.00
*** WARNING **** residue SCH1 already exists (old one deleted)

      ***** LEVEL  1 WARNING FROM <RTFRDR> *****
      ***** Residue already exists.
      ******************************************
      BOMLEV (  0) IS NOT REACHED. WRNLEV IS  5

          RESI SCH1       0.00
*** WARNING **** residue SCH2 already exists (old one deleted)

      ***** LEVEL  1 WARNING FROM <RTFRDR> *****
      ***** Residue already exists.
      ******************************************
      BOMLEV (  0) IS NOT REACHED. WRNLEV IS  5

          RESI SCH2       1.00
*** WARNING **** residue SCH3 already exists (old one deleted)

      ***** LEVEL  1 WARNING FROM <RTFRDR> *****
      ***** Residue already exists.
      ******************************************
      BOMLEV (  0) IS NOT REACHED. WRNLEV IS  5

          RESI SCH3       1.00
 There were  20 warning(s) from RTFRDR.
  
 CHARMM>     
  
 CHARMM>    read para card flex append

          PARAMETER FILE BEING READ FROM UNIT 98
 RDTITL> * RETINAL/RETINOL AND RELATED PARAMETERS
 RDTITL> *
 PARMIO> NONBOND, HBOND lists and IMAGE atoms cleared.
  
 CHARMM>     
  
 VCLOSE: Closing unit   98 with status "KEEP"

                    RETURNING TO INPUT STREAM    99
  
 CHARMM>    stream toppar/toppar_all36_prot_model.str
 VOPEN> Attempting to open::toppar/toppar_all36_prot_model.str::
 OPNLGU> Unit 98 opened for READONLY access to toppar/toppar_all36_prot_model.str

                    INPUT STREAM SWITCHING TO UNIT    98
 RDTITL> *>> ALL-HYDROGEN TOPOLOGY FOR SMALL MODEL COMPOUNDS USED IN THE <<
 RDTITL> *>> DEVELOPMENT OF THE CHARMM22 PROTEIN ALL-HYDROGEN PARAMETERS <<
 RDTITL> *>>>>>>>>>>>>>>>>>>>>>>> JULY 1997 <<<<<<<<<<<<<<<<<<<<<<<<<<<<<<<
 RDTITL> *>>>>>>>> DIRECT COMMENTS TO ALEXANDER D. MACKERELL JR. <<<<<<<<<<
 RDTITL> *>>>>>>>>>>>>>>> PARAMETER FORUM, WWW.CHARMM.ORG <<<<<<<<<<<<<<<<<
 RDTITL> *CONVERTED TO STREAM FORMAT, DECEMBER 2003
 RDTITL> *CONVERTED TO CHARMM36 PROTEIN ATOM TYPES, MAY 2011
 RDTITL> *
 Parameter: IN1 <- "" <empty>
  
 CHARMM>     
  
 CHARMM>    !Parent files that have to be read prior to streaming this file
 CHARMM>    !top_all36_prot.rtf
 CHARMM>    !par_all36_prot.prm
 CHARMM>    !
 CHARMM>    !Testcase
 CHARMM>    !test_all36_prot_model.inp
 CHARMM>     
  
 CHARMM>    !changes after 9/98
 CHARMM>    !
 CHARMM>    !change alkene HA1 and HA2 to HE1 and HE2
 CHARMM>    !
 CHARMM>    !improper atom ordering corrected
 CHARMM>    !
 CHARMM>    !version b5i to be consistent with protein toppar files
 CHARMM>    !
 CHARMM>    !Heme vinyl groups upgraded based on new butene parameters
 CHARMM>    !
 CHARMM>     
  
 CHARMM>    ! references
 CHARMM>    !
 CHARMM>    !PROTEINS
 CHARMM>    !
 CHARMM>    !MacKerell, Jr., A. D.; Bashford, D.; Bellott, M.; Dunbrack Jr., R.L.;
 CHARMM>    !Evanseck, J.D.; Field, M.J.; Fischer, S.; Gao, J.; Guo, H.; Ha, S.;
 CHARMM>    !Joseph-McCarthy, D.; Kuchnir, L.; Kuczera, K.; Lau, F.T.K.; Mattos,
 CHARMM>    !C.; Michnick, S.; Ngo, T.; Nguyen, D.T.; Prodhom, B.; Reiher, III,
 CHARMM>    !W.E.; Roux, B.; Schlenkrich, M.; Smith, J.C.; Stote, R.; Straub, J.;
 CHARMM>    !Watanabe, M.; Wiorkiewicz-Kuczera, J.; Yin, D.; Karplus, M.  All-atom
 CHARMM>    !empirical potential for molecular modeling and dynamics Studies of
 CHARMM>    !proteins.  Journal of Physical Chemistry B, 1998, 102, 3586-3616.
 CHARMM>     
  
 CHARMM>    read rtf card append
 MAINIO> Residue topology file being read from unit  98.
 RDTITL> * TOPOLOGY FOR PROTEIN RELATED MODEL COMPOUNDS
 RDTITL> *
*** WARNING **** residue ACET already exists (old one deleted)

      ***** LEVEL  1 WARNING FROM <RTFRDR> *****
      ***** Residue already exists.
      ******************************************
      BOMLEV (  0) IS NOT REACHED. WRNLEV IS  5

          RESI ACET       -1.00
*** WARNING **** residue PROA already exists (old one deleted)

      ***** LEVEL  1 WARNING FROM <RTFRDR> *****
      ***** Residue already exists.
      ******************************************
      BOMLEV (  0) IS NOT REACHED. WRNLEV IS  5

          RESI PROA       -1.00
*** WARNING **** residue GUAN already exists (old one deleted)

      ***** LEVEL  1 WARNING FROM <RTFRDR> *****
      ***** Residue already exists.
      ******************************************
      BOMLEV (  0) IS NOT REACHED. WRNLEV IS  5

          RESI GUAN        1.00
*** WARNING **** residue MGUA already exists (old one deleted)

      ***** LEVEL  1 WARNING FROM <RTFRDR> *****
      ***** Residue already exists.
      ******************************************
      BOMLEV (  0) IS NOT REACHED. WRNLEV IS  5

          RESI MGUA        1.00
*** WARNING **** residue GLYN already exists (old one deleted)

      ***** LEVEL  1 WARNING FROM <RTFRDR> *****
      ***** Residue already exists.
      ******************************************
      BOMLEV (  0) IS NOT REACHED. WRNLEV IS  5

          RESI GLYN         0.00
*** WARNING **** residue MAMM already exists (old one deleted)

      ***** LEVEL  1 WARNING FROM <RTFRDR> *****
      ***** Residue already exists.
      ******************************************
      BOMLEV (  0) IS NOT REACHED. WRNLEV IS  5

          RESI MAMM        1.00
*** WARNING **** residue EAMM already exists (old one deleted)

      ***** LEVEL  1 WARNING FROM <RTFRDR> *****
      ***** Residue already exists.
      ******************************************
      BOMLEV (  0) IS NOT REACHED. WRNLEV IS  5

          RESI EAMM        1.00
*** WARNING **** residue ACEH already exists (old one deleted)

      ***** LEVEL  1 WARNING FROM <RTFRDR> *****
      ***** Residue already exists.
      ******************************************
      BOMLEV (  0) IS NOT REACHED. WRNLEV IS  5

          RESI ACEH        0.00
*** WARNING **** residue MEOH already exists (old one deleted)

      ***** LEVEL  1 WARNING FROM <RTFRDR> *****
      ***** Residue already exists.
      ******************************************
      BOMLEV (  0) IS NOT REACHED. WRNLEV IS  5

          RESI MEOH        0.00
*** WARNING **** residue METO already exists (old one deleted)

      ***** LEVEL  1 WARNING FROM <RTFRDR> *****
      ***** Residue already exists.
      ******************************************
      BOMLEV (  0) IS NOT REACHED. WRNLEV IS  5

          RESI METO       -1.00
*** WARNING **** residue ETOH already exists (old one deleted)

      ***** LEVEL  1 WARNING FROM <RTFRDR> *****
      ***** Residue already exists.
      ******************************************
      BOMLEV (  0) IS NOT REACHED. WRNLEV IS  5

          RESI ETOH        0.00
*** WARNING **** residue ETO  already exists (old one deleted)

      ***** LEVEL  1 WARNING FROM <RTFRDR> *****
      ***** Residue already exists.
      ******************************************
      BOMLEV (  0) IS NOT REACHED. WRNLEV IS  5

          RESI ETO        -1.00
*** WARNING **** residue PRO2 already exists (old one deleted)

      ***** LEVEL  1 WARNING FROM <RTFRDR> *****
      ***** Residue already exists.
      ******************************************
      BOMLEV (  0) IS NOT REACHED. WRNLEV IS  5

          RESI PRO2        0.00
*** WARNING **** residue FORM already exists (old one deleted)

      ***** LEVEL  1 WARNING FROM <RTFRDR> *****
      ***** Residue already exists.
      ******************************************
      BOMLEV (  0) IS NOT REACHED. WRNLEV IS  5

          RESI FORM        0.00
*** WARNING **** residue ACEM already exists (old one deleted)

      ***** LEVEL  1 WARNING FROM <RTFRDR> *****
      ***** Residue already exists.
      ******************************************
      BOMLEV (  0) IS NOT REACHED. WRNLEV IS  5

          RESI ACEM        0.00
*** WARNING **** residue NMA  already exists (old one deleted)

      ***** LEVEL  1 WARNING FROM <RTFRDR> *****
      ***** Residue already exists.
      ******************************************
      BOMLEV (  0) IS NOT REACHED. WRNLEV IS  5

          RESI NMA         0.00
*** WARNING **** residue MESH already exists (old one deleted)

      ***** LEVEL  1 WARNING FROM <RTFRDR> *****
      ***** Residue already exists.
      ******************************************
      BOMLEV (  0) IS NOT REACHED. WRNLEV IS  5

          RESI MESH        0.00
*** WARNING **** residue MES1 already exists (old one deleted)

      ***** LEVEL  1 WARNING FROM <RTFRDR> *****
      ***** Residue already exists.
      ******************************************
      BOMLEV (  0) IS NOT REACHED. WRNLEV IS  5

          RESI MES1       -1.00
*** WARNING **** residue ETSH already exists (old one deleted)

      ***** LEVEL  1 WARNING FROM <RTFRDR> *****
      ***** Residue already exists.
      ******************************************
      BOMLEV (  0) IS NOT REACHED. WRNLEV IS  5

          RESI ETSH        0.00
*** WARNING **** residue ES1  already exists (old one deleted)

      ***** LEVEL  1 WARNING FROM <RTFRDR> *****
      ***** Residue already exists.
      ******************************************
      BOMLEV (  0) IS NOT REACHED. WRNLEV IS  5

          RESI ES1        -1.00
*** WARNING **** residue DMDS already exists (old one deleted)

      ***** LEVEL  1 WARNING FROM <RTFRDR> *****
      ***** Residue already exists.
      ******************************************
      BOMLEV (  0) IS NOT REACHED. WRNLEV IS  5

          RESI DMDS        0.00
*** WARNING **** residue DEDS already exists (old one deleted)

      ***** LEVEL  1 WARNING FROM <RTFRDR> *****
      ***** Residue already exists.
      ******************************************
      BOMLEV (  0) IS NOT REACHED. WRNLEV IS  5

          RESI DEDS        0.00
*** WARNING **** residue EMS  already exists (old one deleted)

      ***** LEVEL  1 WARNING FROM <RTFRDR> *****
      ***** Residue already exists.
      ******************************************
      BOMLEV (  0) IS NOT REACHED. WRNLEV IS  5

          RESI EMS         0.00
*** WARNING **** residue IMIA already exists (old one deleted)

      ***** LEVEL  1 WARNING FROM <RTFRDR> *****
      ***** Residue already exists.
      ******************************************
      BOMLEV (  0) IS NOT REACHED. WRNLEV IS  5

          RESI IMIA        0.00
*** WARNING **** residue MIMI already exists (old one deleted)

      ***** LEVEL  1 WARNING FROM <RTFRDR> *****
      ***** Residue already exists.
      ******************************************
      BOMLEV (  0) IS NOT REACHED. WRNLEV IS  5

          RESI MIMI        0.00
*** WARNING **** residue EIMI already exists (old one deleted)

      ***** LEVEL  1 WARNING FROM <RTFRDR> *****
      ***** Residue already exists.
      ******************************************
      BOMLEV (  0) IS NOT REACHED. WRNLEV IS  5

          RESI EIMI        0.00
*** WARNING **** residue IMIM already exists (old one deleted)

      ***** LEVEL  1 WARNING FROM <RTFRDR> *****
      ***** Residue already exists.
      ******************************************
      BOMLEV (  0) IS NOT REACHED. WRNLEV IS  5

          RESI IMIM        1.00
*** WARNING **** residue EIMM already exists (old one deleted)

      ***** LEVEL  1 WARNING FROM <RTFRDR> *****
      ***** Residue already exists.
      ******************************************
      BOMLEV (  0) IS NOT REACHED. WRNLEV IS  5

          RESI EIMM        1.00
*** WARNING **** residue BENZ already exists (old one deleted)

      ***** LEVEL  1 WARNING FROM <RTFRDR> *****
      ***** Residue already exists.
      ******************************************
      BOMLEV (  0) IS NOT REACHED. WRNLEV IS  5

          RESI BENZ        0.00
*** WARNING **** residue EBEN already exists (old one deleted)

      ***** LEVEL  1 WARNING FROM <RTFRDR> *****
      ***** Residue already exists.
      ******************************************
      BOMLEV (  0) IS NOT REACHED. WRNLEV IS  5

          RESI EBEN         0.00
*** WARNING **** residue PHEN already exists (old one deleted)

      ***** LEVEL  1 WARNING FROM <RTFRDR> *****
      ***** Residue already exists.
      ******************************************
      BOMLEV (  0) IS NOT REACHED. WRNLEV IS  5

          RESI PHEN        0.00
*** WARNING **** residue EPHE already exists (old one deleted)

      ***** LEVEL  1 WARNING FROM <RTFRDR> *****
      ***** Residue already exists.
      ******************************************
      BOMLEV (  0) IS NOT REACHED. WRNLEV IS  5

          RESI EPHE        0.00
*** WARNING **** residue PHEO already exists (old one deleted)

      ***** LEVEL  1 WARNING FROM <RTFRDR> *****
      ***** Residue already exists.
      ******************************************
      BOMLEV (  0) IS NOT REACHED. WRNLEV IS  5

          RESI PHEO       -1.00
*** WARNING **** residue INDO already exists (old one deleted)

      ***** LEVEL  1 WARNING FROM <RTFRDR> *****
      ***** Residue already exists.
      ******************************************
      BOMLEV (  0) IS NOT REACHED. WRNLEV IS  5

          RESI INDO        0.00
*** WARNING **** residue EIND already exists (old one deleted)

      ***** LEVEL  1 WARNING FROM <RTFRDR> *****
      ***** Residue already exists.
      ******************************************
      BOMLEV (  0) IS NOT REACHED. WRNLEV IS  5

          RESI EIND        0.00
*** WARNING **** residue PDIP already exists (old one deleted)

      ***** LEVEL  1 WARNING FROM <RTFRDR> *****
      ***** Residue already exists.
      ******************************************
      BOMLEV (  0) IS NOT REACHED. WRNLEV IS  5

          RESI PDIP        0.00
*** WARNING **** residue ETHA already exists (old one deleted)

      ***** LEVEL  1 WARNING FROM <RTFRDR> *****
      ***** Residue already exists.
      ******************************************
      BOMLEV (  0) IS NOT REACHED. WRNLEV IS  5

          RESI ETHA        0.00
*** WARNING **** residue PRPA already exists (old one deleted)

      ***** LEVEL  1 WARNING FROM <RTFRDR> *****
      ***** Residue already exists.
      ******************************************
      BOMLEV (  0) IS NOT REACHED. WRNLEV IS  5

          RESI PRPA        0.00
*** WARNING **** residue IBUT already exists (old one deleted)

      ***** LEVEL  1 WARNING FROM <RTFRDR> *****
      ***** Residue already exists.
      ******************************************
      BOMLEV (  0) IS NOT REACHED. WRNLEV IS  5

          RESI IBUT        0.00
*** WARNING **** residue OCOH already exists (old one deleted)

      ***** LEVEL  1 WARNING FROM <RTFRDR> *****
      ***** Residue already exists.
      ******************************************
      BOMLEV (  0) IS NOT REACHED. WRNLEV IS  5

          RESI OCOH    0.0
*** WARNING **** residue CO3  already exists (old one deleted)

      ***** LEVEL  1 WARNING FROM <RTFRDR> *****
      ***** Residue already exists.
      ******************************************
      BOMLEV (  0) IS NOT REACHED. WRNLEV IS  5

          RESI CO3  -2.0
*** WARNING **** residue C3   already exists (old one deleted)

      ***** LEVEL  1 WARNING FROM <RTFRDR> *****
      ***** Residue already exists.
      ******************************************
      BOMLEV (  0) IS NOT REACHED. WRNLEV IS  5

          RESI C3    0.00
 There were  42 warning(s) from RTFRDR.
  
 CHARMM>     
  
 CHARMM>    read para card flex append

          PARAMETER FILE BEING READ FROM UNIT 98
 RDTITL>  
 RDTITL> No title read.
 PARMIO> NONBOND, HBOND lists and IMAGE atoms cleared.
  
 CHARMM>     
  
 CHARMM>    return
 VCLOSE: Closing unit   98 with status "KEEP"

                    RETURNING TO INPUT STREAM    99
  
 CHARMM>    stream toppar/toppar_all36_prot_modify_res.str
 VOPEN> Attempting to open::toppar/toppar_all36_prot_modify_res.str::
 OPNLGU> Unit 98 opened for READONLY access to toppar/toppar_all36_prot_modify_res.str

                    INPUT STREAM SWITCHING TO UNIT    98
 RDTITL> * TOPPAR FILE FOR VARIOUS MODIFIED RESIDUES AND PATCHES, INCLUDING
 RDTITL> * PATCHES TO COVALENTLY LINK RESIDUES TO IONS TO WORK WITH THE
 RDTITL> * ADDITIVE C36 PROTEIN FORCE FIELD
 RDTITL> * REQUIRES CGENFF PARAMETER FILE
 RDTITL> *
 Parameter: IN1 <- "" <empty>
  
 CHARMM>     
  
 CHARMM>    !Acetyllysine (ALY)
 CHARMM>    !Norleucine (NLE) and
 CHARMM>    ! residues and patches for Zn-protein interactions modeled using
 CHARMM>    ! bond and angles between the protein and Zn.
 CHARMM>     
  
 CHARMM>    !non-standard amino acids: 2021
 CHARMM>    !Croitoru, A., Park, S.-J., Kumar, A., Lee, J., Im, Wonpil; MacKerell,
 CHARMM>    !A.D., Jr., and Aleksandrov, A. Additive CHARMM36 Force Field for
 CHARMM>    !Nonstandard Amino Acids, Journal of Chemical Theory and Computation,
 CHARMM>    !17:3554-3570, doi: 10.1021/acs.jctc.1c00254.
 CHARMM>     
  
 CHARMM>    read rtf card append
 MAINIO> Residue topology file being read from unit  98.
 RDTITL> * TOPPAR FILE PROTEIN MODIFICATIONS
 RDTITL> *
*** WARNING **** residue CGU  already exists (old one deleted)

      ***** LEVEL  1 WARNING FROM <RTFRDR> *****
      ***** Residue already exists.
      ******************************************
      BOMLEV (  0) IS NOT REACHED. WRNLEV IS  5

          RESI CGU              -2.000
*** WARNING **** residue CME  already exists (old one deleted)

      ***** LEVEL  1 WARNING FROM <RTFRDR> *****
      ***** Residue already exists.
      ******************************************
      BOMLEV (  0) IS NOT REACHED. WRNLEV IS  5

          RESI CME               0.000
*** WARNING **** residue HIC  already exists (old one deleted)

      ***** LEVEL  1 WARNING FROM <RTFRDR> *****
      ***** Residue already exists.
      ******************************************
      BOMLEV (  0) IS NOT REACHED. WRNLEV IS  5

          RESI HIC               0.000
*** WARNING **** residue HICP already exists (old one deleted)

      ***** LEVEL  1 WARNING FROM <RTFRDR> *****
      ***** Residue already exists.
      ******************************************
      BOMLEV (  0) IS NOT REACHED. WRNLEV IS  5

          RESI HICP              1.000
*** WARNING **** residue CGUP already exists (old one deleted)

      ***** LEVEL  1 WARNING FROM <RTFRDR> *****
      ***** Residue already exists.
      ******************************************
      BOMLEV (  0) IS NOT REACHED. WRNLEV IS  5

          RESI CGUP             -1.000
 There were   5 warning(s) from RTFRDR.
  
 CHARMM>     
  
 CHARMM>    read para card append flex

          PARAMETER FILE BEING READ FROM UNIT 98
 RDTITL>  
 RDTITL> No title read.
 PARMIO> NONBOND, HBOND lists and IMAGE atoms cleared.
  
 CHARMM>     
  
 CHARMM>    return
 VCLOSE: Closing unit   98 with status "KEEP"

                    RETURNING TO INPUT STREAM    99
  
 CHARMM>     
  
 CHARMM>    ! Additional topologies and parameters for nucleic acids
 CHARMM>    stream toppar/toppar_all36_na_nad_ppi.str
 VOPEN> Attempting to open::toppar/toppar_all36_na_nad_ppi.str::
 OPNLGU> Unit 98 opened for READONLY access to toppar/toppar_all36_na_nad_ppi.str

                    INPUT STREAM SWITCHING TO UNIT    98
 RDTITL> * CHARMM36 ALL-HYDROGEN NUCLEIC ACID FORCE TOPPAR STREAM FILE
 RDTITL> * NAD+, NADH, ADP, ATP, PPI AND RELATED ANALOGS
 RDTITL> * A.D. MACKERELL, JR., JULY 2001
 RDTITL> * STREAM FOLLOWING RTF AND PARAM READ OF
 RDTITL> *
 Parameter: IN1 <- "" <empty>
  
 CHARMM>     
  
 CHARMM>    !Update, 2015/1, nomenclature for NAD+ etc. consistent with PDB
 CHARMM>     
  
 CHARMM>    !Parent files that have to be read prior to streaming this file
 CHARMM>    !top_all36_na.rtf
 CHARMM>    !par_all36_na.prm
 CHARMM>     
  
 CHARMM>    !Testcase
 CHARMM>    !test_all36_na_nad_ppi.inp
 CHARMM>     
  
 CHARMM>    !Reference
 CHARMM>    !Pavelites, J.J., Bash, P.A., Gao, J., and MacKerell, Jr.,
 CHARMM>    !A.D. A Molecular Mechanics Force Field for NAD+, NADH and the
 CHARMM>    !Pyrophosphate Groups of Nucleotides, Journal of Computational
 CHARMM>    !Chemistry, 1997, 18: 221-239.
 CHARMM>     
  
 CHARMM>    read rtf card append
 MAINIO> Residue topology file being read from unit  98.
 RDTITL> * NAD, PPI TOPOLOGY
 RDTITL> *
*** WARNING **** residue NIC  already exists (old one deleted)

      ***** LEVEL  1 WARNING FROM <RTFRDR> *****
      ***** Residue already exists.
      ******************************************
      BOMLEV (  0) IS NOT REACHED. WRNLEV IS  5

          RESI NIC         1.00
*** WARNING **** residue NICH already exists (old one deleted)

      ***** LEVEL  1 WARNING FROM <RTFRDR> *****
      ***** Residue already exists.
      ******************************************
      BOMLEV (  0) IS NOT REACHED. WRNLEV IS  5

          RESI NICH         0.00
*** WARNING **** residue PPI1 already exists (old one deleted)

      ***** LEVEL  1 WARNING FROM <RTFRDR> *****
      ***** Residue already exists.
      ******************************************
      BOMLEV (  0) IS NOT REACHED. WRNLEV IS  5

          RESI PPI1        -3.00
*** WARNING **** residue PPI2 already exists (old one deleted)

      ***** LEVEL  1 WARNING FROM <RTFRDR> *****
      ***** Residue already exists.
      ******************************************
      BOMLEV (  0) IS NOT REACHED. WRNLEV IS  5

          RESI PPI2        -2.00
*** WARNING **** residue AMP  already exists (old one deleted)

      ***** LEVEL  1 WARNING FROM <RTFRDR> *****
      ***** Residue already exists.
      ******************************************
      BOMLEV (  0) IS NOT REACHED. WRNLEV IS  5

          RESI AMP         -2.00
*** WARNING **** residue ADP  already exists (old one deleted)

      ***** LEVEL  1 WARNING FROM <RTFRDR> *****
      ***** Residue already exists.
      ******************************************
      BOMLEV (  0) IS NOT REACHED. WRNLEV IS  5

          RESI ADP         -3.00
*** WARNING **** residue ATP  already exists (old one deleted)

      ***** LEVEL  1 WARNING FROM <RTFRDR> *****
      ***** Residue already exists.
      ******************************************
      BOMLEV (  0) IS NOT REACHED. WRNLEV IS  5

          RESI ATP         -4.00
*** WARNING **** residue 5DP  already exists (old one deleted)

      ***** LEVEL  1 WARNING FROM <RTFRDR> *****
      ***** Residue already exists.
      ******************************************
      BOMLEV (  0) IS NOT REACHED. WRNLEV IS  5

          PRES 5DP         -3.00
*** WARNING **** residue NAD  already exists (old one deleted)

      ***** LEVEL  1 WARNING FROM <RTFRDR> *****
      ***** Residue already exists.
      ******************************************
      BOMLEV (  0) IS NOT REACHED. WRNLEV IS  5

          RESI NAD         -1.00
*** WARNING **** residue NADH already exists (old one deleted)

      ***** LEVEL  1 WARNING FROM <RTFRDR> *****
      ***** Residue already exists.
      ******************************************
      BOMLEV (  0) IS NOT REACHED. WRNLEV IS  5

          RESI NADH        -2.00
*** WARNING **** residue NADP already exists (old one deleted)

      ***** LEVEL  1 WARNING FROM <RTFRDR> *****
      ***** Residue already exists.
      ******************************************
      BOMLEV (  0) IS NOT REACHED. WRNLEV IS  5

          RESI NADP        -2.00
*** WARNING **** residue NDPH already exists (old one deleted)

      ***** LEVEL  1 WARNING FROM <RTFRDR> *****
      ***** Residue already exists.
      ******************************************
      BOMLEV (  0) IS NOT REACHED. WRNLEV IS  5

          RESI NDPH        -3.00
 There were  12 warning(s) from RTFRDR.
  
 CHARMM>     
  
 CHARMM>    read para card flex append

          PARAMETER FILE BEING READ FROM UNIT 98
 RDTITL> * NAD, PPI PARAMETERS
 RDTITL> *
 PARMIO> NONBOND, HBOND lists and IMAGE atoms cleared.
  
 CHARMM>     
  
 CHARMM>     
  
 VCLOSE: Closing unit   98 with status "KEEP"

                    RETURNING TO INPUT STREAM    99
  
 CHARMM>    stream toppar/toppar_all36_na_rna_modified.str
 VOPEN> Attempting to open::toppar/toppar_all36_na_rna_modified.str::
 OPNLGU> Unit 98 opened for READONLY access to toppar/toppar_all36_na_rna_modified.str

                    INPUT STREAM SWITCHING TO UNIT    98
 RDTITL> * ADDITIVE CHARMM FORCE FIELD FOR MODIFIED RIBONUCLEIC ACIDS, INCLUDING
 RDTITL> * THOSE FOUNDS IN TRNA. YOU XU, KAROLINSKA INSTITUTET, 2015.
 RDTITL> * |
 RDTITL> * WARNING: PARAMETERS AND ATOM TYPE ASSIGNMENTS IN THIS FILE ARE SPECIFIC
 RDTITL> * FOR THESE COMPOUNDS AND SHOULD UNDER NO CIRCUMSTANCES BE APPLIED TO
 RDTITL> * OTHER ORGANIC MOLECULES
 RDTITL> *
 Parameter: IN1 <- "" <empty>
  
 CHARMM>     
  
 CHARMM>    ! Xu, Y., Vanommeslaeghe, K., Aleksandrov, A., MacKerell, A.D.,
 CHARMM>    ! Jr. Nilsson, L., “Additive CHARMM force field for naturally
 CHARMM>    ! occurring modified ribonucleotides,” Journal of Computational
 CHARMM>    !  Chemistry, DOI: 10.1002/jcc.24307, 2016
 CHARMM>     
  
 CHARMM>    ! Should be used with parent files CGenFF: top_all36_cgenff.inp and par_all36_cgenff.inp
 CHARMM>    !                                    NA36: top_all36_na.inp and par_all36_na.inp
 CHARMM>    !                              and Carb36: top_all36_carb.inp and par_all36_carb.inp
 CHARMM>    !
 CHARMM>     
  
 CHARMM>    read rtf card append
 MAINIO> Residue topology file being read from unit  98.
 RDTITL> * TOPOLOGIES OF MODIFIED NUCLEOTIDES
 RDTITL> *
*** WARNING **** residue BUG  already exists (old one deleted)

      ***** LEVEL  1 WARNING FROM <RTFRDR> *****
      ***** Residue already exists.
      ******************************************
      BOMLEV (  0) IS NOT REACHED. WRNLEV IS  5

          RESI BUG           -1.00
 There were   1 warning(s) from RTFRDR.
  
 CHARMM>     
  
 CHARMM>    read param card flex append

          PARAMETER FILE BEING READ FROM UNIT 98
 RDTITL> * ADDITIVE CHARMM PARAMETERS FOR MODIFIED NUCLEIC ACIDS, BETA VERSION
 RDTITL> * YOU XU, KAROLINSKA INSTITUTET, 2015.
 RDTITL> *
 PARMIO> NONBOND, HBOND lists and IMAGE atoms cleared.
  
 CHARMM>    RETURN
 VCLOSE: Closing unit   98 with status "KEEP"

                    RETURNING TO INPUT STREAM    99
  
 CHARMM>     
  
 CHARMM>    ! Additional topologies and parameters for lipids
 CHARMM>    stream toppar/toppar_all36_lipid_sphingo.str
 VOPEN> Attempting to open::toppar/toppar_all36_lipid_sphingo.str::
 OPNLGU> Unit 98 opened for READONLY access to toppar/toppar_all36_lipid_sphingo.str

                    INPUT STREAM SWITCHING TO UNIT    98
 RDTITL> * TOPPAR STREAM FOR CERAMIDES AND SPINGOMYELINS; REQUIRES FLEX FORMAT FILES
 RDTITL> * TOP_ALL36_LIPID.RTF AND PAR_ALL36_LIPID.PRM
 RDTITL> *
 Parameter: IN1 <- "" <empty>
  
 CHARMM>     
  
 CHARMM>    ! REFERENCES
 CHARMM>    !
 CHARMM>    ! PSM and SSM Lipids
 CHARMM>    !
 CHARMM>    ! Venable, R. M.; Sodt, A. J.; Rogaski, B.; Rui, H.; Hatcher, E.; MacKerell, A. D.;
 CHARMM>    ! Pastor, R. W.; Klauda, J. B., CHARMM All-Atom Additive Force Field for Sphingomyelin:
 CHARMM>    ! Elucidation of Hydrogen Bonding and of Positive Curvature. Biophys. J. 2014, 107 (1), 134-145
 CHARMM>    !
 CHARMM>    ! Ceramide
 CHARMM>    !
 CHARMM>    ! Submited by Sam Tonddast-Navaei of U. Cincinnati. Advised by Russell Devane
 CHARMM>    ! Tested by Eric Wang of U. Maryland. Advised by Jeffery Klauda
 CHARMM>    !
 CHARMM>    !
 CHARMM>    ! CerAP/Cer6, CerNP/Cer3, and CerEOS/Cer1
 CHARMM>    !
 CHARMM>    ! Wang, E.; Klauda, J. B., Structure and Permeability of Ceramide Bilayers and Multilayers.
 CHARMM>    ! J. Phys. Chem. B., 2019, 123, 11, 2525-2535
 CHARMM>    ! Wang, E.; Klauda, J. B., Molecular Structure of the Long Periodicity Phase in the Stratum Corneum.
 CHARMM>    ! J. Amer. Chem. Soc., 2019. 141, 42, 16930-16943
 CHARMM>     
  
 CHARMM>    set nat ?NATC
 RDCMND substituted energy or value "?NATC" to "585"
 Parameter: NAT <- "585"
  
 CHARMM>    set app
 Parameter: APP <- "" <empty>
  
 CHARMM>    !We're exploiting what is arguably a bug in the parser. On the left hand side,
 CHARMM>    !the quotes have proirity, so NAT is correctly substituted. On the right hand
 CHARMM>    !side, the ? has priority and NATC" (sic) is not a valid substitution...
 CHARMM>    if "@NAT" ne "?NATC" if @nat ne 0 set app append
 Parameter: NAT -> "585"
 Parameter: NAT -> "585"
 RDCMND: can not substitute energy "?NATC""
 Comparing ""585"" and ""?NATC"".
 IF test evaluated as true.  Performing command
 Comparing "585" and "0".
 IF test evaluated as true.  Performing command
 Parameter: APP <- "APPEND"
  
 CHARMM>     
  
 CHARMM>    read rtf card @app
 Parameter: APP -> "APPEND"
 MAINIO> Residue topology file being read from unit  98.
 RDTITL> * CER/SM RESIDUES
 RDTITL> *
  
 CHARMM>     
  
 CHARMM>    read para card flex @app
 Parameter: APP -> "APPEND"

          PARAMETER FILE BEING READ FROM UNIT 98
 RDTITL> * NEW PARAMETERS
 RDTITL> *
 PARRDR> Error: Repeated DIHE parameter ( 14758): NHL   C     CTO1  HAL1 is replaced
 PARRDR> Error: Repeated DIHE parameter ( 14779): O     C     CTO1  HAL1 is replaced
 PARMIO> NONBOND, HBOND lists and IMAGE atoms cleared.
  
 CHARMM>     
  
 CHARMM>    return
 VCLOSE: Closing unit   98 with status "KEEP"

                    RETURNING TO INPUT STREAM    99
  
 CHARMM>    stream toppar/toppar_all36_lipid_archaeal.str
 VOPEN> Attempting to open::toppar/toppar_all36_lipid_archaeal.str::
 OPNLGU> Unit 98 opened for READONLY access to toppar/toppar_all36_lipid_archaeal.str

                    INPUT STREAM SWITCHING TO UNIT    98
 RDTITL> * TOPPAR STREAM FILE FOR ARCHAEAL LIPIDS.
 RDTITL> *
 Parameter: IN1 <- "" <empty>
  
 CHARMM>     
  
 CHARMM>    ! This is an on-going file of archaeal lipids
 CHARMM>    ! I am adding meanquinone-7 now
 CHARMM>     
  
 CHARMM>    read rtf card append
 MAINIO> Residue topology file being read from unit  98.
 RDTITL> * ARCHAEAL LIPIDS
 RDTITL> *
  
 CHARMM>     
  
 CHARMM>    read param card flex append

          PARAMETER FILE BEING READ FROM UNIT 98
 RDTITL> * PARAMETERS GENERATED BY ANALOGY BY CGENFF
 RDTITL> *
 PARMIO> NONBOND, HBOND lists and IMAGE atoms cleared.
  
 CHARMM>     
  
 CHARMM>    RETURN
 VCLOSE: Closing unit   98 with status "KEEP"

                    RETURNING TO INPUT STREAM    99
  
 CHARMM>    stream toppar/toppar_all36_lipid_bacterial.str
 VOPEN> Attempting to open::toppar/toppar_all36_lipid_bacterial.str::
 OPNLGU> Unit 98 opened for READONLY access to toppar/toppar_all36_lipid_bacterial.str

                    INPUT STREAM SWITCHING TO UNIT    98
 RDTITL> * TOPPAR STREAM FILE FOR BRANCHED AND CYCLIC CHAINED LIPIDS.  FOLLOWING READING OF
 RDTITL> * TOP_ALL36_LIPID.RTF
 RDTITL> * AND
 RDTITL> * PAR_ALL36_LIPID.RTF
 RDTITL> *
 Parameter: IN1 <- "" <empty>
  
 CHARMM>     
  
 CHARMM>    ! REFERENCES
 CHARMM>    !
 CHARMM>    ! Branched Lipids
 CHARMM>    !
 CHARMM>    ! Lim, J.B. & Klauda, J.B. Branching at the Iso- and Anteiso- Positions in Complex Chlamydia
 CHARMM>    ! Membranes: A Molecular Dynamics Study. Biochimica et Biophysica Acta (BBA) - Biomembranes
 CHARMM>    ! 1808:323-331 (2011).
 CHARMM>    !
 CHARMM>    ! Cyclic-replacement of double bond
 CHARMM>    !
 CHARMM>    ! Pandit, K.R. & Klauda, J.B. Membrane models of E. coli containing cyclic moieties in
 CHARMM>    ! the aliphatic lipid chain. Biochimica et Biophysica Acta (BBA) - Biomembranes
 CHARMM>    ! 1818:1205-1210 (2012).
 CHARMM>    !
 CHARMM>     
  
 CHARMM>    set nat ?NATC
 RDCMND substituted energy or value "?NATC" to "590"
 Parameter: NAT <- "590"
  
 CHARMM>    set app
 Parameter: APP <- "" <empty>
  
 CHARMM>    !We're exploiting what is arguably a bug in the parser. On the left hand side,
 CHARMM>    !the quotes have proirity, so NAT is correctly substituted. On the right hand
 CHARMM>    !side, the ? has priority and NATC" (sic) is not a valid substitution...
 CHARMM>    if "@NAT" ne "?NATC" if @nat ne 0 set app append
 Parameter: NAT -> "590"
 Parameter: NAT -> "590"
 RDCMND: can not substitute energy "?NATC""
 Comparing ""590"" and ""?NATC"".
 IF test evaluated as true.  Performing command
 Comparing "590" and "0".
 IF test evaluated as true.  Performing command
 Parameter: APP <- "APPEND"
  
 CHARMM>     
  
 CHARMM>    read rtf card @app
 Parameter: APP -> "APPEND"
 MAINIO> Residue topology file being read from unit  98.
 RDTITL> * CHOLESTEROL RESIDUES
 RDTITL> *
  
 CHARMM>     
  
 CHARMM>    read para card flex @app
 Parameter: APP -> "APPEND"

          PARAMETER FILE BEING READ FROM UNIT 98
 RDTITL> * NEW PARAMETERS
 RDTITL> *
 PARMIO> NONBOND, HBOND lists and IMAGE atoms cleared.
  
 CHARMM>     
  
 CHARMM>    return
 VCLOSE: Closing unit   98 with status "KEEP"

                    RETURNING TO INPUT STREAM    99
  
 CHARMM>    stream toppar/toppar_all36_lipid_cardiolipin.str
 VOPEN> Attempting to open::toppar/toppar_all36_lipid_cardiolipin.str::
 OPNLGU> Unit 98 opened for READONLY access to toppar/toppar_all36_lipid_cardiolipin.str

                    INPUT STREAM SWITCHING TO UNIT    98
 RDTITL> READ RTF CARD APPEND FLEX
 RDTITL> No title read.
 Parameter: IN1 <- "" <empty>
  
 CHARMM>    read rtf card append flex
 MAINIO> Residue topology file being read from unit  98.
 RDTITL>  
 RDTITL> No title read.
 WARNING from DECODI -- Zero length string being converted to 0
 RTFRDR> WARNING: Version number is NOT specified.
  
 CHARMM>     
  
 CHARMM>    return
 VCLOSE: Closing unit   98 with status "KEEP"

                    RETURNING TO INPUT STREAM    99
  
 CHARMM>    stream toppar/toppar_all36_lipid_cholesterol.str
 VOPEN> Attempting to open::toppar/toppar_all36_lipid_cholesterol.str::
 OPNLGU> Unit 98 opened for READONLY access to toppar/toppar_all36_lipid_cholesterol.str

                    INPUT STREAM SWITCHING TO UNIT    98
 RDTITL> * TOPPAR STREAM FILE FOR CHOLESTEROL.  STREAM FOLLOWING READING OF
 RDTITL> * TOP_ALL36_LIPID.RTF
 RDTITL> * PAR_ALL36_LIPID.RTF
 RDTITL> * TOP_ALL36_CGENFF.RTF
 RDTITL> * AND PAR_ALL36_CGENFF.PRM
 RDTITL> *
 Parameter: IN1 <- "" <empty>
  
 CHARMM>     
  
 CHARMM>    !topology and parameters are included for two cholesterol models. the
 CHARMM>    !model may be selected by setting variable chol_model to 1 or 2, as
 CHARMM>    !specified below
 CHARMM>    !
 CHARMM>     
  
 CHARMM>    set chol_model 1 !2 for original Suits et al. model
 Parameter: CHOL_MODEL <- "1"
  
 CHARMM>     
  
 CHARMM>    !
 CHARMM>    !1) Revised model of Lim et al.  This contains a number of NBFIXes that
 CHARMM>    !makes it unsuitable for ANTON (set chol_model 1)
 CHARMM>    !
 CHARMM>    !2) Original model of Suits et al., which is used on ANTON as well as
 CHARMM>    !being suitable for other systems (set chol_model 2 (or anything but 1....))
 CHARMM>    !
 CHARMM>    !references
 CHARMM>    !
 CHARMM>    !Lim, J.B., Rogaski, B. and Klauda, J.B.. "Update of the Cholesterol Force Field
 CHARMM>    !Parameters in CHARMM" 116: 203-210 (2012).
 CHARMM>    !
 CHARMM>    !Suits, F., Pitman, M., MacKerell, A.D., Jr., Feller, S.E. "Molecular Level
 CHARMM>    !Organization of Saturated and Polyunsaturated Fatty Acids in a
 CHARMM>    !Phosphatidylcholine Bilayer Containing Cholesterol" Biochemistry,
 CHARMM>    !43(49):15318-28, 2004
 CHARMM>    !
 CHARMM>     
  
 CHARMM>    !test "append"
 CHARMM>    set nat ?NATC
 RDCMND substituted energy or value "?NATC" to "590"
 Parameter: NAT <- "590"
  
 CHARMM>    set app
 Parameter: APP <- "" <empty>
  
 CHARMM>    !We're exploiting what is arguably a bug in the parser. On the left hand side,
 CHARMM>    !the quotes have priority, so NAT is correctly substituted. On the right hand
 CHARMM>    !side, the ? has priority and NATC" (sic) is not a valid substitution...
 CHARMM>    if "@NAT" ne "?NATC" if @nat ne 0 set app append
 Parameter: NAT -> "590"
 Parameter: NAT -> "590"
 RDCMND: can not substitute energy "?NATC""
 Comparing ""590"" and ""?NATC"".
 IF test evaluated as true.  Performing command
 Comparing "590" and "0".
 IF test evaluated as true.  Performing command
 Parameter: APP <- "APPEND"
  
 CHARMM>     
  
 CHARMM>    if chol_model eq 1 then
 Comparing "1" and "1".
 IF test evaluated as true.  Performing command
  
 CHARMM>     
  
 CHARMM>    ! reference
 CHARMM>    ! Lim, J.B., Rogaski, B. and Klauda, J.B.. "Update of the Cholesterol Force Field
 CHARMM>    ! Parameters in CHARMM" 116: 203-210 (2012).
 CHARMM>    !
 CHARMM>     
  
 CHARMM>    read rtf card @app
 Parameter: APP -> "APPEND"
 MAINIO> Residue topology file being read from unit  98.
 RDTITL> * TOPOLOGY FOR CHOLESTEROL
 RDTITL> *
  
 CHARMM>     
  
 CHARMM>    read param card flex @app
 Parameter: APP -> "APPEND"

          PARAMETER FILE BEING READ FROM UNIT 98
 RDTITL> * CHOLESTEROL PARAMETERS
 RDTITL> *
 PARRDR> Error: Repeated DIHE parameter ( 15118): OG31  CG30  CG3C  CG3C is replaced
 PARRDR> Error: Repeated DIHE parameter ( 15119): OG31  CG30  CG3C  CG3R is replaced
 PARRDR> Error: Repeated DIHE parameter ( 15120): OG31  CG30  CG3C  HGA1 is replaced
 PARRDR> Error: Repeated DIHE parameter ( 15118): OG31  CG30  CG3C  CG3C is replaced
 PARRDR> Error: Repeated DIHE parameter ( 15119): OG31  CG30  CG3C  CG3R is replaced
 PARRDR> Error: Repeated DIHE parameter ( 15120): OG31  CG30  CG3C  HGA1 is replaced
 PARMIO> NONBOND, HBOND lists and IMAGE atoms cleared.
  
 CHARMM>     
  
 CHARMM>    return
 VCLOSE: Closing unit   98 with status "KEEP"

                    RETURNING TO INPUT STREAM    99
  
 CHARMM>    stream toppar/toppar_all36_lipid_dag.str
 VOPEN> Attempting to open::toppar/toppar_all36_lipid_dag.str::
 OPNLGU> Unit 98 opened for READONLY access to toppar/toppar_all36_lipid_dag.str

                    INPUT STREAM SWITCHING TO UNIT    98
 RDTITL> READ RTF CARD APPEND
 RDTITL> No title read.
 Parameter: IN1 <- "" <empty>
  
 CHARMM>    read rtf card append
 MAINIO> Residue topology file being read from unit  98.
 RDTITL> * TOPOLOGY FOR LIPIDA FROM DAG
 RDTITL> *
  
 VCLOSE: Closing unit   98 with status "KEEP"

                    RETURNING TO INPUT STREAM    99
  
 CHARMM>    stream toppar/toppar_all36_lipid_inositol.str
 VOPEN> Attempting to open::toppar/toppar_all36_lipid_inositol.str::
 OPNLGU> Unit 98 opened for READONLY access to toppar/toppar_all36_lipid_inositol.str

                    INPUT STREAM SWITCHING TO UNIT    98
 RDTITL> READ RTF CARD APPEND
 RDTITL> No title read.
 Parameter: IN1 <- "" <empty>
  
 CHARMM>    read rtf card append
 MAINIO> Residue topology file being read from unit  98.
 RDTITL> * TOPOLOGY FOR INOSITOL-BASED LIPIDS
 RDTITL> *
  
 CHARMM>     
  
 CHARMM>    RETURN
 VCLOSE: Closing unit   98 with status "KEEP"

                    RETURNING TO INPUT STREAM    99
  
 CHARMM>    stream toppar/toppar_all36_lipid_lnp.str
 VOPEN> Attempting to open::toppar/toppar_all36_lipid_lnp.str::
 OPNLGU> Unit 98 opened for READONLY access to toppar/toppar_all36_lipid_lnp.str

                    INPUT STREAM SWITCHING TO UNIT    98
 RDTITL> READ RTF CARD APPEND
 RDTITL> No title read.
 Parameter: IN1 <- "" <empty>
  
 CHARMM>    read rtf card append
 MAINIO> Residue topology file being read from unit  98.
 RDTITL> * LNP
 RDTITL> *

      ***** LEVEL  1 WARNING FROM <DECODF> *****
      ***** Zero length string
      ******************************************
      BOMLEV (  0) IS NOT REACHED. WRNLEV IS  5

 WARNING from DECODF -- Zero length string being converted to 0.
 **** WARNING from RTFRDR **** The total charge of the residue, DAGP,  -0.0100000,
 does not equal the expected charge,   0.0000000.

      ***** LEVEL  1 WARNING FROM <DECODF> *****
      ***** Zero length string
      ******************************************
      BOMLEV (  0) IS NOT REACHED. WRNLEV IS  5

 WARNING from DECODF -- Zero length string being converted to 0.
          PRES DPEPEG
 **** WARNING from RTFRDR **** The total charge of the residue, DPEP,  -0.0100000,
 does not equal the expected charge,   0.0000000.
 There were   2 warning(s) from RTFRDR.
  
 CHARMM>     
  
 CHARMM>    read param card flex append

          PARAMETER FILE BEING READ FROM UNIT 98
 RDTITL> * LNP
 RDTITL> *
 PARMIO> NONBOND, HBOND lists and IMAGE atoms cleared.
  
 CHARMM>     
  
 CHARMM>    RETURN
 VCLOSE: Closing unit   98 with status "KEEP"

                    RETURNING TO INPUT STREAM    99
  
 CHARMM>    stream toppar/toppar_all36_lipid_lps.str
 VOPEN> Attempting to open::toppar/toppar_all36_lipid_lps.str::
 OPNLGU> Unit 98 opened for READONLY access to toppar/toppar_all36_lipid_lps.str

                    INPUT STREAM SWITCHING TO UNIT    98
 RDTITL> READ RTF CARD APPEND
 RDTITL> No title read.
 Parameter: IN1 <- "" <empty>
  
 CHARMM>    read rtf card append
 MAINIO> Residue topology file being read from unit  98.
 RDTITL> * TOPOLOGY FOR LIPIDA FROM LPS
 RDTITL> *
 WARNING from DECODI -- Zero length string being converted to 0
 RTFRDR> WARNING: Version number is NOT specified.
  
 CHARMM>     
  
 CHARMM>     
  
 CHARMM>    read param card append flex

          PARAMETER FILE BEING READ FROM UNIT 98
 RDTITL> *    NEW PARAMETES
 RDTITL> *
 PARMIO> NONBOND, HBOND lists and IMAGE atoms cleared.
  
 CHARMM>     
  
 VCLOSE: Closing unit   98 with status "KEEP"

                    RETURNING TO INPUT STREAM    99
  
 CHARMM>    stream toppar/toppar_all36_lipid_mycobacterial.str
 VOPEN> Attempting to open::toppar/toppar_all36_lipid_mycobacterial.str::
 OPNLGU> Unit 98 opened for READONLY access to toppar/toppar_all36_lipid_mycobacterial.str

                    INPUT STREAM SWITCHING TO UNIT    98
 RDTITL> * TOPPAR STREAM FILE FOR BRANCHED AND CYCLIC CHAINED LIPIDS.  FOLLOWING READING OF
 RDTITL> * TOP_ALL36_LIPID.RTF, PAR_ALL36_LIPID.PRM
 RDTITL> * AND
 RDTITL> * TOPPAR_ALL36_LIPID_BACTERIAL.STR
 RDTITL> *
 Parameter: IN1 <- "" <empty>
  
 CHARMM>     
  
 CHARMM>    read rtf card append
 MAINIO> Residue topology file being read from unit  98.
 RDTITL> * CHOLESTEROL RESIDUES
 RDTITL> *
  
 CHARMM>     
  
 CHARMM>    read para card flex @app
 Parameter: APP -> "APPEND"

          PARAMETER FILE BEING READ FROM UNIT 98
 RDTITL> * NEW PARAMETERS
 RDTITL> *
 PARRDR> Error: Repeated ANGLE parameter (  5023): CEL1  CEL1  CTL1 is replaced
 PARRDR> Error: Repeated DIHE parameter ( 15365): CTL2  CG2O  CTL1  CTL3 is replaced
 PARRDR> Error: Repeated DIHE parameter ( 15366): CTL2  CG2O  CTL1  CTL3 is replaced
 PARRDR> Error: Repeated DIHE parameter ( 15365): CTL2  CG2O  CTL1  CTL3 is replaced
 PARRDR> Error: Repeated DIHE parameter ( 15366): CTL2  CG2O  CTL1  CTL3 is replaced
 PARMIO> NONBOND, HBOND lists and IMAGE atoms cleared.
  
 CHARMM>     
  
 CHARMM>    RETURN
 VCLOSE: Closing unit   98 with status "KEEP"

                    RETURNING TO INPUT STREAM    99
  
 CHARMM>    stream toppar/toppar_all36_lipid_miscellaneous.str
 VOPEN> Attempting to open::toppar/toppar_all36_lipid_miscellaneous.str::
 OPNLGU> Unit 98 opened for READONLY access to toppar/toppar_all36_lipid_miscellaneous.str

                    INPUT STREAM SWITCHING TO UNIT    98
 RDTITL> READ RTF CARD APPEND FLEX
 RDTITL> No title read.
 Parameter: IN1 <- "" <empty>
  
 CHARMM>    read rtf card append flex
 MAINIO> Residue topology file being read from unit  98.
 RDTITL> * TOPOLOGY FOR MISCELLANEOUS LIPIDS
 RDTITL> *
  
 CHARMM>     
  
 CHARMM>    read param card flex append

          PARAMETER FILE BEING READ FROM UNIT 98
 RDTITL> * PARAMETER FOR ACYL PYROPHOSPHATE: ADDED 2019_7
 RDTITL> *
 PARMIO> NONBOND, HBOND lists and IMAGE atoms cleared.
  
 CHARMM>     
  
 CHARMM>    return
 VCLOSE: Closing unit   98 with status "KEEP"

                    RETURNING TO INPUT STREAM    99
  
 CHARMM>    stream toppar/toppar_all36_lipid_model.str
 VOPEN> Attempting to open::toppar/toppar_all36_lipid_model.str::
 OPNLGU> Unit 98 opened for READONLY access to toppar/toppar_all36_lipid_model.str

                    INPUT STREAM SWITCHING TO UNIT    98
 RDTITL> * CHARMM36 ALL-HYDROGEN LIPID FORCE FIELD TOPPAR STREAM FILE
 RDTITL> * COLLECTION OF RESIDUES AND PATCHES FOR MODEL COMPOUNDS USED
 RDTITL> * IN THE OPTIMIZATION THE LIPID FORCE FIELD.
 RDTITL> *
 Parameter: IN1 <- "" <empty>
  
 CHARMM>     
  
 CHARMM>    !Parent files that have to be read prior to streaming this file
 CHARMM>    !top_all36_lipid.rtf
 CHARMM>    !par_all36_lipid.prm
 CHARMM>     
  
 CHARMM>    !Testcase
 CHARMM>    !test_all36_lipid_model.inp
 CHARMM>     
  
 CHARMM>    read rtf card append
 MAINIO> Residue topology file being read from unit  98.
 RDTITL> * C36 LIPID MODEL COMPOUNDS
 RDTITL> *
*** WARNING **** residue MAS  already exists (old one deleted)

      ***** LEVEL  1 WARNING FROM <RTFRDR> *****
      ***** Residue already exists.
      ******************************************
      BOMLEV (  0) IS NOT REACHED. WRNLEV IS  5

          RESI MAS          0.00
*** WARNING **** residue ETAC already exists (old one deleted)

      ***** LEVEL  1 WARNING FROM <RTFRDR> *****
      ***** Residue already exists.
      ******************************************
      BOMLEV (  0) IS NOT REACHED. WRNLEV IS  5

          RESI ETAC         0.00
*** WARNING **** residue MPRO already exists (old one deleted)

      ***** LEVEL  1 WARNING FROM <RTFRDR> *****
      ***** Residue already exists.
      ******************************************
      BOMLEV (  0) IS NOT REACHED. WRNLEV IS  5

          RESI MPRO         0.00
*** WARNING **** residue MP_1 already exists (old one deleted)

      ***** LEVEL  1 WARNING FROM <RTFRDR> *****
      ***** Residue already exists.
      ******************************************
      BOMLEV (  0) IS NOT REACHED. WRNLEV IS  5

          RESI MP_1        -1.00
*** WARNING **** residue MP_2 already exists (old one deleted)

      ***** LEVEL  1 WARNING FROM <RTFRDR> *****
      ***** Residue already exists.
      ******************************************
      BOMLEV (  0) IS NOT REACHED. WRNLEV IS  5

          RESI MP_2        -2.00
*** WARNING **** residue MSO4 already exists (old one deleted)

      ***** LEVEL  1 WARNING FROM <RTFRDR> *****
      ***** Residue already exists.
      ******************************************
      BOMLEV (  0) IS NOT REACHED. WRNLEV IS  5

          RESI MSO4        -1.00
*** WARNING **** residue BUTA already exists (old one deleted)

      ***** LEVEL  1 WARNING FROM <RTFRDR> *****
      ***** Residue already exists.
      ******************************************
      BOMLEV (  0) IS NOT REACHED. WRNLEV IS  5

          RESI BUTA         0.00
*** WARNING **** residue PENT already exists (old one deleted)

      ***** LEVEL  1 WARNING FROM <RTFRDR> *****
      ***** Residue already exists.
      ******************************************
      BOMLEV (  0) IS NOT REACHED. WRNLEV IS  5

          RESI PENT         0.00
*** WARNING **** residue HEXA already exists (old one deleted)

      ***** LEVEL  1 WARNING FROM <RTFRDR> *****
      ***** Residue already exists.
      ******************************************
      BOMLEV (  0) IS NOT REACHED. WRNLEV IS  5

          RESI HEXA         0.00
*** WARNING **** residue ETHE already exists (old one deleted)

      ***** LEVEL  1 WARNING FROM <RTFRDR> *****
      ***** Residue already exists.
      ******************************************
      BOMLEV (  0) IS NOT REACHED. WRNLEV IS  5

          RESI ETHE       0.00
*** WARNING **** residue PRPE already exists (old one deleted)

      ***** LEVEL  1 WARNING FROM <RTFRDR> *****
      ***** Residue already exists.
      ******************************************
      BOMLEV (  0) IS NOT REACHED. WRNLEV IS  5

          RESI PRPE       0.00
*** WARNING **** residue BTE1 already exists (old one deleted)

      ***** LEVEL  1 WARNING FROM <RTFRDR> *****
      ***** Residue already exists.
      ******************************************
      BOMLEV (  0) IS NOT REACHED. WRNLEV IS  5

          RESI BTE1       0.00
*** WARNING **** residue BTE2 already exists (old one deleted)

      ***** LEVEL  1 WARNING FROM <RTFRDR> *****
      ***** Residue already exists.
      ******************************************
      BOMLEV (  0) IS NOT REACHED. WRNLEV IS  5

          RESI BTE2       0.00
*** WARNING **** residue DIPE already exists (old one deleted)

      ***** LEVEL  1 WARNING FROM <RTFRDR> *****
      ***** Residue already exists.
      ******************************************
      BOMLEV (  0) IS NOT REACHED. WRNLEV IS  5

          RESI DIPE       0.00
*** WARNING **** residue DIHE already exists (old one deleted)

      ***** LEVEL  1 WARNING FROM <RTFRDR> *****
      ***** Residue already exists.
      ******************************************
      BOMLEV (  0) IS NOT REACHED. WRNLEV IS  5

          RESI DIHE       0.00
*** WARNING **** residue NC4  already exists (old one deleted)

      ***** LEVEL  1 WARNING FROM <RTFRDR> *****
      ***** Residue already exists.
      ******************************************
      BOMLEV (  0) IS NOT REACHED. WRNLEV IS  5

          RESI NC4          1.00
*** WARNING **** residue NC5  already exists (old one deleted)

      ***** LEVEL  1 WARNING FROM <RTFRDR> *****
      ***** Residue already exists.
      ******************************************
      BOMLEV (  0) IS NOT REACHED. WRNLEV IS  5

          RESI NC5          1.00
*** WARNING **** residue CHOL already exists (old one deleted)

      ***** LEVEL  1 WARNING FROM <RTFRDR> *****
      ***** Residue already exists.
      ******************************************
      BOMLEV (  0) IS NOT REACHED. WRNLEV IS  5

          RESI CHOL         1.00
*** WARNING **** residue ACHO already exists (old one deleted)

      ***** LEVEL  1 WARNING FROM <RTFRDR> *****
      ***** Residue already exists.
      ******************************************
      BOMLEV (  0) IS NOT REACHED. WRNLEV IS  5

          RESI ACHO         1.00
*** WARNING **** residue PC   already exists (old one deleted)

      ***** LEVEL  1 WARNING FROM <RTFRDR> *****
      ***** Residue already exists.
      ******************************************
      BOMLEV (  0) IS NOT REACHED. WRNLEV IS  5

          RESI PC           0.00
*** WARNING **** residue GPC  already exists (old one deleted)

      ***** LEVEL  1 WARNING FROM <RTFRDR> *****
      ***** Residue already exists.
      ******************************************
      BOMLEV (  0) IS NOT REACHED. WRNLEV IS  5

          RESI GPC          0.00
*** WARNING **** residue TEA  already exists (old one deleted)

      ***** LEVEL  1 WARNING FROM <RTFRDR> *****
      ***** Residue already exists.
      ******************************************
      BOMLEV (  0) IS NOT REACHED. WRNLEV IS  5

          RESI TEA          1.00
*** WARNING **** residue ETAM already exists (old one deleted)

      ***** LEVEL  1 WARNING FROM <RTFRDR> *****
      ***** Residue already exists.
      ******************************************
      BOMLEV (  0) IS NOT REACHED. WRNLEV IS  5

          RESI ETAM       1.00
*** WARNING **** residue GLYC already exists (old one deleted)

      ***** LEVEL  1 WARNING FROM <RTFRDR> *****
      ***** Residue already exists.
      ******************************************
      BOMLEV (  0) IS NOT REACHED. WRNLEV IS  5

          RESI GLYC         0.00
*** WARNING **** residue MBUT already exists (old one deleted)

      ***** LEVEL  1 WARNING FROM <RTFRDR> *****
      ***** Residue already exists.
      ******************************************
      BOMLEV (  0) IS NOT REACHED. WRNLEV IS  5

          RESI MBUT         0.00
 There were  25 warning(s) from RTFRDR.
  
 CHARMM>     
  
 CHARMM>    return
 VCLOSE: Closing unit   98 with status "KEEP"

                    RETURNING TO INPUT STREAM    99
  
 CHARMM>    stream toppar/toppar_all36_lipid_prot.str
 VOPEN> Attempting to open::toppar/toppar_all36_lipid_prot.str::
 OPNLGU> Unit 98 opened for READONLY access to toppar/toppar_all36_lipid_prot.str

                    INPUT STREAM SWITCHING TO UNIT    98
 RDTITL> * TOPOLOGY AND PARAMETERS FOR LIPID TAIL LINKERS TO CYSTEINE AND GLYCINE,
 RDTITL> * FOR EXAMPLE, PALMITOYLATION, MARISTOYLATION, FERNASYLATION, GERANYLATION
 RDTITL> *
 Parameter: IN1 <- "" <empty>
  
 CHARMM>     
  
 CHARMM>    read rtf card append
 MAINIO> Residue topology file being read from unit  98.
 RDTITL> * LIPID-MODIFIED PROTEIN RESIDUES
 RDTITL> *
  
 CHARMM>     
  
 CHARMM>    read para card append flex

          PARAMETER FILE BEING READ FROM UNIT 98
 RDTITL> * CYSTEIN-PALMITATE PARAMETERS
 RDTITL> *
 PARMIO> NONBOND, HBOND lists and IMAGE atoms cleared.
  
 CHARMM>     
  
 CHARMM>    return
 VCLOSE: Closing unit   98 with status "KEEP"

                    RETURNING TO INPUT STREAM    99
  
 CHARMM>    stream toppar/toppar_all36_lipid_tag.str
 VOPEN> Attempting to open::toppar/toppar_all36_lipid_tag.str::
 OPNLGU> Unit 98 opened for READONLY access to toppar/toppar_all36_lipid_tag.str

                    INPUT STREAM SWITCHING TO UNIT    98
 RDTITL> READ RTF CARD APPEND
 RDTITL> No title read.
 Parameter: IN1 <- "" <empty>
  
 CHARMM>    read rtf card append
 MAINIO> Residue topology file being read from unit  98.
 RDTITL> * TOPOLOGY FOR TRIACYLGLYCEROLS [STEPHEN GEE FROM LEHIGH UNIVERSITY]
 RDTITL> *
  
 VCLOSE: Closing unit   98 with status "KEEP"

                    RETURNING TO INPUT STREAM    99
  
 CHARMM>    stream toppar/toppar_all36_lipid_yeast.str
 VOPEN> Attempting to open::toppar/toppar_all36_lipid_yeast.str::
 OPNLGU> Unit 98 opened for READONLY access to toppar/toppar_all36_lipid_yeast.str

                    INPUT STREAM SWITCHING TO UNIT    98
 RDTITL> * TOPPAR STREAM FILE FOR BRANCHED AND CYCLIC CHAINED LIPIDS.  FOLLOWING READING OF
 RDTITL> * TOP_ALL36_LIPID.RTF
 RDTITL> * AND
 RDTITL> * PAR_ALL36_LIPID.RTF
 RDTITL> *
 Parameter: IN1 <- "" <empty>
  
 CHARMM>     
  
 CHARMM>    set nat ?NATC
 RDCMND substituted energy or value "?NATC" to "590"
 Parameter: NAT <- "590"
  
 CHARMM>    set app
 Parameter: APP <- "" <empty>
  
 CHARMM>    !We're exploiting what is arguably a bug in the parser. On the left hand side,
 CHARMM>    !the quotes have proirity, so NAT is correctly substituted. On the right hand
 CHARMM>    !side, the ? has priority and NATC" (sic) is not a valid substitution...
 CHARMM>    if "@NAT" ne "?NATC" if @nat ne 0 set app append
 Parameter: NAT -> "590"
 Parameter: NAT -> "590"
 RDCMND: can not substitute energy "?NATC""
 Comparing ""590"" and ""?NATC"".
 IF test evaluated as true.  Performing command
 Comparing "590" and "0".
 IF test evaluated as true.  Performing command
 Parameter: APP <- "APPEND"
  
 CHARMM>     
  
 CHARMM>    read rtf card @app
 Parameter: APP -> "APPEND"
 MAINIO> Residue topology file being read from unit  98.
 RDTITL> * CHOLESTEROL RESIDUES
 RDTITL> *
  
 CHARMM>     
  
 CHARMM>    read para card flex @app
 Parameter: APP -> "APPEND"

          PARAMETER FILE BEING READ FROM UNIT 98
 RDTITL> * NEW PARAMETERS
 RDTITL> *
 PARMIO> NONBOND, HBOND lists and IMAGE atoms cleared.
  
 CHARMM>     
  
 CHARMM>    return
 VCLOSE: Closing unit   98 with status "KEEP"

                    RETURNING TO INPUT STREAM    99
  
 CHARMM>    stream toppar/toppar_all36_lipid_hmmm.str
 VOPEN> Attempting to open::toppar/toppar_all36_lipid_hmmm.str::
 OPNLGU> Unit 98 opened for READONLY access to toppar/toppar_all36_lipid_hmmm.str

                    INPUT STREAM SWITCHING TO UNIT    98
 RDTITL> READ RTF CARD APPEND FLEX
 RDTITL> No title read.
 Parameter: IN1 <- "" <empty>
  
 CHARMM>    read rtf card append flex
 MAINIO> Residue topology file being read from unit  98.
 RDTITL> * TOPOLOGY FOR TERMINAL PATCHES FOR HMMM TRUNCATED LIPIDS
 RDTITL> *

      ***** LEVEL  1 WARNING FROM <DECODF> *****
      ***** Zero length string
      ******************************************
      BOMLEV (  0) IS NOT REACHED. WRNLEV IS  5

 WARNING from DECODF -- Zero length string being converted to 0.

      ***** LEVEL  1 WARNING FROM <DECODF> *****
      ***** Zero length string
      ******************************************
      BOMLEV (  0) IS NOT REACHED. WRNLEV IS  5

 WARNING from DECODF -- Zero length string being converted to 0.

      ***** LEVEL  1 WARNING FROM <DECODF> *****
      ***** Zero length string
      ******************************************
      BOMLEV (  0) IS NOT REACHED. WRNLEV IS  5

 WARNING from DECODF -- Zero length string being converted to 0.

      ***** LEVEL  1 WARNING FROM <DECODF> *****
      ***** Zero length string
      ******************************************
      BOMLEV (  0) IS NOT REACHED. WRNLEV IS  5

 WARNING from DECODF -- Zero length string being converted to 0.

      ***** LEVEL  1 WARNING FROM <DECODF> *****
      ***** Zero length string
      ******************************************
      BOMLEV (  0) IS NOT REACHED. WRNLEV IS  5

 WARNING from DECODF -- Zero length string being converted to 0.

      ***** LEVEL  1 WARNING FROM <DECODF> *****
      ***** Zero length string
      ******************************************
      BOMLEV (  0) IS NOT REACHED. WRNLEV IS  5

 WARNING from DECODF -- Zero length string being converted to 0.

      ***** LEVEL  1 WARNING FROM <DECODF> *****
      ***** Zero length string
      ******************************************
      BOMLEV (  0) IS NOT REACHED. WRNLEV IS  5

 WARNING from DECODF -- Zero length string being converted to 0.

      ***** LEVEL  1 WARNING FROM <DECODF> *****
      ***** Zero length string
      ******************************************
      BOMLEV (  0) IS NOT REACHED. WRNLEV IS  5

 WARNING from DECODF -- Zero length string being converted to 0.
  
 CHARMM>     
  
 CHARMM>    read para card flex @app
 Parameter: APP -> "APPEND"

          PARAMETER FILE BEING READ FROM UNIT 98
 RDTITL> * NEW PARAMETERS
 RDTITL> *
 PARMIO> NONBOND, HBOND lists and IMAGE atoms cleared.
  
 CHARMM>     
  
 CHARMM>    return
 VCLOSE: Closing unit   98 with status "KEEP"

                    RETURNING TO INPUT STREAM    99
  
 CHARMM>    stream toppar/toppar_all36_lipid_detergent.str
 VOPEN> Attempting to open::toppar/toppar_all36_lipid_detergent.str::
 OPNLGU> Unit 98 opened for READONLY access to toppar/toppar_all36_lipid_detergent.str

                    INPUT STREAM SWITCHING TO UNIT    98
 RDTITL> * TOPPAR STREAM FILE FOR DETERGENTS AND FATTY ACIDS.
 RDTITL> * STREAM FOLLOWING READING OF
 RDTITL> * TOP_ALL36_LIPID.RTF
 RDTITL> * AND
 RDTITL> * PAR_ALL36_LIPID.RTF
 RDTITL> *
 Parameter: IN1 <- "" <empty>
  
 CHARMM>     
  
 CHARMM>    !Additional residues added by Im lab, Aug. 2017
 CHARMM>     
  
 CHARMM>    !Fatty acids added Jan. 2016
 CHARMM>     
  
 CHARMM>    read rtf card append
 MAINIO> Residue topology file being read from unit  98.
 RDTITL> * DETERGENT AND FATTY ACID RESIDUES
 RDTITL> *
  
 CHARMM>     
  
 CHARMM>    read para card append flex

          PARAMETER FILE BEING READ FROM UNIT 98
 RDTITL> * SB3-12 AND SB3-14 PARAMETERS
 RDTITL> *
 PARMIO> NONBOND, HBOND lists and IMAGE atoms cleared.
  
 CHARMM>     
  
 CHARMM>    return
 VCLOSE: Closing unit   98 with status "KEEP"

                    RETURNING TO INPUT STREAM    99
  
 CHARMM>    stream toppar/toppar_all36_lipid_ether.str
 VOPEN> Attempting to open::toppar/toppar_all36_lipid_ether.str::
 OPNLGU> Unit 98 opened for READONLY access to toppar/toppar_all36_lipid_ether.str

                    INPUT STREAM SWITCHING TO UNIT    98
 RDTITL> * CHARMM36 ALL-HYDROGEN ETHER LIPID FORCE FIELD INCLUDING PLASMALOGENS ALISON
 RDTITL> * N. LEONARD (A. L.), 7/18 WITH RICHARD PASTOR AND JEFFERY KLAUDA, JPCB 122(26)
 RDTITL> * PP. 6744 - 6754.  ANA WEST, 1/20 WITH VALERIA ZONI, WALTER TEAGUE JR., ALISON
 RDTITL> * LEONARD, STEFANO VANNI, KLAUS GAWRISCH, STEPHANIE TRISTAM-NAGLE, JONATHAN
 RDTITL> * SACHS, AND JEFFERY KLAUDA, JPCB 124(5) PP. 828 - 839.
 RDTITL> *
 Parameter: IN1 <- "" <empty>
  
 CHARMM>     
  
 CHARMM>    !Parent files that have to be read prior to streaming this file
 CHARMM>    !top_all36_lipid.rtf
 CHARMM>    !par_all36_lipid.prm
 CHARMM>    !top_all36_cgenff.rtf
 CHARMM>    !par_all36_cgenff.prm
 CHARMM>     
  
 CHARMM>    read rtf card append
 MAINIO> Residue topology file being read from unit  98.
 RDTITL> * C36 ETHER MODEL COMPOUNDS
 RDTITL> *

      ***** LEVEL  1 WARNING FROM <DECODF> *****
      ***** Zero length string
      ******************************************
      BOMLEV (  0) IS NOT REACHED. WRNLEV IS  5

 WARNING from DECODF -- Zero length string being converted to 0.

      ***** LEVEL  1 WARNING FROM <DECODF> *****
      ***** Zero length string
      ******************************************
      BOMLEV (  0) IS NOT REACHED. WRNLEV IS  5

 WARNING from DECODF -- Zero length string being converted to 0.

      ***** LEVEL  1 WARNING FROM <DECODF> *****
      ***** Zero length string
      ******************************************
      BOMLEV (  0) IS NOT REACHED. WRNLEV IS  5

 WARNING from DECODF -- Zero length string being converted to 0.
  
 CHARMM>     
  
 CHARMM>    read para card flex append

          PARAMETER FILE BEING READ FROM UNIT 98
 RDTITL> * PARAMETERS
 RDTITL> *
 PARMIO> NONBOND, HBOND lists and IMAGE atoms cleared.
  
 CHARMM>     
  
 CHARMM>    return
 VCLOSE: Closing unit   98 with status "KEEP"

                    RETURNING TO INPUT STREAM    99
  
 CHARMM>    stream toppar/toppar_all36_lipid_oxidized.str
 VOPEN> Attempting to open::toppar/toppar_all36_lipid_oxidized.str::
 OPNLGU> Unit 98 opened for READONLY access to toppar/toppar_all36_lipid_oxidized.str

                    INPUT STREAM SWITCHING TO UNIT    98
 RDTITL> READ RTF CARD APPEND
 RDTITL> No title read.
 Parameter: IN1 <- "" <empty>
  
 CHARMM>    read rtf card append
 MAINIO> Residue topology file being read from unit  98.
 RDTITL> * TOPOLOGY FOR OXIDIZED PHOSPHOLIPID
 RDTITL> *

      ***** LEVEL  1 WARNING FROM <rtfrdr> *****
      ***** No AUTOgen defaults specified in appended RTF. Potential conflict with prior RTF autogen options. Check.
      ******************************************
      BOMLEV (  0) IS NOT REACHED. WRNLEV IS  5

  
 CHARMM>     
  
 CHARMM>    read param card flex append

          PARAMETER FILE BEING READ FROM UNIT 98
 RDTITL> * ADDITIONAL PARAMETERS FOR OXIDIZED PHOSPHOLIPIDS
 RDTITL> *
 PARMIO> NONBOND, HBOND lists and IMAGE atoms cleared.
  
 CHARMM>     
  
 CHARMM>    RETURN
 VCLOSE: Closing unit   98 with status "KEEP"

                    RETURNING TO INPUT STREAM    99
  
 CHARMM>     
  
 CHARMM>    ! Additional topologies and parameters for carbohydrates
 CHARMM>    stream toppar/toppar_all36_carb_glycolipid.str
 VOPEN> Attempting to open::toppar/toppar_all36_carb_glycolipid.str::
 OPNLGU> Unit 98 opened for READONLY access to toppar/toppar_all36_carb_glycolipid.str

                    INPUT STREAM SWITCHING TO UNIT    98
 RDTITL> READ RTF CARD APPEND
 RDTITL> No title read.
 Parameter: IN1 <- "" <empty>
  
 CHARMM>    read rtf card append
 MAINIO> Residue topology file being read from unit  98.
 RDTITL> * TOPOLOGY FOR GLYCOLIPIDS
 RDTITL> *
  
 CHARMM>     
  
 CHARMM>    read param card flex append

          PARAMETER FILE BEING READ FROM UNIT 98
 RDTITL> * PIP RELATED PARAMETERS
 RDTITL> *
 PARMIO> NONBOND, HBOND lists and IMAGE atoms cleared.
  
 CHARMM>     
  
 CHARMM>    RETURN
 VCLOSE: Closing unit   98 with status "KEEP"

                    RETURNING TO INPUT STREAM    99
  
 CHARMM>    stream toppar/toppar_all36_carb_glycopeptide.str
 VOPEN> Attempting to open::toppar/toppar_all36_carb_glycopeptide.str::
 OPNLGU> Unit 98 opened for READONLY access to toppar/toppar_all36_carb_glycopeptide.str

                    INPUT STREAM SWITCHING TO UNIT    98
 RDTITL> READ RTF CARD APPEND
 RDTITL> No title read.
 Parameter: IN1 <- "" <empty>
  
 CHARMM>    read rtf card append
 MAINIO> Residue topology file being read from unit  98.
 RDTITL> * TOPOLOGY FOR GLYCOPEPTIDE LINKAGES
 RDTITL> *
  
 CHARMM>     
  
 CHARMM>    read param card flex append

          PARAMETER FILE BEING READ FROM UNIT 98
 RDTITL> *    NEW PARAMETES
 RDTITL> *
 PARMIO> NONBOND, HBOND lists and IMAGE atoms cleared.
  
 CHARMM>     
  
 CHARMM>     
  
 CHARMM>    RETURN
 VCLOSE: Closing unit   98 with status "KEEP"

                    RETURNING TO INPUT STREAM    99
  
 CHARMM>    stream toppar/toppar_all36_carb_imlab.str
 VOPEN> Attempting to open::toppar/toppar_all36_carb_imlab.str::
 OPNLGU> Unit 98 opened for READONLY access to toppar/toppar_all36_carb_imlab.str

                    INPUT STREAM SWITCHING TO UNIT    98
 RDTITL> READ RTF CARD APPEND
 RDTITL> No title read.
 Parameter: IN1 <- "" <empty>
  
 CHARMM>    read rtf card append
 MAINIO> Residue topology file being read from unit  98.
 RDTITL> * GLYCAN CHEMICAL MODIFICATION PATCHES
 RDTITL> *
  
 CHARMM>     
  
 CHARMM>    read param card flex append

          PARAMETER FILE BEING READ FROM UNIT 98
 RDTITL> * GLYCAN CHEMICAL MODIFICATION PATCHES
 RDTITL> *
 PARMIO> NONBOND, HBOND lists and IMAGE atoms cleared.
  
 CHARMM>     
  
 CHARMM>    RETURN
 VCLOSE: Closing unit   98 with status "KEEP"

                    RETURNING TO INPUT STREAM    99
  
 CHARMM>     
  
 CHARMM>    ! Additional topologies and parameters for spin/fluorophore labels
 CHARMM>    stream toppar/toppar_all36_label_spin.str
 VOPEN> Attempting to open::toppar/toppar_all36_label_spin.str::
 OPNLGU> Unit 98 opened for READONLY access to toppar/toppar_all36_label_spin.str

                    INPUT STREAM SWITCHING TO UNIT    98
 RDTITL> *>>>>> TOPOLOGY FOR NITROXYDE SPIN LABELS <<<<<<<
 RDTITL> * SHAHIDUL M. ISLAM, UNIVERSITY OF CHICAGO
 RDTITL> *
 Parameter: IN1 <- "" <empty>
  
 CHARMM>     
  
 CHARMM>    ! please reference the following:
 CHARMM>    !Sezer, D., Freed J. H., and Roux, B. “Parametrization, Molecular Dynamics Simulation, and Calculation of Electron Spin
 CHARMM>    !Resonance Spectra of a Nitroxide Spin Label on a Polyalanine alpha-Helix” J. Phys. Chem. B 2008, 112, 5755-5767
 CHARMM>     
  
 CHARMM>    !Islam, S. M., and Roux, B. “Parameterization and molecular dynamics simulations of a
 CHARMM>    !conformationally constrained double linked spin label constrained by EPR/DEER data”
 CHARMM>    !(planed submission to J journal)
 CHARMM>     
  
 CHARMM>    !test "append" to determine if previous toppar files have been read and
 CHARMM>    !add append to "read rtf card" if true
 CHARMM>    set nat ?NATC
 RDCMND substituted energy or value "?NATC" to "590"
 Parameter: NAT <- "590"
  
 CHARMM>    set app
 Parameter: APP <- "" <empty>
  
 CHARMM>    !We're exploiting what is arguably a bug in the parser. On the left hand side,
 CHARMM>    !the quotes have proirity, so NAT is correctly substituted. On the right hand
 CHARMM>    !side, the ? has priority and NATC" (sic) is not a valid substitution...
 CHARMM>    if "@NAT" ne "?NATC" if @nat ne 0 set app append
 Parameter: NAT -> "590"
 Parameter: NAT -> "590"
 RDCMND: can not substitute energy "?NATC""
 Comparing ""590"" and ""?NATC"".
 IF test evaluated as true.  Performing command
 Comparing "590" and "0".
 IF test evaluated as true.  Performing command
 Parameter: APP <- "APPEND"
  
 CHARMM>     
  
 CHARMM>     
  
 CHARMM>    read rtf card @app
 Parameter: APP -> "APPEND"
 MAINIO> Residue topology file being read from unit  98.
 RDTITL> * TOPOLOGY FOR SPIN LABEL
 RDTITL> *
  
 CHARMM>     
  
 CHARMM>     
  
 CHARMM>    read para card flex @app
 Parameter: APP -> "APPEND"

          PARAMETER FILE BEING READ FROM UNIT 98
 RDTITL> * PARAMETERS FOR SPIN LABEL
 RDTITL> *
 PARMIO> NONBOND, HBOND lists and IMAGE atoms cleared.
  
 CHARMM>     
  
 CHARMM>    return
 VCLOSE: Closing unit   98 with status "KEEP"

                    RETURNING TO INPUT STREAM    99
  
 CHARMM>    stream toppar/toppar_all36_label_fluorophore.str
 VOPEN> Attempting to open::toppar/toppar_all36_label_fluorophore.str::
 OPNLGU> Unit 98 opened for READONLY access to toppar/toppar_all36_label_fluorophore.str

                    INPUT STREAM SWITCHING TO UNIT    98
 RDTITL> READ RTF CARD APPEND
 RDTITL> No title read.
 Parameter: IN1 <- "" <empty>
  
 CHARMM>    read rtf card append
 MAINIO> Residue topology file being read from unit  98.
 RDTITL> * TOPOLOGY FILES
 RDTITL> *
  
 CHARMM>     
  
 CHARMM>    read param card flex append

          PARAMETER FILE BEING READ FROM UNIT 98
 RDTITL> * MINI FORCE FIELD PARAMETER FILE.
 RDTITL> *
 PARMIO> NONBOND, HBOND lists and IMAGE atoms cleared.
  
 CHARMM>     
  
 VCLOSE: Closing unit   98 with status "KEEP"

                    RETURNING TO INPUT STREAM    99
  
 CHARMM>     
  
 CHARMM>     
  
 CHARMM>     
  
 VCLOSE: Closing unit   99 with status "KEEP"

                    RETURNING TO INPUT STREAM     5
  
 CHARMM>     
  
 CHARMM>    define PROT sele none end
 SELRPN>      0 atoms have been selected out of      0
  
 CHARMM>     
  
 CHARMM>    !Read the system information
 CHARMM>    stream step3_size.str
 VOPEN> Attempting to open::step3_size.str::
 OPNLGU> Unit 99 opened for READONLY access to step3_size.str

                    INPUT STREAM SWITCHING TO UNIT    99
 RDTITL> SET BOXTYPE  = RECT
 RDTITL> No title read.
 Parameter: IN1 <- "" <empty>
  
 CHARMM>     SET BOXTYPE  = RECT
 Parameter: BOXTYPE <- "RECT"
  
 CHARMM>     SET XTLTYPE  = TETRAGONAL
 Parameter: XTLTYPE <- "TETRAGONAL"
  
 CHARMM>     SET A        = 73.4166194
 Parameter: A <- "73.4166194"
  
 CHARMM>     SET B        = 73.4166194
 Parameter: B <- "73.4166194"
  
 CHARMM>     SET C        = 85
 Parameter: C <- "85"
  
 CHARMM>     SET ALPHA    = 90.0
 Parameter: ALPHA <- "90.0"
  
 CHARMM>     SET BETA     = 90.0
 Parameter: BETA <- "90.0"
  
 CHARMM>     SET GAMMA    = 90.0
 Parameter: GAMMA <- "90.0"
  
 CHARMM>     SET ZCEN     = 0
 Parameter: ZCEN <- "0"
  
 CHARMM>     SET NLIPTOP  = 96
 Parameter: NLIPTOP <- "96"
  
 CHARMM>     SET NLIPBOT  = 96
 Parameter: NLIPBOT <- "96"
  
 CHARMM>     SET WBOXZ    = 22.5
 Parameter: WBOXZ <- "22.5"
  
 CHARMM>     SET WATBOXZ  = 22.5
 Parameter: WATBOXZ <- "22.5"
  
 CHARMM>     SET NCHARGE  = -20
 Parameter: NCHARGE <- "-20"
  
 VCLOSE: Closing unit   99 with status "KEEP"

                    RETURNING TO INPUT STREAM     5
  
 CHARMM>    stream step4_components.str
 VOPEN> Attempting to open::step4_components.str::
 OPNLGU> Unit 99 opened for READONLY access to step4_components.str

                    INPUT STREAM SWITCHING TO UNIT    99
 RDTITL> SET NWATER = 89
 RDTITL> No title read.
 Parameter: IN1 <- "" <empty>
  
 CHARMM>     SET NWATER = 89
 Parameter: NWATER <- "89"
  
 VCLOSE: Closing unit   99 with status "KEEP"

                    RETURNING TO INPUT STREAM     5
  
 CHARMM>    if islconj .eq. YES stream step3_lipid_conjugate.str
 Comparing "ISLCONJ" and "YES".
 IF test evaluated as false.  Skipping command
  
 CHARMM>     
  
 CHARMM>    ! Read Lipids
 CHARMM>    open read unit 10 card name step4_lipid_lipid.psf
 OPNLGU> Unit already open. The old file will be closed first.
 VCLOSE: Closing unit   10 with status "KEEP"
 VOPEN> Attempting to open::step4_lipid_lipid.psf::
 OPNLGU> Unit 10 opened for READONLY access to step4_lipid_lipid.psf
  
 CHARMM>    read psf  unit 10 card append
 MAINIO> Protein structure file being appended from unit  10.
 psf_read_formatted: Reading PSF in the expanded format.
 TITLE>  * GENERATED BY CHARMM-GUI (HTTP://WWW.CHARMM-GUI.ORG) V3.7 ON OCT, 22. 2024. JOB
 TITLE>  * GET A DIFFERENT CONFORMATION FOR LIPIDS PENETRATING PROTEIN / CHOL
 TITLE>  *  DATE:    10/22/24     10:26:29      CREATED BY USER: apache
 TITLE>  *
 PSFSUM> PSF modified: NONBOND lists and IMAGE atoms cleared.
 PSFSUM> Summary of the structure file counters :
         Number of segments      =        1   Number of residues   =      192
         Number of atoms         =    22320   Number of groups     =     6496
         Number of bonds         =    22356   Number of angles     =    43040
         Number of dihedrals     =    61940   Number of impropers  =      272
         Number of cross-terms   =        0   Number of autogens   =        0
         Number of HB acceptors  =        0   Number of HB donors  =        0
         Number of NB exclusions =        0   Total charge =  -20.00000
  
 CHARMM>     
  
 CHARMM>    open read unit 10 card name step4_lipid_lipid.crd
 OPNLGU> Unit already open. The old file will be closed first.
 VCLOSE: Closing unit   10 with status "KEEP"
 VOPEN> Attempting to open::step4_lipid_lipid.crd::
 OPNLGU> Unit 10 opened for READONLY access to step4_lipid_lipid.crd
  
 CHARMM>    read coor unit 10 card append
          SPATIAL COORDINATES BEING READ FROM UNIT 10
 TITLE> * GENERATED BY CHARMM-GUI (HTTP://WWW.CHARMM-GUI.ORG) V3.7 ON OCT, 22. 2024. JOB
 TITLE> * GET A DIFFERENT CONFORMATION FOR LIPIDS PENETRATING PROTEIN / CHOL
 TITLE> *  DATE:    10/22/24     10:26:30      CREATED BY USER: APACHE
 TITLE> *
  
 CHARMM>     
  
 CHARMM>    ! Write coordinates
 CHARMM>    open write unit 10 card name step4.3_ion_protmemb.crd
 OPNLGU> Unit already open. The old file will be closed first.
 VCLOSE: Closing unit   10 with status "KEEP"
 VOPEN> Attempting to open::step4.3_ion_protmemb.crd::
 OPNLGU> Unit 10 opened for WRITE access to step4.3_ion_protmemb.crd
  
 CHARMM>    write coor unit 10 card
 RDTITL>  
 RDTITL> No title read.
 VCLOSE: Closing unit   10 with status "KEEP"
  
 CHARMM>     
  
 CHARMM>    define LPSION sele none end
 SELRPN>      0 atoms have been selected out of  22320
  
 CHARMM>     
  
 CHARMM>    !
 CHARMM>    ! conc    : concentration (M)
 CHARMM>    ! volumn  : ion accessible volume (Ang**3)
 CHARMM>    ! npos    : number of positive ions
 CHARMM>    ! nneg    : number of negative ions
 CHARMM>    ! nion    : number of positive and negative ions of a particular compound
 CHARMM>    ! npostot : total number of all positive ions
 CHARMM>    ! nnegtot : total number of all negative ions
 CHARMM>    ! niontot : total number of all ions
 CHARMM>    !
 CHARMM>     
  
 CHARMM>    set zmemb =  20.0           ! ion exclusion membrane region
 Parameter: ZMEMB <- "20.0"
  
 CHARMM>     
  
 CHARMM>    ! protein volume, calculation with a grid spacing of 0.5
 CHARMM>    coor stat
 STATISTICS FOR     22320 SELECTED ATOMS:
    XMIN =  -41.553081 XMAX =   42.636160 XAVE =    0.676473
    YMIN =  -43.528413 YMAX =   41.952389 YAVE =   -1.393855
    ZMIN =  -27.991505 ZMAX =   26.861006 ZAVE =   -0.113253
    WMIN =    0.000000 WMAX =    0.000000 WAVE =    0.000000
  
 CHARMM>     
  
 CHARMM>    calc dcel = 0.5
Evaluating: 0.5
 Parameter: DCEL <- "0.5"
  
 CHARMM>    calc xdim = int ( ( ?xmax - ?xmin + 5.0 ) / @dcel ) + 1
 Parameter: DCEL -> "0.5"
 RDCMND substituted energy or value "?XMAX" to "42.6361595"
 RDCMND substituted energy or value "?XMIN" to "-41.5530806"
Evaluating: INT((42.6361595--41.5530806+5.0)/0.5)+1
 Parameter: XDIM <- "179"
  
 CHARMM>    calc ydim = int ( ( ?ymax - ?ymin + 5.0 ) / @dcel ) + 1
 Parameter: DCEL -> "0.5"
 RDCMND substituted energy or value "?YMAX" to "41.9523893"
 RDCMND substituted energy or value "?YMIN" to "-43.528413"
Evaluating: INT((41.9523893--43.528413+5.0)/0.5)+1
 Parameter: YDIM <- "181"
  
 CHARMM>    calc zdim = int ( ( ?zmax - ?zmin + 5.0 ) / @dcel ) + 1
 Parameter: DCEL -> "0.5"
 RDCMND substituted energy or value "?ZMAX" to "26.8610058"
 RDCMND substituted energy or value "?ZMIN" to "-27.9915054"
Evaluating: INT((26.8610058--27.9915054+5.0)/0.5)+1
 Parameter: ZDIM <- "120"
  
 CHARMM>    calc space = @xdim * @ydim * @zdim
 Parameter: XDIM -> "179"
 Parameter: YDIM -> "181"
 Parameter: ZDIM -> "120"
Evaluating: 179*181*120
 Parameter: SPACE <- "3887880"
  
 CHARMM>     
  
 CHARMM>    ! prevent overflow on integer conversion
 CHARMM>    calc maxint = 2**32 / 2 - 1
Evaluating: 2**32/2-1
 Parameter: MAXINT <- "2.147483647E+09"
  
 CHARMM>    if space .gt. @maxint calc space = @maxint
 Parameter: MAXINT -> "2.147483647E+09"
 Parameter: MAXINT -> "2.147483647E+09"
 Comparing "3887880" and "2.147483647E+09".
 IF test evaluated as false.  Skipping command
  
 CHARMM>     
  
 CHARMM>    scalar wmain = radius
  
 CHARMM>    scalar wmain add 1.4    ! use solvent accessible surface for molecular volume
  
 CHARMM>    scalar 1 = wmain
  
 CHARMM>    scalar 2 set 6.0
  
 CHARMM>    coor volume hole space @space sele .not. resname TIP3 end
 Parameter: SPACE -> "3887880"
 SELRPN>  22320 atoms have been selected out of  22320
 COMPUTING VOLUME PER ATOM WITH:
   XMIN=    -44.2931 XMAX=     45.3762 NX= 178
   YMIN=    -46.2684 YMAX=     44.6924 NY= 180
   ZMIN=    -30.7645 ZMAX=     30.0260 NZ= 120


 A TOTAL OF     9684   VACUUM POINTS WERE FOUND
 A TOTAL OF  2083064 OCCUPIED POINTS WERE FOUND
 A TOTAL OF  1752052 EXTERNAL POINTS WERE FOUND
 A TOTAL OF  3835116 SELECTED POINTS WERE FOUND
 TOTAL OCCUPIED  VOLUME =  268634.761064
 TOTAL SELECTED  VOLUME =  494581.765280
 TOTAL FREE      VOLUME =    1248.861785
 FRACTIONAL FREE VOLUME =       0.462741
  
 CHARMM>     
  
 CHARMM>    set sysvol = ?volume
 RDCMND substituted energy or value "?VOLUME" to "268634.761"
 Parameter: SYSVOL <- "268634.761"
  
 CHARMM>     
  
 CHARMM>    IF BOXTYPE .ne. HEXA then
 Comparing "RECT" and "HEXA".
 IF test evaluated as true.  Performing command
  
 CHARMM>       calc volumn = ( @A * @B * @C ) - @sysvol
 Parameter: A -> "73.4166194"
 Parameter: B -> "73.4166194"
 Parameter: C -> "85"
 Parameter: SYSVOL -> "268634.761"
Evaluating: (73.4166194*73.4166194*85)-268634.761
 Parameter: VOLUMN <- "189515.239"
  
 CHARMM>    ENDIF
  
 CHARMM>     
  
 CHARMM>    IF BOXTYPE .eq. HEXA THEN
 Comparing "RECT" and "HEXA".
 IF test evaluated as false.  Skip to ELSE or ENDIF
  
 CHARMM>     
  
 CHARMM>    if @?nlipaion  .eq. 0 set nlipaion  = 0
 Comparing "0" and "0".
 IF test evaluated as true.  Performing command
 Parameter: NLIPAION <- "0"
  
 CHARMM>    if @?ncoreion  .eq. 0 set ncoreion  = 0
 Comparing "0" and "0".
 IF test evaluated as true.  Performing command
 Parameter: NCOREION <- "0"
  
 CHARMM>    if @?noantiion .eq. 0 set noantiion = 0
 Comparing "0" and "0".
 IF test evaluated as true.  Performing command
 Parameter: NOANTIION <- "0"
  
 CHARMM>     
  
 CHARMM>    calc npostot = @nlipaion + @ncoreion + @noantiion
 Parameter: NLIPAION -> "0"
 Parameter: NCOREION -> "0"
 Parameter: NOANTIION -> "0"
Evaluating: 0+0+0
 Parameter: NPOSTOT <- "0"
  
 CHARMM>    calc nnegtot = 0
Evaluating: 0
 Parameter: NNEGTOT <- "0"
  
 CHARMM>    calc niontot = @npostot
 Parameter: NPOSTOT -> "0"
Evaluating: 0
 Parameter: NIONTOT <- "0"
  
 CHARMM>     
  
 CHARMM>    define ALLIONS sele none end
 SELRPN>      0 atoms have been selected out of  22320
  
 CHARMM>     
  
 CHARMM>    set ionind = 1
 Parameter: IONIND <- "1"
  
 CHARMM>    label do_ion
  
 CHARMM>        define POS sele none end
 SELRPN>      0 atoms have been selected out of  22320
  
 CHARMM>        define NEG sele none end
 SELRPN>      0 atoms have been selected out of  22320
  
 CHARMM>     
  
 CHARMM>        stream step2.2_ions_count.str @ionind
 Parameter: IONIND -> "1"
 VOPEN> Attempting to open::step2.2_ions_count.str::
 OPNLGU> Unit 99 opened for READONLY access to step2.2_ions_count.str

                    INPUT STREAM SWITCHING TO UNIT    99
 RDTITL> * NUMBER OF EACH ION STRUCTURE, AS CHOSEN BY USER;
 RDTITL> * USAGE: STREAM STEP2_IONS_COUNT.STR INDEX
 RDTITL> *
 Parameter: IN1 <- "1"
  
 CHARMM>     
  
 CHARMM>    if @?IN1 .eq. 0 stop ! ABNORMAL TERMINATION: missing index
 Comparing "1" and "0".
 IF test evaluated as false.  Skipping command
  
 CHARMM>     
  
 CHARMM>    set isusercation = 0
 Parameter: ISUSERCATION <- "0"
  
 CHARMM>    set isuseranion  = 0
 Parameter: ISUSERANION <- "0"
  
 CHARMM>    if @IN1 .eq. 1 set pos = SOD
 Parameter: IN1 -> "1"
 Comparing "1" and "1".
 IF test evaluated as true.  Performing command
 Parameter: POS <- "SOD"
  
 CHARMM>    if @IN1 .eq. 1 set neg = CLA
 Parameter: IN1 -> "1"
 Comparing "1" and "1".
 IF test evaluated as true.  Performing command
 Parameter: NEG <- "CLA"
  
 CHARMM>    if @IN1 .eq. 1 set poscharge = 1
 Parameter: IN1 -> "1"
 Comparing "1" and "1".
 IF test evaluated as true.  Performing command
 Parameter: POSCHARGE <- "1"
  
 CHARMM>    if @IN1 .eq. 1 set negcharge = 1
 Parameter: IN1 -> "1"
 Comparing "1" and "1".
 IF test evaluated as true.  Performing command
 Parameter: NEGCHARGE <- "1"
  
 CHARMM>    if @IN1 .eq. 1 set posval = 1
 Parameter: IN1 -> "1"
 Comparing "1" and "1".
 IF test evaluated as true.  Performing command
 Parameter: POSVAL <- "1"
  
 CHARMM>    if @IN1 .eq. 1 set negval = 1
 Parameter: IN1 -> "1"
 Comparing "1" and "1".
 IF test evaluated as true.  Performing command
 Parameter: NEGVAL <- "1"
  
 CHARMM>    if @IN1 .eq. 1 set conc = 0.15
 Parameter: IN1 -> "1"
 Comparing "1" and "1".
 IF test evaluated as true.  Performing command
 Parameter: CONC <- "0.15"
  
 CHARMM>    if @IN1 .eq. 1 set natompos = 1
 Parameter: IN1 -> "1"
 Comparing "1" and "1".
 IF test evaluated as true.  Performing command
 Parameter: NATOMPOS <- "1"
  
 CHARMM>    if @IN1 .eq. 1 set natomneg = 1
 Parameter: IN1 -> "1"
 Comparing "1" and "1".
 IF test evaluated as true.  Performing command
 Parameter: NATOMNEG <- "1"
  
 CHARMM>    if @IN1 .eq. 1 set isusercation = 0
 Parameter: IN1 -> "1"
 Comparing "1" and "1".
 IF test evaluated as true.  Performing command
 Parameter: ISUSERCATION <- "0"
  
 CHARMM>    if @IN1 .eq. 1 set isuseranion  = 0
 Parameter: IN1 -> "1"
 Comparing "1" and "1".
 IF test evaluated as true.  Performing command
 Parameter: ISUSERANION <- "0"
  
 CHARMM>     
  
 CHARMM>     
  
 CHARMM>    set neutral_index = 1
 Parameter: NEUTRAL_INDEX <- "1"
  
 CHARMM>    set niontypes = 1
 Parameter: NIONTYPES <- "1"
  
 CHARMM>     
  
 VCLOSE: Closing unit   99 with status "KEEP"

                    RETURNING TO INPUT STREAM     5
  
 CHARMM>     
  
 CHARMM>        calc ncharge = int( ?cgtot )
 RDCMND substituted energy or value "?CGTOT" to "-20"
Evaluating: INT(-20)
 Parameter: NCHARGE <- "-20"
  
 CHARMM>        calc cgtot = ?cgtot
 RDCMND substituted energy or value "?CGTOT" to "-20"
Evaluating: -20
 Parameter: CGTOT <- "-20"
  
 CHARMM>     
  
 CHARMM>        calc npos = 0
Evaluating: 0
 Parameter: NPOS <- "0"
  
 CHARMM>        calc nneg = 0
Evaluating: 0
 Parameter: NNEG <- "0"
  
 CHARMM>        if neutral_index .eq. @ionind then
 Parameter: IONIND -> "1"
 Comparing "1" and "1".
 IF test evaluated as true.  Performing command
  
 CHARMM>            if ncharge .lt. 0 calc npos = int( abs( @cgtot ) / @poscharge )
 Parameter: CGTOT -> "-20"
 Parameter: POSCHARGE -> "1"
 Comparing "-20" and "0".
 IF test evaluated as true.  Performing command
Evaluating: INT(ABS(-20)/1)
 Parameter: NPOS <- "20"
  
 CHARMM>            if ncharge .gt. 0 calc nneg = int( abs( @cgtot ) / @negcharge )
 Parameter: CGTOT -> "-20"
 Parameter: NEGCHARGE -> "1"
 Comparing "-20" and "0".
 IF test evaluated as false.  Skipping command
  
 CHARMM>        endif
  
 CHARMM>     
  
 CHARMM>        calc diff   = int ( @cgtot + @npos*@poscharge - @nneg*@negcharge )
 Parameter: CGTOT -> "-20"
 Parameter: NPOS -> "20"
 Parameter: POSCHARGE -> "1"
 Parameter: NNEG -> "0"
 Parameter: NEGCHARGE -> "1"
Evaluating: INT(-20+20*1-0*1)
 Parameter: DIFF <- "0"
  
 CHARMM>     
  
 CHARMM>        if neutral_index .eq. @ionind then
 Parameter: IONIND -> "1"
 Comparing "1" and "1".
 IF test evaluated as true.  Performing command
  
 CHARMM>            set ntries = 0
 Parameter: NTRIES <- "0"
  
 CHARMM>            label neutral
  
 CHARMM>                if diff .gt. 0 calc nneg = @nneg + 1
 Parameter: NNEG -> "0"
 Comparing "0" and "0".
 IF test evaluated as false.  Skipping command
  
 CHARMM>                if diff .lt. 0 calc npos = @npos + 1
 Parameter: NPOS -> "20"
 Comparing "0" and "0".
 IF test evaluated as false.  Skipping command
  
 CHARMM>                calc diff   = int ( @cgtot + @npos*@poscharge - @nneg*@negcharge )
 Parameter: CGTOT -> "-20"
 Parameter: NPOS -> "20"
 Parameter: POSCHARGE -> "1"
 Parameter: NNEG -> "0"
 Parameter: NEGCHARGE -> "1"
Evaluating: INT(-20+20*1-0*1)
 Parameter: DIFF <- "0"
  
 CHARMM>                incr ntries
 Parameter: NTRIES <- "1"
  
 CHARMM>                if ntries .ge. 10 stop ! ABNORMAL TERMINATION: can't neutralize this system
 Comparing "1" and "10".
 IF test evaluated as false.  Skipping command
  
 CHARMM>                if diff .ne. 0 goto neutral
 Comparing "0" and "0".
 IF test evaluated as false.  Skipping command
  
 CHARMM>        endif
  
 CHARMM>     
  
 CHARMM>        calc npos = @npos + int ( @conc * 6.021 * 0.0001 * @volumn ) * @negval
 Parameter: NPOS -> "20"
 Parameter: CONC -> "0.15"
 Parameter: VOLUMN -> "189515.239"
 Parameter: NEGVAL -> "1"
Evaluating: 20+INT(0.15*6.021*0.0001*189515.239)*1
 Parameter: NPOS <- "37"
  
 CHARMM>        calc nneg = @nneg + int ( @conc * 6.021 * 0.0001 * @volumn ) * @posval
 Parameter: NNEG -> "0"
 Parameter: CONC -> "0.15"
 Parameter: VOLUMN -> "189515.239"
 Parameter: POSVAL -> "1"
Evaluating: 0+INT(0.15*6.021*0.0001*189515.239)*1
 Parameter: NNEG <- "17"
  
 CHARMM>     
  
 CHARMM>        if npos .lt. 0 stop ! ABNORMAL TERMINATION: something wrong
 Comparing "37" and "0".
 IF test evaluated as false.  Skipping command
  
 CHARMM>        if nneg .lt. 0 stop ! ABNORMAL TERMINATION: something wrong
 Comparing "17" and "0".
 IF test evaluated as false.  Skipping command
  
 CHARMM>     
  
 CHARMM>        !
  
 CHARMM>        ! Randomly place the ions
  
 CHARMM>        !
  
 CHARMM>     
  
 CHARMM>        ! Generate positive ion
  
 CHARMM>        if npos .gt. 0 then
 Comparing "37" and "0".
 IF test evaluated as true.  Performing command
  
 CHARMM>            if isusercation .eq. 1 then
 Comparing "0" and "1".
 IF test evaluated as false.  Skip to ELSE or ENDIF
  
 CHARMM>                read sequence @pos @npos
 Parameter: POS -> "SOD"
 Parameter: NPOS -> "37"
  
 CHARMM>                generate POS warn
 NO PATCHING WILL BE DONE ON THE FIRST RESIDUE
 NO PATCHING WILL BE DONE ON THE LAST  RESIDUE
 AUTGEN: Autogenerating specified angles and dihedrals.
 GENPSF> Segment   2 has been generated. Its identifier is POS.
 PSFSUM> PSF modified: NONBOND lists and IMAGE atoms cleared.
 PSFSUM> Summary of the structure file counters :
         Number of segments      =        2   Number of residues   =      229
         Number of atoms         =    22357   Number of groups     =     6533
         Number of bonds         =    22356   Number of angles     =    43040
         Number of dihedrals     =    61940   Number of impropers  =      272
         Number of cross-terms   =        0   Number of autogens   =        0
         Number of HB acceptors  =        0   Number of HB donors  =        0
         Number of NB exclusions =        0   Total charge =   17.00000
  
 CHARMM>            endif
  
 CHARMM>     
  
 CHARMM>            define POS sele segid POS end
 SELRPN>     37 atoms have been selected out of  22357
  
 CHARMM>     
  
 CHARMM>            if natompos .gt. 1 then
 Comparing "1" and "1".
 IF test evaluated as false.  Skip to ELSE or ENDIF
  
 CHARMM>                ! move ion to origin
  
 CHARMM>                coor set sele POS end
 SELRPN>     37 atoms have been selected out of  22357
 SELECTED COORDINATES SET IN THE MAIN SET.

  
 CHARMM>            endif
  
 CHARMM>        endif
  
 CHARMM>     
  
 CHARMM>        ! Generate negative ion
  
 CHARMM>        if nneg .gt. 0 then
 Comparing "17" and "0".
 IF test evaluated as true.  Performing command
  
 CHARMM>            if isuseranion .eq. 1 then
 Comparing "0" and "1".
 IF test evaluated as false.  Skip to ELSE or ENDIF
  
 CHARMM>                read sequence @neg @nneg
 Parameter: NEG -> "CLA"
 Parameter: NNEG -> "17"
  
 CHARMM>                generate NEG warn
 NO PATCHING WILL BE DONE ON THE FIRST RESIDUE
 NO PATCHING WILL BE DONE ON THE LAST  RESIDUE
 AUTGEN: Autogenerating specified angles and dihedrals.
 GENPSF> Segment   3 has been generated. Its identifier is NEG.
 PSFSUM> PSF modified: NONBOND lists and IMAGE atoms cleared.
 PSFSUM> Summary of the structure file counters :
         Number of segments      =        3   Number of residues   =      246
         Number of atoms         =    22374   Number of groups     =     6550
         Number of bonds         =    22356   Number of angles     =    43040
         Number of dihedrals     =    61940   Number of impropers  =      272
         Number of cross-terms   =        0   Number of autogens   =        0
         Number of HB acceptors  =        0   Number of HB donors  =        0
         Number of NB exclusions =        0   Total charge =   -0.00000
  
 CHARMM>            endif
  
 CHARMM>     
  
 CHARMM>            define NEG sele segid NEG end
 SELRPN>     17 atoms have been selected out of  22374
  
 CHARMM>     
  
 CHARMM>            if natomneg .gt. 1 then
 Comparing "1" and "1".
 IF test evaluated as false.  Skip to ELSE or ENDIF
  
 CHARMM>                ! move ion to origin
  
 CHARMM>                coor set sele NEG end
 SELRPN>     17 atoms have been selected out of  22374
 SELECTED COORDINATES SET IN THE MAIN SET.

  
 CHARMM>            endif
  
 CHARMM>        endif
  
 CHARMM>     
  
 CHARMM>        define IONS sele POS .or. NEG end
 SELRPN>     54 atoms have been selected out of  22374
  
 CHARMM>        define ALLIONS sele segid IONS .or. IONS end
 SELRPN>     54 atoms have been selected out of  22374
  
 CHARMM>     
  
 CHARMM>        calc nion = @npos + @nneg
 Parameter: NPOS -> "37"
 Parameter: NNEG -> "17"
Evaluating: 37+17
 Parameter: NION <- "54"
  
 CHARMM>     
  
 CHARMM>        incr npostot by @npos
 Parameter: NPOS -> "37"
 Parameter: NPOSTOT <- "37"
  
 CHARMM>        incr nnegtot by @nneg
 Parameter: NNEG -> "17"
 Parameter: NNEGTOT <- "17"
  
 CHARMM>        incr niontot by @nion
 Parameter: NION -> "54"
 Parameter: NIONTOT <- "54"
  
 CHARMM>     
  
 CHARMM>        if nion .eq. 0 goto continue
 Comparing "54" and "0".
 IF test evaluated as false.  Skipping command
  
 CHARMM>        !
  
 CHARMM>        !Images Setup [to place all atoms inside the box]
  
 CHARMM>        !
  
 CHARMM>     
  
 CHARMM>        open read unit 10 card name crystal_image.str
 VOPEN> Attempting to open::crystal_image.str::
 OPNLGU> Unit 10 opened for READONLY access to crystal_image.str
  
 CHARMM>        CRYSTAL DEFINE @XTLtype @A @B @C @alpha @beta @gamma
 Parameter: XTLTYPE -> "TETRAGONAL"
 Parameter: A -> "73.4166194"
 Parameter: B -> "73.4166194"
 Parameter: C -> "85"
 Parameter: ALPHA -> "90.0"
 Parameter: BETA -> "90.0"
 Parameter: GAMMA -> "90.0"
 Crystal Parameters : Crystal Type = TETR
           A     =   73.41662 B    =   73.41662 C     =   85.00000
           Alpha =   90.00000 Beta =   90.00000 Gamma =   90.00000
  
 CHARMM>        CRYSTAL READ UNIT 10 CARD
 CRYSTAL FILE BEING READ FROM UNIT    10
 TITLE> * GENERATED BY CHARMM-GUI (HTTP://WWW.CHARMM-GUI.ORG) V3.7 ON OCT, 22. 2024. JOBID=2960669761
 TITLE> * STREAM FILE FOR CRYSTAL SYMMETRY OPERATION
 TITLE> *
 TITLE>  * GENERATED BY CHARMM-GUI (HTTP://WWW.CHARMM-GUI.ORG) V3.7 ON OCT, 22. 2024. JOB
 TITLE>  * STREAM FILE FOR CRYSTAL SYMMETRY OPERATION
 TITLE>  *
                     THERE ARE NO ROTATIONS FOR THIS TRANSFORMATION SET
    26 Transformations have been processed.

  
 CHARMM>     
  
 CHARMM>        !Image centering by residue
  
 CHARMM>        IMAGE BYRES XCEN 0.0 YCEN 0.0 ZCEN @zcen
 Parameter: ZCEN -> "0"
 IMAGE CENTERING ON FOR SOME ATOMS
  
 CHARMM>     
  
 CHARMM>        update image inbf 0

 SELECTED IMAGES ATOMS BEING CENTERED ABOUT  0.000000  0.000000  0.000000
 RESIDUE   82 OPERATED ON BY TRANSFORMATION Z0P1Z0R1
 RESIDUE   90 OPERATED ON BY TRANSFORMATION N1Z0Z0R1
 RESIDUE   95 OPERATED ON BY TRANSFORMATION Z0P1Z0R1
 RESIDUE   96 OPERATED ON BY TRANSFORMATION N1Z0Z0R1
 RESIDUE  170 OPERATED ON BY TRANSFORMATION P1Z0Z0R1
 RESIDUE  184 OPERATED ON BY TRANSFORMATION Z0P1Z0R1
 RESIDUE  186 OPERATED ON BY TRANSFORMATION N1Z0Z0R1
 RESIDUE  191 OPERATED ON BY TRANSFORMATION P1Z0Z0R1
 RESIDUE  192 OPERATED ON BY TRANSFORMATION Z0N1Z0R1

 <MKIMAT2>: updating the image atom lists and remapping
 Transformation   Atoms  Groups  Residues  Min-Distance
    1  N1N1N1R1 has       0       0       0       33.36
    2  N1Z0N1R1 has       0       0       0       32.23
    3  N1P1N1R1 has       0       0       0       32.83
    4  Z0N1N1R1 has       0       0       0       32.44
    5  Z0Z0N1R1 has       0       0       0       30.15
    6  Z0P1N1R1 has       0       0       0       30.38
    7  N1N1Z0R1 has     989     284      13        0.00
    8  N1Z0Z0R1 has    5439    1553      55        0.00
    9  N1P1Z0R1 has     681     205      12        0.00
   10  Z0N1Z0R1 has    4725    1400      55        0.00
   12  N1N1P1R1 has       0       0       0       34.95
   13  N1Z0P1R1 has       0       0       0       34.30
   14  N1P1P1R1 has       0       0       0       35.75
 Total of34208 atoms and 9992 groups and  381 residues were included

 **** Warning ****  The following extraneous characters
 were found while command processing in CHARMM
 IMAGE
  
 CHARMM>     
  
 CHARMM>        CONS FIX SELE .NOT. ( POS .OR. NEG ) END
 SELRPN>  22320 atoms have been selected out of  22374
  
 CHARMM>        SKIP ALL EXCL VDW ELEC
 SKIPE> The following energy terms will be computed :
  VDW  ELEC
  
 CHARMM>        scalar wmain = charge
  
 CHARMM>     
  
 CHARMM>        !
  
 CHARMM>        ! Initial placement of ions
  
 CHARMM>        !
  
 CHARMM>     
  
 CHARMM>        calc cntrand = 0
Evaluating: 0
 Parameter: CNTRAND <- "0"
  
 CHARMM>     
  
 CHARMM>        calc i   = 1
Evaluating: 1
 Parameter: I <- "1"
  
 CHARMM>        label doinit
  
 CHARMM>     
  
 CHARMM>            calc cntrand = @cntrand + 1
 Parameter: CNTRAND -> "0"
Evaluating: 0+1
 Parameter: CNTRAND <- "1"
  
 CHARMM>            if cntrand .gt. 100 stop ! ABNORMAL TERMINATION: ion placing may not work.. stop here
 Comparing "1" and "100".
 IF test evaluated as false.  Skipping command
  
 CHARMM>     
  
 CHARMM>            calc j = @i
 Parameter: I -> "1"
Evaluating: 1
 Parameter: J <- "1"
  
 CHARMM>            set ion = POS
 Parameter: ION <- "POS"
  
 CHARMM>     
  
 CHARMM>            if j .gt. @npos then
 Parameter: NPOS -> "37"
 Comparing "1" and "37".
 IF test evaluated as false.  Skip to ELSE or ENDIF
  
 CHARMM>     
  
 CHARMM>            define target select segid @ion .and. resid @j end
 Parameter: ION -> "POS"
 Parameter: J -> "1"
 SELRPN>      1 atoms have been selected out of  22374
  
 CHARMM>     
  
 CHARMM>            calc xpos = @A * ( ?random - 0.5 )
 Parameter: A -> "73.4166194"
 RDCMND substituted energy or value "?RANDOM" to "0.299862426"
Evaluating: 73.4166194*(0.299862426-0.5)
 Parameter: XPOS <- "-14.6934241"
  
 CHARMM>            calc ypos = @B * ( ?random - 0.5 )
 Parameter: B -> "73.4166194"
 RDCMND substituted energy or value "?RANDOM" to "0.248662504"
Evaluating: 73.4166194*(0.248662504-0.5)
 Parameter: YPOS <- "-18.4523493"
  
 CHARMM>            calc zpos = @C * ( ?random - 0.5 ) + @zcen
 Parameter: C -> "85"
 Parameter: ZCEN -> "0"
 RDCMND substituted energy or value "?RANDOM" to "0.486647006"
Evaluating: 85*(0.486647006-0.5)+0
 Parameter: ZPOS <- "-1.13500449"
  
 CHARMM>     
  
 CHARMM>            if zpos .gt. -15 if zpos .lt. 15 goto doinit
 Comparing "-1.13500449" and "-15".
 IF test evaluated as true.  Performing command
 Comparing "-1.13500449" and "15".
 IF test evaluated as true.  Performing command
  
 CHARMM>     
  
 CHARMM>            calc cntrand = @cntrand + 1
 Parameter: CNTRAND -> "1"
Evaluating: 1+1
 Parameter: CNTRAND <- "2"
  
 CHARMM>            if cntrand .gt. 100 stop ! ABNORMAL TERMINATION: ion placing may not work.. stop here
 Comparing "2" and "100".
 IF test evaluated as false.  Skipping command
  
 CHARMM>     
  
 CHARMM>            calc j = @i
 Parameter: I -> "1"
Evaluating: 1
 Parameter: J <- "1"
  
 CHARMM>            set ion = POS
 Parameter: ION <- "POS"
  
 CHARMM>     
  
 CHARMM>            if j .gt. @npos then
 Parameter: NPOS -> "37"
 Comparing "1" and "37".
 IF test evaluated as false.  Skip to ELSE or ENDIF
  
 CHARMM>     
  
 CHARMM>            define target select segid @ion .and. resid @j end
 Parameter: ION -> "POS"
 Parameter: J -> "1"
 SELRPN>      1 atoms have been selected out of  22374
  
 CHARMM>     
  
 CHARMM>            calc xpos = @A * ( ?random - 0.5 )
 Parameter: A -> "73.4166194"
 RDCMND substituted energy or value "?RANDOM" to "0.235700539"
Evaluating: 73.4166194*(0.235700539-0.5)
 Parameter: XPOS <- "-19.4039729"
  
 CHARMM>            calc ypos = @B * ( ?random - 0.5 )
 Parameter: B -> "73.4166194"
 RDCMND substituted energy or value "?RANDOM" to "0.329133509"
Evaluating: 73.4166194*(0.329133509-0.5)
 Parameter: YPOS <- "-12.5444401"
  
 CHARMM>            calc zpos = @C * ( ?random - 0.5 ) + @zcen
 Parameter: C -> "85"
 Parameter: ZCEN -> "0"
 RDCMND substituted energy or value "?RANDOM" to "0.89456879"
Evaluating: 85*(0.89456879-0.5)+0
 Parameter: ZPOS <- "33.5383471"
  
 CHARMM>     
  
 CHARMM>            if zpos .gt. -15 if zpos .lt. 15 goto doinit
 Comparing "33.5383471" and "-15".
 IF test evaluated as true.  Performing command
 Comparing "33.5383471" and "15".
 IF test evaluated as false.  Skipping command
  
 CHARMM>     
  
 CHARMM>            ! move target to selected position
  
 CHARMM>            coor stat select target end
 SELRPN>      1 atoms have been selected out of  22374
 STATISTICS FOR         1 SELECTED ATOMS:
    XMIN =    0.000000 XMAX =    0.000000 XAVE =    0.000000
    YMIN =    0.000000 YMAX =    0.000000 YAVE =    0.000000
    ZMIN =    0.000000 ZMAX =    0.000000 ZAVE =    0.000000
    WMIN =    1.000000 WMAX =    1.000000 WAVE =    1.000000
  
 CHARMM>            calc xtran = @xpos - ?xave
 Parameter: XPOS -> "-19.4039729"
 RDCMND substituted energy or value "?XAVE" to "0"
Evaluating: -19.4039729-0
 Parameter: XTRAN <- "-19.4039729"
  
 CHARMM>            calc ytran = @ypos - ?yave
 Parameter: YPOS -> "-12.5444401"
 RDCMND substituted energy or value "?YAVE" to "0"
Evaluating: -12.5444401-0
 Parameter: YTRAN <- "-12.5444401"
  
 CHARMM>            calc ztran = @zpos - ?zave
 Parameter: ZPOS -> "33.5383471"
 RDCMND substituted energy or value "?ZAVE" to "0"
Evaluating: 33.5383471-0
 Parameter: ZTRAN <- "33.5383471"
  
 CHARMM>            coor trans xdir @xtran ydir @ytran zdir @ztran select target end
 Parameter: XTRAN -> "-19.4039729"
 Parameter: YTRAN -> "-12.5444401"
 Parameter: ZTRAN -> "33.5383471"
 SELRPN>      1 atoms have been selected out of  22374
 TRANSLATION VECTOR   -19.403973  -12.544440   33.538347
 SELECTED COORDINATES TRANSLATED IN THE MAIN SET.

  
 CHARMM>     
  
 CHARMM>            ! apply a random rotation along XYZ
  
 CHARMM>            calc xphi = ?random * 360.0
 RDCMND substituted energy or value "?RANDOM" to "0.440761669"
Evaluating: 0.440761669*360.0
 Parameter: XPHI <- "158.674201"
  
 CHARMM>            calc yphi = ?random * 360.0
 RDCMND substituted energy or value "?RANDOM" to "0.715448815"
Evaluating: 0.715448815*360.0
 Parameter: YPHI <- "257.561573"
  
 CHARMM>            calc zphi = ?random * 360.0
 RDCMND substituted energy or value "?RANDOM" to "0.453969505"
Evaluating: 0.453969505*360.0
 Parameter: ZPHI <- "163.429022"
  
 CHARMM>            coor rotate xcen @xpos ycen @ypos zcen @zpos xdir 1.0 -
 CHARMM>                phi @xphi select target end
 Parameter: XPOS -> "-19.4039729"
 Parameter: YPOS -> "-12.5444401"
 Parameter: ZPOS -> "33.5383471"
 Parameter: XPHI -> "158.674201"
 SELRPN>      1 atoms have been selected out of  22374
 ROTATION MATRIX
    1.000000    0.000000    0.000000
    0.000000   -0.931528    0.363671
    0.000000   -0.363671   -0.931528

 AXIS OF ROTATION IS  1.000000  0.000000  0.000000  ANGLE IS  158.67

 SELECTED COORDINATES ROTATED IN THE MAIN SET.

  
 CHARMM>            coor rotate xcen @xpos ycen @ypos zcen @zpos ydir 1.0 -
 CHARMM>                phi @yphi select target end
 Parameter: XPOS -> "-19.4039729"
 Parameter: YPOS -> "-12.5444401"
 Parameter: ZPOS -> "33.5383471"
 Parameter: YPHI -> "257.561573"
 SELRPN>      1 atoms have been selected out of  22374
 ROTATION MATRIX
   -0.215390    0.000000    0.976528
    0.000000    1.000000    0.000000
   -0.976528    0.000000   -0.215390

 AXIS OF ROTATION IS  0.000000 -1.000000  0.000000  ANGLE IS  102.44

 SELECTED COORDINATES ROTATED IN THE MAIN SET.

  
 CHARMM>            coor rotate xcen @xpos ycen @ypos zcen @zpos zdir 1.0 -
 CHARMM>                phi @zphi select target end
 Parameter: XPOS -> "-19.4039729"
 Parameter: YPOS -> "-12.5444401"
 Parameter: ZPOS -> "33.5383471"
 Parameter: ZPHI -> "163.429022"
 SELRPN>      1 atoms have been selected out of  22374
 ROTATION MATRIX
   -0.958467    0.285203    0.000000
   -0.285203   -0.958467    0.000000
    0.000000    0.000000    1.000000

 AXIS OF ROTATION IS  0.000000  0.000000  1.000000  ANGLE IS  163.43

 SELECTED COORDINATES ROTATED IN THE MAIN SET.

  
 CHARMM>     
  
 CHARMM>     
  
 CHARMM>            calc dcut = 3.5
Evaluating: 3.5
 Parameter: DCUT <- "3.5"
  
 CHARMM>     
  
 CHARMM>            coor stat sele target end
 SELRPN>      1 atoms have been selected out of  22374
 STATISTICS FOR         1 SELECTED ATOMS:
    XMIN =  -19.403973 XMAX =  -19.403973 XAVE =  -19.403973
    YMIN =  -12.544440 YMAX =  -12.544440 YAVE =  -12.544440
    ZMIN =   33.538347 ZMAX =   33.538347 ZAVE =   33.538347
    WMIN =    1.000000 WMAX =    1.000000 WAVE =    1.000000
  
 CHARMM>            calc xmax = ?xmax + @dcut
 Parameter: DCUT -> "3.5"
 RDCMND substituted energy or value "?XMAX" to "-19.4039729"
Evaluating: -19.4039729+3.5
 Parameter: XMAX <- "-15.9039729"
  
 CHARMM>            calc ymax = ?ymax + @dcut
 Parameter: DCUT -> "3.5"
 RDCMND substituted energy or value "?YMAX" to "-12.5444401"
Evaluating: -12.5444401+3.5
 Parameter: YMAX <- "-9.0444401"
  
 CHARMM>            calc zmax = ?zmax + @dcut
 Parameter: DCUT -> "3.5"
 RDCMND substituted energy or value "?ZMAX" to "33.5383471"
Evaluating: 33.5383471+3.5
 Parameter: ZMAX <- "37.0383471"
  
 CHARMM>            calc xmin = ?xmin - @dcut
 Parameter: DCUT -> "3.5"
 RDCMND substituted energy or value "?XMIN" to "-19.4039729"
Evaluating: -19.4039729-3.5
 Parameter: XMIN <- "-22.9039729"
  
 CHARMM>            calc ymin = ?ymin - @dcut
 Parameter: DCUT -> "3.5"
 RDCMND substituted energy or value "?YMIN" to "-12.5444401"
Evaluating: -12.5444401-3.5
 Parameter: YMIN <- "-16.0444401"
  
 CHARMM>            calc zmin = ?zmin - @dcut
 Parameter: DCUT -> "3.5"
 RDCMND substituted energy or value "?ZMIN" to "33.5383471"
Evaluating: 33.5383471-3.5
 Parameter: ZMIN <- "30.0383471"
  
 CHARMM>     
  
 CHARMM>            define JUNK sele .not. target .and. -
 CHARMM>                             prop X .lt. @xmax .and. prop X .gt. @xmin .and. -
 CHARMM>                             prop Y .lt. @ymax .and. prop Y .gt. @ymin .and. -
 CHARMM>                             prop Z .lt. @zmax .and. prop Z .gt. @zmin  end
 Parameter: XMAX -> "-15.9039729"
 Parameter: XMIN -> "-22.9039729"
 Parameter: YMAX -> "-9.0444401"
 Parameter: YMIN -> "-16.0444401"
 Parameter: ZMAX -> "37.0383471"
 Parameter: ZMIN -> "30.0383471"
 SELRPN>      0 atoms have been selected out of  22374
  
 CHARMM>     
  
 CHARMM>            ! check if the ions are too close to protein
  
 CHARMM>            define XXX sele PROT end
 SELRPN>      0 atoms have been selected out of  22374
  
 CHARMM>            if ?nsel .gt. 0 then
 RDCMND substituted energy or value "?NSEL" to "0"
 Comparing "0" and "0".
 IF test evaluated as false.  Skip to ELSE or ENDIF
  
 CHARMM>     
  
 CHARMM>            ! check if the ions are too close to solute
  
 CHARMM>            coor dist cut 4.0 sele target end sele JUNK .and. .not. hydrogen end image
 SELRPN>      1 atoms have been selected out of  34208
 SELRPN>      0 atoms have been selected out of  34208

            DISTANCES FOR SELECTED ATOMS
            ONLY ONE SELECTION SET SPECIFIED, A COMPARISON WILL BE DONE
 TOTAL EXCLUSION COUNT =         0
 TOTAL 1-4 EXCLUSIONS  =         0
 TOTAL NON-EXCLUSIONS  =         0
  
 CHARMM>            if ?npair .gt. 0 goto doinit
 RDCMND substituted energy or value "?NPAIR" to "0"
 Comparing "0" and "0".
 IF test evaluated as false.  Skipping command
  
 CHARMM>     
  
 CHARMM>            calc cntrand = 0
Evaluating: 0
 Parameter: CNTRAND <- "0"
  
 CHARMM>            increase i by 1
 Parameter: I <- "2"
  
 CHARMM>            if i .le. @nion goto doinit
 Parameter: NION -> "54"
 Comparing "2" and "54".
 IF test evaluated as true.  Performing command
  
 CHARMM>     
  
 CHARMM>            calc cntrand = @cntrand + 1
 Parameter: CNTRAND -> "0"
Evaluating: 0+1
 Parameter: CNTRAND <- "1"
  
 CHARMM>            if cntrand .gt. 100 stop ! ABNORMAL TERMINATION: ion placing may not work.. stop here
 Comparing "1" and "100".
 IF test evaluated as false.  Skipping command
  
 CHARMM>     
  
 CHARMM>            calc j = @i
 Parameter: I -> "2"
Evaluating: 2
 Parameter: J <- "2"
  
 CHARMM>            set ion = POS
 Parameter: ION <- "POS"
  
 CHARMM>     
  
 CHARMM>            if j .gt. @npos then
 Parameter: NPOS -> "37"
 Comparing "2" and "37".
 IF test evaluated as false.  Skip to ELSE or ENDIF
  
 CHARMM>     
  
 CHARMM>            define target select segid @ion .and. resid @j end
 Parameter: ION -> "POS"
 Parameter: J -> "2"
 SELRPN>      1 atoms have been selected out of  22374
  
 CHARMM>     
  
 CHARMM>            calc xpos = @A * ( ?random - 0.5 )
 Parameter: A -> "73.4166194"
 RDCMND substituted energy or value "?RANDOM" to "0.583515512"
Evaluating: 73.4166194*(0.583515512-0.5)
 Parameter: XPOS <- "6.13142656"
  
 CHARMM>            calc ypos = @B * ( ?random - 0.5 )
 Parameter: B -> "73.4166194"
 RDCMND substituted energy or value "?RANDOM" to "0.312821019"
Evaluating: 73.4166194*(0.312821019-0.5)
 Parameter: YPOS <- "-13.742048"
  
 CHARMM>            calc zpos = @C * ( ?random - 0.5 ) + @zcen
 Parameter: C -> "85"
 Parameter: ZCEN -> "0"
 RDCMND substituted energy or value "?RANDOM" to "0.36351762"
Evaluating: 85*(0.36351762-0.5)+0
 Parameter: ZPOS <- "-11.6010023"
  
 CHARMM>     
  
 CHARMM>            if zpos .gt. -15 if zpos .lt. 15 goto doinit
 Comparing "-11.6010023" and "-15".
 IF test evaluated as true.  Performing command
 Comparing "-11.6010023" and "15".
 IF test evaluated as true.  Performing command
  
 CHARMM>     
  
 CHARMM>            calc cntrand = @cntrand + 1
 Parameter: CNTRAND -> "1"
Evaluating: 1+1
 Parameter: CNTRAND <- "2"
  
 CHARMM>            if cntrand .gt. 100 stop ! ABNORMAL TERMINATION: ion placing may not work.. stop here
 Comparing "2" and "100".
 IF test evaluated as false.  Skipping command
  
 CHARMM>     
  
 CHARMM>            calc j = @i
 Parameter: I -> "2"
Evaluating: 2
 Parameter: J <- "2"
  
 CHARMM>            set ion = POS
 Parameter: ION <- "POS"
  
 CHARMM>     
  
 CHARMM>            if j .gt. @npos then
 Parameter: NPOS -> "37"
 Comparing "2" and "37".
 IF test evaluated as false.  Skip to ELSE or ENDIF
  
 CHARMM>     
  
 CHARMM>            define target select segid @ion .and. resid @j end
 Parameter: ION -> "POS"
 Parameter: J -> "2"
 SELRPN>      1 atoms have been selected out of  22374
  
 CHARMM>     
  
 CHARMM>            calc xpos = @A * ( ?random - 0.5 )
 Parameter: A -> "73.4166194"
 RDCMND substituted energy or value "?RANDOM" to "0.537698009"
Evaluating: 73.4166194*(0.537698009-0.5)
 Parameter: XPOS <- "2.76766038"
  
 CHARMM>            calc ypos = @B * ( ?random - 0.5 )
 Parameter: B -> "73.4166194"
 RDCMND substituted energy or value "?RANDOM" to "2.384712394E-02"
Evaluating: 73.4166194*(2.384712394E-02-0.5)
 Parameter: YPOS <- "-34.9575345"
  
 CHARMM>            calc zpos = @C * ( ?random - 0.5 ) + @zcen
 Parameter: C -> "85"
 Parameter: ZCEN -> "0"
 RDCMND substituted energy or value "?RANDOM" to "0.209344109"
Evaluating: 85*(0.209344109-0.5)+0
 Parameter: ZPOS <- "-24.7057507"
  
 CHARMM>     
  
 CHARMM>            if zpos .gt. -15 if zpos .lt. 15 goto doinit
 Comparing "-24.7057507" and "-15".
 IF test evaluated as false.  Skipping command
  
 CHARMM>     
  
 CHARMM>            ! move target to selected position
  
 CHARMM>            coor stat select target end
 SELRPN>      1 atoms have been selected out of  22374
 STATISTICS FOR         1 SELECTED ATOMS:
    XMIN =    0.000000 XMAX =    0.000000 XAVE =    0.000000
    YMIN =    0.000000 YMAX =    0.000000 YAVE =    0.000000
    ZMIN =    0.000000 ZMAX =    0.000000 ZAVE =    0.000000
    WMIN =    1.000000 WMAX =    1.000000 WAVE =    1.000000
  
 CHARMM>            calc xtran = @xpos - ?xave
 Parameter: XPOS -> "2.76766038"
 RDCMND substituted energy or value "?XAVE" to "0"
Evaluating: 2.76766038-0
 Parameter: XTRAN <- "2.76766038"
  
 CHARMM>            calc ytran = @ypos - ?yave
 Parameter: YPOS -> "-34.9575345"
 RDCMND substituted energy or value "?YAVE" to "0"
Evaluating: -34.9575345-0
 Parameter: YTRAN <- "-34.9575345"
  
 CHARMM>            calc ztran = @zpos - ?zave
 Parameter: ZPOS -> "-24.7057507"
 RDCMND substituted energy or value "?ZAVE" to "0"
Evaluating: -24.7057507-0
 Parameter: ZTRAN <- "-24.7057507"
  
 CHARMM>            coor trans xdir @xtran ydir @ytran zdir @ztran select target end
 Parameter: XTRAN -> "2.76766038"
 Parameter: YTRAN -> "-34.9575345"
 Parameter: ZTRAN -> "-24.7057507"
 SELRPN>      1 atoms have been selected out of  22374
 TRANSLATION VECTOR     2.767660  -34.957535  -24.705751
 SELECTED COORDINATES TRANSLATED IN THE MAIN SET.

  
 CHARMM>     
  
 CHARMM>            ! apply a random rotation along XYZ
  
 CHARMM>            calc xphi = ?random * 360.0
 RDCMND substituted energy or value "?RANDOM" to "0.145134622"
Evaluating: 0.145134622*360.0
 Parameter: XPHI <- "52.2484639"
  
 CHARMM>            calc yphi = ?random * 360.0
 RDCMND substituted energy or value "?RANDOM" to "7.798678207E-02"
Evaluating: 7.798678207E-02*360.0
 Parameter: YPHI <- "28.0752415"
  
 CHARMM>            calc zphi = ?random * 360.0
 RDCMND substituted energy or value "?RANDOM" to "0.261753741"
Evaluating: 0.261753741*360.0
 Parameter: ZPHI <- "94.2313468"
  
 CHARMM>            coor rotate xcen @xpos ycen @ypos zcen @zpos xdir 1.0 -
 CHARMM>                phi @xphi select target end
 Parameter: XPOS -> "2.76766038"
 Parameter: YPOS -> "-34.9575345"
 Parameter: ZPOS -> "-24.7057507"
 Parameter: XPHI -> "52.2484639"
 SELRPN>      1 atoms have been selected out of  22374
 ROTATION MATRIX
    1.000000    0.000000    0.000000
    0.000000    0.612238    0.790673
    0.000000   -0.790673    0.612238

 AXIS OF ROTATION IS  1.000000  0.000000  0.000000  ANGLE IS   52.25

 SELECTED COORDINATES ROTATED IN THE MAIN SET.

  
 CHARMM>            coor rotate xcen @xpos ycen @ypos zcen @zpos ydir 1.0 -
 CHARMM>                phi @yphi select target end
 Parameter: XPOS -> "2.76766038"
 Parameter: YPOS -> "-34.9575345"
 Parameter: ZPOS -> "-24.7057507"
 Parameter: YPHI -> "28.0752415"
 SELRPN>      1 atoms have been selected out of  22374
 ROTATION MATRIX
    0.882330    0.000000   -0.470631
    0.000000    1.000000    0.000000
    0.470631    0.000000    0.882330

 AXIS OF ROTATION IS  0.000000  1.000000  0.000000  ANGLE IS   28.08

 SELECTED COORDINATES ROTATED IN THE MAIN SET.

  
 CHARMM>            coor rotate xcen @xpos ycen @ypos zcen @zpos zdir 1.0 -
 CHARMM>                phi @zphi select target end
 Parameter: XPOS -> "2.76766038"
 Parameter: YPOS -> "-34.9575345"
 Parameter: ZPOS -> "-24.7057507"
 Parameter: ZPHI -> "94.2313468"
 SELRPN>      1 atoms have been selected out of  22374
 ROTATION MATRIX
   -0.073784    0.997274    0.000000
   -0.997274   -0.073784    0.000000
    0.000000    0.000000    1.000000

 AXIS OF ROTATION IS  0.000000  0.000000  1.000000  ANGLE IS   94.23

 SELECTED COORDINATES ROTATED IN THE MAIN SET.

  
 CHARMM>     
  
 CHARMM>     
  
 CHARMM>            calc dcut = 3.5
Evaluating: 3.5
 Parameter: DCUT <- "3.5"
  
 CHARMM>     
  
 CHARMM>            coor stat sele target end
 SELRPN>      1 atoms have been selected out of  22374
 STATISTICS FOR         1 SELECTED ATOMS:
    XMIN =    2.767660 XMAX =    2.767660 XAVE =    2.767660
    YMIN =  -34.957535 YMAX =  -34.957535 YAVE =  -34.957535
    ZMIN =  -24.705751 ZMAX =  -24.705751 ZAVE =  -24.705751
    WMIN =    1.000000 WMAX =    1.000000 WAVE =    1.000000
  
 CHARMM>            calc xmax = ?xmax + @dcut
 Parameter: DCUT -> "3.5"
 RDCMND substituted energy or value "?XMAX" to "2.76766038"
Evaluating: 2.76766038+3.5
 Parameter: XMAX <- "6.26766038"
  
 CHARMM>            calc ymax = ?ymax + @dcut
 Parameter: DCUT -> "3.5"
 RDCMND substituted energy or value "?YMAX" to "-34.9575345"
Evaluating: -34.9575345+3.5
 Parameter: YMAX <- "-31.4575345"
  
 CHARMM>            calc zmax = ?zmax + @dcut
 Parameter: DCUT -> "3.5"
 RDCMND substituted energy or value "?ZMAX" to "-24.7057507"
Evaluating: -24.7057507+3.5
 Parameter: ZMAX <- "-21.2057507"
  
 CHARMM>            calc xmin = ?xmin - @dcut
 Parameter: DCUT -> "3.5"
 RDCMND substituted energy or value "?XMIN" to "2.76766038"
Evaluating: 2.76766038-3.5
 Parameter: XMIN <- "-0.73233962"
  
 CHARMM>            calc ymin = ?ymin - @dcut
 Parameter: DCUT -> "3.5"
 RDCMND substituted energy or value "?YMIN" to "-34.9575345"
Evaluating: -34.9575345-3.5
 Parameter: YMIN <- "-38.4575345"
  
 CHARMM>            calc zmin = ?zmin - @dcut
 Parameter: DCUT -> "3.5"
 RDCMND substituted energy or value "?ZMIN" to "-24.7057507"
Evaluating: -24.7057507-3.5
 Parameter: ZMIN <- "-28.2057507"
  
 CHARMM>     
  
 CHARMM>            define JUNK sele .not. target .and. -
 CHARMM>                             prop X .lt. @xmax .and. prop X .gt. @xmin .and. -
 CHARMM>                             prop Y .lt. @ymax .and. prop Y .gt. @ymin .and. -
 CHARMM>                             prop Z .lt. @zmax .and. prop Z .gt. @zmin  end
 Parameter: XMAX -> "6.26766038"
 Parameter: XMIN -> "-0.73233962"
 Parameter: YMAX -> "-31.4575345"
 Parameter: YMIN -> "-38.4575345"
 Parameter: ZMAX -> "-21.2057507"
 Parameter: ZMIN -> "-28.2057507"
 SELRPN>     14 atoms have been selected out of  22374
  
 CHARMM>     
  
 CHARMM>            ! check if the ions are too close to protein
  
 CHARMM>            define XXX sele PROT end
 SELRPN>      0 atoms have been selected out of  22374
  
 CHARMM>            if ?nsel .gt. 0 then
 RDCMND substituted energy or value "?NSEL" to "0"
 Comparing "0" and "0".
 IF test evaluated as false.  Skip to ELSE or ENDIF
  
 CHARMM>     
  
 CHARMM>            ! check if the ions are too close to solute
  
 CHARMM>            coor dist cut 4.0 sele target end sele JUNK .and. .not. hydrogen end image
 SELRPN>      1 atoms have been selected out of  34208
 SELRPN>      5 atoms have been selected out of  34208

            DISTANCES FOR SELECTED ATOMS
22322 POS      SOD      2        SOD     -**** MEMB     OSM      163      N             3.3853
22322 POS      SOD      2        SOD     -**** MEMB     OSM      163      C15           3.4109
22322 POS      SOD      2        SOD     -**** MEMB     OSM      163      C12           2.3675
22322 POS      SOD      2        SOD     -**** MEMB     OSM      163      C11           3.1190
 TOTAL EXCLUSION COUNT =         0
 TOTAL 1-4 EXCLUSIONS  =         0
 TOTAL NON-EXCLUSIONS  =         4
  
 CHARMM>            if ?npair .gt. 0 goto doinit
 RDCMND substituted energy or value "?NPAIR" to "4"
 Comparing "4" and "0".
 IF test evaluated as true.  Performing command
  
 CHARMM>     
  
 CHARMM>            calc cntrand = @cntrand + 1
 Parameter: CNTRAND -> "2"
Evaluating: 2+1
 Parameter: CNTRAND <- "3"
  
 CHARMM>            if cntrand .gt. 100 stop ! ABNORMAL TERMINATION: ion placing may not work.. stop here
 Comparing "3" and "100".
 IF test evaluated as false.  Skipping command
  
 CHARMM>     
  
 CHARMM>            calc j = @i
 Parameter: I -> "2"
Evaluating: 2
 Parameter: J <- "2"
  
 CHARMM>            set ion = POS
 Parameter: ION <- "POS"
  
 CHARMM>     
  
 CHARMM>            if j .gt. @npos then
 Parameter: NPOS -> "37"
 Comparing "2" and "37".
 IF test evaluated as false.  Skip to ELSE or ENDIF
  
 CHARMM>     
  
 CHARMM>            define target select segid @ion .and. resid @j end
 Parameter: ION -> "POS"
 Parameter: J -> "2"
 SELRPN>      1 atoms have been selected out of  22374
  
 CHARMM>     
  
 CHARMM>            calc xpos = @A * ( ?random - 0.5 )
 Parameter: A -> "73.4166194"
 RDCMND substituted energy or value "?RANDOM" to "0.634371863"
Evaluating: 73.4166194*(0.634371863-0.5)
 Parameter: XPOS <- "9.86512792"
  
 CHARMM>            calc ypos = @B * ( ?random - 0.5 )
 Parameter: B -> "73.4166194"
 RDCMND substituted energy or value "?RANDOM" to "0.508088438"
Evaluating: 73.4166194*(0.508088438-0.5)
 Parameter: YPOS <- "0.593825774"
  
 CHARMM>            calc zpos = @C * ( ?random - 0.5 ) + @zcen
 Parameter: C -> "85"
 Parameter: ZCEN -> "0"
 RDCMND substituted energy or value "?RANDOM" to "0.467304315"
Evaluating: 85*(0.467304315-0.5)+0
 Parameter: ZPOS <- "-2.77913323"
  
 CHARMM>     
  
 CHARMM>            if zpos .gt. -15 if zpos .lt. 15 goto doinit
 Comparing "-2.77913323" and "-15".
 IF test evaluated as true.  Performing command
 Comparing "-2.77913323" and "15".
 IF test evaluated as true.  Performing command
  
 CHARMM>     
  
 CHARMM>            calc cntrand = @cntrand + 1
 Parameter: CNTRAND -> "3"
Evaluating: 3+1
 Parameter: CNTRAND <- "4"
  
 CHARMM>            if cntrand .gt. 100 stop ! ABNORMAL TERMINATION: ion placing may not work.. stop here
 Comparing "4" and "100".
 IF test evaluated as false.  Skipping command
  
 CHARMM>     
  
 CHARMM>            calc j = @i
 Parameter: I -> "2"
Evaluating: 2
 Parameter: J <- "2"
  
 CHARMM>            set ion = POS
 Parameter: ION <- "POS"
  
 CHARMM>     
  
 CHARMM>            if j .gt. @npos then
 Parameter: NPOS -> "37"
 Comparing "2" and "37".
 IF test evaluated as false.  Skip to ELSE or ENDIF
  
 CHARMM>     
  
 CHARMM>            define target select segid @ion .and. resid @j end
 Parameter: ION -> "POS"
 Parameter: J -> "2"
 SELRPN>      1 atoms have been selected out of  22374
  
 CHARMM>     
  
 CHARMM>            calc xpos = @A * ( ?random - 0.5 )
 Parameter: A -> "73.4166194"
 RDCMND substituted energy or value "?RANDOM" to "0.37080161"
Evaluating: 73.4166194*(0.37080161-0.5)
 Parameter: XPOS <- "-9.48530903"
  
 CHARMM>            calc ypos = @B * ( ?random - 0.5 )
 Parameter: B -> "73.4166194"
 RDCMND substituted energy or value "?RANDOM" to "0.2015593"
Evaluating: 73.4166194*(0.2015593-0.5)
 Parameter: YPOS <- "-21.9105073"
  
 CHARMM>            calc zpos = @C * ( ?random - 0.5 ) + @zcen
 Parameter: C -> "85"
 Parameter: ZCEN -> "0"
 RDCMND substituted energy or value "?RANDOM" to "0.691610756"
Evaluating: 85*(0.691610756-0.5)+0
 Parameter: ZPOS <- "16.2869143"
  
 CHARMM>     
  
 CHARMM>            if zpos .gt. -15 if zpos .lt. 15 goto doinit
 Comparing "16.2869143" and "-15".
 IF test evaluated as true.  Performing command
 Comparing "16.2869143" and "15".
 IF test evaluated as false.  Skipping command
  
 CHARMM>     
  
 CHARMM>            ! move target to selected position
  
 CHARMM>            coor stat select target end
 SELRPN>      1 atoms have been selected out of  22374
 STATISTICS FOR         1 SELECTED ATOMS:
    XMIN =    2.767660 XMAX =    2.767660 XAVE =    2.767660
    YMIN =  -34.957535 YMAX =  -34.957535 YAVE =  -34.957535
    ZMIN =  -24.705751 ZMAX =  -24.705751 ZAVE =  -24.705751
    WMIN =    1.000000 WMAX =    1.000000 WAVE =    1.000000
  
 CHARMM>            calc xtran = @xpos - ?xave
 Parameter: XPOS -> "-9.48530903"
 RDCMND substituted energy or value "?XAVE" to "2.76766038"
Evaluating: -9.48530903-2.76766038
 Parameter: XTRAN <- "-12.2529694"
  
 CHARMM>            calc ytran = @ypos - ?yave
 Parameter: YPOS -> "-21.9105073"
 RDCMND substituted energy or value "?YAVE" to "-34.9575345"
Evaluating: -21.9105073--34.9575345
 Parameter: YTRAN <- "13.0470272"
  
 CHARMM>            calc ztran = @zpos - ?zave
 Parameter: ZPOS -> "16.2869143"
 RDCMND substituted energy or value "?ZAVE" to "-24.7057507"
Evaluating: 16.2869143--24.7057507
 Parameter: ZTRAN <- "40.992665"
  
 CHARMM>            coor trans xdir @xtran ydir @ytran zdir @ztran select target end
 Parameter: XTRAN -> "-12.2529694"
 Parameter: YTRAN -> "13.0470272"
 Parameter: ZTRAN -> "40.992665"
 SELRPN>      1 atoms have been selected out of  22374
 TRANSLATION VECTOR   -12.252969   13.047027   40.992665
 SELECTED COORDINATES TRANSLATED IN THE MAIN SET.

  
 CHARMM>     
  
 CHARMM>            ! apply a random rotation along XYZ
  
 CHARMM>            calc xphi = ?random * 360.0
 RDCMND substituted energy or value "?RANDOM" to "0.670387266"
Evaluating: 0.670387266*360.0
 Parameter: XPHI <- "241.339416"
  
 CHARMM>            calc yphi = ?random * 360.0
 RDCMND substituted energy or value "?RANDOM" to "0.309450945"
Evaluating: 0.309450945*360.0
 Parameter: YPHI <- "111.40234"
  
 CHARMM>            calc zphi = ?random * 360.0
 RDCMND substituted energy or value "?RANDOM" to "0.956132561"
Evaluating: 0.956132561*360.0
 Parameter: ZPHI <- "344.207722"
  
 CHARMM>            coor rotate xcen @xpos ycen @ypos zcen @zpos xdir 1.0 -
 CHARMM>                phi @xphi select target end
 Parameter: XPOS -> "-9.48530903"
 Parameter: YPOS -> "-21.9105073"
 Parameter: ZPOS -> "16.2869143"
 Parameter: XPHI -> "241.339416"
 SELRPN>      1 atoms have been selected out of  22374
 ROTATION MATRIX
    1.000000    0.000000    0.000000
    0.000000   -0.479620   -0.877476
    0.000000    0.877476   -0.479620

 AXIS OF ROTATION IS -1.000000  0.000000  0.000000  ANGLE IS  118.66

 SELECTED COORDINATES ROTATED IN THE MAIN SET.

  
 CHARMM>            coor rotate xcen @xpos ycen @ypos zcen @zpos ydir 1.0 -
 CHARMM>                phi @yphi select target end
 Parameter: XPOS -> "-9.48530903"
 Parameter: YPOS -> "-21.9105073"
 Parameter: ZPOS -> "16.2869143"
 Parameter: YPHI -> "111.40234"
 SELRPN>      1 atoms have been selected out of  22374
 ROTATION MATRIX
   -0.364915    0.000000   -0.931041
    0.000000    1.000000    0.000000
    0.931041    0.000000   -0.364915

 AXIS OF ROTATION IS  0.000000  1.000000  0.000000  ANGLE IS  111.40

 SELECTED COORDINATES ROTATED IN THE MAIN SET.

  
 CHARMM>            coor rotate xcen @xpos ycen @ypos zcen @zpos zdir 1.0 -
 CHARMM>                phi @zphi select target end
 Parameter: XPOS -> "-9.48530903"
 Parameter: YPOS -> "-21.9105073"
 Parameter: ZPOS -> "16.2869143"
 Parameter: ZPHI -> "344.207722"
 SELRPN>      1 atoms have been selected out of  22374
 ROTATION MATRIX
    0.962255   -0.272151    0.000000
    0.272151    0.962255    0.000000
    0.000000    0.000000    1.000000

 AXIS OF ROTATION IS  0.000000  0.000000 -1.000000  ANGLE IS   15.79

 SELECTED COORDINATES ROTATED IN THE MAIN SET.

  
 CHARMM>     
  
 CHARMM>     
  
 CHARMM>            calc dcut = 3.5
Evaluating: 3.5
 Parameter: DCUT <- "3.5"
  
 CHARMM>     
  
 CHARMM>            coor stat sele target end
 SELRPN>      1 atoms have been selected out of  22374
 STATISTICS FOR         1 SELECTED ATOMS:
    XMIN =   -9.485309 XMAX =   -9.485309 XAVE =   -9.485309
    YMIN =  -21.910507 YMAX =  -21.910507 YAVE =  -21.910507
    ZMIN =   16.286914 ZMAX =   16.286914 ZAVE =   16.286914
    WMIN =    1.000000 WMAX =    1.000000 WAVE =    1.000000
  
 CHARMM>            calc xmax = ?xmax + @dcut
 Parameter: DCUT -> "3.5"
 RDCMND substituted energy or value "?XMAX" to "-9.48530903"
Evaluating: -9.48530903+3.5
 Parameter: XMAX <- "-5.98530903"
  
 CHARMM>            calc ymax = ?ymax + @dcut
 Parameter: DCUT -> "3.5"
 RDCMND substituted energy or value "?YMAX" to "-21.9105073"
Evaluating: -21.9105073+3.5
 Parameter: YMAX <- "-18.4105073"
  
 CHARMM>            calc zmax = ?zmax + @dcut
 Parameter: DCUT -> "3.5"
 RDCMND substituted energy or value "?ZMAX" to "16.2869143"
Evaluating: 16.2869143+3.5
 Parameter: ZMAX <- "19.7869143"
  
 CHARMM>            calc xmin = ?xmin - @dcut
 Parameter: DCUT -> "3.5"
 RDCMND substituted energy or value "?XMIN" to "-9.48530903"
Evaluating: -9.48530903-3.5
 Parameter: XMIN <- "-12.985309"
  
 CHARMM>            calc ymin = ?ymin - @dcut
 Parameter: DCUT -> "3.5"
 RDCMND substituted energy or value "?YMIN" to "-21.9105073"
Evaluating: -21.9105073-3.5
 Parameter: YMIN <- "-25.4105073"
  
 CHARMM>            calc zmin = ?zmin - @dcut
 Parameter: DCUT -> "3.5"
 RDCMND substituted energy or value "?ZMIN" to "16.2869143"
Evaluating: 16.2869143-3.5
 Parameter: ZMIN <- "12.7869143"
  
 CHARMM>     
  
 CHARMM>            define JUNK sele .not. target .and. -
 CHARMM>                             prop X .lt. @xmax .and. prop X .gt. @xmin .and. -
 CHARMM>                             prop Y .lt. @ymax .and. prop Y .gt. @ymin .and. -
 CHARMM>                             prop Z .lt. @zmax .and. prop Z .gt. @zmin  end
 Parameter: XMAX -> "-5.98530903"
 Parameter: XMIN -> "-12.985309"
 Parameter: YMAX -> "-18.4105073"
 Parameter: YMIN -> "-25.4105073"
 Parameter: ZMAX -> "19.7869143"
 Parameter: ZMIN -> "12.7869143"
 SELRPN>     16 atoms have been selected out of  22374
  
 CHARMM>     
  
 CHARMM>            ! check if the ions are too close to protein
  
 CHARMM>            define XXX sele PROT end
 SELRPN>      0 atoms have been selected out of  22374
  
 CHARMM>            if ?nsel .gt. 0 then
 RDCMND substituted energy or value "?NSEL" to "0"
 Comparing "0" and "0".
 IF test evaluated as false.  Skip to ELSE or ENDIF
  
 CHARMM>     
  
 CHARMM>            ! check if the ions are too close to solute
  
 CHARMM>            coor dist cut 4.0 sele target end sele JUNK .and. .not. hydrogen end image
 SELRPN>      1 atoms have been selected out of  34208
 SELRPN>      5 atoms have been selected out of  34208

            DISTANCES FOR SELECTED ATOMS
22322 POS      SOD      2        SOD     -2355 MEMB     CHL1     23       C6            3.6125
22322 POS      SOD      2        SOD     -4031 MEMB     POPC     37       N             3.9189
22322 POS      SOD      2        SOD     -4035 MEMB     POPC     37       C13           3.1606
22322 POS      SOD      2        SOD     -4043 MEMB     POPC     37       C15           3.4558
 TOTAL EXCLUSION COUNT =         0
 TOTAL 1-4 EXCLUSIONS  =         0
 TOTAL NON-EXCLUSIONS  =         4
  
 CHARMM>            if ?npair .gt. 0 goto doinit
 RDCMND substituted energy or value "?NPAIR" to "4"
 Comparing "4" and "0".
 IF test evaluated as true.  Performing command
  
 CHARMM>     
  
 CHARMM>            calc cntrand = @cntrand + 1
 Parameter: CNTRAND -> "4"
Evaluating: 4+1
 Parameter: CNTRAND <- "5"
  
 CHARMM>            if cntrand .gt. 100 stop ! ABNORMAL TERMINATION: ion placing may not work.. stop here
 Comparing "5" and "100".
 IF test evaluated as false.  Skipping command
  
 CHARMM>     
  
 CHARMM>            calc j = @i
 Parameter: I -> "2"
Evaluating: 2
 Parameter: J <- "2"
  
 CHARMM>            set ion = POS
 Parameter: ION <- "POS"
  
 CHARMM>     
  
 CHARMM>            if j .gt. @npos then
 Parameter: NPOS -> "37"
 Comparing "2" and "37".
 IF test evaluated as false.  Skip to ELSE or ENDIF
  
 CHARMM>     
  
 CHARMM>            define target select segid @ion .and. resid @j end
 Parameter: ION -> "POS"
 Parameter: J -> "2"
 SELRPN>      1 atoms have been selected out of  22374
  
 CHARMM>     
  
 CHARMM>            calc xpos = @A * ( ?random - 0.5 )
 Parameter: A -> "73.4166194"
 RDCMND substituted energy or value "?RANDOM" to "0.252020364"
Evaluating: 73.4166194*(0.252020364-0.5)
 Parameter: XPOS <- "-18.2058266"
  
 CHARMM>            calc ypos = @B * ( ?random - 0.5 )
 Parameter: B -> "73.4166194"
 RDCMND substituted energy or value "?RANDOM" to "0.649274863"
Evaluating: 73.4166194*(0.649274863-0.5)
 Parameter: YPOS <- "10.9592558"
  
 CHARMM>            calc zpos = @C * ( ?random - 0.5 ) + @zcen
 Parameter: C -> "85"
 Parameter: ZCEN -> "0"
 RDCMND substituted energy or value "?RANDOM" to "0.991238167"
Evaluating: 85*(0.991238167-0.5)+0
 Parameter: ZPOS <- "41.7552442"
  
 CHARMM>     
  
 CHARMM>            if zpos .gt. -15 if zpos .lt. 15 goto doinit
 Comparing "41.7552442" and "-15".
 IF test evaluated as true.  Performing command
 Comparing "41.7552442" and "15".
 IF test evaluated as false.  Skipping command
  
 CHARMM>     
  
 CHARMM>            ! move target to selected position
  
 CHARMM>            coor stat select target end
 SELRPN>      1 atoms have been selected out of  22374
 STATISTICS FOR         1 SELECTED ATOMS:
    XMIN =   -9.485309 XMAX =   -9.485309 XAVE =   -9.485309
    YMIN =  -21.910507 YMAX =  -21.910507 YAVE =  -21.910507
    ZMIN =   16.286914 ZMAX =   16.286914 ZAVE =   16.286914
    WMIN =    1.000000 WMAX =    1.000000 WAVE =    1.000000
  
 CHARMM>            calc xtran = @xpos - ?xave
 Parameter: XPOS -> "-18.2058266"
 RDCMND substituted energy or value "?XAVE" to "-9.48530903"
Evaluating: -18.2058266--9.48530903
 Parameter: XTRAN <- "-8.72051757"
  
 CHARMM>            calc ytran = @ypos - ?yave
 Parameter: YPOS -> "10.9592558"
 RDCMND substituted energy or value "?YAVE" to "-21.9105073"
Evaluating: 10.9592558--21.9105073
 Parameter: YTRAN <- "32.8697631"
  
 CHARMM>            calc ztran = @zpos - ?zave
 Parameter: ZPOS -> "41.7552442"
 RDCMND substituted energy or value "?ZAVE" to "16.2869143"
Evaluating: 41.7552442-16.2869143
 Parameter: ZTRAN <- "25.4683299"
  
 CHARMM>            coor trans xdir @xtran ydir @ytran zdir @ztran select target end
 Parameter: XTRAN -> "-8.72051757"
 Parameter: YTRAN -> "32.8697631"
 Parameter: ZTRAN -> "25.4683299"
 SELRPN>      1 atoms have been selected out of  22374
 TRANSLATION VECTOR    -8.720518   32.869763   25.468330
 SELECTED COORDINATES TRANSLATED IN THE MAIN SET.

  
 CHARMM>     
  
 CHARMM>            ! apply a random rotation along XYZ
  
 CHARMM>            calc xphi = ?random * 360.0
 RDCMND substituted energy or value "?RANDOM" to "0.529260739"
Evaluating: 0.529260739*360.0
 Parameter: XPHI <- "190.533866"
  
 CHARMM>            calc yphi = ?random * 360.0
 RDCMND substituted energy or value "?RANDOM" to "1.445215221E-02"
Evaluating: 1.445215221E-02*360.0
 Parameter: YPHI <- "5.2027748"
  
 CHARMM>            calc zphi = ?random * 360.0
 RDCMND substituted energy or value "?RANDOM" to "0.902511216"
Evaluating: 0.902511216*360.0
 Parameter: ZPHI <- "324.904038"
  
 CHARMM>            coor rotate xcen @xpos ycen @ypos zcen @zpos xdir 1.0 -
 CHARMM>                phi @xphi select target end
 Parameter: XPOS -> "-18.2058266"
 Parameter: YPOS -> "10.9592558"
 Parameter: ZPOS -> "41.7552442"
 Parameter: XPHI -> "190.533866"
 SELRPN>      1 atoms have been selected out of  22374
 ROTATION MATRIX
    1.000000    0.000000    0.000000
    0.000000   -0.983147   -0.182817
    0.000000    0.182817   -0.983147

 AXIS OF ROTATION IS -1.000000  0.000000  0.000000  ANGLE IS  169.47

 SELECTED COORDINATES ROTATED IN THE MAIN SET.

  
 CHARMM>            coor rotate xcen @xpos ycen @ypos zcen @zpos ydir 1.0 -
 CHARMM>                phi @yphi select target end
 Parameter: XPOS -> "-18.2058266"
 Parameter: YPOS -> "10.9592558"
 Parameter: ZPOS -> "41.7552442"
 Parameter: YPHI -> "5.2027748"
 SELRPN>      1 atoms have been selected out of  22374
 ROTATION MATRIX
    0.995880    0.000000   -0.090681
    0.000000    1.000000    0.000000
    0.090681    0.000000    0.995880

 AXIS OF ROTATION IS  0.000000  1.000000  0.000000  ANGLE IS    5.20

 SELECTED COORDINATES ROTATED IN THE MAIN SET.

  
 CHARMM>            coor rotate xcen @xpos ycen @ypos zcen @zpos zdir 1.0 -
 CHARMM>                phi @zphi select target end
 Parameter: XPOS -> "-18.2058266"
 Parameter: YPOS -> "10.9592558"
 Parameter: ZPOS -> "41.7552442"
 Parameter: ZPHI -> "324.904038"
 SELRPN>      1 atoms have been selected out of  22374
 ROTATION MATRIX
    0.818190   -0.574948    0.000000
    0.574948    0.818190    0.000000
    0.000000    0.000000    1.000000

 AXIS OF ROTATION IS  0.000000  0.000000 -1.000000  ANGLE IS   35.10

 SELECTED COORDINATES ROTATED IN THE MAIN SET.

  
 CHARMM>     
  
 CHARMM>     
  
 CHARMM>            calc dcut = 3.5
Evaluating: 3.5
 Parameter: DCUT <- "3.5"
  
 CHARMM>     
  
 CHARMM>            coor stat sele target end
 SELRPN>      1 atoms have been selected out of  22374
 STATISTICS FOR         1 SELECTED ATOMS:
    XMIN =  -18.205827 XMAX =  -18.205827 XAVE =  -18.205827
    YMIN =   10.959256 YMAX =   10.959256 YAVE =   10.959256
    ZMIN =   41.755244 ZMAX =   41.755244 ZAVE =   41.755244
    WMIN =    1.000000 WMAX =    1.000000 WAVE =    1.000000
  
 CHARMM>            calc xmax = ?xmax + @dcut
 Parameter: DCUT -> "3.5"
 RDCMND substituted energy or value "?XMAX" to "-18.2058266"
Evaluating: -18.2058266+3.5
 Parameter: XMAX <- "-14.7058266"
  
 CHARMM>            calc ymax = ?ymax + @dcut
 Parameter: DCUT -> "3.5"
 RDCMND substituted energy or value "?YMAX" to "10.9592558"
Evaluating: 10.9592558+3.5
 Parameter: YMAX <- "14.4592558"
  
 CHARMM>            calc zmax = ?zmax + @dcut
 Parameter: DCUT -> "3.5"
 RDCMND substituted energy or value "?ZMAX" to "41.7552442"
Evaluating: 41.7552442+3.5
 Parameter: ZMAX <- "45.2552442"
  
 CHARMM>            calc xmin = ?xmin - @dcut
 Parameter: DCUT -> "3.5"
 RDCMND substituted energy or value "?XMIN" to "-18.2058266"
Evaluating: -18.2058266-3.5
 Parameter: XMIN <- "-21.7058266"
  
 CHARMM>            calc ymin = ?ymin - @dcut
 Parameter: DCUT -> "3.5"
 RDCMND substituted energy or value "?YMIN" to "10.9592558"
Evaluating: 10.9592558-3.5
 Parameter: YMIN <- "7.4592558"
  
 CHARMM>            calc zmin = ?zmin - @dcut
 Parameter: DCUT -> "3.5"
 RDCMND substituted energy or value "?ZMIN" to "41.7552442"
Evaluating: 41.7552442-3.5
 Parameter: ZMIN <- "38.2552442"
  
 CHARMM>     
  
 CHARMM>            define JUNK sele .not. target .and. -
 CHARMM>                             prop X .lt. @xmax .and. prop X .gt. @xmin .and. -
 CHARMM>                             prop Y .lt. @ymax .and. prop Y .gt. @ymin .and. -
 CHARMM>                             prop Z .lt. @zmax .and. prop Z .gt. @zmin  end
 Parameter: XMAX -> "-14.7058266"
 Parameter: XMIN -> "-21.7058266"
 Parameter: YMAX -> "14.4592558"
 Parameter: YMIN -> "7.4592558"
 Parameter: ZMAX -> "45.2552442"
 Parameter: ZMIN -> "38.2552442"
 SELRPN>      0 atoms have been selected out of  22374
  
 CHARMM>     
  
 CHARMM>            ! check if the ions are too close to protein
  
 CHARMM>            define XXX sele PROT end
 SELRPN>      0 atoms have been selected out of  22374
  
 CHARMM>            if ?nsel .gt. 0 then
 RDCMND substituted energy or value "?NSEL" to "0"
 Comparing "0" and "0".
 IF test evaluated as false.  Skip to ELSE or ENDIF
  
 CHARMM>     
  
 CHARMM>            ! check if the ions are too close to solute
  
 CHARMM>            coor dist cut 4.0 sele target end sele JUNK .and. .not. hydrogen end image
 SELRPN>      1 atoms have been selected out of  34208
 SELRPN>      0 atoms have been selected out of  34208

            DISTANCES FOR SELECTED ATOMS
            ONLY ONE SELECTION SET SPECIFIED, A COMPARISON WILL BE DONE
 TOTAL EXCLUSION COUNT =         0
 TOTAL 1-4 EXCLUSIONS  =         0
 TOTAL NON-EXCLUSIONS  =         0
  
 CHARMM>            if ?npair .gt. 0 goto doinit
 RDCMND substituted energy or value "?NPAIR" to "0"
 Comparing "0" and "0".
 IF test evaluated as false.  Skipping command
  
 CHARMM>     
  
 CHARMM>            calc cntrand = 0
Evaluating: 0
 Parameter: CNTRAND <- "0"
  
 CHARMM>            increase i by 1
 Parameter: I <- "3"
  
 CHARMM>            if i .le. @nion goto doinit
 Parameter: NION -> "54"
 Comparing "3" and "54".
 IF test evaluated as true.  Performing command
  
 CHARMM>     
  
 CHARMM>            calc cntrand = @cntrand + 1
 Parameter: CNTRAND -> "0"
Evaluating: 0+1
 Parameter: CNTRAND <- "1"
  
 CHARMM>            if cntrand .gt. 100 stop ! ABNORMAL TERMINATION: ion placing may not work.. stop here
 Comparing "1" and "100".
 IF test evaluated as false.  Skipping command
  
 CHARMM>     
  
 CHARMM>            calc j = @i
 Parameter: I -> "3"
Evaluating: 3
 Parameter: J <- "3"
  
 CHARMM>            set ion = POS
 Parameter: ION <- "POS"
  
 CHARMM>     
  
 CHARMM>            if j .gt. @npos then
 Parameter: NPOS -> "37"
 Comparing "3" and "37".
 IF test evaluated as false.  Skip to ELSE or ENDIF
  
 CHARMM>     
  
 CHARMM>            define target select segid @ion .and. resid @j end
 Parameter: ION -> "POS"
 Parameter: J -> "3"
 SELRPN>      1 atoms have been selected out of  22374
  
 CHARMM>     
  
 CHARMM>            calc xpos = @A * ( ?random - 0.5 )
 Parameter: A -> "73.4166194"
 RDCMND substituted energy or value "?RANDOM" to "0.32513104"
Evaluating: 73.4166194*(0.32513104-0.5)
 Parameter: XPOS <- "-12.8382879"
  
 CHARMM>            calc ypos = @B * ( ?random - 0.5 )
 Parameter: B -> "73.4166194"
 RDCMND substituted energy or value "?RANDOM" to "0.501602724"
Evaluating: 73.4166194*(0.501602724-0.5)
 Parameter: YPOS <- "0.117666578"
  
 CHARMM>            calc zpos = @C * ( ?random - 0.5 ) + @zcen
 Parameter: C -> "85"
 Parameter: ZCEN -> "0"
 RDCMND substituted energy or value "?RANDOM" to "0.329310782"
Evaluating: 85*(0.329310782-0.5)+0
 Parameter: ZPOS <- "-14.5085835"
  
 CHARMM>     
  
 CHARMM>            if zpos .gt. -15 if zpos .lt. 15 goto doinit
 Comparing "-14.5085835" and "-15".
 IF test evaluated as true.  Performing command
 Comparing "-14.5085835" and "15".
 IF test evaluated as true.  Performing command
  
 CHARMM>     
  
 CHARMM>            calc cntrand = @cntrand + 1
 Parameter: CNTRAND -> "1"
Evaluating: 1+1
 Parameter: CNTRAND <- "2"
  
 CHARMM>            if cntrand .gt. 100 stop ! ABNORMAL TERMINATION: ion placing may not work.. stop here
 Comparing "2" and "100".
 IF test evaluated as false.  Skipping command
  
 CHARMM>     
  
 CHARMM>            calc j = @i
 Parameter: I -> "3"
Evaluating: 3
 Parameter: J <- "3"
  
 CHARMM>            set ion = POS
 Parameter: ION <- "POS"
  
 CHARMM>     
  
 CHARMM>            if j .gt. @npos then
 Parameter: NPOS -> "37"
 Comparing "3" and "37".
 IF test evaluated as false.  Skip to ELSE or ENDIF
  
 CHARMM>     
  
 CHARMM>            define target select segid @ion .and. resid @j end
 Parameter: ION -> "POS"
 Parameter: J -> "3"
 SELRPN>      1 atoms have been selected out of  22374
  
 CHARMM>     
  
 CHARMM>            calc xpos = @A * ( ?random - 0.5 )
 Parameter: A -> "73.4166194"
 RDCMND substituted energy or value "?RANDOM" to "0.65209718"
Evaluating: 73.4166194*(0.65209718-0.5)
 Parameter: XPOS <- "11.1664608"
  
 CHARMM>            calc ypos = @B * ( ?random - 0.5 )
 Parameter: B -> "73.4166194"
 RDCMND substituted energy or value "?RANDOM" to "0.617830873"
Evaluating: 73.4166194*(0.617830873-0.5)
 Parameter: YPOS <- "8.65074436"
  
 CHARMM>            calc zpos = @C * ( ?random - 0.5 ) + @zcen
 Parameter: C -> "85"
 Parameter: ZCEN -> "0"
 RDCMND substituted energy or value "?RANDOM" to "0.692257088"
Evaluating: 85*(0.692257088-0.5)+0
 Parameter: ZPOS <- "16.3418525"
  
 CHARMM>     
  
 CHARMM>            if zpos .gt. -15 if zpos .lt. 15 goto doinit
 Comparing "16.3418525" and "-15".
 IF test evaluated as true.  Performing command
 Comparing "16.3418525" and "15".
 IF test evaluated as false.  Skipping command
  
 CHARMM>     
  
 CHARMM>            ! move target to selected position
  
 CHARMM>            coor stat select target end
 SELRPN>      1 atoms have been selected out of  22374
 STATISTICS FOR         1 SELECTED ATOMS:
    XMIN =    0.000000 XMAX =    0.000000 XAVE =    0.000000
    YMIN =    0.000000 YMAX =    0.000000 YAVE =    0.000000
    ZMIN =    0.000000 ZMAX =    0.000000 ZAVE =    0.000000
    WMIN =    1.000000 WMAX =    1.000000 WAVE =    1.000000
  
 CHARMM>            calc xtran = @xpos - ?xave
 Parameter: XPOS -> "11.1664608"
 RDCMND substituted energy or value "?XAVE" to "0"
Evaluating: 11.1664608-0
 Parameter: XTRAN <- "11.1664608"
  
 CHARMM>            calc ytran = @ypos - ?yave
 Parameter: YPOS -> "8.65074436"
 RDCMND substituted energy or value "?YAVE" to "0"
Evaluating: 8.65074436-0
 Parameter: YTRAN <- "8.65074436"
  
 CHARMM>            calc ztran = @zpos - ?zave
 Parameter: ZPOS -> "16.3418525"
 RDCMND substituted energy or value "?ZAVE" to "0"
Evaluating: 16.3418525-0
 Parameter: ZTRAN <- "16.3418525"
  
 CHARMM>            coor trans xdir @xtran ydir @ytran zdir @ztran select target end
 Parameter: XTRAN -> "11.1664608"
 Parameter: YTRAN -> "8.65074436"
 Parameter: ZTRAN -> "16.3418525"
 SELRPN>      1 atoms have been selected out of  22374
 TRANSLATION VECTOR    11.166461    8.650744   16.341853
 SELECTED COORDINATES TRANSLATED IN THE MAIN SET.

  
 CHARMM>     
  
 CHARMM>            ! apply a random rotation along XYZ
  
 CHARMM>            calc xphi = ?random * 360.0
 RDCMND substituted energy or value "?RANDOM" to "0.655836979"
Evaluating: 0.655836979*360.0
 Parameter: XPHI <- "236.101312"
  
 CHARMM>            calc yphi = ?random * 360.0
 RDCMND substituted energy or value "?RANDOM" to "0.218718977"
Evaluating: 0.218718977*360.0
 Parameter: YPHI <- "78.7388317"
  
 CHARMM>            calc zphi = ?random * 360.0
 RDCMND substituted energy or value "?RANDOM" to "0.381423126"
Evaluating: 0.381423126*360.0
 Parameter: ZPHI <- "137.312325"
  
 CHARMM>            coor rotate xcen @xpos ycen @ypos zcen @zpos xdir 1.0 -
 CHARMM>                phi @xphi select target end
 Parameter: XPOS -> "11.1664608"
 Parameter: YPOS -> "8.65074436"
 Parameter: ZPOS -> "16.3418525"
 Parameter: XPHI -> "236.101312"
 SELRPN>      1 atoms have been selected out of  22374
 ROTATION MATRIX
    1.000000    0.000000    0.000000
    0.000000   -0.557726   -0.830025
    0.000000    0.830025   -0.557726

 AXIS OF ROTATION IS -1.000000  0.000000  0.000000  ANGLE IS  123.90

 SELECTED COORDINATES ROTATED IN THE MAIN SET.

  
 CHARMM>            coor rotate xcen @xpos ycen @ypos zcen @zpos ydir 1.0 -
 CHARMM>                phi @yphi select target end
 Parameter: XPOS -> "11.1664608"
 Parameter: YPOS -> "8.65074436"
 Parameter: ZPOS -> "16.3418525"
 Parameter: YPHI -> "78.7388317"
 SELRPN>      1 atoms have been selected out of  22374
 ROTATION MATRIX
    0.195281    0.000000   -0.980747
    0.000000    1.000000    0.000000
    0.980747    0.000000    0.195281

 AXIS OF ROTATION IS  0.000000  1.000000  0.000000  ANGLE IS   78.74

 SELECTED COORDINATES ROTATED IN THE MAIN SET.

  
 CHARMM>            coor rotate xcen @xpos ycen @ypos zcen @zpos zdir 1.0 -
 CHARMM>                phi @zphi select target end
 Parameter: XPOS -> "11.1664608"
 Parameter: YPOS -> "8.65074436"
 Parameter: ZPOS -> "16.3418525"
 Parameter: ZPHI -> "137.312325"
 SELRPN>      1 atoms have been selected out of  22374
 ROTATION MATRIX
   -0.735060    0.678002    0.000000
   -0.678002   -0.735060    0.000000
    0.000000    0.000000    1.000000

 AXIS OF ROTATION IS  0.000000  0.000000  1.000000  ANGLE IS  137.31

 SELECTED COORDINATES ROTATED IN THE MAIN SET.

  
 CHARMM>     
  
 CHARMM>     
  
 CHARMM>            calc dcut = 3.5
Evaluating: 3.5
 Parameter: DCUT <- "3.5"
  
 CHARMM>     
  
 CHARMM>            coor stat sele target end
 SELRPN>      1 atoms have been selected out of  22374
 STATISTICS FOR         1 SELECTED ATOMS:
    XMIN =   11.166461 XMAX =   11.166461 XAVE =   11.166461
    YMIN =    8.650744 YMAX =    8.650744 YAVE =    8.650744
    ZMIN =   16.341853 ZMAX =   16.341853 ZAVE =   16.341853
    WMIN =    1.000000 WMAX =    1.000000 WAVE =    1.000000
  
 CHARMM>            calc xmax = ?xmax + @dcut
 Parameter: DCUT -> "3.5"
 RDCMND substituted energy or value "?XMAX" to "11.1664608"
Evaluating: 11.1664608+3.5
 Parameter: XMAX <- "14.6664608"
  
 CHARMM>            calc ymax = ?ymax + @dcut
 Parameter: DCUT -> "3.5"
 RDCMND substituted energy or value "?YMAX" to "8.65074436"
Evaluating: 8.65074436+3.5
 Parameter: YMAX <- "12.1507444"
  
 CHARMM>            calc zmax = ?zmax + @dcut
 Parameter: DCUT -> "3.5"
 RDCMND substituted energy or value "?ZMAX" to "16.3418525"
Evaluating: 16.3418525+3.5
 Parameter: ZMAX <- "19.8418525"
  
 CHARMM>            calc xmin = ?xmin - @dcut
 Parameter: DCUT -> "3.5"
 RDCMND substituted energy or value "?XMIN" to "11.1664608"
Evaluating: 11.1664608-3.5
 Parameter: XMIN <- "7.6664608"
  
 CHARMM>            calc ymin = ?ymin - @dcut
 Parameter: DCUT -> "3.5"
 RDCMND substituted energy or value "?YMIN" to "8.65074436"
Evaluating: 8.65074436-3.5
 Parameter: YMIN <- "5.15074436"
  
 CHARMM>            calc zmin = ?zmin - @dcut
 Parameter: DCUT -> "3.5"
 RDCMND substituted energy or value "?ZMIN" to "16.3418525"
Evaluating: 16.3418525-3.5
 Parameter: ZMIN <- "12.8418525"
  
 CHARMM>     
  
 CHARMM>            define JUNK sele .not. target .and. -
 CHARMM>                             prop X .lt. @xmax .and. prop X .gt. @xmin .and. -
 CHARMM>                             prop Y .lt. @ymax .and. prop Y .gt. @ymin .and. -
 CHARMM>                             prop Z .lt. @zmax .and. prop Z .gt. @zmin  end
 Parameter: XMAX -> "14.6664608"
 Parameter: XMIN -> "7.6664608"
 Parameter: YMAX -> "12.1507444"
 Parameter: YMIN -> "5.15074436"
 Parameter: ZMAX -> "19.8418525"
 Parameter: ZMIN -> "12.8418525"
 SELRPN>     25 atoms have been selected out of  22374
  
 CHARMM>     
  
 CHARMM>            ! check if the ions are too close to protein
  
 CHARMM>            define XXX sele PROT end
 SELRPN>      0 atoms have been selected out of  22374
  
 CHARMM>            if ?nsel .gt. 0 then
 RDCMND substituted energy or value "?NSEL" to "0"
 Comparing "0" and "0".
 IF test evaluated as false.  Skip to ELSE or ENDIF
  
 CHARMM>     
  
 CHARMM>            ! check if the ions are too close to solute
  
 CHARMM>            coor dist cut 4.0 sele target end sele JUNK .and. .not. hydrogen end image
 SELRPN>      1 atoms have been selected out of  34208
 SELRPN>     16 atoms have been selected out of  34208

            DISTANCES FOR SELECTED ATOMS
22323 POS      SOD      3        SOD     - 387 MEMB     SLPC     5        C1            3.5757
22323 POS      SOD      3        SOD     - 390 MEMB     SLPC     5        C2            2.4397
22323 POS      SOD      3        SOD     - 392 MEMB     SLPC     5        O21           3.3137
22323 POS      SOD      3        SOD     - 393 MEMB     SLPC     5        C21           3.9454
22323 POS      SOD      3        SOD     - 394 MEMB     SLPC     5        O22           3.9632
22323 POS      SOD      3        SOD     - 398 MEMB     SLPC     5        C3            2.3014
22323 POS      SOD      3        SOD     - 401 MEMB     SLPC     5        O31           3.7356
22323 POS      SOD      3        SOD     -1468 MEMB     SAPS     15       C11           3.9657
22323 POS      SOD      3        SOD     -1475 MEMB     SAPS     15       O11           3.2746
22323 POS      SOD      3        SOD     -1481 MEMB     SAPS     15       O21           3.4525
22323 POS      SOD      3        SOD     -1482 MEMB     SAPS     15       C21           2.4082
22323 POS      SOD      3        SOD     -1483 MEMB     SAPS     15       O22           1.2374
22323 POS      SOD      3        SOD     -1484 MEMB     SAPS     15       C22           3.4546
22323 POS      SOD      3        SOD     -1496 MEMB     SAPS     15       C23           3.5207
 TOTAL EXCLUSION COUNT =         0
 TOTAL 1-4 EXCLUSIONS  =         0
 TOTAL NON-EXCLUSIONS  =        14
  
 CHARMM>            if ?npair .gt. 0 goto doinit
 RDCMND substituted energy or value "?NPAIR" to "14"
 Comparing "14" and "0".
 IF test evaluated as true.  Performing command
  
 CHARMM>     
  
 CHARMM>            calc cntrand = @cntrand + 1
 Parameter: CNTRAND -> "2"
Evaluating: 2+1
 Parameter: CNTRAND <- "3"
  
 CHARMM>            if cntrand .gt. 100 stop ! ABNORMAL TERMINATION: ion placing may not work.. stop here
 Comparing "3" and "100".
 IF test evaluated as false.  Skipping command
  
 CHARMM>     
  
 CHARMM>            calc j = @i
 Parameter: I -> "3"
Evaluating: 3
 Parameter: J <- "3"
  
 CHARMM>            set ion = POS
 Parameter: ION <- "POS"
  
 CHARMM>     
  
 CHARMM>            if j .gt. @npos then
 Parameter: NPOS -> "37"
 Comparing "3" and "37".
 IF test evaluated as false.  Skip to ELSE or ENDIF
  
 CHARMM>     
  
 CHARMM>            define target select segid @ion .and. resid @j end
 Parameter: ION -> "POS"
 Parameter: J -> "3"
 SELRPN>      1 atoms have been selected out of  22374
  
 CHARMM>     
  
 CHARMM>            calc xpos = @A * ( ?random - 0.5 )
 Parameter: A -> "73.4166194"
 RDCMND substituted energy or value "?RANDOM" to "0.737121618"
Evaluating: 73.4166194*(0.737121618-0.5)
 Parameter: XPOS <- "17.4086676"
  
 CHARMM>            calc ypos = @B * ( ?random - 0.5 )
 Parameter: B -> "73.4166194"
 RDCMND substituted energy or value "?RANDOM" to "0.399835503"
Evaluating: 73.4166194*(0.399835503-0.5)
 Parameter: YPOS <- "-7.35373875"
  
 CHARMM>            calc zpos = @C * ( ?random - 0.5 ) + @zcen
 Parameter: C -> "85"
 Parameter: ZCEN -> "0"
 RDCMND substituted energy or value "?RANDOM" to "0.97799818"
Evaluating: 85*(0.97799818-0.5)+0
 Parameter: ZPOS <- "40.6298453"
  
 CHARMM>     
  
 CHARMM>            if zpos .gt. -15 if zpos .lt. 15 goto doinit
 Comparing "40.6298453" and "-15".
 IF test evaluated as true.  Performing command
 Comparing "40.6298453" and "15".
 IF test evaluated as false.  Skipping command
  
 CHARMM>     
  
 CHARMM>            ! move target to selected position
  
 CHARMM>            coor stat select target end
 SELRPN>      1 atoms have been selected out of  22374
 STATISTICS FOR         1 SELECTED ATOMS:
    XMIN =   11.166461 XMAX =   11.166461 XAVE =   11.166461
    YMIN =    8.650744 YMAX =    8.650744 YAVE =    8.650744
    ZMIN =   16.341853 ZMAX =   16.341853 ZAVE =   16.341853
    WMIN =    1.000000 WMAX =    1.000000 WAVE =    1.000000
  
 CHARMM>            calc xtran = @xpos - ?xave
 Parameter: XPOS -> "17.4086676"
 RDCMND substituted energy or value "?XAVE" to "11.1664608"
Evaluating: 17.4086676-11.1664608
 Parameter: XTRAN <- "6.2422068"
  
 CHARMM>            calc ytran = @ypos - ?yave
 Parameter: YPOS -> "-7.35373875"
 RDCMND substituted energy or value "?YAVE" to "8.65074436"
Evaluating: -7.35373875-8.65074436
 Parameter: YTRAN <- "-16.0044831"
  
 CHARMM>            calc ztran = @zpos - ?zave
 Parameter: ZPOS -> "40.6298453"
 RDCMND substituted energy or value "?ZAVE" to "16.3418525"
Evaluating: 40.6298453-16.3418525
 Parameter: ZTRAN <- "24.2879928"
  
 CHARMM>            coor trans xdir @xtran ydir @ytran zdir @ztran select target end
 Parameter: XTRAN -> "6.2422068"
 Parameter: YTRAN -> "-16.0044831"
 Parameter: ZTRAN -> "24.2879928"
 SELRPN>      1 atoms have been selected out of  22374
 TRANSLATION VECTOR     6.242207  -16.004483   24.287993
 SELECTED COORDINATES TRANSLATED IN THE MAIN SET.

  
 CHARMM>     
  
 CHARMM>            ! apply a random rotation along XYZ
  
 CHARMM>            calc xphi = ?random * 360.0
 RDCMND substituted energy or value "?RANDOM" to "3.629242419E-02"
Evaluating: 3.629242419E-02*360.0
 Parameter: XPHI <- "13.0652727"
  
 CHARMM>            calc yphi = ?random * 360.0
 RDCMND substituted energy or value "?RANDOM" to "0.684558613"
Evaluating: 0.684558613*360.0
 Parameter: YPHI <- "246.441101"
  
 CHARMM>            calc zphi = ?random * 360.0
 RDCMND substituted energy or value "?RANDOM" to "0.28917889"
Evaluating: 0.28917889*360.0
 Parameter: ZPHI <- "104.1044"
  
 CHARMM>            coor rotate xcen @xpos ycen @ypos zcen @zpos xdir 1.0 -
 CHARMM>                phi @xphi select target end
 Parameter: XPOS -> "17.4086676"
 Parameter: YPOS -> "-7.35373875"
 Parameter: ZPOS -> "40.6298453"
 Parameter: XPHI -> "13.0652727"
 SELRPN>      1 atoms have been selected out of  22374
 ROTATION MATRIX
    1.000000    0.000000    0.000000
    0.000000    0.974113    0.226061
    0.000000   -0.226061    0.974113

 AXIS OF ROTATION IS  1.000000  0.000000  0.000000  ANGLE IS   13.07

 SELECTED COORDINATES ROTATED IN THE MAIN SET.

  
 CHARMM>            coor rotate xcen @xpos ycen @ypos zcen @zpos ydir 1.0 -
 CHARMM>                phi @yphi select target end
 Parameter: XPOS -> "17.4086676"
 Parameter: YPOS -> "-7.35373875"
 Parameter: ZPOS -> "40.6298453"
 Parameter: YPHI -> "246.441101"
 SELRPN>      1 atoms have been selected out of  22374
 ROTATION MATRIX
   -0.399692    0.000000    0.916650
    0.000000    1.000000    0.000000
   -0.916650    0.000000   -0.399692

 AXIS OF ROTATION IS  0.000000 -1.000000  0.000000  ANGLE IS  113.56

 SELECTED COORDINATES ROTATED IN THE MAIN SET.

  
 CHARMM>            coor rotate xcen @xpos ycen @ypos zcen @zpos zdir 1.0 -
 CHARMM>                phi @zphi select target end
 Parameter: XPOS -> "17.4086676"
 Parameter: YPOS -> "-7.35373875"
 Parameter: ZPOS -> "40.6298453"
 Parameter: ZPHI -> "104.1044"
 SELRPN>      1 atoms have been selected out of  22374
 ROTATION MATRIX
   -0.243689    0.969853    0.000000
   -0.969853   -0.243689    0.000000
    0.000000    0.000000    1.000000

 AXIS OF ROTATION IS  0.000000  0.000000  1.000000  ANGLE IS  104.10

 SELECTED COORDINATES ROTATED IN THE MAIN SET.

  
 CHARMM>     
  
 CHARMM>     
  
 CHARMM>            calc dcut = 3.5
Evaluating: 3.5
 Parameter: DCUT <- "3.5"
  
 CHARMM>     
  
 CHARMM>            coor stat sele target end
 SELRPN>      1 atoms have been selected out of  22374
 STATISTICS FOR         1 SELECTED ATOMS:
    XMIN =   17.408668 XMAX =   17.408668 XAVE =   17.408668
    YMIN =   -7.353739 YMAX =   -7.353739 YAVE =   -7.353739
    ZMIN =   40.629845 ZMAX =   40.629845 ZAVE =   40.629845
    WMIN =    1.000000 WMAX =    1.000000 WAVE =    1.000000
  
 CHARMM>            calc xmax = ?xmax + @dcut
 Parameter: DCUT -> "3.5"
 RDCMND substituted energy or value "?XMAX" to "17.4086676"
Evaluating: 17.4086676+3.5
 Parameter: XMAX <- "20.9086676"
  
 CHARMM>            calc ymax = ?ymax + @dcut
 Parameter: DCUT -> "3.5"
 RDCMND substituted energy or value "?YMAX" to "-7.35373875"
Evaluating: -7.35373875+3.5
 Parameter: YMAX <- "-3.85373875"
  
 CHARMM>            calc zmax = ?zmax + @dcut
 Parameter: DCUT -> "3.5"
 RDCMND substituted energy or value "?ZMAX" to "40.6298453"
Evaluating: 40.6298453+3.5
 Parameter: ZMAX <- "44.1298453"
  
 CHARMM>            calc xmin = ?xmin - @dcut
 Parameter: DCUT -> "3.5"
 RDCMND substituted energy or value "?XMIN" to "17.4086676"
Evaluating: 17.4086676-3.5
 Parameter: XMIN <- "13.9086676"
  
 CHARMM>            calc ymin = ?ymin - @dcut
 Parameter: DCUT -> "3.5"
 RDCMND substituted energy or value "?YMIN" to "-7.35373875"
Evaluating: -7.35373875-3.5
 Parameter: YMIN <- "-10.8537387"
  
 CHARMM>            calc zmin = ?zmin - @dcut
 Parameter: DCUT -> "3.5"
 RDCMND substituted energy or value "?ZMIN" to "40.6298453"
Evaluating: 40.6298453-3.5
 Parameter: ZMIN <- "37.1298453"
  
 CHARMM>     
  
 CHARMM>            define JUNK sele .not. target .and. -
 CHARMM>                             prop X .lt. @xmax .and. prop X .gt. @xmin .and. -
 CHARMM>                             prop Y .lt. @ymax .and. prop Y .gt. @ymin .and. -
 CHARMM>                             prop Z .lt. @zmax .and. prop Z .gt. @zmin  end
 Parameter: XMAX -> "20.9086676"
 Parameter: XMIN -> "13.9086676"
 Parameter: YMAX -> "-3.85373875"
 Parameter: YMIN -> "-10.8537387"
 Parameter: ZMAX -> "44.1298453"
 Parameter: ZMIN -> "37.1298453"
 SELRPN>      0 atoms have been selected out of  22374
  
 CHARMM>     
  
 CHARMM>            ! check if the ions are too close to protein
  
 CHARMM>            define XXX sele PROT end
 SELRPN>      0 atoms have been selected out of  22374
  
 CHARMM>            if ?nsel .gt. 0 then
 RDCMND substituted energy or value "?NSEL" to "0"
 Comparing "0" and "0".
 IF test evaluated as false.  Skip to ELSE or ENDIF
  
 CHARMM>     
  
 CHARMM>            ! check if the ions are too close to solute
  
 CHARMM>            coor dist cut 4.0 sele target end sele JUNK .and. .not. hydrogen end image
 SELRPN>      1 atoms have been selected out of  34208
 SELRPN>      0 atoms have been selected out of  34208

            DISTANCES FOR SELECTED ATOMS
            ONLY ONE SELECTION SET SPECIFIED, A COMPARISON WILL BE DONE
 TOTAL EXCLUSION COUNT =         0
 TOTAL 1-4 EXCLUSIONS  =         0
 TOTAL NON-EXCLUSIONS  =         0
  
 CHARMM>            if ?npair .gt. 0 goto doinit
 RDCMND substituted energy or value "?NPAIR" to "0"
 Comparing "0" and "0".
 IF test evaluated as false.  Skipping command
  
 CHARMM>     
  
 CHARMM>            calc cntrand = 0
Evaluating: 0
 Parameter: CNTRAND <- "0"
  
 CHARMM>            increase i by 1
 Parameter: I <- "4"
  
 CHARMM>            if i .le. @nion goto doinit
 Parameter: NION -> "54"
 Comparing "4" and "54".
 IF test evaluated as true.  Performing command
  
 CHARMM>     
  
 CHARMM>            calc cntrand = @cntrand + 1
 Parameter: CNTRAND -> "0"
Evaluating: 0+1
 Parameter: CNTRAND <- "1"
  
 CHARMM>            if cntrand .gt. 100 stop ! ABNORMAL TERMINATION: ion placing may not work.. stop here
 Comparing "1" and "100".
 IF test evaluated as false.  Skipping command
  
 CHARMM>     
  
 CHARMM>            calc j = @i
 Parameter: I -> "4"
Evaluating: 4
 Parameter: J <- "4"
  
 CHARMM>            set ion = POS
 Parameter: ION <- "POS"
  
 CHARMM>     
  
 CHARMM>            if j .gt. @npos then
 Parameter: NPOS -> "37"
 Comparing "4" and "37".
 IF test evaluated as false.  Skip to ELSE or ENDIF
  
 CHARMM>     
  
 CHARMM>            define target select segid @ion .and. resid @j end
 Parameter: ION -> "POS"
 Parameter: J -> "4"
 SELRPN>      1 atoms have been selected out of  22374
  
 CHARMM>     
  
 CHARMM>            calc xpos = @A * ( ?random - 0.5 )
 Parameter: A -> "73.4166194"
 RDCMND substituted energy or value "?RANDOM" to "0.669670099"
Evaluating: 73.4166194*(0.669670099-0.5)
 Parameter: XPOS <- "12.4566051"
  
 CHARMM>            calc ypos = @B * ( ?random - 0.5 )
 Parameter: B -> "73.4166194"
 RDCMND substituted energy or value "?RANDOM" to "0.669686154"
Evaluating: 73.4166194*(0.669686154-0.5)
 Parameter: YPOS <- "12.4577838"
  
 CHARMM>            calc zpos = @C * ( ?random - 0.5 ) + @zcen
 Parameter: C -> "85"
 Parameter: ZCEN -> "0"
 RDCMND substituted energy or value "?RANDOM" to "0.932712884"
Evaluating: 85*(0.932712884-0.5)+0
 Parameter: ZPOS <- "36.7805951"
  
 CHARMM>     
  
 CHARMM>            if zpos .gt. -15 if zpos .lt. 15 goto doinit
 Comparing "36.7805951" and "-15".
 IF test evaluated as true.  Performing command
 Comparing "36.7805951" and "15".
 IF test evaluated as false.  Skipping command
  
 CHARMM>     
  
 CHARMM>            ! move target to selected position
  
 CHARMM>            coor stat select target end
 SELRPN>      1 atoms have been selected out of  22374
 STATISTICS FOR         1 SELECTED ATOMS:
    XMIN =    0.000000 XMAX =    0.000000 XAVE =    0.000000
    YMIN =    0.000000 YMAX =    0.000000 YAVE =    0.000000
    ZMIN =    0.000000 ZMAX =    0.000000 ZAVE =    0.000000
    WMIN =    1.000000 WMAX =    1.000000 WAVE =    1.000000
  
 CHARMM>            calc xtran = @xpos - ?xave
 Parameter: XPOS -> "12.4566051"
 RDCMND substituted energy or value "?XAVE" to "0"
Evaluating: 12.4566051-0
 Parameter: XTRAN <- "12.4566051"
  
 CHARMM>            calc ytran = @ypos - ?yave
 Parameter: YPOS -> "12.4577838"
 RDCMND substituted energy or value "?YAVE" to "0"
Evaluating: 12.4577838-0
 Parameter: YTRAN <- "12.4577838"
  
 CHARMM>            calc ztran = @zpos - ?zave
 Parameter: ZPOS -> "36.7805951"
 RDCMND substituted energy or value "?ZAVE" to "0"
Evaluating: 36.7805951-0
 Parameter: ZTRAN <- "36.7805951"
  
 CHARMM>            coor trans xdir @xtran ydir @ytran zdir @ztran select target end
 Parameter: XTRAN -> "12.4566051"
 Parameter: YTRAN -> "12.4577838"
 Parameter: ZTRAN -> "36.7805951"
 SELRPN>      1 atoms have been selected out of  22374
 TRANSLATION VECTOR    12.456605   12.457784   36.780595
 SELECTED COORDINATES TRANSLATED IN THE MAIN SET.

  
 CHARMM>     
  
 CHARMM>            ! apply a random rotation along XYZ
  
 CHARMM>            calc xphi = ?random * 360.0
 RDCMND substituted energy or value "?RANDOM" to "0.388231986"
Evaluating: 0.388231986*360.0
 Parameter: XPHI <- "139.763515"
  
 CHARMM>            calc yphi = ?random * 360.0
 RDCMND substituted energy or value "?RANDOM" to "0.828683973"
Evaluating: 0.828683973*360.0
 Parameter: YPHI <- "298.32623"
  
 CHARMM>            calc zphi = ?random * 360.0
 RDCMND substituted energy or value "?RANDOM" to "0.375610452"
Evaluating: 0.375610452*360.0
 Parameter: ZPHI <- "135.219763"
  
 CHARMM>            coor rotate xcen @xpos ycen @ypos zcen @zpos xdir 1.0 -
 CHARMM>                phi @xphi select target end
 Parameter: XPOS -> "12.4566051"
 Parameter: YPOS -> "12.4577838"
 Parameter: ZPOS -> "36.7805951"
 Parameter: XPHI -> "139.763515"
 SELRPN>      1 atoms have been selected out of  22374
 ROTATION MATRIX
    1.000000    0.000000    0.000000
    0.000000   -0.763385    0.645944
    0.000000   -0.645944   -0.763385

 AXIS OF ROTATION IS  1.000000  0.000000  0.000000  ANGLE IS  139.76

 SELECTED COORDINATES ROTATED IN THE MAIN SET.

  
 CHARMM>            coor rotate xcen @xpos ycen @ypos zcen @zpos ydir 1.0 -
 CHARMM>                phi @yphi select target end
 Parameter: XPOS -> "12.4566051"
 Parameter: YPOS -> "12.4577838"
 Parameter: ZPOS -> "36.7805951"
 Parameter: YPHI -> "298.32623"
 SELRPN>      1 atoms have been selected out of  22374
 ROTATION MATRIX
    0.474491    0.000000    0.880260
    0.000000    1.000000    0.000000
   -0.880260    0.000000    0.474491

 AXIS OF ROTATION IS  0.000000 -1.000000  0.000000  ANGLE IS   61.67

 SELECTED COORDINATES ROTATED IN THE MAIN SET.

  
 CHARMM>            coor rotate xcen @xpos ycen @ypos zcen @zpos zdir 1.0 -
 CHARMM>                phi @zphi select target end
 Parameter: XPOS -> "12.4566051"
 Parameter: YPOS -> "12.4577838"
 Parameter: ZPOS -> "36.7805951"
 Parameter: ZPHI -> "135.219763"
 SELRPN>      1 atoms have been selected out of  22374
 ROTATION MATRIX
   -0.709814    0.704389    0.000000
   -0.704389   -0.709814    0.000000
    0.000000    0.000000    1.000000

 AXIS OF ROTATION IS  0.000000  0.000000  1.000000  ANGLE IS  135.22

 SELECTED COORDINATES ROTATED IN THE MAIN SET.

  
 CHARMM>     
  
 CHARMM>     
  
 CHARMM>            calc dcut = 3.5
Evaluating: 3.5
 Parameter: DCUT <- "3.5"
  
 CHARMM>     
  
 CHARMM>            coor stat sele target end
 SELRPN>      1 atoms have been selected out of  22374
 STATISTICS FOR         1 SELECTED ATOMS:
    XMIN =   12.456605 XMAX =   12.456605 XAVE =   12.456605
    YMIN =   12.457784 YMAX =   12.457784 YAVE =   12.457784
    ZMIN =   36.780595 ZMAX =   36.780595 ZAVE =   36.780595
    WMIN =    1.000000 WMAX =    1.000000 WAVE =    1.000000
  
 CHARMM>            calc xmax = ?xmax + @dcut
 Parameter: DCUT -> "3.5"
 RDCMND substituted energy or value "?XMAX" to "12.4566051"
Evaluating: 12.4566051+3.5
 Parameter: XMAX <- "15.9566051"
  
 CHARMM>            calc ymax = ?ymax + @dcut
 Parameter: DCUT -> "3.5"
 RDCMND substituted energy or value "?YMAX" to "12.4577838"
Evaluating: 12.4577838+3.5
 Parameter: YMAX <- "15.9577838"
  
 CHARMM>            calc zmax = ?zmax + @dcut
 Parameter: DCUT -> "3.5"
 RDCMND substituted energy or value "?ZMAX" to "36.7805951"
Evaluating: 36.7805951+3.5
 Parameter: ZMAX <- "40.2805951"
  
 CHARMM>            calc xmin = ?xmin - @dcut
 Parameter: DCUT -> "3.5"
 RDCMND substituted energy or value "?XMIN" to "12.4566051"
Evaluating: 12.4566051-3.5
 Parameter: XMIN <- "8.9566051"
  
 CHARMM>            calc ymin = ?ymin - @dcut
 Parameter: DCUT -> "3.5"
 RDCMND substituted energy or value "?YMIN" to "12.4577838"
Evaluating: 12.4577838-3.5
 Parameter: YMIN <- "8.9577838"
  
 CHARMM>            calc zmin = ?zmin - @dcut
 Parameter: DCUT -> "3.5"
 RDCMND substituted energy or value "?ZMIN" to "36.7805951"
Evaluating: 36.7805951-3.5
 Parameter: ZMIN <- "33.2805951"
  
 CHARMM>     
  
 CHARMM>            define JUNK sele .not. target .and. -
 CHARMM>                             prop X .lt. @xmax .and. prop X .gt. @xmin .and. -
 CHARMM>                             prop Y .lt. @ymax .and. prop Y .gt. @ymin .and. -
 CHARMM>                             prop Z .lt. @zmax .and. prop Z .gt. @zmin  end
 Parameter: XMAX -> "15.9566051"
 Parameter: XMIN -> "8.9566051"
 Parameter: YMAX -> "15.9577838"
 Parameter: YMIN -> "8.9577838"
 Parameter: ZMAX -> "40.2805951"
 Parameter: ZMIN -> "33.2805951"
 SELRPN>      0 atoms have been selected out of  22374
  
 CHARMM>     
  
 CHARMM>            ! check if the ions are too close to protein
  
 CHARMM>            define XXX sele PROT end
 SELRPN>      0 atoms have been selected out of  22374
  
 CHARMM>            if ?nsel .gt. 0 then
 RDCMND substituted energy or value "?NSEL" to "0"
 Comparing "0" and "0".
 IF test evaluated as false.  Skip to ELSE or ENDIF
  
 CHARMM>     
  
 CHARMM>            ! check if the ions are too close to solute
  
 CHARMM>            coor dist cut 4.0 sele target end sele JUNK .and. .not. hydrogen end image
 SELRPN>      1 atoms have been selected out of  34208
 SELRPN>      0 atoms have been selected out of  34208

            DISTANCES FOR SELECTED ATOMS
            ONLY ONE SELECTION SET SPECIFIED, A COMPARISON WILL BE DONE
 TOTAL EXCLUSION COUNT =         0
 TOTAL 1-4 EXCLUSIONS  =         0
 TOTAL NON-EXCLUSIONS  =         0
  
 CHARMM>            if ?npair .gt. 0 goto doinit
 RDCMND substituted energy or value "?NPAIR" to "0"
 Comparing "0" and "0".
 IF test evaluated as false.  Skipping command
  
 CHARMM>     
  
 CHARMM>            calc cntrand = 0
Evaluating: 0
 Parameter: CNTRAND <- "0"
  
 CHARMM>            increase i by 1
 Parameter: I <- "5"
  
 CHARMM>            if i .le. @nion goto doinit
 Parameter: NION -> "54"
 Comparing "5" and "54".
 IF test evaluated as true.  Performing command
  
 CHARMM>     
  
 CHARMM>            calc cntrand = @cntrand + 1
 Parameter: CNTRAND -> "0"
Evaluating: 0+1
 Parameter: CNTRAND <- "1"
  
 CHARMM>            if cntrand .gt. 100 stop ! ABNORMAL TERMINATION: ion placing may not work.. stop here
 Comparing "1" and "100".
 IF test evaluated as false.  Skipping command
  
 CHARMM>     
  
 CHARMM>            calc j = @i
 Parameter: I -> "5"
Evaluating: 5
 Parameter: J <- "5"
  
 CHARMM>            set ion = POS
 Parameter: ION <- "POS"
  
 CHARMM>     
  
 CHARMM>            if j .gt. @npos then
 Parameter: NPOS -> "37"
 Comparing "5" and "37".
 IF test evaluated as false.  Skip to ELSE or ENDIF
  
 CHARMM>     
  
 CHARMM>            define target select segid @ion .and. resid @j end
 Parameter: ION -> "POS"
 Parameter: J -> "5"
 SELRPN>      1 atoms have been selected out of  22374
  
 CHARMM>     
  
 CHARMM>            calc xpos = @A * ( ?random - 0.5 )
 Parameter: A -> "73.4166194"
 RDCMND substituted energy or value "?RANDOM" to "0.27992211"
Evaluating: 73.4166194*(0.27992211-0.5)
 Parameter: XPOS <- "-16.1573747"
  
 CHARMM>            calc ypos = @B * ( ?random - 0.5 )
 Parameter: B -> "73.4166194"
 RDCMND substituted energy or value "?RANDOM" to "0.323092606"
Evaluating: 73.4166194*(0.323092606-0.5)
 Parameter: YPOS <- "-12.9879428"
  
 CHARMM>            calc zpos = @C * ( ?random - 0.5 ) + @zcen
 Parameter: C -> "85"
 Parameter: ZCEN -> "0"
 RDCMND substituted energy or value "?RANDOM" to "0.686840908"
Evaluating: 85*(0.686840908-0.5)+0
 Parameter: ZPOS <- "15.8814772"
  
 CHARMM>     
  
 CHARMM>            if zpos .gt. -15 if zpos .lt. 15 goto doinit
 Comparing "15.8814772" and "-15".
 IF test evaluated as true.  Performing command
 Comparing "15.8814772" and "15".
 IF test evaluated as false.  Skipping command
  
 CHARMM>     
  
 CHARMM>            ! move target to selected position
  
 CHARMM>            coor stat select target end
 SELRPN>      1 atoms have been selected out of  22374
 STATISTICS FOR         1 SELECTED ATOMS:
    XMIN =    0.000000 XMAX =    0.000000 XAVE =    0.000000
    YMIN =    0.000000 YMAX =    0.000000 YAVE =    0.000000
    ZMIN =    0.000000 ZMAX =    0.000000 ZAVE =    0.000000
    WMIN =    1.000000 WMAX =    1.000000 WAVE =    1.000000
  
 CHARMM>            calc xtran = @xpos - ?xave
 Parameter: XPOS -> "-16.1573747"
 RDCMND substituted energy or value "?XAVE" to "0"
Evaluating: -16.1573747-0
 Parameter: XTRAN <- "-16.1573747"
  
 CHARMM>            calc ytran = @ypos - ?yave
 Parameter: YPOS -> "-12.9879428"
 RDCMND substituted energy or value "?YAVE" to "0"
Evaluating: -12.9879428-0
 Parameter: YTRAN <- "-12.9879428"
  
 CHARMM>            calc ztran = @zpos - ?zave
 Parameter: ZPOS -> "15.8814772"
 RDCMND substituted energy or value "?ZAVE" to "0"
Evaluating: 15.8814772-0
 Parameter: ZTRAN <- "15.8814772"
  
 CHARMM>            coor trans xdir @xtran ydir @ytran zdir @ztran select target end
 Parameter: XTRAN -> "-16.1573747"
 Parameter: YTRAN -> "-12.9879428"
 Parameter: ZTRAN -> "15.8814772"
 SELRPN>      1 atoms have been selected out of  22374
 TRANSLATION VECTOR   -16.157375  -12.987943   15.881477
 SELECTED COORDINATES TRANSLATED IN THE MAIN SET.

  
 CHARMM>     
  
 CHARMM>            ! apply a random rotation along XYZ
  
 CHARMM>            calc xphi = ?random * 360.0
 RDCMND substituted energy or value "?RANDOM" to "0.35336966"
Evaluating: 0.35336966*360.0
 Parameter: XPHI <- "127.213078"
  
 CHARMM>            calc yphi = ?random * 360.0
 RDCMND substituted energy or value "?RANDOM" to "0.964385744"
Evaluating: 0.964385744*360.0
 Parameter: YPHI <- "347.178868"
  
 CHARMM>            calc zphi = ?random * 360.0
 RDCMND substituted energy or value "?RANDOM" to "0.149873494"
Evaluating: 0.149873494*360.0
 Parameter: ZPHI <- "53.9544578"
  
 CHARMM>            coor rotate xcen @xpos ycen @ypos zcen @zpos xdir 1.0 -
 CHARMM>                phi @xphi select target end
 Parameter: XPOS -> "-16.1573747"
 Parameter: YPOS -> "-12.9879428"
 Parameter: ZPOS -> "15.8814772"
 Parameter: XPHI -> "127.213078"
 SELRPN>      1 atoms have been selected out of  22374
 ROTATION MATRIX
    1.000000    0.000000    0.000000
    0.000000   -0.604781    0.796392
    0.000000   -0.796392   -0.604781

 AXIS OF ROTATION IS  1.000000  0.000000  0.000000  ANGLE IS  127.21

 SELECTED COORDINATES ROTATED IN THE MAIN SET.

  
 CHARMM>            coor rotate xcen @xpos ycen @ypos zcen @zpos ydir 1.0 -
 CHARMM>                phi @yphi select target end
 Parameter: XPOS -> "-16.1573747"
 Parameter: YPOS -> "-12.9879428"
 Parameter: ZPOS -> "15.8814772"
 Parameter: YPHI -> "347.178868"
 SELRPN>      1 atoms have been selected out of  22374
 ROTATION MATRIX
    0.975068    0.000000    0.221908
    0.000000    1.000000    0.000000
   -0.221908    0.000000    0.975068

 AXIS OF ROTATION IS  0.000000 -1.000000  0.000000  ANGLE IS   12.82

 SELECTED COORDINATES ROTATED IN THE MAIN SET.

  
 CHARMM>            coor rotate xcen @xpos ycen @ypos zcen @zpos zdir 1.0 -
 CHARMM>                phi @zphi select target end
 Parameter: XPOS -> "-16.1573747"
 Parameter: YPOS -> "-12.9879428"
 Parameter: ZPOS -> "15.8814772"
 Parameter: ZPHI -> "53.9544578"
 SELRPN>      1 atoms have been selected out of  22374
 ROTATION MATRIX
    0.588428    0.808550    0.000000
   -0.808550    0.588428    0.000000
    0.000000    0.000000    1.000000

 AXIS OF ROTATION IS  0.000000  0.000000  1.000000  ANGLE IS   53.95

 SELECTED COORDINATES ROTATED IN THE MAIN SET.

  
 CHARMM>     
  
 CHARMM>     
  
 CHARMM>            calc dcut = 3.5
Evaluating: 3.5
 Parameter: DCUT <- "3.5"
  
 CHARMM>     
  
 CHARMM>            coor stat sele target end
 SELRPN>      1 atoms have been selected out of  22374
 STATISTICS FOR         1 SELECTED ATOMS:
    XMIN =  -16.157375 XMAX =  -16.157375 XAVE =  -16.157375
    YMIN =  -12.987943 YMAX =  -12.987943 YAVE =  -12.987943
    ZMIN =   15.881477 ZMAX =   15.881477 ZAVE =   15.881477
    WMIN =    1.000000 WMAX =    1.000000 WAVE =    1.000000
  
 CHARMM>            calc xmax = ?xmax + @dcut
 Parameter: DCUT -> "3.5"
 RDCMND substituted energy or value "?XMAX" to "-16.1573747"
Evaluating: -16.1573747+3.5
 Parameter: XMAX <- "-12.6573747"
  
 CHARMM>            calc ymax = ?ymax + @dcut
 Parameter: DCUT -> "3.5"
 RDCMND substituted energy or value "?YMAX" to "-12.9879428"
Evaluating: -12.9879428+3.5
 Parameter: YMAX <- "-9.4879428"
  
 CHARMM>            calc zmax = ?zmax + @dcut
 Parameter: DCUT -> "3.5"
 RDCMND substituted energy or value "?ZMAX" to "15.8814772"
Evaluating: 15.8814772+3.5
 Parameter: ZMAX <- "19.3814772"
  
 CHARMM>            calc xmin = ?xmin - @dcut
 Parameter: DCUT -> "3.5"
 RDCMND substituted energy or value "?XMIN" to "-16.1573747"
Evaluating: -16.1573747-3.5
 Parameter: XMIN <- "-19.6573747"
  
 CHARMM>            calc ymin = ?ymin - @dcut
 Parameter: DCUT -> "3.5"
 RDCMND substituted energy or value "?YMIN" to "-12.9879428"
Evaluating: -12.9879428-3.5
 Parameter: YMIN <- "-16.4879428"
  
 CHARMM>            calc zmin = ?zmin - @dcut
 Parameter: DCUT -> "3.5"
 RDCMND substituted energy or value "?ZMIN" to "15.8814772"
Evaluating: 15.8814772-3.5
 Parameter: ZMIN <- "12.3814772"
  
 CHARMM>     
  
 CHARMM>            define JUNK sele .not. target .and. -
 CHARMM>                             prop X .lt. @xmax .and. prop X .gt. @xmin .and. -
 CHARMM>                             prop Y .lt. @ymax .and. prop Y .gt. @ymin .and. -
 CHARMM>                             prop Z .lt. @zmax .and. prop Z .gt. @zmin  end
 Parameter: XMAX -> "-12.6573747"
 Parameter: XMIN -> "-19.6573747"
 Parameter: YMAX -> "-9.4879428"
 Parameter: YMIN -> "-16.4879428"
 Parameter: ZMAX -> "19.3814772"
 Parameter: ZMIN -> "12.3814772"
 SELRPN>     25 atoms have been selected out of  22374
  
 CHARMM>     
  
 CHARMM>            ! check if the ions are too close to protein
  
 CHARMM>            define XXX sele PROT end
 SELRPN>      0 atoms have been selected out of  22374
  
 CHARMM>            if ?nsel .gt. 0 then
 RDCMND substituted energy or value "?NSEL" to "0"
 Comparing "0" and "0".
 IF test evaluated as false.  Skip to ELSE or ENDIF
  
 CHARMM>     
  
 CHARMM>            ! check if the ions are too close to solute
  
 CHARMM>            coor dist cut 4.0 sele target end sele JUNK .and. .not. hydrogen end image
 SELRPN>      1 atoms have been selected out of  34208
 SELRPN>     12 atoms have been selected out of  34208

            DISTANCES FOR SELECTED ATOMS
22325 POS      SOD      5        SOD     -1766 MEMB     CHL1     17       C1            3.9251
22325 POS      SOD      5        SOD     -1769 MEMB     CHL1     17       C2            3.2328
22325 POS      SOD      5        SOD     -3848 MEMB     OSM      35       O11           3.9228
22325 POS      SOD      5        SOD     -3850 MEMB     OSM      35       C1S           2.5770
22325 POS      SOD      5        SOD     -3853 MEMB     OSM      35       NF            2.8190
22325 POS      SOD      5        SOD     -3855 MEMB     OSM      35       C2S           2.1050
22325 POS      SOD      5        SOD     -3857 MEMB     OSM      35       C3S           0.9110
22325 POS      SOD      5        SOD     -3859 MEMB     OSM      35       O3            1.7110
22325 POS      SOD      5        SOD     -3861 MEMB     OSM      35       C4S           2.0182
22325 POS      SOD      5        SOD     -3863 MEMB     OSM      35       C5S           3.2344
 TOTAL EXCLUSION COUNT =         0
 TOTAL 1-4 EXCLUSIONS  =         0
 TOTAL NON-EXCLUSIONS  =        10
  
 CHARMM>            if ?npair .gt. 0 goto doinit
 RDCMND substituted energy or value "?NPAIR" to "10"
 Comparing "10" and "0".
 IF test evaluated as true.  Performing command
  
 CHARMM>     
  
 CHARMM>            calc cntrand = @cntrand + 1
 Parameter: CNTRAND -> "1"
Evaluating: 1+1
 Parameter: CNTRAND <- "2"
  
 CHARMM>            if cntrand .gt. 100 stop ! ABNORMAL TERMINATION: ion placing may not work.. stop here
 Comparing "2" and "100".
 IF test evaluated as false.  Skipping command
  
 CHARMM>     
  
 CHARMM>            calc j = @i
 Parameter: I -> "5"
Evaluating: 5
 Parameter: J <- "5"
  
 CHARMM>            set ion = POS
 Parameter: ION <- "POS"
  
 CHARMM>     
  
 CHARMM>            if j .gt. @npos then
 Parameter: NPOS -> "37"
 Comparing "5" and "37".
 IF test evaluated as false.  Skip to ELSE or ENDIF
  
 CHARMM>     
  
 CHARMM>            define target select segid @ion .and. resid @j end
 Parameter: ION -> "POS"
 Parameter: J -> "5"
 SELRPN>      1 atoms have been selected out of  22374
  
 CHARMM>     
  
 CHARMM>            calc xpos = @A * ( ?random - 0.5 )
 Parameter: A -> "73.4166194"
 RDCMND substituted energy or value "?RANDOM" to "0.542296202"
Evaluating: 73.4166194*(0.542296202-0.5)
 Parameter: XPOS <- "3.10524416"
  
 CHARMM>            calc ypos = @B * ( ?random - 0.5 )
 Parameter: B -> "73.4166194"
 RDCMND substituted energy or value "?RANDOM" to "0.412300103"
Evaluating: 73.4166194*(0.412300103-0.5)
 Parameter: YPOS <- "-6.43862996"
  
 CHARMM>            calc zpos = @C * ( ?random - 0.5 ) + @zcen
 Parameter: C -> "85"
 Parameter: ZCEN -> "0"
 RDCMND substituted energy or value "?RANDOM" to "0.366549439"
Evaluating: 85*(0.366549439-0.5)+0
 Parameter: ZPOS <- "-11.3432977"
  
 CHARMM>     
  
 CHARMM>            if zpos .gt. -15 if zpos .lt. 15 goto doinit
 Comparing "-11.3432977" and "-15".
 IF test evaluated as true.  Performing command
 Comparing "-11.3432977" and "15".
 IF test evaluated as true.  Performing command
  
 CHARMM>     
  
 CHARMM>            calc cntrand = @cntrand + 1
 Parameter: CNTRAND -> "2"
Evaluating: 2+1
 Parameter: CNTRAND <- "3"
  
 CHARMM>            if cntrand .gt. 100 stop ! ABNORMAL TERMINATION: ion placing may not work.. stop here
 Comparing "3" and "100".
 IF test evaluated as false.  Skipping command
  
 CHARMM>     
  
 CHARMM>            calc j = @i
 Parameter: I -> "5"
Evaluating: 5
 Parameter: J <- "5"
  
 CHARMM>            set ion = POS
 Parameter: ION <- "POS"
  
 CHARMM>     
  
 CHARMM>            if j .gt. @npos then
 Parameter: NPOS -> "37"
 Comparing "5" and "37".
 IF test evaluated as false.  Skip to ELSE or ENDIF
  
 CHARMM>     
  
 CHARMM>            define target select segid @ion .and. resid @j end
 Parameter: ION -> "POS"
 Parameter: J -> "5"
 SELRPN>      1 atoms have been selected out of  22374
  
 CHARMM>     
  
 CHARMM>            calc xpos = @A * ( ?random - 0.5 )
 Parameter: A -> "73.4166194"
 RDCMND substituted energy or value "?RANDOM" to "0.873144937"
Evaluating: 73.4166194*(0.873144937-0.5)
 Parameter: XPOS <- "27.3950398"
  
 CHARMM>            calc ypos = @B * ( ?random - 0.5 )
 Parameter: B -> "73.4166194"
 RDCMND substituted energy or value "?RANDOM" to "0.157080709"
Evaluating: 73.4166194*(0.157080709-0.5)
 Parameter: YPOS <- "-25.1759751"
  
 CHARMM>            calc zpos = @C * ( ?random - 0.5 ) + @zcen
 Parameter: C -> "85"
 Parameter: ZCEN -> "0"
 RDCMND substituted energy or value "?RANDOM" to "0.823483723"
Evaluating: 85*(0.823483723-0.5)+0
 Parameter: ZPOS <- "27.4961165"
  
 CHARMM>     
  
 CHARMM>            if zpos .gt. -15 if zpos .lt. 15 goto doinit
 Comparing "27.4961165" and "-15".
 IF test evaluated as true.  Performing command
 Comparing "27.4961165" and "15".
 IF test evaluated as false.  Skipping command
  
 CHARMM>     
  
 CHARMM>            ! move target to selected position
  
 CHARMM>            coor stat select target end
 SELRPN>      1 atoms have been selected out of  22374
 STATISTICS FOR         1 SELECTED ATOMS:
    XMIN =  -16.157375 XMAX =  -16.157375 XAVE =  -16.157375
    YMIN =  -12.987943 YMAX =  -12.987943 YAVE =  -12.987943
    ZMIN =   15.881477 ZMAX =   15.881477 ZAVE =   15.881477
    WMIN =    1.000000 WMAX =    1.000000 WAVE =    1.000000
  
 CHARMM>            calc xtran = @xpos - ?xave
 Parameter: XPOS -> "27.3950398"
 RDCMND substituted energy or value "?XAVE" to "-16.1573747"
Evaluating: 27.3950398--16.1573747
 Parameter: XTRAN <- "43.5524145"
  
 CHARMM>            calc ytran = @ypos - ?yave
 Parameter: YPOS -> "-25.1759751"
 RDCMND substituted energy or value "?YAVE" to "-12.9879428"
Evaluating: -25.1759751--12.9879428
 Parameter: YTRAN <- "-12.1880323"
  
 CHARMM>            calc ztran = @zpos - ?zave
 Parameter: ZPOS -> "27.4961165"
 RDCMND substituted energy or value "?ZAVE" to "15.8814772"
Evaluating: 27.4961165-15.8814772
 Parameter: ZTRAN <- "11.6146393"
  
 CHARMM>            coor trans xdir @xtran ydir @ytran zdir @ztran select target end
 Parameter: XTRAN -> "43.5524145"
 Parameter: YTRAN -> "-12.1880323"
 Parameter: ZTRAN -> "11.6146393"
 SELRPN>      1 atoms have been selected out of  22374
 TRANSLATION VECTOR    43.552414  -12.188032   11.614639
 SELECTED COORDINATES TRANSLATED IN THE MAIN SET.

  
 CHARMM>     
  
 CHARMM>            ! apply a random rotation along XYZ
  
 CHARMM>            calc xphi = ?random * 360.0
 RDCMND substituted energy or value "?RANDOM" to "1.026126579E-02"
Evaluating: 1.026126579E-02*360.0
 Parameter: XPHI <- "3.69405568"
  
 CHARMM>            calc yphi = ?random * 360.0
 RDCMND substituted energy or value "?RANDOM" to "7.229850199E-02"
Evaluating: 7.229850199E-02*360.0
 Parameter: YPHI <- "26.0274607"
  
 CHARMM>            calc zphi = ?random * 360.0
 RDCMND substituted energy or value "?RANDOM" to "0.906988261"
Evaluating: 0.906988261*360.0
 Parameter: ZPHI <- "326.515774"
  
 CHARMM>            coor rotate xcen @xpos ycen @ypos zcen @zpos xdir 1.0 -
 CHARMM>                phi @xphi select target end
 Parameter: XPOS -> "27.3950398"
 Parameter: YPOS -> "-25.1759751"
 Parameter: ZPOS -> "27.4961165"
 Parameter: XPHI -> "3.69405568"
 SELRPN>      1 atoms have been selected out of  22374
 ROTATION MATRIX
    1.000000    0.000000    0.000000
    0.000000    0.997922    0.064429
    0.000000   -0.064429    0.997922

 AXIS OF ROTATION IS  1.000000  0.000000  0.000000  ANGLE IS    3.69

 SELECTED COORDINATES ROTATED IN THE MAIN SET.

  
 CHARMM>            coor rotate xcen @xpos ycen @ypos zcen @zpos ydir 1.0 -
 CHARMM>                phi @yphi select target end
 Parameter: XPOS -> "27.3950398"
 Parameter: YPOS -> "-25.1759751"
 Parameter: ZPOS -> "27.4961165"
 Parameter: YPHI -> "26.0274607"
 SELRPN>      1 atoms have been selected out of  22374
 ROTATION MATRIX
    0.898584    0.000000   -0.438802
    0.000000    1.000000    0.000000
    0.438802    0.000000    0.898584

 AXIS OF ROTATION IS  0.000000  1.000000  0.000000  ANGLE IS   26.03

 SELECTED COORDINATES ROTATED IN THE MAIN SET.

  
 CHARMM>            coor rotate xcen @xpos ycen @ypos zcen @zpos zdir 1.0 -
 CHARMM>                phi @zphi select target end
 Parameter: XPOS -> "27.3950398"
 Parameter: YPOS -> "-25.1759751"
 Parameter: ZPOS -> "27.4961165"
 Parameter: ZPHI -> "326.515774"
 SELRPN>      1 atoms have been selected out of  22374
 ROTATION MATRIX
    0.834038   -0.551707    0.000000
    0.551707    0.834038    0.000000
    0.000000    0.000000    1.000000

 AXIS OF ROTATION IS  0.000000  0.000000 -1.000000  ANGLE IS   33.48

 SELECTED COORDINATES ROTATED IN THE MAIN SET.

  
 CHARMM>     
  
 CHARMM>     
  
 CHARMM>            calc dcut = 3.5
Evaluating: 3.5
 Parameter: DCUT <- "3.5"
  
 CHARMM>     
  
 CHARMM>            coor stat sele target end
 SELRPN>      1 atoms have been selected out of  22374
 STATISTICS FOR         1 SELECTED ATOMS:
    XMIN =   27.395040 XMAX =   27.395040 XAVE =   27.395040
    YMIN =  -25.175975 YMAX =  -25.175975 YAVE =  -25.175975
    ZMIN =   27.496116 ZMAX =   27.496116 ZAVE =   27.496116
    WMIN =    1.000000 WMAX =    1.000000 WAVE =    1.000000
  
 CHARMM>            calc xmax = ?xmax + @dcut
 Parameter: DCUT -> "3.5"
 RDCMND substituted energy or value "?XMAX" to "27.3950398"
Evaluating: 27.3950398+3.5
 Parameter: XMAX <- "30.8950398"
  
 CHARMM>            calc ymax = ?ymax + @dcut
 Parameter: DCUT -> "3.5"
 RDCMND substituted energy or value "?YMAX" to "-25.1759751"
Evaluating: -25.1759751+3.5
 Parameter: YMAX <- "-21.6759751"
  
 CHARMM>            calc zmax = ?zmax + @dcut
 Parameter: DCUT -> "3.5"
 RDCMND substituted energy or value "?ZMAX" to "27.4961165"
Evaluating: 27.4961165+3.5
 Parameter: ZMAX <- "30.9961165"
  
 CHARMM>            calc xmin = ?xmin - @dcut
 Parameter: DCUT -> "3.5"
 RDCMND substituted energy or value "?XMIN" to "27.3950398"
Evaluating: 27.3950398-3.5
 Parameter: XMIN <- "23.8950398"
  
 CHARMM>            calc ymin = ?ymin - @dcut
 Parameter: DCUT -> "3.5"
 RDCMND substituted energy or value "?YMIN" to "-25.1759751"
Evaluating: -25.1759751-3.5
 Parameter: YMIN <- "-28.6759751"
  
 CHARMM>            calc zmin = ?zmin - @dcut
 Parameter: DCUT -> "3.5"
 RDCMND substituted energy or value "?ZMIN" to "27.4961165"
Evaluating: 27.4961165-3.5
 Parameter: ZMIN <- "23.9961165"
  
 CHARMM>     
  
 CHARMM>            define JUNK sele .not. target .and. -
 CHARMM>                             prop X .lt. @xmax .and. prop X .gt. @xmin .and. -
 CHARMM>                             prop Y .lt. @ymax .and. prop Y .gt. @ymin .and. -
 CHARMM>                             prop Z .lt. @zmax .and. prop Z .gt. @zmin  end
 Parameter: XMAX -> "30.8950398"
 Parameter: XMIN -> "23.8950398"
 Parameter: YMAX -> "-21.6759751"
 Parameter: YMIN -> "-28.6759751"
 Parameter: ZMAX -> "30.9961165"
 Parameter: ZMIN -> "23.9961165"
 SELRPN>      4 atoms have been selected out of  22374
  
 CHARMM>     
  
 CHARMM>            ! check if the ions are too close to protein
  
 CHARMM>            define XXX sele PROT end
 SELRPN>      0 atoms have been selected out of  22374
  
 CHARMM>            if ?nsel .gt. 0 then
 RDCMND substituted energy or value "?NSEL" to "0"
 Comparing "0" and "0".
 IF test evaluated as false.  Skip to ELSE or ENDIF
  
 CHARMM>     
  
 CHARMM>            ! check if the ions are too close to solute
  
 CHARMM>            coor dist cut 4.0 sele target end sele JUNK .and. .not. hydrogen end image
 SELRPN>      1 atoms have been selected out of  34208
 SELRPN>      1 atoms have been selected out of  34208

            DISTANCES FOR SELECTED ATOMS
22325 POS      SOD      5        SOD     -8182 MEMB     OSM      71       C14           3.3200
 TOTAL EXCLUSION COUNT =         0
 TOTAL 1-4 EXCLUSIONS  =         0
 TOTAL NON-EXCLUSIONS  =         1
  
 CHARMM>            if ?npair .gt. 0 goto doinit
 RDCMND substituted energy or value "?NPAIR" to "1"
 Comparing "1" and "0".
 IF test evaluated as true.  Performing command
  
 CHARMM>     
  
 CHARMM>            calc cntrand = @cntrand + 1
 Parameter: CNTRAND -> "3"
Evaluating: 3+1
 Parameter: CNTRAND <- "4"
  
 CHARMM>            if cntrand .gt. 100 stop ! ABNORMAL TERMINATION: ion placing may not work.. stop here
 Comparing "4" and "100".
 IF test evaluated as false.  Skipping command
  
 CHARMM>     
  
 CHARMM>            calc j = @i
 Parameter: I -> "5"
Evaluating: 5
 Parameter: J <- "5"
  
 CHARMM>            set ion = POS
 Parameter: ION <- "POS"
  
 CHARMM>     
  
 CHARMM>            if j .gt. @npos then
 Parameter: NPOS -> "37"
 Comparing "5" and "37".
 IF test evaluated as false.  Skip to ELSE or ENDIF
  
 CHARMM>     
  
 CHARMM>            define target select segid @ion .and. resid @j end
 Parameter: ION -> "POS"
 Parameter: J -> "5"
 SELRPN>      1 atoms have been selected out of  22374
  
 CHARMM>     
  
 CHARMM>            calc xpos = @A * ( ?random - 0.5 )
 Parameter: A -> "73.4166194"
 RDCMND substituted energy or value "?RANDOM" to "0.528598543"
Evaluating: 73.4166194*(0.528598543-0.5)
 Parameter: XPOS <- "2.09960835"
  
 CHARMM>            calc ypos = @B * ( ?random - 0.5 )
 Parameter: B -> "73.4166194"
 RDCMND substituted energy or value "?RANDOM" to "0.666541017"
Evaluating: 73.4166194*(0.666541017-0.5)
 Parameter: YPOS <- "12.2268785"
  
 CHARMM>            calc zpos = @C * ( ?random - 0.5 ) + @zcen
 Parameter: C -> "85"
 Parameter: ZCEN -> "0"
 RDCMND substituted energy or value "?RANDOM" to "6.535088306E-02"
Evaluating: 85*(6.535088306E-02-0.5)+0
 Parameter: ZPOS <- "-36.9451749"
  
 CHARMM>     
  
 CHARMM>            if zpos .gt. -15 if zpos .lt. 15 goto doinit
 Comparing "-36.9451749" and "-15".
 IF test evaluated as false.  Skipping command
  
 CHARMM>     
  
 CHARMM>            ! move target to selected position
  
 CHARMM>            coor stat select target end
 SELRPN>      1 atoms have been selected out of  22374
 STATISTICS FOR         1 SELECTED ATOMS:
    XMIN =   27.395040 XMAX =   27.395040 XAVE =   27.395040
    YMIN =  -25.175975 YMAX =  -25.175975 YAVE =  -25.175975
    ZMIN =   27.496116 ZMAX =   27.496116 ZAVE =   27.496116
    WMIN =    1.000000 WMAX =    1.000000 WAVE =    1.000000
  
 CHARMM>            calc xtran = @xpos - ?xave
 Parameter: XPOS -> "2.09960835"
 RDCMND substituted energy or value "?XAVE" to "27.3950398"
Evaluating: 2.09960835-27.3950398
 Parameter: XTRAN <- "-25.2954314"
  
 CHARMM>            calc ytran = @ypos - ?yave
 Parameter: YPOS -> "12.2268785"
 RDCMND substituted energy or value "?YAVE" to "-25.1759751"
Evaluating: 12.2268785--25.1759751
 Parameter: YTRAN <- "37.4028536"
  
 CHARMM>            calc ztran = @zpos - ?zave
 Parameter: ZPOS -> "-36.9451749"
 RDCMND substituted energy or value "?ZAVE" to "27.4961165"
Evaluating: -36.9451749-27.4961165
 Parameter: ZTRAN <- "-64.4412914"
  
 CHARMM>            coor trans xdir @xtran ydir @ytran zdir @ztran select target end
 Parameter: XTRAN -> "-25.2954314"
 Parameter: YTRAN -> "37.4028536"
 Parameter: ZTRAN -> "-64.4412914"
 SELRPN>      1 atoms have been selected out of  22374
 TRANSLATION VECTOR   -25.295431   37.402854  -64.441291
 SELECTED COORDINATES TRANSLATED IN THE MAIN SET.

  
 CHARMM>     
  
 CHARMM>            ! apply a random rotation along XYZ
  
 CHARMM>            calc xphi = ?random * 360.0
 RDCMND substituted energy or value "?RANDOM" to "0.518864785"
Evaluating: 0.518864785*360.0
 Parameter: XPHI <- "186.791323"
  
 CHARMM>            calc yphi = ?random * 360.0
 RDCMND substituted energy or value "?RANDOM" to "0.605116969"
Evaluating: 0.605116969*360.0
 Parameter: YPHI <- "217.842109"
  
 CHARMM>            calc zphi = ?random * 360.0
 RDCMND substituted energy or value "?RANDOM" to "0.392645722"
Evaluating: 0.392645722*360.0
 Parameter: ZPHI <- "141.35246"
  
 CHARMM>            coor rotate xcen @xpos ycen @ypos zcen @zpos xdir 1.0 -
 CHARMM>                phi @xphi select target end
 Parameter: XPOS -> "2.09960835"
 Parameter: YPOS -> "12.2268785"
 Parameter: ZPOS -> "-36.9451749"
 Parameter: XPHI -> "186.791323"
 SELRPN>      1 atoms have been selected out of  22374
 ROTATION MATRIX
    1.000000    0.000000    0.000000
    0.000000   -0.992983   -0.118254
    0.000000    0.118254   -0.992983

 AXIS OF ROTATION IS -1.000000  0.000000  0.000000  ANGLE IS  173.21

 SELECTED COORDINATES ROTATED IN THE MAIN SET.

  
 CHARMM>            coor rotate xcen @xpos ycen @ypos zcen @zpos ydir 1.0 -
 CHARMM>                phi @yphi select target end
 Parameter: XPOS -> "2.09960835"
 Parameter: YPOS -> "12.2268785"
 Parameter: ZPOS -> "-36.9451749"
 Parameter: YPHI -> "217.842109"
 SELRPN>      1 atoms have been selected out of  22374
 ROTATION MATRIX
   -0.789704    0.000000    0.613488
    0.000000    1.000000    0.000000
   -0.613488    0.000000   -0.789704

 AXIS OF ROTATION IS  0.000000 -1.000000  0.000000  ANGLE IS  142.16

 SELECTED COORDINATES ROTATED IN THE MAIN SET.

  
 CHARMM>            coor rotate xcen @xpos ycen @ypos zcen @zpos zdir 1.0 -
 CHARMM>                phi @zphi select target end
 Parameter: XPOS -> "2.09960835"
 Parameter: YPOS -> "12.2268785"
 Parameter: ZPOS -> "-36.9451749"
 Parameter: ZPHI -> "141.35246"
 SELRPN>      1 atoms have been selected out of  22374
 ROTATION MATRIX
   -0.781003    0.624528    0.000000
   -0.624528   -0.781003    0.000000
    0.000000    0.000000    1.000000

 AXIS OF ROTATION IS  0.000000  0.000000  1.000000  ANGLE IS  141.35

 SELECTED COORDINATES ROTATED IN THE MAIN SET.

  
 CHARMM>     
  
 CHARMM>     
  
 CHARMM>            calc dcut = 3.5
Evaluating: 3.5
 Parameter: DCUT <- "3.5"
  
 CHARMM>     
  
 CHARMM>            coor stat sele target end
 SELRPN>      1 atoms have been selected out of  22374
 STATISTICS FOR         1 SELECTED ATOMS:
    XMIN =    2.099608 XMAX =    2.099608 XAVE =    2.099608
    YMIN =   12.226879 YMAX =   12.226879 YAVE =   12.226879
    ZMIN =  -36.945175 ZMAX =  -36.945175 ZAVE =  -36.945175
    WMIN =    1.000000 WMAX =    1.000000 WAVE =    1.000000
  
 CHARMM>            calc xmax = ?xmax + @dcut
 Parameter: DCUT -> "3.5"
 RDCMND substituted energy or value "?XMAX" to "2.09960838"
Evaluating: 2.09960838+3.5
 Parameter: XMAX <- "5.59960838"
  
 CHARMM>            calc ymax = ?ymax + @dcut
 Parameter: DCUT -> "3.5"
 RDCMND substituted energy or value "?YMAX" to "12.2268785"
Evaluating: 12.2268785+3.5
 Parameter: YMAX <- "15.7268785"
  
 CHARMM>            calc zmax = ?zmax + @dcut
 Parameter: DCUT -> "3.5"
 RDCMND substituted energy or value "?ZMAX" to "-36.9451749"
Evaluating: -36.9451749+3.5
 Parameter: ZMAX <- "-33.4451749"
  
 CHARMM>            calc xmin = ?xmin - @dcut
 Parameter: DCUT -> "3.5"
 RDCMND substituted energy or value "?XMIN" to "2.09960838"
Evaluating: 2.09960838-3.5
 Parameter: XMIN <- "-1.40039162"
  
 CHARMM>            calc ymin = ?ymin - @dcut
 Parameter: DCUT -> "3.5"
 RDCMND substituted energy or value "?YMIN" to "12.2268785"
Evaluating: 12.2268785-3.5
 Parameter: YMIN <- "8.7268785"
  
 CHARMM>            calc zmin = ?zmin - @dcut
 Parameter: DCUT -> "3.5"
 RDCMND substituted energy or value "?ZMIN" to "-36.9451749"
Evaluating: -36.9451749-3.5
 Parameter: ZMIN <- "-40.4451749"
  
 CHARMM>     
  
 CHARMM>            define JUNK sele .not. target .and. -
 CHARMM>                             prop X .lt. @xmax .and. prop X .gt. @xmin .and. -
 CHARMM>                             prop Y .lt. @ymax .and. prop Y .gt. @ymin .and. -
 CHARMM>                             prop Z .lt. @zmax .and. prop Z .gt. @zmin  end
 Parameter: XMAX -> "5.59960838"
 Parameter: XMIN -> "-1.40039162"
 Parameter: YMAX -> "15.7268785"
 Parameter: YMIN -> "8.7268785"
 Parameter: ZMAX -> "-33.4451749"
 Parameter: ZMIN -> "-40.4451749"
 SELRPN>      0 atoms have been selected out of  22374
  
 CHARMM>     
  
 CHARMM>            ! check if the ions are too close to protein
  
 CHARMM>            define XXX sele PROT end
 SELRPN>      0 atoms have been selected out of  22374
  
 CHARMM>            if ?nsel .gt. 0 then
 RDCMND substituted energy or value "?NSEL" to "0"
 Comparing "0" and "0".
 IF test evaluated as false.  Skip to ELSE or ENDIF
  
 CHARMM>     
  
 CHARMM>            ! check if the ions are too close to solute
  
 CHARMM>            coor dist cut 4.0 sele target end sele JUNK .and. .not. hydrogen end image
 SELRPN>      1 atoms have been selected out of  34208
 SELRPN>      0 atoms have been selected out of  34208

            DISTANCES FOR SELECTED ATOMS
            ONLY ONE SELECTION SET SPECIFIED, A COMPARISON WILL BE DONE
 TOTAL EXCLUSION COUNT =         0
 TOTAL 1-4 EXCLUSIONS  =         0
 TOTAL NON-EXCLUSIONS  =         0
  
 CHARMM>            if ?npair .gt. 0 goto doinit
 RDCMND substituted energy or value "?NPAIR" to "0"
 Comparing "0" and "0".
 IF test evaluated as false.  Skipping command
  
 CHARMM>     
  
 CHARMM>            calc cntrand = 0
Evaluating: 0
 Parameter: CNTRAND <- "0"
  
 CHARMM>            increase i by 1
 Parameter: I <- "6"
  
 CHARMM>            if i .le. @nion goto doinit
 Parameter: NION -> "54"
 Comparing "6" and "54".
 IF test evaluated as true.  Performing command
  
 CHARMM>     
  
 CHARMM>            calc cntrand = @cntrand + 1
 Parameter: CNTRAND -> "0"
Evaluating: 0+1
 Parameter: CNTRAND <- "1"
  
 CHARMM>            if cntrand .gt. 100 stop ! ABNORMAL TERMINATION: ion placing may not work.. stop here
 Comparing "1" and "100".
 IF test evaluated as false.  Skipping command
  
 CHARMM>     
  
 CHARMM>            calc j = @i
 Parameter: I -> "6"
Evaluating: 6
 Parameter: J <- "6"
  
 CHARMM>            set ion = POS
 Parameter: ION <- "POS"
  
 CHARMM>     
  
 CHARMM>            if j .gt. @npos then
 Parameter: NPOS -> "37"
 Comparing "6" and "37".
 IF test evaluated as false.  Skip to ELSE or ENDIF
  
 CHARMM>     
  
 CHARMM>            define target select segid @ion .and. resid @j end
 Parameter: ION -> "POS"
 Parameter: J -> "6"
 SELRPN>      1 atoms have been selected out of  22374
  
 CHARMM>     
  
 CHARMM>            calc xpos = @A * ( ?random - 0.5 )
 Parameter: A -> "73.4166194"
 RDCMND substituted energy or value "?RANDOM" to "0.281349824"
Evaluating: 73.4166194*(0.281349824-0.5)
 Parameter: XPOS <- "-16.0525568"
  
 CHARMM>            calc ypos = @B * ( ?random - 0.5 )
 Parameter: B -> "73.4166194"
 RDCMND substituted energy or value "?RANDOM" to "0.469059322"
Evaluating: 73.4166194*(0.469059322-0.5)
 Parameter: YPOS <- "-2.27155998"
  
 CHARMM>            calc zpos = @C * ( ?random - 0.5 ) + @zcen
 Parameter: C -> "85"
 Parameter: ZCEN -> "0"
 RDCMND substituted energy or value "?RANDOM" to "0.169665721"
Evaluating: 85*(0.169665721-0.5)+0
 Parameter: ZPOS <- "-28.0784137"
  
 CHARMM>     
  
 CHARMM>            if zpos .gt. -15 if zpos .lt. 15 goto doinit
 Comparing "-28.0784137" and "-15".
 IF test evaluated as false.  Skipping command
  
 CHARMM>     
  
 CHARMM>            ! move target to selected position
  
 CHARMM>            coor stat select target end
 SELRPN>      1 atoms have been selected out of  22374
 STATISTICS FOR         1 SELECTED ATOMS:
    XMIN =    0.000000 XMAX =    0.000000 XAVE =    0.000000
    YMIN =    0.000000 YMAX =    0.000000 YAVE =    0.000000
    ZMIN =    0.000000 ZMAX =    0.000000 ZAVE =    0.000000
    WMIN =    1.000000 WMAX =    1.000000 WAVE =    1.000000
  
 CHARMM>            calc xtran = @xpos - ?xave
 Parameter: XPOS -> "-16.0525568"
 RDCMND substituted energy or value "?XAVE" to "0"
Evaluating: -16.0525568-0
 Parameter: XTRAN <- "-16.0525568"
  
 CHARMM>            calc ytran = @ypos - ?yave
 Parameter: YPOS -> "-2.27155998"
 RDCMND substituted energy or value "?YAVE" to "0"
Evaluating: -2.27155998-0
 Parameter: YTRAN <- "-2.27155998"
  
 CHARMM>            calc ztran = @zpos - ?zave
 Parameter: ZPOS -> "-28.0784137"
 RDCMND substituted energy or value "?ZAVE" to "0"
Evaluating: -28.0784137-0
 Parameter: ZTRAN <- "-28.0784137"
  
 CHARMM>            coor trans xdir @xtran ydir @ytran zdir @ztran select target end
 Parameter: XTRAN -> "-16.0525568"
 Parameter: YTRAN -> "-2.27155998"
 Parameter: ZTRAN -> "-28.0784137"
 SELRPN>      1 atoms have been selected out of  22374
 TRANSLATION VECTOR   -16.052557   -2.271560  -28.078414
 SELECTED COORDINATES TRANSLATED IN THE MAIN SET.

  
 CHARMM>     
  
 CHARMM>            ! apply a random rotation along XYZ
  
 CHARMM>            calc xphi = ?random * 360.0
 RDCMND substituted energy or value "?RANDOM" to "0.933769037"
Evaluating: 0.933769037*360.0
 Parameter: XPHI <- "336.156853"
  
 CHARMM>            calc yphi = ?random * 360.0
 RDCMND substituted energy or value "?RANDOM" to "0.946461545"
Evaluating: 0.946461545*360.0
 Parameter: YPHI <- "340.726156"
  
 CHARMM>            calc zphi = ?random * 360.0
 RDCMND substituted energy or value "?RANDOM" to "0.572007078"
Evaluating: 0.572007078*360.0
 Parameter: ZPHI <- "205.922548"
  
 CHARMM>            coor rotate xcen @xpos ycen @ypos zcen @zpos xdir 1.0 -
 CHARMM>                phi @xphi select target end
 Parameter: XPOS -> "-16.0525568"
 Parameter: YPOS -> "-2.27155998"
 Parameter: ZPOS -> "-28.0784137"
 Parameter: XPHI -> "336.156853"
 SELRPN>      1 atoms have been selected out of  22374
 ROTATION MATRIX
    1.000000    0.000000    0.000000
    0.000000    0.914656   -0.404234
    0.000000    0.404234    0.914656

 AXIS OF ROTATION IS -1.000000  0.000000  0.000000  ANGLE IS   23.84

 SELECTED COORDINATES ROTATED IN THE MAIN SET.

  
 CHARMM>            coor rotate xcen @xpos ycen @ypos zcen @zpos ydir 1.0 -
 CHARMM>                phi @yphi select target end
 Parameter: XPOS -> "-16.0525568"
 Parameter: YPOS -> "-2.27155998"
 Parameter: ZPOS -> "-28.0784137"
 Parameter: YPHI -> "340.726156"
 SELRPN>      1 atoms have been selected out of  22374
 ROTATION MATRIX
    0.943952    0.000000    0.330084
    0.000000    1.000000    0.000000
   -0.330084    0.000000    0.943952

 AXIS OF ROTATION IS  0.000000 -1.000000  0.000000  ANGLE IS   19.27

 SELECTED COORDINATES ROTATED IN THE MAIN SET.

  
 CHARMM>            coor rotate xcen @xpos ycen @ypos zcen @zpos zdir 1.0 -
 CHARMM>                phi @zphi select target end
 Parameter: XPOS -> "-16.0525568"
 Parameter: YPOS -> "-2.27155998"
 Parameter: ZPOS -> "-28.0784137"
 Parameter: ZPHI -> "205.922548"
 SELRPN>      1 atoms have been selected out of  22374
 ROTATION MATRIX
   -0.899386   -0.437156    0.000000
    0.437156   -0.899386    0.000000
    0.000000    0.000000    1.000000

 AXIS OF ROTATION IS  0.000000  0.000000 -1.000000  ANGLE IS  154.08

 SELECTED COORDINATES ROTATED IN THE MAIN SET.

  
 CHARMM>     
  
 CHARMM>     
  
 CHARMM>            calc dcut = 3.5
Evaluating: 3.5
 Parameter: DCUT <- "3.5"
  
 CHARMM>     
  
 CHARMM>            coor stat sele target end
 SELRPN>      1 atoms have been selected out of  22374
 STATISTICS FOR         1 SELECTED ATOMS:
    XMIN =  -16.052557 XMAX =  -16.052557 XAVE =  -16.052557
    YMIN =   -2.271560 YMAX =   -2.271560 YAVE =   -2.271560
    ZMIN =  -28.078414 ZMAX =  -28.078414 ZAVE =  -28.078414
    WMIN =    1.000000 WMAX =    1.000000 WAVE =    1.000000
  
 CHARMM>            calc xmax = ?xmax + @dcut
 Parameter: DCUT -> "3.5"
 RDCMND substituted energy or value "?XMAX" to "-16.0525568"
Evaluating: -16.0525568+3.5
 Parameter: XMAX <- "-12.5525568"
  
 CHARMM>            calc ymax = ?ymax + @dcut
 Parameter: DCUT -> "3.5"
 RDCMND substituted energy or value "?YMAX" to "-2.27155998"
Evaluating: -2.27155998+3.5
 Parameter: YMAX <- "1.22844002"
  
 CHARMM>            calc zmax = ?zmax + @dcut
 Parameter: DCUT -> "3.5"
 RDCMND substituted energy or value "?ZMAX" to "-28.0784137"
Evaluating: -28.0784137+3.5
 Parameter: ZMAX <- "-24.5784137"
  
 CHARMM>            calc xmin = ?xmin - @dcut
 Parameter: DCUT -> "3.5"
 RDCMND substituted energy or value "?XMIN" to "-16.0525568"
Evaluating: -16.0525568-3.5
 Parameter: XMIN <- "-19.5525568"
  
 CHARMM>            calc ymin = ?ymin - @dcut
 Parameter: DCUT -> "3.5"
 RDCMND substituted energy or value "?YMIN" to "-2.27155998"
Evaluating: -2.27155998-3.5
 Parameter: YMIN <- "-5.77155998"
  
 CHARMM>            calc zmin = ?zmin - @dcut
 Parameter: DCUT -> "3.5"
 RDCMND substituted energy or value "?ZMIN" to "-28.0784137"
Evaluating: -28.0784137-3.5
 Parameter: ZMIN <- "-31.5784137"
  
 CHARMM>     
  
 CHARMM>            define JUNK sele .not. target .and. -
 CHARMM>                             prop X .lt. @xmax .and. prop X .gt. @xmin .and. -
 CHARMM>                             prop Y .lt. @ymax .and. prop Y .gt. @ymin .and. -
 CHARMM>                             prop Z .lt. @zmax .and. prop Z .gt. @zmin  end
 Parameter: XMAX -> "-12.5525568"
 Parameter: XMIN -> "-19.5525568"
 Parameter: YMAX -> "1.22844002"
 Parameter: YMIN -> "-5.77155998"
 Parameter: ZMAX -> "-24.5784137"
 Parameter: ZMIN -> "-31.5784137"
 SELRPN>      0 atoms have been selected out of  22374
  
 CHARMM>     
  
 CHARMM>            ! check if the ions are too close to protein
  
 CHARMM>            define XXX sele PROT end
 SELRPN>      0 atoms have been selected out of  22374
  
 CHARMM>            if ?nsel .gt. 0 then
 RDCMND substituted energy or value "?NSEL" to "0"
 Comparing "0" and "0".
 IF test evaluated as false.  Skip to ELSE or ENDIF
  
 CHARMM>     
  
 CHARMM>            ! check if the ions are too close to solute
  
 CHARMM>            coor dist cut 4.0 sele target end sele JUNK .and. .not. hydrogen end image
 SELRPN>      1 atoms have been selected out of  34208
 SELRPN>      0 atoms have been selected out of  34208

            DISTANCES FOR SELECTED ATOMS
            ONLY ONE SELECTION SET SPECIFIED, A COMPARISON WILL BE DONE
 TOTAL EXCLUSION COUNT =         0
 TOTAL 1-4 EXCLUSIONS  =         0
 TOTAL NON-EXCLUSIONS  =         0
  
 CHARMM>            if ?npair .gt. 0 goto doinit
 RDCMND substituted energy or value "?NPAIR" to "0"
 Comparing "0" and "0".
 IF test evaluated as false.  Skipping command
  
 CHARMM>     
  
 CHARMM>            calc cntrand = 0
Evaluating: 0
 Parameter: CNTRAND <- "0"
  
 CHARMM>            increase i by 1
 Parameter: I <- "7"
  
 CHARMM>            if i .le. @nion goto doinit
 Parameter: NION -> "54"
 Comparing "7" and "54".
 IF test evaluated as true.  Performing command
  
 CHARMM>     
  
 CHARMM>            calc cntrand = @cntrand + 1
 Parameter: CNTRAND -> "0"
Evaluating: 0+1
 Parameter: CNTRAND <- "1"
  
 CHARMM>            if cntrand .gt. 100 stop ! ABNORMAL TERMINATION: ion placing may not work.. stop here
 Comparing "1" and "100".
 IF test evaluated as false.  Skipping command
  
 CHARMM>     
  
 CHARMM>            calc j = @i
 Parameter: I -> "7"
Evaluating: 7
 Parameter: J <- "7"
  
 CHARMM>            set ion = POS
 Parameter: ION <- "POS"
  
 CHARMM>     
  
 CHARMM>            if j .gt. @npos then
 Parameter: NPOS -> "37"
 Comparing "7" and "37".
 IF test evaluated as false.  Skip to ELSE or ENDIF
  
 CHARMM>     
  
 CHARMM>            define target select segid @ion .and. resid @j end
 Parameter: ION -> "POS"
 Parameter: J -> "7"
 SELRPN>      1 atoms have been selected out of  22374
  
 CHARMM>     
  
 CHARMM>            calc xpos = @A * ( ?random - 0.5 )
 Parameter: A -> "73.4166194"
 RDCMND substituted energy or value "?RANDOM" to "0.737658773"
Evaluating: 73.4166194*(0.737658773-0.5)
 Parameter: XPOS <- "17.4481037"
  
 CHARMM>            calc ypos = @B * ( ?random - 0.5 )
 Parameter: B -> "73.4166194"
 RDCMND substituted energy or value "?RANDOM" to "7.661525674E-02"
Evaluating: 73.4166194*(7.661525674E-02-0.5)
 Parameter: YPOS <- "-31.0834766"
  
 CHARMM>            calc zpos = @C * ( ?random - 0.5 ) + @zcen
 Parameter: C -> "85"
 Parameter: ZCEN -> "0"
 RDCMND substituted energy or value "?RANDOM" to "0.731077952"
Evaluating: 85*(0.731077952-0.5)+0
 Parameter: ZPOS <- "19.6416259"
  
 CHARMM>     
  
 CHARMM>            if zpos .gt. -15 if zpos .lt. 15 goto doinit
 Comparing "19.6416259" and "-15".
 IF test evaluated as true.  Performing command
 Comparing "19.6416259" and "15".
 IF test evaluated as false.  Skipping command
  
 CHARMM>     
  
 CHARMM>            ! move target to selected position
  
 CHARMM>            coor stat select target end
 SELRPN>      1 atoms have been selected out of  22374
 STATISTICS FOR         1 SELECTED ATOMS:
    XMIN =    0.000000 XMAX =    0.000000 XAVE =    0.000000
    YMIN =    0.000000 YMAX =    0.000000 YAVE =    0.000000
    ZMIN =    0.000000 ZMAX =    0.000000 ZAVE =    0.000000
    WMIN =    1.000000 WMAX =    1.000000 WAVE =    1.000000
  
 CHARMM>            calc xtran = @xpos - ?xave
 Parameter: XPOS -> "17.4481037"
 RDCMND substituted energy or value "?XAVE" to "0"
Evaluating: 17.4481037-0
 Parameter: XTRAN <- "17.4481037"
  
 CHARMM>            calc ytran = @ypos - ?yave
 Parameter: YPOS -> "-31.0834766"
 RDCMND substituted energy or value "?YAVE" to "0"
Evaluating: -31.0834766-0
 Parameter: YTRAN <- "-31.0834766"
  
 CHARMM>            calc ztran = @zpos - ?zave
 Parameter: ZPOS -> "19.6416259"
 RDCMND substituted energy or value "?ZAVE" to "0"
Evaluating: 19.6416259-0
 Parameter: ZTRAN <- "19.6416259"
  
 CHARMM>            coor trans xdir @xtran ydir @ytran zdir @ztran select target end
 Parameter: XTRAN -> "17.4481037"
 Parameter: YTRAN -> "-31.0834766"
 Parameter: ZTRAN -> "19.6416259"
 SELRPN>      1 atoms have been selected out of  22374
 TRANSLATION VECTOR    17.448104  -31.083477   19.641626
 SELECTED COORDINATES TRANSLATED IN THE MAIN SET.

  
 CHARMM>     
  
 CHARMM>            ! apply a random rotation along XYZ
  
 CHARMM>            calc xphi = ?random * 360.0
 RDCMND substituted energy or value "?RANDOM" to "0.495341296"
Evaluating: 0.495341296*360.0
 Parameter: XPHI <- "178.322867"
  
 CHARMM>            calc yphi = ?random * 360.0
 RDCMND substituted energy or value "?RANDOM" to "0.181413266"
Evaluating: 0.181413266*360.0
 Parameter: YPHI <- "65.3087758"
  
 CHARMM>            calc zphi = ?random * 360.0
 RDCMND substituted energy or value "?RANDOM" to "0.990889894"
Evaluating: 0.990889894*360.0
 Parameter: ZPHI <- "356.720362"
  
 CHARMM>            coor rotate xcen @xpos ycen @ypos zcen @zpos xdir 1.0 -
 CHARMM>                phi @xphi select target end
 Parameter: XPOS -> "17.4481037"
 Parameter: YPOS -> "-31.0834766"
 Parameter: ZPOS -> "19.6416259"
 Parameter: XPHI -> "178.322867"
 SELRPN>      1 atoms have been selected out of  22374
 ROTATION MATRIX
    1.000000    0.000000    0.000000
    0.000000   -0.999572    0.029267
    0.000000   -0.029267   -0.999572

 AXIS OF ROTATION IS  1.000000  0.000000  0.000000  ANGLE IS  178.32

 SELECTED COORDINATES ROTATED IN THE MAIN SET.

  
 CHARMM>            coor rotate xcen @xpos ycen @ypos zcen @zpos ydir 1.0 -
 CHARMM>                phi @yphi select target end
 Parameter: XPOS -> "17.4481037"
 Parameter: YPOS -> "-31.0834766"
 Parameter: ZPOS -> "19.6416259"
 Parameter: YPHI -> "65.3087758"
 SELRPN>      1 atoms have been selected out of  22374
 ROTATION MATRIX
    0.417728    0.000000   -0.908572
    0.000000    1.000000    0.000000
    0.908572    0.000000    0.417728

 AXIS OF ROTATION IS  0.000000  1.000000  0.000000  ANGLE IS   65.31

 SELECTED COORDINATES ROTATED IN THE MAIN SET.

  
 CHARMM>            coor rotate xcen @xpos ycen @ypos zcen @zpos zdir 1.0 -
 CHARMM>                phi @zphi select target end
 Parameter: XPOS -> "17.4481037"
 Parameter: YPOS -> "-31.0834766"
 Parameter: ZPOS -> "19.6416259"
 Parameter: ZPHI -> "356.720362"
 SELRPN>      1 atoms have been selected out of  22374
 ROTATION MATRIX
    0.998362   -0.057209    0.000000
    0.057209    0.998362    0.000000
    0.000000    0.000000    1.000000

 AXIS OF ROTATION IS  0.000000  0.000000 -1.000000  ANGLE IS    3.28

 SELECTED COORDINATES ROTATED IN THE MAIN SET.

  
 CHARMM>     
  
 CHARMM>     
  
 CHARMM>            calc dcut = 3.5
Evaluating: 3.5
 Parameter: DCUT <- "3.5"
  
 CHARMM>     
  
 CHARMM>            coor stat sele target end
 SELRPN>      1 atoms have been selected out of  22374
 STATISTICS FOR         1 SELECTED ATOMS:
    XMIN =   17.448104 XMAX =   17.448104 XAVE =   17.448104
    YMIN =  -31.083477 YMAX =  -31.083477 YAVE =  -31.083477
    ZMIN =   19.641626 ZMAX =   19.641626 ZAVE =   19.641626
    WMIN =    1.000000 WMAX =    1.000000 WAVE =    1.000000
  
 CHARMM>            calc xmax = ?xmax + @dcut
 Parameter: DCUT -> "3.5"
 RDCMND substituted energy or value "?XMAX" to "17.4481037"
Evaluating: 17.4481037+3.5
 Parameter: XMAX <- "20.9481037"
  
 CHARMM>            calc ymax = ?ymax + @dcut
 Parameter: DCUT -> "3.5"
 RDCMND substituted energy or value "?YMAX" to "-31.0834766"
Evaluating: -31.0834766+3.5
 Parameter: YMAX <- "-27.5834766"
  
 CHARMM>            calc zmax = ?zmax + @dcut
 Parameter: DCUT -> "3.5"
 RDCMND substituted energy or value "?ZMAX" to "19.6416259"
Evaluating: 19.6416259+3.5
 Parameter: ZMAX <- "23.1416259"
  
 CHARMM>            calc xmin = ?xmin - @dcut
 Parameter: DCUT -> "3.5"
 RDCMND substituted energy or value "?XMIN" to "17.4481037"
Evaluating: 17.4481037-3.5
 Parameter: XMIN <- "13.9481037"
  
 CHARMM>            calc ymin = ?ymin - @dcut
 Parameter: DCUT -> "3.5"
 RDCMND substituted energy or value "?YMIN" to "-31.0834766"
Evaluating: -31.0834766-3.5
 Parameter: YMIN <- "-34.5834766"
  
 CHARMM>            calc zmin = ?zmin - @dcut
 Parameter: DCUT -> "3.5"
 RDCMND substituted energy or value "?ZMIN" to "19.6416259"
Evaluating: 19.6416259-3.5
 Parameter: ZMIN <- "16.1416259"
  
 CHARMM>     
  
 CHARMM>            define JUNK sele .not. target .and. -
 CHARMM>                             prop X .lt. @xmax .and. prop X .gt. @xmin .and. -
 CHARMM>                             prop Y .lt. @ymax .and. prop Y .gt. @ymin .and. -
 CHARMM>                             prop Z .lt. @zmax .and. prop Z .gt. @zmin  end
 Parameter: XMAX -> "20.9481037"
 Parameter: XMIN -> "13.9481037"
 Parameter: YMAX -> "-27.5834766"
 Parameter: YMIN -> "-34.5834766"
 Parameter: ZMAX -> "23.1416259"
 Parameter: ZMIN -> "16.1416259"
 SELRPN>     28 atoms have been selected out of  22374
  
 CHARMM>     
  
 CHARMM>            ! check if the ions are too close to protein
  
 CHARMM>            define XXX sele PROT end
 SELRPN>      0 atoms have been selected out of  22374
  
 CHARMM>            if ?nsel .gt. 0 then
 RDCMND substituted energy or value "?NSEL" to "0"
 Comparing "0" and "0".
 IF test evaluated as false.  Skip to ELSE or ENDIF
  
 CHARMM>     
  
 CHARMM>            ! check if the ions are too close to solute
  
 CHARMM>            coor dist cut 4.0 sele target end sele JUNK .and. .not. hydrogen end image
 SELRPN>      1 atoms have been selected out of  34208
 SELRPN>     16 atoms have been selected out of  34208

            DISTANCES FOR SELECTED ATOMS
22327 POS      SOD      7        SOD     -7112 MEMB     SAPI     62       O11           2.5627
22327 POS      SOD      7        SOD     -7113 MEMB     SAPI     62       C1            1.6971
22327 POS      SOD      7        SOD     -7116 MEMB     SAPI     62       C2            0.5232
22327 POS      SOD      7        SOD     -7118 MEMB     SAPI     62       O21           1.8045
22327 POS      SOD      7        SOD     -7119 MEMB     SAPI     62       C21           2.8305
22327 POS      SOD      7        SOD     -7120 MEMB     SAPI     62       O22           3.2260
22327 POS      SOD      7        SOD     -7124 MEMB     SAPI     62       C3            1.0373
22327 POS      SOD      7        SOD     -7127 MEMB     SAPI     62       O31           2.0156
22327 POS      SOD      7        SOD     -7128 MEMB     SAPI     62       C31           3.1239
22327 POS      SOD      7        SOD     -9960 MEMB     SLPC     86       O11           3.4075
22327 POS      SOD      7        SOD     -9961 MEMB     SLPC     86       C1            3.6343
 TOTAL EXCLUSION COUNT =         0
 TOTAL 1-4 EXCLUSIONS  =         0
 TOTAL NON-EXCLUSIONS  =        11
  
 CHARMM>            if ?npair .gt. 0 goto doinit
 RDCMND substituted energy or value "?NPAIR" to "11"
 Comparing "11" and "0".
 IF test evaluated as true.  Performing command
  
 CHARMM>     
  
 CHARMM>            calc cntrand = @cntrand + 1
 Parameter: CNTRAND -> "1"
Evaluating: 1+1
 Parameter: CNTRAND <- "2"
  
 CHARMM>            if cntrand .gt. 100 stop ! ABNORMAL TERMINATION: ion placing may not work.. stop here
 Comparing "2" and "100".
 IF test evaluated as false.  Skipping command
  
 CHARMM>     
  
 CHARMM>            calc j = @i
 Parameter: I -> "7"
Evaluating: 7
 Parameter: J <- "7"
  
 CHARMM>            set ion = POS
 Parameter: ION <- "POS"
  
 CHARMM>     
  
 CHARMM>            if j .gt. @npos then
 Parameter: NPOS -> "37"
 Comparing "7" and "37".
 IF test evaluated as false.  Skip to ELSE or ENDIF
  
 CHARMM>     
  
 CHARMM>            define target select segid @ion .and. resid @j end
 Parameter: ION -> "POS"
 Parameter: J -> "7"
 SELRPN>      1 atoms have been selected out of  22374
  
 CHARMM>     
  
 CHARMM>            calc xpos = @A * ( ?random - 0.5 )
 Parameter: A -> "73.4166194"
 RDCMND substituted energy or value "?RANDOM" to "0.288276568"
Evaluating: 73.4166194*(0.288276568-0.5)
 Parameter: XPOS <- "-15.5440186"
  
 CHARMM>            calc ypos = @B * ( ?random - 0.5 )
 Parameter: B -> "73.4166194"
 RDCMND substituted energy or value "?RANDOM" to "0.336924499"
Evaluating: 73.4166194*(0.336924499-0.5)
 Parameter: YPOS <- "-11.972452"
  
 CHARMM>            calc zpos = @C * ( ?random - 0.5 ) + @zcen
 Parameter: C -> "85"
 Parameter: ZCEN -> "0"
 RDCMND substituted energy or value "?RANDOM" to "0.460879694"
Evaluating: 85*(0.460879694-0.5)+0
 Parameter: ZPOS <- "-3.32522601"
  
 CHARMM>     
  
 CHARMM>            if zpos .gt. -15 if zpos .lt. 15 goto doinit
 Comparing "-3.32522601" and "-15".
 IF test evaluated as true.  Performing command
 Comparing "-3.32522601" and "15".
 IF test evaluated as true.  Performing command
  
 CHARMM>     
  
 CHARMM>            calc cntrand = @cntrand + 1
 Parameter: CNTRAND -> "2"
Evaluating: 2+1
 Parameter: CNTRAND <- "3"
  
 CHARMM>            if cntrand .gt. 100 stop ! ABNORMAL TERMINATION: ion placing may not work.. stop here
 Comparing "3" and "100".
 IF test evaluated as false.  Skipping command
  
 CHARMM>     
  
 CHARMM>            calc j = @i
 Parameter: I -> "7"
Evaluating: 7
 Parameter: J <- "7"
  
 CHARMM>            set ion = POS
 Parameter: ION <- "POS"
  
 CHARMM>     
  
 CHARMM>            if j .gt. @npos then
 Parameter: NPOS -> "37"
 Comparing "7" and "37".
 IF test evaluated as false.  Skip to ELSE or ENDIF
  
 CHARMM>     
  
 CHARMM>            define target select segid @ion .and. resid @j end
 Parameter: ION -> "POS"
 Parameter: J -> "7"
 SELRPN>      1 atoms have been selected out of  22374
  
 CHARMM>     
  
 CHARMM>            calc xpos = @A * ( ?random - 0.5 )
 Parameter: A -> "73.4166194"
 RDCMND substituted energy or value "?RANDOM" to "0.693809946"
Evaluating: 73.4166194*(0.693809946-0.5)
 Parameter: XPOS <- "14.228871"
  
 CHARMM>            calc ypos = @B * ( ?random - 0.5 )
 Parameter: B -> "73.4166194"
 RDCMND substituted energy or value "?RANDOM" to "0.401667839"
Evaluating: 73.4166194*(0.401667839-0.5)
 Parameter: YPOS <- "-7.21921484"
  
 CHARMM>            calc zpos = @C * ( ?random - 0.5 ) + @zcen
 Parameter: C -> "85"
 Parameter: ZCEN -> "0"
 RDCMND substituted energy or value "?RANDOM" to "0.34890655"
Evaluating: 85*(0.34890655-0.5)+0
 Parameter: ZPOS <- "-12.8429432"
  
 CHARMM>     
  
 CHARMM>            if zpos .gt. -15 if zpos .lt. 15 goto doinit
 Comparing "-12.8429432" and "-15".
 IF test evaluated as true.  Performing command
 Comparing "-12.8429432" and "15".
 IF test evaluated as true.  Performing command
  
 CHARMM>     
  
 CHARMM>            calc cntrand = @cntrand + 1
 Parameter: CNTRAND -> "3"
Evaluating: 3+1
 Parameter: CNTRAND <- "4"
  
 CHARMM>            if cntrand .gt. 100 stop ! ABNORMAL TERMINATION: ion placing may not work.. stop here
 Comparing "4" and "100".
 IF test evaluated as false.  Skipping command
  
 CHARMM>     
  
 CHARMM>            calc j = @i
 Parameter: I -> "7"
Evaluating: 7
 Parameter: J <- "7"
  
 CHARMM>            set ion = POS
 Parameter: ION <- "POS"
  
 CHARMM>     
  
 CHARMM>            if j .gt. @npos then
 Parameter: NPOS -> "37"
 Comparing "7" and "37".
 IF test evaluated as false.  Skip to ELSE or ENDIF
  
 CHARMM>     
  
 CHARMM>            define target select segid @ion .and. resid @j end
 Parameter: ION -> "POS"
 Parameter: J -> "7"
 SELRPN>      1 atoms have been selected out of  22374
  
 CHARMM>     
  
 CHARMM>            calc xpos = @A * ( ?random - 0.5 )
 Parameter: A -> "73.4166194"
 RDCMND substituted energy or value "?RANDOM" to "0.465574019"
Evaluating: 73.4166194*(0.465574019-0.5)
 Parameter: XPOS <- "-2.52743914"
  
 CHARMM>            calc ypos = @B * ( ?random - 0.5 )
 Parameter: B -> "73.4166194"
 RDCMND substituted energy or value "?RANDOM" to "0.120540016"
Evaluating: 73.4166194*(0.120540016-0.5)
 Parameter: YPOS <- "-27.8586692"
  
 CHARMM>            calc zpos = @C * ( ?random - 0.5 ) + @zcen
 Parameter: C -> "85"
 Parameter: ZCEN -> "0"
 RDCMND substituted energy or value "?RANDOM" to "0.311507148"
Evaluating: 85*(0.311507148-0.5)+0
 Parameter: ZPOS <- "-16.0218924"
  
 CHARMM>     
  
 CHARMM>            if zpos .gt. -15 if zpos .lt. 15 goto doinit
 Comparing "-16.0218924" and "-15".
 IF test evaluated as false.  Skipping command
  
 CHARMM>     
  
 CHARMM>            ! move target to selected position
  
 CHARMM>            coor stat select target end
 SELRPN>      1 atoms have been selected out of  22374
 STATISTICS FOR         1 SELECTED ATOMS:
    XMIN =   17.448104 XMAX =   17.448104 XAVE =   17.448104
    YMIN =  -31.083477 YMAX =  -31.083477 YAVE =  -31.083477
    ZMIN =   19.641626 ZMAX =   19.641626 ZAVE =   19.641626
    WMIN =    1.000000 WMAX =    1.000000 WAVE =    1.000000
  
 CHARMM>            calc xtran = @xpos - ?xave
 Parameter: XPOS -> "-2.52743914"
 RDCMND substituted energy or value "?XAVE" to "17.4481037"
Evaluating: -2.52743914-17.4481037
 Parameter: XTRAN <- "-19.9755428"
  
 CHARMM>            calc ytran = @ypos - ?yave
 Parameter: YPOS -> "-27.8586692"
 RDCMND substituted energy or value "?YAVE" to "-31.0834766"
Evaluating: -27.8586692--31.0834766
 Parameter: YTRAN <- "3.2248074"
  
 CHARMM>            calc ztran = @zpos - ?zave
 Parameter: ZPOS -> "-16.0218924"
 RDCMND substituted energy or value "?ZAVE" to "19.6416259"
Evaluating: -16.0218924-19.6416259
 Parameter: ZTRAN <- "-35.6635183"
  
 CHARMM>            coor trans xdir @xtran ydir @ytran zdir @ztran select target end
 Parameter: XTRAN -> "-19.9755428"
 Parameter: YTRAN -> "3.2248074"
 Parameter: ZTRAN -> "-35.6635183"
 SELRPN>      1 atoms have been selected out of  22374
 TRANSLATION VECTOR   -19.975543    3.224807  -35.663518
 SELECTED COORDINATES TRANSLATED IN THE MAIN SET.

  
 CHARMM>     
  
 CHARMM>            ! apply a random rotation along XYZ
  
 CHARMM>            calc xphi = ?random * 360.0
 RDCMND substituted energy or value "?RANDOM" to "0.805115837"
Evaluating: 0.805115837*360.0
 Parameter: XPHI <- "289.841701"
  
 CHARMM>            calc yphi = ?random * 360.0
 RDCMND substituted energy or value "?RANDOM" to "0.749309249"
Evaluating: 0.749309249*360.0
 Parameter: YPHI <- "269.75133"
  
 CHARMM>            calc zphi = ?random * 360.0
 RDCMND substituted energy or value "?RANDOM" to "0.531166636"
Evaluating: 0.531166636*360.0
 Parameter: ZPHI <- "191.219989"
  
 CHARMM>            coor rotate xcen @xpos ycen @ypos zcen @zpos xdir 1.0 -
 CHARMM>                phi @xphi select target end
 Parameter: XPOS -> "-2.52743914"
 Parameter: YPOS -> "-27.8586692"
 Parameter: ZPOS -> "-16.0218924"
 Parameter: XPHI -> "289.841701"
 SELRPN>      1 atoms have been selected out of  22374
 ROTATION MATRIX
    1.000000    0.000000    0.000000
    0.000000    0.339423   -0.940634
    0.000000    0.940634    0.339423

 AXIS OF ROTATION IS -1.000000  0.000000  0.000000  ANGLE IS   70.16

 SELECTED COORDINATES ROTATED IN THE MAIN SET.

  
 CHARMM>            coor rotate xcen @xpos ycen @ypos zcen @zpos ydir 1.0 -
 CHARMM>                phi @yphi select target end
 Parameter: XPOS -> "-2.52743914"
 Parameter: YPOS -> "-27.8586692"
 Parameter: ZPOS -> "-16.0218924"
 Parameter: YPHI -> "269.75133"
 SELRPN>      1 atoms have been selected out of  22374
 ROTATION MATRIX
   -0.004340    0.000000    0.999991
    0.000000    1.000000    0.000000
   -0.999991    0.000000   -0.004340

 AXIS OF ROTATION IS  0.000000 -1.000000  0.000000  ANGLE IS   90.25

 SELECTED COORDINATES ROTATED IN THE MAIN SET.

  
 CHARMM>            coor rotate xcen @xpos ycen @ypos zcen @zpos zdir 1.0 -
 CHARMM>                phi @zphi select target end
 Parameter: XPOS -> "-2.52743914"
 Parameter: YPOS -> "-27.8586692"
 Parameter: ZPOS -> "-16.0218924"
 Parameter: ZPHI -> "191.219989"
 SELRPN>      1 atoms have been selected out of  22374
 ROTATION MATRIX
   -0.980887   -0.194577    0.000000
    0.194577   -0.980887    0.000000
    0.000000    0.000000    1.000000

 AXIS OF ROTATION IS  0.000000  0.000000 -1.000000  ANGLE IS  168.78

 SELECTED COORDINATES ROTATED IN THE MAIN SET.

  
 CHARMM>     
  
 CHARMM>     
  
 CHARMM>            calc dcut = 3.5
Evaluating: 3.5
 Parameter: DCUT <- "3.5"
  
 CHARMM>     
  
 CHARMM>            coor stat sele target end
 SELRPN>      1 atoms have been selected out of  22374
 STATISTICS FOR         1 SELECTED ATOMS:
    XMIN =   -2.527439 XMAX =   -2.527439 XAVE =   -2.527439
    YMIN =  -27.858669 YMAX =  -27.858669 YAVE =  -27.858669
    ZMIN =  -16.021892 ZMAX =  -16.021892 ZAVE =  -16.021892
    WMIN =    1.000000 WMAX =    1.000000 WAVE =    1.000000
  
 CHARMM>            calc xmax = ?xmax + @dcut
 Parameter: DCUT -> "3.5"
 RDCMND substituted energy or value "?XMAX" to "-2.52743914"
Evaluating: -2.52743914+3.5
 Parameter: XMAX <- "0.97256086"
  
 CHARMM>            calc ymax = ?ymax + @dcut
 Parameter: DCUT -> "3.5"
 RDCMND substituted energy or value "?YMAX" to "-27.8586692"
Evaluating: -27.8586692+3.5
 Parameter: YMAX <- "-24.3586692"
  
 CHARMM>            calc zmax = ?zmax + @dcut
 Parameter: DCUT -> "3.5"
 RDCMND substituted energy or value "?ZMAX" to "-16.0218924"
Evaluating: -16.0218924+3.5
 Parameter: ZMAX <- "-12.5218924"
  
 CHARMM>            calc xmin = ?xmin - @dcut
 Parameter: DCUT -> "3.5"
 RDCMND substituted energy or value "?XMIN" to "-2.52743914"
Evaluating: -2.52743914-3.5
 Parameter: XMIN <- "-6.02743914"
  
 CHARMM>            calc ymin = ?ymin - @dcut
 Parameter: DCUT -> "3.5"
 RDCMND substituted energy or value "?YMIN" to "-27.8586692"
Evaluating: -27.8586692-3.5
 Parameter: YMIN <- "-31.3586692"
  
 CHARMM>            calc zmin = ?zmin - @dcut
 Parameter: DCUT -> "3.5"
 RDCMND substituted energy or value "?ZMIN" to "-16.0218924"
Evaluating: -16.0218924-3.5
 Parameter: ZMIN <- "-19.5218924"
  
 CHARMM>     
  
 CHARMM>            define JUNK sele .not. target .and. -
 CHARMM>                             prop X .lt. @xmax .and. prop X .gt. @xmin .and. -
 CHARMM>                             prop Y .lt. @ymax .and. prop Y .gt. @ymin .and. -
 CHARMM>                             prop Z .lt. @zmax .and. prop Z .gt. @zmin  end
 Parameter: XMAX -> "0.97256086"
 Parameter: XMIN -> "-6.02743914"
 Parameter: YMAX -> "-24.3586692"
 Parameter: YMIN -> "-31.3586692"
 Parameter: ZMAX -> "-12.5218924"
 Parameter: ZMIN -> "-19.5218924"
 SELRPN>     46 atoms have been selected out of  22374
  
 CHARMM>     
  
 CHARMM>            ! check if the ions are too close to protein
  
 CHARMM>            define XXX sele PROT end
 SELRPN>      0 atoms have been selected out of  22374
  
 CHARMM>            if ?nsel .gt. 0 then
 RDCMND substituted energy or value "?NSEL" to "0"
 Comparing "0" and "0".
 IF test evaluated as false.  Skip to ELSE or ENDIF
  
 CHARMM>     
  
 CHARMM>            ! check if the ions are too close to solute
  
 CHARMM>            coor dist cut 4.0 sele target end sele JUNK .and. .not. hydrogen end image
 SELRPN>      1 atoms have been selected out of  34208
 SELRPN>     20 atoms have been selected out of  34208

            DISTANCES FOR SELECTED ATOMS
22327 POS      SOD      7        SOD     -**** MEMB     SAPS     137      O12           3.9363
22327 POS      SOD      7        SOD     -**** MEMB     SAPS     137      O21           3.4290
22327 POS      SOD      7        SOD     -**** MEMB     SAPS     137      C22           3.5437
22327 POS      SOD      7        SOD     -**** MEMB     SAPS     137      O31           3.4178
22327 POS      SOD      7        SOD     -**** MEMB     SAPS     137      C31           3.0310
22327 POS      SOD      7        SOD     -**** MEMB     SAPS     137      O32           3.3030
22327 POS      SOD      7        SOD     -**** MEMB     SAPS     137      C32           3.1284
22327 POS      SOD      7        SOD     -**** MEMB     SAPS     137      C24           3.0602
22327 POS      SOD      7        SOD     -**** MEMB     SAPS     137      C33           2.2929
22327 POS      SOD      7        SOD     -**** MEMB     SAPS     137      C34           0.9296
22327 POS      SOD      7        SOD     -**** MEMB     SAPS     137      C35           1.7373
22327 POS      SOD      7        SOD     -**** MEMB     SAPS     137      C36           3.1488
 TOTAL EXCLUSION COUNT =         0
 TOTAL 1-4 EXCLUSIONS  =         0
 TOTAL NON-EXCLUSIONS  =        12
  
 CHARMM>            if ?npair .gt. 0 goto doinit
 RDCMND substituted energy or value "?NPAIR" to "12"
 Comparing "12" and "0".
 IF test evaluated as true.  Performing command
  
 CHARMM>     
  
 CHARMM>            calc cntrand = @cntrand + 1
 Parameter: CNTRAND -> "4"
Evaluating: 4+1
 Parameter: CNTRAND <- "5"
  
 CHARMM>            if cntrand .gt. 100 stop ! ABNORMAL TERMINATION: ion placing may not work.. stop here
 Comparing "5" and "100".
 IF test evaluated as false.  Skipping command
  
 CHARMM>     
  
 CHARMM>            calc j = @i
 Parameter: I -> "7"
Evaluating: 7
 Parameter: J <- "7"
  
 CHARMM>            set ion = POS
 Parameter: ION <- "POS"
  
 CHARMM>     
  
 CHARMM>            if j .gt. @npos then
 Parameter: NPOS -> "37"
 Comparing "7" and "37".
 IF test evaluated as false.  Skip to ELSE or ENDIF
  
 CHARMM>     
  
 CHARMM>            define target select segid @ion .and. resid @j end
 Parameter: ION -> "POS"
 Parameter: J -> "7"
 SELRPN>      1 atoms have been selected out of  22374
  
 CHARMM>     
  
 CHARMM>            calc xpos = @A * ( ?random - 0.5 )
 Parameter: A -> "73.4166194"
 RDCMND substituted energy or value "?RANDOM" to "0.349890939"
Evaluating: 73.4166194*(0.349890939-0.5)
 Parameter: XPOS <- "-11.0204998"
  
 CHARMM>            calc ypos = @B * ( ?random - 0.5 )
 Parameter: B -> "73.4166194"
 RDCMND substituted energy or value "?RANDOM" to "0.628419911"
Evaluating: 73.4166194*(0.628419911-0.5)
 Parameter: YPOS <- "9.42815573"
  
 CHARMM>            calc zpos = @C * ( ?random - 0.5 ) + @zcen
 Parameter: C -> "85"
 Parameter: ZCEN -> "0"
 RDCMND substituted energy or value "?RANDOM" to "0.241604187"
Evaluating: 85*(0.241604187-0.5)+0
 Parameter: ZPOS <- "-21.9636441"
  
 CHARMM>     
  
 CHARMM>            if zpos .gt. -15 if zpos .lt. 15 goto doinit
 Comparing "-21.9636441" and "-15".
 IF test evaluated as false.  Skipping command
  
 CHARMM>     
  
 CHARMM>            ! move target to selected position
  
 CHARMM>            coor stat select target end
 SELRPN>      1 atoms have been selected out of  22374
 STATISTICS FOR         1 SELECTED ATOMS:
    XMIN =   -2.527439 XMAX =   -2.527439 XAVE =   -2.527439
    YMIN =  -27.858669 YMAX =  -27.858669 YAVE =  -27.858669
    ZMIN =  -16.021892 ZMAX =  -16.021892 ZAVE =  -16.021892
    WMIN =    1.000000 WMAX =    1.000000 WAVE =    1.000000
  
 CHARMM>            calc xtran = @xpos - ?xave
 Parameter: XPOS -> "-11.0204998"
 RDCMND substituted energy or value "?XAVE" to "-2.52743914"
Evaluating: -11.0204998--2.52743914
 Parameter: XTRAN <- "-8.49306066"
  
 CHARMM>            calc ytran = @ypos - ?yave
 Parameter: YPOS -> "9.42815573"
 RDCMND substituted energy or value "?YAVE" to "-27.8586692"
Evaluating: 9.42815573--27.8586692
 Parameter: YTRAN <- "37.2868249"
  
 CHARMM>            calc ztran = @zpos - ?zave
 Parameter: ZPOS -> "-21.9636441"
 RDCMND substituted energy or value "?ZAVE" to "-16.0218924"
Evaluating: -21.9636441--16.0218924
 Parameter: ZTRAN <- "-5.9417517"
  
 CHARMM>            coor trans xdir @xtran ydir @ytran zdir @ztran select target end
 Parameter: XTRAN -> "-8.49306066"
 Parameter: YTRAN -> "37.2868249"
 Parameter: ZTRAN -> "-5.9417517"
 SELRPN>      1 atoms have been selected out of  22374
 TRANSLATION VECTOR    -8.493061   37.286825   -5.941752
 SELECTED COORDINATES TRANSLATED IN THE MAIN SET.

  
 CHARMM>     
  
 CHARMM>            ! apply a random rotation along XYZ
  
 CHARMM>            calc xphi = ?random * 360.0
 RDCMND substituted energy or value "?RANDOM" to "0.124916642"
Evaluating: 0.124916642*360.0
 Parameter: XPHI <- "44.9699911"
  
 CHARMM>            calc yphi = ?random * 360.0
 RDCMND substituted energy or value "?RANDOM" to "0.873035033"
Evaluating: 0.873035033*360.0
 Parameter: YPHI <- "314.292612"
  
 CHARMM>            calc zphi = ?random * 360.0
 RDCMND substituted energy or value "?RANDOM" to "0.832151685"
Evaluating: 0.832151685*360.0
 Parameter: ZPHI <- "299.574607"
  
 CHARMM>            coor rotate xcen @xpos ycen @ypos zcen @zpos xdir 1.0 -
 CHARMM>                phi @xphi select target end
 Parameter: XPOS -> "-11.0204998"
 Parameter: YPOS -> "9.42815573"
 Parameter: ZPOS -> "-21.9636441"
 Parameter: XPHI -> "44.9699911"
 SELRPN>      1 atoms have been selected out of  22374
 ROTATION MATRIX
    1.000000    0.000000    0.000000
    0.000000    0.707477    0.706736
    0.000000   -0.706736    0.707477

 AXIS OF ROTATION IS  1.000000  0.000000  0.000000  ANGLE IS   44.97

 SELECTED COORDINATES ROTATED IN THE MAIN SET.

  
 CHARMM>            coor rotate xcen @xpos ycen @ypos zcen @zpos ydir 1.0 -
 CHARMM>                phi @yphi select target end
 Parameter: XPOS -> "-11.0204998"
 Parameter: YPOS -> "9.42815573"
 Parameter: ZPOS -> "-21.9636441"
 Parameter: YPHI -> "314.292612"
 SELRPN>      1 atoms have been selected out of  22374
 ROTATION MATRIX
    0.698323    0.000000    0.715783
    0.000000    1.000000    0.000000
   -0.715783    0.000000    0.698323

 AXIS OF ROTATION IS  0.000000 -1.000000  0.000000  ANGLE IS   45.71

 SELECTED COORDINATES ROTATED IN THE MAIN SET.

  
 CHARMM>            coor rotate xcen @xpos ycen @ypos zcen @zpos zdir 1.0 -
 CHARMM>                phi @zphi select target end
 Parameter: XPOS -> "-11.0204998"
 Parameter: YPOS -> "9.42815573"
 Parameter: ZPOS -> "-21.9636441"
 Parameter: ZPHI -> "299.574607"
 SELRPN>      1 atoms have been selected out of  22374
 ROTATION MATRIX
    0.493556   -0.869714    0.000000
    0.869714    0.493556    0.000000
    0.000000    0.000000    1.000000

 AXIS OF ROTATION IS  0.000000  0.000000 -1.000000  ANGLE IS   60.43

 SELECTED COORDINATES ROTATED IN THE MAIN SET.

  
 CHARMM>     
  
 CHARMM>     
  
 CHARMM>            calc dcut = 3.5
Evaluating: 3.5
 Parameter: DCUT <- "3.5"
  
 CHARMM>     
  
 CHARMM>            coor stat sele target end
 SELRPN>      1 atoms have been selected out of  22374
 STATISTICS FOR         1 SELECTED ATOMS:
    XMIN =  -11.020500 XMAX =  -11.020500 XAVE =  -11.020500
    YMIN =    9.428156 YMAX =    9.428156 YAVE =    9.428156
    ZMIN =  -21.963644 ZMAX =  -21.963644 ZAVE =  -21.963644
    WMIN =    1.000000 WMAX =    1.000000 WAVE =    1.000000
  
 CHARMM>            calc xmax = ?xmax + @dcut
 Parameter: DCUT -> "3.5"
 RDCMND substituted energy or value "?XMAX" to "-11.0204998"
Evaluating: -11.0204998+3.5
 Parameter: XMAX <- "-7.5204998"
  
 CHARMM>            calc ymax = ?ymax + @dcut
 Parameter: DCUT -> "3.5"
 RDCMND substituted energy or value "?YMAX" to "9.4281557"
Evaluating: 9.4281557+3.5
 Parameter: YMAX <- "12.9281557"
  
 CHARMM>            calc zmax = ?zmax + @dcut
 Parameter: DCUT -> "3.5"
 RDCMND substituted energy or value "?ZMAX" to "-21.9636441"
Evaluating: -21.9636441+3.5
 Parameter: ZMAX <- "-18.4636441"
  
 CHARMM>            calc xmin = ?xmin - @dcut
 Parameter: DCUT -> "3.5"
 RDCMND substituted energy or value "?XMIN" to "-11.0204998"
Evaluating: -11.0204998-3.5
 Parameter: XMIN <- "-14.5204998"
  
 CHARMM>            calc ymin = ?ymin - @dcut
 Parameter: DCUT -> "3.5"
 RDCMND substituted energy or value "?YMIN" to "9.4281557"
Evaluating: 9.4281557-3.5
 Parameter: YMIN <- "5.9281557"
  
 CHARMM>            calc zmin = ?zmin - @dcut
 Parameter: DCUT -> "3.5"
 RDCMND substituted energy or value "?ZMIN" to "-21.9636441"
Evaluating: -21.9636441-3.5
 Parameter: ZMIN <- "-25.4636441"
  
 CHARMM>     
  
 CHARMM>            define JUNK sele .not. target .and. -
 CHARMM>                             prop X .lt. @xmax .and. prop X .gt. @xmin .and. -
 CHARMM>                             prop Y .lt. @ymax .and. prop Y .gt. @ymin .and. -
 CHARMM>                             prop Z .lt. @zmax .and. prop Z .gt. @zmin  end
 Parameter: XMAX -> "-7.5204998"
 Parameter: XMIN -> "-14.5204998"
 Parameter: YMAX -> "12.9281557"
 Parameter: YMIN -> "5.9281557"
 Parameter: ZMAX -> "-18.4636441"
 Parameter: ZMIN -> "-25.4636441"
 SELRPN>     14 atoms have been selected out of  22374
  
 CHARMM>     
  
 CHARMM>            ! check if the ions are too close to protein
  
 CHARMM>            define XXX sele PROT end
 SELRPN>      0 atoms have been selected out of  22374
  
 CHARMM>            if ?nsel .gt. 0 then
 RDCMND substituted energy or value "?NSEL" to "0"
 Comparing "0" and "0".
 IF test evaluated as false.  Skip to ELSE or ENDIF
  
 CHARMM>     
  
 CHARMM>            ! check if the ions are too close to solute
  
 CHARMM>            coor dist cut 4.0 sele target end sele JUNK .and. .not. hydrogen end image
 SELRPN>      1 atoms have been selected out of  34208
 SELRPN>      4 atoms have been selected out of  34208

            DISTANCES FOR SELECTED ATOMS
22327 POS      SOD      7        SOD     -**** MEMB     SAPE     103      C12           3.9739
 TOTAL EXCLUSION COUNT =         0
 TOTAL 1-4 EXCLUSIONS  =         0
 TOTAL NON-EXCLUSIONS  =         1
  
 CHARMM>            if ?npair .gt. 0 goto doinit
 RDCMND substituted energy or value "?NPAIR" to "1"
 Comparing "1" and "0".
 IF test evaluated as true.  Performing command
  
 CHARMM>     
  
 CHARMM>            calc cntrand = @cntrand + 1
 Parameter: CNTRAND -> "5"
Evaluating: 5+1
 Parameter: CNTRAND <- "6"
  
 CHARMM>            if cntrand .gt. 100 stop ! ABNORMAL TERMINATION: ion placing may not work.. stop here
 Comparing "6" and "100".
 IF test evaluated as false.  Skipping command
  
 CHARMM>     
  
 CHARMM>            calc j = @i
 Parameter: I -> "7"
Evaluating: 7
 Parameter: J <- "7"
  
 CHARMM>            set ion = POS
 Parameter: ION <- "POS"
  
 CHARMM>     
  
 CHARMM>            if j .gt. @npos then
 Parameter: NPOS -> "37"
 Comparing "7" and "37".
 IF test evaluated as false.  Skip to ELSE or ENDIF
  
 CHARMM>     
  
 CHARMM>            define target select segid @ion .and. resid @j end
 Parameter: ION -> "POS"
 Parameter: J -> "7"
 SELRPN>      1 atoms have been selected out of  22374
  
 CHARMM>     
  
 CHARMM>            calc xpos = @A * ( ?random - 0.5 )
 Parameter: A -> "73.4166194"
 RDCMND substituted energy or value "?RANDOM" to "0.326214351"
Evaluating: 73.4166194*(0.326214351-0.5)
 Parameter: XPOS <- "-12.7587548"
  
 CHARMM>            calc ypos = @B * ( ?random - 0.5 )
 Parameter: B -> "73.4166194"
 RDCMND substituted energy or value "?RANDOM" to "5.2958162E-02"
Evaluating: 73.4166194*(5.2958162E-02-0.5)
 Parameter: YPOS <- "-32.8203005"
  
 CHARMM>            calc zpos = @C * ( ?random - 0.5 ) + @zcen
 Parameter: C -> "85"
 Parameter: ZCEN -> "0"
 RDCMND substituted energy or value "?RANDOM" to "7.91431519E-02"
Evaluating: 85*(7.91431519E-02-0.5)+0
 Parameter: ZPOS <- "-35.7728321"
  
 CHARMM>     
  
 CHARMM>            if zpos .gt. -15 if zpos .lt. 15 goto doinit
 Comparing "-35.7728321" and "-15".
 IF test evaluated as false.  Skipping command
  
 CHARMM>     
  
 CHARMM>            ! move target to selected position
  
 CHARMM>            coor stat select target end
 SELRPN>      1 atoms have been selected out of  22374
 STATISTICS FOR         1 SELECTED ATOMS:
    XMIN =  -11.020500 XMAX =  -11.020500 XAVE =  -11.020500
    YMIN =    9.428156 YMAX =    9.428156 YAVE =    9.428156
    ZMIN =  -21.963644 ZMAX =  -21.963644 ZAVE =  -21.963644
    WMIN =    1.000000 WMAX =    1.000000 WAVE =    1.000000
  
 CHARMM>            calc xtran = @xpos - ?xave
 Parameter: XPOS -> "-12.7587548"
 RDCMND substituted energy or value "?XAVE" to "-11.0204998"
Evaluating: -12.7587548--11.0204998
 Parameter: XTRAN <- "-1.738255"
  
 CHARMM>            calc ytran = @ypos - ?yave
 Parameter: YPOS -> "-32.8203005"
 RDCMND substituted energy or value "?YAVE" to "9.4281557"
Evaluating: -32.8203005-9.4281557
 Parameter: YTRAN <- "-42.2484562"
  
 CHARMM>            calc ztran = @zpos - ?zave
 Parameter: ZPOS -> "-35.7728321"
 RDCMND substituted energy or value "?ZAVE" to "-21.9636441"
Evaluating: -35.7728321--21.9636441
 Parameter: ZTRAN <- "-13.809188"
  
 CHARMM>            coor trans xdir @xtran ydir @ytran zdir @ztran select target end
 Parameter: XTRAN -> "-1.738255"
 Parameter: YTRAN -> "-42.2484562"
 Parameter: ZTRAN -> "-13.809188"
 SELRPN>      1 atoms have been selected out of  22374
 TRANSLATION VECTOR    -1.738255  -42.248456  -13.809188
 SELECTED COORDINATES TRANSLATED IN THE MAIN SET.

  
 CHARMM>     
  
 CHARMM>            ! apply a random rotation along XYZ
  
 CHARMM>            calc xphi = ?random * 360.0
 RDCMND substituted energy or value "?RANDOM" to "0.633785787"
Evaluating: 0.633785787*360.0
 Parameter: XPHI <- "228.162883"
  
 CHARMM>            calc yphi = ?random * 360.0
 RDCMND substituted energy or value "?RANDOM" to "9.407301386E-02"
Evaluating: 9.407301386E-02*360.0
 Parameter: YPHI <- "33.866285"
  
 CHARMM>            calc zphi = ?random * 360.0
 RDCMND substituted energy or value "?RANDOM" to "0.289714704"
Evaluating: 0.289714704*360.0
 Parameter: ZPHI <- "104.297293"
  
 CHARMM>            coor rotate xcen @xpos ycen @ypos zcen @zpos xdir 1.0 -
 CHARMM>                phi @xphi select target end
 Parameter: XPOS -> "-12.7587548"
 Parameter: YPOS -> "-32.8203005"
 Parameter: ZPOS -> "-35.7728321"
 Parameter: XPHI -> "228.162883"
 SELRPN>      1 atoms have been selected out of  22374
 ROTATION MATRIX
    1.000000    0.000000    0.000000
    0.000000   -0.667015   -0.745044
    0.000000    0.745044   -0.667015

 AXIS OF ROTATION IS -1.000000  0.000000  0.000000  ANGLE IS  131.84

 SELECTED COORDINATES ROTATED IN THE MAIN SET.

  
 CHARMM>            coor rotate xcen @xpos ycen @ypos zcen @zpos ydir 1.0 -
 CHARMM>                phi @yphi select target end
 Parameter: XPOS -> "-12.7587548"
 Parameter: YPOS -> "-32.8203005"
 Parameter: ZPOS -> "-35.7728321"
 Parameter: YPHI -> "33.866285"
 SELRPN>      1 atoms have been selected out of  22374
 ROTATION MATRIX
    0.830340    0.000000   -0.557257
    0.000000    1.000000    0.000000
    0.557257    0.000000    0.830340

 AXIS OF ROTATION IS  0.000000  1.000000  0.000000  ANGLE IS   33.87

 SELECTED COORDINATES ROTATED IN THE MAIN SET.

  
 CHARMM>            coor rotate xcen @xpos ycen @ypos zcen @zpos zdir 1.0 -
 CHARMM>                phi @zphi select target end
 Parameter: XPOS -> "-12.7587548"
 Parameter: YPOS -> "-32.8203005"
 Parameter: ZPOS -> "-35.7728321"
 Parameter: ZPHI -> "104.297293"
 SELRPN>      1 atoms have been selected out of  22374
 ROTATION MATRIX
   -0.246953    0.969027    0.000000
   -0.969027   -0.246953    0.000000
    0.000000    0.000000    1.000000

 AXIS OF ROTATION IS  0.000000  0.000000  1.000000  ANGLE IS  104.30

 SELECTED COORDINATES ROTATED IN THE MAIN SET.

  
 CHARMM>     
  
 CHARMM>     
  
 CHARMM>            calc dcut = 3.5
Evaluating: 3.5
 Parameter: DCUT <- "3.5"
  
 CHARMM>     
  
 CHARMM>            coor stat sele target end
 SELRPN>      1 atoms have been selected out of  22374
 STATISTICS FOR         1 SELECTED ATOMS:
    XMIN =  -12.758755 XMAX =  -12.758755 XAVE =  -12.758755
    YMIN =  -32.820301 YMAX =  -32.820301 YAVE =  -32.820301
    ZMIN =  -35.772832 ZMAX =  -35.772832 ZAVE =  -35.772832
    WMIN =    1.000000 WMAX =    1.000000 WAVE =    1.000000
  
 CHARMM>            calc xmax = ?xmax + @dcut
 Parameter: DCUT -> "3.5"
 RDCMND substituted energy or value "?XMAX" to "-12.7587548"
Evaluating: -12.7587548+3.5
 Parameter: XMAX <- "-9.2587548"
  
 CHARMM>            calc ymax = ?ymax + @dcut
 Parameter: DCUT -> "3.5"
 RDCMND substituted energy or value "?YMAX" to "-32.8203005"
Evaluating: -32.8203005+3.5
 Parameter: YMAX <- "-29.3203005"
  
 CHARMM>            calc zmax = ?zmax + @dcut
 Parameter: DCUT -> "3.5"
 RDCMND substituted energy or value "?ZMAX" to "-35.7728321"
Evaluating: -35.7728321+3.5
 Parameter: ZMAX <- "-32.2728321"
  
 CHARMM>            calc xmin = ?xmin - @dcut
 Parameter: DCUT -> "3.5"
 RDCMND substituted energy or value "?XMIN" to "-12.7587548"
Evaluating: -12.7587548-3.5
 Parameter: XMIN <- "-16.2587548"
  
 CHARMM>            calc ymin = ?ymin - @dcut
 Parameter: DCUT -> "3.5"
 RDCMND substituted energy or value "?YMIN" to "-32.8203005"
Evaluating: -32.8203005-3.5
 Parameter: YMIN <- "-36.3203005"
  
 CHARMM>            calc zmin = ?zmin - @dcut
 Parameter: DCUT -> "3.5"
 RDCMND substituted energy or value "?ZMIN" to "-35.7728321"
Evaluating: -35.7728321-3.5
 Parameter: ZMIN <- "-39.2728321"
  
 CHARMM>     
  
 CHARMM>            define JUNK sele .not. target .and. -
 CHARMM>                             prop X .lt. @xmax .and. prop X .gt. @xmin .and. -
 CHARMM>                             prop Y .lt. @ymax .and. prop Y .gt. @ymin .and. -
 CHARMM>                             prop Z .lt. @zmax .and. prop Z .gt. @zmin  end
 Parameter: XMAX -> "-9.2587548"
 Parameter: XMIN -> "-16.2587548"
 Parameter: YMAX -> "-29.3203005"
 Parameter: YMIN -> "-36.3203005"
 Parameter: ZMAX -> "-32.2728321"
 Parameter: ZMIN -> "-39.2728321"
 SELRPN>      0 atoms have been selected out of  22374
  
 CHARMM>     
  
 CHARMM>            ! check if the ions are too close to protein
  
 CHARMM>            define XXX sele PROT end
 SELRPN>      0 atoms have been selected out of  22374
  
 CHARMM>            if ?nsel .gt. 0 then
 RDCMND substituted energy or value "?NSEL" to "0"
 Comparing "0" and "0".
 IF test evaluated as false.  Skip to ELSE or ENDIF
  
 CHARMM>     
  
 CHARMM>            ! check if the ions are too close to solute
  
 CHARMM>            coor dist cut 4.0 sele target end sele JUNK .and. .not. hydrogen end image
 SELRPN>      1 atoms have been selected out of  34208
 SELRPN>      0 atoms have been selected out of  34208

            DISTANCES FOR SELECTED ATOMS
            ONLY ONE SELECTION SET SPECIFIED, A COMPARISON WILL BE DONE
 TOTAL EXCLUSION COUNT =         0
 TOTAL 1-4 EXCLUSIONS  =         0
 TOTAL NON-EXCLUSIONS  =         0
  
 CHARMM>            if ?npair .gt. 0 goto doinit
 RDCMND substituted energy or value "?NPAIR" to "0"
 Comparing "0" and "0".
 IF test evaluated as false.  Skipping command
  
 CHARMM>     
  
 CHARMM>            calc cntrand = 0
Evaluating: 0
 Parameter: CNTRAND <- "0"
  
 CHARMM>            increase i by 1
 Parameter: I <- "8"
  
 CHARMM>            if i .le. @nion goto doinit
 Parameter: NION -> "54"
 Comparing "8" and "54".
 IF test evaluated as true.  Performing command
  
 CHARMM>     
  
 CHARMM>            calc cntrand = @cntrand + 1
 Parameter: CNTRAND -> "0"
Evaluating: 0+1
 Parameter: CNTRAND <- "1"
  
 CHARMM>            if cntrand .gt. 100 stop ! ABNORMAL TERMINATION: ion placing may not work.. stop here
 Comparing "1" and "100".
 IF test evaluated as false.  Skipping command
  
 CHARMM>     
  
 CHARMM>            calc j = @i
 Parameter: I -> "8"
Evaluating: 8
 Parameter: J <- "8"
  
 CHARMM>            set ion = POS
 Parameter: ION <- "POS"
  
 CHARMM>     
  
 CHARMM>            if j .gt. @npos then
 Parameter: NPOS -> "37"
 Comparing "8" and "37".
 IF test evaluated as false.  Skip to ELSE or ENDIF
  
 CHARMM>     
  
 CHARMM>            define target select segid @ion .and. resid @j end
 Parameter: ION -> "POS"
 Parameter: J -> "8"
 SELRPN>      1 atoms have been selected out of  22374
  
 CHARMM>     
  
 CHARMM>            calc xpos = @A * ( ?random - 0.5 )
 Parameter: A -> "73.4166194"
 RDCMND substituted energy or value "?RANDOM" to "0.810836019"
Evaluating: 73.4166194*(0.810836019-0.5)
 Parameter: XPOS <- "22.8205297"
  
 CHARMM>            calc ypos = @B * ( ?random - 0.5 )
 Parameter: B -> "73.4166194"
 RDCMND substituted energy or value "?RANDOM" to "0.450168465"
Evaluating: 73.4166194*(0.450168465-0.5)
 Parameter: YPOS <- "-3.65846284"
  
 CHARMM>            calc zpos = @C * ( ?random - 0.5 ) + @zcen
 Parameter: C -> "85"
 Parameter: ZCEN -> "0"
 RDCMND substituted energy or value "?RANDOM" to "0.620769161"
Evaluating: 85*(0.620769161-0.5)+0
 Parameter: ZPOS <- "10.2653787"
  
 CHARMM>     
  
 CHARMM>            if zpos .gt. -15 if zpos .lt. 15 goto doinit
 Comparing "10.2653787" and "-15".
 IF test evaluated as true.  Performing command
 Comparing "10.2653787" and "15".
 IF test evaluated as true.  Performing command
  
 CHARMM>     
  
 CHARMM>            calc cntrand = @cntrand + 1
 Parameter: CNTRAND -> "1"
Evaluating: 1+1
 Parameter: CNTRAND <- "2"
  
 CHARMM>            if cntrand .gt. 100 stop ! ABNORMAL TERMINATION: ion placing may not work.. stop here
 Comparing "2" and "100".
 IF test evaluated as false.  Skipping command
  
 CHARMM>     
  
 CHARMM>            calc j = @i
 Parameter: I -> "8"
Evaluating: 8
 Parameter: J <- "8"
  
 CHARMM>            set ion = POS
 Parameter: ION <- "POS"
  
 CHARMM>     
  
 CHARMM>            if j .gt. @npos then
 Parameter: NPOS -> "37"
 Comparing "8" and "37".
 IF test evaluated as false.  Skip to ELSE or ENDIF
  
 CHARMM>     
  
 CHARMM>            define target select segid @ion .and. resid @j end
 Parameter: ION -> "POS"
 Parameter: J -> "8"
 SELRPN>      1 atoms have been selected out of  22374
  
 CHARMM>     
  
 CHARMM>            calc xpos = @A * ( ?random - 0.5 )
 Parameter: A -> "73.4166194"
 RDCMND substituted energy or value "?RANDOM" to "0.200446314"
Evaluating: 73.4166194*(0.200446314-0.5)
 Parameter: XPOS <- "-21.992219"
  
 CHARMM>            calc ypos = @B * ( ?random - 0.5 )
 Parameter: B -> "73.4166194"
 RDCMND substituted energy or value "?RANDOM" to "0.296211444"
Evaluating: 73.4166194*(0.296211444-0.5)
 Parameter: YPOS <- "-14.9614669"
  
 CHARMM>            calc zpos = @C * ( ?random - 0.5 ) + @zcen
 Parameter: C -> "85"
 Parameter: ZCEN -> "0"
 RDCMND substituted energy or value "?RANDOM" to "0.199585196"
Evaluating: 85*(0.199585196-0.5)+0
 Parameter: ZPOS <- "-25.5352583"
  
 CHARMM>     
  
 CHARMM>            if zpos .gt. -15 if zpos .lt. 15 goto doinit
 Comparing "-25.5352583" and "-15".
 IF test evaluated as false.  Skipping command
  
 CHARMM>     
  
 CHARMM>            ! move target to selected position
  
 CHARMM>            coor stat select target end
 SELRPN>      1 atoms have been selected out of  22374
 STATISTICS FOR         1 SELECTED ATOMS:
    XMIN =    0.000000 XMAX =    0.000000 XAVE =    0.000000
    YMIN =    0.000000 YMAX =    0.000000 YAVE =    0.000000
    ZMIN =    0.000000 ZMAX =    0.000000 ZAVE =    0.000000
    WMIN =    1.000000 WMAX =    1.000000 WAVE =    1.000000
  
 CHARMM>            calc xtran = @xpos - ?xave
 Parameter: XPOS -> "-21.992219"
 RDCMND substituted energy or value "?XAVE" to "0"
Evaluating: -21.992219-0
 Parameter: XTRAN <- "-21.992219"
  
 CHARMM>            calc ytran = @ypos - ?yave
 Parameter: YPOS -> "-14.9614669"
 RDCMND substituted energy or value "?YAVE" to "0"
Evaluating: -14.9614669-0
 Parameter: YTRAN <- "-14.9614669"
  
 CHARMM>            calc ztran = @zpos - ?zave
 Parameter: ZPOS -> "-25.5352583"
 RDCMND substituted energy or value "?ZAVE" to "0"
Evaluating: -25.5352583-0
 Parameter: ZTRAN <- "-25.5352583"
  
 CHARMM>            coor trans xdir @xtran ydir @ytran zdir @ztran select target end
 Parameter: XTRAN -> "-21.992219"
 Parameter: YTRAN -> "-14.9614669"
 Parameter: ZTRAN -> "-25.5352583"
 SELRPN>      1 atoms have been selected out of  22374
 TRANSLATION VECTOR   -21.992219  -14.961467  -25.535258
 SELECTED COORDINATES TRANSLATED IN THE MAIN SET.

  
 CHARMM>     
  
 CHARMM>            ! apply a random rotation along XYZ
  
 CHARMM>            calc xphi = ?random * 360.0
 RDCMND substituted energy or value "?RANDOM" to "0.37676987"
Evaluating: 0.37676987*360.0
 Parameter: XPHI <- "135.637153"
  
 CHARMM>            calc yphi = ?random * 360.0
 RDCMND substituted energy or value "?RANDOM" to "0.99240461"
Evaluating: 0.99240461*360.0
 Parameter: YPHI <- "357.26566"
  
 CHARMM>            calc zphi = ?random * 360.0
 RDCMND substituted energy or value "?RANDOM" to "0.527146383"
Evaluating: 0.527146383*360.0
 Parameter: ZPHI <- "189.772698"
  
 CHARMM>            coor rotate xcen @xpos ycen @ypos zcen @zpos xdir 1.0 -
 CHARMM>                phi @xphi select target end
 Parameter: XPOS -> "-21.992219"
 Parameter: YPOS -> "-14.9614669"
 Parameter: ZPOS -> "-25.5352583"
 Parameter: XPHI -> "135.637153"
 SELRPN>      1 atoms have been selected out of  22374
 ROTATION MATRIX
    1.000000    0.000000    0.000000
    0.000000   -0.714926    0.699200
    0.000000   -0.699200   -0.714926

 AXIS OF ROTATION IS  1.000000  0.000000  0.000000  ANGLE IS  135.64

 SELECTED COORDINATES ROTATED IN THE MAIN SET.

  
 CHARMM>            coor rotate xcen @xpos ycen @ypos zcen @zpos ydir 1.0 -
 CHARMM>                phi @yphi select target end
 Parameter: XPOS -> "-21.992219"
 Parameter: YPOS -> "-14.9614669"
 Parameter: ZPOS -> "-25.5352583"
 Parameter: YPHI -> "357.26566"
 SELRPN>      1 atoms have been selected out of  22374
 ROTATION MATRIX
    0.998861    0.000000    0.047705
    0.000000    1.000000    0.000000
   -0.047705    0.000000    0.998861

 AXIS OF ROTATION IS  0.000000 -1.000000  0.000000  ANGLE IS    2.73

 SELECTED COORDINATES ROTATED IN THE MAIN SET.

  
 CHARMM>            coor rotate xcen @xpos ycen @ypos zcen @zpos zdir 1.0 -
 CHARMM>                phi @zphi select target end
 Parameter: XPOS -> "-21.992219"
 Parameter: YPOS -> "-14.9614669"
 Parameter: ZPOS -> "-25.5352583"
 Parameter: ZPHI -> "189.772698"
 SELRPN>      1 atoms have been selected out of  22374
 ROTATION MATRIX
   -0.985489   -0.169740    0.000000
    0.169740   -0.985489    0.000000
    0.000000    0.000000    1.000000

 AXIS OF ROTATION IS  0.000000  0.000000 -1.000000  ANGLE IS  170.23

 SELECTED COORDINATES ROTATED IN THE MAIN SET.

  
 CHARMM>     
  
 CHARMM>     
  
 CHARMM>            calc dcut = 3.5
Evaluating: 3.5
 Parameter: DCUT <- "3.5"
  
 CHARMM>     
  
 CHARMM>            coor stat sele target end
 SELRPN>      1 atoms have been selected out of  22374
 STATISTICS FOR         1 SELECTED ATOMS:
    XMIN =  -21.992219 XMAX =  -21.992219 XAVE =  -21.992219
    YMIN =  -14.961467 YMAX =  -14.961467 YAVE =  -14.961467
    ZMIN =  -25.535258 ZMAX =  -25.535258 ZAVE =  -25.535258
    WMIN =    1.000000 WMAX =    1.000000 WAVE =    1.000000
  
 CHARMM>            calc xmax = ?xmax + @dcut
 Parameter: DCUT -> "3.5"
 RDCMND substituted energy or value "?XMAX" to "-21.992219"
Evaluating: -21.992219+3.5
 Parameter: XMAX <- "-18.492219"
  
 CHARMM>            calc ymax = ?ymax + @dcut
 Parameter: DCUT -> "3.5"
 RDCMND substituted energy or value "?YMAX" to "-14.9614669"
Evaluating: -14.9614669+3.5
 Parameter: YMAX <- "-11.4614669"
  
 CHARMM>            calc zmax = ?zmax + @dcut
 Parameter: DCUT -> "3.5"
 RDCMND substituted energy or value "?ZMAX" to "-25.5352583"
Evaluating: -25.5352583+3.5
 Parameter: ZMAX <- "-22.0352583"
  
 CHARMM>            calc xmin = ?xmin - @dcut
 Parameter: DCUT -> "3.5"
 RDCMND substituted energy or value "?XMIN" to "-21.992219"
Evaluating: -21.992219-3.5
 Parameter: XMIN <- "-25.492219"
  
 CHARMM>            calc ymin = ?ymin - @dcut
 Parameter: DCUT -> "3.5"
 RDCMND substituted energy or value "?YMIN" to "-14.9614669"
Evaluating: -14.9614669-3.5
 Parameter: YMIN <- "-18.4614669"
  
 CHARMM>            calc zmin = ?zmin - @dcut
 Parameter: DCUT -> "3.5"
 RDCMND substituted energy or value "?ZMIN" to "-25.5352583"
Evaluating: -25.5352583-3.5
 Parameter: ZMIN <- "-29.0352583"
  
 CHARMM>     
  
 CHARMM>            define JUNK sele .not. target .and. -
 CHARMM>                             prop X .lt. @xmax .and. prop X .gt. @xmin .and. -
 CHARMM>                             prop Y .lt. @ymax .and. prop Y .gt. @ymin .and. -
 CHARMM>                             prop Z .lt. @zmax .and. prop Z .gt. @zmin  end
 Parameter: XMAX -> "-18.492219"
 Parameter: XMIN -> "-25.492219"
 Parameter: YMAX -> "-11.4614669"
 Parameter: YMIN -> "-18.4614669"
 Parameter: ZMAX -> "-22.0352583"
 Parameter: ZMIN -> "-29.0352583"
 SELRPN>      4 atoms have been selected out of  22374
  
 CHARMM>     
  
 CHARMM>            ! check if the ions are too close to protein
  
 CHARMM>            define XXX sele PROT end
 SELRPN>      0 atoms have been selected out of  22374
  
 CHARMM>            if ?nsel .gt. 0 then
 RDCMND substituted energy or value "?NSEL" to "0"
 Comparing "0" and "0".
 IF test evaluated as false.  Skip to ELSE or ENDIF
  
 CHARMM>     
  
 CHARMM>            ! check if the ions are too close to solute
  
 CHARMM>            coor dist cut 4.0 sele target end sele JUNK .and. .not. hydrogen end image
 SELRPN>      1 atoms have been selected out of  34208
 SELRPN>      1 atoms have been selected out of  34208

            DISTANCES FOR SELECTED ATOMS
 TOTAL EXCLUSION COUNT =         0
 TOTAL 1-4 EXCLUSIONS  =         0
 TOTAL NON-EXCLUSIONS  =         0
  
 CHARMM>            if ?npair .gt. 0 goto doinit
 RDCMND substituted energy or value "?NPAIR" to "0"
 Comparing "0" and "0".
 IF test evaluated as false.  Skipping command
  
 CHARMM>     
  
 CHARMM>            calc cntrand = 0
Evaluating: 0
 Parameter: CNTRAND <- "0"
  
 CHARMM>            increase i by 1
 Parameter: I <- "9"
  
 CHARMM>            if i .le. @nion goto doinit
 Parameter: NION -> "54"
 Comparing "9" and "54".
 IF test evaluated as true.  Performing command
  
 CHARMM>     
  
 CHARMM>            calc cntrand = @cntrand + 1
 Parameter: CNTRAND -> "0"
Evaluating: 0+1
 Parameter: CNTRAND <- "1"
  
 CHARMM>            if cntrand .gt. 100 stop ! ABNORMAL TERMINATION: ion placing may not work.. stop here
 Comparing "1" and "100".
 IF test evaluated as false.  Skipping command
  
 CHARMM>     
  
 CHARMM>            calc j = @i
 Parameter: I -> "9"
Evaluating: 9
 Parameter: J <- "9"
  
 CHARMM>            set ion = POS
 Parameter: ION <- "POS"
  
 CHARMM>     
  
 CHARMM>            if j .gt. @npos then
 Parameter: NPOS -> "37"
 Comparing "9" and "37".
 IF test evaluated as false.  Skip to ELSE or ENDIF
  
 CHARMM>     
  
 CHARMM>            define target select segid @ion .and. resid @j end
 Parameter: ION -> "POS"
 Parameter: J -> "9"
 SELRPN>      1 atoms have been selected out of  22374
  
 CHARMM>     
  
 CHARMM>            calc xpos = @A * ( ?random - 0.5 )
 Parameter: A -> "73.4166194"
 RDCMND substituted energy or value "?RANDOM" to "0.243208134"
Evaluating: 73.4166194*(0.243208134-0.5)
 Parameter: XPOS <- "-18.8527907"
  
 CHARMM>            calc ypos = @B * ( ?random - 0.5 )
 Parameter: B -> "73.4166194"
 RDCMND substituted energy or value "?RANDOM" to "0.23726188"
Evaluating: 73.4166194*(0.23726188-0.5)
 Parameter: YPOS <- "-19.2893446"
  
 CHARMM>            calc zpos = @C * ( ?random - 0.5 ) + @zcen
 Parameter: C -> "85"
 Parameter: ZCEN -> "0"
 RDCMND substituted energy or value "?RANDOM" to "0.110112132"
Evaluating: 85*(0.110112132-0.5)+0
 Parameter: ZPOS <- "-33.1404688"
  
 CHARMM>     
  
 CHARMM>            if zpos .gt. -15 if zpos .lt. 15 goto doinit
 Comparing "-33.1404688" and "-15".
 IF test evaluated as false.  Skipping command
  
 CHARMM>     
  
 CHARMM>            ! move target to selected position
  
 CHARMM>            coor stat select target end
 SELRPN>      1 atoms have been selected out of  22374
 STATISTICS FOR         1 SELECTED ATOMS:
    XMIN =    0.000000 XMAX =    0.000000 XAVE =    0.000000
    YMIN =    0.000000 YMAX =    0.000000 YAVE =    0.000000
    ZMIN =    0.000000 ZMAX =    0.000000 ZAVE =    0.000000
    WMIN =    1.000000 WMAX =    1.000000 WAVE =    1.000000
  
 CHARMM>            calc xtran = @xpos - ?xave
 Parameter: XPOS -> "-18.8527907"
 RDCMND substituted energy or value "?XAVE" to "0"
Evaluating: -18.8527907-0
 Parameter: XTRAN <- "-18.8527907"
  
 CHARMM>            calc ytran = @ypos - ?yave
 Parameter: YPOS -> "-19.2893446"
 RDCMND substituted energy or value "?YAVE" to "0"
Evaluating: -19.2893446-0
 Parameter: YTRAN <- "-19.2893446"
  
 CHARMM>            calc ztran = @zpos - ?zave
 Parameter: ZPOS -> "-33.1404688"
 RDCMND substituted energy or value "?ZAVE" to "0"
Evaluating: -33.1404688-0
 Parameter: ZTRAN <- "-33.1404688"
  
 CHARMM>            coor trans xdir @xtran ydir @ytran zdir @ztran select target end
 Parameter: XTRAN -> "-18.8527907"
 Parameter: YTRAN -> "-19.2893446"
 Parameter: ZTRAN -> "-33.1404688"
 SELRPN>      1 atoms have been selected out of  22374
 TRANSLATION VECTOR   -18.852791  -19.289345  -33.140469
 SELECTED COORDINATES TRANSLATED IN THE MAIN SET.

  
 CHARMM>     
  
 CHARMM>            ! apply a random rotation along XYZ
  
 CHARMM>            calc xphi = ?random * 360.0
 RDCMND substituted energy or value "?RANDOM" to "0.892905035"
Evaluating: 0.892905035*360.0
 Parameter: XPHI <- "321.445813"
  
 CHARMM>            calc yphi = ?random * 360.0
 RDCMND substituted energy or value "?RANDOM" to "0.235640256"
Evaluating: 0.235640256*360.0
 Parameter: YPHI <- "84.8304922"
  
 CHARMM>            calc zphi = ?random * 360.0
 RDCMND substituted energy or value "?RANDOM" to "0.679497163"
Evaluating: 0.679497163*360.0
 Parameter: ZPHI <- "244.618979"
  
 CHARMM>            coor rotate xcen @xpos ycen @ypos zcen @zpos xdir 1.0 -
 CHARMM>                phi @xphi select target end
 Parameter: XPOS -> "-18.8527907"
 Parameter: YPOS -> "-19.2893446"
 Parameter: ZPOS -> "-33.1404688"
 Parameter: XPHI -> "321.445813"
 SELRPN>      1 atoms have been selected out of  22374
 ROTATION MATRIX
    1.000000    0.000000    0.000000
    0.000000    0.782019   -0.623255
    0.000000    0.623255    0.782019

 AXIS OF ROTATION IS -1.000000  0.000000  0.000000  ANGLE IS   38.55

 SELECTED COORDINATES ROTATED IN THE MAIN SET.

  
 CHARMM>            coor rotate xcen @xpos ycen @ypos zcen @zpos ydir 1.0 -
 CHARMM>                phi @yphi select target end
 Parameter: XPOS -> "-18.8527907"
 Parameter: YPOS -> "-19.2893446"
 Parameter: ZPOS -> "-33.1404688"
 Parameter: YPHI -> "84.8304922"
 SELRPN>      1 atoms have been selected out of  22374
 ROTATION MATRIX
    0.090103    0.000000   -0.995932
    0.000000    1.000000    0.000000
    0.995932    0.000000    0.090103

 AXIS OF ROTATION IS  0.000000  1.000000  0.000000  ANGLE IS   84.83

 SELECTED COORDINATES ROTATED IN THE MAIN SET.

  
 CHARMM>            coor rotate xcen @xpos ycen @ypos zcen @zpos zdir 1.0 -
 CHARMM>                phi @zphi select target end
 Parameter: XPOS -> "-18.8527907"
 Parameter: YPOS -> "-19.2893446"
 Parameter: ZPOS -> "-33.1404688"
 Parameter: ZPHI -> "244.618979"
 SELRPN>      1 atoms have been selected out of  22374
 ROTATION MATRIX
   -0.428636   -0.903477    0.000000
    0.903477   -0.428636    0.000000
    0.000000    0.000000    1.000000

 AXIS OF ROTATION IS  0.000000  0.000000 -1.000000  ANGLE IS  115.38

 SELECTED COORDINATES ROTATED IN THE MAIN SET.

  
 CHARMM>     
  
 CHARMM>     
  
 CHARMM>            calc dcut = 3.5
Evaluating: 3.5
 Parameter: DCUT <- "3.5"
  
 CHARMM>     
  
 CHARMM>            coor stat sele target end
 SELRPN>      1 atoms have been selected out of  22374
 STATISTICS FOR         1 SELECTED ATOMS:
    XMIN =  -18.852791 XMAX =  -18.852791 XAVE =  -18.852791
    YMIN =  -19.289345 YMAX =  -19.289345 YAVE =  -19.289345
    ZMIN =  -33.140469 ZMAX =  -33.140469 ZAVE =  -33.140469
    WMIN =    1.000000 WMAX =    1.000000 WAVE =    1.000000
  
 CHARMM>            calc xmax = ?xmax + @dcut
 Parameter: DCUT -> "3.5"
 RDCMND substituted energy or value "?XMAX" to "-18.8527907"
Evaluating: -18.8527907+3.5
 Parameter: XMAX <- "-15.3527907"
  
 CHARMM>            calc ymax = ?ymax + @dcut
 Parameter: DCUT -> "3.5"
 RDCMND substituted energy or value "?YMAX" to "-19.2893446"
Evaluating: -19.2893446+3.5
 Parameter: YMAX <- "-15.7893446"
  
 CHARMM>            calc zmax = ?zmax + @dcut
 Parameter: DCUT -> "3.5"
 RDCMND substituted energy or value "?ZMAX" to "-33.1404688"
Evaluating: -33.1404688+3.5
 Parameter: ZMAX <- "-29.6404688"
  
 CHARMM>            calc xmin = ?xmin - @dcut
 Parameter: DCUT -> "3.5"
 RDCMND substituted energy or value "?XMIN" to "-18.8527907"
Evaluating: -18.8527907-3.5
 Parameter: XMIN <- "-22.3527907"
  
 CHARMM>            calc ymin = ?ymin - @dcut
 Parameter: DCUT -> "3.5"
 RDCMND substituted energy or value "?YMIN" to "-19.2893446"
Evaluating: -19.2893446-3.5
 Parameter: YMIN <- "-22.7893446"
  
 CHARMM>            calc zmin = ?zmin - @dcut
 Parameter: DCUT -> "3.5"
 RDCMND substituted energy or value "?ZMIN" to "-33.1404688"
Evaluating: -33.1404688-3.5
 Parameter: ZMIN <- "-36.6404688"
  
 CHARMM>     
  
 CHARMM>            define JUNK sele .not. target .and. -
 CHARMM>                             prop X .lt. @xmax .and. prop X .gt. @xmin .and. -
 CHARMM>                             prop Y .lt. @ymax .and. prop Y .gt. @ymin .and. -
 CHARMM>                             prop Z .lt. @zmax .and. prop Z .gt. @zmin  end
 Parameter: XMAX -> "-15.3527907"
 Parameter: XMIN -> "-22.3527907"
 Parameter: YMAX -> "-15.7893446"
 Parameter: YMIN -> "-22.7893446"
 Parameter: ZMAX -> "-29.6404688"
 Parameter: ZMIN -> "-36.6404688"
 SELRPN>      0 atoms have been selected out of  22374
  
 CHARMM>     
  
 CHARMM>            ! check if the ions are too close to protein
  
 CHARMM>            define XXX sele PROT end
 SELRPN>      0 atoms have been selected out of  22374
  
 CHARMM>            if ?nsel .gt. 0 then
 RDCMND substituted energy or value "?NSEL" to "0"
 Comparing "0" and "0".
 IF test evaluated as false.  Skip to ELSE or ENDIF
  
 CHARMM>     
  
 CHARMM>            ! check if the ions are too close to solute
  
 CHARMM>            coor dist cut 4.0 sele target end sele JUNK .and. .not. hydrogen end image
 SELRPN>      1 atoms have been selected out of  34208
 SELRPN>      0 atoms have been selected out of  34208

            DISTANCES FOR SELECTED ATOMS
            ONLY ONE SELECTION SET SPECIFIED, A COMPARISON WILL BE DONE
 TOTAL EXCLUSION COUNT =         0
 TOTAL 1-4 EXCLUSIONS  =         0
 TOTAL NON-EXCLUSIONS  =         0
  
 CHARMM>            if ?npair .gt. 0 goto doinit
 RDCMND substituted energy or value "?NPAIR" to "0"
 Comparing "0" and "0".
 IF test evaluated as false.  Skipping command
  
 CHARMM>     
  
 CHARMM>            calc cntrand = 0
Evaluating: 0
 Parameter: CNTRAND <- "0"
  
 CHARMM>            increase i by 1
 Parameter: I <- "10"
  
 CHARMM>            if i .le. @nion goto doinit
 Parameter: NION -> "54"
 Comparing "10" and "54".
 IF test evaluated as true.  Performing command
  
 CHARMM>     
  
 CHARMM>            calc cntrand = @cntrand + 1
 Parameter: CNTRAND -> "0"
Evaluating: 0+1
 Parameter: CNTRAND <- "1"
  
 CHARMM>            if cntrand .gt. 100 stop ! ABNORMAL TERMINATION: ion placing may not work.. stop here
 Comparing "1" and "100".
 IF test evaluated as false.  Skipping command
  
 CHARMM>     
  
 CHARMM>            calc j = @i
 Parameter: I -> "10"
Evaluating: 10
 Parameter: J <- "10"
  
 CHARMM>            set ion = POS
 Parameter: ION <- "POS"
  
 CHARMM>     
  
 CHARMM>            if j .gt. @npos then
 Parameter: NPOS -> "37"
 Comparing "10" and "37".
 IF test evaluated as false.  Skip to ELSE or ENDIF
  
 CHARMM>     
  
 CHARMM>            define target select segid @ion .and. resid @j end
 Parameter: ION -> "POS"
 Parameter: J -> "10"
 SELRPN>      1 atoms have been selected out of  22374
  
 CHARMM>     
  
 CHARMM>            calc xpos = @A * ( ?random - 0.5 )
 Parameter: A -> "73.4166194"
 RDCMND substituted energy or value "?RANDOM" to "0.604355849"
Evaluating: 73.4166194*(0.604355849-0.5)
 Parameter: XPOS <- "7.66145365"
  
 CHARMM>            calc ypos = @B * ( ?random - 0.5 )
 Parameter: B -> "73.4166194"
 RDCMND substituted energy or value "?RANDOM" to "0.413307297"
Evaluating: 73.4166194*(0.413307297-0.5)
 Parameter: YPOS <- "-6.36468518"
  
 CHARMM>            calc zpos = @C * ( ?random - 0.5 ) + @zcen
 Parameter: C -> "85"
 Parameter: ZCEN -> "0"
 RDCMND substituted energy or value "?RANDOM" to "0.598070652"
Evaluating: 85*(0.598070652-0.5)+0
 Parameter: ZPOS <- "8.33600542"
  
 CHARMM>     
  
 CHARMM>            if zpos .gt. -15 if zpos .lt. 15 goto doinit
 Comparing "8.33600542" and "-15".
 IF test evaluated as true.  Performing command
 Comparing "8.33600542" and "15".
 IF test evaluated as true.  Performing command
  
 CHARMM>     
  
 CHARMM>            calc cntrand = @cntrand + 1
 Parameter: CNTRAND -> "1"
Evaluating: 1+1
 Parameter: CNTRAND <- "2"
  
 CHARMM>            if cntrand .gt. 100 stop ! ABNORMAL TERMINATION: ion placing may not work.. stop here
 Comparing "2" and "100".
 IF test evaluated as false.  Skipping command
  
 CHARMM>     
  
 CHARMM>            calc j = @i
 Parameter: I -> "10"
Evaluating: 10
 Parameter: J <- "10"
  
 CHARMM>            set ion = POS
 Parameter: ION <- "POS"
  
 CHARMM>     
  
 CHARMM>            if j .gt. @npos then
 Parameter: NPOS -> "37"
 Comparing "10" and "37".
 IF test evaluated as false.  Skip to ELSE or ENDIF
  
 CHARMM>     
  
 CHARMM>            define target select segid @ion .and. resid @j end
 Parameter: ION -> "POS"
 Parameter: J -> "10"
 SELRPN>      1 atoms have been selected out of  22374
  
 CHARMM>     
  
 CHARMM>            calc xpos = @A * ( ?random - 0.5 )
 Parameter: A -> "73.4166194"
 RDCMND substituted energy or value "?RANDOM" to "0.940221537"
Evaluating: 73.4166194*(0.940221537-0.5)
 Parameter: XPOS <- "32.319577"
  
 CHARMM>            calc ypos = @B * ( ?random - 0.5 )
 Parameter: B -> "73.4166194"
 RDCMND substituted energy or value "?RANDOM" to "0.200988415"
Evaluating: 73.4166194*(0.200988415-0.5)
 Parameter: YPOS <- "-21.9524197"
  
 CHARMM>            calc zpos = @C * ( ?random - 0.5 ) + @zcen
 Parameter: C -> "85"
 Parameter: ZCEN -> "0"
 RDCMND substituted energy or value "?RANDOM" to "0.403336218"
Evaluating: 85*(0.403336218-0.5)+0
 Parameter: ZPOS <- "-8.21642147"
  
 CHARMM>     
  
 CHARMM>            if zpos .gt. -15 if zpos .lt. 15 goto doinit
 Comparing "-8.21642147" and "-15".
 IF test evaluated as true.  Performing command
 Comparing "-8.21642147" and "15".
 IF test evaluated as true.  Performing command
  
 CHARMM>     
  
 CHARMM>            calc cntrand = @cntrand + 1
 Parameter: CNTRAND -> "2"
Evaluating: 2+1
 Parameter: CNTRAND <- "3"
  
 CHARMM>            if cntrand .gt. 100 stop ! ABNORMAL TERMINATION: ion placing may not work.. stop here
 Comparing "3" and "100".
 IF test evaluated as false.  Skipping command
  
 CHARMM>     
  
 CHARMM>            calc j = @i
 Parameter: I -> "10"
Evaluating: 10
 Parameter: J <- "10"
  
 CHARMM>            set ion = POS
 Parameter: ION <- "POS"
  
 CHARMM>     
  
 CHARMM>            if j .gt. @npos then
 Parameter: NPOS -> "37"
 Comparing "10" and "37".
 IF test evaluated as false.  Skip to ELSE or ENDIF
  
 CHARMM>     
  
 CHARMM>            define target select segid @ion .and. resid @j end
 Parameter: ION -> "POS"
 Parameter: J -> "10"
 SELRPN>      1 atoms have been selected out of  22374
  
 CHARMM>     
  
 CHARMM>            calc xpos = @A * ( ?random - 0.5 )
 Parameter: A -> "73.4166194"
 RDCMND substituted energy or value "?RANDOM" to "0.651270231"
Evaluating: 73.4166194*(0.651270231-0.5)
 Parameter: XPOS <- "11.105749"
  
 CHARMM>            calc ypos = @B * ( ?random - 0.5 )
 Parameter: B -> "73.4166194"
 RDCMND substituted energy or value "?RANDOM" to "0.804573411"
Evaluating: 73.4166194*(0.804573411-0.5)
 Parameter: YPOS <- "22.3607502"
  
 CHARMM>            calc zpos = @C * ( ?random - 0.5 ) + @zcen
 Parameter: C -> "85"
 Parameter: ZCEN -> "0"
 RDCMND substituted energy or value "?RANDOM" to "0.275277573"
Evaluating: 85*(0.275277573-0.5)+0
 Parameter: ZPOS <- "-19.1014063"
  
 CHARMM>     
  
 CHARMM>            if zpos .gt. -15 if zpos .lt. 15 goto doinit
 Comparing "-19.1014063" and "-15".
 IF test evaluated as false.  Skipping command
  
 CHARMM>     
  
 CHARMM>            ! move target to selected position
  
 CHARMM>            coor stat select target end
 SELRPN>      1 atoms have been selected out of  22374
 STATISTICS FOR         1 SELECTED ATOMS:
    XMIN =    0.000000 XMAX =    0.000000 XAVE =    0.000000
    YMIN =    0.000000 YMAX =    0.000000 YAVE =    0.000000
    ZMIN =    0.000000 ZMAX =    0.000000 ZAVE =    0.000000
    WMIN =    1.000000 WMAX =    1.000000 WAVE =    1.000000
  
 CHARMM>            calc xtran = @xpos - ?xave
 Parameter: XPOS -> "11.105749"
 RDCMND substituted energy or value "?XAVE" to "0"
Evaluating: 11.105749-0
 Parameter: XTRAN <- "11.105749"
  
 CHARMM>            calc ytran = @ypos - ?yave
 Parameter: YPOS -> "22.3607502"
 RDCMND substituted energy or value "?YAVE" to "0"
Evaluating: 22.3607502-0
 Parameter: YTRAN <- "22.3607502"
  
 CHARMM>            calc ztran = @zpos - ?zave
 Parameter: ZPOS -> "-19.1014063"
 RDCMND substituted energy or value "?ZAVE" to "0"
Evaluating: -19.1014063-0
 Parameter: ZTRAN <- "-19.1014063"
  
 CHARMM>            coor trans xdir @xtran ydir @ytran zdir @ztran select target end
 Parameter: XTRAN -> "11.105749"
 Parameter: YTRAN -> "22.3607502"
 Parameter: ZTRAN -> "-19.1014063"
 SELRPN>      1 atoms have been selected out of  22374
 TRANSLATION VECTOR    11.105749   22.360750  -19.101406
 SELECTED COORDINATES TRANSLATED IN THE MAIN SET.

  
 CHARMM>     
  
 CHARMM>            ! apply a random rotation along XYZ
  
 CHARMM>            calc xphi = ?random * 360.0
 RDCMND substituted energy or value "?RANDOM" to "0.429455518"
Evaluating: 0.429455518*360.0
 Parameter: XPHI <- "154.603986"
  
 CHARMM>            calc yphi = ?random * 360.0
 RDCMND substituted energy or value "?RANDOM" to "0.742076743"
Evaluating: 0.742076743*360.0
 Parameter: YPHI <- "267.147627"
  
 CHARMM>            calc zphi = ?random * 360.0
 RDCMND substituted energy or value "?RANDOM" to "0.327144285"
Evaluating: 0.327144285*360.0
 Parameter: ZPHI <- "117.771943"
  
 CHARMM>            coor rotate xcen @xpos ycen @ypos zcen @zpos xdir 1.0 -
 CHARMM>                phi @xphi select target end
 Parameter: XPOS -> "11.105749"
 Parameter: YPOS -> "22.3607502"
 Parameter: ZPOS -> "-19.1014063"
 Parameter: XPHI -> "154.603986"
 SELRPN>      1 atoms have been selected out of  22374
 ROTATION MATRIX
    1.000000    0.000000    0.000000
    0.000000   -0.903365    0.428872
    0.000000   -0.428872   -0.903365

 AXIS OF ROTATION IS  1.000000  0.000000  0.000000  ANGLE IS  154.60

 SELECTED COORDINATES ROTATED IN THE MAIN SET.

  
 CHARMM>            coor rotate xcen @xpos ycen @ypos zcen @zpos ydir 1.0 -
 CHARMM>                phi @yphi select target end
 Parameter: XPOS -> "11.105749"
 Parameter: YPOS -> "22.3607502"
 Parameter: ZPOS -> "-19.1014063"
 Parameter: YPHI -> "267.147627"
 SELRPN>      1 atoms have been selected out of  22374
 ROTATION MATRIX
   -0.049763    0.000000    0.998761
    0.000000    1.000000    0.000000
   -0.998761    0.000000   -0.049763

 AXIS OF ROTATION IS  0.000000 -1.000000  0.000000  ANGLE IS   92.85

 SELECTED COORDINATES ROTATED IN THE MAIN SET.

  
 CHARMM>            coor rotate xcen @xpos ycen @ypos zcen @zpos zdir 1.0 -
 CHARMM>                phi @zphi select target end
 Parameter: XPOS -> "11.105749"
 Parameter: YPOS -> "22.3607502"
 Parameter: ZPOS -> "-19.1014063"
 Parameter: ZPHI -> "117.771943"
 SELRPN>      1 atoms have been selected out of  22374
 ROTATION MATRIX
   -0.465953    0.884809    0.000000
   -0.884809   -0.465953    0.000000
    0.000000    0.000000    1.000000

 AXIS OF ROTATION IS  0.000000  0.000000  1.000000  ANGLE IS  117.77

 SELECTED COORDINATES ROTATED IN THE MAIN SET.

  
 CHARMM>     
  
 CHARMM>     
  
 CHARMM>            calc dcut = 3.5
Evaluating: 3.5
 Parameter: DCUT <- "3.5"
  
 CHARMM>     
  
 CHARMM>            coor stat sele target end
 SELRPN>      1 atoms have been selected out of  22374
 STATISTICS FOR         1 SELECTED ATOMS:
    XMIN =   11.105749 XMAX =   11.105749 XAVE =   11.105749
    YMIN =   22.360750 YMAX =   22.360750 YAVE =   22.360750
    ZMIN =  -19.101406 ZMAX =  -19.101406 ZAVE =  -19.101406
    WMIN =    1.000000 WMAX =    1.000000 WAVE =    1.000000
  
 CHARMM>            calc xmax = ?xmax + @dcut
 Parameter: DCUT -> "3.5"
 RDCMND substituted energy or value "?XMAX" to "11.105749"
Evaluating: 11.105749+3.5
 Parameter: XMAX <- "14.605749"
  
 CHARMM>            calc ymax = ?ymax + @dcut
 Parameter: DCUT -> "3.5"
 RDCMND substituted energy or value "?YMAX" to "22.3607502"
Evaluating: 22.3607502+3.5
 Parameter: YMAX <- "25.8607502"
  
 CHARMM>            calc zmax = ?zmax + @dcut
 Parameter: DCUT -> "3.5"
 RDCMND substituted energy or value "?ZMAX" to "-19.1014063"
Evaluating: -19.1014063+3.5
 Parameter: ZMAX <- "-15.6014063"
  
 CHARMM>            calc xmin = ?xmin - @dcut
 Parameter: DCUT -> "3.5"
 RDCMND substituted energy or value "?XMIN" to "11.105749"
Evaluating: 11.105749-3.5
 Parameter: XMIN <- "7.605749"
  
 CHARMM>            calc ymin = ?ymin - @dcut
 Parameter: DCUT -> "3.5"
 RDCMND substituted energy or value "?YMIN" to "22.3607502"
Evaluating: 22.3607502-3.5
 Parameter: YMIN <- "18.8607502"
  
 CHARMM>            calc zmin = ?zmin - @dcut
 Parameter: DCUT -> "3.5"
 RDCMND substituted energy or value "?ZMIN" to "-19.1014063"
Evaluating: -19.1014063-3.5
 Parameter: ZMIN <- "-22.6014063"
  
 CHARMM>     
  
 CHARMM>            define JUNK sele .not. target .and. -
 CHARMM>                             prop X .lt. @xmax .and. prop X .gt. @xmin .and. -
 CHARMM>                             prop Y .lt. @ymax .and. prop Y .gt. @ymin .and. -
 CHARMM>                             prop Z .lt. @zmax .and. prop Z .gt. @zmin  end
 Parameter: XMAX -> "14.605749"
 Parameter: XMIN -> "7.605749"
 Parameter: YMAX -> "25.8607502"
 Parameter: YMIN -> "18.8607502"
 Parameter: ZMAX -> "-15.6014063"
 Parameter: ZMIN -> "-22.6014063"
 SELRPN>      9 atoms have been selected out of  22374
  
 CHARMM>     
  
 CHARMM>            ! check if the ions are too close to protein
  
 CHARMM>            define XXX sele PROT end
 SELRPN>      0 atoms have been selected out of  22374
  
 CHARMM>            if ?nsel .gt. 0 then
 RDCMND substituted energy or value "?NSEL" to "0"
 Comparing "0" and "0".
 IF test evaluated as false.  Skip to ELSE or ENDIF
  
 CHARMM>     
  
 CHARMM>            ! check if the ions are too close to solute
  
 CHARMM>            coor dist cut 4.0 sele target end sele JUNK .and. .not. hydrogen end image
 SELRPN>      1 atoms have been selected out of  34208
 SELRPN>      4 atoms have been selected out of  34208

            DISTANCES FOR SELECTED ATOMS
22330 POS      SOD      10       SOD     -**** MEMB     CHL1     132      C3            2.7406
22330 POS      SOD      10       SOD     -**** MEMB     CHL1     132      O3            2.8491
22330 POS      SOD      10       SOD     -**** MEMB     CHL1     132      C2            3.0729
 TOTAL EXCLUSION COUNT =         0
 TOTAL 1-4 EXCLUSIONS  =         0
 TOTAL NON-EXCLUSIONS  =         3
  
 CHARMM>            if ?npair .gt. 0 goto doinit
 RDCMND substituted energy or value "?NPAIR" to "3"
 Comparing "3" and "0".
 IF test evaluated as true.  Performing command
  
 CHARMM>     
  
 CHARMM>            calc cntrand = @cntrand + 1
 Parameter: CNTRAND -> "3"
Evaluating: 3+1
 Parameter: CNTRAND <- "4"
  
 CHARMM>            if cntrand .gt. 100 stop ! ABNORMAL TERMINATION: ion placing may not work.. stop here
 Comparing "4" and "100".
 IF test evaluated as false.  Skipping command
  
 CHARMM>     
  
 CHARMM>            calc j = @i
 Parameter: I -> "10"
Evaluating: 10
 Parameter: J <- "10"
  
 CHARMM>            set ion = POS
 Parameter: ION <- "POS"
  
 CHARMM>     
  
 CHARMM>            if j .gt. @npos then
 Parameter: NPOS -> "37"
 Comparing "10" and "37".
 IF test evaluated as false.  Skip to ELSE or ENDIF
  
 CHARMM>     
  
 CHARMM>            define target select segid @ion .and. resid @j end
 Parameter: ION -> "POS"
 Parameter: J -> "10"
 SELRPN>      1 atoms have been selected out of  22374
  
 CHARMM>     
  
 CHARMM>            calc xpos = @A * ( ?random - 0.5 )
 Parameter: A -> "73.4166194"
 RDCMND substituted energy or value "?RANDOM" to "0.198802018"
Evaluating: 73.4166194*(0.198802018-0.5)
 Parameter: XPOS <- "-22.1129376"
  
 CHARMM>            calc ypos = @B * ( ?random - 0.5 )
 Parameter: B -> "73.4166194"
 RDCMND substituted energy or value "?RANDOM" to "0.314123335"
Evaluating: 73.4166194*(0.314123335-0.5)
 Parameter: YPOS <- "-13.6464364"
  
 CHARMM>            calc zpos = @C * ( ?random - 0.5 ) + @zcen
 Parameter: C -> "85"
 Parameter: ZCEN -> "0"
 RDCMND substituted energy or value "?RANDOM" to "3.621671665E-02"
Evaluating: 85*(3.621671665E-02-0.5)+0
 Parameter: ZPOS <- "-39.4215791"
  
 CHARMM>     
  
 CHARMM>            if zpos .gt. -15 if zpos .lt. 15 goto doinit
 Comparing "-39.4215791" and "-15".
 IF test evaluated as false.  Skipping command
  
 CHARMM>     
  
 CHARMM>            ! move target to selected position
  
 CHARMM>            coor stat select target end
 SELRPN>      1 atoms have been selected out of  22374
 STATISTICS FOR         1 SELECTED ATOMS:
    XMIN =   11.105749 XMAX =   11.105749 XAVE =   11.105749
    YMIN =   22.360750 YMAX =   22.360750 YAVE =   22.360750
    ZMIN =  -19.101406 ZMAX =  -19.101406 ZAVE =  -19.101406
    WMIN =    1.000000 WMAX =    1.000000 WAVE =    1.000000
  
 CHARMM>            calc xtran = @xpos - ?xave
 Parameter: XPOS -> "-22.1129376"
 RDCMND substituted energy or value "?XAVE" to "11.105749"
Evaluating: -22.1129376-11.105749
 Parameter: XTRAN <- "-33.2186866"
  
 CHARMM>            calc ytran = @ypos - ?yave
 Parameter: YPOS -> "-13.6464364"
 RDCMND substituted energy or value "?YAVE" to "22.3607502"
Evaluating: -13.6464364-22.3607502
 Parameter: YTRAN <- "-36.0071866"
  
 CHARMM>            calc ztran = @zpos - ?zave
 Parameter: ZPOS -> "-39.4215791"
 RDCMND substituted energy or value "?ZAVE" to "-19.1014063"
Evaluating: -39.4215791--19.1014063
 Parameter: ZTRAN <- "-20.3201728"
  
 CHARMM>            coor trans xdir @xtran ydir @ytran zdir @ztran select target end
 Parameter: XTRAN -> "-33.2186866"
 Parameter: YTRAN -> "-36.0071866"
 Parameter: ZTRAN -> "-20.3201728"
 SELRPN>      1 atoms have been selected out of  22374
 TRANSLATION VECTOR   -33.218687  -36.007187  -20.320173
 SELECTED COORDINATES TRANSLATED IN THE MAIN SET.

  
 CHARMM>     
  
 CHARMM>            ! apply a random rotation along XYZ
  
 CHARMM>            calc xphi = ?random * 360.0
 RDCMND substituted energy or value "?RANDOM" to "0.655628194"
Evaluating: 0.655628194*360.0
 Parameter: XPHI <- "236.02615"
  
 CHARMM>            calc yphi = ?random * 360.0
 RDCMND substituted energy or value "?RANDOM" to "0.376990119"
Evaluating: 0.376990119*360.0
 Parameter: YPHI <- "135.716443"
  
 CHARMM>            calc zphi = ?random * 360.0
 RDCMND substituted energy or value "?RANDOM" to "0.816476321"
Evaluating: 0.816476321*360.0
 Parameter: ZPHI <- "293.931476"
  
 CHARMM>            coor rotate xcen @xpos ycen @ypos zcen @zpos xdir 1.0 -
 CHARMM>                phi @xphi select target end
 Parameter: XPOS -> "-22.1129376"
 Parameter: YPOS -> "-13.6464364"
 Parameter: ZPOS -> "-39.4215791"
 Parameter: XPHI -> "236.02615"
 SELRPN>      1 atoms have been selected out of  22374
 ROTATION MATRIX
    1.000000    0.000000    0.000000
    0.000000   -0.558814   -0.829293
    0.000000    0.829293   -0.558814

 AXIS OF ROTATION IS -1.000000  0.000000  0.000000  ANGLE IS  123.97

 SELECTED COORDINATES ROTATED IN THE MAIN SET.

  
 CHARMM>            coor rotate xcen @xpos ycen @ypos zcen @zpos ydir 1.0 -
 CHARMM>                phi @yphi select target end
 Parameter: XPOS -> "-22.1129376"
 Parameter: YPOS -> "-13.6464364"
 Parameter: ZPOS -> "-39.4215791"
 Parameter: YPHI -> "135.716443"
 SELRPN>      1 atoms have been selected out of  22374
 ROTATION MATRIX
   -0.715893    0.000000   -0.698210
    0.000000    1.000000    0.000000
    0.698210    0.000000   -0.715893

 AXIS OF ROTATION IS  0.000000  1.000000  0.000000  ANGLE IS  135.72

 SELECTED COORDINATES ROTATED IN THE MAIN SET.

  
 CHARMM>            coor rotate xcen @xpos ycen @ypos zcen @zpos zdir 1.0 -
 CHARMM>                phi @zphi select target end
 Parameter: XPOS -> "-22.1129376"
 Parameter: YPOS -> "-13.6464364"
 Parameter: ZPOS -> "-39.4215791"
 Parameter: ZPHI -> "293.931476"
 SELRPN>      1 atoms have been selected out of  22374
 ROTATION MATRIX
    0.405644   -0.914031    0.000000
    0.914031    0.405644    0.000000
    0.000000    0.000000    1.000000

 AXIS OF ROTATION IS  0.000000  0.000000 -1.000000  ANGLE IS   66.07

 SELECTED COORDINATES ROTATED IN THE MAIN SET.

  
 CHARMM>     
  
 CHARMM>     
  
 CHARMM>            calc dcut = 3.5
Evaluating: 3.5
 Parameter: DCUT <- "3.5"
  
 CHARMM>     
  
 CHARMM>            coor stat sele target end
 SELRPN>      1 atoms have been selected out of  22374
 STATISTICS FOR         1 SELECTED ATOMS:
    XMIN =  -22.112938 XMAX =  -22.112938 XAVE =  -22.112938
    YMIN =  -13.646436 YMAX =  -13.646436 YAVE =  -13.646436
    ZMIN =  -39.421579 ZMAX =  -39.421579 ZAVE =  -39.421579
    WMIN =    1.000000 WMAX =    1.000000 WAVE =    1.000000
  
 CHARMM>            calc xmax = ?xmax + @dcut
 Parameter: DCUT -> "3.5"
 RDCMND substituted energy or value "?XMAX" to "-22.1129376"
Evaluating: -22.1129376+3.5
 Parameter: XMAX <- "-18.6129376"
  
 CHARMM>            calc ymax = ?ymax + @dcut
 Parameter: DCUT -> "3.5"
 RDCMND substituted energy or value "?YMAX" to "-13.6464364"
Evaluating: -13.6464364+3.5
 Parameter: YMAX <- "-10.1464364"
  
 CHARMM>            calc zmax = ?zmax + @dcut
 Parameter: DCUT -> "3.5"
 RDCMND substituted energy or value "?ZMAX" to "-39.4215791"
Evaluating: -39.4215791+3.5
 Parameter: ZMAX <- "-35.9215791"
  
 CHARMM>            calc xmin = ?xmin - @dcut
 Parameter: DCUT -> "3.5"
 RDCMND substituted energy or value "?XMIN" to "-22.1129376"
Evaluating: -22.1129376-3.5
 Parameter: XMIN <- "-25.6129376"
  
 CHARMM>            calc ymin = ?ymin - @dcut
 Parameter: DCUT -> "3.5"
 RDCMND substituted energy or value "?YMIN" to "-13.6464364"
Evaluating: -13.6464364-3.5
 Parameter: YMIN <- "-17.1464364"
  
 CHARMM>            calc zmin = ?zmin - @dcut
 Parameter: DCUT -> "3.5"
 RDCMND substituted energy or value "?ZMIN" to "-39.4215791"
Evaluating: -39.4215791-3.5
 Parameter: ZMIN <- "-42.9215791"
  
 CHARMM>     
  
 CHARMM>            define JUNK sele .not. target .and. -
 CHARMM>                             prop X .lt. @xmax .and. prop X .gt. @xmin .and. -
 CHARMM>                             prop Y .lt. @ymax .and. prop Y .gt. @ymin .and. -
 CHARMM>                             prop Z .lt. @zmax .and. prop Z .gt. @zmin  end
 Parameter: XMAX -> "-18.6129376"
 Parameter: XMIN -> "-25.6129376"
 Parameter: YMAX -> "-10.1464364"
 Parameter: YMIN -> "-17.1464364"
 Parameter: ZMAX -> "-35.9215791"
 Parameter: ZMIN -> "-42.9215791"
 SELRPN>      0 atoms have been selected out of  22374
  
 CHARMM>     
  
 CHARMM>            ! check if the ions are too close to protein
  
 CHARMM>            define XXX sele PROT end
 SELRPN>      0 atoms have been selected out of  22374
  
 CHARMM>            if ?nsel .gt. 0 then
 RDCMND substituted energy or value "?NSEL" to "0"
 Comparing "0" and "0".
 IF test evaluated as false.  Skip to ELSE or ENDIF
  
 CHARMM>     
  
 CHARMM>            ! check if the ions are too close to solute
  
 CHARMM>            coor dist cut 4.0 sele target end sele JUNK .and. .not. hydrogen end image
 SELRPN>      1 atoms have been selected out of  34208
 SELRPN>      0 atoms have been selected out of  34208

            DISTANCES FOR SELECTED ATOMS
            ONLY ONE SELECTION SET SPECIFIED, A COMPARISON WILL BE DONE
 TOTAL EXCLUSION COUNT =         0
 TOTAL 1-4 EXCLUSIONS  =         0
 TOTAL NON-EXCLUSIONS  =         0
  
 CHARMM>            if ?npair .gt. 0 goto doinit
 RDCMND substituted energy or value "?NPAIR" to "0"
 Comparing "0" and "0".
 IF test evaluated as false.  Skipping command
  
 CHARMM>     
  
 CHARMM>            calc cntrand = 0
Evaluating: 0
 Parameter: CNTRAND <- "0"
  
 CHARMM>            increase i by 1
 Parameter: I <- "11"
  
 CHARMM>            if i .le. @nion goto doinit
 Parameter: NION -> "54"
 Comparing "11" and "54".
 IF test evaluated as true.  Performing command
  
 CHARMM>     
  
 CHARMM>            calc cntrand = @cntrand + 1
 Parameter: CNTRAND -> "0"
Evaluating: 0+1
 Parameter: CNTRAND <- "1"
  
 CHARMM>            if cntrand .gt. 100 stop ! ABNORMAL TERMINATION: ion placing may not work.. stop here
 Comparing "1" and "100".
 IF test evaluated as false.  Skipping command
  
 CHARMM>     
  
 CHARMM>            calc j = @i
 Parameter: I -> "11"
Evaluating: 11
 Parameter: J <- "11"
  
 CHARMM>            set ion = POS
 Parameter: ION <- "POS"
  
 CHARMM>     
  
 CHARMM>            if j .gt. @npos then
 Parameter: NPOS -> "37"
 Comparing "11" and "37".
 IF test evaluated as false.  Skip to ELSE or ENDIF
  
 CHARMM>     
  
 CHARMM>            define target select segid @ion .and. resid @j end
 Parameter: ION -> "POS"
 Parameter: J -> "11"
 SELRPN>      1 atoms have been selected out of  22374
  
 CHARMM>     
  
 CHARMM>            calc xpos = @A * ( ?random - 0.5 )
 Parameter: A -> "73.4166194"
 RDCMND substituted energy or value "?RANDOM" to "0.883569144"
Evaluating: 73.4166194*(0.883569144-0.5)
 Parameter: XPOS <- "28.1603499"
  
 CHARMM>            calc ypos = @B * ( ?random - 0.5 )
 Parameter: B -> "73.4166194"
 RDCMND substituted energy or value "?RANDOM" to "0.274023601"
Evaluating: 73.4166194*(0.274023601-0.5)
 Parameter: YPOS <- "-16.5904233"
  
 CHARMM>            calc zpos = @C * ( ?random - 0.5 ) + @zcen
 Parameter: C -> "85"
 Parameter: ZCEN -> "0"
 RDCMND substituted energy or value "?RANDOM" to "0.387175551"
Evaluating: 85*(0.387175551-0.5)+0
 Parameter: ZPOS <- "-9.59007816"
  
 CHARMM>     
  
 CHARMM>            if zpos .gt. -15 if zpos .lt. 15 goto doinit
 Comparing "-9.59007816" and "-15".
 IF test evaluated as true.  Performing command
 Comparing "-9.59007816" and "15".
 IF test evaluated as true.  Performing command
  
 CHARMM>     
  
 CHARMM>            calc cntrand = @cntrand + 1
 Parameter: CNTRAND -> "1"
Evaluating: 1+1
 Parameter: CNTRAND <- "2"
  
 CHARMM>            if cntrand .gt. 100 stop ! ABNORMAL TERMINATION: ion placing may not work.. stop here
 Comparing "2" and "100".
 IF test evaluated as false.  Skipping command
  
 CHARMM>     
  
 CHARMM>            calc j = @i
 Parameter: I -> "11"
Evaluating: 11
 Parameter: J <- "11"
  
 CHARMM>            set ion = POS
 Parameter: ION <- "POS"
  
 CHARMM>     
  
 CHARMM>            if j .gt. @npos then
 Parameter: NPOS -> "37"
 Comparing "11" and "37".
 IF test evaluated as false.  Skip to ELSE or ENDIF
  
 CHARMM>     
  
 CHARMM>            define target select segid @ion .and. resid @j end
 Parameter: ION -> "POS"
 Parameter: J -> "11"
 SELRPN>      1 atoms have been selected out of  22374
  
 CHARMM>     
  
 CHARMM>            calc xpos = @A * ( ?random - 0.5 )
 Parameter: A -> "73.4166194"
 RDCMND substituted energy or value "?RANDOM" to "0.905915176"
Evaluating: 73.4166194*(0.905915176-0.5)
 Parameter: XPOS <- "29.80092"
  
 CHARMM>            calc ypos = @B * ( ?random - 0.5 )
 Parameter: B -> "73.4166194"
 RDCMND substituted energy or value "?RANDOM" to "0.512327581"
Evaluating: 73.4166194*(0.512327581-0.5)
 Parameter: YPOS <- "0.905049322"
  
 CHARMM>            calc zpos = @C * ( ?random - 0.5 ) + @zcen
 Parameter: C -> "85"
 Parameter: ZCEN -> "0"
 RDCMND substituted energy or value "?RANDOM" to "0.887372446"
Evaluating: 85*(0.887372446-0.5)+0
 Parameter: ZPOS <- "32.9266579"
  
 CHARMM>     
  
 CHARMM>            if zpos .gt. -15 if zpos .lt. 15 goto doinit
 Comparing "32.9266579" and "-15".
 IF test evaluated as true.  Performing command
 Comparing "32.9266579" and "15".
 IF test evaluated as false.  Skipping command
  
 CHARMM>     
  
 CHARMM>            ! move target to selected position
  
 CHARMM>            coor stat select target end
 SELRPN>      1 atoms have been selected out of  22374
 STATISTICS FOR         1 SELECTED ATOMS:
    XMIN =    0.000000 XMAX =    0.000000 XAVE =    0.000000
    YMIN =    0.000000 YMAX =    0.000000 YAVE =    0.000000
    ZMIN =    0.000000 ZMAX =    0.000000 ZAVE =    0.000000
    WMIN =    1.000000 WMAX =    1.000000 WAVE =    1.000000
  
 CHARMM>            calc xtran = @xpos - ?xave
 Parameter: XPOS -> "29.80092"
 RDCMND substituted energy or value "?XAVE" to "0"
Evaluating: 29.80092-0
 Parameter: XTRAN <- "29.80092"
  
 CHARMM>            calc ytran = @ypos - ?yave
 Parameter: YPOS -> "0.905049322"
 RDCMND substituted energy or value "?YAVE" to "0"
Evaluating: 0.905049322-0
 Parameter: YTRAN <- "0.905049322"
  
 CHARMM>            calc ztran = @zpos - ?zave
 Parameter: ZPOS -> "32.9266579"
 RDCMND substituted energy or value "?ZAVE" to "0"
Evaluating: 32.9266579-0
 Parameter: ZTRAN <- "32.9266579"
  
 CHARMM>            coor trans xdir @xtran ydir @ytran zdir @ztran select target end
 Parameter: XTRAN -> "29.80092"
 Parameter: YTRAN -> "0.905049322"
 Parameter: ZTRAN -> "32.9266579"
 SELRPN>      1 atoms have been selected out of  22374
 TRANSLATION VECTOR    29.800920    0.905049   32.926658
 SELECTED COORDINATES TRANSLATED IN THE MAIN SET.

  
 CHARMM>     
  
 CHARMM>            ! apply a random rotation along XYZ
  
 CHARMM>            calc xphi = ?random * 360.0
 RDCMND substituted energy or value "?RANDOM" to "0.616634745"
Evaluating: 0.616634745*360.0
 Parameter: XPHI <- "221.988508"
  
 CHARMM>            calc yphi = ?random * 360.0
 RDCMND substituted energy or value "?RANDOM" to "0.373983675"
Evaluating: 0.373983675*360.0
 Parameter: YPHI <- "134.634123"
  
 CHARMM>            calc zphi = ?random * 360.0
 RDCMND substituted energy or value "?RANDOM" to "0.482048347"
Evaluating: 0.482048347*360.0
 Parameter: ZPHI <- "173.537405"
  
 CHARMM>            coor rotate xcen @xpos ycen @ypos zcen @zpos xdir 1.0 -
 CHARMM>                phi @xphi select target end
 Parameter: XPOS -> "29.80092"
 Parameter: YPOS -> "0.905049322"
 Parameter: ZPOS -> "32.9266579"
 Parameter: XPHI -> "221.988508"
 SELRPN>      1 atoms have been selected out of  22374
 ROTATION MATRIX
    1.000000    0.000000    0.000000
    0.000000   -0.743279   -0.668982
    0.000000    0.668982   -0.743279

 AXIS OF ROTATION IS -1.000000  0.000000  0.000000  ANGLE IS  138.01

 SELECTED COORDINATES ROTATED IN THE MAIN SET.

  
 CHARMM>            coor rotate xcen @xpos ycen @ypos zcen @zpos ydir 1.0 -
 CHARMM>                phi @yphi select target end
 Parameter: XPOS -> "29.80092"
 Parameter: YPOS -> "0.905049322"
 Parameter: ZPOS -> "32.9266579"
 Parameter: YPHI -> "134.634123"
 SELRPN>      1 atoms have been selected out of  22374
 ROTATION MATRIX
   -0.702577    0.000000   -0.711608
    0.000000    1.000000    0.000000
    0.711608    0.000000   -0.702577

 AXIS OF ROTATION IS  0.000000  1.000000  0.000000  ANGLE IS  134.63

 SELECTED COORDINATES ROTATED IN THE MAIN SET.

  
 CHARMM>            coor rotate xcen @xpos ycen @ypos zcen @zpos zdir 1.0 -
 CHARMM>                phi @zphi select target end
 Parameter: XPOS -> "29.80092"
 Parameter: YPOS -> "0.905049322"
 Parameter: ZPOS -> "32.9266579"
 Parameter: ZPHI -> "173.537405"
 SELRPN>      1 atoms have been selected out of  22374
 ROTATION MATRIX
   -0.993646    0.112555    0.000000
   -0.112555   -0.993646    0.000000
    0.000000    0.000000    1.000000

 AXIS OF ROTATION IS  0.000000  0.000000  1.000000  ANGLE IS  173.54

 SELECTED COORDINATES ROTATED IN THE MAIN SET.

  
 CHARMM>     
  
 CHARMM>     
  
 CHARMM>            calc dcut = 3.5
Evaluating: 3.5
 Parameter: DCUT <- "3.5"
  
 CHARMM>     
  
 CHARMM>            coor stat sele target end
 SELRPN>      1 atoms have been selected out of  22374
 STATISTICS FOR         1 SELECTED ATOMS:
    XMIN =   29.800920 XMAX =   29.800920 XAVE =   29.800920
    YMIN =    0.905049 YMAX =    0.905049 YAVE =    0.905049
    ZMIN =   32.926658 ZMAX =   32.926658 ZAVE =   32.926658
    WMIN =    1.000000 WMAX =    1.000000 WAVE =    1.000000
  
 CHARMM>            calc xmax = ?xmax + @dcut
 Parameter: DCUT -> "3.5"
 RDCMND substituted energy or value "?XMAX" to "29.80092"
Evaluating: 29.80092+3.5
 Parameter: XMAX <- "33.30092"
  
 CHARMM>            calc ymax = ?ymax + @dcut
 Parameter: DCUT -> "3.5"
 RDCMND substituted energy or value "?YMAX" to "0.905049322"
Evaluating: 0.905049322+3.5
 Parameter: YMAX <- "4.40504932"
  
 CHARMM>            calc zmax = ?zmax + @dcut
 Parameter: DCUT -> "3.5"
 RDCMND substituted energy or value "?ZMAX" to "32.9266579"
Evaluating: 32.9266579+3.5
 Parameter: ZMAX <- "36.4266579"
  
 CHARMM>            calc xmin = ?xmin - @dcut
 Parameter: DCUT -> "3.5"
 RDCMND substituted energy or value "?XMIN" to "29.80092"
Evaluating: 29.80092-3.5
 Parameter: XMIN <- "26.30092"
  
 CHARMM>            calc ymin = ?ymin - @dcut
 Parameter: DCUT -> "3.5"
 RDCMND substituted energy or value "?YMIN" to "0.905049322"
Evaluating: 0.905049322-3.5
 Parameter: YMIN <- "-2.59495068"
  
 CHARMM>            calc zmin = ?zmin - @dcut
 Parameter: DCUT -> "3.5"
 RDCMND substituted energy or value "?ZMIN" to "32.9266579"
Evaluating: 32.9266579-3.5
 Parameter: ZMIN <- "29.4266579"
  
 CHARMM>     
  
 CHARMM>            define JUNK sele .not. target .and. -
 CHARMM>                             prop X .lt. @xmax .and. prop X .gt. @xmin .and. -
 CHARMM>                             prop Y .lt. @ymax .and. prop Y .gt. @ymin .and. -
 CHARMM>                             prop Z .lt. @zmax .and. prop Z .gt. @zmin  end
 Parameter: XMAX -> "33.30092"
 Parameter: XMIN -> "26.30092"
 Parameter: YMAX -> "4.40504932"
 Parameter: YMIN -> "-2.59495068"
 Parameter: ZMAX -> "36.4266579"
 Parameter: ZMIN -> "29.4266579"
 SELRPN>      0 atoms have been selected out of  22374
  
 CHARMM>     
  
 CHARMM>            ! check if the ions are too close to protein
  
 CHARMM>            define XXX sele PROT end
 SELRPN>      0 atoms have been selected out of  22374
  
 CHARMM>            if ?nsel .gt. 0 then
 RDCMND substituted energy or value "?NSEL" to "0"
 Comparing "0" and "0".
 IF test evaluated as false.  Skip to ELSE or ENDIF
  
 CHARMM>     
  
 CHARMM>            ! check if the ions are too close to solute
  
 CHARMM>            coor dist cut 4.0 sele target end sele JUNK .and. .not. hydrogen end image
 SELRPN>      1 atoms have been selected out of  34208
 SELRPN>      0 atoms have been selected out of  34208

            DISTANCES FOR SELECTED ATOMS
            ONLY ONE SELECTION SET SPECIFIED, A COMPARISON WILL BE DONE
 TOTAL EXCLUSION COUNT =         0
 TOTAL 1-4 EXCLUSIONS  =         0
 TOTAL NON-EXCLUSIONS  =         0
  
 CHARMM>            if ?npair .gt. 0 goto doinit
 RDCMND substituted energy or value "?NPAIR" to "0"
 Comparing "0" and "0".
 IF test evaluated as false.  Skipping command
  
 CHARMM>     
  
 CHARMM>            calc cntrand = 0
Evaluating: 0
 Parameter: CNTRAND <- "0"
  
 CHARMM>            increase i by 1
 Parameter: I <- "12"
  
 CHARMM>            if i .le. @nion goto doinit
 Parameter: NION -> "54"
 Comparing "12" and "54".
 IF test evaluated as true.  Performing command
  
 CHARMM>     
  
 CHARMM>            calc cntrand = @cntrand + 1
 Parameter: CNTRAND -> "0"
Evaluating: 0+1
 Parameter: CNTRAND <- "1"
  
 CHARMM>            if cntrand .gt. 100 stop ! ABNORMAL TERMINATION: ion placing may not work.. stop here
 Comparing "1" and "100".
 IF test evaluated as false.  Skipping command
  
 CHARMM>     
  
 CHARMM>            calc j = @i
 Parameter: I -> "12"
Evaluating: 12
 Parameter: J <- "12"
  
 CHARMM>            set ion = POS
 Parameter: ION <- "POS"
  
 CHARMM>     
  
 CHARMM>            if j .gt. @npos then
 Parameter: NPOS -> "37"
 Comparing "12" and "37".
 IF test evaluated as false.  Skip to ELSE or ENDIF
  
 CHARMM>     
  
 CHARMM>            define target select segid @ion .and. resid @j end
 Parameter: ION -> "POS"
 Parameter: J -> "12"
 SELRPN>      1 atoms have been selected out of  22374
  
 CHARMM>     
  
 CHARMM>            calc xpos = @A * ( ?random - 0.5 )
 Parameter: A -> "73.4166194"
 RDCMND substituted energy or value "?RANDOM" to "0.537985004"
Evaluating: 73.4166194*(0.537985004-0.5)
 Parameter: XPOS <- "2.78873058"
  
 CHARMM>            calc ypos = @B * ( ?random - 0.5 )
 Parameter: B -> "73.4166194"
 RDCMND substituted energy or value "?RANDOM" to "0.146397872"
Evaluating: 73.4166194*(0.146397872-0.5)
 Parameter: YPOS <- "-25.9602729"
  
 CHARMM>            calc zpos = @C * ( ?random - 0.5 ) + @zcen
 Parameter: C -> "85"
 Parameter: ZCEN -> "0"
 RDCMND substituted energy or value "?RANDOM" to "0.250825466"
Evaluating: 85*(0.250825466-0.5)+0
 Parameter: ZPOS <- "-21.1798354"
  
 CHARMM>     
  
 CHARMM>            if zpos .gt. -15 if zpos .lt. 15 goto doinit
 Comparing "-21.1798354" and "-15".
 IF test evaluated as false.  Skipping command
  
 CHARMM>     
  
 CHARMM>            ! move target to selected position
  
 CHARMM>            coor stat select target end
 SELRPN>      1 atoms have been selected out of  22374
 STATISTICS FOR         1 SELECTED ATOMS:
    XMIN =    0.000000 XMAX =    0.000000 XAVE =    0.000000
    YMIN =    0.000000 YMAX =    0.000000 YAVE =    0.000000
    ZMIN =    0.000000 ZMAX =    0.000000 ZAVE =    0.000000
    WMIN =    1.000000 WMAX =    1.000000 WAVE =    1.000000
  
 CHARMM>            calc xtran = @xpos - ?xave
 Parameter: XPOS -> "2.78873058"
 RDCMND substituted energy or value "?XAVE" to "0"
Evaluating: 2.78873058-0
 Parameter: XTRAN <- "2.78873058"
  
 CHARMM>            calc ytran = @ypos - ?yave
 Parameter: YPOS -> "-25.9602729"
 RDCMND substituted energy or value "?YAVE" to "0"
Evaluating: -25.9602729-0
 Parameter: YTRAN <- "-25.9602729"
  
 CHARMM>            calc ztran = @zpos - ?zave
 Parameter: ZPOS -> "-21.1798354"
 RDCMND substituted energy or value "?ZAVE" to "0"
Evaluating: -21.1798354-0
 Parameter: ZTRAN <- "-21.1798354"
  
 CHARMM>            coor trans xdir @xtran ydir @ytran zdir @ztran select target end
 Parameter: XTRAN -> "2.78873058"
 Parameter: YTRAN -> "-25.9602729"
 Parameter: ZTRAN -> "-21.1798354"
 SELRPN>      1 atoms have been selected out of  22374
 TRANSLATION VECTOR     2.788731  -25.960273  -21.179835
 SELECTED COORDINATES TRANSLATED IN THE MAIN SET.

  
 CHARMM>     
  
 CHARMM>            ! apply a random rotation along XYZ
  
 CHARMM>            calc xphi = ?random * 360.0
 RDCMND substituted energy or value "?RANDOM" to "0.657319992"
Evaluating: 0.657319992*360.0
 Parameter: XPHI <- "236.635197"
  
 CHARMM>            calc yphi = ?random * 360.0
 RDCMND substituted energy or value "?RANDOM" to "0.84227338"
Evaluating: 0.84227338*360.0
 Parameter: YPHI <- "303.218417"
  
 CHARMM>            calc zphi = ?random * 360.0
 RDCMND substituted energy or value "?RANDOM" to "0.29424632"
Evaluating: 0.29424632*360.0
 Parameter: ZPHI <- "105.928675"
  
 CHARMM>            coor rotate xcen @xpos ycen @ypos zcen @zpos xdir 1.0 -
 CHARMM>                phi @xphi select target end
 Parameter: XPOS -> "2.78873058"
 Parameter: YPOS -> "-25.9602729"
 Parameter: ZPOS -> "-21.1798354"
 Parameter: XPHI -> "236.635197"
 SELRPN>      1 atoms have been selected out of  22374
 ROTATION MATRIX
    1.000000    0.000000    0.000000
    0.000000   -0.549968   -0.835186
    0.000000    0.835186   -0.549968

 AXIS OF ROTATION IS -1.000000  0.000000  0.000000  ANGLE IS  123.36

 SELECTED COORDINATES ROTATED IN THE MAIN SET.

  
 CHARMM>            coor rotate xcen @xpos ycen @ypos zcen @zpos ydir 1.0 -
 CHARMM>                phi @yphi select target end
 Parameter: XPOS -> "2.78873058"
 Parameter: YPOS -> "-25.9602729"
 Parameter: ZPOS -> "-21.1798354"
 Parameter: YPHI -> "303.218417"
 SELRPN>      1 atoms have been selected out of  22374
 ROTATION MATRIX
    0.547832    0.000000    0.836588
    0.000000    1.000000    0.000000
   -0.836588    0.000000    0.547832

 AXIS OF ROTATION IS  0.000000 -1.000000  0.000000  ANGLE IS   56.78

 SELECTED COORDINATES ROTATED IN THE MAIN SET.

  
 CHARMM>            coor rotate xcen @xpos ycen @ypos zcen @zpos zdir 1.0 -
 CHARMM>                phi @zphi select target end
 Parameter: XPOS -> "2.78873058"
 Parameter: YPOS -> "-25.9602729"
 Parameter: ZPOS -> "-21.1798354"
 Parameter: ZPHI -> "105.928675"
 SELRPN>      1 atoms have been selected out of  22374
 ROTATION MATRIX
   -0.274441    0.961604    0.000000
   -0.961604   -0.274441    0.000000
    0.000000    0.000000    1.000000

 AXIS OF ROTATION IS  0.000000  0.000000  1.000000  ANGLE IS  105.93

 SELECTED COORDINATES ROTATED IN THE MAIN SET.

  
 CHARMM>     
  
 CHARMM>     
  
 CHARMM>            calc dcut = 3.5
Evaluating: 3.5
 Parameter: DCUT <- "3.5"
  
 CHARMM>     
  
 CHARMM>            coor stat sele target end
 SELRPN>      1 atoms have been selected out of  22374
 STATISTICS FOR         1 SELECTED ATOMS:
    XMIN =    2.788731 XMAX =    2.788731 XAVE =    2.788731
    YMIN =  -25.960273 YMAX =  -25.960273 YAVE =  -25.960273
    ZMIN =  -21.179835 ZMAX =  -21.179835 ZAVE =  -21.179835
    WMIN =    1.000000 WMAX =    1.000000 WAVE =    1.000000
  
 CHARMM>            calc xmax = ?xmax + @dcut
 Parameter: DCUT -> "3.5"
 RDCMND substituted energy or value "?XMAX" to "2.78873058"
Evaluating: 2.78873058+3.5
 Parameter: XMAX <- "6.28873058"
  
 CHARMM>            calc ymax = ?ymax + @dcut
 Parameter: DCUT -> "3.5"
 RDCMND substituted energy or value "?YMAX" to "-25.9602729"
Evaluating: -25.9602729+3.5
 Parameter: YMAX <- "-22.4602729"
  
 CHARMM>            calc zmax = ?zmax + @dcut
 Parameter: DCUT -> "3.5"
 RDCMND substituted energy or value "?ZMAX" to "-21.1798354"
Evaluating: -21.1798354+3.5
 Parameter: ZMAX <- "-17.6798354"
  
 CHARMM>            calc xmin = ?xmin - @dcut
 Parameter: DCUT -> "3.5"
 RDCMND substituted energy or value "?XMIN" to "2.78873058"
Evaluating: 2.78873058-3.5
 Parameter: XMIN <- "-0.71126942"
  
 CHARMM>            calc ymin = ?ymin - @dcut
 Parameter: DCUT -> "3.5"
 RDCMND substituted energy or value "?YMIN" to "-25.9602729"
Evaluating: -25.9602729-3.5
 Parameter: YMIN <- "-29.4602729"
  
 CHARMM>            calc zmin = ?zmin - @dcut
 Parameter: DCUT -> "3.5"
 RDCMND substituted energy or value "?ZMIN" to "-21.1798354"
Evaluating: -21.1798354-3.5
 Parameter: ZMIN <- "-24.6798354"
  
 CHARMM>     
  
 CHARMM>            define JUNK sele .not. target .and. -
 CHARMM>                             prop X .lt. @xmax .and. prop X .gt. @xmin .and. -
 CHARMM>                             prop Y .lt. @ymax .and. prop Y .gt. @ymin .and. -
 CHARMM>                             prop Z .lt. @zmax .and. prop Z .gt. @zmin  end
 Parameter: XMAX -> "6.28873058"
 Parameter: XMIN -> "-0.71126942"
 Parameter: YMAX -> "-22.4602729"
 Parameter: YMIN -> "-29.4602729"
 Parameter: ZMAX -> "-17.6798354"
 Parameter: ZMIN -> "-24.6798354"
 SELRPN>     24 atoms have been selected out of  22374
  
 CHARMM>     
  
 CHARMM>            ! check if the ions are too close to protein
  
 CHARMM>            define XXX sele PROT end
 SELRPN>      0 atoms have been selected out of  22374
  
 CHARMM>            if ?nsel .gt. 0 then
 RDCMND substituted energy or value "?NSEL" to "0"
 Comparing "0" and "0".
 IF test evaluated as false.  Skip to ELSE or ENDIF
  
 CHARMM>     
  
 CHARMM>            ! check if the ions are too close to solute
  
 CHARMM>            coor dist cut 4.0 sele target end sele JUNK .and. .not. hydrogen end image
 SELRPN>      1 atoms have been selected out of  34208
 SELRPN>     15 atoms have been selected out of  34208

            DISTANCES FOR SELECTED ATOMS
22332 POS      SOD      12       SOD     -**** MEMB     SAPS     137      N             2.2019
22332 POS      SOD      12       SOD     -**** MEMB     SAPS     137      C12           2.8293
22332 POS      SOD      12       SOD     -**** MEMB     SAPS     137      C13           3.7771
22332 POS      SOD      12       SOD     -**** MEMB     SAPC     144      P             2.9688
22332 POS      SOD      12       SOD     -**** MEMB     SAPC     144      O13           2.2944
22332 POS      SOD      12       SOD     -**** MEMB     SAPC     144      O14           3.4749
22332 POS      SOD      12       SOD     -**** MEMB     SAPC     144      O11           2.9233
22332 POS      SOD      12       SOD     -**** MEMB     SAPC     144      C1            2.3630
22332 POS      SOD      12       SOD     -**** MEMB     SAPC     144      C2            3.7924
22332 POS      SOD      12       SOD     -**** MEMB     SAPC     144      O22           3.9084
 TOTAL EXCLUSION COUNT =         0
 TOTAL 1-4 EXCLUSIONS  =         0
 TOTAL NON-EXCLUSIONS  =        10
  
 CHARMM>            if ?npair .gt. 0 goto doinit
 RDCMND substituted energy or value "?NPAIR" to "10"
 Comparing "10" and "0".
 IF test evaluated as true.  Performing command
  
 CHARMM>     
  
 CHARMM>            calc cntrand = @cntrand + 1
 Parameter: CNTRAND -> "1"
Evaluating: 1+1
 Parameter: CNTRAND <- "2"
  
 CHARMM>            if cntrand .gt. 100 stop ! ABNORMAL TERMINATION: ion placing may not work.. stop here
 Comparing "2" and "100".
 IF test evaluated as false.  Skipping command
  
 CHARMM>     
  
 CHARMM>            calc j = @i
 Parameter: I -> "12"
Evaluating: 12
 Parameter: J <- "12"
  
 CHARMM>            set ion = POS
 Parameter: ION <- "POS"
  
 CHARMM>     
  
 CHARMM>            if j .gt. @npos then
 Parameter: NPOS -> "37"
 Comparing "12" and "37".
 IF test evaluated as false.  Skip to ELSE or ENDIF
  
 CHARMM>     
  
 CHARMM>            define target select segid @ion .and. resid @j end
 Parameter: ION -> "POS"
 Parameter: J -> "12"
 SELRPN>      1 atoms have been selected out of  22374
  
 CHARMM>     
  
 CHARMM>            calc xpos = @A * ( ?random - 0.5 )
 Parameter: A -> "73.4166194"
 RDCMND substituted energy or value "?RANDOM" to "0.830600889"
Evaluating: 73.4166194*(0.830600889-0.5)
 Parameter: XPOS <- "24.2715996"
  
 CHARMM>            calc ypos = @B * ( ?random - 0.5 )
 Parameter: B -> "73.4166194"
 RDCMND substituted energy or value "?RANDOM" to "0.141704531"
Evaluating: 73.4166194*(0.141704531-0.5)
 Parameter: YPOS <- "-26.3048421"
  
 CHARMM>            calc zpos = @C * ( ?random - 0.5 ) + @zcen
 Parameter: C -> "85"
 Parameter: ZCEN -> "0"
 RDCMND substituted energy or value "?RANDOM" to "0.910840604"
Evaluating: 85*(0.910840604-0.5)+0
 Parameter: ZPOS <- "34.9214513"
  
 CHARMM>     
  
 CHARMM>            if zpos .gt. -15 if zpos .lt. 15 goto doinit
 Comparing "34.9214513" and "-15".
 IF test evaluated as true.  Performing command
 Comparing "34.9214513" and "15".
 IF test evaluated as false.  Skipping command
  
 CHARMM>     
  
 CHARMM>            ! move target to selected position
  
 CHARMM>            coor stat select target end
 SELRPN>      1 atoms have been selected out of  22374
 STATISTICS FOR         1 SELECTED ATOMS:
    XMIN =    2.788731 XMAX =    2.788731 XAVE =    2.788731
    YMIN =  -25.960273 YMAX =  -25.960273 YAVE =  -25.960273
    ZMIN =  -21.179835 ZMAX =  -21.179835 ZAVE =  -21.179835
    WMIN =    1.000000 WMAX =    1.000000 WAVE =    1.000000
  
 CHARMM>            calc xtran = @xpos - ?xave
 Parameter: XPOS -> "24.2715996"
 RDCMND substituted energy or value "?XAVE" to "2.78873058"
Evaluating: 24.2715996-2.78873058
 Parameter: XTRAN <- "21.482869"
  
 CHARMM>            calc ytran = @ypos - ?yave
 Parameter: YPOS -> "-26.3048421"
 RDCMND substituted energy or value "?YAVE" to "-25.9602729"
Evaluating: -26.3048421--25.9602729
 Parameter: YTRAN <- "-0.3445692"
  
 CHARMM>            calc ztran = @zpos - ?zave
 Parameter: ZPOS -> "34.9214513"
 RDCMND substituted energy or value "?ZAVE" to "-21.1798354"
Evaluating: 34.9214513--21.1798354
 Parameter: ZTRAN <- "56.1012867"
  
 CHARMM>            coor trans xdir @xtran ydir @ytran zdir @ztran select target end
 Parameter: XTRAN -> "21.482869"
 Parameter: YTRAN -> "-0.3445692"
 Parameter: ZTRAN -> "56.1012867"
 SELRPN>      1 atoms have been selected out of  22374
 TRANSLATION VECTOR    21.482869   -0.344569   56.101287
 SELECTED COORDINATES TRANSLATED IN THE MAIN SET.

  
 CHARMM>     
  
 CHARMM>            ! apply a random rotation along XYZ
  
 CHARMM>            calc xphi = ?random * 360.0
 RDCMND substituted energy or value "?RANDOM" to "0.428388235"
Evaluating: 0.428388235*360.0
 Parameter: XPHI <- "154.219765"
  
 CHARMM>            calc yphi = ?random * 360.0
 RDCMND substituted energy or value "?RANDOM" to "0.700874927"
Evaluating: 0.700874927*360.0
 Parameter: YPHI <- "252.314974"
  
 CHARMM>            calc zphi = ?random * 360.0
 RDCMND substituted energy or value "?RANDOM" to "0.637056257"
Evaluating: 0.637056257*360.0
 Parameter: ZPHI <- "229.340253"
  
 CHARMM>            coor rotate xcen @xpos ycen @ypos zcen @zpos xdir 1.0 -
 CHARMM>                phi @xphi select target end
 Parameter: XPOS -> "24.2715996"
 Parameter: YPOS -> "-26.3048421"
 Parameter: ZPOS -> "34.9214513"
 Parameter: XPHI -> "154.219765"
 SELRPN>      1 atoms have been selected out of  22374
 ROTATION MATRIX
    1.000000    0.000000    0.000000
    0.000000   -0.900469    0.434920
    0.000000   -0.434920   -0.900469

 AXIS OF ROTATION IS  1.000000  0.000000  0.000000  ANGLE IS  154.22

 SELECTED COORDINATES ROTATED IN THE MAIN SET.

  
 CHARMM>            coor rotate xcen @xpos ycen @ypos zcen @zpos ydir 1.0 -
 CHARMM>                phi @yphi select target end
 Parameter: XPOS -> "24.2715996"
 Parameter: YPOS -> "-26.3048421"
 Parameter: ZPOS -> "34.9214513"
 Parameter: YPHI -> "252.314974"
 SELRPN>      1 atoms have been selected out of  22374
 ROTATION MATRIX
   -0.303784    0.000000    0.952741
    0.000000    1.000000    0.000000
   -0.952741    0.000000   -0.303784

 AXIS OF ROTATION IS  0.000000 -1.000000  0.000000  ANGLE IS  107.69

 SELECTED COORDINATES ROTATED IN THE MAIN SET.

  
 CHARMM>            coor rotate xcen @xpos ycen @ypos zcen @zpos zdir 1.0 -
 CHARMM>                phi @zphi select target end
 Parameter: XPOS -> "24.2715996"
 Parameter: YPOS -> "-26.3048421"
 Parameter: ZPOS -> "34.9214513"
 Parameter: ZPHI -> "229.340253"
 SELRPN>      1 atoms have been selected out of  22374
 ROTATION MATRIX
   -0.651566   -0.758592    0.000000
    0.758592   -0.651566    0.000000
    0.000000    0.000000    1.000000

 AXIS OF ROTATION IS  0.000000  0.000000 -1.000000  ANGLE IS  130.66

 SELECTED COORDINATES ROTATED IN THE MAIN SET.

  
 CHARMM>     
  
 CHARMM>     
  
 CHARMM>            calc dcut = 3.5
Evaluating: 3.5
 Parameter: DCUT <- "3.5"
  
 CHARMM>     
  
 CHARMM>            coor stat sele target end
 SELRPN>      1 atoms have been selected out of  22374
 STATISTICS FOR         1 SELECTED ATOMS:
    XMIN =   24.271600 XMAX =   24.271600 XAVE =   24.271600
    YMIN =  -26.304842 YMAX =  -26.304842 YAVE =  -26.304842
    ZMIN =   34.921451 ZMAX =   34.921451 ZAVE =   34.921451
    WMIN =    1.000000 WMAX =    1.000000 WAVE =    1.000000
  
 CHARMM>            calc xmax = ?xmax + @dcut
 Parameter: DCUT -> "3.5"
 RDCMND substituted energy or value "?XMAX" to "24.2715996"
Evaluating: 24.2715996+3.5
 Parameter: XMAX <- "27.7715996"
  
 CHARMM>            calc ymax = ?ymax + @dcut
 Parameter: DCUT -> "3.5"
 RDCMND substituted energy or value "?YMAX" to "-26.3048421"
Evaluating: -26.3048421+3.5
 Parameter: YMAX <- "-22.8048421"
  
 CHARMM>            calc zmax = ?zmax + @dcut
 Parameter: DCUT -> "3.5"
 RDCMND substituted energy or value "?ZMAX" to "34.9214513"
Evaluating: 34.9214513+3.5
 Parameter: ZMAX <- "38.4214513"
  
 CHARMM>            calc xmin = ?xmin - @dcut
 Parameter: DCUT -> "3.5"
 RDCMND substituted energy or value "?XMIN" to "24.2715996"
Evaluating: 24.2715996-3.5
 Parameter: XMIN <- "20.7715996"
  
 CHARMM>            calc ymin = ?ymin - @dcut
 Parameter: DCUT -> "3.5"
 RDCMND substituted energy or value "?YMIN" to "-26.3048421"
Evaluating: -26.3048421-3.5
 Parameter: YMIN <- "-29.8048421"
  
 CHARMM>            calc zmin = ?zmin - @dcut
 Parameter: DCUT -> "3.5"
 RDCMND substituted energy or value "?ZMIN" to "34.9214513"
Evaluating: 34.9214513-3.5
 Parameter: ZMIN <- "31.4214513"
  
 CHARMM>     
  
 CHARMM>            define JUNK sele .not. target .and. -
 CHARMM>                             prop X .lt. @xmax .and. prop X .gt. @xmin .and. -
 CHARMM>                             prop Y .lt. @ymax .and. prop Y .gt. @ymin .and. -
 CHARMM>                             prop Z .lt. @zmax .and. prop Z .gt. @zmin  end
 Parameter: XMAX -> "27.7715996"
 Parameter: XMIN -> "20.7715996"
 Parameter: YMAX -> "-22.8048421"
 Parameter: YMIN -> "-29.8048421"
 Parameter: ZMAX -> "38.4214513"
 Parameter: ZMIN -> "31.4214513"
 SELRPN>      0 atoms have been selected out of  22374
  
 CHARMM>     
  
 CHARMM>            ! check if the ions are too close to protein
  
 CHARMM>            define XXX sele PROT end
 SELRPN>      0 atoms have been selected out of  22374
  
 CHARMM>            if ?nsel .gt. 0 then
 RDCMND substituted energy or value "?NSEL" to "0"
 Comparing "0" and "0".
 IF test evaluated as false.  Skip to ELSE or ENDIF
  
 CHARMM>     
  
 CHARMM>            ! check if the ions are too close to solute
  
 CHARMM>            coor dist cut 4.0 sele target end sele JUNK .and. .not. hydrogen end image
 SELRPN>      1 atoms have been selected out of  34208
 SELRPN>      0 atoms have been selected out of  34208

            DISTANCES FOR SELECTED ATOMS
            ONLY ONE SELECTION SET SPECIFIED, A COMPARISON WILL BE DONE
 TOTAL EXCLUSION COUNT =         0
 TOTAL 1-4 EXCLUSIONS  =         0
 TOTAL NON-EXCLUSIONS  =         0
  
 CHARMM>            if ?npair .gt. 0 goto doinit
 RDCMND substituted energy or value "?NPAIR" to "0"
 Comparing "0" and "0".
 IF test evaluated as false.  Skipping command
  
 CHARMM>     
  
 CHARMM>            calc cntrand = 0
Evaluating: 0
 Parameter: CNTRAND <- "0"
  
 CHARMM>            increase i by 1
 Parameter: I <- "13"
  
 CHARMM>            if i .le. @nion goto doinit
 Parameter: NION -> "54"
 Comparing "13" and "54".
 IF test evaluated as true.  Performing command
  
 CHARMM>     
  
 CHARMM>            calc cntrand = @cntrand + 1
 Parameter: CNTRAND -> "0"
Evaluating: 0+1
 Parameter: CNTRAND <- "1"
  
 CHARMM>            if cntrand .gt. 100 stop ! ABNORMAL TERMINATION: ion placing may not work.. stop here
 Comparing "1" and "100".
 IF test evaluated as false.  Skipping command
  
 CHARMM>     
  
 CHARMM>            calc j = @i
 Parameter: I -> "13"
Evaluating: 13
 Parameter: J <- "13"
  
 CHARMM>            set ion = POS
 Parameter: ION <- "POS"
  
 CHARMM>     
  
 CHARMM>            if j .gt. @npos then
 Parameter: NPOS -> "37"
 Comparing "13" and "37".
 IF test evaluated as false.  Skip to ELSE or ENDIF
  
 CHARMM>     
  
 CHARMM>            define target select segid @ion .and. resid @j end
 Parameter: ION -> "POS"
 Parameter: J -> "13"
 SELRPN>      1 atoms have been selected out of  22374
  
 CHARMM>     
  
 CHARMM>            calc xpos = @A * ( ?random - 0.5 )
 Parameter: A -> "73.4166194"
 RDCMND substituted energy or value "?RANDOM" to "4.225592884E-02"
Evaluating: 73.4166194*(4.225592884E-02-0.5)
 Parameter: XPOS <- "-33.6060223"
  
 CHARMM>            calc ypos = @B * ( ?random - 0.5 )
 Parameter: B -> "73.4166194"
 RDCMND substituted energy or value "?RANDOM" to "0.42151688"
Evaluating: 73.4166194*(0.42151688-0.5)
 Parameter: YPOS <- "-5.76196535"
  
 CHARMM>            calc zpos = @C * ( ?random - 0.5 ) + @zcen
 Parameter: C -> "85"
 Parameter: ZCEN -> "0"
 RDCMND substituted energy or value "?RANDOM" to "0.39437721"
Evaluating: 85*(0.39437721-0.5)+0
 Parameter: ZPOS <- "-8.97793715"
  
 CHARMM>     
  
 CHARMM>            if zpos .gt. -15 if zpos .lt. 15 goto doinit
 Comparing "-8.97793715" and "-15".
 IF test evaluated as true.  Performing command
 Comparing "-8.97793715" and "15".
 IF test evaluated as true.  Performing command
  
 CHARMM>     
  
 CHARMM>            calc cntrand = @cntrand + 1
 Parameter: CNTRAND -> "1"
Evaluating: 1+1
 Parameter: CNTRAND <- "2"
  
 CHARMM>            if cntrand .gt. 100 stop ! ABNORMAL TERMINATION: ion placing may not work.. stop here
 Comparing "2" and "100".
 IF test evaluated as false.  Skipping command
  
 CHARMM>     
  
 CHARMM>            calc j = @i
 Parameter: I -> "13"
Evaluating: 13
 Parameter: J <- "13"
  
 CHARMM>            set ion = POS
 Parameter: ION <- "POS"
  
 CHARMM>     
  
 CHARMM>            if j .gt. @npos then
 Parameter: NPOS -> "37"
 Comparing "13" and "37".
 IF test evaluated as false.  Skip to ELSE or ENDIF
  
 CHARMM>     
  
 CHARMM>            define target select segid @ion .and. resid @j end
 Parameter: ION -> "POS"
 Parameter: J -> "13"
 SELRPN>      1 atoms have been selected out of  22374
  
 CHARMM>     
  
 CHARMM>            calc xpos = @A * ( ?random - 0.5 )
 Parameter: A -> "73.4166194"
 RDCMND substituted energy or value "?RANDOM" to "0.4789847"
Evaluating: 73.4166194*(0.4789847-0.5)
 Parameter: XPOS <- "-1.54287228"
  
 CHARMM>            calc ypos = @B * ( ?random - 0.5 )
 Parameter: B -> "73.4166194"
 RDCMND substituted energy or value "?RANDOM" to "0.517721818"
Evaluating: 73.4166194*(0.517721818-0.5)
 Parameter: YPOS <- "1.30107597"
  
 CHARMM>            calc zpos = @C * ( ?random - 0.5 ) + @zcen
 Parameter: C -> "85"
 Parameter: ZCEN -> "0"
 RDCMND substituted energy or value "?RANDOM" to "0.825362709"
Evaluating: 85*(0.825362709-0.5)+0
 Parameter: ZPOS <- "27.6558303"
  
 CHARMM>     
  
 CHARMM>            if zpos .gt. -15 if zpos .lt. 15 goto doinit
 Comparing "27.6558303" and "-15".
 IF test evaluated as true.  Performing command
 Comparing "27.6558303" and "15".
 IF test evaluated as false.  Skipping command
  
 CHARMM>     
  
 CHARMM>            ! move target to selected position
  
 CHARMM>            coor stat select target end
 SELRPN>      1 atoms have been selected out of  22374
 STATISTICS FOR         1 SELECTED ATOMS:
    XMIN =    0.000000 XMAX =    0.000000 XAVE =    0.000000
    YMIN =    0.000000 YMAX =    0.000000 YAVE =    0.000000
    ZMIN =    0.000000 ZMAX =    0.000000 ZAVE =    0.000000
    WMIN =    1.000000 WMAX =    1.000000 WAVE =    1.000000
  
 CHARMM>            calc xtran = @xpos - ?xave
 Parameter: XPOS -> "-1.54287228"
 RDCMND substituted energy or value "?XAVE" to "0"
Evaluating: -1.54287228-0
 Parameter: XTRAN <- "-1.54287228"
  
 CHARMM>            calc ytran = @ypos - ?yave
 Parameter: YPOS -> "1.30107597"
 RDCMND substituted energy or value "?YAVE" to "0"
Evaluating: 1.30107597-0
 Parameter: YTRAN <- "1.30107597"
  
 CHARMM>            calc ztran = @zpos - ?zave
 Parameter: ZPOS -> "27.6558303"
 RDCMND substituted energy or value "?ZAVE" to "0"
Evaluating: 27.6558303-0
 Parameter: ZTRAN <- "27.6558303"
  
 CHARMM>            coor trans xdir @xtran ydir @ytran zdir @ztran select target end
 Parameter: XTRAN -> "-1.54287228"
 Parameter: YTRAN -> "1.30107597"
 Parameter: ZTRAN -> "27.6558303"
 SELRPN>      1 atoms have been selected out of  22374
 TRANSLATION VECTOR    -1.542872    1.301076   27.655830
 SELECTED COORDINATES TRANSLATED IN THE MAIN SET.

  
 CHARMM>     
  
 CHARMM>            ! apply a random rotation along XYZ
  
 CHARMM>            calc xphi = ?random * 360.0
 RDCMND substituted energy or value "?RANDOM" to "0.916666457"
Evaluating: 0.916666457*360.0
 Parameter: XPHI <- "329.999925"
  
 CHARMM>            calc yphi = ?random * 360.0
 RDCMND substituted energy or value "?RANDOM" to "9.936786244E-02"
Evaluating: 9.936786244E-02*360.0
 Parameter: YPHI <- "35.7724305"
  
 CHARMM>            calc zphi = ?random * 360.0
 RDCMND substituted energy or value "?RANDOM" to "0.187360742"
Evaluating: 0.187360742*360.0
 Parameter: ZPHI <- "67.4498671"
  
 CHARMM>            coor rotate xcen @xpos ycen @ypos zcen @zpos xdir 1.0 -
 CHARMM>                phi @xphi select target end
 Parameter: XPOS -> "-1.54287228"
 Parameter: YPOS -> "1.30107597"
 Parameter: ZPOS -> "27.6558303"
 Parameter: XPHI -> "329.999925"
 SELRPN>      1 atoms have been selected out of  22374
 ROTATION MATRIX
    1.000000    0.000000    0.000000
    0.000000    0.866025   -0.500001
    0.000000    0.500001    0.866025

 AXIS OF ROTATION IS -1.000000  0.000000  0.000000  ANGLE IS   30.00

 SELECTED COORDINATES ROTATED IN THE MAIN SET.

  
 CHARMM>            coor rotate xcen @xpos ycen @ypos zcen @zpos ydir 1.0 -
 CHARMM>                phi @yphi select target end
 Parameter: XPOS -> "-1.54287228"
 Parameter: YPOS -> "1.30107597"
 Parameter: ZPOS -> "27.6558303"
 Parameter: YPHI -> "35.7724305"
 SELRPN>      1 atoms have been selected out of  22374
 ROTATION MATRIX
    0.811345    0.000000   -0.584567
    0.000000    1.000000    0.000000
    0.584567    0.000000    0.811345

 AXIS OF ROTATION IS  0.000000  1.000000  0.000000  ANGLE IS   35.77

 SELECTED COORDINATES ROTATED IN THE MAIN SET.

  
 CHARMM>            coor rotate xcen @xpos ycen @ypos zcen @zpos zdir 1.0 -
 CHARMM>                phi @zphi select target end
 Parameter: XPOS -> "-1.54287228"
 Parameter: YPOS -> "1.30107597"
 Parameter: ZPOS -> "27.6558303"
 Parameter: ZPHI -> "67.4498671"
 SELRPN>      1 atoms have been selected out of  22374
 ROTATION MATRIX
    0.383492    0.923544    0.000000
   -0.923544    0.383492    0.000000
    0.000000    0.000000    1.000000

 AXIS OF ROTATION IS  0.000000  0.000000  1.000000  ANGLE IS   67.45

 SELECTED COORDINATES ROTATED IN THE MAIN SET.

  
 CHARMM>     
  
 CHARMM>     
  
 CHARMM>            calc dcut = 3.5
Evaluating: 3.5
 Parameter: DCUT <- "3.5"
  
 CHARMM>     
  
 CHARMM>            coor stat sele target end
 SELRPN>      1 atoms have been selected out of  22374
 STATISTICS FOR         1 SELECTED ATOMS:
    XMIN =   -1.542872 XMAX =   -1.542872 XAVE =   -1.542872
    YMIN =    1.301076 YMAX =    1.301076 YAVE =    1.301076
    ZMIN =   27.655830 ZMAX =   27.655830 ZAVE =   27.655830
    WMIN =    1.000000 WMAX =    1.000000 WAVE =    1.000000
  
 CHARMM>            calc xmax = ?xmax + @dcut
 Parameter: DCUT -> "3.5"
 RDCMND substituted energy or value "?XMAX" to "-1.54287228"
Evaluating: -1.54287228+3.5
 Parameter: XMAX <- "1.95712772"
  
 CHARMM>            calc ymax = ?ymax + @dcut
 Parameter: DCUT -> "3.5"
 RDCMND substituted energy or value "?YMAX" to "1.30107597"
Evaluating: 1.30107597+3.5
 Parameter: YMAX <- "4.80107597"
  
 CHARMM>            calc zmax = ?zmax + @dcut
 Parameter: DCUT -> "3.5"
 RDCMND substituted energy or value "?ZMAX" to "27.6558303"
Evaluating: 27.6558303+3.5
 Parameter: ZMAX <- "31.1558303"
  
 CHARMM>            calc xmin = ?xmin - @dcut
 Parameter: DCUT -> "3.5"
 RDCMND substituted energy or value "?XMIN" to "-1.54287228"
Evaluating: -1.54287228-3.5
 Parameter: XMIN <- "-5.04287228"
  
 CHARMM>            calc ymin = ?ymin - @dcut
 Parameter: DCUT -> "3.5"
 RDCMND substituted energy or value "?YMIN" to "1.30107597"
Evaluating: 1.30107597-3.5
 Parameter: YMIN <- "-2.19892403"
  
 CHARMM>            calc zmin = ?zmin - @dcut
 Parameter: DCUT -> "3.5"
 RDCMND substituted energy or value "?ZMIN" to "27.6558303"
Evaluating: 27.6558303-3.5
 Parameter: ZMIN <- "24.1558303"
  
 CHARMM>     
  
 CHARMM>            define JUNK sele .not. target .and. -
 CHARMM>                             prop X .lt. @xmax .and. prop X .gt. @xmin .and. -
 CHARMM>                             prop Y .lt. @ymax .and. prop Y .gt. @ymin .and. -
 CHARMM>                             prop Z .lt. @zmax .and. prop Z .gt. @zmin  end
 Parameter: XMAX -> "1.95712772"
 Parameter: XMIN -> "-5.04287228"
 Parameter: YMAX -> "4.80107597"
 Parameter: YMIN -> "-2.19892403"
 Parameter: ZMAX -> "31.1558303"
 Parameter: ZMIN -> "24.1558303"
 SELRPN>      0 atoms have been selected out of  22374
  
 CHARMM>     
  
 CHARMM>            ! check if the ions are too close to protein
  
 CHARMM>            define XXX sele PROT end
 SELRPN>      0 atoms have been selected out of  22374
  
 CHARMM>            if ?nsel .gt. 0 then
 RDCMND substituted energy or value "?NSEL" to "0"
 Comparing "0" and "0".
 IF test evaluated as false.  Skip to ELSE or ENDIF
  
 CHARMM>     
  
 CHARMM>            ! check if the ions are too close to solute
  
 CHARMM>            coor dist cut 4.0 sele target end sele JUNK .and. .not. hydrogen end image
 SELRPN>      1 atoms have been selected out of  34208
 SELRPN>      0 atoms have been selected out of  34208

            DISTANCES FOR SELECTED ATOMS
            ONLY ONE SELECTION SET SPECIFIED, A COMPARISON WILL BE DONE
 TOTAL EXCLUSION COUNT =         0
 TOTAL 1-4 EXCLUSIONS  =         0
 TOTAL NON-EXCLUSIONS  =         0
  
 CHARMM>            if ?npair .gt. 0 goto doinit
 RDCMND substituted energy or value "?NPAIR" to "0"
 Comparing "0" and "0".
 IF test evaluated as false.  Skipping command
  
 CHARMM>     
  
 CHARMM>            calc cntrand = 0
Evaluating: 0
 Parameter: CNTRAND <- "0"
  
 CHARMM>            increase i by 1
 Parameter: I <- "14"
  
 CHARMM>            if i .le. @nion goto doinit
 Parameter: NION -> "54"
 Comparing "14" and "54".
 IF test evaluated as true.  Performing command
  
 CHARMM>     
  
 CHARMM>            calc cntrand = @cntrand + 1
 Parameter: CNTRAND -> "0"
Evaluating: 0+1
 Parameter: CNTRAND <- "1"
  
 CHARMM>            if cntrand .gt. 100 stop ! ABNORMAL TERMINATION: ion placing may not work.. stop here
 Comparing "1" and "100".
 IF test evaluated as false.  Skipping command
  
 CHARMM>     
  
 CHARMM>            calc j = @i
 Parameter: I -> "14"
Evaluating: 14
 Parameter: J <- "14"
  
 CHARMM>            set ion = POS
 Parameter: ION <- "POS"
  
 CHARMM>     
  
 CHARMM>            if j .gt. @npos then
 Parameter: NPOS -> "37"
 Comparing "14" and "37".
 IF test evaluated as false.  Skip to ELSE or ENDIF
  
 CHARMM>     
  
 CHARMM>            define target select segid @ion .and. resid @j end
 Parameter: ION -> "POS"
 Parameter: J -> "14"
 SELRPN>      1 atoms have been selected out of  22374
  
 CHARMM>     
  
 CHARMM>            calc xpos = @A * ( ?random - 0.5 )
 Parameter: A -> "73.4166194"
 RDCMND substituted energy or value "?RANDOM" to "0.555042053"
Evaluating: 73.4166194*(0.555042053-0.5)
 Parameter: XPOS <- "4.04100146"
  
 CHARMM>            calc ypos = @B * ( ?random - 0.5 )
 Parameter: B -> "73.4166194"
 RDCMND substituted energy or value "?RANDOM" to "0.947901869"
Evaluating: 73.4166194*(0.947901869-0.5)
 Parameter: YPOS <- "32.883441"
  
 CHARMM>            calc zpos = @C * ( ?random - 0.5 ) + @zcen
 Parameter: C -> "85"
 Parameter: ZCEN -> "0"
 RDCMND substituted energy or value "?RANDOM" to "0.672657521"
Evaluating: 85*(0.672657521-0.5)+0
 Parameter: ZPOS <- "14.6758893"
  
 CHARMM>     
  
 CHARMM>            if zpos .gt. -15 if zpos .lt. 15 goto doinit
 Comparing "14.6758893" and "-15".
 IF test evaluated as true.  Performing command
 Comparing "14.6758893" and "15".
 IF test evaluated as true.  Performing command
  
 CHARMM>     
  
 CHARMM>            calc cntrand = @cntrand + 1
 Parameter: CNTRAND -> "1"
Evaluating: 1+1
 Parameter: CNTRAND <- "2"
  
 CHARMM>            if cntrand .gt. 100 stop ! ABNORMAL TERMINATION: ion placing may not work.. stop here
 Comparing "2" and "100".
 IF test evaluated as false.  Skipping command
  
 CHARMM>     
  
 CHARMM>            calc j = @i
 Parameter: I -> "14"
Evaluating: 14
 Parameter: J <- "14"
  
 CHARMM>            set ion = POS
 Parameter: ION <- "POS"
  
 CHARMM>     
  
 CHARMM>            if j .gt. @npos then
 Parameter: NPOS -> "37"
 Comparing "14" and "37".
 IF test evaluated as false.  Skip to ELSE or ENDIF
  
 CHARMM>     
  
 CHARMM>            define target select segid @ion .and. resid @j end
 Parameter: ION -> "POS"
 Parameter: J -> "14"
 SELRPN>      1 atoms have been selected out of  22374
  
 CHARMM>     
  
 CHARMM>            calc xpos = @A * ( ?random - 0.5 )
 Parameter: A -> "73.4166194"
 RDCMND substituted energy or value "?RANDOM" to "0.427236944"
Evaluating: 73.4166194*(0.427236944-0.5)
 Parameter: XPOS <- "-5.34201759"
  
 CHARMM>            calc ypos = @B * ( ?random - 0.5 )
 Parameter: B -> "73.4166194"
 RDCMND substituted energy or value "?RANDOM" to "0.977373107"
Evaluating: 73.4166194*(0.977373107-0.5)
 Parameter: YPOS <- "35.0471197"
  
 CHARMM>            calc zpos = @C * ( ?random - 0.5 ) + @zcen
 Parameter: C -> "85"
 Parameter: ZCEN -> "0"
 RDCMND substituted energy or value "?RANDOM" to "0.510664411"
Evaluating: 85*(0.510664411-0.5)+0
 Parameter: ZPOS <- "0.906474935"
  
 CHARMM>     
  
 CHARMM>            if zpos .gt. -15 if zpos .lt. 15 goto doinit
 Comparing "0.906474935" and "-15".
 IF test evaluated as true.  Performing command
 Comparing "0.906474935" and "15".
 IF test evaluated as true.  Performing command
  
 CHARMM>     
  
 CHARMM>            calc cntrand = @cntrand + 1
 Parameter: CNTRAND -> "2"
Evaluating: 2+1
 Parameter: CNTRAND <- "3"
  
 CHARMM>            if cntrand .gt. 100 stop ! ABNORMAL TERMINATION: ion placing may not work.. stop here
 Comparing "3" and "100".
 IF test evaluated as false.  Skipping command
  
 CHARMM>     
  
 CHARMM>            calc j = @i
 Parameter: I -> "14"
Evaluating: 14
 Parameter: J <- "14"
  
 CHARMM>            set ion = POS
 Parameter: ION <- "POS"
  
 CHARMM>     
  
 CHARMM>            if j .gt. @npos then
 Parameter: NPOS -> "37"
 Comparing "14" and "37".
 IF test evaluated as false.  Skip to ELSE or ENDIF
  
 CHARMM>     
  
 CHARMM>            define target select segid @ion .and. resid @j end
 Parameter: ION -> "POS"
 Parameter: J -> "14"
 SELRPN>      1 atoms have been selected out of  22374
  
 CHARMM>     
  
 CHARMM>            calc xpos = @A * ( ?random - 0.5 )
 Parameter: A -> "73.4166194"
 RDCMND substituted energy or value "?RANDOM" to "0.875183345"
Evaluating: 73.4166194*(0.875183345-0.5)
 Parameter: XPOS <- "27.5446928"
  
 CHARMM>            calc ypos = @B * ( ?random - 0.5 )
 Parameter: B -> "73.4166194"
 RDCMND substituted energy or value "?RANDOM" to "0.229931984"
Evaluating: 73.4166194*(0.229931984-0.5)
 Parameter: YPOS <- "-19.8274807"
  
 CHARMM>            calc zpos = @C * ( ?random - 0.5 ) + @zcen
 Parameter: C -> "85"
 Parameter: ZCEN -> "0"
 RDCMND substituted energy or value "?RANDOM" to "0.426780753"
Evaluating: 85*(0.426780753-0.5)+0
 Parameter: ZPOS <- "-6.223636"
  
 CHARMM>     
  
 CHARMM>            if zpos .gt. -15 if zpos .lt. 15 goto doinit
 Comparing "-6.223636" and "-15".
 IF test evaluated as true.  Performing command
 Comparing "-6.223636" and "15".
 IF test evaluated as true.  Performing command
  
 CHARMM>     
  
 CHARMM>            calc cntrand = @cntrand + 1
 Parameter: CNTRAND -> "3"
Evaluating: 3+1
 Parameter: CNTRAND <- "4"
  
 CHARMM>            if cntrand .gt. 100 stop ! ABNORMAL TERMINATION: ion placing may not work.. stop here
 Comparing "4" and "100".
 IF test evaluated as false.  Skipping command
  
 CHARMM>     
  
 CHARMM>            calc j = @i
 Parameter: I -> "14"
Evaluating: 14
 Parameter: J <- "14"
  
 CHARMM>            set ion = POS
 Parameter: ION <- "POS"
  
 CHARMM>     
  
 CHARMM>            if j .gt. @npos then
 Parameter: NPOS -> "37"
 Comparing "14" and "37".
 IF test evaluated as false.  Skip to ELSE or ENDIF
  
 CHARMM>     
  
 CHARMM>            define target select segid @ion .and. resid @j end
 Parameter: ION -> "POS"
 Parameter: J -> "14"
 SELRPN>      1 atoms have been selected out of  22374
  
 CHARMM>     
  
 CHARMM>            calc xpos = @A * ( ?random - 0.5 )
 Parameter: A -> "73.4166194"
 RDCMND substituted energy or value "?RANDOM" to "0.414093516"
Evaluating: 73.4166194*(0.414093516-0.5)
 Parameter: XPOS <- "-6.30696364"
  
 CHARMM>            calc ypos = @B * ( ?random - 0.5 )
 Parameter: B -> "73.4166194"
 RDCMND substituted energy or value "?RANDOM" to "0.621402484"
Evaluating: 73.4166194*(0.621402484-0.5)
 Parameter: YPOS <- "8.91295996"
  
 CHARMM>            calc zpos = @C * ( ?random - 0.5 ) + @zcen
 Parameter: C -> "85"
 Parameter: ZCEN -> "0"
 RDCMND substituted energy or value "?RANDOM" to "0.332486738"
Evaluating: 85*(0.332486738-0.5)+0
 Parameter: ZPOS <- "-14.2386273"
  
 CHARMM>     
  
 CHARMM>            if zpos .gt. -15 if zpos .lt. 15 goto doinit
 Comparing "-14.2386273" and "-15".
 IF test evaluated as true.  Performing command
 Comparing "-14.2386273" and "15".
 IF test evaluated as true.  Performing command
  
 CHARMM>     
  
 CHARMM>            calc cntrand = @cntrand + 1
 Parameter: CNTRAND -> "4"
Evaluating: 4+1
 Parameter: CNTRAND <- "5"
  
 CHARMM>            if cntrand .gt. 100 stop ! ABNORMAL TERMINATION: ion placing may not work.. stop here
 Comparing "5" and "100".
 IF test evaluated as false.  Skipping command
  
 CHARMM>     
  
 CHARMM>            calc j = @i
 Parameter: I -> "14"
Evaluating: 14
 Parameter: J <- "14"
  
 CHARMM>            set ion = POS
 Parameter: ION <- "POS"
  
 CHARMM>     
  
 CHARMM>            if j .gt. @npos then
 Parameter: NPOS -> "37"
 Comparing "14" and "37".
 IF test evaluated as false.  Skip to ELSE or ENDIF
  
 CHARMM>     
  
 CHARMM>            define target select segid @ion .and. resid @j end
 Parameter: ION -> "POS"
 Parameter: J -> "14"
 SELRPN>      1 atoms have been selected out of  22374
  
 CHARMM>     
  
 CHARMM>            calc xpos = @A * ( ?random - 0.5 )
 Parameter: A -> "73.4166194"
 RDCMND substituted energy or value "?RANDOM" to "0.73788543"
Evaluating: 73.4166194*(0.73788543-0.5)
 Parameter: XPOS <- "17.4647441"
  
 CHARMM>            calc ypos = @B * ( ?random - 0.5 )
 Parameter: B -> "73.4166194"
 RDCMND substituted energy or value "?RANDOM" to "0.361196794"
Evaluating: 73.4166194*(0.361196794-0.5)
 Parameter: YPOS <- "-10.1904621"
  
 CHARMM>            calc zpos = @C * ( ?random - 0.5 ) + @zcen
 Parameter: C -> "85"
 Parameter: ZCEN -> "0"
 RDCMND substituted energy or value "?RANDOM" to "0.10395661"
Evaluating: 85*(0.10395661-0.5)+0
 Parameter: ZPOS <- "-33.6636881"
  
 CHARMM>     
  
 CHARMM>            if zpos .gt. -15 if zpos .lt. 15 goto doinit
 Comparing "-33.6636881" and "-15".
 IF test evaluated as false.  Skipping command
  
 CHARMM>     
  
 CHARMM>            ! move target to selected position
  
 CHARMM>            coor stat select target end
 SELRPN>      1 atoms have been selected out of  22374
 STATISTICS FOR         1 SELECTED ATOMS:
    XMIN =    0.000000 XMAX =    0.000000 XAVE =    0.000000
    YMIN =    0.000000 YMAX =    0.000000 YAVE =    0.000000
    ZMIN =    0.000000 ZMAX =    0.000000 ZAVE =    0.000000
    WMIN =    1.000000 WMAX =    1.000000 WAVE =    1.000000
  
 CHARMM>            calc xtran = @xpos - ?xave
 Parameter: XPOS -> "17.4647441"
 RDCMND substituted energy or value "?XAVE" to "0"
Evaluating: 17.4647441-0
 Parameter: XTRAN <- "17.4647441"
  
 CHARMM>            calc ytran = @ypos - ?yave
 Parameter: YPOS -> "-10.1904621"
 RDCMND substituted energy or value "?YAVE" to "0"
Evaluating: -10.1904621-0
 Parameter: YTRAN <- "-10.1904621"
  
 CHARMM>            calc ztran = @zpos - ?zave
 Parameter: ZPOS -> "-33.6636881"
 RDCMND substituted energy or value "?ZAVE" to "0"
Evaluating: -33.6636881-0
 Parameter: ZTRAN <- "-33.6636881"
  
 CHARMM>            coor trans xdir @xtran ydir @ytran zdir @ztran select target end
 Parameter: XTRAN -> "17.4647441"
 Parameter: YTRAN -> "-10.1904621"
 Parameter: ZTRAN -> "-33.6636881"
 SELRPN>      1 atoms have been selected out of  22374
 TRANSLATION VECTOR    17.464744  -10.190462  -33.663688
 SELECTED COORDINATES TRANSLATED IN THE MAIN SET.

  
 CHARMM>     
  
 CHARMM>            ! apply a random rotation along XYZ
  
 CHARMM>            calc xphi = ?random * 360.0
 RDCMND substituted energy or value "?RANDOM" to "0.801322023"
Evaluating: 0.801322023*360.0
 Parameter: XPHI <- "288.475928"
  
 CHARMM>            calc yphi = ?random * 360.0
 RDCMND substituted energy or value "?RANDOM" to "0.101453851"
Evaluating: 0.101453851*360.0
 Parameter: YPHI <- "36.5233864"
  
 CHARMM>            calc zphi = ?random * 360.0
 RDCMND substituted energy or value "?RANDOM" to "0.250812772"
Evaluating: 0.250812772*360.0
 Parameter: ZPHI <- "90.2925979"
  
 CHARMM>            coor rotate xcen @xpos ycen @ypos zcen @zpos xdir 1.0 -
 CHARMM>                phi @xphi select target end
 Parameter: XPOS -> "17.4647441"
 Parameter: YPOS -> "-10.1904621"
 Parameter: ZPOS -> "-33.6636881"
 Parameter: XPHI -> "288.475928"
 SELRPN>      1 atoms have been selected out of  22374
 ROTATION MATRIX
    1.000000    0.000000    0.000000
    0.000000    0.316906   -0.948457
    0.000000    0.948457    0.316906

 AXIS OF ROTATION IS -1.000000  0.000000  0.000000  ANGLE IS   71.52

 SELECTED COORDINATES ROTATED IN THE MAIN SET.

  
 CHARMM>            coor rotate xcen @xpos ycen @ypos zcen @zpos ydir 1.0 -
 CHARMM>                phi @yphi select target end
 Parameter: XPOS -> "17.4647441"
 Parameter: YPOS -> "-10.1904621"
 Parameter: ZPOS -> "-33.6636881"
 Parameter: YPHI -> "36.5233864"
 SELRPN>      1 atoms have been selected out of  22374
 ROTATION MATRIX
    0.803614    0.000000   -0.595151
    0.000000    1.000000    0.000000
    0.595151    0.000000    0.803614

 AXIS OF ROTATION IS  0.000000  1.000000  0.000000  ANGLE IS   36.52

 SELECTED COORDINATES ROTATED IN THE MAIN SET.

  
 CHARMM>            coor rotate xcen @xpos ycen @ypos zcen @zpos zdir 1.0 -
 CHARMM>                phi @zphi select target end
 Parameter: XPOS -> "17.4647441"
 Parameter: YPOS -> "-10.1904621"
 Parameter: ZPOS -> "-33.6636881"
 Parameter: ZPHI -> "90.2925979"
 SELRPN>      1 atoms have been selected out of  22374
 ROTATION MATRIX
   -0.005107    0.999987    0.000000
   -0.999987   -0.005107    0.000000
    0.000000    0.000000    1.000000

 AXIS OF ROTATION IS  0.000000  0.000000  1.000000  ANGLE IS   90.29

 SELECTED COORDINATES ROTATED IN THE MAIN SET.

  
 CHARMM>     
  
 CHARMM>     
  
 CHARMM>            calc dcut = 3.5
Evaluating: 3.5
 Parameter: DCUT <- "3.5"
  
 CHARMM>     
  
 CHARMM>            coor stat sele target end
 SELRPN>      1 atoms have been selected out of  22374
 STATISTICS FOR         1 SELECTED ATOMS:
    XMIN =   17.464744 XMAX =   17.464744 XAVE =   17.464744
    YMIN =  -10.190462 YMAX =  -10.190462 YAVE =  -10.190462
    ZMIN =  -33.663688 ZMAX =  -33.663688 ZAVE =  -33.663688
    WMIN =    1.000000 WMAX =    1.000000 WAVE =    1.000000
  
 CHARMM>            calc xmax = ?xmax + @dcut
 Parameter: DCUT -> "3.5"
 RDCMND substituted energy or value "?XMAX" to "17.4647441"
Evaluating: 17.4647441+3.5
 Parameter: XMAX <- "20.9647441"
  
 CHARMM>            calc ymax = ?ymax + @dcut
 Parameter: DCUT -> "3.5"
 RDCMND substituted energy or value "?YMAX" to "-10.1904621"
Evaluating: -10.1904621+3.5
 Parameter: YMAX <- "-6.6904621"
  
 CHARMM>            calc zmax = ?zmax + @dcut
 Parameter: DCUT -> "3.5"
 RDCMND substituted energy or value "?ZMAX" to "-33.6636881"
Evaluating: -33.6636881+3.5
 Parameter: ZMAX <- "-30.1636881"
  
 CHARMM>            calc xmin = ?xmin - @dcut
 Parameter: DCUT -> "3.5"
 RDCMND substituted energy or value "?XMIN" to "17.4647441"
Evaluating: 17.4647441-3.5
 Parameter: XMIN <- "13.9647441"
  
 CHARMM>            calc ymin = ?ymin - @dcut
 Parameter: DCUT -> "3.5"
 RDCMND substituted energy or value "?YMIN" to "-10.1904621"
Evaluating: -10.1904621-3.5
 Parameter: YMIN <- "-13.6904621"
  
 CHARMM>            calc zmin = ?zmin - @dcut
 Parameter: DCUT -> "3.5"
 RDCMND substituted energy or value "?ZMIN" to "-33.6636881"
Evaluating: -33.6636881-3.5
 Parameter: ZMIN <- "-37.1636881"
  
 CHARMM>     
  
 CHARMM>            define JUNK sele .not. target .and. -
 CHARMM>                             prop X .lt. @xmax .and. prop X .gt. @xmin .and. -
 CHARMM>                             prop Y .lt. @ymax .and. prop Y .gt. @ymin .and. -
 CHARMM>                             prop Z .lt. @zmax .and. prop Z .gt. @zmin  end
 Parameter: XMAX -> "20.9647441"
 Parameter: XMIN -> "13.9647441"
 Parameter: YMAX -> "-6.6904621"
 Parameter: YMIN -> "-13.6904621"
 Parameter: ZMAX -> "-30.1636881"
 Parameter: ZMIN -> "-37.1636881"
 SELRPN>      0 atoms have been selected out of  22374
  
 CHARMM>     
  
 CHARMM>            ! check if the ions are too close to protein
  
 CHARMM>            define XXX sele PROT end
 SELRPN>      0 atoms have been selected out of  22374
  
 CHARMM>            if ?nsel .gt. 0 then
 RDCMND substituted energy or value "?NSEL" to "0"
 Comparing "0" and "0".
 IF test evaluated as false.  Skip to ELSE or ENDIF
  
 CHARMM>     
  
 CHARMM>            ! check if the ions are too close to solute
  
 CHARMM>            coor dist cut 4.0 sele target end sele JUNK .and. .not. hydrogen end image
 SELRPN>      1 atoms have been selected out of  34208
 SELRPN>      0 atoms have been selected out of  34208

            DISTANCES FOR SELECTED ATOMS
            ONLY ONE SELECTION SET SPECIFIED, A COMPARISON WILL BE DONE
 TOTAL EXCLUSION COUNT =         0
 TOTAL 1-4 EXCLUSIONS  =         0
 TOTAL NON-EXCLUSIONS  =         0
  
 CHARMM>            if ?npair .gt. 0 goto doinit
 RDCMND substituted energy or value "?NPAIR" to "0"
 Comparing "0" and "0".
 IF test evaluated as false.  Skipping command
  
 CHARMM>     
  
 CHARMM>            calc cntrand = 0
Evaluating: 0
 Parameter: CNTRAND <- "0"
  
 CHARMM>            increase i by 1
 Parameter: I <- "15"
  
 CHARMM>            if i .le. @nion goto doinit
 Parameter: NION -> "54"
 Comparing "15" and "54".
 IF test evaluated as true.  Performing command
  
 CHARMM>     
  
 CHARMM>            calc cntrand = @cntrand + 1
 Parameter: CNTRAND -> "0"
Evaluating: 0+1
 Parameter: CNTRAND <- "1"
  
 CHARMM>            if cntrand .gt. 100 stop ! ABNORMAL TERMINATION: ion placing may not work.. stop here
 Comparing "1" and "100".
 IF test evaluated as false.  Skipping command
  
 CHARMM>     
  
 CHARMM>            calc j = @i
 Parameter: I -> "15"
Evaluating: 15
 Parameter: J <- "15"
  
 CHARMM>            set ion = POS
 Parameter: ION <- "POS"
  
 CHARMM>     
  
 CHARMM>            if j .gt. @npos then
 Parameter: NPOS -> "37"
 Comparing "15" and "37".
 IF test evaluated as false.  Skip to ELSE or ENDIF
  
 CHARMM>     
  
 CHARMM>            define target select segid @ion .and. resid @j end
 Parameter: ION -> "POS"
 Parameter: J -> "15"
 SELRPN>      1 atoms have been selected out of  22374
  
 CHARMM>     
  
 CHARMM>            calc xpos = @A * ( ?random - 0.5 )
 Parameter: A -> "73.4166194"
 RDCMND substituted energy or value "?RANDOM" to "0.701681573"
Evaluating: 73.4166194*(0.701681573-0.5)
 Parameter: XPOS <- "14.8067793"
  
 CHARMM>            calc ypos = @B * ( ?random - 0.5 )
 Parameter: B -> "73.4166194"
 RDCMND substituted energy or value "?RANDOM" to "0.762555829"
Evaluating: 73.4166194*(0.762555829-0.5)
 Parameter: YPOS <- "19.2759614"
  
 CHARMM>            calc zpos = @C * ( ?random - 0.5 ) + @zcen
 Parameter: C -> "85"
 Parameter: ZCEN -> "0"
 RDCMND substituted energy or value "?RANDOM" to "0.343943707"
Evaluating: 85*(0.343943707-0.5)+0
 Parameter: ZPOS <- "-13.2647849"
  
 CHARMM>     
  
 CHARMM>            if zpos .gt. -15 if zpos .lt. 15 goto doinit
 Comparing "-13.2647849" and "-15".
 IF test evaluated as true.  Performing command
 Comparing "-13.2647849" and "15".
 IF test evaluated as true.  Performing command
  
 CHARMM>     
  
 CHARMM>            calc cntrand = @cntrand + 1
 Parameter: CNTRAND -> "1"
Evaluating: 1+1
 Parameter: CNTRAND <- "2"
  
 CHARMM>            if cntrand .gt. 100 stop ! ABNORMAL TERMINATION: ion placing may not work.. stop here
 Comparing "2" and "100".
 IF test evaluated as false.  Skipping command
  
 CHARMM>     
  
 CHARMM>            calc j = @i
 Parameter: I -> "15"
Evaluating: 15
 Parameter: J <- "15"
  
 CHARMM>            set ion = POS
 Parameter: ION <- "POS"
  
 CHARMM>     
  
 CHARMM>            if j .gt. @npos then
 Parameter: NPOS -> "37"
 Comparing "15" and "37".
 IF test evaluated as false.  Skip to ELSE or ENDIF
  
 CHARMM>     
  
 CHARMM>            define target select segid @ion .and. resid @j end
 Parameter: ION -> "POS"
 Parameter: J -> "15"
 SELRPN>      1 atoms have been selected out of  22374
  
 CHARMM>     
  
 CHARMM>            calc xpos = @A * ( ?random - 0.5 )
 Parameter: A -> "73.4166194"
 RDCMND substituted energy or value "?RANDOM" to "0.946409729"
Evaluating: 73.4166194*(0.946409729-0.5)
 Parameter: XPOS <- "32.7738932"
  
 CHARMM>            calc ypos = @B * ( ?random - 0.5 )
 Parameter: B -> "73.4166194"
 RDCMND substituted energy or value "?RANDOM" to "0.80941685"
Evaluating: 73.4166194*(0.80941685-0.5)
 Parameter: YPOS <- "22.7163391"
  
 CHARMM>            calc zpos = @C * ( ?random - 0.5 ) + @zcen
 Parameter: C -> "85"
 Parameter: ZCEN -> "0"
 RDCMND substituted energy or value "?RANDOM" to "0.507788633"
Evaluating: 85*(0.507788633-0.5)+0
 Parameter: ZPOS <- "0.662033805"
  
 CHARMM>     
  
 CHARMM>            if zpos .gt. -15 if zpos .lt. 15 goto doinit
 Comparing "0.662033805" and "-15".
 IF test evaluated as true.  Performing command
 Comparing "0.662033805" and "15".
 IF test evaluated as true.  Performing command
  
 CHARMM>     
  
 CHARMM>            calc cntrand = @cntrand + 1
 Parameter: CNTRAND -> "2"
Evaluating: 2+1
 Parameter: CNTRAND <- "3"
  
 CHARMM>            if cntrand .gt. 100 stop ! ABNORMAL TERMINATION: ion placing may not work.. stop here
 Comparing "3" and "100".
 IF test evaluated as false.  Skipping command
  
 CHARMM>     
  
 CHARMM>            calc j = @i
 Parameter: I -> "15"
Evaluating: 15
 Parameter: J <- "15"
  
 CHARMM>            set ion = POS
 Parameter: ION <- "POS"
  
 CHARMM>     
  
 CHARMM>            if j .gt. @npos then
 Parameter: NPOS -> "37"
 Comparing "15" and "37".
 IF test evaluated as false.  Skip to ELSE or ENDIF
  
 CHARMM>     
  
 CHARMM>            define target select segid @ion .and. resid @j end
 Parameter: ION -> "POS"
 Parameter: J -> "15"
 SELRPN>      1 atoms have been selected out of  22374
  
 CHARMM>     
  
 CHARMM>            calc xpos = @A * ( ?random - 0.5 )
 Parameter: A -> "73.4166194"
 RDCMND substituted energy or value "?RANDOM" to "0.901192216"
Evaluating: 73.4166194*(0.901192216-0.5)
 Parameter: XPOS <- "29.4541762"
  
 CHARMM>            calc ypos = @B * ( ?random - 0.5 )
 Parameter: B -> "73.4166194"
 RDCMND substituted energy or value "?RANDOM" to "0.956727632"
Evaluating: 73.4166194*(0.956727632-0.5)
 Parameter: YPOS <- "33.5313987"
  
 CHARMM>            calc zpos = @C * ( ?random - 0.5 ) + @zcen
 Parameter: C -> "85"
 Parameter: ZCEN -> "0"
 RDCMND substituted energy or value "?RANDOM" to "0.674519061"
Evaluating: 85*(0.674519061-0.5)+0
 Parameter: ZPOS <- "14.8341202"
  
 CHARMM>     
  
 CHARMM>            if zpos .gt. -15 if zpos .lt. 15 goto doinit
 Comparing "14.8341202" and "-15".
 IF test evaluated as true.  Performing command
 Comparing "14.8341202" and "15".
 IF test evaluated as true.  Performing command
  
 CHARMM>     
  
 CHARMM>            calc cntrand = @cntrand + 1
 Parameter: CNTRAND -> "3"
Evaluating: 3+1
 Parameter: CNTRAND <- "4"
  
 CHARMM>            if cntrand .gt. 100 stop ! ABNORMAL TERMINATION: ion placing may not work.. stop here
 Comparing "4" and "100".
 IF test evaluated as false.  Skipping command
  
 CHARMM>     
  
 CHARMM>            calc j = @i
 Parameter: I -> "15"
Evaluating: 15
 Parameter: J <- "15"
  
 CHARMM>            set ion = POS
 Parameter: ION <- "POS"
  
 CHARMM>     
  
 CHARMM>            if j .gt. @npos then
 Parameter: NPOS -> "37"
 Comparing "15" and "37".
 IF test evaluated as false.  Skip to ELSE or ENDIF
  
 CHARMM>     
  
 CHARMM>            define target select segid @ion .and. resid @j end
 Parameter: ION -> "POS"
 Parameter: J -> "15"
 SELRPN>      1 atoms have been selected out of  22374
  
 CHARMM>     
  
 CHARMM>            calc xpos = @A * ( ?random - 0.5 )
 Parameter: A -> "73.4166194"
 RDCMND substituted energy or value "?RANDOM" to "5.703419353E-02"
Evaluating: 73.4166194*(5.703419353E-02-0.5)
 Parameter: XPOS <- "-32.521052"
  
 CHARMM>            calc ypos = @B * ( ?random - 0.5 )
 Parameter: B -> "73.4166194"
 RDCMND substituted energy or value "?RANDOM" to "0.879786518"
Evaluating: 73.4166194*(0.879786518-0.5)
 Parameter: YPOS <- "27.8826422"
  
 CHARMM>            calc zpos = @C * ( ?random - 0.5 ) + @zcen
 Parameter: C -> "85"
 Parameter: ZCEN -> "0"
 RDCMND substituted energy or value "?RANDOM" to "0.373122372"
Evaluating: 85*(0.373122372-0.5)+0
 Parameter: ZPOS <- "-10.7845984"
  
 CHARMM>     
  
 CHARMM>            if zpos .gt. -15 if zpos .lt. 15 goto doinit
 Comparing "-10.7845984" and "-15".
 IF test evaluated as true.  Performing command
 Comparing "-10.7845984" and "15".
 IF test evaluated as true.  Performing command
  
 CHARMM>     
  
 CHARMM>            calc cntrand = @cntrand + 1
 Parameter: CNTRAND -> "4"
Evaluating: 4+1
 Parameter: CNTRAND <- "5"
  
 CHARMM>            if cntrand .gt. 100 stop ! ABNORMAL TERMINATION: ion placing may not work.. stop here
 Comparing "5" and "100".
 IF test evaluated as false.  Skipping command
  
 CHARMM>     
  
 CHARMM>            calc j = @i
 Parameter: I -> "15"
Evaluating: 15
 Parameter: J <- "15"
  
 CHARMM>            set ion = POS
 Parameter: ION <- "POS"
  
 CHARMM>     
  
 CHARMM>            if j .gt. @npos then
 Parameter: NPOS -> "37"
 Comparing "15" and "37".
 IF test evaluated as false.  Skip to ELSE or ENDIF
  
 CHARMM>     
  
 CHARMM>            define target select segid @ion .and. resid @j end
 Parameter: ION -> "POS"
 Parameter: J -> "15"
 SELRPN>      1 atoms have been selected out of  22374
  
 CHARMM>     
  
 CHARMM>            calc xpos = @A * ( ?random - 0.5 )
 Parameter: A -> "73.4166194"
 RDCMND substituted energy or value "?RANDOM" to "0.343020313"
Evaluating: 73.4166194*(0.343020313-0.5)
 Parameter: XPOS <- "-11.5249179"
  
 CHARMM>            calc ypos = @B * ( ?random - 0.5 )
 Parameter: B -> "73.4166194"
 RDCMND substituted energy or value "?RANDOM" to "0.357299734"
Evaluating: 73.4166194*(0.357299734-0.5)
 Parameter: YPOS <- "-10.4765711"
  
 CHARMM>            calc zpos = @C * ( ?random - 0.5 ) + @zcen
 Parameter: C -> "85"
 Parameter: ZCEN -> "0"
 RDCMND substituted energy or value "?RANDOM" to "0.772194485"
Evaluating: 85*(0.772194485-0.5)+0
 Parameter: ZPOS <- "23.1365312"
  
 CHARMM>     
  
 CHARMM>            if zpos .gt. -15 if zpos .lt. 15 goto doinit
 Comparing "23.1365312" and "-15".
 IF test evaluated as true.  Performing command
 Comparing "23.1365312" and "15".
 IF test evaluated as false.  Skipping command
  
 CHARMM>     
  
 CHARMM>            ! move target to selected position
  
 CHARMM>            coor stat select target end
 SELRPN>      1 atoms have been selected out of  22374
 STATISTICS FOR         1 SELECTED ATOMS:
    XMIN =    0.000000 XMAX =    0.000000 XAVE =    0.000000
    YMIN =    0.000000 YMAX =    0.000000 YAVE =    0.000000
    ZMIN =    0.000000 ZMAX =    0.000000 ZAVE =    0.000000
    WMIN =    1.000000 WMAX =    1.000000 WAVE =    1.000000
  
 CHARMM>            calc xtran = @xpos - ?xave
 Parameter: XPOS -> "-11.5249179"
 RDCMND substituted energy or value "?XAVE" to "0"
Evaluating: -11.5249179-0
 Parameter: XTRAN <- "-11.5249179"
  
 CHARMM>            calc ytran = @ypos - ?yave
 Parameter: YPOS -> "-10.4765711"
 RDCMND substituted energy or value "?YAVE" to "0"
Evaluating: -10.4765711-0
 Parameter: YTRAN <- "-10.4765711"
  
 CHARMM>            calc ztran = @zpos - ?zave
 Parameter: ZPOS -> "23.1365312"
 RDCMND substituted energy or value "?ZAVE" to "0"
Evaluating: 23.1365312-0
 Parameter: ZTRAN <- "23.1365312"
  
 CHARMM>            coor trans xdir @xtran ydir @ytran zdir @ztran select target end
 Parameter: XTRAN -> "-11.5249179"
 Parameter: YTRAN -> "-10.4765711"
 Parameter: ZTRAN -> "23.1365312"
 SELRPN>      1 atoms have been selected out of  22374
 TRANSLATION VECTOR   -11.524918  -10.476571   23.136531
 SELECTED COORDINATES TRANSLATED IN THE MAIN SET.

  
 CHARMM>     
  
 CHARMM>            ! apply a random rotation along XYZ
  
 CHARMM>            calc xphi = ?random * 360.0
 RDCMND substituted energy or value "?RANDOM" to "0.520909865"
Evaluating: 0.520909865*360.0
 Parameter: XPHI <- "187.527551"
  
 CHARMM>            calc yphi = ?random * 360.0
 RDCMND substituted energy or value "?RANDOM" to "0.565339104"
Evaluating: 0.565339104*360.0
 Parameter: YPHI <- "203.522077"
  
 CHARMM>            calc zphi = ?random * 360.0
 RDCMND substituted energy or value "?RANDOM" to "0.609939297"
Evaluating: 0.609939297*360.0
 Parameter: ZPHI <- "219.578147"
  
 CHARMM>            coor rotate xcen @xpos ycen @ypos zcen @zpos xdir 1.0 -
 CHARMM>                phi @xphi select target end
 Parameter: XPOS -> "-11.5249179"
 Parameter: YPOS -> "-10.4765711"
 Parameter: ZPOS -> "23.1365312"
 Parameter: XPHI -> "187.527551"
 SELRPN>      1 atoms have been selected out of  22374
 ROTATION MATRIX
    1.000000    0.000000    0.000000
    0.000000   -0.991382   -0.131003
    0.000000    0.131003   -0.991382

 AXIS OF ROTATION IS -1.000000  0.000000  0.000000  ANGLE IS  172.47

 SELECTED COORDINATES ROTATED IN THE MAIN SET.

  
 CHARMM>            coor rotate xcen @xpos ycen @ypos zcen @zpos ydir 1.0 -
 CHARMM>                phi @yphi select target end
 Parameter: XPOS -> "-11.5249179"
 Parameter: YPOS -> "-10.4765711"
 Parameter: ZPOS -> "23.1365312"
 Parameter: YPHI -> "203.522077"
 SELRPN>      1 atoms have been selected out of  22374
 ROTATION MATRIX
   -0.916906    0.000000    0.399102
    0.000000    1.000000    0.000000
   -0.399102    0.000000   -0.916906

 AXIS OF ROTATION IS  0.000000 -1.000000  0.000000  ANGLE IS  156.48

 SELECTED COORDINATES ROTATED IN THE MAIN SET.

  
 CHARMM>            coor rotate xcen @xpos ycen @ypos zcen @zpos zdir 1.0 -
 CHARMM>                phi @zphi select target end
 Parameter: XPOS -> "-11.5249179"
 Parameter: YPOS -> "-10.4765711"
 Parameter: ZPOS -> "23.1365312"
 Parameter: ZPHI -> "219.578147"
 SELRPN>      1 atoms have been selected out of  22374
 ROTATION MATRIX
   -0.770756   -0.637130    0.000000
    0.637130   -0.770756    0.000000
    0.000000    0.000000    1.000000

 AXIS OF ROTATION IS  0.000000  0.000000 -1.000000  ANGLE IS  140.42

 SELECTED COORDINATES ROTATED IN THE MAIN SET.

  
 CHARMM>     
  
 CHARMM>     
  
 CHARMM>            calc dcut = 3.5
Evaluating: 3.5
 Parameter: DCUT <- "3.5"
  
 CHARMM>     
  
 CHARMM>            coor stat sele target end
 SELRPN>      1 atoms have been selected out of  22374
 STATISTICS FOR         1 SELECTED ATOMS:
    XMIN =  -11.524918 XMAX =  -11.524918 XAVE =  -11.524918
    YMIN =  -10.476571 YMAX =  -10.476571 YAVE =  -10.476571
    ZMIN =   23.136531 ZMAX =   23.136531 ZAVE =   23.136531
    WMIN =    1.000000 WMAX =    1.000000 WAVE =    1.000000
  
 CHARMM>            calc xmax = ?xmax + @dcut
 Parameter: DCUT -> "3.5"
 RDCMND substituted energy or value "?XMAX" to "-11.5249179"
Evaluating: -11.5249179+3.5
 Parameter: XMAX <- "-8.0249179"
  
 CHARMM>            calc ymax = ?ymax + @dcut
 Parameter: DCUT -> "3.5"
 RDCMND substituted energy or value "?YMAX" to "-10.4765711"
Evaluating: -10.4765711+3.5
 Parameter: YMAX <- "-6.9765711"
  
 CHARMM>            calc zmax = ?zmax + @dcut
 Parameter: DCUT -> "3.5"
 RDCMND substituted energy or value "?ZMAX" to "23.1365312"
Evaluating: 23.1365312+3.5
 Parameter: ZMAX <- "26.6365312"
  
 CHARMM>            calc xmin = ?xmin - @dcut
 Parameter: DCUT -> "3.5"
 RDCMND substituted energy or value "?XMIN" to "-11.5249179"
Evaluating: -11.5249179-3.5
 Parameter: XMIN <- "-15.0249179"
  
 CHARMM>            calc ymin = ?ymin - @dcut
 Parameter: DCUT -> "3.5"
 RDCMND substituted energy or value "?YMIN" to "-10.4765711"
Evaluating: -10.4765711-3.5
 Parameter: YMIN <- "-13.9765711"
  
 CHARMM>            calc zmin = ?zmin - @dcut
 Parameter: DCUT -> "3.5"
 RDCMND substituted energy or value "?ZMIN" to "23.1365312"
Evaluating: 23.1365312-3.5
 Parameter: ZMIN <- "19.6365312"
  
 CHARMM>     
  
 CHARMM>            define JUNK sele .not. target .and. -
 CHARMM>                             prop X .lt. @xmax .and. prop X .gt. @xmin .and. -
 CHARMM>                             prop Y .lt. @ymax .and. prop Y .gt. @ymin .and. -
 CHARMM>                             prop Z .lt. @zmax .and. prop Z .gt. @zmin  end
 Parameter: XMAX -> "-8.0249179"
 Parameter: XMIN -> "-15.0249179"
 Parameter: YMAX -> "-6.9765711"
 Parameter: YMIN -> "-13.9765711"
 Parameter: ZMAX -> "26.6365312"
 Parameter: ZMIN -> "19.6365312"
 SELRPN>      0 atoms have been selected out of  22374
  
 CHARMM>     
  
 CHARMM>            ! check if the ions are too close to protein
  
 CHARMM>            define XXX sele PROT end
 SELRPN>      0 atoms have been selected out of  22374
  
 CHARMM>            if ?nsel .gt. 0 then
 RDCMND substituted energy or value "?NSEL" to "0"
 Comparing "0" and "0".
 IF test evaluated as false.  Skip to ELSE or ENDIF
  
 CHARMM>     
  
 CHARMM>            ! check if the ions are too close to solute
  
 CHARMM>            coor dist cut 4.0 sele target end sele JUNK .and. .not. hydrogen end image
 SELRPN>      1 atoms have been selected out of  34208
 SELRPN>      0 atoms have been selected out of  34208

            DISTANCES FOR SELECTED ATOMS
            ONLY ONE SELECTION SET SPECIFIED, A COMPARISON WILL BE DONE
 TOTAL EXCLUSION COUNT =         0
 TOTAL 1-4 EXCLUSIONS  =         0
 TOTAL NON-EXCLUSIONS  =         0
  
 CHARMM>            if ?npair .gt. 0 goto doinit
 RDCMND substituted energy or value "?NPAIR" to "0"
 Comparing "0" and "0".
 IF test evaluated as false.  Skipping command
  
 CHARMM>     
  
 CHARMM>            calc cntrand = 0
Evaluating: 0
 Parameter: CNTRAND <- "0"
  
 CHARMM>            increase i by 1
 Parameter: I <- "16"
  
 CHARMM>            if i .le. @nion goto doinit
 Parameter: NION -> "54"
 Comparing "16" and "54".
 IF test evaluated as true.  Performing command
  
 CHARMM>     
  
 CHARMM>            calc cntrand = @cntrand + 1
 Parameter: CNTRAND -> "0"
Evaluating: 0+1
 Parameter: CNTRAND <- "1"
  
 CHARMM>            if cntrand .gt. 100 stop ! ABNORMAL TERMINATION: ion placing may not work.. stop here
 Comparing "1" and "100".
 IF test evaluated as false.  Skipping command
  
 CHARMM>     
  
 CHARMM>            calc j = @i
 Parameter: I -> "16"
Evaluating: 16
 Parameter: J <- "16"
  
 CHARMM>            set ion = POS
 Parameter: ION <- "POS"
  
 CHARMM>     
  
 CHARMM>            if j .gt. @npos then
 Parameter: NPOS -> "37"
 Comparing "16" and "37".
 IF test evaluated as false.  Skip to ELSE or ENDIF
  
 CHARMM>     
  
 CHARMM>            define target select segid @ion .and. resid @j end
 Parameter: ION -> "POS"
 Parameter: J -> "16"
 SELRPN>      1 atoms have been selected out of  22374
  
 CHARMM>     
  
 CHARMM>            calc xpos = @A * ( ?random - 0.5 )
 Parameter: A -> "73.4166194"
 RDCMND substituted energy or value "?RANDOM" to "0.968182375"
Evaluating: 73.4166194*(0.968182375-0.5)
 Parameter: XPOS <- "34.3723672"
  
 CHARMM>            calc ypos = @B * ( ?random - 0.5 )
 Parameter: B -> "73.4166194"
 RDCMND substituted energy or value "?RANDOM" to "0.963225859"
Evaluating: 73.4166194*(0.963225859-0.5)
 Parameter: YPOS <- "34.0084766"
  
 CHARMM>            calc zpos = @C * ( ?random - 0.5 ) + @zcen
 Parameter: C -> "85"
 Parameter: ZCEN -> "0"
 RDCMND substituted energy or value "?RANDOM" to "0.594066802"
Evaluating: 85*(0.594066802-0.5)+0
 Parameter: ZPOS <- "7.99567817"
  
 CHARMM>     
  
 CHARMM>            if zpos .gt. -15 if zpos .lt. 15 goto doinit
 Comparing "7.99567817" and "-15".
 IF test evaluated as true.  Performing command
 Comparing "7.99567817" and "15".
 IF test evaluated as true.  Performing command
  
 CHARMM>     
  
 CHARMM>            calc cntrand = @cntrand + 1
 Parameter: CNTRAND -> "1"
Evaluating: 1+1
 Parameter: CNTRAND <- "2"
  
 CHARMM>            if cntrand .gt. 100 stop ! ABNORMAL TERMINATION: ion placing may not work.. stop here
 Comparing "2" and "100".
 IF test evaluated as false.  Skipping command
  
 CHARMM>     
  
 CHARMM>            calc j = @i
 Parameter: I -> "16"
Evaluating: 16
 Parameter: J <- "16"
  
 CHARMM>            set ion = POS
 Parameter: ION <- "POS"
  
 CHARMM>     
  
 CHARMM>            if j .gt. @npos then
 Parameter: NPOS -> "37"
 Comparing "16" and "37".
 IF test evaluated as false.  Skip to ELSE or ENDIF
  
 CHARMM>     
  
 CHARMM>            define target select segid @ion .and. resid @j end
 Parameter: ION -> "POS"
 Parameter: J -> "16"
 SELRPN>      1 atoms have been selected out of  22374
  
 CHARMM>     
  
 CHARMM>            calc xpos = @A * ( ?random - 0.5 )
 Parameter: A -> "73.4166194"
 RDCMND substituted energy or value "?RANDOM" to "0.734064084"
Evaluating: 73.4166194*(0.734064084-0.5)
 Parameter: XPOS <- "17.1841938"
  
 CHARMM>            calc ypos = @B * ( ?random - 0.5 )
 Parameter: B -> "73.4166194"
 RDCMND substituted energy or value "?RANDOM" to "0.778126309"
Evaluating: 73.4166194*(0.778126309-0.5)
 Parameter: YPOS <- "20.4190934"
  
 CHARMM>            calc zpos = @C * ( ?random - 0.5 ) + @zcen
 Parameter: C -> "85"
 Parameter: ZCEN -> "0"
 RDCMND substituted energy or value "?RANDOM" to "0.154792516"
Evaluating: 85*(0.154792516-0.5)+0
 Parameter: ZPOS <- "-29.3426361"
  
 CHARMM>     
  
 CHARMM>            if zpos .gt. -15 if zpos .lt. 15 goto doinit
 Comparing "-29.3426361" and "-15".
 IF test evaluated as false.  Skipping command
  
 CHARMM>     
  
 CHARMM>            ! move target to selected position
  
 CHARMM>            coor stat select target end
 SELRPN>      1 atoms have been selected out of  22374
 STATISTICS FOR         1 SELECTED ATOMS:
    XMIN =    0.000000 XMAX =    0.000000 XAVE =    0.000000
    YMIN =    0.000000 YMAX =    0.000000 YAVE =    0.000000
    ZMIN =    0.000000 ZMAX =    0.000000 ZAVE =    0.000000
    WMIN =    1.000000 WMAX =    1.000000 WAVE =    1.000000
  
 CHARMM>            calc xtran = @xpos - ?xave
 Parameter: XPOS -> "17.1841938"
 RDCMND substituted energy or value "?XAVE" to "0"
Evaluating: 17.1841938-0
 Parameter: XTRAN <- "17.1841938"
  
 CHARMM>            calc ytran = @ypos - ?yave
 Parameter: YPOS -> "20.4190934"
 RDCMND substituted energy or value "?YAVE" to "0"
Evaluating: 20.4190934-0
 Parameter: YTRAN <- "20.4190934"
  
 CHARMM>            calc ztran = @zpos - ?zave
 Parameter: ZPOS -> "-29.3426361"
 RDCMND substituted energy or value "?ZAVE" to "0"
Evaluating: -29.3426361-0
 Parameter: ZTRAN <- "-29.3426361"
  
 CHARMM>            coor trans xdir @xtran ydir @ytran zdir @ztran select target end
 Parameter: XTRAN -> "17.1841938"
 Parameter: YTRAN -> "20.4190934"
 Parameter: ZTRAN -> "-29.3426361"
 SELRPN>      1 atoms have been selected out of  22374
 TRANSLATION VECTOR    17.184194   20.419093  -29.342636
 SELECTED COORDINATES TRANSLATED IN THE MAIN SET.

  
 CHARMM>     
  
 CHARMM>            ! apply a random rotation along XYZ
  
 CHARMM>            calc xphi = ?random * 360.0
 RDCMND substituted energy or value "?RANDOM" to "0.893556651"
Evaluating: 0.893556651*360.0
 Parameter: XPHI <- "321.680394"
  
 CHARMM>            calc yphi = ?random * 360.0
 RDCMND substituted energy or value "?RANDOM" to "0.193289619"
Evaluating: 0.193289619*360.0
 Parameter: YPHI <- "69.5842628"
  
 CHARMM>            calc zphi = ?random * 360.0
 RDCMND substituted energy or value "?RANDOM" to "0.400511965"
Evaluating: 0.400511965*360.0
 Parameter: ZPHI <- "144.184307"
  
 CHARMM>            coor rotate xcen @xpos ycen @ypos zcen @zpos xdir 1.0 -
 CHARMM>                phi @xphi select target end
 Parameter: XPOS -> "17.1841938"
 Parameter: YPOS -> "20.4190934"
 Parameter: ZPOS -> "-29.3426361"
 Parameter: XPHI -> "321.680394"
 SELRPN>      1 atoms have been selected out of  22374
 ROTATION MATRIX
    1.000000    0.000000    0.000000
    0.000000    0.784564   -0.620048
    0.000000    0.620048    0.784564

 AXIS OF ROTATION IS -1.000000  0.000000  0.000000  ANGLE IS   38.32

 SELECTED COORDINATES ROTATED IN THE MAIN SET.

  
 CHARMM>            coor rotate xcen @xpos ycen @ypos zcen @zpos ydir 1.0 -
 CHARMM>                phi @yphi select target end
 Parameter: XPOS -> "17.1841938"
 Parameter: YPOS -> "20.4190934"
 Parameter: ZPOS -> "-29.3426361"
 Parameter: YPHI -> "69.5842628"
 SELRPN>      1 atoms have been selected out of  22374
 ROTATION MATRIX
    0.348829    0.000000   -0.937186
    0.000000    1.000000    0.000000
    0.937186    0.000000    0.348829

 AXIS OF ROTATION IS  0.000000  1.000000  0.000000  ANGLE IS   69.58

 SELECTED COORDINATES ROTATED IN THE MAIN SET.

  
 CHARMM>            coor rotate xcen @xpos ycen @ypos zcen @zpos zdir 1.0 -
 CHARMM>                phi @zphi select target end
 Parameter: XPOS -> "17.1841938"
 Parameter: YPOS -> "20.4190934"
 Parameter: ZPOS -> "-29.3426361"
 Parameter: ZPHI -> "144.184307"
 SELRPN>      1 atoms have been selected out of  22374
 ROTATION MATRIX
   -0.810904    0.585180    0.000000
   -0.585180   -0.810904    0.000000
    0.000000    0.000000    1.000000

 AXIS OF ROTATION IS  0.000000  0.000000  1.000000  ANGLE IS  144.18

 SELECTED COORDINATES ROTATED IN THE MAIN SET.

  
 CHARMM>     
  
 CHARMM>     
  
 CHARMM>            calc dcut = 3.5
Evaluating: 3.5
 Parameter: DCUT <- "3.5"
  
 CHARMM>     
  
 CHARMM>            coor stat sele target end
 SELRPN>      1 atoms have been selected out of  22374
 STATISTICS FOR         1 SELECTED ATOMS:
    XMIN =   17.184194 XMAX =   17.184194 XAVE =   17.184194
    YMIN =   20.419093 YMAX =   20.419093 YAVE =   20.419093
    ZMIN =  -29.342636 ZMAX =  -29.342636 ZAVE =  -29.342636
    WMIN =    1.000000 WMAX =    1.000000 WAVE =    1.000000
  
 CHARMM>            calc xmax = ?xmax + @dcut
 Parameter: DCUT -> "3.5"
 RDCMND substituted energy or value "?XMAX" to "17.1841938"
Evaluating: 17.1841938+3.5
 Parameter: XMAX <- "20.6841938"
  
 CHARMM>            calc ymax = ?ymax + @dcut
 Parameter: DCUT -> "3.5"
 RDCMND substituted energy or value "?YMAX" to "20.4190934"
Evaluating: 20.4190934+3.5
 Parameter: YMAX <- "23.9190934"
  
 CHARMM>            calc zmax = ?zmax + @dcut
 Parameter: DCUT -> "3.5"
 RDCMND substituted energy or value "?ZMAX" to "-29.3426361"
Evaluating: -29.3426361+3.5
 Parameter: ZMAX <- "-25.8426361"
  
 CHARMM>            calc xmin = ?xmin - @dcut
 Parameter: DCUT -> "3.5"
 RDCMND substituted energy or value "?XMIN" to "17.1841938"
Evaluating: 17.1841938-3.5
 Parameter: XMIN <- "13.6841938"
  
 CHARMM>            calc ymin = ?ymin - @dcut
 Parameter: DCUT -> "3.5"
 RDCMND substituted energy or value "?YMIN" to "20.4190934"
Evaluating: 20.4190934-3.5
 Parameter: YMIN <- "16.9190934"
  
 CHARMM>            calc zmin = ?zmin - @dcut
 Parameter: DCUT -> "3.5"
 RDCMND substituted energy or value "?ZMIN" to "-29.3426361"
Evaluating: -29.3426361-3.5
 Parameter: ZMIN <- "-32.8426361"
  
 CHARMM>     
  
 CHARMM>            define JUNK sele .not. target .and. -
 CHARMM>                             prop X .lt. @xmax .and. prop X .gt. @xmin .and. -
 CHARMM>                             prop Y .lt. @ymax .and. prop Y .gt. @ymin .and. -
 CHARMM>                             prop Z .lt. @zmax .and. prop Z .gt. @zmin  end
 Parameter: XMAX -> "20.6841938"
 Parameter: XMIN -> "13.6841938"
 Parameter: YMAX -> "23.9190934"
 Parameter: YMIN -> "16.9190934"
 Parameter: ZMAX -> "-25.8426361"
 Parameter: ZMIN -> "-32.8426361"
 SELRPN>      0 atoms have been selected out of  22374
  
 CHARMM>     
  
 CHARMM>            ! check if the ions are too close to protein
  
 CHARMM>            define XXX sele PROT end
 SELRPN>      0 atoms have been selected out of  22374
  
 CHARMM>            if ?nsel .gt. 0 then
 RDCMND substituted energy or value "?NSEL" to "0"
 Comparing "0" and "0".
 IF test evaluated as false.  Skip to ELSE or ENDIF
  
 CHARMM>     
  
 CHARMM>            ! check if the ions are too close to solute
  
 CHARMM>            coor dist cut 4.0 sele target end sele JUNK .and. .not. hydrogen end image
 SELRPN>      1 atoms have been selected out of  34208
 SELRPN>      0 atoms have been selected out of  34208

            DISTANCES FOR SELECTED ATOMS
            ONLY ONE SELECTION SET SPECIFIED, A COMPARISON WILL BE DONE
 TOTAL EXCLUSION COUNT =         0
 TOTAL 1-4 EXCLUSIONS  =         0
 TOTAL NON-EXCLUSIONS  =         0
  
 CHARMM>            if ?npair .gt. 0 goto doinit
 RDCMND substituted energy or value "?NPAIR" to "0"
 Comparing "0" and "0".
 IF test evaluated as false.  Skipping command
  
 CHARMM>     
  
 CHARMM>            calc cntrand = 0
Evaluating: 0
 Parameter: CNTRAND <- "0"
  
 CHARMM>            increase i by 1
 Parameter: I <- "17"
  
 CHARMM>            if i .le. @nion goto doinit
 Parameter: NION -> "54"
 Comparing "17" and "54".
 IF test evaluated as true.  Performing command
  
 CHARMM>     
  
 CHARMM>            calc cntrand = @cntrand + 1
 Parameter: CNTRAND -> "0"
Evaluating: 0+1
 Parameter: CNTRAND <- "1"
  
 CHARMM>            if cntrand .gt. 100 stop ! ABNORMAL TERMINATION: ion placing may not work.. stop here
 Comparing "1" and "100".
 IF test evaluated as false.  Skipping command
  
 CHARMM>     
  
 CHARMM>            calc j = @i
 Parameter: I -> "17"
Evaluating: 17
 Parameter: J <- "17"
  
 CHARMM>            set ion = POS
 Parameter: ION <- "POS"
  
 CHARMM>     
  
 CHARMM>            if j .gt. @npos then
 Parameter: NPOS -> "37"
 Comparing "17" and "37".
 IF test evaluated as false.  Skip to ELSE or ENDIF
  
 CHARMM>     
  
 CHARMM>            define target select segid @ion .and. resid @j end
 Parameter: ION -> "POS"
 Parameter: J -> "17"
 SELRPN>      1 atoms have been selected out of  22374
  
 CHARMM>     
  
 CHARMM>            calc xpos = @A * ( ?random - 0.5 )
 Parameter: A -> "73.4166194"
 RDCMND substituted energy or value "?RANDOM" to "0.668639353"
Evaluating: 73.4166194*(0.668639353-0.5)
 Parameter: XPOS <- "12.3809312"
  
 CHARMM>            calc ypos = @B * ( ?random - 0.5 )
 Parameter: B -> "73.4166194"
 RDCMND substituted energy or value "?RANDOM" to "0.261632086"
Evaluating: 73.4166194*(0.261632086-0.5)
 Parameter: YPOS <- "-17.5001664"
  
 CHARMM>            calc zpos = @C * ( ?random - 0.5 ) + @zcen
 Parameter: C -> "85"
 Parameter: ZCEN -> "0"
 RDCMND substituted energy or value "?RANDOM" to "0.450367063"
Evaluating: 85*(0.450367063-0.5)+0
 Parameter: ZPOS <- "-4.21879964"
  
 CHARMM>     
  
 CHARMM>            if zpos .gt. -15 if zpos .lt. 15 goto doinit
 Comparing "-4.21879964" and "-15".
 IF test evaluated as true.  Performing command
 Comparing "-4.21879964" and "15".
 IF test evaluated as true.  Performing command
  
 CHARMM>     
  
 CHARMM>            calc cntrand = @cntrand + 1
 Parameter: CNTRAND -> "1"
Evaluating: 1+1
 Parameter: CNTRAND <- "2"
  
 CHARMM>            if cntrand .gt. 100 stop ! ABNORMAL TERMINATION: ion placing may not work.. stop here
 Comparing "2" and "100".
 IF test evaluated as false.  Skipping command
  
 CHARMM>     
  
 CHARMM>            calc j = @i
 Parameter: I -> "17"
Evaluating: 17
 Parameter: J <- "17"
  
 CHARMM>            set ion = POS
 Parameter: ION <- "POS"
  
 CHARMM>     
  
 CHARMM>            if j .gt. @npos then
 Parameter: NPOS -> "37"
 Comparing "17" and "37".
 IF test evaluated as false.  Skip to ELSE or ENDIF
  
 CHARMM>     
  
 CHARMM>            define target select segid @ion .and. resid @j end
 Parameter: ION -> "POS"
 Parameter: J -> "17"
 SELRPN>      1 atoms have been selected out of  22374
  
 CHARMM>     
  
 CHARMM>            calc xpos = @A * ( ?random - 0.5 )
 Parameter: A -> "73.4166194"
 RDCMND substituted energy or value "?RANDOM" to "7.893815082E-02"
Evaluating: 73.4166194*(7.893815082E-02-0.5)
 Parameter: XPOS <- "-30.9129375"
  
 CHARMM>            calc ypos = @B * ( ?random - 0.5 )
 Parameter: B -> "73.4166194"
 RDCMND substituted energy or value "?RANDOM" to "0.595975175"
Evaluating: 73.4166194*(0.595975175-0.5)
 Parameter: YPOS <- "7.04617289"
  
 CHARMM>            calc zpos = @C * ( ?random - 0.5 ) + @zcen
 Parameter: C -> "85"
 Parameter: ZCEN -> "0"
 RDCMND substituted energy or value "?RANDOM" to "0.940782473"
Evaluating: 85*(0.940782473-0.5)+0
 Parameter: ZPOS <- "37.4665102"
  
 CHARMM>     
  
 CHARMM>            if zpos .gt. -15 if zpos .lt. 15 goto doinit
 Comparing "37.4665102" and "-15".
 IF test evaluated as true.  Performing command
 Comparing "37.4665102" and "15".
 IF test evaluated as false.  Skipping command
  
 CHARMM>     
  
 CHARMM>            ! move target to selected position
  
 CHARMM>            coor stat select target end
 SELRPN>      1 atoms have been selected out of  22374
 STATISTICS FOR         1 SELECTED ATOMS:
    XMIN =    0.000000 XMAX =    0.000000 XAVE =    0.000000
    YMIN =    0.000000 YMAX =    0.000000 YAVE =    0.000000
    ZMIN =    0.000000 ZMAX =    0.000000 ZAVE =    0.000000
    WMIN =    1.000000 WMAX =    1.000000 WAVE =    1.000000
  
 CHARMM>            calc xtran = @xpos - ?xave
 Parameter: XPOS -> "-30.9129375"
 RDCMND substituted energy or value "?XAVE" to "0"
Evaluating: -30.9129375-0
 Parameter: XTRAN <- "-30.9129375"
  
 CHARMM>            calc ytran = @ypos - ?yave
 Parameter: YPOS -> "7.04617289"
 RDCMND substituted energy or value "?YAVE" to "0"
Evaluating: 7.04617289-0
 Parameter: YTRAN <- "7.04617289"
  
 CHARMM>            calc ztran = @zpos - ?zave
 Parameter: ZPOS -> "37.4665102"
 RDCMND substituted energy or value "?ZAVE" to "0"
Evaluating: 37.4665102-0
 Parameter: ZTRAN <- "37.4665102"
  
 CHARMM>            coor trans xdir @xtran ydir @ytran zdir @ztran select target end
 Parameter: XTRAN -> "-30.9129375"
 Parameter: YTRAN -> "7.04617289"
 Parameter: ZTRAN -> "37.4665102"
 SELRPN>      1 atoms have been selected out of  22374
 TRANSLATION VECTOR   -30.912938    7.046173   37.466510
 SELECTED COORDINATES TRANSLATED IN THE MAIN SET.

  
 CHARMM>     
  
 CHARMM>            ! apply a random rotation along XYZ
  
 CHARMM>            calc xphi = ?random * 360.0
 RDCMND substituted energy or value "?RANDOM" to "0.531886664"
Evaluating: 0.531886664*360.0
 Parameter: XPHI <- "191.479199"
  
 CHARMM>            calc yphi = ?random * 360.0
 RDCMND substituted energy or value "?RANDOM" to "0.822406787"
Evaluating: 0.822406787*360.0
 Parameter: YPHI <- "296.066443"
  
 CHARMM>            calc zphi = ?random * 360.0
 RDCMND substituted energy or value "?RANDOM" to "0.247495237"
Evaluating: 0.247495237*360.0
 Parameter: ZPHI <- "89.0982853"
  
 CHARMM>            coor rotate xcen @xpos ycen @ypos zcen @zpos xdir 1.0 -
 CHARMM>                phi @xphi select target end
 Parameter: XPOS -> "-30.9129375"
 Parameter: YPOS -> "7.04617289"
 Parameter: ZPOS -> "37.4665102"
 Parameter: XPHI -> "191.479199"
 SELRPN>      1 atoms have been selected out of  22374
 ROTATION MATRIX
    1.000000    0.000000    0.000000
    0.000000   -0.979997   -0.199012
    0.000000    0.199012   -0.979997

 AXIS OF ROTATION IS -1.000000  0.000000  0.000000  ANGLE IS  168.52

 SELECTED COORDINATES ROTATED IN THE MAIN SET.

  
 CHARMM>            coor rotate xcen @xpos ycen @ypos zcen @zpos ydir 1.0 -
 CHARMM>                phi @yphi select target end
 Parameter: XPOS -> "-30.9129375"
 Parameter: YPOS -> "7.04617289"
 Parameter: ZPOS -> "37.4665102"
 Parameter: YPHI -> "296.066443"
 SELRPN>      1 atoms have been selected out of  22374
 ROTATION MATRIX
    0.439413    0.000000    0.898285
    0.000000    1.000000    0.000000
   -0.898285    0.000000    0.439413

 AXIS OF ROTATION IS  0.000000 -1.000000  0.000000  ANGLE IS   63.93

 SELECTED COORDINATES ROTATED IN THE MAIN SET.

  
 CHARMM>            coor rotate xcen @xpos ycen @ypos zcen @zpos zdir 1.0 -
 CHARMM>                phi @zphi select target end
 Parameter: XPOS -> "-30.9129375"
 Parameter: YPOS -> "7.04617289"
 Parameter: ZPOS -> "37.4665102"
 Parameter: ZPHI -> "89.0982853"
 SELRPN>      1 atoms have been selected out of  22374
 ROTATION MATRIX
    0.015737    0.999876    0.000000
   -0.999876    0.015737    0.000000
    0.000000    0.000000    1.000000

 AXIS OF ROTATION IS  0.000000  0.000000  1.000000  ANGLE IS   89.10

 SELECTED COORDINATES ROTATED IN THE MAIN SET.

  
 CHARMM>     
  
 CHARMM>     
  
 CHARMM>            calc dcut = 3.5
Evaluating: 3.5
 Parameter: DCUT <- "3.5"
  
 CHARMM>     
  
 CHARMM>            coor stat sele target end
 SELRPN>      1 atoms have been selected out of  22374
 STATISTICS FOR         1 SELECTED ATOMS:
    XMIN =  -30.912938 XMAX =  -30.912938 XAVE =  -30.912938
    YMIN =    7.046173 YMAX =    7.046173 YAVE =    7.046173
    ZMIN =   37.466510 ZMAX =   37.466510 ZAVE =   37.466510
    WMIN =    1.000000 WMAX =    1.000000 WAVE =    1.000000
  
 CHARMM>            calc xmax = ?xmax + @dcut
 Parameter: DCUT -> "3.5"
 RDCMND substituted energy or value "?XMAX" to "-30.9129375"
Evaluating: -30.9129375+3.5
 Parameter: XMAX <- "-27.4129375"
  
 CHARMM>            calc ymax = ?ymax + @dcut
 Parameter: DCUT -> "3.5"
 RDCMND substituted energy or value "?YMAX" to "7.04617289"
Evaluating: 7.04617289+3.5
 Parameter: YMAX <- "10.5461729"
  
 CHARMM>            calc zmax = ?zmax + @dcut
 Parameter: DCUT -> "3.5"
 RDCMND substituted energy or value "?ZMAX" to "37.4665102"
Evaluating: 37.4665102+3.5
 Parameter: ZMAX <- "40.9665102"
  
 CHARMM>            calc xmin = ?xmin - @dcut
 Parameter: DCUT -> "3.5"
 RDCMND substituted energy or value "?XMIN" to "-30.9129375"
Evaluating: -30.9129375-3.5
 Parameter: XMIN <- "-34.4129375"
  
 CHARMM>            calc ymin = ?ymin - @dcut
 Parameter: DCUT -> "3.5"
 RDCMND substituted energy or value "?YMIN" to "7.04617289"
Evaluating: 7.04617289-3.5
 Parameter: YMIN <- "3.54617289"
  
 CHARMM>            calc zmin = ?zmin - @dcut
 Parameter: DCUT -> "3.5"
 RDCMND substituted energy or value "?ZMIN" to "37.4665102"
Evaluating: 37.4665102-3.5
 Parameter: ZMIN <- "33.9665102"
  
 CHARMM>     
  
 CHARMM>            define JUNK sele .not. target .and. -
 CHARMM>                             prop X .lt. @xmax .and. prop X .gt. @xmin .and. -
 CHARMM>                             prop Y .lt. @ymax .and. prop Y .gt. @ymin .and. -
 CHARMM>                             prop Z .lt. @zmax .and. prop Z .gt. @zmin  end
 Parameter: XMAX -> "-27.4129375"
 Parameter: XMIN -> "-34.4129375"
 Parameter: YMAX -> "10.5461729"
 Parameter: YMIN -> "3.54617289"
 Parameter: ZMAX -> "40.9665102"
 Parameter: ZMIN -> "33.9665102"
 SELRPN>      0 atoms have been selected out of  22374
  
 CHARMM>     
  
 CHARMM>            ! check if the ions are too close to protein
  
 CHARMM>            define XXX sele PROT end
 SELRPN>      0 atoms have been selected out of  22374
  
 CHARMM>            if ?nsel .gt. 0 then
 RDCMND substituted energy or value "?NSEL" to "0"
 Comparing "0" and "0".
 IF test evaluated as false.  Skip to ELSE or ENDIF
  
 CHARMM>     
  
 CHARMM>            ! check if the ions are too close to solute
  
 CHARMM>            coor dist cut 4.0 sele target end sele JUNK .and. .not. hydrogen end image
 SELRPN>      1 atoms have been selected out of  34208
 SELRPN>      0 atoms have been selected out of  34208

            DISTANCES FOR SELECTED ATOMS
            ONLY ONE SELECTION SET SPECIFIED, A COMPARISON WILL BE DONE
 TOTAL EXCLUSION COUNT =         0
 TOTAL 1-4 EXCLUSIONS  =         0
 TOTAL NON-EXCLUSIONS  =         0
  
 CHARMM>            if ?npair .gt. 0 goto doinit
 RDCMND substituted energy or value "?NPAIR" to "0"
 Comparing "0" and "0".
 IF test evaluated as false.  Skipping command
  
 CHARMM>     
  
 CHARMM>            calc cntrand = 0
Evaluating: 0
 Parameter: CNTRAND <- "0"
  
 CHARMM>            increase i by 1
 Parameter: I <- "18"
  
 CHARMM>            if i .le. @nion goto doinit
 Parameter: NION -> "54"
 Comparing "18" and "54".
 IF test evaluated as true.  Performing command
  
 CHARMM>     
  
 CHARMM>            calc cntrand = @cntrand + 1
 Parameter: CNTRAND -> "0"
Evaluating: 0+1
 Parameter: CNTRAND <- "1"
  
 CHARMM>            if cntrand .gt. 100 stop ! ABNORMAL TERMINATION: ion placing may not work.. stop here
 Comparing "1" and "100".
 IF test evaluated as false.  Skipping command
  
 CHARMM>     
  
 CHARMM>            calc j = @i
 Parameter: I -> "18"
Evaluating: 18
 Parameter: J <- "18"
  
 CHARMM>            set ion = POS
 Parameter: ION <- "POS"
  
 CHARMM>     
  
 CHARMM>            if j .gt. @npos then
 Parameter: NPOS -> "37"
 Comparing "18" and "37".
 IF test evaluated as false.  Skip to ELSE or ENDIF
  
 CHARMM>     
  
 CHARMM>            define target select segid @ion .and. resid @j end
 Parameter: ION -> "POS"
 Parameter: J -> "18"
 SELRPN>      1 atoms have been selected out of  22374
  
 CHARMM>     
  
 CHARMM>            calc xpos = @A * ( ?random - 0.5 )
 Parameter: A -> "73.4166194"
 RDCMND substituted energy or value "?RANDOM" to "0.147621361"
Evaluating: 73.4166194*(0.147621361-0.5)
 Parameter: XPOS <- "-25.8704484"
  
 CHARMM>            calc ypos = @B * ( ?random - 0.5 )
 Parameter: B -> "73.4166194"
 RDCMND substituted energy or value "?RANDOM" to "0.805522166"
Evaluating: 73.4166194*(0.805522166-0.5)
 Parameter: YPOS <- "22.4304046"
  
 CHARMM>            calc zpos = @C * ( ?random - 0.5 ) + @zcen
 Parameter: C -> "85"
 Parameter: ZCEN -> "0"
 RDCMND substituted energy or value "?RANDOM" to "0.216720907"
Evaluating: 85*(0.216720907-0.5)+0
 Parameter: ZPOS <- "-24.0787229"
  
 CHARMM>     
  
 CHARMM>            if zpos .gt. -15 if zpos .lt. 15 goto doinit
 Comparing "-24.0787229" and "-15".
 IF test evaluated as false.  Skipping command
  
 CHARMM>     
  
 CHARMM>            ! move target to selected position
  
 CHARMM>            coor stat select target end
 SELRPN>      1 atoms have been selected out of  22374
 STATISTICS FOR         1 SELECTED ATOMS:
    XMIN =    0.000000 XMAX =    0.000000 XAVE =    0.000000
    YMIN =    0.000000 YMAX =    0.000000 YAVE =    0.000000
    ZMIN =    0.000000 ZMAX =    0.000000 ZAVE =    0.000000
    WMIN =    1.000000 WMAX =    1.000000 WAVE =    1.000000
  
 CHARMM>            calc xtran = @xpos - ?xave
 Parameter: XPOS -> "-25.8704484"
 RDCMND substituted energy or value "?XAVE" to "0"
Evaluating: -25.8704484-0
 Parameter: XTRAN <- "-25.8704484"
  
 CHARMM>            calc ytran = @ypos - ?yave
 Parameter: YPOS -> "22.4304046"
 RDCMND substituted energy or value "?YAVE" to "0"
Evaluating: 22.4304046-0
 Parameter: YTRAN <- "22.4304046"
  
 CHARMM>            calc ztran = @zpos - ?zave
 Parameter: ZPOS -> "-24.0787229"
 RDCMND substituted energy or value "?ZAVE" to "0"
Evaluating: -24.0787229-0
 Parameter: ZTRAN <- "-24.0787229"
  
 CHARMM>            coor trans xdir @xtran ydir @ytran zdir @ztran select target end
 Parameter: XTRAN -> "-25.8704484"
 Parameter: YTRAN -> "22.4304046"
 Parameter: ZTRAN -> "-24.0787229"
 SELRPN>      1 atoms have been selected out of  22374
 TRANSLATION VECTOR   -25.870448   22.430405  -24.078723
 SELECTED COORDINATES TRANSLATED IN THE MAIN SET.

  
 CHARMM>     
  
 CHARMM>            ! apply a random rotation along XYZ
  
 CHARMM>            calc xphi = ?random * 360.0
 RDCMND substituted energy or value "?RANDOM" to "0.859233299"
Evaluating: 0.859233299*360.0
 Parameter: XPHI <- "309.323988"
  
 CHARMM>            calc yphi = ?random * 360.0
 RDCMND substituted energy or value "?RANDOM" to "0.729265087"
Evaluating: 0.729265087*360.0
 Parameter: YPHI <- "262.535431"
  
 CHARMM>            calc zphi = ?random * 360.0
 RDCMND substituted energy or value "?RANDOM" to "0.17403592"
Evaluating: 0.17403592*360.0
 Parameter: ZPHI <- "62.6529312"
  
 CHARMM>            coor rotate xcen @xpos ycen @ypos zcen @zpos xdir 1.0 -
 CHARMM>                phi @xphi select target end
 Parameter: XPOS -> "-25.8704484"
 Parameter: YPOS -> "22.4304046"
 Parameter: ZPOS -> "-24.0787229"
 Parameter: XPHI -> "309.323988"
 SELRPN>      1 atoms have been selected out of  22374
 ROTATION MATRIX
    1.000000    0.000000    0.000000
    0.000000    0.633705   -0.773575
    0.000000    0.773575    0.633705

 AXIS OF ROTATION IS -1.000000  0.000000  0.000000  ANGLE IS   50.68

 SELECTED COORDINATES ROTATED IN THE MAIN SET.

  
 CHARMM>            coor rotate xcen @xpos ycen @ypos zcen @zpos ydir 1.0 -
 CHARMM>                phi @yphi select target end
 Parameter: XPOS -> "-25.8704484"
 Parameter: YPOS -> "22.4304046"
 Parameter: ZPOS -> "-24.0787229"
 Parameter: YPHI -> "262.535431"
 SELRPN>      1 atoms have been selected out of  22374
 ROTATION MATRIX
   -0.129913    0.000000    0.991525
    0.000000    1.000000    0.000000
   -0.991525    0.000000   -0.129913

 AXIS OF ROTATION IS  0.000000 -1.000000  0.000000  ANGLE IS   97.46

 SELECTED COORDINATES ROTATED IN THE MAIN SET.

  
 CHARMM>            coor rotate xcen @xpos ycen @ypos zcen @zpos zdir 1.0 -
 CHARMM>                phi @zphi select target end
 Parameter: XPOS -> "-25.8704484"
 Parameter: YPOS -> "22.4304046"
 Parameter: ZPOS -> "-24.0787229"
 Parameter: ZPHI -> "62.6529312"
 SELRPN>      1 atoms have been selected out of  22374
 ROTATION MATRIX
    0.459379    0.888240    0.000000
   -0.888240    0.459379    0.000000
    0.000000    0.000000    1.000000

 AXIS OF ROTATION IS  0.000000  0.000000  1.000000  ANGLE IS   62.65

 SELECTED COORDINATES ROTATED IN THE MAIN SET.

  
 CHARMM>     
  
 CHARMM>     
  
 CHARMM>            calc dcut = 3.5
Evaluating: 3.5
 Parameter: DCUT <- "3.5"
  
 CHARMM>     
  
 CHARMM>            coor stat sele target end
 SELRPN>      1 atoms have been selected out of  22374
 STATISTICS FOR         1 SELECTED ATOMS:
    XMIN =  -25.870448 XMAX =  -25.870448 XAVE =  -25.870448
    YMIN =   22.430405 YMAX =   22.430405 YAVE =   22.430405
    ZMIN =  -24.078723 ZMAX =  -24.078723 ZAVE =  -24.078723
    WMIN =    1.000000 WMAX =    1.000000 WAVE =    1.000000
  
 CHARMM>            calc xmax = ?xmax + @dcut
 Parameter: DCUT -> "3.5"
 RDCMND substituted energy or value "?XMAX" to "-25.8704484"
Evaluating: -25.8704484+3.5
 Parameter: XMAX <- "-22.3704484"
  
 CHARMM>            calc ymax = ?ymax + @dcut
 Parameter: DCUT -> "3.5"
 RDCMND substituted energy or value "?YMAX" to "22.4304046"
Evaluating: 22.4304046+3.5
 Parameter: YMAX <- "25.9304046"
  
 CHARMM>            calc zmax = ?zmax + @dcut
 Parameter: DCUT -> "3.5"
 RDCMND substituted energy or value "?ZMAX" to "-24.0787229"
Evaluating: -24.0787229+3.5
 Parameter: ZMAX <- "-20.5787229"
  
 CHARMM>            calc xmin = ?xmin - @dcut
 Parameter: DCUT -> "3.5"
 RDCMND substituted energy or value "?XMIN" to "-25.8704484"
Evaluating: -25.8704484-3.5
 Parameter: XMIN <- "-29.3704484"
  
 CHARMM>            calc ymin = ?ymin - @dcut
 Parameter: DCUT -> "3.5"
 RDCMND substituted energy or value "?YMIN" to "22.4304046"
Evaluating: 22.4304046-3.5
 Parameter: YMIN <- "18.9304046"
  
 CHARMM>            calc zmin = ?zmin - @dcut
 Parameter: DCUT -> "3.5"
 RDCMND substituted energy or value "?ZMIN" to "-24.0787229"
Evaluating: -24.0787229-3.5
 Parameter: ZMIN <- "-27.5787229"
  
 CHARMM>     
  
 CHARMM>            define JUNK sele .not. target .and. -
 CHARMM>                             prop X .lt. @xmax .and. prop X .gt. @xmin .and. -
 CHARMM>                             prop Y .lt. @ymax .and. prop Y .gt. @ymin .and. -
 CHARMM>                             prop Z .lt. @zmax .and. prop Z .gt. @zmin  end
 Parameter: XMAX -> "-22.3704484"
 Parameter: XMIN -> "-29.3704484"
 Parameter: YMAX -> "25.9304046"
 Parameter: YMIN -> "18.9304046"
 Parameter: ZMAX -> "-20.5787229"
 Parameter: ZMIN -> "-27.5787229"
 SELRPN>     18 atoms have been selected out of  22374
  
 CHARMM>     
  
 CHARMM>            ! check if the ions are too close to protein
  
 CHARMM>            define XXX sele PROT end
 SELRPN>      0 atoms have been selected out of  22374
  
 CHARMM>            if ?nsel .gt. 0 then
 RDCMND substituted energy or value "?NSEL" to "0"
 Comparing "0" and "0".
 IF test evaluated as false.  Skip to ELSE or ENDIF
  
 CHARMM>     
  
 CHARMM>            ! check if the ions are too close to solute
  
 CHARMM>            coor dist cut 4.0 sele target end sele JUNK .and. .not. hydrogen end image
 SELRPN>      1 atoms have been selected out of  34208
 SELRPN>     10 atoms have been selected out of  34208

            DISTANCES FOR SELECTED ATOMS
22338 POS      SOD      18       SOD     -**** MEMB     SAPI     154      C12           1.5990
22338 POS      SOD      18       SOD     -**** MEMB     SAPI     154      O2            1.0045
22338 POS      SOD      18       SOD     -**** MEMB     SAPI     154      C13           2.1388
22338 POS      SOD      18       SOD     -**** MEMB     SAPI     154      O3            2.0076
22338 POS      SOD      18       SOD     -**** MEMB     SAPI     154      C14           2.9656
22338 POS      SOD      18       SOD     -**** MEMB     SAPI     154      C15           3.9494
22338 POS      SOD      18       SOD     -**** MEMB     SAPI     154      C11           3.0333
22338 POS      SOD      18       SOD     -**** MEMB     SAPI     154      O12           3.5822
 TOTAL EXCLUSION COUNT =         0
 TOTAL 1-4 EXCLUSIONS  =         0
 TOTAL NON-EXCLUSIONS  =         8
  
 CHARMM>            if ?npair .gt. 0 goto doinit
 RDCMND substituted energy or value "?NPAIR" to "8"
 Comparing "8" and "0".
 IF test evaluated as true.  Performing command
  
 CHARMM>     
  
 CHARMM>            calc cntrand = @cntrand + 1
 Parameter: CNTRAND -> "1"
Evaluating: 1+1
 Parameter: CNTRAND <- "2"
  
 CHARMM>            if cntrand .gt. 100 stop ! ABNORMAL TERMINATION: ion placing may not work.. stop here
 Comparing "2" and "100".
 IF test evaluated as false.  Skipping command
  
 CHARMM>     
  
 CHARMM>            calc j = @i
 Parameter: I -> "18"
Evaluating: 18
 Parameter: J <- "18"
  
 CHARMM>            set ion = POS
 Parameter: ION <- "POS"
  
 CHARMM>     
  
 CHARMM>            if j .gt. @npos then
 Parameter: NPOS -> "37"
 Comparing "18" and "37".
 IF test evaluated as false.  Skip to ELSE or ENDIF
  
 CHARMM>     
  
 CHARMM>            define target select segid @ion .and. resid @j end
 Parameter: ION -> "POS"
 Parameter: J -> "18"
 SELRPN>      1 atoms have been selected out of  22374
  
 CHARMM>     
  
 CHARMM>            calc xpos = @A * ( ?random - 0.5 )
 Parameter: A -> "73.4166194"
 RDCMND substituted energy or value "?RANDOM" to "0.321772139"
Evaluating: 73.4166194*(0.321772139-0.5)
 Parameter: XPOS <- "-13.084887"
  
 CHARMM>            calc ypos = @B * ( ?random - 0.5 )
 Parameter: B -> "73.4166194"
 RDCMND substituted energy or value "?RANDOM" to "0.337875094"
Evaluating: 73.4166194*(0.337875094-0.5)
 Parameter: YPOS <- "-11.9026625"
  
 CHARMM>            calc zpos = @C * ( ?random - 0.5 ) + @zcen
 Parameter: C -> "85"
 Parameter: ZCEN -> "0"
 RDCMND substituted energy or value "?RANDOM" to "0.888864706"
Evaluating: 85*(0.888864706-0.5)+0
 Parameter: ZPOS <- "33.0535"
  
 CHARMM>     
  
 CHARMM>            if zpos .gt. -15 if zpos .lt. 15 goto doinit
 Comparing "33.0535" and "-15".
 IF test evaluated as true.  Performing command
 Comparing "33.0535" and "15".
 IF test evaluated as false.  Skipping command
  
 CHARMM>     
  
 CHARMM>            ! move target to selected position
  
 CHARMM>            coor stat select target end
 SELRPN>      1 atoms have been selected out of  22374
 STATISTICS FOR         1 SELECTED ATOMS:
    XMIN =  -25.870448 XMAX =  -25.870448 XAVE =  -25.870448
    YMIN =   22.430405 YMAX =   22.430405 YAVE =   22.430405
    ZMIN =  -24.078723 ZMAX =  -24.078723 ZAVE =  -24.078723
    WMIN =    1.000000 WMAX =    1.000000 WAVE =    1.000000
  
 CHARMM>            calc xtran = @xpos - ?xave
 Parameter: XPOS -> "-13.084887"
 RDCMND substituted energy or value "?XAVE" to "-25.8704484"
Evaluating: -13.084887--25.8704484
 Parameter: XTRAN <- "12.7855614"
  
 CHARMM>            calc ytran = @ypos - ?yave
 Parameter: YPOS -> "-11.9026625"
 RDCMND substituted energy or value "?YAVE" to "22.4304046"
Evaluating: -11.9026625-22.4304046
 Parameter: YTRAN <- "-34.3330671"
  
 CHARMM>            calc ztran = @zpos - ?zave
 Parameter: ZPOS -> "33.0535"
 RDCMND substituted energy or value "?ZAVE" to "-24.0787229"
Evaluating: 33.0535--24.0787229
 Parameter: ZTRAN <- "57.1322229"
  
 CHARMM>            coor trans xdir @xtran ydir @ytran zdir @ztran select target end
 Parameter: XTRAN -> "12.7855614"
 Parameter: YTRAN -> "-34.3330671"
 Parameter: ZTRAN -> "57.1322229"
 SELRPN>      1 atoms have been selected out of  22374
 TRANSLATION VECTOR    12.785561  -34.333067   57.132223
 SELECTED COORDINATES TRANSLATED IN THE MAIN SET.

  
 CHARMM>     
  
 CHARMM>            ! apply a random rotation along XYZ
  
 CHARMM>            calc xphi = ?random * 360.0
 RDCMND substituted energy or value "?RANDOM" to "2.830891729E-02"
Evaluating: 2.830891729E-02*360.0
 Parameter: XPHI <- "10.1912102"
  
 CHARMM>            calc yphi = ?random * 360.0
 RDCMND substituted energy or value "?RANDOM" to "0.846624944"
Evaluating: 0.846624944*360.0
 Parameter: YPHI <- "304.78498"
  
 CHARMM>            calc zphi = ?random * 360.0
 RDCMND substituted energy or value "?RANDOM" to "0.367750743"
Evaluating: 0.367750743*360.0
 Parameter: ZPHI <- "132.390267"
  
 CHARMM>            coor rotate xcen @xpos ycen @ypos zcen @zpos xdir 1.0 -
 CHARMM>                phi @xphi select target end
 Parameter: XPOS -> "-13.084887"
 Parameter: YPOS -> "-11.9026625"
 Parameter: ZPOS -> "33.0535"
 Parameter: XPHI -> "10.1912102"
 SELRPN>      1 atoms have been selected out of  22374
 ROTATION MATRIX
    1.000000    0.000000    0.000000
    0.000000    0.984223    0.176934
    0.000000   -0.176934    0.984223

 AXIS OF ROTATION IS  1.000000  0.000000  0.000000  ANGLE IS   10.19

 SELECTED COORDINATES ROTATED IN THE MAIN SET.

  
 CHARMM>            coor rotate xcen @xpos ycen @ypos zcen @zpos ydir 1.0 -
 CHARMM>                phi @yphi select target end
 Parameter: XPOS -> "-13.084887"
 Parameter: YPOS -> "-11.9026625"
 Parameter: ZPOS -> "33.0535"
 Parameter: YPHI -> "304.78498"
 SELRPN>      1 atoms have been selected out of  22374
 ROTATION MATRIX
    0.570498    0.000000    0.821299
    0.000000    1.000000    0.000000
   -0.821299    0.000000    0.570498

 AXIS OF ROTATION IS  0.000000 -1.000000  0.000000  ANGLE IS   55.22

 SELECTED COORDINATES ROTATED IN THE MAIN SET.

  
 CHARMM>            coor rotate xcen @xpos ycen @ypos zcen @zpos zdir 1.0 -
 CHARMM>                phi @zphi select target end
 Parameter: XPOS -> "-13.084887"
 Parameter: YPOS -> "-11.9026625"
 Parameter: ZPOS -> "33.0535"
 Parameter: ZPHI -> "132.390267"
 SELRPN>      1 atoms have been selected out of  22374
 ROTATION MATRIX
   -0.674177    0.738570    0.000000
   -0.738570   -0.674177    0.000000
    0.000000    0.000000    1.000000

 AXIS OF ROTATION IS  0.000000  0.000000  1.000000  ANGLE IS  132.39

 SELECTED COORDINATES ROTATED IN THE MAIN SET.

  
 CHARMM>     
  
 CHARMM>     
  
 CHARMM>            calc dcut = 3.5
Evaluating: 3.5
 Parameter: DCUT <- "3.5"
  
 CHARMM>     
  
 CHARMM>            coor stat sele target end
 SELRPN>      1 atoms have been selected out of  22374
 STATISTICS FOR         1 SELECTED ATOMS:
    XMIN =  -13.084887 XMAX =  -13.084887 XAVE =  -13.084887
    YMIN =  -11.902662 YMAX =  -11.902662 YAVE =  -11.902662
    ZMIN =   33.053500 ZMAX =   33.053500 ZAVE =   33.053500
    WMIN =    1.000000 WMAX =    1.000000 WAVE =    1.000000
  
 CHARMM>            calc xmax = ?xmax + @dcut
 Parameter: DCUT -> "3.5"
 RDCMND substituted energy or value "?XMAX" to "-13.084887"
Evaluating: -13.084887+3.5
 Parameter: XMAX <- "-9.584887"
  
 CHARMM>            calc ymax = ?ymax + @dcut
 Parameter: DCUT -> "3.5"
 RDCMND substituted energy or value "?YMAX" to "-11.9026625"
Evaluating: -11.9026625+3.5
 Parameter: YMAX <- "-8.4026625"
  
 CHARMM>            calc zmax = ?zmax + @dcut
 Parameter: DCUT -> "3.5"
 RDCMND substituted energy or value "?ZMAX" to "33.0535"
Evaluating: 33.0535+3.5
 Parameter: ZMAX <- "36.5535"
  
 CHARMM>            calc xmin = ?xmin - @dcut
 Parameter: DCUT -> "3.5"
 RDCMND substituted energy or value "?XMIN" to "-13.084887"
Evaluating: -13.084887-3.5
 Parameter: XMIN <- "-16.584887"
  
 CHARMM>            calc ymin = ?ymin - @dcut
 Parameter: DCUT -> "3.5"
 RDCMND substituted energy or value "?YMIN" to "-11.9026625"
Evaluating: -11.9026625-3.5
 Parameter: YMIN <- "-15.4026625"
  
 CHARMM>            calc zmin = ?zmin - @dcut
 Parameter: DCUT -> "3.5"
 RDCMND substituted energy or value "?ZMIN" to "33.0535"
Evaluating: 33.0535-3.5
 Parameter: ZMIN <- "29.5535"
  
 CHARMM>     
  
 CHARMM>            define JUNK sele .not. target .and. -
 CHARMM>                             prop X .lt. @xmax .and. prop X .gt. @xmin .and. -
 CHARMM>                             prop Y .lt. @ymax .and. prop Y .gt. @ymin .and. -
 CHARMM>                             prop Z .lt. @zmax .and. prop Z .gt. @zmin  end
 Parameter: XMAX -> "-9.584887"
 Parameter: XMIN -> "-16.584887"
 Parameter: YMAX -> "-8.4026625"
 Parameter: YMIN -> "-15.4026625"
 Parameter: ZMAX -> "36.5535"
 Parameter: ZMIN -> "29.5535"
 SELRPN>      0 atoms have been selected out of  22374
  
 CHARMM>     
  
 CHARMM>            ! check if the ions are too close to protein
  
 CHARMM>            define XXX sele PROT end
 SELRPN>      0 atoms have been selected out of  22374
  
 CHARMM>            if ?nsel .gt. 0 then
 RDCMND substituted energy or value "?NSEL" to "0"
 Comparing "0" and "0".
 IF test evaluated as false.  Skip to ELSE or ENDIF
  
 CHARMM>     
  
 CHARMM>            ! check if the ions are too close to solute
  
 CHARMM>            coor dist cut 4.0 sele target end sele JUNK .and. .not. hydrogen end image
 SELRPN>      1 atoms have been selected out of  34208
 SELRPN>      0 atoms have been selected out of  34208

            DISTANCES FOR SELECTED ATOMS
            ONLY ONE SELECTION SET SPECIFIED, A COMPARISON WILL BE DONE
 TOTAL EXCLUSION COUNT =         0
 TOTAL 1-4 EXCLUSIONS  =         0
 TOTAL NON-EXCLUSIONS  =         0
  
 CHARMM>            if ?npair .gt. 0 goto doinit
 RDCMND substituted energy or value "?NPAIR" to "0"
 Comparing "0" and "0".
 IF test evaluated as false.  Skipping command
  
 CHARMM>     
  
 CHARMM>            calc cntrand = 0
Evaluating: 0
 Parameter: CNTRAND <- "0"
  
 CHARMM>            increase i by 1
 Parameter: I <- "19"
  
 CHARMM>            if i .le. @nion goto doinit
 Parameter: NION -> "54"
 Comparing "19" and "54".
 IF test evaluated as true.  Performing command
  
 CHARMM>     
  
 CHARMM>            calc cntrand = @cntrand + 1
 Parameter: CNTRAND -> "0"
Evaluating: 0+1
 Parameter: CNTRAND <- "1"
  
 CHARMM>            if cntrand .gt. 100 stop ! ABNORMAL TERMINATION: ion placing may not work.. stop here
 Comparing "1" and "100".
 IF test evaluated as false.  Skipping command
  
 CHARMM>     
  
 CHARMM>            calc j = @i
 Parameter: I -> "19"
Evaluating: 19
 Parameter: J <- "19"
  
 CHARMM>            set ion = POS
 Parameter: ION <- "POS"
  
 CHARMM>     
  
 CHARMM>            if j .gt. @npos then
 Parameter: NPOS -> "37"
 Comparing "19" and "37".
 IF test evaluated as false.  Skip to ELSE or ENDIF
  
 CHARMM>     
  
 CHARMM>            define target select segid @ion .and. resid @j end
 Parameter: ION -> "POS"
 Parameter: J -> "19"
 SELRPN>      1 atoms have been selected out of  22374
  
 CHARMM>     
  
 CHARMM>            calc xpos = @A * ( ?random - 0.5 )
 Parameter: A -> "73.4166194"
 RDCMND substituted energy or value "?RANDOM" to "0.148259669"
Evaluating: 73.4166194*(0.148259669-0.5)
 Parameter: XPOS <- "-25.823586"
  
 CHARMM>            calc ypos = @B * ( ?random - 0.5 )
 Parameter: B -> "73.4166194"
 RDCMND substituted energy or value "?RANDOM" to "3.071538702E-02"
Evaluating: 73.4166194*(3.071538702E-02-0.5)
 Parameter: YPOS <- "-34.4532898"
  
 CHARMM>            calc zpos = @C * ( ?random - 0.5 ) + @zcen
 Parameter: C -> "85"
 Parameter: ZCEN -> "0"
 RDCMND substituted energy or value "?RANDOM" to "0.995447007"
Evaluating: 85*(0.995447007-0.5)+0
 Parameter: ZPOS <- "42.1129956"
  
 CHARMM>     
  
 CHARMM>            if zpos .gt. -15 if zpos .lt. 15 goto doinit
 Comparing "42.1129956" and "-15".
 IF test evaluated as true.  Performing command
 Comparing "42.1129956" and "15".
 IF test evaluated as false.  Skipping command
  
 CHARMM>     
  
 CHARMM>            ! move target to selected position
  
 CHARMM>            coor stat select target end
 SELRPN>      1 atoms have been selected out of  22374
 STATISTICS FOR         1 SELECTED ATOMS:
    XMIN =    0.000000 XMAX =    0.000000 XAVE =    0.000000
    YMIN =    0.000000 YMAX =    0.000000 YAVE =    0.000000
    ZMIN =    0.000000 ZMAX =    0.000000 ZAVE =    0.000000
    WMIN =    1.000000 WMAX =    1.000000 WAVE =    1.000000
  
 CHARMM>            calc xtran = @xpos - ?xave
 Parameter: XPOS -> "-25.823586"
 RDCMND substituted energy or value "?XAVE" to "0"
Evaluating: -25.823586-0
 Parameter: XTRAN <- "-25.823586"
  
 CHARMM>            calc ytran = @ypos - ?yave
 Parameter: YPOS -> "-34.4532898"
 RDCMND substituted energy or value "?YAVE" to "0"
Evaluating: -34.4532898-0
 Parameter: YTRAN <- "-34.4532898"
  
 CHARMM>            calc ztran = @zpos - ?zave
 Parameter: ZPOS -> "42.1129956"
 RDCMND substituted energy or value "?ZAVE" to "0"
Evaluating: 42.1129956-0
 Parameter: ZTRAN <- "42.1129956"
  
 CHARMM>            coor trans xdir @xtran ydir @ytran zdir @ztran select target end
 Parameter: XTRAN -> "-25.823586"
 Parameter: YTRAN -> "-34.4532898"
 Parameter: ZTRAN -> "42.1129956"
 SELRPN>      1 atoms have been selected out of  22374
 TRANSLATION VECTOR   -25.823586  -34.453290   42.112996
 SELECTED COORDINATES TRANSLATED IN THE MAIN SET.

  
 CHARMM>     
  
 CHARMM>            ! apply a random rotation along XYZ
  
 CHARMM>            calc xphi = ?random * 360.0
 RDCMND substituted energy or value "?RANDOM" to "0.603689429"
Evaluating: 0.603689429*360.0
 Parameter: XPHI <- "217.328194"
  
 CHARMM>            calc yphi = ?random * 360.0
 RDCMND substituted energy or value "?RANDOM" to "0.604130849"
Evaluating: 0.604130849*360.0
 Parameter: YPHI <- "217.487106"
  
 CHARMM>            calc zphi = ?random * 360.0
 RDCMND substituted energy or value "?RANDOM" to "0.559829829"
Evaluating: 0.559829829*360.0
 Parameter: ZPHI <- "201.538738"
  
 CHARMM>            coor rotate xcen @xpos ycen @ypos zcen @zpos xdir 1.0 -
 CHARMM>                phi @xphi select target end
 Parameter: XPOS -> "-25.823586"
 Parameter: YPOS -> "-34.4532898"
 Parameter: ZPOS -> "42.1129956"
 Parameter: XPHI -> "217.328194"
 SELRPN>      1 atoms have been selected out of  22374
 ROTATION MATRIX
    1.000000    0.000000    0.000000
    0.000000   -0.795175   -0.606380
    0.000000    0.606380   -0.795175

 AXIS OF ROTATION IS -1.000000  0.000000  0.000000  ANGLE IS  142.67

 SELECTED COORDINATES ROTATED IN THE MAIN SET.

  
 CHARMM>            coor rotate xcen @xpos ycen @ypos zcen @zpos ydir 1.0 -
 CHARMM>                phi @yphi select target end
 Parameter: XPOS -> "-25.823586"
 Parameter: YPOS -> "-34.4532898"
 Parameter: ZPOS -> "42.1129956"
 Parameter: YPHI -> "217.487106"
 SELRPN>      1 atoms have been selected out of  22374
 ROTATION MATRIX
   -0.793490    0.000000    0.608583
    0.000000    1.000000    0.000000
   -0.608583    0.000000   -0.793490

 AXIS OF ROTATION IS  0.000000 -1.000000  0.000000  ANGLE IS  142.51

 SELECTED COORDINATES ROTATED IN THE MAIN SET.

  
 CHARMM>            coor rotate xcen @xpos ycen @ypos zcen @zpos zdir 1.0 -
 CHARMM>                phi @zphi select target end
 Parameter: XPOS -> "-25.823586"
 Parameter: YPOS -> "-34.4532898"
 Parameter: ZPOS -> "42.1129956"
 Parameter: ZPHI -> "201.538738"
 SELRPN>      1 atoms have been selected out of  22374
 ROTATION MATRIX
   -0.930170   -0.367130    0.000000
    0.367130   -0.930170    0.000000
    0.000000    0.000000    1.000000

 AXIS OF ROTATION IS  0.000000  0.000000 -1.000000  ANGLE IS  158.46

 SELECTED COORDINATES ROTATED IN THE MAIN SET.

  
 CHARMM>     
  
 CHARMM>     
  
 CHARMM>            calc dcut = 3.5
Evaluating: 3.5
 Parameter: DCUT <- "3.5"
  
 CHARMM>     
  
 CHARMM>            coor stat sele target end
 SELRPN>      1 atoms have been selected out of  22374
 STATISTICS FOR         1 SELECTED ATOMS:
    XMIN =  -25.823586 XMAX =  -25.823586 XAVE =  -25.823586
    YMIN =  -34.453290 YMAX =  -34.453290 YAVE =  -34.453290
    ZMIN =   42.112996 ZMAX =   42.112996 ZAVE =   42.112996
    WMIN =    1.000000 WMAX =    1.000000 WAVE =    1.000000
  
 CHARMM>            calc xmax = ?xmax + @dcut
 Parameter: DCUT -> "3.5"
 RDCMND substituted energy or value "?XMAX" to "-25.823586"
Evaluating: -25.823586+3.5
 Parameter: XMAX <- "-22.323586"
  
 CHARMM>            calc ymax = ?ymax + @dcut
 Parameter: DCUT -> "3.5"
 RDCMND substituted energy or value "?YMAX" to "-34.4532898"
Evaluating: -34.4532898+3.5
 Parameter: YMAX <- "-30.9532898"
  
 CHARMM>            calc zmax = ?zmax + @dcut
 Parameter: DCUT -> "3.5"
 RDCMND substituted energy or value "?ZMAX" to "42.1129956"
Evaluating: 42.1129956+3.5
 Parameter: ZMAX <- "45.6129956"
  
 CHARMM>            calc xmin = ?xmin - @dcut
 Parameter: DCUT -> "3.5"
 RDCMND substituted energy or value "?XMIN" to "-25.823586"
Evaluating: -25.823586-3.5
 Parameter: XMIN <- "-29.323586"
  
 CHARMM>            calc ymin = ?ymin - @dcut
 Parameter: DCUT -> "3.5"
 RDCMND substituted energy or value "?YMIN" to "-34.4532898"
Evaluating: -34.4532898-3.5
 Parameter: YMIN <- "-37.9532898"
  
 CHARMM>            calc zmin = ?zmin - @dcut
 Parameter: DCUT -> "3.5"
 RDCMND substituted energy or value "?ZMIN" to "42.1129956"
Evaluating: 42.1129956-3.5
 Parameter: ZMIN <- "38.6129956"
  
 CHARMM>     
  
 CHARMM>            define JUNK sele .not. target .and. -
 CHARMM>                             prop X .lt. @xmax .and. prop X .gt. @xmin .and. -
 CHARMM>                             prop Y .lt. @ymax .and. prop Y .gt. @ymin .and. -
 CHARMM>                             prop Z .lt. @zmax .and. prop Z .gt. @zmin  end
 Parameter: XMAX -> "-22.323586"
 Parameter: XMIN -> "-29.323586"
 Parameter: YMAX -> "-30.9532898"
 Parameter: YMIN -> "-37.9532898"
 Parameter: ZMAX -> "45.6129956"
 Parameter: ZMIN -> "38.6129956"
 SELRPN>      0 atoms have been selected out of  22374
  
 CHARMM>     
  
 CHARMM>            ! check if the ions are too close to protein
  
 CHARMM>            define XXX sele PROT end
 SELRPN>      0 atoms have been selected out of  22374
  
 CHARMM>            if ?nsel .gt. 0 then
 RDCMND substituted energy or value "?NSEL" to "0"
 Comparing "0" and "0".
 IF test evaluated as false.  Skip to ELSE or ENDIF
  
 CHARMM>     
  
 CHARMM>            ! check if the ions are too close to solute
  
 CHARMM>            coor dist cut 4.0 sele target end sele JUNK .and. .not. hydrogen end image
 SELRPN>      1 atoms have been selected out of  34208
 SELRPN>      0 atoms have been selected out of  34208

            DISTANCES FOR SELECTED ATOMS
            ONLY ONE SELECTION SET SPECIFIED, A COMPARISON WILL BE DONE
 TOTAL EXCLUSION COUNT =         0
 TOTAL 1-4 EXCLUSIONS  =         0
 TOTAL NON-EXCLUSIONS  =         0
  
 CHARMM>            if ?npair .gt. 0 goto doinit
 RDCMND substituted energy or value "?NPAIR" to "0"
 Comparing "0" and "0".
 IF test evaluated as false.  Skipping command
  
 CHARMM>     
  
 CHARMM>            calc cntrand = 0
Evaluating: 0
 Parameter: CNTRAND <- "0"
  
 CHARMM>            increase i by 1
 Parameter: I <- "20"
  
 CHARMM>            if i .le. @nion goto doinit
 Parameter: NION -> "54"
 Comparing "20" and "54".
 IF test evaluated as true.  Performing command
  
 CHARMM>     
  
 CHARMM>            calc cntrand = @cntrand + 1
 Parameter: CNTRAND -> "0"
Evaluating: 0+1
 Parameter: CNTRAND <- "1"
  
 CHARMM>            if cntrand .gt. 100 stop ! ABNORMAL TERMINATION: ion placing may not work.. stop here
 Comparing "1" and "100".
 IF test evaluated as false.  Skipping command
  
 CHARMM>     
  
 CHARMM>            calc j = @i
 Parameter: I -> "20"
Evaluating: 20
 Parameter: J <- "20"
  
 CHARMM>            set ion = POS
 Parameter: ION <- "POS"
  
 CHARMM>     
  
 CHARMM>            if j .gt. @npos then
 Parameter: NPOS -> "37"
 Comparing "20" and "37".
 IF test evaluated as false.  Skip to ELSE or ENDIF
  
 CHARMM>     
  
 CHARMM>            define target select segid @ion .and. resid @j end
 Parameter: ION -> "POS"
 Parameter: J -> "20"
 SELRPN>      1 atoms have been selected out of  22374
  
 CHARMM>     
  
 CHARMM>            calc xpos = @A * ( ?random - 0.5 )
 Parameter: A -> "73.4166194"
 RDCMND substituted energy or value "?RANDOM" to "0.641249705"
Evaluating: 73.4166194*(0.641249705-0.5)
 Parameter: XPOS <- "10.3700758"
  
 CHARMM>            calc ypos = @B * ( ?random - 0.5 )
 Parameter: B -> "73.4166194"
 RDCMND substituted energy or value "?RANDOM" to "0.106083437"
Evaluating: 73.4166194*(0.106083437-0.5)
 Parameter: YPOS <- "-28.9200224"
  
 CHARMM>            calc zpos = @C * ( ?random - 0.5 ) + @zcen
 Parameter: C -> "85"
 Parameter: ZCEN -> "0"
 RDCMND substituted energy or value "?RANDOM" to "0.987286573"
Evaluating: 85*(0.987286573-0.5)+0
 Parameter: ZPOS <- "41.4193587"
  
 CHARMM>     
  
 CHARMM>            if zpos .gt. -15 if zpos .lt. 15 goto doinit
 Comparing "41.4193587" and "-15".
 IF test evaluated as true.  Performing command
 Comparing "41.4193587" and "15".
 IF test evaluated as false.  Skipping command
  
 CHARMM>     
  
 CHARMM>            ! move target to selected position
  
 CHARMM>            coor stat select target end
 SELRPN>      1 atoms have been selected out of  22374
 STATISTICS FOR         1 SELECTED ATOMS:
    XMIN =    0.000000 XMAX =    0.000000 XAVE =    0.000000
    YMIN =    0.000000 YMAX =    0.000000 YAVE =    0.000000
    ZMIN =    0.000000 ZMAX =    0.000000 ZAVE =    0.000000
    WMIN =    1.000000 WMAX =    1.000000 WAVE =    1.000000
  
 CHARMM>            calc xtran = @xpos - ?xave
 Parameter: XPOS -> "10.3700758"
 RDCMND substituted energy or value "?XAVE" to "0"
Evaluating: 10.3700758-0
 Parameter: XTRAN <- "10.3700758"
  
 CHARMM>            calc ytran = @ypos - ?yave
 Parameter: YPOS -> "-28.9200224"
 RDCMND substituted energy or value "?YAVE" to "0"
Evaluating: -28.9200224-0
 Parameter: YTRAN <- "-28.9200224"
  
 CHARMM>            calc ztran = @zpos - ?zave
 Parameter: ZPOS -> "41.4193587"
 RDCMND substituted energy or value "?ZAVE" to "0"
Evaluating: 41.4193587-0
 Parameter: ZTRAN <- "41.4193587"
  
 CHARMM>            coor trans xdir @xtran ydir @ytran zdir @ztran select target end
 Parameter: XTRAN -> "10.3700758"
 Parameter: YTRAN -> "-28.9200224"
 Parameter: ZTRAN -> "41.4193587"
 SELRPN>      1 atoms have been selected out of  22374
 TRANSLATION VECTOR    10.370076  -28.920022   41.419359
 SELECTED COORDINATES TRANSLATED IN THE MAIN SET.

  
 CHARMM>     
  
 CHARMM>            ! apply a random rotation along XYZ
  
 CHARMM>            calc xphi = ?random * 360.0
 RDCMND substituted energy or value "?RANDOM" to "0.686474514"
Evaluating: 0.686474514*360.0
 Parameter: XPHI <- "247.130825"
  
 CHARMM>            calc yphi = ?random * 360.0
 RDCMND substituted energy or value "?RANDOM" to "0.357619006"
Evaluating: 0.357619006*360.0
 Parameter: YPHI <- "128.742842"
  
 CHARMM>            calc zphi = ?random * 360.0
 RDCMND substituted energy or value "?RANDOM" to "0.484914975"
Evaluating: 0.484914975*360.0
 Parameter: ZPHI <- "174.569391"
  
 CHARMM>            coor rotate xcen @xpos ycen @ypos zcen @zpos xdir 1.0 -
 CHARMM>                phi @xphi select target end
 Parameter: XPOS -> "10.3700758"
 Parameter: YPOS -> "-28.9200224"
 Parameter: ZPOS -> "41.4193587"
 Parameter: XPHI -> "247.130825"
 SELRPN>      1 atoms have been selected out of  22374
 ROTATION MATRIX
    1.000000    0.000000    0.000000
    0.000000   -0.388628   -0.921395
    0.000000    0.921395   -0.388628

 AXIS OF ROTATION IS -1.000000  0.000000  0.000000  ANGLE IS  112.87

 SELECTED COORDINATES ROTATED IN THE MAIN SET.

  
 CHARMM>            coor rotate xcen @xpos ycen @ypos zcen @zpos ydir 1.0 -
 CHARMM>                phi @yphi select target end
 Parameter: XPOS -> "10.3700758"
 Parameter: YPOS -> "-28.9200224"
 Parameter: ZPOS -> "41.4193587"
 Parameter: YPHI -> "128.742842"
 SELRPN>      1 atoms have been selected out of  22374
 ROTATION MATRIX
   -0.625826    0.000000   -0.779963
    0.000000    1.000000    0.000000
    0.779963    0.000000   -0.625826

 AXIS OF ROTATION IS  0.000000  1.000000  0.000000  ANGLE IS  128.74

 SELECTED COORDINATES ROTATED IN THE MAIN SET.

  
 CHARMM>            coor rotate xcen @xpos ycen @ypos zcen @zpos zdir 1.0 -
 CHARMM>                phi @zphi select target end
 Parameter: XPOS -> "10.3700758"
 Parameter: YPOS -> "-28.9200224"
 Parameter: ZPOS -> "41.4193587"
 Parameter: ZPHI -> "174.569391"
 SELRPN>      1 atoms have been selected out of  22374
 ROTATION MATRIX
   -0.995512    0.094640    0.000000
   -0.094640   -0.995512    0.000000
    0.000000    0.000000    1.000000

 AXIS OF ROTATION IS  0.000000  0.000000  1.000000  ANGLE IS  174.57

 SELECTED COORDINATES ROTATED IN THE MAIN SET.

  
 CHARMM>     
  
 CHARMM>     
  
 CHARMM>            calc dcut = 3.5
Evaluating: 3.5
 Parameter: DCUT <- "3.5"
  
 CHARMM>     
  
 CHARMM>            coor stat sele target end
 SELRPN>      1 atoms have been selected out of  22374
 STATISTICS FOR         1 SELECTED ATOMS:
    XMIN =   10.370076 XMAX =   10.370076 XAVE =   10.370076
    YMIN =  -28.920022 YMAX =  -28.920022 YAVE =  -28.920022
    ZMIN =   41.419359 ZMAX =   41.419359 ZAVE =   41.419359
    WMIN =    1.000000 WMAX =    1.000000 WAVE =    1.000000
  
 CHARMM>            calc xmax = ?xmax + @dcut
 Parameter: DCUT -> "3.5"
 RDCMND substituted energy or value "?XMAX" to "10.3700758"
Evaluating: 10.3700758+3.5
 Parameter: XMAX <- "13.8700758"
  
 CHARMM>            calc ymax = ?ymax + @dcut
 Parameter: DCUT -> "3.5"
 RDCMND substituted energy or value "?YMAX" to "-28.9200224"
Evaluating: -28.9200224+3.5
 Parameter: YMAX <- "-25.4200224"
  
 CHARMM>            calc zmax = ?zmax + @dcut
 Parameter: DCUT -> "3.5"
 RDCMND substituted energy or value "?ZMAX" to "41.4193587"
Evaluating: 41.4193587+3.5
 Parameter: ZMAX <- "44.9193587"
  
 CHARMM>            calc xmin = ?xmin - @dcut
 Parameter: DCUT -> "3.5"
 RDCMND substituted energy or value "?XMIN" to "10.3700758"
Evaluating: 10.3700758-3.5
 Parameter: XMIN <- "6.8700758"
  
 CHARMM>            calc ymin = ?ymin - @dcut
 Parameter: DCUT -> "3.5"
 RDCMND substituted energy or value "?YMIN" to "-28.9200224"
Evaluating: -28.9200224-3.5
 Parameter: YMIN <- "-32.4200224"
  
 CHARMM>            calc zmin = ?zmin - @dcut
 Parameter: DCUT -> "3.5"
 RDCMND substituted energy or value "?ZMIN" to "41.4193587"
Evaluating: 41.4193587-3.5
 Parameter: ZMIN <- "37.9193587"
  
 CHARMM>     
  
 CHARMM>            define JUNK sele .not. target .and. -
 CHARMM>                             prop X .lt. @xmax .and. prop X .gt. @xmin .and. -
 CHARMM>                             prop Y .lt. @ymax .and. prop Y .gt. @ymin .and. -
 CHARMM>                             prop Z .lt. @zmax .and. prop Z .gt. @zmin  end
 Parameter: XMAX -> "13.8700758"
 Parameter: XMIN -> "6.8700758"
 Parameter: YMAX -> "-25.4200224"
 Parameter: YMIN -> "-32.4200224"
 Parameter: ZMAX -> "44.9193587"
 Parameter: ZMIN -> "37.9193587"
 SELRPN>      0 atoms have been selected out of  22374
  
 CHARMM>     
  
 CHARMM>            ! check if the ions are too close to protein
  
 CHARMM>            define XXX sele PROT end
 SELRPN>      0 atoms have been selected out of  22374
  
 CHARMM>            if ?nsel .gt. 0 then
 RDCMND substituted energy or value "?NSEL" to "0"
 Comparing "0" and "0".
 IF test evaluated as false.  Skip to ELSE or ENDIF
  
 CHARMM>     
  
 CHARMM>            ! check if the ions are too close to solute
  
 CHARMM>            coor dist cut 4.0 sele target end sele JUNK .and. .not. hydrogen end image
 SELRPN>      1 atoms have been selected out of  34208
 SELRPN>      0 atoms have been selected out of  34208

            DISTANCES FOR SELECTED ATOMS
            ONLY ONE SELECTION SET SPECIFIED, A COMPARISON WILL BE DONE
 TOTAL EXCLUSION COUNT =         0
 TOTAL 1-4 EXCLUSIONS  =         0
 TOTAL NON-EXCLUSIONS  =         0
  
 CHARMM>            if ?npair .gt. 0 goto doinit
 RDCMND substituted energy or value "?NPAIR" to "0"
 Comparing "0" and "0".
 IF test evaluated as false.  Skipping command
  
 CHARMM>     
  
 CHARMM>            calc cntrand = 0
Evaluating: 0
 Parameter: CNTRAND <- "0"
  
 CHARMM>            increase i by 1
 Parameter: I <- "21"
  
 CHARMM>            if i .le. @nion goto doinit
 Parameter: NION -> "54"
 Comparing "21" and "54".
 IF test evaluated as true.  Performing command
  
 CHARMM>     
  
 CHARMM>            calc cntrand = @cntrand + 1
 Parameter: CNTRAND -> "0"
Evaluating: 0+1
 Parameter: CNTRAND <- "1"
  
 CHARMM>            if cntrand .gt. 100 stop ! ABNORMAL TERMINATION: ion placing may not work.. stop here
 Comparing "1" and "100".
 IF test evaluated as false.  Skipping command
  
 CHARMM>     
  
 CHARMM>            calc j = @i
 Parameter: I -> "21"
Evaluating: 21
 Parameter: J <- "21"
  
 CHARMM>            set ion = POS
 Parameter: ION <- "POS"
  
 CHARMM>     
  
 CHARMM>            if j .gt. @npos then
 Parameter: NPOS -> "37"
 Comparing "21" and "37".
 IF test evaluated as false.  Skip to ELSE or ENDIF
  
 CHARMM>     
  
 CHARMM>            define target select segid @ion .and. resid @j end
 Parameter: ION -> "POS"
 Parameter: J -> "21"
 SELRPN>      1 atoms have been selected out of  22374
  
 CHARMM>     
  
 CHARMM>            calc xpos = @A * ( ?random - 0.5 )
 Parameter: A -> "73.4166194"
 RDCMND substituted energy or value "?RANDOM" to "0.530945271"
Evaluating: 73.4166194*(0.530945271-0.5)
 Parameter: XPOS <- "2.27189718"
  
 CHARMM>            calc ypos = @B * ( ?random - 0.5 )
 Parameter: B -> "73.4166194"
 RDCMND substituted energy or value "?RANDOM" to "0.419292206"
Evaluating: 73.4166194*(0.419292206-0.5)
 Parameter: YPOS <- "-5.92529339"
  
 CHARMM>            calc zpos = @C * ( ?random - 0.5 ) + @zcen
 Parameter: C -> "85"
 Parameter: ZCEN -> "0"
 RDCMND substituted energy or value "?RANDOM" to "0.304518559"
Evaluating: 85*(0.304518559-0.5)+0
 Parameter: ZPOS <- "-16.6159225"
  
 CHARMM>     
  
 CHARMM>            if zpos .gt. -15 if zpos .lt. 15 goto doinit
 Comparing "-16.6159225" and "-15".
 IF test evaluated as false.  Skipping command
  
 CHARMM>     
  
 CHARMM>            ! move target to selected position
  
 CHARMM>            coor stat select target end
 SELRPN>      1 atoms have been selected out of  22374
 STATISTICS FOR         1 SELECTED ATOMS:
    XMIN =    0.000000 XMAX =    0.000000 XAVE =    0.000000
    YMIN =    0.000000 YMAX =    0.000000 YAVE =    0.000000
    ZMIN =    0.000000 ZMAX =    0.000000 ZAVE =    0.000000
    WMIN =    1.000000 WMAX =    1.000000 WAVE =    1.000000
  
 CHARMM>            calc xtran = @xpos - ?xave
 Parameter: XPOS -> "2.27189718"
 RDCMND substituted energy or value "?XAVE" to "0"
Evaluating: 2.27189718-0
 Parameter: XTRAN <- "2.27189718"
  
 CHARMM>            calc ytran = @ypos - ?yave
 Parameter: YPOS -> "-5.92529339"
 RDCMND substituted energy or value "?YAVE" to "0"
Evaluating: -5.92529339-0
 Parameter: YTRAN <- "-5.92529339"
  
 CHARMM>            calc ztran = @zpos - ?zave
 Parameter: ZPOS -> "-16.6159225"
 RDCMND substituted energy or value "?ZAVE" to "0"
Evaluating: -16.6159225-0
 Parameter: ZTRAN <- "-16.6159225"
  
 CHARMM>            coor trans xdir @xtran ydir @ytran zdir @ztran select target end
 Parameter: XTRAN -> "2.27189718"
 Parameter: YTRAN -> "-5.92529339"
 Parameter: ZTRAN -> "-16.6159225"
 SELRPN>      1 atoms have been selected out of  22374
 TRANSLATION VECTOR     2.271897   -5.925293  -16.615922
 SELECTED COORDINATES TRANSLATED IN THE MAIN SET.

  
 CHARMM>     
  
 CHARMM>            ! apply a random rotation along XYZ
  
 CHARMM>            calc xphi = ?random * 360.0
 RDCMND substituted energy or value "?RANDOM" to "0.409821185"
Evaluating: 0.409821185*360.0
 Parameter: XPHI <- "147.535627"
  
 CHARMM>            calc yphi = ?random * 360.0
 RDCMND substituted energy or value "?RANDOM" to "0.482786881"
Evaluating: 0.482786881*360.0
 Parameter: YPHI <- "173.803277"
  
 CHARMM>            calc zphi = ?random * 360.0
 RDCMND substituted energy or value "?RANDOM" to "0.908780273"
Evaluating: 0.908780273*360.0
 Parameter: ZPHI <- "327.160898"
  
 CHARMM>            coor rotate xcen @xpos ycen @ypos zcen @zpos xdir 1.0 -
 CHARMM>                phi @xphi select target end
 Parameter: XPOS -> "2.27189718"
 Parameter: YPOS -> "-5.92529339"
 Parameter: ZPOS -> "-16.6159225"
 Parameter: XPHI -> "147.535627"
 SELRPN>      1 atoms have been selected out of  22374
 ROTATION MATRIX
    1.000000    0.000000    0.000000
    0.000000   -0.843725    0.536775
    0.000000   -0.536775   -0.843725

 AXIS OF ROTATION IS  1.000000  0.000000  0.000000  ANGLE IS  147.54

 SELECTED COORDINATES ROTATED IN THE MAIN SET.

  
 CHARMM>            coor rotate xcen @xpos ycen @ypos zcen @zpos ydir 1.0 -
 CHARMM>                phi @yphi select target end
 Parameter: XPOS -> "2.27189718"
 Parameter: YPOS -> "-5.92529339"
 Parameter: ZPOS -> "-16.6159225"
 Parameter: YPHI -> "173.803277"
 SELRPN>      1 atoms have been selected out of  22374
 ROTATION MATRIX
   -0.994157    0.000000   -0.107942
    0.000000    1.000000    0.000000
    0.107942    0.000000   -0.994157

 AXIS OF ROTATION IS  0.000000  1.000000  0.000000  ANGLE IS  173.80

 SELECTED COORDINATES ROTATED IN THE MAIN SET.

  
 CHARMM>            coor rotate xcen @xpos ycen @ypos zcen @zpos zdir 1.0 -
 CHARMM>                phi @zphi select target end
 Parameter: XPOS -> "2.27189718"
 Parameter: YPOS -> "-5.92529339"
 Parameter: ZPOS -> "-16.6159225"
 Parameter: ZPHI -> "327.160898"
 SELRPN>      1 atoms have been selected out of  22374
 ROTATION MATRIX
    0.840197   -0.542282    0.000000
    0.542282    0.840197    0.000000
    0.000000    0.000000    1.000000

 AXIS OF ROTATION IS  0.000000  0.000000 -1.000000  ANGLE IS   32.84

 SELECTED COORDINATES ROTATED IN THE MAIN SET.

  
 CHARMM>     
  
 CHARMM>     
  
 CHARMM>            calc dcut = 3.5
Evaluating: 3.5
 Parameter: DCUT <- "3.5"
  
 CHARMM>     
  
 CHARMM>            coor stat sele target end
 SELRPN>      1 atoms have been selected out of  22374
 STATISTICS FOR         1 SELECTED ATOMS:
    XMIN =    2.271897 XMAX =    2.271897 XAVE =    2.271897
    YMIN =   -5.925293 YMAX =   -5.925293 YAVE =   -5.925293
    ZMIN =  -16.615922 ZMAX =  -16.615922 ZAVE =  -16.615922
    WMIN =    1.000000 WMAX =    1.000000 WAVE =    1.000000
  
 CHARMM>            calc xmax = ?xmax + @dcut
 Parameter: DCUT -> "3.5"
 RDCMND substituted energy or value "?XMAX" to "2.27189718"
Evaluating: 2.27189718+3.5
 Parameter: XMAX <- "5.77189718"
  
 CHARMM>            calc ymax = ?ymax + @dcut
 Parameter: DCUT -> "3.5"
 RDCMND substituted energy or value "?YMAX" to "-5.92529339"
Evaluating: -5.92529339+3.5
 Parameter: YMAX <- "-2.42529339"
  
 CHARMM>            calc zmax = ?zmax + @dcut
 Parameter: DCUT -> "3.5"
 RDCMND substituted energy or value "?ZMAX" to "-16.6159225"
Evaluating: -16.6159225+3.5
 Parameter: ZMAX <- "-13.1159225"
  
 CHARMM>            calc xmin = ?xmin - @dcut
 Parameter: DCUT -> "3.5"
 RDCMND substituted energy or value "?XMIN" to "2.27189718"
Evaluating: 2.27189718-3.5
 Parameter: XMIN <- "-1.22810282"
  
 CHARMM>            calc ymin = ?ymin - @dcut
 Parameter: DCUT -> "3.5"
 RDCMND substituted energy or value "?YMIN" to "-5.92529339"
Evaluating: -5.92529339-3.5
 Parameter: YMIN <- "-9.42529339"
  
 CHARMM>            calc zmin = ?zmin - @dcut
 Parameter: DCUT -> "3.5"
 RDCMND substituted energy or value "?ZMIN" to "-16.6159225"
Evaluating: -16.6159225-3.5
 Parameter: ZMIN <- "-20.1159225"
  
 CHARMM>     
  
 CHARMM>            define JUNK sele .not. target .and. -
 CHARMM>                             prop X .lt. @xmax .and. prop X .gt. @xmin .and. -
 CHARMM>                             prop Y .lt. @ymax .and. prop Y .gt. @ymin .and. -
 CHARMM>                             prop Z .lt. @zmax .and. prop Z .gt. @zmin  end
 Parameter: XMAX -> "5.77189718"
 Parameter: XMIN -> "-1.22810282"
 Parameter: YMAX -> "-2.42529339"
 Parameter: YMIN -> "-9.42529339"
 Parameter: ZMAX -> "-13.1159225"
 Parameter: ZMIN -> "-20.1159225"
 SELRPN>     17 atoms have been selected out of  22374
  
 CHARMM>     
  
 CHARMM>            ! check if the ions are too close to protein
  
 CHARMM>            define XXX sele PROT end
 SELRPN>      0 atoms have been selected out of  22374
  
 CHARMM>            if ?nsel .gt. 0 then
 RDCMND substituted energy or value "?NSEL" to "0"
 Comparing "0" and "0".
 IF test evaluated as false.  Skip to ELSE or ENDIF
  
 CHARMM>     
  
 CHARMM>            ! check if the ions are too close to solute
  
 CHARMM>            coor dist cut 4.0 sele target end sele JUNK .and. .not. hydrogen end image
 SELRPN>      1 atoms have been selected out of  34208
 SELRPN>      9 atoms have been selected out of  34208

            DISTANCES FOR SELECTED ATOMS
22341 POS      SOD      21       SOD     -**** MEMB     CHL1     98       C3            2.5075
22341 POS      SOD      21       SOD     -**** MEMB     CHL1     98       O3            3.1050
22341 POS      SOD      21       SOD     -**** MEMB     CHL1     98       C4            1.2707
22341 POS      SOD      21       SOD     -**** MEMB     CHL1     98       C5            2.0649
22341 POS      SOD      21       SOD     -**** MEMB     CHL1     98       C6            2.4786
22341 POS      SOD      21       SOD     -**** MEMB     CHL1     98       C10           3.4763
 TOTAL EXCLUSION COUNT =         0
 TOTAL 1-4 EXCLUSIONS  =         0
 TOTAL NON-EXCLUSIONS  =         6
  
 CHARMM>            if ?npair .gt. 0 goto doinit
 RDCMND substituted energy or value "?NPAIR" to "6"
 Comparing "6" and "0".
 IF test evaluated as true.  Performing command
  
 CHARMM>     
  
 CHARMM>            calc cntrand = @cntrand + 1
 Parameter: CNTRAND -> "1"
Evaluating: 1+1
 Parameter: CNTRAND <- "2"
  
 CHARMM>            if cntrand .gt. 100 stop ! ABNORMAL TERMINATION: ion placing may not work.. stop here
 Comparing "2" and "100".
 IF test evaluated as false.  Skipping command
  
 CHARMM>     
  
 CHARMM>            calc j = @i
 Parameter: I -> "21"
Evaluating: 21
 Parameter: J <- "21"
  
 CHARMM>            set ion = POS
 Parameter: ION <- "POS"
  
 CHARMM>     
  
 CHARMM>            if j .gt. @npos then
 Parameter: NPOS -> "37"
 Comparing "21" and "37".
 IF test evaluated as false.  Skip to ELSE or ENDIF
  
 CHARMM>     
  
 CHARMM>            define target select segid @ion .and. resid @j end
 Parameter: ION -> "POS"
 Parameter: J -> "21"
 SELRPN>      1 atoms have been selected out of  22374
  
 CHARMM>     
  
 CHARMM>            calc xpos = @A * ( ?random - 0.5 )
 Parameter: A -> "73.4166194"
 RDCMND substituted energy or value "?RANDOM" to "0.287473847"
Evaluating: 73.4166194*(0.287473847-0.5)
 Parameter: XPOS <- "-15.6029517"
  
 CHARMM>            calc ypos = @B * ( ?random - 0.5 )
 Parameter: B -> "73.4166194"
 RDCMND substituted energy or value "?RANDOM" to "0.700741578"
Evaluating: 73.4166194*(0.700741578-0.5)
 Parameter: YPOS <- "14.737768"
  
 CHARMM>            calc zpos = @C * ( ?random - 0.5 ) + @zcen
 Parameter: C -> "85"
 Parameter: ZCEN -> "0"
 RDCMND substituted energy or value "?RANDOM" to "0.932618455"
Evaluating: 85*(0.932618455-0.5)+0
 Parameter: ZPOS <- "36.7725687"
  
 CHARMM>     
  
 CHARMM>            if zpos .gt. -15 if zpos .lt. 15 goto doinit
 Comparing "36.7725687" and "-15".
 IF test evaluated as true.  Performing command
 Comparing "36.7725687" and "15".
 IF test evaluated as false.  Skipping command
  
 CHARMM>     
  
 CHARMM>            ! move target to selected position
  
 CHARMM>            coor stat select target end
 SELRPN>      1 atoms have been selected out of  22374
 STATISTICS FOR         1 SELECTED ATOMS:
    XMIN =    2.271897 XMAX =    2.271897 XAVE =    2.271897
    YMIN =   -5.925293 YMAX =   -5.925293 YAVE =   -5.925293
    ZMIN =  -16.615922 ZMAX =  -16.615922 ZAVE =  -16.615922
    WMIN =    1.000000 WMAX =    1.000000 WAVE =    1.000000
  
 CHARMM>            calc xtran = @xpos - ?xave
 Parameter: XPOS -> "-15.6029517"
 RDCMND substituted energy or value "?XAVE" to "2.27189718"
Evaluating: -15.6029517-2.27189718
 Parameter: XTRAN <- "-17.8748489"
  
 CHARMM>            calc ytran = @ypos - ?yave
 Parameter: YPOS -> "14.737768"
 RDCMND substituted energy or value "?YAVE" to "-5.92529339"
Evaluating: 14.737768--5.92529339
 Parameter: YTRAN <- "20.6630614"
  
 CHARMM>            calc ztran = @zpos - ?zave
 Parameter: ZPOS -> "36.7725687"
 RDCMND substituted energy or value "?ZAVE" to "-16.6159225"
Evaluating: 36.7725687--16.6159225
 Parameter: ZTRAN <- "53.3884912"
  
 CHARMM>            coor trans xdir @xtran ydir @ytran zdir @ztran select target end
 Parameter: XTRAN -> "-17.8748489"
 Parameter: YTRAN -> "20.6630614"
 Parameter: ZTRAN -> "53.3884912"
 SELRPN>      1 atoms have been selected out of  22374
 TRANSLATION VECTOR   -17.874849   20.663061   53.388491
 SELECTED COORDINATES TRANSLATED IN THE MAIN SET.

  
 CHARMM>     
  
 CHARMM>            ! apply a random rotation along XYZ
  
 CHARMM>            calc xphi = ?random * 360.0
 RDCMND substituted energy or value "?RANDOM" to "0.603193899"
Evaluating: 0.603193899*360.0
 Parameter: XPHI <- "217.149804"
  
 CHARMM>            calc yphi = ?random * 360.0
 RDCMND substituted energy or value "?RANDOM" to "9.797868188E-02"
Evaluating: 9.797868188E-02*360.0
 Parameter: YPHI <- "35.2723255"
  
 CHARMM>            calc zphi = ?random * 360.0
 RDCMND substituted energy or value "?RANDOM" to "0.270352647"
Evaluating: 0.270352647*360.0
 Parameter: ZPHI <- "97.3269529"
  
 CHARMM>            coor rotate xcen @xpos ycen @ypos zcen @zpos xdir 1.0 -
 CHARMM>                phi @xphi select target end
 Parameter: XPOS -> "-15.6029517"
 Parameter: YPOS -> "14.737768"
 Parameter: ZPOS -> "36.7725687"
 Parameter: XPHI -> "217.149804"
 SELRPN>      1 atoms have been selected out of  22374
 ROTATION MATRIX
    1.000000    0.000000    0.000000
    0.000000   -0.797059   -0.603901
    0.000000    0.603901   -0.797059

 AXIS OF ROTATION IS -1.000000  0.000000  0.000000  ANGLE IS  142.85

 SELECTED COORDINATES ROTATED IN THE MAIN SET.

  
 CHARMM>            coor rotate xcen @xpos ycen @ypos zcen @zpos ydir 1.0 -
 CHARMM>                phi @yphi select target end
 Parameter: XPOS -> "-15.6029517"
 Parameter: YPOS -> "14.737768"
 Parameter: ZPOS -> "36.7725687"
 Parameter: YPHI -> "35.2723255"
 SELRPN>      1 atoms have been selected out of  22374
 ROTATION MATRIX
    0.816417    0.000000   -0.577463
    0.000000    1.000000    0.000000
    0.577463    0.000000    0.816417

 AXIS OF ROTATION IS  0.000000  1.000000  0.000000  ANGLE IS   35.27

 SELECTED COORDINATES ROTATED IN THE MAIN SET.

  
 CHARMM>            coor rotate xcen @xpos ycen @ypos zcen @zpos zdir 1.0 -
 CHARMM>                phi @zphi select target end
 Parameter: XPOS -> "-15.6029517"
 Parameter: YPOS -> "14.737768"
 Parameter: ZPOS -> "36.7725687"
 Parameter: ZPHI -> "97.3269529"
 SELRPN>      1 atoms have been selected out of  22374
 ROTATION MATRIX
   -0.127531    0.991835    0.000000
   -0.991835   -0.127531    0.000000
    0.000000    0.000000    1.000000

 AXIS OF ROTATION IS  0.000000  0.000000  1.000000  ANGLE IS   97.33

 SELECTED COORDINATES ROTATED IN THE MAIN SET.

  
 CHARMM>     
  
 CHARMM>     
  
 CHARMM>            calc dcut = 3.5
Evaluating: 3.5
 Parameter: DCUT <- "3.5"
  
 CHARMM>     
  
 CHARMM>            coor stat sele target end
 SELRPN>      1 atoms have been selected out of  22374
 STATISTICS FOR         1 SELECTED ATOMS:
    XMIN =  -15.602952 XMAX =  -15.602952 XAVE =  -15.602952
    YMIN =   14.737768 YMAX =   14.737768 YAVE =   14.737768
    ZMIN =   36.772569 ZMAX =   36.772569 ZAVE =   36.772569
    WMIN =    1.000000 WMAX =    1.000000 WAVE =    1.000000
  
 CHARMM>            calc xmax = ?xmax + @dcut
 Parameter: DCUT -> "3.5"
 RDCMND substituted energy or value "?XMAX" to "-15.6029517"
Evaluating: -15.6029517+3.5
 Parameter: XMAX <- "-12.1029517"
  
 CHARMM>            calc ymax = ?ymax + @dcut
 Parameter: DCUT -> "3.5"
 RDCMND substituted energy or value "?YMAX" to "14.737768"
Evaluating: 14.737768+3.5
 Parameter: YMAX <- "18.237768"
  
 CHARMM>            calc zmax = ?zmax + @dcut
 Parameter: DCUT -> "3.5"
 RDCMND substituted energy or value "?ZMAX" to "36.7725687"
Evaluating: 36.7725687+3.5
 Parameter: ZMAX <- "40.2725687"
  
 CHARMM>            calc xmin = ?xmin - @dcut
 Parameter: DCUT -> "3.5"
 RDCMND substituted energy or value "?XMIN" to "-15.6029517"
Evaluating: -15.6029517-3.5
 Parameter: XMIN <- "-19.1029517"
  
 CHARMM>            calc ymin = ?ymin - @dcut
 Parameter: DCUT -> "3.5"
 RDCMND substituted energy or value "?YMIN" to "14.737768"
Evaluating: 14.737768-3.5
 Parameter: YMIN <- "11.237768"
  
 CHARMM>            calc zmin = ?zmin - @dcut
 Parameter: DCUT -> "3.5"
 RDCMND substituted energy or value "?ZMIN" to "36.7725687"
Evaluating: 36.7725687-3.5
 Parameter: ZMIN <- "33.2725687"
  
 CHARMM>     
  
 CHARMM>            define JUNK sele .not. target .and. -
 CHARMM>                             prop X .lt. @xmax .and. prop X .gt. @xmin .and. -
 CHARMM>                             prop Y .lt. @ymax .and. prop Y .gt. @ymin .and. -
 CHARMM>                             prop Z .lt. @zmax .and. prop Z .gt. @zmin  end
 Parameter: XMAX -> "-12.1029517"
 Parameter: XMIN -> "-19.1029517"
 Parameter: YMAX -> "18.237768"
 Parameter: YMIN -> "11.237768"
 Parameter: ZMAX -> "40.2725687"
 Parameter: ZMIN -> "33.2725687"
 SELRPN>      0 atoms have been selected out of  22374
  
 CHARMM>     
  
 CHARMM>            ! check if the ions are too close to protein
  
 CHARMM>            define XXX sele PROT end
 SELRPN>      0 atoms have been selected out of  22374
  
 CHARMM>            if ?nsel .gt. 0 then
 RDCMND substituted energy or value "?NSEL" to "0"
 Comparing "0" and "0".
 IF test evaluated as false.  Skip to ELSE or ENDIF
  
 CHARMM>     
  
 CHARMM>            ! check if the ions are too close to solute
  
 CHARMM>            coor dist cut 4.0 sele target end sele JUNK .and. .not. hydrogen end image
 SELRPN>      1 atoms have been selected out of  34208
 SELRPN>      0 atoms have been selected out of  34208

            DISTANCES FOR SELECTED ATOMS
            ONLY ONE SELECTION SET SPECIFIED, A COMPARISON WILL BE DONE
 TOTAL EXCLUSION COUNT =         0
 TOTAL 1-4 EXCLUSIONS  =         0
 TOTAL NON-EXCLUSIONS  =         0
  
 CHARMM>            if ?npair .gt. 0 goto doinit
 RDCMND substituted energy or value "?NPAIR" to "0"
 Comparing "0" and "0".
 IF test evaluated as false.  Skipping command
  
 CHARMM>     
  
 CHARMM>            calc cntrand = 0
Evaluating: 0
 Parameter: CNTRAND <- "0"
  
 CHARMM>            increase i by 1
 Parameter: I <- "22"
  
 CHARMM>            if i .le. @nion goto doinit
 Parameter: NION -> "54"
 Comparing "22" and "54".
 IF test evaluated as true.  Performing command
  
 CHARMM>     
  
 CHARMM>            calc cntrand = @cntrand + 1
 Parameter: CNTRAND -> "0"
Evaluating: 0+1
 Parameter: CNTRAND <- "1"
  
 CHARMM>            if cntrand .gt. 100 stop ! ABNORMAL TERMINATION: ion placing may not work.. stop here
 Comparing "1" and "100".
 IF test evaluated as false.  Skipping command
  
 CHARMM>     
  
 CHARMM>            calc j = @i
 Parameter: I -> "22"
Evaluating: 22
 Parameter: J <- "22"
  
 CHARMM>            set ion = POS
 Parameter: ION <- "POS"
  
 CHARMM>     
  
 CHARMM>            if j .gt. @npos then
 Parameter: NPOS -> "37"
 Comparing "22" and "37".
 IF test evaluated as false.  Skip to ELSE or ENDIF
  
 CHARMM>     
  
 CHARMM>            define target select segid @ion .and. resid @j end
 Parameter: ION -> "POS"
 Parameter: J -> "22"
 SELRPN>      1 atoms have been selected out of  22374
  
 CHARMM>     
  
 CHARMM>            calc xpos = @A * ( ?random - 0.5 )
 Parameter: A -> "73.4166194"
 RDCMND substituted energy or value "?RANDOM" to "0.405727547"
Evaluating: 73.4166194*(0.405727547-0.5)
 Parameter: XPOS <- "-6.9211648"
  
 CHARMM>            calc ypos = @B * ( ?random - 0.5 )
 Parameter: B -> "73.4166194"
 RDCMND substituted energy or value "?RANDOM" to "8.195979772E-02"
Evaluating: 73.4166194*(8.195979772E-02-0.5)
 Parameter: YPOS <- "-30.6910984"
  
 CHARMM>            calc zpos = @C * ( ?random - 0.5 ) + @zcen
 Parameter: C -> "85"
 Parameter: ZCEN -> "0"
 RDCMND substituted energy or value "?RANDOM" to "0.913469856"
Evaluating: 85*(0.913469856-0.5)+0
 Parameter: ZPOS <- "35.1449378"
  
 CHARMM>     
  
 CHARMM>            if zpos .gt. -15 if zpos .lt. 15 goto doinit
 Comparing "35.1449378" and "-15".
 IF test evaluated as true.  Performing command
 Comparing "35.1449378" and "15".
 IF test evaluated as false.  Skipping command
  
 CHARMM>     
  
 CHARMM>            ! move target to selected position
  
 CHARMM>            coor stat select target end
 SELRPN>      1 atoms have been selected out of  22374
 STATISTICS FOR         1 SELECTED ATOMS:
    XMIN =    0.000000 XMAX =    0.000000 XAVE =    0.000000
    YMIN =    0.000000 YMAX =    0.000000 YAVE =    0.000000
    ZMIN =    0.000000 ZMAX =    0.000000 ZAVE =    0.000000
    WMIN =    1.000000 WMAX =    1.000000 WAVE =    1.000000
  
 CHARMM>            calc xtran = @xpos - ?xave
 Parameter: XPOS -> "-6.9211648"
 RDCMND substituted energy or value "?XAVE" to "0"
Evaluating: -6.9211648-0
 Parameter: XTRAN <- "-6.9211648"
  
 CHARMM>            calc ytran = @ypos - ?yave
 Parameter: YPOS -> "-30.6910984"
 RDCMND substituted energy or value "?YAVE" to "0"
Evaluating: -30.6910984-0
 Parameter: YTRAN <- "-30.6910984"
  
 CHARMM>            calc ztran = @zpos - ?zave
 Parameter: ZPOS -> "35.1449378"
 RDCMND substituted energy or value "?ZAVE" to "0"
Evaluating: 35.1449378-0
 Parameter: ZTRAN <- "35.1449378"
  
 CHARMM>            coor trans xdir @xtran ydir @ytran zdir @ztran select target end
 Parameter: XTRAN -> "-6.9211648"
 Parameter: YTRAN -> "-30.6910984"
 Parameter: ZTRAN -> "35.1449378"
 SELRPN>      1 atoms have been selected out of  22374
 TRANSLATION VECTOR    -6.921165  -30.691098   35.144938
 SELECTED COORDINATES TRANSLATED IN THE MAIN SET.

  
 CHARMM>     
  
 CHARMM>            ! apply a random rotation along XYZ
  
 CHARMM>            calc xphi = ?random * 360.0
 RDCMND substituted energy or value "?RANDOM" to "0.981636333"
Evaluating: 0.981636333*360.0
 Parameter: XPHI <- "353.38908"
  
 CHARMM>            calc yphi = ?random * 360.0
 RDCMND substituted energy or value "?RANDOM" to "0.294669259"
Evaluating: 0.294669259*360.0
 Parameter: YPHI <- "106.080933"
  
 CHARMM>            calc zphi = ?random * 360.0
 RDCMND substituted energy or value "?RANDOM" to "0.438347863"
Evaluating: 0.438347863*360.0
 Parameter: ZPHI <- "157.805231"
  
 CHARMM>            coor rotate xcen @xpos ycen @ypos zcen @zpos xdir 1.0 -
 CHARMM>                phi @xphi select target end
 Parameter: XPOS -> "-6.9211648"
 Parameter: YPOS -> "-30.6910984"
 Parameter: ZPOS -> "35.1449378"
 Parameter: XPHI -> "353.38908"
 SELRPN>      1 atoms have been selected out of  22374
 ROTATION MATRIX
    1.000000    0.000000    0.000000
    0.000000    0.993351   -0.115126
    0.000000    0.115126    0.993351

 AXIS OF ROTATION IS -1.000000  0.000000  0.000000  ANGLE IS    6.61

 SELECTED COORDINATES ROTATED IN THE MAIN SET.

  
 CHARMM>            coor rotate xcen @xpos ycen @ypos zcen @zpos ydir 1.0 -
 CHARMM>                phi @yphi select target end
 Parameter: XPOS -> "-6.9211648"
 Parameter: YPOS -> "-30.6910984"
 Parameter: ZPOS -> "35.1449378"
 Parameter: YPHI -> "106.080933"
 SELRPN>      1 atoms have been selected out of  22374
 ROTATION MATRIX
   -0.276995    0.000000   -0.960871
    0.000000    1.000000    0.000000
    0.960871    0.000000   -0.276995

 AXIS OF ROTATION IS  0.000000  1.000000  0.000000  ANGLE IS  106.08

 SELECTED COORDINATES ROTATED IN THE MAIN SET.

  
 CHARMM>            coor rotate xcen @xpos ycen @ypos zcen @zpos zdir 1.0 -
 CHARMM>                phi @zphi select target end
 Parameter: XPOS -> "-6.9211648"
 Parameter: YPOS -> "-30.6910984"
 Parameter: ZPOS -> "35.1449378"
 Parameter: ZPHI -> "157.805231"
 SELRPN>      1 atoms have been selected out of  22374
 ROTATION MATRIX
   -0.925905    0.377756    0.000000
   -0.377756   -0.925905    0.000000
    0.000000    0.000000    1.000000

 AXIS OF ROTATION IS  0.000000  0.000000  1.000000  ANGLE IS  157.81

 SELECTED COORDINATES ROTATED IN THE MAIN SET.

  
 CHARMM>     
  
 CHARMM>     
  
 CHARMM>            calc dcut = 3.5
Evaluating: 3.5
 Parameter: DCUT <- "3.5"
  
 CHARMM>     
  
 CHARMM>            coor stat sele target end
 SELRPN>      1 atoms have been selected out of  22374
 STATISTICS FOR         1 SELECTED ATOMS:
    XMIN =   -6.921165 XMAX =   -6.921165 XAVE =   -6.921165
    YMIN =  -30.691098 YMAX =  -30.691098 YAVE =  -30.691098
    ZMIN =   35.144938 ZMAX =   35.144938 ZAVE =   35.144938
    WMIN =    1.000000 WMAX =    1.000000 WAVE =    1.000000
  
 CHARMM>            calc xmax = ?xmax + @dcut
 Parameter: DCUT -> "3.5"
 RDCMND substituted energy or value "?XMAX" to "-6.9211648"
Evaluating: -6.9211648+3.5
 Parameter: XMAX <- "-3.4211648"
  
 CHARMM>            calc ymax = ?ymax + @dcut
 Parameter: DCUT -> "3.5"
 RDCMND substituted energy or value "?YMAX" to "-30.6910984"
Evaluating: -30.6910984+3.5
 Parameter: YMAX <- "-27.1910984"
  
 CHARMM>            calc zmax = ?zmax + @dcut
 Parameter: DCUT -> "3.5"
 RDCMND substituted energy or value "?ZMAX" to "35.1449378"
Evaluating: 35.1449378+3.5
 Parameter: ZMAX <- "38.6449378"
  
 CHARMM>            calc xmin = ?xmin - @dcut
 Parameter: DCUT -> "3.5"
 RDCMND substituted energy or value "?XMIN" to "-6.9211648"
Evaluating: -6.9211648-3.5
 Parameter: XMIN <- "-10.4211648"
  
 CHARMM>            calc ymin = ?ymin - @dcut
 Parameter: DCUT -> "3.5"
 RDCMND substituted energy or value "?YMIN" to "-30.6910984"
Evaluating: -30.6910984-3.5
 Parameter: YMIN <- "-34.1910984"
  
 CHARMM>            calc zmin = ?zmin - @dcut
 Parameter: DCUT -> "3.5"
 RDCMND substituted energy or value "?ZMIN" to "35.1449378"
Evaluating: 35.1449378-3.5
 Parameter: ZMIN <- "31.6449378"
  
 CHARMM>     
  
 CHARMM>            define JUNK sele .not. target .and. -
 CHARMM>                             prop X .lt. @xmax .and. prop X .gt. @xmin .and. -
 CHARMM>                             prop Y .lt. @ymax .and. prop Y .gt. @ymin .and. -
 CHARMM>                             prop Z .lt. @zmax .and. prop Z .gt. @zmin  end
 Parameter: XMAX -> "-3.4211648"
 Parameter: XMIN -> "-10.4211648"
 Parameter: YMAX -> "-27.1910984"
 Parameter: YMIN -> "-34.1910984"
 Parameter: ZMAX -> "38.6449378"
 Parameter: ZMIN -> "31.6449378"
 SELRPN>      0 atoms have been selected out of  22374
  
 CHARMM>     
  
 CHARMM>            ! check if the ions are too close to protein
  
 CHARMM>            define XXX sele PROT end
 SELRPN>      0 atoms have been selected out of  22374
  
 CHARMM>            if ?nsel .gt. 0 then
 RDCMND substituted energy or value "?NSEL" to "0"
 Comparing "0" and "0".
 IF test evaluated as false.  Skip to ELSE or ENDIF
  
 CHARMM>     
  
 CHARMM>            ! check if the ions are too close to solute
  
 CHARMM>            coor dist cut 4.0 sele target end sele JUNK .and. .not. hydrogen end image
 SELRPN>      1 atoms have been selected out of  34208
 SELRPN>      0 atoms have been selected out of  34208

            DISTANCES FOR SELECTED ATOMS
            ONLY ONE SELECTION SET SPECIFIED, A COMPARISON WILL BE DONE
 TOTAL EXCLUSION COUNT =         0
 TOTAL 1-4 EXCLUSIONS  =         0
 TOTAL NON-EXCLUSIONS  =         0
  
 CHARMM>            if ?npair .gt. 0 goto doinit
 RDCMND substituted energy or value "?NPAIR" to "0"
 Comparing "0" and "0".
 IF test evaluated as false.  Skipping command
  
 CHARMM>     
  
 CHARMM>            calc cntrand = 0
Evaluating: 0
 Parameter: CNTRAND <- "0"
  
 CHARMM>            increase i by 1
 Parameter: I <- "23"
  
 CHARMM>            if i .le. @nion goto doinit
 Parameter: NION -> "54"
 Comparing "23" and "54".
 IF test evaluated as true.  Performing command
  
 CHARMM>     
  
 CHARMM>            calc cntrand = @cntrand + 1
 Parameter: CNTRAND -> "0"
Evaluating: 0+1
 Parameter: CNTRAND <- "1"
  
 CHARMM>            if cntrand .gt. 100 stop ! ABNORMAL TERMINATION: ion placing may not work.. stop here
 Comparing "1" and "100".
 IF test evaluated as false.  Skipping command
  
 CHARMM>     
  
 CHARMM>            calc j = @i
 Parameter: I -> "23"
Evaluating: 23
 Parameter: J <- "23"
  
 CHARMM>            set ion = POS
 Parameter: ION <- "POS"
  
 CHARMM>     
  
 CHARMM>            if j .gt. @npos then
 Parameter: NPOS -> "37"
 Comparing "23" and "37".
 IF test evaluated as false.  Skip to ELSE or ENDIF
  
 CHARMM>     
  
 CHARMM>            define target select segid @ion .and. resid @j end
 Parameter: ION -> "POS"
 Parameter: J -> "23"
 SELRPN>      1 atoms have been selected out of  22374
  
 CHARMM>     
  
 CHARMM>            calc xpos = @A * ( ?random - 0.5 )
 Parameter: A -> "73.4166194"
 RDCMND substituted energy or value "?RANDOM" to "0.711790238"
Evaluating: 73.4166194*(0.711790238-0.5)
 Parameter: XPOS <- "15.5489233"
  
 CHARMM>            calc ypos = @B * ( ?random - 0.5 )
 Parameter: B -> "73.4166194"
 RDCMND substituted energy or value "?RANDOM" to "6.094607292E-02"
Evaluating: 73.4166194*(6.094607292E-02-0.5)
 Parameter: YPOS <- "-32.2338551"
  
 CHARMM>            calc zpos = @C * ( ?random - 0.5 ) + @zcen
 Parameter: C -> "85"
 Parameter: ZCEN -> "0"
 RDCMND substituted energy or value "?RANDOM" to "0.360939415"
Evaluating: 85*(0.360939415-0.5)+0
 Parameter: ZPOS <- "-11.8201497"
  
 CHARMM>     
  
 CHARMM>            if zpos .gt. -15 if zpos .lt. 15 goto doinit
 Comparing "-11.8201497" and "-15".
 IF test evaluated as true.  Performing command
 Comparing "-11.8201497" and "15".
 IF test evaluated as true.  Performing command
  
 CHARMM>     
  
 CHARMM>            calc cntrand = @cntrand + 1
 Parameter: CNTRAND -> "1"
Evaluating: 1+1
 Parameter: CNTRAND <- "2"
  
 CHARMM>            if cntrand .gt. 100 stop ! ABNORMAL TERMINATION: ion placing may not work.. stop here
 Comparing "2" and "100".
 IF test evaluated as false.  Skipping command
  
 CHARMM>     
  
 CHARMM>            calc j = @i
 Parameter: I -> "23"
Evaluating: 23
 Parameter: J <- "23"
  
 CHARMM>            set ion = POS
 Parameter: ION <- "POS"
  
 CHARMM>     
  
 CHARMM>            if j .gt. @npos then
 Parameter: NPOS -> "37"
 Comparing "23" and "37".
 IF test evaluated as false.  Skip to ELSE or ENDIF
  
 CHARMM>     
  
 CHARMM>            define target select segid @ion .and. resid @j end
 Parameter: ION -> "POS"
 Parameter: J -> "23"
 SELRPN>      1 atoms have been selected out of  22374
  
 CHARMM>     
  
 CHARMM>            calc xpos = @A * ( ?random - 0.5 )
 Parameter: A -> "73.4166194"
 RDCMND substituted energy or value "?RANDOM" to "0.440135567"
Evaluating: 73.4166194*(0.440135567-0.5)
 Parameter: XPOS <- "-4.39504429"
  
 CHARMM>            calc ypos = @B * ( ?random - 0.5 )
 Parameter: B -> "73.4166194"
 RDCMND substituted energy or value "?RANDOM" to "0.20351752"
Evaluating: 73.4166194*(0.20351752-0.5)
 Parameter: YPOS <- "-21.7667414"
  
 CHARMM>            calc zpos = @C * ( ?random - 0.5 ) + @zcen
 Parameter: C -> "85"
 Parameter: ZCEN -> "0"
 RDCMND substituted energy or value "?RANDOM" to "0.932927783"
Evaluating: 85*(0.932927783-0.5)+0
 Parameter: ZPOS <- "36.7988616"
  
 CHARMM>     
  
 CHARMM>            if zpos .gt. -15 if zpos .lt. 15 goto doinit
 Comparing "36.7988616" and "-15".
 IF test evaluated as true.  Performing command
 Comparing "36.7988616" and "15".
 IF test evaluated as false.  Skipping command
  
 CHARMM>     
  
 CHARMM>            ! move target to selected position
  
 CHARMM>            coor stat select target end
 SELRPN>      1 atoms have been selected out of  22374
 STATISTICS FOR         1 SELECTED ATOMS:
    XMIN =    0.000000 XMAX =    0.000000 XAVE =    0.000000
    YMIN =    0.000000 YMAX =    0.000000 YAVE =    0.000000
    ZMIN =    0.000000 ZMAX =    0.000000 ZAVE =    0.000000
    WMIN =    1.000000 WMAX =    1.000000 WAVE =    1.000000
  
 CHARMM>            calc xtran = @xpos - ?xave
 Parameter: XPOS -> "-4.39504429"
 RDCMND substituted energy or value "?XAVE" to "0"
Evaluating: -4.39504429-0
 Parameter: XTRAN <- "-4.39504429"
  
 CHARMM>            calc ytran = @ypos - ?yave
 Parameter: YPOS -> "-21.7667414"
 RDCMND substituted energy or value "?YAVE" to "0"
Evaluating: -21.7667414-0
 Parameter: YTRAN <- "-21.7667414"
  
 CHARMM>            calc ztran = @zpos - ?zave
 Parameter: ZPOS -> "36.7988616"
 RDCMND substituted energy or value "?ZAVE" to "0"
Evaluating: 36.7988616-0
 Parameter: ZTRAN <- "36.7988616"
  
 CHARMM>            coor trans xdir @xtran ydir @ytran zdir @ztran select target end
 Parameter: XTRAN -> "-4.39504429"
 Parameter: YTRAN -> "-21.7667414"
 Parameter: ZTRAN -> "36.7988616"
 SELRPN>      1 atoms have been selected out of  22374
 TRANSLATION VECTOR    -4.395044  -21.766741   36.798862
 SELECTED COORDINATES TRANSLATED IN THE MAIN SET.

  
 CHARMM>     
  
 CHARMM>            ! apply a random rotation along XYZ
  
 CHARMM>            calc xphi = ?random * 360.0
 RDCMND substituted energy or value "?RANDOM" to "0.510291256"
Evaluating: 0.510291256*360.0
 Parameter: XPHI <- "183.704852"
  
 CHARMM>            calc yphi = ?random * 360.0
 RDCMND substituted energy or value "?RANDOM" to "0.611647776"
Evaluating: 0.611647776*360.0
 Parameter: YPHI <- "220.193199"
  
 CHARMM>            calc zphi = ?random * 360.0
 RDCMND substituted energy or value "?RANDOM" to "0.984779396"
Evaluating: 0.984779396*360.0
 Parameter: ZPHI <- "354.520583"
  
 CHARMM>            coor rotate xcen @xpos ycen @ypos zcen @zpos xdir 1.0 -
 CHARMM>                phi @xphi select target end
 Parameter: XPOS -> "-4.39504429"
 Parameter: YPOS -> "-21.7667414"
 Parameter: ZPOS -> "36.7988616"
 Parameter: XPHI -> "183.704852"
 SELRPN>      1 atoms have been selected out of  22374
 ROTATION MATRIX
    1.000000    0.000000    0.000000
    0.000000   -0.997910   -0.064617
    0.000000    0.064617   -0.997910

 AXIS OF ROTATION IS -1.000000  0.000000  0.000000  ANGLE IS  176.30

 SELECTED COORDINATES ROTATED IN THE MAIN SET.

  
 CHARMM>            coor rotate xcen @xpos ycen @ypos zcen @zpos ydir 1.0 -
 CHARMM>                phi @yphi select target end
 Parameter: XPOS -> "-4.39504429"
 Parameter: YPOS -> "-21.7667414"
 Parameter: ZPOS -> "36.7988616"
 Parameter: YPHI -> "220.193199"
 SELRPN>      1 atoms have been selected out of  22374
 ROTATION MATRIX
   -0.763873    0.000000    0.645367
    0.000000    1.000000    0.000000
   -0.645367    0.000000   -0.763873

 AXIS OF ROTATION IS  0.000000 -1.000000  0.000000  ANGLE IS  139.81

 SELECTED COORDINATES ROTATED IN THE MAIN SET.

  
 CHARMM>            coor rotate xcen @xpos ycen @ypos zcen @zpos zdir 1.0 -
 CHARMM>                phi @zphi select target end
 Parameter: XPOS -> "-4.39504429"
 Parameter: YPOS -> "-21.7667414"
 Parameter: ZPOS -> "36.7988616"
 Parameter: ZPHI -> "354.520583"
 SELRPN>      1 atoms have been selected out of  22374
 ROTATION MATRIX
    0.995431   -0.095488    0.000000
    0.095488    0.995431    0.000000
    0.000000    0.000000    1.000000

 AXIS OF ROTATION IS  0.000000  0.000000 -1.000000  ANGLE IS    5.48

 SELECTED COORDINATES ROTATED IN THE MAIN SET.

  
 CHARMM>     
  
 CHARMM>     
  
 CHARMM>            calc dcut = 3.5
Evaluating: 3.5
 Parameter: DCUT <- "3.5"
  
 CHARMM>     
  
 CHARMM>            coor stat sele target end
 SELRPN>      1 atoms have been selected out of  22374
 STATISTICS FOR         1 SELECTED ATOMS:
    XMIN =   -4.395044 XMAX =   -4.395044 XAVE =   -4.395044
    YMIN =  -21.766741 YMAX =  -21.766741 YAVE =  -21.766741
    ZMIN =   36.798862 ZMAX =   36.798862 ZAVE =   36.798862
    WMIN =    1.000000 WMAX =    1.000000 WAVE =    1.000000
  
 CHARMM>            calc xmax = ?xmax + @dcut
 Parameter: DCUT -> "3.5"
 RDCMND substituted energy or value "?XMAX" to "-4.39504429"
Evaluating: -4.39504429+3.5
 Parameter: XMAX <- "-0.89504429"
  
 CHARMM>            calc ymax = ?ymax + @dcut
 Parameter: DCUT -> "3.5"
 RDCMND substituted energy or value "?YMAX" to "-21.7667414"
Evaluating: -21.7667414+3.5
 Parameter: YMAX <- "-18.2667414"
  
 CHARMM>            calc zmax = ?zmax + @dcut
 Parameter: DCUT -> "3.5"
 RDCMND substituted energy or value "?ZMAX" to "36.7988616"
Evaluating: 36.7988616+3.5
 Parameter: ZMAX <- "40.2988616"
  
 CHARMM>            calc xmin = ?xmin - @dcut
 Parameter: DCUT -> "3.5"
 RDCMND substituted energy or value "?XMIN" to "-4.39504429"
Evaluating: -4.39504429-3.5
 Parameter: XMIN <- "-7.89504429"
  
 CHARMM>            calc ymin = ?ymin - @dcut
 Parameter: DCUT -> "3.5"
 RDCMND substituted energy or value "?YMIN" to "-21.7667414"
Evaluating: -21.7667414-3.5
 Parameter: YMIN <- "-25.2667414"
  
 CHARMM>            calc zmin = ?zmin - @dcut
 Parameter: DCUT -> "3.5"
 RDCMND substituted energy or value "?ZMIN" to "36.7988616"
Evaluating: 36.7988616-3.5
 Parameter: ZMIN <- "33.2988616"
  
 CHARMM>     
  
 CHARMM>            define JUNK sele .not. target .and. -
 CHARMM>                             prop X .lt. @xmax .and. prop X .gt. @xmin .and. -
 CHARMM>                             prop Y .lt. @ymax .and. prop Y .gt. @ymin .and. -
 CHARMM>                             prop Z .lt. @zmax .and. prop Z .gt. @zmin  end
 Parameter: XMAX -> "-0.89504429"
 Parameter: XMIN -> "-7.89504429"
 Parameter: YMAX -> "-18.2667414"
 Parameter: YMIN -> "-25.2667414"
 Parameter: ZMAX -> "40.2988616"
 Parameter: ZMIN -> "33.2988616"
 SELRPN>      0 atoms have been selected out of  22374
  
 CHARMM>     
  
 CHARMM>            ! check if the ions are too close to protein
  
 CHARMM>            define XXX sele PROT end
 SELRPN>      0 atoms have been selected out of  22374
  
 CHARMM>            if ?nsel .gt. 0 then
 RDCMND substituted energy or value "?NSEL" to "0"
 Comparing "0" and "0".
 IF test evaluated as false.  Skip to ELSE or ENDIF
  
 CHARMM>     
  
 CHARMM>            ! check if the ions are too close to solute
  
 CHARMM>            coor dist cut 4.0 sele target end sele JUNK .and. .not. hydrogen end image
 SELRPN>      1 atoms have been selected out of  34208
 SELRPN>      0 atoms have been selected out of  34208

            DISTANCES FOR SELECTED ATOMS
            ONLY ONE SELECTION SET SPECIFIED, A COMPARISON WILL BE DONE
 TOTAL EXCLUSION COUNT =         0
 TOTAL 1-4 EXCLUSIONS  =         0
 TOTAL NON-EXCLUSIONS  =         0
  
 CHARMM>            if ?npair .gt. 0 goto doinit
 RDCMND substituted energy or value "?NPAIR" to "0"
 Comparing "0" and "0".
 IF test evaluated as false.  Skipping command
  
 CHARMM>     
  
 CHARMM>            calc cntrand = 0
Evaluating: 0
 Parameter: CNTRAND <- "0"
  
 CHARMM>            increase i by 1
 Parameter: I <- "24"
  
 CHARMM>            if i .le. @nion goto doinit
 Parameter: NION -> "54"
 Comparing "24" and "54".
 IF test evaluated as true.  Performing command
  
 CHARMM>     
  
 CHARMM>            calc cntrand = @cntrand + 1
 Parameter: CNTRAND -> "0"
Evaluating: 0+1
 Parameter: CNTRAND <- "1"
  
 CHARMM>            if cntrand .gt. 100 stop ! ABNORMAL TERMINATION: ion placing may not work.. stop here
 Comparing "1" and "100".
 IF test evaluated as false.  Skipping command
  
 CHARMM>     
  
 CHARMM>            calc j = @i
 Parameter: I -> "24"
Evaluating: 24
 Parameter: J <- "24"
  
 CHARMM>            set ion = POS
 Parameter: ION <- "POS"
  
 CHARMM>     
  
 CHARMM>            if j .gt. @npos then
 Parameter: NPOS -> "37"
 Comparing "24" and "37".
 IF test evaluated as false.  Skip to ELSE or ENDIF
  
 CHARMM>     
  
 CHARMM>            define target select segid @ion .and. resid @j end
 Parameter: ION -> "POS"
 Parameter: J -> "24"
 SELRPN>      1 atoms have been selected out of  22374
  
 CHARMM>     
  
 CHARMM>            calc xpos = @A * ( ?random - 0.5 )
 Parameter: A -> "73.4166194"
 RDCMND substituted energy or value "?RANDOM" to "0.479835556"
Evaluating: 73.4166194*(0.479835556-0.5)
 Parameter: XPOS <- "-1.48040531"
  
 CHARMM>            calc ypos = @B * ( ?random - 0.5 )
 Parameter: B -> "73.4166194"
 RDCMND substituted energy or value "?RANDOM" to "0.375839993"
Evaluating: 73.4166194*(0.375839993-0.5)
 Parameter: YPOS <- "-9.11540798"
  
 CHARMM>            calc zpos = @C * ( ?random - 0.5 ) + @zcen
 Parameter: C -> "85"
 Parameter: ZCEN -> "0"
 RDCMND substituted energy or value "?RANDOM" to "0.900612471"
Evaluating: 85*(0.900612471-0.5)+0
 Parameter: ZPOS <- "34.05206"
  
 CHARMM>     
  
 CHARMM>            if zpos .gt. -15 if zpos .lt. 15 goto doinit
 Comparing "34.05206" and "-15".
 IF test evaluated as true.  Performing command
 Comparing "34.05206" and "15".
 IF test evaluated as false.  Skipping command
  
 CHARMM>     
  
 CHARMM>            ! move target to selected position
  
 CHARMM>            coor stat select target end
 SELRPN>      1 atoms have been selected out of  22374
 STATISTICS FOR         1 SELECTED ATOMS:
    XMIN =    0.000000 XMAX =    0.000000 XAVE =    0.000000
    YMIN =    0.000000 YMAX =    0.000000 YAVE =    0.000000
    ZMIN =    0.000000 ZMAX =    0.000000 ZAVE =    0.000000
    WMIN =    1.000000 WMAX =    1.000000 WAVE =    1.000000
  
 CHARMM>            calc xtran = @xpos - ?xave
 Parameter: XPOS -> "-1.48040531"
 RDCMND substituted energy or value "?XAVE" to "0"
Evaluating: -1.48040531-0
 Parameter: XTRAN <- "-1.48040531"
  
 CHARMM>            calc ytran = @ypos - ?yave
 Parameter: YPOS -> "-9.11540798"
 RDCMND substituted energy or value "?YAVE" to "0"
Evaluating: -9.11540798-0
 Parameter: YTRAN <- "-9.11540798"
  
 CHARMM>            calc ztran = @zpos - ?zave
 Parameter: ZPOS -> "34.05206"
 RDCMND substituted energy or value "?ZAVE" to "0"
Evaluating: 34.05206-0
 Parameter: ZTRAN <- "34.05206"
  
 CHARMM>            coor trans xdir @xtran ydir @ytran zdir @ztran select target end
 Parameter: XTRAN -> "-1.48040531"
 Parameter: YTRAN -> "-9.11540798"
 Parameter: ZTRAN -> "34.05206"
 SELRPN>      1 atoms have been selected out of  22374
 TRANSLATION VECTOR    -1.480405   -9.115408   34.052060
 SELECTED COORDINATES TRANSLATED IN THE MAIN SET.

  
 CHARMM>     
  
 CHARMM>            ! apply a random rotation along XYZ
  
 CHARMM>            calc xphi = ?random * 360.0
 RDCMND substituted energy or value "?RANDOM" to "0.420840953"
Evaluating: 0.420840953*360.0
 Parameter: XPHI <- "151.502743"
  
 CHARMM>            calc yphi = ?random * 360.0
 RDCMND substituted energy or value "?RANDOM" to "0.974145644"
Evaluating: 0.974145644*360.0
 Parameter: YPHI <- "350.692432"
  
 CHARMM>            calc zphi = ?random * 360.0
 RDCMND substituted energy or value "?RANDOM" to "0.677995878"
Evaluating: 0.677995878*360.0
 Parameter: ZPHI <- "244.078516"
  
 CHARMM>            coor rotate xcen @xpos ycen @ypos zcen @zpos xdir 1.0 -
 CHARMM>                phi @xphi select target end
 Parameter: XPOS -> "-1.48040531"
 Parameter: YPOS -> "-9.11540798"
 Parameter: ZPOS -> "34.05206"
 Parameter: XPHI -> "151.502743"
 SELRPN>      1 atoms have been selected out of  22374
 ROTATION MATRIX
    1.000000    0.000000    0.000000
    0.000000   -0.878840    0.477117
    0.000000   -0.477117   -0.878840

 AXIS OF ROTATION IS  1.000000  0.000000  0.000000  ANGLE IS  151.50

 SELECTED COORDINATES ROTATED IN THE MAIN SET.

  
 CHARMM>            coor rotate xcen @xpos ycen @ypos zcen @zpos ydir 1.0 -
 CHARMM>                phi @yphi select target end
 Parameter: XPOS -> "-1.48040531"
 Parameter: YPOS -> "-9.11540798"
 Parameter: ZPOS -> "34.05206"
 Parameter: YPHI -> "350.692432"
 SELRPN>      1 atoms have been selected out of  22374
 ROTATION MATRIX
    0.986834    0.000000    0.161734
    0.000000    1.000000    0.000000
   -0.161734    0.000000    0.986834

 AXIS OF ROTATION IS  0.000000 -1.000000  0.000000  ANGLE IS    9.31

 SELECTED COORDINATES ROTATED IN THE MAIN SET.

  
 CHARMM>            coor rotate xcen @xpos ycen @ypos zcen @zpos zdir 1.0 -
 CHARMM>                phi @zphi select target end
 Parameter: XPOS -> "-1.48040531"
 Parameter: YPOS -> "-9.11540798"
 Parameter: ZPOS -> "34.05206"
 Parameter: ZPHI -> "244.078516"
 SELRPN>      1 atoms have been selected out of  22374
 ROTATION MATRIX
   -0.437139   -0.899394    0.000000
    0.899394   -0.437139    0.000000
    0.000000    0.000000    1.000000

 AXIS OF ROTATION IS  0.000000  0.000000 -1.000000  ANGLE IS  115.92

 SELECTED COORDINATES ROTATED IN THE MAIN SET.

  
 CHARMM>     
  
 CHARMM>     
  
 CHARMM>            calc dcut = 3.5
Evaluating: 3.5
 Parameter: DCUT <- "3.5"
  
 CHARMM>     
  
 CHARMM>            coor stat sele target end
 SELRPN>      1 atoms have been selected out of  22374
 STATISTICS FOR         1 SELECTED ATOMS:
    XMIN =   -1.480405 XMAX =   -1.480405 XAVE =   -1.480405
    YMIN =   -9.115408 YMAX =   -9.115408 YAVE =   -9.115408
    ZMIN =   34.052060 ZMAX =   34.052060 ZAVE =   34.052060
    WMIN =    1.000000 WMAX =    1.000000 WAVE =    1.000000
  
 CHARMM>            calc xmax = ?xmax + @dcut
 Parameter: DCUT -> "3.5"
 RDCMND substituted energy or value "?XMAX" to "-1.48040531"
Evaluating: -1.48040531+3.5
 Parameter: XMAX <- "2.01959469"
  
 CHARMM>            calc ymax = ?ymax + @dcut
 Parameter: DCUT -> "3.5"
 RDCMND substituted energy or value "?YMAX" to "-9.11540798"
Evaluating: -9.11540798+3.5
 Parameter: YMAX <- "-5.61540798"
  
 CHARMM>            calc zmax = ?zmax + @dcut
 Parameter: DCUT -> "3.5"
 RDCMND substituted energy or value "?ZMAX" to "34.05206"
Evaluating: 34.05206+3.5
 Parameter: ZMAX <- "37.55206"
  
 CHARMM>            calc xmin = ?xmin - @dcut
 Parameter: DCUT -> "3.5"
 RDCMND substituted energy or value "?XMIN" to "-1.48040531"
Evaluating: -1.48040531-3.5
 Parameter: XMIN <- "-4.98040531"
  
 CHARMM>            calc ymin = ?ymin - @dcut
 Parameter: DCUT -> "3.5"
 RDCMND substituted energy or value "?YMIN" to "-9.11540798"
Evaluating: -9.11540798-3.5
 Parameter: YMIN <- "-12.615408"
  
 CHARMM>            calc zmin = ?zmin - @dcut
 Parameter: DCUT -> "3.5"
 RDCMND substituted energy or value "?ZMIN" to "34.05206"
Evaluating: 34.05206-3.5
 Parameter: ZMIN <- "30.55206"
  
 CHARMM>     
  
 CHARMM>            define JUNK sele .not. target .and. -
 CHARMM>                             prop X .lt. @xmax .and. prop X .gt. @xmin .and. -
 CHARMM>                             prop Y .lt. @ymax .and. prop Y .gt. @ymin .and. -
 CHARMM>                             prop Z .lt. @zmax .and. prop Z .gt. @zmin  end
 Parameter: XMAX -> "2.01959469"
 Parameter: XMIN -> "-4.98040531"
 Parameter: YMAX -> "-5.61540798"
 Parameter: YMIN -> "-12.615408"
 Parameter: ZMAX -> "37.55206"
 Parameter: ZMIN -> "30.55206"
 SELRPN>      0 atoms have been selected out of  22374
  
 CHARMM>     
  
 CHARMM>            ! check if the ions are too close to protein
  
 CHARMM>            define XXX sele PROT end
 SELRPN>      0 atoms have been selected out of  22374
  
 CHARMM>            if ?nsel .gt. 0 then
 RDCMND substituted energy or value "?NSEL" to "0"
 Comparing "0" and "0".
 IF test evaluated as false.  Skip to ELSE or ENDIF
  
 CHARMM>     
  
 CHARMM>            ! check if the ions are too close to solute
  
 CHARMM>            coor dist cut 4.0 sele target end sele JUNK .and. .not. hydrogen end image
 SELRPN>      1 atoms have been selected out of  34208
 SELRPN>      0 atoms have been selected out of  34208

            DISTANCES FOR SELECTED ATOMS
            ONLY ONE SELECTION SET SPECIFIED, A COMPARISON WILL BE DONE
 TOTAL EXCLUSION COUNT =         0
 TOTAL 1-4 EXCLUSIONS  =         0
 TOTAL NON-EXCLUSIONS  =         0
  
 CHARMM>            if ?npair .gt. 0 goto doinit
 RDCMND substituted energy or value "?NPAIR" to "0"
 Comparing "0" and "0".
 IF test evaluated as false.  Skipping command
  
 CHARMM>     
  
 CHARMM>            calc cntrand = 0
Evaluating: 0
 Parameter: CNTRAND <- "0"
  
 CHARMM>            increase i by 1
 Parameter: I <- "25"
  
 CHARMM>            if i .le. @nion goto doinit
 Parameter: NION -> "54"
 Comparing "25" and "54".
 IF test evaluated as true.  Performing command
  
 CHARMM>     
  
 CHARMM>            calc cntrand = @cntrand + 1
 Parameter: CNTRAND -> "0"
Evaluating: 0+1
 Parameter: CNTRAND <- "1"
  
 CHARMM>            if cntrand .gt. 100 stop ! ABNORMAL TERMINATION: ion placing may not work.. stop here
 Comparing "1" and "100".
 IF test evaluated as false.  Skipping command
  
 CHARMM>     
  
 CHARMM>            calc j = @i
 Parameter: I -> "25"
Evaluating: 25
 Parameter: J <- "25"
  
 CHARMM>            set ion = POS
 Parameter: ION <- "POS"
  
 CHARMM>     
  
 CHARMM>            if j .gt. @npos then
 Parameter: NPOS -> "37"
 Comparing "25" and "37".
 IF test evaluated as false.  Skip to ELSE or ENDIF
  
 CHARMM>     
  
 CHARMM>            define target select segid @ion .and. resid @j end
 Parameter: ION -> "POS"
 Parameter: J -> "25"
 SELRPN>      1 atoms have been selected out of  22374
  
 CHARMM>     
  
 CHARMM>            calc xpos = @A * ( ?random - 0.5 )
 Parameter: A -> "73.4166194"
 RDCMND substituted energy or value "?RANDOM" to "0.935634934"
Evaluating: 73.4166194*(0.935634934-0.5)
 Parameter: XPOS <- "31.9828441"
  
 CHARMM>            calc ypos = @B * ( ?random - 0.5 )
 Parameter: B -> "73.4166194"
 RDCMND substituted energy or value "?RANDOM" to "0.166487886"
Evaluating: 73.4166194*(0.166487886-0.5)
 Parameter: YPOS <- "-24.4853319"
  
 CHARMM>            calc zpos = @C * ( ?random - 0.5 ) + @zcen
 Parameter: C -> "85"
 Parameter: ZCEN -> "0"
 RDCMND substituted energy or value "?RANDOM" to "0.638108824"
Evaluating: 85*(0.638108824-0.5)+0
 Parameter: ZPOS <- "11.73925"
  
 CHARMM>     
  
 CHARMM>            if zpos .gt. -15 if zpos .lt. 15 goto doinit
 Comparing "11.73925" and "-15".
 IF test evaluated as true.  Performing command
 Comparing "11.73925" and "15".
 IF test evaluated as true.  Performing command
  
 CHARMM>     
  
 CHARMM>            calc cntrand = @cntrand + 1
 Parameter: CNTRAND -> "1"
Evaluating: 1+1
 Parameter: CNTRAND <- "2"
  
 CHARMM>            if cntrand .gt. 100 stop ! ABNORMAL TERMINATION: ion placing may not work.. stop here
 Comparing "2" and "100".
 IF test evaluated as false.  Skipping command
  
 CHARMM>     
  
 CHARMM>            calc j = @i
 Parameter: I -> "25"
Evaluating: 25
 Parameter: J <- "25"
  
 CHARMM>            set ion = POS
 Parameter: ION <- "POS"
  
 CHARMM>     
  
 CHARMM>            if j .gt. @npos then
 Parameter: NPOS -> "37"
 Comparing "25" and "37".
 IF test evaluated as false.  Skip to ELSE or ENDIF
  
 CHARMM>     
  
 CHARMM>            define target select segid @ion .and. resid @j end
 Parameter: ION -> "POS"
 Parameter: J -> "25"
 SELRPN>      1 atoms have been selected out of  22374
  
 CHARMM>     
  
 CHARMM>            calc xpos = @A * ( ?random - 0.5 )
 Parameter: A -> "73.4166194"
 RDCMND substituted energy or value "?RANDOM" to "0.150131243"
Evaluating: 73.4166194*(0.150131243-0.5)
 Parameter: XPOS <- "-25.6861814"
  
 CHARMM>            calc ypos = @B * ( ?random - 0.5 )
 Parameter: B -> "73.4166194"
 RDCMND substituted energy or value "?RANDOM" to "0.917507558"
Evaluating: 73.4166194*(0.917507558-0.5)
 Parameter: YPOS <- "30.6519935"
  
 CHARMM>            calc zpos = @C * ( ?random - 0.5 ) + @zcen
 Parameter: C -> "85"
 Parameter: ZCEN -> "0"
 RDCMND substituted energy or value "?RANDOM" to "0.173947818"
Evaluating: 85*(0.173947818-0.5)+0
 Parameter: ZPOS <- "-27.7144355"
  
 CHARMM>     
  
 CHARMM>            if zpos .gt. -15 if zpos .lt. 15 goto doinit
 Comparing "-27.7144355" and "-15".
 IF test evaluated as false.  Skipping command
  
 CHARMM>     
  
 CHARMM>            ! move target to selected position
  
 CHARMM>            coor stat select target end
 SELRPN>      1 atoms have been selected out of  22374
 STATISTICS FOR         1 SELECTED ATOMS:
    XMIN =    0.000000 XMAX =    0.000000 XAVE =    0.000000
    YMIN =    0.000000 YMAX =    0.000000 YAVE =    0.000000
    ZMIN =    0.000000 ZMAX =    0.000000 ZAVE =    0.000000
    WMIN =    1.000000 WMAX =    1.000000 WAVE =    1.000000
  
 CHARMM>            calc xtran = @xpos - ?xave
 Parameter: XPOS -> "-25.6861814"
 RDCMND substituted energy or value "?XAVE" to "0"
Evaluating: -25.6861814-0
 Parameter: XTRAN <- "-25.6861814"
  
 CHARMM>            calc ytran = @ypos - ?yave
 Parameter: YPOS -> "30.6519935"
 RDCMND substituted energy or value "?YAVE" to "0"
Evaluating: 30.6519935-0
 Parameter: YTRAN <- "30.6519935"
  
 CHARMM>            calc ztran = @zpos - ?zave
 Parameter: ZPOS -> "-27.7144355"
 RDCMND substituted energy or value "?ZAVE" to "0"
Evaluating: -27.7144355-0
 Parameter: ZTRAN <- "-27.7144355"
  
 CHARMM>            coor trans xdir @xtran ydir @ytran zdir @ztran select target end
 Parameter: XTRAN -> "-25.6861814"
 Parameter: YTRAN -> "30.6519935"
 Parameter: ZTRAN -> "-27.7144355"
 SELRPN>      1 atoms have been selected out of  22374
 TRANSLATION VECTOR   -25.686181   30.651993  -27.714436
 SELECTED COORDINATES TRANSLATED IN THE MAIN SET.

  
 CHARMM>     
  
 CHARMM>            ! apply a random rotation along XYZ
  
 CHARMM>            calc xphi = ?random * 360.0
 RDCMND substituted energy or value "?RANDOM" to "0.110475846"
Evaluating: 0.110475846*360.0
 Parameter: XPHI <- "39.7713046"
  
 CHARMM>            calc yphi = ?random * 360.0
 RDCMND substituted energy or value "?RANDOM" to "0.736904569"
Evaluating: 0.736904569*360.0
 Parameter: YPHI <- "265.285645"
  
 CHARMM>            calc zphi = ?random * 360.0
 RDCMND substituted energy or value "?RANDOM" to "0.591874907"
Evaluating: 0.591874907*360.0
 Parameter: ZPHI <- "213.074967"
  
 CHARMM>            coor rotate xcen @xpos ycen @ypos zcen @zpos xdir 1.0 -
 CHARMM>                phi @xphi select target end
 Parameter: XPOS -> "-25.6861814"
 Parameter: YPOS -> "30.6519935"
 Parameter: ZPOS -> "-27.7144355"
 Parameter: XPHI -> "39.7713046"
 SELRPN>      1 atoms have been selected out of  22374
 ROTATION MATRIX
    1.000000    0.000000    0.000000
    0.000000    0.768604    0.639725
    0.000000   -0.639725    0.768604

 AXIS OF ROTATION IS  1.000000  0.000000  0.000000  ANGLE IS   39.77

 SELECTED COORDINATES ROTATED IN THE MAIN SET.

  
 CHARMM>            coor rotate xcen @xpos ycen @ypos zcen @zpos ydir 1.0 -
 CHARMM>                phi @yphi select target end
 Parameter: XPOS -> "-25.6861814"
 Parameter: YPOS -> "30.6519935"
 Parameter: ZPOS -> "-27.7144355"
 Parameter: YPHI -> "265.285645"
 SELRPN>      1 atoms have been selected out of  22374
 ROTATION MATRIX
   -0.082188    0.000000    0.996617
    0.000000    1.000000    0.000000
   -0.996617    0.000000   -0.082188

 AXIS OF ROTATION IS  0.000000 -1.000000  0.000000  ANGLE IS   94.71

 SELECTED COORDINATES ROTATED IN THE MAIN SET.

  
 CHARMM>            coor rotate xcen @xpos ycen @ypos zcen @zpos zdir 1.0 -
 CHARMM>                phi @zphi select target end
 Parameter: XPOS -> "-25.6861814"
 Parameter: YPOS -> "30.6519935"
 Parameter: ZPOS -> "-27.7144355"
 Parameter: ZPHI -> "213.074967"
 SELRPN>      1 atoms have been selected out of  22374
 ROTATION MATRIX
   -0.837957   -0.545736    0.000000
    0.545736   -0.837957    0.000000
    0.000000    0.000000    1.000000

 AXIS OF ROTATION IS  0.000000  0.000000 -1.000000  ANGLE IS  146.93

 SELECTED COORDINATES ROTATED IN THE MAIN SET.

  
 CHARMM>     
  
 CHARMM>     
  
 CHARMM>            calc dcut = 3.5
Evaluating: 3.5
 Parameter: DCUT <- "3.5"
  
 CHARMM>     
  
 CHARMM>            coor stat sele target end
 SELRPN>      1 atoms have been selected out of  22374
 STATISTICS FOR         1 SELECTED ATOMS:
    XMIN =  -25.686181 XMAX =  -25.686181 XAVE =  -25.686181
    YMIN =   30.651993 YMAX =   30.651993 YAVE =   30.651993
    ZMIN =  -27.714436 ZMAX =  -27.714436 ZAVE =  -27.714436
    WMIN =    1.000000 WMAX =    1.000000 WAVE =    1.000000
  
 CHARMM>            calc xmax = ?xmax + @dcut
 Parameter: DCUT -> "3.5"
 RDCMND substituted energy or value "?XMAX" to "-25.6861814"
Evaluating: -25.6861814+3.5
 Parameter: XMAX <- "-22.1861814"
  
 CHARMM>            calc ymax = ?ymax + @dcut
 Parameter: DCUT -> "3.5"
 RDCMND substituted energy or value "?YMAX" to "30.6519935"
Evaluating: 30.6519935+3.5
 Parameter: YMAX <- "34.1519935"
  
 CHARMM>            calc zmax = ?zmax + @dcut
 Parameter: DCUT -> "3.5"
 RDCMND substituted energy or value "?ZMAX" to "-27.7144355"
Evaluating: -27.7144355+3.5
 Parameter: ZMAX <- "-24.2144355"
  
 CHARMM>            calc xmin = ?xmin - @dcut
 Parameter: DCUT -> "3.5"
 RDCMND substituted energy or value "?XMIN" to "-25.6861814"
Evaluating: -25.6861814-3.5
 Parameter: XMIN <- "-29.1861814"
  
 CHARMM>            calc ymin = ?ymin - @dcut
 Parameter: DCUT -> "3.5"
 RDCMND substituted energy or value "?YMIN" to "30.6519935"
Evaluating: 30.6519935-3.5
 Parameter: YMIN <- "27.1519935"
  
 CHARMM>            calc zmin = ?zmin - @dcut
 Parameter: DCUT -> "3.5"
 RDCMND substituted energy or value "?ZMIN" to "-27.7144355"
Evaluating: -27.7144355-3.5
 Parameter: ZMIN <- "-31.2144355"
  
 CHARMM>     
  
 CHARMM>            define JUNK sele .not. target .and. -
 CHARMM>                             prop X .lt. @xmax .and. prop X .gt. @xmin .and. -
 CHARMM>                             prop Y .lt. @ymax .and. prop Y .gt. @ymin .and. -
 CHARMM>                             prop Z .lt. @zmax .and. prop Z .gt. @zmin  end
 Parameter: XMAX -> "-22.1861814"
 Parameter: XMIN -> "-29.1861814"
 Parameter: YMAX -> "34.1519935"
 Parameter: YMIN -> "27.1519935"
 Parameter: ZMAX -> "-24.2144355"
 Parameter: ZMIN -> "-31.2144355"
 SELRPN>      0 atoms have been selected out of  22374
  
 CHARMM>     
  
 CHARMM>            ! check if the ions are too close to protein
  
 CHARMM>            define XXX sele PROT end
 SELRPN>      0 atoms have been selected out of  22374
  
 CHARMM>            if ?nsel .gt. 0 then
 RDCMND substituted energy or value "?NSEL" to "0"
 Comparing "0" and "0".
 IF test evaluated as false.  Skip to ELSE or ENDIF
  
 CHARMM>     
  
 CHARMM>            ! check if the ions are too close to solute
  
 CHARMM>            coor dist cut 4.0 sele target end sele JUNK .and. .not. hydrogen end image
 SELRPN>      1 atoms have been selected out of  34208
 SELRPN>      0 atoms have been selected out of  34208

            DISTANCES FOR SELECTED ATOMS
            ONLY ONE SELECTION SET SPECIFIED, A COMPARISON WILL BE DONE
 TOTAL EXCLUSION COUNT =         0
 TOTAL 1-4 EXCLUSIONS  =         0
 TOTAL NON-EXCLUSIONS  =         0
  
 CHARMM>            if ?npair .gt. 0 goto doinit
 RDCMND substituted energy or value "?NPAIR" to "0"
 Comparing "0" and "0".
 IF test evaluated as false.  Skipping command
  
 CHARMM>     
  
 CHARMM>            calc cntrand = 0
Evaluating: 0
 Parameter: CNTRAND <- "0"
  
 CHARMM>            increase i by 1
 Parameter: I <- "26"
  
 CHARMM>            if i .le. @nion goto doinit
 Parameter: NION -> "54"
 Comparing "26" and "54".
 IF test evaluated as true.  Performing command
  
 CHARMM>     
  
 CHARMM>            calc cntrand = @cntrand + 1
 Parameter: CNTRAND -> "0"
Evaluating: 0+1
 Parameter: CNTRAND <- "1"
  
 CHARMM>            if cntrand .gt. 100 stop ! ABNORMAL TERMINATION: ion placing may not work.. stop here
 Comparing "1" and "100".
 IF test evaluated as false.  Skipping command
  
 CHARMM>     
  
 CHARMM>            calc j = @i
 Parameter: I -> "26"
Evaluating: 26
 Parameter: J <- "26"
  
 CHARMM>            set ion = POS
 Parameter: ION <- "POS"
  
 CHARMM>     
  
 CHARMM>            if j .gt. @npos then
 Parameter: NPOS -> "37"
 Comparing "26" and "37".
 IF test evaluated as false.  Skip to ELSE or ENDIF
  
 CHARMM>     
  
 CHARMM>            define target select segid @ion .and. resid @j end
 Parameter: ION -> "POS"
 Parameter: J -> "26"
 SELRPN>      1 atoms have been selected out of  22374
  
 CHARMM>     
  
 CHARMM>            calc xpos = @A * ( ?random - 0.5 )
 Parameter: A -> "73.4166194"
 RDCMND substituted energy or value "?RANDOM" to "7.567352203E-02"
Evaluating: 73.4166194*(7.567352203E-02-0.5)
 Parameter: XPOS <- "-31.1526155"
  
 CHARMM>            calc ypos = @B * ( ?random - 0.5 )
 Parameter: B -> "73.4166194"
 RDCMND substituted energy or value "?RANDOM" to "0.52738724"
Evaluating: 73.4166194*(0.52738724-0.5)
 Parameter: YPOS <- "2.01067858"
  
 CHARMM>            calc zpos = @C * ( ?random - 0.5 ) + @zcen
 Parameter: C -> "85"
 Parameter: ZCEN -> "0"
 RDCMND substituted energy or value "?RANDOM" to "0.306995746"
Evaluating: 85*(0.306995746-0.5)+0
 Parameter: ZPOS <- "-16.4053616"
  
 CHARMM>     
  
 CHARMM>            if zpos .gt. -15 if zpos .lt. 15 goto doinit
 Comparing "-16.4053616" and "-15".
 IF test evaluated as false.  Skipping command
  
 CHARMM>     
  
 CHARMM>            ! move target to selected position
  
 CHARMM>            coor stat select target end
 SELRPN>      1 atoms have been selected out of  22374
 STATISTICS FOR         1 SELECTED ATOMS:
    XMIN =    0.000000 XMAX =    0.000000 XAVE =    0.000000
    YMIN =    0.000000 YMAX =    0.000000 YAVE =    0.000000
    ZMIN =    0.000000 ZMAX =    0.000000 ZAVE =    0.000000
    WMIN =    1.000000 WMAX =    1.000000 WAVE =    1.000000
  
 CHARMM>            calc xtran = @xpos - ?xave
 Parameter: XPOS -> "-31.1526155"
 RDCMND substituted energy or value "?XAVE" to "0"
Evaluating: -31.1526155-0
 Parameter: XTRAN <- "-31.1526155"
  
 CHARMM>            calc ytran = @ypos - ?yave
 Parameter: YPOS -> "2.01067858"
 RDCMND substituted energy or value "?YAVE" to "0"
Evaluating: 2.01067858-0
 Parameter: YTRAN <- "2.01067858"
  
 CHARMM>            calc ztran = @zpos - ?zave
 Parameter: ZPOS -> "-16.4053616"
 RDCMND substituted energy or value "?ZAVE" to "0"
Evaluating: -16.4053616-0
 Parameter: ZTRAN <- "-16.4053616"
  
 CHARMM>            coor trans xdir @xtran ydir @ytran zdir @ztran select target end
 Parameter: XTRAN -> "-31.1526155"
 Parameter: YTRAN -> "2.01067858"
 Parameter: ZTRAN -> "-16.4053616"
 SELRPN>      1 atoms have been selected out of  22374
 TRANSLATION VECTOR   -31.152615    2.010679  -16.405362
 SELECTED COORDINATES TRANSLATED IN THE MAIN SET.

  
 CHARMM>     
  
 CHARMM>            ! apply a random rotation along XYZ
  
 CHARMM>            calc xphi = ?random * 360.0
 RDCMND substituted energy or value "?RANDOM" to "0.104386707"
Evaluating: 0.104386707*360.0
 Parameter: XPHI <- "37.5792145"
  
 CHARMM>            calc yphi = ?random * 360.0
 RDCMND substituted energy or value "?RANDOM" to "0.720994016"
Evaluating: 0.720994016*360.0
 Parameter: YPHI <- "259.557846"
  
 CHARMM>            calc zphi = ?random * 360.0
 RDCMND substituted energy or value "?RANDOM" to "0.994863298"
Evaluating: 0.994863298*360.0
 Parameter: ZPHI <- "358.150787"
  
 CHARMM>            coor rotate xcen @xpos ycen @ypos zcen @zpos xdir 1.0 -
 CHARMM>                phi @xphi select target end
 Parameter: XPOS -> "-31.1526155"
 Parameter: YPOS -> "2.01067858"
 Parameter: ZPOS -> "-16.4053616"
 Parameter: XPHI -> "37.5792145"
 SELRPN>      1 atoms have been selected out of  22374
 ROTATION MATRIX
    1.000000    0.000000    0.000000
    0.000000    0.792511    0.609858
    0.000000   -0.609858    0.792511

 AXIS OF ROTATION IS  1.000000  0.000000  0.000000  ANGLE IS   37.58

 SELECTED COORDINATES ROTATED IN THE MAIN SET.

  
 CHARMM>            coor rotate xcen @xpos ycen @ypos zcen @zpos ydir 1.0 -
 CHARMM>                phi @yphi select target end
 Parameter: XPOS -> "-31.1526155"
 Parameter: YPOS -> "2.01067858"
 Parameter: ZPOS -> "-16.4053616"
 Parameter: YPHI -> "259.557846"
 SELRPN>      1 atoms have been selected out of  22374
 ROTATION MATRIX
   -0.181243    0.000000    0.983438
    0.000000    1.000000    0.000000
   -0.983438    0.000000   -0.181243

 AXIS OF ROTATION IS  0.000000 -1.000000  0.000000  ANGLE IS  100.44

 SELECTED COORDINATES ROTATED IN THE MAIN SET.

  
 CHARMM>            coor rotate xcen @xpos ycen @ypos zcen @zpos zdir 1.0 -
 CHARMM>                phi @zphi select target end
 Parameter: XPOS -> "-31.1526155"
 Parameter: YPOS -> "2.01067858"
 Parameter: ZPOS -> "-16.4053616"
 Parameter: ZPHI -> "358.150787"
 SELRPN>      1 atoms have been selected out of  22374
 ROTATION MATRIX
    0.999479   -0.032269    0.000000
    0.032269    0.999479    0.000000
    0.000000    0.000000    1.000000

 AXIS OF ROTATION IS  0.000000  0.000000 -1.000000  ANGLE IS    1.85

 SELECTED COORDINATES ROTATED IN THE MAIN SET.

  
 CHARMM>     
  
 CHARMM>     
  
 CHARMM>            calc dcut = 3.5
Evaluating: 3.5
 Parameter: DCUT <- "3.5"
  
 CHARMM>     
  
 CHARMM>            coor stat sele target end
 SELRPN>      1 atoms have been selected out of  22374
 STATISTICS FOR         1 SELECTED ATOMS:
    XMIN =  -31.152615 XMAX =  -31.152615 XAVE =  -31.152615
    YMIN =    2.010679 YMAX =    2.010679 YAVE =    2.010679
    ZMIN =  -16.405362 ZMAX =  -16.405362 ZAVE =  -16.405362
    WMIN =    1.000000 WMAX =    1.000000 WAVE =    1.000000
  
 CHARMM>            calc xmax = ?xmax + @dcut
 Parameter: DCUT -> "3.5"
 RDCMND substituted energy or value "?XMAX" to "-31.1526155"
Evaluating: -31.1526155+3.5
 Parameter: XMAX <- "-27.6526155"
  
 CHARMM>            calc ymax = ?ymax + @dcut
 Parameter: DCUT -> "3.5"
 RDCMND substituted energy or value "?YMAX" to "2.01067858"
Evaluating: 2.01067858+3.5
 Parameter: YMAX <- "5.51067858"
  
 CHARMM>            calc zmax = ?zmax + @dcut
 Parameter: DCUT -> "3.5"
 RDCMND substituted energy or value "?ZMAX" to "-16.4053616"
Evaluating: -16.4053616+3.5
 Parameter: ZMAX <- "-12.9053616"
  
 CHARMM>            calc xmin = ?xmin - @dcut
 Parameter: DCUT -> "3.5"
 RDCMND substituted energy or value "?XMIN" to "-31.1526155"
Evaluating: -31.1526155-3.5
 Parameter: XMIN <- "-34.6526155"
  
 CHARMM>            calc ymin = ?ymin - @dcut
 Parameter: DCUT -> "3.5"
 RDCMND substituted energy or value "?YMIN" to "2.01067858"
Evaluating: 2.01067858-3.5
 Parameter: YMIN <- "-1.48932142"
  
 CHARMM>            calc zmin = ?zmin - @dcut
 Parameter: DCUT -> "3.5"
 RDCMND substituted energy or value "?ZMIN" to "-16.4053616"
Evaluating: -16.4053616-3.5
 Parameter: ZMIN <- "-19.9053616"
  
 CHARMM>     
  
 CHARMM>            define JUNK sele .not. target .and. -
 CHARMM>                             prop X .lt. @xmax .and. prop X .gt. @xmin .and. -
 CHARMM>                             prop Y .lt. @ymax .and. prop Y .gt. @ymin .and. -
 CHARMM>                             prop Z .lt. @zmax .and. prop Z .gt. @zmin  end
 Parameter: XMAX -> "-27.6526155"
 Parameter: XMIN -> "-34.6526155"
 Parameter: YMAX -> "5.51067858"
 Parameter: YMIN -> "-1.48932142"
 Parameter: ZMAX -> "-12.9053616"
 Parameter: ZMIN -> "-19.9053616"
 SELRPN>     27 atoms have been selected out of  22374
  
 CHARMM>     
  
 CHARMM>            ! check if the ions are too close to protein
  
 CHARMM>            define XXX sele PROT end
 SELRPN>      0 atoms have been selected out of  22374
  
 CHARMM>            if ?nsel .gt. 0 then
 RDCMND substituted energy or value "?NSEL" to "0"
 Comparing "0" and "0".
 IF test evaluated as false.  Skip to ELSE or ENDIF
  
 CHARMM>     
  
 CHARMM>            ! check if the ions are too close to solute
  
 CHARMM>            coor dist cut 4.0 sele target end sele JUNK .and. .not. hydrogen end image
 SELRPN>      1 atoms have been selected out of  34208
 SELRPN>     15 atoms have been selected out of  34208

            DISTANCES FOR SELECTED ATOMS
22346 POS      SOD      26       SOD     -**** MEMB     OSM      136      OF            3.9970
22346 POS      SOD      26       SOD     -**** MEMB     SAPE     148      P             2.5868
22346 POS      SOD      26       SOD     -**** MEMB     SAPE     148      O13           3.2806
22346 POS      SOD      26       SOD     -**** MEMB     SAPE     148      O14           2.9558
22346 POS      SOD      26       SOD     -**** MEMB     SAPE     148      O11           1.4918
22346 POS      SOD      26       SOD     -**** MEMB     SAPE     148      C1            2.4018
22346 POS      SOD      26       SOD     -**** MEMB     SAPE     148      C2            2.5785
22346 POS      SOD      26       SOD     -**** MEMB     SAPE     148      O21           1.9487
22346 POS      SOD      26       SOD     -**** MEMB     SAPE     148      C21           2.8678
22346 POS      SOD      26       SOD     -**** MEMB     SAPE     148      O22           3.8054
22346 POS      SOD      26       SOD     -**** MEMB     SAPE     148      C22           3.2309
22346 POS      SOD      26       SOD     -**** MEMB     SAPE     148      C23           3.4517
 TOTAL EXCLUSION COUNT =         0
 TOTAL 1-4 EXCLUSIONS  =         0
 TOTAL NON-EXCLUSIONS  =        12
  
 CHARMM>            if ?npair .gt. 0 goto doinit
 RDCMND substituted energy or value "?NPAIR" to "12"
 Comparing "12" and "0".
 IF test evaluated as true.  Performing command
  
 CHARMM>     
  
 CHARMM>            calc cntrand = @cntrand + 1
 Parameter: CNTRAND -> "1"
Evaluating: 1+1
 Parameter: CNTRAND <- "2"
  
 CHARMM>            if cntrand .gt. 100 stop ! ABNORMAL TERMINATION: ion placing may not work.. stop here
 Comparing "2" and "100".
 IF test evaluated as false.  Skipping command
  
 CHARMM>     
  
 CHARMM>            calc j = @i
 Parameter: I -> "26"
Evaluating: 26
 Parameter: J <- "26"
  
 CHARMM>            set ion = POS
 Parameter: ION <- "POS"
  
 CHARMM>     
  
 CHARMM>            if j .gt. @npos then
 Parameter: NPOS -> "37"
 Comparing "26" and "37".
 IF test evaluated as false.  Skip to ELSE or ENDIF
  
 CHARMM>     
  
 CHARMM>            define target select segid @ion .and. resid @j end
 Parameter: ION -> "POS"
 Parameter: J -> "26"
 SELRPN>      1 atoms have been selected out of  22374
  
 CHARMM>     
  
 CHARMM>            calc xpos = @A * ( ?random - 0.5 )
 Parameter: A -> "73.4166194"
 RDCMND substituted energy or value "?RANDOM" to "8.079930434E-02"
Evaluating: 73.4166194*(8.079930434E-02-0.5)
 Parameter: XPOS <- "-30.7762979"
  
 CHARMM>            calc ypos = @B * ( ?random - 0.5 )
 Parameter: B -> "73.4166194"
 RDCMND substituted energy or value "?RANDOM" to "0.475585203"
Evaluating: 73.4166194*(0.475585203-0.5)
 Parameter: YPOS <- "-1.79245186"
  
 CHARMM>            calc zpos = @C * ( ?random - 0.5 ) + @zcen
 Parameter: C -> "85"
 Parameter: ZCEN -> "0"
 RDCMND substituted energy or value "?RANDOM" to "0.997723378"
Evaluating: 85*(0.997723378-0.5)+0
 Parameter: ZPOS <- "42.3064871"
  
 CHARMM>     
  
 CHARMM>            if zpos .gt. -15 if zpos .lt. 15 goto doinit
 Comparing "42.3064871" and "-15".
 IF test evaluated as true.  Performing command
 Comparing "42.3064871" and "15".
 IF test evaluated as false.  Skipping command
  
 CHARMM>     
  
 CHARMM>            ! move target to selected position
  
 CHARMM>            coor stat select target end
 SELRPN>      1 atoms have been selected out of  22374
 STATISTICS FOR         1 SELECTED ATOMS:
    XMIN =  -31.152615 XMAX =  -31.152615 XAVE =  -31.152615
    YMIN =    2.010679 YMAX =    2.010679 YAVE =    2.010679
    ZMIN =  -16.405362 ZMAX =  -16.405362 ZAVE =  -16.405362
    WMIN =    1.000000 WMAX =    1.000000 WAVE =    1.000000
  
 CHARMM>            calc xtran = @xpos - ?xave
 Parameter: XPOS -> "-30.7762979"
 RDCMND substituted energy or value "?XAVE" to "-31.1526155"
Evaluating: -30.7762979--31.1526155
 Parameter: XTRAN <- "0.3763176"
  
 CHARMM>            calc ytran = @ypos - ?yave
 Parameter: YPOS -> "-1.79245186"
 RDCMND substituted energy or value "?YAVE" to "2.01067858"
Evaluating: -1.79245186-2.01067858
 Parameter: YTRAN <- "-3.80313044"
  
 CHARMM>            calc ztran = @zpos - ?zave
 Parameter: ZPOS -> "42.3064871"
 RDCMND substituted energy or value "?ZAVE" to "-16.4053616"
Evaluating: 42.3064871--16.4053616
 Parameter: ZTRAN <- "58.7118487"
  
 CHARMM>            coor trans xdir @xtran ydir @ytran zdir @ztran select target end
 Parameter: XTRAN -> "0.3763176"
 Parameter: YTRAN -> "-3.80313044"
 Parameter: ZTRAN -> "58.7118487"
 SELRPN>      1 atoms have been selected out of  22374
 TRANSLATION VECTOR     0.376318   -3.803130   58.711849
 SELECTED COORDINATES TRANSLATED IN THE MAIN SET.

  
 CHARMM>     
  
 CHARMM>            ! apply a random rotation along XYZ
  
 CHARMM>            calc xphi = ?random * 360.0
 RDCMND substituted energy or value "?RANDOM" to "0.980814292"
Evaluating: 0.980814292*360.0
 Parameter: XPHI <- "353.093145"
  
 CHARMM>            calc yphi = ?random * 360.0
 RDCMND substituted energy or value "?RANDOM" to "0.988544911"
Evaluating: 0.988544911*360.0
 Parameter: YPHI <- "355.876168"
  
 CHARMM>            calc zphi = ?random * 360.0
 RDCMND substituted energy or value "?RANDOM" to "0.916934456"
Evaluating: 0.916934456*360.0
 Parameter: ZPHI <- "330.096404"
  
 CHARMM>            coor rotate xcen @xpos ycen @ypos zcen @zpos xdir 1.0 -
 CHARMM>                phi @xphi select target end
 Parameter: XPOS -> "-30.7762979"
 Parameter: YPOS -> "-1.79245186"
 Parameter: ZPOS -> "42.3064871"
 Parameter: XPHI -> "353.093145"
 SELRPN>      1 atoms have been selected out of  22374
 ROTATION MATRIX
    1.000000    0.000000    0.000000
    0.000000    0.992743   -0.120256
    0.000000    0.120256    0.992743

 AXIS OF ROTATION IS -1.000000  0.000000  0.000000  ANGLE IS    6.91

 SELECTED COORDINATES ROTATED IN THE MAIN SET.

  
 CHARMM>            coor rotate xcen @xpos ycen @ypos zcen @zpos ydir 1.0 -
 CHARMM>                phi @yphi select target end
 Parameter: XPOS -> "-30.7762979"
 Parameter: YPOS -> "-1.79245186"
 Parameter: ZPOS -> "42.3064871"
 Parameter: YPHI -> "355.876168"
 SELRPN>      1 atoms have been selected out of  22374
 ROTATION MATRIX
    0.997411    0.000000    0.071912
    0.000000    1.000000    0.000000
   -0.071912    0.000000    0.997411

 AXIS OF ROTATION IS  0.000000 -1.000000  0.000000  ANGLE IS    4.12

 SELECTED COORDINATES ROTATED IN THE MAIN SET.

  
 CHARMM>            coor rotate xcen @xpos ycen @ypos zcen @zpos zdir 1.0 -
 CHARMM>                phi @zphi select target end
 Parameter: XPOS -> "-30.7762979"
 Parameter: YPOS -> "-1.79245186"
 Parameter: ZPOS -> "42.3064871"
 Parameter: ZPHI -> "330.096404"
 SELRPN>      1 atoms have been selected out of  22374
 ROTATION MATRIX
    0.866865   -0.498542    0.000000
    0.498542    0.866865    0.000000
    0.000000    0.000000    1.000000

 AXIS OF ROTATION IS  0.000000  0.000000 -1.000000  ANGLE IS   29.90

 SELECTED COORDINATES ROTATED IN THE MAIN SET.

  
 CHARMM>     
  
 CHARMM>     
  
 CHARMM>            calc dcut = 3.5
Evaluating: 3.5
 Parameter: DCUT <- "3.5"
  
 CHARMM>     
  
 CHARMM>            coor stat sele target end
 SELRPN>      1 atoms have been selected out of  22374
 STATISTICS FOR         1 SELECTED ATOMS:
    XMIN =  -30.776298 XMAX =  -30.776298 XAVE =  -30.776298
    YMIN =   -1.792452 YMAX =   -1.792452 YAVE =   -1.792452
    ZMIN =   42.306487 ZMAX =   42.306487 ZAVE =   42.306487
    WMIN =    1.000000 WMAX =    1.000000 WAVE =    1.000000
  
 CHARMM>            calc xmax = ?xmax + @dcut
 Parameter: DCUT -> "3.5"
 RDCMND substituted energy or value "?XMAX" to "-30.7762979"
Evaluating: -30.7762979+3.5
 Parameter: XMAX <- "-27.2762979"
  
 CHARMM>            calc ymax = ?ymax + @dcut
 Parameter: DCUT -> "3.5"
 RDCMND substituted energy or value "?YMAX" to "-1.79245186"
Evaluating: -1.79245186+3.5
 Parameter: YMAX <- "1.70754814"
  
 CHARMM>            calc zmax = ?zmax + @dcut
 Parameter: DCUT -> "3.5"
 RDCMND substituted energy or value "?ZMAX" to "42.3064871"
Evaluating: 42.3064871+3.5
 Parameter: ZMAX <- "45.8064871"
  
 CHARMM>            calc xmin = ?xmin - @dcut
 Parameter: DCUT -> "3.5"
 RDCMND substituted energy or value "?XMIN" to "-30.7762979"
Evaluating: -30.7762979-3.5
 Parameter: XMIN <- "-34.2762979"
  
 CHARMM>            calc ymin = ?ymin - @dcut
 Parameter: DCUT -> "3.5"
 RDCMND substituted energy or value "?YMIN" to "-1.79245186"
Evaluating: -1.79245186-3.5
 Parameter: YMIN <- "-5.29245186"
  
 CHARMM>            calc zmin = ?zmin - @dcut
 Parameter: DCUT -> "3.5"
 RDCMND substituted energy or value "?ZMIN" to "42.3064871"
Evaluating: 42.3064871-3.5
 Parameter: ZMIN <- "38.8064871"
  
 CHARMM>     
  
 CHARMM>            define JUNK sele .not. target .and. -
 CHARMM>                             prop X .lt. @xmax .and. prop X .gt. @xmin .and. -
 CHARMM>                             prop Y .lt. @ymax .and. prop Y .gt. @ymin .and. -
 CHARMM>                             prop Z .lt. @zmax .and. prop Z .gt. @zmin  end
 Parameter: XMAX -> "-27.2762979"
 Parameter: XMIN -> "-34.2762979"
 Parameter: YMAX -> "1.70754814"
 Parameter: YMIN -> "-5.29245186"
 Parameter: ZMAX -> "45.8064871"
 Parameter: ZMIN -> "38.8064871"
 SELRPN>      0 atoms have been selected out of  22374
  
 CHARMM>     
  
 CHARMM>            ! check if the ions are too close to protein
  
 CHARMM>            define XXX sele PROT end
 SELRPN>      0 atoms have been selected out of  22374
  
 CHARMM>            if ?nsel .gt. 0 then
 RDCMND substituted energy or value "?NSEL" to "0"
 Comparing "0" and "0".
 IF test evaluated as false.  Skip to ELSE or ENDIF
  
 CHARMM>     
  
 CHARMM>            ! check if the ions are too close to solute
  
 CHARMM>            coor dist cut 4.0 sele target end sele JUNK .and. .not. hydrogen end image
 SELRPN>      1 atoms have been selected out of  34208
 SELRPN>      0 atoms have been selected out of  34208

            DISTANCES FOR SELECTED ATOMS
            ONLY ONE SELECTION SET SPECIFIED, A COMPARISON WILL BE DONE
 TOTAL EXCLUSION COUNT =         0
 TOTAL 1-4 EXCLUSIONS  =         0
 TOTAL NON-EXCLUSIONS  =         0
  
 CHARMM>            if ?npair .gt. 0 goto doinit
 RDCMND substituted energy or value "?NPAIR" to "0"
 Comparing "0" and "0".
 IF test evaluated as false.  Skipping command
  
 CHARMM>     
  
 CHARMM>            calc cntrand = 0
Evaluating: 0
 Parameter: CNTRAND <- "0"
  
 CHARMM>            increase i by 1
 Parameter: I <- "27"
  
 CHARMM>            if i .le. @nion goto doinit
 Parameter: NION -> "54"
 Comparing "27" and "54".
 IF test evaluated as true.  Performing command
  
 CHARMM>     
  
 CHARMM>            calc cntrand = @cntrand + 1
 Parameter: CNTRAND -> "0"
Evaluating: 0+1
 Parameter: CNTRAND <- "1"
  
 CHARMM>            if cntrand .gt. 100 stop ! ABNORMAL TERMINATION: ion placing may not work.. stop here
 Comparing "1" and "100".
 IF test evaluated as false.  Skipping command
  
 CHARMM>     
  
 CHARMM>            calc j = @i
 Parameter: I -> "27"
Evaluating: 27
 Parameter: J <- "27"
  
 CHARMM>            set ion = POS
 Parameter: ION <- "POS"
  
 CHARMM>     
  
 CHARMM>            if j .gt. @npos then
 Parameter: NPOS -> "37"
 Comparing "27" and "37".
 IF test evaluated as false.  Skip to ELSE or ENDIF
  
 CHARMM>     
  
 CHARMM>            define target select segid @ion .and. resid @j end
 Parameter: ION -> "POS"
 Parameter: J -> "27"
 SELRPN>      1 atoms have been selected out of  22374
  
 CHARMM>     
  
 CHARMM>            calc xpos = @A * ( ?random - 0.5 )
 Parameter: A -> "73.4166194"
 RDCMND substituted energy or value "?RANDOM" to "0.615508947"
Evaluating: 73.4166194*(0.615508947-0.5)
 Parameter: XPOS <- "8.4802764"
  
 CHARMM>            calc ypos = @B * ( ?random - 0.5 )
 Parameter: B -> "73.4166194"
 RDCMND substituted energy or value "?RANDOM" to "0.847801867"
Evaluating: 73.4166194*(0.847801867-0.5)
 Parameter: YPOS <- "25.5344373"
  
 CHARMM>            calc zpos = @C * ( ?random - 0.5 ) + @zcen
 Parameter: C -> "85"
 Parameter: ZCEN -> "0"
 RDCMND substituted energy or value "?RANDOM" to "0.165609807"
Evaluating: 85*(0.165609807-0.5)+0
 Parameter: ZPOS <- "-28.4231664"
  
 CHARMM>     
  
 CHARMM>            if zpos .gt. -15 if zpos .lt. 15 goto doinit
 Comparing "-28.4231664" and "-15".
 IF test evaluated as false.  Skipping command
  
 CHARMM>     
  
 CHARMM>            ! move target to selected position
  
 CHARMM>            coor stat select target end
 SELRPN>      1 atoms have been selected out of  22374
 STATISTICS FOR         1 SELECTED ATOMS:
    XMIN =    0.000000 XMAX =    0.000000 XAVE =    0.000000
    YMIN =    0.000000 YMAX =    0.000000 YAVE =    0.000000
    ZMIN =    0.000000 ZMAX =    0.000000 ZAVE =    0.000000
    WMIN =    1.000000 WMAX =    1.000000 WAVE =    1.000000
  
 CHARMM>            calc xtran = @xpos - ?xave
 Parameter: XPOS -> "8.4802764"
 RDCMND substituted energy or value "?XAVE" to "0"
Evaluating: 8.4802764-0
 Parameter: XTRAN <- "8.4802764"
  
 CHARMM>            calc ytran = @ypos - ?yave
 Parameter: YPOS -> "25.5344373"
 RDCMND substituted energy or value "?YAVE" to "0"
Evaluating: 25.5344373-0
 Parameter: YTRAN <- "25.5344373"
  
 CHARMM>            calc ztran = @zpos - ?zave
 Parameter: ZPOS -> "-28.4231664"
 RDCMND substituted energy or value "?ZAVE" to "0"
Evaluating: -28.4231664-0
 Parameter: ZTRAN <- "-28.4231664"
  
 CHARMM>            coor trans xdir @xtran ydir @ytran zdir @ztran select target end
 Parameter: XTRAN -> "8.4802764"
 Parameter: YTRAN -> "25.5344373"
 Parameter: ZTRAN -> "-28.4231664"
 SELRPN>      1 atoms have been selected out of  22374
 TRANSLATION VECTOR     8.480276   25.534437  -28.423166
 SELECTED COORDINATES TRANSLATED IN THE MAIN SET.

  
 CHARMM>     
  
 CHARMM>            ! apply a random rotation along XYZ
  
 CHARMM>            calc xphi = ?random * 360.0
 RDCMND substituted energy or value "?RANDOM" to "7.3355881E-02"
Evaluating: 7.3355881E-02*360.0
 Parameter: XPHI <- "26.4081172"
  
 CHARMM>            calc yphi = ?random * 360.0
 RDCMND substituted energy or value "?RANDOM" to "0.12378053"
Evaluating: 0.12378053*360.0
 Parameter: YPHI <- "44.5609908"
  
 CHARMM>            calc zphi = ?random * 360.0
 RDCMND substituted energy or value "?RANDOM" to "0.313065303"
Evaluating: 0.313065303*360.0
 Parameter: ZPHI <- "112.703509"
  
 CHARMM>            coor rotate xcen @xpos ycen @ypos zcen @zpos xdir 1.0 -
 CHARMM>                phi @xphi select target end
 Parameter: XPOS -> "8.4802764"
 Parameter: YPOS -> "25.5344373"
 Parameter: ZPOS -> "-28.4231664"
 Parameter: XPHI -> "26.4081172"
 SELRPN>      1 atoms have been selected out of  22374
 ROTATION MATRIX
    1.000000    0.000000    0.000000
    0.000000    0.895649    0.444762
    0.000000   -0.444762    0.895649

 AXIS OF ROTATION IS  1.000000  0.000000  0.000000  ANGLE IS   26.41

 SELECTED COORDINATES ROTATED IN THE MAIN SET.

  
 CHARMM>            coor rotate xcen @xpos ycen @ypos zcen @zpos ydir 1.0 -
 CHARMM>                phi @yphi select target end
 Parameter: XPOS -> "8.4802764"
 Parameter: YPOS -> "25.5344373"
 Parameter: ZPOS -> "-28.4231664"
 Parameter: YPHI -> "44.5609908"
 SELRPN>      1 atoms have been selected out of  22374
 ROTATION MATRIX
    0.712504    0.000000   -0.701668
    0.000000    1.000000    0.000000
    0.701668    0.000000    0.712504

 AXIS OF ROTATION IS  0.000000  1.000000  0.000000  ANGLE IS   44.56

 SELECTED COORDINATES ROTATED IN THE MAIN SET.

  
 CHARMM>            coor rotate xcen @xpos ycen @ypos zcen @zpos zdir 1.0 -
 CHARMM>                phi @zphi select target end
 Parameter: XPOS -> "8.4802764"
 Parameter: YPOS -> "25.5344373"
 Parameter: ZPOS -> "-28.4231664"
 Parameter: ZPHI -> "112.703509"
 SELRPN>      1 atoms have been selected out of  22374
 ROTATION MATRIX
   -0.385963    0.922514    0.000000
   -0.922514   -0.385963    0.000000
    0.000000    0.000000    1.000000

 AXIS OF ROTATION IS  0.000000  0.000000  1.000000  ANGLE IS  112.70

 SELECTED COORDINATES ROTATED IN THE MAIN SET.

  
 CHARMM>     
  
 CHARMM>     
  
 CHARMM>            calc dcut = 3.5
Evaluating: 3.5
 Parameter: DCUT <- "3.5"
  
 CHARMM>     
  
 CHARMM>            coor stat sele target end
 SELRPN>      1 atoms have been selected out of  22374
 STATISTICS FOR         1 SELECTED ATOMS:
    XMIN =    8.480276 XMAX =    8.480276 XAVE =    8.480276
    YMIN =   25.534437 YMAX =   25.534437 YAVE =   25.534437
    ZMIN =  -28.423166 ZMAX =  -28.423166 ZAVE =  -28.423166
    WMIN =    1.000000 WMAX =    1.000000 WAVE =    1.000000
  
 CHARMM>            calc xmax = ?xmax + @dcut
 Parameter: DCUT -> "3.5"
 RDCMND substituted energy or value "?XMAX" to "8.4802764"
Evaluating: 8.4802764+3.5
 Parameter: XMAX <- "11.9802764"
  
 CHARMM>            calc ymax = ?ymax + @dcut
 Parameter: DCUT -> "3.5"
 RDCMND substituted energy or value "?YMAX" to "25.5344373"
Evaluating: 25.5344373+3.5
 Parameter: YMAX <- "29.0344373"
  
 CHARMM>            calc zmax = ?zmax + @dcut
 Parameter: DCUT -> "3.5"
 RDCMND substituted energy or value "?ZMAX" to "-28.4231664"
Evaluating: -28.4231664+3.5
 Parameter: ZMAX <- "-24.9231664"
  
 CHARMM>            calc xmin = ?xmin - @dcut
 Parameter: DCUT -> "3.5"
 RDCMND substituted energy or value "?XMIN" to "8.4802764"
Evaluating: 8.4802764-3.5
 Parameter: XMIN <- "4.9802764"
  
 CHARMM>            calc ymin = ?ymin - @dcut
 Parameter: DCUT -> "3.5"
 RDCMND substituted energy or value "?YMIN" to "25.5344373"
Evaluating: 25.5344373-3.5
 Parameter: YMIN <- "22.0344373"
  
 CHARMM>            calc zmin = ?zmin - @dcut
 Parameter: DCUT -> "3.5"
 RDCMND substituted energy or value "?ZMIN" to "-28.4231664"
Evaluating: -28.4231664-3.5
 Parameter: ZMIN <- "-31.9231664"
  
 CHARMM>     
  
 CHARMM>            define JUNK sele .not. target .and. -
 CHARMM>                             prop X .lt. @xmax .and. prop X .gt. @xmin .and. -
 CHARMM>                             prop Y .lt. @ymax .and. prop Y .gt. @ymin .and. -
 CHARMM>                             prop Z .lt. @zmax .and. prop Z .gt. @zmin  end
 Parameter: XMAX -> "11.9802764"
 Parameter: XMIN -> "4.9802764"
 Parameter: YMAX -> "29.0344373"
 Parameter: YMIN -> "22.0344373"
 Parameter: ZMAX -> "-24.9231664"
 Parameter: ZMIN -> "-31.9231664"
 SELRPN>      0 atoms have been selected out of  22374
  
 CHARMM>     
  
 CHARMM>            ! check if the ions are too close to protein
  
 CHARMM>            define XXX sele PROT end
 SELRPN>      0 atoms have been selected out of  22374
  
 CHARMM>            if ?nsel .gt. 0 then
 RDCMND substituted energy or value "?NSEL" to "0"
 Comparing "0" and "0".
 IF test evaluated as false.  Skip to ELSE or ENDIF
  
 CHARMM>     
  
 CHARMM>            ! check if the ions are too close to solute
  
 CHARMM>            coor dist cut 4.0 sele target end sele JUNK .and. .not. hydrogen end image
 SELRPN>      1 atoms have been selected out of  34208
 SELRPN>      0 atoms have been selected out of  34208

            DISTANCES FOR SELECTED ATOMS
            ONLY ONE SELECTION SET SPECIFIED, A COMPARISON WILL BE DONE
 TOTAL EXCLUSION COUNT =         0
 TOTAL 1-4 EXCLUSIONS  =         0
 TOTAL NON-EXCLUSIONS  =         0
  
 CHARMM>            if ?npair .gt. 0 goto doinit
 RDCMND substituted energy or value "?NPAIR" to "0"
 Comparing "0" and "0".
 IF test evaluated as false.  Skipping command
  
 CHARMM>     
  
 CHARMM>            calc cntrand = 0
Evaluating: 0
 Parameter: CNTRAND <- "0"
  
 CHARMM>            increase i by 1
 Parameter: I <- "28"
  
 CHARMM>            if i .le. @nion goto doinit
 Parameter: NION -> "54"
 Comparing "28" and "54".
 IF test evaluated as true.  Performing command
  
 CHARMM>     
  
 CHARMM>            calc cntrand = @cntrand + 1
 Parameter: CNTRAND -> "0"
Evaluating: 0+1
 Parameter: CNTRAND <- "1"
  
 CHARMM>            if cntrand .gt. 100 stop ! ABNORMAL TERMINATION: ion placing may not work.. stop here
 Comparing "1" and "100".
 IF test evaluated as false.  Skipping command
  
 CHARMM>     
  
 CHARMM>            calc j = @i
 Parameter: I -> "28"
Evaluating: 28
 Parameter: J <- "28"
  
 CHARMM>            set ion = POS
 Parameter: ION <- "POS"
  
 CHARMM>     
  
 CHARMM>            if j .gt. @npos then
 Parameter: NPOS -> "37"
 Comparing "28" and "37".
 IF test evaluated as false.  Skip to ELSE or ENDIF
  
 CHARMM>     
  
 CHARMM>            define target select segid @ion .and. resid @j end
 Parameter: ION -> "POS"
 Parameter: J -> "28"
 SELRPN>      1 atoms have been selected out of  22374
  
 CHARMM>     
  
 CHARMM>            calc xpos = @A * ( ?random - 0.5 )
 Parameter: A -> "73.4166194"
 RDCMND substituted energy or value "?RANDOM" to "0.353475994"
Evaluating: 73.4166194*(0.353475994-0.5)
 Parameter: XPOS <- "-10.7572972"
  
 CHARMM>            calc ypos = @B * ( ?random - 0.5 )
 Parameter: B -> "73.4166194"
 RDCMND substituted energy or value "?RANDOM" to "0.805951754"
Evaluating: 73.4166194*(0.805951754-0.5)
 Parameter: YPOS <- "22.4619435"
  
 CHARMM>            calc zpos = @C * ( ?random - 0.5 ) + @zcen
 Parameter: C -> "85"
 Parameter: ZCEN -> "0"
 RDCMND substituted energy or value "?RANDOM" to "0.472314314"
Evaluating: 85*(0.472314314-0.5)+0
 Parameter: ZPOS <- "-2.35328331"
  
 CHARMM>     
  
 CHARMM>            if zpos .gt. -15 if zpos .lt. 15 goto doinit
 Comparing "-2.35328331" and "-15".
 IF test evaluated as true.  Performing command
 Comparing "-2.35328331" and "15".
 IF test evaluated as true.  Performing command
  
 CHARMM>     
  
 CHARMM>            calc cntrand = @cntrand + 1
 Parameter: CNTRAND -> "1"
Evaluating: 1+1
 Parameter: CNTRAND <- "2"
  
 CHARMM>            if cntrand .gt. 100 stop ! ABNORMAL TERMINATION: ion placing may not work.. stop here
 Comparing "2" and "100".
 IF test evaluated as false.  Skipping command
  
 CHARMM>     
  
 CHARMM>            calc j = @i
 Parameter: I -> "28"
Evaluating: 28
 Parameter: J <- "28"
  
 CHARMM>            set ion = POS
 Parameter: ION <- "POS"
  
 CHARMM>     
  
 CHARMM>            if j .gt. @npos then
 Parameter: NPOS -> "37"
 Comparing "28" and "37".
 IF test evaluated as false.  Skip to ELSE or ENDIF
  
 CHARMM>     
  
 CHARMM>            define target select segid @ion .and. resid @j end
 Parameter: ION -> "POS"
 Parameter: J -> "28"
 SELRPN>      1 atoms have been selected out of  22374
  
 CHARMM>     
  
 CHARMM>            calc xpos = @A * ( ?random - 0.5 )
 Parameter: A -> "73.4166194"
 RDCMND substituted energy or value "?RANDOM" to "0.860664896"
Evaluating: 73.4166194*(0.860664896-0.5)
 Parameter: XPOS <- "26.4787974"
  
 CHARMM>            calc ypos = @B * ( ?random - 0.5 )
 Parameter: B -> "73.4166194"
 RDCMND substituted energy or value "?RANDOM" to "0.37041669"
Evaluating: 73.4166194*(0.37041669-0.5)
 Parameter: YPOS <- "-9.51356855"
  
 CHARMM>            calc zpos = @C * ( ?random - 0.5 ) + @zcen
 Parameter: C -> "85"
 Parameter: ZCEN -> "0"
 RDCMND substituted energy or value "?RANDOM" to "7.57895634E-02"
Evaluating: 85*(7.57895634E-02-0.5)+0
 Parameter: ZPOS <- "-36.0578871"
  
 CHARMM>     
  
 CHARMM>            if zpos .gt. -15 if zpos .lt. 15 goto doinit
 Comparing "-36.0578871" and "-15".
 IF test evaluated as false.  Skipping command
  
 CHARMM>     
  
 CHARMM>            ! move target to selected position
  
 CHARMM>            coor stat select target end
 SELRPN>      1 atoms have been selected out of  22374
 STATISTICS FOR         1 SELECTED ATOMS:
    XMIN =    0.000000 XMAX =    0.000000 XAVE =    0.000000
    YMIN =    0.000000 YMAX =    0.000000 YAVE =    0.000000
    ZMIN =    0.000000 ZMAX =    0.000000 ZAVE =    0.000000
    WMIN =    1.000000 WMAX =    1.000000 WAVE =    1.000000
  
 CHARMM>            calc xtran = @xpos - ?xave
 Parameter: XPOS -> "26.4787974"
 RDCMND substituted energy or value "?XAVE" to "0"
Evaluating: 26.4787974-0
 Parameter: XTRAN <- "26.4787974"
  
 CHARMM>            calc ytran = @ypos - ?yave
 Parameter: YPOS -> "-9.51356855"
 RDCMND substituted energy or value "?YAVE" to "0"
Evaluating: -9.51356855-0
 Parameter: YTRAN <- "-9.51356855"
  
 CHARMM>            calc ztran = @zpos - ?zave
 Parameter: ZPOS -> "-36.0578871"
 RDCMND substituted energy or value "?ZAVE" to "0"
Evaluating: -36.0578871-0
 Parameter: ZTRAN <- "-36.0578871"
  
 CHARMM>            coor trans xdir @xtran ydir @ytran zdir @ztran select target end
 Parameter: XTRAN -> "26.4787974"
 Parameter: YTRAN -> "-9.51356855"
 Parameter: ZTRAN -> "-36.0578871"
 SELRPN>      1 atoms have been selected out of  22374
 TRANSLATION VECTOR    26.478797   -9.513569  -36.057887
 SELECTED COORDINATES TRANSLATED IN THE MAIN SET.

  
 CHARMM>     
  
 CHARMM>            ! apply a random rotation along XYZ
  
 CHARMM>            calc xphi = ?random * 360.0
 RDCMND substituted energy or value "?RANDOM" to "0.31245868"
Evaluating: 0.31245868*360.0
 Parameter: XPHI <- "112.485125"
  
 CHARMM>            calc yphi = ?random * 360.0
 RDCMND substituted energy or value "?RANDOM" to "0.262148328"
Evaluating: 0.262148328*360.0
 Parameter: YPHI <- "94.3733981"
  
 CHARMM>            calc zphi = ?random * 360.0
 RDCMND substituted energy or value "?RANDOM" to "0.877764798"
Evaluating: 0.877764798*360.0
 Parameter: ZPHI <- "315.995327"
  
 CHARMM>            coor rotate xcen @xpos ycen @ypos zcen @zpos xdir 1.0 -
 CHARMM>                phi @xphi select target end
 Parameter: XPOS -> "26.4787974"
 Parameter: YPOS -> "-9.51356855"
 Parameter: ZPOS -> "-36.0578871"
 Parameter: XPHI -> "112.485125"
 SELRPN>      1 atoms have been selected out of  22374
 ROTATION MATRIX
    1.000000    0.000000    0.000000
    0.000000   -0.382444    0.923979
    0.000000   -0.923979   -0.382444

 AXIS OF ROTATION IS  1.000000  0.000000  0.000000  ANGLE IS  112.49

 SELECTED COORDINATES ROTATED IN THE MAIN SET.

  
 CHARMM>            coor rotate xcen @xpos ycen @ypos zcen @zpos ydir 1.0 -
 CHARMM>                phi @yphi select target end
 Parameter: XPOS -> "26.4787974"
 Parameter: YPOS -> "-9.51356855"
 Parameter: ZPOS -> "-36.0578871"
 Parameter: YPHI -> "94.3733981"
 SELRPN>      1 atoms have been selected out of  22374
 ROTATION MATRIX
   -0.076256    0.000000   -0.997088
    0.000000    1.000000    0.000000
    0.997088    0.000000   -0.076256

 AXIS OF ROTATION IS  0.000000  1.000000  0.000000  ANGLE IS   94.37

 SELECTED COORDINATES ROTATED IN THE MAIN SET.

  
 CHARMM>            coor rotate xcen @xpos ycen @ypos zcen @zpos zdir 1.0 -
 CHARMM>                phi @zphi select target end
 Parameter: XPOS -> "26.4787974"
 Parameter: YPOS -> "-9.51356855"
 Parameter: ZPOS -> "-36.0578871"
 Parameter: ZPHI -> "315.995327"
 SELRPN>      1 atoms have been selected out of  22374
 ROTATION MATRIX
    0.719283   -0.694717    0.000000
    0.694717    0.719283    0.000000
    0.000000    0.000000    1.000000

 AXIS OF ROTATION IS  0.000000  0.000000 -1.000000  ANGLE IS   44.00

 SELECTED COORDINATES ROTATED IN THE MAIN SET.

  
 CHARMM>     
  
 CHARMM>     
  
 CHARMM>            calc dcut = 3.5
Evaluating: 3.5
 Parameter: DCUT <- "3.5"
  
 CHARMM>     
  
 CHARMM>            coor stat sele target end
 SELRPN>      1 atoms have been selected out of  22374
 STATISTICS FOR         1 SELECTED ATOMS:
    XMIN =   26.478797 XMAX =   26.478797 XAVE =   26.478797
    YMIN =   -9.513569 YMAX =   -9.513569 YAVE =   -9.513569
    ZMIN =  -36.057887 ZMAX =  -36.057887 ZAVE =  -36.057887
    WMIN =    1.000000 WMAX =    1.000000 WAVE =    1.000000
  
 CHARMM>            calc xmax = ?xmax + @dcut
 Parameter: DCUT -> "3.5"
 RDCMND substituted energy or value "?XMAX" to "26.4787974"
Evaluating: 26.4787974+3.5
 Parameter: XMAX <- "29.9787974"
  
 CHARMM>            calc ymax = ?ymax + @dcut
 Parameter: DCUT -> "3.5"
 RDCMND substituted energy or value "?YMAX" to "-9.51356855"
Evaluating: -9.51356855+3.5
 Parameter: YMAX <- "-6.01356855"
  
 CHARMM>            calc zmax = ?zmax + @dcut
 Parameter: DCUT -> "3.5"
 RDCMND substituted energy or value "?ZMAX" to "-36.0578871"
Evaluating: -36.0578871+3.5
 Parameter: ZMAX <- "-32.5578871"
  
 CHARMM>            calc xmin = ?xmin - @dcut
 Parameter: DCUT -> "3.5"
 RDCMND substituted energy or value "?XMIN" to "26.4787974"
Evaluating: 26.4787974-3.5
 Parameter: XMIN <- "22.9787974"
  
 CHARMM>            calc ymin = ?ymin - @dcut
 Parameter: DCUT -> "3.5"
 RDCMND substituted energy or value "?YMIN" to "-9.51356855"
Evaluating: -9.51356855-3.5
 Parameter: YMIN <- "-13.0135686"
  
 CHARMM>            calc zmin = ?zmin - @dcut
 Parameter: DCUT -> "3.5"
 RDCMND substituted energy or value "?ZMIN" to "-36.0578871"
Evaluating: -36.0578871-3.5
 Parameter: ZMIN <- "-39.5578871"
  
 CHARMM>     
  
 CHARMM>            define JUNK sele .not. target .and. -
 CHARMM>                             prop X .lt. @xmax .and. prop X .gt. @xmin .and. -
 CHARMM>                             prop Y .lt. @ymax .and. prop Y .gt. @ymin .and. -
 CHARMM>                             prop Z .lt. @zmax .and. prop Z .gt. @zmin  end
 Parameter: XMAX -> "29.9787974"
 Parameter: XMIN -> "22.9787974"
 Parameter: YMAX -> "-6.01356855"
 Parameter: YMIN -> "-13.0135686"
 Parameter: ZMAX -> "-32.5578871"
 Parameter: ZMIN -> "-39.5578871"
 SELRPN>      0 atoms have been selected out of  22374
  
 CHARMM>     
  
 CHARMM>            ! check if the ions are too close to protein
  
 CHARMM>            define XXX sele PROT end
 SELRPN>      0 atoms have been selected out of  22374
  
 CHARMM>            if ?nsel .gt. 0 then
 RDCMND substituted energy or value "?NSEL" to "0"
 Comparing "0" and "0".
 IF test evaluated as false.  Skip to ELSE or ENDIF
  
 CHARMM>     
  
 CHARMM>            ! check if the ions are too close to solute
  
 CHARMM>            coor dist cut 4.0 sele target end sele JUNK .and. .not. hydrogen end image
 SELRPN>      1 atoms have been selected out of  34208
 SELRPN>      0 atoms have been selected out of  34208

            DISTANCES FOR SELECTED ATOMS
            ONLY ONE SELECTION SET SPECIFIED, A COMPARISON WILL BE DONE
 TOTAL EXCLUSION COUNT =         0
 TOTAL 1-4 EXCLUSIONS  =         0
 TOTAL NON-EXCLUSIONS  =         0
  
 CHARMM>            if ?npair .gt. 0 goto doinit
 RDCMND substituted energy or value "?NPAIR" to "0"
 Comparing "0" and "0".
 IF test evaluated as false.  Skipping command
  
 CHARMM>     
  
 CHARMM>            calc cntrand = 0
Evaluating: 0
 Parameter: CNTRAND <- "0"
  
 CHARMM>            increase i by 1
 Parameter: I <- "29"
  
 CHARMM>            if i .le. @nion goto doinit
 Parameter: NION -> "54"
 Comparing "29" and "54".
 IF test evaluated as true.  Performing command
  
 CHARMM>     
  
 CHARMM>            calc cntrand = @cntrand + 1
 Parameter: CNTRAND -> "0"
Evaluating: 0+1
 Parameter: CNTRAND <- "1"
  
 CHARMM>            if cntrand .gt. 100 stop ! ABNORMAL TERMINATION: ion placing may not work.. stop here
 Comparing "1" and "100".
 IF test evaluated as false.  Skipping command
  
 CHARMM>     
  
 CHARMM>            calc j = @i
 Parameter: I -> "29"
Evaluating: 29
 Parameter: J <- "29"
  
 CHARMM>            set ion = POS
 Parameter: ION <- "POS"
  
 CHARMM>     
  
 CHARMM>            if j .gt. @npos then
 Parameter: NPOS -> "37"
 Comparing "29" and "37".
 IF test evaluated as false.  Skip to ELSE or ENDIF
  
 CHARMM>     
  
 CHARMM>            define target select segid @ion .and. resid @j end
 Parameter: ION -> "POS"
 Parameter: J -> "29"
 SELRPN>      1 atoms have been selected out of  22374
  
 CHARMM>     
  
 CHARMM>            calc xpos = @A * ( ?random - 0.5 )
 Parameter: A -> "73.4166194"
 RDCMND substituted energy or value "?RANDOM" to "0.697654591"
Evaluating: 73.4166194*(0.697654591-0.5)
 Parameter: XPOS <- "14.5111319"
  
 CHARMM>            calc ypos = @B * ( ?random - 0.5 )
 Parameter: B -> "73.4166194"
 RDCMND substituted energy or value "?RANDOM" to "0.618228265"
Evaluating: 73.4166194*(0.618228265-0.5)
 Parameter: YPOS <- "8.67991953"
  
 CHARMM>            calc zpos = @C * ( ?random - 0.5 ) + @zcen
 Parameter: C -> "85"
 Parameter: ZCEN -> "0"
 RDCMND substituted energy or value "?RANDOM" to "4.313364275E-02"
Evaluating: 85*(4.313364275E-02-0.5)+0
 Parameter: ZPOS <- "-38.8336404"
  
 CHARMM>     
  
 CHARMM>            if zpos .gt. -15 if zpos .lt. 15 goto doinit
 Comparing "-38.8336404" and "-15".
 IF test evaluated as false.  Skipping command
  
 CHARMM>     
  
 CHARMM>            ! move target to selected position
  
 CHARMM>            coor stat select target end
 SELRPN>      1 atoms have been selected out of  22374
 STATISTICS FOR         1 SELECTED ATOMS:
    XMIN =    0.000000 XMAX =    0.000000 XAVE =    0.000000
    YMIN =    0.000000 YMAX =    0.000000 YAVE =    0.000000
    ZMIN =    0.000000 ZMAX =    0.000000 ZAVE =    0.000000
    WMIN =    1.000000 WMAX =    1.000000 WAVE =    1.000000
  
 CHARMM>            calc xtran = @xpos - ?xave
 Parameter: XPOS -> "14.5111319"
 RDCMND substituted energy or value "?XAVE" to "0"
Evaluating: 14.5111319-0
 Parameter: XTRAN <- "14.5111319"
  
 CHARMM>            calc ytran = @ypos - ?yave
 Parameter: YPOS -> "8.67991953"
 RDCMND substituted energy or value "?YAVE" to "0"
Evaluating: 8.67991953-0
 Parameter: YTRAN <- "8.67991953"
  
 CHARMM>            calc ztran = @zpos - ?zave
 Parameter: ZPOS -> "-38.8336404"
 RDCMND substituted energy or value "?ZAVE" to "0"
Evaluating: -38.8336404-0
 Parameter: ZTRAN <- "-38.8336404"
  
 CHARMM>            coor trans xdir @xtran ydir @ytran zdir @ztran select target end
 Parameter: XTRAN -> "14.5111319"
 Parameter: YTRAN -> "8.67991953"
 Parameter: ZTRAN -> "-38.8336404"
 SELRPN>      1 atoms have been selected out of  22374
 TRANSLATION VECTOR    14.511132    8.679920  -38.833640
 SELECTED COORDINATES TRANSLATED IN THE MAIN SET.

  
 CHARMM>     
  
 CHARMM>            ! apply a random rotation along XYZ
  
 CHARMM>            calc xphi = ?random * 360.0
 RDCMND substituted energy or value "?RANDOM" to "0.698912981"
Evaluating: 0.698912981*360.0
 Parameter: XPHI <- "251.608673"
  
 CHARMM>            calc yphi = ?random * 360.0
 RDCMND substituted energy or value "?RANDOM" to "0.196287954"
Evaluating: 0.196287954*360.0
 Parameter: YPHI <- "70.6636634"
  
 CHARMM>            calc zphi = ?random * 360.0
 RDCMND substituted energy or value "?RANDOM" to "0.411768176"
Evaluating: 0.411768176*360.0
 Parameter: ZPHI <- "148.236543"
  
 CHARMM>            coor rotate xcen @xpos ycen @ypos zcen @zpos xdir 1.0 -
 CHARMM>                phi @xphi select target end
 Parameter: XPOS -> "14.5111319"
 Parameter: YPOS -> "8.67991953"
 Parameter: ZPOS -> "-38.8336404"
 Parameter: XPHI -> "251.608673"
 SELRPN>      1 atoms have been selected out of  22374
 ROTATION MATRIX
    1.000000    0.000000    0.000000
    0.000000   -0.315505   -0.948924
    0.000000    0.948924   -0.315505

 AXIS OF ROTATION IS -1.000000  0.000000  0.000000  ANGLE IS  108.39

 SELECTED COORDINATES ROTATED IN THE MAIN SET.

  
 CHARMM>            coor rotate xcen @xpos ycen @ypos zcen @zpos ydir 1.0 -
 CHARMM>                phi @yphi select target end
 Parameter: XPOS -> "14.5111319"
 Parameter: YPOS -> "8.67991953"
 Parameter: ZPOS -> "-38.8336404"
 Parameter: YPHI -> "70.6636634"
 SELRPN>      1 atoms have been selected out of  22374
 ROTATION MATRIX
    0.331113    0.000000   -0.943591
    0.000000    1.000000    0.000000
    0.943591    0.000000    0.331113

 AXIS OF ROTATION IS  0.000000  1.000000  0.000000  ANGLE IS   70.66

 SELECTED COORDINATES ROTATED IN THE MAIN SET.

  
 CHARMM>            coor rotate xcen @xpos ycen @ypos zcen @zpos zdir 1.0 -
 CHARMM>                phi @zphi select target end
 Parameter: XPOS -> "14.5111319"
 Parameter: YPOS -> "8.67991953"
 Parameter: ZPOS -> "-38.8336404"
 Parameter: ZPHI -> "148.236543"
 SELRPN>      1 atoms have been selected out of  22374
 ROTATION MATRIX
   -0.850229    0.526414    0.000000
   -0.526414   -0.850229    0.000000
    0.000000    0.000000    1.000000

 AXIS OF ROTATION IS  0.000000  0.000000  1.000000  ANGLE IS  148.24

 SELECTED COORDINATES ROTATED IN THE MAIN SET.

  
 CHARMM>     
  
 CHARMM>     
  
 CHARMM>            calc dcut = 3.5
Evaluating: 3.5
 Parameter: DCUT <- "3.5"
  
 CHARMM>     
  
 CHARMM>            coor stat sele target end
 SELRPN>      1 atoms have been selected out of  22374
 STATISTICS FOR         1 SELECTED ATOMS:
    XMIN =   14.511132 XMAX =   14.511132 XAVE =   14.511132
    YMIN =    8.679920 YMAX =    8.679920 YAVE =    8.679920
    ZMIN =  -38.833640 ZMAX =  -38.833640 ZAVE =  -38.833640
    WMIN =    1.000000 WMAX =    1.000000 WAVE =    1.000000
  
 CHARMM>            calc xmax = ?xmax + @dcut
 Parameter: DCUT -> "3.5"
 RDCMND substituted energy or value "?XMAX" to "14.5111319"
Evaluating: 14.5111319+3.5
 Parameter: XMAX <- "18.0111319"
  
 CHARMM>            calc ymax = ?ymax + @dcut
 Parameter: DCUT -> "3.5"
 RDCMND substituted energy or value "?YMAX" to "8.67991953"
Evaluating: 8.67991953+3.5
 Parameter: YMAX <- "12.1799195"
  
 CHARMM>            calc zmax = ?zmax + @dcut
 Parameter: DCUT -> "3.5"
 RDCMND substituted energy or value "?ZMAX" to "-38.8336404"
Evaluating: -38.8336404+3.5
 Parameter: ZMAX <- "-35.3336404"
  
 CHARMM>            calc xmin = ?xmin - @dcut
 Parameter: DCUT -> "3.5"
 RDCMND substituted energy or value "?XMIN" to "14.5111319"
Evaluating: 14.5111319-3.5
 Parameter: XMIN <- "11.0111319"
  
 CHARMM>            calc ymin = ?ymin - @dcut
 Parameter: DCUT -> "3.5"
 RDCMND substituted energy or value "?YMIN" to "8.67991953"
Evaluating: 8.67991953-3.5
 Parameter: YMIN <- "5.17991953"
  
 CHARMM>            calc zmin = ?zmin - @dcut
 Parameter: DCUT -> "3.5"
 RDCMND substituted energy or value "?ZMIN" to "-38.8336404"
Evaluating: -38.8336404-3.5
 Parameter: ZMIN <- "-42.3336404"
  
 CHARMM>     
  
 CHARMM>            define JUNK sele .not. target .and. -
 CHARMM>                             prop X .lt. @xmax .and. prop X .gt. @xmin .and. -
 CHARMM>                             prop Y .lt. @ymax .and. prop Y .gt. @ymin .and. -
 CHARMM>                             prop Z .lt. @zmax .and. prop Z .gt. @zmin  end
 Parameter: XMAX -> "18.0111319"
 Parameter: XMIN -> "11.0111319"
 Parameter: YMAX -> "12.1799195"
 Parameter: YMIN -> "5.17991953"
 Parameter: ZMAX -> "-35.3336404"
 Parameter: ZMIN -> "-42.3336404"
 SELRPN>      0 atoms have been selected out of  22374
  
 CHARMM>     
  
 CHARMM>            ! check if the ions are too close to protein
  
 CHARMM>            define XXX sele PROT end
 SELRPN>      0 atoms have been selected out of  22374
  
 CHARMM>            if ?nsel .gt. 0 then
 RDCMND substituted energy or value "?NSEL" to "0"
 Comparing "0" and "0".
 IF test evaluated as false.  Skip to ELSE or ENDIF
  
 CHARMM>     
  
 CHARMM>            ! check if the ions are too close to solute
  
 CHARMM>            coor dist cut 4.0 sele target end sele JUNK .and. .not. hydrogen end image
 SELRPN>      1 atoms have been selected out of  34208
 SELRPN>      0 atoms have been selected out of  34208

            DISTANCES FOR SELECTED ATOMS
            ONLY ONE SELECTION SET SPECIFIED, A COMPARISON WILL BE DONE
 TOTAL EXCLUSION COUNT =         0
 TOTAL 1-4 EXCLUSIONS  =         0
 TOTAL NON-EXCLUSIONS  =         0
  
 CHARMM>            if ?npair .gt. 0 goto doinit
 RDCMND substituted energy or value "?NPAIR" to "0"
 Comparing "0" and "0".
 IF test evaluated as false.  Skipping command
  
 CHARMM>     
  
 CHARMM>            calc cntrand = 0
Evaluating: 0
 Parameter: CNTRAND <- "0"
  
 CHARMM>            increase i by 1
 Parameter: I <- "30"
  
 CHARMM>            if i .le. @nion goto doinit
 Parameter: NION -> "54"
 Comparing "30" and "54".
 IF test evaluated as true.  Performing command
  
 CHARMM>     
  
 CHARMM>            calc cntrand = @cntrand + 1
 Parameter: CNTRAND -> "0"
Evaluating: 0+1
 Parameter: CNTRAND <- "1"
  
 CHARMM>            if cntrand .gt. 100 stop ! ABNORMAL TERMINATION: ion placing may not work.. stop here
 Comparing "1" and "100".
 IF test evaluated as false.  Skipping command
  
 CHARMM>     
  
 CHARMM>            calc j = @i
 Parameter: I -> "30"
Evaluating: 30
 Parameter: J <- "30"
  
 CHARMM>            set ion = POS
 Parameter: ION <- "POS"
  
 CHARMM>     
  
 CHARMM>            if j .gt. @npos then
 Parameter: NPOS -> "37"
 Comparing "30" and "37".
 IF test evaluated as false.  Skip to ELSE or ENDIF
  
 CHARMM>     
  
 CHARMM>            define target select segid @ion .and. resid @j end
 Parameter: ION -> "POS"
 Parameter: J -> "30"
 SELRPN>      1 atoms have been selected out of  22374
  
 CHARMM>     
  
 CHARMM>            calc xpos = @A * ( ?random - 0.5 )
 Parameter: A -> "73.4166194"
 RDCMND substituted energy or value "?RANDOM" to "0.235650577"
Evaluating: 73.4166194*(0.235650577-0.5)
 Parameter: XPOS <- "-19.407641"
  
 CHARMM>            calc ypos = @B * ( ?random - 0.5 )
 Parameter: B -> "73.4166194"
 RDCMND substituted energy or value "?RANDOM" to "0.885861771"
Evaluating: 73.4166194*(0.885861771-0.5)
 Parameter: YPOS <- "28.3286668"
  
 CHARMM>            calc zpos = @C * ( ?random - 0.5 ) + @zcen
 Parameter: C -> "85"
 Parameter: ZCEN -> "0"
 RDCMND substituted energy or value "?RANDOM" to "0.83671295"
Evaluating: 85*(0.83671295-0.5)+0
 Parameter: ZPOS <- "28.6206008"
  
 CHARMM>     
  
 CHARMM>            if zpos .gt. -15 if zpos .lt. 15 goto doinit
 Comparing "28.6206008" and "-15".
 IF test evaluated as true.  Performing command
 Comparing "28.6206008" and "15".
 IF test evaluated as false.  Skipping command
  
 CHARMM>     
  
 CHARMM>            ! move target to selected position
  
 CHARMM>            coor stat select target end
 SELRPN>      1 atoms have been selected out of  22374
 STATISTICS FOR         1 SELECTED ATOMS:
    XMIN =    0.000000 XMAX =    0.000000 XAVE =    0.000000
    YMIN =    0.000000 YMAX =    0.000000 YAVE =    0.000000
    ZMIN =    0.000000 ZMAX =    0.000000 ZAVE =    0.000000
    WMIN =    1.000000 WMAX =    1.000000 WAVE =    1.000000
  
 CHARMM>            calc xtran = @xpos - ?xave
 Parameter: XPOS -> "-19.407641"
 RDCMND substituted energy or value "?XAVE" to "0"
Evaluating: -19.407641-0
 Parameter: XTRAN <- "-19.407641"
  
 CHARMM>            calc ytran = @ypos - ?yave
 Parameter: YPOS -> "28.3286668"
 RDCMND substituted energy or value "?YAVE" to "0"
Evaluating: 28.3286668-0
 Parameter: YTRAN <- "28.3286668"
  
 CHARMM>            calc ztran = @zpos - ?zave
 Parameter: ZPOS -> "28.6206008"
 RDCMND substituted energy or value "?ZAVE" to "0"
Evaluating: 28.6206008-0
 Parameter: ZTRAN <- "28.6206008"
  
 CHARMM>            coor trans xdir @xtran ydir @ytran zdir @ztran select target end
 Parameter: XTRAN -> "-19.407641"
 Parameter: YTRAN -> "28.3286668"
 Parameter: ZTRAN -> "28.6206008"
 SELRPN>      1 atoms have been selected out of  22374
 TRANSLATION VECTOR   -19.407641   28.328667   28.620601
 SELECTED COORDINATES TRANSLATED IN THE MAIN SET.

  
 CHARMM>     
  
 CHARMM>            ! apply a random rotation along XYZ
  
 CHARMM>            calc xphi = ?random * 360.0
 RDCMND substituted energy or value "?RANDOM" to "0.459009223"
Evaluating: 0.459009223*360.0
 Parameter: XPHI <- "165.24332"
  
 CHARMM>            calc yphi = ?random * 360.0
 RDCMND substituted energy or value "?RANDOM" to "0.545090494"
Evaluating: 0.545090494*360.0
 Parameter: YPHI <- "196.232578"
  
 CHARMM>            calc zphi = ?random * 360.0
 RDCMND substituted energy or value "?RANDOM" to "0.877667575"
Evaluating: 0.877667575*360.0
 Parameter: ZPHI <- "315.960327"
  
 CHARMM>            coor rotate xcen @xpos ycen @ypos zcen @zpos xdir 1.0 -
 CHARMM>                phi @xphi select target end
 Parameter: XPOS -> "-19.407641"
 Parameter: YPOS -> "28.3286668"
 Parameter: ZPOS -> "28.6206008"
 Parameter: XPHI -> "165.24332"
 SELRPN>      1 atoms have been selected out of  22374
 ROTATION MATRIX
    1.000000    0.000000    0.000000
    0.000000   -0.967016    0.254715
    0.000000   -0.254715   -0.967016

 AXIS OF ROTATION IS  1.000000  0.000000  0.000000  ANGLE IS  165.24

 SELECTED COORDINATES ROTATED IN THE MAIN SET.

  
 CHARMM>            coor rotate xcen @xpos ycen @ypos zcen @zpos ydir 1.0 -
 CHARMM>                phi @yphi select target end
 Parameter: XPOS -> "-19.407641"
 Parameter: YPOS -> "28.3286668"
 Parameter: ZPOS -> "28.6206008"
 Parameter: YPHI -> "196.232578"
 SELRPN>      1 atoms have been selected out of  22374
 ROTATION MATRIX
   -0.960135    0.000000    0.279537
    0.000000    1.000000    0.000000
   -0.279537    0.000000   -0.960135

 AXIS OF ROTATION IS  0.000000 -1.000000  0.000000  ANGLE IS  163.77

 SELECTED COORDINATES ROTATED IN THE MAIN SET.

  
 CHARMM>            coor rotate xcen @xpos ycen @ypos zcen @zpos zdir 1.0 -
 CHARMM>                phi @zphi select target end
 Parameter: XPOS -> "-19.407641"
 Parameter: YPOS -> "28.3286668"
 Parameter: ZPOS -> "28.6206008"
 Parameter: ZPHI -> "315.960327"
 SELRPN>      1 atoms have been selected out of  22374
 ROTATION MATRIX
    0.718859   -0.695156    0.000000
    0.695156    0.718859    0.000000
    0.000000    0.000000    1.000000

 AXIS OF ROTATION IS  0.000000  0.000000 -1.000000  ANGLE IS   44.04

 SELECTED COORDINATES ROTATED IN THE MAIN SET.

  
 CHARMM>     
  
 CHARMM>     
  
 CHARMM>            calc dcut = 3.5
Evaluating: 3.5
 Parameter: DCUT <- "3.5"
  
 CHARMM>     
  
 CHARMM>            coor stat sele target end
 SELRPN>      1 atoms have been selected out of  22374
 STATISTICS FOR         1 SELECTED ATOMS:
    XMIN =  -19.407641 XMAX =  -19.407641 XAVE =  -19.407641
    YMIN =   28.328667 YMAX =   28.328667 YAVE =   28.328667
    ZMIN =   28.620601 ZMAX =   28.620601 ZAVE =   28.620601
    WMIN =    1.000000 WMAX =    1.000000 WAVE =    1.000000
  
 CHARMM>            calc xmax = ?xmax + @dcut
 Parameter: DCUT -> "3.5"
 RDCMND substituted energy or value "?XMAX" to "-19.407641"
Evaluating: -19.407641+3.5
 Parameter: XMAX <- "-15.907641"
  
 CHARMM>            calc ymax = ?ymax + @dcut
 Parameter: DCUT -> "3.5"
 RDCMND substituted energy or value "?YMAX" to "28.3286668"
Evaluating: 28.3286668+3.5
 Parameter: YMAX <- "31.8286668"
  
 CHARMM>            calc zmax = ?zmax + @dcut
 Parameter: DCUT -> "3.5"
 RDCMND substituted energy or value "?ZMAX" to "28.6206008"
Evaluating: 28.6206008+3.5
 Parameter: ZMAX <- "32.1206008"
  
 CHARMM>            calc xmin = ?xmin - @dcut
 Parameter: DCUT -> "3.5"
 RDCMND substituted energy or value "?XMIN" to "-19.407641"
Evaluating: -19.407641-3.5
 Parameter: XMIN <- "-22.907641"
  
 CHARMM>            calc ymin = ?ymin - @dcut
 Parameter: DCUT -> "3.5"
 RDCMND substituted energy or value "?YMIN" to "28.3286668"
Evaluating: 28.3286668-3.5
 Parameter: YMIN <- "24.8286668"
  
 CHARMM>            calc zmin = ?zmin - @dcut
 Parameter: DCUT -> "3.5"
 RDCMND substituted energy or value "?ZMIN" to "28.6206008"
Evaluating: 28.6206008-3.5
 Parameter: ZMIN <- "25.1206008"
  
 CHARMM>     
  
 CHARMM>            define JUNK sele .not. target .and. -
 CHARMM>                             prop X .lt. @xmax .and. prop X .gt. @xmin .and. -
 CHARMM>                             prop Y .lt. @ymax .and. prop Y .gt. @ymin .and. -
 CHARMM>                             prop Z .lt. @zmax .and. prop Z .gt. @zmin  end
 Parameter: XMAX -> "-15.907641"
 Parameter: XMIN -> "-22.907641"
 Parameter: YMAX -> "31.8286668"
 Parameter: YMIN -> "24.8286668"
 Parameter: ZMAX -> "32.1206008"
 Parameter: ZMIN -> "25.1206008"
 SELRPN>      0 atoms have been selected out of  22374
  
 CHARMM>     
  
 CHARMM>            ! check if the ions are too close to protein
  
 CHARMM>            define XXX sele PROT end
 SELRPN>      0 atoms have been selected out of  22374
  
 CHARMM>            if ?nsel .gt. 0 then
 RDCMND substituted energy or value "?NSEL" to "0"
 Comparing "0" and "0".
 IF test evaluated as false.  Skip to ELSE or ENDIF
  
 CHARMM>     
  
 CHARMM>            ! check if the ions are too close to solute
  
 CHARMM>            coor dist cut 4.0 sele target end sele JUNK .and. .not. hydrogen end image
 SELRPN>      1 atoms have been selected out of  34208
 SELRPN>      0 atoms have been selected out of  34208

            DISTANCES FOR SELECTED ATOMS
            ONLY ONE SELECTION SET SPECIFIED, A COMPARISON WILL BE DONE
 TOTAL EXCLUSION COUNT =         0
 TOTAL 1-4 EXCLUSIONS  =         0
 TOTAL NON-EXCLUSIONS  =         0
  
 CHARMM>            if ?npair .gt. 0 goto doinit
 RDCMND substituted energy or value "?NPAIR" to "0"
 Comparing "0" and "0".
 IF test evaluated as false.  Skipping command
  
 CHARMM>     
  
 CHARMM>            calc cntrand = 0
Evaluating: 0
 Parameter: CNTRAND <- "0"
  
 CHARMM>            increase i by 1
 Parameter: I <- "31"
  
 CHARMM>            if i .le. @nion goto doinit
 Parameter: NION -> "54"
 Comparing "31" and "54".
 IF test evaluated as true.  Performing command
  
 CHARMM>     
  
 CHARMM>            calc cntrand = @cntrand + 1
 Parameter: CNTRAND -> "0"
Evaluating: 0+1
 Parameter: CNTRAND <- "1"
  
 CHARMM>            if cntrand .gt. 100 stop ! ABNORMAL TERMINATION: ion placing may not work.. stop here
 Comparing "1" and "100".
 IF test evaluated as false.  Skipping command
  
 CHARMM>     
  
 CHARMM>            calc j = @i
 Parameter: I -> "31"
Evaluating: 31
 Parameter: J <- "31"
  
 CHARMM>            set ion = POS
 Parameter: ION <- "POS"
  
 CHARMM>     
  
 CHARMM>            if j .gt. @npos then
 Parameter: NPOS -> "37"
 Comparing "31" and "37".
 IF test evaluated as false.  Skip to ELSE or ENDIF
  
 CHARMM>     
  
 CHARMM>            define target select segid @ion .and. resid @j end
 Parameter: ION -> "POS"
 Parameter: J -> "31"
 SELRPN>      1 atoms have been selected out of  22374
  
 CHARMM>     
  
 CHARMM>            calc xpos = @A * ( ?random - 0.5 )
 Parameter: A -> "73.4166194"
 RDCMND substituted energy or value "?RANDOM" to "0.615728209"
Evaluating: 73.4166194*(0.615728209-0.5)
 Parameter: XPOS <- "8.49637387"
  
 CHARMM>            calc ypos = @B * ( ?random - 0.5 )
 Parameter: B -> "73.4166194"
 RDCMND substituted energy or value "?RANDOM" to "9.926950585E-02"
Evaluating: 73.4166194*(9.926950585E-02-0.5)
 Parameter: YPOS <- "-29.4202782"
  
 CHARMM>            calc zpos = @C * ( ?random - 0.5 ) + @zcen
 Parameter: C -> "85"
 Parameter: ZCEN -> "0"
 RDCMND substituted energy or value "?RANDOM" to "0.52626184"
Evaluating: 85*(0.52626184-0.5)+0
 Parameter: ZPOS <- "2.2322564"
  
 CHARMM>     
  
 CHARMM>            if zpos .gt. -15 if zpos .lt. 15 goto doinit
 Comparing "2.2322564" and "-15".
 IF test evaluated as true.  Performing command
 Comparing "2.2322564" and "15".
 IF test evaluated as true.  Performing command
  
 CHARMM>     
  
 CHARMM>            calc cntrand = @cntrand + 1
 Parameter: CNTRAND -> "1"
Evaluating: 1+1
 Parameter: CNTRAND <- "2"
  
 CHARMM>            if cntrand .gt. 100 stop ! ABNORMAL TERMINATION: ion placing may not work.. stop here
 Comparing "2" and "100".
 IF test evaluated as false.  Skipping command
  
 CHARMM>     
  
 CHARMM>            calc j = @i
 Parameter: I -> "31"
Evaluating: 31
 Parameter: J <- "31"
  
 CHARMM>            set ion = POS
 Parameter: ION <- "POS"
  
 CHARMM>     
  
 CHARMM>            if j .gt. @npos then
 Parameter: NPOS -> "37"
 Comparing "31" and "37".
 IF test evaluated as false.  Skip to ELSE or ENDIF
  
 CHARMM>     
  
 CHARMM>            define target select segid @ion .and. resid @j end
 Parameter: ION -> "POS"
 Parameter: J -> "31"
 SELRPN>      1 atoms have been selected out of  22374
  
 CHARMM>     
  
 CHARMM>            calc xpos = @A * ( ?random - 0.5 )
 Parameter: A -> "73.4166194"
 RDCMND substituted energy or value "?RANDOM" to "0.568693911"
Evaluating: 73.4166194*(0.568693911-0.5)
 Parameter: XPOS <- "5.04327472"
  
 CHARMM>            calc ypos = @B * ( ?random - 0.5 )
 Parameter: B -> "73.4166194"
 RDCMND substituted energy or value "?RANDOM" to "0.795313835"
Evaluating: 73.4166194*(0.795313835-0.5)
 Parameter: YPOS <- "21.6809434"
  
 CHARMM>            calc zpos = @C * ( ?random - 0.5 ) + @zcen
 Parameter: C -> "85"
 Parameter: ZCEN -> "0"
 RDCMND substituted energy or value "?RANDOM" to "0.247330754"
Evaluating: 85*(0.247330754-0.5)+0
 Parameter: ZPOS <- "-21.4768859"
  
 CHARMM>     
  
 CHARMM>            if zpos .gt. -15 if zpos .lt. 15 goto doinit
 Comparing "-21.4768859" and "-15".
 IF test evaluated as false.  Skipping command
  
 CHARMM>     
  
 CHARMM>            ! move target to selected position
  
 CHARMM>            coor stat select target end
 SELRPN>      1 atoms have been selected out of  22374
 STATISTICS FOR         1 SELECTED ATOMS:
    XMIN =    0.000000 XMAX =    0.000000 XAVE =    0.000000
    YMIN =    0.000000 YMAX =    0.000000 YAVE =    0.000000
    ZMIN =    0.000000 ZMAX =    0.000000 ZAVE =    0.000000
    WMIN =    1.000000 WMAX =    1.000000 WAVE =    1.000000
  
 CHARMM>            calc xtran = @xpos - ?xave
 Parameter: XPOS -> "5.04327472"
 RDCMND substituted energy or value "?XAVE" to "0"
Evaluating: 5.04327472-0
 Parameter: XTRAN <- "5.04327472"
  
 CHARMM>            calc ytran = @ypos - ?yave
 Parameter: YPOS -> "21.6809434"
 RDCMND substituted energy or value "?YAVE" to "0"
Evaluating: 21.6809434-0
 Parameter: YTRAN <- "21.6809434"
  
 CHARMM>            calc ztran = @zpos - ?zave
 Parameter: ZPOS -> "-21.4768859"
 RDCMND substituted energy or value "?ZAVE" to "0"
Evaluating: -21.4768859-0
 Parameter: ZTRAN <- "-21.4768859"
  
 CHARMM>            coor trans xdir @xtran ydir @ytran zdir @ztran select target end
 Parameter: XTRAN -> "5.04327472"
 Parameter: YTRAN -> "21.6809434"
 Parameter: ZTRAN -> "-21.4768859"
 SELRPN>      1 atoms have been selected out of  22374
 TRANSLATION VECTOR     5.043275   21.680943  -21.476886
 SELECTED COORDINATES TRANSLATED IN THE MAIN SET.

  
 CHARMM>     
  
 CHARMM>            ! apply a random rotation along XYZ
  
 CHARMM>            calc xphi = ?random * 360.0
 RDCMND substituted energy or value "?RANDOM" to "0.28759889"
Evaluating: 0.28759889*360.0
 Parameter: XPHI <- "103.5356"
  
 CHARMM>            calc yphi = ?random * 360.0
 RDCMND substituted energy or value "?RANDOM" to "0.319860234"
Evaluating: 0.319860234*360.0
 Parameter: YPHI <- "115.149684"
  
 CHARMM>            calc zphi = ?random * 360.0
 RDCMND substituted energy or value "?RANDOM" to "0.316753077"
Evaluating: 0.316753077*360.0
 Parameter: ZPHI <- "114.031108"
  
 CHARMM>            coor rotate xcen @xpos ycen @ypos zcen @zpos xdir 1.0 -
 CHARMM>                phi @xphi select target end
 Parameter: XPOS -> "5.04327472"
 Parameter: YPOS -> "21.6809434"
 Parameter: ZPOS -> "-21.4768859"
 Parameter: XPHI -> "103.5356"
 SELRPN>      1 atoms have been selected out of  22374
 ROTATION MATRIX
    1.000000    0.000000    0.000000
    0.000000   -0.234049    0.972225
    0.000000   -0.972225   -0.234049

 AXIS OF ROTATION IS  1.000000  0.000000  0.000000  ANGLE IS  103.54

 SELECTED COORDINATES ROTATED IN THE MAIN SET.

  
 CHARMM>            coor rotate xcen @xpos ycen @ypos zcen @zpos ydir 1.0 -
 CHARMM>                phi @yphi select target end
 Parameter: XPOS -> "5.04327472"
 Parameter: YPOS -> "21.6809434"
 Parameter: ZPOS -> "-21.4768859"
 Parameter: YPHI -> "115.149684"
 SELRPN>      1 atoms have been selected out of  22374
 ROTATION MATRIX
   -0.424985    0.000000   -0.905201
    0.000000    1.000000    0.000000
    0.905201    0.000000   -0.424985

 AXIS OF ROTATION IS  0.000000  1.000000  0.000000  ANGLE IS  115.15

 SELECTED COORDINATES ROTATED IN THE MAIN SET.

  
 CHARMM>            coor rotate xcen @xpos ycen @ypos zcen @zpos zdir 1.0 -
 CHARMM>                phi @zphi select target end
 Parameter: XPOS -> "5.04327472"
 Parameter: YPOS -> "21.6809434"
 Parameter: ZPOS -> "-21.4768859"
 Parameter: ZPHI -> "114.031108"
 SELRPN>      1 atoms have been selected out of  22374
 ROTATION MATRIX
   -0.407233    0.913324    0.000000
   -0.913324   -0.407233    0.000000
    0.000000    0.000000    1.000000

 AXIS OF ROTATION IS  0.000000  0.000000  1.000000  ANGLE IS  114.03

 SELECTED COORDINATES ROTATED IN THE MAIN SET.

  
 CHARMM>     
  
 CHARMM>     
  
 CHARMM>            calc dcut = 3.5
Evaluating: 3.5
 Parameter: DCUT <- "3.5"
  
 CHARMM>     
  
 CHARMM>            coor stat sele target end
 SELRPN>      1 atoms have been selected out of  22374
 STATISTICS FOR         1 SELECTED ATOMS:
    XMIN =    5.043275 XMAX =    5.043275 XAVE =    5.043275
    YMIN =   21.680943 YMAX =   21.680943 YAVE =   21.680943
    ZMIN =  -21.476886 ZMAX =  -21.476886 ZAVE =  -21.476886
    WMIN =    1.000000 WMAX =    1.000000 WAVE =    1.000000
  
 CHARMM>            calc xmax = ?xmax + @dcut
 Parameter: DCUT -> "3.5"
 RDCMND substituted energy or value "?XMAX" to "5.04327472"
Evaluating: 5.04327472+3.5
 Parameter: XMAX <- "8.54327472"
  
 CHARMM>            calc ymax = ?ymax + @dcut
 Parameter: DCUT -> "3.5"
 RDCMND substituted energy or value "?YMAX" to "21.6809434"
Evaluating: 21.6809434+3.5
 Parameter: YMAX <- "25.1809434"
  
 CHARMM>            calc zmax = ?zmax + @dcut
 Parameter: DCUT -> "3.5"
 RDCMND substituted energy or value "?ZMAX" to "-21.4768859"
Evaluating: -21.4768859+3.5
 Parameter: ZMAX <- "-17.9768859"
  
 CHARMM>            calc xmin = ?xmin - @dcut
 Parameter: DCUT -> "3.5"
 RDCMND substituted energy or value "?XMIN" to "5.04327472"
Evaluating: 5.04327472-3.5
 Parameter: XMIN <- "1.54327472"
  
 CHARMM>            calc ymin = ?ymin - @dcut
 Parameter: DCUT -> "3.5"
 RDCMND substituted energy or value "?YMIN" to "21.6809434"
Evaluating: 21.6809434-3.5
 Parameter: YMIN <- "18.1809434"
  
 CHARMM>            calc zmin = ?zmin - @dcut
 Parameter: DCUT -> "3.5"
 RDCMND substituted energy or value "?ZMIN" to "-21.4768859"
Evaluating: -21.4768859-3.5
 Parameter: ZMIN <- "-24.9768859"
  
 CHARMM>     
  
 CHARMM>            define JUNK sele .not. target .and. -
 CHARMM>                             prop X .lt. @xmax .and. prop X .gt. @xmin .and. -
 CHARMM>                             prop Y .lt. @ymax .and. prop Y .gt. @ymin .and. -
 CHARMM>                             prop Z .lt. @zmax .and. prop Z .gt. @zmin  end
 Parameter: XMAX -> "8.54327472"
 Parameter: XMIN -> "1.54327472"
 Parameter: YMAX -> "25.1809434"
 Parameter: YMIN -> "18.1809434"
 Parameter: ZMAX -> "-17.9768859"
 Parameter: ZMIN -> "-24.9768859"
 SELRPN>      4 atoms have been selected out of  22374
  
 CHARMM>     
  
 CHARMM>            ! check if the ions are too close to protein
  
 CHARMM>            define XXX sele PROT end
 SELRPN>      0 atoms have been selected out of  22374
  
 CHARMM>            if ?nsel .gt. 0 then
 RDCMND substituted energy or value "?NSEL" to "0"
 Comparing "0" and "0".
 IF test evaluated as false.  Skip to ELSE or ENDIF
  
 CHARMM>     
  
 CHARMM>            ! check if the ions are too close to solute
  
 CHARMM>            coor dist cut 4.0 sele target end sele JUNK .and. .not. hydrogen end image
 SELRPN>      1 atoms have been selected out of  34208
 SELRPN>      1 atoms have been selected out of  34208

            DISTANCES FOR SELECTED ATOMS
22351 POS      SOD      31       SOD     -**** MEMB     CHL1     127      O3            3.2429
 TOTAL EXCLUSION COUNT =         0
 TOTAL 1-4 EXCLUSIONS  =         0
 TOTAL NON-EXCLUSIONS  =         1
  
 CHARMM>            if ?npair .gt. 0 goto doinit
 RDCMND substituted energy or value "?NPAIR" to "1"
 Comparing "1" and "0".
 IF test evaluated as true.  Performing command
  
 CHARMM>     
  
 CHARMM>            calc cntrand = @cntrand + 1
 Parameter: CNTRAND -> "2"
Evaluating: 2+1
 Parameter: CNTRAND <- "3"
  
 CHARMM>            if cntrand .gt. 100 stop ! ABNORMAL TERMINATION: ion placing may not work.. stop here
 Comparing "3" and "100".
 IF test evaluated as false.  Skipping command
  
 CHARMM>     
  
 CHARMM>            calc j = @i
 Parameter: I -> "31"
Evaluating: 31
 Parameter: J <- "31"
  
 CHARMM>            set ion = POS
 Parameter: ION <- "POS"
  
 CHARMM>     
  
 CHARMM>            if j .gt. @npos then
 Parameter: NPOS -> "37"
 Comparing "31" and "37".
 IF test evaluated as false.  Skip to ELSE or ENDIF
  
 CHARMM>     
  
 CHARMM>            define target select segid @ion .and. resid @j end
 Parameter: ION -> "POS"
 Parameter: J -> "31"
 SELRPN>      1 atoms have been selected out of  22374
  
 CHARMM>     
  
 CHARMM>            calc xpos = @A * ( ?random - 0.5 )
 Parameter: A -> "73.4166194"
 RDCMND substituted energy or value "?RANDOM" to "0.321917862"
Evaluating: 73.4166194*(0.321917862-0.5)
 Parameter: XPOS <- "-13.0741885"
  
 CHARMM>            calc ypos = @B * ( ?random - 0.5 )
 Parameter: B -> "73.4166194"
 RDCMND substituted energy or value "?RANDOM" to "0.988622276"
Evaluating: 73.4166194*(0.988622276-0.5)
 Parameter: YPOS <- "35.8729957"
  
 CHARMM>            calc zpos = @C * ( ?random - 0.5 ) + @zcen
 Parameter: C -> "85"
 Parameter: ZCEN -> "0"
 RDCMND substituted energy or value "?RANDOM" to "0.906593617"
Evaluating: 85*(0.906593617-0.5)+0
 Parameter: ZPOS <- "34.5604574"
  
 CHARMM>     
  
 CHARMM>            if zpos .gt. -15 if zpos .lt. 15 goto doinit
 Comparing "34.5604574" and "-15".
 IF test evaluated as true.  Performing command
 Comparing "34.5604574" and "15".
 IF test evaluated as false.  Skipping command
  
 CHARMM>     
  
 CHARMM>            ! move target to selected position
  
 CHARMM>            coor stat select target end
 SELRPN>      1 atoms have been selected out of  22374
 STATISTICS FOR         1 SELECTED ATOMS:
    XMIN =    5.043275 XMAX =    5.043275 XAVE =    5.043275
    YMIN =   21.680943 YMAX =   21.680943 YAVE =   21.680943
    ZMIN =  -21.476886 ZMAX =  -21.476886 ZAVE =  -21.476886
    WMIN =    1.000000 WMAX =    1.000000 WAVE =    1.000000
  
 CHARMM>            calc xtran = @xpos - ?xave
 Parameter: XPOS -> "-13.0741885"
 RDCMND substituted energy or value "?XAVE" to "5.04327472"
Evaluating: -13.0741885-5.04327472
 Parameter: XTRAN <- "-18.1174632"
  
 CHARMM>            calc ytran = @ypos - ?yave
 Parameter: YPOS -> "35.8729957"
 RDCMND substituted energy or value "?YAVE" to "21.6809434"
Evaluating: 35.8729957-21.6809434
 Parameter: YTRAN <- "14.1920523"
  
 CHARMM>            calc ztran = @zpos - ?zave
 Parameter: ZPOS -> "34.5604574"
 RDCMND substituted energy or value "?ZAVE" to "-21.4768859"
Evaluating: 34.5604574--21.4768859
 Parameter: ZTRAN <- "56.0373433"
  
 CHARMM>            coor trans xdir @xtran ydir @ytran zdir @ztran select target end
 Parameter: XTRAN -> "-18.1174632"
 Parameter: YTRAN -> "14.1920523"
 Parameter: ZTRAN -> "56.0373433"
 SELRPN>      1 atoms have been selected out of  22374
 TRANSLATION VECTOR   -18.117463   14.192052   56.037343
 SELECTED COORDINATES TRANSLATED IN THE MAIN SET.

  
 CHARMM>     
  
 CHARMM>            ! apply a random rotation along XYZ
  
 CHARMM>            calc xphi = ?random * 360.0
 RDCMND substituted energy or value "?RANDOM" to "0.990966623"
Evaluating: 0.990966623*360.0
 Parameter: XPHI <- "356.747984"
  
 CHARMM>            calc yphi = ?random * 360.0
 RDCMND substituted energy or value "?RANDOM" to "0.615918672"
Evaluating: 0.615918672*360.0
 Parameter: YPHI <- "221.730722"
  
 CHARMM>            calc zphi = ?random * 360.0
 RDCMND substituted energy or value "?RANDOM" to "0.36764975"
Evaluating: 0.36764975*360.0
 Parameter: ZPHI <- "132.35391"
  
 CHARMM>            coor rotate xcen @xpos ycen @ypos zcen @zpos xdir 1.0 -
 CHARMM>                phi @xphi select target end
 Parameter: XPOS -> "-13.0741885"
 Parameter: YPOS -> "35.8729957"
 Parameter: ZPOS -> "34.5604574"
 Parameter: XPHI -> "356.747984"
 SELRPN>      1 atoms have been selected out of  22374
 ROTATION MATRIX
    1.000000    0.000000    0.000000
    0.000000    0.998390   -0.056728
    0.000000    0.056728    0.998390

 AXIS OF ROTATION IS -1.000000  0.000000  0.000000  ANGLE IS    3.25

 SELECTED COORDINATES ROTATED IN THE MAIN SET.

  
 CHARMM>            coor rotate xcen @xpos ycen @ypos zcen @zpos ydir 1.0 -
 CHARMM>                phi @yphi select target end
 Parameter: XPOS -> "-13.0741885"
 Parameter: YPOS -> "35.8729957"
 Parameter: ZPOS -> "34.5604574"
 Parameter: YPHI -> "221.730722"
 SELRPN>      1 atoms have been selected out of  22374
 ROTATION MATRIX
   -0.746281    0.000000    0.665631
    0.000000    1.000000    0.000000
   -0.665631    0.000000   -0.746281

 AXIS OF ROTATION IS  0.000000 -1.000000  0.000000  ANGLE IS  138.27

 SELECTED COORDINATES ROTATED IN THE MAIN SET.

  
 CHARMM>            coor rotate xcen @xpos ycen @ypos zcen @zpos zdir 1.0 -
 CHARMM>                phi @zphi select target end
 Parameter: XPOS -> "-13.0741885"
 Parameter: YPOS -> "35.8729957"
 Parameter: ZPOS -> "34.5604574"
 Parameter: ZPHI -> "132.35391"
 SELRPN>      1 atoms have been selected out of  22374
 ROTATION MATRIX
   -0.673708    0.738998    0.000000
   -0.738998   -0.673708    0.000000
    0.000000    0.000000    1.000000

 AXIS OF ROTATION IS  0.000000  0.000000  1.000000  ANGLE IS  132.35

 SELECTED COORDINATES ROTATED IN THE MAIN SET.

  
 CHARMM>     
  
 CHARMM>     
  
 CHARMM>            calc dcut = 3.5
Evaluating: 3.5
 Parameter: DCUT <- "3.5"
  
 CHARMM>     
  
 CHARMM>            coor stat sele target end
 SELRPN>      1 atoms have been selected out of  22374
 STATISTICS FOR         1 SELECTED ATOMS:
    XMIN =  -13.074188 XMAX =  -13.074188 XAVE =  -13.074188
    YMIN =   35.872996 YMAX =   35.872996 YAVE =   35.872996
    ZMIN =   34.560457 ZMAX =   34.560457 ZAVE =   34.560457
    WMIN =    1.000000 WMAX =    1.000000 WAVE =    1.000000
  
 CHARMM>            calc xmax = ?xmax + @dcut
 Parameter: DCUT -> "3.5"
 RDCMND substituted energy or value "?XMAX" to "-13.0741885"
Evaluating: -13.0741885+3.5
 Parameter: XMAX <- "-9.5741885"
  
 CHARMM>            calc ymax = ?ymax + @dcut
 Parameter: DCUT -> "3.5"
 RDCMND substituted energy or value "?YMAX" to "35.8729957"
Evaluating: 35.8729957+3.5
 Parameter: YMAX <- "39.3729957"
  
 CHARMM>            calc zmax = ?zmax + @dcut
 Parameter: DCUT -> "3.5"
 RDCMND substituted energy or value "?ZMAX" to "34.5604574"
Evaluating: 34.5604574+3.5
 Parameter: ZMAX <- "38.0604574"
  
 CHARMM>            calc xmin = ?xmin - @dcut
 Parameter: DCUT -> "3.5"
 RDCMND substituted energy or value "?XMIN" to "-13.0741885"
Evaluating: -13.0741885-3.5
 Parameter: XMIN <- "-16.5741885"
  
 CHARMM>            calc ymin = ?ymin - @dcut
 Parameter: DCUT -> "3.5"
 RDCMND substituted energy or value "?YMIN" to "35.8729957"
Evaluating: 35.8729957-3.5
 Parameter: YMIN <- "32.3729957"
  
 CHARMM>            calc zmin = ?zmin - @dcut
 Parameter: DCUT -> "3.5"
 RDCMND substituted energy or value "?ZMIN" to "34.5604574"
Evaluating: 34.5604574-3.5
 Parameter: ZMIN <- "31.0604574"
  
 CHARMM>     
  
 CHARMM>            define JUNK sele .not. target .and. -
 CHARMM>                             prop X .lt. @xmax .and. prop X .gt. @xmin .and. -
 CHARMM>                             prop Y .lt. @ymax .and. prop Y .gt. @ymin .and. -
 CHARMM>                             prop Z .lt. @zmax .and. prop Z .gt. @zmin  end
 Parameter: XMAX -> "-9.5741885"
 Parameter: XMIN -> "-16.5741885"
 Parameter: YMAX -> "39.3729957"
 Parameter: YMIN -> "32.3729957"
 Parameter: ZMAX -> "38.0604574"
 Parameter: ZMIN -> "31.0604574"
 SELRPN>      0 atoms have been selected out of  22374
  
 CHARMM>     
  
 CHARMM>            ! check if the ions are too close to protein
  
 CHARMM>            define XXX sele PROT end
 SELRPN>      0 atoms have been selected out of  22374
  
 CHARMM>            if ?nsel .gt. 0 then
 RDCMND substituted energy or value "?NSEL" to "0"
 Comparing "0" and "0".
 IF test evaluated as false.  Skip to ELSE or ENDIF
  
 CHARMM>     
  
 CHARMM>            ! check if the ions are too close to solute
  
 CHARMM>            coor dist cut 4.0 sele target end sele JUNK .and. .not. hydrogen end image
 SELRPN>      1 atoms have been selected out of  34208
 SELRPN>      0 atoms have been selected out of  34208

            DISTANCES FOR SELECTED ATOMS
            ONLY ONE SELECTION SET SPECIFIED, A COMPARISON WILL BE DONE
 TOTAL EXCLUSION COUNT =         0
 TOTAL 1-4 EXCLUSIONS  =         0
 TOTAL NON-EXCLUSIONS  =         0
  
 CHARMM>            if ?npair .gt. 0 goto doinit
 RDCMND substituted energy or value "?NPAIR" to "0"
 Comparing "0" and "0".
 IF test evaluated as false.  Skipping command
  
 CHARMM>     
  
 CHARMM>            calc cntrand = 0
Evaluating: 0
 Parameter: CNTRAND <- "0"
  
 CHARMM>            increase i by 1
 Parameter: I <- "32"
  
 CHARMM>            if i .le. @nion goto doinit
 Parameter: NION -> "54"
 Comparing "32" and "54".
 IF test evaluated as true.  Performing command
  
 CHARMM>     
  
 CHARMM>            calc cntrand = @cntrand + 1
 Parameter: CNTRAND -> "0"
Evaluating: 0+1
 Parameter: CNTRAND <- "1"
  
 CHARMM>            if cntrand .gt. 100 stop ! ABNORMAL TERMINATION: ion placing may not work.. stop here
 Comparing "1" and "100".
 IF test evaluated as false.  Skipping command
  
 CHARMM>     
  
 CHARMM>            calc j = @i
 Parameter: I -> "32"
Evaluating: 32
 Parameter: J <- "32"
  
 CHARMM>            set ion = POS
 Parameter: ION <- "POS"
  
 CHARMM>     
  
 CHARMM>            if j .gt. @npos then
 Parameter: NPOS -> "37"
 Comparing "32" and "37".
 IF test evaluated as false.  Skip to ELSE or ENDIF
  
 CHARMM>     
  
 CHARMM>            define target select segid @ion .and. resid @j end
 Parameter: ION -> "POS"
 Parameter: J -> "32"
 SELRPN>      1 atoms have been selected out of  22374
  
 CHARMM>     
  
 CHARMM>            calc xpos = @A * ( ?random - 0.5 )
 Parameter: A -> "73.4166194"
 RDCMND substituted energy or value "?RANDOM" to "0.104168706"
Evaluating: 73.4166194*(0.104168706-0.5)
 Parameter: XPOS <- "-29.0605955"
  
 CHARMM>            calc ypos = @B * ( ?random - 0.5 )
 Parameter: B -> "73.4166194"
 RDCMND substituted energy or value "?RANDOM" to "0.111272939"
Evaluating: 73.4166194*(0.111272939-0.5)
 Parameter: YPOS <- "-28.5390267"
  
 CHARMM>            calc zpos = @C * ( ?random - 0.5 ) + @zcen
 Parameter: C -> "85"
 Parameter: ZCEN -> "0"
 RDCMND substituted energy or value "?RANDOM" to "0.645641958"
Evaluating: 85*(0.645641958-0.5)+0
 Parameter: ZPOS <- "12.3795664"
  
 CHARMM>     
  
 CHARMM>            if zpos .gt. -15 if zpos .lt. 15 goto doinit
 Comparing "12.3795664" and "-15".
 IF test evaluated as true.  Performing command
 Comparing "12.3795664" and "15".
 IF test evaluated as true.  Performing command
  
 CHARMM>     
  
 CHARMM>            calc cntrand = @cntrand + 1
 Parameter: CNTRAND -> "1"
Evaluating: 1+1
 Parameter: CNTRAND <- "2"
  
 CHARMM>            if cntrand .gt. 100 stop ! ABNORMAL TERMINATION: ion placing may not work.. stop here
 Comparing "2" and "100".
 IF test evaluated as false.  Skipping command
  
 CHARMM>     
  
 CHARMM>            calc j = @i
 Parameter: I -> "32"
Evaluating: 32
 Parameter: J <- "32"
  
 CHARMM>            set ion = POS
 Parameter: ION <- "POS"
  
 CHARMM>     
  
 CHARMM>            if j .gt. @npos then
 Parameter: NPOS -> "37"
 Comparing "32" and "37".
 IF test evaluated as false.  Skip to ELSE or ENDIF
  
 CHARMM>     
  
 CHARMM>            define target select segid @ion .and. resid @j end
 Parameter: ION -> "POS"
 Parameter: J -> "32"
 SELRPN>      1 atoms have been selected out of  22374
  
 CHARMM>     
  
 CHARMM>            calc xpos = @A * ( ?random - 0.5 )
 Parameter: A -> "73.4166194"
 RDCMND substituted energy or value "?RANDOM" to "5.185427306E-02"
Evaluating: 73.4166194*(5.185427306E-02-0.5)
 Parameter: XPOS <- "-32.9013443"
  
 CHARMM>            calc ypos = @B * ( ?random - 0.5 )
 Parameter: B -> "73.4166194"
 RDCMND substituted energy or value "?RANDOM" to "0.29515281"
Evaluating: 73.4166194*(0.29515281-0.5)
 Parameter: YPOS <- "-15.0391882"
  
 CHARMM>            calc zpos = @C * ( ?random - 0.5 ) + @zcen
 Parameter: C -> "85"
 Parameter: ZCEN -> "0"
 RDCMND substituted energy or value "?RANDOM" to "0.257805652"
Evaluating: 85*(0.257805652-0.5)+0
 Parameter: ZPOS <- "-20.5865196"
  
 CHARMM>     
  
 CHARMM>            if zpos .gt. -15 if zpos .lt. 15 goto doinit
 Comparing "-20.5865196" and "-15".
 IF test evaluated as false.  Skipping command
  
 CHARMM>     
  
 CHARMM>            ! move target to selected position
  
 CHARMM>            coor stat select target end
 SELRPN>      1 atoms have been selected out of  22374
 STATISTICS FOR         1 SELECTED ATOMS:
    XMIN =    0.000000 XMAX =    0.000000 XAVE =    0.000000
    YMIN =    0.000000 YMAX =    0.000000 YAVE =    0.000000
    ZMIN =    0.000000 ZMAX =    0.000000 ZAVE =    0.000000
    WMIN =    1.000000 WMAX =    1.000000 WAVE =    1.000000
  
 CHARMM>            calc xtran = @xpos - ?xave
 Parameter: XPOS -> "-32.9013443"
 RDCMND substituted energy or value "?XAVE" to "0"
Evaluating: -32.9013443-0
 Parameter: XTRAN <- "-32.9013443"
  
 CHARMM>            calc ytran = @ypos - ?yave
 Parameter: YPOS -> "-15.0391882"
 RDCMND substituted energy or value "?YAVE" to "0"
Evaluating: -15.0391882-0
 Parameter: YTRAN <- "-15.0391882"
  
 CHARMM>            calc ztran = @zpos - ?zave
 Parameter: ZPOS -> "-20.5865196"
 RDCMND substituted energy or value "?ZAVE" to "0"
Evaluating: -20.5865196-0
 Parameter: ZTRAN <- "-20.5865196"
  
 CHARMM>            coor trans xdir @xtran ydir @ytran zdir @ztran select target end
 Parameter: XTRAN -> "-32.9013443"
 Parameter: YTRAN -> "-15.0391882"
 Parameter: ZTRAN -> "-20.5865196"
 SELRPN>      1 atoms have been selected out of  22374
 TRANSLATION VECTOR   -32.901344  -15.039188  -20.586520
 SELECTED COORDINATES TRANSLATED IN THE MAIN SET.

  
 CHARMM>     
  
 CHARMM>            ! apply a random rotation along XYZ
  
 CHARMM>            calc xphi = ?random * 360.0
 RDCMND substituted energy or value "?RANDOM" to "0.64523114"
Evaluating: 0.64523114*360.0
 Parameter: XPHI <- "232.28321"
  
 CHARMM>            calc yphi = ?random * 360.0
 RDCMND substituted energy or value "?RANDOM" to "0.955763754"
Evaluating: 0.955763754*360.0
 Parameter: YPHI <- "344.074951"
  
 CHARMM>            calc zphi = ?random * 360.0
 RDCMND substituted energy or value "?RANDOM" to "0.687176102"
Evaluating: 0.687176102*360.0
 Parameter: ZPHI <- "247.383397"
  
 CHARMM>            coor rotate xcen @xpos ycen @ypos zcen @zpos xdir 1.0 -
 CHARMM>                phi @xphi select target end
 Parameter: XPOS -> "-32.9013443"
 Parameter: YPOS -> "-15.0391882"
 Parameter: ZPOS -> "-20.5865196"
 Parameter: XPHI -> "232.28321"
 SELRPN>      1 atoms have been selected out of  22374
 ROTATION MATRIX
    1.000000    0.000000    0.000000
    0.000000   -0.611759   -0.791044
    0.000000    0.791044   -0.611759

 AXIS OF ROTATION IS -1.000000  0.000000  0.000000  ANGLE IS  127.72

 SELECTED COORDINATES ROTATED IN THE MAIN SET.

  
 CHARMM>            coor rotate xcen @xpos ycen @ypos zcen @zpos ydir 1.0 -
 CHARMM>                phi @yphi select target end
 Parameter: XPOS -> "-32.9013443"
 Parameter: YPOS -> "-15.0391882"
 Parameter: ZPOS -> "-20.5865196"
 Parameter: YPHI -> "344.074951"
 SELRPN>      1 atoms have been selected out of  22374
 ROTATION MATRIX
    0.961621    0.000000    0.274380
    0.000000    1.000000    0.000000
   -0.274380    0.000000    0.961621

 AXIS OF ROTATION IS  0.000000 -1.000000  0.000000  ANGLE IS   15.93

 SELECTED COORDINATES ROTATED IN THE MAIN SET.

  
 CHARMM>            coor rotate xcen @xpos ycen @ypos zcen @zpos zdir 1.0 -
 CHARMM>                phi @zphi select target end
 Parameter: XPOS -> "-32.9013443"
 Parameter: YPOS -> "-15.0391882"
 Parameter: ZPOS -> "-20.5865196"
 Parameter: ZPHI -> "247.383397"
 SELRPN>      1 atoms have been selected out of  22374
 ROTATION MATRIX
   -0.384563   -0.923099    0.000000
    0.923099   -0.384563    0.000000
    0.000000    0.000000    1.000000

 AXIS OF ROTATION IS  0.000000  0.000000 -1.000000  ANGLE IS  112.62

 SELECTED COORDINATES ROTATED IN THE MAIN SET.

  
 CHARMM>     
  
 CHARMM>     
  
 CHARMM>            calc dcut = 3.5
Evaluating: 3.5
 Parameter: DCUT <- "3.5"
  
 CHARMM>     
  
 CHARMM>            coor stat sele target end
 SELRPN>      1 atoms have been selected out of  22374
 STATISTICS FOR         1 SELECTED ATOMS:
    XMIN =  -32.901344 XMAX =  -32.901344 XAVE =  -32.901344
    YMIN =  -15.039188 YMAX =  -15.039188 YAVE =  -15.039188
    ZMIN =  -20.586520 ZMAX =  -20.586520 ZAVE =  -20.586520
    WMIN =    1.000000 WMAX =    1.000000 WAVE =    1.000000
  
 CHARMM>            calc xmax = ?xmax + @dcut
 Parameter: DCUT -> "3.5"
 RDCMND substituted energy or value "?XMAX" to "-32.9013443"
Evaluating: -32.9013443+3.5
 Parameter: XMAX <- "-29.4013443"
  
 CHARMM>            calc ymax = ?ymax + @dcut
 Parameter: DCUT -> "3.5"
 RDCMND substituted energy or value "?YMAX" to "-15.0391882"
Evaluating: -15.0391882+3.5
 Parameter: YMAX <- "-11.5391882"
  
 CHARMM>            calc zmax = ?zmax + @dcut
 Parameter: DCUT -> "3.5"
 RDCMND substituted energy or value "?ZMAX" to "-20.5865196"
Evaluating: -20.5865196+3.5
 Parameter: ZMAX <- "-17.0865196"
  
 CHARMM>            calc xmin = ?xmin - @dcut
 Parameter: DCUT -> "3.5"
 RDCMND substituted energy or value "?XMIN" to "-32.9013443"
Evaluating: -32.9013443-3.5
 Parameter: XMIN <- "-36.4013443"
  
 CHARMM>            calc ymin = ?ymin - @dcut
 Parameter: DCUT -> "3.5"
 RDCMND substituted energy or value "?YMIN" to "-15.0391882"
Evaluating: -15.0391882-3.5
 Parameter: YMIN <- "-18.5391882"
  
 CHARMM>            calc zmin = ?zmin - @dcut
 Parameter: DCUT -> "3.5"
 RDCMND substituted energy or value "?ZMIN" to "-20.5865196"
Evaluating: -20.5865196-3.5
 Parameter: ZMIN <- "-24.0865196"
  
 CHARMM>     
  
 CHARMM>            define JUNK sele .not. target .and. -
 CHARMM>                             prop X .lt. @xmax .and. prop X .gt. @xmin .and. -
 CHARMM>                             prop Y .lt. @ymax .and. prop Y .gt. @ymin .and. -
 CHARMM>                             prop Z .lt. @zmax .and. prop Z .gt. @zmin  end
 Parameter: XMAX -> "-29.4013443"
 Parameter: XMIN -> "-36.4013443"
 Parameter: YMAX -> "-11.5391882"
 Parameter: YMIN -> "-18.5391882"
 Parameter: ZMAX -> "-17.0865196"
 Parameter: ZMIN -> "-24.0865196"
 SELRPN>     19 atoms have been selected out of  22374
  
 CHARMM>     
  
 CHARMM>            ! check if the ions are too close to protein
  
 CHARMM>            define XXX sele PROT end
 SELRPN>      0 atoms have been selected out of  22374
  
 CHARMM>            if ?nsel .gt. 0 then
 RDCMND substituted energy or value "?NSEL" to "0"
 Comparing "0" and "0".
 IF test evaluated as false.  Skip to ELSE or ENDIF
  
 CHARMM>     
  
 CHARMM>            ! check if the ions are too close to solute
  
 CHARMM>            coor dist cut 4.0 sele target end sele JUNK .and. .not. hydrogen end image
 SELRPN>      1 atoms have been selected out of  34208
 SELRPN>     10 atoms have been selected out of  34208

            DISTANCES FOR SELECTED ATOMS
22352 POS      SOD      32       SOD     -**** MEMB     SAPS     168      O13B          3.3649
22352 POS      SOD      32       SOD     -**** MEMB     SAPS     168      C3            3.2512
22352 POS      SOD      32       SOD     -**** MEMB     SAPS     168      O31           2.8287
22352 POS      SOD      32       SOD     -**** MEMB     SAPS     168      C31           2.9648
22352 POS      SOD      32       SOD     -**** MEMB     SAPS     168      O32           3.4837
22352 POS      SOD      32       SOD     -**** MEMB     SAPS     168      C32           3.3829
22352 POS      SOD      32       SOD     -**** MEMB     SOPE     171      C12           3.2534
22352 POS      SOD      32       SOD     -**** MEMB     SOPE     171      C11           2.5851
22352 POS      SOD      32       SOD     -**** MEMB     SOPE     171      O12           3.0988
 TOTAL EXCLUSION COUNT =         0
 TOTAL 1-4 EXCLUSIONS  =         0
 TOTAL NON-EXCLUSIONS  =         9
  
 CHARMM>            if ?npair .gt. 0 goto doinit
 RDCMND substituted energy or value "?NPAIR" to "9"
 Comparing "9" and "0".
 IF test evaluated as true.  Performing command
  
 CHARMM>     
  
 CHARMM>            calc cntrand = @cntrand + 1
 Parameter: CNTRAND -> "2"
Evaluating: 2+1
 Parameter: CNTRAND <- "3"
  
 CHARMM>            if cntrand .gt. 100 stop ! ABNORMAL TERMINATION: ion placing may not work.. stop here
 Comparing "3" and "100".
 IF test evaluated as false.  Skipping command
  
 CHARMM>     
  
 CHARMM>            calc j = @i
 Parameter: I -> "32"
Evaluating: 32
 Parameter: J <- "32"
  
 CHARMM>            set ion = POS
 Parameter: ION <- "POS"
  
 CHARMM>     
  
 CHARMM>            if j .gt. @npos then
 Parameter: NPOS -> "37"
 Comparing "32" and "37".
 IF test evaluated as false.  Skip to ELSE or ENDIF
  
 CHARMM>     
  
 CHARMM>            define target select segid @ion .and. resid @j end
 Parameter: ION -> "POS"
 Parameter: J -> "32"
 SELRPN>      1 atoms have been selected out of  22374
  
 CHARMM>     
  
 CHARMM>            calc xpos = @A * ( ?random - 0.5 )
 Parameter: A -> "73.4166194"
 RDCMND substituted energy or value "?RANDOM" to "0.752415243"
Evaluating: 73.4166194*(0.752415243-0.5)
 Parameter: XPOS <- "18.5314738"
  
 CHARMM>            calc ypos = @B * ( ?random - 0.5 )
 Parameter: B -> "73.4166194"
 RDCMND substituted energy or value "?RANDOM" to "8.845393208E-02"
Evaluating: 73.4166194*(8.845393208E-02-0.5)
 Parameter: YPOS <- "-30.214321"
  
 CHARMM>            calc zpos = @C * ( ?random - 0.5 ) + @zcen
 Parameter: C -> "85"
 Parameter: ZCEN -> "0"
 RDCMND substituted energy or value "?RANDOM" to "0.454055212"
Evaluating: 85*(0.454055212-0.5)+0
 Parameter: ZPOS <- "-3.90530698"
  
 CHARMM>     
  
 CHARMM>            if zpos .gt. -15 if zpos .lt. 15 goto doinit
 Comparing "-3.90530698" and "-15".
 IF test evaluated as true.  Performing command
 Comparing "-3.90530698" and "15".
 IF test evaluated as true.  Performing command
  
 CHARMM>     
  
 CHARMM>            calc cntrand = @cntrand + 1
 Parameter: CNTRAND -> "3"
Evaluating: 3+1
 Parameter: CNTRAND <- "4"
  
 CHARMM>            if cntrand .gt. 100 stop ! ABNORMAL TERMINATION: ion placing may not work.. stop here
 Comparing "4" and "100".
 IF test evaluated as false.  Skipping command
  
 CHARMM>     
  
 CHARMM>            calc j = @i
 Parameter: I -> "32"
Evaluating: 32
 Parameter: J <- "32"
  
 CHARMM>            set ion = POS
 Parameter: ION <- "POS"
  
 CHARMM>     
  
 CHARMM>            if j .gt. @npos then
 Parameter: NPOS -> "37"
 Comparing "32" and "37".
 IF test evaluated as false.  Skip to ELSE or ENDIF
  
 CHARMM>     
  
 CHARMM>            define target select segid @ion .and. resid @j end
 Parameter: ION -> "POS"
 Parameter: J -> "32"
 SELRPN>      1 atoms have been selected out of  22374
  
 CHARMM>     
  
 CHARMM>            calc xpos = @A * ( ?random - 0.5 )
 Parameter: A -> "73.4166194"
 RDCMND substituted energy or value "?RANDOM" to "0.952378899"
Evaluating: 73.4166194*(0.952378899-0.5)
 Parameter: XPOS <- "33.2121295"
  
 CHARMM>            calc ypos = @B * ( ?random - 0.5 )
 Parameter: B -> "73.4166194"
 RDCMND substituted energy or value "?RANDOM" to "0.551225332"
Evaluating: 73.4166194*(0.551225332-0.5)
 Parameter: YPOS <- "3.7607907"
  
 CHARMM>            calc zpos = @C * ( ?random - 0.5 ) + @zcen
 Parameter: C -> "85"
 Parameter: ZCEN -> "0"
 RDCMND substituted energy or value "?RANDOM" to "0.651391547"
Evaluating: 85*(0.651391547-0.5)+0
 Parameter: ZPOS <- "12.8682815"
  
 CHARMM>     
  
 CHARMM>            if zpos .gt. -15 if zpos .lt. 15 goto doinit
 Comparing "12.8682815" and "-15".
 IF test evaluated as true.  Performing command
 Comparing "12.8682815" and "15".
 IF test evaluated as true.  Performing command
  
 CHARMM>     
  
 CHARMM>            calc cntrand = @cntrand + 1
 Parameter: CNTRAND -> "4"
Evaluating: 4+1
 Parameter: CNTRAND <- "5"
  
 CHARMM>            if cntrand .gt. 100 stop ! ABNORMAL TERMINATION: ion placing may not work.. stop here
 Comparing "5" and "100".
 IF test evaluated as false.  Skipping command
  
 CHARMM>     
  
 CHARMM>            calc j = @i
 Parameter: I -> "32"
Evaluating: 32
 Parameter: J <- "32"
  
 CHARMM>            set ion = POS
 Parameter: ION <- "POS"
  
 CHARMM>     
  
 CHARMM>            if j .gt. @npos then
 Parameter: NPOS -> "37"
 Comparing "32" and "37".
 IF test evaluated as false.  Skip to ELSE or ENDIF
  
 CHARMM>     
  
 CHARMM>            define target select segid @ion .and. resid @j end
 Parameter: ION -> "POS"
 Parameter: J -> "32"
 SELRPN>      1 atoms have been selected out of  22374
  
 CHARMM>     
  
 CHARMM>            calc xpos = @A * ( ?random - 0.5 )
 Parameter: A -> "73.4166194"
 RDCMND substituted energy or value "?RANDOM" to "0.112875835"
Evaluating: 73.4166194*(0.112875835-0.5)
 Parameter: XPOS <- "-28.4213475"
  
 CHARMM>            calc ypos = @B * ( ?random - 0.5 )
 Parameter: B -> "73.4166194"
 RDCMND substituted energy or value "?RANDOM" to "0.671787443"
Evaluating: 73.4166194*(0.671787443-0.5)
 Parameter: YPOS <- "12.6120533"
  
 CHARMM>            calc zpos = @C * ( ?random - 0.5 ) + @zcen
 Parameter: C -> "85"
 Parameter: ZCEN -> "0"
 RDCMND substituted energy or value "?RANDOM" to "0.303133088"
Evaluating: 85*(0.303133088-0.5)+0
 Parameter: ZPOS <- "-16.7336875"
  
 CHARMM>     
  
 CHARMM>            if zpos .gt. -15 if zpos .lt. 15 goto doinit
 Comparing "-16.7336875" and "-15".
 IF test evaluated as false.  Skipping command
  
 CHARMM>     
  
 CHARMM>            ! move target to selected position
  
 CHARMM>            coor stat select target end
 SELRPN>      1 atoms have been selected out of  22374
 STATISTICS FOR         1 SELECTED ATOMS:
    XMIN =  -32.901344 XMAX =  -32.901344 XAVE =  -32.901344
    YMIN =  -15.039188 YMAX =  -15.039188 YAVE =  -15.039188
    ZMIN =  -20.586520 ZMAX =  -20.586520 ZAVE =  -20.586520
    WMIN =    1.000000 WMAX =    1.000000 WAVE =    1.000000
  
 CHARMM>            calc xtran = @xpos - ?xave
 Parameter: XPOS -> "-28.4213475"
 RDCMND substituted energy or value "?XAVE" to "-32.9013443"
Evaluating: -28.4213475--32.9013443
 Parameter: XTRAN <- "4.4799968"
  
 CHARMM>            calc ytran = @ypos - ?yave
 Parameter: YPOS -> "12.6120533"
 RDCMND substituted energy or value "?YAVE" to "-15.0391882"
Evaluating: 12.6120533--15.0391882
 Parameter: YTRAN <- "27.6512415"
  
 CHARMM>            calc ztran = @zpos - ?zave
 Parameter: ZPOS -> "-16.7336875"
 RDCMND substituted energy or value "?ZAVE" to "-20.5865196"
Evaluating: -16.7336875--20.5865196
 Parameter: ZTRAN <- "3.8528321"
  
 CHARMM>            coor trans xdir @xtran ydir @ytran zdir @ztran select target end
 Parameter: XTRAN -> "4.4799968"
 Parameter: YTRAN -> "27.6512415"
 Parameter: ZTRAN -> "3.8528321"
 SELRPN>      1 atoms have been selected out of  22374
 TRANSLATION VECTOR     4.479997   27.651242    3.852832
 SELECTED COORDINATES TRANSLATED IN THE MAIN SET.

  
 CHARMM>     
  
 CHARMM>            ! apply a random rotation along XYZ
  
 CHARMM>            calc xphi = ?random * 360.0
 RDCMND substituted energy or value "?RANDOM" to "0.689488618"
Evaluating: 0.689488618*360.0
 Parameter: XPHI <- "248.215902"
  
 CHARMM>            calc yphi = ?random * 360.0
 RDCMND substituted energy or value "?RANDOM" to "0.181772819"
Evaluating: 0.181772819*360.0
 Parameter: YPHI <- "65.4382148"
  
 CHARMM>            calc zphi = ?random * 360.0
 RDCMND substituted energy or value "?RANDOM" to "3.328972529E-02"
Evaluating: 3.328972529E-02*360.0
 Parameter: ZPHI <- "11.9843011"
  
 CHARMM>            coor rotate xcen @xpos ycen @ypos zcen @zpos xdir 1.0 -
 CHARMM>                phi @xphi select target end
 Parameter: XPOS -> "-28.4213475"
 Parameter: YPOS -> "12.6120533"
 Parameter: ZPOS -> "-16.7336875"
 Parameter: XPHI -> "248.215902"
 SELRPN>      1 atoms have been selected out of  22374
 ROTATION MATRIX
    1.000000    0.000000    0.000000
    0.000000   -0.371110   -0.928589
    0.000000    0.928589   -0.371110

 AXIS OF ROTATION IS -1.000000  0.000000  0.000000  ANGLE IS  111.78

 SELECTED COORDINATES ROTATED IN THE MAIN SET.

  
 CHARMM>            coor rotate xcen @xpos ycen @ypos zcen @zpos ydir 1.0 -
 CHARMM>                phi @yphi select target end
 Parameter: XPOS -> "-28.4213475"
 Parameter: YPOS -> "12.6120533"
 Parameter: ZPOS -> "-16.7336875"
 Parameter: YPHI -> "65.4382148"
 SELRPN>      1 atoms have been selected out of  22374
 ROTATION MATRIX
    0.415674    0.000000   -0.909514
    0.000000    1.000000    0.000000
    0.909514    0.000000    0.415674

 AXIS OF ROTATION IS  0.000000  1.000000  0.000000  ANGLE IS   65.44

 SELECTED COORDINATES ROTATED IN THE MAIN SET.

  
 CHARMM>            coor rotate xcen @xpos ycen @ypos zcen @zpos zdir 1.0 -
 CHARMM>                phi @zphi select target end
 Parameter: XPOS -> "-28.4213475"
 Parameter: YPOS -> "12.6120533"
 Parameter: ZPOS -> "-16.7336875"
 Parameter: ZPHI -> "11.9843011"
 SELRPN>      1 atoms have been selected out of  22374
 ROTATION MATRIX
    0.978205    0.207644    0.000000
   -0.207644    0.978205    0.000000
    0.000000    0.000000    1.000000

 AXIS OF ROTATION IS  0.000000  0.000000  1.000000  ANGLE IS   11.98

 SELECTED COORDINATES ROTATED IN THE MAIN SET.

  
 CHARMM>     
  
 CHARMM>     
  
 CHARMM>            calc dcut = 3.5
Evaluating: 3.5
 Parameter: DCUT <- "3.5"
  
 CHARMM>     
  
 CHARMM>            coor stat sele target end
 SELRPN>      1 atoms have been selected out of  22374
 STATISTICS FOR         1 SELECTED ATOMS:
    XMIN =  -28.421347 XMAX =  -28.421347 XAVE =  -28.421347
    YMIN =   12.612053 YMAX =   12.612053 YAVE =   12.612053
    ZMIN =  -16.733687 ZMAX =  -16.733687 ZAVE =  -16.733687
    WMIN =    1.000000 WMAX =    1.000000 WAVE =    1.000000
  
 CHARMM>            calc xmax = ?xmax + @dcut
 Parameter: DCUT -> "3.5"
 RDCMND substituted energy or value "?XMAX" to "-28.4213475"
Evaluating: -28.4213475+3.5
 Parameter: XMAX <- "-24.9213475"
  
 CHARMM>            calc ymax = ?ymax + @dcut
 Parameter: DCUT -> "3.5"
 RDCMND substituted energy or value "?YMAX" to "12.6120533"
Evaluating: 12.6120533+3.5
 Parameter: YMAX <- "16.1120533"
  
 CHARMM>            calc zmax = ?zmax + @dcut
 Parameter: DCUT -> "3.5"
 RDCMND substituted energy or value "?ZMAX" to "-16.7336875"
Evaluating: -16.7336875+3.5
 Parameter: ZMAX <- "-13.2336875"
  
 CHARMM>            calc xmin = ?xmin - @dcut
 Parameter: DCUT -> "3.5"
 RDCMND substituted energy or value "?XMIN" to "-28.4213475"
Evaluating: -28.4213475-3.5
 Parameter: XMIN <- "-31.9213475"
  
 CHARMM>            calc ymin = ?ymin - @dcut
 Parameter: DCUT -> "3.5"
 RDCMND substituted energy or value "?YMIN" to "12.6120533"
Evaluating: 12.6120533-3.5
 Parameter: YMIN <- "9.1120533"
  
 CHARMM>            calc zmin = ?zmin - @dcut
 Parameter: DCUT -> "3.5"
 RDCMND substituted energy or value "?ZMIN" to "-16.7336875"
Evaluating: -16.7336875-3.5
 Parameter: ZMIN <- "-20.2336875"
  
 CHARMM>     
  
 CHARMM>            define JUNK sele .not. target .and. -
 CHARMM>                             prop X .lt. @xmax .and. prop X .gt. @xmin .and. -
 CHARMM>                             prop Y .lt. @ymax .and. prop Y .gt. @ymin .and. -
 CHARMM>                             prop Z .lt. @zmax .and. prop Z .gt. @zmin  end
 Parameter: XMAX -> "-24.9213475"
 Parameter: XMIN -> "-31.9213475"
 Parameter: YMAX -> "16.1120533"
 Parameter: YMIN -> "9.1120533"
 Parameter: ZMAX -> "-13.2336875"
 Parameter: ZMIN -> "-20.2336875"
 SELRPN>     27 atoms have been selected out of  22374
  
 CHARMM>     
  
 CHARMM>            ! check if the ions are too close to protein
  
 CHARMM>            define XXX sele PROT end
 SELRPN>      0 atoms have been selected out of  22374
  
 CHARMM>            if ?nsel .gt. 0 then
 RDCMND substituted energy or value "?NSEL" to "0"
 Comparing "0" and "0".
 IF test evaluated as false.  Skip to ELSE or ENDIF
  
 CHARMM>     
  
 CHARMM>            ! check if the ions are too close to solute
  
 CHARMM>            coor dist cut 4.0 sele target end sele JUNK .and. .not. hydrogen end image
 SELRPN>      1 atoms have been selected out of  34208
 SELRPN>     13 atoms have been selected out of  34208

            DISTANCES FOR SELECTED ATOMS
22352 POS      SOD      32       SOD     -**** MEMB     CHL1     149      C3            2.2014
22352 POS      SOD      32       SOD     -**** MEMB     CHL1     149      O3            3.0410
22352 POS      SOD      32       SOD     -**** MEMB     CHL1     149      C4            3.3097
22352 POS      SOD      32       SOD     -**** MEMB     CHL1     149      C5            3.6502
22352 POS      SOD      32       SOD     -**** MEMB     CHL1     149      C10           3.8999
22352 POS      SOD      32       SOD     -**** MEMB     CHL1     149      C1            2.8949
22352 POS      SOD      32       SOD     -**** MEMB     CHL1     149      C2            2.5957
22352 POS      SOD      32       SOD     -**** MEMB     SAPE     165      C24           3.3957
22352 POS      SOD      32       SOD     -**** MEMB     SAPE     165      C25           3.8113
22352 POS      SOD      32       SOD     -**** MEMB     SAPE     165      C27           3.8899
 TOTAL EXCLUSION COUNT =         0
 TOTAL 1-4 EXCLUSIONS  =         0
 TOTAL NON-EXCLUSIONS  =        10
  
 CHARMM>            if ?npair .gt. 0 goto doinit
 RDCMND substituted energy or value "?NPAIR" to "10"
 Comparing "10" and "0".
 IF test evaluated as true.  Performing command
  
 CHARMM>     
  
 CHARMM>            calc cntrand = @cntrand + 1
 Parameter: CNTRAND -> "5"
Evaluating: 5+1
 Parameter: CNTRAND <- "6"
  
 CHARMM>            if cntrand .gt. 100 stop ! ABNORMAL TERMINATION: ion placing may not work.. stop here
 Comparing "6" and "100".
 IF test evaluated as false.  Skipping command
  
 CHARMM>     
  
 CHARMM>            calc j = @i
 Parameter: I -> "32"
Evaluating: 32
 Parameter: J <- "32"
  
 CHARMM>            set ion = POS
 Parameter: ION <- "POS"
  
 CHARMM>     
  
 CHARMM>            if j .gt. @npos then
 Parameter: NPOS -> "37"
 Comparing "32" and "37".
 IF test evaluated as false.  Skip to ELSE or ENDIF
  
 CHARMM>     
  
 CHARMM>            define target select segid @ion .and. resid @j end
 Parameter: ION -> "POS"
 Parameter: J -> "32"
 SELRPN>      1 atoms have been selected out of  22374
  
 CHARMM>     
  
 CHARMM>            calc xpos = @A * ( ?random - 0.5 )
 Parameter: A -> "73.4166194"
 RDCMND substituted energy or value "?RANDOM" to "0.768982435"
Evaluating: 73.4166194*(0.768982435-0.5)
 Parameter: XPOS <- "19.7477811"
  
 CHARMM>            calc ypos = @B * ( ?random - 0.5 )
 Parameter: B -> "73.4166194"
 RDCMND substituted energy or value "?RANDOM" to "7.531733131E-02"
Evaluating: 73.4166194*(7.531733131E-02-0.5)
 Parameter: YPOS <- "-31.1787659"
  
 CHARMM>            calc zpos = @C * ( ?random - 0.5 ) + @zcen
 Parameter: C -> "85"
 Parameter: ZCEN -> "0"
 RDCMND substituted energy or value "?RANDOM" to "0.20359461"
Evaluating: 85*(0.20359461-0.5)+0
 Parameter: ZPOS <- "-25.1944581"
  
 CHARMM>     
  
 CHARMM>            if zpos .gt. -15 if zpos .lt. 15 goto doinit
 Comparing "-25.1944581" and "-15".
 IF test evaluated as false.  Skipping command
  
 CHARMM>     
  
 CHARMM>            ! move target to selected position
  
 CHARMM>            coor stat select target end
 SELRPN>      1 atoms have been selected out of  22374
 STATISTICS FOR         1 SELECTED ATOMS:
    XMIN =  -28.421347 XMAX =  -28.421347 XAVE =  -28.421347
    YMIN =   12.612053 YMAX =   12.612053 YAVE =   12.612053
    ZMIN =  -16.733687 ZMAX =  -16.733687 ZAVE =  -16.733687
    WMIN =    1.000000 WMAX =    1.000000 WAVE =    1.000000
  
 CHARMM>            calc xtran = @xpos - ?xave
 Parameter: XPOS -> "19.7477811"
 RDCMND substituted energy or value "?XAVE" to "-28.4213475"
Evaluating: 19.7477811--28.4213475
 Parameter: XTRAN <- "48.1691286"
  
 CHARMM>            calc ytran = @ypos - ?yave
 Parameter: YPOS -> "-31.1787659"
 RDCMND substituted energy or value "?YAVE" to "12.6120533"
Evaluating: -31.1787659-12.6120533
 Parameter: YTRAN <- "-43.7908192"
  
 CHARMM>            calc ztran = @zpos - ?zave
 Parameter: ZPOS -> "-25.1944581"
 RDCMND substituted energy or value "?ZAVE" to "-16.7336875"
Evaluating: -25.1944581--16.7336875
 Parameter: ZTRAN <- "-8.4607706"
  
 CHARMM>            coor trans xdir @xtran ydir @ytran zdir @ztran select target end
 Parameter: XTRAN -> "48.1691286"
 Parameter: YTRAN -> "-43.7908192"
 Parameter: ZTRAN -> "-8.4607706"
 SELRPN>      1 atoms have been selected out of  22374
 TRANSLATION VECTOR    48.169129  -43.790819   -8.460771
 SELECTED COORDINATES TRANSLATED IN THE MAIN SET.

  
 CHARMM>     
  
 CHARMM>            ! apply a random rotation along XYZ
  
 CHARMM>            calc xphi = ?random * 360.0
 RDCMND substituted energy or value "?RANDOM" to "0.100693265"
Evaluating: 0.100693265*360.0
 Parameter: XPHI <- "36.2495754"
  
 CHARMM>            calc yphi = ?random * 360.0
 RDCMND substituted energy or value "?RANDOM" to "0.917072543"
Evaluating: 0.917072543*360.0
 Parameter: YPHI <- "330.146115"
  
 CHARMM>            calc zphi = ?random * 360.0
 RDCMND substituted energy or value "?RANDOM" to "6.221806238E-02"
Evaluating: 6.221806238E-02*360.0
 Parameter: ZPHI <- "22.3985025"
  
 CHARMM>            coor rotate xcen @xpos ycen @ypos zcen @zpos xdir 1.0 -
 CHARMM>                phi @xphi select target end
 Parameter: XPOS -> "19.7477811"
 Parameter: YPOS -> "-31.1787659"
 Parameter: ZPOS -> "-25.1944581"
 Parameter: XPHI -> "36.2495754"
 SELRPN>      1 atoms have been selected out of  22374
 ROTATION MATRIX
    1.000000    0.000000    0.000000
    0.000000    0.806449    0.591304
    0.000000   -0.591304    0.806449

 AXIS OF ROTATION IS  1.000000  0.000000  0.000000  ANGLE IS   36.25

 SELECTED COORDINATES ROTATED IN THE MAIN SET.

  
 CHARMM>            coor rotate xcen @xpos ycen @ypos zcen @zpos ydir 1.0 -
 CHARMM>                phi @yphi select target end
 Parameter: XPOS -> "19.7477811"
 Parameter: YPOS -> "-31.1787659"
 Parameter: ZPOS -> "-25.1944581"
 Parameter: YPHI -> "330.146115"
 SELRPN>      1 atoms have been selected out of  22374
 ROTATION MATRIX
    0.867298    0.000000    0.497790
    0.000000    1.000000    0.000000
   -0.497790    0.000000    0.867298

 AXIS OF ROTATION IS  0.000000 -1.000000  0.000000  ANGLE IS   29.85

 SELECTED COORDINATES ROTATED IN THE MAIN SET.

  
 CHARMM>            coor rotate xcen @xpos ycen @ypos zcen @zpos zdir 1.0 -
 CHARMM>                phi @zphi select target end
 Parameter: XPOS -> "19.7477811"
 Parameter: YPOS -> "-31.1787659"
 Parameter: ZPOS -> "-25.1944581"
 Parameter: ZPHI -> "22.3985025"
 SELRPN>      1 atoms have been selected out of  22374
 ROTATION MATRIX
    0.924556    0.381046    0.000000
   -0.381046    0.924556    0.000000
    0.000000    0.000000    1.000000

 AXIS OF ROTATION IS  0.000000  0.000000  1.000000  ANGLE IS   22.40

 SELECTED COORDINATES ROTATED IN THE MAIN SET.

  
 CHARMM>     
  
 CHARMM>     
  
 CHARMM>            calc dcut = 3.5
Evaluating: 3.5
 Parameter: DCUT <- "3.5"
  
 CHARMM>     
  
 CHARMM>            coor stat sele target end
 SELRPN>      1 atoms have been selected out of  22374
 STATISTICS FOR         1 SELECTED ATOMS:
    XMIN =   19.747781 XMAX =   19.747781 XAVE =   19.747781
    YMIN =  -31.178766 YMAX =  -31.178766 YAVE =  -31.178766
    ZMIN =  -25.194458 ZMAX =  -25.194458 ZAVE =  -25.194458
    WMIN =    1.000000 WMAX =    1.000000 WAVE =    1.000000
  
 CHARMM>            calc xmax = ?xmax + @dcut
 Parameter: DCUT -> "3.5"
 RDCMND substituted energy or value "?XMAX" to "19.7477811"
Evaluating: 19.7477811+3.5
 Parameter: XMAX <- "23.2477811"
  
 CHARMM>            calc ymax = ?ymax + @dcut
 Parameter: DCUT -> "3.5"
 RDCMND substituted energy or value "?YMAX" to "-31.1787659"
Evaluating: -31.1787659+3.5
 Parameter: YMAX <- "-27.6787659"
  
 CHARMM>            calc zmax = ?zmax + @dcut
 Parameter: DCUT -> "3.5"
 RDCMND substituted energy or value "?ZMAX" to "-25.1944581"
Evaluating: -25.1944581+3.5
 Parameter: ZMAX <- "-21.6944581"
  
 CHARMM>            calc xmin = ?xmin - @dcut
 Parameter: DCUT -> "3.5"
 RDCMND substituted energy or value "?XMIN" to "19.7477811"
Evaluating: 19.7477811-3.5
 Parameter: XMIN <- "16.2477811"
  
 CHARMM>            calc ymin = ?ymin - @dcut
 Parameter: DCUT -> "3.5"
 RDCMND substituted energy or value "?YMIN" to "-31.1787659"
Evaluating: -31.1787659-3.5
 Parameter: YMIN <- "-34.6787659"
  
 CHARMM>            calc zmin = ?zmin - @dcut
 Parameter: DCUT -> "3.5"
 RDCMND substituted energy or value "?ZMIN" to "-25.1944581"
Evaluating: -25.1944581-3.5
 Parameter: ZMIN <- "-28.6944581"
  
 CHARMM>     
  
 CHARMM>            define JUNK sele .not. target .and. -
 CHARMM>                             prop X .lt. @xmax .and. prop X .gt. @xmin .and. -
 CHARMM>                             prop Y .lt. @ymax .and. prop Y .gt. @ymin .and. -
 CHARMM>                             prop Z .lt. @zmax .and. prop Z .gt. @zmin  end
 Parameter: XMAX -> "23.2477811"
 Parameter: XMIN -> "16.2477811"
 Parameter: YMAX -> "-27.6787659"
 Parameter: YMIN -> "-34.6787659"
 Parameter: ZMAX -> "-21.6944581"
 Parameter: ZMIN -> "-28.6944581"
 SELRPN>      8 atoms have been selected out of  22374
  
 CHARMM>     
  
 CHARMM>            ! check if the ions are too close to protein
  
 CHARMM>            define XXX sele PROT end
 SELRPN>      0 atoms have been selected out of  22374
  
 CHARMM>            if ?nsel .gt. 0 then
 RDCMND substituted energy or value "?NSEL" to "0"
 Comparing "0" and "0".
 IF test evaluated as false.  Skip to ELSE or ENDIF
  
 CHARMM>     
  
 CHARMM>            ! check if the ions are too close to solute
  
 CHARMM>            coor dist cut 4.0 sele target end sele JUNK .and. .not. hydrogen end image
 SELRPN>      1 atoms have been selected out of  34208
 SELRPN>      2 atoms have been selected out of  34208

            DISTANCES FOR SELECTED ATOMS
22352 POS      SOD      32       SOD     -**** MEMB     SAPC     178      C13           3.5355
22352 POS      SOD      32       SOD     -**** MEMB     SAPC     178      C15           3.2859
 TOTAL EXCLUSION COUNT =         0
 TOTAL 1-4 EXCLUSIONS  =         0
 TOTAL NON-EXCLUSIONS  =         2
  
 CHARMM>            if ?npair .gt. 0 goto doinit
 RDCMND substituted energy or value "?NPAIR" to "2"
 Comparing "2" and "0".
 IF test evaluated as true.  Performing command
  
 CHARMM>     
  
 CHARMM>            calc cntrand = @cntrand + 1
 Parameter: CNTRAND -> "6"
Evaluating: 6+1
 Parameter: CNTRAND <- "7"
  
 CHARMM>            if cntrand .gt. 100 stop ! ABNORMAL TERMINATION: ion placing may not work.. stop here
 Comparing "7" and "100".
 IF test evaluated as false.  Skipping command
  
 CHARMM>     
  
 CHARMM>            calc j = @i
 Parameter: I -> "32"
Evaluating: 32
 Parameter: J <- "32"
  
 CHARMM>            set ion = POS
 Parameter: ION <- "POS"
  
 CHARMM>     
  
 CHARMM>            if j .gt. @npos then
 Parameter: NPOS -> "37"
 Comparing "32" and "37".
 IF test evaluated as false.  Skip to ELSE or ENDIF
  
 CHARMM>     
  
 CHARMM>            define target select segid @ion .and. resid @j end
 Parameter: ION -> "POS"
 Parameter: J -> "32"
 SELRPN>      1 atoms have been selected out of  22374
  
 CHARMM>     
  
 CHARMM>            calc xpos = @A * ( ?random - 0.5 )
 Parameter: A -> "73.4166194"
 RDCMND substituted energy or value "?RANDOM" to "3.480792606E-02"
Evaluating: 73.4166194*(3.480792606E-02-0.5)
 Parameter: XPOS <- "-34.1528294"
  
 CHARMM>            calc ypos = @B * ( ?random - 0.5 )
 Parameter: B -> "73.4166194"
 RDCMND substituted energy or value "?RANDOM" to "8.370691556E-02"
Evaluating: 73.4166194*(8.370691556E-02-0.5)
 Parameter: YPOS <- "-30.5628309"
  
 CHARMM>            calc zpos = @C * ( ?random - 0.5 ) + @zcen
 Parameter: C -> "85"
 Parameter: ZCEN -> "0"
 RDCMND substituted energy or value "?RANDOM" to "0.228522147"
Evaluating: 85*(0.228522147-0.5)+0
 Parameter: ZPOS <- "-23.0756175"
  
 CHARMM>     
  
 CHARMM>            if zpos .gt. -15 if zpos .lt. 15 goto doinit
 Comparing "-23.0756175" and "-15".
 IF test evaluated as false.  Skipping command
  
 CHARMM>     
  
 CHARMM>            ! move target to selected position
  
 CHARMM>            coor stat select target end
 SELRPN>      1 atoms have been selected out of  22374
 STATISTICS FOR         1 SELECTED ATOMS:
    XMIN =   19.747781 XMAX =   19.747781 XAVE =   19.747781
    YMIN =  -31.178766 YMAX =  -31.178766 YAVE =  -31.178766
    ZMIN =  -25.194458 ZMAX =  -25.194458 ZAVE =  -25.194458
    WMIN =    1.000000 WMAX =    1.000000 WAVE =    1.000000
  
 CHARMM>            calc xtran = @xpos - ?xave
 Parameter: XPOS -> "-34.1528294"
 RDCMND substituted energy or value "?XAVE" to "19.7477811"
Evaluating: -34.1528294-19.7477811
 Parameter: XTRAN <- "-53.9006105"
  
 CHARMM>            calc ytran = @ypos - ?yave
 Parameter: YPOS -> "-30.5628309"
 RDCMND substituted energy or value "?YAVE" to "-31.1787659"
Evaluating: -30.5628309--31.1787659
 Parameter: YTRAN <- "0.615935"
  
 CHARMM>            calc ztran = @zpos - ?zave
 Parameter: ZPOS -> "-23.0756175"
 RDCMND substituted energy or value "?ZAVE" to "-25.1944581"
Evaluating: -23.0756175--25.1944581
 Parameter: ZTRAN <- "2.1188406"
  
 CHARMM>            coor trans xdir @xtran ydir @ytran zdir @ztran select target end
 Parameter: XTRAN -> "-53.9006105"
 Parameter: YTRAN -> "0.615935"
 Parameter: ZTRAN -> "2.1188406"
 SELRPN>      1 atoms have been selected out of  22374
 TRANSLATION VECTOR   -53.900610    0.615935    2.118841
 SELECTED COORDINATES TRANSLATED IN THE MAIN SET.

  
 CHARMM>     
  
 CHARMM>            ! apply a random rotation along XYZ
  
 CHARMM>            calc xphi = ?random * 360.0
 RDCMND substituted energy or value "?RANDOM" to "0.512319599"
Evaluating: 0.512319599*360.0
 Parameter: XPHI <- "184.435056"
  
 CHARMM>            calc yphi = ?random * 360.0
 RDCMND substituted energy or value "?RANDOM" to "0.858949779"
Evaluating: 0.858949779*360.0
 Parameter: YPHI <- "309.22192"
  
 CHARMM>            calc zphi = ?random * 360.0
 RDCMND substituted energy or value "?RANDOM" to "0.271928823"
Evaluating: 0.271928823*360.0
 Parameter: ZPHI <- "97.8943763"
  
 CHARMM>            coor rotate xcen @xpos ycen @ypos zcen @zpos xdir 1.0 -
 CHARMM>                phi @xphi select target end
 Parameter: XPOS -> "-34.1528294"
 Parameter: YPOS -> "-30.5628309"
 Parameter: ZPOS -> "-23.0756175"
 Parameter: XPHI -> "184.435056"
 SELRPN>      1 atoms have been selected out of  22374
 ROTATION MATRIX
    1.000000    0.000000    0.000000
    0.000000   -0.997006   -0.077329
    0.000000    0.077329   -0.997006

 AXIS OF ROTATION IS -1.000000  0.000000  0.000000  ANGLE IS  175.56

 SELECTED COORDINATES ROTATED IN THE MAIN SET.

  
 CHARMM>            coor rotate xcen @xpos ycen @ypos zcen @zpos ydir 1.0 -
 CHARMM>                phi @yphi select target end
 Parameter: XPOS -> "-34.1528294"
 Parameter: YPOS -> "-30.5628309"
 Parameter: ZPOS -> "-23.0756175"
 Parameter: YPHI -> "309.22192"
 SELRPN>      1 atoms have been selected out of  22374
 ROTATION MATRIX
    0.632326    0.000000    0.774703
    0.000000    1.000000    0.000000
   -0.774703    0.000000    0.632326

 AXIS OF ROTATION IS  0.000000 -1.000000  0.000000  ANGLE IS   50.78

 SELECTED COORDINATES ROTATED IN THE MAIN SET.

  
 CHARMM>            coor rotate xcen @xpos ycen @ypos zcen @zpos zdir 1.0 -
 CHARMM>                phi @zphi select target end
 Parameter: XPOS -> "-34.1528294"
 Parameter: YPOS -> "-30.5628309"
 Parameter: ZPOS -> "-23.0756175"
 Parameter: ZPHI -> "97.8943763"
 SELRPN>      1 atoms have been selected out of  22374
 ROTATION MATRIX
   -0.137347    0.990523    0.000000
   -0.990523   -0.137347    0.000000
    0.000000    0.000000    1.000000

 AXIS OF ROTATION IS  0.000000  0.000000  1.000000  ANGLE IS   97.89

 SELECTED COORDINATES ROTATED IN THE MAIN SET.

  
 CHARMM>     
  
 CHARMM>     
  
 CHARMM>            calc dcut = 3.5
Evaluating: 3.5
 Parameter: DCUT <- "3.5"
  
 CHARMM>     
  
 CHARMM>            coor stat sele target end
 SELRPN>      1 atoms have been selected out of  22374
 STATISTICS FOR         1 SELECTED ATOMS:
    XMIN =  -34.152829 XMAX =  -34.152829 XAVE =  -34.152829
    YMIN =  -30.562831 YMAX =  -30.562831 YAVE =  -30.562831
    ZMIN =  -23.075618 ZMAX =  -23.075618 ZAVE =  -23.075618
    WMIN =    1.000000 WMAX =    1.000000 WAVE =    1.000000
  
 CHARMM>            calc xmax = ?xmax + @dcut
 Parameter: DCUT -> "3.5"
 RDCMND substituted energy or value "?XMAX" to "-34.1528294"
Evaluating: -34.1528294+3.5
 Parameter: XMAX <- "-30.6528294"
  
 CHARMM>            calc ymax = ?ymax + @dcut
 Parameter: DCUT -> "3.5"
 RDCMND substituted energy or value "?YMAX" to "-30.5628309"
Evaluating: -30.5628309+3.5
 Parameter: YMAX <- "-27.0628309"
  
 CHARMM>            calc zmax = ?zmax + @dcut
 Parameter: DCUT -> "3.5"
 RDCMND substituted energy or value "?ZMAX" to "-23.0756175"
Evaluating: -23.0756175+3.5
 Parameter: ZMAX <- "-19.5756175"
  
 CHARMM>            calc xmin = ?xmin - @dcut
 Parameter: DCUT -> "3.5"
 RDCMND substituted energy or value "?XMIN" to "-34.1528294"
Evaluating: -34.1528294-3.5
 Parameter: XMIN <- "-37.6528294"
  
 CHARMM>            calc ymin = ?ymin - @dcut
 Parameter: DCUT -> "3.5"
 RDCMND substituted energy or value "?YMIN" to "-30.5628309"
Evaluating: -30.5628309-3.5
 Parameter: YMIN <- "-34.0628309"
  
 CHARMM>            calc zmin = ?zmin - @dcut
 Parameter: DCUT -> "3.5"
 RDCMND substituted energy or value "?ZMIN" to "-23.0756175"
Evaluating: -23.0756175-3.5
 Parameter: ZMIN <- "-26.5756175"
  
 CHARMM>     
  
 CHARMM>            define JUNK sele .not. target .and. -
 CHARMM>                             prop X .lt. @xmax .and. prop X .gt. @xmin .and. -
 CHARMM>                             prop Y .lt. @ymax .and. prop Y .gt. @ymin .and. -
 CHARMM>                             prop Z .lt. @zmax .and. prop Z .gt. @zmin  end
 Parameter: XMAX -> "-30.6528294"
 Parameter: XMIN -> "-37.6528294"
 Parameter: YMAX -> "-27.0628309"
 Parameter: YMIN -> "-34.0628309"
 Parameter: ZMAX -> "-19.5756175"
 Parameter: ZMIN -> "-26.5756175"
 SELRPN>      1 atoms have been selected out of  22374
  
 CHARMM>     
  
 CHARMM>            ! check if the ions are too close to protein
  
 CHARMM>            define XXX sele PROT end
 SELRPN>      0 atoms have been selected out of  22374
  
 CHARMM>            if ?nsel .gt. 0 then
 RDCMND substituted energy or value "?NSEL" to "0"
 Comparing "0" and "0".
 IF test evaluated as false.  Skip to ELSE or ENDIF
  
 CHARMM>     
  
 CHARMM>            ! check if the ions are too close to solute
  
 CHARMM>            coor dist cut 4.0 sele target end sele JUNK .and. .not. hydrogen end image
 SELRPN>      1 atoms have been selected out of  34208
 SELRPN>      0 atoms have been selected out of  34208

            DISTANCES FOR SELECTED ATOMS
            ONLY ONE SELECTION SET SPECIFIED, A COMPARISON WILL BE DONE
 TOTAL EXCLUSION COUNT =         0
 TOTAL 1-4 EXCLUSIONS  =         0
 TOTAL NON-EXCLUSIONS  =         0
  
 CHARMM>            if ?npair .gt. 0 goto doinit
 RDCMND substituted energy or value "?NPAIR" to "0"
 Comparing "0" and "0".
 IF test evaluated as false.  Skipping command
  
 CHARMM>     
  
 CHARMM>            calc cntrand = 0
Evaluating: 0
 Parameter: CNTRAND <- "0"
  
 CHARMM>            increase i by 1
 Parameter: I <- "33"
  
 CHARMM>            if i .le. @nion goto doinit
 Parameter: NION -> "54"
 Comparing "33" and "54".
 IF test evaluated as true.  Performing command
  
 CHARMM>     
  
 CHARMM>            calc cntrand = @cntrand + 1
 Parameter: CNTRAND -> "0"
Evaluating: 0+1
 Parameter: CNTRAND <- "1"
  
 CHARMM>            if cntrand .gt. 100 stop ! ABNORMAL TERMINATION: ion placing may not work.. stop here
 Comparing "1" and "100".
 IF test evaluated as false.  Skipping command
  
 CHARMM>     
  
 CHARMM>            calc j = @i
 Parameter: I -> "33"
Evaluating: 33
 Parameter: J <- "33"
  
 CHARMM>            set ion = POS
 Parameter: ION <- "POS"
  
 CHARMM>     
  
 CHARMM>            if j .gt. @npos then
 Parameter: NPOS -> "37"
 Comparing "33" and "37".
 IF test evaluated as false.  Skip to ELSE or ENDIF
  
 CHARMM>     
  
 CHARMM>            define target select segid @ion .and. resid @j end
 Parameter: ION -> "POS"
 Parameter: J -> "33"
 SELRPN>      1 atoms have been selected out of  22374
  
 CHARMM>     
  
 CHARMM>            calc xpos = @A * ( ?random - 0.5 )
 Parameter: A -> "73.4166194"
 RDCMND substituted energy or value "?RANDOM" to "0.633065411"
Evaluating: 73.4166194*(0.633065411-0.5)
 Parameter: XPOS <- "9.76921263"
  
 CHARMM>            calc ypos = @B * ( ?random - 0.5 )
 Parameter: B -> "73.4166194"
 RDCMND substituted energy or value "?RANDOM" to "4.289920895E-02"
Evaluating: 73.4166194*(4.289920895E-02-0.5)
 Parameter: YPOS <- "-33.5587948"
  
 CHARMM>            calc zpos = @C * ( ?random - 0.5 ) + @zcen
 Parameter: C -> "85"
 Parameter: ZCEN -> "0"
 RDCMND substituted energy or value "?RANDOM" to "0.324157821"
Evaluating: 85*(0.324157821-0.5)+0
 Parameter: ZPOS <- "-14.9465852"
  
 CHARMM>     
  
 CHARMM>            if zpos .gt. -15 if zpos .lt. 15 goto doinit
 Comparing "-14.9465852" and "-15".
 IF test evaluated as true.  Performing command
 Comparing "-14.9465852" and "15".
 IF test evaluated as true.  Performing command
  
 CHARMM>     
  
 CHARMM>            calc cntrand = @cntrand + 1
 Parameter: CNTRAND -> "1"
Evaluating: 1+1
 Parameter: CNTRAND <- "2"
  
 CHARMM>            if cntrand .gt. 100 stop ! ABNORMAL TERMINATION: ion placing may not work.. stop here
 Comparing "2" and "100".
 IF test evaluated as false.  Skipping command
  
 CHARMM>     
  
 CHARMM>            calc j = @i
 Parameter: I -> "33"
Evaluating: 33
 Parameter: J <- "33"
  
 CHARMM>            set ion = POS
 Parameter: ION <- "POS"
  
 CHARMM>     
  
 CHARMM>            if j .gt. @npos then
 Parameter: NPOS -> "37"
 Comparing "33" and "37".
 IF test evaluated as false.  Skip to ELSE or ENDIF
  
 CHARMM>     
  
 CHARMM>            define target select segid @ion .and. resid @j end
 Parameter: ION -> "POS"
 Parameter: J -> "33"
 SELRPN>      1 atoms have been selected out of  22374
  
 CHARMM>     
  
 CHARMM>            calc xpos = @A * ( ?random - 0.5 )
 Parameter: A -> "73.4166194"
 RDCMND substituted energy or value "?RANDOM" to "6.975047562E-02"
Evaluating: 73.4166194*(6.975047562E-02-0.5)
 Parameter: XPOS <- "-31.5874656"
  
 CHARMM>            calc ypos = @B * ( ?random - 0.5 )
 Parameter: B -> "73.4166194"
 RDCMND substituted energy or value "?RANDOM" to "0.847962358"
Evaluating: 73.4166194*(0.847962358-0.5)
 Parameter: YPOS <- "25.54622"
  
 CHARMM>            calc zpos = @C * ( ?random - 0.5 ) + @zcen
 Parameter: C -> "85"
 Parameter: ZCEN -> "0"
 RDCMND substituted energy or value "?RANDOM" to "0.865683145"
Evaluating: 85*(0.865683145-0.5)+0
 Parameter: ZPOS <- "31.0830673"
  
 CHARMM>     
  
 CHARMM>            if zpos .gt. -15 if zpos .lt. 15 goto doinit
 Comparing "31.0830673" and "-15".
 IF test evaluated as true.  Performing command
 Comparing "31.0830673" and "15".
 IF test evaluated as false.  Skipping command
  
 CHARMM>     
  
 CHARMM>            ! move target to selected position
  
 CHARMM>            coor stat select target end
 SELRPN>      1 atoms have been selected out of  22374
 STATISTICS FOR         1 SELECTED ATOMS:
    XMIN =    0.000000 XMAX =    0.000000 XAVE =    0.000000
    YMIN =    0.000000 YMAX =    0.000000 YAVE =    0.000000
    ZMIN =    0.000000 ZMAX =    0.000000 ZAVE =    0.000000
    WMIN =    1.000000 WMAX =    1.000000 WAVE =    1.000000
  
 CHARMM>            calc xtran = @xpos - ?xave
 Parameter: XPOS -> "-31.5874656"
 RDCMND substituted energy or value "?XAVE" to "0"
Evaluating: -31.5874656-0
 Parameter: XTRAN <- "-31.5874656"
  
 CHARMM>            calc ytran = @ypos - ?yave
 Parameter: YPOS -> "25.54622"
 RDCMND substituted energy or value "?YAVE" to "0"
Evaluating: 25.54622-0
 Parameter: YTRAN <- "25.54622"
  
 CHARMM>            calc ztran = @zpos - ?zave
 Parameter: ZPOS -> "31.0830673"
 RDCMND substituted energy or value "?ZAVE" to "0"
Evaluating: 31.0830673-0
 Parameter: ZTRAN <- "31.0830673"
  
 CHARMM>            coor trans xdir @xtran ydir @ytran zdir @ztran select target end
 Parameter: XTRAN -> "-31.5874656"
 Parameter: YTRAN -> "25.54622"
 Parameter: ZTRAN -> "31.0830673"
 SELRPN>      1 atoms have been selected out of  22374
 TRANSLATION VECTOR   -31.587466   25.546220   31.083067
 SELECTED COORDINATES TRANSLATED IN THE MAIN SET.

  
 CHARMM>     
  
 CHARMM>            ! apply a random rotation along XYZ
  
 CHARMM>            calc xphi = ?random * 360.0
 RDCMND substituted energy or value "?RANDOM" to "0.36357972"
Evaluating: 0.36357972*360.0
 Parameter: XPHI <- "130.888699"
  
 CHARMM>            calc yphi = ?random * 360.0
 RDCMND substituted energy or value "?RANDOM" to "0.772128819"
Evaluating: 0.772128819*360.0
 Parameter: YPHI <- "277.966375"
  
 CHARMM>            calc zphi = ?random * 360.0
 RDCMND substituted energy or value "?RANDOM" to "0.259753132"
Evaluating: 0.259753132*360.0
 Parameter: ZPHI <- "93.5111275"
  
 CHARMM>            coor rotate xcen @xpos ycen @ypos zcen @zpos xdir 1.0 -
 CHARMM>                phi @xphi select target end
 Parameter: XPOS -> "-31.5874656"
 Parameter: YPOS -> "25.54622"
 Parameter: ZPOS -> "31.0830673"
 Parameter: XPHI -> "130.888699"
 SELRPN>      1 atoms have been selected out of  22374
 ROTATION MATRIX
    1.000000    0.000000    0.000000
    0.000000   -0.654592    0.755983
    0.000000   -0.755983   -0.654592

 AXIS OF ROTATION IS  1.000000  0.000000  0.000000  ANGLE IS  130.89

 SELECTED COORDINATES ROTATED IN THE MAIN SET.

  
 CHARMM>            coor rotate xcen @xpos ycen @ypos zcen @zpos ydir 1.0 -
 CHARMM>                phi @yphi select target end
 Parameter: XPOS -> "-31.5874656"
 Parameter: YPOS -> "25.54622"
 Parameter: ZPOS -> "31.0830673"
 Parameter: YPHI -> "277.966375"
 SELRPN>      1 atoms have been selected out of  22374
 ROTATION MATRIX
    0.138592    0.000000    0.990350
    0.000000    1.000000    0.000000
   -0.990350    0.000000    0.138592

 AXIS OF ROTATION IS  0.000000 -1.000000  0.000000  ANGLE IS   82.03

 SELECTED COORDINATES ROTATED IN THE MAIN SET.

  
 CHARMM>            coor rotate xcen @xpos ycen @ypos zcen @zpos zdir 1.0 -
 CHARMM>                phi @zphi select target end
 Parameter: XPOS -> "-31.5874656"
 Parameter: YPOS -> "25.54622"
 Parameter: ZPOS -> "31.0830673"
 Parameter: ZPHI -> "93.5111275"
 SELRPN>      1 atoms have been selected out of  22374
 ROTATION MATRIX
   -0.061242    0.998123    0.000000
   -0.998123   -0.061242    0.000000
    0.000000    0.000000    1.000000

 AXIS OF ROTATION IS  0.000000  0.000000  1.000000  ANGLE IS   93.51

 SELECTED COORDINATES ROTATED IN THE MAIN SET.

  
 CHARMM>     
  
 CHARMM>     
  
 CHARMM>            calc dcut = 3.5
Evaluating: 3.5
 Parameter: DCUT <- "3.5"
  
 CHARMM>     
  
 CHARMM>            coor stat sele target end
 SELRPN>      1 atoms have been selected out of  22374
 STATISTICS FOR         1 SELECTED ATOMS:
    XMIN =  -31.587466 XMAX =  -31.587466 XAVE =  -31.587466
    YMIN =   25.546220 YMAX =   25.546220 YAVE =   25.546220
    ZMIN =   31.083067 ZMAX =   31.083067 ZAVE =   31.083067
    WMIN =    1.000000 WMAX =    1.000000 WAVE =    1.000000
  
 CHARMM>            calc xmax = ?xmax + @dcut
 Parameter: DCUT -> "3.5"
 RDCMND substituted energy or value "?XMAX" to "-31.5874656"
Evaluating: -31.5874656+3.5
 Parameter: XMAX <- "-28.0874656"
  
 CHARMM>            calc ymax = ?ymax + @dcut
 Parameter: DCUT -> "3.5"
 RDCMND substituted energy or value "?YMAX" to "25.54622"
Evaluating: 25.54622+3.5
 Parameter: YMAX <- "29.04622"
  
 CHARMM>            calc zmax = ?zmax + @dcut
 Parameter: DCUT -> "3.5"
 RDCMND substituted energy or value "?ZMAX" to "31.0830673"
Evaluating: 31.0830673+3.5
 Parameter: ZMAX <- "34.5830673"
  
 CHARMM>            calc xmin = ?xmin - @dcut
 Parameter: DCUT -> "3.5"
 RDCMND substituted energy or value "?XMIN" to "-31.5874656"
Evaluating: -31.5874656-3.5
 Parameter: XMIN <- "-35.0874656"
  
 CHARMM>            calc ymin = ?ymin - @dcut
 Parameter: DCUT -> "3.5"
 RDCMND substituted energy or value "?YMIN" to "25.54622"
Evaluating: 25.54622-3.5
 Parameter: YMIN <- "22.04622"
  
 CHARMM>            calc zmin = ?zmin - @dcut
 Parameter: DCUT -> "3.5"
 RDCMND substituted energy or value "?ZMIN" to "31.0830673"
Evaluating: 31.0830673-3.5
 Parameter: ZMIN <- "27.5830673"
  
 CHARMM>     
  
 CHARMM>            define JUNK sele .not. target .and. -
 CHARMM>                             prop X .lt. @xmax .and. prop X .gt. @xmin .and. -
 CHARMM>                             prop Y .lt. @ymax .and. prop Y .gt. @ymin .and. -
 CHARMM>                             prop Z .lt. @zmax .and. prop Z .gt. @zmin  end
 Parameter: XMAX -> "-28.0874656"
 Parameter: XMIN -> "-35.0874656"
 Parameter: YMAX -> "29.04622"
 Parameter: YMIN -> "22.04622"
 Parameter: ZMAX -> "34.5830673"
 Parameter: ZMIN -> "27.5830673"
 SELRPN>      0 atoms have been selected out of  22374
  
 CHARMM>     
  
 CHARMM>            ! check if the ions are too close to protein
  
 CHARMM>            define XXX sele PROT end
 SELRPN>      0 atoms have been selected out of  22374
  
 CHARMM>            if ?nsel .gt. 0 then
 RDCMND substituted energy or value "?NSEL" to "0"
 Comparing "0" and "0".
 IF test evaluated as false.  Skip to ELSE or ENDIF
  
 CHARMM>     
  
 CHARMM>            ! check if the ions are too close to solute
  
 CHARMM>            coor dist cut 4.0 sele target end sele JUNK .and. .not. hydrogen end image
 SELRPN>      1 atoms have been selected out of  34208
 SELRPN>      0 atoms have been selected out of  34208

            DISTANCES FOR SELECTED ATOMS
            ONLY ONE SELECTION SET SPECIFIED, A COMPARISON WILL BE DONE
 TOTAL EXCLUSION COUNT =         0
 TOTAL 1-4 EXCLUSIONS  =         0
 TOTAL NON-EXCLUSIONS  =         0
  
 CHARMM>            if ?npair .gt. 0 goto doinit
 RDCMND substituted energy or value "?NPAIR" to "0"
 Comparing "0" and "0".
 IF test evaluated as false.  Skipping command
  
 CHARMM>     
  
 CHARMM>            calc cntrand = 0
Evaluating: 0
 Parameter: CNTRAND <- "0"
  
 CHARMM>            increase i by 1
 Parameter: I <- "34"
  
 CHARMM>            if i .le. @nion goto doinit
 Parameter: NION -> "54"
 Comparing "34" and "54".
 IF test evaluated as true.  Performing command
  
 CHARMM>     
  
 CHARMM>            calc cntrand = @cntrand + 1
 Parameter: CNTRAND -> "0"
Evaluating: 0+1
 Parameter: CNTRAND <- "1"
  
 CHARMM>            if cntrand .gt. 100 stop ! ABNORMAL TERMINATION: ion placing may not work.. stop here
 Comparing "1" and "100".
 IF test evaluated as false.  Skipping command
  
 CHARMM>     
  
 CHARMM>            calc j = @i
 Parameter: I -> "34"
Evaluating: 34
 Parameter: J <- "34"
  
 CHARMM>            set ion = POS
 Parameter: ION <- "POS"
  
 CHARMM>     
  
 CHARMM>            if j .gt. @npos then
 Parameter: NPOS -> "37"
 Comparing "34" and "37".
 IF test evaluated as false.  Skip to ELSE or ENDIF
  
 CHARMM>     
  
 CHARMM>            define target select segid @ion .and. resid @j end
 Parameter: ION -> "POS"
 Parameter: J -> "34"
 SELRPN>      1 atoms have been selected out of  22374
  
 CHARMM>     
  
 CHARMM>            calc xpos = @A * ( ?random - 0.5 )
 Parameter: A -> "73.4166194"
 RDCMND substituted energy or value "?RANDOM" to "0.971262015"
Evaluating: 73.4166194*(0.971262015-0.5)
 Parameter: XPOS <- "34.598464"
  
 CHARMM>            calc ypos = @B * ( ?random - 0.5 )
 Parameter: B -> "73.4166194"
 RDCMND substituted energy or value "?RANDOM" to "0.408231413"
Evaluating: 73.4166194*(0.408231413-0.5)
 Parameter: YPOS <- "-6.73733942"
  
 CHARMM>            calc zpos = @C * ( ?random - 0.5 ) + @zcen
 Parameter: C -> "85"
 Parameter: ZCEN -> "0"
 RDCMND substituted energy or value "?RANDOM" to "0.58300272"
Evaluating: 85*(0.58300272-0.5)+0
 Parameter: ZPOS <- "7.0552312"
  
 CHARMM>     
  
 CHARMM>            if zpos .gt. -15 if zpos .lt. 15 goto doinit
 Comparing "7.0552312" and "-15".
 IF test evaluated as true.  Performing command
 Comparing "7.0552312" and "15".
 IF test evaluated as true.  Performing command
  
 CHARMM>     
  
 CHARMM>            calc cntrand = @cntrand + 1
 Parameter: CNTRAND -> "1"
Evaluating: 1+1
 Parameter: CNTRAND <- "2"
  
 CHARMM>            if cntrand .gt. 100 stop ! ABNORMAL TERMINATION: ion placing may not work.. stop here
 Comparing "2" and "100".
 IF test evaluated as false.  Skipping command
  
 CHARMM>     
  
 CHARMM>            calc j = @i
 Parameter: I -> "34"
Evaluating: 34
 Parameter: J <- "34"
  
 CHARMM>            set ion = POS
 Parameter: ION <- "POS"
  
 CHARMM>     
  
 CHARMM>            if j .gt. @npos then
 Parameter: NPOS -> "37"
 Comparing "34" and "37".
 IF test evaluated as false.  Skip to ELSE or ENDIF
  
 CHARMM>     
  
 CHARMM>            define target select segid @ion .and. resid @j end
 Parameter: ION -> "POS"
 Parameter: J -> "34"
 SELRPN>      1 atoms have been selected out of  22374
  
 CHARMM>     
  
 CHARMM>            calc xpos = @A * ( ?random - 0.5 )
 Parameter: A -> "73.4166194"
 RDCMND substituted energy or value "?RANDOM" to "0.259110103"
Evaluating: 73.4166194*(0.259110103-0.5)
 Parameter: XPOS <- "-17.6853219"
  
 CHARMM>            calc ypos = @B * ( ?random - 0.5 )
 Parameter: B -> "73.4166194"
 RDCMND substituted energy or value "?RANDOM" to "0.509690712"
Evaluating: 73.4166194*(0.509690712-0.5)
 Parameter: YPOS <- "0.711459315"
  
 CHARMM>            calc zpos = @C * ( ?random - 0.5 ) + @zcen
 Parameter: C -> "85"
 Parameter: ZCEN -> "0"
 RDCMND substituted energy or value "?RANDOM" to "0.180432573"
Evaluating: 85*(0.180432573-0.5)+0
 Parameter: ZPOS <- "-27.1632313"
  
 CHARMM>     
  
 CHARMM>            if zpos .gt. -15 if zpos .lt. 15 goto doinit
 Comparing "-27.1632313" and "-15".
 IF test evaluated as false.  Skipping command
  
 CHARMM>     
  
 CHARMM>            ! move target to selected position
  
 CHARMM>            coor stat select target end
 SELRPN>      1 atoms have been selected out of  22374
 STATISTICS FOR         1 SELECTED ATOMS:
    XMIN =    0.000000 XMAX =    0.000000 XAVE =    0.000000
    YMIN =    0.000000 YMAX =    0.000000 YAVE =    0.000000
    ZMIN =    0.000000 ZMAX =    0.000000 ZAVE =    0.000000
    WMIN =    1.000000 WMAX =    1.000000 WAVE =    1.000000
  
 CHARMM>            calc xtran = @xpos - ?xave
 Parameter: XPOS -> "-17.6853219"
 RDCMND substituted energy or value "?XAVE" to "0"
Evaluating: -17.6853219-0
 Parameter: XTRAN <- "-17.6853219"
  
 CHARMM>            calc ytran = @ypos - ?yave
 Parameter: YPOS -> "0.711459315"
 RDCMND substituted energy or value "?YAVE" to "0"
Evaluating: 0.711459315-0
 Parameter: YTRAN <- "0.711459315"
  
 CHARMM>            calc ztran = @zpos - ?zave
 Parameter: ZPOS -> "-27.1632313"
 RDCMND substituted energy or value "?ZAVE" to "0"
Evaluating: -27.1632313-0
 Parameter: ZTRAN <- "-27.1632313"
  
 CHARMM>            coor trans xdir @xtran ydir @ytran zdir @ztran select target end
 Parameter: XTRAN -> "-17.6853219"
 Parameter: YTRAN -> "0.711459315"
 Parameter: ZTRAN -> "-27.1632313"
 SELRPN>      1 atoms have been selected out of  22374
 TRANSLATION VECTOR   -17.685322    0.711459  -27.163231
 SELECTED COORDINATES TRANSLATED IN THE MAIN SET.

  
 CHARMM>     
  
 CHARMM>            ! apply a random rotation along XYZ
  
 CHARMM>            calc xphi = ?random * 360.0
 RDCMND substituted energy or value "?RANDOM" to "0.34348242"
Evaluating: 0.34348242*360.0
 Parameter: XPHI <- "123.653671"
  
 CHARMM>            calc yphi = ?random * 360.0
 RDCMND substituted energy or value "?RANDOM" to "7.930967219E-03"
Evaluating: 7.930967219E-03*360.0
 Parameter: YPHI <- "2.8551482"
  
 CHARMM>            calc zphi = ?random * 360.0
 RDCMND substituted energy or value "?RANDOM" to "0.142147118"
Evaluating: 0.142147118*360.0
 Parameter: ZPHI <- "51.1729625"
  
 CHARMM>            coor rotate xcen @xpos ycen @ypos zcen @zpos xdir 1.0 -
 CHARMM>                phi @xphi select target end
 Parameter: XPOS -> "-17.6853219"
 Parameter: YPOS -> "0.711459315"
 Parameter: ZPOS -> "-27.1632313"
 Parameter: XPHI -> "123.653671"
 SELRPN>      1 atoms have been selected out of  22374
 ROTATION MATRIX
    1.000000    0.000000    0.000000
    0.000000   -0.554172    0.832402
    0.000000   -0.832402   -0.554172

 AXIS OF ROTATION IS  1.000000  0.000000  0.000000  ANGLE IS  123.65

 SELECTED COORDINATES ROTATED IN THE MAIN SET.

  
 CHARMM>            coor rotate xcen @xpos ycen @ypos zcen @zpos ydir 1.0 -
 CHARMM>                phi @yphi select target end
 Parameter: XPOS -> "-17.6853219"
 Parameter: YPOS -> "0.711459315"
 Parameter: ZPOS -> "-27.1632313"
 Parameter: YPHI -> "2.8551482"
 SELRPN>      1 atoms have been selected out of  22374
 ROTATION MATRIX
    0.998759    0.000000   -0.049811
    0.000000    1.000000    0.000000
    0.049811    0.000000    0.998759

 AXIS OF ROTATION IS  0.000000  1.000000  0.000000  ANGLE IS    2.86

 SELECTED COORDINATES ROTATED IN THE MAIN SET.

  
 CHARMM>            coor rotate xcen @xpos ycen @ypos zcen @zpos zdir 1.0 -
 CHARMM>                phi @zphi select target end
 Parameter: XPOS -> "-17.6853219"
 Parameter: YPOS -> "0.711459315"
 Parameter: ZPOS -> "-27.1632313"
 Parameter: ZPHI -> "51.1729625"
 SELRPN>      1 atoms have been selected out of  22374
 ROTATION MATRIX
    0.626972    0.779042    0.000000
   -0.779042    0.626972    0.000000
    0.000000    0.000000    1.000000

 AXIS OF ROTATION IS  0.000000  0.000000  1.000000  ANGLE IS   51.17

 SELECTED COORDINATES ROTATED IN THE MAIN SET.

  
 CHARMM>     
  
 CHARMM>     
  
 CHARMM>            calc dcut = 3.5
Evaluating: 3.5
 Parameter: DCUT <- "3.5"
  
 CHARMM>     
  
 CHARMM>            coor stat sele target end
 SELRPN>      1 atoms have been selected out of  22374
 STATISTICS FOR         1 SELECTED ATOMS:
    XMIN =  -17.685322 XMAX =  -17.685322 XAVE =  -17.685322
    YMIN =    0.711459 YMAX =    0.711459 YAVE =    0.711459
    ZMIN =  -27.163231 ZMAX =  -27.163231 ZAVE =  -27.163231
    WMIN =    1.000000 WMAX =    1.000000 WAVE =    1.000000
  
 CHARMM>            calc xmax = ?xmax + @dcut
 Parameter: DCUT -> "3.5"
 RDCMND substituted energy or value "?XMAX" to "-17.6853219"
Evaluating: -17.6853219+3.5
 Parameter: XMAX <- "-14.1853219"
  
 CHARMM>            calc ymax = ?ymax + @dcut
 Parameter: DCUT -> "3.5"
 RDCMND substituted energy or value "?YMAX" to "0.711459315"
Evaluating: 0.711459315+3.5
 Parameter: YMAX <- "4.21145931"
  
 CHARMM>            calc zmax = ?zmax + @dcut
 Parameter: DCUT -> "3.5"
 RDCMND substituted energy or value "?ZMAX" to "-27.1632313"
Evaluating: -27.1632313+3.5
 Parameter: ZMAX <- "-23.6632313"
  
 CHARMM>            calc xmin = ?xmin - @dcut
 Parameter: DCUT -> "3.5"
 RDCMND substituted energy or value "?XMIN" to "-17.6853219"
Evaluating: -17.6853219-3.5
 Parameter: XMIN <- "-21.1853219"
  
 CHARMM>            calc ymin = ?ymin - @dcut
 Parameter: DCUT -> "3.5"
 RDCMND substituted energy or value "?YMIN" to "0.711459315"
Evaluating: 0.711459315-3.5
 Parameter: YMIN <- "-2.78854069"
  
 CHARMM>            calc zmin = ?zmin - @dcut
 Parameter: DCUT -> "3.5"
 RDCMND substituted energy or value "?ZMIN" to "-27.1632313"
Evaluating: -27.1632313-3.5
 Parameter: ZMIN <- "-30.6632313"
  
 CHARMM>     
  
 CHARMM>            define JUNK sele .not. target .and. -
 CHARMM>                             prop X .lt. @xmax .and. prop X .gt. @xmin .and. -
 CHARMM>                             prop Y .lt. @ymax .and. prop Y .gt. @ymin .and. -
 CHARMM>                             prop Z .lt. @zmax .and. prop Z .gt. @zmin  end
 Parameter: XMAX -> "-14.1853219"
 Parameter: XMIN -> "-21.1853219"
 Parameter: YMAX -> "4.21145931"
 Parameter: YMIN -> "-2.78854069"
 Parameter: ZMAX -> "-23.6632313"
 Parameter: ZMIN -> "-30.6632313"
 SELRPN>      1 atoms have been selected out of  22374
  
 CHARMM>     
  
 CHARMM>            ! check if the ions are too close to protein
  
 CHARMM>            define XXX sele PROT end
 SELRPN>      0 atoms have been selected out of  22374
  
 CHARMM>            if ?nsel .gt. 0 then
 RDCMND substituted energy or value "?NSEL" to "0"
 Comparing "0" and "0".
 IF test evaluated as false.  Skip to ELSE or ENDIF
  
 CHARMM>     
  
 CHARMM>            ! check if the ions are too close to solute
  
 CHARMM>            coor dist cut 4.0 sele target end sele JUNK .and. .not. hydrogen end image
 SELRPN>      1 atoms have been selected out of  34208
 SELRPN>      1 atoms have been selected out of  34208

            DISTANCES FOR SELECTED ATOMS
22354 POS      SOD      34       SOD     -**** POS      SOD      6        SOD           3.5216
 TOTAL EXCLUSION COUNT =         0
 TOTAL 1-4 EXCLUSIONS  =         0
 TOTAL NON-EXCLUSIONS  =         1
  
 CHARMM>            if ?npair .gt. 0 goto doinit
 RDCMND substituted energy or value "?NPAIR" to "1"
 Comparing "1" and "0".
 IF test evaluated as true.  Performing command
  
 CHARMM>     
  
 CHARMM>            calc cntrand = @cntrand + 1
 Parameter: CNTRAND -> "2"
Evaluating: 2+1
 Parameter: CNTRAND <- "3"
  
 CHARMM>            if cntrand .gt. 100 stop ! ABNORMAL TERMINATION: ion placing may not work.. stop here
 Comparing "3" and "100".
 IF test evaluated as false.  Skipping command
  
 CHARMM>     
  
 CHARMM>            calc j = @i
 Parameter: I -> "34"
Evaluating: 34
 Parameter: J <- "34"
  
 CHARMM>            set ion = POS
 Parameter: ION <- "POS"
  
 CHARMM>     
  
 CHARMM>            if j .gt. @npos then
 Parameter: NPOS -> "37"
 Comparing "34" and "37".
 IF test evaluated as false.  Skip to ELSE or ENDIF
  
 CHARMM>     
  
 CHARMM>            define target select segid @ion .and. resid @j end
 Parameter: ION -> "POS"
 Parameter: J -> "34"
 SELRPN>      1 atoms have been selected out of  22374
  
 CHARMM>     
  
 CHARMM>            calc xpos = @A * ( ?random - 0.5 )
 Parameter: A -> "73.4166194"
 RDCMND substituted energy or value "?RANDOM" to "0.523978605"
Evaluating: 73.4166194*(0.523978605-0.5)
 Parameter: XPOS <- "1.76042812"
  
 CHARMM>            calc ypos = @B * ( ?random - 0.5 )
 Parameter: B -> "73.4166194"
 RDCMND substituted energy or value "?RANDOM" to "0.705450828"
Evaluating: 73.4166194*(0.705450828-0.5)
 Parameter: YPOS <- "15.0835052"
  
 CHARMM>            calc zpos = @C * ( ?random - 0.5 ) + @zcen
 Parameter: C -> "85"
 Parameter: ZCEN -> "0"
 RDCMND substituted energy or value "?RANDOM" to "3.430098147E-03"
Evaluating: 85*(3.430098147E-03-0.5)+0
 Parameter: ZPOS <- "-42.2084417"
  
 CHARMM>     
  
 CHARMM>            if zpos .gt. -15 if zpos .lt. 15 goto doinit
 Comparing "-42.2084417" and "-15".
 IF test evaluated as false.  Skipping command
  
 CHARMM>     
  
 CHARMM>            ! move target to selected position
  
 CHARMM>            coor stat select target end
 SELRPN>      1 atoms have been selected out of  22374
 STATISTICS FOR         1 SELECTED ATOMS:
    XMIN =  -17.685322 XMAX =  -17.685322 XAVE =  -17.685322
    YMIN =    0.711459 YMAX =    0.711459 YAVE =    0.711459
    ZMIN =  -27.163231 ZMAX =  -27.163231 ZAVE =  -27.163231
    WMIN =    1.000000 WMAX =    1.000000 WAVE =    1.000000
  
 CHARMM>            calc xtran = @xpos - ?xave
 Parameter: XPOS -> "1.76042812"
 RDCMND substituted energy or value "?XAVE" to "-17.6853219"
Evaluating: 1.76042812--17.6853219
 Parameter: XTRAN <- "19.44575"
  
 CHARMM>            calc ytran = @ypos - ?yave
 Parameter: YPOS -> "15.0835052"
 RDCMND substituted energy or value "?YAVE" to "0.711459315"
Evaluating: 15.0835052-0.711459315
 Parameter: YTRAN <- "14.3720459"
  
 CHARMM>            calc ztran = @zpos - ?zave
 Parameter: ZPOS -> "-42.2084417"
 RDCMND substituted energy or value "?ZAVE" to "-27.1632313"
Evaluating: -42.2084417--27.1632313
 Parameter: ZTRAN <- "-15.0452104"
  
 CHARMM>            coor trans xdir @xtran ydir @ytran zdir @ztran select target end
 Parameter: XTRAN -> "19.44575"
 Parameter: YTRAN -> "14.3720459"
 Parameter: ZTRAN -> "-15.0452104"
 SELRPN>      1 atoms have been selected out of  22374
 TRANSLATION VECTOR    19.445750   14.372046  -15.045210
 SELECTED COORDINATES TRANSLATED IN THE MAIN SET.

  
 CHARMM>     
  
 CHARMM>            ! apply a random rotation along XYZ
  
 CHARMM>            calc xphi = ?random * 360.0
 RDCMND substituted energy or value "?RANDOM" to "0.421807623"
Evaluating: 0.421807623*360.0
 Parameter: XPHI <- "151.850744"
  
 CHARMM>            calc yphi = ?random * 360.0
 RDCMND substituted energy or value "?RANDOM" to "0.737408264"
Evaluating: 0.737408264*360.0
 Parameter: YPHI <- "265.466975"
  
 CHARMM>            calc zphi = ?random * 360.0
 RDCMND substituted energy or value "?RANDOM" to "0.713245001"
Evaluating: 0.713245001*360.0
 Parameter: ZPHI <- "256.7682"
  
 CHARMM>            coor rotate xcen @xpos ycen @ypos zcen @zpos xdir 1.0 -
 CHARMM>                phi @xphi select target end
 Parameter: XPOS -> "1.76042812"
 Parameter: YPOS -> "15.0835052"
 Parameter: ZPOS -> "-42.2084417"
 Parameter: XPHI -> "151.850744"
 SELRPN>      1 atoms have been selected out of  22374
 ROTATION MATRIX
    1.000000    0.000000    0.000000
    0.000000   -0.881722    0.471770
    0.000000   -0.471770   -0.881722

 AXIS OF ROTATION IS  1.000000  0.000000  0.000000  ANGLE IS  151.85

 SELECTED COORDINATES ROTATED IN THE MAIN SET.

  
 CHARMM>            coor rotate xcen @xpos ycen @ypos zcen @zpos ydir 1.0 -
 CHARMM>                phi @yphi select target end
 Parameter: XPOS -> "1.76042812"
 Parameter: YPOS -> "15.0835052"
 Parameter: ZPOS -> "-42.2084417"
 Parameter: YPHI -> "265.466975"
 SELRPN>      1 atoms have been selected out of  22374
 ROTATION MATRIX
   -0.079034    0.000000    0.996872
    0.000000    1.000000    0.000000
   -0.996872    0.000000   -0.079034

 AXIS OF ROTATION IS  0.000000 -1.000000  0.000000  ANGLE IS   94.53

 SELECTED COORDINATES ROTATED IN THE MAIN SET.

  
 CHARMM>            coor rotate xcen @xpos ycen @ypos zcen @zpos zdir 1.0 -
 CHARMM>                phi @zphi select target end
 Parameter: XPOS -> "1.76042812"
 Parameter: YPOS -> "15.0835052"
 Parameter: ZPOS -> "-42.2084417"
 Parameter: ZPHI -> "256.7682"
 SELRPN>      1 atoms have been selected out of  22374
 ROTATION MATRIX
   -0.228891   -0.973452    0.000000
    0.973452   -0.228891    0.000000
    0.000000    0.000000    1.000000

 AXIS OF ROTATION IS  0.000000  0.000000 -1.000000  ANGLE IS  103.23

 SELECTED COORDINATES ROTATED IN THE MAIN SET.

  
 CHARMM>     
  
 CHARMM>     
  
 CHARMM>            calc dcut = 3.5
Evaluating: 3.5
 Parameter: DCUT <- "3.5"
  
 CHARMM>     
  
 CHARMM>            coor stat sele target end
 SELRPN>      1 atoms have been selected out of  22374
 STATISTICS FOR         1 SELECTED ATOMS:
    XMIN =    1.760428 XMAX =    1.760428 XAVE =    1.760428
    YMIN =   15.083505 YMAX =   15.083505 YAVE =   15.083505
    ZMIN =  -42.208442 ZMAX =  -42.208442 ZAVE =  -42.208442
    WMIN =    1.000000 WMAX =    1.000000 WAVE =    1.000000
  
 CHARMM>            calc xmax = ?xmax + @dcut
 Parameter: DCUT -> "3.5"
 RDCMND substituted energy or value "?XMAX" to "1.76042813"
Evaluating: 1.76042813+3.5
 Parameter: XMAX <- "5.26042813"
  
 CHARMM>            calc ymax = ?ymax + @dcut
 Parameter: DCUT -> "3.5"
 RDCMND substituted energy or value "?YMAX" to "15.0835052"
Evaluating: 15.0835052+3.5
 Parameter: YMAX <- "18.5835052"
  
 CHARMM>            calc zmax = ?zmax + @dcut
 Parameter: DCUT -> "3.5"
 RDCMND substituted energy or value "?ZMAX" to "-42.2084417"
Evaluating: -42.2084417+3.5
 Parameter: ZMAX <- "-38.7084417"
  
 CHARMM>            calc xmin = ?xmin - @dcut
 Parameter: DCUT -> "3.5"
 RDCMND substituted energy or value "?XMIN" to "1.76042813"
Evaluating: 1.76042813-3.5
 Parameter: XMIN <- "-1.73957187"
  
 CHARMM>            calc ymin = ?ymin - @dcut
 Parameter: DCUT -> "3.5"
 RDCMND substituted energy or value "?YMIN" to "15.0835052"
Evaluating: 15.0835052-3.5
 Parameter: YMIN <- "11.5835052"
  
 CHARMM>            calc zmin = ?zmin - @dcut
 Parameter: DCUT -> "3.5"
 RDCMND substituted energy or value "?ZMIN" to "-42.2084417"
Evaluating: -42.2084417-3.5
 Parameter: ZMIN <- "-45.7084417"
  
 CHARMM>     
  
 CHARMM>            define JUNK sele .not. target .and. -
 CHARMM>                             prop X .lt. @xmax .and. prop X .gt. @xmin .and. -
 CHARMM>                             prop Y .lt. @ymax .and. prop Y .gt. @ymin .and. -
 CHARMM>                             prop Z .lt. @zmax .and. prop Z .gt. @zmin  end
 Parameter: XMAX -> "5.26042813"
 Parameter: XMIN -> "-1.73957187"
 Parameter: YMAX -> "18.5835052"
 Parameter: YMIN -> "11.5835052"
 Parameter: ZMAX -> "-38.7084417"
 Parameter: ZMIN -> "-45.7084417"
 SELRPN>      0 atoms have been selected out of  22374
  
 CHARMM>     
  
 CHARMM>            ! check if the ions are too close to protein
  
 CHARMM>            define XXX sele PROT end
 SELRPN>      0 atoms have been selected out of  22374
  
 CHARMM>            if ?nsel .gt. 0 then
 RDCMND substituted energy or value "?NSEL" to "0"
 Comparing "0" and "0".
 IF test evaluated as false.  Skip to ELSE or ENDIF
  
 CHARMM>     
  
 CHARMM>            ! check if the ions are too close to solute
  
 CHARMM>            coor dist cut 4.0 sele target end sele JUNK .and. .not. hydrogen end image
 SELRPN>      1 atoms have been selected out of  34208
 SELRPN>      0 atoms have been selected out of  34208

            DISTANCES FOR SELECTED ATOMS
            ONLY ONE SELECTION SET SPECIFIED, A COMPARISON WILL BE DONE
 TOTAL EXCLUSION COUNT =         0
 TOTAL 1-4 EXCLUSIONS  =         0
 TOTAL NON-EXCLUSIONS  =         0
  
 CHARMM>            if ?npair .gt. 0 goto doinit
 RDCMND substituted energy or value "?NPAIR" to "0"
 Comparing "0" and "0".
 IF test evaluated as false.  Skipping command
  
 CHARMM>     
  
 CHARMM>            calc cntrand = 0
Evaluating: 0
 Parameter: CNTRAND <- "0"
  
 CHARMM>            increase i by 1
 Parameter: I <- "35"
  
 CHARMM>            if i .le. @nion goto doinit
 Parameter: NION -> "54"
 Comparing "35" and "54".
 IF test evaluated as true.  Performing command
  
 CHARMM>     
  
 CHARMM>            calc cntrand = @cntrand + 1
 Parameter: CNTRAND -> "0"
Evaluating: 0+1
 Parameter: CNTRAND <- "1"
  
 CHARMM>            if cntrand .gt. 100 stop ! ABNORMAL TERMINATION: ion placing may not work.. stop here
 Comparing "1" and "100".
 IF test evaluated as false.  Skipping command
  
 CHARMM>     
  
 CHARMM>            calc j = @i
 Parameter: I -> "35"
Evaluating: 35
 Parameter: J <- "35"
  
 CHARMM>            set ion = POS
 Parameter: ION <- "POS"
  
 CHARMM>     
  
 CHARMM>            if j .gt. @npos then
 Parameter: NPOS -> "37"
 Comparing "35" and "37".
 IF test evaluated as false.  Skip to ELSE or ENDIF
  
 CHARMM>     
  
 CHARMM>            define target select segid @ion .and. resid @j end
 Parameter: ION -> "POS"
 Parameter: J -> "35"
 SELRPN>      1 atoms have been selected out of  22374
  
 CHARMM>     
  
 CHARMM>            calc xpos = @A * ( ?random - 0.5 )
 Parameter: A -> "73.4166194"
 RDCMND substituted energy or value "?RANDOM" to "9.995802873E-02"
Evaluating: 73.4166194*(9.995802873E-02-0.5)
 Parameter: XPOS <- "-29.3697291"
  
 CHARMM>            calc ypos = @B * ( ?random - 0.5 )
 Parameter: B -> "73.4166194"
 RDCMND substituted energy or value "?RANDOM" to "0.309724727"
Evaluating: 73.4166194*(0.309724727-0.5)
 Parameter: YPOS <- "-13.9693673"
  
 CHARMM>            calc zpos = @C * ( ?random - 0.5 ) + @zcen
 Parameter: C -> "85"
 Parameter: ZCEN -> "0"
 RDCMND substituted energy or value "?RANDOM" to "0.426594468"
Evaluating: 85*(0.426594468-0.5)+0
 Parameter: ZPOS <- "-6.23947022"
  
 CHARMM>     
  
 CHARMM>            if zpos .gt. -15 if zpos .lt. 15 goto doinit
 Comparing "-6.23947022" and "-15".
 IF test evaluated as true.  Performing command
 Comparing "-6.23947022" and "15".
 IF test evaluated as true.  Performing command
  
 CHARMM>     
  
 CHARMM>            calc cntrand = @cntrand + 1
 Parameter: CNTRAND -> "1"
Evaluating: 1+1
 Parameter: CNTRAND <- "2"
  
 CHARMM>            if cntrand .gt. 100 stop ! ABNORMAL TERMINATION: ion placing may not work.. stop here
 Comparing "2" and "100".
 IF test evaluated as false.  Skipping command
  
 CHARMM>     
  
 CHARMM>            calc j = @i
 Parameter: I -> "35"
Evaluating: 35
 Parameter: J <- "35"
  
 CHARMM>            set ion = POS
 Parameter: ION <- "POS"
  
 CHARMM>     
  
 CHARMM>            if j .gt. @npos then
 Parameter: NPOS -> "37"
 Comparing "35" and "37".
 IF test evaluated as false.  Skip to ELSE or ENDIF
  
 CHARMM>     
  
 CHARMM>            define target select segid @ion .and. resid @j end
 Parameter: ION -> "POS"
 Parameter: J -> "35"
 SELRPN>      1 atoms have been selected out of  22374
  
 CHARMM>     
  
 CHARMM>            calc xpos = @A * ( ?random - 0.5 )
 Parameter: A -> "73.4166194"
 RDCMND substituted energy or value "?RANDOM" to "0.164964754"
Evaluating: 73.4166194*(0.164964754-0.5)
 Parameter: XPOS <- "-24.5971551"
  
 CHARMM>            calc ypos = @B * ( ?random - 0.5 )
 Parameter: B -> "73.4166194"
 RDCMND substituted energy or value "?RANDOM" to "0.58542346"
Evaluating: 73.4166194*(0.58542346-0.5)
 Parameter: YPOS <- "6.27150165"
  
 CHARMM>            calc zpos = @C * ( ?random - 0.5 ) + @zcen
 Parameter: C -> "85"
 Parameter: ZCEN -> "0"
 RDCMND substituted energy or value "?RANDOM" to "0.861842508"
Evaluating: 85*(0.861842508-0.5)+0
 Parameter: ZPOS <- "30.7566132"
  
 CHARMM>     
  
 CHARMM>            if zpos .gt. -15 if zpos .lt. 15 goto doinit
 Comparing "30.7566132" and "-15".
 IF test evaluated as true.  Performing command
 Comparing "30.7566132" and "15".
 IF test evaluated as false.  Skipping command
  
 CHARMM>     
  
 CHARMM>            ! move target to selected position
  
 CHARMM>            coor stat select target end
 SELRPN>      1 atoms have been selected out of  22374
 STATISTICS FOR         1 SELECTED ATOMS:
    XMIN =    0.000000 XMAX =    0.000000 XAVE =    0.000000
    YMIN =    0.000000 YMAX =    0.000000 YAVE =    0.000000
    ZMIN =    0.000000 ZMAX =    0.000000 ZAVE =    0.000000
    WMIN =    1.000000 WMAX =    1.000000 WAVE =    1.000000
  
 CHARMM>            calc xtran = @xpos - ?xave
 Parameter: XPOS -> "-24.5971551"
 RDCMND substituted energy or value "?XAVE" to "0"
Evaluating: -24.5971551-0
 Parameter: XTRAN <- "-24.5971551"
  
 CHARMM>            calc ytran = @ypos - ?yave
 Parameter: YPOS -> "6.27150165"
 RDCMND substituted energy or value "?YAVE" to "0"
Evaluating: 6.27150165-0
 Parameter: YTRAN <- "6.27150165"
  
 CHARMM>            calc ztran = @zpos - ?zave
 Parameter: ZPOS -> "30.7566132"
 RDCMND substituted energy or value "?ZAVE" to "0"
Evaluating: 30.7566132-0
 Parameter: ZTRAN <- "30.7566132"
  
 CHARMM>            coor trans xdir @xtran ydir @ytran zdir @ztran select target end
 Parameter: XTRAN -> "-24.5971551"
 Parameter: YTRAN -> "6.27150165"
 Parameter: ZTRAN -> "30.7566132"
 SELRPN>      1 atoms have been selected out of  22374
 TRANSLATION VECTOR   -24.597155    6.271502   30.756613
 SELECTED COORDINATES TRANSLATED IN THE MAIN SET.

  
 CHARMM>     
  
 CHARMM>            ! apply a random rotation along XYZ
  
 CHARMM>            calc xphi = ?random * 360.0
 RDCMND substituted energy or value "?RANDOM" to "0.938116947"
Evaluating: 0.938116947*360.0
 Parameter: XPHI <- "337.722101"
  
 CHARMM>            calc yphi = ?random * 360.0
 RDCMND substituted energy or value "?RANDOM" to "0.222799591"
Evaluating: 0.222799591*360.0
 Parameter: YPHI <- "80.2078528"
  
 CHARMM>            calc zphi = ?random * 360.0
 RDCMND substituted energy or value "?RANDOM" to "0.733969789"
Evaluating: 0.733969789*360.0
 Parameter: ZPHI <- "264.229124"
  
 CHARMM>            coor rotate xcen @xpos ycen @ypos zcen @zpos xdir 1.0 -
 CHARMM>                phi @xphi select target end
 Parameter: XPOS -> "-24.5971551"
 Parameter: YPOS -> "6.27150165"
 Parameter: ZPOS -> "30.7566132"
 Parameter: XPHI -> "337.722101"
 SELRPN>      1 atoms have been selected out of  22374
 ROTATION MATRIX
    1.000000    0.000000    0.000000
    0.000000    0.925356   -0.379099
    0.000000    0.379099    0.925356

 AXIS OF ROTATION IS -1.000000  0.000000  0.000000  ANGLE IS   22.28

 SELECTED COORDINATES ROTATED IN THE MAIN SET.

  
 CHARMM>            coor rotate xcen @xpos ycen @ypos zcen @zpos ydir 1.0 -
 CHARMM>                phi @yphi select target end
 Parameter: XPOS -> "-24.5971551"
 Parameter: YPOS -> "6.27150165"
 Parameter: ZPOS -> "30.7566132"
 Parameter: YPHI -> "80.2078528"
 SELRPN>      1 atoms have been selected out of  22374
 ROTATION MATRIX
    0.170074    0.000000   -0.985431
    0.000000    1.000000    0.000000
    0.985431    0.000000    0.170074

 AXIS OF ROTATION IS  0.000000  1.000000  0.000000  ANGLE IS   80.21

 SELECTED COORDINATES ROTATED IN THE MAIN SET.

  
 CHARMM>            coor rotate xcen @xpos ycen @ypos zcen @zpos zdir 1.0 -
 CHARMM>                phi @zphi select target end
 Parameter: XPOS -> "-24.5971551"
 Parameter: YPOS -> "6.27150165"
 Parameter: ZPOS -> "30.7566132"
 Parameter: ZPHI -> "264.229124"
 SELRPN>      1 atoms have been selected out of  22374
 ROTATION MATRIX
   -0.100551   -0.994932    0.000000
    0.994932   -0.100551    0.000000
    0.000000    0.000000    1.000000

 AXIS OF ROTATION IS  0.000000  0.000000 -1.000000  ANGLE IS   95.77

 SELECTED COORDINATES ROTATED IN THE MAIN SET.

  
 CHARMM>     
  
 CHARMM>     
  
 CHARMM>            calc dcut = 3.5
Evaluating: 3.5
 Parameter: DCUT <- "3.5"
  
 CHARMM>     
  
 CHARMM>            coor stat sele target end
 SELRPN>      1 atoms have been selected out of  22374
 STATISTICS FOR         1 SELECTED ATOMS:
    XMIN =  -24.597155 XMAX =  -24.597155 XAVE =  -24.597155
    YMIN =    6.271502 YMAX =    6.271502 YAVE =    6.271502
    ZMIN =   30.756613 ZMAX =   30.756613 ZAVE =   30.756613
    WMIN =    1.000000 WMAX =    1.000000 WAVE =    1.000000
  
 CHARMM>            calc xmax = ?xmax + @dcut
 Parameter: DCUT -> "3.5"
 RDCMND substituted energy or value "?XMAX" to "-24.5971551"
Evaluating: -24.5971551+3.5
 Parameter: XMAX <- "-21.0971551"
  
 CHARMM>            calc ymax = ?ymax + @dcut
 Parameter: DCUT -> "3.5"
 RDCMND substituted energy or value "?YMAX" to "6.27150165"
Evaluating: 6.27150165+3.5
 Parameter: YMAX <- "9.77150165"
  
 CHARMM>            calc zmax = ?zmax + @dcut
 Parameter: DCUT -> "3.5"
 RDCMND substituted energy or value "?ZMAX" to "30.7566132"
Evaluating: 30.7566132+3.5
 Parameter: ZMAX <- "34.2566132"
  
 CHARMM>            calc xmin = ?xmin - @dcut
 Parameter: DCUT -> "3.5"
 RDCMND substituted energy or value "?XMIN" to "-24.5971551"
Evaluating: -24.5971551-3.5
 Parameter: XMIN <- "-28.0971551"
  
 CHARMM>            calc ymin = ?ymin - @dcut
 Parameter: DCUT -> "3.5"
 RDCMND substituted energy or value "?YMIN" to "6.27150165"
Evaluating: 6.27150165-3.5
 Parameter: YMIN <- "2.77150165"
  
 CHARMM>            calc zmin = ?zmin - @dcut
 Parameter: DCUT -> "3.5"
 RDCMND substituted energy or value "?ZMIN" to "30.7566132"
Evaluating: 30.7566132-3.5
 Parameter: ZMIN <- "27.2566132"
  
 CHARMM>     
  
 CHARMM>            define JUNK sele .not. target .and. -
 CHARMM>                             prop X .lt. @xmax .and. prop X .gt. @xmin .and. -
 CHARMM>                             prop Y .lt. @ymax .and. prop Y .gt. @ymin .and. -
 CHARMM>                             prop Z .lt. @zmax .and. prop Z .gt. @zmin  end
 Parameter: XMAX -> "-21.0971551"
 Parameter: XMIN -> "-28.0971551"
 Parameter: YMAX -> "9.77150165"
 Parameter: YMIN -> "2.77150165"
 Parameter: ZMAX -> "34.2566132"
 Parameter: ZMIN -> "27.2566132"
 SELRPN>      0 atoms have been selected out of  22374
  
 CHARMM>     
  
 CHARMM>            ! check if the ions are too close to protein
  
 CHARMM>            define XXX sele PROT end
 SELRPN>      0 atoms have been selected out of  22374
  
 CHARMM>            if ?nsel .gt. 0 then
 RDCMND substituted energy or value "?NSEL" to "0"
 Comparing "0" and "0".
 IF test evaluated as false.  Skip to ELSE or ENDIF
  
 CHARMM>     
  
 CHARMM>            ! check if the ions are too close to solute
  
 CHARMM>            coor dist cut 4.0 sele target end sele JUNK .and. .not. hydrogen end image
 SELRPN>      1 atoms have been selected out of  34208
 SELRPN>      0 atoms have been selected out of  34208

            DISTANCES FOR SELECTED ATOMS
            ONLY ONE SELECTION SET SPECIFIED, A COMPARISON WILL BE DONE
 TOTAL EXCLUSION COUNT =         0
 TOTAL 1-4 EXCLUSIONS  =         0
 TOTAL NON-EXCLUSIONS  =         0
  
 CHARMM>            if ?npair .gt. 0 goto doinit
 RDCMND substituted energy or value "?NPAIR" to "0"
 Comparing "0" and "0".
 IF test evaluated as false.  Skipping command
  
 CHARMM>     
  
 CHARMM>            calc cntrand = 0
Evaluating: 0
 Parameter: CNTRAND <- "0"
  
 CHARMM>            increase i by 1
 Parameter: I <- "36"
  
 CHARMM>            if i .le. @nion goto doinit
 Parameter: NION -> "54"
 Comparing "36" and "54".
 IF test evaluated as true.  Performing command
  
 CHARMM>     
  
 CHARMM>            calc cntrand = @cntrand + 1
 Parameter: CNTRAND -> "0"
Evaluating: 0+1
 Parameter: CNTRAND <- "1"
  
 CHARMM>            if cntrand .gt. 100 stop ! ABNORMAL TERMINATION: ion placing may not work.. stop here
 Comparing "1" and "100".
 IF test evaluated as false.  Skipping command
  
 CHARMM>     
  
 CHARMM>            calc j = @i
 Parameter: I -> "36"
Evaluating: 36
 Parameter: J <- "36"
  
 CHARMM>            set ion = POS
 Parameter: ION <- "POS"
  
 CHARMM>     
  
 CHARMM>            if j .gt. @npos then
 Parameter: NPOS -> "37"
 Comparing "36" and "37".
 IF test evaluated as false.  Skip to ELSE or ENDIF
  
 CHARMM>     
  
 CHARMM>            define target select segid @ion .and. resid @j end
 Parameter: ION -> "POS"
 Parameter: J -> "36"
 SELRPN>      1 atoms have been selected out of  22374
  
 CHARMM>     
  
 CHARMM>            calc xpos = @A * ( ?random - 0.5 )
 Parameter: A -> "73.4166194"
 RDCMND substituted energy or value "?RANDOM" to "0.169226739"
Evaluating: 73.4166194*(0.169226739-0.5)
 Parameter: XPOS <- "-24.2842546"
  
 CHARMM>            calc ypos = @B * ( ?random - 0.5 )
 Parameter: B -> "73.4166194"
 RDCMND substituted energy or value "?RANDOM" to "0.391403631"
Evaluating: 73.4166194*(0.391403631-0.5)
 Parameter: YPOS <- "-7.97277829"
  
 CHARMM>            calc zpos = @C * ( ?random - 0.5 ) + @zcen
 Parameter: C -> "85"
 Parameter: ZCEN -> "0"
 RDCMND substituted energy or value "?RANDOM" to "0.518893182"
Evaluating: 85*(0.518893182-0.5)+0
 Parameter: ZPOS <- "1.60592047"
  
 CHARMM>     
  
 CHARMM>            if zpos .gt. -15 if zpos .lt. 15 goto doinit
 Comparing "1.60592047" and "-15".
 IF test evaluated as true.  Performing command
 Comparing "1.60592047" and "15".
 IF test evaluated as true.  Performing command
  
 CHARMM>     
  
 CHARMM>            calc cntrand = @cntrand + 1
 Parameter: CNTRAND -> "1"
Evaluating: 1+1
 Parameter: CNTRAND <- "2"
  
 CHARMM>            if cntrand .gt. 100 stop ! ABNORMAL TERMINATION: ion placing may not work.. stop here
 Comparing "2" and "100".
 IF test evaluated as false.  Skipping command
  
 CHARMM>     
  
 CHARMM>            calc j = @i
 Parameter: I -> "36"
Evaluating: 36
 Parameter: J <- "36"
  
 CHARMM>            set ion = POS
 Parameter: ION <- "POS"
  
 CHARMM>     
  
 CHARMM>            if j .gt. @npos then
 Parameter: NPOS -> "37"
 Comparing "36" and "37".
 IF test evaluated as false.  Skip to ELSE or ENDIF
  
 CHARMM>     
  
 CHARMM>            define target select segid @ion .and. resid @j end
 Parameter: ION -> "POS"
 Parameter: J -> "36"
 SELRPN>      1 atoms have been selected out of  22374
  
 CHARMM>     
  
 CHARMM>            calc xpos = @A * ( ?random - 0.5 )
 Parameter: A -> "73.4166194"
 RDCMND substituted energy or value "?RANDOM" to "0.73688298"
Evaluating: 73.4166194*(0.73688298-0.5)
 Parameter: XPOS <- "17.3911476"
  
 CHARMM>            calc ypos = @B * ( ?random - 0.5 )
 Parameter: B -> "73.4166194"
 RDCMND substituted energy or value "?RANDOM" to "7.886004203E-02"
Evaluating: 73.4166194*(7.886004203E-02-0.5)
 Parameter: YPOS <- "-30.918672"
  
 CHARMM>            calc zpos = @C * ( ?random - 0.5 ) + @zcen
 Parameter: C -> "85"
 Parameter: ZCEN -> "0"
 RDCMND substituted energy or value "?RANDOM" to "3.29630638E-02"
Evaluating: 85*(3.29630638E-02-0.5)+0
 Parameter: ZPOS <- "-39.6981396"
  
 CHARMM>     
  
 CHARMM>            if zpos .gt. -15 if zpos .lt. 15 goto doinit
 Comparing "-39.6981396" and "-15".
 IF test evaluated as false.  Skipping command
  
 CHARMM>     
  
 CHARMM>            ! move target to selected position
  
 CHARMM>            coor stat select target end
 SELRPN>      1 atoms have been selected out of  22374
 STATISTICS FOR         1 SELECTED ATOMS:
    XMIN =    0.000000 XMAX =    0.000000 XAVE =    0.000000
    YMIN =    0.000000 YMAX =    0.000000 YAVE =    0.000000
    ZMIN =    0.000000 ZMAX =    0.000000 ZAVE =    0.000000
    WMIN =    1.000000 WMAX =    1.000000 WAVE =    1.000000
  
 CHARMM>            calc xtran = @xpos - ?xave
 Parameter: XPOS -> "17.3911476"
 RDCMND substituted energy or value "?XAVE" to "0"
Evaluating: 17.3911476-0
 Parameter: XTRAN <- "17.3911476"
  
 CHARMM>            calc ytran = @ypos - ?yave
 Parameter: YPOS -> "-30.918672"
 RDCMND substituted energy or value "?YAVE" to "0"
Evaluating: -30.918672-0
 Parameter: YTRAN <- "-30.918672"
  
 CHARMM>            calc ztran = @zpos - ?zave
 Parameter: ZPOS -> "-39.6981396"
 RDCMND substituted energy or value "?ZAVE" to "0"
Evaluating: -39.6981396-0
 Parameter: ZTRAN <- "-39.6981396"
  
 CHARMM>            coor trans xdir @xtran ydir @ytran zdir @ztran select target end
 Parameter: XTRAN -> "17.3911476"
 Parameter: YTRAN -> "-30.918672"
 Parameter: ZTRAN -> "-39.6981396"
 SELRPN>      1 atoms have been selected out of  22374
 TRANSLATION VECTOR    17.391148  -30.918672  -39.698140
 SELECTED COORDINATES TRANSLATED IN THE MAIN SET.

  
 CHARMM>     
  
 CHARMM>            ! apply a random rotation along XYZ
  
 CHARMM>            calc xphi = ?random * 360.0
 RDCMND substituted energy or value "?RANDOM" to "0.680029569"
Evaluating: 0.680029569*360.0
 Parameter: XPHI <- "244.810645"
  
 CHARMM>            calc yphi = ?random * 360.0
 RDCMND substituted energy or value "?RANDOM" to "0.636693015"
Evaluating: 0.636693015*360.0
 Parameter: YPHI <- "229.209485"
  
 CHARMM>            calc zphi = ?random * 360.0
 RDCMND substituted energy or value "?RANDOM" to "0.933679219"
Evaluating: 0.933679219*360.0
 Parameter: ZPHI <- "336.124519"
  
 CHARMM>            coor rotate xcen @xpos ycen @ypos zcen @zpos xdir 1.0 -
 CHARMM>                phi @xphi select target end
 Parameter: XPOS -> "17.3911476"
 Parameter: YPOS -> "-30.918672"
 Parameter: ZPOS -> "-39.6981396"
 Parameter: XPHI -> "244.810645"
 SELRPN>      1 atoms have been selected out of  22374
 ROTATION MATRIX
    1.000000    0.000000    0.000000
    0.000000   -0.425611   -0.904906
    0.000000    0.904906   -0.425611

 AXIS OF ROTATION IS -1.000000  0.000000  0.000000  ANGLE IS  115.19

 SELECTED COORDINATES ROTATED IN THE MAIN SET.

  
 CHARMM>            coor rotate xcen @xpos ycen @ypos zcen @zpos ydir 1.0 -
 CHARMM>                phi @yphi select target end
 Parameter: XPOS -> "17.3911476"
 Parameter: YPOS -> "-30.918672"
 Parameter: ZPOS -> "-39.6981396"
 Parameter: YPHI -> "229.209485"
 SELRPN>      1 atoms have been selected out of  22374
 ROTATION MATRIX
   -0.653295    0.000000    0.757103
    0.000000    1.000000    0.000000
   -0.757103    0.000000   -0.653295

 AXIS OF ROTATION IS  0.000000 -1.000000  0.000000  ANGLE IS  130.79

 SELECTED COORDINATES ROTATED IN THE MAIN SET.

  
 CHARMM>            coor rotate xcen @xpos ycen @ypos zcen @zpos zdir 1.0 -
 CHARMM>                phi @zphi select target end
 Parameter: XPOS -> "17.3911476"
 Parameter: YPOS -> "-30.918672"
 Parameter: ZPOS -> "-39.6981396"
 Parameter: ZPHI -> "336.124519"
 SELRPN>      1 atoms have been selected out of  22374
 ROTATION MATRIX
    0.914427   -0.404750    0.000000
    0.404750    0.914427    0.000000
    0.000000    0.000000    1.000000

 AXIS OF ROTATION IS  0.000000  0.000000 -1.000000  ANGLE IS   23.88

 SELECTED COORDINATES ROTATED IN THE MAIN SET.

  
 CHARMM>     
  
 CHARMM>     
  
 CHARMM>            calc dcut = 3.5
Evaluating: 3.5
 Parameter: DCUT <- "3.5"
  
 CHARMM>     
  
 CHARMM>            coor stat sele target end
 SELRPN>      1 atoms have been selected out of  22374
 STATISTICS FOR         1 SELECTED ATOMS:
    XMIN =   17.391148 XMAX =   17.391148 XAVE =   17.391148
    YMIN =  -30.918672 YMAX =  -30.918672 YAVE =  -30.918672
    ZMIN =  -39.698140 ZMAX =  -39.698140 ZAVE =  -39.698140
    WMIN =    1.000000 WMAX =    1.000000 WAVE =    1.000000
  
 CHARMM>            calc xmax = ?xmax + @dcut
 Parameter: DCUT -> "3.5"
 RDCMND substituted energy or value "?XMAX" to "17.3911476"
Evaluating: 17.3911476+3.5
 Parameter: XMAX <- "20.8911476"
  
 CHARMM>            calc ymax = ?ymax + @dcut
 Parameter: DCUT -> "3.5"
 RDCMND substituted energy or value "?YMAX" to "-30.918672"
Evaluating: -30.918672+3.5
 Parameter: YMAX <- "-27.418672"
  
 CHARMM>            calc zmax = ?zmax + @dcut
 Parameter: DCUT -> "3.5"
 RDCMND substituted energy or value "?ZMAX" to "-39.6981396"
Evaluating: -39.6981396+3.5
 Parameter: ZMAX <- "-36.1981396"
  
 CHARMM>            calc xmin = ?xmin - @dcut
 Parameter: DCUT -> "3.5"
 RDCMND substituted energy or value "?XMIN" to "17.3911476"
Evaluating: 17.3911476-3.5
 Parameter: XMIN <- "13.8911476"
  
 CHARMM>            calc ymin = ?ymin - @dcut
 Parameter: DCUT -> "3.5"
 RDCMND substituted energy or value "?YMIN" to "-30.918672"
Evaluating: -30.918672-3.5
 Parameter: YMIN <- "-34.418672"
  
 CHARMM>            calc zmin = ?zmin - @dcut
 Parameter: DCUT -> "3.5"
 RDCMND substituted energy or value "?ZMIN" to "-39.6981396"
Evaluating: -39.6981396-3.5
 Parameter: ZMIN <- "-43.1981396"
  
 CHARMM>     
  
 CHARMM>            define JUNK sele .not. target .and. -
 CHARMM>                             prop X .lt. @xmax .and. prop X .gt. @xmin .and. -
 CHARMM>                             prop Y .lt. @ymax .and. prop Y .gt. @ymin .and. -
 CHARMM>                             prop Z .lt. @zmax .and. prop Z .gt. @zmin  end
 Parameter: XMAX -> "20.8911476"
 Parameter: XMIN -> "13.8911476"
 Parameter: YMAX -> "-27.418672"
 Parameter: YMIN -> "-34.418672"
 Parameter: ZMAX -> "-36.1981396"
 Parameter: ZMIN -> "-43.1981396"
 SELRPN>      0 atoms have been selected out of  22374
  
 CHARMM>     
  
 CHARMM>            ! check if the ions are too close to protein
  
 CHARMM>            define XXX sele PROT end
 SELRPN>      0 atoms have been selected out of  22374
  
 CHARMM>            if ?nsel .gt. 0 then
 RDCMND substituted energy or value "?NSEL" to "0"
 Comparing "0" and "0".
 IF test evaluated as false.  Skip to ELSE or ENDIF
  
 CHARMM>     
  
 CHARMM>            ! check if the ions are too close to solute
  
 CHARMM>            coor dist cut 4.0 sele target end sele JUNK .and. .not. hydrogen end image
 SELRPN>      1 atoms have been selected out of  34208
 SELRPN>      0 atoms have been selected out of  34208

            DISTANCES FOR SELECTED ATOMS
            ONLY ONE SELECTION SET SPECIFIED, A COMPARISON WILL BE DONE
 TOTAL EXCLUSION COUNT =         0
 TOTAL 1-4 EXCLUSIONS  =         0
 TOTAL NON-EXCLUSIONS  =         0
  
 CHARMM>            if ?npair .gt. 0 goto doinit
 RDCMND substituted energy or value "?NPAIR" to "0"
 Comparing "0" and "0".
 IF test evaluated as false.  Skipping command
  
 CHARMM>     
  
 CHARMM>            calc cntrand = 0
Evaluating: 0
 Parameter: CNTRAND <- "0"
  
 CHARMM>            increase i by 1
 Parameter: I <- "37"
  
 CHARMM>            if i .le. @nion goto doinit
 Parameter: NION -> "54"
 Comparing "37" and "54".
 IF test evaluated as true.  Performing command
  
 CHARMM>     
  
 CHARMM>            calc cntrand = @cntrand + 1
 Parameter: CNTRAND -> "0"
Evaluating: 0+1
 Parameter: CNTRAND <- "1"
  
 CHARMM>            if cntrand .gt. 100 stop ! ABNORMAL TERMINATION: ion placing may not work.. stop here
 Comparing "1" and "100".
 IF test evaluated as false.  Skipping command
  
 CHARMM>     
  
 CHARMM>            calc j = @i
 Parameter: I -> "37"
Evaluating: 37
 Parameter: J <- "37"
  
 CHARMM>            set ion = POS
 Parameter: ION <- "POS"
  
 CHARMM>     
  
 CHARMM>            if j .gt. @npos then
 Parameter: NPOS -> "37"
 Comparing "37" and "37".
 IF test evaluated as false.  Skip to ELSE or ENDIF
  
 CHARMM>     
  
 CHARMM>            define target select segid @ion .and. resid @j end
 Parameter: ION -> "POS"
 Parameter: J -> "37"
 SELRPN>      1 atoms have been selected out of  22374
  
 CHARMM>     
  
 CHARMM>            calc xpos = @A * ( ?random - 0.5 )
 Parameter: A -> "73.4166194"
 RDCMND substituted energy or value "?RANDOM" to "0.770998688"
Evaluating: 73.4166194*(0.770998688-0.5)
 Parameter: XPOS <- "19.8958075"
  
 CHARMM>            calc ypos = @B * ( ?random - 0.5 )
 Parameter: B -> "73.4166194"
 RDCMND substituted energy or value "?RANDOM" to "1.085385593E-02"
Evaluating: 73.4166194*(1.085385593E-02-0.5)
 Parameter: YPOS <- "-35.9114563"
  
 CHARMM>            calc zpos = @C * ( ?random - 0.5 ) + @zcen
 Parameter: C -> "85"
 Parameter: ZCEN -> "0"
 RDCMND substituted energy or value "?RANDOM" to "0.578848219"
Evaluating: 85*(0.578848219-0.5)+0
 Parameter: ZPOS <- "6.70209862"
  
 CHARMM>     
  
 CHARMM>            if zpos .gt. -15 if zpos .lt. 15 goto doinit
 Comparing "6.70209862" and "-15".
 IF test evaluated as true.  Performing command
 Comparing "6.70209862" and "15".
 IF test evaluated as true.  Performing command
  
 CHARMM>     
  
 CHARMM>            calc cntrand = @cntrand + 1
 Parameter: CNTRAND -> "1"
Evaluating: 1+1
 Parameter: CNTRAND <- "2"
  
 CHARMM>            if cntrand .gt. 100 stop ! ABNORMAL TERMINATION: ion placing may not work.. stop here
 Comparing "2" and "100".
 IF test evaluated as false.  Skipping command
  
 CHARMM>     
  
 CHARMM>            calc j = @i
 Parameter: I -> "37"
Evaluating: 37
 Parameter: J <- "37"
  
 CHARMM>            set ion = POS
 Parameter: ION <- "POS"
  
 CHARMM>     
  
 CHARMM>            if j .gt. @npos then
 Parameter: NPOS -> "37"
 Comparing "37" and "37".
 IF test evaluated as false.  Skip to ELSE or ENDIF
  
 CHARMM>     
  
 CHARMM>            define target select segid @ion .and. resid @j end
 Parameter: ION -> "POS"
 Parameter: J -> "37"
 SELRPN>      1 atoms have been selected out of  22374
  
 CHARMM>     
  
 CHARMM>            calc xpos = @A * ( ?random - 0.5 )
 Parameter: A -> "73.4166194"
 RDCMND substituted energy or value "?RANDOM" to "0.70414417"
Evaluating: 73.4166194*(0.70414417-0.5)
 Parameter: XPOS <- "14.9875748"
  
 CHARMM>            calc ypos = @B * ( ?random - 0.5 )
 Parameter: B -> "73.4166194"
 RDCMND substituted energy or value "?RANDOM" to "0.195165835"
Evaluating: 73.4166194*(0.195165835-0.5)
 Parameter: YPOS <- "-22.3798939"
  
 CHARMM>            calc zpos = @C * ( ?random - 0.5 ) + @zcen
 Parameter: C -> "85"
 Parameter: ZCEN -> "0"
 RDCMND substituted energy or value "?RANDOM" to "0.451376665"
Evaluating: 85*(0.451376665-0.5)+0
 Parameter: ZPOS <- "-4.13298347"
  
 CHARMM>     
  
 CHARMM>            if zpos .gt. -15 if zpos .lt. 15 goto doinit
 Comparing "-4.13298347" and "-15".
 IF test evaluated as true.  Performing command
 Comparing "-4.13298347" and "15".
 IF test evaluated as true.  Performing command
  
 CHARMM>     
  
 CHARMM>            calc cntrand = @cntrand + 1
 Parameter: CNTRAND -> "2"
Evaluating: 2+1
 Parameter: CNTRAND <- "3"
  
 CHARMM>            if cntrand .gt. 100 stop ! ABNORMAL TERMINATION: ion placing may not work.. stop here
 Comparing "3" and "100".
 IF test evaluated as false.  Skipping command
  
 CHARMM>     
  
 CHARMM>            calc j = @i
 Parameter: I -> "37"
Evaluating: 37
 Parameter: J <- "37"
  
 CHARMM>            set ion = POS
 Parameter: ION <- "POS"
  
 CHARMM>     
  
 CHARMM>            if j .gt. @npos then
 Parameter: NPOS -> "37"
 Comparing "37" and "37".
 IF test evaluated as false.  Skip to ELSE or ENDIF
  
 CHARMM>     
  
 CHARMM>            define target select segid @ion .and. resid @j end
 Parameter: ION -> "POS"
 Parameter: J -> "37"
 SELRPN>      1 atoms have been selected out of  22374
  
 CHARMM>     
  
 CHARMM>            calc xpos = @A * ( ?random - 0.5 )
 Parameter: A -> "73.4166194"
 RDCMND substituted energy or value "?RANDOM" to "0.810281346"
Evaluating: 73.4166194*(0.810281346-0.5)
 Parameter: XPOS <- "22.7798075"
  
 CHARMM>            calc ypos = @B * ( ?random - 0.5 )
 Parameter: B -> "73.4166194"
 RDCMND substituted energy or value "?RANDOM" to "0.807192404"
Evaluating: 73.4166194*(0.807192404-0.5)
 Parameter: YPOS <- "22.5530278"
  
 CHARMM>            calc zpos = @C * ( ?random - 0.5 ) + @zcen
 Parameter: C -> "85"
 Parameter: ZCEN -> "0"
 RDCMND substituted energy or value "?RANDOM" to "0.948282361"
Evaluating: 85*(0.948282361-0.5)+0
 Parameter: ZPOS <- "38.1040007"
  
 CHARMM>     
  
 CHARMM>            if zpos .gt. -15 if zpos .lt. 15 goto doinit
 Comparing "38.1040007" and "-15".
 IF test evaluated as true.  Performing command
 Comparing "38.1040007" and "15".
 IF test evaluated as false.  Skipping command
  
 CHARMM>     
  
 CHARMM>            ! move target to selected position
  
 CHARMM>            coor stat select target end
 SELRPN>      1 atoms have been selected out of  22374
 STATISTICS FOR         1 SELECTED ATOMS:
    XMIN =    0.000000 XMAX =    0.000000 XAVE =    0.000000
    YMIN =    0.000000 YMAX =    0.000000 YAVE =    0.000000
    ZMIN =    0.000000 ZMAX =    0.000000 ZAVE =    0.000000
    WMIN =    1.000000 WMAX =    1.000000 WAVE =    1.000000
  
 CHARMM>            calc xtran = @xpos - ?xave
 Parameter: XPOS -> "22.7798075"
 RDCMND substituted energy or value "?XAVE" to "0"
Evaluating: 22.7798075-0
 Parameter: XTRAN <- "22.7798075"
  
 CHARMM>            calc ytran = @ypos - ?yave
 Parameter: YPOS -> "22.5530278"
 RDCMND substituted energy or value "?YAVE" to "0"
Evaluating: 22.5530278-0
 Parameter: YTRAN <- "22.5530278"
  
 CHARMM>            calc ztran = @zpos - ?zave
 Parameter: ZPOS -> "38.1040007"
 RDCMND substituted energy or value "?ZAVE" to "0"
Evaluating: 38.1040007-0
 Parameter: ZTRAN <- "38.1040007"
  
 CHARMM>            coor trans xdir @xtran ydir @ytran zdir @ztran select target end
 Parameter: XTRAN -> "22.7798075"
 Parameter: YTRAN -> "22.5530278"
 Parameter: ZTRAN -> "38.1040007"
 SELRPN>      1 atoms have been selected out of  22374
 TRANSLATION VECTOR    22.779808   22.553028   38.104001
 SELECTED COORDINATES TRANSLATED IN THE MAIN SET.

  
 CHARMM>     
  
 CHARMM>            ! apply a random rotation along XYZ
  
 CHARMM>            calc xphi = ?random * 360.0
 RDCMND substituted energy or value "?RANDOM" to "0.495361081"
Evaluating: 0.495361081*360.0
 Parameter: XPHI <- "178.329989"
  
 CHARMM>            calc yphi = ?random * 360.0
 RDCMND substituted energy or value "?RANDOM" to "0.501388079"
Evaluating: 0.501388079*360.0
 Parameter: YPHI <- "180.499708"
  
 CHARMM>            calc zphi = ?random * 360.0
 RDCMND substituted energy or value "?RANDOM" to "0.445796326"
Evaluating: 0.445796326*360.0
 Parameter: ZPHI <- "160.486677"
  
 CHARMM>            coor rotate xcen @xpos ycen @ypos zcen @zpos xdir 1.0 -
 CHARMM>                phi @xphi select target end
 Parameter: XPOS -> "22.7798075"
 Parameter: YPOS -> "22.5530278"
 Parameter: ZPOS -> "38.1040007"
 Parameter: XPHI -> "178.329989"
 SELRPN>      1 atoms have been selected out of  22374
 ROTATION MATRIX
    1.000000    0.000000    0.000000
    0.000000   -0.999575    0.029143
    0.000000   -0.029143   -0.999575

 AXIS OF ROTATION IS  1.000000  0.000000  0.000000  ANGLE IS  178.33

 SELECTED COORDINATES ROTATED IN THE MAIN SET.

  
 CHARMM>            coor rotate xcen @xpos ycen @ypos zcen @zpos ydir 1.0 -
 CHARMM>                phi @yphi select target end
 Parameter: XPOS -> "22.7798075"
 Parameter: YPOS -> "22.5530278"
 Parameter: ZPOS -> "38.1040007"
 Parameter: YPHI -> "180.499708"
 SELRPN>      1 atoms have been selected out of  22374
 ROTATION MATRIX
   -0.999962    0.000000    0.008721
    0.000000    1.000000    0.000000
   -0.008721    0.000000   -0.999962

 AXIS OF ROTATION IS  0.000000 -1.000000  0.000000  ANGLE IS  179.50

 SELECTED COORDINATES ROTATED IN THE MAIN SET.

  
 CHARMM>            coor rotate xcen @xpos ycen @ypos zcen @zpos zdir 1.0 -
 CHARMM>                phi @zphi select target end
 Parameter: XPOS -> "22.7798075"
 Parameter: YPOS -> "22.5530278"
 Parameter: ZPOS -> "38.1040007"
 Parameter: ZPHI -> "160.486677"
 SELRPN>      1 atoms have been selected out of  22374
 ROTATION MATRIX
   -0.942564    0.334026    0.000000
   -0.334026   -0.942564    0.000000
    0.000000    0.000000    1.000000

 AXIS OF ROTATION IS  0.000000  0.000000  1.000000  ANGLE IS  160.49

 SELECTED COORDINATES ROTATED IN THE MAIN SET.

  
 CHARMM>     
  
 CHARMM>     
  
 CHARMM>            calc dcut = 3.5
Evaluating: 3.5
 Parameter: DCUT <- "3.5"
  
 CHARMM>     
  
 CHARMM>            coor stat sele target end
 SELRPN>      1 atoms have been selected out of  22374
 STATISTICS FOR         1 SELECTED ATOMS:
    XMIN =   22.779808 XMAX =   22.779808 XAVE =   22.779808
    YMIN =   22.553028 YMAX =   22.553028 YAVE =   22.553028
    ZMIN =   38.104001 ZMAX =   38.104001 ZAVE =   38.104001
    WMIN =    1.000000 WMAX =    1.000000 WAVE =    1.000000
  
 CHARMM>            calc xmax = ?xmax + @dcut
 Parameter: DCUT -> "3.5"
 RDCMND substituted energy or value "?XMAX" to "22.7798075"
Evaluating: 22.7798075+3.5
 Parameter: XMAX <- "26.2798075"
  
 CHARMM>            calc ymax = ?ymax + @dcut
 Parameter: DCUT -> "3.5"
 RDCMND substituted energy or value "?YMAX" to "22.5530278"
Evaluating: 22.5530278+3.5
 Parameter: YMAX <- "26.0530278"
  
 CHARMM>            calc zmax = ?zmax + @dcut
 Parameter: DCUT -> "3.5"
 RDCMND substituted energy or value "?ZMAX" to "38.1040007"
Evaluating: 38.1040007+3.5
 Parameter: ZMAX <- "41.6040007"
  
 CHARMM>            calc xmin = ?xmin - @dcut
 Parameter: DCUT -> "3.5"
 RDCMND substituted energy or value "?XMIN" to "22.7798075"
Evaluating: 22.7798075-3.5
 Parameter: XMIN <- "19.2798075"
  
 CHARMM>            calc ymin = ?ymin - @dcut
 Parameter: DCUT -> "3.5"
 RDCMND substituted energy or value "?YMIN" to "22.5530278"
Evaluating: 22.5530278-3.5
 Parameter: YMIN <- "19.0530278"
  
 CHARMM>            calc zmin = ?zmin - @dcut
 Parameter: DCUT -> "3.5"
 RDCMND substituted energy or value "?ZMIN" to "38.1040007"
Evaluating: 38.1040007-3.5
 Parameter: ZMIN <- "34.6040007"
  
 CHARMM>     
  
 CHARMM>            define JUNK sele .not. target .and. -
 CHARMM>                             prop X .lt. @xmax .and. prop X .gt. @xmin .and. -
 CHARMM>                             prop Y .lt. @ymax .and. prop Y .gt. @ymin .and. -
 CHARMM>                             prop Z .lt. @zmax .and. prop Z .gt. @zmin  end
 Parameter: XMAX -> "26.2798075"
 Parameter: XMIN -> "19.2798075"
 Parameter: YMAX -> "26.0530278"
 Parameter: YMIN -> "19.0530278"
 Parameter: ZMAX -> "41.6040007"
 Parameter: ZMIN -> "34.6040007"
 SELRPN>      0 atoms have been selected out of  22374
  
 CHARMM>     
  
 CHARMM>            ! check if the ions are too close to protein
  
 CHARMM>            define XXX sele PROT end
 SELRPN>      0 atoms have been selected out of  22374
  
 CHARMM>            if ?nsel .gt. 0 then
 RDCMND substituted energy or value "?NSEL" to "0"
 Comparing "0" and "0".
 IF test evaluated as false.  Skip to ELSE or ENDIF
  
 CHARMM>     
  
 CHARMM>            ! check if the ions are too close to solute
  
 CHARMM>            coor dist cut 4.0 sele target end sele JUNK .and. .not. hydrogen end image
 SELRPN>      1 atoms have been selected out of  34208
 SELRPN>      0 atoms have been selected out of  34208

            DISTANCES FOR SELECTED ATOMS
            ONLY ONE SELECTION SET SPECIFIED, A COMPARISON WILL BE DONE
 TOTAL EXCLUSION COUNT =         0
 TOTAL 1-4 EXCLUSIONS  =         0
 TOTAL NON-EXCLUSIONS  =         0
  
 CHARMM>            if ?npair .gt. 0 goto doinit
 RDCMND substituted energy or value "?NPAIR" to "0"
 Comparing "0" and "0".
 IF test evaluated as false.  Skipping command
  
 CHARMM>     
  
 CHARMM>            calc cntrand = 0
Evaluating: 0
 Parameter: CNTRAND <- "0"
  
 CHARMM>            increase i by 1
 Parameter: I <- "38"
  
 CHARMM>            if i .le. @nion goto doinit
 Parameter: NION -> "54"
 Comparing "38" and "54".
 IF test evaluated as true.  Performing command
  
 CHARMM>     
  
 CHARMM>            calc cntrand = @cntrand + 1
 Parameter: CNTRAND -> "0"
Evaluating: 0+1
 Parameter: CNTRAND <- "1"
  
 CHARMM>            if cntrand .gt. 100 stop ! ABNORMAL TERMINATION: ion placing may not work.. stop here
 Comparing "1" and "100".
 IF test evaluated as false.  Skipping command
  
 CHARMM>     
  
 CHARMM>            calc j = @i
 Parameter: I -> "38"
Evaluating: 38
 Parameter: J <- "38"
  
 CHARMM>            set ion = POS
 Parameter: ION <- "POS"
  
 CHARMM>     
  
 CHARMM>            if j .gt. @npos then
 Parameter: NPOS -> "37"
 Comparing "38" and "37".
 IF test evaluated as true.  Performing command
  
 CHARMM>               set ion = NEG
 Parameter: ION <- "NEG"
  
 CHARMM>               calc j  = @j - @npos
 Parameter: J -> "38"
 Parameter: NPOS -> "37"
Evaluating: 38-37
 Parameter: J <- "1"
  
 CHARMM>            endif
  
 CHARMM>     
  
 CHARMM>            define target select segid @ion .and. resid @j end
 Parameter: ION -> "NEG"
 Parameter: J -> "1"
 SELRPN>      1 atoms have been selected out of  22374
  
 CHARMM>     
  
 CHARMM>            calc xpos = @A * ( ?random - 0.5 )
 Parameter: A -> "73.4166194"
 RDCMND substituted energy or value "?RANDOM" to "0.304127738"
Evaluating: 73.4166194*(0.304127738-0.5)
 Parameter: XPOS <- "-14.3802793"
  
 CHARMM>            calc ypos = @B * ( ?random - 0.5 )
 Parameter: B -> "73.4166194"
 RDCMND substituted energy or value "?RANDOM" to "5.470605003E-02"
Evaluating: 73.4166194*(5.470605003E-02-0.5)
 Parameter: YPOS <- "-32.6919764"
  
 CHARMM>            calc zpos = @C * ( ?random - 0.5 ) + @zcen
 Parameter: C -> "85"
 Parameter: ZCEN -> "0"
 RDCMND substituted energy or value "?RANDOM" to "0.966833352"
Evaluating: 85*(0.966833352-0.5)+0
 Parameter: ZPOS <- "39.6808349"
  
 CHARMM>     
  
 CHARMM>            if zpos .gt. -15 if zpos .lt. 15 goto doinit
 Comparing "39.6808349" and "-15".
 IF test evaluated as true.  Performing command
 Comparing "39.6808349" and "15".
 IF test evaluated as false.  Skipping command
  
 CHARMM>     
  
 CHARMM>            ! move target to selected position
  
 CHARMM>            coor stat select target end
 SELRPN>      1 atoms have been selected out of  22374
 STATISTICS FOR         1 SELECTED ATOMS:
    XMIN =    0.000000 XMAX =    0.000000 XAVE =    0.000000
    YMIN =    0.000000 YMAX =    0.000000 YAVE =    0.000000
    ZMIN =    0.000000 ZMAX =    0.000000 ZAVE =    0.000000
    WMIN =   -1.000000 WMAX =   -1.000000 WAVE =   -1.000000
  
 CHARMM>            calc xtran = @xpos - ?xave
 Parameter: XPOS -> "-14.3802793"
 RDCMND substituted energy or value "?XAVE" to "0"
Evaluating: -14.3802793-0
 Parameter: XTRAN <- "-14.3802793"
  
 CHARMM>            calc ytran = @ypos - ?yave
 Parameter: YPOS -> "-32.6919764"
 RDCMND substituted energy or value "?YAVE" to "0"
Evaluating: -32.6919764-0
 Parameter: YTRAN <- "-32.6919764"
  
 CHARMM>            calc ztran = @zpos - ?zave
 Parameter: ZPOS -> "39.6808349"
 RDCMND substituted energy or value "?ZAVE" to "0"
Evaluating: 39.6808349-0
 Parameter: ZTRAN <- "39.6808349"
  
 CHARMM>            coor trans xdir @xtran ydir @ytran zdir @ztran select target end
 Parameter: XTRAN -> "-14.3802793"
 Parameter: YTRAN -> "-32.6919764"
 Parameter: ZTRAN -> "39.6808349"
 SELRPN>      1 atoms have been selected out of  22374
 TRANSLATION VECTOR   -14.380279  -32.691976   39.680835
 SELECTED COORDINATES TRANSLATED IN THE MAIN SET.

  
 CHARMM>     
  
 CHARMM>            ! apply a random rotation along XYZ
  
 CHARMM>            calc xphi = ?random * 360.0
 RDCMND substituted energy or value "?RANDOM" to "0.976291212"
Evaluating: 0.976291212*360.0
 Parameter: XPHI <- "351.464836"
  
 CHARMM>            calc yphi = ?random * 360.0
 RDCMND substituted energy or value "?RANDOM" to "4.064165226E-02"
Evaluating: 4.064165226E-02*360.0
 Parameter: YPHI <- "14.6309948"
  
 CHARMM>            calc zphi = ?random * 360.0
 RDCMND substituted energy or value "?RANDOM" to "4.421447744E-02"
Evaluating: 4.421447744E-02*360.0
 Parameter: ZPHI <- "15.9172119"
  
 CHARMM>            coor rotate xcen @xpos ycen @ypos zcen @zpos xdir 1.0 -
 CHARMM>                phi @xphi select target end
 Parameter: XPOS -> "-14.3802793"
 Parameter: YPOS -> "-32.6919764"
 Parameter: ZPOS -> "39.6808349"
 Parameter: XPHI -> "351.464836"
 SELRPN>      1 atoms have been selected out of  22374
 ROTATION MATRIX
    1.000000    0.000000    0.000000
    0.000000    0.988925   -0.148416
    0.000000    0.148416    0.988925

 AXIS OF ROTATION IS -1.000000  0.000000  0.000000  ANGLE IS    8.54

 SELECTED COORDINATES ROTATED IN THE MAIN SET.

  
 CHARMM>            coor rotate xcen @xpos ycen @ypos zcen @zpos ydir 1.0 -
 CHARMM>                phi @yphi select target end
 Parameter: XPOS -> "-14.3802793"
 Parameter: YPOS -> "-32.6919764"
 Parameter: ZPOS -> "39.6808349"
 Parameter: YPHI -> "14.6309948"
 SELRPN>      1 atoms have been selected out of  22374
 ROTATION MATRIX
    0.967573    0.000000   -0.252593
    0.000000    1.000000    0.000000
    0.252593    0.000000    0.967573

 AXIS OF ROTATION IS  0.000000  1.000000  0.000000  ANGLE IS   14.63

 SELECTED COORDINATES ROTATED IN THE MAIN SET.

  
 CHARMM>            coor rotate xcen @xpos ycen @ypos zcen @zpos zdir 1.0 -
 CHARMM>                phi @zphi select target end
 Parameter: XPOS -> "-14.3802793"
 Parameter: YPOS -> "-32.6919764"
 Parameter: ZPOS -> "39.6808349"
 Parameter: ZPHI -> "15.9172119"
 SELRPN>      1 atoms have been selected out of  22374
 ROTATION MATRIX
    0.961659    0.274248    0.000000
   -0.274248    0.961659    0.000000
    0.000000    0.000000    1.000000

 AXIS OF ROTATION IS  0.000000  0.000000  1.000000  ANGLE IS   15.92

 SELECTED COORDINATES ROTATED IN THE MAIN SET.

  
 CHARMM>     
  
 CHARMM>     
  
 CHARMM>            calc dcut = 3.5
Evaluating: 3.5
 Parameter: DCUT <- "3.5"
  
 CHARMM>     
  
 CHARMM>            coor stat sele target end
 SELRPN>      1 atoms have been selected out of  22374
 STATISTICS FOR         1 SELECTED ATOMS:
    XMIN =  -14.380279 XMAX =  -14.380279 XAVE =  -14.380279
    YMIN =  -32.691976 YMAX =  -32.691976 YAVE =  -32.691976
    ZMIN =   39.680835 ZMAX =   39.680835 ZAVE =   39.680835
    WMIN =   -1.000000 WMAX =   -1.000000 WAVE =   -1.000000
  
 CHARMM>            calc xmax = ?xmax + @dcut
 Parameter: DCUT -> "3.5"
 RDCMND substituted energy or value "?XMAX" to "-14.3802793"
Evaluating: -14.3802793+3.5
 Parameter: XMAX <- "-10.8802793"
  
 CHARMM>            calc ymax = ?ymax + @dcut
 Parameter: DCUT -> "3.5"
 RDCMND substituted energy or value "?YMAX" to "-32.6919764"
Evaluating: -32.6919764+3.5
 Parameter: YMAX <- "-29.1919764"
  
 CHARMM>            calc zmax = ?zmax + @dcut
 Parameter: DCUT -> "3.5"
 RDCMND substituted energy or value "?ZMAX" to "39.6808349"
Evaluating: 39.6808349+3.5
 Parameter: ZMAX <- "43.1808349"
  
 CHARMM>            calc xmin = ?xmin - @dcut
 Parameter: DCUT -> "3.5"
 RDCMND substituted energy or value "?XMIN" to "-14.3802793"
Evaluating: -14.3802793-3.5
 Parameter: XMIN <- "-17.8802793"
  
 CHARMM>            calc ymin = ?ymin - @dcut
 Parameter: DCUT -> "3.5"
 RDCMND substituted energy or value "?YMIN" to "-32.6919764"
Evaluating: -32.6919764-3.5
 Parameter: YMIN <- "-36.1919764"
  
 CHARMM>            calc zmin = ?zmin - @dcut
 Parameter: DCUT -> "3.5"
 RDCMND substituted energy or value "?ZMIN" to "39.6808349"
Evaluating: 39.6808349-3.5
 Parameter: ZMIN <- "36.1808349"
  
 CHARMM>     
  
 CHARMM>            define JUNK sele .not. target .and. -
 CHARMM>                             prop X .lt. @xmax .and. prop X .gt. @xmin .and. -
 CHARMM>                             prop Y .lt. @ymax .and. prop Y .gt. @ymin .and. -
 CHARMM>                             prop Z .lt. @zmax .and. prop Z .gt. @zmin  end
 Parameter: XMAX -> "-10.8802793"
 Parameter: XMIN -> "-17.8802793"
 Parameter: YMAX -> "-29.1919764"
 Parameter: YMIN -> "-36.1919764"
 Parameter: ZMAX -> "43.1808349"
 Parameter: ZMIN -> "36.1808349"
 SELRPN>      0 atoms have been selected out of  22374
  
 CHARMM>     
  
 CHARMM>            ! check if the ions are too close to protein
  
 CHARMM>            define XXX sele PROT end
 SELRPN>      0 atoms have been selected out of  22374
  
 CHARMM>            if ?nsel .gt. 0 then
 RDCMND substituted energy or value "?NSEL" to "0"
 Comparing "0" and "0".
 IF test evaluated as false.  Skip to ELSE or ENDIF
  
 CHARMM>     
  
 CHARMM>            ! check if the ions are too close to solute
  
 CHARMM>            coor dist cut 4.0 sele target end sele JUNK .and. .not. hydrogen end image
 SELRPN>      1 atoms have been selected out of  34208
 SELRPN>      0 atoms have been selected out of  34208

            DISTANCES FOR SELECTED ATOMS
            ONLY ONE SELECTION SET SPECIFIED, A COMPARISON WILL BE DONE
 TOTAL EXCLUSION COUNT =         0
 TOTAL 1-4 EXCLUSIONS  =         0
 TOTAL NON-EXCLUSIONS  =         0
  
 CHARMM>            if ?npair .gt. 0 goto doinit
 RDCMND substituted energy or value "?NPAIR" to "0"
 Comparing "0" and "0".
 IF test evaluated as false.  Skipping command
  
 CHARMM>     
  
 CHARMM>            calc cntrand = 0
Evaluating: 0
 Parameter: CNTRAND <- "0"
  
 CHARMM>            increase i by 1
 Parameter: I <- "39"
  
 CHARMM>            if i .le. @nion goto doinit
 Parameter: NION -> "54"
 Comparing "39" and "54".
 IF test evaluated as true.  Performing command
  
 CHARMM>     
  
 CHARMM>            calc cntrand = @cntrand + 1
 Parameter: CNTRAND -> "0"
Evaluating: 0+1
 Parameter: CNTRAND <- "1"
  
 CHARMM>            if cntrand .gt. 100 stop ! ABNORMAL TERMINATION: ion placing may not work.. stop here
 Comparing "1" and "100".
 IF test evaluated as false.  Skipping command
  
 CHARMM>     
  
 CHARMM>            calc j = @i
 Parameter: I -> "39"
Evaluating: 39
 Parameter: J <- "39"
  
 CHARMM>            set ion = POS
 Parameter: ION <- "POS"
  
 CHARMM>     
  
 CHARMM>            if j .gt. @npos then
 Parameter: NPOS -> "37"
 Comparing "39" and "37".
 IF test evaluated as true.  Performing command
  
 CHARMM>               set ion = NEG
 Parameter: ION <- "NEG"
  
 CHARMM>               calc j  = @j - @npos
 Parameter: J -> "39"
 Parameter: NPOS -> "37"
Evaluating: 39-37
 Parameter: J <- "2"
  
 CHARMM>            endif
  
 CHARMM>     
  
 CHARMM>            define target select segid @ion .and. resid @j end
 Parameter: ION -> "NEG"
 Parameter: J -> "2"
 SELRPN>      1 atoms have been selected out of  22374
  
 CHARMM>     
  
 CHARMM>            calc xpos = @A * ( ?random - 0.5 )
 Parameter: A -> "73.4166194"
 RDCMND substituted energy or value "?RANDOM" to "0.71229566"
Evaluating: 73.4166194*(0.71229566-0.5)
 Parameter: XPOS <- "15.5860297"
  
 CHARMM>            calc ypos = @B * ( ?random - 0.5 )
 Parameter: B -> "73.4166194"
 RDCMND substituted energy or value "?RANDOM" to "4.245673112E-02"
Evaluating: 73.4166194*(4.245673112E-02-0.5)
 Parameter: YPOS <- "-33.59128"
  
 CHARMM>            calc zpos = @C * ( ?random - 0.5 ) + @zcen
 Parameter: C -> "85"
 Parameter: ZCEN -> "0"
 RDCMND substituted energy or value "?RANDOM" to "0.929715087"
Evaluating: 85*(0.929715087-0.5)+0
 Parameter: ZPOS <- "36.5257824"
  
 CHARMM>     
  
 CHARMM>            if zpos .gt. -15 if zpos .lt. 15 goto doinit
 Comparing "36.5257824" and "-15".
 IF test evaluated as true.  Performing command
 Comparing "36.5257824" and "15".
 IF test evaluated as false.  Skipping command
  
 CHARMM>     
  
 CHARMM>            ! move target to selected position
  
 CHARMM>            coor stat select target end
 SELRPN>      1 atoms have been selected out of  22374
 STATISTICS FOR         1 SELECTED ATOMS:
    XMIN =    0.000000 XMAX =    0.000000 XAVE =    0.000000
    YMIN =    0.000000 YMAX =    0.000000 YAVE =    0.000000
    ZMIN =    0.000000 ZMAX =    0.000000 ZAVE =    0.000000
    WMIN =   -1.000000 WMAX =   -1.000000 WAVE =   -1.000000
  
 CHARMM>            calc xtran = @xpos - ?xave
 Parameter: XPOS -> "15.5860297"
 RDCMND substituted energy or value "?XAVE" to "0"
Evaluating: 15.5860297-0
 Parameter: XTRAN <- "15.5860297"
  
 CHARMM>            calc ytran = @ypos - ?yave
 Parameter: YPOS -> "-33.59128"
 RDCMND substituted energy or value "?YAVE" to "0"
Evaluating: -33.59128-0
 Parameter: YTRAN <- "-33.59128"
  
 CHARMM>            calc ztran = @zpos - ?zave
 Parameter: ZPOS -> "36.5257824"
 RDCMND substituted energy or value "?ZAVE" to "0"
Evaluating: 36.5257824-0
 Parameter: ZTRAN <- "36.5257824"
  
 CHARMM>            coor trans xdir @xtran ydir @ytran zdir @ztran select target end
 Parameter: XTRAN -> "15.5860297"
 Parameter: YTRAN -> "-33.59128"
 Parameter: ZTRAN -> "36.5257824"
 SELRPN>      1 atoms have been selected out of  22374
 TRANSLATION VECTOR    15.586030  -33.591280   36.525782
 SELECTED COORDINATES TRANSLATED IN THE MAIN SET.

  
 CHARMM>     
  
 CHARMM>            ! apply a random rotation along XYZ
  
 CHARMM>            calc xphi = ?random * 360.0
 RDCMND substituted energy or value "?RANDOM" to "7.486049756E-03"
Evaluating: 7.486049756E-03*360.0
 Parameter: XPHI <- "2.69497791"
  
 CHARMM>            calc yphi = ?random * 360.0
 RDCMND substituted energy or value "?RANDOM" to "0.890914391"
Evaluating: 0.890914391*360.0
 Parameter: YPHI <- "320.729181"
  
 CHARMM>            calc zphi = ?random * 360.0
 RDCMND substituted energy or value "?RANDOM" to "0.513980168"
Evaluating: 0.513980168*360.0
 Parameter: ZPHI <- "185.03286"
  
 CHARMM>            coor rotate xcen @xpos ycen @ypos zcen @zpos xdir 1.0 -
 CHARMM>                phi @xphi select target end
 Parameter: XPOS -> "15.5860297"
 Parameter: YPOS -> "-33.59128"
 Parameter: ZPOS -> "36.5257824"
 Parameter: XPHI -> "2.69497791"
 SELRPN>      1 atoms have been selected out of  22374
 ROTATION MATRIX
    1.000000    0.000000    0.000000
    0.000000    0.998894    0.047019
    0.000000   -0.047019    0.998894

 AXIS OF ROTATION IS  1.000000  0.000000  0.000000  ANGLE IS    2.69

 SELECTED COORDINATES ROTATED IN THE MAIN SET.

  
 CHARMM>            coor rotate xcen @xpos ycen @ypos zcen @zpos ydir 1.0 -
 CHARMM>                phi @yphi select target end
 Parameter: XPOS -> "15.5860297"
 Parameter: YPOS -> "-33.59128"
 Parameter: ZPOS -> "36.5257824"
 Parameter: YPHI -> "320.729181"
 SELRPN>      1 atoms have been selected out of  22374
 ROTATION MATRIX
    0.774163    0.000000    0.632987
    0.000000    1.000000    0.000000
   -0.632987    0.000000    0.774163

 AXIS OF ROTATION IS  0.000000 -1.000000  0.000000  ANGLE IS   39.27

 SELECTED COORDINATES ROTATED IN THE MAIN SET.

  
 CHARMM>            coor rotate xcen @xpos ycen @ypos zcen @zpos zdir 1.0 -
 CHARMM>                phi @zphi select target end
 Parameter: XPOS -> "15.5860297"
 Parameter: YPOS -> "-33.59128"
 Parameter: ZPOS -> "36.5257824"
 Parameter: ZPHI -> "185.03286"
 SELRPN>      1 atoms have been selected out of  22374
 ROTATION MATRIX
   -0.996145   -0.087727    0.000000
    0.087727   -0.996145    0.000000
    0.000000    0.000000    1.000000

 AXIS OF ROTATION IS  0.000000  0.000000 -1.000000  ANGLE IS  174.97

 SELECTED COORDINATES ROTATED IN THE MAIN SET.

  
 CHARMM>     
  
 CHARMM>     
  
 CHARMM>            calc dcut = 3.5
Evaluating: 3.5
 Parameter: DCUT <- "3.5"
  
 CHARMM>     
  
 CHARMM>            coor stat sele target end
 SELRPN>      1 atoms have been selected out of  22374
 STATISTICS FOR         1 SELECTED ATOMS:
    XMIN =   15.586030 XMAX =   15.586030 XAVE =   15.586030
    YMIN =  -33.591280 YMAX =  -33.591280 YAVE =  -33.591280
    ZMIN =   36.525782 ZMAX =   36.525782 ZAVE =   36.525782
    WMIN =   -1.000000 WMAX =   -1.000000 WAVE =   -1.000000
  
 CHARMM>            calc xmax = ?xmax + @dcut
 Parameter: DCUT -> "3.5"
 RDCMND substituted energy or value "?XMAX" to "15.5860297"
Evaluating: 15.5860297+3.5
 Parameter: XMAX <- "19.0860297"
  
 CHARMM>            calc ymax = ?ymax + @dcut
 Parameter: DCUT -> "3.5"
 RDCMND substituted energy or value "?YMAX" to "-33.59128"
Evaluating: -33.59128+3.5
 Parameter: YMAX <- "-30.09128"
  
 CHARMM>            calc zmax = ?zmax + @dcut
 Parameter: DCUT -> "3.5"
 RDCMND substituted energy or value "?ZMAX" to "36.5257824"
Evaluating: 36.5257824+3.5
 Parameter: ZMAX <- "40.0257824"
  
 CHARMM>            calc xmin = ?xmin - @dcut
 Parameter: DCUT -> "3.5"
 RDCMND substituted energy or value "?XMIN" to "15.5860297"
Evaluating: 15.5860297-3.5
 Parameter: XMIN <- "12.0860297"
  
 CHARMM>            calc ymin = ?ymin - @dcut
 Parameter: DCUT -> "3.5"
 RDCMND substituted energy or value "?YMIN" to "-33.59128"
Evaluating: -33.59128-3.5
 Parameter: YMIN <- "-37.09128"
  
 CHARMM>            calc zmin = ?zmin - @dcut
 Parameter: DCUT -> "3.5"
 RDCMND substituted energy or value "?ZMIN" to "36.5257824"
Evaluating: 36.5257824-3.5
 Parameter: ZMIN <- "33.0257824"
  
 CHARMM>     
  
 CHARMM>            define JUNK sele .not. target .and. -
 CHARMM>                             prop X .lt. @xmax .and. prop X .gt. @xmin .and. -
 CHARMM>                             prop Y .lt. @ymax .and. prop Y .gt. @ymin .and. -
 CHARMM>                             prop Z .lt. @zmax .and. prop Z .gt. @zmin  end
 Parameter: XMAX -> "19.0860297"
 Parameter: XMIN -> "12.0860297"
 Parameter: YMAX -> "-30.09128"
 Parameter: YMIN -> "-37.09128"
 Parameter: ZMAX -> "40.0257824"
 Parameter: ZMIN -> "33.0257824"
 SELRPN>      0 atoms have been selected out of  22374
  
 CHARMM>     
  
 CHARMM>            ! check if the ions are too close to protein
  
 CHARMM>            define XXX sele PROT end
 SELRPN>      0 atoms have been selected out of  22374
  
 CHARMM>            if ?nsel .gt. 0 then
 RDCMND substituted energy or value "?NSEL" to "0"
 Comparing "0" and "0".
 IF test evaluated as false.  Skip to ELSE or ENDIF
  
 CHARMM>     
  
 CHARMM>            ! check if the ions are too close to solute
  
 CHARMM>            coor dist cut 4.0 sele target end sele JUNK .and. .not. hydrogen end image
 SELRPN>      1 atoms have been selected out of  34208
 SELRPN>      0 atoms have been selected out of  34208

            DISTANCES FOR SELECTED ATOMS
            ONLY ONE SELECTION SET SPECIFIED, A COMPARISON WILL BE DONE
 TOTAL EXCLUSION COUNT =         0
 TOTAL 1-4 EXCLUSIONS  =         0
 TOTAL NON-EXCLUSIONS  =         0
  
 CHARMM>            if ?npair .gt. 0 goto doinit
 RDCMND substituted energy or value "?NPAIR" to "0"
 Comparing "0" and "0".
 IF test evaluated as false.  Skipping command
  
 CHARMM>     
  
 CHARMM>            calc cntrand = 0
Evaluating: 0
 Parameter: CNTRAND <- "0"
  
 CHARMM>            increase i by 1
 Parameter: I <- "40"
  
 CHARMM>            if i .le. @nion goto doinit
 Parameter: NION -> "54"
 Comparing "40" and "54".
 IF test evaluated as true.  Performing command
  
 CHARMM>     
  
 CHARMM>            calc cntrand = @cntrand + 1
 Parameter: CNTRAND -> "0"
Evaluating: 0+1
 Parameter: CNTRAND <- "1"
  
 CHARMM>            if cntrand .gt. 100 stop ! ABNORMAL TERMINATION: ion placing may not work.. stop here
 Comparing "1" and "100".
 IF test evaluated as false.  Skipping command
  
 CHARMM>     
  
 CHARMM>            calc j = @i
 Parameter: I -> "40"
Evaluating: 40
 Parameter: J <- "40"
  
 CHARMM>            set ion = POS
 Parameter: ION <- "POS"
  
 CHARMM>     
  
 CHARMM>            if j .gt. @npos then
 Parameter: NPOS -> "37"
 Comparing "40" and "37".
 IF test evaluated as true.  Performing command
  
 CHARMM>               set ion = NEG
 Parameter: ION <- "NEG"
  
 CHARMM>               calc j  = @j - @npos
 Parameter: J -> "40"
 Parameter: NPOS -> "37"
Evaluating: 40-37
 Parameter: J <- "3"
  
 CHARMM>            endif
  
 CHARMM>     
  
 CHARMM>            define target select segid @ion .and. resid @j end
 Parameter: ION -> "NEG"
 Parameter: J -> "3"
 SELRPN>      1 atoms have been selected out of  22374
  
 CHARMM>     
  
 CHARMM>            calc xpos = @A * ( ?random - 0.5 )
 Parameter: A -> "73.4166194"
 RDCMND substituted energy or value "?RANDOM" to "0.83675672"
Evaluating: 73.4166194*(0.83675672-0.5)
 Parameter: XPOS <- "24.7235399"
  
 CHARMM>            calc ypos = @B * ( ?random - 0.5 )
 Parameter: B -> "73.4166194"
 RDCMND substituted energy or value "?RANDOM" to "0.912690185"
Evaluating: 73.4166194*(0.912690185-0.5)
 Parameter: YPOS <- "30.2983182"
  
 CHARMM>            calc zpos = @C * ( ?random - 0.5 ) + @zcen
 Parameter: C -> "85"
 Parameter: ZCEN -> "0"
 RDCMND substituted energy or value "?RANDOM" to "2.038690515E-02"
Evaluating: 85*(2.038690515E-02-0.5)+0
 Parameter: ZPOS <- "-40.7671131"
  
 CHARMM>     
  
 CHARMM>            if zpos .gt. -15 if zpos .lt. 15 goto doinit
 Comparing "-40.7671131" and "-15".
 IF test evaluated as false.  Skipping command
  
 CHARMM>     
  
 CHARMM>            ! move target to selected position
  
 CHARMM>            coor stat select target end
 SELRPN>      1 atoms have been selected out of  22374
 STATISTICS FOR         1 SELECTED ATOMS:
    XMIN =    0.000000 XMAX =    0.000000 XAVE =    0.000000
    YMIN =    0.000000 YMAX =    0.000000 YAVE =    0.000000
    ZMIN =    0.000000 ZMAX =    0.000000 ZAVE =    0.000000
    WMIN =   -1.000000 WMAX =   -1.000000 WAVE =   -1.000000
  
 CHARMM>            calc xtran = @xpos - ?xave
 Parameter: XPOS -> "24.7235399"
 RDCMND substituted energy or value "?XAVE" to "0"
Evaluating: 24.7235399-0
 Parameter: XTRAN <- "24.7235399"
  
 CHARMM>            calc ytran = @ypos - ?yave
 Parameter: YPOS -> "30.2983182"
 RDCMND substituted energy or value "?YAVE" to "0"
Evaluating: 30.2983182-0
 Parameter: YTRAN <- "30.2983182"
  
 CHARMM>            calc ztran = @zpos - ?zave
 Parameter: ZPOS -> "-40.7671131"
 RDCMND substituted energy or value "?ZAVE" to "0"
Evaluating: -40.7671131-0
 Parameter: ZTRAN <- "-40.7671131"
  
 CHARMM>            coor trans xdir @xtran ydir @ytran zdir @ztran select target end
 Parameter: XTRAN -> "24.7235399"
 Parameter: YTRAN -> "30.2983182"
 Parameter: ZTRAN -> "-40.7671131"
 SELRPN>      1 atoms have been selected out of  22374
 TRANSLATION VECTOR    24.723540   30.298318  -40.767113
 SELECTED COORDINATES TRANSLATED IN THE MAIN SET.

  
 CHARMM>     
  
 CHARMM>            ! apply a random rotation along XYZ
  
 CHARMM>            calc xphi = ?random * 360.0
 RDCMND substituted energy or value "?RANDOM" to "6.119340363E-04"
Evaluating: 6.119340363E-04*360.0
 Parameter: XPHI <- "0.220296253"
  
 CHARMM>            calc yphi = ?random * 360.0
 RDCMND substituted energy or value "?RANDOM" to "0.944411681"
Evaluating: 0.944411681*360.0
 Parameter: YPHI <- "339.988205"
  
 CHARMM>            calc zphi = ?random * 360.0
 RDCMND substituted energy or value "?RANDOM" to "0.32069612"
Evaluating: 0.32069612*360.0
 Parameter: ZPHI <- "115.450603"
  
 CHARMM>            coor rotate xcen @xpos ycen @ypos zcen @zpos xdir 1.0 -
 CHARMM>                phi @xphi select target end
 Parameter: XPOS -> "24.7235399"
 Parameter: YPOS -> "30.2983182"
 Parameter: ZPOS -> "-40.7671131"
 Parameter: XPHI -> "0.220296253"
 SELRPN>      1 atoms have been selected out of  22374
 ROTATION MATRIX
    1.000000    0.000000    0.000000
    0.000000    0.999993    0.003845
    0.000000   -0.003845    0.999993

 AXIS OF ROTATION IS  1.000000  0.000000  0.000000  ANGLE IS    0.22

 SELECTED COORDINATES ROTATED IN THE MAIN SET.

  
 CHARMM>            coor rotate xcen @xpos ycen @ypos zcen @zpos ydir 1.0 -
 CHARMM>                phi @yphi select target end
 Parameter: XPOS -> "24.7235399"
 Parameter: YPOS -> "30.2983182"
 Parameter: ZPOS -> "-40.7671131"
 Parameter: YPHI -> "339.988205"
 SELRPN>      1 atoms have been selected out of  22374
 ROTATION MATRIX
    0.939622    0.000000    0.342214
    0.000000    1.000000    0.000000
   -0.342214    0.000000    0.939622

 AXIS OF ROTATION IS  0.000000 -1.000000  0.000000  ANGLE IS   20.01

 SELECTED COORDINATES ROTATED IN THE MAIN SET.

  
 CHARMM>            coor rotate xcen @xpos ycen @ypos zcen @zpos zdir 1.0 -
 CHARMM>                phi @zphi select target end
 Parameter: XPOS -> "24.7235399"
 Parameter: YPOS -> "30.2983182"
 Parameter: ZPOS -> "-40.7671131"
 Parameter: ZPHI -> "115.450603"
 SELRPN>      1 atoms have been selected out of  22374
 ROTATION MATRIX
   -0.429733    0.902956    0.000000
   -0.902956   -0.429733    0.000000
    0.000000    0.000000    1.000000

 AXIS OF ROTATION IS  0.000000  0.000000  1.000000  ANGLE IS  115.45

 SELECTED COORDINATES ROTATED IN THE MAIN SET.

  
 CHARMM>     
  
 CHARMM>     
  
 CHARMM>            calc dcut = 3.5
Evaluating: 3.5
 Parameter: DCUT <- "3.5"
  
 CHARMM>     
  
 CHARMM>            coor stat sele target end
 SELRPN>      1 atoms have been selected out of  22374
 STATISTICS FOR         1 SELECTED ATOMS:
    XMIN =   24.723540 XMAX =   24.723540 XAVE =   24.723540
    YMIN =   30.298318 YMAX =   30.298318 YAVE =   30.298318
    ZMIN =  -40.767113 ZMAX =  -40.767113 ZAVE =  -40.767113
    WMIN =   -1.000000 WMAX =   -1.000000 WAVE =   -1.000000
  
 CHARMM>            calc xmax = ?xmax + @dcut
 Parameter: DCUT -> "3.5"
 RDCMND substituted energy or value "?XMAX" to "24.7235399"
Evaluating: 24.7235399+3.5
 Parameter: XMAX <- "28.2235399"
  
 CHARMM>            calc ymax = ?ymax + @dcut
 Parameter: DCUT -> "3.5"
 RDCMND substituted energy or value "?YMAX" to "30.2983182"
Evaluating: 30.2983182+3.5
 Parameter: YMAX <- "33.7983182"
  
 CHARMM>            calc zmax = ?zmax + @dcut
 Parameter: DCUT -> "3.5"
 RDCMND substituted energy or value "?ZMAX" to "-40.7671131"
Evaluating: -40.7671131+3.5
 Parameter: ZMAX <- "-37.2671131"
  
 CHARMM>            calc xmin = ?xmin - @dcut
 Parameter: DCUT -> "3.5"
 RDCMND substituted energy or value "?XMIN" to "24.7235399"
Evaluating: 24.7235399-3.5
 Parameter: XMIN <- "21.2235399"
  
 CHARMM>            calc ymin = ?ymin - @dcut
 Parameter: DCUT -> "3.5"
 RDCMND substituted energy or value "?YMIN" to "30.2983182"
Evaluating: 30.2983182-3.5
 Parameter: YMIN <- "26.7983182"
  
 CHARMM>            calc zmin = ?zmin - @dcut
 Parameter: DCUT -> "3.5"
 RDCMND substituted energy or value "?ZMIN" to "-40.7671131"
Evaluating: -40.7671131-3.5
 Parameter: ZMIN <- "-44.2671131"
  
 CHARMM>     
  
 CHARMM>            define JUNK sele .not. target .and. -
 CHARMM>                             prop X .lt. @xmax .and. prop X .gt. @xmin .and. -
 CHARMM>                             prop Y .lt. @ymax .and. prop Y .gt. @ymin .and. -
 CHARMM>                             prop Z .lt. @zmax .and. prop Z .gt. @zmin  end
 Parameter: XMAX -> "28.2235399"
 Parameter: XMIN -> "21.2235399"
 Parameter: YMAX -> "33.7983182"
 Parameter: YMIN -> "26.7983182"
 Parameter: ZMAX -> "-37.2671131"
 Parameter: ZMIN -> "-44.2671131"
 SELRPN>      0 atoms have been selected out of  22374
  
 CHARMM>     
  
 CHARMM>            ! check if the ions are too close to protein
  
 CHARMM>            define XXX sele PROT end
 SELRPN>      0 atoms have been selected out of  22374
  
 CHARMM>            if ?nsel .gt. 0 then
 RDCMND substituted energy or value "?NSEL" to "0"
 Comparing "0" and "0".
 IF test evaluated as false.  Skip to ELSE or ENDIF
  
 CHARMM>     
  
 CHARMM>            ! check if the ions are too close to solute
  
 CHARMM>            coor dist cut 4.0 sele target end sele JUNK .and. .not. hydrogen end image
 SELRPN>      1 atoms have been selected out of  34208
 SELRPN>      0 atoms have been selected out of  34208

            DISTANCES FOR SELECTED ATOMS
            ONLY ONE SELECTION SET SPECIFIED, A COMPARISON WILL BE DONE
 TOTAL EXCLUSION COUNT =         0
 TOTAL 1-4 EXCLUSIONS  =         0
 TOTAL NON-EXCLUSIONS  =         0
  
 CHARMM>            if ?npair .gt. 0 goto doinit
 RDCMND substituted energy or value "?NPAIR" to "0"
 Comparing "0" and "0".
 IF test evaluated as false.  Skipping command
  
 CHARMM>     
  
 CHARMM>            calc cntrand = 0
Evaluating: 0
 Parameter: CNTRAND <- "0"
  
 CHARMM>            increase i by 1
 Parameter: I <- "41"
  
 CHARMM>            if i .le. @nion goto doinit
 Parameter: NION -> "54"
 Comparing "41" and "54".
 IF test evaluated as true.  Performing command
  
 CHARMM>     
  
 CHARMM>            calc cntrand = @cntrand + 1
 Parameter: CNTRAND -> "0"
Evaluating: 0+1
 Parameter: CNTRAND <- "1"
  
 CHARMM>            if cntrand .gt. 100 stop ! ABNORMAL TERMINATION: ion placing may not work.. stop here
 Comparing "1" and "100".
 IF test evaluated as false.  Skipping command
  
 CHARMM>     
  
 CHARMM>            calc j = @i
 Parameter: I -> "41"
Evaluating: 41
 Parameter: J <- "41"
  
 CHARMM>            set ion = POS
 Parameter: ION <- "POS"
  
 CHARMM>     
  
 CHARMM>            if j .gt. @npos then
 Parameter: NPOS -> "37"
 Comparing "41" and "37".
 IF test evaluated as true.  Performing command
  
 CHARMM>               set ion = NEG
 Parameter: ION <- "NEG"
  
 CHARMM>               calc j  = @j - @npos
 Parameter: J -> "41"
 Parameter: NPOS -> "37"
Evaluating: 41-37
 Parameter: J <- "4"
  
 CHARMM>            endif
  
 CHARMM>     
  
 CHARMM>            define target select segid @ion .and. resid @j end
 Parameter: ION -> "NEG"
 Parameter: J -> "4"
 SELRPN>      1 atoms have been selected out of  22374
  
 CHARMM>     
  
 CHARMM>            calc xpos = @A * ( ?random - 0.5 )
 Parameter: A -> "73.4166194"
 RDCMND substituted energy or value "?RANDOM" to "0.582701474"
Evaluating: 73.4166194*(0.582701474-0.5)
 Parameter: XPOS <- "6.07166264"
  
 CHARMM>            calc ypos = @B * ( ?random - 0.5 )
 Parameter: B -> "73.4166194"
 RDCMND substituted energy or value "?RANDOM" to "0.676386894"
Evaluating: 73.4166194*(0.676386894-0.5)
 Parameter: YPOS <- "12.9497295"
  
 CHARMM>            calc zpos = @C * ( ?random - 0.5 ) + @zcen
 Parameter: C -> "85"
 Parameter: ZCEN -> "0"
 RDCMND substituted energy or value "?RANDOM" to "4.408181461E-02"
Evaluating: 85*(4.408181461E-02-0.5)+0
 Parameter: ZPOS <- "-38.7530458"
  
 CHARMM>     
  
 CHARMM>            if zpos .gt. -15 if zpos .lt. 15 goto doinit
 Comparing "-38.7530458" and "-15".
 IF test evaluated as false.  Skipping command
  
 CHARMM>     
  
 CHARMM>            ! move target to selected position
  
 CHARMM>            coor stat select target end
 SELRPN>      1 atoms have been selected out of  22374
 STATISTICS FOR         1 SELECTED ATOMS:
    XMIN =    0.000000 XMAX =    0.000000 XAVE =    0.000000
    YMIN =    0.000000 YMAX =    0.000000 YAVE =    0.000000
    ZMIN =    0.000000 ZMAX =    0.000000 ZAVE =    0.000000
    WMIN =   -1.000000 WMAX =   -1.000000 WAVE =   -1.000000
  
 CHARMM>            calc xtran = @xpos - ?xave
 Parameter: XPOS -> "6.07166264"
 RDCMND substituted energy or value "?XAVE" to "0"
Evaluating: 6.07166264-0
 Parameter: XTRAN <- "6.07166264"
  
 CHARMM>            calc ytran = @ypos - ?yave
 Parameter: YPOS -> "12.9497295"
 RDCMND substituted energy or value "?YAVE" to "0"
Evaluating: 12.9497295-0
 Parameter: YTRAN <- "12.9497295"
  
 CHARMM>            calc ztran = @zpos - ?zave
 Parameter: ZPOS -> "-38.7530458"
 RDCMND substituted energy or value "?ZAVE" to "0"
Evaluating: -38.7530458-0
 Parameter: ZTRAN <- "-38.7530458"
  
 CHARMM>            coor trans xdir @xtran ydir @ytran zdir @ztran select target end
 Parameter: XTRAN -> "6.07166264"
 Parameter: YTRAN -> "12.9497295"
 Parameter: ZTRAN -> "-38.7530458"
 SELRPN>      1 atoms have been selected out of  22374
 TRANSLATION VECTOR     6.071663   12.949730  -38.753046
 SELECTED COORDINATES TRANSLATED IN THE MAIN SET.

  
 CHARMM>     
  
 CHARMM>            ! apply a random rotation along XYZ
  
 CHARMM>            calc xphi = ?random * 360.0
 RDCMND substituted energy or value "?RANDOM" to "6.466768689E-02"
Evaluating: 6.466768689E-02*360.0
 Parameter: XPHI <- "23.2803673"
  
 CHARMM>            calc yphi = ?random * 360.0
 RDCMND substituted energy or value "?RANDOM" to "9.330932334E-02"
Evaluating: 9.330932334E-02*360.0
 Parameter: YPHI <- "33.5913564"
  
 CHARMM>            calc zphi = ?random * 360.0
 RDCMND substituted energy or value "?RANDOM" to "0.548529445"
Evaluating: 0.548529445*360.0
 Parameter: ZPHI <- "197.4706"
  
 CHARMM>            coor rotate xcen @xpos ycen @ypos zcen @zpos xdir 1.0 -
 CHARMM>                phi @xphi select target end
 Parameter: XPOS -> "6.07166264"
 Parameter: YPOS -> "12.9497295"
 Parameter: ZPOS -> "-38.7530458"
 Parameter: XPHI -> "23.2803673"
 SELRPN>      1 atoms have been selected out of  22374
 ROTATION MATRIX
    1.000000    0.000000    0.000000
    0.000000    0.918582    0.395231
    0.000000   -0.395231    0.918582

 AXIS OF ROTATION IS  1.000000  0.000000  0.000000  ANGLE IS   23.28

 SELECTED COORDINATES ROTATED IN THE MAIN SET.

  
 CHARMM>            coor rotate xcen @xpos ycen @ypos zcen @zpos ydir 1.0 -
 CHARMM>                phi @yphi select target end
 Parameter: XPOS -> "6.07166264"
 Parameter: YPOS -> "12.9497295"
 Parameter: ZPOS -> "-38.7530458"
 Parameter: YPHI -> "33.5913564"
 SELRPN>      1 atoms have been selected out of  22374
 ROTATION MATRIX
    0.833005    0.000000   -0.553266
    0.000000    1.000000    0.000000
    0.553266    0.000000    0.833005

 AXIS OF ROTATION IS  0.000000  1.000000  0.000000  ANGLE IS   33.59

 SELECTED COORDINATES ROTATED IN THE MAIN SET.

  
 CHARMM>            coor rotate xcen @xpos ycen @ypos zcen @zpos zdir 1.0 -
 CHARMM>                phi @zphi select target end
 Parameter: XPOS -> "6.07166264"
 Parameter: YPOS -> "12.9497295"
 Parameter: ZPOS -> "-38.7530458"
 Parameter: ZPHI -> "197.4706"
 SELRPN>      1 atoms have been selected out of  22374
 ROTATION MATRIX
   -0.953871   -0.300216    0.000000
    0.300216   -0.953871    0.000000
    0.000000    0.000000    1.000000

 AXIS OF ROTATION IS  0.000000  0.000000 -1.000000  ANGLE IS  162.53

 SELECTED COORDINATES ROTATED IN THE MAIN SET.

  
 CHARMM>     
  
 CHARMM>     
  
 CHARMM>            calc dcut = 3.5
Evaluating: 3.5
 Parameter: DCUT <- "3.5"
  
 CHARMM>     
  
 CHARMM>            coor stat sele target end
 SELRPN>      1 atoms have been selected out of  22374
 STATISTICS FOR         1 SELECTED ATOMS:
    XMIN =    6.071663 XMAX =    6.071663 XAVE =    6.071663
    YMIN =   12.949730 YMAX =   12.949730 YAVE =   12.949730
    ZMIN =  -38.753046 ZMAX =  -38.753046 ZAVE =  -38.753046
    WMIN =   -1.000000 WMAX =   -1.000000 WAVE =   -1.000000
  
 CHARMM>            calc xmax = ?xmax + @dcut
 Parameter: DCUT -> "3.5"
 RDCMND substituted energy or value "?XMAX" to "6.07166264"
Evaluating: 6.07166264+3.5
 Parameter: XMAX <- "9.57166264"
  
 CHARMM>            calc ymax = ?ymax + @dcut
 Parameter: DCUT -> "3.5"
 RDCMND substituted energy or value "?YMAX" to "12.9497295"
Evaluating: 12.9497295+3.5
 Parameter: YMAX <- "16.4497295"
  
 CHARMM>            calc zmax = ?zmax + @dcut
 Parameter: DCUT -> "3.5"
 RDCMND substituted energy or value "?ZMAX" to "-38.7530458"
Evaluating: -38.7530458+3.5
 Parameter: ZMAX <- "-35.2530458"
  
 CHARMM>            calc xmin = ?xmin - @dcut
 Parameter: DCUT -> "3.5"
 RDCMND substituted energy or value "?XMIN" to "6.07166264"
Evaluating: 6.07166264-3.5
 Parameter: XMIN <- "2.57166264"
  
 CHARMM>            calc ymin = ?ymin - @dcut
 Parameter: DCUT -> "3.5"
 RDCMND substituted energy or value "?YMIN" to "12.9497295"
Evaluating: 12.9497295-3.5
 Parameter: YMIN <- "9.4497295"
  
 CHARMM>            calc zmin = ?zmin - @dcut
 Parameter: DCUT -> "3.5"
 RDCMND substituted energy or value "?ZMIN" to "-38.7530458"
Evaluating: -38.7530458-3.5
 Parameter: ZMIN <- "-42.2530458"
  
 CHARMM>     
  
 CHARMM>            define JUNK sele .not. target .and. -
 CHARMM>                             prop X .lt. @xmax .and. prop X .gt. @xmin .and. -
 CHARMM>                             prop Y .lt. @ymax .and. prop Y .gt. @ymin .and. -
 CHARMM>                             prop Z .lt. @zmax .and. prop Z .gt. @zmin  end
 Parameter: XMAX -> "9.57166264"
 Parameter: XMIN -> "2.57166264"
 Parameter: YMAX -> "16.4497295"
 Parameter: YMIN -> "9.4497295"
 Parameter: ZMAX -> "-35.2530458"
 Parameter: ZMIN -> "-42.2530458"
 SELRPN>      0 atoms have been selected out of  22374
  
 CHARMM>     
  
 CHARMM>            ! check if the ions are too close to protein
  
 CHARMM>            define XXX sele PROT end
 SELRPN>      0 atoms have been selected out of  22374
  
 CHARMM>            if ?nsel .gt. 0 then
 RDCMND substituted energy or value "?NSEL" to "0"
 Comparing "0" and "0".
 IF test evaluated as false.  Skip to ELSE or ENDIF
  
 CHARMM>     
  
 CHARMM>            ! check if the ions are too close to solute
  
 CHARMM>            coor dist cut 4.0 sele target end sele JUNK .and. .not. hydrogen end image
 SELRPN>      1 atoms have been selected out of  34208
 SELRPN>      0 atoms have been selected out of  34208

            DISTANCES FOR SELECTED ATOMS
            ONLY ONE SELECTION SET SPECIFIED, A COMPARISON WILL BE DONE
 TOTAL EXCLUSION COUNT =         0
 TOTAL 1-4 EXCLUSIONS  =         0
 TOTAL NON-EXCLUSIONS  =         0
  
 CHARMM>            if ?npair .gt. 0 goto doinit
 RDCMND substituted energy or value "?NPAIR" to "0"
 Comparing "0" and "0".
 IF test evaluated as false.  Skipping command
  
 CHARMM>     
  
 CHARMM>            calc cntrand = 0
Evaluating: 0
 Parameter: CNTRAND <- "0"
  
 CHARMM>            increase i by 1
 Parameter: I <- "42"
  
 CHARMM>            if i .le. @nion goto doinit
 Parameter: NION -> "54"
 Comparing "42" and "54".
 IF test evaluated as true.  Performing command
  
 CHARMM>     
  
 CHARMM>            calc cntrand = @cntrand + 1
 Parameter: CNTRAND -> "0"
Evaluating: 0+1
 Parameter: CNTRAND <- "1"
  
 CHARMM>            if cntrand .gt. 100 stop ! ABNORMAL TERMINATION: ion placing may not work.. stop here
 Comparing "1" and "100".
 IF test evaluated as false.  Skipping command
  
 CHARMM>     
  
 CHARMM>            calc j = @i
 Parameter: I -> "42"
Evaluating: 42
 Parameter: J <- "42"
  
 CHARMM>            set ion = POS
 Parameter: ION <- "POS"
  
 CHARMM>     
  
 CHARMM>            if j .gt. @npos then
 Parameter: NPOS -> "37"
 Comparing "42" and "37".
 IF test evaluated as true.  Performing command
  
 CHARMM>               set ion = NEG
 Parameter: ION <- "NEG"
  
 CHARMM>               calc j  = @j - @npos
 Parameter: J -> "42"
 Parameter: NPOS -> "37"
Evaluating: 42-37
 Parameter: J <- "5"
  
 CHARMM>            endif
  
 CHARMM>     
  
 CHARMM>            define target select segid @ion .and. resid @j end
 Parameter: ION -> "NEG"
 Parameter: J -> "5"
 SELRPN>      1 atoms have been selected out of  22374
  
 CHARMM>     
  
 CHARMM>            calc xpos = @A * ( ?random - 0.5 )
 Parameter: A -> "73.4166194"
 RDCMND substituted energy or value "?RANDOM" to "0.554452545"
Evaluating: 73.4166194*(0.554452545-0.5)
 Parameter: XPOS <- "3.99772177"
  
 CHARMM>            calc ypos = @B * ( ?random - 0.5 )
 Parameter: B -> "73.4166194"
 RDCMND substituted energy or value "?RANDOM" to "0.636305941"
Evaluating: 73.4166194*(0.636305941-0.5)
 Parameter: YPOS <- "10.0071214"
  
 CHARMM>            calc zpos = @C * ( ?random - 0.5 ) + @zcen
 Parameter: C -> "85"
 Parameter: ZCEN -> "0"
 RDCMND substituted energy or value "?RANDOM" to "0.517425931"
Evaluating: 85*(0.517425931-0.5)+0
 Parameter: ZPOS <- "1.48120413"
  
 CHARMM>     
  
 CHARMM>            if zpos .gt. -15 if zpos .lt. 15 goto doinit
 Comparing "1.48120413" and "-15".
 IF test evaluated as true.  Performing command
 Comparing "1.48120413" and "15".
 IF test evaluated as true.  Performing command
  
 CHARMM>     
  
 CHARMM>            calc cntrand = @cntrand + 1
 Parameter: CNTRAND -> "1"
Evaluating: 1+1
 Parameter: CNTRAND <- "2"
  
 CHARMM>            if cntrand .gt. 100 stop ! ABNORMAL TERMINATION: ion placing may not work.. stop here
 Comparing "2" and "100".
 IF test evaluated as false.  Skipping command
  
 CHARMM>     
  
 CHARMM>            calc j = @i
 Parameter: I -> "42"
Evaluating: 42
 Parameter: J <- "42"
  
 CHARMM>            set ion = POS
 Parameter: ION <- "POS"
  
 CHARMM>     
  
 CHARMM>            if j .gt. @npos then
 Parameter: NPOS -> "37"
 Comparing "42" and "37".
 IF test evaluated as true.  Performing command
  
 CHARMM>               set ion = NEG
 Parameter: ION <- "NEG"
  
 CHARMM>               calc j  = @j - @npos
 Parameter: J -> "42"
 Parameter: NPOS -> "37"
Evaluating: 42-37
 Parameter: J <- "5"
  
 CHARMM>            endif
  
 CHARMM>     
  
 CHARMM>            define target select segid @ion .and. resid @j end
 Parameter: ION -> "NEG"
 Parameter: J -> "5"
 SELRPN>      1 atoms have been selected out of  22374
  
 CHARMM>     
  
 CHARMM>            calc xpos = @A * ( ?random - 0.5 )
 Parameter: A -> "73.4166194"
 RDCMND substituted energy or value "?RANDOM" to "3.608409629E-02"
Evaluating: 73.4166194*(3.608409629E-02-0.5)
 Parameter: XPOS <- "-34.0591373"
  
 CHARMM>            calc ypos = @B * ( ?random - 0.5 )
 Parameter: B -> "73.4166194"
 RDCMND substituted energy or value "?RANDOM" to "0.133843136"
Evaluating: 73.4166194*(0.133843136-0.5)
 Parameter: YPOS <- "-26.8819991"
  
 CHARMM>            calc zpos = @C * ( ?random - 0.5 ) + @zcen
 Parameter: C -> "85"
 Parameter: ZCEN -> "0"
 RDCMND substituted energy or value "?RANDOM" to "0.668834317"
Evaluating: 85*(0.668834317-0.5)+0
 Parameter: ZPOS <- "14.3509169"
  
 CHARMM>     
  
 CHARMM>            if zpos .gt. -15 if zpos .lt. 15 goto doinit
 Comparing "14.3509169" and "-15".
 IF test evaluated as true.  Performing command
 Comparing "14.3509169" and "15".
 IF test evaluated as true.  Performing command
  
 CHARMM>     
  
 CHARMM>            calc cntrand = @cntrand + 1
 Parameter: CNTRAND -> "2"
Evaluating: 2+1
 Parameter: CNTRAND <- "3"
  
 CHARMM>            if cntrand .gt. 100 stop ! ABNORMAL TERMINATION: ion placing may not work.. stop here
 Comparing "3" and "100".
 IF test evaluated as false.  Skipping command
  
 CHARMM>     
  
 CHARMM>            calc j = @i
 Parameter: I -> "42"
Evaluating: 42
 Parameter: J <- "42"
  
 CHARMM>            set ion = POS
 Parameter: ION <- "POS"
  
 CHARMM>     
  
 CHARMM>            if j .gt. @npos then
 Parameter: NPOS -> "37"
 Comparing "42" and "37".
 IF test evaluated as true.  Performing command
  
 CHARMM>               set ion = NEG
 Parameter: ION <- "NEG"
  
 CHARMM>               calc j  = @j - @npos
 Parameter: J -> "42"
 Parameter: NPOS -> "37"
Evaluating: 42-37
 Parameter: J <- "5"
  
 CHARMM>            endif
  
 CHARMM>     
  
 CHARMM>            define target select segid @ion .and. resid @j end
 Parameter: ION -> "NEG"
 Parameter: J -> "5"
 SELRPN>      1 atoms have been selected out of  22374
  
 CHARMM>     
  
 CHARMM>            calc xpos = @A * ( ?random - 0.5 )
 Parameter: A -> "73.4166194"
 RDCMND substituted energy or value "?RANDOM" to "0.629468616"
Evaluating: 73.4166194*(0.629468616-0.5)
 Parameter: XPOS <- "9.50514811"
  
 CHARMM>            calc ypos = @B * ( ?random - 0.5 )
 Parameter: B -> "73.4166194"
 RDCMND substituted energy or value "?RANDOM" to "0.700805538"
Evaluating: 73.4166194*(0.700805538-0.5)
 Parameter: YPOS <- "14.7424638"
  
 CHARMM>            calc zpos = @C * ( ?random - 0.5 ) + @zcen
 Parameter: C -> "85"
 Parameter: ZCEN -> "0"
 RDCMND substituted energy or value "?RANDOM" to "0.299675539"
Evaluating: 85*(0.299675539-0.5)+0
 Parameter: ZPOS <- "-17.0275792"
  
 CHARMM>     
  
 CHARMM>            if zpos .gt. -15 if zpos .lt. 15 goto doinit
 Comparing "-17.0275792" and "-15".
 IF test evaluated as false.  Skipping command
  
 CHARMM>     
  
 CHARMM>            ! move target to selected position
  
 CHARMM>            coor stat select target end
 SELRPN>      1 atoms have been selected out of  22374
 STATISTICS FOR         1 SELECTED ATOMS:
    XMIN =    0.000000 XMAX =    0.000000 XAVE =    0.000000
    YMIN =    0.000000 YMAX =    0.000000 YAVE =    0.000000
    ZMIN =    0.000000 ZMAX =    0.000000 ZAVE =    0.000000
    WMIN =   -1.000000 WMAX =   -1.000000 WAVE =   -1.000000
  
 CHARMM>            calc xtran = @xpos - ?xave
 Parameter: XPOS -> "9.50514811"
 RDCMND substituted energy or value "?XAVE" to "0"
Evaluating: 9.50514811-0
 Parameter: XTRAN <- "9.50514811"
  
 CHARMM>            calc ytran = @ypos - ?yave
 Parameter: YPOS -> "14.7424638"
 RDCMND substituted energy or value "?YAVE" to "0"
Evaluating: 14.7424638-0
 Parameter: YTRAN <- "14.7424638"
  
 CHARMM>            calc ztran = @zpos - ?zave
 Parameter: ZPOS -> "-17.0275792"
 RDCMND substituted energy or value "?ZAVE" to "0"
Evaluating: -17.0275792-0
 Parameter: ZTRAN <- "-17.0275792"
  
 CHARMM>            coor trans xdir @xtran ydir @ytran zdir @ztran select target end
 Parameter: XTRAN -> "9.50514811"
 Parameter: YTRAN -> "14.7424638"
 Parameter: ZTRAN -> "-17.0275792"
 SELRPN>      1 atoms have been selected out of  22374
 TRANSLATION VECTOR     9.505148   14.742464  -17.027579
 SELECTED COORDINATES TRANSLATED IN THE MAIN SET.

  
 CHARMM>     
  
 CHARMM>            ! apply a random rotation along XYZ
  
 CHARMM>            calc xphi = ?random * 360.0
 RDCMND substituted energy or value "?RANDOM" to "0.603745962"
Evaluating: 0.603745962*360.0
 Parameter: XPHI <- "217.348546"
  
 CHARMM>            calc yphi = ?random * 360.0
 RDCMND substituted energy or value "?RANDOM" to "0.275578932"
Evaluating: 0.275578932*360.0
 Parameter: YPHI <- "99.2084155"
  
 CHARMM>            calc zphi = ?random * 360.0
 RDCMND substituted energy or value "?RANDOM" to "0.843093958"
Evaluating: 0.843093958*360.0
 Parameter: ZPHI <- "303.513825"
  
 CHARMM>            coor rotate xcen @xpos ycen @ypos zcen @zpos xdir 1.0 -
 CHARMM>                phi @xphi select target end
 Parameter: XPOS -> "9.50514811"
 Parameter: YPOS -> "14.7424638"
 Parameter: ZPOS -> "-17.0275792"
 Parameter: XPHI -> "217.348546"
 SELRPN>      1 atoms have been selected out of  22374
 ROTATION MATRIX
    1.000000    0.000000    0.000000
    0.000000   -0.794960   -0.606662
    0.000000    0.606662   -0.794960

 AXIS OF ROTATION IS -1.000000  0.000000  0.000000  ANGLE IS  142.65

 SELECTED COORDINATES ROTATED IN THE MAIN SET.

  
 CHARMM>            coor rotate xcen @xpos ycen @ypos zcen @zpos ydir 1.0 -
 CHARMM>                phi @yphi select target end
 Parameter: XPOS -> "9.50514811"
 Parameter: YPOS -> "14.7424638"
 Parameter: ZPOS -> "-17.0275792"
 Parameter: YPHI -> "99.2084155"
 SELRPN>      1 atoms have been selected out of  22374
 ROTATION MATRIX
   -0.160026    0.000000   -0.987113
    0.000000    1.000000    0.000000
    0.987113    0.000000   -0.160026

 AXIS OF ROTATION IS  0.000000  1.000000  0.000000  ANGLE IS   99.21

 SELECTED COORDINATES ROTATED IN THE MAIN SET.

  
 CHARMM>            coor rotate xcen @xpos ycen @ypos zcen @zpos zdir 1.0 -
 CHARMM>                phi @zphi select target end
 Parameter: XPOS -> "9.50514811"
 Parameter: YPOS -> "14.7424638"
 Parameter: ZPOS -> "-17.0275792"
 Parameter: ZPHI -> "303.513825"
 SELRPN>      1 atoms have been selected out of  22374
 ROTATION MATRIX
    0.552138   -0.833753    0.000000
    0.833753    0.552138    0.000000
    0.000000    0.000000    1.000000

 AXIS OF ROTATION IS  0.000000  0.000000 -1.000000  ANGLE IS   56.49

 SELECTED COORDINATES ROTATED IN THE MAIN SET.

  
 CHARMM>     
  
 CHARMM>     
  
 CHARMM>            calc dcut = 3.5
Evaluating: 3.5
 Parameter: DCUT <- "3.5"
  
 CHARMM>     
  
 CHARMM>            coor stat sele target end
 SELRPN>      1 atoms have been selected out of  22374
 STATISTICS FOR         1 SELECTED ATOMS:
    XMIN =    9.505148 XMAX =    9.505148 XAVE =    9.505148
    YMIN =   14.742464 YMAX =   14.742464 YAVE =   14.742464
    ZMIN =  -17.027579 ZMAX =  -17.027579 ZAVE =  -17.027579
    WMIN =   -1.000000 WMAX =   -1.000000 WAVE =   -1.000000
  
 CHARMM>            calc xmax = ?xmax + @dcut
 Parameter: DCUT -> "3.5"
 RDCMND substituted energy or value "?XMAX" to "9.50514811"
Evaluating: 9.50514811+3.5
 Parameter: XMAX <- "13.0051481"
  
 CHARMM>            calc ymax = ?ymax + @dcut
 Parameter: DCUT -> "3.5"
 RDCMND substituted energy or value "?YMAX" to "14.7424638"
Evaluating: 14.7424638+3.5
 Parameter: YMAX <- "18.2424638"
  
 CHARMM>            calc zmax = ?zmax + @dcut
 Parameter: DCUT -> "3.5"
 RDCMND substituted energy or value "?ZMAX" to "-17.0275792"
Evaluating: -17.0275792+3.5
 Parameter: ZMAX <- "-13.5275792"
  
 CHARMM>            calc xmin = ?xmin - @dcut
 Parameter: DCUT -> "3.5"
 RDCMND substituted energy or value "?XMIN" to "9.50514811"
Evaluating: 9.50514811-3.5
 Parameter: XMIN <- "6.00514811"
  
 CHARMM>            calc ymin = ?ymin - @dcut
 Parameter: DCUT -> "3.5"
 RDCMND substituted energy or value "?YMIN" to "14.7424638"
Evaluating: 14.7424638-3.5
 Parameter: YMIN <- "11.2424638"
  
 CHARMM>            calc zmin = ?zmin - @dcut
 Parameter: DCUT -> "3.5"
 RDCMND substituted energy or value "?ZMIN" to "-17.0275792"
Evaluating: -17.0275792-3.5
 Parameter: ZMIN <- "-20.5275792"
  
 CHARMM>     
  
 CHARMM>            define JUNK sele .not. target .and. -
 CHARMM>                             prop X .lt. @xmax .and. prop X .gt. @xmin .and. -
 CHARMM>                             prop Y .lt. @ymax .and. prop Y .gt. @ymin .and. -
 CHARMM>                             prop Z .lt. @zmax .and. prop Z .gt. @zmin  end
 Parameter: XMAX -> "13.0051481"
 Parameter: XMIN -> "6.00514811"
 Parameter: YMAX -> "18.2424638"
 Parameter: YMIN -> "11.2424638"
 Parameter: ZMAX -> "-13.5275792"
 Parameter: ZMIN -> "-20.5275792"
 SELRPN>     27 atoms have been selected out of  22374
  
 CHARMM>     
  
 CHARMM>            ! check if the ions are too close to protein
  
 CHARMM>            define XXX sele PROT end
 SELRPN>      0 atoms have been selected out of  22374
  
 CHARMM>            if ?nsel .gt. 0 then
 RDCMND substituted energy or value "?NSEL" to "0"
 Comparing "0" and "0".
 IF test evaluated as false.  Skip to ELSE or ENDIF
  
 CHARMM>     
  
 CHARMM>            ! check if the ions are too close to solute
  
 CHARMM>            coor dist cut 4.0 sele target end sele JUNK .and. .not. hydrogen end image
 SELRPN>      1 atoms have been selected out of  34208
 SELRPN>     11 atoms have been selected out of  34208

            DISTANCES FOR SELECTED ATOMS
22362 NEG      CLA      5        CLA     -**** MEMB     CHL1     112      C3            1.0376
22362 NEG      CLA      5        CLA     -**** MEMB     CHL1     112      O3            2.1251
22362 NEG      CLA      5        CLA     -**** MEMB     CHL1     112      C4            1.9393
22362 NEG      CLA      5        CLA     -**** MEMB     CHL1     112      C5            2.5024
22362 NEG      CLA      5        CLA     -**** MEMB     CHL1     112      C6            3.6421
22362 NEG      CLA      5        CLA     -**** MEMB     CHL1     112      C10           2.4301
22362 NEG      CLA      5        CLA     -**** MEMB     CHL1     112      C19           3.1993
22362 NEG      CLA      5        CLA     -**** MEMB     CHL1     112      C1            1.7360
22362 NEG      CLA      5        CLA     -**** MEMB     CHL1     112      C2            0.6001
22362 NEG      CLA      5        CLA     -**** MEMB     SOPE     123      C32           3.5193
 TOTAL EXCLUSION COUNT =         0
 TOTAL 1-4 EXCLUSIONS  =         0
 TOTAL NON-EXCLUSIONS  =        10
  
 CHARMM>            if ?npair .gt. 0 goto doinit
 RDCMND substituted energy or value "?NPAIR" to "10"
 Comparing "10" and "0".
 IF test evaluated as true.  Performing command
  
 CHARMM>     
  
 CHARMM>            calc cntrand = @cntrand + 1
 Parameter: CNTRAND -> "3"
Evaluating: 3+1
 Parameter: CNTRAND <- "4"
  
 CHARMM>            if cntrand .gt. 100 stop ! ABNORMAL TERMINATION: ion placing may not work.. stop here
 Comparing "4" and "100".
 IF test evaluated as false.  Skipping command
  
 CHARMM>     
  
 CHARMM>            calc j = @i
 Parameter: I -> "42"
Evaluating: 42
 Parameter: J <- "42"
  
 CHARMM>            set ion = POS
 Parameter: ION <- "POS"
  
 CHARMM>     
  
 CHARMM>            if j .gt. @npos then
 Parameter: NPOS -> "37"
 Comparing "42" and "37".
 IF test evaluated as true.  Performing command
  
 CHARMM>               set ion = NEG
 Parameter: ION <- "NEG"
  
 CHARMM>               calc j  = @j - @npos
 Parameter: J -> "42"
 Parameter: NPOS -> "37"
Evaluating: 42-37
 Parameter: J <- "5"
  
 CHARMM>            endif
  
 CHARMM>     
  
 CHARMM>            define target select segid @ion .and. resid @j end
 Parameter: ION -> "NEG"
 Parameter: J -> "5"
 SELRPN>      1 atoms have been selected out of  22374
  
 CHARMM>     
  
 CHARMM>            calc xpos = @A * ( ?random - 0.5 )
 Parameter: A -> "73.4166194"
 RDCMND substituted energy or value "?RANDOM" to "0.84789085"
Evaluating: 73.4166194*(0.84789085-0.5)
 Parameter: XPOS <- "25.5409701"
  
 CHARMM>            calc ypos = @B * ( ?random - 0.5 )
 Parameter: B -> "73.4166194"
 RDCMND substituted energy or value "?RANDOM" to "0.58597018"
Evaluating: 73.4166194*(0.58597018-0.5)
 Parameter: YPOS <- "6.31163998"
  
 CHARMM>            calc zpos = @C * ( ?random - 0.5 ) + @zcen
 Parameter: C -> "85"
 Parameter: ZCEN -> "0"
 RDCMND substituted energy or value "?RANDOM" to "0.963514593"
Evaluating: 85*(0.963514593-0.5)+0
 Parameter: ZPOS <- "39.3987404"
  
 CHARMM>     
  
 CHARMM>            if zpos .gt. -15 if zpos .lt. 15 goto doinit
 Comparing "39.3987404" and "-15".
 IF test evaluated as true.  Performing command
 Comparing "39.3987404" and "15".
 IF test evaluated as false.  Skipping command
  
 CHARMM>     
  
 CHARMM>            ! move target to selected position
  
 CHARMM>            coor stat select target end
 SELRPN>      1 atoms have been selected out of  22374
 STATISTICS FOR         1 SELECTED ATOMS:
    XMIN =    9.505148 XMAX =    9.505148 XAVE =    9.505148
    YMIN =   14.742464 YMAX =   14.742464 YAVE =   14.742464
    ZMIN =  -17.027579 ZMAX =  -17.027579 ZAVE =  -17.027579
    WMIN =   -1.000000 WMAX =   -1.000000 WAVE =   -1.000000
  
 CHARMM>            calc xtran = @xpos - ?xave
 Parameter: XPOS -> "25.5409701"
 RDCMND substituted energy or value "?XAVE" to "9.50514811"
Evaluating: 25.5409701-9.50514811
 Parameter: XTRAN <- "16.035822"
  
 CHARMM>            calc ytran = @ypos - ?yave
 Parameter: YPOS -> "6.31163998"
 RDCMND substituted energy or value "?YAVE" to "14.7424638"
Evaluating: 6.31163998-14.7424638
 Parameter: YTRAN <- "-8.43082382"
  
 CHARMM>            calc ztran = @zpos - ?zave
 Parameter: ZPOS -> "39.3987404"
 RDCMND substituted energy or value "?ZAVE" to "-17.0275792"
Evaluating: 39.3987404--17.0275792
 Parameter: ZTRAN <- "56.4263196"
  
 CHARMM>            coor trans xdir @xtran ydir @ytran zdir @ztran select target end
 Parameter: XTRAN -> "16.035822"
 Parameter: YTRAN -> "-8.43082382"
 Parameter: ZTRAN -> "56.4263196"
 SELRPN>      1 atoms have been selected out of  22374
 TRANSLATION VECTOR    16.035822   -8.430824   56.426320
 SELECTED COORDINATES TRANSLATED IN THE MAIN SET.

  
 CHARMM>     
  
 CHARMM>            ! apply a random rotation along XYZ
  
 CHARMM>            calc xphi = ?random * 360.0
 RDCMND substituted energy or value "?RANDOM" to "0.69907879"
Evaluating: 0.69907879*360.0
 Parameter: XPHI <- "251.668364"
  
 CHARMM>            calc yphi = ?random * 360.0
 RDCMND substituted energy or value "?RANDOM" to "0.104030685"
Evaluating: 0.104030685*360.0
 Parameter: YPHI <- "37.4510466"
  
 CHARMM>            calc zphi = ?random * 360.0
 RDCMND substituted energy or value "?RANDOM" to "0.753133501"
Evaluating: 0.753133501*360.0
 Parameter: ZPHI <- "271.12806"
  
 CHARMM>            coor rotate xcen @xpos ycen @ypos zcen @zpos xdir 1.0 -
 CHARMM>                phi @xphi select target end
 Parameter: XPOS -> "25.5409701"
 Parameter: YPOS -> "6.31163998"
 Parameter: ZPOS -> "39.3987404"
 Parameter: XPHI -> "251.668364"
 SELRPN>      1 atoms have been selected out of  22374
 ROTATION MATRIX
    1.000000    0.000000    0.000000
    0.000000   -0.314517   -0.949252
    0.000000    0.949252   -0.314517

 AXIS OF ROTATION IS -1.000000  0.000000  0.000000  ANGLE IS  108.33

 SELECTED COORDINATES ROTATED IN THE MAIN SET.

  
 CHARMM>            coor rotate xcen @xpos ycen @ypos zcen @zpos ydir 1.0 -
 CHARMM>                phi @yphi select target end
 Parameter: XPOS -> "25.5409701"
 Parameter: YPOS -> "6.31163998"
 Parameter: ZPOS -> "39.3987404"
 Parameter: YPHI -> "37.4510466"
 SELRPN>      1 atoms have been selected out of  22374
 ROTATION MATRIX
    0.793873    0.000000   -0.608083
    0.000000    1.000000    0.000000
    0.608083    0.000000    0.793873

 AXIS OF ROTATION IS  0.000000  1.000000  0.000000  ANGLE IS   37.45

 SELECTED COORDINATES ROTATED IN THE MAIN SET.

  
 CHARMM>            coor rotate xcen @xpos ycen @ypos zcen @zpos zdir 1.0 -
 CHARMM>                phi @zphi select target end
 Parameter: XPOS -> "25.5409701"
 Parameter: YPOS -> "6.31163998"
 Parameter: ZPOS -> "39.3987404"
 Parameter: ZPHI -> "271.12806"
 SELRPN>      1 atoms have been selected out of  22374
 ROTATION MATRIX
    0.019687   -0.999806    0.000000
    0.999806    0.019687    0.000000
    0.000000    0.000000    1.000000

 AXIS OF ROTATION IS  0.000000  0.000000 -1.000000  ANGLE IS   88.87

 SELECTED COORDINATES ROTATED IN THE MAIN SET.

  
 CHARMM>     
  
 CHARMM>     
  
 CHARMM>            calc dcut = 3.5
Evaluating: 3.5
 Parameter: DCUT <- "3.5"
  
 CHARMM>     
  
 CHARMM>            coor stat sele target end
 SELRPN>      1 atoms have been selected out of  22374
 STATISTICS FOR         1 SELECTED ATOMS:
    XMIN =   25.540970 XMAX =   25.540970 XAVE =   25.540970
    YMIN =    6.311640 YMAX =    6.311640 YAVE =    6.311640
    ZMIN =   39.398740 ZMAX =   39.398740 ZAVE =   39.398740
    WMIN =   -1.000000 WMAX =   -1.000000 WAVE =   -1.000000
  
 CHARMM>            calc xmax = ?xmax + @dcut
 Parameter: DCUT -> "3.5"
 RDCMND substituted energy or value "?XMAX" to "25.5409701"
Evaluating: 25.5409701+3.5
 Parameter: XMAX <- "29.0409701"
  
 CHARMM>            calc ymax = ?ymax + @dcut
 Parameter: DCUT -> "3.5"
 RDCMND substituted energy or value "?YMAX" to "6.31163999"
Evaluating: 6.31163999+3.5
 Parameter: YMAX <- "9.81163999"
  
 CHARMM>            calc zmax = ?zmax + @dcut
 Parameter: DCUT -> "3.5"
 RDCMND substituted energy or value "?ZMAX" to "39.3987404"
Evaluating: 39.3987404+3.5
 Parameter: ZMAX <- "42.8987404"
  
 CHARMM>            calc xmin = ?xmin - @dcut
 Parameter: DCUT -> "3.5"
 RDCMND substituted energy or value "?XMIN" to "25.5409701"
Evaluating: 25.5409701-3.5
 Parameter: XMIN <- "22.0409701"
  
 CHARMM>            calc ymin = ?ymin - @dcut
 Parameter: DCUT -> "3.5"
 RDCMND substituted energy or value "?YMIN" to "6.31163999"
Evaluating: 6.31163999-3.5
 Parameter: YMIN <- "2.81163999"
  
 CHARMM>            calc zmin = ?zmin - @dcut
 Parameter: DCUT -> "3.5"
 RDCMND substituted energy or value "?ZMIN" to "39.3987404"
Evaluating: 39.3987404-3.5
 Parameter: ZMIN <- "35.8987404"
  
 CHARMM>     
  
 CHARMM>            define JUNK sele .not. target .and. -
 CHARMM>                             prop X .lt. @xmax .and. prop X .gt. @xmin .and. -
 CHARMM>                             prop Y .lt. @ymax .and. prop Y .gt. @ymin .and. -
 CHARMM>                             prop Z .lt. @zmax .and. prop Z .gt. @zmin  end
 Parameter: XMAX -> "29.0409701"
 Parameter: XMIN -> "22.0409701"
 Parameter: YMAX -> "9.81163999"
 Parameter: YMIN -> "2.81163999"
 Parameter: ZMAX -> "42.8987404"
 Parameter: ZMIN -> "35.8987404"
 SELRPN>      0 atoms have been selected out of  22374
  
 CHARMM>     
  
 CHARMM>            ! check if the ions are too close to protein
  
 CHARMM>            define XXX sele PROT end
 SELRPN>      0 atoms have been selected out of  22374
  
 CHARMM>            if ?nsel .gt. 0 then
 RDCMND substituted energy or value "?NSEL" to "0"
 Comparing "0" and "0".
 IF test evaluated as false.  Skip to ELSE or ENDIF
  
 CHARMM>     
  
 CHARMM>            ! check if the ions are too close to solute
  
 CHARMM>            coor dist cut 4.0 sele target end sele JUNK .and. .not. hydrogen end image
 SELRPN>      1 atoms have been selected out of  34208
 SELRPN>      0 atoms have been selected out of  34208

            DISTANCES FOR SELECTED ATOMS
            ONLY ONE SELECTION SET SPECIFIED, A COMPARISON WILL BE DONE
 TOTAL EXCLUSION COUNT =         0
 TOTAL 1-4 EXCLUSIONS  =         0
 TOTAL NON-EXCLUSIONS  =         0
  
 CHARMM>            if ?npair .gt. 0 goto doinit
 RDCMND substituted energy or value "?NPAIR" to "0"
 Comparing "0" and "0".
 IF test evaluated as false.  Skipping command
  
 CHARMM>     
  
 CHARMM>            calc cntrand = 0
Evaluating: 0
 Parameter: CNTRAND <- "0"
  
 CHARMM>            increase i by 1
 Parameter: I <- "43"
  
 CHARMM>            if i .le. @nion goto doinit
 Parameter: NION -> "54"
 Comparing "43" and "54".
 IF test evaluated as true.  Performing command
  
 CHARMM>     
  
 CHARMM>            calc cntrand = @cntrand + 1
 Parameter: CNTRAND -> "0"
Evaluating: 0+1
 Parameter: CNTRAND <- "1"
  
 CHARMM>            if cntrand .gt. 100 stop ! ABNORMAL TERMINATION: ion placing may not work.. stop here
 Comparing "1" and "100".
 IF test evaluated as false.  Skipping command
  
 CHARMM>     
  
 CHARMM>            calc j = @i
 Parameter: I -> "43"
Evaluating: 43
 Parameter: J <- "43"
  
 CHARMM>            set ion = POS
 Parameter: ION <- "POS"
  
 CHARMM>     
  
 CHARMM>            if j .gt. @npos then
 Parameter: NPOS -> "37"
 Comparing "43" and "37".
 IF test evaluated as true.  Performing command
  
 CHARMM>               set ion = NEG
 Parameter: ION <- "NEG"
  
 CHARMM>               calc j  = @j - @npos
 Parameter: J -> "43"
 Parameter: NPOS -> "37"
Evaluating: 43-37
 Parameter: J <- "6"
  
 CHARMM>            endif
  
 CHARMM>     
  
 CHARMM>            define target select segid @ion .and. resid @j end
 Parameter: ION -> "NEG"
 Parameter: J -> "6"
 SELRPN>      1 atoms have been selected out of  22374
  
 CHARMM>     
  
 CHARMM>            calc xpos = @A * ( ?random - 0.5 )
 Parameter: A -> "73.4166194"
 RDCMND substituted energy or value "?RANDOM" to "5.732847759E-02"
Evaluating: 73.4166194*(5.732847759E-02-0.5)
 Parameter: XPOS <- "-32.4994467"
  
 CHARMM>            calc ypos = @B * ( ?random - 0.5 )
 Parameter: B -> "73.4166194"
 RDCMND substituted energy or value "?RANDOM" to "0.577787632"
Evaluating: 73.4166194*(0.577787632-0.5)
 Parameter: YPOS <- "5.71090497"
  
 CHARMM>            calc zpos = @C * ( ?random - 0.5 ) + @zcen
 Parameter: C -> "85"
 Parameter: ZCEN -> "0"
 RDCMND substituted energy or value "?RANDOM" to "0.461591372"
Evaluating: 85*(0.461591372-0.5)+0
 Parameter: ZPOS <- "-3.26473338"
  
 CHARMM>     
  
 CHARMM>            if zpos .gt. -15 if zpos .lt. 15 goto doinit
 Comparing "-3.26473338" and "-15".
 IF test evaluated as true.  Performing command
 Comparing "-3.26473338" and "15".
 IF test evaluated as true.  Performing command
  
 CHARMM>     
  
 CHARMM>            calc cntrand = @cntrand + 1
 Parameter: CNTRAND -> "1"
Evaluating: 1+1
 Parameter: CNTRAND <- "2"
  
 CHARMM>            if cntrand .gt. 100 stop ! ABNORMAL TERMINATION: ion placing may not work.. stop here
 Comparing "2" and "100".
 IF test evaluated as false.  Skipping command
  
 CHARMM>     
  
 CHARMM>            calc j = @i
 Parameter: I -> "43"
Evaluating: 43
 Parameter: J <- "43"
  
 CHARMM>            set ion = POS
 Parameter: ION <- "POS"
  
 CHARMM>     
  
 CHARMM>            if j .gt. @npos then
 Parameter: NPOS -> "37"
 Comparing "43" and "37".
 IF test evaluated as true.  Performing command
  
 CHARMM>               set ion = NEG
 Parameter: ION <- "NEG"
  
 CHARMM>               calc j  = @j - @npos
 Parameter: J -> "43"
 Parameter: NPOS -> "37"
Evaluating: 43-37
 Parameter: J <- "6"
  
 CHARMM>            endif
  
 CHARMM>     
  
 CHARMM>            define target select segid @ion .and. resid @j end
 Parameter: ION -> "NEG"
 Parameter: J -> "6"
 SELRPN>      1 atoms have been selected out of  22374
  
 CHARMM>     
  
 CHARMM>            calc xpos = @A * ( ?random - 0.5 )
 Parameter: A -> "73.4166194"
 RDCMND substituted energy or value "?RANDOM" to "0.248664838"
Evaluating: 73.4166194*(0.248664838-0.5)
 Parameter: XPOS <- "-18.4521779"
  
 CHARMM>            calc ypos = @B * ( ?random - 0.5 )
 Parameter: B -> "73.4166194"
 RDCMND substituted energy or value "?RANDOM" to "0.502132971"
Evaluating: 73.4166194*(0.502132971-0.5)
 Parameter: YPOS <- "0.15659552"
  
 CHARMM>            calc zpos = @C * ( ?random - 0.5 ) + @zcen
 Parameter: C -> "85"
 Parameter: ZCEN -> "0"
 RDCMND substituted energy or value "?RANDOM" to "0.632568135"
Evaluating: 85*(0.632568135-0.5)+0
 Parameter: ZPOS <- "11.2682915"
  
 CHARMM>     
  
 CHARMM>            if zpos .gt. -15 if zpos .lt. 15 goto doinit
 Comparing "11.2682915" and "-15".
 IF test evaluated as true.  Performing command
 Comparing "11.2682915" and "15".
 IF test evaluated as true.  Performing command
  
 CHARMM>     
  
 CHARMM>            calc cntrand = @cntrand + 1
 Parameter: CNTRAND -> "2"
Evaluating: 2+1
 Parameter: CNTRAND <- "3"
  
 CHARMM>            if cntrand .gt. 100 stop ! ABNORMAL TERMINATION: ion placing may not work.. stop here
 Comparing "3" and "100".
 IF test evaluated as false.  Skipping command
  
 CHARMM>     
  
 CHARMM>            calc j = @i
 Parameter: I -> "43"
Evaluating: 43
 Parameter: J <- "43"
  
 CHARMM>            set ion = POS
 Parameter: ION <- "POS"
  
 CHARMM>     
  
 CHARMM>            if j .gt. @npos then
 Parameter: NPOS -> "37"
 Comparing "43" and "37".
 IF test evaluated as true.  Performing command
  
 CHARMM>               set ion = NEG
 Parameter: ION <- "NEG"
  
 CHARMM>               calc j  = @j - @npos
 Parameter: J -> "43"
 Parameter: NPOS -> "37"
Evaluating: 43-37
 Parameter: J <- "6"
  
 CHARMM>            endif
  
 CHARMM>     
  
 CHARMM>            define target select segid @ion .and. resid @j end
 Parameter: ION -> "NEG"
 Parameter: J -> "6"
 SELRPN>      1 atoms have been selected out of  22374
  
 CHARMM>     
  
 CHARMM>            calc xpos = @A * ( ?random - 0.5 )
 Parameter: A -> "73.4166194"
 RDCMND substituted energy or value "?RANDOM" to "0.76282932"
Evaluating: 73.4166194*(0.76282932-0.5)
 Parameter: XPOS <- "19.2960402"
  
 CHARMM>            calc ypos = @B * ( ?random - 0.5 )
 Parameter: B -> "73.4166194"
 RDCMND substituted energy or value "?RANDOM" to "0.361922316"
Evaluating: 73.4166194*(0.361922316-0.5)
 Parameter: YPOS <- "-10.1371968"
  
 CHARMM>            calc zpos = @C * ( ?random - 0.5 ) + @zcen
 Parameter: C -> "85"
 Parameter: ZCEN -> "0"
 RDCMND substituted energy or value "?RANDOM" to "0.563260429"
Evaluating: 85*(0.563260429-0.5)+0
 Parameter: ZPOS <- "5.37713647"
  
 CHARMM>     
  
 CHARMM>            if zpos .gt. -15 if zpos .lt. 15 goto doinit
 Comparing "5.37713647" and "-15".
 IF test evaluated as true.  Performing command
 Comparing "5.37713647" and "15".
 IF test evaluated as true.  Performing command
  
 CHARMM>     
  
 CHARMM>            calc cntrand = @cntrand + 1
 Parameter: CNTRAND -> "3"
Evaluating: 3+1
 Parameter: CNTRAND <- "4"
  
 CHARMM>            if cntrand .gt. 100 stop ! ABNORMAL TERMINATION: ion placing may not work.. stop here
 Comparing "4" and "100".
 IF test evaluated as false.  Skipping command
  
 CHARMM>     
  
 CHARMM>            calc j = @i
 Parameter: I -> "43"
Evaluating: 43
 Parameter: J <- "43"
  
 CHARMM>            set ion = POS
 Parameter: ION <- "POS"
  
 CHARMM>     
  
 CHARMM>            if j .gt. @npos then
 Parameter: NPOS -> "37"
 Comparing "43" and "37".
 IF test evaluated as true.  Performing command
  
 CHARMM>               set ion = NEG
 Parameter: ION <- "NEG"
  
 CHARMM>               calc j  = @j - @npos
 Parameter: J -> "43"
 Parameter: NPOS -> "37"
Evaluating: 43-37
 Parameter: J <- "6"
  
 CHARMM>            endif
  
 CHARMM>     
  
 CHARMM>            define target select segid @ion .and. resid @j end
 Parameter: ION -> "NEG"
 Parameter: J -> "6"
 SELRPN>      1 atoms have been selected out of  22374
  
 CHARMM>     
  
 CHARMM>            calc xpos = @A * ( ?random - 0.5 )
 Parameter: A -> "73.4166194"
 RDCMND substituted energy or value "?RANDOM" to "0.66474247"
Evaluating: 73.4166194*(0.66474247-0.5)
 Parameter: XPOS <- "12.0948352"
  
 CHARMM>            calc ypos = @B * ( ?random - 0.5 )
 Parameter: B -> "73.4166194"
 RDCMND substituted energy or value "?RANDOM" to "0.827392582"
Evaluating: 73.4166194*(0.827392582-0.5)
 Parameter: YPOS <- "24.0360566"
  
 CHARMM>            calc zpos = @C * ( ?random - 0.5 ) + @zcen
 Parameter: C -> "85"
 Parameter: ZCEN -> "0"
 RDCMND substituted energy or value "?RANDOM" to "2.50328649E-02"
Evaluating: 85*(2.50328649E-02-0.5)+0
 Parameter: ZPOS <- "-40.3722065"
  
 CHARMM>     
  
 CHARMM>            if zpos .gt. -15 if zpos .lt. 15 goto doinit
 Comparing "-40.3722065" and "-15".
 IF test evaluated as false.  Skipping command
  
 CHARMM>     
  
 CHARMM>            ! move target to selected position
  
 CHARMM>            coor stat select target end
 SELRPN>      1 atoms have been selected out of  22374
 STATISTICS FOR         1 SELECTED ATOMS:
    XMIN =    0.000000 XMAX =    0.000000 XAVE =    0.000000
    YMIN =    0.000000 YMAX =    0.000000 YAVE =    0.000000
    ZMIN =    0.000000 ZMAX =    0.000000 ZAVE =    0.000000
    WMIN =   -1.000000 WMAX =   -1.000000 WAVE =   -1.000000
  
 CHARMM>            calc xtran = @xpos - ?xave
 Parameter: XPOS -> "12.0948352"
 RDCMND substituted energy or value "?XAVE" to "0"
Evaluating: 12.0948352-0
 Parameter: XTRAN <- "12.0948352"
  
 CHARMM>            calc ytran = @ypos - ?yave
 Parameter: YPOS -> "24.0360566"
 RDCMND substituted energy or value "?YAVE" to "0"
Evaluating: 24.0360566-0
 Parameter: YTRAN <- "24.0360566"
  
 CHARMM>            calc ztran = @zpos - ?zave
 Parameter: ZPOS -> "-40.3722065"
 RDCMND substituted energy or value "?ZAVE" to "0"
Evaluating: -40.3722065-0
 Parameter: ZTRAN <- "-40.3722065"
  
 CHARMM>            coor trans xdir @xtran ydir @ytran zdir @ztran select target end
 Parameter: XTRAN -> "12.0948352"
 Parameter: YTRAN -> "24.0360566"
 Parameter: ZTRAN -> "-40.3722065"
 SELRPN>      1 atoms have been selected out of  22374
 TRANSLATION VECTOR    12.094835   24.036057  -40.372206
 SELECTED COORDINATES TRANSLATED IN THE MAIN SET.

  
 CHARMM>     
  
 CHARMM>            ! apply a random rotation along XYZ
  
 CHARMM>            calc xphi = ?random * 360.0
 RDCMND substituted energy or value "?RANDOM" to "0.445917039"
Evaluating: 0.445917039*360.0
 Parameter: XPHI <- "160.530134"
  
 CHARMM>            calc yphi = ?random * 360.0
 RDCMND substituted energy or value "?RANDOM" to "0.623807508"
Evaluating: 0.623807508*360.0
 Parameter: YPHI <- "224.570703"
  
 CHARMM>            calc zphi = ?random * 360.0
 RDCMND substituted energy or value "?RANDOM" to "0.318979437"
Evaluating: 0.318979437*360.0
 Parameter: ZPHI <- "114.832597"
  
 CHARMM>            coor rotate xcen @xpos ycen @ypos zcen @zpos xdir 1.0 -
 CHARMM>                phi @xphi select target end
 Parameter: XPOS -> "12.0948352"
 Parameter: YPOS -> "24.0360566"
 Parameter: ZPOS -> "-40.3722065"
 Parameter: XPHI -> "160.530134"
 SELRPN>      1 atoms have been selected out of  22374
 ROTATION MATRIX
    1.000000    0.000000    0.000000
    0.000000   -0.942817    0.333311
    0.000000   -0.333311   -0.942817

 AXIS OF ROTATION IS  1.000000  0.000000  0.000000  ANGLE IS  160.53

 SELECTED COORDINATES ROTATED IN THE MAIN SET.

  
 CHARMM>            coor rotate xcen @xpos ycen @ypos zcen @zpos ydir 1.0 -
 CHARMM>                phi @yphi select target end
 Parameter: XPOS -> "12.0948352"
 Parameter: YPOS -> "24.0360566"
 Parameter: ZPOS -> "-40.3722065"
 Parameter: YPHI -> "224.570703"
 SELRPN>      1 atoms have been selected out of  22374
 ROTATION MATRIX
   -0.712385    0.000000    0.701789
    0.000000    1.000000    0.000000
   -0.701789    0.000000   -0.712385

 AXIS OF ROTATION IS  0.000000 -1.000000  0.000000  ANGLE IS  135.43

 SELECTED COORDINATES ROTATED IN THE MAIN SET.

  
 CHARMM>            coor rotate xcen @xpos ycen @ypos zcen @zpos zdir 1.0 -
 CHARMM>                phi @zphi select target end
 Parameter: XPOS -> "12.0948352"
 Parameter: YPOS -> "24.0360566"
 Parameter: ZPOS -> "-40.3722065"
 Parameter: ZPHI -> "114.832597"
 SELRPN>      1 atoms have been selected out of  22374
 ROTATION MATRIX
   -0.419968    0.907539    0.000000
   -0.907539   -0.419968    0.000000
    0.000000    0.000000    1.000000

 AXIS OF ROTATION IS  0.000000  0.000000  1.000000  ANGLE IS  114.83

 SELECTED COORDINATES ROTATED IN THE MAIN SET.

  
 CHARMM>     
  
 CHARMM>     
  
 CHARMM>            calc dcut = 3.5
Evaluating: 3.5
 Parameter: DCUT <- "3.5"
  
 CHARMM>     
  
 CHARMM>            coor stat sele target end
 SELRPN>      1 atoms have been selected out of  22374
 STATISTICS FOR         1 SELECTED ATOMS:
    XMIN =   12.094835 XMAX =   12.094835 XAVE =   12.094835
    YMIN =   24.036057 YMAX =   24.036057 YAVE =   24.036057
    ZMIN =  -40.372206 ZMAX =  -40.372206 ZAVE =  -40.372206
    WMIN =   -1.000000 WMAX =   -1.000000 WAVE =   -1.000000
  
 CHARMM>            calc xmax = ?xmax + @dcut
 Parameter: DCUT -> "3.5"
 RDCMND substituted energy or value "?XMAX" to "12.0948352"
Evaluating: 12.0948352+3.5
 Parameter: XMAX <- "15.5948352"
  
 CHARMM>            calc ymax = ?ymax + @dcut
 Parameter: DCUT -> "3.5"
 RDCMND substituted energy or value "?YMAX" to "24.0360566"
Evaluating: 24.0360566+3.5
 Parameter: YMAX <- "27.5360566"
  
 CHARMM>            calc zmax = ?zmax + @dcut
 Parameter: DCUT -> "3.5"
 RDCMND substituted energy or value "?ZMAX" to "-40.3722065"
Evaluating: -40.3722065+3.5
 Parameter: ZMAX <- "-36.8722065"
  
 CHARMM>            calc xmin = ?xmin - @dcut
 Parameter: DCUT -> "3.5"
 RDCMND substituted energy or value "?XMIN" to "12.0948352"
Evaluating: 12.0948352-3.5
 Parameter: XMIN <- "8.5948352"
  
 CHARMM>            calc ymin = ?ymin - @dcut
 Parameter: DCUT -> "3.5"
 RDCMND substituted energy or value "?YMIN" to "24.0360566"
Evaluating: 24.0360566-3.5
 Parameter: YMIN <- "20.5360566"
  
 CHARMM>            calc zmin = ?zmin - @dcut
 Parameter: DCUT -> "3.5"
 RDCMND substituted energy or value "?ZMIN" to "-40.3722065"
Evaluating: -40.3722065-3.5
 Parameter: ZMIN <- "-43.8722065"
  
 CHARMM>     
  
 CHARMM>            define JUNK sele .not. target .and. -
 CHARMM>                             prop X .lt. @xmax .and. prop X .gt. @xmin .and. -
 CHARMM>                             prop Y .lt. @ymax .and. prop Y .gt. @ymin .and. -
 CHARMM>                             prop Z .lt. @zmax .and. prop Z .gt. @zmin  end
 Parameter: XMAX -> "15.5948352"
 Parameter: XMIN -> "8.5948352"
 Parameter: YMAX -> "27.5360566"
 Parameter: YMIN -> "20.5360566"
 Parameter: ZMAX -> "-36.8722065"
 Parameter: ZMIN -> "-43.8722065"
 SELRPN>      0 atoms have been selected out of  22374
  
 CHARMM>     
  
 CHARMM>            ! check if the ions are too close to protein
  
 CHARMM>            define XXX sele PROT end
 SELRPN>      0 atoms have been selected out of  22374
  
 CHARMM>            if ?nsel .gt. 0 then
 RDCMND substituted energy or value "?NSEL" to "0"
 Comparing "0" and "0".
 IF test evaluated as false.  Skip to ELSE or ENDIF
  
 CHARMM>     
  
 CHARMM>            ! check if the ions are too close to solute
  
 CHARMM>            coor dist cut 4.0 sele target end sele JUNK .and. .not. hydrogen end image
 SELRPN>      1 atoms have been selected out of  34208
 SELRPN>      0 atoms have been selected out of  34208

            DISTANCES FOR SELECTED ATOMS
            ONLY ONE SELECTION SET SPECIFIED, A COMPARISON WILL BE DONE
 TOTAL EXCLUSION COUNT =         0
 TOTAL 1-4 EXCLUSIONS  =         0
 TOTAL NON-EXCLUSIONS  =         0
  
 CHARMM>            if ?npair .gt. 0 goto doinit
 RDCMND substituted energy or value "?NPAIR" to "0"
 Comparing "0" and "0".
 IF test evaluated as false.  Skipping command
  
 CHARMM>     
  
 CHARMM>            calc cntrand = 0
Evaluating: 0
 Parameter: CNTRAND <- "0"
  
 CHARMM>            increase i by 1
 Parameter: I <- "44"
  
 CHARMM>            if i .le. @nion goto doinit
 Parameter: NION -> "54"
 Comparing "44" and "54".
 IF test evaluated as true.  Performing command
  
 CHARMM>     
  
 CHARMM>            calc cntrand = @cntrand + 1
 Parameter: CNTRAND -> "0"
Evaluating: 0+1
 Parameter: CNTRAND <- "1"
  
 CHARMM>            if cntrand .gt. 100 stop ! ABNORMAL TERMINATION: ion placing may not work.. stop here
 Comparing "1" and "100".
 IF test evaluated as false.  Skipping command
  
 CHARMM>     
  
 CHARMM>            calc j = @i
 Parameter: I -> "44"
Evaluating: 44
 Parameter: J <- "44"
  
 CHARMM>            set ion = POS
 Parameter: ION <- "POS"
  
 CHARMM>     
  
 CHARMM>            if j .gt. @npos then
 Parameter: NPOS -> "37"
 Comparing "44" and "37".
 IF test evaluated as true.  Performing command
  
 CHARMM>               set ion = NEG
 Parameter: ION <- "NEG"
  
 CHARMM>               calc j  = @j - @npos
 Parameter: J -> "44"
 Parameter: NPOS -> "37"
Evaluating: 44-37
 Parameter: J <- "7"
  
 CHARMM>            endif
  
 CHARMM>     
  
 CHARMM>            define target select segid @ion .and. resid @j end
 Parameter: ION -> "NEG"
 Parameter: J -> "7"
 SELRPN>      1 atoms have been selected out of  22374
  
 CHARMM>     
  
 CHARMM>            calc xpos = @A * ( ?random - 0.5 )
 Parameter: A -> "73.4166194"
 RDCMND substituted energy or value "?RANDOM" to "0.581456579"
Evaluating: 73.4166194*(0.581456579-0.5)
 Parameter: XPOS <- "5.98026666"
  
 CHARMM>            calc ypos = @B * ( ?random - 0.5 )
 Parameter: B -> "73.4166194"
 RDCMND substituted energy or value "?RANDOM" to "0.189183498"
Evaluating: 73.4166194*(0.189183498-0.5)
 Parameter: YPOS <- "-22.8190968"
  
 CHARMM>            calc zpos = @C * ( ?random - 0.5 ) + @zcen
 Parameter: C -> "85"
 Parameter: ZCEN -> "0"
 RDCMND substituted energy or value "?RANDOM" to "0.917784187"
Evaluating: 85*(0.917784187-0.5)+0
 Parameter: ZPOS <- "35.5116559"
  
 CHARMM>     
  
 CHARMM>            if zpos .gt. -15 if zpos .lt. 15 goto doinit
 Comparing "35.5116559" and "-15".
 IF test evaluated as true.  Performing command
 Comparing "35.5116559" and "15".
 IF test evaluated as false.  Skipping command
  
 CHARMM>     
  
 CHARMM>            ! move target to selected position
  
 CHARMM>            coor stat select target end
 SELRPN>      1 atoms have been selected out of  22374
 STATISTICS FOR         1 SELECTED ATOMS:
    XMIN =    0.000000 XMAX =    0.000000 XAVE =    0.000000
    YMIN =    0.000000 YMAX =    0.000000 YAVE =    0.000000
    ZMIN =    0.000000 ZMAX =    0.000000 ZAVE =    0.000000
    WMIN =   -1.000000 WMAX =   -1.000000 WAVE =   -1.000000
  
 CHARMM>            calc xtran = @xpos - ?xave
 Parameter: XPOS -> "5.98026666"
 RDCMND substituted energy or value "?XAVE" to "0"
Evaluating: 5.98026666-0
 Parameter: XTRAN <- "5.98026666"
  
 CHARMM>            calc ytran = @ypos - ?yave
 Parameter: YPOS -> "-22.8190968"
 RDCMND substituted energy or value "?YAVE" to "0"
Evaluating: -22.8190968-0
 Parameter: YTRAN <- "-22.8190968"
  
 CHARMM>            calc ztran = @zpos - ?zave
 Parameter: ZPOS -> "35.5116559"
 RDCMND substituted energy or value "?ZAVE" to "0"
Evaluating: 35.5116559-0
 Parameter: ZTRAN <- "35.5116559"
  
 CHARMM>            coor trans xdir @xtran ydir @ytran zdir @ztran select target end
 Parameter: XTRAN -> "5.98026666"
 Parameter: YTRAN -> "-22.8190968"
 Parameter: ZTRAN -> "35.5116559"
 SELRPN>      1 atoms have been selected out of  22374
 TRANSLATION VECTOR     5.980267  -22.819097   35.511656
 SELECTED COORDINATES TRANSLATED IN THE MAIN SET.

  
 CHARMM>     
  
 CHARMM>            ! apply a random rotation along XYZ
  
 CHARMM>            calc xphi = ?random * 360.0
 RDCMND substituted energy or value "?RANDOM" to "0.617952978"
Evaluating: 0.617952978*360.0
 Parameter: XPHI <- "222.463072"
  
 CHARMM>            calc yphi = ?random * 360.0
 RDCMND substituted energy or value "?RANDOM" to "0.149251556"
Evaluating: 0.149251556*360.0
 Parameter: YPHI <- "53.7305602"
  
 CHARMM>            calc zphi = ?random * 360.0
 RDCMND substituted energy or value "?RANDOM" to "0.196988036"
Evaluating: 0.196988036*360.0
 Parameter: ZPHI <- "70.915693"
  
 CHARMM>            coor rotate xcen @xpos ycen @ypos zcen @zpos xdir 1.0 -
 CHARMM>                phi @xphi select target end
 Parameter: XPOS -> "5.98026666"
 Parameter: YPOS -> "-22.8190968"
 Parameter: ZPOS -> "35.5116559"
 Parameter: XPHI -> "222.463072"
 SELRPN>      1 atoms have been selected out of  22374
 ROTATION MATRIX
    1.000000    0.000000    0.000000
    0.000000   -0.737713   -0.675115
    0.000000    0.675115   -0.737713

 AXIS OF ROTATION IS -1.000000  0.000000  0.000000  ANGLE IS  137.54

 SELECTED COORDINATES ROTATED IN THE MAIN SET.

  
 CHARMM>            coor rotate xcen @xpos ycen @ypos zcen @zpos ydir 1.0 -
 CHARMM>                phi @yphi select target end
 Parameter: XPOS -> "5.98026666"
 Parameter: YPOS -> "-22.8190968"
 Parameter: ZPOS -> "35.5116559"
 Parameter: YPHI -> "53.7305602"
 SELRPN>      1 atoms have been selected out of  22374
 ROTATION MATRIX
    0.591583    0.000000   -0.806244
    0.000000    1.000000    0.000000
    0.806244    0.000000    0.591583

 AXIS OF ROTATION IS  0.000000  1.000000  0.000000  ANGLE IS   53.73

 SELECTED COORDINATES ROTATED IN THE MAIN SET.

  
 CHARMM>            coor rotate xcen @xpos ycen @ypos zcen @zpos zdir 1.0 -
 CHARMM>                phi @zphi select target end
 Parameter: XPOS -> "5.98026666"
 Parameter: YPOS -> "-22.8190968"
 Parameter: ZPOS -> "35.5116559"
 Parameter: ZPHI -> "70.915693"
 SELRPN>      1 atoms have been selected out of  22374
 ROTATION MATRIX
    0.326959    0.945038    0.000000
   -0.945038    0.326959    0.000000
    0.000000    0.000000    1.000000

 AXIS OF ROTATION IS  0.000000  0.000000  1.000000  ANGLE IS   70.92

 SELECTED COORDINATES ROTATED IN THE MAIN SET.

  
 CHARMM>     
  
 CHARMM>     
  
 CHARMM>            calc dcut = 3.5
Evaluating: 3.5
 Parameter: DCUT <- "3.5"
  
 CHARMM>     
  
 CHARMM>            coor stat sele target end
 SELRPN>      1 atoms have been selected out of  22374
 STATISTICS FOR         1 SELECTED ATOMS:
    XMIN =    5.980267 XMAX =    5.980267 XAVE =    5.980267
    YMIN =  -22.819097 YMAX =  -22.819097 YAVE =  -22.819097
    ZMIN =   35.511656 ZMAX =   35.511656 ZAVE =   35.511656
    WMIN =   -1.000000 WMAX =   -1.000000 WAVE =   -1.000000
  
 CHARMM>            calc xmax = ?xmax + @dcut
 Parameter: DCUT -> "3.5"
 RDCMND substituted energy or value "?XMAX" to "5.98026666"
Evaluating: 5.98026666+3.5
 Parameter: XMAX <- "9.48026666"
  
 CHARMM>            calc ymax = ?ymax + @dcut
 Parameter: DCUT -> "3.5"
 RDCMND substituted energy or value "?YMAX" to "-22.8190968"
Evaluating: -22.8190968+3.5
 Parameter: YMAX <- "-19.3190968"
  
 CHARMM>            calc zmax = ?zmax + @dcut
 Parameter: DCUT -> "3.5"
 RDCMND substituted energy or value "?ZMAX" to "35.5116559"
Evaluating: 35.5116559+3.5
 Parameter: ZMAX <- "39.0116559"
  
 CHARMM>            calc xmin = ?xmin - @dcut
 Parameter: DCUT -> "3.5"
 RDCMND substituted energy or value "?XMIN" to "5.98026666"
Evaluating: 5.98026666-3.5
 Parameter: XMIN <- "2.48026666"
  
 CHARMM>            calc ymin = ?ymin - @dcut
 Parameter: DCUT -> "3.5"
 RDCMND substituted energy or value "?YMIN" to "-22.8190968"
Evaluating: -22.8190968-3.5
 Parameter: YMIN <- "-26.3190968"
  
 CHARMM>            calc zmin = ?zmin - @dcut
 Parameter: DCUT -> "3.5"
 RDCMND substituted energy or value "?ZMIN" to "35.5116559"
Evaluating: 35.5116559-3.5
 Parameter: ZMIN <- "32.0116559"
  
 CHARMM>     
  
 CHARMM>            define JUNK sele .not. target .and. -
 CHARMM>                             prop X .lt. @xmax .and. prop X .gt. @xmin .and. -
 CHARMM>                             prop Y .lt. @ymax .and. prop Y .gt. @ymin .and. -
 CHARMM>                             prop Z .lt. @zmax .and. prop Z .gt. @zmin  end
 Parameter: XMAX -> "9.48026666"
 Parameter: XMIN -> "2.48026666"
 Parameter: YMAX -> "-19.3190968"
 Parameter: YMIN -> "-26.3190968"
 Parameter: ZMAX -> "39.0116559"
 Parameter: ZMIN -> "32.0116559"
 SELRPN>      0 atoms have been selected out of  22374
  
 CHARMM>     
  
 CHARMM>            ! check if the ions are too close to protein
  
 CHARMM>            define XXX sele PROT end
 SELRPN>      0 atoms have been selected out of  22374
  
 CHARMM>            if ?nsel .gt. 0 then
 RDCMND substituted energy or value "?NSEL" to "0"
 Comparing "0" and "0".
 IF test evaluated as false.  Skip to ELSE or ENDIF
  
 CHARMM>     
  
 CHARMM>            ! check if the ions are too close to solute
  
 CHARMM>            coor dist cut 4.0 sele target end sele JUNK .and. .not. hydrogen end image
 SELRPN>      1 atoms have been selected out of  34208
 SELRPN>      0 atoms have been selected out of  34208

            DISTANCES FOR SELECTED ATOMS
            ONLY ONE SELECTION SET SPECIFIED, A COMPARISON WILL BE DONE
 TOTAL EXCLUSION COUNT =         0
 TOTAL 1-4 EXCLUSIONS  =         0
 TOTAL NON-EXCLUSIONS  =         0
  
 CHARMM>            if ?npair .gt. 0 goto doinit
 RDCMND substituted energy or value "?NPAIR" to "0"
 Comparing "0" and "0".
 IF test evaluated as false.  Skipping command
  
 CHARMM>     
  
 CHARMM>            calc cntrand = 0
Evaluating: 0
 Parameter: CNTRAND <- "0"
  
 CHARMM>            increase i by 1
 Parameter: I <- "45"
  
 CHARMM>            if i .le. @nion goto doinit
 Parameter: NION -> "54"
 Comparing "45" and "54".
 IF test evaluated as true.  Performing command
  
 CHARMM>     
  
 CHARMM>            calc cntrand = @cntrand + 1
 Parameter: CNTRAND -> "0"
Evaluating: 0+1
 Parameter: CNTRAND <- "1"
  
 CHARMM>            if cntrand .gt. 100 stop ! ABNORMAL TERMINATION: ion placing may not work.. stop here
 Comparing "1" and "100".
 IF test evaluated as false.  Skipping command
  
 CHARMM>     
  
 CHARMM>            calc j = @i
 Parameter: I -> "45"
Evaluating: 45
 Parameter: J <- "45"
  
 CHARMM>            set ion = POS
 Parameter: ION <- "POS"
  
 CHARMM>     
  
 CHARMM>            if j .gt. @npos then
 Parameter: NPOS -> "37"
 Comparing "45" and "37".
 IF test evaluated as true.  Performing command
  
 CHARMM>               set ion = NEG
 Parameter: ION <- "NEG"
  
 CHARMM>               calc j  = @j - @npos
 Parameter: J -> "45"
 Parameter: NPOS -> "37"
Evaluating: 45-37
 Parameter: J <- "8"
  
 CHARMM>            endif
  
 CHARMM>     
  
 CHARMM>            define target select segid @ion .and. resid @j end
 Parameter: ION -> "NEG"
 Parameter: J -> "8"
 SELRPN>      1 atoms have been selected out of  22374
  
 CHARMM>     
  
 CHARMM>            calc xpos = @A * ( ?random - 0.5 )
 Parameter: A -> "73.4166194"
 RDCMND substituted energy or value "?RANDOM" to "0.220120997"
Evaluating: 73.4166194*(0.220120997-0.5)
 Parameter: XPOS <- "-20.5477702"
  
 CHARMM>            calc ypos = @B * ( ?random - 0.5 )
 Parameter: B -> "73.4166194"
 RDCMND substituted energy or value "?RANDOM" to "0.185982243"
Evaluating: 73.4166194*(0.185982243-0.5)
 Parameter: YPOS <- "-23.0541222"
  
 CHARMM>            calc zpos = @C * ( ?random - 0.5 ) + @zcen
 Parameter: C -> "85"
 Parameter: ZCEN -> "0"
 RDCMND substituted energy or value "?RANDOM" to "0.323771339"
Evaluating: 85*(0.323771339-0.5)+0
 Parameter: ZPOS <- "-14.9794362"
  
 CHARMM>     
  
 CHARMM>            if zpos .gt. -15 if zpos .lt. 15 goto doinit
 Comparing "-14.9794362" and "-15".
 IF test evaluated as true.  Performing command
 Comparing "-14.9794362" and "15".
 IF test evaluated as true.  Performing command
  
 CHARMM>     
  
 CHARMM>            calc cntrand = @cntrand + 1
 Parameter: CNTRAND -> "1"
Evaluating: 1+1
 Parameter: CNTRAND <- "2"
  
 CHARMM>            if cntrand .gt. 100 stop ! ABNORMAL TERMINATION: ion placing may not work.. stop here
 Comparing "2" and "100".
 IF test evaluated as false.  Skipping command
  
 CHARMM>     
  
 CHARMM>            calc j = @i
 Parameter: I -> "45"
Evaluating: 45
 Parameter: J <- "45"
  
 CHARMM>            set ion = POS
 Parameter: ION <- "POS"
  
 CHARMM>     
  
 CHARMM>            if j .gt. @npos then
 Parameter: NPOS -> "37"
 Comparing "45" and "37".
 IF test evaluated as true.  Performing command
  
 CHARMM>               set ion = NEG
 Parameter: ION <- "NEG"
  
 CHARMM>               calc j  = @j - @npos
 Parameter: J -> "45"
 Parameter: NPOS -> "37"
Evaluating: 45-37
 Parameter: J <- "8"
  
 CHARMM>            endif
  
 CHARMM>     
  
 CHARMM>            define target select segid @ion .and. resid @j end
 Parameter: ION -> "NEG"
 Parameter: J -> "8"
 SELRPN>      1 atoms have been selected out of  22374
  
 CHARMM>     
  
 CHARMM>            calc xpos = @A * ( ?random - 0.5 )
 Parameter: A -> "73.4166194"
 RDCMND substituted energy or value "?RANDOM" to "0.22410175"
Evaluating: 73.4166194*(0.22410175-0.5)
 Parameter: XPOS <- "-20.2555168"
  
 CHARMM>            calc ypos = @B * ( ?random - 0.5 )
 Parameter: B -> "73.4166194"
 RDCMND substituted energy or value "?RANDOM" to "0.548560216"
Evaluating: 73.4166194*(0.548560216-0.5)
 Parameter: YPOS <- "3.5651269"
  
 CHARMM>            calc zpos = @C * ( ?random - 0.5 ) + @zcen
 Parameter: C -> "85"
 Parameter: ZCEN -> "0"
 RDCMND substituted energy or value "?RANDOM" to "0.185034607"
Evaluating: 85*(0.185034607-0.5)+0
 Parameter: ZPOS <- "-26.7720584"
  
 CHARMM>     
  
 CHARMM>            if zpos .gt. -15 if zpos .lt. 15 goto doinit
 Comparing "-26.7720584" and "-15".
 IF test evaluated as false.  Skipping command
  
 CHARMM>     
  
 CHARMM>            ! move target to selected position
  
 CHARMM>            coor stat select target end
 SELRPN>      1 atoms have been selected out of  22374
 STATISTICS FOR         1 SELECTED ATOMS:
    XMIN =    0.000000 XMAX =    0.000000 XAVE =    0.000000
    YMIN =    0.000000 YMAX =    0.000000 YAVE =    0.000000
    ZMIN =    0.000000 ZMAX =    0.000000 ZAVE =    0.000000
    WMIN =   -1.000000 WMAX =   -1.000000 WAVE =   -1.000000
  
 CHARMM>            calc xtran = @xpos - ?xave
 Parameter: XPOS -> "-20.2555168"
 RDCMND substituted energy or value "?XAVE" to "0"
Evaluating: -20.2555168-0
 Parameter: XTRAN <- "-20.2555168"
  
 CHARMM>            calc ytran = @ypos - ?yave
 Parameter: YPOS -> "3.5651269"
 RDCMND substituted energy or value "?YAVE" to "0"
Evaluating: 3.5651269-0
 Parameter: YTRAN <- "3.5651269"
  
 CHARMM>            calc ztran = @zpos - ?zave
 Parameter: ZPOS -> "-26.7720584"
 RDCMND substituted energy or value "?ZAVE" to "0"
Evaluating: -26.7720584-0
 Parameter: ZTRAN <- "-26.7720584"
  
 CHARMM>            coor trans xdir @xtran ydir @ytran zdir @ztran select target end
 Parameter: XTRAN -> "-20.2555168"
 Parameter: YTRAN -> "3.5651269"
 Parameter: ZTRAN -> "-26.7720584"
 SELRPN>      1 atoms have been selected out of  22374
 TRANSLATION VECTOR   -20.255517    3.565127  -26.772058
 SELECTED COORDINATES TRANSLATED IN THE MAIN SET.

  
 CHARMM>     
  
 CHARMM>            ! apply a random rotation along XYZ
  
 CHARMM>            calc xphi = ?random * 360.0
 RDCMND substituted energy or value "?RANDOM" to "0.812575974"
Evaluating: 0.812575974*360.0
 Parameter: XPHI <- "292.527351"
  
 CHARMM>            calc yphi = ?random * 360.0
 RDCMND substituted energy or value "?RANDOM" to "0.975964973"
Evaluating: 0.975964973*360.0
 Parameter: YPHI <- "351.34739"
  
 CHARMM>            calc zphi = ?random * 360.0
 RDCMND substituted energy or value "?RANDOM" to "0.807731992"
Evaluating: 0.807731992*360.0
 Parameter: ZPHI <- "290.783517"
  
 CHARMM>            coor rotate xcen @xpos ycen @ypos zcen @zpos xdir 1.0 -
 CHARMM>                phi @xphi select target end
 Parameter: XPOS -> "-20.2555168"
 Parameter: YPOS -> "3.5651269"
 Parameter: ZPOS -> "-26.7720584"
 Parameter: XPHI -> "292.527351"
 SELRPN>      1 atoms have been selected out of  22374
 ROTATION MATRIX
    1.000000    0.000000    0.000000
    0.000000    0.383124   -0.923697
    0.000000    0.923697    0.383124

 AXIS OF ROTATION IS -1.000000  0.000000  0.000000  ANGLE IS   67.47

 SELECTED COORDINATES ROTATED IN THE MAIN SET.

  
 CHARMM>            coor rotate xcen @xpos ycen @ypos zcen @zpos ydir 1.0 -
 CHARMM>                phi @yphi select target end
 Parameter: XPOS -> "-20.2555168"
 Parameter: YPOS -> "3.5651269"
 Parameter: ZPOS -> "-26.7720584"
 Parameter: YPHI -> "351.34739"
 SELRPN>      1 atoms have been selected out of  22374
 ROTATION MATRIX
    0.988619    0.000000    0.150443
    0.000000    1.000000    0.000000
   -0.150443    0.000000    0.988619

 AXIS OF ROTATION IS  0.000000 -1.000000  0.000000  ANGLE IS    8.65

 SELECTED COORDINATES ROTATED IN THE MAIN SET.

  
 CHARMM>            coor rotate xcen @xpos ycen @ypos zcen @zpos zdir 1.0 -
 CHARMM>                phi @zphi select target end
 Parameter: XPOS -> "-20.2555168"
 Parameter: YPOS -> "3.5651269"
 Parameter: ZPOS -> "-26.7720584"
 Parameter: ZPHI -> "290.783517"
 SELRPN>      1 atoms have been selected out of  22374
 ROTATION MATRIX
    0.354838   -0.934928    0.000000
    0.934928    0.354838    0.000000
    0.000000    0.000000    1.000000

 AXIS OF ROTATION IS  0.000000  0.000000 -1.000000  ANGLE IS   69.22

 SELECTED COORDINATES ROTATED IN THE MAIN SET.

  
 CHARMM>     
  
 CHARMM>     
  
 CHARMM>            calc dcut = 3.5
Evaluating: 3.5
 Parameter: DCUT <- "3.5"
  
 CHARMM>     
  
 CHARMM>            coor stat sele target end
 SELRPN>      1 atoms have been selected out of  22374
 STATISTICS FOR         1 SELECTED ATOMS:
    XMIN =  -20.255517 XMAX =  -20.255517 XAVE =  -20.255517
    YMIN =    3.565127 YMAX =    3.565127 YAVE =    3.565127
    ZMIN =  -26.772058 ZMAX =  -26.772058 ZAVE =  -26.772058
    WMIN =   -1.000000 WMAX =   -1.000000 WAVE =   -1.000000
  
 CHARMM>            calc xmax = ?xmax + @dcut
 Parameter: DCUT -> "3.5"
 RDCMND substituted energy or value "?XMAX" to "-20.2555168"
Evaluating: -20.2555168+3.5
 Parameter: XMAX <- "-16.7555168"
  
 CHARMM>            calc ymax = ?ymax + @dcut
 Parameter: DCUT -> "3.5"
 RDCMND substituted energy or value "?YMAX" to "3.5651269"
Evaluating: 3.5651269+3.5
 Parameter: YMAX <- "7.0651269"
  
 CHARMM>            calc zmax = ?zmax + @dcut
 Parameter: DCUT -> "3.5"
 RDCMND substituted energy or value "?ZMAX" to "-26.7720584"
Evaluating: -26.7720584+3.5
 Parameter: ZMAX <- "-23.2720584"
  
 CHARMM>            calc xmin = ?xmin - @dcut
 Parameter: DCUT -> "3.5"
 RDCMND substituted energy or value "?XMIN" to "-20.2555168"
Evaluating: -20.2555168-3.5
 Parameter: XMIN <- "-23.7555168"
  
 CHARMM>            calc ymin = ?ymin - @dcut
 Parameter: DCUT -> "3.5"
 RDCMND substituted energy or value "?YMIN" to "3.5651269"
Evaluating: 3.5651269-3.5
 Parameter: YMIN <- "6.51269E-02"
  
 CHARMM>            calc zmin = ?zmin - @dcut
 Parameter: DCUT -> "3.5"
 RDCMND substituted energy or value "?ZMIN" to "-26.7720584"
Evaluating: -26.7720584-3.5
 Parameter: ZMIN <- "-30.2720584"
  
 CHARMM>     
  
 CHARMM>            define JUNK sele .not. target .and. -
 CHARMM>                             prop X .lt. @xmax .and. prop X .gt. @xmin .and. -
 CHARMM>                             prop Y .lt. @ymax .and. prop Y .gt. @ymin .and. -
 CHARMM>                             prop Z .lt. @zmax .and. prop Z .gt. @zmin  end
 Parameter: XMAX -> "-16.7555168"
 Parameter: XMIN -> "-23.7555168"
 Parameter: YMAX -> "7.0651269"
 Parameter: YMIN -> "6.51269E-02"
 Parameter: ZMAX -> "-23.2720584"
 Parameter: ZMIN -> "-30.2720584"
 SELRPN>      1 atoms have been selected out of  22374
  
 CHARMM>     
  
 CHARMM>            ! check if the ions are too close to protein
  
 CHARMM>            define XXX sele PROT end
 SELRPN>      0 atoms have been selected out of  22374
  
 CHARMM>            if ?nsel .gt. 0 then
 RDCMND substituted energy or value "?NSEL" to "0"
 Comparing "0" and "0".
 IF test evaluated as false.  Skip to ELSE or ENDIF
  
 CHARMM>     
  
 CHARMM>            ! check if the ions are too close to solute
  
 CHARMM>            coor dist cut 4.0 sele target end sele JUNK .and. .not. hydrogen end image
 SELRPN>      1 atoms have been selected out of  34208
 SELRPN>      0 atoms have been selected out of  34208

            DISTANCES FOR SELECTED ATOMS
            ONLY ONE SELECTION SET SPECIFIED, A COMPARISON WILL BE DONE
 TOTAL EXCLUSION COUNT =         0
 TOTAL 1-4 EXCLUSIONS  =         0
 TOTAL NON-EXCLUSIONS  =         0
  
 CHARMM>            if ?npair .gt. 0 goto doinit
 RDCMND substituted energy or value "?NPAIR" to "0"
 Comparing "0" and "0".
 IF test evaluated as false.  Skipping command
  
 CHARMM>     
  
 CHARMM>            calc cntrand = 0
Evaluating: 0
 Parameter: CNTRAND <- "0"
  
 CHARMM>            increase i by 1
 Parameter: I <- "46"
  
 CHARMM>            if i .le. @nion goto doinit
 Parameter: NION -> "54"
 Comparing "46" and "54".
 IF test evaluated as true.  Performing command
  
 CHARMM>     
  
 CHARMM>            calc cntrand = @cntrand + 1
 Parameter: CNTRAND -> "0"
Evaluating: 0+1
 Parameter: CNTRAND <- "1"
  
 CHARMM>            if cntrand .gt. 100 stop ! ABNORMAL TERMINATION: ion placing may not work.. stop here
 Comparing "1" and "100".
 IF test evaluated as false.  Skipping command
  
 CHARMM>     
  
 CHARMM>            calc j = @i
 Parameter: I -> "46"
Evaluating: 46
 Parameter: J <- "46"
  
 CHARMM>            set ion = POS
 Parameter: ION <- "POS"
  
 CHARMM>     
  
 CHARMM>            if j .gt. @npos then
 Parameter: NPOS -> "37"
 Comparing "46" and "37".
 IF test evaluated as true.  Performing command
  
 CHARMM>               set ion = NEG
 Parameter: ION <- "NEG"
  
 CHARMM>               calc j  = @j - @npos
 Parameter: J -> "46"
 Parameter: NPOS -> "37"
Evaluating: 46-37
 Parameter: J <- "9"
  
 CHARMM>            endif
  
 CHARMM>     
  
 CHARMM>            define target select segid @ion .and. resid @j end
 Parameter: ION -> "NEG"
 Parameter: J -> "9"
 SELRPN>      1 atoms have been selected out of  22374
  
 CHARMM>     
  
 CHARMM>            calc xpos = @A * ( ?random - 0.5 )
 Parameter: A -> "73.4166194"
 RDCMND substituted energy or value "?RANDOM" to "0.617100602"
Evaluating: 73.4166194*(0.617100602-0.5)
 Parameter: XPOS <- "8.59713033"
  
 CHARMM>            calc ypos = @B * ( ?random - 0.5 )
 Parameter: B -> "73.4166194"
 RDCMND substituted energy or value "?RANDOM" to "0.671418608"
Evaluating: 73.4166194*(0.671418608-0.5)
 Parameter: YPOS <- "12.5849747"
  
 CHARMM>            calc zpos = @C * ( ?random - 0.5 ) + @zcen
 Parameter: C -> "85"
 Parameter: ZCEN -> "0"
 RDCMND substituted energy or value "?RANDOM" to "5.549808804E-02"
Evaluating: 85*(5.549808804E-02-0.5)+0
 Parameter: ZPOS <- "-37.7826625"
  
 CHARMM>     
  
 CHARMM>            if zpos .gt. -15 if zpos .lt. 15 goto doinit
 Comparing "-37.7826625" and "-15".
 IF test evaluated as false.  Skipping command
  
 CHARMM>     
  
 CHARMM>            ! move target to selected position
  
 CHARMM>            coor stat select target end
 SELRPN>      1 atoms have been selected out of  22374
 STATISTICS FOR         1 SELECTED ATOMS:
    XMIN =    0.000000 XMAX =    0.000000 XAVE =    0.000000
    YMIN =    0.000000 YMAX =    0.000000 YAVE =    0.000000
    ZMIN =    0.000000 ZMAX =    0.000000 ZAVE =    0.000000
    WMIN =   -1.000000 WMAX =   -1.000000 WAVE =   -1.000000
  
 CHARMM>            calc xtran = @xpos - ?xave
 Parameter: XPOS -> "8.59713033"
 RDCMND substituted energy or value "?XAVE" to "0"
Evaluating: 8.59713033-0
 Parameter: XTRAN <- "8.59713033"
  
 CHARMM>            calc ytran = @ypos - ?yave
 Parameter: YPOS -> "12.5849747"
 RDCMND substituted energy or value "?YAVE" to "0"
Evaluating: 12.5849747-0
 Parameter: YTRAN <- "12.5849747"
  
 CHARMM>            calc ztran = @zpos - ?zave
 Parameter: ZPOS -> "-37.7826625"
 RDCMND substituted energy or value "?ZAVE" to "0"
Evaluating: -37.7826625-0
 Parameter: ZTRAN <- "-37.7826625"
  
 CHARMM>            coor trans xdir @xtran ydir @ytran zdir @ztran select target end
 Parameter: XTRAN -> "8.59713033"
 Parameter: YTRAN -> "12.5849747"
 Parameter: ZTRAN -> "-37.7826625"
 SELRPN>      1 atoms have been selected out of  22374
 TRANSLATION VECTOR     8.597130   12.584975  -37.782663
 SELECTED COORDINATES TRANSLATED IN THE MAIN SET.

  
 CHARMM>     
  
 CHARMM>            ! apply a random rotation along XYZ
  
 CHARMM>            calc xphi = ?random * 360.0
 RDCMND substituted energy or value "?RANDOM" to "0.252224399"
Evaluating: 0.252224399*360.0
 Parameter: XPHI <- "90.8007836"
  
 CHARMM>            calc yphi = ?random * 360.0
 RDCMND substituted energy or value "?RANDOM" to "0.569004751"
Evaluating: 0.569004751*360.0
 Parameter: YPHI <- "204.84171"
  
 CHARMM>            calc zphi = ?random * 360.0
 RDCMND substituted energy or value "?RANDOM" to "0.292296597"
Evaluating: 0.292296597*360.0
 Parameter: ZPHI <- "105.226775"
  
 CHARMM>            coor rotate xcen @xpos ycen @ypos zcen @zpos xdir 1.0 -
 CHARMM>                phi @xphi select target end
 Parameter: XPOS -> "8.59713033"
 Parameter: YPOS -> "12.5849747"
 Parameter: ZPOS -> "-37.7826625"
 Parameter: XPHI -> "90.8007836"
 SELRPN>      1 atoms have been selected out of  22374
 ROTATION MATRIX
    1.000000    0.000000    0.000000
    0.000000   -0.013976    0.999902
    0.000000   -0.999902   -0.013976

 AXIS OF ROTATION IS  1.000000  0.000000  0.000000  ANGLE IS   90.80

 SELECTED COORDINATES ROTATED IN THE MAIN SET.

  
 CHARMM>            coor rotate xcen @xpos ycen @ypos zcen @zpos ydir 1.0 -
 CHARMM>                phi @yphi select target end
 Parameter: XPOS -> "8.59713033"
 Parameter: YPOS -> "12.5849747"
 Parameter: ZPOS -> "-37.7826625"
 Parameter: YPHI -> "204.84171"
 SELRPN>      1 atoms have been selected out of  22374
 ROTATION MATRIX
   -0.907472    0.000000    0.420113
    0.000000    1.000000    0.000000
   -0.420113    0.000000   -0.907472

 AXIS OF ROTATION IS  0.000000 -1.000000  0.000000  ANGLE IS  155.16

 SELECTED COORDINATES ROTATED IN THE MAIN SET.

  
 CHARMM>            coor rotate xcen @xpos ycen @ypos zcen @zpos zdir 1.0 -
 CHARMM>                phi @zphi select target end
 Parameter: XPOS -> "8.59713033"
 Parameter: YPOS -> "12.5849747"
 Parameter: ZPOS -> "-37.7826625"
 Parameter: ZPHI -> "105.226775"
 SELRPN>      1 atoms have been selected out of  22374
 ROTATION MATRIX
   -0.262640    0.964894    0.000000
   -0.964894   -0.262640    0.000000
    0.000000    0.000000    1.000000

 AXIS OF ROTATION IS  0.000000  0.000000  1.000000  ANGLE IS  105.23

 SELECTED COORDINATES ROTATED IN THE MAIN SET.

  
 CHARMM>     
  
 CHARMM>     
  
 CHARMM>            calc dcut = 3.5
Evaluating: 3.5
 Parameter: DCUT <- "3.5"
  
 CHARMM>     
  
 CHARMM>            coor stat sele target end
 SELRPN>      1 atoms have been selected out of  22374
 STATISTICS FOR         1 SELECTED ATOMS:
    XMIN =    8.597130 XMAX =    8.597130 XAVE =    8.597130
    YMIN =   12.584975 YMAX =   12.584975 YAVE =   12.584975
    ZMIN =  -37.782663 ZMAX =  -37.782663 ZAVE =  -37.782663
    WMIN =   -1.000000 WMAX =   -1.000000 WAVE =   -1.000000
  
 CHARMM>            calc xmax = ?xmax + @dcut
 Parameter: DCUT -> "3.5"
 RDCMND substituted energy or value "?XMAX" to "8.59713033"
Evaluating: 8.59713033+3.5
 Parameter: XMAX <- "12.0971303"
  
 CHARMM>            calc ymax = ?ymax + @dcut
 Parameter: DCUT -> "3.5"
 RDCMND substituted energy or value "?YMAX" to "12.5849747"
Evaluating: 12.5849747+3.5
 Parameter: YMAX <- "16.0849747"
  
 CHARMM>            calc zmax = ?zmax + @dcut
 Parameter: DCUT -> "3.5"
 RDCMND substituted energy or value "?ZMAX" to "-37.7826625"
Evaluating: -37.7826625+3.5
 Parameter: ZMAX <- "-34.2826625"
  
 CHARMM>            calc xmin = ?xmin - @dcut
 Parameter: DCUT -> "3.5"
 RDCMND substituted energy or value "?XMIN" to "8.59713033"
Evaluating: 8.59713033-3.5
 Parameter: XMIN <- "5.09713033"
  
 CHARMM>            calc ymin = ?ymin - @dcut
 Parameter: DCUT -> "3.5"
 RDCMND substituted energy or value "?YMIN" to "12.5849747"
Evaluating: 12.5849747-3.5
 Parameter: YMIN <- "9.0849747"
  
 CHARMM>            calc zmin = ?zmin - @dcut
 Parameter: DCUT -> "3.5"
 RDCMND substituted energy or value "?ZMIN" to "-37.7826625"
Evaluating: -37.7826625-3.5
 Parameter: ZMIN <- "-41.2826625"
  
 CHARMM>     
  
 CHARMM>            define JUNK sele .not. target .and. -
 CHARMM>                             prop X .lt. @xmax .and. prop X .gt. @xmin .and. -
 CHARMM>                             prop Y .lt. @ymax .and. prop Y .gt. @ymin .and. -
 CHARMM>                             prop Z .lt. @zmax .and. prop Z .gt. @zmin  end
 Parameter: XMAX -> "12.0971303"
 Parameter: XMIN -> "5.09713033"
 Parameter: YMAX -> "16.0849747"
 Parameter: YMIN -> "9.0849747"
 Parameter: ZMAX -> "-34.2826625"
 Parameter: ZMIN -> "-41.2826625"
 SELRPN>      1 atoms have been selected out of  22374
  
 CHARMM>     
  
 CHARMM>            ! check if the ions are too close to protein
  
 CHARMM>            define XXX sele PROT end
 SELRPN>      0 atoms have been selected out of  22374
  
 CHARMM>            if ?nsel .gt. 0 then
 RDCMND substituted energy or value "?NSEL" to "0"
 Comparing "0" and "0".
 IF test evaluated as false.  Skip to ELSE or ENDIF
  
 CHARMM>     
  
 CHARMM>            ! check if the ions are too close to solute
  
 CHARMM>            coor dist cut 4.0 sele target end sele JUNK .and. .not. hydrogen end image
 SELRPN>      1 atoms have been selected out of  34208
 SELRPN>      1 atoms have been selected out of  34208

            DISTANCES FOR SELECTED ATOMS
22366 NEG      CLA      9        CLA     -**** NEG      CLA      4        CLA           2.7300
 TOTAL EXCLUSION COUNT =         0
 TOTAL 1-4 EXCLUSIONS  =         0
 TOTAL NON-EXCLUSIONS  =         1
  
 CHARMM>            if ?npair .gt. 0 goto doinit
 RDCMND substituted energy or value "?NPAIR" to "1"
 Comparing "1" and "0".
 IF test evaluated as true.  Performing command
  
 CHARMM>     
  
 CHARMM>            calc cntrand = @cntrand + 1
 Parameter: CNTRAND -> "1"
Evaluating: 1+1
 Parameter: CNTRAND <- "2"
  
 CHARMM>            if cntrand .gt. 100 stop ! ABNORMAL TERMINATION: ion placing may not work.. stop here
 Comparing "2" and "100".
 IF test evaluated as false.  Skipping command
  
 CHARMM>     
  
 CHARMM>            calc j = @i
 Parameter: I -> "46"
Evaluating: 46
 Parameter: J <- "46"
  
 CHARMM>            set ion = POS
 Parameter: ION <- "POS"
  
 CHARMM>     
  
 CHARMM>            if j .gt. @npos then
 Parameter: NPOS -> "37"
 Comparing "46" and "37".
 IF test evaluated as true.  Performing command
  
 CHARMM>               set ion = NEG
 Parameter: ION <- "NEG"
  
 CHARMM>               calc j  = @j - @npos
 Parameter: J -> "46"
 Parameter: NPOS -> "37"
Evaluating: 46-37
 Parameter: J <- "9"
  
 CHARMM>            endif
  
 CHARMM>     
  
 CHARMM>            define target select segid @ion .and. resid @j end
 Parameter: ION -> "NEG"
 Parameter: J -> "9"
 SELRPN>      1 atoms have been selected out of  22374
  
 CHARMM>     
  
 CHARMM>            calc xpos = @A * ( ?random - 0.5 )
 Parameter: A -> "73.4166194"
 RDCMND substituted energy or value "?RANDOM" to "0.769145567"
Evaluating: 73.4166194*(0.769145567-0.5)
 Parameter: XPOS <- "19.7597577"
  
 CHARMM>            calc ypos = @B * ( ?random - 0.5 )
 Parameter: B -> "73.4166194"
 RDCMND substituted energy or value "?RANDOM" to "0.287854025"
Evaluating: 73.4166194*(0.287854025-0.5)
 Parameter: YPOS <- "-15.5750403"
  
 CHARMM>            calc zpos = @C * ( ?random - 0.5 ) + @zcen
 Parameter: C -> "85"
 Parameter: ZCEN -> "0"
 RDCMND substituted energy or value "?RANDOM" to "0.190815638"
Evaluating: 85*(0.190815638-0.5)+0
 Parameter: ZPOS <- "-26.2806708"
  
 CHARMM>     
  
 CHARMM>            if zpos .gt. -15 if zpos .lt. 15 goto doinit
 Comparing "-26.2806708" and "-15".
 IF test evaluated as false.  Skipping command
  
 CHARMM>     
  
 CHARMM>            ! move target to selected position
  
 CHARMM>            coor stat select target end
 SELRPN>      1 atoms have been selected out of  22374
 STATISTICS FOR         1 SELECTED ATOMS:
    XMIN =    8.597130 XMAX =    8.597130 XAVE =    8.597130
    YMIN =   12.584975 YMAX =   12.584975 YAVE =   12.584975
    ZMIN =  -37.782663 ZMAX =  -37.782663 ZAVE =  -37.782663
    WMIN =   -1.000000 WMAX =   -1.000000 WAVE =   -1.000000
  
 CHARMM>            calc xtran = @xpos - ?xave
 Parameter: XPOS -> "19.7597577"
 RDCMND substituted energy or value "?XAVE" to "8.59713033"
Evaluating: 19.7597577-8.59713033
 Parameter: XTRAN <- "11.1626274"
  
 CHARMM>            calc ytran = @ypos - ?yave
 Parameter: YPOS -> "-15.5750403"
 RDCMND substituted energy or value "?YAVE" to "12.5849747"
Evaluating: -15.5750403-12.5849747
 Parameter: YTRAN <- "-28.160015"
  
 CHARMM>            calc ztran = @zpos - ?zave
 Parameter: ZPOS -> "-26.2806708"
 RDCMND substituted energy or value "?ZAVE" to "-37.7826625"
Evaluating: -26.2806708--37.7826625
 Parameter: ZTRAN <- "11.5019917"
  
 CHARMM>            coor trans xdir @xtran ydir @ytran zdir @ztran select target end
 Parameter: XTRAN -> "11.1626274"
 Parameter: YTRAN -> "-28.160015"
 Parameter: ZTRAN -> "11.5019917"
 SELRPN>      1 atoms have been selected out of  22374
 TRANSLATION VECTOR    11.162627  -28.160015   11.501992
 SELECTED COORDINATES TRANSLATED IN THE MAIN SET.

  
 CHARMM>     
  
 CHARMM>            ! apply a random rotation along XYZ
  
 CHARMM>            calc xphi = ?random * 360.0
 RDCMND substituted energy or value "?RANDOM" to "0.635673297"
Evaluating: 0.635673297*360.0
 Parameter: XPHI <- "228.842387"
  
 CHARMM>            calc yphi = ?random * 360.0
 RDCMND substituted energy or value "?RANDOM" to "0.381573964"
Evaluating: 0.381573964*360.0
 Parameter: YPHI <- "137.366627"
  
 CHARMM>            calc zphi = ?random * 360.0
 RDCMND substituted energy or value "?RANDOM" to "0.214974342"
Evaluating: 0.214974342*360.0
 Parameter: ZPHI <- "77.3907631"
  
 CHARMM>            coor rotate xcen @xpos ycen @ypos zcen @zpos xdir 1.0 -
 CHARMM>                phi @xphi select target end
 Parameter: XPOS -> "19.7597577"
 Parameter: YPOS -> "-15.5750403"
 Parameter: ZPOS -> "-26.2806708"
 Parameter: XPHI -> "228.842387"
 SELRPN>      1 atoms have been selected out of  22374
 ROTATION MATRIX
    1.000000    0.000000    0.000000
    0.000000   -0.658133   -0.752902
    0.000000    0.752902   -0.658133

 AXIS OF ROTATION IS -1.000000  0.000000  0.000000  ANGLE IS  131.16

 SELECTED COORDINATES ROTATED IN THE MAIN SET.

  
 CHARMM>            coor rotate xcen @xpos ycen @ypos zcen @zpos ydir 1.0 -
 CHARMM>                phi @yphi select target end
 Parameter: XPOS -> "19.7597577"
 Parameter: YPOS -> "-15.5750403"
 Parameter: ZPOS -> "-26.2806708"
 Parameter: YPHI -> "137.366627"
 SELRPN>      1 atoms have been selected out of  22374
 ROTATION MATRIX
   -0.735703    0.000000   -0.677305
    0.000000    1.000000    0.000000
    0.677305    0.000000   -0.735703

 AXIS OF ROTATION IS  0.000000  1.000000  0.000000  ANGLE IS  137.37

 SELECTED COORDINATES ROTATED IN THE MAIN SET.

  
 CHARMM>            coor rotate xcen @xpos ycen @ypos zcen @zpos zdir 1.0 -
 CHARMM>                phi @zphi select target end
 Parameter: XPOS -> "19.7597577"
 Parameter: YPOS -> "-15.5750403"
 Parameter: ZPOS -> "-26.2806708"
 Parameter: ZPHI -> "77.3907631"
 SELRPN>      1 atoms have been selected out of  22374
 ROTATION MATRIX
    0.218301    0.975882    0.000000
   -0.975882    0.218301    0.000000
    0.000000    0.000000    1.000000

 AXIS OF ROTATION IS  0.000000  0.000000  1.000000  ANGLE IS   77.39

 SELECTED COORDINATES ROTATED IN THE MAIN SET.

  
 CHARMM>     
  
 CHARMM>     
  
 CHARMM>            calc dcut = 3.5
Evaluating: 3.5
 Parameter: DCUT <- "3.5"
  
 CHARMM>     
  
 CHARMM>            coor stat sele target end
 SELRPN>      1 atoms have been selected out of  22374
 STATISTICS FOR         1 SELECTED ATOMS:
    XMIN =   19.759758 XMAX =   19.759758 XAVE =   19.759758
    YMIN =  -15.575040 YMAX =  -15.575040 YAVE =  -15.575040
    ZMIN =  -26.280671 ZMAX =  -26.280671 ZAVE =  -26.280671
    WMIN =   -1.000000 WMAX =   -1.000000 WAVE =   -1.000000
  
 CHARMM>            calc xmax = ?xmax + @dcut
 Parameter: DCUT -> "3.5"
 RDCMND substituted energy or value "?XMAX" to "19.7597577"
Evaluating: 19.7597577+3.5
 Parameter: XMAX <- "23.2597577"
  
 CHARMM>            calc ymax = ?ymax + @dcut
 Parameter: DCUT -> "3.5"
 RDCMND substituted energy or value "?YMAX" to "-15.5750403"
Evaluating: -15.5750403+3.5
 Parameter: YMAX <- "-12.0750403"
  
 CHARMM>            calc zmax = ?zmax + @dcut
 Parameter: DCUT -> "3.5"
 RDCMND substituted energy or value "?ZMAX" to "-26.2806708"
Evaluating: -26.2806708+3.5
 Parameter: ZMAX <- "-22.7806708"
  
 CHARMM>            calc xmin = ?xmin - @dcut
 Parameter: DCUT -> "3.5"
 RDCMND substituted energy or value "?XMIN" to "19.7597577"
Evaluating: 19.7597577-3.5
 Parameter: XMIN <- "16.2597577"
  
 CHARMM>            calc ymin = ?ymin - @dcut
 Parameter: DCUT -> "3.5"
 RDCMND substituted energy or value "?YMIN" to "-15.5750403"
Evaluating: -15.5750403-3.5
 Parameter: YMIN <- "-19.0750403"
  
 CHARMM>            calc zmin = ?zmin - @dcut
 Parameter: DCUT -> "3.5"
 RDCMND substituted energy or value "?ZMIN" to "-26.2806708"
Evaluating: -26.2806708-3.5
 Parameter: ZMIN <- "-29.7806708"
  
 CHARMM>     
  
 CHARMM>            define JUNK sele .not. target .and. -
 CHARMM>                             prop X .lt. @xmax .and. prop X .gt. @xmin .and. -
 CHARMM>                             prop Y .lt. @ymax .and. prop Y .gt. @ymin .and. -
 CHARMM>                             prop Z .lt. @zmax .and. prop Z .gt. @zmin  end
 Parameter: XMAX -> "23.2597577"
 Parameter: XMIN -> "16.2597577"
 Parameter: YMAX -> "-12.0750403"
 Parameter: YMIN -> "-19.0750403"
 Parameter: ZMAX -> "-22.7806708"
 Parameter: ZMIN -> "-29.7806708"
 SELRPN>      0 atoms have been selected out of  22374
  
 CHARMM>     
  
 CHARMM>            ! check if the ions are too close to protein
  
 CHARMM>            define XXX sele PROT end
 SELRPN>      0 atoms have been selected out of  22374
  
 CHARMM>            if ?nsel .gt. 0 then
 RDCMND substituted energy or value "?NSEL" to "0"
 Comparing "0" and "0".
 IF test evaluated as false.  Skip to ELSE or ENDIF
  
 CHARMM>     
  
 CHARMM>            ! check if the ions are too close to solute
  
 CHARMM>            coor dist cut 4.0 sele target end sele JUNK .and. .not. hydrogen end image
 SELRPN>      1 atoms have been selected out of  34208
 SELRPN>      0 atoms have been selected out of  34208

            DISTANCES FOR SELECTED ATOMS
            ONLY ONE SELECTION SET SPECIFIED, A COMPARISON WILL BE DONE
 TOTAL EXCLUSION COUNT =         0
 TOTAL 1-4 EXCLUSIONS  =         0
 TOTAL NON-EXCLUSIONS  =         0
  
 CHARMM>            if ?npair .gt. 0 goto doinit
 RDCMND substituted energy or value "?NPAIR" to "0"
 Comparing "0" and "0".
 IF test evaluated as false.  Skipping command
  
 CHARMM>     
  
 CHARMM>            calc cntrand = 0
Evaluating: 0
 Parameter: CNTRAND <- "0"
  
 CHARMM>            increase i by 1
 Parameter: I <- "47"
  
 CHARMM>            if i .le. @nion goto doinit
 Parameter: NION -> "54"
 Comparing "47" and "54".
 IF test evaluated as true.  Performing command
  
 CHARMM>     
  
 CHARMM>            calc cntrand = @cntrand + 1
 Parameter: CNTRAND -> "0"
Evaluating: 0+1
 Parameter: CNTRAND <- "1"
  
 CHARMM>            if cntrand .gt. 100 stop ! ABNORMAL TERMINATION: ion placing may not work.. stop here
 Comparing "1" and "100".
 IF test evaluated as false.  Skipping command
  
 CHARMM>     
  
 CHARMM>            calc j = @i
 Parameter: I -> "47"
Evaluating: 47
 Parameter: J <- "47"
  
 CHARMM>            set ion = POS
 Parameter: ION <- "POS"
  
 CHARMM>     
  
 CHARMM>            if j .gt. @npos then
 Parameter: NPOS -> "37"
 Comparing "47" and "37".
 IF test evaluated as true.  Performing command
  
 CHARMM>               set ion = NEG
 Parameter: ION <- "NEG"
  
 CHARMM>               calc j  = @j - @npos
 Parameter: J -> "47"
 Parameter: NPOS -> "37"
Evaluating: 47-37
 Parameter: J <- "10"
  
 CHARMM>            endif
  
 CHARMM>     
  
 CHARMM>            define target select segid @ion .and. resid @j end
 Parameter: ION -> "NEG"
 Parameter: J -> "10"
 SELRPN>      1 atoms have been selected out of  22374
  
 CHARMM>     
  
 CHARMM>            calc xpos = @A * ( ?random - 0.5 )
 Parameter: A -> "73.4166194"
 RDCMND substituted energy or value "?RANDOM" to "0.359032481"
Evaluating: 73.4166194*(0.359032481-0.5)
 Parameter: XPOS <- "-10.3493587"
  
 CHARMM>            calc ypos = @B * ( ?random - 0.5 )
 Parameter: B -> "73.4166194"
 RDCMND substituted energy or value "?RANDOM" to "0.883342103"
Evaluating: 73.4166194*(0.883342103-0.5)
 Parameter: YPOS <- "28.1436813"
  
 CHARMM>            calc zpos = @C * ( ?random - 0.5 ) + @zcen
 Parameter: C -> "85"
 Parameter: ZCEN -> "0"
 RDCMND substituted energy or value "?RANDOM" to "0.798197712"
Evaluating: 85*(0.798197712-0.5)+0
 Parameter: ZPOS <- "25.3468055"
  
 CHARMM>     
  
 CHARMM>            if zpos .gt. -15 if zpos .lt. 15 goto doinit
 Comparing "25.3468055" and "-15".
 IF test evaluated as true.  Performing command
 Comparing "25.3468055" and "15".
 IF test evaluated as false.  Skipping command
  
 CHARMM>     
  
 CHARMM>            ! move target to selected position
  
 CHARMM>            coor stat select target end
 SELRPN>      1 atoms have been selected out of  22374
 STATISTICS FOR         1 SELECTED ATOMS:
    XMIN =    0.000000 XMAX =    0.000000 XAVE =    0.000000
    YMIN =    0.000000 YMAX =    0.000000 YAVE =    0.000000
    ZMIN =    0.000000 ZMAX =    0.000000 ZAVE =    0.000000
    WMIN =   -1.000000 WMAX =   -1.000000 WAVE =   -1.000000
  
 CHARMM>            calc xtran = @xpos - ?xave
 Parameter: XPOS -> "-10.3493587"
 RDCMND substituted energy or value "?XAVE" to "0"
Evaluating: -10.3493587-0
 Parameter: XTRAN <- "-10.3493587"
  
 CHARMM>            calc ytran = @ypos - ?yave
 Parameter: YPOS -> "28.1436813"
 RDCMND substituted energy or value "?YAVE" to "0"
Evaluating: 28.1436813-0
 Parameter: YTRAN <- "28.1436813"
  
 CHARMM>            calc ztran = @zpos - ?zave
 Parameter: ZPOS -> "25.3468055"
 RDCMND substituted energy or value "?ZAVE" to "0"
Evaluating: 25.3468055-0
 Parameter: ZTRAN <- "25.3468055"
  
 CHARMM>            coor trans xdir @xtran ydir @ytran zdir @ztran select target end
 Parameter: XTRAN -> "-10.3493587"
 Parameter: YTRAN -> "28.1436813"
 Parameter: ZTRAN -> "25.3468055"
 SELRPN>      1 atoms have been selected out of  22374
 TRANSLATION VECTOR   -10.349359   28.143681   25.346805
 SELECTED COORDINATES TRANSLATED IN THE MAIN SET.

  
 CHARMM>     
  
 CHARMM>            ! apply a random rotation along XYZ
  
 CHARMM>            calc xphi = ?random * 360.0
 RDCMND substituted energy or value "?RANDOM" to "0.866392619"
Evaluating: 0.866392619*360.0
 Parameter: XPHI <- "311.901343"
  
 CHARMM>            calc yphi = ?random * 360.0
 RDCMND substituted energy or value "?RANDOM" to "0.553591186"
Evaluating: 0.553591186*360.0
 Parameter: YPHI <- "199.292827"
  
 CHARMM>            calc zphi = ?random * 360.0
 RDCMND substituted energy or value "?RANDOM" to "0.609963878"
Evaluating: 0.609963878*360.0
 Parameter: ZPHI <- "219.586996"
  
 CHARMM>            coor rotate xcen @xpos ycen @ypos zcen @zpos xdir 1.0 -
 CHARMM>                phi @xphi select target end
 Parameter: XPOS -> "-10.3493587"
 Parameter: YPOS -> "28.1436813"
 Parameter: ZPOS -> "25.3468055"
 Parameter: XPHI -> "311.901343"
 SELRPN>      1 atoms have been selected out of  22374
 ROTATION MATRIX
    1.000000    0.000000    0.000000
    0.000000    0.667850   -0.744296
    0.000000    0.744296    0.667850

 AXIS OF ROTATION IS -1.000000  0.000000  0.000000  ANGLE IS   48.10

 SELECTED COORDINATES ROTATED IN THE MAIN SET.

  
 CHARMM>            coor rotate xcen @xpos ycen @ypos zcen @zpos ydir 1.0 -
 CHARMM>                phi @yphi select target end
 Parameter: XPOS -> "-10.3493587"
 Parameter: YPOS -> "28.1436813"
 Parameter: ZPOS -> "25.3468055"
 Parameter: YPHI -> "199.292827"
 SELRPN>      1 atoms have been selected out of  22374
 ROTATION MATRIX
   -0.943842    0.000000    0.330396
    0.000000    1.000000    0.000000
   -0.330396    0.000000   -0.943842

 AXIS OF ROTATION IS  0.000000 -1.000000  0.000000  ANGLE IS  160.71

 SELECTED COORDINATES ROTATED IN THE MAIN SET.

  
 CHARMM>            coor rotate xcen @xpos ycen @ypos zcen @zpos zdir 1.0 -
 CHARMM>                phi @zphi select target end
 Parameter: XPOS -> "-10.3493587"
 Parameter: YPOS -> "28.1436813"
 Parameter: ZPOS -> "25.3468055"
 Parameter: ZPHI -> "219.586996"
 SELRPN>      1 atoms have been selected out of  22374
 ROTATION MATRIX
   -0.770658   -0.637249    0.000000
    0.637249   -0.770658    0.000000
    0.000000    0.000000    1.000000

 AXIS OF ROTATION IS  0.000000  0.000000 -1.000000  ANGLE IS  140.41

 SELECTED COORDINATES ROTATED IN THE MAIN SET.

  
 CHARMM>     
  
 CHARMM>     
  
 CHARMM>            calc dcut = 3.5
Evaluating: 3.5
 Parameter: DCUT <- "3.5"
  
 CHARMM>     
  
 CHARMM>            coor stat sele target end
 SELRPN>      1 atoms have been selected out of  22374
 STATISTICS FOR         1 SELECTED ATOMS:
    XMIN =  -10.349359 XMAX =  -10.349359 XAVE =  -10.349359
    YMIN =   28.143681 YMAX =   28.143681 YAVE =   28.143681
    ZMIN =   25.346805 ZMAX =   25.346805 ZAVE =   25.346805
    WMIN =   -1.000000 WMAX =   -1.000000 WAVE =   -1.000000
  
 CHARMM>            calc xmax = ?xmax + @dcut
 Parameter: DCUT -> "3.5"
 RDCMND substituted energy or value "?XMAX" to "-10.3493587"
Evaluating: -10.3493587+3.5
 Parameter: XMAX <- "-6.8493587"
  
 CHARMM>            calc ymax = ?ymax + @dcut
 Parameter: DCUT -> "3.5"
 RDCMND substituted energy or value "?YMAX" to "28.1436813"
Evaluating: 28.1436813+3.5
 Parameter: YMAX <- "31.6436813"
  
 CHARMM>            calc zmax = ?zmax + @dcut
 Parameter: DCUT -> "3.5"
 RDCMND substituted energy or value "?ZMAX" to "25.3468055"
Evaluating: 25.3468055+3.5
 Parameter: ZMAX <- "28.8468055"
  
 CHARMM>            calc xmin = ?xmin - @dcut
 Parameter: DCUT -> "3.5"
 RDCMND substituted energy or value "?XMIN" to "-10.3493587"
Evaluating: -10.3493587-3.5
 Parameter: XMIN <- "-13.8493587"
  
 CHARMM>            calc ymin = ?ymin - @dcut
 Parameter: DCUT -> "3.5"
 RDCMND substituted energy or value "?YMIN" to "28.1436813"
Evaluating: 28.1436813-3.5
 Parameter: YMIN <- "24.6436813"
  
 CHARMM>            calc zmin = ?zmin - @dcut
 Parameter: DCUT -> "3.5"
 RDCMND substituted energy or value "?ZMIN" to "25.3468055"
Evaluating: 25.3468055-3.5
 Parameter: ZMIN <- "21.8468055"
  
 CHARMM>     
  
 CHARMM>            define JUNK sele .not. target .and. -
 CHARMM>                             prop X .lt. @xmax .and. prop X .gt. @xmin .and. -
 CHARMM>                             prop Y .lt. @ymax .and. prop Y .gt. @ymin .and. -
 CHARMM>                             prop Z .lt. @zmax .and. prop Z .gt. @zmin  end
 Parameter: XMAX -> "-6.8493587"
 Parameter: XMIN -> "-13.8493587"
 Parameter: YMAX -> "31.6436813"
 Parameter: YMIN -> "24.6436813"
 Parameter: ZMAX -> "28.8468055"
 Parameter: ZMIN -> "21.8468055"
 SELRPN>      0 atoms have been selected out of  22374
  
 CHARMM>     
  
 CHARMM>            ! check if the ions are too close to protein
  
 CHARMM>            define XXX sele PROT end
 SELRPN>      0 atoms have been selected out of  22374
  
 CHARMM>            if ?nsel .gt. 0 then
 RDCMND substituted energy or value "?NSEL" to "0"
 Comparing "0" and "0".
 IF test evaluated as false.  Skip to ELSE or ENDIF
  
 CHARMM>     
  
 CHARMM>            ! check if the ions are too close to solute
  
 CHARMM>            coor dist cut 4.0 sele target end sele JUNK .and. .not. hydrogen end image
 SELRPN>      1 atoms have been selected out of  34208
 SELRPN>      0 atoms have been selected out of  34208

            DISTANCES FOR SELECTED ATOMS
            ONLY ONE SELECTION SET SPECIFIED, A COMPARISON WILL BE DONE
 TOTAL EXCLUSION COUNT =         0
 TOTAL 1-4 EXCLUSIONS  =         0
 TOTAL NON-EXCLUSIONS  =         0
  
 CHARMM>            if ?npair .gt. 0 goto doinit
 RDCMND substituted energy or value "?NPAIR" to "0"
 Comparing "0" and "0".
 IF test evaluated as false.  Skipping command
  
 CHARMM>     
  
 CHARMM>            calc cntrand = 0
Evaluating: 0
 Parameter: CNTRAND <- "0"
  
 CHARMM>            increase i by 1
 Parameter: I <- "48"
  
 CHARMM>            if i .le. @nion goto doinit
 Parameter: NION -> "54"
 Comparing "48" and "54".
 IF test evaluated as true.  Performing command
  
 CHARMM>     
  
 CHARMM>            calc cntrand = @cntrand + 1
 Parameter: CNTRAND -> "0"
Evaluating: 0+1
 Parameter: CNTRAND <- "1"
  
 CHARMM>            if cntrand .gt. 100 stop ! ABNORMAL TERMINATION: ion placing may not work.. stop here
 Comparing "1" and "100".
 IF test evaluated as false.  Skipping command
  
 CHARMM>     
  
 CHARMM>            calc j = @i
 Parameter: I -> "48"
Evaluating: 48
 Parameter: J <- "48"
  
 CHARMM>            set ion = POS
 Parameter: ION <- "POS"
  
 CHARMM>     
  
 CHARMM>            if j .gt. @npos then
 Parameter: NPOS -> "37"
 Comparing "48" and "37".
 IF test evaluated as true.  Performing command
  
 CHARMM>               set ion = NEG
 Parameter: ION <- "NEG"
  
 CHARMM>               calc j  = @j - @npos
 Parameter: J -> "48"
 Parameter: NPOS -> "37"
Evaluating: 48-37
 Parameter: J <- "11"
  
 CHARMM>            endif
  
 CHARMM>     
  
 CHARMM>            define target select segid @ion .and. resid @j end
 Parameter: ION -> "NEG"
 Parameter: J -> "11"
 SELRPN>      1 atoms have been selected out of  22374
  
 CHARMM>     
  
 CHARMM>            calc xpos = @A * ( ?random - 0.5 )
 Parameter: A -> "73.4166194"
 RDCMND substituted energy or value "?RANDOM" to "0.281991045"
Evaluating: 73.4166194*(0.281991045-0.5)
 Parameter: XPOS <- "-16.0054805"
  
 CHARMM>            calc ypos = @B * ( ?random - 0.5 )
 Parameter: B -> "73.4166194"
 RDCMND substituted energy or value "?RANDOM" to "8.023246367E-02"
Evaluating: 73.4166194*(8.023246367E-02-0.5)
 Parameter: YPOS <- "-30.8179135"
  
 CHARMM>            calc zpos = @C * ( ?random - 0.5 ) + @zcen
 Parameter: C -> "85"
 Parameter: ZCEN -> "0"
 RDCMND substituted energy or value "?RANDOM" to "0.221737215"
Evaluating: 85*(0.221737215-0.5)+0
 Parameter: ZPOS <- "-23.6523367"
  
 CHARMM>     
  
 CHARMM>            if zpos .gt. -15 if zpos .lt. 15 goto doinit
 Comparing "-23.6523367" and "-15".
 IF test evaluated as false.  Skipping command
  
 CHARMM>     
  
 CHARMM>            ! move target to selected position
  
 CHARMM>            coor stat select target end
 SELRPN>      1 atoms have been selected out of  22374
 STATISTICS FOR         1 SELECTED ATOMS:
    XMIN =    0.000000 XMAX =    0.000000 XAVE =    0.000000
    YMIN =    0.000000 YMAX =    0.000000 YAVE =    0.000000
    ZMIN =    0.000000 ZMAX =    0.000000 ZAVE =    0.000000
    WMIN =   -1.000000 WMAX =   -1.000000 WAVE =   -1.000000
  
 CHARMM>            calc xtran = @xpos - ?xave
 Parameter: XPOS -> "-16.0054805"
 RDCMND substituted energy or value "?XAVE" to "0"
Evaluating: -16.0054805-0
 Parameter: XTRAN <- "-16.0054805"
  
 CHARMM>            calc ytran = @ypos - ?yave
 Parameter: YPOS -> "-30.8179135"
 RDCMND substituted energy or value "?YAVE" to "0"
Evaluating: -30.8179135-0
 Parameter: YTRAN <- "-30.8179135"
  
 CHARMM>            calc ztran = @zpos - ?zave
 Parameter: ZPOS -> "-23.6523367"
 RDCMND substituted energy or value "?ZAVE" to "0"
Evaluating: -23.6523367-0
 Parameter: ZTRAN <- "-23.6523367"
  
 CHARMM>            coor trans xdir @xtran ydir @ytran zdir @ztran select target end
 Parameter: XTRAN -> "-16.0054805"
 Parameter: YTRAN -> "-30.8179135"
 Parameter: ZTRAN -> "-23.6523367"
 SELRPN>      1 atoms have been selected out of  22374
 TRANSLATION VECTOR   -16.005481  -30.817913  -23.652337
 SELECTED COORDINATES TRANSLATED IN THE MAIN SET.

  
 CHARMM>     
  
 CHARMM>            ! apply a random rotation along XYZ
  
 CHARMM>            calc xphi = ?random * 360.0
 RDCMND substituted energy or value "?RANDOM" to "4.986918878E-02"
Evaluating: 4.986918878E-02*360.0
 Parameter: XPHI <- "17.952908"
  
 CHARMM>            calc yphi = ?random * 360.0
 RDCMND substituted energy or value "?RANDOM" to "0.829666929"
Evaluating: 0.829666929*360.0
 Parameter: YPHI <- "298.680094"
  
 CHARMM>            calc zphi = ?random * 360.0
 RDCMND substituted energy or value "?RANDOM" to "0.452974849"
Evaluating: 0.452974849*360.0
 Parameter: ZPHI <- "163.070946"
  
 CHARMM>            coor rotate xcen @xpos ycen @ypos zcen @zpos xdir 1.0 -
 CHARMM>                phi @xphi select target end
 Parameter: XPOS -> "-16.0054805"
 Parameter: YPOS -> "-30.8179135"
 Parameter: ZPOS -> "-23.6523367"
 Parameter: XPHI -> "17.952908"
 SELRPN>      1 atoms have been selected out of  22374
 ROTATION MATRIX
    1.000000    0.000000    0.000000
    0.000000    0.951310    0.308235
    0.000000   -0.308235    0.951310

 AXIS OF ROTATION IS  1.000000  0.000000  0.000000  ANGLE IS   17.95

 SELECTED COORDINATES ROTATED IN THE MAIN SET.

  
 CHARMM>            coor rotate xcen @xpos ycen @ypos zcen @zpos ydir 1.0 -
 CHARMM>                phi @yphi select target end
 Parameter: XPOS -> "-16.0054805"
 Parameter: YPOS -> "-30.8179135"
 Parameter: ZPOS -> "-23.6523367"
 Parameter: YPHI -> "298.680094"
 SELRPN>      1 atoms have been selected out of  22374
 ROTATION MATRIX
    0.479919    0.000000    0.877313
    0.000000    1.000000    0.000000
   -0.877313    0.000000    0.479919

 AXIS OF ROTATION IS  0.000000 -1.000000  0.000000  ANGLE IS   61.32

 SELECTED COORDINATES ROTATED IN THE MAIN SET.

  
 CHARMM>            coor rotate xcen @xpos ycen @ypos zcen @zpos zdir 1.0 -
 CHARMM>                phi @zphi select target end
 Parameter: XPOS -> "-16.0054805"
 Parameter: YPOS -> "-30.8179135"
 Parameter: ZPOS -> "-23.6523367"
 Parameter: ZPHI -> "163.070946"
 SELRPN>      1 atoms have been selected out of  22374
 ROTATION MATRIX
   -0.956666    0.291187    0.000000
   -0.291187   -0.956666    0.000000
    0.000000    0.000000    1.000000

 AXIS OF ROTATION IS  0.000000  0.000000  1.000000  ANGLE IS  163.07

 SELECTED COORDINATES ROTATED IN THE MAIN SET.

  
 CHARMM>     
  
 CHARMM>     
  
 CHARMM>            calc dcut = 3.5
Evaluating: 3.5
 Parameter: DCUT <- "3.5"
  
 CHARMM>     
  
 CHARMM>            coor stat sele target end
 SELRPN>      1 atoms have been selected out of  22374
 STATISTICS FOR         1 SELECTED ATOMS:
    XMIN =  -16.005481 XMAX =  -16.005481 XAVE =  -16.005481
    YMIN =  -30.817913 YMAX =  -30.817913 YAVE =  -30.817913
    ZMIN =  -23.652337 ZMAX =  -23.652337 ZAVE =  -23.652337
    WMIN =   -1.000000 WMAX =   -1.000000 WAVE =   -1.000000
  
 CHARMM>            calc xmax = ?xmax + @dcut
 Parameter: DCUT -> "3.5"
 RDCMND substituted energy or value "?XMAX" to "-16.0054805"
Evaluating: -16.0054805+3.5
 Parameter: XMAX <- "-12.5054805"
  
 CHARMM>            calc ymax = ?ymax + @dcut
 Parameter: DCUT -> "3.5"
 RDCMND substituted energy or value "?YMAX" to "-30.8179135"
Evaluating: -30.8179135+3.5
 Parameter: YMAX <- "-27.3179135"
  
 CHARMM>            calc zmax = ?zmax + @dcut
 Parameter: DCUT -> "3.5"
 RDCMND substituted energy or value "?ZMAX" to "-23.6523367"
Evaluating: -23.6523367+3.5
 Parameter: ZMAX <- "-20.1523367"
  
 CHARMM>            calc xmin = ?xmin - @dcut
 Parameter: DCUT -> "3.5"
 RDCMND substituted energy or value "?XMIN" to "-16.0054805"
Evaluating: -16.0054805-3.5
 Parameter: XMIN <- "-19.5054805"
  
 CHARMM>            calc ymin = ?ymin - @dcut
 Parameter: DCUT -> "3.5"
 RDCMND substituted energy or value "?YMIN" to "-30.8179135"
Evaluating: -30.8179135-3.5
 Parameter: YMIN <- "-34.3179135"
  
 CHARMM>            calc zmin = ?zmin - @dcut
 Parameter: DCUT -> "3.5"
 RDCMND substituted energy or value "?ZMIN" to "-23.6523367"
Evaluating: -23.6523367-3.5
 Parameter: ZMIN <- "-27.1523367"
  
 CHARMM>     
  
 CHARMM>            define JUNK sele .not. target .and. -
 CHARMM>                             prop X .lt. @xmax .and. prop X .gt. @xmin .and. -
 CHARMM>                             prop Y .lt. @ymax .and. prop Y .gt. @ymin .and. -
 CHARMM>                             prop Z .lt. @zmax .and. prop Z .gt. @zmin  end
 Parameter: XMAX -> "-12.5054805"
 Parameter: XMIN -> "-19.5054805"
 Parameter: YMAX -> "-27.3179135"
 Parameter: YMIN -> "-34.3179135"
 Parameter: ZMAX -> "-20.1523367"
 Parameter: ZMIN -> "-27.1523367"
 SELRPN>      9 atoms have been selected out of  22374
  
 CHARMM>     
  
 CHARMM>            ! check if the ions are too close to protein
  
 CHARMM>            define XXX sele PROT end
 SELRPN>      0 atoms have been selected out of  22374
  
 CHARMM>            if ?nsel .gt. 0 then
 RDCMND substituted energy or value "?NSEL" to "0"
 Comparing "0" and "0".
 IF test evaluated as false.  Skip to ELSE or ENDIF
  
 CHARMM>     
  
 CHARMM>            ! check if the ions are too close to solute
  
 CHARMM>            coor dist cut 4.0 sele target end sele JUNK .and. .not. hydrogen end image
 SELRPN>      1 atoms have been selected out of  34208
 SELRPN>      4 atoms have been selected out of  34208

            DISTANCES FOR SELECTED ATOMS
22368 NEG      CLA      11       CLA     -**** MEMB     SAPE     160      N             2.9895
22368 NEG      CLA      11       CLA     -**** MEMB     SAPE     160      C12           3.2027
22368 NEG      CLA      11       CLA     -**** MEMB     SAPE     160      O13           3.9458
 TOTAL EXCLUSION COUNT =         0
 TOTAL 1-4 EXCLUSIONS  =         0
 TOTAL NON-EXCLUSIONS  =         3
  
 CHARMM>            if ?npair .gt. 0 goto doinit
 RDCMND substituted energy or value "?NPAIR" to "3"
 Comparing "3" and "0".
 IF test evaluated as true.  Performing command
  
 CHARMM>     
  
 CHARMM>            calc cntrand = @cntrand + 1
 Parameter: CNTRAND -> "1"
Evaluating: 1+1
 Parameter: CNTRAND <- "2"
  
 CHARMM>            if cntrand .gt. 100 stop ! ABNORMAL TERMINATION: ion placing may not work.. stop here
 Comparing "2" and "100".
 IF test evaluated as false.  Skipping command
  
 CHARMM>     
  
 CHARMM>            calc j = @i
 Parameter: I -> "48"
Evaluating: 48
 Parameter: J <- "48"
  
 CHARMM>            set ion = POS
 Parameter: ION <- "POS"
  
 CHARMM>     
  
 CHARMM>            if j .gt. @npos then
 Parameter: NPOS -> "37"
 Comparing "48" and "37".
 IF test evaluated as true.  Performing command
  
 CHARMM>               set ion = NEG
 Parameter: ION <- "NEG"
  
 CHARMM>               calc j  = @j - @npos
 Parameter: J -> "48"
 Parameter: NPOS -> "37"
Evaluating: 48-37
 Parameter: J <- "11"
  
 CHARMM>            endif
  
 CHARMM>     
  
 CHARMM>            define target select segid @ion .and. resid @j end
 Parameter: ION -> "NEG"
 Parameter: J -> "11"
 SELRPN>      1 atoms have been selected out of  22374
  
 CHARMM>     
  
 CHARMM>            calc xpos = @A * ( ?random - 0.5 )
 Parameter: A -> "73.4166194"
 RDCMND substituted energy or value "?RANDOM" to "2.680658005E-02"
Evaluating: 73.4166194*(2.680658005E-02-0.5)
 Parameter: XPOS <- "-34.7402612"
  
 CHARMM>            calc ypos = @B * ( ?random - 0.5 )
 Parameter: B -> "73.4166194"
 RDCMND substituted energy or value "?RANDOM" to "0.79742113"
Evaluating: 73.4166194*(0.79742113-0.5)
 Parameter: YPOS <- "21.8356539"
  
 CHARMM>            calc zpos = @C * ( ?random - 0.5 ) + @zcen
 Parameter: C -> "85"
 Parameter: ZCEN -> "0"
 RDCMND substituted energy or value "?RANDOM" to "0.684103218"
Evaluating: 85*(0.684103218-0.5)+0
 Parameter: ZPOS <- "15.6487735"
  
 CHARMM>     
  
 CHARMM>            if zpos .gt. -15 if zpos .lt. 15 goto doinit
 Comparing "15.6487735" and "-15".
 IF test evaluated as true.  Performing command
 Comparing "15.6487735" and "15".
 IF test evaluated as false.  Skipping command
  
 CHARMM>     
  
 CHARMM>            ! move target to selected position
  
 CHARMM>            coor stat select target end
 SELRPN>      1 atoms have been selected out of  22374
 STATISTICS FOR         1 SELECTED ATOMS:
    XMIN =  -16.005481 XMAX =  -16.005481 XAVE =  -16.005481
    YMIN =  -30.817913 YMAX =  -30.817913 YAVE =  -30.817913
    ZMIN =  -23.652337 ZMAX =  -23.652337 ZAVE =  -23.652337
    WMIN =   -1.000000 WMAX =   -1.000000 WAVE =   -1.000000
  
 CHARMM>            calc xtran = @xpos - ?xave
 Parameter: XPOS -> "-34.7402612"
 RDCMND substituted energy or value "?XAVE" to "-16.0054805"
Evaluating: -34.7402612--16.0054805
 Parameter: XTRAN <- "-18.7347807"
  
 CHARMM>            calc ytran = @ypos - ?yave
 Parameter: YPOS -> "21.8356539"
 RDCMND substituted energy or value "?YAVE" to "-30.8179135"
Evaluating: 21.8356539--30.8179135
 Parameter: YTRAN <- "52.6535674"
  
 CHARMM>            calc ztran = @zpos - ?zave
 Parameter: ZPOS -> "15.6487735"
 RDCMND substituted energy or value "?ZAVE" to "-23.6523367"
Evaluating: 15.6487735--23.6523367
 Parameter: ZTRAN <- "39.3011102"
  
 CHARMM>            coor trans xdir @xtran ydir @ytran zdir @ztran select target end
 Parameter: XTRAN -> "-18.7347807"
 Parameter: YTRAN -> "52.6535674"
 Parameter: ZTRAN -> "39.3011102"
 SELRPN>      1 atoms have been selected out of  22374
 TRANSLATION VECTOR   -18.734781   52.653567   39.301110
 SELECTED COORDINATES TRANSLATED IN THE MAIN SET.

  
 CHARMM>     
  
 CHARMM>            ! apply a random rotation along XYZ
  
 CHARMM>            calc xphi = ?random * 360.0
 RDCMND substituted energy or value "?RANDOM" to "0.829360843"
Evaluating: 0.829360843*360.0
 Parameter: XPHI <- "298.569903"
  
 CHARMM>            calc yphi = ?random * 360.0
 RDCMND substituted energy or value "?RANDOM" to "0.786505646"
Evaluating: 0.786505646*360.0
 Parameter: YPHI <- "283.142033"
  
 CHARMM>            calc zphi = ?random * 360.0
 RDCMND substituted energy or value "?RANDOM" to "6.033238198E-02"
Evaluating: 6.033238198E-02*360.0
 Parameter: ZPHI <- "21.7196575"
  
 CHARMM>            coor rotate xcen @xpos ycen @ypos zcen @zpos xdir 1.0 -
 CHARMM>                phi @xphi select target end
 Parameter: XPOS -> "-34.7402612"
 Parameter: YPOS -> "21.8356539"
 Parameter: ZPOS -> "15.6487735"
 Parameter: XPHI -> "298.569903"
 SELRPN>      1 atoms have been selected out of  22374
 ROTATION MATRIX
    1.000000    0.000000    0.000000
    0.000000    0.478231   -0.878234
    0.000000    0.878234    0.478231

 AXIS OF ROTATION IS -1.000000  0.000000  0.000000  ANGLE IS   61.43

 SELECTED COORDINATES ROTATED IN THE MAIN SET.

  
 CHARMM>            coor rotate xcen @xpos ycen @ypos zcen @zpos ydir 1.0 -
 CHARMM>                phi @yphi select target end
 Parameter: XPOS -> "-34.7402612"
 Parameter: YPOS -> "21.8356539"
 Parameter: ZPOS -> "15.6487735"
 Parameter: YPHI -> "283.142033"
 SELRPN>      1 atoms have been selected out of  22374
 ROTATION MATRIX
    0.227366    0.000000    0.973809
    0.000000    1.000000    0.000000
   -0.973809    0.000000    0.227366

 AXIS OF ROTATION IS  0.000000 -1.000000  0.000000  ANGLE IS   76.86

 SELECTED COORDINATES ROTATED IN THE MAIN SET.

  
 CHARMM>            coor rotate xcen @xpos ycen @ypos zcen @zpos zdir 1.0 -
 CHARMM>                phi @zphi select target end
 Parameter: XPOS -> "-34.7402612"
 Parameter: YPOS -> "21.8356539"
 Parameter: ZPOS -> "15.6487735"
 Parameter: ZPHI -> "21.7196575"
 SELRPN>      1 atoms have been selected out of  22374
 ROTATION MATRIX
    0.929006    0.370066    0.000000
   -0.370066    0.929006    0.000000
    0.000000    0.000000    1.000000

 AXIS OF ROTATION IS  0.000000  0.000000  1.000000  ANGLE IS   21.72

 SELECTED COORDINATES ROTATED IN THE MAIN SET.

  
 CHARMM>     
  
 CHARMM>     
  
 CHARMM>            calc dcut = 3.5
Evaluating: 3.5
 Parameter: DCUT <- "3.5"
  
 CHARMM>     
  
 CHARMM>            coor stat sele target end
 SELRPN>      1 atoms have been selected out of  22374
 STATISTICS FOR         1 SELECTED ATOMS:
    XMIN =  -34.740261 XMAX =  -34.740261 XAVE =  -34.740261
    YMIN =   21.835654 YMAX =   21.835654 YAVE =   21.835654
    ZMIN =   15.648774 ZMAX =   15.648774 ZAVE =   15.648774
    WMIN =   -1.000000 WMAX =   -1.000000 WAVE =   -1.000000
  
 CHARMM>            calc xmax = ?xmax + @dcut
 Parameter: DCUT -> "3.5"
 RDCMND substituted energy or value "?XMAX" to "-34.7402612"
Evaluating: -34.7402612+3.5
 Parameter: XMAX <- "-31.2402612"
  
 CHARMM>            calc ymax = ?ymax + @dcut
 Parameter: DCUT -> "3.5"
 RDCMND substituted energy or value "?YMAX" to "21.8356539"
Evaluating: 21.8356539+3.5
 Parameter: YMAX <- "25.3356539"
  
 CHARMM>            calc zmax = ?zmax + @dcut
 Parameter: DCUT -> "3.5"
 RDCMND substituted energy or value "?ZMAX" to "15.6487735"
Evaluating: 15.6487735+3.5
 Parameter: ZMAX <- "19.1487735"
  
 CHARMM>            calc xmin = ?xmin - @dcut
 Parameter: DCUT -> "3.5"
 RDCMND substituted energy or value "?XMIN" to "-34.7402612"
Evaluating: -34.7402612-3.5
 Parameter: XMIN <- "-38.2402612"
  
 CHARMM>            calc ymin = ?ymin - @dcut
 Parameter: DCUT -> "3.5"
 RDCMND substituted energy or value "?YMIN" to "21.8356539"
Evaluating: 21.8356539-3.5
 Parameter: YMIN <- "18.3356539"
  
 CHARMM>            calc zmin = ?zmin - @dcut
 Parameter: DCUT -> "3.5"
 RDCMND substituted energy or value "?ZMIN" to "15.6487735"
Evaluating: 15.6487735-3.5
 Parameter: ZMIN <- "12.1487735"
  
 CHARMM>     
  
 CHARMM>            define JUNK sele .not. target .and. -
 CHARMM>                             prop X .lt. @xmax .and. prop X .gt. @xmin .and. -
 CHARMM>                             prop Y .lt. @ymax .and. prop Y .gt. @ymin .and. -
 CHARMM>                             prop Z .lt. @zmax .and. prop Z .gt. @zmin  end
 Parameter: XMAX -> "-31.2402612"
 Parameter: XMIN -> "-38.2402612"
 Parameter: YMAX -> "25.3356539"
 Parameter: YMIN -> "18.3356539"
 Parameter: ZMAX -> "19.1487735"
 Parameter: ZMIN -> "12.1487735"
 SELRPN>     31 atoms have been selected out of  22374
  
 CHARMM>     
  
 CHARMM>            ! check if the ions are too close to protein
  
 CHARMM>            define XXX sele PROT end
 SELRPN>      0 atoms have been selected out of  22374
  
 CHARMM>            if ?nsel .gt. 0 then
 RDCMND substituted energy or value "?NSEL" to "0"
 Comparing "0" and "0".
 IF test evaluated as false.  Skip to ELSE or ENDIF
  
 CHARMM>     
  
 CHARMM>            ! check if the ions are too close to solute
  
 CHARMM>            coor dist cut 4.0 sele target end sele JUNK .and. .not. hydrogen end image
 SELRPN>      1 atoms have been selected out of  34208
 SELRPN>     16 atoms have been selected out of  34208

            DISTANCES FOR SELECTED ATOMS
22368 NEG      CLA      11       CLA     -8882 MEMB     SAPE     77       O22           2.6585
22368 NEG      CLA      11       CLA     -**** MEMB     SAPS     90       P             3.3682
22368 NEG      CLA      11       CLA     -**** MEMB     SAPS     90       O13           3.2125
22368 NEG      CLA      11       CLA     -**** MEMB     SAPS     90       O14           3.4540
22368 NEG      CLA      11       CLA     -**** MEMB     SAPS     90       O11           2.9472
22368 NEG      CLA      11       CLA     -**** MEMB     SAPS     90       C1            2.3646
22368 NEG      CLA      11       CLA     -**** MEMB     SAPS     90       C2            3.2080
22368 NEG      CLA      11       CLA     -**** MEMB     SAPS     90       O21           3.2897
22368 NEG      CLA      11       CLA     -**** MEMB     SAPS     90       C3            3.6544
22368 NEG      CLA      11       CLA     -**** MEMB     SAPS     90       O31           3.1302
22368 NEG      CLA      11       CLA     -**** MEMB     SAPS     90       C31           3.9629
22368 NEG      CLA      11       CLA     -**** MEMB     SAPS     90       C33           3.5332
22368 NEG      CLA      11       CLA     -**** MEMB     SAPS     90       C34           3.5421
22368 NEG      CLA      11       CLA     -**** MEMB     SAPS     90       C35           3.1295
22368 NEG      CLA      11       CLA     -**** MEMB     SAPS     90       C36           3.7035
 TOTAL EXCLUSION COUNT =         0
 TOTAL 1-4 EXCLUSIONS  =         0
 TOTAL NON-EXCLUSIONS  =        15
  
 CHARMM>            if ?npair .gt. 0 goto doinit
 RDCMND substituted energy or value "?NPAIR" to "15"
 Comparing "15" and "0".
 IF test evaluated as true.  Performing command
  
 CHARMM>     
  
 CHARMM>            calc cntrand = @cntrand + 1
 Parameter: CNTRAND -> "2"
Evaluating: 2+1
 Parameter: CNTRAND <- "3"
  
 CHARMM>            if cntrand .gt. 100 stop ! ABNORMAL TERMINATION: ion placing may not work.. stop here
 Comparing "3" and "100".
 IF test evaluated as false.  Skipping command
  
 CHARMM>     
  
 CHARMM>            calc j = @i
 Parameter: I -> "48"
Evaluating: 48
 Parameter: J <- "48"
  
 CHARMM>            set ion = POS
 Parameter: ION <- "POS"
  
 CHARMM>     
  
 CHARMM>            if j .gt. @npos then
 Parameter: NPOS -> "37"
 Comparing "48" and "37".
 IF test evaluated as true.  Performing command
  
 CHARMM>               set ion = NEG
 Parameter: ION <- "NEG"
  
 CHARMM>               calc j  = @j - @npos
 Parameter: J -> "48"
 Parameter: NPOS -> "37"
Evaluating: 48-37
 Parameter: J <- "11"
  
 CHARMM>            endif
  
 CHARMM>     
  
 CHARMM>            define target select segid @ion .and. resid @j end
 Parameter: ION -> "NEG"
 Parameter: J -> "11"
 SELRPN>      1 atoms have been selected out of  22374
  
 CHARMM>     
  
 CHARMM>            calc xpos = @A * ( ?random - 0.5 )
 Parameter: A -> "73.4166194"
 RDCMND substituted energy or value "?RANDOM" to "0.53879222"
Evaluating: 73.4166194*(0.53879222-0.5)
 Parameter: XPOS <- "2.84799365"
  
 CHARMM>            calc ypos = @B * ( ?random - 0.5 )
 Parameter: B -> "73.4166194"
 RDCMND substituted energy or value "?RANDOM" to "0.565901752"
Evaluating: 73.4166194*(0.565901752-0.5)
 Parameter: YPOS <- "4.83828384"
  
 CHARMM>            calc zpos = @C * ( ?random - 0.5 ) + @zcen
 Parameter: C -> "85"
 Parameter: ZCEN -> "0"
 RDCMND substituted energy or value "?RANDOM" to "0.367376616"
Evaluating: 85*(0.367376616-0.5)+0
 Parameter: ZPOS <- "-11.2729876"
  
 CHARMM>     
  
 CHARMM>            if zpos .gt. -15 if zpos .lt. 15 goto doinit
 Comparing "-11.2729876" and "-15".
 IF test evaluated as true.  Performing command
 Comparing "-11.2729876" and "15".
 IF test evaluated as true.  Performing command
  
 CHARMM>     
  
 CHARMM>            calc cntrand = @cntrand + 1
 Parameter: CNTRAND -> "3"
Evaluating: 3+1
 Parameter: CNTRAND <- "4"
  
 CHARMM>            if cntrand .gt. 100 stop ! ABNORMAL TERMINATION: ion placing may not work.. stop here
 Comparing "4" and "100".
 IF test evaluated as false.  Skipping command
  
 CHARMM>     
  
 CHARMM>            calc j = @i
 Parameter: I -> "48"
Evaluating: 48
 Parameter: J <- "48"
  
 CHARMM>            set ion = POS
 Parameter: ION <- "POS"
  
 CHARMM>     
  
 CHARMM>            if j .gt. @npos then
 Parameter: NPOS -> "37"
 Comparing "48" and "37".
 IF test evaluated as true.  Performing command
  
 CHARMM>               set ion = NEG
 Parameter: ION <- "NEG"
  
 CHARMM>               calc j  = @j - @npos
 Parameter: J -> "48"
 Parameter: NPOS -> "37"
Evaluating: 48-37
 Parameter: J <- "11"
  
 CHARMM>            endif
  
 CHARMM>     
  
 CHARMM>            define target select segid @ion .and. resid @j end
 Parameter: ION -> "NEG"
 Parameter: J -> "11"
 SELRPN>      1 atoms have been selected out of  22374
  
 CHARMM>     
  
 CHARMM>            calc xpos = @A * ( ?random - 0.5 )
 Parameter: A -> "73.4166194"
 RDCMND substituted energy or value "?RANDOM" to "0.209973443"
Evaluating: 73.4166194*(0.209973443-0.5)
 Parameter: XPOS <- "-21.2927694"
  
 CHARMM>            calc ypos = @B * ( ?random - 0.5 )
 Parameter: B -> "73.4166194"
 RDCMND substituted energy or value "?RANDOM" to "0.530466332"
Evaluating: 73.4166194*(0.530466332-0.5)
 Parameter: YPOS <- "2.2367351"
  
 CHARMM>            calc zpos = @C * ( ?random - 0.5 ) + @zcen
 Parameter: C -> "85"
 Parameter: ZCEN -> "0"
 RDCMND substituted energy or value "?RANDOM" to "0.997289273"
Evaluating: 85*(0.997289273-0.5)+0
 Parameter: ZPOS <- "42.2695882"
  
 CHARMM>     
  
 CHARMM>            if zpos .gt. -15 if zpos .lt. 15 goto doinit
 Comparing "42.2695882" and "-15".
 IF test evaluated as true.  Performing command
 Comparing "42.2695882" and "15".
 IF test evaluated as false.  Skipping command
  
 CHARMM>     
  
 CHARMM>            ! move target to selected position
  
 CHARMM>            coor stat select target end
 SELRPN>      1 atoms have been selected out of  22374
 STATISTICS FOR         1 SELECTED ATOMS:
    XMIN =  -34.740261 XMAX =  -34.740261 XAVE =  -34.740261
    YMIN =   21.835654 YMAX =   21.835654 YAVE =   21.835654
    ZMIN =   15.648774 ZMAX =   15.648774 ZAVE =   15.648774
    WMIN =   -1.000000 WMAX =   -1.000000 WAVE =   -1.000000
  
 CHARMM>            calc xtran = @xpos - ?xave
 Parameter: XPOS -> "-21.2927694"
 RDCMND substituted energy or value "?XAVE" to "-34.7402612"
Evaluating: -21.2927694--34.7402612
 Parameter: XTRAN <- "13.4474918"
  
 CHARMM>            calc ytran = @ypos - ?yave
 Parameter: YPOS -> "2.2367351"
 RDCMND substituted energy or value "?YAVE" to "21.8356539"
Evaluating: 2.2367351-21.8356539
 Parameter: YTRAN <- "-19.5989188"
  
 CHARMM>            calc ztran = @zpos - ?zave
 Parameter: ZPOS -> "42.2695882"
 RDCMND substituted energy or value "?ZAVE" to "15.6487735"
Evaluating: 42.2695882-15.6487735
 Parameter: ZTRAN <- "26.6208147"
  
 CHARMM>            coor trans xdir @xtran ydir @ytran zdir @ztran select target end
 Parameter: XTRAN -> "13.4474918"
 Parameter: YTRAN -> "-19.5989188"
 Parameter: ZTRAN -> "26.6208147"
 SELRPN>      1 atoms have been selected out of  22374
 TRANSLATION VECTOR    13.447492  -19.598919   26.620815
 SELECTED COORDINATES TRANSLATED IN THE MAIN SET.

  
 CHARMM>     
  
 CHARMM>            ! apply a random rotation along XYZ
  
 CHARMM>            calc xphi = ?random * 360.0
 RDCMND substituted energy or value "?RANDOM" to "0.906749313"
Evaluating: 0.906749313*360.0
 Parameter: XPHI <- "326.429753"
  
 CHARMM>            calc yphi = ?random * 360.0
 RDCMND substituted energy or value "?RANDOM" to "0.527525007"
Evaluating: 0.527525007*360.0
 Parameter: YPHI <- "189.909003"
  
 CHARMM>            calc zphi = ?random * 360.0
 RDCMND substituted energy or value "?RANDOM" to "0.630604217"
Evaluating: 0.630604217*360.0
 Parameter: ZPHI <- "227.017518"
  
 CHARMM>            coor rotate xcen @xpos ycen @ypos zcen @zpos xdir 1.0 -
 CHARMM>                phi @xphi select target end
 Parameter: XPOS -> "-21.2927694"
 Parameter: YPOS -> "2.2367351"
 Parameter: ZPOS -> "42.2695882"
 Parameter: XPHI -> "326.429753"
 SELRPN>      1 atoms have been selected out of  22374
 ROTATION MATRIX
    1.000000    0.000000    0.000000
    0.000000    0.833208   -0.552959
    0.000000    0.552959    0.833208

 AXIS OF ROTATION IS -1.000000  0.000000  0.000000  ANGLE IS   33.57

 SELECTED COORDINATES ROTATED IN THE MAIN SET.

  
 CHARMM>            coor rotate xcen @xpos ycen @ypos zcen @zpos ydir 1.0 -
 CHARMM>                phi @yphi select target end
 Parameter: XPOS -> "-21.2927694"
 Parameter: YPOS -> "2.2367351"
 Parameter: ZPOS -> "42.2695882"
 Parameter: YPHI -> "189.909003"
 SELRPN>      1 atoms have been selected out of  22374
 ROTATION MATRIX
   -0.985082    0.000000    0.172084
    0.000000    1.000000    0.000000
   -0.172084    0.000000   -0.985082

 AXIS OF ROTATION IS  0.000000 -1.000000  0.000000  ANGLE IS  170.09

 SELECTED COORDINATES ROTATED IN THE MAIN SET.

  
 CHARMM>            coor rotate xcen @xpos ycen @ypos zcen @zpos zdir 1.0 -
 CHARMM>                phi @zphi select target end
 Parameter: XPOS -> "-21.2927694"
 Parameter: YPOS -> "2.2367351"
 Parameter: ZPOS -> "42.2695882"
 Parameter: ZPHI -> "227.017518"
 SELRPN>      1 atoms have been selected out of  22374
 ROTATION MATRIX
   -0.681775   -0.731562    0.000000
    0.731562   -0.681775    0.000000
    0.000000    0.000000    1.000000

 AXIS OF ROTATION IS  0.000000  0.000000 -1.000000  ANGLE IS  132.98

 SELECTED COORDINATES ROTATED IN THE MAIN SET.

  
 CHARMM>     
  
 CHARMM>     
  
 CHARMM>            calc dcut = 3.5
Evaluating: 3.5
 Parameter: DCUT <- "3.5"
  
 CHARMM>     
  
 CHARMM>            coor stat sele target end
 SELRPN>      1 atoms have been selected out of  22374
 STATISTICS FOR         1 SELECTED ATOMS:
    XMIN =  -21.292769 XMAX =  -21.292769 XAVE =  -21.292769
    YMIN =    2.236735 YMAX =    2.236735 YAVE =    2.236735
    ZMIN =   42.269588 ZMAX =   42.269588 ZAVE =   42.269588
    WMIN =   -1.000000 WMAX =   -1.000000 WAVE =   -1.000000
  
 CHARMM>            calc xmax = ?xmax + @dcut
 Parameter: DCUT -> "3.5"
 RDCMND substituted energy or value "?XMAX" to "-21.2927694"
Evaluating: -21.2927694+3.5
 Parameter: XMAX <- "-17.7927694"
  
 CHARMM>            calc ymax = ?ymax + @dcut
 Parameter: DCUT -> "3.5"
 RDCMND substituted energy or value "?YMAX" to "2.2367351"
Evaluating: 2.2367351+3.5
 Parameter: YMAX <- "5.7367351"
  
 CHARMM>            calc zmax = ?zmax + @dcut
 Parameter: DCUT -> "3.5"
 RDCMND substituted energy or value "?ZMAX" to "42.2695882"
Evaluating: 42.2695882+3.5
 Parameter: ZMAX <- "45.7695882"
  
 CHARMM>            calc xmin = ?xmin - @dcut
 Parameter: DCUT -> "3.5"
 RDCMND substituted energy or value "?XMIN" to "-21.2927694"
Evaluating: -21.2927694-3.5
 Parameter: XMIN <- "-24.7927694"
  
 CHARMM>            calc ymin = ?ymin - @dcut
 Parameter: DCUT -> "3.5"
 RDCMND substituted energy or value "?YMIN" to "2.2367351"
Evaluating: 2.2367351-3.5
 Parameter: YMIN <- "-1.2632649"
  
 CHARMM>            calc zmin = ?zmin - @dcut
 Parameter: DCUT -> "3.5"
 RDCMND substituted energy or value "?ZMIN" to "42.2695882"
Evaluating: 42.2695882-3.5
 Parameter: ZMIN <- "38.7695882"
  
 CHARMM>     
  
 CHARMM>            define JUNK sele .not. target .and. -
 CHARMM>                             prop X .lt. @xmax .and. prop X .gt. @xmin .and. -
 CHARMM>                             prop Y .lt. @ymax .and. prop Y .gt. @ymin .and. -
 CHARMM>                             prop Z .lt. @zmax .and. prop Z .gt. @zmin  end
 Parameter: XMAX -> "-17.7927694"
 Parameter: XMIN -> "-24.7927694"
 Parameter: YMAX -> "5.7367351"
 Parameter: YMIN -> "-1.2632649"
 Parameter: ZMAX -> "45.7695882"
 Parameter: ZMIN -> "38.7695882"
 SELRPN>      0 atoms have been selected out of  22374
  
 CHARMM>     
  
 CHARMM>            ! check if the ions are too close to protein
  
 CHARMM>            define XXX sele PROT end
 SELRPN>      0 atoms have been selected out of  22374
  
 CHARMM>            if ?nsel .gt. 0 then
 RDCMND substituted energy or value "?NSEL" to "0"
 Comparing "0" and "0".
 IF test evaluated as false.  Skip to ELSE or ENDIF
  
 CHARMM>     
  
 CHARMM>            ! check if the ions are too close to solute
  
 CHARMM>            coor dist cut 4.0 sele target end sele JUNK .and. .not. hydrogen end image
 SELRPN>      1 atoms have been selected out of  34208
 SELRPN>      0 atoms have been selected out of  34208

            DISTANCES FOR SELECTED ATOMS
            ONLY ONE SELECTION SET SPECIFIED, A COMPARISON WILL BE DONE
 TOTAL EXCLUSION COUNT =         0
 TOTAL 1-4 EXCLUSIONS  =         0
 TOTAL NON-EXCLUSIONS  =         0
  
 CHARMM>            if ?npair .gt. 0 goto doinit
 RDCMND substituted energy or value "?NPAIR" to "0"
 Comparing "0" and "0".
 IF test evaluated as false.  Skipping command
  
 CHARMM>     
  
 CHARMM>            calc cntrand = 0
Evaluating: 0
 Parameter: CNTRAND <- "0"
  
 CHARMM>            increase i by 1
 Parameter: I <- "49"
  
 CHARMM>            if i .le. @nion goto doinit
 Parameter: NION -> "54"
 Comparing "49" and "54".
 IF test evaluated as true.  Performing command
  
 CHARMM>     
  
 CHARMM>            calc cntrand = @cntrand + 1
 Parameter: CNTRAND -> "0"
Evaluating: 0+1
 Parameter: CNTRAND <- "1"
  
 CHARMM>            if cntrand .gt. 100 stop ! ABNORMAL TERMINATION: ion placing may not work.. stop here
 Comparing "1" and "100".
 IF test evaluated as false.  Skipping command
  
 CHARMM>     
  
 CHARMM>            calc j = @i
 Parameter: I -> "49"
Evaluating: 49
 Parameter: J <- "49"
  
 CHARMM>            set ion = POS
 Parameter: ION <- "POS"
  
 CHARMM>     
  
 CHARMM>            if j .gt. @npos then
 Parameter: NPOS -> "37"
 Comparing "49" and "37".
 IF test evaluated as true.  Performing command
  
 CHARMM>               set ion = NEG
 Parameter: ION <- "NEG"
  
 CHARMM>               calc j  = @j - @npos
 Parameter: J -> "49"
 Parameter: NPOS -> "37"
Evaluating: 49-37
 Parameter: J <- "12"
  
 CHARMM>            endif
  
 CHARMM>     
  
 CHARMM>            define target select segid @ion .and. resid @j end
 Parameter: ION -> "NEG"
 Parameter: J -> "12"
 SELRPN>      1 atoms have been selected out of  22374
  
 CHARMM>     
  
 CHARMM>            calc xpos = @A * ( ?random - 0.5 )
 Parameter: A -> "73.4166194"
 RDCMND substituted energy or value "?RANDOM" to "0.775094449"
Evaluating: 73.4166194*(0.775094449-0.5)
 Parameter: XPOS <- "20.1965045"
  
 CHARMM>            calc ypos = @B * ( ?random - 0.5 )
 Parameter: B -> "73.4166194"
 RDCMND substituted energy or value "?RANDOM" to "6.645023137E-02"
Evaluating: 73.4166194*(6.645023137E-02-0.5)
 Parameter: YPOS <- "-31.8297584"
  
 CHARMM>            calc zpos = @C * ( ?random - 0.5 ) + @zcen
 Parameter: C -> "85"
 Parameter: ZCEN -> "0"
 RDCMND substituted energy or value "?RANDOM" to "0.677898707"
Evaluating: 85*(0.677898707-0.5)+0
 Parameter: ZPOS <- "15.1213901"
  
 CHARMM>     
  
 CHARMM>            if zpos .gt. -15 if zpos .lt. 15 goto doinit
 Comparing "15.1213901" and "-15".
 IF test evaluated as true.  Performing command
 Comparing "15.1213901" and "15".
 IF test evaluated as false.  Skipping command
  
 CHARMM>     
  
 CHARMM>            ! move target to selected position
  
 CHARMM>            coor stat select target end
 SELRPN>      1 atoms have been selected out of  22374
 STATISTICS FOR         1 SELECTED ATOMS:
    XMIN =    0.000000 XMAX =    0.000000 XAVE =    0.000000
    YMIN =    0.000000 YMAX =    0.000000 YAVE =    0.000000
    ZMIN =    0.000000 ZMAX =    0.000000 ZAVE =    0.000000
    WMIN =   -1.000000 WMAX =   -1.000000 WAVE =   -1.000000
  
 CHARMM>            calc xtran = @xpos - ?xave
 Parameter: XPOS -> "20.1965045"
 RDCMND substituted energy or value "?XAVE" to "0"
Evaluating: 20.1965045-0
 Parameter: XTRAN <- "20.1965045"
  
 CHARMM>            calc ytran = @ypos - ?yave
 Parameter: YPOS -> "-31.8297584"
 RDCMND substituted energy or value "?YAVE" to "0"
Evaluating: -31.8297584-0
 Parameter: YTRAN <- "-31.8297584"
  
 CHARMM>            calc ztran = @zpos - ?zave
 Parameter: ZPOS -> "15.1213901"
 RDCMND substituted energy or value "?ZAVE" to "0"
Evaluating: 15.1213901-0
 Parameter: ZTRAN <- "15.1213901"
  
 CHARMM>            coor trans xdir @xtran ydir @ytran zdir @ztran select target end
 Parameter: XTRAN -> "20.1965045"
 Parameter: YTRAN -> "-31.8297584"
 Parameter: ZTRAN -> "15.1213901"
 SELRPN>      1 atoms have been selected out of  22374
 TRANSLATION VECTOR    20.196504  -31.829758   15.121390
 SELECTED COORDINATES TRANSLATED IN THE MAIN SET.

  
 CHARMM>     
  
 CHARMM>            ! apply a random rotation along XYZ
  
 CHARMM>            calc xphi = ?random * 360.0
 RDCMND substituted energy or value "?RANDOM" to "0.964379489"
Evaluating: 0.964379489*360.0
 Parameter: XPHI <- "347.176616"
  
 CHARMM>            calc yphi = ?random * 360.0
 RDCMND substituted energy or value "?RANDOM" to "0.232001088"
Evaluating: 0.232001088*360.0
 Parameter: YPHI <- "83.5203917"
  
 CHARMM>            calc zphi = ?random * 360.0
 RDCMND substituted energy or value "?RANDOM" to "0.908207583"
Evaluating: 0.908207583*360.0
 Parameter: ZPHI <- "326.95473"
  
 CHARMM>            coor rotate xcen @xpos ycen @ypos zcen @zpos xdir 1.0 -
 CHARMM>                phi @xphi select target end
 Parameter: XPOS -> "20.1965045"
 Parameter: YPOS -> "-31.8297584"
 Parameter: ZPOS -> "15.1213901"
 Parameter: XPHI -> "347.176616"
 SELRPN>      1 atoms have been selected out of  22374
 ROTATION MATRIX
    1.000000    0.000000    0.000000
    0.000000    0.975059   -0.221946
    0.000000    0.221946    0.975059

 AXIS OF ROTATION IS -1.000000  0.000000  0.000000  ANGLE IS   12.82

 SELECTED COORDINATES ROTATED IN THE MAIN SET.

  
 CHARMM>            coor rotate xcen @xpos ycen @ypos zcen @zpos ydir 1.0 -
 CHARMM>                phi @yphi select target end
 Parameter: XPOS -> "20.1965045"
 Parameter: YPOS -> "-31.8297584"
 Parameter: ZPOS -> "15.1213901"
 Parameter: YPHI -> "83.5203917"
 SELRPN>      1 atoms have been selected out of  22374
 ROTATION MATRIX
    0.112850    0.000000   -0.993612
    0.000000    1.000000    0.000000
    0.993612    0.000000    0.112850

 AXIS OF ROTATION IS  0.000000  1.000000  0.000000  ANGLE IS   83.52

 SELECTED COORDINATES ROTATED IN THE MAIN SET.

  
 CHARMM>            coor rotate xcen @xpos ycen @ypos zcen @zpos zdir 1.0 -
 CHARMM>                phi @zphi select target end
 Parameter: XPOS -> "20.1965045"
 Parameter: YPOS -> "-31.8297584"
 Parameter: ZPOS -> "15.1213901"
 Parameter: ZPHI -> "326.95473"
 SELRPN>      1 atoms have been selected out of  22374
 ROTATION MATRIX
    0.838240   -0.545302    0.000000
    0.545302    0.838240    0.000000
    0.000000    0.000000    1.000000

 AXIS OF ROTATION IS  0.000000  0.000000 -1.000000  ANGLE IS   33.05

 SELECTED COORDINATES ROTATED IN THE MAIN SET.

  
 CHARMM>     
  
 CHARMM>     
  
 CHARMM>            calc dcut = 3.5
Evaluating: 3.5
 Parameter: DCUT <- "3.5"
  
 CHARMM>     
  
 CHARMM>            coor stat sele target end
 SELRPN>      1 atoms have been selected out of  22374
 STATISTICS FOR         1 SELECTED ATOMS:
    XMIN =   20.196504 XMAX =   20.196504 XAVE =   20.196504
    YMIN =  -31.829758 YMAX =  -31.829758 YAVE =  -31.829758
    ZMIN =   15.121390 ZMAX =   15.121390 ZAVE =   15.121390
    WMIN =   -1.000000 WMAX =   -1.000000 WAVE =   -1.000000
  
 CHARMM>            calc xmax = ?xmax + @dcut
 Parameter: DCUT -> "3.5"
 RDCMND substituted energy or value "?XMAX" to "20.1965045"
Evaluating: 20.1965045+3.5
 Parameter: XMAX <- "23.6965045"
  
 CHARMM>            calc ymax = ?ymax + @dcut
 Parameter: DCUT -> "3.5"
 RDCMND substituted energy or value "?YMAX" to "-31.8297584"
Evaluating: -31.8297584+3.5
 Parameter: YMAX <- "-28.3297584"
  
 CHARMM>            calc zmax = ?zmax + @dcut
 Parameter: DCUT -> "3.5"
 RDCMND substituted energy or value "?ZMAX" to "15.1213901"
Evaluating: 15.1213901+3.5
 Parameter: ZMAX <- "18.6213901"
  
 CHARMM>            calc xmin = ?xmin - @dcut
 Parameter: DCUT -> "3.5"
 RDCMND substituted energy or value "?XMIN" to "20.1965045"
Evaluating: 20.1965045-3.5
 Parameter: XMIN <- "16.6965045"
  
 CHARMM>            calc ymin = ?ymin - @dcut
 Parameter: DCUT -> "3.5"
 RDCMND substituted energy or value "?YMIN" to "-31.8297584"
Evaluating: -31.8297584-3.5
 Parameter: YMIN <- "-35.3297584"
  
 CHARMM>            calc zmin = ?zmin - @dcut
 Parameter: DCUT -> "3.5"
 RDCMND substituted energy or value "?ZMIN" to "15.1213901"
Evaluating: 15.1213901-3.5
 Parameter: ZMIN <- "11.6213901"
  
 CHARMM>     
  
 CHARMM>            define JUNK sele .not. target .and. -
 CHARMM>                             prop X .lt. @xmax .and. prop X .gt. @xmin .and. -
 CHARMM>                             prop Y .lt. @ymax .and. prop Y .gt. @ymin .and. -
 CHARMM>                             prop Z .lt. @zmax .and. prop Z .gt. @zmin  end
 Parameter: XMAX -> "23.6965045"
 Parameter: XMIN -> "16.6965045"
 Parameter: YMAX -> "-28.3297584"
 Parameter: YMIN -> "-35.3297584"
 Parameter: ZMAX -> "18.6213901"
 Parameter: ZMIN -> "11.6213901"
 SELRPN>     47 atoms have been selected out of  22374
  
 CHARMM>     
  
 CHARMM>            ! check if the ions are too close to protein
  
 CHARMM>            define XXX sele PROT end
 SELRPN>      0 atoms have been selected out of  22374
  
 CHARMM>            if ?nsel .gt. 0 then
 RDCMND substituted energy or value "?NSEL" to "0"
 Comparing "0" and "0".
 IF test evaluated as false.  Skip to ELSE or ENDIF
  
 CHARMM>     
  
 CHARMM>            ! check if the ions are too close to solute
  
 CHARMM>            coor dist cut 4.0 sele target end sele JUNK .and. .not. hydrogen end image
 SELRPN>      1 atoms have been selected out of  34208
 SELRPN>     28 atoms have been selected out of  34208

            DISTANCES FOR SELECTED ATOMS
22369 NEG      CLA      12       CLA     -5535 MEMB     SAPE     49       O22           3.8734
22369 NEG      CLA      12       CLA     -7121 MEMB     SAPI     62       C22           3.8623
22369 NEG      CLA      12       CLA     -9349 MEMB     SOPE     81       O22           2.9644
22369 NEG      CLA      12       CLA     -9356 MEMB     SOPE     81       O31           3.9280
22369 NEG      CLA      12       CLA     -9359 MEMB     SOPE     81       C32           3.8768
22369 NEG      CLA      12       CLA     -9960 MEMB     SLPC     86       O11           3.9070
22369 NEG      CLA      12       CLA     -9961 MEMB     SLPC     86       C1            2.8334
22369 NEG      CLA      12       CLA     -9964 MEMB     SLPC     86       C2            1.4540
22369 NEG      CLA      12       CLA     -9966 MEMB     SLPC     86       O21           1.9278
22369 NEG      CLA      12       CLA     -9967 MEMB     SLPC     86       C21           2.7316
22369 NEG      CLA      12       CLA     -9968 MEMB     SLPC     86       O22           3.1428
22369 NEG      CLA      12       CLA     -9969 MEMB     SLPC     86       C22           3.8347
22369 NEG      CLA      12       CLA     -9972 MEMB     SLPC     86       C3            0.7160
22369 NEG      CLA      12       CLA     -9975 MEMB     SLPC     86       O31           1.0632
22369 NEG      CLA      12       CLA     -9976 MEMB     SLPC     86       C31           2.0471
22369 NEG      CLA      12       CLA     -9977 MEMB     SLPC     86       O32           2.6594
22369 NEG      CLA      12       CLA     -9978 MEMB     SLPC     86       C32           3.1556
22369 NEG      CLA      12       CLA     -**** MEMB     SOPE     94       C31           3.9431
22369 NEG      CLA      12       CLA     -**** MEMB     SOPE     94       C32           3.1179
 TOTAL EXCLUSION COUNT =         0
 TOTAL 1-4 EXCLUSIONS  =         0
 TOTAL NON-EXCLUSIONS  =        19
  
 CHARMM>            if ?npair .gt. 0 goto doinit
 RDCMND substituted energy or value "?NPAIR" to "19"
 Comparing "19" and "0".
 IF test evaluated as true.  Performing command
  
 CHARMM>     
  
 CHARMM>            calc cntrand = @cntrand + 1
 Parameter: CNTRAND -> "1"
Evaluating: 1+1
 Parameter: CNTRAND <- "2"
  
 CHARMM>            if cntrand .gt. 100 stop ! ABNORMAL TERMINATION: ion placing may not work.. stop here
 Comparing "2" and "100".
 IF test evaluated as false.  Skipping command
  
 CHARMM>     
  
 CHARMM>            calc j = @i
 Parameter: I -> "49"
Evaluating: 49
 Parameter: J <- "49"
  
 CHARMM>            set ion = POS
 Parameter: ION <- "POS"
  
 CHARMM>     
  
 CHARMM>            if j .gt. @npos then
 Parameter: NPOS -> "37"
 Comparing "49" and "37".
 IF test evaluated as true.  Performing command
  
 CHARMM>               set ion = NEG
 Parameter: ION <- "NEG"
  
 CHARMM>               calc j  = @j - @npos
 Parameter: J -> "49"
 Parameter: NPOS -> "37"
Evaluating: 49-37
 Parameter: J <- "12"
  
 CHARMM>            endif
  
 CHARMM>     
  
 CHARMM>            define target select segid @ion .and. resid @j end
 Parameter: ION -> "NEG"
 Parameter: J -> "12"
 SELRPN>      1 atoms have been selected out of  22374
  
 CHARMM>     
  
 CHARMM>            calc xpos = @A * ( ?random - 0.5 )
 Parameter: A -> "73.4166194"
 RDCMND substituted energy or value "?RANDOM" to "0.582795998"
Evaluating: 73.4166194*(0.582795998-0.5)
 Parameter: XPOS <- "6.07860227"
  
 CHARMM>            calc ypos = @B * ( ?random - 0.5 )
 Parameter: B -> "73.4166194"
 RDCMND substituted energy or value "?RANDOM" to "0.103909255"
Evaluating: 73.4166194*(0.103909255-0.5)
 Parameter: YPOS <- "-29.0796435"
  
 CHARMM>            calc zpos = @C * ( ?random - 0.5 ) + @zcen
 Parameter: C -> "85"
 Parameter: ZCEN -> "0"
 RDCMND substituted energy or value "?RANDOM" to "0.801597268"
Evaluating: 85*(0.801597268-0.5)+0
 Parameter: ZPOS <- "25.6357678"
  
 CHARMM>     
  
 CHARMM>            if zpos .gt. -15 if zpos .lt. 15 goto doinit
 Comparing "25.6357678" and "-15".
 IF test evaluated as true.  Performing command
 Comparing "25.6357678" and "15".
 IF test evaluated as false.  Skipping command
  
 CHARMM>     
  
 CHARMM>            ! move target to selected position
  
 CHARMM>            coor stat select target end
 SELRPN>      1 atoms have been selected out of  22374
 STATISTICS FOR         1 SELECTED ATOMS:
    XMIN =   20.196504 XMAX =   20.196504 XAVE =   20.196504
    YMIN =  -31.829758 YMAX =  -31.829758 YAVE =  -31.829758
    ZMIN =   15.121390 ZMAX =   15.121390 ZAVE =   15.121390
    WMIN =   -1.000000 WMAX =   -1.000000 WAVE =   -1.000000
  
 CHARMM>            calc xtran = @xpos - ?xave
 Parameter: XPOS -> "6.07860227"
 RDCMND substituted energy or value "?XAVE" to "20.1965045"
Evaluating: 6.07860227-20.1965045
 Parameter: XTRAN <- "-14.1179022"
  
 CHARMM>            calc ytran = @ypos - ?yave
 Parameter: YPOS -> "-29.0796435"
 RDCMND substituted energy or value "?YAVE" to "-31.8297584"
Evaluating: -29.0796435--31.8297584
 Parameter: YTRAN <- "2.7501149"
  
 CHARMM>            calc ztran = @zpos - ?zave
 Parameter: ZPOS -> "25.6357678"
 RDCMND substituted energy or value "?ZAVE" to "15.1213901"
Evaluating: 25.6357678-15.1213901
 Parameter: ZTRAN <- "10.5143777"
  
 CHARMM>            coor trans xdir @xtran ydir @ytran zdir @ztran select target end
 Parameter: XTRAN -> "-14.1179022"
 Parameter: YTRAN -> "2.7501149"
 Parameter: ZTRAN -> "10.5143777"
 SELRPN>      1 atoms have been selected out of  22374
 TRANSLATION VECTOR   -14.117902    2.750115   10.514378
 SELECTED COORDINATES TRANSLATED IN THE MAIN SET.

  
 CHARMM>     
  
 CHARMM>            ! apply a random rotation along XYZ
  
 CHARMM>            calc xphi = ?random * 360.0
 RDCMND substituted energy or value "?RANDOM" to "0.184665503"
Evaluating: 0.184665503*360.0
 Parameter: XPHI <- "66.4795811"
  
 CHARMM>            calc yphi = ?random * 360.0
 RDCMND substituted energy or value "?RANDOM" to "0.431194384"
Evaluating: 0.431194384*360.0
 Parameter: YPHI <- "155.229978"
  
 CHARMM>            calc zphi = ?random * 360.0
 RDCMND substituted energy or value "?RANDOM" to "0.554127261"
Evaluating: 0.554127261*360.0
 Parameter: ZPHI <- "199.485814"
  
 CHARMM>            coor rotate xcen @xpos ycen @ypos zcen @zpos xdir 1.0 -
 CHARMM>                phi @xphi select target end
 Parameter: XPOS -> "6.07860227"
 Parameter: YPOS -> "-29.0796435"
 Parameter: ZPOS -> "25.6357678"
 Parameter: XPHI -> "66.4795811"
 SELRPN>      1 atoms have been selected out of  22374
 ROTATION MATRIX
    1.000000    0.000000    0.000000
    0.000000    0.399076    0.916918
    0.000000   -0.916918    0.399076

 AXIS OF ROTATION IS  1.000000  0.000000  0.000000  ANGLE IS   66.48

 SELECTED COORDINATES ROTATED IN THE MAIN SET.

  
 CHARMM>            coor rotate xcen @xpos ycen @ypos zcen @zpos ydir 1.0 -
 CHARMM>                phi @yphi select target end
 Parameter: XPOS -> "6.07860227"
 Parameter: YPOS -> "-29.0796435"
 Parameter: ZPOS -> "25.6357678"
 Parameter: YPHI -> "155.229978"
 SELRPN>      1 atoms have been selected out of  22374
 ROTATION MATRIX
   -0.907997    0.000000   -0.418977
    0.000000    1.000000    0.000000
    0.418977    0.000000   -0.907997

 AXIS OF ROTATION IS  0.000000  1.000000  0.000000  ANGLE IS  155.23

 SELECTED COORDINATES ROTATED IN THE MAIN SET.

  
 CHARMM>            coor rotate xcen @xpos ycen @ypos zcen @zpos zdir 1.0 -
 CHARMM>                phi @zphi select target end
 Parameter: XPOS -> "6.07860227"
 Parameter: YPOS -> "-29.0796435"
 Parameter: ZPOS -> "25.6357678"
 Parameter: ZPHI -> "199.485814"
 SELRPN>      1 atoms have been selected out of  22374
 ROTATION MATRIX
   -0.942724   -0.333573    0.000000
    0.333573   -0.942724    0.000000
    0.000000    0.000000    1.000000

 AXIS OF ROTATION IS  0.000000  0.000000 -1.000000  ANGLE IS  160.51

 SELECTED COORDINATES ROTATED IN THE MAIN SET.

  
 CHARMM>     
  
 CHARMM>     
  
 CHARMM>            calc dcut = 3.5
Evaluating: 3.5
 Parameter: DCUT <- "3.5"
  
 CHARMM>     
  
 CHARMM>            coor stat sele target end
 SELRPN>      1 atoms have been selected out of  22374
 STATISTICS FOR         1 SELECTED ATOMS:
    XMIN =    6.078602 XMAX =    6.078602 XAVE =    6.078602
    YMIN =  -29.079644 YMAX =  -29.079644 YAVE =  -29.079644
    ZMIN =   25.635768 ZMAX =   25.635768 ZAVE =   25.635768
    WMIN =   -1.000000 WMAX =   -1.000000 WAVE =   -1.000000
  
 CHARMM>            calc xmax = ?xmax + @dcut
 Parameter: DCUT -> "3.5"
 RDCMND substituted energy or value "?XMAX" to "6.0786023"
Evaluating: 6.0786023+3.5
 Parameter: XMAX <- "9.5786023"
  
 CHARMM>            calc ymax = ?ymax + @dcut
 Parameter: DCUT -> "3.5"
 RDCMND substituted energy or value "?YMAX" to "-29.0796435"
Evaluating: -29.0796435+3.5
 Parameter: YMAX <- "-25.5796435"
  
 CHARMM>            calc zmax = ?zmax + @dcut
 Parameter: DCUT -> "3.5"
 RDCMND substituted energy or value "?ZMAX" to "25.6357678"
Evaluating: 25.6357678+3.5
 Parameter: ZMAX <- "29.1357678"
  
 CHARMM>            calc xmin = ?xmin - @dcut
 Parameter: DCUT -> "3.5"
 RDCMND substituted energy or value "?XMIN" to "6.0786023"
Evaluating: 6.0786023-3.5
 Parameter: XMIN <- "2.5786023"
  
 CHARMM>            calc ymin = ?ymin - @dcut
 Parameter: DCUT -> "3.5"
 RDCMND substituted energy or value "?YMIN" to "-29.0796435"
Evaluating: -29.0796435-3.5
 Parameter: YMIN <- "-32.5796435"
  
 CHARMM>            calc zmin = ?zmin - @dcut
 Parameter: DCUT -> "3.5"
 RDCMND substituted energy or value "?ZMIN" to "25.6357678"
Evaluating: 25.6357678-3.5
 Parameter: ZMIN <- "22.1357678"
  
 CHARMM>     
  
 CHARMM>            define JUNK sele .not. target .and. -
 CHARMM>                             prop X .lt. @xmax .and. prop X .gt. @xmin .and. -
 CHARMM>                             prop Y .lt. @ymax .and. prop Y .gt. @ymin .and. -
 CHARMM>                             prop Z .lt. @zmax .and. prop Z .gt. @zmin  end
 Parameter: XMAX -> "9.5786023"
 Parameter: XMIN -> "2.5786023"
 Parameter: YMAX -> "-25.5796435"
 Parameter: YMIN -> "-32.5796435"
 Parameter: ZMAX -> "29.1357678"
 Parameter: ZMIN -> "22.1357678"
 SELRPN>      5 atoms have been selected out of  22374
  
 CHARMM>     
  
 CHARMM>            ! check if the ions are too close to protein
  
 CHARMM>            define XXX sele PROT end
 SELRPN>      0 atoms have been selected out of  22374
  
 CHARMM>            if ?nsel .gt. 0 then
 RDCMND substituted energy or value "?NSEL" to "0"
 Comparing "0" and "0".
 IF test evaluated as false.  Skip to ELSE or ENDIF
  
 CHARMM>     
  
 CHARMM>            ! check if the ions are too close to solute
  
 CHARMM>            coor dist cut 4.0 sele target end sele JUNK .and. .not. hydrogen end image
 SELRPN>      1 atoms have been selected out of  34208
 SELRPN>      3 atoms have been selected out of  34208

            DISTANCES FOR SELECTED ATOMS
22369 NEG      CLA      12       CLA     -4300 MEMB     SAPI     39       C13           3.9126
22369 NEG      CLA      12       CLA     -4302 MEMB     SAPI     39       O3            2.5439
 TOTAL EXCLUSION COUNT =         0
 TOTAL 1-4 EXCLUSIONS  =         0
 TOTAL NON-EXCLUSIONS  =         2
  
 CHARMM>            if ?npair .gt. 0 goto doinit
 RDCMND substituted energy or value "?NPAIR" to "2"
 Comparing "2" and "0".
 IF test evaluated as true.  Performing command
  
 CHARMM>     
  
 CHARMM>            calc cntrand = @cntrand + 1
 Parameter: CNTRAND -> "2"
Evaluating: 2+1
 Parameter: CNTRAND <- "3"
  
 CHARMM>            if cntrand .gt. 100 stop ! ABNORMAL TERMINATION: ion placing may not work.. stop here
 Comparing "3" and "100".
 IF test evaluated as false.  Skipping command
  
 CHARMM>     
  
 CHARMM>            calc j = @i
 Parameter: I -> "49"
Evaluating: 49
 Parameter: J <- "49"
  
 CHARMM>            set ion = POS
 Parameter: ION <- "POS"
  
 CHARMM>     
  
 CHARMM>            if j .gt. @npos then
 Parameter: NPOS -> "37"
 Comparing "49" and "37".
 IF test evaluated as true.  Performing command
  
 CHARMM>               set ion = NEG
 Parameter: ION <- "NEG"
  
 CHARMM>               calc j  = @j - @npos
 Parameter: J -> "49"
 Parameter: NPOS -> "37"
Evaluating: 49-37
 Parameter: J <- "12"
  
 CHARMM>            endif
  
 CHARMM>     
  
 CHARMM>            define target select segid @ion .and. resid @j end
 Parameter: ION -> "NEG"
 Parameter: J -> "12"
 SELRPN>      1 atoms have been selected out of  22374
  
 CHARMM>     
  
 CHARMM>            calc xpos = @A * ( ?random - 0.5 )
 Parameter: A -> "73.4166194"
 RDCMND substituted energy or value "?RANDOM" to "0.676483418"
Evaluating: 73.4166194*(0.676483418-0.5)
 Parameter: XPOS <- "12.9568159"
  
 CHARMM>            calc ypos = @B * ( ?random - 0.5 )
 Parameter: B -> "73.4166194"
 RDCMND substituted energy or value "?RANDOM" to "0.451423068"
Evaluating: 73.4166194*(0.451423068-0.5)
 Parameter: YPOS <- "-3.56635413"
  
 CHARMM>            calc zpos = @C * ( ?random - 0.5 ) + @zcen
 Parameter: C -> "85"
 Parameter: ZCEN -> "0"
 RDCMND substituted energy or value "?RANDOM" to "0.956685966"
Evaluating: 85*(0.956685966-0.5)+0
 Parameter: ZPOS <- "38.8183071"
  
 CHARMM>     
  
 CHARMM>            if zpos .gt. -15 if zpos .lt. 15 goto doinit
 Comparing "38.8183071" and "-15".
 IF test evaluated as true.  Performing command
 Comparing "38.8183071" and "15".
 IF test evaluated as false.  Skipping command
  
 CHARMM>     
  
 CHARMM>            ! move target to selected position
  
 CHARMM>            coor stat select target end
 SELRPN>      1 atoms have been selected out of  22374
 STATISTICS FOR         1 SELECTED ATOMS:
    XMIN =    6.078602 XMAX =    6.078602 XAVE =    6.078602
    YMIN =  -29.079644 YMAX =  -29.079644 YAVE =  -29.079644
    ZMIN =   25.635768 ZMAX =   25.635768 ZAVE =   25.635768
    WMIN =   -1.000000 WMAX =   -1.000000 WAVE =   -1.000000
  
 CHARMM>            calc xtran = @xpos - ?xave
 Parameter: XPOS -> "12.9568159"
 RDCMND substituted energy or value "?XAVE" to "6.0786023"
Evaluating: 12.9568159-6.0786023
 Parameter: XTRAN <- "6.8782136"
  
 CHARMM>            calc ytran = @ypos - ?yave
 Parameter: YPOS -> "-3.56635413"
 RDCMND substituted energy or value "?YAVE" to "-29.0796435"
Evaluating: -3.56635413--29.0796435
 Parameter: YTRAN <- "25.5132894"
  
 CHARMM>            calc ztran = @zpos - ?zave
 Parameter: ZPOS -> "38.8183071"
 RDCMND substituted energy or value "?ZAVE" to "25.6357678"
Evaluating: 38.8183071-25.6357678
 Parameter: ZTRAN <- "13.1825393"
  
 CHARMM>            coor trans xdir @xtran ydir @ytran zdir @ztran select target end
 Parameter: XTRAN -> "6.8782136"
 Parameter: YTRAN -> "25.5132894"
 Parameter: ZTRAN -> "13.1825393"
 SELRPN>      1 atoms have been selected out of  22374
 TRANSLATION VECTOR     6.878214   25.513289   13.182539
 SELECTED COORDINATES TRANSLATED IN THE MAIN SET.

  
 CHARMM>     
  
 CHARMM>            ! apply a random rotation along XYZ
  
 CHARMM>            calc xphi = ?random * 360.0
 RDCMND substituted energy or value "?RANDOM" to "0.831169274"
Evaluating: 0.831169274*360.0
 Parameter: XPHI <- "299.220939"
  
 CHARMM>            calc yphi = ?random * 360.0
 RDCMND substituted energy or value "?RANDOM" to "0.102717093"
Evaluating: 0.102717093*360.0
 Parameter: YPHI <- "36.9781535"
  
 CHARMM>            calc zphi = ?random * 360.0
 RDCMND substituted energy or value "?RANDOM" to "0.113337791"
Evaluating: 0.113337791*360.0
 Parameter: ZPHI <- "40.8016048"
  
 CHARMM>            coor rotate xcen @xpos ycen @ypos zcen @zpos xdir 1.0 -
 CHARMM>                phi @xphi select target end
 Parameter: XPOS -> "12.9568159"
 Parameter: YPOS -> "-3.56635413"
 Parameter: ZPOS -> "38.8183071"
 Parameter: XPHI -> "299.220939"
 SELRPN>      1 atoms have been selected out of  22374
 ROTATION MATRIX
    1.000000    0.000000    0.000000
    0.000000    0.488179   -0.872744
    0.000000    0.872744    0.488179

 AXIS OF ROTATION IS -1.000000  0.000000  0.000000  ANGLE IS   60.78

 SELECTED COORDINATES ROTATED IN THE MAIN SET.

  
 CHARMM>            coor rotate xcen @xpos ycen @ypos zcen @zpos ydir 1.0 -
 CHARMM>                phi @yphi select target end
 Parameter: XPOS -> "12.9568159"
 Parameter: YPOS -> "-3.56635413"
 Parameter: ZPOS -> "38.8183071"
 Parameter: YPHI -> "36.9781535"
 SELRPN>      1 atoms have been selected out of  22374
 ROTATION MATRIX
    0.798865    0.000000   -0.601510
    0.000000    1.000000    0.000000
    0.601510    0.000000    0.798865

 AXIS OF ROTATION IS  0.000000  1.000000  0.000000  ANGLE IS   36.98

 SELECTED COORDINATES ROTATED IN THE MAIN SET.

  
 CHARMM>            coor rotate xcen @xpos ycen @ypos zcen @zpos zdir 1.0 -
 CHARMM>                phi @zphi select target end
 Parameter: XPOS -> "12.9568159"
 Parameter: YPOS -> "-3.56635413"
 Parameter: ZPOS -> "38.8183071"
 Parameter: ZPHI -> "40.8016048"
 SELRPN>      1 atoms have been selected out of  22374
 ROTATION MATRIX
    0.756977    0.653442    0.000000
   -0.653442    0.756977    0.000000
    0.000000    0.000000    1.000000

 AXIS OF ROTATION IS  0.000000  0.000000  1.000000  ANGLE IS   40.80

 SELECTED COORDINATES ROTATED IN THE MAIN SET.

  
 CHARMM>     
  
 CHARMM>     
  
 CHARMM>            calc dcut = 3.5
Evaluating: 3.5
 Parameter: DCUT <- "3.5"
  
 CHARMM>     
  
 CHARMM>            coor stat sele target end
 SELRPN>      1 atoms have been selected out of  22374
 STATISTICS FOR         1 SELECTED ATOMS:
    XMIN =   12.956816 XMAX =   12.956816 XAVE =   12.956816
    YMIN =   -3.566354 YMAX =   -3.566354 YAVE =   -3.566354
    ZMIN =   38.818307 ZMAX =   38.818307 ZAVE =   38.818307
    WMIN =   -1.000000 WMAX =   -1.000000 WAVE =   -1.000000
  
 CHARMM>            calc xmax = ?xmax + @dcut
 Parameter: DCUT -> "3.5"
 RDCMND substituted energy or value "?XMAX" to "12.9568159"
Evaluating: 12.9568159+3.5
 Parameter: XMAX <- "16.4568159"
  
 CHARMM>            calc ymax = ?ymax + @dcut
 Parameter: DCUT -> "3.5"
 RDCMND substituted energy or value "?YMAX" to "-3.56635412"
Evaluating: -3.56635412+3.5
 Parameter: YMAX <- "-6.635412E-02"
  
 CHARMM>            calc zmax = ?zmax + @dcut
 Parameter: DCUT -> "3.5"
 RDCMND substituted energy or value "?ZMAX" to "38.8183071"
Evaluating: 38.8183071+3.5
 Parameter: ZMAX <- "42.3183071"
  
 CHARMM>            calc xmin = ?xmin - @dcut
 Parameter: DCUT -> "3.5"
 RDCMND substituted energy or value "?XMIN" to "12.9568159"
Evaluating: 12.9568159-3.5
 Parameter: XMIN <- "9.4568159"
  
 CHARMM>            calc ymin = ?ymin - @dcut
 Parameter: DCUT -> "3.5"
 RDCMND substituted energy or value "?YMIN" to "-3.56635412"
Evaluating: -3.56635412-3.5
 Parameter: YMIN <- "-7.06635412"
  
 CHARMM>            calc zmin = ?zmin - @dcut
 Parameter: DCUT -> "3.5"
 RDCMND substituted energy or value "?ZMIN" to "38.8183071"
Evaluating: 38.8183071-3.5
 Parameter: ZMIN <- "35.3183071"
  
 CHARMM>     
  
 CHARMM>            define JUNK sele .not. target .and. -
 CHARMM>                             prop X .lt. @xmax .and. prop X .gt. @xmin .and. -
 CHARMM>                             prop Y .lt. @ymax .and. prop Y .gt. @ymin .and. -
 CHARMM>                             prop Z .lt. @zmax .and. prop Z .gt. @zmin  end
 Parameter: XMAX -> "16.4568159"
 Parameter: XMIN -> "9.4568159"
 Parameter: YMAX -> "-6.635412E-02"
 Parameter: YMIN -> "-7.06635412"
 Parameter: ZMAX -> "42.3183071"
 Parameter: ZMIN -> "35.3183071"
 SELRPN>      0 atoms have been selected out of  22374
  
 CHARMM>     
  
 CHARMM>            ! check if the ions are too close to protein
  
 CHARMM>            define XXX sele PROT end
 SELRPN>      0 atoms have been selected out of  22374
  
 CHARMM>            if ?nsel .gt. 0 then
 RDCMND substituted energy or value "?NSEL" to "0"
 Comparing "0" and "0".
 IF test evaluated as false.  Skip to ELSE or ENDIF
  
 CHARMM>     
  
 CHARMM>            ! check if the ions are too close to solute
  
 CHARMM>            coor dist cut 4.0 sele target end sele JUNK .and. .not. hydrogen end image
 SELRPN>      1 atoms have been selected out of  34208
 SELRPN>      0 atoms have been selected out of  34208

            DISTANCES FOR SELECTED ATOMS
            ONLY ONE SELECTION SET SPECIFIED, A COMPARISON WILL BE DONE
 TOTAL EXCLUSION COUNT =         0
 TOTAL 1-4 EXCLUSIONS  =         0
 TOTAL NON-EXCLUSIONS  =         0
  
 CHARMM>            if ?npair .gt. 0 goto doinit
 RDCMND substituted energy or value "?NPAIR" to "0"
 Comparing "0" and "0".
 IF test evaluated as false.  Skipping command
  
 CHARMM>     
  
 CHARMM>            calc cntrand = 0
Evaluating: 0
 Parameter: CNTRAND <- "0"
  
 CHARMM>            increase i by 1
 Parameter: I <- "50"
  
 CHARMM>            if i .le. @nion goto doinit
 Parameter: NION -> "54"
 Comparing "50" and "54".
 IF test evaluated as true.  Performing command
  
 CHARMM>     
  
 CHARMM>            calc cntrand = @cntrand + 1
 Parameter: CNTRAND -> "0"
Evaluating: 0+1
 Parameter: CNTRAND <- "1"
  
 CHARMM>            if cntrand .gt. 100 stop ! ABNORMAL TERMINATION: ion placing may not work.. stop here
 Comparing "1" and "100".
 IF test evaluated as false.  Skipping command
  
 CHARMM>     
  
 CHARMM>            calc j = @i
 Parameter: I -> "50"
Evaluating: 50
 Parameter: J <- "50"
  
 CHARMM>            set ion = POS
 Parameter: ION <- "POS"
  
 CHARMM>     
  
 CHARMM>            if j .gt. @npos then
 Parameter: NPOS -> "37"
 Comparing "50" and "37".
 IF test evaluated as true.  Performing command
  
 CHARMM>               set ion = NEG
 Parameter: ION <- "NEG"
  
 CHARMM>               calc j  = @j - @npos
 Parameter: J -> "50"
 Parameter: NPOS -> "37"
Evaluating: 50-37
 Parameter: J <- "13"
  
 CHARMM>            endif
  
 CHARMM>     
  
 CHARMM>            define target select segid @ion .and. resid @j end
 Parameter: ION -> "NEG"
 Parameter: J -> "13"
 SELRPN>      1 atoms have been selected out of  22374
  
 CHARMM>     
  
 CHARMM>            calc xpos = @A * ( ?random - 0.5 )
 Parameter: A -> "73.4166194"
 RDCMND substituted energy or value "?RANDOM" to "0.255485672"
Evaluating: 73.4166194*(0.255485672-0.5)
 Parameter: XPOS <- "-17.9514154"
  
 CHARMM>            calc ypos = @B * ( ?random - 0.5 )
 Parameter: B -> "73.4166194"
 RDCMND substituted energy or value "?RANDOM" to "0.11670675"
Evaluating: 73.4166194*(0.11670675-0.5)
 Parameter: YPOS <- "-28.1400947"
  
 CHARMM>            calc zpos = @C * ( ?random - 0.5 ) + @zcen
 Parameter: C -> "85"
 Parameter: ZCEN -> "0"
 RDCMND substituted energy or value "?RANDOM" to "0.984781095"
Evaluating: 85*(0.984781095-0.5)+0
 Parameter: ZPOS <- "41.2063931"
  
 CHARMM>     
  
 CHARMM>            if zpos .gt. -15 if zpos .lt. 15 goto doinit
 Comparing "41.2063931" and "-15".
 IF test evaluated as true.  Performing command
 Comparing "41.2063931" and "15".
 IF test evaluated as false.  Skipping command
  
 CHARMM>     
  
 CHARMM>            ! move target to selected position
  
 CHARMM>            coor stat select target end
 SELRPN>      1 atoms have been selected out of  22374
 STATISTICS FOR         1 SELECTED ATOMS:
    XMIN =    0.000000 XMAX =    0.000000 XAVE =    0.000000
    YMIN =    0.000000 YMAX =    0.000000 YAVE =    0.000000
    ZMIN =    0.000000 ZMAX =    0.000000 ZAVE =    0.000000
    WMIN =   -1.000000 WMAX =   -1.000000 WAVE =   -1.000000
  
 CHARMM>            calc xtran = @xpos - ?xave
 Parameter: XPOS -> "-17.9514154"
 RDCMND substituted energy or value "?XAVE" to "0"
Evaluating: -17.9514154-0
 Parameter: XTRAN <- "-17.9514154"
  
 CHARMM>            calc ytran = @ypos - ?yave
 Parameter: YPOS -> "-28.1400947"
 RDCMND substituted energy or value "?YAVE" to "0"
Evaluating: -28.1400947-0
 Parameter: YTRAN <- "-28.1400947"
  
 CHARMM>            calc ztran = @zpos - ?zave
 Parameter: ZPOS -> "41.2063931"
 RDCMND substituted energy or value "?ZAVE" to "0"
Evaluating: 41.2063931-0
 Parameter: ZTRAN <- "41.2063931"
  
 CHARMM>            coor trans xdir @xtran ydir @ytran zdir @ztran select target end
 Parameter: XTRAN -> "-17.9514154"
 Parameter: YTRAN -> "-28.1400947"
 Parameter: ZTRAN -> "41.2063931"
 SELRPN>      1 atoms have been selected out of  22374
 TRANSLATION VECTOR   -17.951415  -28.140095   41.206393
 SELECTED COORDINATES TRANSLATED IN THE MAIN SET.

  
 CHARMM>     
  
 CHARMM>            ! apply a random rotation along XYZ
  
 CHARMM>            calc xphi = ?random * 360.0
 RDCMND substituted energy or value "?RANDOM" to "0.693072211"
Evaluating: 0.693072211*360.0
 Parameter: XPHI <- "249.505996"
  
 CHARMM>            calc yphi = ?random * 360.0
 RDCMND substituted energy or value "?RANDOM" to "0.122771799"
Evaluating: 0.122771799*360.0
 Parameter: YPHI <- "44.1978476"
  
 CHARMM>            calc zphi = ?random * 360.0
 RDCMND substituted energy or value "?RANDOM" to "0.804595503"
Evaluating: 0.804595503*360.0
 Parameter: ZPHI <- "289.654381"
  
 CHARMM>            coor rotate xcen @xpos ycen @ypos zcen @zpos xdir 1.0 -
 CHARMM>                phi @xphi select target end
 Parameter: XPOS -> "-17.9514154"
 Parameter: YPOS -> "-28.1400947"
 Parameter: ZPOS -> "41.2063931"
 Parameter: XPHI -> "249.505996"
 SELRPN>      1 atoms have been selected out of  22374
 ROTATION MATRIX
    1.000000    0.000000    0.000000
    0.000000   -0.350109   -0.936709
    0.000000    0.936709   -0.350109

 AXIS OF ROTATION IS -1.000000  0.000000  0.000000  ANGLE IS  110.49

 SELECTED COORDINATES ROTATED IN THE MAIN SET.

  
 CHARMM>            coor rotate xcen @xpos ycen @ypos zcen @zpos ydir 1.0 -
 CHARMM>                phi @yphi select target end
 Parameter: XPOS -> "-17.9514154"
 Parameter: YPOS -> "-28.1400947"
 Parameter: ZPOS -> "41.2063931"
 Parameter: YPHI -> "44.1978476"
 SELRPN>      1 atoms have been selected out of  22374
 ROTATION MATRIX
    0.716937    0.000000   -0.697138
    0.000000    1.000000    0.000000
    0.697138    0.000000    0.716937

 AXIS OF ROTATION IS  0.000000  1.000000  0.000000  ANGLE IS   44.20

 SELECTED COORDINATES ROTATED IN THE MAIN SET.

  
 CHARMM>            coor rotate xcen @xpos ycen @ypos zcen @zpos zdir 1.0 -
 CHARMM>                phi @zphi select target end
 Parameter: XPOS -> "-17.9514154"
 Parameter: YPOS -> "-28.1400947"
 Parameter: ZPOS -> "41.2063931"
 Parameter: ZPHI -> "289.654381"
 SELRPN>      1 atoms have been selected out of  22374
 ROTATION MATRIX
    0.336346   -0.941739    0.000000
    0.941739    0.336346    0.000000
    0.000000    0.000000    1.000000

 AXIS OF ROTATION IS  0.000000  0.000000 -1.000000  ANGLE IS   70.35

 SELECTED COORDINATES ROTATED IN THE MAIN SET.

  
 CHARMM>     
  
 CHARMM>     
  
 CHARMM>            calc dcut = 3.5
Evaluating: 3.5
 Parameter: DCUT <- "3.5"
  
 CHARMM>     
  
 CHARMM>            coor stat sele target end
 SELRPN>      1 atoms have been selected out of  22374
 STATISTICS FOR         1 SELECTED ATOMS:
    XMIN =  -17.951415 XMAX =  -17.951415 XAVE =  -17.951415
    YMIN =  -28.140095 YMAX =  -28.140095 YAVE =  -28.140095
    ZMIN =   41.206393 ZMAX =   41.206393 ZAVE =   41.206393
    WMIN =   -1.000000 WMAX =   -1.000000 WAVE =   -1.000000
  
 CHARMM>            calc xmax = ?xmax + @dcut
 Parameter: DCUT -> "3.5"
 RDCMND substituted energy or value "?XMAX" to "-17.9514154"
Evaluating: -17.9514154+3.5
 Parameter: XMAX <- "-14.4514154"
  
 CHARMM>            calc ymax = ?ymax + @dcut
 Parameter: DCUT -> "3.5"
 RDCMND substituted energy or value "?YMAX" to "-28.1400947"
Evaluating: -28.1400947+3.5
 Parameter: YMAX <- "-24.6400947"
  
 CHARMM>            calc zmax = ?zmax + @dcut
 Parameter: DCUT -> "3.5"
 RDCMND substituted energy or value "?ZMAX" to "41.2063931"
Evaluating: 41.2063931+3.5
 Parameter: ZMAX <- "44.7063931"
  
 CHARMM>            calc xmin = ?xmin - @dcut
 Parameter: DCUT -> "3.5"
 RDCMND substituted energy or value "?XMIN" to "-17.9514154"
Evaluating: -17.9514154-3.5
 Parameter: XMIN <- "-21.4514154"
  
 CHARMM>            calc ymin = ?ymin - @dcut
 Parameter: DCUT -> "3.5"
 RDCMND substituted energy or value "?YMIN" to "-28.1400947"
Evaluating: -28.1400947-3.5
 Parameter: YMIN <- "-31.6400947"
  
 CHARMM>            calc zmin = ?zmin - @dcut
 Parameter: DCUT -> "3.5"
 RDCMND substituted energy or value "?ZMIN" to "41.2063931"
Evaluating: 41.2063931-3.5
 Parameter: ZMIN <- "37.7063931"
  
 CHARMM>     
  
 CHARMM>            define JUNK sele .not. target .and. -
 CHARMM>                             prop X .lt. @xmax .and. prop X .gt. @xmin .and. -
 CHARMM>                             prop Y .lt. @ymax .and. prop Y .gt. @ymin .and. -
 CHARMM>                             prop Z .lt. @zmax .and. prop Z .gt. @zmin  end
 Parameter: XMAX -> "-14.4514154"
 Parameter: XMIN -> "-21.4514154"
 Parameter: YMAX -> "-24.6400947"
 Parameter: YMIN -> "-31.6400947"
 Parameter: ZMAX -> "44.7063931"
 Parameter: ZMIN -> "37.7063931"
 SELRPN>      0 atoms have been selected out of  22374
  
 CHARMM>     
  
 CHARMM>            ! check if the ions are too close to protein
  
 CHARMM>            define XXX sele PROT end
 SELRPN>      0 atoms have been selected out of  22374
  
 CHARMM>            if ?nsel .gt. 0 then
 RDCMND substituted energy or value "?NSEL" to "0"
 Comparing "0" and "0".
 IF test evaluated as false.  Skip to ELSE or ENDIF
  
 CHARMM>     
  
 CHARMM>            ! check if the ions are too close to solute
  
 CHARMM>            coor dist cut 4.0 sele target end sele JUNK .and. .not. hydrogen end image
 SELRPN>      1 atoms have been selected out of  34208
 SELRPN>      0 atoms have been selected out of  34208

            DISTANCES FOR SELECTED ATOMS
            ONLY ONE SELECTION SET SPECIFIED, A COMPARISON WILL BE DONE
 TOTAL EXCLUSION COUNT =         0
 TOTAL 1-4 EXCLUSIONS  =         0
 TOTAL NON-EXCLUSIONS  =         0
  
 CHARMM>            if ?npair .gt. 0 goto doinit
 RDCMND substituted energy or value "?NPAIR" to "0"
 Comparing "0" and "0".
 IF test evaluated as false.  Skipping command
  
 CHARMM>     
  
 CHARMM>            calc cntrand = 0
Evaluating: 0
 Parameter: CNTRAND <- "0"
  
 CHARMM>            increase i by 1
 Parameter: I <- "51"
  
 CHARMM>            if i .le. @nion goto doinit
 Parameter: NION -> "54"
 Comparing "51" and "54".
 IF test evaluated as true.  Performing command
  
 CHARMM>     
  
 CHARMM>            calc cntrand = @cntrand + 1
 Parameter: CNTRAND -> "0"
Evaluating: 0+1
 Parameter: CNTRAND <- "1"
  
 CHARMM>            if cntrand .gt. 100 stop ! ABNORMAL TERMINATION: ion placing may not work.. stop here
 Comparing "1" and "100".
 IF test evaluated as false.  Skipping command
  
 CHARMM>     
  
 CHARMM>            calc j = @i
 Parameter: I -> "51"
Evaluating: 51
 Parameter: J <- "51"
  
 CHARMM>            set ion = POS
 Parameter: ION <- "POS"
  
 CHARMM>     
  
 CHARMM>            if j .gt. @npos then
 Parameter: NPOS -> "37"
 Comparing "51" and "37".
 IF test evaluated as true.  Performing command
  
 CHARMM>               set ion = NEG
 Parameter: ION <- "NEG"
  
 CHARMM>               calc j  = @j - @npos
 Parameter: J -> "51"
 Parameter: NPOS -> "37"
Evaluating: 51-37
 Parameter: J <- "14"
  
 CHARMM>            endif
  
 CHARMM>     
  
 CHARMM>            define target select segid @ion .and. resid @j end
 Parameter: ION -> "NEG"
 Parameter: J -> "14"
 SELRPN>      1 atoms have been selected out of  22374
  
 CHARMM>     
  
 CHARMM>            calc xpos = @A * ( ?random - 0.5 )
 Parameter: A -> "73.4166194"
 RDCMND substituted energy or value "?RANDOM" to "0.678669613"
Evaluating: 73.4166194*(0.678669613-0.5)
 Parameter: XPOS <- "13.117319"
  
 CHARMM>            calc ypos = @B * ( ?random - 0.5 )
 Parameter: B -> "73.4166194"
 RDCMND substituted energy or value "?RANDOM" to "0.128894067"
Evaluating: 73.4166194*(0.128894067-0.5)
 Parameter: YPOS <- "-27.245343"
  
 CHARMM>            calc zpos = @C * ( ?random - 0.5 ) + @zcen
 Parameter: C -> "85"
 Parameter: ZCEN -> "0"
 RDCMND substituted energy or value "?RANDOM" to "3.94825592E-02"
Evaluating: 85*(3.94825592E-02-0.5)+0
 Parameter: ZPOS <- "-39.1439825"
  
 CHARMM>     
  
 CHARMM>            if zpos .gt. -15 if zpos .lt. 15 goto doinit
 Comparing "-39.1439825" and "-15".
 IF test evaluated as false.  Skipping command
  
 CHARMM>     
  
 CHARMM>            ! move target to selected position
  
 CHARMM>            coor stat select target end
 SELRPN>      1 atoms have been selected out of  22374
 STATISTICS FOR         1 SELECTED ATOMS:
    XMIN =    0.000000 XMAX =    0.000000 XAVE =    0.000000
    YMIN =    0.000000 YMAX =    0.000000 YAVE =    0.000000
    ZMIN =    0.000000 ZMAX =    0.000000 ZAVE =    0.000000
    WMIN =   -1.000000 WMAX =   -1.000000 WAVE =   -1.000000
  
 CHARMM>            calc xtran = @xpos - ?xave
 Parameter: XPOS -> "13.117319"
 RDCMND substituted energy or value "?XAVE" to "0"
Evaluating: 13.117319-0
 Parameter: XTRAN <- "13.117319"
  
 CHARMM>            calc ytran = @ypos - ?yave
 Parameter: YPOS -> "-27.245343"
 RDCMND substituted energy or value "?YAVE" to "0"
Evaluating: -27.245343-0
 Parameter: YTRAN <- "-27.245343"
  
 CHARMM>            calc ztran = @zpos - ?zave
 Parameter: ZPOS -> "-39.1439825"
 RDCMND substituted energy or value "?ZAVE" to "0"
Evaluating: -39.1439825-0
 Parameter: ZTRAN <- "-39.1439825"
  
 CHARMM>            coor trans xdir @xtran ydir @ytran zdir @ztran select target end
 Parameter: XTRAN -> "13.117319"
 Parameter: YTRAN -> "-27.245343"
 Parameter: ZTRAN -> "-39.1439825"
 SELRPN>      1 atoms have been selected out of  22374
 TRANSLATION VECTOR    13.117319  -27.245343  -39.143982
 SELECTED COORDINATES TRANSLATED IN THE MAIN SET.

  
 CHARMM>     
  
 CHARMM>            ! apply a random rotation along XYZ
  
 CHARMM>            calc xphi = ?random * 360.0
 RDCMND substituted energy or value "?RANDOM" to "0.675921281"
Evaluating: 0.675921281*360.0
 Parameter: XPHI <- "243.331661"
  
 CHARMM>            calc yphi = ?random * 360.0
 RDCMND substituted energy or value "?RANDOM" to "0.126395577"
Evaluating: 0.126395577*360.0
 Parameter: YPHI <- "45.5024077"
  
 CHARMM>            calc zphi = ?random * 360.0
 RDCMND substituted energy or value "?RANDOM" to "0.484993597"
Evaluating: 0.484993597*360.0
 Parameter: ZPHI <- "174.597695"
  
 CHARMM>            coor rotate xcen @xpos ycen @ypos zcen @zpos xdir 1.0 -
 CHARMM>                phi @xphi select target end
 Parameter: XPOS -> "13.117319"
 Parameter: YPOS -> "-27.245343"
 Parameter: ZPOS -> "-39.1439825"
 Parameter: XPHI -> "243.331661"
 SELRPN>      1 atoms have been selected out of  22374
 ROTATION MATRIX
    1.000000    0.000000    0.000000
    0.000000   -0.448825   -0.893620
    0.000000    0.893620   -0.448825

 AXIS OF ROTATION IS -1.000000  0.000000  0.000000  ANGLE IS  116.67

 SELECTED COORDINATES ROTATED IN THE MAIN SET.

  
 CHARMM>            coor rotate xcen @xpos ycen @ypos zcen @zpos ydir 1.0 -
 CHARMM>                phi @yphi select target end
 Parameter: XPOS -> "13.117319"
 Parameter: YPOS -> "-27.245343"
 Parameter: ZPOS -> "-39.1439825"
 Parameter: YPHI -> "45.5024077"
 SELRPN>      1 atoms have been selected out of  22374
 ROTATION MATRIX
    0.700879    0.000000   -0.713280
    0.000000    1.000000    0.000000
    0.713280    0.000000    0.700879

 AXIS OF ROTATION IS  0.000000  1.000000  0.000000  ANGLE IS   45.50

 SELECTED COORDINATES ROTATED IN THE MAIN SET.

  
 CHARMM>            coor rotate xcen @xpos ycen @ypos zcen @zpos zdir 1.0 -
 CHARMM>                phi @zphi select target end
 Parameter: XPOS -> "13.117319"
 Parameter: YPOS -> "-27.245343"
 Parameter: ZPOS -> "-39.1439825"
 Parameter: ZPHI -> "174.597695"
 SELRPN>      1 atoms have been selected out of  22374
 ROTATION MATRIX
   -0.995558    0.094148    0.000000
   -0.094148   -0.995558    0.000000
    0.000000    0.000000    1.000000

 AXIS OF ROTATION IS  0.000000  0.000000  1.000000  ANGLE IS  174.60

 SELECTED COORDINATES ROTATED IN THE MAIN SET.

  
 CHARMM>     
  
 CHARMM>     
  
 CHARMM>            calc dcut = 3.5
Evaluating: 3.5
 Parameter: DCUT <- "3.5"
  
 CHARMM>     
  
 CHARMM>            coor stat sele target end
 SELRPN>      1 atoms have been selected out of  22374
 STATISTICS FOR         1 SELECTED ATOMS:
    XMIN =   13.117319 XMAX =   13.117319 XAVE =   13.117319
    YMIN =  -27.245343 YMAX =  -27.245343 YAVE =  -27.245343
    ZMIN =  -39.143982 ZMAX =  -39.143982 ZAVE =  -39.143982
    WMIN =   -1.000000 WMAX =   -1.000000 WAVE =   -1.000000
  
 CHARMM>            calc xmax = ?xmax + @dcut
 Parameter: DCUT -> "3.5"
 RDCMND substituted energy or value "?XMAX" to "13.117319"
Evaluating: 13.117319+3.5
 Parameter: XMAX <- "16.617319"
  
 CHARMM>            calc ymax = ?ymax + @dcut
 Parameter: DCUT -> "3.5"
 RDCMND substituted energy or value "?YMAX" to "-27.245343"
Evaluating: -27.245343+3.5
 Parameter: YMAX <- "-23.745343"
  
 CHARMM>            calc zmax = ?zmax + @dcut
 Parameter: DCUT -> "3.5"
 RDCMND substituted energy or value "?ZMAX" to "-39.1439825"
Evaluating: -39.1439825+3.5
 Parameter: ZMAX <- "-35.6439825"
  
 CHARMM>            calc xmin = ?xmin - @dcut
 Parameter: DCUT -> "3.5"
 RDCMND substituted energy or value "?XMIN" to "13.117319"
Evaluating: 13.117319-3.5
 Parameter: XMIN <- "9.617319"
  
 CHARMM>            calc ymin = ?ymin - @dcut
 Parameter: DCUT -> "3.5"
 RDCMND substituted energy or value "?YMIN" to "-27.245343"
Evaluating: -27.245343-3.5
 Parameter: YMIN <- "-30.745343"
  
 CHARMM>            calc zmin = ?zmin - @dcut
 Parameter: DCUT -> "3.5"
 RDCMND substituted energy or value "?ZMIN" to "-39.1439825"
Evaluating: -39.1439825-3.5
 Parameter: ZMIN <- "-42.6439825"
  
 CHARMM>     
  
 CHARMM>            define JUNK sele .not. target .and. -
 CHARMM>                             prop X .lt. @xmax .and. prop X .gt. @xmin .and. -
 CHARMM>                             prop Y .lt. @ymax .and. prop Y .gt. @ymin .and. -
 CHARMM>                             prop Z .lt. @zmax .and. prop Z .gt. @zmin  end
 Parameter: XMAX -> "16.617319"
 Parameter: XMIN -> "9.617319"
 Parameter: YMAX -> "-23.745343"
 Parameter: YMIN -> "-30.745343"
 Parameter: ZMAX -> "-35.6439825"
 Parameter: ZMIN -> "-42.6439825"
 SELRPN>      0 atoms have been selected out of  22374
  
 CHARMM>     
  
 CHARMM>            ! check if the ions are too close to protein
  
 CHARMM>            define XXX sele PROT end
 SELRPN>      0 atoms have been selected out of  22374
  
 CHARMM>            if ?nsel .gt. 0 then
 RDCMND substituted energy or value "?NSEL" to "0"
 Comparing "0" and "0".
 IF test evaluated as false.  Skip to ELSE or ENDIF
  
 CHARMM>     
  
 CHARMM>            ! check if the ions are too close to solute
  
 CHARMM>            coor dist cut 4.0 sele target end sele JUNK .and. .not. hydrogen end image
 SELRPN>      1 atoms have been selected out of  34208
 SELRPN>      0 atoms have been selected out of  34208

            DISTANCES FOR SELECTED ATOMS
            ONLY ONE SELECTION SET SPECIFIED, A COMPARISON WILL BE DONE
 TOTAL EXCLUSION COUNT =         0
 TOTAL 1-4 EXCLUSIONS  =         0
 TOTAL NON-EXCLUSIONS  =         0
  
 CHARMM>            if ?npair .gt. 0 goto doinit
 RDCMND substituted energy or value "?NPAIR" to "0"
 Comparing "0" and "0".
 IF test evaluated as false.  Skipping command
  
 CHARMM>     
  
 CHARMM>            calc cntrand = 0
Evaluating: 0
 Parameter: CNTRAND <- "0"
  
 CHARMM>            increase i by 1
 Parameter: I <- "52"
  
 CHARMM>            if i .le. @nion goto doinit
 Parameter: NION -> "54"
 Comparing "52" and "54".
 IF test evaluated as true.  Performing command
  
 CHARMM>     
  
 CHARMM>            calc cntrand = @cntrand + 1
 Parameter: CNTRAND -> "0"
Evaluating: 0+1
 Parameter: CNTRAND <- "1"
  
 CHARMM>            if cntrand .gt. 100 stop ! ABNORMAL TERMINATION: ion placing may not work.. stop here
 Comparing "1" and "100".
 IF test evaluated as false.  Skipping command
  
 CHARMM>     
  
 CHARMM>            calc j = @i
 Parameter: I -> "52"
Evaluating: 52
 Parameter: J <- "52"
  
 CHARMM>            set ion = POS
 Parameter: ION <- "POS"
  
 CHARMM>     
  
 CHARMM>            if j .gt. @npos then
 Parameter: NPOS -> "37"
 Comparing "52" and "37".
 IF test evaluated as true.  Performing command
  
 CHARMM>               set ion = NEG
 Parameter: ION <- "NEG"
  
 CHARMM>               calc j  = @j - @npos
 Parameter: J -> "52"
 Parameter: NPOS -> "37"
Evaluating: 52-37
 Parameter: J <- "15"
  
 CHARMM>            endif
  
 CHARMM>     
  
 CHARMM>            define target select segid @ion .and. resid @j end
 Parameter: ION -> "NEG"
 Parameter: J -> "15"
 SELRPN>      1 atoms have been selected out of  22374
  
 CHARMM>     
  
 CHARMM>            calc xpos = @A * ( ?random - 0.5 )
 Parameter: A -> "73.4166194"
 RDCMND substituted energy or value "?RANDOM" to "0.560277842"
Evaluating: 73.4166194*(0.560277842-0.5)
 Parameter: XPOS <- "4.42539538"
  
 CHARMM>            calc ypos = @B * ( ?random - 0.5 )
 Parameter: B -> "73.4166194"
 RDCMND substituted energy or value "?RANDOM" to "0.691077155"
Evaluating: 73.4166194*(0.691077155-0.5)
 Parameter: YPOS <- "14.0282388"
  
 CHARMM>            calc zpos = @C * ( ?random - 0.5 ) + @zcen
 Parameter: C -> "85"
 Parameter: ZCEN -> "0"
 RDCMND substituted energy or value "?RANDOM" to "0.4230492"
Evaluating: 85*(0.4230492-0.5)+0
 Parameter: ZPOS <- "-6.540818"
  
 CHARMM>     
  
 CHARMM>            if zpos .gt. -15 if zpos .lt. 15 goto doinit
 Comparing "-6.540818" and "-15".
 IF test evaluated as true.  Performing command
 Comparing "-6.540818" and "15".
 IF test evaluated as true.  Performing command
  
 CHARMM>     
  
 CHARMM>            calc cntrand = @cntrand + 1
 Parameter: CNTRAND -> "1"
Evaluating: 1+1
 Parameter: CNTRAND <- "2"
  
 CHARMM>            if cntrand .gt. 100 stop ! ABNORMAL TERMINATION: ion placing may not work.. stop here
 Comparing "2" and "100".
 IF test evaluated as false.  Skipping command
  
 CHARMM>     
  
 CHARMM>            calc j = @i
 Parameter: I -> "52"
Evaluating: 52
 Parameter: J <- "52"
  
 CHARMM>            set ion = POS
 Parameter: ION <- "POS"
  
 CHARMM>     
  
 CHARMM>            if j .gt. @npos then
 Parameter: NPOS -> "37"
 Comparing "52" and "37".
 IF test evaluated as true.  Performing command
  
 CHARMM>               set ion = NEG
 Parameter: ION <- "NEG"
  
 CHARMM>               calc j  = @j - @npos
 Parameter: J -> "52"
 Parameter: NPOS -> "37"
Evaluating: 52-37
 Parameter: J <- "15"
  
 CHARMM>            endif
  
 CHARMM>     
  
 CHARMM>            define target select segid @ion .and. resid @j end
 Parameter: ION -> "NEG"
 Parameter: J -> "15"
 SELRPN>      1 atoms have been selected out of  22374
  
 CHARMM>     
  
 CHARMM>            calc xpos = @A * ( ?random - 0.5 )
 Parameter: A -> "73.4166194"
 RDCMND substituted energy or value "?RANDOM" to "0.539325236"
Evaluating: 73.4166194*(0.539325236-0.5)
 Parameter: XPOS <- "2.88712588"
  
 CHARMM>            calc ypos = @B * ( ?random - 0.5 )
 Parameter: B -> "73.4166194"
 RDCMND substituted energy or value "?RANDOM" to "8.595353661E-02"
Evaluating: 73.4166194*(8.595353661E-02-0.5)
 Parameter: YPOS <- "-30.3978916"
  
 CHARMM>            calc zpos = @C * ( ?random - 0.5 ) + @zcen
 Parameter: C -> "85"
 Parameter: ZCEN -> "0"
 RDCMND substituted energy or value "?RANDOM" to "0.730208718"
Evaluating: 85*(0.730208718-0.5)+0
 Parameter: ZPOS <- "19.567741"
  
 CHARMM>     
  
 CHARMM>            if zpos .gt. -15 if zpos .lt. 15 goto doinit
 Comparing "19.567741" and "-15".
 IF test evaluated as true.  Performing command
 Comparing "19.567741" and "15".
 IF test evaluated as false.  Skipping command
  
 CHARMM>     
  
 CHARMM>            ! move target to selected position
  
 CHARMM>            coor stat select target end
 SELRPN>      1 atoms have been selected out of  22374
 STATISTICS FOR         1 SELECTED ATOMS:
    XMIN =    0.000000 XMAX =    0.000000 XAVE =    0.000000
    YMIN =    0.000000 YMAX =    0.000000 YAVE =    0.000000
    ZMIN =    0.000000 ZMAX =    0.000000 ZAVE =    0.000000
    WMIN =   -1.000000 WMAX =   -1.000000 WAVE =   -1.000000
  
 CHARMM>            calc xtran = @xpos - ?xave
 Parameter: XPOS -> "2.88712588"
 RDCMND substituted energy or value "?XAVE" to "0"
Evaluating: 2.88712588-0
 Parameter: XTRAN <- "2.88712588"
  
 CHARMM>            calc ytran = @ypos - ?yave
 Parameter: YPOS -> "-30.3978916"
 RDCMND substituted energy or value "?YAVE" to "0"
Evaluating: -30.3978916-0
 Parameter: YTRAN <- "-30.3978916"
  
 CHARMM>            calc ztran = @zpos - ?zave
 Parameter: ZPOS -> "19.567741"
 RDCMND substituted energy or value "?ZAVE" to "0"
Evaluating: 19.567741-0
 Parameter: ZTRAN <- "19.567741"
  
 CHARMM>            coor trans xdir @xtran ydir @ytran zdir @ztran select target end
 Parameter: XTRAN -> "2.88712588"
 Parameter: YTRAN -> "-30.3978916"
 Parameter: ZTRAN -> "19.567741"
 SELRPN>      1 atoms have been selected out of  22374
 TRANSLATION VECTOR     2.887126  -30.397892   19.567741
 SELECTED COORDINATES TRANSLATED IN THE MAIN SET.

  
 CHARMM>     
  
 CHARMM>            ! apply a random rotation along XYZ
  
 CHARMM>            calc xphi = ?random * 360.0
 RDCMND substituted energy or value "?RANDOM" to "0.785522617"
Evaluating: 0.785522617*360.0
 Parameter: XPHI <- "282.788142"
  
 CHARMM>            calc yphi = ?random * 360.0
 RDCMND substituted energy or value "?RANDOM" to "0.581465911"
Evaluating: 0.581465911*360.0
 Parameter: YPHI <- "209.327728"
  
 CHARMM>            calc zphi = ?random * 360.0
 RDCMND substituted energy or value "?RANDOM" to "0.322024668"
Evaluating: 0.322024668*360.0
 Parameter: ZPHI <- "115.92888"
  
 CHARMM>            coor rotate xcen @xpos ycen @ypos zcen @zpos xdir 1.0 -
 CHARMM>                phi @xphi select target end
 Parameter: XPOS -> "2.88712588"
 Parameter: YPOS -> "-30.3978916"
 Parameter: ZPOS -> "19.567741"
 Parameter: XPHI -> "282.788142"
 SELRPN>      1 atoms have been selected out of  22374
 ROTATION MATRIX
    1.000000    0.000000    0.000000
    0.000000    0.221347   -0.975195
    0.000000    0.975195    0.221347

 AXIS OF ROTATION IS -1.000000  0.000000  0.000000  ANGLE IS   77.21

 SELECTED COORDINATES ROTATED IN THE MAIN SET.

  
 CHARMM>            coor rotate xcen @xpos ycen @ypos zcen @zpos ydir 1.0 -
 CHARMM>                phi @yphi select target end
 Parameter: XPOS -> "2.88712588"
 Parameter: YPOS -> "-30.3978916"
 Parameter: ZPOS -> "19.567741"
 Parameter: YPHI -> "209.327728"
 SELRPN>      1 atoms have been selected out of  22374
 ROTATION MATRIX
   -0.871832    0.000000    0.489804
    0.000000    1.000000    0.000000
   -0.489804    0.000000   -0.871832

 AXIS OF ROTATION IS  0.000000 -1.000000  0.000000  ANGLE IS  150.67

 SELECTED COORDINATES ROTATED IN THE MAIN SET.

  
 CHARMM>            coor rotate xcen @xpos ycen @ypos zcen @zpos zdir 1.0 -
 CHARMM>                phi @zphi select target end
 Parameter: XPOS -> "2.88712588"
 Parameter: YPOS -> "-30.3978916"
 Parameter: ZPOS -> "19.567741"
 Parameter: ZPHI -> "115.92888"
 SELRPN>      1 atoms have been selected out of  22374
 ROTATION MATRIX
   -0.437255    0.899337    0.000000
   -0.899337   -0.437255    0.000000
    0.000000    0.000000    1.000000

 AXIS OF ROTATION IS  0.000000  0.000000  1.000000  ANGLE IS  115.93

 SELECTED COORDINATES ROTATED IN THE MAIN SET.

  
 CHARMM>     
  
 CHARMM>     
  
 CHARMM>            calc dcut = 3.5
Evaluating: 3.5
 Parameter: DCUT <- "3.5"
  
 CHARMM>     
  
 CHARMM>            coor stat sele target end
 SELRPN>      1 atoms have been selected out of  22374
 STATISTICS FOR         1 SELECTED ATOMS:
    XMIN =    2.887126 XMAX =    2.887126 XAVE =    2.887126
    YMIN =  -30.397892 YMAX =  -30.397892 YAVE =  -30.397892
    ZMIN =   19.567741 ZMAX =   19.567741 ZAVE =   19.567741
    WMIN =   -1.000000 WMAX =   -1.000000 WAVE =   -1.000000
  
 CHARMM>            calc xmax = ?xmax + @dcut
 Parameter: DCUT -> "3.5"
 RDCMND substituted energy or value "?XMAX" to "2.88712588"
Evaluating: 2.88712588+3.5
 Parameter: XMAX <- "6.38712588"
  
 CHARMM>            calc ymax = ?ymax + @dcut
 Parameter: DCUT -> "3.5"
 RDCMND substituted energy or value "?YMAX" to "-30.3978916"
Evaluating: -30.3978916+3.5
 Parameter: YMAX <- "-26.8978916"
  
 CHARMM>            calc zmax = ?zmax + @dcut
 Parameter: DCUT -> "3.5"
 RDCMND substituted energy or value "?ZMAX" to "19.567741"
Evaluating: 19.567741+3.5
 Parameter: ZMAX <- "23.067741"
  
 CHARMM>            calc xmin = ?xmin - @dcut
 Parameter: DCUT -> "3.5"
 RDCMND substituted energy or value "?XMIN" to "2.88712588"
Evaluating: 2.88712588-3.5
 Parameter: XMIN <- "-0.61287412"
  
 CHARMM>            calc ymin = ?ymin - @dcut
 Parameter: DCUT -> "3.5"
 RDCMND substituted energy or value "?YMIN" to "-30.3978916"
Evaluating: -30.3978916-3.5
 Parameter: YMIN <- "-33.8978916"
  
 CHARMM>            calc zmin = ?zmin - @dcut
 Parameter: DCUT -> "3.5"
 RDCMND substituted energy or value "?ZMIN" to "19.567741"
Evaluating: 19.567741-3.5
 Parameter: ZMIN <- "16.067741"
  
 CHARMM>     
  
 CHARMM>            define JUNK sele .not. target .and. -
 CHARMM>                             prop X .lt. @xmax .and. prop X .gt. @xmin .and. -
 CHARMM>                             prop Y .lt. @ymax .and. prop Y .gt. @ymin .and. -
 CHARMM>                             prop Z .lt. @zmax .and. prop Z .gt. @zmin  end
 Parameter: XMAX -> "6.38712588"
 Parameter: XMIN -> "-0.61287412"
 Parameter: YMAX -> "-26.8978916"
 Parameter: YMIN -> "-33.8978916"
 Parameter: ZMAX -> "23.067741"
 Parameter: ZMIN -> "16.067741"
 SELRPN>     11 atoms have been selected out of  22374
  
 CHARMM>     
  
 CHARMM>            ! check if the ions are too close to protein
  
 CHARMM>            define XXX sele PROT end
 SELRPN>      0 atoms have been selected out of  22374
  
 CHARMM>            if ?nsel .gt. 0 then
 RDCMND substituted energy or value "?NSEL" to "0"
 Comparing "0" and "0".
 IF test evaluated as false.  Skip to ELSE or ENDIF
  
 CHARMM>     
  
 CHARMM>            ! check if the ions are too close to solute
  
 CHARMM>            coor dist cut 4.0 sele target end sele JUNK .and. .not. hydrogen end image
 SELRPN>      1 atoms have been selected out of  34208
 SELRPN>      3 atoms have been selected out of  34208

            DISTANCES FOR SELECTED ATOMS
22372 NEG      CLA      15       CLA     -7014 MEMB     CHL1     61       O3            3.3859
 TOTAL EXCLUSION COUNT =         0
 TOTAL 1-4 EXCLUSIONS  =         0
 TOTAL NON-EXCLUSIONS  =         1
  
 CHARMM>            if ?npair .gt. 0 goto doinit
 RDCMND substituted energy or value "?NPAIR" to "1"
 Comparing "1" and "0".
 IF test evaluated as true.  Performing command
  
 CHARMM>     
  
 CHARMM>            calc cntrand = @cntrand + 1
 Parameter: CNTRAND -> "2"
Evaluating: 2+1
 Parameter: CNTRAND <- "3"
  
 CHARMM>            if cntrand .gt. 100 stop ! ABNORMAL TERMINATION: ion placing may not work.. stop here
 Comparing "3" and "100".
 IF test evaluated as false.  Skipping command
  
 CHARMM>     
  
 CHARMM>            calc j = @i
 Parameter: I -> "52"
Evaluating: 52
 Parameter: J <- "52"
  
 CHARMM>            set ion = POS
 Parameter: ION <- "POS"
  
 CHARMM>     
  
 CHARMM>            if j .gt. @npos then
 Parameter: NPOS -> "37"
 Comparing "52" and "37".
 IF test evaluated as true.  Performing command
  
 CHARMM>               set ion = NEG
 Parameter: ION <- "NEG"
  
 CHARMM>               calc j  = @j - @npos
 Parameter: J -> "52"
 Parameter: NPOS -> "37"
Evaluating: 52-37
 Parameter: J <- "15"
  
 CHARMM>            endif
  
 CHARMM>     
  
 CHARMM>            define target select segid @ion .and. resid @j end
 Parameter: ION -> "NEG"
 Parameter: J -> "15"
 SELRPN>      1 atoms have been selected out of  22374
  
 CHARMM>     
  
 CHARMM>            calc xpos = @A * ( ?random - 0.5 )
 Parameter: A -> "73.4166194"
 RDCMND substituted energy or value "?RANDOM" to "0.926451974"
Evaluating: 73.4166194*(0.926451974-0.5)
 Parameter: XPOS <- "31.3086623"
  
 CHARMM>            calc ypos = @B * ( ?random - 0.5 )
 Parameter: B -> "73.4166194"
 RDCMND substituted energy or value "?RANDOM" to "0.494586175"
Evaluating: 73.4166194*(0.494586175-0.5)
 Parameter: YPOS <- "-0.39746473"
  
 CHARMM>            calc zpos = @C * ( ?random - 0.5 ) + @zcen
 Parameter: C -> "85"
 Parameter: ZCEN -> "0"
 RDCMND substituted energy or value "?RANDOM" to "0.986420647"
Evaluating: 85*(0.986420647-0.5)+0
 Parameter: ZPOS <- "41.345755"
  
 CHARMM>     
  
 CHARMM>            if zpos .gt. -15 if zpos .lt. 15 goto doinit
 Comparing "41.345755" and "-15".
 IF test evaluated as true.  Performing command
 Comparing "41.345755" and "15".
 IF test evaluated as false.  Skipping command
  
 CHARMM>     
  
 CHARMM>            ! move target to selected position
  
 CHARMM>            coor stat select target end
 SELRPN>      1 atoms have been selected out of  22374
 STATISTICS FOR         1 SELECTED ATOMS:
    XMIN =    2.887126 XMAX =    2.887126 XAVE =    2.887126
    YMIN =  -30.397892 YMAX =  -30.397892 YAVE =  -30.397892
    ZMIN =   19.567741 ZMAX =   19.567741 ZAVE =   19.567741
    WMIN =   -1.000000 WMAX =   -1.000000 WAVE =   -1.000000
  
 CHARMM>            calc xtran = @xpos - ?xave
 Parameter: XPOS -> "31.3086623"
 RDCMND substituted energy or value "?XAVE" to "2.88712588"
Evaluating: 31.3086623-2.88712588
 Parameter: XTRAN <- "28.4215364"
  
 CHARMM>            calc ytran = @ypos - ?yave
 Parameter: YPOS -> "-0.39746473"
 RDCMND substituted energy or value "?YAVE" to "-30.3978916"
Evaluating: -0.39746473--30.3978916
 Parameter: YTRAN <- "30.0004269"
  
 CHARMM>            calc ztran = @zpos - ?zave
 Parameter: ZPOS -> "41.345755"
 RDCMND substituted energy or value "?ZAVE" to "19.567741"
Evaluating: 41.345755-19.567741
 Parameter: ZTRAN <- "21.778014"
  
 CHARMM>            coor trans xdir @xtran ydir @ytran zdir @ztran select target end
 Parameter: XTRAN -> "28.4215364"
 Parameter: YTRAN -> "30.0004269"
 Parameter: ZTRAN -> "21.778014"
 SELRPN>      1 atoms have been selected out of  22374
 TRANSLATION VECTOR    28.421536   30.000427   21.778014
 SELECTED COORDINATES TRANSLATED IN THE MAIN SET.

  
 CHARMM>     
  
 CHARMM>            ! apply a random rotation along XYZ
  
 CHARMM>            calc xphi = ?random * 360.0
 RDCMND substituted energy or value "?RANDOM" to "0.428400605"
Evaluating: 0.428400605*360.0
 Parameter: XPHI <- "154.224218"
  
 CHARMM>            calc yphi = ?random * 360.0
 RDCMND substituted energy or value "?RANDOM" to "0.705044991"
Evaluating: 0.705044991*360.0
 Parameter: YPHI <- "253.816197"
  
 CHARMM>            calc zphi = ?random * 360.0
 RDCMND substituted energy or value "?RANDOM" to "0.414482026"
Evaluating: 0.414482026*360.0
 Parameter: ZPHI <- "149.213529"
  
 CHARMM>            coor rotate xcen @xpos ycen @ypos zcen @zpos xdir 1.0 -
 CHARMM>                phi @xphi select target end
 Parameter: XPOS -> "31.3086623"
 Parameter: YPOS -> "-0.39746473"
 Parameter: ZPOS -> "41.345755"
 Parameter: XPHI -> "154.224218"
 SELRPN>      1 atoms have been selected out of  22374
 ROTATION MATRIX
    1.000000    0.000000    0.000000
    0.000000   -0.900503    0.434851
    0.000000   -0.434851   -0.900503

 AXIS OF ROTATION IS  1.000000  0.000000  0.000000  ANGLE IS  154.22

 SELECTED COORDINATES ROTATED IN THE MAIN SET.

  
 CHARMM>            coor rotate xcen @xpos ycen @ypos zcen @zpos ydir 1.0 -
 CHARMM>                phi @yphi select target end
 Parameter: XPOS -> "31.3086623"
 Parameter: YPOS -> "-0.39746473"
 Parameter: ZPOS -> "41.345755"
 Parameter: YPHI -> "253.816197"
 SELRPN>      1 atoms have been selected out of  22374
 ROTATION MATRIX
   -0.278720    0.000000    0.960373
    0.000000    1.000000    0.000000
   -0.960373    0.000000   -0.278720

 AXIS OF ROTATION IS  0.000000 -1.000000  0.000000  ANGLE IS  106.18

 SELECTED COORDINATES ROTATED IN THE MAIN SET.

  
 CHARMM>            coor rotate xcen @xpos ycen @ypos zcen @zpos zdir 1.0 -
 CHARMM>                phi @zphi select target end
 Parameter: XPOS -> "31.3086623"
 Parameter: YPOS -> "-0.39746473"
 Parameter: ZPOS -> "41.345755"
 Parameter: ZPHI -> "149.213529"
 SELRPN>      1 atoms have been selected out of  22374
 ROTATION MATRIX
   -0.859081    0.511840    0.000000
   -0.511840   -0.859081    0.000000
    0.000000    0.000000    1.000000

 AXIS OF ROTATION IS  0.000000  0.000000  1.000000  ANGLE IS  149.21

 SELECTED COORDINATES ROTATED IN THE MAIN SET.

  
 CHARMM>     
  
 CHARMM>     
  
 CHARMM>            calc dcut = 3.5
Evaluating: 3.5
 Parameter: DCUT <- "3.5"
  
 CHARMM>     
  
 CHARMM>            coor stat sele target end
 SELRPN>      1 atoms have been selected out of  22374
 STATISTICS FOR         1 SELECTED ATOMS:
    XMIN =   31.308662 XMAX =   31.308662 XAVE =   31.308662
    YMIN =   -0.397465 YMAX =   -0.397465 YAVE =   -0.397465
    ZMIN =   41.345755 ZMAX =   41.345755 ZAVE =   41.345755
    WMIN =   -1.000000 WMAX =   -1.000000 WAVE =   -1.000000
  
 CHARMM>            calc xmax = ?xmax + @dcut
 Parameter: DCUT -> "3.5"
 RDCMND substituted energy or value "?XMAX" to "31.3086623"
Evaluating: 31.3086623+3.5
 Parameter: XMAX <- "34.8086623"
  
 CHARMM>            calc ymax = ?ymax + @dcut
 Parameter: DCUT -> "3.5"
 RDCMND substituted energy or value "?YMAX" to "-0.397464703"
Evaluating: -0.397464703+3.5
 Parameter: YMAX <- "3.1025353"
  
 CHARMM>            calc zmax = ?zmax + @dcut
 Parameter: DCUT -> "3.5"
 RDCMND substituted energy or value "?ZMAX" to "41.345755"
Evaluating: 41.345755+3.5
 Parameter: ZMAX <- "44.845755"
  
 CHARMM>            calc xmin = ?xmin - @dcut
 Parameter: DCUT -> "3.5"
 RDCMND substituted energy or value "?XMIN" to "31.3086623"
Evaluating: 31.3086623-3.5
 Parameter: XMIN <- "27.8086623"
  
 CHARMM>            calc ymin = ?ymin - @dcut
 Parameter: DCUT -> "3.5"
 RDCMND substituted energy or value "?YMIN" to "-0.397464703"
Evaluating: -0.397464703-3.5
 Parameter: YMIN <- "-3.8974647"
  
 CHARMM>            calc zmin = ?zmin - @dcut
 Parameter: DCUT -> "3.5"
 RDCMND substituted energy or value "?ZMIN" to "41.345755"
Evaluating: 41.345755-3.5
 Parameter: ZMIN <- "37.845755"
  
 CHARMM>     
  
 CHARMM>            define JUNK sele .not. target .and. -
 CHARMM>                             prop X .lt. @xmax .and. prop X .gt. @xmin .and. -
 CHARMM>                             prop Y .lt. @ymax .and. prop Y .gt. @ymin .and. -
 CHARMM>                             prop Z .lt. @zmax .and. prop Z .gt. @zmin  end
 Parameter: XMAX -> "34.8086623"
 Parameter: XMIN -> "27.8086623"
 Parameter: YMAX -> "3.1025353"
 Parameter: YMIN -> "-3.8974647"
 Parameter: ZMAX -> "44.845755"
 Parameter: ZMIN -> "37.845755"
 SELRPN>      0 atoms have been selected out of  22374
  
 CHARMM>     
  
 CHARMM>            ! check if the ions are too close to protein
  
 CHARMM>            define XXX sele PROT end
 SELRPN>      0 atoms have been selected out of  22374
  
 CHARMM>            if ?nsel .gt. 0 then
 RDCMND substituted energy or value "?NSEL" to "0"
 Comparing "0" and "0".
 IF test evaluated as false.  Skip to ELSE or ENDIF
  
 CHARMM>     
  
 CHARMM>            ! check if the ions are too close to solute
  
 CHARMM>            coor dist cut 4.0 sele target end sele JUNK .and. .not. hydrogen end image
 SELRPN>      1 atoms have been selected out of  34208
 SELRPN>      0 atoms have been selected out of  34208

            DISTANCES FOR SELECTED ATOMS
            ONLY ONE SELECTION SET SPECIFIED, A COMPARISON WILL BE DONE
 TOTAL EXCLUSION COUNT =         0
 TOTAL 1-4 EXCLUSIONS  =         0
 TOTAL NON-EXCLUSIONS  =         0
  
 CHARMM>            if ?npair .gt. 0 goto doinit
 RDCMND substituted energy or value "?NPAIR" to "0"
 Comparing "0" and "0".
 IF test evaluated as false.  Skipping command
  
 CHARMM>     
  
 CHARMM>            calc cntrand = 0
Evaluating: 0
 Parameter: CNTRAND <- "0"
  
 CHARMM>            increase i by 1
 Parameter: I <- "53"
  
 CHARMM>            if i .le. @nion goto doinit
 Parameter: NION -> "54"
 Comparing "53" and "54".
 IF test evaluated as true.  Performing command
  
 CHARMM>     
  
 CHARMM>            calc cntrand = @cntrand + 1
 Parameter: CNTRAND -> "0"
Evaluating: 0+1
 Parameter: CNTRAND <- "1"
  
 CHARMM>            if cntrand .gt. 100 stop ! ABNORMAL TERMINATION: ion placing may not work.. stop here
 Comparing "1" and "100".
 IF test evaluated as false.  Skipping command
  
 CHARMM>     
  
 CHARMM>            calc j = @i
 Parameter: I -> "53"
Evaluating: 53
 Parameter: J <- "53"
  
 CHARMM>            set ion = POS
 Parameter: ION <- "POS"
  
 CHARMM>     
  
 CHARMM>            if j .gt. @npos then
 Parameter: NPOS -> "37"
 Comparing "53" and "37".
 IF test evaluated as true.  Performing command
  
 CHARMM>               set ion = NEG
 Parameter: ION <- "NEG"
  
 CHARMM>               calc j  = @j - @npos
 Parameter: J -> "53"
 Parameter: NPOS -> "37"
Evaluating: 53-37
 Parameter: J <- "16"
  
 CHARMM>            endif
  
 CHARMM>     
  
 CHARMM>            define target select segid @ion .and. resid @j end
 Parameter: ION -> "NEG"
 Parameter: J -> "16"
 SELRPN>      1 atoms have been selected out of  22374
  
 CHARMM>     
  
 CHARMM>            calc xpos = @A * ( ?random - 0.5 )
 Parameter: A -> "73.4166194"
 RDCMND substituted energy or value "?RANDOM" to "0.276638622"
Evaluating: 73.4166194*(0.276638622-0.5)
 Parameter: XPOS <- "-16.3984373"
  
 CHARMM>            calc ypos = @B * ( ?random - 0.5 )
 Parameter: B -> "73.4166194"
 RDCMND substituted energy or value "?RANDOM" to "0.933036933"
Evaluating: 73.4166194*(0.933036933-0.5)
 Parameter: YPOS <- "31.7921077"
  
 CHARMM>            calc zpos = @C * ( ?random - 0.5 ) + @zcen
 Parameter: C -> "85"
 Parameter: ZCEN -> "0"
 RDCMND substituted energy or value "?RANDOM" to "0.535214451"
Evaluating: 85*(0.535214451-0.5)+0
 Parameter: ZPOS <- "2.99322833"
  
 CHARMM>     
  
 CHARMM>            if zpos .gt. -15 if zpos .lt. 15 goto doinit
 Comparing "2.99322833" and "-15".
 IF test evaluated as true.  Performing command
 Comparing "2.99322833" and "15".
 IF test evaluated as true.  Performing command
  
 CHARMM>     
  
 CHARMM>            calc cntrand = @cntrand + 1
 Parameter: CNTRAND -> "1"
Evaluating: 1+1
 Parameter: CNTRAND <- "2"
  
 CHARMM>            if cntrand .gt. 100 stop ! ABNORMAL TERMINATION: ion placing may not work.. stop here
 Comparing "2" and "100".
 IF test evaluated as false.  Skipping command
  
 CHARMM>     
  
 CHARMM>            calc j = @i
 Parameter: I -> "53"
Evaluating: 53
 Parameter: J <- "53"
  
 CHARMM>            set ion = POS
 Parameter: ION <- "POS"
  
 CHARMM>     
  
 CHARMM>            if j .gt. @npos then
 Parameter: NPOS -> "37"
 Comparing "53" and "37".
 IF test evaluated as true.  Performing command
  
 CHARMM>               set ion = NEG
 Parameter: ION <- "NEG"
  
 CHARMM>               calc j  = @j - @npos
 Parameter: J -> "53"
 Parameter: NPOS -> "37"
Evaluating: 53-37
 Parameter: J <- "16"
  
 CHARMM>            endif
  
 CHARMM>     
  
 CHARMM>            define target select segid @ion .and. resid @j end
 Parameter: ION -> "NEG"
 Parameter: J -> "16"
 SELRPN>      1 atoms have been selected out of  22374
  
 CHARMM>     
  
 CHARMM>            calc xpos = @A * ( ?random - 0.5 )
 Parameter: A -> "73.4166194"
 RDCMND substituted energy or value "?RANDOM" to "0.851511915"
Evaluating: 73.4166194*(0.851511915-0.5)
 Parameter: XPOS <- "25.8068165"
  
 CHARMM>            calc ypos = @B * ( ?random - 0.5 )
 Parameter: B -> "73.4166194"
 RDCMND substituted energy or value "?RANDOM" to "0.924288029"
Evaluating: 73.4166194*(0.924288029-0.5)
 Parameter: YPOS <- "31.1497927"
  
 CHARMM>            calc zpos = @C * ( ?random - 0.5 ) + @zcen
 Parameter: C -> "85"
 Parameter: ZCEN -> "0"
 RDCMND substituted energy or value "?RANDOM" to "0.337586507"
Evaluating: 85*(0.337586507-0.5)+0
 Parameter: ZPOS <- "-13.8051469"
  
 CHARMM>     
  
 CHARMM>            if zpos .gt. -15 if zpos .lt. 15 goto doinit
 Comparing "-13.8051469" and "-15".
 IF test evaluated as true.  Performing command
 Comparing "-13.8051469" and "15".
 IF test evaluated as true.  Performing command
  
 CHARMM>     
  
 CHARMM>            calc cntrand = @cntrand + 1
 Parameter: CNTRAND -> "2"
Evaluating: 2+1
 Parameter: CNTRAND <- "3"
  
 CHARMM>            if cntrand .gt. 100 stop ! ABNORMAL TERMINATION: ion placing may not work.. stop here
 Comparing "3" and "100".
 IF test evaluated as false.  Skipping command
  
 CHARMM>     
  
 CHARMM>            calc j = @i
 Parameter: I -> "53"
Evaluating: 53
 Parameter: J <- "53"
  
 CHARMM>            set ion = POS
 Parameter: ION <- "POS"
  
 CHARMM>     
  
 CHARMM>            if j .gt. @npos then
 Parameter: NPOS -> "37"
 Comparing "53" and "37".
 IF test evaluated as true.  Performing command
  
 CHARMM>               set ion = NEG
 Parameter: ION <- "NEG"
  
 CHARMM>               calc j  = @j - @npos
 Parameter: J -> "53"
 Parameter: NPOS -> "37"
Evaluating: 53-37
 Parameter: J <- "16"
  
 CHARMM>            endif
  
 CHARMM>     
  
 CHARMM>            define target select segid @ion .and. resid @j end
 Parameter: ION -> "NEG"
 Parameter: J -> "16"
 SELRPN>      1 atoms have been selected out of  22374
  
 CHARMM>     
  
 CHARMM>            calc xpos = @A * ( ?random - 0.5 )
 Parameter: A -> "73.4166194"
 RDCMND substituted energy or value "?RANDOM" to "0.198890704"
Evaluating: 73.4166194*(0.198890704-0.5)
 Parameter: XPOS <- "-22.1064266"
  
 CHARMM>            calc ypos = @B * ( ?random - 0.5 )
 Parameter: B -> "73.4166194"
 RDCMND substituted energy or value "?RANDOM" to "0.226395352"
Evaluating: 73.4166194*(0.226395352-0.5)
 Parameter: YPOS <- "-20.0871283"
  
 CHARMM>            calc zpos = @C * ( ?random - 0.5 ) + @zcen
 Parameter: C -> "85"
 Parameter: ZCEN -> "0"
 RDCMND substituted energy or value "?RANDOM" to "0.871922061"
Evaluating: 85*(0.871922061-0.5)+0
 Parameter: ZPOS <- "31.6133752"
  
 CHARMM>     
  
 CHARMM>            if zpos .gt. -15 if zpos .lt. 15 goto doinit
 Comparing "31.6133752" and "-15".
 IF test evaluated as true.  Performing command
 Comparing "31.6133752" and "15".
 IF test evaluated as false.  Skipping command
  
 CHARMM>     
  
 CHARMM>            ! move target to selected position
  
 CHARMM>            coor stat select target end
 SELRPN>      1 atoms have been selected out of  22374
 STATISTICS FOR         1 SELECTED ATOMS:
    XMIN =    0.000000 XMAX =    0.000000 XAVE =    0.000000
    YMIN =    0.000000 YMAX =    0.000000 YAVE =    0.000000
    ZMIN =    0.000000 ZMAX =    0.000000 ZAVE =    0.000000
    WMIN =   -1.000000 WMAX =   -1.000000 WAVE =   -1.000000
  
 CHARMM>            calc xtran = @xpos - ?xave
 Parameter: XPOS -> "-22.1064266"
 RDCMND substituted energy or value "?XAVE" to "0"
Evaluating: -22.1064266-0
 Parameter: XTRAN <- "-22.1064266"
  
 CHARMM>            calc ytran = @ypos - ?yave
 Parameter: YPOS -> "-20.0871283"
 RDCMND substituted energy or value "?YAVE" to "0"
Evaluating: -20.0871283-0
 Parameter: YTRAN <- "-20.0871283"
  
 CHARMM>            calc ztran = @zpos - ?zave
 Parameter: ZPOS -> "31.6133752"
 RDCMND substituted energy or value "?ZAVE" to "0"
Evaluating: 31.6133752-0
 Parameter: ZTRAN <- "31.6133752"
  
 CHARMM>            coor trans xdir @xtran ydir @ytran zdir @ztran select target end
 Parameter: XTRAN -> "-22.1064266"
 Parameter: YTRAN -> "-20.0871283"
 Parameter: ZTRAN -> "31.6133752"
 SELRPN>      1 atoms have been selected out of  22374
 TRANSLATION VECTOR   -22.106427  -20.087128   31.613375
 SELECTED COORDINATES TRANSLATED IN THE MAIN SET.

  
 CHARMM>     
  
 CHARMM>            ! apply a random rotation along XYZ
  
 CHARMM>            calc xphi = ?random * 360.0
 RDCMND substituted energy or value "?RANDOM" to "0.860472686"
Evaluating: 0.860472686*360.0
 Parameter: XPHI <- "309.770167"
  
 CHARMM>            calc yphi = ?random * 360.0
 RDCMND substituted energy or value "?RANDOM" to "0.905902672"
Evaluating: 0.905902672*360.0
 Parameter: YPHI <- "326.124962"
  
 CHARMM>            calc zphi = ?random * 360.0
 RDCMND substituted energy or value "?RANDOM" to "0.797381448"
Evaluating: 0.797381448*360.0
 Parameter: ZPHI <- "287.057321"
  
 CHARMM>            coor rotate xcen @xpos ycen @ypos zcen @zpos xdir 1.0 -
 CHARMM>                phi @xphi select target end
 Parameter: XPOS -> "-22.1064266"
 Parameter: YPOS -> "-20.0871283"
 Parameter: ZPOS -> "31.6133752"
 Parameter: XPHI -> "309.770167"
 SELRPN>      1 atoms have been selected out of  22374
 ROTATION MATRIX
    1.000000    0.000000    0.000000
    0.000000    0.639710   -0.768617
    0.000000    0.768617    0.639710

 AXIS OF ROTATION IS -1.000000  0.000000  0.000000  ANGLE IS   50.23

 SELECTED COORDINATES ROTATED IN THE MAIN SET.

  
 CHARMM>            coor rotate xcen @xpos ycen @ypos zcen @zpos ydir 1.0 -
 CHARMM>                phi @yphi select target end
 Parameter: XPOS -> "-22.1064266"
 Parameter: YPOS -> "-20.0871283"
 Parameter: ZPOS -> "31.6133752"
 Parameter: YPHI -> "326.124962"
 SELRPN>      1 atoms have been selected out of  22374
 ROTATION MATRIX
    0.830255    0.000000    0.557383
    0.000000    1.000000    0.000000
   -0.557383    0.000000    0.830255

 AXIS OF ROTATION IS  0.000000 -1.000000  0.000000  ANGLE IS   33.88

 SELECTED COORDINATES ROTATED IN THE MAIN SET.

  
 CHARMM>            coor rotate xcen @xpos ycen @ypos zcen @zpos zdir 1.0 -
 CHARMM>                phi @zphi select target end
 Parameter: XPOS -> "-22.1064266"
 Parameter: YPOS -> "-20.0871283"
 Parameter: ZPOS -> "31.6133752"
 Parameter: ZPHI -> "287.057321"
 SELRPN>      1 atoms have been selected out of  22374
 ROTATION MATRIX
    0.293328   -0.956012    0.000000
    0.956012    0.293328    0.000000
    0.000000    0.000000    1.000000

 AXIS OF ROTATION IS  0.000000  0.000000 -1.000000  ANGLE IS   72.94

 SELECTED COORDINATES ROTATED IN THE MAIN SET.

  
 CHARMM>     
  
 CHARMM>     
  
 CHARMM>            calc dcut = 3.5
Evaluating: 3.5
 Parameter: DCUT <- "3.5"
  
 CHARMM>     
  
 CHARMM>            coor stat sele target end
 SELRPN>      1 atoms have been selected out of  22374
 STATISTICS FOR         1 SELECTED ATOMS:
    XMIN =  -22.106427 XMAX =  -22.106427 XAVE =  -22.106427
    YMIN =  -20.087128 YMAX =  -20.087128 YAVE =  -20.087128
    ZMIN =   31.613375 ZMAX =   31.613375 ZAVE =   31.613375
    WMIN =   -1.000000 WMAX =   -1.000000 WAVE =   -1.000000
  
 CHARMM>            calc xmax = ?xmax + @dcut
 Parameter: DCUT -> "3.5"
 RDCMND substituted energy or value "?XMAX" to "-22.1064266"
Evaluating: -22.1064266+3.5
 Parameter: XMAX <- "-18.6064266"
  
 CHARMM>            calc ymax = ?ymax + @dcut
 Parameter: DCUT -> "3.5"
 RDCMND substituted energy or value "?YMAX" to "-20.0871283"
Evaluating: -20.0871283+3.5
 Parameter: YMAX <- "-16.5871283"
  
 CHARMM>            calc zmax = ?zmax + @dcut
 Parameter: DCUT -> "3.5"
 RDCMND substituted energy or value "?ZMAX" to "31.6133752"
Evaluating: 31.6133752+3.5
 Parameter: ZMAX <- "35.1133752"
  
 CHARMM>            calc xmin = ?xmin - @dcut
 Parameter: DCUT -> "3.5"
 RDCMND substituted energy or value "?XMIN" to "-22.1064266"
Evaluating: -22.1064266-3.5
 Parameter: XMIN <- "-25.6064266"
  
 CHARMM>            calc ymin = ?ymin - @dcut
 Parameter: DCUT -> "3.5"
 RDCMND substituted energy or value "?YMIN" to "-20.0871283"
Evaluating: -20.0871283-3.5
 Parameter: YMIN <- "-23.5871283"
  
 CHARMM>            calc zmin = ?zmin - @dcut
 Parameter: DCUT -> "3.5"
 RDCMND substituted energy or value "?ZMIN" to "31.6133752"
Evaluating: 31.6133752-3.5
 Parameter: ZMIN <- "28.1133752"
  
 CHARMM>     
  
 CHARMM>            define JUNK sele .not. target .and. -
 CHARMM>                             prop X .lt. @xmax .and. prop X .gt. @xmin .and. -
 CHARMM>                             prop Y .lt. @ymax .and. prop Y .gt. @ymin .and. -
 CHARMM>                             prop Z .lt. @zmax .and. prop Z .gt. @zmin  end
 Parameter: XMAX -> "-18.6064266"
 Parameter: XMIN -> "-25.6064266"
 Parameter: YMAX -> "-16.5871283"
 Parameter: YMIN -> "-23.5871283"
 Parameter: ZMAX -> "35.1133752"
 Parameter: ZMIN -> "28.1133752"
 SELRPN>      0 atoms have been selected out of  22374
  
 CHARMM>     
  
 CHARMM>            ! check if the ions are too close to protein
  
 CHARMM>            define XXX sele PROT end
 SELRPN>      0 atoms have been selected out of  22374
  
 CHARMM>            if ?nsel .gt. 0 then
 RDCMND substituted energy or value "?NSEL" to "0"
 Comparing "0" and "0".
 IF test evaluated as false.  Skip to ELSE or ENDIF
  
 CHARMM>     
  
 CHARMM>            ! check if the ions are too close to solute
  
 CHARMM>            coor dist cut 4.0 sele target end sele JUNK .and. .not. hydrogen end image
 SELRPN>      1 atoms have been selected out of  34208
 SELRPN>      0 atoms have been selected out of  34208

            DISTANCES FOR SELECTED ATOMS
            ONLY ONE SELECTION SET SPECIFIED, A COMPARISON WILL BE DONE
 TOTAL EXCLUSION COUNT =         0
 TOTAL 1-4 EXCLUSIONS  =         0
 TOTAL NON-EXCLUSIONS  =         0
  
 CHARMM>            if ?npair .gt. 0 goto doinit
 RDCMND substituted energy or value "?NPAIR" to "0"
 Comparing "0" and "0".
 IF test evaluated as false.  Skipping command
  
 CHARMM>     
  
 CHARMM>            calc cntrand = 0
Evaluating: 0
 Parameter: CNTRAND <- "0"
  
 CHARMM>            increase i by 1
 Parameter: I <- "54"
  
 CHARMM>            if i .le. @nion goto doinit
 Parameter: NION -> "54"
 Comparing "54" and "54".
 IF test evaluated as true.  Performing command
  
 CHARMM>     
  
 CHARMM>            calc cntrand = @cntrand + 1
 Parameter: CNTRAND -> "0"
Evaluating: 0+1
 Parameter: CNTRAND <- "1"
  
 CHARMM>            if cntrand .gt. 100 stop ! ABNORMAL TERMINATION: ion placing may not work.. stop here
 Comparing "1" and "100".
 IF test evaluated as false.  Skipping command
  
 CHARMM>     
  
 CHARMM>            calc j = @i
 Parameter: I -> "54"
Evaluating: 54
 Parameter: J <- "54"
  
 CHARMM>            set ion = POS
 Parameter: ION <- "POS"
  
 CHARMM>     
  
 CHARMM>            if j .gt. @npos then
 Parameter: NPOS -> "37"
 Comparing "54" and "37".
 IF test evaluated as true.  Performing command
  
 CHARMM>               set ion = NEG
 Parameter: ION <- "NEG"
  
 CHARMM>               calc j  = @j - @npos
 Parameter: J -> "54"
 Parameter: NPOS -> "37"
Evaluating: 54-37
 Parameter: J <- "17"
  
 CHARMM>            endif
  
 CHARMM>     
  
 CHARMM>            define target select segid @ion .and. resid @j end
 Parameter: ION -> "NEG"
 Parameter: J -> "17"
 SELRPN>      1 atoms have been selected out of  22374
  
 CHARMM>     
  
 CHARMM>            calc xpos = @A * ( ?random - 0.5 )
 Parameter: A -> "73.4166194"
 RDCMND substituted energy or value "?RANDOM" to "0.707527076"
Evaluating: 73.4166194*(0.707527076-0.5)
 Parameter: XPOS <- "15.2359364"
  
 CHARMM>            calc ypos = @B * ( ?random - 0.5 )
 Parameter: B -> "73.4166194"
 RDCMND substituted energy or value "?RANDOM" to "0.440878645"
Evaluating: 73.4166194*(0.440878645-0.5)
 Parameter: YPOS <- "-4.34049002"
  
 CHARMM>            calc zpos = @C * ( ?random - 0.5 ) + @zcen
 Parameter: C -> "85"
 Parameter: ZCEN -> "0"
 RDCMND substituted energy or value "?RANDOM" to "0.688363524"
Evaluating: 85*(0.688363524-0.5)+0
 Parameter: ZPOS <- "16.0108995"
  
 CHARMM>     
  
 CHARMM>            if zpos .gt. -15 if zpos .lt. 15 goto doinit
 Comparing "16.0108995" and "-15".
 IF test evaluated as true.  Performing command
 Comparing "16.0108995" and "15".
 IF test evaluated as false.  Skipping command
  
 CHARMM>     
  
 CHARMM>            ! move target to selected position
  
 CHARMM>            coor stat select target end
 SELRPN>      1 atoms have been selected out of  22374
 STATISTICS FOR         1 SELECTED ATOMS:
    XMIN =    0.000000 XMAX =    0.000000 XAVE =    0.000000
    YMIN =    0.000000 YMAX =    0.000000 YAVE =    0.000000
    ZMIN =    0.000000 ZMAX =    0.000000 ZAVE =    0.000000
    WMIN =   -1.000000 WMAX =   -1.000000 WAVE =   -1.000000
  
 CHARMM>            calc xtran = @xpos - ?xave
 Parameter: XPOS -> "15.2359364"
 RDCMND substituted energy or value "?XAVE" to "0"
Evaluating: 15.2359364-0
 Parameter: XTRAN <- "15.2359364"
  
 CHARMM>            calc ytran = @ypos - ?yave
 Parameter: YPOS -> "-4.34049002"
 RDCMND substituted energy or value "?YAVE" to "0"
Evaluating: -4.34049002-0
 Parameter: YTRAN <- "-4.34049002"
  
 CHARMM>            calc ztran = @zpos - ?zave
 Parameter: ZPOS -> "16.0108995"
 RDCMND substituted energy or value "?ZAVE" to "0"
Evaluating: 16.0108995-0
 Parameter: ZTRAN <- "16.0108995"
  
 CHARMM>            coor trans xdir @xtran ydir @ytran zdir @ztran select target end
 Parameter: XTRAN -> "15.2359364"
 Parameter: YTRAN -> "-4.34049002"
 Parameter: ZTRAN -> "16.0108995"
 SELRPN>      1 atoms have been selected out of  22374
 TRANSLATION VECTOR    15.235936   -4.340490   16.010900
 SELECTED COORDINATES TRANSLATED IN THE MAIN SET.

  
 CHARMM>     
  
 CHARMM>            ! apply a random rotation along XYZ
  
 CHARMM>            calc xphi = ?random * 360.0
 RDCMND substituted energy or value "?RANDOM" to "0.908700164"
Evaluating: 0.908700164*360.0
 Parameter: XPHI <- "327.132059"
  
 CHARMM>            calc yphi = ?random * 360.0
 RDCMND substituted energy or value "?RANDOM" to "0.625742405"
Evaluating: 0.625742405*360.0
 Parameter: YPHI <- "225.267266"
  
 CHARMM>            calc zphi = ?random * 360.0
 RDCMND substituted energy or value "?RANDOM" to "0.762308344"
Evaluating: 0.762308344*360.0
 Parameter: ZPHI <- "274.431004"
  
 CHARMM>            coor rotate xcen @xpos ycen @ypos zcen @zpos xdir 1.0 -
 CHARMM>                phi @xphi select target end
 Parameter: XPOS -> "15.2359364"
 Parameter: YPOS -> "-4.34049002"
 Parameter: ZPOS -> "16.0108995"
 Parameter: XPHI -> "327.132059"
 SELRPN>      1 atoms have been selected out of  22374
 ROTATION MATRIX
    1.000000    0.000000    0.000000
    0.000000    0.839924   -0.542705
    0.000000    0.542705    0.839924

 AXIS OF ROTATION IS -1.000000  0.000000  0.000000  ANGLE IS   32.87

 SELECTED COORDINATES ROTATED IN THE MAIN SET.

  
 CHARMM>            coor rotate xcen @xpos ycen @ypos zcen @zpos ydir 1.0 -
 CHARMM>                phi @yphi select target end
 Parameter: XPOS -> "15.2359364"
 Parameter: YPOS -> "-4.34049002"
 Parameter: ZPOS -> "16.0108995"
 Parameter: YPHI -> "225.267266"
 SELRPN>      1 atoms have been selected out of  22374
 ROTATION MATRIX
   -0.703801    0.000000    0.710397
    0.000000    1.000000    0.000000
   -0.710397    0.000000   -0.703801

 AXIS OF ROTATION IS  0.000000 -1.000000  0.000000  ANGLE IS  134.73

 SELECTED COORDINATES ROTATED IN THE MAIN SET.

  
 CHARMM>            coor rotate xcen @xpos ycen @ypos zcen @zpos zdir 1.0 -
 CHARMM>                phi @zphi select target end
 Parameter: XPOS -> "15.2359364"
 Parameter: YPOS -> "-4.34049002"
 Parameter: ZPOS -> "16.0108995"
 Parameter: ZPHI -> "274.431004"
 SELRPN>      1 atoms have been selected out of  22374
 ROTATION MATRIX
    0.077259   -0.997011    0.000000
    0.997011    0.077259    0.000000
    0.000000    0.000000    1.000000

 AXIS OF ROTATION IS  0.000000  0.000000 -1.000000  ANGLE IS   85.57

 SELECTED COORDINATES ROTATED IN THE MAIN SET.

  
 CHARMM>     
  
 CHARMM>     
  
 CHARMM>            calc dcut = 3.5
Evaluating: 3.5
 Parameter: DCUT <- "3.5"
  
 CHARMM>     
  
 CHARMM>            coor stat sele target end
 SELRPN>      1 atoms have been selected out of  22374
 STATISTICS FOR         1 SELECTED ATOMS:
    XMIN =   15.235936 XMAX =   15.235936 XAVE =   15.235936
    YMIN =   -4.340490 YMAX =   -4.340490 YAVE =   -4.340490
    ZMIN =   16.010900 ZMAX =   16.010900 ZAVE =   16.010900
    WMIN =   -1.000000 WMAX =   -1.000000 WAVE =   -1.000000
  
 CHARMM>            calc xmax = ?xmax + @dcut
 Parameter: DCUT -> "3.5"
 RDCMND substituted energy or value "?XMAX" to "15.2359364"
Evaluating: 15.2359364+3.5
 Parameter: XMAX <- "18.7359364"
  
 CHARMM>            calc ymax = ?ymax + @dcut
 Parameter: DCUT -> "3.5"
 RDCMND substituted energy or value "?YMAX" to "-4.34049002"
Evaluating: -4.34049002+3.5
 Parameter: YMAX <- "-0.84049002"
  
 CHARMM>            calc zmax = ?zmax + @dcut
 Parameter: DCUT -> "3.5"
 RDCMND substituted energy or value "?ZMAX" to "16.0108995"
Evaluating: 16.0108995+3.5
 Parameter: ZMAX <- "19.5108995"
  
 CHARMM>            calc xmin = ?xmin - @dcut
 Parameter: DCUT -> "3.5"
 RDCMND substituted energy or value "?XMIN" to "15.2359364"
Evaluating: 15.2359364-3.5
 Parameter: XMIN <- "11.7359364"
  
 CHARMM>            calc ymin = ?ymin - @dcut
 Parameter: DCUT -> "3.5"
 RDCMND substituted energy or value "?YMIN" to "-4.34049002"
Evaluating: -4.34049002-3.5
 Parameter: YMIN <- "-7.84049002"
  
 CHARMM>            calc zmin = ?zmin - @dcut
 Parameter: DCUT -> "3.5"
 RDCMND substituted energy or value "?ZMIN" to "16.0108995"
Evaluating: 16.0108995-3.5
 Parameter: ZMIN <- "12.5108995"
  
 CHARMM>     
  
 CHARMM>            define JUNK sele .not. target .and. -
 CHARMM>                             prop X .lt. @xmax .and. prop X .gt. @xmin .and. -
 CHARMM>                             prop Y .lt. @ymax .and. prop Y .gt. @ymin .and. -
 CHARMM>                             prop Z .lt. @zmax .and. prop Z .gt. @zmin  end
 Parameter: XMAX -> "18.7359364"
 Parameter: XMIN -> "11.7359364"
 Parameter: YMAX -> "-0.84049002"
 Parameter: YMIN -> "-7.84049002"
 Parameter: ZMAX -> "19.5108995"
 Parameter: ZMIN -> "12.5108995"
 SELRPN>     35 atoms have been selected out of  22374
  
 CHARMM>     
  
 CHARMM>            ! check if the ions are too close to protein
  
 CHARMM>            define XXX sele PROT end
 SELRPN>      0 atoms have been selected out of  22374
  
 CHARMM>            if ?nsel .gt. 0 then
 RDCMND substituted energy or value "?NSEL" to "0"
 Comparing "0" and "0".
 IF test evaluated as false.  Skip to ELSE or ENDIF
  
 CHARMM>     
  
 CHARMM>            ! check if the ions are too close to solute
  
 CHARMM>            coor dist cut 4.0 sele target end sele JUNK .and. .not. hydrogen end image
 SELRPN>      1 atoms have been selected out of  34208
 SELRPN>     14 atoms have been selected out of  34208

            DISTANCES FOR SELECTED ATOMS
22374 NEG      CLA      17       CLA     - 992 MEMB     SAPE     11       C11           3.6407
22374 NEG      CLA      17       CLA     - 999 MEMB     SAPE     11       O11           3.4224
22374 NEG      CLA      17       CLA     -1005 MEMB     SAPE     11       O21           3.3352
22374 NEG      CLA      17       CLA     -1014 MEMB     SAPE     11       O31           3.0640
22374 NEG      CLA      17       CLA     -1015 MEMB     SAPE     11       C31           2.7834
22374 NEG      CLA      17       CLA     -1016 MEMB     SAPE     11       O32           3.5599
22374 NEG      CLA      17       CLA     -1017 MEMB     SAPE     11       C32           2.2413
22374 NEG      CLA      17       CLA     -1067 MEMB     SAPE     11       C33           2.4327
22374 NEG      CLA      17       CLA     -1070 MEMB     SAPE     11       C34           2.1218
22374 NEG      CLA      17       CLA     -1073 MEMB     SAPE     11       C35           1.7464
22374 NEG      CLA      17       CLA     -1076 MEMB     SAPE     11       C36           3.1133
 TOTAL EXCLUSION COUNT =         0
 TOTAL 1-4 EXCLUSIONS  =         0
 TOTAL NON-EXCLUSIONS  =        11
  
 CHARMM>            if ?npair .gt. 0 goto doinit
 RDCMND substituted energy or value "?NPAIR" to "11"
 Comparing "11" and "0".
 IF test evaluated as true.  Performing command
  
 CHARMM>     
  
 CHARMM>            calc cntrand = @cntrand + 1
 Parameter: CNTRAND -> "1"
Evaluating: 1+1
 Parameter: CNTRAND <- "2"
  
 CHARMM>            if cntrand .gt. 100 stop ! ABNORMAL TERMINATION: ion placing may not work.. stop here
 Comparing "2" and "100".
 IF test evaluated as false.  Skipping command
  
 CHARMM>     
  
 CHARMM>            calc j = @i
 Parameter: I -> "54"
Evaluating: 54
 Parameter: J <- "54"
  
 CHARMM>            set ion = POS
 Parameter: ION <- "POS"
  
 CHARMM>     
  
 CHARMM>            if j .gt. @npos then
 Parameter: NPOS -> "37"
 Comparing "54" and "37".
 IF test evaluated as true.  Performing command
  
 CHARMM>               set ion = NEG
 Parameter: ION <- "NEG"
  
 CHARMM>               calc j  = @j - @npos
 Parameter: J -> "54"
 Parameter: NPOS -> "37"
Evaluating: 54-37
 Parameter: J <- "17"
  
 CHARMM>            endif
  
 CHARMM>     
  
 CHARMM>            define target select segid @ion .and. resid @j end
 Parameter: ION -> "NEG"
 Parameter: J -> "17"
 SELRPN>      1 atoms have been selected out of  22374
  
 CHARMM>     
  
 CHARMM>            calc xpos = @A * ( ?random - 0.5 )
 Parameter: A -> "73.4166194"
 RDCMND substituted energy or value "?RANDOM" to "0.597959625"
Evaluating: 73.4166194*(0.597959625-0.5)
 Parameter: XPOS <- "7.19186451"
  
 CHARMM>            calc ypos = @B * ( ?random - 0.5 )
 Parameter: B -> "73.4166194"
 RDCMND substituted energy or value "?RANDOM" to "0.695652046"
Evaluating: 73.4166194*(0.695652046-0.5)
 Parameter: YPOS <- "14.3641118"
  
 CHARMM>            calc zpos = @C * ( ?random - 0.5 ) + @zcen
 Parameter: C -> "85"
 Parameter: ZCEN -> "0"
 RDCMND substituted energy or value "?RANDOM" to "0.160003537"
Evaluating: 85*(0.160003537-0.5)+0
 Parameter: ZPOS <- "-28.8996994"
  
 CHARMM>     
  
 CHARMM>            if zpos .gt. -15 if zpos .lt. 15 goto doinit
 Comparing "-28.8996994" and "-15".
 IF test evaluated as false.  Skipping command
  
 CHARMM>     
  
 CHARMM>            ! move target to selected position
  
 CHARMM>            coor stat select target end
 SELRPN>      1 atoms have been selected out of  22374
 STATISTICS FOR         1 SELECTED ATOMS:
    XMIN =   15.235936 XMAX =   15.235936 XAVE =   15.235936
    YMIN =   -4.340490 YMAX =   -4.340490 YAVE =   -4.340490
    ZMIN =   16.010900 ZMAX =   16.010900 ZAVE =   16.010900
    WMIN =   -1.000000 WMAX =   -1.000000 WAVE =   -1.000000
  
 CHARMM>            calc xtran = @xpos - ?xave
 Parameter: XPOS -> "7.19186451"
 RDCMND substituted energy or value "?XAVE" to "15.2359364"
Evaluating: 7.19186451-15.2359364
 Parameter: XTRAN <- "-8.04407189"
  
 CHARMM>            calc ytran = @ypos - ?yave
 Parameter: YPOS -> "14.3641118"
 RDCMND substituted energy or value "?YAVE" to "-4.34049002"
Evaluating: 14.3641118--4.34049002
 Parameter: YTRAN <- "18.7046018"
  
 CHARMM>            calc ztran = @zpos - ?zave
 Parameter: ZPOS -> "-28.8996994"
 RDCMND substituted energy or value "?ZAVE" to "16.0108995"
Evaluating: -28.8996994-16.0108995
 Parameter: ZTRAN <- "-44.9105989"
  
 CHARMM>            coor trans xdir @xtran ydir @ytran zdir @ztran select target end
 Parameter: XTRAN -> "-8.04407189"
 Parameter: YTRAN -> "18.7046018"
 Parameter: ZTRAN -> "-44.9105989"
 SELRPN>      1 atoms have been selected out of  22374
 TRANSLATION VECTOR    -8.044072   18.704602  -44.910599
 SELECTED COORDINATES TRANSLATED IN THE MAIN SET.

  
 CHARMM>     
  
 CHARMM>            ! apply a random rotation along XYZ
  
 CHARMM>            calc xphi = ?random * 360.0
 RDCMND substituted energy or value "?RANDOM" to "0.352617976"
Evaluating: 0.352617976*360.0
 Parameter: XPHI <- "126.942471"
  
 CHARMM>            calc yphi = ?random * 360.0
 RDCMND substituted energy or value "?RANDOM" to "0.680852111"
Evaluating: 0.680852111*360.0
 Parameter: YPHI <- "245.10676"
  
 CHARMM>            calc zphi = ?random * 360.0
 RDCMND substituted energy or value "?RANDOM" to "0.881700981"
Evaluating: 0.881700981*360.0
 Parameter: ZPHI <- "317.412353"
  
 CHARMM>            coor rotate xcen @xpos ycen @ypos zcen @zpos xdir 1.0 -
 CHARMM>                phi @xphi select target end
 Parameter: XPOS -> "7.19186451"
 Parameter: YPOS -> "14.3641118"
 Parameter: ZPOS -> "-28.8996994"
 Parameter: XPHI -> "126.942471"
 SELRPN>      1 atoms have been selected out of  22374
 ROTATION MATRIX
    1.000000    0.000000    0.000000
    0.000000   -0.601013    0.799239
    0.000000   -0.799239   -0.601013

 AXIS OF ROTATION IS  1.000000  0.000000  0.000000  ANGLE IS  126.94

 SELECTED COORDINATES ROTATED IN THE MAIN SET.

  
 CHARMM>            coor rotate xcen @xpos ycen @ypos zcen @zpos ydir 1.0 -
 CHARMM>                phi @yphi select target end
 Parameter: XPOS -> "7.19186451"
 Parameter: YPOS -> "14.3641118"
 Parameter: ZPOS -> "-28.8996994"
 Parameter: YPHI -> "245.10676"
 SELRPN>      1 atoms have been selected out of  22374
 ROTATION MATRIX
   -0.420929    0.000000    0.907094
    0.000000    1.000000    0.000000
   -0.907094    0.000000   -0.420929

 AXIS OF ROTATION IS  0.000000 -1.000000  0.000000  ANGLE IS  114.89

 SELECTED COORDINATES ROTATED IN THE MAIN SET.

  
 CHARMM>            coor rotate xcen @xpos ycen @ypos zcen @zpos zdir 1.0 -
 CHARMM>                phi @zphi select target end
 Parameter: XPOS -> "7.19186451"
 Parameter: YPOS -> "14.3641118"
 Parameter: ZPOS -> "-28.8996994"
 Parameter: ZPHI -> "317.412353"
 SELRPN>      1 atoms have been selected out of  22374
 ROTATION MATRIX
    0.736243   -0.676717    0.000000
    0.676717    0.736243    0.000000
    0.000000    0.000000    1.000000

 AXIS OF ROTATION IS  0.000000  0.000000 -1.000000  ANGLE IS   42.59

 SELECTED COORDINATES ROTATED IN THE MAIN SET.

  
 CHARMM>     
  
 CHARMM>     
  
 CHARMM>            calc dcut = 3.5
Evaluating: 3.5
 Parameter: DCUT <- "3.5"
  
 CHARMM>     
  
 CHARMM>            coor stat sele target end
 SELRPN>      1 atoms have been selected out of  22374
 STATISTICS FOR         1 SELECTED ATOMS:
    XMIN =    7.191865 XMAX =    7.191865 XAVE =    7.191865
    YMIN =   14.364112 YMAX =   14.364112 YAVE =   14.364112
    ZMIN =  -28.899699 ZMAX =  -28.899699 ZAVE =  -28.899699
    WMIN =   -1.000000 WMAX =   -1.000000 WAVE =   -1.000000
  
 CHARMM>            calc xmax = ?xmax + @dcut
 Parameter: DCUT -> "3.5"
 RDCMND substituted energy or value "?XMAX" to "7.19186451"
Evaluating: 7.19186451+3.5
 Parameter: XMAX <- "10.6918645"
  
 CHARMM>            calc ymax = ?ymax + @dcut
 Parameter: DCUT -> "3.5"
 RDCMND substituted energy or value "?YMAX" to "14.3641118"
Evaluating: 14.3641118+3.5
 Parameter: YMAX <- "17.8641118"
  
 CHARMM>            calc zmax = ?zmax + @dcut
 Parameter: DCUT -> "3.5"
 RDCMND substituted energy or value "?ZMAX" to "-28.8996994"
Evaluating: -28.8996994+3.5
 Parameter: ZMAX <- "-25.3996994"
  
 CHARMM>            calc xmin = ?xmin - @dcut
 Parameter: DCUT -> "3.5"
 RDCMND substituted energy or value "?XMIN" to "7.19186451"
Evaluating: 7.19186451-3.5
 Parameter: XMIN <- "3.69186451"
  
 CHARMM>            calc ymin = ?ymin - @dcut
 Parameter: DCUT -> "3.5"
 RDCMND substituted energy or value "?YMIN" to "14.3641118"
Evaluating: 14.3641118-3.5
 Parameter: YMIN <- "10.8641118"
  
 CHARMM>            calc zmin = ?zmin - @dcut
 Parameter: DCUT -> "3.5"
 RDCMND substituted energy or value "?ZMIN" to "-28.8996994"
Evaluating: -28.8996994-3.5
 Parameter: ZMIN <- "-32.3996994"
  
 CHARMM>     
  
 CHARMM>            define JUNK sele .not. target .and. -
 CHARMM>                             prop X .lt. @xmax .and. prop X .gt. @xmin .and. -
 CHARMM>                             prop Y .lt. @ymax .and. prop Y .gt. @ymin .and. -
 CHARMM>                             prop Z .lt. @zmax .and. prop Z .gt. @zmin  end
 Parameter: XMAX -> "10.6918645"
 Parameter: XMIN -> "3.69186451"
 Parameter: YMAX -> "17.8641118"
 Parameter: YMIN -> "10.8641118"
 Parameter: ZMAX -> "-25.3996994"
 Parameter: ZMIN -> "-32.3996994"
 SELRPN>      0 atoms have been selected out of  22374
  
 CHARMM>     
  
 CHARMM>            ! check if the ions are too close to protein
  
 CHARMM>            define XXX sele PROT end
 SELRPN>      0 atoms have been selected out of  22374
  
 CHARMM>            if ?nsel .gt. 0 then
 RDCMND substituted energy or value "?NSEL" to "0"
 Comparing "0" and "0".
 IF test evaluated as false.  Skip to ELSE or ENDIF
  
 CHARMM>     
  
 CHARMM>            ! check if the ions are too close to solute
  
 CHARMM>            coor dist cut 4.0 sele target end sele JUNK .and. .not. hydrogen end image
 SELRPN>      1 atoms have been selected out of  34208
 SELRPN>      0 atoms have been selected out of  34208

            DISTANCES FOR SELECTED ATOMS
            ONLY ONE SELECTION SET SPECIFIED, A COMPARISON WILL BE DONE
 TOTAL EXCLUSION COUNT =         0
 TOTAL 1-4 EXCLUSIONS  =         0
 TOTAL NON-EXCLUSIONS  =         0
  
 CHARMM>            if ?npair .gt. 0 goto doinit
 RDCMND substituted energy or value "?NPAIR" to "0"
 Comparing "0" and "0".
 IF test evaluated as false.  Skipping command
  
 CHARMM>     
  
 CHARMM>            calc cntrand = 0
Evaluating: 0
 Parameter: CNTRAND <- "0"
  
 CHARMM>            increase i by 1
 Parameter: I <- "55"
  
 CHARMM>            if i .le. @nion goto doinit
 Parameter: NION -> "54"
 Comparing "55" and "54".
 IF test evaluated as false.  Skipping command
  
 CHARMM>     
  
 CHARMM>        label continue
  
 CHARMM>     
  
 CHARMM>        CRYSTAL FREE
  
 CHARMM>     
  
 CHARMM>        ! get the number of @pos residues to reorder
  
 CHARMM>        define JUNK sele ( segid IONS .or. LPSION ) .and. resname @pos end
 Parameter: POS -> "SOD"
 SELRPN>      0 atoms have been selected out of  22374
  
 CHARMM>        set natoms = ?nsel
 RDCMND substituted energy or value "?NSEL" to "0"
 Parameter: NATOMS <- "0"
  
 CHARMM>        calc nresi = @natoms / @natompos
 Parameter: NATOMS -> "0"
 Parameter: NATOMPOS -> "1"
Evaluating: 0/1
 Parameter: NRESI <- "0"
  
 CHARMM>        incr npos by @nresi
 Parameter: NRESI -> "0"
 Parameter: NPOS <- "37"
  
 CHARMM>     
  
 CHARMM>        ! join POS to @pos via reordering
  
 CHARMM>        if nresi .gt. 0 then
 Comparing "0" and "0".
 IF test evaluated as false.  Skip to ELSE or ENDIF
  
 CHARMM>     
  
 CHARMM>        ! update LPS selection
  
 CHARMM>        define LPSION sele segid LION .or. segid CION .or. segid OION end
 SELRPN>      0 atoms have been selected out of  22374
  
 CHARMM>     
  
 CHARMM>        ! get the number of @neg residues to reorder
  
 CHARMM>        define JUNK sele ( segid IONS .or. LPSION ) .and. resname @neg end
 Parameter: NEG -> "CLA"
 SELRPN>      0 atoms have been selected out of  22374
  
 CHARMM>        set natoms = ?nsel
 RDCMND substituted energy or value "?NSEL" to "0"
 Parameter: NATOMS <- "0"
  
 CHARMM>        calc nresi = @natoms / @natomneg
 Parameter: NATOMS -> "0"
 Parameter: NATOMNEG -> "1"
Evaluating: 0/1
 Parameter: NRESI <- "0"
  
 CHARMM>        incr nneg by @nresi
 Parameter: NRESI -> "0"
 Parameter: NNEG <- "17"
  
 CHARMM>     
  
 CHARMM>        ! join NEG to @neg via reordering
  
 CHARMM>        if nresi .gt. 0 then
 Comparing "0" and "0".
 IF test evaluated as false.  Skip to ELSE or ENDIF
  
 CHARMM>            ! if POS was reordered, NEG may still need to be reordered
  
 CHARMM>            define POS sele segid POS end
 SELRPN>     37 atoms have been selected out of  22374
  
 CHARMM>            set posat = ?selatom
 RDCMND substituted energy or value "?SELATOM" to "22321"
 Parameter: POSAT <- "22321"
  
 CHARMM>     
  
 CHARMM>            define NEG sele segid NEG end
 SELRPN>     17 atoms have been selected out of  22374
  
 CHARMM>            set negat = ?selatom
 RDCMND substituted energy or value "?SELATOM" to "22358"
 Parameter: NEGAT <- "22358"
  
 CHARMM>     
  
 CHARMM>            if negat .eq. 0 goto skipreorder
 Comparing "22358" and "0".
 IF test evaluated as false.  Skipping command
  
 CHARMM>     
  
 CHARMM>            if posat .gt. @negat then
 Parameter: NEGAT -> "22358"
 Comparing "22321" and "22358".
 IF test evaluated as false.  Skip to ELSE or ENDIF
  
 CHARMM>        endif
  
 CHARMM>     
  
 CHARMM>        label skipreorder
  
 CHARMM>     
  
 CHARMM>        ! update LPS selection
  
 CHARMM>        define LPSION sele segid LION .or. segid CION .or. segid OION end
 SELRPN>      0 atoms have been selected out of  22374
  
 CHARMM>     
  
 CHARMM>        !
  
 CHARMM>        ! join everything to IONS segment
  
 CHARMM>        !
  
 CHARMM>        define IONS sele segid IONS end
 SELRPN>      0 atoms have been selected out of  22374
  
 CHARMM>        set nionatoms = ?nsel
 RDCMND substituted energy or value "?NSEL" to "0"
 Parameter: NIONATOMS <- "0"
  
 CHARMM>     
  
 CHARMM>        define POS sele segid POS end
 SELRPN>     37 atoms have been selected out of  22374
  
 CHARMM>        set nposatoms = ?nsel
 RDCMND substituted energy or value "?NSEL" to "37"
 Parameter: NPOSATOMS <- "37"
  
 CHARMM>     
  
 CHARMM>        define NEG sele segid NEG end
 SELRPN>     17 atoms have been selected out of  22374
  
 CHARMM>        set nnegatoms = ?nsel
 RDCMND substituted energy or value "?NSEL" to "17"
 Parameter: NNEGATOMS <- "17"
  
 CHARMM>     
  
 CHARMM>        if nionatoms .gt. 0 then
 Comparing "0" and "0".
 IF test evaluated as false.  Skip to ELSE or ENDIF
  
 CHARMM>            rename segid IONS sele segid POS end
 SELRPN>     37 atoms have been selected out of  22374
 SEGMENT 'POS     ' IS RENAMED TO 'IONS    '
  
 CHARMM>        endif
  
 CHARMM>     
  
 CHARMM>        define IONS sele segid IONS end
 SELRPN>     37 atoms have been selected out of  22374
  
 CHARMM>        set nionatoms = ?nsel
 RDCMND substituted energy or value "?NSEL" to "37"
 Parameter: NIONATOMS <- "37"
  
 CHARMM>     
  
 CHARMM>        if nionatoms .gt. 0 then
 Comparing "37" and "0".
 IF test evaluated as true.  Performing command
  
 CHARMM>            if nnegatoms .gt. 0 join IONS NEG renumber
 Comparing "17" and "0".
 IF test evaluated as true.  Performing command
 SEGMENTS "IONS    " AND "NEG     " HAVE BEEN JOINED.
 THE RESIDUE IDENTIFIERS HAVE BEEN RENUMBERED
 PSFSUM> PSF modified: NONBOND lists and IMAGE atoms cleared.
 PSFSUM> Summary of the structure file counters :
         Number of segments      =        2   Number of residues   =      246
         Number of atoms         =    22374   Number of groups     =     6550
         Number of bonds         =    22356   Number of angles     =    43040
         Number of dihedrals     =    61940   Number of impropers  =      272
         Number of cross-terms   =        0   Number of autogens   =        0
         Number of HB acceptors  =        0   Number of HB donors  =        0
         Number of NB exclusions =        0   Total charge =   -0.00000
  
 CHARMM>        else
 Skip commands until next ENDIF
  
 CHARMM>     
  
 CHARMM>        incr ionind
 Parameter: IONIND <- "2"
  
 CHARMM>        if ionind le @niontypes goto do_ion
 Parameter: NIONTYPES -> "1"
 Comparing "2" and "1".
 IF test evaluated as false.  Skipping command
  
 CHARMM>     
  
 CHARMM>     
  
 CHARMM>    CRYSTAL FREE
  
 CHARMM>     
  
 CHARMM>    open read unit 10 card name step4.3_ion_protmemb.crd
 OPNLGU> Unit already open. The old file will be closed first.
 VCLOSE: Closing unit   10 with status "KEEP"
 VOPEN> Attempting to open::step4.3_ion_protmemb.crd::
 OPNLGU> Unit 10 opened for READONLY access to step4.3_ion_protmemb.crd
  
 CHARMM>    read coor unit 10 card
          SPATIAL COORDINATES BEING READ FROM UNIT 10
 TITLE> * GENERATED BY CHARMM-GUI (HTTP://WWW.CHARMM-GUI.ORG) V3.7 ON OCT, 22. 2024. JOB
 TITLE> * GENERATES ION CONFORMATION USING MONTE-CARLO SIMULATION
 TITLE> *  DATE:    10/22/24     10:39:37      CREATED BY USER: APACHE
 TITLE> *

 ** WARNING ** Coordinates were overwritten for 22320 atoms.
 *** LEVEL  2 WARNING *** BOMLEV IS    0
  
 CHARMM>     
  
 CHARMM>    write coor pdb name step4.3_ion.pdb
 VOPEN> Attempting to open::step4.3_ion.pdb::
 RDTITL>  
 RDTITL> No title read.
  Write CHARMM-pdb format
 VCLOSE: Closing unit   90 with status "KEEP"
  
 CHARMM>     
  
 CHARMM>    calc cgtotinit = ?cgtot
 RDCMND substituted energy or value "?CGTOT" to "-4.298783551E-13"
Evaluating: -4.298783551E-13
 Parameter: CGTOTINIT <- "-4.298783551E-13"
  
 CHARMM>    calc cgtot = int( ?cgtot )
 RDCMND substituted energy or value "?CGTOT" to "-4.298783551E-13"
Evaluating: INT(-4.298783551E-13)
 Parameter: CGTOT <- "0"
  
 CHARMM>    if cgtot .ne. 0 stop ! ABNORMAL TERMINATION: failure to neutralize system
 Comparing "0" and "0".
 IF test evaluated as false.  Skipping command
  
 CHARMM>    calc cgdiff = abs(@cgtot - @cgtotinit)
 Parameter: CGTOT -> "0"
 Parameter: CGTOTINIT -> "-4.298783551E-13"
Evaluating: ABS(0--4.298783551E-13)
 Parameter: CGDIFF <- "4.298783551E-13"
  
 CHARMM>    if cgdiff .gt. 0.0001 stop ! ABNORMAL TERMINATION: failure to neutralize system
 Comparing "4.298783551E-13" and "0.0001".
 IF test evaluated as false.  Skipping command
  
 CHARMM>     
  
 CHARMM>    delete atom sele .not. ( segid IONS ) end
 SELRPN>  22320 atoms have been selected out of  22374

 Message from MAPIC: Atom numbers are changed.

 Message from MAPIC:        192 residues deleted.

 Message from MAPIC:          1 segments deleted.
 DELTIC:     22356 bonds deleted
 DELTIC:     43040 angles deleted
 DELTIC:     61940 dihedrals deleted
 DELTIC:       272 improper dihedrals deleted
 PSFSUM> PSF modified: NONBOND lists and IMAGE atoms cleared.
 PSFSUM> Summary of the structure file counters :
         Number of segments      =        1   Number of residues   =       54
         Number of atoms         =       54   Number of groups     =       54
         Number of bonds         =        0   Number of angles     =        0
         Number of dihedrals     =        0   Number of impropers  =        0
         Number of cross-terms   =        0   Number of autogens   =        0
         Number of HB acceptors  =        0   Number of HB donors  =        0
         Number of NB exclusions =        0   Total charge =   20.00000
  
 CHARMM>     
  
 CHARMM>    bomlev 2 ! force error if no atoms written
  
 CHARMM>     
  
 CHARMM>    write psf  card name step4.3_ion.psf
 VOPEN> Attempting to open::step4.3_ion.psf::
 RDTITL> WRITE COOR CARD NAME STEP4.3_ION.CRD
 RDTITL> No title read.
 VCLOSE: Closing unit   90 with status "KEEP"
 VCLOSE: Closing unit   90 with status "KEEP"
  
 CHARMM>    write coor card name step4.3_ion.crd
 VOPEN> Attempting to open::step4.3_ion.crd::
 RDTITL>  
 RDTITL> No title read.
 VCLOSE: Closing unit   90 with status "KEEP"
 VCLOSE: Closing unit   90 with status "KEEP"
  
 CHARMM>     
  
 CHARMM>    write title card name step4.3_ion.str
 VOPEN> Attempting to open::step4.3_ion.str::
 RDTITL> * SET NIONTYPES = 1
 RDTITL> * SET NPOSTOT = 37
 RDTITL> * SET NNEGTOT = 17
 RDTITL> * SET NIONTOT = 54
 RDTITL> *
 VCLOSE: Closing unit   90 with status "KEEP"
 **** Warning ****  The following extraneous characters
 were found while command processing in CHARMM
 CARD
  
 CHARMM>     
  
 CHARMM>    stop
 VCLOSE: Closing unit   10 with status "KEEP"
 VCLOSE: Closing unit   20 with status "KEEP"
$$$$$$  New timer profile $$$$$
 Total time                     75.45 Other:            0.00

                    NORMAL TERMINATION BY NORMAL STOP
                    MOST SEVERE WARNING WAS AT LEVEL  1

                    $$$$$ JOB ACCOUNTING INFORMATION $$$$$
                     ELAPSED TIME:     1.26  MINUTES 
                         CPU TIME:    16.41  SECONDS 
