#! FIELDS time G vol p.x p.y p.z
 0.000000 -840289.062500 794.102464 3.691707 3.292456 16.851043
 20.000000 -853162.187500 789.761927 3.647657 3.398528 16.869538
 40.000000 -849114.812500 792.327800 3.455069 3.279290 16.746571
 60.000000 -847641.875000 792.634806 3.616101 3.457783 16.548237
 80.000000 -846492.937500 794.629321 3.645195 3.680196 16.532645
 100.000000 -844718.750000 796.328767 3.344906 3.578193 16.536118
 120.000000 -843171.812500 797.251328 3.450605 3.462988 16.388592
 140.000000 -844281.687500 796.105066 3.545332 3.170366 16.357148
 160.000000 -845855.875000 795.280093 3.552353 3.138651 16.636087
 180.000000 -844769.187500 794.812439 3.444684 3.452357 16.391497
 200.000000 -845877.875000 796.164821 3.533451 3.532102 16.304376
 220.000000 -843859.687500 796.003297 3.395037 3.706500 16.409769
 240.000000 -845806.937500 796.291739 3.456925 3.863625 16.282058
 260.000000 -845840.375000 795.353932 3.476835 3.438543 16.525927
 280.000000 -843544.625000 797.034469 3.549345 3.692244 16.486839
 300.000000 -843604.000000 794.221384 3.289513 3.335047 16.411976
 320.000000 -844531.562500 794.272402 3.148055 3.361426 16.508441
 340.000000 -843003.437500 795.190692 3.277531 3.102441 16.529549
 360.000000 -845235.000000 794.242059 3.291937 3.465712 16.374374
 380.000000 -845045.562500 795.865587 3.203221 3.459102 16.573112
 400.000000 -845021.312500 796.642008 3.516762 3.484283 16.454284
 420.000000 -843819.812500 798.075877 3.515500 3.259242 16.415746
 440.000000 -844933.687500 794.531348 3.391661 3.530944 16.369279
 460.000000 -844837.875000 796.062910 3.273009 3.585331 16.068733
 480.000000 -842386.687500 795.486501 3.417855 3.159568 16.344897
 500.000000 -846286.250000 797.550115 3.635698 3.594560 16.674636
 520.000000 -846089.750000 793.044739 3.448276 3.638930 16.674447
 540.000000 -846030.437500 794.924019 3.509688 3.366045 16.840951
 560.000000 -844826.625000 794.798866 3.672502 3.215604 16.408955
 580.000000 -845335.625000 796.885807 3.580865 3.177169 16.226311
 600.000000 -844896.250000 793.924676 3.319938 3.225279 16.219963
 620.000000 -846209.312500 792.935627 3.665450 3.315350 16.482791
 640.000000 -844973.875000 794.915876 3.354084 3.359658 16.490620
 660.000000 -845470.875000 795.423524 3.477767 3.125532 16.428637
 680.000000 -844731.312500 797.567801 3.467565 3.447367 16.465367
 700.000000 -844585.812500 793.401471 3.484466 3.416310 16.470950
 720.000000 -846080.812500 794.869084 3.496290 3.366980 16.444113
 740.000000 -845756.000000 794.941157 3.369674 3.241527 16.423796
 760.000000 -843483.437500 798.779231 3.601653 3.624943 16.338651
 780.000000 -844276.062500 795.816947 3.231541 3.502479 16.320534
 800.000000 -844935.187500 793.218867 3.612889 3.561319 16.403199
 820.000000 -845040.875000 795.555202 3.619400 3.402764 16.444354
 840.000000 -844550.375000 794.281890 3.608113 3.369649 16.479889
 860.000000 -846567.000000 793.743919 3.278336 3.361406 16.162076
 880.000000 -844929.062500 795.941646 3.260799 3.421812 16.227981
 900.000000 -846378.750000 793.130557 3.399519 3.435150 16.507342
 920.000000 -845828.187500 792.788491 3.446927 3.416235 16.772086
 940.000000 -843833.750000 795.968374 3.255522 3.492160 16.527614
 960.000000 -846831.187500 794.358101 3.447866 3.439968 16.688164
 980.000000 -844120.437500 794.630172 3.246703 3.372499 16.443268
 1000.000000 -845194.250000 794.895151 3.461206 3.409350 16.405780
 1020.000000 -845876.437500 795.286359 3.428609 3.379063 16.496112
 1040.000000 -845052.937500 795.582980 3.438059 3.406362 16.233497
 1060.000000 -844357.250000 795.521066 3.315338 3.456441 16.528209
 1080.000000 -842954.000000 798.808722 3.402264 3.159189 16.314344
 1100.000000 -845073.875000 793.701709 3.472098 3.247236 16.269978
 1120.000000 -845121.937500 793.360961 3.564728 3.541797 16.527053
 1140.000000 -844854.500000 794.857881 3.572827 3.498572 16.632967
 1160.000000 -844434.937500 793.862224 3.353176 3.533192 16.273434
 1180.000000 -845826.812500 793.789213 3.302954 3.464786 16.395206
 1200.000000 -843955.437500 794.655732 3.328945 3.121116 16.308805
 1220.000000 -845526.750000 794.937250 3.161550 3.185935 16.715332
 1240.000000 -844546.500000 794.229898 3.229489 3.431276 16.839751
 1260.000000 -844775.750000 794.225243 3.551143 3.229415 16.608708
 1280.000000 -843374.812500 796.133073 3.057900 3.318182 16.552780
 1300.000000 -844787.437500 795.795462 3.153288 3.324680 16.504890
 1320.000000 -845109.937500 793.403873 3.336640 3.229149 16.596790
 1340.000000 -845254.562500 794.522926 3.623346 3.381081 16.357914
 1360.000000 -845392.437500 794.570063 3.556457 3.437980 16.598945
 1380.000000 -844211.500000 793.510679 3.522063 3.389285 16.266124
 1400.000000 -845733.187500 795.547408 3.348028 3.370898 16.462496
 1420.000000 -843851.625000 797.353242 3.292927 3.605510 16.430547
 1440.000000 -845027.250000 796.061519 3.432439 3.701543 16.269643
 1460.000000 -845775.875000 793.300242 3.315076 3.546527 16.640508
 1480.000000 -844850.875000 794.358942 3.282782 3.376093 16.564303
 1500.000000 -844257.750000 797.479284 3.182396 3.244719 16.494120
 1520.000000 -844540.937500 796.830600 3.489282 3.483235 16.551180
 1540.000000 -843710.437500 795.569160 3.486573 3.382342 16.432167
 1560.000000 -845079.375000 794.648724 3.488750 3.428493 16.616500
 1580.000000 -845853.687500 794.952929 3.480441 3.506560 16.511008
 1600.000000 -845149.250000 793.957270 3.376348 3.465137 16.705470
 1620.000000 -844633.500000 794.393963 3.145697 3.397731 16.673575
 1640.000000 -844312.687500 796.412189 3.380719 3.310716 16.611691
 1660.000000 -845327.125000 794.172093 3.321591 3.401806 16.357169
 1680.000000 -844821.062500 794.109909 3.380416 2.947384 16.465832
 1700.000000 -845086.250000 797.224418 3.242539 3.152047 16.475410
 1720.000000 -845092.625000 794.561675 3.261700 3.535271 16.263493
 1740.000000 -846039.500000 796.360527 3.572770 3.385975 16.181994
 1760.000000 -843809.500000 795.370334 3.722525 3.542813 16.178907
 1780.000000 -845118.875000 794.428104 3.400740 3.408410 16.463851
 1800.000000 -846383.875000 794.521971 3.582958 3.747894 16.808479
 1820.000000 -846344.812500 794.456055 3.459712 3.582990 16.726913
 1840.000000 -847484.187500 795.107760 3.345044 3.528371 16.512550
 1860.000000 -846442.937500 793.581854 3.051965 3.544380 16.565786
 1880.000000 -846141.500000 795.453878 3.562581 3.245558 16.478676
 1900.000000 -846607.937500 795.238687 3.158540 3.501921 16.405568
 1920.000000 -845038.812500 797.319455 3.526135 3.594167 16.332725
 1940.000000 -843797.687500 795.132666 3.564653 3.618960 16.548174
 1960.000000 -846012.625000 793.884438 3.509438 3.574867 16.774257
 1980.000000 -845870.500000 794.490769 3.491339 3.440797 16.848126
 2000.000000 -844170.687500 795.492120 3.409122 3.472693 16.501356
 2020.000000 -842749.062500 796.861312 3.418437 3.555461 16.599107
 2040.000000 -845178.125000 795.171655 3.365340 3.696402 16.377219
 2060.000000 -846854.500000 793.692272 3.370943 3.274598 16.380606
 2080.000000 -846035.625000 793.166215 3.423058 3.580107 16.863788
 2100.000000 -845233.875000 795.049087 3.347068 3.535908 16.614417
 2120.000000 -845264.750000 797.201195 3.540771 3.418806 16.607747
 2140.000000 -844052.562500 795.781815 3.440755 3.260129 16.421762
 2160.000000 -845783.937500 797.302828 3.280284 3.633080 16.276822
 2180.000000 -845406.562500 793.952356 3.331591 3.455514 16.206331
 2200.000000 -846659.875000 794.620578 3.329227 3.118031 16.135678
 2220.000000 -844981.562500 795.564795 3.549014 3.341781 16.604664
 2240.000000 -846967.000000 791.639478 3.419698 3.256746 16.547768
 2260.000000 -845554.125000 792.294096 3.392156 3.452181 16.385554
 2280.000000 -844340.937500 796.191242 3.243660 3.465898 16.686608
 2300.000000 -844276.000000 792.511123 3.395642 3.601525 16.409741
 2320.000000 -844304.187500 793.535757 3.484482 3.469055 16.574243
 2340.000000 -845461.562500 793.606137 3.376549 3.564859 16.607455
 2360.000000 -845584.875000 794.978283 3.461137 3.651215 16.393489
 2380.000000 -846392.687500 796.867774 3.411013 3.475715 16.424655
 2400.000000 -842924.500000 796.573689 3.266062 3.498563 16.553231
 2420.000000 -843329.875000 794.930360 3.333652 3.310232 16.687179
 2440.000000 -846055.312500 796.394118 3.226523 3.301500 16.536573
 2460.000000 -845207.625000 795.815630 3.097194 3.258003 16.382547
 2480.000000 -844368.500000 796.452176 3.358044 3.325481 16.419478
 2500.000000 -845189.375000 797.057182 3.497354 3.583829 16.475376
 2520.000000 -842912.312500 795.912145 3.231796 3.647028 16.495842
 2540.000000 -846161.500000 797.004912 3.430963 3.455082 16.559126
 2560.000000 -845060.687500 795.339325 3.447850 3.571125 16.687666
 2580.000000 -844099.062500 792.029160 3.340815 3.497555 16.710301
 2600.000000 -844883.687500 795.251986 3.407058 3.524510 16.491902
 2620.000000 -844029.437500 795.596617 3.579484 3.842887 16.667138
 2640.000000 -845449.812500 793.026289 3.160419 3.578471 16.335508
 2660.000000 -845192.437500 797.168105 3.279614 3.578065 16.460548
 2680.000000 -843831.437500 798.078266 3.464178 3.506767 16.522503
 2700.000000 -846153.187500 796.326560 3.515863 3.378567 16.800760
 2720.000000 -843975.062500 794.806505 3.084528 3.211482 16.670772
 2740.000000 -846794.625000 791.946788 3.273075 2.959799 16.445107
 2760.000000 -845926.187500 795.700170 3.502097 3.372244 16.519066
 2780.000000 -846393.937500 796.579452 3.355569 3.394685 16.159876
 2800.000000 -846488.187500 795.116212 3.400126 3.280125 16.478228
 2820.000000 -845933.375000 793.705833 3.148980 3.396886 16.585418
 2840.000000 -847060.687500 792.981239 3.324393 3.661547 16.485112
 2860.000000 -844822.875000 794.117154 3.291004 3.536796 16.742776
 2880.000000 -844143.625000 795.346015 3.185985 3.451154 16.595891
 2900.000000 -844324.937500 796.240989 3.336699 3.396206 16.395944
 2920.000000 -845868.187500 791.831894 3.614767 3.308507 16.585469
 2940.000000 -843413.250000 795.018301 3.527556 3.079959 16.421901
 2960.000000 -844353.187500 795.535798 3.379427 3.260916 16.577515
 2980.000000 -846070.875000 793.247242 3.230363 3.460935 16.537162
 3000.000000 -845196.375000 794.007423 3.387637 3.503682 16.606679
 3020.000000 -841126.000000 801.752155 3.131696 3.547383 6.178597
 3040.000000 -843795.187500 799.533332 3.423516 3.741271 13.067305
 3060.000000 -843391.187500 795.941012 3.507905 3.245681 15.170843
 3080.000000 -844628.312500 794.994393 3.604014 3.251494 15.957554
 3100.000000 -844194.187500 793.237800 3.415853 3.610698 16.465623
 3120.000000 -846157.250000 794.772026 3.366992 3.089745 16.343875
 3140.000000 -843865.687500 796.815635 3.103701 3.282869 16.288174
 3160.000000 -847060.875000 794.893649 3.425674 3.284382 16.372558
 3180.000000 -844690.312500 797.124883 3.375977 3.511239 16.331470
 3200.000000 -843729.187500 795.668743 3.633355 3.695947 16.663898
 3220.000000 -845564.250000 797.476410 3.178324 3.578631 16.524492
 3240.000000 -846297.875000 793.536940 3.465856 3.570587 16.257000
 3260.000000 -844935.937500 794.565002 3.649101 3.387791 16.453527
 3280.000000 -845442.250000 794.158868 3.594570 3.148713 16.233951
 3300.000000 -845687.562500 793.537673 3.648611 3.254096 16.376749
 3320.000000 -844181.562500 796.607440 3.631085 3.314969 16.514583
 3340.000000 -844327.000000 794.895240 3.517640 3.303400 16.612578
 3360.000000 -845910.187500 795.762236 3.368850 3.437743 16.536665
 3380.000000 -844387.312500 795.438240 3.329871 3.275648 16.463581
 3400.000000 -843401.750000 794.556737 3.378915 3.470392 16.643661
 3420.000000 -844731.312500 794.817051 3.262287 3.490408 16.623713
 3440.000000 -845167.312500 793.045134 3.602084 3.744441 16.489514
 3460.000000 -845380.562500 797.209773 3.359289 3.587454 16.469593
 3480.000000 -844575.750000 795.947297 3.299190 3.565420 16.327601
 3500.000000 -846918.062500 794.300427 3.436557 3.335175 16.241814
 3520.000000 -845968.125000 792.981278 3.505089 3.380364 16.425534
 3540.000000 -846856.875000 793.861408 3.423809 3.532971 16.239587
 3560.000000 -842993.875000 797.598620 3.456481 3.586852 16.531864
 3580.000000 -847607.250000 793.898069 3.415893 3.449391 16.302449
 3600.000000 -843096.250000 795.224603 3.420472 3.355341 16.502225
 3620.000000 -845542.062500 795.443084 3.406415 3.566360 16.756052
 3640.000000 -844994.500000 796.682442 3.421741 3.442664 16.622302
 3660.000000 -844706.437500 792.084201 3.189872 3.441197 16.193334
 3680.000000 -845832.437500 794.826862 3.469442 3.279579 16.469862
 3700.000000 -845133.125000 794.254554 3.539533 3.288850 16.442168
 3720.000000 -844779.125000 793.943788 3.490098 3.308298 16.466339
 3740.000000 -844970.187500 795.123273 3.431792 3.556233 16.647160
 3760.000000 -846573.875000 794.055089 3.448351 3.094835 16.419605
 3780.000000 -844605.312500 795.616006 3.548193 3.317544 16.496428
 3800.000000 -845725.812500 795.664325 3.466226 3.771596 16.614569
 3820.000000 -844938.687500 794.843098 3.527520 3.573895 16.412781
 3840.000000 -843297.500000 797.373512 3.449522 3.332672 16.466140
 3860.000000 -845050.187500 794.419826 2.961208 3.455861 16.326382
 3880.000000 -845912.250000 794.731196 3.585297 3.532136 16.483372
 3900.000000 -847286.937500 792.332671 3.580839 3.652497 16.488361
 3920.000000 -845048.312500 792.030227 3.504069 3.534276 16.358345
 3940.000000 -844841.250000 794.384539 3.355746 3.374121 16.525026
 3960.000000 -844627.750000 794.315949 3.063440 3.077596 16.471519
 3980.000000 -846215.250000 797.563376 2.941418 3.360120 16.155211
 4000.000000 -845351.625000 792.602880 3.416910 3.383091 16.308624
 4020.000000 -845427.625000 795.197682 3.246331 3.300280 16.557995
 4040.000000 -846167.562500 795.241876 3.272894 3.422746 16.559271
 4060.000000 -846143.250000 796.184474 3.029847 3.417352 16.537069
 4080.000000 -844519.875000 794.454985 3.354086 3.729182 16.378518
 4100.000000 -846218.687500 794.191845 3.634063 3.634414 16.324090
 4120.000000 -844496.187500 793.806954 3.385820 3.496153 16.565461
 4140.000000 -844239.187500 792.484162 3.216266 3.433139 16.591067
 4160.000000 -844008.875000 797.630362 3.030539 3.304583 16.735060
 4180.000000 -845067.312500 793.972403 3.325479 3.143163 16.520541
 4200.000000 -844722.562500 794.909120 3.304948 3.405867 16.445800
 4220.000000 -845544.562500 795.944672 3.598775 3.459837 16.394198
 4240.000000 -845879.250000 793.050997 3.676081 3.303441 16.742381
 4260.000000 -845167.750000 793.526322 3.461390 3.248445 16.581356
 4280.000000 -846092.687500 794.408696 3.553787 3.104667 16.480843
 4300.000000 -845061.812500 793.494876 3.535860 3.247904 16.512184
 4320.000000 -845239.000000 796.718115 3.099245 3.561861 16.448270
 4340.000000 -846006.000000 793.771426 3.074938 3.463304 16.679922
 4360.000000 -844863.312500 792.203482 3.376651 3.333308 16.499648
 4380.000000 -844378.312500 792.792425 3.523504 3.513573 16.475636
 4400.000000 -845312.437500 795.594960 3.231911 3.568805 16.688465
 4420.000000 -845202.437500 793.813246 3.464664 3.268015 16.627596
 4440.000000 -843761.125000 794.093417 3.483764 3.071156 16.411112
 4460.000000 -844020.187500 794.938891 3.447300 3.301149 16.814529
 4480.000000 -845424.125000 793.748702 3.554646 3.327711 16.462566
 4500.000000 -846166.812500 796.437192 3.414847 3.137908 16.439288
 4520.000000 -845074.687500 794.726910 3.392040 3.347271 16.489983
 4540.000000 -846059.812500 794.997159 3.202320 3.594033 16.604556
 4560.000000 -842847.187500 797.649479 3.373949 3.487616 16.667201
 4580.000000 -845025.000000 796.285274 3.360066 3.448436 16.507254
 4600.000000 -846208.187500 794.913131 3.452816 3.199997 16.474871
 4620.000000 -844338.250000 797.020276 3.519712 3.318081 16.407705
 4640.000000 -844618.312500 794.829850 3.322803 3.074090 16.313406
 4660.000000 -843238.750000 797.504577 3.236623 3.140171 16.300717
 4680.000000 -844848.312500 793.696651 3.186023 3.380897 16.308747
 4700.000000 -843345.437500 796.691216 3.490641 3.512497 16.354743
 4720.000000 -845399.125000 793.000670 3.654063 3.375141 16.562365
 4740.000000 -842599.437500 794.518324 3.202153 3.324949 16.313567
 4760.000000 -844053.687500 792.457246 3.317175 3.577876 16.459036
 4780.000000 -843585.875000 794.269592 3.331064 3.393334 16.444626
 4800.000000 -846410.750000 793.268222 3.457663 3.471942 16.525885
 4820.000000 -844429.187500 795.978190 3.429438 3.517219 16.357946
 4840.000000 -844817.875000 795.477134 3.652882 3.630666 16.351606
 4860.000000 -845804.562500 794.867023 3.567655 3.644025 16.232847
 4880.000000 -844889.875000 794.662026 3.462722 3.591096 16.039407
 4900.000000 -844212.000000 796.120356 3.247451 3.544831 16.347926
 4920.000000 -845120.250000 793.013680 3.499094 3.441936 16.482872
 4940.000000 -845014.875000 794.815404 3.506947 3.268698 16.518351
 4960.000000 -846839.125000 794.096200 3.470366 3.264978 16.443705
 4980.000000 -846157.937500 794.105960 3.373710 3.476066 16.799095
 5000.000000 -847440.500000 795.445762 3.318864 3.233692 16.515037
 5020.000000 -845448.625000 796.167034 3.617854 3.368639 16.616163
 5040.000000 -844983.187500 795.327279 3.662946 3.459202 16.494702
 5060.000000 -844233.062500 797.020145 3.555181 3.361061 16.611465
 5080.000000 -845283.750000 792.923710 3.455411 3.362035 16.303975
 5100.000000 -844918.562500 794.629760 3.002253 3.255303 15.960262
 5120.000000 -845169.437500 794.602155 3.256441 3.381509 16.295118
 5140.000000 -843619.750000 794.549698 3.465948 3.195837 16.636842
 5160.000000 -845356.000000 794.547922 3.470786 3.317425 16.300688
 5180.000000 -844568.125000 796.910401 3.317038 3.591371 16.495565
 5200.000000 -843716.375000 796.683439 3.390952 3.487041 16.646292
 5220.000000 -846122.500000 797.454430 3.525657 3.448549 16.696926
 5240.000000 -845618.875000 795.072205 3.220056 3.553611 16.450279
 5260.000000 -844900.625000 793.912019 3.261920 3.144151 16.387718
 5280.000000 -843812.250000 795.454047 3.317080 3.167993 16.380118
 5300.000000 -844476.125000 795.741356 3.341302 3.185016 16.545961
 5320.000000 -845002.500000 794.074209 3.209072 3.266576 16.516767
 5340.000000 -845830.312500 795.505563 3.099041 3.317998 16.652304
 5360.000000 -845644.937500 794.430368 3.179579 3.652969 16.471983
 5380.000000 -843832.812500 793.212101 3.235329 3.481089 16.484778
 5400.000000 -844387.000000 793.439368 3.516139 3.259511 16.429669
 5420.000000 -844147.125000 794.538453 3.312388 3.321724 16.498770
 5440.000000 -845985.000000 792.454845 3.635525 3.362698 16.652146
 5460.000000 -843852.187500 795.148121 3.549170 3.311443 16.670288
 5480.000000 -845130.500000 793.140517 3.465240 3.498965 16.746401
 5500.000000 -844140.062500 793.172252 3.329426 3.641745 16.556245
 5520.000000 -845082.937500 795.060101 3.431244 3.522480 16.636832
 5540.000000 -844965.250000 792.830393 3.115590 3.289179 16.460040
 5560.000000 -844699.062500 795.262733 3.326929 3.199875 16.461099
 5580.000000 -844641.562500 796.077072 3.338607 3.312103 16.267238
 5600.000000 -843312.625000 797.017921 3.389962 3.338115 16.276039
 5620.000000 -843436.125000 795.435690 3.336456 3.429426 16.441657
 5640.000000 -844333.500000 793.433420 3.174172 3.277645 16.545830
 5660.000000 -843821.125000 795.089023 3.429550 3.403522 16.690580
 5680.000000 -845032.375000 793.316626 3.357270 3.491541 16.680844
 5700.000000 -845131.000000 795.023689 3.325070 3.379194 16.574034
 5720.000000 -845447.500000 795.624343 3.124043 3.410430 16.636308
 5740.000000 -844409.062500 796.325164 3.458835 3.417353 16.421532
 5760.000000 -845098.812500 794.339704 3.334424 3.088172 16.508393
 5780.000000 -843185.687500 796.963875 3.426372 3.046270 16.762781
 5800.000000 -844939.875000 794.882695 3.515004 3.259310 16.553649
 5820.000000 -845591.812500 794.059238 3.298317 3.335598 16.420472
 5840.000000 -846942.250000 793.803291 3.260161 3.593874 16.315013
 5860.000000 -845093.250000 795.328108 3.281427 3.624927 16.483359
 5880.000000 -845377.250000 794.013197 3.734610 3.173295 16.450582
 5900.000000 -845398.562500 794.226070 3.608270 3.350413 16.366803
 5920.000000 -844303.250000 792.462813 3.368288 3.407846 16.485452
 5940.000000 -845699.937500 794.189684 3.682458 3.252232 16.396045
 5960.000000 -844432.250000 795.294757 3.181494 3.286378 16.407597
 5980.000000 -843870.187500 792.632972 3.080043 3.657993 16.754184
 6000.000000 -847199.125000 792.876858 3.289747 3.440211 16.768701
 6020.000000 -845924.500000 794.463642 3.492804 3.253055 16.672613
 6040.000000 -845751.562500 794.441335 3.393517 3.465988 16.483212
 6060.000000 -843428.562500 795.242747 3.382909 3.399750 16.576251
 6080.000000 -844522.437500 795.422842 3.469639 3.550636 16.579648
 6100.000000 -845959.187500 795.902862 3.310279 3.686049 16.422211
 6120.000000 -845466.000000 795.941482 3.321363 3.415872 16.397242
 6140.000000 -844406.687500 794.530554 3.425025 3.606347 16.504703
 6160.000000 -847652.500000 795.593098 3.280390 3.489117 16.632389
 6180.000000 -843191.875000 796.326094 3.279706 3.325176 16.744559
 6200.000000 -844751.312500 794.872845 3.364563 3.550470 16.705575
 6220.000000 -844494.812500 795.484793 3.337234 3.394960 16.687251
 6240.000000 -845680.500000 794.314356 3.468797 3.305078 16.722814
 6260.000000 -846981.562500 792.756462 3.481366 3.550042 16.602928
 6280.000000 -845980.875000 794.475709 3.267284 3.669145 16.861701
 6300.000000 -846521.000000 791.935480 3.010314 3.397357 16.603182
 6320.000000 -844085.937500 794.558936 3.331363 3.364633 16.308676
 6340.000000 -843909.312500 795.965957 3.654469 3.262894 16.301723
 6360.000000 -845903.062500 793.698768 3.821253 3.277744 16.517461
 6380.000000 -846470.812500 794.010724 3.509561 3.423047 16.480793
 6400.000000 -844962.437500 793.976948 3.216493 3.279691 16.601804
 6420.000000 -846713.875000 794.040610 3.572526 3.416106 16.281755
 6440.000000 -843591.875000 794.433950 3.555096 3.197816 16.536572
 6460.000000 -845377.500000 797.872761 3.496942 3.169937 16.436626
 6480.000000 -844198.937500 796.545045 3.579066 3.118601 16.422472
 6500.000000 -845262.000000 794.280878 3.265256 3.331526 16.466126
 6520.000000 -846732.687500 792.178190 3.352772 3.689962 16.219736
 6540.000000 -845366.062500 798.380951 3.280243 3.581448 16.186522
 6560.000000 -843841.750000 795.385761 3.043262 3.631720 16.441388
 6580.000000 -846555.687500 796.471094 3.165572 3.521042 16.423884
 6600.000000 -844672.937500 795.437302 3.190852 3.478940 16.309192
 6620.000000 -843658.062500 795.737407 3.569077 3.703186 16.337895
 6640.000000 -846126.437500 793.117532 3.423195 3.233517 16.616326
 6660.000000 -846736.750000 795.989926 3.376924 3.210147 16.485342
 6680.000000 -846652.250000 793.992410 3.368775 3.373539 16.461230
 6700.000000 -845363.625000 794.674472 3.495271 3.419603 16.595299
 6720.000000 -845214.562500 796.930511 3.267832 3.379621 16.637694
 6740.000000 -844124.812500 794.720496 3.320927 3.429471 16.394174
 6760.000000 -844553.812500 797.358911 3.295640 3.401203 16.396435
 6780.000000 -844513.187500 796.742810 3.342191 3.344795 16.335162
 6800.000000 -844756.562500 797.233463 3.300062 3.526600 16.492572
 6820.000000 -845234.937500 796.157593 3.394023 3.406845 16.550194
 6840.000000 -844049.000000 797.348093 3.434454 3.305601 16.727828
 6860.000000 -843961.437500 797.462194 3.262381 3.167918 16.314269
 6880.000000 -844933.375000 797.087308 3.148793 3.405170 16.464011
 6900.000000 -846264.062500 793.009803 3.678162 3.834062 16.489654
 6920.000000 -846949.250000 791.551474 3.746618 3.628599 16.783357
 6940.000000 -843457.187500 794.757590 3.631014 3.475990 16.643010
 6960.000000 -847093.250000 793.508500 3.289571 3.441184 16.665727
 6980.000000 -845542.375000 794.552987 3.402748 3.399938 16.222354
 7000.000000 -844037.187500 796.247021 3.256651 3.637637 16.371576
 7020.000000 -845724.375000 794.268319 3.544776 3.315819 16.448468
 7040.000000 -845264.125000 795.799540 3.568823 3.543240 16.446465
 7060.000000 -845965.125000 792.714740 3.515945 3.236299 16.408584
 7080.000000 -844295.000000 795.903954 3.539061 3.653745 16.390957
 7100.000000 -844924.000000 794.948769 3.451795 3.414063 16.303963
 7120.000000 -842963.625000 796.761754 3.376471 3.111508 16.461463
 7140.000000 -844857.250000 794.248786 3.475606 3.225711 16.458124
 7160.000000 -843624.812500 794.110728 3.423761 3.106340 16.616240
 7180.000000 -844687.000000 793.871436 3.377651 3.213725 16.505692
 7200.000000 -846013.375000 794.123531 3.392694 3.235045 16.601018
 7220.000000 -847141.312500 792.698789 3.451728 3.406982 16.524681
 7240.000000 -846491.812500 794.011738 3.856209 3.260472 16.799001
 7260.000000 -845302.625000 796.420815 3.403921 3.427595 16.623386
 7280.000000 -844650.312500 794.251336 3.640598 3.540705 16.620530
 7300.000000 -845608.625000 794.868181 3.330874 3.096497 16.312295
 7320.000000 -845260.625000 794.452749 3.508446 3.252853 16.448666
 7340.000000 -843274.875000 795.510788 3.488142 3.374516 16.500858
 7360.000000 -845305.187500 793.611165 3.550976 3.550792 16.265592
 7380.000000 -845648.750000 795.156000 3.878430 3.521158 16.351420
 7400.000000 -844842.187500 793.589975 3.438263 3.503014 16.345460
 7420.000000 -847431.937500 796.347677 3.256580 3.195154 16.764910
 7440.000000 -843826.875000 796.245917 3.531951 3.419130 16.443326
 7460.000000 -845706.812500 797.701645 3.558306 3.391196 16.694120
 7480.000000 -845362.125000 795.881638 3.144921 3.253790 16.714295
 7500.000000 -845182.500000 793.158440 3.349098 3.270388 16.484119
 7520.000000 -844054.000000 795.789112 3.334346 3.426061 16.638193
 7540.000000 -842519.187500 799.009429 3.398850 3.272323 16.693761
 7560.000000 -844641.000000 796.206816 3.454323 3.227943 16.528599
 7580.000000 -846333.125000 794.641856 3.659931 3.113533 16.402513
 7600.000000 -845442.000000 796.775962 3.369302 3.221325 16.190833
 7620.000000 -847743.312500 794.182218 3.528794 3.465621 16.187790
 7640.000000 -843932.750000 795.648712 3.696923 3.432154 16.368292
 7660.000000 -844582.375000 794.237684 3.347071 3.234812 16.463127
 7680.000000 -846839.562500 795.340638 3.172259 3.315425 16.346193
 7700.000000 -846084.125000 795.422925 3.087776 3.397122 16.622143
 7720.000000 -847361.937500 792.935825 3.536405 3.312306 16.472520
 7740.000000 -844017.750000 794.926316 3.373586 3.461826 16.250437
 7760.000000 -845218.375000 795.296538 3.233909 3.414083 16.204230
 7780.000000 -845187.000000 795.318824 3.736675 3.331477 16.477258
 7800.000000 -844673.062500 796.081779 3.378365 3.335569 16.339963
 7820.000000 -844063.687500 794.157971 3.443459 3.135135 16.525009
 7840.000000 -845260.812500 792.284184 3.413780 3.344872 16.575538
 7860.000000 -844147.500000 794.463110 3.685941 3.057099 16.694179
 7880.000000 -844149.687500 792.781802 3.548284 3.235097 16.598391
 7900.000000 -845371.500000 794.946968 3.643927 3.341657 16.578839
 7920.000000 -845284.625000 795.018761 3.386575 3.302107 16.378916
 7940.000000 -844448.312500 794.443098 3.603951 3.141854 16.234748
 7960.000000 -843652.750000 794.286199 3.406085 3.541227 16.289183
 7980.000000 -846053.812500 793.955559 3.374757 3.765251 16.340646
 8000.000000 -847497.187500 793.097504 3.372979 3.634323 16.572550
 8020.000000 -845051.500000 793.367690 3.599454 3.400852 16.573627
 8040.000000 -845001.625000 794.914443 3.392040 3.321012 16.284037
 8060.000000 -846654.750000 793.265530 3.207862 3.221135 16.255428
 8080.000000 -844645.125000 794.226903 3.508230 3.494560 16.253918
 8100.000000 -846532.250000 791.490363 3.419967 3.358636 16.758897
 8120.000000 -844923.750000 794.832899 3.454451 3.172961 16.607673
 8140.000000 -844611.250000 793.755577 3.137774 3.382551 16.518820
 8160.000000 -845606.562500 795.912915 3.272507 3.419989 16.761301
 8180.000000 -845162.875000 794.598250 3.462551 3.353804 16.715725
 8200.000000 -845761.625000 795.339694 3.481989 3.290716 16.478700
 8220.000000 -846083.437500 794.216652 3.347481 3.357220 16.356016
 8240.000000 -846229.687500 795.231754 3.436964 3.535913 16.468578
 8260.000000 -845379.937500 796.080423 3.125016 3.580934 16.346942
 8280.000000 -843042.000000 796.443048 3.203743 3.229954 16.441682
 8300.000000 -845181.375000 793.247197 3.568352 3.524719 16.410682
 8320.000000 -845985.125000 793.102194 3.429917 3.337537 16.507812
 8340.000000 -845389.625000 792.023720 3.381686 3.275821 16.629068
 8360.000000 -844673.437500 794.086815 3.380541 3.267189 16.374130
 8380.000000 -844536.500000 792.828561 3.231305 3.146893 16.463690
 8400.000000 -846884.687500 795.364357 3.253415 3.217821 16.329832
 8420.000000 -846635.937500 792.690816 3.235460 3.489158 16.388026
 8440.000000 -844593.812500 795.120691 3.348028 3.730953 16.547810
 8460.000000 -843206.187500 795.470397 3.209766 3.724725 16.524831
 8480.000000 -844992.125000 794.344162 3.237698 3.418352 16.469759
 8500.000000 -844947.250000 795.813990 3.439977 3.263967 16.462426
 8520.000000 -844007.375000 796.692287 3.682953 3.371732 16.318650
 8540.000000 -843508.125000 795.756000 3.355400 3.323089 16.422471
 8560.000000 -845808.562500 794.335112 3.323892 3.265201 16.719727
 8580.000000 -845867.437500 795.182238 3.441509 3.541796 16.648019
 8600.000000 -845479.937500 796.124090 3.556349 3.361960 16.476131
 8620.000000 -843295.500000 793.267589 3.519781 3.362219 16.248727
 8640.000000 -844243.750000 795.401198 3.125042 3.435745 16.567847
 8660.000000 -844705.437500 795.931084 3.067761 3.443499 16.772239
 8680.000000 -843277.687500 794.607318 3.198862 3.386883 16.699613
 8700.000000 -845701.312500 793.883842 3.436820 3.256641 16.498195
 8720.000000 -845797.437500 794.217739 3.517207 3.211989 16.542099
 8740.000000 -845791.937500 793.959385 3.495905 3.205690 16.506655
 8760.000000 -846350.125000 796.599057 3.453065 3.149534 16.608573
 8780.000000 -843667.250000 796.006744 3.298269 3.389023 16.687607
 8800.000000 -845953.562500 793.757764 3.160666 3.327860 16.510075
 8820.000000 -843707.187500 794.439187 3.051138 3.417813 16.434551
 8840.000000 -844026.375000 795.699304 3.409014 3.684689 16.456544
 8860.000000 -845192.562500 795.577183 3.188787 3.407403 16.341483
 8880.000000 -843575.687500 795.785194 3.076928 3.331120 16.480119
 8900.000000 -845469.187500 795.920152 3.563434 3.100508 16.495708
 8920.000000 -845529.500000 794.677761 3.467529 3.168004 16.461834
 8940.000000 -843005.125000 795.684972 3.118951 3.621552 16.314930
 8960.000000 -845952.562500 795.003822 3.369671 3.595459 16.510823
 8980.000000 -846653.875000 792.602646 3.296439 3.566429 16.509981
 9000.000000 -844612.750000 794.963152 3.377208 3.369963 16.506222
 9020.000000 -844925.687500 794.896774 3.561154 3.236408 16.456435
 9040.000000 -845377.750000 792.445012 3.579083 3.507417 16.571303
 9060.000000 -845733.000000 793.103554 3.461561 3.514770 16.592707
 9080.000000 -844867.250000 795.174294 3.315451 3.467336 16.538452
 9100.000000 -845253.812500 792.981229 3.555974 3.650616 16.560435
 9120.000000 -844355.875000 794.750054 3.422928 3.569068 16.620982
 9140.000000 -844260.187500 793.512415 3.418577 3.461290 16.781956
 9160.000000 -844764.562500 792.935327 3.716885 3.197833 16.512577
 9180.000000 -846105.562500 792.790436 3.675288 3.438949 16.757292
 9200.000000 -844112.312500 797.698007 3.316966 3.463377 16.131792
 9220.000000 -845380.000000 795.067802 3.418058 3.521605 16.596623
 9240.000000 -846070.875000 795.221459 3.524716 3.472363 16.550510
 9260.000000 -846367.625000 794.361303 3.489399 3.391337 16.575124
 9280.000000 -844702.687500 794.306499 3.371507 3.441135 16.258916
 9300.000000 -846775.937500 794.886118 3.328349 3.308803 16.273037
 9320.000000 -844740.250000 795.510073 3.608511 3.406070 16.178200
 9340.000000 -845609.625000 792.999144 3.487123 3.695849 15.997831
 9360.000000 -845123.562500 796.786847 3.401854 3.349164 16.322915
 9380.000000 -845719.062500 793.565610 3.574559 3.397593 16.553492
 9400.000000 -845397.375000 794.377331 3.478528 3.357201 16.254358
 9420.000000 -845961.937500 794.992579 3.152244 3.242984 16.231737
 9440.000000 -842965.625000 795.269422 3.297925 3.303692 16.178373
 9460.000000 -845808.187500 793.872177 3.269233 3.655379 16.273578
 9480.000000 -845659.500000 797.411794 3.451045 3.576251 16.390512
 9500.000000 -843863.812500 796.317912 3.363825 3.386795 16.541384
 9520.000000 -844013.125000 794.897488 3.430701 3.394874 16.458348
 9540.000000 -845774.812500 792.494974 3.314874 3.308724 16.052784
 9560.000000 -845725.062500 793.732839 3.520055 3.352250 16.206911
 9580.000000 -845022.437500 793.691334 3.287396 3.398158 16.538512
 9600.000000 -845763.812500 795.941811 3.492758 3.261493 16.516549
 9620.000000 -843444.812500 794.425046 3.334569 3.562430 16.595425
 9640.000000 -845525.625000 795.340172 3.596335 3.621059 16.490560
 9660.000000 -843875.750000 794.711957 3.421938 3.844186 16.571076
 9680.000000 -843517.750000 798.393601 3.253250 3.572414 16.548175
 9700.000000 -844295.312500 796.479813 3.244354 3.257818 16.476032
 9720.000000 -844805.000000 796.084106 3.272426 3.522375 16.518564
 9740.000000 -844306.437500 793.462725 3.585249 3.442457 16.527573
 9760.000000 -843590.750000 797.318161 3.374525 3.407948 16.435307
 9780.000000 -846271.562500 795.683836 3.499392 3.506750 16.510668
 9800.000000 -844624.000000 791.992689 3.231286 3.371388 16.804303
 9820.000000 -846625.937500 795.136479 3.281016 3.431628 16.622952
 9840.000000 -846187.500000 795.098134 3.353316 3.403971 16.356092
 9860.000000 -843846.125000 792.514043 3.154746 3.445089 16.436479
 9880.000000 -845089.437500 797.678893 3.377372 3.152200 16.484770
 9900.000000 -844796.187500 793.940872 3.337898 3.394536 16.538229
 9920.000000 -844183.437500 792.950916 3.575268 3.688856 16.304714
 9940.000000 -842942.875000 795.856907 3.299722 3.704973 16.481517
 9960.000000 -846331.687500 792.729307 3.306137 3.455906 16.461104
 9980.000000 -845629.250000 794.770785 3.241883 3.576828 16.294865
 10000.000000 -844765.000000 794.730478 3.323249 3.572091 16.259356
 10020.000000 -844385.625000 795.016119 3.280260 3.284216 16.703316
 10040.000000 -843655.875000 798.189357 3.340272 3.608511 16.566300
 10060.000000 -844096.000000 795.322000 3.323540 3.613869 16.241128
 10080.000000 -844843.062500 793.875146 3.562467 3.373951 16.458004
 10100.000000 -844779.812500 795.273377 3.346994 3.284252 16.383362
 10120.000000 -845145.375000 793.223650 3.226497 3.505301 16.362526
 10140.000000 -846145.625000 796.173778 3.605048 3.590101 16.554118
 10160.000000 -846712.312500 795.432592 3.323954 3.478947 16.802670
 10180.000000 -843978.062500 795.904416 3.245168 3.602111 16.333397
 10200.000000 -843179.375000 795.588120 3.289486 3.361236 16.362637
 10220.000000 -845186.000000 797.753218 3.315671 3.485825 16.322682
 10240.000000 -843861.625000 796.698533 3.225475 3.593757 16.467513
 10260.000000 -846097.312500 795.704704 3.295172 3.597013 16.496865
 10280.000000 -845440.937500 794.623901 3.032776 3.456320 16.540997
 10300.000000 -843978.625000 793.427729 3.121000 3.014165 16.554128
 10320.000000 -844459.312500 796.429460 3.469524 3.280377 16.468955
 10340.000000 -844580.687500 792.889382 3.626222 3.361758 16.730431
 10360.000000 -844995.375000 796.952132 3.447686 3.057727 16.499222
 10380.000000 -846464.187500 795.104818 3.490284 3.411820 16.351372
 10400.000000 -844963.250000 793.970977 3.346561 3.240814 16.349715
 10420.000000 -845706.062500 792.495667 3.403523 3.416030 16.509577
 10440.000000 -845863.312500 793.167558 3.130259 3.465546 16.527491
 10460.000000 -845618.500000 794.095382 3.609403 3.435576 16.506000
 10480.000000 -844395.187500 792.547584 3.353887 3.589273 16.755017
 10500.000000 -844604.187500 796.344505 3.366608 3.548133 16.398107
 10520.000000 -844276.375000 792.301946 3.447844 3.684294 16.411265
 10540.000000 -845079.375000 793.865525 3.336739 3.535911 16.303059
 10560.000000 -845790.750000 794.961877 3.282319 3.459753 16.439664
 10580.000000 -845857.375000 793.116074 3.427133 3.765083 16.295602
 10600.000000 -846349.312500 792.939344 3.507602 3.735057 16.309395
 10620.000000 -844820.312500 795.227510 3.581425 3.752279 16.250150
 10640.000000 -844280.625000 795.920299 3.398571 3.492181 16.196405
 10660.000000 -847316.937500 791.887545 3.169697 3.512598 16.307960
 10680.000000 -844277.625000 794.262260 3.509594 3.666851 16.567041
 10700.000000 -844325.687500 796.134185 3.519997 3.630026 16.545292
 10720.000000 -845378.312500 796.481392 3.573795 3.536901 16.534736
 10740.000000 -844027.250000 795.227392 3.841429 3.571814 16.224059
 10760.000000 -844916.812500 794.247538 3.433243 3.420052 16.632483
 10780.000000 -846199.437500 794.631544 3.634721 3.470112 16.478428
 10800.000000 -846631.312500 794.073534 3.637186 3.362717 16.215585
 10820.000000 -845414.437500 796.225295 3.482257 3.378033 16.573889
 10840.000000 -844006.687500 795.450528 3.419175 3.219315 16.632383
 10860.000000 -847345.937500 793.406721 3.613306 3.270704 16.732470
 10880.000000 -845758.750000 792.204759 3.295147 3.152753 16.831811
 10900.000000 -845337.937500 795.129683 3.523979 3.594006 16.817133
 10920.000000 -843781.750000 795.349308 3.331327 3.361013 16.617602
 10940.000000 -845242.812500 795.009362 3.381016 3.431637 16.684898
 10960.000000 -844363.125000 796.805119 3.625496 3.588990 16.608585
 10980.000000 -845566.937500 794.454427 3.285568 3.075609 16.318627
 11000.000000 -843296.875000 796.569816 3.336983 3.391104 16.623111
 11020.000000 -844488.625000 796.356794 3.413108 3.345367 16.488620
 11040.000000 -845825.312500 794.438357 3.269793 3.472414 16.484133
 11060.000000 -846436.375000 794.421877 3.080966 3.462802 16.455712
 11080.000000 -843957.312500 795.950897 3.555094 3.526540 16.214707
 11100.000000 -844567.500000 795.334372 3.431700 3.270735 16.322869
 11120.000000 -843754.125000 795.423838 3.389881 3.298627 16.312848
 11140.000000 -843390.562500 796.915703 3.479323 3.325864 16.660320
 11160.000000 -844635.062500 791.895297 3.552300 3.116187 16.375883
 11180.000000 -844070.562500 794.868547 3.692450 3.427624 16.512913
 11200.000000 -844835.437500 794.337082 3.685948 3.351782 16.312695
 11220.000000 -844088.250000 795.131363 3.515267 3.233395 16.486596
 11240.000000 -845108.687500 794.027962 3.377465 2.951540 16.788449
 11260.000000 -845158.000000 794.043032 3.075431 3.080563 16.515614
 11280.000000 -845040.062500 798.079421 3.035617 3.217861 16.520280
 11300.000000 -844228.937500 795.865087 3.228148 3.389883 16.618768
 11320.000000 -843756.625000 794.122345 3.415824 3.396742 16.468541
 11340.000000 -846488.687500 796.052070 3.461086 3.330301 16.493244
 11360.000000 -845185.000000 794.981518 3.125848 3.557405 16.353077
 11380.000000 -845185.812500 796.985936 3.374948 3.349487 16.314405
 11400.000000 -843994.812500 794.896266 3.444538 3.492152 16.181906
 11420.000000 -845501.937500 796.907185 3.479835 3.398603 16.478800
 11440.000000 -843892.000000 798.477290 3.452410 3.272095 16.473578
 11460.000000 -845512.187500 792.202544 3.328072 2.976948 16.441732
 11480.000000 -845887.875000 796.545965 3.399671 3.145914 16.503213
 11500.000000 -844942.562500 794.963746 3.177015 3.186791 16.639974
 11520.000000 -844827.625000 796.893507 3.425489 3.432984 16.387572
 11540.000000 -845982.062500 793.799525 3.488672 3.617658 16.539767
 11560.000000 -844268.125000 794.240307 3.457391 3.374819 16.538156
 11580.000000 -845982.125000 793.502070 3.411905 3.417507 16.384484
 11600.000000 -844863.687500 795.715201 3.358203 3.325797 16.182454
 11620.000000 -844949.062500 796.499807 3.583013 3.329474 16.314639
 11640.000000 -842986.125000 797.839497 3.607022 3.284842 16.513737
 11660.000000 -844124.812500 796.583744 3.439761 3.417332 16.466525
 11680.000000 -845322.937500 793.591385 3.368981 3.661408 16.574181
 11700.000000 -845419.812500 795.108136 3.231762 3.575096 16.539243
 11720.000000 -843651.062500 795.511169 3.258145 3.463863 16.438128
 11740.000000 -843814.125000 797.068760 3.306728 3.374865 16.739986
 11760.000000 -841427.000000 795.135610 3.143172 3.375516 16.442314
 11780.000000 -845579.062500 796.090605 3.425728 3.503536 16.314965
 11800.000000 -844721.937500 796.204524 3.019848 3.494896 16.611859
 11820.000000 -845155.625000 796.221082 3.079064 3.226878 16.824022
 11840.000000 -845775.125000 795.951312 3.278565 3.357418 16.454014
 11860.000000 -846608.062500 792.660564 3.541363 3.349921 16.324637
 11880.000000 -844483.500000 793.882931 3.496401 3.543212 16.493831
 11900.000000 -845087.125000 793.539803 3.549414 3.270473 16.371772
 11920.000000 -843892.750000 796.550197 3.455655 3.493626 16.613609
 11940.000000 -845390.000000 796.895819 3.214126 3.446968 16.638552
 11960.000000 -844086.375000 795.108839 3.316517 3.421191 16.415840
 11980.000000 -844289.625000 795.009414 3.171931 3.263318 16.135154
 12000.000000 -844720.250000 795.955898 3.551030 3.481040 16.463026
 12020.000000 -846404.687500 792.502489 3.174830 3.327127 16.615237
 12040.000000 -846060.000000 795.292509 3.359887 3.264149 16.461782
 12060.000000 -846017.562500 794.331852 3.264141 3.289029 16.523723
 12080.000000 -846423.875000 793.224952 3.343129 3.441994 16.789817
 12100.000000 -845268.187500 794.727678 3.206863 3.345908 16.372610
 12120.000000 -845644.437500 793.373789 3.435859 3.422551 16.860399
 12140.000000 -844222.562500 791.765785 3.500389 3.316004 16.694796
 12160.000000 -845920.687500 792.188086 3.339887 3.515690 16.410358
 12180.000000 -844893.562500 795.717084 3.460607 3.343515 16.441200
 12200.000000 -845793.687500 793.792238 3.540527 3.312747 16.559411
 12220.000000 -842809.062500 795.917931 3.367423 3.517722 16.677295
 12240.000000 -845930.125000 792.958853 3.719227 3.456897 16.914594
 12260.000000 -844888.562500 792.629113 3.495031 3.432988 16.500368
 12280.000000 -845667.312500 795.388115 3.067648 3.614657 16.632024
 12300.000000 -847415.437500 796.064002 3.342483 3.671172 16.476181
 12320.000000 -846717.000000 794.101291 3.076572 3.503790 16.491837
 12340.000000 -846101.312500 792.841164 3.351241 3.412109 16.405940
 12360.000000 -848162.187500 792.582447 3.657084 3.404169 16.274703
 12380.000000 -845694.125000 791.812629 3.458698 3.426003 16.465946
 12400.000000 -846019.875000 795.793602 3.281913 3.708858 16.469252
 12420.000000 -845754.875000 795.283779 3.562418 3.397908 16.431818
 12440.000000 -845928.562500 797.485772 3.393325 3.435567 16.609725
 12460.000000 -845060.000000 796.402624 3.116137 3.281021 16.464186
 12480.000000 -845830.625000 793.969889 3.423028 3.520542 16.622152
 12500.000000 -846439.687500 796.874947 3.529411 3.363424 16.503869
 12520.000000 -844228.812500 796.187565 3.571252 3.112995 16.367861
 12540.000000 -844471.062500 795.101770 3.372954 3.210548 16.507941
 12560.000000 -846217.562500 792.850009 3.093093 3.407512 16.516230
 12580.000000 -846130.625000 793.123479 3.244731 3.562395 16.427231
 12600.000000 -845077.875000 793.671405 3.148244 3.319445 16.215985
 12620.000000 -845384.375000 795.409453 3.208530 3.069172 16.317317
 12640.000000 -844029.000000 796.276956 3.686813 3.472657 16.200206
 12660.000000 -844701.250000 795.624443 3.362401 3.430815 16.361172
 12680.000000 -845505.250000 795.618500 3.253414 3.275989 16.323276
 12700.000000 -843732.187500 795.578706 3.444286 3.445187 16.651868
 12720.000000 -843980.750000 795.966224 3.412887 3.463964 16.400043
 12740.000000 -846475.312500 796.106019 3.378286 3.293733 16.410659
 12760.000000 -844673.187500 794.648337 3.456270 3.291378 16.525144
 12780.000000 -846240.625000 792.973369 3.256345 3.479142 16.445478
 12800.000000 -845038.562500 793.922047 3.202870 3.485417 16.528756
 12820.000000 -846340.312500 795.065601 3.482481 3.184739 16.508015
 12840.000000 -844230.312500 794.115742 3.445836 3.547346 16.287090
 12860.000000 -844663.062500 795.673260 3.377140 3.350310 16.388212
 12880.000000 -844773.375000 794.598707 3.550213 3.361303 16.386680
 12900.000000 -845978.937500 794.665086 3.276870 3.310635 16.316265
 12920.000000 -845828.375000 794.241670 3.394493 3.581928 16.574820
 12940.000000 -846226.812500 793.434104 3.257135 3.403391 16.383021
 12960.000000 -846285.562500 796.044898 3.370497 3.351795 16.516483
 12980.000000 -844533.812500 793.853780 3.500513 3.477823 16.405675
 13000.000000 -844855.937500 794.720811 3.525749 3.628117 16.575854
 13020.000000 -843218.500000 795.904099 3.423258 3.347777 16.627697
 13040.000000 -844283.437500 797.670490 3.437783 3.206358 16.459608
 13060.000000 -845453.125000 797.343075 3.319763 3.653275 16.649949
 13080.000000 -846632.125000 794.178023 3.250757 3.528787 16.611871
 13100.000000 -845621.000000 794.770761 3.296859 3.285945 16.526051
 13120.000000 -843794.062500 795.932264 3.144435 3.071169 16.426582
 13140.000000 -845413.750000 796.346692 3.015060 3.411085 16.415526
 13160.000000 -845837.250000 795.262493 3.225654 3.432066 16.641574
 13180.000000 -846065.562500 794.756701 3.149958 3.421628 16.706903
 13200.000000 -844685.000000 795.499724 3.150185 3.397687 16.582407
 13220.000000 -843291.250000 797.546443 3.403654 3.570516 16.491093
 13240.000000 -844439.875000 798.437608 3.266975 3.105082 16.360663
 13260.000000 -844270.375000 797.026830 3.498843 3.196287 16.432803
 13280.000000 -844015.812500 796.289472 3.374236 3.359070 16.264240
 13300.000000 -844489.687500 795.158363 3.188427 3.512773 16.205463
 13320.000000 -846045.312500 792.402016 3.384522 3.565629 16.183307
 13340.000000 -847069.187500 791.891759 3.331349 3.364584 16.335400
 13360.000000 -845624.062500 793.133106 3.508170 3.321851 16.633565
 13380.000000 -846487.062500 792.681195 3.603387 3.288374 16.636665
 13400.000000 -845111.562500 797.571717 3.462828 3.393181 16.651879
 13420.000000 -843801.562500 794.119988 3.326492 2.871262 16.779354
 13440.000000 -843613.062500 795.654462 3.074604 3.014376 16.727014
 13460.000000 -846442.812500 794.014090 3.128107 3.401047 16.554060
 13480.000000 -844594.125000 795.847829 3.476281 3.511375 16.724506
 13500.000000 -846914.500000 792.861599 3.522008 3.251156 16.621493
 13520.000000 -844768.875000 793.670531 3.452231 3.310092 16.493447
 13540.000000 -846574.875000 791.844129 3.680618 3.436416 16.410311
 13560.000000 -846193.500000 793.547593 3.420375 3.409508 16.480768
 13580.000000 -845188.125000 796.654838 3.461429 3.451292 16.379952
 13600.000000 -847094.000000 793.059234 3.391785 3.262805 16.476285
 13620.000000 -844957.875000 795.320897 3.491643 3.220450 16.421556
 13640.000000 -844842.687500 795.173231 3.319586 3.412053 16.520276
 13660.000000 -845759.312500 793.581789 3.219742 3.302066 16.573895
 13680.000000 -844948.750000 796.148123 3.611410 3.350209 16.738311
 13700.000000 -845362.125000 794.738357 3.398143 3.081644 16.180588
 13720.000000 -845425.125000 795.134621 3.203909 2.973362 16.394101
 13740.000000 -844914.812500 793.686680 3.148185 3.301842 16.499787
 13760.000000 -844853.500000 795.770578 3.597626 3.402285 16.549209
 13780.000000 -846491.500000 794.394193 3.474036 3.225453 16.582480
 13800.000000 -844914.437500 796.120402 3.447017 3.375498 16.524423
 13820.000000 -845920.750000 794.648099 3.287791 3.535733 16.478732
 13840.000000 -843214.625000 799.411698 3.097705 3.826136 16.141923
 13860.000000 -846450.750000 794.302118 3.139255 3.303216 16.415598
 13880.000000 -847553.437500 797.538613 3.467332 3.344435 16.333582
 13900.000000 -844743.250000 793.402384 3.331145 3.149915 16.478016
 13920.000000 -846009.812500 793.571838 3.431980 3.510226 16.364554
 13940.000000 -846321.250000 792.535828 3.466580 3.374652 16.283161
 13960.000000 -844526.125000 796.803378 3.370265 3.186948 16.292373
 13980.000000 -843939.187500 797.511654 3.515986 3.252594 16.260903
 14000.000000 -846211.500000 794.660247 3.598353 3.512937 16.235513
 14020.000000 -844134.562500 794.993186 3.402515 3.523816 16.654064
 14040.000000 -845313.000000 797.298677 3.424890 3.662724 16.585019
 14060.000000 -843518.125000 793.799101 3.340301 3.492116 16.710134
 14080.000000 -847450.750000 795.146972 3.014913 3.459857 16.310196
 14100.000000 -844250.437500 796.558063 3.128744 3.528793 16.159047
 14120.000000 -845595.250000 797.298745 3.498631 3.304749 16.296044
 14140.000000 -846412.562500 792.506507 3.266955 3.492494 16.224512
 14160.000000 -845855.312500 793.272696 3.431936 3.295622 16.247326
 14180.000000 -845603.000000 796.001725 3.274256 3.643174 15.994081
 14200.000000 -846502.875000 794.000429 3.259884 3.251069 16.499995
 14220.000000 -843890.312500 794.821809 3.286872 3.203459 16.446253
 14240.000000 -845370.125000 795.472199 3.264448 3.125042 16.441903
 14260.000000 -843984.625000 797.036921 3.299725 3.446452 16.433631
 14280.000000 -842430.375000 794.401802 3.309162 3.403773 16.641728
 14300.000000 -846269.187500 793.568360 3.250209 3.571320 16.547007
 14320.000000 -844032.500000 795.039310 3.554458 3.398762 16.475450
 14340.000000 -844447.187500 793.765764 3.515589 3.300859 16.477110
 14360.000000 -843160.875000 796.319142 3.483499 3.259096 16.136482
 14380.000000 -844421.125000 797.269138 3.350147 3.425917 16.319012
 14400.000000 -843263.312500 796.073927 3.449518 3.265240 16.335606
 14420.000000 -844746.687500 795.409029 3.114210 3.369165 16.395695
 14440.000000 -847501.312500 794.637721 3.046600 3.377377 16.479789
 14460.000000 -844308.812500 795.852381 3.485643 3.251801 16.406868
 14480.000000 -846123.875000 793.430861 3.549646 3.149315 16.406517
 14500.000000 -844726.125000 794.809024 3.376545 3.513371 16.328638
 14520.000000 -844141.937500 796.571877 3.527081 3.438018 16.241127
 14540.000000 -844653.062500 793.653006 3.631116 3.451933 16.464757
 14560.000000 -843459.625000 797.908461 3.554501 3.336203 16.748769
 14580.000000 -842828.000000 795.447733 3.596813 3.434390 16.582119
 14600.000000 -844062.812500 795.982971 3.796763 3.463197 16.428201
 14620.000000 -844961.437500 795.213566 3.324868 3.353865 16.505454
 14640.000000 -844309.062500 792.680375 3.416450 3.424489 16.622308
 14660.000000 -845369.062500 794.948339 3.462638 3.512046 16.441017
 14680.000000 -845680.937500 793.323078 3.444691 3.586866 16.425598
 14700.000000 -843208.750000 798.141510 3.345038 3.258779 16.480227
 14720.000000 -846911.062500 793.439809 3.376981 3.426756 16.346050
 14740.000000 -845122.312500 793.770888 3.633653 3.424366 16.753625
 14760.000000 -843937.625000 795.903508 3.609685 3.256143 16.567659
 14780.000000 -843441.000000 798.729599 3.605729 3.406412 16.518684
 14800.000000 -844110.062500 800.096343 3.598240 3.414714 16.615188
 14820.000000 -844238.562500 794.571737 3.522504 3.471057 16.503146
 14840.000000 -843432.437500 798.021735 3.463273 3.428526 16.605557
 14860.000000 -845467.937500 797.706522 3.695608 3.472427 16.543940
 14880.000000 -847782.937500 794.381241 3.531617 3.584665 16.565144
 14900.000000 -845345.937500 793.772301 3.408962 3.698410 16.379874
 14920.000000 -844498.062500 793.246323 3.377499 3.375766 16.479411
 14940.000000 -843299.750000 794.797378 3.414667 3.415759 16.817098
 14960.000000 -846338.500000 794.600726 3.495614 3.140175 16.887056
 14980.000000 -842376.812500 795.955024 3.601940 3.585881 16.448655
 15000.000000 -846388.562500 795.480407 3.376556 3.322268 16.293854
 15020.000000 -843983.750000 796.867453 3.471984 3.430965 16.534517
 15040.000000 -846198.687500 795.153221 3.602809 3.440930 16.565700
 15060.000000 -846882.375000 795.334233 3.649642 3.424428 16.421648
 15080.000000 -845070.625000 795.747184 3.347427 3.451895 16.549649
 15100.000000 -844312.437500 794.707398 3.171634 3.204911 16.413760
 15120.000000 -843221.437500 796.099203 3.481566 2.889242 16.264145
 15140.000000 -843185.812500 798.496861 3.240772 3.279600 16.265312
 15160.000000 -844119.062500 797.234704 3.457303 3.104840 16.334234
 15180.000000 -845668.187500 793.689347 3.388029 3.460781 16.616421
 15200.000000 -845989.125000 794.333942 3.093529 3.399426 16.564954
 15220.000000 -845680.125000 792.856201 3.450141 3.300022 16.586568
 15240.000000 -845984.062500 794.004770 3.451717 3.422386 16.473206
 15260.000000 -844952.625000 796.041071 3.403855 3.380869 16.338320
 15280.000000 -842162.875000 796.429889 3.737765 3.364973 16.483919
 15300.000000 -844416.187500 798.529831 3.432917 3.444408 16.472177
 15320.000000 -845029.500000 794.791604 3.390882 3.833480 16.552199
 15340.000000 -846496.562500 793.855884 3.188270 3.588159 16.618734
 15360.000000 -845221.125000 791.461683 3.364600 3.244549 16.950489
 15380.000000 -845712.875000 794.086296 3.394321 3.616558 16.748549
 15400.000000 -843939.437500 795.901734 3.286774 3.536832 16.607621
 15420.000000 -843642.500000 797.499336 3.414184 3.428399 16.494166
 15440.000000 -845210.875000 796.197065 3.480022 3.448027 16.377409
 15460.000000 -843833.875000 795.922528 3.263135 3.519940 16.554015
 15480.000000 -844684.687500 796.344243 3.432819 3.384878 16.425270
 15500.000000 -843438.937500 794.725591 3.479711 3.552982 16.444748
 15520.000000 -845299.812500 793.217821 3.358002 3.372737 16.304836
 15540.000000 -845600.750000 792.834380 3.239882 3.175329 16.396497
 15560.000000 -845973.500000 795.984486 3.266805 3.432985 16.352499
 15580.000000 -844890.125000 791.312376 3.306644 3.290851 16.653658
 15600.000000 -845171.312500 794.345792 3.447939 3.585600 16.708011
 15620.000000 -844920.937500 796.811226 3.504312 3.390775 16.341014
 15640.000000 -845216.687500 792.748164 3.319607 3.489508 16.476838
 15660.000000 -844571.062500 796.313731 3.504043 3.625751 16.310904
 15680.000000 -842683.125000 796.918852 3.117674 3.394592 16.531577
 15700.000000 -845215.500000 797.442408 3.557092 3.465588 16.480517
 15720.000000 -845496.187500 797.716733 3.441494 3.179371 16.384806
 15740.000000 -844305.187500 797.294545 3.447596 3.557957 16.579759
 15760.000000 -845764.562500 794.446335 3.221321 3.394027 16.385986
 15780.000000 -845753.625000 794.842352 3.285315 3.480398 16.737253
 15800.000000 -845194.437500 794.060167 3.180026 3.429355 16.410703
 15820.000000 -844047.687500 794.627311 3.254916 3.439248 16.196258
 15840.000000 -845102.000000 795.784473 3.556546 3.471275 16.635187
 15860.000000 -845516.875000 795.817530 3.538538 3.582621 16.646371
 15880.000000 -845217.562500 796.036597 3.277382 3.520401 16.575110
 15900.000000 -845570.875000 797.782520 3.277309 3.725848 16.454080
 15920.000000 -843755.687500 796.095641 3.281736 3.481975 16.428235
 15940.000000 -845653.437500 796.474787 3.552677 3.254577 16.378282
 15960.000000 -844771.500000 794.752325 3.197250 3.370680 16.567286
 15980.000000 -843621.312500 794.362730 3.089233 3.276641 16.670970
 16000.000000 -844466.875000 795.417351 3.321769 3.328287 16.606693
 16020.000000 -845708.625000 793.739995 3.249133 3.323205 16.528878
 16040.000000 -844680.250000 794.075610 3.249545 3.382696 16.426709
 16060.000000 -844764.625000 794.993897 3.583201 3.331696 16.413472
 16080.000000 -844655.187500 795.605240 3.924670 3.275404 16.457239
 16100.000000 -846259.625000 793.829316 3.520592 3.355339 16.727659
 16120.000000 -844321.375000 795.533778 3.664047 3.306994 16.597923
 16140.000000 -846145.562500 795.099575 3.494415 3.220433 16.462327
 16160.000000 -843714.750000 797.527179 3.361486 3.308719 16.805930
 16180.000000 -845456.562500 794.065621 3.380806 3.650078 16.637405
 16200.000000 -844599.687500 798.775342 3.171266 3.750967 16.636820
 16220.000000 -844266.437500 796.629475 3.419795 3.747817 16.720385
 16240.000000 -845039.187500 798.503234 3.447677 3.425536 16.513690
 16260.000000 -844787.062500 795.587207 3.479799 3.396603 16.805921
 16280.000000 -844709.375000 796.333844 3.553331 3.470377 16.536378
 16300.000000 -843461.687500 796.078718 3.247314 3.285027 16.602139
 16320.000000 -845487.437500 796.607792 3.089039 3.225748 16.429170
 16340.000000 -842620.125000 795.436724 3.132431 3.427167 16.502621
 16360.000000 -845850.062500 793.665032 3.142538 3.324894 16.386155
 16380.000000 -844298.812500 793.669695 3.060691 3.668254 16.666953
 16400.000000 -846739.312500 793.185880 3.220644 3.439853 16.669785
 16420.000000 -843523.875000 793.562610 3.397656 3.623293 16.761784
 16440.000000 -846566.312500 793.983266 3.376925 3.371057 16.643914
 16460.000000 -844998.187500 794.316015 3.500719 3.186971 16.641078
 16480.000000 -843779.875000 795.275115 3.706934 3.094347 16.285528
 16500.000000 -844531.687500 793.753026 3.391331 3.062951 15.947770
 16520.000000 -845057.062500 794.110445 3.452615 3.441319 16.419960
 16540.000000 -843820.937500 795.038337 3.379050 3.457311 16.673629
 16560.000000 -844084.062500 793.213842 3.496675 3.486346 16.770029
 16580.000000 -845221.875000 794.778469 3.328599 3.512562 16.801424
 16600.000000 -843943.875000 796.311869 3.300293 3.359347 16.574453
 16620.000000 -843374.312500 796.364961 3.462795 3.255620 16.424128
 16640.000000 -844748.250000 795.342034 3.552027 3.350916 16.410951
 16660.000000 -845324.875000 791.532439 3.343017 3.320176 16.293829
 16680.000000 -844959.187500 794.244554 3.340970 3.098890 16.372323
 16700.000000 -843137.000000 794.121779 3.385318 3.265779 16.657472
 16720.000000 -844630.875000 794.713813 3.254437 3.528698 16.391729
 16740.000000 -843830.000000 793.364177 3.499415 3.272363 16.423781
 16760.000000 -845190.250000 793.962329 3.572692 3.125760 16.454571
 16780.000000 -844569.875000 794.617094 3.596474 3.341724 16.424019
 16800.000000 -844897.187500 794.503120 3.555372 3.393095 16.592096
 16820.000000 -844830.812500 797.210781 3.465219 3.391833 16.414633
 16840.000000 -845196.812500 797.630764 3.628981 3.609787 16.574005
 16860.000000 -845547.125000 796.010446 3.334990 3.642953 16.632332
 16880.000000 -846384.250000 793.753584 3.504177 3.146729 16.828164
 16900.000000 -846380.312500 792.744451 3.447848 3.223066 16.566481
 16920.000000 -845580.062500 794.767314 3.483037 2.860204 16.706340
 16940.000000 -844692.312500 795.065189 3.498623 3.145832 16.497667
 16960.000000 -845989.625000 794.850563 3.545305 3.384910 16.516198
 16980.000000 -846698.125000 791.421415 3.191678 3.289686 16.531478
 17000.000000 -844757.125000 793.449757 3.346729 3.473790 16.418421
 17020.000000 -845558.000000 792.062192 3.301209 3.319691 16.599841
 17040.000000 -845497.437500 793.375673 3.184417 3.396715 16.740983
 17060.000000 -846508.500000 793.483388 3.201920 3.449963 16.454500
 17080.000000 -844226.062500 796.943888 3.428415 3.438464 16.664130
 17100.000000 -844566.000000 795.839760 3.249067 3.096385 16.472200
 17120.000000 -845104.500000 796.282860 3.004627 3.361966 16.400860
 17140.000000 -843571.125000 795.969061 3.058098 3.363354 16.736879
 17160.000000 -845101.375000 794.296161 3.433984 3.163217 16.611047
 17180.000000 -844785.500000 794.295317 3.482964 3.336422 16.431058
 17200.000000 -844695.500000 796.438381 3.515419 3.511946 16.353211
 17220.000000 -845195.562500 795.054583 3.197952 3.413781 16.138637
 17240.000000 -845349.687500 794.280614 3.123527 3.354037 16.473730
 17260.000000 -844838.812500 793.305091 3.218188 3.386582 16.265910
 17280.000000 -843191.562500 795.000760 3.051556 3.670729 16.323747
 17300.000000 -845352.437500 798.031101 3.234431 3.192515 16.643114
 17320.000000 -844613.375000 794.657266 3.102402 3.481024 16.220046
 17340.000000 -845753.687500 793.874485 3.358201 3.262405 16.563463
 17360.000000 -845545.625000 793.478628 3.355297 3.368770 16.429755
 17380.000000 -843243.937500 793.509087 3.246923 3.356828 16.448289
 17400.000000 -844722.812500 794.105571 3.699701 3.710199 16.783188
 17420.000000 -846190.062500 793.475091 3.455160 3.421272 16.741054
 17440.000000 -845884.312500 793.635188 3.400920 3.541213 16.599392
 17460.000000 -845252.562500 793.672451 3.295749 3.480943 16.400879
 17480.000000 -843792.125000 797.257165 3.257159 3.470037 16.273635
 17500.000000 -845615.062500 796.247965 3.442983 3.575694 16.501401
 17520.000000 -846456.937500 794.241335 3.586766 3.325203 16.570532
 17540.000000 -844637.062500 796.805095 3.328341 3.461361 16.438356
 17560.000000 -845157.937500 793.526867 3.319093 3.494826 16.592217
 17580.000000 -844825.437500 794.570662 3.257612 3.366672 16.342522
 17600.000000 -844678.625000 796.445518 3.117001 3.321938 16.297434
 17620.000000 -845491.187500 797.497420 3.275610 3.171143 16.575042
 17640.000000 -844435.625000 795.013072 3.465012 3.415375 16.506848
 17660.000000 -845899.312500 794.919631 3.639355 3.472114 16.669196
 17680.000000 -843669.812500 796.832596 3.418841 3.205692 16.536981
 17700.000000 -843450.937500 796.423980 3.645153 3.304061 16.316634
 17720.000000 -845544.187500 795.522629 3.520942 3.123898 16.418077
 17740.000000 -844560.312500 792.198530 3.569574 3.433789 16.479685
 17760.000000 -842988.000000 795.546673 3.591440 3.652353 16.159641
 17780.000000 -845087.500000 795.649024 3.294014 3.124674 16.391277
 17800.000000 -846236.625000 792.939492 3.474044 3.342850 16.502093
 17820.000000 -844786.125000 791.944376 3.458227 3.321449 16.674049
 17840.000000 -843951.750000 793.777776 3.452176 3.306666 16.607972
 17860.000000 -844708.187500 793.983167 3.343787 3.404568 16.520405
 17880.000000 -843845.250000 792.384448 3.261589 3.432871 16.310264
 17900.000000 -843786.000000 794.542339 3.253074 3.490858 16.607263
 17920.000000 -844400.375000 796.355487 3.340520 3.571635 16.260858
 17940.000000 -845538.375000 794.269245 3.118911 3.254905 16.300424
 17960.000000 -844261.000000 795.174280 3.456076 3.513159 16.412423
 17980.000000 -844778.000000 795.720873 3.434002 3.373658 16.435918
 18000.000000 -844349.437500 792.882717 3.419386 3.232879 16.368415
 18020.000000 -845409.937500 795.159167 3.412564 3.297007 16.537226
 18040.000000 -844882.187500 796.094313 3.331459 3.384780 16.608530
 18060.000000 -846236.875000 796.530890 3.483062 3.400374 16.592756
 18080.000000 -844689.187500 795.201880 3.673457 3.357831 16.401999
 18100.000000 -844815.750000 793.751976 3.623877 3.454861 16.362235
 18120.000000 -844520.125000 796.087773 3.614135 3.415805 16.520150
 18140.000000 -846213.812500 794.207595 3.737480 3.235427 16.490290
 18160.000000 -845591.812500 792.699295 3.565665 3.192614 16.363600
 18180.000000 -845692.500000 794.342254 3.337582 3.545506 16.386335
 18200.000000 -843717.437500 797.415714 3.447635 3.571301 16.627742
 18220.000000 -847270.375000 795.761649 3.119094 3.126876 16.526194
 18240.000000 -845968.750000 794.539588 3.235983 3.039655 16.349169
 18260.000000 -844567.812500 792.872058 3.146023 3.583307 16.713575
 18280.000000 -844120.000000 793.292817 3.363185 3.224468 16.561745
 18300.000000 -844284.000000 795.406139 3.586169 3.560335 16.216025
 18320.000000 -844962.125000 794.895638 3.301335 3.555038 16.356206
 18340.000000 -844369.937500 792.004836 3.203293 3.187897 16.450692
 18360.000000 -845512.250000 795.061675 3.419209 3.419892 16.529730
 18380.000000 -845734.562500 796.382703 3.844297 3.552169 16.361671
 18400.000000 -843074.125000 794.361374 3.366910 3.377104 16.470498
 18420.000000 -844245.562500 794.828634 3.639332 3.604195 16.364939
 18440.000000 -844861.562500 792.885343 3.637036 3.555351 16.599809
 18460.000000 -844748.125000 793.792813 3.438018 3.461745 16.486965
 18480.000000 -844030.625000 793.984416 3.339822 3.117247 16.328667
 18500.000000 -845155.937500 795.274652 3.514812 3.405547 16.290709
 18520.000000 -847417.750000 792.018135 3.243548 3.510804 16.420068
 18540.000000 -843861.812500 796.279260 3.332909 3.504035 16.543364
 18560.000000 -845449.437500 794.348177 3.394637 3.611113 16.428187
 18580.000000 -845712.687500 791.831745 3.261481 3.421976 16.358459
 18600.000000 -842581.312500 793.798092 3.663969 3.534486 16.421665
 18620.000000 -845999.125000 794.807195 3.398516 3.181796 16.562456
 18640.000000 -844749.812500 795.225021 3.547860 3.054382 16.740236
 18660.000000 -843886.687500 792.471632 3.402194 3.046660 16.672524
 18680.000000 -845157.687500 792.845786 3.577369 3.252299 16.525836
 18700.000000 -842817.750000 794.443889 3.315521 3.260064 16.387394
 18720.000000 -845024.250000 797.140484 3.474161 3.273719 16.276331
 18740.000000 -845469.000000 796.050463 3.530429 3.319381 16.523293
 18760.000000 -844887.312500 794.401699 3.589817 3.215643 16.614447
 18780.000000 -843552.687500 795.618508 3.186562 3.266117 16.500610
 18800.000000 -842055.750000 794.431586 3.395043 3.697885 16.441273
 18820.000000 -843413.812500 794.843174 3.549299 3.608659 16.655812
 18840.000000 -842877.562500 796.666354 3.355714 3.281577 16.464650
 18860.000000 -842121.312500 796.850571 3.271434 3.368370 16.636434
 18880.000000 -845177.812500 794.407730 3.561846 3.353749 16.580317
 18900.000000 -843347.562500 794.477348 3.450832 3.356662 16.178420
 18920.000000 -844618.312500 794.898667 3.364568 3.529832 16.335735
 18940.000000 -847110.937500 793.049421 3.371135 3.340196 16.534626
 18960.000000 -845882.062500 794.976545 3.497324 3.155579 16.699991
 18980.000000 -845898.750000 793.213672 3.357711 3.369272 16.508884
 19000.000000 -845392.125000 795.326787 3.315023 3.700644 16.425199
 19020.000000 -844952.312500 794.358187 3.489007 3.487909 16.423717
 19040.000000 -842673.750000 797.277971 3.619491 3.568917 16.509390
 19060.000000 -845179.000000 795.903283 3.410475 3.491390 16.443345
 19080.000000 -844491.062500 795.008913 3.265316 3.481093 16.274870
 19100.000000 -843818.062500 794.814610 3.481155 3.151366 16.300317
 19120.000000 -845537.437500 798.281613 3.312700 3.662505 16.248152
 19140.000000 -845543.062500 797.112325 3.202518 3.504078 16.251555
 19160.000000 -842561.062500 795.680517 3.352616 3.385820 16.243128
 19180.000000 -843757.250000 796.626696 3.611751 3.253341 16.281600
 19200.000000 -844695.687500 792.365845 3.746657 3.336161 16.341280
 19220.000000 -845122.812500 794.945796 3.424100 3.537508 16.685561
 19240.000000 -844897.500000 795.710730 2.952258 3.345366 16.548397
 19260.000000 -845600.000000 793.924026 3.100523 3.165274 16.528829
 19280.000000 -845868.437500 797.252190 3.211272 3.441042 16.445530
 19300.000000 -842449.125000 797.418253 3.460015 3.430755 16.431511
 19320.000000 -843184.812500 794.057867 3.290381 3.206645 16.765507
 19340.000000 -843753.937500 797.367693 3.094796 3.218150 16.663201
 19360.000000 -846559.875000 795.124762 3.111623 3.227012 16.470681
 19380.000000 -843958.937500 797.091756 2.940602 3.409664 16.563828
 19400.000000 -844309.375000 796.102534 3.446694 3.199085 16.672864
 19420.000000 -845264.000000 794.027917 3.427900 3.266620 16.485638
 19440.000000 -846117.500000 795.169551 3.309960 3.145257 16.504606
 19460.000000 -844386.000000 793.454302 3.347339 3.451948 16.390353
 19480.000000 -843552.687500 795.349632 3.407023 3.532045 16.534495
 19500.000000 -847138.500000 793.766753 3.317630 3.335820 16.523512
 19520.000000 -844614.875000 795.896954 3.407265 3.264354 16.594402
 19540.000000 -844273.750000 793.121336 3.445454 3.317456 16.517777
 19560.000000 -845911.437500 795.015006 3.244459 3.352307 16.367024
 19580.000000 -847349.687500 793.024602 3.313783 3.192180 16.296599
 19600.000000 -845456.250000 793.803418 3.310021 3.709355 16.548801
 19620.000000 -845639.437500 793.490362 3.374504 3.532372 16.503402
 19640.000000 -845338.437500 793.733779 3.389333 3.388321 16.481413
 19660.000000 -845032.562500 795.344612 3.364836 3.098089 16.549768
 19680.000000 -844591.500000 791.781285 3.615614 3.330172 16.520751
 19700.000000 -846148.687500 793.848345 3.289135 3.306253 16.553867
 19720.000000 -846346.312500 794.014088 3.310478 3.082115 16.543139
 19740.000000 -843393.812500 793.391661 3.330392 3.323089 16.643510
 19760.000000 -846333.500000 792.469554 3.446443 3.365567 16.587098
 19780.000000 -844872.250000 795.699963 3.523507 3.216966 16.361705
 19800.000000 -846381.687500 791.700077 3.398872 3.412092 16.461646
 19820.000000 -844469.125000 795.930617 3.161616 3.533041 16.420759
 19840.000000 -844430.250000 795.236854 3.395088 3.290014 16.179400
 19860.000000 -844771.375000 793.793396 3.518011 3.039750 16.495368
 19880.000000 -846096.937500 797.842760 3.336671 3.317936 16.688666
 19900.000000 -844929.937500 794.367469 3.435843 3.130523 16.556893
 19920.000000 -843840.562500 796.297288 3.397609 3.166634 16.381968
 19940.000000 -846201.312500 794.290691 3.519405 3.147072 16.496694
 19960.000000 -844013.687500 797.759297 3.223185 3.497471 16.475033
 19980.000000 -843962.562500 794.357332 3.151489 3.226273 16.699699
 20000.000000 -843747.937500 796.370876 3.300763 3.521690 16.546161
 20020.000000 -845914.500000 793.715928 3.155248 3.431827 16.525485
 20040.000000 -844848.625000 795.459116 3.269223 3.391034 16.518099
 20060.000000 -845563.312500 793.407927 3.300184 3.011151 16.495484
 20080.000000 -845459.937500 794.090017 3.437714 3.312443 16.385555
 20100.000000 -846269.125000 793.538547 3.222945 3.197680 16.439752
 20120.000000 -845424.250000 795.305184 3.435744 3.385270 16.508785
 20140.000000 -843930.187500 793.788205 3.453756 3.641504 16.312443
 20160.000000 -845492.500000 794.219569 3.201475 3.436075 16.269925
 20180.000000 -845587.937500 793.892378 3.484371 3.446482 16.471728
 20200.000000 -843883.750000 795.544912 3.396015 3.253685 16.368266
 20220.000000 -846626.687500 794.376920 3.434863 3.638768 16.536142
 20240.000000 -844650.250000 792.726037 3.443786 3.369355 16.598900
 20260.000000 -845653.312500 793.107330 3.414322 3.660977 16.379245
 20280.000000 -845091.875000 793.072182 3.338738 3.508347 16.456089
 20300.000000 -845010.500000 795.596525 3.341250 3.373669 16.469399
 20320.000000 -846966.562500 792.159122 3.201176 3.184344 16.762062
 20340.000000 -846199.250000 794.998080 3.813976 3.283975 16.437034
 20360.000000 -844773.312500 795.777745 3.606599 3.241748 16.331123
 20380.000000 -845070.500000 794.984725 3.658023 3.523793 16.414927
 20400.000000 -846727.937500 793.134171 3.732346 3.558152 16.554911
 20420.000000 -845555.500000 793.843129 3.219167 3.527881 16.277130
 20440.000000 -845161.437500 793.535342 3.242928 3.448652 16.493783
 20460.000000 -844016.250000 793.311010 3.463888 3.296535 16.530100
 20480.000000 -844215.375000 794.412590 3.152090 3.366065 16.417455
 20500.000000 -844355.062500 796.333708 3.037150 3.340452 16.713922
 20520.000000 -845135.750000 792.821930 3.325251 3.550634 16.523119
 20540.000000 -844316.500000 794.118468 3.407309 3.443097 16.600469
 20560.000000 -847228.437500 793.144471 3.363604 3.624532 16.907498
 20580.000000 -846251.187500 790.542864 3.410777 3.295279 16.568692
 20600.000000 -843750.750000 795.158186 3.489111 3.293286 16.478321
 20620.000000 -843677.062500 793.531192 3.498028 3.585670 16.255039
 20640.000000 -844300.500000 792.756834 3.379108 3.536547 16.315875
 20660.000000 -845456.500000 793.576169 2.888775 3.161739 16.550567
 20680.000000 -845662.625000 792.853723 3.212532 3.403341 16.570109
 20700.000000 -843684.500000 795.340870 3.442767 3.466573 16.643471
 20720.000000 -843595.000000 795.404090 3.517610 3.467729 16.393474
 20740.000000 -847455.437500 792.100184 3.397727 3.093339 16.439343
 20760.000000 -845377.625000 792.979682 3.487010 3.374083 16.670046
 20780.000000 -846383.312500 794.911331 3.441858 3.366855 16.570052
 20800.000000 -846838.062500 793.066113 3.822860 3.277059 16.464996
 20820.000000 -846750.250000 793.527501 3.424358 3.085817 16.337950
 20840.000000 -844438.812500 794.898140 3.312443 3.633890 16.537483
 20860.000000 -846283.625000 792.947300 3.227340 3.245983 16.368232
 20880.000000 -845049.000000 794.108312 3.311832 3.670874 16.320633
 20900.000000 -845951.375000 793.182755 3.518591 3.582417 16.419881
 20920.000000 -844166.437500 793.801329 3.113303 3.384199 16.400970
 20940.000000 -846383.812500 795.340486 3.154139 3.507242 16.304152
 20960.000000 -844224.812500 794.970077 3.392370 3.350840 16.522344
 20980.000000 -844628.687500 794.248619 3.469688 3.205383 16.795587
 21000.000000 -845574.000000 793.948753 3.361430 3.422402 16.539068
 21020.000000 -844840.125000 795.115668 3.122913 3.552211 16.509383
 21040.000000 -845169.250000 795.528231 3.311139 3.421682 16.416176
 21060.000000 -843478.250000 795.063045 3.363082 3.346344 16.297101
 21080.000000 -842709.062500 793.557357 3.342004 3.702980 16.359687
 21100.000000 -845580.000000 794.553100 3.067032 3.463464 16.369118
 21120.000000 -844409.250000 792.371012 3.382453 3.348258 16.624587
 21140.000000 -844253.250000 796.169652 3.410088 3.405696 16.615983
 21160.000000 -845721.687500 793.411573 3.501595 3.186781 16.528509
 21180.000000 -844301.437500 795.844453 3.316037 3.242059 16.365505
 21200.000000 -845026.812500 791.893461 3.418556 3.161960 16.246658
 21220.000000 -846101.312500 792.437420 3.397220 3.333312 16.437307
 21240.000000 -845793.437500 792.619159 3.291805 3.553024 16.292442
 21260.000000 -845089.500000 793.421862 3.399741 3.487513 16.326951
 21280.000000 -844662.187500 795.503804 3.455880 3.156444 16.678886
 21300.000000 -845131.562500 791.987463 3.520790 3.516784 16.599936
 21320.000000 -844267.625000 794.683487 3.518972 3.485237 16.441850
 21340.000000 -847160.062500 794.263409 3.431765 3.452644 16.141720
 21360.000000 -845149.937500 792.127400 3.093419 3.178332 16.274802
 21380.000000 -844894.062500 794.658533 3.324427 3.192102 16.401824
 21400.000000 -844107.500000 795.047631 3.451526 3.199186 16.469489
 21420.000000 -844997.250000 793.203099 3.209073 3.521511 16.325874
 21440.000000 -845425.500000 793.193695 3.364890 3.497462 16.585454
 21460.000000 -846580.250000 793.662912 3.405620 3.279270 16.599466
 21480.000000 -845184.625000 794.095967 3.376703 3.553337 16.561425
 21500.000000 -845388.062500 793.933824 3.432187 3.784159 16.474591
 21520.000000 -845165.937500 795.915399 3.603492 3.383922 16.527919
 21540.000000 -845505.750000 794.106428 3.278909 3.234008 16.697713
 21560.000000 -843980.812500 796.246959 3.320836 3.268442 16.345872
 21580.000000 -844692.250000 795.328698 3.615697 3.446604 16.478045
 21600.000000 -843690.687500 795.299121 3.531910 3.527817 16.870916
 21620.000000 -844627.062500 795.951450 3.331140 3.456177 16.569460
 21640.000000 -842729.437500 795.620338 3.450979 3.409658 16.308507
 21660.000000 -844825.687500 795.829410 3.618309 3.618165 16.364557
 21680.000000 -845852.250000 795.478349 3.561519 3.436088 16.372048
 21700.000000 -843359.062500 796.129878 3.338860 3.172719 16.289861
 21720.000000 -844312.875000 795.064900 3.252008 3.512537 16.490742
 21740.000000 -844770.125000 795.802248 3.345237 3.663758 16.451063
 21760.000000 -845214.312500 795.012221 3.164638 3.565392 16.391283
 21780.000000 -844592.437500 794.369331 3.597153 3.448754 16.573670
 21800.000000 -844207.250000 795.936726 3.733797 3.468684 16.680322
 21820.000000 -844530.187500 797.489164 3.744364 3.458931 16.566437
 21840.000000 -845216.875000 794.462301 3.691432 3.486967 16.481416
 21860.000000 -844977.250000 793.586482 3.430476 3.543564 16.553117
 21880.000000 -845837.062500 793.879500 3.307800 3.237170 16.563617
 21900.000000 -845954.812500 792.780769 3.333153 3.290486 16.776724
 21920.000000 -844856.437500 792.871791 3.491629 3.540893 16.519716
 21940.000000 -846089.437500 793.980377 3.551895 3.523445 16.409940
 21960.000000 -844595.312500 795.318410 3.473351 3.571266 16.482278
 21980.000000 -845347.500000 792.544391 3.592617 3.612859 16.558175
 22000.000000 -845031.687500 793.380760 3.376617 3.712548 16.519087
 22020.000000 -845047.312500 794.194348 3.440818 3.797009 16.585221
 22040.000000 -844163.625000 794.920509 3.393047 3.544277 16.231050
 22060.000000 -845602.250000 794.134752 3.213502 3.514845 16.587580
 22080.000000 -845613.000000 795.414760 3.692563 3.547483 16.272440
 22100.000000 -845125.812500 793.261013 3.218899 3.546576 16.608675
 22120.000000 -846038.000000 795.145066 3.110256 3.455467 16.625605
 22140.000000 -845873.125000 793.718347 3.390632 3.570185 16.605849
 22160.000000 -843846.625000 795.236148 3.730483 3.623492 16.664672
 22180.000000 -843749.375000 793.579611 3.680741 3.461207 16.264402
 22200.000000 -843747.562500 793.717959 3.643417 3.491274 16.376884
 22220.000000 -843660.812500 797.007967 3.519505 3.562010 16.937181
 22240.000000 -846834.500000 793.851529 3.392147 3.346867 16.692676
 22260.000000 -845532.250000 793.335799 3.648594 2.984336 16.636301
 22280.000000 -845814.187500 794.515800 3.577317 3.273636 16.371573
 22300.000000 -846282.500000 793.764558 3.499218 3.488568 16.314609
 22320.000000 -844154.187500 795.534584 3.560529 3.684794 16.740253
 22340.000000 -844429.437500 796.912607 3.119962 3.707233 16.239300
 22360.000000 -842375.062500 795.609287 3.286013 3.156429 16.607096
 22380.000000 -845397.000000 796.597448 3.255561 3.533759 16.560875
 22400.000000 -845033.437500 794.876642 3.521363 3.231674 16.537686
 22420.000000 -844501.250000 796.934524 3.292495 3.392442 16.495102
 22440.000000 -845828.625000 795.606382 3.388800 3.379346 16.521317
 22460.000000 -843908.750000 794.157799 3.384883 3.328610 16.658052
 22480.000000 -844981.687500 798.176904 3.415358 3.114408 16.480541
 22500.000000 -845709.000000 794.452893 3.297123 3.246974 16.510601
 22520.000000 -844704.750000 792.424942 3.092372 3.380849 16.365204
 22540.000000 -845098.062500 794.809223 3.366004 3.626139 16.453744
 22560.000000 -844952.937500 795.601966 3.457201 3.481924 16.647597
 22580.000000 -844799.500000 797.068169 3.257064 3.545408 16.668932
 22600.000000 -844781.500000 796.121533 3.350332 3.406135 16.252855
 22620.000000 -845747.750000 794.535027 3.212926 3.566887 16.370920
 22640.000000 -844043.562500 796.071254 3.010405 3.520371 16.547385
 22660.000000 -847346.687500 790.924467 3.216313 3.380179 16.388128
 22680.000000 -845108.625000 796.880618 3.374642 3.653336 16.578197
 22700.000000 -844552.250000 797.978414 3.453330 3.378917 16.531460
 22720.000000 -846708.875000 794.766238 3.336262 3.377856 16.536008
 22740.000000 -844445.937500 792.465632 3.364706 2.973409 16.417355
 22760.000000 -844238.375000 792.801380 3.270188 3.516317 16.566588
 22780.000000 -844286.062500 794.044165 3.604401 3.274755 16.696118
 22800.000000 -844760.250000 792.571244 3.386534 3.187809 16.315610
 22820.000000 -844649.125000 795.500827 3.639819 3.518883 16.588024
 22840.000000 -844754.687500 794.900126 3.478531 3.107527 16.464045
 22860.000000 -845342.000000 792.925098 3.348825 2.963955 16.577163
 22880.000000 -845405.750000 795.833009 3.463848 3.315453 16.704679
 22900.000000 -845460.625000 794.145086 3.222811 3.337665 16.548053
 22920.000000 -845766.625000 793.855067 3.293309 3.520668 16.418060
 22940.000000 -844746.250000 797.286421 3.493565 3.662750 16.297815
 22960.000000 -846084.312500 794.550706 3.245026 3.559687 16.540313
 22980.000000 -845077.562500 793.701760 3.228992 3.458043 16.406165
 23000.000000 -847155.937500 792.854919 3.552847 3.482365 16.370348
 23020.000000 -844560.625000 793.155846 3.389336 3.556051 16.319036
 23040.000000 -844240.125000 791.888847 3.218046 3.318882 16.323531
 23060.000000 -843768.750000 796.302041 3.528759 3.482222 16.450440
 23080.000000 -844722.625000 793.983152 3.434144 3.349768 16.537874
 23100.000000 -843861.312500 794.457166 3.778101 3.206365 16.650258
 23120.000000 -844269.687500 797.111790 3.717810 3.500571 16.666217
 23140.000000 -845463.687500 794.088453 3.345548 3.524909 16.308452
 23160.000000 -844476.625000 795.256177 3.522176 3.482878 16.579778
 23180.000000 -845045.437500 794.013278 3.316842 3.345093 16.460288
 23200.000000 -844587.000000 794.188723 3.198184 3.108152 16.282522
 23220.000000 -845360.562500 792.775755 3.374371 3.398011 16.352651
 23240.000000 -845798.562500 795.602453 3.207103 3.262902 16.107808
 23260.000000 -844477.062500 795.724348 3.375064 3.459889 16.510578
 23280.000000 -844719.875000 795.784852 3.592795 3.232726 16.622608
 23300.000000 -845157.625000 792.938004 3.865612 3.246971 16.601144
 23320.000000 -843479.375000 795.613587 3.687199 3.415122 16.547097
 23340.000000 -846040.750000 792.659260 3.779132 3.580429 16.520726
 23360.000000 -844815.562500 792.567692 3.313295 3.474374 16.551769
 23380.000000 -845453.250000 793.936547 3.447884 3.311209 16.418959
 23400.000000 -843706.625000 795.762422 3.636459 3.646239 16.403340
 23420.000000 -847015.375000 792.529388 3.628898 3.602118 16.311972
 23440.000000 -843743.812500 797.256952 3.615350 3.444332 16.678449
 23460.000000 -845825.937500 792.809982 3.348610 3.461602 16.509550
 23480.000000 -846442.687500 793.992344 3.488349 3.381924 16.422828
 23500.000000 -846462.250000 795.091474 3.458668 3.261069 16.268626
 23520.000000 -844068.312500 793.317618 3.451115 3.297373 16.241636
 23540.000000 -844313.437500 794.895359 3.574581 3.364317 16.553394
 23560.000000 -844629.437500 795.758828 3.737048 3.601011 16.531968
 23580.000000 -846445.937500 790.661543 3.480472 3.321942 16.422692
 23600.000000 -846150.875000 796.558206 3.324778 3.482891 16.238171
 23620.000000 -845342.250000 795.825991 3.502906 3.296950 16.440209
 23640.000000 -847456.625000 791.548031 3.549408 3.352128 16.306115
 23660.000000 -844953.125000 794.919029 3.453524 3.190500 16.666613
 23680.000000 -845805.125000 793.900212 3.261782 3.319781 16.509069
 23700.000000 -844621.250000 794.876778 3.176663 3.170789 16.380906
 23720.000000 -843777.250000 795.035574 3.222488 3.103926 16.590834
 23740.000000 -846080.937500 793.868693 3.270801 3.300480 16.304776
 23760.000000 -843959.562500 793.251049 3.363640 3.120741 16.319461
 23780.000000 -844637.312500 794.597172 3.459043 3.420272 16.457605
 23800.000000 -846112.250000 796.911877 3.447814 3.475233 16.127459
 23820.000000 -846023.312500 792.846510 3.402287 3.147798 16.506327
 23840.000000 -846314.312500 797.293277 3.355859 3.428121 16.412139
 23860.000000 -843119.187500 794.869223 3.292075 3.095905 16.536853
 23880.000000 -844742.125000 794.721179 3.453684 3.153861 16.613161
 23900.000000 -843493.062500 795.654754 3.450305 3.532632 16.476572
 23920.000000 -845127.187500 795.034555 3.360447 3.582142 16.333936
 23940.000000 -844777.875000 795.248649 3.395542 3.509440 16.506792
 23960.000000 -845644.375000 794.998334 3.440880 3.342561 16.567137
 23980.000000 -845296.625000 796.111806 3.313309 3.665340 16.361824
 24000.000000 -845560.250000 794.143698 3.316248 3.357271 16.525433
 24020.000000 -843839.437500 795.626630 3.409830 3.461366 16.609915
 24040.000000 -845597.375000 794.692718 3.407334 3.545872 16.394201
 24060.000000 -844411.937500 794.587430 3.316244 3.466835 16.581490
 24080.000000 -845591.187500 793.523681 3.427362 3.293168 16.611307
 24100.000000 -845595.187500 792.785732 3.449053 3.585893 16.811497
 24120.000000 -846702.312500 791.777321 3.574530 3.361766 16.651843
 24140.000000 -846350.062500 795.122353 3.482542 3.429205 16.650901
 24160.000000 -847276.437500 794.021122 3.175212 3.233062 16.485501
 24180.000000 -845851.875000 793.833031 3.442040 3.604730 16.720252
 24200.000000 -844799.812500 794.125385 3.406738 3.234836 16.458171
 24220.000000 -844105.937500 793.341598 3.203005 3.128643 16.507335
 24240.000000 -844347.750000 794.971810 3.274505 2.966558 16.313239
 24260.000000 -844575.750000 797.824780 3.271408 3.137490 16.300916
 24280.000000 -842643.812500 796.746383 3.193088 3.492183 16.553355
 24300.000000 -844517.812500 793.706996 3.399099 3.564742 16.390569
 24320.000000 -844176.625000 793.063964 3.457954 3.398790 16.271935
 24340.000000 -844780.125000 793.461858 3.233507 3.411019 16.609903
 24360.000000 -845629.937500 792.649356 3.466344 3.465280 16.228113
 24380.000000 -845956.812500 792.756534 3.517413 3.439273 16.572755
 24400.000000 -843764.125000 795.765731 3.291931 3.516056 16.285770
 24420.000000 -843419.750000 799.158821 3.316457 3.556694 16.308590
 24440.000000 -846039.437500 795.129973 2.981069 3.615650 16.382084
 24460.000000 -844921.312500 796.014931 3.087747 3.449714 16.218396
 24480.000000 -845894.875000 794.034348 3.324504 3.490799 16.173317
 24500.000000 -844023.500000 796.847812 3.217594 3.248210 16.149278
 24520.000000 -844495.812500 799.398514 3.250556 3.545513 16.617824
 24540.000000 -846417.750000 793.960876 3.586315 3.148096 16.582560
 24560.000000 -844797.937500 795.557218 3.201678 3.539248 16.422940
 24580.000000 -846950.812500 792.583793 3.069734 3.513113 16.126252
 24600.000000 -846648.250000 793.551663 3.112863 3.354338 16.308156
 24620.000000 -844041.062500 796.900891 3.215795 3.223703 16.480480
 24640.000000 -844266.562500 797.101282 3.291323 3.263600 16.441404
 24660.000000 -844606.312500 796.512466 3.507488 3.182185 16.472690
 24680.000000 -845336.625000 795.843504 3.479428 3.421732 16.356143
 24700.000000 -845857.500000 792.191680 3.511620 3.203218 16.577707
 24720.000000 -844736.000000 793.634454 3.269149 3.490509 16.706760
 24740.000000 -844126.562500 795.644341 3.333005 3.243343 16.285710
 24760.000000 -846291.000000 794.167338 3.456604 3.117494 16.666740
 24780.000000 -846255.812500 791.966442 3.402137 3.475194 16.493498
 24800.000000 -844277.375000 796.518330 3.266896 3.342652 16.557689
 24820.000000 -844694.812500 794.527385 3.421713 3.412789 16.689338
 24840.000000 -845822.437500 794.168116 3.480099 3.557677 16.484331
 24860.000000 -843986.812500 794.957764 3.517023 3.435687 16.681819
 24880.000000 -845375.000000 794.613500 3.350469 3.126679 16.509146
 24900.000000 -848216.437500 794.316914 3.178742 3.488180 16.687690
 24920.000000 -846135.375000 795.638347 3.071166 3.699233 16.517762
 24940.000000 -844605.000000 794.716431 3.574189 3.233387 16.386009
 24960.000000 -843567.625000 795.084336 3.160429 3.232085 16.360003
 24980.000000 -845220.687500 796.345070 3.066483 3.341853 16.430526
 25000.000000 -844313.625000 794.695242 3.321655 3.251600 16.525691
 25020.000000 -843994.562500 793.201572 3.570241 3.261107 16.549261
 25040.000000 -844025.437500 798.478859 3.549024 3.153896 16.401087
 25060.000000 -844548.812500 796.027459 3.285712 3.209538 16.360830
 25080.000000 -844172.687500 794.903268 3.392731 3.369992 16.588784
 25100.000000 -843758.687500 795.288703 3.321908 3.209212 16.425997
 25120.000000 -845185.812500 794.523889 3.369104 3.590871 16.581229
 25140.000000 -844404.312500 795.051947 3.240124 3.321158 16.663668
 25160.000000 -843943.125000 794.337673 3.269101 3.488045 16.386978
 25180.000000 -845436.562500 794.336236 3.528866 3.457417 16.564475
 25200.000000 -844893.312500 792.527785 3.529615 3.199554 16.636185
 25220.000000 -844717.250000 793.853020 3.690507 3.213270 16.512305
 25240.000000 -846096.250000 795.129695 3.709776 3.420420 16.416557
 25260.000000 -843955.562500 794.699245 3.403227 3.801871 16.745025
 25280.000000 -844740.875000 794.375354 3.281284 3.539125 16.890745
 25300.000000 -845437.500000 797.029042 3.575840 3.672334 16.654300
 25320.000000 -846090.187500 793.331292 3.604836 3.393804 16.522533
 25340.000000 -845559.687500 795.396311 3.317534 3.579296 16.698828
 25360.000000 -844078.437500 797.713022 3.458850 3.391867 16.387806
 25380.000000 -846133.812500 795.948638 3.720677 3.367187 16.614503
 25400.000000 -844174.875000 797.534743 3.546679 3.457609 16.357146
 25420.000000 -843730.875000 795.008225 3.359757 3.158622 16.606883
 25440.000000 -842653.312500 795.598597 3.383999 3.294664 16.496045
 25460.000000 -845864.875000 792.168718 3.403542 3.388478 16.278084
 25480.000000 -843142.750000 797.407094 3.337632 3.281070 16.309488
 25500.000000 -843701.625000 795.855161 3.555247 3.468935 16.297835
 25520.000000 -846349.000000 796.267089 3.646601 3.543201 16.842682
 25540.000000 -845147.687500 794.278356 3.351728 3.536377 16.581470
 25560.000000 -845183.312500 796.667477 3.175119 3.338709 16.589438
 25580.000000 -845715.187500 791.955139 3.231631 3.251629 16.685895
 25600.000000 -844805.187500 793.952739 3.282407 3.476265 16.474361
 25620.000000 -844042.375000 796.883923 3.344472 3.578577 16.393028
 25640.000000 -842790.687500 795.563231 3.508041 3.172363 16.389193
 25660.000000 -843572.125000 793.814012 3.522114 3.188277 16.446819
 25680.000000 -843114.687500 795.379866 3.202468 3.605448 16.366458
 25700.000000 -844357.625000 796.150445 3.369929 3.509112 16.303640
 25720.000000 -845661.875000 795.103201 3.074083 3.453798 16.374583
 25740.000000 -846904.625000 795.193130 3.376303 3.367515 16.373473
 25760.000000 -843648.375000 797.059348 3.467019 3.289947 16.477495
 25780.000000 -843151.562500 795.429114 3.296929 3.461074 16.782568
 25800.000000 -844757.562500 792.731788 3.381348 3.146850 16.707739
 25820.000000 -844631.250000 795.428615 3.563854 3.378920 16.500027
 25840.000000 -843362.562500 794.679304 3.261777 3.368044 16.783361
 25860.000000 -845300.687500 793.466302 3.340696 3.244395 16.804093
 25880.000000 -843747.375000 795.144050 3.384323 3.047643 16.746060
 25900.000000 -844159.750000 794.580311 3.604377 3.532424 16.438785
 25920.000000 -845407.000000 795.079172 3.592955 3.399068 16.460306
 25940.000000 -845016.875000 794.725669 3.096536 3.367185 16.557518
 25960.000000 -844833.000000 794.908798 3.198921 3.678237 16.511653
 25980.000000 -844689.500000 793.320845 3.494653 3.270455 16.545322
 26000.000000 -846040.625000 794.588945 3.889383 3.478952 16.368186
 26020.000000 -847382.750000 794.125645 3.270349 3.390792 16.208437
 26040.000000 -844878.500000 795.477402 3.551694 3.162152 16.717023
 26060.000000 -844323.250000 797.355188 3.257788 3.322226 16.506607
 26080.000000 -846195.125000 794.894579 3.262865 3.358536 16.582370
 26100.000000 -843829.437500 796.207444 3.319764 3.146267 16.787817
 26120.000000 -844728.875000 797.061148 3.552073 3.320491 16.732155
 26140.000000 -844246.062500 791.740034 3.380797 3.674285 16.600040
 26160.000000 -845061.937500 795.168437 3.588834 3.606245 16.513927
 26180.000000 -846893.125000 795.786790 3.438509 3.448881 16.584029
 26200.000000 -843683.437500 798.024318 3.407887 3.233709 16.564491
 26220.000000 -845636.750000 797.561766 3.680399 3.503782 16.707211
 26240.000000 -843830.937500 795.087654 3.535436 3.526600 16.640155
 26260.000000 -845366.937500 794.517985 3.648033 3.248640 16.646361
 26280.000000 -846340.125000 794.598425 3.741826 3.358084 16.480699
 26300.000000 -845408.937500 794.970681 3.631779 3.415989 16.355377
 26320.000000 -847003.875000 791.736371 3.524737 3.414171 16.360067
 26340.000000 -845352.000000 795.974212 3.515939 3.175335 16.353409
 26360.000000 -844988.000000 793.663480 3.547966 3.468078 16.638828
 26380.000000 -844388.937500 795.733141 3.659248 3.321504 16.132520
 26400.000000 -846468.562500 794.871362 3.369852 3.448336 16.390948
 26420.000000 -845106.937500 796.092485 3.470504 3.269233 16.543678
 26440.000000 -843736.375000 795.882895 3.655975 3.366558 16.306486
 26460.000000 -845821.250000 795.252311 3.298951 3.467965 16.319635
 26480.000000 -845282.125000 793.492861 3.643723 3.532447 16.412352
 26500.000000 -843652.562500 797.432143 3.446620 3.417131 16.433538
 26520.000000 -846313.937500 793.767045 3.235082 3.336953 16.264182
 26540.000000 -845355.687500 795.224681 3.682202 3.398295 16.457551
 26560.000000 -845584.250000 795.159007 3.695796 3.098057 16.480635
 26580.000000 -847194.500000 796.384619 3.561933 3.288469 16.372291
 26600.000000 -843640.875000 796.385816 3.469652 3.385380 16.518163
 26620.000000 -846595.687500 794.947616 3.439016 3.446552 16.501198
 26640.000000 -847291.937500 793.508560 3.680125 3.504336 16.250344
 26660.000000 -845257.000000 796.396763 3.810187 3.247766 16.399359
 26680.000000 -845183.875000 794.582808 3.626521 3.236394 16.624316
 26700.000000 -846600.437500 792.498839 3.676546 3.660553 16.521925
 26720.000000 -842753.187500 796.119857 3.529405 3.629984 16.465878
 26740.000000 -844921.250000 798.214772 3.654318 3.423373 16.559338
 26760.000000 -845102.375000 797.267264 3.625415 3.013689 16.328678
 26780.000000 -845932.000000 795.260886 3.311560 3.105078 16.586494
 26800.000000 -844638.312500 796.151164 3.497290 3.375081 16.602942
 26820.000000 -844620.750000 793.074510 3.431119 3.558751 16.507314
 26840.000000 -845861.312500 794.812910 3.611187 3.580450 16.533242
 26860.000000 -846007.375000 794.100083 3.565727 3.799188 16.488125
 26880.000000 -844053.000000 795.071500 3.406839 3.539971 16.617462
 26900.000000 -844055.375000 795.556753 3.465108 3.268287 16.592612
 26920.000000 -844490.000000 795.743421 3.291604 3.521028 16.577807
 26940.000000 -844135.812500 795.346476 3.336420 3.312370 16.625331
 26960.000000 -846696.375000 792.724613 3.224570 3.201196 16.700164
 26980.000000 -845304.500000 790.940364 3.417290 3.242031 16.489926
 27000.000000 -844610.250000 795.873616 3.255644 3.554163 16.471111
 27020.000000 -843766.812500 795.417250 3.537049 3.312282 16.401178
 27040.000000 -843552.812500 796.089921 3.484700 3.578484 16.292674
 27060.000000 -844177.312500 796.253773 3.471788 3.487356 16.307328
 27080.000000 -844340.312500 794.902625 3.404682 3.329864 16.644516
 27100.000000 -845717.125000 794.061796 3.562922 3.199711 16.368531
 27120.000000 -846214.250000 794.851060 3.607840 3.317223 16.498630
 27140.000000 -846217.187500 794.540536 3.537410 3.346748 16.514422
 27160.000000 -843383.812500 796.316479 3.536103 3.100588 16.819261
 27180.000000 -844329.375000 794.324189 3.248634 3.272736 16.735113
 27200.000000 -844948.312500 795.202253 3.113927 2.912918 16.598091
 27220.000000 -846033.062500 793.421230 3.441571 3.070689 16.822187
 27240.000000 -846089.562500 790.832484 3.566711 3.207574 16.953884
 27260.000000 -845665.562500 795.195268 3.924589 3.325815 16.568993
 27280.000000 -844857.625000 793.483479 3.490514 3.322019 16.560945
 27300.000000 -844456.437500 796.568393 3.438699 3.637089 16.298529
 27320.000000 -845497.625000 794.623994 3.511000 3.551271 16.304052
 27340.000000 -846528.812500 793.520580 3.573297 3.526419 16.656650
 27360.000000 -844708.812500 795.273608 3.343989 3.296155 16.449387
 27380.000000 -845082.312500 794.796283 3.413838 3.564304 16.569406
 27400.000000 -845793.812500 793.719501 3.473322 3.587603 16.724994
 27420.000000 -845480.000000 794.534092 3.419040 3.537406 16.784672
 27440.000000 -843689.187500 795.393820 3.326688 3.552479 16.823810
 27460.000000 -847850.562500 793.433251 3.265595 3.036295 16.640410
 27480.000000 -844801.562500 797.814248 3.301710 3.261100 16.474153
 27500.000000 -846104.000000 792.330949 3.352953 3.385674 16.347783
 27520.000000 -845424.437500 795.049506 3.442188 3.099524 16.387459
 27540.000000 -844623.312500 795.319159 3.466816 3.497851 16.573917
 27560.000000 -845419.187500 793.093219 3.181437 3.461492 16.491845
 27580.000000 -846034.937500 795.098120 3.143875 3.767753 16.672716
 27600.000000 -846586.875000 793.556729 3.426125 3.606697 16.653688
 27620.000000 -845167.875000 796.972308 3.287558 3.267727 16.559641
 27640.000000 -847078.812500 795.325456 3.732570 3.509291 16.401789
 27660.000000 -844536.000000 796.031310 3.632538 3.471181 16.211203
 27680.000000 -846304.187500 796.756165 3.424963 3.263213 16.501268
 27700.000000 -846206.437500 795.592347 3.489629 3.471048 16.853492
 27720.000000 -845570.437500 794.161032 3.516527 3.420870 16.592939
 27740.000000 -845584.312500 795.078149 3.490714 3.397010 16.328681
 27760.000000 -844830.187500 797.885588 3.546448 3.549491 16.480692
 27780.000000 -843636.062500 795.813740 3.356976 3.357754 16.657253
 27800.000000 -846289.937500 793.520710 3.271118 3.273297 16.553452
 27820.000000 -843373.125000 794.892040 3.351500 3.423255 16.466815
 27840.000000 -843786.375000 796.832946 3.658174 3.370030 16.433912
 27860.000000 -844463.375000 797.411229 3.361908 3.525949 16.616861
 27880.000000 -845175.062500 798.270904 3.332607 3.584703 16.375229
 27900.000000 -844732.187500 794.805579 3.401340 3.383217 16.544048
 27920.000000 -845756.750000 795.254171 3.192433 3.411428 16.578097
 27940.000000 -844014.250000 796.515137 3.277003 3.544785 16.708338
 27960.000000 -845848.937500 796.878416 3.492938 3.221491 16.619850
 27980.000000 -845350.437500 795.248863 3.383848 3.289862 16.262447
 28000.000000 -846000.625000 794.155406 3.440951 3.406341 16.484830
 28020.000000 -845552.187500 794.511341 3.363894 3.358946 16.531247
 28040.000000 -844223.375000 796.478180 3.403969 3.375251 16.628812
 28060.000000 -843181.500000 797.720129 3.275627 3.369760 16.834198
 28080.000000 -846862.875000 795.490058 3.205787 3.568352 16.556151
 28100.000000 -845858.250000 795.202908 3.406490 3.523570 16.385648
 28120.000000 -845883.250000 793.126278 3.535365 3.249236 16.563818
 28140.000000 -845533.000000 793.808457 3.332659 3.059809 16.457817
 28160.000000 -844474.562500 793.949539 3.535637 3.285233 16.467265
 28180.000000 -843583.375000 793.589606 3.515794 3.665501 16.274043
 28200.000000 -844701.750000 794.992145 3.436114 3.409514 16.519644
 28220.000000 -845471.875000 797.865327 3.299178 3.461758 16.361692
 28240.000000 -844879.500000 796.688157 3.392190 3.539760 16.488591
 28260.000000 -844071.875000 794.766027 3.435648 3.513505 16.832739
 28280.000000 -843675.812500 796.387800 3.324690 3.314967 16.700943
 28300.000000 -844450.500000 795.375790 3.354657 3.178067 16.245623
 28320.000000 -843783.312500 795.041523 3.362327 3.005187 16.541081
 28340.000000 -842880.000000 796.704223 3.433293 3.168782 16.464029
 28360.000000 -844136.625000 795.943453 3.463368 3.447390 16.767330
 28380.000000 -844138.375000 794.795540 3.205553 3.630589 16.695191
 28400.000000 -843906.125000 795.412834 3.226053 3.473648 16.781027
 28420.000000 -846526.875000 795.824704 3.548868 3.584131 16.678908
 28440.000000 -846009.437500 792.343697 3.470938 3.575154 16.494684
 28460.000000 -844018.187500 794.091797 3.163835 3.594681 16.281386
 28480.000000 -845585.812500 794.277031 3.523149 3.450961 16.528511
 28500.000000 -845405.000000 794.750076 3.261705 3.457596 16.439274
 28520.000000 -843450.625000 794.223240 3.502799 3.315652 16.480310
 28540.000000 -842845.812500 796.636947 3.641303 2.956250 16.546892
 28560.000000 -844201.500000 795.797742 3.513519 3.244296 16.232974
 28580.000000 -843272.125000 798.393554 3.677997 3.270144 16.237765
 28600.000000 -845346.875000 797.571306 3.353444 3.403135 16.510803
 28620.000000 -842496.937500 794.249198 3.579161 3.691297 16.410001
 28640.000000 -846374.562500 796.165775 3.255086 3.302888 16.401213
 28660.000000 -845303.062500 795.473837 3.171272 3.092041 16.444256
 28680.000000 -844510.375000 795.789493 3.285199 3.338886 16.636655
 28700.000000 -845218.625000 794.834156 3.435807 3.410855 16.490639
 28720.000000 -844890.875000 794.780128 3.593377 3.267486 16.560265
 28740.000000 -846335.375000 791.625083 3.288583 3.201246 16.669040
 28760.000000 -844789.312500 797.362076 3.321050 3.642767 16.780488
 28780.000000 -843739.875000 796.666018 3.649469 3.372898 16.596568
 28800.000000 -844789.000000 795.817363 3.457249 3.337837 16.654879
 28820.000000 -844107.875000 796.471227 3.710499 3.209739 16.493560
 28840.000000 -843682.875000 795.031127 3.314213 3.456726 16.504417
 28860.000000 -844252.187500 796.028425 3.341510 3.767436 16.469255
 28880.000000 -845479.875000 794.212875 3.180648 3.619772 16.420907
 28900.000000 -845629.437500 793.618732 3.408226 3.506414 16.601710
 28920.000000 -843755.000000 796.961304 3.584274 3.642000 16.455348
 28940.000000 -844616.875000 796.325154 3.332714 3.394203 16.317240
 28960.000000 -845924.812500 796.555353 3.543515 3.324157 16.314794
 28980.000000 -843463.687500 797.008976 3.577209 3.514704 16.183709
 29000.000000 -845407.250000 793.760192 3.551571 3.422786 16.245805
 29020.000000 -845927.562500 794.385541 3.325115 2.966442 16.400387
 29040.000000 -845045.875000 792.823731 3.191849 3.473479 16.595757
 29060.000000 -845841.937500 794.985207 3.431152 3.178286 16.511087
 29080.000000 -845385.187500 794.653103 3.296144 3.282871 16.415791
 29100.000000 -845163.625000 794.464923 3.135262 3.492109 16.444529
 29120.000000 -844257.750000 794.708577 3.334354 3.527688 16.406545
 29140.000000 -846049.375000 794.082012 3.396852 3.643527 16.150014
 29160.000000 -843771.250000 794.173683 3.468241 3.494051 16.228018
 29180.000000 -845416.250000 796.471167 3.452991 3.425079 16.328254
 29200.000000 -843381.312500 795.942253 3.336046 3.424237 16.457400
 29220.000000 -844896.250000 796.056822 3.488723 3.403415 16.466777
 29240.000000 -844988.375000 794.677115 3.311788 3.249158 16.185961
 29260.000000 -845056.937500 794.215267 3.230021 3.391099 16.307834
 29280.000000 -844003.250000 796.288170 3.256887 3.199698 16.620652
 29300.000000 -844530.125000 794.652836 3.709105 3.283727 16.697229
 29320.000000 -844523.750000 796.937102 3.418106 3.525985 16.469679
 29340.000000 -844312.250000 794.197736 3.621963 3.302467 16.548951
 29360.000000 -845015.125000 794.456186 3.520444 3.202327 16.272787
 29380.000000 -843633.250000 796.697227 3.662964 3.609547 16.464310
 29400.000000 -844844.000000 793.919526 3.419127 3.717267 16.623473
 29420.000000 -846638.312500 795.872432 3.523185 3.510530 16.560374
 29440.000000 -844123.000000 797.126697 3.315536 3.295598 16.810740
 29460.000000 -843661.187500 795.414375 3.678292 3.252668 16.688250
 29480.000000 -844236.937500 796.212294 3.720698 3.415568 16.601732
 29500.000000 -844605.687500 795.907579 3.460536 3.475950 16.438514
 29520.000000 -844932.125000 795.381987 3.545927 3.568269 16.443821
 29540.000000 -844969.312500 793.097890 3.644274 3.354831 16.667117
 29560.000000 -844601.562500 797.566048 3.614269 2.998523 16.842215
 29580.000000 -845088.187500 792.864554 3.715228 3.339472 16.514749
 29600.000000 -845108.687500 794.993242 3.539968 3.340100 16.619337
 29620.000000 -845046.000000 793.357550 3.480736 3.410006 16.513453
 29640.000000 -845176.937500 792.856294 3.673191 3.354415 16.399042
 29660.000000 -844799.187500 793.506666 3.404820 3.384512 16.244583
 29680.000000 -845080.875000 796.454097 3.205692 3.342495 16.572951
 29700.000000 -844665.875000 796.215107 3.481055 3.381606 16.458910
 29720.000000 -845602.312500 795.414295 3.510887 3.124380 16.634150
 29740.000000 -845923.125000 795.257919 3.396636 3.274561 16.392811
 29760.000000 -847028.187500 794.846528 3.275810 3.367346 16.469699
 29780.000000 -843003.750000 796.820996 3.661260 3.289147 16.360434
 29800.000000 -845307.687500 795.950705 3.716513 3.376199 16.329894
 29820.000000 -845299.187500 795.387995 3.459712 3.321690 16.376752
 29840.000000 -844642.687500 793.434731 3.237296 3.341934 16.461332
 29860.000000 -845143.312500 792.686735 3.076397 3.523354 16.440405
 29880.000000 -845449.500000 794.534576 3.283459 3.638124 16.478022
 29900.000000 -846663.250000 794.325005 3.500711 3.399019 16.368480
 29920.000000 -845358.750000 793.105282 3.656999 3.455957 16.041780
 29940.000000 -844173.812500 792.690168 3.284040 3.322859 16.201082
 29960.000000 -845302.375000 794.421797 3.224141 3.048335 16.403956
 29980.000000 -847838.062500 792.337879 3.496746 3.101475 16.599106
 30000.000000 -844463.187500 793.660330 3.426560 3.360514 16.375379
 30020.000000 -847280.375000 792.124549 3.260834 3.510237 16.329574
 30040.000000 -845587.250000 792.463544 3.378761 3.455606 16.637820
 30060.000000 -846860.500000 791.670187 3.130175 3.393361 16.783127
 30080.000000 -844101.375000 794.220388 3.435788 3.438236 16.542450
 30100.000000 -845666.625000 795.543314 3.502133 3.451709 16.384062
 30120.000000 -845602.500000 796.467363 3.404439 3.501972 16.205348
 30140.000000 -845537.812500 795.228640 3.248913 3.633713 16.471883
 30160.000000 -844333.687500 794.040750 3.249651 3.395486 16.463033
 30180.000000 -843759.125000 798.628095 3.370600 3.210411 16.588753
 30200.000000 -845244.000000 793.636479 3.367513 3.296419 16.587562
 30220.000000 -845512.812500 794.282909 3.759780 3.469882 16.523836
 30240.000000 -845880.687500 795.147486 3.481956 3.706970 16.469881
 30260.000000 -843925.312500 796.556241 3.308713 3.555695 16.477773
 30280.000000 -843332.062500 797.580661 3.170214 3.578789 16.432790
 30300.000000 -845991.812500 794.611807 3.331970 3.615646 16.480521
 30320.000000 -844657.750000 797.369306 3.172280 3.567156 16.612347
 30340.000000 -844187.687500 797.248448 3.462012 3.534321 16.606074
 30360.000000 -844600.812500 797.055689 3.653691 3.534577 16.639350
 30380.000000 -846832.875000 793.936821 3.237391 3.364420 16.538435
 30400.000000 -844541.937500 795.820846 3.555483 3.358531 16.644682
 30420.000000 -844876.125000 795.984751 3.692808 3.296801 16.474229
 30440.000000 -845889.812500 795.672992 3.571767 3.140569 16.723978
 30460.000000 -844442.875000 795.973240 3.455113 3.230394 16.427394
 30480.000000 -843843.750000 796.009958 3.399852 3.350741 16.299000
 30500.000000 -843445.562500 796.426406 3.443562 3.355649 16.252457
 30520.000000 -846492.562500 796.664065 3.720883 3.382756 16.226586
 30540.000000 -843873.250000 794.743459 3.243131 3.245299 16.461204
 30560.000000 -845920.375000 794.993010 3.350606 3.536820 16.452476
 30580.000000 -844361.187500 795.167442 3.399513 3.371089 16.659686
 30600.000000 -846138.312500 796.711931 3.470420 3.318375 16.519840
 30620.000000 -844863.625000 795.110093 3.343439 3.517256 16.554311
 30640.000000 -842898.562500 796.829871 3.303641 3.309188 16.401386
 30660.000000 -846527.375000 794.023427 3.284809 3.546373 16.356096
 30680.000000 -845608.062500 794.274652 3.259481 3.191359 16.200169
 30700.000000 -845112.250000 795.056409 3.172752 3.076184 16.359220
 30720.000000 -846020.187500 795.804848 3.276128 3.343602 16.738145
 30740.000000 -845948.125000 797.195257 3.362148 3.467543 16.755783
 30760.000000 -845290.312500 794.782767 3.435724 3.394758 16.751377
 30780.000000 -844176.250000 794.959232 3.476345 3.522417 16.808935
 30800.000000 -843661.500000 794.471913 3.437901 3.294223 16.474758
 30820.000000 -841553.875000 797.173956 3.426671 3.339599 16.582530
 30840.000000 -843891.437500 795.076140 3.420812 3.096039 16.658262
 30860.000000 -845103.625000 795.434226 3.384769 3.250198 16.435416
 30880.000000 -845814.812500 791.460243 3.512563 3.486460 16.568195
 30900.000000 -846036.562500 794.290707 3.576136 3.221169 16.710469
 30920.000000 -845253.937500 792.879996 3.418374 3.319810 16.573626
 30940.000000 -844250.437500 796.835222 3.381199 3.625926 16.586548
 30960.000000 -845827.000000 794.304845 3.252500 3.366232 16.621326
 30980.000000 -845143.750000 795.477673 3.401541 3.624490 16.811016
 31000.000000 -844729.062500 795.041427 3.237976 3.722031 16.409595
 31020.000000 -845040.750000 793.512099 3.171773 3.522038 16.457769
 31040.000000 -847435.250000 793.631116 3.288261 3.486931 16.518425
 31060.000000 -843580.062500 795.367291 3.498752 3.821870 16.691375
 31080.000000 -845591.812500 794.288256 3.515882 3.657097 16.615220
 31100.000000 -843908.812500 795.126602 3.422959 3.575055 16.493475
 31120.000000 -845553.375000 796.837580 3.419368 3.545141 16.510278
 31140.000000 -843769.375000 795.554136 3.320465 3.652235 16.596767
 31160.000000 -846514.312500 794.741814 3.184852 3.463087 16.575180
 31180.000000 -846484.375000 792.559408 3.558222 3.496865 16.282618
 31200.000000 -843477.437500 795.016970 3.295278 3.780532 16.304810
 31220.000000 -845338.250000 796.377936 3.360334 3.487030 16.322405
 31240.000000 -844561.687500 795.864180 3.405144 3.370016 16.418626
 31260.000000 -844371.250000 796.087863 3.168191 3.371194 16.286884
 31280.000000 -847050.125000 795.412578 3.366575 3.533561 16.510038
 31300.000000 -844721.375000 796.371970 3.355118 3.363923 16.213466
 31320.000000 -844734.500000 796.070829 3.548280 3.284703 16.830246
 31340.000000 -843556.437500 795.114712 3.615093 3.236337 16.638548
 31360.000000 -847263.375000 792.759758 3.319403 3.221907 16.445347
 31380.000000 -844141.687500 794.199377 3.428109 3.189214 16.519197
 31400.000000 -845091.937500 794.727120 3.332293 3.295418 16.522077
 31420.000000 -845659.750000 795.202087 3.299019 3.421942 16.388599
 31440.000000 -846029.437500 793.799029 2.811255 3.543362 16.544149
 31460.000000 -844100.312500 797.807547 3.204161 3.651519 16.186461
 31480.000000 -844091.187500 793.202059 3.474512 3.413972 16.505824
 31500.000000 -844170.437500 797.250615 3.329141 3.573647 16.445778
 31520.000000 -843265.437500 793.612100 3.480346 3.558700 16.547139
 31540.000000 -846510.312500 795.195046 3.466619 3.269755 16.340227
 31560.000000 -843506.812500 796.724569 3.478032 3.222037 16.558406
 31580.000000 -844900.375000 795.076457 3.481715 3.368948 16.409694
 31600.000000 -844041.812500 794.952715 3.069555 3.209034 16.455227
 31620.000000 -844240.625000 795.988622 3.165892 3.168687 16.732793
 31640.000000 -846008.500000 795.874582 3.342444 3.430796 16.550771
 31660.000000 -845054.687500 793.986543 3.725143 3.239281 16.672932
 31680.000000 -847320.312500 792.955335 3.884197 3.649795 16.462251
 31700.000000 -843929.375000 794.349999 3.739213 3.684942 16.419741
 31720.000000 -845336.562500 795.484834 3.340863 3.378506 16.416705
 31740.000000 -844468.000000 795.964902 3.439623 3.645265 16.395858
 31760.000000 -844809.625000 793.511864 3.235400 3.559827 16.168458
 31780.000000 -845139.625000 794.779837 3.243618 3.294768 16.483483
 31800.000000 -844549.687500 795.095386 3.505091 3.465315 16.425575
 31820.000000 -846495.812500 796.940221 3.668446 3.648672 16.434845
 31840.000000 -844895.812500 794.008446 3.544526 3.477538 16.601067
 31860.000000 -844750.875000 796.215251 3.834560 3.623508 16.779156
 31880.000000 -844310.062500 794.400870 3.666329 3.387256 16.586104
 31900.000000 -845922.312500 795.076232 3.270445 3.377034 16.239258
 31920.000000 -844888.750000 795.063288 3.315933 3.263939 16.160345
 31940.000000 -843804.562500 795.904806 3.450467 3.193013 16.401717
 31960.000000 -843597.187500 795.307182 3.580750 3.303151 16.608422
 31980.000000 -846099.437500 792.753684 3.380914 3.408900 16.442425
 32000.000000 -845471.812500 794.477467 3.437652 3.278839 16.309948
 32020.000000 -843803.437500 794.526769 3.294397 3.355525 16.479159
 32040.000000 -843466.875000 795.655225 3.404123 3.316566 16.551555
 32060.000000 -844114.875000 796.192583 3.486524 3.491907 16.500750
 32080.000000 -846239.687500 792.896510 3.508533 3.578144 16.677689
 32100.000000 -845267.312500 794.332803 3.330454 3.467297 16.643786
 32120.000000 -847779.125000 794.360943 3.259461 3.187343 16.429770
 32140.000000 -844357.375000 795.970045 3.214356 3.346607 16.590902
 32160.000000 -844119.187500 795.475828 3.248101 3.202298 16.460558
 32180.000000 -844638.375000 796.967377 3.268376 3.287674 16.513209
 32200.000000 -846260.062500 791.564576 3.466007 3.754925 16.627506
 32220.000000 -845116.187500 795.546668 3.522567 3.829666 16.725870
 32240.000000 -845475.750000 795.756446 3.364033 3.509671 16.367160
 32260.000000 -842497.625000 795.219677 3.294386 3.178025 16.745643
 32280.000000 -843845.750000 795.800740 3.482548 3.144442 16.222399
 32300.000000 -846637.937500 794.133684 3.225851 3.352331 16.539609
 32320.000000 -844032.625000 795.969606 3.364406 3.371936 16.695270
 32340.000000 -846249.125000 793.508400 3.556537 3.246240 16.397035
 32360.000000 -845616.187500 793.967964 3.575176 3.408045 16.552822
 32380.000000 -845228.750000 795.574602 3.362988 3.257710 16.365261
 32400.000000 -845822.000000 794.880488 3.428417 3.305399 16.474884
 32420.000000 -843785.812500 794.374076 3.570911 3.367393 16.056947
 32440.000000 -844716.375000 793.888473 3.416721 3.313310 16.178427
 32460.000000 -846385.812500 793.018142 3.363887 3.499769 16.589901
 32480.000000 -845831.687500 796.019479 3.354822 3.487342 16.443677
 32500.000000 -846691.750000 792.964499 3.397757 3.326410 16.506478
 32520.000000 -847360.562500 792.494028 3.434377 3.453732 16.386194
 32540.000000 -844541.750000 794.603062 3.328352 3.450370 16.201664
 32560.000000 -842350.875000 798.175810 3.495150 3.358603 16.513000
 32580.000000 -841953.312500 797.878711 3.640294 3.604452 16.429136
 32600.000000 -844839.625000 794.822419 3.664660 3.786175 16.506146
 32620.000000 -843860.250000 796.540074 3.394875 3.749521 16.633127
 32640.000000 -843122.000000 800.877199 3.638895 3.664290 6.848033
 32660.000000 -843196.437500 799.190936 3.818789 3.540269 11.506457
 32680.000000 -844386.187500 798.892148 3.642932 3.651416 14.975667
 32700.000000 -844537.812500 794.733991 3.622481 3.549393 16.014755
 32720.000000 -845535.437500 794.321390 3.288390 3.528562 16.342893
 32740.000000 -846668.125000 794.392744 3.167127 3.547843 16.204613
 32760.000000 -846664.250000 792.082134 3.370612 3.287857 16.257264
 32780.000000 -844680.937500 794.082312 3.260108 3.490129 16.634414
 32800.000000 -846824.625000 794.708570 3.355937 3.622145 16.529182
 32820.000000 -844009.812500 794.606519 3.333266 3.467977 16.475610
 32840.000000 -844165.875000 794.381362 3.648742 3.384320 16.473253
 32860.000000 -844289.500000 794.729693 3.269815 3.629833 16.775181
 32880.000000 -845542.750000 794.727914 3.395169 3.393073 16.438990
 32900.000000 -844964.437500 793.667090 3.582304 3.298618 16.544787
 32920.000000 -843804.812500 794.408438 3.545331 3.674987 16.338679
 32940.000000 -843023.187500 796.456558 3.562949 3.310091 16.443141
 32960.000000 -844857.562500 795.600068 3.273443 3.490842 16.810664
 32980.000000 -845024.062500 795.195398 3.299969 3.495359 16.753803
 33000.000000 -844661.062500 797.114557 3.125316 3.401080 16.827476
 33020.000000 -844411.625000 794.294490 3.091852 3.438706 16.297177
 33040.000000 -845389.312500 794.950446 3.158109 3.447992 16.060064
 33060.000000 -844552.125000 796.656812 3.301119 3.352277 16.232586
 33080.000000 -845308.750000 796.856952 3.223784 3.109534 16.552421
 33100.000000 -845141.187500 795.709130 3.354828 3.491529 16.489789
 33120.000000 -845980.875000 795.627183 3.470084 3.446275 16.268063
 33140.000000 -843452.750000 798.390454 3.183327 3.435584 16.444316
 33160.000000 -844086.437500 794.541286 3.493986 3.538547 16.347071
 33180.000000 -845226.812500 793.812601 3.667531 3.391191 16.131145
 33200.000000 -845673.187500 793.097237 3.817283 3.295088 16.506453
 33220.000000 -844668.500000 795.247463 3.364699 3.614924 16.512355
 33240.000000 -844525.625000 795.230452 3.225564 3.205223 16.276686
 33260.000000 -843830.437500 794.973514 3.376300 3.548318 16.381814
 33280.000000 -845305.562500 794.834944 3.361253 3.565911 16.535337
 33300.000000 -847421.375000 792.272696 3.671366 3.452660 16.557119
 33320.000000 -844940.187500 792.682746 3.313803 3.486397 16.450298
 33340.000000 -845570.812500 795.475437 3.422228 3.355166 16.538595
 33360.000000 -847396.125000 795.969039 3.161202 3.533750 16.506168
 33380.000000 -845530.000000 793.977989 3.456426 4.015187 16.586969
 33400.000000 -845297.187500 796.537523 3.363764 3.960550 16.291560
 33420.000000 -844820.937500 791.591308 3.437029 3.573384 16.373574
 33440.000000 -842880.312500 798.421021 3.393007 3.275302 16.601606
 33460.000000 -844796.500000 795.006727 3.294479 3.570940 16.649703
 33480.000000 -846088.062500 793.311077 3.359309 3.411927 16.296849
 33500.000000 -846043.187500 796.934652 3.346733 3.495508 16.453434
 33520.000000 -844478.062500 797.822994 3.319752 3.537350 16.334718
 33540.000000 -844427.187500 794.422921 3.393584 3.367661 16.724743
 33560.000000 -845571.312500 794.809244 3.429360 3.691699 16.512433
 33580.000000 -843610.750000 796.935480 3.431004 3.119710 16.419659
 33600.000000 -844428.187500 794.292757 3.298123 3.359651 16.211696
 33620.000000 -844717.875000 796.281669 3.710114 3.519841 16.207487
 33640.000000 -846376.500000 791.688757 3.409608 3.375759 16.622860
 33660.000000 -844025.625000 794.975807 3.355283 3.427926 16.653636
 33680.000000 -845173.625000 795.025616 3.646364 3.214570 16.438589
 33700.000000 -844016.062500 795.760913 3.380694 3.290010 16.516930
 33720.000000 -843943.562500 796.181938 3.308469 3.642755 16.578630
 33740.000000 -845052.750000 795.690586 3.088696 3.733388 16.285490
 33760.000000 -843853.750000 794.002372 3.336623 3.520343 16.653039
 33780.000000 -845021.812500 794.805779 3.363396 3.659346 16.368766
 33800.000000 -843743.250000 795.778835 3.564712 3.263509 16.591641
 33820.000000 -844904.312500 794.475636 3.500371 3.306383 16.512293
 33840.000000 -843895.500000 794.991085 3.513347 3.504993 16.474319
 33860.000000 -845124.312500 794.326269 3.550069 3.455667 16.534642
 33880.000000 -844596.375000 795.003570 3.481814 3.320426 16.357572
 33900.000000 -847743.312500 792.645744 3.476626 3.545088 16.195518
 33920.000000 -843670.312500 794.504926 3.375663 3.390656 16.206648
 33940.000000 -846306.500000 792.882152 3.340180 3.364170 16.801572
 33960.000000 -845715.437500 792.347407 3.304304 3.280991 16.662117
 33980.000000 -844374.500000 796.013737 3.600699 3.468313 16.896878
 34000.000000 -843861.625000 794.634561 3.473831 3.346676 16.620343
 34020.000000 -844738.812500 795.356700 3.554304 3.491174 16.571053
 34040.000000 -843804.750000 795.104410 3.372896 3.349450 16.701174
 34060.000000 -846446.625000 795.350237 3.451677 3.222003 16.726090
 34080.000000 -844746.250000 793.618276 3.258656 3.569287 16.656850
 34100.000000 -844624.812500 796.309040 3.426914 3.695208 16.560863
 34120.000000 -844728.812500 794.219782 3.394700 3.248230 16.372264
 34140.000000 -845543.312500 795.625492 3.515263 3.351646 16.558569
 34160.000000 -844504.937500 796.317520 3.430089 3.356695 16.529651
 34180.000000 -844378.062500 794.697151 3.271472 3.529853 16.259529
 34200.000000 -844279.687500 796.624871 3.457676 3.379782 16.682103
 34220.000000 -845099.812500 795.732629 3.379698 3.615845 16.826428
 34240.000000 -845185.312500 792.709680 3.608098 3.454796 16.729580
 34260.000000 -844494.375000 794.653330 3.736063 3.550544 16.578596
 34280.000000 -845952.000000 795.028961 3.535521 3.412253 16.425329
 34300.000000 -844512.375000 797.013653 3.505203 3.384995 16.615941
 34320.000000 -844609.750000 795.040768 3.410797 3.523404 16.169344
 34340.000000 -846570.875000 795.670728 3.343461 3.561659 16.320487
 34360.000000 -846027.062500 793.319446 3.530938 3.396911 16.561402
 34380.000000 -845219.375000 795.199268 3.776507 3.260337 16.555421
 34400.000000 -842502.375000 795.139672 3.517765 3.360487 16.380952
 34420.000000 -844548.562500 797.654656 3.649112 3.645935 16.429745
 34440.000000 -843403.875000 796.690409 3.304625 3.476398 16.420583
 34460.000000 -846766.812500 793.904502 3.232627 3.570221 16.525773
 34480.000000 -844031.687500 796.480502 3.489297 3.616460 16.083384
 34500.000000 -844867.312500 797.645249 3.411675 3.534912 16.377623
 34520.000000 -844471.437500 795.370319 3.250031 3.339454 16.517147
 34540.000000 -846093.750000 796.047699 3.387039 3.162228 16.593018
 34560.000000 -844912.375000 796.575084 3.451582 3.324781 16.637886
 34580.000000 -845246.187500 795.030227 3.527722 3.213190 16.547848
 34600.000000 -845515.500000 793.691742 3.697964 3.142041 16.573800
 34620.000000 -844136.500000 797.108520 3.493697 3.488062 16.473482
 34640.000000 -844855.750000 796.279503 3.507377 3.493890 16.170843
 34660.000000 -843770.812500 796.270115 3.497351 3.456521 16.052741
 34680.000000 -845415.875000 793.377680 3.375360 3.679931 16.383075
 34700.000000 -843928.875000 794.859209 3.564982 3.403227 16.466857
 34720.000000 -846715.750000 793.383020 3.294085 3.225925 16.239649
 34740.000000 -844326.250000 794.745336 3.271841 3.086795 16.373880
 34760.000000 -845113.937500 794.817451 3.187291 3.503683 16.595011
 34780.000000 -843608.187500 798.416489 3.278289 3.288631 16.411082
 34800.000000 -845085.312500 794.473722 3.728138 3.230667 16.442610
 34820.000000 -846060.000000 794.478250 3.476401 3.294954 16.465106
 34840.000000 -844025.437500 791.691737 3.629421 3.569205 16.459349
 34860.000000 -843688.875000 795.819438 3.167771 3.505451 16.759178
 34880.000000 -845830.375000 795.078147 2.982621 3.253589 16.393027
 34900.000000 -843891.125000 794.915908 3.209912 3.473351 16.421774
 34920.000000 -845235.062500 794.769259 3.461765 3.303884 16.606367
 34940.000000 -845403.937500 794.377483 3.461471 3.327752 16.516263
 34960.000000 -844262.625000 796.500141 3.581117 3.085597 16.401181
 34980.000000 -845324.062500 793.174766 3.499486 2.997750 16.183074
 35000.000000 -845167.937500 794.907723 3.291142 3.536773 16.440215
 35020.000000 -845878.937500 794.276443 3.150186 3.556917 16.213152
 35040.000000 -845796.937500 794.243363 3.271354 3.299465 16.326290
 35060.000000 -844670.000000 796.368456 3.535151 3.478049 16.256287
 35080.000000 -845501.625000 794.094276 3.457305 3.458384 16.501865
 35100.000000 -846843.812500 794.394848 3.372148 3.393303 16.728536
 35120.000000 -845494.875000 795.134590 3.520561 3.220550 16.461344
 35140.000000 -844862.500000 794.283773 3.791113 3.610055 16.542851
 35160.000000 -841957.500000 796.975217 3.680482 3.460969 16.638768
 35180.000000 -845428.312500 793.797957 3.338578 3.103660 16.635177
 35200.000000 -842408.125000 798.237315 3.122117 3.451709 16.649165
 35220.000000 -845320.375000 794.761481 3.367213 3.393636 16.602604
 35240.000000 -843624.562500 794.947723 3.585054 3.352670 16.503274
 35260.000000 -844224.625000 795.311330 3.186829 3.355418 16.843510
 35280.000000 -846633.687500 794.579790 3.534405 3.377111 16.886178
 35300.000000 -845067.937500 792.326371 3.430991 3.504579 16.493564
 35320.000000 -844562.312500 795.066900 3.329269 3.482280 16.736154
 35340.000000 -847037.812500 793.823340 3.328540 3.405573 16.662528
 35360.000000 -844781.500000 795.775270 3.190413 3.495205 16.596928
 35380.000000 -844600.625000 795.341118 3.559389 3.700784 16.417491
 35400.000000 -844913.562500 795.009646 3.683737 3.693681 16.188030
 35420.000000 -846678.875000 796.235120 3.261075 3.217385 16.411164
 35440.000000 -846889.437500 792.482093 3.430502 3.342431 16.610661
 35460.000000 -844956.875000 795.239499 3.282556 3.561497 16.336592
 35480.000000 -844580.500000 793.972995 3.676469 3.257700 16.423503
 35500.000000 -846869.312500 793.723456 3.672157 3.680856 16.402156
 35520.000000 -844661.125000 793.317471 3.128391 3.680754 16.488741
 35540.000000 -843470.750000 793.755897 3.070385 3.424819 16.457094
 35560.000000 -843968.687500 795.519782 3.274794 3.396310 16.451425
 35580.000000 -844121.062500 795.240997 3.182587 3.575478 16.414612
 35600.000000 -844430.250000 796.886829 3.249931 3.315559 16.489233
 35620.000000 -844648.312500 796.203765 3.263702 3.202363 16.503430
 35640.000000 -844949.875000 795.477783 3.489460 3.249970 16.434086
 35660.000000 -846522.437500 795.115964 3.414736 3.412282 16.460067
 35680.000000 -845832.625000 793.532533 3.502065 3.304555 16.506852
 35700.000000 -847531.187500 790.715016 3.470113 3.084518 16.658264
 35720.000000 -845535.812500 795.344121 3.605271 3.231748 16.514193
 35740.000000 -844742.375000 797.560296 3.544906 3.112177 16.489451
 35760.000000 -844244.375000 794.359499 3.321018 2.765118 16.517086
 35780.000000 -845159.812500 797.229101 3.431454 3.174512 16.498363
 35800.000000 -845344.000000 796.121296 3.369136 3.291900 16.297973
 35820.000000 -844514.375000 794.809245 3.613574 3.601330 16.346374
 35840.000000 -846811.562500 793.676559 3.566267 3.442392 16.718429
 35860.000000 -844872.750000 792.139680 3.773791 3.646099 16.530201
 35880.000000 -844282.250000 794.506263 3.626400 3.760749 16.361079
 35900.000000 -845585.000000 793.777105 3.422718 3.651595 16.617998
 35920.000000 -842705.125000 795.979106 3.234024 3.564632 16.627946
 35940.000000 -846432.187500 793.414647 3.352886 3.416867 16.641476
 35960.000000 -846641.187500 794.093686 3.176133 3.388291 16.460074
 35980.000000 -843800.312500 797.210315 3.084160 3.521406 16.646143
 36000.000000 -845647.187500 793.266582 3.008666 3.607122 16.585762
 36020.000000 -845697.437500 798.098943 2.971684 3.385525 16.289789
 36040.000000 -843919.062500 794.369872 3.115318 3.206250 16.532478
 36060.000000 -845021.125000 795.394333 3.346020 3.435471 16.397836
 36080.000000 -844064.062500 797.415211 3.694313 3.493919 16.512350
 36100.000000 -843704.937500 796.428080 3.358387 3.470489 16.308740
 36120.000000 -844496.937500 797.830881 3.451919 3.572448 16.318300
 36140.000000 -847151.062500 792.956715 3.422867 3.425948 16.434825
 36160.000000 -844400.375000 794.802849 3.541079 3.292912 16.275695
 36180.000000 -845357.625000 795.556749 3.458036 3.432965 16.290857
 36200.000000 -844069.812500 796.278316 3.257171 3.531111 16.350539
 36220.000000 -845716.687500 794.146875 3.716964 3.489613 16.634439
 36240.000000 -842969.062500 796.882661 3.656557 3.543020 16.689095
 36260.000000 -845374.437500 796.423399 3.385753 3.503769 16.586139
 36280.000000 -844457.312500 796.899894 3.268873 3.593376 16.468262
 36300.000000 -844276.937500 796.989191 3.374428 3.508346 16.470264
 36320.000000 -844845.437500 794.349217 3.433999 3.395432 16.504478
 36340.000000 -845809.375000 796.344512 3.422699 3.288821 16.694849
 36360.000000 -844194.187500 794.527313 3.556807 3.381847 16.717828
 36380.000000 -845889.062500 796.079794 3.341899 3.465936 16.668614
 36400.000000 -843043.875000 796.384661 3.495423 3.486507 16.475125
 36420.000000 -845075.750000 794.803213 3.517964 3.599488 16.481301
 36440.000000 -843737.187500 795.437504 3.401872 3.728496 16.430380
 36460.000000 -844712.687500 795.801033 3.432635 3.594668 16.521527
 36480.000000 -844036.125000 797.514066 3.595644 3.472690 16.382101
 36500.000000 -844456.687500 795.358248 3.521055 3.414344 16.291382
 36520.000000 -844625.875000 796.663714 3.752364 3.527467 16.308204
 36540.000000 -844637.625000 795.061343 3.549966 3.533176 16.297866
 36560.000000 -844881.187500 794.832381 3.478850 3.379798 16.530424
 36580.000000 -843798.062500 798.080988 3.448521 3.359076 16.547767
 36600.000000 -843389.000000 796.720028 3.515181 3.276896 16.425544
 36620.000000 -844410.625000 797.312032 3.207529 3.278038 16.417592
 36640.000000 -844408.312500 795.811700 3.255280 3.304307 16.432189
 36660.000000 -845318.687500 795.406567 3.303535 3.411291 16.641404
 36680.000000 -845223.875000 794.144009 3.272787 3.258563 16.453091
 36700.000000 -844659.625000 794.520139 3.287682 3.229052 16.404243
 36720.000000 -846560.875000 793.548941 3.240275 3.601222 16.470754
 36740.000000 -845744.375000 796.543292 3.564193 3.453631 16.790916
 36760.000000 -844834.937500 798.335092 3.295177 3.352248 16.729268
 36780.000000 -845643.562500 793.986266 3.329403 3.445390 16.314722
 36800.000000 -845667.625000 794.745401 3.403535 3.464589 16.157069
 36820.000000 -844594.812500 795.046430 3.483847 3.430478 16.310613
 36840.000000 -844554.875000 797.521499 3.491278 3.460547 16.205325
 36860.000000 -843162.125000 793.990333 3.284345 3.293734 16.581687
 36880.000000 -845042.562500 795.891857 3.328508 3.172645 16.769490
 36900.000000 -845663.250000 797.496525 3.320441 3.454533 16.624741
 36920.000000 -844967.187500 794.201992 3.742740 3.362002 16.365217
 36940.000000 -844781.875000 795.118240 3.632004 3.511177 16.127216
 36960.000000 -846346.125000 796.240201 3.577710 3.650866 16.430993
 36980.000000 -843771.750000 797.573326 3.449286 3.484391 16.582352
 37000.000000 -844810.937500 793.677239 3.323730 3.335099 16.313438
 37020.000000 -845836.312500 795.004273 3.166039 3.376101 16.213998
 37040.000000 -845152.875000 796.524257 3.192682 3.234749 16.244232
 37060.000000 -844528.000000 795.339193 3.359313 3.193872 16.383519
 37080.000000 -844739.875000 792.714536 3.415243 3.087406 16.488012
 37100.000000 -845950.687500 794.446316 3.200558 3.237922 16.445180
 37120.000000 -845982.000000 795.577001 3.350142 3.212347 16.706952
 37140.000000 -843602.812500 795.725743 3.088311 3.323492 16.596655
 37160.000000 -843490.937500 796.532032 3.657317 3.690145 16.250657
 37180.000000 -844146.375000 795.159633 3.436021 3.445903 16.412495
 37200.000000 -845537.000000 795.437344 3.617128 3.516530 16.469134
 37220.000000 -842537.125000 795.721355 3.687372 3.697824 16.260094
 37240.000000 -845278.750000 795.534721 3.162774 3.329631 16.180981
 37260.000000 -844971.437500 796.435366 3.267249 3.133320 16.609307
 37280.000000 -842586.562500 796.157696 3.409860 3.442524 16.356439
 37300.000000 -845172.125000 794.107358 3.480677 3.501891 16.347001
 37320.000000 -844933.812500 793.586214 3.152797 3.673313 16.584499
 37340.000000 -845560.062500 794.614007 3.136245 3.332885 16.505497
 37360.000000 -844702.375000 791.702585 3.300500 3.488891 16.571498
 37380.000000 -844162.187500 794.985538 3.509483 3.457762 16.361432
 37400.000000 -846023.625000 794.859944 3.451806 3.236474 16.213491
 37420.000000 -845634.250000 794.120032 3.639824 3.254813 16.371600
 37440.000000 -844900.375000 793.982917 3.337034 3.386989 16.544371
 37460.000000 -842155.250000 796.504013 3.583888 3.455769 16.561926
 37480.000000 -846362.562500 794.976535 3.366961 3.248552 16.557786
 37500.000000 -844200.000000 793.970391 3.443294 3.430530 16.446330
 37520.000000 -844675.812500 793.897692 3.462800 3.759492 16.464276
 37540.000000 -845441.125000 795.147492 3.427209 3.326565 16.530217
 37560.000000 -843757.062500 793.059179 3.643367 3.406878 16.395069
 37580.000000 -845599.562500 795.102225 3.529927 3.301174 16.351495
 37600.000000 -844735.062500 797.264136 3.269727 3.454409 16.330107
 37620.000000 -844716.437500 796.897085 3.155434 3.471298 16.305018
 37640.000000 -843489.500000 795.341874 3.308410 3.309084 16.340808
 37660.000000 -844380.562500 793.738854 3.163168 3.257822 16.507639
 37680.000000 -845778.687500 797.045636 3.307031 3.202385 16.582800
 37700.000000 -846264.125000 793.440888 3.320790 3.299301 16.504169
 37720.000000 -846585.875000 792.163566 3.182194 3.224598 16.430574
 37740.000000 -844834.625000 794.263387 3.470844 3.043184 16.627435
 37760.000000 -847008.312500 794.300838 3.517977 3.242852 16.581813
 37780.000000 -844188.250000 793.497967 3.371366 3.457835 16.521815
 37800.000000 -845090.062500 796.800382 3.186333 3.283181 16.697642
 37820.000000 -844886.375000 793.354777 3.157046 3.213601 16.639397
 37840.000000 -843495.187500 800.423846 2.816890 3.358855 6.457633
 37860.000000 -842725.250000 795.844330 3.493967 3.146290 12.445508
 37880.000000 -844961.750000 795.193686 3.377206 3.347746 15.265326
 37900.000000 -845037.562500 796.264518 3.373826 3.349353 15.937896
 37920.000000 -843958.312500 796.559335 3.009001 3.452139 16.072342
 37940.000000 -846048.937500 794.452694 3.484974 3.504752 16.354409
 37960.000000 -842923.062500 796.207031 3.246227 3.462565 16.503286
 37980.000000 -844444.312500 794.750242 3.507248 3.417980 16.860370
 38000.000000 -844978.500000 794.997540 3.309620 3.376812 16.514182
 38020.000000 -845909.687500 796.149265 3.669404 3.300492 16.519085
 38040.000000 -844752.625000 796.161362 3.417226 3.274725 16.405699
 38060.000000 -843637.250000 796.425900 3.333959 3.422638 16.435582
 38080.000000 -843715.062500 797.029291 3.113189 3.778451 16.644653
 38100.000000 -845635.062500 795.115718 3.260441 3.460853 16.291413
 38120.000000 -846419.562500 794.351935 3.482487 3.460441 16.349820
 38140.000000 -845193.000000 793.106445 3.436562 3.441884 16.539563
 38160.000000 -846037.312500 795.019971 3.324801 3.430771 16.694069
 38180.000000 -844126.000000 797.423723 3.283151 3.529899 16.567860
 38200.000000 -844683.812500 795.660121 3.114917 3.347823 16.536279
 38220.000000 -844497.375000 796.933577 3.164819 3.742432 16.535675
 38240.000000 -844757.437500 792.915855 3.239823 3.275675 16.695977
 38260.000000 -844832.000000 796.095502 3.263844 3.482823 16.760726
 38280.000000 -846008.312500 794.910858 3.397156 3.461559 16.674307
 38300.000000 -845952.250000 792.533113 3.183146 3.520610 16.714095
 38320.000000 -843708.062500 795.451021 3.342458 3.304027 16.609576
 38340.000000 -842994.375000 795.518892 3.138303 3.534079 16.593664
 38360.000000 -843499.250000 795.275041 3.224010 3.509017 16.734743
 38380.000000 -845294.875000 794.928204 3.558861 3.317145 16.700931
 38400.000000 -845506.750000 793.907106 3.548572 3.393236 16.588935
 38420.000000 -844989.187500 796.998235 3.694124 3.491239 16.717909
 38440.000000 -842482.375000 796.901140 3.294847 3.568666 16.676972
 38460.000000 -843850.437500 795.833054 3.359330 3.278011 16.608517
 38480.000000 -843232.375000 795.013157 3.306316 3.469457 16.504968
 38500.000000 -844537.562500 795.708291 3.408764 3.485256 16.308708
 38520.000000 -845663.562500 795.847754 3.369097 3.195524 16.434759
 38540.000000 -845780.437500 796.479107 3.316770 3.167247 16.463043
 38560.000000 -846130.062500 795.624704 3.387705 3.006370 16.488552
 38580.000000 -844377.125000 797.256267 3.395508 3.530482 16.753438
 38600.000000 -843479.437500 797.417422 3.605414 3.653081 16.520456
 38620.000000 -845037.375000 795.437936 3.602890 3.411898 16.736544
 38640.000000 -844920.687500 797.464645 3.396873 3.559803 16.782677
 38660.000000 -843436.187500 796.387756 3.199851 3.504598 16.418959
 38680.000000 -844189.375000 796.767257 3.427129 3.141634 16.414871
 38700.000000 -845214.187500 795.218691 3.557576 3.455865 16.715620
 38720.000000 -843843.375000 795.932225 3.525165 3.498423 16.450422
 38740.000000 -844887.937500 794.013926 3.688978 3.370717 16.569177
 38760.000000 -844645.187500 794.283934 3.237782 3.814464 16.782868
 38780.000000 -845106.500000 793.683817 3.242459 3.433674 16.677266
 38800.000000 -844027.312500 793.722202 2.962086 3.362407 16.552416
 38820.000000 -842931.812500 797.283695 3.217897 3.428923 16.353816
 38840.000000 -845736.625000 793.243891 3.514282 3.550409 16.471826
 38860.000000 -845092.687500 794.465360 3.444578 3.389140 17.093624
 38880.000000 -842555.125000 800.362224 3.219740 2.880943 10.691017
 38900.000000 -845570.625000 797.381260 3.362522 2.713657 14.514555
 38920.000000 -845348.437500 795.081413 3.624694 3.571777 15.717572
 38940.000000 -845957.187500 795.275635 3.776565 3.455273 16.312639
 38960.000000 -844028.875000 793.849860 3.792353 3.261099 16.574618
 38980.000000 -845444.687500 794.293187 3.484628 3.318317 16.547678
 39000.000000 -845390.375000 796.085900 3.167483 3.516093 16.539253
 39020.000000 -844382.750000 797.888689 3.444203 3.136641 16.530948
 39040.000000 -846783.312500 796.359868 3.360735 3.288727 16.619689
 39060.000000 -844228.500000 795.013507 3.308770 3.273704 16.495093
 39080.000000 -845035.062500 795.309546 3.494832 3.499701 16.564207
 39100.000000 -846384.062500 795.288278 3.439332 3.438361 16.401359
 39120.000000 -843833.312500 794.274199 3.107785 3.346901 16.459216
 39140.000000 -846416.562500 795.434299 3.197437 3.413663 16.463768
 39160.000000 -842707.875000 797.087684 3.378786 3.223290 16.552926
 39180.000000 -847475.312500 795.081441 3.464280 3.465195 16.766401
 39200.000000 -843262.250000 798.215664 3.720843 3.936604 5.378425
 39220.000000 -842021.437500 800.995163 3.643245 3.661543 11.179529
 39240.000000 -843539.500000 798.626229 3.445738 3.455186 14.712268
 39260.000000 -843327.062500 797.023636 3.405322 3.312554 16.199688
 39280.000000 -844743.187500 796.916314 3.249385 3.473792 16.305375
 39300.000000 -844444.437500 797.779702 3.277191 3.390045 16.336849
 39320.000000 -845054.500000 794.080607 3.691814 3.388566 16.449357
 39340.000000 -845397.750000 795.231229 3.558845 3.241378 16.757205
 39360.000000 -844079.062500 796.949916 3.486377 3.465982 16.468029
 39380.000000 -842486.687500 798.633434 3.200005 3.686368 16.503376
 39400.000000 -844608.875000 794.197088 3.285353 3.519959 16.558018
 39420.000000 -845265.187500 795.352660 3.261417 3.257318 16.587966
 39440.000000 -845817.062500 794.774256 3.514325 3.455104 16.700197
 39460.000000 -846011.312500 794.264371 3.519387 3.307586 16.662831
 39480.000000 -845427.812500 793.882243 3.287151 3.425671 16.608556
 39500.000000 -845078.625000 794.930257 3.579042 3.550666 16.497650
 39520.000000 -845423.500000 794.818678 3.485617 3.432943 16.481335
 39540.000000 -844115.187500 796.004703 3.526547 3.278087 16.424806
 39560.000000 -845860.750000 796.110976 3.314116 3.564401 16.463116
 39580.000000 -846621.125000 793.816067 3.498982 3.242685 16.519093
 39600.000000 -845580.750000 794.393003 3.420023 3.549008 16.718916
 39620.000000 -844460.625000 794.122059 3.386046 3.439026 16.779277
 39640.000000 -842517.812500 801.276395 3.497630 3.938591 7.661616
 39660.000000 -843215.562500 803.139179 3.324026 3.663446 11.803391
 39680.000000 -843600.937500 795.122713 3.448194 3.228874 14.667051
 39700.000000 -842275.375000 798.787652 3.420012 3.537204 15.874067
 39720.000000 -846070.750000 795.633684 3.308883 3.458000 16.203571
 39740.000000 -844760.062500 794.237064 3.593281 3.236580 16.239888
 39760.000000 -847274.937500 794.370771 3.410476 3.366388 16.395367
 39780.000000 -843419.125000 794.785421 3.365190 3.412682 16.475770
 39800.000000 -844409.062500 795.389561 3.308234 3.351661 16.315912
 39820.000000 -844140.812500 794.488370 3.232119 3.449963 16.302265
 39840.000000 -843411.125000 793.443859 3.260520 3.325996 16.370498
 39860.000000 -843676.437500 794.641838 3.468629 3.185125 16.250773
 39880.000000 -844004.437500 795.411047 3.253971 3.380657 16.587857
 39900.000000 -844274.312500 793.835366 3.419708 3.277072 16.748199
 39920.000000 -846123.250000 795.864390 3.273594 3.440003 16.596098
 39940.000000 -844159.500000 796.476009 3.077133 3.406403 16.322732
 39960.000000 -844592.187500 793.042706 3.172111 3.283098 16.367035
 39980.000000 -843421.562500 795.346516 3.243051 3.670032 16.447411
 40000.000000 -845344.812500 794.215461 3.395319 3.371978 16.869820
 40020.000000 -844182.250000 791.975585 3.208442 3.709941 16.467833
 40040.000000 -844317.687500 794.366212 3.137857 3.418971 16.567937
 40060.000000 -846317.375000 792.587156 3.030980 3.353003 16.512415
 40080.000000 -845660.437500 794.857644 3.362656 3.504347 16.543535
 40100.000000 -845426.625000 794.418065 3.497047 3.381551 16.324782
 40120.000000 -844865.062500 795.294538 3.146124 3.130987 16.571902
 40140.000000 -845822.750000 794.661604 3.299070 3.305501 16.409502
 40160.000000 -845103.875000 796.093792 3.196008 3.447608 16.337824
 40180.000000 -844480.062500 793.975935 3.425141 3.043557 16.231125
 40200.000000 -844701.062500 795.669178 3.371246 3.529240 16.434892
 40220.000000 -844173.625000 792.359641 3.334242 3.331277 16.686094
 40240.000000 -845399.875000 795.178058 3.517519 3.160172 16.489389
 40260.000000 -845153.000000 797.407865 3.493438 3.491438 16.393907
 40280.000000 -845210.937500 795.420405 3.379696 3.336042 16.534286
 40300.000000 -845173.937500 792.757706 3.645850 3.421749 16.377530
 40320.000000 -845266.937500 795.657591 3.339226 3.355690 16.504089
 40340.000000 -844786.250000 794.635173 3.579050 3.625547 16.529650
 40360.000000 -843397.562500 794.031656 3.478953 3.413136 16.653173
 40380.000000 -843590.250000 795.002504 3.364173 3.369098 16.519553
 40400.000000 -844378.312500 794.500767 3.650333 3.429532 16.326367
 40420.000000 -843402.375000 797.803563 3.692421 3.112523 16.674923
 40440.000000 -843594.937500 796.016624 3.149799 3.323353 16.551420
 40460.000000 -844610.750000 793.334984 3.168834 3.479728 16.314718
 40480.000000 -845395.812500 794.515034 3.384512 3.349155 16.476561
 40500.000000 -844689.687500 794.366760 3.588707 3.524848 16.575876
 40520.000000 -845107.625000 795.246261 3.431287 3.654918 16.739185
 40540.000000 -844719.625000 795.827503 3.387559 3.351204 16.666399
 40560.000000 -844175.437500 796.120856 3.747653 3.266789 16.757578
 40580.000000 -845149.000000 791.701511 3.346689 3.185804 16.742110
 40600.000000 -842768.625000 794.859902 3.458076 3.210525 16.592486
 40620.000000 -845100.500000 794.596994 3.263234 3.302229 16.474392
 40640.000000 -843550.250000 798.197793 3.384381 3.346945 16.357926
 40660.000000 -845440.812500 793.047992 3.408327 3.058701 16.303718
 40680.000000 -843998.437500 795.006198 3.513837 3.406977 16.472610
 40700.000000 -846055.125000 793.178100 3.425539 3.465406 16.660267
 40720.000000 -843998.750000 794.451276 3.033560 3.525956 16.542999
 40740.000000 -843328.437500 794.686261 3.342072 3.531795 16.389517
 40760.000000 -844673.062500 796.897942 3.256818 3.392776 16.331090
 40780.000000 -845101.000000 795.887421 3.182195 3.700197 16.282715
 40800.000000 -844852.625000 797.164821 3.294824 3.417956 16.640668
 40820.000000 -845284.812500 796.253970 3.405784 3.137004 16.468263
 40840.000000 -842893.000000 795.304510 3.514270 3.232039 16.150058
 40860.000000 -844699.562500 795.496733 3.267743 3.512505 16.525918
 40880.000000 -843536.062500 794.532726 3.206723 3.474138 16.602464
 40900.000000 -844088.187500 797.349198 3.461835 3.781186 16.653456
 40920.000000 -843881.437500 794.819407 3.580594 3.186304 16.553750
 40940.000000 -843720.250000 796.268341 3.224327 3.312670 16.532055
 40960.000000 -845218.437500 796.028959 3.279888 3.400954 16.597945
 40980.000000 -845638.125000 795.797978 3.421429 3.660824 16.434786
 41000.000000 -846269.500000 794.155699 3.209494 3.692071 16.337630
 41020.000000 -845486.437500 793.710267 3.441170 3.513839 16.676668
 41040.000000 -843598.937500 793.897335 3.448028 3.333874 16.724825
 41060.000000 -844996.125000 794.878995 3.314530 3.345925 16.615197
 41080.000000 -846308.937500 795.544191 3.323271 3.402019 16.418688
 41100.000000 -844735.375000 795.951746 3.511296 3.343173 16.364563
 41120.000000 -844541.812500 795.260965 3.323010 3.137082 16.538481
 41140.000000 -844825.812500 794.668958 3.448429 3.275872 16.553136
 41160.000000 -846554.937500 795.400215 3.324196 3.324873 16.656996
 41180.000000 -844845.000000 796.680164 3.307506 3.428072 16.438537
 41200.000000 -846612.437500 793.169134 3.144319 3.501715 16.409493
 41220.000000 -843628.000000 796.771765 3.116600 3.613267 16.474883
 41240.000000 -843182.875000 797.608619 3.447631 3.579259 16.578745
 41260.000000 -846005.625000 795.359869 3.608904 3.113236 16.800705
 41280.000000 -847238.937500 794.027060 3.585031 3.151675 16.854207
 41300.000000 -846027.062500 794.793135 3.297181 3.265788 16.550121
 41320.000000 -843731.000000 794.090837 3.306135 3.209810 16.447556
 41340.000000 -845230.500000 797.901998 3.127891 3.170364 16.370510
 41360.000000 -844878.375000 798.001263 3.228298 3.074419 16.409143
 41380.000000 -844691.187500 797.038324 3.183804 3.288381 16.451162
 41400.000000 -846017.125000 797.216059 3.479823 3.444114 16.617281
 41420.000000 -845573.812500 794.513244 3.510808 3.243821 16.438943
 41440.000000 -843944.437500 797.579978 3.569849 3.053726 16.745641
 41460.000000 -846836.687500 796.875303 3.406037 3.239657 16.529688
 41480.000000 -847078.062500 796.638593 3.176515 3.334547 16.377592
 41500.000000 -845394.000000 796.473894 3.145280 3.354581 16.661264
 41520.000000 -845764.750000 795.906399 3.385739 3.162139 16.566513
 41540.000000 -844988.312500 796.346531 3.249750 3.400556 16.618415
 41560.000000 -845310.437500 796.118695 3.100879 3.321439 16.629805
 41580.000000 -844356.375000 795.227822 3.450420 3.435632 16.723079
 41600.000000 -845021.875000 798.894058 3.602951 3.516387 16.355519
 41620.000000 -845342.500000 796.405714 3.314160 3.407865 16.506255
 41640.000000 -843569.312500 794.935881 3.226672 3.399926 16.474683
 41660.000000 -846169.625000 795.297566 3.479790 3.547445 16.735181
 41680.000000 -843735.750000 795.631244 3.188770 3.626944 16.343328
 41700.000000 -844707.937500 795.917519 3.286779 3.477291 16.384251
 41720.000000 -845107.687500 795.589017 3.522654 3.270497 16.229534
 41740.000000 -845074.375000 794.994987 3.472100 3.328327 16.631668
 41760.000000 -845132.125000 794.869639 3.473247 3.101629 16.454318
 41780.000000 -844605.500000 792.939877 3.457739 3.342453 16.790199
 41800.000000 -843150.062500 794.551230 3.371505 3.373925 16.648000
 41820.000000 -845799.500000 796.114539 3.121106 3.282302 16.537396
 41840.000000 -845045.875000 792.015384 3.512546 3.203232 16.546881
 41860.000000 -843893.812500 793.933851 3.640090 3.147809 16.476253
 41880.000000 -845067.937500 795.706341 3.378806 3.594910 16.579223
 41900.000000 -842747.375000 798.034487 3.365540 3.525549 16.703572
 41920.000000 -843900.125000 796.864778 3.493787 3.606127 16.752963
 41940.000000 -845880.187500 794.820455 3.193563 3.417865 16.609474
 41960.000000 -844124.625000 794.747741 3.197967 3.519767 16.393320
 41980.000000 -842477.812500 795.658293 3.632235 3.506620 16.180095
 42000.000000 -842233.687500 798.104068 3.450478 3.579515 16.249332
 42020.000000 -844407.812500 797.492295 3.371015 3.362431 16.394443
 42040.000000 -843022.375000 798.698152 3.076637 3.079991 16.606633
 42060.000000 -844551.812500 795.035144 3.240856 3.472184 16.439318
 42080.000000 -845391.687500 794.868276 3.292354 3.829819 16.533452
 42100.000000 -845269.000000 793.944135 3.259400 3.408184 16.620302
 42120.000000 -845650.625000 792.482819 3.403405 3.406896 16.619805
 42140.000000 -845210.625000 793.660581 3.285508 3.218718 16.455710
 42160.000000 -844782.437500 794.768725 3.260460 3.232593 16.557551
 42180.000000 -844941.812500 794.694353 3.541720 3.592462 16.284759
 42200.000000 -845374.125000 794.794572 3.704668 3.374515 16.293842
 42220.000000 -845707.437500 794.873779 3.449358 3.344166 16.393617
 42240.000000 -843465.437500 797.506467 3.478884 3.433679 16.153554
 42260.000000 -844499.562500 794.796786 3.366812 3.616489 16.444194
 42280.000000 -844468.437500 794.281156 3.494661 3.462476 16.132529
 42300.000000 -844938.750000 797.964892 3.361334 3.338394 16.526606
 42320.000000 -845527.437500 793.791487 3.474606 3.373376 16.673653
 42340.000000 -844461.125000 795.587407 3.594593 3.567915 16.395677
 42360.000000 -846341.562500 795.424169 3.450581 3.408025 16.494864
 42380.000000 -845915.000000 795.024163 3.640329 3.442463 16.541804
 42400.000000 -847480.000000 794.115058 3.533363 3.495399 16.527475
 42420.000000 -844132.500000 795.415810 3.220142 3.332009 16.623020
 42440.000000 -843544.812500 796.113382 3.193446 3.660946 16.692811
 42460.000000 -845527.312500 795.448994 3.242238 3.093589 16.488865
 42480.000000 -843667.750000 794.959670 3.401752 3.305656 16.486370
 42500.000000 -843571.312500 792.279145 3.487877 3.252475 16.318793
 42520.000000 -843369.375000 795.082303 3.409569 3.369308 16.370472
 42540.000000 -843719.812500 795.789591 3.087101 3.335705 16.516896
 42560.000000 -845081.562500 794.425100 3.331308 3.555593 16.374979
 42580.000000 -844905.750000 796.718801 3.417502 3.381458 16.336891
 42600.000000 -845266.062500 794.746372 3.293856 3.364554 16.315798
 42620.000000 -846599.562500 794.913856 3.423359 3.620389 16.516253
 42640.000000 -843852.000000 795.914931 3.183209 3.490657 16.463466
 42660.000000 -843416.375000 796.308350 3.570557 3.368583 16.579553
 42680.000000 -845012.062500 796.276392 3.530616 3.449480 16.492320
 42700.000000 -844608.687500 794.695457 3.426696 3.417651 16.392721
 42720.000000 -845672.875000 795.148419 3.362168 3.136219 16.410145
 42740.000000 -844893.812500 796.437546 3.432739 3.212247 16.307703
 42760.000000 -844410.000000 796.531392 3.498669 3.355152 16.409210
 42780.000000 -844298.125000 793.768010 3.374610 3.349118 16.386441
 42800.000000 -844539.812500 793.970118 3.353216 3.662702 16.372791
 42820.000000 -842529.000000 795.568800 3.305422 3.522254 16.547626
 42840.000000 -846002.500000 794.564007 3.385823 3.311500 16.626588
 42860.000000 -845825.812500 793.551633 3.393819 3.196031 16.412064
 42880.000000 -846343.125000 796.339989 3.589671 3.314285 16.171622
 42900.000000 -844667.625000 795.153826 3.500166 3.172436 16.485046
 42920.000000 -844883.062500 795.933315 3.553156 3.331745 16.341898
 42940.000000 -844645.312500 793.584891 3.292865 3.510595 16.720985
 42960.000000 -847343.000000 795.511882 3.257605 3.518150 16.547701
 42980.000000 -846197.875000 794.765005 3.227281 3.536307 16.534612
 43000.000000 -845523.125000 794.346196 3.075790 3.202524 16.524842
 43020.000000 -845503.937500 794.245653 3.309770 2.928080 16.364650
 43040.000000 -844677.750000 795.542857 3.422769 3.342356 16.464403
 43060.000000 -845703.687500 795.634673 3.296690 3.396974 16.523659
 43080.000000 -844304.500000 796.548269 3.351063 3.195423 16.437533
 43100.000000 -844983.937500 796.456616 3.324385 3.176820 16.654553
 43120.000000 -845487.687500 794.949999 3.443409 3.085144 16.599691
 43140.000000 -844692.687500 798.632183 3.548283 3.251347 16.127837
 43160.000000 -844056.875000 793.569027 3.366188 3.418174 16.266957
 43180.000000 -843761.250000 794.355972 3.555766 3.291401 16.629899
 43200.000000 -845190.250000 792.587620 3.415154 3.473128 16.562148
 43220.000000 -845405.750000 795.275860 3.294208 3.282232 16.770757
 43240.000000 -843726.062500 792.007667 3.447067 3.143782 16.654360
 43260.000000 -845422.875000 795.489054 3.324092 3.150370 16.428811
 43280.000000 -843522.750000 796.656638 3.285518 3.389338 16.656449
 43300.000000 -843475.000000 795.580283 3.224554 3.197477 16.482821
 43320.000000 -844987.250000 795.578446 3.372154 3.268739 16.464491
 43340.000000 -844643.812500 792.302805 3.445519 3.309046 16.479260
 43360.000000 -844639.375000 797.590967 3.363775 3.360582 16.718229
 43380.000000 -843693.187500 799.140751 3.529454 3.305299 16.435284
 43400.000000 -845996.562500 794.802376 3.323824 3.493672 16.346535
 43420.000000 -844542.125000 796.964474 3.642047 3.624163 16.190368
 43440.000000 -844629.937500 797.254583 3.346094 3.260070 16.230036
 43460.000000 -845376.312500 796.070294 2.948811 3.484605 16.362732
 43480.000000 -843942.125000 798.594255 3.103095 3.512614 16.686194
 43500.000000 -844612.875000 796.341682 3.328858 3.271741 16.672842
 43520.000000 -844625.375000 796.650716 3.294354 3.435687 16.677614
 43540.000000 -844230.187500 796.932208 3.646813 3.365346 16.494497
 43560.000000 -843545.187500 794.287366 3.448449 3.535927 16.553879
 43580.000000 -844640.937500 794.586822 3.482156 3.477313 16.653123
 43600.000000 -845674.000000 794.403019 3.655485 3.257771 16.489733
 43620.000000 -844942.062500 792.110096 3.396337 3.466483 16.465835
 43640.000000 -844482.312500 793.863895 3.331964 3.380874 16.430903
 43660.000000 -845131.312500 795.885477 3.468155 3.458609 16.363954
 43680.000000 -844932.125000 795.005289 3.410591 3.232009 16.431842
 43700.000000 -843720.375000 796.848948 3.141153 3.444841 16.422795
 43720.000000 -843835.000000 793.772239 3.143719 3.363730 16.581076
 43740.000000 -844157.500000 795.214749 3.268868 3.382770 16.430607
 43760.000000 -844679.875000 793.773889 3.375509 3.585139 16.487127
 43780.000000 -844301.750000 795.972694 3.444239 3.305980 16.746246
 43800.000000 -845949.187500 797.243121 3.288323 3.083703 16.807367
 43820.000000 -845045.312500 797.674572 3.579457 3.258675 16.492213
 43840.000000 -844789.562500 797.972920 3.506551 3.370009 16.829619
 43860.000000 -843542.750000 800.442440 3.394525 3.544050 6.974727
 43880.000000 -842342.062500 800.593116 2.754348 3.413333 12.131048
 43900.000000 -843869.437500 796.836248 2.959710 3.339223 14.941240
 43920.000000 -844215.125000 797.543778 3.221096 3.351188 16.130904
 43940.000000 -846183.812500 796.078777 3.356925 3.624124 16.058418
 43960.000000 -843821.375000 794.366552 3.400448 3.567558 16.442961
 43980.000000 -844182.187500 794.817201 3.184898 3.777894 16.633202
 44000.000000 -843554.000000 794.271252 3.217867 3.615733 16.645465
 44020.000000 -845075.812500 792.127102 3.540824 3.328668 16.753096
 44040.000000 -842711.812500 794.416462 3.208507 3.228614 16.393210
 44060.000000 -843626.750000 794.658450 3.309474 3.092375 16.600373
 44080.000000 -844186.312500 794.701975 3.318046 3.052175 16.502003
 44100.000000 -844907.250000 796.244489 3.585849 3.526062 16.348529
 44120.000000 -843122.875000 795.128126 3.256756 3.334854 16.369610
 44140.000000 -845205.125000 793.964328 3.151483 3.474811 16.372482
 44160.000000 -843067.875000 796.195312 3.228412 3.470640 16.497094
 44180.000000 -845468.062500 793.436397 3.274967 3.344306 16.777437
 44200.000000 -846047.625000 795.453347 3.523784 3.192269 16.608128
 44220.000000 -846269.812500 794.242379 3.349592 3.353951 16.686727
 44240.000000 -844684.375000 794.806771 3.362211 3.405913 16.742017
 44260.000000 -844920.250000 793.558708 3.415255 3.522339 16.628751
 44280.000000 -843896.437500 792.767133 3.290635 3.426706 16.511010
 44300.000000 -844302.375000 794.823505 3.499900 3.382353 16.354186
 44320.000000 -844693.562500 795.789723 3.325303 3.312063 16.555229
 44340.000000 -844059.562500 796.277721 3.418625 3.301416 16.492808
 44360.000000 -845690.437500 795.195338 3.583857 3.433200 16.964849
 44380.000000 -844725.875000 795.605543 3.662308 3.365934 16.748265
 44400.000000 -844578.750000 796.323769 3.175517 3.061143 16.598833
 44420.000000 -843601.875000 796.954351 3.355489 3.503356 16.698453
 44440.000000 -844378.750000 794.728559 3.548304 3.218398 16.721964
 44460.000000 -843549.250000 798.295310 3.536849 3.691144 16.778648
 44480.000000 -844384.687500 794.406761 3.390870 3.545397 16.751167
 44500.000000 -844170.187500 795.646849 3.326824 3.459531 16.566717
 44520.000000 -844950.375000 796.069570 3.369985 3.513631 16.701766
 44540.000000 -843334.875000 796.211279 3.272538 3.512299 16.333282
 44560.000000 -844522.875000 797.830116 3.530123 3.377963 16.595186
 44580.000000 -843829.500000 795.949099 3.181677 3.480404 16.509266
 44600.000000 -844478.437500 795.849190 3.513408 3.685291 16.671786
 44620.000000 -844014.750000 792.654912 3.457208 3.530457 16.474016
 44640.000000 -843916.812500 793.722882 3.475864 3.468157 16.373334
 44660.000000 -845316.937500 794.891093 3.426732 3.239145 16.301102
 44680.000000 -845334.000000 795.660620 3.453031 3.107210 16.443540
 44700.000000 -845514.125000 795.175839 3.556253 3.311368 16.232098
 44720.000000 -843274.437500 795.928891 3.749242 3.519632 16.439394
 44740.000000 -844417.812500 795.396843 3.473637 3.390376 16.464344
 44760.000000 -844627.687500 795.984566 3.395050 3.434342 16.454231
 44780.000000 -845768.312500 796.154894 3.139806 3.276401 16.477489
 44800.000000 -845463.312500 796.083596 3.239922 3.520034 16.298795
 44820.000000 -845374.375000 792.876860 3.460629 3.337163 16.338362
 44840.000000 -846599.750000 792.132659 3.455516 3.330735 16.464763
 44860.000000 -843624.937500 796.328028 3.392537 3.566522 16.616742
 44880.000000 -843228.312500 791.522263 3.369607 3.603072 16.553256
 44900.000000 -845790.750000 794.496247 3.400867 3.459260 16.562070
 44920.000000 -845599.000000 795.221842 3.240103 3.160163 16.368989
 44940.000000 -844985.062500 795.182592 3.301897 3.273260 16.479982
 44960.000000 -845577.625000 795.671418 3.529574 3.584155 16.215124
 44980.000000 -843844.437500 795.213590 3.400433 3.224208 16.411204
 45000.000000 -844274.312500 797.013817 3.504641 3.323942 16.572259
 45020.000000 -844717.500000 795.367381 3.618132 3.414825 16.629794
 45040.000000 -845245.312500 793.981222 3.460847 3.421672 16.400223
 45060.000000 -844955.125000 795.214873 3.391617 3.425150 16.431174
 45080.000000 -844545.000000 797.673249 3.100041 3.448239 16.337323
 45100.000000 -847472.937500 792.916189 3.401676 3.427746 16.416562
 45120.000000 -844369.125000 797.290313 3.244733 3.628543 16.528672
 45140.000000 -843165.625000 795.360923 3.256934 3.364221 16.455035
 45160.000000 -843931.250000 797.716399 3.438254 3.541872 16.292428
 45180.000000 -843876.937500 795.254484 3.345775 3.316314 16.521251
 45200.000000 -843908.437500 794.932228 3.209327 3.593051 16.600335
 45220.000000 -844350.250000 794.437334 3.437884 3.497490 16.736831
 45240.000000 -843044.750000 797.561703 3.568651 3.363828 16.284052
 45260.000000 -843079.687500 795.258161 3.511801 3.519089 16.454926
 45280.000000 -843702.687500 793.686858 3.461805 3.404552 16.718177
 45300.000000 -843586.750000 795.333511 3.337487 3.371562 16.645623
 45320.000000 -845151.187500 794.306793 3.435916 3.339294 16.342154
 45340.000000 -844353.062500 794.716930 3.668871 3.320238 16.511401
 45360.000000 -846271.500000 794.726983 3.626075 3.307895 16.582745
 45380.000000 -845358.250000 792.858569 3.770112 3.179418 16.817362
 45400.000000 -845193.875000 795.880274 3.365580 3.125295 16.934348
 45420.000000 -845983.312500 797.124100 3.473827 3.258540 16.681469
 45440.000000 -845298.000000 797.479271 3.421734 3.432743 16.601941
 45460.000000 -845077.875000 795.343682 3.484129 3.631003 16.554186
 45480.000000 -843342.625000 795.575658 3.303060 3.639515 16.584558
 45500.000000 -843755.562500 795.709489 3.276166 3.348810 16.497460
 45520.000000 -844205.500000 796.605539 3.153928 3.403117 16.456099
 45540.000000 -844128.437500 797.239958 2.965129 3.088296 16.241168
 45560.000000 -845389.437500 794.031417 3.356657 3.327577 16.321843
 45580.000000 -843534.062500 793.320154 3.090834 3.631626 16.586296
 45600.000000 -844759.875000 795.028752 3.543375 3.317943 16.153507
 45620.000000 -845659.000000 792.883791 3.370527 3.569284 16.221886
 45640.000000 -844856.812500 794.814323 3.361203 3.352425 16.395870
 45660.000000 -844845.625000 794.016687 3.364720 3.387807 16.425277
 45680.000000 -844643.062500 797.145532 3.490845 3.272764 16.646115
 45700.000000 -846694.812500 794.878384 3.559328 3.353442 16.745710
 45720.000000 -844767.312500 792.961401 3.533435 3.445506 16.461244
 45740.000000 -845471.250000 792.725036 3.612918 3.504675 16.398905
 45760.000000 -844487.812500 797.742194 3.478475 3.390961 16.268548
 45780.000000 -845903.437500 792.856326 3.176229 3.189501 16.501106
 45800.000000 -845885.750000 794.740741 3.166150 3.103116 16.527322
 45820.000000 -845119.625000 794.639049 3.306545 3.552714 16.634702
 45840.000000 -844964.562500 793.638300 3.622962 3.022491 16.533209
 45860.000000 -846195.250000 794.287891 3.486749 3.226799 16.405291
 45880.000000 -846111.250000 793.962004 3.613219 3.215761 16.492235
 45900.000000 -845109.000000 794.842164 3.275348 3.463299 16.324945
 45920.000000 -844103.812500 796.616902 3.242592 3.595968 16.368086
 45940.000000 -842795.187500 794.237358 3.364887 3.431755 16.745971
 45960.000000 -844274.187500 794.225036 3.296828 3.322055 16.628008
 45980.000000 -846680.312500 795.401098 3.428188 3.265327 16.423004
 46000.000000 -844477.062500 795.509624 3.425457 3.281149 16.518009
 46020.000000 -844238.937500 793.779721 3.320217 3.421833 16.404621
 46040.000000 -845303.812500 792.410016 3.479487 3.465959 16.385845
 46060.000000 -843930.125000 794.365455 3.426092 3.636925 16.490723
 46080.000000 -843826.625000 794.224905 3.532550 3.606533 16.333261
 46100.000000 -845756.562500 793.760337 3.232924 3.235210 16.530286
 46120.000000 -841832.562500 799.207726 3.147653 3.912634 6.713290
 46140.000000 -843520.437500 800.736750 3.516803 3.406694 12.566896
 46160.000000 -843789.875000 798.340383 3.538342 3.329689 15.255519
 46180.000000 -844217.687500 796.176370 3.429531 3.556776 15.990463
 46200.000000 -843944.312500 795.601148 3.246547 3.491160 16.154812
 46220.000000 -844089.062500 796.588736 3.400464 3.404626 16.438686
 46240.000000 -843707.000000 796.116044 3.594354 3.393122 16.425670
 46260.000000 -845289.437500 792.297466 3.720180 3.203815 16.469396
 46280.000000 -844552.312500 793.130424 3.341344 3.322642 16.490862
 46300.000000 -844660.625000 795.245505 3.348756 3.361698 16.383166
 46320.000000 -842938.250000 795.640293 3.346716 3.152195 16.670036
 46340.000000 -842470.875000 795.434751 3.391918 3.502821 16.633558
 46360.000000 -844146.625000 794.914130 3.295147 3.352625 16.294182
 46380.000000 -844885.250000 794.406759 3.320820 3.618408 16.545408
 46400.000000 -845298.625000 794.057923 3.128284 3.729798 16.398340
 46420.000000 -843479.625000 795.455468 3.378334 3.588700 16.367973
 46440.000000 -844327.062500 794.520000 3.718485 3.469917 16.475340
 46460.000000 -843844.062500 796.450771 3.305375 3.276980 16.416714
 46480.000000 -845253.125000 794.514553 3.538943 3.344759 16.550744
 46500.000000 -844706.312500 795.472355 3.258105 3.293938 16.472573
 46520.000000 -846385.687500 792.772024 3.485233 3.262802 16.452548
 46540.000000 -845495.937500 792.375294 3.855035 3.334123 16.511057
 46560.000000 -843868.500000 794.519909 3.746106 3.246869 16.510534
 46580.000000 -846192.562500 795.646645 3.605551 3.374160 16.541699
 46600.000000 -844966.000000 794.634204 3.413035 3.560716 16.705033
 46620.000000 -844231.000000 794.144851 3.581799 3.561901 16.644514
 46640.000000 -844764.687500 793.650977 3.239467 3.457504 16.698361
 46660.000000 -845762.875000 795.123998 3.560606 3.551735 16.883427
 46680.000000 -845062.812500 794.451167 3.410600 3.423941 16.655752
 46700.000000 -843573.125000 794.971550 3.195564 3.454845 16.575887
 46720.000000 -844586.562500 793.463642 3.305916 3.663981 16.617777
 46740.000000 -844592.375000 795.727607 3.329128 3.341648 16.850533
 46760.000000 -845330.750000 793.580133 3.367885 3.184077 16.535708
 46780.000000 -845434.312500 794.336456 3.379048 3.412670 16.286942
 46800.000000 -844540.687500 793.751412 3.665325 3.568522 16.767548
 46820.000000 -841376.812500 799.022283 3.426040 3.558739 6.730477
 46840.000000 -844472.000000 798.478088 3.114720 3.502214 11.099161
 46860.000000 -842276.562500 798.775576 3.184598 3.522461 14.205340
 46880.000000 -842232.437500 794.677516 3.576411 3.366154 15.781874
 46900.000000 -844286.937500 794.906219 3.453090 3.406686 16.246340
 46920.000000 -846647.000000 794.696740 3.553325 3.081549 16.629848
 46940.000000 -843989.000000 796.145982 3.699545 3.353980 16.512114
 46960.000000 -843334.000000 796.503056 3.433307 3.509707 16.372968
 46980.000000 -844835.062500 794.275321 3.474384 3.238394 16.536963
 47000.000000 -843337.375000 795.430968 3.565741 3.266774 16.311920
 47020.000000 -844099.812500 793.567710 3.487444 3.428500 16.206239
 47040.000000 -845929.625000 794.788600 3.368795 3.397391 16.522934
 47060.000000 -843361.437500 797.508440 3.552808 3.206231 16.277795
 47080.000000 -843610.625000 797.360818 3.424941 3.410877 16.557737
 47100.000000 -844886.625000 795.964961 3.167894 3.345259 16.670534
 47120.000000 -844347.250000 795.231120 3.330713 3.294422 16.468345
 47140.000000 -845315.062500 793.242699 3.192445 3.269809 16.810631
 47160.000000 -845083.500000 793.959416 3.009173 3.298908 16.482628
 47180.000000 -845599.687500 794.058353 3.000879 3.007567 16.313331
 47200.000000 -843403.687500 794.798933 3.276151 3.359239 16.451381
 47220.000000 -843975.062500 795.180937 3.326436 3.448722 16.185595
 47240.000000 -844854.937500 791.529043 3.322991 3.462774 16.410479
 47260.000000 -843799.937500 794.781941 3.328931 3.143739 16.384307
 47280.000000 -844370.375000 795.142269 3.222845 3.008241 16.355596
 47300.000000 -845637.750000 790.973711 3.292754 3.318731 16.484174
 47320.000000 -845224.875000 793.966091 3.579619 3.421148 16.782782
 47340.000000 -846338.687500 793.312510 3.555344 3.332375 16.649744
 47360.000000 -844923.625000 793.554384 3.710260 3.519928 16.808275
 47380.000000 -846264.812500 794.260521 3.702784 3.409817 16.374966
 47400.000000 -844496.437500 796.267564 3.442105 3.293303 16.242256
 47420.000000 -845255.812500 794.995619 3.351398 3.357865 16.411289
 47440.000000 -844406.250000 793.631678 3.141983 3.409821 16.556381
 47460.000000 -844900.812500 794.333282 3.392264 3.339203 16.650060
 47480.000000 -846238.937500 794.021378 3.394896 3.334528 16.447388
 47500.000000 -844885.937500 793.357303 3.519527 3.033070 16.403563
 47520.000000 -844468.937500 795.768690 3.394152 3.246279 16.128386
 47540.000000 -845241.062500 796.969358 3.362686 3.022004 16.187099
 47560.000000 -844867.000000 795.328288 3.297949 3.157600 16.161787
 47580.000000 -844300.437500 793.386173 3.166019 3.261048 16.405455
 47600.000000 -843026.937500 795.226737 3.588969 3.496358 16.156524
 47620.000000 -843038.812500 796.686575 3.661996 3.795608 16.154490
 47640.000000 -845627.375000 793.787224 3.386271 3.910754 16.544601
 47660.000000 -844822.500000 794.784894 3.337877 3.666842 16.479107
 47680.000000 -845768.562500 795.670756 3.477194 3.527472 16.243598
 47700.000000 -843058.125000 794.289868 3.380228 3.466315 16.130808
 47720.000000 -843020.437500 798.484536 3.335480 3.319959 16.475198
 47740.000000 -842857.187500 795.782693 3.343917 3.563396 16.535436
 47760.000000 -844896.375000 794.766638 3.398143 3.396146 16.410890
 47780.000000 -845552.312500 796.054383 3.481015 3.383019 16.445151
 47800.000000 -844955.625000 794.455201 3.400664 3.293287 16.233684
 47820.000000 -846038.000000 793.613941 3.410244 3.418386 16.511205
 47840.000000 -845388.625000 792.120798 3.383518 3.676853 16.409749
 47860.000000 -845791.937500 794.482460 3.460877 3.234876 16.561463
 47880.000000 -845379.062500 793.604983 3.644115 3.328779 16.420751
 47900.000000 -844520.750000 794.086836 3.305832 3.286184 16.257847
 47920.000000 -845312.812500 796.858051 3.421497 3.467613 16.604639
 47940.000000 -844569.812500 795.466940 3.320310 3.362072 16.612647
 47960.000000 -844367.812500 794.973343 3.459034 3.114144 16.417818
 47980.000000 -844707.000000 795.285443 3.586215 3.232605 16.657548
 48000.000000 -845259.812500 798.060111 3.344410 3.387220 16.567614
 48020.000000 -843187.562500 794.497401 3.382200 3.383632 16.403717
 48040.000000 -844152.375000 794.181800 3.356062 3.345990 16.732564
 48060.000000 -844944.562500 793.048614 3.355533 3.420973 16.599670
 48080.000000 -844821.937500 796.527309 3.425281 3.121195 16.601887
 48100.000000 -846503.312500 791.294054 3.501588 3.160882 16.578223
 48120.000000 -845012.937500 794.855459 3.367008 3.215487 16.443561
 48140.000000 -845488.062500 793.676194 3.454155 3.519335 16.272404
 48160.000000 -844966.937500 798.081484 3.082703 3.187633 16.534279
 48180.000000 -845959.875000 793.268578 3.275373 3.550324 16.327161
 48200.000000 -845495.812500 794.471585 3.583267 3.437945 16.440077
 48220.000000 -844001.625000 795.449716 3.300028 3.433164 16.450140
 48240.000000 -844030.125000 795.139628 3.204586 3.587488 16.480701
 48260.000000 -845767.937500 796.031815 3.546120 3.391749 16.522174
 48280.000000 -844977.187500 793.790137 3.475664 3.536533 16.356293
 48300.000000 -845251.125000 794.376452 3.365798 3.385066 16.618285
 48320.000000 -843859.812500 792.887453 3.281034 3.131180 16.591735
 48340.000000 -847528.375000 793.170987 3.275888 3.196241 16.852406
 48360.000000 -845883.875000 793.158031 3.419107 3.471318 16.655988
 48380.000000 -843907.750000 795.594884 3.660544 3.597954 16.451678
 48400.000000 -845025.625000 793.789204 3.213319 3.384987 16.409557
 48420.000000 -844582.687500 794.903414 3.404223 3.307133 16.329483
 48440.000000 -844095.062500 793.775011 3.122820 3.371466 16.460290
 48460.000000 -844594.812500 794.626734 2.994330 3.443109 16.661114
 48480.000000 -844533.312500 793.822880 3.265194 3.304171 16.372178
 48500.000000 -843571.062500 796.866228 3.359065 3.347243 16.354034
 48520.000000 -846497.750000 793.692177 3.442324 3.401717 16.416919
 48540.000000 -844510.812500 795.502543 3.564136 3.602158 16.553437
 48560.000000 -846576.000000 794.809605 3.521253 3.558177 16.371097
 48580.000000 -846570.687500 792.181172 3.175174 3.269634 16.419295
 48600.000000 -844603.250000 793.632798 3.131363 3.288713 16.455514
 48620.000000 -845857.062500 792.927735 3.233846 3.164954 16.523551
 48640.000000 -845676.500000 792.571286 3.480405 3.368940 16.288865
 48660.000000 -843931.187500 794.638787 3.450395 3.357910 16.398473
 48680.000000 -846589.562500 793.030311 3.240397 3.516124 16.472172
 48700.000000 -846279.250000 793.041372 3.514394 3.365013 16.518429
 48720.000000 -845497.687500 795.143536 3.393944 3.290292 16.701457
 48740.000000 -844622.937500 792.822298 3.240291 3.516242 16.595813
 48760.000000 -844680.625000 794.249971 3.256579 3.435152 16.412469
 48780.000000 -844207.437500 795.512582 3.477669 3.347697 16.503485
 48800.000000 -844667.375000 795.758501 3.089265 3.452607 16.739031
 48820.000000 -846893.250000 794.739956 3.310442 3.560813 16.339762
 48840.000000 -846187.500000 794.591377 3.512806 3.590263 16.572495
 48860.000000 -845236.437500 795.922973 3.604065 3.471579 16.519510
 48880.000000 -844157.312500 795.212147 3.651275 3.446189 16.575875
 48900.000000 -843188.187500 796.920793 3.300408 3.408432 16.466629
 48920.000000 -843088.812500 796.083303 3.478329 3.662225 16.301208
 48940.000000 -844780.750000 796.363347 3.520208 3.355474 16.234400
 48960.000000 -843943.625000 798.161979 3.571012 3.289087 16.139429
 48980.000000 -844192.437500 795.274723 3.690884 3.519881 16.374828
 49000.000000 -844312.625000 795.294456 3.384788 3.555981 16.847661
 49020.000000 -845594.562500 795.477975 3.549125 3.462737 16.673567
 49040.000000 -845823.812500 793.123214 3.461305 3.425732 16.486014
 49060.000000 -847073.437500 793.606846 3.496790 3.392408 16.403881
 49080.000000 -846800.687500 795.682359 3.397517 3.344930 16.568560
 49100.000000 -844094.000000 794.020668 3.183530 3.507380 16.559421
 49120.000000 -844072.875000 796.261237 3.479341 3.156551 16.642118
 49140.000000 -845750.750000 795.094313 3.180828 3.347839 16.687013
 49160.000000 -846341.000000 793.446480 3.415712 3.578767 16.293278
 49180.000000 -844945.187500 796.377816 3.183341 3.683492 16.540089
 49200.000000 -843215.812500 793.429295 3.347655 3.773878 16.567340
 49220.000000 -846474.062500 792.677425 3.553307 3.371628 16.581065
 49240.000000 -846624.937500 792.527409 3.401631 3.439419 16.662481
 49260.000000 -846260.000000 794.679020 3.350207 3.706443 16.618937
 49280.000000 -846742.562500 797.562847 3.338812 3.610650 16.527166
 49300.000000 -845116.187500 794.731582 3.391959 3.313182 16.254131
 49320.000000 -847119.000000 795.120187 3.087628 3.402030 16.239091
 49340.000000 -844312.750000 794.186450 3.405523 3.499337 16.674694
 49360.000000 -845987.812500 792.159236 3.464046 3.403060 16.430761
 49380.000000 -845417.812500 792.120982 3.814920 3.613026 16.643474
 49400.000000 -844014.437500 794.424334 3.568575 3.357971 16.483766
 49420.000000 -846235.812500 794.658540 3.373175 3.604241 16.623754
 49440.000000 -845157.875000 793.228575 3.507840 3.127562 16.569755
 49460.000000 -846244.437500 792.696467 3.298169 3.362011 16.498592
 49480.000000 -846652.875000 792.410767 3.247355 3.485560 16.496618
 49500.000000 -845444.625000 794.593541 3.409906 3.110896 16.530794
 49520.000000 -844740.187500 795.024838 3.312256 3.086189 16.668956
 49540.000000 -844581.062500 794.615402 3.427791 3.263520 16.583431
 49560.000000 -844047.500000 797.403450 3.662603 3.419035 16.391637
 49580.000000 -845445.812500 793.549015 3.463788 3.347901 16.528450
 49600.000000 -844833.125000 793.679821 3.263359 3.488911 16.383463
 49620.000000 -844967.125000 793.636154 3.177102 3.462249 16.295003
 49640.000000 -845330.312500 797.146727 3.343608 3.421210 16.331930
 49660.000000 -845594.625000 791.664707 3.214968 3.479240 16.259942
 49680.000000 -844463.000000 794.433014 3.485611 3.592246 16.581657
 49700.000000 -845752.125000 792.303391 3.328829 3.448565 16.413758
 49720.000000 -843955.125000 794.181482 3.454270 3.259754 16.621738
 49740.000000 -843062.500000 798.005176 3.302997 3.166942 16.363747
 49760.000000 -844736.187500 796.858485 3.263843 3.349126 16.401353
 49780.000000 -844569.687500 794.853745 3.176173 3.618636 16.521860
 49800.000000 -844498.312500 793.773247 3.311015 3.296315 16.431325
 49820.000000 -844403.750000 793.672455 3.171876 3.362816 16.604332
 49840.000000 -844323.062500 794.706512 3.429163 3.441964 16.331852
 49860.000000 -843456.187500 796.171441 3.533530 3.442627 16.477816
 49880.000000 -843632.937500 797.623589 3.636769 3.555104 16.732799
 49900.000000 -845263.937500 793.038515 3.465765 3.279506 16.575169
 49920.000000 -846362.687500 796.712473 3.415789 3.519356 16.490970
 49940.000000 -845956.375000 793.570529 3.474365 3.701838 16.633195
 49960.000000 -846520.562500 794.777058 3.357870 3.507422 16.385032
 49980.000000 -844617.687500 795.643044 3.133853 3.612711 16.655616
 50000.000000 -843345.187500 796.815362 3.342833 3.377864 16.772474
 50020.000000 -844882.750000 795.833590 3.512022 3.403644 16.753107
 50040.000000 -844568.000000 795.877331 3.290207 3.486327 16.483152
 50060.000000 -843841.312500 796.022923 3.578826 3.347827 16.321537
 50080.000000 -844431.125000 794.869015 3.670671 3.366878 16.623592
 50100.000000 -845117.562500 794.902372 3.390366 3.132229 16.196248
 50120.000000 -843399.125000 793.621728 3.171507 3.311703 16.327574
 50140.000000 -848059.187500 792.554903 3.269782 3.370767 16.502361
 50160.000000 -844690.375000 794.322379 3.543410 3.367286 16.605315
 50180.000000 -842573.437500 795.107795 3.622986 3.453111 16.450447
 50200.000000 -844426.875000 797.504837 3.577037 3.367024 16.590471
 50220.000000 -846497.375000 794.414143 3.432149 3.569737 16.508481
 50240.000000 -846855.062500 792.949690 3.449453 3.288905 16.617021
 50260.000000 -846777.312500 792.483566 3.323301 3.155300 16.362793
 50280.000000 -846175.437500 795.661013 3.217161 3.328699 16.441209
 50300.000000 -844242.125000 796.135732 3.124970 3.420656 16.301307
 50320.000000 -845641.812500 794.282903 3.396374 3.267703 16.310713
 50340.000000 -844863.125000 795.036857 3.731180 3.452618 16.356252
 50360.000000 -847020.562500 793.206403 3.523417 3.453130 16.318830
 50380.000000 -844722.812500 796.468036 3.480107 3.319064 16.793054
 50400.000000 -844251.187500 797.009332 3.628681 3.446812 16.693830
 50420.000000 -844752.250000 795.650448 3.370270 3.697727 16.704733
 50440.000000 -845268.312500 794.816978 3.397182 3.602957 16.692286
 50460.000000 -845779.250000 791.718545 3.197249 3.335010 16.619996
 50480.000000 -844792.187500 795.976594 3.390539 3.116745 16.371793
 50500.000000 -843590.125000 795.601302 3.181148 3.327411 16.371179
 50520.000000 -845748.562500 795.079237 3.352868 3.382512 16.677868
 50540.000000 -847052.312500 795.030399 3.236515 3.300519 16.481851
 50560.000000 -844255.562500 794.065150 3.408202 3.231991 16.373007
 50580.000000 -845606.187500 795.623788 3.242286 3.027292 16.402484
 50600.000000 -844611.000000 795.300408 3.315384 3.257672 16.418464
 50620.000000 -844556.500000 797.998860 3.437282 3.533729 16.718743
 50640.000000 -843092.312500 794.506569 3.455876 3.311862 16.517506
 50660.000000 -844547.187500 796.774613 3.352960 3.474153 16.374124
 50680.000000 -844811.375000 793.264076 3.493875 3.448138 16.251401
 50700.000000 -844116.375000 795.662473 3.475998 3.403094 16.418167
 50720.000000 -844550.125000 796.049055 3.369094 3.268510 16.283110
 50740.000000 -845182.750000 793.999121 3.274039 3.194967 16.369578
 50760.000000 -842974.812500 797.196001 3.415392 3.270054 16.236275
 50780.000000 -845160.500000 796.005603 3.142619 3.546237 16.436822
 50800.000000 -844714.312500 795.097264 3.293159 3.715298 16.625305
 50820.000000 -845370.687500 794.430002 3.558555 3.486516 16.648533
 50840.000000 -844048.375000 795.661260 3.656901 3.696204 16.799918
 50860.000000 -845867.625000 794.884481 3.242337 3.437983 16.497796
 50880.000000 -845828.125000 793.111209 3.383390 3.342664 16.540923
 50900.000000 -845897.312500 791.348630 3.287765 3.409265 16.654183
 50920.000000 -845217.312500 796.139766 3.245803 3.409196 16.383235
 50940.000000 -844441.250000 794.315851 2.987648 3.518476 16.335078
 50960.000000 -844981.062500 793.167487 3.078021 3.513299 16.378929
 50980.000000 -843281.625000 794.179451 3.146458 3.760192 16.306836
 51000.000000 -843255.000000 797.900890 3.347898 3.633096 16.595487
 51020.000000 -845455.437500 796.532534 3.658694 3.533576 16.489078
 51040.000000 -844560.125000 798.682850 3.625518 3.296885 16.503769
 51060.000000 -843072.687500 797.342463 3.718667 3.303848 16.525200
 51080.000000 -844977.625000 795.562773 3.818716 3.217039 16.589899
 51100.000000 -845716.250000 796.888696 3.495968 3.149447 16.511665
 51120.000000 -846259.000000 793.491599 3.330155 3.219342 16.455119
 51140.000000 -842461.812500 795.688532 3.180960 3.093203 16.439340
 51160.000000 -844743.812500 796.436406 3.401502 3.324078 16.589711
 51180.000000 -845543.562500 794.935192 3.421282 3.313013 16.339660
 51200.000000 -844936.062500 795.499320 3.508829 3.213106 16.197427
 51220.000000 -846146.875000 795.244473 3.388445 3.176184 16.307718
 51240.000000 -844644.187500 795.340095 3.584523 3.333602 16.444078
 51260.000000 -843922.375000 796.076618 3.445059 3.361772 16.479267
 51280.000000 -844539.312500 794.650266 3.393677 3.299935 16.565612
 51300.000000 -844602.437500 796.441925 3.583456 3.147783 16.327432
 51320.000000 -843503.625000 794.970772 3.485503 3.360877 16.599525
 51340.000000 -843594.687500 794.354658 3.357344 3.227482 16.310881
 51360.000000 -844137.687500 796.274845 3.358679 3.346676 16.447376
 51380.000000 -846088.562500 791.824903 3.485588 3.408258 16.411696
 51400.000000 -846547.312500 792.119334 3.436871 3.264428 16.358833
 51420.000000 -846009.125000 796.564522 3.100856 3.489590 16.435826
 51440.000000 -845752.625000 795.357005 3.320966 3.841495 16.538638
 51460.000000 -845374.687500 794.806849 3.579372 3.532475 16.760947
 51480.000000 -843526.812500 797.396417 3.417967 3.441432 16.363524
 51500.000000 -846234.937500 797.278847 3.166077 3.368595 16.348547
 51520.000000 -843981.500000 793.192492 3.282898 3.408628 16.330399
 51540.000000 -844098.500000 795.221231 3.281340 3.480994 16.597578
 51560.000000 -845406.000000 794.808670 3.473193 3.355861 16.831940
 51580.000000 -844700.437500 795.928219 3.419038 3.280753 16.607849
 51600.000000 -845871.187500 791.854112 3.503169 3.394239 16.472421
 51620.000000 -845427.125000 795.567782 3.219375 3.331734 16.489805
 51640.000000 -845335.687500 794.303516 3.150841 3.209888 16.340998
 51660.000000 -845385.375000 794.648642 3.345787 3.327162 16.476769
 51680.000000 -842793.437500 795.674313 3.352771 3.405972 16.574243
 51700.000000 -845714.062500 795.260151 3.531771 3.435574 16.285278
 51720.000000 -844382.500000 794.060414 3.533986 3.425888 16.333258
 51740.000000 -844657.187500 795.390296 3.290535 3.568767 16.485121
 51760.000000 -844227.375000 794.217260 3.498211 3.434322 16.475157
 51780.000000 -845409.750000 794.740955 3.448965 3.426757 16.199029
 51800.000000 -842870.500000 794.890243 3.196215 3.428856 16.303807
 51820.000000 -844426.312500 796.788154 3.297341 3.190173 16.708105
 51840.000000 -844097.750000 795.221890 3.095654 3.402638 16.386066
 51860.000000 -845154.750000 797.232331 3.324966 3.312700 16.352879
 51880.000000 -844116.562500 795.751199 3.396616 3.309305 16.365231
 51900.000000 -846071.562500 795.502101 3.505622 3.392079 16.649211
 51920.000000 -845306.562500 795.215266 3.353681 3.225978 16.346480
 51940.000000 -844832.750000 796.158716 3.454509 3.333958 16.319186
 51960.000000 -843769.125000 795.092580 3.513228 3.311250 16.237802
 51980.000000 -845623.500000 793.372893 3.722722 3.299076 16.632250
 52000.000000 -844106.687500 794.933471 3.496740 3.600725 16.597018
 52020.000000 -845866.312500 795.196337 3.501447 3.746652 16.815332
 52040.000000 -845410.875000 794.104249 3.757752 3.266954 16.583017
 52060.000000 -845029.500000 796.136323 3.781317 3.202422 16.280353
 52080.000000 -845596.250000 795.375179 3.576310 3.428063 16.325077
 52100.000000 -844074.437500 796.080909 3.460626 3.372926 16.692663
 52120.000000 -844310.687500 795.726730 3.430495 3.237487 16.822615
 52140.000000 -845419.187500 794.355323 3.436658 3.086231 16.679322
 52160.000000 -844683.187500 797.372848 3.570010 3.024922 16.617752
 52180.000000 -845558.875000 792.949368 3.400856 3.385306 16.779930
 52200.000000 -844216.250000 796.608545 3.260968 3.388539 16.817426
 52220.000000 -844546.062500 793.744485 3.251020 3.448157 16.846218
 52240.000000 -845218.375000 794.659923 3.622143 3.175248 16.626527
 52260.000000 -844601.937500 796.255236 3.207820 3.045023 16.533410
 52280.000000 -846177.937500 794.513264 3.174585 3.160757 16.455467
 52300.000000 -844890.312500 792.952610 3.234551 3.606287 16.654036
 52320.000000 -844108.000000 796.546089 3.518038 3.232171 16.342916
 52340.000000 -845599.937500 794.108142 3.370307 3.143078 16.399290
 52360.000000 -844337.250000 794.310291 3.336295 3.305610 16.362408
 52380.000000 -846285.000000 794.735309 3.254373 3.256565 16.560884
 52400.000000 -844143.062500 794.485742 3.396797 3.418790 16.607685
 52420.000000 -844302.562500 798.329302 3.321600 3.280621 16.812539
 52440.000000 -844184.562500 795.317214 3.409653 3.452470 16.544582
 52460.000000 -844334.812500 795.664123 3.441701 3.373396 16.386308
 52480.000000 -843945.312500 798.095091 3.699927 3.230035 16.429178
 52500.000000 -845104.875000 796.566932 3.536046 3.156647 16.397726
 52520.000000 -842759.937500 794.150852 3.836274 3.501691 16.444228
 52540.000000 -844694.937500 796.291334 3.670383 3.478827 16.586086
 52560.000000 -844842.000000 797.980102 3.636705 3.436670 16.893416
 52580.000000 -843913.062500 797.159874 3.477343 3.465618 16.270139
 52600.000000 -844176.062500 795.801088 3.481576 3.568904 16.441766
 52620.000000 -842593.937500 795.206922 3.608735 3.668298 16.570494
 52640.000000 -845208.625000 791.526091 3.453833 3.327974 16.355455
 52660.000000 -845859.625000 792.443156 3.397692 3.118427 16.466131
 52680.000000 -845898.937500 793.790664 3.405343 2.924525 16.505321
 52700.000000 -844750.625000 795.651345 3.298726 3.763420 16.509445
 52720.000000 -845823.875000 794.175627 3.398486 3.767376 16.702529
 52740.000000 -845011.125000 794.457570 3.576713 3.697127 16.829525
 52760.000000 -845876.812500 795.945961 3.445396 3.846157 16.608522
 52780.000000 -845630.562500 795.280677 3.296535 3.467330 16.585292
 52800.000000 -842789.812500 796.885762 3.392836 3.480227 17.038882
 52820.000000 -845411.062500 795.424846 3.215008 3.116769 16.829303
 52840.000000 -844917.312500 795.613391 3.513117 3.162980 16.785549
 52860.000000 -844108.500000 795.733063 3.495648 3.277808 16.494120
 52880.000000 -844848.812500 796.595919 3.515446 3.313219 16.254813
 52900.000000 -843844.687500 797.111129 3.698634 3.414169 16.116550
 52920.000000 -845578.250000 797.216305 3.515274 3.502372 16.192376
 52940.000000 -845337.375000 793.461398 3.699009 3.503485 16.356809
 52960.000000 -844230.625000 794.670420 3.277617 3.484562 16.367551
 52980.000000 -844841.687500 793.388642 3.516119 3.331003 16.283671
 53000.000000 -845130.250000 795.022663 3.383027 3.531182 16.506776
 53020.000000 -846066.250000 794.172436 3.253315 3.311628 16.305839
 53040.000000 -847281.375000 793.217823 3.355694 3.249026 16.631489
 53060.000000 -846356.625000 792.136401 3.523648 3.510062 16.767446
 53080.000000 -844719.750000 793.813951 3.381115 3.591011 16.816721
 53100.000000 -845294.187500 793.940321 3.313009 3.379077 16.861138
 53120.000000 -845377.562500 793.722502 3.270027 3.343275 16.688165
 53140.000000 -844429.500000 794.116558 3.056866 3.441876 16.442417
 53160.000000 -844827.250000 795.025559 3.342917 3.418614 16.586714
 53180.000000 -843719.937500 795.664818 3.209393 3.488657 16.614251
 53200.000000 -844835.250000 796.542395 3.204400 3.642131 16.555589
 53220.000000 -845325.250000 793.866709 3.397968 3.729908 16.447685
 53240.000000 -844316.375000 796.299754 3.465283 3.438755 16.238695
 53260.000000 -844633.750000 793.051563 3.229456 3.601700 16.285215
 53280.000000 -844644.562500 796.605581 3.393442 3.518906 16.274419
 53300.000000 -844390.562500 796.728922 3.591239 3.619384 16.334278
 53320.000000 -845066.125000 794.343812 3.391687 3.572609 16.515630
 53340.000000 -844332.375000 793.662804 3.151393 3.634451 16.734680
 53360.000000 -842835.437500 796.609549 3.222877 3.591538 16.487613
 53380.000000 -844890.875000 796.971520 3.363639 3.486587 16.514837
 53400.000000 -843220.250000 796.459608 3.675080 3.674079 16.433882
 53420.000000 -844276.312500 795.055177 3.671703 3.409768 16.410440
 53440.000000 -846949.000000 796.204236 3.506073 3.655804 16.559654
 53460.000000 -844201.250000 795.367441 3.313328 3.442011 16.665180
 53480.000000 -844945.687500 793.446745 3.610236 3.356834 16.345138
 53500.000000 -845215.500000 793.929951 3.656881 3.618486 16.332114
 53520.000000 -845077.187500 797.043892 3.702233 3.418603 16.183484
 53540.000000 -842871.250000 794.971329 3.190368 3.563037 16.584518
 53560.000000 -845053.625000 793.586189 3.199197 3.326085 16.627652
 53580.000000 -845980.875000 793.848891 3.264994 3.433310 16.567985
 53600.000000 -844699.937500 794.570923 3.193217 3.090485 16.509651
 53620.000000 -843650.750000 795.235282 3.424315 3.235568 16.604282
 53640.000000 -845081.312500 792.422470 3.207183 3.336441 16.390319
 53660.000000 -845051.875000 796.725051 3.635836 3.255926 16.295024
 53680.000000 -845405.187500 795.693060 3.404006 3.611331 16.516265
 53700.000000 -843105.562500 794.903062 3.519514 3.458117 16.527203
 53720.000000 -844445.750000 794.328791 3.320072 3.355580 16.299671
 53740.000000 -844852.812500 795.196310 3.356883 3.403608 16.472760
 53760.000000 -844830.250000 795.741146 3.529327 3.462236 16.609019
 53780.000000 -844795.000000 793.964635 3.314068 3.344684 16.666530
 53800.000000 -845161.437500 793.331065 3.256074 3.381564 16.483349
 53820.000000 -844946.625000 793.662154 3.350907 3.302682 16.494720
 53840.000000 -843914.625000 795.038340 3.412410 3.321165 16.478366
 53860.000000 -847267.625000 794.780242 3.256185 3.477279 16.442739
 53880.000000 -845677.437500 795.963190 3.350690 3.152108 16.412745
 53900.000000 -845697.375000 794.765687 3.624393 3.287808 16.161180
 53920.000000 -846338.000000 796.038729 3.535074 3.124718 16.169622
 53940.000000 -845243.062500 794.441026 3.436431 3.402542 16.427951
 53960.000000 -844607.125000 794.751244 3.286504 3.549513 16.760623
 53980.000000 -845387.062500 793.664599 3.589540 3.429906 16.621481
 54000.000000 -844177.125000 793.444778 3.402836 3.443311 16.368460
 54020.000000 -845272.687500 791.522271 3.669917 3.309552 16.566630
 54040.000000 -845056.187500 793.161870 3.656285 3.507791 16.522108
 54060.000000 -843815.437500 796.401520 3.576243 3.365280 16.537836
 54080.000000 -846234.000000 796.208458 3.590311 3.524716 16.430192
 54100.000000 -843851.687500 794.916029 3.574968 3.188828 16.703736
 54120.000000 -845740.812500 793.514806 3.361100 3.289567 16.738948
 54140.000000 -845028.375000 795.466884 3.383503 3.252475 16.507043
 54160.000000 -846157.500000 793.291394 3.251555 3.566981 16.218451
 54180.000000 -847172.937500 792.194368 3.645026 3.628892 16.146301
 54200.000000 -846744.937500 792.568147 3.407926 3.324954 16.241225
 54220.000000 -845694.375000 792.031346 3.558704 3.588298 16.335665
 54240.000000 -846231.812500 794.904357 3.409871 3.285663 16.709792
 54260.000000 -845441.437500 794.065583 3.422717 3.356514 16.553147
 54280.000000 -846381.562500 793.087561 3.435719 3.338140 16.562437
 54300.000000 -846162.062500 793.792228 3.705231 3.185132 16.720509
 54320.000000 -847040.500000 788.851503 3.673060 3.504615 16.501369
 54340.000000 -843905.500000 793.253215 3.432448 3.423288 16.604140
 54360.000000 -842951.062500 796.026100 3.286709 3.408233 16.310033
 54380.000000 -844953.625000 792.160160 3.675989 3.444864 16.307857
 54400.000000 -844760.375000 793.926307 3.346163 3.335569 16.354149
 54420.000000 -844170.750000 795.478399 3.207031 3.539345 16.500890
 54440.000000 -844281.375000 794.285103 3.285848 3.389481 16.541691
 54460.000000 -846546.562500 792.282169 3.471604 3.167709 16.580197
 54480.000000 -843820.875000 794.225307 3.183824 3.501719 16.501905
 54500.000000 -845180.625000 796.555097 3.286095 3.420849 16.406238
 54520.000000 -846132.312500 794.669782 3.282248 3.511712 16.565195
 54540.000000 -845839.375000 797.476138 3.480388 3.529555 16.407828
 54560.000000 -845486.937500 796.558518 3.473470 3.672739 16.554389
 54580.000000 -846303.500000 793.388851 3.497898 3.432305 16.487402
 54600.000000 -845720.750000 796.051404 3.335809 3.119247 16.481154
 54620.000000 -844712.312500 793.450252 3.364373 3.288586 16.821742
 54640.000000 -843988.125000 794.663121 3.574942 3.540256 16.317649
 54660.000000 -845286.750000 793.898622 3.617171 3.102086 16.507735
 54680.000000 -845437.500000 796.213069 3.729209 3.206805 16.482261
 54700.000000 -843868.875000 794.754474 3.472327 3.127101 16.507660
 54720.000000 -843862.125000 794.278078 3.660096 3.343444 16.459915
 54740.000000 -845497.437500 791.829793 3.487401 2.935578 16.279011
 54760.000000 -846574.250000 795.561809 3.426528 3.217066 16.114038
 54780.000000 -842803.500000 797.430612 3.651719 3.558593 16.324678
 54800.000000 -844188.250000 796.179650 3.578455 3.510148 16.443332
 54820.000000 -844888.062500 791.846439 3.290998 3.594532 16.404113
 54840.000000 -845423.125000 795.003719 3.347366 3.449260 16.394775
 54860.000000 -843799.250000 795.464097 3.447888 3.695602 16.716849
 54880.000000 -845317.312500 793.152595 3.390995 3.501383 16.615009
 54900.000000 -844852.812500 796.503392 3.326674 3.514134 16.672411
 54920.000000 -844924.250000 793.439601 3.304052 3.327349 16.663269
 54940.000000 -844750.687500 796.661014 3.211276 3.402208 16.492411
 54960.000000 -845567.562500 794.653310 3.267183 3.551460 16.497668
 54980.000000 -845041.562500 795.472795 3.427957 3.127008 16.424145
 55000.000000 -846259.562500 793.519674 3.350146 3.593013 16.594453
 55020.000000 -844176.312500 798.119511 3.278326 3.353497 16.786591
 55040.000000 -845644.000000 792.422294 3.466509 3.248226 16.761008
 55060.000000 -844268.187500 796.887099 3.687850 3.349726 16.527155
 55080.000000 -844820.812500 794.140931 3.688501 3.420287 16.241928
 55100.000000 -846316.937500 795.813490 3.251967 3.390924 16.244296
 55120.000000 -843677.062500 796.978590 3.587547 3.592266 16.279618
 55140.000000 -844120.625000 793.866742 3.333496 3.479569 16.347767
 55160.000000 -846862.187500 792.252941 3.552826 3.368009 16.660363
 55180.000000 -844217.625000 797.247469 3.391769 3.456795 16.629068
 55200.000000 -845845.812500 794.231117 3.154234 3.618073 16.521987
 55220.000000 -845093.937500 793.739859 3.195024 3.523873 16.453992
 55240.000000 -844898.250000 794.807612 3.441616 3.687473 16.579696
 55260.000000 -847969.312500 794.490210 3.447002 3.514252 16.464549
 55280.000000 -844687.187500 797.294922 3.666521 3.378192 16.501796
 55300.000000 -844708.125000 795.436008 3.589338 3.526373 16.405555
 55320.000000 -845931.937500 794.321264 3.737763 3.385663 16.482919
 55340.000000 -846522.937500 795.264421 3.640220 3.525565 16.535405
 55360.000000 -844774.312500 796.301887 3.400844 3.487833 16.578473
 55380.000000 -844849.375000 793.404353 3.513558 3.389276 16.546782
 55400.000000 -844480.250000 795.606936 3.441434 3.474231 16.393048
 55420.000000 -843832.812500 795.375213 3.286990 3.707476 16.493160
 55440.000000 -844630.437500 795.184538 3.364158 3.681997 16.498121
 55460.000000 -845914.312500 796.046745 3.432854 3.284261 16.360635
 55480.000000 -844635.062500 796.379626 3.415144 3.406445 16.399988
 55500.000000 -843328.375000 796.560746 3.442705 3.549978 16.685541
 55520.000000 -845358.625000 798.180577 3.522610 3.486344 16.562805
 55540.000000 -844095.125000 798.480132 3.411058 3.793496 16.596570
 55560.000000 -844812.437500 796.220142 3.394759 3.264646 16.438954
 55580.000000 -844578.062500 793.991471 3.461709 3.168222 16.292604
 55600.000000 -845054.062500 796.108587 3.522287 3.300314 16.365148
 55620.000000 -845686.125000 794.163933 3.467504 3.434915 16.637850
 55640.000000 -844809.562500 796.499788 3.578640 3.730095 16.460061
 55660.000000 -844811.500000 796.874824 3.470486 3.435466 16.097310
 55680.000000 -844657.062500 794.456601 3.494861 3.579508 16.520460
 55700.000000 -844179.812500 797.171698 3.360130 3.554685 16.563067
 55720.000000 -845178.187500 794.988454 3.361233 3.459738 16.469943
 55740.000000 -846317.250000 794.924596 3.550826 3.566719 16.492804
 55760.000000 -845321.250000 792.689900 3.345046 3.191097 16.139690
 55780.000000 -843503.750000 795.677651 3.371379 3.140356 16.245839
 55800.000000 -843200.312500 799.001703 3.133172 3.360294 16.593611
 55820.000000 -843728.312500 795.407400 3.279822 3.363471 16.569902
 55840.000000 -845504.812500 795.090128 3.177817 3.214201 16.221522
 55860.000000 -843836.000000 796.728893 3.421681 3.119520 16.411716
 55880.000000 -846423.625000 792.527487 3.251836 3.301708 16.611363
 55900.000000 -846520.687500 797.028400 3.605675 3.507128 16.432198
 55920.000000 -844990.500000 795.868991 3.392831 3.722218 16.776101
 55940.000000 -846498.687500 794.184339 3.504220 3.277567 16.650507
 55960.000000 -842287.562500 798.727678 3.264991 3.274224 16.506780
 55980.000000 -844527.562500 795.137599 3.339904 3.592626 16.269127
 56000.000000 -843012.000000 798.394289 3.424986 3.452859 16.145401
 56020.000000 -847671.625000 792.758759 3.530054 3.445130 16.382513
 56040.000000 -845900.562500 791.973149 3.315244 3.605479 16.460075
 56060.000000 -843270.625000 792.171534 3.314277 3.449135 16.632257
 56080.000000 -846480.375000 793.584079 3.385165 3.620757 16.435778
 56100.000000 -845577.125000 794.993753 3.267172 3.515580 16.571459
 56120.000000 -845676.437500 795.097686 3.545956 3.150298 16.559422
 56140.000000 -844332.687500 794.501234 3.483945 3.240612 16.568780
 56160.000000 -845535.250000 796.393717 3.566467 3.307178 16.780315
 56180.000000 -844450.437500 795.174600 3.284440 3.323573 16.900907
 56200.000000 -844188.750000 794.641105 3.401757 3.111026 16.585702
 56220.000000 -843894.750000 793.913787 3.441093 3.324154 16.577030
 56240.000000 -845506.062500 795.771664 3.310784 3.386705 16.432342
 56260.000000 -844008.250000 795.487139 3.206663 3.302977 16.636851
 56280.000000 -842495.250000 792.704424 3.220840 3.271735 16.545126
 56300.000000 -844688.250000 793.304356 3.185199 3.137014 16.413851
 56320.000000 -844320.437500 796.695576 3.192835 3.166867 16.492960
 56340.000000 -844718.062500 797.691659 3.488690 3.138955 16.646256
 56360.000000 -843923.000000 796.884269 3.414157 3.052909 16.560809
 56380.000000 -845112.062500 793.838368 3.369465 3.183566 16.756886
 56400.000000 -843405.937500 794.041977 3.430259 3.603480 16.440022
 56420.000000 -842596.937500 795.504673 3.329133 3.394612 16.296493
 56440.000000 -843803.125000 796.414371 3.069328 3.287095 16.395725
 56460.000000 -844069.312500 796.496401 3.615143 3.129784 16.445022
 56480.000000 -844411.437500 794.819183 3.514610 3.171267 16.624159
 56500.000000 -843020.437500 795.493355 3.563515 3.476729 16.292843
 56520.000000 -844376.562500 795.707209 3.550644 3.313235 16.336809
 56540.000000 -845123.812500 797.061888 3.214763 3.221780 16.817137
 56560.000000 -843848.125000 798.563815 3.285494 3.547213 16.548116
 56580.000000 -844849.562500 796.975893 3.168924 3.521905 16.589701
 56600.000000 -845417.750000 795.038524 3.371570 3.294103 16.457296
 56620.000000 -844330.937500 796.660469 3.402760 3.243544 16.503059
 56640.000000 -845871.062500 794.307262 3.248043 3.557466 16.367623
 56660.000000 -844965.125000 795.196603 3.376289 3.386469 16.555792
 56680.000000 -845872.562500 794.738740 3.520489 3.426710 16.620368
 56700.000000 -844395.187500 795.140317 3.343472 3.522841 16.504919
 56720.000000 -843486.562500 796.595968 3.266839 3.178283 16.660739
 56740.000000 -844779.937500 795.892856 3.510599 3.391371 16.722093
 56760.000000 -846354.687500 792.206940 3.466052 3.328210 16.709844
 56780.000000 -846771.125000 793.491788 3.348065 3.538794 16.465447
 56800.000000 -844675.875000 794.542743 3.566283 3.620743 16.400877
 56820.000000 -844227.875000 795.118699 3.167644 3.574008 16.375307
 56840.000000 -845310.875000 794.639084 3.235289 3.447936 16.234803
 56860.000000 -845107.500000 796.542912 3.312809 3.407822 16.397515
 56880.000000 -845025.500000 792.922512 3.434777 3.430644 16.343766
 56900.000000 -845993.437500 794.559171 3.424247 3.483896 16.350271
 56920.000000 -844995.625000 797.483927 3.481099 3.129908 16.382319
 56940.000000 -845179.250000 794.277969 3.396260 3.338075 16.210204
 56960.000000 -844486.125000 794.127102 3.648693 3.225572 16.369408
 56980.000000 -846648.250000 792.569689 3.474570 3.478340 16.493128
 57000.000000 -845798.375000 793.156971 3.764123 3.433265 16.545422
 57020.000000 -846937.687500 794.865782 3.607186 3.078711 16.304617
 57040.000000 -846714.312500 795.364187 3.292008 3.612447 16.304323
 57060.000000 -843295.312500 795.479482 3.296269 3.590462 16.505663
 57080.000000 -845348.125000 795.404624 3.382256 3.530207 16.747347
 57100.000000 -845014.500000 795.600568 3.415235 3.710383 16.713400
 57120.000000 -844801.875000 797.360706 3.388763 3.271463 16.412618
 57140.000000 -844972.062500 794.809825 3.333219 3.233899 16.306070
 57160.000000 -844309.562500 793.520755 3.490959 3.288202 16.139509
 57180.000000 -845356.312500 795.537419 3.379018 3.481818 16.433568
 57200.000000 -846913.562500 791.811412 3.337151 3.762243 16.670409
 57220.000000 -846475.625000 794.007201 3.496000 3.589146 16.668538
 57240.000000 -847444.187500 791.148406 3.236044 3.837238 16.782015
 57260.000000 -846927.187500 792.788721 3.418994 3.556972 16.725749
 57280.000000 -843767.875000 795.160772 3.367080 3.502806 16.530687
 57300.000000 -843846.125000 793.528824 3.165940 3.288814 16.449074
 57320.000000 -844684.250000 793.741533 3.518917 3.202094 16.696558
 57340.000000 -844500.437500 793.649561 3.119416 3.581677 16.616003
 57360.000000 -845401.062500 793.681606 3.032948 3.300149 16.964243
 57380.000000 -845457.812500 796.208402 3.420798 3.391701 16.929302
 57400.000000 -846533.312500 793.327393 3.452414 3.356729 16.490918
 57420.000000 -844077.312500 794.214549 3.452826 3.196915 16.488527
 57440.000000 -845715.562500 794.142768 3.544705 3.509635 16.812080
 57460.000000 -845663.312500 792.982140 3.203396 3.619945 16.944826
 57480.000000 -845167.250000 795.956164 3.080925 3.563378 16.733694
 57500.000000 -845441.437500 795.324136 3.597561 3.256689 16.476528
 57520.000000 -844033.625000 797.210901 3.406298 3.316016 16.179263
 57540.000000 -845978.937500 792.467628 3.237489 3.339386 16.227471
 57560.000000 -845848.375000 794.234205 3.587347 3.332492 16.390733
 57580.000000 -844947.250000 794.881189 3.348290 3.423351 16.692913
 57600.000000 -845279.062500 793.574863 3.242642 3.411369 16.294147
 57620.000000 -846363.500000 794.320708 3.535499 3.324703 16.425895
 57640.000000 -846034.187500 793.358211 3.517103 3.405087 16.628608
 57660.000000 -845011.437500 793.439185 3.748252 3.300720 16.595137
 57680.000000 -845316.187500 794.477174 3.483865 3.203563 16.325769
 57700.000000 -846186.875000 791.551777 3.154382 3.069677 16.438881
 57720.000000 -845052.062500 791.854252 3.266016 3.371999 16.574998
 57740.000000 -844534.937500 795.697334 3.168625 3.443159 16.511946
 57760.000000 -844841.000000 793.917735 3.185640 3.366327 16.514939
 57780.000000 -843436.937500 795.974712 3.452926 3.398819 16.560869
 57800.000000 -845437.937500 796.241665 3.556805 3.216542 16.490187
 57820.000000 -845372.500000 795.062888 3.391897 3.346293 16.570492
 57840.000000 -846725.250000 793.548608 3.580842 3.654407 16.739415
 57860.000000 -846070.500000 793.779373 3.388611 3.450499 16.539677
 57880.000000 -844902.562500 794.951140 3.398497 3.317095 16.593837
 57900.000000 -845169.500000 798.091263 3.441913 3.408414 16.149541
 57920.000000 -845735.125000 793.907902 3.711240 3.196717 16.417588
 57940.000000 -842878.062500 795.130890 3.393248 3.441159 16.530704
 57960.000000 -845930.062500 794.818579 3.437468 3.211502 16.701146
 57980.000000 -844796.000000 795.393834 3.423191 3.153233 16.711402
 58000.000000 -844600.187500 793.718770 3.421099 3.282886 16.348505
 58020.000000 -844638.187500 793.565524 3.388752 3.266915 16.716048
 58040.000000 -845130.375000 794.719104 3.602471 3.260081 16.632458
 58060.000000 -843412.437500 794.910301 3.674592 3.442132 16.465616
 58080.000000 -843230.812500 793.919469 3.258426 3.469263 16.704199
 58100.000000 -844650.062500 795.518315 3.298196 3.371933 16.320730
 58120.000000 -844225.500000 795.705064 3.293459 3.356681 16.684264
 58140.000000 -845908.187500 794.730674 3.577643 3.551079 16.522249
 58160.000000 -843144.312500 796.601166 3.376475 3.640443 16.455005
 58180.000000 -845947.000000 794.868724 3.624142 3.364479 16.338710
 58200.000000 -844330.000000 796.325449 3.254022 3.301709 16.303901
 58220.000000 -844954.812500 793.724162 3.156100 3.397208 16.386686
 58240.000000 -843857.000000 797.325092 3.430855 3.246009 16.658411
 58260.000000 -845178.750000 792.842203 3.338690 3.418256 16.485875
 58280.000000 -844958.750000 796.565080 3.556965 3.280964 16.753433
 58300.000000 -845277.000000 794.307310 3.760922 3.301481 16.483175
 58320.000000 -844379.875000 794.352760 3.474009 3.433787 16.626957
 58340.000000 -844232.125000 795.825680 3.408964 3.405532 16.575489
 58360.000000 -844942.812500 795.481548 3.450206 3.350814 16.696775
 58380.000000 -845073.062500 792.442457 3.121101 3.247916 16.294149
 58400.000000 -845176.437500 792.995735 3.370031 3.304526 16.500968
 58420.000000 -843564.625000 793.928887 3.386181 3.203066 16.564136
 58440.000000 -847206.687500 794.246780 3.426290 3.377180 16.473535
 58460.000000 -845623.062500 794.213197 3.305430 3.350161 16.554645
 58480.000000 -845736.562500 793.976623 3.370326 3.366105 16.585704
 58500.000000 -845039.750000 793.635638 3.501667 3.488389 16.355892
 58520.000000 -846077.562500 795.184532 3.289245 3.466259 16.421001
 58540.000000 -845623.750000 795.875387 3.082536 3.425130 16.416083
 58560.000000 -844401.437500 796.312162 3.280380 3.416326 16.175785
 58580.000000 -843964.250000 794.854911 3.214784 3.305956 16.273848
 58600.000000 -844512.937500 795.824950 3.274487 3.306436 16.395562
 58620.000000 -845032.875000 796.076222 3.375500 3.648696 16.603359
 58640.000000 -844830.375000 796.276359 3.431364 3.480821 16.502374
 58660.000000 -844607.937500 792.279452 3.458551 3.626325 16.597363
 58680.000000 -845720.937500 797.695244 3.645517 3.155988 16.550564
 58700.000000 -844809.687500 795.015969 3.651122 3.543492 16.419810
 58720.000000 -845220.937500 794.973498 3.568360 3.826626 16.405954
 58740.000000 -845453.312500 797.056467 3.321652 3.259384 16.532492
 58760.000000 -845558.437500 798.010975 3.617324 3.265118 16.319439
 58780.000000 -845378.937500 795.842794 3.328752 3.556579 16.597304
 58800.000000 -843530.375000 794.897337 3.384073 3.436479 16.621605
 58820.000000 -845900.812500 795.342330 3.375854 3.124611 16.627591
 58840.000000 -844059.437500 796.639842 3.496421 3.372389 16.521586
 58860.000000 -845416.437500 797.783450 3.480607 3.619011 16.240293
 58880.000000 -845084.437500 793.109856 3.626248 3.583939 16.736093
 58900.000000 -846075.500000 794.183882 3.383810 3.658633 16.572988
 58920.000000 -845401.125000 795.091642 3.367159 3.293612 16.484532
 58940.000000 -844744.687500 794.192855 3.220538 3.418158 16.597382
 58960.000000 -845547.187500 795.428868 3.332358 3.476897 16.376530
 58980.000000 -844755.750000 795.047956 3.175306 3.610260 16.569573
 59000.000000 -844963.937500 794.999564 3.305906 3.513203 16.460125
 59020.000000 -846106.750000 794.717105 3.533846 3.728410 16.331320
 59040.000000 -844490.625000 797.088496 3.722768 3.562075 16.268562
 59060.000000 -845222.875000 794.268974 3.288816 3.323272 16.348756
 59080.000000 -846506.812500 794.521340 3.170248 3.221361 16.562872
 59100.000000 -845613.812500 794.622930 3.273977 3.618164 16.466742
 59120.000000 -847326.937500 792.444677 3.285881 3.310708 16.800028
 59140.000000 -843528.250000 795.693739 3.425137 3.468308 16.733155
 59160.000000 -846220.187500 796.290123 3.417585 3.244212 16.484239
 59180.000000 -847307.875000 793.213663 3.425083 3.344324 16.586116
 59200.000000 -845424.062500 793.281754 3.754232 3.441758 16.680628
 59220.000000 -844088.687500 794.866008 3.463967 3.206310 16.672896
 59240.000000 -843792.000000 796.488001 3.297546 3.434629 16.487480
 59260.000000 -843930.812500 795.254350 3.502039 3.387701 16.653453
 59280.000000 -845446.125000 795.995689 3.397193 3.529252 16.631037
 59300.000000 -847510.750000 795.887887 3.365111 3.262237 16.726915
 59320.000000 -844561.937500 798.935820 3.268329 3.522813 16.398951
 59340.000000 -845821.625000 795.109132 3.496281 3.383368 16.607611
 59360.000000 -845704.375000 793.981095 3.390484 3.533557 16.605570
 59380.000000 -843626.500000 797.343600 3.520132 3.439463 16.330021
 59400.000000 -844765.437500 796.290038 3.502379 3.492276 16.386212
 59420.000000 -845609.937500 795.015183 3.507037 3.615212 16.507776
 59440.000000 -844741.750000 794.982409 3.431513 3.406591 16.353218
 59460.000000 -844159.375000 795.447738 3.425355 3.561975 16.766285
 59480.000000 -845227.437500 796.441427 3.685238 3.250300 16.711516
 59500.000000 -844764.812500 795.753512 3.147451 3.490291 16.516818
 59520.000000 -844114.000000 794.561136 3.055423 3.365816 16.757712
 59540.000000 -844671.187500 795.825352 3.433583 3.186473 16.767055
 59560.000000 -845336.062500 794.192081 3.249253 3.449900 16.578528
 59580.000000 -843272.187500 793.340183 3.046659 3.292682 16.466077
 59600.000000 -846658.000000 795.812476 3.456794 3.045127 16.520934
 59620.000000 -845377.750000 791.963625 3.478373 3.492177 16.209875
 59640.000000 -844766.812500 794.765957 3.500333 3.487050 16.145642
 59660.000000 -843878.125000 795.227938 3.380093 3.334703 16.747585
 59680.000000 -844434.125000 795.276985 3.467643 3.182534 16.513455
 59700.000000 -845447.937500 794.874913 3.449738 3.442006 16.427149
 59720.000000 -845195.750000 793.174285 3.313990 3.174399 16.558186
 59740.000000 -844167.562500 797.990607 3.286704 3.336180 16.509619
 59760.000000 -843402.437500 798.092052 3.625500 3.530207 16.440606
 59780.000000 -843014.312500 796.843747 3.527095 3.663313 16.274444
 59800.000000 -842916.125000 793.616741 3.461729 3.509990 16.429857
 59820.000000 -843253.250000 793.690508 3.448088 3.349475 16.387790
 59840.000000 -842648.937500 796.900428 3.152227 3.284236 16.373782
 59860.000000 -844151.875000 797.255181 3.508564 3.314674 16.257635
 59880.000000 -845784.687500 794.325241 3.323165 3.342326 16.343557
 59900.000000 -842739.500000 793.875557 3.367688 3.505022 16.425083
 59920.000000 -846032.875000 794.343184 3.592441 3.403702 16.693619
 59940.000000 -842846.937500 794.734747 3.296132 3.730115 16.473370
 59960.000000 -845370.687500 795.128621 3.453108 3.589862 16.482995
 59980.000000 -844828.937500 793.530527 3.513892 3.247776 16.662782
 60000.000000 -845456.812500 796.059433 3.416764 3.015042 16.392307
 60020.000000 -845322.812500 794.484489 3.420095 3.462068 16.469062
 60040.000000 -845385.062500 795.244218 3.504033 3.465333 16.425496
 60060.000000 -845366.437500 795.474809 3.499652 3.072717 16.544293
 60080.000000 -845754.062500 793.177582 3.336247 3.413861 16.647406
 60100.000000 -845050.125000 795.782739 3.380426 3.172747 16.468140
 60120.000000 -844004.875000 796.742852 3.441640 3.343973 16.408047
 60140.000000 -842769.250000 795.740533 3.531714 3.227719 16.345447
 60160.000000 -845472.375000 794.788090 3.386603 3.258039 16.611022
 60180.000000 -846098.875000 795.646775 3.082943 3.385265 16.443625
 60200.000000 -845325.000000 792.226764 3.199516 3.459448 16.225997
 60220.000000 -844769.125000 795.475342 3.259996 3.602432 16.239907
 60240.000000 -842350.250000 798.023258 3.443458 3.432817 16.325832
 60260.000000 -844461.562500 792.575200 3.227500 3.393989 16.277712
 60280.000000 -845607.250000 793.110158 3.432722 3.480347 16.473082
 60300.000000 -845889.500000 795.516131 3.521855 3.158436 16.273778
 60320.000000 -845074.312500 794.775473 3.308743 3.499282 16.357204
 60340.000000 -844669.687500 797.001879 3.322750 3.446500 16.643163
 60360.000000 -843419.687500 796.840371 3.456791 3.348238 16.714263
 60380.000000 -844174.000000 794.853372 3.733744 3.186859 16.403062
 60400.000000 -844956.000000 794.341093 3.589072 3.491873 16.605332
 60420.000000 -845209.437500 794.159340 3.602980 3.394431 16.495718
 60440.000000 -844970.875000 793.354284 3.445540 3.105110 16.524071
 60460.000000 -843584.187500 796.673491 3.524391 3.127835 16.806173
 60480.000000 -842852.125000 795.149463 3.702367 3.322075 16.432030
 60500.000000 -843896.000000 793.889098 3.631044 3.298875 16.486781
 60520.000000 -844141.875000 794.352846 3.335418 3.449528 16.567892
 60540.000000 -844007.312500 796.657209 3.504228 3.293726 16.568911
 60560.000000 -847278.375000 793.460040 3.363512 3.459976 16.695977
 60580.000000 -844176.562500 795.901752 3.275917 3.486337 16.435438
 60600.000000 -843682.312500 794.669666 3.002529 3.342926 16.354702
 60620.000000 -843905.937500 794.512107 3.256526 3.648234 16.487034
 60640.000000 -842899.562500 797.685417 3.153985 3.433401 16.812663
 60660.000000 -846145.937500 799.120905 3.428447 3.547065 16.607830
 60680.000000 -845430.750000 796.736467 3.228611 3.309459 16.491382
 60700.000000 -844118.125000 798.806949 3.210076 3.157716 16.684552
 60720.000000 -846278.062500 795.203931 3.328264 3.320160 16.247984
 60740.000000 -846356.750000 797.259258 3.513402 3.500589 16.418735
 60760.000000 -844738.437500 797.258408 3.418702 3.312564 16.554346
 60780.000000 -843916.375000 794.372920 3.382046 3.574182 16.315588
 60800.000000 -845793.687500 796.693011 3.502754 3.492291 16.319915
 60820.000000 -843665.000000 792.663889 3.551900 3.547149 16.218738
 60840.000000 -844310.625000 795.027569 3.483531 3.502537 16.424843
 60860.000000 -844052.312500 794.173581 3.362597 3.409520 16.700409
 60880.000000 -845567.812500 792.909960 2.999492 3.271690 16.538540
 60900.000000 -843720.812500 795.147706 3.285020 3.644389 16.631619
 60920.000000 -844496.437500 795.864986 3.604038 3.776174 16.399065
 60940.000000 -845473.625000 792.990625 3.358553 3.454566 16.566418
 60960.000000 -845427.562500 794.393016 3.372424 3.488939 16.590535
 60980.000000 -847982.687500 793.472865 3.367746 3.428698 16.564969
 61000.000000 -843010.250000 795.711314 3.558136 3.332187 16.739773
 61020.000000 -845545.562500 791.633289 3.356808 3.222291 16.403431
 61040.000000 -844615.687500 795.471255 3.680684 3.314533 16.594571
 61060.000000 -844441.062500 796.470669 3.452290 3.322462 16.452177
 61080.000000 -844760.750000 798.354078 3.353636 3.485831 16.257185
 61100.000000 -845197.437500 793.960501 3.456387 3.352196 16.545629
 61120.000000 -845305.812500 793.359883 3.540347 3.191757 16.427818
 61140.000000 -845638.875000 796.190986 3.319851 3.579218 16.459442
 61160.000000 -844574.312500 794.289972 3.329582 3.258039 16.382215
 61180.000000 -845804.687500 793.556991 3.497388 3.338370 16.534871
 61200.000000 -845668.625000 794.369277 3.655522 3.507252 16.607118
 61220.000000 -841761.875000 797.406116 3.428337 3.389133 16.406234
 61240.000000 -844818.500000 796.539858 3.450709 3.208455 16.523994
 61260.000000 -845382.562500 796.229957 3.345745 3.453245 16.696842
 61280.000000 -846036.000000 794.109896 3.543986 3.458426 16.590031
 61300.000000 -843598.500000 796.448085 3.492009 3.382782 16.643747
 61320.000000 -843356.062500 798.921944 3.256012 3.355171 16.646482
 61340.000000 -845616.062500 795.853782 3.379044 3.428731 16.577501
 61360.000000 -847058.687500 791.473110 3.417385 3.402366 16.236664
 61380.000000 -845331.125000 797.335505 3.838706 3.515591 16.392953
 61400.000000 -845585.062500 794.912941 3.717898 3.397718 16.590351
 61420.000000 -843939.625000 795.252734 3.560594 3.310483 16.561173
 61440.000000 -843832.812500 792.405382 3.508967 3.569355 16.597949
 61460.000000 -845252.687500 797.747316 3.254963 3.520837 16.421319
 61480.000000 -844562.812500 794.521320 3.319004 3.302570 16.460552
 61500.000000 -843800.687500 797.341815 3.337885 3.549911 16.795631
 61520.000000 -844896.687500 797.655678 3.279036 3.605365 16.615893
 61540.000000 -846078.937500 797.576761 3.216098 3.508532 16.455249
 61560.000000 -846486.687500 794.442701 3.251182 3.294872 16.747241
 61580.000000 -844767.937500 795.795805 3.249877 3.621062 16.793968
 61600.000000 -844813.625000 792.482987 3.562823 3.465988 16.626561
 61620.000000 -844074.500000 795.348514 3.519612 3.346207 16.330972
 61640.000000 -843830.750000 796.964702 3.446212 3.350214 16.478290
 61660.000000 -842697.437500 795.446822 3.424185 3.494126 16.676282
 61680.000000 -844407.125000 794.077334 3.252743 3.313015 16.778470
 61700.000000 -847633.062500 794.098363 3.691175 3.371074 16.797821
 61720.000000 -843700.937500 797.533775 3.518776 3.635315 16.828786
 61740.000000 -845058.750000 795.293209 3.682253 3.501973 16.442373
 61760.000000 -844237.375000 794.454196 3.588455 3.506182 16.411033
 61780.000000 -841698.312500 797.353054 3.651717 3.526575 16.365902
 61800.000000 -844143.000000 796.394366 3.688459 3.262756 16.529194
 61820.000000 -845855.312500 795.590891 3.407912 3.421924 16.681474
 61840.000000 -844199.312500 795.767417 3.502094 3.672989 16.363221
 61860.000000 -845312.937500 796.568781 3.371883 3.394519 16.373011
 61880.000000 -845273.812500 794.466210 3.461598 3.293734 16.522690
 61900.000000 -843490.187500 794.022298 3.122892 3.195369 16.337110
 61920.000000 -845748.500000 794.882281 3.513859 3.381450 16.576007
 61940.000000 -845447.250000 795.819868 3.580688 3.594795 16.646073
 61960.000000 -844671.062500 795.982304 3.587589 3.402543 16.426542
 61980.000000 -846086.062500 793.487817 3.306299 3.464999 16.427463
 62000.000000 -844205.375000 796.686903 3.554933 3.352697 16.494789
 62020.000000 -845085.250000 798.007539 3.569851 3.292642 16.232004
 62040.000000 -844279.000000 796.724525 3.631286 3.226310 16.436912
 62060.000000 -843979.437500 795.576990 3.335684 3.174946 16.382028
 62080.000000 -847269.625000 792.712408 3.197122 3.310063 16.755711
 62100.000000 -841805.250000 800.118886 3.683789 3.628358 6.874714
 62120.000000 -843516.250000 801.846187 3.751439 3.332806 10.919532
 62140.000000 -845833.625000 797.069582 3.583424 3.609117 13.528844
 62160.000000 -846328.937500 796.031641 3.587303 3.820729 15.579880
 62180.000000 -842919.625000 794.254235 3.583042 3.356322 16.240343
 62200.000000 -842150.125000 796.369470 3.556348 3.376632 16.515338
 62220.000000 -845040.125000 794.841829 3.536394 3.418386 16.566574
 62240.000000 -844575.500000 795.286117 3.243508 3.367739 16.527224
 62260.000000 -844935.875000 793.024612 3.326841 3.513773 16.491526
 62280.000000 -846205.500000 794.685245 3.337538 3.584915 16.391279
 62300.000000 -846088.562500 793.424755 3.434268 3.221390 16.557362
 62320.000000 -844072.312500 795.379753 3.538981 3.234487 16.605118
 62340.000000 -844629.000000 794.328648 3.311127 3.326017 16.518270
 62360.000000 -845337.437500 794.746091 3.393293 3.510801 16.766538
 62380.000000 -846901.937500 794.147840 3.359096 3.568664 16.816800
 62400.000000 -843912.062500 796.779636 3.567479 3.457523 16.495994
 62420.000000 -843338.937500 797.466196 3.438537 3.466289 16.615394
 62440.000000 -845936.437500 794.833901 3.420726 3.223145 16.686058
 62460.000000 -846121.000000 794.781470 3.171945 3.112645 16.580782
 62480.000000 -845629.062500 797.533265 3.215609 3.172229 16.472618
 62500.000000 -844880.875000 798.569073 3.423475 3.657076 16.666685
 62520.000000 -844535.687500 796.856351 3.351043 3.563089 16.401322
 62540.000000 -842241.375000 796.204989 3.286435 3.149296 16.397384
 62560.000000 -846317.625000 796.212361 3.294665 3.108960 16.474235
 62580.000000 -844837.812500 795.979613 3.252110 3.569362 16.628327
 62600.000000 -847442.062500 793.271928 3.411107 3.417077 16.568866
 62620.000000 -845781.312500 795.492335 3.254801 3.207231 16.495761
 62640.000000 -845367.187500 793.454129 3.117960 3.196484 16.300241
 62660.000000 -845120.125000 794.457782 3.173151 3.404117 16.232328
 62680.000000 -846064.875000 795.589494 3.255639 3.453092 16.495384
 62700.000000 -843251.812500 795.624673 3.316522 3.456452 16.710208
 62720.000000 -844479.625000 796.165039 3.555649 3.679337 16.745406
 62740.000000 -843908.125000 797.736562 3.526655 3.395820 16.709230
 62760.000000 -842831.187500 795.506544 3.354600 3.390603 16.642098
 62780.000000 -843710.125000 796.990279 3.260739 3.507425 16.694518
 62800.000000 -843849.062500 796.936167 3.360083 3.363572 16.617455
 62820.000000 -845714.625000 792.309847 3.316113 3.468743 16.547007
 62840.000000 -845227.000000 795.447849 3.403666 3.418920 16.769862
 62860.000000 -843618.000000 798.365001 3.563194 3.323543 16.613541
 62880.000000 -844961.250000 795.368592 3.371818 3.355014 16.801128
 62900.000000 -845312.500000 794.482493 3.279271 3.464741 16.665314
 62920.000000 -846170.000000 795.422492 3.453755 3.419666 16.743891
 62940.000000 -845741.437500 795.584564 3.432112 3.532143 16.501492
 62960.000000 -844904.187500 795.670939 3.355290 3.397723 16.348206
 62980.000000 -845420.562500 795.409173 3.535731 3.373300 16.386758
 63000.000000 -845317.875000 795.268898 3.372314 3.563062 16.528695
 63020.000000 -845907.500000 796.216731 3.512843 3.335510 16.478468
 63040.000000 -843740.187500 796.714402 3.564354 3.602855 16.596819
 63060.000000 -844259.625000 796.946124 3.494512 3.435069 16.468784
 63080.000000 -845814.812500 794.804689 3.414090 3.394860 16.426358
 63100.000000 -845204.125000 793.193117 3.340918 3.501135 16.326323
 63120.000000 -846174.250000 793.222303 3.298350 3.511127 16.265849
 63140.000000 -845165.500000 793.596588 3.457612 3.222556 16.451603
 63160.000000 -844294.937500 795.436366 3.294734 3.287638 16.714920
 63180.000000 -844704.750000 794.311838 3.212814 3.527100 16.847192
 63200.000000 -843572.250000 796.538975 3.357884 3.262141 16.710405
 63220.000000 -842591.125000 797.736873 3.708261 3.371553 16.763971
 63240.000000 -845908.125000 795.796402 3.457696 3.314417 16.528315
 63260.000000 -844649.750000 794.198471 3.282608 3.291297 16.798462
 63280.000000 -845211.000000 795.154517 3.499449 3.100757 16.531818
 63300.000000 -844326.312500 793.635762 3.481239 3.376319 16.611093
 63320.000000 -845045.187500 794.801605 3.522388 3.118627 16.586712
 63340.000000 -845144.500000 795.645601 3.439265 3.387569 16.600732
 63360.000000 -845422.187500 794.861708 3.272578 3.537592 16.473127
 63380.000000 -846303.812500 796.469123 3.430935 3.537708 16.589958
 63400.000000 -845498.937500 795.821319 3.571134 3.311944 16.501866
 63420.000000 -844765.625000 792.797134 3.381335 3.331000 16.459917
 63440.000000 -846668.250000 794.555801 3.344439 3.382982 16.403102
 63460.000000 -844869.562500 796.261032 3.433349 3.488458 16.627975
 63480.000000 -844456.125000 795.064376 3.336871 3.406019 16.566212
 63500.000000 -846883.687500 791.667613 3.478878 3.532136 16.489899
 63520.000000 -845253.937500 795.633690 3.458859 3.512133 16.562991
 63540.000000 -844416.625000 795.333841 3.366440 3.445180 16.514952
 63560.000000 -845560.250000 795.883182 3.468853 3.316803 16.507541
 63580.000000 -843944.875000 796.259291 3.664445 3.548788 16.419884
 63600.000000 -844040.250000 795.692356 3.313181 3.168592 16.447174
 63620.000000 -845082.500000 796.839209 3.455083 3.263266 16.343356
 63640.000000 -845384.187500 795.173449 3.546212 3.542477 16.500879
 63660.000000 -844767.437500 795.370324 3.437883 3.599930 16.337568
 63680.000000 -845194.562500 795.348616 3.273269 3.320568 16.418670
 63700.000000 -846937.312500 795.516586 3.507308 3.201626 16.423573
 63720.000000 -845646.687500 792.222155 3.429875 3.359399 16.396898
 63740.000000 -846746.062500 791.655447 3.445277 3.471699 16.350529
 63760.000000 -844799.812500 793.786279 3.571739 3.509882 16.299193
 63780.000000 -845380.687500 794.564637 3.421892 3.592100 16.593938
 63800.000000 -845126.125000 795.708646 3.319973 3.283136 16.397036
 63820.000000 -845597.000000 792.300322 3.744344 3.619530 16.432107
 63840.000000 -845849.062500 794.047314 3.084862 3.550938 16.552831
 63860.000000 -843848.250000 792.307472 3.198284 3.322786 16.451961
 63880.000000 -846048.562500 796.461867 3.259802 3.191845 16.572595
 63900.000000 -845393.062500 794.454538 3.320086 3.440187 16.427491
 63920.000000 -843467.875000 795.584337 3.304426 3.192659 16.439798
 63940.000000 -845808.937500 796.485617 3.485540 3.150540 16.447667
 63960.000000 -845576.937500 795.824949 3.365420 3.300779 16.395538
 63980.000000 -846358.062500 795.657558 3.346212 3.520611 16.618291
 64000.000000 -844576.437500 797.971385 3.309040 3.492385 16.450488
 64020.000000 -845279.750000 795.819569 3.215430 3.269556 16.400093
 64040.000000 -845182.812500 795.039039 3.270480 3.228444 16.358417
 64060.000000 -844270.687500 794.215472 3.252887 3.307067 16.348596
 64080.000000 -845748.062500 796.381487 3.105369 3.337362 16.411839
 64100.000000 -845897.812500 795.000524 3.361071 3.425006 16.409179
 64120.000000 -844983.750000 795.659665 3.297452 3.605725 16.554546
 64140.000000 -844063.750000 796.164244 3.002557 3.432849 16.686486
 64160.000000 -844223.625000 797.263313 3.131977 3.402884 16.555082
 64180.000000 -845097.812500 793.444369 3.248280 3.121762 16.543611
 64200.000000 -845424.062500 795.859078 3.458689 3.267808 16.488877
 64220.000000 -844863.250000 796.810763 3.794807 3.189434 16.575498
 64240.000000 -846297.250000 795.921672 3.462688 3.351023 16.739337
 64260.000000 -844471.687500 795.994450 3.279356 3.382505 16.490978
 64280.000000 -843483.750000 795.159624 3.292003 3.172857 16.423614
 64300.000000 -843694.750000 795.737287 3.308389 3.145245 16.706164
 64320.000000 -845005.687500 796.134148 3.418109 3.335615 16.417062
 64340.000000 -844843.312500 795.510554 3.314472 3.269336 16.356391
 64360.000000 -846237.437500 793.993804 3.157343 3.417423 16.316663
 64380.000000 -845819.812500 795.693993 3.479355 3.273901 16.524105
 64400.000000 -843524.875000 797.037718 3.480297 3.228150 16.684884
 64420.000000 -844289.625000 795.486397 3.338920 3.463245 16.406435
 64440.000000 -846025.562500 793.894507 3.202386 3.506638 16.576651
 64460.000000 -844901.062500 795.577545 3.221362 3.592642 16.658363
 64480.000000 -845380.500000 793.368412 3.527980 3.790990 16.625936
 64500.000000 -845344.500000 793.093661 3.536110 3.539202 16.785860
 64520.000000 -845111.312500 795.109328 3.345787 3.493622 16.526115
 64540.000000 -845273.437500 793.239732 3.336141 3.591906 16.362015
 64560.000000 -844368.812500 796.219664 3.350796 3.539175 16.553735
 64580.000000 -844229.500000 795.300014 3.386339 3.457715 16.397220
 64600.000000 -844761.000000 795.612590 3.234459 3.719117 16.485944
 64620.000000 -845668.500000 794.739431 3.754107 3.748532 16.514767
 64640.000000 -844365.687500 796.148446 3.739311 3.325912 16.595445
 64660.000000 -844169.000000 795.682643 3.822156 3.479241 16.315673
 64680.000000 -845510.937500 796.337978 3.453455 3.370827 16.319388
 64700.000000 -845041.187500 795.814492 3.401429 3.509925 16.268694
 64720.000000 -845346.562500 796.563320 3.441895 3.385556 16.245443
 64740.000000 -844460.812500 795.158670 3.363717 3.278680 16.569942
 64760.000000 -845297.125000 796.550010 3.644013 3.329271 16.209153
 64780.000000 -845461.625000 794.174171 3.572505 3.379346 16.565590
 64800.000000 -843165.125000 796.200220 3.472425 3.705917 16.669773
 64820.000000 -845283.437500 795.462854 3.250479 3.375574 16.450413
 64840.000000 -844669.437500 794.215962 3.563421 3.308442 16.529614
 64860.000000 -844430.625000 796.592576 3.483017 3.140289 16.575124
 64880.000000 -841548.750000 795.731882 3.351261 3.123837 16.502161
 64900.000000 -845583.437500 792.960844 3.114462 3.417160 16.545364
 64920.000000 -845110.750000 793.551513 2.913140 3.273662 16.613969
 64940.000000 -845948.875000 794.082391 3.227221 3.121195 16.422810
 64960.000000 -843942.375000 796.262951 3.260549 3.501996 16.289622
 64980.000000 -845232.562500 793.069403 3.375325 3.333509 16.515941
 65000.000000 -846339.250000 795.309676 3.357024 3.508782 16.674051
 65020.000000 -845577.250000 795.280382 2.990005 3.502650 16.557655
 65040.000000 -844285.562500 796.278264 3.257340 3.501791 16.415930
 65060.000000 -844878.625000 796.255865 3.153569 3.406718 16.270494
 65080.000000 -843649.875000 795.738400 3.545920 3.225710 16.535422
 65100.000000 -845194.812500 796.556774 3.485656 3.384147 16.495484
 65120.000000 -845182.687500 794.759371 3.458641 3.382141 16.302788
 65140.000000 -845405.062500 794.015872 3.351916 3.426983 16.700482
 65160.000000 -846340.937500 794.761804 3.441816 3.332437 16.588934
 65180.000000 -846639.812500 794.913152 3.380364 3.316641 16.240567
 65200.000000 -845189.187500 791.792883 3.257279 3.279382 16.214282
 65220.000000 -844705.062500 795.880402 3.121137 3.222167 16.464692
 65240.000000 -845510.000000 794.786798 3.172037 3.401156 16.282318
 65260.000000 -845599.625000 794.219725 3.362008 3.855509 16.234478
 65280.000000 -844945.875000 796.792670 3.204474 3.555888 16.486431
 65300.000000 -844735.062500 794.021510 3.394447 3.470677 16.400357
 65320.000000 -844472.125000 794.307207 3.435878 3.409355 16.461729
 65340.000000 -843787.562500 798.033114 3.414988 3.211657 16.950682
 65360.000000 -843936.875000 794.831873 3.587240 3.044647 16.751630
 65380.000000 -844380.687500 795.939378 3.479313 3.215505 16.665110
 65400.000000 -844753.187500 794.148892 3.057787 3.459076 16.631912
 65420.000000 -845925.375000 794.164500 3.428495 3.333901 16.724759
 65440.000000 -846903.687500 794.246996 3.343389 3.327594 16.836037
 65460.000000 -843126.625000 796.372386 3.517093 3.429496 16.465910
 65480.000000 -844207.375000 797.411555 3.286706 3.508406 16.311517
 65500.000000 -845712.562500 794.927001 3.191687 3.647053 16.413757
 65520.000000 -845065.937500 795.030515 3.478022 3.589116 16.518182
 65540.000000 -843555.250000 797.585048 3.422351 3.192418 16.503827
 65560.000000 -846627.812500 795.134894 3.286863 3.360132 16.407006
 65580.000000 -847135.375000 795.054098 3.128103 3.419295 16.374860
 65600.000000 -845257.937500 794.219278 3.199809 3.473627 16.299200
 65620.000000 -844732.437500 793.755138 3.144825 3.065914 16.375199
 65640.000000 -845337.812500 794.968277 3.270525 3.432455 16.466699
 65660.000000 -844159.250000 795.816951 3.284259 3.437443 16.668255
 65680.000000 -845570.000000 793.502186 3.288077 3.377504 16.557839
 65700.000000 -843209.562500 797.150737 3.366190 3.254468 16.669248
 65720.000000 -845328.250000 795.829733 3.332459 3.463765 16.529802
 65740.000000 -846353.375000 797.077279 3.477845 3.398881 16.348609
 65760.000000 -845392.562500 795.550550 3.234244 3.287591 16.650680
 65780.000000 -844624.187500 797.494256 3.066791 3.504805 16.521384
 65800.000000 -844412.375000 795.871663 3.578992 3.359436 16.454912
 65820.000000 -843152.500000 795.718423 3.626558 3.699118 16.580335
 65840.000000 -842859.750000 798.065603 3.251708 3.693091 16.470676
 65860.000000 -845180.062500 795.490049 3.261423 3.313161 16.645541
 65880.000000 -844655.437500 793.318625 3.293217 3.185754 16.501005
 65900.000000 -845599.625000 794.760203 3.367525 3.202175 16.702233
 65920.000000 -844226.062500 796.672076 3.290974 3.472207 16.625631
 65940.000000 -843070.687500 797.749984 3.189387 3.127040 16.520285
 65960.000000 -843817.750000 798.877058 3.406888 3.350013 16.640169
 65980.000000 -845708.062500 795.906862 3.782620 3.257024 16.526662
 66000.000000 -845423.562500 791.623118 3.302057 3.541408 16.711667
 66020.000000 -845172.812500 795.554271 3.457208 3.337327 16.459845
 66040.000000 -844639.187500 794.089226 3.738990 3.489955 16.862048
 66060.000000 -845404.812500 795.822105 3.526203 3.383904 16.578660
 66080.000000 -845053.000000 794.679685 3.600569 3.535743 16.665620
 66100.000000 -844708.375000 793.134524 3.678222 3.557954 16.481759
 66120.000000 -844944.250000 796.073305 3.088874 3.405735 16.831862
 66140.000000 -845923.250000 795.143090 3.232462 3.431070 16.573834
 66160.000000 -845250.250000 794.470889 3.048669 3.405882 16.476393
 66180.000000 -845127.187500 795.805923 3.093214 3.464288 16.403960
 66200.000000 -846301.687500 793.432570 3.252701 3.461026 16.496554
 66220.000000 -845394.812500 793.932959 3.293107 3.406396 16.467771
 66240.000000 -843756.062500 792.674203 3.537856 3.503513 16.648546
 66260.000000 -845681.562500 794.700243 3.347637 3.344371 16.435727
 66280.000000 -845827.187500 794.804906 3.258803 3.336050 16.302800
 66300.000000 -844569.000000 794.910816 3.414310 3.569107 16.522280
 66320.000000 -844329.812500 797.445842 3.700366 3.359887 16.566137
 66340.000000 -844794.562500 795.558907 3.432271 3.442236 16.336908
 66360.000000 -843854.625000 796.188731 3.323621 3.519967 16.362484
 66380.000000 -843473.375000 795.180239 3.275835 3.426708 16.417883
 66400.000000 -844061.250000 793.191794 3.366366 3.385646 16.672235
 66420.000000 -844820.937500 795.044707 3.485749 3.292354 16.539974
 66440.000000 -845286.437500 792.894330 3.477224 3.307013 16.594517
 66460.000000 -844867.062500 795.679434 3.261241 3.246951 16.562163
 66480.000000 -845903.937500 793.250764 3.639233 3.105252 16.651305
 66500.000000 -845970.125000 793.879431 3.411219 3.234408 16.483014
 66520.000000 -844454.562500 796.404333 3.498771 3.519686 16.561086
 66540.000000 -844426.937500 797.334130 3.739457 3.466003 16.668412
 66560.000000 -845066.937500 796.291079 3.563953 3.262587 16.732581
 66580.000000 -844051.125000 795.371131 3.375689 3.196908 16.368559
 66600.000000 -843838.250000 797.076138 3.267940 3.162252 16.469038
 66620.000000 -845728.500000 795.321962 3.202834 3.663867 16.518338
 66640.000000 -843794.687500 796.114436 3.537386 3.388489 16.539203
 66660.000000 -843643.187500 797.281232 3.706917 3.128504 16.397318
 66680.000000 -845303.375000 795.349103 3.472210 3.236854 16.608430
 66700.000000 -845082.062500 795.541584 3.542857 3.540301 16.558736
 66720.000000 -844328.312500 794.847303 3.503116 3.486508 16.469228
 66740.000000 -844208.937500 797.490070 3.640069 3.621202 16.649526
 66760.000000 -844550.500000 796.716789 3.345175 3.133731 16.837508
 66780.000000 -844035.125000 795.095675 3.664932 3.201355 16.713741
 66800.000000 -843933.812500 795.896243 3.442573 3.449322 16.406210
 66820.000000 -842971.875000 796.429131 3.386330 3.483900 16.644329
 66840.000000 -844459.000000 793.740040 3.531200 3.332887 16.733367
 66860.000000 -845257.875000 794.656445 3.599803 3.285514 16.659605
 66880.000000 -844222.062500 797.124173 3.474720 3.179993 16.604240
 66900.000000 -843896.625000 798.359807 3.390560 3.300261 16.666138
 66920.000000 -846065.875000 795.122971 3.461577 3.468396 16.476842
 66940.000000 -845710.187500 794.652363 3.304270 3.373365 16.370297
 66960.000000 -843749.937500 796.945037 3.527411 3.262556 16.234436
 66980.000000 -845116.937500 794.717912 3.438678 3.463764 16.451420
 67000.000000 -843437.875000 795.960394 3.534880 3.426143 16.575792
 67020.000000 -845104.500000 793.826751 3.502928 3.535230 16.844262
 67040.000000 -845736.937500 795.477350 3.170377 3.435178 16.771406
 67060.000000 -845480.312500 792.494574 3.230837 3.225859 16.586015
 67080.000000 -845271.687500 792.736655 3.389996 3.229483 16.481542
 67100.000000 -845002.687500 795.649487 3.644046 3.387004 16.380526
 67120.000000 -845162.375000 793.857114 3.435789 3.534859 16.579323
 67140.000000 -846040.500000 795.041119 3.550737 3.308449 16.610755
 67160.000000 -844862.625000 793.874978 3.414591 3.285830 16.531531
 67180.000000 -844717.687500 794.778431 3.356701 3.426649 16.367825
 67200.000000 -846479.687500 791.005688 3.285134 3.306720 16.423379
 67220.000000 -843304.875000 795.908653 3.199914 3.304305 16.415696
 67240.000000 -845816.250000 795.962966 3.411429 3.308699 16.232368
 67260.000000 -844791.687500 792.938827 3.335012 3.435949 16.664432
 67280.000000 -844979.437500 795.954755 3.484133 3.249913 16.539991
 67300.000000 -846872.625000 793.528412 3.121663 3.277591 16.591270
 67320.000000 -845339.250000 794.431135 3.486003 3.263533 16.470630
 67340.000000 -845087.937500 795.645252 3.393032 3.401779 16.544747
 67360.000000 -846251.312500 794.609930 3.169559 3.407345 16.573402
 67380.000000 -845385.875000 795.503442 3.044050 3.348340 16.546427
 67400.000000 -844650.687500 794.766503 3.358360 3.404669 16.291680
 67420.000000 -845989.562500 794.030774 3.391610 3.473573 16.353023
 67440.000000 -844196.687500 795.851714 3.344270 3.426597 16.179487
 67460.000000 -844833.125000 794.283541 3.497230 3.128476 16.451274
 67480.000000 -845744.437500 795.217403 3.349151 3.272183 16.327798
 67500.000000 -845425.125000 795.785424 3.320516 3.462401 16.389599
 67520.000000 -845490.250000 795.434850 3.132860 3.417134 16.594460
 67540.000000 -845179.812500 793.463690 3.309336 3.462597 16.557009
 67560.000000 -844388.500000 794.581472 3.517567 3.442807 16.585628
 67580.000000 -844268.312500 796.520941 3.413792 3.506397 16.670825
 67600.000000 -845593.312500 795.229818 3.270496 3.688298 16.735815
 67620.000000 -844155.937500 795.205472 3.310747 3.302760 16.536788
 67640.000000 -845083.625000 796.961468 3.209623 3.499843 16.533028
 67660.000000 -844048.312500 797.595798 3.298978 3.496199 16.431350
 67680.000000 -845600.000000 795.464715 3.495479 3.373051 16.642741
 67700.000000 -845020.500000 796.243763 3.402544 3.024080 16.332416
 67720.000000 -842707.750000 796.934236 3.483492 3.366924 16.396739
 67740.000000 -845733.062500 791.752188 3.207869 3.440005 16.661488
 67760.000000 -844579.812500 794.354796 3.537383 3.501242 16.678672
 67780.000000 -844086.375000 792.471301 3.545035 3.438212 16.686923
 67800.000000 -844688.375000 794.813282 3.226174 3.245781 16.526235
 67820.000000 -844621.750000 793.770529 3.233696 3.406059 16.611693
 67840.000000 -844181.125000 795.219022 3.132184 3.362773 16.782364
 67860.000000 -845144.875000 793.739777 3.278536 3.613038 16.450153
 67880.000000 -844306.937500 796.415245 3.553916 3.443639 16.525975
 67900.000000 -845052.187500 793.487236 3.679325 3.298743 16.380167
 67920.000000 -845509.375000 795.382178 3.379139 3.257348 16.441177
 67940.000000 -843130.312500 796.155579 3.635710 3.246845 16.426387
 67960.000000 -846004.312500 794.038874 3.204339 3.603689 16.518959
 67980.000000 -844022.875000 795.140946 3.441256 3.273051 16.530121
 68000.000000 -845030.875000 796.206111 3.241658 3.113271 16.413483
 68020.000000 -846726.375000 794.180427 3.257096 3.337463 16.367171
 68040.000000 -845139.500000 794.751381 3.326478 3.447255 16.371129
 68060.000000 -846184.062500 792.838682 3.378317 3.365216 16.367097
 68080.000000 -844321.875000 792.978467 3.314898 3.834602 16.499920
 68100.000000 -845813.312500 795.856120 3.069637 3.696268 16.436550
 68120.000000 -843059.937500 796.330057 3.335344 3.283616 16.684705
 68140.000000 -844703.812500 796.178479 3.433840 3.135689 16.609066
 68160.000000 -845391.187500 792.914261 3.583948 3.181787 16.629197
 68180.000000 -845865.187500 792.610035 3.335816 3.629421 16.507638
 68200.000000 -844682.625000 795.593824 3.543977 3.461765 16.707687
 68220.000000 -843543.875000 794.504159 3.254053 3.433613 16.661591
 68240.000000 -844102.750000 797.234818 3.228296 3.294480 16.418212
 68260.000000 -845016.562500 798.225175 3.124043 3.170608 16.527206
 68280.000000 -843081.187500 796.634441 3.292422 3.382956 16.187138
 68300.000000 -844035.625000 796.987481 3.441597 3.385876 16.391037
 68320.000000 -846724.312500 795.016242 3.582982 3.157205 16.465388
 68340.000000 -844873.312500 795.292974 3.550241 3.534966 16.298241
 68360.000000 -844150.687500 795.084711 3.308997 3.561169 16.240152
 68380.000000 -845605.375000 795.946471 3.341699 3.395026 16.554491
 68400.000000 -846491.937500 790.981882 3.414140 3.545369 16.601570
 68420.000000 -844215.687500 795.442186 3.053401 3.588079 16.471778
 68440.000000 -845464.687500 795.380835 3.381687 3.824310 16.611655
 68460.000000 -843178.750000 795.231534 3.392097 3.301022 16.360618
 68480.000000 -846852.625000 795.925928 3.113210 3.361181 16.270364
 68500.000000 -845307.125000 793.763633 3.417415 3.524178 16.553191
 68520.000000 -844974.812500 793.811907 3.479575 3.412517 16.680232
 68540.000000 -844949.250000 798.684421 3.712368 3.539129 16.417611
 68560.000000 -845578.625000 793.946425 3.604306 3.259963 16.446870
 68580.000000 -846834.875000 792.320564 3.033672 3.360606 16.552178
 68600.000000 -844706.875000 794.116222 3.498294 3.692870 16.515274
 68620.000000 -846391.000000 795.369333 3.727509 3.583659 16.421863
 68640.000000 -845033.437500 793.901572 3.265914 3.328621 16.462782
 68660.000000 -845634.375000 795.075620 3.227833 3.508625 16.565307
 68680.000000 -846638.500000 794.922804 3.549212 3.544697 16.538506
 68700.000000 -842717.687500 793.919126 3.233942 3.249577 16.410661
 68720.000000 -845205.687500 795.220999 3.302017 3.472359 16.579330
 68740.000000 -844598.937500 796.319100 3.550144 3.394520 16.522777
 68760.000000 -844807.500000 794.203159 3.659127 3.411179 16.472940
 68780.000000 -846583.250000 794.098710 3.489070 3.093103 16.500283
 68800.000000 -845081.187500 793.364383 3.583281 3.425428 16.707413
 68820.000000 -845032.562500 793.702640 3.487473 3.541454 16.557713
 68840.000000 -844828.250000 794.590965 3.380494 3.493417 16.363917
 68860.000000 -845364.250000 792.622005 3.484860 3.617160 16.659846
 68880.000000 -845873.937500 793.282662 3.320827 3.266712 16.699537
 68900.000000 -844635.250000 794.255836 3.409602 3.414082 16.574670
 68920.000000 -845218.562500 794.729974 3.242078 3.428875 16.296139
 68940.000000 -844210.250000 794.337357 3.295067 3.293750 16.297702
 68960.000000 -845752.375000 794.093377 3.312542 3.301025 16.459748
 68980.000000 -846871.937500 792.028838 3.465162 3.368900 16.890718
 69000.000000 -845041.500000 792.834014 3.323534 3.227702 16.731151
 69020.000000 -845847.375000 794.737105 3.194389 3.621243 16.732064
 69040.000000 -845169.062500 795.358850 3.268261 3.668027 16.490006
 69060.000000 -844218.812500 796.065652 3.127336 3.666287 16.628889
 69080.000000 -846448.875000 794.307462 3.427884 3.638435 16.619326
 69100.000000 -845435.437500 794.769746 3.418775 3.235574 16.286931
 69120.000000 -844094.750000 794.550685 3.446893 3.301502 16.333767
 69140.000000 -844409.312500 796.860883 3.348513 3.273910 16.395244
 69160.000000 -844766.125000 794.056073 2.988080 3.287689 16.458645
 69180.000000 -845830.125000 794.405317 3.376713 3.460139 16.612375
 69200.000000 -844106.437500 797.244931 3.363370 3.288903 16.540800
 69220.000000 -843694.000000 795.938973 3.464411 3.335220 16.566413
 69240.000000 -842078.062500 798.175186 3.599510 3.239648 16.650612
 69260.000000 -843571.375000 795.848827 3.488642 3.208503 16.456857
 69280.000000 -844473.875000 792.734976 3.443421 3.357106 16.578281
 69300.000000 -844546.562500 795.193868 3.223346 3.405200 16.543185
 69320.000000 -843707.375000 797.205132 3.569396 3.469817 16.595069
 69340.000000 -843836.687500 794.512147 3.547431 3.560916 16.364013
 69360.000000 -844312.125000 795.296516 3.540127 3.637307 16.728600
 69380.000000 -844354.875000 796.532890 3.460686 3.486846 16.513823
 69400.000000 -845733.562500 795.140977 3.679666 3.567135 16.301098
 69420.000000 -844877.500000 794.673151 3.426885 3.809100 16.471537
 69440.000000 -845041.937500 796.909499 3.565958 3.814679 16.532872
 69460.000000 -846127.750000 792.987106 3.634464 3.873391 16.545240
 69480.000000 -844880.187500 794.437097 3.558371 3.298662 16.594460
 69500.000000 -845478.375000 792.839409 3.615525 3.312498 16.606076
 69520.000000 -846436.250000 789.870271 3.594607 3.104396 16.365692
 69540.000000 -844376.000000 794.673687 3.504778 3.265911 16.539523
 69560.000000 -844249.500000 795.337154 3.329706 3.673037 16.719738
 69580.000000 -845738.875000 792.958357 3.469848 3.563710 16.650545
 69600.000000 -844591.125000 795.709182 3.383610 3.472599 16.576927
 69620.000000 -842743.687500 796.193751 3.482346 3.452766 16.575128
 69640.000000 -845688.062500 793.630083 3.578746 3.454318 16.253003
 69660.000000 -843762.375000 795.208990 3.441433 3.314495 16.370598
 69680.000000 -845008.312500 795.690379 3.416382 3.067718 16.482658
 69700.000000 -845123.562500 793.333562 3.387055 3.527101 16.682033
 69720.000000 -844700.437500 796.797829 3.263026 3.093091 16.729529
 69740.000000 -845743.312500 793.302361 3.144680 3.240521 16.374101
 69760.000000 -844759.062500 795.355222 3.227117 3.419684 16.394665
 69780.000000 -843660.750000 796.683509 3.370809 3.579814 16.823512
 69800.000000 -843994.687500 796.705386 3.408160 3.625287 16.572901
 69820.000000 -844165.187500 795.835896 3.363196 3.520617 16.527945
 69840.000000 -843848.437500 795.692502 3.382468 3.558475 16.485563
 69860.000000 -845769.750000 791.430144 3.540887 3.653896 16.478521
 69880.000000 -845280.937500 795.965022 3.648020 3.495524 16.542671
 69900.000000 -844994.125000 794.924317 3.564964 3.482972 16.250815
 69920.000000 -844569.500000 792.779448 3.530108 3.246263 16.234696
 69940.000000 -845908.937500 792.617600 3.459810 3.284750 16.255240
 69960.000000 -846653.125000 793.170633 3.413326 3.542487 16.486641
 69980.000000 -845874.000000 794.586086 3.359454 3.545057 16.501915
 70000.000000 -845032.437500 795.352573 3.343437 3.462707 16.387064
 70020.000000 -846661.125000 794.647506 3.379018 3.354149 16.410404
 70040.000000 -843749.062500 796.555340 3.205845 3.425552 16.577754
 70060.000000 -847045.625000 796.536956 3.317241 3.474649 16.546744
 70080.000000 -843952.625000 797.880303 3.625143 3.437960 16.705198
 70100.000000 -845383.937500 791.749247 3.534230 3.401715 16.603108
 70120.000000 -845065.937500 793.971705 3.345903 3.191567 16.791399
 70140.000000 -845513.125000 795.566586 3.544970 3.342331 16.762628
 70160.000000 -844689.562500 795.923021 3.722165 3.325227 16.668139
 70180.000000 -846316.000000 793.621540 3.722681 3.234705 16.505806
 70200.000000 -842916.062500 795.094786 3.437707 3.165399 16.827995
 70220.000000 -844910.187500 795.649376 3.704165 3.296496 16.746528
 70240.000000 -844918.062500 798.256964 3.394901 3.565252 16.437294
 70260.000000 -843097.062500 793.709962 3.321892 3.739174 16.380438
 70280.000000 -844859.437500 793.763555 3.112492 3.474603 16.568290
 70300.000000 -843628.562500 794.325762 3.287314 3.289182 16.445673
 70320.000000 -845883.000000 792.967794 3.353110 3.549686 16.728842
 70340.000000 -846492.062500 793.811840 3.598053 3.554217 16.870779
 70360.000000 -844553.562500 797.846426 3.541060 3.221230 16.687620
 70380.000000 -846669.937500 791.588534 3.185796 3.388369 16.736379
 70400.000000 -843887.687500 793.704724 3.160458 3.189471 16.827159
 70420.000000 -845070.687500 795.231788 3.089768 3.245503 16.377213
 70440.000000 -843979.187500 792.374037 3.413011 3.224766 16.367595
 70460.000000 -842870.000000 797.902607 3.224147 3.410166 16.607455
 70480.000000 -843061.562500 796.680274 3.266470 3.305336 16.437959
 70500.000000 -843909.875000 797.224889 3.354741 3.414494 16.355066
 70520.000000 -843974.875000 791.657263 3.399528 3.335639 16.685819
 70540.000000 -844386.250000 796.272149 3.457708 3.428964 16.472534
 70560.000000 -845779.312500 793.686583 3.664124 3.492541 16.575394
 70580.000000 -844530.437500 796.429164 3.325935 3.266166 16.550268
 70600.000000 -846141.187500 793.311571 3.207722 3.269492 16.124321
 70620.000000 -845224.562500 794.831465 3.423142 3.282720 16.550627
 70640.000000 -846335.187500 792.622593 3.645661 3.301372 16.393975
 70660.000000 -844640.875000 796.792819 3.619480 3.423683 16.492709
 70680.000000 -844495.687500 797.220508 3.586510 3.513519 16.502411
 70700.000000 -844066.375000 795.578415 3.275774 3.700630 16.468477
 70720.000000 -843610.562500 795.098167 3.397088 3.557002 16.501919
 70740.000000 -844772.812500 795.331306 3.098204 3.357057 16.389326
 70760.000000 -845986.562500 795.935227 3.353964 3.644257 16.429541
 70780.000000 -846200.062500 794.101802 3.177643 3.392646 16.192960
 70800.000000 -846467.437500 796.557401 3.365422 3.576196 16.571957
 70820.000000 -846296.875000 794.305842 3.632533 3.316898 16.274102
 70840.000000 -844620.062500 794.095796 3.387494 3.306006 16.702257
 70860.000000 -844986.187500 793.331685 3.590363 3.368576 16.522769
 70880.000000 -844166.500000 794.405483 3.791633 3.433850 16.467525
 70900.000000 -846398.875000 791.935781 3.349653 3.137684 16.577866
 70920.000000 -845270.937500 794.193046 3.397024 3.115105 16.271356
 70940.000000 -846098.000000 793.584069 3.194210 3.216876 16.567051
 70960.000000 -845033.250000 797.235081 3.018702 3.299664 16.589701
 70980.000000 -844617.187500 794.303424 3.192980 3.306030 16.492510
 71000.000000 -843438.937500 797.766069 3.188814 3.539964 16.435193
 71020.000000 -844806.312500 795.000337 3.632482 3.236483 16.340625
 71040.000000 -846083.125000 794.614394 3.256145 3.352072 16.390747
 71060.000000 -844653.875000 795.707035 3.138593 3.699174 16.465512
 71080.000000 -844719.375000 795.519521 3.097973 3.320978 16.551184
 71100.000000 -844652.812500 795.827935 3.482508 3.312092 16.699522
 71120.000000 -845389.125000 794.149423 3.454026 3.395486 16.536903
 71140.000000 -842400.812500 794.256404 3.396682 3.134894 16.680650
 71160.000000 -843509.250000 796.419383 3.417139 3.098375 16.450655
 71180.000000 -845363.687500 794.729053 3.405508 3.258709 16.624763
 71200.000000 -844384.937500 796.389681 3.687665 3.251208 16.671284
 71220.000000 -843624.312500 795.989137 3.443919 3.201294 16.738966
 71240.000000 -843872.812500 796.133079 3.701494 3.138105 16.530281
 71260.000000 -844469.812500 794.038224 3.343693 3.113315 16.390176
 71280.000000 -846214.500000 795.641631 3.347227 3.279755 16.610778
 71300.000000 -846540.687500 793.569682 3.246600 2.951337 16.450017
 71320.000000 -846426.000000 791.889538 3.337464 3.147610 16.728327
 71340.000000 -844741.687500 792.705697 3.396893 3.203435 16.476527
 71360.000000 -845007.250000 793.767922 3.330132 3.437571 16.409602
 71380.000000 -845387.750000 792.729929 3.316890 3.292909 16.442583
 71400.000000 -844797.687500 796.858778 3.513012 3.371504 16.380859
 71420.000000 -846013.187500 794.445577 3.363860 3.492536 16.578891
 71440.000000 -844553.875000 795.301098 3.213474 3.340191 16.563100
 71460.000000 -843195.562500 793.776719 3.481719 3.484771 16.600680
 71480.000000 -844436.812500 794.147489 3.714457 3.225934 16.253144
 71500.000000 -844930.562500 796.470118 3.463599 3.590086 16.537951
 71520.000000 -844737.375000 794.590222 3.401013 3.394895 16.299142
 71540.000000 -845049.062500 794.680434 3.295483 3.177048 16.288002
 71560.000000 -846407.625000 792.807631 3.315652 3.333015 16.405420
 71580.000000 -845020.000000 794.275953 3.567695 3.496980 16.511250
 71600.000000 -846103.062500 793.992567 3.522836 3.289253 16.390164
 71620.000000 -845414.062500 793.762684 3.586897 3.471070 16.680955
 71640.000000 -846538.875000 793.503931 3.514813 3.343559 16.534985
 71660.000000 -844323.187500 793.397147 3.487324 3.181734 16.706174
 71680.000000 -843427.625000 793.121337 3.442795 3.725282 16.717559
 71700.000000 -845580.437500 794.968533 3.291884 3.469769 16.767531
 71720.000000 -844320.687500 795.543559 3.120078 3.278421 16.551741
 71740.000000 -844687.062500 795.541349 3.291771 3.355705 16.722323
 71760.000000 -845934.000000 793.087901 3.527552 3.404355 16.646288
 71780.000000 -844423.562500 794.906820 3.328177 3.472529 16.653533
 71800.000000 -844303.625000 793.216672 3.216441 3.273873 16.327829
 71820.000000 -847159.750000 793.419827 3.198131 3.474489 16.508075
 71840.000000 -845753.437500 797.186919 3.487183 3.684126 16.553490
 71860.000000 -846588.562500 793.972540 3.247935 3.781725 16.607639
 71880.000000 -845214.250000 793.094758 3.432312 3.234651 16.350192
 71900.000000 -843350.125000 795.470817 3.282323 3.311629 16.579013
 71920.000000 -844844.937500 795.087553 3.252016 3.308011 16.727834
 71940.000000 -845050.125000 791.522034 3.602053 3.520445 16.263912
 71960.000000 -844281.000000 795.492095 3.313667 3.213725 16.323101
 71980.000000 -844027.437500 797.985102 3.662953 3.440389 16.466595
 72000.000000 -844750.187500 792.755815 3.439716 2.903744 16.424647
 72020.000000 -843229.062500 797.609506 3.253935 3.426959 16.474438
 72040.000000 -845167.750000 794.752253 3.219060 3.223258 16.597760
 72060.000000 -843535.437500 797.768841 3.090177 3.324336 16.561683
 72080.000000 -843728.187500 795.919878 3.559568 3.322089 16.256591
 72100.000000 -843737.062500 793.116052 3.435826 3.111118 16.454130
 72120.000000 -843600.500000 794.662650 3.531348 3.286854 16.419841
 72140.000000 -844621.812500 793.322566 3.660034 3.444540 16.344613
 72160.000000 -845878.625000 791.875779 3.570131 3.394704 16.795658
 72180.000000 -844300.500000 795.250791 3.484623 3.127055 16.522430
 72200.000000 -846260.437500 797.436697 3.512555 3.363617 16.561621
 72220.000000 -845208.750000 795.136005 3.174277 3.490505 16.454910
 72240.000000 -845984.437500 794.444560 3.257190 3.210443 16.560667
 72260.000000 -844185.625000 794.719089 2.856795 3.371024 16.566603
 72280.000000 -845027.812500 796.002688 3.051002 3.283337 16.531640
 72300.000000 -846451.937500 792.831107 3.388085 3.424972 16.441597
 72320.000000 -845094.000000 794.582505 3.475685 3.556251 16.565390
 72340.000000 -844170.625000 795.113256 3.398146 3.515355 16.537812
 72360.000000 -845705.375000 794.640541 3.647356 3.443014 16.499798
 72380.000000 -844468.187500 793.201497 3.485487 3.218182 16.372995
 72400.000000 -846231.500000 795.721585 3.655763 3.452470 16.508567
 72420.000000 -845903.125000 793.953381 3.323703 3.251978 16.494908
 72440.000000 -845031.312500 792.800480 2.969022 3.283080 16.205743
 72460.000000 -845318.000000 793.954269 3.223719 3.445670 16.634924
 72480.000000 -845938.062500 794.433081 3.153171 3.301332 16.874080
 72500.000000 -846920.187500 794.018903 3.737393 3.313890 16.724253
 72520.000000 -845438.437500 793.848748 3.339952 3.372012 16.457670
 72540.000000 -845533.625000 796.239519 3.530252 3.502886 16.583910
 72560.000000 -844313.375000 791.151888 3.175015 3.245646 16.432911
 72580.000000 -845130.812500 793.362819 3.421753 3.471101 16.480163
 72600.000000 -846480.562500 792.800738 3.573687 3.429157 16.440187
 72620.000000 -844792.812500 797.691041 3.388196 3.407008 16.585731
 72640.000000 -844547.937500 798.483034 3.494902 3.485774 16.644776
 72660.000000 -844564.625000 796.012261 3.313129 3.462066 16.388799
 72680.000000 -844430.812500 796.353771 3.296707 3.412067 16.483482
 72700.000000 -843105.937500 799.009985 3.281782 3.521678 16.495042
 72720.000000 -845503.875000 796.985525 3.377050 3.453491 16.390990
 72740.000000 -846253.375000 795.723148 3.198874 3.591804 16.689324
 72760.000000 -844308.687500 793.646680 3.501776 3.621631 16.894554
 72780.000000 -843958.437500 795.897387 3.481677 3.553178 16.723024
 72800.000000 -844785.812500 793.804019 3.531529 3.575207 16.626873
 72820.000000 -845458.125000 794.189418 3.255145 3.420637 16.580656
 72840.000000 -846337.750000 792.734700 3.463337 3.356413 16.831061
 72860.000000 -844898.062500 794.952573 3.399182 3.183209 16.735697
 72880.000000 -845007.375000 792.782333 3.293583 3.763206 16.668987
 72900.000000 -845325.562500 795.741076 3.592550 3.463783 16.668099
 72920.000000 -845143.750000 796.006421 3.407706 3.240735 16.611665
 72940.000000 -844477.875000 796.706849 3.387547 3.360725 16.396170
 72960.000000 -845578.312500 793.144386 3.373258 3.427819 16.707844
 72980.000000 -844739.812500 796.128487 3.274990 3.403343 16.728621
 73000.000000 -844351.750000 794.373084 3.575962 3.134748 16.568531
 73020.000000 -847103.125000 792.206076 3.577306 3.319948 16.518577
 73040.000000 -845661.125000 792.787571 3.624476 3.529336 16.621124
 73060.000000 -845841.250000 792.105791 3.545557 3.575226 16.652710
 73080.000000 -845126.750000 795.079492 3.458426 3.306816 16.788842
 73100.000000 -844974.250000 795.125669 3.381701 3.308716 16.676274
 73120.000000 -845270.437500 794.829015 3.490269 3.367629 16.405115
 73140.000000 -845666.937500 795.573445 3.412009 3.250040 16.551135
 73160.000000 -845032.125000 792.128113 3.448681 3.523514 16.376897
 73180.000000 -844995.625000 794.368292 3.231409 3.185294 16.267581
 73200.000000 -845375.687500 795.419760 3.090774 3.295963 16.514000
 73220.000000 -845583.750000 794.414153 3.240078 3.102233 16.433882
 73240.000000 -843482.125000 796.918158 3.166000 3.312286 16.516001
 73260.000000 -844004.250000 797.101972 3.243735 3.318089 16.416751
 73280.000000 -846368.937500 796.567355 3.441542 3.326110 16.516086
 73300.000000 -845427.500000 797.000622 3.580584 3.373198 16.447109
 73320.000000 -845050.500000 796.829121 3.386471 3.365994 16.412959
 73340.000000 -842976.375000 795.722350 3.372464 3.525429 16.825205
 73360.000000 -846080.062500 794.705640 3.526228 3.644043 16.668063
 73380.000000 -845506.312500 797.008394 3.359376 3.370417 16.667438
 73400.000000 -844925.562500 794.159319 3.428262 3.284284 16.442966
 73420.000000 -846960.437500 791.970680 3.535336 3.087299 16.624466
 73440.000000 -845406.625000 794.492024 3.436422 3.351322 16.652803
 73460.000000 -844432.562500 795.932539 3.324156 3.468743 16.536847
 73480.000000 -845908.562500 794.328658 3.225244 3.587598 16.598909
 73500.000000 -844866.750000 792.710231 3.288783 3.668090 16.457940
 73520.000000 -845003.750000 797.144498 3.435187 3.634184 16.382166
 73540.000000 -843983.312500 795.375463 2.988282 3.368652 16.349566
 73560.000000 -844853.562500 794.905433 3.239302 3.266065 16.391139
 73580.000000 -845682.625000 794.558758 3.519177 3.373155 16.656578
 73600.000000 -846166.562500 793.841825 3.593030 3.224250 16.391989
 73620.000000 -846759.250000 791.752981 3.308718 3.528454 16.317230
 73640.000000 -844307.937500 798.820326 3.321087 3.339159 16.523740
 73660.000000 -843859.812500 795.922939 3.553424 3.385766 16.323615
 73680.000000 -844735.937500 795.154022 3.341729 3.390121 16.627055
 73700.000000 -844524.750000 795.819673 3.249557 3.516794 16.277632
 73720.000000 -845357.812500 791.449905 3.365099 3.587958 16.504352
 73740.000000 -845082.187500 794.628665 3.385990 3.623499 16.492020
 73760.000000 -845255.500000 795.358602 3.488703 3.365923 16.490423
 73780.000000 -845261.500000 794.281559 3.393437 3.407180 16.506797
 73800.000000 -845476.625000 792.895457 3.347031 3.463873 16.270901
 73820.000000 -844590.187500 795.394347 3.436066 3.538716 16.431240
 73840.000000 -843987.812500 795.264739 3.212249 3.197670 16.744099
 73860.000000 -846050.875000 796.918849 3.329560 3.224731 16.767244
 73880.000000 -845255.625000 795.156832 3.266875 3.223198 16.536005
 73900.000000 -847055.375000 792.825813 3.620893 3.300462 16.414197
 73920.000000 -845211.375000 796.528961 3.382005 3.368506 16.579334
 73940.000000 -846024.812500 791.232367 3.113213 3.695722 16.462768
 73960.000000 -843753.125000 795.988800 3.410389 3.403684 16.384198
 73980.000000 -846203.250000 796.203265 3.430040 3.392761 16.423559
 74000.000000 -844287.187500 799.340693 3.405673 3.316740 16.223220
 74020.000000 -844338.500000 795.240007 3.319205 3.653310 16.284089
 74040.000000 -845207.937500 794.917621 3.694589 3.737584 16.531045
 74060.000000 -845793.812500 794.384016 3.190889 3.573681 16.432739
 74080.000000 -844135.000000 795.996267 3.199827 3.378496 16.489601
 74100.000000 -845065.687500 793.951571 3.227626 3.166234 16.420360
 74120.000000 -845792.250000 794.419831 3.422568 3.435144 16.381258
 74140.000000 -846383.125000 793.539348 3.278500 3.250757 16.456687
 74160.000000 -847302.750000 793.586248 2.974828 3.097106 16.654023
 74180.000000 -844632.375000 794.300804 3.545606 3.544187 16.339492
 74200.000000 -845566.750000 792.001217 3.477750 3.614211 16.388282
 74220.000000 -845857.312500 794.257153 3.338075 3.357582 16.277752
 74240.000000 -844496.750000 794.854118 3.498733 3.330635 16.475222
 74260.000000 -845035.375000 795.585568 3.626367 3.296201 16.534235
 74280.000000 -846025.562500 793.314620 3.290849 3.352615 16.662252
 74300.000000 -844585.750000 793.101114 3.482978 3.328253 16.510857
 74320.000000 -845003.125000 795.599068 3.542103 3.246822 16.326282
 74340.000000 -842443.937500 796.847065 3.353862 3.318764 16.505200
 74360.000000 -844930.937500 794.725231 3.397661 3.213230 16.517217
 74380.000000 -844802.187500 795.848756 3.417149 3.449235 16.452046
 74400.000000 -845009.812500 795.723719 3.665039 3.615133 16.671316
 74420.000000 -844984.375000 793.545661 3.687414 3.202569 16.652010
 74440.000000 -845647.687500 793.746218 3.598441 3.397191 16.252429
 74460.000000 -844107.812500 794.208027 3.529596 3.365183 16.538558
 74480.000000 -845533.937500 793.302185 3.380296 3.428596 16.406162
 74500.000000 -846058.937500 794.603946 3.391654 3.165997 16.283959
 74520.000000 -843831.000000 795.907076 3.685107 3.182510 16.374646
 74540.000000 -845612.125000 793.908036 3.552233 3.208220 16.387536
 74560.000000 -844929.375000 793.681447 3.662479 3.225848 16.478450
 74580.000000 -845209.437500 791.438229 3.365456 3.600847 16.240161
 74600.000000 -847344.000000 795.667663 3.424660 3.586303 16.431999
 74620.000000 -843774.500000 795.095294 3.290724 3.437079 16.247380
 74640.000000 -844719.750000 795.650828 3.202304 3.312279 16.304774
 74660.000000 -844057.937500 796.551706 3.275873 3.303086 16.668228
 74680.000000 -844376.187500 794.103526 3.715324 3.257037 16.408680
 74700.000000 -844556.875000 794.465958 3.539667 3.594828 16.720907
 74720.000000 -844331.750000 792.692939 3.704355 3.629666 16.512045
 74740.000000 -845926.750000 793.944748 3.363413 3.569028 16.450347
 74760.000000 -845705.375000 792.807633 3.375199 3.958803 16.695058
 74780.000000 -845348.312500 792.681246 3.452245 3.652992 16.676152
 74800.000000 -844291.500000 794.512734 3.645544 3.461962 16.739053
 74820.000000 -844720.062500 793.820406 3.367890 2.997118 16.893947
 74840.000000 -845050.062500 796.052946 3.246733 3.090820 16.765599
 74860.000000 -845755.062500 793.272148 3.330119 3.489696 16.339027
 74880.000000 -844575.500000 795.712809 3.320579 3.528596 16.368767
 74900.000000 -845599.750000 793.533781 3.454880 3.324629 16.652314
 74920.000000 -844823.187500 794.935999 3.245848 3.570022 16.358156
 74940.000000 -844920.562500 794.276366 2.959170 3.586212 16.238214
 74960.000000 -844611.312500 795.041689 3.236915 3.459511 16.543019
 74980.000000 -843177.812500 796.635209 3.636535 3.263457 16.468019
 75000.000000 -843640.500000 794.212506 3.324324 3.407002 16.659638
 75020.000000 -843664.375000 797.053357 3.238153 3.444964 16.463628
 75040.000000 -843880.625000 795.729106 3.226451 3.594212 16.699476
 75060.000000 -846480.500000 794.953245 3.525089 3.576805 16.377362
 75080.000000 -846621.250000 789.982880 3.648810 3.405303 16.503421
 75100.000000 -846026.875000 793.402138 3.295524 3.434836 16.301367
 75120.000000 -843993.750000 797.466716 3.299062 3.246107 16.368948
 75140.000000 -845938.062500 798.465301 3.377685 3.318287 16.548829
 75160.000000 -844108.250000 795.460615 3.248092 3.320468 16.496272
 75180.000000 -845075.375000 793.759427 3.306169 3.405214 16.878282
 75200.000000 -845102.250000 794.222132 3.408354 3.159998 16.517096
 75220.000000 -842580.187500 796.088368 3.440686 3.512331 16.699503
 75240.000000 -843470.562500 796.545294 3.633947 3.478493 16.563359
 75260.000000 -844486.500000 796.019224 3.687465 3.570181 16.592616
 75280.000000 -845088.187500 794.558554 3.204188 3.255396 16.273577
 75300.000000 -845500.562500 795.588938 3.319467 3.358260 16.429100
 75320.000000 -847338.625000 795.128322 3.244221 3.293790 16.338143
 75340.000000 -844369.437500 796.452349 3.538803 3.400564 16.300290
 75360.000000 -846513.750000 791.965308 3.378189 3.449319 16.384384
 75380.000000 -846028.500000 793.736041 3.346938 3.590722 16.313838
 75400.000000 -846312.687500 794.067006 3.302355 3.387966 16.382159
 75420.000000 -843397.125000 796.496580 3.514574 3.808211 16.518568
 75440.000000 -843764.062500 796.817378 3.647477 3.340923 16.083176
 75460.000000 -844824.312500 795.108191 3.308851 3.444825 16.435243
 75480.000000 -846020.562500 792.741218 3.454670 3.602432 16.417088
 75500.000000 -844604.562500 794.502399 3.491332 3.664951 16.463199
 75520.000000 -844703.062500 795.960968 3.248861 3.734638 16.216113
 75540.000000 -844216.625000 796.379725 3.581512 3.553046 16.186585
 75560.000000 -843421.250000 794.796676 3.618711 3.310329 16.369575
 75580.000000 -843799.000000 794.780452 3.426962 3.516379 16.535829
 75600.000000 -844902.562500 792.507711 3.332564 3.308107 16.302601
 75620.000000 -844210.125000 796.804255 3.203253 3.498970 16.469070
 75640.000000 -844990.250000 793.810720 3.667854 3.256287 16.615259
 75660.000000 -845257.312500 794.781513 3.507157 3.325771 16.631539
 75680.000000 -845203.437500 794.516009 3.638427 3.314157 16.539167
 75700.000000 -843535.625000 798.003979 3.375966 3.243423 16.220171
 75720.000000 -843357.750000 795.926063 3.457671 3.408415 16.415780
 75740.000000 -844174.250000 794.636999 3.487841 3.328015 16.653979
 75760.000000 -845770.062500 795.695571 3.581143 3.615940 16.646346
 75780.000000 -844428.437500 795.136442 3.707349 3.217837 16.758104
 75800.000000 -844126.500000 797.932539 3.632829 3.196826 16.711741
 75820.000000 -845511.250000 796.243196 3.330592 3.599642 16.522074
 75840.000000 -845601.625000 795.731713 3.296012 3.432594 16.493117
 75860.000000 -844465.062500 795.364800 3.524938 3.336291 16.462286
 75880.000000 -844112.125000 795.826590 3.308783 3.423117 16.262771
 75900.000000 -846073.562500 791.995279 3.515332 3.380262 16.468072
 75920.000000 -844707.625000 794.947120 3.665485 3.567164 16.458964
 75940.000000 -845447.000000 793.416629 3.383183 3.373856 16.344510
 75960.000000 -843820.062500 795.759768 3.177756 3.555122 16.202164
 75980.000000 -845363.875000 794.476542 3.324555 3.445184 16.309166
 76000.000000 -843609.250000 795.350336 3.294572 3.448502 16.515663
 76020.000000 -844029.875000 797.183268 3.338416 3.240600 16.641438
 76040.000000 -844755.562500 794.158697 3.605877 3.310881 16.395019
 76060.000000 -846818.375000 795.102164 3.336828 3.509761 16.401646
 76080.000000 -845279.687500 792.145001 3.446148 3.402301 16.417822
 76100.000000 -844194.875000 795.305515 3.558649 3.173444 16.185533
 76120.000000 -844947.500000 794.557426 3.505684 3.353785 16.360959
 76140.000000 -847602.312500 792.290385 3.499895 3.390382 16.450434
 76160.000000 -844331.562500 792.604861 3.407452 3.463199 16.508737
 76180.000000 -843239.750000 796.313295 3.561357 3.639205 16.357329
 76200.000000 -843532.312500 797.320340 3.432003 3.366067 16.498833
 76220.000000 -841801.625000 794.484171 3.441642 3.409626 16.738622
 76240.000000 -841312.625000 799.842176 3.464519 4.591874 7.516458
 76260.000000 -844517.750000 798.631717 3.259824 4.868329 11.426580
 76280.000000 -844693.562500 794.972611 3.031193 3.863458 15.009130
 76300.000000 -845306.750000 792.348478 3.384627 3.193677 16.049351
 76320.000000 -845072.312500 792.907223 3.667238 3.323154 16.069964
 76340.000000 -844566.750000 795.923782 3.219985 3.271827 16.384898
 76360.000000 -845531.250000 794.784427 3.319459 3.397679 16.574905
 76380.000000 -844243.812500 794.037497 3.177695 3.224096 16.263372
 76400.000000 -844171.125000 795.065144 3.067064 3.435858 16.264427
 76420.000000 -844800.875000 795.475745 3.295029 3.238767 16.394888
 76440.000000 -846750.062500 793.477806 3.382564 3.029260 16.584811
 76460.000000 -844774.312500 792.523719 3.388321 3.362799 16.788191
 76480.000000 -844453.875000 794.164126 3.660631 3.489708 16.472730
 76500.000000 -843138.187500 797.107048 3.717431 3.481899 16.783072
 76520.000000 -845084.250000 791.872836 3.249012 3.620794 16.636291
 76540.000000 -845627.750000 795.184382 3.413530 3.695445 16.535995
 76560.000000 -845666.375000 792.399886 3.682757 3.392087 16.458013
 76580.000000 -844783.937500 795.153064 3.403610 3.222379 16.553251
 76600.000000 -845447.375000 798.158182 3.455830 3.522881 16.777652
 76620.000000 -845260.062500 794.818587 3.262397 3.262019 16.569321
 76640.000000 -845751.750000 795.996669 3.626387 3.431257 16.340004
 76660.000000 -844187.437500 793.655356 3.392856 3.303204 16.108056
 76680.000000 -845144.500000 793.624867 3.523678 3.145792 16.284593
 76700.000000 -846483.750000 795.751036 3.529607 3.256902 16.179603
 76720.000000 -844619.250000 795.280546 3.470170 3.331802 16.287156
 76740.000000 -843680.437500 797.974569 3.729625 3.286119 16.466275
 76760.000000 -843548.125000 795.798683 3.317526 3.549460 16.372520
 76780.000000 -844354.062500 796.644395 3.335095 3.583171 16.732018
 76800.000000 -844258.875000 793.012716 3.247547 3.166439 16.450847
 76820.000000 -845509.250000 793.279567 3.528632 3.492870 16.217039
 76840.000000 -845035.500000 795.411946 3.694948 3.412383 16.631106
 76860.000000 -845389.562500 793.373865 3.361102 3.728173 16.486221
 76880.000000 -844593.437500 794.919015 3.601612 3.455814 16.490591
 76900.000000 -843416.937500 795.212603 3.292967 3.328364 16.389875
 76920.000000 -844105.062500 797.084821 3.683733 3.453052 16.456127
 76940.000000 -844256.875000 797.667450 3.632422 3.379821 16.645270
 76960.000000 -845438.875000 795.060890 3.463924 3.644768 16.504804
 76980.000000 -844472.250000 796.169377 3.410717 3.412949 16.315832
 77000.000000 -846081.437500 793.374938 3.313342 3.429466 16.493007
 77020.000000 -844996.375000 794.356817 3.128289 3.747963 16.395200
 77040.000000 -843693.875000 796.878037 3.109318 3.350763 16.824468
 77060.000000 -842702.500000 797.554909 3.266048 3.585087 16.477081
 77080.000000 -843467.500000 795.555282 3.290110 3.426895 16.352260
 77100.000000 -845564.875000 793.570624 3.212759 3.492158 16.300259
 77120.000000 -845754.625000 791.906179 3.407001 3.419114 16.516129
 77140.000000 -842851.187500 798.826745 3.338712 3.431538 16.423857
 77160.000000 -845047.750000 795.254155 3.443912 3.176978 16.465526
 77180.000000 -843968.187500 797.907521 3.242524 3.483862 16.503059
 77200.000000 -844501.250000 794.178055 3.220253 3.521141 16.642582
 77220.000000 -843352.437500 794.267815 3.495603 3.625096 16.408494
 77240.000000 -844912.687500 792.651484 3.362465 3.637967 16.440931
 77260.000000 -844724.125000 793.402366 3.344176 3.696212 16.622103
 77280.000000 -845182.125000 794.039187 3.641886 3.312042 16.794519
 77300.000000 -843765.250000 795.075009 3.445233 3.403912 16.896034
 77320.000000 -843421.125000 795.324563 3.414241 3.373994 16.666367
 77340.000000 -844428.250000 793.231800 3.468544 3.199252 16.367218
 77360.000000 -844523.500000 793.690765 3.358370 3.289694 16.440315
 77380.000000 -845761.375000 794.268568 3.368168 3.107651 16.490061
 77400.000000 -845850.562500 792.548289 3.653707 3.528794 16.431776
 77420.000000 -845928.812500 794.038683 3.305917 3.542422 16.494828
 77440.000000 -845093.312500 796.934446 3.391770 3.554968 16.215001
 77460.000000 -845458.312500 794.105858 3.570388 3.692642 16.477549
 77480.000000 -845124.375000 793.503407 3.544716 3.360656 16.502509
 77500.000000 -845664.437500 793.759477 3.407918 3.557613 16.409264
 77520.000000 -846106.500000 792.647034 3.446289 3.524807 16.433951
 77540.000000 -844518.250000 795.475088 3.284245 3.367673 16.512507
 77560.000000 -846169.125000 795.412628 3.105187 3.425665 16.499520
 77580.000000 -844695.562500 794.384678 3.249208 3.387653 16.503579
 77600.000000 -845961.812500 794.971428 3.489897 3.568303 16.574901
 77620.000000 -846638.500000 794.396446 3.366793 3.583438 16.523855
 77640.000000 -843820.000000 795.587653 3.466202 3.700712 16.302767
 77660.000000 -844061.875000 793.798590 3.710280 3.407861 16.556229
 77680.000000 -845466.625000 793.536414 3.355452 3.262193 16.296289
 77700.000000 -846233.375000 792.618247 3.287945 3.408418 16.309775
 77720.000000 -844054.250000 794.811021 3.556650 3.544158 16.384145
 77740.000000 -845745.625000 795.483867 3.346900 3.458068 16.586397
 77760.000000 -846038.687500 796.623560 3.573918 3.365513 16.620853
 77780.000000 -846116.812500 794.422555 3.383865 3.364276 16.400897
 77800.000000 -845748.312500 793.433682 3.469369 3.331953 16.351810
 77820.000000 -846888.812500 791.658057 3.615957 3.301983 16.394591
 77840.000000 -844887.750000 797.119308 3.472498 3.774501 16.396965
 77860.000000 -843611.937500 794.096267 3.245817 3.745775 16.438180
 77880.000000 -846641.812500 792.851758 3.344148 3.853074 16.579777
 77900.000000 -845396.937500 796.341040 3.495260 3.788328 16.682111
 77920.000000 -845791.125000 793.495066 3.632960 3.259331 16.379226
 77940.000000 -845532.437500 795.583271 3.506950 3.354034 16.527331
 77960.000000 -846038.312500 792.903454 3.453044 3.404615 16.610566
 77980.000000 -844920.500000 796.525914 3.600179 3.482013 16.526440
 78000.000000 -846395.437500 794.032287 3.469848 3.223818 16.303606
 78020.000000 -845383.062500 796.737604 3.625883 3.395749 16.499120
 78040.000000 -845311.937500 794.908393 3.335799 3.479851 16.551308
 78060.000000 -846458.312500 792.868642 3.363883 3.346705 16.553904
 78080.000000 -844521.000000 796.391824 3.085068 3.525040 16.589840
 78100.000000 -845385.937500 795.981233 3.283643 3.406485 16.431444
 78120.000000 -845452.812500 795.629980 3.174091 3.381027 16.500015
 78140.000000 -845902.562500 794.948715 3.249105 3.150411 16.484666
 78160.000000 -843366.812500 794.959146 3.398750 3.426200 16.376043
 78180.000000 -844344.437500 793.786291 3.519474 3.634984 16.631163
 78200.000000 -845409.500000 792.913271 3.313531 3.379589 16.638449
 78220.000000 -844937.812500 794.824018 3.469458 3.173371 16.805800
 78240.000000 -845541.437500 793.191917 3.556670 3.437015 16.613649
 78260.000000 -844955.500000 793.281495 3.490745 3.630705 16.402269
 78280.000000 -845699.625000 795.092802 3.275928 3.379403 16.472371
 78300.000000 -843233.250000 796.632774 3.444732 3.316510 16.354715
 78320.000000 -844008.937500 795.078235 3.568964 3.487575 16.395514
 78340.000000 -846528.875000 794.610269 3.418919 3.558564 16.447472
 78360.000000 -845004.937500 793.667045 3.261823 3.558679 16.537764
 78380.000000 -845523.937500 792.890834 3.493161 3.454277 16.746887
 78400.000000 -845392.562500 794.411376 3.293541 3.516442 16.778705
 78420.000000 -846827.125000 794.248980 3.498751 3.377114 16.461057
 78440.000000 -845943.125000 794.649848 3.559156 3.307347 16.587813
 78460.000000 -844905.187500 792.535909 3.252949 2.907048 16.610425
 78480.000000 -844262.687500 795.597805 3.394590 3.185141 16.499885
 78500.000000 -844858.625000 796.231213 3.121255 3.385988 16.475035
 78520.000000 -845257.437500 794.049032 3.153273 3.528732 16.435147
 78540.000000 -844701.437500 793.833134 3.484592 3.486714 16.171307
 78560.000000 -844104.625000 796.815965 3.598893 3.370634 16.439061
 78580.000000 -844185.500000 795.668891 3.387939 3.516438 16.500003
 78600.000000 -845424.062500 793.724771 3.548924 3.630832 16.555674
 78620.000000 -843493.125000 793.487542 3.427349 3.402597 16.680123
 78640.000000 -844551.750000 795.249793 3.300737 3.292329 16.689310
 78660.000000 -846440.437500 793.801340 3.074830 3.537836 16.647568
 78680.000000 -845379.250000 792.417324 3.237437 3.439241 16.429220
 78700.000000 -846086.562500 794.550156 3.427413 3.065223 16.414770
 78720.000000 -846228.562500 794.909239 3.791484 3.430642 16.624659
 78740.000000 -843991.437500 796.199813 3.382291 3.536988 16.708712
 78760.000000 -845360.562500 794.794686 3.262829 3.254521 16.530656
 78780.000000 -846214.687500 793.344419 3.374370 3.214691 16.421363
 78800.000000 -846765.375000 792.349897 3.400115 3.115916 16.457438
 78820.000000 -847234.750000 792.014348 3.307078 3.315411 16.445594
 78840.000000 -844665.812500 795.287454 3.423857 3.350729 16.249973
 78860.000000 -845009.687500 794.006435 3.265724 3.536184 16.626226
 78880.000000 -843310.812500 792.960039 3.282137 3.227950 16.465401
 78900.000000 -842486.250000 795.280901 3.374865 3.534702 16.318567
 78920.000000 -843915.625000 794.909961 3.232411 3.483238 16.584421
 78940.000000 -844618.812500 793.864434 3.154685 3.167428 16.597581
 78960.000000 -844292.250000 796.464270 3.246681 3.342122 16.395939
 78980.000000 -843585.375000 794.609784 3.259505 3.306946 16.424151
 79000.000000 -845116.062500 794.208433 3.218120 3.610943 16.499477
 79020.000000 -845218.625000 794.399894 3.047005 3.403080 16.585130
 79040.000000 -845518.437500 794.266629 3.333363 3.209743 16.343488
 79060.000000 -845500.187500 792.370129 3.414393 3.330841 16.290910
 79080.000000 -845030.812500 791.605012 3.399090 3.319522 16.468386
 79100.000000 -845434.875000 794.354712 3.124084 3.729559 16.458376
 79120.000000 -845422.937500 793.768028 3.187381 3.418423 16.331594
 79140.000000 -843586.500000 794.116497 3.214266 3.667334 16.454084
 79160.000000 -845498.687500 793.265639 3.303674 3.574944 16.777484
 79180.000000 -843536.000000 795.633284 3.450295 3.710278 16.262185
 79200.000000 -844525.187500 796.669472 3.299448 3.394637 16.400045
 79220.000000 -845643.687500 792.363267 3.454247 3.268933 16.510897
 79240.000000 -844669.000000 793.743214 3.624720 3.484561 16.352338
 79260.000000 -842416.062500 795.202752 3.711409 3.776750 16.214433
 79280.000000 -844741.250000 796.375670 3.779817 3.631174 16.565512
 79300.000000 -844424.937500 796.853022 3.519588 3.546255 16.813128
 79320.000000 -844636.687500 796.132751 3.259014 3.789539 16.553732
 79340.000000 -846716.812500 793.542404 3.470269 3.811431 16.765100
 79360.000000 -845138.375000 794.915776 3.374730 3.310994 16.584012
 79380.000000 -843751.375000 795.619339 3.677640 2.996051 16.417772
 79400.000000 -845553.000000 794.703080 3.824234 3.306262 16.308186
 79420.000000 -845311.000000 793.637008 3.678520 3.191180 16.624166
 79440.000000 -845100.250000 793.982093 3.411979 3.453054 16.498857
 79460.000000 -845074.875000 792.605841 3.198639 3.581756 16.212125
 79480.000000 -846362.062500 794.073196 3.220976 3.569003 16.367149
 79500.000000 -845773.250000 792.481852 3.194443 3.324698 16.797773
 79520.000000 -844356.562500 795.076844 3.355956 3.244360 16.595696
 79540.000000 -846144.187500 791.758345 3.406967 3.492965 16.582479
 79560.000000 -844311.375000 797.376064 3.450728 3.643609 16.516991
 79580.000000 -846381.500000 794.580624 3.365949 3.734702 16.701158
 79600.000000 -845713.937500 796.098741 3.321990 3.454596 16.579485
 79620.000000 -846565.187500 795.298024 3.480514 3.434851 16.566065
 79640.000000 -844195.875000 794.288640 3.272328 3.170309 16.373561
 79660.000000 -846130.937500 794.633401 3.136426 3.248691 16.607060
 79680.000000 -845442.625000 795.782882 3.319410 3.536076 16.671739
 79700.000000 -844359.000000 792.202532 3.211387 3.651847 16.319963
 79720.000000 -845492.187500 795.036092 3.579853 3.483005 16.327711
 79740.000000 -842950.437500 796.249401 3.472221 3.690631 16.505045
 79760.000000 -843420.000000 796.569036 3.238914 3.682126 16.784637
 79780.000000 -842784.125000 796.485740 3.131076 3.632017 16.606751
 79800.000000 -844456.875000 793.676326 3.261981 3.374028 16.599682
 79820.000000 -845091.500000 793.384426 3.449463 3.295342 16.415814
 79840.000000 -843865.812500 795.796765 3.278870 3.309482 16.725039
 79860.000000 -844563.937500 795.767425 3.417597 3.588592 16.520123
 79880.000000 -845294.312500 794.575241 3.593657 3.771033 16.755845
 79900.000000 -846042.500000 791.902106 3.409614 3.301219 16.559302
 79920.000000 -844576.312500 793.769647 3.489909 3.418967 16.573440
 79940.000000 -845255.500000 795.769507 3.259991 3.648583 16.421468
 79960.000000 -845377.562500 795.346691 3.425076 3.584703 16.506516
 79980.000000 -844152.625000 797.159680 3.368533 3.228564 16.409899
 80000.000000 -843641.312500 795.865315 3.441328 3.150736 16.548076
 80020.000000 -844253.875000 794.728976 3.426068 3.397751 16.473670
 80040.000000 -844237.750000 794.249214 3.504010 3.261846 16.356493
 80060.000000 -843281.875000 797.909210 2.949783 3.269382 16.507438
 80080.000000 -844084.750000 796.618731 3.270660 3.527287 16.666964
 80100.000000 -844377.500000 794.301559 3.329095 3.622520 16.347882
 80120.000000 -844329.812500 794.594156 3.104743 3.371482 16.269057
 80140.000000 -844688.500000 793.643259 3.006533 3.332723 16.603004
 80160.000000 -846913.625000 791.984205 3.338801 3.467493 16.646360
 80180.000000 -844074.125000 796.677834 3.200055 3.743786 16.598577
 80200.000000 -843366.125000 794.875549 3.369307 3.621701 16.382235
 80220.000000 -844051.625000 793.071634 3.442995 3.453072 16.454570
 80240.000000 -843116.250000 795.700444 3.285567 3.446924 16.425217
 80260.000000 -843518.937500 793.427760 3.329812 3.400603 16.365326
 80280.000000 -845258.437500 796.012635 3.395422 3.494951 16.551354
 80300.000000 -843179.187500 793.470221 3.110663 3.582618 16.493067
 80320.000000 -845660.437500 797.062781 3.136934 3.514049 16.431851
 80340.000000 -845799.937500 794.259609 3.146312 3.136686 16.434212
 80360.000000 -844816.000000 795.785744 3.272392 3.331836 16.462674
 80380.000000 -846295.250000 792.717600 3.258527 3.287403 16.654868
 80400.000000 -844057.437500 795.073691 3.309608 3.195743 16.296839
 80420.000000 -844702.875000 796.445585 3.160408 3.091926 16.546688
 80440.000000 -845975.187500 798.582064 3.339394 3.370824 16.542185
 80460.000000 -842557.125000 794.001280 3.351935 3.223731 16.666452
 80480.000000 -846004.062500 792.879637 3.370322 3.514544 16.797210
 80500.000000 -846067.000000 794.460574 3.588092 3.229905 16.679181
 80520.000000 -845372.187500 794.647133 3.191253 3.466079 16.441793
 80540.000000 -844265.125000 793.356393 3.088397 3.492243 16.411346
 80560.000000 -844692.375000 793.681362 3.354598 3.515928 16.517054
 80580.000000 -843996.125000 793.965715 3.641271 3.331986 16.555242
 80600.000000 -846581.750000 794.881870 3.727486 3.182236 16.416223
 80620.000000 -844670.250000 796.462681 3.340168 3.302241 16.178511
 80640.000000 -843318.375000 796.283153 3.576483 3.245954 16.628954
 80660.000000 -847364.000000 795.778350 3.418682 3.292711 16.416863
 80680.000000 -845334.312500 795.332233 3.533034 3.461894 16.092306
 80700.000000 -843469.562500 792.229149 3.490862 3.695448 16.580780
 80720.000000 -844994.937500 794.932864 3.689401 3.560459 16.472322
 80740.000000 -846782.250000 791.746022 3.670317 3.630486 16.676178
 80760.000000 -844798.375000 796.197613 3.522438 3.389158 16.685461
 80780.000000 -845396.250000 792.460101 3.330027 3.448679 16.701292
 80800.000000 -846600.500000 793.728707 3.263304 3.373060 16.756754
 80820.000000 -844271.125000 794.158580 3.115748 3.345478 16.583498
 80840.000000 -844275.187500 794.443984 3.437510 3.611747 16.273869
 80860.000000 -843034.437500 795.710938 3.480311 3.574086 16.341730
 80880.000000 -845420.875000 792.372726 3.474815 3.196949 16.433514
 80900.000000 -845288.562500 793.354643 3.377914 3.326703 16.542761
 80920.000000 -844670.562500 794.955000 3.223064 3.436438 16.382076
 80940.000000 -843508.312500 795.258266 3.205812 3.249881 16.344633
 80960.000000 -844468.687500 795.580177 3.267521 3.390659 16.210999
 80980.000000 -846580.812500 795.571839 3.425725 3.493003 16.380597
 81000.000000 -844255.687500 794.409144 3.380074 3.259857 16.540780
 81020.000000 -845802.062500 790.830010 3.219687 3.401317 16.390942
 81040.000000 -843217.437500 794.695048 3.514993 3.475245 16.574467
 81060.000000 -845355.187500 796.982208 3.631427 3.460310 16.699418
 81080.000000 -845093.250000 794.498899 3.248158 3.558309 16.374274
 81100.000000 -843511.625000 792.571377 3.351603 3.141545 16.127297
 81120.000000 -845705.812500 795.187381 3.427523 3.463783 16.678539
 81140.000000 -845301.812500 793.071153 3.318788 3.373374 16.188795
 81160.000000 -844132.437500 794.003637 3.022792 3.532029 16.472479
 81180.000000 -843873.500000 794.570439 3.407371 3.271392 16.410269
 81200.000000 -845183.312500 793.787265 3.594724 3.388765 16.230064
 81220.000000 -844386.937500 793.519809 3.530285 3.456307 16.333892
 81240.000000 -843645.937500 793.502220 3.571858 3.406595 16.110858
 81260.000000 -845818.125000 795.953025 3.448760 3.417289 16.209923
 81280.000000 -846334.687500 792.758518 3.466290 3.480989 16.376062
 81300.000000 -845699.187500 794.740428 3.608787 3.509260 16.532497
 81320.000000 -843127.625000 795.439376 3.308795 3.563784 16.901013
 81340.000000 -844216.625000 794.049164 3.349258 3.663449 16.701261
 81360.000000 -843158.500000 798.296802 3.366597 3.555191 16.432313
 81380.000000 -847304.125000 792.465101 3.520569 3.475648 16.493749
 81400.000000 -846072.250000 793.126688 3.353027 3.354347 16.553092
 81420.000000 -845920.687500 794.547670 3.330574 3.254357 16.563370
 81440.000000 -843914.687500 795.271190 3.318206 3.652889 16.354066
 81460.000000 -845493.937500 794.914807 3.203965 3.328338 16.442669
 81480.000000 -844552.875000 795.129583 3.449049 3.719113 16.408256
 81500.000000 -843951.437500 794.576078 3.216080 3.573082 16.547299
 81520.000000 -847204.312500 792.893536 3.299189 3.498254 16.582682
 81540.000000 -845720.750000 793.247530 3.403953 3.721261 16.703340
 81560.000000 -845004.375000 793.644661 3.476218 3.363814 16.608918
 81580.000000 -846029.375000 792.954580 3.392501 3.314090 16.533735
 81600.000000 -844762.500000 795.268516 3.452757 3.328882 16.535858
 81620.000000 -845600.625000 794.432754 3.585765 3.324781 16.761220
 81640.000000 -846908.187500 794.657582 3.768380 3.464939 16.745518
 81660.000000 -844376.812500 794.655274 3.337460 3.260729 16.482065
 81680.000000 -843389.187500 793.991368 3.590150 3.657655 16.424790
 81700.000000 -845819.687500 795.210543 3.488594 3.369106 16.440921
 81720.000000 -843386.250000 794.508394 3.496930 3.094676 16.377611
 81740.000000 -842913.937500 794.582472 3.572051 3.382846 16.360066
 81760.000000 -844420.875000 795.092249 3.445343 3.369591 16.362293
 81780.000000 -844345.437500 796.659386 3.486727 3.329938 16.419143
 81800.000000 -845231.187500 794.238479 3.720036 3.350880 16.207690
 81820.000000 -846640.562500 794.665461 3.712567 3.400923 16.379836
 81840.000000 -844884.250000 792.159051 3.565953 3.433753 16.557547
 81860.000000 -847143.750000 795.710785 3.650483 3.227154 16.414577
 81880.000000 -843558.250000 797.139697 3.329838 3.044384 16.443172
 81900.000000 -844227.062500 796.996613 3.292065 3.377372 16.353203
 81920.000000 -843998.437500 795.129792 3.582280 3.360719 16.436731
 81940.000000 -844170.437500 796.044309 3.367001 3.366456 16.674240
 81960.000000 -845827.625000 793.865788 3.425757 3.362657 16.585165
 81980.000000 -844774.375000 795.195489 3.385686 3.429111 16.523587
 82000.000000 -846567.875000 794.447838 3.478442 3.455748 16.713964
 82020.000000 -843919.687500 795.048681 3.341686 3.411452 16.675057
 82040.000000 -843176.250000 798.195062 3.456917 3.323965 16.269910
 82060.000000 -844830.750000 796.362678 3.569569 3.222351 16.372723
 82080.000000 -844771.937500 797.271910 3.545203 3.376234 16.297514
 82100.000000 -845507.187500 794.054732 3.495923 3.492040 16.403879
 82120.000000 -846206.562500 792.900054 3.553604 3.836510 16.418867
 82140.000000 -843873.750000 795.136915 3.444508 3.657629 16.599462
 82160.000000 -844115.312500 797.278950 3.223204 3.486398 16.546437
 82180.000000 -844859.375000 796.484776 3.197604 3.315060 16.166250
 82200.000000 -843546.375000 794.960525 3.132236 3.405242 16.173688
 82220.000000 -843866.812500 795.735425 3.290733 3.569004 16.453321
 82240.000000 -847264.625000 794.177892 3.426857 3.490340 16.516801
 82260.000000 -846207.750000 792.456020 3.221604 3.444006 16.474695
 82280.000000 -844397.562500 794.343215 3.064010 3.172255 16.179874
 82300.000000 -845309.500000 793.796371 3.407729 3.298189 16.375173
 82320.000000 -846833.500000 792.386982 3.374336 3.253558 16.295690
 82340.000000 -844069.250000 794.052068 3.143960 3.429385 16.388461
 82360.000000 -842167.812500 794.700350 3.168013 3.302592 16.458094
 82380.000000 -846825.937500 793.677033 3.400085 3.458923 16.473810
 82400.000000 -845573.750000 794.092581 3.440209 3.561541 16.284536
 82420.000000 -842933.250000 798.238872 3.433828 3.597230 16.566452
 82440.000000 -843984.500000 795.509458 3.325519 3.470201 16.348753
 82460.000000 -844195.312500 793.913665 3.400699 3.335258 16.533658
 82480.000000 -846650.687500 791.938166 3.360973 3.277108 16.380750
 82500.000000 -845247.312500 793.085281 3.589169 3.591324 16.317089
 82520.000000 -843952.937500 794.757773 3.143541 3.598813 16.389142
 82540.000000 -844429.312500 796.847584 2.999702 3.152899 16.406047
 82560.000000 -845115.937500 798.004209 3.182901 3.392476 16.530767
 82580.000000 -845581.812500 795.427706 3.236520 3.713024 16.250179
 82600.000000 -844045.687500 791.944508 3.388648 3.530206 16.317462
 82620.000000 -844064.875000 794.282769 3.589572 3.214030 16.311207
 82640.000000 -845888.750000 792.522542 3.484893 3.432803 16.495416
 82660.000000 -844437.312500 796.690466 3.440776 3.317381 16.442680
 82680.000000 -844359.750000 792.513034 3.386107 3.406094 16.308896
 82700.000000 -843218.125000 794.651494 3.456407 3.254662 16.480210
 82720.000000 -844866.437500 793.135759 3.603220 3.220165 16.406500
 82740.000000 -843231.125000 791.938231 3.604510 3.568571 16.317357
 82760.000000 -845068.875000 794.472304 3.423962 3.716731 16.357701
 82780.000000 -844672.937500 795.655949 3.532572 3.376101 16.420113
 82800.000000 -844438.875000 793.375717 3.529612 3.247075 16.513216
 82820.000000 -845729.687500 795.832512 3.423907 3.399246 16.691167
 82840.000000 -843664.250000 794.885847 3.456122 3.511873 16.593265
 82860.000000 -845534.375000 794.616953 3.363570 3.447910 16.422620
 82880.000000 -846174.937500 794.960543 3.304488 3.344241 16.583862
 82900.000000 -846324.500000 793.046120 3.100850 3.590684 16.803198
 82920.000000 -845021.437500 794.020849 3.307092 3.354991 16.646147
 82940.000000 -843989.187500 795.610968 3.594925 3.299846 16.420491
 82960.000000 -843342.812500 794.819784 3.714951 3.298388 16.559496
 82980.000000 -844848.687500 795.546955 3.246758 3.498846 16.525454
 83000.000000 -846915.500000 795.400022 3.373214 3.690303 16.646289
 83020.000000 -846070.625000 790.607350 3.404478 3.494798 16.540469
 83040.000000 -845396.062500 793.952326 3.254336 3.362968 16.504320
 83060.000000 -845157.437500 794.071386 3.553704 3.177675 16.492235
 83080.000000 -844216.437500 793.736148 3.340703 3.427184 16.436754
 83100.000000 -844667.312500 794.001983 3.180777 3.675147 16.382298
 83120.000000 -845110.000000 795.301310 3.444400 3.305518 16.762909
 83140.000000 -843355.375000 792.279288 3.468460 3.148134 16.638366
 83160.000000 -844362.312500 792.615712 3.375321 3.258354 16.625186
 83180.000000 -844324.187500 796.229346 3.436679 3.337826 16.572179
 83200.000000 -842517.875000 796.341976 3.374690 3.604974 16.481390
 83220.000000 -845665.875000 792.916966 3.263918 3.545750 16.400236
 83240.000000 -845682.125000 796.986023 3.359494 3.392426 16.513446
 83260.000000 -844936.625000 793.408551 3.345496 3.214797 16.307415
 83280.000000 -847235.687500 791.720165 3.429870 3.414356 16.608708
 83300.000000 -845398.937500 794.083149 3.410693 3.333702 16.492080
 83320.000000 -845219.125000 794.643414 3.681359 3.420359 16.617282
 83340.000000 -844667.875000 794.912641 3.516246 3.256738 16.648700
 83360.000000 -844968.375000 793.221816 3.247885 3.172623 16.630158
 83380.000000 -845883.562500 795.009858 3.197247 3.332947 16.553241
 83400.000000 -844643.062500 795.124922 3.280214 3.394341 16.378539
 83420.000000 -847366.062500 795.171745 3.558523 3.298556 16.400334
 83440.000000 -846234.125000 794.139110 3.497165 3.369425 16.672513
 83460.000000 -843993.875000 794.155534 3.607678 3.366791 16.358250
 83480.000000 -846452.187500 793.833410 3.830797 3.294690 16.127053
 83500.000000 -844543.625000 794.840757 3.316571 3.074659 16.235057
 83520.000000 -844381.312500 794.375934 3.445898 3.239562 16.340459
 83540.000000 -844473.812500 795.597626 3.241053 3.474121 16.482318
 83560.000000 -845350.687500 795.787833 3.386315 3.318630 16.358087
 83580.000000 -843814.062500 795.055474 3.367939 3.608583 16.547645
 83600.000000 -843821.312500 796.076749 3.270736 3.430158 16.279844
 83620.000000 -844976.625000 795.567241 3.291099 3.238031 16.324754
 83640.000000 -844686.062500 796.010597 3.383665 3.315199 16.544217
 83660.000000 -844868.187500 794.414560 3.576283 3.147204 16.420992
 83680.000000 -844569.062500 795.911204 3.454647 3.485794 16.219577
 83700.000000 -844909.812500 794.421909 3.590759 3.507336 16.252227
 83720.000000 -844328.687500 795.949037 3.440690 3.559569 16.514605
 83740.000000 -844340.562500 795.867402 3.133958 3.649050 16.609462
 83760.000000 -845332.125000 795.102043 3.569776 3.607280 16.502819
 83780.000000 -843581.750000 795.389644 3.324307 3.265665 16.640078
 83800.000000 -845885.250000 794.115646 3.551096 3.286435 16.590921
 83820.000000 -844130.062500 790.351145 3.374517 3.249678 16.752094
 83840.000000 -845777.187500 793.314616 3.271343 3.508664 16.475340
 83860.000000 -844778.937500 794.229289 3.490502 3.532461 16.504783
 83880.000000 -844538.812500 796.666617 3.561005 3.270458 16.501607
 83900.000000 -846466.937500 794.845620 3.573123 3.386497 16.503670
 83920.000000 -845535.250000 795.592975 3.481095 3.525270 16.595143
 83940.000000 -844591.812500 793.493785 3.259156 3.352651 16.607687
 83960.000000 -845287.875000 795.597379 3.254387 3.582143 16.608159
 83980.000000 -845253.437500 796.626848 3.282723 3.377253 16.713118
 84000.000000 -842703.312500 795.790515 3.559487 3.202497 16.697184
 84020.000000 -842278.437500 796.493092 3.826782 3.161736 16.669751
 84040.000000 -843342.687500 795.288166 3.669326 3.115851 16.767782
 84060.000000 -844623.937500 792.701590 3.144625 3.571478 16.616750
 84080.000000 -845804.312500 794.289266 3.341481 3.585139 16.712494
 84100.000000 -845857.125000 794.457484 3.479215 3.378639 16.412107
 84120.000000 -844846.000000 793.542337 3.596534 3.767646 16.395435
 84140.000000 -845992.500000 796.094297 3.363459 3.483194 16.547892
 84160.000000 -845588.750000 795.500217 3.352985 3.284975 16.498725
 84180.000000 -843996.625000 795.174743 3.524850 3.492894 16.409129
 84200.000000 -844219.187500 795.816994 3.451008 3.303229 16.611595
 84220.000000 -846120.812500 793.258507 3.266139 3.321932 16.770208
 84240.000000 -845869.625000 793.667892 3.349426 3.386277 16.499243
 84260.000000 -844855.625000 792.351044 3.636697 3.544088 16.347342
 84280.000000 -846517.875000 793.862784 3.256929 3.518356 16.460923
 84300.000000 -847597.750000 794.753567 3.391258 3.344972 16.522272
 84320.000000 -844836.312500 794.168509 3.517318 3.482312 16.591021
 84340.000000 -844586.250000 794.994955 3.237505 3.508395 16.503790
 84360.000000 -846591.250000 794.366266 3.122042 3.438280 16.390694
 84380.000000 -843552.687500 794.830151 3.349491 3.260683 16.469439
 84400.000000 -846309.750000 794.567306 3.372998 3.162441 16.478449
 84420.000000 -845895.000000 795.623577 3.320266 3.121138 16.163642
 84440.000000 -844956.500000 794.710566 3.158117 3.556114 16.166913
 84460.000000 -844387.625000 794.859804 3.315711 3.541850 16.444230
 84480.000000 -845092.250000 795.662668 3.495369 3.661619 16.634363
 84500.000000 -844157.250000 794.364613 3.475826 3.376459 16.675256
 84520.000000 -844602.437500 793.899188 3.516084 3.563741 16.536156
 84540.000000 -848381.187500 794.291950 3.341418 3.248127 16.382759
 84560.000000 -844259.687500 794.868864 3.490859 3.325620 16.377115
 84580.000000 -846305.500000 792.233293 3.260781 3.282116 16.157478
 84600.000000 -845166.937500 794.792858 3.280804 3.043014 16.394668
 84620.000000 -844266.062500 794.890689 3.497062 3.418446 16.654531
 84640.000000 -843954.937500 794.492172 3.450550 3.205813 16.818566
 84660.000000 -843879.000000 793.696850 3.198597 3.267210 16.787358
 84680.000000 -846414.875000 792.185948 3.323340 3.354888 16.635284
 84700.000000 -843958.062500 792.954294 3.333811 3.446724 16.791493
 84720.000000 -843701.375000 794.814393 3.347857 3.247328 16.462244
 84740.000000 -844922.500000 796.985263 3.452429 3.346963 16.613532
 84760.000000 -845303.500000 794.846783 3.569664 3.445348 16.550936
 84780.000000 -845906.437500 793.609794 3.555484 3.595250 16.570949
 84800.000000 -846399.750000 792.918067 3.475942 3.158274 16.640983
 84820.000000 -845363.812500 794.054641 3.413622 3.497104 16.408414
 84840.000000 -844961.812500 793.713328 3.267211 3.384153 16.421531
 84860.000000 -844668.750000 797.217300 3.359405 3.352242 16.370098
 84880.000000 -843595.437500 791.805012 3.328191 3.296012 16.476968
 84900.000000 -846194.812500 792.680039 3.080156 3.286980 16.390473
 84920.000000 -844290.687500 794.526369 3.139311 3.522335 16.362582
 84940.000000 -843828.125000 793.076393 3.410052 3.400320 16.597644
 84960.000000 -845677.750000 793.472809 3.457259 3.334991 16.549222
 84980.000000 -845904.125000 793.067973 3.594545 3.470801 16.866707
 85000.000000 -845172.875000 793.913693 3.071132 3.481747 16.681780
 85020.000000 -844032.187500 795.297704 3.358577 3.250122 16.782599
 85040.000000 -844184.375000 795.240615 3.402193 3.514044 16.681948
 85060.000000 -845086.750000 794.287265 3.461349 3.395568 16.346610
 85080.000000 -843498.875000 796.085485 3.310707 3.433716 16.426125
 85100.000000 -845025.875000 792.642852 3.397028 3.394638 16.398060
 85120.000000 -847556.250000 791.529933 3.395748 3.214513 16.303941
 85140.000000 -842978.562500 797.089060 3.443915 3.469984 16.237783
 85160.000000 -844166.187500 796.072063 3.710404 3.518057 16.167440
 85180.000000 -844017.562500 796.618283 3.607700 3.281680 16.417762
 85200.000000 -846332.375000 793.767281 3.328949 3.151167 16.367304
 85220.000000 -844212.062500 794.202233 3.480099 3.244622 16.349779
 85240.000000 -845162.062500 792.839883 3.408156 3.567518 16.227633
 85260.000000 -844796.375000 793.340644 3.489267 3.265566 16.532395
 85280.000000 -846032.000000 794.367366 3.262555 3.495786 16.527180
 85300.000000 -846362.562500 790.816089 3.483691 3.508883 16.212583
 85320.000000 -845698.812500 794.361200 3.516911 3.142327 16.160676
 85340.000000 -846530.125000 793.538635 3.410152 3.158608 16.531364
 85360.000000 -844343.375000 794.781229 3.609398 3.503241 16.457149
 85380.000000 -845762.375000 796.314253 3.240850 3.451832 16.617150
 85400.000000 -845356.812500 793.467702 3.349228 3.614200 16.517580
 85420.000000 -843258.437500 792.931589 3.462176 3.276953 16.606788
 85440.000000 -845853.500000 792.567229 3.378149 3.326032 16.402373
 85460.000000 -843042.562500 795.156691 3.223060 3.152247 16.419765
 85480.000000 -845233.500000 795.402637 3.296152 3.549828 16.733656
 85500.000000 -844123.812500 795.362234 3.190313 3.316689 16.644560
 85520.000000 -843106.875000 796.034802 3.110075 3.383905 16.514956
 85540.000000 -843284.750000 797.357447 3.172408 3.452395 16.473826
 85560.000000 -843132.562500 796.229391 3.250785 3.105777 16.229010
 85580.000000 -845507.500000 794.578602 3.476429 3.378605 16.634963
 85600.000000 -842472.187500 796.907282 3.429259 3.324539 16.559469
 85620.000000 -844709.500000 795.695658 3.253217 3.366219 16.821424
 85640.000000 -845866.750000 794.641618 3.351595 3.230845 16.849246
 85660.000000 -843745.687500 792.910892 3.247761 3.499942 16.433032
 85680.000000 -843926.437500 795.834397 3.319265 3.476591 16.476529
 85700.000000 -845003.687500 794.669247 3.302350 3.414663 16.392205
 85720.000000 -843768.500000 797.217581 3.849501 3.500526 16.274821
 85740.000000 -845351.750000 794.620585 3.756006 3.322945 16.475409
 85760.000000 -846616.625000 795.302661 3.567002 3.656895 16.684514
 85780.000000 -845270.125000 796.926931 3.442353 3.489478 16.614624
 85800.000000 -844032.437500 795.092231 3.378998 3.769901 16.621302
 85820.000000 -845330.375000 796.229832 3.314579 3.649864 16.723397
 85840.000000 -845630.437500 792.063991 3.256498 3.545166 16.561546
 85860.000000 -846172.937500 794.485052 3.247478 3.399626 16.680380
 85880.000000 -844871.937500 795.806448 3.464716 3.249269 16.653707
 85900.000000 -843864.875000 795.309222 3.579663 3.349287 16.701727
 85920.000000 -844493.312500 796.470069 3.329924 3.383539 16.353705
 85940.000000 -845583.312500 796.494367 3.395884 3.638832 16.267775
 85960.000000 -845190.062500 793.991452 3.286140 3.527889 16.717339
 85980.000000 -844759.562500 792.670639 3.404796 3.300145 16.640009
 86000.000000 -844334.312500 794.368933 3.151373 3.483918 16.544865
 86020.000000 -846305.750000 793.244783 3.386092 3.271878 16.527415
 86040.000000 -843740.937500 794.141482 3.354809 3.601098 16.276912
 86060.000000 -844819.000000 795.980820 3.394533 3.412843 16.540485
 86080.000000 -843578.875000 794.092173 3.626024 3.694022 16.222815
 86100.000000 -846359.062500 792.305517 3.517687 3.592989 16.325627
 86120.000000 -844550.812500 795.288067 3.309827 3.116139 16.368756
 86140.000000 -843670.187500 796.357926 3.258122 3.415161 16.524967
 86160.000000 -844457.062500 793.893196 3.401494 3.645000 16.371896
 86180.000000 -845034.375000 795.260132 3.488304 3.392409 16.578051
 86200.000000 -845060.750000 796.221421 3.594009 3.177671 16.585321
 86220.000000 -845036.812500 797.007384 3.477145 3.370582 16.531502
 86240.000000 -844576.500000 796.409200 3.091852 3.245390 16.620956
 86260.000000 -843307.125000 793.289765 3.306113 3.465960 16.622002
 86280.000000 -844571.562500 794.840990 3.657580 3.388937 16.267611
 86300.000000 -843927.750000 795.334650 3.517790 3.677799 16.458454
 86320.000000 -843920.625000 793.895262 3.266141 3.289712 16.594549
 86340.000000 -844797.562500 793.803432 3.463797 3.440272 16.565754
 86360.000000 -844615.312500 795.688147 3.351870 3.276892 16.341982
 86380.000000 -846184.687500 794.716280 3.185948 3.236373 16.331732
 86400.000000 -846057.812500 796.405711 3.114808 3.262434 15.960791
 86420.000000 -843957.750000 795.831822 3.278338 3.331716 16.296946
 86440.000000 -845667.812500 794.130387 3.670960 3.258058 16.375597
 86460.000000 -845187.937500 794.422719 3.652306 3.388922 16.445350
 86480.000000 -844706.562500 794.636313 3.250732 3.639002 16.660637
 86500.000000 -844357.625000 792.942949 3.244472 3.273469 16.500358
 86520.000000 -846496.062500 795.647251 3.196077 3.546939 16.466844
 86540.000000 -844687.312500 793.892394 3.447417 3.461444 16.705590
 86560.000000 -844926.312500 795.387060 3.326646 3.521694 16.571804
 86580.000000 -845113.750000 794.319017 3.453594 3.386313 16.522007
 86600.000000 -844502.937500 794.160907 3.464420 3.818578 16.667188
 86620.000000 -845285.812500 794.181776 3.284950 3.555146 16.560484
 86640.000000 -845941.750000 790.847291 3.330404 3.279442 16.523771
 86660.000000 -844695.750000 793.344811 3.721110 3.383511 16.319588
 86680.000000 -845521.312500 791.636119 3.488907 3.285731 16.471416
 86700.000000 -844987.500000 793.266119 3.489363 3.599741 16.412093
 86720.000000 -846485.375000 794.338534 3.686906 3.342023 16.590528
 86740.000000 -844751.500000 793.707324 3.484353 3.350046 16.515850
 86760.000000 -844591.250000 795.272228 3.144750 3.171669 16.227293
 86780.000000 -843801.062500 795.789373 3.317032 3.243023 16.481798
 86800.000000 -845792.437500 797.314313 3.559364 3.426293 16.409190
 86820.000000 -843944.750000 797.300371 3.570652 3.301814 16.387893
 86840.000000 -846228.750000 794.888357 3.153835 3.223441 16.196090
 86860.000000 -847489.875000 793.775630 3.269081 3.441361 16.342563
 86880.000000 -845583.687500 795.082184 3.323947 3.495252 16.424856
 86900.000000 -844740.562500 795.502395 3.473463 3.681260 16.442924
 86920.000000 -847028.375000 794.124903 3.460395 3.191228 16.294531
 86940.000000 -845522.937500 793.994279 3.219805 3.461829 16.324271
 86960.000000 -844651.625000 794.508256 3.092437 3.469886 16.268241
 86980.000000 -844813.250000 795.026019 3.457120 3.467404 16.463748
 87000.000000 -845305.500000 794.433063 3.332198 3.347075 16.621910
 87020.000000 -843296.812500 795.979090 3.275256 3.491809 16.600189
 87040.000000 -844955.937500 792.702179 3.400924 3.638374 16.615614
 87060.000000 -844442.750000 794.335947 3.469148 3.589285 16.546835
 87080.000000 -843496.437500 796.000547 3.712434 3.330991 16.215762
 87100.000000 -844436.500000 793.053234 3.433523 3.345813 16.496671
 87120.000000 -846466.062500 793.790097 3.221709 3.130930 16.631615
 87140.000000 -845877.625000 793.481547 3.170573 3.288844 16.465236
 87160.000000 -847248.500000 793.874796 3.400375 3.192022 16.419382
 87180.000000 -844980.875000 796.110820 3.349829 3.558987 16.245602
 87200.000000 -844923.437500 795.480410 3.640218 3.596769 16.252771
 87220.000000 -843673.625000 794.777075 3.390746 3.515049 16.705675
 87240.000000 -845755.625000 794.047669 3.381252 3.256440 16.479137
 87260.000000 -844078.750000 795.685751 3.608831 3.204961 16.593962
 87280.000000 -843917.875000 796.626508 3.231530 3.346277 16.434732
 87300.000000 -843046.375000 798.873982 3.365482 3.354943 16.517238
 87320.000000 -844985.500000 793.427462 3.533897 3.656442 16.555187
 87340.000000 -843958.750000 796.767494 3.181929 3.036763 16.530665
 87360.000000 -844819.437500 795.213374 3.211908 3.219382 16.480321
 87380.000000 -844457.812500 796.776599 2.960340 3.173105 16.505937
 87400.000000 -843752.812500 797.496822 3.223622 3.402454 16.469686
 87420.000000 -846852.125000 795.211273 3.305498 3.165931 16.642316
 87440.000000 -843956.062500 796.818449 3.503389 3.055160 16.767735
 87460.000000 -843662.937500 793.872205 3.336597 3.170453 16.210120
 87480.000000 -843477.937500 795.331310 3.621824 3.535575 16.272111
 87500.000000 -845002.812500 796.087389 3.735293 3.281339 16.455222
 87520.000000 -846433.937500 793.482728 3.571188 3.520831 16.348602
 87540.000000 -845105.937500 795.639864 3.421191 3.288453 16.369812
 87560.000000 -843737.625000 795.525937 3.421855 3.311679 16.183324
 87580.000000 -843565.625000 794.639256 3.572834 3.273306 16.200430
 87600.000000 -844656.750000 795.238333 3.539449 3.451704 16.423093
 87620.000000 -844579.875000 795.827566 3.496737 3.239572 16.457833
 87640.000000 -845353.937500 794.979451 3.298440 3.333688 16.701694
 87660.000000 -846015.750000 797.177301 3.363002 3.274044 16.487265
 87680.000000 -846806.750000 793.942482 3.487058 3.407501 16.726375
 87700.000000 -844761.187500 794.039791 3.355346 3.509042 16.713002
 87720.000000 -844748.250000 794.596124 3.232343 3.426068 16.612180
 87740.000000 -845415.062500 794.861326 3.533235 3.563425 16.533923
 87760.000000 -847609.937500 793.489319 3.207468 3.336671 16.411851
 87780.000000 -844017.312500 794.893782 3.120467 3.293665 16.377736
 87800.000000 -844396.875000 793.564174 3.335644 3.305289 16.546918
 87820.000000 -842674.750000 797.487816 3.428935 3.277097 16.312629
 87840.000000 -845191.812500 794.928601 3.414958 3.292157 16.554936
 87860.000000 -844661.687500 793.951600 3.394481 3.494775 16.532599
 87880.000000 -843081.687500 796.446282 3.359727 3.540394 16.410702
 87900.000000 -843819.500000 797.893910 3.358047 3.384924 16.532532
 87920.000000 -843940.687500 794.221898 3.631296 3.310619 16.742066
 87940.000000 -842573.625000 796.923006 3.345455 3.171702 16.717741
 87960.000000 -844758.312500 794.133081 3.243672 3.111417 16.461701
 87980.000000 -844262.437500 793.486889 3.395093 3.575282 16.341892
 88000.000000 -845315.062500 793.572707 3.543171 3.310758 16.914586
 88020.000000 -842823.562500 796.529127 3.738005 3.397184 16.821149
 88040.000000 -842172.187500 797.513556 3.338606 3.308140 16.662041
 88060.000000 -843497.250000 795.683185 3.121898 3.323276 16.395790
 88080.000000 -844575.437500 797.346280 3.438658 3.300825 16.332463
 88100.000000 -844326.125000 794.214727 3.330700 3.347023 16.379019
 88120.000000 -844784.812500 797.222957 3.629260 3.136438 16.223485
 88140.000000 -846158.500000 793.671044 3.615686 3.307420 16.572520
 88160.000000 -843332.500000 793.992513 3.488624 3.507498 16.561987
 88180.000000 -843714.312500 791.489141 3.422425 3.072564 16.732944
 88200.000000 -844990.125000 793.106050 3.233506 3.155111 16.783570
 88220.000000 -845205.437500 794.653795 3.429231 3.251348 16.440917
 88240.000000 -846375.125000 794.424139 3.236843 3.195825 16.615214
 88260.000000 -846284.500000 792.141895 3.713174 3.516750 16.427682
 88280.000000 -842752.375000 794.974079 3.569376 3.546927 16.480484
 88300.000000 -843907.750000 794.156203 3.340527 3.528913 16.589976
 88320.000000 -845332.625000 796.284499 3.533526 3.586394 16.343071
 88340.000000 -844589.562500 795.448560 3.430072 3.338647 16.502375
 88360.000000 -843839.125000 795.207852 3.213041 3.332359 16.765695
 88380.000000 -845739.750000 792.889841 3.088482 3.365847 16.652102
 88400.000000 -845100.312500 796.431497 3.603301 3.401697 16.802526
 88420.000000 -844946.000000 794.945059 3.323085 3.382397 16.609609
 88440.000000 -845829.500000 796.470578 3.647963 3.758269 16.910678
 88460.000000 -844117.687500 796.168438 3.473930 3.381490 16.639855
 88480.000000 -844363.750000 793.923455 3.432913 3.320309 16.505030
 88500.000000 -845325.437500 792.710247 3.344204 3.573942 16.367859
 88520.000000 -845075.562500 794.835734 3.460864 3.624236 16.526339
 88540.000000 -844375.062500 795.112432 3.262838 3.534992 16.597150
 88560.000000 -845619.875000 794.853500 3.043480 3.372972 16.654835
 88580.000000 -845838.125000 796.490619 3.287339 3.671620 16.810424
 88600.000000 -844497.687500 795.250388 3.327126 3.586750 16.560648
 88620.000000 -845342.312500 791.830860 3.124236 3.477121 16.531408
 88640.000000 -846717.937500 792.271244 3.522909 3.265096 16.564113
 88660.000000 -845027.000000 794.644081 3.377428 3.193412 16.390224
 88680.000000 -844456.812500 794.336970 3.420338 3.420201 16.651757
 88700.000000 -845877.562500 794.255449 3.161132 3.262382 16.326787
 88720.000000 -845830.125000 797.043169 3.443757 3.321796 16.514005
 88740.000000 -844432.187500 795.356172 3.234949 3.248710 16.551919
 88760.000000 -846412.500000 793.930319 3.454148 3.555852 16.772567
 88780.000000 -846257.500000 792.148584 3.256841 3.673260 16.388835
 88800.000000 -844758.625000 794.669211 3.459791 3.438319 16.407702
 88820.000000 -842795.812500 798.337768 3.250132 3.363392 16.154890
 88840.000000 -844940.625000 793.695688 3.372311 3.369309 16.214601
 88860.000000 -844140.437500 795.104163 3.547064 3.330263 16.210501
 88880.000000 -843877.062500 794.613273 3.298954 3.483678 16.311096
 88900.000000 -845262.312500 796.953988 3.400423 3.387590 16.610070
 88920.000000 -847849.125000 793.046951 3.300833 3.353084 16.581510
 88940.000000 -845070.187500 793.722069 3.451335 3.519344 16.390581
 88960.000000 -843415.187500 797.621602 3.309467 3.330356 16.438554
 88980.000000 -845930.625000 791.767499 3.346842 3.124158 16.547706
 89000.000000 -845894.062500 793.531283 3.354607 3.471485 16.484022
 89020.000000 -845673.125000 795.110227 3.449250 3.459235 16.504154
 89040.000000 -847074.750000 791.763543 3.342201 3.412976 16.562192
 89060.000000 -844462.625000 794.895875 3.180861 3.451978 16.586197
 89080.000000 -845469.500000 793.798416 3.076996 3.383962 16.686455
 89100.000000 -846211.312500 796.305064 3.338672 3.422178 16.667378
 89120.000000 -846027.375000 791.916529 2.869999 3.445387 16.506866
 89140.000000 -844986.875000 794.481586 3.358340 3.436174 16.462110
 89160.000000 -843771.062500 794.176143 3.432384 3.306589 16.241818
 89180.000000 -845036.375000 795.893541 3.543533 3.575719 16.597534
 89200.000000 -845155.875000 794.706475 3.652923 3.573483 16.689479
 89220.000000 -844825.687500 794.051295 3.626058 3.340850 16.715365
 89240.000000 -846598.937500 791.323763 3.394734 3.235863 16.650009
 89260.000000 -843536.187500 795.466505 3.487286 3.553820 16.502937
 89280.000000 -845732.250000 794.649046 3.374585 3.738814 16.346244
 89300.000000 -844048.312500 797.107831 3.225158 3.362995 16.428851
 89320.000000 -845140.937500 796.029346 3.509143 3.332439 16.579119
 89340.000000 -846035.937500 795.261243 3.576104 3.202339 16.554721
 89360.000000 -844632.812500 795.657267 3.514351 3.384609 16.452390
 89380.000000 -844680.562500 793.827486 3.243361 3.529796 16.581149
 89400.000000 -843772.125000 793.402765 3.476380 3.634305 16.828606
 89420.000000 -843300.687500 796.315061 3.375478 3.485169 16.193867
 89440.000000 -844518.250000 797.584039 3.390284 3.460927 16.214553
 89460.000000 -845175.125000 794.727699 3.369683 3.300337 16.396351
 89480.000000 -844773.125000 793.170047 3.570979 3.211457 16.494379
 89500.000000 -844722.187500 797.126460 3.385108 3.448112 16.610034
 89520.000000 -843638.375000 796.541507 3.299645 3.437178 16.597748
 89540.000000 -845496.000000 795.273355 3.406877 3.598062 16.506028
 89560.000000 -844592.500000 796.737347 3.226241 3.308584 16.580336
 89580.000000 -843388.812500 796.501565 3.276926 3.491844 16.412686
 89600.000000 -843816.750000 794.993644 3.412436 3.279681 16.296581
 89620.000000 -845196.937500 796.818383 3.605433 3.158941 16.636873
 89640.000000 -846039.437500 797.196573 3.343179 3.390786 16.655881
 89660.000000 -845160.875000 795.187029 3.392706 3.578837 16.658906
 89680.000000 -844720.625000 795.480401 3.341642 3.354002 16.254756
 89700.000000 -845712.187500 793.141869 3.579136 3.120940 16.444236
 89720.000000 -842563.937500 794.986065 3.330114 3.333749 16.693248
 89740.000000 -845520.437500 793.893986 3.674511 3.329057 16.373951
 89760.000000 -844286.062500 796.380129 3.499945 3.258197 16.462927
 89780.000000 -843277.062500 796.482453 3.409469 3.323161 16.422239
 89800.000000 -844287.750000 795.331407 3.435805 3.412712 16.703034
 89820.000000 -845744.875000 794.841303 3.626024 3.365565 16.625964
 89840.000000 -845387.812500 794.978346 3.824713 3.673176 16.441425
 89860.000000 -846234.500000 792.381038 3.462601 3.456485 16.635268
 89880.000000 -845136.812500 794.940680 3.465162 3.330282 16.537220
 89900.000000 -844939.625000 795.782823 3.474218 3.289971 16.487795
 89920.000000 -844950.250000 797.439036 3.337742 3.286805 16.404629
 89940.000000 -846521.312500 791.992637 3.659589 3.398582 16.480442
 89960.000000 -843999.437500 793.814649 3.744666 3.303993 16.486652
 89980.000000 -844888.687500 796.117550 3.473979 3.495965 16.509424
 90000.000000 -844654.437500 792.873917 3.658899 3.692751 16.493199
 90020.000000 -845506.250000 794.292158 3.471574 3.805906 16.735139
 90040.000000 -843162.562500 794.563455 3.627017 3.562442 16.454687
 90060.000000 -844222.625000 794.497154 3.600151 3.670118 16.299421
 90080.000000 -844676.062500 792.887830 3.429222 3.421321 16.304397
 90100.000000 -845268.062500 795.187979 3.317336 3.676011 16.456535
 90120.000000 -845853.250000 794.334088 3.370974 3.039959 16.399736
 90140.000000 -845003.812500 796.846693 3.137055 3.262857 16.355970
 90160.000000 -843404.125000 795.291231 3.094838 3.293993 16.535887
 90180.000000 -843318.375000 797.707696 3.374150 3.177627 16.616737
 90200.000000 -846167.312500 795.054256 3.362511 3.281101 16.375995
 90220.000000 -845289.750000 794.766158 3.559254 3.471997 16.500544
 90240.000000 -845807.937500 794.333897 3.601173 3.258158 16.473776
 90260.000000 -844416.437500 794.054913 3.436305 3.461489 16.645834
 90280.000000 -844854.687500 794.590430 3.297715 3.223672 16.387370
 90300.000000 -843765.875000 795.542693 3.411705 3.333424 16.584185
 90320.000000 -845408.625000 794.806841 3.280349 3.559536 16.538388
 90340.000000 -846343.375000 793.831742 3.150472 3.460943 16.501263
 90360.000000 -845813.562500 794.024169 3.082516 3.576959 16.490713
 90380.000000 -843215.250000 794.896605 3.332254 3.498843 16.204551
 90400.000000 -845087.125000 793.914466 3.356558 3.325720 16.554866
 90420.000000 -845202.625000 794.765882 3.491452 3.329452 16.520357
 90440.000000 -844203.312500 794.145386 3.488030 3.445638 16.584503
 90460.000000 -845798.687500 796.230331 3.532987 3.440280 16.618016
 90480.000000 -844249.500000 794.797124 3.218635 3.453227 16.433416
 90500.000000 -843943.125000 793.667781 3.287209 3.404318 16.418735
 90520.000000 -845677.000000 791.708048 3.473356 3.296535 16.567499
 90540.000000 -844498.500000 796.342603 3.367071 3.359168 16.394520
 90560.000000 -845191.250000 794.099459 3.488772 3.315315 16.342572
 90580.000000 -844552.812500 796.226398 3.622063 3.246998 16.565314
 90600.000000 -845454.500000 795.643637 3.654314 3.438094 16.537745
 90620.000000 -846986.500000 795.300670 3.408040 3.587912 16.482213
 90640.000000 -846165.750000 794.267272 3.214771 3.479064 16.496947
 90660.000000 -847030.312500 795.938625 3.609075 3.279279 16.498189
 90680.000000 -845299.312500 796.796125 3.489040 3.190232 16.224575
 90700.000000 -844903.750000 795.548452 3.597733 3.247673 16.336936
 90720.000000 -844392.437500 792.479022 3.385219 3.541495 16.230773
 90740.000000 -843842.187500 795.458122 3.183894 3.439189 16.349400
 90760.000000 -844854.750000 797.484931 3.320667 3.366503 16.386516
 90780.000000 -844195.750000 796.454201 3.446474 3.497162 16.442930
 90800.000000 -844215.500000 793.717980 3.352934 3.408750 16.469794
 90820.000000 -845453.500000 794.071144 3.319149 3.529458 16.559735
 90840.000000 -845694.375000 794.777316 2.880443 3.651696 16.599798
 90860.000000 -846010.125000 794.645078 3.262263 3.321344 16.567047
 90880.000000 -845446.875000 797.972652 3.235812 3.191262 16.372130
 90900.000000 -843061.187500 798.190403 3.390868 3.405904 16.450117
 90920.000000 -844607.875000 796.428375 3.362677 3.197191 16.381105
 90940.000000 -845596.437500 796.068803 3.416432 3.586646 16.491412
 90960.000000 -846365.437500 794.052884 3.160798 3.638519 16.636566
 90980.000000 -844539.500000 795.306739 3.337200 3.554211 16.504889
 91000.000000 -845635.375000 793.172732 3.371178 3.540707 16.552207
 91020.000000 -845316.062500 793.498224 3.303181 3.402823 16.793206
 91040.000000 -844944.875000 794.656252 3.339796 3.494348 16.376516
 91060.000000 -844871.312500 794.731342 3.113028 3.477308 16.649149
 91080.000000 -844771.250000 793.551657 3.403430 3.600561 16.653268
 91100.000000 -846811.687500 793.116184 3.473917 3.231893 16.623903
 91120.000000 -846051.312500 794.570434 3.191740 3.209699 16.630541
 91140.000000 -845556.062500 796.041918 3.284232 3.418717 16.725141
 91160.000000 -845623.750000 797.468838 3.559909 3.618057 16.474537
 91180.000000 -845445.562500 796.049328 3.536147 3.268668 16.167380
 91200.000000 -844878.687500 793.612057 3.341189 2.851637 16.110537
 91220.000000 -845716.062500 792.005725 3.443592 3.400277 16.341810
 91240.000000 -844077.562500 795.572556 3.486072 3.361095 16.825409
 91260.000000 -845941.125000 794.066792 3.658801 3.349136 16.484233
 91280.000000 -845821.750000 796.281160 3.306012 3.084781 16.469979
 91300.000000 -846967.312500 796.479327 3.138937 3.548904 16.559470
 91320.000000 -845266.500000 793.398621 3.488679 3.554403 16.680998
 91340.000000 -845107.000000 796.269011 3.527722 3.342023 16.424603
 91360.000000 -843920.375000 795.927642 3.463401 3.423033 16.217334
 91380.000000 -846088.750000 795.830728 3.200292 3.356423 16.274844
 91400.000000 -846513.812500 795.390550 3.344875 3.230231 16.193399
 91420.000000 -845086.000000 792.147796 3.351342 3.403389 16.625342
 91440.000000 -843673.000000 793.998831 3.406561 3.334399 16.682062
 91460.000000 -843450.437500 794.628399 3.420327 3.442131 16.749790
 91480.000000 -844517.000000 795.752225 3.319772 3.644324 16.820329
 91500.000000 -843395.625000 794.486365 3.509343 3.426038 16.792975
 91520.000000 -845335.000000 793.344133 3.433248 3.554189 16.553413
 91540.000000 -846615.687500 794.316899 3.357958 3.431414 16.442152
 91560.000000 -845044.875000 796.533801 3.084849 3.621073 16.415080
 91580.000000 -844274.437500 795.525298 3.337992 3.236962 16.297478
 91600.000000 -844305.312500 796.851029 3.701819 3.306088 16.266100
 91620.000000 -846075.500000 793.665677 3.724418 3.285673 16.565782
 91640.000000 -843987.375000 798.175504 3.418827 3.119496 16.327718
 91660.000000 -844646.000000 799.083351 3.219140 3.055818 16.356098
 91680.000000 -844542.562500 793.499331 3.333346 3.309422 16.396051
 91700.000000 -845079.750000 794.470508 3.397740 3.590709 16.681506
 91720.000000 -844228.250000 795.967000 3.371213 3.416995 16.447972
 91740.000000 -845349.187500 797.259549 3.388511 3.517738 16.660633
 91760.000000 -844112.375000 793.943457 3.665500 3.405012 16.554138
 91780.000000 -845385.500000 793.902638 3.421194 3.234793 16.482921
 91800.000000 -845588.937500 795.149048 3.398579 3.557552 16.607085
 91820.000000 -845148.687500 794.300631 3.476584 3.287693 16.330795
 91840.000000 -843062.812500 795.757435 3.224620 3.259346 16.177724
 91860.000000 -843007.187500 795.928429 3.224968 3.230267 16.251393
 91880.000000 -845697.062500 797.710048 3.376256 2.902198 16.694808
 91900.000000 -844603.625000 794.866970 3.494055 3.145692 16.645414
 91920.000000 -843654.312500 795.631982 3.723019 3.491932 16.420855
 91940.000000 -846607.687500 793.225772 3.273681 3.443544 16.399969
 91960.000000 -844153.562500 795.594569 3.610940 3.253035 16.441533
 91980.000000 -843367.500000 798.414610 3.350662 3.024224 16.526931
 92000.000000 -844336.625000 797.231927 3.323628 3.249999 16.528965
 92020.000000 -846047.437500 792.492884 3.331201 3.269329 16.578545
 92040.000000 -844505.062500 794.979924 3.335501 3.160699 16.387849
 92060.000000 -841958.250000 797.672749 3.545765 3.202809 16.584579
 92080.000000 -842949.812500 794.675695 3.722419 3.385967 16.457770
 92100.000000 -843107.875000 794.740527 3.497001 3.617575 16.620655
 92120.000000 -844165.312500 793.601906 3.571256 3.490206 16.629108
 92140.000000 -844574.000000 799.125114 3.397359 3.560984 16.537133
 92160.000000 -843968.312500 795.437431 3.636596 3.694612 16.539464
 92180.000000 -846403.437500 795.913290 3.787649 3.597046 16.672248
 92200.000000 -846578.062500 796.059768 3.395847 3.565177 16.691526
 92220.000000 -844067.500000 795.325277 3.269001 3.361610 16.472946
 92240.000000 -845644.687500 794.383310 3.553613 3.329272 16.567889
 92260.000000 -845655.312500 793.449626 3.517243 3.213226 16.726769
 92280.000000 -843156.875000 796.611230 3.520937 2.941214 16.666042
 92300.000000 -844017.625000 795.908440 3.655752 3.369833 16.526739
 92320.000000 -843889.750000 794.397980 3.266235 3.498919 16.606739
 92340.000000 -844387.625000 794.826477 3.509360 3.321144 16.664613
 92360.000000 -844426.250000 796.367026 3.145723 3.411702 16.772274
 92380.000000 -845920.687500 793.494256 3.196762 3.427976 16.815260
 92400.000000 -843327.875000 794.876457 3.377344 3.088826 16.624562
 92420.000000 -846347.812500 795.269561 3.385911 3.303479 16.373557
 92440.000000 -844130.125000 797.364260 3.407613 3.298321 16.518921
 92460.000000 -844897.937500 794.051311 3.473337 3.751837 16.594422
 92480.000000 -843528.687500 796.159411 3.099366 3.583926 16.410877
 92500.000000 -846369.187500 793.642244 3.346201 3.491269 16.595335
 92520.000000 -844728.937500 793.239539 3.412643 3.470016 16.673738
 92540.000000 -846504.437500 796.448555 3.324429 3.117704 16.657914
 92560.000000 -843505.750000 795.847484 3.322915 3.434124 16.597179
 92580.000000 -847096.687500 794.593811 3.563930 3.363502 16.618512
 92600.000000 -844925.312500 796.324332 3.607929 3.212642 16.335196
 92620.000000 -844335.250000 795.297524 3.384390 3.399603 16.545861
 92640.000000 -844209.375000 794.072499 3.187438 3.194802 16.385330
 92660.000000 -844898.937500 797.162075 3.216388 3.122688 16.477583
 92680.000000 -843602.312500 795.674434 3.359273 3.032664 16.712503
 92700.000000 -844972.375000 795.548156 3.506832 3.568377 16.855996
 92720.000000 -845136.375000 796.103731 3.416286 3.786102 16.667286
 92740.000000 -845699.687500 794.458582 3.459590 3.447718 16.524875
 92760.000000 -847417.000000 793.526045 3.445214 3.522406 16.669349
 92780.000000 -845912.125000 794.382305 3.552538 3.343340 16.623499
 92800.000000 -845111.687500 794.808717 3.729969 3.517286 16.368817
 92820.000000 -845953.750000 796.612446 3.744330 3.630502 16.280457
 92840.000000 -844935.937500 795.674930 3.658578 3.372615 16.347634
 92860.000000 -845252.750000 792.972830 3.458294 3.352715 16.184923
 92880.000000 -843742.687500 794.024431 3.487806 3.335109 16.684355
 92900.000000 -845006.062500 796.438483 3.130216 3.468395 16.479217
 92920.000000 -843442.000000 795.392931 3.372779 3.376966 16.310623
 92940.000000 -842419.937500 798.633449 3.327836 3.421598 16.351517
 92960.000000 -844728.312500 796.160773 3.603547 3.280893 16.420295
 92980.000000 -844124.812500 794.280282 3.075184 3.323547 16.452561
 93000.000000 -844767.562500 795.813482 3.309895 3.208099 16.591521
 93020.000000 -844360.250000 793.492600 3.673506 3.248953 16.410771
 93040.000000 -846126.125000 796.723906 3.446718 3.464372 16.301489
 93060.000000 -846236.437500 795.233266 3.460714 3.606424 16.631785
 93080.000000 -844075.687500 796.164999 3.252729 3.272963 16.446117
 93100.000000 -845716.687500 794.583953 3.236415 3.178322 16.384038
 93120.000000 -846418.000000 795.461296 3.240087 3.131542 16.769964
 93140.000000 -845863.125000 796.790586 3.240096 3.424613 16.680151
 93160.000000 -844286.437500 794.404958 3.371523 3.283870 16.705093
 93180.000000 -845910.437500 793.889359 3.302903 3.344396 16.355096
 93200.000000 -844737.187500 796.118669 3.289002 3.430576 16.281899
 93220.000000 -845514.750000 796.670504 3.460251 3.296789 16.320384
 93240.000000 -843219.375000 796.107807 3.397045 3.107332 16.607766
 93260.000000 -842688.437500 799.115524 3.320475 3.530231 16.591053
 93280.000000 -844106.500000 796.004561 3.280351 3.501387 16.353937
 93300.000000 -845766.375000 793.580173 3.416180 3.265717 16.432767
 93320.000000 -844780.000000 794.833680 3.397471 3.578700 16.344623
 93340.000000 -845491.375000 794.991664 2.879733 3.536017 16.462986
 93360.000000 -846322.187500 795.391639 3.352900 3.121612 16.514225
 93380.000000 -845607.687500 793.424580 3.564081 3.342149 16.631079
 93400.000000 -847843.562500 792.765946 3.712797 3.446216 16.471899
 93420.000000 -846681.187500 796.194457 3.576188 3.408231 16.320017
 93440.000000 -846308.187500 794.365103 3.355214 3.686011 16.420446
 93460.000000 -848172.812500 794.006567 3.337934 3.332070 16.695301
 93480.000000 -843090.187500 800.814385 3.303740 3.687381 9.407060
 93500.000000 -842297.875000 797.520949 3.548566 3.764298 13.733411
 93520.000000 -844893.750000 792.647741 3.868404 3.267720 15.556619
 93540.000000 -844531.375000 796.654857 3.452642 3.505755 16.333414
 93560.000000 -846612.562500 793.409886 3.312703 3.491529 16.611871
 93580.000000 -845164.875000 793.753427 3.186555 3.334466 16.279349
 93600.000000 -846110.000000 796.807785 3.453485 3.158046 16.415017
 93620.000000 -846980.437500 793.727986 3.425092 3.344912 16.432340
 93640.000000 -843898.250000 795.514951 3.304432 3.493184 16.240390
 93660.000000 -844775.500000 794.357166 3.325626 3.650804 16.551969
 93680.000000 -844745.375000 793.730113 3.215064 3.590179 16.386562
 93700.000000 -844791.312500 794.648316 3.299830 3.360357 16.403800
 93720.000000 -843961.437500 795.544730 3.377663 3.434929 16.380631
 93740.000000 -845087.937500 796.138293 3.389611 3.219836 16.267550
 93760.000000 -844253.312500 795.759411 3.471486 3.472808 16.634616
 93780.000000 -843644.562500 794.445956 3.633665 3.464520 16.585673
 93800.000000 -843802.812500 792.045116 3.446181 3.218259 16.619386
 93820.000000 -842856.375000 796.685729 3.333592 3.364736 16.509977
 93840.000000 -843503.250000 795.221056 3.569695 3.317478 16.666951
 93860.000000 -845648.812500 796.740476 3.594802 3.100145 16.711141
 93880.000000 -843846.500000 795.423346 3.371186 3.441458 16.459697
 93900.000000 -844232.562500 797.081500 3.639516 3.305978 16.430299
 93920.000000 -845305.500000 797.975926 3.297288 3.371066 16.411351
 93940.000000 -845588.312500 794.460102 3.418329 3.502885 16.449010
 93960.000000 -843454.687500 794.460202 3.568253 3.424771 16.515489
 93980.000000 -844070.750000 794.603128 3.050383 3.246665 16.575445
 94000.000000 -845522.812500 794.179512 2.988127 3.387853 16.384855
 94020.000000 -845283.437500 794.585553 3.340334 3.350246 16.495252
 94040.000000 -845228.875000 795.600556 3.082037 3.748681 16.421745
 94060.000000 -846610.687500 793.217470 3.448156 3.414146 16.520288
 94080.000000 -843316.750000 795.945702 3.570894 3.164369 16.550206
 94100.000000 -845243.187500 794.672210 3.392874 3.179734 16.398676
 94120.000000 -845820.125000 795.200321 3.428273 3.234645 16.586027
 94140.000000 -845905.312500 795.569552 3.479152 3.317385 16.600193
 94160.000000 -844287.937500 795.495564 3.284142 3.405342 16.447039
 94180.000000 -844075.562500 796.181123 3.220042 3.346201 16.639827
 94200.000000 -844795.750000 795.614436 3.350715 3.532664 16.825758
 94220.000000 -842841.375000 794.301047 3.310538 3.457466 16.783931
 94240.000000 -843169.312500 795.507836 3.241031 3.352746 16.769051
 94260.000000 -843456.500000 795.724811 3.313105 3.360398 16.561543
 94280.000000 -844935.062500 795.600992 3.544915 3.368862 16.421987
 94300.000000 -846100.812500 795.050556 3.069139 3.091672 16.352609
 94320.000000 -844325.687500 795.126132 3.372690 3.354246 16.402895
 94340.000000 -843874.437500 797.767752 3.360915 3.498649 16.319050
 94360.000000 -844750.812500 796.174841 3.342334 3.358296 16.476147
 94380.000000 -843402.312500 794.561461 3.452539 3.527598 16.521830
 94400.000000 -844393.000000 795.397740 3.601313 3.558905 16.595040
 94420.000000 -844222.250000 795.949484 3.718541 3.593755 16.381436
 94440.000000 -843248.250000 796.259637 3.665196 3.569617 16.548611
 94460.000000 -845378.187500 795.647664 3.589789 3.382845 16.414138
 94480.000000 -845197.312500 792.833186 3.356277 3.455637 16.535649
 94500.000000 -845757.687500 795.584372 3.307066 3.742596 16.672154
 94520.000000 -845628.500000 793.744060 3.172957 3.425494 16.726365
 94540.000000 -844289.437500 795.114545 3.432986 3.267977 16.768534
 94560.000000 -842895.250000 795.591652 3.526350 3.647045 16.636314
 94580.000000 -845784.937500 791.282959 3.532416 3.626664 16.839089
 94600.000000 -846459.250000 794.504529 3.327987 3.254842 16.404362
 94620.000000 -847227.500000 795.572660 3.667415 3.420024 16.280190
 94640.000000 -846579.187500 793.060063 3.354681 3.312266 16.451079
 94660.000000 -844742.000000 793.418283 3.355595 3.032240 16.365947
 94680.000000 -845094.062500 794.842222 3.436724 3.282901 16.506422
 94700.000000 -844315.500000 796.280902 3.421519 3.503485 16.320853
 94720.000000 -844496.375000 796.149939 3.518175 3.199095 16.230114
 94740.000000 -845622.625000 793.181515 3.588983 3.118682 16.233352
 94760.000000 -844893.625000 792.356286 3.389382 3.508661 16.386189
 94780.000000 -845505.375000 793.838388 3.198040 3.294508 16.317710
 94800.000000 -844760.875000 795.769182 3.136127 3.263467 16.286580
 94820.000000 -844707.000000 795.354777 3.364283 3.487838 16.537239
 94840.000000 -846030.750000 793.596207 3.502028 3.691156 16.475931
 94860.000000 -845565.687500 791.283130 3.524139 3.552723 16.468095
 94880.000000 -845997.625000 793.753081 3.678438 3.207267 16.563700
 94900.000000 -845627.375000 793.930843 3.461153 3.501745 16.736340
 94920.000000 -847720.875000 791.744818 3.428046 3.243443 16.756102
 94940.000000 -846976.437500 792.638879 3.573166 3.408818 16.510282
 94960.000000 -845247.375000 794.044048 3.456594 3.294248 16.518295
 94980.000000 -846185.375000 795.193244 3.350595 3.591279 16.460888
 95000.000000 -844258.062500 795.387739 3.289957 3.404920 16.618748
 95020.000000 -846904.250000 794.629936 3.388003 3.242859 16.755026
 95040.000000 -844541.312500 795.267964 3.284458 3.501151 16.768575
 95060.000000 -844269.625000 796.824541 3.354551 3.454096 16.675152
 95080.000000 -847632.000000 793.366014 3.453659 3.378163 16.662057
 95100.000000 -845657.437500 790.153425 3.589315 3.681396 16.638313
 95120.000000 -844598.125000 793.062689 3.352641 3.512941 16.752492
 95140.000000 -846081.562500 794.655241 3.319707 3.318978 16.650489
 95160.000000 -847334.062500 793.783839 3.379802 3.436009 16.592339
 95180.000000 -846598.625000 793.937859 3.554017 3.195473 16.515763
 95200.000000 -846770.375000 793.567139 3.349437 3.616386 16.354895
 95220.000000 -846054.937500 794.832881 3.508199 3.651579 16.210210
 95240.000000 -844364.687500 794.579481 3.368913 3.491815 16.543335
 95260.000000 -845680.625000 793.136054 3.121664 3.290947 16.735549
 95280.000000 -842792.250000 798.249017 3.586004 3.232251 16.668507
 95300.000000 -843863.812500 795.728778 3.318453 3.337823 16.630990
 95320.000000 -846654.750000 793.804133 3.592223 3.460515 16.564739
 95340.000000 -844885.875000 795.992444 3.291682 3.489454 16.264225
 95360.000000 -845103.250000 795.466087 3.269222 3.538012 16.244142
 95380.000000 -846030.875000 794.620578 3.530556 3.499926 16.367749
 95400.000000 -845600.125000 793.242360 3.474172 3.367176 16.268955
 95420.000000 -845418.062500 793.532673 3.624927 3.475895 16.487281
 95440.000000 -846695.875000 795.490294 3.282911 3.557683 16.617940
 95460.000000 -846196.562500 795.139065 3.345668 3.429713 16.739700
 95480.000000 -846085.437500 791.443788 3.441576 3.529984 16.458728
 95500.000000 -845481.062500 792.094375 3.448176 3.264141 16.461624
 95520.000000 -845127.375000 795.365642 3.807227 3.087490 16.527835
 95540.000000 -845723.250000 795.445326 3.452496 3.024108 16.280033
 95560.000000 -845936.250000 794.995058 3.420681 3.089881 16.601711
 95580.000000 -844422.687500 796.094147 3.560291 3.460411 16.566423
 95600.000000 -847627.875000 792.709100 3.485083 3.411428 16.517148
 95620.000000 -845114.562500 793.129728 3.370344 3.224592 16.455052
 95640.000000 -845145.750000 793.814486 3.505833 3.125703 16.424622
 95660.000000 -845245.437500 792.400020 3.500235 3.217006 16.496924
 95680.000000 -845490.812500 794.110908 3.575997 3.181446 16.312652
 95700.000000 -844280.937500 795.132300 3.662445 3.386402 16.243779
 95720.000000 -845762.375000 795.161979 3.205212 3.719015 16.542317
 95740.000000 -846239.250000 793.335622 3.749771 3.481462 16.363340
 95760.000000 -845397.062500 796.109309 3.505367 3.539661 16.454716
 95780.000000 -843435.625000 796.408732 3.764593 3.333463 16.442609
 95800.000000 -844050.125000 794.879803 3.358974 3.249173 16.492588
 95820.000000 -845002.500000 795.522049 3.397136 3.344818 16.593742
 95840.000000 -844866.750000 795.266513 3.238015 3.239221 16.641431
 95860.000000 -845332.875000 792.652844 3.428610 3.412993 16.640115
 95880.000000 -843195.375000 795.214656 3.275302 3.369271 16.529915
 95900.000000 -845593.500000 794.790612 3.339342 3.436824 16.419479
 95920.000000 -844608.312500 796.193548 3.395742 3.310227 16.359576
 95940.000000 -846243.687500 793.110320 3.453338 3.569336 16.449864
 95960.000000 -845479.875000 794.295575 3.309211 3.291186 16.650923
 95980.000000 -845766.062500 794.143804 3.190603 3.425584 16.635138
 96000.000000 -845698.000000 796.131268 3.320690 3.425672 16.444852
 96020.000000 -845636.375000 793.776801 3.401050 3.458662 16.396205
 96040.000000 -843733.625000 795.049037 3.568039 3.558591 16.561354
 96060.000000 -845776.000000 795.156034 3.647617 3.156939 16.616758
 96080.000000 -845264.250000 794.460453 3.359632 3.425599 16.131932
 96100.000000 -845265.500000 794.549734 3.386690 3.429584 16.302317
 96120.000000 -846285.875000 794.351609 3.611187 3.509508 16.472821
 96140.000000 -845304.625000 795.426562 3.326550 3.424512 16.721082
 96160.000000 -843503.437500 792.650442 3.370496 3.505487 16.523466
 96180.000000 -845864.562500 793.564507 3.396405 3.612482 16.622514
 96200.000000 -844131.500000 794.071636 3.251897 3.258367 16.336933
 96220.000000 -845688.625000 795.594372 3.309339 3.388089 16.145352
 96240.000000 -845476.562500 794.239224 3.328131 3.501343 16.457431
 96260.000000 -842435.812500 796.729429 3.114346 3.319301 16.365852
 96280.000000 -844188.437500 795.759417 3.511061 3.307927 16.407384
 96300.000000 -843493.187500 795.313619 3.020306 3.106196 16.448031
 96320.000000 -843199.125000 795.690575 3.387058 3.170510 16.464969
 96340.000000 -846422.250000 794.592889 3.483101 3.246610 16.380429
 96360.000000 -845424.437500 794.621663 3.381192 3.334183 16.451973
 96380.000000 -844520.062500 795.707298 3.279431 3.246835 16.289605
 96400.000000 -846077.687500 793.189493 2.875445 3.171452 16.353750
 96420.000000 -845775.000000 792.642191 3.001677 3.419523 16.482314
 96440.000000 -844299.750000 797.578569 3.331254 3.316582 16.349385
 96460.000000 -845115.250000 793.635684 3.468418 3.212438 16.313011
 96480.000000 -844914.625000 794.949589 3.354190 3.367955 16.417187
 96500.000000 -846158.750000 793.606432 3.253557 3.344790 16.306418
 96520.000000 -846021.312500 793.638263 3.723656 3.062477 16.372682
 96540.000000 -845328.375000 793.599393 3.500232 3.269187 16.175025
 96560.000000 -844258.125000 796.289483 3.610083 3.321696 16.372090
 96580.000000 -844921.125000 792.872666 3.375866 3.392413 16.526875
 96600.000000 -845084.625000 794.513439 3.397823 3.549530 16.586175
 96620.000000 -844775.625000 792.897018 3.243355 3.228784 16.171378
 96640.000000 -845723.187500 794.012668 3.330050 3.175182 16.670337
 96660.000000 -844648.187500 794.588070 3.249703 2.990837 16.681310
 96680.000000 -845380.750000 791.370263 3.253882 3.328058 16.503077
 96700.000000 -844217.000000 794.658333 3.214633 3.499034 16.384224
 96720.000000 -846316.312500 791.430541 3.383359 3.411499 16.086573
 96740.000000 -844720.875000 794.179018 3.235204 3.297933 16.320232
 96760.000000 -842885.562500 795.509278 3.446753 3.240277 16.288540
 96780.000000 -846388.937500 793.156295 3.273040 3.482470 16.367858
 96800.000000 -845382.937500 793.593221 3.469415 3.585149 16.406373
 96820.000000 -845815.812500 793.780980 3.181543 3.600093 16.603958
 96840.000000 -845407.125000 794.085188 3.066300 3.517704 16.802719
 96860.000000 -845663.500000 791.863438 2.934748 3.436000 16.513822
 96880.000000 -847052.500000 793.004640 3.000471 3.654453 16.544427
 96900.000000 -847311.875000 793.113314 3.001610 3.346002 16.552157
 96920.000000 -845147.937500 794.128685 3.221076 3.343927 16.501912
 96940.000000 -845540.687500 794.000233 3.264863 3.725751 16.704295
 96960.000000 -846038.437500 792.982328 3.430218 3.682013 16.817018
 96980.000000 -847064.062500 792.456677 3.358328 3.476914 16.529368
 97000.000000 -845760.562500 794.009817 3.371474 3.292578 16.333209
 97020.000000 -844936.500000 796.336971 3.231781 3.292797 16.194017
 97040.000000 -845914.000000 795.031373 3.624336 3.516979 16.265174
 97060.000000 -843393.375000 795.833082 3.551203 3.574029 16.548586
 97080.000000 -843792.437500 796.823107 3.425154 3.466267 16.306737
 97100.000000 -845447.875000 795.031962 3.559853 3.562267 16.322862
 97120.000000 -843009.625000 799.951709 3.373288 3.391943 16.361344
 97140.000000 -845367.250000 793.986986 3.153854 3.528070 16.702177
 97160.000000 -845555.500000 794.769121 3.366911 3.461004 16.438785
 97180.000000 -844895.312500 793.638707 3.569728 3.598260 16.564178
 97200.000000 -845453.187500 793.561971 3.143674 3.480645 16.601975
 97220.000000 -845630.375000 793.905708 3.117451 3.271977 16.315007
 97240.000000 -844302.875000 794.423333 3.470077 3.432030 16.614783
 97260.000000 -844751.187500 793.302423 3.520723 3.430062 16.466202
 97280.000000 -843400.187500 794.148285 3.438347 3.586256 16.280691
 97300.000000 -843405.750000 795.856321 3.670688 3.768157 16.497792
 97320.000000 -844753.312500 797.127149 3.613688 3.385428 16.643251
 97340.000000 -846309.750000 792.485150 3.420090 3.465921 16.507134
 97360.000000 -845205.500000 794.593383 3.628164 3.448146 16.069135
 97380.000000 -845601.687500 794.744221 3.490868 3.253971 16.579461
 97400.000000 -845552.937500 790.594630 3.363337 3.350656 16.486108
 97420.000000 -843473.437500 794.988385 3.428524 3.676168 16.738025
 97440.000000 -845457.062500 796.214685 3.298596 3.624867 16.525144
 97460.000000 -843869.875000 794.290157 3.036466 3.508817 16.619179
 97480.000000 -844695.875000 796.754482 3.245841 3.325227 16.776985
 97500.000000 -845043.062500 796.497764 3.347166 3.497811 16.674184
 97520.000000 -844080.687500 796.020905 3.290372 3.237462 16.564996
 97540.000000 -845261.500000 793.680064 3.591656 3.240660 16.737214
 97560.000000 -844457.312500 796.156396 3.246905 3.485888 16.345784
 97580.000000 -845114.687500 794.185509 3.019077 3.339703 16.718438
 97600.000000 -845436.562500 795.863783 3.055473 3.319482 16.484812
 97620.000000 -845545.875000 793.319356 3.283115 3.456643 16.779687
 97640.000000 -845452.125000 794.661340 3.615912 3.381108 16.272315
 97660.000000 -842700.187500 797.577905 3.630482 3.520437 16.198571
 97680.000000 -845704.000000 794.114591 3.593657 3.593090 16.447667
 97700.000000 -846314.500000 793.379592 3.708131 3.571281 16.485466
 97720.000000 -843138.187500 796.695236 3.633475 3.755171 16.675004
 97740.000000 -844001.812500 792.832105 3.451175 3.454893 16.501988
 97760.000000 -846125.187500 791.486047 3.516533 3.313515 16.272223
 97780.000000 -844830.500000 791.668168 3.372747 3.459349 16.348641
 97800.000000 -844968.062500 793.767934 3.334359 3.540029 16.267023
 97820.000000 -841892.000000 795.032431 3.347155 3.530514 16.043364
 97840.000000 -843373.500000 795.296203 3.419878 3.474736 16.457807
 97860.000000 -846162.562500 794.316167 3.458907 3.383355 16.305552
 97880.000000 -844721.250000 793.179466 3.574300 3.462729 16.364673
 97900.000000 -844988.187500 794.946852 3.431384 3.462636 16.607615
 97920.000000 -845423.250000 794.353054 3.308492 3.406025 16.394718
 97940.000000 -846213.625000 792.889770 3.413316 3.431688 16.522630
 97960.000000 -844563.812500 793.930579 3.648615 3.375757 16.327771
 97980.000000 -845926.625000 793.511173 3.418872 3.529454 16.221012
 98000.000000 -845741.812500 793.829003 3.157293 3.257130 16.631724
 98020.000000 -845900.312500 794.269490 3.478101 3.381435 16.624356
 98040.000000 -843804.437500 794.493377 3.694717 3.251466 16.396584
 98060.000000 -844846.875000 796.844396 3.268064 3.421803 16.395061
 98080.000000 -844589.312500 794.578074 3.111245 3.552540 16.569679
 98100.000000 -844611.875000 794.271523 3.363116 3.575504 16.592693
 98120.000000 -845673.937500 793.796749 3.483518 3.531899 16.630127
 98140.000000 -843658.812500 797.173790 3.414163 3.334848 16.467054
 98160.000000 -844840.187500 793.812490 3.506364 3.145079 16.250549
 98180.000000 -843833.562500 795.486969 3.407671 3.295712 16.689967
 98200.000000 -845458.062500 792.859179 3.334527 3.448380 16.373104
 98220.000000 -845629.250000 794.038846 3.490843 3.506992 16.599931
 98240.000000 -844544.687500 793.611943 3.735929 3.547497 16.463697
 98260.000000 -845590.500000 794.174683 3.370659 3.290202 16.632703
 98280.000000 -845921.625000 795.101801 3.397989 3.344020 16.577764
 98300.000000 -846314.312500 793.311792 3.365854 3.704034 16.439851
 98320.000000 -846501.812500 796.027643 3.366188 3.404945 16.155140
 98340.000000 -845227.312500 794.590284 3.660726 3.478133 16.318820
 98360.000000 -844208.812500 795.541544 3.514188 3.333320 16.278326
 98380.000000 -844785.250000 796.169654 3.431371 3.417553 16.450650
 98400.000000 -845032.812500 793.740027 3.277517 3.204574 16.342806
 98420.000000 -845317.625000 795.534311 3.476660 3.292220 16.416264
 98440.000000 -843588.187500 795.207124 3.470710 3.376068 16.429036
 98460.000000 -843739.875000 793.763979 3.345248 3.344986 16.360171
 98480.000000 -844542.875000 794.682948 3.606270 3.514433 16.301196
 98500.000000 -844635.750000 797.486930 3.464864 3.120792 16.471431
 98520.000000 -845752.000000 795.052582 3.357862 3.303397 16.666804
 98540.000000 -845050.375000 795.662961 3.143676 3.491316 16.682004
 98560.000000 -846368.937500 792.457347 3.469382 3.636231 16.691912
 98580.000000 -847228.812500 791.235733 3.201262 3.582815 16.558764
 98600.000000 -845565.750000 795.460574 3.347298 3.372830 16.581412
 98620.000000 -845803.187500 791.751380 3.468089 3.292962 16.549202
 98640.000000 -845208.312500 795.823121 3.572503 3.365047 16.569644
 98660.000000 -845869.375000 793.227428 3.414734 3.563626 16.298124
 98680.000000 -844803.937500 795.355379 3.369028 3.412168 16.544815
 98700.000000 -844449.500000 793.978473 3.644723 3.481740 16.680639
 98720.000000 -844725.500000 794.296459 3.413296 3.547790 16.795126
 98740.000000 -844348.500000 793.586753 3.588941 3.459399 16.541759
 98760.000000 -845594.500000 793.494942 3.727843 3.142243 16.633901
 98780.000000 -843570.125000 795.226411 3.562664 3.310899 16.735845
 98800.000000 -846059.687500 792.484735 3.436915 3.656112 16.404794
 98820.000000 -843338.375000 794.772723 3.007594 3.485237 16.828668
 98840.000000 -844400.312500 792.986610 3.270092 3.204378 16.475590
 98860.000000 -845522.187500 795.120717 3.119447 3.479433 16.581493
 98880.000000 -844507.875000 796.636036 3.208363 3.184785 16.715484
 98900.000000 -845831.000000 795.518633 3.343181 3.402387 16.588254
 98920.000000 -844745.625000 795.289747 3.422373 3.539916 16.556513
 98940.000000 -844742.562500 794.491479 3.387098 3.294946 16.413265
 98960.000000 -843772.437500 799.015105 3.297309 3.501506 16.532805
 98980.000000 -844037.437500 793.857090 3.341848 3.464160 16.418285
 99000.000000 -843846.500000 795.185983 3.122371 3.340263 16.513690
 99020.000000 -844568.312500 795.451433 3.084292 3.542405 16.189078
 99040.000000 -845500.750000 794.305214 3.233147 2.924818 16.642589
 99060.000000 -844592.062500 794.420896 3.531496 3.006464 16.593799
 99080.000000 -844118.375000 795.168794 3.252948 3.460263 16.701669
 99100.000000 -844968.312500 794.755223 2.903282 3.285327 16.433325
 99120.000000 -846871.250000 795.012677 3.269560 3.230629 16.748462
 99140.000000 -845002.812500 794.443793 3.327125 3.718266 16.600913
 99160.000000 -844515.750000 794.056536 3.319171 3.497741 16.654619
 99180.000000 -845333.750000 795.967161 3.213823 3.424016 16.445237
 99200.000000 -845287.187500 793.148119 3.440698 3.658895 16.544139
 99220.000000 -844936.562500 794.764777 3.327989 3.739323 16.277187
 99240.000000 -845536.125000 795.283876 3.532181 3.576259 16.566819
 99260.000000 -845099.187500 793.362588 3.552255 3.577114 16.588045
 99280.000000 -846202.750000 791.479567 3.478384 3.448469 16.539541
 99300.000000 -845565.875000 795.758555 3.285228 3.378081 16.614686
 99320.000000 -843994.437500 796.600923 3.502964 3.686605 16.407712
 99340.000000 -846072.187500 794.853973 3.097892 3.465630 16.529817
 99360.000000 -845825.687500 793.560999 3.295968 3.235931 16.561723
 99380.000000 -841455.187500 796.612737 3.183456 3.244374 16.595335
 99400.000000 -844904.125000 795.660998 3.456915 3.347408 16.443014
 99420.000000 -845447.750000 793.115428 3.350169 3.413259 16.305388
 99440.000000 -844394.750000 793.645564 3.537237 3.603485 16.745184
 99460.000000 -844636.250000 795.631157 3.508525 3.253645 16.641653
 99480.000000 -845673.000000 794.295276 3.527313 3.192888 16.506295
 99500.000000 -843101.500000 795.884982 3.439370 3.235434 16.516987
 99520.000000 -844702.687500 795.519267 3.260084 3.413123 16.564543
 99540.000000 -844876.375000 794.890371 3.540044 3.270015 16.345640
 99560.000000 -845789.312500 793.710858 3.312529 3.333758 16.380516
 99580.000000 -845551.937500 794.808609 3.527228 3.768214 16.036225
 99600.000000 -843982.312500 796.940564 3.104062 3.440612 16.288275
 99620.000000 -845715.125000 795.559350 3.463519 3.788370 16.155532
 99640.000000 -844477.000000 796.038519 3.446770 3.708578 16.812555
 99660.000000 -846060.437500 794.413588 3.505690 3.297767 16.365015
 99680.000000 -844461.187500 794.476728 3.233064 3.425373 16.708371
 99700.000000 -845935.250000 794.218236 3.476542 3.315725 16.658684
 99720.000000 -844518.812500 796.401954 3.557591 3.263025 16.889160
 99740.000000 -845334.500000 795.477063 3.451325 3.470297 16.652193
 99760.000000 -845051.125000 793.641583 3.456779 3.547136 16.520099
 99780.000000 -845236.875000 795.274757 3.497514 3.441287 16.455620
 99800.000000 -845349.187500 791.574494 3.607499 3.182180 16.315352
 99820.000000 -846609.062500 794.371035 3.602537 3.149559 16.536823
 99840.000000 -844755.687500 793.234766 3.519587 3.103182 16.369851
 99860.000000 -845821.500000 795.169719 3.571466 3.048495 16.378579
 99880.000000 -844683.187500 793.907295 3.675714 3.397642 16.356200
 99900.000000 -845924.812500 793.181617 3.636308 3.458723 16.362902
 99920.000000 -846504.312500 794.584077 3.502272 3.423349 16.521580
 99940.000000 -844090.937500 792.841137 3.464285 3.647353 16.586909
 99960.000000 -846145.000000 796.855995 3.275537 3.416294 16.668733
 99980.000000 -844125.250000 795.209717 3.568308 3.203677 16.605785
 100000.000000 -844099.500000 794.743162 3.539185 3.408587 16.610498
