#! FIELDS time G vol p.x p.y p.z mr.bias uwall.bias lwall.bias rwbias
 0.000000 -296867.218750 408.761222 4.435147 2.605127 7.318238 58.099986 0.000000 0.000000 22.541362
 2.000000 -297189.875000 409.074688 4.407795 2.631654 7.395396 45.542238 0.000000 0.000000 17.669265
 4.000000 -297886.875000 409.920972 4.312752 2.575224 7.376609 48.265905 0.000000 0.000000 18.725981
 6.000000 -297944.562500 409.808183 4.344812 2.513278 7.522676 28.122855 0.000000 0.000000 10.910974
 8.000000 -297396.343750 409.563333 4.411536 2.544971 7.496756 31.155599 0.000000 0.000000 12.087604
 10.000000 -297489.781250 410.149187 4.442178 2.464476 7.506472 29.832468 0.000000 0.000000 11.574262
 12.000000 -296855.906250 411.171829 4.423416 2.538507 7.551237 24.504839 0.000000 0.000000 9.507273
 14.000000 -297316.406250 411.449752 4.435351 2.562574 7.598828 19.421469 0.000000 0.000000 7.535051
 16.000000 -298154.718750 410.913253 4.386154 2.518025 7.602533 18.960519 0.000000 0.000000 7.356214
 18.000000 -297947.406250 410.081463 4.466655 2.457201 7.545210 24.841139 0.000000 0.000000 9.637749
 20.000000 -298378.781250 408.753208 4.404466 2.518300 7.439041 37.944476 0.000000 0.000000 14.721521
 22.000000 -297996.031250 408.269297 4.448365 2.470818 7.466302 34.151692 0.000000 0.000000 13.250014
 24.000000 -297212.000000 409.143121 4.427105 2.445846 7.491770 30.780522 0.000000 0.000000 11.942083
 26.000000 -297426.250000 409.281705 4.414412 2.476800 7.480994 32.005286 0.000000 0.000000 12.417262
 28.000000 -297165.968750 409.240300 4.372700 2.474896 7.575079 21.106983 0.000000 0.000000 8.188989
 30.000000 -297277.812500 409.292371 4.447319 2.464990 7.570947 21.430028 0.000000 0.000000 8.314322
 32.000000 -296934.468750 409.690839 4.378627 2.496890 7.503740 28.831235 0.000000 0.000000 11.185808
 34.000000 -297441.625000 409.316284 4.315459 2.446504 7.475443 32.201783 0.000000 0.000000 12.493498
 36.000000 -296812.281250 410.136154 4.329165 2.437855 7.489729 30.291329 0.000000 0.000000 11.752289
 38.000000 -297153.843750 409.360681 4.300413 2.464665 7.509755 27.758990 0.000000 0.000000 10.769804
 40.000000 -296766.500000 411.250075 4.325715 2.506178 7.475134 31.861183 0.000000 0.000000 12.361353
 42.000000 -297635.281250 408.916557 4.301822 2.506462 7.501668 28.480760 0.000000 0.000000 11.049832
 44.000000 -297801.468750 409.627303 4.334951 2.511150 7.552065 22.677565 0.000000 0.000000 8.798336
 46.000000 -296839.406250 410.317547 4.331605 2.503320 7.515023 26.677811 0.000000 0.000000 10.350333
 48.000000 -297951.406250 410.748576 4.370483 2.429528 7.553737 22.288205 0.000000 0.000000 8.647274
 50.000000 -297561.125000 409.912278 4.346602 2.432171 7.488139 29.629166 0.000000 0.000000 11.495386
 52.000000 -298202.843750 410.000165 4.337595 2.436355 7.601445 17.349623 0.000000 0.000000 6.731226
 54.000000 -297459.468750 410.328815 4.327141 2.420360 7.513790 26.359200 0.000000 0.000000 10.226719
 56.000000 -295947.625000 410.126022 4.315331 2.353361 7.542999 23.005279 0.000000 0.000000 8.925481
 58.000000 -296582.406250 410.058319 4.260077 2.416153 7.645422 13.250141 0.000000 0.000000 5.140728
 60.000000 -297239.781250 409.887248 4.302781 2.417893 7.609956 16.203961 0.000000 0.000000 6.286737
 62.000000 -297580.968750 410.003661 4.239247 2.488466 7.665734 11.496290 0.000000 0.000000 4.460277
 64.000000 -297944.093750 410.211284 4.262471 2.401629 7.791187 3.907874 0.000000 0.000000 1.516159
 66.000000 -297539.562500 409.659223 4.313683 2.454561 7.731156 6.952771 0.000000 0.000000 2.697504
 68.000000 -297518.812500 409.585569 4.262099 2.447910 7.791436 3.809085 0.000000 0.000000 1.477831
 70.000000 -297258.187500 411.056160 4.302651 2.444289 7.685773 9.745959 0.000000 0.000000 3.781192
 72.000000 -296281.562500 410.390928 4.303062 2.434000 7.619289 14.853176 0.000000 0.000000 5.762666
 74.000000 -297506.875000 410.552418 4.287931 2.452787 7.694960 8.980670 0.000000 0.000000 3.484279
 76.000000 -297250.281250 410.821048 4.318200 2.503038 7.658805 11.490875 0.000000 0.000000 4.458176
 78.000000 -296667.312500 409.974953 4.327644 2.540611 7.729144 6.719662 0.000000 0.000000 2.607063
 80.000000 -298046.000000 409.288058 4.402643 2.556538 7.719632 7.222123 0.000000 0.000000 2.802006
 82.000000 -296352.625000 409.475145 4.330561 2.564059 7.727448 6.702014 0.000000 0.000000 2.600216
 84.000000 -297647.906250 409.643757 4.341378 2.552847 7.776022 4.139510 0.000000 0.000000 1.606028
 86.000000 -296837.093750 409.444357 4.287298 2.514078 7.739920 5.890477 0.000000 0.000000 2.285360
 88.000000 -297557.281250 409.487921 4.312212 2.547142 7.745768 5.524704 0.000000 0.000000 2.143449
 90.000000 -297921.218750 409.410643 4.274536 2.506544 7.738107 5.880304 0.000000 0.000000 2.281413
 92.000000 -298115.625000 409.773103 4.263254 2.521687 7.694108 8.443008 0.000000 0.000000 3.275679
 94.000000 -297674.437500 410.648987 4.241982 2.509138 7.722436 6.644973 0.000000 0.000000 2.578086
 96.000000 -298124.562500 411.137959 4.293317 2.467948 7.773740 3.972076 0.000000 0.000000 1.541067
 98.000000 -297587.468750 410.727595 4.278230 2.442894 7.722127 6.547882 0.000000 0.000000 2.540417
 100.000000 -296695.437500 411.798045 4.306666 2.490404 7.649882 11.258889 0.000000 0.000000 4.368171
 102.000000 -297271.812500 410.945238 4.331176 2.425819 7.717541 6.696685 0.000000 0.000000 2.598148
 104.000000 -298049.750000 410.302959 4.304445 2.429119 7.717152 6.661355 0.000000 0.000000 2.584442
 106.000000 -296944.843750 409.764986 4.255598 2.468774 7.763744 4.197847 0.000000 0.000000 1.628661
 108.000000 -296780.750000 410.051121 4.308234 2.490818 7.679954 8.847583 0.000000 0.000000 3.432644
 110.000000 -297103.031250 410.449799 4.270516 2.426750 7.724837 6.058983 0.000000 0.000000 2.350736
 112.000000 -296211.843750 409.645852 4.254210 2.456249 7.753779 4.522982 0.000000 0.000000 1.754806
 114.000000 -297959.968750 409.738601 4.302263 2.423048 7.729132 5.717450 0.000000 0.000000 2.218229
 116.000000 -297567.875000 409.774777 4.286153 2.467321 7.692391 7.788083 0.000000 0.000000 3.021584
 118.000000 -298651.343750 409.461714 4.320431 2.448143 7.715466 6.358214 0.000000 0.000000 2.466830
 120.000000 -299016.531250 408.297158 4.339339 2.421316 7.690857 7.759050 0.000000 0.000000 3.010320
 122.000000 -298104.343750 408.684812 4.308406 2.432535 7.747484 4.584806 0.000000 0.000000 1.778792
 124.000000 -297418.531250 409.790945 4.369786 2.459921 7.682724 8.145702 0.000000 0.000000 3.160332
 126.000000 -296571.656250 410.353763 4.389519 2.362537 7.624413 12.213852 0.000000 0.000000 4.738673
 128.000000 -297721.312500 409.635048 4.366126 2.468288 7.616297 12.776231 0.000000 0.000000 4.956863
 130.000000 -298977.468750 409.335553 4.354204 2.484791 7.679296 8.173097 0.000000 0.000000 3.170960
 132.000000 -297918.031250 410.404624 4.432834 2.400328 7.584944 15.230049 0.000000 0.000000 5.908883
 134.000000 -297833.406250 410.247916 4.395973 2.457258 7.672487 8.483379 0.000000 0.000000 3.291342
 136.000000 -296934.656250 411.052451 4.402651 2.423068 7.721468 5.540468 0.000000 0.000000 2.149565
 138.000000 -296891.843750 410.794545 4.375726 2.545137 7.660886 9.120222 0.000000 0.000000 3.538421
 140.000000 -296749.656250 410.668060 4.437272 2.509349 7.616951 12.249954 0.000000 0.000000 4.752680
 142.000000 -297533.843750 410.786333 4.378942 2.420792 7.691146 7.071819 0.000000 0.000000 2.743692
 144.000000 -296806.687500 411.742337 4.371112 2.504598 7.575264 15.552819 0.000000 0.000000 6.034110
 146.000000 -298110.593750 411.298498 4.290331 2.538756 7.543857 18.349800 0.000000 0.000000 7.119270
 148.000000 -296923.406250 411.797212 4.307818 2.521774 7.582575 14.742554 0.000000 0.000000 5.719747
 150.000000 -296006.718750 412.823161 4.305099 2.491144 7.558128 16.824386 0.000000 0.000000 6.527447
 152.000000 -296923.562500 412.249691 4.340127 2.520349 7.593148 13.682856 0.000000 0.000000 5.308611
 154.000000 -296399.406250 413.065813 4.333136 2.586615 7.550601 17.335141 0.000000 0.000000 6.725607
 156.000000 -296131.406250 411.283842 4.364637 2.536766 7.628530 10.765579 0.000000 0.000000 4.176779
 158.000000 -297110.000000 410.865157 4.430507 2.484466 7.594880 13.294303 0.000000 0.000000 5.157862
 160.000000 -297707.187500 410.303407 4.424978 2.528114 7.624219 10.935785 0.000000 0.000000 4.242815
 162.000000 -296942.062500 409.732525 4.387012 2.493262 7.485397 23.501426 0.000000 0.000000 9.117974
 164.000000 -298239.156250 408.672101 4.401535 2.518489 7.494167 22.454268 0.000000 0.000000 8.711702
 166.000000 -297624.031250 409.145160 4.399154 2.521151 7.553596 16.507810 0.000000 0.000000 6.404623
 168.000000 -297714.906250 409.082914 4.373303 2.615883 7.486074 23.104498 0.000000 0.000000 8.963975
 170.000000 -297381.875000 409.712729 4.387777 2.553804 7.479800 23.674878 0.000000 0.000000 9.185269
 172.000000 -298811.031250 409.547114 4.366511 2.567437 7.512223 20.178129 0.000000 0.000000 7.828616
 174.000000 -297668.781250 411.102518 4.358403 2.580536 7.549205 16.543396 0.000000 0.000000 6.418429
 176.000000 -297619.750000 410.801523 4.354903 2.636689 7.438570 28.016942 0.000000 0.000000 10.869883
 178.000000 -297611.500000 410.775548 4.353857 2.644140 7.451902 26.346382 0.000000 0.000000 10.221746
 180.000000 -297442.343750 410.474193 4.341406 2.694442 7.493661 21.667260 0.000000 0.000000 8.406363
 182.000000 -297494.281250 410.964840 4.377388 2.678346 7.498532 21.060465 0.000000 0.000000 8.170941
 184.000000 -298187.937500 410.344553 4.379994 2.730202 7.524739 18.361162 0.000000 0.000000 7.123678
 186.000000 -296968.937500 410.741091 4.353220 2.605150 7.520508 18.672023 0.000000 0.000000 7.244285
 188.000000 -297334.250000 410.506749 4.409745 2.619215 7.510204 19.581761 0.000000 0.000000 7.597240
 190.000000 -297238.593750 409.911905 4.412322 2.634716 7.523544 18.188547 0.000000 0.000000 7.056708
 192.000000 -297397.218750 410.696337 4.393805 2.636541 7.480666 22.401467 0.000000 0.000000 8.691217
 194.000000 -298374.656250 410.990120 4.394080 2.677019 7.559503 14.748762 0.000000 0.000000 5.722156
 196.000000 -297776.812500 411.658044 4.385673 2.662539 7.597269 11.607622 0.000000 0.000000 4.503471
 198.000000 -298032.750000 412.353754 4.345487 2.677930 7.598487 11.439255 0.000000 0.000000 4.438149
 200.000000 -298194.437500 410.248143 4.328235 2.605495 7.645277 8.110454 0.000000 0.000000 3.146656
 202.000000 -297885.875000 411.022822 4.325692 2.630994 7.610743 10.386503 0.000000 0.000000 4.029707
 204.000000 -298385.250000 411.098514 4.311485 2.669661 7.521789 17.691875 0.000000 0.000000 6.864011
 206.000000 -296431.937500 412.112112 4.363148 2.679167 7.565659 13.723361 0.000000 0.000000 5.324326
 208.000000 -297945.687500 411.923820 4.366419 2.707444 7.648619 7.649673 0.000000 0.000000 2.967885
 210.000000 -297063.250000 410.432919 4.430240 2.678084 7.572146 13.029318 0.000000 0.000000 5.055054
 212.000000 -296457.250000 410.111081 4.384785 2.744901 7.566276 13.425402 0.000000 0.000000 5.208725
 214.000000 -297578.781250 410.181273 4.392889 2.746559 7.545193 15.121254 0.000000 0.000000 5.866674
 216.000000 -296952.687500 410.428838 4.373543 2.745796 7.527025 16.650803 0.000000 0.000000 6.460101
 218.000000 -297653.718750 410.428488 4.397909 2.732570 7.566195 13.187251 0.000000 0.000000 5.116328
 220.000000 -297514.687500 409.455128 4.408664 2.736072 7.580178 11.998721 0.000000 0.000000 4.655208
 222.000000 -299092.937500 409.576253 4.415828 2.650909 7.634693 8.084004 0.000000 0.000000 3.136394
 224.000000 -298392.718750 409.723522 4.416205 2.690680 7.537853 15.325333 0.000000 0.000000 5.945851
 226.000000 -297843.843750 408.761095 4.375694 2.698918 7.583043 11.548720 0.000000 0.000000 4.480618
 228.000000 -297326.375000 409.370630 4.439297 2.694456 7.550041 14.108554 0.000000 0.000000 5.473771
 230.000000 -297755.062500 408.555631 4.440742 2.716588 7.506746 17.884532 0.000000 0.000000 6.938757
 232.000000 -297592.031250 407.283566 4.433612 2.728105 7.530482 15.621852 0.000000 0.000000 6.060893
 234.000000 -298694.968750 408.048849 4.437602 2.676679 7.529170 15.649433 0.000000 0.000000 6.071594
 236.000000 -299377.312500 408.138945 4.458105 2.689289 7.566009 12.481301 0.000000 0.000000 4.842437
 238.000000 -298434.281250 409.142277 4.468580 2.649999 7.534732 14.987695 0.000000 0.000000 5.814856
 240.000000 -298399.750000 409.817535 4.478518 2.675403 7.595047 10.149798 0.000000 0.000000 3.937871
 242.000000 -298817.500000 409.147855 4.458281 2.663593 7.567245 12.148924 0.000000 0.000000 4.713483
 244.000000 -300271.468750 408.215817 4.407668 2.655768 7.584030 10.802330 0.000000 0.000000 4.191038
 246.000000 -298693.937500 407.455982 4.411634 2.638894 7.573639 11.503508 0.000000 0.000000 4.463077
 248.000000 -298847.781250 408.169796 4.397004 2.659908 7.613012 8.645330 0.000000 0.000000 3.354175
 250.000000 -297394.000000 407.730443 4.427001 2.652940 7.626546 7.716192 0.000000 0.000000 2.993692
 252.000000 -297478.625000 407.799284 4.436105 2.660008 7.671677 5.116830 0.000000 0.000000 1.985204
 254.000000 -296991.937500 408.780752 4.386271 2.642637 7.610806 8.593211 0.000000 0.000000 3.333954
 256.000000 -298274.031250 410.395445 4.401770 2.613284 7.591857 9.809979 0.000000 0.000000 3.806030
 258.000000 -297987.562500 409.888353 4.382016 2.608603 7.590187 9.857013 0.000000 0.000000 3.824278
 260.000000 -298050.656250 408.643898 4.413124 2.598937 7.524216 14.945841 0.000000 0.000000 5.798618
 262.000000 -297540.031250 409.234139 4.427139 2.536909 7.580855 10.378435 0.000000 0.000000 4.026577
 264.000000 -296624.625000 409.462761 4.405432 2.544025 7.591739 9.540039 0.000000 0.000000 3.701300
 266.000000 -297497.593750 408.271254 4.435236 2.567265 7.572512 10.840388 0.000000 0.000000 4.205803
 268.000000 -297787.812500 409.308447 4.399657 2.611399 7.605504 8.482277 0.000000 0.000000 3.290914
 270.000000 -298467.781250 409.359441 4.390180 2.587361 7.587819 9.603632 0.000000 0.000000 3.725972
 272.000000 -297835.156250 409.827299 4.430429 2.552100 7.566988 11.026984 0.000000 0.000000 4.278198
 274.000000 -297736.843750 410.251697 4.438901 2.559174 7.589805 9.329469 0.000000 0.000000 3.619604
 276.000000 -298752.156250 409.299379 4.518131 2.561649 7.549367 12.217455 0.000000 0.000000 4.740071
 278.000000 -297411.562500 411.377125 4.458633 2.566578 7.560025 11.323232 0.000000 0.000000 4.393135
 280.000000 -298704.437500 410.561658 4.527040 2.554349 7.628855 6.678518 0.000000 0.000000 2.591100
 282.000000 -298459.843750 409.864571 4.486128 2.530401 7.643240 5.819048 0.000000 0.000000 2.257647
 284.000000 -298267.312500 410.285591 4.517294 2.547931 7.631371 6.420067 0.000000 0.000000 2.490828
 286.000000 -297884.562500 409.036893 4.474291 2.551764 7.550519 11.741346 0.000000 0.000000 4.555353
 288.000000 -298695.156250 409.939599 4.438414 2.562901 7.633825 6.170206 0.000000 0.000000 2.393888
 290.000000 -298287.656250 411.177217 4.436077 2.525771 7.675982 4.005940 0.000000 0.000000 1.554206
 292.000000 -298628.218750 410.942180 4.464359 2.544400 7.566049 10.364482 0.000000 0.000000 4.021163
 294.000000 -298645.187500 408.793853 4.451654 2.504779 7.539193 12.309329 0.000000 0.000000 4.775716
 296.000000 -298260.187500 410.156272 4.494363 2.518542 7.636655 5.796679 0.000000 0.000000 2.248969
 298.000000 -298636.687500 409.037845 4.442955 2.540642 7.617737 6.801464 0.000000 0.000000 2.638800
 300.000000 -298039.531250 408.981373 4.477198 2.533627 7.523049 13.362131 0.000000 0.000000 5.184177
 302.000000 -298493.593750 408.782078 4.445303 2.538337 7.584850 8.721896 0.000000 0.000000 3.383880
 304.000000 -299113.718750 408.439862 4.459412 2.541728 7.562465 10.191261 0.000000 0.000000 3.953958
 306.000000 -298811.500000 408.636127 4.547382 2.534145 7.594604 7.962977 0.000000 0.000000 3.089439
 308.000000 -298265.500000 408.131583 4.565167 2.522147 7.532628 12.275254 0.000000 0.000000 4.762496
 310.000000 -298804.718750 407.994068 4.545845 2.514579 7.634951 5.515089 0.000000 0.000000 2.139719
 312.000000 -298417.281250 407.298172 4.527877 2.503407 7.560565 10.041920 0.000000 0.000000 3.896017
 314.000000 -298781.937500 407.303685 4.541533 2.478516 7.571394 9.221207 0.000000 0.000000 3.577601
 316.000000 -299029.656250 407.940240 4.581263 2.540977 7.659127 4.180315 0.000000 0.000000 1.621859
 318.000000 -297341.093750 408.085834 4.607937 2.559465 7.595765 7.517544 0.000000 0.000000 2.916621
 320.000000 -297608.125000 409.496282 4.558855 2.510226 7.634148 5.296871 0.000000 0.000000 2.055056
 322.000000 -298781.281250 410.155066 4.550656 2.568275 7.618291 6.089030 0.000000 0.000000 2.362394
 324.000000 -298078.937500 409.426470 4.562682 2.544404 7.599652 7.101229 0.000000 0.000000 2.755102
 326.000000 -298695.937500 408.342500 4.554965 2.495767 7.618359 5.975494 0.000000 0.000000 2.318344
 328.000000 -298263.187500 407.556471 4.588893 2.473787 7.536146 11.239037 0.000000 0.000000 4.360469
 330.000000 -297998.531250 408.980813 4.540959 2.518472 7.520997 12.324702 0.000000 0.000000 4.781680
 332.000000 -297863.125000 409.603213 4.591096 2.493690 7.571831 8.591557 0.000000 0.000000 3.333312
 334.000000 -298044.968750 408.732551 4.587154 2.470957 7.559136 9.375198 0.000000 0.000000 3.637346
 336.000000 -298654.375000 408.457737 4.566881 2.544845 7.558772 9.331720 0.000000 0.000000 3.620477
 338.000000 -298637.187500 409.080295 4.542642 2.520888 7.553533 9.623495 0.000000 0.000000 3.733679
 340.000000 -297402.750000 409.872350 4.617085 2.523637 7.587367 7.358871 0.000000 0.000000 2.855060
 342.000000 -296649.406250 409.844660 4.616243 2.487568 7.555311 9.363182 0.000000 0.000000 3.632684
 344.000000 -296918.250000 410.014321 4.625516 2.482298 7.596168 6.718255 0.000000 0.000000 2.606517
 346.000000 -296856.875000 410.075118 4.599032 2.573703 7.521690 11.651794 0.000000 0.000000 4.520609
 348.000000 -296365.312500 410.744366 4.611416 2.514215 7.547341 9.706384 0.000000 0.000000 3.765837
 350.000000 -296607.531250 409.984454 4.626244 2.498351 7.577575 7.652390 0.000000 0.000000 2.968939
 352.000000 -296872.562500 409.939879 4.635560 2.476082 7.500833 13.054626 0.000000 0.000000 5.064873
 354.000000 -296971.750000 410.044638 4.649392 2.455174 7.483043 14.446328 0.000000 0.000000 5.604819
 356.000000 -296880.562500 409.686377 4.705051 2.404917 7.553168 9.033851 0.000000 0.000000 3.504912
 358.000000 -297782.000000 411.197455 4.657107 2.503887 7.536588 10.111275 0.000000 0.000000 3.922925
 360.000000 -297705.343750 410.681474 4.707264 2.446143 7.559709 8.468952 0.000000 0.000000 3.285745
 362.000000 -297093.656250 410.221287 4.677016 2.496951 7.585157 6.835304 0.000000 0.000000 2.651929
 364.000000 -297278.875000 410.958795 4.698416 2.470594 7.592720 6.343877 0.000000 0.000000 2.461268
 366.000000 -297085.250000 412.353498 4.638254 2.419443 7.609939 5.359270 0.000000 0.000000 2.079265
 368.000000 -296908.562500 412.043428 4.629170 2.528783 7.604129 5.611176 0.000000 0.000000 2.176998
 370.000000 -297949.343750 410.578253 4.580665 2.548533 7.588561 6.409303 0.000000 0.000000 2.486652
 372.000000 -297092.031250 410.173719 4.619664 2.521953 7.628275 4.311711 0.000000 0.000000 1.672838
 374.000000 -296503.187500 409.797010 4.683345 2.471335 7.661642 2.863673 0.000000 0.000000 1.111035
 376.000000 -296322.812500 409.451626 4.597073 2.465895 7.592041 6.047759 0.000000 0.000000 2.346381
 378.000000 -297944.281250 409.975314 4.558169 2.487987 7.627492 4.209386 0.000000 0.000000 1.633138
 380.000000 -296647.250000 410.008277 4.583059 2.500078 7.642376 3.512237 0.000000 0.000000 1.362661
 382.000000 -296951.656250 409.638720 4.535607 2.506240 7.615317 4.689147 0.000000 0.000000 1.819273
 384.000000 -296529.093750 410.947517 4.593275 2.562441 7.502162 11.692148 0.000000 0.000000 4.536265
 386.000000 -297269.000000 409.449516 4.600460 2.555281 7.520502 10.260141 0.000000 0.000000 3.980682
 388.000000 -297765.156250 408.375674 4.548347 2.568965 7.516952 10.443618 0.000000 0.000000 4.051866
 390.000000 -298398.687500 409.614550 4.577179 2.537806 7.563865 7.268285 0.000000 0.000000 2.819915
 392.000000 -297754.406250 408.768454 4.601912 2.567767 7.579909 6.277090 0.000000 0.000000 2.435356
 394.000000 -298744.656250 407.617338 4.637110 2.602358 7.543520 8.416265 0.000000 0.000000 3.265303
 396.000000 -299301.937500 405.882940 4.625648 2.601288 7.573956 6.500496 0.000000 0.000000 2.522032
 398.000000 -299518.718750 406.458532 4.546074 2.594181 7.559081 7.315630 0.000000 0.000000 2.838284
 400.000000 -298794.500000 406.738193 4.563012 2.549106 7.585419 5.755632 0.000000 0.000000 2.233043
 402.000000 -298561.687500 407.537752 4.572021 2.529755 7.611282 4.404742 0.000000 0.000000 1.708931
 404.000000 -297977.406250 407.596428 4.541959 2.555836 7.626875 3.660454 0.000000 0.000000 1.420166
 406.000000 -297830.250000 408.010929 4.588379 2.538260 7.601967 4.754755 0.000000 0.000000 1.844728
 408.000000 -297602.718750 409.394544 4.567910 2.616372 7.635499 3.220068 0.000000 0.000000 1.249307
 410.000000 -298409.781250 408.610546 4.521574 2.673521 7.674679 1.809639 0.000000 0.000000 0.702095
 412.000000 -297973.875000 409.587027 4.539252 2.604238 7.598485 4.778247 0.000000 0.000000 1.853842
 414.000000 -297123.968750 410.097581 4.536121 2.594420 7.604439 4.444415 0.000000 0.000000 1.724323
 416.000000 -297947.750000 409.207635 4.601962 2.573498 7.535966 8.194165 0.000000 0.000000 3.179134
 418.000000 -297830.156250 410.349428 4.587180 2.559027 7.549497 7.290484 0.000000 0.000000 2.828528
 420.000000 -297682.687500 409.513506 4.574967 2.565243 7.536735 8.017907 0.000000 0.000000 3.110750
 422.000000 -297058.062500 410.252241 4.632513 2.491954 7.547054 7.317250 0.000000 0.000000 2.838913
 424.000000 -297060.437500 409.764520 4.663205 2.459230 7.494965 10.733687 0.000000 0.000000 4.164406
 426.000000 -297743.218750 407.657210 4.631731 2.496512 7.568607 5.961924 0.000000 0.000000 2.313080
 428.000000 -297523.937500 407.853265 4.567162 2.484872 7.547717 7.097351 0.000000 0.000000 2.753597
 430.000000 -297441.375000 407.924574 4.549020 2.482373 7.563036 6.158515 0.000000 0.000000 2.389352
 432.000000 -298541.156250 408.672607 4.602324 2.511008 7.586294 4.885943 0.000000 0.000000 1.895625
 434.000000 -298141.312500 409.286101 4.543089 2.522814 7.571107 5.612329 0.000000 0.000000 2.177445
 436.000000 -297937.500000 407.830164 4.563098 2.547604 7.629650 2.901299 0.000000 0.000000 1.125632
 438.000000 -298654.656250 408.945526 4.551986 2.507548 7.633486 2.720034 0.000000 0.000000 1.055306
 440.000000 -297328.625000 410.004609 4.572657 2.541029 7.628877 2.854772 0.000000 0.000000 1.107581
 442.000000 -295909.843750 409.885829 4.562916 2.571461 7.585609 4.675020 0.000000 0.000000 1.813792
 444.000000 -296372.937500 409.117391 4.649436 2.567462 7.637069 2.482706 0.000000 0.000000 0.963229
 446.000000 -296159.687500 409.113486 4.586103 2.558620 7.640075 2.343546 0.000000 0.000000 0.909238
 448.000000 -296629.375000 409.883129 4.580885 2.526197 7.655586 1.812429 0.000000 0.000000 0.703178
 450.000000 -297154.562500 411.331461 4.554351 2.550140 7.698979 0.722406 0.000000 0.000000 0.280276
 452.000000 -296620.468750 409.838471 4.563094 2.425922 7.660521 1.609698 0.000000 0.000000 0.624523
 454.000000 -297440.437500 409.819947 4.506118 2.420979 7.660860 1.571934 0.000000 0.000000 0.609872
 456.000000 -297182.343750 409.019905 4.529148 2.406583 7.620052 2.886036 0.000000 0.000000 1.119711
 458.000000 -297089.343750 409.909661 4.438220 2.440244 7.588308 4.172059 0.000000 0.000000 1.618656
 460.000000 -296256.906250 409.840213 4.505763 2.435295 7.621776 2.746291 0.000000 0.000000 1.065493
 462.000000 -296700.000000 409.088069 4.502540 2.375294 7.625316 2.580634 0.000000 0.000000 1.001222
 464.000000 -297137.468750 409.959794 4.511704 2.390226 7.466826 11.338214 0.000000 0.000000 4.398947
 466.000000 -297279.500000 409.967657 4.556156 2.413636 7.532389 6.880308 0.000000 0.000000 2.669390
 468.000000 -298312.250000 409.196459 4.533714 2.421055 7.515660 7.833788 0.000000 0.000000 3.039317
 470.000000 -298495.406250 409.071639 4.483779 2.370463 7.567209 4.890137 0.000000 0.000000 1.897252
 472.000000 -298654.687500 407.394851 4.539289 2.367716 7.577426 4.351230 0.000000 0.000000 1.688170
 474.000000 -298525.156250 408.576358 4.565846 2.425289 7.534257 6.540403 0.000000 0.000000 2.537515
 476.000000 -297902.093750 409.025280 4.545756 2.410750 7.547151 5.770019 0.000000 0.000000 2.238625
 478.000000 -297678.000000 408.513764 4.512104 2.437546 7.585476 3.851063 0.000000 0.000000 1.494118
 480.000000 -298149.812500 409.828709 4.509508 2.420271 7.554543 5.276583 0.000000 0.000000 2.047184
 482.000000 -298114.437500 409.278939 4.489160 2.385765 7.566953 4.610273 0.000000 0.000000 1.788672
 484.000000 -299841.156250 409.255419 4.475920 2.415237 7.528915 6.560015 0.000000 0.000000 2.545124
 486.000000 -296605.437500 409.933164 4.488011 2.398779 7.486008 9.179601 0.000000 0.000000 3.561459
 488.000000 -298295.343750 408.789308 4.488025 2.358090 7.504583 7.901305 0.000000 0.000000 3.065512
 490.000000 -297632.812500 409.513845 4.491734 2.400832 7.523200 6.716409 0.000000 0.000000 2.605801
 492.000000 -297726.593750 409.282719 4.497758 2.411087 7.552879 5.056196 0.000000 0.000000 1.961679
 494.000000 -298104.125000 408.496133 4.475739 2.393041 7.574889 3.965460 0.000000 0.000000 1.538501
 496.000000 -298014.937500 408.511868 4.454076 2.460221 7.547622 5.221293 0.000000 0.000000 2.025733
 498.000000 -297883.375000 409.588834 4.452603 2.487680 7.557280 4.690933 0.000000 0.000000 1.819966
 500.000000 -297764.312500 409.355357 4.478495 2.462037 7.523634 6.405211 0.000000 0.000000 2.485064
 502.000000 -296660.843750 408.756262 4.438492 2.476567 7.560814 4.426738 0.000000 0.000000 1.717465
 504.000000 -298013.875000 410.491746 4.466633 2.462016 7.651134 1.172884 0.000000 0.000000 0.455050
 506.000000 -298456.906250 410.038973 4.433499 2.416941 7.652641 1.112959 0.000000 0.000000 0.431801
 508.000000 -297646.093750 409.538024 4.408952 2.448374 7.636205 1.506857 0.000000 0.000000 0.584623
 510.000000 -298029.000000 409.069805 4.430864 2.463993 7.642825 1.304959 0.000000 0.000000 0.506292
 512.000000 -298349.343750 409.684285 4.479293 2.426583 7.615580 2.061471 0.000000 0.000000 0.799800
 514.000000 -297571.625000 407.387412 4.461534 2.428223 7.548613 4.723309 0.000000 0.000000 1.832527
 516.000000 -296803.625000 408.927479 4.474815 2.444392 7.562243 4.039084 0.000000 0.000000 1.567065
 518.000000 -297064.031250 409.989201 4.490854 2.457657 7.463648 9.615503 0.000000 0.000000 3.730578
 520.000000 -296915.718750 409.471431 4.497099 2.474729 7.490555 7.777867 0.000000 0.000000 3.017621
 522.000000 -296886.093750 410.569239 4.453451 2.524819 7.501982 7.022206 0.000000 0.000000 2.724443
 524.000000 -298426.531250 409.073868 4.514461 2.466074 7.481560 8.220168 0.000000 0.000000 3.189222
 526.000000 -297931.718750 409.497675 4.516418 2.502809 7.489868 7.634267 0.000000 0.000000 2.961907
 528.000000 -296239.656250 409.809270 4.508347 2.478158 7.545639 4.529671 0.000000 0.000000 1.757400
 530.000000 -296376.437500 409.799152 4.453652 2.441923 7.554643 4.066068 0.000000 0.000000 1.577534
 532.000000 -296792.687500 410.675045 4.458871 2.448507 7.501272 6.770280 0.000000 0.000000 2.626702
 534.000000 -297241.500000 410.190920 4.448600 2.454458 7.609714 1.899922 0.000000 0.000000 0.737123
 536.000000 -297283.937500 409.777320 4.493685 2.467266 7.563115 3.565269 0.000000 0.000000 1.383236
 538.000000 -296824.531250 410.606134 4.556332 2.463670 7.525973 5.254490 0.000000 0.000000 2.038613
 540.000000 -296415.156250 410.569274 4.521223 2.511069 7.506975 6.217543 0.000000 0.000000 2.412253
 542.000000 -296748.156250 409.573753 4.520729 2.488075 7.539759 4.476497 0.000000 0.000000 1.736770
 544.000000 -296651.562500 410.756194 4.505427 2.489688 7.533566 4.725565 0.000000 0.000000 1.833403
 546.000000 -295983.843750 410.654286 4.493442 2.505422 7.547703 4.018440 0.000000 0.000000 1.559056
 548.000000 -295295.843750 409.641195 4.511381 2.476007 7.516738 5.473806 0.000000 0.000000 2.123702
 550.000000 -296957.500000 409.762514 4.509032 2.535109 7.552454 3.721512 0.000000 0.000000 1.443855
 552.000000 -296563.187500 410.971732 4.523140 2.446101 7.551652 3.712988 0.000000 0.000000 1.440548
 554.000000 -296906.812500 411.167192 4.538451 2.468467 7.588149 2.273083 0.000000 0.000000 0.881900
 556.000000 -297020.750000 410.631639 4.551254 2.449728 7.585930 2.314377 0.000000 0.000000 0.897921
 558.000000 -297361.875000 410.519598 4.474350 2.479513 7.518356 5.133098 0.000000 0.000000 1.991515
 560.000000 -297156.906250 409.990206 4.454771 2.473549 7.555269 3.392029 0.000000 0.000000 1.316024
 562.000000 -297294.750000 410.884870 4.440254 2.479787 7.486301 6.768628 0.000000 0.000000 2.626061
 564.000000 -296739.468750 411.228188 4.476629 2.547129 7.472414 7.539056 0.000000 0.000000 2.924968
 566.000000 -297677.625000 410.271501 4.543732 2.518825 7.467095 7.806563 0.000000 0.000000 3.028754
 568.000000 -297519.531250 409.070344 4.546650 2.476599 7.482622 6.808139 0.000000 0.000000 2.641390
 570.000000 -296960.562500 408.138986 4.514458 2.496828 7.444916 9.118164 0.000000 0.000000 3.537623
 572.000000 -298836.031250 408.708035 4.525163 2.466204 7.480179 6.834022 0.000000 0.000000 2.651432
 574.000000 -297312.031250 408.076957 4.490798 2.480411 7.474216 7.127224 0.000000 0.000000 2.765187
 576.000000 -298080.906250 407.551533 4.457159 2.490489 7.544348 3.513379 0.000000 0.000000 1.363104
 578.000000 -298247.093750 408.381235 4.484677 2.460945 7.503126 5.401427 0.000000 0.000000 2.095620
 580.000000 -298787.187500 408.571191 4.492015 2.488893 7.396029 12.322198 0.000000 0.000000 4.780709
 582.000000 -298374.406250 408.716150 4.463268 2.518068 7.487840 6.113951 0.000000 0.000000 2.372062
 584.000000 -297529.718750 408.091802 4.401373 2.441518 7.510925 4.854802 0.000000 0.000000 1.883543
 586.000000 -296891.750000 408.498991 4.403428 2.420734 7.549554 3.098638 0.000000 0.000000 1.202195
 588.000000 -296860.531250 408.472497 4.399029 2.438518 7.586221 1.793371 0.000000 0.000000 0.695784
 590.000000 -298090.218750 409.154377 4.466223 2.455450 7.496220 5.448649 0.000000 0.000000 2.113942
 592.000000 -297728.687500 408.661602 4.461062 2.392620 7.522267 4.128364 0.000000 0.000000 1.601703
 594.000000 -297793.406250 410.960541 4.471075 2.419783 7.548781 2.972925 0.000000 0.000000 1.153422
 596.000000 -297308.031250 409.419337 4.508930 2.377022 7.491637 5.531578 0.000000 0.000000 2.146116
 598.000000 -298135.750000 406.980442 4.470479 2.427206 7.540061 3.237668 0.000000 0.000000 1.256136
 600.000000 -297562.937500 409.103657 4.506136 2.460411 7.486658 5.689369 0.000000 0.000000 2.207335
 602.000000 -298828.937500 408.943885 4.490001 2.472858 7.452592 7.589599 0.000000 0.000000 2.944577
 604.000000 -296583.187500 409.649526 4.473425 2.475061 7.490196 5.397825 0.000000 0.000000 2.094223
 606.000000 -297717.156250 409.451875 4.495592 2.446594 7.516169 4.087468 0.000000 0.000000 1.585837
 608.000000 -297975.218750 409.363654 4.472050 2.428602 7.505544 4.534176 0.000000 0.000000 1.759148
 610.000000 -298146.968750 408.354292 4.486731 2.446639 7.444919 7.817567 0.000000 0.000000 3.033023
 612.000000 -297375.250000 408.730345 4.482375 2.476892 7.465212 6.542976 0.000000 0.000000 2.538513
 614.000000 -297505.218750 407.824571 4.454138 2.441789 7.529739 3.331758 0.000000 0.000000 1.292640
 616.000000 -295653.968750 408.162799 4.478677 2.476595 7.472183 6.039957 0.000000 0.000000 2.343354
 618.000000 -296947.375000 408.310003 4.538113 2.449605 7.428103 8.639333 0.000000 0.000000 3.351848
 620.000000 -298093.562500 408.432515 4.515131 2.451686 7.474964 5.780063 0.000000 0.000000 2.242522
 622.000000 -299334.500000 407.742852 4.493650 2.360872 7.502141 4.364517 0.000000 0.000000 1.693325
 624.000000 -299102.000000 406.202854 4.469646 2.433285 7.515424 3.722804 0.000000 0.000000 1.444356
 626.000000 -299020.656250 407.371519 4.519109 2.430575 7.467652 6.014207 0.000000 0.000000 2.333364
 628.000000 -299330.125000 407.027162 4.570649 2.420666 7.487961 4.902454 0.000000 0.000000 1.902031
 630.000000 -299295.968750 405.721411 4.488665 2.485198 7.490238 4.741512 0.000000 0.000000 1.839590
 632.000000 -297746.125000 406.828598 4.440277 2.429484 7.559277 1.944479 0.000000 0.000000 0.754410
 634.000000 -298192.000000 407.022960 4.483364 2.427818 7.464803 5.951225 0.000000 0.000000 2.308929
 636.000000 -299003.625000 407.974362 4.481013 2.386072 7.476655 5.270812 0.000000 0.000000 2.044945
 638.000000 -298748.218750 407.808748 4.474074 2.413536 7.513997 3.486254 0.000000 0.000000 1.352581
 640.000000 -298503.625000 408.186788 4.488977 2.424921 7.575664 1.360756 0.000000 0.000000 0.527940
 642.000000 -298288.875000 409.218706 4.515397 2.420391 7.521589 3.097275 0.000000 0.000000 1.201666
 644.000000 -298176.312500 409.397273 4.565371 2.340484 7.532473 2.647253 0.000000 0.000000 1.027069
 646.000000 -298302.093750 408.550406 4.564563 2.345123 7.469726 5.370290 0.000000 0.000000 2.083540
 648.000000 -298688.281250 409.966547 4.554040 2.349835 7.488068 4.414820 0.000000 0.000000 1.712841
 650.000000 -296953.468750 411.765954 4.562275 2.326955 7.483005 4.607772 0.000000 0.000000 1.787702
 652.000000 -297336.531250 410.310648 4.508888 2.387381 7.470906 5.155884 0.000000 0.000000 2.000356
 654.000000 -297323.593750 409.446247 4.573319 2.344097 7.417912 8.133713 0.000000 0.000000 3.155680
 656.000000 -298013.937500 409.372263 4.575962 2.340762 7.442160 6.603323 0.000000 0.000000 2.561927
 658.000000 -297955.187500 408.283597 4.558156 2.355813 7.459893 5.570790 0.000000 0.000000 2.161329
 660.000000 -298144.312500 409.363963 4.588215 2.355618 7.437723 6.744064 0.000000 0.000000 2.616531
 662.000000 -297798.187500 408.153324 4.614292 2.384980 7.465954 5.153449 0.000000 0.000000 1.999411
 664.000000 -297597.687500 408.403970 4.570566 2.373417 7.446560 6.129481 0.000000 0.000000 2.378088
 666.000000 -298778.031250 409.039871 4.480606 2.337386 7.364773 11.417630 0.000000 0.000000 4.429759
 668.000000 -297767.625000 408.920287 4.533227 2.377383 7.397736 8.995687 0.000000 0.000000 3.490105
 670.000000 -297823.281250 408.213978 4.523766 2.382817 7.423466 7.292308 0.000000 0.000000 2.829236
 672.000000 -297570.937500 408.505848 4.521762 2.332543 7.459372 5.234075 0.000000 0.000000 2.030692
 674.000000 -297224.062500 409.003727 4.563367 2.321093 7.378461 10.120274 0.000000 0.000000 3.926417
 676.000000 -297957.781250 408.610826 4.580268 2.375034 7.389170 9.304551 0.000000 0.000000 3.609936
 678.000000 -297679.687500 409.351745 4.587309 2.384692 7.383205 9.646285 0.000000 0.000000 3.742521
 680.000000 -296735.281250 409.500655 4.555263 2.388695 7.420412 7.175293 0.000000 0.000000 2.783837
 682.000000 -297036.281250 408.538253 4.610149 2.445936 7.394105 8.771173 0.000000 0.000000 3.402999
 684.000000 -297741.156250 407.799324 4.606165 2.448224 7.350625 11.809887 0.000000 0.000000 4.581945
 686.000000 -298175.031250 408.776617 4.592324 2.465245 7.390521 8.876394 0.000000 0.000000 3.443822
 688.000000 -297689.968750 408.976156 4.536725 2.463528 7.452580 5.172462 0.000000 0.000000 2.006788
 690.000000 -298224.562500 408.214284 4.586251 2.455233 7.454487 5.025669 0.000000 0.000000 1.949836
 692.000000 -297859.562500 408.680920 4.571341 2.471717 7.439811 5.734589 0.000000 0.000000 2.224879
 694.000000 -297905.687500 408.720384 4.532744 2.475286 7.455337 4.883830 0.000000 0.000000 1.894806
 696.000000 -297767.031250 408.534279 4.509007 2.408143 7.519811 2.184228 0.000000 0.000000 0.847427
 698.000000 -297801.843750 407.378293 4.560311 2.402588 7.414657 6.982270 0.000000 0.000000 2.708948
 700.000000 -298498.000000 409.393543 4.557685 2.436570 7.498407 2.872561 0.000000 0.000000 1.114483
 702.000000 -298506.593750 409.142189 4.525248 2.460622 7.540053 1.483692 0.000000 0.000000 0.575636
 704.000000 -299330.375000 408.309116 4.525660 2.402282 7.497037 2.848747 0.000000 0.000000 1.105244
 706.000000 -298251.468750 407.741053 4.548630 2.426871 7.508755 2.388966 0.000000 0.000000 0.926860
 708.000000 -299770.656250 407.114472 4.524722 2.436962 7.435384 5.544868 0.000000 0.000000 2.151272
 710.000000 -298474.343750 407.345225 4.528249 2.428087 7.546222 1.219632 0.000000 0.000000 0.473187
 712.000000 -298157.843750 407.620575 4.539351 2.452892 7.487118 3.076492 0.000000 0.000000 1.193603
 714.000000 -297266.437500 409.800736 4.598890 2.464657 7.454917 4.421924 0.000000 0.000000 1.715597
 716.000000 -297213.843750 410.110477 4.603304 2.444054 7.415857 6.392581 0.000000 0.000000 2.480164
 718.000000 -297782.281250 410.625848 4.639944 2.490620 7.361177 9.787594 0.000000 0.000000 3.797345
 720.000000 -298186.062500 411.437255 4.643798 2.496055 7.385774 8.078859 0.000000 0.000000 3.134398
 722.000000 -297615.156250 410.991987 4.609382 2.492164 7.437373 5.081704 0.000000 0.000000 1.971576
 724.000000 -297461.343750 411.678576 4.622790 2.447609 7.463401 3.810622 0.000000 0.000000 1.478427
 726.000000 -297039.000000 409.845624 4.622628 2.441128 7.471270 3.433319 0.000000 0.000000 1.332043
 728.000000 -295692.281250 409.730098 4.636362 2.449330 7.437570 4.921817 0.000000 0.000000 1.909544
 730.000000 -296548.937500 410.118555 4.637839 2.382755 7.474962 3.201507 0.000000 0.000000 1.242106
 732.000000 -295890.718750 410.234743 4.630280 2.392560 7.449119 4.272618 0.000000 0.000000 1.657670
 734.000000 -296230.718750 410.312764 4.606177 2.389786 7.423926 5.463997 0.000000 0.000000 2.119896
 736.000000 -296479.718750 409.981048 4.606565 2.427482 7.398827 6.796209 0.000000 0.000000 2.636761
 738.000000 -297556.593750 411.124047 4.610617 2.444781 7.435294 4.787593 0.000000 0.000000 1.857468
 740.000000 -296958.593750 411.336158 4.593251 2.401986 7.449065 4.092192 0.000000 0.000000 1.587670
 742.000000 -297616.375000 410.254460 4.613127 2.445049 7.429036 4.998215 0.000000 0.000000 1.939184
 744.000000 -298020.968750 410.109908 4.558531 2.471715 7.520688 1.439479 0.000000 0.000000 0.558482
 746.000000 -298559.500000 409.585448 4.562140 2.439418 7.499981 2.016717 0.000000 0.000000 0.782437
 748.000000 -298061.468750 409.529626 4.566812 2.474346 7.461210 3.394468 0.000000 0.000000 1.316970
 750.000000 -297298.593750 407.934558 4.568145 2.469574 7.443285 4.127535 0.000000 0.000000 1.601382
 752.000000 -297174.656250 407.393166 4.540831 2.428698 7.377947 7.567745 0.000000 0.000000 2.936098
 754.000000 -298761.343750 407.456558 4.561334 2.497816 7.422558 5.022139 0.000000 0.000000 1.948466
 756.000000 -299329.031250 407.736872 4.547211 2.492835 7.411638 5.531522 0.000000 0.000000 2.146094
 758.000000 -298481.625000 408.609087 4.532477 2.496545 7.455808 3.411038 0.000000 0.000000 1.323399
 760.000000 -298854.468750 409.478304 4.566334 2.451167 7.400027 6.048542 0.000000 0.000000 2.346685
 762.000000 -298602.343750 409.334044 4.556620 2.481814 7.409150 5.504617 0.000000 0.000000 2.135656
 764.000000 -298236.562500 409.143094 4.568334 2.508167 7.433698 4.245895 0.000000 0.000000 1.647302
 766.000000 -298420.000000 408.934811 4.536091 2.513818 7.407514 5.485540 0.000000 0.000000 2.128254
 768.000000 -298325.656250 408.974742 4.532341 2.441327 7.468533 2.718328 0.000000 0.000000 1.054644
 770.000000 -297107.906250 409.086160 4.533357 2.485916 7.508805 1.409663 0.000000 0.000000 0.546914
 772.000000 -297948.906250 409.491306 4.507901 2.470752 7.459739 2.974549 0.000000 0.000000 1.154051
 774.000000 -298392.593750 409.885334 4.518000 2.492037 7.487229 1.977294 0.000000 0.000000 0.767141
 776.000000 -298729.250000 409.384102 4.512529 2.486211 7.421264 4.547507 0.000000 0.000000 1.764321
 778.000000 -298735.625000 408.719872 4.543975 2.468587 7.527827 0.864724 0.000000 0.000000 0.335492
 780.000000 -298029.125000 408.213842 4.529739 2.563667 7.527788 0.844857 0.000000 0.000000 0.327784
 782.000000 -298299.718750 408.168368 4.586603 2.432420 7.528826 0.803481 0.000000 0.000000 0.311731
 784.000000 -299125.437500 406.171870 4.522661 2.476153 7.517931 1.014044 0.000000 0.000000 0.393424
 786.000000 -298063.593750 405.479150 4.555826 2.440317 7.494011 1.595828 0.000000 0.000000 0.619142
 788.000000 -298628.843750 408.060980 4.568614 2.437987 7.424867 4.101137 0.000000 0.000000 1.591140
 790.000000 -297879.750000 408.169090 4.565756 2.457021 7.418692 4.338834 0.000000 0.000000 1.683361
 792.000000 -298232.375000 408.651157 4.597659 2.478895 7.445151 3.154135 0.000000 0.000000 1.223726
 794.000000 -298256.593750 409.433238 4.564285 2.491169 7.459450 2.575808 0.000000 0.000000 0.999350
 796.000000 -299008.031250 409.949581 4.503190 2.505636 7.448254 2.954726 0.000000 0.000000 1.146361
 798.000000 -298912.343750 412.073555 4.492200 2.485123 7.483917 1.713544 0.000000 0.000000 0.664813
 800.000000 -298344.375000 411.467625 4.537400 2.416808 7.444511 3.022101 0.000000 0.000000 1.172501
 802.000000 -298454.687500 410.527844 4.498575 2.454235 7.549019 0.312268 0.000000 0.000000 0.121152
 804.000000 -297775.500000 411.391493 4.480883 2.489041 7.536261 0.476456 0.000000 0.000000 0.184853
 806.000000 -298973.468750 410.574110 4.496330 2.456626 7.522739 0.689333 0.000000 0.000000 0.267444
 808.000000 -297357.312500 410.461009 4.478018 2.456879 7.599561 0.001585 0.000000 0.000000 0.000615
 810.000000 -298830.468750 410.693962 4.445494 2.499461 7.539719 0.381998 0.000000 0.000000 0.148206
 812.000000 -297811.000000 410.657327 4.440284 2.486606 7.546384 0.283409 0.000000 0.000000 0.109956
 814.000000 -296431.406250 410.891669 4.430199 2.542962 7.531806 0.468095 0.000000 0.000000 0.181610
 816.000000 -297460.937500 409.657868 4.468456 2.430114 7.515363 0.734162 0.000000 0.000000 0.284837
 818.000000 -297717.218750 409.612571 4.462578 2.539540 7.488765 1.306509 0.000000 0.000000 0.506893
 820.000000 -298112.968750 409.713832 4.479907 2.501481 7.465040 1.951865 0.000000 0.000000 0.757276
 822.000000 -297683.437500 409.309589 4.450370 2.524521 7.497075 1.056287 0.000000 0.000000 0.409813
 824.000000 -297843.625000 409.335368 4.440453 2.538261 7.515295 0.660761 0.000000 0.000000 0.256359
 826.000000 -299023.875000 410.290424 4.434312 2.478115 7.535931 0.326011 0.000000 0.000000 0.126484
 828.000000 -297421.343750 407.819641 4.456525 2.510739 7.471826 1.629456 0.000000 0.000000 0.632189
 830.000000 -298324.125000 409.289553 4.446218 2.477094 7.436339 2.762503 0.000000 0.000000 1.071783
 832.000000 -298725.312500 407.882642 4.416527 2.521968 7.491595 1.067332 0.000000 0.000000 0.414099
 834.000000 -297786.468750 408.881224 4.475739 2.542440 7.430763 2.897010 0.000000 0.000000 1.123968
 836.000000 -297664.187500 409.858416 4.434295 2.502389 7.441860 2.454917 0.000000 0.000000 0.952447
 838.000000 -299204.812500 408.781104 4.449752 2.539959 7.430690 2.824139 0.000000 0.000000 1.095696
 840.000000 -298215.593750 409.575999 4.399725 2.555920 7.479239 1.269108 0.000000 0.000000 0.492382
 842.000000 -297998.437500 408.812729 4.437658 2.518558 7.452811 1.990463 0.000000 0.000000 0.772251
 844.000000 -298138.125000 408.775417 4.418444 2.506088 7.494949 0.862182 0.000000 0.000000 0.334505
 846.000000 -298387.281250 408.717940 4.430282 2.482904 7.520770 0.395225 0.000000 0.000000 0.153337
 848.000000 -298939.375000 410.088852 4.423796 2.543683 7.539848 0.163371 0.000000 0.000000 0.063384
 850.000000 -298238.468750 409.945750 4.412358 2.517279 7.504186 0.626821 0.000000 0.000000 0.243191
 852.000000 -298550.281250 409.420569 4.410107 2.489312 7.527844 0.266298 0.000000 0.000000 0.103317
 854.000000 -298140.562500 409.278255 4.411531 2.512516 7.555046 0.040294 0.000000 0.000000 0.015633
 856.000000 -298262.562500 409.065053 4.452786 2.496465 7.557680 0.025634 0.000000 0.000000 0.009945
 858.000000 -298405.281250 409.903710 4.410519 2.546228 7.543640 0.093571 0.000000 0.000000 0.036303
 860.000000 -298090.593750 408.952059 4.408363 2.522408 7.527806 0.222543 0.000000 0.000000 0.086341
 862.000000 -298933.312500 408.572243 4.380131 2.476105 7.583624 0.026732 0.000000 0.000000 0.010371
 864.000000 -299195.375000 407.338294 4.369838 2.466713 7.512868 0.379948 0.000000 0.000000 0.147411
 866.000000 -298276.218750 407.858528 4.412247 2.491495 7.509928 0.407152 0.000000 0.000000 0.157965
 868.000000 -297840.812500 408.035371 4.405729 2.484750 7.505633 0.455524 0.000000 0.000000 0.176732
 870.000000 -298865.625000 408.374321 4.415616 2.479110 7.451581 1.607993 0.000000 0.000000 0.623862
 872.000000 -298796.343750 407.839975 4.422894 2.422620 7.496813 0.564263 0.000000 0.000000 0.218920
 874.000000 -298783.531250 407.110592 4.434906 2.428269 7.444530 1.754398 0.000000 0.000000 0.680663
 876.000000 -298325.343750 407.154976 4.428206 2.424216 7.458943 1.327595 0.000000 0.000000 0.515074
 878.000000 -299322.750000 407.713068 4.392403 2.438081 7.438989 1.860826 0.000000 0.000000 0.721955
 880.000000 -299458.437500 407.611255 4.428519 2.465348 7.435074 1.950828 0.000000 0.000000 0.756873
 882.000000 -299543.187500 407.964509 4.355591 2.432276 7.490526 0.586090 0.000000 0.000000 0.227389
 884.000000 -298618.343750 408.999984 4.416825 2.461740 7.499171 0.432603 0.000000 0.000000 0.167839
 886.000000 -298671.000000 408.919789 4.460521 2.436203 7.495079 0.479283 0.000000 0.000000 0.185950
 888.000000 -297880.093750 408.715528 4.441721 2.420605 7.504021 0.337731 0.000000 0.000000 0.131031
 890.000000 -297168.906250 408.866491 4.438782 2.406567 7.541404 0.023108 0.000000 0.000000 0.008965
 892.000000 -297120.500000 409.505929 4.440449 2.404956 7.520267 0.142243 0.000000 0.000000 0.055187
 894.000000 -298185.937500 407.696446 4.385857 2.457424 7.486448 0.553652 0.000000 0.000000 0.214803
 896.000000 -298185.031250 408.904184 4.415365 2.441053 7.495907 0.393309 0.000000 0.000000 0.152594
 898.000000 -298598.656250 409.315814 4.443402 2.412032 7.481193 0.609127 0.000000 0.000000 0.236326
 900.000000 -297669.968750 408.428652 4.428229 2.388628 7.498572 0.330608 0.000000 0.000000 0.128268
 902.000000 -299283.500000 407.702276 4.423413 2.333803 7.493068 0.391053 0.000000 0.000000 0.151719
 904.000000 -298854.406250 408.459050 4.488078 2.378102 7.465852 0.843541 0.000000 0.000000 0.327273
 906.000000 -298874.781250 408.209997 4.511128 2.392018 7.458509 0.978837 0.000000 0.000000 0.379765
 908.000000 -298654.250000 408.482966 4.477800 2.378606 7.447264 1.218610 0.000000 0.000000 0.472791
 910.000000 -297506.968750 408.754668 4.485984 2.417183 7.458015 0.945808 0.000000 0.000000 0.366950
 912.000000 -296903.531250 408.640614 4.446339 2.403044 7.477735 0.548882 0.000000 0.000000 0.212953
 914.000000 -297287.250000 408.296328 4.469590 2.376844 7.409248 2.236184 0.000000 0.000000 0.867584
 916.000000 -298068.687500 408.694365 4.465592 2.437986 7.439841 1.304566 0.000000 0.000000 0.506139
 918.000000 -298317.156250 407.482266 4.465564 2.407252 7.459814 0.823893 0.000000 0.000000 0.319650
 920.000000 -297314.406250 408.026417 4.468869 2.407395 7.482509 0.413158 0.000000 0.000000 0.160295
 922.000000 -298521.906250 407.001632 4.459090 2.415965 7.477460 0.473393 0.000000 0.000000 0.183665
 924.000000 -297561.062500 409.035982 4.455890 2.421396 7.476213 0.477198 0.000000 0.000000 0.185141
 926.000000 -298060.375000 409.128808 4.416280 2.435342 7.500555 0.166030 0.000000 0.000000 0.064415
 928.000000 -297550.375000 408.667388 4.480014 2.420839 7.542893 0.005939 0.000000 0.000000 0.002304
 930.000000 -297594.375000 408.284570 4.457717 2.359755 7.536990 0.000495 0.000000 0.000000 0.000192
 932.000000 -297644.281250 408.030930 4.459861 2.383384 7.548093 0.024828 0.000000 0.000000 0.009633
 934.000000 -297134.500000 408.438234 4.509572 2.331844 7.498945 0.144966 0.000000 0.000000 0.056243
 936.000000 -297090.968750 409.163839 4.516454 2.340751 7.538129 0.004696 0.000000 0.000000 0.001822
 938.000000 -297003.468750 408.211521 4.480833 2.305732 7.556071 0.078571 0.000000 0.000000 0.030484
 940.000000 -298492.500000 408.128625 4.480756 2.369336 7.485835 0.243814 0.000000 0.000000 0.094594
 942.000000 -298201.906250 407.950243 4.417988 2.401926 7.436509 1.069326 0.000000 0.000000 0.414872
 944.000000 -297082.968750 409.049827 4.421897 2.384094 7.444911 0.862975 0.000000 0.000000 0.334813
 946.000000 -298159.843750 408.963264 4.450419 2.408062 7.536558 0.011420 0.000000 0.000000 0.004431
 948.000000 -298589.968750 408.344108 4.430238 2.374839 7.499126 0.090277 0.000000 0.000000 0.035025
 950.000000 -298308.656250 409.820553 4.465744 2.322442 7.502288 0.064481 0.000000 0.000000 0.025017
 952.000000 -297561.031250 409.446105 4.489001 2.341316 7.455156 0.592429 0.000000 0.000000 0.229848
 954.000000 -297473.000000 409.573479 4.453844 2.350143 7.509115 0.024099 0.000000 0.000000 0.009350
 956.000000 -297803.656250 410.786859 4.514580 2.345652 7.461664 0.455050 0.000000 0.000000 0.176548
 958.000000 -297977.625000 409.465187 4.500456 2.370295 7.489120 0.127043 0.000000 0.000000 0.049290
 960.000000 -296938.437500 408.900187 4.502899 2.349819 7.484841 0.154518 0.000000 0.000000 0.059949
 962.000000 -297531.718750 409.889945 4.509968 2.379825 7.430475 0.979581 0.000000 0.000000 0.380053
 964.000000 -297267.250000 408.187331 4.489028 2.447409 7.348978 3.571047 0.000000 0.000000 1.385478
 966.000000 -297908.500000 407.710722 4.544814 2.369495 7.433344 0.874792 0.000000 0.000000 0.339398
 968.000000 -297380.500000 408.550303 4.532461 2.313450 7.496381 0.048112 0.000000 0.000000 0.018666
 970.000000 -297781.218750 408.540694 4.532217 2.383973 7.426374 0.981820 0.000000 0.000000 0.380922
 972.000000 -299006.218750 407.840612 4.449186 2.424257 7.469973 0.242300 0.000000 0.000000 0.094007
 974.000000 -298718.093750 407.550745 4.481240 2.358513 7.427415 0.915591 0.000000 0.000000 0.355227
 976.000000 -298810.718750 408.255773 4.540631 2.370861 7.435830 0.725228 0.000000 0.000000 0.281371
 978.000000 -297700.843750 408.548707 4.502844 2.418828 7.439677 0.635876 0.000000 0.000000 0.246704
 980.000000 -297576.656250 406.866195 4.563645 2.414063 7.479126 0.119147 0.000000 0.000000 0.046226
 982.000000 -299010.781250 407.700422 4.539866 2.396563 7.522858 0.024004 0.000000 0.000000 0.009313
 984.000000 -298683.343750 408.251451 4.515875 2.375498 7.463738 0.244887 0.000000 0.000000 0.095010
 986.000000 -297494.406250 408.878562 4.566668 2.386548 7.449755 0.409630 0.000000 0.000000 0.158926
 988.000000 -297297.031250 409.084125 4.495499 2.383442 7.486216 0.048925 0.000000 0.000000 0.018982
 990.000000 -298130.968750 408.735033 4.537194 2.352087 7.416416 0.980896 0.000000 0.000000 0.380564
 992.000000 -297882.656250 408.858402 4.559895 2.351167 7.396311 1.449614 0.000000 0.000000 0.562415
 994.000000 -297365.250000 407.903429 4.498704 2.391695 7.382149 1.825626 0.000000 0.000000 0.708298
 996.000000 -298048.531250 407.443491 4.524233 2.397140 7.359399 2.541871 0.000000 0.000000 0.986183
 998.000000 -297766.343750 407.826779 4.521721 2.431014 7.390220 1.534013 0.000000 0.000000 0.595159
 1000.000000 -299063.875000 407.934612 4.538025 2.397068 7.408495 1.046646 0.000000 0.000000 0.406073
 1002.000000 -298100.375000 407.569079 4.490876 2.442143 7.424612 0.691695 0.000000 0.000000 0.268361
 1004.000000 -298734.125000 406.859372 4.509288 2.425075 7.418691 0.786240 0.000000 0.000000 0.305042
 1006.000000 -299280.031250 407.041900 4.468760 2.437230 7.500992 0.001992 0.000000 0.000000 0.000773
 1008.000000 -299025.343750 406.533311 4.507855 2.445149 7.439640 0.397058 0.000000 0.000000 0.154049
 1010.000000 -299150.375000 407.385294 4.521563 2.413739 7.398046 1.175016 0.000000 0.000000 0.455877
 1012.000000 -297842.656250 408.101652 4.573212 2.442022 7.314052 4.047665 0.000000 0.000000 1.570394
 1014.000000 -297867.562500 407.851747 4.528005 2.421772 7.413510 0.789839 0.000000 0.000000 0.306438
 1016.000000 -298078.000000 408.008095 4.545278 2.439125 7.447019 0.252910 0.000000 0.000000 0.098123
 1018.000000 -297843.375000 409.877935 4.545455 2.450132 7.508536 0.038438 0.000000 0.000000 0.014913
 1020.000000 -298212.625000 409.648626 4.523880 2.459625 7.462157 0.096904 0.000000 0.000000 0.037596
 1022.000000 -297683.437500 410.140817 4.461981 2.430906 7.491756 0.000950 0.000000 0.000000 0.000368
 1024.000000 -296663.312500 408.453917 4.459592 2.431862 7.448110 0.198899 0.000000 0.000000 0.077168
 1026.000000 -297731.968750 408.059578 4.440578 2.469695 7.495554 0.009147 0.000000 0.000000 0.003549
 1028.000000 -298377.718750 408.410674 4.474122 2.438174 7.518769 0.134230 0.000000 0.000000 0.052078
 1030.000000 -297736.312500 408.360640 4.488711 2.449187 7.505833 0.054254 0.000000 0.000000 0.021049
 1032.000000 -298301.031250 408.801742 4.442757 2.470672 7.503809 0.049051 0.000000 0.000000 0.019031
 1034.000000 -297314.281250 410.245685 4.467101 2.415531 7.527493 0.247453 0.000000 0.000000 0.096006
 1036.000000 -297153.781250 410.210550 4.487612 2.422245 7.507119 0.078871 0.000000 0.000000 0.030600
 1038.000000 -297833.937500 409.404669 4.577114 2.422329 7.489991 0.010105 0.000000 0.000000 0.003920
 1040.000000 -298090.968750 409.081922 4.533591 2.351582 7.522745 0.228390 0.000000 0.000000 0.088610
 1042.000000 -297317.500000 409.849857 4.512505 2.342351 7.480999 0.000500 0.000000 0.000000 0.000194
 1044.000000 -297394.281250 409.267911 4.491790 2.332948 7.510014 0.128116 0.000000 0.000000 0.049706
 1046.000000 -298345.437500 408.580318 4.491891 2.333694 7.460406 0.034422 0.000000 0.000000 0.013355
 1048.000000 -297688.781250 409.200418 4.495557 2.326472 7.454148 0.059691 0.000000 0.000000 0.023159
 1050.000000 -297048.656250 409.410207 4.511504 2.351585 7.515789 0.207972 0.000000 0.000000 0.080688
 1052.000000 -298190.562500 408.725959 4.461608 2.376231 7.464757 0.010679 0.000000 0.000000 0.004143
 1054.000000 -298098.250000 409.131303 4.470821 2.340446 7.474417 0.000251 0.000000 0.000000 0.000097
 1056.000000 -297162.906250 409.392337 4.479975 2.354402 7.479402 0.006850 0.000000 0.000000 0.002657
 1058.000000 -299238.468750 408.648660 4.514454 2.313883 7.458688 0.018949 0.000000 0.000000 0.007352
 1060.000000 -298922.843750 409.189268 4.478167 2.352421 7.504396 0.147886 0.000000 0.000000 0.057376
 1062.000000 -299544.062500 408.992870 4.462115 2.361330 7.493268 0.073617 0.000000 0.000000 0.028561
 1064.000000 -297534.593750 409.098703 4.509949 2.343883 7.489582 0.058225 0.000000 0.000000 0.022590
 1066.000000 -298622.500000 409.694629 4.487928 2.344427 7.505967 0.189799 0.000000 0.000000 0.073637
 1068.000000 -297351.093750 409.889213 4.480558 2.352586 7.546747 0.815014 0.000000 0.000000 0.316205
 1070.000000 -297602.718750 409.352639 4.539348 2.384856 7.448396 0.034461 0.000000 0.000000 0.013370
 1072.000000 -297397.687500 409.969331 4.523620 2.368734 7.518312 0.368726 0.000000 0.000000 0.143056
 1074.000000 -298475.312500 409.408860 4.479298 2.357721 7.585860 1.886827 0.000000 0.000000 0.732042
 1076.000000 -298658.468750 408.681679 4.496936 2.340553 7.597123 2.282265 0.000000 0.000000 0.885463
 1078.000000 -299063.437500 409.088186 4.510594 2.402599 7.624728 3.350851 0.000000 0.000000 1.300048
 1080.000000 -297950.906250 407.983446 4.468429 2.365861 7.602927 2.553512 0.000000 0.000000 0.990700
 1082.000000 -296522.531250 408.166794 4.462790 2.395625 7.619625 3.225068 0.000000 0.000000 1.251247
 1084.000000 -298368.093750 408.268180 4.466013 2.421936 7.508824 0.322891 0.000000 0.000000 0.125274
 1086.000000 -297225.468750 408.376838 4.487434 2.427406 7.540428 0.870030 0.000000 0.000000 0.337550
 1088.000000 -298184.187500 407.976099 4.493233 2.384750 7.521053 0.528983 0.000000 0.000000 0.205232
 1090.000000 -297649.937500 407.339693 4.501433 2.419042 7.560454 1.390056 0.000000 0.000000 0.539308
 1092.000000 -298892.843750 407.629540 4.490420 2.427328 7.516268 0.484659 0.000000 0.000000 0.188036
 1094.000000 -297704.812500 407.943553 4.490860 2.442389 7.508310 0.382397 0.000000 0.000000 0.148361
 1096.000000 -299244.812500 407.614261 4.457821 2.457639 7.516288 0.516619 0.000000 0.000000 0.200435
 1098.000000 -299113.843750 407.709351 4.495398 2.402593 7.611897 3.235968 0.000000 0.000000 1.255476
 1100.000000 -297545.312500 406.806541 4.503282 2.423127 7.611332 3.253506 0.000000 0.000000 1.262280
 1102.000000 -298096.093750 407.906184 4.520520 2.434357 7.541451 1.068403 0.000000 0.000000 0.414514
 1104.000000 -297857.937500 408.645150 4.496205 2.387747 7.574833 2.010832 0.000000 0.000000 0.780153
 1106.000000 -297214.062500 409.029248 4.503059 2.363196 7.591133 2.596801 0.000000 0.000000 1.007495
 1108.000000 -297110.843750 409.052803 4.488585 2.376989 7.566177 1.805323 0.000000 0.000000 0.700421
 1110.000000 -297639.562500 408.844465 4.429212 2.403942 7.520947 0.720991 0.000000 0.000000 0.279727
 1112.000000 -296060.500000 408.236810 4.426186 2.446013 7.580813 2.339728 0.000000 0.000000 0.907757
 1114.000000 -297526.437500 408.708738 4.422053 2.356204 7.559354 1.692291 0.000000 0.000000 0.656567
 1116.000000 -297236.968750 410.096115 4.396447 2.378819 7.548507 1.417963 0.000000 0.000000 0.550135
 1118.000000 -296774.125000 409.328584 4.391360 2.390274 7.563247 1.868038 0.000000 0.000000 0.724753
 1120.000000 -297804.781250 410.408849 4.384712 2.331750 7.570930 2.142824 0.000000 0.000000 0.831363
 1122.000000 -299073.343750 410.271485 4.433129 2.390681 7.598533 3.181351 0.000000 0.000000 1.234286
 1124.000000 -297524.031250 410.950023 4.406405 2.365599 7.574579 2.331727 0.000000 0.000000 0.904652
 1126.000000 -297220.250000 409.751169 4.373075 2.308985 7.569398 2.191168 0.000000 0.000000 0.850119
 1128.000000 -297360.406250 409.383091 4.438608 2.336076 7.563237 2.023649 0.000000 0.000000 0.785126
 1130.000000 -298187.437500 406.941726 4.421434 2.327819 7.565811 2.138950 0.000000 0.000000 0.829860
 1132.000000 -297788.468750 406.960167 4.411279 2.344166 7.543654 1.503009 0.000000 0.000000 0.583131
 1134.000000 -298243.406250 407.516706 4.402661 2.332980 7.527618 1.119062 0.000000 0.000000 0.434168
 1136.000000 -298512.875000 407.991608 4.447558 2.357534 7.509194 0.744864 0.000000 0.000000 0.288989
 1138.000000 -298806.875000 408.202773 4.464488 2.328817 7.560469 2.095278 0.000000 0.000000 0.812916
 1140.000000 -298877.906250 407.823620 4.407167 2.328547 7.547302 1.719970 0.000000 0.000000 0.667306
 1142.000000 -298245.750000 408.159541 4.417906 2.346792 7.494689 0.539378 0.000000 0.000000 0.209265
 1144.000000 -297210.156250 409.869931 4.416461 2.361601 7.544964 1.710065 0.000000 0.000000 0.663463
 1146.000000 -299423.781250 409.301420 4.405263 2.292091 7.528753 1.294220 0.000000 0.000000 0.502125
 1148.000000 -297056.593750 409.510844 4.410608 2.286620 7.509774 0.877266 0.000000 0.000000 0.340358
 1150.000000 -297163.718750 408.341500 4.432397 2.346524 7.430750 0.004132 0.000000 0.000000 0.001603
 1152.000000 -298246.187500 409.221666 4.415746 2.271338 7.493378 0.601658 0.000000 0.000000 0.233428
 1154.000000 -298466.531250 408.451715 4.496390 2.276051 7.518399 1.137626 0.000000 0.000000 0.441371
 1156.000000 -298711.062500 408.978020 4.488315 2.295949 7.425240 0.001312 0.000000 0.000000 0.000509
 1158.000000 -297550.625000 409.594542 4.525385 2.334830 7.391030 0.112274 0.000000 0.000000 0.043560
 1160.000000 -299242.250000 408.235254 4.491609 2.369585 7.355500 0.520024 0.000000 0.000000 0.201756
 1162.000000 -298671.437500 408.416394 4.479024 2.321446 7.445973 0.090944 0.000000 0.000000 0.035284
 1164.000000 -297574.343750 408.129667 4.510007 2.323824 7.470406 0.343303 0.000000 0.000000 0.133193
 1166.000000 -298679.906250 408.036749 4.487631 2.341707 7.402514 0.026232 0.000000 0.000000 0.010177
 1168.000000 -299300.218750 408.103479 4.407065 2.345061 7.443424 0.094011 0.000000 0.000000 0.036474
 1170.000000 -298969.250000 407.341312 4.434192 2.347749 7.473311 0.425022 0.000000 0.000000 0.164898
 1172.000000 -298285.875000 407.307571 4.437164 2.429856 7.415727 0.000373 0.000000 0.000000 0.000145
 1174.000000 -298002.562500 408.747864 4.460188 2.357384 7.429782 0.035205 0.000000 0.000000 0.013659
 1176.000000 -297752.281250 408.889906 4.452975 2.390463 7.481005 0.595208 0.000000 0.000000 0.230926
 1178.000000 -299307.937500 407.449598 4.459193 2.426296 7.464762 0.361300 0.000000 0.000000 0.140175
 1180.000000 -297936.000000 408.029710 4.471056 2.431778 7.489311 0.786276 0.000000 0.000000 0.305056
 1182.000000 -298883.125000 408.722362 4.488095 2.494773 7.443476 0.148578 0.000000 0.000000 0.057645
 1184.000000 -298872.937500 407.445167 4.459514 2.438655 7.447980 0.199801 0.000000 0.000000 0.077518
 1186.000000 -298584.593750 407.843013 4.470621 2.395008 7.433821 0.089920 0.000000 0.000000 0.034887
 1188.000000 -297354.718750 407.846105 4.489662 2.328821 7.389371 0.034567 0.000000 0.000000 0.013411
 1190.000000 -296873.656250 409.837982 4.538939 2.315115 7.485047 0.800943 0.000000 0.000000 0.310746
 1192.000000 -297962.781250 408.938841 4.507200 2.390805 7.509752 1.397924 0.000000 0.000000 0.542360
 1194.000000 -297324.406250 409.923390 4.552052 2.407504 7.444508 0.215361 0.000000 0.000000 0.083555
 1196.000000 -296949.781250 409.402570 4.507862 2.447746 7.453177 0.327380 0.000000 0.000000 0.127015
 1198.000000 -298233.468750 408.647004 4.489371 2.400593 7.470865 0.610145 0.000000 0.000000 0.236721
 1200.000000 -297491.718750 409.076419 4.511942 2.438883 7.430141 0.113560 0.000000 0.000000 0.044058
 1202.000000 -298129.937500 409.467557 4.531861 2.484290 7.365132 0.143378 0.000000 0.000000 0.055627
 1204.000000 -298190.343750 409.217567 4.488705 2.492236 7.343102 0.376727 0.000000 0.000000 0.146161
 1206.000000 -297300.468750 409.873273 4.507833 2.471749 7.394725 0.000647 0.000000 0.000000 0.000251
 1208.000000 -299278.750000 410.290992 4.511211 2.567466 7.334715 0.469479 0.000000 0.000000 0.182146
 1210.000000 -298222.406250 409.495108 4.527771 2.539146 7.328092 0.559584 0.000000 0.000000 0.217105
 1212.000000 -297275.093750 410.965291 4.484515 2.585504 7.376070 0.040186 0.000000 0.000000 0.015591
 1214.000000 -297747.218750 409.732588 4.492651 2.540357 7.347382 0.260129 0.000000 0.000000 0.100924
 1216.000000 -297617.000000 409.908733 4.472520 2.568357 7.396425 0.002447 0.000000 0.000000 0.000949
 1218.000000 -297858.687500 409.848772 4.476853 2.553527 7.413733 0.064597 0.000000 0.000000 0.025062
 1220.000000 -298815.968750 408.412126 4.464561 2.543987 7.334033 0.391534 0.000000 0.000000 0.151905
 1222.000000 -298015.781250 409.007362 4.482213 2.515357 7.382124 0.005911 0.000000 0.000000 0.002293
 1224.000000 -298463.531250 408.222556 4.455432 2.515203 7.305260 0.855746 0.000000 0.000000 0.332008
 1226.000000 -297195.593750 409.412909 4.500078 2.514104 7.332241 0.374818 0.000000 0.000000 0.145420
 1228.000000 -298259.750000 408.774126 4.501091 2.518179 7.392268 0.004911 0.000000 0.000000 0.001905
 1230.000000 -297313.968750 408.961294 4.483123 2.494222 7.352581 0.131374 0.000000 0.000000 0.050970
 1232.000000 -297350.312500 408.540836 4.491882 2.511856 7.391938 0.007877 0.000000 0.000000 0.003056
 1234.000000 -299130.875000 408.776229 4.451119 2.504943 7.419869 0.169914 0.000000 0.000000 0.065923
 1236.000000 -298320.875000 408.684322 4.507352 2.539151 7.345331 0.168077 0.000000 0.000000 0.065210
 1238.000000 -297806.031250 410.012423 4.496120 2.557644 7.398894 0.040022 0.000000 0.000000 0.015528
 1240.000000 -297434.218750 409.431521 4.491955 2.555201 7.397923 0.040154 0.000000 0.000000 0.015579
 1242.000000 -297396.406250 410.223206 4.515700 2.539300 7.414055 0.153606 0.000000 0.000000 0.059595
 1244.000000 -297467.375000 411.194316 4.448646 2.565535 7.416888 0.189032 0.000000 0.000000 0.073340
 1246.000000 -297628.093750 410.146673 4.413207 2.542067 7.355829 0.056026 0.000000 0.000000 0.021737
 1248.000000 -298344.187500 409.257510 4.453371 2.546175 7.391556 0.030248 0.000000 0.000000 0.011735
 1250.000000 -299136.125000 407.538400 4.397944 2.522506 7.397684 0.064319 0.000000 0.000000 0.024954
 1252.000000 -299193.250000 408.001677 4.449365 2.483224 7.358825 0.028786 0.000000 0.000000 0.011168
 1254.000000 -298493.625000 409.133199 4.474626 2.486525 7.445455 0.656209 0.000000 0.000000 0.254593
 1256.000000 -297812.218750 408.030406 4.456307 2.510056 7.458263 0.930156 0.000000 0.000000 0.360878
 1258.000000 -299087.250000 408.276020 4.455365 2.502875 7.439597 0.588190 0.000000 0.000000 0.228203
 1260.000000 -297419.531250 409.078262 4.439534 2.505007 7.460864 1.032033 0.000000 0.000000 0.400403
 1262.000000 -297041.312500 409.397928 4.438017 2.499927 7.488680 1.790400 0.000000 0.000000 0.694631
 1264.000000 -297711.093750 409.590925 4.439756 2.498679 7.485063 1.712978 0.000000 0.000000 0.664593
 1266.000000 -297940.937500 409.259941 4.462421 2.453869 7.492895 1.981183 0.000000 0.000000 0.768650
 1268.000000 -297941.312500 409.290087 4.476161 2.520946 7.501316 2.288810 0.000000 0.000000 0.888002
 1270.000000 -297748.593750 408.546589 4.465955 2.535679 7.445590 0.811835 0.000000 0.000000 0.314972
 1272.000000 -296832.250000 409.534090 4.457851 2.498792 7.443861 0.797229 0.000000 0.000000 0.309305
 1274.000000 -296988.500000 410.444363 4.464462 2.492131 7.469219 1.410317 0.000000 0.000000 0.547168
 1276.000000 -298344.562500 410.872912 4.452413 2.450135 7.406750 0.250321 0.000000 0.000000 0.097118
 1278.000000 -297132.562500 410.403035 4.451958 2.478010 7.384076 0.066564 0.000000 0.000000 0.025825
 1280.000000 -297793.593750 411.600251 4.507825 2.456370 7.447821 0.964065 0.000000 0.000000 0.374033
 1282.000000 -297297.875000 411.451772 4.494892 2.430170 7.460833 1.296255 0.000000 0.000000 0.502915
 1284.000000 -297533.406250 410.134325 4.484250 2.422646 7.479850 1.855923 0.000000 0.000000 0.720052
 1286.000000 -297826.281250 408.834366 4.466256 2.426555 7.495886 2.411151 0.000000 0.000000 0.935467
 1288.000000 -298047.250000 408.037331 4.492205 2.458077 7.445085 0.992008 0.000000 0.000000 0.384875
 1290.000000 -298194.625000 407.945410 4.460847 2.417763 7.423023 0.578389 0.000000 0.000000 0.224401
 1292.000000 -298373.750000 408.770974 4.447701 2.423002 7.438151 0.885166 0.000000 0.000000 0.343423
 1294.000000 -297240.625000 410.349814 4.497510 2.405350 7.448116 1.130887 0.000000 0.000000 0.438756
 1296.000000 -298179.093750 410.524768 4.506388 2.424134 7.447821 1.147704 0.000000 0.000000 0.445281
 1298.000000 -297347.781250 408.310513 4.503322 2.434232 7.529580 3.986342 0.000000 0.000000 1.546603
 1300.000000 -297693.093750 408.611843 4.494131 2.451968 7.480663 2.134101 0.000000 0.000000 0.827978
 1302.000000 -297724.281250 409.334023 4.490826 2.457589 7.502848 2.958647 0.000000 0.000000 1.147882
 1304.000000 -298569.750000 409.134721 4.512365 2.381069 7.469109 1.833417 0.000000 0.000000 0.711321
 1306.000000 -298157.062500 408.105752 4.506369 2.361190 7.469695 1.881762 0.000000 0.000000 0.730077
 1308.000000 -297684.875000 409.016669 4.572736 2.353617 7.482456 2.327524 0.000000 0.000000 0.903022
 1310.000000 -298777.218750 409.872661 4.511420 2.430147 7.523676 3.990653 0.000000 0.000000 1.548275
 1312.000000 -298016.375000 409.078750 4.560019 2.451004 7.494225 2.820960 0.000000 0.000000 1.094463
 1314.000000 -298360.250000 408.366330 4.480152 2.403022 7.516329 3.755369 0.000000 0.000000 1.456991
 1316.000000 -298173.718750 408.311941 4.547025 2.433908 7.497118 3.007717 0.000000 0.000000 1.166920
 1318.000000 -296980.093750 408.013241 4.518114 2.441416 7.554079 5.675356 0.000000 0.000000 2.201898
 1320.000000 -296784.625000 407.998245 4.494636 2.472180 7.514554 3.808651 0.000000 0.000000 1.477662
 1322.000000 -296910.500000 409.743770 4.527863 2.468211 7.519242 4.060889 0.000000 0.000000 1.575525
 1324.000000 -296951.593750 409.254343 4.470207 2.419442 7.461876 1.918149 0.000000 0.000000 0.744195
 1326.000000 -297478.812500 409.838469 4.514415 2.458214 7.479127 2.525027 0.000000 0.000000 0.979648
 1328.000000 -297756.281250 409.039816 4.519009 2.512013 7.469039 2.212415 0.000000 0.000000 0.858363
 1330.000000 -297617.968750 407.727623 4.462650 2.481147 7.442070 1.433002 0.000000 0.000000 0.555969
 1332.000000 -297530.593750 407.830116 4.471727 2.475595 7.475009 2.485450 0.000000 0.000000 0.964293
 1334.000000 -297524.250000 407.969311 4.496704 2.480842 7.438408 1.388852 0.000000 0.000000 0.538840
 1336.000000 -298080.062500 407.998339 4.477794 2.458888 7.483733 2.877867 0.000000 0.000000 1.116541
 1338.000000 -297812.843750 407.928655 4.495752 2.455700 7.499642 3.555026 0.000000 0.000000 1.379263
 1340.000000 -297680.312500 408.077607 4.498956 2.465004 7.444159 1.629031 0.000000 0.000000 0.632024
 1342.000000 -297651.250000 408.058246 4.515204 2.472020 7.392943 0.511088 0.000000 0.000000 0.198289
 1344.000000 -298297.812500 407.222443 4.484433 2.499901 7.454434 1.998189 0.000000 0.000000 0.775248
 1346.000000 -297316.937500 407.473757 4.491874 2.519137 7.472505 2.646454 0.000000 0.000000 1.026759
 1348.000000 -297749.218750 408.729328 4.474293 2.462141 7.482428 3.058732 0.000000 0.000000 1.186712
 1350.000000 -298555.000000 407.674856 4.485048 2.471142 7.454028 2.081027 0.000000 0.000000 0.807387
 1352.000000 -298112.625000 407.222220 4.468642 2.498281 7.458190 2.250863 0.000000 0.000000 0.873280
 1354.000000 -298729.625000 407.902487 4.515817 2.473880 7.500436 3.935429 0.000000 0.000000 1.526849
 1356.000000 -298589.875000 408.240078 4.497160 2.444295 7.484762 3.311415 0.000000 0.000000 1.284747
 1358.000000 -296588.500000 408.116907 4.471789 2.502746 7.435492 1.638541 0.000000 0.000000 0.635714
 1360.000000 -296955.000000 407.450541 4.518858 2.495131 7.399947 0.798934 0.000000 0.000000 0.309967
 1362.000000 -298439.812500 406.842136 4.477984 2.459742 7.376564 0.414203 0.000000 0.000000 0.160700
 1364.000000 -299403.218750 406.729614 4.514741 2.473032 7.387511 0.603968 0.000000 0.000000 0.234325
 1366.000000 -299431.937500 406.132974 4.473682 2.521347 7.404011 0.946365 0.000000 0.000000 0.367166
 1368.000000 -298378.218750 407.308635 4.541186 2.486869 7.342869 0.090246 0.000000 0.000000 0.035013
 1370.000000 -297753.906250 406.634856 4.502935 2.507174 7.410290 1.135013 0.000000 0.000000 0.440357
 1372.000000 -298436.656250 408.147058 4.523937 2.470949 7.342405 0.100856 0.000000 0.000000 0.039129
 1374.000000 -298282.625000 408.362704 4.525014 2.471369 7.355686 0.227763 0.000000 0.000000 0.088367
 1376.000000 -299196.656250 408.813583 4.543233 2.482267 7.320212 0.008429 0.000000 0.000000 0.003270
 1378.000000 -299482.812500 407.866469 4.528844 2.550227 7.321843 0.014697 0.000000 0.000000 0.005702
 1380.000000 -299145.156250 407.007923 4.486079 2.527568 7.317085 0.006275 0.000000 0.000000 0.002435
 1382.000000 -298817.218750 407.633623 4.539334 2.535137 7.397025 0.968550 0.000000 0.000000 0.375773
 1384.000000 -298757.718750 407.835269 4.570917 2.483565 7.325578 0.038624 0.000000 0.000000 0.014985
 1386.000000 -298907.781250 408.132762 4.535928 2.494489 7.347757 0.207645 0.000000 0.000000 0.080561
 1388.000000 -298491.656250 408.784029 4.549491 2.529046 7.402482 1.163588 0.000000 0.000000 0.451443
 1390.000000 -297378.875000 409.450934 4.513249 2.526416 7.333980 0.104981 0.000000 0.000000 0.040730
 1392.000000 -297243.156250 408.731105 4.517064 2.522824 7.298082 0.004377 0.000000 0.000000 0.001698
 1394.000000 -298177.437500 408.463895 4.564175 2.517940 7.320997 0.040487 0.000000 0.000000 0.015708
 1396.000000 -297507.187500 406.755211 4.552851 2.542660 7.295096 0.005959 0.000000 0.000000 0.002312
 1398.000000 -297713.343750 408.181887 4.574445 2.525719 7.330991 0.112430 0.000000 0.000000 0.043620
 1400.000000 -297783.500000 407.967789 4.589064 2.519621 7.310690 0.014284 0.000000 0.000000 0.005542
 1402.000000 -298663.093750 409.285319 4.554748 2.481215 7.340690 0.217254 0.000000 0.000000 0.084289
 1404.000000 -297361.218750 409.699637 4.595010 2.490076 7.376830 0.776777 0.000000 0.000000 0.301370
 1406.000000 -297795.093750 409.099266 4.538272 2.500849 7.351107 0.365941 0.000000 0.000000 0.141976
 1408.000000 -298501.437500 408.311305 4.530389 2.492404 7.397657 1.291759 0.000000 0.000000 0.501171
 1410.000000 -297131.281250 409.510424 4.469173 2.497602 7.401665 1.422191 0.000000 0.000000 0.551775
 1412.000000 -297237.375000 408.849787 4.509545 2.472960 7.347210 0.353919 0.000000 0.000000 0.137312
 1414.000000 -298885.625000 408.361582 4.504849 2.439251 7.375164 0.843858 0.000000 0.000000 0.327396
 1416.000000 -298044.906250 409.369036 4.584364 2.408352 7.340078 0.288937 0.000000 0.000000 0.112101
 1418.000000 -298108.000000 409.082791 4.476656 2.443401 7.381749 1.029416 0.000000 0.000000 0.399388
 1420.000000 -298562.906250 409.563294 4.488567 2.421499 7.395173 1.382678 0.000000 0.000000 0.536445
 1422.000000 -296951.187500 410.730770 4.460986 2.443423 7.415334 1.995036 0.000000 0.000000 0.774025
 1424.000000 -298123.250000 408.526224 4.508553 2.447464 7.469299 4.108655 0.000000 0.000000 1.594057
 1426.000000 -298208.593750 407.813170 4.503943 2.489933 7.445841 3.153821 0.000000 0.000000 1.223605
 1428.000000 -298487.281250 408.563077 4.489157 2.546995 7.393121 1.434374 0.000000 0.000000 0.556502
 1430.000000 -298511.156250 408.803685 4.505734 2.483957 7.396974 1.567272 0.000000 0.000000 0.608063
 1432.000000 -297940.375000 408.963004 4.459117 2.536580 7.371717 0.961774 0.000000 0.000000 0.373145
 1434.000000 -298003.968750 408.174485 4.492104 2.495401 7.336506 0.357862 0.000000 0.000000 0.138842
 1436.000000 -297132.125000 408.926299 4.506326 2.514156 7.408386 1.996671 0.000000 0.000000 0.774659
 1438.000000 -298074.937500 408.099226 4.522511 2.446388 7.406147 1.957732 0.000000 0.000000 0.759552
 1440.000000 -298147.875000 408.442613 4.581819 2.472570 7.371865 1.054898 0.000000 0.000000 0.409274
 1442.000000 -297656.125000 408.143359 4.545936 2.462825 7.409084 2.115244 0.000000 0.000000 0.820663
 1444.000000 -296918.968750 408.439760 4.560925 2.446503 7.385355 1.440647 0.000000 0.000000 0.558936
 1446.000000 -298031.625000 407.739402 4.505283 2.471921 7.392648 1.671794 0.000000 0.000000 0.648615
 1448.000000 -298580.531250 409.213055 4.504393 2.489552 7.402071 1.986747 0.000000 0.000000 0.770809
 1450.000000 -297427.937500 408.120456 4.421798 2.518057 7.450129 3.833749 0.000000 0.000000 1.487400
 1452.000000 -298579.218750 407.284955 4.493201 2.455970 7.514161 7.209647 0.000000 0.000000 2.797165
 1454.000000 -298664.937500 407.363129 4.440922 2.476637 7.477287 5.216645 0.000000 0.000000 2.023930
 1456.000000 -298402.500000 407.008510 4.494386 2.485466 7.472079 5.003970 0.000000 0.000000 1.941417
 1458.000000 -297678.000000 406.842577 4.517546 2.456492 7.475060 5.205086 0.000000 0.000000 2.019445
 1460.000000 -297808.750000 408.116268 4.447022 2.526629 7.466176 4.810633 0.000000 0.000000 1.866407
 1462.000000 -297443.375000 407.870927 4.453891 2.505851 7.510029 7.261846 0.000000 0.000000 2.817417
 1464.000000 -298735.843750 408.135593 4.447396 2.534411 7.454512 4.348360 0.000000 0.000000 1.687056
 1466.000000 -297987.406250 407.383269 4.471946 2.537926 7.498013 6.670889 0.000000 0.000000 2.588141
 1468.000000 -297054.125000 407.608354 4.473063 2.529729 7.451786 4.314554 0.000000 0.000000 1.673941
 1470.000000 -297758.187500 407.692383 4.463988 2.520536 7.393286 2.057168 0.000000 0.000000 0.798131
 1472.000000 -297942.968750 407.822540 4.402849 2.528459 7.414850 2.844450 0.000000 0.000000 1.103576
 1474.000000 -297531.937500 409.191471 4.409668 2.506619 7.390551 2.033644 0.000000 0.000000 0.789004
 1476.000000 -298209.906250 409.464584 4.409749 2.520884 7.380054 1.742108 0.000000 0.000000 0.675895
 1478.000000 -297608.500000 409.156769 4.494464 2.470732 7.339437 0.769041 0.000000 0.000000 0.298369
 1480.000000 -298103.187500 410.028221 4.517473 2.485966 7.352865 1.077981 0.000000 0.000000 0.418230
 1482.000000 -297258.031250 407.662863 4.557423 2.454612 7.384676 1.974299 0.000000 0.000000 0.765979
 1484.000000 -297138.562500 407.793262 4.600596 2.469259 7.417219 3.168852 0.000000 0.000000 1.229436
 1486.000000 -296939.781250 408.700975 4.490133 2.454626 7.395243 2.388901 0.000000 0.000000 0.926835
 1488.000000 -297965.062500 408.718146 4.489099 2.441830 7.388503 2.194633 0.000000 0.000000 0.851463
 1490.000000 -297679.250000 408.572672 4.439161 2.437455 7.321200 0.547810 0.000000 0.000000 0.212537
 1492.000000 -298080.437500 408.623878 4.459315 2.443316 7.410168 3.048558 0.000000 0.000000 1.182765
 1494.000000 -297244.437500 408.775535 4.406281 2.476370 7.416930 3.359112 0.000000 0.000000 1.303253
 1496.000000 -297980.656250 408.987601 4.437802 2.473031 7.343383 1.043865 0.000000 0.000000 0.404994
 1498.000000 -298025.843750 408.779195 4.398496 2.487026 7.342632 1.049562 0.000000 0.000000 0.407204
 1500.000000 -297262.906250 409.126735 4.479980 2.446635 7.463120 5.677523 0.000000 0.000000 2.202739
 1502.000000 -298144.375000 407.171924 4.483176 2.392602 7.478111 6.561505 0.000000 0.000000 2.545702
 1504.000000 -298196.968750 406.389722 4.432339 2.443500 7.404441 3.059223 0.000000 0.000000 1.186903
 1506.000000 -298728.125000 406.501479 4.468966 2.469618 7.378557 2.163392 0.000000 0.000000 0.839343
 1508.000000 -298361.250000 406.471996 4.418667 2.481095 7.369438 1.904624 0.000000 0.000000 0.738947
 1510.000000 -298174.562500 407.409229 4.382873 2.455307 7.346653 1.291664 0.000000 0.000000 0.501134
 1512.000000 -298284.437500 406.472751 4.437699 2.475860 7.409586 3.427346 0.000000 0.000000 1.329726
 1514.000000 -298540.500000 406.630904 4.447386 2.467530 7.434840 4.600346 0.000000 0.000000 1.784821
 1516.000000 -297170.656250 408.329370 4.472514 2.483909 7.430358 4.434845 0.000000 0.000000 1.720610
 1518.000000 -296843.968750 407.338757 4.449029 2.477809 7.392857 2.882571 0.000000 0.000000 1.118366
 1520.000000 -298360.093750 408.139480 4.423532 2.478351 7.417935 3.957621 0.000000 0.000000 1.535459
 1522.000000 -298023.437500 409.063662 4.463222 2.449717 7.355800 1.705273 0.000000 0.000000 0.661604
 1524.000000 -296790.687500 408.373553 4.451928 2.512120 7.393619 3.027159 0.000000 0.000000 1.174463
 1526.000000 -296928.343750 409.904589 4.475940 2.472214 7.425369 4.435367 0.000000 0.000000 1.720813
 1528.000000 -297191.000000 409.049211 4.480613 2.516082 7.395164 3.166663 0.000000 0.000000 1.228587
 1530.000000 -298356.406250 407.910009 4.463661 2.439100 7.487988 8.000365 0.000000 0.000000 3.103944
 1532.000000 -298666.125000 407.913582 4.495679 2.489250 7.403708 3.600087 0.000000 0.000000 1.396745
 1534.000000 -297876.187500 407.185414 4.494241 2.534972 7.419660 4.355265 0.000000 0.000000 1.689736
 1536.000000 -299680.218750 406.546645 4.528516 2.495517 7.383378 2.864427 0.000000 0.000000 1.111327
 1538.000000 -298769.625000 407.070663 4.517893 2.530395 7.443393 5.638841 0.000000 0.000000 2.187731
 1540.000000 -297935.500000 409.151673 4.516440 2.485506 7.390732 3.229328 0.000000 0.000000 1.252900
 1542.000000 -298269.500000 409.081907 4.508351 2.499318 7.376509 2.719848 0.000000 0.000000 1.055234
 1544.000000 -298236.375000 408.161853 4.513846 2.475559 7.373634 2.651155 0.000000 0.000000 1.028583
 1546.000000 -298032.812500 406.675442 4.514821 2.490096 7.391442 3.380139 0.000000 0.000000 1.311411
 1548.000000 -298454.062500 406.313197 4.515539 2.459069 7.358957 2.209707 0.000000 0.000000 0.857312
 1550.000000 -299858.031250 407.698840 4.497294 2.481387 7.432635 5.389058 0.000000 0.000000 2.090822
 1552.000000 -298453.625000 407.717301 4.488491 2.479724 7.390985 3.485508 0.000000 0.000000 1.352291
 1554.000000 -299086.750000 409.205914 4.476063 2.513783 7.374918 2.884892 0.000000 0.000000 1.119267
 1556.000000 -298606.031250 407.880453 4.439434 2.520483 7.326258 1.358710 0.000000 0.000000 0.527146
 1558.000000 -298207.468750 408.525323 4.436669 2.446741 7.417176 4.810632 0.000000 0.000000 1.866407
 1560.000000 -297347.687500 407.852701 4.473606 2.470437 7.342702 1.881983 0.000000 0.000000 0.730163
 1562.000000 -298225.750000 409.656341 4.493724 2.531973 7.385552 3.467461 0.000000 0.000000 1.345289
 1564.000000 -299000.687500 409.230473 4.472166 2.542968 7.386916 3.566565 0.000000 0.000000 1.383739
 1566.000000 -298629.625000 409.253864 4.492609 2.565654 7.385758 3.559912 0.000000 0.000000 1.381158
 1568.000000 -298775.000000 409.890778 4.536401 2.557444 7.313700 1.193154 0.000000 0.000000 0.462914
 1570.000000 -298196.187500 410.816121 4.550732 2.536725 7.297534 0.851483 0.000000 0.000000 0.330354
 1572.000000 -297941.531250 409.461208 4.542433 2.535860 7.297395 0.869348 0.000000 0.000000 0.337285
 1574.000000 -298175.656250 409.431179 4.495236 2.500141 7.377027 3.363107 0.000000 0.000000 1.304803
 1576.000000 -298324.843750 408.504466 4.501063 2.493046 7.380285 3.539984 0.000000 0.000000 1.373427
 1578.000000 -297070.250000 408.589082 4.531929 2.454807 7.313076 1.302434 0.000000 0.000000 0.505312
 1580.000000 -298134.031250 407.906223 4.489372 2.500649 7.237787 0.096514 0.000000 0.000000 0.037445
 1582.000000 -298633.062500 409.809651 4.436249 2.513155 7.357165 2.744107 0.000000 0.000000 1.064646
 1584.000000 -298018.031250 410.320249 4.456471 2.469800 7.326041 1.741696 0.000000 0.000000 0.675735
 1586.000000 -297820.125000 409.836812 4.487884 2.455582 7.306109 1.227815 0.000000 0.000000 0.476362
 1588.000000 -297443.812500 409.469399 4.471081 2.500074 7.272499 0.552770 0.000000 0.000000 0.214461
 1590.000000 -297645.875000 409.551308 4.498859 2.495613 7.191687 0.022155 0.000000 0.000000 0.008596
 1592.000000 -297915.968750 410.072198 4.511152 2.445545 7.154797 0.302611 0.000000 0.000000 0.117406
 1594.000000 -297571.531250 411.097461 4.547174 2.402240 7.180436 0.063643 0.000000 0.000000 0.024692
 1596.000000 -298555.343750 411.694678 4.547100 2.443953 7.154077 0.287081 0.000000 0.000000 0.111380
 1598.000000 -299420.062500 409.094457 4.553700 2.460126 7.176884 0.072695 0.000000 0.000000 0.028204
 1600.000000 -298411.718750 409.442785 4.522028 2.461017 7.175220 0.076756 0.000000 0.000000 0.029779
 1602.000000 -298881.968750 409.011743 4.547631 2.424027 7.207528 0.009090 0.000000 0.000000 0.003527
 1604.000000 -297814.656250 408.843957 4.516382 2.457336 7.188846 0.010475 0.000000 0.000000 0.004064
 1606.000000 -297589.500000 408.774721 4.546835 2.455173 7.200650 0.001666 0.000000 0.000000 0.000646
 1608.000000 -298358.093750 409.075247 4.595832 2.446461 7.172573 0.068601 0.000000 0.000000 0.026616
 1610.000000 -297445.312500 409.879206 4.604572 2.463182 7.197862 0.001024 0.000000 0.000000 0.000397
 1612.000000 -297558.531250 410.861739 4.609986 2.495641 7.235567 0.215976 0.000000 0.000000 0.083793
 1614.000000 -297443.906250 411.020063 4.583580 2.461054 7.226429 0.139691 0.000000 0.000000 0.054197
 1616.000000 -297415.125000 411.233555 4.588468 2.494968 7.241876 0.310950 0.000000 0.000000 0.120641
 1618.000000 -297334.906250 409.589673 4.571154 2.516959 7.291956 1.274026 0.000000 0.000000 0.494291
 1620.000000 -298591.062500 409.827279 4.647023 2.514445 7.233855 0.240405 0.000000 0.000000 0.093271
 1622.000000 -298376.656250 408.777161 4.621213 2.503300 7.205597 0.034432 0.000000 0.000000 0.013359
 1624.000000 -298959.343750 408.225365 4.566580 2.488147 7.127455 0.458210 0.000000 0.000000 0.177774
 1626.000000 -299283.656250 408.397574 4.543772 2.513522 7.135480 0.331784 0.000000 0.000000 0.128724
 1628.000000 -298659.312500 409.632892 4.582902 2.492476 7.163703 0.062145 0.000000 0.000000 0.024111
 1630.000000 -297699.437500 409.972322 4.519888 2.561463 7.194710 0.011784 0.000000 0.000000 0.004572
 1632.000000 -298599.125000 409.883136 4.520677 2.547562 7.199927 0.031709 0.000000 0.000000 0.012302
 1634.000000 -297012.000000 410.078884 4.516699 2.513336 7.174822 0.008360 0.000000 0.000000 0.003243
 1636.000000 -297693.218750 408.016291 4.505521 2.525955 7.189295 0.006652 0.000000 0.000000 0.002581
 1638.000000 -298337.781250 408.179677 4.505043 2.478260 7.146421 0.149460 0.000000 0.000000 0.057987
 1640.000000 -298178.531250 408.045026 4.471880 2.553846 7.060033 1.799018 0.000000 0.000000 0.697975
 1642.000000 -297935.156250 407.775931 4.543277 2.555320 7.098856 0.802887 0.000000 0.000000 0.311501
 1644.000000 -297634.812500 407.259083 4.543890 2.580682 7.152104 0.083828 0.000000 0.000000 0.032523
 1646.000000 -297517.781250 408.983468 4.539509 2.569333 7.128485 0.294214 0.000000 0.000000 0.114148
 1648.000000 -297464.093750 407.755442 4.552094 2.601229 7.088714 0.952365 0.000000 0.000000 0.369494
 1650.000000 -298463.343750 408.045177 4.558481 2.597046 7.118483 0.399267 0.000000 0.000000 0.154906
 1652.000000 -297250.031250 409.119834 4.547273 2.578348 7.151549 0.063008 0.000000 0.000000 0.024446
 1654.000000 -297801.281250 410.258249 4.557512 2.591353 7.224395 0.330177 0.000000 0.000000 0.128101
 1656.000000 -297467.656250 409.799983 4.582307 2.601488 7.209357 0.174441 0.000000 0.000000 0.067679
 1658.000000 -296977.937500 408.119172 4.571031 2.604678 7.170035 0.000116 0.000000 0.000000 0.000045
 1660.000000 -297969.718750 407.606212 4.542994 2.591874 7.103548 0.551975 0.000000 0.000000 0.214153
 1662.000000 -298918.468750 407.713169 4.532751 2.641839 7.207430 0.184608 0.000000 0.000000 0.071623
 1664.000000 -298159.343750 408.000834 4.550907 2.649165 7.280789 1.590181 0.000000 0.000000 0.616951
 1666.000000 -297982.281250 409.263034 4.512380 2.663511 7.299017 2.178569 0.000000 0.000000 0.845231
 1668.000000 -298196.375000 408.543803 4.538592 2.620632 7.294185 2.053929 0.000000 0.000000 0.796874
 1670.000000 -298019.656250 408.440103 4.486047 2.595593 7.213632 0.295639 0.000000 0.000000 0.114700
 1672.000000 -297006.093750 408.948591 4.513501 2.578459 7.184420 0.052121 0.000000 0.000000 0.020222
 1674.000000 -297602.125000 410.263742 4.472260 2.621965 7.222002 0.435148 0.000000 0.000000 0.168827
 1676.000000 -300044.531250 409.102943 4.475801 2.601144 7.285165 1.896209 0.000000 0.000000 0.735682
 1678.000000 -298366.656250 409.470158 4.469009 2.627309 7.295063 2.246600 0.000000 0.000000 0.871625
 1680.000000 -297105.781250 408.758298 4.489028 2.659878 7.219353 0.440348 0.000000 0.000000 0.170844
 1682.000000 -296747.687500 408.365625 4.514943 2.653967 7.259930 1.273369 0.000000 0.000000 0.494036
 1684.000000 -297310.625000 408.607489 4.479623 2.632569 7.203726 0.261360 0.000000 0.000000 0.101401
 1686.000000 -297566.750000 408.556935 4.472977 2.633442 7.161833 0.002919 0.000000 0.000000 0.001133
 1688.000000 -298698.062500 407.658721 4.466448 2.629179 7.200990 0.253011 0.000000 0.000000 0.098162
 1690.000000 -298616.531250 409.197884 4.436576 2.658148 7.188101 0.136956 0.000000 0.000000 0.053136
 1692.000000 -298146.781250 408.786452 4.458475 2.629167 7.214209 0.453133 0.000000 0.000000 0.175805
 1694.000000 -298879.125000 409.582886 4.421082 2.667607 7.253249 1.256237 0.000000 0.000000 0.487389
 1696.000000 -299112.250000 407.803606 4.459751 2.622831 7.290720 2.405414 0.000000 0.000000 0.933241
 1698.000000 -298851.187500 408.290820 4.415234 2.607669 7.234859 0.879050 0.000000 0.000000 0.341050
 1700.000000 -297109.562500 408.406654 4.442846 2.527936 7.263251 1.603211 0.000000 0.000000 0.622006
 1702.000000 -297336.125000 409.884273 4.451455 2.602508 7.329184 4.058293 0.000000 0.000000 1.574517
 1704.000000 -297778.281250 409.855669 4.436260 2.619426 7.352664 5.235894 0.000000 0.000000 2.031398
 1706.000000 -297643.718750 409.097807 4.438933 2.575487 7.296740 2.802749 0.000000 0.000000 1.087398
 1708.000000 -298198.625000 408.728523 4.501095 2.613161 7.272942 2.014277 0.000000 0.000000 0.781490
 1710.000000 -298818.687500 408.091235 4.484823 2.600599 7.195746 0.321899 0.000000 0.000000 0.124889
 1712.000000 -297345.500000 407.692255 4.516214 2.591291 7.213629 0.606026 0.000000 0.000000 0.235123
 1714.000000 -298052.187500 408.438832 4.539993 2.604881 7.217184 0.687900 0.000000 0.000000 0.266888
 1716.000000 -296658.562500 408.524863 4.489845 2.599258 7.199391 0.411710 0.000000 0.000000 0.159733
 1718.000000 -297279.156250 407.825678 4.434028 2.602896 7.262424 1.842982 0.000000 0.000000 0.715031
 1720.000000 -297550.406250 408.176502 4.497874 2.543032 7.259769 1.793085 0.000000 0.000000 0.695673
 1722.000000 -298075.812500 408.117339 4.549261 2.542557 7.268056 2.081929 0.000000 0.000000 0.807737
 1724.000000 -298469.312500 408.791370 4.528847 2.563736 7.209354 0.636417 0.000000 0.000000 0.246914
 1726.000000 -298218.937500 409.153650 4.546109 2.565719 7.243579 1.419893 0.000000 0.000000 0.550883
 1728.000000 -298753.875000 408.201036 4.563981 2.577999 7.168222 0.129785 0.000000 0.000000 0.050354
 1730.000000 -298865.218750 407.243710 4.480300 2.615472 7.194396 0.440983 0.000000 0.000000 0.171091
 1732.000000 -298928.062500 407.551475 4.577401 2.575614 7.182869 0.298519 0.000000 0.000000 0.115818
 1734.000000 -298629.125000 407.446558 4.622082 2.599704 7.157169 0.073018 0.000000 0.000000 0.028329
 1736.000000 -297807.375000 407.677658 4.558202 2.618410 7.162842 0.118907 0.000000 0.000000 0.046133
 1738.000000 -298592.406250 408.655994 4.568224 2.603563 7.140956 0.012391 0.000000 0.000000 0.004807
 1740.000000 -297459.031250 408.990781 4.567249 2.643072 7.128028 0.000486 0.000000 0.000000 0.000189
 1742.000000 -297774.156250 408.076777 4.601933 2.632782 7.159785 0.118467 0.000000 0.000000 0.045962
 1744.000000 -297543.218750 408.565841 4.610406 2.586991 7.133373 0.003608 0.000000 0.000000 0.001400
 1746.000000 -297424.750000 409.857294 4.557452 2.656060 7.116869 0.012830 0.000000 0.000000 0.004978
 1748.000000 -298836.687500 408.687533 4.595063 2.626667 7.075022 0.324838 0.000000 0.000000 0.126029
 1750.000000 -298469.562500 409.185780 4.573633 2.588048 7.038125 0.943419 0.000000 0.000000 0.366023
 1752.000000 -297595.875000 409.703880 4.643117 2.570453 7.086193 0.178675 0.000000 0.000000 0.069321
 1754.000000 -298817.656250 408.619952 4.579396 2.649725 7.096467 0.088002 0.000000 0.000000 0.034142
 1756.000000 -297957.187500 409.325113 4.503059 2.653752 7.112073 0.012318 0.000000 0.000000 0.004779
 1758.000000 -298493.687500 408.771449 4.557702 2.680430 7.133727 0.020247 0.000000 0.000000 0.007855
 1760.000000 -299010.187500 408.611118 4.592446 2.639600 7.153553 0.140728 0.000000 0.000000 0.054599
 1762.000000 -299335.125000 408.577583 4.610165 2.622715 7.094706 0.073777 0.000000 0.000000 0.028624
 1764.000000 -297793.125000 409.665068 4.610417 2.641363 7.094812 0.067209 0.000000 0.000000 0.026076
 1766.000000 -297540.812500 410.275400 4.686863 2.645846 7.128551 0.016678 0.000000 0.000000 0.006471
 1768.000000 -297542.187500 409.223009 4.689514 2.651100 7.207424 1.044790 0.000000 0.000000 0.405353
 1770.000000 -297729.531250 409.494665 4.682831 2.628465 7.259206 2.599432 0.000000 0.000000 1.008516
 1772.000000 -297072.843750 409.147121 4.683665 2.620777 7.296492 4.162904 0.000000 0.000000 1.615104
 1774.000000 -297604.562500 408.164269 4.719947 2.595791 7.182695 0.607173 0.000000 0.000000 0.235568
 1776.000000 -297206.187500 409.196261 4.711149 2.620551 7.192486 0.809741 0.000000 0.000000 0.314160
 1778.000000 -298271.062500 408.036371 4.691425 2.638305 7.212331 1.283505 0.000000 0.000000 0.497968
 1780.000000 -297577.843750 408.144046 4.585258 2.614872 7.264501 2.983822 0.000000 0.000000 1.157649
 1782.000000 -297598.093750 408.087428 4.611132 2.638120 7.307281 4.914402 0.000000 0.000000 1.906667
 1784.000000 -297957.031250 407.841300 4.623650 2.620783 7.300180 4.616634 0.000000 0.000000 1.791140
 1786.000000 -297397.468750 407.986123 4.589436 2.650912 7.267999 3.240103 0.000000 0.000000 1.257080
 1788.000000 -296951.156250 407.924523 4.642599 2.636388 7.227943 1.858763 0.000000 0.000000 0.721154
 1790.000000 -296945.281250 408.956034 4.595321 2.672252 7.255979 2.849330 0.000000 0.000000 1.105470
 1792.000000 -296732.531250 409.474804 4.627981 2.698574 7.226699 1.881884 0.000000 0.000000 0.730124
 1794.000000 -298088.000000 409.458730 4.636796 2.720476 7.253891 2.846028 0.000000 0.000000 1.104189
 1796.000000 -297864.375000 408.889391 4.583869 2.720380 7.260749 3.150144 0.000000 0.000000 1.222178
 1798.000000 -297696.656250 409.429652 4.589293 2.731532 7.268140 3.491952 0.000000 0.000000 1.354791
 1800.000000 -296896.312500 410.439472 4.573912 2.699358 7.291039 4.561997 0.000000 0.000000 1.769942
 1802.000000 -296477.000000 408.491877 4.576465 2.697350 7.310280 5.579882 0.000000 0.000000 2.164857
 1804.000000 -296910.125000 408.940824 4.625365 2.663465 7.340728 7.364580 0.000000 0.000000 2.857276
 1806.000000 -298296.187500 409.101575 4.615364 2.669573 7.299265 5.113907 0.000000 0.000000 1.984070
 1808.000000 -297357.406250 408.051442 4.649607 2.712303 7.208668 1.586748 0.000000 0.000000 0.615619
 1810.000000 -296984.968750 408.544585 4.649745 2.709124 7.257539 3.302386 0.000000 0.000000 1.281244
 1812.000000 -296002.281250 408.751250 4.660853 2.749999 7.273504 4.027729 0.000000 0.000000 1.562659
 1814.000000 -297463.218750 408.552191 4.735478 2.747557 7.295400 5.120712 0.000000 0.000000 1.986710
 1816.000000 -297487.187500 409.594732 4.685160 2.743848 7.315475 6.242610 0.000000 0.000000 2.421979
 1818.000000 -296028.531250 408.690782 4.648630 2.757864 7.249166 3.127047 0.000000 0.000000 1.213217
 1820.000000 -297418.750000 408.559815 4.644659 2.740358 7.272701 4.172442 0.000000 0.000000 1.618805
 1822.000000 -298142.437500 407.520639 4.635723 2.755528 7.329373 7.222377 0.000000 0.000000 2.802104
 1824.000000 -297879.000000 407.297934 4.704045 2.742681 7.291696 5.186516 0.000000 0.000000 2.012240
 1826.000000 -297627.843750 407.813372 4.699012 2.708020 7.201295 1.632926 0.000000 0.000000 0.633535
 1828.000000 -297957.656250 407.222524 4.716337 2.774710 7.254088 3.531704 0.000000 0.000000 1.370214
 1830.000000 -297949.406250 408.882139 4.688229 2.749088 7.323184 7.091426 0.000000 0.000000 2.751298
 1832.000000 -297173.812500 409.606561 4.715023 2.724507 7.343517 8.418660 0.000000 0.000000 3.266232
 1834.000000 -296830.906250 410.456906 4.749909 2.687556 7.297253 5.738047 0.000000 0.000000 2.226221
 1836.000000 -296472.343750 410.502532 4.738737 2.669355 7.350872 9.036504 0.000000 0.000000 3.505941
 1838.000000 -297269.687500 410.127031 4.745312 2.742896 7.295685 5.761186 0.000000 0.000000 2.235198
 1840.000000 -298031.000000 408.822291 4.758709 2.713484 7.294729 5.763548 0.000000 0.000000 2.236114
 1842.000000 -299212.125000 408.884897 4.703575 2.695520 7.287144 5.415485 0.000000 0.000000 2.101075
 1844.000000 -297768.000000 407.277931 4.737991 2.797601 7.143770 0.540705 0.000000 0.000000 0.209780
 1846.000000 -297672.156250 407.354759 4.721669 2.769615 7.189262 1.575331 0.000000 0.000000 0.611190
 1848.000000 -297573.656250 408.605506 4.724254 2.787015 7.229803 2.956917 0.000000 0.000000 1.147211
 1850.000000 -298082.250000 408.611866 4.820054 2.775050 7.263477 4.440468 0.000000 0.000000 1.722792
 1852.000000 -297820.125000 408.229604 4.758178 2.753741 7.280118 5.310595 0.000000 0.000000 2.060380
 1854.000000 -297838.093750 409.783854 4.736524 2.823143 7.276646 5.183941 0.000000 0.000000 2.011241
 1856.000000 -297850.343750 409.110233 4.694693 2.796101 7.292965 6.103169 0.000000 0.000000 2.367879
 1858.000000 -297239.750000 409.280446 4.662358 2.859623 7.282053 5.567923 0.000000 0.000000 2.160217
 1860.000000 -297675.750000 409.772210 4.700649 2.799240 7.273826 5.193111 0.000000 0.000000 2.014799
 1862.000000 -297090.093750 408.707315 4.696650 2.813691 7.238322 3.583740 0.000000 0.000000 1.390403
 1864.000000 -297299.906250 408.894186 4.686813 2.750452 7.239021 3.656011 0.000000 0.000000 1.418442
 1866.000000 -298240.281250 407.701687 4.715547 2.759977 7.285244 5.953805 0.000000 0.000000 2.309930
 1868.000000 -298413.968750 408.200927 4.667093 2.756373 7.275047 5.462559 0.000000 0.000000 2.119338
 1870.000000 -298602.750000 408.300415 4.623622 2.767970 7.255428 4.532871 0.000000 0.000000 1.758642
 1872.000000 -298888.625000 409.275564 4.683050 2.765107 7.253187 4.473959 0.000000 0.000000 1.735786
 1874.000000 -298646.312500 409.560927 4.640453 2.806848 7.214800 2.880391 0.000000 0.000000 1.117521
 1876.000000 -297969.156250 409.308399 4.650755 2.752708 7.142282 0.805652 0.000000 0.000000 0.312573
 1878.000000 -296743.031250 410.288587 4.705476 2.804345 7.156911 1.149858 0.000000 0.000000 0.446116
 1880.000000 -296859.343750 409.883935 4.658412 2.747536 7.241753 4.129248 0.000000 0.000000 1.602047
 1882.000000 -297750.343750 408.160008 4.672507 2.687187 7.232199 3.749752 0.000000 0.000000 1.454811
 1884.000000 -298492.218750 409.377881 4.708310 2.703431 7.240566 4.166301 0.000000 0.000000 1.616422
 1886.000000 -297075.156250 409.345580 4.674225 2.706342 7.150318 1.088530 0.000000 0.000000 0.422323
 1888.000000 -297728.906250 408.578464 4.705070 2.702677 7.204435 2.754108 0.000000 0.000000 1.068526
 1890.000000 -298559.375000 408.577766 4.722747 2.784234 7.244202 4.474668 0.000000 0.000000 1.736061
 1892.000000 -298933.906250 408.108974 4.655154 2.801047 7.212946 3.157982 0.000000 0.000000 1.225219
 1894.000000 -298087.906250 408.379017 4.663274 2.827725 7.172266 1.778048 0.000000 0.000000 0.689839
 1896.000000 -298293.593750 407.131394 4.668278 2.791809 7.153844 1.296526 0.000000 0.000000 0.503020
 1898.000000 -298820.812500 406.833339 4.678545 2.826748 7.158759 1.451489 0.000000 0.000000 0.563142
 1900.000000 -298624.562500 407.465951 4.603273 2.851289 7.185728 2.302749 0.000000 0.000000 0.893410
 1902.000000 -298342.343750 408.160568 4.626397 2.869164 7.152104 1.328791 0.000000 0.000000 0.515538
 1904.000000 -298967.843750 408.626177 4.630165 2.822465 7.170402 1.872783 0.000000 0.000000 0.726594
 1906.000000 -297780.937500 408.122237 4.619769 2.785872 7.275027 6.499551 0.000000 0.000000 2.521665
 1908.000000 -298037.406250 410.368545 4.637727 2.776155 7.233740 4.405805 0.000000 0.000000 1.709344
 1910.000000 -297288.500000 410.124829 4.635603 2.794910 7.229634 4.261227 0.000000 0.000000 1.653251
 1912.000000 -296655.500000 411.213185 4.621126 2.821022 7.241527 4.877134 0.000000 0.000000 1.892208
 1914.000000 -297032.031250 410.170915 4.624619 2.832621 7.209818 3.478522 0.000000 0.000000 1.349581
 1916.000000 -297181.281250 409.596015 4.617009 2.796992 7.193898 2.884116 0.000000 0.000000 1.118966
 1918.000000 -298524.437500 410.164139 4.571639 2.839077 7.200668 3.186748 0.000000 0.000000 1.236380
 1920.000000 -298525.187500 409.225806 4.611492 2.800138 7.136582 1.166009 0.000000 0.000000 0.452383
 1922.000000 -298288.718750 408.678327 4.597333 2.779249 7.085871 0.274612 0.000000 0.000000 0.106543
 1924.000000 -298860.250000 407.464375 4.614084 2.794318 7.171835 2.238974 0.000000 0.000000 0.868667
 1926.000000 -298341.750000 407.241242 4.593715 2.756066 7.109702 0.660701 0.000000 0.000000 0.256336
 1928.000000 -298551.218750 407.844414 4.622142 2.763728 7.133477 1.187720 0.000000 0.000000 0.460806
 1930.000000 -297910.156250 407.857772 4.666681 2.806693 7.125938 1.033708 0.000000 0.000000 0.401053
 1932.000000 -298386.812500 408.545816 4.634705 2.813978 7.201637 3.512778 0.000000 0.000000 1.362871
 1934.000000 -298349.000000 407.604033 4.619410 2.833592 7.220073 4.374532 0.000000 0.000000 1.697211
 1936.000000 -298409.312500 407.559234 4.645607 2.826175 7.192815 3.232664 0.000000 0.000000 1.254194
 1938.000000 -299421.562500 407.701710 4.643222 2.790342 7.169527 2.398715 0.000000 0.000000 0.930642
 1940.000000 -299924.812500 408.634522 4.638486 2.749480 7.153028 1.891999 0.000000 0.000000 0.734049
 1942.000000 -297679.781250 408.004400 4.622751 2.762479 7.100101 0.631927 0.000000 0.000000 0.245172
 1944.000000 -298013.562500 408.192460 4.643548 2.816753 7.173546 2.647941 0.000000 0.000000 1.027336
 1946.000000 -298239.468750 407.434185 4.593877 2.807399 7.164876 2.376233 0.000000 0.000000 0.921920
 1948.000000 -298463.156250 407.783728 4.565346 2.824279 7.186418 3.216746 0.000000 0.000000 1.248018
 1950.000000 -298844.187500 408.833688 4.591907 2.815455 7.229729 5.239232 0.000000 0.000000 2.032693
 1952.000000 -297149.093750 409.957286 4.547776 2.830064 7.265256 7.275547 0.000000 0.000000 2.822733
 1954.000000 -297617.000000 410.260629 4.519252 2.783745 7.221820 4.941196 0.000000 0.000000 1.917062
 1956.000000 -298058.000000 410.057894 4.597252 2.846096 7.262259 7.215556 0.000000 0.000000 2.799458
 1958.000000 -298163.906250 409.215722 4.575217 2.791956 7.175210 2.972600 0.000000 0.000000 1.153295
 1960.000000 -297876.781250 408.871623 4.607742 2.826460 7.259907 7.194398 0.000000 0.000000 2.791249
 1962.000000 -298409.468750 408.611226 4.624048 2.819818 7.232329 5.688647 0.000000 0.000000 2.207055
 1964.000000 -298871.406250 407.873722 4.624975 2.805509 7.293987 9.521101 0.000000 0.000000 3.693952
 1966.000000 -298225.375000 408.300410 4.652117 2.839596 7.276922 8.444942 0.000000 0.000000 3.276429
 1968.000000 -298115.812500 408.878809 4.593905 2.791388 7.306970 10.582926 0.000000 0.000000 4.105914
 1970.000000 -296582.125000 409.657474 4.562710 2.768998 7.306054 10.589062 0.000000 0.000000 4.108295
 1972.000000 -298069.812500 407.861872 4.558405 2.764624 7.293389 9.757279 0.000000 0.000000 3.785583
 1974.000000 -298517.375000 408.059709 4.555239 2.808328 7.282549 9.082107 0.000000 0.000000 3.523633
 1976.000000 -299029.562500 409.426553 4.622408 2.781614 7.226665 5.760146 0.000000 0.000000 2.234795
 1978.000000 -298440.968750 410.253325 4.610872 2.716823 7.240904 6.606954 0.000000 0.000000 2.563335
 1980.000000 -298201.437500 409.227140 4.567808 2.735377 7.323087 12.252939 0.000000 0.000000 4.753838
 1982.000000 -298029.437500 409.562453 4.612052 2.758261 7.303143 10.815003 0.000000 0.000000 4.195955
 1984.000000 -298544.843750 408.940473 4.557697 2.675032 7.355709 15.112721 0.000000 0.000000 5.863363
 1986.000000 -298368.093750 408.259935 4.597956 2.638690 7.282352 9.477337 0.000000 0.000000 3.676973
 1988.000000 -298335.000000 409.269740 4.630894 2.664657 7.237665 6.708607 0.000000 0.000000 2.602774
 1990.000000 -297927.125000 406.947067 4.607325 2.668834 7.302397 11.055618 0.000000 0.000000 4.289307
 1992.000000 -298396.000000 408.233074 4.547825 2.688572 7.270376 8.869536 0.000000 0.000000 3.441161
 1994.000000 -298211.781250 408.210658 4.617990 2.697039 7.203988 5.049543 0.000000 0.000000 1.959098
 1996.000000 -297769.781250 408.942735 4.603613 2.741648 7.222623 6.084301 0.000000 0.000000 2.360559
 1998.000000 -298706.218750 408.578949 4.615453 2.779040 7.211056 5.515418 0.000000 0.000000 2.139846
 2000.000000 -298936.687500 407.884325 4.627001 2.701103 7.195449 4.775016 0.000000 0.000000 1.852589
 2002.000000 -298634.437500 408.447527 4.644932 2.698981 7.232105 6.792237 0.000000 0.000000 2.635221
 2004.000000 -298138.437500 408.478166 4.683502 2.675409 7.187070 4.468432 0.000000 0.000000 1.733641
 2006.000000 -297575.968750 408.570172 4.673948 2.738757 7.194098 4.855949 0.000000 0.000000 1.883989
 2008.000000 -298164.843750 410.035625 4.687715 2.786704 7.235962 7.197740 0.000000 0.000000 2.792546
 2010.000000 -297164.406250 409.340463 4.699733 2.777241 7.223778 6.542432 0.000000 0.000000 2.538302
 2012.000000 -297306.093750 409.774415 4.714935 2.727519 7.205311 5.581517 0.000000 0.000000 2.165491
 2014.000000 -297333.562500 411.012653 4.684946 2.708346 7.231671 7.120484 0.000000 0.000000 2.762572
 2016.000000 -297149.656250 411.130494 4.700748 2.720189 7.272304 9.821264 0.000000 0.000000 3.810408
 2018.000000 -298108.593750 410.664655 4.768655 2.682233 7.293608 11.446462 0.000000 0.000000 4.440945
 2020.000000 -297847.625000 409.610032 4.648847 2.714370 7.175182 4.286543 0.000000 0.000000 1.663073
 2022.000000 -298783.531250 409.163500 4.643145 2.695238 7.174771 4.313879 0.000000 0.000000 1.673679
 2024.000000 -299172.906250 407.985371 4.598095 2.670915 7.221318 6.804671 0.000000 0.000000 2.640044
 2026.000000 -297951.312500 409.036154 4.557645 2.677170 7.201514 5.752015 0.000000 0.000000 2.231640
 2028.000000 -297941.343750 409.425873 4.603024 2.660079 7.249694 8.691811 0.000000 0.000000 3.372208
 2030.000000 -297955.656250 409.754488 4.565432 2.674373 7.245784 8.501069 0.000000 0.000000 3.298205
 2032.000000 -296896.937500 410.950539 4.569959 2.677211 7.231412 7.651597 0.000000 0.000000 2.968631
 2034.000000 -297798.031250 409.520002 4.606932 2.659868 7.252228 9.060460 0.000000 0.000000 3.515235
 2036.000000 -297683.687500 409.815752 4.578644 2.696544 7.284468 11.435829 0.000000 0.000000 4.436820
 2038.000000 -297128.125000 410.169238 4.675839 2.675121 7.248808 8.965129 0.000000 0.000000 3.478249
 2040.000000 -297747.968750 409.618673 4.682539 2.691917 7.289147 11.946522 0.000000 0.000000 4.634956
 2042.000000 -297810.375000 409.609999 4.638243 2.748296 7.276020 11.027593 0.000000 0.000000 4.278434
 2044.000000 -295857.937500 409.414651 4.685290 2.745226 7.223824 7.553673 0.000000 0.000000 2.930639
 2046.000000 -298321.781250 408.657773 4.631326 2.720809 7.280516 11.515271 0.000000 0.000000 4.467641
 2048.000000 -297922.593750 409.853599 4.647430 2.708701 7.276143 11.260729 0.000000 0.000000 4.368885
 2050.000000 -298051.281250 409.556581 4.721260 2.685615 7.244764 9.096592 0.000000 0.000000 3.529253
 2052.000000 -298715.281250 409.333138 4.680107 2.659892 7.246910 9.309959 0.000000 0.000000 3.612034
 2054.000000 -297248.156250 409.884366 4.648307 2.682931 7.255980 10.009731 0.000000 0.000000 3.883529
 2056.000000 -298742.906250 410.304061 4.649286 2.636864 7.294963 13.038161 0.000000 0.000000 5.058485
 2058.000000 -298353.468750 410.561199 4.693803 2.677115 7.263470 10.692304 0.000000 0.000000 4.148350
 2060.000000 -298240.375000 409.153798 4.708971 2.661700 7.265426 10.909582 0.000000 0.000000 4.232649
 2062.000000 -297602.906250 409.223487 4.678579 2.701655 7.277238 11.876323 0.000000 0.000000 4.607721
 2064.000000 -297618.500000 409.669183 4.679647 2.713276 7.281637 12.295982 0.000000 0.000000 4.770538
 2066.000000 -297156.218750 409.999521 4.675963 2.713068 7.178128 5.571872 0.000000 0.000000 2.161749
 2068.000000 -297835.781250 408.757268 4.693018 2.702901 7.196707 6.653194 0.000000 0.000000 2.581275
 2070.000000 -297569.750000 408.485809 4.664192 2.708262 7.262030 11.028384 0.000000 0.000000 4.278741
 2072.000000 -296381.812500 411.338177 4.668890 2.661533 7.301143 14.208190 0.000000 0.000000 5.512427
 2074.000000 -297241.812500 410.077199 4.672353 2.655087 7.225934 8.641776 0.000000 0.000000 3.352796
 2076.000000 -297361.156250 409.093270 4.676287 2.617690 7.254994 10.730701 0.000000 0.000000 4.163248
 2078.000000 -298680.093750 407.899159 4.659801 2.666533 7.245914 10.146970 0.000000 0.000000 3.936774
 2080.000000 -298374.718750 408.407092 4.636232 2.621397 7.206580 7.600204 0.000000 0.000000 2.948692
 2082.000000 -297660.000000 408.447079 4.669990 2.614076 7.205673 7.605943 0.000000 0.000000 2.950918
 2084.000000 -298802.687500 409.680910 4.635614 2.613615 7.242464 10.115001 0.000000 0.000000 3.924371
 2086.000000 -298019.562500 408.612401 4.678082 2.650711 7.194089 7.026427 0.000000 0.000000 2.726080
 2088.000000 -297953.281250 408.379590 4.695690 2.631202 7.197162 7.269876 0.000000 0.000000 2.820533
 2090.000000 -297108.750000 410.050797 4.713871 2.650542 7.206905 7.932030 0.000000 0.000000 3.077432
 2092.000000 -298640.687500 409.495081 4.674574 2.572495 7.187840 6.835146 0.000000 0.000000 2.651868
 2094.000000 -298117.937500 408.751660 4.737543 2.546895 7.167857 5.770432 0.000000 0.000000 2.238785
 2096.000000 -298409.687500 407.374954 4.655557 2.596270 7.162057 5.515506 0.000000 0.000000 2.139880
 2098.000000 -297953.187500 406.826334 4.694459 2.635919 7.126610 3.854862 0.000000 0.000000 1.495592
 2100.000000 -297166.812500 408.901990 4.722528 2.655519 7.149553 4.977650 0.000000 0.000000 1.931205
 2102.000000 -297212.375000 407.670911 4.722084 2.651718 7.114675 3.431022 0.000000 0.000000 1.331152
 2104.000000 -298207.593750 408.324293 4.754026 2.581370 7.136305 4.432324 0.000000 0.000000 1.719633
 2106.000000 -297986.062500 408.222554 4.782739 2.576468 7.026807 0.796138 0.000000 0.000000 0.308882
 2108.000000 -298534.437500 409.455413 4.773049 2.566999 7.109697 3.349572 0.000000 0.000000 1.299551
 2110.000000 -298368.968750 410.345345 4.792572 2.610166 7.117597 3.723734 0.000000 0.000000 1.444717
 2112.000000 -297622.968750 409.592735 4.702995 2.613970 7.180540 6.993902 0.000000 0.000000 2.713461
 2114.000000 -297433.062500 410.445767 4.690050 2.640862 7.223394 9.827615 0.000000 0.000000 3.812872
 2116.000000 -297463.187500 410.295356 4.688938 2.618658 7.191751 7.796970 0.000000 0.000000 3.025032
 2118.000000 -298104.000000 408.898849 4.682849 2.606340 7.178121 7.028291 0.000000 0.000000 2.726804
 2120.000000 -298091.031250 408.613187 4.702660 2.652728 7.128898 4.460327 0.000000 0.000000 1.730497
 2122.000000 -297692.562500 409.115956 4.666456 2.632704 7.135890 4.845687 0.000000 0.000000 1.880007
 2124.000000 -298804.156250 407.439847 4.675462 2.601605 7.094218 3.050522 0.000000 0.000000 1.183527
 2126.000000 -297783.781250 407.640100 4.707314 2.645783 7.131465 4.727064 0.000000 0.000000 1.833984
 2128.000000 -298025.937500 408.726889 4.737793 2.607495 7.094550 3.142252 0.000000 0.000000 1.219116
 2130.000000 -298041.500000 409.725605 4.722789 2.612960 7.129323 4.720194 0.000000 0.000000 1.831319
 2132.000000 -297956.906250 409.096649 4.709519 2.635466 7.192272 8.338048 0.000000 0.000000 3.234957
 2134.000000 -298479.281250 408.673290 4.761153 2.602841 7.268029 14.030521 0.000000 0.000000 5.443496
 2136.000000 -297747.250000 409.092345 4.728817 2.620629 7.237120 11.637253 0.000000 0.000000 4.514967
 2138.000000 -299588.843750 408.266725 4.766211 2.622065 7.226572 10.920357 0.000000 0.000000 4.236829
 2140.000000 -298739.343750 408.751450 4.724902 2.672529 7.162714 6.769458 0.000000 0.000000 2.626383
 2142.000000 -298219.031250 407.510367 4.722509 2.705442 7.114355 4.294543 0.000000 0.000000 1.666177
 2144.000000 -298207.406250 407.823424 4.763616 2.673147 7.058863 2.140639 0.000000 0.000000 0.830515
 2146.000000 -298085.750000 407.854072 4.767419 2.739564 7.109830 4.178333 0.000000 0.000000 1.621090
 2148.000000 -299303.531250 408.103808 4.773541 2.648819 7.081412 3.019125 0.000000 0.000000 1.171346
 2150.000000 -299328.218750 407.732208 4.789286 2.665965 7.050503 1.968876 0.000000 0.000000 0.763875
 2152.000000 -298158.093750 408.218804 4.840504 2.678430 7.078777 2.994500 0.000000 0.000000 1.161792
 2154.000000 -299931.687500 407.537805 4.778396 2.699534 7.055187 2.184191 0.000000 0.000000 0.847412
 2156.000000 -299558.531250 406.141948 4.832211 2.635468 7.069957 2.736424 0.000000 0.000000 1.061665
 2158.000000 -298697.062500 406.017284 4.821486 2.592738 7.032313 1.548813 0.000000 0.000000 0.600901
 2160.000000 -298795.906250 406.626960 4.825829 2.628901 7.046605 2.003604 0.000000 0.000000 0.777349
 2162.000000 -297895.406250 407.730246 4.811741 2.616091 7.039778 1.823420 0.000000 0.000000 0.707442
 2164.000000 -297759.687500 407.533419 4.846995 2.658587 7.116676 4.934003 0.000000 0.000000 1.914271
 2166.000000 -298856.625000 408.602508 4.876535 2.685855 7.078465 3.258884 0.000000 0.000000 1.264367
 2168.000000 -297908.437500 407.823214 4.825995 2.666813 7.129636 5.705028 0.000000 0.000000 2.213410
 2170.000000 -298288.531250 407.139802 4.822260 2.654283 7.059687 2.616794 0.000000 0.000000 1.015251
 2172.000000 -297830.250000 406.485931 4.795993 2.684039 7.109678 4.786235 0.000000 0.000000 1.856941
 2174.000000 -299029.562500 407.908973 4.707628 2.688594 7.184605 9.221136 0.000000 0.000000 3.577573
 2176.000000 -298215.937500 407.385153 4.747509 2.707264 7.173024 8.516667 0.000000 0.000000 3.304257
 2178.000000 -297553.468750 408.322622 4.762135 2.663682 7.132295 6.121453 0.000000 0.000000 2.374973
 2180.000000 -297495.750000 408.328704 4.812333 2.638353 7.019721 1.504840 0.000000 0.000000 0.583841
 2182.000000 -298391.875000 408.416875 4.797313 2.659211 7.103796 4.743162 0.000000 0.000000 1.840230
 2184.000000 -297750.812500 408.353946 4.783577 2.696896 7.098585 4.540325 0.000000 0.000000 1.761534
 2186.000000 -297699.593750 409.023150 4.845889 2.692142 7.104804 4.890801 0.000000 0.000000 1.897510
 2188.000000 -297775.718750 408.414275 4.789257 2.646362 7.002237 1.157688 0.000000 0.000000 0.449155
 2190.000000 -297404.500000 407.096111 4.771077 2.687731 7.086396 4.113045 0.000000 0.000000 1.595760
 2192.000000 -296358.687500 408.720320 4.775284 2.700691 7.125242 6.118485 0.000000 0.000000 2.373821
 2194.000000 -297738.500000 409.251017 4.758112 2.723574 7.096208 4.666189 0.000000 0.000000 1.810366
 2196.000000 -298128.437500 408.907871 4.788587 2.671752 7.048438 2.680502 0.000000 0.000000 1.039969
 2198.000000 -298268.250000 408.711036 4.836887 2.764066 6.998070 1.177813 0.000000 0.000000 0.456962
 2200.000000 -296252.500000 408.774692 4.861136 2.772793 7.001557 1.289230 0.000000 0.000000 0.500190
 2202.000000 -298181.125000 409.452988 4.869094 2.806243 7.037399 2.394298 0.000000 0.000000 0.928929
 2204.000000 -298902.812500 407.909185 4.828776 2.750614 7.051107 2.930212 0.000000 0.000000 1.136850
 2206.000000 -299551.625000 409.481584 4.830401 2.748604 7.171032 9.386668 0.000000 0.000000 3.641796
 2208.000000 -298493.312500 410.152229 4.862072 2.729651 7.089218 4.666631 0.000000 0.000000 1.810538
 2210.000000 -297473.125000 410.139723 4.797502 2.721030 7.046315 2.862041 0.000000 0.000000 1.110401
 2212.000000 -297628.875000 410.685975 4.922477 2.707031 7.057117 3.325884 0.000000 0.000000 1.290361
 2214.000000 -297203.406250 409.727796 4.846739 2.748605 7.084705 4.593852 0.000000 0.000000 1.782301
 2216.000000 -297995.812500 409.187653 4.852522 2.717175 7.142438 7.839883 0.000000 0.000000 3.041681
 2218.000000 -298025.718750 408.623979 4.877707 2.756413 7.044744 2.954635 0.000000 0.000000 1.146325
 2220.000000 -298607.843750 408.814341 4.833089 2.674729 7.032878 2.551772 0.000000 0.000000 0.990025
 2222.000000 -299337.312500 409.082468 4.854961 2.689132 7.103887 5.772034 0.000000 0.000000 2.239407
 2224.000000 -296937.343750 410.073922 4.878134 2.649438 7.160593 9.288363 0.000000 0.000000 3.603656
 2226.000000 -296944.187500 410.343314 4.811684 2.724636 7.168377 9.896638 0.000000 0.000000 3.839651
 2228.000000 -297745.875000 411.489713 4.807820 2.726025 7.057067 3.657981 0.000000 0.000000 1.419206
 2230.000000 -297257.500000 410.809760 4.821262 2.704535 7.105224 6.062353 0.000000 0.000000 2.352043
 2232.000000 -296715.000000 409.893305 4.812567 2.700548 7.042665 3.146818 0.000000 0.000000 1.220888
 2234.000000 -297294.656250 411.041606 4.774336 2.704874 7.122206 7.152420 0.000000 0.000000 2.774963
 2236.000000 -296554.000000 410.867819 4.811485 2.667406 7.127713 7.546837 0.000000 0.000000 2.927987
 2238.000000 -296447.093750 409.939381 4.773859 2.648442 7.066371 4.295322 0.000000 0.000000 1.666479
 2240.000000 -296905.281250 410.495929 4.859026 2.665963 7.119378 7.162704 0.000000 0.000000 2.778953
 2242.000000 -297648.812500 409.992684 4.890151 2.688565 7.027125 2.742618 0.000000 0.000000 1.064068
 2244.000000 -297348.218750 410.286958 4.804540 2.642876 7.121833 7.431820 0.000000 0.000000 2.883363
 2246.000000 -297674.312500 409.268647 4.801494 2.611709 7.112700 6.944317 0.000000 0.000000 2.694224
 2248.000000 -296376.406250 409.361668 4.793216 2.655414 7.090257 5.738267 0.000000 0.000000 2.226306
 2250.000000 -297516.656250 408.985538 4.827420 2.610821 7.096875 6.153542 0.000000 0.000000 2.387423
 2252.000000 -295969.968750 408.398278 4.802316 2.600785 7.097565 6.247649 0.000000 0.000000 2.423934
 2254.000000 -297271.781250 409.182431 4.808994 2.594251 7.033137 3.205466 0.000000 0.000000 1.243642
 2256.000000 -296605.750000 408.158049 4.801162 2.579790 7.027725 3.031277 0.000000 0.000000 1.176061
 2258.000000 -297166.531250 409.080076 4.776935 2.619905 7.128009 8.256700 0.000000 0.000000 3.203396
 2260.000000 -297212.593750 408.803056 4.699479 2.662292 7.050212 4.059542 0.000000 0.000000 1.575002
 2262.000000 -296666.625000 409.507655 4.734795 2.630339 7.105710 7.003963 0.000000 0.000000 2.717365
 2264.000000 -296636.500000 410.133076 4.780438 2.667447 7.104653 7.000608 0.000000 0.000000 2.716063
 2266.000000 -296940.437500 411.051435 4.798183 2.685907 7.111322 7.461668 0.000000 0.000000 2.894943
 2268.000000 -297041.750000 410.757045 4.821348 2.695168 7.167354 11.351752 0.000000 0.000000 4.404200
 2270.000000 -297684.968750 410.747640 4.871892 2.629968 7.190531 13.246282 0.000000 0.000000 5.139231
 2272.000000 -298186.406250 410.247923 4.836161 2.716197 7.151403 10.325045 0.000000 0.000000 4.005863
 2274.000000 -298112.750000 409.379485 4.808578 2.695237 7.146779 10.066299 0.000000 0.000000 3.905476
 2276.000000 -297519.906250 409.364322 4.809292 2.686904 7.176152 12.336464 0.000000 0.000000 4.786244
 2278.000000 -297056.062500 408.832083 4.895634 2.664860 7.111253 7.828293 0.000000 0.000000 3.037184
 2280.000000 -297377.375000 410.186057 4.867593 2.712411 7.144577 10.123000 0.000000 0.000000 3.927474
 2282.000000 -297794.593750 410.048277 4.799761 2.672685 7.126288 8.930350 0.000000 0.000000 3.464756
 2284.000000 -297459.093750 409.599595 4.850891 2.695183 7.122778 8.763392 0.000000 0.000000 3.399980
 2286.000000 -297816.312500 408.910749 4.783817 2.679894 7.140749 10.064176 0.000000 0.000000 3.904652
 2288.000000 -298951.406250 409.824366 4.800063 2.673880 7.056660 5.033068 0.000000 0.000000 1.952706
 2290.000000 -298182.656250 410.505105 4.839520 2.628355 7.021102 3.448719 0.000000 0.000000 1.338018
 2292.000000 -297964.750000 409.586332 4.794273 2.599116 6.975939 1.858630 0.000000 0.000000 0.721103
 2294.000000 -298856.687500 407.643100 4.879618 2.645318 6.980020 2.016749 0.000000 0.000000 0.782449
 2296.000000 -297728.156250 408.586083 4.841333 2.657819 6.955859 1.348343 0.000000 0.000000 0.523124
 2298.000000 -297090.000000 408.506691 4.834824 2.643361 6.920513 0.604006 0.000000 0.000000 0.234339
 2300.000000 -298711.250000 409.296384 4.869375 2.581537 6.944702 1.121069 0.000000 0.000000 0.434947
 2302.000000 -297703.125000 407.615739 4.830221 2.581083 6.943666 1.120207 0.000000 0.000000 0.434613
 2304.000000 -297479.812500 408.527028 4.892854 2.642164 6.930473 0.850216 0.000000 0.000000 0.329863
 2306.000000 -296871.468750 409.545089 4.874497 2.642745 6.914653 0.572111 0.000000 0.000000 0.221965
 2308.000000 -297832.250000 409.509811 4.875576 2.634438 6.930764 0.898127 0.000000 0.000000 0.348451
 2310.000000 -297770.625000 409.079212 4.856868 2.694851 6.994342 2.787871 0.000000 0.000000 1.081625
 2312.000000 -298173.718750 409.642429 4.838470 2.602305 7.020488 3.893491 0.000000 0.000000 1.510578
 2314.000000 -296580.437500 408.768453 4.851384 2.583579 7.069725 6.425521 0.000000 0.000000 2.492944
 2316.000000 -296305.656250 409.563136 4.850980 2.633023 6.969073 2.018436 0.000000 0.000000 0.783103
 2318.000000 -297599.937500 409.569832 4.786625 2.617894 7.004086 3.324647 0.000000 0.000000 1.289881
 2320.000000 -296273.562500 409.232039 4.805678 2.610466 7.094647 8.105616 0.000000 0.000000 3.144779
 2322.000000 -295117.187500 410.288315 4.785034 2.617062 7.110921 9.242617 0.000000 0.000000 3.585908
 2324.000000 -296813.625000 410.200626 4.780704 2.632984 7.060949 6.213256 0.000000 0.000000 2.410590
 2326.000000 -297071.968750 410.822568 4.776659 2.648189 7.078872 7.312750 0.000000 0.000000 2.837166
 2328.000000 -296542.218750 409.951736 4.844327 2.574719 7.132584 10.995284 0.000000 0.000000 4.265899
 2330.000000 -296781.281250 409.470711 4.886612 2.584768 7.107932 9.311473 0.000000 0.000000 3.612622
 2332.000000 -297783.156250 410.249315 4.881662 2.615515 7.055445 6.129720 0.000000 0.000000 2.378180
 2334.000000 -298382.687500 409.813092 4.936930 2.600972 7.019289 4.337941 0.000000 0.000000 1.683014
 2336.000000 -297465.156250 409.095532 4.947063 2.656963 7.007431 3.847009 0.000000 0.000000 1.492545
 2338.000000 -298655.375000 407.052414 4.868917 2.601602 6.956378 1.964962 0.000000 0.000000 0.762357
 2340.000000 -298091.781250 408.286611 4.854706 2.612460 7.050453 6.074933 0.000000 0.000000 2.356924
 2342.000000 -297342.156250 407.513130 4.842818 2.672285 7.034986 5.303760 0.000000 0.000000 2.057728
 2344.000000 -297240.218750 408.790002 4.801685 2.611302 7.085509 8.288882 0.000000 0.000000 3.215882
 2346.000000 -297552.687500 408.634063 4.801675 2.606067 6.987742 3.229744 0.000000 0.000000 1.253061
 2348.000000 -297950.875000 408.284343 4.825264 2.632194 7.072902 7.620100 0.000000 0.000000 2.956411
 2350.000000 -297109.375000 409.834959 4.842179 2.719048 7.070768 7.550230 0.000000 0.000000 2.929303
 2352.000000 -297933.968750 409.459476 4.892286 2.686828 7.011237 4.382194 0.000000 0.000000 1.700183
 2354.000000 -297081.062500 408.692499 4.883598 2.659095 6.985084 3.283892 0.000000 0.000000 1.274069
 2356.000000 -298038.718750 409.132875 4.838320 2.677739 6.987927 3.441455 0.000000 0.000000 1.335200
 2358.000000 -296842.312500 410.514550 4.878727 2.705413 7.013433 4.628820 0.000000 0.000000 1.795868
 2360.000000 -297589.406250 409.103064 4.916565 2.732638 6.964329 2.603854 0.000000 0.000000 1.010231
 2362.000000 -297547.625000 408.798401 4.896920 2.652323 6.900199 0.824167 0.000000 0.000000 0.319756
 2364.000000 -297533.406250 407.403952 4.879178 2.644105 6.886859 0.592690 0.000000 0.000000 0.229949
 2366.000000 -298556.031250 407.427411 4.917742 2.627502 6.886799 0.608982 0.000000 0.000000 0.236270
 2368.000000 -298146.062500 409.542402 4.876502 2.582098 6.876845 0.462765 0.000000 0.000000 0.179542
 2370.000000 -297666.000000 408.396526 4.846661 2.588013 6.964968 2.811303 0.000000 0.000000 1.090716
 2372.000000 -297768.125000 408.380508 4.849511 2.592443 6.992720 3.992584 0.000000 0.000000 1.549024
 2374.000000 -298046.593750 408.675452 4.874745 2.588430 6.904674 1.050515 0.000000 0.000000 0.407574
 2376.000000 -297130.781250 407.815721 4.854645 2.600859 7.012594 5.029723 0.000000 0.000000 1.951409
 2378.000000 -298017.656250 409.076380 4.820742 2.600601 6.886741 0.717083 0.000000 0.000000 0.278210
 2380.000000 -296470.125000 408.760395 4.801855 2.615187 6.948050 2.382239 0.000000 0.000000 0.924250
 2382.000000 -297806.531250 407.609227 4.818593 2.587381 6.998080 4.468907 0.000000 0.000000 1.733826
 2384.000000 -297368.375000 407.688840 4.837834 2.627171 7.031605 6.249911 0.000000 0.000000 2.424812
 2386.000000 -297520.937500 407.562300 4.829568 2.650327 7.010627 5.183015 0.000000 0.000000 2.010882
 2388.000000 -297582.156250 408.493205 4.807167 2.631696 6.935136 2.084501 0.000000 0.000000 0.808735
 2390.000000 -297508.125000 409.306020 4.875677 2.601463 6.975777 3.645580 0.000000 0.000000 1.414395
 2392.000000 -298636.781250 408.700688 4.849351 2.554536 6.952231 2.746570 0.000000 0.000000 1.065601
 2394.000000 -296710.468750 409.059413 4.838314 2.621344 7.017651 5.759397 0.000000 0.000000 2.234504
 2396.000000 -296340.468750 408.625768 4.779259 2.635358 6.989352 4.387610 0.000000 0.000000 1.702285
 2398.000000 -297093.312500 407.462248 4.729126 2.648654 7.003952 5.148673 0.000000 0.000000 1.997558
 2400.000000 -297155.281250 409.549783 4.793802 2.666614 7.085426 10.183471 0.000000 0.000000 3.950936
 2402.000000 -297375.062500 410.112901 4.758549 2.667931 7.076973 9.658623 0.000000 0.000000 3.747307
 2404.000000 -296502.906250 409.945395 4.826539 2.617137 7.029738 6.712791 0.000000 0.000000 2.604397
 2406.000000 -296962.187500 409.364133 4.834586 2.609152 7.011372 5.744419 0.000000 0.000000 2.228693
 2408.000000 -297318.468750 409.807344 4.853950 2.618726 6.999363 5.169571 0.000000 0.000000 2.005666
 2410.000000 -296184.625000 409.202785 4.900858 2.635152 6.955014 3.200546 0.000000 0.000000 1.241733
 2412.000000 -297332.625000 408.597384 4.934776 2.614748 6.947247 2.935588 0.000000 0.000000 1.138936
 2414.000000 -296803.312500 408.670763 4.891333 2.583487 6.967031 3.785862 0.000000 0.000000 1.468821
 2416.000000 -297174.906250 408.315263 4.979952 2.661930 6.946301 2.976108 0.000000 0.000000 1.154657
 2418.000000 -297854.750000 407.883287 4.980506 2.638379 7.040625 7.789072 0.000000 0.000000 3.021968
 2420.000000 -298265.968750 408.652885 4.971938 2.613073 6.967365 3.932308 0.000000 0.000000 1.525638
 2422.000000 -298559.937500 409.064978 4.866340 2.620945 6.902712 1.616295 0.000000 0.000000 0.627083
 2424.000000 -298582.968750 408.498315 4.852001 2.590624 6.804893 0.035673 0.000000 0.000000 0.013840
 2426.000000 -298106.656250 408.452074 4.822235 2.633955 6.921134 2.248989 0.000000 0.000000 0.872552
 2428.000000 -297749.968750 408.427552 4.868336 2.618055 6.914631 2.068241 0.000000 0.000000 0.802427
 2430.000000 -297466.875000 408.530752 4.808503 2.636613 6.911332 1.994968 0.000000 0.000000 0.773998
 2432.000000 -297680.593750 409.687666 4.867397 2.625544 6.947815 3.354417 0.000000 0.000000 1.301431
 2434.000000 -297158.406250 410.157213 4.884985 2.612971 7.024082 7.265089 0.000000 0.000000 2.818675
 2436.000000 -297982.750000 408.807548 4.782521 2.602846 6.936133 2.969613 0.000000 0.000000 1.152137
 2438.000000 -296794.250000 409.287940 4.787910 2.618051 6.917239 2.320123 0.000000 0.000000 0.900151
 2440.000000 -297747.562500 409.684025 4.775836 2.588895 6.842142 0.482696 0.000000 0.000000 0.187274
 2442.000000 -297109.875000 409.644011 4.772535 2.635664 6.914730 2.302838 0.000000 0.000000 0.893444
 2444.000000 -297258.593750 409.903283 4.807385 2.647146 6.915729 2.371170 0.000000 0.000000 0.919955
 2446.000000 -296917.812500 410.961733 4.849636 2.677714 6.913457 2.327569 0.000000 0.000000 0.903039
 2448.000000 -296894.562500 410.800265 4.863439 2.680029 6.921199 2.635343 0.000000 0.000000 1.022448
 2450.000000 -297099.125000 410.410500 4.901087 2.637779 6.828201 0.353796 0.000000 0.000000 0.137264
 2452.000000 -297489.625000 409.894298 4.861141 2.650834 6.837430 0.502928 0.000000 0.000000 0.195124
 2454.000000 -297704.781250 410.220690 4.946925 2.651201 6.873159 1.253988 0.000000 0.000000 0.486516
 2456.000000 -298081.156250 409.510980 4.883150 2.608134 6.842956 0.629344 0.000000 0.000000 0.244170
 2458.000000 -296444.625000 409.856061 4.932406 2.589626 6.905315 2.255053 0.000000 0.000000 0.874905
 2460.000000 -296537.343750 409.458928 4.921290 2.561957 6.892441 1.873961 0.000000 0.000000 0.727051
 2462.000000 -296686.093750 409.663443 4.956740 2.599689 6.854073 0.904676 0.000000 0.000000 0.350992
 2464.000000 -296747.250000 408.774044 4.883740 2.650011 6.859364 1.043427 0.000000 0.000000 0.404824
 2466.000000 -297103.812500 410.134510 4.898691 2.673466 6.801741 0.150871 0.000000 0.000000 0.058534
 2468.000000 -296735.500000 411.852396 4.886915 2.636482 6.832823 0.558172 0.000000 0.000000 0.216557
 2470.000000 -296795.375000 411.625676 4.833429 2.622381 6.909483 2.609405 0.000000 0.000000 1.012385
 2472.000000 -296712.125000 411.165052 4.888863 2.628299 6.785682 0.058765 0.000000 0.000000 0.022799
 2474.000000 -296829.281250 409.933305 4.871086 2.621154 6.794322 0.122635 0.000000 0.000000 0.047579
 2476.000000 -297538.906250 408.403317 4.950591 2.612890 6.766649 0.002701 0.000000 0.000000 0.001048
 2478.000000 -297866.437500 408.078560 4.882869 2.590290 6.719186 0.218552 0.000000 0.000000 0.084793
 2480.000000 -297572.500000 408.722819 4.927541 2.580075 6.726570 0.139699 0.000000 0.000000 0.054200
 2482.000000 -297435.625000 409.689723 4.877723 2.561008 6.815916 0.404924 0.000000 0.000000 0.157101
 2484.000000 -297775.625000 410.570517 4.828799 2.573744 6.844303 0.931033 0.000000 0.000000 0.361218
 2486.000000 -297608.125000 410.187027 4.883397 2.587925 6.917366 3.214674 0.000000 0.000000 1.247214
 2488.000000 -297219.312500 409.571830 4.799816 2.534724 6.931054 3.830473 0.000000 0.000000 1.486129
 2490.000000 -296658.875000 409.102592 4.845560 2.533705 6.938073 4.189457 0.000000 0.000000 1.625406
 2492.000000 -297915.437500 409.936222 4.913935 2.634541 6.907223 2.934675 0.000000 0.000000 1.138581
 2494.000000 -296395.718750 409.426212 4.880379 2.673590 6.899426 2.680075 0.000000 0.000000 1.039803
 2496.000000 -298442.781250 410.179917 4.764352 2.650339 6.940148 4.424948 0.000000 0.000000 1.716771
 2498.000000 -296876.062500 408.809668 4.776395 2.637852 6.928702 3.947259 0.000000 0.000000 1.531439
 2500.000000 -296143.062500 408.482074 4.818957 2.655639 6.978763 6.541542 0.000000 0.000000 2.537957
 2502.000000 -297456.500000 409.209545 4.786434 2.639798 6.911721 3.309757 0.000000 0.000000 1.284104
 2504.000000 -298224.437500 409.574354 4.768726 2.636243 6.928150 4.056756 0.000000 0.000000 1.573921
 2506.000000 -297959.718750 408.427736 4.736089 2.669195 6.912072 3.406079 0.000000 0.000000 1.321475
 2508.000000 -298684.906250 410.189744 4.745091 2.616083 6.921899 3.867569 0.000000 0.000000 1.500522
 2510.000000 -298205.531250 409.394918 4.718383 2.629987 6.843606 1.215385 0.000000 0.000000 0.471539
 2512.000000 -297513.343750 408.435974 4.749940 2.589173 6.759091 0.028467 0.000000 0.000000 0.011045
 2514.000000 -297645.031250 408.941957 4.788106 2.610889 6.733692 0.010829 0.000000 0.000000 0.004201
 2516.000000 -297331.625000 410.286508 4.786066 2.555079 6.814782 0.662155 0.000000 0.000000 0.256900
 2518.000000 -297631.406250 410.734481 4.824559 2.572183 6.846214 1.383752 0.000000 0.000000 0.536862
 2520.000000 -297720.156250 410.125591 4.763267 2.534441 6.772363 0.130922 0.000000 0.000000 0.050795
 2522.000000 -298085.875000 410.383276 4.823928 2.605320 6.798333 0.440055 0.000000 0.000000 0.170730
 2524.000000 -298509.437500 408.731391 4.775306 2.561924 6.755863 0.039885 0.000000 0.000000 0.015474
 2526.000000 -297416.687500 410.478892 4.715208 2.605682 6.831968 1.127355 0.000000 0.000000 0.437386
 2528.000000 -298628.500000 409.942632 4.818354 2.616396 6.874909 2.411957 0.000000 0.000000 0.935780
 2530.000000 -297274.031250 409.675916 4.669950 2.615468 6.878945 2.590006 0.000000 0.000000 1.004858
 2532.000000 -297617.531250 410.511967 4.689824 2.621070 6.917593 4.213282 0.000000 0.000000 1.634649
 2534.000000 -296039.812500 411.413915 4.760099 2.618984 6.880066 2.703565 0.000000 0.000000 1.048917
 2536.000000 -297865.437500 410.823376 4.781606 2.660307 6.759117 0.091915 0.000000 0.000000 0.035661
 2538.000000 -297331.125000 410.156997 4.853051 2.664724 6.812459 0.829437 0.000000 0.000000 0.321801
 2540.000000 -297435.125000 408.540836 4.784577 2.594174 6.822511 1.069777 0.000000 0.000000 0.415047
 2542.000000 -298376.843750 408.905139 4.815251 2.584104 6.785701 0.401872 0.000000 0.000000 0.155917
 2544.000000 -297853.718750 409.831249 4.840761 2.629197 6.750569 0.063672 0.000000 0.000000 0.024703
 2546.000000 -298093.468750 410.091986 4.786148 2.649735 6.760414 0.139563 0.000000 0.000000 0.054147
 2548.000000 -296152.375000 409.499908 4.865803 2.654468 6.811342 0.910401 0.000000 0.000000 0.353213
 2550.000000 -298108.531250 409.519882 4.837225 2.667038 6.744871 0.049357 0.000000 0.000000 0.019149
 2552.000000 -297982.000000 409.708489 4.790572 2.617686 6.710627 0.022355 0.000000 0.000000 0.008673
 2554.000000 -297345.687500 408.842913 4.753956 2.589052 6.713376 0.011578 0.000000 0.000000 0.004492
 2556.000000 -297448.562500 408.062154 4.765857 2.622344 6.689202 0.134461 0.000000 0.000000 0.052168
 2558.000000 -297692.125000 408.927903 4.795382 2.625842 6.759952 0.189657 0.000000 0.000000 0.073582
 2560.000000 -298320.406250 408.332001 4.715838 2.575798 6.692916 0.091696 0.000000 0.000000 0.035576
 2562.000000 -298385.781250 408.291841 4.770875 2.584325 6.708519 0.013732 0.000000 0.000000 0.005328
 2564.000000 -297923.062500 408.471525 4.822252 2.582870 6.732684 0.026952 0.000000 0.000000 0.010457
 2566.000000 -297907.687500 408.284891 4.793765 2.552442 6.777629 0.459490 0.000000 0.000000 0.178271
 2568.000000 -297664.718750 408.604956 4.829062 2.542026 6.725759 0.011904 0.000000 0.000000 0.004619
 2570.000000 -298470.625000 408.678198 4.859673 2.552232 6.730076 0.028412 0.000000 0.000000 0.011023
 2572.000000 -297793.125000 409.535401 4.843671 2.588752 6.699682 0.025625 0.000000 0.000000 0.009942
 2574.000000 -298094.812500 408.532975 4.904236 2.590359 6.680491 0.132105 0.000000 0.000000 0.051253
 2576.000000 -298004.406250 407.993624 4.965282 2.649692 6.711053 0.000112 0.000000 0.000000 0.000043
 2578.000000 -298196.968750 407.338293 4.863813 2.681493 6.779215 0.581654 0.000000 0.000000 0.225667
 2580.000000 -299125.687500 408.811214 4.865648 2.670309 6.775944 0.543573 0.000000 0.000000 0.210893
 2582.000000 -298351.500000 408.588373 4.896639 2.720727 6.851296 2.531026 0.000000 0.000000 0.981976
 2584.000000 -297877.906250 408.768684 4.972711 2.681609 6.809682 1.292416 0.000000 0.000000 0.501425
 2586.000000 -297910.906250 409.252297 4.876890 2.688813 6.694951 0.018148 0.000000 0.000000 0.007041
 2588.000000 -298793.750000 407.235053 4.868274 2.658165 6.733575 0.095045 0.000000 0.000000 0.036875
 2590.000000 -297683.156250 408.156309 4.803357 2.670163 6.766383 0.470980 0.000000 0.000000 0.182729
 2592.000000 -298369.281250 408.222295 4.813322 2.653918 6.840568 2.331348 0.000000 0.000000 0.904506
 2594.000000 -298761.906250 408.979054 4.815459 2.680191 6.835486 2.194053 0.000000 0.000000 0.851238
 2596.000000 -296749.375000 409.420406 4.824792 2.675878 6.780934 0.778828 0.000000 0.000000 0.302166
 2598.000000 -297251.281250 408.582453 4.892233 2.700302 6.860650 3.186009 0.000000 0.000000 1.236093
 2600.000000 -298014.531250 408.597489 4.858451 2.668238 6.820120 1.803589 0.000000 0.000000 0.699748
 2602.000000 -297447.312500 408.659784 4.889860 2.618668 6.732113 0.137056 0.000000 0.000000 0.053174
 2604.000000 -297695.250000 408.618128 4.910975 2.648598 6.749304 0.329010 0.000000 0.000000 0.127648
 2606.000000 -297412.406250 409.002456 4.892793 2.608971 6.703492 0.005268 0.000000 0.000000 0.002044
 2608.000000 -297747.500000 408.814988 4.888958 2.608510 6.721859 0.083587 0.000000 0.000000 0.032430
 2610.000000 -297451.312500 407.987620 4.871082 2.661101 6.743516 0.294227 0.000000 0.000000 0.114153
 2612.000000 -296911.781250 407.150136 4.896588 2.662675 6.714655 0.053331 0.000000 0.000000 0.020691
 2614.000000 -298410.781250 408.221509 4.887714 2.751237 6.793165 1.254120 0.000000 0.000000 0.486568
 2616.000000 -297625.718750 407.997965 4.870221 2.711299 6.721721 0.110419 0.000000 0.000000 0.042840
 2618.000000 -298518.250000 409.887054 4.892710 2.755762 6.831014 2.450504 0.000000 0.000000 0.950735
 2620.000000 -297909.906250 408.691251 4.866792 2.736280 6.752958 0.495458 0.000000 0.000000 0.192226
 2622.000000 -299223.500000 408.593089 4.945784 2.714351 6.731531 0.226111 0.000000 0.000000 0.087726
 2624.000000 -298406.718750 408.601138 4.961061 2.763395 6.813191 1.959085 0.000000 0.000000 0.760076
 2626.000000 -298830.125000 409.644042 4.897590 2.688228 6.705619 0.043333 0.000000 0.000000 0.016812
 2628.000000 -297203.187500 410.264488 4.920968 2.688866 6.771804 0.920299 0.000000 0.000000 0.357053
 2630.000000 -297358.781250 408.922681 4.923243 2.697771 6.795804 1.534692 0.000000 0.000000 0.595423
 2632.000000 -297000.031250 409.558957 4.950481 2.654509 6.780035 1.152850 0.000000 0.000000 0.447277
 2634.000000 -298443.187500 409.478903 4.928371 2.643384 6.774563 1.047982 0.000000 0.000000 0.406591
 2636.000000 -298506.062500 409.514716 4.937787 2.684561 6.844688 3.308419 0.000000 0.000000 1.283585
 2638.000000 -297954.125000 409.359275 4.913511 2.663642 6.851721 3.643191 0.000000 0.000000 1.413468
 2640.000000 -297621.687500 409.978167 4.934702 2.669769 6.822440 2.536132 0.000000 0.000000 0.983957
 2642.000000 -297540.906250 410.364629 4.946746 2.687795 6.756141 0.743834 0.000000 0.000000 0.288589
 2644.000000 -298669.968750 409.173978 4.928613 2.682694 6.730324 0.342222 0.000000 0.000000 0.132774
 2646.000000 -298302.093750 409.053078 4.986311 2.648580 6.791965 1.652118 0.000000 0.000000 0.640981
 2648.000000 -298901.468750 408.038693 4.972732 2.666717 6.823421 2.716610 0.000000 0.000000 1.053978
 2650.000000 -297691.562500 408.729924 4.966551 2.663716 6.794545 1.786373 0.000000 0.000000 0.693069
 2652.000000 -298077.406250 408.980745 4.998161 2.644047 6.863006 4.465426 0.000000 0.000000 1.732475
 2654.000000 -298540.093750 409.484262 4.972847 2.669792 6.816000 2.556132 0.000000 0.000000 0.991716
 2656.000000 -297864.843750 410.219287 4.926199 2.698275 6.852416 4.068728 0.000000 0.000000 1.578566
 2658.000000 -297587.250000 410.915753 4.984208 2.640227 6.845714 3.815636 0.000000 0.000000 1.480373
 2660.000000 -295403.437500 410.532174 4.950083 2.610513 6.803005 2.211306 0.000000 0.000000 0.857932
 2662.000000 -296570.687500 411.173088 5.003999 2.651253 6.833074 3.365028 0.000000 0.000000 1.305548
 2664.000000 -298152.281250 411.043386 4.990466 2.700418 6.857557 4.491482 0.000000 0.000000 1.742584
 2666.000000 -297310.531250 410.817115 4.983969 2.654754 6.847276 4.062445 0.000000 0.000000 1.576128
 2668.000000 -297648.781250 411.484194 4.968171 2.684326 6.867905 5.095697 0.000000 0.000000 1.977005
 2670.000000 -297604.531250 411.304053 4.909804 2.687966 6.841089 3.875939 0.000000 0.000000 1.503769
 2672.000000 -299039.156250 410.862838 4.824694 2.642185 6.843478 4.026552 0.000000 0.000000 1.562203
 2674.000000 -297973.375000 409.662178 4.829389 2.695772 6.849220 4.334731 0.000000 0.000000 1.681769
 2676.000000 -297943.593750 408.703165 4.806555 2.647117 6.932246 9.129126 0.000000 0.000000 3.541876
 2678.000000 -298392.156250 409.090725 4.881516 2.614317 6.972519 12.130525 0.000000 0.000000 4.706345
 2680.000000 -298373.406250 409.412055 4.921998 2.604950 6.886367 6.405275 0.000000 0.000000 2.485089
 2682.000000 -298904.718750 409.651642 4.858183 2.653593 6.940444 9.901350 0.000000 0.000000 3.841480
 2684.000000 -298979.687500 410.220630 4.865918 2.622144 6.926705 9.025265 0.000000 0.000000 3.501580
 2686.000000 -298309.312500 409.509534 4.865204 2.595898 6.911203 8.077365 0.000000 0.000000 3.133818
 2688.000000 -297669.843750 409.862136 4.889200 2.591168 6.914157 8.330616 0.000000 0.000000 3.232074
 2690.000000 -298295.500000 409.759988 4.926232 2.557363 6.890925 6.957601 0.000000 0.000000 2.699378
 2692.000000 -296845.468750 408.349731 4.941494 2.564972 6.848692 4.738142 0.000000 0.000000 1.838282
 2694.000000 -296995.187500 409.424740 4.884555 2.600404 6.865945 5.668173 0.000000 0.000000 2.199112
 2696.000000 -297346.906250 408.639374 4.914184 2.598872 6.874216 6.172502 0.000000 0.000000 2.394778
 2698.000000 -297544.031250 409.817200 4.902643 2.572552 6.867720 5.870956 0.000000 0.000000 2.277786
 2700.000000 -297299.875000 409.591730 4.938411 2.539534 6.893142 7.389774 0.000000 0.000000 2.867050
 2702.000000 -297340.750000 411.189140 4.920490 2.572104 6.915381 8.869868 0.000000 0.000000 3.441290
 2704.000000 -297688.218750 409.135677 4.917833 2.648177 6.883621 6.939644 0.000000 0.000000 2.692411
 2706.000000 -298792.187500 409.981829 4.865112 2.604826 6.896601 7.787573 0.000000 0.000000 3.021386
 2708.000000 -297980.250000 409.423593 4.900682 2.643634 6.915034 9.047422 0.000000 0.000000 3.510177
 2710.000000 -297857.281250 409.603389 4.968856 2.626401 6.871790 6.429227 0.000000 0.000000 2.494381
 2712.000000 -297728.375000 410.125061 4.995576 2.624291 6.810530 3.466525 0.000000 0.000000 1.344926
 2714.000000 -297540.656250 410.401862 4.966464 2.671115 6.816346 3.756111 0.000000 0.000000 1.457278
 2716.000000 -297518.500000 410.763899 5.023827 2.669344 6.893650 7.915980 0.000000 0.000000 3.071205
 2718.000000 -297532.843750 411.219145 4.975963 2.689157 6.904117 8.653822 0.000000 0.000000 3.357470
 2720.000000 -296888.562500 409.986632 4.975130 2.692078 6.836067 4.805275 0.000000 0.000000 1.864328
 2722.000000 -296737.781250 411.027284 5.014719 2.624300 6.915563 9.560866 0.000000 0.000000 3.709380
 2724.000000 -296576.343750 410.224659 4.987275 2.656927 6.856870 5.988011 0.000000 0.000000 2.323200
 2726.000000 -297294.968750 409.194261 4.965476 2.659136 6.900864 8.703048 0.000000 0.000000 3.376568
 2728.000000 -297482.656250 409.541938 4.995836 2.594923 6.922223 10.240472 0.000000 0.000000 3.973050
 2730.000000 -298152.593750 410.562443 5.023366 2.645785 6.880800 7.552180 0.000000 0.000000 2.930060
 2732.000000 -298537.406250 410.431072 5.007652 2.657419 6.911593 9.632240 0.000000 0.000000 3.737072
 2734.000000 -296997.406250 409.578877 5.025392 2.666001 7.001331 16.958439 0.000000 0.000000 6.579456
 2736.000000 -297627.500000 408.440423 5.023760 2.622143 6.912050 9.803469 0.000000 0.000000 3.803504
 2738.000000 -297246.625000 409.379125 5.034932 2.638839 6.834307 5.166731 0.000000 0.000000 2.004564
 2740.000000 -297167.656250 408.828804 5.056968 2.659666 6.860614 6.647873 0.000000 0.000000 2.579211
 2742.000000 -297554.000000 409.035625 5.137676 2.667410 6.891132 8.589170 0.000000 0.000000 3.332386
 2744.000000 -298282.531250 407.657335 4.997659 2.601936 6.934575 11.748501 0.000000 0.000000 4.558129
 2746.000000 -297727.375000 408.345336 5.067314 2.645071 6.938095 12.097501 0.000000 0.000000 4.693532
 2748.000000 -297776.375000 408.424620 5.051662 2.627895 6.949581 13.088072 0.000000 0.000000 5.077849
 2750.000000 -298891.750000 407.826685 5.022639 2.637104 6.954712 13.588725 0.000000 0.000000 5.272090
 2752.000000 -297612.343750 410.171323 4.947603 2.635262 6.822778 4.939081 0.000000 0.000000 1.916242
 2754.000000 -298713.031250 409.206630 4.985823 2.613847 6.803662 4.079853 0.000000 0.000000 1.582882
 2756.000000 -297693.968750 409.116898 5.008774 2.633659 6.853240 6.684017 0.000000 0.000000 2.593234
 2758.000000 -297606.156250 410.421439 4.973760 2.597792 6.804786 4.222161 0.000000 0.000000 1.638094
 2760.000000 -297903.031250 409.492616 4.988057 2.606101 6.735467 1.666586 0.000000 0.000000 0.646594
 2762.000000 -297262.593750 408.552823 4.970831 2.634582 6.865482 7.594150 0.000000 0.000000 2.946343
 2764.000000 -298266.187500 408.526468 4.990053 2.637830 6.912188 10.818304 0.000000 0.000000 4.197235
 2766.000000 -298942.218750 409.889636 4.958183 2.622637 6.836260 6.009349 0.000000 0.000000 2.331479
 2768.000000 -297969.781250 409.150992 4.968368 2.666103 6.873040 8.258672 0.000000 0.000000 3.204161
 2770.000000 -297579.343750 409.103684 4.969121 2.619356 6.896813 9.927308 0.000000 0.000000 3.851551
 2772.000000 -298267.281250 408.239147 5.004128 2.620168 6.900037 10.227130 0.000000 0.000000 3.967874
 2774.000000 -297319.218750 408.745126 4.950277 2.590555 6.850375 7.043341 0.000000 0.000000 2.732643
 2776.000000 -297561.468750 408.706187 4.965479 2.633348 6.830903 5.989806 0.000000 0.000000 2.323897
 2778.000000 -297246.312500 408.640906 4.927443 2.595083 6.846746 6.947025 0.000000 0.000000 2.695274
 2780.000000 -297135.812500 408.028022 4.931483 2.610165 6.848826 7.129727 0.000000 0.000000 2.766158
 2782.000000 -297900.968750 407.287633 4.929246 2.631398 6.782497 3.762646 0.000000 0.000000 1.459814
 2784.000000 -296928.281250 407.876438 4.998420 2.624761 6.743683 2.301245 0.000000 0.000000 0.892826
 2786.000000 -297808.937500 408.611467 4.966564 2.595312 6.817836 5.556499 0.000000 0.000000 2.155784
 2788.000000 -298296.781250 408.962263 4.967704 2.634701 6.774333 3.542002 0.000000 0.000000 1.374210
 2790.000000 -298218.687500 409.128351 4.946374 2.636980 6.758666 2.951645 0.000000 0.000000 1.145165
 2792.000000 -298837.937500 409.270073 4.888067 2.604326 6.778073 3.787695 0.000000 0.000000 1.469532
 2794.000000 -298777.875000 408.740377 4.972858 2.612789 6.787170 4.239823 0.000000 0.000000 1.644947
 2796.000000 -297810.468750 407.666165 4.872538 2.623733 6.802445 5.022273 0.000000 0.000000 1.948518
 2798.000000 -297623.281250 406.859962 4.837807 2.581993 6.783709 4.172844 0.000000 0.000000 1.618960
 2800.000000 -298285.437500 406.839167 4.920123 2.619463 6.784544 4.257065 0.000000 0.000000 1.651636
 2802.000000 -298367.750000 407.886642 4.859604 2.588313 6.827356 6.518285 0.000000 0.000000 2.528934
 2804.000000 -298238.656250 410.436718 4.922866 2.575866 6.846185 7.699485 0.000000 0.000000 2.987210
 2806.000000 -298096.500000 409.446415 5.003596 2.556772 6.800659 5.184637 0.000000 0.000000 2.011511
 2808.000000 -298091.937500 410.373829 4.931222 2.618718 6.886295 10.533912 0.000000 0.000000 4.086898
 2810.000000 -298338.343750 410.347293 4.872877 2.589475 6.808370 5.690830 0.000000 0.000000 2.207902
 2812.000000 -298374.468750 410.225602 4.854553 2.613207 6.753922 3.196892 0.000000 0.000000 1.240315
 2814.000000 -297755.468750 409.465521 4.828965 2.648310 6.809291 5.847736 0.000000 0.000000 2.268777
 2816.000000 -298955.218750 409.185966 4.846347 2.666141 6.833808 7.308878 0.000000 0.000000 2.835664
 2818.000000 -298442.875000 408.871133 4.836558 2.681056 6.820218 6.567616 0.000000 0.000000 2.548073
 2820.000000 -298622.656250 407.488506 4.873985 2.670192 6.794170 5.210663 0.000000 0.000000 2.021609
 2822.000000 -297757.812500 407.874779 4.888347 2.625899 6.790540 5.077272 0.000000 0.000000 1.969856
 2824.000000 -298931.687500 408.502583 4.928201 2.610624 6.736156 2.743770 0.000000 0.000000 1.064515
 2826.000000 -297636.531250 408.548939 4.917438 2.608974 6.762531 3.851373 0.000000 0.000000 1.494238
 2828.000000 -297562.250000 408.190222 4.910486 2.592744 6.712843 2.011153 0.000000 0.000000 0.780278
 2830.000000 -297077.750000 408.655212 4.887143 2.588304 6.723636 2.402495 0.000000 0.000000 0.932109
 2832.000000 -297473.750000 408.590164 4.877990 2.587685 6.731791 2.730291 0.000000 0.000000 1.059285
 2834.000000 -297093.531250 408.630521 4.942315 2.588940 6.740015 3.081733 0.000000 0.000000 1.195636
 2836.000000 -296997.718750 410.495298 4.946215 2.557310 6.746339 3.375893 0.000000 0.000000 1.309763
 2838.000000 -295573.375000 411.524083 4.965156 2.620934 6.765927 4.274745 0.000000 0.000000 1.658495
 2840.000000 -296356.031250 411.790520 4.969531 2.620420 6.735444 3.020367 0.000000 0.000000 1.171828
 2842.000000 -295951.812500 411.156202 4.952734 2.659081 6.817852 7.131292 0.000000 0.000000 2.766766
 2844.000000 -298115.343750 411.686697 4.901959 2.616583 6.734234 3.051132 0.000000 0.000000 1.183764
 2846.000000 -298584.531250 411.219620 4.890225 2.695522 6.754349 3.931591 0.000000 0.000000 1.525360
 2848.000000 -298352.593750 411.128102 4.917519 2.626784 6.748553 3.721828 0.000000 0.000000 1.443977
 2850.000000 -298110.062500 410.036155 4.911380 2.637522 6.759736 4.265906 0.000000 0.000000 1.655066
 2852.000000 -297039.562500 409.241769 4.841006 2.654905 6.774620 5.031057 0.000000 0.000000 1.951926
 2854.000000 -296825.187500 408.985916 4.885087 2.668034 6.763233 4.523565 0.000000 0.000000 1.755032
 2856.000000 -296504.062500 409.076420 4.896155 2.665476 6.691458 1.783763 0.000000 0.000000 0.692056
 2858.000000 -297929.312500 408.152501 4.887176 2.635844 6.710018 2.415755 0.000000 0.000000 0.937253
 2860.000000 -297426.781250 409.185561 4.901887 2.648238 6.706971 2.345147 0.000000 0.000000 0.909859
 2862.000000 -297979.031250 407.437261 4.851158 2.602531 6.707632 2.402337 0.000000 0.000000 0.932048
 2864.000000 -297643.250000 407.439471 4.817497 2.653738 6.778922 5.561016 0.000000 0.000000 2.157537
 2866.000000 -297338.843750 406.839012 4.771719 2.675777 6.798231 6.683471 0.000000 0.000000 2.593022
 2868.000000 -297960.312500 407.985854 4.800538 2.706758 6.778386 5.638477 0.000000 0.000000 2.187590
 2870.000000 -297915.031250 407.470536 4.846198 2.742812 6.830835 8.833518 0.000000 0.000000 3.427187
 2872.000000 -297651.375000 408.137936 4.824836 2.726253 6.757777 4.693687 0.000000 0.000000 1.821035
 2874.000000 -298976.500000 408.851859 4.806268 2.691923 6.766985 5.201248 0.000000 0.000000 2.017956
 2876.000000 -298313.625000 409.595506 4.765993 2.700540 6.773964 5.616066 0.000000 0.000000 2.178895
 2878.000000 -297109.125000 409.970371 4.775737 2.662152 6.792740 6.712936 0.000000 0.000000 2.604454
 2880.000000 -297519.593750 410.029234 4.789543 2.719472 6.785370 6.348956 0.000000 0.000000 2.463238
 2882.000000 -297946.968750 408.872970 4.820068 2.665287 6.842195 10.024900 0.000000 0.000000 3.889414
 2884.000000 -298177.000000 408.937432 4.824949 2.629128 6.846282 10.388331 0.000000 0.000000 4.030416
 2886.000000 -297598.218750 408.164189 4.820905 2.575643 6.814806 8.308017 0.000000 0.000000 3.223306
 2888.000000 -297704.343750 406.948543 4.800010 2.612319 6.769460 5.695664 0.000000 0.000000 2.209777
 2890.000000 -297654.468750 407.700871 4.812898 2.602043 6.758203 5.161441 0.000000 0.000000 2.002512
 2892.000000 -297328.281250 408.598526 4.818421 2.657198 6.802054 7.691365 0.000000 0.000000 2.984060
 2894.000000 -298233.531250 408.361889 4.801970 2.624719 6.836539 10.049319 0.000000 0.000000 3.898888
 2896.000000 -298690.906250 409.020057 4.829401 2.672028 6.752253 5.012637 0.000000 0.000000 1.944779
 2898.000000 -298700.750000 409.025570 4.847980 2.673241 6.734087 4.190113 0.000000 0.000000 1.625660
 2900.000000 -296729.281250 409.306461 4.898340 2.705654 6.774584 6.304732 0.000000 0.000000 2.446080
 2902.000000 -296512.718750 410.153104 4.896000 2.643670 6.718759 3.602274 0.000000 0.000000 1.397593
 2904.000000 -297052.968750 409.076523 4.875504 2.666509 6.723872 3.866363 0.000000 0.000000 1.500054
 2906.000000 -297715.312500 408.034161 4.879185 2.681706 6.752230 5.264940 0.000000 0.000000 2.042667
 2908.000000 -298208.125000 409.096753 4.842316 2.654257 6.653055 1.432586 0.000000 0.000000 0.555808
 2910.000000 -298153.062500 409.172162 4.851187 2.718257 6.760935 5.828516 0.000000 0.000000 2.261321
 2912.000000 -297909.812500 408.142613 4.871598 2.643284 6.719442 3.847478 0.000000 0.000000 1.492727
 2914.000000 -298550.375000 407.066357 4.852165 2.658442 6.698043 3.004785 0.000000 0.000000 1.165783
 2916.000000 -298984.812500 407.045390 4.912509 2.709949 6.726902 4.273582 0.000000 0.000000 1.658045
 2918.000000 -299583.312500 406.160261 4.922825 2.686181 6.681778 2.477304 0.000000 0.000000 0.961133
 2920.000000 -298177.031250 406.075055 4.928456 2.669093 6.692309 2.899744 0.000000 0.000000 1.125029
 2922.000000 -297877.281250 406.600344 4.945953 2.679426 6.740508 5.075665 0.000000 0.000000 1.969233
 2924.000000 -298197.937500 408.628688 4.938511 2.725539 6.778237 7.214200 0.000000 0.000000 2.798932
 2926.000000 -298008.468750 409.286295 4.885840 2.699483 6.750217 5.682700 0.000000 0.000000 2.204747
 2928.000000 -297675.937500 408.032826 4.926652 2.652592 6.729083 4.660127 0.000000 0.000000 1.808014
 2930.000000 -297666.437500 410.028940 4.992363 2.685332 6.753634 5.975110 0.000000 0.000000 2.318195
 2932.000000 -297938.812500 408.868168 4.951969 2.659336 6.710534 3.895536 0.000000 0.000000 1.511372
 2934.000000 -298361.281250 409.257275 4.921849 2.632734 6.743668 5.547600 0.000000 0.000000 2.152332
 2936.000000 -298883.750000 410.225490 4.973861 2.621364 6.788060 8.195825 0.000000 0.000000 3.179778
 2938.000000 -298963.875000 408.970185 4.987402 2.628489 6.766084 6.908054 0.000000 0.000000 2.680154
 2940.000000 -297516.250000 410.471933 4.934825 2.650975 6.760452 6.638519 0.000000 0.000000 2.575582
 2942.000000 -298067.500000 409.862360 4.939702 2.653733 6.806420 9.620257 0.000000 0.000000 3.732423
 2944.000000 -298290.687500 409.971833 4.955660 2.595499 6.799161 9.191043 0.000000 0.000000 3.565898
 2946.000000 -296767.500000 410.225215 4.929762 2.616232 6.881771 15.732778 0.000000 0.000000 6.103930
 2948.000000 -295976.062500 410.896112 4.957502 2.608557 6.806629 9.844081 0.000000 0.000000 3.819261
 2950.000000 -295657.843750 410.014382 4.958784 2.653237 6.881281 15.867021 0.000000 0.000000 6.156013
 2952.000000 -296165.875000 410.396061 4.997977 2.610288 6.803485 9.763970 0.000000 0.000000 3.788180
 2954.000000 -297552.093750 409.737970 4.938578 2.604310 6.814946 10.654060 0.000000 0.000000 4.133513
 2956.000000 -296031.375000 410.330004 4.972646 2.561754 6.797998 9.521889 0.000000 0.000000 3.694258
 2958.000000 -297960.218750 410.039085 4.946197 2.587141 6.795643 9.428608 0.000000 0.000000 3.658067
 2960.000000 -296864.500000 410.667893 4.965512 2.554926 6.863131 14.717318 0.000000 0.000000 5.709957
 2962.000000 -296936.687500 410.176850 4.914841 2.565657 6.841290 12.983854 0.000000 0.000000 5.037415
 2964.000000 -295950.375000 408.760154 4.892110 2.591006 6.766967 7.748042 0.000000 0.000000 3.006049
 2966.000000 -297159.906250 409.362913 4.876028 2.588173 6.775915 8.379606 0.000000 0.000000 3.251080
 2968.000000 -297654.187500 408.893799 4.888703 2.664132 6.797362 9.895542 0.000000 0.000000 3.839226
 2970.000000 -297690.812500 407.752856 4.908638 2.601277 6.703014 4.418672 0.000000 0.000000 1.714336
 2972.000000 -297984.843750 408.415419 4.925279 2.622715 6.759985 7.563604 0.000000 0.000000 2.934492
 2974.000000 -296858.781250 408.222491 4.863128 2.595356 6.779679 8.889716 0.000000 0.000000 3.448991
 2976.000000 -296761.812500 409.122337 4.848218 2.598952 6.805895 10.796789 0.000000 0.000000 4.188888
 2978.000000 -296902.625000 410.593340 4.878011 2.627329 6.843124 13.788298 0.000000 0.000000 5.349520
 2980.000000 -296120.906250 410.927675 4.889977 2.653653 6.807166 11.038454 0.000000 0.000000 4.282648
 2982.000000 -297260.750000 409.399102 4.884790 2.587115 6.818586 11.980407 0.000000 0.000000 4.648102
 2984.000000 -297612.968750 409.241126 4.895706 2.551342 6.708131 5.006535 0.000000 0.000000 1.942412
 2986.000000 -297987.031250 408.469428 4.969571 2.531148 6.701382 4.723047 0.000000 0.000000 1.832426
 2988.000000 -296576.750000 409.979411 4.914439 2.515273 6.786681 9.847701 0.000000 0.000000 3.820665
 2990.000000 -296792.281250 410.152709 4.872061 2.536884 6.755481 7.842573 0.000000 0.000000 3.042725
 2992.000000 -297621.281250 409.815131 4.837144 2.578933 6.806548 11.441945 0.000000 0.000000 4.439193
 2994.000000 -296434.468750 410.180845 4.869713 2.531673 6.802074 11.180651 0.000000 0.000000 4.337817
 2996.000000 -295573.625000 410.538189 4.914389 2.535799 6.699273 4.864560 0.000000 0.000000 1.887329
 2998.000000 -296048.093750 410.781686 4.988008 2.521036 6.717647 5.866990 0.000000 0.000000 2.276247
 3000.000000 -297136.250000 408.662425 4.895645 2.504751 6.683597 4.213460 0.000000 0.000000 1.634719
 3002.000000 -297032.375000 409.007397 4.876494 2.536303 6.755439 8.220143 0.000000 0.000000 3.189213
 3004.000000 -298113.843750 409.769127 4.889243 2.546386 6.753426 8.155315 0.000000 0.000000 3.164061
 3006.000000 -296422.125000 410.013701 4.915449 2.616074 6.687790 4.550092 0.000000 0.000000 1.765324
 3008.000000 -296400.125000 409.944595 4.958288 2.566600 6.691062 4.756127 0.000000 0.000000 1.845260
 3010.000000 -296992.312500 408.064907 4.949812 2.618342 6.690652 4.784981 0.000000 0.000000 1.856455
 3012.000000 -296009.781250 408.498012 4.904145 2.531163 6.679411 4.297139 0.000000 0.000000 1.667184
 3014.000000 -296334.125000 408.764571 4.903499 2.552816 6.672363 4.021405 0.000000 0.000000 1.560206
 3016.000000 -296110.218750 409.665712 4.884562 2.604928 6.744916 7.995841 0.000000 0.000000 3.102189
 3018.000000 -297979.187500 409.898032 4.890164 2.582013 6.706545 5.807480 0.000000 0.000000 2.253159
 3020.000000 -297601.781250 409.625732 4.897999 2.547451 6.695787 5.293561 0.000000 0.000000 2.053771
 3022.000000 -297392.593750 409.735555 4.809529 2.568199 6.632328 2.567851 0.000000 0.000000 0.996263
 3024.000000 -297814.437500 409.684026 4.905476 2.574832 6.673770 4.313815 0.000000 0.000000 1.673654
 3026.000000 -298019.656250 409.660143 4.803149 2.563268 6.654050 3.488223 0.000000 0.000000 1.353344
 3028.000000 -297771.625000 409.858482 4.848545 2.547145 6.589513 1.339356 0.000000 0.000000 0.519637
 3030.000000 -296870.437500 410.140399 4.849855 2.513768 6.678487 4.679634 0.000000 0.000000 1.815583
 3032.000000 -297347.968750 409.603145 4.877376 2.572808 6.669328 4.293314 0.000000 0.000000 1.665700
 3034.000000 -297960.000000 409.190950 4.923439 2.585177 6.637582 2.986947 0.000000 0.000000 1.158862
 3036.000000 -297568.875000 409.172457 4.964856 2.600544 6.575847 1.100909 0.000000 0.000000 0.427126
 3038.000000 -297920.437500 409.499673 4.885417 2.614914 6.526380 0.257419 0.000000 0.000000 0.099872
 3040.000000 -297740.500000 409.114151 4.877346 2.597974 6.529676 0.308460 0.000000 0.000000 0.119675
 3042.000000 -297711.125000 408.849043 4.874659 2.572681 6.625034 2.665756 0.000000 0.000000 1.034247
 3044.000000 -297431.468750 409.249927 4.899643 2.603604 6.523675 0.260777 0.000000 0.000000 0.101175
 3046.000000 -297144.187500 408.327661 4.859263 2.565964 6.529123 0.339596 0.000000 0.000000 0.131755
 3048.000000 -297763.906250 409.125937 4.877990 2.597701 6.579627 1.342323 0.000000 0.000000 0.520788
 3050.000000 -296332.656250 409.864185 4.855088 2.570938 6.571590 1.166196 0.000000 0.000000 0.452455
 3052.000000 -297181.781250 409.750684 4.894187 2.622096 6.604576 2.131267 0.000000 0.000000 0.826879
 3054.000000 -296501.781250 409.954482 4.949302 2.548846 6.575805 1.321109 0.000000 0.000000 0.512558
 3056.000000 -296707.093750 409.705167 4.971962 2.532090 6.553264 0.825476 0.000000 0.000000 0.320264
 3058.000000 -297388.843750 409.544640 4.979262 2.510645 6.532009 0.465269 0.000000 0.000000 0.180513
 3060.000000 -297022.718750 409.095255 4.936618 2.525001 6.537790 0.574433 0.000000 0.000000 0.222866
 3062.000000 -297774.062500 409.078156 5.011686 2.532616 6.532531 0.504517 0.000000 0.000000 0.195740
 3064.000000 -297932.593750 408.142359 4.994121 2.535864 6.614706 2.690324 0.000000 0.000000 1.043779
 3066.000000 -297330.062500 409.471948 4.983730 2.501471 6.537340 0.618469 0.000000 0.000000 0.239951
 3068.000000 -296701.375000 409.582374 4.971971 2.511811 6.591916 1.981857 0.000000 0.000000 0.768911
 3070.000000 -297017.656250 410.613856 5.048350 2.526823 6.526552 0.473580 0.000000 0.000000 0.183738
 3072.000000 -296161.968750 409.713553 4.979498 2.523956 6.474104 0.012760 0.000000 0.000000 0.004951
 3074.000000 -296707.125000 410.430232 5.020934 2.461366 6.508211 0.255504 0.000000 0.000000 0.099129
 3076.000000 -297581.062500 409.863172 4.999743 2.487029 6.477289 0.029218 0.000000 0.000000 0.011336
 3078.000000 -297014.125000 409.665230 4.993664 2.480143 6.504782 0.239613 0.000000 0.000000 0.092964
 3080.000000 -298258.687500 409.801517 5.060745 2.508065 6.569473 1.498029 0.000000 0.000000 0.581198
 3082.000000 -297111.750000 409.434786 5.009121 2.464928 6.569874 1.536633 0.000000 0.000000 0.596176
 3084.000000 -296426.562500 410.028944 5.016919 2.518260 6.525807 0.574723 0.000000 0.000000 0.222978
 3086.000000 -296959.406250 411.617298 4.976949 2.496359 6.526594 0.605418 0.000000 0.000000 0.234887
 3088.000000 -297785.125000 411.818877 4.952352 2.477313 6.553702 1.193204 0.000000 0.000000 0.462934
 3090.000000 -298179.812500 410.308560 4.964863 2.550458 6.535840 0.816891 0.000000 0.000000 0.316933
 3092.000000 -297108.562500 410.128378 5.009834 2.566809 6.557238 1.332266 0.000000 0.000000 0.516886
 3094.000000 -296864.500000 410.034057 5.013153 2.585778 6.594458 2.501307 0.000000 0.000000 0.970446
 3096.000000 -297537.937500 410.541190 5.020030 2.601727 6.489550 0.176247 0.000000 0.000000 0.068379
 3098.000000 -297643.093750 409.923336 4.952064 2.645044 6.546978 1.151471 0.000000 0.000000 0.446742
 3100.000000 -296966.031250 409.321078 4.960177 2.632440 6.522613 0.659082 0.000000 0.000000 0.255708
 3102.000000 -296965.437500 409.428042 4.986707 2.613701 6.587804 2.408333 0.000000 0.000000 0.934374
 3104.000000 -297685.562500 409.434735 4.951959 2.541037 6.615064 3.488789 0.000000 0.000000 1.353564
 3106.000000 -298138.000000 410.145578 4.986038 2.560444 6.523161 0.725053 0.000000 0.000000 0.281303
 3108.000000 -297318.562500 407.803093 4.972339 2.533907 6.518312 0.653624 0.000000 0.000000 0.253590
 3110.000000 -297258.343750 408.163855 4.953887 2.556326 6.531308 0.931128 0.000000 0.000000 0.361255
 3112.000000 -298832.218750 407.673453 5.000759 2.515636 6.624305 4.063738 0.000000 0.000000 1.576630
 3114.000000 -298681.000000 409.606715 4.978706 2.504554 6.570340 2.026930 0.000000 0.000000 0.786399
 3116.000000 -298331.250000 409.910087 5.004352 2.475296 6.562845 1.825440 0.000000 0.000000 0.708226
 3118.000000 -298476.625000 408.735021 4.899284 2.453549 6.583403 2.534810 0.000000 0.000000 0.983444
 3120.000000 -298032.781250 408.314634 4.973473 2.488425 6.590298 2.823682 0.000000 0.000000 1.095519
 3122.000000 -297950.875000 408.888605 4.980127 2.457617 6.592171 2.932654 0.000000 0.000000 1.137798
 3124.000000 -296975.812500 408.801355 4.984068 2.446160 6.585599 2.723188 0.000000 0.000000 1.056530
 3126.000000 -296856.093750 408.573142 4.965733 2.460963 6.539195 1.305479 0.000000 0.000000 0.506493
 3128.000000 -297380.750000 410.327598 4.968778 2.449239 6.539176 1.330667 0.000000 0.000000 0.516266
 3130.000000 -297755.406250 411.651629 4.977602 2.427208 6.644747 5.499203 0.000000 0.000000 2.133555
 3132.000000 -296166.000000 411.064249 5.039440 2.456680 6.573980 2.449305 0.000000 0.000000 0.950270
 3134.000000 -297661.812500 411.350278 5.015333 2.517161 6.560390 2.028535 0.000000 0.000000 0.787021
 3136.000000 -297716.875000 410.553878 4.993582 2.458682 6.575611 2.578023 0.000000 0.000000 1.000209
 3138.000000 -297565.343750 409.952665 5.024237 2.464752 6.643014 5.618755 0.000000 0.000000 2.179938
 3140.000000 -297496.843750 409.247834 4.933664 2.433392 6.529369 1.234266 0.000000 0.000000 0.478865
 3142.000000 -298142.750000 408.919322 4.977546 2.442150 6.538591 1.501278 0.000000 0.000000 0.582459
 3144.000000 -296763.937500 408.998338 4.915347 2.459198 6.548500 1.815030 0.000000 0.000000 0.704187
 3146.000000 -297288.781250 409.959273 4.851050 2.470885 6.601406 3.802179 0.000000 0.000000 1.475152
 3148.000000 -297695.250000 408.750290 4.845093 2.471919 6.531429 1.389417 0.000000 0.000000 0.539059
 3150.000000 -297648.781250 408.667289 4.865883 2.480416 6.507980 0.860711 0.000000 0.000000 0.333935
 3152.000000 -297455.781250 408.297714 4.891872 2.467191 6.496946 0.665141 0.000000 0.000000 0.258058
 3154.000000 -297568.937500 409.286613 4.872995 2.504219 6.556454 2.226251 0.000000 0.000000 0.863730
 3156.000000 -296991.375000 409.130600 4.927792 2.548273 6.544706 1.882099 0.000000 0.000000 0.730208
 3158.000000 -297550.656250 410.674167 4.935671 2.486728 6.525298 1.359747 0.000000 0.000000 0.527548
 3160.000000 -297544.968750 409.339424 4.905680 2.499671 6.530850 1.535966 0.000000 0.000000 0.595917
 3162.000000 -297933.312500 409.659232 4.958289 2.494855 6.546981 2.047397 0.000000 0.000000 0.794339
 3164.000000 -296111.312500 410.619639 4.944500 2.510835 6.562435 2.607675 0.000000 0.000000 1.011714
 3166.000000 -296928.937500 410.096239 4.954913 2.496396 6.529912 1.593653 0.000000 0.000000 0.618298
 3168.000000 -297382.062500 409.673275 4.917685 2.511121 6.465995 0.312442 0.000000 0.000000 0.121220
 3170.000000 -297494.750000 409.123806 4.904458 2.490076 6.444352 0.107693 0.000000 0.000000 0.041782
 3172.000000 -295990.343750 409.217275 4.892747 2.476406 6.451955 0.180070 0.000000 0.000000 0.069863
 3174.000000 -298116.125000 406.525010 4.923368 2.438233 6.380677 0.130594 0.000000 0.000000 0.050667
 3176.000000 -297397.625000 407.778074 4.892737 2.476502 6.407813 0.002191 0.000000 0.000000 0.000850
 3178.000000 -296451.718750 408.145734 4.987836 2.432887 6.433091 0.061000 0.000000 0.000000 0.023667
 3180.000000 -298060.781250 409.003925 4.959200 2.512602 6.466793 0.403178 0.000000 0.000000 0.156423
 3182.000000 -298254.468750 409.670510 5.008046 2.443189 6.489477 0.809573 0.000000 0.000000 0.314094
 3184.000000 -297641.531250 410.623382 5.046898 2.469445 6.590057 4.143105 0.000000 0.000000 1.607423
 3186.000000 -296812.281250 412.162670 5.017357 2.475022 6.517533 1.527192 0.000000 0.000000 0.592513
 3188.000000 -297312.156250 411.207669 4.966437 2.419275 6.450460 0.247082 0.000000 0.000000 0.095862
 3190.000000 -297411.625000 410.126898 4.986229 2.452332 6.474876 0.610325 0.000000 0.000000 0.236791
 3192.000000 -296107.906250 410.031605 4.982139 2.494122 6.474310 0.617929 0.000000 0.000000 0.239741
 3194.000000 -296680.000000 409.521458 4.969285 2.498447 6.473188 0.615787 0.000000 0.000000 0.238910
 3196.000000 -296935.093750 409.021294 4.980110 2.531808 6.518615 1.699875 0.000000 0.000000 0.659510
 3198.000000 -297087.968750 410.176477 4.996222 2.477285 6.491411 1.021762 0.000000 0.000000 0.396419
 3200.000000 -296997.718750 410.016869 5.005843 2.505486 6.476495 0.731438 0.000000 0.000000 0.283780
 3202.000000 -296745.343750 409.230037 5.006381 2.541257 6.497703 1.217782 0.000000 0.000000 0.472469
 3204.000000 -297024.937500 410.864357 5.044149 2.553241 6.542587 2.613164 0.000000 0.000000 1.013843
 3206.000000 -296827.000000 409.377502 4.995687 2.541749 6.532239 2.286194 0.000000 0.000000 0.886987
 3208.000000 -296432.906250 409.505444 4.978439 2.523356 6.466124 0.614667 0.000000 0.000000 0.238476
 3210.000000 -296342.343750 410.848705 4.975766 2.540994 6.599208 5.212631 0.000000 0.000000 2.022372
 3212.000000 -296869.843750 411.209225 5.026655 2.518617 6.537375 2.569532 0.000000 0.000000 0.996915
 3214.000000 -296713.781250 410.674063 5.027734 2.533048 6.515455 1.874401 0.000000 0.000000 0.727221
 3216.000000 -296048.656250 410.638051 4.941996 2.530166 6.508947 1.709583 0.000000 0.000000 0.663276
 3218.000000 -295769.406250 411.840518 5.000079 2.561418 6.543047 2.889796 0.000000 0.000000 1.121170
 3220.000000 -296725.968750 411.238843 4.997570 2.564192 6.478257 0.973659 0.000000 0.000000 0.377756
 3222.000000 -296881.875000 411.518869 5.019547 2.540234 6.544582 3.025717 0.000000 0.000000 1.173903
 3224.000000 -296837.187500 410.244471 4.966574 2.571235 6.512311 1.931640 0.000000 0.000000 0.749429
 3226.000000 -296039.812500 411.021218 5.009897 2.563791 6.544651 3.106728 0.000000 0.000000 1.205334
 3228.000000 -296825.875000 410.674606 4.993875 2.586996 6.547054 3.242315 0.000000 0.000000 1.257938
 3230.000000 -297022.156250 410.475890 4.960737 2.557176 6.484622 1.240574 0.000000 0.000000 0.481312
 3232.000000 -297725.343750 410.096845 4.974209 2.582656 6.500981 1.710575 0.000000 0.000000 0.663661
 3234.000000 -297709.625000 409.612098 5.057810 2.521354 6.542406 3.176284 0.000000 0.000000 1.232320
 3236.000000 -296801.687500 409.463068 5.047461 2.567419 6.472160 1.016098 0.000000 0.000000 0.394221
 3238.000000 -297049.218750 409.453410 5.027052 2.546200 6.466111 0.905496 0.000000 0.000000 0.351310
 3240.000000 -297160.406250 410.151993 4.980187 2.538098 6.389839 0.012100 0.000000 0.000000 0.004694
 3242.000000 -297161.406250 408.657993 4.976082 2.596965 6.458492 0.789875 0.000000 0.000000 0.306452
 3244.000000 -298549.843750 408.344541 5.009836 2.595201 6.405896 0.097275 0.000000 0.000000 0.037740
 3246.000000 -298155.937500 409.057566 5.000218 2.607642 6.377346 0.000015 0.000000 0.000000 0.000006
 3248.000000 -297913.843750 408.717807 5.023886 2.626287 6.461199 0.907350 0.000000 0.000000 0.352030
 3250.000000 -296003.687500 409.005401 5.031855 2.658220 6.393735 0.043876 0.000000 0.000000 0.017023
 3252.000000 -296152.687500 409.007619 5.030541 2.644637 6.474677 1.266982 0.000000 0.000000 0.491558
 3254.000000 -297410.593750 408.776637 5.036666 2.575517 6.464407 1.044395 0.000000 0.000000 0.405199
 3256.000000 -296808.468750 410.050539 4.958137 2.573066 6.471722 1.243062 0.000000 0.000000 0.482277
 3258.000000 -297755.906250 409.908051 4.994892 2.607055 6.569299 4.915316 0.000000 0.000000 1.907021
 3260.000000 -296973.312500 409.696195 5.016329 2.624519 6.497985 2.047532 0.000000 0.000000 0.794392
 3262.000000 -297698.125000 409.179819 5.113997 2.569417 6.471272 1.307442 0.000000 0.000000 0.507255
 3264.000000 -297568.562500 410.485753 5.095848 2.594324 6.532754 3.393001 0.000000 0.000000 1.316401
 3266.000000 -297899.812500 410.739878 5.041293 2.600486 6.547793 4.085768 0.000000 0.000000 1.585177
 3268.000000 -296669.187500 410.975535 5.039147 2.583073 6.538588 3.723345 0.000000 0.000000 1.444566
 3270.000000 -296664.718750 411.351841 5.035986 2.569495 6.536682 3.684345 0.000000 0.000000 1.429435
 3272.000000 -296820.187500 410.293486 5.084736 2.584730 6.570544 5.332541 0.000000 0.000000 2.068895
 3274.000000 -298157.062500 410.292951 5.121239 2.640154 6.602318 7.159150 0.000000 0.000000 2.777574
 3276.000000 -298131.343750 410.338638 5.083683 2.608485 6.586558 6.303269 0.000000 0.000000 2.445513
 3278.000000 -297789.093750 410.768587 5.044865 2.598430 6.545077 4.235540 0.000000 0.000000 1.643285
 3280.000000 -298029.156250 410.082533 5.058681 2.596711 6.461000 1.275113 0.000000 0.000000 0.494713
 3282.000000 -297188.187500 411.016144 5.032142 2.605234 6.529907 3.651157 0.000000 0.000000 1.416559
 3284.000000 -295943.593750 409.784818 5.016624 2.645821 6.509115 2.854466 0.000000 0.000000 1.107462
 3286.000000 -297109.562500 409.448340 5.012000 2.653372 6.460176 1.330666 0.000000 0.000000 0.516266
 3288.000000 -297489.125000 409.650663 5.071351 2.596713 6.515936 3.197433 0.000000 0.000000 1.240525
 3290.000000 -298420.093750 409.293569 5.103174 2.622767 6.549495 4.728560 0.000000 0.000000 1.834565
 3292.000000 -298035.812500 410.907381 5.040390 2.665276 6.504677 2.837934 0.000000 0.000000 1.101048
 3294.000000 -297656.406250 411.311442 5.070306 2.636959 6.604816 7.926404 0.000000 0.000000 3.075249
 3296.000000 -297677.312500 410.775979 5.122692 2.624804 6.634250 9.958101 0.000000 0.000000 3.863497
 3298.000000 -297726.750000 410.489804 5.077166 2.639585 6.623918 9.310513 0.000000 0.000000 3.612249
 3300.000000 -296837.562500 410.438662 5.042054 2.632456 6.572753 6.202375 0.000000 0.000000 2.406369
 3302.000000 -297028.218750 410.636064 5.069294 2.593109 6.588835 7.190089 0.000000 0.000000 2.789577
 3304.000000 -297592.500000 411.081837 5.075414 2.586216 6.604559 8.227838 0.000000 0.000000 3.192198
 3306.000000 -295794.468750 411.030633 5.060190 2.662372 6.507596 3.223872 0.000000 0.000000 1.250783
 3308.000000 -297378.031250 410.152983 5.028547 2.617185 6.528508 4.163625 0.000000 0.000000 1.615384
 3310.000000 -297154.093750 408.403326 5.062944 2.673918 6.528851 4.225149 0.000000 0.000000 1.639254
 3312.000000 -298718.937500 408.067662 5.089026 2.664315 6.497379 2.940658 0.000000 0.000000 1.140903
 3314.000000 -298323.125000 409.177015 5.070577 2.651461 6.544650 5.082853 0.000000 0.000000 1.972022
 3316.000000 -297523.250000 410.818675 5.058014 2.689163 6.528653 4.354928 0.000000 0.000000 1.689604
 3318.000000 -298057.250000 410.807974 5.111892 2.699420 6.499555 3.142470 0.000000 0.000000 1.219201
 3320.000000 -298233.968750 410.154039 5.164153 2.680989 6.545283 5.267637 0.000000 0.000000 2.043713
 3322.000000 -296968.531250 409.472025 5.117125 2.651058 6.556217 5.897892 0.000000 0.000000 2.288237
 3324.000000 -298868.937500 408.480341 5.130840 2.631152 6.569929 6.723904 0.000000 0.000000 2.608709
 3326.000000 -298938.968750 408.463838 5.094940 2.652349 6.506122 3.575264 0.000000 0.000000 1.387114
 3328.000000 -297960.156250 408.429673 5.050685 2.685274 6.508445 3.717157 0.000000 0.000000 1.442165
 3330.000000 -297713.531250 409.139564 5.085727 2.635397 6.514802 4.041102 0.000000 0.000000 1.567848
 3332.000000 -297034.281250 409.565749 5.002537 2.653867 6.568903 6.897432 0.000000 0.000000 2.676034
 3334.000000 -297006.937500 410.981159 5.107910 2.677912 6.601297 8.997883 0.000000 0.000000 3.490957
 3336.000000 -297746.531250 410.373026 5.037477 2.686249 6.602318 9.134001 0.000000 0.000000 3.543767
 3338.000000 -296589.187500 411.414827 5.052481 2.660912 6.590395 8.410753 0.000000 0.000000 3.263165
 3340.000000 -295832.156250 412.383023 5.118972 2.651566 6.589344 8.407419 0.000000 0.000000 3.261871
 3342.000000 -296505.000000 410.880646 5.122625 2.663542 6.543416 5.746767 0.000000 0.000000 2.229604
 3344.000000 -296382.468750 410.061043 5.074988 2.647870 6.509558 4.120420 0.000000 0.000000 1.598621
 3346.000000 -296644.531250 409.815566 5.018021 2.663270 6.563212 6.974522 0.000000 0.000000 2.705942
 3348.000000 -296123.093750 410.267384 4.995583 2.655470 6.619083 10.737228 0.000000 0.000000 4.165780
 3350.000000 -296708.250000 410.502775 5.104512 2.589572 6.653537 13.492073 0.000000 0.000000 5.234592
 3352.000000 -298213.406250 410.044476 5.027774 2.574471 6.665260 14.557295 0.000000 0.000000 5.647871
 3354.000000 -298340.843750 409.922291 5.101580 2.567512 6.615329 10.682046 0.000000 0.000000 4.144370
 3356.000000 -297422.781250 409.513658 5.093321 2.585847 6.590254 8.995032 0.000000 0.000000 3.489850
 3358.000000 -296619.843750 409.493741 5.064652 2.619186 6.587230 8.859829 0.000000 0.000000 3.437395
 3360.000000 -297105.281250 408.413834 5.100723 2.637088 6.537146 5.894043 0.000000 0.000000 2.286743
 3362.000000 -296923.625000 409.680615 5.058039 2.589080 6.545088 6.389462 0.000000 0.000000 2.478954
 3364.000000 -297117.312500 409.119734 5.044629 2.592578 6.584657 8.888237 0.000000 0.000000 3.448417
 3366.000000 -296994.375000 408.836792 5.098458 2.595024 6.629651 12.218807 0.000000 0.000000 4.740596
 3368.000000 -297370.312500 410.072000 5.055013 2.583069 6.629921 12.318310 0.000000 0.000000 4.779201
 3370.000000 -296961.968750 408.147331 5.017995 2.575185 6.598265 10.029906 0.000000 0.000000 3.891356
 3372.000000 -297428.125000 409.632533 5.030549 2.592586 6.554760 7.245667 0.000000 0.000000 2.811140
 3374.000000 -297618.406250 408.457671 5.032493 2.608894 6.543636 6.649149 0.000000 0.000000 2.579706
 3376.000000 -298026.062500 409.102017 5.001555 2.599027 6.543985 6.727144 0.000000 0.000000 2.609966
 3378.000000 -297528.750000 409.475904 5.064134 2.616610 6.513516 5.126611 0.000000 0.000000 1.988999
 3380.000000 -297996.250000 408.705756 5.067096 2.633748 6.554681 7.483572 0.000000 0.000000 2.903442
 3382.000000 -297207.343750 409.048951 5.055465 2.666826 6.579247 9.129191 0.000000 0.000000 3.541901
 3384.000000 -296847.250000 410.597031 5.094486 2.635722 6.541607 6.821506 0.000000 0.000000 2.646576
 3386.000000 -296925.781250 410.639914 5.048211 2.579610 6.539803 6.774679 0.000000 0.000000 2.628408
 3388.000000 -296268.687500 410.777905 5.045389 2.619076 6.529700 6.255239 0.000000 0.000000 2.426879
 3390.000000 -297130.375000 409.992679 5.066040 2.610405 6.580043 9.456053 0.000000 0.000000 3.668715
 3392.000000 -296447.187500 411.479833 5.076872 2.580542 6.524447 6.074623 0.000000 0.000000 2.356804
 3394.000000 -296452.531250 410.390959 5.013671 2.662761 6.544287 7.277436 0.000000 0.000000 2.823466
 3396.000000 -296822.156250 408.774205 5.019072 2.635198 6.500444 4.922494 0.000000 0.000000 1.909806
 3398.000000 -297541.156250 409.046300 4.971574 2.608037 6.520302 6.011655 0.000000 0.000000 2.332374
 3400.000000 -297193.437500 409.356634 4.968610 2.632183 6.547289 7.643993 0.000000 0.000000 2.965681
 3402.000000 -297430.218750 410.440004 4.995771 2.593944 6.493519 4.729711 0.000000 0.000000 1.835011
 3404.000000 -297245.656250 410.483901 5.050863 2.611673 6.440977 2.555295 0.000000 0.000000 0.991391
 3406.000000 -297188.406250 410.623355 5.069350 2.626705 6.529810 6.775059 0.000000 0.000000 2.628556
 3408.000000 -297368.343750 409.624802 5.006099 2.642832 6.457409 3.256589 0.000000 0.000000 1.263476
 3410.000000 -297061.125000 409.914014 5.054961 2.624427 6.390956 1.150950 0.000000 0.000000 0.446540
 3412.000000 -297863.250000 409.736536 5.069652 2.646194 6.487518 4.681139 0.000000 0.000000 1.816166
 3414.000000 -298057.562500 409.730256 5.137015 2.646675 6.456199 3.329228 0.000000 0.000000 1.291658
 3416.000000 -297890.812500 408.702786 5.176741 2.685405 6.483943 4.605276 0.000000 0.000000 1.786733
 3418.000000 -298257.093750 409.604206 5.088816 2.672511 6.493748 5.138334 0.000000 0.000000 1.993547
 3420.000000 -298757.656250 409.585625 5.082747 2.652522 6.503276 5.685831 0.000000 0.000000 2.205962
 3422.000000 -298887.500000 410.389361 5.119146 2.605812 6.533713 7.485578 0.000000 0.000000 2.904220
 3424.000000 -297269.468750 410.486335 5.035330 2.590623 6.490079 5.104479 0.000000 0.000000 1.980412
 3426.000000 -297352.656250 410.974108 5.167739 2.673435 6.537398 7.837370 0.000000 0.000000 3.040706
 3428.000000 -296851.593750 411.924631 5.154060 2.663529 6.458524 3.720550 0.000000 0.000000 1.443482
 3430.000000 -297356.562500 410.558483 5.141448 2.659352 6.432111 2.705199 0.000000 0.000000 1.049550
 3432.000000 -296457.656250 411.200203 5.123231 2.715960 6.494004 5.512718 0.000000 0.000000 2.138799
 3434.000000 -296814.843750 411.247508 5.162248 2.683370 6.454648 3.682864 0.000000 0.000000 1.428860
 3436.000000 -295989.406250 411.500770 5.154743 2.710307 6.459870 3.954713 0.000000 0.000000 1.534331
 3438.000000 -296765.781250 411.823099 5.134968 2.691331 6.456492 3.849691 0.000000 0.000000 1.493585
 3440.000000 -297068.937500 411.546983 5.190101 2.670289 6.500478 6.076317 0.000000 0.000000 2.357461
 3442.000000 -296730.781250 411.849660 5.175603 2.584276 6.578499 11.212440 0.000000 0.000000 4.350150
 3444.000000 -297477.031250 409.985926 5.198733 2.615112 6.514859 7.012789 0.000000 0.000000 2.720789
 3446.000000 -296268.343750 409.936654 5.109494 2.605841 6.556000 9.730118 0.000000 0.000000 3.775046
 3448.000000 -297288.093750 411.244253 5.114435 2.571790 6.557243 9.887238 0.000000 0.000000 3.836004
 3450.000000 -298795.406250 409.926407 5.123566 2.590336 6.565781 10.569164 0.000000 0.000000 4.100575
 3452.000000 -297344.781250 410.408969 5.051776 2.609022 6.550986 9.590144 0.000000 0.000000 3.720739
 3454.000000 -297250.250000 410.595180 5.043798 2.620347 6.540938 8.973848 0.000000 0.000000 3.481632
 3456.000000 -297745.812500 410.057047 5.044548 2.595172 6.594003 12.960775 0.000000 0.000000 5.028461
 3458.000000 -296394.531250 410.393216 5.024446 2.588479 6.545132 9.393544 0.000000 0.000000 3.644463
 3460.000000 -296711.062500 411.506367 5.071984 2.633054 6.564218 10.820523 0.000000 0.000000 4.198096
 3462.000000 -297602.437500 411.539244 5.088384 2.621562 6.619070 15.318585 0.000000 0.000000 5.943233
 3464.000000 -296875.656250 410.955537 5.090892 2.631859 6.593286 13.226373 0.000000 0.000000 5.131507
 3466.000000 -297102.937500 409.662985 5.037966 2.637606 6.580581 12.291595 0.000000 0.000000 4.768836
 3468.000000 -297122.375000 410.443356 5.111223 2.603964 6.558224 10.674322 0.000000 0.000000 4.141374
 3470.000000 -296998.500000 410.889186 5.083753 2.605012 6.619200 15.682165 0.000000 0.000000 6.084293
 3472.000000 -296673.312500 411.296374 5.116660 2.666327 6.563391 11.204340 0.000000 0.000000 4.347008
 3474.000000 -296344.250000 410.759478 5.105271 2.620859 6.558174 10.890941 0.000000 0.000000 4.225417
 3476.000000 -296923.218750 410.261927 5.123136 2.625909 6.543681 9.917994 0.000000 0.000000 3.847937
 3478.000000 -297716.281250 409.728744 5.134039 2.632710 6.539177 9.672799 0.000000 0.000000 3.752808
 3480.000000 -296916.656250 408.901142 5.113939 2.605915 6.614064 15.670202 0.000000 0.000000 6.079652
 3482.000000 -297883.531250 410.048695 5.104213 2.610681 6.587300 13.472591 0.000000 0.000000 5.227033
 3484.000000 -298433.343750 409.925036 5.088835 2.613713 6.584037 13.287480 0.000000 0.000000 5.155214
 3486.000000 -297768.875000 409.708398 5.132617 2.633774 6.554849 11.089236 0.000000 0.000000 4.302350
 3488.000000 -297454.031250 409.403397 5.132343 2.592052 6.609574 15.626802 0.000000 0.000000 6.062814
 3490.000000 -297647.093750 408.581942 5.142127 2.622327 6.582211 13.383389 0.000000 0.000000 5.192425
 3492.000000 -297622.875000 409.025692 5.153610 2.641254 6.574416 12.833324 0.000000 0.000000 4.979013
 3494.000000 -297763.031250 410.214496 5.156245 2.636073 6.556801 11.536916 0.000000 0.000000 4.476039
 3496.000000 -296884.093750 410.980249 5.169444 2.717091 6.573362 12.909160 0.000000 0.000000 5.008436
 3498.000000 -298097.937500 411.286066 5.145185 2.685792 6.501364 7.835295 0.000000 0.000000 3.039901
 3500.000000 -298359.531250 410.161003 5.163490 2.694008 6.510503 8.482741 0.000000 0.000000 3.291094
 3502.000000 -298353.187500 409.122882 5.107178 2.703326 6.483718 6.886583 0.000000 0.000000 2.671824
 3504.000000 -298986.843750 408.732618 5.124442 2.653026 6.467092 6.000183 0.000000 0.000000 2.327923
 3506.000000 -297543.343750 408.649170 5.148138 2.679315 6.536596 10.483197 0.000000 0.000000 4.067222
 3508.000000 -297220.250000 407.797004 5.152111 2.704166 6.452281 5.318996 0.000000 0.000000 2.063639
 3510.000000 -297047.500000 408.443079 5.179042 2.725274 6.422698 3.947076 0.000000 0.000000 1.531368
 3512.000000 -296921.000000 409.376226 5.151448 2.669688 6.490388 7.588356 0.000000 0.000000 2.944095
 3514.000000 -298015.406250 408.911309 5.165672 2.644577 6.507650 8.754974 0.000000 0.000000 3.396714
 3516.000000 -297671.000000 407.887216 5.158854 2.664901 6.487927 7.560020 0.000000 0.000000 2.933101
 3518.000000 -297590.500000 408.397503 5.115187 2.661680 6.472675 6.709192 0.000000 0.000000 2.603001
 3520.000000 -296908.593750 408.656629 5.119914 2.623953 6.463378 6.237189 0.000000 0.000000 2.419876
 3522.000000 -296722.468750 409.041716 5.049285 2.627899 6.435243 4.813922 0.000000 0.000000 1.867683
 3524.000000 -296712.437500 409.492463 5.085994 2.559923 6.445456 5.379736 0.000000 0.000000 2.087205
 3526.000000 -296533.781250 410.082183 5.138387 2.579779 6.416032 4.006575 0.000000 0.000000 1.554452
 3528.000000 -296791.125000 409.634225 5.126622 2.597912 6.385685 2.800699 0.000000 0.000000 1.086602
 3530.000000 -296644.500000 409.045619 5.105253 2.601624 6.464230 6.568306 0.000000 0.000000 2.548341
 3532.000000 -297067.875000 409.395637 5.128098 2.590165 6.430149 4.809285 0.000000 0.000000 1.865884
 3534.000000 -297222.687500 409.318563 5.166670 2.579779 6.538472 11.664167 0.000000 0.000000 4.525409
 3536.000000 -296536.468750 410.329691 5.129383 2.600283 6.537672 11.679443 0.000000 0.000000 4.531336
 3538.000000 -296680.937500 410.002153 5.113345 2.584512 6.467462 6.989279 0.000000 0.000000 2.711668
 3540.000000 -296976.625000 411.080378 5.102321 2.552210 6.419688 4.497704 0.000000 0.000000 1.744998
 3542.000000 -297067.062500 410.166912 5.027988 2.551312 6.429300 5.015016 0.000000 0.000000 1.945703
 3544.000000 -296860.937500 409.244214 5.047460 2.561075 6.407113 4.010192 0.000000 0.000000 1.555856
 3546.000000 -297928.562500 408.839528 5.030613 2.606242 6.375851 2.769578 0.000000 0.000000 1.074528
 3548.000000 -297261.812500 410.302060 5.016202 2.561659 6.429472 5.175093 0.000000 0.000000 2.007809
 3550.000000 -298079.375000 410.037556 5.043567 2.591381 6.428057 5.154000 0.000000 0.000000 1.999625
 3552.000000 -298029.281250 409.542577 5.058881 2.602559 6.421341 4.867930 0.000000 0.000000 1.888637
 3554.000000 -298982.562500 409.245851 5.071966 2.600552 6.435044 5.620336 0.000000 0.000000 2.180552
 3556.000000 -297704.593750 409.136771 5.103552 2.594565 6.383985 3.279905 0.000000 0.000000 1.272522
 3558.000000 -297407.937500 408.599662 5.090454 2.602338 6.465557 7.476026 0.000000 0.000000 2.900514
 3560.000000 -297777.906250 409.376975 5.082058 2.573521 6.364559 2.612149 0.000000 0.000000 1.013449
 3562.000000 -297544.000000 409.461736 5.084286 2.579903 6.368707 2.801523 0.000000 0.000000 1.086922
 3564.000000 -297591.906250 409.780435 5.054248 2.567723 6.400673 4.171161 0.000000 0.000000 1.618307
 3566.000000 -297293.781250 410.907175 5.082857 2.587810 6.445743 6.540396 0.000000 0.000000 2.537512
 3568.000000 -297508.968750 410.033845 5.008259 2.623147 6.391841 3.864998 0.000000 0.000000 1.499524
 3570.000000 -296996.218750 409.634131 5.057203 2.658166 6.426735 5.603970 0.000000 0.000000 2.174202
 3572.000000 -296357.156250 409.863998 5.061355 2.612374 6.470851 8.246543 0.000000 0.000000 3.199455
 3574.000000 -296113.375000 409.914615 5.055569 2.637549 6.468760 8.176667 0.000000 0.000000 3.172345
 3576.000000 -296938.187500 411.089713 5.085072 2.611222 6.524873 12.236184 0.000000 0.000000 4.747338
 3578.000000 -297069.968750 410.671470 5.068305 2.632804 6.500664 10.488187 0.000000 0.000000 4.069158
 3580.000000 -297309.531250 409.858004 5.047267 2.634599 6.494545 10.120701 0.000000 0.000000 3.926583
 3582.000000 -296703.968750 410.485175 5.117671 2.632656 6.491708 9.990466 0.000000 0.000000 3.876055
 3584.000000 -297493.468750 409.816131 5.059226 2.608383 6.493102 10.160400 0.000000 0.000000 3.941985
 3586.000000 -297775.000000 410.183400 5.143138 2.635873 6.468900 8.573973 0.000000 0.000000 3.326490
 3588.000000 -297837.250000 410.062816 5.118687 2.626478 6.379609 3.767507 0.000000 0.000000 1.461700
 3590.000000 -296682.718750 410.823159 5.150977 2.607644 6.373939 3.567548 0.000000 0.000000 1.384121
 3592.000000 -296512.843750 410.837154 5.131610 2.594302 6.385698 4.126776 0.000000 0.000000 1.601087
 3594.000000 -295884.687500 410.514753 5.117225 2.612008 6.370343 3.500462 0.000000 0.000000 1.358093
 3596.000000 -295825.750000 409.757350 5.051270 2.554221 6.333852 2.173117 0.000000 0.000000 0.843116
 3598.000000 -296342.562500 409.271441 5.048149 2.603437 6.375988 3.827618 0.000000 0.000000 1.485021
 3600.000000 -296173.062500 410.733252 5.048749 2.614446 6.409532 5.487957 0.000000 0.000000 2.129192
 3602.000000 -295915.843750 410.220428 5.056758 2.596482 6.396455 4.873573 0.000000 0.000000 1.890826
 3604.000000 -296765.218750 409.378222 5.044497 2.587603 6.394539 4.828453 0.000000 0.000000 1.873321
 3606.000000 -295924.906250 410.627020 5.102101 2.590360 6.396608 4.980418 0.000000 0.000000 1.932279
 3608.000000 -296679.156250 412.012448 5.095355 2.587254 6.348289 2.898987 0.000000 0.000000 1.124735
 3610.000000 -297163.718750 411.463959 5.052809 2.609986 6.377246 4.151722 0.000000 0.000000 1.610766
 3612.000000 -296239.687500 409.696074 5.011318 2.600399 6.308211 1.630523 0.000000 0.000000 0.632603
 3614.000000 -297705.531250 411.226210 5.068540 2.631943 6.376083 4.189912 0.000000 0.000000 1.625583
 3616.000000 -296469.562500 411.712481 5.041526 2.616977 6.397706 5.289382 0.000000 0.000000 2.052150
 3618.000000 -297130.468750 410.716623 5.017544 2.673004 6.356072 3.406087 0.000000 0.000000 1.321478
 3620.000000 -295295.375000 410.607944 5.091999 2.633910 6.311721 1.852009 0.000000 0.000000 0.718534
 3622.000000 -296614.750000 411.161963 5.121001 2.647900 6.335343 2.677049 0.000000 0.000000 1.038629
 3624.000000 -298171.781250 411.145523 5.131779 2.637589 6.366352 3.976189 0.000000 0.000000 1.542663
 3626.000000 -297183.750000 411.318007 5.108910 2.691605 6.339293 2.899154 0.000000 0.000000 1.124800
 3628.000000 -296527.312500 410.241909 5.128376 2.649723 6.409654 6.252635 0.000000 0.000000 2.425868
 3630.000000 -297125.843750 410.190324 5.087103 2.593607 6.420707 6.944745 0.000000 0.000000 2.694390
 3632.000000 -296846.156250 411.445940 5.061438 2.641173 6.386754 5.138635 0.000000 0.000000 1.993664
 3634.000000 -297598.437500 411.008125 5.078948 2.606491 6.344060 3.242541 0.000000 0.000000 1.258026
 3636.000000 -296783.437500 410.342834 5.063401 2.587513 6.224195 0.222550 0.000000 0.000000 0.086344
 3638.000000 -297498.656250 410.982940 5.113392 2.596104 6.326057 2.630177 0.000000 0.000000 1.020444
 3640.000000 -297707.875000 410.877960 5.065852 2.554382 6.329515 2.794329 0.000000 0.000000 1.084131
 3642.000000 -298025.093750 410.406530 5.030422 2.528395 6.366983 4.417195 0.000000 0.000000 1.713763
 3644.000000 -298497.312500 410.369359 5.008071 2.570458 6.385237 5.368415 0.000000 0.000000 2.082812
 3646.000000 -297971.656250 410.596604 5.062545 2.564545 6.367975 4.558919 0.000000 0.000000 1.768748
 3648.000000 -296301.000000 410.448907 5.061099 2.531719 6.372389 4.821100 0.000000 0.000000 1.870468
 3650.000000 -296717.468750 410.802794 5.083139 2.553928 6.403525 6.527965 0.000000 0.000000 2.532689
 3652.000000 -297208.156250 410.597272 5.047776 2.600814 6.349724 3.859870 0.000000 0.000000 1.497534
 3654.000000 -297685.406250 410.452165 5.079701 2.543003 6.271140 1.203930 0.000000 0.000000 0.467095
 3656.000000 -297401.250000 410.617569 5.016759 2.531771 6.326749 2.993410 0.000000 0.000000 1.161369
 3658.000000 -297157.531250 410.198150 5.078631 2.562519 6.336291 3.415120 0.000000 0.000000 1.324982
 3660.000000 -297572.437500 410.936277 5.099962 2.577315 6.386536 5.861006 0.000000 0.000000 2.273926
 3662.000000 -297910.750000 410.603624 5.094338 2.602441 6.379896 5.559622 0.000000 0.000000 2.156996
 3664.000000 -297072.812500 410.448611 5.074882 2.613281 6.360569 4.635359 0.000000 0.000000 1.798405
 3666.000000 -298454.250000 410.068592 5.109622 2.673592 6.302749 2.303485 0.000000 0.000000 0.893695
 3668.000000 -298609.281250 410.510200 5.125977 2.677430 6.305150 2.420354 0.000000 0.000000 0.939038
 3670.000000 -296718.843750 410.871950 5.074381 2.659869 6.324087 3.163584 0.000000 0.000000 1.227392
 3672.000000 -297038.437500 411.398209 5.138535 2.566247 6.271830 1.453427 0.000000 0.000000 0.563894
 3674.000000 -296472.312500 411.517357 5.212808 2.524246 6.280924 1.738253 0.000000 0.000000 0.674399
 3676.000000 -297090.375000 411.411109 5.120307 2.550711 6.257946 1.150696 0.000000 0.000000 0.446442
 3678.000000 -296898.937500 410.569692 5.146256 2.568044 6.356663 4.785501 0.000000 0.000000 1.856657
 3680.000000 -296529.281250 409.479304 5.136483 2.551720 6.406193 7.576364 0.000000 0.000000 2.939442
 3682.000000 -297509.187500 409.549135 5.132218 2.549514 6.409945 7.871689 0.000000 0.000000 3.054021
 3684.000000 -297454.562500 407.913117 5.082372 2.584342 6.352905 4.748498 0.000000 0.000000 1.842300
 3686.000000 -296672.656250 408.440948 5.044649 2.582531 6.404900 7.681794 0.000000 0.000000 2.980347
 3688.000000 -297516.125000 409.165900 5.105695 2.586359 6.361209 5.263850 0.000000 0.000000 2.042244
 3690.000000 -296486.656250 409.007049 5.174448 2.561716 6.374721 6.034650 0.000000 0.000000 2.341295
 3692.000000 -296731.906250 410.041883 5.150896 2.550176 6.419843 8.834051 0.000000 0.000000 3.427394
 3694.000000 -296352.093750 409.729174 5.210260 2.551004 6.386090 6.791366 0.000000 0.000000 2.634883
 3696.000000 -296899.812500 410.889505 5.115489 2.515655 6.410796 8.371936 0.000000 0.000000 3.248105
 3698.000000 -297905.937500 410.866210 5.112008 2.567843 6.408673 8.299446 0.000000 0.000000 3.219981
 3700.000000 -297839.843750 410.694895 5.140684 2.523522 6.358262 5.421616 0.000000 0.000000 2.103453
 3702.000000 -296850.562500 410.182131 5.146978 2.540732 6.367264 5.954904 0.000000 0.000000 2.310356
 3704.000000 -297055.125000 409.928237 5.122911 2.513783 6.383387 6.925904 0.000000 0.000000 2.687080
 3706.000000 -296566.937500 411.031074 5.118109 2.487137 6.383296 6.979490 0.000000 0.000000 2.707870
 3708.000000 -296655.718750 410.734209 5.176284 2.490576 6.418315 9.269432 0.000000 0.000000 3.596311
 3710.000000 -296221.187500 409.713840 5.215125 2.470267 6.393152 7.697441 0.000000 0.000000 2.986417
 3712.000000 -297390.187500 410.517766 5.170309 2.449178 6.395622 7.914216 0.000000 0.000000 3.070521
 3714.000000 -297270.187500 409.648055 5.158253 2.468968 6.347404 5.222603 0.000000 0.000000 2.026241
 3716.000000 -296864.625000 410.994534 5.196485 2.505124 6.393769 7.923481 0.000000 0.000000 3.074115
 3718.000000 -295991.750000 412.471663 5.207914 2.515284 6.455535 12.366509 0.000000 0.000000 4.797900
 3720.000000 -297005.093750 412.274187 5.199819 2.467325 6.412716 9.296768 0.000000 0.000000 3.606917
 3722.000000 -296066.281250 412.637408 5.208142 2.498603 6.347606 5.439578 0.000000 0.000000 2.110422
 3724.000000 -297526.593750 411.344969 5.217695 2.505826 6.413971 9.519991 0.000000 0.000000 3.693522
 3726.000000 -296992.687500 411.221640 5.292802 2.514168 6.337460 5.023018 0.000000 0.000000 1.948807
 3728.000000 -296734.781250 411.358676 5.291088 2.491709 6.381416 7.528599 0.000000 0.000000 2.920911
 3730.000000 -297274.656250 410.338485 5.311337 2.476070 6.443061 11.862734 0.000000 0.000000 4.602448
 3732.000000 -295941.437500 410.955631 5.364863 2.492978 6.459369 13.233086 0.000000 0.000000 5.134111
 3734.000000 -296541.687500 410.954934 5.231904 2.457570 6.451617 12.689568 0.000000 0.000000 4.923239
 3736.000000 -296318.812500 410.874421 5.266154 2.480113 6.465848 13.931808 0.000000 0.000000 5.405198
 3738.000000 -295408.906250 410.752865 5.181708 2.440394 6.401244 9.129007 0.000000 0.000000 3.541830
 3740.000000 -296316.187500 411.766534 5.233202 2.474440 6.372824 7.370454 0.000000 0.000000 2.859554
 3742.000000 -297611.843750 410.639730 5.197410 2.458986 6.344342 5.796520 0.000000 0.000000 2.248907
 3744.000000 -297443.781250 409.184574 5.186398 2.472330 6.400110 9.255497 0.000000 0.000000 3.590905
 3746.000000 -297171.187500 409.846988 5.187913 2.468198 6.380290 8.019459 0.000000 0.000000 3.111352
 3748.000000 -297293.437500 409.988208 5.173813 2.496435 6.388129 8.588982 0.000000 0.000000 3.332313
 3750.000000 -295952.750000 410.266345 5.194098 2.469792 6.356082 6.674840 0.000000 0.000000 2.589673
 3752.000000 -296694.406250 410.129985 5.215118 2.438216 6.344781 6.093056 0.000000 0.000000 2.363956
 3754.000000 -297008.125000 410.122896 5.220877 2.458509 6.376872 8.056402 0.000000 0.000000 3.125685
 3756.000000 -298031.781250 408.884324 5.220156 2.476776 6.435583 12.291751 0.000000 0.000000 4.768896
 3758.000000 -298113.375000 409.461688 5.161373 2.480063 6.417781 11.009850 0.000000 0.000000 4.271550
 3760.000000 -297300.937500 410.690570 5.186325 2.514435 6.487861 16.915236 0.000000 0.000000 6.562694
 3762.000000 -297311.406250 409.306295 5.202755 2.502450 6.462912 14.784442 0.000000 0.000000 5.735999
 3764.000000 -297927.406250 408.567001 5.147767 2.496970 6.438207 12.816590 0.000000 0.000000 4.972521
 3766.000000 -298481.406250 409.419294 5.119696 2.485983 6.433613 12.530511 0.000000 0.000000 4.861529
 3768.000000 -296477.000000 409.752488 5.168672 2.454621 6.493553 17.818329 0.000000 0.000000 6.913072
 3770.000000 -297502.031250 408.491547 5.141186 2.507704 6.444686 13.586572 0.000000 0.000000 5.271255
 3772.000000 -297899.468750 407.171984 5.134205 2.530024 6.419669 11.679166 0.000000 0.000000 4.531228
 3774.000000 -297986.843750 408.128731 5.170734 2.478259 6.450275 14.219323 0.000000 0.000000 5.516747
 3776.000000 -297138.406250 407.769709 5.124100 2.545677 6.442616 13.663345 0.000000 0.000000 5.301041
 3778.000000 -296980.250000 408.880819 5.112031 2.535968 6.462686 15.460344 0.000000 0.000000 5.998232
 3780.000000 -297245.843750 409.048328 5.138143 2.540032 6.414357 11.579150 0.000000 0.000000 4.492425
 3782.000000 -298046.937500 407.902727 5.144886 2.491137 6.399509 10.549463 0.000000 0.000000 4.092932
 3784.000000 -298057.156250 406.188929 5.106315 2.515202 6.449825 14.605547 0.000000 0.000000 5.666592
 3786.000000 -297602.000000 408.598503 5.123976 2.503408 6.437574 13.659909 0.000000 0.000000 5.299708
 3788.000000 -297850.062500 409.567037 5.143112 2.464513 6.439026 13.863327 0.000000 0.000000 5.378629
 3790.000000 -298044.062500 409.497655 5.114649 2.478932 6.361592 8.229934 0.000000 0.000000 3.193011
 3792.000000 -297410.468750 409.201682 5.109107 2.479085 6.292559 4.444318 0.000000 0.000000 1.724286
 3794.000000 -297371.062500 410.643235 5.113888 2.527712 6.391800 10.425684 0.000000 0.000000 4.044908
 3796.000000 -296560.437500 410.271599 5.118126 2.496122 6.424261 12.981516 0.000000 0.000000 5.036508
 3798.000000 -297131.843750 410.008505 5.108907 2.482170 6.370160 9.055892 0.000000 0.000000 3.513463
 3800.000000 -297383.531250 410.546965 5.099831 2.457083 6.361097 8.521423 0.000000 0.000000 3.306102
 3802.000000 -297061.375000 410.166136 5.064731 2.436494 6.377900 9.723137 0.000000 0.000000 3.772337
 3804.000000 -297733.312500 409.701235 5.072929 2.451694 6.400197 11.415349 0.000000 0.000000 4.428874
 3806.000000 -297538.781250 409.702429 5.063535 2.448023 6.326072 6.559260 0.000000 0.000000 2.544831
 3808.000000 -296682.718750 409.864811 5.052566 2.479157 6.354105 8.327277 0.000000 0.000000 3.230778
 3810.000000 -296013.218750 410.027749 5.076380 2.487086 6.370700 9.501318 0.000000 0.000000 3.686277
 3812.000000 -298381.156250 409.566329 5.100943 2.432908 6.420745 13.345308 0.000000 0.000000 5.177650
 3814.000000 -297562.218750 409.639917 5.156734 2.490111 6.372828 9.787953 0.000000 0.000000 3.797485
 3816.000000 -296226.906250 410.260778 5.117385 2.447878 6.415057 13.045711 0.000000 0.000000 5.061414
 3818.000000 -296339.562500 409.538352 5.105641 2.426917 6.428660 14.251754 0.000000 0.000000 5.529329
 3820.000000 -296613.156250 411.142281 5.099526 2.421355 6.425610 14.079293 0.000000 0.000000 5.462418
 3822.000000 -296573.031250 410.687262 5.098046 2.421592 6.372339 10.035140 0.000000 0.000000 3.893387
 3824.000000 -297505.000000 410.277160 5.115693 2.426194 6.361959 9.381726 0.000000 0.000000 3.639878
 3826.000000 -297869.500000 410.107700 5.133580 2.429483 6.384299 11.048319 0.000000 0.000000 4.286475
 3828.000000 -298224.062500 410.574079 5.105163 2.377060 6.445856 16.187076 0.000000 0.000000 6.280186
 3830.000000 -297196.000000 410.604273 5.109105 2.400123 6.414418 13.564539 0.000000 0.000000 5.262706
 3832.000000 -296850.093750 411.937945 5.116610 2.387008 6.490774 20.683086 0.000000 0.000000 8.024527
 3834.000000 -297567.906250 411.513820 5.133277 2.395583 6.470093 18.730095 0.000000 0.000000 7.266815
 3836.000000 -296420.125000 410.812274 5.164106 2.411503 6.441675 16.170732 0.000000 0.000000 6.273845
 3838.000000 -298467.250000 409.613659 5.191180 2.408532 6.416019 14.029721 0.000000 0.000000 5.443186
 3840.000000 -297893.718750 409.921281 5.171411 2.380050 6.416696 14.170538 0.000000 0.000000 5.497819
 3842.000000 -297231.125000 409.076368 5.155883 2.387184 6.417103 14.289174 0.000000 0.000000 5.543847
 3844.000000 -296913.187500 408.936199 5.137540 2.371943 6.465464 18.766053 0.000000 0.000000 7.280766
 3846.000000 -297391.187500 408.742935 5.155582 2.357436 6.430306 15.603135 0.000000 0.000000 6.053632
 3848.000000 -298570.218750 409.220237 5.163363 2.390571 6.418949 14.701733 0.000000 0.000000 5.703910
 3850.000000 -297935.250000 409.175669 5.185939 2.406548 6.437176 16.396436 0.000000 0.000000 6.361413
 3852.000000 -297120.750000 410.317805 5.160674 2.439299 6.407423 13.896330 0.000000 0.000000 5.391433
 3854.000000 -296708.718750 411.254605 5.221070 2.414848 6.328983 8.190885 0.000000 0.000000 3.177861
 3856.000000 -297663.437500 408.876111 5.187709 2.423244 6.257307 4.292324 0.000000 0.000000 1.665316
 3858.000000 -297259.031250 409.100066 5.163341 2.411889 6.339487 9.010681 0.000000 0.000000 3.495922
 3860.000000 -296553.093750 408.980813 5.208332 2.444870 6.338435 9.007165 0.000000 0.000000 3.494558
 3862.000000 -297813.937500 409.039168 5.203050 2.416626 6.373125 11.561514 0.000000 0.000000 4.485582
 3864.000000 -298217.062500 409.102945 5.153558 2.373602 6.415283 15.075680 0.000000 0.000000 5.848992
 3866.000000 -298401.156250 407.751658 5.173631 2.337960 6.373193 11.719267 0.000000 0.000000 4.546787
 3868.000000 -298091.843750 408.085785 5.203251 2.315355 6.437408 17.242999 0.000000 0.000000 6.689858
 3870.000000 -297739.437500 408.374868 5.168776 2.317797 6.394254 13.551011 0.000000 0.000000 5.257458
 3872.000000 -297683.687500 410.058851 5.184811 2.356112 6.382382 12.670870 0.000000 0.000000 4.915985
 3874.000000 -298504.718750 409.548924 5.122891 2.319110 6.354144 10.595573 0.000000 0.000000 4.110821
 3876.000000 -297772.906250 409.480696 5.132055 2.364862 6.461455 19.945538 0.000000 0.000000 7.738377
 3878.000000 -297351.625000 409.624270 5.089192 2.338283 6.343889 10.003244 0.000000 0.000000 3.881012
 3880.000000 -296904.281250 409.508197 5.118465 2.359964 6.347712 10.347260 0.000000 0.000000 4.014482
 3882.000000 -296533.031250 409.793812 5.052170 2.323319 6.379945 12.875733 0.000000 0.000000 4.995467
 3884.000000 -297496.625000 409.603369 5.015480 2.323419 6.417056 16.115187 0.000000 0.000000 6.252295
 3886.000000 -298139.500000 410.495419 5.025411 2.318804 6.435573 17.914647 0.000000 0.000000 6.950441
 3888.000000 -298744.250000 410.434888 5.013723 2.303391 6.345543 10.479430 0.000000 0.000000 4.065760
 3890.000000 -297686.406250 410.491928 4.981850 2.337846 6.386627 13.747080 0.000000 0.000000 5.333528
 3892.000000 -296976.062500 409.951477 4.964870 2.332853 6.406814 15.559678 0.000000 0.000000 6.036771
 3894.000000 -298728.156250 409.788757 4.967503 2.384667 6.424914 17.289960 0.000000 0.000000 6.708078
 3896.000000 -298608.656250 408.637656 4.960015 2.334275 6.400596 15.189912 0.000000 0.000000 5.893311
 3898.000000 -298001.437500 409.738292 4.959357 2.282142 6.392076 14.541588 0.000000 0.000000 5.641777
 3900.000000 -298545.281250 410.395835 4.945630 2.311137 6.440719 19.082667 0.000000 0.000000 7.403604
 3902.000000 -297483.718750 410.825382 4.938343 2.298070 6.431943 18.330677 0.000000 0.000000 7.111851
 3904.000000 -298622.281250 409.762416 4.942480 2.250231 6.475883 22.885460 0.000000 0.000000 8.878994
 3906.000000 -297987.906250 410.841560 4.998761 2.284137 6.401841 15.739047 0.000000 0.000000 6.106362
 3908.000000 -297133.343750 410.785209 4.994767 2.299423 6.408434 16.419757 0.000000 0.000000 6.370461
 3910.000000 -297587.343750 410.137872 4.962497 2.352655 6.389743 14.856003 0.000000 0.000000 5.763763
 3912.000000 -296812.531250 411.645760 4.951557 2.332255 6.341010 11.026838 0.000000 0.000000 4.278141
 3914.000000 -297545.593750 409.983127 4.932772 2.314183 6.316649 9.360449 0.000000 0.000000 3.631623
 3916.000000 -297097.562500 408.957334 4.937744 2.352656 6.386759 14.857383 0.000000 0.000000 5.764298
 3918.000000 -297993.281250 409.431400 4.970772 2.287071 6.421887 18.134383 0.000000 0.000000 7.035693
 3920.000000 -298044.937500 409.893460 4.904978 2.319344 6.452398 21.258989 0.000000 0.000000 8.247963
 3922.000000 -296773.218750 410.113706 4.923486 2.286755 6.506671 27.339539 0.000000 0.000000 10.607067
 3924.000000 -296925.062500 410.473251 4.921530 2.295025 6.428952 19.105405 0.000000 0.000000 7.412426
 3926.000000 -296772.031250 410.767632 4.965260 2.309945 6.441799 20.482808 0.000000 0.000000 7.946824
 3928.000000 -297727.843750 411.779851 5.008645 2.294532 6.450294 21.454979 0.000000 0.000000 8.324003
 3930.000000 -296954.812500 410.090332 5.005920 2.243142 6.379858 14.865897 0.000000 0.000000 5.767601
 3932.000000 -297955.625000 410.623843 4.964042 2.201901 6.348624 12.373533 0.000000 0.000000 4.800626
 3934.000000 -296487.031250 409.273057 5.045347 2.242772 6.395132 16.392487 0.000000 0.000000 6.359881
 3936.000000 -296965.125000 408.776882 5.007142 2.254243 6.362266 13.634429 0.000000 0.000000 5.289822
 3938.000000 -297302.218750 410.785258 5.038393 2.238566 6.468890 23.968507 0.000000 0.000000 9.299190
 3940.000000 -297757.468750 409.879396 4.987671 2.276171 6.420774 19.088047 0.000000 0.000000 7.405692
 3942.000000 -296274.937500 410.227114 4.994098 2.281005 6.439584 21.072430 0.000000 0.000000 8.175583
 3944.000000 -296707.125000 410.167777 4.992346 2.274246 6.400902 17.381966 0.000000 0.000000 6.743774
 3946.000000 -296634.781250 410.503562 5.015470 2.276269 6.387947 16.285366 0.000000 0.000000 6.318320
 3948.000000 -297599.406250 410.165365 4.984841 2.270445 6.417728 19.181399 0.000000 0.000000 7.441910
 3950.000000 -298479.718750 409.029506 4.971123 2.300566 6.458520 23.492404 0.000000 0.000000 9.114473
 3952.000000 -297091.031250 409.608542 5.031079 2.315642 6.451694 22.865240 0.000000 0.000000 8.871149
 3954.000000 -296407.125000 410.219693 5.034748 2.257126 6.415059 19.213738 0.000000 0.000000 7.454457
 3956.000000 -296839.031250 410.942804 5.050382 2.280616 6.421383 19.938354 0.000000 0.000000 7.735590
 3958.000000 -296680.312500 410.581595 5.069038 2.292519 6.422986 20.199093 0.000000 0.000000 7.836750
 3960.000000 -296213.281250 409.911535 5.088574 2.304493 6.402216 18.261099 0.000000 0.000000 7.084856
 3962.000000 -297620.906250 410.487116 5.013230 2.269409 6.477390 26.265142 0.000000 0.000000 10.190227
 3964.000000 -297722.000000 410.627638 4.931675 2.279271 6.475934 26.212959 0.000000 0.000000 10.169982
 3966.000000 -297237.406250 409.165304 4.923922 2.256889 6.367454 15.352214 0.000000 0.000000 5.956281
 3968.000000 -297191.718750 409.514098 4.987199 2.298236 6.298176 9.952940 0.000000 0.000000 3.861495
 3970.000000 -297921.718750 409.927712 5.006865 2.246773 6.375205 16.218458 0.000000 0.000000 6.292362
 3972.000000 -297408.125000 409.790739 5.060358 2.254824 6.373631 16.166777 0.000000 0.000000 6.272311
 3974.000000 -296958.093750 410.178302 5.061768 2.228810 6.433966 22.151532 0.000000 0.000000 8.594248
 3976.000000 -297536.031250 408.822824 5.049118 2.283079 6.342474 13.651596 0.000000 0.000000 5.296483
 3978.000000 -297185.375000 408.857839 5.076727 2.275819 6.358247 15.072559 0.000000 0.000000 5.847781
 3980.000000 -297272.406250 409.225300 5.078382 2.236244 6.374752 16.630545 0.000000 0.000000 6.452241
 3982.000000 -297142.625000 409.291853 5.058939 2.198328 6.317160 11.870342 0.000000 0.000000 4.605400
 3984.000000 -297833.031250 409.234334 5.086701 2.200967 6.328399 12.831924 0.000000 0.000000 4.978470
 3986.000000 -297413.156250 409.682004 5.014582 2.239971 6.357725 15.376008 0.000000 0.000000 5.965512
 3988.000000 -296838.125000 409.621472 5.047366 2.163487 6.395729 18.986095 0.000000 0.000000 7.366137
 3990.000000 -296566.000000 410.539007 5.031795 2.208992 6.389770 18.505973 0.000000 0.000000 7.179861
 3992.000000 -296035.281250 410.222427 5.017991 2.126231 6.414138 21.026662 0.000000 0.000000 8.157826
 3994.000000 -297487.375000 411.277169 5.093441 2.154819 6.435699 23.403585 0.000000 0.000000 9.080014
 3996.000000 -296172.000000 412.089998 5.065007 2.127947 6.394611 19.267939 0.000000 0.000000 7.475485
 3998.000000 -296370.968750 410.392011 5.067385 2.196916 6.327038 13.287606 0.000000 0.000000 5.155263
 4000.000000 -297179.656250 411.798952 5.055255 2.232019 6.376936 17.760136 0.000000 0.000000 6.890495
 4002.000000 -295803.906250 412.968827 5.052338 2.215843 6.383190 18.450207 0.000000 0.000000 7.158225
 4004.000000 -296798.843750 411.154371 5.033176 2.228107 6.323096 13.210890 0.000000 0.000000 5.125500
 4006.000000 -296354.750000 409.314655 5.048808 2.259217 6.413111 21.643593 0.000000 0.000000 8.397180
 4008.000000 -295724.843750 409.489395 5.037279 2.273122 6.365926 17.105643 0.000000 0.000000 6.636568
 4010.000000 -296740.062500 409.258746 5.069224 2.263058 6.358187 16.488098 0.000000 0.000000 6.396975
 4012.000000 -297558.875000 409.587527 5.069522 2.265516 6.308591 12.370970 0.000000 0.000000 4.799631
 4014.000000 -297207.437500 409.587419 5.010560 2.298329 6.356899 16.552854 0.000000 0.000000 6.422099
 4016.000000 -296322.937500 410.978532 5.040655 2.280879 6.352042 16.203754 0.000000 0.000000 6.286657
 4018.000000 -296274.500000 410.681913 5.090795 2.256049 6.407390 21.672595 0.000000 0.000000 8.408432
 4020.000000 -297040.906250 410.275798 5.111521 2.269217 6.350685 16.261694 0.000000 0.000000 6.309136
 4022.000000 -297017.468750 410.372661 5.132767 2.297740 6.430984 24.418772 0.000000 0.000000 9.473881
 4024.000000 -296403.343750 410.015042 5.088966 2.282265 6.329993 14.619906 0.000000 0.000000 5.672163
 4026.000000 -296614.625000 411.119313 5.081800 2.248336 6.388303 20.130463 0.000000 0.000000 7.810123
 4028.000000 -295953.968750 410.940867 5.072673 2.251533 6.343464 15.972569 0.000000 0.000000 6.196963
 4030.000000 -296790.843750 412.015264 5.066477 2.285432 6.414708 23.081082 0.000000 0.000000 8.954891
 4032.000000 -295250.562500 412.051319 5.088536 2.286527 6.441008 26.106985 0.000000 0.000000 10.128867
 4034.000000 -295769.781250 411.462878 5.039937 2.272568 6.373054 19.017768 0.000000 0.000000 7.378425
 4036.000000 -295543.562500 411.589782 5.136851 2.243681 6.350456 16.970019 0.000000 0.000000 6.583949
 4038.000000 -297024.812500 410.946542 5.095424 2.272542 6.334145 15.588927 0.000000 0.000000 6.048119
 4040.000000 -296125.562500 410.172051 5.063871 2.261103 6.295577 12.448595 0.000000 0.000000 4.829748
 4042.000000 -296088.312500 410.316227 5.081042 2.255595 6.311432 13.813873 0.000000 0.000000 5.359442
 4044.000000 -296976.593750 410.313360 5.002373 2.236520 6.322922 14.871390 0.000000 0.000000 5.769733
 4046.000000 -297185.625000 410.840798 5.013687 2.235747 6.283946 11.777000 0.000000 0.000000 4.569186
 4048.000000 -296005.281250 410.927198 5.096219 2.217115 6.256458 9.832091 0.000000 0.000000 3.814609
 4050.000000 -296891.937500 411.691754 5.026131 2.253869 6.253364 9.685788 0.000000 0.000000 3.757847
 4052.000000 -296516.375000 411.845339 5.076027 2.243611 6.316162 14.634341 0.000000 0.000000 5.677764
 4054.000000 -297382.625000 411.057259 5.088697 2.245518 6.256275 10.030617 0.000000 0.000000 3.891632
 4056.000000 -296461.468750 411.442095 5.083284 2.243594 6.245895 9.377284 0.000000 0.000000 3.638155
 4058.000000 -297137.031250 412.870969 5.045912 2.221842 6.268120 11.035017 0.000000 0.000000 4.281315
 4060.000000 -296977.781250 412.221528 5.040297 2.224469 6.318384 15.171420 0.000000 0.000000 5.886137
 4062.000000 -295896.218750 412.199383 5.032251 2.221253 6.267934 11.170200 0.000000 0.000000 4.333762
 4064.000000 -296529.625000 410.907593 5.033342 2.211978 6.240213 9.262491 0.000000 0.000000 3.593618
 4066.000000 -296824.187500 410.664448 5.017264 2.225332 6.203908 7.015704 0.000000 0.000000 2.721920
 4068.000000 -296878.250000 409.631650 5.023419 2.181605 6.286752 12.860240 0.000000 0.000000 4.989456
 4070.000000 -297158.843750 410.087979 4.930139 2.272727 6.301145 14.124164 0.000000 0.000000 5.479827
 4072.000000 -296018.093750 409.541353 5.029668 2.221509 6.235425 9.208952 0.000000 0.000000 3.572846
 4074.000000 -297179.843750 410.513627 5.049324 2.229611 6.291726 13.507623 0.000000 0.000000 5.240625
 4076.000000 -297235.437500 409.712715 5.046412 2.202935 6.296919 14.021323 0.000000 0.000000 5.439927
 4078.000000 -298036.593750 410.098890 4.987713 2.171908 6.278024 12.563039 0.000000 0.000000 4.874149
 4080.000000 -296877.562500 408.987344 4.965372 2.256274 6.296930 14.190264 0.000000 0.000000 5.505473
 4082.000000 -296922.875000 410.137436 4.984127 2.229096 6.246143 10.306390 0.000000 0.000000 3.998625
 4084.000000 -297004.718750 411.110187 4.967059 2.183359 6.334718 17.739534 0.000000 0.000000 6.882502
 4086.000000 -295818.593750 409.140796 4.984603 2.189724 6.295075 14.286877 0.000000 0.000000 5.542956
 4088.000000 -296918.625000 409.483006 5.006271 2.211239 6.253174 11.039039 0.000000 0.000000 4.282875
 4090.000000 -297534.187500 410.740989 4.966182 2.203750 6.308826 15.649100 0.000000 0.000000 6.071465
 4092.000000 -297331.562500 408.844996 4.943898 2.194355 6.297304 14.732189 0.000000 0.000000 5.715726
 4094.000000 -297915.562500 408.318326 4.937972 2.162072 6.332254 17.979243 0.000000 0.000000 6.975503
 4096.000000 -298294.062500 407.704268 4.982868 2.152244 6.260404 11.889155 0.000000 0.000000 4.612699
 4098.000000 -296961.031250 407.062071 4.970371 2.194811 6.264555 12.289558 0.000000 0.000000 4.768045
 4100.000000 -296979.656250 408.018613 5.049158 2.181682 6.240341 10.537221 0.000000 0.000000 4.088182
 4102.000000 -297307.687500 408.182816 5.016973 2.220038 6.295775 15.031576 0.000000 0.000000 5.831881
 4104.000000 -297700.375000 407.983676 5.083735 2.173101 6.326015 17.861897 0.000000 0.000000 6.929976
 4106.000000 -297858.375000 408.310897 5.055658 2.221193 6.310382 16.505766 0.000000 0.000000 6.403830
 4108.000000 -297309.187500 410.136659 5.071090 2.227183 6.285619 14.417598 0.000000 0.000000 5.593672
 4110.000000 -296233.437500 409.350444 5.032529 2.235409 6.303605 16.074655 0.000000 0.000000 6.236570
 4112.000000 -297470.093750 408.950590 5.024504 2.199860 6.294484 15.354838 0.000000 0.000000 5.957298
 4114.000000 -298019.937500 408.612600 5.029805 2.216651 6.270551 13.411194 0.000000 0.000000 5.203212
 4116.000000 -298137.218750 408.607296 5.040082 2.172945 6.211821 9.100416 0.000000 0.000000 3.530737
 4118.000000 -297180.562500 410.684304 5.115174 2.084501 6.335641 19.467691 0.000000 0.000000 7.552984
 4120.000000 -299023.437500 410.636932 5.016766 2.131197 6.349507 20.961996 0.000000 0.000000 8.132738
 4122.000000 -297303.843750 411.240152 5.054613 2.120710 6.351462 21.265616 0.000000 0.000000 8.250535
 4124.000000 -296887.656250 410.507377 5.073965 2.113063 6.339265 20.126655 0.000000 0.000000 7.808646
 4126.000000 -297701.125000 410.869576 5.069135 2.144291 6.249481 12.205516 0.000000 0.000000 4.735439
 4128.000000 -296883.781250 410.606352 5.131317 2.158355 6.289381 15.609743 0.000000 0.000000 6.056195
 4130.000000 -297909.281250 410.950898 5.162524 2.093160 6.235915 11.318713 0.000000 0.000000 4.391381
 4132.000000 -298732.281250 410.492306 5.116049 2.106768 6.274008 14.450712 0.000000 0.000000 5.606520
 4134.000000 -298163.406250 410.485941 5.052070 2.097820 6.299136 16.756922 0.000000 0.000000 6.501273
 4136.000000 -297344.750000 410.936003 5.085862 2.116474 6.366333 23.580659 0.000000 0.000000 9.148714
 4138.000000 -296944.250000 410.559863 5.069953 2.157290 6.370426 24.136889 0.000000 0.000000 9.364518
 4140.000000 -296494.625000 410.469883 5.025488 2.176856 6.351308 22.187592 0.000000 0.000000 8.608238
 4142.000000 -296802.343750 412.039732 5.038564 2.154680 6.350250 22.181419 0.000000 0.000000 8.605844
 4144.000000 -297568.500000 410.091344 5.055659 2.102403 6.274032 14.967260 0.000000 0.000000 5.806928
 4146.000000 -296082.437500 411.345196 5.056525 2.113415 6.356779 23.088767 0.000000 0.000000 8.957872
 4148.000000 -296562.843750 410.312428 5.101434 2.141842 6.273468 15.091768 0.000000 0.000000 5.855234
 4150.000000 -297120.718750 411.262974 5.113901 2.088484 6.241495 12.521138 0.000000 0.000000 4.857893
 4152.000000 -297643.875000 409.105791 5.073036 2.105832 6.322312 19.831606 0.000000 0.000000 7.694174
 4154.000000 -296784.625000 409.425049 5.089052 2.044664 6.294331 17.235846 0.000000 0.000000 6.687083
 4156.000000 -297492.718750 409.278073 5.104189 2.046213 6.280311 16.048342 0.000000 0.000000 6.226361
 4158.000000 -297532.187500 409.191321 5.100092 2.129380 6.338491 21.787325 0.000000 0.000000 8.452945
 4160.000000 -297395.937500 410.856392 5.094570 2.126063 6.359140 24.105497 0.000000 0.000000 9.352339
 4162.000000 -296997.500000 409.431802 5.117068 2.112829 6.306813 18.799868 0.000000 0.000000 7.293885
 4164.000000 -296852.750000 410.156056 5.044498 2.120443 6.255466 14.235378 0.000000 0.000000 5.522976
 4166.000000 -296667.531250 411.018147 5.060772 2.140189 6.272515 15.798865 0.000000 0.000000 6.129570
 4168.000000 -297274.156250 410.565073 5.095398 2.171436 6.263654 15.107902 0.000000 0.000000 5.861493
 4170.000000 -297180.218750 410.278928 5.134985 2.153895 6.222623 11.828980 0.000000 0.000000 4.589352
 4172.000000 -297138.031250 410.524455 5.064875 2.168758 6.249187 14.043783 0.000000 0.000000 5.448642
 4174.000000 -297864.562500 409.328865 5.042354 2.136210 6.230614 12.609825 0.000000 0.000000 4.892301
 4176.000000 -297536.437500 409.612386 5.011792 2.121690 6.274139 16.393064 0.000000 0.000000 6.360105
 4178.000000 -297630.843750 408.902989 5.033523 2.096964 6.273521 16.427728 0.000000 0.000000 6.373553
 4180.000000 -297302.937500 410.391946 5.006055 2.112265 6.277023 16.838245 0.000000 0.000000 6.532824
 4182.000000 -297254.843750 409.450822 5.053194 2.084234 6.173179 8.723812 0.000000 0.000000 3.384624
 4184.000000 -297967.343750 410.805970 5.100740 2.091042 6.288704 18.116982 0.000000 0.000000 7.028942
 4186.000000 -297990.062500 410.437371 5.132496 2.159589 6.272016 16.654558 0.000000 0.000000 6.461558
 4188.000000 -297367.531250 408.583898 5.144073 2.115213 6.240842 14.014925 0.000000 0.000000 5.437445
 4190.000000 -298708.687500 407.622746 5.166777 2.151241 6.284212 17.975218 0.000000 0.000000 6.973941
 4192.000000 -297131.000000 407.895635 5.149978 2.137205 6.263771 16.179425 0.000000 0.000000 6.277218
 4194.000000 -297479.156250 409.020889 5.143598 2.144403 6.237269 13.966941 0.000000 0.000000 5.418829
 4196.000000 -297299.312500 409.539765 5.130351 2.195068 6.244134 14.631922 0.000000 0.000000 5.676825
 4198.000000 -297557.968750 410.720840 5.243759 2.193686 6.240704 14.424814 0.000000 0.000000 5.596472
 4200.000000 -296893.937500 410.058892 5.159929 2.206517 6.257372 15.964354 0.000000 0.000000 6.193776
 4202.000000 -296993.593750 409.752448 5.171800 2.097526 6.193143 10.815013 0.000000 0.000000 4.195958
 4204.000000 -298115.531250 410.191546 5.193070 2.213355 6.128272 6.628133 0.000000 0.000000 2.571552
 4206.000000 -297552.343750 410.091714 5.128826 2.133440 6.151946 8.124709 0.000000 0.000000 3.152187
 4208.000000 -297532.625000 409.767980 5.181269 2.119521 6.108813 5.661168 0.000000 0.000000 2.196393
 4210.000000 -298036.125000 410.637008 5.226045 2.179133 6.184589 10.482754 0.000000 0.000000 4.067050
 4212.000000 -296767.875000 411.889516 5.178279 2.220711 6.159944 8.840766 0.000000 0.000000 3.429999
 4214.000000 -297956.187500 410.738959 5.203110 2.195338 6.211399 12.672249 0.000000 0.000000 4.916520
 4216.000000 -296644.031250 411.480804 5.243413 2.228314 6.199573 11.825177 0.000000 0.000000 4.587877
 4218.000000 -298559.093750 410.590099 5.260310 2.235347 6.197549 11.746516 0.000000 0.000000 4.557358
 4220.000000 -297858.125000 410.710307 5.168343 2.234540 6.186393 10.981126 0.000000 0.000000 4.260406
 4222.000000 -297389.125000 412.066435 5.190869 2.210411 6.208337 12.747019 0.000000 0.000000 4.945529
 4224.000000 -297530.312500 412.275303 5.158560 2.267610 6.209354 12.908534 0.000000 0.000000 5.008193
 4226.000000 -295486.906250 412.543518 5.158521 2.218951 6.247129 16.211620 0.000000 0.000000 6.289709
 4228.000000 -296623.406250 412.396217 5.230143 2.142013 6.190044 11.555340 0.000000 0.000000 4.483187
 4230.000000 -295882.843750 412.192225 5.243226 2.188953 6.217629 13.830234 0.000000 0.000000 5.365790
 4232.000000 -296829.062500 410.904297 5.269443 2.171735 6.155338 9.203059 0.000000 0.000000 3.570560
 4234.000000 -296247.437500 410.663197 5.252773 2.096110 6.164189 9.883430 0.000000 0.000000 3.834527
 4236.000000 -297114.812500 412.584624 5.276734 2.129163 6.172632 10.558346 0.000000 0.000000 4.096378
 4238.000000 -297000.000000 409.538641 5.242129 2.164071 6.116849 6.953081 0.000000 0.000000 2.697624
 4240.000000 -297815.250000 410.257750 5.249471 2.179592 6.150437 9.142039 0.000000 0.000000 3.546886
 4242.000000 -297098.562500 409.459051 5.282745 2.137735 6.112217 6.798793 0.000000 0.000000 2.637764
 4244.000000 -297196.500000 410.907736 5.216411 2.172317 6.156249 9.677780 0.000000 0.000000 3.754740
 4246.000000 -297309.750000 410.827169 5.269700 2.118990 6.208884 13.768351 0.000000 0.000000 5.341781
 4248.000000 -296799.312500 409.822443 5.237028 2.112344 6.215263 14.387452 0.000000 0.000000 5.581977
 4250.000000 -297257.812500 409.407546 5.247288 2.097548 6.213051 14.284785 0.000000 0.000000 5.542144
 4252.000000 -298121.406250 409.985735 5.290602 2.078365 6.166452 10.691012 0.000000 0.000000 4.147849
 4254.000000 -298491.718750 409.284601 5.305151 2.087145 6.198673 13.257848 0.000000 0.000000 5.143718
 4256.000000 -298264.875000 409.895540 5.247479 2.107372 6.190536 12.683137 0.000000 0.000000 4.920744
 4258.000000 -297044.687500 411.166472 5.271844 2.145703 6.191850 12.868116 0.000000 0.000000 4.992512
 4260.000000 -297030.187500 411.508073 5.246757 2.160271 6.245421 17.617599 0.000000 0.000000 6.835194
 4262.000000 -296071.375000 412.182268 5.242088 2.091134 6.234029 16.655749 0.000000 0.000000 6.462020
 4264.000000 -295943.625000 411.444883 5.254631 2.055110 6.281372 21.359561 0.000000 0.000000 8.286983
 4266.000000 -296676.750000 410.431636 5.194289 2.132496 6.194864 13.436821 0.000000 0.000000 5.213155
 4268.000000 -296990.156250 410.297239 5.232746 2.099873 6.249421 18.376410 0.000000 0.000000 7.129594
 4270.000000 -296076.781250 410.831321 5.304632 2.134945 6.299681 23.618482 0.000000 0.000000 9.163389
 4272.000000 -296879.125000 410.572451 5.331874 2.110893 6.222560 16.070637 0.000000 0.000000 6.235011
 4274.000000 -296810.750000 409.288249 5.320672 2.080035 6.162886 11.241462 0.000000 0.000000 4.361410
 4276.000000 -297131.750000 409.453563 5.340455 2.069260 6.212242 15.333688 0.000000 0.000000 5.949093
 4278.000000 -296671.718750 409.805268 5.287858 1.979880 6.215888 15.743225 0.000000 0.000000 6.107983
 4280.000000 -297197.375000 408.775315 5.293732 2.018871 6.192182 13.793072 0.000000 0.000000 5.351372
 4282.000000 -296972.812500 408.827563 5.231545 2.019802 6.231420 17.337121 0.000000 0.000000 6.726376
 4284.000000 -297584.093750 408.453000 5.258629 2.085109 6.143802 10.210350 0.000000 0.000000 3.961364
 4286.000000 -297532.750000 408.568034 5.221676 2.110064 6.148923 10.652411 0.000000 0.000000 4.132873
 4288.000000 -296694.187500 408.585937 5.218719 2.051398 6.180537 13.165494 0.000000 0.000000 5.107887
 4290.000000 -296943.406250 409.346853 5.275497 2.074021 6.240103 18.538034 0.000000 0.000000 7.192300
 4292.000000 -296531.343750 410.285665 5.230054 2.081210 6.217143 16.484125 0.000000 0.000000 6.395434
 4294.000000 -296706.781250 410.746345 5.236922 2.141461 6.204349 15.430745 0.000000 0.000000 5.986748
 4296.000000 -297258.437500 410.214521 5.226062 2.129672 6.226103 17.494118 0.000000 0.000000 6.787286
 4298.000000 -296528.218750 411.297290 5.214593 2.078312 6.213003 16.380799 0.000000 0.000000 6.355346
 4300.000000 -297802.343750 410.132162 5.206319 2.127669 6.209965 16.196839 0.000000 0.000000 6.283974
 4302.000000 -297525.781250 409.234586 5.226815 2.169637 6.259360 21.049370 0.000000 0.000000 8.166636
 4304.000000 -297665.312500 408.297262 5.208925 2.071891 6.218401 17.149596 0.000000 0.000000 6.653620
 4306.000000 -297373.000000 409.041429 5.209659 2.097634 6.259207 21.239368 0.000000 0.000000 8.240351
 4308.000000 -296589.437500 408.876007 5.182846 2.150084 6.253852 20.792956 0.000000 0.000000 8.067154
 4310.000000 -296270.250000 409.476712 5.260160 2.159104 6.265831 22.137360 0.000000 0.000000 8.588750
 4312.000000 -296352.218750 409.963375 5.232257 2.149169 6.223125 17.966927 0.000000 0.000000 6.970725
 4314.000000 -296896.000000 410.150066 5.269130 2.205958 6.191023 15.140034 0.000000 0.000000 5.873960
 4316.000000 -296853.812500 410.198546 5.262762 2.115463 6.229871 18.805484 0.000000 0.000000 7.296064
 4318.000000 -295032.531250 410.925387 5.296184 2.131572 6.209097 16.936916 0.000000 0.000000 6.571106
 4320.000000 -296212.718750 410.015912 5.278166 2.082758 6.185335 14.907034 0.000000 0.000000 5.783561
 4322.000000 -295965.437500 410.822047 5.328015 2.087497 6.229072 19.019536 0.000000 0.000000 7.379111
 4324.000000 -296659.937500 411.964562 5.368523 2.126292 6.168224 13.630976 0.000000 0.000000 5.288482
 4326.000000 -296126.468750 412.843017 5.390370 2.122353 6.230946 19.399225 0.000000 0.000000 7.526421
 4328.000000 -295270.031250 412.401453 5.370934 2.145865 6.215422 17.995159 0.000000 0.000000 6.981678
 4330.000000 -295808.875000 411.531769 5.378308 2.126240 6.223649 18.881038 0.000000 0.000000 7.325377
 4332.000000 -296037.187500 411.017942 5.405887 2.125584 6.183143 15.237569 0.000000 0.000000 5.911801
 4334.000000 -296415.656250 411.264089 5.364773 2.175085 6.141728 11.914141 0.000000 0.000000 4.622393
 4336.000000 -296724.625000 411.289981 5.376117 2.185467 6.224538 19.260800 0.000000 0.000000 7.472715
 4338.000000 -296706.187500 411.225666 5.355071 2.147812 6.213692 18.306651 0.000000 0.000000 7.102529
 4340.000000 -296455.531250 411.715834 5.347422 2.195196 6.205787 17.651944 0.000000 0.000000 6.848519
 4342.000000 -295931.812500 410.878559 5.351088 2.116852 6.171602 14.671980 0.000000 0.000000 5.692367
 4344.000000 -295980.656250 411.858113 5.387781 2.110967 6.200794 17.371896 0.000000 0.000000 6.739867
 4346.000000 -296629.593750 411.377009 5.323901 2.192762 6.196019 17.021905 0.000000 0.000000 6.604079
 4348.000000 -295920.531250 411.616563 5.350049 2.148358 6.210406 18.470974 0.000000 0.000000 7.166282
 4350.000000 -296523.156250 411.628084 5.344435 2.157098 6.237502 21.269716 0.000000 0.000000 8.252125
 4352.000000 -296144.687500 411.567244 5.335484 2.155489 6.270616 24.933234 0.000000 0.000000 9.673480
 4354.000000 -295435.218750 411.692392 5.330191 2.163036 6.200823 17.843794 0.000000 0.000000 6.922952
 4356.000000 -295356.187500 411.798555 5.315733 2.191806 6.237087 21.537158 0.000000 0.000000 8.355886
 4358.000000 -297459.843750 410.160336 5.269796 2.176731 6.213396 19.246846 0.000000 0.000000 7.467302
 4360.000000 -296246.375000 410.037882 5.281543 2.186251 6.166591 15.015652 0.000000 0.000000 5.825703
 4362.000000 -295388.031250 410.762857 5.224092 2.190608 6.199611 18.108049 0.000000 0.000000 7.025477
 4364.000000 -296332.031250 410.909031 5.262414 2.176188 6.169803 15.470655 0.000000 0.000000 6.002233
 4366.000000 -296289.531250 410.233988 5.245064 2.190296 6.183966 16.833003 0.000000 0.000000 6.530790
 4368.000000 -296046.343750 410.377955 5.219836 2.235827 6.186445 17.153665 0.000000 0.000000 6.655199
 4370.000000 -295878.218750 410.293203 5.263863 2.182016 6.160039 14.881525 0.000000 0.000000 5.773665
 4372.000000 -297009.875000 408.808255 5.294530 2.221195 6.223832 20.995240 0.000000 0.000000 8.145635
 4374.000000 -296193.000000 409.230255 5.263415 2.206350 6.198304 18.557372 0.000000 0.000000 7.199803
 4376.000000 -296952.562500 410.669260 5.277631 2.231788 6.167070 15.759300 0.000000 0.000000 6.114220
 4378.000000 -296341.625000 411.100234 5.303048 2.225277 6.168472 15.973237 0.000000 0.000000 6.197222
 4380.000000 -297396.031250 410.649496 5.283505 2.220640 6.181160 17.219985 0.000000 0.000000 6.680929
 4382.000000 -296547.375000 411.019672 5.258164 2.242912 6.187307 17.889543 0.000000 0.000000 6.940702
 4384.000000 -297385.187500 411.239945 5.301874 2.269353 6.199523 19.161278 0.000000 0.000000 7.434103
 4386.000000 -297323.968750 411.049082 5.308362 2.289778 6.184997 17.860181 0.000000 0.000000 6.929310
 4388.000000 -298254.156250 410.843114 5.308647 2.225069 6.186037 18.053522 0.000000 0.000000 7.004321
 4390.000000 -297024.062500 410.688448 5.249605 2.216707 6.156046 15.404194 0.000000 0.000000 5.976447
 4392.000000 -296690.093750 410.720505 5.296116 2.208777 6.121447 12.596552 0.000000 0.000000 4.887152
 4394.000000 -296833.781250 409.165272 5.290630 2.248024 6.118064 12.408141 0.000000 0.000000 4.814053
 4396.000000 -296141.593750 410.506592 5.264126 2.319269 6.108094 11.711723 0.000000 0.000000 4.543860
 4398.000000 -297010.656250 410.819790 5.241912 2.328440 6.085539 10.120274 0.000000 0.000000 3.926417
 4400.000000 -295363.343750 411.265848 5.246349 2.365200 6.141838 14.606683 0.000000 0.000000 5.667033
 4402.000000 -296943.000000 411.706290 5.220831 2.361974 6.184442 18.570716 0.000000 0.000000 7.204980
 4404.000000 -297240.875000 410.609108 5.251863 2.335073 6.157174 16.125761 0.000000 0.000000 6.256398
 4406.000000 -297489.343750 410.773074 5.266287 2.322670 6.131398 13.977777 0.000000 0.000000 5.423033
 4408.000000 -297114.312500 411.531391 5.243276 2.358485 6.147421 15.437064 0.000000 0.000000 5.989200
 4410.000000 -296160.500000 412.682487 5.279789 2.297151 6.136438 14.572530 0.000000 0.000000 5.653782
 4412.000000 -296053.062500 410.657065 5.263754 2.303148 6.145397 15.434968 0.000000 0.000000 5.988387
 4414.000000 -295816.562500 411.248830 5.251054 2.328534 6.158605 16.708357 0.000000 0.000000 6.482431
 4416.000000 -296346.343750 412.140136 5.303599 2.282575 6.093018 11.326463 0.000000 0.000000 4.394388
 4418.000000 -295872.406250 411.711929 5.305786 2.262092 6.144696 15.637598 0.000000 0.000000 6.067002
 4420.000000 -297640.218750 410.525243 5.316605 2.287781 6.147678 15.991717 0.000000 0.000000 6.204392
 4422.000000 -298121.281250 409.093426 5.237023 2.265554 6.100433 12.123810 0.000000 0.000000 4.703739
 4424.000000 -297098.500000 410.659677 5.309887 2.263111 6.121173 13.875508 0.000000 0.000000 5.383355
 4426.000000 -298364.031250 410.060920 5.274585 2.227094 6.155950 17.015492 0.000000 0.000000 6.601591
 4428.000000 -299635.625000 408.827452 5.228430 2.262478 6.101119 12.412495 0.000000 0.000000 4.815742
 4430.000000 -297417.375000 411.075527 5.272626 2.298080 6.108535 13.084390 0.000000 0.000000 5.076421
 4432.000000 -296637.656250 410.034092 5.210343 2.280135 6.109376 13.233659 0.000000 0.000000 5.134333
 4434.000000 -296016.937500 411.742477 5.238027 2.278070 6.092743 11.992587 0.000000 0.000000 4.652828
 4436.000000 -296733.593750 410.970832 5.249283 2.267828 6.063153 9.880906 0.000000 0.000000 3.833548
 4438.000000 -296636.875000 410.877729 5.230464 2.273251 6.096562 12.447427 0.000000 0.000000 4.829295
 4440.000000 -296553.843750 410.052596 5.222619 2.281039 6.067355 10.321609 0.000000 0.000000 4.004530
 4442.000000 -297079.062500 409.664960 5.236762 2.328968 6.121322 14.648026 0.000000 0.000000 5.683073
 4444.000000 -297623.843750 407.982118 5.196871 2.250902 6.070341 10.682877 0.000000 0.000000 4.144693
 4446.000000 -297174.656250 409.581770 5.296590 2.208797 6.053510 9.557224 0.000000 0.000000 3.707967
 4448.000000 -296727.937500 409.181990 5.273289 2.224860 6.099073 13.047058 0.000000 0.000000 5.061937
 4450.000000 -297344.500000 409.190481 5.268998 2.250504 6.095730 12.858504 0.000000 0.000000 4.988783
 4452.000000 -297504.843750 408.815414 5.303978 2.227628 6.096816 13.026298 0.000000 0.000000 5.053882
 4454.000000 -297604.406250 409.792990 5.286640 2.229548 6.047099 9.391315 0.000000 0.000000 3.643599
 4456.000000 -297239.562500 409.628025 5.252270 2.332314 6.137686 16.715744 0.000000 0.000000 6.485297
 4458.000000 -297175.093750 410.080487 5.189533 2.311210 6.095181 13.136661 0.000000 0.000000 5.096700
 4460.000000 -297384.781250 409.035648 5.205320 2.280312 6.094389 13.153567 0.000000 0.000000 5.103260
 4462.000000 -297432.875000 408.965535 5.216981 2.252437 6.135172 16.760257 0.000000 0.000000 6.502566
 4464.000000 -297276.750000 408.264297 5.225147 2.243287 6.082128 12.334557 0.000000 0.000000 4.785504
 4466.000000 -297037.906250 408.704903 5.191929 2.245952 6.118288 15.425375 0.000000 0.000000 5.984665
 4468.000000 -297952.062500 409.717935 5.087883 2.246877 6.080793 12.386824 0.000000 0.000000 4.805782
 4470.000000 -298255.875000 409.003357 5.119463 2.189351 6.037865 9.306917 0.000000 0.000000 3.610854
 4472.000000 -298471.093750 409.193074 5.153414 2.192095 6.145474 18.190297 0.000000 0.000000 7.057387
 4474.000000 -297845.843750 409.527791 5.150962 2.182878 6.113925 15.393541 0.000000 0.000000 5.972314
 4476.000000 -297303.093750 408.138313 5.260294 2.283319 6.182811 22.135274 0.000000 0.000000 8.587940
 4478.000000 -297123.281250 408.724199 5.270951 2.283386 6.170051 20.915320 0.000000 0.000000 8.114628
 4480.000000 -297655.656250 409.821527 5.230792 2.296788 6.168565 20.865717 0.000000 0.000000 8.095384
 4482.000000 -297094.656250 409.762056 5.185008 2.306005 6.092059 13.866033 0.000000 0.000000 5.379679
 4484.000000 -296465.093750 410.246126 5.204333 2.299688 6.083256 13.223930 0.000000 0.000000 5.130559
 4486.000000 -296495.531250 411.340368 5.161576 2.361380 6.118977 16.378440 0.000000 0.000000 6.354431
 4488.000000 -296974.156250 410.624824 5.202575 2.335125 6.022482 8.876588 0.000000 0.000000 3.443897
 4490.000000 -297251.062500 409.731252 5.149264 2.337412 6.152452 19.745986 0.000000 0.000000 7.660956
 4492.000000 -297030.031250 408.944383 5.211991 2.362986 6.113846 16.186182 0.000000 0.000000 6.279839
 4494.000000 -296905.062500 409.579010 5.188892 2.339663 6.035987 10.010203 0.000000 0.000000 3.883712
 4496.000000 -297460.875000 410.697173 5.245710 2.320971 6.093666 14.591918 0.000000 0.000000 5.661304
 4498.000000 -296511.406250 409.501188 5.232811 2.340845 6.049050 11.104261 0.000000 0.000000 4.308180
 4500.000000 -298707.593750 408.824863 5.215110 2.362244 6.070379 12.830316 0.000000 0.000000 4.977846
 4502.000000 -297961.656250 409.983900 5.260425 2.404479 6.106332 15.960785 0.000000 0.000000 6.192391
 4504.000000 -297044.031250 409.140024 5.210915 2.440820 6.012025 8.713627 0.000000 0.000000 3.380673
 4506.000000 -297119.656250 408.388917 5.244035 2.375495 6.051426 11.584373 0.000000 0.000000 4.494451
 4508.000000 -296864.125000 408.884519 5.228133 2.354311 5.995363 7.772756 0.000000 0.000000 3.015638
 4510.000000 -297063.500000 409.388686 5.273558 2.361009 6.042915 11.094142 0.000000 0.000000 4.304253
 4512.000000 -297488.250000 410.233884 5.264072 2.415061 6.007974 8.710290 0.000000 0.000000 3.379378
 4514.000000 -298304.781250 409.959487 5.210379 2.344754 6.009175 8.856145 0.000000 0.000000 3.435966
 4516.000000 -297046.687500 409.123620 5.264528 2.403864 5.985389 7.404748 0.000000 0.000000 2.872859
 4518.000000 -297530.125000 409.360591 5.257437 2.426637 5.916395 3.845421 0.000000 0.000000 1.491928
 4520.000000 -296076.031250 408.776599 5.230867 2.411886 6.052601 12.214907 0.000000 0.000000 4.739083
 4522.000000 -296270.281250 407.901341 5.223251 2.415585 5.978217 7.153067 0.000000 0.000000 2.775214
 4524.000000 -296606.656250 409.629801 5.221843 2.370454 5.917521 4.028453 0.000000 0.000000 1.562940
 4526.000000 -297079.218750 409.114940 5.244323 2.376893 5.849494 1.581851 0.000000 0.000000 0.613719
 4528.000000 -297942.906250 407.469462 5.187137 2.379985 5.929419 4.676369 0.000000 0.000000 1.814316
 4530.000000 -296649.625000 408.069525 5.162641 2.413032 5.909186 3.792575 0.000000 0.000000 1.471425
 4532.000000 -296641.000000 409.291412 5.247041 2.403206 5.910518 3.894816 0.000000 0.000000 1.511092
 4534.000000 -297733.937500 409.946900 5.284111 2.395751 5.902291 3.582433 0.000000 0.000000 1.389896
 4536.000000 -298302.000000 409.499627 5.213059 2.407106 5.910953 4.003042 0.000000 0.000000 1.553081
 4538.000000 -298041.625000 409.854601 5.194219 2.437708 5.953399 6.182683 0.000000 0.000000 2.398728
 4540.000000 -298118.031250 408.882444 5.215925 2.392184 5.990004 8.450257 0.000000 0.000000 3.278491
 4542.000000 -296929.406250 409.031669 5.138817 2.382603 5.950960 6.158300 0.000000 0.000000 2.389268
 4544.000000 -296373.531250 410.241090 5.134195 2.378145 6.011514 10.047500 0.000000 0.000000 3.898182
 4546.000000 -297295.375000 409.748851 5.203541 2.399429 5.954384 6.462955 0.000000 0.000000 2.507467
 4548.000000 -298571.375000 409.327768 5.227274 2.415768 5.867287 2.495248 0.000000 0.000000 0.968095
 4550.000000 -298160.562500 410.633596 5.207695 2.434916 5.897896 3.736645 0.000000 0.000000 1.449726
 4552.000000 -297529.250000 410.110962 5.200634 2.410068 5.953812 6.601696 0.000000 0.000000 2.561295
 4554.000000 -298532.843750 409.640145 5.215271 2.449331 5.974726 7.920773 0.000000 0.000000 3.073065
 4556.000000 -297873.375000 409.758925 5.191939 2.406374 5.932705 5.549594 0.000000 0.000000 2.153105
 4558.000000 -296960.093750 411.195428 5.210145 2.425863 6.000254 9.747833 0.000000 0.000000 3.781919
 4560.000000 -296810.281250 411.223688 5.219398 2.414635 5.957204 7.033204 0.000000 0.000000 2.728710
 4562.000000 -297586.312500 412.142822 5.225331 2.456352 5.938998 6.049865 0.000000 0.000000 2.347199
 4564.000000 -296341.531250 411.732893 5.202591 2.462093 6.030063 12.172915 0.000000 0.000000 4.722791
 4566.000000 -295612.187500 411.493307 5.215200 2.445162 6.022557 11.670666 0.000000 0.000000 4.527931
 4568.000000 -295909.531250 410.778846 5.240649 2.464659 5.915934 4.996698 0.000000 0.000000 1.938595
 4570.000000 -296545.000000 410.940744 5.196364 2.443996 5.893271 3.972556 0.000000 0.000000 1.541254
 4572.000000 -297018.562500 410.538920 5.215750 2.453379 5.974693 8.495084 0.000000 0.000000 3.295883
 4574.000000 -296924.968750 409.959560 5.251406 2.402525 5.941929 6.551083 0.000000 0.000000 2.541659
 4576.000000 -297411.968750 410.292230 5.251069 2.418800 5.940555 6.529654 0.000000 0.000000 2.533345
 4578.000000 -296667.531250 411.465638 5.248464 2.411821 5.954624 7.419085 0.000000 0.000000 2.878422
 4580.000000 -296667.937500 410.561943 5.262837 2.428610 5.938454 6.523927 0.000000 0.000000 2.531123
 4582.000000 -297568.093750 411.335829 5.234635 2.408145 5.902039 4.658014 0.000000 0.000000 1.807195
 4584.000000 -297171.562500 412.094568 5.196165 2.354790 5.910289 5.115119 0.000000 0.000000 1.984540
 4586.000000 -296158.812500 410.460392 5.182674 2.398764 5.934306 6.458508 0.000000 0.000000 2.505742
 4588.000000 -296408.562500 411.019988 5.150634 2.431933 5.815793 1.506807 0.000000 0.000000 0.584604
 4590.000000 -296024.500000 411.933927 5.225092 2.430868 5.959122 8.072269 0.000000 0.000000 3.131841
 4592.000000 -295162.562500 412.565692 5.181438 2.434238 5.936588 6.762166 0.000000 0.000000 2.623554
 4594.000000 -295289.000000 411.334978 5.155624 2.428081 5.946690 7.423115 0.000000 0.000000 2.879986
 4596.000000 -296279.031250 411.607684 5.173574 2.387737 6.008674 11.756132 0.000000 0.000000 4.561089
 4598.000000 -296335.687500 411.402176 5.206764 2.342202 5.970068 9.049677 0.000000 0.000000 3.511051
 4600.000000 -296625.281250 411.136411 5.120520 2.339323 5.993137 10.741186 0.000000 0.000000 4.167315
 4602.000000 -296930.031250 411.458432 5.176939 2.301249 5.991614 10.702849 0.000000 0.000000 4.152441
 4604.000000 -297418.125000 411.580286 5.209383 2.309218 5.986512 10.404908 0.000000 0.000000 4.036848
 4606.000000 -297474.875000 410.735128 5.243443 2.307405 5.944783 7.674555 0.000000 0.000000 2.977538
 4608.000000 -297602.718750 409.002012 5.145322 2.319257 5.973658 9.636718 0.000000 0.000000 3.738809
 4610.000000 -296318.156250 410.019217 5.181923 2.350863 5.983234 10.384881 0.000000 0.000000 4.029078
 4612.000000 -296091.625000 410.661391 5.141766 2.352209 5.973242 9.747005 0.000000 0.000000 3.781598
 4614.000000 -295691.187500 411.168341 5.156137 2.305307 5.950414 8.282724 0.000000 0.000000 3.213493
 4616.000000 -295247.343750 412.361402 5.217597 2.372369 5.955733 8.694384 0.000000 0.000000 3.373207
 4618.000000 -296424.812500 411.804218 5.211224 2.323582 6.033080 14.627364 0.000000 0.000000 5.675057
 4620.000000 -295978.468750 412.491216 5.268392 2.328695 5.985975 10.950184 0.000000 0.000000 4.248401
 4622.000000 -296836.375000 411.569741 5.242164 2.314497 6.025816 14.180620 0.000000 0.000000 5.501731
 4624.000000 -297179.531250 410.442101 5.343002 2.289096 6.037450 15.264385 0.000000 0.000000 5.922205
 4626.000000 -295916.312500 410.421806 5.312777 2.352075 6.060565 17.443815 0.000000 0.000000 6.767770
 4628.000000 -296487.375000 409.983874 5.248163 2.327377 5.952708 8.891623 0.000000 0.000000 3.449730
 4630.000000 -296241.718750 410.248721 5.242205 2.375208 6.003004 12.640805 0.000000 0.000000 4.904321
 4632.000000 -295707.281250 411.595496 5.306430 2.400036 5.967251 10.028918 0.000000 0.000000 3.890973
 4634.000000 -294846.875000 411.163527 5.271084 2.360911 5.914080 6.674756 0.000000 0.000000 2.589641
 4636.000000 -294364.093750 410.520673 5.272667 2.366339 5.958174 9.534042 0.000000 0.000000 3.698973
 4638.000000 -296511.593750 409.881741 5.237401 2.324064 5.985148 11.563252 0.000000 0.000000 4.486257
 4640.000000 -295973.437500 409.624343 5.259287 2.318143 6.020131 14.461154 0.000000 0.000000 5.610571
 4642.000000 -297534.968750 409.221368 5.256825 2.367472 5.975380 10.980126 0.000000 0.000000 4.260018
 4644.000000 -298289.625000 408.105525 5.223746 2.330786 5.976248 11.118982 0.000000 0.000000 4.313891
 4646.000000 -298090.875000 408.294995 5.253083 2.318841 5.948982 9.246771 0.000000 0.000000 3.587519
 4648.000000 -299600.531250 407.215296 5.217141 2.270758 5.967268 10.604603 0.000000 0.000000 4.114325
 4650.000000 -297972.093750 408.269543 5.266348 2.346431 5.955950 9.866644 0.000000 0.000000 3.828015
 4652.000000 -296958.406250 408.823592 5.252925 2.325744 5.944558 9.150234 0.000000 0.000000 3.550065
 4654.000000 -297423.156250 408.670674 5.256159 2.328359 5.972257 11.194362 0.000000 0.000000 4.343136
 4656.000000 -296591.843750 409.796600 5.268975 2.326564 6.016618 14.845188 0.000000 0.000000 5.759567
 4658.000000 -298488.687500 409.152038 5.313108 2.328916 5.957734 10.277034 0.000000 0.000000 3.987236
 4660.000000 -297800.500000 410.164366 5.305747 2.286364 5.943547 9.353495 0.000000 0.000000 3.628925
 4662.000000 -298003.531250 410.662022 5.303216 2.326083 5.981660 12.219520 0.000000 0.000000 4.740872
 4664.000000 -298036.687500 410.386090 5.257890 2.331955 5.986810 12.704938 0.000000 0.000000 4.929202
 4666.000000 -296777.687500 410.998515 5.335091 2.311666 5.999680 13.834512 0.000000 0.000000 5.367449
 4668.000000 -297119.093750 411.665734 5.271224 2.339603 5.978947 12.241976 0.000000 0.000000 4.749585
 4670.000000 -298980.562500 409.700593 5.247453 2.277982 5.910576 7.538434 0.000000 0.000000 2.924727
 4672.000000 -298300.281250 409.246453 5.330442 2.342362 5.902563 7.114051 0.000000 0.000000 2.760076
 4674.000000 -297701.593750 409.574920 5.307774 2.279233 5.891095 6.503406 0.000000 0.000000 2.523161
 4676.000000 -297374.968750 409.607945 5.275155 2.270166 5.963495 11.362428 0.000000 0.000000 4.408342
 4678.000000 -297874.031250 409.464620 5.322734 2.238136 5.917856 8.246906 0.000000 0.000000 3.199596
 4680.000000 -297242.343750 408.562678 5.279828 2.279096 5.915225 8.142454 0.000000 0.000000 3.159071
 4682.000000 -297329.343750 408.841756 5.279184 2.276520 5.943969 10.150920 0.000000 0.000000 3.938307
 4684.000000 -297787.843750 408.631739 5.294099 2.222640 5.920931 8.641566 0.000000 0.000000 3.352715
 4686.000000 -298280.875000 407.825742 5.276130 2.169491 5.911081 8.069665 0.000000 0.000000 3.130831
 4688.000000 -296887.218750 408.022354 5.400185 2.217250 5.905013 7.750909 0.000000 0.000000 3.007161
 4690.000000 -298680.000000 408.799216 5.356831 2.191152 5.908598 8.039005 0.000000 0.000000 3.118936
 4692.000000 -297814.562500 407.461842 5.344215 2.228914 5.917846 8.701824 0.000000 0.000000 3.376093
 4694.000000 -296690.343750 409.198920 5.288831 2.214497 5.855013 5.101135 0.000000 0.000000 1.979115
 4696.000000 -297174.437500 407.532052 5.306897 2.204417 5.865864 5.717228 0.000000 0.000000 2.218143
 4698.000000 -296166.375000 407.477303 5.274617 2.214312 5.875346 6.291375 0.000000 0.000000 2.440898
 4700.000000 -297089.343750 407.713802 5.212705 2.189865 5.880569 6.645272 0.000000 0.000000 2.578202
 4702.000000 -298078.375000 408.273428 5.238119 2.175528 5.901877 7.993372 0.000000 0.000000 3.101231
 4704.000000 -298778.312500 408.344769 5.257064 2.189632 5.825788 3.951070 0.000000 0.000000 1.532918
 4706.000000 -298517.375000 409.268852 5.252665 2.197988 5.869461 6.186137 0.000000 0.000000 2.400069
 4708.000000 -298322.250000 408.682997 5.282398 2.167612 5.875932 6.608576 0.000000 0.000000 2.563964
 4710.000000 -297915.156250 407.483425 5.251392 2.205248 5.895769 7.860660 0.000000 0.000000 3.049742
 4712.000000 -297079.843750 408.552516 5.233845 2.173848 5.914897 9.173158 0.000000 0.000000 3.558959
 4714.000000 -297714.718750 409.958269 5.282781 2.246403 5.882345 7.160783 0.000000 0.000000 2.778207
 4716.000000 -297528.250000 408.574493 5.226448 2.211864 5.894617 7.976938 0.000000 0.000000 3.094855
 4718.000000 -297338.437500 409.839890 5.271334 2.235406 5.930173 10.452616 0.000000 0.000000 4.055357
 4720.000000 -298655.875000 409.458961 5.274785 2.220895 5.923893 10.074372 0.000000 0.000000 3.908608
 4722.000000 -298699.937500 408.724180 5.258872 2.208096 5.932494 10.767340 0.000000 0.000000 4.177462
 4724.000000 -297186.968750 409.261001 5.219862 2.254000 5.994952 15.926808 0.000000 0.000000 6.179209
 4726.000000 -297455.000000 409.642481 5.237169 2.225396 5.989650 15.545252 0.000000 0.000000 6.031175
 4728.000000 -296839.031250 409.729800 5.264530 2.182192 5.939117 11.484960 0.000000 0.000000 4.455881
 4730.000000 -296035.656250 411.052259 5.226699 2.198539 5.979806 14.861410 0.000000 0.000000 5.765860
 4732.000000 -296539.062500 410.638141 5.239660 2.213728 5.923103 10.447548 0.000000 0.000000 4.053391
 4734.000000 -296102.781250 410.100257 5.191925 2.232144 5.940369 11.809488 0.000000 0.000000 4.581790
 4736.000000 -296423.125000 411.276051 5.216894 2.239648 5.946441 12.359162 0.000000 0.000000 4.795050
 4738.000000 -297084.843750 410.352050 5.175408 2.259725 6.007092 17.680689 0.000000 0.000000 6.859671
 4740.000000 -296625.031250 409.651467 5.181138 2.271239 5.948980 12.718567 0.000000 0.000000 4.934490
 4742.000000 -296339.406250 409.705799 5.139033 2.198040 5.948169 12.733599 0.000000 0.000000 4.940323
 4744.000000 -295639.000000 410.331652 5.144231 2.188693 5.864097 6.967696 0.000000 0.000000 2.703294
 4746.000000 -296166.437500 410.007908 5.196269 2.149539 5.882737 8.175207 0.000000 0.000000 3.171779
 4748.000000 -296943.593750 408.320656 5.191372 2.217874 5.860544 6.876343 0.000000 0.000000 2.667852
 4750.000000 -296833.812500 407.750795 5.180622 2.253026 5.896582 9.219588 0.000000 0.000000 3.576973
 4752.000000 -296855.781250 408.898173 5.190815 2.191089 5.881045 8.259038 0.000000 0.000000 3.204303
 4754.000000 -296701.562500 408.823879 5.154829 2.213058 5.863781 7.246954 0.000000 0.000000 2.811640
 4756.000000 -297174.156250 409.519367 5.246048 2.190476 5.864769 7.367102 0.000000 0.000000 2.858254
 4758.000000 -297258.156250 410.164718 5.232435 2.291778 5.948414 13.399955 0.000000 0.000000 5.198852
 4760.000000 -297100.468750 408.146569 5.196029 2.262068 5.980606 16.254566 0.000000 0.000000 6.306371
 4762.000000 -296736.625000 408.339380 5.190737 2.241320 5.936156 12.573466 0.000000 0.000000 4.878195
 4764.000000 -297337.718750 408.884082 5.178100 2.242884 5.944549 13.329322 0.000000 0.000000 5.171448
 4766.000000 -296612.843750 410.298032 5.249801 2.226278 5.959931 14.700206 0.000000 0.000000 5.703317
 4768.000000 -296763.718750 408.956614 5.170376 2.283716 5.925296 11.958013 0.000000 0.000000 4.639414
 4770.000000 -296902.125000 408.177026 5.157050 2.300750 5.891089 9.528147 0.000000 0.000000 3.696686
 4772.000000 -297073.968750 408.721402 5.164912 2.275325 5.896339 9.964388 0.000000 0.000000 3.865937
 4774.000000 -297539.687500 408.838169 5.174192 2.233592 5.931020 12.642094 0.000000 0.000000 4.904821
 4776.000000 -297420.468750 409.519385 5.206054 2.213610 5.881995 9.112153 0.000000 0.000000 3.535291
 4778.000000 -297384.062500 410.904102 5.165365 2.187040 5.955092 14.799884 0.000000 0.000000 5.741990
 4780.000000 -298253.562500 410.882229 5.205189 2.231456 5.965463 15.794206 0.000000 0.000000 6.127762
 4782.000000 -297779.968750 410.342451 5.126334 2.200495 5.973070 16.568385 0.000000 0.000000 6.428125
 4784.000000 -297905.312500 409.453843 5.136901 2.230018 5.889242 9.887115 0.000000 0.000000 3.835957
 4786.000000 -297710.156250 409.550724 5.193656 2.200921 5.943552 14.158419 0.000000 0.000000 5.493118
 4788.000000 -295586.156250 409.137129 5.152981 2.232556 5.907011 11.325977 0.000000 0.000000 4.394200
 4790.000000 -297089.656250 408.907634 5.223977 2.203156 6.008684 20.370095 0.000000 0.000000 7.903095
 4792.000000 -297402.250000 409.222562 5.200827 2.234623 5.905461 11.359860 0.000000 0.000000 4.407345
 4794.000000 -296958.437500 408.941903 5.193851 2.241636 5.968649 16.712414 0.000000 0.000000 6.484004
 4796.000000 -296069.656250 408.791929 5.246195 2.179882 5.872499 9.146194 0.000000 0.000000 3.548498
 4798.000000 -296354.062500 408.780546 5.227594 2.163207 5.870286 9.064368 0.000000 0.000000 3.516751
 4800.000000 -296499.781250 409.071661 5.155365 2.185818 5.884038 10.084675 0.000000 0.000000 3.912605
 4802.000000 -296270.281250 409.014147 5.233331 2.162844 5.904039 11.631102 0.000000 0.000000 4.512581
 4804.000000 -295996.312500 409.508919 5.236842 2.123082 5.883598 10.195747 0.000000 0.000000 3.955699
 4806.000000 -297234.687500 408.131483 5.179137 2.146838 5.899773 11.458951 0.000000 0.000000 4.445791
 4808.000000 -296546.968750 408.093029 5.160189 2.161262 5.881702 10.203186 0.000000 0.000000 3.958584
 4810.000000 -296002.000000 408.901340 5.169687 2.186307 5.821513 6.413529 0.000000 0.000000 2.488291
 4812.000000 -297852.468750 408.549772 5.105183 2.225857 5.835443 7.286812 0.000000 0.000000 2.827103
 4814.000000 -296324.781250 408.520438 5.154678 2.199962 5.868071 9.458031 0.000000 0.000000 3.669483
 4816.000000 -297910.125000 409.462850 5.210479 2.242124 5.879194 10.310017 0.000000 0.000000 4.000032
 4818.000000 -296962.906250 409.544146 5.201894 2.157452 5.861899 9.173266 0.000000 0.000000 3.559001
 4820.000000 -297089.937500 409.536818 5.201913 2.177410 5.827271 7.037171 0.000000 0.000000 2.730249
 4822.000000 -296655.031250 408.632922 5.176581 2.171544 5.736563 2.721867 0.000000 0.000000 1.056017
 4824.000000 -297153.750000 409.160283 5.148062 2.148360 5.770485 4.162578 0.000000 0.000000 1.614978
 4826.000000 -297023.406250 410.182238 5.167140 2.190033 5.707425 1.812777 0.000000 0.000000 0.703313
 4828.000000 -296208.687500 409.843291 5.183403 2.166006 5.740990 3.002755 0.000000 0.000000 1.164995
 4830.000000 -295702.687500 409.199626 5.189731 2.125480 5.776905 4.603441 0.000000 0.000000 1.786021
 4832.000000 -295849.906250 408.787416 5.157271 2.201099 5.776293 4.622052 0.000000 0.000000 1.793242
 4834.000000 -296343.625000 409.984963 5.184265 2.162923 5.820413 7.045630 0.000000 0.000000 2.733531
 4836.000000 -296882.718750 408.443423 5.181928 2.174591 5.756608 3.810973 0.000000 0.000000 1.478564
 4838.000000 -297270.312500 409.478946 5.182755 2.158209 5.824683 7.422648 0.000000 0.000000 2.879804
 4840.000000 -296394.312500 410.189778 5.096715 2.176537 5.783633 5.183281 0.000000 0.000000 2.010985
 4842.000000 -297430.031250 411.373017 5.121587 2.184944 5.785567 5.333736 0.000000 0.000000 2.069358
 4844.000000 -295206.156250 410.885288 5.106616 2.126623 5.810802 6.774615 0.000000 0.000000 2.628384
 4846.000000 -295977.500000 411.177984 5.123873 2.179291 5.797230 6.062682 0.000000 0.000000 2.352171
 4848.000000 -295726.875000 410.784865 5.206948 2.147427 5.817769 7.306515 0.000000 0.000000 2.834748
 4850.000000 -296177.781250 410.298101 5.189172 2.183951 5.828013 8.001949 0.000000 0.000000 3.104559
 4852.000000 -296287.875000 410.780819 5.259994 2.125423 5.762578 4.445185 0.000000 0.000000 1.724622
 4854.000000 -295663.000000 410.159528 5.272439 2.186362 5.716047 2.557810 0.000000 0.000000 0.992367
 4856.000000 -296929.375000 411.645273 5.164793 2.107490 5.777212 5.264016 0.000000 0.000000 2.042308
 4858.000000 -295634.125000 411.012722 5.209364 2.165786 5.788631 5.920427 0.000000 0.000000 2.296980
 4860.000000 -296725.781250 411.219365 5.206445 2.126892 5.810233 7.213989 0.000000 0.000000 2.798850
 4862.000000 -297120.687500 410.883706 5.203392 2.102940 5.835909 8.905043 0.000000 0.000000 3.454937
 4864.000000 -296657.031250 410.897831 5.220547 2.121558 5.823352 8.150591 0.000000 0.000000 3.162228
 4866.000000 -295618.281250 409.989930 5.216826 2.114451 5.754422 4.390896 0.000000 0.000000 1.703559
 4868.000000 -296704.093750 410.282686 5.224434 2.119522 5.765224 4.961256 0.000000 0.000000 1.924845
 4870.000000 -296571.906250 410.630036 5.287321 2.100608 5.756413 4.579881 0.000000 0.000000 1.776881
 4872.000000 -296806.062500 411.471720 5.254987 2.079518 5.769776 5.292982 0.000000 0.000000 2.053546
 4874.000000 -295822.375000 410.637089 5.188877 2.092614 5.721281 3.131612 0.000000 0.000000 1.214988
 4876.000000 -296876.625000 411.128947 5.246785 2.102676 5.759679 4.884630 0.000000 0.000000 1.895116
 4878.000000 -297417.500000 411.405222 5.233924 2.110498 5.843021 9.941998 0.000000 0.000000 3.857250
 4880.000000 -296581.500000 410.967258 5.258748 2.067107 5.742561 4.166045 0.000000 0.000000 1.616323
 4882.000000 -295619.437500 411.231813 5.198020 2.037959 5.795463 6.989371 0.000000 0.000000 2.711703
 4884.000000 -296747.281250 411.055003 5.195786 2.085712 5.718613 3.224587 0.000000 0.000000 1.251060
 4886.000000 -297738.281250 411.479132 5.159194 2.088468 5.737707 4.081890 0.000000 0.000000 1.583673
 4888.000000 -297996.031250 411.713673 5.160833 2.071253 5.682206 1.990996 0.000000 0.000000 0.772457
 4890.000000 -296893.125000 410.000373 5.181259 2.119034 5.669879 1.649653 0.000000 0.000000 0.640025
 4892.000000 -297745.750000 409.691931 5.120108 2.154491 5.718950 3.401077 0.000000 0.000000 1.319534
 4894.000000 -296859.281250 411.518297 5.186757 2.129499 5.828807 9.508673 0.000000 0.000000 3.689131
 4896.000000 -297255.937500 409.543500 5.146227 2.077418 5.804172 7.948862 0.000000 0.000000 3.083962
 4898.000000 -297351.937500 410.623818 5.176924 2.096427 5.761881 5.558837 0.000000 0.000000 2.156692
 4900.000000 -297813.687500 409.751663 5.128458 2.083897 5.764843 5.769681 0.000000 0.000000 2.238494
 4902.000000 -296063.906250 409.573391 5.200967 2.057763 5.640805 1.053512 0.000000 0.000000 0.408737
 4904.000000 -297630.937500 408.503800 5.188937 2.052072 5.680432 2.192294 0.000000 0.000000 0.850556
 4906.000000 -297533.187500 408.723182 5.109888 2.052119 5.744532 4.877378 0.000000 0.000000 1.892302
 4908.000000 -296794.531250 410.364872 5.030873 2.107921 5.731042 4.280055 0.000000 0.000000 1.660556
 4910.000000 -297229.781250 410.182486 5.059229 2.136815 5.733339 4.433932 0.000000 0.000000 1.720256
 4912.000000 -297362.937500 410.440561 5.060366 2.038951 5.687537 2.575360 0.000000 0.000000 0.999176
 4914.000000 -296771.906250 409.505918 5.092342 2.051892 5.690292 2.711872 0.000000 0.000000 1.052139
 4916.000000 -296743.843750 409.061082 5.162596 1.989066 5.643809 1.295629 0.000000 0.000000 0.502672
 4918.000000 -296627.875000 409.029131 5.089349 2.040031 5.676623 2.299210 0.000000 0.000000 0.892037
 4920.000000 -296889.531250 410.170001 5.100346 2.039991 5.610561 0.622353 0.000000 0.000000 0.241457
 4922.000000 -295911.375000 411.473988 5.139905 2.051971 5.645443 1.416262 0.000000 0.000000 0.549475
 4924.000000 -295197.468750 410.455149 5.176866 1.990881 5.647302 1.493371 0.000000 0.000000 0.579391
 4926.000000 -295496.750000 411.140147 5.207577 2.047046 5.645566 1.473322 0.000000 0.000000 0.571613
 4928.000000 -296145.843750 410.699575 5.226248 2.030085 5.635053 1.226448 0.000000 0.000000 0.475832
 4930.000000 -295652.093750 410.628791 5.157540 2.091593 5.657977 1.890413 0.000000 0.000000 0.733434
 4932.000000 -297493.812500 410.726749 5.171494 2.094142 5.704455 3.631845 0.000000 0.000000 1.409066
 4934.000000 -297388.343750 410.770786 5.150634 2.097885 5.612890 0.797801 0.000000 0.000000 0.309527
 4936.000000 -297446.500000 410.633888 5.168918 2.056088 5.653199 1.836155 0.000000 0.000000 0.712383
 4938.000000 -296744.437500 408.853993 5.178551 2.031650 5.573313 0.223800 0.000000 0.000000 0.086829
 4940.000000 -298023.968750 409.999118 5.167424 2.058292 5.587150 0.408264 0.000000 0.000000 0.158396
 4942.000000 -297374.250000 409.621181 5.186794 2.037781 5.583004 0.364553 0.000000 0.000000 0.141437
 4944.000000 -297951.218750 408.550838 5.188305 2.056254 5.644062 1.683811 0.000000 0.000000 0.653277
 4946.000000 -297218.593750 411.089632 5.113280 2.063181 5.637349 1.522102 0.000000 0.000000 0.590538
 4948.000000 -297066.843750 409.299858 5.211026 2.089476 5.698159 3.704847 0.000000 0.000000 1.437389
 4950.000000 -297080.781250 410.003149 5.152411 2.030587 5.649742 1.945073 0.000000 0.000000 0.754640
 4952.000000 -298496.218750 409.698498 5.201156 2.063018 5.633458 1.497640 0.000000 0.000000 0.581047
 4954.000000 -297086.656250 409.512455 5.147536 2.095649 5.646385 1.902971 0.000000 0.000000 0.738306
 4956.000000 -297416.843750 409.308577 5.148040 2.122484 5.680353 3.134440 0.000000 0.000000 1.216085
 4958.000000 -298533.000000 410.018855 5.153599 2.098971 5.572274 0.328633 0.000000 0.000000 0.127502
 4960.000000 -297625.968750 410.256727 5.141245 2.072024 5.582480 0.487967 0.000000 0.000000 0.189319
 4962.000000 -297174.062500 410.157000 5.124261 2.165767 5.605778 0.941305 0.000000 0.000000 0.365203
 4964.000000 -296080.437500 410.495311 5.140926 2.143439 5.617918 1.247949 0.000000 0.000000 0.484173
 4966.000000 -296791.156250 410.740991 5.044736 2.070114 5.596844 0.796873 0.000000 0.000000 0.309167
 4968.000000 -297464.875000 409.666436 5.047922 2.092100 5.617814 1.295761 0.000000 0.000000 0.502723
 4970.000000 -296697.718750 409.264289 5.067926 2.135574 5.650720 2.302486 0.000000 0.000000 0.893308
 4972.000000 -297254.375000 409.911626 5.120281 2.173164 5.690963 3.914479 0.000000 0.000000 1.518721
 4974.000000 -298398.281250 408.782163 5.085765 2.087747 5.588322 0.709178 0.000000 0.000000 0.275144
 4976.000000 -298074.625000 408.864815 5.086325 2.136004 5.663631 2.873979 0.000000 0.000000 1.115033
 4978.000000 -297718.375000 408.517563 5.129733 2.071090 5.684830 3.777120 0.000000 0.000000 1.465429
 4980.000000 -299046.281250 407.864986 5.207507 2.109386 5.716058 5.307471 0.000000 0.000000 2.059168
 4982.000000 -297506.187500 407.266665 5.123441 2.089077 5.654467 2.645079 0.000000 0.000000 1.026225
 4984.000000 -297023.343750 408.187877 5.112249 2.047446 5.659164 2.856307 0.000000 0.000000 1.108177
 4986.000000 -297306.437500 409.402136 5.100934 2.078358 5.667112 3.204477 0.000000 0.000000 1.243258
 4988.000000 -298886.468750 408.788901 5.073259 2.086966 5.643871 2.376037 0.000000 0.000000 0.921844
 4990.000000 -297939.968750 409.394754 5.142828 2.054478 5.603523 1.213354 0.000000 0.000000 0.470752
 4992.000000 -298075.656250 409.475336 5.096228 2.128039 5.571831 0.575132 0.000000 0.000000 0.223137
 4994.000000 -297333.625000 409.019726 5.118624 2.189150 5.498414 0.002629 0.000000 0.000000 0.001020
 4996.000000 -297208.062500 408.158839 5.076717 2.090702 5.517389 0.029602 0.000000 0.000000 0.011485
 4998.000000 -296715.968750 407.884062 5.071047 2.122157 5.482044 0.044917 0.000000 0.000000 0.017427
 5000.000000 -297821.687500 408.676650 5.049368 2.160848 5.496488 0.001541 0.000000 0.000000 0.000598
 5002.000000 -297465.312500 408.452296 5.116433 2.102791 5.483156 0.031380 0.000000 0.000000 0.012175
 5004.000000 -297189.062500 408.457407 5.076333 2.101467 5.505859 0.007720 0.000000 0.000000 0.002995
 5006.000000 -298557.281250 408.857947 5.080570 2.131288 5.475064 0.060146 0.000000 0.000000 0.023335
 5008.000000 -297711.812500 407.934067 5.103781 2.187228 5.492767 0.001306 0.000000 0.000000 0.000507
 5010.000000 -297546.781250 407.908224 5.103391 2.089560 5.474139 0.054397 0.000000 0.000000 0.021105
 5012.000000 -297272.468750 408.840718 5.040139 2.083396 5.434830 0.437636 0.000000 0.000000 0.169792
 5014.000000 -296704.187500 409.618084 5.118395 2.047616 5.456215 0.169141 0.000000 0.000000 0.065623
 5016.000000 -296478.562500 411.103980 5.167829 2.055902 5.520917 0.104526 0.000000 0.000000 0.040553
 5018.000000 -296551.281250 411.099295 5.165150 2.099216 5.502738 0.017224 0.000000 0.000000 0.006682
 5020.000000 -297732.843750 411.594317 5.184151 2.029511 5.496911 0.005971 0.000000 0.000000 0.002316
 5022.000000 -297288.312500 411.143567 5.146370 2.057558 5.511561 0.063625 0.000000 0.000000 0.024685
 5024.000000 -297064.781250 410.245362 5.137363 2.003647 5.517935 0.112011 0.000000 0.000000 0.043458
 5026.000000 -296362.937500 410.185688 5.105067 2.012896 5.495581 0.009205 0.000000 0.000000 0.003571
 5028.000000 -297034.656250 410.750452 5.141803 2.138149 5.564055 0.761575 0.000000 0.000000 0.295472
 5030.000000 -295744.000000 412.506583 5.125591 2.228037 5.559098 0.686313 0.000000 0.000000 0.266272
 5032.000000 -296898.625000 411.131138 5.130732 2.110235 5.529561 0.259477 0.000000 0.000000 0.100671
 5034.000000 -296522.875000 410.389494 5.162634 2.098418 5.568947 0.923364 0.000000 0.000000 0.358243
 5036.000000 -296408.468750 408.927138 5.127345 2.100967 5.660709 3.992095 0.000000 0.000000 1.548834
 5038.000000 -297822.687500 407.910761 5.136933 2.145745 5.512857 0.126862 0.000000 0.000000 0.049219
 5040.000000 -298138.968750 408.693421 5.162788 2.107773 5.580042 1.251046 0.000000 0.000000 0.485375
 5042.000000 -298708.000000 407.648761 5.141161 2.124330 5.548416 0.602324 0.000000 0.000000 0.233687
 5044.000000 -296892.593750 409.306150 5.083025 2.121410 5.600490 1.875475 0.000000 0.000000 0.727638
 5046.000000 -296994.218750 408.862559 5.164106 2.062086 5.644586 3.510645 0.000000 0.000000 1.362044
 5048.000000 -296929.968750 408.385820 5.162281 2.005486 5.556254 0.805087 0.000000 0.000000 0.312354
 5050.000000 -297289.625000 409.650412 5.194431 1.996132 5.578561 1.340615 0.000000 0.000000 0.520125
 5052.000000 -298611.781250 409.479925 5.118772 2.049956 5.507492 0.140210 0.000000 0.000000 0.054398
 5054.000000 -298471.062500 409.927998 5.157554 2.080042 5.563553 1.024979 0.000000 0.000000 0.397667
 5056.000000 -299624.062500 408.445182 5.176622 2.144377 5.597956 1.983115 0.000000 0.000000 0.769400
 5058.000000 -297644.312500 408.561574 5.181400 2.095744 5.606537 2.296298 0.000000 0.000000 0.890907
 5060.000000 -297932.343750 407.481571 5.126293 2.086948 5.640899 3.650823 0.000000 0.000000 1.416429
 5062.000000 -297698.406250 408.523994 5.200319 2.040404 5.579392 1.523295 0.000000 0.000000 0.591001
 5064.000000 -297609.656250 409.137506 5.200423 2.069401 5.590326 1.870453 0.000000 0.000000 0.725690
 5066.000000 -296980.875000 409.059763 5.126529 2.075039 5.565901 1.222688 0.000000 0.000000 0.474373
 5068.000000 -297966.000000 409.739267 5.174400 2.128424 5.580386 1.635512 0.000000 0.000000 0.634538
 5070.000000 -298020.406250 409.608730 5.221283 2.028931 5.451757 0.021923 0.000000 0.000000 0.008505
 5072.000000 -297246.843750 408.605917 5.189365 2.139168 5.529321 0.533359 0.000000 0.000000 0.206930
 5074.000000 -296850.093750 407.881995 5.128866 2.066335 5.536455 0.674453 0.000000 0.000000 0.261671
 5076.000000 -297335.781250 407.983953 5.147450 2.038722 5.592179 2.118327 0.000000 0.000000 0.821859
 5078.000000 -297752.281250 407.342356 5.142332 2.071963 5.576958 1.680795 0.000000 0.000000 0.652107
 5080.000000 -297939.156250 407.157486 5.127520 2.066699 5.667453 5.379613 0.000000 0.000000 2.087157
 5082.000000 -297972.000000 407.965109 5.123911 1.947998 5.466331 0.006718 0.000000 0.000000 0.002606
 5084.000000 -298388.968750 408.207661 5.134259 2.025404 5.528386 0.619278 0.000000 0.000000 0.240264
 5086.000000 -297710.593750 408.909601 5.093846 2.073017 5.558435 1.286145 0.000000 0.000000 0.498992
 5088.000000 -297138.187500 409.254708 5.091033 2.083022 5.515524 0.442882 0.000000 0.000000 0.171827
 5090.000000 -297839.968750 409.145663 5.076005 2.020832 5.525407 0.619650 0.000000 0.000000 0.240409
 5092.000000 -297018.937500 409.733681 5.159036 2.037106 5.548409 1.114124 0.000000 0.000000 0.432252
 5094.000000 -297598.906250 410.002720 5.184950 2.067862 5.524126 0.632361 0.000000 0.000000 0.245340
 5096.000000 -297983.000000 409.630111 5.168201 2.084697 5.506759 0.374824 0.000000 0.000000 0.145422
 5098.000000 -297508.531250 408.753563 5.154018 2.085410 5.542087 1.037109 0.000000 0.000000 0.402373
 5100.000000 -297348.281250 408.295916 5.134392 2.070681 5.583215 2.218272 0.000000 0.000000 0.860635
 5102.000000 -298079.468750 410.084227 5.182699 2.072128 5.563237 1.631273 0.000000 0.000000 0.632894
 5104.000000 -296916.468750 410.399534 5.198909 2.041517 5.517889 0.610562 0.000000 0.000000 0.236883
 5106.000000 -297423.406250 409.275549 5.253238 1.973756 5.564879 1.736925 0.000000 0.000000 0.673884
 5108.000000 -297973.125000 408.911795 5.118268 2.055788 5.570794 1.946703 0.000000 0.000000 0.755273
 5110.000000 -297217.906250 409.588720 5.061225 2.074784 5.626487 4.117212 0.000000 0.000000 1.597377
 5112.000000 -297685.062500 408.581310 5.108123 2.037007 5.608083 3.365418 0.000000 0.000000 1.305699
 5114.000000 -297014.843750 410.395189 5.149210 2.070545 5.537252 1.110424 0.000000 0.000000 0.430817
 5116.000000 -298421.593750 409.853704 5.163291 2.056898 5.589365 2.714544 0.000000 0.000000 1.053176
 5118.000000 -297258.687500 408.883452 5.126507 2.048419 5.491460 0.318275 0.000000 0.000000 0.123483
 5120.000000 -297270.031250 409.616817 5.184788 2.026192 5.556977 1.710453 0.000000 0.000000 0.663613
 5122.000000 -297143.906250 409.257967 5.213622 2.040416 5.519911 0.818315 0.000000 0.000000 0.317486
 5124.000000 -296782.812500 410.509675 5.266615 2.037755 5.596245 3.130201 0.000000 0.000000 1.214441
 5126.000000 -297032.281250 410.624936 5.263526 2.047015 5.521845 0.899828 0.000000 0.000000 0.349111
 5128.000000 -296816.875000 409.830171 5.263167 2.027922 5.489098 0.352420 0.000000 0.000000 0.136730
 5130.000000 -297133.218750 410.164544 5.235033 2.010480 5.483377 0.292541 0.000000 0.000000 0.113499
 5132.000000 -298916.156250 410.365588 5.294213 2.047658 5.542538 1.472555 0.000000 0.000000 0.571315
 5134.000000 -298360.281250 410.403628 5.273979 2.040467 5.517118 0.884482 0.000000 0.000000 0.343157
 5136.000000 -297635.468750 411.583669 5.376506 2.042435 5.575376 2.569591 0.000000 0.000000 0.996938
 5138.000000 -297261.781250 410.061940 5.336929 2.061748 5.571772 2.477101 0.000000 0.000000 0.961054
 5140.000000 -298449.812500 409.781901 5.303372 2.060824 5.578603 2.760374 0.000000 0.000000 1.070957
 5142.000000 -298056.125000 410.666323 5.333808 2.039819 5.531121 1.303590 0.000000 0.000000 0.505761
 5144.000000 -297417.000000 409.920787 5.265393 2.105575 5.570700 2.545426 0.000000 0.000000 0.987562
 5146.000000 -297159.125000 410.726173 5.333017 2.072393 5.532288 1.385706 0.000000 0.000000 0.537620
 5148.000000 -298500.593750 408.605136 5.350096 2.076750 5.483286 0.410212 0.000000 0.000000 0.159152
 5150.000000 -298583.656250 408.717252 5.345387 2.031149 5.456706 0.125659 0.000000 0.000000 0.048752
 5152.000000 -297946.656250 409.518592 5.341970 2.023159 5.531106 1.433952 0.000000 0.000000 0.556338
 5154.000000 -296996.031250 408.838466 5.209967 1.986013 5.469274 0.267658 0.000000 0.000000 0.103845
 5156.000000 -298269.875000 409.708109 5.309499 2.010665 5.502555 0.811139 0.000000 0.000000 0.314702
 5158.000000 -297411.937500 410.113672 5.335705 1.976117 5.563029 2.521521 0.000000 0.000000 0.978288
 5160.000000 -296926.218750 412.011045 5.371795 2.021732 5.590547 3.635787 0.000000 0.000000 1.410596
 5162.000000 -296956.937500 411.193714 5.380885 1.989325 5.518664 1.241612 0.000000 0.000000 0.481715
 5164.000000 -296999.906250 410.567186 5.450674 1.933544 5.522407 1.362593 0.000000 0.000000 0.528652
 5166.000000 -296741.187500 410.933132 5.415408 1.915676 5.487893 0.628235 0.000000 0.000000 0.243740
 5168.000000 -296832.937500 410.737820 5.315142 1.990262 5.508792 1.076286 0.000000 0.000000 0.417572
 5170.000000 -297340.781250 410.381685 5.299692 2.030136 5.472996 0.420437 0.000000 0.000000 0.163119
 5172.000000 -297098.218750 412.108502 5.317945 1.956395 5.513219 1.230541 0.000000 0.000000 0.477419
 5174.000000 -297910.156250 410.702778 5.253175 1.985141 5.420722 0.007454 0.000000 0.000000 0.002892
 5176.000000 -296951.000000 410.989874 5.301448 2.049502 5.472543 0.458175 0.000000 0.000000 0.177761
 5178.000000 -297293.968750 410.793850 5.270096 2.001169 5.448333 0.174218 0.000000 0.000000 0.067592
 5180.000000 -297580.625000 410.528199 5.254810 2.040413 5.447709 0.177746 0.000000 0.000000 0.068961
 5182.000000 -295742.375000 410.821246 5.322183 2.049577 5.489663 0.813312 0.000000 0.000000 0.315545
 5184.000000 -296505.906250 411.156368 5.312547 2.096384 5.476589 0.588053 0.000000 0.000000 0.228150
 5186.000000 -296894.406250 409.438876 5.409598 2.061907 5.415952 0.010018 0.000000 0.000000 0.003887
 5188.000000 -297275.125000 408.760070 5.217838 2.028984 5.493135 0.949056 0.000000 0.000000 0.368210
 5190.000000 -298082.562500 409.532442 5.269216 2.040772 5.489937 0.901789 0.000000 0.000000 0.349872
 5192.000000 -296017.968750 409.447138 5.267192 1.992698 5.518173 1.629422 0.000000 0.000000 0.632176
 5194.000000 -295994.718750 410.284703 5.312225 2.017842 5.443520 0.205231 0.000000 0.000000 0.079625
 5196.000000 -297381.593750 409.775394 5.343518 2.010399 5.445424 0.235710 0.000000 0.000000 0.091450
 5198.000000 -297802.562500 408.893794 5.287450 2.015488 5.428526 0.094712 0.000000 0.000000 0.036746
 5200.000000 -296981.218750 409.419115 5.360871 2.024385 5.567451 3.504991 0.000000 0.000000 1.359850
 5202.000000 -296591.906250 410.345331 5.320461 2.036504 5.448604 0.307570 0.000000 0.000000 0.119330
 5204.000000 -296513.625000 411.085319 5.296520 2.033098 5.425106 0.091845 0.000000 0.000000 0.035634
 5206.000000 -296432.343750 410.544968 5.296680 2.069612 5.418813 0.059478 0.000000 0.000000 0.023076
 5208.000000 -297676.937500 411.587691 5.299961 2.103674 5.437727 0.217638 0.000000 0.000000 0.084438
 5210.000000 -296383.125000 411.559216 5.389960 2.045792 5.428242 0.138131 0.000000 0.000000 0.053592
 5212.000000 -296188.500000 412.521591 5.286075 2.009896 5.441087 0.277148 0.000000 0.000000 0.107527
 5214.000000 -296538.906250 411.109221 5.324059 1.986716 5.470828 0.757158 0.000000 0.000000 0.293758
 5216.000000 -295477.750000 411.011064 5.245693 2.037159 5.392543 0.000037 0.000000 0.000000 0.000014
 5218.000000 -296112.125000 412.013110 5.358150 1.997260 5.403342 0.019039 0.000000 0.000000 0.007387
 5220.000000 -295711.812500 411.326243 5.375280 2.070120 5.495053 1.379510 0.000000 0.000000 0.535216
 5222.000000 -295773.187500 409.975049 5.385409 1.970237 5.380196 0.009689 0.000000 0.000000 0.003759
 5224.000000 -296239.625000 410.348195 5.334082 2.033559 5.415279 0.093019 0.000000 0.000000 0.036089
 5226.000000 -297492.031250 407.865753 5.381991 2.024315 5.485851 1.221436 0.000000 0.000000 0.473887
 5228.000000 -297181.562500 409.650142 5.335505 2.037346 5.464592 0.772091 0.000000 0.000000 0.299552
 5230.000000 -297001.875000 409.311492 5.321459 2.044415 5.488762 1.345809 0.000000 0.000000 0.522141
 5232.000000 -296713.718750 409.869506 5.347703 2.053378 5.473221 0.995044 0.000000 0.000000 0.386053
 5234.000000 -297139.687500 409.910304 5.323938 2.053937 5.476253 1.087004 0.000000 0.000000 0.421731
 5236.000000 -299397.375000 408.384963 5.351307 2.086669 5.444303 0.485202 0.000000 0.000000 0.188246
 5238.000000 -298076.031250 409.162902 5.372653 2.028975 5.474952 1.103369 0.000000 0.000000 0.428080
 5240.000000 -298299.875000 409.700818 5.362421 2.028865 5.470320 1.019704 0.000000 0.000000 0.395620
 5242.000000 -297275.093750 409.764877 5.347519 1.989504 5.446659 0.572218 0.000000 0.000000 0.222007
 5244.000000 -296839.250000 410.581712 5.390285 2.008293 5.415602 0.176739 0.000000 0.000000 0.068571
 5246.000000 -297982.187500 410.346278 5.353203 2.075354 5.475929 1.223364 0.000000 0.000000 0.474635
 5248.000000 -297439.093750 409.625076 5.305618 2.021542 5.462445 0.934093 0.000000 0.000000 0.362405
 5250.000000 -297700.812500 410.007245 5.328228 2.034514 5.516246 2.493789 0.000000 0.000000 0.967529
 5252.000000 -296736.093750 409.598346 5.370345 1.999946 5.515819 2.514093 0.000000 0.000000 0.975406
 5254.000000 -296579.343750 410.162101 5.273944 1.971405 5.448917 0.720415 0.000000 0.000000 0.279503
 5256.000000 -296595.187500 409.715197 5.288078 1.974118 5.433105 0.466735 0.000000 0.000000 0.181082
 5258.000000 -296629.656250 408.519277 5.275656 1.948236 5.521665 2.837502 0.000000 0.000000 1.100881
 5260.000000 -297613.656250 410.273946 5.234882 1.947994 5.452415 0.849022 0.000000 0.000000 0.329400
 5262.000000 -297688.687500 410.083622 5.197056 1.997608 5.477075 1.460017 0.000000 0.000000 0.566451
 5264.000000 -296994.031250 409.880703 5.284694 2.058547 5.466348 1.209032 0.000000 0.000000 0.469075
 5266.000000 -298540.843750 408.720752 5.333923 1.931751 5.420240 0.354317 0.000000 0.000000 0.137466
 5268.000000 -296959.218750 410.842629 5.379993 1.976133 5.576451 5.536211 0.000000 0.000000 2.147913
 5270.000000 -296585.062500 410.536532 5.359673 1.976159 5.573344 5.425911 0.000000 0.000000 2.105119
 5272.000000 -296936.562500 410.216200 5.377613 1.931721 5.632884 9.037327 0.000000 0.000000 3.506260
 5274.000000 -297594.468750 410.319217 5.350274 1.971819 5.561403 4.920491 0.000000 0.000000 1.909029
 5276.000000 -296866.531250 409.719355 5.364795 2.028481 5.550576 4.445119 0.000000 0.000000 1.724597
 5278.000000 -296384.343750 410.476804 5.316343 1.996690 5.439424 0.768790 0.000000 0.000000 0.298271
 5280.000000 -297233.187500 410.570654 5.301579 1.971964 5.462264 1.307240 0.000000 0.000000 0.507177
 5282.000000 -296368.312500 410.977540 5.233196 2.043159 5.472292 1.604393 0.000000 0.000000 0.622465
 5284.000000 -297515.468750 409.674803 5.175588 1.963905 5.470514 1.582438 0.000000 0.000000 0.613947
 5286.000000 -296184.531250 409.510159 5.288435 2.011084 5.401265 0.244919 0.000000 0.000000 0.095023
 5288.000000 -295636.500000 409.982251 5.279865 2.050144 5.413239 0.409542 0.000000 0.000000 0.158892
 5290.000000 -296608.875000 410.433628 5.304085 1.993431 5.386279 0.122294 0.000000 0.000000 0.047447
 5292.000000 -297649.875000 411.322685 5.369790 2.001400 5.489190 2.284557 0.000000 0.000000 0.886352
 5294.000000 -297070.875000 411.960454 5.293976 1.922870 5.365531 0.019629 0.000000 0.000000 0.007616
 5296.000000 -296964.031250 411.078976 5.367849 1.987567 5.415070 0.497231 0.000000 0.000000 0.192913
 5298.000000 -296575.312500 410.662097 5.412809 1.994007 5.467281 1.690161 0.000000 0.000000 0.655741
 5300.000000 -296792.406250 410.123457 5.350274 2.055535 5.450130 1.253242 0.000000 0.000000 0.486227
 5302.000000 -297507.312500 409.944539 5.317296 2.053312 5.533483 4.254267 0.000000 0.000000 1.650551
 5304.000000 -297232.906250 410.450008 5.316395 2.017069 5.490589 2.541440 0.000000 0.000000 0.986016
 5306.000000 -296374.562500 411.531542 5.321728 2.038838 5.553058 5.307501 0.000000 0.000000 2.059179
 5308.000000 -296176.843750 411.307033 5.288957 2.057514 5.441484 1.139651 0.000000 0.000000 0.442157
 5310.000000 -296994.156250 410.214824 5.320063 2.066838 5.509861 3.397381 0.000000 0.000000 1.318100
 5312.000000 -297631.593750 410.565108 5.227769 2.077010 5.447238 1.332253 0.000000 0.000000 0.516881
 5314.000000 -298436.875000 412.372637 5.314289 2.110921 5.592420 7.776321 0.000000 0.000000 3.017021
 5316.000000 -297006.062500 412.072031 5.313511 1.989803 5.517662 3.857122 0.000000 0.000000 1.496468
 5318.000000 -297130.843750 411.758394 5.281458 1.998788 5.489247 2.747130 0.000000 0.000000 1.065819
 5320.000000 -297269.968750 410.762190 5.396315 2.001618 5.441769 1.294620 0.000000 0.000000 0.502281
 5322.000000 -296398.062500 410.552960 5.378714 2.091174 5.449721 1.532390 0.000000 0.000000 0.594530
 5324.000000 -296212.125000 411.813885 5.388363 2.057560 5.500949 3.319042 0.000000 0.000000 1.287707
 5326.000000 -297203.656250 409.660398 5.324178 2.044353 5.501418 3.379168 0.000000 0.000000 1.311034
 5328.000000 -297595.187500 410.085751 5.373813 2.056831 5.526135 4.518893 0.000000 0.000000 1.753219
 5330.000000 -297552.812500 409.799985 5.363074 2.098579 5.575330 7.219818 0.000000 0.000000 2.801111
 5332.000000 -297825.625000 408.947105 5.326618 2.008348 5.496688 3.308420 0.000000 0.000000 1.283586
 5334.000000 -298867.000000 409.159076 5.251508 2.070438 5.556811 6.261442 0.000000 0.000000 2.429285
 5336.000000 -297334.187500 408.257519 5.371000 2.022657 5.442994 1.539970 0.000000 0.000000 0.597470
 5338.000000 -297603.968750 410.061626 5.347918 2.086729 5.489718 3.148910 0.000000 0.000000 1.221699
 5340.000000 -297510.875000 410.148620 5.300618 2.023349 5.522808 4.646886 0.000000 0.000000 1.802877
 5342.000000 -297160.406250 410.350549 5.417335 2.136367 5.469200 2.457010 0.000000 0.000000 0.953259
 5344.000000 -298625.406250 409.839411 5.332801 2.090092 5.507297 4.018427 0.000000 0.000000 1.559051
 5346.000000 -297326.343750 409.561322 5.399099 2.060990 5.495953 3.568130 0.000000 0.000000 1.384346
 5348.000000 -297678.687500 409.261778 5.350860 2.049556 5.575871 7.804447 0.000000 0.000000 3.027933
 5350.000000 -298391.250000 410.015641 5.229931 2.083448 5.523445 4.922539 0.000000 0.000000 1.909824
 5352.000000 -298090.843750 408.960739 5.257069 2.067901 5.632957 11.931814 0.000000 0.000000 4.629250
 5354.000000 -297541.968750 409.572046 5.231827 1.996213 5.619703 11.004058 0.000000 0.000000 4.269303
 5356.000000 -298008.968750 409.654797 5.277479 2.078214 5.551053 6.558131 0.000000 0.000000 2.544393
 5358.000000 -298088.062500 408.038807 5.199470 2.159611 5.580349 8.407740 0.000000 0.000000 3.261996
 5360.000000 -296938.062500 410.486518 5.309501 2.152750 5.593573 9.355272 0.000000 0.000000 3.629615
 5362.000000 -296413.250000 410.732782 5.316707 2.258592 5.587577 9.016707 0.000000 0.000000 3.498260
 5364.000000 -296948.750000 410.080946 5.307683 2.275075 5.601727 10.062620 0.000000 0.000000 3.904048
 5366.000000 -297377.968750 410.436635 5.236911 2.206154 5.575998 8.385026 0.000000 0.000000 3.253183
 5368.000000 -297659.343750 411.212062 5.324423 2.176099 5.641610 13.252748 0.000000 0.000000 5.141740
 5370.000000 -296918.968750 409.853829 5.360601 2.177027 5.597219 9.955919 0.000000 0.000000 3.862651
 5372.000000 -295664.531250 409.365052 5.287049 2.089487 5.636806 13.025463 0.000000 0.000000 5.053558
 5374.000000 -296756.125000 410.341636 5.151597 2.143244 5.556657 7.421076 0.000000 0.000000 2.879195
 5376.000000 -296634.750000 410.395150 5.291604 2.106250 5.559972 7.686269 0.000000 0.000000 2.982083
 5378.000000 -297185.062500 409.842842 5.301946 2.137490 5.619864 11.924589 0.000000 0.000000 4.626446
 5380.000000 -297724.343750 409.709753 5.238503 2.187621 5.522435 5.641055 0.000000 0.000000 2.188590
 5382.000000 -297357.218750 409.381148 5.121973 2.271981 5.364533 0.385487 0.000000 0.000000 0.149559
 5384.000000 -297887.562500 407.875354 5.173569 2.158453 5.450687 2.544954 0.000000 0.000000 0.987379
 5386.000000 -298589.687500 407.985944 5.270951 2.201179 5.416106 1.488010 0.000000 0.000000 0.577311
 5388.000000 -298007.750000 409.297368 5.176103 2.185690 5.589360 10.036620 0.000000 0.000000 3.893961
 5390.000000 -298337.468750 407.767697 5.196041 2.187142 5.533715 6.538819 0.000000 0.000000 2.536900
 5392.000000 -297313.093750 407.360538 5.181633 2.254477 5.409026 1.378810 0.000000 0.000000 0.534944
 5394.000000 -297893.843750 407.741426 5.134056 2.253439 5.353263 0.315792 0.000000 0.000000 0.122519
 5396.000000 -298451.406250 408.758543 5.161097 2.262626 5.451493 2.793509 0.000000 0.000000 1.083813
 5398.000000 -297940.406250 408.164147 5.085735 2.281093 5.379433 0.768975 0.000000 0.000000 0.298343
 5400.000000 -298147.843750 407.601725 5.232224 2.227998 5.422044 1.861849 0.000000 0.000000 0.722351
 5402.000000 -298072.718750 408.499631 5.207258 2.205970 5.387344 0.975584 0.000000 0.000000 0.378503
 5404.000000 -298668.500000 408.750808 5.238836 2.243971 5.486249 4.429694 0.000000 0.000000 1.718612
 5406.000000 -298024.187500 409.640398 5.279169 2.242381 5.558293 8.534228 0.000000 0.000000 3.311070
 5408.000000 -298813.343750 409.176458 5.334112 2.185531 5.576961 9.867418 0.000000 0.000000 3.828315
 5410.000000 -297892.250000 409.604627 5.287222 2.245327 5.552435 8.284103 0.000000 0.000000 3.214028
 5412.000000 -297257.343750 409.612223 5.289067 2.244589 5.563985 9.111497 0.000000 0.000000 3.535036
 5414.000000 -297840.406250 408.668593 5.297515 2.233613 5.583836 10.573178 0.000000 0.000000 4.102132
 5416.000000 -297795.875000 409.188743 5.276300 2.188479 5.635957 14.788342 0.000000 0.000000 5.737512
 5418.000000 -298285.093750 409.319679 5.288396 2.192294 5.549993 8.384674 0.000000 0.000000 3.253047
 5420.000000 -297566.031250 410.779641 5.317084 2.325399 5.537598 7.663115 0.000000 0.000000 2.973100
 5422.000000 -297178.906250 410.010824 5.326909 2.230024 5.473954 4.275998 0.000000 0.000000 1.658982
 5424.000000 -298019.093750 408.861404 5.344869 2.144599 5.499611 5.597427 0.000000 0.000000 2.171664
 5426.000000 -297971.812500 408.660364 5.332806 2.175510 5.537422 7.838909 0.000000 0.000000 3.041303
 5428.000000 -297408.906250 409.671898 5.321046 2.192411 5.619406 13.894976 0.000000 0.000000 5.390908
 5430.000000 -297281.250000 409.514099 5.268076 2.263793 5.573352 10.393339 0.000000 0.000000 4.032359
 5432.000000 -298676.000000 408.924796 5.287737 2.180244 5.627673 14.763933 0.000000 0.000000 5.728042
 5434.000000 -299332.750000 409.119832 5.243094 2.247485 5.588293 11.650446 0.000000 0.000000 4.520086
 5436.000000 -298945.875000 409.288153 5.230266 2.274929 5.641859 16.187269 0.000000 0.000000 6.280261
 5438.000000 -297890.250000 409.643705 5.280435 2.354300 5.646285 16.679136 0.000000 0.000000 6.471094
 5440.000000 -298209.093750 409.530264 5.310299 2.365523 5.587374 11.809879 0.000000 0.000000 4.581942
 5442.000000 -299485.375000 409.539974 5.296584 2.415683 5.564849 10.213686 0.000000 0.000000 3.962658
 5444.000000 -297846.812500 410.720802 5.284136 2.395758 5.471501 4.680335 0.000000 0.000000 1.815855
 5446.000000 -298041.218750 410.234888 5.199145 2.252828 5.429087 2.891317 0.000000 0.000000 1.121760
 5448.000000 -297007.843750 409.128391 5.242160 2.277622 5.368284 1.064553 0.000000 0.000000 0.413020
 5450.000000 -297076.625000 409.287229 5.256975 2.288394 5.508516 6.816189 0.000000 0.000000 2.644513
 5452.000000 -297334.406250 408.465574 5.221031 2.270520 5.527995 8.064157 0.000000 0.000000 3.128694
 5454.000000 -297325.843750 409.682596 5.252391 2.193051 5.527457 8.093553 0.000000 0.000000 3.140099
 5456.000000 -296650.687500 409.719550 5.253685 2.261583 5.417706 2.653775 0.000000 0.000000 1.029599
 5458.000000 -297860.531250 408.941958 5.252130 2.229027 5.525779 8.114046 0.000000 0.000000 3.148050
 5460.000000 -297158.125000 408.962480 5.247748 2.177102 5.525895 8.185252 0.000000 0.000000 3.175676
 5462.000000 -298546.000000 409.292904 5.201133 2.212391 5.432617 3.346310 0.000000 0.000000 1.298286
 5464.000000 -297490.906250 409.329830 5.295183 2.221444 5.496531 6.528308 0.000000 0.000000 2.532822
 5466.000000 -298044.093750 408.706965 5.225066 2.198698 5.496891 6.606207 0.000000 0.000000 2.563046
 5468.000000 -296595.375000 409.021532 5.294392 2.247332 5.484658 5.976399 0.000000 0.000000 2.318695
 5470.000000 -297190.593750 410.521132 5.278231 2.246363 5.459763 4.741596 0.000000 0.000000 1.839622
 5472.000000 -296643.812500 409.282369 5.296503 2.236802 5.503149 7.149031 0.000000 0.000000 2.773648
 5474.000000 -296529.750000 408.954206 5.272440 2.239706 5.515910 7.995412 0.000000 0.000000 3.102023
 5476.000000 -297705.937500 409.280941 5.344706 2.267828 5.471768 5.500303 0.000000 0.000000 2.133982
 5478.000000 -296638.406250 409.459270 5.311565 2.238083 5.527683 8.889961 0.000000 0.000000 3.449086
 5480.000000 -297425.062500 409.648644 5.428700 2.281694 5.415918 3.038806 0.000000 0.000000 1.178982
 5482.000000 -296914.750000 410.729703 5.396079 2.261557 5.444630 4.307320 0.000000 0.000000 1.671134
 5484.000000 -297469.875000 411.030247 5.317182 2.271538 5.589316 13.721283 0.000000 0.000000 5.323519
 5486.000000 -296760.906250 411.074750 5.314228 2.347753 5.536403 9.758234 0.000000 0.000000 3.785954
 5488.000000 -297739.125000 410.214100 5.346226 2.421063 5.467616 5.597689 0.000000 0.000000 2.171765
 5490.000000 -297554.031250 410.488817 5.350339 2.334410 5.571878 12.551426 0.000000 0.000000 4.869644
 5492.000000 -297471.000000 410.059915 5.228184 2.379306 5.499246 7.518173 0.000000 0.000000 2.916866
 5494.000000 -298207.156250 409.832939 5.252025 2.320340 5.432255 4.016557 0.000000 0.000000 1.558325
 5496.000000 -297742.656250 410.379710 5.259196 2.393541 5.471148 6.003258 0.000000 0.000000 2.329116
 5498.000000 -297216.531250 408.880819 5.297398 2.452518 5.544477 10.766062 0.000000 0.000000 4.176966
 5500.000000 -295987.000000 410.003290 5.238992 2.423778 5.524307 9.405515 0.000000 0.000000 3.649108
 5502.000000 -295699.812500 411.160279 5.198877 2.409427 5.554221 11.644996 0.000000 0.000000 4.517971
 5504.000000 -295426.781250 410.467848 5.199621 2.411595 5.524587 9.562517 0.000000 0.000000 3.710021
 5506.000000 -295546.218750 410.405283 5.278045 2.394779 5.478101 6.675952 0.000000 0.000000 2.590105
 5508.000000 -296567.031250 411.503366 5.250104 2.437073 5.473929 6.493978 0.000000 0.000000 2.519503
 5510.000000 -296568.406250 411.493596 5.316953 2.483456 5.504545 8.420419 0.000000 0.000000 3.266915
 5512.000000 -296337.218750 412.924174 5.355628 2.456659 5.448209 5.212667 0.000000 0.000000 2.022386
 5514.000000 -296914.781250 412.969066 5.306712 2.500501 5.558428 12.436816 0.000000 0.000000 4.825178
 5516.000000 -296386.468750 412.785167 5.279997 2.420502 5.513875 9.239521 0.000000 0.000000 3.584706
 5518.000000 -295274.562500 410.684167 5.384625 2.491481 5.452172 5.574201 0.000000 0.000000 2.162653
 5520.000000 -296140.500000 409.826202 5.462128 2.467300 5.533407 10.760951 0.000000 0.000000 4.174984
 5522.000000 -296002.843750 409.380557 5.376322 2.408752 5.496519 8.289494 0.000000 0.000000 3.216119
 5524.000000 -296818.531250 409.702904 5.362517 2.469388 5.568479 13.652073 0.000000 0.000000 5.296668
 5526.000000 -296842.312500 409.408086 5.369112 2.431893 5.595287 16.046155 0.000000 0.000000 6.225512
 5528.000000 -297598.593750 409.442056 5.327449 2.498453 5.643784 20.785994 0.000000 0.000000 8.064453
 5530.000000 -297367.625000 408.705712 5.333832 2.519812 5.553488 12.679289 0.000000 0.000000 4.919251
 5532.000000 -296671.656250 410.347074 5.330589 2.487723 5.547492 12.284628 0.000000 0.000000 4.766133
 5534.000000 -297378.718750 410.011683 5.277495 2.438153 5.573261 14.472155 0.000000 0.000000 5.614839
 5536.000000 -297396.687500 411.344870 5.331095 2.534346 5.598260 16.768331 0.000000 0.000000 6.505699
 5538.000000 -297354.468750 408.991476 5.375283 2.450016 5.508147 9.601326 0.000000 0.000000 3.725078
 5540.000000 -296184.468750 410.819343 5.362016 2.482262 5.613600 18.393592 0.000000 0.000000 7.136260
 5542.000000 -295706.656250 410.195889 5.381331 2.410357 5.571037 14.623667 0.000000 0.000000 5.673622
 5544.000000 -296467.281250 409.720003 5.472188 2.418373 5.578749 15.378133 0.000000 0.000000 5.966336
 5546.000000 -297295.750000 408.973133 5.384393 2.407556 5.597259 17.136436 0.000000 0.000000 6.648515
 5548.000000 -296423.187500 408.255053 5.416459 2.482121 5.593344 16.867699 0.000000 0.000000 6.544251
 5550.000000 -297725.625000 408.921838 5.426479 2.450840 5.507125 9.949349 0.000000 0.000000 3.860102
 5552.000000 -296727.500000 409.779929 5.450065 2.439511 5.424108 5.005413 0.000000 0.000000 1.941977
 5554.000000 -296812.562500 410.325254 5.474690 2.435442 5.488612 8.818702 0.000000 0.000000 3.421439
 5556.000000 -296371.468750 410.493841 5.465974 2.506447 5.489141 8.920560 0.000000 0.000000 3.460957
 5558.000000 -296987.093750 409.061539 5.460650 2.468149 5.546481 13.242249 0.000000 0.000000 5.137666
 5560.000000 -296076.500000 409.198036 5.433024 2.553771 5.607752 18.793924 0.000000 0.000000 7.291579
 5562.000000 -296343.000000 409.067682 5.420447 2.546267 5.572227 15.596129 0.000000 0.000000 6.050913
 5564.000000 -296973.125000 410.693867 5.475823 2.532411 5.526603 11.904479 0.000000 0.000000 4.618644
 5566.000000 -296933.656250 410.327297 5.362719 2.518649 5.606726 18.985825 0.000000 0.000000 7.366032
 5568.000000 -297624.781250 409.995295 5.321754 2.524323 5.541060 13.208022 0.000000 0.000000 5.124387
 5570.000000 -297930.593750 409.724586 5.399143 2.534571 5.464142 7.758991 0.000000 0.000000 3.010297
 5572.000000 -297491.375000 408.159284 5.434112 2.510379 5.505774 10.641506 0.000000 0.000000 4.128642
 5574.000000 -297518.093750 409.943677 5.456354 2.465691 5.498262 10.171768 0.000000 0.000000 3.946395
 5576.000000 -298194.812500 409.040850 5.504989 2.495802 5.481073 9.050013 0.000000 0.000000 3.511182
 5578.000000 -296310.562500 410.098991 5.454700 2.507842 5.566996 15.841674 0.000000 0.000000 6.146179
 5580.000000 -298058.031250 410.669808 5.483807 2.547802 5.498025 10.369821 0.000000 0.000000 4.023235
 5582.000000 -298133.906250 410.068996 5.462764 2.517396 5.552338 14.735116 0.000000 0.000000 5.716862
 5584.000000 -297203.937500 409.554129 5.505377 2.539431 5.520033 12.170561 0.000000 0.000000 4.721878
 5586.000000 -298103.718750 409.875631 5.549423 2.518723 5.531765 13.184032 0.000000 0.000000 5.115079
 5588.000000 -297794.562500 408.613475 5.510854 2.501989 5.456959 7.872579 0.000000 0.000000 3.054367
 5590.000000 -297676.218750 407.992865 5.541986 2.510012 5.564698 16.172825 0.000000 0.000000 6.274657
 5592.000000 -296236.875000 409.679513 5.549436 2.438681 5.472911 9.039147 0.000000 0.000000 3.506966
 5594.000000 -297301.093750 409.674972 5.476762 2.417425 5.499402 10.981799 0.000000 0.000000 4.260667
 5596.000000 -297231.437500 409.724526 5.420589 2.432314 5.529689 13.422488 0.000000 0.000000 5.207594
 5598.000000 -296018.968750 410.432560 5.473910 2.497666 5.491523 10.550439 0.000000 0.000000 4.093310
 5600.000000 -297642.750000 410.810610 5.552551 2.469362 5.537415 14.231130 0.000000 0.000000 5.521327
 5602.000000 -297352.937500 410.603038 5.515951 2.429846 5.514016 12.404421 0.000000 0.000000 4.812609
 5604.000000 -297223.906250 410.720145 5.469022 2.453622 5.575605 17.823187 0.000000 0.000000 6.914957
 5606.000000 -297968.218750 410.871853 5.486604 2.429917 5.600940 20.395958 0.000000 0.000000 7.913129
 5608.000000 -297801.062500 409.166580 5.492158 2.409374 5.528328 13.805247 0.000000 0.000000 5.356095
 5610.000000 -298287.937500 409.035798 5.486279 2.394996 5.488834 10.792310 0.000000 0.000000 4.187150
 5612.000000 -297402.468750 408.716245 5.556819 2.355346 5.547406 15.611933 0.000000 0.000000 6.057045
 5614.000000 -297667.343750 409.062794 5.483970 2.381293 5.486566 10.772636 0.000000 0.000000 4.179517
 5616.000000 -297507.875000 409.264717 5.449803 2.430184 5.500733 11.914493 0.000000 0.000000 4.622529
 5618.000000 -296654.125000 409.855652 5.517352 2.404107 5.418471 6.467903 0.000000 0.000000 2.509387
 5620.000000 -298242.281250 409.027345 5.530434 2.334248 5.490360 11.277039 0.000000 0.000000 4.375213
 5622.000000 -298195.375000 408.731853 5.459547 2.376909 5.426377 7.043494 0.000000 0.000000 2.732702
 5624.000000 -296866.187500 410.036213 5.515919 2.344863 5.449629 8.556245 0.000000 0.000000 3.319612
 5626.000000 -296310.750000 409.963379 5.525798 2.374601 5.475510 10.404755 0.000000 0.000000 4.036788
 5628.000000 -297166.937500 410.834786 5.486339 2.334140 5.502456 12.518011 0.000000 0.000000 4.856680
 5630.000000 -297301.312500 410.398591 5.542095 2.337334 5.481847 11.014777 0.000000 0.000000 4.273462
 5632.000000 -296810.093750 410.649660 5.494756 2.314103 5.556688 17.362082 0.000000 0.000000 6.736060
 5634.000000 -296234.156250 410.230080 5.532648 2.379985 5.601253 21.866985 0.000000 0.000000 8.483851
 5636.000000 -296759.218750 410.039339 5.524546 2.382021 5.483216 11.341382 0.000000 0.000000 4.400176
 5638.000000 -296930.281250 408.973166 5.567313 2.370065 5.541398 16.235885 0.000000 0.000000 6.299123
 5640.000000 -296560.406250 408.915057 5.504543 2.316747 5.541479 16.333394 0.000000 0.000000 6.336954
 5642.000000 -296395.750000 410.191547 5.532352 2.312755 5.566774 18.796130 0.000000 0.000000 7.292435
 5644.000000 -296179.031250 410.120473 5.534148 2.326112 5.616784 24.066371 0.000000 0.000000 9.337158
 5646.000000 -297252.125000 410.950313 5.564031 2.337328 5.525776 15.205620 0.000000 0.000000 5.899405
 5648.000000 -297771.593750 408.864570 5.577588 2.366837 5.624487 25.142555 0.000000 0.000000 9.754691
 5650.000000 -296625.343750 410.864620 5.539328 2.347042 5.573419 19.842166 0.000000 0.000000 7.698271
 5652.000000 -297545.562500 409.426972 5.482980 2.310864 5.578516 20.454195 0.000000 0.000000 7.935723
 5654.000000 -297649.062500 409.572292 5.505657 2.298287 5.598470 22.628050 0.000000 0.000000 8.779126
 5656.000000 -296860.093750 408.930192 5.475694 2.263435 5.509083 14.203141 0.000000 0.000000 5.510469
 5658.000000 -297261.312500 409.350707 5.550418 2.328700 5.551753 18.121597 0.000000 0.000000 7.030733
 5660.000000 -296870.093750 409.165478 5.545643 2.295060 5.479732 11.991752 0.000000 0.000000 4.652504
 5662.000000 -296845.656250 408.004760 5.512449 2.266152 5.484307 12.427331 0.000000 0.000000 4.821498
 5664.000000 -298222.625000 408.835614 5.623188 2.294998 5.508391 14.483219 0.000000 0.000000 5.619132
 5666.000000 -298086.687500 409.793339 5.552255 2.309647 5.416312 7.769545 0.000000 0.000000 3.014392
 5668.000000 -297931.625000 409.011839 5.511292 2.269892 5.451527 10.190719 0.000000 0.000000 3.953747
 5670.000000 -297873.750000 409.121299 5.505062 2.197884 5.463758 11.157073 0.000000 0.000000 4.328669
 5672.000000 -297041.343750 409.438296 5.609088 2.263678 5.430334 8.866716 0.000000 0.000000 3.440067
 5674.000000 -297903.843750 410.452110 5.710389 2.214140 5.503252 14.471450 0.000000 0.000000 5.614566
 5676.000000 -298053.500000 409.579111 5.626097 2.294447 5.438281 9.541420 0.000000 0.000000 3.701835
 5678.000000 -298274.343750 409.290017 5.552439 2.213017 5.314762 2.955351 0.000000 0.000000 1.146603
 5680.000000 -297451.843750 408.507711 5.534536 2.256780 5.370018 5.513426 0.000000 0.000000 2.139073
 5682.000000 -296743.281250 410.127835 5.536499 2.222258 5.462220 11.492793 0.000000 0.000000 4.458920
 5684.000000 -298398.750000 409.020877 5.548509 2.170676 5.292088 2.247440 0.000000 0.000000 0.871951
 5686.000000 -297073.406250 411.084698 5.629640 2.195959 5.415242 8.336107 0.000000 0.000000 3.234204
 5688.000000 -297963.218750 409.879741 5.601978 2.087595 5.372073 5.835925 0.000000 0.000000 2.264195
 5690.000000 -297550.250000 409.226577 5.625125 2.157818 5.349724 4.739696 0.000000 0.000000 1.838885
 5692.000000 -297165.781250 407.728813 5.623155 2.195785 5.314951 3.238135 0.000000 0.000000 1.256317
 5694.000000 -297713.343750 408.134677 5.662285 2.217805 5.257156 1.356050 0.000000 0.000000 0.526114
 5696.000000 -297984.343750 408.846185 5.665840 2.205716 5.373833 6.151227 0.000000 0.000000 2.386524
 5698.000000 -297025.843750 408.674490 5.648294 2.157933 5.330924 4.046568 0.000000 0.000000 1.569968
 5700.000000 -297158.406250 408.652645 5.630604 2.162946 5.406863 8.247354 0.000000 0.000000 3.199770
 5702.000000 -297079.250000 407.856986 5.602335 2.179270 5.314598 3.427835 0.000000 0.000000 1.329916
 5704.000000 -296865.875000 409.265360 5.549869 2.110850 5.338562 4.539213 0.000000 0.000000 1.761103
 5706.000000 -296964.468750 409.875748 5.479917 2.218042 5.372556 6.359456 0.000000 0.000000 2.467312
 5708.000000 -297181.437500 409.103375 5.597081 2.210788 5.346536 5.026843 0.000000 0.000000 1.950291
 5710.000000 -297581.062500 410.757488 5.565328 2.202484 5.422794 9.646217 0.000000 0.000000 3.742494
 5712.000000 -297632.343750 409.800972 5.506585 2.197668 5.412829 9.033644 0.000000 0.000000 3.504831
 5714.000000 -297804.687500 409.515284 5.545280 2.145165 5.360521 5.914399 0.000000 0.000000 2.294641
 5716.000000 -296099.718750 411.088321 5.603875 2.174403 5.418691 9.569736 0.000000 0.000000 3.712822
 5718.000000 -297531.500000 410.875161 5.548376 2.202841 5.421151 9.810605 0.000000 0.000000 3.806273
 5720.000000 -297587.343750 410.412612 5.604751 2.190038 5.415759 9.505377 0.000000 0.000000 3.687852
 5722.000000 -296720.125000 409.191766 5.561567 2.152424 5.373115 6.851256 0.000000 0.000000 2.658118
 5724.000000 -296736.437500 409.326181 5.538430 2.190763 5.367942 6.609154 0.000000 0.000000 2.564189
 5726.000000 -297489.687500 408.947560 5.571978 2.119866 5.383956 7.623409 0.000000 0.000000 2.957695
 5728.000000 -296817.750000 409.425404 5.569137 2.224447 5.367094 6.675549 0.000000 0.000000 2.589948
 5730.000000 -297938.906250 409.581484 5.591272 2.101973 5.379916 7.497987 0.000000 0.000000 2.909034
 5732.000000 -298144.718750 409.875816 5.599029 2.098647 5.398002 8.712106 0.000000 0.000000 3.380082
 5734.000000 -297804.437500 410.691550 5.496526 2.195931 5.340753 5.395157 0.000000 0.000000 2.093188
 5736.000000 -297014.875000 410.240949 5.570038 2.191852 5.405605 9.357494 0.000000 0.000000 3.630477
 5738.000000 -297212.843750 409.740774 5.507860 2.171615 5.341651 5.546727 0.000000 0.000000 2.151993
 5740.000000 -296923.500000 409.071306 5.587673 2.155789 5.331079 5.054081 0.000000 0.000000 1.960859
 5742.000000 -298180.218750 409.808929 5.536463 2.222081 5.314375 4.295496 0.000000 0.000000 1.666547
 5744.000000 -296864.156250 411.390188 5.525897 2.152231 5.302693 3.814715 0.000000 0.000000 1.480015
 5746.000000 -297060.593750 411.640472 5.592492 2.111461 5.358407 6.693674 0.000000 0.000000 2.596980
 5748.000000 -296476.250000 411.037537 5.602182 2.150058 5.332746 5.342997 0.000000 0.000000 2.072951
 5750.000000 -296694.812500 410.558640 5.621618 2.181349 5.294429 3.588287 0.000000 0.000000 1.392167
 5752.000000 -296851.562500 410.178327 5.598494 2.091871 5.376684 7.981162 0.000000 0.000000 3.096494
 5754.000000 -296613.312500 410.859040 5.647491 2.095285 5.385300 8.600138 0.000000 0.000000 3.336642
 5756.000000 -297345.218750 410.610407 5.592278 2.063170 5.296581 3.809814 0.000000 0.000000 1.478114
 5758.000000 -296763.281250 410.645798 5.616143 2.060995 5.333009 5.618497 0.000000 0.000000 2.179838
 5760.000000 -298003.000000 410.119469 5.503364 2.153842 5.396430 9.551723 0.000000 0.000000 3.705833
 5762.000000 -297243.687500 409.534873 5.452249 2.102301 5.395169 9.533658 0.000000 0.000000 3.698824
 5764.000000 -297902.468750 410.296706 5.583126 2.124250 5.349521 6.700243 0.000000 0.000000 2.599529
 5766.000000 -298224.343750 409.973026 5.637382 2.189670 5.357743 7.244637 0.000000 0.000000 2.810740
 5768.000000 -296715.281250 410.659431 5.584440 2.162713 5.395851 9.789540 0.000000 0.000000 3.798100
 5770.000000 -297358.125000 411.490726 5.555943 2.170735 5.336959 6.158230 0.000000 0.000000 2.389241
 5772.000000 -297849.031250 409.451335 5.672750 2.099550 5.254439 2.465396 0.000000 0.000000 0.956513
 5774.000000 -297549.250000 408.577684 5.605308 2.099420 5.385402 9.275380 0.000000 0.000000 3.598619
 5776.000000 -298259.906250 408.837725 5.674918 2.153087 5.369641 8.297383 0.000000 0.000000 3.219180
 5778.000000 -296874.531250 409.064768 5.613453 2.065402 5.280797 3.603859 0.000000 0.000000 1.398208
 5780.000000 -298398.750000 408.182279 5.593991 2.123613 5.332291 6.176673 0.000000 0.000000 2.396397
 5782.000000 -296883.937500 410.845607 5.676931 2.204013 5.259544 2.832952 0.000000 0.000000 1.099115
 5784.000000 -296033.656250 410.520709 5.617197 2.185979 5.266631 3.145473 0.000000 0.000000 1.220366
 5786.000000 -296540.562500 410.261193 5.628405 2.186022 5.281533 3.807729 0.000000 0.000000 1.477305
 5788.000000 -296572.687500 410.298415 5.559668 2.125434 5.244138 2.385263 0.000000 0.000000 0.925423
 5790.000000 -297228.000000 411.831784 5.575313 2.147161 5.276698 3.685017 0.000000 0.000000 1.429696
 5792.000000 -297835.687500 410.382790 5.578378 2.171567 5.326242 6.173939 0.000000 0.000000 2.395336
 5794.000000 -296132.093750 410.275450 5.604380 2.135017 5.359365 8.215361 0.000000 0.000000 3.187357
 5796.000000 -296320.250000 412.280684 5.578872 2.228455 5.303606 5.080611 0.000000 0.000000 1.971152
 5798.000000 -296484.500000 411.646983 5.631122 2.276040 5.330495 6.583505 0.000000 0.000000 2.554237
 5800.000000 -295552.968750 411.202899 5.650929 2.235671 5.306076 5.308422 0.000000 0.000000 2.059537
 5802.000000 -296595.406250 410.873326 5.671150 2.216041 5.293758 4.741358 0.000000 0.000000 1.839530
 5804.000000 -295824.281250 412.868684 5.637082 2.246788 5.314200 5.842820 0.000000 0.000000 2.266870
 5806.000000 -296736.781250 411.478522 5.667354 2.190046 5.336679 7.180733 0.000000 0.000000 2.785947
 5808.000000 -297430.468750 411.369128 5.638300 2.247652 5.409570 12.290744 0.000000 0.000000 4.768505
 5810.000000 -296672.437500 409.915950 5.686581 2.282815 5.331514 6.992346 0.000000 0.000000 2.712858
 5812.000000 -296556.062500 410.227410 5.635672 2.286541 5.317840 6.263041 0.000000 0.000000 2.429906
 5814.000000 -296073.062500 411.075995 5.666263 2.240178 5.396759 11.533685 0.000000 0.000000 4.474785
 5816.000000 -296712.687500 410.614769 5.656034 2.274155 5.341054 7.753503 0.000000 0.000000 3.008168
 5818.000000 -296790.718750 411.257286 5.591329 2.183617 5.323467 6.755085 0.000000 0.000000 2.620806
 5820.000000 -296765.625000 412.226437 5.527484 2.242119 5.384889 10.869923 0.000000 0.000000 4.217262
 5822.000000 -295222.656250 412.887658 5.638881 2.227305 5.470298 18.173507 0.000000 0.000000 7.050873
 5824.000000 -296258.468750 410.771939 5.666845 2.254531 5.463225 17.599239 0.000000 0.000000 6.828071
 5826.000000 -296894.718750 412.469220 5.775407 2.309704 5.389614 11.446890 0.000000 0.000000 4.441111
 5828.000000 -297480.250000 412.880163 5.673694 2.220838 5.325400 7.164028 0.000000 0.000000 2.779466
 5830.000000 -297187.625000 411.439263 5.611901 2.261569 5.255592 3.637706 0.000000 0.000000 1.411340
 5832.000000 -296812.437500 411.039475 5.602013 2.334961 5.303021 5.996285 0.000000 0.000000 2.326411
 5834.000000 -297067.343750 410.404980 5.547236 2.188667 5.293939 5.561909 0.000000 0.000000 2.157884
 5836.000000 -297518.156250 410.156007 5.579159 2.217160 5.327766 7.550139 0.000000 0.000000 2.929268
 5838.000000 -297346.500000 410.679191 5.572345 2.209947 5.362431 9.900405 0.000000 0.000000 3.841113
 5840.000000 -297790.656250 410.825584 5.603449 2.186875 5.345376 8.803023 0.000000 0.000000 3.415356
 5842.000000 -297253.531250 411.666490 5.612047 2.232088 5.372113 10.739402 0.000000 0.000000 4.166623
 5844.000000 -296992.937500 410.666534 5.588864 2.248425 5.342782 8.763721 0.000000 0.000000 3.400108
 5846.000000 -298203.343750 410.979230 5.549602 2.224527 5.369796 10.716152 0.000000 0.000000 4.157603
 5848.000000 -296410.750000 410.934896 5.599399 2.254118 5.302544 6.415270 0.000000 0.000000 2.488967
 5850.000000 -296731.500000 411.170228 5.617320 2.230347 5.361134 10.234083 0.000000 0.000000 3.970572
 5852.000000 -296377.000000 410.933334 5.626376 2.171713 5.244127 3.617920 0.000000 0.000000 1.403664
 5854.000000 -296789.343750 412.160790 5.647518 2.316629 5.275203 5.110775 0.000000 0.000000 1.982855
 5856.000000 -297919.281250 410.575627 5.688825 2.243078 5.314421 7.345970 0.000000 0.000000 2.850055
 5858.000000 -297674.750000 410.231200 5.677354 2.239303 5.392784 12.943145 0.000000 0.000000 5.021621
 5860.000000 -296972.875000 410.125881 5.675549 2.226317 5.262495 4.631798 0.000000 0.000000 1.797024
 5862.000000 -296661.000000 411.257877 5.642238 2.205556 5.341015 9.249009 0.000000 0.000000 3.588387
 5864.000000 -296942.781250 410.704466 5.615479 2.306646 5.340935 9.311716 0.000000 0.000000 3.612716
 5866.000000 -298375.781250 410.235641 5.638307 2.211952 5.344931 9.655680 0.000000 0.000000 3.746166
 5868.000000 -297781.625000 409.771068 5.710809 2.244746 5.292490 6.412238 0.000000 0.000000 2.487790
 5870.000000 -297500.656250 410.394385 5.637948 2.264752 5.309757 7.488227 0.000000 0.000000 2.905247
 5872.000000 -297630.812500 408.602135 5.612802 2.241544 5.325530 8.549716 0.000000 0.000000 3.317079
 5874.000000 -297727.781250 408.614796 5.553020 2.295232 5.250478 4.393517 0.000000 0.000000 1.704576
 5876.000000 -298132.250000 409.516019 5.614506 2.219532 5.321295 8.404207 0.000000 0.000000 3.260625
 5878.000000 -298047.500000 408.559505 5.542274 2.222531 5.262000 5.050112 0.000000 0.000000 1.959319
 5880.000000 -298473.187500 409.661503 5.649681 2.232946 5.337189 9.604242 0.000000 0.000000 3.726209
 5882.000000 -297069.312500 408.949751 5.585870 2.303603 5.350211 10.600488 0.000000 0.000000 4.112728
 5884.000000 -296993.906250 410.015365 5.652792 2.292791 5.301157 7.390667 0.000000 0.000000 2.867396
 5886.000000 -296655.812500 410.032969 5.609883 2.295087 5.371839 12.390438 0.000000 0.000000 4.807184
 5888.000000 -297547.906250 409.426980 5.667288 2.240182 5.347464 10.618897 0.000000 0.000000 4.119870
 5890.000000 -298288.000000 410.374628 5.607558 2.268359 5.311986 8.255237 0.000000 0.000000 3.202828
 5892.000000 -298375.312500 410.968255 5.536119 2.227175 5.291899 7.074499 0.000000 0.000000 2.744731
 5894.000000 -297193.031250 411.242822 5.540058 2.280160 5.268102 5.783635 0.000000 0.000000 2.243908
 5896.000000 -297155.562500 412.145721 5.516057 2.241141 5.282175 6.622544 0.000000 0.000000 2.569384
 5898.000000 -297412.750000 409.856887 5.548038 2.236625 5.272979 6.159343 0.000000 0.000000 2.389673
 5900.000000 -298082.968750 409.849518 5.511555 2.233571 5.235599 4.305895 0.000000 0.000000 1.670581
 5902.000000 -297793.968750 409.546494 5.483820 2.240827 5.243934 4.749917 0.000000 0.000000 1.842851
 5904.000000 -297918.750000 411.306445 5.496211 2.257047 5.288503 7.230206 0.000000 0.000000 2.805142
 5906.000000 -296940.000000 410.848833 5.495102 2.278124 5.331321 10.104781 0.000000 0.000000 3.920406
 5908.000000 -298084.875000 409.353977 5.520903 2.225864 5.201992 3.041680 0.000000 0.000000 1.180097
 5910.000000 -298262.500000 409.083879 5.560246 2.268173 5.219157 3.791335 0.000000 0.000000 1.470944
 5912.000000 -297647.625000 408.912047 5.473629 2.213407 5.209784 3.435538 0.000000 0.000000 1.332904
 5914.000000 -297813.562500 409.056896 5.590578 2.243987 5.132012 0.990390 0.000000 0.000000 0.384247
 5916.000000 -297783.875000 410.494455 5.570370 2.281600 5.286520 7.473751 0.000000 0.000000 2.899631
 5918.000000 -297390.843750 409.794052 5.527332 2.246848 5.163936 1.889148 0.000000 0.000000 0.732943
 5920.000000 -297307.562500 408.938935 5.458120 2.275298 5.209683 3.599030 0.000000 0.000000 1.396335
 5922.000000 -296859.750000 410.738688 5.574668 2.302375 5.205022 3.445412 0.000000 0.000000 1.336735
 5924.000000 -296741.781250 410.385977 5.550874 2.265693 5.264056 6.387676 0.000000 0.000000 2.478261
 5926.000000 -296344.375000 412.348401 5.618476 2.289377 5.224593 4.398912 0.000000 0.000000 1.706669
 5928.000000 -297778.187500 410.114517 5.547397 2.235345 5.283893 7.681386 0.000000 0.000000 2.980188
 5930.000000 -298505.687500 408.746685 5.516004 2.215517 5.259174 6.281742 0.000000 0.000000 2.437161
 5932.000000 -296385.062500 409.976659 5.497780 2.261735 5.266623 6.764185 0.000000 0.000000 2.624337
 5934.000000 -297754.906250 409.159096 5.536577 2.244494 5.263643 6.649552 0.000000 0.000000 2.579862
 5936.000000 -297157.875000 409.661803 5.614257 2.245787 5.261649 6.592346 0.000000 0.000000 2.557668
 5938.000000 -297536.375000 409.365303 5.692637 2.351472 5.364969 13.941899 0.000000 0.000000 5.409113
 5940.000000 -298074.500000 409.635980 5.525467 2.401572 5.318325 10.391443 0.000000 0.000000 4.031624
 5942.000000 -297068.468750 409.917700 5.523057 2.383879 5.278990 7.811891 0.000000 0.000000 3.030821
 5944.000000 -297893.781250 408.496740 5.594702 2.392059 5.315935 10.363332 0.000000 0.000000 4.020717
 5946.000000 -297566.906250 410.824924 5.527133 2.297697 5.305650 9.705705 0.000000 0.000000 3.765574
 5948.000000 -296984.875000 410.199785 5.613980 2.311606 5.305481 9.763682 0.000000 0.000000 3.788068
 5950.000000 -297802.468750 410.186043 5.546766 2.359301 5.325155 11.261647 0.000000 0.000000 4.369241
 5952.000000 -296999.843750 410.112509 5.618283 2.396531 5.137746 1.617262 0.000000 0.000000 0.627458
 5954.000000 -296134.968750 409.990208 5.604260 2.351175 5.215806 4.646763 0.000000 0.000000 1.802829
 5956.000000 -297113.406250 409.453407 5.540429 2.310243 5.215706 4.690250 0.000000 0.000000 1.819701
 5958.000000 -296379.343750 409.992740 5.592265 2.318971 5.213337 4.624206 0.000000 0.000000 1.794078
 5960.000000 -296359.875000 410.688185 5.572152 2.301861 5.198364 3.976714 0.000000 0.000000 1.542867
 5962.000000 -296795.562500 411.486630 5.539651 2.305966 5.235571 5.862863 0.000000 0.000000 2.274646
 5964.000000 -295344.781250 410.726455 5.558115 2.303952 5.285340 8.933837 0.000000 0.000000 3.466108
 5966.000000 -295430.781250 411.809791 5.559131 2.323986 5.214240 4.862964 0.000000 0.000000 1.886710
 5968.000000 -296197.937500 411.453484 5.599947 2.414617 5.256780 7.246860 0.000000 0.000000 2.811603
 5970.000000 -297137.281250 410.021027 5.576586 2.400434 5.174127 3.165174 0.000000 0.000000 1.228010
 5972.000000 -297366.218750 408.575960 5.576840 2.365775 5.299183 10.166138 0.000000 0.000000 3.944211
 5974.000000 -296967.593750 409.561782 5.669598 2.431630 5.153685 2.474026 0.000000 0.000000 0.959861
 5976.000000 -296846.906250 409.585990 5.611620 2.337903 5.187983 3.871252 0.000000 0.000000 1.501950
 5978.000000 -296664.937500 409.675201 5.501769 2.336906 5.111856 1.271484 0.000000 0.000000 0.493304
 5980.000000 -295999.093750 410.633418 5.565801 2.348509 5.185386 3.845053 0.000000 0.000000 1.491786
 5982.000000 -297621.593750 409.562336 5.521020 2.346978 5.121197 1.573512 0.000000 0.000000 0.610484
 5984.000000 -297010.062500 409.634985 5.532695 2.354453 5.135396 2.028710 0.000000 0.000000 0.787090
 5986.000000 -297919.875000 409.638490 5.514829 2.369743 5.268297 8.534540 0.000000 0.000000 3.311191
 5988.000000 -297177.718750 409.252440 5.498655 2.340968 5.234183 6.508458 0.000000 0.000000 2.525121
 5990.000000 -297837.718750 409.659512 5.461428 2.415109 5.221891 5.880238 0.000000 0.000000 2.281387
 5992.000000 -298303.343750 408.632147 5.470410 2.358103 5.156696 2.914527 0.000000 0.000000 1.130765
 5994.000000 -297121.218750 408.137263 5.590518 2.349442 5.199045 4.804194 0.000000 0.000000 1.863909
 5996.000000 -298108.625000 407.851469 5.511586 2.305584 5.154735 2.916001 0.000000 0.000000 1.131336
 5998.000000 -296927.843750 409.164231 5.612147 2.398424 5.166873 3.439241 0.000000 0.000000 1.334341
 6000.000000 -296067.531250 410.672395 5.555194 2.370358 5.155101 3.007027 0.000000 0.000000 1.166652
 6002.000000 -296823.843750 410.937922 5.546388 2.426242 5.222186 6.226492 0.000000 0.000000 2.415725
 6004.000000 -296647.468750 411.234307 5.522353 2.385723 5.171167 3.748369 0.000000 0.000000 1.454275
 6006.000000 -295390.500000 410.437861 5.524588 2.411969 5.185777 4.454600 0.000000 0.000000 1.728275
 6008.000000 -295827.531250 410.498176 5.513861 2.433837 5.195086 4.954380 0.000000 0.000000 1.922177
 6010.000000 -296229.656250 410.473056 5.551374 2.384768 5.199360 5.220356 0.000000 0.000000 2.025369
 6012.000000 -296344.500000 410.030897 5.572338 2.435136 5.202438 5.430806 0.000000 0.000000 2.107019
 6014.000000 -296599.031250 409.257299 5.601678 2.498689 5.114927 1.858279 0.000000 0.000000 0.720967
 6016.000000 -297153.125000 409.331974 5.675627 2.481007 5.005691 0.023431 0.000000 0.000000 0.009091
 6018.000000 -297338.812500 410.186494 5.629984 2.474273 4.972972 0.040627 0.000000 0.000000 0.015762
 6020.000000 -296291.093750 410.053367 5.619271 2.524734 5.052679 0.491078 0.000000 0.000000 0.190526
 6022.000000 -297408.406250 409.943834 5.636804 2.541445 5.061311 0.653612 0.000000 0.000000 0.253585
 6024.000000 -296997.468750 410.738728 5.646402 2.485553 5.101367 1.606510 0.000000 0.000000 0.623286
 6026.000000 -296640.968750 410.446407 5.646070 2.450444 5.106038 1.771256 0.000000 0.000000 0.687204
 6028.000000 -297543.250000 410.882749 5.591613 2.457288 5.096955 1.538878 0.000000 0.000000 0.597047
 6030.000000 -297759.500000 409.004411 5.505044 2.548890 5.068615 0.873925 0.000000 0.000000 0.339062
 6032.000000 -297293.968750 409.556010 5.604204 2.414174 5.092665 1.476012 0.000000 0.000000 0.572656
 6034.000000 -298042.343750 409.897618 5.607764 2.470665 5.118375 2.290794 0.000000 0.000000 0.888772
 6036.000000 -296253.656250 410.988116 5.593234 2.474433 5.178107 4.807262 0.000000 0.000000 1.865099
 6038.000000 -297046.250000 410.778102 5.533852 2.369454 5.256536 9.490017 0.000000 0.000000 3.681893
 6040.000000 -296627.125000 410.667697 5.523406 2.449577 5.143787 3.353252 0.000000 0.000000 1.300979
 6042.000000 -297306.968750 409.828656 5.566471 2.392080 5.215478 6.990234 0.000000 0.000000 2.712038
 6044.000000 -296634.531250 409.395468 5.522045 2.355644 5.194860 5.878552 0.000000 0.000000 2.280733
 6046.000000 -297968.000000 409.263042 5.542739 2.413927 5.176201 4.960151 0.000000 0.000000 1.924416
 6048.000000 -297740.625000 410.139338 5.593332 2.403877 5.202230 6.397480 0.000000 0.000000 2.482065
 6050.000000 -297235.281250 411.839596 5.603779 2.424135 5.163298 4.432008 0.000000 0.000000 1.719510
 6052.000000 -296854.656250 412.584539 5.456227 2.465429 5.111967 2.379370 0.000000 0.000000 0.923137
 6054.000000 -295676.718750 413.262646 5.594509 2.479006 5.167207 4.714534 0.000000 0.000000 1.829123
 6056.000000 -297238.562500 412.861915 5.494314 2.499541 5.163943 4.605264 0.000000 0.000000 1.786729
 6058.000000 -296887.500000 412.573685 5.477184 2.526617 5.133881 3.316272 0.000000 0.000000 1.286632
 6060.000000 -296934.500000 410.468840 5.480518 2.511555 5.240624 9.154669 0.000000 0.000000 3.551786
 6062.000000 -296685.687500 410.127518 5.472250 2.519977 5.296749 13.427442 0.000000 0.000000 5.209516
 6064.000000 -297157.093750 411.140374 5.537104 2.492287 5.164709 4.836792 0.000000 0.000000 1.876556
 6066.000000 -297545.406250 411.615959 5.527388 2.461239 5.215396 7.712602 0.000000 0.000000 2.992299
 6068.000000 -297711.531250 411.109286 5.492794 2.483256 5.237874 9.239440 0.000000 0.000000 3.584675
 6070.000000 -297171.187500 410.809459 5.454800 2.477125 5.183008 5.940949 0.000000 0.000000 2.304942
 6072.000000 -296457.500000 410.141084 5.538777 2.472417 5.192640 6.534519 0.000000 0.000000 2.535232
 6074.000000 -296366.062500 410.471322 5.614858 2.420905 5.178029 5.779681 0.000000 0.000000 2.242374
 6076.000000 -296764.812500 410.020412 5.580723 2.371535 5.180879 5.988524 0.000000 0.000000 2.323400
 6078.000000 -296082.343750 409.999192 5.579159 2.420965 5.150118 4.470692 0.000000 0.000000 1.734518
 6080.000000 -297971.093750 409.718976 5.582152 2.469029 5.127136 3.491822 0.000000 0.000000 1.354741
 6082.000000 -297463.000000 409.234074 5.588768 2.450659 5.110629 2.873905 0.000000 0.000000 1.115004
 6084.000000 -297377.906250 409.610424 5.629250 2.435510 5.133736 3.860411 0.000000 0.000000 1.497744
 6086.000000 -297528.625000 409.825315 5.632743 2.424052 5.096962 2.448677 0.000000 0.000000 0.950026
 6088.000000 -297516.031250 409.581724 5.480641 2.396691 5.119773 3.352709 0.000000 0.000000 1.300769
 6090.000000 -298068.781250 410.254724 5.512329 2.443310 5.059693 1.370067 0.000000 0.000000 0.531552
 6092.000000 -297964.312500 410.711739 5.578876 2.477521 5.108803 2.995502 0.000000 0.000000 1.162181
 6094.000000 -297680.500000 410.600185 5.506175 2.436754 5.097362 2.605060 0.000000 0.000000 1.010699
 6096.000000 -296479.031250 410.700066 5.591735 2.571813 4.993851 0.218938 0.000000 0.000000 0.084942
 6098.000000 -297321.812500 409.570491 5.579910 2.530084 5.068549 1.727207 0.000000 0.000000 0.670114
 6100.000000 -298006.468750 410.083351 5.554246 2.401989 5.079748 2.104302 0.000000 0.000000 0.816417
 6102.000000 -297273.250000 409.459179 5.586165 2.307972 5.092070 2.558645 0.000000 0.000000 0.992691
 6104.000000 -296806.812500 410.211373 5.526529 2.477181 5.086071 2.382939 0.000000 0.000000 0.924522
 6106.000000 -296964.968750 410.395068 5.505118 2.453280 5.032468 0.913103 0.000000 0.000000 0.354262
 6108.000000 -298453.531250 409.671721 5.500669 2.438833 5.088831 2.550084 0.000000 0.000000 0.989370
 6110.000000 -297547.968750 410.293414 5.540725 2.396978 5.080262 2.286981 0.000000 0.000000 0.887292
 6112.000000 -297251.812500 409.905354 5.567116 2.463558 5.052782 1.479184 0.000000 0.000000 0.573887
 6114.000000 -297454.000000 410.962864 5.579743 2.521975 4.984199 0.212172 0.000000 0.000000 0.082318
 6116.000000 -297743.093750 410.388380 5.534704 2.442973 4.973311 0.122544 0.000000 0.000000 0.047544
 6118.000000 -298432.031250 409.693890 5.487460 2.536641 4.983693 0.227841 0.000000 0.000000 0.088397
 6120.000000 -297169.750000 409.507812 5.545990 2.420519 4.989351 0.304442 0.000000 0.000000 0.118116
 6122.000000 -297523.156250 409.914208 5.586706 2.474437 4.957081 0.040866 0.000000 0.000000 0.015855
 6124.000000 -297115.968750 411.147016 5.572778 2.472288 4.963505 0.081316 0.000000 0.000000 0.031548
 6126.000000 -296004.656250 411.751243 5.435564 2.486112 4.946408 0.011063 0.000000 0.000000 0.004292
 6128.000000 -295168.250000 412.318485 5.460954 2.491402 5.037351 1.284010 0.000000 0.000000 0.498164
 6130.000000 -294894.343750 413.085524 5.456722 2.469765 4.921956 0.021267 0.000000 0.000000 0.008251
 6132.000000 -295833.906250 412.331121 5.451108 2.497392 4.938766 0.002839 0.000000 0.000000 0.001101
 6134.000000 -296089.937500 411.512462 5.457803 2.379494 5.032325 1.233185 0.000000 0.000000 0.478445
 6136.000000 -296116.718750 410.572953 5.480785 2.407448 5.008025 0.722476 0.000000 0.000000 0.280303
 6138.000000 -297328.406250 411.862806 5.394235 2.426322 5.088269 3.091688 0.000000 0.000000 1.199499
 6140.000000 -296374.812500 411.860761 5.465029 2.484588 5.004920 0.701619 0.000000 0.000000 0.272211
 6142.000000 -296562.343750 411.412209 5.501949 2.456524 5.114500 4.301259 0.000000 0.000000 1.668782
 6144.000000 -296467.750000 410.436426 5.469461 2.496870 5.063334 2.289419 0.000000 0.000000 0.888238
 6146.000000 -296930.656250 411.507886 5.417868 2.476427 5.051543 1.938885 0.000000 0.000000 0.752240
 6148.000000 -297180.781250 410.386446 5.388137 2.478072 5.001435 0.711297 0.000000 0.000000 0.275966
 6150.000000 -297117.718750 410.532334 5.484582 2.419176 5.077747 2.916457 0.000000 0.000000 1.131513
 6152.000000 -295873.031250 411.495860 5.477373 2.429227 5.124329 5.016470 0.000000 0.000000 1.946266
 6154.000000 -296175.500000 410.603756 5.403714 2.438158 5.062657 2.438024 0.000000 0.000000 0.945893
 6156.000000 -296257.937500 410.036580 5.390952 2.457453 5.002319 0.806400 0.000000 0.000000 0.312863
 6158.000000 -297226.031250 409.569279 5.468622 2.295022 5.140817 6.039934 0.000000 0.000000 2.343346
 6160.000000 -295487.593750 411.679918 5.485534 2.338243 5.064829 2.621947 0.000000 0.000000 1.017251
 6162.000000 -297251.437500 410.754869 5.465542 2.303080 5.178241 8.400707 0.000000 0.000000 3.259267
 6164.000000 -297149.031250 409.779801 5.399262 2.349473 5.205254 10.314380 0.000000 0.000000 4.001725
 6166.000000 -296132.250000 410.096223 5.474430 2.316735 5.122011 5.253666 0.000000 0.000000 2.038293
 6168.000000 -297449.500000 409.426339 5.498732 2.297084 5.119020 5.152158 0.000000 0.000000 1.998910
 6170.000000 -297346.156250 410.120227 5.508677 2.306869 5.099231 4.242645 0.000000 0.000000 1.646042
 6172.000000 -297951.812500 409.793539 5.419570 2.250762 5.051062 2.348243 0.000000 0.000000 0.911060
 6174.000000 -296834.312500 408.804161 5.427740 2.328055 5.115825 5.142231 0.000000 0.000000 1.995059
 6176.000000 -297141.187500 409.516269 5.509853 2.263823 5.090068 3.963524 0.000000 0.000000 1.537750
 6178.000000 -296723.562500 409.114403 5.578687 2.292123 5.008665 1.192303 0.000000 0.000000 0.462584
 6180.000000 -297302.437500 408.824856 5.582967 2.253061 5.149325 7.159557 0.000000 0.000000 2.777732
 6182.000000 -296669.125000 410.092877 5.586273 2.253196 5.072956 3.360179 0.000000 0.000000 1.303666
 6184.000000 -297680.687500 409.057320 5.591264 2.169985 5.046619 2.401904 0.000000 0.000000 0.931880
 6186.000000 -296882.937500 408.983605 5.611345 2.236322 5.025983 1.769629 0.000000 0.000000 0.686572
 6188.000000 -296986.125000 409.533098 5.581284 2.179281 5.031599 1.971900 0.000000 0.000000 0.765049
 6190.000000 -296299.906250 411.022409 5.548657 2.176183 5.001015 1.152367 0.000000 0.000000 0.447090
 6192.000000 -296995.656250 411.497758 5.552747 2.221897 4.985920 0.838867 0.000000 0.000000 0.325460
 6194.000000 -296651.000000 410.546123 5.551749 2.232282 5.099666 4.834712 0.000000 0.000000 1.875749
 6196.000000 -297602.093750 409.167587 5.582374 2.253192 5.135363 6.807309 0.000000 0.000000 2.641068
 6198.000000 -296899.843750 407.922825 5.531352 2.250097 5.099053 4.903110 0.000000 0.000000 1.902286
 6200.000000 -298488.343750 408.034658 5.583006 2.228306 5.045450 2.644478 0.000000 0.000000 1.025992
 6202.000000 -296637.062500 408.615332 5.554324 2.269567 5.105598 5.335358 0.000000 0.000000 2.069987
 6204.000000 -297962.531250 409.112623 5.435420 2.258282 5.092952 4.750794 0.000000 0.000000 1.843191
 6206.000000 -298069.968750 408.451675 5.568101 2.214097 5.133397 6.985414 0.000000 0.000000 2.710168
 6208.000000 -297391.656250 407.784556 5.555788 2.255707 5.111102 5.783590 0.000000 0.000000 2.243890
 6210.000000 -296504.812500 410.164937 5.562957 2.167367 5.140344 7.524192 0.000000 0.000000 2.919201
 6212.000000 -296763.906250 410.929214 5.671583 2.244631 5.055203 3.248316 0.000000 0.000000 1.260267
 6214.000000 -296177.375000 410.045841 5.632750 2.279443 5.160223 8.926045 0.000000 0.000000 3.463085
 6216.000000 -296305.625000 411.424369 5.674786 2.266180 5.134757 7.366351 0.000000 0.000000 2.857963
 6218.000000 -296233.062500 411.061877 5.684312 2.220308 5.058754 3.517681 0.000000 0.000000 1.364773
 6220.000000 -297464.968750 410.758073 5.576544 2.269840 5.111035 6.107081 0.000000 0.000000 2.369397
 6222.000000 -298467.625000 409.808057 5.725071 2.267880 5.061108 3.702647 0.000000 0.000000 1.436536
 6224.000000 -297981.062500 410.804962 5.574747 2.256316 5.078290 4.526294 0.000000 0.000000 1.756090
 6226.000000 -297372.218750 410.669200 5.520869 2.296152 5.094445 5.379185 0.000000 0.000000 2.086991
 6228.000000 -297184.375000 410.079856 5.593409 2.330055 5.045867 3.194680 0.000000 0.000000 1.239457
 6230.000000 -297266.312500 411.076443 5.655613 2.340526 5.054720 3.600629 0.000000 0.000000 1.396955
 6232.000000 -297601.781250 411.282650 5.648681 2.295820 5.033438 2.791480 0.000000 0.000000 1.083025
 6234.000000 -297617.968750 411.201757 5.691048 2.223753 5.030572 2.722170 0.000000 0.000000 1.056135
 6236.000000 -297803.812500 410.558578 5.650289 2.317765 4.934420 0.343488 0.000000 0.000000 0.133265
 6238.000000 -297992.218750 410.450292 5.620062 2.305120 5.095800 5.767406 0.000000 0.000000 2.237611
 6240.000000 -296986.500000 410.580025 5.500060 2.287292 5.084094 5.206817 0.000000 0.000000 2.020117
 6242.000000 -297837.062500 410.953586 5.598491 2.284472 5.079500 5.025016 0.000000 0.000000 1.949582
 6244.000000 -296908.718750 411.782324 5.662625 2.218603 5.090142 5.625517 0.000000 0.000000 2.182562
 6246.000000 -297442.593750 409.835566 5.700123 2.342147 5.005963 2.078938 0.000000 0.000000 0.806577
 6248.000000 -296671.406250 410.336895 5.684553 2.235202 5.059822 4.223797 0.000000 0.000000 1.638729
 6250.000000 -296878.375000 410.965276 5.810303 2.231870 5.065292 4.526397 0.000000 0.000000 1.756130
 6252.000000 -297332.781250 409.797316 5.777301 2.281159 5.106624 6.764257 0.000000 0.000000 2.624365
 6254.000000 -297501.937500 410.780668 5.794421 2.201252 5.140841 8.967335 0.000000 0.000000 3.479105
 6256.000000 -296917.312500 410.995580 5.910469 2.306213 5.130191 8.332794 0.000000 0.000000 3.232919
 6258.000000 -297570.500000 411.494673 5.824182 2.304261 5.112369 7.282359 0.000000 0.000000 2.825376
 6260.000000 -297128.718750 409.835021 5.697801 2.288977 5.079490 5.485750 0.000000 0.000000 2.128336
 6262.000000 -297843.281250 410.240501 5.762179 2.363231 5.059111 4.517778 0.000000 0.000000 1.752787
 6264.000000 -297363.062500 410.961481 5.765900 2.288313 5.007713 2.439954 0.000000 0.000000 0.946642
 6266.000000 -297002.531250 412.470593 5.703254 2.269240 5.054153 4.378279 0.000000 0.000000 1.698664
 6268.000000 -296368.000000 411.487839 5.687012 2.290518 5.080706 5.762309 0.000000 0.000000 2.235634
 6270.000000 -296377.187500 410.408166 5.679969 2.297229 5.123852 8.375562 0.000000 0.000000 3.249512
 6272.000000 -296338.906250 410.282921 5.838754 2.250816 5.027694 3.349485 0.000000 0.000000 1.299518
 6274.000000 -296600.218750 411.216042 5.766899 2.212165 4.929464 0.552183 0.000000 0.000000 0.214234
 6276.000000 -296896.937500 410.827516 5.748809 2.188136 5.001964 2.448744 0.000000 0.000000 0.950052
 6278.000000 -296834.093750 409.474040 5.785533 2.074384 4.951803 1.030652 0.000000 0.000000 0.399867
 6280.000000 -295758.468750 411.021048 5.705461 2.118650 4.976532 1.697462 0.000000 0.000000 0.658573
 6282.000000 -296875.250000 411.203524 5.760061 2.186186 5.044137 4.284479 0.000000 0.000000 1.662272
 6284.000000 -296946.187500 411.083834 5.721722 2.203238 5.020412 3.297212 0.000000 0.000000 1.279237
 6286.000000 -296006.656250 411.399624 5.631238 2.243986 5.029151 3.704474 0.000000 0.000000 1.437245
 6288.000000 -297680.593750 412.127933 5.719532 2.244398 5.098594 7.356456 0.000000 0.000000 2.854124
 6290.000000 -296367.375000 410.276551 5.787725 2.296228 5.118386 8.671507 0.000000 0.000000 3.364331
 6292.000000 -297423.718750 410.659617 5.749044 2.283852 5.094102 7.206136 0.000000 0.000000 2.795803
 6294.000000 -298288.468750 409.781291 5.677512 2.296416 5.123327 9.134575 0.000000 0.000000 3.543990
 6296.000000 -297380.250000 410.689531 5.765822 2.319702 5.039231 4.381944 0.000000 0.000000 1.700086
 6298.000000 -297207.750000 410.411280 5.785963 2.214249 5.080842 6.603439 0.000000 0.000000 2.561971
 6300.000000 -296794.343750 409.617578 5.786817 2.318369 5.055859 5.297249 0.000000 0.000000 2.055202
 6302.000000 -297387.656250 409.056749 5.667589 2.210516 5.089296 7.217782 0.000000 0.000000 2.800321
 6304.000000 -297874.093750 409.313058 5.708857 2.263334 5.151309 11.499571 0.000000 0.000000 4.461550
 6306.000000 -298789.906250 409.090932 5.729259 2.271943 5.119404 9.275513 0.000000 0.000000 3.598670
 6308.000000 -297892.187500 409.403986 5.764460 2.317997 5.077458 6.696597 0.000000 0.000000 2.598115
 6310.000000 -297566.812500 410.555792 5.765267 2.331652 5.046227 5.061523 0.000000 0.000000 1.963746
 6312.000000 -297158.375000 410.363033 5.859357 2.477337 5.089956 7.561813 0.000000 0.000000 2.933797
 6314.000000 -297009.250000 410.280746 5.770347 2.442229 5.088719 7.547213 0.000000 0.000000 2.928132
 6316.000000 -296062.687500 410.338515 5.664550 2.492482 5.036493 4.728444 0.000000 0.000000 1.834520
 6318.000000 -296502.406250 410.224190 5.675165 2.410496 5.058671 5.922596 0.000000 0.000000 2.297821
 6320.000000 -297102.062500 410.466471 5.631130 2.371899 5.038227 4.911760 0.000000 0.000000 1.905642
 6322.000000 -296779.218750 410.363359 5.706854 2.358453 5.020225 4.105292 0.000000 0.000000 1.592752
 6324.000000 -297377.906250 410.751234 5.632112 2.492101 5.079353 7.281429 0.000000 0.000000 2.825015
 6326.000000 -298322.718750 409.951737 5.671746 2.537846 5.009076 3.701248 0.000000 0.000000 1.435993
 6328.000000 -297879.562500 409.046979 5.679234 2.472216 4.992589 3.065030 0.000000 0.000000 1.189156
 6330.000000 -297241.437500 410.099600 5.705359 2.418898 5.025927 4.556640 0.000000 0.000000 1.767864
 6332.000000 -297375.156250 410.674004 5.678176 2.593130 5.029917 4.797958 0.000000 0.000000 1.861489
 6334.000000 -297314.500000 409.767117 5.686959 2.541780 4.995783 3.312299 0.000000 0.000000 1.285090
 6336.000000 -297722.281250 409.652328 5.674263 2.506961 4.989287 3.092396 0.000000 0.000000 1.199773
 6338.000000 -297125.250000 409.755019 5.597166 2.506496 4.999725 3.558512 0.000000 0.000000 1.380615
 6340.000000 -297539.218750 409.264964 5.593905 2.526505 4.955270 1.961573 0.000000 0.000000 0.761042
 6342.000000 -296983.906250 410.235027 5.616341 2.505440 5.088574 8.422351 0.000000 0.000000 3.267665
 6344.000000 -296749.343750 410.036152 5.635038 2.484105 5.091620 8.686956 0.000000 0.000000 3.370325
 6346.000000 -297838.218750 407.933171 5.657998 2.499331 5.037425 5.534833 0.000000 0.000000 2.147379
 6348.000000 -298484.375000 408.859727 5.616361 2.493512 4.950277 1.930593 0.000000 0.000000 0.749023
 6350.000000 -298002.875000 409.014046 5.713653 2.512208 4.920381 1.137184 0.000000 0.000000 0.441199
 6352.000000 -297179.343750 409.149098 5.688340 2.472143 4.888679 0.522915 0.000000 0.000000 0.202878
 6354.000000 -296833.531250 410.092254 5.639606 2.595268 5.009254 4.336339 0.000000 0.000000 1.682393
 6356.000000 -298187.000000 409.815504 5.728244 2.485732 4.951765 2.104859 0.000000 0.000000 0.816634
 6358.000000 -297384.968750 410.022608 5.658994 2.556619 5.008171 4.379129 0.000000 0.000000 1.698994
 6360.000000 -297860.656250 409.347851 5.718818 2.589092 4.973110 2.930336 0.000000 0.000000 1.136898
 6362.000000 -298621.281250 409.271314 5.641942 2.539553 5.034169 5.787214 0.000000 0.000000 2.245296
 6364.000000 -297304.968750 409.314721 5.684375 2.568203 5.036301 5.956898 0.000000 0.000000 2.311129
 6366.000000 -296580.593750 409.138831 5.671624 2.499049 5.038536 6.134782 0.000000 0.000000 2.380144
 6368.000000 -296736.812500 409.725957 5.703452 2.535847 5.042362 6.404974 0.000000 0.000000 2.484972
 6370.000000 -297306.125000 410.147301 5.701266 2.533618 4.959164 2.597905 0.000000 0.000000 1.007923
 6372.000000 -296115.531250 408.997343 5.610988 2.498760 4.977642 3.347342 0.000000 0.000000 1.298686
 6374.000000 -297934.781250 409.200684 5.655327 2.582911 4.992403 4.023173 0.000000 0.000000 1.560892
 6376.000000 -297152.312500 408.917458 5.631149 2.640567 4.932410 1.812323 0.000000 0.000000 0.703137
 6378.000000 -296244.187500 409.775620 5.646996 2.543458 4.987782 3.906468 0.000000 0.000000 1.515613
 6380.000000 -297296.531250 409.965677 5.724521 2.623706 5.005471 4.776122 0.000000 0.000000 1.853017
 6382.000000 -297394.187500 410.357706 5.692552 2.611258 4.976217 3.495175 0.000000 0.000000 1.356042
 6384.000000 -297668.031250 409.711787 5.673203 2.561002 4.981258 3.752291 0.000000 0.000000 1.455796
 6386.000000 -296445.406250 410.702884 5.641790 2.505976 4.927616 1.818514 0.000000 0.000000 0.705539
 6388.000000 -296325.312500 410.009862 5.682081 2.522488 4.995956 4.510428 0.000000 0.000000 1.749935
 6390.000000 -296842.437500 410.523847 5.702257 2.637501 4.988322 4.200884 0.000000 0.000000 1.629839
 6392.000000 -297592.562500 410.037595 5.733807 2.536471 4.915097 1.542827 0.000000 0.000000 0.598579
 6394.000000 -297563.718750 409.009771 5.781994 2.500835 4.984535 4.119389 0.000000 0.000000 1.598221
 6396.000000 -297521.875000 408.913417 5.677618 2.545588 5.003968 5.098882 0.000000 0.000000 1.978241
 6398.000000 -297328.812500 408.713729 5.664187 2.556371 4.925219 1.928793 0.000000 0.000000 0.748324
 6400.000000 -296900.906250 410.250858 5.712785 2.544077 4.863304 0.500930 0.000000 0.000000 0.194349
 6402.000000 -297367.125000 410.109582 5.751422 2.556212 4.916290 1.719615 0.000000 0.000000 0.667168
 6404.000000 -298555.281250 410.500725 5.832371 2.533623 4.947732 2.802447 0.000000 0.000000 1.087280
 6406.000000 -297196.218750 409.591895 5.766162 2.592912 4.863212 0.548005 0.000000 0.000000 0.212612
 6408.000000 -296459.500000 410.043819 5.742398 2.526098 4.881885 0.922023 0.000000 0.000000 0.357722
 6410.000000 -297518.812500 409.614656 5.776098 2.527105 4.946547 2.870816 0.000000 0.000000 1.113806
 6412.000000 -297603.218750 409.469685 5.727738 2.549834 5.005371 5.584702 0.000000 0.000000 2.166727
 6414.000000 -296780.656250 409.767988 5.714105 2.553494 4.970946 3.958083 0.000000 0.000000 1.535638
 6416.000000 -297614.437500 409.631168 5.681657 2.534419 5.033786 7.307570 0.000000 0.000000 2.835157
 6418.000000 -296732.812500 410.364094 5.773749 2.540588 5.086372 10.905547 0.000000 0.000000 4.231083
 6420.000000 -296789.218750 410.194945 5.655913 2.632906 5.128624 14.333313 0.000000 0.000000 5.560972
 6422.000000 -296073.218750 410.301241 5.738047 2.634804 5.149311 16.228015 0.000000 0.000000 6.296070
 6424.000000 -297669.000000 409.889238 5.806352 2.679444 5.061294 9.336219 0.000000 0.000000 3.622223
 6426.000000 -297540.406250 408.439369 5.831185 2.665282 5.002263 5.792272 0.000000 0.000000 2.247259
 6428.000000 -297362.375000 410.308654 5.800693 2.623598 5.147445 16.330302 0.000000 0.000000 6.335754
 6430.000000 -296601.781250 410.049689 5.807621 2.617705 5.153365 16.961590 0.000000 0.000000 6.580678
 6432.000000 -296081.718750 410.462318 5.880422 2.700288 5.047845 8.701776 0.000000 0.000000 3.376075
 6434.000000 -297449.750000 410.145013 5.892857 2.640249 5.003024 6.051332 0.000000 0.000000 2.347768
 6436.000000 -296620.281250 410.191973 5.862424 2.703280 5.022076 7.204539 0.000000 0.000000 2.795183
 6438.000000 -295697.281250 409.802089 5.938496 2.552478 4.996276 5.792954 0.000000 0.000000 2.247523
 6440.000000 -298243.875000 408.940755 5.930165 2.684721 4.935584 3.025813 0.000000 0.000000 1.173941
 6442.000000 -296820.500000 410.115718 5.891078 2.659521 4.973608 4.734012 0.000000 0.000000 1.836680
 6444.000000 -297181.218750 410.217105 5.866530 2.742442 5.011301 6.803674 0.000000 0.000000 2.639658
 6446.000000 -298785.562500 410.308243 5.955290 2.727431 5.060371 10.037411 0.000000 0.000000 3.894268
 6448.000000 -296193.500000 411.307222 5.865960 2.699056 4.984984 5.459315 0.000000 0.000000 2.118079
 6450.000000 -298200.750000 411.561402 5.855215 2.642312 4.929361 2.978413 0.000000 0.000000 1.155551
 6452.000000 -297069.375000 410.736501 5.892675 2.576078 4.838793 0.524770 0.000000 0.000000 0.203598
 6454.000000 -297826.218750 410.922124 5.829163 2.606161 4.899125 1.988443 0.000000 0.000000 0.771467
 6456.000000 -296990.343750 410.162745 5.878719 2.563411 4.952587 4.076439 0.000000 0.000000 1.581558
 6458.000000 -296541.281250 409.736039 5.871914 2.542537 4.925589 2.987235 0.000000 0.000000 1.158973
 6460.000000 -297789.875000 409.908402 5.894810 2.529294 4.967238 4.862838 0.000000 0.000000 1.886661
 6462.000000 -297094.437500 409.406221 5.834242 2.571891 4.944314 3.841879 0.000000 0.000000 1.490554
 6464.000000 -297389.187500 410.128180 5.835454 2.572347 4.967627 4.981365 0.000000 0.000000 1.932647
 6466.000000 -297980.531250 408.542001 5.763301 2.560312 4.945724 3.992794 0.000000 0.000000 1.549106
 6468.000000 -298071.906250 408.173488 5.848542 2.509279 4.905182 2.421442 0.000000 0.000000 0.939460
 6470.000000 -297788.843750 408.226365 5.911003 2.541444 4.861519 1.164493 0.000000 0.000000 0.451795
 6472.000000 -297791.093750 409.412660 5.847884 2.388502 4.896058 2.179907 0.000000 0.000000 0.845750
 6474.000000 -299133.281250 406.808570 5.787579 2.402026 4.934310 3.668400 0.000000 0.000000 1.423249
 6476.000000 -299228.812500 406.719398 5.794604 2.394739 5.026194 8.724825 0.000000 0.000000 3.385017
 6478.000000 -298532.156250 407.576560 5.917578 2.417374 4.926957 3.442713 0.000000 0.000000 1.335688
 6480.000000 -298827.937500 409.821111 5.794133 2.321761 4.931185 3.663048 0.000000 0.000000 1.421172
 6482.000000 -297345.562500 410.095163 5.744250 2.386096 4.978915 6.045335 0.000000 0.000000 2.345441
 6484.000000 -297708.093750 409.630045 5.813918 2.395050 4.979792 6.148949 0.000000 0.000000 2.385641
 6486.000000 -299143.343750 409.714322 5.714914 2.317312 4.944919 4.414211 0.000000 0.000000 1.712605
 6488.000000 -299201.843750 408.456646 5.787262 2.320678 4.930947 3.825806 0.000000 0.000000 1.484319
 6490.000000 -298863.000000 407.715971 5.879775 2.411495 4.859945 1.376683 0.000000 0.000000 0.534119
 6492.000000 -298059.468750 407.518614 5.825457 2.230394 4.902959 2.773612 0.000000 0.000000 1.076093
 6494.000000 -298302.812500 406.815547 5.797537 2.196162 4.862094 1.487686 0.000000 0.000000 0.577186
 6496.000000 -297579.437500 408.324568 5.818390 2.270249 4.927537 3.851644 0.000000 0.000000 1.494343
 6498.000000 -297772.562500 408.168855 5.842775 2.254976 4.894488 2.573616 0.000000 0.000000 0.998500
 6500.000000 -298443.593750 409.393428 5.826209 2.365972 4.938026 4.419216 0.000000 0.000000 1.714547
 6502.000000 -298653.000000 410.286577 5.788382 2.348941 4.939572 4.539717 0.000000 0.000000 1.761298
 6504.000000 -297913.031250 410.453465 5.847896 2.409231 4.921416 3.759124 0.000000 0.000000 1.458447
 6506.000000 -297727.562500 410.336558 5.868307 2.436458 4.916572 3.594338 0.000000 0.000000 1.394514
 6508.000000 -297843.062500 409.054349 5.712120 2.281958 4.896760 2.841057 0.000000 0.000000 1.102260
 6510.000000 -298261.781250 409.689252 5.701587 2.337046 4.922386 3.933210 0.000000 0.000000 1.525988
 6512.000000 -297949.281250 410.196249 5.733688 2.361091 4.929836 4.316857 0.000000 0.000000 1.674834
 6514.000000 -297737.062500 410.398938 5.734946 2.358816 4.996378 8.025022 0.000000 0.000000 3.113511
 6516.000000 -297848.531250 409.433856 5.811525 2.330128 4.979557 7.054178 0.000000 0.000000 2.736847
 6518.000000 -299092.343750 409.172445 5.786685 2.374922 4.994450 8.029630 0.000000 0.000000 3.115299
 6520.000000 -298848.937500 410.058478 5.765631 2.334072 4.982360 7.342316 0.000000 0.000000 2.848638
 6522.000000 -297010.125000 409.354280 5.734897 2.346689 5.019077 9.805384 0.000000 0.000000 3.804247
 6524.000000 -296979.343750 408.853092 5.768529 2.345898 5.016798 9.716028 0.000000 0.000000 3.769579
 6526.000000 -297652.312500 410.955769 5.780990 2.403964 5.007617 9.154190 0.000000 0.000000 3.551600
 6528.000000 -297638.562500 411.350425 5.751822 2.337678 5.005504 9.079083 0.000000 0.000000 3.522460
 6530.000000 -296137.406250 412.725624 5.716899 2.302984 4.914767 4.039514 0.000000 0.000000 1.567232
 6532.000000 -296330.562500 410.775260 5.746238 2.421801 4.978849 7.493885 0.000000 0.000000 2.907443
 6534.000000 -296875.062500 409.196302 5.776499 2.469663 4.846661 1.614845 0.000000 0.000000 0.626520
 6536.000000 -296279.937500 409.644740 5.725334 2.376409 4.898381 3.460320 0.000000 0.000000 1.342519
 6538.000000 -296864.281250 410.022091 5.728001 2.289763 4.979216 7.701428 0.000000 0.000000 2.987964
 6540.000000 -296979.343750 409.783842 5.780665 2.330841 4.936002 5.304626 0.000000 0.000000 2.058064
 6542.000000 -297791.718750 410.414524 5.675932 2.326622 4.895783 3.477080 0.000000 0.000000 1.349021
 6544.000000 -297876.968750 410.104668 5.691769 2.297777 5.033019 11.629569 0.000000 0.000000 4.511986
 6546.000000 -297438.812500 410.502616 5.678624 2.325925 5.013069 10.229439 0.000000 0.000000 3.968770
 6548.000000 -296792.406250 411.534073 5.703088 2.344505 5.023367 11.053361 0.000000 0.000000 4.288431
 6550.000000 -297372.125000 412.806280 5.645966 2.283331 4.952894 6.491982 0.000000 0.000000 2.518729
 6552.000000 -296682.093750 413.217974 5.787009 2.376121 4.897894 3.779871 0.000000 0.000000 1.466497
 6554.000000 -296576.625000 411.964846 5.780822 2.405810 4.991942 9.041201 0.000000 0.000000 3.507763
 6556.000000 -297523.218750 410.189273 5.771041 2.437560 4.987227 8.793201 0.000000 0.000000 3.411545
 6558.000000 -298245.687500 409.876116 5.816950 2.399797 4.987714 8.892040 0.000000 0.000000 3.449892
 6560.000000 -296990.312500 410.998968 5.763786 2.431802 5.007796 10.353292 0.000000 0.000000 4.016822
 6562.000000 -298150.500000 410.058079 5.726983 2.332510 4.969413 7.838327 0.000000 0.000000 3.041078
 6564.000000 -298328.500000 410.940241 5.741914 2.385122 4.955458 7.048316 0.000000 0.000000 2.734573
 6566.000000 -297729.312500 410.518696 5.722827 2.275988 5.060697 14.765941 0.000000 0.000000 5.728821
 6568.000000 -297529.125000 410.085762 5.627312 2.310593 4.996485 9.833992 0.000000 0.000000 3.815346
 6570.000000 -297752.968750 411.082098 5.711457 2.325333 5.012858 11.089904 0.000000 0.000000 4.302609
 6572.000000 -297476.906250 409.867380 5.647205 2.364426 5.028935 12.398018 0.000000 0.000000 4.810125
 6574.000000 -296478.781250 409.738214 5.681321 2.455696 5.059276 14.988384 0.000000 0.000000 5.815123
 6576.000000 -296823.968750 408.377670 5.640237 2.401875 5.021396 11.965716 0.000000 0.000000 4.642403
 6578.000000 -297472.500000 409.073450 5.711628 2.367026 5.016557 11.670631 0.000000 0.000000 4.527917
 6580.000000 -298608.500000 408.260150 5.671510 2.307479 5.092809 18.317848 0.000000 0.000000 7.106873
 6582.000000 -297449.843750 408.479284 5.645546 2.310638 5.033382 13.152980 0.000000 0.000000 5.103032
 6584.000000 -297692.843750 407.748538 5.669204 2.279923 5.102390 19.442958 0.000000 0.000000 7.543388
 6586.000000 -297413.968750 408.459338 5.693754 2.275138 5.070969 16.559206 0.000000 0.000000 6.424564
 6588.000000 -297291.937500 409.143814 5.747341 2.338258 5.062733 15.907309 0.000000 0.000000 6.171644
 6590.000000 -298485.062500 409.472496 5.688212 2.281981 5.048219 14.724909 0.000000 0.000000 5.712901
 6592.000000 -297768.031250 409.226195 5.754370 2.403031 5.042333 14.308691 0.000000 0.000000 5.551419
 6594.000000 -298019.187500 408.279270 5.714806 2.308639 5.069862 16.823465 0.000000 0.000000 6.527089
 6596.000000 -297891.843750 409.058354 5.656164 2.353192 5.082697 18.116254 0.000000 0.000000 7.028660
 6598.000000 -298351.687500 408.307271 5.760380 2.315912 5.065642 16.620463 0.000000 0.000000 6.448330
 6600.000000 -298505.093750 408.001227 5.701698 2.296506 5.015430 12.437046 0.000000 0.000000 4.825267
 6602.000000 -297797.593750 407.120999 5.729129 2.372886 5.027390 13.480019 0.000000 0.000000 5.229915
 6604.000000 -297541.156250 408.988779 5.742568 2.335542 5.038372 14.481656 0.000000 0.000000 5.618525
 6606.000000 -297621.312500 409.910774 5.723201 2.303701 5.000209 11.491953 0.000000 0.000000 4.458594
 6608.000000 -297260.593750 409.045079 5.757586 2.309112 4.969621 9.358536 0.000000 0.000000 3.630881
 6610.000000 -297558.750000 410.830630 5.681978 2.345588 4.956307 8.535188 0.000000 0.000000 3.311442
 6612.000000 -297344.218750 410.971379 5.772999 2.206666 4.963824 9.100612 0.000000 0.000000 3.530813
 6614.000000 -298012.031250 410.707772 5.729743 2.322917 5.008540 12.445715 0.000000 0.000000 4.828630
 6616.000000 -298577.250000 409.377760 5.738533 2.308211 5.008683 12.536046 0.000000 0.000000 4.863677
 6618.000000 -297432.281250 409.843395 5.761904 2.327078 4.979944 10.436069 0.000000 0.000000 4.048937
 6620.000000 -298408.593750 409.363765 5.787868 2.200297 5.045839 15.827660 0.000000 0.000000 6.140742
 6622.000000 -297954.593750 409.629567 5.732365 2.178969 4.915336 6.403487 0.000000 0.000000 2.484395
 6624.000000 -298675.312500 408.640085 5.761533 2.189355 4.985272 11.046324 0.000000 0.000000 4.285701
 6626.000000 -298250.781250 409.665214 5.723583 2.347777 4.979939 10.726673 0.000000 0.000000 4.161685
 6628.000000 -298718.656250 409.791523 5.734581 2.350066 4.901865 5.824733 0.000000 0.000000 2.259853
 6630.000000 -298227.906250 409.619492 5.721295 2.287723 4.906035 6.107046 0.000000 0.000000 2.369383
 6632.000000 -297462.718750 409.556042 5.738239 2.260656 4.947519 8.680288 0.000000 0.000000 3.367737
 6634.000000 -298971.687500 408.584096 5.686539 2.240674 4.904474 6.131314 0.000000 0.000000 2.378799
 6636.000000 -298411.875000 410.435472 5.671626 2.347030 4.884318 5.116590 0.000000 0.000000 1.985111
 6638.000000 -298421.593750 409.710358 5.696275 2.157808 4.960985 9.798938 0.000000 0.000000 3.801746
 6640.000000 -298326.843750 409.582952 5.689274 2.344980 4.926657 7.604977 0.000000 0.000000 2.950544
 6642.000000 -298706.937500 408.522337 5.699292 2.297500 4.925558 7.598828 0.000000 0.000000 2.948158
 6644.000000 -298052.000000 407.098229 5.749824 2.298510 4.873065 4.756308 0.000000 0.000000 1.845330
 6646.000000 -298376.250000 407.869874 5.701701 2.288195 4.930359 8.023820 0.000000 0.000000 3.113044
 6648.000000 -298480.093750 407.885782 5.719045 2.316716 4.888040 5.620135 0.000000 0.000000 2.180474
 6650.000000 -298518.906250 408.598801 5.777008 2.270007 4.943468 9.009412 0.000000 0.000000 3.495430
 6652.000000 -299053.687500 408.683775 5.719207 2.323926 4.933879 8.442152 0.000000 0.000000 3.275347
 6654.000000 -297635.750000 409.747620 5.766788 2.197328 4.901954 6.552509 0.000000 0.000000 2.542212
 6656.000000 -297746.281250 408.778427 5.737408 2.279766 4.910077 7.085092 0.000000 0.000000 2.748841
 6658.000000 -298274.562500 408.722707 5.760725 2.236505 4.943244 9.264629 0.000000 0.000000 3.594447
 6660.000000 -297717.125000 408.935483 5.782528 2.267955 4.898178 6.508146 0.000000 0.000000 2.525000
 6662.000000 -297543.000000 409.753668 5.762555 2.272781 4.890722 6.145105 0.000000 0.000000 2.384149
 6664.000000 -297520.843750 409.778180 5.766491 2.230516 4.852030 4.233365 0.000000 0.000000 1.642441
 6666.000000 -297832.593750 408.662740 5.825222 2.216192 4.834216 3.495149 0.000000 0.000000 1.356032
 6668.000000 -298036.312500 409.901125 5.766192 2.295501 4.923673 8.299397 0.000000 0.000000 3.219962
 6670.000000 -296841.437500 409.984722 5.780007 2.261443 4.851909 4.366883 0.000000 0.000000 1.694243
 6672.000000 -298109.125000 409.942024 5.788078 2.384716 4.884419 6.073063 0.000000 0.000000 2.356199
 6674.000000 -297181.031250 409.134236 5.734835 2.422218 4.892670 6.593518 0.000000 0.000000 2.558122
 6676.000000 -296877.187500 410.461979 5.799408 2.436755 4.992641 13.665427 0.000000 0.000000 5.301849
 6678.000000 -297322.250000 410.844673 5.823852 2.388596 4.891246 6.626662 0.000000 0.000000 2.570982
 6680.000000 -297259.468750 410.719141 5.812552 2.435934 4.940856 9.860034 0.000000 0.000000 3.825450
 6682.000000 -297648.750000 410.397491 5.700071 2.381047 4.974476 12.440643 0.000000 0.000000 4.826663
 6684.000000 -297201.187500 410.538307 5.757687 2.345588 4.946489 10.403232 0.000000 0.000000 4.036198
 6686.000000 -296751.750000 409.651860 5.788728 2.449112 4.990974 13.942357 0.000000 0.000000 5.409291
 6688.000000 -297218.812500 409.020000 5.725052 2.318125 4.916479 8.481189 0.000000 0.000000 3.290492
 6690.000000 -297297.343750 409.067245 5.749044 2.358441 4.942038 10.298840 0.000000 0.000000 3.995696
 6692.000000 -298289.500000 408.837179 5.767410 2.303030 4.950924 11.020496 0.000000 0.000000 4.275681
 6694.000000 -298141.125000 409.083802 5.657804 2.319937 4.940172 10.308487 0.000000 0.000000 3.999439
 6696.000000 -297244.437500 409.747249 5.734684 2.419015 4.934672 9.987933 0.000000 0.000000 3.875072
 6698.000000 -297473.843750 409.152474 5.766008 2.396789 4.928275 9.610185 0.000000 0.000000 3.728515
 6700.000000 -298102.187500 408.591991 5.626943 2.303136 4.951437 11.358005 0.000000 0.000000 4.406626
 6702.000000 -298490.906250 408.654522 5.736270 2.326391 4.910563 8.551883 0.000000 0.000000 3.317920
 6704.000000 -298755.500000 408.617376 5.684329 2.379907 4.963694 12.457800 0.000000 0.000000 4.833319
 6706.000000 -298614.125000 410.311377 5.728321 2.284181 4.968749 12.940293 0.000000 0.000000 5.020514
 6708.000000 -298722.437500 410.764685 5.743688 2.399192 4.949748 11.532848 0.000000 0.000000 4.474460
 6710.000000 -298377.875000 409.176777 5.724875 2.376145 4.993082 15.145171 0.000000 0.000000 5.875953
 6712.000000 -297939.843750 409.447815 5.723558 2.399228 4.965365 12.909404 0.000000 0.000000 5.008531
 6714.000000 -297858.281250 409.133412 5.638182 2.355428 5.008000 16.653164 0.000000 0.000000 6.461017
 6716.000000 -298580.156250 408.992676 5.677936 2.353619 5.019360 17.800047 0.000000 0.000000 6.905979
 6718.000000 -298494.312500 408.487653 5.679297 2.387981 4.924365 10.036968 0.000000 0.000000 3.894096
 6720.000000 -298539.500000 410.105004 5.670341 2.275235 4.981316 14.562069 0.000000 0.000000 5.649724
 6722.000000 -298161.468750 409.626751 5.727501 2.337611 4.998108 16.119843 0.000000 0.000000 6.254102
 6724.000000 -297720.187500 410.233709 5.679679 2.408465 4.976483 14.321382 0.000000 0.000000 5.556343
 6726.000000 -297118.375000 411.829893 5.747328 2.379262 4.970619 13.912730 0.000000 0.000000 5.397796
 6728.000000 -296785.093750 410.994053 5.663411 2.337944 4.924358 10.393775 0.000000 0.000000 4.032528
 6730.000000 -297796.406250 410.151392 5.635838 2.417639 4.965465 13.650870 0.000000 0.000000 5.296201
 6732.000000 -296958.593750 409.193565 5.666995 2.454586 4.952432 12.674887 0.000000 0.000000 4.917543
 6734.000000 -297296.750000 409.160352 5.627463 2.405964 4.938902 11.697031 0.000000 0.000000 4.538160
 6736.000000 -297426.250000 408.527607 5.685940 2.401575 5.004107 17.307999 0.000000 0.000000 6.715077
 6738.000000 -298088.593750 409.110597 5.656469 2.344291 4.966147 14.040414 0.000000 0.000000 5.447334
 6740.000000 -297315.187500 409.801375 5.703369 2.364983 4.970099 14.458452 0.000000 0.000000 5.609523
 6742.000000 -298895.375000 410.682184 5.725101 2.318754 4.951478 12.999013 0.000000 0.000000 5.043296
 6744.000000 -297886.687500 411.171428 5.690687 2.344749 4.900530 9.284054 0.000000 0.000000 3.601984
 6746.000000 -297882.562500 409.746865 5.668707 2.331289 4.928476 11.360999 0.000000 0.000000 4.407788
 6748.000000 -298832.093750 409.056346 5.605777 2.372332 4.955066 13.535581 0.000000 0.000000 5.251471
 6750.000000 -297592.562500 408.764594 5.653619 2.313490 4.909362 10.107719 0.000000 0.000000 3.921546
 6752.000000 -296728.687500 408.937911 5.661298 2.322567 4.960726 14.173070 0.000000 0.000000 5.498801
 6754.000000 -298152.937500 409.533870 5.677024 2.287281 4.986710 16.535576 0.000000 0.000000 6.415396
 6756.000000 -298574.062500 408.925198 5.690313 2.241337 4.948772 13.347529 0.000000 0.000000 5.178512
 6758.000000 -299003.250000 409.239692 5.672030 2.232136 4.976537 15.800790 0.000000 0.000000 6.130317
 6760.000000 -297917.250000 408.473447 5.656400 2.255283 4.924119 11.561008 0.000000 0.000000 4.485386
 6762.000000 -299042.687500 408.577977 5.638792 2.252860 4.957266 14.302950 0.000000 0.000000 5.549192
 6764.000000 -299230.500000 407.785283 5.597955 2.279436 4.912412 10.834802 0.000000 0.000000 4.203636
 6766.000000 -298765.343750 408.564021 5.555409 2.221793 4.952177 14.042946 0.000000 0.000000 5.448317
 6768.000000 -296602.406250 410.598122 5.577945 2.260045 4.978163 16.395263 0.000000 0.000000 6.360958
 6770.000000 -298274.593750 410.503699 5.525604 2.292617 4.944729 13.590162 0.000000 0.000000 5.272648
 6772.000000 -297500.218750 409.537562 5.542445 2.311609 4.870789 8.242579 0.000000 0.000000 3.197917
 6774.000000 -299232.312500 409.560687 5.483835 2.251474 4.903810 10.571310 0.000000 0.000000 4.101408
 6776.000000 -297473.906250 408.693445 5.501541 2.353929 4.913677 11.376155 0.000000 0.000000 4.413668
 6778.000000 -297763.937500 409.954467 5.495032 2.279069 4.976172 16.668818 0.000000 0.000000 6.467090
 6780.000000 -296748.125000 409.378438 5.554592 2.301680 4.981510 17.252466 0.000000 0.000000 6.693531
 6782.000000 -297958.000000 408.638680 5.528164 2.303716 4.916034 11.783711 0.000000 0.000000 4.571789
 6784.000000 -297040.437500 408.317390 5.520852 2.249640 4.905656 11.074886 0.000000 0.000000 4.296783
 6786.000000 -296910.250000 408.222135 5.448540 2.250171 4.894044 10.299263 0.000000 0.000000 3.995860
 6788.000000 -296417.031250 408.191444 5.418369 2.197010 4.873334 8.933413 0.000000 0.000000 3.465944
 6790.000000 -298245.937500 410.477672 5.452865 2.205015 4.890983 10.223259 0.000000 0.000000 3.966372
 6792.000000 -298272.312500 409.886012 5.525039 2.236955 4.894564 10.553440 0.000000 0.000000 4.094474
 6794.000000 -297418.250000 409.636678 5.454510 2.230570 4.883922 9.864637 0.000000 0.000000 3.827236
 6796.000000 -297176.468750 409.393854 5.412758 2.246727 4.863206 8.528578 0.000000 0.000000 3.308878
 6798.000000 -298955.812500 408.132902 5.445911 2.214775 4.836582 6.937362 0.000000 0.000000 2.691525
 6800.000000 -298211.843750 408.068707 5.408557 2.300301 4.846625 7.602978 0.000000 0.000000 2.949768
 6802.000000 -298289.968750 406.204246 5.381772 2.242725 4.804902 5.299454 0.000000 0.000000 2.056058
 6804.000000 -298176.093750 406.541020 5.347047 2.266404 4.806949 5.457468 0.000000 0.000000 2.117363
 6806.000000 -298148.812500 407.122562 5.564387 2.351451 4.875448 9.691647 0.000000 0.000000 3.760120
 6808.000000 -298596.406250 407.176688 5.415262 2.345754 4.861302 8.798120 0.000000 0.000000 3.413454
 6810.000000 -298832.000000 407.489766 5.540563 2.289010 4.847835 7.990683 0.000000 0.000000 3.100188
 6812.000000 -297088.625000 407.968549 5.543008 2.303736 4.797117 5.157051 0.000000 0.000000 2.000808
 6814.000000 -297349.875000 408.562852 5.436173 2.265179 4.800151 5.363917 0.000000 0.000000 2.081068
 6816.000000 -296985.093750 408.965192 5.490237 2.259085 4.836829 7.492664 0.000000 0.000000 2.906969
 6818.000000 -298589.031250 409.521411 5.521822 2.264493 4.886155 10.889542 0.000000 0.000000 4.224874
 6820.000000 -297640.687500 408.618616 5.610459 2.312989 4.804776 5.766090 0.000000 0.000000 2.237101
 6822.000000 -298193.250000 409.050607 5.570048 2.346705 4.764330 3.842580 0.000000 0.000000 1.490826
 6824.000000 -298458.156250 408.656864 5.623152 2.463089 4.724555 2.330909 0.000000 0.000000 0.904335
 6826.000000 -299001.281250 408.962868 5.628383 2.439567 4.684821 1.196126 0.000000 0.000000 0.464067
 6828.000000 -298186.437500 408.718360 5.690338 2.379432 4.707416 1.842733 0.000000 0.000000 0.714935
 6830.000000 -299011.781250 409.259128 5.672643 2.332399 4.744445 3.177845 0.000000 0.000000 1.232925
 6832.000000 -299362.718750 408.827877 5.674362 2.410256 4.740672 3.068270 0.000000 0.000000 1.190413
 6834.000000 -297832.250000 408.856409 5.769410 2.466946 4.792744 5.499048 0.000000 0.000000 2.133495
 6836.000000 -296374.000000 410.047949 5.738427 2.392403 4.726959 2.626629 0.000000 0.000000 1.019067
 6838.000000 -297798.875000 410.697484 5.715731 2.414211 4.734337 2.939027 0.000000 0.000000 1.140270
 6840.000000 -298020.156250 410.261654 5.616833 2.374023 4.819197 7.151924 0.000000 0.000000 2.774770
 6842.000000 -297921.718750 409.580356 5.690075 2.263069 4.754233 3.838304 0.000000 0.000000 1.489167
 6844.000000 -298129.031250 410.283463 5.718378 2.208433 4.768434 4.533156 0.000000 0.000000 1.758753
 6846.000000 -297667.468750 408.879140 5.695296 2.240836 4.809798 6.774344 0.000000 0.000000 2.628279
 6848.000000 -297498.281250 407.370676 5.674845 2.218068 4.781514 5.279484 0.000000 0.000000 2.048309
 6850.000000 -298100.031250 406.960293 5.566481 2.244397 4.834629 8.425896 0.000000 0.000000 3.269040
 6852.000000 -298424.875000 409.516157 5.658011 2.289053 4.823873 7.804572 0.000000 0.000000 3.027981
 6854.000000 -297756.031250 409.304943 5.653053 2.250043 4.804575 6.703348 0.000000 0.000000 2.600734
 6856.000000 -297858.437500 409.145590 5.735198 2.235141 4.787926 5.827988 0.000000 0.000000 2.261116
 6858.000000 -297225.187500 410.312356 5.577956 2.197902 4.776181 5.262418 0.000000 0.000000 2.041688
 6860.000000 -298017.937500 410.539610 5.575820 2.214935 4.744708 3.815351 0.000000 0.000000 1.480262
 6862.000000 -297543.218750 409.556702 5.631339 2.333041 4.767135 4.907176 0.000000 0.000000 1.903863
 6864.000000 -297392.500000 410.467113 5.584144 2.215761 4.787858 6.042209 0.000000 0.000000 2.344228
 6866.000000 -298322.437500 409.587982 5.525241 2.283057 4.744442 3.935687 0.000000 0.000000 1.526950
 6868.000000 -298688.343750 410.298413 5.641771 2.284732 4.791517 6.357254 0.000000 0.000000 2.466458
 6870.000000 -297814.000000 409.198889 5.571287 2.221146 4.757962 4.654286 0.000000 0.000000 1.805748
 6872.000000 -297795.281250 409.983843 5.603191 2.270347 4.836993 9.315645 0.000000 0.000000 3.614241
 6874.000000 -296975.250000 409.847611 5.546406 2.289694 4.852159 10.451625 0.000000 0.000000 4.054973
 6876.000000 -298018.343750 409.335654 5.580941 2.225805 4.772522 5.539932 0.000000 0.000000 2.149357
 6878.000000 -297212.250000 409.163966 5.572828 2.190054 4.808474 7.655435 0.000000 0.000000 2.970120
 6880.000000 -298736.625000 408.901818 5.567827 2.217747 4.819255 8.401635 0.000000 0.000000 3.259627
 6882.000000 -297787.687500 409.379806 5.560825 2.257749 4.799529 7.231778 0.000000 0.000000 2.805751
 6884.000000 -297905.625000 409.935709 5.611919 2.346311 4.802285 7.459405 0.000000 0.000000 2.894065
 6886.000000 -296944.843750 409.543206 5.567351 2.336107 4.748474 4.582810 0.000000 0.000000 1.778017
 6888.000000 -297431.312500 409.960628 5.617968 2.237060 4.806157 7.822321 0.000000 0.000000 3.034868
 6890.000000 -297466.687500 409.806314 5.615508 2.219686 4.778709 6.255726 0.000000 0.000000 2.427068
 6892.000000 -296255.218750 410.003880 5.572634 2.178811 4.843968 10.510186 0.000000 0.000000 4.077693
 6894.000000 -297508.625000 409.746448 5.595017 2.215249 4.802471 7.779500 0.000000 0.000000 3.018254
 6896.000000 -297842.000000 409.623288 5.640675 2.304582 4.799811 7.676290 0.000000 0.000000 2.978211
 6898.000000 -297498.281250 408.449134 5.594277 2.272726 4.813356 8.603855 0.000000 0.000000 3.338084
 6900.000000 -297782.562500 408.511305 5.631284 2.280958 4.802438 7.965645 0.000000 0.000000 3.090474
 6902.000000 -298512.500000 408.774952 5.596145 2.374094 4.818446 9.075149 0.000000 0.000000 3.520934
 6904.000000 -296881.875000 410.452817 5.584107 2.320540 4.867741 12.779285 0.000000 0.000000 4.958047
 6906.000000 -297402.125000 410.246930 5.635418 2.309075 4.816237 9.061076 0.000000 0.000000 3.515474
 6908.000000 -297057.937500 409.836668 5.633450 2.287895 4.805034 8.387308 0.000000 0.000000 3.254069
 6910.000000 -296678.343750 409.628226 5.667667 2.282294 4.807425 8.608365 0.000000 0.000000 3.339833
 6912.000000 -297622.687500 408.901663 5.595795 2.242733 4.784737 7.244296 0.000000 0.000000 2.810608
 6914.000000 -298058.000000 408.664479 5.671069 2.262793 4.790998 7.687899 0.000000 0.000000 2.982715
 6916.000000 -298102.250000 408.892648 5.627121 2.225699 4.786315 7.461213 0.000000 0.000000 2.894767
 6918.000000 -297519.687500 408.208804 5.637457 2.259278 4.823838 9.999660 0.000000 0.000000 3.879621
 6920.000000 -298547.250000 408.592216 5.540694 2.218308 4.773437 6.811615 0.000000 0.000000 2.642739
 6922.000000 -298774.312500 407.245028 5.573006 2.283392 4.805829 8.899739 0.000000 0.000000 3.452879
 6924.000000 -297538.343750 407.638575 5.591002 2.285940 4.764514 6.413584 0.000000 0.000000 2.488312
 6926.000000 -298747.562500 407.118185 5.639201 2.259598 4.807624 9.154693 0.000000 0.000000 3.551795
 6928.000000 -299659.812500 407.232007 5.662846 2.305648 4.782203 7.577009 0.000000 0.000000 2.939693
 6930.000000 -299567.343750 407.716043 5.610278 2.299795 4.770148 6.911838 0.000000 0.000000 2.681623
 6932.000000 -297442.468750 407.579443 5.718961 2.334286 4.789057 8.131762 0.000000 0.000000 3.154923
 6934.000000 -298472.562500 408.143940 5.594643 2.343903 4.733990 5.049620 0.000000 0.000000 1.959128
 6936.000000 -298531.625000 408.655629 5.643210 2.285236 4.759793 6.486224 0.000000 0.000000 2.516495
 6938.000000 -298323.406250 408.461914 5.622129 2.256363 4.696956 3.442662 0.000000 0.000000 1.335668
 6940.000000 -297972.406250 408.083599 5.730287 2.367104 4.742042 5.620236 0.000000 0.000000 2.180513
 6942.000000 -297867.125000 408.134733 5.679438 2.310524 4.778966 7.810354 0.000000 0.000000 3.030225
 6944.000000 -297281.937500 408.379049 5.678128 2.333136 4.852623 13.172532 0.000000 0.000000 5.110618
 6946.000000 -298003.468750 407.854678 5.699358 2.375569 4.762223 6.916221 0.000000 0.000000 2.683323
 6948.000000 -297304.031250 407.142153 5.822037 2.336706 4.792188 8.857035 0.000000 0.000000 3.436311
 6950.000000 -297089.562500 407.364314 5.577273 2.327462 4.748877 6.265125 0.000000 0.000000 2.430714
 6952.000000 -297944.500000 407.745427 5.672362 2.287298 4.820034 10.954504 0.000000 0.000000 4.250077
 6954.000000 -297525.500000 409.777233 5.660010 2.313630 4.796929 9.379609 0.000000 0.000000 3.639057
 6956.000000 -296373.406250 409.743528 5.677883 2.337812 4.765858 7.433342 0.000000 0.000000 2.883953
 6958.000000 -298089.625000 408.181776 5.707578 2.358194 4.793792 9.301956 0.000000 0.000000 3.608929
 6960.000000 -297458.781250 408.207435 5.657694 2.447277 4.785617 8.819056 0.000000 0.000000 3.421576
 6962.000000 -297890.875000 407.059004 5.679571 2.327002 4.820903 11.393210 0.000000 0.000000 4.420285
 6964.000000 -297554.437500 406.580737 5.753816 2.435588 4.817950 11.246239 0.000000 0.000000 4.363263
 6966.000000 -298698.718750 407.173862 5.670535 2.304279 4.776623 8.425529 0.000000 0.000000 3.268898
 6968.000000 -298110.687500 407.652061 5.667109 2.312378 4.772630 8.232390 0.000000 0.000000 3.193964
 6970.000000 -297186.093750 407.866133 5.700391 2.293876 4.803148 10.378662 0.000000 0.000000 4.026665
 6972.000000 -296444.750000 408.499085 5.745646 2.281878 4.737402 6.238570 0.000000 0.000000 2.420411
 6974.000000 -296954.937500 409.435383 5.769775 2.327988 4.722260 5.473733 0.000000 0.000000 2.123674
 6976.000000 -297575.125000 407.502248 5.733262 2.393294 4.701133 4.471423 0.000000 0.000000 1.734802
 6978.000000 -297346.218750 408.922649 5.684244 2.343124 4.716162 5.261416 0.000000 0.000000 2.041300
 6980.000000 -298350.593750 407.652281 5.715766 2.277516 4.740260 6.627435 0.000000 0.000000 2.571281
 6982.000000 -297658.812500 409.338834 5.709519 2.312362 4.759165 7.822793 0.000000 0.000000 3.035051
 6984.000000 -298777.968750 408.683777 5.632342 2.257629 4.686081 3.964107 0.000000 0.000000 1.537976
 6986.000000 -297591.500000 408.976867 5.679849 2.235880 4.700823 4.695919 0.000000 0.000000 1.821901
 6988.000000 -298722.718750 409.027210 5.693180 2.345494 4.731253 6.342375 0.000000 0.000000 2.460685
 6990.000000 -298783.125000 407.979451 5.634500 2.299878 4.733001 6.498036 0.000000 0.000000 2.521078
 6992.000000 -299119.750000 407.432904 5.718533 2.263793 4.745258 7.275673 0.000000 0.000000 2.822782
 6994.000000 -299123.406250 407.735108 5.715810 2.280728 4.735700 6.768652 0.000000 0.000000 2.626070
 6996.000000 -298346.781250 407.627170 5.704914 2.354596 4.690530 4.442924 0.000000 0.000000 1.723745
 6998.000000 -297520.812500 407.582090 5.641334 2.262589 4.706653 5.286639 0.000000 0.000000 2.051085
 7000.000000 -298095.375000 408.315915 5.662455 2.403874 4.659115 3.164679 0.000000 0.000000 1.227818
 7002.000000 -297888.906250 409.152821 5.619234 2.325872 4.761546 8.616328 0.000000 0.000000 3.342923
 7004.000000 -297843.625000 408.716234 5.620150 2.252330 4.690904 4.651484 0.000000 0.000000 1.804661
 7006.000000 -296682.718750 408.831097 5.598865 2.269813 4.749227 7.952310 0.000000 0.000000 3.085300
 7008.000000 -297487.968750 408.692825 5.631981 2.214068 4.718645 6.196376 0.000000 0.000000 2.404041
 7010.000000 -297958.687500 407.935819 5.753269 2.168233 4.678070 4.189312 0.000000 0.000000 1.625350
 7012.000000 -298599.093750 407.202004 5.615713 2.121596 4.730912 7.015883 0.000000 0.000000 2.721990
 7014.000000 -298545.625000 408.788240 5.691422 2.210955 4.776328 10.034353 0.000000 0.000000 3.893081
 7016.000000 -297790.031250 407.440979 5.640889 2.216305 4.756315 8.732777 0.000000 0.000000 3.388102
 7018.000000 -298413.593750 408.098976 5.658064 2.184169 4.787442 10.984704 0.000000 0.000000 4.261794
 7020.000000 -297231.562500 409.487420 5.639083 2.191907 4.761492 9.213463 0.000000 0.000000 3.574597
 7022.000000 -298637.312500 409.332285 5.688358 2.084055 4.751749 8.629642 0.000000 0.000000 3.348088
 7024.000000 -297886.656250 408.445300 5.573561 2.091872 4.725116 7.027992 0.000000 0.000000 2.726688
 7026.000000 -297615.531250 409.183378 5.621029 2.176198 4.742315 8.148220 0.000000 0.000000 3.161308
 7028.000000 -298079.312500 409.122170 5.626242 2.082647 4.751818 8.832383 0.000000 0.000000 3.426747
 7030.000000 -297275.843750 408.362139 5.593708 2.055919 4.743100 8.326965 0.000000 0.000000 3.230657
 7032.000000 -297089.250000 408.297081 5.651320 2.112899 4.697134 5.678261 0.000000 0.000000 2.203025
 7034.000000 -298499.375000 409.008307 5.511634 2.114265 4.754851 9.237891 0.000000 0.000000 3.584074
 7036.000000 -298055.656250 407.749311 5.594751 2.055701 4.736065 8.068629 0.000000 0.000000 3.130429
 7038.000000 -297215.281250 407.362922 5.589045 2.032341 4.701430 6.073692 0.000000 0.000000 2.356443
 7040.000000 -297558.406250 407.124133 5.567604 2.056915 4.714352 6.865125 0.000000 0.000000 2.663499
 7042.000000 -298367.562500 408.395677 5.565803 2.061298 4.755966 9.588787 0.000000 0.000000 3.720213
 7044.000000 -298139.406250 408.045922 5.565435 2.097616 4.770998 10.730997 0.000000 0.000000 4.163362
 7046.000000 -298827.531250 409.517195 5.551371 2.131241 4.745427 9.006651 0.000000 0.000000 3.494358
 7048.000000 -298046.250000 408.645501 5.618443 2.183460 4.752542 9.559409 0.000000 0.000000 3.708815
 7050.000000 -298156.625000 408.051662 5.509052 2.124627 4.716326 7.279771 0.000000 0.000000 2.824372
 7052.000000 -297222.031250 408.450197 5.563989 2.112042 4.751308 9.612466 0.000000 0.000000 3.729400
 7054.000000 -297163.343750 409.765076 5.623836 2.048061 4.742664 9.089821 0.000000 0.000000 3.526626
 7056.000000 -297283.250000 410.062094 5.522484 2.116174 4.749297 9.611722 0.000000 0.000000 3.729111
 7058.000000 -297169.687500 410.569334 5.521390 2.050442 4.752330 9.893325 0.000000 0.000000 3.838366
 7060.000000 -296568.843750 410.022790 5.585758 2.092160 4.704535 6.875820 0.000000 0.000000 2.667649
 7062.000000 -297675.875000 408.991738 5.499291 2.050755 4.748623 9.773643 0.000000 0.000000 3.791932
 7064.000000 -297515.562500 408.475267 5.453326 2.045869 4.770318 11.424537 0.000000 0.000000 4.432439
 7066.000000 -297200.125000 408.808496 5.529137 2.052002 4.763857 11.015494 0.000000 0.000000 4.273740
 7068.000000 -297607.062500 409.706210 5.584175 1.969431 4.803115 14.205786 0.000000 0.000000 5.511495
 7070.000000 -296876.687500 409.996413 5.524675 2.044798 4.755574 10.554125 0.000000 0.000000 4.094740
 7072.000000 -297211.812500 410.021692 5.589912 2.025640 4.759770 10.935008 0.000000 0.000000 4.242513
 7074.000000 -297543.531250 407.802296 5.609530 2.071068 4.742051 9.733676 0.000000 0.000000 3.776426
 7076.000000 -298347.218750 407.352721 5.537477 2.102617 4.712367 7.835431 0.000000 0.000000 3.039954
 7078.000000 -296981.000000 407.612614 5.615156 2.053989 4.711566 7.847891 0.000000 0.000000 3.044788
 7080.000000 -297040.687500 408.931927 5.538806 2.089899 4.755568 10.920030 0.000000 0.000000 4.236702
 7082.000000 -297018.687500 410.634593 5.587807 2.036698 4.767462 11.893567 0.000000 0.000000 4.614411
 7084.000000 -297071.843750 410.286991 5.591691 2.069253 4.768812 12.075508 0.000000 0.000000 4.684999
 7086.000000 -297323.718750 409.386994 5.663098 2.113979 4.780215 13.058452 0.000000 0.000000 5.066357
 7088.000000 -297726.500000 409.742925 5.560888 2.090832 4.701257 7.518872 0.000000 0.000000 2.917137
 7090.000000 -298280.437500 409.386897 5.610604 2.124152 4.729960 9.450346 0.000000 0.000000 3.666501
 7092.000000 -298157.375000 410.264702 5.646920 2.168522 4.734707 9.849586 0.000000 0.000000 3.821396
 7094.000000 -296967.093750 408.908765 5.678157 2.049177 4.720079 8.916380 0.000000 0.000000 3.459336
 7096.000000 -297131.593750 407.708454 5.687662 2.097326 4.734480 9.974352 0.000000 0.000000 3.869803
 7098.000000 -297585.437500 408.746814 5.584585 2.080206 4.787005 14.112439 0.000000 0.000000 5.475278
 7100.000000 -298084.250000 409.030191 5.631765 2.064666 4.721102 9.187066 0.000000 0.000000 3.564355
 7102.000000 -298435.781250 408.515361 5.628129 2.084725 4.745035 10.954623 0.000000 0.000000 4.250124
 7104.000000 -297595.406250 407.804741 5.577717 2.084728 4.764588 12.528530 0.000000 0.000000 4.860761
 7106.000000 -298307.031250 407.992354 5.619863 2.076481 4.673700 6.424085 0.000000 0.000000 2.492387
 7108.000000 -297942.937500 408.801143 5.678014 2.143751 4.773022 13.367925 0.000000 0.000000 5.186425
 7110.000000 -297842.468750 408.043206 5.666867 2.054758 4.758835 12.311527 0.000000 0.000000 4.776569
 7112.000000 -297147.031250 408.579192 5.733705 2.063518 4.704021 8.451337 0.000000 0.000000 3.278910
 7114.000000 -297182.875000 408.742317 5.636338 2.025278 4.736442 10.763492 0.000000 0.000000 4.175969
 7116.000000 -298352.687500 408.818011 5.593332 2.032541 4.732039 10.515335 0.000000 0.000000 4.079691
 7118.000000 -297824.218750 409.155318 5.646736 2.088799 4.750464 11.971003 0.000000 0.000000 4.644454
 7120.000000 -297861.031250 408.793214 5.595771 2.075712 4.686418 7.590201 0.000000 0.000000 2.944811
 7122.000000 -298737.125000 408.348328 5.568215 2.056886 4.715582 9.562221 0.000000 0.000000 3.709906
 7124.000000 -298652.312500 408.030483 5.569896 2.067543 4.650342 5.636166 0.000000 0.000000 2.186693
 7126.000000 -296691.812500 410.422991 5.626839 2.083704 4.654621 5.919872 0.000000 0.000000 2.296764
 7128.000000 -296800.875000 410.226322 5.555499 2.066043 4.655949 6.047218 0.000000 0.000000 2.346171
 7130.000000 -296423.312500 411.101920 5.565791 2.075807 4.703287 8.997240 0.000000 0.000000 3.490707
 7132.000000 -298016.218750 410.885477 5.616958 2.027524 4.690377 8.216126 0.000000 0.000000 3.187654
 7134.000000 -296987.562500 411.815052 5.564600 2.043042 4.700623 8.952791 0.000000 0.000000 3.473462
 7136.000000 -296573.656250 410.302678 5.577532 2.041115 4.666700 6.885487 0.000000 0.000000 2.671399
 7138.000000 -298198.687500 410.043867 5.624959 1.992535 4.670175 7.150562 0.000000 0.000000 2.774242
 7140.000000 -297150.375000 410.618979 5.570124 2.116537 4.708959 9.727277 0.000000 0.000000 3.773943
 7142.000000 -297243.312500 409.955268 5.614278 2.050895 4.674947 7.561254 0.000000 0.000000 2.933580
 7144.000000 -296768.687500 410.467413 5.659522 2.140476 4.676883 7.742819 0.000000 0.000000 3.004023
 7146.000000 -296663.062500 408.990171 5.572153 2.062663 4.700608 9.357674 0.000000 0.000000 3.630547
 7148.000000 -296251.906250 409.989975 5.592568 2.087615 4.763393 14.229297 0.000000 0.000000 5.520616
 7150.000000 -297185.875000 410.856073 5.577927 1.999140 4.649389 6.293781 0.000000 0.000000 2.441832
 7152.000000 -296116.593750 409.361616 5.595350 1.969100 4.640714 5.870640 0.000000 0.000000 2.277664
 7154.000000 -296538.625000 409.093605 5.567860 2.046462 4.668140 7.511728 0.000000 0.000000 2.914365
 7156.000000 -296486.437500 409.194141 5.599901 2.119882 4.679702 8.301321 0.000000 0.000000 3.220708
 7158.000000 -296162.312500 409.060407 5.663341 2.074485 4.686252 8.794806 0.000000 0.000000 3.412168
 7160.000000 -296309.968750 410.350805 5.548883 2.063943 4.694260 9.402319 0.000000 0.000000 3.647868
 7162.000000 -297526.812500 409.274006 5.570381 2.036272 4.722628 11.523776 0.000000 0.000000 4.470941
 7164.000000 -297874.437500 410.439105 5.550422 2.002381 4.691692 9.363391 0.000000 0.000000 3.632765
 7166.000000 -297482.875000 410.696662 5.613886 2.085789 4.709899 10.723697 0.000000 0.000000 4.160530
 7168.000000 -296878.468750 411.090057 5.619475 2.067423 4.684243 8.994258 0.000000 0.000000 3.489550
 7170.000000 -297531.250000 410.664450 5.581361 2.051346 4.639119 6.278656 0.000000 0.000000 2.435963
 7172.000000 -297562.750000 408.732970 5.660947 2.047452 4.611980 4.899516 0.000000 0.000000 1.900891
 7174.000000 -297511.593750 409.744155 5.700659 2.071728 4.611557 4.928108 0.000000 0.000000 1.911984
 7176.000000 -296385.343750 409.774771 5.675400 1.985092 4.651507 7.170452 0.000000 0.000000 2.781958
 7178.000000 -296533.562500 410.076436 5.666069 2.051104 4.600990 4.512046 0.000000 0.000000 1.750563
 7180.000000 -297167.750000 410.055363 5.644653 1.972242 4.644426 6.869420 0.000000 0.000000 2.665165
 7182.000000 -295961.875000 409.882266 5.636559 2.055073 4.712939 11.547338 0.000000 0.000000 4.480082
 7184.000000 -297513.500000 409.547449 5.728133 2.062596 4.690937 10.006650 0.000000 0.000000 3.882333
 7186.000000 -297543.437500 408.577717 5.622724 2.060515 4.694940 10.363657 0.000000 0.000000 4.020843
 7188.000000 -296947.281250 411.009555 5.585546 2.007182 4.624863 5.987607 0.000000 0.000000 2.323044
 7190.000000 -297621.593750 409.487158 5.609666 2.072482 4.672788 8.963809 0.000000 0.000000 3.477737
 7192.000000 -297109.250000 410.679715 5.655231 2.021704 4.675867 9.238979 0.000000 0.000000 3.584496
 7194.000000 -297275.843750 410.238132 5.644072 2.088091 4.714205 12.106035 0.000000 0.000000 4.696843
 7196.000000 -296941.375000 409.666457 5.749897 2.078424 4.677258 9.470905 0.000000 0.000000 3.674478
 7198.000000 -296483.687500 410.755523 5.692710 2.064931 4.631381 6.634408 0.000000 0.000000 2.573987
 7200.000000 -296787.625000 411.789701 5.683409 2.100636 4.674432 9.414138 0.000000 0.000000 3.652454
 7202.000000 -297239.312500 411.355722 5.762018 2.078214 4.686321 10.319171 0.000000 0.000000 4.003584
 7204.000000 -294889.593750 410.605961 5.678290 2.050372 4.726175 13.462359 0.000000 0.000000 5.223063
 7206.000000 -296304.062500 410.056806 5.666824 2.092282 4.644679 7.668106 0.000000 0.000000 2.975036
 7208.000000 -298113.218750 409.926146 5.679990 2.042007 4.701962 11.701617 0.000000 0.000000 4.539939
 7210.000000 -297652.062500 410.059831 5.598411 2.167483 4.644587 7.786728 0.000000 0.000000 3.021058
 7212.000000 -298183.468750 409.234054 5.607547 2.142339 4.664101 9.119310 0.000000 0.000000 3.538068
 7214.000000 -296997.093750 409.852181 5.685487 2.005557 4.654974 8.578825 0.000000 0.000000 3.328372
 7216.000000 -296859.437500 409.953338 5.623634 2.010244 4.617564 6.359906 0.000000 0.000000 2.467487
 7218.000000 -297193.718750 409.849677 5.649268 2.070087 4.704669 12.298558 0.000000 0.000000 4.771537
 7220.000000 -296755.093750 410.311234 5.674724 2.005670 4.699186 11.949477 0.000000 0.000000 4.636102
 7222.000000 -297090.531250 409.539082 5.649558 2.029703 4.696122 11.790526 0.000000 0.000000 4.574433
 7224.000000 -296965.562500 407.098821 5.584715 2.041131 4.670012 9.941346 0.000000 0.000000 3.856997
 7226.000000 -297085.343750 407.850872 5.599676 2.058675 4.725120 14.290636 0.000000 0.000000 5.544414
 7228.000000 -296842.312500 407.592524 5.640562 2.160054 4.737397 15.434980 0.000000 0.000000 5.988392
 7230.000000 -297306.093750 408.067754 5.698928 2.123018 4.667226 9.956474 0.000000 0.000000 3.862866
 7232.000000 -297445.343750 408.816567 5.671602 2.166040 4.713551 13.575519 0.000000 0.000000 5.266967
 7234.000000 -297171.125000 409.494376 5.618921 2.109165 4.728683 14.937087 0.000000 0.000000 5.795221
 7236.000000 -297217.187500 410.060514 5.542057 2.038021 4.675458 10.764673 0.000000 0.000000 4.176428
 7238.000000 -297197.500000 409.753523 5.570322 2.048983 4.673486 10.693494 0.000000 0.000000 4.148812
 7240.000000 -297460.062500 409.697457 5.624854 2.139709 4.687200 11.796491 0.000000 0.000000 4.576747
 7242.000000 -297108.937500 409.119977 5.598169 2.152788 4.704609 13.252670 0.000000 0.000000 5.141709
 7244.000000 -298626.468750 408.871923 5.617658 2.148094 4.702792 13.186261 0.000000 0.000000 5.115944
 7246.000000 -298352.593750 409.705427 5.602874 2.151780 4.689839 12.233521 0.000000 0.000000 4.746304
 7248.000000 -299004.968750 409.201466 5.461359 2.221452 4.675133 11.185085 0.000000 0.000000 4.339537
 7250.000000 -297426.625000 409.047571 5.385807 2.130454 4.680444 11.662014 0.000000 0.000000 4.524574
 7252.000000 -296323.781250 410.683261 5.468653 2.268670 4.638379 8.737056 0.000000 0.000000 3.389762
 7254.000000 -297954.562500 409.738584 5.620445 2.228503 4.647435 9.414300 0.000000 0.000000 3.652516
 7256.000000 -297356.843750 410.200792 5.618370 2.226760 4.698344 13.312549 0.000000 0.000000 5.164941
 7258.000000 -297352.718750 411.298741 5.578809 2.245326 4.623181 7.949434 0.000000 0.000000 3.084185
 7260.000000 -297902.468750 411.799586 5.589001 2.204553 4.660672 10.561272 0.000000 0.000000 4.097513
 7262.000000 -297929.531250 411.035864 5.500524 2.168911 4.632062 8.650233 0.000000 0.000000 3.356077
 7264.000000 -297301.593750 410.496571 5.547804 2.183595 4.658113 10.520710 0.000000 0.000000 4.081776
 7266.000000 -298418.000000 409.489536 5.565210 2.154607 4.592604 6.362174 0.000000 0.000000 2.468366
 7268.000000 -296776.656250 410.459617 5.614912 2.173466 4.593533 6.471425 0.000000 0.000000 2.510753
 7270.000000 -297234.656250 409.530150 5.643207 2.165217 4.624391 8.410441 0.000000 0.000000 3.263044
 7272.000000 -297235.562500 409.335824 5.572718 2.220174 4.593010 6.555683 0.000000 0.000000 2.543443
 7274.000000 -297472.000000 409.568282 5.602674 2.193524 4.543717 4.082341 0.000000 0.000000 1.583848
 7276.000000 -297517.906250 410.415584 5.664040 2.216884 4.544674 4.171242 0.000000 0.000000 1.618339
 7278.000000 -297609.312500 409.532075 5.613912 2.265196 4.542704 4.127040 0.000000 0.000000 1.601190
 7280.000000 -298061.843750 410.615754 5.631715 2.276337 4.591971 6.726309 0.000000 0.000000 2.609642
 7282.000000 -297678.687500 409.721399 5.510964 2.219305 4.569843 5.556839 0.000000 0.000000 2.155916
 7284.000000 -296774.968750 410.228661 5.531060 2.236562 4.665679 11.833281 0.000000 0.000000 4.591021
 7286.000000 -298645.875000 410.676352 5.530534 2.145524 4.594849 7.071501 0.000000 0.000000 2.743568
 7288.000000 -297410.343750 409.749318 5.528765 2.277584 4.711799 15.824153 0.000000 0.000000 6.139381
 7290.000000 -296692.968750 410.135370 5.587243 2.212163 4.631286 9.541717 0.000000 0.000000 3.701951
 7292.000000 -297020.406250 410.722132 5.512258 2.193817 4.654636 11.297724 0.000000 0.000000 4.383238
 7294.000000 -297042.406250 410.364864 5.495237 2.242852 4.635093 9.947040 0.000000 0.000000 3.859206
 7296.000000 -297381.312500 410.512257 5.526376 2.282301 4.607238 8.143335 0.000000 0.000000 3.159413
 7298.000000 -296541.718750 409.621031 5.354763 2.232116 4.618281 8.929875 0.000000 0.000000 3.464571
 7300.000000 -297645.750000 410.211468 5.477236 2.217472 4.667994 12.640037 0.000000 0.000000 4.904023
 7302.000000 -296755.593750 410.007350 5.314849 2.143369 4.631661 9.987135 0.000000 0.000000 3.874762
 7304.000000 -297824.812500 409.931267 5.386209 2.206800 4.707128 16.121572 0.000000 0.000000 6.254772
 7306.000000 -297463.593750 408.568990 5.371757 2.259437 4.664265 12.582120 0.000000 0.000000 4.881552
 7308.000000 -297255.812500 409.823302 5.556794 2.212738 4.611467 8.809116 0.000000 0.000000 3.417720
 7310.000000 -297915.562500 408.839744 5.494769 2.205285 4.589350 7.463345 0.000000 0.000000 2.895594
 7312.000000 -296892.593750 410.606278 5.482527 2.192833 4.613422 9.073526 0.000000 0.000000 3.520304
 7314.000000 -295997.156250 410.765782 5.460425 2.304644 4.611253 8.994947 0.000000 0.000000 3.489818
 7316.000000 -296035.093750 410.051784 5.607138 2.273692 4.566938 6.324664 0.000000 0.000000 2.453814
 7318.000000 -296611.500000 411.502191 5.556496 2.237800 4.638188 11.040082 0.000000 0.000000 4.283280
 7320.000000 -296393.968750 411.023246 5.540177 2.213822 4.610503 9.146462 0.000000 0.000000 3.548602
 7322.000000 -296486.656250 411.046737 5.658408 2.312073 4.570065 6.673856 0.000000 0.000000 2.589292
 7324.000000 -296921.375000 409.335950 5.596916 2.213251 4.565483 6.468551 0.000000 0.000000 2.509638
 7326.000000 -295971.000000 409.935296 5.586298 2.226055 4.640193 11.490753 0.000000 0.000000 4.458129
 7328.000000 -296913.843750 409.933922 5.551953 2.252759 4.655262 12.740990 0.000000 0.000000 4.943190
 7330.000000 -296964.687500 409.685758 5.559986 2.361995 4.617938 10.006734 0.000000 0.000000 3.882366
 7332.000000 -297214.593750 410.431066 5.609389 2.266587 4.583038 7.752509 0.000000 0.000000 3.007782
 7334.000000 -296599.031250 410.954104 5.576658 2.242439 4.572486 7.169187 0.000000 0.000000 2.781468
 7336.000000 -297003.531250 409.403815 5.507076 2.301981 4.542609 5.544535 0.000000 0.000000 2.151143
 7338.000000 -295996.093750 410.081524 5.560369 2.301176 4.554998 6.271904 0.000000 0.000000 2.433344
 7340.000000 -297396.843750 410.612164 5.582329 2.269072 4.564714 6.886306 0.000000 0.000000 2.671717
 7342.000000 -296822.750000 409.943703 5.574103 2.282521 4.535108 5.310060 0.000000 0.000000 2.060172
 7344.000000 -296507.937500 410.432669 5.576247 2.336779 4.482233 2.973477 0.000000 0.000000 1.153636
 7346.000000 -297235.937500 410.073810 5.512804 2.264589 4.546902 6.044619 0.000000 0.000000 2.345163
 7348.000000 -297409.656250 409.542840 5.549093 2.273886 4.576608 7.850551 0.000000 0.000000 3.045820
 7350.000000 -297454.468750 410.710471 5.541592 2.325940 4.642138 12.572063 0.000000 0.000000 4.877650
 7352.000000 -297685.218750 410.689180 5.411588 2.306256 4.609380 10.180209 0.000000 0.000000 3.949670
 7354.000000 -295829.031250 411.559267 5.417010 2.284087 4.631782 11.918312 0.000000 0.000000 4.624011
 7356.000000 -296674.968750 411.999594 5.406007 2.202284 4.636996 12.402823 0.000000 0.000000 4.811989
 7358.000000 -296037.656250 409.577372 5.424074 2.327833 4.542098 6.110551 0.000000 0.000000 2.370743
 7360.000000 -296496.187500 409.623599 5.414221 2.174216 4.547504 6.469764 0.000000 0.000000 2.510109
 7362.000000 -296232.000000 409.670715 5.472945 2.179266 4.611416 10.688415 0.000000 0.000000 4.146841
 7364.000000 -296342.437500 410.643497 5.432381 2.199742 4.613996 10.951737 0.000000 0.000000 4.249004
 7366.000000 -296701.093750 412.389563 5.593032 2.251095 4.561081 7.446928 0.000000 0.000000 2.889225
 7368.000000 -296148.437500 412.652080 5.505209 2.211155 4.613504 11.063606 0.000000 0.000000 4.292406
 7370.000000 -296195.750000 412.681748 5.487971 2.159026 4.602320 10.319105 0.000000 0.000000 4.003558
 7372.000000 -297381.500000 411.615880 5.558948 2.167587 4.621930 11.852632 0.000000 0.000000 4.598529
 7374.000000 -297638.125000 411.158810 5.439396 2.205501 4.637032 13.124565 0.000000 0.000000 5.092008
 7376.000000 -296829.656250 410.727789 5.378280 2.120331 4.649127 14.206791 0.000000 0.000000 5.511884
 7378.000000 -297056.500000 411.230840 5.370435 2.076651 4.630276 12.742118 0.000000 0.000000 4.943627
 7380.000000 -297386.562500 411.702576 5.560996 2.156795 4.675806 16.726762 0.000000 0.000000 6.489571
 7382.000000 -296609.812500 412.300862 5.501307 2.112681 4.582768 9.368615 0.000000 0.000000 3.634792
 7384.000000 -296372.031250 412.119029 5.409559 2.221150 4.600365 10.684626 0.000000 0.000000 4.145371
 7386.000000 -296529.375000 411.967125 5.377746 2.198787 4.641043 13.948049 0.000000 0.000000 5.411499
 7388.000000 -296392.218750 410.442876 5.442089 2.241025 4.643089 14.203629 0.000000 0.000000 5.510658
 7390.000000 -297111.937500 411.772198 5.529483 2.177710 4.591637 10.270107 0.000000 0.000000 3.984548
 7392.000000 -296874.093750 411.640576 5.570919 2.228747 4.602534 11.140351 0.000000 0.000000 4.322181
 7394.000000 -297975.812500 410.223083 5.492473 2.176650 4.594535 10.624098 0.000000 0.000000 4.121888
 7396.000000 -297316.343750 411.007382 5.492334 2.177449 4.583916 9.934585 0.000000 0.000000 3.854374
 7398.000000 -297091.718750 410.624774 5.493594 2.117634 4.467997 3.485999 0.000000 0.000000 1.352482
 7400.000000 -297882.437500 410.025491 5.460737 2.054216 4.384846 0.899863 0.000000 0.000000 0.349125
 7402.000000 -298284.468750 409.427936 5.470738 2.040060 4.345247 0.267351 0.000000 0.000000 0.103725
 7404.000000 -298245.625000 409.543051 5.470515 2.146432 4.385111 0.948547 0.000000 0.000000 0.368013
 7406.000000 -298957.625000 409.180416 5.420080 1.985265 4.435267 2.389717 0.000000 0.000000 0.927151
 7408.000000 -296941.843750 408.559454 5.562887 2.041384 4.428327 2.188799 0.000000 0.000000 0.849200
 7410.000000 -297262.718750 408.165946 5.528722 2.103500 4.464769 3.602701 0.000000 0.000000 1.397759
 7412.000000 -297528.968750 409.193126 5.457222 2.030397 4.444226 2.820971 0.000000 0.000000 1.094467
 7414.000000 -296975.468750 410.779573 5.408059 2.021827 4.403863 1.536328 0.000000 0.000000 0.596057
 7416.000000 -297369.187500 409.751760 5.404311 2.075371 4.403876 1.564525 0.000000 0.000000 0.606997
 7418.000000 -297577.156250 410.139177 5.496581 1.975324 4.437561 2.685000 0.000000 0.000000 1.041714
 7420.000000 -297837.937500 409.324680 5.399235 2.006813 4.385828 1.147877 0.000000 0.000000 0.445348
 7422.000000 -297898.250000 409.908437 5.486687 1.838773 4.432805 2.584982 0.000000 0.000000 1.002909
 7424.000000 -296989.375000 410.152186 5.570878 1.783401 4.504055 5.834994 0.000000 0.000000 2.263834
 7426.000000 -297627.250000 408.362510 5.552934 1.779442 4.491980 5.252103 0.000000 0.000000 2.037686
 7428.000000 -297735.218750 409.369385 5.522049 1.713810 4.439815 2.957388 0.000000 0.000000 1.147394
 7430.000000 -298256.500000 409.839774 5.548442 1.664420 4.364784 0.795680 0.000000 0.000000 0.308704
 7432.000000 -298292.218750 408.583480 5.523795 1.737067 4.419299 2.288222 0.000000 0.000000 0.887774
 7434.000000 -297115.468750 410.046557 5.493595 1.812560 4.444807 3.272695 0.000000 0.000000 1.269725
 7436.000000 -297506.406250 410.073598 5.343066 1.772444 4.432304 2.823894 0.000000 0.000000 1.095601
 7438.000000 -297142.968750 409.778483 5.404682 1.828524 4.537041 8.194621 0.000000 0.000000 3.179311
 7440.000000 -296692.687500 409.735628 5.372705 1.734273 4.462296 4.153965 0.000000 0.000000 1.611636
 7442.000000 -296986.250000 408.767442 5.362721 1.778535 4.419196 2.456856 0.000000 0.000000 0.953199
 7444.000000 -296434.468750 408.192612 5.281266 1.790164 4.477742 4.987099 0.000000 0.000000 1.934871
 7446.000000 -298200.500000 408.281992 5.254959 1.757382 4.525411 7.713506 0.000000 0.000000 2.992650
 7448.000000 -297510.500000 408.583006 5.274039 1.738796 4.573183 11.039723 0.000000 0.000000 4.283140
 7450.000000 -297541.312500 407.768652 5.303854 1.799641 4.528206 8.014164 0.000000 0.000000 3.109298
 7452.000000 -297493.187500 408.069435 5.349225 1.753503 4.506395 6.750915 0.000000 0.000000 2.619188
 7454.000000 -296727.562500 408.684347 5.272103 1.775331 4.489236 5.844758 0.000000 0.000000 2.267622
 7456.000000 -298207.281250 408.550416 5.396438 1.843390 4.519569 7.661293 0.000000 0.000000 2.972393
 7458.000000 -297775.625000 409.429643 5.381808 1.783042 4.486265 5.792352 0.000000 0.000000 2.247290
 7460.000000 -296162.906250 410.522968 5.493237 1.726972 4.467645 4.882935 0.000000 0.000000 1.894458
 7462.000000 -296984.968750 410.831491 5.459324 1.755729 4.461070 4.611354 0.000000 0.000000 1.789091
 7464.000000 -297764.906250 409.130228 5.449277 1.792856 4.479085 5.569598 0.000000 0.000000 2.160867
 7466.000000 -297552.250000 409.544304 5.428275 1.822624 4.486594 6.027673 0.000000 0.000000 2.338588
 7468.000000 -297800.375000 409.442023 5.427487 1.792820 4.399652 2.232862 0.000000 0.000000 0.866296
 7470.000000 -297419.562500 408.735123 5.351995 1.801191 4.437313 3.711485 0.000000 0.000000 1.439965
 7472.000000 -297124.093750 409.140502 5.367657 1.785965 4.486887 6.209851 0.000000 0.000000 2.409269
 7474.000000 -297756.656250 408.728946 5.396892 1.718523 4.421970 3.158919 0.000000 0.000000 1.225583
 7476.000000 -297361.000000 408.614955 5.483262 1.711817 4.523124 8.523219 0.000000 0.000000 3.306799
 7478.000000 -297754.156250 410.628694 5.411319 1.831051 4.463313 5.116305 0.000000 0.000000 1.985000
 7480.000000 -298386.625000 409.528471 5.332766 1.782430 4.393587 2.230695 0.000000 0.000000 0.865454
 7482.000000 -298784.500000 409.137837 5.345269 1.737982 4.453955 4.750927 0.000000 0.000000 1.843243
 7484.000000 -297880.906250 409.531997 5.396381 1.698462 4.336495 0.770182 0.000000 0.000000 0.298812
 7486.000000 -298521.375000 408.165327 5.423955 1.744988 4.442817 4.315988 0.000000 0.000000 1.674497
 7488.000000 -298626.156250 408.579743 5.408629 1.766534 4.415506 3.180257 0.000000 0.000000 1.233861
 7490.000000 -297789.000000 408.911127 5.497379 1.734853 4.460128 5.259668 0.000000 0.000000 2.040622
 7492.000000 -297123.500000 410.054808 5.424867 1.740768 4.448857 4.746178 0.000000 0.000000 1.841400
 7494.000000 -297729.312500 411.038311 5.374142 1.754988 4.481420 6.521964 0.000000 0.000000 2.530361
 7496.000000 -297522.531250 411.330051 5.458310 1.740611 4.474816 6.205878 0.000000 0.000000 2.407728
 7498.000000 -295686.093750 410.164508 5.407977 1.801652 4.420515 3.591910 0.000000 0.000000 1.393572
 7500.000000 -295481.531250 409.344655 5.503935 1.766416 4.474542 6.302372 0.000000 0.000000 2.445165
 7502.000000 -295602.468750 410.273813 5.443407 1.782147 4.366874 1.736782 0.000000 0.000000 0.673829
 7504.000000 -296519.843750 409.502143 5.422986 1.781153 4.422700 3.815026 0.000000 0.000000 1.480136
 7506.000000 -296611.500000 409.263952 5.425460 1.808072 4.391355 2.604801 0.000000 0.000000 1.010599
 7508.000000 -297158.000000 409.745567 5.445593 1.712227 4.478166 6.737630 0.000000 0.000000 2.614034
 7510.000000 -296854.843750 410.311157 5.396115 1.732098 4.445686 5.034367 0.000000 0.000000 1.953210
 7512.000000 -297162.562500 410.202906 5.386864 1.752368 4.444606 5.030325 0.000000 0.000000 1.951642
 7514.000000 -296470.437500 411.067511 5.405750 1.727987 4.440157 4.858854 0.000000 0.000000 1.885115
 7516.000000 -295880.656250 410.963762 5.435648 1.774104 4.433862 4.601396 0.000000 0.000000 1.785228
 7518.000000 -297263.937500 410.618045 5.439183 1.822642 4.409640 3.554916 0.000000 0.000000 1.379220
 7520.000000 -296937.156250 410.619271 5.479521 1.836916 4.536882 11.017363 0.000000 0.000000 4.274465
 7522.000000 -296363.843750 410.915737 5.424992 1.892899 4.503842 8.767665 0.000000 0.000000 3.401638
 7524.000000 -296708.000000 410.851113 5.425497 1.876803 4.452662 5.759961 0.000000 0.000000 2.234723
 7526.000000 -298119.093750 410.609842 5.420174 1.825915 4.479120 7.327767 0.000000 0.000000 2.842993
 7528.000000 -296536.312500 408.849548 5.443777 1.850862 4.459364 6.236410 0.000000 0.000000 2.419573
 7530.000000 -296945.906250 409.224270 5.467150 1.812217 4.505841 9.169355 0.000000 0.000000 3.557484
 7532.000000 -296626.031250 409.769359 5.448067 1.747822 4.446004 5.618237 0.000000 0.000000 2.179737
 7534.000000 -297880.375000 409.814838 5.433413 1.819397 4.463683 6.651847 0.000000 0.000000 2.580753
 7536.000000 -297888.500000 409.945224 5.413790 1.826275 4.511274 9.749250 0.000000 0.000000 3.782468
 7538.000000 -297393.187500 409.517274 5.469884 1.778141 4.488573 8.293009 0.000000 0.000000 3.217483
 7540.000000 -297662.125000 408.544261 5.455603 1.864488 4.489985 8.449021 0.000000 0.000000 3.278012
 7542.000000 -297875.468750 409.842334 5.444468 1.822626 4.527905 11.168007 0.000000 0.000000 4.332911
 7544.000000 -296757.000000 410.379812 5.435400 1.828874 4.438609 5.544536 0.000000 0.000000 2.151143
 7546.000000 -298187.468750 409.314936 5.418741 1.854709 4.418586 4.588142 0.000000 0.000000 1.780086
 7548.000000 -297140.875000 410.115031 5.471863 1.778179 4.419672 4.688591 0.000000 0.000000 1.819058
 7550.000000 -296928.375000 409.433059 5.411763 1.830140 4.392385 3.502203 0.000000 0.000000 1.358768
 7552.000000 -296706.312500 409.400749 5.372647 1.749563 4.431732 5.394093 0.000000 0.000000 2.092775
 7554.000000 -297700.875000 409.807981 5.408102 1.838105 4.492863 9.103246 0.000000 0.000000 3.531835
 7556.000000 -297931.687500 410.146866 5.397863 1.824499 4.481381 8.409805 0.000000 0.000000 3.262797
 7558.000000 -296261.437500 411.271847 5.322477 1.797643 4.398494 3.938025 0.000000 0.000000 1.527856
 7560.000000 -296878.031250 411.188285 5.406125 1.787860 4.474141 8.073466 0.000000 0.000000 3.132306
 7562.000000 -296440.250000 410.963623 5.418915 1.729059 4.442709 6.255735 0.000000 0.000000 2.427071
 7564.000000 -296689.968750 411.829353 5.373407 1.766555 4.399218 4.105018 0.000000 0.000000 1.592646
 7566.000000 -296855.125000 410.999731 5.441474 1.779769 4.387463 3.632192 0.000000 0.000000 1.409201
 7568.000000 -296346.437500 412.075830 5.418300 1.788778 4.347804 2.171541 0.000000 0.000000 0.842504
 7570.000000 -297131.375000 411.678252 5.435550 1.769691 4.332593 1.728521 0.000000 0.000000 0.670623
 7572.000000 -296338.343750 410.191678 5.465885 1.731902 4.361022 2.701923 0.000000 0.000000 1.048280
 7574.000000 -296876.281250 412.204351 5.383813 1.800351 4.432634 6.029909 0.000000 0.000000 2.339456
 7576.000000 -297753.937500 410.922762 5.366275 1.713105 4.405372 4.674082 0.000000 0.000000 1.813429
 7578.000000 -298088.062500 412.245619 5.414335 1.764894 4.359763 2.766294 0.000000 0.000000 1.073254
 7580.000000 -296453.468750 411.347967 5.374889 1.808818 4.345807 2.305429 0.000000 0.000000 0.894449
 7582.000000 -297467.000000 412.135331 5.386322 1.778327 4.388545 4.029541 0.000000 0.000000 1.563363
 7584.000000 -297023.093750 412.683925 5.418894 1.723827 4.336940 2.078194 0.000000 0.000000 0.806288
 7586.000000 -296768.843750 411.895025 5.498202 1.797569 4.285489 0.770063 0.000000 0.000000 0.298766
 7588.000000 -296822.625000 411.186138 5.410662 1.700843 4.357428 2.866308 0.000000 0.000000 1.112057
 7590.000000 -295843.500000 410.966399 5.407617 1.766515 4.432835 6.488581 0.000000 0.000000 2.517409
 7592.000000 -297009.781250 410.487982 5.389600 1.773009 4.378226 3.794328 0.000000 0.000000 1.472106
 7594.000000 -297282.187500 409.527884 5.324526 1.727035 4.430587 6.474469 0.000000 0.000000 2.511934
 7596.000000 -298187.031250 410.038630 5.320057 1.749859 4.435125 6.793383 0.000000 0.000000 2.635665
 7598.000000 -297428.843750 410.129133 5.336493 1.785693 4.444180 7.392040 0.000000 0.000000 2.867929
 7600.000000 -297781.812500 410.180909 5.395496 1.744975 4.434534 6.875780 0.000000 0.000000 2.667633
 7602.000000 -297979.281250 409.900039 5.347089 1.837524 4.432395 6.809165 0.000000 0.000000 2.641788
 7604.000000 -295824.312500 409.685316 5.458417 1.862791 4.406751 5.447126 0.000000 0.000000 2.113351
 7606.000000 -296283.000000 410.006395 5.457595 1.822191 4.333899 2.342663 0.000000 0.000000 0.908896
 7608.000000 -295332.312500 409.169964 5.417246 1.861579 4.356066 3.202633 0.000000 0.000000 1.242543
 7610.000000 -296489.843750 410.964125 5.402252 1.884918 4.385451 4.533939 0.000000 0.000000 1.759057
 7612.000000 -296572.437500 410.387768 5.437416 1.888314 4.378472 4.253737 0.000000 0.000000 1.650345
 7614.000000 -297323.656250 410.191388 5.382278 1.856918 4.318417 1.966191 0.000000 0.000000 0.762834
 7616.000000 -297520.531250 409.432718 5.390283 1.760392 4.459519 8.945797 0.000000 0.000000 3.470749
 7618.000000 -297686.437500 409.084016 5.302571 1.838435 4.395632 5.234283 0.000000 0.000000 2.030773
 7620.000000 -298489.343750 408.482606 5.322271 1.752930 4.273754 0.876833 0.000000 0.000000 0.340190
 7622.000000 -297731.281250 409.079122 5.347352 1.874409 4.315745 2.008051 0.000000 0.000000 0.779074
 7624.000000 -297456.468750 410.275182 5.229468 1.842718 4.219810 0.126484 0.000000 0.000000 0.049073
 7626.000000 -297038.937500 409.776839 5.227587 1.859426 4.229857 0.229593 0.000000 0.000000 0.089076
 7628.000000 -296277.062500 409.452776 5.274656 1.833355 4.278476 1.068986 0.000000 0.000000 0.414740
 7630.000000 -296456.718750 409.211924 5.183560 1.864821 4.199091 0.024820 0.000000 0.000000 0.009629
 7632.000000 -296672.000000 410.703168 5.214147 1.839479 4.221803 0.178637 0.000000 0.000000 0.069307
 7634.000000 -296925.281250 410.237702 5.209276 1.876622 4.218791 0.160122 0.000000 0.000000 0.062123
 7636.000000 -298158.218750 409.124176 5.181660 1.837943 4.130118 0.336461 0.000000 0.000000 0.130539
 7638.000000 -297290.062500 407.788377 5.222515 1.830218 4.229371 0.292466 0.000000 0.000000 0.113470
 7640.000000 -296550.156250 409.605276 5.204706 1.879963 4.203246 0.067549 0.000000 0.000000 0.026207
 7642.000000 -296364.250000 410.977604 5.149377 1.913059 4.228575 0.307207 0.000000 0.000000 0.119189
 7644.000000 -296833.312500 410.170224 5.203074 1.934723 4.227549 0.306884 0.000000 0.000000 0.119063
 7646.000000 -296559.406250 409.694273 5.229719 1.945681 4.188901 0.017704 0.000000 0.000000 0.006869
 7648.000000 -297305.625000 411.013797 5.166500 1.954736 4.203971 0.097799 0.000000 0.000000 0.037944
 7650.000000 -297750.937500 410.429223 5.192444 1.945745 4.270996 1.151892 0.000000 0.000000 0.446906
 7652.000000 -297008.312500 409.943611 5.241494 1.911641 4.155608 0.042283 0.000000 0.000000 0.016405
 7654.000000 -296701.093750 410.721371 5.217962 1.906686 4.169905 0.001197 0.000000 0.000000 0.000464
 7656.000000 -296458.812500 410.629889 5.187996 1.877885 4.146697 0.080030 0.000000 0.000000 0.031050
 7658.000000 -296005.968750 410.988174 5.285640 1.900981 4.162153 0.009784 0.000000 0.000000 0.003796
 7660.000000 -296290.968750 409.250152 5.242805 1.943933 4.185381 0.029572 0.000000 0.000000 0.011473
 7662.000000 -297512.406250 408.919537 5.156171 1.924909 4.156713 0.018871 0.000000 0.000000 0.007321
 7664.000000 -297633.000000 408.085576 5.146227 1.895848 4.156837 0.015576 0.000000 0.000000 0.006043
 7666.000000 -296919.406250 409.820380 5.225996 1.950182 4.247606 0.812173 0.000000 0.000000 0.315103
 7668.000000 -297358.437500 409.196582 5.305670 1.865515 4.271814 1.399580 0.000000 0.000000 0.543002
 7670.000000 -297626.281250 409.799486 5.282566 1.820586 4.199562 0.149319 0.000000 0.000000 0.057932
 7672.000000 -298195.906250 409.249704 5.266492 1.841280 4.257011 1.081375 0.000000 0.000000 0.419547
 7674.000000 -296726.656250 410.408197 5.265797 1.853163 4.246386 0.869160 0.000000 0.000000 0.337213
 7676.000000 -297609.812500 410.389578 5.222738 1.898352 4.270827 1.480410 0.000000 0.000000 0.574362
 7678.000000 -296362.406250 410.088918 5.229703 1.818260 4.182806 0.059435 0.000000 0.000000 0.023059
 7680.000000 -297380.281250 409.817265 5.136992 1.802294 4.221665 0.475323 0.000000 0.000000 0.184413
 7682.000000 -297874.343750 408.622226 5.225619 1.837517 4.262976 1.351378 0.000000 0.000000 0.524301
 7684.000000 -297305.593750 409.737928 5.237530 1.780302 4.298433 2.465195 0.000000 0.000000 0.956435
 7686.000000 -297691.781250 410.605508 5.197619 1.854997 4.301466 2.608817 0.000000 0.000000 1.012157
 7688.000000 -298270.437500 409.261873 5.235643 1.865233 4.266212 1.518334 0.000000 0.000000 0.589076
 7690.000000 -298199.437500 409.311309 5.339395 1.850713 4.283273 2.056757 0.000000 0.000000 0.797971
 7692.000000 -298432.031250 409.686317 5.390438 1.875183 4.209374 0.383289 0.000000 0.000000 0.148707
 7694.000000 -298026.187500 409.471663 5.368964 1.913620 4.241533 0.979767 0.000000 0.000000 0.380125
 7696.000000 -297331.093750 409.949057 5.323546 1.897244 4.225965 0.683844 0.000000 0.000000 0.265315
 7698.000000 -296254.718750 409.329617 5.451527 1.872555 4.217134 0.546711 0.000000 0.000000 0.212110
 7700.000000 -296105.718750 410.009499 5.592495 1.953115 4.224447 0.692793 0.000000 0.000000 0.268787
 7702.000000 -296782.093750 409.524708 5.556522 1.985004 4.236258 0.951752 0.000000 0.000000 0.369256
 7704.000000 -297095.343750 410.355499 5.471953 1.979391 4.310350 3.294695 0.000000 0.000000 1.278260
 7706.000000 -296955.875000 408.733036 5.453956 1.898092 4.260006 1.596308 0.000000 0.000000 0.619328
 7708.000000 -297515.375000 409.103607 5.494439 1.837714 4.151874 0.004313 0.000000 0.000000 0.001673
 7710.000000 -297544.093750 408.427949 5.482239 1.823225 4.220956 0.721162 0.000000 0.000000 0.279793
 7712.000000 -296183.656250 409.455996 5.456244 1.888883 4.182286 0.183227 0.000000 0.000000 0.071088
 7714.000000 -295499.375000 410.290298 5.510899 2.059302 4.279444 2.327109 0.000000 0.000000 0.902861
 7716.000000 -296648.406250 409.145500 5.465627 1.971047 4.331861 4.505904 0.000000 0.000000 1.748180
 7718.000000 -296201.687500 409.479988 5.487431 2.028173 4.309944 3.567765 0.000000 0.000000 1.384205
 7720.000000 -296827.406250 409.090618 5.484157 2.025427 4.346439 5.327127 0.000000 0.000000 2.066794
 7722.000000 -297299.093750 409.893170 5.474067 2.048535 4.330182 4.568813 0.000000 0.000000 1.772587
 7724.000000 -297292.968750 410.994566 5.584435 2.015454 4.292147 2.970156 0.000000 0.000000 1.152347
 7726.000000 -296379.281250 409.422456 5.625274 2.036171 4.282128 2.632755 0.000000 0.000000 1.021444
 7728.000000 -296732.812500 408.559308 5.582024 2.047243 4.248784 1.590019 0.000000 0.000000 0.616888
 7730.000000 -297250.718750 409.265757 5.597366 2.025759 4.259243 1.929538 0.000000 0.000000 0.748613
 7732.000000 -296463.812500 409.782057 5.703928 2.020575 4.336262 5.113721 0.000000 0.000000 1.983998
 7734.000000 -296828.343750 410.711835 5.570522 2.001332 4.296866 3.356519 0.000000 0.000000 1.302247
 7736.000000 -297034.312500 411.174860 5.639024 1.926088 4.270181 2.386739 0.000000 0.000000 0.925996
 7738.000000 -296599.375000 411.606591 5.619918 1.977431 4.276589 2.649532 0.000000 0.000000 1.027953
 7740.000000 -297097.968750 410.538868 5.622851 1.919153 4.312484 4.162531 0.000000 0.000000 1.614959
 7742.000000 -295835.031250 410.154752 5.602858 1.987034 4.235573 1.419713 0.000000 0.000000 0.550814
 7744.000000 -295508.250000 411.148626 5.617377 1.879207 4.160152 0.129220 0.000000 0.000000 0.050134
 7746.000000 -295679.437500 412.747262 5.617925 1.907901 4.088216 0.188027 0.000000 0.000000 0.072950
 7748.000000 -294754.687500 411.534031 5.627121 1.870133 4.142981 0.036044 0.000000 0.000000 0.013984
 7750.000000 -295972.125000 412.037295 5.630363 1.942482 4.152556 0.094916 0.000000 0.000000 0.036825
 7752.000000 -295803.468750 412.747391 5.676199 1.928411 4.166062 0.221155 0.000000 0.000000 0.085803
 7754.000000 -295951.125000 412.017484 5.584624 1.917003 4.144344 0.056946 0.000000 0.000000 0.022093
 7756.000000 -295875.531250 411.178052 5.609232 1.875618 4.063266 0.431205 0.000000 0.000000 0.167297
 7758.000000 -296129.687500 412.576031 5.679704 1.874171 4.127758 0.005709 0.000000 0.000000 0.002215
 7760.000000 -295543.968750 413.341920 5.704905 1.836255 4.072370 0.283581 0.000000 0.000000 0.110022
 7762.000000 -295670.937500 412.967499 5.696619 1.866390 4.127854 0.009800 0.000000 0.000000 0.003802
 7764.000000 -296001.312500 413.719780 5.652701 1.896791 4.245128 2.020192 0.000000 0.000000 0.783785
 7766.000000 -295995.968750 411.984326 5.634145 1.892961 4.128333 0.016056 0.000000 0.000000 0.006229
 7768.000000 -295814.250000 410.818959 5.709886 1.898406 4.164225 0.290703 0.000000 0.000000 0.112785
 7770.000000 -296180.062500 410.679330 5.681975 1.910131 4.114950 0.000000 0.000000 0.000000 0.000000
 7772.000000 -296609.468750 410.215488 5.717225 1.902131 4.179126 0.530170 0.000000 0.000000 0.205693
 7774.000000 -297051.250000 410.057835 5.633978 1.940036 4.164324 0.329271 0.000000 0.000000 0.127749
 7776.000000 -296741.031250 410.361220 5.707958 2.019001 4.148800 0.169280 0.000000 0.000000 0.065677
 7778.000000 -297380.468750 409.598202 5.725900 1.931466 4.200597 1.003453 0.000000 0.000000 0.389315
 7780.000000 -297851.781250 410.386833 5.690071 1.960798 4.182770 0.661937 0.000000 0.000000 0.256815
 7782.000000 -296677.468750 410.042012 5.695058 1.954702 4.145131 0.163178 0.000000 0.000000 0.063309
 7784.000000 -298157.750000 409.597614 5.670299 1.955347 4.133227 0.079547 0.000000 0.000000 0.030862
 7786.000000 -297254.218750 409.951795 5.615195 1.961669 4.163946 0.405359 0.000000 0.000000 0.157269
 7788.000000 -298093.906250 409.994832 5.641585 2.029939 4.193048 0.947178 0.000000 0.000000 0.367482
 7790.000000 -297605.281250 410.359025 5.604876 2.007544 4.135290 0.114684 0.000000 0.000000 0.044495
 7792.000000 -297578.593750 409.370821 5.538407 1.968419 4.240584 2.331896 0.000000 0.000000 0.904718
 7794.000000 -297387.750000 408.473667 5.566630 2.005717 4.146706 0.238776 0.000000 0.000000 0.092639
 7796.000000 -297880.468750 410.313178 5.534620 2.006171 4.051290 0.321442 0.000000 0.000000 0.124712
 7798.000000 -297006.250000 409.193830 5.605636 1.909351 4.203963 1.325183 0.000000 0.000000 0.514138
 7800.000000 -298732.531250 409.519804 5.556786 1.871880 4.095755 0.002253 0.000000 0.000000 0.000874
 7802.000000 -296943.625000 410.201446 5.574638 1.876626 4.191261 1.064006 0.000000 0.000000 0.412808
 7804.000000 -297746.218750 410.043612 5.648433 1.913421 4.231645 2.232633 0.000000 0.000000 0.866207
 7806.000000 -298907.468750 411.138401 5.656446 1.969813 4.255637 3.145697 0.000000 0.000000 1.220453
 7808.000000 -298016.875000 410.855605 5.593685 2.000625 4.208188 1.573269 0.000000 0.000000 0.610390
 7810.000000 -297915.187500 410.405390 5.621740 1.978866 4.173531 0.770886 0.000000 0.000000 0.299085
 7812.000000 -296236.875000 410.510862 5.674517 1.997920 4.227020 2.211800 0.000000 0.000000 0.858124
 7814.000000 -296763.156250 411.241348 5.678889 2.001806 4.275945 4.183596 0.000000 0.000000 1.623132
 7816.000000 -296642.718750 410.782306 5.598945 1.993164 4.223862 2.173463 0.000000 0.000000 0.843250
 7818.000000 -297132.750000 409.831673 5.615563 1.961073 4.210974 1.799227 0.000000 0.000000 0.698056
 7820.000000 -295312.156250 411.393658 5.638267 1.967269 4.254112 3.366594 0.000000 0.000000 1.306156
 7822.000000 -296051.093750 412.376100 5.607826 1.954058 4.302079 5.675348 0.000000 0.000000 2.201895
 7824.000000 -297007.656250 410.441807 5.656723 1.964088 4.244885 3.076618 0.000000 0.000000 1.193652
 7826.000000 -296970.437500 410.246569 5.581968 1.870103 4.211952 1.951626 0.000000 0.000000 0.757183
 7828.000000 -296863.687500 410.104890 5.520116 1.919145 4.192850 1.427109 0.000000 0.000000 0.553683
 7830.000000 -297042.125000 410.693674 5.566262 1.946724 4.229762 2.619491 0.000000 0.000000 1.016298
 7832.000000 -297600.375000 409.707459 5.590791 2.027557 4.167875 0.879381 0.000000 0.000000 0.341178
 7834.000000 -296660.031250 408.307838 5.562296 1.979569 4.161189 0.764186 0.000000 0.000000 0.296485
 7836.000000 -296160.031250 408.910871 5.621575 1.932602 4.122440 0.204422 0.000000 0.000000 0.079311
 7838.000000 -296474.687500 409.213790 5.626965 1.906992 4.238236 3.090394 0.000000 0.000000 1.198997
 7840.000000 -296067.875000 408.991810 5.596725 1.964190 4.218739 2.406079 0.000000 0.000000 0.933499
 7842.000000 -296598.718750 409.026321 5.622411 2.019889 4.257035 3.962059 0.000000 0.000000 1.537181
 7844.000000 -297008.687500 408.759479 5.577057 2.008347 4.244071 3.447439 0.000000 0.000000 1.337521
 7846.000000 -297319.812500 407.906569 5.607233 2.015616 4.176974 1.249347 0.000000 0.000000 0.484716
 7848.000000 -298151.437500 408.992492 5.626680 1.945714 4.128536 0.345001 0.000000 0.000000 0.133852
 7850.000000 -296539.468750 409.929052 5.608528 1.895482 4.182779 1.452050 0.000000 0.000000 0.563359
 7852.000000 -295930.906250 411.441273 5.612190 1.963364 4.266762 4.644643 0.000000 0.000000 1.802007
 7854.000000 -297234.593750 410.793936 5.575617 1.975162 4.255097 4.144930 0.000000 0.000000 1.608131
 7856.000000 -297303.750000 410.188909 5.581245 1.959399 4.182872 1.536576 0.000000 0.000000 0.596154
 7858.000000 -296309.718750 410.490093 5.518578 1.879848 4.169170 1.204679 0.000000 0.000000 0.467386
 7860.000000 -295859.812500 411.050659 5.556668 1.907142 4.133151 0.498502 0.000000 0.000000 0.193407
 7862.000000 -296792.531250 410.164451 5.534599 1.957511 4.132663 0.506628 0.000000 0.000000 0.196559
 7864.000000 -297481.218750 409.463301 5.544244 1.955103 4.137004 0.595201 0.000000 0.000000 0.230923
 7866.000000 -297248.718750 408.566241 5.444649 2.007242 4.103586 0.167321 0.000000 0.000000 0.064917
 7868.000000 -295688.968750 409.149886 5.518415 1.982359 4.177353 1.549927 0.000000 0.000000 0.601333
 7870.000000 -297241.125000 409.961105 5.402515 1.998312 4.195255 2.120781 0.000000 0.000000 0.822811
 7872.000000 -297471.281250 409.977545 5.465097 2.037625 4.149887 0.922062 0.000000 0.000000 0.357737
 7874.000000 -297441.125000 408.670952 5.526867 2.036249 4.173940 1.538463 0.000000 0.000000 0.596886
 7876.000000 -296840.343750 409.861384 5.419648 2.004168 4.141862 0.797236 0.000000 0.000000 0.309308
 7878.000000 -298082.187500 410.515459 5.447448 2.038226 4.161841 1.271106 0.000000 0.000000 0.493158
 7880.000000 -296914.812500 411.362422 5.469783 2.015440 4.138501 0.770304 0.000000 0.000000 0.298859
 7882.000000 -296108.781250 409.843291 5.444222 1.928384 4.161018 1.300963 0.000000 0.000000 0.504741
 7884.000000 -295728.687500 410.133286 5.517749 2.110116 4.340019 9.941873 0.000000 0.000000 3.857201
 7886.000000 -295422.968750 411.879573 5.567356 2.028091 4.363247 11.723369 0.000000 0.000000 4.548378
 7888.000000 -296089.843750 410.205200 5.568278 1.995467 4.303789 7.674949 0.000000 0.000000 2.977691
 7890.000000 -296424.937500 410.122309 5.492868 2.092258 4.289883 6.896280 0.000000 0.000000 2.675587
 7892.000000 -297106.281250 411.004915 5.525576 2.067560 4.215549 3.262272 0.000000 0.000000 1.265681
 7894.000000 -295323.406250 412.175710 5.556125 2.090687 4.231598 3.987165 0.000000 0.000000 1.546922
 7896.000000 -295767.906250 412.909430 5.504908 1.973491 4.160177 1.462771 0.000000 0.000000 0.567519
 7898.000000 -296585.843750 410.528567 5.466721 1.921038 4.140773 1.007396 0.000000 0.000000 0.390845
 7900.000000 -296619.781250 411.731935 5.445951 1.972381 4.077275 0.092991 0.000000 0.000000 0.036078
 7902.000000 -295742.250000 411.621103 5.525737 1.970476 4.140761 1.052504 0.000000 0.000000 0.408346
 7904.000000 -296747.312500 410.499569 5.490591 1.980550 4.036920 0.015346 0.000000 0.000000 0.005954
 7906.000000 -296704.281250 410.460064 5.560143 2.053720 4.106098 0.436573 0.000000 0.000000 0.169380
 7908.000000 -296431.875000 411.234737 5.490799 2.040729 4.125475 0.789544 0.000000 0.000000 0.306323
 7910.000000 -296918.406250 411.145237 5.480855 2.102911 4.075794 0.118533 0.000000 0.000000 0.045988
 7912.000000 -296493.250000 411.762301 5.454544 2.039951 4.095224 0.327986 0.000000 0.000000 0.127250
 7914.000000 -296538.187500 410.819217 5.440308 2.062347 4.166037 1.892278 0.000000 0.000000 0.734157
 7916.000000 -296983.187500 411.513485 5.436054 2.054143 4.159806 1.734793 0.000000 0.000000 0.673057
 7918.000000 -296802.937500 409.274056 5.422472 1.987837 4.150724 1.504933 0.000000 0.000000 0.583877
 7920.000000 -296948.218750 408.498281 5.444560 2.034418 4.083786 0.239652 0.000000 0.000000 0.092979
 7922.000000 -297512.500000 408.460133 5.442192 2.049887 4.154722 1.673950 0.000000 0.000000 0.649451
 7924.000000 -297346.406250 408.733970 5.409623 2.043147 4.187687 2.800768 0.000000 0.000000 1.086629
 7926.000000 -296659.718750 410.436832 5.392499 2.038272 4.221839 4.270661 0.000000 0.000000 1.656911
 7928.000000 -297117.843750 411.084735 5.470271 2.063417 4.168080 2.180639 0.000000 0.000000 0.846034
 7930.000000 -296946.093750 410.620137 5.510194 2.076512 4.161304 1.994091 0.000000 0.000000 0.773658
 7932.000000 -298273.875000 409.212337 5.474616 2.064027 4.196337 3.294163 0.000000 0.000000 1.278054
 7934.000000 -297453.937500 408.367561 5.476550 2.124099 4.229215 4.812517 0.000000 0.000000 1.867138
 7936.000000 -298736.031250 409.140280 5.567077 1.996742 4.197822 3.437133 0.000000 0.000000 1.333523
 7938.000000 -297503.031250 408.843152 5.539350 2.028252 4.235459 5.225447 0.000000 0.000000 2.027345
 7940.000000 -297797.562500 407.529983 5.472166 1.938990 4.282285 7.955962 0.000000 0.000000 3.086717
 7942.000000 -296875.250000 408.645356 5.453219 1.970631 4.256280 6.457034 0.000000 0.000000 2.505170
 7944.000000 -297746.718750 407.819472 5.416297 1.930338 4.181618 2.949812 0.000000 0.000000 1.144454
 7946.000000 -297893.781250 406.753135 5.436408 2.033970 4.194554 3.509312 0.000000 0.000000 1.361526
 7948.000000 -298499.406250 407.630865 5.393310 2.017638 4.248812 6.205637 0.000000 0.000000 2.407634
 7950.000000 -297386.593750 409.004790 5.415831 1.997673 4.251000 6.384526 0.000000 0.000000 2.477039
 7952.000000 -296235.656250 410.996356 5.355286 2.023348 4.246767 6.203126 0.000000 0.000000 2.406660
 7954.000000 -297727.093750 409.617467 5.370781 1.955720 4.124045 1.276250 0.000000 0.000000 0.495153
 7956.000000 -297431.718750 410.167726 5.328793 2.026783 4.102280 0.805607 0.000000 0.000000 0.312555
 7958.000000 -295967.156250 409.163614 5.313950 1.959685 4.157072 2.314436 0.000000 0.000000 0.897944
 7960.000000 -296982.937500 410.307016 5.382469 1.970521 4.132127 1.571549 0.000000 0.000000 0.609722
 7962.000000 -297921.312500 411.645732 5.431980 2.030206 4.148643 2.100916 0.000000 0.000000 0.815104
 7964.000000 -297171.468750 410.346049 5.372724 2.020064 4.145957 2.046640 0.000000 0.000000 0.794046
 7966.000000 -296276.437500 410.611780 5.359712 2.059282 4.148291 2.154674 0.000000 0.000000 0.835961
 7968.000000 -297195.906250 412.016547 5.378474 2.073303 4.126729 1.532617 0.000000 0.000000 0.594618
 7970.000000 -296159.625000 411.607395 5.362153 2.090576 4.164662 2.799850 0.000000 0.000000 1.086273
 7972.000000 -297068.281250 412.944556 5.376814 2.101798 4.162493 2.756285 0.000000 0.000000 1.069371
 7974.000000 -297068.343750 412.713784 5.435528 2.159543 4.235416 6.183610 0.000000 0.000000 2.399088
 7976.000000 -296445.125000 412.847682 5.403583 2.162546 4.087192 0.706728 0.000000 0.000000 0.274193
 7978.000000 -296931.062500 411.160752 5.346403 2.093067 4.162852 2.882384 0.000000 0.000000 1.118294
 7980.000000 -296630.562500 411.092418 5.413141 2.012911 4.192819 4.177856 0.000000 0.000000 1.620905
 7982.000000 -295993.500000 412.335461 5.453104 2.102083 4.189022 4.050980 0.000000 0.000000 1.571680
 7984.000000 -297403.218750 412.063017 5.423795 1.950254 4.178790 3.646133 0.000000 0.000000 1.414610
 7986.000000 -296547.093750 412.724671 5.479953 1.973692 4.210239 5.163275 0.000000 0.000000 2.003224
 7988.000000 -296456.312500 411.621940 5.412138 2.018928 4.202356 4.819446 0.000000 0.000000 1.869826
 7990.000000 -297165.656250 409.927888 5.396059 1.999268 4.240205 6.915196 0.000000 0.000000 2.682926
 7992.000000 -295832.812500 409.887514 5.419774 1.927846 4.235942 6.724645 0.000000 0.000000 2.608996
 7994.000000 -297059.812500 409.289611 5.416989 1.987490 4.273112 9.120057 0.000000 0.000000 3.538357
 7996.000000 -297155.187500 409.905693 5.459052 1.939053 4.261495 8.417180 0.000000 0.000000 3.265658
 7998.000000 -297521.593750 409.660904 5.473638 1.933318 4.297853 11.015227 0.000000 0.000000 4.273636
 8000.000000 -298974.531250 408.363584 5.449758 1.944138 4.207755 5.395256 0.000000 0.000000 2.093226
 8002.000000 -297870.781250 409.458268 5.432415 2.015217 4.272669 9.361851 0.000000 0.000000 3.632167
 8004.000000 -297308.937500 409.119197 5.347688 1.944227 4.260718 8.627606 0.000000 0.000000 3.347298
 8006.000000 -297942.218750 408.928784 5.360846 1.970043 4.229876 6.778877 0.000000 0.000000 2.630037
 8008.000000 -298184.593750 408.124997 5.432429 2.022850 4.249753 8.048825 0.000000 0.000000 3.122746
 8010.000000 -298777.718750 409.438098 5.447102 1.985331 4.230957 6.959468 0.000000 0.000000 2.700102
 8012.000000 -298267.500000 408.719794 5.413201 1.943067 4.119474 1.967970 0.000000 0.000000 0.763524
 8014.000000 -297934.281250 408.419540 5.394186 1.955320 4.248116 8.135530 0.000000 0.000000 3.156385
 8016.000000 -297063.625000 409.803128 5.410581 1.992501 4.232433 7.225974 0.000000 0.000000 2.803500
 8018.000000 -297849.625000 410.234345 5.389068 2.033720 4.173738 4.174143 0.000000 0.000000 1.619464
 8020.000000 -297369.281250 410.254929 5.392740 1.986183 4.180698 4.545726 0.000000 0.000000 1.763630
 8022.000000 -296238.343750 411.196923 5.383437 2.008546 4.147246 3.130222 0.000000 0.000000 1.214449
 8024.000000 -296782.718750 409.775677 5.409952 1.985356 4.145789 3.112163 0.000000 0.000000 1.207442
 8026.000000 -296832.687500 409.479671 5.340073 1.958362 4.135072 2.740653 0.000000 0.000000 1.063306
 8028.000000 -297606.250000 409.950195 5.353186 1.943802 4.178907 4.651643 0.000000 0.000000 1.804723
 8030.000000 -296797.156250 410.459562 5.338636 1.954269 4.202661 5.922043 0.000000 0.000000 2.297607
 8032.000000 -297838.406250 408.315369 5.318624 1.978041 4.178535 4.730491 0.000000 0.000000 1.835314
 8034.000000 -297615.281250 410.068602 5.304299 2.010496 4.210222 6.453746 0.000000 0.000000 2.503894
 8036.000000 -296950.593750 409.370530 5.419947 2.044875 4.181522 4.976152 0.000000 0.000000 1.930624
 8038.000000 -297378.750000 409.862942 5.388622 2.082886 4.205805 6.317154 0.000000 0.000000 2.450900
 8040.000000 -299288.812500 409.531777 5.408560 2.046478 4.090707 1.531997 0.000000 0.000000 0.594377
 8042.000000 -297227.437500 409.104642 5.364648 1.989405 4.121262 2.529807 0.000000 0.000000 0.981503
 8044.000000 -298083.125000 409.439083 5.378113 2.038177 4.175597 4.880563 0.000000 0.000000 1.893538
 8046.000000 -296455.562500 408.317874 5.338270 2.015954 4.170831 4.696295 0.000000 0.000000 1.822047
 8048.000000 -297299.687500 409.996909 5.353359 1.995147 4.121812 2.657634 0.000000 0.000000 1.031096
 8050.000000 -295563.750000 408.950149 5.397623 1.992916 4.155648 4.079216 0.000000 0.000000 1.582635
 8052.000000 -298318.656250 408.832270 5.442307 2.037741 4.207165 6.795718 0.000000 0.000000 2.636571
 8054.000000 -297673.500000 408.834363 5.419579 2.007476 4.167448 4.726274 0.000000 0.000000 1.833678
 8056.000000 -297246.812500 409.391631 5.425130 1.997237 4.209717 7.063673 0.000000 0.000000 2.740531
 8058.000000 -296366.156250 409.440036 5.353135 1.918008 4.162459 4.582060 0.000000 0.000000 1.777726
 8060.000000 -296707.250000 408.638021 5.421251 1.962004 4.227227 8.270732 0.000000 0.000000 3.208840
 8062.000000 -295927.625000 410.184993 5.415531 1.985026 4.180994 5.617667 0.000000 0.000000 2.179516
 8064.000000 -297674.843750 410.099983 5.460087 1.967355 4.184797 5.875140 0.000000 0.000000 2.279410
 8066.000000 -297808.718750 409.661923 5.448656 1.994321 4.251311 10.104070 0.000000 0.000000 3.920130
 8068.000000 -296782.437500 409.657756 5.483925 2.013579 4.304388 14.313288 0.000000 0.000000 5.553203
 8070.000000 -297400.687500 409.594156 5.445754 2.029436 4.339462 17.527746 0.000000 0.000000 6.800333
 8072.000000 -296516.687500 408.805943 5.422787 2.027176 4.234786 9.165629 0.000000 0.000000 3.556038
 8074.000000 -297879.468750 408.592040 5.456794 2.040476 4.308163 14.892193 0.000000 0.000000 5.777804
 8076.000000 -297827.406250 409.571886 5.515438 2.035973 4.341205 17.974578 0.000000 0.000000 6.973693
 8078.000000 -297719.093750 410.035093 5.487476 2.015431 4.291358 13.642086 0.000000 0.000000 5.292793
 8080.000000 -297975.937500 409.329854 5.424549 2.053678 4.280052 12.804170 0.000000 0.000000 4.967702
 8082.000000 -298162.156250 409.692458 5.488610 2.007127 4.232793 9.370307 0.000000 0.000000 3.635448
 8084.000000 -297447.375000 409.831114 5.437023 1.986793 4.240990 10.010439 0.000000 0.000000 3.883804
 8086.000000 -297417.593750 407.861169 5.418328 2.007066 4.196158 7.149573 0.000000 0.000000 2.773858
 8088.000000 -297954.062500 408.787677 5.413724 2.026382 4.263141 11.791917 0.000000 0.000000 4.574973
 8090.000000 -298820.125000 407.964351 5.477082 1.960034 4.114617 3.184682 0.000000 0.000000 1.235578
 8092.000000 -297826.625000 408.557564 5.446329 2.078074 4.082101 2.051236 0.000000 0.000000 0.795829
 8094.000000 -296983.031250 409.730737 5.524818 1.997324 4.230874 9.651724 0.000000 0.000000 3.744631
 8096.000000 -298192.687500 409.151980 5.462433 1.973980 4.171054 5.998107 0.000000 0.000000 2.327118
 8098.000000 -297877.250000 409.479194 5.535860 2.036382 4.220980 9.111141 0.000000 0.000000 3.534898
 8100.000000 -297111.625000 410.040059 5.471915 2.047224 4.176955 6.438587 0.000000 0.000000 2.498013
 8102.000000 -297620.218750 410.759125 5.451882 1.987466 4.147983 4.949298 0.000000 0.000000 1.920205
 8104.000000 -298058.875000 409.479223 5.481427 2.039129 4.160680 5.654114 0.000000 0.000000 2.193657
 8106.000000 -297437.312500 409.751591 5.369135 2.036815 4.076943 2.110640 0.000000 0.000000 0.818876
 8108.000000 -298070.031250 409.464650 5.401869 2.052817 4.078960 2.209807 0.000000 0.000000 0.857351
 8110.000000 -297794.656250 410.018618 5.387796 2.000922 4.112443 3.504634 0.000000 0.000000 1.359712
 8112.000000 -297576.781250 410.089236 5.393886 1.993868 4.137179 4.664742 0.000000 0.000000 1.809805
 8114.000000 -297181.531250 410.796720 5.410691 2.054289 4.201502 8.352925 0.000000 0.000000 3.240729
 8116.000000 -296135.968750 410.745794 5.483484 2.053389 4.202820 8.503414 0.000000 0.000000 3.299115
 8118.000000 -297605.093750 410.015771 5.463114 2.069112 4.134094 4.660642 0.000000 0.000000 1.808214
 8120.000000 -297296.218750 409.823987 5.398135 2.017302 4.143123 5.157378 0.000000 0.000000 2.000936
 8122.000000 -297197.718750 410.128183 5.471589 2.082254 4.170720 6.711793 0.000000 0.000000 2.604010
 8124.000000 -296679.937500 410.421457 5.451953 2.111238 4.155308 5.902842 0.000000 0.000000 2.290157
 8126.000000 -297866.937500 409.243421 5.563575 2.101589 4.206391 9.071461 0.000000 0.000000 3.519503
 8128.000000 -297726.687500 409.952524 5.437664 2.070368 4.102343 3.458733 0.000000 0.000000 1.341903
 8130.000000 -297273.406250 409.597285 5.493482 2.031025 4.164098 6.560741 0.000000 0.000000 2.545406
 8132.000000 -296651.281250 410.809802 5.528580 2.075178 4.218377 10.108795 0.000000 0.000000 3.921963
 8134.000000 -295060.593750 411.005593 5.503801 2.119358 4.131142 4.907512 0.000000 0.000000 1.903993
 8136.000000 -296056.500000 409.530763 5.550088 2.099913 4.209650 9.636184 0.000000 0.000000 3.738602
 8138.000000 -295669.781250 411.746198 5.519240 2.081683 4.168001 7.021169 0.000000 0.000000 2.724041
 8140.000000 -297794.125000 410.485148 5.493690 2.195109 4.138109 5.413684 0.000000 0.000000 2.100376
 8142.000000 -296544.750000 409.468799 5.536069 2.110496 4.124410 4.773149 0.000000 0.000000 1.851864
 8144.000000 -296739.750000 408.944027 5.446797 2.164574 4.167585 7.175128 0.000000 0.000000 2.783773
 8146.000000 -296114.968750 409.445998 5.494588 2.071053 4.147661 6.086409 0.000000 0.000000 2.361377
 8148.000000 -296795.906250 410.836163 5.455289 2.093426 4.198008 9.248562 0.000000 0.000000 3.588214
 8150.000000 -295517.093750 410.575786 5.494751 2.031313 4.189892 8.770985 0.000000 0.000000 3.402926
 8152.000000 -296020.250000 411.038444 5.490848 2.091193 4.233428 11.968199 0.000000 0.000000 4.643366
 8154.000000 -295919.468750 409.599269 5.506901 2.155492 4.173541 7.846319 0.000000 0.000000 3.044178
 8156.000000 -297239.156250 410.607626 5.489019 2.142104 4.168110 7.571266 0.000000 0.000000 2.937464
 8158.000000 -297397.062500 410.238815 5.537445 2.161928 4.200627 9.773902 0.000000 0.000000 3.792033
 8160.000000 -298164.843750 410.335303 5.493868 2.113416 4.141615 6.139135 0.000000 0.000000 2.381833
 8162.000000 -296849.593750 409.773802 5.469745 2.120499 4.163605 7.478966 0.000000 0.000000 2.901654
 8164.000000 -297120.812500 408.680100 5.492341 2.195425 4.218364 11.277326 0.000000 0.000000 4.375324
 8166.000000 -297409.093750 408.582046 5.562737 2.147708 4.157173 7.210358 0.000000 0.000000 2.797441
 8168.000000 -296372.562500 408.007451 5.433041 2.144067 4.228862 12.235312 0.000000 0.000000 4.746999
 8170.000000 -296880.125000 408.785550 5.435874 2.135903 4.129805 5.767661 0.000000 0.000000 2.237710
 8172.000000 -297578.656250 409.408706 5.463417 2.113221 4.201643 10.342278 0.000000 0.000000 4.012549
 8174.000000 -297350.062500 409.400475 5.499843 2.080942 4.180627 8.953030 0.000000 0.000000 3.473555
 8176.000000 -298341.500000 410.646745 5.512425 2.083928 4.219585 11.826052 0.000000 0.000000 4.588216
 8178.000000 -297738.656250 411.596002 5.464044 2.110628 4.136904 6.379105 0.000000 0.000000 2.474936
 8180.000000 -297213.250000 411.532983 5.394946 2.022523 4.169596 8.423784 0.000000 0.000000 3.268221
 8182.000000 -297503.312500 411.284943 5.423182 2.119203 4.143961 6.900860 0.000000 0.000000 2.677363
 8184.000000 -296802.375000 410.397894 5.483171 2.088720 4.124991 5.885640 0.000000 0.000000 2.283483
 8186.000000 -298059.968750 411.310593 5.418808 2.040088 4.126634 6.029913 0.000000 0.000000 2.339457
 8188.000000 -297931.687500 410.724087 5.453506 2.089315 4.208637 11.448645 0.000000 0.000000 4.441792
 8190.000000 -296779.187500 411.324215 5.409070 1.942659 4.106708 5.085744 0.000000 0.000000 1.973143
 8192.000000 -297777.968750 410.147061 5.386184 2.094107 4.152534 7.721158 0.000000 0.000000 2.995619
 8194.000000 -296348.500000 409.672745 5.485296 2.051033 4.173313 9.133619 0.000000 0.000000 3.543619
 8196.000000 -297129.687500 410.202120 5.443647 2.097993 4.132806 6.658948 0.000000 0.000000 2.583508
 8198.000000 -296618.500000 410.017899 5.401942 2.155587 4.236976 14.109963 0.000000 0.000000 5.474318
 8200.000000 -297037.250000 410.411212 5.387173 2.125218 4.195761 10.934315 0.000000 0.000000 4.242244
 8202.000000 -296562.593750 410.722027 5.463866 2.153550 4.179282 9.819769 0.000000 0.000000 3.809828
 8204.000000 -296901.093750 412.484588 5.468438 2.167054 4.219703 12.936626 0.000000 0.000000 5.019092
 8206.000000 -296872.375000 412.663525 5.491143 2.186959 4.267461 17.155173 0.000000 0.000000 6.655784
 8208.000000 -297477.562500 411.929765 5.544734 2.166645 4.242062 14.969882 0.000000 0.000000 5.807945
 8210.000000 -297238.937500 411.031278 5.484283 2.106565 4.241648 15.020575 0.000000 0.000000 5.827613
 8212.000000 -297050.187500 409.451531 5.471365 2.215804 4.274081 18.057697 0.000000 0.000000 7.005941
 8214.000000 -297223.125000 409.012910 5.407252 2.215848 4.255403 16.416995 0.000000 0.000000 6.369389
 8216.000000 -297287.656250 409.585064 5.384165 2.152207 4.211164 12.733185 0.000000 0.000000 4.940162
 8218.000000 -297063.468750 410.297656 5.374147 2.256233 4.281162 19.028344 0.000000 0.000000 7.382528
 8220.000000 -296982.843750 410.134042 5.470832 2.163861 4.266311 17.701246 0.000000 0.000000 6.867647
 8222.000000 -297213.406250 409.108531 5.462225 2.236084 4.283936 19.496806 0.000000 0.000000 7.564280
 8224.000000 -296514.656250 408.173507 5.514629 2.184578 4.243698 15.815111 0.000000 0.000000 6.135873
 8226.000000 -296899.062500 409.439509 5.468622 2.188279 4.273226 18.646297 0.000000 0.000000 7.234303
 8228.000000 -296682.531250 409.780568 5.487576 2.159940 4.220811 14.012271 0.000000 0.000000 5.436415
 8230.000000 -297325.125000 410.564320 5.453479 2.208500 4.213680 13.503812 0.000000 0.000000 5.239146
 8232.000000 -297486.250000 410.439064 5.514267 2.166933 4.214984 13.693763 0.000000 0.000000 5.312842
 8234.000000 -297325.593750 409.646467 5.481650 2.234690 4.206873 13.111677 0.000000 0.000000 5.087007
 8236.000000 -297102.187500 410.993473 5.495904 2.186216 4.203418 12.913661 0.000000 0.000000 5.010182
 8238.000000 -296468.187500 411.511390 5.521271 2.230209 4.208985 13.446787 0.000000 0.000000 5.217022
 8240.000000 -296197.000000 411.482691 5.563375 2.161143 4.262326 18.271630 0.000000 0.000000 7.088942
 8242.000000 -296902.031250 411.084836 5.608450 2.182956 4.217891 14.355857 0.000000 0.000000 5.569718
 8244.000000 -295586.875000 412.104511 5.654321 2.162544 4.233350 15.784164 0.000000 0.000000 6.123866
 8246.000000 -296400.593750 411.565225 5.609323 2.143856 4.170347 10.756545 0.000000 0.000000 4.173274
 8248.000000 -295936.718750 411.249874 5.588583 2.141524 4.130742 8.111709 0.000000 0.000000 3.147143
 8250.000000 -296258.656250 412.336082 5.584301 2.152077 4.181374 11.733116 0.000000 0.000000 4.552160
 8252.000000 -296647.718750 411.807620 5.601681 2.206451 4.249206 17.597446 0.000000 0.000000 6.827375
 8254.000000 -296534.031250 410.688966 5.496725 2.093375 4.230641 15.988409 0.000000 0.000000 6.203108
 8256.000000 -296885.218750 410.218222 5.512460 2.052446 4.211975 14.447883 0.000000 0.000000 5.605422
 8258.000000 -296622.000000 408.806215 5.554162 2.091440 4.144799 9.370719 0.000000 0.000000 3.635608
 8260.000000 -296752.593750 409.834122 5.579427 2.106175 4.135761 8.828634 0.000000 0.000000 3.425292
 8262.000000 -296359.906250 409.534816 5.579645 2.154906 4.120033 7.877182 0.000000 0.000000 3.056153
 8264.000000 -296903.593750 409.728966 5.516248 1.997760 4.083558 5.808161 0.000000 0.000000 2.253423
 8266.000000 -296263.468750 410.553166 5.558681 2.034279 4.166704 11.227836 0.000000 0.000000 4.356123
 8268.000000 -297556.156250 409.733933 5.605537 2.035673 4.132709 8.891742 0.000000 0.000000 3.449776
 8270.000000 -296548.656250 411.525834 5.527759 1.993523 4.104966 7.197977 0.000000 0.000000 2.792637
 8272.000000 -296085.781250 411.158053 5.513021 1.979179 4.150828 10.283809 0.000000 0.000000 3.989864
 8274.000000 -296384.468750 410.955758 5.578947 2.028920 4.141721 9.710642 0.000000 0.000000 3.767490
 8276.000000 -296722.968750 409.318938 5.538690 2.011557 4.141556 9.768914 0.000000 0.000000 3.790098
 8278.000000 -296809.375000 407.848600 5.486294 2.106842 4.042624 4.123406 0.000000 0.000000 1.599780
 8280.000000 -297089.250000 407.778401 5.484668 2.067228 4.020153 3.206131 0.000000 0.000000 1.243900
 8282.000000 -297948.062500 407.901146 5.523798 2.093930 4.091609 6.763356 0.000000 0.000000 2.624015
 8284.000000 -298351.656250 409.985706 5.483749 2.094016 4.171043 12.249470 0.000000 0.000000 4.752492
 8286.000000 -298320.125000 410.220231 5.454319 2.080383 4.159402 11.430886 0.000000 0.000000 4.434902
 8288.000000 -296997.281250 409.279697 5.489202 2.097894 4.148087 10.664325 0.000000 0.000000 4.137495
 8290.000000 -297588.437500 409.030391 5.476551 2.052233 4.207489 15.531084 0.000000 0.000000 6.025678
 8292.000000 -298359.500000 408.625143 5.409120 2.094832 4.102751 7.734607 0.000000 0.000000 3.000837
 8294.000000 -297100.843750 410.598713 5.517360 2.085356 4.191657 14.336044 0.000000 0.000000 5.562031
 8296.000000 -296660.812500 410.586774 5.522506 2.049804 4.220786 17.000383 0.000000 0.000000 6.595729
 8298.000000 -297701.281250 408.962110 5.490960 2.099152 4.192421 14.570998 0.000000 0.000000 5.653188
 8300.000000 -298238.093750 408.156059 5.497852 2.117260 4.119626 9.087279 0.000000 0.000000 3.525640
 8302.000000 -297007.593750 408.533082 5.456947 2.162460 4.161174 12.181607 0.000000 0.000000 4.726163
 8304.000000 -297490.218750 408.910189 5.532313 2.143886 4.246020 19.802488 0.000000 0.000000 7.682877
 8306.000000 -297608.343750 409.592726 5.433140 2.113485 4.148955 11.397081 0.000000 0.000000 4.421786
 8308.000000 -297898.968750 409.472467 5.466790 2.159638 4.096121 7.820072 0.000000 0.000000 3.033995
 8310.000000 -297852.156250 410.351664 5.494585 2.034039 4.129266 10.100865 0.000000 0.000000 3.918887
 8312.000000 -297454.218750 410.439434 5.515316 2.118481 4.091663 7.667100 0.000000 0.000000 2.974646
 8314.000000 -297165.937500 409.590443 5.512549 2.140977 4.154488 12.128134 0.000000 0.000000 4.705417
 8316.000000 -297143.312500 411.642751 5.510037 2.090615 4.124651 9.986476 0.000000 0.000000 3.874507
 8318.000000 -297338.562500 411.063593 5.448546 2.114203 4.160560 12.764823 0.000000 0.000000 4.952436
 8320.000000 -298029.406250 410.097023 5.528464 2.205049 4.125519 10.190138 0.000000 0.000000 3.953522
 8322.000000 -296978.406250 410.559313 5.513597 2.194607 4.187010 15.138897 0.000000 0.000000 5.873519
 8324.000000 -297043.562500 410.516434 5.539069 2.056809 4.192485 15.707473 0.000000 0.000000 6.094112
 8326.000000 -297036.937500 410.252219 5.500788 2.127572 4.188610 15.453676 0.000000 0.000000 5.995645
 8328.000000 -297239.375000 410.066631 5.593155 2.071948 4.106851 9.170041 0.000000 0.000000 3.557750
 8330.000000 -297264.312500 409.821053 5.477608 2.100999 4.041642 5.337616 0.000000 0.000000 2.070863
 8332.000000 -297211.000000 409.744553 5.513072 2.155494 4.081952 7.685051 0.000000 0.000000 2.981610
 8334.000000 -297743.000000 409.623232 5.461242 2.178367 4.100326 8.932898 0.000000 0.000000 3.465744
 8336.000000 -297559.812500 409.402722 5.586182 2.155784 4.203512 17.252610 0.000000 0.000000 6.693587
 8338.000000 -296437.062500 409.686898 5.586904 2.297472 4.160962 13.609398 0.000000 0.000000 5.280111
 8340.000000 -297632.656250 408.289930 5.541194 2.049356 4.055933 6.380720 0.000000 0.000000 2.475562
 8342.000000 -297723.281250 407.850592 5.610913 1.959593 3.993179 3.369361 0.000000 0.000000 1.307229
 8344.000000 -297500.156250 409.605945 5.603277 2.005765 4.008211 4.059507 0.000000 0.000000 1.574989
 8346.000000 -298280.937500 408.237673 5.603359 1.923739 4.023307 4.817053 0.000000 0.000000 1.868898
 8348.000000 -299285.562500 408.857734 5.610904 1.995653 4.070580 7.477428 0.000000 0.000000 2.901057
 8350.000000 -298124.906250 410.204995 5.603169 2.044130 4.099917 9.447445 0.000000 0.000000 3.665376
 8352.000000 -296842.812500 412.005127 5.548218 2.085822 4.118971 10.876010 0.000000 0.000000 4.219624
 8354.000000 -297625.750000 410.886711 5.572703 2.094320 4.176148 15.589212 0.000000 0.000000 6.048230
 8356.000000 -297159.406250 409.435376 5.546905 2.079584 4.055422 6.810744 0.000000 0.000000 2.642401
 8358.000000 -297033.781250 409.844823 5.617157 2.001089 4.007753 4.359591 0.000000 0.000000 1.691414
 8360.000000 -296745.562500 410.793887 5.519072 1.998559 4.104719 10.133141 0.000000 0.000000 3.931409
 8362.000000 -296838.343750 409.263479 5.585211 2.128249 4.102091 10.017538 0.000000 0.000000 3.886558
 8364.000000 -295680.312500 409.645565 5.587274 2.093729 4.091456 9.347273 0.000000 0.000000 3.626511
 8366.000000 -297306.406250 410.630020 5.597437 2.041512 4.134469 12.598283 0.000000 0.000000 4.887823
 8368.000000 -296786.875000 409.744933 5.549497 2.030753 4.116434 11.282544 0.000000 0.000000 4.377349
 8370.000000 -295894.312500 411.365225 5.518112 1.961536 4.131212 12.498766 0.000000 0.000000 4.849213
 8372.000000 -296781.656250 412.441097 5.535486 2.032126 4.120428 11.737286 0.000000 0.000000 4.553778
 8374.000000 -297653.875000 411.088905 5.531100 2.053263 4.013794 5.039794 0.000000 0.000000 1.955316
 8376.000000 -297897.437500 408.552769 5.506861 2.089022 4.034610 6.194396 0.000000 0.000000 2.403273
 8378.000000 -296306.968750 408.475518 5.504492 2.043712 4.054897 7.435690 0.000000 0.000000 2.884864
 8380.000000 -297757.718750 408.741803 5.473707 1.999035 4.068644 8.362092 0.000000 0.000000 3.244285
 8382.000000 -298554.031250 408.689169 5.500236 1.961014 4.041268 6.743533 0.000000 0.000000 2.616325
 8384.000000 -299605.718750 408.111922 5.469262 1.974395 4.026954 5.992599 0.000000 0.000000 2.324981
 8386.000000 -298224.531250 408.550691 5.550814 1.954654 4.003226 4.813078 0.000000 0.000000 1.867356
 8388.000000 -297836.968750 407.555227 5.530516 2.009249 4.039810 6.833394 0.000000 0.000000 2.651188
 8390.000000 -297326.093750 408.910824 5.588664 2.051972 4.044085 7.145210 0.000000 0.000000 2.772165
 8392.000000 -296643.875000 409.228980 5.518117 2.060936 4.031978 6.496766 0.000000 0.000000 2.520585
 8394.000000 -297509.343750 408.626546 5.570452 2.085068 3.992619 4.494438 0.000000 0.000000 1.743731
 8396.000000 -297937.312500 409.460714 5.489192 2.062108 4.046904 7.497270 0.000000 0.000000 2.908756
 8398.000000 -296540.312500 408.736401 5.639968 1.941452 4.046683 7.545040 0.000000 0.000000 2.927289
 8400.000000 -296834.312500 410.180109 5.631107 1.959073 4.065737 8.827001 0.000000 0.000000 3.424659
 8402.000000 -296284.281250 409.812127 5.602479 2.008519 4.059904 8.508846 0.000000 0.000000 3.301222
 8404.000000 -296259.093750 409.430873 5.518546 1.982095 3.999656 5.083139 0.000000 0.000000 1.972133
 8406.000000 -295989.093750 409.566038 5.553110 1.866437 3.993707 4.836696 0.000000 0.000000 1.876519
 8408.000000 -297873.031250 408.702706 5.572823 1.972142 3.987904 4.603370 0.000000 0.000000 1.785994
 8410.000000 -297894.718750 408.513878 5.557715 1.963526 4.041141 7.573159 0.000000 0.000000 2.938199
 8412.000000 -298019.250000 410.121089 5.625668 1.891128 4.157650 16.530121 0.000000 0.000000 6.413279
 8414.000000 -297768.375000 409.236198 5.496252 1.972199 4.080536 10.334647 0.000000 0.000000 4.009588
 8416.000000 -298340.875000 408.538403 5.519115 1.944455 4.048474 8.222389 0.000000 0.000000 3.190084
 8418.000000 -297572.718750 408.863549 5.477242 1.987939 4.086032 10.880472 0.000000 0.000000 4.221355
 8420.000000 -297979.812500 408.209785 5.506033 1.968273 4.104203 12.340434 0.000000 0.000000 4.787784
 8422.000000 -298116.093750 410.103513 5.400936 1.939753 4.051239 8.596176 0.000000 0.000000 3.335104
 8424.000000 -297742.375000 408.879383 5.480641 1.906933 4.095845 11.846103 0.000000 0.000000 4.595996
 8426.000000 -297800.968750 408.697709 5.444218 1.966539 4.030817 7.430858 0.000000 0.000000 2.882990
 8428.000000 -298248.656250 408.704315 5.487834 1.972347 4.044961 8.382611 0.000000 0.000000 3.252246
 8430.000000 -297663.406250 409.861703 5.484559 1.987851 4.092752 11.838885 0.000000 0.000000 4.593196
 8432.000000 -296680.406250 410.216333 5.484453 1.990665 4.063800 9.785986 0.000000 0.000000 3.796721
 8434.000000 -296548.156250 409.685081 5.523306 1.905433 4.063646 9.845298 0.000000 0.000000 3.819733
 8436.000000 -297863.312500 407.626355 5.493643 1.949510 4.107329 13.229839 0.000000 0.000000 5.132851
 8438.000000 -298399.437500 408.105206 5.479353 2.008741 4.199956 21.940530 0.000000 0.000000 8.512384
 8440.000000 -297251.343750 408.791170 5.481413 1.979102 4.121435 14.572197 0.000000 0.000000 5.653653
 8442.000000 -297278.468750 409.380877 5.544612 1.967679 4.112722 13.921258 0.000000 0.000000 5.401105
 8444.000000 -297216.156250 409.839023 5.472322 2.010284 4.078730 11.304831 0.000000 0.000000 4.385996
 8446.000000 -296783.687500 408.697493 5.563257 2.019799 4.124295 15.076753 0.000000 0.000000 5.849408
 8448.000000 -297001.875000 408.023750 5.530629 2.030740 4.101769 13.265703 0.000000 0.000000 5.146766
 8450.000000 -297650.093750 409.492514 5.585788 2.013968 4.074248 11.193658 0.000000 0.000000 4.342863
 8452.000000 -297972.437500 409.073592 5.509829 1.998244 4.058359 10.107489 0.000000 0.000000 3.921456
 8454.000000 -298004.093750 409.661279 5.552524 2.034587 4.065191 10.671973 0.000000 0.000000 4.140462
 8456.000000 -296791.000000 410.693341 5.556255 2.078738 4.052096 9.806753 0.000000 0.000000 3.804778
 8458.000000 -296464.125000 412.294109 5.512634 2.029142 4.067990 11.025375 0.000000 0.000000 4.277574
 8460.000000 -296394.312500 411.595086 5.536528 2.008342 3.984691 5.761546 0.000000 0.000000 2.235338
 8462.000000 -296322.375000 412.485194 5.533151 1.955971 3.987730 5.980338 0.000000 0.000000 2.320223
 8464.000000 -296252.718750 412.414683 5.543905 2.005047 4.002028 6.846122 0.000000 0.000000 2.656126
 8466.000000 -297180.156250 411.464268 5.498153 2.021396 4.036049 9.048398 0.000000 0.000000 3.510555
 8468.000000 -296373.156250 411.448944 5.483725 2.003009 3.993666 6.478995 0.000000 0.000000 2.513690
 8470.000000 -297010.156250 410.595965 5.459750 2.006356 3.986183 6.115257 0.000000 0.000000 2.372569
 8472.000000 -296094.250000 411.599359 5.545245 2.034419 4.103535 14.410493 0.000000 0.000000 5.590916
 8474.000000 -295857.406250 411.050984 5.475681 2.039128 4.148378 18.564536 0.000000 0.000000 7.202582
 8476.000000 -297980.468750 410.711136 5.502803 2.039853 4.112470 15.353653 0.000000 0.000000 5.956839
 8478.000000 -298059.875000 410.544855 5.420243 2.048819 4.089517 13.490451 0.000000 0.000000 5.233962
 8480.000000 -297356.375000 409.698324 5.434762 2.065354 4.124368 16.595467 0.000000 0.000000 6.438632
 8482.000000 -297674.750000 410.131694 5.499818 2.080935 4.161586 20.259386 0.000000 0.000000 7.860142
 8484.000000 -298154.312500 410.061084 5.484275 2.085304 4.148541 19.065271 0.000000 0.000000 7.396855
 8486.000000 -297599.250000 409.745637 5.441824 2.050947 4.190739 23.516190 0.000000 0.000000 9.123702
 8488.000000 -296472.093750 410.051887 5.414668 2.065408 4.176359 22.087673 0.000000 0.000000 8.569472
 8490.000000 -296891.625000 409.539930 5.417975 2.022670 4.189963 23.649130 0.000000 0.000000 9.175279
 8492.000000 -296339.187500 409.093243 5.390042 1.996925 4.097168 14.720523 0.000000 0.000000 5.711200
 8494.000000 -297022.906250 409.100547 5.378895 2.012212 4.219803 27.238105 0.000000 0.000000 10.567713
 8496.000000 -297438.750000 410.317539 5.453426 1.956101 4.238288 29.559456 0.000000 0.000000 11.468340
 8498.000000 -295942.906250 410.017316 5.517712 1.983343 4.206089 25.888283 0.000000 0.000000 10.044016
 8500.000000 -296914.812500 410.994597 5.470707 2.062543 4.092809 14.689750 0.000000 0.000000 5.699261
 8502.000000 -295014.531250 409.395897 5.420781 1.979695 4.112995 16.561500 0.000000 0.000000 6.425453
 8504.000000 -297285.750000 409.509677 5.469093 1.972888 4.169087 22.164253 0.000000 0.000000 8.599184
 8506.000000 -296862.875000 410.212755 5.509355 1.954743 4.151263 20.428557 0.000000 0.000000 7.925776
 8508.000000 -296348.468750 410.626186 5.458219 2.013020 4.129738 18.406869 0.000000 0.000000 7.141411
 8510.000000 -296323.406250 410.078924 5.439583 1.878086 4.037517 10.695788 0.000000 0.000000 4.149702
 8512.000000 -297190.093750 409.845639 5.525922 1.986121 4.040811 11.012106 0.000000 0.000000 4.272425
 8514.000000 -297787.593750 409.774729 5.368894 2.111495 3.982882 7.192911 0.000000 0.000000 2.790672
 8516.000000 -296688.718750 410.551979 5.438553 2.090708 4.028977 10.294451 0.000000 0.000000 3.993993
 8518.000000 -297209.593750 410.310984 5.464659 2.051236 4.026126 10.162117 0.000000 0.000000 3.942651
 8520.000000 -297372.187500 410.571441 5.486490 1.991023 4.080378 14.482141 0.000000 0.000000 5.618714
 8522.000000 -296360.500000 411.718404 5.404722 2.073691 4.028259 10.458811 0.000000 0.000000 4.057761
 8524.000000 -296612.625000 410.797921 5.486970 2.046373 4.054949 12.557061 0.000000 0.000000 4.871830
 8526.000000 -297189.156250 411.152638 5.418802 2.028536 4.037515 11.288673 0.000000 0.000000 4.379727
 8528.000000 -297314.062500 410.930140 5.416721 2.035075 4.040325 11.576749 0.000000 0.000000 4.491493
 8530.000000 -298081.625000 409.993299 5.469326 2.026381 4.010676 9.499631 0.000000 0.000000 3.685622
 8532.000000 -298760.125000 409.037129 5.414174 1.986196 4.017362 10.036730 0.000000 0.000000 3.894004
 8534.000000 -297257.312500 407.732061 5.366975 2.055892 4.041703 11.912230 0.000000 0.000000 4.621651
 8536.000000 -297751.625000 407.574122 5.352021 2.015856 4.022828 10.572593 0.000000 0.000000 4.101905
 8538.000000 -297619.968750 407.380929 5.337702 2.023458 4.013491 9.975164 0.000000 0.000000 3.870118
 8540.000000 -297457.750000 408.108185 5.407772 2.043751 3.997215 8.925506 0.000000 0.000000 3.462876
 8542.000000 -297527.500000 408.288070 5.408393 2.014131 3.979777 7.861147 0.000000 0.000000 3.049931
 8544.000000 -295728.406250 408.990639 5.349596 2.086731 4.013241 10.170330 0.000000 0.000000 3.945837
 8546.000000 -296100.156250 409.997305 5.412550 2.002911 3.993517 8.878909 0.000000 0.000000 3.444798
 8548.000000 -296975.437500 410.812943 5.361458 1.941399 4.056479 13.652081 0.000000 0.000000 5.296671
 8550.000000 -296438.937500 410.378618 5.338704 2.031902 4.080917 15.834651 0.000000 0.000000 6.143454
 8552.000000 -296989.875000 411.263027 5.386461 2.010954 3.979290 8.146626 0.000000 0.000000 3.160690
 8554.000000 -297248.781250 411.049543 5.403135 2.048181 4.030074 11.786777 0.000000 0.000000 4.572979
 8556.000000 -295741.187500 411.347869 5.321271 2.038185 3.992659 9.157034 0.000000 0.000000 3.552703
 8558.000000 -295186.937500 411.932450 5.328147 1.976930 4.102582 18.200585 0.000000 0.000000 7.061378
 8560.000000 -295637.718750 411.731620 5.382659 2.053156 4.120107 20.010652 0.000000 0.000000 7.763639
 8562.000000 -297930.781250 410.620534 5.439376 2.108119 4.060021 14.536924 0.000000 0.000000 5.639968
 8564.000000 -298688.875000 410.767620 5.393502 2.035309 4.065639 15.106587 0.000000 0.000000 5.860983
 8566.000000 -297749.187500 410.385108 5.422918 2.093738 4.003856 10.285823 0.000000 0.000000 3.990645
 8568.000000 -298573.687500 410.382013 5.488434 2.114833 4.039088 13.048257 0.000000 0.000000 5.062402
 8570.000000 -297252.968750 410.129553 5.428365 2.101104 3.978235 8.661551 0.000000 0.000000 3.360468
 8572.000000 -298196.375000 410.298840 5.414014 2.079300 3.963057 7.753695 0.000000 0.000000 3.008243
 8574.000000 -299034.843750 409.497052 5.402100 2.122465 3.968701 8.172887 0.000000 0.000000 3.170879
 8576.000000 -298561.062500 409.556445 5.423126 2.102265 4.011383 11.203755 0.000000 0.000000 4.346781
 8578.000000 -297918.531250 410.343987 5.470403 2.154537 3.957721 7.608926 0.000000 0.000000 2.952075
 8580.000000 -297318.125000 410.046386 5.523378 2.104712 4.031751 12.940468 0.000000 0.000000 5.020583
 8582.000000 -297761.531250 408.552318 5.419440 2.098455 3.973777 8.763345 0.000000 0.000000 3.399962
 8584.000000 -298776.843750 408.790921 5.420188 2.106971 3.963176 8.139350 0.000000 0.000000 3.157867
 8586.000000 -297967.406250 409.135992 5.489728 2.087838 4.041647 13.998596 0.000000 0.000000 5.431110
 8588.000000 -298021.500000 408.979055 5.365261 2.058268 4.056106 15.321800 0.000000 0.000000 5.944481
 8590.000000 -296168.468750 408.703257 5.402189 2.067893 4.074860 17.099561 0.000000 0.000000 6.634208
 8592.000000 -296949.281250 409.022032 5.414059 2.066309 4.057993 15.663860 0.000000 0.000000 6.077191
 8594.000000 -297028.375000 410.103998 5.341316 2.092652 4.051095 15.146279 0.000000 0.000000 5.876383
 8596.000000 -297396.968750 410.310355 5.414751 2.110067 4.018655 12.533791 0.000000 0.000000 4.862802
 8598.000000 -297310.031250 410.047279 5.408651 2.059550 3.984711 10.061481 0.000000 0.000000 3.903606
 8600.000000 -298056.000000 411.175204 5.426950 2.003003 3.996383 10.980346 0.000000 0.000000 4.260103
 8602.000000 -296988.375000 412.173288 5.410162 2.043639 4.014907 12.474649 0.000000 0.000000 4.839856
 8604.000000 -296980.031250 412.253505 5.401849 2.058817 4.073050 17.582858 0.000000 0.000000 6.821715
 8606.000000 -297348.531250 411.339426 5.351765 1.935586 3.997801 11.310189 0.000000 0.000000 4.388074
 8608.000000 -296173.750000 411.070659 5.261279 2.025025 4.059372 16.504886 0.000000 0.000000 6.403489
 8610.000000 -297027.187500 411.102568 5.413244 2.048009 4.027611 13.828738 0.000000 0.000000 5.365209
 8612.000000 -297683.218750 409.611596 5.304078 2.082989 4.058284 16.587865 0.000000 0.000000 6.435683
 8614.000000 -296647.875000 409.433720 5.316667 2.041299 4.052720 16.174813 0.000000 0.000000 6.275429
 8616.000000 -296400.656250 410.589032 5.288387 2.037850 4.081005 18.915582 0.000000 0.000000 7.338779
 8618.000000 -296227.687500 410.779437 5.242886 1.979929 4.082846 19.192901 0.000000 0.000000 7.446372
 8620.000000 -296615.343750 409.669454 5.233011 2.074441 4.157786 27.352955 0.000000 0.000000 10.612272
 8622.000000 -297000.531250 410.155050 5.309229 2.064659 4.025739 14.174177 0.000000 0.000000 5.499231
 8624.000000 -296701.000000 410.630836 5.318115 2.127736 4.038046 15.316523 0.000000 0.000000 5.942433
 8626.000000 -296767.156250 410.749671 5.255404 2.015312 4.085347 19.835034 0.000000 0.000000 7.695504
 8628.000000 -297120.781250 409.469275 5.261641 2.016503 4.041376 15.786556 0.000000 0.000000 6.124794
 8630.000000 -297196.343750 410.239859 5.334207 2.000336 4.053043 16.931969 0.000000 0.000000 6.569187
 8632.000000 -297386.781250 410.488862 5.290775 2.040709 4.049100 16.662289 0.000000 0.000000 6.464557
 8634.000000 -296466.812500 411.261317 5.345232 2.051288 4.023739 14.512861 0.000000 0.000000 5.630632
 8636.000000 -296869.687500 410.404688 5.287045 1.957294 4.088007 20.605204 0.000000 0.000000 7.994311
 8638.000000 -297797.218750 409.580421 5.348181 1.952950 4.034933 15.658591 0.000000 0.000000 6.075147
 8640.000000 -298186.531250 409.769998 5.449310 2.028178 4.047230 16.857225 0.000000 0.000000 6.540187
 8642.000000 -297400.750000 410.369161 5.421545 2.030696 3.991833 12.233025 0.000000 0.000000 4.746112
 8644.000000 -296455.781250 410.342418 5.389560 2.048642 3.951544 9.353316 0.000000 0.000000 3.628856
 8646.000000 -297457.062500 410.177371 5.407008 2.032138 3.994395 12.592450 0.000000 0.000000 4.885560
 8648.000000 -297683.375000 410.663992 5.495196 1.985974 4.034917 16.102720 0.000000 0.000000 6.247458
 8650.000000 -297944.031250 410.651443 5.498678 1.947847 4.011793 14.178699 0.000000 0.000000 5.500985
 8652.000000 -296618.781250 411.021032 5.493140 1.978574 4.022961 15.221696 0.000000 0.000000 5.905643
 8654.000000 -297144.875000 408.995555 5.523264 2.043364 4.092991 22.049059 0.000000 0.000000 8.554491
 8656.000000 -299002.593750 409.364125 5.567275 1.939886 4.063091 19.119032 0.000000 0.000000 7.417713
 8658.000000 -297526.687500 409.269425 5.525816 1.937003 4.037868 16.823990 0.000000 0.000000 6.527293
 8660.000000 -296653.562500 409.691057 5.483018 1.905580 4.027723 15.995698 0.000000 0.000000 6.205936
 8662.000000 -297069.281250 410.293725 5.505847 1.952181 4.005986 14.194976 0.000000 0.000000 5.507301
 8664.000000 -296878.968750 410.218287 5.484882 2.000839 4.023919 15.834803 0.000000 0.000000 6.143513
 8666.000000 -297712.593750 410.499567 5.551244 1.982480 4.065019 19.802412 0.000000 0.000000 7.682847
 8668.000000 -296794.687500 409.607737 5.595677 1.867214 4.136714 27.696485 0.000000 0.000000 10.745553
 8670.000000 -296047.562500 409.982334 5.521506 1.964207 4.080521 21.582171 0.000000 0.000000 8.373350
 8672.000000 -296685.625000 409.563451 5.569196 1.989816 3.980804 12.545626 0.000000 0.000000 4.867393
 8674.000000 -298012.000000 408.645220 5.504741 2.033950 4.011806 15.208169 0.000000 0.000000 5.900395
 8676.000000 -296493.281250 408.068428 5.506365 2.044487 4.020705 16.083622 0.000000 0.000000 6.240049
 8678.000000 -297262.937500 408.429393 5.493048 2.078318 4.018594 15.984184 0.000000 0.000000 6.201469
 8680.000000 -297578.250000 409.478586 5.577762 2.031430 3.992033 13.780733 0.000000 0.000000 5.346585
 8682.000000 -296869.906250 409.138843 5.527072 2.117600 4.003660 14.848836 0.000000 0.000000 5.760982
 8684.000000 -297293.156250 409.139039 5.569975 2.052066 4.048866 19.097030 0.000000 0.000000 7.409177
 8686.000000 -298294.718750 409.505542 5.493829 2.055854 4.020360 16.503800 0.000000 0.000000 6.403067
 8688.000000 -297694.625000 410.060783 5.558425 2.182593 4.059816 20.383402 0.000000 0.000000 7.908257
 8690.000000 -297215.968750 408.931189 5.591898 2.064792 4.069349 21.460657 0.000000 0.000000 8.326206
 8692.000000 -297571.218750 408.881265 5.624781 2.152358 4.072981 21.943138 0.000000 0.000000 8.513396
 8694.000000 -297251.218750 408.928013 5.597901 2.126631 4.123974 27.727015 0.000000 0.000000 10.757398
 8696.000000 -297625.406250 411.125437 5.571851 2.128036 4.084486 23.380503 0.000000 0.000000 9.071059
 8698.000000 -299703.812500 409.676688 5.568434 2.141326 4.044591 19.364250 0.000000 0.000000 7.512852
 8700.000000 -297935.750000 410.987950 5.590882 2.063652 4.043192 19.324949 0.000000 0.000000 7.497604
 8702.000000 -298382.968750 411.388384 5.503699 2.072773 4.059842 21.098886 0.000000 0.000000 8.185848
 8704.000000 -298043.093750 411.040723 5.527963 2.064925 4.085892 23.968634 0.000000 0.000000 9.299239
 8706.000000 -296377.562500 410.967518 5.545003 2.009299 4.006852 16.186643 0.000000 0.000000 6.280018
 8708.000000 -297410.093750 410.850648 5.554855 2.002052 4.036965 19.106679 0.000000 0.000000 7.412920
 8710.000000 -296992.625000 412.305157 5.550960 1.991106 4.067536 22.317050 0.000000 0.000000 8.658465
 8712.000000 -296347.031250 412.706733 5.567017 2.044152 4.105988 26.679106 0.000000 0.000000 10.350835
 8714.000000 -295460.093750 412.226341 5.575129 1.982361 4.083597 24.265696 0.000000 0.000000 9.414492
 8716.000000 -297152.468750 411.706223 5.570468 2.021315 3.997812 15.825249 0.000000 0.000000 6.139806
 8718.000000 -295844.468750 411.465011 5.600599 1.966239 4.017181 17.689053 0.000000 0.000000 6.862916
 8720.000000 -296881.843750 410.562413 5.575079 1.971270 3.985603 14.930212 0.000000 0.000000 5.792554
 8722.000000 -296215.062500 411.157977 5.609578 1.993307 4.124890 29.511164 0.000000 0.000000 11.449604
 8724.000000 -297601.593750 408.848012 5.553923 1.925501 4.040935 20.294572 0.000000 0.000000 7.873793
 8726.000000 -298729.812500 409.401169 5.618881 1.994282 4.067005 23.113051 0.000000 0.000000 8.967294
 8728.000000 -298617.437500 408.208820 5.583074 2.008701 4.016202 18.069186 0.000000 0.000000 7.010398
 8730.000000 -297427.281250 408.433403 5.569767 1.998231 4.026165 19.126295 0.000000 0.000000 7.420531
 8732.000000 -297012.875000 409.597064 5.523921 2.016423 4.040971 20.703192 0.000000 0.000000 8.032328
 8734.000000 -298026.937500 410.331576 5.515447 1.938239 4.036784 20.380145 0.000000 0.000000 7.906993
 8736.000000 -297675.093750 409.707039 5.503474 1.993510 4.024593 19.266164 0.000000 0.000000 7.474796
 8738.000000 -296453.375000 410.136033 5.585247 1.986467 4.041453 21.059004 0.000000 0.000000 8.170374
 8740.000000 -297706.812500 410.459300 5.527960 1.955596 3.996036 16.747780 0.000000 0.000000 6.497726
 8742.000000 -297330.656250 409.389422 5.598670 1.914032 4.079691 25.390315 0.000000 0.000000 9.850816
 8744.000000 -297804.000000 410.071557 5.563135 1.953009 3.982006 15.665055 0.000000 0.000000 6.077655
 8746.000000 -297779.437500 410.777334 5.580495 1.996992 3.996942 17.107132 0.000000 0.000000 6.637145
 8748.000000 -297738.406250 411.129296 5.616988 2.025108 3.982407 15.878255 0.000000 0.000000 6.160371
 8750.000000 -297755.218750 410.007649 5.567133 2.014127 4.031027 20.607206 0.000000 0.000000 7.995088
 8752.000000 -297502.312500 408.569791 5.714171 1.961698 4.015089 19.118806 0.000000 0.000000 7.417625
 8754.000000 -297627.031250 408.302648 5.647348 1.993198 4.033177 21.030609 0.000000 0.000000 8.159358
 8756.000000 -297797.187500 409.108060 5.660725 2.025444 4.112227 30.040265 0.000000 0.000000 11.654882
 8758.000000 -297001.000000 408.733625 5.650111 2.043925 4.027179 20.622647 0.000000 0.000000 8.001078
 8760.000000 -298152.281250 408.034636 5.682467 2.067187 4.021819 20.182355 0.000000 0.000000 7.830256
 8762.000000 -297946.187500 407.748138 5.639629 2.091935 4.046978 22.895695 0.000000 0.000000 8.882965
 8764.000000 -297352.375000 407.636417 5.674679 2.020610 4.017672 19.967198 0.000000 0.000000 7.746780
 8766.000000 -297283.500000 408.900382 5.625935 2.074735 4.031825 21.509968 0.000000 0.000000 8.345337
 8768.000000 -297505.562500 408.156589 5.592688 2.079835 4.061436 24.801599 0.000000 0.000000 9.622409
 8770.000000 -297689.625000 407.796752 5.611243 2.069575 4.046136 23.234835 0.000000 0.000000 9.014543
 8772.000000 -298621.812500 408.255053 5.526936 2.040384 4.092339 28.601034 0.000000 0.000000 11.096496
 8774.000000 -297075.093750 408.872370 5.631233 2.034477 4.077662 26.988887 0.000000 0.000000 10.471023
 8776.000000 -297369.437500 410.536408 5.560583 2.057265 4.050671 24.054075 0.000000 0.000000 9.332388
 8778.000000 -296956.406250 409.839610 5.596048 2.071688 4.031691 22.122640 0.000000 0.000000 8.583039
 8780.000000 -298235.000000 408.584271 5.556652 2.039714 4.006476 19.649198 0.000000 0.000000 7.623404
 8782.000000 -297928.125000 409.941881 5.575334 2.002922 4.058042 25.204849 0.000000 0.000000 9.778860
 8784.000000 -297443.718750 409.910149 5.539517 2.049284 3.946916 14.358000 0.000000 0.000000 5.570550
 8786.000000 -297549.250000 410.609371 5.506982 2.027096 3.998782 19.186663 0.000000 0.000000 7.443952
 8788.000000 -297447.062500 409.172177 5.499863 2.050274 3.996480 19.059310 0.000000 0.000000 7.394542
 8790.000000 -297015.906250 409.233726 5.546786 2.097513 3.938393 13.893849 0.000000 0.000000 5.390471
 8792.000000 -297035.718750 409.366546 5.511679 2.068455 3.920424 12.515545 0.000000 0.000000 4.855723
 8794.000000 -297625.468750 408.283345 5.490273 1.956263 3.974791 17.278557 0.000000 0.000000 6.703654
 8796.000000 -296361.312500 408.162648 5.402230 1.952437 4.000866 19.886724 0.000000 0.000000 7.715559
 8798.000000 -297034.062500 407.944626 5.547816 1.911385 3.976024 17.580342 0.000000 0.000000 6.820739
 8800.000000 -297010.781250 407.796327 5.530812 1.955100 3.992963 19.302525 0.000000 0.000000 7.488904
 8802.000000 -297657.562500 408.055909 5.595688 2.025066 4.017306 21.872450 0.000000 0.000000 8.485971
 8804.000000 -298316.687500 407.037448 5.547685 1.891788 4.059577 26.631648 0.000000 0.000000 10.332423
 8806.000000 -298166.437500 407.349637 5.516367 1.929048 4.035964 24.086137 0.000000 0.000000 9.344827
 8808.000000 -298267.093750 408.372169 5.568043 1.946174 3.952127 15.853310 0.000000 0.000000 6.150693
 8810.000000 -298715.343750 407.728875 5.575175 1.907205 4.033385 24.022632 0.000000 0.000000 9.320189
 8812.000000 -298579.062500 407.091814 5.576847 1.923312 3.994275 20.027462 0.000000 0.000000 7.770161
 8814.000000 -298283.656250 407.671044 5.662215 1.875386 4.088334 30.669455 0.000000 0.000000 11.898992
 8816.000000 -297629.562500 408.162040 5.634816 1.900756 4.026380 23.585734 0.000000 0.000000 9.150683
 8818.000000 -297340.875000 408.832234 5.633440 1.898550 4.010349 21.981704 0.000000 0.000000 8.528359
 8820.000000 -297382.843750 409.599926 5.649832 1.897551 4.115873 34.567814 0.000000 0.000000 13.411459
 8822.000000 -295809.000000 410.097013 5.644917 2.004378 4.074229 29.430889 0.000000 0.000000 11.418459
 8824.000000 -297227.375000 409.677614 5.500292 1.991321 4.025331 23.907262 0.000000 0.000000 9.275428
 8826.000000 -297187.531250 409.285357 5.600450 1.922884 4.085188 31.023855 0.000000 0.000000 12.036491
 8828.000000 -297254.625000 408.777352 5.602536 1.966124 3.996167 21.029575 0.000000 0.000000 8.158956
 8830.000000 -297997.468750 409.390742 5.642893 1.913136 3.987261 20.226768 0.000000 0.000000 7.847487
 8832.000000 -296503.593750 409.461637 5.571763 1.909597 4.032050 25.093584 0.000000 0.000000 9.735692
 8834.000000 -297254.656250 407.827078 5.623905 1.945873 3.991436 20.852496 0.000000 0.000000 8.090254
 8836.000000 -296783.125000 408.068232 5.564388 1.913005 4.089052 32.137760 0.000000 0.000000 12.468658
 8838.000000 -296531.156250 408.410919 5.548355 1.951524 4.070000 29.890105 0.000000 0.000000 11.596624
 8840.000000 -296427.781250 408.347208 5.516823 1.957303 4.066988 29.644659 0.000000 0.000000 11.501397
 8842.000000 -295387.312500 409.229393 5.594152 1.920567 3.997323 21.874313 0.000000 0.000000 8.486694
 8844.000000 -297291.500000 408.244178 5.611995 1.909338 3.991036 21.324852 0.000000 0.000000 8.273517
 8846.000000 -297597.406250 408.291679 5.558028 1.930660 4.004644 22.859875 0.000000 0.000000 8.869068
 8848.000000 -296640.593750 409.336448 5.648420 1.900088 3.979169 20.318187 0.000000 0.000000 7.882956
 8850.000000 -298266.468750 408.762353 5.573119 1.966335 4.067341 30.299993 0.000000 0.000000 11.755650
 8852.000000 -297850.343750 408.184747 5.594901 1.957908 4.008118 23.557331 0.000000 0.000000 9.139663
 8854.000000 -296916.281250 408.353904 5.574567 1.931052 4.017875 24.739247 0.000000 0.000000 9.598218
 8856.000000 -297417.125000 407.994190 5.574787 1.969884 4.001759 23.086573 0.000000 0.000000 8.957021
 8858.000000 -297424.750000 408.608782 5.494076 1.997596 3.932703 16.353655 0.000000 0.000000 6.344815
 8860.000000 -298105.562500 408.408382 5.545246 1.921519 3.954578 18.487536 0.000000 0.000000 7.172708
 8862.000000 -297219.687500 409.171968 5.581617 1.906637 3.969836 20.083661 0.000000 0.000000 7.791965
 8864.000000 -297992.250000 408.739417 5.589495 1.869597 3.940869 17.378873 0.000000 0.000000 6.742574
 8866.000000 -297691.031250 408.868974 5.560857 1.914165 3.893674 13.339453 0.000000 0.000000 5.175379
 8868.000000 -297181.531250 408.946134 5.583927 1.941223 3.949017 18.337774 0.000000 0.000000 7.114604
 8870.000000 -297337.843750 410.567448 5.587282 1.961217 3.956961 19.204151 0.000000 0.000000 7.450737
 8872.000000 -297184.375000 410.216529 5.618117 1.936895 3.975287 21.144592 0.000000 0.000000 8.203580
 8874.000000 -297992.312500 410.007022 5.644810 1.987696 4.019343 26.031116 0.000000 0.000000 10.099431
 8876.000000 -297691.062500 409.703462 5.686802 1.949325 3.913887 15.478064 0.000000 0.000000 6.005107
 8878.000000 -297302.781250 409.605906 5.687394 1.962381 3.909310 15.164988 0.000000 0.000000 5.883641
 8880.000000 -298289.250000 408.446432 5.664442 1.962813 3.907074 15.057518 0.000000 0.000000 5.841946
 8882.000000 -298155.750000 409.518174 5.687025 1.934100 3.955735 19.674857 0.000000 0.000000 7.633359
 8884.000000 -297036.781250 410.575436 5.684412 1.905184 3.943700 18.595529 0.000000 0.000000 7.214607
 8886.000000 -297123.406250 410.601092 5.665637 1.994449 3.960377 20.339138 0.000000 0.000000 7.891084
 8888.000000 -296947.468750 409.630266 5.580157 1.960902 3.894558 14.327676 0.000000 0.000000 5.558785
 8890.000000 -297211.437500 408.825391 5.653325 1.910345 3.929361 17.518298 0.000000 0.000000 6.796667
 8892.000000 -297189.781250 408.574847 5.659486 1.916024 3.885570 13.742343 0.000000 0.000000 5.331690
 8894.000000 -297096.156250 409.165113 5.686209 1.892395 3.896696 14.765898 0.000000 0.000000 5.728804
 8896.000000 -298660.718750 407.826324 5.671161 1.909268 3.954298 20.230424 0.000000 0.000000 7.848906
 8898.000000 -297333.468750 408.883324 5.648319 1.832148 4.005978 25.875656 0.000000 0.000000 10.039117
 8900.000000 -297239.968750 407.182461 5.696991 1.839705 3.950215 20.021556 0.000000 0.000000 7.767870
 8902.000000 -297782.406250 408.063313 5.711333 1.863198 3.933427 18.473009 0.000000 0.000000 7.167072
 8904.000000 -297961.343750 407.537736 5.716965 1.889234 3.975621 22.857446 0.000000 0.000000 8.868125
 8906.000000 -297942.843750 407.353168 5.701709 1.867085 3.866524 12.761914 0.000000 0.000000 4.951308
 8908.000000 -297042.656250 408.243776 5.735974 1.852556 3.851297 11.650758 0.000000 0.000000 4.520207
 8910.000000 -297394.093750 410.184495 5.636718 1.870426 3.812147 8.920942 0.000000 0.000000 3.461105
 8912.000000 -297221.875000 410.060102 5.693416 1.905901 3.889060 14.883331 0.000000 0.000000 5.774365
 8914.000000 -297464.906250 410.012620 5.706846 1.853653 3.851445 11.892311 0.000000 0.000000 4.613923
 8916.000000 -298871.437500 408.521664 5.692142 1.886254 3.780865 7.132053 0.000000 0.000000 2.767061
 8918.000000 -296190.906250 409.518474 5.726747 1.850836 3.801704 8.495833 0.000000 0.000000 3.296174
 8920.000000 -296567.218750 408.669302 5.723641 1.873536 3.856957 12.557705 0.000000 0.000000 4.872080
 8922.000000 -296868.937500 409.188679 5.754493 1.873595 3.827748 10.421917 0.000000 0.000000 4.043447
 8924.000000 -296985.406250 408.728463 5.724344 1.835908 3.795277 8.273944 0.000000 0.000000 3.210086
 8926.000000 -296201.750000 408.282749 5.676038 1.888983 3.788830 7.927264 0.000000 0.000000 3.075583
 8928.000000 -296825.375000 407.326169 5.704947 1.858605 3.757844 6.151835 0.000000 0.000000 2.386760
 8930.000000 -296178.281250 408.031717 5.643705 1.925118 3.785618 7.851155 0.000000 0.000000 3.046055
 8932.000000 -296066.312500 408.131550 5.680200 1.899591 3.817149 10.021668 0.000000 0.000000 3.888160
 8934.000000 -296981.375000 409.571924 5.681245 1.872280 3.824712 10.637023 0.000000 0.000000 4.126903
 8936.000000 -297406.687500 409.518474 5.705046 1.875511 3.824884 10.722620 0.000000 0.000000 4.160112
 8938.000000 -296161.593750 410.277576 5.698434 1.866452 3.804275 9.334890 0.000000 0.000000 3.621707
 8940.000000 -297618.656250 409.889366 5.701034 1.897759 3.850096 12.807699 0.000000 0.000000 4.969072
 8942.000000 -296576.500000 408.374086 5.737742 1.900705 3.894998 16.744360 0.000000 0.000000 6.496399
 8944.000000 -296855.937500 408.242860 5.766578 1.956599 3.906584 17.915713 0.000000 0.000000 6.950855
 8946.000000 -297822.187500 408.069508 5.674172 1.931522 3.820337 10.755830 0.000000 0.000000 4.172997
 8948.000000 -297468.906250 407.431775 5.720233 1.937615 3.754897 6.549208 0.000000 0.000000 2.540931
 8950.000000 -296830.468750 407.863389 5.657858 1.878254 3.815740 10.566194 0.000000 0.000000 4.099423
 8952.000000 -297273.250000 409.570918 5.707284 1.869357 3.812572 10.409241 0.000000 0.000000 4.038529
 8954.000000 -297015.937500 408.421564 5.706431 1.834832 3.831906 11.927835 0.000000 0.000000 4.627706
 8956.000000 -297572.031250 408.111551 5.639077 1.824053 3.883780 16.360602 0.000000 0.000000 6.347510
 8958.000000 -296626.531250 409.428092 5.633779 1.817335 3.866296 14.903624 0.000000 0.000000 5.782239
 8960.000000 -296579.625000 408.212748 5.652989 1.829353 3.851781 13.759858 0.000000 0.000000 5.338486
 8962.000000 -296296.281250 409.029436 5.680773 1.869631 3.814154 10.889521 0.000000 0.000000 4.224865
 8964.000000 -296722.281250 409.127536 5.641269 1.879154 3.778988 8.514334 0.000000 0.000000 3.303352
 8966.000000 -297184.625000 409.707762 5.657886 1.883272 3.812940 10.947537 0.000000 0.000000 4.247374
 8968.000000 -298945.531250 409.077834 5.537788 1.862986 3.785576 9.083871 0.000000 0.000000 3.524318
 8970.000000 -298322.531250 408.722013 5.624920 1.857060 3.797132 9.949840 0.000000 0.000000 3.860292
 8972.000000 -299388.968750 407.776108 5.544190 1.864964 3.777956 8.709119 0.000000 0.000000 3.378923
 8974.000000 -299377.625000 408.494072 5.533492 1.932094 3.779350 8.867804 0.000000 0.000000 3.440489
 8976.000000 -299357.062500 408.321534 5.530570 1.856206 3.769123 8.264028 0.000000 0.000000 3.206239
 8978.000000 -298796.718750 408.191819 5.626585 1.869932 3.812116 11.333828 0.000000 0.000000 4.397246
 8980.000000 -299469.687500 407.154375 5.549263 1.936949 3.805808 10.937788 0.000000 0.000000 4.243592
 8982.000000 -298237.500000 407.153723 5.506138 1.898059 3.826687 12.615638 0.000000 0.000000 4.894556
 8984.000000 -297357.718750 409.408704 5.559120 1.844037 3.810904 11.468862 0.000000 0.000000 4.449636
 8986.000000 -297058.718750 410.173737 5.554029 1.846396 3.810184 11.490056 0.000000 0.000000 4.457858
 8988.000000 -297548.906250 410.464962 5.534540 1.906264 3.897960 19.204083 0.000000 0.000000 7.450711
 8990.000000 -298180.843750 409.143637 5.536072 1.933401 3.871579 16.797564 0.000000 0.000000 6.517041
 8992.000000 -298588.156250 407.933770 5.524139 1.907015 3.814602 12.059230 0.000000 0.000000 4.678684
 8994.000000 -298936.968750 408.058587 5.540041 1.941132 3.869780 16.815956 0.000000 0.000000 6.524176
 8996.000000 -299185.500000 407.540448 5.423137 1.970783 3.816877 12.393451 0.000000 0.000000 4.808353
 8998.000000 -298751.531250 407.353686 5.484433 1.926194 3.850659 15.282716 0.000000 0.000000 5.929317
 9000.000000 -297452.750000 408.192745 5.545664 1.944675 3.796449 10.985230 0.000000 0.000000 4.261998
 9002.000000 -297948.593750 409.101916 5.519060 1.989307 3.777569 9.700077 0.000000 0.000000 3.763390
 9004.000000 -297685.437500 408.506442 5.546738 1.927682 3.857051 16.114701 0.000000 0.000000 6.252107
 9006.000000 -297480.156250 409.910350 5.520794 1.954448 3.880857 18.418286 0.000000 0.000000 7.145841
 9008.000000 -297291.875000 410.618462 5.556422 2.002165 3.884846 18.900155 0.000000 0.000000 7.332794
 9010.000000 -298350.187500 409.158910 5.572554 1.939082 3.880725 18.597973 0.000000 0.000000 7.215555
 9012.000000 -298896.750000 409.673516 5.535724 1.907774 3.865486 17.250260 0.000000 0.000000 6.692675
 9014.000000 -298837.375000 408.434547 5.554886 1.924277 3.847129 15.675917 0.000000 0.000000 6.081869
 9016.000000 -297979.593750 409.904595 5.492142 1.923305 3.858155 16.758673 0.000000 0.000000 6.501952
 9018.000000 -297799.531250 410.599104 5.477881 1.915657 3.844882 15.654093 0.000000 0.000000 6.073402
 9020.000000 -298001.031250 409.647039 5.485080 1.943230 3.849982 16.198340 0.000000 0.000000 6.284556
 9022.000000 -297267.593750 408.367732 5.481876 1.952407 3.785682 11.002503 0.000000 0.000000 4.268700
 9024.000000 -298060.062500 409.812667 5.523721 1.876437 3.826952 14.361097 0.000000 0.000000 5.571751
 9026.000000 -297545.281250 409.655295 5.536362 1.934949 3.835247 15.159535 0.000000 0.000000 5.881526
 9028.000000 -298154.437500 409.108274 5.476650 1.889448 3.779734 10.784993 0.000000 0.000000 4.184311
 9030.000000 -298385.718750 407.905612 5.487628 1.866936 3.797504 12.207374 0.000000 0.000000 4.736160
 9032.000000 -298369.250000 408.343685 5.516578 1.865493 3.818092 13.952172 0.000000 0.000000 5.413099
 9034.000000 -298239.812500 409.858377 5.464792 1.889664 3.823107 14.459081 0.000000 0.000000 5.609767
 9036.000000 -298293.531250 409.689106 5.422192 1.886761 3.768181 10.237423 0.000000 0.000000 3.971868
 9038.000000 -297256.437500 409.064319 5.467493 1.889352 3.712325 6.688934 0.000000 0.000000 2.595141
 9040.000000 -298103.562500 409.275343 5.463127 1.840834 3.751242 9.196504 0.000000 0.000000 3.568017
 9042.000000 -296845.906250 410.336474 5.532946 1.834875 3.697237 5.953434 0.000000 0.000000 2.309786
 9044.000000 -297134.031250 409.519189 5.479170 1.886228 3.822035 14.794992 0.000000 0.000000 5.740092
 9046.000000 -297095.250000 409.010496 5.576767 1.847324 3.667302 4.526864 0.000000 0.000000 1.756312
 9048.000000 -297242.593750 408.012634 5.582323 1.808725 3.625643 2.799123 0.000000 0.000000 1.085991
 9050.000000 -297265.875000 408.673449 5.604516 1.843503 3.627640 2.912361 0.000000 0.000000 1.129924
 9052.000000 -297925.937500 409.929074 5.657970 1.859653 3.681333 5.373381 0.000000 0.000000 2.084739
 9054.000000 -298184.062500 409.427448 5.644155 1.899293 3.736704 8.692495 0.000000 0.000000 3.372474
 9056.000000 -298638.906250 408.141168 5.590618 1.841525 3.667559 4.780418 0.000000 0.000000 1.854684
 9058.000000 -296574.312500 408.688072 5.556984 1.919347 3.650504 4.027731 0.000000 0.000000 1.562660
 9060.000000 -297200.812500 409.679408 5.567255 1.867007 3.745633 9.496697 0.000000 0.000000 3.684484
 9062.000000 -297723.062500 409.028022 5.525232 1.919719 3.692314 6.233656 0.000000 0.000000 2.418505
 9064.000000 -298045.531250 408.733097 5.508193 1.891868 3.680170 5.627006 0.000000 0.000000 2.183140
 9066.000000 -296953.343750 410.004573 5.575394 1.909702 3.692297 6.344816 0.000000 0.000000 2.461632
 9068.000000 -297391.125000 410.114870 5.530683 1.897231 3.735596 9.085247 0.000000 0.000000 3.524852
 9070.000000 -297276.218750 409.395557 5.551124 1.898745 3.676893 5.612318 0.000000 0.000000 2.177441
 9072.000000 -297725.656250 409.737158 5.551571 1.917272 3.699107 6.909440 0.000000 0.000000 2.680692
 9074.000000 -297303.000000 410.265413 5.579073 1.917845 3.666908 5.197307 0.000000 0.000000 2.016427
 9076.000000 -296948.750000 410.848521 5.640095 1.930666 3.722868 8.506511 0.000000 0.000000 3.300317
 9078.000000 -296489.593750 410.608861 5.584499 1.893773 3.715566 8.100508 0.000000 0.000000 3.142797
 9080.000000 -297341.187500 409.860381 5.502131 1.883744 3.705691 7.545520 0.000000 0.000000 2.927476
 9082.000000 -298013.687500 408.316128 5.515800 1.895891 3.726379 8.936416 0.000000 0.000000 3.467109
 9084.000000 -297727.343750 408.991114 5.543075 1.916844 3.833090 17.586568 0.000000 0.000000 6.823155
 9086.000000 -297916.562500 409.242437 5.492211 1.903526 3.848867 19.194927 0.000000 0.000000 7.447158
 9088.000000 -297729.750000 409.250852 5.488614 1.926405 3.798984 14.704791 0.000000 0.000000 5.705096
 9090.000000 -297160.812500 408.988360 5.516547 1.914624 3.764056 11.939445 0.000000 0.000000 4.632210
 9092.000000 -298404.687500 409.091150 5.504672 1.938592 3.786893 13.852209 0.000000 0.000000 5.374315
 9094.000000 -296827.750000 409.971335 5.537309 1.870403 3.744961 10.655188 0.000000 0.000000 4.133950
 9096.000000 -296980.000000 409.292587 5.543443 1.891803 3.735279 10.030871 0.000000 0.000000 3.891731
 9098.000000 -297238.781250 410.487641 5.530504 1.963862 3.683184 6.738689 0.000000 0.000000 2.614445
 9100.000000 -296451.062500 410.265813 5.587754 1.882551 3.724363 9.409412 0.000000 0.000000 3.650620
 9102.000000 -296661.562500 409.783841 5.592335 1.874410 3.685400 6.985632 0.000000 0.000000 2.710253
 9104.000000 -298045.406250 410.430560 5.522934 1.903289 3.672172 6.281662 0.000000 0.000000 2.437130
 9106.000000 -297703.281250 410.538379 5.546532 1.865637 3.665262 5.954809 0.000000 0.000000 2.310319
 9108.000000 -297355.875000 409.979859 5.545490 1.819825 3.702433 8.219732 0.000000 0.000000 3.189053
 9110.000000 -295905.062500 410.427461 5.582715 1.907586 3.666259 6.119455 0.000000 0.000000 2.374197
 9112.000000 -297395.656250 410.225607 5.576382 1.870178 3.620824 3.908329 0.000000 0.000000 1.516335
 9114.000000 -296721.937500 409.573477 5.620232 1.894980 3.634775 4.597216 0.000000 0.000000 1.783606
 9116.000000 -297285.000000 409.380214 5.612677 1.897576 3.672472 6.639646 0.000000 0.000000 2.576019
 9118.000000 -298010.250000 410.962050 5.661158 1.884662 3.661931 6.101303 0.000000 0.000000 2.367155
 9120.000000 -297825.437500 409.491141 5.585372 1.910784 3.652883 5.664882 0.000000 0.000000 2.197835
 9122.000000 -298762.312500 409.415814 5.575069 1.912442 3.741848 11.464614 0.000000 0.000000 4.447987
 9124.000000 -298675.562500 408.078767 5.573922 1.887385 3.659294 6.121403 0.000000 0.000000 2.374953
 9126.000000 -298104.625000 408.190508 5.598309 1.862193 3.747907 12.082881 0.000000 0.000000 4.687860
 9128.000000 -298357.437500 409.005030 5.583003 1.871125 3.752056 12.486394 0.000000 0.000000 4.844413
 9130.000000 -297545.406250 409.197261 5.665901 1.914747 3.719691 10.131096 0.000000 0.000000 3.930615
 9132.000000 -297252.843750 409.167044 5.614739 1.947085 3.724811 10.571401 0.000000 0.000000 4.101443
 9134.000000 -297148.781250 408.680119 5.585821 1.903848 3.731954 11.171714 0.000000 0.000000 4.334349
 9136.000000 -297328.437500 408.923536 5.626104 2.009043 3.696208 8.725757 0.000000 0.000000 3.385378
 9138.000000 -297275.343750 407.784205 5.639073 1.963907 3.796380 16.687808 0.000000 0.000000 6.474458
 9140.000000 -296612.781250 408.900401 5.597319 1.942492 3.772198 14.637431 0.000000 0.000000 5.678962
 9142.000000 -296717.687500 409.656724 5.597201 1.980533 3.777173 15.153023 0.000000 0.000000 5.878999
 9144.000000 -296648.218750 410.744059 5.633901 1.983853 3.779589 15.451875 0.000000 0.000000 5.994947
 9146.000000 -296592.625000 411.168890 5.597591 1.947110 3.720897 10.796959 0.000000 0.000000 4.188954
 9148.000000 -297198.656250 411.188359 5.694914 1.937085 3.673941 7.684334 0.000000 0.000000 2.981332
 9150.000000 -296896.093750 410.840360 5.694868 1.983433 3.709017 10.083229 0.000000 0.000000 3.912044
 9152.000000 -297383.500000 410.499736 5.657958 1.914564 3.729905 11.697203 0.000000 0.000000 4.538226
 9154.000000 -297167.812500 409.639902 5.565317 1.935351 3.731170 11.871095 0.000000 0.000000 4.605692
 9156.000000 -296729.718750 408.418965 5.575167 1.969319 3.731786 11.995952 0.000000 0.000000 4.654134
 9158.000000 -296807.062500 408.525531 5.562545 1.991287 3.800133 17.967683 0.000000 0.000000 6.971018
 9160.000000 -296827.000000 407.687478 5.538555 1.960618 3.771252 15.422235 0.000000 0.000000 5.983447
 9162.000000 -298249.187500 408.395253 5.614805 1.954481 3.834416 21.571288 0.000000 0.000000 8.369128
 9164.000000 -297179.937500 408.666295 5.599376 1.927628 3.748498 13.653611 0.000000 0.000000 5.297264
 9166.000000 -297734.093750 408.957474 5.684450 1.901516 3.816699 19.969924 0.000000 0.000000 7.747838
 9168.000000 -296798.312500 408.643201 5.610569 1.941473 3.766897 15.391066 0.000000 0.000000 5.971354
 9170.000000 -297721.687500 408.854711 5.670344 1.942932 3.730595 12.450002 0.000000 0.000000 4.830294
 9172.000000 -297373.093750 407.947476 5.626598 1.924932 3.713080 11.181079 0.000000 0.000000 4.337983
 9174.000000 -297538.562500 408.308506 5.638713 1.930409 3.740362 13.395737 0.000000 0.000000 5.197216
 9176.000000 -297244.281250 408.849286 5.581552 1.997327 3.744859 13.849413 0.000000 0.000000 5.373231
 9178.000000 -298076.406250 410.794050 5.600383 1.992686 3.681431 9.141589 0.000000 0.000000 3.546711
 9180.000000 -298572.187500 409.636373 5.593502 2.018497 3.694465 10.115017 0.000000 0.000000 3.924377
 9182.000000 -298038.156250 409.859721 5.523137 1.931403 3.732751 13.101867 0.000000 0.000000 5.083201
 9184.000000 -297478.312500 410.850120 5.505553 1.899663 3.734873 13.355713 0.000000 0.000000 5.181687
 9186.000000 -297801.312500 410.864397 5.535242 1.987382 3.769535 16.428971 0.000000 0.000000 6.374036
 9188.000000 -297306.187500 410.500530 5.543362 2.008421 3.701002 10.878255 0.000000 0.000000 4.220495
 9190.000000 -296790.875000 410.437808 5.524195 1.973085 3.725954 12.876429 0.000000 0.000000 4.995737
 9192.000000 -296341.000000 410.734535 5.537947 2.007662 3.696850 10.720168 0.000000 0.000000 4.159161
 9194.000000 -296657.500000 410.644115 5.573642 1.978532 3.699039 10.954869 0.000000 0.000000 4.250219
 9196.000000 -296364.718750 411.257568 5.585952 1.993068 3.652536 7.846045 0.000000 0.000000 3.044072
 9198.000000 -296721.843750 409.762473 5.557490 1.945517 3.660119 8.392860 0.000000 0.000000 3.256223
 9200.000000 -297210.125000 410.092621 5.614900 1.989355 3.674720 9.433882 0.000000 0.000000 3.660113
 9202.000000 -296065.562500 410.851776 5.592066 1.957626 3.760634 16.347397 0.000000 0.000000 6.342387
 9204.000000 -297158.468750 410.140756 5.550710 1.977466 3.718771 12.861754 0.000000 0.000000 4.990043
 9206.000000 -296904.906250 409.725443 5.496364 1.972843 3.765476 16.971784 0.000000 0.000000 6.584634
 9208.000000 -297080.093750 409.740784 5.568582 1.950222 3.742903 15.042743 0.000000 0.000000 5.836213
 9210.000000 -296787.875000 409.722674 5.623141 1.985266 3.734570 14.413450 0.000000 0.000000 5.592063
 9212.000000 -297746.437500 409.600129 5.573001 1.895333 3.775222 18.166266 0.000000 0.000000 7.048063
 9214.000000 -297708.562500 409.490559 5.564272 2.024610 3.705557 12.211481 0.000000 0.000000 4.737753
 9216.000000 -297992.500000 409.114634 5.596688 1.936736 3.725535 13.905727 0.000000 0.000000 5.395079
 9218.000000 -297718.218750 408.466893 5.605543 1.958400 3.776568 18.582860 0.000000 0.000000 7.209692
 9220.000000 -298755.812500 408.286444 5.593662 1.918906 3.744622 15.719623 0.000000 0.000000 6.098826
 9222.000000 -298629.343750 407.746502 5.550220 1.911520 3.723389 13.976988 0.000000 0.000000 5.422727
 9224.000000 -297866.687500 409.800920 5.543780 1.996472 3.765391 17.802999 0.000000 0.000000 6.907125
 9226.000000 -297673.593750 408.149982 5.573845 1.984086 3.743530 15.889237 0.000000 0.000000 6.164632
 9228.000000 -297746.187500 409.750998 5.595685 1.990951 3.778621 19.268920 0.000000 0.000000 7.475866
 9230.000000 -296594.843750 410.109634 5.542095 2.041490 3.783773 19.877458 0.000000 0.000000 7.711964
 9232.000000 -297563.812500 410.007209 5.495457 1.974470 3.748754 16.630689 0.000000 0.000000 6.452297
 9234.000000 -297271.375000 410.070190 5.522700 2.052817 3.796251 21.347007 0.000000 0.000000 8.282112
 9236.000000 -297504.843750 409.852675 5.514583 2.048314 3.781675 19.967552 0.000000 0.000000 7.746918
 9238.000000 -297829.468750 409.695825 5.538382 2.029909 3.738812 16.003670 0.000000 0.000000 6.209029
 9240.000000 -296830.218750 408.945008 5.547117 1.973253 3.746373 16.778666 0.000000 0.000000 6.509708
 9242.000000 -297183.218750 408.950201 5.536174 2.047242 3.747259 16.951879 0.000000 0.000000 6.576911
 9244.000000 -297911.593750 408.486821 5.502792 2.048861 3.734713 15.905565 0.000000 0.000000 6.170967
 9246.000000 -297292.000000 408.296248 5.529429 1.995017 3.766293 18.943675 0.000000 0.000000 7.349679
 9248.000000 -296919.562500 408.562469 5.503339 2.007637 3.688139 12.178832 0.000000 0.000000 4.725086
 9250.000000 -297240.093750 407.917769 5.493245 1.932291 3.657444 9.971795 0.000000 0.000000 3.868810
 9252.000000 -296717.500000 408.686272 5.495942 2.010821 3.711774 14.261443 0.000000 0.000000 5.533088
 9254.000000 -296681.343750 409.016511 5.551487 1.927799 3.715215 14.638898 0.000000 0.000000 5.679532
 9256.000000 -296965.000000 409.207184 5.512012 1.944349 3.756695 18.498737 0.000000 0.000000 7.177054
 9258.000000 -296792.125000 409.535562 5.545819 1.879955 3.780871 20.999281 0.000000 0.000000 8.147203
 9260.000000 -296148.031250 408.786392 5.494444 1.936094 3.789388 21.985781 0.000000 0.000000 8.529941
 9262.000000 -297104.062500 407.765938 5.437597 1.937501 3.808395 24.133454 0.000000 0.000000 9.363185
 9264.000000 -297329.375000 408.828531 5.515177 1.910186 3.819599 25.492726 0.000000 0.000000 9.890549
 9266.000000 -298252.125000 408.650854 5.446634 1.945906 3.849586 29.111186 0.000000 0.000000 11.294422
 9268.000000 -297274.406250 409.613159 5.462074 1.879445 3.776432 21.056778 0.000000 0.000000 8.169511
 9270.000000 -297234.875000 408.398193 5.454504 1.899894 3.798495 23.489688 0.000000 0.000000 9.113420
 9272.000000 -297382.750000 409.451906 5.509224 1.921960 3.722151 16.034002 0.000000 0.000000 6.220798
 9274.000000 -296080.468750 409.542446 5.481612 1.954978 3.810037 24.980234 0.000000 0.000000 9.691715
 9276.000000 -296769.937500 409.809749 5.539786 1.958349 3.799591 23.935741 0.000000 0.000000 9.286477
 9278.000000 -295893.906250 409.374328 5.525434 1.956636 3.735546 17.535581 0.000000 0.000000 6.803373
 9280.000000 -296609.781250 409.720458 5.481269 1.970796 3.642476 9.974097 0.000000 0.000000 3.869704
 9282.000000 -298204.281250 410.107561 5.513088 1.997313 3.738159 17.970207 0.000000 0.000000 6.971997
 9284.000000 -297746.843750 408.339129 5.501130 1.903638 3.693349 14.057364 0.000000 0.000000 5.453910
 9286.000000 -297381.562500 408.520012 5.490335 1.915228 3.769362 21.255322 0.000000 0.000000 8.246541
 9288.000000 -297200.500000 408.255671 5.457154 1.878735 3.674435 12.675079 0.000000 0.000000 4.917618
 9290.000000 -296917.937500 407.436346 5.533177 1.848343 3.715226 16.220357 0.000000 0.000000 6.293099
 9292.000000 -297422.781250 408.461879 5.490156 1.876469 3.748983 19.501422 0.000000 0.000000 7.566071
 9294.000000 -296914.687500 409.664400 5.500699 1.917471 3.830974 28.557396 0.000000 0.000000 11.079565
 9296.000000 -296592.593750 411.077758 5.443435 1.963828 3.815264 26.826712 0.000000 0.000000 10.408103
 9298.000000 -296752.093750 410.786232 5.522941 1.996928 3.842553 30.203099 0.000000 0.000000 11.718058
 9300.000000 -297966.468750 408.642712 5.510360 1.947755 3.832910 29.150221 0.000000 0.000000 11.309567
 9302.000000 -298020.312500 408.856973 5.442992 1.896308 3.800337 25.463129 0.000000 0.000000 9.879066
 9304.000000 -298555.843750 408.597077 5.456322 2.006808 3.799667 25.500381 0.000000 0.000000 9.893519
 9306.000000 -297390.468750 408.861459 5.512421 1.965580 3.792076 24.761535 0.000000 0.000000 9.606865
 9308.000000 -297325.031250 409.737752 5.468496 1.957667 3.734886 18.904063 0.000000 0.000000 7.334310
 9310.000000 -296468.843750 410.338742 5.463961 2.010565 3.749605 20.463143 0.000000 0.000000 7.939195
 9312.000000 -298051.250000 409.741920 5.493728 1.937460 3.730411 18.664157 0.000000 0.000000 7.241233
 9314.000000 -298050.343750 410.200506 5.507709 1.929893 3.701294 16.046814 0.000000 0.000000 6.225768
 9316.000000 -297995.687500 410.070400 5.458336 1.936201 3.756872 21.514860 0.000000 0.000000 8.347235
 9318.000000 -296666.906250 410.852349 5.473282 1.938963 3.745635 20.466227 0.000000 0.000000 7.940391
 9320.000000 -297432.187500 410.218709 5.506328 1.953388 3.738871 19.887215 0.000000 0.000000 7.715749
 9322.000000 -296836.031250 408.749548 5.452362 1.975768 3.752574 21.380428 0.000000 0.000000 8.295079
 9324.000000 -297115.937500 408.442699 5.486928 1.965945 3.688646 15.369113 0.000000 0.000000 5.962837
 9326.000000 -296779.062500 409.119779 5.513571 1.911311 3.711028 17.487074 0.000000 0.000000 6.784553
 9328.000000 -296263.218750 410.496858 5.501680 1.879136 3.704594 16.982686 0.000000 0.000000 6.588863
 9330.000000 -295927.000000 410.406327 5.546761 1.962792 3.728916 19.396247 0.000000 0.000000 7.525265
 9332.000000 -296345.750000 410.043626 5.561027 1.895878 3.673470 14.404985 0.000000 0.000000 5.588779
 9334.000000 -296851.562500 411.013659 5.558626 1.986852 3.684248 15.421908 0.000000 0.000000 5.983320
 9336.000000 -297225.781250 411.913354 5.599222 1.945665 3.727527 19.555175 0.000000 0.000000 7.586926
 9338.000000 -295745.218750 412.586821 5.565956 1.953007 3.708019 17.767885 0.000000 0.000000 6.893501
 9340.000000 -296290.562500 411.696702 5.481866 1.991439 3.695962 16.741066 0.000000 0.000000 6.495121
 9342.000000 -296528.593750 412.352937 5.528768 1.946891 3.703954 17.573779 0.000000 0.000000 6.818193
 9344.000000 -296817.937500 411.321915 5.555587 1.925824 3.707652 18.016958 0.000000 0.000000 6.990135
 9346.000000 -296700.968750 410.352582 5.549440 1.920026 3.692837 16.729621 0.000000 0.000000 6.490680
 9348.000000 -297374.000000 410.788311 5.492125 1.927203 3.668888 14.696565 0.000000 0.000000 5.701905
 9350.000000 -296891.031250 410.316330 5.499343 1.956491 3.668524 14.751112 0.000000 0.000000 5.723068
 9352.000000 -296291.718750 409.620291 5.582175 1.939829 3.607537 10.049188 0.000000 0.000000 3.898837
 9354.000000 -297684.468750 410.602249 5.551311 1.944149 3.574159 7.885077 0.000000 0.000000 3.059215
 9356.000000 -295931.156250 410.688757 5.568371 1.951515 3.639743 12.620092 0.000000 0.000000 4.896284
 9358.000000 -296534.812500 411.049699 5.565637 1.994206 3.619057 11.104748 0.000000 0.000000 4.308368
 9360.000000 -296974.031250 409.558561 5.520144 1.952965 3.665164 14.892273 0.000000 0.000000 5.777835
 9362.000000 -296341.625000 410.217154 5.553623 2.033496 3.710123 19.122186 0.000000 0.000000 7.418937
 9364.000000 -296578.031250 409.756876 5.533065 2.030365 3.766551 25.149762 0.000000 0.000000 9.757487
 9366.000000 -296313.062500 409.768374 5.523609 1.990050 3.666163 15.239385 0.000000 0.000000 5.912505
 9368.000000 -296532.937500 410.399016 5.496618 2.017131 3.671204 15.771199 0.000000 0.000000 6.118836
 9370.000000 -296673.062500 410.120574 5.525452 2.010468 3.679880 16.642209 0.000000 0.000000 6.456767
 9372.000000 -296757.968750 410.540092 5.517948 1.955488 3.676649 16.439248 0.000000 0.000000 6.378023
 9374.000000 -296925.187500 410.014741 5.492428 1.942620 3.704141 19.123889 0.000000 0.000000 7.419597
 9376.000000 -297246.937500 409.209020 5.524191 1.902445 3.657873 14.953513 0.000000 0.000000 5.801594
 9378.000000 -297721.468750 410.914580 5.549925 1.901148 3.650183 14.380611 0.000000 0.000000 5.579322
 9380.000000 -296085.781250 410.398841 5.487846 1.912105 3.660136 15.324371 0.000000 0.000000 5.945478
 9382.000000 -296752.125000 409.891567 5.492922 1.954141 3.713524 20.454978 0.000000 0.000000 7.936027
 9384.000000 -296910.500000 408.517158 5.502775 1.944428 3.663873 15.830698 0.000000 0.000000 6.141921
 9386.000000 -296396.500000 409.091050 5.515648 2.005574 3.712895 20.593814 0.000000 0.000000 7.989892
 9388.000000 -296313.781250 411.730319 5.567988 2.013432 3.709984 20.400392 0.000000 0.000000 7.914849
 9390.000000 -296919.468750 410.961947 5.518052 1.940444 3.685610 18.107992 0.000000 0.000000 7.025454
 9392.000000 -296275.718750 412.029048 5.557576 1.975153 3.650154 14.977787 0.000000 0.000000 5.811012
 9394.000000 -296876.531250 411.546317 5.612810 1.923928 3.640736 14.258239 0.000000 0.000000 5.531845
 9396.000000 -298141.500000 410.707282 5.569281 1.906290 3.653190 15.416803 0.000000 0.000000 5.981339
 9398.000000 -297360.687500 410.925676 5.537273 1.914560 3.636377 14.059694 0.000000 0.000000 5.454815
 9400.000000 -296844.093750 411.110460 5.520110 1.955792 3.658593 16.073632 0.000000 0.000000 6.236173
 9402.000000 -296468.125000 411.592111 5.485037 1.954137 3.631448 13.815228 0.000000 0.000000 5.359968
 9404.000000 -297578.500000 411.328373 5.485144 1.959378 3.626475 13.487001 0.000000 0.000000 5.232624
 9406.000000 -296662.687500 411.758848 5.499839 1.980779 3.662980 16.742708 0.000000 0.000000 6.495758
 9408.000000 -296996.437500 411.303540 5.507780 1.929067 3.614165 12.653588 0.000000 0.000000 4.909280
 9410.000000 -296724.187500 411.614367 5.528966 1.929689 3.587513 10.695461 0.000000 0.000000 4.149575
 9412.000000 -296229.500000 411.541705 5.572279 2.016904 3.625516 13.737824 0.000000 0.000000 5.329937
 9414.000000 -295410.906250 410.509038 5.501363 1.996871 3.514248 6.118818 0.000000 0.000000 2.373950
 9416.000000 -296561.937500 409.996002 5.461874 1.997183 3.560518 9.012716 0.000000 0.000000 3.496712
 9418.000000 -296866.437500 409.627536 5.519165 2.024515 3.431271 2.459511 0.000000 0.000000 0.954230
 9420.000000 -297041.031250 409.003420 5.500246 1.995607 3.487333 4.867560 0.000000 0.000000 1.888493
 9422.000000 -298051.000000 408.519841 5.456464 1.983427 3.524479 6.931295 0.000000 0.000000 2.689172
 9424.000000 -298046.437500 409.344367 5.439026 1.948532 3.548796 8.501841 0.000000 0.000000 3.298505
 9426.000000 -296869.968750 409.983934 5.543069 2.011270 3.548666 8.558607 0.000000 0.000000 3.320528
 9428.000000 -297642.343750 408.553302 5.439351 2.031238 3.490824 5.244119 0.000000 0.000000 2.034589
 9430.000000 -297658.843750 409.813491 5.373154 1.997052 3.492856 5.400521 0.000000 0.000000 2.095269
 9432.000000 -298015.781250 409.349123 5.333001 2.041564 3.501564 5.916744 0.000000 0.000000 2.295551
 9434.000000 -297569.656250 409.032337 5.401544 2.043641 3.556780 9.369409 0.000000 0.000000 3.635100
 9436.000000 -297773.312500 409.225937 5.373246 2.080302 3.472179 4.520998 0.000000 0.000000 1.754036
 9438.000000 -297215.500000 408.399033 5.498141 2.091365 3.460930 4.046861 0.000000 0.000000 1.570082
 9440.000000 -296378.718750 409.151307 5.473630 2.077219 3.514510 6.874344 0.000000 0.000000 2.667076
 9442.000000 -298750.218750 410.037877 5.433055 2.089045 3.485722 5.341727 0.000000 0.000000 2.072458
 9444.000000 -297058.093750 411.071048 5.450394 2.057577 3.574135 10.961985 0.000000 0.000000 4.252980
 9446.000000 -296997.593750 409.444885 5.498458 2.018546 3.567948 10.581374 0.000000 0.000000 4.105312
 9448.000000 -297016.343750 410.186734 5.463515 1.987356 3.535081 8.390402 0.000000 0.000000 3.255269
 9450.000000 -297720.687500 410.278200 5.515040 1.978915 3.626620 15.454570 0.000000 0.000000 5.995992
 9452.000000 -297559.968750 409.577006 5.474929 1.996007 3.554017 9.801180 0.000000 0.000000 3.802616
 9454.000000 -296941.468750 408.994334 5.439934 2.074532 3.601154 13.460662 0.000000 0.000000 5.222405
 9456.000000 -295408.937500 408.460495 5.479155 1.998496 3.601992 13.611846 0.000000 0.000000 5.281060
 9458.000000 -295915.218750 409.416177 5.400034 1.944096 3.578795 11.842233 0.000000 0.000000 4.594494
 9460.000000 -296395.218750 408.756069 5.375255 2.006058 3.522129 7.946134 0.000000 0.000000 3.082904
 9462.000000 -296849.718750 409.465294 5.390229 2.006740 3.481457 5.642251 0.000000 0.000000 2.189054
 9464.000000 -297609.156250 410.496174 5.441323 1.966738 3.530227 8.595368 0.000000 0.000000 3.334791
 9466.000000 -296860.781250 410.957586 5.459023 1.888194 3.599688 13.835179 0.000000 0.000000 5.367708
 9468.000000 -296668.625000 411.747594 5.402791 1.955424 3.577151 12.101906 0.000000 0.000000 4.695241
 9470.000000 -295454.000000 411.991425 5.443016 1.964004 3.586154 12.892519 0.000000 0.000000 5.001979
 9472.000000 -295725.312500 410.770020 5.425008 1.960441 3.615433 15.438106 0.000000 0.000000 5.989604
 9474.000000 -296522.437500 411.254561 5.488507 1.883713 3.565534 11.440862 0.000000 0.000000 4.438772
 9476.000000 -297755.000000 409.957694 5.464259 1.972964 3.601151 14.377909 0.000000 0.000000 5.578274
 9478.000000 -297607.968750 408.447164 5.464977 1.923872 3.579879 12.710447 0.000000 0.000000 4.931340
 9480.000000 -297187.968750 409.410922 5.522636 1.974180 3.625793 16.725564 0.000000 0.000000 6.489106
 9482.000000 -297418.656250 409.858098 5.418722 1.902225 3.622065 16.477042 0.000000 0.000000 6.392686
 9484.000000 -296884.093750 410.139253 5.403348 1.928061 3.578119 12.809546 0.000000 0.000000 4.969788
 9486.000000 -296598.562500 410.242026 5.405883 1.897134 3.538503 9.905517 0.000000 0.000000 3.843096
 9488.000000 -296919.468750 410.988915 5.508028 1.889026 3.604132 15.149521 0.000000 0.000000 5.877641
 9490.000000 -297272.750000 410.142184 5.509541 1.914556 3.601073 14.970849 0.000000 0.000000 5.808320
 9492.000000 -296396.281250 410.465541 5.513777 1.942571 3.660197 20.624502 0.000000 0.000000 8.001798
 9494.000000 -297034.406250 409.854112 5.497336 1.933078 3.600662 15.108629 0.000000 0.000000 5.861775
 9496.000000 -295909.500000 409.828124 5.469580 1.980879 3.586967 14.025346 0.000000 0.000000 5.441488
 9498.000000 -296397.187500 410.192196 5.507084 2.009851 3.644457 19.351083 0.000000 0.000000 7.507743
 9500.000000 -297066.718750 409.759841 5.496018 1.975710 3.629302 17.983723 0.000000 0.000000 6.977241
 9502.000000 -296688.187500 409.640007 5.499393 2.009599 3.611091 16.388708 0.000000 0.000000 6.358415
 9504.000000 -296735.125000 410.145920 5.490755 2.009614 3.645576 19.758316 0.000000 0.000000 7.665739
 9506.000000 -296048.937500 408.587392 5.478878 1.996944 3.701791 25.854319 0.000000 0.000000 10.030838
 9508.000000 -296912.812500 409.594690 5.449149 2.001728 3.647274 20.127583 0.000000 0.000000 7.809006
 9510.000000 -296284.906250 408.507183 5.499118 2.013387 3.641782 19.679489 0.000000 0.000000 7.635156
 9512.000000 -296952.656250 409.974405 5.441410 1.978760 3.652256 20.834125 0.000000 0.000000 8.083127
 9514.000000 -296717.687500 409.343389 5.425071 1.951686 3.647078 20.409921 0.000000 0.000000 7.918546
 9516.000000 -298243.031250 410.485229 5.467913 2.058366 3.657850 21.616357 0.000000 0.000000 8.386614
 9518.000000 -296049.875000 410.904284 5.527352 2.047311 3.722112 28.933618 0.000000 0.000000 11.225530
 9520.000000 -296746.281250 411.640757 5.500053 2.048634 3.688334 25.125424 0.000000 0.000000 9.748045
 9522.000000 -296695.031250 410.086415 5.440425 2.003511 3.653840 21.511526 0.000000 0.000000 8.345941
 9524.000000 -296688.156250 409.921682 5.473338 2.027666 3.631788 19.383575 0.000000 0.000000 7.520349
 9526.000000 -296992.687500 409.927289 5.432066 2.050645 3.607088 17.120662 0.000000 0.000000 6.642395
 9528.000000 -296421.312500 409.320590 5.478240 2.038204 3.685565 25.263630 0.000000 0.000000 9.801665
 9530.000000 -297785.500000 408.327065 5.443164 2.036507 3.668402 23.479636 0.000000 0.000000 9.109520
 9532.000000 -297515.187500 409.544227 5.527602 1.964145 3.638635 20.466154 0.000000 0.000000 7.940363
 9534.000000 -296526.843750 411.036681 5.495664 2.054053 3.644589 21.175691 0.000000 0.000000 8.215646
 9536.000000 -297293.281250 410.519414 5.500734 1.984949 3.611072 17.961982 0.000000 0.000000 6.968806
 9538.000000 -297202.968750 410.580677 5.446865 1.987204 3.690815 26.428717 0.000000 0.000000 10.253691
 9540.000000 -297900.687500 410.235696 5.434920 2.018233 3.667444 23.919614 0.000000 0.000000 9.280220
 9542.000000 -297279.625000 409.863738 5.432654 2.056844 3.721758 30.351265 0.000000 0.000000 11.775542
 9544.000000 -297798.093750 409.714259 5.488761 2.030711 3.707345 28.721429 0.000000 0.000000 11.143206
 9546.000000 -298211.312500 408.565050 5.469202 1.996287 3.661815 23.633049 0.000000 0.000000 9.169040
 9548.000000 -298001.125000 410.445872 5.500133 1.951156 3.650574 22.532928 0.000000 0.000000 8.742220
 9550.000000 -297731.687500 410.574520 5.499056 2.039324 3.645256 22.076921 0.000000 0.000000 8.565301
 9552.000000 -297525.281250 410.911014 5.582105 2.013310 3.734259 32.545468 0.000000 0.000000 12.626839
 9554.000000 -298348.593750 410.852378 5.489888 2.048742 3.717723 30.593874 0.000000 0.000000 11.869669
 9556.000000 -297052.625000 410.925179 5.504595 2.042226 3.722763 31.345401 0.000000 0.000000 12.161243
 9558.000000 -297292.062500 410.150696 5.502543 2.085058 3.656442 23.701205 0.000000 0.000000 9.195483
 9560.000000 -296923.000000 410.625482 5.476539 2.021445 3.673650 25.724766 0.000000 0.000000 9.980575
 9562.000000 -296667.906250 410.523400 5.463955 1.995971 3.622411 20.342536 0.000000 0.000000 7.892402
 9564.000000 -297354.500000 410.864655 5.574135 1.950226 3.633260 21.555099 0.000000 0.000000 8.362847
 9566.000000 -298245.187500 410.350064 5.497933 1.927511 3.635307 21.872632 0.000000 0.000000 8.486042
 9568.000000 -298029.781250 408.141885 5.491085 1.931899 3.562689 15.024127 0.000000 0.000000 5.828991
 9570.000000 -297748.468750 408.514261 5.459118 1.935632 3.635413 22.093364 0.000000 0.000000 8.571680
 9572.000000 -297235.156250 409.991012 5.453933 1.942517 3.628953 21.523252 0.000000 0.000000 8.350491
 9574.000000 -297001.156250 410.421583 5.427650 1.908128 3.669848 26.088790 0.000000 0.000000 10.121807
 9576.000000 -296080.250000 410.912429 5.529102 1.936559 3.645508 23.491182 0.000000 0.000000 9.113999
 9578.000000 -296860.812500 409.802815 5.494103 1.905468 3.590265 17.980243 0.000000 0.000000 6.975891
 9580.000000 -296373.593750 409.757881 5.523486 1.952177 3.673933 26.904245 0.000000 0.000000 10.438184
 9582.000000 -296602.593750 410.116703 5.562824 1.932695 3.579756 17.182480 0.000000 0.000000 6.666379
 9584.000000 -296542.875000 409.997329 5.496019 1.989847 3.636859 22.989968 0.000000 0.000000 8.919541
 9586.000000 -296553.468750 410.177490 5.474895 1.955932 3.630172 22.384352 0.000000 0.000000 8.684577
 9588.000000 -298161.125000 409.768555 5.562743 1.920375 3.573465 16.878844 0.000000 0.000000 6.548575
 9590.000000 -296895.468750 409.617951 5.471418 1.962603 3.682131 28.456770 0.000000 0.000000 11.040525
 9592.000000 -297808.812500 409.350007 5.462882 1.930810 3.635023 23.222610 0.000000 0.000000 9.009800
 9594.000000 -297772.750000 409.652806 5.455140 1.954865 3.609401 20.645244 0.000000 0.000000 8.009845
 9596.000000 -297701.625000 409.654130 5.504283 1.918125 3.604564 20.257185 0.000000 0.000000 7.859288
 9598.000000 -297299.375000 410.251627 5.460960 1.935500 3.649363 25.128623 0.000000 0.000000 9.749286
 9600.000000 -296001.875000 409.919083 5.522103 1.977805 3.618419 21.884313 0.000000 0.000000 8.490574
 9602.000000 -297549.656250 408.728853 5.515906 2.012491 3.638714 24.168522 0.000000 0.000000 9.376790
 9604.000000 -296093.843750 408.664887 5.505290 1.969299 3.578204 18.069400 0.000000 0.000000 7.010482
 9606.000000 -297720.343750 408.305526 5.469032 1.887481 3.542876 14.953782 0.000000 0.000000 5.801699
 9608.000000 -298142.031250 409.012189 5.401761 1.917860 3.565534 17.069424 0.000000 0.000000 6.622515
 9610.000000 -296854.656250 409.883782 5.468558 1.881674 3.565788 17.185464 0.000000 0.000000 6.667536
 9612.000000 -297688.406250 409.924323 5.439474 1.865323 3.552891 16.100322 0.000000 0.000000 6.246528
 9614.000000 -296872.093750 408.984529 5.391534 1.898040 3.443407 7.837959 0.000000 0.000000 3.040935
 9616.000000 -297375.343750 409.266262 5.449936 1.924410 3.533271 14.558228 0.000000 0.000000 5.648234
 9618.000000 -298852.781250 408.363521 5.427973 1.916642 3.517042 13.287940 0.000000 0.000000 5.155393
 9620.000000 -297844.125000 409.272124 5.418637 1.860309 3.507169 12.574484 0.000000 0.000000 4.878590
 9622.000000 -297694.031250 409.554962 5.457555 1.944883 3.511967 13.038486 0.000000 0.000000 5.058611
 9624.000000 -297356.281250 409.742722 5.389608 1.897233 3.471987 10.081053 0.000000 0.000000 3.911200
 9626.000000 -297477.500000 409.607405 5.396003 1.916820 3.490565 11.518964 0.000000 0.000000 4.469074
 9628.000000 -297031.375000 409.410208 5.399983 1.933822 3.528373 14.652380 0.000000 0.000000 5.684762
 9630.000000 -298246.750000 408.672346 5.410703 1.908059 3.451583 8.883336 0.000000 0.000000 3.446515
 9632.000000 -296739.968750 409.881355 5.441429 1.892197 3.441593 8.294244 0.000000 0.000000 3.217962
 9634.000000 -296728.250000 410.539679 5.432743 1.971430 3.415228 6.741246 0.000000 0.000000 2.615437
 9636.000000 -297248.625000 410.613964 5.392187 1.922067 3.456163 9.395681 0.000000 0.000000 3.645292
 9638.000000 -296823.812500 409.223901 5.380054 1.942100 3.564848 18.417449 0.000000 0.000000 7.145516
 9640.000000 -297349.875000 409.116921 5.365857 1.953592 3.518492 14.322089 0.000000 0.000000 5.556617
 9642.000000 -298378.062500 408.016447 5.334763 1.938806 3.538434 16.149092 0.000000 0.000000 6.265449
 9644.000000 -298179.187500 408.996531 5.322875 1.857254 3.590665 21.286500 0.000000 0.000000 8.258637
 9646.000000 -297384.437500 408.688790 5.298378 1.858121 3.500919 13.115419 0.000000 0.000000 5.088459
 9648.000000 -297067.531250 410.972708 5.320444 1.924614 3.497093 12.887550 0.000000 0.000000 5.000052
 9650.000000 -296002.593750 409.906717 5.307571 1.870229 3.516369 14.566603 0.000000 0.000000 5.651483
 9652.000000 -296964.843750 410.848981 5.349741 1.891175 3.565415 19.150725 0.000000 0.000000 7.430009
 9654.000000 -296598.968750 410.029558 5.371099 1.845750 3.543535 17.162022 0.000000 0.000000 6.658441
 9656.000000 -296619.218750 409.562484 5.452894 1.863887 3.423788 7.924642 0.000000 0.000000 3.074566
 9658.000000 -297346.468750 410.365406 5.378813 1.892050 3.499192 13.463723 0.000000 0.000000 5.223592
 9660.000000 -296816.312500 409.859461 5.401015 1.899828 3.474092 11.558957 0.000000 0.000000 4.484590
 9662.000000 -297338.093750 410.471384 5.413804 1.843730 3.464243 10.896050 0.000000 0.000000 4.227399
 9664.000000 -297140.218750 410.477658 5.372717 1.793286 3.478852 12.078633 0.000000 0.000000 4.686212
 9666.000000 -296165.937500 410.843001 5.416764 1.836860 3.516060 15.230322 0.000000 0.000000 5.908989
 9668.000000 -296703.656250 410.589628 5.386437 1.923995 3.496017 13.613906 0.000000 0.000000 5.281860
 9670.000000 -297836.843750 410.038487 5.469266 1.941460 3.483872 12.709939 0.000000 0.000000 4.931143
 9672.000000 -297815.843750 410.811164 5.460241 1.889626 3.493219 13.548134 0.000000 0.000000 5.256342
 9674.000000 -297600.312500 409.832929 5.482140 1.911602 3.535790 17.371551 0.000000 0.000000 6.739733
 9676.000000 -297334.906250 411.513172 5.440185 1.896779 3.512126 15.323524 0.000000 0.000000 5.945149
 9678.000000 -297601.562500 411.823317 5.479879 1.991706 3.555536 19.457337 0.000000 0.000000 7.548967
 9680.000000 -297621.718750 410.150873 5.450992 1.946688 3.592256 23.355676 0.000000 0.000000 9.061426
 9682.000000 -297043.687500 409.842429 5.481272 1.949925 3.572646 21.387912 0.000000 0.000000 8.297983
 9684.000000 -297579.500000 408.240058 5.487912 1.938918 3.559320 20.132224 0.000000 0.000000 7.810806
 9686.000000 -297200.656250 409.785042 5.456715 1.913195 3.512715 15.816685 0.000000 0.000000 6.136484
 9688.000000 -296974.187500 409.147048 5.372387 1.859883 3.552943 19.695432 0.000000 0.000000 7.641342
 9690.000000 -296747.593750 408.024070 5.464438 1.883793 3.494178 14.380181 0.000000 0.000000 5.579155
 9692.000000 -296389.593750 408.105132 5.473358 1.916805 3.476224 12.978548 0.000000 0.000000 5.035356
 9694.000000 -298000.500000 409.537101 5.423959 1.898626 3.491796 14.347862 0.000000 0.000000 5.566616
 9696.000000 -297342.625000 410.364934 5.472819 1.928922 3.510325 16.049559 0.000000 0.000000 6.226833
 9698.000000 -296852.843750 409.403251 5.506298 2.021209 3.467523 12.523322 0.000000 0.000000 4.858740
 9700.000000 -296972.531250 410.666271 5.439386 2.027485 3.522620 17.355729 0.000000 0.000000 6.733595
 9702.000000 -297313.875000 410.312740 5.501364 1.967564 3.450906 11.393402 0.000000 0.000000 4.420359
 9704.000000 -297203.062500 408.668239 5.488227 1.996625 3.462468 12.361297 0.000000 0.000000 4.795878
 9706.000000 -296578.343750 409.296915 5.555556 1.979225 3.450247 11.494871 0.000000 0.000000 4.459726
 9708.000000 -296478.750000 410.538358 5.583263 1.979002 3.488127 14.631322 0.000000 0.000000 5.676592
 9710.000000 -296754.343750 410.834987 5.537331 1.966328 3.435366 10.539045 0.000000 0.000000 4.088889
 9712.000000 -296870.406250 410.381132 5.575035 1.952162 3.422213 9.675293 0.000000 0.000000 3.753775
 9714.000000 -296286.562500 410.669378 5.575842 1.967188 3.448276 11.649210 0.000000 0.000000 4.519606
 9716.000000 -297396.125000 412.307275 5.627161 2.018073 3.476592 13.993938 0.000000 0.000000 5.429303
 9718.000000 -296806.781250 411.957114 5.616086 2.037508 3.383447 7.347569 0.000000 0.000000 2.850676
 9720.000000 -297424.218750 410.361250 5.569945 2.014624 3.375758 6.947718 0.000000 0.000000 2.695543
 9722.000000 -298810.531250 408.095294 5.581056 2.027697 3.389128 7.820475 0.000000 0.000000 3.034151
 9724.000000 -298347.125000 408.418496 5.511962 2.104239 3.394048 8.195049 0.000000 0.000000 3.179477
 9726.000000 -297774.875000 410.240027 5.519702 2.107455 3.415100 9.667482 0.000000 0.000000 3.750745
 9728.000000 -296964.062500 409.915895 5.529647 2.098720 3.420995 10.152742 0.000000 0.000000 3.939014
 9730.000000 -297753.375000 409.244122 5.541864 2.047269 3.386859 7.929115 0.000000 0.000000 3.076301
 9732.000000 -297395.718750 409.052692 5.492368 2.067192 3.408784 9.438314 0.000000 0.000000 3.661833
 9734.000000 -297627.281250 409.465022 5.503541 2.059485 3.397248 8.728357 0.000000 0.000000 3.386387
 9736.000000 -297991.468750 409.739062 5.479328 2.105685 3.487022 15.755060 0.000000 0.000000 6.112575
 9738.000000 -297818.906250 407.943270 5.481318 2.114503 3.497268 16.769015 0.000000 0.000000 6.505964
 9740.000000 -298286.437500 409.813010 5.606396 2.114453 3.483145 15.588948 0.000000 0.000000 6.048127
 9742.000000 -299323.937500 408.887673 5.572189 2.032996 3.429746 11.306007 0.000000 0.000000 4.386452
 9744.000000 -298855.312500 408.867953 5.554342 2.045675 3.379535 7.908750 0.000000 0.000000 3.068400
 9746.000000 -298053.312500 407.785556 5.559978 2.011203 3.445651 12.692339 0.000000 0.000000 4.924314
 9748.000000 -296807.968750 409.082609 5.527827 2.092408 3.486932 16.284031 0.000000 0.000000 6.317802
 9750.000000 -298275.937500 409.031670 5.605325 2.094484 3.485350 16.231483 0.000000 0.000000 6.297415
 9752.000000 -297983.593750 409.087505 5.592917 2.036485 3.437719 12.302445 0.000000 0.000000 4.773045
 9754.000000 -297885.406250 408.711680 5.544693 1.992287 3.506547 18.388569 0.000000 0.000000 7.134311
 9756.000000 -296943.875000 408.559813 5.561312 2.049986 3.535652 21.388480 0.000000 0.000000 8.298203
 9758.000000 -297470.781250 408.742263 5.557322 2.060112 3.501021 18.052014 0.000000 0.000000 7.003736
 9760.000000 -297004.906250 410.021569 5.574885 2.091461 3.530613 21.075429 0.000000 0.000000 8.176747
 9762.000000 -297336.531250 409.270207 5.543545 2.078524 3.477733 16.086176 0.000000 0.000000 6.241040
 9764.000000 -296325.375000 409.622123 5.527670 2.120689 3.475085 15.938734 0.000000 0.000000 6.183836
 9766.000000 -297080.968750 408.955962 5.512154 2.144374 3.466462 15.265499 0.000000 0.000000 5.922637
 9768.000000 -297691.406250 408.982407 5.538086 2.129978 3.392734 9.572698 0.000000 0.000000 3.713971
 9770.000000 -296492.812500 408.623040 5.566081 2.034633 3.393895 9.722814 0.000000 0.000000 3.772212
 9772.000000 -297038.906250 408.996995 5.531565 2.082649 3.373837 8.439428 0.000000 0.000000 3.274290
 9774.000000 -296752.312500 410.215699 5.551784 2.066139 3.367378 8.088511 0.000000 0.000000 3.138143
 9776.000000 -297635.093750 410.251445 5.510578 2.076309 3.345682 6.825923 0.000000 0.000000 2.648290
 9778.000000 -297817.187500 410.024146 5.503117 2.136319 3.394215 10.026356 0.000000 0.000000 3.889979
 9780.000000 -296841.687500 409.856119 5.471749 2.120339 3.449761 14.429716 0.000000 0.000000 5.598374
 9782.000000 -296427.187500 409.513698 5.456129 2.168337 3.345014 6.962798 0.000000 0.000000 2.701394
 9784.000000 -296369.937500 410.134067 5.523847 2.176516 3.473873 16.732840 0.000000 0.000000 6.491929
 9786.000000 -297006.718750 410.169140 5.517500 2.123728 3.439768 13.841842 0.000000 0.000000 5.370293
 9788.000000 -297742.187500 410.821721 5.379494 2.184063 3.362991 8.255539 0.000000 0.000000 3.202945
 9790.000000 -298145.750000 410.009474 5.482692 2.214262 3.394364 10.466442 0.000000 0.000000 4.060721
 9792.000000 -296648.281250 410.982301 5.488525 2.189185 3.306570 5.129338 0.000000 0.000000 1.990057
 9794.000000 -295852.156250 409.791621 5.545052 2.073569 3.396715 10.783593 0.000000 0.000000 4.183768
 9796.000000 -296268.062500 410.052559 5.492922 2.164455 3.407353 11.655081 0.000000 0.000000 4.521884
 9798.000000 -297524.375000 409.993750 5.458607 2.151975 3.306976 5.303278 0.000000 0.000000 2.057541
 9800.000000 -296590.375000 410.628113 5.501766 2.134762 3.340303 7.218212 0.000000 0.000000 2.800488
 9802.000000 -297532.312500 409.516257 5.500900 2.172189 3.423777 13.184979 0.000000 0.000000 5.115447
 9804.000000 -298069.906250 409.866098 5.547707 2.114344 3.374325 9.544409 0.000000 0.000000 3.702995
 9806.000000 -297134.406250 410.021124 5.578729 2.135950 3.444001 15.051220 0.000000 0.000000 5.839502
 9808.000000 -296201.968750 411.146818 5.663436 2.173662 3.363831 8.966704 0.000000 0.000000 3.478860
 9810.000000 -296173.187500 410.686506 5.509252 2.137775 3.393401 11.130429 0.000000 0.000000 4.318332
 9812.000000 -296197.468750 410.374294 5.594835 2.127538 3.388486 10.840263 0.000000 0.000000 4.205755
 9814.000000 -296822.468750 411.003740 5.488807 2.170141 3.500413 20.748159 0.000000 0.000000 8.049774
 9816.000000 -296681.156250 409.837344 5.488595 2.141580 3.474628 18.300477 0.000000 0.000000 7.100134
 9818.000000 -297190.875000 409.667291 5.522668 2.119563 3.472152 18.159579 0.000000 0.000000 7.045469
 9820.000000 -297981.406250 409.252887 5.554719 2.140500 3.470358 18.084025 0.000000 0.000000 7.016156
 9822.000000 -297620.031250 408.879526 5.559376 2.059033 3.450346 16.321354 0.000000 0.000000 6.332283
 9824.000000 -298113.312500 408.506523 5.532418 2.106985 3.404704 12.537660 0.000000 0.000000 4.864303
 9826.000000 -297029.343750 408.739768 5.551171 2.067273 3.428299 14.560583 0.000000 0.000000 5.649147
 9828.000000 -298023.156250 408.257190 5.565592 2.043999 3.434929 15.218944 0.000000 0.000000 5.904575
 9830.000000 -297668.875000 409.193228 5.546974 2.072752 3.393401 11.888910 0.000000 0.000000 4.612604
 9832.000000 -296335.906250 409.517048 5.495960 2.079823 3.413718 13.589205 0.000000 0.000000 5.272277
 9834.000000 -297991.000000 410.391667 5.507128 2.116616 3.328770 7.550382 0.000000 0.000000 2.929362
 9836.000000 -297137.437500 409.055568 5.528537 2.102757 3.369376 10.323133 0.000000 0.000000 4.005121
 9838.000000 -297875.656250 409.233254 5.520922 1.975313 3.363599 9.982763 0.000000 0.000000 3.873066
 9840.000000 -296466.843750 408.516423 5.544337 2.054743 3.364413 10.111318 0.000000 0.000000 3.922942
 9842.000000 -296570.750000 408.126104 5.529610 2.138469 3.416777 14.261678 0.000000 0.000000 5.533179
 9844.000000 -297077.937500 408.707154 5.496463 2.110279 3.486296 20.838200 0.000000 0.000000 8.084708
 9846.000000 -297077.812500 408.532786 5.523442 2.113050 3.449963 17.387643 0.000000 0.000000 6.745977
 9848.000000 -296322.906250 409.755349 5.538185 2.107082 3.480449 20.447340 0.000000 0.000000 7.933064
 9850.000000 -297067.625000 410.181205 5.561386 2.082521 3.494933 22.043012 0.000000 0.000000 8.552145
 9852.000000 -298100.437500 408.792905 5.563110 2.041812 3.495496 22.207352 0.000000 0.000000 8.615905
 9854.000000 -297758.593750 410.100908 5.591147 2.070625 3.552328 28.719473 0.000000 0.000000 11.142447
 9856.000000 -297260.281250 408.595330 5.569309 2.039119 3.500402 22.941070 0.000000 0.000000 8.900569
 9858.000000 -297218.000000 409.858373 5.606765 1.950970 3.440513 17.067444 0.000000 0.000000 6.621747
 9860.000000 -296520.156250 408.961940 5.547441 2.057468 3.430824 16.274231 0.000000 0.000000 6.314000
 9862.000000 -296513.625000 409.728363 5.535248 2.072852 3.435292 16.771198 0.000000 0.000000 6.506811
 9864.000000 -296967.906250 410.388387 5.567641 2.056535 3.459954 19.203450 0.000000 0.000000 7.450465
 9866.000000 -296457.906250 409.322904 5.570452 2.071060 3.432391 16.688837 0.000000 0.000000 6.474857
 9868.000000 -296344.468750 408.940805 5.623711 2.118179 3.435120 17.031222 0.000000 0.000000 6.607694
 9870.000000 -297563.843750 408.458020 5.689030 2.022681 3.490020 22.580283 0.000000 0.000000 8.760593
 9872.000000 -297006.781250 410.547934 5.670515 2.051760 3.514840 25.407077 0.000000 0.000000 9.857319
 9874.000000 -297547.187500 409.664234 5.696865 1.998758 3.462876 19.987605 0.000000 0.000000 7.754698
 9876.000000 -296979.875000 409.823050 5.708569 1.964964 3.471534 20.964803 0.000000 0.000000 8.133827
 9878.000000 -296594.375000 409.710347 5.676492 1.987362 3.459350 19.835361 0.000000 0.000000 7.695631
 9880.000000 -296679.625000 408.734173 5.644685 2.040113 3.473651 21.388396 0.000000 0.000000 8.298170
 9882.000000 -296524.531250 409.762153 5.664752 2.080990 3.447777 18.893404 0.000000 0.000000 7.330175
 9884.000000 -297612.218750 409.673304 5.668823 2.066065 3.444363 18.659586 0.000000 0.000000 7.239459
 9886.000000 -298630.062500 408.896906 5.654652 2.091293 3.371425 12.357899 0.000000 0.000000 4.794560
 9888.000000 -297068.625000 408.977817 5.591227 2.077123 3.322550 8.881124 0.000000 0.000000 3.445657
 9890.000000 -297628.000000 408.273326 5.608557 2.081994 3.378076 13.047272 0.000000 0.000000 5.062020
 9892.000000 -296720.562500 408.843274 5.609782 1.988636 3.432715 17.928092 0.000000 0.000000 6.955657
 9894.000000 -297665.375000 408.921318 5.677468 1.994752 3.414629 16.346964 0.000000 0.000000 6.342219
 9896.000000 -297784.000000 408.413575 5.637062 1.955844 3.469295 21.766888 0.000000 0.000000 8.445016
 9898.000000 -298033.906250 409.853282 5.641766 2.033848 3.382786 13.760285 0.000000 0.000000 5.338651
 9900.000000 -298221.718750 409.399536 5.661276 2.074272 3.383751 13.923686 0.000000 0.000000 5.402047
 9902.000000 -297355.125000 409.644518 5.682024 2.059966 3.362122 12.255641 0.000000 0.000000 4.754887
 9904.000000 -297571.312500 409.498093 5.592596 2.089626 3.283335 6.922794 0.000000 0.000000 2.685873
 9906.000000 -296385.593750 410.714727 5.658082 2.082968 3.335935 10.435438 0.000000 0.000000 4.048693
 9908.000000 -297702.718750 411.105720 5.662498 2.078066 3.415241 17.042321 0.000000 0.000000 6.612000
 9910.000000 -296171.500000 411.207029 5.604714 2.041205 3.359889 12.394376 0.000000 0.000000 4.808712
 9912.000000 -296206.593750 411.518858 5.532592 2.023777 3.412214 16.947726 0.000000 0.000000 6.575300
 9914.000000 -297592.843750 410.750852 5.583700 2.097478 3.475543 23.386699 0.000000 0.000000 9.073462
 9916.000000 -297176.218750 410.292300 5.524768 2.023474 3.391333 15.254153 0.000000 0.000000 5.918235
 9918.000000 -297397.656250 409.988871 5.568334 2.045248 3.406939 16.738935 0.000000 0.000000 6.494294
 9920.000000 -296493.281250 410.559061 5.621455 2.036051 3.376318 14.138737 0.000000 0.000000 5.485481
 9922.000000 -297472.125000 410.988130 5.609725 1.996589 3.386223 15.070518 0.000000 0.000000 5.846989
 9924.000000 -297572.281250 410.975899 5.581027 1.960261 3.409504 17.251888 0.000000 0.000000 6.693307
 9926.000000 -296509.593750 410.723558 5.553014 1.992342 3.389134 15.499762 0.000000 0.000000 6.013525
 9928.000000 -297318.781250 409.728171 5.574424 2.008815 3.368777 13.842596 0.000000 0.000000 5.370586
 9930.000000 -297787.875000 410.290066 5.595444 1.994393 3.353276 12.662443 0.000000 0.000000 4.912716
 9932.000000 -297705.812500 409.798256 5.572938 1.895853 3.448655 21.492359 0.000000 0.000000 8.338505
 9934.000000 -296521.875000 409.454897 5.534946 1.922244 3.375977 14.704124 0.000000 0.000000 5.704837
 9936.000000 -296606.750000 410.332881 5.509458 1.941296 3.447224 21.551349 0.000000 0.000000 8.361392
 9938.000000 -296294.406250 410.672061 5.546789 1.942966 3.434345 20.335870 0.000000 0.000000 7.889816
 9940.000000 -295437.468750 411.043704 5.516696 1.941382 3.444113 21.436241 0.000000 0.000000 8.316733
 9942.000000 -296587.031250 410.189778 5.583677 1.881934 3.458490 23.057758 0.000000 0.000000 8.945842
 9944.000000 -296938.968750 409.819125 5.557981 1.889881 3.432962 20.499253 0.000000 0.000000 7.953205
 9946.000000 -297212.187500 408.730479 5.536817 1.878798 3.407905 18.136087 0.000000 0.000000 7.036355
 9948.000000 -297336.406250 410.261141 5.541089 1.867149 3.412637 18.686010 0.000000 0.000000 7.249711
 9950.000000 -296404.187500 409.542652 5.539007 1.911935 3.405375 18.085689 0.000000 0.000000 7.016801
 9952.000000 -297110.156250 409.937910 5.515409 1.927441 3.472487 25.142570 0.000000 0.000000 9.754697
 9954.000000 -295774.531250 409.955531 5.530415 1.930154 3.466104 24.542646 0.000000 0.000000 9.521941
 9956.000000 -296744.156250 409.711596 5.514017 1.958894 3.505166 29.181215 0.000000 0.000000 11.321592
 9958.000000 -296895.125000 411.024671 5.556321 1.938749 3.504701 29.245857 0.000000 0.000000 11.346671
 9960.000000 -296248.156250 411.429075 5.529747 1.968920 3.419019 19.902006 0.000000 0.000000 7.721487
 9962.000000 -297094.875000 412.013492 5.552642 1.917340 3.366706 15.112406 0.000000 0.000000 5.863241
 9964.000000 -296630.531250 412.376187 5.574173 1.901283 3.476708 26.301652 0.000000 0.000000 10.204392
 9966.000000 -296111.093750 411.817715 5.540199 1.867856 3.418238 20.124031 0.000000 0.000000 7.807628
 9968.000000 -297708.468750 410.973929 5.511605 1.891082 3.482491 27.201738 0.000000 0.000000 10.553603
 9970.000000 -297654.437500 411.989891 5.549041 1.815296 3.450788 23.738942 0.000000 0.000000 9.210124
 9972.000000 -297889.093750 409.465173 5.565251 1.875219 3.476683 26.759453 0.000000 0.000000 10.382008
 9974.000000 -296731.937500 410.529545 5.540341 1.842216 3.472477 26.389904 0.000000 0.000000 10.238632
 9976.000000 -296239.250000 410.891911 5.530575 1.833902 3.430993 21.944408 0.000000 0.000000 8.513889
 9978.000000 -296554.968750 409.347383 5.510242 1.914981 3.443762 23.410315 0.000000 0.000000 9.082625
 9980.000000 -297689.625000 408.760605 5.495544 1.844366 3.456845 24.958835 0.000000 0.000000 9.683413
 9982.000000 -298126.687500 408.594864 5.498560 1.844330 3.464878 25.978054 0.000000 0.000000 10.078844
 9984.000000 -297990.187500 410.153058 5.498101 1.922862 3.492817 29.380982 0.000000 0.000000 11.399097
 9986.000000 -298384.000000 410.244519 5.530517 1.889583 3.452698 24.830815 0.000000 0.000000 9.633744
 9988.000000 -297982.593750 410.668769 5.479657 1.818958 3.408624 20.263231 0.000000 0.000000 7.861634
 9990.000000 -297528.500000 409.797301 5.535870 1.930976 3.371188 16.761732 0.000000 0.000000 6.503138
 9992.000000 -297547.937500 409.256752 5.526722 1.931550 3.451863 25.072688 0.000000 0.000000 9.727585
 9994.000000 -297510.187500 410.634807 5.543925 1.891197 3.477989 28.201832 0.000000 0.000000 10.941615
 9996.000000 -297337.812500 410.877673 5.570281 1.873732 3.486435 29.334609 0.000000 0.000000 11.381105
 9998.000000 -296755.062500 410.539260 5.490718 1.942052 3.435723 23.623010 0.000000 0.000000 9.165145
 10000.000000 -296591.343750 410.486328 5.458868 1.917828 3.474328 28.123342 0.000000 0.000000 10.911163
 10002.000000 -297127.375000 410.370600 5.482404 1.882020 3.498087 31.135934 0.000000 0.000000 12.079975
 10004.000000 -297075.593750 410.090089 5.519941 1.900504 3.470724 27.933523 0.000000 0.000000 10.837518
 10006.000000 -297212.093750 409.850040 5.493802 1.930450 3.442471 24.805557 0.000000 0.000000 9.623944
 10008.000000 -298604.875000 408.211818 5.462341 1.947024 3.474835 28.660386 0.000000 0.000000 11.119523
 10010.000000 -297522.937500 408.721117 5.517520 1.928146 3.555193 39.226961 0.000000 0.000000 15.219093
 10012.000000 -296683.375000 409.510490 5.485765 1.956816 3.505110 32.654125 0.000000 0.000000 12.668995
 10014.000000 -297483.843750 409.015665 5.487640 1.870679 3.451507 26.278533 0.000000 0.000000 10.195423
 10016.000000 -298001.062500 409.053259 5.460292 1.897153 3.470864 28.663794 0.000000 0.000000 11.120845
 10018.000000 -297388.437500 409.124249 5.504890 1.886648 3.562751 40.862357 0.000000 0.000000 15.853587
 10020.000000 -296007.843750 409.993691 5.502281 1.902785 3.453513 26.855572 0.000000 0.000000 10.419300
 10022.000000 -296476.906250 409.944519 5.495328 1.887810 3.452110 26.808866 0.000000 0.000000 10.401179
 10024.000000 -296794.968750 409.881422 5.471970 1.859698 3.433865 24.849407 0.000000 0.000000 9.640957
 10026.000000 -295671.718750 410.439332 5.421878 1.844216 3.426616 24.157735 0.000000 0.000000 9.372605
 10028.000000 -296384.468750 410.417819 5.407052 1.910652 3.498666 32.853274 0.000000 0.000000 12.746260
 10030.000000 -297182.968750 409.617458 5.453852 1.848216 3.450420 27.076975 0.000000 0.000000 10.505199
 10032.000000 -296440.156250 411.102464 5.420078 1.864015 3.479060 30.635597 0.000000 0.000000 11.885856
 10034.000000 -295695.468750 412.416048 5.438065 1.836631 3.452884 27.598859 0.000000 0.000000 10.707677
 10036.000000 -296618.343750 411.317435 5.462864 1.898279 3.437990 25.990832 0.000000 0.000000 10.083802
 10038.000000 -297583.718750 410.655215 5.419092 1.842797 3.395762 21.503458 0.000000 0.000000 8.342811
 10040.000000 -296978.750000 409.443767 5.399370 1.868635 3.493503 32.960639 0.000000 0.000000 12.787915
 10042.000000 -297755.656250 409.406673 5.397289 1.886479 3.526682 37.494455 0.000000 0.000000 14.546924
 10044.000000 -297195.312500 409.138776 5.399366 1.893442 3.494447 33.339687 0.000000 0.000000 12.934976
 10046.000000 -297553.656250 409.831996 5.424704 1.886878 3.487862 32.622477 0.000000 0.000000 12.656717
 10048.000000 -296243.593750 411.010705 5.392383 1.892197 3.477087 31.386052 0.000000 0.000000 12.177014
 10050.000000 -296441.343750 411.347346 5.415427 1.842460 3.490587 33.228758 0.000000 0.000000 12.891939
 10052.000000 -296469.593750 410.494835 5.415500 1.762405 3.519471 37.192288 0.000000 0.000000 14.429691
 10054.000000 -298288.468750 409.453548 5.414557 1.824482 3.481881 32.369922 0.000000 0.000000 12.558732
 10056.000000 -298122.906250 410.552522 5.415348 1.888980 3.465779 30.477179 0.000000 0.000000 11.824394
 10058.000000 -297968.281250 409.738091 5.523751 1.895347 3.518925 37.527772 0.000000 0.000000 14.559850
 10060.000000 -296972.656250 410.786662 5.432874 1.840934 3.477694 32.219201 0.000000 0.000000 12.500255
 10062.000000 -297441.875000 410.285869 5.370085 1.830056 3.506234 36.077551 0.000000 0.000000 13.997200
 10064.000000 -296446.250000 411.173712 5.450525 1.817206 3.497923 35.102299 0.000000 0.000000 13.618826
 10066.000000 -296825.781250 411.628844 5.476863 1.920579 3.467136 31.266942 0.000000 0.000000 12.130802
 10068.000000 -297200.250000 411.553363 5.433646 1.935683 3.438719 27.932858 0.000000 0.000000 10.837260
 10070.000000 -296355.937500 409.063947 5.345879 1.888980 3.372749 20.782451 0.000000 0.000000 8.063078
 10072.000000 -297451.437500 408.548303 5.369902 1.918373 3.443405 28.728652 0.000000 0.000000 11.146009
 10074.000000 -296708.093750 410.199620 5.462411 1.829238 3.452368 29.935142 0.000000 0.000000 11.614097
 10076.000000 -297428.062500 410.231586 5.405266 1.948083 3.454378 30.304470 0.000000 0.000000 11.757387
 10078.000000 -295484.281250 410.462613 5.402893 1.815486 3.443720 29.127360 0.000000 0.000000 11.300698
 10080.000000 -296672.062500 409.573756 5.452310 1.891084 3.468466 32.317167 0.000000 0.000000 12.538264
 10082.000000 -297096.093750 408.136252 5.476826 1.855190 3.401192 24.441709 0.000000 0.000000 9.482780
 10084.000000 -297066.187500 408.969256 5.479211 1.838516 3.387748 23.085458 0.000000 0.000000 8.956588
 10086.000000 -297322.906250 409.362239 5.434097 1.843884 3.416613 26.405494 0.000000 0.000000 10.244680
 10088.000000 -297391.062500 411.175428 5.466971 1.820748 3.393634 23.940429 0.000000 0.000000 9.288296
 10090.000000 -296957.750000 411.445036 5.421304 1.812546 3.405699 25.391185 0.000000 0.000000 9.851153
 10092.000000 -295895.218750 413.557073 5.463980 1.831495 3.405097 25.436033 0.000000 0.000000 9.868553
 10094.000000 -296353.125000 412.473635 5.480975 1.874578 3.421996 27.494676 0.000000 0.000000 10.667256
 10096.000000 -297193.468750 410.917186 5.498037 1.936630 3.338365 18.659783 0.000000 0.000000 7.239536
 10098.000000 -297308.906250 410.659681 5.473412 1.925032 3.370546 22.002335 0.000000 0.000000 8.536363
 10100.000000 -296880.781250 410.532786 5.472594 1.946071 3.425855 28.304729 0.000000 0.000000 10.981537
 10102.000000 -298251.281250 409.977673 5.460391 1.930776 3.491030 36.724546 0.000000 0.000000 14.248218
 10104.000000 -297261.593750 409.887017 5.456351 1.976850 3.514090 40.057183 0.000000 0.000000 15.541199
 10106.000000 -297478.437500 410.198664 5.436308 1.958127 3.427691 28.882938 0.000000 0.000000 11.205868
 10108.000000 -297478.781250 409.230435 5.411354 2.027355 3.453015 32.133024 0.000000 0.000000 12.466821
 10110.000000 -296924.687500 409.044643 5.428043 1.992628 3.536772 43.774281 0.000000 0.000000 16.983341
 10112.000000 -297733.312500 411.100550 5.425329 2.003577 3.447057 31.633348 0.000000 0.000000 12.272959
 10114.000000 -297288.375000 412.049733 5.463330 2.005218 3.473546 35.184898 0.000000 0.000000 13.650873
 10116.000000 -298220.593750 412.035014 5.461035 2.040934 3.500172 38.944508 0.000000 0.000000 15.109509
 10118.000000 -298216.312500 411.808177 5.483216 1.998001 3.462108 33.944226 0.000000 0.000000 13.169523
 10120.000000 -297796.468750 412.049719 5.440959 2.015886 3.459829 33.777737 0.000000 0.000000 13.104929
 10122.000000 -297471.218750 411.486391 5.428485 2.081340 3.426493 29.706200 0.000000 0.000000 11.525273
 10124.000000 -297527.406250 410.674247 5.436120 2.061371 3.426618 29.843414 0.000000 0.000000 11.578509
 10126.000000 -297596.375000 411.587205 5.457106 1.876052 3.388954 25.532834 0.000000 0.000000 9.906110
 10128.000000 -296639.750000 412.734830 5.468265 1.989374 3.379639 24.601926 0.000000 0.000000 9.544941
 10130.000000 -296228.937500 410.912566 5.422632 1.962714 3.394854 26.433166 0.000000 0.000000 10.255417
 10132.000000 -296783.312500 410.663275 5.412153 1.924493 3.332187 19.819094 0.000000 0.000000 7.689320
 10134.000000 -296917.937500 410.772834 5.386956 1.913836 3.384482 25.479481 0.000000 0.000000 9.885410
 10136.000000 -297511.125000 410.049757 5.360780 1.883420 3.315654 18.398771 0.000000 0.000000 7.138269
 10138.000000 -296842.968750 410.245437 5.417846 1.991886 3.430376 31.171991 0.000000 0.000000 12.093964
 10140.000000 -298384.000000 410.281375 5.419911 1.896191 3.424853 30.609938 0.000000 0.000000 11.875901
 10142.000000 -297676.687500 410.383626 5.415877 1.948909 3.406689 28.523381 0.000000 0.000000 11.066368
 10144.000000 -297501.875000 410.015987 5.465485 1.900205 3.442647 33.107644 0.000000 0.000000 12.844949
 10146.000000 -297243.125000 411.429829 5.519771 1.923461 3.451900 34.439987 0.000000 0.000000 13.361865
 10148.000000 -298394.218750 410.195466 5.473467 2.000486 3.458733 35.475555 0.000000 0.000000 13.763641
 10150.000000 -297070.656250 410.409952 5.463365 1.959751 3.406876 29.025594 0.000000 0.000000 11.261215
 10152.000000 -295920.906250 410.120419 5.448531 1.904116 3.419887 30.738026 0.000000 0.000000 11.925596
 10154.000000 -297135.875000 410.395184 5.466359 1.900371 3.423530 31.316266 0.000000 0.000000 12.149939
 10156.000000 -296213.218750 410.062360 5.483807 1.932072 3.394036 27.852238 0.000000 0.000000 10.805981
 10158.000000 -297074.906250 410.374229 5.455574 1.946466 3.333794 21.299816 0.000000 0.000000 8.263803
 10160.000000 -298341.343750 409.056912 5.477333 1.919153 3.389918 27.602864 0.000000 0.000000 10.709230
 10162.000000 -297716.343750 408.286592 5.454419 2.017608 3.479852 39.319377 0.000000 0.000000 15.254949
 10164.000000 -297892.687500 409.120165 5.467974 1.966757 3.479143 39.360216 0.000000 0.000000 15.270793
 10166.000000 -298207.312500 408.976119 5.496564 2.024538 3.472382 38.556162 0.000000 0.000000 14.958840
 10168.000000 -297347.687500 410.006706 5.463777 1.937655 3.399869 29.266179 0.000000 0.000000 11.354556
 10170.000000 -298384.406250 408.884770 5.466051 1.946778 3.397129 29.056026 0.000000 0.000000 11.273021
 10172.000000 -298357.843750 409.478227 5.414539 1.882396 3.421147 32.149767 0.000000 0.000000 12.473317
 10174.000000 -297005.281250 409.667371 5.435711 1.914028 3.401339 29.809390 0.000000 0.000000 11.565308
 10176.000000 -296575.968750 410.200010 5.474373 1.919911 3.409543 30.943633 0.000000 0.000000 12.005366
 10178.000000 -298147.093750 410.176528 5.493822 1.875764 3.390541 28.744925 0.000000 0.000000 11.152322
 10180.000000 -297056.125000 409.145962 5.481116 1.857021 3.324779 21.505193 0.000000 0.000000 8.343485
 10182.000000 -298320.531250 409.174554 5.457380 1.896450 3.345583 23.825618 0.000000 0.000000 9.243752
 10184.000000 -297425.562500 407.933342 5.404755 1.873596 3.421776 32.995694 0.000000 0.000000 12.801516
 10186.000000 -297486.906250 408.464801 5.438680 1.807838 3.399474 30.316369 0.000000 0.000000 11.762004
 10188.000000 -299181.875000 409.171983 5.461990 1.745541 3.354438 25.137060 0.000000 0.000000 9.752559
 10190.000000 -297569.312500 410.036520 5.472138 1.841319 3.343625 24.049021 0.000000 0.000000 9.330427
 10192.000000 -297212.968750 410.090643 5.468322 1.741673 3.306000 20.200537 0.000000 0.000000 7.837310
 10194.000000 -297139.187500 409.303637 5.496327 1.703690 3.304016 20.101775 0.000000 0.000000 7.798993
 10196.000000 -297901.437500 408.395027 5.466911 1.864324 3.329058 22.797335 0.000000 0.000000 8.844804
 10198.000000 -297323.906250 410.522267 5.510000 1.686982 3.316934 21.625139 0.000000 0.000000 8.390021
 10200.000000 -295662.500000 410.721997 5.546312 1.758254 3.315694 21.600137 0.000000 0.000000 8.380321
 10202.000000 -298058.312500 408.906236 5.542047 1.756350 3.279830 18.128900 0.000000 0.000000 7.033566
 10204.000000 -296926.781250 410.274102 5.681740 1.763916 3.202176 11.565350 0.000000 0.000000 4.487070
 10206.000000 -297425.843750 410.544325 5.570640 1.737559 3.198561 11.367358 0.000000 0.000000 4.410255
 10208.000000 -297299.406250 409.841584 5.580727 1.732896 3.192215 10.967936 0.000000 0.000000 4.255289
 10210.000000 -298192.000000 410.158566 5.593079 1.747598 3.207379 12.197571 0.000000 0.000000 4.732357
 10212.000000 -298578.562500 410.678705 5.577506 1.732784 3.271599 17.822631 0.000000 0.000000 6.914741
 10214.000000 -297654.218750 409.935224 5.564673 1.653205 3.245619 15.542553 0.000000 0.000000 6.030127
 10216.000000 -298279.156250 409.305421 5.578992 1.674062 3.199593 11.826670 0.000000 0.000000 4.588456
 10218.000000 -298648.937500 409.850770 5.606074 1.659938 3.180634 10.486014 0.000000 0.000000 4.068315
 10220.000000 -297201.125000 410.377063 5.571766 1.667719 3.116932 6.437251 0.000000 0.000000 2.497495
 10222.000000 -297605.531250 410.406042 5.575344 1.709711 3.144974 8.190312 0.000000 0.000000 3.177639
 10224.000000 -296497.906250 410.046489 5.524033 1.686741 3.193049 11.631848 0.000000 0.000000 4.512870
 10226.000000 -296694.125000 410.289819 5.533060 1.665073 3.222081 14.034915 0.000000 0.000000 5.445201
 10228.000000 -296312.031250 410.367505 5.556269 1.812820 3.132516 7.596291 0.000000 0.000000 2.947174
 10230.000000 -296573.468750 410.425253 5.581050 1.762746 3.125114 7.206871 0.000000 0.000000 2.796088
 10232.000000 -296177.656250 409.167956 5.596044 1.704237 3.143958 8.447271 0.000000 0.000000 3.277333
 10234.000000 -296838.656250 409.288918 5.521941 1.835026 3.219827 14.181546 0.000000 0.000000 5.502090
 10236.000000 -296708.937500 410.296295 5.559356 1.755446 3.247324 16.682745 0.000000 0.000000 6.472494
 10238.000000 -296324.187500 410.377939 5.623930 1.782849 3.221826 14.520319 0.000000 0.000000 5.633526
 10240.000000 -296548.406250 410.262070 5.574535 1.801339 3.145747 8.827706 0.000000 0.000000 3.424932
 10242.000000 -298252.375000 410.104524 5.612720 1.806980 3.188791 11.996283 0.000000 0.000000 4.654262
 10244.000000 -297031.843750 409.871918 5.554234 1.833981 3.215643 14.250343 0.000000 0.000000 5.528782
 10246.000000 -297420.937500 407.785708 5.523581 1.800952 3.192028 12.405339 0.000000 0.000000 4.812965
 10248.000000 -297638.968750 407.488530 5.499728 1.823017 3.228819 15.560198 0.000000 0.000000 6.036973
 10250.000000 -298366.656250 408.096065 5.556339 1.867991 3.247256 17.321833 0.000000 0.000000 6.720444
 10252.000000 -297787.343750 409.792589 5.506555 1.857754 3.215239 14.555536 0.000000 0.000000 5.647189
 10254.000000 -297744.625000 410.078635 5.387545 1.856432 3.159593 10.266944 0.000000 0.000000 3.983321
 10256.000000 -297663.718750 409.710877 5.402437 1.869473 3.185275 12.267652 0.000000 0.000000 4.759546
 10258.000000 -298829.375000 408.841274 5.449594 1.860037 3.120637 7.789809 0.000000 0.000000 3.022254
 10260.000000 -297884.968750 408.305908 5.392871 1.857766 3.098442 6.523218 0.000000 0.000000 2.530848
 10262.000000 -297707.781250 409.216550 5.466045 1.831752 3.193432 13.156999 0.000000 0.000000 5.104591
 10264.000000 -298334.906250 409.631722 5.458001 1.896007 3.127117 8.392696 0.000000 0.000000 3.256159
 10266.000000 -297545.906250 409.580039 5.468487 1.838903 3.191895 13.194572 0.000000 0.000000 5.119169
 10268.000000 -298150.187500 408.692702 5.468054 1.790677 3.187034 12.882850 0.000000 0.000000 4.998228
 10270.000000 -298007.656250 408.334723 5.412205 1.821907 3.155704 10.563610 0.000000 0.000000 4.098420
 10272.000000 -297232.406250 409.095799 5.347570 1.794838 3.106720 7.364109 0.000000 0.000000 2.857093
 10274.000000 -297846.437500 410.885480 5.443823 1.837846 3.196454 13.898965 0.000000 0.000000 5.392456
 10276.000000 -297489.656250 409.580753 5.461266 1.796246 3.223337 16.320539 0.000000 0.000000 6.331967
 10278.000000 -298094.843750 409.061156 5.450842 1.781133 3.242098 18.154447 0.000000 0.000000 7.043478
 10280.000000 -297616.125000 410.470403 5.493415 1.882112 3.238524 17.910063 0.000000 0.000000 6.948663
 10282.000000 -296888.187500 411.368936 5.411917 1.907009 3.258130 19.913071 0.000000 0.000000 7.725780
 10284.000000 -297180.687500 412.830776 5.399312 1.760675 3.331351 28.007590 0.000000 0.000000 10.866254
 10286.000000 -296539.406250 411.641752 5.342292 1.735374 3.268968 21.214733 0.000000 0.000000 8.230793
 10288.000000 -296516.875000 411.021663 5.270335 1.675066 3.242412 18.664324 0.000000 0.000000 7.241297
 10290.000000 -298426.125000 411.292816 5.294402 1.622978 3.220265 16.677287 0.000000 0.000000 6.470376
 10292.000000 -297352.218750 411.618119 5.312993 1.613554 3.198236 14.812315 0.000000 0.000000 5.746813
 10294.000000 -298578.250000 412.036179 5.296760 1.619373 3.188150 14.040712 0.000000 0.000000 5.447450
 10296.000000 -298186.718750 412.440680 5.331140 1.573896 3.198948 15.046616 0.000000 0.000000 5.837716
 10298.000000 -297439.406250 412.203361 5.278665 1.627106 3.199308 15.164848 0.000000 0.000000 5.883587
 10300.000000 -296973.875000 411.931745 5.327063 1.620240 3.225719 17.645598 0.000000 0.000000 6.846057
 10302.000000 -297505.625000 411.587323 5.313460 1.604634 3.206808 16.003299 0.000000 0.000000 6.208885
 10304.000000 -297385.250000 411.013476 5.366914 1.630554 3.251250 20.326302 0.000000 0.000000 7.886104
 10306.000000 -297301.906250 411.231412 5.325754 1.647113 3.209061 16.386003 0.000000 0.000000 6.357365
 10308.000000 -297560.250000 410.877633 5.332802 1.675848 3.196445 15.351446 0.000000 0.000000 5.955982
 10310.000000 -296910.125000 410.888355 5.303680 1.630336 3.169333 13.149004 0.000000 0.000000 5.101489
 10312.000000 -298384.281250 410.325431 5.405429 1.643733 3.177577 13.909188 0.000000 0.000000 5.396422
 10314.000000 -298087.906250 410.770030 5.348703 1.727058 3.147274 11.572798 0.000000 0.000000 4.489960
 10316.000000 -297287.062500 410.461443 5.368026 1.721209 3.193125 15.411135 0.000000 0.000000 5.979140
 10318.000000 -297291.718750 410.468766 5.357522 1.774543 3.274792 23.521990 0.000000 0.000000 9.125952
 10320.000000 -296783.031250 410.393704 5.345051 1.702371 3.265800 22.663186 0.000000 0.000000 8.792757
 10322.000000 -298953.875000 410.107846 5.353729 1.686993 3.234434 19.545960 0.000000 0.000000 7.583351
 10324.000000 -298278.625000 411.434005 5.384041 1.740585 3.301817 26.890734 0.000000 0.000000 10.432942
 10326.000000 -297431.656250 410.340309 5.369101 1.652358 3.295895 26.323042 0.000000 0.000000 10.212691
 10328.000000 -298011.593750 410.017147 5.360314 1.629494 3.287495 25.480934 0.000000 0.000000 9.885974
 10330.000000 -297922.437500 410.188683 5.267660 1.668299 3.257681 22.332359 0.000000 0.000000 8.664404
 10332.000000 -297867.500000 410.257625 5.375879 1.671564 3.385276 37.988177 0.000000 0.000000 14.738476
 10334.000000 -297916.187500 410.543838 5.430146 1.628561 3.330563 30.946112 0.000000 0.000000 12.006328
 10336.000000 -297404.687500 411.373457 5.443554 1.652294 3.316781 29.376544 0.000000 0.000000 11.397375
 10338.000000 -296619.843750 409.335875 5.431082 1.701929 3.260951 23.107232 0.000000 0.000000 8.965036
 10340.000000 -297208.093750 408.485051 5.378240 1.656043 3.271478 24.362871 0.000000 0.000000 9.452193
 10342.000000 -297056.406250 409.297562 5.405268 1.662595 3.222615 19.366563 0.000000 0.000000 7.513749
 10344.000000 -297428.937500 408.802671 5.329718 1.690195 3.224793 19.680577 0.000000 0.000000 7.635579
 10346.000000 -297836.656250 410.628380 5.312230 1.685154 3.230002 20.301299 0.000000 0.000000 7.876403
 10348.000000 -297510.031250 411.433392 5.421556 1.671690 3.224151 19.815517 0.000000 0.000000 7.687932
 10350.000000 -296521.312500 410.907085 5.457675 1.648060 3.241808 21.716080 0.000000 0.000000 8.425303
 10352.000000 -296780.375000 410.484748 5.408304 1.647087 3.223188 19.918920 0.000000 0.000000 7.728050
 10354.000000 -297206.718750 409.410378 5.448482 1.662605 3.214729 19.181462 0.000000 0.000000 7.441934
 10356.000000 -295795.406250 410.121274 5.368849 1.621528 3.235517 21.374529 0.000000 0.000000 8.292790
 10358.000000 -297674.375000 410.550479 5.365161 1.607437 3.273311 25.573181 0.000000 0.000000 9.921763
 10360.000000 -298725.625000 410.838362 5.419651 1.627018 3.254004 23.544934 0.000000 0.000000 9.134854
 10362.000000 -298278.468750 410.278274 5.429606 1.587221 3.247025 22.900643 0.000000 0.000000 8.884885
 10364.000000 -297557.906250 409.809508 5.415872 1.631172 3.251091 23.446025 0.000000 0.000000 9.096479
 10366.000000 -297076.218750 410.677680 5.378993 1.697044 3.129290 12.190625 0.000000 0.000000 4.729662
 10368.000000 -297917.250000 410.861428 5.372319 1.762178 3.184996 17.019742 0.000000 0.000000 6.603240
 10370.000000 -297450.468750 409.992007 5.400001 1.732904 3.148247 13.881694 0.000000 0.000000 5.385755
 10372.000000 -298250.093750 409.463970 5.375517 1.719590 3.165943 15.482971 0.000000 0.000000 6.007011
 10374.000000 -297828.281250 409.822045 5.395519 1.733523 3.139744 13.345176 0.000000 0.000000 5.177599
 10376.000000 -298280.812500 410.033971 5.428865 1.763910 3.150111 14.289865 0.000000 0.000000 5.544115
 10378.000000 -298126.156250 411.083177 5.390999 1.679401 3.172972 16.377972 0.000000 0.000000 6.354249
 10380.000000 -298916.343750 410.556092 5.371488 1.697829 3.139138 13.541508 0.000000 0.000000 5.253771
 10382.000000 -298504.718750 409.692499 5.346098 1.728635 3.170306 16.317728 0.000000 0.000000 6.330876
 10384.000000 -298854.468750 407.729298 5.367041 1.707425 3.199060 19.115972 0.000000 0.000000 7.416526
 10386.000000 -299451.656250 408.696852 5.289515 1.683297 3.142129 14.038910 0.000000 0.000000 5.446751
 10388.000000 -298491.718750 407.357903 5.328705 1.712315 3.127658 12.932945 0.000000 0.000000 5.017664
 10390.000000 -297780.312500 408.522184 5.338911 1.761125 3.020670 5.814184 0.000000 0.000000 2.255760
 10392.000000 -297500.406250 408.350445 5.348244 1.762185 3.132358 13.477380 0.000000 0.000000 5.228891
 10394.000000 -298321.687500 409.657560 5.358354 1.701256 3.163547 16.249274 0.000000 0.000000 6.304318
 10396.000000 -296769.187500 409.686004 5.289024 1.701648 3.180952 17.950604 0.000000 0.000000 6.964392
 10398.000000 -296679.250000 410.310723 5.245129 1.830743 3.186534 18.579568 0.000000 0.000000 7.208414
 10400.000000 -296864.937500 409.997000 5.293872 1.801890 3.187355 18.755460 0.000000 0.000000 7.276656
 10402.000000 -297613.750000 410.349393 5.324301 1.738625 3.127263 13.469545 0.000000 0.000000 5.225851
 10404.000000 -296792.218750 409.600587 5.258270 1.793390 3.131318 13.887614 0.000000 0.000000 5.388052
 10406.000000 -296851.156250 409.923417 5.264014 1.745990 3.136183 14.380619 0.000000 0.000000 5.579325
 10408.000000 -296925.562500 409.827019 5.283181 1.785870 3.124594 13.496725 0.000000 0.000000 5.236396
 10410.000000 -297705.843750 411.725509 5.258877 1.765547 3.151597 15.895162 0.000000 0.000000 6.166931
 10412.000000 -296076.656250 410.366073 5.229645 1.765973 3.136044 14.624284 0.000000 0.000000 5.673862
 10414.000000 -296543.843750 410.819778 5.229527 1.801212 3.128710 14.087614 0.000000 0.000000 5.465647
 10416.000000 -297432.656250 410.648722 5.226479 1.800954 3.165223 17.411949 0.000000 0.000000 6.755407
 10418.000000 -297070.687500 411.981324 5.261467 1.836767 3.182790 19.187443 0.000000 0.000000 7.444255
 10420.000000 -296591.406250 411.267644 5.214416 1.832596 3.148632 16.077098 0.000000 0.000000 6.237518
 10422.000000 -296530.031250 411.881412 5.304459 1.776224 3.066588 9.631907 0.000000 0.000000 3.736942
 10424.000000 -297717.625000 411.634354 5.235484 1.800598 3.106369 12.669883 0.000000 0.000000 4.915602
 10426.000000 -297529.062500 411.375594 5.263300 1.879141 3.137575 15.362884 0.000000 0.000000 5.960420
 10428.000000 -297703.437500 410.446694 5.264060 1.897854 3.097674 12.142553 0.000000 0.000000 4.711011
 10430.000000 -296408.468750 411.002721 5.281104 1.757118 3.118737 13.922586 0.000000 0.000000 5.401620
 10432.000000 -297221.468750 410.569491 5.231568 1.738173 3.168616 18.491223 0.000000 0.000000 7.174139
 10434.000000 -298253.375000 410.718992 5.200624 1.801862 3.180965 19.796975 0.000000 0.000000 7.680738
 10436.000000 -298211.187500 410.407367 5.299791 1.686553 3.114953 13.857237 0.000000 0.000000 5.376266
 10438.000000 -297250.593750 410.470855 5.249528 1.855219 3.146790 16.725325 0.000000 0.000000 6.489014
 10440.000000 -296707.968750 410.671634 5.292960 1.730959 3.178885 19.888668 0.000000 0.000000 7.716313
 10442.000000 -296431.875000 410.394159 5.228328 1.704718 3.183920 20.494982 0.000000 0.000000 7.951548
 10444.000000 -297356.062500 410.377925 5.198960 1.731344 3.156392 17.897549 0.000000 0.000000 6.943808
 10446.000000 -297552.031250 410.183628 5.189024 1.765447 3.144508 16.882759 0.000000 0.000000 6.550094
 10448.000000 -298129.812500 409.515064 5.149273 1.748256 3.129331 15.605315 0.000000 0.000000 6.054478
 10450.000000 -297572.375000 410.466758 5.149998 1.782236 3.162191 18.739645 0.000000 0.000000 7.270520
 10452.000000 -297153.250000 410.561530 5.186019 1.783885 3.114791 14.517326 0.000000 0.000000 5.632365
 10454.000000 -297190.000000 410.910183 5.128619 1.791717 3.132518 16.156644 0.000000 0.000000 6.268380
 10456.000000 -297802.593750 410.936682 5.163624 1.861541 3.191529 22.000584 0.000000 0.000000 8.535684
 10458.000000 -297874.093750 410.384207 5.125494 1.840945 3.113620 14.673588 0.000000 0.000000 5.692990
 10460.000000 -297785.093750 409.497689 5.061279 1.870931 3.116391 14.998354 0.000000 0.000000 5.818992
 10462.000000 -296372.093750 410.357463 5.150629 1.862207 3.165088 19.610688 0.000000 0.000000 7.608463
 10464.000000 -295774.531250 409.027983 5.151312 1.855308 3.149597 18.202029 0.000000 0.000000 7.061938
 10466.000000 -296824.500000 409.707420 5.065932 1.888394 3.162423 19.544965 0.000000 0.000000 7.582964
 10468.000000 -297321.531250 409.168015 5.148653 1.877847 3.169134 20.314608 0.000000 0.000000 7.881567
 10470.000000 -297827.812500 409.338930 5.162521 1.884509 3.135281 17.138464 0.000000 0.000000 6.649302
 10472.000000 -296665.437500 409.793675 5.188956 1.847866 3.083863 12.789037 0.000000 0.000000 4.961831
 10474.000000 -297979.593750 409.827287 5.177225 1.920094 3.120472 15.973252 0.000000 0.000000 6.197228
 10476.000000 -296815.906250 410.507157 5.215737 1.893336 3.106868 14.866710 0.000000 0.000000 5.767917
 10478.000000 -297615.437500 410.392194 5.202084 1.873556 3.134275 17.416748 0.000000 0.000000 6.757269
 10480.000000 -296596.375000 409.584704 5.136902 1.882746 3.156069 19.608848 0.000000 0.000000 7.607750
 10482.000000 -297522.062500 410.098990 5.212762 1.877228 3.085367 13.314419 0.000000 0.000000 5.165666
 10484.000000 -296099.093750 411.915307 5.214912 1.901721 3.086678 13.503678 0.000000 0.000000 5.239094
 10486.000000 -295470.500000 411.425334 5.253042 1.966164 3.113108 15.851586 0.000000 0.000000 6.150024
 10488.000000 -298049.062500 411.066200 5.218973 1.975668 3.133083 17.773904 0.000000 0.000000 6.895837
 10490.000000 -297441.843750 410.885240 5.230842 1.908399 3.107480 15.530234 0.000000 0.000000 6.025348
 10492.000000 -297434.125000 409.876679 5.185093 1.938712 3.080921 13.359645 0.000000 0.000000 5.183213
 10494.000000 -297114.937500 410.129497 5.154685 1.880793 3.022168 9.056400 0.000000 0.000000 3.513660
 10496.000000 -297696.156250 411.407207 5.192911 1.919930 3.062373 12.041416 0.000000 0.000000 4.671772
 10498.000000 -297588.250000 412.321625 5.167240 1.889916 2.987773 7.007706 0.000000 0.000000 2.718817
 10500.000000 -297189.250000 411.771092 5.185689 1.905478 3.113785 16.542474 0.000000 0.000000 6.418072
 10502.000000 -296851.250000 412.402045 5.189450 1.915773 3.149181 20.018060 0.000000 0.000000 7.766514
 10504.000000 -295779.218750 412.309401 5.146907 1.891463 3.128480 18.095655 0.000000 0.000000 7.020668
 10506.000000 -297536.593750 411.815914 5.180435 1.966595 3.114805 16.910065 0.000000 0.000000 6.560688
 10508.000000 -296685.593750 412.136673 5.128541 1.965329 3.092644 15.020301 0.000000 0.000000 5.827506
 10510.000000 -297713.375000 411.566122 5.152669 1.950520 3.097492 15.531312 0.000000 0.000000 6.025766
 10512.000000 -297230.156250 410.888915 5.097948 1.896677 3.080135 14.123328 0.000000 0.000000 5.479503
 10514.000000 -296868.718750 412.167568 5.135688 1.927265 3.071383 13.479394 0.000000 0.000000 5.229672
 10516.000000 -296659.968750 411.466706 5.088790 1.936426 3.105699 16.534632 0.000000 0.000000 6.415029
 10518.000000 -297303.843750 411.291435 5.099259 1.984366 3.076819 14.096825 0.000000 0.000000 5.469220
 10520.000000 -296912.000000 411.164495 5.145564 1.943673 3.062014 12.961640 0.000000 0.000000 5.028797
 10522.000000 -296182.375000 410.238749 5.088076 1.899522 3.109673 17.174823 0.000000 0.000000 6.663408
 10524.000000 -295696.343750 410.115955 5.116214 1.884091 3.104215 16.764198 0.000000 0.000000 6.504096
 10526.000000 -295933.593750 410.358856 5.122394 1.947881 3.098419 16.327939 0.000000 0.000000 6.334838
 10528.000000 -297312.031250 408.437287 5.062750 1.882481 3.096535 16.248154 0.000000 0.000000 6.303883
 10530.000000 -298171.000000 409.048810 5.058394 1.905080 3.024404 10.469345 0.000000 0.000000 4.061848
 10532.000000 -298146.968750 408.546822 5.118735 1.860803 3.091344 15.961821 0.000000 0.000000 6.192793
 10534.000000 -297791.437500 408.373853 5.043365 1.859795 3.055171 12.974269 0.000000 0.000000 5.033696
 10536.000000 -298901.906250 409.089642 5.028076 1.874637 3.049784 12.623334 0.000000 0.000000 4.897542
 10538.000000 -298512.125000 409.827906 4.967471 1.998817 2.993399 8.606677 0.000000 0.000000 3.339179
 10540.000000 -298324.656250 410.929649 4.959733 1.949802 2.987251 8.272274 0.000000 0.000000 3.209438
 10542.000000 -298271.531250 410.033720 4.986490 1.961627 3.035024 11.706336 0.000000 0.000000 4.541770
 10544.000000 -296251.437500 409.511506 4.934606 1.998839 3.034791 11.765073 0.000000 0.000000 4.564558
 10546.000000 -296085.812500 409.323760 4.909551 1.986872 2.978208 7.888193 0.000000 0.000000 3.060424
 10548.000000 -296287.500000 410.388709 4.923122 2.017551 2.964353 7.101493 0.000000 0.000000 2.755204
 10550.000000 -297375.031250 410.995423 4.926967 2.049479 2.982673 8.299419 0.000000 0.000000 3.219970
 10552.000000 -298427.218750 410.815878 4.896007 2.062774 2.944887 6.098909 0.000000 0.000000 2.366226
 10554.000000 -297567.281250 411.393063 5.026190 1.993753 2.958047 6.905902 0.000000 0.000000 2.679319
 10556.000000 -297141.875000 411.695479 5.002351 2.018346 2.915149 4.663311 0.000000 0.000000 1.809250
 10558.000000 -296520.562500 411.265983 5.047582 2.028418 2.981111 8.457240 0.000000 0.000000 3.281200
 10560.000000 -297579.468750 411.291948 5.060900 1.996997 3.000596 9.841739 0.000000 0.000000 3.818352
 10562.000000 -298149.218750 410.198060 5.077090 1.973727 3.034206 12.419330 0.000000 0.000000 4.818394
 10564.000000 -297305.031250 409.745961 5.042309 1.968553 3.038089 12.807136 0.000000 0.000000 4.968853
 10566.000000 -296674.031250 410.928584 5.073900 2.066729 2.991651 9.429148 0.000000 0.000000 3.658277
 10568.000000 -297104.562500 411.944284 5.070758 2.000736 3.037274 12.902106 0.000000 0.000000 5.005699
 10570.000000 -296832.843750 411.348665 5.143580 2.008031 3.033631 12.690695 0.000000 0.000000 4.923677
 10572.000000 -296571.718750 411.480903 5.094783 2.035860 3.017797 11.536566 0.000000 0.000000 4.475903
 10574.000000 -296805.312500 409.983354 5.100122 2.011787 3.024402 12.121407 0.000000 0.000000 4.702807
 10576.000000 -296970.187500 410.528057 5.144399 1.971617 3.058105 14.973607 0.000000 0.000000 5.809390
 10578.000000 -296499.468750 409.959908 5.071264 2.004418 3.059242 15.159019 0.000000 0.000000 5.881326
 10580.000000 -296281.968750 410.973756 5.160158 2.004137 3.046983 14.194666 0.000000 0.000000 5.507180
 10582.000000 -295788.468750 410.080502 5.111440 1.977431 3.057028 15.140426 0.000000 0.000000 5.874112
 10584.000000 -296295.593750 410.182075 5.143459 1.977063 3.036301 13.472703 0.000000 0.000000 5.227077
 10586.000000 -295897.812500 411.383259 5.195703 1.917504 3.043804 14.179628 0.000000 0.000000 5.501346
 10588.000000 -296105.187500 410.884170 5.185820 1.931931 3.089956 18.427792 0.000000 0.000000 7.149529
 10590.000000 -296532.375000 410.376211 5.116138 2.023923 3.037587 13.826799 0.000000 0.000000 5.364457
 10592.000000 -296849.656250 411.115640 5.116743 1.905705 2.989185 10.166282 0.000000 0.000000 3.944267
 10594.000000 -297540.968750 410.592227 5.065996 1.925507 3.011070 11.863390 0.000000 0.000000 4.602703
 10596.000000 -297716.250000 409.921405 5.160821 1.910917 3.064811 16.453992 0.000000 0.000000 6.383743
 10598.000000 -296427.593750 412.590894 5.133673 1.972158 3.011847 12.078271 0.000000 0.000000 4.686071
 10600.000000 -296765.593750 410.161956 5.140318 1.929901 3.075860 17.658796 0.000000 0.000000 6.851177
 10602.000000 -296698.156250 410.245852 5.171699 1.950173 3.052930 15.658291 0.000000 0.000000 6.075031
 10604.000000 -298110.281250 409.961213 5.137587 1.917010 3.098213 20.021328 0.000000 0.000000 7.767782
 10606.000000 -297618.281250 408.557736 5.097186 1.894768 3.022424 13.237617 0.000000 0.000000 5.135869
 10608.000000 -297150.437500 409.729619 5.176802 1.830308 3.003671 11.832666 0.000000 0.000000 4.590783
 10610.000000 -297717.625000 408.344611 5.145515 1.836151 2.966974 9.246202 0.000000 0.000000 3.587299
 10612.000000 -297368.312500 408.217536 5.138211 1.888351 2.956688 8.625614 0.000000 0.000000 3.346526
 10614.000000 -297492.531250 408.312378 5.199934 1.890346 3.011942 12.715527 0.000000 0.000000 4.933311
 10616.000000 -297690.312500 408.441193 5.130333 1.832385 3.019837 13.434674 0.000000 0.000000 5.212322
 10618.000000 -296972.750000 408.671251 5.107129 1.853053 2.949906 8.379030 0.000000 0.000000 3.250857
 10620.000000 -298055.281250 409.589911 5.103872 1.894573 2.971936 9.936004 0.000000 0.000000 3.854924
 10622.000000 -297855.656250 409.441772 5.180418 1.880728 2.991988 11.475213 0.000000 0.000000 4.452100
 10624.000000 -296632.562500 408.796845 5.153180 1.892142 2.986704 11.153011 0.000000 0.000000 4.327093
 10626.000000 -296908.906250 410.734388 5.165812 1.919334 2.998385 12.120059 0.000000 0.000000 4.702284
 10628.000000 -296848.812500 410.289334 5.155616 1.928486 3.063008 17.766854 0.000000 0.000000 6.893101
 10630.000000 -296598.406250 411.056664 5.105428 1.937017 3.013298 13.472408 0.000000 0.000000 5.226962
 10632.000000 -297597.562500 410.034097 5.045527 1.925605 2.963420 9.759431 0.000000 0.000000 3.786419
 10634.000000 -297034.468750 409.917607 5.141727 1.935764 2.956772 9.368913 0.000000 0.000000 3.634907
 10636.000000 -297468.218750 408.782873 5.084137 1.917154 2.958989 9.590338 0.000000 0.000000 3.720815
 10638.000000 -297136.562500 408.431595 5.103929 1.869525 2.922356 7.281588 0.000000 0.000000 2.825077
 10640.000000 -297793.375000 407.986425 5.153149 1.865080 2.882618 5.131778 0.000000 0.000000 1.991003
 10642.000000 -296609.031250 407.815460 5.142032 1.836033 2.851477 3.718545 0.000000 0.000000 1.442704
 10644.000000 -296849.312500 408.698050 5.165743 1.767808 2.998540 12.843268 0.000000 0.000000 4.982871
 10646.000000 -297400.562500 409.150823 5.115373 1.798270 3.010110 13.870307 0.000000 0.000000 5.381337
 10648.000000 -297564.312500 410.004665 5.105031 1.831803 3.068861 19.292516 0.000000 0.000000 7.485021
 10650.000000 -299132.031250 409.265343 5.137709 1.722618 3.062206 18.741091 0.000000 0.000000 7.271081
 10652.000000 -296813.968750 409.639234 5.093967 1.694070 3.105849 23.311681 0.000000 0.000000 9.044357
 10654.000000 -297383.406250 409.346522 5.081711 1.803145 3.064471 19.156164 0.000000 0.000000 7.432119
 10656.000000 -297232.875000 409.301020 5.090061 1.771460 3.087212 21.550163 0.000000 0.000000 8.360932
 10658.000000 -297354.437500 408.446678 5.148391 1.687232 3.046730 17.646644 0.000000 0.000000 6.846463
 10660.000000 -297849.343750 408.323356 5.122622 1.842491 2.983051 12.250135 0.000000 0.000000 4.752750
 10662.000000 -297295.281250 408.989442 5.166838 1.703262 2.941461 9.279401 0.000000 0.000000 3.600179
 10664.000000 -296374.312500 410.131703 5.144351 1.675015 2.992062 13.127041 0.000000 0.000000 5.092968
 10666.000000 -296994.406250 410.304529 5.180905 1.729195 2.905709 7.122727 0.000000 0.000000 2.763442
 10668.000000 -297698.625000 409.458957 5.155829 1.784324 2.927317 8.535795 0.000000 0.000000 3.311678
 10670.000000 -296666.000000 409.114498 5.138055 1.784893 2.838973 3.783328 0.000000 0.000000 1.467838
 10672.000000 -296998.000000 409.718161 5.175410 1.718015 2.965977 11.398738 0.000000 0.000000 4.422429
 10674.000000 -296586.375000 410.131364 5.140337 1.755693 2.930221 8.925881 0.000000 0.000000 3.463022
 10676.000000 -297500.406250 410.871206 5.158938 1.739075 2.936635 9.428049 0.000000 0.000000 3.657850
 10678.000000 -296918.468750 410.631986 5.206372 1.775040 2.910790 7.799354 0.000000 0.000000 3.025957
 10680.000000 -296799.281250 410.858723 5.240091 1.755541 2.942716 9.991046 0.000000 0.000000 3.876279
 10682.000000 -297714.312500 411.122155 5.116809 1.828519 2.995890 14.186875 0.000000 0.000000 5.504158
 10684.000000 -297234.750000 411.381555 5.156358 1.778056 2.967119 11.944296 0.000000 0.000000 4.634092
 10686.000000 -296175.281250 410.713240 5.108457 1.643286 2.979528 13.003039 0.000000 0.000000 5.044859
 10688.000000 -296437.875000 410.779765 5.107498 1.713633 2.945210 10.455281 0.000000 0.000000 4.056391
 10690.000000 -297607.343750 411.580779 5.158832 1.674674 2.918261 8.663316 0.000000 0.000000 3.361153
 10692.000000 -297251.281250 413.684582 5.121732 1.693305 3.019523 16.700896 0.000000 0.000000 6.479536
 10694.000000 -296708.656250 412.516778 5.086404 1.646652 2.960026 11.783104 0.000000 0.000000 4.571554
 10696.000000 -296125.343750 411.720622 4.997329 1.667876 2.988329 14.139650 0.000000 0.000000 5.485836
 10698.000000 -295986.968750 412.152825 4.988534 1.662402 2.999281 15.162463 0.000000 0.000000 5.882662
 10700.000000 -297683.187500 410.314400 5.020566 1.674255 3.037901 18.808404 0.000000 0.000000 7.297197
 10702.000000 -297229.906250 410.327008 4.958456 1.696535 2.976275 13.388653 0.000000 0.000000 5.194467
 10704.000000 -296548.343750 410.165606 4.975226 1.696733 3.000748 15.553927 0.000000 0.000000 6.034540
 10706.000000 -297438.875000 409.137605 4.942903 1.683889 2.949395 11.430330 0.000000 0.000000 4.434686
 10708.000000 -297574.906250 409.983467 4.955791 1.619706 3.040200 19.424185 0.000000 0.000000 7.536105
 10710.000000 -296696.812500 410.763868 4.975539 1.592135 3.017383 17.333673 0.000000 0.000000 6.725038
 10712.000000 -297305.781250 409.080184 4.969699 1.568035 3.000235 15.862928 0.000000 0.000000 6.154425
 10714.000000 -297222.875000 407.733431 4.956714 1.554065 2.999549 15.890897 0.000000 0.000000 6.165276
 10716.000000 -297683.750000 408.033810 5.039629 1.561586 3.017150 17.592173 0.000000 0.000000 6.825329
 10718.000000 -296217.968750 409.581449 5.064177 1.692296 3.015804 17.559738 0.000000 0.000000 6.812745
 10720.000000 -295961.625000 409.188962 5.033471 1.716181 3.053974 21.421807 0.000000 0.000000 8.311133
 10722.000000 -296576.812500 409.120351 5.086734 1.651240 3.069857 23.204710 0.000000 0.000000 9.002855
 10724.000000 -296510.750000 408.770059 5.060884 1.643866 2.973522 14.071863 0.000000 0.000000 5.459536
 10726.000000 -297188.468750 408.923682 5.067958 1.686452 2.983444 15.002958 0.000000 0.000000 5.820778
 10728.000000 -296976.875000 410.347310 5.087076 1.681526 2.968623 13.829754 0.000000 0.000000 5.365603
 10730.000000 -297038.156250 408.766592 5.113901 1.634625 3.040485 20.552254 0.000000 0.000000 7.973768
 10732.000000 -297077.812500 410.934336 5.117083 1.660283 2.962002 13.448160 0.000000 0.000000 5.217555
 10734.000000 -297238.281250 410.747945 5.117570 1.633876 3.030124 19.713479 0.000000 0.000000 7.648344
 10736.000000 -296597.062500 411.360222 5.044885 1.743912 3.043773 21.194591 0.000000 0.000000 8.222978
 10738.000000 -296500.750000 411.734804 5.074084 1.754463 3.032583 20.158654 0.000000 0.000000 7.821060
 10740.000000 -297295.687500 410.627424 4.982652 1.731253 2.962957 13.857549 0.000000 0.000000 5.376387
 10742.000000 -296878.031250 411.650975 5.073072 1.661209 2.993386 16.597163 0.000000 0.000000 6.439290
 10744.000000 -297893.593750 410.547310 5.062345 1.691807 2.946377 12.670507 0.000000 0.000000 4.915844
 10746.000000 -296580.875000 409.758561 5.037887 1.742772 3.000665 17.453191 0.000000 0.000000 6.771408
 10748.000000 -296706.875000 410.727467 5.115304 1.673735 3.017423 19.151490 0.000000 0.000000 7.430306
 10750.000000 -296696.000000 411.849594 5.118160 1.694078 2.964040 14.368479 0.000000 0.000000 5.574615
 10752.000000 -297686.156250 410.612550 5.089183 1.672987 2.938587 12.370659 0.000000 0.000000 4.799510
 10754.000000 -297970.250000 410.316681 5.058905 1.685144 2.968267 14.901135 0.000000 0.000000 5.781273
 10756.000000 -296057.281250 410.224707 5.120540 1.673949 2.953007 13.695738 0.000000 0.000000 5.313608
 10758.000000 -296163.187500 411.199168 5.120492 1.680511 2.957022 14.113851 0.000000 0.000000 5.475826
 10760.000000 -296283.781250 410.507350 5.104084 1.631785 2.822719 5.136894 0.000000 0.000000 1.992988
 10762.000000 -297124.156250 411.041495 5.039895 1.640432 2.854619 6.939531 0.000000 0.000000 2.692367
 10764.000000 -297544.718750 410.415608 5.086705 1.630017 2.905747 10.349781 0.000000 0.000000 4.015460
 10766.000000 -297371.781250 410.241142 5.014683 1.615767 2.884830 8.966638 0.000000 0.000000 3.478834
 10768.000000 -296031.968750 411.805447 5.090184 1.611023 2.810139 4.711225 0.000000 0.000000 1.827839
 10770.000000 -297048.343750 410.631457 5.060498 1.511147 2.778662 3.348140 0.000000 0.000000 1.298996
 10772.000000 -296236.031250 410.297535 5.026903 1.461170 2.771605 3.104911 0.000000 0.000000 1.204629
 10774.000000 -297250.593750 409.679128 5.073100 1.478512 2.725548 1.583384 0.000000 0.000000 0.614314
 10776.000000 -296383.500000 410.681803 5.036833 1.555425 2.771192 3.167759 0.000000 0.000000 1.229012
 10778.000000 -296854.156250 410.571144 5.011232 1.498062 2.726290 1.661485 0.000000 0.000000 0.644615
 10780.000000 -295837.937500 409.172190 5.020067 1.547211 2.753649 2.579362 0.000000 0.000000 1.000729
 10782.000000 -296950.593750 410.139529 5.050647 1.463419 2.737482 2.063442 0.000000 0.000000 0.800565
 10784.000000 -295968.875000 410.650572 4.978518 1.505792 2.796396 4.436625 0.000000 0.000000 1.721301
 10786.000000 -297759.187500 410.240087 4.979154 1.469753 2.787945 4.092619 0.000000 0.000000 1.587835
 10788.000000 -297931.781250 409.327523 4.945002 1.508946 2.798469 4.630544 0.000000 0.000000 1.796537
 10790.000000 -297376.843750 408.514156 4.971613 1.511966 2.764313 3.172566 0.000000 0.000000 1.230878
 10792.000000 -296772.750000 408.677386 4.920522 1.522730 2.754784 2.841981 0.000000 0.000000 1.102619
 10794.000000 -296485.062500 410.611627 4.885641 1.496162 2.804068 5.053526 0.000000 0.000000 1.960643
 10796.000000 -296524.343750 410.388381 4.962206 1.504210 2.791768 4.501486 0.000000 0.000000 1.746466
 10798.000000 -296548.750000 411.332879 5.047556 1.506827 2.710766 1.506077 0.000000 0.000000 0.584321
 10800.000000 -296336.593750 411.407138 5.033106 1.488148 2.728482 2.063448 0.000000 0.000000 0.800567
 10802.000000 -296557.156250 411.632717 5.002849 1.468876 2.630569 0.124575 0.000000 0.000000 0.048332
 10804.000000 -296306.343750 411.868707 4.948678 1.513185 2.776531 3.984177 0.000000 0.000000 1.545762
 10806.000000 -296154.000000 413.136894 4.980621 1.514605 2.850186 8.012913 0.000000 0.000000 3.108813
 10808.000000 -296643.250000 412.259559 5.046092 1.500803 2.828144 6.736368 0.000000 0.000000 2.613545
 10810.000000 -297025.500000 410.756205 4.990987 1.461790 2.803924 5.456130 0.000000 0.000000 2.116844
 10812.000000 -297061.062500 410.151245 4.983757 1.391446 2.730490 2.328706 0.000000 0.000000 0.903480
 10814.000000 -296830.843750 410.443101 5.016566 1.457726 2.782191 4.474166 0.000000 0.000000 1.735866
 10816.000000 -297000.812500 411.391965 4.981100 1.421994 2.734888 2.552110 0.000000 0.000000 0.990156
 10818.000000 -296111.562500 410.947721 5.062608 1.393361 2.670729 0.794592 0.000000 0.000000 0.308282
 10820.000000 -296503.156250 411.352697 5.040142 1.468764 2.673018 0.861508 0.000000 0.000000 0.334244
 10822.000000 -297282.625000 410.910628 5.023615 1.472221 2.740229 2.858776 0.000000 0.000000 1.109135
 10824.000000 -296301.062500 410.698106 5.008506 1.409026 2.798417 5.534421 0.000000 0.000000 2.147219
 10826.000000 -297032.937500 411.595117 5.008944 1.399592 2.778657 4.591550 0.000000 0.000000 1.781408
 10828.000000 -296531.937500 411.303741 5.002696 1.400450 2.832256 7.580245 0.000000 0.000000 2.940948
 10830.000000 -296771.375000 411.681796 5.060788 1.414292 2.717825 2.205326 0.000000 0.000000 0.855612
 10832.000000 -297005.687500 410.914658 5.105486 1.395062 2.699130 1.656859 0.000000 0.000000 0.642820
 10834.000000 -297450.187500 410.113159 5.155964 1.420910 2.680311 1.183672 0.000000 0.000000 0.459236
 10836.000000 -296423.156250 410.587769 5.180578 1.426428 2.695042 1.597321 0.000000 0.000000 0.619721
 10838.000000 -297664.812500 410.157410 5.092663 1.396398 2.725011 2.592413 0.000000 0.000000 1.005793
 10840.000000 -298190.531250 410.203389 5.055998 1.406849 2.755843 3.865107 0.000000 0.000000 1.499566
 10842.000000 -298193.093750 409.807301 5.088421 1.443229 2.755184 3.880103 0.000000 0.000000 1.505384
 10844.000000 -297465.187500 410.267159 5.045585 1.395466 2.764191 4.333385 0.000000 0.000000 1.681246
 10846.000000 -298376.875000 409.305811 5.060538 1.379503 2.730187 2.933284 0.000000 0.000000 1.138042
 10848.000000 -298534.875000 409.077992 5.121762 1.351386 2.781674 5.287703 0.000000 0.000000 2.051498
 10850.000000 -299109.125000 410.125539 5.071587 1.333360 2.773125 4.906683 0.000000 0.000000 1.903672
 10852.000000 -297452.343750 409.493275 5.093322 1.345683 2.787609 5.703577 0.000000 0.000000 2.212847
 10854.000000 -297427.812500 410.603299 5.107341 1.411557 2.757106 4.236861 0.000000 0.000000 1.643798
 10856.000000 -297893.718750 410.044980 5.130536 1.350703 2.775970 5.200478 0.000000 0.000000 2.017657
 10858.000000 -296397.218750 409.995718 5.107467 1.399239 2.811613 7.236820 0.000000 0.000000 2.807708
 10860.000000 -296762.468750 410.685787 5.081710 1.360588 2.810513 7.230835 0.000000 0.000000 2.805386
 10862.000000 -296362.218750 410.665429 5.077018 1.351545 2.889418 12.833478 0.000000 0.000000 4.979073
 10864.000000 -296303.437500 409.902118 5.043364 1.411522 2.842522 9.420321 0.000000 0.000000 3.654852
 10866.000000 -296521.031250 409.340784 5.018303 1.376165 2.899525 13.821638 0.000000 0.000000 5.362455
 10868.000000 -296066.343750 410.276814 5.006621 1.398126 2.881272 12.424533 0.000000 0.000000 4.820412
 10870.000000 -296857.000000 409.936880 5.038752 1.436495 2.818236 8.016039 0.000000 0.000000 3.110025
 10872.000000 -296577.843750 410.489940 5.122350 1.368393 2.855078 10.590819 0.000000 0.000000 4.108976
 10874.000000 -296343.281250 410.016942 5.151151 1.456376 2.862381 11.203593 0.000000 0.000000 4.346718
 10876.000000 -295938.000000 410.733454 5.103620 1.411336 2.845089 10.017417 0.000000 0.000000 3.886511
 10878.000000 -296030.375000 409.266590 5.122195 1.480621 2.881177 12.814177 0.000000 0.000000 4.971585
 10880.000000 -297203.593750 409.071269 5.199842 1.479548 2.910414 15.348766 0.000000 0.000000 5.954943
 10882.000000 -296369.281250 409.650994 5.051689 1.361277 2.845796 10.281481 0.000000 0.000000 3.988961
 10884.000000 -298600.062500 409.926862 5.068980 1.411130 2.887412 13.564046 0.000000 0.000000 5.262515
 10886.000000 -297963.625000 409.568083 5.035012 1.459664 2.849604 10.702151 0.000000 0.000000 4.152171
 10888.000000 -297390.437500 409.920290 5.106561 1.426809 2.802421 7.590433 0.000000 0.000000 2.944901
 10890.000000 -297321.687500 409.317398 5.063424 1.467289 2.801623 7.602866 0.000000 0.000000 2.949725
 10892.000000 -296219.125000 410.410458 5.177945 1.420295 2.834745 9.852244 0.000000 0.000000 3.822428
 10894.000000 -296608.437500 410.146526 5.179185 1.460919 2.809472 8.222229 0.000000 0.000000 3.190022
 10896.000000 -296645.031250 410.132408 5.182130 1.445148 2.861377 11.964259 0.000000 0.000000 4.641838
 10898.000000 -297356.031250 409.280442 5.147378 1.491985 2.799097 7.693989 0.000000 0.000000 2.985078
 10900.000000 -297223.406250 409.548551 5.229517 1.577401 2.728266 3.972326 0.000000 0.000000 1.541165
 10902.000000 -296942.906250 409.308198 5.203971 1.460298 2.728923 4.046519 0.000000 0.000000 1.569950
 10904.000000 -296767.937500 409.727122 5.138690 1.428702 2.736552 4.444005 0.000000 0.000000 1.724164
 10906.000000 -297673.406250 408.538166 5.179778 1.469046 2.757577 5.542827 0.000000 0.000000 2.150480
 10908.000000 -297521.812500 409.330552 5.237823 1.446005 2.695171 2.781508 0.000000 0.000000 1.079156
 10910.000000 -297550.937500 409.330061 5.142875 1.479380 2.725696 4.081387 0.000000 0.000000 1.583477
 10912.000000 -298229.312500 408.330466 5.188197 1.492034 2.690902 2.697519 0.000000 0.000000 1.046571
 10914.000000 -298008.000000 408.210166 5.107282 1.519868 2.779740 7.005717 0.000000 0.000000 2.718045
 10916.000000 -298006.750000 410.414868 5.130369 1.533124 2.654955 1.594866 0.000000 0.000000 0.618769
 10918.000000 -297502.625000 411.478827 5.166409 1.530910 2.713985 3.740474 0.000000 0.000000 1.451212
 10920.000000 -297573.250000 411.496005 5.242740 1.498265 2.789545 7.784073 0.000000 0.000000 3.020029
 10922.000000 -297589.312500 409.357768 5.255909 1.516866 2.808665 9.089876 0.000000 0.000000 3.526648
 10924.000000 -296489.343750 410.563399 5.307894 1.461136 2.694977 3.080228 0.000000 0.000000 1.195052
 10926.000000 -296907.031250 410.371291 5.258918 1.497489 2.739162 5.108676 0.000000 0.000000 1.982040
 10928.000000 -297136.000000 410.164079 5.254813 1.510509 2.770349 6.864922 0.000000 0.000000 2.663420
 10930.000000 -296959.031250 409.269158 5.261179 1.432934 2.776497 7.290073 0.000000 0.000000 2.828369
 10932.000000 -295616.000000 409.390612 5.267623 1.487915 2.748602 5.756730 0.000000 0.000000 2.233469
 10934.000000 -296806.781250 409.868893 5.329694 1.564134 2.780436 7.653074 0.000000 0.000000 2.969204
 10936.000000 -296521.375000 408.637353 5.292849 1.487225 2.784418 7.964344 0.000000 0.000000 3.089969
 10938.000000 -297437.250000 408.969334 5.281771 1.513566 2.642818 1.562915 0.000000 0.000000 0.606373
 10940.000000 -296762.187500 410.405143 5.301907 1.546716 2.680367 2.826297 0.000000 0.000000 1.096533
 10942.000000 -296509.250000 409.969470 5.184125 1.554817 2.658775 2.105188 0.000000 0.000000 0.816761
 10944.000000 -296024.312500 410.445072 5.265410 1.590254 2.635048 1.432411 0.000000 0.000000 0.555740
 10946.000000 -297298.687500 410.841528 5.209077 1.585505 2.682855 3.036333 0.000000 0.000000 1.178022
 10948.000000 -296607.343750 410.807335 5.349644 1.564302 2.676278 2.822939 0.000000 0.000000 1.095231
 10950.000000 -296092.093750 412.598250 5.420297 1.560140 2.612165 0.949718 0.000000 0.000000 0.368467
 10952.000000 -296741.312500 411.724464 5.354972 1.554975 2.582623 0.429585 0.000000 0.000000 0.166668
 10954.000000 -296383.437500 410.991276 5.328293 1.596059 2.726040 5.153165 0.000000 0.000000 1.999301
 10956.000000 -295711.312500 412.347201 5.341331 1.635495 2.772432 7.839548 0.000000 0.000000 3.041551
 10958.000000 -296736.437500 410.998858 5.377936 1.605028 2.808399 10.324753 0.000000 0.000000 4.005749
 10960.000000 -295859.062500 411.604637 5.430554 1.550226 2.761150 7.269146 0.000000 0.000000 2.820249
 10962.000000 -296387.000000 412.312148 5.406330 1.575833 2.744389 6.350015 0.000000 0.000000 2.463649
 10964.000000 -296356.187500 410.112402 5.382918 1.544637 2.744512 6.413454 0.000000 0.000000 2.488262
 10966.000000 -296314.562500 410.280013 5.388740 1.607498 2.768738 7.921513 0.000000 0.000000 3.073352
 10968.000000 -296154.031250 410.365571 5.380820 1.587873 2.869523 15.622343 0.000000 0.000000 6.061084
 10970.000000 -297640.937500 411.711355 5.386011 1.526293 2.919330 20.435353 0.000000 0.000000 7.928413
 10972.000000 -297517.906250 410.202417 5.339751 1.572044 2.847135 13.872325 0.000000 0.000000 5.382120
 10974.000000 -298141.187500 409.549045 5.309362 1.580982 2.853670 14.506997 0.000000 0.000000 5.628357
 10976.000000 -297730.406250 408.671234 5.391612 1.575501 2.781356 9.069110 0.000000 0.000000 3.518591
 10978.000000 -297863.968750 409.454868 5.303206 1.543932 2.825534 12.366439 0.000000 0.000000 4.797873
 10980.000000 -296904.562500 409.051144 5.323197 1.539670 2.887565 17.819422 0.000000 0.000000 6.913496
 10982.000000 -297117.812500 409.471949 5.380405 1.592308 2.929673 22.120670 0.000000 0.000000 8.582274
 10984.000000 -297891.500000 410.247160 5.382073 1.551810 2.896561 18.872441 0.000000 0.000000 7.322042
 10986.000000 -297126.250000 410.761719 5.377533 1.566029 2.864981 16.018776 0.000000 0.000000 6.214890
 10988.000000 -297457.656250 410.718016 5.337641 1.594117 2.895097 18.924547 0.000000 0.000000 7.342257
 10990.000000 -297634.375000 409.257674 5.390581 1.541219 2.892716 18.790461 0.000000 0.000000 7.290236
 10992.000000 -298146.687500 408.588545 5.399031 1.536976 2.892136 18.831239 0.000000 0.000000 7.306056
 10994.000000 -297288.562500 408.772824 5.436559 1.571082 2.889276 18.651152 0.000000 0.000000 7.236187
 10996.000000 -297360.531250 409.347825 5.440318 1.606663 2.829892 13.439186 0.000000 0.000000 5.214073
 10998.000000 -296126.500000 408.896269 5.346739 1.634624 2.817404 12.513919 0.000000 0.000000 4.855092
 11000.000000 -296255.406250 410.847092 5.338345 1.616769 2.863731 16.537555 0.000000 0.000000 6.416163
 11002.000000 -296659.625000 409.517327 5.366885 1.582990 2.851473 15.529665 0.000000 0.000000 6.025127
 11004.000000 -296843.406250 409.841494 5.431141 1.602249 2.899743 20.174665 0.000000 0.000000 7.827272
 11006.000000 -296755.000000 409.589792 5.388000 1.588793 2.856751 16.177601 0.000000 0.000000 6.276510
 11008.000000 -297206.031250 408.076383 5.387961 1.545787 2.879121 18.347743 0.000000 0.000000 7.118472
 11010.000000 -297627.312500 408.591612 5.417264 1.513136 2.785253 10.530845 0.000000 0.000000 4.085708
 11012.000000 -296250.375000 408.237818 5.453203 1.549442 2.787321 10.754684 0.000000 0.000000 4.172552
 11014.000000 -296363.625000 408.805525 5.385880 1.579486 2.821749 13.509473 0.000000 0.000000 5.241343
 11016.000000 -295739.593750 409.765454 5.380225 1.601044 2.837355 14.908742 0.000000 0.000000 5.784224
 11018.000000 -296738.281250 409.808210 5.435565 1.591771 2.901514 21.065267 0.000000 0.000000 8.172804
 11020.000000 -297406.625000 410.642672 5.418709 1.600915 2.836033 14.967343 0.000000 0.000000 5.806960
 11022.000000 -297083.937500 411.053228 5.461908 1.648531 2.813978 13.201374 0.000000 0.000000 5.121808
 11024.000000 -297741.593750 410.805194 5.459994 1.649537 2.841487 15.619156 0.000000 0.000000 6.059847
 11026.000000 -295666.000000 411.930304 5.445530 1.618365 2.808009 12.880872 0.000000 0.000000 4.997461
 11028.000000 -295354.375000 411.537335 5.389348 1.591378 2.815272 13.552467 0.000000 0.000000 5.258023
 11030.000000 -296886.312500 411.406602 5.441392 1.589707 2.805840 12.867317 0.000000 0.000000 4.992202
 11032.000000 -296670.625000 410.667118 5.417000 1.660316 2.839736 15.818486 0.000000 0.000000 6.137182
 11034.000000 -296334.093750 410.305364 5.438806 1.639791 2.703508 6.077963 0.000000 0.000000 2.358100
 11036.000000 -297192.750000 409.434754 5.414275 1.586882 2.777671 10.927664 0.000000 0.000000 4.239664
 11038.000000 -298248.406250 409.494187 5.460854 1.620682 2.768612 10.340086 0.000000 0.000000 4.011698
 11040.000000 -297831.968750 409.287803 5.479699 1.657209 2.791526 12.131085 0.000000 0.000000 4.706562
 11042.000000 -297956.000000 409.517316 5.446944 1.606476 2.790469 12.126606 0.000000 0.000000 4.704824
 11044.000000 -296942.093750 409.846940 5.350492 1.604095 2.788194 12.027573 0.000000 0.000000 4.666402
 11046.000000 -296952.250000 410.909468 5.387233 1.615929 2.736455 8.414610 0.000000 0.000000 3.264661
 11048.000000 -297059.375000 409.773015 5.410391 1.602158 2.730256 8.080776 0.000000 0.000000 3.135142
 11050.000000 -297689.000000 410.231688 5.376678 1.561400 2.780292 11.650422 0.000000 0.000000 4.520076
 11052.000000 -296026.437500 411.160067 5.376696 1.602770 2.806094 13.785824 0.000000 0.000000 5.348560
 11054.000000 -296116.156250 411.603274 5.409251 1.616081 2.834381 16.324491 0.000000 0.000000 6.333500
 11056.000000 -296557.500000 411.870636 5.457655 1.691145 2.823663 15.458371 0.000000 0.000000 5.997467
 11058.000000 -297806.562500 413.392139 5.454506 1.679823 2.826530 15.800202 0.000000 0.000000 6.130089
 11060.000000 -295763.625000 411.987024 5.425084 1.608404 2.789809 12.784718 0.000000 0.000000 4.960155
 11062.000000 -296887.125000 411.417257 5.421862 1.577937 2.782140 12.257095 0.000000 0.000000 4.755450
 11064.000000 -296685.812500 410.952791 5.449816 1.552185 2.773913 11.697847 0.000000 0.000000 4.538476
 11066.000000 -295626.812500 410.831987 5.485443 1.553414 2.653696 4.356913 0.000000 0.000000 1.690375
 11068.000000 -296336.125000 410.677864 5.490567 1.652865 2.751087 10.159321 0.000000 0.000000 3.941566
 11070.000000 -296649.218750 411.266363 5.559799 1.614763 2.626700 3.268365 0.000000 0.000000 1.268045
 11072.000000 -296719.375000 410.826200 5.469820 1.620212 2.704061 7.203637 0.000000 0.000000 2.794833
 11074.000000 -296299.156250 410.456907 5.471693 1.605724 2.625467 3.299441 0.000000 0.000000 1.280102
 11076.000000 -296512.343750 409.737395 5.477025 1.597136 2.715536 8.035077 0.000000 0.000000 3.117412
 11078.000000 -295554.093750 409.283548 5.499668 1.624146 2.681449 6.074739 0.000000 0.000000 2.356849
 11080.000000 -297726.906250 409.129197 5.427758 1.646303 2.722573 8.618080 0.000000 0.000000 3.343603
 11082.000000 -297523.250000 408.729239 5.527534 1.616221 2.676690 5.923597 0.000000 0.000000 2.298210
 11084.000000 -298173.937500 407.413238 5.495486 1.663566 2.727059 9.049095 0.000000 0.000000 3.510826
 11086.000000 -296757.625000 408.591175 5.538925 1.670368 2.627448 3.631549 0.000000 0.000000 1.408951
 11088.000000 -298084.781250 408.759717 5.488286 1.679418 2.733289 9.611154 0.000000 0.000000 3.728891
 11090.000000 -296683.468750 410.430641 5.462844 1.666324 2.718597 8.685423 0.000000 0.000000 3.369730
 11092.000000 -295778.687500 410.625597 5.531697 1.676659 2.673002 5.995218 0.000000 0.000000 2.325997
 11094.000000 -298703.781250 410.288831 5.546036 1.727817 2.649246 4.814052 0.000000 0.000000 1.867733
 11096.000000 -297959.281250 410.306584 5.498166 1.622264 2.704245 7.953464 0.000000 0.000000 3.085748
 11098.000000 -297260.062500 409.049554 5.558319 1.696116 2.709705 8.366047 0.000000 0.000000 3.245820
 11100.000000 -296955.437500 408.297912 5.596181 1.643187 2.686484 6.990561 0.000000 0.000000 2.712165
 11102.000000 -297044.000000 409.434212 5.746165 1.741078 2.702646 8.042031 0.000000 0.000000 3.120110
 11104.000000 -297957.187500 408.927207 5.627857 1.716716 2.686953 7.137324 0.000000 0.000000 2.769106
 11106.000000 -298297.093750 409.897853 5.593058 1.661494 2.759109 12.176516 0.000000 0.000000 4.724188
 11108.000000 -297516.187500 409.405435 5.568849 1.678492 2.727472 9.903346 0.000000 0.000000 3.842254
 11110.000000 -298255.312500 408.729872 5.584247 1.635367 2.788114 14.715928 0.000000 0.000000 5.709417
 11112.000000 -297708.125000 408.500043 5.644649 1.640094 2.692974 7.748497 0.000000 0.000000 3.006226
 11114.000000 -298988.031250 407.727644 5.553632 1.648957 2.753318 12.037139 0.000000 0.000000 4.670113
 11116.000000 -297617.968750 408.330369 5.520464 1.645859 2.703909 8.574535 0.000000 0.000000 3.326708
 11118.000000 -297678.562500 408.710580 5.546291 1.659639 2.648262 5.369714 0.000000 0.000000 2.083317
 11120.000000 -299051.000000 408.844141 5.479216 1.637366 2.724300 10.103346 0.000000 0.000000 3.919849
 11122.000000 -297454.031250 409.180641 5.448966 1.602788 2.764057 13.207767 0.000000 0.000000 5.124288
 11124.000000 -297136.156250 409.155907 5.467251 1.585104 2.722605 10.125003 0.000000 0.000000 3.928252
 11126.000000 -296116.812500 410.388371 5.448454 1.593662 2.728026 10.586992 0.000000 0.000000 4.107492
 11128.000000 -296539.906250 410.043397 5.451985 1.593141 2.710914 9.447181 0.000000 0.000000 3.665273
 11130.000000 -296283.031250 410.510548 5.516514 1.615810 2.651783 5.874364 0.000000 0.000000 2.279108
 11132.000000 -296230.062500 410.196717 5.529375 1.568812 2.766885 13.851585 0.000000 0.000000 5.374074
 11134.000000 -296573.562500 411.827932 5.523244 1.544186 2.769857 14.184041 0.000000 0.000000 5.503058
 11136.000000 -296991.750000 409.926509 5.576792 1.493329 2.773994 14.620022 0.000000 0.000000 5.672208
 11138.000000 -297336.343750 407.935963 5.527745 1.501067 2.757783 13.348358 0.000000 0.000000 5.178834
 11140.000000 -297120.062500 408.958265 5.543809 1.522356 2.760862 13.683731 0.000000 0.000000 5.308950
 11142.000000 -295457.156250 410.393863 5.567671 1.524464 2.736255 11.800702 0.000000 0.000000 4.578381
 11144.000000 -296210.187500 410.804198 5.617784 1.572879 2.714822 10.283369 0.000000 0.000000 3.989694
 11146.000000 -296849.281250 412.752998 5.522965 1.456900 2.637431 5.535136 0.000000 0.000000 2.147496
 11148.000000 -296583.062500 411.896120 5.579326 1.502016 2.690549 8.748295 0.000000 0.000000 3.394123
 11150.000000 -295761.937500 410.641929 5.607989 1.538058 2.675214 7.825896 0.000000 0.000000 3.036255
 11152.000000 -296248.031250 410.358410 5.497535 1.573079 2.754189 13.628084 0.000000 0.000000 5.287361
 11154.000000 -296871.593750 409.358147 5.562449 1.509079 2.717295 10.826201 0.000000 0.000000 4.200299
 11156.000000 -296630.968750 409.512353 5.542424 1.449030 2.632763 5.552647 0.000000 0.000000 2.154290
 11158.000000 -296474.281250 409.795113 5.427461 1.476953 2.686174 8.789689 0.000000 0.000000 3.410183
 11160.000000 -295959.906250 410.038839 5.501454 1.444586 2.713179 10.744216 0.000000 0.000000 4.168491
 11162.000000 -295661.750000 410.909776 5.501699 1.534659 2.694063 9.457458 0.000000 0.000000 3.669260
 11164.000000 -296065.531250 411.032666 5.525318 1.549360 2.710276 10.678157 0.000000 0.000000 4.142862
 11166.000000 -297276.968750 411.862554 5.512430 1.543516 2.754647 14.250676 0.000000 0.000000 5.528911
 11168.000000 -296469.031250 411.915186 5.484427 1.517551 2.759249 14.727524 0.000000 0.000000 5.713916
 11170.000000 -297272.000000 410.952737 5.597946 1.552791 2.743627 13.499478 0.000000 0.000000 5.237465
 11172.000000 -295934.500000 410.173562 5.564129 1.465688 2.729999 12.481959 0.000000 0.000000 4.842692
 11174.000000 -295037.375000 410.986844 5.608460 1.497011 2.722096 11.942544 0.000000 0.000000 4.633412
 11176.000000 -296448.281250 410.449862 5.677095 1.480600 2.744821 13.846225 0.000000 0.000000 5.371994
 11178.000000 -296164.000000 410.847673 5.707534 1.482146 2.749013 14.281623 0.000000 0.000000 5.540917
 11180.000000 -297297.062500 411.082438 5.752471 1.492232 2.804961 19.499275 0.000000 0.000000 7.565238
 11182.000000 -296390.468750 410.017974 5.553308 1.555927 2.753463 14.831876 0.000000 0.000000 5.754402
 11184.000000 -296368.062500 411.117036 5.595224 1.551219 2.707982 11.248675 0.000000 0.000000 4.364209
 11186.000000 -298017.250000 410.920816 5.518939 1.598908 2.708975 11.398638 0.000000 0.000000 4.422390
 11188.000000 -296548.218750 410.625265 5.495727 1.461953 2.802567 19.658149 0.000000 0.000000 7.626877
 11190.000000 -296988.187500 410.901076 5.551319 1.534348 2.732833 13.434308 0.000000 0.000000 5.212180
 11192.000000 -296052.687500 411.672934 5.583435 1.562531 2.696381 10.685852 0.000000 0.000000 4.145847
 11194.000000 -295958.875000 410.526621 5.657459 1.560341 2.621434 5.964193 0.000000 0.000000 2.313960
 11196.000000 -297901.437500 410.682527 5.653720 1.538434 2.584600 4.167840 0.000000 0.000000 1.617019
 11198.000000 -297818.187500 410.190454 5.581999 1.539338 2.651562 7.847663 0.000000 0.000000 3.044700
 11200.000000 -296705.468750 410.439561 5.652348 1.532371 2.699402 11.205159 0.000000 0.000000 4.347325
 11202.000000 -296524.687500 410.974462 5.567911 1.524040 2.724865 13.273499 0.000000 0.000000 5.149790
 11204.000000 -297276.406250 410.589679 5.575342 1.469907 2.659448 8.544360 0.000000 0.000000 3.315001
 11206.000000 -297178.718750 410.657392 5.558944 1.461037 2.667111 9.119971 0.000000 0.000000 3.538324
 11208.000000 -298118.281250 408.890783 5.682869 1.454320 2.661578 8.816456 0.000000 0.000000 3.420567
 11210.000000 -298098.468750 409.618857 5.568174 1.473485 2.665774 9.164808 0.000000 0.000000 3.555719
 11212.000000 -297377.843750 409.456976 5.680050 1.529617 2.690014 10.953002 0.000000 0.000000 4.249495
 11214.000000 -296648.437500 409.404290 5.666224 1.523617 2.630619 7.057843 0.000000 0.000000 2.738269
 11216.000000 -296797.812500 409.284968 5.628738 1.509079 2.643057 7.878672 0.000000 0.000000 3.056730
 11218.000000 -297113.125000 410.931249 5.620429 1.460853 2.670355 9.754881 0.000000 0.000000 3.784653
 11220.000000 -298185.687500 411.426587 5.611081 1.452361 2.688793 11.159661 0.000000 0.000000 4.329673
 11222.000000 -296999.562500 410.404788 5.599504 1.477013 2.680712 10.636952 0.000000 0.000000 4.126875
 11224.000000 -296640.781250 411.074042 5.618765 1.487686 2.651702 8.692375 0.000000 0.000000 3.372427
 11226.000000 -297876.187500 411.094130 5.667412 1.540155 2.618923 6.723507 0.000000 0.000000 2.608555
 11228.000000 -297793.343750 409.642506 5.639820 1.524848 2.653357 8.934958 0.000000 0.000000 3.466543
 11230.000000 -296911.000000 409.520801 5.658287 1.512283 2.557162 3.704974 0.000000 0.000000 1.437439
 11232.000000 -296801.562500 409.374900 5.664848 1.499926 2.595232 5.577386 0.000000 0.000000 2.163888
 11234.000000 -297144.156250 409.698402 5.665118 1.513870 2.526192 2.562992 0.000000 0.000000 0.994378
 11236.000000 -296224.281250 410.772069 5.650564 1.569352 2.618640 6.999836 0.000000 0.000000 2.715764
 11238.000000 -297037.093750 411.839226 5.646417 1.540034 2.572431 4.580720 0.000000 0.000000 1.777206
 11240.000000 -296657.281250 411.261179 5.600368 1.547114 2.555600 3.854424 0.000000 0.000000 1.495421
 11242.000000 -296294.531250 411.030599 5.594329 1.529669 2.588852 5.504717 0.000000 0.000000 2.135694
 11244.000000 -296184.093750 409.874148 5.602752 1.537380 2.554766 3.905798 0.000000 0.000000 1.515353
 11246.000000 -296180.031250 409.323581 5.564609 1.593405 2.595734 5.980579 0.000000 0.000000 2.320317
 11248.000000 -296498.000000 409.065856 5.581485 1.571633 2.603721 6.482132 0.000000 0.000000 2.514907
 11250.000000 -297469.156250 409.716047 5.629651 1.570246 2.671594 10.996022 0.000000 0.000000 4.266185
 11252.000000 -296178.750000 410.970950 5.607296 1.566569 2.675858 11.389758 0.000000 0.000000 4.418945
 11254.000000 -295872.718750 410.260170 5.625279 1.552768 2.686748 12.304715 0.000000 0.000000 4.773926
 11256.000000 -297167.375000 410.803199 5.647983 1.569408 2.588052 5.834793 0.000000 0.000000 2.263756
 11258.000000 -297084.343750 410.327882 5.648477 1.555794 2.587624 5.865747 0.000000 0.000000 2.275765
 11260.000000 -297311.156250 408.637332 5.576194 1.567979 2.576712 5.341253 0.000000 0.000000 2.072274
 11262.000000 -296612.875000 410.363358 5.581396 1.526450 2.623354 8.086985 0.000000 0.000000 3.137551
 11264.000000 -297605.843750 409.976903 5.597616 1.449485 2.613243 7.518020 0.000000 0.000000 2.916806
 11266.000000 -295453.968750 410.707436 5.666248 1.445133 2.585682 5.977712 0.000000 0.000000 2.319205
 11268.000000 -296476.093750 411.263281 5.672148 1.435496 2.564998 4.950035 0.000000 0.000000 1.920491
 11270.000000 -296029.406250 411.185195 5.645661 1.478029 2.544490 4.027073 0.000000 0.000000 1.562405
 11272.000000 -296646.531250 410.062754 5.603092 1.477671 2.601378 7.043568 0.000000 0.000000 2.732731
 11274.000000 -297154.656250 409.763294 5.528974 1.476227 2.570735 5.394229 0.000000 0.000000 2.092828
 11276.000000 -297082.375000 410.997597 5.614581 1.566164 2.597692 6.943833 0.000000 0.000000 2.694036
 11278.000000 -297309.593750 409.675865 5.588185 1.527944 2.627194 8.857435 0.000000 0.000000 3.436466
 11280.000000 -296904.437500 409.388957 5.596095 1.512889 2.630447 9.142683 0.000000 0.000000 3.547135
 11282.000000 -296569.843750 409.216553 5.647929 1.488223 2.682554 13.085873 0.000000 0.000000 5.076996
 11284.000000 -296095.750000 409.982282 5.689825 1.529135 2.650379 10.685709 0.000000 0.000000 4.145792
 11286.000000 -296739.187500 409.393172 5.640309 1.517164 2.632711 9.502097 0.000000 0.000000 3.686579
 11288.000000 -296442.781250 409.894273 5.621093 1.556487 2.679904 13.114206 0.000000 0.000000 5.087989
 11290.000000 -297755.062500 409.799788 5.637875 1.557042 2.588762 6.830556 0.000000 0.000000 2.650087
 11292.000000 -297737.281250 409.082653 5.637188 1.501354 2.534661 4.079809 0.000000 0.000000 1.582865
 11294.000000 -296884.906250 408.722339 5.633598 1.489296 2.538085 4.282054 0.000000 0.000000 1.661331
 11296.000000 -297348.437500 408.110903 5.611000 1.463369 2.474479 1.875151 0.000000 0.000000 0.727513
 11298.000000 -297594.406250 408.971200 5.621626 1.455389 2.508732 3.109936 0.000000 0.000000 1.206579
 11300.000000 -297569.625000 408.153428 5.730569 1.441301 2.502786 2.917961 0.000000 0.000000 1.132097
 11302.000000 -296448.750000 409.261733 5.641118 1.407023 2.512665 3.348286 0.000000 0.000000 1.299052
 11304.000000 -295821.375000 408.439489 5.643377 1.386404 2.538043 4.514522 0.000000 0.000000 1.751523
 11306.000000 -296838.562500 409.142699 5.648505 1.391081 2.512248 3.413343 0.000000 0.000000 1.324293
 11308.000000 -296594.281250 409.151395 5.621491 1.448604 2.584999 7.140093 0.000000 0.000000 2.770180
 11310.000000 -298234.687500 409.431437 5.598526 1.488283 2.512980 3.527169 0.000000 0.000000 1.368455
 11312.000000 -297649.343750 409.322616 5.628752 1.503089 2.496020 2.888754 0.000000 0.000000 1.120765
 11314.000000 -296458.750000 408.959750 5.629930 1.501983 2.518794 3.862950 0.000000 0.000000 1.498729
 11316.000000 -296949.093750 409.986128 5.649753 1.492087 2.499991 3.120151 0.000000 0.000000 1.210542
 11318.000000 -297156.875000 410.168937 5.539002 1.497841 2.495858 2.997611 0.000000 0.000000 1.162999
 11320.000000 -297146.093750 409.667596 5.623748 1.487064 2.469442 2.094397 0.000000 0.000000 0.812574
 11322.000000 -295814.843750 410.957308 5.561696 1.466741 2.518647 4.034136 0.000000 0.000000 1.565145
 11324.000000 -296939.343750 408.999396 5.587384 1.469593 2.525190 4.380028 0.000000 0.000000 1.699343
 11326.000000 -297347.500000 409.126110 5.567095 1.499434 2.518762 4.129693 0.000000 0.000000 1.602219
 11328.000000 -297321.781250 408.564042 5.578974 1.539830 2.551831 5.822863 0.000000 0.000000 2.259127
 11330.000000 -297893.062500 408.592131 5.564774 1.561860 2.535136 5.006781 0.000000 0.000000 1.942508
 11332.000000 -298494.000000 408.040004 5.566358 1.528755 2.526653 4.639382 0.000000 0.000000 1.799966
 11334.000000 -298723.218750 409.319023 5.541357 1.568937 2.551029 5.942095 0.000000 0.000000 2.305386
 11336.000000 -297918.687500 408.792528 5.627607 1.543669 2.543878 5.611552 0.000000 0.000000 2.177144
 11338.000000 -298470.531250 408.761597 5.595043 1.472886 2.657544 13.328887 0.000000 0.000000 5.171280
 11340.000000 -297323.250000 408.624021 5.630258 1.543929 2.569666 7.180002 0.000000 0.000000 2.785664
 11342.000000 -297244.375000 408.921546 5.655962 1.581335 2.643781 12.385883 0.000000 0.000000 4.805417
 11344.000000 -295579.531250 409.150614 5.638626 1.581147 2.634203 11.720025 0.000000 0.000000 4.547081
 11346.000000 -297883.281250 407.744802 5.635857 1.579624 2.635466 11.893932 0.000000 0.000000 4.614552
 11348.000000 -298587.187500 407.946621 5.581301 1.584805 2.643628 12.610964 0.000000 0.000000 4.892743
 11350.000000 -297884.718750 409.025332 5.595144 1.653123 2.656086 13.702207 0.000000 0.000000 5.316119
 11352.000000 -297074.343750 409.677353 5.598182 1.594357 2.680027 15.844379 0.000000 0.000000 6.147228
 11354.000000 -296813.562500 409.651118 5.606973 1.546326 2.717049 19.409364 0.000000 0.000000 7.530355
 11356.000000 -295663.375000 410.113895 5.622981 1.517130 2.646029 13.124371 0.000000 0.000000 5.091932
 11358.000000 -298233.687500 408.739023 5.666396 1.493579 2.644871 13.111518 0.000000 0.000000 5.086946
 11360.000000 -297785.875000 408.626404 5.704253 1.469626 2.659448 14.403096 0.000000 0.000000 5.588046
 11362.000000 -298386.250000 409.562556 5.662522 1.488356 2.671906 15.567803 0.000000 0.000000 6.039923
 11364.000000 -297356.687500 410.267418 5.649521 1.471954 2.704424 18.665416 0.000000 0.000000 7.241721
 11366.000000 -297600.343750 409.341142 5.701845 1.513412 2.623155 11.716374 0.000000 0.000000 4.545664
 11368.000000 -297325.875000 408.458794 5.677892 1.496558 2.633738 12.619668 0.000000 0.000000 4.896120
 11370.000000 -297855.625000 408.586478 5.709512 1.481464 2.610964 10.949300 0.000000 0.000000 4.248058
 11372.000000 -297495.875000 408.086061 5.631108 1.506963 2.599793 10.209718 0.000000 0.000000 3.961119
 11374.000000 -297586.531250 408.823341 5.685978 1.492337 2.554164 7.270027 0.000000 0.000000 2.820591
 11376.000000 -297380.187500 408.197232 5.661592 1.539663 2.540803 6.543834 0.000000 0.000000 2.538846
 11378.000000 -298721.281250 407.684274 5.666963 1.510019 2.487664 3.901273 0.000000 0.000000 1.513598
 11380.000000 -297905.750000 409.598812 5.688262 1.470594 2.560405 7.837837 0.000000 0.000000 3.040887
 11382.000000 -299405.843750 408.106769 5.698102 1.484473 2.532360 6.236216 0.000000 0.000000 2.419498
 11384.000000 -298219.062500 407.936085 5.667170 1.427867 2.524405 5.853897 0.000000 0.000000 2.271168
 11386.000000 -297594.250000 408.267560 5.659144 1.387934 2.573550 8.881082 0.000000 0.000000 3.445641
 11388.000000 -298873.406250 409.938223 5.682366 1.377429 2.594748 10.421940 0.000000 0.000000 4.043456
 11390.000000 -297517.218750 408.558799 5.643989 1.350068 2.652953 15.133894 0.000000 0.000000 5.871578
 11392.000000 -297323.281250 409.165066 5.645801 1.336767 2.665187 16.307014 0.000000 0.000000 6.326719
 11394.000000 -297348.031250 409.834744 5.647593 1.355416 2.654183 15.416176 0.000000 0.000000 5.981096
 11396.000000 -297906.187500 410.135044 5.652548 1.328783 2.645307 14.732478 0.000000 0.000000 5.715838
 11398.000000 -297556.062500 409.413087 5.615487 1.396427 2.600205 11.190430 0.000000 0.000000 4.341611
 11400.000000 -298021.218750 408.916626 5.620578 1.408893 2.542327 7.340305 0.000000 0.000000 2.847857
 11402.000000 -296565.343750 409.990579 5.669092 1.447800 2.611041 12.171208 0.000000 0.000000 4.722128
 11404.000000 -296400.562500 409.961969 5.631527 1.466551 2.661899 16.552822 0.000000 0.000000 6.422087
 11406.000000 -297706.781250 409.277237 5.613387 1.481246 2.623486 13.324132 0.000000 0.000000 5.169435
 11408.000000 -296974.312500 409.048739 5.581041 1.452355 2.644150 15.151016 0.000000 0.000000 5.878220
 11410.000000 -297868.343750 407.794504 5.540131 1.414750 2.570226 9.468690 0.000000 0.000000 3.673618
 11412.000000 -298248.531250 407.325908 5.591138 1.478478 2.550719 8.238112 0.000000 0.000000 3.196184
 11414.000000 -297547.218750 407.993683 5.543506 1.479839 2.569561 9.560719 0.000000 0.000000 3.709323
 11416.000000 -298251.562500 407.480187 5.599920 1.448687 2.587763 10.934436 0.000000 0.000000 4.242292
 11418.000000 -297915.437500 408.348928 5.603906 1.406691 2.529580 7.115052 0.000000 0.000000 2.760465
 11420.000000 -297866.187500 408.025494 5.627328 1.406461 2.590983 11.323813 0.000000 0.000000 4.393360
 11422.000000 -295668.312500 409.186992 5.699724 1.398789 2.637539 15.184903 0.000000 0.000000 5.891368
 11424.000000 -297414.250000 410.093663 5.656891 1.354333 2.568600 9.842017 0.000000 0.000000 3.818460
 11426.000000 -296765.531250 409.572578 5.669660 1.359481 2.652801 16.726339 0.000000 0.000000 6.489407
 11428.000000 -295590.875000 410.200824 5.633824 1.347596 2.641715 15.816662 0.000000 0.000000 6.136475
 11430.000000 -296357.093750 409.167254 5.703526 1.334446 2.607786 13.023840 0.000000 0.000000 5.052929
 11432.000000 -297662.156250 408.119372 5.684043 1.305056 2.610252 13.305069 0.000000 0.000000 5.162039
 11434.000000 -298007.812500 408.544211 5.692754 1.318202 2.519233 6.975775 0.000000 0.000000 2.706429
 11436.000000 -297655.937500 408.629630 5.751114 1.295099 2.534016 7.939000 0.000000 0.000000 3.080136
 11438.000000 -296872.187500 409.222454 5.741219 1.277426 2.512081 6.674795 0.000000 0.000000 2.589656
 11440.000000 -297594.625000 408.860919 5.726301 1.300469 2.541809 8.567984 0.000000 0.000000 3.324166
 11442.000000 -296919.812500 409.971348 5.733424 1.245883 2.533355 8.087080 0.000000 0.000000 3.137588
 11444.000000 -298018.218750 409.721438 5.661349 1.280644 2.456858 3.998759 0.000000 0.000000 1.551420
 11446.000000 -296916.312500 409.451978 5.693736 1.193558 2.476105 4.955358 0.000000 0.000000 1.922557
 11448.000000 -296891.406250 410.381885 5.683114 1.258124 2.481610 5.284457 0.000000 0.000000 2.050239
 11450.000000 -296607.843750 409.935637 5.649745 1.258377 2.528233 8.015849 0.000000 0.000000 3.109952
 11452.000000 -296053.187500 410.747747 5.671479 1.308558 2.541411 8.938567 0.000000 0.000000 3.467944
 11454.000000 -297378.968750 410.173693 5.659646 1.340178 2.575066 11.405506 0.000000 0.000000 4.425055
 11456.000000 -297579.843750 409.418560 5.696814 1.338044 2.544375 9.273501 0.000000 0.000000 3.597890
 11458.000000 -298744.031250 409.731453 5.660049 1.335479 2.595231 13.140748 0.000000 0.000000 5.098286
 11460.000000 -297194.500000 409.516480 5.695609 1.330681 2.650342 18.082547 0.000000 0.000000 7.015582
 11462.000000 -297877.718750 409.392278 5.697894 1.306143 2.551528 9.977779 0.000000 0.000000 3.871132
 11464.000000 -297705.093750 410.489230 5.690456 1.293498 2.498525 6.642724 0.000000 0.000000 2.577213
 11466.000000 -297199.125000 408.796997 5.683493 1.330748 2.554004 10.296393 0.000000 0.000000 3.994746
 11468.000000 -298054.718750 408.512994 5.613285 1.329017 2.500707 6.885909 0.000000 0.000000 2.671563
 11470.000000 -297311.062500 408.249166 5.616201 1.386610 2.468856 5.194670 0.000000 0.000000 2.015404
 11472.000000 -297520.656250 408.525689 5.590885 1.335148 2.479890 5.826064 0.000000 0.000000 2.260369
 11474.000000 -297394.250000 408.182481 5.553799 1.394259 2.576249 12.265651 0.000000 0.000000 4.758770
 11476.000000 -296960.750000 408.757912 5.598495 1.343535 2.554500 10.694530 0.000000 0.000000 4.149214
 11478.000000 -296341.812500 409.474222 5.601545 1.308663 2.501346 7.220776 0.000000 0.000000 2.801483
 11480.000000 -296607.031250 410.208286 5.580727 1.294212 2.542416 9.969879 0.000000 0.000000 3.868067
 11482.000000 -297258.312500 410.828342 5.573392 1.313181 2.547749 10.421967 0.000000 0.000000 4.043466
 11484.000000 -297492.312500 410.121530 5.580082 1.313209 2.483426 6.352091 0.000000 0.000000 2.464455
 11486.000000 -297519.250000 408.753551 5.591197 1.351898 2.534300 9.611884 0.000000 0.000000 3.729174
 11488.000000 -297678.562500 409.638116 5.563857 1.425829 2.555563 11.217234 0.000000 0.000000 4.352010
 11490.000000 -297053.437500 409.260649 5.638468 1.359898 2.583108 13.456894 0.000000 0.000000 5.220943
 11492.000000 -298741.000000 409.257614 5.594133 1.426698 2.523842 9.101838 0.000000 0.000000 3.531289
 11494.000000 -298116.406250 408.959363 5.633086 1.396559 2.532904 9.793282 0.000000 0.000000 3.799552
 11496.000000 -298380.000000 408.907949 5.668233 1.436418 2.469074 5.890122 0.000000 0.000000 2.285222
 11498.000000 -298385.437500 408.864122 5.634491 1.430637 2.509523 8.354277 0.000000 0.000000 3.241253
 11500.000000 -298199.187500 408.760382 5.695741 1.456049 2.420971 3.653902 0.000000 0.000000 1.417624
 11502.000000 -298145.187500 408.243035 5.645772 1.475415 2.472685 6.254352 0.000000 0.000000 2.426534
 11504.000000 -299098.968750 408.921179 5.692854 1.469669 2.492535 7.474645 0.000000 0.000000 2.899978
 11506.000000 -297985.687500 408.683250 5.677364 1.489314 2.532180 10.165928 0.000000 0.000000 3.944129
 11508.000000 -298181.781250 407.923310 5.684655 1.483513 2.528439 9.971459 0.000000 0.000000 3.868680
 11510.000000 -298622.531250 407.977373 5.711432 1.496206 2.531482 10.259016 0.000000 0.000000 3.980245
 11512.000000 -298532.375000 408.531514 5.681342 1.506211 2.499321 8.148578 0.000000 0.000000 3.161447
 11514.000000 -297972.750000 408.370995 5.677998 1.437944 2.499324 8.212753 0.000000 0.000000 3.186346
 11516.000000 -297519.437500 407.736421 5.684229 1.453645 2.487156 7.512695 0.000000 0.000000 2.914740
 11518.000000 -298529.281250 407.900096 5.731435 1.432112 2.557770 12.542909 0.000000 0.000000 4.866339
 11520.000000 -298440.156250 408.996746 5.700302 1.466196 2.556077 12.488105 0.000000 0.000000 4.845077
 11522.000000 -297361.875000 410.106895 5.710696 1.502023 2.504980 8.843149 0.000000 0.000000 3.430924
 11524.000000 -297569.562500 411.063420 5.670839 1.507917 2.537161 11.187147 0.000000 0.000000 4.340337
 11526.000000 -297284.687500 410.277379 5.662987 1.524575 2.635884 19.888551 0.000000 0.000000 7.716267
 11528.000000 -297990.531250 409.583818 5.718485 1.497811 2.598912 16.463178 0.000000 0.000000 6.387307
 11530.000000 -298975.062500 410.545116 5.690174 1.506781 2.503734 9.027238 0.000000 0.000000 3.502346
 11532.000000 -298466.937500 410.828989 5.624373 1.550516 2.601588 16.890084 0.000000 0.000000 6.552936
 11534.000000 -298476.031250 410.938003 5.692775 1.525502 2.561181 13.462842 0.000000 0.000000 5.223251
 11536.000000 -297226.500000 410.630344 5.629619 1.569096 2.533267 11.345260 0.000000 0.000000 4.401681
 11538.000000 -297701.687500 409.889018 5.693186 1.594194 2.601837 17.190002 0.000000 0.000000 6.669297
 11540.000000 -297238.031250 409.072985 5.656576 1.573028 2.511629 9.914359 0.000000 0.000000 3.846527
 11542.000000 -297702.937500 408.527729 5.658300 1.675444 2.491407 8.607153 0.000000 0.000000 3.339363
 11544.000000 -297553.281250 408.652269 5.695285 1.673026 2.427940 4.997007 0.000000 0.000000 1.938715
 11546.000000 -296826.750000 409.973677 5.737529 1.703228 2.433679 5.339544 0.000000 0.000000 2.071612
 11548.000000 -296233.187500 408.782821 5.687235 1.650903 2.475176 7.761074 0.000000 0.000000 3.011105
 11550.000000 -296782.875000 409.885744 5.621914 1.578042 2.529698 11.605114 0.000000 0.000000 4.502498
 11552.000000 -296532.187500 411.394365 5.724206 1.582834 2.555521 13.738242 0.000000 0.000000 5.330099
 11554.000000 -297420.375000 410.598658 5.759818 1.520998 2.438704 5.816049 0.000000 0.000000 2.256483
 11556.000000 -297851.937500 409.295060 5.780988 1.522226 2.464889 7.374389 0.000000 0.000000 2.861081
 11558.000000 -296485.687500 409.485314 5.841527 1.539632 2.456729 6.946039 0.000000 0.000000 2.694892
 11560.000000 -296888.062500 409.267096 5.835888 1.549394 2.468626 7.726887 0.000000 0.000000 2.997842
 11562.000000 -297051.906250 409.504046 5.785432 1.495935 2.435093 5.837011 0.000000 0.000000 2.264616
 11564.000000 -297229.781250 409.341586 5.730101 1.487373 2.374856 3.075486 0.000000 0.000000 1.193213
 11566.000000 -296378.656250 409.240015 5.833307 1.421315 2.381149 3.368114 0.000000 0.000000 1.306745
 11568.000000 -297696.781250 410.786642 5.846552 1.465580 2.395986 4.049382 0.000000 0.000000 1.571060
 11570.000000 -297772.781250 410.177342 5.776071 1.424383 2.400613 4.306508 0.000000 0.000000 1.670819
 11572.000000 -296485.750000 411.288256 5.810231 1.410955 2.405145 4.567056 0.000000 0.000000 1.771905
 11574.000000 -297728.875000 411.269217 5.756729 1.321058 2.408999 4.801943 0.000000 0.000000 1.863035
 11576.000000 -297053.218750 412.094171 5.753752 1.359577 2.432495 6.077238 0.000000 0.000000 2.357818
 11578.000000 -296905.500000 412.326175 5.755098 1.357239 2.413909 5.146506 0.000000 0.000000 1.996718
 11580.000000 -297103.468750 411.289407 5.769533 1.373407 2.435453 6.353634 0.000000 0.000000 2.465053
 11582.000000 -296781.437500 411.091029 5.737238 1.320015 2.439846 6.661232 0.000000 0.000000 2.584394
 11584.000000 -297766.531250 410.584720 5.780494 1.366642 2.413863 5.297425 0.000000 0.000000 2.055270
 11586.000000 -298568.562500 409.434121 5.779315 1.412409 2.398413 4.579866 0.000000 0.000000 1.776875
 11588.000000 -297856.375000 409.424821 5.710925 1.430594 2.452396 7.588844 0.000000 0.000000 2.944284
 11590.000000 -297092.937500 409.034028 5.656774 1.378165 2.372817 3.520300 0.000000 0.000000 1.365790
 11592.000000 -297850.343750 409.254534 5.709888 1.400308 2.404904 5.045280 0.000000 0.000000 1.957444
 11594.000000 -298234.125000 410.174267 5.690906 1.386776 2.464967 8.578360 0.000000 0.000000 3.328192
 11596.000000 -297466.093750 410.499456 5.725867 1.366822 2.486056 10.085986 0.000000 0.000000 3.913114
 11598.000000 -297626.906250 411.564962 5.781870 1.370192 2.419012 5.941167 0.000000 0.000000 2.305026
 11600.000000 -297058.718750 412.064415 5.692122 1.359403 2.402617 5.131702 0.000000 0.000000 1.990974
 11602.000000 -297058.625000 410.941301 5.681287 1.371528 2.408380 5.479984 0.000000 0.000000 2.126098
 11604.000000 -297058.062500 410.910444 5.750031 1.408105 2.429612 6.705523 0.000000 0.000000 2.601578
 11606.000000 -296662.343750 410.724825 5.736225 1.398764 2.436724 7.183424 0.000000 0.000000 2.786991
 11608.000000 -296985.843750 409.500147 5.807953 1.395387 2.518677 13.015035 0.000000 0.000000 5.049513
 11610.000000 -296442.812500 410.321746 5.843771 1.383106 2.528911 13.937055 0.000000 0.000000 5.407234
 11612.000000 -296433.343750 410.699726 5.846476 1.443606 2.491770 11.083406 0.000000 0.000000 4.300088
 11614.000000 -297299.062500 410.655711 5.777321 1.358472 2.485977 10.729428 0.000000 0.000000 4.162753
 11616.000000 -296975.125000 409.473236 5.778806 1.379168 2.533161 14.548841 0.000000 0.000000 5.644592
 11618.000000 -297982.187500 409.743168 5.773667 1.362025 2.479019 10.369373 0.000000 0.000000 4.023061
 11620.000000 -296119.500000 410.993426 5.825324 1.375315 2.503269 12.267176 0.000000 0.000000 4.759362
 11622.000000 -296140.750000 411.357252 5.745593 1.397734 2.548836 16.185237 0.000000 0.000000 6.279473
 11624.000000 -296746.375000 410.901587 5.781062 1.416447 2.565693 17.831464 0.000000 0.000000 6.918168
 11626.000000 -296728.843750 411.228194 5.731054 1.438168 2.515621 13.498944 0.000000 0.000000 5.237258
 11628.000000 -297163.500000 411.388942 5.740130 1.394857 2.480409 10.834549 0.000000 0.000000 4.203538
 11630.000000 -297174.812500 411.010014 5.767640 1.435138 2.544025 16.112351 0.000000 0.000000 6.251195
 11632.000000 -296809.031250 411.763034 5.739943 1.439888 2.490975 11.779224 0.000000 0.000000 4.570048
 11634.000000 -296541.437500 410.554684 5.813161 1.407594 2.519408 14.146310 0.000000 0.000000 5.488419
 11636.000000 -297502.937500 410.327061 5.827015 1.396844 2.541569 16.161206 0.000000 0.000000 6.270149
 11638.000000 -296390.625000 411.921813 5.859368 1.438046 2.500125 12.730117 0.000000 0.000000 4.938971
 11640.000000 -296957.406250 411.062180 5.843179 1.440098 2.501154 12.892477 0.000000 0.000000 5.001963
 11642.000000 -297010.031250 410.555965 5.803461 1.414070 2.491544 12.210432 0.000000 0.000000 4.737346
 11644.000000 -297264.156250 411.447782 5.750345 1.454867 2.519978 14.618617 0.000000 0.000000 5.671663
 11646.000000 -297356.812500 410.456809 5.716432 1.430589 2.493860 12.550004 0.000000 0.000000 4.869092
 11648.000000 -296774.312500 411.316932 5.782625 1.449017 2.531823 15.826295 0.000000 0.000000 6.140212
 11650.000000 -297200.687500 410.490074 5.785922 1.460760 2.504191 13.545849 0.000000 0.000000 5.255455
 11652.000000 -296482.406250 411.593852 5.840565 1.479528 2.501861 13.436645 0.000000 0.000000 5.213087
 11654.000000 -296319.593750 410.753890 5.835062 1.464735 2.452323 9.752698 0.000000 0.000000 3.783806
 11656.000000 -296656.312500 410.487818 5.819835 1.463313 2.517940 14.959273 0.000000 0.000000 5.803829
 11658.000000 -297663.218750 410.259062 5.762688 1.466279 2.462156 10.596449 0.000000 0.000000 4.111161
 11660.000000 -297463.093750 409.863201 5.775930 1.444240 2.459961 10.509645 0.000000 0.000000 4.077483
 11662.000000 -297748.156250 409.612655 5.810457 1.424492 2.486904 12.632879 0.000000 0.000000 4.901245
 11664.000000 -297548.875000 410.051807 5.814559 1.377504 2.411272 7.397682 0.000000 0.000000 2.870118
 11666.000000 -296867.062500 408.718599 5.801629 1.365274 2.343534 3.895529 0.000000 0.000000 1.511369
 11668.000000 -297434.031250 409.686500 5.838632 1.373255 2.437080 9.185551 0.000000 0.000000 3.563767
 11670.000000 -297612.031250 410.746908 5.832103 1.349881 2.437960 9.313405 0.000000 0.000000 3.613371
 11672.000000 -296442.593750 410.330236 5.803478 1.344733 2.438125 9.393035 0.000000 0.000000 3.644266
 11674.000000 -298106.375000 408.889276 5.782532 1.252726 2.344852 4.133766 0.000000 0.000000 1.603799
 11676.000000 -297577.937500 409.893849 5.774310 1.301731 2.353951 4.605632 0.000000 0.000000 1.786872
 11678.000000 -298607.375000 410.661491 5.791568 1.292106 2.361042 5.002095 0.000000 0.000000 1.940690
 11680.000000 -297439.718750 409.694701 5.808254 1.217720 2.312221 2.896421 0.000000 0.000000 1.123740
 11682.000000 -297199.156250 410.923313 5.844813 1.270271 2.351250 4.620010 0.000000 0.000000 1.792450
 11684.000000 -297470.312500 410.031015 5.889628 1.344566 2.355116 4.856847 0.000000 0.000000 1.884337
 11686.000000 -296868.093750 410.671793 5.873763 1.340998 2.389878 6.778994 0.000000 0.000000 2.630082
 11688.000000 -296524.000000 410.305950 5.872134 1.291304 2.318362 3.295185 0.000000 0.000000 1.278451
 11690.000000 -296307.843750 410.595831 5.806709 1.330567 2.385194 6.623668 0.000000 0.000000 2.569820
 11692.000000 -296450.500000 411.537035 5.797284 1.362059 2.429269 9.471655 0.000000 0.000000 3.674769
 11694.000000 -297652.500000 411.703679 5.829876 1.355670 2.437528 10.119542 0.000000 0.000000 3.926133
 11696.000000 -297172.937500 411.197509 5.813362 1.355530 2.452244 11.268318 0.000000 0.000000 4.371830
 11698.000000 -297903.281250 411.616527 5.777295 1.335810 2.403733 7.984271 0.000000 0.000000 3.097700
 11700.000000 -297605.718750 411.450565 5.767996 1.361707 2.357539 5.384045 0.000000 0.000000 2.088877
 11702.000000 -297308.875000 411.739731 5.778086 1.296045 2.350251 5.062747 0.000000 0.000000 1.964221
 11704.000000 -296707.937500 411.550124 5.791025 1.318096 2.371170 6.225604 0.000000 0.000000 2.415381
 11706.000000 -297419.562500 410.440954 5.772426 1.329667 2.439113 10.666262 0.000000 0.000000 4.138247
 11708.000000 -296613.781250 410.993012 5.762355 1.371846 2.398175 7.949034 0.000000 0.000000 3.084029
 11710.000000 -297838.750000 409.627220 5.717636 1.376598 2.428361 10.036663 0.000000 0.000000 3.893978
 11712.000000 -296676.531250 410.310884 5.677886 1.401428 2.401307 8.275836 0.000000 0.000000 3.210820
 11714.000000 -297967.218750 409.905535 5.720075 1.456584 2.449825 11.767732 0.000000 0.000000 4.565590
 11716.000000 -297507.000000 409.405150 5.716895 1.423891 2.399047 8.259150 0.000000 0.000000 3.204346
 11718.000000 -295577.437500 410.868219 5.709847 1.474809 2.418681 9.638370 0.000000 0.000000 3.739450
 11720.000000 -296697.156250 410.708212 5.742597 1.476615 2.417203 9.605156 0.000000 0.000000 3.726564
 11722.000000 -297423.750000 410.932993 5.722591 1.420653 2.428561 10.480678 0.000000 0.000000 4.066245
 11724.000000 -297310.031250 410.704933 5.741290 1.421601 2.399058 8.518880 0.000000 0.000000 3.305115
 11726.000000 -297771.750000 410.222648 5.715232 1.445876 2.416814 9.786975 0.000000 0.000000 3.797105
 11728.000000 -297377.781250 409.608733 5.712330 1.348679 2.429540 10.770752 0.000000 0.000000 4.178786
 11730.000000 -298333.312500 409.287400 5.753559 1.382659 2.425249 10.530577 0.000000 0.000000 4.085604
 11732.000000 -298742.031250 410.146529 5.827442 1.392539 2.467667 13.916743 0.000000 0.000000 5.399353
 11734.000000 -297299.781250 411.719793 5.768160 1.338873 2.468422 14.063502 0.000000 0.000000 5.456292
 11736.000000 -297020.781250 411.381839 5.767361 1.387623 2.458404 13.317433 0.000000 0.000000 5.166836
 11738.000000 -297069.718750 411.259354 5.783283 1.422308 2.438096 11.788532 0.000000 0.000000 4.573660
 11740.000000 -297470.375000 411.370357 5.807576 1.483346 2.435227 11.645442 0.000000 0.000000 4.518144
 11742.000000 -296980.312500 411.048081 5.878049 1.431784 2.388246 8.401080 0.000000 0.000000 3.259412
 11744.000000 -296813.968750 411.326415 5.882261 1.410920 2.418132 10.522078 0.000000 0.000000 4.082307
 11746.000000 -298024.593750 410.812722 5.773989 1.450624 2.436862 12.001790 0.000000 0.000000 4.656398
 11748.000000 -296830.312500 411.642964 5.818206 1.420769 2.469359 14.736889 0.000000 0.000000 5.717549
 11750.000000 -296216.562500 410.809020 5.846256 1.461271 2.495482 17.157150 0.000000 0.000000 6.656551
 11752.000000 -297633.187500 409.162908 5.806302 1.429854 2.514021 19.014538 0.000000 0.000000 7.377172
 11754.000000 -296948.593750 410.859619 5.848777 1.429306 2.435861 12.235246 0.000000 0.000000 4.746974
 11756.000000 -297228.718750 409.958025 5.923310 1.460007 2.446955 13.199485 0.000000 0.000000 5.121075
 11758.000000 -297246.093750 411.475064 5.886858 1.448057 2.442673 12.934161 0.000000 0.000000 5.018135
 11760.000000 -296224.187500 411.074630 5.924136 1.443957 2.448487 13.487997 0.000000 0.000000 5.233010
 11762.000000 -297746.406250 410.740659 5.896526 1.466434 2.412678 10.780849 0.000000 0.000000 4.182703
 11764.000000 -295404.656250 411.359941 5.928788 1.444723 2.424032 11.706955 0.000000 0.000000 4.542010
 11766.000000 -295146.437500 412.639445 5.921344 1.409725 2.470647 15.633309 0.000000 0.000000 6.065338
 11768.000000 -295950.468750 412.222626 5.780269 1.417574 2.444648 13.501163 0.000000 0.000000 5.238118
 11770.000000 -296381.500000 411.365630 5.817506 1.419745 2.462655 15.107999 0.000000 0.000000 5.861531
 11772.000000 -296043.937500 411.250860 5.805994 1.386940 2.440250 13.304844 0.000000 0.000000 5.161951
 11774.000000 -296593.375000 411.548401 5.853829 1.388179 2.416593 11.521101 0.000000 0.000000 4.469903
 11776.000000 -296500.093750 412.536292 5.841581 1.423110 2.350198 7.092314 0.000000 0.000000 2.751643
 11778.000000 -295955.875000 411.130003 5.860548 1.436998 2.421238 12.030933 0.000000 0.000000 4.667705
 11780.000000 -298056.406250 411.054596 5.813009 1.421613 2.415362 11.655738 0.000000 0.000000 4.522139
 11782.000000 -297499.531250 410.170324 5.809989 1.466314 2.451911 14.698480 0.000000 0.000000 5.702648
 11784.000000 -297269.562500 409.839219 5.762273 1.428326 2.422504 12.364099 0.000000 0.000000 4.796965
 11786.000000 -297811.062500 410.249018 5.751868 1.406799 2.440322 13.887911 0.000000 0.000000 5.388167
 11788.000000 -297820.843750 409.597004 5.786582 1.401999 2.384522 9.696782 0.000000 0.000000 3.762112
 11790.000000 -298415.000000 409.050219 5.768840 1.405147 2.406818 11.386767 0.000000 0.000000 4.417785
 11792.000000 -297659.312500 409.228346 5.785939 1.401641 2.420739 12.540418 0.000000 0.000000 4.865373
 11794.000000 -297473.093750 409.307619 5.808048 1.424039 2.446425 14.742566 0.000000 0.000000 5.719752
 11796.000000 -296407.781250 409.949931 5.809071 1.430006 2.442930 14.529124 0.000000 0.000000 5.636942
 11798.000000 -297320.531250 410.724685 5.841059 1.418709 2.340820 7.189195 0.000000 0.000000 2.789230
 11800.000000 -296983.062500 409.960336 5.823559 1.424006 2.374555 9.422579 0.000000 0.000000 3.655728
 11802.000000 -297653.500000 409.809282 5.780874 1.424151 2.379422 9.829530 0.000000 0.000000 3.813615
 11804.000000 -298235.750000 409.309883 5.822933 1.419254 2.368852 9.170099 0.000000 0.000000 3.557772
 11806.000000 -297537.156250 409.784201 5.696718 1.380962 2.398172 11.338095 0.000000 0.000000 4.398901
 11808.000000 -297473.531250 410.504563 5.740419 1.385573 2.390896 10.870471 0.000000 0.000000 4.217475
 11810.000000 -298343.031250 410.830052 5.817708 1.355032 2.375694 9.848634 0.000000 0.000000 3.821027
 11812.000000 -297597.125000 411.206937 5.852760 1.352004 2.419128 13.213557 0.000000 0.000000 5.126534
 11814.000000 -296976.656250 410.792494 5.816124 1.371616 2.447302 15.691270 0.000000 0.000000 6.087826
 11816.000000 -297405.812500 409.799068 5.745637 1.387216 2.390446 11.133756 0.000000 0.000000 4.319623
 11818.000000 -297880.187500 409.447531 5.755267 1.413119 2.285452 4.726448 0.000000 0.000000 1.833745
 11820.000000 -296065.218750 409.706146 5.776574 1.476854 2.362281 9.267116 0.000000 0.000000 3.595412
 11822.000000 -296434.656250 410.190677 5.756109 1.400431 2.323047 6.847246 0.000000 0.000000 2.656563
 11824.000000 -297483.750000 409.240500 5.761362 1.413442 2.327776 7.186581 0.000000 0.000000 2.788216
 11826.000000 -297093.937500 410.124380 5.749603 1.419152 2.337067 7.816711 0.000000 0.000000 3.032691
 11828.000000 -296494.781250 410.505090 5.733460 1.392673 2.350954 8.775047 0.000000 0.000000 3.404502
 11830.000000 -297409.906250 408.083941 5.768903 1.355311 2.388827 11.538846 0.000000 0.000000 4.476788
 11832.000000 -297679.625000 408.931295 5.823955 1.414689 2.339324 8.148763 0.000000 0.000000 3.161519
 11834.000000 -297182.437500 408.508024 5.795271 1.415067 2.416470 13.900293 0.000000 0.000000 5.392971
 11836.000000 -297186.281250 410.116833 5.741125 1.378576 2.405627 13.091799 0.000000 0.000000 5.079295
 11838.000000 -297093.593750 410.188957 5.761865 1.361201 2.410403 13.563310 0.000000 0.000000 5.262230
 11840.000000 -297738.218750 409.842676 5.745876 1.375729 2.384402 11.582583 0.000000 0.000000 4.493757
 11842.000000 -297417.593750 411.352812 5.801972 1.364249 2.354841 9.511038 0.000000 0.000000 3.690048
 11844.000000 -298109.625000 409.310393 5.791981 1.359542 2.380742 11.456622 0.000000 0.000000 4.444887
 11846.000000 -297860.531250 409.103776 5.800190 1.351625 2.384643 11.830564 0.000000 0.000000 4.589967
 11848.000000 -298008.906250 408.489936 5.811629 1.385194 2.413756 14.259906 0.000000 0.000000 5.532492
 11850.000000 -296967.250000 409.655660 5.774291 1.379147 2.377082 11.406690 0.000000 0.000000 4.425514
 11852.000000 -298609.718750 409.617279 5.728633 1.368466 2.375046 11.328565 0.000000 0.000000 4.395204
 11854.000000 -297589.750000 408.965569 5.800793 1.371474 2.375505 11.438652 0.000000 0.000000 4.437915
 11856.000000 -297114.750000 407.945936 5.755046 1.341015 2.393076 12.886244 0.000000 0.000000 4.999545
 11858.000000 -297529.843750 407.881167 5.859943 1.357003 2.301026 6.613969 0.000000 0.000000 2.566057
 11860.000000 -296794.218750 408.857853 5.833463 1.328280 2.413685 14.764964 0.000000 0.000000 5.728442
 11862.000000 -296306.718750 408.843222 5.845369 1.288566 2.375969 11.778754 0.000000 0.000000 4.569866
 11864.000000 -296692.281250 409.421857 5.863758 1.308407 2.368262 11.269671 0.000000 0.000000 4.372354
 11866.000000 -297180.875000 409.344602 5.836137 1.298929 2.342656 9.498281 0.000000 0.000000 3.685099
 11868.000000 -297494.062500 410.673100 5.888749 1.344334 2.375846 12.000573 0.000000 0.000000 4.655926
 11870.000000 -296118.437500 411.964848 5.883488 1.280950 2.294643 6.592002 0.000000 0.000000 2.557534
 11872.000000 -297602.062500 411.073986 5.919792 1.318939 2.370390 11.734373 0.000000 0.000000 4.552647
 11874.000000 -298116.031250 411.498406 5.931904 1.371127 2.335593 9.288336 0.000000 0.000000 3.603645
 11876.000000 -297270.625000 410.632508 5.881592 1.350045 2.352896 10.577563 0.000000 0.000000 4.103833
 11878.000000 -297109.375000 410.857157 5.917196 1.312810 2.324317 8.667007 0.000000 0.000000 3.362585
 11880.000000 -296489.468750 411.248099 5.864850 1.337167 2.313785 8.050831 0.000000 0.000000 3.123524
 11882.000000 -296751.187500 409.626982 5.873071 1.359944 2.339632 9.844322 0.000000 0.000000 3.819354
 11884.000000 -297077.062500 410.162585 5.831227 1.352381 2.382365 13.151603 0.000000 0.000000 5.102498
 11886.000000 -297490.375000 409.858335 5.854212 1.362177 2.379559 13.005565 0.000000 0.000000 5.045839
 11888.000000 -297861.781250 409.096927 5.831249 1.359264 2.313092 8.262057 0.000000 0.000000 3.205474
 11890.000000 -296379.375000 410.259695 5.815739 1.349324 2.314951 8.446834 0.000000 0.000000 3.277163
 11892.000000 -296705.843750 409.581592 5.797447 1.347192 2.329396 9.480359 0.000000 0.000000 3.678145
 11894.000000 -297253.281250 409.584312 5.762610 1.303310 2.320247 8.927606 0.000000 0.000000 3.463691
 11896.000000 -298414.281250 408.676358 5.734969 1.288781 2.280596 6.532023 0.000000 0.000000 2.534264
 11898.000000 -297557.750000 408.511985 5.783497 1.255169 2.319765 9.029354 0.000000 0.000000 3.503167
 11900.000000 -297346.000000 408.135003 5.736451 1.240426 2.318034 8.980264 0.000000 0.000000 3.484121
 11902.000000 -297959.875000 408.051929 5.699759 1.196540 2.341483 10.693305 0.000000 0.000000 4.148739
 11904.000000 -295988.531250 409.405705 5.758503 1.168417 2.272135 6.279560 0.000000 0.000000 2.436314
 11906.000000 -295324.531250 409.862759 5.828964 1.094258 2.271721 6.312437 0.000000 0.000000 2.449070
 11908.000000 -297057.656250 409.428655 5.831866 1.124114 2.266651 6.085870 0.000000 0.000000 2.361168
 11910.000000 -297207.187500 410.333057 5.800805 1.171794 2.200117 3.007653 0.000000 0.000000 1.166895
 11912.000000 -297679.062500 410.278815 5.849042 1.199071 2.211053 3.488333 0.000000 0.000000 1.353387
 11914.000000 -296968.312500 409.538803 5.804925 1.228733 2.312266 9.063030 0.000000 0.000000 3.516232
 11916.000000 -296889.843750 411.061738 5.801826 1.235375 2.399105 15.940489 0.000000 0.000000 6.184517
 11918.000000 -296683.906250 411.922005 5.759496 1.187068 2.371758 13.675122 0.000000 0.000000 5.305610
 11920.000000 -298258.593750 411.366006 5.774964 1.250666 2.323130 10.020345 0.000000 0.000000 3.887647
 11922.000000 -296222.031250 411.323264 5.750199 1.260926 2.319987 9.869216 0.000000 0.000000 3.829012
 11924.000000 -296147.468750 410.539300 5.689675 1.231618 2.349153 12.102006 0.000000 0.000000 4.695280
 11926.000000 -296860.531250 410.497730 5.735326 1.169642 2.334111 11.034344 0.000000 0.000000 4.281053
 11928.000000 -296570.156250 409.894811 5.707995 1.198310 2.424821 18.897696 0.000000 0.000000 7.331840
 11930.000000 -297333.906250 409.242684 5.790088 1.141149 2.284537 7.783563 0.000000 0.000000 3.019830
 11932.000000 -297614.375000 408.176660 5.735803 1.194052 2.366865 13.849853 0.000000 0.000000 5.373402
 11934.000000 -296144.781250 409.059576 5.808484 1.205444 2.315784 9.995822 0.000000 0.000000 3.878132
 11936.000000 -297316.750000 408.816962 5.859195 1.203602 2.390858 16.097426 0.000000 0.000000 6.245404
 11938.000000 -297595.250000 408.702772 5.794450 1.240672 2.395548 16.611928 0.000000 0.000000 6.445018
 11940.000000 -298280.937500 409.627065 5.844767 1.236035 2.386538 15.889887 0.000000 0.000000 6.164884
 11942.000000 -299287.750000 410.690388 5.828075 1.291670 2.341629 12.217143 0.000000 0.000000 4.739950
 11944.000000 -296668.062500 410.367800 5.818818 1.266402 2.351423 13.075315 0.000000 0.000000 5.072900
 11946.000000 -296464.312500 409.421401 5.733834 1.266765 2.420679 19.372875 0.000000 0.000000 7.516198
 11948.000000 -297917.187500 409.454640 5.833587 1.306077 2.415606 18.974109 0.000000 0.000000 7.361486
 11950.000000 -297453.937500 408.953781 5.844481 1.289855 2.415007 19.013204 0.000000 0.000000 7.376654
 11952.000000 -297714.812500 409.239649 5.833232 1.250825 2.416525 19.259503 0.000000 0.000000 7.472212
 11954.000000 -297791.750000 409.692233 5.790232 1.219565 2.371805 15.208082 0.000000 0.000000 5.900361
 11956.000000 -297501.343750 409.003640 5.867323 1.150267 2.306090 10.088372 0.000000 0.000000 3.914039
 11958.000000 -297859.093750 410.044564 5.871094 1.129523 2.267284 7.581976 0.000000 0.000000 2.941620
 11960.000000 -296803.281250 409.132129 5.830886 1.193822 2.287586 8.950305 0.000000 0.000000 3.472498
 11962.000000 -297094.375000 409.536011 5.881160 1.134649 2.240417 6.128205 0.000000 0.000000 2.377592
 11964.000000 -296648.062500 410.486480 5.796036 1.183928 2.319081 11.331242 0.000000 0.000000 4.396242
 11966.000000 -297195.500000 409.803581 5.751323 1.183481 2.387409 17.150350 0.000000 0.000000 6.653913
 11968.000000 -296829.406250 409.292697 5.788562 1.195673 2.323574 11.825232 0.000000 0.000000 4.587898
 11970.000000 -298493.656250 409.170759 5.811975 1.224300 2.265145 7.821585 0.000000 0.000000 3.034582
 11972.000000 -297709.875000 409.547965 5.802180 1.195604 2.259428 7.529380 0.000000 0.000000 2.921214
 11974.000000 -297465.906250 410.148699 5.823612 1.232060 2.227084 5.729019 0.000000 0.000000 2.222718
 11976.000000 -297039.937500 409.685796 5.931324 1.153698 2.249036 7.023277 0.000000 0.000000 2.724858
 11978.000000 -297555.250000 411.509723 5.871499 1.155553 2.328451 12.596920 0.000000 0.000000 4.887294
 11980.000000 -298158.906250 410.519274 5.847774 1.091069 2.260870 7.866998 0.000000 0.000000 3.052201
 11982.000000 -298049.562500 410.138721 5.906438 1.105567 2.254581 7.538761 0.000000 0.000000 2.924853
 11984.000000 -298738.750000 410.697503 5.890929 1.150779 2.361513 15.621438 0.000000 0.000000 6.060733
 11986.000000 -298943.031250 408.878235 5.882536 1.132556 2.354355 15.081971 0.000000 0.000000 5.851433
 11988.000000 -297492.750000 409.408967 5.959194 1.083113 2.298832 10.718843 0.000000 0.000000 4.158647
 11990.000000 -297238.468750 407.641319 5.958497 1.114869 2.286689 9.918569 0.000000 0.000000 3.848160
 11992.000000 -296948.406250 407.758305 5.916633 1.130980 2.234702 6.652929 0.000000 0.000000 2.581173
 11994.000000 -298091.843750 407.794983 5.834420 1.166563 2.267830 8.766893 0.000000 0.000000 3.401338
 11996.000000 -297536.500000 408.378155 5.840894 1.198773 2.290484 10.402902 0.000000 0.000000 4.036070
 11998.000000 -297580.937500 408.787562 5.882149 1.154060 2.338363 14.226683 0.000000 0.000000 5.519602
 12000.000000 -297815.125000 409.328860 5.932760 1.172405 2.313660 12.297826 0.000000 0.000000 4.771253
 12002.000000 -297562.875000 410.066848 5.835644 1.159684 2.320678 12.934603 0.000000 0.000000 5.018307
 12004.000000 -298246.593750 409.587755 5.894234 1.174308 2.293876 10.942840 0.000000 0.000000 4.245552
 12006.000000 -297574.125000 409.201140 5.864189 1.241921 2.292267 10.897847 0.000000 0.000000 4.228096
 12008.000000 -298381.656250 410.112180 5.855682 1.186109 2.255616 8.425067 0.000000 0.000000 3.268718
 12010.000000 -297105.031250 410.525359 5.889990 1.205753 2.242403 7.651046 0.000000 0.000000 2.968417
 12012.000000 -296111.031250 410.090027 5.837679 1.192687 2.208862 5.770684 0.000000 0.000000 2.238883
 12014.000000 -297796.625000 410.209000 5.827349 1.248946 2.270333 9.614233 0.000000 0.000000 3.730085
 12016.000000 -296590.250000 411.901855 5.860858 1.318198 2.273175 9.882435 0.000000 0.000000 3.834141
 12018.000000 -296834.593750 409.913437 5.743203 1.303427 2.244457 8.030070 0.000000 0.000000 3.115469
 12020.000000 -295303.281250 410.578869 5.751261 1.281010 2.269097 9.736888 0.000000 0.000000 3.777672
 12022.000000 -296583.906250 409.166905 5.705414 1.301856 2.332678 14.764316 0.000000 0.000000 5.728190
 12024.000000 -297175.218750 408.925956 5.715140 1.263012 2.289957 11.397290 0.000000 0.000000 4.421868
 12026.000000 -296932.812500 408.492139 5.682130 1.276405 2.196345 5.478158 0.000000 0.000000 2.125390
 12028.000000 -295841.343750 410.358836 5.702058 1.298579 2.200274 5.739154 0.000000 0.000000 2.226650
 12030.000000 -296632.718750 410.877064 5.810883 1.299835 2.177749 4.644040 0.000000 0.000000 1.801773
 12032.000000 -296926.281250 410.833633 5.846636 1.236187 2.141588 3.104245 0.000000 0.000000 1.204370
 12034.000000 -296175.625000 411.719930 5.787140 1.343322 2.141719 3.148978 0.000000 0.000000 1.221726
 12036.000000 -295738.218750 411.151604 5.815179 1.397245 2.183154 5.057866 0.000000 0.000000 1.962327
 12038.000000 -295892.437500 409.865229 5.811084 1.444176 2.090176 1.489925 0.000000 0.000000 0.578054
 12040.000000 -296247.593750 409.966282 5.800532 1.378698 2.122070 2.522994 0.000000 0.000000 0.978859
 12042.000000 -297128.750000 410.603067 5.805127 1.418962 2.160926 4.137142 0.000000 0.000000 1.605109
 12044.000000 -295756.562500 411.259116 5.831514 1.320274 2.120336 2.532454 0.000000 0.000000 0.982530
 12046.000000 -295994.218750 410.730253 5.843273 1.344370 2.093237 1.688887 0.000000 0.000000 0.655246
 12048.000000 -297275.625000 410.360504 5.898252 1.290967 2.100442 1.935719 0.000000 0.000000 0.751011
 12050.000000 -297660.250000 410.555183 5.840052 1.380643 2.129071 2.967250 0.000000 0.000000 1.151220
 12052.000000 -297165.093750 410.506256 5.946311 1.344889 2.135301 3.252263 0.000000 0.000000 1.261798
 12054.000000 -296137.062500 409.975960 5.912206 1.325956 2.082164 1.489610 0.000000 0.000000 0.577932
 12056.000000 -296280.312500 411.700741 6.000971 1.309630 2.096914 1.950435 0.000000 0.000000 0.756721
 12058.000000 -297571.468750 409.555149 5.961997 1.326479 2.132913 3.276964 0.000000 0.000000 1.271381
 12060.000000 -297272.468750 410.290614 6.009537 1.335194 2.077170 1.435678 0.000000 0.000000 0.557008
 12062.000000 -296774.593750 410.120912 6.002203 1.336016 2.058375 0.998481 0.000000 0.000000 0.387386
 12064.000000 -297593.125000 409.697740 5.878301 1.372777 2.081872 1.620841 0.000000 0.000000 0.628846
 12066.000000 -297136.656250 409.550691 5.919676 1.296965 2.123401 3.057640 0.000000 0.000000 1.186289
 12068.000000 -296318.218750 409.799880 5.943887 1.315358 2.070999 1.378101 0.000000 0.000000 0.534669
 12070.000000 -296288.187500 409.238347 5.970277 1.309437 2.088659 1.911438 0.000000 0.000000 0.741591
 12072.000000 -297834.187500 410.001808 6.003377 1.297216 2.030862 0.558819 0.000000 0.000000 0.216808
 12074.000000 -298088.093750 409.699773 6.012486 1.246896 2.052859 1.009340 0.000000 0.000000 0.391599
 12076.000000 -296778.125000 410.981751 6.006565 1.309070 2.103949 2.518684 0.000000 0.000000 0.977187
 12078.000000 -296975.687500 411.639687 5.942536 1.267453 2.062053 1.276472 0.000000 0.000000 0.495240
 12080.000000 -297442.718750 411.699524 5.975104 1.266838 2.136470 3.892712 0.000000 0.000000 1.510276
 12082.000000 -297955.437500 411.053791 5.974601 1.265416 2.128095 3.574120 0.000000 0.000000 1.386671
 12084.000000 -297413.312500 410.300423 5.906698 1.252770 2.101138 2.561048 0.000000 0.000000 0.993623
 12086.000000 -297732.593750 410.046921 5.933150 1.265546 2.151884 4.747490 0.000000 0.000000 1.841909
 12088.000000 -296652.000000 410.503505 5.934724 1.264269 2.128126 3.703404 0.000000 0.000000 1.436830
 12090.000000 -297779.093750 411.311892 5.972615 1.266417 2.150261 4.765842 0.000000 0.000000 1.849029
 12092.000000 -297246.406250 410.801402 5.960594 1.314479 2.221322 8.932658 0.000000 0.000000 3.465651
 12094.000000 -296867.750000 409.728915 5.893480 1.327894 2.217102 8.718703 0.000000 0.000000 3.382642
 12096.000000 -296680.312500 409.449350 5.879927 1.402460 2.178196 6.395556 0.000000 0.000000 2.481318
 12098.000000 -297071.781250 409.318215 5.918975 1.423428 2.142484 4.583279 0.000000 0.000000 1.778199
 12100.000000 -297629.187500 409.092466 5.905526 1.401420 2.162054 5.620885 0.000000 0.000000 2.180765
 12102.000000 -296874.718750 409.234180 6.050957 1.375539 2.194312 7.522226 0.000000 0.000000 2.918438
 12104.000000 -297145.656250 409.850986 5.974382 1.425922 2.163305 5.794504 0.000000 0.000000 2.248125
 12106.000000 -296873.531250 410.276351 5.957157 1.393935 2.086594 2.435819 0.000000 0.000000 0.945038
 12108.000000 -296539.343750 410.962783 5.983040 1.366146 2.158227 5.630062 0.000000 0.000000 2.184325
 12110.000000 -296179.593750 411.680199 5.936702 1.412954 2.188180 7.392074 0.000000 0.000000 2.867942
 12112.000000 -296424.718750 411.450030 5.942998 1.416415 2.130050 4.326823 0.000000 0.000000 1.678701
 12114.000000 -296162.718750 410.745795 6.001348 1.439731 2.122983 4.049222 0.000000 0.000000 1.570998
 12116.000000 -297068.437500 411.742403 5.948594 1.449389 2.111830 3.605270 0.000000 0.000000 1.398756
 12118.000000 -297007.718750 411.296209 6.006656 1.515420 2.111072 3.615567 0.000000 0.000000 1.402751
 12120.000000 -298150.656250 410.304532 6.020647 1.511932 2.054862 1.649149 0.000000 0.000000 0.639829
 12122.000000 -298083.875000 411.342265 5.984612 1.463108 2.008325 0.600745 0.000000 0.000000 0.233074
 12124.000000 -297694.406250 411.678201 5.999538 1.436776 2.125983 4.417185 0.000000 0.000000 1.713759
 12126.000000 -299479.625000 409.873004 5.993354 1.432566 2.085003 2.738109 0.000000 0.000000 1.062319
 12128.000000 -297970.500000 409.210191 5.957309 1.503847 2.125619 4.494409 0.000000 0.000000 1.743720
 12130.000000 -297768.375000 409.593918 5.936842 1.432161 2.153915 5.990470 0.000000 0.000000 2.324155
 12132.000000 -297831.625000 409.948375 5.951919 1.477880 2.120034 4.326070 0.000000 0.000000 1.678408
 12134.000000 -297285.843750 410.953633 5.995831 1.410483 2.146067 5.674677 0.000000 0.000000 2.201635
 12136.000000 -297814.906250 409.147302 6.023576 1.401143 2.201168 9.056452 0.000000 0.000000 3.513680
 12138.000000 -298877.468750 409.123323 6.029586 1.436262 2.187714 8.237729 0.000000 0.000000 3.196036
 12140.000000 -298844.218750 408.692394 6.050709 1.400982 2.185928 8.187364 0.000000 0.000000 3.176495
 12142.000000 -297775.468750 408.666659 6.020802 1.337667 2.150439 6.129403 0.000000 0.000000 2.378057
 12144.000000 -297255.156250 409.248353 6.002850 1.465437 2.169034 7.262198 0.000000 0.000000 2.817554
 12146.000000 -297946.093750 409.511153 6.004776 1.386931 2.192773 8.829442 0.000000 0.000000 3.425606
 12148.000000 -297461.343750 409.972552 5.955478 1.388402 2.233852 11.846577 0.000000 0.000000 4.596180
 12150.000000 -297500.531250 410.013936 5.966403 1.449072 2.174892 7.805750 0.000000 0.000000 3.028438
 12152.000000 -297299.437500 410.807596 6.035634 1.508212 2.157130 6.793726 0.000000 0.000000 2.635798
 12154.000000 -297661.968750 409.710721 5.970743 1.411132 2.193524 9.147886 0.000000 0.000000 3.549154
 12156.000000 -297014.031250 409.419072 5.914404 1.409813 2.226618 11.599008 0.000000 0.000000 4.500129
 12158.000000 -296664.937500 409.269610 5.865283 1.499461 2.210352 10.465608 0.000000 0.000000 4.060398
 12160.000000 -296264.687500 409.884422 5.844393 1.464758 2.210748 10.566793 0.000000 0.000000 4.099655
 12162.000000 -297509.031250 409.421498 5.870317 1.467268 2.250023 13.697015 0.000000 0.000000 5.314104
 12164.000000 -297497.125000 408.655671 5.803492 1.469103 2.180588 8.619031 0.000000 0.000000 3.343972
 12166.000000 -298913.250000 408.708382 5.784967 1.447073 2.199190 9.953870 0.000000 0.000000 3.861856
 12168.000000 -296797.593750 410.234801 5.794425 1.374028 2.215628 11.222112 0.000000 0.000000 4.353903
 12170.000000 -298528.062500 409.304723 5.804785 1.480271 2.190467 9.485240 0.000000 0.000000 3.680039
 12172.000000 -297551.343750 410.503092 5.818949 1.451840 2.255523 14.579741 0.000000 0.000000 5.656580
 12174.000000 -297075.468750 409.809920 5.821350 1.458422 2.248274 14.051066 0.000000 0.000000 5.451467
 12176.000000 -297265.781250 410.030131 5.870867 1.488431 2.233656 12.932809 0.000000 0.000000 5.017611
 12178.000000 -296788.468750 410.512849 5.906453 1.440596 2.156231 7.517262 0.000000 0.000000 2.916512
 12180.000000 -296654.000000 410.414285 6.002817 1.440687 2.193975 10.080258 0.000000 0.000000 3.910892
 12182.000000 -297384.125000 410.672825 5.946486 1.459285 2.242668 13.916807 0.000000 0.000000 5.399378
 12184.000000 -296701.250000 409.389602 5.940264 1.517574 2.217775 11.995102 0.000000 0.000000 4.653804
 12186.000000 -296327.812500 409.783502 5.845308 1.395386 2.199484 10.693368 0.000000 0.000000 4.148763
 12188.000000 -296476.687500 409.311357 5.937510 1.439234 2.189510 10.047249 0.000000 0.000000 3.898085
 12190.000000 -296658.687500 409.738395 5.956382 1.418282 2.196660 10.633219 0.000000 0.000000 4.125427
 12192.000000 -297822.406250 410.781279 5.927160 1.481718 2.230142 13.296093 0.000000 0.000000 5.158556
 12194.000000 -297160.781250 412.405668 5.882942 1.449952 2.184431 9.900456 0.000000 0.000000 3.841133
 12196.000000 -296632.843750 412.812651 5.830988 1.451341 2.204126 11.409994 0.000000 0.000000 4.426796
 12198.000000 -295886.125000 411.644128 5.842230 1.467990 2.186341 10.177439 0.000000 0.000000 3.948595
 12200.000000 -296780.343750 409.825339 5.781132 1.469493 2.117862 5.932999 0.000000 0.000000 2.301857
 12202.000000 -296314.062500 410.701284 5.821790 1.454739 2.127048 6.500716 0.000000 0.000000 2.522118
 12204.000000 -297056.625000 411.213265 5.847571 1.433598 2.052545 2.985538 0.000000 0.000000 1.158315
 12206.000000 -297426.375000 411.346268 5.858076 1.424962 2.117967 6.103288 0.000000 0.000000 2.367925
 12208.000000 -297608.343750 410.547641 5.758490 1.474969 2.054905 3.156352 0.000000 0.000000 1.224587
 12210.000000 -297020.218750 411.770951 5.688214 1.438081 2.076267 4.107216 0.000000 0.000000 1.593499
 12212.000000 -296140.406250 411.885336 5.730167 1.496934 2.087711 4.690507 0.000000 0.000000 1.819801
 12214.000000 -295416.968750 411.901568 5.681163 1.462937 2.082512 4.489330 0.000000 0.000000 1.741749
 12216.000000 -297217.375000 411.713555 5.785074 1.489782 2.104069 5.621644 0.000000 0.000000 2.181059
 12218.000000 -296858.031250 411.940402 5.730306 1.361934 2.078750 4.406279 0.000000 0.000000 1.709528
 12220.000000 -296123.468750 413.030255 5.762288 1.389562 2.090752 5.037672 0.000000 0.000000 1.954492
 12222.000000 -296983.375000 411.785857 5.781667 1.373212 2.080318 4.575341 0.000000 0.000000 1.775119
 12224.000000 -297457.125000 410.326996 5.763150 1.279000 2.097884 5.506393 0.000000 0.000000 2.136345
 12226.000000 -296598.437500 410.939660 5.703561 1.291642 2.155916 9.039463 0.000000 0.000000 3.507089
 12228.000000 -296734.687500 410.669434 5.696872 1.329228 2.145411 8.411776 0.000000 0.000000 3.263561
 12230.000000 -298307.875000 410.089070 5.694758 1.312309 2.102636 5.920674 0.000000 0.000000 2.297076
 12232.000000 -297043.968750 410.620493 5.704063 1.344056 2.189733 11.684110 0.000000 0.000000 4.533146
 12234.000000 -298186.937500 410.114288 5.752380 1.392098 2.090772 5.396140 0.000000 0.000000 2.093569
 12236.000000 -298619.343750 409.668610 5.793259 1.298562 2.216321 13.971309 0.000000 0.000000 5.420523
 12238.000000 -297674.812500 410.505009 5.739308 1.321347 2.205959 13.199768 0.000000 0.000000 5.121184
 12240.000000 -296097.437500 410.250002 5.789791 1.308449 2.211633 13.747593 0.000000 0.000000 5.333727
 12242.000000 -296359.875000 411.312956 5.762557 1.273961 2.156693 9.639163 0.000000 0.000000 3.739757
 12244.000000 -296214.531250 411.620600 5.805406 1.271113 2.143127 8.786525 0.000000 0.000000 3.408955
 12246.000000 -297098.875000 411.433498 5.792753 1.296368 2.184885 11.849109 0.000000 0.000000 4.597162
 12248.000000 -296362.125000 411.747017 5.738647 1.471010 2.154286 9.680386 0.000000 0.000000 3.755751
 12250.000000 -297275.656250 410.990250 5.765148 1.355092 2.244488 17.065202 0.000000 0.000000 6.620877
 12252.000000 -297017.125000 410.175066 5.783915 1.377776 2.181841 11.845756 0.000000 0.000000 4.595861
 12254.000000 -297164.437500 409.987910 5.852662 1.387080 2.142683 9.091083 0.000000 0.000000 3.527116
 12256.000000 -297639.656250 411.796219 5.878057 1.381557 2.125566 8.036949 0.000000 0.000000 3.118138
 12258.000000 -297425.750000 411.476149 5.861137 1.365835 2.162958 10.654909 0.000000 0.000000 4.133842
 12260.000000 -297251.750000 411.340479 5.840555 1.394853 2.122919 7.995980 0.000000 0.000000 3.102243
 12262.000000 -298123.781250 409.339683 5.809027 1.408599 2.124369 8.151678 0.000000 0.000000 3.162650
 12264.000000 -296532.968750 410.072499 5.817039 1.408344 2.143963 9.519416 0.000000 0.000000 3.693299
 12266.000000 -296491.000000 410.462073 5.862777 1.406229 2.164023 11.027801 0.000000 0.000000 4.278515
 12268.000000 -298228.125000 410.343619 5.827316 1.384347 2.175585 11.980333 0.000000 0.000000 4.648074
 12270.000000 -296682.125000 410.710545 5.831690 1.408229 2.206458 14.574214 0.000000 0.000000 5.654435
 12272.000000 -297579.468750 409.728094 5.882857 1.360693 2.169688 11.680624 0.000000 0.000000 4.531794
 12274.000000 -297149.781250 410.044217 5.874642 1.334431 2.249274 18.650961 0.000000 0.000000 7.236113
 12276.000000 -297808.937500 411.070321 5.878664 1.301987 2.177649 12.454287 0.000000 0.000000 4.831956
 12278.000000 -297903.093750 410.989964 5.863691 1.362715 2.161090 11.256739 0.000000 0.000000 4.367337
 12280.000000 -297011.718750 410.788645 5.862227 1.388776 2.180308 12.824680 0.000000 0.000000 4.975659
 12282.000000 -296257.687500 410.607467 5.857287 1.453911 2.202961 14.788624 0.000000 0.000000 5.737622
 12284.000000 -297429.718750 409.782627 5.883423 1.397130 2.177982 12.798531 0.000000 0.000000 4.965514
 12286.000000 -297711.437500 409.478588 5.831936 1.375402 2.131075 9.389641 0.000000 0.000000 3.642949
 12288.000000 -297125.187500 409.881904 5.866442 1.388650 2.198010 14.621322 0.000000 0.000000 5.672712
 12290.000000 -297859.343750 410.456988 5.768335 1.382592 2.189294 13.969054 0.000000 0.000000 5.419648
 12292.000000 -297249.656250 410.488127 5.792594 1.473990 2.200463 15.004607 0.000000 0.000000 5.821418
 12294.000000 -297014.656250 411.620450 5.797473 1.467390 2.228977 17.669857 0.000000 0.000000 6.855469
 12296.000000 -296403.843750 410.924988 5.774306 1.537962 2.183344 13.723590 0.000000 0.000000 5.324414
 12298.000000 -296073.968750 411.450545 5.855564 1.552405 2.181310 13.638063 0.000000 0.000000 5.291232
 12300.000000 -296234.000000 412.817053 5.902614 1.474689 2.085959 6.959553 0.000000 0.000000 2.700135
 12302.000000 -296485.281250 413.148640 5.930621 1.414871 2.023731 3.816353 0.000000 0.000000 1.480651
 12304.000000 -296914.031250 412.625453 6.099411 1.423518 2.036298 4.432016 0.000000 0.000000 1.719513
 12306.000000 -297090.000000 411.400594 6.010245 1.492920 2.024519 3.939119 0.000000 0.000000 1.528281
 12308.000000 -296893.656250 411.355589 5.991461 1.416231 2.078965 6.784076 0.000000 0.000000 2.632054
 12310.000000 -297784.218750 410.831912 5.975130 1.431399 2.046871 5.093982 0.000000 0.000000 1.976339
 12312.000000 -297507.812500 412.049550 5.988045 1.438034 2.071195 6.452211 0.000000 0.000000 2.503299
 12314.000000 -297480.281250 410.548633 6.051430 1.475533 2.059922 5.881889 0.000000 0.000000 2.282028
 12316.000000 -297193.750000 410.752385 6.087083 1.474577 2.108093 8.850693 0.000000 0.000000 3.433850
 12318.000000 -296582.156250 412.340552 6.111089 1.498948 2.075313 6.862825 0.000000 0.000000 2.662607
 12320.000000 -296819.218750 412.344105 6.185743 1.501979 2.034863 4.746447 0.000000 0.000000 1.841504
 12322.000000 -296325.218750 411.330779 6.121172 1.460763 2.015144 3.878333 0.000000 0.000000 1.504697
 12324.000000 -296354.812500 411.221358 6.139522 1.501688 1.998770 3.230880 0.000000 0.000000 1.253502
 12326.000000 -296834.937500 410.137131 6.095572 1.497389 2.003694 3.473350 0.000000 0.000000 1.347574
 12328.000000 -297746.781250 410.494595 6.096654 1.497970 2.045725 5.498068 0.000000 0.000000 2.133115
 12330.000000 -298920.625000 409.961967 6.160525 1.525074 2.015238 4.060716 0.000000 0.000000 1.575458
 12332.000000 -298096.312500 410.336091 6.119993 1.452358 2.024752 4.548312 0.000000 0.000000 1.764633
 12334.000000 -297537.156250 410.893445 6.142062 1.452775 2.021066 4.421105 0.000000 0.000000 1.715280
 12336.000000 -297240.375000 411.330074 6.113106 1.376616 2.008667 3.901391 0.000000 0.000000 1.513643
 12338.000000 -296552.218750 409.711943 6.122614 1.394599 1.998982 3.527226 0.000000 0.000000 1.368477
 12340.000000 -297064.656250 408.489069 6.092136 1.292886 2.061105 6.676196 0.000000 0.000000 2.590199
 12342.000000 -297018.750000 408.028571 6.167393 1.345345 2.066708 7.063148 0.000000 0.000000 2.740327
 12344.000000 -296881.187500 408.860692 6.110393 1.377064 2.073979 7.563203 0.000000 0.000000 2.934336
 12346.000000 -297786.468750 408.918552 6.098912 1.317815 2.069491 7.350238 0.000000 0.000000 2.851711
 12348.000000 -296812.468750 410.672225 6.092530 1.327573 2.101274 9.471957 0.000000 0.000000 3.674886
 12350.000000 -297510.468750 410.821816 6.144725 1.456478 2.119327 10.828554 0.000000 0.000000 4.201212
 12352.000000 -297007.656250 411.774794 6.182533 1.540463 2.079703 8.173009 0.000000 0.000000 3.170926
 12354.000000 -296353.968750 411.794188 6.140431 1.495983 2.122302 11.197719 0.000000 0.000000 4.344439
 12356.000000 -296754.000000 411.115204 6.198138 1.530553 2.128343 11.730786 0.000000 0.000000 4.551256
 12358.000000 -297006.406250 409.396396 6.159653 1.547529 2.099929 9.725153 0.000000 0.000000 3.773120
 12360.000000 -296509.968750 410.040402 6.138048 1.502408 2.076150 8.201631 0.000000 0.000000 3.182030
 12362.000000 -296220.593750 410.337847 6.158815 1.427339 1.976349 3.094837 0.000000 0.000000 1.200720
 12364.000000 -296892.250000 410.493462 6.183307 1.475620 2.016476 4.924104 0.000000 0.000000 1.910431
 12366.000000 -297282.656250 410.309256 6.197711 1.532910 2.074190 8.268327 0.000000 0.000000 3.207907
 12368.000000 -297253.718750 409.484934 6.163524 1.419684 2.093182 9.603738 0.000000 0.000000 3.726013
 12370.000000 -296450.406250 409.011174 6.093076 1.447424 2.057014 7.321359 0.000000 0.000000 2.840507
 12372.000000 -297701.406250 409.206150 6.087998 1.483401 2.055341 7.280711 0.000000 0.000000 2.824736
 12374.000000 -297338.750000 409.717569 6.032559 1.484555 2.076662 8.689681 0.000000 0.000000 3.371382
 12376.000000 -298151.656250 409.070286 6.037941 1.446908 2.039243 6.454913 0.000000 0.000000 2.504347
 12378.000000 -298368.593750 409.324237 6.092234 1.441873 2.075423 8.739950 0.000000 0.000000 3.390885
 12380.000000 -297818.031250 410.181163 6.118387 1.515676 2.089189 9.743331 0.000000 0.000000 3.780172
 12382.000000 -297096.406250 409.736814 6.047157 1.446983 2.069007 8.450470 0.000000 0.000000 3.278574
 12384.000000 -296435.031250 409.910000 6.063448 1.421922 2.095118 10.304584 0.000000 0.000000 3.997925
 12386.000000 -296263.343750 410.203286 6.041125 1.426355 2.104421 11.057373 0.000000 0.000000 4.289988
 12388.000000 -296926.781250 410.628049 6.086850 1.386995 2.113509 11.820202 0.000000 0.000000 4.585947
 12390.000000 -296436.968750 411.285109 6.171708 1.418596 2.041858 7.012738 0.000000 0.000000 2.720769
 12392.000000 -296059.656250 411.355272 6.083601 1.510099 2.051092 7.631818 0.000000 0.000000 2.960957
 12394.000000 -295799.718750 410.973583 6.032619 1.399321 2.032638 6.591704 0.000000 0.000000 2.557418
 12396.000000 -295913.156250 410.777886 6.033877 1.456852 1.984754 4.174857 0.000000 0.000000 1.619741
 12398.000000 -296042.062500 410.953772 6.009119 1.482982 2.008928 5.404277 0.000000 0.000000 2.096726
 12400.000000 -296416.625000 411.485754 6.071116 1.459007 2.013214 5.682523 0.000000 0.000000 2.204679
 12402.000000 -296164.593750 412.101325 6.067730 1.445096 2.032576 6.819694 0.000000 0.000000 2.645873
 12404.000000 -296527.156250 411.897139 6.048989 1.411822 2.022053 6.274958 0.000000 0.000000 2.434529
 12406.000000 -296527.750000 410.924813 5.992646 1.366549 2.056952 8.446860 0.000000 0.000000 3.277173
 12408.000000 -296464.562500 411.267751 5.893604 1.422647 2.074837 9.718759 0.000000 0.000000 3.770639
 12410.000000 -297044.750000 409.720713 5.917587 1.381997 2.133487 14.321695 0.000000 0.000000 5.556465
 12412.000000 -297090.093750 409.120002 5.950028 1.432485 2.104591 12.058360 0.000000 0.000000 4.678346
 12414.000000 -296566.187500 408.980530 5.924633 1.423767 2.091178 11.113796 0.000000 0.000000 4.311879
 12416.000000 -297011.031250 408.594673 5.899652 1.473474 2.082199 10.526952 0.000000 0.000000 4.084198
 12418.000000 -296230.156250 408.075787 5.976912 1.443231 2.071157 9.811019 0.000000 0.000000 3.806434
 12420.000000 -296693.125000 409.066464 5.903746 1.415407 2.084483 10.839996 0.000000 0.000000 4.205651
 12422.000000 -298017.093750 410.367274 5.937137 1.384866 2.101169 12.181182 0.000000 0.000000 4.725998
 12424.000000 -297580.187500 409.576974 5.932836 1.430426 2.090556 11.442528 0.000000 0.000000 4.439419
 12426.000000 -297453.968750 409.017291 5.942104 1.393513 2.091712 11.606213 0.000000 0.000000 4.502924
 12428.000000 -298683.781250 408.773117 5.919833 1.378654 2.102819 12.546791 0.000000 0.000000 4.867846
 12430.000000 -296452.343750 408.792942 5.930912 1.333617 2.091256 11.724105 0.000000 0.000000 4.548663
 12432.000000 -298521.468750 408.794009 5.921707 1.295753 2.027195 7.392964 0.000000 0.000000 2.868288
 12434.000000 -297272.687500 408.238166 5.852947 1.318692 2.081900 11.167629 0.000000 0.000000 4.332765
 12436.000000 -298302.781250 408.704960 5.845067 1.305529 2.086498 11.589894 0.000000 0.000000 4.496593
 12438.000000 -297535.593750 409.065363 5.840468 1.347179 2.065023 10.083619 0.000000 0.000000 3.912196
 12440.000000 -297212.250000 410.004162 5.811435 1.421115 2.087399 11.811761 0.000000 0.000000 4.582672
 12442.000000 -296345.718750 407.969164 5.749279 1.319902 2.094882 12.472704 0.000000 0.000000 4.839102
 12444.000000 -297197.406250 408.231746 5.771808 1.340724 2.117515 14.408840 0.000000 0.000000 5.590275
 12446.000000 -296984.750000 409.072733 5.825522 1.374542 2.144006 16.836635 0.000000 0.000000 6.532199
 12448.000000 -296213.687500 408.971501 5.930647 1.432656 2.102465 13.322432 0.000000 0.000000 5.168775
 12450.000000 -297236.312500 409.939469 5.960734 1.383691 2.086120 12.099469 0.000000 0.000000 4.694296
 12452.000000 -297394.375000 410.778948 5.894968 1.371005 2.083338 11.961223 0.000000 0.000000 4.640659
 12454.000000 -296990.906250 410.569319 5.915489 1.442467 2.094270 12.901800 0.000000 0.000000 5.005580
 12456.000000 -296222.687500 409.620411 5.914088 1.411462 2.078115 11.713331 0.000000 0.000000 4.544484
 12458.000000 -296705.562500 410.700838 5.906129 1.434969 2.124545 15.624302 0.000000 0.000000 6.061844
 12460.000000 -297228.312500 410.633404 5.885370 1.387365 2.088562 12.685232 0.000000 0.000000 4.921557
 12462.000000 -297606.843750 411.617810 5.908726 1.403639 2.074442 11.661848 0.000000 0.000000 4.524510
 12464.000000 -296736.343750 412.403040 5.979157 1.410081 2.093139 13.214460 0.000000 0.000000 5.126885
 12466.000000 -296130.218750 413.012908 6.005105 1.421988 2.169010 20.201528 0.000000 0.000000 7.837695
 12468.000000 -295977.375000 413.199356 5.982594 1.351543 2.167252 20.125350 0.000000 0.000000 7.808140
 12470.000000 -296063.906250 411.772430 5.901240 1.421148 2.187525 22.315923 0.000000 0.000000 8.658028
 12472.000000 -296399.937500 410.416809 5.959271 1.448956 2.119723 15.817339 0.000000 0.000000 6.136738
 12474.000000 -296781.406250 409.532636 5.893173 1.427261 2.133518 17.160406 0.000000 0.000000 6.657814
 12476.000000 -296804.250000 410.546835 5.862189 1.464072 2.096534 13.989150 0.000000 0.000000 5.427445
 12478.000000 -296978.093750 409.948015 5.894558 1.438921 2.117041 15.845630 0.000000 0.000000 6.147714
 12480.000000 -296165.375000 409.752958 5.941383 1.432528 2.099966 14.447111 0.000000 0.000000 5.605123
 12482.000000 -296979.312500 411.058929 5.892815 1.526687 2.043848 10.142279 0.000000 0.000000 3.934954
 12484.000000 -297010.031250 410.031023 5.859276 1.432706 2.076384 12.671020 0.000000 0.000000 4.916043
 12486.000000 -297024.156250 409.269121 5.811523 1.417472 2.010163 8.011445 0.000000 0.000000 3.108243
 12488.000000 -296566.468750 409.128466 5.905067 1.415695 2.030143 9.394326 0.000000 0.000000 3.644767
 12490.000000 -297237.843750 409.495971 5.930450 1.420511 2.055453 11.284005 0.000000 0.000000 4.377916
 12492.000000 -296925.281250 408.528598 5.935335 1.432308 2.048181 10.817844 0.000000 0.000000 4.197057
 12494.000000 -296707.000000 409.225073 5.927302 1.365750 2.064688 12.143695 0.000000 0.000000 4.711454
 12496.000000 -295873.093750 408.813301 5.899760 1.389963 2.101074 15.231626 0.000000 0.000000 5.909495
 12498.000000 -297597.937500 408.502133 5.874595 1.340052 2.157887 20.694634 0.000000 0.000000 8.029008
 12500.000000 -297302.687500 408.365883 5.885229 1.399902 2.121481 17.249752 0.000000 0.000000 6.692478
 12502.000000 -297755.375000 408.401758 5.923538 1.368871 2.104156 15.766994 0.000000 0.000000 6.117205
 12504.000000 -297977.250000 408.048343 5.971092 1.432137 2.077155 13.542840 0.000000 0.000000 5.254288
 12506.000000 -297833.062500 409.105733 5.955323 1.415442 2.098471 15.441479 0.000000 0.000000 5.990913
 12508.000000 -297601.156250 409.617657 6.038359 1.459780 2.012954 8.908088 0.000000 0.000000 3.456118
 12510.000000 -299040.062500 410.004680 5.949917 1.399234 2.109531 16.610336 0.000000 0.000000 6.444401
 12512.000000 -298004.875000 409.911961 5.960671 1.344585 2.153893 21.001521 0.000000 0.000000 8.148072
 12514.000000 -297094.125000 409.330904 6.007547 1.424370 2.089540 15.011213 0.000000 0.000000 5.823981
 12516.000000 -296709.468750 409.120698 5.962008 1.370296 2.104199 16.398474 0.000000 0.000000 6.362204
 12518.000000 -297172.718750 408.587724 6.051654 1.437075 2.090870 15.301111 0.000000 0.000000 5.936454
 12520.000000 -297149.468750 409.818730 6.064484 1.370526 2.147795 20.787114 0.000000 0.000000 8.064888
 12522.000000 -297135.906250 409.995136 5.980036 1.418844 2.091370 15.520573 0.000000 0.000000 6.021600
 12524.000000 -297308.093750 409.038418 6.040097 1.420581 2.026815 10.426784 0.000000 0.000000 4.045335
 12526.000000 -298062.218750 407.943057 6.016189 1.364684 2.128844 19.192755 0.000000 0.000000 7.446316
 12528.000000 -297800.968750 407.165569 6.013495 1.240631 2.095391 16.145226 0.000000 0.000000 6.263950
 12530.000000 -297486.250000 407.911009 6.036331 1.242739 2.079120 14.802324 0.000000 0.000000 5.742937
 12532.000000 -297473.937500 409.403641 5.996684 1.188631 2.099486 16.697517 0.000000 0.000000 6.478225
 12534.000000 -297096.906250 409.484164 6.022082 1.217775 2.112153 17.969587 0.000000 0.000000 6.971757
 12536.000000 -297487.406250 409.467882 6.025438 1.227720 2.171690 24.165915 0.000000 0.000000 9.375779
 12538.000000 -298034.875000 409.202389 5.996285 1.229218 2.176592 24.819075 0.000000 0.000000 9.629189
 12540.000000 -296992.531250 411.013178 6.056425 1.282167 2.148562 21.899269 0.000000 0.000000 8.496376
 12542.000000 -296889.906250 409.967340 6.021341 1.253284 2.095078 16.751650 0.000000 0.000000 6.499227
 12544.000000 -296585.375000 409.860416 6.009016 1.281649 2.125309 19.731764 0.000000 0.000000 7.655438
 12546.000000 -298077.593750 409.275455 6.007225 1.269083 2.080741 15.641562 0.000000 0.000000 6.068540
 12548.000000 -296996.187500 408.478817 5.969633 1.212555 2.113515 18.770975 0.000000 0.000000 7.282675
 12550.000000 -297567.031250 408.063409 6.007056 1.288952 2.072265 15.074154 0.000000 0.000000 5.848400
 12552.000000 -297587.750000 408.426721 6.003696 1.281367 2.052300 13.472613 0.000000 0.000000 5.227042
 12554.000000 -298226.687500 408.780539 5.961893 1.243609 2.029912 11.774396 0.000000 0.000000 4.568175
 12556.000000 -297390.000000 409.443860 6.034397 1.289717 1.993224 9.195293 0.000000 0.000000 3.567547
 12558.000000 -298186.343750 408.854149 5.892065 1.296804 1.998757 9.643621 0.000000 0.000000 3.741487
 12560.000000 -298435.437500 408.258648 5.925991 1.245827 2.060563 14.497876 0.000000 0.000000 5.624818
 12562.000000 -297188.750000 409.465494 5.961420 1.300136 1.983403 8.738620 0.000000 0.000000 3.390369
 12564.000000 -296868.468750 409.408952 6.006656 1.306570 1.943013 6.328857 0.000000 0.000000 2.455440
 12566.000000 -296589.281250 409.625710 5.948574 1.360407 1.909023 4.609122 0.000000 0.000000 1.788226
 12568.000000 -296341.375000 411.903854 5.904329 1.298796 2.023923 11.852041 0.000000 0.000000 4.598300
 12570.000000 -295666.218750 410.803754 5.850082 1.382001 1.984765 9.096677 0.000000 0.000000 3.529286
 12572.000000 -297256.437500 410.696383 5.855704 1.234542 1.963090 7.755705 0.000000 0.000000 3.009022
 12574.000000 -297448.093750 411.415703 5.804216 1.283341 1.961906 7.744272 0.000000 0.000000 3.004586
 12576.000000 -297472.593750 410.649226 5.810473 1.314346 1.941011 6.555727 0.000000 0.000000 2.543460
 12578.000000 -297145.906250 408.639186 5.751824 1.329155 1.929359 5.960107 0.000000 0.000000 2.312375
 12580.000000 -297595.968750 409.644503 5.839601 1.332957 2.000012 10.513399 0.000000 0.000000 4.078939
 12582.000000 -298110.343750 410.858521 5.771837 1.420220 1.998361 10.466250 0.000000 0.000000 4.060647
 12584.000000 -297862.500000 409.210172 5.805155 1.472875 2.030017 12.961874 0.000000 0.000000 5.028887
 12586.000000 -297142.437500 409.911271 5.850002 1.444303 2.057406 15.348016 0.000000 0.000000 5.954652
 12588.000000 -297310.093750 410.661645 5.925022 1.393954 2.020615 12.372853 0.000000 0.000000 4.800362
 12590.000000 -297376.843750 411.713327 5.970502 1.535232 2.090445 18.571018 0.000000 0.000000 7.205097
 12592.000000 -296467.531250 411.880232 5.929527 1.509538 2.043944 14.445224 0.000000 0.000000 5.604391
 12594.000000 -295901.750000 412.377604 5.922926 1.475030 2.057730 15.729182 0.000000 0.000000 6.102535
 12596.000000 -297339.906250 412.075201 5.911114 1.452750 2.035310 13.886927 0.000000 0.000000 5.387785
 12598.000000 -297886.031250 411.136742 5.986663 1.410784 2.022064 12.885232 0.000000 0.000000 4.999152
 12600.000000 -297575.812500 409.580618 6.007833 1.392819 2.054890 15.743346 0.000000 0.000000 6.108030
 12602.000000 -296807.968750 409.950554 5.928166 1.468579 2.116246 21.761807 0.000000 0.000000 8.443044
 12604.000000 -297079.187500 407.893814 5.944350 1.390157 2.075458 17.809310 0.000000 0.000000 6.909573
 12606.000000 -296847.218750 410.098071 5.978032 1.400982 2.099298 20.230459 0.000000 0.000000 7.848919
 12608.000000 -297052.562500 410.603643 5.930167 1.379045 2.051921 15.834986 0.000000 0.000000 6.143584
 12610.000000 -297049.968750 409.759490 5.899018 1.410023 2.135428 24.247143 0.000000 0.000000 9.407293
 12612.000000 -297534.625000 409.256932 5.877290 1.422177 2.126003 23.328302 0.000000 0.000000 9.050806
 12614.000000 -297630.812500 408.398273 5.868404 1.444542 2.133994 24.309413 0.000000 0.000000 9.431453
 12616.000000 -297220.687500 408.393425 5.844043 1.447487 2.113272 22.183774 0.000000 0.000000 8.606757
 12618.000000 -297492.875000 409.101197 5.892053 1.475944 2.145260 25.794012 0.000000 0.000000 10.007441
 12620.000000 -297741.875000 409.406381 5.944842 1.487419 2.122779 23.412252 0.000000 0.000000 9.083376
 12622.000000 -298104.375000 407.988542 5.971666 1.477440 2.158845 27.594342 0.000000 0.000000 10.705924
 12624.000000 -298502.781250 408.397963 6.009947 1.417429 2.174311 29.562347 0.000000 0.000000 11.469461
 12626.000000 -299163.406250 407.881177 6.051081 1.364190 2.141041 25.769165 0.000000 0.000000 9.997800
 12628.000000 -297473.687500 407.604142 6.053154 1.373873 2.186016 31.252041 0.000000 0.000000 12.125021
 12630.000000 -298391.906250 408.233519 6.039452 1.424483 2.111715 22.760761 0.000000 0.000000 8.830614
 12632.000000 -297968.437500 407.753836 6.001875 1.484713 2.144148 26.467006 0.000000 0.000000 10.268546
 12634.000000 -296931.593750 408.613063 6.026647 1.426645 2.127263 24.671181 0.000000 0.000000 9.571810
 12636.000000 -297421.187500 408.680275 6.052553 1.414357 2.076975 19.500705 0.000000 0.000000 7.565793
 12638.000000 -298174.156250 409.188872 6.155185 1.431207 2.160321 28.718625 0.000000 0.000000 11.142118
 12640.000000 -298484.312500 407.601510 6.048738 1.450276 2.150081 27.621961 0.000000 0.000000 10.716640
 12642.000000 -297091.468750 408.598725 6.059838 1.461540 2.131630 25.609259 0.000000 0.000000 9.935761
 12644.000000 -297575.187500 408.944266 6.015904 1.480466 2.160997 29.160713 0.000000 0.000000 11.313637
 12646.000000 -298537.250000 409.024100 5.972515 1.405806 2.091628 21.489508 0.000000 0.000000 8.337399
 12648.000000 -298534.125000 408.093843 6.008561 1.451243 2.062211 18.644851 0.000000 0.000000 7.233743
 12650.000000 -296746.750000 409.008804 5.963657 1.558622 2.005828 13.680910 0.000000 0.000000 5.307856
 12652.000000 -297282.500000 410.565467 5.950422 1.480308 2.045044 17.209231 0.000000 0.000000 6.676757
 12654.000000 -297076.781250 410.872674 5.925105 1.403786 2.040228 16.857040 0.000000 0.000000 6.540116
 12656.000000 -297435.375000 410.168527 5.957910 1.414615 2.009726 14.257333 0.000000 0.000000 5.531494
 12658.000000 -296778.062500 409.188101 5.892463 1.334290 2.049015 17.861897 0.000000 0.000000 6.929976
 12660.000000 -297314.656250 410.242988 5.946832 1.367882 2.050278 18.076402 0.000000 0.000000 7.013198
 12662.000000 -298170.250000 408.627062 5.852338 1.362025 2.029623 16.256131 0.000000 0.000000 6.306978
 12664.000000 -298023.406250 408.624764 5.937256 1.392703 2.011524 14.751074 0.000000 0.000000 5.723053
 12666.000000 -297158.468750 409.516028 5.851868 1.505254 2.040416 17.429895 0.000000 0.000000 6.762369
 12668.000000 -296797.437500 409.712421 5.749580 1.577686 1.980022 12.326214 0.000000 0.000000 4.782267
 12670.000000 -298065.312500 409.370884 5.766146 1.535999 1.954374 10.467130 0.000000 0.000000 4.060988
 12672.000000 -296636.218750 410.122692 5.728916 1.465643 1.994926 13.689003 0.000000 0.000000 5.310995
 12674.000000 -297707.156250 408.982686 5.778123 1.449378 2.079095 21.641905 0.000000 0.000000 8.396525
 12676.000000 -297026.562500 409.250859 5.762676 1.325785 2.015772 15.644347 0.000000 0.000000 6.069621
 12678.000000 -296488.343750 409.780972 5.797058 1.343616 1.993853 13.848900 0.000000 0.000000 5.373032
 12680.000000 -297428.031250 408.960873 5.758877 1.326331 1.957580 11.069229 0.000000 0.000000 4.294588
 12682.000000 -296574.468750 407.326466 5.668436 1.377367 1.956794 11.085156 0.000000 0.000000 4.300767
 12684.000000 -297028.437500 407.869234 5.671277 1.355211 1.971396 12.277165 0.000000 0.000000 4.763237
 12686.000000 -296580.656250 407.952975 5.664081 1.413720 2.004091 15.058989 0.000000 0.000000 5.842516
 12688.000000 -297373.468750 409.374505 5.663093 1.464113 1.906194 7.824656 0.000000 0.000000 3.035774
 12690.000000 -296964.000000 408.699583 5.547409 1.509024 1.931571 9.561423 0.000000 0.000000 3.709596
 12692.000000 -298966.375000 408.156041 5.641839 1.495912 1.864867 5.558129 0.000000 0.000000 2.156417
 12694.000000 -298227.156250 408.112931 5.598729 1.392765 1.814047 3.242022 0.000000 0.000000 1.257825
 12696.000000 -298089.062500 407.126881 5.602705 1.423712 1.930402 9.688490 0.000000 0.000000 3.758895
 12698.000000 -298151.687500 408.183065 5.631329 1.430568 1.970494 12.759521 0.000000 0.000000 4.950380
 12700.000000 -297659.593750 409.368641 5.641635 1.295181 1.975512 13.244760 0.000000 0.000000 5.138640
 12702.000000 -299311.687500 409.593639 5.613095 1.344617 1.976339 13.393866 0.000000 0.000000 5.196490
 12704.000000 -297469.593750 409.379174 5.560591 1.391348 1.959626 12.138832 0.000000 0.000000 4.709567
 12706.000000 -297685.031250 409.519143 5.487029 1.353061 1.929427 9.970627 0.000000 0.000000 3.868357
 12708.000000 -297438.250000 409.540628 5.486224 1.399196 1.972043 13.287987 0.000000 0.000000 5.155411
 12710.000000 -296757.281250 410.846513 5.537489 1.436683 1.964452 12.756163 0.000000 0.000000 4.949077
 12712.000000 -298320.375000 410.996617 5.530883 1.555680 1.937008 10.731742 0.000000 0.000000 4.163651
 12714.000000 -297652.250000 410.644462 5.532825 1.398748 1.872105 6.561118 0.000000 0.000000 2.545552
 12716.000000 -297753.812500 409.302968 5.474824 1.406438 1.962145 12.811626 0.000000 0.000000 4.970595
 12718.000000 -297090.406250 409.106855 5.492191 1.397650 1.834779 4.693789 0.000000 0.000000 1.821074
 12720.000000 -298060.437500 409.850480 5.503168 1.423743 1.917224 9.606649 0.000000 0.000000 3.727143
 12722.000000 -298131.781250 411.086112 5.487445 1.417807 1.913096 9.391068 0.000000 0.000000 3.643503
 12724.000000 -296589.062500 409.451644 5.500693 1.416592 1.966586 13.496064 0.000000 0.000000 5.236140
 12726.000000 -298077.093750 409.216236 5.489150 1.496470 1.972345 14.057044 0.000000 0.000000 5.453786
 12728.000000 -297552.906250 409.940631 5.527364 1.456863 1.945105 11.943218 0.000000 0.000000 4.633674
 12730.000000 -297476.156250 409.301458 5.486781 1.476514 1.986377 15.433228 0.000000 0.000000 5.987712
 12732.000000 -299226.093750 409.819889 5.550803 1.461951 1.956665 13.014065 0.000000 0.000000 5.049136
 12734.000000 -298113.218750 409.850606 5.493608 1.414517 1.909942 9.587132 0.000000 0.000000 3.719571
 12736.000000 -298570.125000 409.930219 5.429927 1.436358 1.899046 8.914203 0.000000 0.000000 3.458491
 12738.000000 -298127.281250 409.625402 5.445454 1.358062 1.996061 16.658704 0.000000 0.000000 6.463166
 12740.000000 -297280.718750 410.788870 5.490145 1.346035 2.023904 19.395046 0.000000 0.000000 7.524799
 12742.000000 -297252.718750 410.614410 5.504503 1.374722 2.009808 18.126851 0.000000 0.000000 7.032771
 12744.000000 -296742.156250 409.612307 5.496441 1.411586 2.023682 19.570566 0.000000 0.000000 7.592897
 12746.000000 -297052.187500 411.071798 5.435806 1.422508 1.987087 16.207802 0.000000 0.000000 6.288228
 12748.000000 -295858.468750 410.819328 5.405195 1.396895 1.977186 15.416433 0.000000 0.000000 5.981196
 12750.000000 -298744.687500 410.280217 5.389794 1.388943 1.975623 15.367025 0.000000 0.000000 5.962027
 12752.000000 -297141.656250 411.075479 5.395872 1.417774 1.880056 8.195613 0.000000 0.000000 3.179696
 12754.000000 -297123.906250 409.616089 5.349759 1.323243 1.882433 8.413198 0.000000 0.000000 3.264113
 12756.000000 -296688.000000 410.589217 5.408217 1.368364 1.904999 10.011032 0.000000 0.000000 3.884034
 12758.000000 -298105.593750 409.249739 5.299843 1.443671 1.878030 8.258080 0.000000 0.000000 3.203931
 12760.000000 -297918.937500 409.024109 5.241625 1.311688 1.801352 4.111083 0.000000 0.000000 1.594999
 12762.000000 -298818.875000 408.451561 5.175812 1.274837 1.732135 1.599941 0.000000 0.000000 0.620738
 12764.000000 -299186.468750 409.474594 5.107445 1.233147 1.738651 1.819596 0.000000 0.000000 0.705958
 12766.000000 -298455.531250 409.077257 5.162336 1.272727 1.750998 2.244447 0.000000 0.000000 0.870790
 12768.000000 -297574.437500 411.062498 5.139817 1.384999 1.794202 3.969489 0.000000 0.000000 1.540064
 12770.000000 -297436.593750 410.182690 5.118169 1.380741 1.818348 5.168809 0.000000 0.000000 2.005370
 12772.000000 -298082.656250 409.824418 5.182672 1.436822 1.685159 0.632955 0.000000 0.000000 0.245571
 12774.000000 -297748.343750 409.981967 5.165591 1.443789 1.624781 0.017349 0.000000 0.000000 0.006731
 12776.000000 -297430.812500 409.299616 5.180056 1.399958 1.696360 0.889571 0.000000 0.000000 0.345132
 12778.000000 -298101.062500 408.970896 5.168032 1.483529 1.714116 1.329122 0.000000 0.000000 0.515667
 12780.000000 -298641.343750 408.759352 5.190568 1.530113 1.700021 1.012972 0.000000 0.000000 0.393008
 12782.000000 -296373.906250 409.713715 5.166723 1.535095 1.622883 0.024093 0.000000 0.000000 0.009347
 12784.000000 -298267.187500 410.296043 5.128566 1.539798 1.688239 0.804780 0.000000 0.000000 0.312235
 12786.000000 -298162.843750 410.647243 5.072239 1.583356 1.647527 0.205306 0.000000 0.000000 0.079654
 12788.000000 -297752.781250 409.266957 4.985836 1.564064 1.616861 0.014746 0.000000 0.000000 0.005721
 12790.000000 -296268.468750 408.251960 4.990971 1.500445 1.703802 1.220242 0.000000 0.000000 0.473424
 12792.000000 -297992.687500 408.441630 4.948195 1.417772 1.553129 0.323487 0.000000 0.000000 0.125505
 12794.000000 -297650.062500 407.918874 4.896822 1.453756 1.513728 0.996181 0.000000 0.000000 0.386494
 12796.000000 -298574.062500 408.259913 4.921621 1.523487 1.549346 0.346554 0.000000 0.000000 0.134454
 12798.000000 -299413.187500 409.502268 4.886439 1.430221 1.396360 5.234709 0.000000 0.000000 2.030938
 12800.000000 -298916.125000 409.346311 4.915586 1.508159 1.484739 1.660645 0.000000 0.000000 0.644289
 12802.000000 -297555.250000 408.927949 4.899206 1.578056 1.498451 1.263759 0.000000 0.000000 0.490307
 12804.000000 -297839.843750 408.593024 4.911750 1.760633 1.586662 0.016068 0.000000 0.000000 0.006234
 12806.000000 -297935.781250 410.112605 4.941984 1.681156 1.577407 0.047987 0.000000 0.000000 0.018618
 12808.000000 -297843.187500 410.118913 4.883415 1.707452 1.664054 0.578919 0.000000 0.000000 0.224606
 12810.000000 -297408.656250 409.566377 5.012215 1.704258 1.600126 0.003284 0.000000 0.000000 0.001274
 12812.000000 -297647.062500 409.363125 5.027112 1.746506 1.595831 0.000419 0.000000 0.000000 0.000163
 12814.000000 -297195.687500 410.567997 5.118861 1.719026 1.631897 0.189119 0.000000 0.000000 0.073373
 12816.000000 -297511.437500 411.677788 5.097330 1.631708 1.569942 0.060822 0.000000 0.000000 0.023597
 12818.000000 -296840.968750 412.576982 5.105224 1.615315 1.500574 1.022105 0.000000 0.000000 0.396551
 12820.000000 -297697.093750 412.014709 5.080326 1.653442 1.628477 0.185062 0.000000 0.000000 0.071800
 12822.000000 -296906.031250 411.986747 5.116110 1.522264 1.597207 0.008419 0.000000 0.000000 0.003266
 12824.000000 -296712.750000 411.907232 5.015069 1.592337 1.574605 0.022430 0.000000 0.000000 0.008702
 12826.000000 -296950.718750 411.227699 5.062143 1.587469 1.615353 0.100485 0.000000 0.000000 0.038986
 12828.000000 -297034.125000 411.603552 4.988250 1.446371 1.672024 0.925024 0.000000 0.000000 0.358887
 12830.000000 -297933.062500 410.905429 4.975050 1.431777 1.700365 1.663635 0.000000 0.000000 0.645449
 12832.000000 -298653.062500 409.022548 5.113594 1.341136 1.642910 0.433803 0.000000 0.000000 0.168305
 12834.000000 -296671.937500 410.545616 5.083285 1.415152 1.613165 0.113740 0.000000 0.000000 0.044128
 12836.000000 -296538.093750 410.411457 5.097036 1.464368 1.600235 0.041564 0.000000 0.000000 0.016126
 12838.000000 -296751.218750 409.755370 5.172250 1.537434 1.532592 0.292922 0.000000 0.000000 0.113647
 12840.000000 -297397.468750 411.666940 5.174482 1.527244 1.538494 0.215346 0.000000 0.000000 0.083549
 12842.000000 -296707.218750 410.420926 5.174992 1.546847 1.567593 0.016266 0.000000 0.000000 0.006311
 12844.000000 -296658.218750 410.433995 5.138489 1.625039 1.502413 0.714173 0.000000 0.000000 0.277082
 12846.000000 -298047.312500 410.629053 5.228785 1.640640 1.527729 0.303460 0.000000 0.000000 0.117735
 12848.000000 -298479.531250 410.589932 5.271021 1.573616 1.546334 0.110008 0.000000 0.000000 0.042681
 12850.000000 -297315.875000 410.675599 5.340463 1.595428 1.612306 0.173965 0.000000 0.000000 0.067494
 12852.000000 -298366.250000 410.448901 5.387760 1.673342 1.604890 0.119273 0.000000 0.000000 0.046275
 12854.000000 -296730.281250 411.227453 5.448389 1.663752 1.584133 0.015494 0.000000 0.000000 0.006011
 12856.000000 -297611.281250 410.486531 5.445118 1.613369 1.527045 0.252622 0.000000 0.000000 0.098011
 12858.000000 -297077.562500 412.702561 5.479235 1.695754 1.616203 0.255415 0.000000 0.000000 0.099095
 12860.000000 -297033.687500 411.717138 5.422712 1.742499 1.633639 0.506237 0.000000 0.000000 0.196407
 12862.000000 -297543.281250 412.617420 5.429005 1.663541 1.517799 0.327698 0.000000 0.000000 0.127139
 12864.000000 -297524.906250 410.512848 5.459815 1.746956 1.515391 0.345961 0.000000 0.000000 0.134224
 12866.000000 -297634.281250 410.157508 5.460753 1.675094 1.489354 0.753621 0.000000 0.000000 0.292386
 12868.000000 -297197.156250 410.073447 5.467656 1.755815 1.528428 0.176456 0.000000 0.000000 0.068461
 12870.000000 -297753.312500 410.080740 5.350730 1.658044 1.513231 0.334999 0.000000 0.000000 0.129971
 12872.000000 -297199.781250 409.242308 5.300453 1.673125 1.503234 0.461563 0.000000 0.000000 0.179075
 12874.000000 -296027.531250 409.912724 5.269301 1.659949 1.506747 0.395550 0.000000 0.000000 0.153464
 12876.000000 -297603.281250 409.477122 5.269757 1.732051 1.570172 0.008348 0.000000 0.000000 0.003239
 12878.000000 -297282.375000 408.829741 5.217049 1.661773 1.557234 0.001773 0.000000 0.000000 0.000688
 12880.000000 -296927.812500 409.267211 5.175224 1.697147 1.468235 1.052591 0.000000 0.000000 0.408379
 12882.000000 -296711.906250 410.342243 5.174908 1.724982 1.528187 0.118676 0.000000 0.000000 0.046043
 12884.000000 -297635.156250 409.618510 5.220600 1.740652 1.467670 1.019939 0.000000 0.000000 0.395711
 12886.000000 -297083.281250 410.564056 5.263901 1.735190 1.500806 0.394716 0.000000 0.000000 0.153140
 12888.000000 -297223.437500 409.265219 5.253939 1.650930 1.459916 1.154015 0.000000 0.000000 0.447729
 12890.000000 -297362.750000 409.960671 5.382670 1.703808 1.491924 0.497315 0.000000 0.000000 0.192946
 12892.000000 -298517.343750 408.822981 5.459099 1.630879 1.556598 0.000844 0.000000 0.000000 0.000327
 12894.000000 -296833.062500 409.129243 5.517751 1.744860 1.642484 1.000917 0.000000 0.000000 0.388331
 12896.000000 -297055.250000 409.826881 5.499345 1.710188 1.599918 0.287016 0.000000 0.000000 0.111355
 12898.000000 -297499.062500 408.647621 5.456913 1.739983 1.653908 1.323762 0.000000 0.000000 0.513587
 12900.000000 -296907.843750 409.057111 5.479414 1.683414 1.740692 4.545438 0.000000 0.000000 1.763518
 12902.000000 -297936.843750 409.812381 5.536196 1.681065 1.704051 3.005085 0.000000 0.000000 1.165899
 12904.000000 -298238.218750 409.305813 5.533914 1.633845 1.722826 3.820518 0.000000 0.000000 1.482267
 12906.000000 -296820.656250 408.930613 5.447087 1.691910 1.663694 1.702193 0.000000 0.000000 0.660409
 12908.000000 -297096.500000 408.855680 5.448968 1.620213 1.678572 2.196907 0.000000 0.000000 0.852346
 12910.000000 -297303.750000 409.289151 5.524591 1.721806 1.629242 0.887092 0.000000 0.000000 0.344170
 12912.000000 -298539.687500 409.017385 5.496878 1.697342 1.612031 0.578520 0.000000 0.000000 0.224451
 12914.000000 -296970.062500 409.110988 5.431191 1.767302 1.604497 0.472731 0.000000 0.000000 0.183408
 12916.000000 -296375.593750 409.520682 5.373774 1.714807 1.639715 1.193525 0.000000 0.000000 0.463058
 12918.000000 -297388.218750 409.769245 5.429236 1.578467 1.645109 1.354827 0.000000 0.000000 0.525640
 12920.000000 -298407.125000 410.033367 5.388180 1.555040 1.624307 0.888461 0.000000 0.000000 0.344701
 12922.000000 -297726.812500 410.815874 5.330844 1.675883 1.634098 1.130445 0.000000 0.000000 0.438585
 12924.000000 -296918.187500 410.003128 5.373469 1.718721 1.654981 1.710571 0.000000 0.000000 0.663659
 12926.000000 -295961.687500 410.338714 5.402926 1.740780 1.611849 0.700299 0.000000 0.000000 0.271699
 12928.000000 -297041.656250 410.634123 5.475735 1.691229 1.582801 0.273789 0.000000 0.000000 0.106223
 12930.000000 -297601.062500 410.492733 5.465881 1.754687 1.606789 0.644199 0.000000 0.000000 0.249933
 12932.000000 -296290.625000 410.182478 5.478480 1.843058 1.576827 0.229264 0.000000 0.000000 0.088949
 12934.000000 -296539.468750 410.276024 5.542069 1.922515 1.572512 0.195149 0.000000 0.000000 0.075713
 12936.000000 -296955.625000 410.833542 5.469352 1.912718 1.569871 0.179279 0.000000 0.000000 0.069556
 12938.000000 -296227.156250 409.866491 5.500934 1.947884 1.537797 0.005774 0.000000 0.000000 0.002240
 12940.000000 -297713.250000 410.846462 5.546955 1.901459 1.584550 0.371968 0.000000 0.000000 0.144314
 12942.000000 -298264.937500 409.099338 5.483650 1.900073 1.543903 0.027761 0.000000 0.000000 0.010770
 12944.000000 -297363.343750 409.498492 5.553925 1.895176 1.596010 0.578166 0.000000 0.000000 0.224314
 12946.000000 -296899.875000 410.839545 5.523333 1.964273 1.540764 0.023681 0.000000 0.000000 0.009188
 12948.000000 -298595.593750 409.754108 5.527117 2.025063 1.502096 0.071423 0.000000 0.000000 0.027710
 12950.000000 -298534.656250 410.373150 5.484919 1.966367 1.505631 0.046894 0.000000 0.000000 0.018194
 12952.000000 -297596.250000 409.870565 5.414481 1.946537 1.560063 0.162572 0.000000 0.000000 0.063074
 12954.000000 -298648.812500 410.094607 5.381749 2.000769 1.552538 0.109062 0.000000 0.000000 0.042313
 12956.000000 -298531.343750 409.543357 5.357583 2.008308 1.575577 0.358817 0.000000 0.000000 0.139212
 12958.000000 -297505.437500 409.745549 5.271732 2.012635 1.611053 1.013696 0.000000 0.000000 0.393289
 12960.000000 -298299.781250 410.946298 5.339694 1.987315 1.656400 2.325608 0.000000 0.000000 0.902279
 12962.000000 -297664.812500 408.897279 5.429438 1.896535 1.614974 1.151368 0.000000 0.000000 0.446702
 12964.000000 -297219.281250 408.527395 5.438510 1.889507 1.581943 0.511083 0.000000 0.000000 0.198288
 12966.000000 -298843.500000 409.300021 5.313692 1.885015 1.633185 1.687366 0.000000 0.000000 0.654656
 12968.000000 -297749.343750 409.155364 5.354177 1.872272 1.620827 1.373596 0.000000 0.000000 0.532921
 12970.000000 -298152.093750 409.777477 5.368760 1.916255 1.602250 0.951571 0.000000 0.000000 0.369186
 12972.000000 -298189.531250 409.396651 5.327627 2.023589 1.616776 1.320360 0.000000 0.000000 0.512267
 12974.000000 -296311.593750 409.953663 5.392246 2.049742 1.597199 0.886191 0.000000 0.000000 0.343820
 12976.000000 -296801.906250 408.793253 5.315741 2.013100 1.557862 0.262920 0.000000 0.000000 0.102007
 12978.000000 -296810.593750 410.416933 5.337275 1.988341 1.551828 0.208367 0.000000 0.000000 0.080841
 12980.000000 -297265.937500 410.227397 5.317131 1.938402 1.546853 0.169765 0.000000 0.000000 0.065865
 12982.000000 -296951.875000 409.352044 5.375300 1.979639 1.522014 0.021171 0.000000 0.000000 0.008214
 12984.000000 -296960.125000 410.445996 5.481897 1.950675 1.527195 0.046056 0.000000 0.000000 0.017869
 12986.000000 -297533.312500 410.332687 5.538692 1.992013 1.544382 0.174674 0.000000 0.000000 0.067769
 12988.000000 -297630.812500 411.846314 5.523062 2.024778 1.557338 0.329455 0.000000 0.000000 0.127820
 12990.000000 -298012.250000 411.635588 5.567149 1.981663 1.502229 0.000960 0.000000 0.000000 0.000372
 12992.000000 -298081.625000 410.161165 5.500560 1.861745 1.517483 0.022726 0.000000 0.000000 0.008817
 12994.000000 -298029.406250 410.364286 5.589672 1.882809 1.562012 0.435309 0.000000 0.000000 0.168889
 12996.000000 -298520.531250 410.851092 5.567491 1.915762 1.603402 1.285290 0.000000 0.000000 0.498661
 12998.000000 -298217.625000 410.656342 5.539274 1.862096 1.598066 1.177715 0.000000 0.000000 0.456925
 13000.000000 -297131.718750 410.963337 5.435821 1.813813 1.602623 1.316446 0.000000 0.000000 0.510749
 13002.000000 -297325.968750 410.181182 5.328210 1.815152 1.551689 0.347021 0.000000 0.000000 0.134636
 13004.000000 -297722.156250 410.307089 5.273829 1.730335 1.541928 0.241211 0.000000 0.000000 0.093584
 13006.000000 -298162.125000 410.923488 5.373880 1.930292 1.472847 0.072921 0.000000 0.000000 0.028291
 13008.000000 -297914.937500 409.054998 5.395071 2.004600 1.444288 0.334268 0.000000 0.000000 0.129688
 13010.000000 -297631.187500 409.412714 5.402643 2.032299 1.453621 0.214031 0.000000 0.000000 0.083039
 13012.000000 -297451.031250 408.971133 5.400106 2.009314 1.415097 0.778207 0.000000 0.000000 0.301925
 13014.000000 -298060.812500 409.506696 5.455422 1.978077 1.486387 0.005466 0.000000 0.000000 0.002121
 13016.000000 -298021.125000 409.609189 5.461072 2.023172 1.467484 0.075129 0.000000 0.000000 0.029148
 13018.000000 -298434.625000 410.555625 5.511634 2.079468 1.556040 0.528772 0.000000 0.000000 0.205151
 13020.000000 -297440.468750 410.963882 5.496632 2.001960 1.548483 0.427526 0.000000 0.000000 0.165869
 13022.000000 -297967.375000 408.512400 5.465199 1.937036 1.500218 0.015731 0.000000 0.000000 0.006103
 13024.000000 -297253.906250 409.863320 5.498823 1.981401 1.446362 0.216712 0.000000 0.000000 0.084079
 13026.000000 -297095.562500 412.000418 5.526898 1.999767 1.389581 1.186316 0.000000 0.000000 0.460261
 13028.000000 -296174.812500 411.401022 5.510351 2.099040 1.425778 0.453332 0.000000 0.000000 0.175881
 13030.000000 -297791.281250 410.163926 5.478610 2.129880 1.417033 0.577446 0.000000 0.000000 0.224035
 13032.000000 -296857.500000 410.245003 5.472695 2.139950 1.496432 0.019319 0.000000 0.000000 0.007495
 13034.000000 -298056.156250 410.157436 5.533830 2.188582 1.425466 0.413776 0.000000 0.000000 0.160535
 13036.000000 -296824.062500 408.741473 5.519002 2.188431 1.475428 0.005399 0.000000 0.000000 0.002095
 13038.000000 -296834.937500 408.656692 5.525910 2.274237 1.442603 0.184288 0.000000 0.000000 0.071499
 13040.000000 -298502.000000 409.271936 5.492344 2.234339 1.422764 0.409496 0.000000 0.000000 0.158875
 13042.000000 -298295.156250 409.145926 5.380900 2.264720 1.530924 0.337015 0.000000 0.000000 0.130753
 13044.000000 -297870.687500 409.824426 5.391417 2.321836 1.550338 0.654105 0.000000 0.000000 0.253776
 13046.000000 -297170.687500 408.292640 5.514105 2.272868 1.475847 0.000166 0.000000 0.000000 0.000064
 13048.000000 -296571.250000 409.094179 5.527202 2.321681 1.472468 0.001559 0.000000 0.000000 0.000605
 13050.000000 -298517.687500 408.815313 5.552221 2.267384 1.401968 0.666704 0.000000 0.000000 0.258665
 13052.000000 -297790.281250 410.020483 5.585969 2.310397 1.470661 0.001394 0.000000 0.000000 0.000541
 13054.000000 -296453.000000 408.487932 5.596422 2.345087 1.521448 0.293400 0.000000 0.000000 0.113832
 13056.000000 -297601.875000 410.281626 5.524181 2.356562 1.582539 1.527351 0.000000 0.000000 0.592574
 13058.000000 -297607.406250 408.923987 5.484863 2.312725 1.594160 1.896059 0.000000 0.000000 0.735624
 13060.000000 -297382.156250 409.835814 5.579825 2.269274 1.576786 1.425416 0.000000 0.000000 0.553026
 13062.000000 -297172.031250 410.645284 5.469062 2.261876 1.570936 1.298880 0.000000 0.000000 0.503933
 13064.000000 -297205.281250 411.130412 5.451835 2.380708 1.508649 0.206541 0.000000 0.000000 0.080133
 13066.000000 -298229.781250 410.323765 5.405224 2.265339 1.506227 0.192347 0.000000 0.000000 0.074626
 13068.000000 -297583.875000 409.913667 5.360754 2.248865 1.456536 0.011197 0.000000 0.000000 0.004344
 13070.000000 -298774.187500 410.064979 5.413672 2.230586 1.407346 0.415502 0.000000 0.000000 0.161205
 13072.000000 -298500.875000 409.368697 5.335348 2.294517 1.419813 0.244059 0.000000 0.000000 0.094689
 13074.000000 -298261.531250 409.615100 5.414144 2.241179 1.460364 0.000869 0.000000 0.000000 0.000337
 13076.000000 -297720.843750 409.252749 5.490967 2.265241 1.462687 0.000059 0.000000 0.000000 0.000023
 13078.000000 -297944.687500 409.492309 5.481459 2.220529 1.358351 1.317103 0.000000 0.000000 0.511004
 13080.000000 -297289.531250 410.104066 5.373123 2.329512 1.383802 0.725770 0.000000 0.000000 0.281581
 13082.000000 -296884.093750 409.814178 5.269517 2.292482 1.305823 2.932901 0.000000 0.000000 1.137893
 13084.000000 -297098.281250 410.540228 5.415760 2.179252 1.323325 2.267182 0.000000 0.000000 0.879611
 13086.000000 -297121.500000 410.130361 5.400439 2.207233 1.372897 0.884170 0.000000 0.000000 0.343036
 13088.000000 -296623.718750 409.964273 5.393270 2.131265 1.358956 1.177197 0.000000 0.000000 0.456723
 13090.000000 -298106.656250 409.050702 5.408081 2.191758 1.257872 4.857434 0.000000 0.000000 1.884565
 13092.000000 -297672.406250 409.272507 5.418187 2.125897 1.262487 4.584672 0.000000 0.000000 1.778740
 13094.000000 -297847.562500 408.920551 5.420596 2.179070 1.214823 7.091054 0.000000 0.000000 2.751154
 13096.000000 -299015.031250 408.042737 5.495658 2.194640 1.235871 5.838994 0.000000 0.000000 2.265386
 13098.000000 -299170.062500 407.532010 5.468558 2.225177 1.347171 1.347559 0.000000 0.000000 0.522819
 13100.000000 -298554.812500 406.865555 5.493647 2.240878 1.354968 1.128886 0.000000 0.000000 0.437980
 13102.000000 -298426.906250 407.105058 5.433135 2.262133 1.446262 0.000937 0.000000 0.000000 0.000364
 13104.000000 -298195.593750 408.491753 5.496284 2.360839 1.369408 0.772097 0.000000 0.000000 0.299554
 13106.000000 -297812.687500 409.459405 5.513966 2.351360 1.400730 0.267613 0.000000 0.000000 0.103827
 13108.000000 -297629.125000 408.635723 5.537822 2.261662 1.420285 0.082660 0.000000 0.000000 0.032070
 13110.000000 -298121.218750 407.575005 5.465342 2.293481 1.539091 1.106640 0.000000 0.000000 0.429349
 13112.000000 -299314.687500 407.913163 5.437825 2.155169 1.452544 0.009124 0.000000 0.000000 0.003540
 13114.000000 -299953.937500 406.589444 5.455311 2.157281 1.425806 0.036953 0.000000 0.000000 0.014337
 13116.000000 -298131.062500 408.501888 5.411400 2.085970 1.353307 0.983297 0.000000 0.000000 0.381495
 13118.000000 -297759.062500 407.775627 5.326361 2.163589 1.394427 0.271134 0.000000 0.000000 0.105193
 13120.000000 -296784.281250 409.051824 5.202981 2.126820 1.378939 0.466052 0.000000 0.000000 0.180817
 13122.000000 -298483.406250 408.513159 5.175568 2.085957 1.433964 0.003170 0.000000 0.000000 0.001230
 13124.000000 -298527.468750 408.525798 5.176871 2.035501 1.469460 0.123720 0.000000 0.000000 0.048000
 13126.000000 -297818.156250 407.304643 5.156740 2.066245 1.420381 0.034524 0.000000 0.000000 0.013395
 13128.000000 -298216.562500 408.486883 5.174159 2.174925 1.375233 0.461571 0.000000 0.000000 0.179078
 13130.000000 -298553.937500 409.776482 5.104761 2.221633 1.333950 1.276388 0.000000 0.000000 0.495207
 13132.000000 -297016.906250 410.241285 5.035906 2.191472 1.371019 0.495823 0.000000 0.000000 0.192367
 13134.000000 -297614.437500 409.212869 5.030123 2.198899 1.384486 0.294197 0.000000 0.000000 0.114141
 13136.000000 -297397.031250 410.029166 5.151236 2.230785 1.322065 1.510701 0.000000 0.000000 0.586115
 13138.000000 -296604.750000 409.765337 5.106828 2.172951 1.361519 0.603446 0.000000 0.000000 0.234122
 13140.000000 -297764.812500 409.509314 5.017831 2.175822 1.355221 0.698987 0.000000 0.000000 0.271190
 13142.000000 -298051.687500 409.614728 4.975938 2.195483 1.355055 0.683486 0.000000 0.000000 0.265176
 13144.000000 -298487.156250 409.136970 5.083949 2.238519 1.260623 3.501866 0.000000 0.000000 1.358638
 13146.000000 -298453.250000 409.591812 4.995027 2.264365 1.318092 1.482614 0.000000 0.000000 0.575218
 13148.000000 -298003.437500 409.726772 4.969201 2.169347 1.461465 0.157225 0.000000 0.000000 0.060999
 13150.000000 -297570.468750 409.497040 4.979626 2.121673 1.382725 0.223401 0.000000 0.000000 0.086674
 13152.000000 -297715.937500 409.644956 4.946584 2.133559 1.310623 1.606791 0.000000 0.000000 0.623395
 13154.000000 -297681.781250 409.457977 4.963046 2.097909 1.317637 1.387681 0.000000 0.000000 0.538386
 13156.000000 -297900.656250 409.187616 4.998227 2.080400 1.339586 0.849003 0.000000 0.000000 0.329392
 13158.000000 -297715.093750 409.975186 4.923194 2.216098 1.270154 2.844320 0.000000 0.000000 1.103526
 13160.000000 -298034.687500 411.644577 5.023108 2.284247 1.289171 2.139535 0.000000 0.000000 0.830087
 13162.000000 -297495.062500 411.427698 5.027258 2.276724 1.254021 3.402261 0.000000 0.000000 1.319993
 13164.000000 -298073.937500 410.766258 4.987494 2.296559 1.300598 1.722896 0.000000 0.000000 0.668441
 13166.000000 -298319.906250 410.826876 4.930827 2.281771 1.355707 0.469604 0.000000 0.000000 0.182195
 13168.000000 -297793.187500 410.393956 4.936886 2.361235 1.365819 0.314768 0.000000 0.000000 0.122122
 13170.000000 -297618.093750 410.339115 4.910331 2.344335 1.376574 0.184566 0.000000 0.000000 0.071607
 13172.000000 -297233.156250 410.196226 4.954351 2.233835 1.445618 0.124962 0.000000 0.000000 0.048482
 13174.000000 -298046.312500 410.481959 5.006703 2.282447 1.398327 0.026911 0.000000 0.000000 0.010441
 13176.000000 -297491.125000 409.290708 4.934314 2.385510 1.441058 0.105543 0.000000 0.000000 0.040948
 13178.000000 -297118.437500 409.630289 4.947049 2.407168 1.398834 0.018502 0.000000 0.000000 0.007178
 13180.000000 -297199.718750 409.647614 4.966916 2.486900 1.376123 0.143458 0.000000 0.000000 0.055658
 13182.000000 -297988.843750 409.390663 4.884606 2.497170 1.356669 0.342323 0.000000 0.000000 0.132813
 13184.000000 -296619.187500 409.889951 4.903647 2.474344 1.229564 3.979930 0.000000 0.000000 1.544115
 13186.000000 -298048.343750 409.420358 4.967468 2.512334 1.216386 4.541699 0.000000 0.000000 1.762067
 13188.000000 -297406.250000 409.867954 4.927510 2.483506 1.300426 1.393240 0.000000 0.000000 0.540543
 13190.000000 -297151.156250 410.419311 4.993876 2.447986 1.407321 0.000673 0.000000 0.000000 0.000261
 13192.000000 -297614.437500 410.387739 4.940837 2.448376 1.315758 0.973327 0.000000 0.000000 0.377627
 13194.000000 -298281.312500 409.661065 4.965853 2.572403 1.325178 0.757040 0.000000 0.000000 0.293713
 13196.000000 -298072.406250 409.339210 5.009550 2.794826 1.330482 0.639357 0.000000 0.000000 0.248055
 13198.000000 -299338.718750 409.401143 4.972999 2.788914 1.338440 0.489222 0.000000 0.000000 0.189806
 13200.000000 -297739.343750 408.945876 4.888329 2.713721 1.406392 0.005107 0.000000 0.000000 0.001982
 13202.000000 -298930.031250 409.225942 4.900504 2.668086 1.356659 0.224090 0.000000 0.000000 0.086942
 13204.000000 -297662.593750 409.582050 4.952901 2.682666 1.315299 0.854931 0.000000 0.000000 0.331692
 13206.000000 -297924.156250 409.516884 4.915602 2.606335 1.426969 0.112264 0.000000 0.000000 0.043556
 13208.000000 -297782.187500 410.117442 4.987632 2.563044 1.469743 0.679753 0.000000 0.000000 0.263727
 13210.000000 -298075.281250 408.932221 4.961179 2.423893 1.523229 2.055337 0.000000 0.000000 0.797420
 13212.000000 -297404.562500 408.821967 4.945484 2.471911 1.426579 0.132673 0.000000 0.000000 0.051474
 13214.000000 -296599.343750 410.155082 5.033205 2.428652 1.366186 0.089871 0.000000 0.000000 0.034868
 13216.000000 -298265.031250 408.400027 5.006797 2.475672 1.341109 0.323738 0.000000 0.000000 0.125602
 13218.000000 -297755.593750 407.867397 5.057437 2.553821 1.391861 0.000093 0.000000 0.000000 0.000036
 13220.000000 -297246.593750 407.642593 5.136754 2.593676 1.402251 0.018760 0.000000 0.000000 0.007279
 13222.000000 -297851.312500 407.674426 5.172214 2.646107 1.361232 0.096384 0.000000 0.000000 0.037395
 13224.000000 -297276.593750 408.230285 5.164877 2.626084 1.336291 0.334222 0.000000 0.000000 0.129670
 13226.000000 -298313.531250 409.409565 5.239640 2.609474 1.369215 0.039539 0.000000 0.000000 0.015340
 13228.000000 -297191.812500 408.530832 5.249913 2.627027 1.436882 0.323622 0.000000 0.000000 0.125558
 13230.000000 -296903.250000 409.323076 5.176000 2.759157 1.319058 0.543545 0.000000 0.000000 0.210882
 13232.000000 -298440.937500 408.458901 5.133253 2.728903 1.270074 1.622391 0.000000 0.000000 0.629448
 13234.000000 -298500.968750 409.348401 5.014849 2.673572 1.287555 1.138725 0.000000 0.000000 0.441797
 13236.000000 -297068.437500 409.560728 4.915213 2.824015 1.208587 3.759022 0.000000 0.000000 1.458408
 13238.000000 -297434.468750 410.404014 4.834293 2.854385 1.276154 1.374095 0.000000 0.000000 0.533115
 13240.000000 -296760.500000 411.254803 4.855872 2.809928 1.282826 1.180345 0.000000 0.000000 0.457945
 13242.000000 -296651.125000 411.989824 4.829392 2.809019 1.308856 0.615019 0.000000 0.000000 0.238612
 13244.000000 -296979.250000 411.342372 4.883945 2.784481 1.363343 0.026855 0.000000 0.000000 0.010419
 13246.000000 -298030.406250 409.715664 4.788416 2.714171 1.404441 0.094127 0.000000 0.000000 0.036519
 13248.000000 -299187.375000 408.985074 4.817112 2.705112 1.370209 0.004192 0.000000 0.000000 0.001626
 13250.000000 -298689.062500 408.238376 4.773958 2.769315 1.412316 0.174062 0.000000 0.000000 0.067532
 13252.000000 -298135.781250 409.365629 4.863985 2.743430 1.399094 0.078716 0.000000 0.000000 0.030540
 13254.000000 -299058.093750 408.324129 4.883341 2.688998 1.348472 0.075202 0.000000 0.000000 0.029177
 13256.000000 -298535.750000 409.453212 4.870586 2.654407 1.353733 0.041710 0.000000 0.000000 0.016182
 13258.000000 -299384.656250 408.868188 4.853067 2.565443 1.340726 0.114563 0.000000 0.000000 0.044448
 13260.000000 -298316.406250 409.546811 4.794042 2.534950 1.347767 0.061786 0.000000 0.000000 0.023971
 13262.000000 -297979.531250 409.662350 4.813852 2.532294 1.357645 0.016116 0.000000 0.000000 0.006253
 13264.000000 -297911.843750 408.925491 4.836077 2.499990 1.322025 0.264218 0.000000 0.000000 0.102510
 13266.000000 -298143.656250 409.205518 4.956052 2.516581 1.277837 0.993752 0.000000 0.000000 0.385551
 13268.000000 -297890.937500 410.112022 4.943316 2.564857 1.232380 2.231796 0.000000 0.000000 0.865882
 13270.000000 -298435.812500 410.058938 4.898563 2.569888 1.320828 0.243901 0.000000 0.000000 0.094628
 13272.000000 -297840.562500 410.484833 5.011213 2.663295 1.294365 0.606122 0.000000 0.000000 0.235161
 13274.000000 -296790.218750 410.626044 5.102825 2.674000 1.232742 2.120884 0.000000 0.000000 0.822851
 13276.000000 -298452.437500 409.390129 5.087049 2.803449 1.188639 3.756762 0.000000 0.000000 1.457531
 13278.000000 -298071.500000 408.931699 4.995265 2.849636 1.249889 1.543208 0.000000 0.000000 0.598727
 13280.000000 -298028.906250 408.943342 5.042600 2.763454 1.229565 2.126663 0.000000 0.000000 0.825093
 13282.000000 -299106.375000 408.497797 5.165502 2.841934 1.189962 3.571746 0.000000 0.000000 1.385749
 13284.000000 -297749.531250 409.299428 5.192898 2.951859 1.130554 6.466450 0.000000 0.000000 2.508823
 13286.000000 -298241.531250 409.128544 5.166196 3.048981 1.221588 2.292052 0.000000 0.000000 0.889260
 13288.000000 -297970.375000 409.652957 5.217614 3.159553 1.187055 3.567822 0.000000 0.000000 1.384227
 13290.000000 -298225.843750 410.832042 5.157928 3.095237 1.167919 4.374936 0.000000 0.000000 1.697367
 13292.000000 -297579.843750 411.267549 5.270823 3.024387 1.216776 2.353797 0.000000 0.000000 0.913215
 13294.000000 -297496.250000 408.846026 5.193549 3.018088 1.254974 1.201135 0.000000 0.000000 0.466011
 13296.000000 -297839.625000 408.802700 5.137364 3.044373 1.206627 2.641653 0.000000 0.000000 1.024896
 13298.000000 -297322.593750 409.693975 5.061507 3.055340 1.239133 1.564280 0.000000 0.000000 0.606902
 13300.000000 -296048.843750 410.681613 4.956883 3.067505 1.321991 0.098064 0.000000 0.000000 0.038046
 13302.000000 -296212.718750 411.273234 4.973451 3.103727 1.266772 0.845175 0.000000 0.000000 0.327907
 13304.000000 -297244.062500 411.011335 4.963544 3.029691 1.411659 0.506559 0.000000 0.000000 0.196532
 13306.000000 -295924.187500 409.568276 4.934629 3.083341 1.472347 1.963974 0.000000 0.000000 0.761973
 13308.000000 -297967.187500 409.878261 4.896663 3.063632 1.314277 0.125791 0.000000 0.000000 0.048804
 13310.000000 -297221.843750 410.423491 4.900964 3.133653 1.298145 0.274423 0.000000 0.000000 0.106469
 13312.000000 -297830.000000 409.085870 4.862363 3.187860 1.379688 0.159206 0.000000 0.000000 0.061768
 13314.000000 -298054.781250 409.709243 4.937914 3.190018 1.313031 0.112271 0.000000 0.000000 0.043558
 13316.000000 -298341.031250 408.657313 4.927865 3.158567 1.466020 1.922619 0.000000 0.000000 0.745929
 13318.000000 -297027.593750 409.384214 4.913185 3.122831 1.391553 0.319453 0.000000 0.000000 0.123940
 13320.000000 -297484.406250 409.255063 4.942362 3.101090 1.350436 0.013614 0.000000 0.000000 0.005282
 13322.000000 -297183.062500 409.651145 4.899965 3.076557 1.347198 0.008401 0.000000 0.000000 0.003259
 13324.000000 -297382.125000 410.254024 4.834955 3.021868 1.396403 0.426368 0.000000 0.000000 0.165420
 13326.000000 -297555.250000 409.206999 4.762307 3.035810 1.398541 0.473407 0.000000 0.000000 0.183670
 13328.000000 -297803.531250 408.332888 4.664097 3.039166 1.400966 0.527581 0.000000 0.000000 0.204688
 13330.000000 -298360.843750 407.613219 4.646916 3.041501 1.424019 0.990543 0.000000 0.000000 0.384306
 13332.000000 -297602.593750 407.557025 4.700960 3.022690 1.410400 0.729616 0.000000 0.000000 0.283073
 13334.000000 -298410.125000 407.159070 4.614395 2.982269 1.419286 0.930664 0.000000 0.000000 0.361075
 13336.000000 -298361.781250 407.107793 4.593479 2.986667 1.542578 5.542867 0.000000 0.000000 2.150496
 13338.000000 -298161.125000 406.491023 4.629669 2.985453 1.479930 2.772507 0.000000 0.000000 1.075664
 13340.000000 -298228.343750 407.503127 4.621437 3.015718 1.410281 0.805634 0.000000 0.000000 0.312566
 13342.000000 -299793.656250 407.932404 4.621570 3.062632 1.374386 0.257484 0.000000 0.000000 0.099897
 13344.000000 -298399.031250 408.137471 4.651117 3.145235 1.366384 0.184168 0.000000 0.000000 0.071453
 13346.000000 -298548.593750 407.957560 4.677823 3.145235 1.416331 0.997507 0.000000 0.000000 0.387008
 13348.000000 -298035.531250 408.236473 4.654488 3.064906 1.367835 0.218776 0.000000 0.000000 0.084880
 13350.000000 -297446.843750 408.790822 4.663818 3.048489 1.268041 0.405545 0.000000 0.000000 0.157342
 13352.000000 -297741.031250 408.466716 4.746204 3.020599 1.256201 0.574588 0.000000 0.000000 0.222926
 13354.000000 -297613.718750 409.423979 4.744619 2.999942 1.310137 0.020683 0.000000 0.000000 0.008024
 13356.000000 -296746.500000 409.367586 4.801390 2.972273 1.335813 0.023851 0.000000 0.000000 0.009254
 13358.000000 -296316.750000 409.589183 4.819981 2.936645 1.380460 0.441941 0.000000 0.000000 0.171462
 13360.000000 -296120.093750 409.122054 4.940778 2.944113 1.349847 0.111357 0.000000 0.000000 0.043204
 13362.000000 -297379.906250 409.409396 4.991570 3.026970 1.327535 0.009105 0.000000 0.000000 0.003532
 13364.000000 -297659.562500 409.456496 4.979110 2.970716 1.217743 1.256429 0.000000 0.000000 0.487463
 13366.000000 -296808.937500 409.366372 4.926919 2.858210 1.290598 0.087131 0.000000 0.000000 0.033805
 13368.000000 -297358.312500 410.668986 4.871063 2.783812 1.260132 0.390150 0.000000 0.000000 0.151369
 13370.000000 -297762.656250 411.418259 4.959333 2.801753 1.233827 0.823635 0.000000 0.000000 0.319550
 13372.000000 -298051.312500 411.049668 5.039320 2.686373 1.353305 0.193108 0.000000 0.000000 0.074921
 13374.000000 -297829.625000 411.839299 5.007862 2.732978 1.252778 0.453339 0.000000 0.000000 0.175884
 13376.000000 -297549.187500 411.275047 4.950077 2.711282 1.348211 0.163905 0.000000 0.000000 0.063591
 13378.000000 -298099.312500 410.282458 4.994881 2.667325 1.279797 0.121704 0.000000 0.000000 0.047218
 13380.000000 -298674.812500 409.684721 4.985945 2.781387 1.269618 0.203835 0.000000 0.000000 0.079083
 13382.000000 -297234.468750 410.366733 4.993458 2.652154 1.311330 0.000679 0.000000 0.000000 0.000263
 13384.000000 -296959.531250 411.233638 5.029688 2.605650 1.368588 0.458861 0.000000 0.000000 0.178027
 13386.000000 -296589.031250 413.607861 5.146267 2.558159 1.378293 0.635341 0.000000 0.000000 0.246497
 13388.000000 -296471.343750 413.489559 5.114673 2.620306 1.280325 0.082402 0.000000 0.000000 0.031970
 13390.000000 -296201.593750 412.387962 5.100181 2.702977 1.321373 0.033511 0.000000 0.000000 0.013001
 13392.000000 -296830.718750 411.253280 5.130167 2.777197 1.291335 0.020050 0.000000 0.000000 0.007779
 13394.000000 -297573.968750 410.212503 5.166004 2.837444 1.268828 0.145963 0.000000 0.000000 0.056630
 13396.000000 -296526.562500 411.700335 5.188867 2.823705 1.206667 1.136048 0.000000 0.000000 0.440759
 13398.000000 -296727.593750 411.384963 5.155227 2.789831 1.219485 0.830587 0.000000 0.000000 0.322247
 13400.000000 -297124.812500 410.844568 5.002810 2.859275 1.318463 0.042610 0.000000 0.000000 0.016532
 13402.000000 -297639.125000 409.212621 5.062644 2.897198 1.295950 0.001163 0.000000 0.000000 0.000451
 13404.000000 -298111.656250 408.329268 5.057612 2.928030 1.325114 0.091895 0.000000 0.000000 0.035653
 13406.000000 -298252.062500 408.806923 4.917941 2.973515 1.354691 0.416035 0.000000 0.000000 0.161411
 13408.000000 -297721.187500 408.040957 4.892014 2.871593 1.327617 0.124958 0.000000 0.000000 0.048480
 13410.000000 -298424.031250 408.749888 4.816223 2.841104 1.329812 0.151485 0.000000 0.000000 0.058773
 13412.000000 -298217.781250 408.348146 4.780826 2.820501 1.378703 0.896829 0.000000 0.000000 0.347947
 13414.000000 -299244.468750 407.846640 4.700715 2.843839 1.354727 0.476283 0.000000 0.000000 0.184786
 13416.000000 -298077.718750 408.363768 4.737317 2.766840 1.289885 0.000559 0.000000 0.000000 0.000217
 13418.000000 -298223.312500 409.953868 4.732602 2.847770 1.360928 0.611242 0.000000 0.000000 0.237147
 13420.000000 -298713.406250 409.238813 4.655736 2.814624 1.268762 0.056380 0.000000 0.000000 0.021874
 13422.000000 -299210.125000 409.169817 4.601085 2.741503 1.363660 0.696765 0.000000 0.000000 0.270328
 13424.000000 -298983.781250 410.093952 4.586998 2.759571 1.241665 0.268369 0.000000 0.000000 0.104120
 13426.000000 -298294.156250 411.459746 4.595067 2.758980 1.277321 0.011710 0.000000 0.000000 0.004543
 13428.000000 -298557.000000 411.152265 4.582672 2.823603 1.313596 0.095194 0.000000 0.000000 0.036933
 13430.000000 -298780.281250 409.221488 4.590470 2.901064 1.291324 0.004999 0.000000 0.000000 0.001939
 13432.000000 -298125.281250 409.283240 4.586972 2.962111 1.282995 0.000126 0.000000 0.000000 0.000049
 13434.000000 -297624.218750 409.939396 4.617326 2.885399 1.407732 1.944761 0.000000 0.000000 0.754519
 13436.000000 -298137.218750 409.553440 4.564023 2.849037 1.422253 2.458871 0.000000 0.000000 0.953981
 13438.000000 -297828.437500 408.290529 4.616931 2.830491 1.518009 7.021638 0.000000 0.000000 2.724222
 13440.000000 -296780.343750 408.872364 4.573903 2.806944 1.505565 6.359944 0.000000 0.000000 2.467501
 13442.000000 -299618.781250 409.747567 4.544743 2.879327 1.408196 2.086463 0.000000 0.000000 0.809496
 13444.000000 -298556.343750 410.125874 4.403890 2.855840 1.386343 1.467272 0.000000 0.000000 0.569265
 13446.000000 -298139.187500 409.002914 4.346548 2.842220 1.337347 0.455222 0.000000 0.000000 0.176615
 13448.000000 -297389.031250 408.703950 4.303452 2.814704 1.327935 0.337154 0.000000 0.000000 0.130807
 13450.000000 -297949.843750 408.616166 4.414968 2.804122 1.281574 0.005402 0.000000 0.000000 0.002096
 13452.000000 -298545.468750 409.057172 4.538928 2.677172 1.344443 0.620279 0.000000 0.000000 0.240653
 13454.000000 -297754.562500 410.620916 4.475227 2.637119 1.284735 0.017214 0.000000 0.000000 0.006679
 13456.000000 -298293.062500 411.776110 4.599318 2.593148 1.287395 0.029627 0.000000 0.000000 0.011494
 13458.000000 -297916.062500 410.228560 4.549911 2.693063 1.292670 0.058699 0.000000 0.000000 0.022774
 13460.000000 -297862.031250 410.524325 4.500420 2.786024 1.239951 0.112869 0.000000 0.000000 0.043790
 13462.000000 -298540.750000 409.384203 4.453715 2.747446 1.172094 1.173841 0.000000 0.000000 0.455421
 13464.000000 -297708.062500 409.863095 4.633723 2.716927 1.147749 1.807526 0.000000 0.000000 0.701275
 13466.000000 -298693.343750 408.981248 4.669839 2.562420 1.294607 0.095268 0.000000 0.000000 0.036961
 13468.000000 -298315.875000 407.775584 4.777127 2.514714 1.329213 0.499492 0.000000 0.000000 0.193791
 13470.000000 -298438.312500 408.126984 4.827165 2.521191 1.274293 0.010795 0.000000 0.000000 0.004188
 13472.000000 -297946.687500 408.617048 4.814366 2.684794 1.261388 0.000853 0.000000 0.000000 0.000331
 13474.000000 -298249.562500 408.517646 4.798001 2.726318 1.221495 0.215330 0.000000 0.000000 0.083543
 13476.000000 -297478.843750 407.916586 4.807830 2.695819 1.248788 0.021821 0.000000 0.000000 0.008466
 13478.000000 -296999.750000 408.643050 4.829564 2.795726 1.173610 0.954619 0.000000 0.000000 0.370368
 13480.000000 -297636.281250 408.480498 4.783776 2.791708 1.152989 1.431431 0.000000 0.000000 0.555360
 13482.000000 -296432.500000 409.417504 4.811153 2.806655 1.176170 0.857598 0.000000 0.000000 0.332727
 13484.000000 -297106.625000 410.623379 4.943047 2.802449 1.127800 2.119002 0.000000 0.000000 0.822120
 13486.000000 -296838.375000 410.742704 4.817365 2.911083 1.223840 0.137447 0.000000 0.000000 0.053326
 13488.000000 -296999.593750 409.541771 4.753425 2.951036 1.197638 0.425763 0.000000 0.000000 0.165186
 13490.000000 -296626.500000 409.515855 4.733854 2.819364 1.249623 0.003614 0.000000 0.000000 0.001402
 13492.000000 -296406.968750 410.359021 4.764555 2.874300 1.266376 0.019144 0.000000 0.000000 0.007427
 13494.000000 -296799.625000 411.167925 4.838110 2.746371 1.194421 0.428939 0.000000 0.000000 0.166418
 13496.000000 -297729.875000 411.175997 4.807119 2.746375 1.220669 0.122706 0.000000 0.000000 0.047607
 13498.000000 -297273.437500 409.716590 4.696520 2.708799 1.317893 0.559329 0.000000 0.000000 0.217006
 13500.000000 -296437.062500 410.930207 4.590766 2.747979 1.337135 0.949067 0.000000 0.000000 0.368215
 13502.000000 -297607.687500 410.930087 4.616305 2.772837 1.248476 0.000034 0.000000 0.000000 0.000013
 13504.000000 -297909.312500 410.078551 4.613795 2.810669 1.383000 2.278113 0.000000 0.000000 0.883852
 13506.000000 -297871.968750 409.892188 4.713885 2.827004 1.263413 0.033672 0.000000 0.000000 0.013064
 13508.000000 -297621.531250 410.049159 4.761704 2.868923 1.295929 0.311610 0.000000 0.000000 0.120897
 13510.000000 -296921.031250 410.359626 4.756779 2.736228 1.328628 0.874198 0.000000 0.000000 0.339167
 13512.000000 -297093.406250 410.853671 4.756541 2.708465 1.355597 1.556746 0.000000 0.000000 0.603979
 13514.000000 -297347.500000 410.513989 4.816084 2.633033 1.392017 2.775760 0.000000 0.000000 1.076926
 13516.000000 -297572.531250 410.617835 4.751372 2.684758 1.388047 2.666205 0.000000 0.000000 1.034422
 13518.000000 -297909.343750 410.319600 4.703267 2.656817 1.360015 1.770564 0.000000 0.000000 0.686935
 13520.000000 -297561.875000 409.425441 4.661252 2.558430 1.322497 0.850721 0.000000 0.000000 0.330059
 13522.000000 -298271.968750 409.922169 4.646892 2.617095 1.324697 0.917988 0.000000 0.000000 0.356157
 13524.000000 -298501.781250 410.658660 4.628251 2.546602 1.377837 2.444303 0.000000 0.000000 0.948329
 13526.000000 -297611.906250 410.396671 4.630676 2.584766 1.334695 1.193049 0.000000 0.000000 0.462874
 13528.000000 -296723.375000 411.671926 4.718742 2.594423 1.323824 0.964130 0.000000 0.000000 0.374059
 13530.000000 -297583.406250 411.792000 4.663865 2.632803 1.395580 3.223230 0.000000 0.000000 1.250534
 13532.000000 -297562.375000 411.751887 4.738458 2.584797 1.387840 2.958337 0.000000 0.000000 1.147762
 13534.000000 -296745.281250 409.449315 4.731915 2.528491 1.398890 3.439953 0.000000 0.000000 1.334617
 13536.000000 -297804.437500 408.478850 4.743699 2.618035 1.313893 0.838300 0.000000 0.000000 0.325240
 13538.000000 -297705.781250 408.822662 4.700958 2.630069 1.312139 0.822946 0.000000 0.000000 0.319283
 13540.000000 -296553.312500 409.284251 4.755677 2.661012 1.366542 2.330455 0.000000 0.000000 0.904159
 13542.000000 -297117.062500 409.277186 4.837698 2.639467 1.370825 2.514294 0.000000 0.000000 0.975484
 13544.000000 -297198.750000 409.400746 4.833727 2.639246 1.373723 2.654406 0.000000 0.000000 1.029844
 13546.000000 -296889.781250 409.488643 4.856607 2.650995 1.240144 0.021595 0.000000 0.000000 0.008378
 13548.000000 -296948.937500 410.485472 4.917113 2.724998 1.232379 0.005086 0.000000 0.000000 0.001973
 13550.000000 -297197.031250 408.828789 4.974379 2.774243 1.300584 0.714118 0.000000 0.000000 0.277060
 13552.000000 -296161.250000 408.853931 4.942820 2.745422 1.216541 0.006954 0.000000 0.000000 0.002698
 13554.000000 -297247.531250 408.338881 4.950847 2.772215 1.137600 0.911642 0.000000 0.000000 0.353695
 13556.000000 -297536.500000 407.747519 4.913319 2.777424 1.123481 1.213245 0.000000 0.000000 0.470709
 13558.000000 -297654.031250 409.080338 4.931931 2.808891 1.146385 0.695933 0.000000 0.000000 0.270005
 13560.000000 -297889.406250 408.551215 5.008707 2.899289 1.210850 0.010466 0.000000 0.000000 0.004061
 13562.000000 -297777.406250 407.974739 5.083126 2.851887 1.116760 1.306623 0.000000 0.000000 0.506937
 13564.000000 -297756.812500 409.249320 5.163878 2.861982 1.123407 1.118488 0.000000 0.000000 0.433946
 13566.000000 -297778.250000 409.382196 5.278132 2.793221 0.992536 6.297999 0.000000 0.000000 2.443468
 13568.000000 -298120.031250 408.782973 5.288954 2.715033 1.023106 4.651006 0.000000 0.000000 1.804476
 13570.000000 -298073.843750 407.401033 5.273254 2.646759 1.165278 0.309039 0.000000 0.000000 0.119899
 13572.000000 -296493.343750 409.120311 5.280465 2.540284 1.202703 0.015953 0.000000 0.000000 0.006189
 13574.000000 -296993.062500 410.081887 5.277418 2.640524 1.219351 0.005042 0.000000 0.000000 0.001956
 13576.000000 -296589.562500 408.574855 5.292623 2.842383 1.228226 0.032912 0.000000 0.000000 0.012769
 13578.000000 -297159.156250 409.795461 5.235784 2.922578 1.169903 0.211121 0.000000 0.000000 0.081910
 13580.000000 -297499.562500 409.850573 5.273799 3.065865 1.138589 0.637447 0.000000 0.000000 0.247314
 13582.000000 -297741.625000 408.757651 5.268195 3.049418 1.168395 0.206098 0.000000 0.000000 0.079961
 13584.000000 -298343.031250 408.656885 5.289263 3.143699 1.098620 1.495487 0.000000 0.000000 0.580212
 13586.000000 -298411.531250 408.268806 5.280271 3.227922 1.040362 3.471033 0.000000 0.000000 1.346675
 13588.000000 -298323.375000 408.293884 5.256319 3.157274 1.051876 2.969262 0.000000 0.000000 1.152000
 13590.000000 -298591.750000 407.971642 5.174040 3.165515 1.113808 1.039494 0.000000 0.000000 0.403298
 13592.000000 -297277.531250 408.658690 5.285096 3.156908 1.144106 0.448408 0.000000 0.000000 0.173971
 13594.000000 -297356.187500 408.490164 5.291327 3.230760 1.102771 1.255736 0.000000 0.000000 0.487195
 13596.000000 -298349.656250 408.897049 5.201202 3.340356 1.124190 0.756801 0.000000 0.000000 0.293620
 13598.000000 -297821.968750 409.550434 5.220113 3.339477 1.202336 0.000223 0.000000 0.000000 0.000087
 13600.000000 -298041.062500 409.019473 5.235729 3.300847 1.258511 0.427937 0.000000 0.000000 0.166029
 13602.000000 -298573.937500 410.738357 5.316858 3.333303 1.236953 0.180055 0.000000 0.000000 0.069857
 13604.000000 -297376.906250 409.960135 5.347958 3.396186 1.246079 0.288944 0.000000 0.000000 0.112103
 13606.000000 -297901.875000 409.353188 5.311501 3.337789 1.252049 0.378799 0.000000 0.000000 0.146965
 13608.000000 -297954.406250 408.979069 5.423028 3.389780 1.301428 1.389379 0.000000 0.000000 0.539045
 13610.000000 -297509.406250 410.284329 5.441892 3.335598 1.284203 0.994645 0.000000 0.000000 0.385898
 13612.000000 -297741.156250 410.167024 5.525001 3.274925 1.221192 0.092427 0.000000 0.000000 0.035859
 13614.000000 -297080.125000 410.830130 5.502186 3.321522 1.227477 0.148580 0.000000 0.000000 0.057645
 13616.000000 -298030.312500 410.689010 5.441134 3.490825 1.280527 0.979627 0.000000 0.000000 0.380071
 13618.000000 -296890.812500 411.516240 5.378735 3.533754 1.327879 2.341996 0.000000 0.000000 0.908637
 13620.000000 -297134.531250 411.549988 5.352637 3.490503 1.241307 0.329052 0.000000 0.000000 0.127664
 13622.000000 -297836.593750 411.255852 5.333535 3.446984 1.177112 0.017665 0.000000 0.000000 0.006853
 13624.000000 -297214.406250 409.522620 5.400905 3.543277 1.262693 0.697388 0.000000 0.000000 0.270569
 13626.000000 -297711.187500 410.036379 5.539224 3.542450 1.184646 0.000693 0.000000 0.000000 0.000269
 13628.000000 -298130.625000 411.294830 5.457304 3.506583 1.238599 0.345827 0.000000 0.000000 0.134172
 13630.000000 -296827.093750 409.599295 5.581378 3.495343 1.280993 1.151840 0.000000 0.000000 0.446885
 13632.000000 -296335.656250 409.230392 5.540006 3.613667 1.185118 0.000156 0.000000 0.000000 0.000061
 13634.000000 -296409.062500 410.853742 5.515607 3.600060 1.136931 0.265293 0.000000 0.000000 0.102927
 13636.000000 -297714.656250 410.082905 5.563281 3.549221 1.134555 0.281377 0.000000 0.000000 0.109167
 13638.000000 -296652.218750 409.608207 5.578551 3.558958 1.179159 0.000424 0.000000 0.000000 0.000164
 13640.000000 -296317.468750 410.319802 5.696583 3.488732 1.259001 0.780149 0.000000 0.000000 0.302679
 13642.000000 -296971.187500 409.586752 5.581229 3.420790 1.282872 1.348686 0.000000 0.000000 0.523257
 13644.000000 -296848.343750 409.505504 5.535378 3.455604 1.346180 3.535561 0.000000 0.000000 1.371711
 13646.000000 -297017.937500 410.145919 5.524588 3.510494 1.363574 4.351242 0.000000 0.000000 1.688175
 13648.000000 -297443.437500 408.901507 5.568013 3.515655 1.261827 0.920789 0.000000 0.000000 0.357243
 13650.000000 -298056.406250 408.165518 5.541005 3.504294 1.309234 2.252335 0.000000 0.000000 0.873850
 13652.000000 -297717.500000 407.854715 5.578093 3.445408 1.378832 5.244506 0.000000 0.000000 2.034739
 13654.000000 -297758.218750 409.341766 5.542603 3.435785 1.320995 2.737808 0.000000 0.000000 1.062202
 13656.000000 -297128.281250 409.395974 5.532641 3.535636 1.433422 8.542653 0.000000 0.000000 3.314339
 13658.000000 -297447.625000 409.341200 5.498098 3.523067 1.479813 11.920687 0.000000 0.000000 4.624933
 13660.000000 -296273.843750 410.280970 5.635432 3.586203 1.431529 8.549679 0.000000 0.000000 3.317065
 13662.000000 -296465.281250 410.116111 5.601151 3.600933 1.408842 7.190548 0.000000 0.000000 2.789755
 13664.000000 -297035.531250 409.397131 5.600505 3.590649 1.324347 3.055549 0.000000 0.000000 1.185478
 13666.000000 -296480.406250 410.127599 5.625901 3.575210 1.272879 1.401305 0.000000 0.000000 0.543672
 13668.000000 -296251.812500 410.688938 5.568262 3.583354 1.324474 3.139238 0.000000 0.000000 1.217947
 13670.000000 -296665.250000 410.793572 5.463977 3.668305 1.359271 4.717654 0.000000 0.000000 1.830334
 13672.000000 -297495.437500 411.142468 5.525190 3.653127 1.418865 8.119520 0.000000 0.000000 3.150174
 13674.000000 -298409.906250 410.123913 5.551867 3.624455 1.442876 9.791297 0.000000 0.000000 3.798782
 13676.000000 -297030.656250 409.986046 5.503036 3.595475 1.391404 6.578279 0.000000 0.000000 2.552210
 13678.000000 -297588.687500 410.866348 5.475137 3.471302 1.264582 1.341143 0.000000 0.000000 0.520331
 13680.000000 -296879.031250 410.654111 5.479162 3.487535 1.292593 2.197629 0.000000 0.000000 0.852626
 13682.000000 -298457.781250 411.082494 5.545572 3.422407 1.368321 5.476898 0.000000 0.000000 2.124901
 13684.000000 -298761.781250 410.320752 5.519045 3.470538 1.324242 3.454539 0.000000 0.000000 1.340276
 13686.000000 -297904.812500 409.688201 5.479706 3.490578 1.300114 2.560209 0.000000 0.000000 0.993298
 13688.000000 -297636.812500 408.555449 5.450057 3.568618 1.337050 4.097378 0.000000 0.000000 1.589682
 13690.000000 -297557.156250 410.049068 5.525983 3.551834 1.352944 4.897711 0.000000 0.000000 1.900191
 13692.000000 -297856.812500 409.826213 5.566880 3.524708 1.274014 1.800406 0.000000 0.000000 0.698513
 13694.000000 -298259.687500 407.865287 5.531482 3.521201 1.246490 1.092545 0.000000 0.000000 0.423881
 13696.000000 -297906.312500 409.958747 5.487356 3.449657 1.267255 1.660467 0.000000 0.000000 0.644220
 13698.000000 -297540.437500 409.733069 5.513800 3.429233 1.203450 0.343874 0.000000 0.000000 0.133415
 13700.000000 -297333.875000 410.217800 5.465714 3.430125 1.261689 1.559315 0.000000 0.000000 0.604976
 13702.000000 -297421.968750 410.428504 5.558000 3.385037 1.294196 2.635220 0.000000 0.000000 1.022400
 13704.000000 -297542.125000 409.448250 5.634766 3.384854 1.323784 3.862508 0.000000 0.000000 1.498558
 13706.000000 -296586.156250 408.884296 5.636805 3.348640 1.323414 3.890232 0.000000 0.000000 1.509314
 13708.000000 -298036.875000 409.188517 5.629757 3.261602 1.278176 2.183802 0.000000 0.000000 0.847261
 13710.000000 -296632.281250 408.510271 5.703690 3.297812 1.301272 3.052612 0.000000 0.000000 1.184338
 13712.000000 -297720.468750 407.078779 5.710439 3.333254 1.314071 3.615527 0.000000 0.000000 1.402735
 13714.000000 -296974.468750 407.884232 5.656873 3.396925 1.255018 1.568517 0.000000 0.000000 0.608546
 13716.000000 -297485.656250 408.286938 5.659732 3.340658 1.297698 3.030249 0.000000 0.000000 1.175662
 13718.000000 -296521.000000 409.720068 5.694471 3.270709 1.312754 3.687425 0.000000 0.000000 1.430630
 13720.000000 -297155.250000 410.147554 5.753649 3.275190 1.334017 4.705341 0.000000 0.000000 1.825556
 13722.000000 -296358.656250 410.248582 5.907092 3.208242 1.380969 7.318611 0.000000 0.000000 2.839441
 13724.000000 -296651.750000 409.414601 5.920656 3.190329 1.444236 11.722567 0.000000 0.000000 4.548067
 13726.000000 -297313.250000 409.830371 5.970840 3.124112 1.426723 10.492409 0.000000 0.000000 4.070796
 13728.000000 -297336.343750 409.144997 5.847834 3.143267 1.419598 10.053454 0.000000 0.000000 3.900492
 13730.000000 -297330.218750 409.538613 5.929022 3.153011 1.469915 14.020993 0.000000 0.000000 5.439799
 13732.000000 -297871.875000 408.762434 5.832749 3.115838 1.385292 7.893438 0.000000 0.000000 3.062459
 13734.000000 -297297.718750 410.645470 5.814167 3.139276 1.411159 9.671531 0.000000 0.000000 3.752315
 13736.000000 -297775.281250 409.307476 5.744094 3.182501 1.438757 11.762471 0.000000 0.000000 4.563549
 13738.000000 -297306.562500 409.883439 5.792386 3.272795 1.488719 15.995402 0.000000 0.000000 6.205821
 13740.000000 -296407.593750 408.824005 5.807729 3.265813 1.450789 12.863231 0.000000 0.000000 4.990616
 13742.000000 -298036.031250 409.091494 5.920430 3.214426 1.432211 11.492149 0.000000 0.000000 4.458670
 13744.000000 -297492.625000 410.528159 5.905197 3.165816 1.516673 18.883298 0.000000 0.000000 7.326254
 13746.000000 -295876.093750 410.598100 5.905005 3.323479 1.496417 17.058639 0.000000 0.000000 6.618331
 13748.000000 -296623.218750 410.043376 5.849182 3.305372 1.505814 18.032327 0.000000 0.000000 6.996098
 13750.000000 -296861.031250 409.612063 5.824122 3.307505 1.478173 15.591425 0.000000 0.000000 6.049088
 13752.000000 -297291.156250 409.750866 5.792297 3.299812 1.442185 12.655222 0.000000 0.000000 4.909914
 13754.000000 -297256.125000 410.094379 5.876032 3.394176 1.461962 14.361891 0.000000 0.000000 5.572059
 13756.000000 -297243.906250 411.094602 5.875616 3.398896 1.396370 9.409895 0.000000 0.000000 3.650807
 13758.000000 -297837.125000 410.700383 5.839643 3.475234 1.335001 5.724579 0.000000 0.000000 2.220995
 13760.000000 -297851.062500 409.490718 5.735675 3.510069 1.364600 7.478645 0.000000 0.000000 2.901530
 13762.000000 -297661.812500 410.445694 5.761964 3.458314 1.353264 6.859936 0.000000 0.000000 2.661486
 13764.000000 -297310.031250 410.157643 5.739450 3.428276 1.282542 3.384259 0.000000 0.000000 1.313009
 13766.000000 -297782.937500 409.354295 5.694977 3.372843 1.260146 2.561334 0.000000 0.000000 0.993734
 13768.000000 -298107.125000 409.493509 5.738102 3.335994 1.262610 2.686819 0.000000 0.000000 1.042420
 13770.000000 -298037.125000 408.992882 5.692463 3.246569 1.248325 2.221950 0.000000 0.000000 0.862062
 13772.000000 -297803.500000 408.948645 5.780290 3.256044 1.230620 1.700034 0.000000 0.000000 0.659571
 13774.000000 -297033.812500 408.296677 5.830336 3.268117 1.088830 0.073024 0.000000 0.000000 0.028331
 13776.000000 -298201.781250 409.283481 5.828054 3.400357 1.091955 0.050225 0.000000 0.000000 0.019486
 13778.000000 -297735.531250 408.729255 5.842404 3.444047 1.095938 0.028357 0.000000 0.000000 0.011002
 13780.000000 -297753.250000 408.695646 5.947296 3.375257 1.150917 0.209271 0.000000 0.000000 0.081192
 13782.000000 -296743.625000 409.017693 6.024167 3.447373 1.166070 0.407122 0.000000 0.000000 0.157953
 13784.000000 -297217.156250 408.114647 6.024254 3.328277 1.126298 0.041853 0.000000 0.000000 0.016238
 13786.000000 -297738.125000 408.152506 6.075453 3.301728 1.073719 0.138452 0.000000 0.000000 0.053716
 13788.000000 -297503.156250 408.135864 6.061803 3.309352 1.033139 0.663599 0.000000 0.000000 0.257460
 13790.000000 -297756.718750 408.408589 5.960429 3.400928 0.994221 1.533997 0.000000 0.000000 0.595153
 13792.000000 -298472.656250 407.965085 6.005956 3.384281 0.967112 2.342298 0.000000 0.000000 0.908754
 13794.000000 -297145.593750 408.942983 5.972225 3.403576 0.960179 2.549724 0.000000 0.000000 0.989230
 13796.000000 -296327.156250 410.028010 5.890445 3.478853 1.013688 0.974876 0.000000 0.000000 0.378228
 13798.000000 -297381.468750 410.921178 5.954564 3.547092 1.025923 0.704567 0.000000 0.000000 0.273355
 13800.000000 -297655.406250 411.649422 5.881375 3.478376 1.083318 0.034787 0.000000 0.000000 0.013496
 13802.000000 -297128.687500 411.514381 5.830786 3.434240 1.086724 0.018836 0.000000 0.000000 0.007308
 13804.000000 -296604.500000 411.177125 5.839709 3.458412 1.078200 0.049004 0.000000 0.000000 0.019012
 13806.000000 -297432.468750 412.219980 5.881026 3.434821 1.097475 0.000028 0.000000 0.000000 0.000011
 13808.000000 -296906.750000 411.318467 5.972044 3.391433 1.081756 0.025360 0.000000 0.000000 0.009839
 13810.000000 -297127.875000 412.130815 5.934776 3.470658 1.045436 0.307076 0.000000 0.000000 0.119138
 13812.000000 -295798.218750 411.952410 5.913349 3.507009 1.053057 0.209543 0.000000 0.000000 0.081298
 13814.000000 -296212.187500 411.195229 5.892247 3.433540 1.047168 0.262572 0.000000 0.000000 0.101871
 13816.000000 -296473.937500 411.511301 5.923944 3.376473 1.101878 0.012198 0.000000 0.000000 0.004732
 13818.000000 -295499.562500 410.806078 5.864443 3.372039 1.098539 0.007105 0.000000 0.000000 0.002756
 13820.000000 -296594.031250 411.979885 5.806393 3.442607 1.070693 0.046596 0.000000 0.000000 0.018078
 13822.000000 -296854.093750 411.705926 5.770909 3.447930 0.942987 2.664972 0.000000 0.000000 1.033943
 13824.000000 -296890.750000 411.328216 5.664263 3.449844 0.886889 5.055689 0.000000 0.000000 1.961483
 13826.000000 -297193.281250 411.705132 5.576619 3.473852 0.961062 1.982553 0.000000 0.000000 0.769182
 13828.000000 -296103.031250 412.020889 5.660173 3.494445 1.003735 0.845941 0.000000 0.000000 0.328204
 13830.000000 -296406.468750 413.320946 5.566734 3.521746 1.068959 0.032166 0.000000 0.000000 0.012480
 13832.000000 -297140.437500 412.768570 5.572532 3.623193 1.036552 0.281415 0.000000 0.000000 0.109182
 13834.000000 -296566.500000 412.024506 5.567950 3.722439 1.044098 0.189169 0.000000 0.000000 0.073393
 13836.000000 -295777.968750 411.444113 5.553600 3.806023 1.088032 0.004548 0.000000 0.000000 0.001765
 13838.000000 -296155.593750 411.764558 5.535907 3.900441 1.124017 0.231308 0.000000 0.000000 0.089742
 13840.000000 -297280.593750 410.425417 5.510319 3.902117 1.234497 2.983674 0.000000 0.000000 1.157592
 13842.000000 -296724.437500 409.322943 5.588943 4.002408 1.280756 5.088205 0.000000 0.000000 1.974098
 13844.000000 -296860.437500 409.113782 5.542260 4.072339 1.320499 7.350719 0.000000 0.000000 2.851898
 13846.000000 -297598.843750 410.332116 5.508659 4.101735 1.252237 3.838485 0.000000 0.000000 1.489238
 13848.000000 -297379.593750 410.087876 5.572464 4.162158 1.203686 2.037955 0.000000 0.000000 0.790676
 13850.000000 -297605.031250 409.425027 5.641366 4.171450 1.186240 1.546793 0.000000 0.000000 0.600118
 13852.000000 -298282.125000 409.499440 5.616867 4.190160 1.211394 2.359640 0.000000 0.000000 0.915482
 13854.000000 -297183.375000 411.443208 5.604245 4.195773 1.283940 5.561985 0.000000 0.000000 2.157913
 13856.000000 -297270.937500 411.790694 5.624790 4.118262 1.224175 2.894647 0.000000 0.000000 1.123052
 13858.000000 -296645.937500 412.237727 5.628655 4.059199 1.187592 1.699205 0.000000 0.000000 0.659249
 13860.000000 -296067.593750 413.026844 5.579825 4.007829 1.102645 0.133211 0.000000 0.000000 0.051683
 13862.000000 -296946.593750 412.307248 5.620762 3.950279 1.057715 0.015919 0.000000 0.000000 0.006176
 13864.000000 -297582.312500 410.240052 5.646589 3.988503 1.013364 0.373142 0.000000 0.000000 0.144770
 13866.000000 -298355.875000 409.955362 5.775614 3.995518 1.060729 0.004915 0.000000 0.000000 0.001907
 13868.000000 -296531.250000 407.957515 5.809679 3.954410 1.049154 0.035472 0.000000 0.000000 0.013762
 13870.000000 -298120.750000 409.645145 5.881148 4.014543 1.034907 0.113198 0.000000 0.000000 0.043918
 13872.000000 -297906.312500 409.149791 5.836386 3.946431 1.060129 0.001873 0.000000 0.000000 0.000727
 13874.000000 -296464.093750 409.048475 5.642634 4.019284 1.149828 0.942395 0.000000 0.000000 0.365626
 13876.000000 -296446.718750 410.806236 5.577258 4.018628 1.075888 0.024111 0.000000 0.000000 0.009355
 13878.000000 -296844.687500 410.141355 5.572120 4.009129 1.040299 0.053566 0.000000 0.000000 0.020782
 13880.000000 -296658.250000 411.008145 5.609323 4.030459 1.017883 0.221726 0.000000 0.000000 0.086024
 13882.000000 -296502.156250 412.382085 5.649748 4.003627 0.923035 2.310808 0.000000 0.000000 0.896537
 13884.000000 -296701.937500 412.276770 5.733298 4.043511 1.052997 0.003128 0.000000 0.000000 0.001214
 13886.000000 -296789.906250 411.650188 5.688380 3.963890 1.067451 0.013654 0.000000 0.000000 0.005298
 13888.000000 -297706.687500 411.396964 5.616522 3.838790 1.093976 0.180269 0.000000 0.000000 0.069940
 13890.000000 -297842.156250 410.774087 5.643106 3.869467 1.062260 0.006588 0.000000 0.000000 0.002556
 13892.000000 -296878.906250 410.672966 5.484953 3.988636 1.125867 0.645611 0.000000 0.000000 0.250481
 13894.000000 -298404.500000 409.210791 5.315672 4.029986 1.184265 2.153798 0.000000 0.000000 0.835620
 13896.000000 -296850.406250 410.764819 5.333144 4.082036 1.002705 0.303753 0.000000 0.000000 0.117849
 13898.000000 -297036.625000 410.648095 5.421698 4.039444 1.009981 0.210319 0.000000 0.000000 0.081599
 13900.000000 -297294.406250 409.594360 5.368241 4.003321 0.946872 1.329412 0.000000 0.000000 0.515779
 13902.000000 -296662.218750 410.542977 5.369516 3.974400 0.991123 0.418714 0.000000 0.000000 0.162451
 13904.000000 -297496.750000 410.166607 5.323000 3.837099 1.012387 0.158533 0.000000 0.000000 0.061507
 13906.000000 -296265.687500 411.145327 5.311216 3.734076 0.955643 1.043259 0.000000 0.000000 0.404759
 13908.000000 -296647.937500 411.743803 5.407759 3.656382 0.938176 1.453253 0.000000 0.000000 0.563826
 13910.000000 -296807.625000 411.707757 5.438502 3.617034 0.960048 0.902099 0.000000 0.000000 0.349992
 13912.000000 -296023.968750 410.766569 5.427422 3.650557 1.064358 0.051804 0.000000 0.000000 0.020099
 13914.000000 -297056.187500 410.868075 5.389476 3.589146 1.019633 0.068253 0.000000 0.000000 0.026481
 13916.000000 -297472.812500 411.157620 5.416081 3.566188 1.007270 0.150775 0.000000 0.000000 0.058497
 13918.000000 -298608.750000 409.936772 5.427037 3.586634 0.890579 2.828318 0.000000 0.000000 1.097318
 13920.000000 -296721.906250 410.862657 5.422789 3.660550 0.811281 6.539036 0.000000 0.000000 2.536985
 13922.000000 -297933.375000 411.103082 5.457405 3.584212 0.820821 5.950255 0.000000 0.000000 2.308552
 13924.000000 -297744.250000 409.639700 5.391515 3.611480 0.823968 5.726218 0.000000 0.000000 2.221631
 13926.000000 -297816.718750 410.431479 5.403792 3.602907 0.874675 3.293678 0.000000 0.000000 1.277866
 13928.000000 -297954.218750 411.460259 5.329357 3.677742 0.933977 1.301093 0.000000 0.000000 0.504792
 13930.000000 -297751.875000 411.774408 5.315160 3.696879 0.984154 0.323168 0.000000 0.000000 0.125381
 13932.000000 -298169.406250 410.265222 5.343423 3.672979 0.943016 1.034767 0.000000 0.000000 0.401464
 13934.000000 -296821.687500 409.709077 5.389206 3.682958 0.931652 1.283924 0.000000 0.000000 0.498131
 13936.000000 -296242.562500 410.298360 5.480481 3.677263 0.960049 0.647126 0.000000 0.000000 0.251069
 13938.000000 -297415.375000 409.219817 5.470990 3.644154 0.980065 0.324303 0.000000 0.000000 0.125821
 13940.000000 -297747.062500 409.885416 5.490853 3.601056 1.024003 0.004496 0.000000 0.000000 0.001744
 13942.000000 -296587.531250 410.815507 5.441708 3.617745 1.061412 0.131314 0.000000 0.000000 0.050947
 13944.000000 -297488.562500 411.356945 5.355532 3.557350 1.100882 0.663982 0.000000 0.000000 0.257609
 13946.000000 -296930.843750 410.991709 5.384397 3.467252 1.040249 0.021943 0.000000 0.000000 0.008513
 13948.000000 -296949.593750 410.409153 5.355985 3.471461 0.927007 1.224949 0.000000 0.000000 0.475250
 13950.000000 -295812.843750 409.032291 5.378668 3.517458 0.975216 0.309811 0.000000 0.000000 0.120199
 13952.000000 -297547.562500 407.918065 5.350814 3.566636 0.985078 0.189368 0.000000 0.000000 0.073470
 13954.000000 -298366.875000 409.155766 5.379537 3.708570 0.982340 0.206658 0.000000 0.000000 0.080178
 13956.000000 -297335.406250 408.554566 5.421455 3.762750 0.987945 0.144967 0.000000 0.000000 0.056244
 13958.000000 -297600.031250 408.113880 5.544577 3.818395 1.085333 0.517342 0.000000 0.000000 0.200716
 13960.000000 -297237.812500 409.059185 5.658193 3.929375 1.121245 1.281323 0.000000 0.000000 0.497122
 13962.000000 -296745.968750 411.146495 5.824148 3.970471 0.908212 1.534244 0.000000 0.000000 0.595249
 13964.000000 -296240.625000 411.572163 5.833457 4.017869 0.913955 1.353170 0.000000 0.000000 0.524997
 13966.000000 -296509.968750 409.473307 5.848293 4.010310 1.043839 0.090041 0.000000 0.000000 0.034934
 13968.000000 -296463.937500 408.795447 5.865534 4.066061 1.200167 4.239696 0.000000 0.000000 1.644897
 13970.000000 -296630.875000 409.206576 5.893345 4.113790 1.186964 3.696451 0.000000 0.000000 1.434132
 13972.000000 -296535.343750 410.198816 5.811786 3.996932 1.142814 2.074119 0.000000 0.000000 0.804707
 13974.000000 -296356.375000 409.474227 5.817208 3.982423 1.215259 5.113611 0.000000 0.000000 1.983955
 13976.000000 -297814.656250 408.633113 5.890521 3.956328 1.216825 5.244141 0.000000 0.000000 2.034597
 13978.000000 -297125.562500 408.389207 5.956051 3.931518 1.211773 5.038707 0.000000 0.000000 1.954894
 13980.000000 -297709.656250 408.722144 5.890358 4.015378 1.222260 5.631785 0.000000 0.000000 2.184994
 13982.000000 -296656.531250 409.236008 5.903557 3.967005 1.237366 6.518859 0.000000 0.000000 2.529157
 13984.000000 -297334.000000 409.022399 5.902633 3.990064 1.191145 4.192757 0.000000 0.000000 1.626686
 13986.000000 -297443.093750 409.924436 5.942628 3.929948 1.134719 2.039024 0.000000 0.000000 0.791091
 13988.000000 -297401.093750 410.947033 5.795400 3.941118 1.105916 1.247894 0.000000 0.000000 0.484152
 13990.000000 -297889.031250 408.993961 5.875087 3.845818 1.098858 1.101176 0.000000 0.000000 0.427229
 13992.000000 -297273.312500 409.896529 5.879682 3.771744 1.000597 0.001447 0.000000 0.000000 0.000561
 13994.000000 -297821.968750 409.660320 5.910896 3.664323 1.077276 0.689612 0.000000 0.000000 0.267553
 13996.000000 -296168.812500 409.692556 6.031409 3.623499 1.054081 0.339048 0.000000 0.000000 0.131542
 13998.000000 -297978.156250 409.769999 6.083056 3.659042 1.115112 1.627682 0.000000 0.000000 0.631501
 14000.000000 -297982.531250 410.703575 6.077928 3.587746 1.031449 0.123630 0.000000 0.000000 0.047965
