#! FIELDS time G vol p.x p.y p.z
 0.000000 -843639.562500 794.102464 3.358175 3.487430 16.525691
 20.000000 -845088.750000 794.246703 3.361454 3.279773 16.635396
 40.000000 -842786.750000 796.136398 3.221163 3.420831 16.356758
 60.000000 -845807.812500 794.379248 3.607552 3.621491 16.189747
 80.000000 -844718.562500 793.486222 3.373363 3.392906 16.238546
 100.000000 -844281.312500 795.963813 3.265029 3.337035 16.324160
 120.000000 -844608.250000 795.782080 3.042418 3.081427 16.355463
 140.000000 -844401.625000 794.904096 3.078145 3.048947 16.343405
 160.000000 -843580.437500 795.659349 3.155640 3.463994 16.281107
 180.000000 -843633.437500 795.361755 3.307256 3.671667 16.497946
 200.000000 -844521.000000 794.752242 3.328381 3.536493 16.510048
 220.000000 -843903.562500 796.970365 3.257988 3.255809 16.565116
 240.000000 -844427.500000 792.055996 3.177742 3.289019 16.586205
 260.000000 -845000.062500 794.408749 3.333330 3.470412 16.622239
 280.000000 -844864.812500 791.618829 3.352373 3.494823 16.395419
 300.000000 -844403.750000 793.867143 3.379553 3.592910 16.208348
 320.000000 -843854.750000 795.525171 3.449323 3.473958 16.443006
 340.000000 -846337.125000 793.472948 3.423223 3.284090 16.346570
 360.000000 -844122.250000 793.169184 3.328450 3.447066 16.402034
 380.000000 -843761.500000 792.385721 3.496884 3.431725 16.301767
 400.000000 -843725.187500 793.424440 3.538928 3.619456 16.226592
 420.000000 -846120.187500 791.823480 3.522831 3.458936 16.262332
 440.000000 -845078.000000 794.136840 3.341784 3.581131 16.184789
 460.000000 -844679.437500 795.462395 3.488981 3.559999 16.331848
 480.000000 -843346.875000 794.615828 3.423321 3.631072 16.564129
 500.000000 -844368.375000 793.606878 3.463684 3.850816 16.644032
 520.000000 -843763.250000 794.606106 3.180512 3.485765 16.755002
 540.000000 -845026.750000 796.449102 3.289836 3.489094 16.993371
 560.000000 -844794.562500 791.898906 3.392395 3.304185 16.514668
 580.000000 -843774.625000 794.667266 3.378321 3.302588 16.410380
 600.000000 -845621.187500 792.872249 3.362189 3.188461 16.673195
 620.000000 -844555.375000 793.358119 3.236644 3.551532 16.562039
 640.000000 -845759.625000 794.329313 3.199532 3.568738 16.576671
 660.000000 -843900.625000 795.313923 3.416858 3.699800 16.547912
 680.000000 -840608.812500 801.236805 3.609084 3.989224 8.449413
 700.000000 -843152.750000 796.961740 3.948235 3.591839 12.846373
 720.000000 -843109.750000 796.934902 3.282686 3.351425 15.124149
 740.000000 -843765.812500 795.582035 3.159536 3.455602 16.055089
 760.000000 -845619.937500 792.887257 3.417267 3.500565 16.404319
 780.000000 -843215.437500 794.578461 3.533054 3.486638 16.259573
 800.000000 -842345.000000 795.774349 3.464989 3.303245 16.164005
 820.000000 -845063.562500 794.595442 3.618363 3.366842 16.206907
 840.000000 -843000.562500 795.071629 3.610120 3.326260 16.263079
 860.000000 -842342.187500 795.455038 3.254828 3.142706 16.344374
 880.000000 -842853.562500 797.410181 3.185117 3.360128 16.454096
 900.000000 -843795.687500 793.783662 3.113337 3.369087 16.446970
 920.000000 -842353.875000 796.482837 3.246204 3.111749 16.430041
 940.000000 -845289.125000 793.781750 3.389130 3.320636 16.719355
 960.000000 -843870.625000 792.093948 3.386714 3.580929 16.517561
 980.000000 -842636.375000 796.065711 3.324715 3.646036 16.391789
 1000.000000 -844085.937500 794.619173 3.514985 3.500475 16.569016
 1020.000000 -844335.312500 794.213646 3.408932 3.468132 16.746923
 1040.000000 -845552.375000 795.117777 3.596267 3.290888 16.893880
 1060.000000 -844434.125000 797.537593 3.697526 3.658522 6.465439
 1080.000000 -844074.187500 798.314373 3.910524 3.494261 12.030952
 1100.000000 -842788.562500 795.130977 3.505674 3.319976 15.000897
 1120.000000 -843103.125000 795.099609 3.503972 3.395865 15.968612
 1140.000000 -845088.687500 793.698185 3.241141 3.398030 16.159059
 1160.000000 -845020.437500 794.275588 3.131110 3.548725 16.326135
 1180.000000 -846054.750000 794.516410 3.398348 3.468926 16.390560
 1200.000000 -842805.750000 795.052205 3.439962 3.147862 16.461317
 1220.000000 -845419.312500 794.896587 3.457614 3.352335 16.480064
 1240.000000 -845393.187500 793.696069 3.627411 3.597848 16.154672
 1260.000000 -845034.687500 795.595393 3.485820 3.358662 16.323322
 1280.000000 -844656.250000 793.670403 3.117176 3.490086 16.410360
 1300.000000 -844535.937500 795.037094 3.246294 3.193319 16.590376
 1320.000000 -844842.812500 793.127559 3.379645 3.510530 16.518468
 1340.000000 -843252.000000 794.945074 3.210390 3.470490 16.389274
 1360.000000 -844376.687500 794.866364 3.209909 3.200653 16.428953
 1380.000000 -845305.750000 794.727717 3.277274 3.116500 16.515501
 1400.000000 -844857.312500 792.035637 3.540584 3.338911 16.283229
 1420.000000 -844011.000000 793.521048 3.258985 3.338231 16.658483
 1440.000000 -845451.875000 793.971911 3.530786 3.199437 16.492017
 1460.000000 -845638.437500 792.908897 3.697295 3.211851 16.595184
 1480.000000 -844562.750000 792.309298 3.728013 3.425648 16.368194
 1500.000000 -844108.062500 793.860399 3.662559 3.422983 16.191418
 1520.000000 -845224.500000 791.916568 3.325881 3.406175 16.107522
 1540.000000 -845380.000000 795.235390 3.216228 3.287682 16.350648
 1560.000000 -844886.687500 795.350695 3.009998 3.542535 16.540592
 1580.000000 -846790.562500 795.721583 3.094804 3.256495 16.458186
 1600.000000 -846556.375000 791.958222 3.150710 3.121600 16.234939
 1620.000000 -845441.625000 793.973396 3.315528 3.177516 16.452185
 1640.000000 -844671.875000 794.501228 3.415112 3.180295 16.479029
 1660.000000 -844326.562500 794.040762 3.424297 3.368941 16.304802
 1680.000000 -843774.625000 794.864470 3.321284 3.329750 16.287376
 1700.000000 -846707.937500 792.922756 3.401683 3.291125 16.549851
 1720.000000 -844028.187500 794.402806 3.506254 3.436357 16.411961
 1740.000000 -843695.187500 795.154417 3.263033 3.555265 16.518944
 1760.000000 -847153.125000 794.908836 3.484713 3.698219 16.404505
 1780.000000 -844993.125000 794.571565 3.121406 3.597541 16.604040
 1800.000000 -845377.312500 795.340964 3.385416 3.560761 16.342905
 1820.000000 -844975.812500 795.884771 3.341266 3.581478 16.648619
 1840.000000 -845513.562500 795.606592 3.004235 3.564136 16.650386
 1860.000000 -845371.937500 795.217354 3.332454 3.308860 16.647632
 1880.000000 -845109.437500 796.558595 3.271642 3.322429 16.698223
 1900.000000 -844317.937500 795.651834 3.356936 3.252014 16.566918
 1920.000000 -845604.500000 795.817174 3.532946 3.164643 16.725179
 1940.000000 -846008.375000 793.788967 3.460319 3.056456 16.464746
 1960.000000 -844084.062500 795.453966 3.482625 3.237845 16.551946
 1980.000000 -841814.062500 796.848171 3.416247 3.273437 16.485492
 2000.000000 -842457.625000 796.980793 3.565860 3.453564 16.632154
 2020.000000 -843838.312500 793.913938 3.581063 3.496473 16.600361
 2040.000000 -844745.562500 793.119857 3.585141 3.495724 16.683983
 2060.000000 -844216.312500 795.780042 3.461622 3.410090 16.459783
 2080.000000 -844731.812500 796.551997 3.477345 3.489417 16.277123
 2100.000000 -844703.937500 795.025533 3.417410 3.372487 16.706412
 2120.000000 -844190.500000 794.581931 3.172573 3.086769 16.541699
 2140.000000 -845145.187500 796.664632 3.264813 3.169121 16.343539
 2160.000000 -843718.437500 794.746726 3.242179 3.278688 16.275399
 2180.000000 -844177.937500 795.743093 3.392021 3.384506 16.352324
 2200.000000 -842800.937500 793.494844 3.547880 3.391475 16.518877
 2220.000000 -843855.375000 798.587970 3.377963 3.382055 16.333286
 2240.000000 -843008.875000 793.984855 3.252970 3.337577 16.015842
 2260.000000 -844663.625000 794.965497 3.383373 3.328677 16.256369
 2280.000000 -844805.000000 795.661648 3.342830 3.296136 16.320130
 2300.000000 -843808.250000 795.131442 3.352957 3.604260 16.418423
 2320.000000 -844598.625000 795.313360 3.322276 3.388168 16.376440
 2340.000000 -844575.625000 794.370396 3.330628 3.483564 16.580859
 2360.000000 -846367.062500 791.183266 3.397237 3.496214 16.682395
 2380.000000 -843964.437500 791.904849 3.412834 3.364488 16.712544
 2400.000000 -843433.250000 793.978284 3.504871 3.344330 16.862823
 2420.000000 -843550.625000 795.469456 3.407268 3.647892 16.750260
 2440.000000 -845219.125000 794.949059 3.641912 3.472978 16.485455
 2460.000000 -844387.937500 797.332901 3.661447 3.269625 16.486548
 2480.000000 -844568.562500 794.023001 3.270022 3.246758 16.427369
 2500.000000 -846825.250000 794.946146 3.373390 3.475594 16.409477
 2520.000000 -843875.000000 794.250217 3.489893 3.502709 16.574571
 2540.000000 -843309.187500 793.930936 3.364127 3.417778 16.628382
 2560.000000 -843544.750000 795.346705 3.911480 3.328852 16.452451
 2580.000000 -845193.312500 794.478378 3.509546 3.509982 16.708990
 2600.000000 -843067.875000 795.836805 3.091467 3.535475 16.512857
 2620.000000 -843905.875000 798.500221 3.042412 3.471795 16.392658
 2640.000000 -843650.062500 794.269162 3.024243 3.331524 16.344200
 2660.000000 -843799.750000 795.396399 3.233938 3.323951 16.524151
 2680.000000 -843941.437500 793.810203 3.351483 3.384042 16.618225
 2700.000000 -842688.437500 796.503896 3.427838 3.449945 16.657516
 2720.000000 -844279.125000 794.911712 3.488600 3.211642 16.637788
 2740.000000 -843110.000000 795.411718 3.283406 3.375955 16.586749
 2760.000000 -844777.937500 796.123382 3.243552 3.550044 16.595627
 2780.000000 -844082.000000 796.626852 3.366956 3.232788 16.340180
 2800.000000 -845009.187500 794.211653 3.381391 3.595221 16.260366
 2820.000000 -844197.562500 793.048527 3.293404 3.274066 16.431695
 2840.000000 -844549.937500 795.903639 3.274157 3.486851 16.573074
 2860.000000 -844598.062500 797.279811 3.132627 3.070687 16.493450
 2880.000000 -843472.062500 795.971417 3.291825 2.996412 16.348606
 2900.000000 -845291.062500 792.225716 3.578024 3.237924 16.498266
 2920.000000 -843923.750000 793.292562 3.437018 3.577424 16.838192
 2940.000000 -840175.125000 800.273684 3.744902 3.849929 6.839528
 2960.000000 -842554.250000 801.347867 3.899400 3.325094 8.535780
 2980.000000 -842040.750000 800.241502 4.217240 3.075005 11.281901
 3000.000000 -842681.500000 799.647551 3.709001 3.530731 13.819572
 3020.000000 -843036.437500 797.289705 3.398286 3.156495 15.595745
 3040.000000 -842907.000000 794.508959 3.513717 3.508466 16.058262
 3060.000000 -844763.937500 792.297966 3.683045 3.795098 16.308588
 3080.000000 -843599.500000 796.422519 3.652395 3.607815 16.160229
 3100.000000 -844323.250000 794.062715 3.543037 3.654767 16.246782
 3120.000000 -845063.812500 794.980734 3.462471 3.633647 16.290835
 3140.000000 -844009.062500 793.975611 3.370337 3.539129 16.655326
 3160.000000 -843953.250000 793.896938 3.716575 3.453353 16.363750
 3180.000000 -844028.187500 794.173404 3.630981 3.340803 16.498895
 3200.000000 -844754.250000 795.639157 3.453976 3.522105 16.464747
 3220.000000 -843882.875000 797.669936 3.259634 3.361757 16.591397
 3240.000000 -845849.500000 793.341103 3.200612 3.280716 16.644636
 3260.000000 -843269.187500 796.361719 3.304278 3.281446 16.772683
 3280.000000 -845017.812500 794.554333 3.462913 3.469693 16.745780
 3300.000000 -844154.625000 796.696560 3.641945 3.557004 16.909265
 3320.000000 -843698.625000 793.347786 3.506964 3.535920 16.568228
 3340.000000 -845274.937500 796.130311 3.732186 3.114498 16.380826
 3360.000000 -844543.875000 794.970425 3.710276 3.639492 16.478777
 3380.000000 -845189.500000 795.088650 3.581262 3.615767 16.491714
 3400.000000 -846355.437500 791.216593 3.553400 3.580509 16.492215
 3420.000000 -845425.375000 792.939728 3.579334 3.382231 16.390310
 3440.000000 -845791.937500 794.616332 3.748023 3.276559 16.586028
 3460.000000 -843906.562500 797.531705 3.353408 3.322585 16.660674
 3480.000000 -845004.625000 792.586439 3.545152 3.442489 16.704825
 3500.000000 -846132.500000 791.911370 3.569620 3.282756 16.551301
 3520.000000 -846271.125000 793.779736 3.723136 3.484110 16.531407
 3540.000000 -846180.500000 792.103374 3.152259 3.258462 16.470833
 3560.000000 -845025.875000 793.947245 3.129261 3.499913 16.557576
 3580.000000 -845290.687500 793.237301 3.269535 3.722121 16.719893
 3600.000000 -846762.687500 793.337908 3.350303 3.698769 16.478400
 3620.000000 -845930.500000 792.945982 3.354118 3.538760 16.527711
 3640.000000 -845071.187500 794.853205 3.272692 3.570346 16.086648
 3660.000000 -844063.250000 795.531451 3.492543 3.597779 16.277739
 3680.000000 -843324.937500 795.153714 3.297625 3.582215 16.601292
 3700.000000 -843874.000000 795.838861 3.174668 3.451835 16.241576
 3720.000000 -844249.187500 794.010588 3.289502 3.220103 16.175809
 3740.000000 -846007.812500 792.894564 3.263947 3.339330 16.391159
 3760.000000 -843706.375000 795.938481 3.219517 3.481503 16.294772
 3780.000000 -844586.250000 793.572962 3.313433 3.410720 16.214779
 3800.000000 -844002.500000 796.744287 3.257099 3.453055 16.448801
 3820.000000 -844285.625000 791.952011 3.100758 3.359638 16.255261
 3840.000000 -843344.375000 796.394334 3.349202 3.268776 16.364568
 3860.000000 -843965.000000 791.642787 3.369705 3.392067 16.372407
 3880.000000 -845805.250000 792.846000 3.501420 3.411362 16.379613
 3900.000000 -843358.562500 794.618964 3.625282 3.057338 16.511442
 3920.000000 -844492.375000 793.738712 3.305982 3.295133 16.664665
 3940.000000 -845038.500000 795.012052 3.330396 3.452287 16.561100
 3960.000000 -844654.437500 796.281667 3.509178 3.278653 16.768670
 3980.000000 -845083.000000 793.650483 3.456742 3.180402 16.692603
 4000.000000 -845119.625000 792.934244 3.247238 3.106258 16.594320
 4020.000000 -843062.687500 793.467749 3.309743 3.234749 16.483103
 4040.000000 -845274.812500 792.508352 3.068280 3.277472 16.549212
 4060.000000 -845511.437500 795.276492 3.083649 3.292362 16.560273
 4080.000000 -843775.625000 792.995734 3.356360 3.412064 16.438679
 4100.000000 -843579.687500 792.715682 3.168653 3.274360 16.386269
 4120.000000 -844114.125000 795.265375 3.167977 3.251058 16.716906
 4140.000000 -846797.812500 794.895491 3.278970 3.288421 16.767996
 4160.000000 -845188.375000 795.995182 3.662820 3.550286 16.650707
 4180.000000 -843112.562500 792.817348 3.521477 3.458284 16.491408
 4200.000000 -846436.187500 794.947054 3.435201 3.643081 16.618617
 4220.000000 -845242.312500 792.518563 3.622594 3.535191 16.420968
 4240.000000 -843460.500000 792.680818 3.665803 3.226919 16.843374
 4260.000000 -843946.500000 796.479599 3.370437 3.531607 16.764344
 4280.000000 -844931.812500 796.853975 3.309365 3.356533 16.638984
 4300.000000 -843927.437500 791.767809 3.293077 3.191477 16.466795
 4320.000000 -843921.812500 793.407500 3.251482 3.288438 16.469117
 4340.000000 -843406.062500 796.097337 3.382147 3.377918 16.662172
 4360.000000 -845982.062500 794.541345 3.178301 3.341024 16.724423
 4380.000000 -844550.187500 795.368859 3.288187 3.311600 16.605140
 4400.000000 -844130.125000 794.018475 3.438615 3.501801 16.671797
 4420.000000 -844950.250000 795.900469 3.461355 3.635243 16.289019
 4440.000000 -842534.750000 796.876705 3.589295 3.552853 16.630867
 4460.000000 -842862.437500 797.038564 3.388558 3.302227 16.582201
 4480.000000 -844808.187500 794.202667 3.133414 3.371955 16.327469
 4500.000000 -844798.437500 794.327918 3.408487 3.297826 16.233043
 4520.000000 -845879.875000 792.203630 3.264084 3.382436 16.118754
 4540.000000 -845731.000000 793.072943 3.291934 3.497639 16.411151
 4560.000000 -843571.937500 796.658288 3.635819 3.429183 16.548489
 4580.000000 -844750.000000 796.173744 3.757951 3.145009 16.542349
 4600.000000 -843452.125000 794.010281 3.475949 3.293230 16.445661
 4620.000000 -844757.250000 795.039540 3.626979 3.196144 16.552006
 4640.000000 -845029.750000 793.967891 3.656227 3.171222 16.473025
 4660.000000 -845834.375000 791.785262 3.567679 3.411855 16.614940
 4680.000000 -843138.125000 795.934920 3.405106 3.618961 16.769374
 4700.000000 -844416.312500 793.700196 3.201738 3.623504 16.493517
 4720.000000 -844413.125000 793.752082 3.666410 3.632005 16.521920
 4740.000000 -846178.000000 794.048331 3.489319 3.398941 16.420315
 4760.000000 -844647.375000 794.303930 3.416385 3.407856 16.248815
 4780.000000 -845005.000000 793.310872 3.400451 3.281788 16.374580
 4800.000000 -844893.500000 793.704793 3.608730 3.500897 16.476586
 4820.000000 -843162.125000 793.109388 3.650858 3.427909 16.549350
 4840.000000 -845268.000000 792.563391 3.610805 3.621939 16.358011
 4860.000000 -845000.875000 792.442226 3.414609 3.561711 16.335063
 4880.000000 -844764.875000 794.483838 3.583492 3.676425 16.319438
 4900.000000 -844906.375000 794.658354 3.216370 3.416377 16.202871
 4920.000000 -844353.750000 792.809769 3.293381 3.409622 16.460800
 4940.000000 -845019.687500 794.306555 3.380722 3.512340 16.421418
 4960.000000 -844368.625000 794.820412 3.634269 3.791312 16.370689
 4980.000000 -844929.625000 791.225643 3.507754 3.598074 16.302900
 5000.000000 -845182.687500 793.899247 3.506056 3.409818 16.257938
 5020.000000 -844099.250000 795.330157 3.540144 3.607012 16.411875
 5040.000000 -846371.750000 793.712212 3.429935 3.463131 16.373143
 5060.000000 -846052.187500 794.172988 3.576692 3.458977 16.544804
 5080.000000 -844110.062500 792.737062 3.264549 3.571385 16.305151
 5100.000000 -843613.937500 792.732503 3.397603 3.537277 16.215709
 5120.000000 -845725.187500 793.343414 3.452028 3.529396 15.967963
 5140.000000 -844117.875000 795.282629 3.456650 3.546752 16.492404
 5160.000000 -844144.312500 795.458406 3.569182 3.546748 16.560288
 5180.000000 -843020.375000 794.883538 3.253744 3.384873 16.543660
 5200.000000 -845060.687500 792.446773 2.941286 3.252709 16.386944
 5220.000000 -845778.937500 793.238472 3.365336 3.273820 16.515587
 5240.000000 -843831.375000 792.051026 3.375713 3.229887 16.563642
 5260.000000 -843655.000000 793.873386 3.641234 3.483394 16.567559
 5280.000000 -844775.375000 793.391074 3.295600 3.340873 16.329692
 5300.000000 -843899.625000 792.749702 3.415014 3.296513 16.519297
 5320.000000 -843742.687500 794.147512 3.013996 3.315637 16.540281
 5340.000000 -846052.187500 793.790887 3.027176 3.543779 16.204110
 5360.000000 -843698.875000 795.127096 3.266862 3.297194 16.619401
 5380.000000 -844426.562500 795.335585 3.590909 3.430171 16.747344
 5400.000000 -844943.437500 794.824049 3.453213 3.615761 16.730046
 5420.000000 -844969.187500 794.969246 3.390211 3.254288 16.896008
 5440.000000 -843999.375000 795.745189 3.452158 3.402641 16.648758
 5460.000000 -846193.625000 793.570681 3.271483 3.589054 16.711900
 5480.000000 -844578.312500 796.659492 3.613323 3.607868 16.567348
 5500.000000 -843984.375000 795.389945 3.807487 3.591559 16.637074
 5520.000000 -843946.437500 794.225520 3.478949 3.461687 16.700648
 5540.000000 -844841.062500 795.629793 3.763420 3.315069 16.668201
 5560.000000 -846161.750000 793.804312 3.378809 3.134199 16.700563
 5580.000000 -844243.812500 792.746591 3.259019 3.045415 16.457873
 5600.000000 -843959.750000 796.283296 3.441862 3.266668 16.486125
 5620.000000 -843819.187500 796.689580 3.565776 3.198292 16.390929
 5640.000000 -843596.062500 796.532377 3.517080 3.349252 16.203956
 5660.000000 -842417.062500 795.496917 3.459943 3.217794 16.238215
 5680.000000 -844891.250000 795.967648 3.450947 3.376473 16.454319
 5700.000000 -843357.312500 796.453865 3.318056 3.176758 16.160534
 5720.000000 -842368.187500 795.744416 3.674691 3.161158 16.177462
 5740.000000 -844328.125000 795.103009 3.402626 3.167510 16.352985
 5760.000000 -842418.437500 796.344242 3.512743 3.107169 16.290946
 5780.000000 -844731.875000 796.492725 3.433024 3.317449 16.419808
 5800.000000 -846513.187500 792.090835 3.383307 3.273260 16.466855
 5820.000000 -844962.062500 792.832627 3.352754 3.213584 16.514096
 5840.000000 -842788.625000 796.065222 3.604298 3.099909 16.249961
 5860.000000 -845618.937500 790.882194 3.527774 3.243590 16.495185
 5880.000000 -844688.875000 795.026447 3.362278 3.244672 16.898110
 5900.000000 -843556.875000 794.733628 3.540397 3.373215 16.506256
 5920.000000 -844459.812500 796.263565 3.468717 3.210891 16.812336
 5940.000000 -843762.187500 795.121711 3.531726 3.381891 16.744124
 5960.000000 -845161.375000 794.604559 3.430793 3.440980 16.567467
 5980.000000 -843899.562500 795.787885 3.469398 3.346380 16.553905
 6000.000000 -844071.625000 796.851453 3.411090 3.403767 16.572571
 6020.000000 -845546.562500 794.289445 3.303639 3.348333 16.372777
 6040.000000 -844396.687500 794.641302 3.172874 3.487696 16.513342
 6060.000000 -843578.500000 792.534859 3.207467 3.188722 16.585073
 6080.000000 -845507.875000 791.478348 3.461453 3.399794 16.465733
 6100.000000 -846367.000000 791.938033 3.537103 3.358150 16.471532
 6120.000000 -844728.250000 794.451908 3.492603 3.586035 16.339968
 6140.000000 -845170.062500 793.107850 3.295758 3.406610 16.354368
 6160.000000 -843157.875000 795.748144 3.459507 3.405023 16.449419
 6180.000000 -844760.562500 795.903380 3.451061 3.278099 16.419073
 6200.000000 -842822.187500 793.530170 3.425713 3.246285 16.337127
 6220.000000 -844781.625000 795.084519 3.529648 3.289354 16.431120
 6240.000000 -844516.312500 795.731471 3.536020 3.337661 16.640703
 6260.000000 -845140.812500 792.900749 3.363085 3.548408 16.661838
 6280.000000 -845492.062500 792.871904 3.188751 3.253881 16.545426
 6300.000000 -845018.500000 793.386976 3.357060 3.354758 16.629813
 6320.000000 -843854.562500 791.291625 3.440413 3.317295 16.703743
 6340.000000 -843267.312500 794.135522 3.475256 3.580462 16.605975
 6360.000000 -847736.250000 793.266206 3.253017 3.657056 16.488162
 6380.000000 -844586.375000 796.824439 3.534760 3.809988 16.139551
 6400.000000 -844556.187500 793.033108 3.335198 3.456623 16.235631
 6420.000000 -844453.500000 795.333848 3.404708 3.537935 16.337804
 6440.000000 -844786.562500 793.415805 3.530654 3.573398 16.452619
 6460.000000 -846568.312500 792.041606 3.208782 3.590114 16.447867
 6480.000000 -843312.500000 794.944766 3.091932 3.540169 16.353146
 6500.000000 -844713.312500 795.040671 3.292611 3.438348 16.423305
 6520.000000 -843737.187500 794.408647 3.405232 3.367542 16.568403
 6540.000000 -845451.250000 795.026895 3.333769 3.416509 16.470079
 6560.000000 -843932.125000 796.505383 3.209775 3.545175 16.395906
 6580.000000 -843586.062500 795.884007 3.333064 3.627577 16.567382
 6600.000000 -845123.937500 795.436752 3.425304 3.433088 16.581239
 6620.000000 -846999.000000 793.748385 3.399742 3.463327 16.528358
 6640.000000 -843348.312500 794.318168 3.316025 3.521503 16.520794
 6660.000000 -845112.187500 795.445806 3.136541 3.512322 16.481596
 6680.000000 -843865.312500 795.280275 3.082081 3.495454 16.587359
 6700.000000 -845594.500000 792.677731 3.518889 3.291105 16.731349
 6720.000000 -841294.437500 797.758016 3.446214 3.361221 16.640705
 6740.000000 -846129.250000 792.662939 3.463916 3.457711 16.418449
 6760.000000 -843971.250000 796.817517 3.429127 3.351681 16.508468
 6780.000000 -843875.187500 793.830201 3.514764 3.653145 16.367078
 6800.000000 -843086.062500 794.106280 3.565039 3.594867 16.493258
 6820.000000 -846334.187500 793.510326 3.662276 3.404774 16.730528
 6840.000000 -845013.000000 793.835594 3.487892 3.162759 16.440151
 6860.000000 -845174.625000 793.692981 3.377455 3.180897 16.381581
 6880.000000 -843883.812500 796.616161 3.519958 3.044422 16.305237
 6900.000000 -844551.500000 793.971105 3.387106 3.038957 16.498844
 6920.000000 -843496.250000 796.188352 3.399621 3.218786 16.449669
 6940.000000 -844314.437500 793.699646 3.273225 3.525928 16.225533
 6960.000000 -844124.187500 793.209340 3.534646 3.237976 16.505883
 6980.000000 -844338.062500 794.258597 3.571483 3.487689 16.712861
 7000.000000 -843686.937500 792.852189 3.816266 3.270083 16.490762
 7020.000000 -843653.375000 793.853421 3.849869 3.397578 16.342412
 7040.000000 -844727.562500 794.921475 3.348539 3.419439 16.496447
 7060.000000 -843931.687500 794.576979 3.199507 3.042575 16.416836
 7080.000000 -845022.125000 795.902029 3.204430 3.191232 16.551245
 7100.000000 -843706.562500 795.559195 3.258460 3.400487 16.535822
 7120.000000 -844352.812500 795.276532 3.083876 3.511125 16.535921
 7140.000000 -844458.187500 791.952331 3.070032 3.603059 16.274038
 7160.000000 -842897.187500 793.249575 3.421139 3.613283 16.653760
 7180.000000 -845495.625000 794.758214 3.394589 3.386379 16.554781
 7200.000000 -843710.562500 793.931806 3.346321 3.128978 16.578766
 7220.000000 -845429.375000 793.440173 3.363352 3.040715 16.630461
 7240.000000 -841409.312500 796.935115 3.587306 2.911586 16.318496
 7260.000000 -845001.562500 796.064359 3.444790 3.258170 16.465936
 7280.000000 -843254.562500 794.880230 3.444635 3.181992 16.308563
 7300.000000 -845220.875000 792.579150 3.389861 3.431504 16.418289
 7320.000000 -846607.500000 793.409803 3.235433 3.397157 16.651340
 7340.000000 -844286.062500 794.835879 3.413435 3.408001 16.754737
 7360.000000 -846423.187500 795.021954 3.568382 3.676588 16.526923
 7380.000000 -846292.812500 793.486544 3.297119 3.721088 16.536280
 7400.000000 -843743.812500 794.790931 3.171354 3.737967 16.375065
 7420.000000 -845614.875000 796.109283 3.472769 3.511397 16.671973
 7440.000000 -846192.312500 794.752161 3.306095 3.516540 16.351701
 7460.000000 -843932.812500 795.440975 3.372866 3.308979 16.503935
 7480.000000 -843853.812500 792.596684 3.407988 3.406083 16.166445
 7500.000000 -844106.187500 793.276489 3.436543 3.617656 16.597030
 7520.000000 -844668.187500 793.031252 3.361387 3.569888 16.481017
 7540.000000 -844116.500000 796.728828 3.533643 3.582757 16.601588
 7560.000000 -846447.062500 794.274180 3.222803 3.277093 16.266057
 7580.000000 -844827.000000 795.289670 3.600564 3.455695 16.491094
 7600.000000 -846280.937500 793.576955 3.618226 3.497821 16.596408
 7620.000000 -846020.562500 795.337032 3.703298 3.691114 16.369143
 7640.000000 -842058.812500 797.257293 3.461102 3.385264 16.579996
 7660.000000 -843665.437500 794.493780 3.068601 3.332445 16.503484
 7680.000000 -844081.500000 795.292929 3.175518 3.211819 16.442362
 7700.000000 -845099.750000 795.993883 3.190336 3.361851 16.293067
 7720.000000 -843196.625000 794.305726 3.128015 3.618789 16.261287
 7740.000000 -844132.562500 796.398951 3.159893 3.407325 16.494533
 7760.000000 -844642.000000 795.889261 3.302682 3.174591 16.505477
 7780.000000 -844519.937500 792.591108 3.583160 3.585103 16.683865
 7800.000000 -842665.437500 794.592740 3.455403 3.500437 16.864469
 7820.000000 -844707.312500 797.350765 3.372202 3.244138 16.852181
 7840.000000 -844108.937500 795.081277 3.421995 3.413061 16.668624
 7860.000000 -843512.500000 794.927980 3.641796 3.327121 16.637096
 7880.000000 -846302.750000 795.227033 3.378208 3.299194 16.716832
 7900.000000 -843251.750000 793.934755 3.456994 3.549902 16.605942
 7920.000000 -845031.000000 795.044928 3.368863 3.262093 16.481202
 7940.000000 -845352.875000 794.006738 3.604602 2.994839 16.625494
 7960.000000 -844549.125000 794.626066 3.401351 3.177351 16.638564
 7980.000000 -843066.500000 792.856333 3.326818 3.307294 16.646233
 8000.000000 -845033.187500 792.968666 3.427611 3.270572 16.566060
 8020.000000 -845469.750000 794.795932 3.532543 3.448915 16.525771
 8040.000000 -843577.187500 794.912378 3.364756 3.453023 16.375720
 8060.000000 -842856.375000 796.584005 3.465335 3.394967 16.571351
 8080.000000 -843335.187500 791.832529 3.349475 3.227134 16.391815
 8100.000000 -845291.250000 793.611718 3.285877 3.403924 16.521993
 8120.000000 -844324.562500 793.030044 3.187029 3.494454 16.534110
 8140.000000 -845542.250000 794.544146 3.359457 3.185779 16.635235
 8160.000000 -846770.875000 794.101928 3.539772 3.733950 16.684802
 8180.000000 -844475.125000 792.874484 3.395780 3.171242 16.393519
 8200.000000 -843942.312500 793.979316 3.295143 3.260954 16.666564
 8220.000000 -845531.375000 797.380450 3.330116 3.152965 16.608684
 8240.000000 -844818.812500 796.220199 3.283289 3.227752 16.506025
 8260.000000 -845173.500000 793.308287 3.445529 3.650661 16.594605
 8280.000000 -843318.250000 793.633782 3.327142 3.629303 16.394442
 8300.000000 -845878.875000 793.321368 3.046833 3.513358 16.467026
 8320.000000 -843709.875000 796.592631 3.263046 3.309450 16.356144
 8340.000000 -843295.375000 794.572714 3.535662 3.428129 16.377863
 8360.000000 -844592.687500 795.900198 3.614099 3.436212 16.458443
 8380.000000 -842994.187500 794.269508 3.618927 3.331796 16.451212
 8400.000000 -845038.062500 791.450226 3.575170 3.443938 16.485040
 8420.000000 -843954.625000 795.274249 3.358581 3.429238 16.246203
 8440.000000 -843231.812500 794.234201 3.169231 3.186122 16.216343
 8460.000000 -844546.125000 792.792001 3.178957 3.301036 16.307632
 8480.000000 -843415.562500 796.791759 3.407130 3.524947 16.542557
 8500.000000 -843016.875000 795.317272 3.323572 3.272898 16.573731
 8520.000000 -846211.125000 795.090887 3.128550 3.154096 16.402806
 8540.000000 -843358.625000 794.758170 3.374141 3.078956 16.517251
 8560.000000 -843517.937500 796.850760 3.152605 3.373188 16.587351
 8580.000000 -842970.875000 795.623515 3.349274 3.164983 16.602684
 8600.000000 -843172.562500 795.932448 3.235432 3.075364 16.676132
 8620.000000 -845177.125000 794.265394 2.984683 3.352976 16.709729
 8640.000000 -843193.562500 796.017462 3.080786 3.019576 16.373993
 8660.000000 -845486.062500 795.054074 3.433083 3.188013 16.519595
 8680.000000 -844494.000000 795.147265 3.425650 3.395108 16.531938
 8700.000000 -842784.687500 794.190637 3.365411 3.844013 16.886336
 8720.000000 -843646.562500 794.914348 3.331521 3.737886 16.730673
 8740.000000 -843504.812500 794.019080 3.605785 3.631010 16.513007
 8760.000000 -844746.312500 795.939664 3.439474 3.330710 16.350504
 8780.000000 -842460.875000 795.228460 3.513586 3.437255 16.270654
 8800.000000 -843891.937500 795.972817 3.732728 3.352657 16.660561
 8820.000000 -844322.437500 795.756673 3.440050 3.357437 16.396511
 8840.000000 -844563.562500 795.691071 3.423498 3.324672 16.489945
 8860.000000 -845286.437500 796.824548 3.177663 3.370776 16.453488
 8880.000000 -844892.500000 796.444198 3.081359 3.550843 16.287915
 8900.000000 -844151.937500 797.244844 3.358374 3.362131 16.482421
 8920.000000 -842902.500000 795.314237 3.377554 3.211715 16.397813
 8940.000000 -841911.187500 795.256936 3.479114 3.302735 16.717354
 8960.000000 -841969.562500 795.075291 3.468914 3.338286 16.652673
 8980.000000 -846947.187500 792.216413 3.314499 3.486291 16.649610
 9000.000000 -843411.750000 794.249224 3.507843 3.467809 16.358548
 9020.000000 -844428.437500 795.396053 3.215827 3.479193 16.279769
 9040.000000 -844536.875000 797.009171 3.201205 3.433848 16.434645
 9060.000000 -845098.375000 794.783427 3.217688 3.395890 16.579313
 9080.000000 -843655.937500 797.020665 3.106501 3.414549 16.399176
 9100.000000 -844094.812500 796.030628 3.030827 3.524973 16.377954
 9120.000000 -844065.875000 794.379869 3.279826 3.732749 16.279987
 9140.000000 -843790.750000 797.756713 3.334793 3.657519 16.409847
 9160.000000 -845144.687500 793.786464 3.589457 3.523691 16.562275
 9180.000000 -844052.812500 793.324417 3.357305 3.220911 16.326658
 9200.000000 -844410.625000 794.158279 3.234050 3.289824 16.564932
 9220.000000 -844248.687500 793.600730 3.535937 3.493403 16.397275
 9240.000000 -844968.625000 794.896150 3.403727 3.487569 16.502811
 9260.000000 -845257.687500 793.926413 3.308607 3.368412 16.706914
 9280.000000 -845269.562500 791.317702 3.485471 3.412930 16.607415
 9300.000000 -845028.687500 794.260260 3.210931 3.419893 16.721315
 9320.000000 -841826.125000 800.464548 3.081557 3.437271 8.215680
 9340.000000 -843023.375000 799.784818 2.711515 4.201989 11.010925
 9360.000000 -843022.250000 796.905279 2.895557 3.620017 13.276119
 9380.000000 -844629.187500 794.638037 3.239906 3.482869 15.090715
 9400.000000 -845403.500000 792.219624 3.390574 3.506837 16.018368
 9420.000000 -847254.187500 791.206319 3.272142 3.356255 16.477541
 9440.000000 -844591.250000 792.235958 3.149800 3.402151 16.641211
 9460.000000 -844863.500000 794.348000 3.208653 3.281355 16.503618
 9480.000000 -844525.562500 791.750799 3.521503 3.235940 16.418196
 9500.000000 -845566.500000 792.708294 3.536063 3.538641 16.622307
 9520.000000 -843464.375000 795.985126 3.505693 3.499718 16.712239
 9540.000000 -844398.375000 792.742988 3.405937 3.121726 16.564011
 9560.000000 -844257.375000 793.331178 3.678200 3.057032 16.662231
 9580.000000 -845428.375000 794.277867 3.434552 3.212759 16.388252
 9600.000000 -846119.812500 794.740014 3.498905 3.300873 16.410128
 9620.000000 -845163.812500 793.737065 3.402914 3.539009 16.500980
 9640.000000 -844554.750000 791.553888 3.421021 3.232585 16.510126
 9660.000000 -843093.000000 794.630079 3.398322 3.202885 16.899202
 9680.000000 -843387.750000 794.184618 3.133229 3.469646 16.747504
 9700.000000 -845000.937500 792.498937 3.243541 3.255237 16.435647
 9720.000000 -844764.562500 793.132956 3.284938 3.396214 16.563367
 9740.000000 -846123.562500 793.437749 3.217698 3.328441 16.489283
 9760.000000 -845136.062500 794.999932 3.510234 3.492297 16.524013
 9780.000000 -845870.500000 791.151734 3.521204 3.369029 16.418882
 9800.000000 -845815.187500 793.297365 3.532976 3.197761 16.484966
 9820.000000 -844291.125000 792.474132 3.416098 3.363998 16.379227
 9840.000000 -845322.687500 793.683934 3.441685 3.266581 16.485711
 9860.000000 -843869.375000 791.528107 3.148124 3.232318 16.652719
 9880.000000 -846436.875000 794.450173 3.383805 3.426117 16.407231
 9900.000000 -843999.000000 794.046237 3.421132 3.353473 16.412924
 9920.000000 -842903.812500 795.663339 3.447223 3.576204 16.508482
 9940.000000 -843898.250000 793.861517 3.394405 3.568687 16.556010
 9960.000000 -844120.875000 794.554092 3.454535 3.666764 16.577323
 9980.000000 -845273.375000 793.451495 3.030992 3.356597 16.476844
 10000.000000 -844029.000000 794.921779 3.209790 3.530376 16.627520
 10020.000000 -845332.375000 792.567479 3.475398 3.303048 16.429142
 10040.000000 -844826.375000 793.817602 3.526592 3.475844 16.519691
 10060.000000 -843991.250000 793.520804 3.519241 3.311509 16.765418
 10080.000000 -844175.687500 794.864010 3.483922 3.668639 16.952113
 10100.000000 -843823.250000 794.883599 3.294121 3.755325 16.526320
 10120.000000 -844455.000000 795.040648 3.438442 3.296002 16.484047
 10140.000000 -843351.875000 795.607839 3.473325 3.479552 16.565719
 10160.000000 -843083.312500 797.206243 3.433134 3.483181 16.532825
 10180.000000 -845103.812500 793.364532 3.195063 3.467971 16.405887
 10200.000000 -845311.625000 795.272160 3.093309 3.378624 16.288149
 10220.000000 -844259.625000 794.567328 3.342749 3.375554 16.354553
 10240.000000 -842250.187500 795.278566 3.392496 3.379888 16.357760
 10260.000000 -842540.687500 796.973749 3.485037 3.458116 16.532756
 10280.000000 -845758.750000 794.456584 3.548586 3.552204 16.540825
 10300.000000 -843303.062500 794.766446 3.504280 3.416590 16.646931
 10320.000000 -844385.812500 794.660571 3.458394 3.367294 16.667407
 10340.000000 -844800.312500 794.180455 3.625056 3.434328 16.816431
 10360.000000 -845626.000000 793.650593 3.425824 3.208814 16.797567
 10380.000000 -844920.875000 794.047298 3.600803 3.448064 16.465220
 10400.000000 -845335.750000 792.984196 3.473458 3.429461 16.329046
 10420.000000 -843386.687500 794.883263 3.410039 3.424375 16.306217
 10440.000000 -844160.750000 792.543556 3.180172 3.419538 16.383219
 10460.000000 -845084.750000 793.797094 3.298588 3.307508 16.470875
 10480.000000 -845407.000000 792.975095 3.542272 3.479332 16.643102
 10500.000000 -845533.500000 792.082143 3.675518 3.159811 16.586057
 10520.000000 -846047.375000 790.529376 3.630844 3.249219 16.569411
 10540.000000 -844876.500000 793.658541 3.463932 3.049205 16.490490
 10560.000000 -845576.875000 792.925185 3.418365 2.934639 16.598769
 10580.000000 -845132.625000 790.900171 3.345813 3.290466 16.722964
 10600.000000 -847254.000000 793.812165 3.201888 3.306397 16.677174
 10620.000000 -845155.250000 794.500938 3.157619 3.421586 16.747834
 10640.000000 -846570.250000 794.620895 3.409111 3.322494 16.606979
 10660.000000 -843023.812500 794.622986 3.524723 3.527661 16.587193
 10680.000000 -842626.625000 794.585161 3.216704 3.420207 16.329666
 10700.000000 -844295.375000 795.949928 3.028504 3.643437 16.718891
 10720.000000 -844442.312500 793.065519 3.102657 3.446962 16.492759
 10740.000000 -845379.062500 793.000667 3.318205 3.412588 16.282335
 10760.000000 -846191.500000 792.979371 3.533749 3.343849 16.464458
 10780.000000 -845191.500000 795.674929 3.339982 3.518791 16.590309
 10800.000000 -844539.250000 791.186138 3.490239 3.333147 16.626199
 10820.000000 -844706.187500 794.616596 3.534591 3.388468 16.615849
 10840.000000 -844310.000000 795.167751 3.460103 3.484722 16.488066
 10860.000000 -846056.187500 793.238392 3.236658 3.431483 16.384643
 10880.000000 -843356.687500 797.714713 3.080478 3.628376 16.502021
 10900.000000 -844619.437500 794.789842 3.234724 3.664669 16.572032
 10920.000000 -845115.500000 794.264757 3.401485 3.484372 16.622616
 10940.000000 -845261.750000 792.213405 3.373446 3.595021 16.282624
 10960.000000 -843508.687500 794.560872 3.183371 3.506828 16.443504
 10980.000000 -844692.875000 795.504356 3.479719 3.384259 16.423273
 11000.000000 -842888.375000 796.352715 3.520079 3.426612 16.491068
 11020.000000 -845210.000000 790.348429 3.404258 3.589408 16.256324
 11040.000000 -843686.125000 793.373763 3.445108 3.757651 16.462785
 11060.000000 -844277.437500 792.987274 3.216891 3.413360 16.500924
 11080.000000 -844164.312500 794.814063 3.436531 3.587942 16.682167
 11100.000000 -844178.375000 794.687115 3.392616 3.275572 16.484349
 11120.000000 -844110.687500 795.642299 3.464629 3.512363 16.642727
 11140.000000 -842798.437500 794.934362 3.593736 3.388362 16.649031
 11160.000000 -844065.750000 794.433399 3.696370 3.493316 16.665696
 11180.000000 -845197.000000 793.659866 3.751654 3.338393 16.291609
 11200.000000 -844851.125000 796.230345 3.366828 3.507519 16.444269
 11220.000000 -843087.062500 797.415832 3.256249 3.309160 16.358537
 11240.000000 -846717.250000 793.694359 3.413396 3.392384 16.549640
 11260.000000 -843274.812500 796.216889 3.570867 3.566840 16.612446
 11280.000000 -844203.937500 795.104104 3.194570 3.506273 16.448463
 11300.000000 -843615.937500 796.068748 3.275781 3.675133 16.409904
 11320.000000 -844772.375000 796.725247 3.330965 3.432042 16.600380
 11340.000000 -841791.250000 797.236618 3.515312 3.300516 16.591690
 11360.000000 -843208.062500 796.010996 3.261489 3.243277 16.456222
 11380.000000 -844096.875000 796.010190 3.522848 3.580507 16.537282
 11400.000000 -845558.125000 795.964961 3.398735 3.569972 16.431441
 11420.000000 -843604.812500 792.606681 3.381738 3.599321 16.469984
 11440.000000 -845235.062500 795.031000 3.126079 3.568145 16.722748
 11460.000000 -843935.250000 794.978741 3.179072 3.422557 16.770484
 11480.000000 -844843.125000 795.926235 3.630374 3.339466 16.796880
 11500.000000 -844439.062500 795.826360 3.315141 3.433896 16.583052
 11520.000000 -845299.812500 790.976828 3.292023 3.643776 16.332456
 11540.000000 -842445.750000 794.816567 3.192753 3.620338 16.268458
 11560.000000 -844847.125000 795.707007 3.571390 3.556840 16.442798
 11580.000000 -846983.062500 789.911398 3.532183 3.333172 16.288176
 11600.000000 -844892.500000 793.254896 3.362496 3.367611 16.482117
 11620.000000 -844027.000000 793.578208 3.260831 3.396038 16.428523
 11640.000000 -846180.625000 795.518181 3.292886 3.313565 16.392442
 11660.000000 -846239.500000 790.212935 3.738386 3.437318 16.454971
 11680.000000 -844962.812500 794.625070 3.720847 3.550520 16.485555
 11700.000000 -844103.187500 796.146055 3.641878 3.383576 16.534302
 11720.000000 -844593.750000 792.932054 3.312293 3.262917 16.859396
 11740.000000 -845061.125000 793.480780 3.428414 3.429482 16.263130
 11760.000000 -842625.562500 796.083526 3.532958 3.375812 16.404209
 11780.000000 -844611.187500 794.586558 3.760800 3.373665 16.509789
 11800.000000 -844742.125000 791.759479 3.322825 3.582410 16.426469
 11820.000000 -843578.937500 795.038205 3.384080 3.321294 16.269761
 11840.000000 -845051.500000 795.323474 3.267422 3.054778 16.580766
 11860.000000 -843751.250000 792.767772 3.297407 3.271733 16.334395
 11880.000000 -845066.625000 792.810540 3.268588 3.259205 16.466098
 11900.000000 -844305.000000 795.148033 3.294141 3.221709 16.458897
 11920.000000 -842497.875000 794.657166 3.435702 3.105222 16.472762
 11940.000000 -845883.562500 792.594496 3.239235 3.456290 16.529175
 11960.000000 -843687.000000 793.412543 3.201993 3.304370 16.402805
 11980.000000 -843967.312500 794.071968 3.605188 3.537899 16.373938
 12000.000000 -844925.187500 796.623358 3.237362 3.380139 16.236255
 12020.000000 -843636.437500 796.976517 3.441394 3.421168 16.340466
 12040.000000 -845600.187500 791.687385 3.532946 3.517128 16.199668
 12060.000000 -844391.500000 794.841505 3.459857 3.509202 16.320099
 12080.000000 -844756.875000 793.037212 3.224170 3.243418 16.295946
 12100.000000 -845747.000000 791.175498 3.368148 3.330883 16.590106
 12120.000000 -844179.437500 794.910595 3.413579 3.413154 16.725516
 12140.000000 -844869.000000 791.444821 3.476794 3.416341 16.839705
 12160.000000 -846551.687500 790.426169 3.569361 3.295475 16.650246
 12180.000000 -845542.250000 794.597115 3.389218 3.319496 16.542610
 12200.000000 -843981.375000 795.067051 3.334614 3.040202 16.361955
 12220.000000 -844709.000000 794.447980 3.375446 3.475757 16.343785
 12240.000000 -843489.062500 796.296648 3.370160 3.470713 16.557146
 12260.000000 -845255.125000 794.718542 3.533690 3.139586 16.558772
 12280.000000 -846006.062500 793.350517 3.437962 3.131163 16.303745
 12300.000000 -845186.937500 793.001576 3.583430 3.086303 16.531562
 12320.000000 -844218.375000 793.093623 3.537604 3.163265 16.547968
 12340.000000 -844195.125000 794.597349 3.312630 3.098350 1.403058
 12360.000000 -840424.187500 800.258908 2.951820 2.563961 10.044844
 12380.000000 -842265.562500 796.944764 3.092249 2.620767 12.855281
 12400.000000 -842663.437500 793.688834 3.331947 3.105842 15.113906
 12420.000000 -845246.375000 795.121516 3.368995 3.356000 15.866674
 12440.000000 -845505.937500 795.627360 3.496413 3.354536 16.097245
 12460.000000 -844066.312500 794.510380 3.642834 3.295554 16.271263
 12480.000000 -844295.125000 794.853064 3.355963 3.288752 16.407052
 12500.000000 -844623.937500 794.253499 3.400032 3.339384 16.444476
 12520.000000 -843361.375000 795.255602 3.329253 3.277117 16.551586
 12540.000000 -845892.875000 792.959030 3.263987 3.258472 16.640842
 12560.000000 -843168.562500 793.452418 3.561100 3.241624 16.472699
 12580.000000 -845860.937500 792.053027 3.669959 3.324336 16.531058
 12600.000000 -844718.062500 795.094693 3.448193 3.401706 16.533333
 12620.000000 -847033.562500 792.469119 3.281613 3.483580 16.515764
 12640.000000 -845191.812500 794.474143 3.221145 3.377716 16.410081
 12660.000000 -844073.687500 795.200629 3.607044 3.361059 16.217500
 12680.000000 -845282.750000 793.274165 3.164850 3.360438 16.043171
 12700.000000 -844115.250000 797.329779 3.481009 3.280451 16.505410
 12720.000000 -843910.812500 794.537435 3.230632 3.429432 16.399029
 12740.000000 -844757.375000 794.829589 3.185078 3.632045 16.337127
 12760.000000 -845781.437500 793.168510 3.139757 3.395506 16.334707
 12780.000000 -845912.875000 796.354488 3.062298 3.156360 16.472427
 12800.000000 -846830.812500 793.394215 3.419541 3.483419 16.541408
 12820.000000 -844389.625000 793.691682 3.414022 3.270873 16.739821
 12840.000000 -846531.125000 793.193381 3.211489 3.416490 16.551218
 12860.000000 -847050.062500 790.848415 3.239601 3.529925 16.598872
 12880.000000 -844732.875000 793.614921 3.007133 3.626666 16.643010
 12900.000000 -845973.937500 795.818899 3.232878 3.533888 16.479311
 12920.000000 -844866.875000 792.285827 3.267329 3.460332 16.280541
 12940.000000 -844817.687500 795.909407 3.409713 3.635988 16.073197
 12960.000000 -843684.062500 797.608957 3.513066 3.496808 16.396237
 12980.000000 -845718.250000 793.857375 3.415569 3.468086 16.313387
 13000.000000 -842222.125000 795.392818 3.435228 3.311684 16.604804
 13020.000000 -844385.750000 796.315849 3.616936 3.748839 16.688165
 13040.000000 -844842.812500 794.292356 3.430393 3.489309 16.521716
 13060.000000 -844940.250000 793.780077 3.300983 3.493867 16.396015
 13080.000000 -846200.062500 793.420321 3.297008 3.559499 16.568488
 13100.000000 -846362.312500 791.017747 3.465153 3.406764 16.692497
 13120.000000 -843461.812500 796.486278 3.410240 3.285237 16.718013
 13140.000000 -844547.250000 793.537728 3.155104 3.536278 16.709570
 13160.000000 -844604.375000 792.970694 3.331967 3.484405 16.469409
 13180.000000 -845822.937500 792.790342 3.452364 3.517678 16.588850
 13200.000000 -843637.812500 795.100539 3.485283 3.438283 16.532505
 13220.000000 -844939.750000 791.889280 3.267660 3.526154 16.629681
 13240.000000 -843826.625000 792.292887 3.383996 3.300509 16.554103
 13260.000000 -844344.687500 792.444063 3.348167 3.493934 16.414604
 13280.000000 -846222.187500 792.929091 3.338781 3.479637 16.419100
 13300.000000 -846678.375000 791.310907 3.306955 3.350123 16.568676
 13320.000000 -845308.375000 793.829531 3.589243 3.253768 16.699901
 13340.000000 -845095.875000 794.689696 3.361203 3.233247 16.642184
 13360.000000 -843665.312500 793.838992 3.120361 3.525632 16.421509
 13380.000000 -845121.375000 792.611483 3.019988 3.498739 16.535654
 13400.000000 -844768.750000 795.044227 3.326113 3.641289 16.367474
 13420.000000 -844833.687500 793.059352 2.987823 3.532226 16.300058
 13440.000000 -845379.750000 792.257270 3.250041 3.393209 16.570646
 13460.000000 -844414.937500 793.072227 3.185171 3.298482 16.639514
 13480.000000 -845203.875000 792.868219 3.231937 3.139026 16.697932
 13500.000000 -845525.250000 792.362084 3.294802 3.160364 16.477498
 13520.000000 -845385.875000 794.189483 3.329004 3.325505 16.412880
 13540.000000 -843744.000000 795.726165 3.304631 3.492407 16.445467
 13560.000000 -844139.312500 795.383699 3.383196 3.254937 16.739931
 13580.000000 -845005.375000 792.411904 3.607148 3.240381 16.572250
 13600.000000 -844674.812500 794.676022 3.540056 3.322197 16.527313
 13620.000000 -843530.937500 794.829319 3.417837 3.319974 16.730245
 13640.000000 -846203.375000 792.971783 3.276311 3.642767 16.612715
 13660.000000 -844972.500000 795.640908 3.189293 3.477030 16.462939
 13680.000000 -844992.687500 793.721534 3.444810 3.337831 16.670736
 13700.000000 -845369.000000 794.342033 3.333887 3.307894 16.659140
 13720.000000 -843972.875000 794.484877 3.334133 3.267854 16.424348
 13740.000000 -845433.062500 794.215232 3.173763 3.202583 16.464144
 13760.000000 -845124.812500 794.141546 3.393460 3.236673 16.452222
 13780.000000 -843718.125000 794.850015 3.489532 3.085700 16.527261
 13800.000000 -844278.750000 794.304906 3.338557 3.410942 16.607106
 13820.000000 -844038.000000 793.591668 3.342566 3.618218 16.329467
 13840.000000 -843217.625000 792.626481 3.414974 3.538074 16.535361
 13860.000000 -843795.562500 793.870940 3.523984 3.319028 16.362063
 13880.000000 -843035.562500 795.257796 3.578370 3.409945 16.508579
 13900.000000 -844875.562500 794.714941 3.617077 3.235265 16.598602
 13920.000000 -844727.125000 793.561573 3.674193 3.483259 16.631797
 13940.000000 -842733.625000 794.804908 3.378137 3.564815 16.619258
 13960.000000 -844922.625000 792.784117 3.283170 3.551928 16.532328
 13980.000000 -842554.500000 799.274564 3.430735 3.337261 5.611356
 14000.000000 -843732.062500 799.314323 3.423404 3.424367 10.187567
 14020.000000 -842525.500000 797.174201 3.413682 3.655813 11.004979
 14040.000000 -844129.937500 796.618814 3.515188 3.566622 11.446241
 14060.000000 -843421.250000 798.561838 3.598073 3.508242 11.895632
 14080.000000 -844337.875000 797.848583 3.410847 3.343253 13.427918
 14100.000000 -842229.937500 797.780411 3.623956 3.214199 14.992156
 14120.000000 -843557.625000 794.487725 3.588235 3.290563 15.952850
 14140.000000 -844230.312500 796.460756 3.404818 3.414535 16.434718
 14160.000000 -846310.687500 790.862468 3.219599 3.478911 16.414187
 14180.000000 -845687.500000 792.639961 3.214927 3.756729 16.443477
 14200.000000 -844817.125000 795.568798 3.339142 3.273474 16.121646
 14220.000000 -844758.750000 793.267114 3.387379 3.069843 16.208239
 14240.000000 -843591.000000 796.125153 3.379781 3.246609 16.218663
 14260.000000 -844906.812500 793.352519 3.220433 3.288635 16.353946
 14280.000000 -842099.812500 796.359758 3.442636 3.318302 16.569697
 14300.000000 -844439.562500 796.044872 3.191084 3.407527 16.592852
 14320.000000 -844630.500000 796.717266 3.500678 3.455170 16.472073
 14340.000000 -845780.500000 795.395165 3.528660 3.480124 16.332063
 14360.000000 -845353.125000 795.486799 3.465382 3.307083 16.300930
 14380.000000 -844349.250000 794.792488 3.478415 3.294404 16.247033
 14400.000000 -845145.875000 794.108698 3.496742 3.436577 16.368837
 14420.000000 -845183.625000 792.614782 3.287721 3.629558 16.547076
 14440.000000 -843435.000000 795.280770 3.193162 3.531562 16.658968
 14460.000000 -844414.187500 794.498994 3.447531 3.144583 16.449623
 14480.000000 -844756.187500 795.490631 3.335030 3.443873 16.529232
 14500.000000 -845121.812500 793.926507 3.572710 3.712506 16.563050
 14520.000000 -842554.125000 794.659884 3.610703 3.715428 16.347409
 14540.000000 -844126.687500 793.752724 3.316957 3.715229 16.506290
 14560.000000 -845047.562500 794.466470 3.390327 3.407478 16.422510
 14580.000000 -846439.562500 796.288155 3.397935 3.333551 16.746290
 14600.000000 -844604.562500 793.123598 3.591093 3.515091 16.337974
 14620.000000 -847020.812500 791.496710 3.398259 3.229925 16.351310
 14640.000000 -847438.937500 792.714908 3.547936 3.249559 16.448374
 14660.000000 -843963.187500 796.318216 3.413803 3.418619 16.506273
 14680.000000 -843272.500000 797.053837 3.315521 3.557050 16.347841
 14700.000000 -842797.687500 796.033534 3.470998 3.748156 16.414732
 14720.000000 -843962.812500 797.084696 3.600472 3.538216 16.438253
 14740.000000 -844986.000000 793.949068 3.592581 3.479611 16.270386
 14760.000000 -844123.437500 793.767207 3.791861 3.053164 16.415980
 14780.000000 -844356.875000 791.978554 3.336927 3.358926 16.362399
 14800.000000 -846003.625000 794.623769 3.055012 3.479468 16.263669
 14820.000000 -843482.625000 793.516515 3.330728 3.367224 16.393055
 14840.000000 -844929.875000 793.820903 3.619417 3.467431 16.422191
 14860.000000 -845054.312500 793.697254 3.557323 3.635081 16.598830
 14880.000000 -844272.750000 795.602813 3.468636 3.684145 16.814565
 14900.000000 -845393.500000 795.240439 3.174752 3.564127 16.535281
 14920.000000 -845186.250000 792.709958 3.585835 3.439288 16.691841
 14940.000000 -844615.687500 794.975398 3.536150 3.260044 16.396873
 14960.000000 -843069.687500 795.244714 3.454396 3.230257 16.661191
 14980.000000 -844994.250000 794.278369 3.442133 3.432798 16.762029
 15000.000000 -843504.500000 795.306677 3.419223 3.293881 16.583612
 15020.000000 -843700.937500 794.552910 3.462550 3.557706 16.590503
 15040.000000 -845961.062500 797.033206 3.229308 3.403350 16.689573
 15060.000000 -845504.500000 793.459399 3.271138 3.488503 16.491087
 15080.000000 -844159.500000 795.857559 3.098199 3.243184 16.502660
 15100.000000 -845322.875000 794.049066 3.176914 3.173657 16.329732
 15120.000000 -843382.437500 793.878989 3.334783 3.203806 16.338623
 15140.000000 -842555.375000 794.869590 3.626318 3.369571 16.324011
 15160.000000 -844176.875000 794.248672 3.229855 3.284863 16.430740
 15180.000000 -844174.437500 793.922689 3.221579 3.547857 16.384484
 15200.000000 -846131.437500 792.816926 3.365320 3.411194 16.566544
 15220.000000 -846943.812500 793.083604 3.129954 3.380268 16.358098
 15240.000000 -843053.750000 797.077261 3.391347 3.261398 16.238982
 15260.000000 -843177.500000 795.217091 3.448876 3.421955 16.298008
 15280.000000 -845695.250000 793.995319 3.267241 3.322638 16.467901
 15300.000000 -843997.625000 794.581180 3.787559 3.376715 16.450659
 15320.000000 -843930.937500 795.079217 3.683608 3.490279 16.546658
 15340.000000 -843909.437500 795.651528 3.576835 3.437626 16.313071
 15360.000000 -845614.812500 793.510076 3.604286 3.532569 16.669503
 15380.000000 -843371.937500 797.015351 3.228900 3.124621 16.527900
 15400.000000 -844888.187500 794.230450 3.293299 3.360215 16.549578
 15420.000000 -843715.937500 795.479598 3.450228 3.426913 16.311655
 15440.000000 -844924.625000 792.351982 3.316370 3.060680 16.579801
 15460.000000 -843156.375000 795.094477 3.284352 3.076844 16.611525
 15480.000000 -844388.562500 795.872103 3.423280 3.141599 16.952206
 15500.000000 -844450.437500 797.695863 3.674114 2.915407 16.679814
 15520.000000 -845318.937500 795.154285 3.263589 3.062071 16.635267
 15540.000000 -844949.000000 791.921574 3.170697 3.349438 16.582273
 15560.000000 -845919.187500 793.207362 3.406246 3.568761 16.486037
 15580.000000 -847251.062500 791.233659 3.273150 3.326936 16.407967
 15600.000000 -844968.875000 794.249503 3.394001 3.408392 16.368821
 15620.000000 -843482.687500 792.002232 3.266255 3.511116 16.175469
 15640.000000 -845391.375000 796.533410 3.203348 3.581435 16.360547
 15660.000000 -845208.500000 795.709556 3.386159 3.446400 16.620229
 15680.000000 -845092.625000 792.571454 3.492734 3.612818 16.478566
 15700.000000 -844643.250000 794.856154 3.388127 3.334251 16.587921
 15720.000000 -844180.062500 797.328915 3.462231 2.988734 16.546860
 15740.000000 -844609.750000 793.629885 3.740746 3.244330 16.539475
 15760.000000 -846542.000000 794.259324 3.407220 3.357216 16.392957
 15780.000000 -843630.437500 796.506731 3.588322 3.483599 16.410510
 15800.000000 -843721.750000 796.290415 3.479699 3.592143 16.462402
 15820.000000 -844403.437500 795.768160 3.129762 3.536233 16.504704
 15840.000000 -845223.562500 792.761425 3.561654 3.475957 16.610552
 15860.000000 -846500.875000 790.946083 3.832716 3.622171 16.627331
 15880.000000 -846760.125000 792.164447 3.740378 3.488484 16.474272
 15900.000000 -844718.500000 795.493722 3.660502 3.269564 16.453168
 15920.000000 -843312.500000 794.428657 3.591967 3.421135 16.499177
 15940.000000 -844244.000000 794.349370 3.502722 3.269333 16.566403
 15960.000000 -843742.625000 795.637473 3.561013 3.372578 16.543908
 15980.000000 -844077.875000 792.293110 3.136644 3.466169 16.614511
 16000.000000 -843107.375000 796.744389 3.470408 3.588359 16.497511
 16020.000000 -844134.437500 796.248216 3.458494 3.552625 16.282828
 16040.000000 -843512.250000 796.327847 3.624018 3.505975 16.586644
 16060.000000 -845480.875000 794.361050 3.532544 3.539064 16.618022
 16080.000000 -845279.500000 793.097563 3.469642 3.262352 16.610388
 16100.000000 -842269.625000 796.427728 3.422510 3.422042 16.225145
 16120.000000 -843184.312500 794.940885 3.275639 3.332729 16.610099
 16140.000000 -842712.312500 794.557851 3.228623 3.275622 16.520853
 16160.000000 -843858.000000 797.657945 3.203974 3.301669 16.371637
 16180.000000 -842873.187500 795.938279 3.471563 3.553736 16.584287
 16200.000000 -841393.437500 797.336588 3.476949 3.678361 16.534784
 16220.000000 -844593.187500 796.726185 3.500755 3.597328 16.723865
 16240.000000 -844046.187500 793.707842 3.146185 3.656423 16.728207
 16260.000000 -843273.562500 793.691751 3.136321 3.659740 16.616185
 16280.000000 -844620.625000 794.757029 3.200544 3.491619 16.502793
 16300.000000 -844693.625000 792.710532 3.422025 3.571412 16.400751
 16320.000000 -844588.312500 795.894086 3.462724 3.475289 16.302648
 16340.000000 -844737.562500 790.983341 3.218376 3.328799 16.550560
 16360.000000 -845931.937500 794.957227 3.367804 3.436993 16.509670
 16380.000000 -843847.812500 793.833604 3.561311 3.542915 16.330481
 16400.000000 -844416.125000 794.463464 3.400655 3.378344 16.482758
 16420.000000 -844291.062500 794.456317 3.402980 3.478968 16.539114
 16440.000000 -844914.375000 792.791153 3.326403 3.635367 16.519843
 16460.000000 -843306.375000 794.365840 3.293887 3.258840 16.433337
 16480.000000 -844308.187500 791.929548 3.333858 3.435711 16.357661
 16500.000000 -844138.187500 792.821018 3.570474 3.119551 16.404431
 16520.000000 -846066.312500 794.485824 3.755013 3.050310 16.508616
 16540.000000 -844324.937500 791.510064 3.704191 3.242054 16.461984
 16560.000000 -844265.437500 793.046508 3.348738 3.166916 16.176124
 16580.000000 -845775.562500 794.391512 3.073832 3.522387 16.421334
 16600.000000 -844661.125000 795.088417 3.574475 3.490297 16.385801
 16620.000000 -843730.625000 795.245323 3.307578 3.415588 16.164696
 16640.000000 -844765.437500 793.632839 3.598415 3.189227 16.490209
 16660.000000 -844217.187500 794.586510 3.423773 3.565812 16.310542
 16680.000000 -845783.937500 793.449435 3.435492 3.515840 16.640262
 16700.000000 -844711.125000 791.740277 3.333071 3.516613 16.495025
 16720.000000 -844962.437500 791.660230 3.328112 3.504610 16.545628
 16740.000000 -844588.562500 793.164232 3.329774 3.662861 16.469095
 16760.000000 -846032.312500 796.043334 3.437984 3.535634 16.151563
 16780.000000 -845138.875000 796.049465 3.273610 3.499380 16.062442
 16800.000000 -844605.062500 792.284638 3.382995 3.397605 15.890548
 16820.000000 -842789.812500 793.135571 3.406300 3.233214 16.403873
 16840.000000 -843882.687500 792.833946 3.505189 3.562118 16.175072
 16860.000000 -845447.812500 793.101921 3.341358 3.371310 16.560892
 16880.000000 -845511.812500 794.074009 3.507462 3.324523 16.496316
 16900.000000 -844938.312500 794.331846 3.113384 3.379661 16.563477
 16920.000000 -844739.625000 794.893327 3.229689 3.554019 16.592860
 16940.000000 -844566.375000 794.659810 3.237565 3.587323 16.572842
 16960.000000 -846186.437500 794.029144 3.318176 3.475316 16.596800
 16980.000000 -844334.687500 793.787897 3.214122 3.403402 16.430079
 17000.000000 -843430.312500 796.829693 3.054981 3.483194 16.641051
 17020.000000 -846245.125000 792.086758 3.356875 3.639140 16.819774
 17040.000000 -843915.125000 790.969552 3.372931 3.250757 16.786693
 17060.000000 -845347.250000 793.519862 3.195388 3.619943 16.583333
 17080.000000 -843643.562500 795.646797 3.248837 3.399543 16.598248
 17100.000000 -844872.750000 794.916683 3.359549 3.716028 16.628799
 17120.000000 -844819.125000 793.019292 3.241218 3.404145 16.714477
 17140.000000 -843457.250000 795.932630 3.592088 3.386683 16.528200
 17160.000000 -846117.312500 794.028886 3.546067 3.371582 16.429560
 17180.000000 -843576.812500 795.771371 3.791173 3.451639 16.409355
 17200.000000 -844304.750000 795.026066 3.745803 3.343632 16.698083
 17220.000000 -842255.500000 796.161789 3.620116 3.405785 16.431817
 17240.000000 -842952.312500 796.236053 3.591850 3.568867 16.645596
 17260.000000 -841574.187500 801.994384 3.560302 3.777181 5.956179
 17280.000000 -841208.187500 802.421634 3.905310 4.022239 10.994445
 17300.000000 -843059.687500 796.687833 3.775013 3.656476 12.543207
 17320.000000 -843359.437500 796.245632 3.568609 3.499548 15.058861
 17340.000000 -845373.750000 796.554313 3.257764 3.600737 16.041510
 17360.000000 -844199.687500 793.934334 3.137483 3.494966 16.488650
 17380.000000 -843097.187500 795.579040 2.924722 3.337696 16.652079
 17400.000000 -844789.875000 793.520744 3.162443 3.219736 16.476667
 17420.000000 -846727.750000 791.576187 3.249802 3.565675 16.312652
 17440.000000 -843661.250000 795.186824 3.279112 3.567874 16.415043
 17460.000000 -844949.812500 794.754601 3.531857 3.274657 16.556612
 17480.000000 -845023.375000 792.138307 3.570469 3.413571 16.430193
 17500.000000 -844991.000000 795.211633 3.593083 3.235449 16.359012
 17520.000000 -841992.000000 795.119926 3.717155 3.488039 16.660682
 17540.000000 -844743.062500 795.009829 3.514995 3.776912 16.425385
 17560.000000 -843884.750000 794.146730 3.584661 3.575532 16.667007
 17580.000000 -843256.625000 795.355265 3.275686 3.456179 16.754909
 17600.000000 -844513.437500 795.017042 3.422116 3.577486 16.342771
 17620.000000 -844968.625000 794.599810 3.525819 3.803866 16.089176
 17640.000000 -844919.250000 792.238078 3.473245 3.516709 16.411819
 17660.000000 -844325.812500 794.491468 3.634692 3.501041 16.468114
 17680.000000 -844045.687500 794.089761 3.435368 3.583015 16.616163
 17700.000000 -845235.750000 795.534942 3.501933 3.524962 16.911928
 17720.000000 -843598.750000 792.850872 3.551651 3.492784 16.552436
 17740.000000 -844312.000000 795.104138 3.474572 3.550114 16.503724
 17760.000000 -843580.250000 797.713658 3.258835 3.277128 16.410679
 17780.000000 -842749.875000 796.372076 3.406113 3.484873 16.328034
 17800.000000 -844406.375000 794.620305 3.556870 3.399365 16.295592
 17820.000000 -844268.937500 796.608680 3.379738 3.281287 16.508593
 17840.000000 -844700.375000 795.353521 3.383468 3.345368 16.459465
 17860.000000 -843541.250000 794.528626 3.286092 3.324029 16.562354
 17880.000000 -846036.562500 792.462655 3.211958 3.339385 16.421007
 17900.000000 -844545.437500 792.391060 3.298242 3.448707 16.558981
 17920.000000 -844737.062500 795.083320 3.024766 3.328537 16.319852
 17940.000000 -846472.187500 794.476786 3.325276 3.483768 16.649089
 17960.000000 -843383.125000 795.731935 3.300506 3.354493 16.559792
 17980.000000 -846011.312500 789.880685 3.130236 3.468094 16.600190
 18000.000000 -844041.562500 795.926066 3.222102 3.386842 16.607493
 18020.000000 -845571.562500 794.241246 3.365905 3.372181 16.530990
 18040.000000 -843431.875000 795.766370 3.426188 3.359510 16.578990
 18060.000000 -844631.750000 795.132350 3.305601 3.386956 16.359405
 18080.000000 -843262.812500 798.792963 3.332752 3.194824 16.676055
 18100.000000 -842956.000000 797.250592 3.627311 3.108686 1.853173
 18120.000000 -842325.625000 799.403149 3.084509 3.576908 9.774340
 18140.000000 -841424.250000 799.833766 3.122457 3.667614 11.256471
 18160.000000 -844426.812500 797.008484 3.218855 3.520955 11.878629
 18180.000000 -844239.750000 798.123107 3.623472 3.668594 13.893564
 18200.000000 -845719.312500 795.196591 3.629108 3.380507 15.527224
 18220.000000 -844055.562500 796.327820 3.483807 3.424158 15.963696
 18240.000000 -842322.937500 795.304559 3.427946 3.297404 16.544826
 18260.000000 -842455.750000 794.766856 3.481382 3.532224 16.712832
 18280.000000 -843733.000000 794.760636 3.526866 3.403780 16.694827
 18300.000000 -843428.437500 795.908293 3.723374 3.238776 16.317240
 18320.000000 -844047.000000 794.982973 3.503138 3.353168 16.317702
 18340.000000 -843624.250000 793.885997 3.352605 3.514803 16.177858
 18360.000000 -844683.000000 793.838490 3.474998 3.342967 16.410839
 18380.000000 -844656.437500 793.652014 3.295921 3.188806 16.615771
 18400.000000 -844919.125000 796.070816 3.260693 3.366756 16.449253
 18420.000000 -845215.625000 792.010735 3.234270 3.198262 16.252297
 18440.000000 -844200.562500 795.468645 3.252089 3.377976 16.260207
 18460.000000 -843983.250000 793.955814 3.576820 3.320437 16.536230
 18480.000000 -842393.375000 794.177112 3.416853 3.497379 16.318461
 18500.000000 -845049.687500 795.346356 3.408335 3.610110 16.534619
 18520.000000 -845277.500000 794.591561 3.348928 3.615033 16.583354
 18540.000000 -846736.500000 792.244248 3.688034 3.894709 16.663978
 18560.000000 -844159.687500 794.522647 3.361308 3.408319 16.509845
 18580.000000 -845077.375000 794.557817 3.420671 3.427677 16.549058
 18600.000000 -845537.750000 794.118401 3.443800 3.561058 16.450803
 18620.000000 -843965.000000 794.204466 3.371782 3.390299 16.658194
 18640.000000 -844467.000000 796.082270 3.455012 3.325251 16.392752
 18660.000000 -844235.375000 792.333298 3.566280 3.414105 16.772972
 18680.000000 -845202.937500 794.866821 3.338251 3.437769 16.818352
 18700.000000 -844607.750000 795.303277 3.271702 3.611917 16.518940
 18720.000000 -843037.250000 797.757393 3.331043 3.799457 16.600051
 18740.000000 -845868.625000 795.721720 3.469138 3.483385 16.625743
 18760.000000 -842827.500000 796.438864 3.829573 3.411575 16.572094
 18780.000000 -842975.562500 794.776882 3.381844 3.411313 16.346468
 18800.000000 -845285.000000 792.166416 3.531147 3.448646 16.296639
 18820.000000 -842921.312500 794.874696 3.595307 3.225159 16.328986
 18840.000000 -843645.562500 795.738987 3.529149 3.523046 16.594598
 18860.000000 -843729.937500 796.258495 3.763083 3.555803 16.513544
 18880.000000 -844661.812500 794.826660 3.475877 3.417575 16.465404
 18900.000000 -844013.812500 792.015322 3.218460 3.495956 16.541997
 18920.000000 -841719.812500 796.533622 3.197414 3.390378 16.452696
 18940.000000 -843773.812500 795.923766 3.464848 3.105894 16.469093
 18960.000000 -843657.500000 792.065510 3.426577 3.173791 16.580775
 18980.000000 -842064.687500 794.826607 3.472726 3.140074 16.439997
 19000.000000 -844202.937500 793.403803 3.564659 3.092580 16.405292
 19020.000000 -843328.500000 795.956069 3.439695 3.352922 16.609425
 19040.000000 -844185.562500 796.478711 3.286669 3.269777 16.698736
 19060.000000 -843253.875000 795.280241 3.440027 3.099917 16.479124
 19080.000000 -844577.125000 797.171642 3.214422 3.134764 16.370074
 19100.000000 -845133.687500 793.001842 2.713284 3.179062 16.483658
 19120.000000 -845119.187500 793.246512 3.137723 3.114108 16.168955
 19140.000000 -844251.125000 795.586036 3.426697 3.033566 16.230854
 19160.000000 -843054.750000 795.817431 3.626477 3.368872 16.284706
 19180.000000 -843184.375000 794.516808 3.291229 3.304686 16.610034
 19200.000000 -842852.937500 793.452415 3.350285 3.410030 16.468029
 19220.000000 -844270.250000 794.837915 3.601725 3.211906 16.561184
 19240.000000 -845016.625000 793.814826 3.811492 3.192298 16.487889
 19260.000000 -845560.000000 794.712379 3.536774 3.217146 16.406731
 19280.000000 -842637.687500 795.592683 3.660213 3.474196 16.581688
 19300.000000 -843607.187500 797.261632 3.596256 3.469816 16.665207
 19320.000000 -844953.187500 793.237718 3.474529 3.444798 16.513160
 19340.000000 -843718.500000 793.797257 3.119295 3.641265 16.404277
 19360.000000 -844147.812500 794.387895 3.076379 3.238768 16.588835
 19380.000000 -844498.187500 796.069317 3.199364 3.511709 16.431914
 19400.000000 -843268.437500 795.429762 2.958240 3.375536 16.648930
 19420.000000 -843809.125000 794.201165 2.931839 3.361720 16.366225
 19440.000000 -844570.812500 792.954470 3.112656 3.696265 16.472397
 19460.000000 -845246.250000 793.868473 3.385486 3.334688 16.407938
 19480.000000 -844113.625000 794.992137 3.415111 3.050647 16.633223
 19500.000000 -844764.125000 797.121410 3.384403 3.138566 16.404171
 19520.000000 -843655.937500 795.130713 3.183281 2.983669 16.242049
 19540.000000 -845762.312500 792.636594 3.390425 3.465381 16.367371
 19560.000000 -844885.875000 792.360202 3.328521 3.416372 16.550445
 19580.000000 -842791.750000 797.157381 3.726132 3.469669 16.541847
 19600.000000 -844834.812500 793.562831 3.536064 3.316082 16.188260
 19620.000000 -843614.375000 793.896353 3.761684 3.173427 16.064980
 19640.000000 -843336.750000 795.749963 3.367184 3.366564 16.209197
 19660.000000 -844500.937500 794.013926 3.517725 3.463158 16.325397
 19680.000000 -846390.312500 793.200936 3.385623 3.429454 16.453534
 19700.000000 -842773.000000 795.015009 3.394565 3.288640 16.345781
 19720.000000 -846131.750000 790.714629 3.326827 3.317305 16.273083
 19740.000000 -843860.500000 793.726800 3.374952 3.374453 16.670862
 19760.000000 -844677.625000 797.490664 3.593466 3.473255 16.660543
 19780.000000 -845031.687500 793.769084 3.334440 3.355073 16.701895
 19800.000000 -842915.687500 792.821299 3.607181 3.469035 16.528573
 19820.000000 -843326.312500 796.164358 3.599184 3.476237 16.501453
 19840.000000 -843952.187500 793.890112 3.328695 3.550475 16.398205
 19860.000000 -845462.125000 792.806087 3.345044 3.413467 16.403232
 19880.000000 -844648.562500 795.261215 3.713028 3.489355 16.436283
 19900.000000 -846011.312500 792.925836 3.336913 3.415513 16.060169
 19920.000000 -844266.500000 794.627689 3.105783 3.312287 16.144578
 19940.000000 -844560.312500 792.935034 3.197480 3.318913 16.496080
 19960.000000 -844979.250000 793.323097 3.214200 3.285065 16.563370
 19980.000000 -843870.812500 795.101821 3.240018 3.225450 16.668233
 20000.000000 -843325.750000 794.686652 3.285224 3.421050 16.597283
 20020.000000 -844742.375000 792.422475 3.474793 3.414448 16.472708
 20040.000000 -845201.750000 794.365972 3.600303 3.346266 16.263255
 20060.000000 -845428.687500 791.446909 3.529988 3.456007 16.263820
 20080.000000 -844572.437500 793.046654 3.274928 3.252343 16.364074
 20100.000000 -844829.500000 792.800124 3.445513 3.513006 16.449755
 20120.000000 -844212.250000 796.027692 3.517666 3.608681 16.494187
 20140.000000 -844122.375000 794.009087 3.521388 3.620160 16.310167
 20160.000000 -845496.687500 793.516725 3.558875 3.532518 16.540946
 20180.000000 -845608.875000 795.213954 3.580431 3.824596 16.470068
 20200.000000 -842917.625000 794.818538 3.263835 3.396654 16.254824
 20220.000000 -843541.687500 796.444993 3.328879 3.462274 16.468880
 20240.000000 -845916.875000 794.325703 3.208527 3.322407 16.669984
 20260.000000 -842185.562500 795.096336 3.341139 3.452873 16.440490
 20280.000000 -844977.687500 796.791868 3.570519 3.386360 16.564461
 20300.000000 -845890.125000 794.019080 3.660871 3.376039 16.628699
 20320.000000 -845005.062500 796.485407 3.718712 3.543227 16.620502
 20340.000000 -842642.437500 796.558214 3.393406 3.660590 16.561779
 20360.000000 -844415.875000 794.634607 3.616609 3.354082 16.343293
 20380.000000 -844285.625000 798.339258 3.665430 3.651839 16.586985
 20400.000000 -844376.750000 796.236163 3.265253 3.566488 16.565326
 20420.000000 -844681.312500 793.938279 3.336013 3.579097 16.388401
 20440.000000 -844450.875000 794.478390 3.299284 3.205833 16.462029
 20460.000000 -844017.375000 795.256081 3.301824 3.357953 16.615067
 20480.000000 -843586.812500 795.270426 3.362656 3.272107 16.660970
 20500.000000 -844974.187500 793.935285 3.360649 3.432215 16.626972
 20520.000000 -846168.875000 792.835602 3.426490 3.424039 16.503388
 20540.000000 -845168.812500 793.702031 3.319653 3.522264 16.695488
 20560.000000 -844061.562500 792.048421 3.283773 3.373824 16.692147
 20580.000000 -844643.312500 794.710890 3.513478 3.275704 16.909164
 20600.000000 -845679.937500 795.919336 3.310804 3.542673 16.702584
 20620.000000 -845220.312500 794.224159 3.505382 3.648029 16.633153
 20640.000000 -845414.375000 795.216537 3.510103 3.730356 16.456265
 20660.000000 -845501.375000 794.405169 3.363119 3.684368 16.653856
 20680.000000 -844477.375000 794.158778 3.493896 3.511306 16.790536
 20700.000000 -844957.312500 796.848008 3.361931 3.022241 16.721529
 20720.000000 -844123.875000 793.920755 3.289487 3.462195 16.519007
 20740.000000 -844400.937500 792.617468 3.262775 3.503397 16.476090
 20760.000000 -843891.375000 797.112622 3.196028 3.586034 16.500353
 20780.000000 -845272.375000 794.602656 3.172241 3.073678 16.469848
 20800.000000 -844898.187500 793.286580 3.269530 3.071499 16.638123
 20820.000000 -843869.375000 794.912046 3.365318 3.459484 16.546087
 20840.000000 -843379.000000 793.197178 3.298656 3.667543 16.675550
 20860.000000 -843872.875000 795.666996 3.228026 3.501790 16.587772
 20880.000000 -843455.312500 797.024850 3.158876 3.560913 16.328367
 20900.000000 -843836.437500 795.438796 3.207767 3.435573 16.231129
 20920.000000 -844101.312500 793.292921 3.272978 3.704573 16.480960
 20940.000000 -844163.562500 794.153100 3.188156 3.461630 16.591383
 20960.000000 -843920.812500 795.611898 3.389271 3.277353 16.702775
 20980.000000 -844649.500000 797.334442 3.395246 3.220650 16.571198
 21000.000000 -842848.562500 796.929673 3.408769 3.191426 16.558871
 21020.000000 -843357.812500 793.132699 3.320860 3.205320 16.673379
 21040.000000 -845081.562500 794.610580 3.337488 3.122207 16.586387
 21060.000000 -843469.437500 796.159591 3.492014 2.961931 16.529963
 21080.000000 -843263.375000 795.865012 3.621585 3.090992 16.606646
 21100.000000 -845034.250000 792.073136 3.650805 3.215607 16.405537
 21120.000000 -844699.062500 793.480608 3.534312 3.331690 16.544941
 21140.000000 -844144.562500 795.505513 3.418559 3.539630 16.353367
 21160.000000 -842780.625000 795.683924 3.465519 3.430492 16.581144
 21180.000000 -841730.625000 795.802607 3.324549 3.440141 16.409995
 21200.000000 -847192.562500 794.340897 3.594796 3.430262 16.322693
 21220.000000 -845668.625000 793.703449 3.644861 3.450875 16.539917
 21240.000000 -843737.687500 793.926659 3.400041 3.368417 16.563402
 21260.000000 -845160.375000 795.366837 3.592069 3.459438 16.379317
 21280.000000 -845883.562500 793.328147 3.253671 3.298310 16.434688
 21300.000000 -844307.812500 795.884969 3.330531 3.161362 16.490881
 21320.000000 -845217.500000 793.758621 3.183757 2.906029 16.618332
 21340.000000 -844180.000000 795.052464 3.536938 3.118472 16.576240
 21360.000000 -845101.875000 794.758054 3.295782 3.031974 16.557332
 21380.000000 -845347.687500 795.259388 3.564493 3.333542 16.520279
 21400.000000 -846032.500000 793.908762 3.339390 3.369285 16.535112
 21420.000000 -846011.750000 795.520247 3.333391 3.222774 16.417539
 21440.000000 -842586.000000 793.122924 3.139335 3.681525 16.594210
 21460.000000 -844424.375000 795.052011 3.409357 3.469864 16.352445
 21480.000000 -843986.750000 794.885955 3.062414 3.546302 16.568266
 21500.000000 -844679.500000 795.206083 3.120006 3.542436 16.315281
 21520.000000 -844975.437500 794.361191 3.475047 3.465634 16.314097
 21540.000000 -845755.812500 795.025765 3.280488 3.475289 16.533969
 21560.000000 -844129.062500 793.560895 3.425524 3.492793 16.117644
 21580.000000 -843057.500000 794.801341 3.233859 3.476820 16.558107
 21600.000000 -840452.562500 802.109908 3.472168 3.590840 6.396093
 21620.000000 -842878.500000 799.576597 3.581947 3.833162 9.158743
 21640.000000 -844156.687500 798.451521 3.965105 3.612379 11.081339
 21660.000000 -843485.437500 797.042728 3.593480 3.537677 13.374851
 21680.000000 -846890.625000 790.643175 3.576552 3.236220 15.399935
 21700.000000 -843956.812500 794.687167 3.358390 3.441149 16.055512
 21720.000000 -843845.187500 794.810969 3.515267 3.332337 16.372619
 21740.000000 -843248.562500 795.701753 3.348332 3.211475 16.339423
 21760.000000 -844705.812500 790.325665 3.281815 3.523387 16.363041
 21780.000000 -842561.937500 796.021702 3.529632 3.093140 16.530834
 21800.000000 -843720.375000 797.450551 3.383465 3.097879 16.675519
 21820.000000 -845310.625000 794.669163 3.638239 3.371495 16.644165
 21840.000000 -842856.500000 796.061491 3.169405 3.614447 16.541161
 21860.000000 -846140.812500 792.597306 3.472902 3.328191 16.611744
 21880.000000 -844495.437500 792.619054 3.427827 3.236340 16.505412
 21900.000000 -845433.437500 794.154367 3.390616 3.466050 16.737802
 21920.000000 -844335.375000 795.876088 3.230849 3.596619 16.551502
 21940.000000 -842416.937500 795.281678 3.192439 3.476051 16.520750
 21960.000000 -845309.437500 795.770069 3.115444 3.193019 16.792632
 21980.000000 -845174.437500 793.182245 3.610560 3.326911 16.553222
 22000.000000 -844278.250000 796.937595 3.639055 3.258091 16.515608
 22020.000000 -846292.937500 790.002499 3.433354 3.489870 16.435418
 22040.000000 -845177.937500 793.941414 3.325091 3.225509 16.773519
 22060.000000 -841717.500000 802.833294 3.564633 3.341111 6.440315
 22080.000000 -841375.250000 800.448773 3.609443 3.561590 11.417490
 22100.000000 -843261.750000 799.277805 3.824571 3.294144 12.626452
 22120.000000 -845147.500000 794.332349 3.333806 3.405430 14.526964
 22140.000000 -843215.812500 793.433456 3.412009 3.488970 15.854201
 22160.000000 -844632.187500 794.380567 3.408769 3.293467 16.188405
 22180.000000 -843315.875000 792.819175 3.413690 3.197819 16.467334
 22200.000000 -844654.312500 791.117865 3.354488 3.558050 16.260773
 22220.000000 -845257.375000 794.716227 3.267036 3.628205 16.388227
 22240.000000 -842189.500000 794.433014 2.914172 3.460343 16.489556
 22260.000000 -844830.000000 794.325794 3.428008 3.419607 16.510876
 22280.000000 -845740.187500 795.171194 3.632785 3.209885 16.358239
 22300.000000 -845090.062500 792.927617 3.377577 3.371873 16.404787
 22320.000000 -844522.625000 796.113701 3.271955 3.498876 16.308664
 22340.000000 -842560.000000 797.299275 3.371641 3.799445 16.521106
 22360.000000 -844883.125000 795.437428 3.347504 3.700249 16.408154
 22380.000000 -842553.000000 794.546093 3.258282 3.570386 16.629269
 22400.000000 -846379.250000 792.733414 3.382254 3.488688 16.758841
 22420.000000 -843892.125000 793.667792 3.250931 3.502006 16.936841
 22440.000000 -843864.812500 795.925347 3.415230 3.299316 16.833091
 22460.000000 -843334.500000 795.024977 3.487180 3.120587 16.531469
 22480.000000 -844756.500000 796.459107 3.395435 3.179105 16.553174
 22500.000000 -843621.687500 795.476752 3.605082 3.286326 16.473016
 22520.000000 -844293.250000 794.908891 3.334075 3.079146 16.258920
 22540.000000 -843958.000000 797.003092 3.308663 3.371335 16.169519
 22560.000000 -843525.812500 798.107255 3.239534 3.576785 16.595581
 22580.000000 -844316.562500 794.544210 3.173655 3.694712 16.669367
 22600.000000 -844276.687500 797.205843 3.474359 3.465015 16.425366
 22620.000000 -843723.687500 796.422155 3.366772 3.605880 16.554278
 22640.000000 -843874.125000 794.090058 3.514386 3.304443 16.363874
 22660.000000 -843779.562500 793.851257 3.402592 3.203976 16.241350
 22680.000000 -845025.375000 793.597977 3.463336 3.332400 16.677897
 22700.000000 -846096.625000 795.702436 3.592838 3.517655 16.670978
 22720.000000 -846156.937500 792.983490 3.444012 3.382827 16.484858
 22740.000000 -844800.812500 792.462407 3.508161 3.147039 16.509478
 22760.000000 -845035.125000 792.630170 3.341525 3.138573 16.454682
 22780.000000 -843663.812500 794.605769 3.537466 3.292102 16.533800
 22800.000000 -844355.062500 795.662595 3.458429 3.530556 16.597630
 22820.000000 -845195.937500 794.859760 3.251400 3.298171 16.690778
 22840.000000 -845629.937500 794.743578 3.428332 3.070518 16.457796
 22860.000000 -846223.312500 794.559254 3.443518 3.410183 16.406807
 22880.000000 -845036.437500 793.274113 3.448272 3.304145 16.490631
 22900.000000 -847525.437500 791.394406 3.347517 3.338123 16.386034
 22920.000000 -844599.500000 794.962528 3.424217 3.673915 16.524001
 22940.000000 -843526.062500 793.567081 3.323925 3.464465 16.466274
 22960.000000 -843082.062500 794.474969 3.235392 3.500325 16.652021
 22980.000000 -844589.562500 792.869975 3.151201 3.392256 16.554179
 23000.000000 -843410.562500 792.989106 3.246913 3.385351 16.489708
 23020.000000 -846119.312500 790.763569 3.532033 3.430801 16.603531
 23040.000000 -845587.250000 793.600608 3.471752 3.572793 16.596483
 23060.000000 -843762.625000 793.688453 3.463638 3.315628 16.173639
 23080.000000 -844330.687500 792.381334 3.232404 3.288097 16.341800
 23100.000000 -843288.812500 795.710257 3.322898 3.389350 16.555221
 23120.000000 -847187.500000 789.066081 3.737461 3.452936 16.476935
 23140.000000 -846676.062500 791.958760 3.766681 3.355122 16.785301
 23160.000000 -842604.062500 797.904975 3.842633 3.786289 6.489038
 23180.000000 -841793.437500 800.096497 3.943852 3.423911 9.098161
 23200.000000 -841823.937500 800.092142 3.115258 3.460694 12.377883
 23220.000000 -844114.625000 793.737570 3.294608 3.459003 14.903931
 23240.000000 -844460.750000 794.439901 3.715691 3.460796 16.032703
 23260.000000 -844147.062500 793.787983 3.388190 3.260469 16.190353
 23280.000000 -845918.375000 793.271734 3.322011 3.326700 16.684482
 23300.000000 -843632.250000 793.984923 3.239067 3.309781 16.446356
 23320.000000 -844238.937500 794.516594 3.305661 3.513537 16.533910
 23340.000000 -845469.062500 791.216015 3.397407 3.358008 16.602818
 23360.000000 -845068.437500 796.208428 3.503393 3.322130 16.327147
 23380.000000 -843904.875000 793.647086 3.427101 3.396494 16.307968
 23400.000000 -844009.375000 794.786000 3.407303 3.396732 16.373859
 23420.000000 -845358.250000 795.640564 3.439894 3.242892 16.619105
 23440.000000 -846748.625000 795.255628 3.260253 3.316066 16.521903
 23460.000000 -845831.000000 793.819521 3.335163 3.572558 16.695366
 23480.000000 -847251.500000 791.794489 3.218593 3.646859 16.558236
 23500.000000 -843697.875000 795.050877 3.273131 3.542070 16.463314
 23520.000000 -845699.312500 794.487127 3.293307 3.477877 16.435433
 23540.000000 -844605.250000 793.414648 3.373874 3.533887 16.484315
 23560.000000 -844050.312500 795.044810 3.468048 3.143622 16.579617
 23580.000000 -845415.062500 793.800698 3.231145 3.216518 16.306698
 23600.000000 -843039.187500 795.247393 3.330106 3.385802 16.303274
 23620.000000 -844581.000000 796.512369 3.392616 3.408963 16.367395
 23640.000000 -845089.937500 795.079149 3.413570 3.183349 16.506426
 23660.000000 -844092.750000 794.006230 3.495647 3.248491 16.810972
 23680.000000 -842700.250000 795.240877 3.724058 3.671784 16.241451
 23700.000000 -842975.687500 794.298955 3.549829 3.283733 16.385935
 23720.000000 -844498.125000 796.721100 3.370551 3.189257 16.323875
 23740.000000 -843921.437500 796.334328 3.396171 3.375491 16.572342
 23760.000000 -844273.125000 791.344611 3.260774 3.431728 16.231747
 23780.000000 -845396.875000 794.149553 3.213229 3.377271 16.596720
 23800.000000 -844910.437500 792.623122 3.383839 3.292176 16.684356
 23820.000000 -842737.937500 795.427283 3.369248 3.532679 16.722493
 23840.000000 -843497.062500 797.158857 3.336177 3.285497 16.598905
 23860.000000 -845210.937500 793.441135 3.305698 3.474743 16.356805
 23880.000000 -844940.187500 792.128527 3.371002 3.507628 16.353329
 23900.000000 -845082.625000 796.237476 3.331297 3.446126 16.357984
 23920.000000 -845369.562500 794.455803 3.326727 3.397767 16.324686
 23940.000000 -846018.000000 790.963706 3.447740 3.472285 16.382836
 23960.000000 -845072.812500 793.429369 3.413851 3.289101 16.597769
 23980.000000 -845113.250000 793.723447 3.280149 3.314524 16.410333
 24000.000000 -843878.625000 796.972125 3.520847 3.718031 16.467032
 24020.000000 -845114.562500 794.834186 3.647887 3.355699 16.372871
 24040.000000 -845159.562500 793.155395 3.663879 3.373045 16.324636
 24060.000000 -845736.312500 793.573234 3.582785 2.889373 16.419890
 24080.000000 -844216.062500 795.783384 3.371217 3.207542 16.469096
 24100.000000 -845947.500000 793.094671 3.543442 3.422949 16.544910
 24120.000000 -845929.500000 793.114673 3.349159 3.320629 16.606934
 24140.000000 -845646.562500 794.399915 3.318295 3.398609 16.509405
 24160.000000 -844538.437500 793.125493 3.212222 3.274819 16.405192
 24180.000000 -845426.375000 795.317121 3.202652 3.358878 16.432617
 24200.000000 -845480.437500 795.738982 3.185776 3.494361 16.334817
 24220.000000 -845191.312500 792.377785 3.477012 3.305947 16.459850
 24240.000000 -845146.312500 792.684059 3.613040 3.508055 16.290928
 24260.000000 -844998.500000 793.140028 3.453158 3.103434 16.555829
 24280.000000 -843749.500000 793.848362 3.291492 3.248638 16.552260
 24300.000000 -844254.375000 794.142408 3.159507 3.254982 16.587416
 24320.000000 -846840.187500 792.664945 3.580669 3.419836 16.357641
 24340.000000 -845148.750000 793.656271 3.236964 3.145062 16.559815
 24360.000000 -842671.125000 792.946022 3.157997 3.102781 16.768234
 24380.000000 -843105.000000 794.718949 3.746757 3.150726 16.594644
 24400.000000 -844951.687500 793.373132 3.516328 3.365916 16.641714
 24420.000000 -844400.000000 792.304967 3.464115 3.414867 16.439265
 24440.000000 -845069.937500 794.672502 3.446375 3.379084 16.795613
 24460.000000 -844577.187500 794.061012 3.309393 3.355770 16.628961
 24480.000000 -845582.625000 793.838948 3.529153 3.511171 16.632228
 24500.000000 -845773.937500 794.657861 3.559720 3.422356 16.557361
 24520.000000 -844619.250000 791.443930 2.983583 3.459981 16.560107
 24540.000000 -844748.437500 793.444161 3.082343 3.598573 16.152080
 24560.000000 -843893.937500 792.124794 3.179417 3.807092 16.490402
 24580.000000 -844352.687500 793.525741 3.525190 3.591800 16.692298
 24600.000000 -846913.062500 793.854322 3.409614 3.960522 16.549093
 24620.000000 -844250.500000 795.384106 3.082929 3.549427 16.515610
 24640.000000 -844063.500000 794.477554 3.438380 3.353447 16.793141
 24660.000000 -844821.375000 793.744242 3.518430 3.680037 16.491824
 24680.000000 -844055.937500 794.871872 3.399880 3.488706 16.496452
 24700.000000 -845249.937500 791.526774 3.233490 3.375237 16.670107
 24720.000000 -844360.062500 795.121448 3.311312 3.380634 16.642765
 24740.000000 -844135.687500 792.693298 3.540139 3.436573 16.547442
 24760.000000 -844410.625000 794.220791 3.482586 3.270163 16.690820
 24780.000000 -843404.125000 794.649576 3.393272 3.294437 16.806470
 24800.000000 -845606.875000 793.097374 3.417622 3.677381 16.297389
 24820.000000 -845088.750000 793.213864 3.349927 3.512778 16.620143
 24840.000000 -845307.375000 793.546387 3.294267 3.565587 16.731924
 24860.000000 -846170.187500 793.557761 3.492998 3.530110 16.694201
 24880.000000 -843973.937500 794.272369 3.680463 3.476134 16.362769
 24900.000000 -843673.812500 794.540607 3.557367 3.563184 16.496342
 24920.000000 -842955.062500 795.604751 3.763316 3.541343 16.414124
 24940.000000 -844199.375000 794.917601 3.257523 3.117017 16.109470
 24960.000000 -844925.000000 796.214238 3.060619 3.425827 16.412349
 24980.000000 -845021.437500 792.441184 3.385966 3.359321 16.423186
 25000.000000 -842743.437500 799.130637 3.337622 3.217952 16.521236
 25020.000000 -844718.437500 793.104796 3.362338 3.271537 16.585311
 25040.000000 -843943.187500 795.405850 3.306556 3.198031 16.722435
 25060.000000 -844963.812500 792.541080 3.415137 3.154118 16.587552
 25080.000000 -846589.625000 794.826325 3.636965 3.470101 16.547964
 25100.000000 -844734.562500 797.787683 3.089393 3.528038 4.597526
 25120.000000 -842246.375000 799.124938 3.567988 3.497490 10.454114
 25140.000000 -842141.937500 797.297412 3.422828 3.490829 12.336758
 25160.000000 -843447.625000 794.024518 3.589993 3.332860 14.569895
 25180.000000 -846082.812500 792.926582 3.388029 3.211236 15.939710
 25200.000000 -845236.187500 794.216429 3.322838 3.361974 16.534135
 25220.000000 -845374.687500 792.945852 3.483504 3.400109 16.574872
 25240.000000 -844096.562500 794.844289 3.325887 3.471692 16.556304
 25260.000000 -844690.187500 795.803698 3.476503 3.284865 16.630392
 25280.000000 -846662.375000 794.163892 3.330006 3.160435 16.784738
 25300.000000 -843966.062500 794.226123 3.310807 3.221787 16.695242
 25320.000000 -844004.625000 793.945182 3.270255 3.427723 16.526260
 25340.000000 -844195.562500 793.911297 3.118127 3.404933 16.600476
 25360.000000 -843722.312500 794.406581 3.379847 3.500877 16.505367
 25380.000000 -845510.312500 795.958512 3.174851 3.366264 16.630281
 25400.000000 -844119.500000 797.382364 3.341164 3.456831 16.674474
 25420.000000 -844574.562500 793.696461 3.355394 3.349283 16.266621
 25440.000000 -842988.875000 797.119668 3.231261 3.593347 16.562647
 25460.000000 -844035.437500 793.519501 3.545229 3.529982 16.614644
 25480.000000 -845454.125000 791.754609 3.208111 3.309148 16.660781
 25500.000000 -844431.500000 794.471850 3.308841 3.343155 16.471608
 25520.000000 -844611.687500 795.557805 3.246562 3.786862 16.713659
 25540.000000 -843722.125000 795.597713 3.625495 3.528813 16.673385
 25560.000000 -842906.375000 795.564373 3.633218 3.381148 16.430681
 25580.000000 -845970.000000 795.015072 3.688513 3.206074 16.626422
 25600.000000 -844380.687500 795.521922 3.347678 3.161934 16.706657
 25620.000000 -842837.937500 794.726173 3.293509 3.250317 16.688559
 25640.000000 -844032.000000 792.211335 3.417011 3.513658 16.499909
 25660.000000 -845735.312500 793.948940 3.507095 3.360918 16.331450
 25680.000000 -841621.500000 796.414558 3.433192 3.189052 16.488896
 25700.000000 -841902.375000 795.545586 3.366408 3.192766 16.474295
 25720.000000 -847374.437500 792.989546 3.531392 3.261767 16.481162
 25740.000000 -846842.062500 790.930600 3.263990 3.362014 16.700175
 25760.000000 -844436.562500 795.656207 3.551545 3.436721 16.549587
 25780.000000 -843771.750000 794.773021 3.562322 3.233572 16.497691
 25800.000000 -843693.312500 793.854856 3.360559 3.368951 16.468859
 25820.000000 -844065.187500 795.199667 3.282401 3.264320 16.215128
 25840.000000 -843605.000000 794.816337 3.364645 3.164514 16.550883
 25860.000000 -844246.937500 796.825625 3.567051 3.014128 16.413526
 25880.000000 -844493.250000 797.553107 3.665408 3.250980 16.652923
 25900.000000 -844347.625000 792.232281 3.449335 3.414076 16.764918
 25920.000000 -844479.750000 796.284773 3.216845 3.306493 16.574598
 25940.000000 -845486.875000 795.701857 3.100091 3.380148 16.447022
 25960.000000 -842183.437500 795.649386 3.160313 3.643201 16.382985
 25980.000000 -844928.437500 793.182500 3.392600 3.926286 16.516746
 26000.000000 -844577.687500 793.791685 3.188928 3.701913 16.618577
 26020.000000 -844991.437500 796.569169 3.441441 3.382273 16.534266
 26040.000000 -845979.750000 793.152195 3.272433 3.457120 16.630436
 26060.000000 -845549.875000 794.059676 3.351792 3.391462 16.434038
 26080.000000 -843783.375000 796.073026 3.540342 3.520072 16.450563
 26100.000000 -844467.437500 791.502789 3.677387 3.191441 16.421858
 26120.000000 -843197.937500 792.424013 3.571892 3.200398 16.131961
 26140.000000 -844223.375000 793.557947 3.623074 3.469473 16.474860
 26160.000000 -843488.000000 795.302398 3.284498 3.533578 16.420656
 26180.000000 -846432.187500 794.049054 3.499201 3.445025 16.415014
 26200.000000 -844678.687500 794.638146 3.798758 3.629203 16.535620
 26220.000000 -844969.375000 793.208629 3.569533 3.550578 16.468837
 26240.000000 -844340.000000 796.344105 3.417391 3.334756 16.351281
 26260.000000 -843785.937500 795.487308 3.657951 3.522094 16.737305
 26280.000000 -847167.187500 792.985184 3.442408 3.702824 16.601262
 26300.000000 -844153.687500 795.810082 3.571876 3.317719 16.850163
 26320.000000 -844040.062500 793.480196 3.218373 3.223778 16.501958
 26340.000000 -844093.312500 793.712431 3.286110 3.456113 16.310128
 26360.000000 -842284.625000 793.854024 3.390420 3.200188 16.647530
 26380.000000 -844121.687500 792.492564 3.150013 3.190877 16.486332
 26400.000000 -846330.500000 792.608512 3.390215 3.510871 16.495725
 26420.000000 -843672.312500 793.903304 3.197555 3.596837 16.647209
 26440.000000 -844554.500000 794.683877 3.521203 3.513258 16.515407
 26460.000000 -846291.062500 793.068439 3.358360 3.723708 16.562110
 26480.000000 -843322.875000 795.346428 3.507464 3.550372 16.588554
 26500.000000 -844172.687500 794.583397 3.409226 3.363573 16.588097
 26520.000000 -843575.250000 796.776951 3.285843 3.255593 16.781146
 26540.000000 -843909.812500 792.614879 3.398810 3.672605 16.503348
 26560.000000 -843398.062500 795.160932 3.302564 3.415511 16.537121
 26580.000000 -845384.625000 796.689121 3.544276 3.374753 16.546192
 26600.000000 -844677.125000 794.122413 3.564482 3.373581 16.671341
 26620.000000 -846126.500000 793.712395 3.447739 3.372740 16.498075
 26640.000000 -844619.125000 794.793747 3.396401 3.373025 16.571685
 26660.000000 -843549.000000 794.171312 3.484537 3.331300 16.378620
 26680.000000 -844168.250000 794.399227 3.631088 3.225293 16.284651
 26700.000000 -844895.812500 794.351688 3.532693 3.247024 16.478479
 26720.000000 -843181.875000 795.597148 3.253782 3.098502 16.422792
 26740.000000 -843738.187500 793.967123 3.481456 3.260167 16.451788
 26760.000000 -843515.625000 797.249118 3.613310 3.619984 16.467384
 26780.000000 -842550.937500 795.623293 3.480943 3.495460 16.558407
 26800.000000 -843839.625000 794.852694 3.231725 3.329572 16.651859
 26820.000000 -843884.062500 794.655406 3.528823 3.619096 16.437799
 26840.000000 -844318.687500 793.848257 3.644934 3.431335 16.446612
 26860.000000 -844412.562500 795.272456 3.377650 3.446520 16.707217
 26880.000000 -842856.812500 794.037710 3.455056 3.446449 16.866527
 26900.000000 -845829.000000 792.873356 3.437822 3.594146 16.531475
 26920.000000 -843625.625000 794.216896 3.809672 3.329443 16.955216
 26940.000000 -842585.875000 797.426562 3.449369 3.323660 16.768893
 26960.000000 -844989.125000 795.182532 3.366999 3.204584 16.543868
 26980.000000 -845867.375000 793.300980 3.654833 3.384349 16.628003
 27000.000000 -844435.000000 793.626457 3.655246 3.327975 16.673563
 27020.000000 -843326.562500 795.789792 3.735295 3.341652 16.683182
 27040.000000 -844143.687500 796.916603 3.551886 3.532613 16.533350
 27060.000000 -844590.312500 794.391437 3.447135 3.763457 16.454890
 27080.000000 -845387.187500 796.735310 3.428109 3.581451 16.245984
 27100.000000 -845967.000000 791.776253 3.199183 3.703699 16.446404
 27120.000000 -845294.750000 792.055896 3.298962 3.371117 16.396595
 27140.000000 -841880.312500 797.288291 3.349965 3.388758 16.531193
 27160.000000 -842345.750000 796.271564 3.470925 3.436864 16.564924
 27180.000000 -842801.750000 794.348081 3.584348 3.341649 -0.372448
 27200.000000 -841986.500000 798.009865 3.324528 3.897670 7.616114
 27220.000000 -843391.062500 799.993181 3.382648 3.993791 11.096559
 27240.000000 -844235.750000 797.059161 3.846123 3.662135 13.563044
 27260.000000 -843189.937500 795.534987 3.639605 3.161793 15.536060
 27280.000000 -844205.500000 795.055718 3.562765 3.039705 16.128733
 27300.000000 -843306.812500 794.525822 3.262428 3.238380 16.313730
 27320.000000 -843494.750000 795.278990 3.065164 3.122394 16.454503
 27340.000000 -843910.875000 795.365597 3.309216 3.243706 16.461617
 27360.000000 -843805.437500 794.613746 3.395058 3.323805 16.507310
 27380.000000 -844827.875000 795.648426 3.257443 3.263166 16.513612
 27400.000000 -844409.687500 794.687558 3.452343 3.243155 16.459614
 27420.000000 -846283.750000 791.271111 3.725412 2.981540 16.450884
 27440.000000 -843220.812500 795.507958 3.577117 3.339895 16.400255
 27460.000000 -844241.625000 796.233958 3.679498 3.348847 16.507832
 27480.000000 -844504.687500 794.674747 3.565236 3.400518 16.400347
 27500.000000 -842898.437500 796.521743 3.179811 3.196690 16.244412
 27520.000000 -844814.250000 791.917162 3.357718 3.242513 16.379740
 27540.000000 -845105.375000 793.808791 3.670251 3.310441 16.244414
 27560.000000 -846515.437500 793.091328 3.398066 3.412694 16.542382
 27580.000000 -845388.437500 794.109374 3.326387 3.260981 16.696308
 27600.000000 -844857.312500 793.873739 3.369232 3.357671 16.677214
 27620.000000 -844974.000000 790.127597 3.370172 3.756157 16.484397
 27640.000000 -844996.312500 796.656682 3.579663 3.560663 16.666028
 27660.000000 -844765.250000 792.298346 3.421120 3.530570 16.433372
 27680.000000 -845714.312500 796.489919 3.553908 3.562263 16.624034
 27700.000000 -841593.750000 795.939242 3.243464 3.540285 16.587207
 27720.000000 -842778.875000 794.402606 3.315632 3.477505 16.468183
 27740.000000 -845606.375000 792.703942 3.387865 3.711354 16.597603
 27760.000000 -844058.062500 794.528233 3.254591 3.566597 16.567603
 27780.000000 -844725.875000 796.120856 3.260503 3.519274 16.622274
 27800.000000 -845202.187500 793.927628 3.127353 3.603109 16.721431
 27820.000000 -843569.437500 795.258566 3.328220 3.348429 16.383131
 27840.000000 -844439.000000 795.742670 3.168410 3.105015 16.262352
 27860.000000 -842176.812500 797.031357 3.066625 3.228992 16.757695
 27880.000000 -844949.000000 793.142763 3.197946 3.258890 16.727702
 27900.000000 -843576.187500 794.956644 3.446864 3.237305 16.717843
 27920.000000 -843267.625000 793.719679 3.212777 3.158816 16.464791
 27940.000000 -845957.812500 793.540260 3.415772 3.337633 16.444281
 27960.000000 -846649.312500 792.822114 3.413079 3.362956 16.386167
 27980.000000 -843486.625000 797.257533 3.179959 3.081263 16.287052
 28000.000000 -843571.625000 794.066656 3.216961 3.363171 16.387012
 28020.000000 -843896.937500 793.236813 3.475986 3.153025 16.650813
 28040.000000 -843834.500000 796.811586 3.599603 3.440534 16.608164
 28060.000000 -843017.562500 793.068252 3.460502 3.571272 16.504751
 28080.000000 -843783.312500 793.548567 3.457741 3.594284 16.340109
 28100.000000 -844103.312500 794.812614 3.358271 3.449551 16.717246
 28120.000000 -844374.500000 794.292795 3.419784 3.141585 16.397157
 28140.000000 -844854.750000 792.190453 3.611048 3.338582 16.453333
 28160.000000 -844095.812500 794.039818 3.399943 3.248957 16.516676
 28180.000000 -842211.312500 792.652830 3.536673 3.419774 16.692079
 28200.000000 -844209.000000 792.858666 3.798306 3.304464 16.710320
 28220.000000 -844879.562500 792.308155 3.426395 3.275438 16.698361
 28240.000000 -846086.937500 793.718283 3.554331 3.589191 16.376750
 28260.000000 -846272.875000 793.243083 3.479000 3.409709 16.387177
 28280.000000 -845342.750000 793.450839 3.440511 3.221399 16.418973
 28300.000000 -845542.750000 792.555033 3.244670 3.461536 16.474736
 28320.000000 -844590.000000 791.786808 3.373632 3.467301 16.580815
 28340.000000 -846694.500000 792.076074 3.439495 3.526606 16.535388
 28360.000000 -844561.312500 793.453186 3.514061 3.341104 16.474897
 28380.000000 -845261.687500 792.967753 3.393224 3.315109 16.364089
 28400.000000 -843735.500000 793.166476 3.452418 3.414637 16.502023
 28420.000000 -846434.312500 791.438260 3.434709 3.847566 16.411059
 28440.000000 -844381.875000 794.606661 3.582290 3.430998 16.555619
 28460.000000 -844553.562500 792.250397 3.513250 3.240415 16.397012
 28480.000000 -843407.687500 797.673576 3.520358 3.320506 16.701278
 28500.000000 -846483.187500 792.427792 3.303860 3.166568 16.555523
 28520.000000 -844400.250000 796.054771 3.192862 3.273867 16.402350
 28540.000000 -845529.000000 791.464168 3.301695 3.345282 16.532910
 28560.000000 -845165.750000 791.479018 3.377250 3.269885 16.933148
 28580.000000 -845303.437500 792.465343 3.596746 3.578150 16.732539
 28600.000000 -845205.375000 794.288255 3.484187 3.621966 16.563794
 28620.000000 -844083.625000 793.675768 3.634619 3.287109 16.496158
 28640.000000 -843564.625000 791.538517 3.291851 3.384405 16.218928
 28660.000000 -845182.562500 795.774057 3.170777 3.588346 16.302772
 28680.000000 -844403.687500 793.482044 3.310017 3.390908 16.372165
 28700.000000 -843072.000000 795.746759 3.308892 3.566262 16.563861
 28720.000000 -845660.187500 794.825944 3.498633 3.321085 16.422148
 28740.000000 -845512.312500 792.620875 3.389301 3.110700 16.289438
 28760.000000 -845867.875000 792.760707 3.523435 3.320183 16.357482
 28780.000000 -844726.000000 791.785451 3.519569 3.418576 16.389149
 28800.000000 -844183.250000 793.469582 3.441752 3.317090 16.218606
 28820.000000 -845545.187500 794.432789 3.425095 3.520729 16.258697
 28840.000000 -844488.812500 793.768038 3.476522 3.450710 16.396266
 28860.000000 -844531.250000 792.136637 3.200195 3.217705 16.440702
 28880.000000 -845732.562500 795.792714 3.177548 3.205015 16.633797
 28900.000000 -845203.812500 794.823058 3.369947 3.480778 16.415148
 28920.000000 -843952.312500 795.744644 3.452840 3.654247 16.384999
 28940.000000 -842747.187500 793.505122 3.443699 3.648256 16.259427
 28960.000000 -843137.625000 793.943592 3.599194 3.618791 16.320065
 28980.000000 -844450.000000 795.074563 3.525787 3.677349 16.479201
 29000.000000 -844474.312500 794.248896 3.202399 3.580292 16.692969
 29020.000000 -843950.062500 794.623439 3.258356 3.650501 16.414540
 29040.000000 -845575.812500 792.490464 3.534880 3.493837 16.647626
 29060.000000 -845601.187500 794.310258 3.627113 3.635990 16.288994
 29080.000000 -845358.562500 793.223542 3.364158 3.158974 16.230477
 29100.000000 -844610.812500 793.841537 3.118716 3.206803 16.210917
 29120.000000 -844403.750000 793.027347 3.215615 3.460919 16.496081
 29140.000000 -844571.375000 793.155502 3.437977 3.066817 16.397779
 29160.000000 -843628.937500 794.634723 3.552800 3.353498 16.293677
 29180.000000 -846018.250000 794.652172 3.360382 3.403724 16.384352
 29200.000000 -846276.875000 794.080177 3.508879 3.201867 16.570314
 29220.000000 -845733.437500 793.841956 3.852368 3.367234 16.626821
 29240.000000 -845070.625000 793.411899 3.382598 3.486089 16.467838
 29260.000000 -844460.000000 792.418490 3.169444 3.448569 16.552620
 29280.000000 -844232.625000 792.052316 3.445639 3.466383 16.406440
 29300.000000 -843791.625000 793.099209 3.598851 3.380855 16.480010
 29320.000000 -846201.500000 792.102054 3.444623 3.263343 16.631102
 29340.000000 -844484.812500 793.115986 3.337933 3.358323 16.529226
 29360.000000 -845192.437500 793.433272 3.317841 3.475436 16.453046
 29380.000000 -845006.625000 791.592876 3.066801 3.494977 16.395279
 29400.000000 -845005.937500 794.557887 3.256856 3.517924 16.496868
 29420.000000 -844411.312500 793.273369 3.302535 3.407935 16.319114
 29440.000000 -844342.812500 793.262532 3.325124 3.501062 16.586373
 29460.000000 -845929.750000 791.579557 3.276571 3.356399 16.641456
 29480.000000 -845528.562500 793.952115 3.227559 3.298180 16.243921
 29500.000000 -844918.687500 791.518368 3.587665 3.429337 16.608724
 29520.000000 -844397.937500 792.558448 3.322964 3.374928 16.577624
 29540.000000 -845828.937500 792.701758 3.414841 3.450737 16.680884
 29560.000000 -842983.000000 793.171987 3.505524 3.223872 16.399512
 29580.000000 -846015.687500 793.592491 3.270230 3.313617 16.302107
 29600.000000 -843611.312500 793.930378 3.362010 3.490235 16.213075
 29620.000000 -845836.062500 792.982242 3.434890 3.715344 16.588014
 29640.000000 -845292.062500 791.359576 3.646075 3.499135 16.315461
 29660.000000 -842829.937500 795.199913 3.365101 3.564957 16.585595
 29680.000000 -844764.312500 793.773468 3.377880 3.664196 16.665846
 29700.000000 -842450.937500 796.538214 3.447453 3.528912 16.513001
 29720.000000 -843369.250000 792.519042 3.402350 3.310030 16.590783
 29740.000000 -845863.062500 795.454792 3.180498 3.195984 16.551176
 29760.000000 -844036.500000 797.515006 3.382402 3.167986 16.517412
 29780.000000 -843365.187500 795.020190 3.334541 3.409943 16.500580
 29800.000000 -843634.812500 794.764398 3.301652 3.237223 16.619260
 29820.000000 -843892.000000 795.635848 2.968232 3.274757 16.527426
 29840.000000 -844332.187500 795.040818 3.364952 3.424173 16.350246
 29860.000000 -845194.187500 793.731552 3.356363 3.430318 16.352266
 29880.000000 -845163.125000 791.945033 3.382797 3.447190 16.407222
 29900.000000 -843952.437500 796.295951 3.467418 3.491997 16.481310
 29920.000000 -844066.562500 792.521704 3.395458 3.444300 16.537960
 29940.000000 -844049.812500 795.317445 3.318770 3.264821 16.767946
 29960.000000 -847286.187500 788.858600 3.563983 3.437826 16.627880
 29980.000000 -845791.562500 789.570481 3.662582 3.345619 16.474448
 30000.000000 -843761.875000 791.843077 3.732940 3.214160 16.584539
 30020.000000 -843770.812500 793.895874 3.257045 3.288474 16.630265
 30040.000000 -846022.937500 794.289111 3.132209 3.125133 16.562156
 30060.000000 -846658.125000 791.012915 3.465501 3.259636 16.588630
 30080.000000 -845433.437500 793.478951 3.430488 3.369578 16.804036
 30100.000000 -845393.125000 792.801816 3.375203 3.584917 16.655548
 30120.000000 -845528.125000 792.683208 3.257400 3.574611 16.591021
 30140.000000 -843345.250000 795.522303 3.392147 3.707396 16.458836
 30160.000000 -843908.625000 792.435581 3.629682 3.413766 16.522309
 30180.000000 -844585.875000 794.395852 3.740858 3.315800 16.623920
 30200.000000 -845080.312500 794.638178 3.396871 3.771552 16.492507
 30220.000000 -841048.312500 794.051789 3.408642 3.747301 16.351404
 30240.000000 -844228.625000 794.729834 3.146204 3.535003 16.314665
 30260.000000 -845016.000000 793.834927 3.139466 3.405851 16.429277
 30280.000000 -845677.875000 793.775499 3.234140 3.359663 16.415494
 30300.000000 -845368.250000 791.496207 3.357616 3.238937 16.553441
 30320.000000 -845052.562500 793.658440 3.233611 3.268962 16.819212
 30340.000000 -844256.812500 793.092956 3.397901 3.517774 16.566324
 30360.000000 -844160.562500 795.916359 3.408539 3.591812 16.687398
 30380.000000 -843149.250000 795.868828 3.214788 3.448219 16.672762
 30400.000000 -843619.562500 794.818124 3.187197 3.550155 16.800713
 30420.000000 -843271.625000 792.433018 3.167689 3.352841 16.549359
 30440.000000 -844832.437500 792.534698 3.560263 3.520584 16.449346
 30460.000000 -842658.875000 794.770830 3.615421 3.391935 16.476914
 30480.000000 -842983.750000 793.980770 3.284467 3.420018 16.210409
 30500.000000 -846017.937500 790.224368 3.293390 3.494158 16.521167
 30520.000000 -845221.000000 796.219050 3.373116 3.386675 16.468913
 30540.000000 -846266.375000 792.429226 3.474072 3.358295 16.629670
 30560.000000 -842852.562500 796.193026 3.357678 3.267838 16.357830
 30580.000000 -844006.875000 794.495375 3.196693 3.620924 16.639256
 30600.000000 -845504.562500 794.151651 3.329748 3.870283 16.239232
 30620.000000 -842672.000000 794.231841 3.600475 3.683471 16.484754
 30640.000000 -843324.125000 796.014828 3.664662 3.663031 16.529635
 30660.000000 -843015.375000 793.401245 3.486204 3.598020 16.321854
 30680.000000 -844489.250000 794.524990 3.344244 3.381739 16.496772
 30700.000000 -846564.625000 792.823142 3.357587 3.300229 16.602176
 30720.000000 -845034.000000 792.212077 3.443069 3.444182 16.560452
 30740.000000 -844226.250000 793.683077 3.755875 3.291113 16.638551
 30760.000000 -845882.875000 793.419539 3.533548 3.298588 16.663602
 30780.000000 -843791.062500 793.123705 3.649816 3.286111 16.524996
 30800.000000 -844729.375000 792.332407 3.585618 3.258646 16.475175
 30820.000000 -841914.625000 794.791419 3.609595 3.216759 16.444472
 30840.000000 -844399.500000 794.755946 3.305925 3.232905 16.568912
 30860.000000 -845461.000000 796.200928 3.417755 3.266531 16.391099
 30880.000000 -843707.937500 793.882544 3.702214 3.383841 16.177436
 30900.000000 -844624.187500 793.690819 3.184421 3.307842 16.480809
 30920.000000 -843179.937500 793.272522 3.271844 3.439762 16.660287
 30940.000000 -845326.875000 792.681965 3.261711 3.544464 16.751199
 30960.000000 -844187.000000 794.345319 3.267461 3.310430 16.509317
 30980.000000 -844741.125000 792.651923 3.410117 3.174542 16.588196
 31000.000000 -844874.937500 794.125340 3.339323 3.359574 16.411727
 31020.000000 -843420.812500 796.696964 3.408792 3.486712 16.242510
 31040.000000 -844305.000000 795.154546 3.512084 3.500681 16.340127
 31060.000000 -842868.562500 797.443153 3.462543 3.302939 16.416671
 31080.000000 -844742.187500 793.726512 3.354337 3.258542 16.385135
 31100.000000 -843519.062500 792.633244 3.648662 3.388348 16.286811
 31120.000000 -844022.437500 795.184037 3.509943 3.505689 16.589939
 31140.000000 -845276.625000 791.747602 3.324745 3.616123 16.384926
 31160.000000 -843127.187500 793.958566 3.391264 3.620832 16.513569
 31180.000000 -843646.375000 793.773495 3.264849 3.196134 16.357190
 31200.000000 -842975.625000 794.264131 3.279895 3.128055 16.630655
 31220.000000 -843322.937500 795.822862 3.328225 3.354091 16.734057
 31240.000000 -843961.125000 793.895202 3.449986 3.407716 16.348690
 31260.000000 -845291.937500 795.404350 3.357122 3.448846 16.487236
 31280.000000 -844170.875000 794.887277 3.366493 3.317802 16.381935
 31300.000000 -845162.312500 794.054292 3.485352 3.368733 16.537886
 31320.000000 -843763.062500 794.764868 3.343847 3.040777 16.398145
 31340.000000 -843127.750000 793.718560 3.391117 3.123032 16.422000
 31360.000000 -845871.250000 794.865170 3.233101 3.258221 16.685724
 31380.000000 -844225.625000 794.883630 3.314043 3.435246 16.570084
 31400.000000 -844300.187500 791.340875 3.322733 3.269586 16.609304
 31420.000000 -844808.687500 793.107247 3.519592 3.235257 16.562394
 31440.000000 -845209.437500 793.695324 3.353248 2.968735 16.523694
 31460.000000 -844024.125000 794.508642 3.380524 3.119084 16.428397
 31480.000000 -842689.250000 794.194865 3.432154 3.587584 16.691883
 31500.000000 -843028.062500 794.399317 3.336344 3.574625 16.660849
 31520.000000 -844815.562500 791.737423 3.555829 3.555041 16.650430
 31540.000000 -844463.437500 794.261555 3.386081 3.346126 16.650324
 31560.000000 -844788.125000 794.485308 3.365977 3.196987 16.406841
 31580.000000 -844587.000000 793.343151 3.358659 2.977940 16.494734
 31600.000000 -846120.625000 793.898531 3.183158 3.238290 16.408721
 31620.000000 -846106.687500 793.415306 3.270775 3.488693 16.387343
 31640.000000 -843880.687500 794.090936 3.530883 3.522431 16.510470
 31660.000000 -845028.187500 793.174033 3.548847 3.381189 16.794028
 31680.000000 -844722.187500 794.638266 3.389287 3.440258 16.350064
 31700.000000 -845045.937500 791.794105 3.435564 3.175550 16.751818
 31720.000000 -846280.750000 792.492473 3.608485 3.115717 16.525245
 31740.000000 -845082.937500 793.105408 3.592815 3.404743 16.448204
 31760.000000 -843878.875000 792.835989 3.356522 3.506643 16.881745
 31780.000000 -845047.687500 794.355810 3.626448 3.513701 16.725196
 31800.000000 -845655.437500 793.483558 3.359190 3.452045 16.504000
 31820.000000 -845906.375000 793.221044 3.348081 3.322126 16.416891
 31840.000000 -844051.187500 793.464671 3.214186 3.352523 16.385625
 31860.000000 -844853.125000 793.115107 3.309899 3.245385 16.300136
 31880.000000 -845041.687500 792.578033 3.337728 3.544240 16.359043
 31900.000000 -843138.125000 793.608387 3.421391 3.507360 16.673215
 31920.000000 -845210.187500 793.830326 3.468848 3.534395 16.661325
 31940.000000 -844518.000000 795.558269 3.402640 3.295892 16.438251
 31960.000000 -845992.437500 792.335108 3.281476 3.348785 16.606028
 31980.000000 -843368.250000 795.645374 3.125583 3.316341 16.456507
 32000.000000 -843093.562500 794.546707 3.041702 3.262991 16.418309
 32020.000000 -844534.625000 796.184797 3.464042 3.334853 16.503842
 32040.000000 -844525.687500 793.702919 3.513459 3.549153 16.729145
 32060.000000 -845202.750000 793.567502 3.393040 3.398282 16.543293
 32080.000000 -845168.312500 794.465488 3.147621 3.098355 16.713013
 32100.000000 -843559.687500 795.554815 3.524643 3.238173 16.679909
 32120.000000 -844229.437500 795.434656 3.477534 3.432129 16.510300
 32140.000000 -842884.812500 796.454496 3.479148 3.405586 16.491715
 32160.000000 -844879.812500 794.646397 3.307339 3.505935 16.648321
 32180.000000 -844344.000000 795.569588 3.404979 3.285705 16.301693
 32200.000000 -844499.062500 793.008533 3.457566 3.185012 16.256505
 32220.000000 -845391.187500 792.993934 3.511328 3.232892 16.333387
 32240.000000 -844978.312500 795.728486 3.609458 3.470486 16.648477
 32260.000000 -843006.937500 796.307198 3.245375 3.521434 16.531697
 32280.000000 -844430.312500 792.621314 3.163738 3.620026 16.528309
 32300.000000 -841761.750000 796.761538 3.341419 3.569784 16.488068
 32320.000000 -845271.625000 794.171612 3.326168 3.376200 16.384671
 32340.000000 -843830.625000 792.873025 3.256651 3.435551 16.126925
 32360.000000 -843392.375000 794.700962 3.525598 3.554714 16.513138
 32380.000000 -845371.687500 794.487036 3.502046 3.351365 16.512543
 32400.000000 -844769.625000 794.551880 3.349147 3.406202 16.458720
 32420.000000 -843461.875000 794.519479 3.611026 3.488690 16.626206
 32440.000000 -844852.000000 794.560885 3.328308 3.219401 16.916579
 32460.000000 -844637.812500 793.688680 3.435418 3.417287 16.869493
 32480.000000 -845439.437500 794.902024 3.646467 3.752592 16.759089
 32500.000000 -843844.875000 791.631726 3.608517 3.744267 16.619172
 32520.000000 -846053.187500 792.189155 3.514283 3.441056 16.640281
 32540.000000 -844000.375000 794.555074 3.357697 3.611524 16.451166
 32560.000000 -843207.562500 797.020597 3.402371 3.587115 16.830879
 32580.000000 -845221.000000 795.993999 3.600008 3.559836 16.801645
 32600.000000 -845464.750000 795.266502 3.650999 3.607712 16.691062
 32620.000000 -845441.562500 794.908116 3.518225 3.424085 16.716794
 32640.000000 -846032.000000 795.128216 3.323025 3.455364 16.410359
 32660.000000 -845143.562500 794.391157 3.328416 3.196306 16.459066
 32680.000000 -845714.375000 792.017653 3.404298 3.377265 16.521144
 32700.000000 -845243.500000 793.049835 3.484190 3.603262 16.244394
 32720.000000 -845829.000000 793.084296 3.597300 3.382375 16.410467
 32740.000000 -845256.937500 794.364348 3.151315 3.344300 16.522066
 32760.000000 -844109.187500 797.042654 3.404533 3.256121 16.360743
 32780.000000 -844002.437500 795.608448 3.288282 3.194106 16.501863
 32800.000000 -844137.437500 797.101017 3.559709 3.598365 16.512500
 32820.000000 -844382.812500 792.327994 3.425533 3.431564 16.439740
 32840.000000 -844794.312500 794.176795 3.560769 3.102741 16.464264
 32860.000000 -844731.562500 794.215004 3.480158 3.192162 16.340539
 32880.000000 -844518.625000 795.364517 3.682909 3.200793 16.406519
 32900.000000 -843895.125000 793.957197 3.684314 3.220333 16.449948
 32920.000000 -845129.000000 793.651867 3.513997 3.225860 16.561459
 32940.000000 -844984.062500 797.418539 3.478112 3.418074 16.418784
 32960.000000 -846740.125000 792.995861 3.432357 3.629205 16.441797
 32980.000000 -842767.937500 794.869418 3.432183 3.311836 16.571918
 33000.000000 -845153.937500 795.152536 3.582099 3.290547 16.561830
 33020.000000 -842856.187500 794.569961 3.562178 3.360217 16.451370
 33040.000000 -844813.250000 791.348861 3.627314 3.535205 16.604465
 33060.000000 -844690.375000 796.715688 3.552461 3.324319 16.482274
 33080.000000 -843652.125000 795.190570 3.401362 3.621007 16.589203
 33100.000000 -843223.250000 796.336364 3.525945 3.533734 16.468535
 33120.000000 -843586.312500 796.403451 3.415863 3.329949 16.525998
 33140.000000 -844524.687500 791.447635 3.704407 3.396496 16.599157
 33160.000000 -844573.937500 794.050225 3.450092 3.313233 16.653098
 33180.000000 -845056.812500 793.454748 3.458117 3.236959 16.360704
 33200.000000 -845392.125000 794.650021 3.618629 3.336763 16.403633
 33220.000000 -843978.812500 792.373252 3.320922 3.355291 16.462750
 33240.000000 -843502.000000 794.344802 3.378315 3.426534 16.629055
 33260.000000 -843941.687500 793.787938 3.374889 3.542268 16.788369
 33280.000000 -844440.750000 793.871193 3.727018 3.187108 16.900852
 33300.000000 -843631.687500 793.097395 3.398962 3.191995 16.545738
 33320.000000 -845126.875000 796.463427 3.125580 3.532498 16.721461
 33340.000000 -845412.500000 792.257422 3.191697 3.539202 16.790035
 33360.000000 -843449.437500 795.987488 3.276347 3.399660 16.582895
 33380.000000 -843449.000000 793.033149 3.094935 3.425377 16.376103
 33400.000000 -842191.000000 794.072923 3.403035 3.236429 16.565596
 33420.000000 -845257.000000 796.057514 3.396886 3.435003 16.052131
 33440.000000 -845593.875000 793.791409 3.098125 3.401304 16.204216
 33460.000000 -845287.125000 794.638816 3.273711 3.380148 16.476592
 33480.000000 -844605.125000 795.844501 3.473452 3.245333 16.469420
 33500.000000 -844879.375000 796.426044 3.462834 3.322748 16.431514
 33520.000000 -843761.937500 795.705466 3.535747 3.488351 16.059207
 33540.000000 -844527.687500 794.583987 3.595895 3.488193 16.297759
 33560.000000 -842285.375000 795.954154 3.688015 3.268976 16.555719
 33580.000000 -843164.687500 792.907860 3.398646 3.330679 16.474923
 33600.000000 -844528.187500 794.326555 3.462242 3.238562 16.542453
 33620.000000 -844281.687500 795.643742 3.422687 3.471352 16.558591
 33640.000000 -842147.687500 797.165138 3.438850 3.511363 16.586657
 33660.000000 -845756.937500 793.100373 3.283321 3.451458 16.611135
 33680.000000 -844627.062500 795.558426 3.618969 3.414567 16.435594
 33700.000000 -843397.312500 796.647195 3.816925 3.484182 16.406336
 33720.000000 -842190.625000 797.697075 3.756789 3.144660 16.381136
 33740.000000 -844118.562500 797.404191 3.544573 2.938440 16.696792
 33760.000000 -843865.937500 796.897752 3.397092 3.522680 16.265430
 33780.000000 -844046.375000 797.169421 3.271989 3.415784 16.551258
 33800.000000 -844086.125000 795.945129 3.284487 3.316029 16.453736
 33820.000000 -844723.062500 795.370334 3.348940 3.403386 16.568436
 33840.000000 -843057.750000 796.987328 3.602993 3.556084 16.613745
 33860.000000 -843305.687500 795.098897 3.350601 3.507139 16.445644
 33880.000000 -843281.312500 795.890748 3.566910 3.314344 16.470104
 33900.000000 -841817.000000 796.844787 3.434031 3.492986 16.374150
 33920.000000 -844372.750000 791.720358 3.623461 3.569393 16.324022
 33940.000000 -845564.437500 795.623712 3.632976 3.576455 16.186484
 33960.000000 -843837.250000 794.758886 3.592725 3.225318 16.297166
 33980.000000 -844762.625000 794.779964 3.508001 3.484356 16.087853
 34000.000000 -845810.375000 794.394552 3.436740 3.397024 16.017346
 34020.000000 -843887.500000 793.645708 3.608398 3.291601 16.267196
 34040.000000 -844043.750000 794.730974 3.542354 2.927336 16.531934
 34060.000000 -843777.000000 795.112245 3.404756 3.057344 16.471680
 34080.000000 -845599.562500 794.055798 3.195280 3.264363 16.628079
 34100.000000 -842880.812500 793.210779 3.465133 3.552355 16.808198
 34120.000000 -843870.312500 794.705846 3.523058 3.772862 16.696657
 34140.000000 -844073.000000 793.221375 3.342306 3.742937 16.737072
 34160.000000 -844191.437500 796.272205 3.205796 3.501089 16.629543
 34180.000000 -843083.125000 797.690532 3.215047 3.333333 16.620494
 34200.000000 -843028.937500 796.259171 3.253248 3.327169 16.364288
 34220.000000 -843946.875000 796.346747 3.410151 3.371636 16.379821
 34240.000000 -843627.437500 795.841853 3.690871 3.162631 16.477423
 34260.000000 -843996.625000 794.710575 3.534517 3.470970 16.364118
 34280.000000 -844071.812500 794.594466 3.339321 3.558008 16.619010
 34300.000000 -845534.750000 794.010405 3.390516 3.655815 16.519255
 34320.000000 -843113.000000 795.811750 3.501552 3.365675 16.511661
 34340.000000 -845076.812500 789.535414 3.481428 3.325978 16.496651
 34360.000000 -843094.500000 797.647279 3.684148 3.261950 16.497768
 34380.000000 -845504.312500 795.062625 3.653687 3.473327 16.402558
 34400.000000 -844048.000000 793.347752 3.595300 3.380220 16.650097
 34420.000000 -845240.562500 796.016803 3.644085 3.455901 16.637274
 34440.000000 -847277.812500 792.513108 3.416822 3.506249 16.576412
 34460.000000 -844574.187500 792.265903 3.344164 3.288812 16.143001
 34480.000000 -845972.437500 794.627406 3.309677 3.378154 16.414893
 34500.000000 -844141.312500 795.668883 3.263787 3.478329 16.122470
 34520.000000 -843381.437500 794.877155 3.407624 3.696932 16.412565
 34540.000000 -845654.312500 789.788830 3.342377 3.479829 16.155977
 34560.000000 -845259.312500 794.807405 3.522887 3.455488 16.405607
 34580.000000 -844587.375000 793.138377 3.414814 3.301129 16.428918
 34600.000000 -843905.437500 794.556889 3.227096 3.313156 16.270895
 34620.000000 -843829.000000 794.853902 3.511970 3.237316 16.560049
 34640.000000 -844676.187500 792.772083 3.534191 3.183776 16.363822
 34660.000000 -843771.625000 794.557188 3.450066 3.129284 16.264719
 34680.000000 -845055.937500 792.039617 3.597670 3.305233 16.227505
 34700.000000 -845678.875000 794.174426 3.531582 3.363533 16.453934
 34720.000000 -845069.875000 794.576556 3.731960 3.465182 16.436509
 34740.000000 -847337.187500 792.461659 3.486969 3.392751 16.389667
 34760.000000 -845197.250000 794.529520 3.766483 3.612186 16.537447
 34780.000000 -845069.375000 792.247802 3.493829 3.725338 16.898425
 34800.000000 -843658.750000 794.049230 3.394504 3.567887 16.602144
 34820.000000 -843918.875000 797.096623 3.513876 3.310327 16.524039
 34840.000000 -846429.437500 794.997813 3.323054 3.526143 16.480908
 34860.000000 -843883.312500 792.016461 3.489226 3.378599 16.573787
 34880.000000 -843823.500000 795.624547 3.583348 3.474964 16.402202
 34900.000000 -844710.250000 795.966411 3.504788 3.559110 16.277890
 34920.000000 -844702.562500 795.466993 3.511202 3.424568 16.344261
 34940.000000 -844328.437500 793.174578 3.681261 3.451029 16.286800
 34960.000000 -842985.000000 795.697763 3.349880 3.267270 16.553712
 34980.000000 -843991.062500 795.462156 3.448103 3.238039 16.520251
 35000.000000 -843675.750000 795.570615 3.576985 3.490032 16.523071
 35020.000000 -845820.125000 794.657035 3.419496 3.337651 16.193257
 35040.000000 -843985.000000 795.654185 3.420164 3.540796 16.360714
 35060.000000 -842636.125000 796.739053 3.277189 3.432635 16.575364
 35080.000000 -844879.125000 795.846686 3.396784 3.598104 16.532812
 35100.000000 -842652.250000 795.306213 3.343851 3.385929 16.505594
 35120.000000 -846302.500000 793.800286 3.643941 3.740831 16.427175
 35140.000000 -843483.187500 794.803506 3.620834 3.722236 16.444851
 35160.000000 -844368.812500 790.601140 3.536807 3.383097 16.202421
 35180.000000 -843023.250000 795.391718 3.548396 3.287150 16.449855
 35200.000000 -845618.500000 794.661540 3.228585 3.355170 16.727004
 35220.000000 -845074.125000 792.564005 3.258178 3.600395 16.404222
 35240.000000 -847267.187500 793.178720 3.182755 3.437024 16.402997
 35260.000000 -843989.062500 794.438027 3.205725 3.207315 16.243001
 35280.000000 -844102.875000 796.426413 3.469553 3.469183 16.501916
 35300.000000 -845510.437500 794.371211 3.360071 3.075906 16.659202
 35320.000000 -844418.562500 792.171219 3.306385 3.158384 16.483810
 35340.000000 -845255.937500 794.019667 3.031450 3.369797 16.354300
 35360.000000 -843963.125000 793.753187 3.206910 3.187281 16.407743
 35380.000000 -845606.687500 793.269616 3.362787 3.152129 16.437559
 35400.000000 -842191.375000 795.058857 3.383142 3.241143 16.435742
 35420.000000 -846337.750000 792.450863 3.574398 3.524688 16.426701
 35440.000000 -844075.875000 793.378781 3.584043 3.476559 16.473502
 35460.000000 -844139.812500 796.039478 3.295874 3.497241 16.518203
 35480.000000 -845380.625000 793.142446 3.331587 3.511827 16.611829
 35500.000000 -845128.187500 794.320920 3.478565 3.480923 16.402301
 35520.000000 -843593.000000 793.202447 3.735804 3.518794 16.453936
 35540.000000 -845565.687500 792.485126 3.715832 3.481335 16.310228
 35560.000000 -844106.625000 797.179167 3.681263 3.290392 16.618580
 35580.000000 -845206.250000 796.661853 3.542647 3.121070 16.493927
 35600.000000 -845125.187500 794.278590 3.570882 3.181833 16.586332
 35620.000000 -846294.812500 792.747702 3.786882 3.225294 16.382538
 35640.000000 -843860.375000 797.900710 3.641296 3.200062 16.352495
 35660.000000 -844593.500000 793.079265 3.507360 3.209960 16.431744
 35680.000000 -843756.625000 794.385365 3.417988 3.353483 16.594831
 35700.000000 -842660.500000 795.503941 3.398563 3.620516 16.536069
 35720.000000 -845061.500000 794.027101 3.383292 3.490270 16.498170
 35740.000000 -845857.312500 792.586155 3.679625 3.446676 16.484090
 35760.000000 -843457.375000 795.503329 3.282526 3.287485 16.381603
 35780.000000 -845594.750000 794.151476 3.358063 3.427801 16.528876
 35800.000000 -843510.500000 794.481631 3.215542 3.359078 16.526948
 35820.000000 -845911.562500 792.202938 3.540686 3.634694 16.738200
 35840.000000 -845279.250000 794.845578 3.246766 3.453000 16.426253
 35860.000000 -845168.750000 794.379962 3.268713 3.275845 16.395547
 35880.000000 -844118.562500 795.702253 3.437557 3.529565 16.588873
 35900.000000 -841441.437500 796.130011 3.398459 3.469743 16.644114
 35920.000000 -843994.875000 793.465135 3.215983 3.491234 16.475152
 35940.000000 -845422.250000 793.388319 3.249143 3.366569 16.509571
 35960.000000 -844164.687500 793.419310 3.523836 3.394565 16.472709
 35980.000000 -844222.687500 796.637587 3.205994 3.286380 16.712986
 36000.000000 -844816.562500 794.968669 3.269108 3.457097 16.669988
 36020.000000 -846105.937500 795.980630 3.148740 3.243946 16.601885
 36040.000000 -844715.250000 790.893741 3.135809 3.278193 16.347939
 36060.000000 -843781.125000 796.672045 3.322058 3.436414 16.466018
 36080.000000 -844394.437500 795.614740 3.239565 3.576838 16.388868
 36100.000000 -844463.812500 794.199243 3.418821 3.273214 16.611180
 36120.000000 -844599.187500 792.631856 3.269615 3.260014 16.528484
 36140.000000 -844996.125000 794.725303 3.306258 3.405447 16.676024
 36160.000000 -844821.062500 792.766208 3.333785 3.402280 16.741459
 36180.000000 -844552.625000 793.526596 3.193635 3.396323 16.480002
 36200.000000 -844294.187500 794.797659 3.234636 3.327855 16.651864
 36220.000000 -844082.687500 794.855188 3.251953 3.318295 16.565731
 36240.000000 -844165.750000 793.981573 3.348928 3.365542 16.593737
 36260.000000 -842852.187500 795.455237 3.351361 3.633303 16.420503
 36280.000000 -845015.937500 791.666942 3.481919 3.563735 16.390518
 36300.000000 -843132.937500 794.304322 3.386595 3.414449 16.651373
 36320.000000 -844854.125000 795.401355 3.002876 3.247663 16.485907
 36340.000000 -845548.375000 794.541717 3.183460 3.149439 16.426992
 36360.000000 -843433.250000 794.166106 3.206473 3.421289 16.501321
 36380.000000 -844200.750000 792.329389 3.378554 3.298875 16.520489
 36400.000000 -845751.187500 792.378222 3.622259 3.391187 16.632966
 36420.000000 -843109.937500 791.215884 3.517265 3.513734 16.592751
 36440.000000 -843962.562500 792.517743 3.246570 3.404389 16.585514
 36460.000000 -844390.687500 793.534541 3.193537 3.308660 16.452153
 36480.000000 -844518.250000 795.132303 3.484643 3.397980 16.361904
 36500.000000 -844574.000000 791.649398 3.400024 3.622883 16.341591
 36520.000000 -844214.125000 794.144388 3.617154 3.497121 16.418576
 36540.000000 -843432.062500 798.607569 3.694700 3.342839 16.775573
 36560.000000 -845955.000000 795.302239 3.446109 3.351932 16.673828
 36580.000000 -844525.937500 795.519519 3.400271 3.530810 16.318876
 36600.000000 -843375.000000 797.089873 3.354731 3.264703 16.396717
 36620.000000 -844626.500000 794.742012 3.223675 3.709985 16.305102
 36640.000000 -845492.687500 792.882338 3.420204 3.790219 16.450231
 36660.000000 -845613.937500 792.429705 3.286329 3.577047 16.624071
 36680.000000 -845462.250000 795.601539 3.614898 3.611590 16.614408
 36700.000000 -844759.687500 794.019486 3.516813 3.168303 16.443614
 36720.000000 -845004.125000 793.905279 3.432277 3.419052 16.529579
 36740.000000 -844718.562500 794.371466 3.418185 3.487971 16.484164
 36760.000000 -845233.375000 793.471246 3.819869 3.345915 16.245063
 36780.000000 -844699.875000 794.727179 3.762343 3.488945 16.301933
 36800.000000 -844527.687500 797.888369 3.802909 3.147615 16.396673
 36820.000000 -844056.000000 795.092885 3.467882 3.660772 16.764594
 36840.000000 -844667.625000 793.402540 3.488646 3.350124 16.975860
 36860.000000 -843169.375000 795.340478 3.572432 3.211393 16.730978
 36880.000000 -846078.437500 789.915707 3.355172 3.498635 16.484767
 36900.000000 -843431.062500 795.608022 3.276242 3.290617 16.888613
 36920.000000 -842788.000000 794.435437 3.316004 3.304834 16.414976
 36940.000000 -843512.000000 794.917967 3.747413 3.491927 16.421372
 36960.000000 -845838.312500 793.256934 3.474684 3.434155 16.484627
 36980.000000 -844335.312500 796.143271 3.368950 3.187434 16.752360
 37000.000000 -844236.937500 795.979711 3.572588 3.300680 16.412983
 37020.000000 -844014.625000 793.085748 3.271249 3.292742 16.417036
 37040.000000 -844384.812500 795.863556 3.322630 3.582330 16.433476
 37060.000000 -845249.125000 792.200738 3.307100 3.646868 16.477843
 37080.000000 -844434.750000 794.438939 3.293050 3.487000 16.480769
 37100.000000 -846085.812500 794.717403 3.318748 3.601817 16.692716
 37120.000000 -843249.875000 794.971170 3.402183 3.312918 16.586814
 37140.000000 -845901.562500 791.329901 3.127611 3.428761 16.285122
 37160.000000 -844619.812500 794.441667 3.545251 3.566174 16.347567
 37180.000000 -845666.750000 795.991589 3.574748 3.531961 16.712945
 37200.000000 -844119.625000 795.275224 3.527811 3.510463 16.287564
 37220.000000 -843033.562500 796.170750 3.204658 3.686131 16.208190
 37240.000000 -845519.000000 795.059353 3.290275 3.454353 16.504313
 37260.000000 -843689.562500 796.723255 3.438227 3.108695 16.145924
 37280.000000 -843845.500000 795.464655 3.385397 3.138687 16.484495
 37300.000000 -845220.562500 795.033973 3.209059 3.053138 16.680807
 37320.000000 -843990.125000 793.932878 3.328123 3.147598 16.210612
 37340.000000 -846410.250000 792.837965 3.663444 3.404989 16.147044
 37360.000000 -844671.937500 791.969914 3.412970 3.342435 16.762563
 37380.000000 -844685.125000 794.462353 3.412162 3.433564 16.636881
 37400.000000 -844215.687500 795.921073 3.519048 3.383883 16.417824
 37420.000000 -843882.875000 793.357610 3.286703 3.290988 16.250813
 37440.000000 -844792.812500 795.564760 3.285544 3.361719 16.303994
 37460.000000 -845504.750000 794.214195 3.258640 3.606298 16.198770
 37480.000000 -844451.375000 795.184525 3.430049 3.471211 16.114896
 37500.000000 -845359.875000 793.461938 3.392091 3.429942 16.264462
 37520.000000 -844629.812500 796.411643 3.075108 3.618949 16.122073
 37540.000000 -843739.437500 792.634627 3.369309 3.581436 16.365137
 37560.000000 -845388.000000 790.975403 3.364885 3.599050 16.430796
 37580.000000 -844166.625000 793.531081 3.220961 3.406801 16.293902
 37600.000000 -845940.437500 792.152682 3.228466 3.339685 16.576355
 37620.000000 -844751.875000 792.986696 3.216592 3.115368 16.664073
 37640.000000 -843907.875000 794.426307 3.200231 3.265376 16.498535
 37660.000000 -845170.187500 793.239181 3.328507 3.444619 16.354291
 37680.000000 -845343.000000 790.549275 3.291934 3.577834 16.228292
 37700.000000 -845667.625000 791.846631 3.519547 3.342396 16.331155
 37720.000000 -847099.375000 792.488010 3.485928 3.474071 16.526112
 37740.000000 -844846.000000 795.480426 3.489996 3.130402 16.643860
 37760.000000 -845541.125000 792.385788 3.605290 3.464273 16.345954
 37780.000000 -844614.062500 795.040259 3.619350 3.286106 16.338217
 37800.000000 -845372.687500 793.001398 3.453304 3.388355 16.499406
 37820.000000 -843776.312500 793.909542 3.714199 3.444128 16.741362
 37840.000000 -843421.875000 794.196507 3.442453 3.296738 16.535611
 37860.000000 -843935.250000 795.181213 3.396468 3.294056 16.624641
 37880.000000 -844129.375000 796.542379 3.293555 3.209885 16.655428
 37900.000000 -844597.000000 791.529613 3.494756 3.438545 16.431190
 37920.000000 -840206.812500 801.537629 3.483109 3.809844 5.717501
 37940.000000 -841341.750000 800.207041 3.977194 3.794190 10.845557
 37960.000000 -842704.875000 798.469436 3.635835 3.260915 13.427990
 37980.000000 -842599.125000 796.227994 3.570232 3.419213 15.129373
 38000.000000 -843316.875000 795.041771 3.307509 3.608671 15.756774
 38020.000000 -843579.437500 792.531462 3.380281 3.253902 16.217430
 38040.000000 -844490.812500 795.701953 3.377486 3.213527 16.343936
 38060.000000 -843886.312500 795.201598 3.498263 3.169444 16.348147
 38080.000000 -846106.500000 796.137338 3.457625 3.395385 16.364015
 38100.000000 -844782.437500 794.850043 3.468064 3.149863 16.480980
 38120.000000 -842914.875000 795.512592 3.330658 3.486177 16.692202
 38140.000000 -844010.750000 793.357364 3.393177 3.330368 16.563833
 38160.000000 -844519.562500 791.724857 3.309554 3.427723 16.404890
 38180.000000 -844596.062500 794.655359 3.319057 3.175641 15.979065
 38200.000000 -842688.500000 795.413149 3.506703 3.371150 16.462188
 38220.000000 -845038.250000 795.509135 3.453801 3.259868 16.326114
 38240.000000 -844351.687500 793.744152 3.071042 3.296622 16.722038
 38260.000000 -843074.062500 794.493470 3.444562 3.443022 16.623838
 38280.000000 -846166.125000 792.147855 3.304283 3.538763 16.871092
 38300.000000 -845079.437500 792.555449 3.444854 3.127114 16.484981
 38320.000000 -843043.312500 797.089551 3.588201 3.003086 16.630987
 38340.000000 -843926.812500 797.872949 3.509491 3.035122 16.558681
 38360.000000 -843962.187500 797.420117 3.179526 3.352208 16.613599
 38380.000000 -845482.750000 794.413309 3.408610 3.319052 16.377143
 38400.000000 -844103.625000 797.909260 3.206268 3.525045 16.618011
 38420.000000 -842990.062500 794.936749 3.197384 3.388765 16.672848
 38440.000000 -843564.437500 794.525833 3.309298 3.367171 16.713782
 38460.000000 -844988.562500 795.590268 3.506932 3.664172 16.556723
 38480.000000 -841686.437500 795.533853 3.414780 3.332698 16.457069
 38500.000000 -846239.750000 795.333609 3.548411 3.524254 16.494829
 38520.000000 -844933.625000 792.799181 3.434041 3.420722 16.461356
 38540.000000 -845168.437500 792.501613 3.480802 3.353541 16.426759
 38560.000000 -845451.312500 795.619922 3.421233 3.474910 16.506574
 38580.000000 -845286.312500 793.676433 3.263105 3.226218 16.615792
 38600.000000 -844351.687500 796.872678 3.176591 3.280446 16.464314
 38620.000000 -844797.625000 794.732848 2.992669 3.422773 16.535285
 38640.000000 -843248.937500 795.187124 3.221237 3.277526 16.312669
 38660.000000 -844752.812500 794.606034 3.361423 3.173289 16.520850
 38680.000000 -844150.187500 797.796244 3.725271 3.054042 16.466850
 38700.000000 -845053.375000 793.338852 3.447317 3.394618 16.596926
 38720.000000 -844769.562500 794.735228 3.349811 3.535653 16.588423
 38740.000000 -844814.375000 794.062760 3.176075 3.408576 16.516636
 38760.000000 -845595.062500 793.806526 3.533237 3.365176 16.370287
 38780.000000 -843784.312500 794.194401 3.499915 3.656490 16.491230
 38800.000000 -845259.312500 797.021585 3.365070 3.525497 16.442257
 38820.000000 -843679.687500 793.793837 3.392069 3.255947 16.532354
 38840.000000 -845223.687500 795.350205 3.353736 3.515171 16.264481
 38860.000000 -844569.812500 796.302231 3.383313 3.475047 16.287896
 38880.000000 -844230.812500 793.093584 3.592741 3.381116 16.585693
 38900.000000 -845829.125000 793.503734 3.514167 3.351269 16.588350
 38920.000000 -844519.062500 794.633394 3.807660 3.519098 16.939341
 38940.000000 -842198.062500 793.366773 3.693881 3.564876 16.993021
 38960.000000 -844374.062500 794.837058 3.436575 3.429471 16.652426
 38980.000000 -844242.062500 794.343504 3.292927 3.572555 16.535620
 39000.000000 -845028.750000 793.103886 3.252111 3.490753 16.494045
 39020.000000 -846484.062500 791.712412 3.437842 3.560912 16.415060
 39040.000000 -845741.187500 793.238417 3.497758 3.346847 16.369566
 39060.000000 -842727.812500 794.198357 3.373753 3.516018 16.199595
 39080.000000 -843034.312500 797.011579 3.264946 3.360689 16.313284
 39100.000000 -843312.750000 794.705839 3.367003 3.639667 16.571699
 39120.000000 -842515.750000 796.496354 3.548381 3.471600 16.397607
 39140.000000 -843423.750000 795.887999 3.409028 3.134476 16.311982
 39160.000000 -844167.812500 792.600550 3.103576 3.263420 16.308840
 39180.000000 -844969.437500 793.224985 3.227678 3.313996 16.259965
 39200.000000 -845144.437500 793.652464 3.239287 3.456250 16.270905
 39220.000000 -843335.375000 796.089790 3.187798 3.332910 16.346247
 39240.000000 -842511.375000 795.328342 3.017279 3.539756 16.590034
 39260.000000 -844276.062500 794.296032 3.133550 3.628054 16.687608
 39280.000000 -843502.375000 794.108480 3.389634 3.460689 16.597963
 39300.000000 -844582.437500 793.344371 3.406179 3.574153 16.376243
 39320.000000 -845687.187500 793.182625 3.487134 3.451208 16.545712
 39340.000000 -843736.812500 795.838920 3.293358 3.457660 16.572203
 39360.000000 -842249.000000 795.352714 3.418721 3.494679 16.242364
 39380.000000 -845462.437500 795.609509 3.422131 3.595465 16.353267
 39400.000000 -843615.812500 794.763814 3.784852 3.522595 16.514919
 39420.000000 -844565.437500 794.612793 3.670953 3.539633 16.421908
 39440.000000 -845173.062500 794.988966 3.594451 3.427221 16.407643
 39460.000000 -845442.875000 793.575536 3.412600 3.569086 16.394764
 39480.000000 -844579.875000 793.718804 3.264602 3.780052 16.462404
 39500.000000 -844620.562500 791.868873 3.473654 3.678914 16.588470
 39520.000000 -844438.187500 792.996616 3.372930 3.736161 16.301146
 39540.000000 -844799.562500 793.836999 3.820062 3.277011 16.413951
 39560.000000 -844617.125000 793.042828 3.580115 3.190665 16.444819
 39580.000000 -845004.062500 794.432838 3.501587 3.565026 16.195454
 39600.000000 -844413.250000 794.956234 3.564507 3.297007 16.378489
 39620.000000 -844651.500000 793.589295 3.052383 3.195473 16.435031
 39640.000000 -843900.437500 795.230029 3.212655 3.197406 16.510798
 39660.000000 -842726.687500 796.054148 3.361991 3.656942 16.473591
 39680.000000 -843626.187500 796.517624 3.405276 3.445769 16.533124
 39700.000000 -844498.375000 795.398641 3.670847 3.694333 16.379638
 39720.000000 -842098.625000 795.861789 3.621579 3.560542 16.278198
 39740.000000 -844357.625000 794.838313 3.427478 3.467544 16.378866
 39760.000000 -842885.312500 796.389517 3.241979 3.402967 16.483816
 39780.000000 -842857.687500 794.472241 3.330049 3.385489 16.681880
 39800.000000 -844896.375000 795.277586 3.438505 3.570855 16.641353
 39820.000000 -844209.312500 791.906115 3.465899 3.382971 16.463237
 39840.000000 -845042.562500 792.899928 3.587827 3.123701 16.355718
 39860.000000 -844540.625000 794.816525 3.427826 3.493347 16.384073
 39880.000000 -843284.687500 794.208420 3.435683 3.418544 16.341614
 39900.000000 -845581.750000 794.553777 3.365074 3.158102 16.662007
 39920.000000 -846226.750000 792.777090 3.381577 3.631646 16.686215
 39940.000000 -846788.562500 795.199534 3.268677 3.616094 16.297516
 39960.000000 -844661.562500 793.902927 3.287227 3.221329 16.107798
 39980.000000 -843376.437500 793.559311 3.312883 3.001699 16.450061
 40000.000000 -842395.000000 794.395012 3.266411 3.224918 16.355848
 40020.000000 -843699.437500 794.438838 3.277402 3.181558 16.478161
 40040.000000 -844858.875000 792.169170 3.290828 3.619677 16.473307
 40060.000000 -844091.000000 794.211075 3.442300 3.651503 16.157232
 40080.000000 -843456.312500 796.821956 3.314539 3.299438 16.535463
 40100.000000 -843857.937500 795.476067 2.960615 3.327218 16.439802
 40120.000000 -844852.625000 793.343945 3.463518 3.316649 16.391170
 40140.000000 -842598.000000 796.401548 3.554575 3.411999 16.420381
 40160.000000 -843216.125000 795.369665 3.535296 3.566753 16.321256
 40180.000000 -844368.750000 794.764190 3.275150 3.316318 16.375386
 40200.000000 -842765.000000 794.668891 3.247878 3.358133 16.419533
 40220.000000 -844896.562500 793.636556 3.375814 3.302766 16.681194
 40240.000000 -845426.625000 792.467625 3.313886 3.247889 16.379996
 40260.000000 -843253.375000 792.478652 3.244632 3.557359 16.312670
 40280.000000 -844186.687500 793.837218 3.234660 3.402080 16.622031
 40300.000000 -846655.812500 795.574366 3.326108 3.420241 16.398261
 40320.000000 -843319.937500 795.796905 3.528276 3.303847 16.625524
 40340.000000 -844469.187500 795.740280 3.319821 3.459190 16.536867
 40360.000000 -844180.562500 793.988470 3.318724 3.509647 16.446524
 40380.000000 -844361.375000 799.505284 2.798146 3.282634 4.660069
 40400.000000 -840028.125000 800.990993 2.695553 2.951041 7.765502
 40420.000000 -842895.750000 797.131865 2.835884 2.551882 11.123526
 40440.000000 -844150.062500 796.544330 3.089539 2.748070 14.268169
 40460.000000 -844113.062500 794.279913 3.372979 3.199451 15.752363
 40480.000000 -845404.125000 793.877301 3.429639 3.462487 16.165399
 40500.000000 -845281.125000 793.775895 3.463613 3.474588 16.288706
 40520.000000 -844491.375000 794.080409 3.523488 3.631961 16.490645
 40540.000000 -845820.125000 791.390589 3.377764 3.784259 16.499769
 40560.000000 -842731.187500 795.864528 3.584247 3.767300 16.359974
 40580.000000 -843900.625000 791.854277 3.387306 3.559665 16.514478
 40600.000000 -844867.812500 794.052921 3.416109 3.620896 16.585482
 40620.000000 -845818.687500 791.597256 3.653943 3.544050 16.773228
 40640.000000 -845006.187500 793.570682 3.625437 3.325832 16.792082
 40660.000000 -844792.062500 795.686057 3.598580 3.593235 16.687335
 40680.000000 -843380.375000 794.004296 3.236772 3.407897 16.477376
 40700.000000 -840920.562500 800.298694 3.553950 3.088989 6.125164
 40720.000000 -841987.937500 798.077583 3.260438 3.480822 9.777053
 40740.000000 -841827.500000 797.590049 3.829454 3.373115 12.889700
 40760.000000 -843143.250000 796.229454 3.636283 3.421045 15.071670
 40780.000000 -843919.687500 793.124757 3.310768 3.571804 15.776183
 40800.000000 -845565.812500 792.818317 3.103167 3.521716 16.087294
 40820.000000 -845587.125000 795.123640 3.320298 3.450753 16.244544
 40840.000000 -845116.187500 793.886180 3.278604 3.241397 16.280143
 40860.000000 -844453.187500 793.159825 3.207025 3.224363 16.447791
 40880.000000 -845298.125000 791.871603 3.399894 3.404901 16.322976
 40900.000000 -846021.312500 791.739712 3.515364 3.297903 16.408688
 40920.000000 -844764.812500 793.991981 3.475165 3.505741 16.488773
 40940.000000 -845655.875000 791.028586 3.423184 3.301383 16.366063
 40960.000000 -843977.062500 792.592019 3.552858 3.177342 16.390418
 40980.000000 -845021.937500 794.618221 3.481390 3.249515 16.550875
 41000.000000 -843957.437500 797.242244 3.442796 3.228174 16.521482
 41020.000000 -845346.812500 794.347968 3.581483 3.477847 16.563825
 41040.000000 -844351.250000 795.026074 3.448355 3.378354 16.634101
 41060.000000 -845740.437500 794.010777 3.287403 3.206946 16.433419
 41080.000000 -843950.625000 795.518582 3.398039 3.273256 16.314017
 41100.000000 -844063.437500 795.994083 3.402953 3.312774 16.604506
 41120.000000 -845060.875000 792.308632 3.425413 3.534392 16.860961
 41140.000000 -843854.625000 793.729760 3.450954 3.433252 16.360214
 41160.000000 -844614.812500 793.806173 3.550800 3.387768 16.365253
 41180.000000 -842923.437500 796.108640 3.244671 3.432712 16.535430
 41200.000000 -844300.937500 796.614490 3.574798 3.334015 16.618401
 41220.000000 -844682.625000 792.758440 3.382689 3.339188 16.648882
 41240.000000 -844154.437500 795.749818 3.563123 3.275797 16.493788
 41260.000000 -845193.062500 791.250795 3.563894 3.174597 16.450822
 41280.000000 -844734.937500 796.416908 3.300838 3.227829 16.359656
 41300.000000 -845465.500000 791.590626 3.381487 3.580168 16.321212
 41320.000000 -844415.437500 793.705941 3.241099 3.414928 16.697153
 41340.000000 -842389.375000 794.274921 3.276652 3.541729 16.471834
 41360.000000 -845768.937500 792.330999 3.615991 3.459227 16.594445
 41380.000000 -845044.312500 794.240633 3.463105 3.189927 16.493944
 41400.000000 -845592.750000 791.447081 3.402758 3.108136 16.744617
 41420.000000 -845887.000000 794.493696 3.364483 3.385755 16.349350
 41440.000000 -844787.625000 794.742997 3.542084 3.569139 16.284125
 41460.000000 -844572.062500 792.710960 3.459824 3.365834 16.275758
 41480.000000 -844476.562500 795.268410 3.216748 3.226070 16.461624
 41500.000000 -843579.000000 794.514490 3.418857 3.209818 16.632373
 41520.000000 -844395.875000 794.934702 3.466300 3.359940 16.458264
 41540.000000 -844522.250000 794.662535 3.592519 3.434228 16.358083
 41560.000000 -844865.875000 796.802753 3.526694 3.414628 16.582294
 41580.000000 -845083.187500 793.794371 3.083334 3.524589 16.525537
 41600.000000 -845486.125000 793.313001 3.189025 3.568556 16.684725
 41620.000000 -846206.187500 792.799829 3.431461 3.461824 16.531740
 41640.000000 -843412.562500 795.564808 3.613940 3.382011 16.500101
 41660.000000 -844615.500000 793.218931 3.430168 3.284183 16.712627
 41680.000000 -845927.937500 790.717301 3.618306 3.127481 16.809228
 41700.000000 -844741.375000 793.635494 3.144519 3.425619 16.719344
 41720.000000 -842466.812500 792.512345 3.079388 3.376697 16.571690
 41740.000000 -843172.437500 796.390463 3.357166 3.521121 16.642324
 41760.000000 -843948.812500 792.332798 3.408001 3.429412 16.440720
 41780.000000 -845422.125000 793.905784 3.543003 3.419873 16.631549
 41800.000000 -844436.500000 793.906073 3.445665 3.456076 16.573649
 41820.000000 -845369.125000 793.139757 3.567374 3.349244 16.695400
 41840.000000 -844059.000000 794.587453 3.532741 3.555970 16.722301
 41860.000000 -844577.750000 792.608411 3.422844 3.766405 16.589457
 41880.000000 -843301.312500 792.816907 3.527754 3.224762 16.100012
 41900.000000 -843107.500000 797.632713 3.350696 3.089242 16.346740
 41920.000000 -843790.687500 795.476578 3.398623 3.247799 16.447255
 41940.000000 -846196.375000 794.038243 3.462506 3.061235 16.548173
 41960.000000 -844775.250000 795.031264 3.510882 3.232892 16.503036
 41980.000000 -845186.062500 793.638599 3.607505 3.337729 16.428083
 42000.000000 -845520.812500 790.787157 3.336259 3.377032 16.835035
 42020.000000 -843125.625000 794.999391 3.457097 3.393442 16.570462
 42040.000000 -844085.812500 794.242171 3.307339 3.171395 16.373210
 42060.000000 -844300.000000 795.678775 3.628403 3.250680 16.547907
 42080.000000 -843984.625000 792.612033 3.516172 3.332170 16.484271
 42100.000000 -845468.187500 792.931928 3.377442 3.361192 16.549666
 42120.000000 -845075.437500 793.469333 3.523422 3.346131 16.560908
 42140.000000 -845272.312500 792.198612 3.730360 3.552177 16.583793
 42160.000000 -846655.125000 791.280713 3.591659 3.465635 16.784793
 42180.000000 -845215.750000 792.317166 3.328578 3.496817 16.554740
 42200.000000 -846342.062500 791.142213 3.360169 3.487956 16.309957
 42220.000000 -846179.625000 793.674603 3.649784 3.400203 16.402444
 42240.000000 -842321.187500 793.945075 3.551004 3.462466 16.364404
 42260.000000 -843953.250000 795.911776 3.403277 3.334413 16.798930
 42280.000000 -845129.937500 797.126466 3.288291 3.391344 16.498212
 42300.000000 -844052.625000 793.676633 3.380895 3.253872 16.372291
 42320.000000 -845070.875000 791.749810 3.614786 3.242771 16.523431
 42340.000000 -846398.437500 796.324901 3.660515 3.382274 16.236661
 42360.000000 -846257.875000 794.242792 3.565529 3.777435 16.506757
 42380.000000 -844970.437500 793.188435 3.687235 3.399569 16.428824
 42400.000000 -845887.625000 797.577487 3.485883 3.240545 16.425876
 42420.000000 -844319.000000 795.812536 3.560159 3.279014 16.251989
 42440.000000 -845630.375000 793.669710 3.614987 3.245222 16.189014
 42460.000000 -844766.750000 794.169180 3.462737 3.629063 16.402163
 42480.000000 -845628.562500 790.728373 3.622430 3.282965 16.267528
 42500.000000 -846101.125000 794.083186 3.355608 3.327471 16.582017
 42520.000000 -844520.250000 793.277437 2.992182 3.392637 16.442009
 42540.000000 -845598.250000 793.364626 3.146803 3.060861 16.543153
 42560.000000 -842278.125000 795.678351 3.266820 3.499899 16.504666
 42580.000000 -843481.750000 794.872504 3.324152 3.448572 16.495901
 42600.000000 -846390.187500 794.911404 3.375232 3.242640 16.644149
 42620.000000 -843950.562500 795.191105 3.374815 3.448981 16.813897
 42640.000000 -843851.562500 794.028359 3.576022 3.318116 16.420519
 42660.000000 -845239.500000 794.011186 3.406100 3.402087 16.669041
 42680.000000 -845359.000000 793.035704 3.621717 3.479954 16.347410
 42700.000000 -842784.937500 796.633661 3.742595 3.242303 16.547352
 42720.000000 -846657.500000 795.898891 3.567589 3.204480 16.604217
 42740.000000 -844608.312500 792.818750 3.338802 3.422776 16.402642
 42760.000000 -844669.062500 792.082775 3.348061 3.339226 16.393136
 42780.000000 -843201.125000 797.315332 3.534567 3.375814 16.679144
 42800.000000 -844033.562500 796.003473 3.347008 3.459959 16.683443
 42820.000000 -843715.937500 795.482175 3.406609 3.209996 16.622960
 42840.000000 -842223.375000 801.564225 3.406120 2.828285 6.579678
 42860.000000 -843722.062500 795.777717 3.354533 3.006001 8.274921
 42880.000000 -842929.187500 799.306756 3.465695 2.662995 10.473081
 42900.000000 -842837.000000 798.346239 3.523094 2.463997 11.090687
 42920.000000 -843828.500000 795.794547 3.431740 2.534174 12.495451
 42940.000000 -841972.500000 794.898960 3.249765 3.072480 15.176307
 42960.000000 -843622.625000 795.922898 3.221812 3.135920 15.720740
 42980.000000 -842789.500000 794.307778 3.362401 3.011662 16.348268
 43000.000000 -844297.812500 796.193063 3.493357 3.163443 16.451097
 43020.000000 -843559.750000 795.600324 3.444075 3.351069 16.406590
 43040.000000 -844994.937500 794.910584 3.352322 3.410597 16.433545
 43060.000000 -845055.625000 796.880504 3.276977 3.362486 16.656160
 43080.000000 -846419.375000 793.436481 3.325553 3.288534 16.635082
 43100.000000 -845384.312500 791.843207 3.326727 2.927081 16.534233
 43120.000000 -846004.812500 793.492440 3.607314 3.279650 16.517523
 43140.000000 -844200.437500 793.896321 3.756635 3.455766 16.548198
 43160.000000 -843673.750000 794.756541 3.296315 3.281565 16.357174
 43180.000000 -844310.750000 792.628565 3.595293 3.456722 16.250685
 43200.000000 -844704.062500 792.846675 3.599461 3.551871 16.458362
 43220.000000 -845303.125000 794.110438 3.644140 3.449992 16.420825
 43240.000000 -843372.312500 796.504141 3.457826 3.492926 16.315275
 43260.000000 -844223.562500 793.448253 3.641398 3.376285 16.656578
 43280.000000 -845934.187500 792.181172 3.323090 3.323822 16.823746
 43300.000000 -845056.500000 792.295481 3.047996 3.398981 16.563871
 43320.000000 -846201.500000 793.322558 3.378417 3.288509 16.713483
 43340.000000 -843069.250000 795.839124 3.294844 3.586584 16.896816
 43360.000000 -843077.687500 796.675933 3.436257 3.237211 16.691279
 43380.000000 -845677.687500 792.633973 3.402872 3.419691 16.724396
 43400.000000 -842996.562500 795.790123 3.548264 3.574698 16.237657
 43420.000000 -842741.625000 795.842611 3.320512 3.485873 16.504357
 43440.000000 -844960.750000 793.250529 3.509491 3.493942 16.494255
 43460.000000 -843713.375000 794.798621 3.476549 3.533034 16.607930
 43480.000000 -845217.500000 795.150421 3.405786 3.440125 16.680677
 43500.000000 -845483.625000 794.278401 3.076473 3.322628 16.700594
 43520.000000 -845209.062500 793.570051 3.330462 3.377482 16.457226
 43540.000000 -846739.375000 795.638389 3.204475 3.600489 16.478355
 43560.000000 -846794.187500 792.972216 3.575412 3.502904 16.787205
 43580.000000 -844356.625000 793.069842 3.277868 3.387241 16.130408
 43600.000000 -844819.750000 795.113974 3.321945 3.562914 16.545570
 43620.000000 -844392.187500 794.232773 3.374701 3.319024 16.328638
 43640.000000 -845686.125000 793.851091 3.639194 3.436747 16.561762
 43660.000000 -844004.250000 795.401080 3.467412 3.433091 16.317620
 43680.000000 -845483.812500 792.980003 3.300886 3.375667 16.632941
 43700.000000 -844857.437500 793.978392 3.215225 3.126569 16.317611
 43720.000000 -843297.312500 794.946659 3.152955 3.206591 16.369794
 43740.000000 -843693.625000 794.604584 3.367977 3.360362 16.369628
 43760.000000 -843653.500000 795.102497 3.484395 3.279338 16.271529
 43780.000000 -844042.312500 795.535372 3.313893 3.247709 16.465795
 43800.000000 -845808.750000 792.997738 3.332577 3.260068 16.545916
 43820.000000 -845684.812500 793.305395 3.392581 3.421383 16.332200
 43840.000000 -846553.937500 791.709332 3.361363 3.386673 16.697085
 43860.000000 -844816.625000 791.103051 3.383699 3.476842 16.580227
 43880.000000 -845400.750000 792.253164 3.095260 3.534055 16.436548
 43900.000000 -844137.375000 792.541948 3.395341 3.297949 16.584624
 43920.000000 -845879.375000 792.735898 3.356873 3.772408 16.320292
 43940.000000 -845788.062500 794.110839 3.591354 3.381189 16.616621
 43960.000000 -844257.437500 793.407153 3.489906 3.350162 16.580787
 43980.000000 -844255.812500 794.215908 3.495756 3.105078 16.489305
 44000.000000 -845171.687500 794.531544 3.513021 3.491559 16.469269
 44020.000000 -844571.312500 793.954835 3.438897 3.690044 16.573342
 44040.000000 -844427.187500 796.049091 3.505700 3.523380 16.636369
 44060.000000 -845141.500000 793.590213 3.482147 3.399173 16.571515
 44080.000000 -846839.562500 792.552718 3.240058 3.320588 16.642197
 44100.000000 -846343.375000 794.167929 3.297863 3.360195 16.569387
 44120.000000 -844098.312500 794.098712 3.375183 3.354392 16.704434
 44140.000000 -844953.562500 796.535284 3.468786 3.349417 16.696954
 44160.000000 -842951.375000 795.471510 3.477887 3.307348 16.489258
 44180.000000 -844835.250000 793.339149 3.611453 3.384132 16.475803
 44200.000000 -843455.187500 794.864959 3.501295 3.592776 16.423991
 44220.000000 -842600.312500 793.524905 3.333286 3.471185 16.601488
 44240.000000 -843860.187500 793.707632 3.318466 3.475959 16.527638
 44260.000000 -845647.562500 792.632804 3.170054 3.288074 16.175931
 44280.000000 -844420.437500 795.159859 3.319037 3.449260 15.989255
 44300.000000 -844933.250000 792.488632 3.580173 3.637331 16.417743
 44320.000000 -845141.812500 795.154051 3.402464 3.452213 16.431436
 44340.000000 -846013.375000 794.559936 3.615319 3.379255 16.397701
 44360.000000 -844545.562500 795.352079 3.424161 3.432399 16.470765
 44380.000000 -843877.187500 796.162761 3.359150 3.550057 16.388164
 44400.000000 -843123.750000 794.914896 3.413985 3.395843 16.428250
 44420.000000 -844530.250000 793.466481 3.486646 3.258169 16.387097
 44440.000000 -843381.625000 794.244849 3.406998 3.401389 16.517112
 44460.000000 -844974.125000 794.814481 3.620438 3.404760 16.211654
 44480.000000 -844426.125000 795.001127 3.260172 3.442961 16.375860
 44500.000000 -845545.750000 793.009940 3.011637 3.104768 16.492875
 44520.000000 -843960.625000 795.200494 3.301915 3.408861 16.469543
 44540.000000 -840892.312500 798.106265 3.396239 3.606217 16.224343
 44560.000000 -845608.875000 796.028359 3.344399 3.314298 16.319689
 44580.000000 -844926.437500 795.790899 3.051688 3.781833 16.416554
 44600.000000 -845657.375000 796.082202 2.992053 3.416235 16.497540
 44620.000000 -845428.562500 793.267824 3.280924 3.571122 16.471926
 44640.000000 -843925.500000 793.635335 3.266475 3.654447 16.240176
 44660.000000 -843690.375000 794.733800 3.689429 3.183039 16.292854
 44680.000000 -845290.562500 794.225324 3.338432 3.180660 16.544034
 44700.000000 -844988.312500 793.621958 3.259472 3.225877 16.592806
 44720.000000 -845656.437500 794.138903 3.553493 3.450390 16.408023
 44740.000000 -845885.062500 793.798625 3.431656 3.517295 16.405210
 44760.000000 -844120.500000 797.402143 3.295048 3.365316 16.406799
 44780.000000 -841252.500000 800.248110 3.221806 3.337195 6.311091
 44800.000000 -840710.500000 801.877577 2.758485 3.483985 11.827548
 44820.000000 -845330.500000 794.232983 3.225224 3.405748 14.545894
 44840.000000 -844952.375000 796.235170 3.368568 3.403844 15.709742
 44860.000000 -845153.562500 792.110427 3.284805 3.393290 15.926496
 44880.000000 -846360.937500 791.701710 3.316075 3.452024 16.522032
 44900.000000 -845139.562500 794.368750 3.261013 3.205838 16.798629
 44920.000000 -845828.062500 793.935473 3.199100 3.400826 16.375990
 44940.000000 -842987.812500 795.330317 3.269894 3.465975 16.740554
 44960.000000 -842686.687500 795.400137 3.542893 3.345916 16.880749
 44980.000000 -844944.375000 792.563530 3.385160 3.398097 16.657798
 45000.000000 -845578.187500 791.046913 3.440286 3.162945 17.003790
 45020.000000 -844241.375000 795.186851 3.354200 3.363784 16.683870
 45040.000000 -844517.125000 794.099615 3.468247 3.220839 16.389608
 45060.000000 -845202.562500 791.760188 3.218347 3.098143 16.444918
 45080.000000 -844527.500000 793.412056 3.565583 3.279378 16.413545
 45100.000000 -843254.250000 793.899411 3.592599 3.344767 16.150857
 45120.000000 -843402.125000 794.389028 3.396028 3.395513 16.129635
 45140.000000 -845240.125000 793.157559 3.383540 3.715028 16.429339
 45160.000000 -843194.750000 792.929072 3.359962 3.245005 16.465453
 45180.000000 -844975.375000 793.229660 3.538559 3.530929 16.526762
 45200.000000 -844247.375000 794.278388 3.867919 3.714514 16.335386
 45220.000000 -842733.875000 797.510100 3.529358 3.445294 16.655538
 45240.000000 -845272.375000 794.388266 3.634546 3.302843 16.483508
 45260.000000 -844584.062500 793.455998 3.385748 3.457075 16.508783
 45280.000000 -843094.375000 794.630236 3.391242 3.159406 16.484683
 45300.000000 -844431.375000 796.091299 3.398322 3.338054 16.648901
 45320.000000 -843756.187500 797.615717 3.556971 3.313392 16.235969
 45340.000000 -842947.375000 794.598439 3.483909 3.576908 16.440684
 45360.000000 -843414.625000 797.019238 3.494309 3.391938 16.487787
 45380.000000 -844984.375000 795.699527 3.465178 3.491469 16.462238
 45400.000000 -844868.500000 795.766240 3.635258 3.204122 16.569999
 45420.000000 -844919.312500 792.533821 3.345483 3.300066 16.535907
 45440.000000 -845804.625000 796.064317 3.294759 3.505332 16.354913
 45460.000000 -844625.625000 796.269817 3.118908 3.662210 16.926928
 45480.000000 -844632.125000 793.351048 3.261143 3.601716 16.748864
 45500.000000 -844777.562500 795.469379 3.062444 3.197474 16.738613
 45520.000000 -844573.562500 793.647564 3.398601 3.389551 16.669050
 45540.000000 -843350.812500 795.744053 3.510858 3.359367 16.706004
 45560.000000 -844159.437500 794.507255 3.472039 3.551978 16.901430
 45580.000000 -844372.562500 794.587124 3.722488 3.269298 16.585318
 45600.000000 -845890.812500 793.733086 3.670403 3.237696 16.689476
 45620.000000 -846600.937500 793.181582 3.457931 3.225549 16.591038
 45640.000000 -843559.125000 792.711778 3.361019 3.367634 16.638889
 45660.000000 -843549.250000 796.877800 3.457198 3.215841 16.529377
 45680.000000 -845930.812500 789.667723 3.445805 3.159680 16.623218
 45700.000000 -843680.562500 792.618587 3.534719 3.369076 16.488570
 45720.000000 -845371.312500 793.886464 3.510188 3.419511 16.337148
 45740.000000 -844191.687500 792.800218 3.286630 3.213529 16.473354
 45760.000000 -845900.812500 792.743106 3.399827 3.360364 16.612447
 45780.000000 -844432.875000 795.223096 3.457461 3.118308 16.387332
 45800.000000 -844047.500000 794.683891 3.469107 3.367983 16.559509
 45820.000000 -845838.500000 794.368854 3.576439 3.604391 16.565861
 45840.000000 -845116.000000 793.242011 3.296478 3.519675 16.432994
 45860.000000 -844603.250000 796.536381 3.120573 3.524467 16.731940
 45880.000000 -842251.937500 794.522878 3.206146 3.523143 16.415797
 45900.000000 -843855.250000 793.246289 3.489241 3.202182 16.303199
 45920.000000 -843619.437500 795.139867 3.320822 3.324273 16.369435
 45940.000000 -845568.625000 794.439285 3.178773 3.243553 16.363346
 45960.000000 -844350.250000 792.496736 3.202764 3.343901 16.633598
 45980.000000 -845007.437500 793.739530 3.085743 3.622819 16.397516
 46000.000000 -844236.062500 797.438325 3.279005 3.755503 16.471950
 46020.000000 -845755.437500 791.503942 3.520756 3.337451 16.529047
 46040.000000 -843855.937500 795.138497 3.414587 3.554085 16.471705
 46060.000000 -842166.375000 796.482141 3.583301 3.343021 3.341740
 46080.000000 -840143.250000 801.224202 3.113504 4.071508 9.237713
 46100.000000 -841939.750000 800.938138 3.318548 4.007914 11.855750
 46120.000000 -842628.875000 794.369965 3.195161 3.555261 14.469677
 46140.000000 -845243.187500 792.781858 3.473315 3.608926 15.736787
 46160.000000 -843823.187500 794.262759 3.277031 3.479430 16.108810
 46180.000000 -843857.750000 792.427649 3.318943 3.523196 16.162714
 46200.000000 -844094.562500 794.105467 3.318449 3.417378 16.736709
 46220.000000 -844225.250000 795.262099 3.650060 3.180097 16.409535
 46240.000000 -845957.375000 792.602252 3.529386 3.320022 16.171617
 46260.000000 -844664.875000 794.833087 3.599985 3.507964 16.692504
 46280.000000 -845644.625000 794.479198 3.509970 3.510202 16.710707
 46300.000000 -844392.562500 795.782551 3.331145 3.436756 16.790029
 46320.000000 -845378.187500 795.099917 3.333818 3.619726 16.720048
 46340.000000 -843899.187500 793.434010 3.506640 3.567042 16.600216
 46360.000000 -844517.250000 795.710214 3.482615 3.384678 16.338036
 46380.000000 -846447.250000 791.324704 3.157954 3.576238 16.269050
 46400.000000 -845451.062500 792.665384 3.462430 3.415705 16.393989
 46420.000000 -845330.812500 797.393421 3.586829 3.796655 16.571013
 46440.000000 -843185.375000 794.007737 3.430540 3.290390 16.464267
 46460.000000 -844483.187500 792.250205 3.392115 3.269520 16.674373
 46480.000000 -844200.687500 795.085001 3.779399 3.259460 16.472412
 46500.000000 -843511.437500 796.399473 3.461785 3.546316 16.519991
 46520.000000 -843175.750000 794.188471 3.254621 3.554938 16.292826
 46540.000000 -842052.500000 795.381809 3.081203 3.271348 16.370350
 46560.000000 -843622.687500 796.849804 3.115604 3.570944 16.529133
 46580.000000 -843212.812500 794.951589 3.111554 3.633803 16.447048
 46600.000000 -844798.625000 793.149680 3.119526 3.660436 16.413621
 46620.000000 -843364.875000 793.632013 3.146098 3.621712 16.598239
 46640.000000 -843560.000000 793.035582 3.281731 3.499332 16.483651
 46660.000000 -842835.812500 794.064755 3.419288 3.100197 16.454169
 46680.000000 -842975.875000 796.574018 3.503338 3.034538 16.175735
 46700.000000 -845645.875000 795.247602 3.217345 3.181554 16.126106
 46720.000000 -844482.437500 794.774283 3.722662 3.198451 16.449587
 46740.000000 -846374.437500 791.572499 3.372787 3.299608 16.399663
 46760.000000 -843053.437500 798.372987 3.251937 3.424672 16.492496
 46780.000000 -842383.687500 793.300482 3.232559 3.514528 16.426531
 46800.000000 -844215.562500 793.970959 3.226662 3.689983 16.362926
 46820.000000 -844342.687500 793.334405 3.333933 3.248153 16.438145
 46840.000000 -843474.000000 796.197954 3.412417 3.171367 16.538548
 46860.000000 -845770.250000 792.308744 3.608804 3.117256 16.263896
 46880.000000 -843438.812500 794.608715 3.558609 3.254556 16.262417
 46900.000000 -843426.625000 794.456630 3.466220 3.219901 16.439594
 46920.000000 -845438.750000 793.238252 3.067315 3.358684 16.369182
 46940.000000 -845868.187500 794.949747 3.082174 3.370063 16.257015
 46960.000000 -845135.375000 796.053595 3.556231 3.334070 16.443285
 46980.000000 -844618.250000 794.864812 3.521361 3.411846 16.380143
 47000.000000 -846034.125000 795.875986 3.370811 3.446572 16.492994
 47020.000000 -845499.187500 794.673242 3.663663 3.407084 16.724010
 47040.000000 -845007.250000 795.845289 3.330077 3.632014 16.603560
 47060.000000 -844611.562500 793.775147 3.277695 3.529661 16.371682
 47080.000000 -843611.500000 795.605277 3.584516 3.242908 16.274679
 47100.000000 -844405.687500 794.678043 3.206224 3.468201 16.418491
 47120.000000 -844172.437500 795.094833 3.464893 3.225247 16.595683
 47140.000000 -843616.187500 797.694453 3.480447 3.231612 16.636958
 47160.000000 -843015.687500 796.142966 3.148479 3.407487 16.495129
 47180.000000 -843786.812500 793.982173 3.265069 3.276824 16.639543
 47200.000000 -844438.250000 794.819648 3.425133 3.442034 16.448358
 47220.000000 -844975.500000 793.912389 3.485323 3.489055 16.516922
 47240.000000 -843882.500000 794.955871 3.328515 3.348884 16.547981
 47260.000000 -844277.750000 791.670194 3.407430 3.333950 16.593149
 47280.000000 -843755.187500 794.955543 3.121676 3.333451 16.532195
 47300.000000 -843722.562500 795.473576 3.300070 3.273051 16.419884
 47320.000000 -843361.187500 793.689553 3.401814 3.529238 16.398193
 47340.000000 -843851.187500 795.657072 3.473316 3.158433 16.578513
 47360.000000 -844964.750000 794.627046 3.316898 3.388848 16.703330
 47380.000000 -843889.750000 792.467863 3.366758 3.620547 16.545167
 47400.000000 -844017.000000 794.102383 3.590028 3.586770 16.421409
 47420.000000 -843971.750000 793.595853 3.409104 3.231898 16.482672
 47440.000000 -846214.875000 794.708545 3.129122 3.353687 16.581682
 47460.000000 -844979.062500 795.772332 3.231055 3.673527 16.263553
 47480.000000 -843994.562500 795.238848 3.173572 3.537218 16.364935
 47500.000000 -843280.312500 795.560164 3.139853 3.665199 16.507788
 47520.000000 -843737.000000 794.126985 3.339812 3.504734 16.557350
 47540.000000 -844453.937500 792.901397 3.399500 3.573903 16.920816
 47560.000000 -843703.625000 794.703497 3.219453 3.477521 16.417578
 47580.000000 -845666.625000 794.359462 3.280294 3.457392 16.257950
 47600.000000 -843769.437500 794.809581 3.264430 3.362728 16.698328
 47620.000000 -843364.437500 794.034594 3.502335 3.365899 16.382960
 47640.000000 -844908.812500 793.584878 3.535315 3.473962 16.614267
 47660.000000 -843417.562500 794.625939 3.405972 3.246326 16.444566
 47680.000000 -845367.000000 793.469652 3.423510 3.277451 16.222686
 47700.000000 -846351.437500 793.335388 3.562572 3.369696 16.332199
 47720.000000 -844470.187500 793.243427 3.402475 3.306966 16.746538
 47740.000000 -844480.687500 791.023400 3.242947 3.059238 16.333264
 47760.000000 -843933.187500 794.411856 3.317304 3.509683 16.236813
 47780.000000 -844300.125000 793.255546 3.569153 3.353450 16.427683
 47800.000000 -843595.687500 795.618878 3.465781 3.285740 16.266005
 47820.000000 -844518.250000 796.856222 3.331346 3.406196 16.533350
 47840.000000 -844458.125000 793.531920 3.488098 3.462541 16.522781
 47860.000000 -843298.687500 793.222294 3.366076 3.183474 16.427514
 47880.000000 -843764.937500 796.824779 3.342824 3.291973 16.455728
 47900.000000 -844175.562500 793.998707 3.248143 3.354976 16.364352
 47920.000000 -843249.625000 793.791335 3.328949 3.405733 16.270293
 47940.000000 -845198.937500 795.210326 3.267340 3.357489 16.505715
 47960.000000 -843785.562500 795.931124 3.371576 3.484830 16.457077
 47980.000000 -843269.312500 793.316389 3.324063 3.460695 16.476988
 48000.000000 -843425.062500 795.696466 3.412632 3.218626 16.762634
 48020.000000 -845470.187500 793.090576 3.346559 3.367179 16.812571
 48040.000000 -841089.000000 799.572072 2.672452 3.515600 7.196516
 48060.000000 -843046.312500 801.776523 2.138126 3.190667 9.227419
 48080.000000 -841400.937500 800.366907 2.255033 3.050723 9.773874
 48100.000000 -841450.437500 802.914016 2.450879 2.908785 10.650297
 48120.000000 -843763.625000 797.056579 2.947541 3.046035 13.408446
 48140.000000 -843841.687500 794.529072 3.349435 3.280300 15.191138
 48160.000000 -843883.750000 796.371326 3.233803 3.394576 15.991016
 48180.000000 -844737.375000 793.789901 3.393873 3.474087 15.969799
 48200.000000 -845344.187500 793.175403 3.440174 3.485196 16.544208
 48220.000000 -846827.812500 791.043659 3.696511 3.311069 16.361470
 48240.000000 -842021.062500 796.064487 3.590987 3.252918 16.484445
 48260.000000 -843201.625000 795.471540 3.462854 3.491075 16.423528
 48280.000000 -845019.500000 793.605548 3.717726 3.378060 16.634899
 48300.000000 -844046.687500 796.239714 3.735018 3.462851 16.552822
 48320.000000 -843508.062500 796.044619 3.491359 3.203353 16.391415
 48340.000000 -844720.125000 794.556211 3.703697 3.425789 16.323674
 48360.000000 -845015.062500 794.724525 3.558806 3.392203 16.490313
 48380.000000 -845286.625000 793.491259 3.302515 3.363909 16.152734
 48400.000000 -844961.500000 793.696326 3.144649 3.565849 16.589854
 48420.000000 -844166.812500 796.688481 3.333513 3.549453 16.603737
 48440.000000 -844071.937500 794.583683 3.493777 3.069794 16.487093
 48460.000000 -843782.812500 796.942204 3.624940 3.231801 16.468002
 48480.000000 -844002.250000 793.415142 3.792103 3.420830 16.271490
 48500.000000 -844710.312500 795.686715 3.281894 3.459841 16.182393
 48520.000000 -846219.562500 792.628743 3.345339 3.473161 16.274101
 48540.000000 -844062.937500 793.848485 3.537051 3.301513 16.431557
 48560.000000 -844146.562500 794.549318 3.763756 3.089969 16.699312
 48580.000000 -846354.062500 794.916210 3.570564 3.198379 16.662898
 48600.000000 -843904.750000 789.153878 3.555652 3.305464 16.785038
 48620.000000 -842912.562500 795.007063 3.461266 3.417796 16.376965
 48640.000000 -844238.187500 794.288409 3.565731 3.407106 16.565016
 48660.000000 -844424.562500 796.070827 3.380591 3.491972 16.562140
 48680.000000 -843887.937500 794.578838 3.249656 3.510647 16.730595
 48700.000000 -843018.875000 796.445913 3.195861 3.424890 16.739236
 48720.000000 -843407.375000 793.363498 3.327768 3.607735 16.741990
 48740.000000 -842705.625000 795.433333 3.350665 3.440184 16.654015
 48760.000000 -843499.437500 792.710880 3.472536 3.420476 16.430028
 48780.000000 -844168.750000 795.001510 3.372088 3.370991 16.653038
 48800.000000 -844100.250000 792.590837 3.369196 3.348326 16.505049
 48820.000000 -845367.937500 792.192570 3.477991 3.460491 16.676780
 48840.000000 -843614.250000 795.859869 3.337838 3.484527 16.500024
 48860.000000 -843167.375000 795.107907 3.255351 3.545270 16.401484
 48880.000000 -844441.062500 793.816951 3.224074 3.663985 16.588503
 48900.000000 -846109.500000 792.133976 3.211155 3.397063 16.662484
 48920.000000 -844094.937500 795.839788 3.138243 3.247034 16.516369
 48940.000000 -845303.562500 794.069729 3.052501 3.248478 16.744174
 48960.000000 -845066.312500 793.023976 3.542776 3.289855 16.988641
 48980.000000 -845197.437500 793.744879 3.581559 3.268599 16.702894
 49000.000000 -844928.250000 794.745033 3.344592 3.479232 16.405694
 49020.000000 -844253.000000 794.596615 3.619831 3.510905 16.437601
 49040.000000 -842833.375000 793.943068 3.300027 3.649274 16.295172
 49060.000000 -843607.250000 797.145201 3.355039 3.378602 16.305053
 49080.000000 -843187.812500 794.096426 3.136757 3.055377 16.156418
 49100.000000 -845222.000000 793.144347 3.350682 3.083152 16.398142
 49120.000000 -843162.187500 794.276233 3.251125 3.418309 16.488973
 49140.000000 -844955.312500 792.279109 3.495880 3.297932 16.488886
 49160.000000 -842394.250000 791.876264 3.402062 3.461771 16.592133
 49180.000000 -844652.437500 795.954204 3.362518 3.402925 16.443015
 49200.000000 -842641.437500 796.847336 3.388147 3.413948 16.263579
 49220.000000 -843696.187500 795.506398 3.256997 3.223530 16.242106
 49240.000000 -844225.312500 794.516439 3.230366 3.574647 16.429807
 49260.000000 -845472.812500 793.980571 3.071241 3.395629 16.540126
 49280.000000 -844156.937500 794.715051 2.999029 3.232164 16.638602
 49300.000000 -845686.562500 792.801681 3.365695 3.049409 16.587890
 49320.000000 -843760.437500 793.485942 3.560622 3.004381 16.288263
 49340.000000 -844491.937500 794.051569 3.416786 2.990622 16.470860
 49360.000000 -844288.250000 795.048898 3.305715 3.221006 16.360856
 49380.000000 -844945.625000 796.896380 3.105921 3.182465 16.491553
 49400.000000 -844767.750000 792.825178 3.240112 3.399818 16.481620
 49420.000000 -844877.937500 791.626566 3.279198 3.534771 16.566072
 49440.000000 -847524.812500 792.353394 3.602019 3.494432 16.252613
 49460.000000 -845336.125000 793.990753 3.490080 3.464050 16.494759
 49480.000000 -843457.500000 797.561731 3.258104 3.593886 16.536125
 49500.000000 -843249.562500 795.017470 3.446359 3.457097 16.577149
 49520.000000 -845435.875000 795.913653 3.607235 3.450245 16.604506
 49540.000000 -844891.187500 794.765455 3.309982 3.247026 16.599967
 49560.000000 -843834.000000 794.451122 3.227185 3.357618 16.627924
 49580.000000 -844953.812500 795.489145 3.420357 3.574015 16.324158
 49600.000000 -844006.812500 793.912903 3.374172 3.516279 16.680243
 49620.000000 -840397.437500 802.399929 3.239016 3.333935 8.085478
 49640.000000 -843049.875000 797.081301 3.330195 3.044616 13.119298
 49660.000000 -843918.500000 796.506689 3.405166 3.080807 15.526654
 49680.000000 -846742.625000 793.603620 3.473960 3.219449 16.199213
 49700.000000 -843505.187500 794.704139 3.354847 3.298193 16.359156
 49720.000000 -843449.625000 792.392963 3.093977 3.342718 16.250201
 49740.000000 -845991.750000 792.304612 3.078485 3.467410 16.294610
 49760.000000 -844761.375000 792.643399 3.479380 3.637664 16.632127
 49780.000000 -844825.687500 792.175880 3.401789 3.711608 16.703395
 49800.000000 -844693.875000 791.160282 3.515424 3.351701 16.220469
 49820.000000 -844479.250000 793.275961 3.569019 3.374367 16.279959
 49840.000000 -843964.937500 795.466511 3.473802 3.565607 16.354431
 49860.000000 -844569.437500 794.732479 3.416347 3.528113 16.273133
 49880.000000 -844569.187500 790.130606 3.389404 3.455373 16.535722
 49900.000000 -844214.750000 795.647172 3.492629 3.456069 16.466721
 49920.000000 -843756.812500 796.143989 3.481102 3.286277 16.445388
 49940.000000 -843052.125000 795.005899 3.370785 3.184004 16.121415
 49960.000000 -844178.812500 796.900230 3.264239 3.468100 16.355977
 49980.000000 -843297.125000 793.527878 3.177129 3.370537 16.356665
 50000.000000 -843963.875000 793.690892 3.251198 3.496003 16.558264
 50020.000000 -843007.250000 795.733927 3.517442 3.565677 16.566087
 50040.000000 -842889.500000 793.003780 3.108228 3.360879 16.619319
 50060.000000 -844809.000000 792.393529 3.315381 3.457660 16.499152
 50080.000000 -844488.875000 797.199712 3.529862 3.391199 16.526720
 50100.000000 -846065.312500 791.100181 3.339892 3.295062 16.408561
 50120.000000 -844698.812500 797.206919 3.209581 3.350131 16.205196
 50140.000000 -843060.750000 793.762998 3.085535 3.419270 16.412585
 50160.000000 -844380.187500 794.523536 3.468997 3.353363 16.394110
 50180.000000 -843440.625000 793.594457 3.499367 3.270590 16.376612
 50200.000000 -845141.937500 794.985743 3.555825 3.307458 16.570916
 50220.000000 -844763.875000 792.449914 3.383393 3.233231 16.399729
 50240.000000 -845183.687500 792.585058 3.507492 3.282036 16.562609
 50260.000000 -843049.562500 795.270712 3.538511 3.104638 16.533712
 50280.000000 -845355.937500 796.123400 3.336608 3.249917 16.313936
 50300.000000 -843036.562500 795.240302 3.405621 3.537759 16.414443
 50320.000000 -844213.500000 795.633654 3.310272 3.186321 16.383290
 50340.000000 -844705.937500 796.239533 3.272344 3.392490 16.512747
 50360.000000 -843673.937500 794.571107 3.594455 3.192014 16.479783
 50380.000000 -845509.312500 794.801195 3.471747 3.335051 16.543885
 50400.000000 -842764.812500 794.906397 3.666442 3.452439 16.376871
 50420.000000 -843728.250000 793.778803 3.484786 3.663372 16.464180
 50440.000000 -843633.812500 795.069237 3.386451 3.365456 16.388602
 50460.000000 -843338.562500 794.816824 3.310545 3.245530 16.224153
 50480.000000 -842820.125000 794.633718 3.352592 3.558307 16.625381
 50500.000000 -842827.500000 794.736805 3.459636 3.481914 16.453895
 50520.000000 -845199.187500 793.452319 3.276954 3.410517 16.544491
 50540.000000 -845620.375000 792.889308 3.332412 3.382094 16.258189
 50560.000000 -844431.500000 795.229159 3.300876 3.246232 16.752623
 50580.000000 -841069.187500 799.230051 3.218835 3.704511 6.567717
 50600.000000 -841220.437500 800.715688 3.248691 3.234961 10.433222
 50620.000000 -842651.687500 798.724207 2.981091 3.341095 13.131785
 50640.000000 -841518.875000 795.487477 3.171411 3.089919 15.174958
 50660.000000 -844370.250000 795.072127 3.473521 3.500994 15.992522
 50680.000000 -843325.187500 795.643777 3.265030 3.654032 16.349149
 50700.000000 -844988.812500 795.437610 3.310494 3.803498 16.518380
 50720.000000 -844688.062500 791.676229 3.328294 3.609036 16.739702
 50740.000000 -845824.250000 793.735568 3.547514 3.440054 16.412072
 50760.000000 -844299.000000 793.706873 3.409331 3.192032 16.661116
 50780.000000 -842818.062500 794.974970 3.218307 3.297646 16.469635
 50800.000000 -844084.062500 794.082817 3.410184 3.475845 16.599737
 50820.000000 -843317.937500 793.101770 3.321714 3.493458 16.425169
 50840.000000 -844963.187500 793.452878 3.502017 3.222782 16.293212
 50860.000000 -843885.687500 795.168475 3.386226 3.321530 16.458589
 50880.000000 -842726.250000 795.591767 3.296411 3.241175 16.453880
 50900.000000 -845417.875000 792.401137 3.551858 3.299799 16.445384
 50920.000000 -844553.062500 795.308551 3.306295 3.479403 16.510786
 50940.000000 -844805.500000 792.587684 3.450222 3.313060 16.276957
 50960.000000 -843682.750000 792.503352 3.295656 3.277014 16.295381
 50980.000000 -843939.312500 795.143817 3.534674 3.417140 16.658677
 51000.000000 -844488.812500 796.122569 3.531099 3.184634 16.550122
 51020.000000 -844614.750000 794.867083 3.663846 3.395246 16.522012
 51040.000000 -845545.500000 794.669141 3.567055 3.192528 16.471009
 51060.000000 -843449.562500 794.337223 3.375852 3.282517 16.523814
 51080.000000 -845218.625000 791.549135 3.271411 3.275710 16.098411
 51100.000000 -844883.375000 792.525703 3.560083 3.505608 16.562467
 51120.000000 -842329.562500 795.555699 3.463759 3.364082 16.586195
 51140.000000 -844431.812500 792.432785 3.535627 3.382913 16.742325
 51160.000000 -845008.562500 794.048657 3.563326 3.491110 16.329922
 51180.000000 -846505.812500 792.530042 3.226184 3.608806 16.577249
 51200.000000 -845136.687500 793.074961 3.330450 3.243517 16.459801
 51220.000000 -847351.187500 793.425253 3.357806 3.219115 16.615581
 51240.000000 -844653.562500 793.653175 3.561336 3.111013 16.500996
 51260.000000 -845735.437500 795.023367 3.415615 3.071575 16.482409
 51280.000000 -844746.437500 792.695217 3.153145 3.603667 16.379628
 51300.000000 -845655.062500 793.970302 3.562715 3.627088 16.326177
 51320.000000 -844133.625000 795.821266 3.578628 3.325575 16.475138
 51340.000000 -844603.250000 793.997651 3.509200 3.083545 16.426893
 51360.000000 -845878.562500 793.807969 3.578393 3.394416 16.502256
 51380.000000 -845636.750000 794.347762 3.705311 3.435504 16.571301
 51400.000000 -844581.500000 796.714189 3.697048 3.367003 16.597682
 51420.000000 -842751.125000 793.913050 3.490321 3.459225 16.499631
 51440.000000 -845007.062500 795.335838 3.426178 3.258337 16.264851
 51460.000000 -845043.312500 791.620364 3.292738 3.242689 16.700346
 51480.000000 -845544.625000 793.241437 3.211991 3.547679 16.354991
 51500.000000 -844413.812500 792.307089 3.405701 3.538289 16.371982
 51520.000000 -845630.875000 791.869670 3.367395 3.494485 16.508153
 51540.000000 -846349.750000 791.267243 3.307352 3.166368 16.537605
 51560.000000 -845253.000000 792.672154 3.229252 3.289624 16.336450
 51580.000000 -843031.000000 796.244900 3.172217 3.479604 16.476091
 51600.000000 -844723.187500 793.104752 3.353730 3.540261 16.554974
 51620.000000 -844782.625000 796.543371 3.102420 3.311846 16.605312
 51640.000000 -844833.062500 792.450428 3.454086 3.521810 16.662213
 51660.000000 -845554.875000 795.401195 3.368343 3.245621 16.634148
 51680.000000 -845253.937500 796.372908 3.425440 3.201177 16.459628
 51700.000000 -844601.500000 793.518686 3.336088 3.439343 16.260336
 51720.000000 -845367.937500 795.548500 3.418265 3.512603 16.013826
 51740.000000 -843726.875000 795.315855 3.569151 3.693481 16.545028
 51760.000000 -844935.875000 794.944839 3.412186 3.509179 16.629807
 51780.000000 -845337.375000 793.227152 3.650695 3.473358 16.309616
 51800.000000 -844186.312500 795.666890 3.318421 3.295793 16.637701
 51820.000000 -844668.625000 794.008776 3.443197 3.545166 16.563345
 51840.000000 -844233.625000 795.629608 3.380090 3.408298 16.510331
 51860.000000 -844367.500000 797.603898 3.155126 3.774797 16.689274
 51880.000000 -843672.500000 793.310010 3.569210 3.696473 16.754968
 51900.000000 -843227.937500 793.758325 3.383965 3.448762 16.523501
 51920.000000 -844666.125000 795.820520 3.376378 3.005999 3.117827
 51940.000000 -841491.750000 801.309299 4.031532 3.678167 9.975371
 51960.000000 -842926.250000 798.041827 3.879000 3.594888 11.579025
 51980.000000 -842937.062500 798.458538 3.759322 3.728021 12.630009
 52000.000000 -845242.250000 795.978570 3.299741 3.596723 14.983174
 52020.000000 -844824.125000 796.243197 3.263318 3.291584 15.785887
 52040.000000 -845496.250000 793.126688 3.472606 3.326537 16.285698
 52060.000000 -845340.562500 793.315459 3.285981 3.307649 16.340366
 52080.000000 -843677.812500 794.442095 3.458353 3.265745 16.499073
 52100.000000 -843243.937500 793.691991 3.528281 3.286104 16.569572
 52120.000000 -844437.875000 790.825843 3.357904 3.422409 16.578247
 52140.000000 -845262.625000 793.474672 3.022966 3.345435 16.610572
 52160.000000 -844238.250000 793.644826 3.341212 3.496979 16.797119
 52180.000000 -845214.250000 793.159337 3.223090 3.218246 16.613394
 52200.000000 -847046.375000 793.059034 3.184883 3.539332 16.534325
 52220.000000 -845809.437500 794.816028 3.158500 3.637198 16.620555
 52240.000000 -841863.625000 796.965373 3.337967 3.200851 16.276873
 52260.000000 -846313.187500 793.174384 3.475766 3.355034 16.354889
 52280.000000 -844264.187500 792.462504 3.571124 3.526739 16.444633
 52300.000000 -843889.375000 794.026043 3.833755 3.423311 16.439111
 52320.000000 -843776.875000 795.116346 3.501239 3.251101 16.474424
 52340.000000 -845447.937500 792.062262 3.474613 3.270537 16.346543
 52360.000000 -843626.437500 794.637734 3.228386 3.381071 16.432852
 52380.000000 -844225.625000 791.508519 3.171421 3.584764 16.393776
 52400.000000 -845992.125000 792.057616 3.431984 3.205763 16.588002
 52420.000000 -844533.062500 794.967862 3.613115 3.223673 16.532140
 52440.000000 -844486.375000 795.561866 3.142286 3.130202 16.362746
 52460.000000 -844377.937500 793.461520 3.301862 3.254662 16.323838
 52480.000000 -844022.687500 794.881740 3.417872 3.189703 16.400049
 52500.000000 -845068.500000 793.680738 3.585323 3.417346 16.377640
 52520.000000 -846476.125000 792.907065 3.474956 3.240844 16.228995
 52540.000000 -845220.500000 792.690383 3.599418 3.344922 16.369419
 52560.000000 -844427.750000 795.058800 3.628491 3.544010 16.423597
 52580.000000 -843633.875000 793.994176 3.435624 3.342730 16.295403
 52600.000000 -844081.437500 794.531337 3.728533 3.206321 16.440233
 52620.000000 -844101.687500 793.903965 3.488630 3.234086 16.464815
 52640.000000 -843856.875000 798.172123 3.551597 3.249483 16.579701
 52660.000000 -844441.875000 793.707191 3.265554 3.307583 16.578338
 52680.000000 -843987.000000 795.188820 3.176198 3.238791 16.544380
 52700.000000 -843871.312500 793.854975 3.450409 3.337610 16.469263
 52720.000000 -843338.812500 795.998163 3.370503 3.365365 16.433524
 52740.000000 -844837.687500 792.541245 3.302595 3.380696 16.424613
 52760.000000 -843212.250000 792.651966 3.243421 3.473961 16.196264
 52780.000000 -845219.750000 793.019877 3.203318 3.492408 16.543825
 52800.000000 -843599.437500 794.857266 3.466335 3.633618 16.481848
 52820.000000 -843473.375000 795.727138 3.383710 3.494940 16.320770
 52840.000000 -843874.687500 794.547469 3.373706 3.476823 16.390061
 52860.000000 -844658.437500 794.479005 3.350237 3.564217 16.763586
 52880.000000 -843042.625000 794.183274 3.282165 3.585338 16.834329
 52900.000000 -843795.125000 795.346428 3.445941 3.418617 16.646694
 52920.000000 -844640.687500 793.375157 3.532116 3.454866 16.511780
 52940.000000 -844972.937500 795.189968 3.470997 3.308496 16.392393
 52960.000000 -844898.250000 795.118616 3.560776 3.546247 16.350835
 52980.000000 -845240.250000 792.978722 3.217616 3.709968 16.291867
 53000.000000 -843613.250000 795.290068 3.389008 3.336407 16.417884
 53020.000000 -844928.125000 792.541417 3.288987 3.633147 16.305349
 53040.000000 -845350.312500 795.532889 3.230742 3.517611 16.546395
 53060.000000 -844599.562500 793.298878 3.226494 3.563007 16.364515
 53080.000000 -844081.375000 794.746239 3.508954 3.387177 16.581958
 53100.000000 -845438.750000 793.380454 3.331612 3.530945 16.529381
 53120.000000 -842816.500000 795.769664 3.533339 3.634356 16.627062
 53140.000000 -845753.625000 792.929473 3.311549 3.564377 16.270935
 53160.000000 -843819.125000 794.776934 3.058718 3.482164 16.590223
 53180.000000 -845029.250000 793.392211 3.195230 3.212403 16.435478
 53200.000000 -841332.187500 797.620073 3.420439 3.339215 16.359037
 53220.000000 -841388.375000 796.413516 3.428345 3.309594 16.422610
 53240.000000 -842599.875000 796.413557 3.496619 3.438797 16.650849
 53260.000000 -843514.312500 794.386359 3.561787 3.381661 16.500846
 53280.000000 -845793.562500 790.723136 3.237777 3.295703 16.413083
 53300.000000 -842430.250000 794.099984 3.180499 3.091252 16.198848
 53320.000000 -844420.937500 793.908262 3.526323 3.120790 16.314561
 53340.000000 -844252.312500 792.692984 3.349136 3.317645 16.306163
 53360.000000 -843718.812500 793.760139 3.245789 3.347804 16.504453
 53380.000000 -844459.625000 795.606155 3.618292 3.537926 16.540848
 53400.000000 -846228.125000 791.184545 3.535847 3.571455 16.375941
 53420.000000 -844805.500000 791.836253 3.506992 3.481033 16.214883
 53440.000000 -842868.062500 795.307068 3.373796 3.456730 16.447888
 53460.000000 -842885.937500 795.859068 3.372010 3.276647 16.627726
 53480.000000 -844600.625000 793.247266 3.382498 3.295888 16.500142
 53500.000000 -844016.000000 793.693785 3.311045 3.616532 16.587766
 53520.000000 -846924.062500 793.089451 3.135849 3.475838 16.327363
 53540.000000 -844147.500000 793.384793 3.152563 3.062073 16.412482
 53560.000000 -843399.312500 793.138517 3.319887 3.615690 16.370118
 53580.000000 -844192.062500 795.305617 3.322763 3.299356 16.622823
 53600.000000 -845399.437500 792.558853 3.550038 3.560843 16.240789
 53620.000000 -844063.500000 792.811868 3.409609 3.186554 16.275131
 53640.000000 -844863.187500 791.823790 3.610093 3.246391 16.461334
 53660.000000 -842755.375000 791.180391 3.455059 3.357091 16.594235
 53680.000000 -842475.375000 792.381254 3.463845 3.553203 16.531735
 53700.000000 -844188.312500 794.359230 3.236878 3.588747 16.508380
 53720.000000 -845738.125000 794.240325 3.304630 3.407782 16.596994
 53740.000000 -842814.937500 795.311604 3.335444 3.321614 16.341233
 53760.000000 -844543.187500 795.094325 3.237024 3.294692 16.600417
 53780.000000 -844577.875000 791.743661 3.205815 3.195159 16.510217
 53800.000000 -845845.312500 790.745539 3.233506 3.664140 16.496758
 53820.000000 -845255.187500 796.467387 3.349144 3.763013 16.629643
 53840.000000 -842941.125000 793.878985 3.502448 3.886164 16.452685
 53860.000000 -843652.375000 795.220658 3.422614 3.702903 16.647623
 53880.000000 -845025.875000 795.100928 3.431401 3.550128 16.772240
 53900.000000 -843682.687500 795.166540 3.433671 3.424321 16.619813
 53920.000000 -843790.500000 795.219645 3.634021 3.210157 16.427565
 53940.000000 -842617.437500 794.789176 3.638021 3.257227 16.425527
 53960.000000 -845362.437500 793.774656 3.404667 3.189863 16.528271
 53980.000000 -843177.812500 796.135588 3.486048 3.091720 16.781336
 54000.000000 -844207.125000 791.274463 3.162001 3.083628 16.365800
 54020.000000 -844226.250000 793.362066 3.396021 3.506709 16.383727
 54040.000000 -842817.250000 796.539512 3.290300 3.500969 16.532182
 54060.000000 -844320.562500 795.654885 3.362797 3.487766 16.361240
 54080.000000 -843973.625000 795.072890 3.515502 3.476466 16.734630
 54100.000000 -845274.312500 794.803122 3.279460 3.546991 16.522106
 54120.000000 -845078.000000 793.630359 3.390741 3.251629 16.329025
 54140.000000 -844475.000000 794.000914 3.463105 3.501987 16.391724
 54160.000000 -843131.187500 794.983654 3.233793 3.543764 16.488567
 54180.000000 -842540.812500 796.156759 3.228739 3.306001 16.449600
 54200.000000 -843496.937500 793.512961 3.300272 3.246566 16.587917
 54220.000000 -847345.062500 793.157262 3.636446 3.462680 16.528544
 54240.000000 -845661.250000 793.165795 3.401719 3.290275 16.330316
 54260.000000 -847199.500000 793.493654 3.211341 2.981539 16.395208
 54280.000000 -846536.750000 793.088042 3.269437 3.108253 16.161516
 54300.000000 -843927.500000 794.202515 3.429262 3.291350 16.809079
 54320.000000 -846336.625000 795.172231 3.310208 3.454456 16.569733
 54340.000000 -842405.562500 796.322357 3.424109 3.782420 16.645888
 54360.000000 -844147.500000 793.316844 3.683542 3.477381 16.728743
 54380.000000 -843658.250000 792.701285 3.274118 3.387806 16.766565
 54400.000000 -844555.250000 793.602653 3.498437 3.251252 16.440627
 54420.000000 -843920.875000 795.435713 3.469423 3.320545 16.689759
 54440.000000 -843265.812500 795.122670 3.190253 3.588218 16.758312
 54460.000000 -843600.875000 795.724802 3.357339 3.628892 16.752243
 54480.000000 -843856.062500 797.512307 3.273564 3.676260 16.485974
 54500.000000 -842121.125000 796.280664 3.388839 3.452119 16.487096
 54520.000000 -844748.687500 791.971811 3.364339 3.520800 16.390828
 54540.000000 -842816.125000 796.183141 3.503035 3.615281 16.646614
 54560.000000 -843747.062500 795.159361 3.391309 3.414776 16.573162
 54580.000000 -844823.937500 794.936862 3.387710 3.561831 16.356107
 54600.000000 -846744.500000 792.453250 3.360144 3.294499 16.450122
 54620.000000 -846691.062500 792.709389 3.510687 3.339477 16.272646
 54640.000000 -845542.937500 795.165790 3.533697 3.536651 16.232459
 54660.000000 -843515.062500 795.167799 3.454641 3.674247 16.363178
 54680.000000 -844982.625000 792.892682 3.477815 3.554026 16.346888
 54700.000000 -844173.125000 794.471999 3.373844 3.620465 16.331516
 54720.000000 -847056.312500 793.582155 3.427388 3.469471 16.290817
 54740.000000 -846348.125000 793.309765 3.296329 3.148718 16.519196
 54760.000000 -844569.562500 797.144310 3.354377 3.347478 16.535083
 54780.000000 -846466.562500 792.228912 3.341936 3.502584 16.547548
 54800.000000 -844814.437500 794.428333 3.094708 3.516160 16.515728
 54820.000000 -843819.625000 793.302842 3.328381 3.520429 16.361609
 54840.000000 -844343.875000 794.741256 3.379226 3.392884 16.520039
 54860.000000 -844928.187500 793.688121 3.313497 3.500065 16.612758
 54880.000000 -841500.125000 800.161460 4.113519 2.965148 7.058715
 54900.000000 -843877.375000 798.477418 3.718573 2.339854 10.584143
 54920.000000 -843758.625000 800.470554 3.465385 2.989653 12.062820
 54940.000000 -844156.062500 795.986806 3.515159 3.319057 14.223131
 54960.000000 -844655.937500 792.915794 3.237016 3.366552 15.764658
 54980.000000 -844849.125000 794.239560 3.342373 3.642786 16.056082
 55000.000000 -843256.937500 793.438090 3.663907 3.385383 16.356166
 55020.000000 -844236.375000 793.663517 3.360043 3.490243 16.310769
 55040.000000 -845538.500000 791.909411 3.393356 3.523701 16.330893
 55060.000000 -846080.000000 791.938624 3.416300 3.290926 16.617388
 55080.000000 -844599.375000 794.674551 3.538489 3.009592 16.424186
 55100.000000 -845578.312500 791.733655 3.134654 3.417067 16.759719
 55120.000000 -843695.125000 794.214648 3.354849 3.515191 16.662898
 55140.000000 -845103.062500 793.100579 3.662288 3.303485 16.696172
 55160.000000 -844781.937500 795.565387 3.592236 3.360732 16.787919
 55180.000000 -844954.750000 795.168501 3.555261 3.726949 16.411146
 55200.000000 -845105.312500 795.799021 3.371328 3.742838 16.223618
 55220.000000 -846663.500000 792.574543 3.467011 3.393044 16.145437
 55240.000000 -843848.375000 794.132827 3.607595 3.306942 16.740645
 55260.000000 -845036.562500 795.333344 3.627701 3.620941 16.479174
 55280.000000 -844550.875000 797.741446 3.847080 3.332332 16.340935
 55300.000000 -844009.000000 796.723737 3.582521 3.036806 16.244249
 55320.000000 -844984.625000 795.679112 3.687110 3.372966 16.608807
 55340.000000 -844431.125000 795.480577 3.528456 3.159237 16.480020
 55360.000000 -843635.250000 794.889219 3.192997 3.433299 16.703018
 55380.000000 -845351.500000 793.103841 3.386265 3.723357 16.661394
 55400.000000 -844365.187500 793.573394 3.602376 3.586253 16.275275
 55420.000000 -843565.125000 796.370964 3.263676 3.444727 16.371508
 55440.000000 -845137.500000 790.842684 3.010864 3.597383 16.412657
 55460.000000 -843756.000000 793.911879 3.341257 3.770565 16.539583
 55480.000000 -845803.875000 794.819099 3.462981 3.573996 16.573732
 55500.000000 -843263.437500 794.774835 3.568680 3.216806 16.481820
 55520.000000 -845166.125000 793.163086 3.477745 3.367220 16.533640
 55540.000000 -843278.125000 793.024462 3.335875 3.433882 16.639650
 55560.000000 -844421.437500 794.759744 3.337954 3.479325 16.641996
 55580.000000 -844258.875000 795.141719 3.317656 3.276549 16.826772
 55600.000000 -847316.500000 792.733630 3.318775 3.168226 16.697353
 55620.000000 -845589.250000 793.814253 3.291644 3.423345 16.746640
 55640.000000 -844963.625000 792.375097 3.299954 3.560709 16.617003
 55660.000000 -845606.062500 792.664136 3.411104 3.580942 16.508284
 55680.000000 -844544.937500 792.838398 3.367610 3.346500 16.503468
 55700.000000 -845895.562500 791.155074 3.348662 3.349937 16.615658
 55720.000000 -844265.000000 795.180939 3.422005 3.247946 16.618976
 55740.000000 -844005.062500 797.575327 3.620210 3.571701 16.391661
 55760.000000 -844395.000000 795.038516 3.518333 3.157240 16.348785
 55780.000000 -842467.812500 798.076308 3.505007 3.355049 16.314586
 55800.000000 -842524.375000 795.826188 3.453971 3.624939 16.512153
 55820.000000 -843259.875000 794.834744 3.430467 3.474978 16.671797
 55840.000000 -844721.125000 793.847562 3.435003 3.593759 16.467465
 55860.000000 -844168.937500 794.424785 3.650840 3.321380 16.331467
 55880.000000 -844511.875000 794.044470 3.377956 2.951505 16.395198
 55900.000000 -843728.375000 795.959058 3.421950 3.309777 16.564276
 55920.000000 -844087.812500 795.797899 3.392107 3.261386 16.516005
 55940.000000 -843069.250000 794.311958 3.225335 3.515521 16.687767
 55960.000000 -844971.687500 793.053715 3.323658 3.367919 16.392371
 55980.000000 -846073.750000 794.678312 3.627177 3.164743 16.404196
 56000.000000 -845490.312500 793.776713 3.604423 3.533897 16.544509
 56020.000000 -845508.187500 792.252646 3.654530 3.472078 16.437478
 56040.000000 -844377.750000 794.643772 3.521417 3.548013 16.281439
 56060.000000 -844295.562500 795.241122 3.275482 3.230731 16.321019
 56080.000000 -845315.062500 793.846443 3.209470 3.391361 16.480976
 56100.000000 -844211.500000 792.509240 3.569713 3.486443 16.650357
 56120.000000 -845992.000000 792.378489 3.242989 3.279428 16.766999
 56140.000000 -844806.875000 792.922367 3.275635 3.463257 16.663512
 56160.000000 -843990.562500 793.152537 3.430033 3.559275 16.734587
 56180.000000 -845030.687500 793.672045 3.292078 3.645979 16.537132
 56200.000000 -845957.875000 790.842859 3.475815 3.309861 16.459585
 56220.000000 -843491.500000 793.583898 3.524369 3.489348 16.589455
 56240.000000 -844029.125000 795.015068 3.436895 3.488278 16.594246
 56260.000000 -845655.875000 791.944184 3.438104 3.286312 16.421662
 56280.000000 -844091.062500 793.702233 3.529378 3.232085 16.806827
 56300.000000 -845398.250000 791.567409 3.528815 3.190860 16.689070
 56320.000000 -845137.875000 792.033098 3.618681 3.447108 16.535483
 56340.000000 -844640.062500 792.517695 3.524897 3.456010 16.534647
 56360.000000 -843827.000000 792.502717 3.246214 3.310224 16.567680
 56380.000000 -844543.812500 794.608708 3.613228 3.498329 16.414233
 56400.000000 -844858.000000 794.111229 3.656328 3.577547 16.209940
 56420.000000 -845971.125000 792.694344 3.699364 3.318031 16.276596
 56440.000000 -845304.062500 792.778001 3.373640 3.544449 16.173906
 56460.000000 -845644.750000 792.558638 3.254874 3.535262 16.148720
 56480.000000 -843425.750000 794.154011 3.013506 3.679220 16.561859
 56500.000000 -846858.000000 792.274467 3.318590 3.449552 16.527789
 56520.000000 -845924.875000 791.214122 2.966070 3.394459 16.491710
 56540.000000 -844985.625000 791.464240 3.348011 3.447443 16.519217
 56560.000000 -845600.875000 791.734896 3.282980 3.432092 16.400286
 56580.000000 -844208.750000 792.058990 3.500597 3.259267 16.464228
 56600.000000 -844921.187500 793.586875 3.380833 3.095060 16.613069
 56620.000000 -846678.875000 793.400070 3.307531 3.249235 16.519161
 56640.000000 -844612.812500 793.365982 3.621124 3.470157 16.474538
 56660.000000 -842041.937500 795.434211 3.367178 3.375721 16.628210
 56680.000000 -845534.562500 790.577978 3.409141 3.572015 16.460552
 56700.000000 -843938.687500 795.473368 3.592202 3.502583 16.718593
 56720.000000 -843595.250000 795.707272 3.598484 3.661035 16.635775
 56740.000000 -844773.125000 792.447785 3.527441 3.475389 16.429907
 56760.000000 -843883.062500 793.970987 3.308904 3.419402 16.479807
 56780.000000 -843955.875000 794.900759 3.473290 3.475698 16.332099
 56800.000000 -843910.500000 794.351906 3.437189 3.243501 16.231912
 56820.000000 -844031.250000 794.828588 3.412271 3.395860 16.269256
 56840.000000 -844703.687500 794.179329 3.451121 3.261796 16.405963
 56860.000000 -845063.312500 792.727165 3.552298 3.261462 16.323192
 56880.000000 -844042.000000 794.829359 3.445194 3.388326 16.488659
 56900.000000 -845460.000000 795.913158 3.774633 3.433296 16.725886
 56920.000000 -844990.812500 793.695250 3.371346 3.141664 16.577795
 56940.000000 -844007.312500 794.728688 3.228234 3.493018 16.377811
 56960.000000 -844297.750000 791.850137 3.342191 3.437860 16.438886
 56980.000000 -843856.500000 792.273618 3.259880 3.860953 16.539687
 57000.000000 -845750.875000 792.159511 3.494445 3.598806 16.669334
 57020.000000 -845252.375000 794.997036 3.269575 3.716342 16.511928
 57040.000000 -845349.375000 791.566316 3.187628 3.507714 16.806694
 57060.000000 -844491.187500 791.140246 3.404829 3.457814 16.811440
 57080.000000 -845073.750000 796.131246 3.160378 3.545617 16.807190
 57100.000000 -843687.062500 793.943028 3.325368 3.547745 16.670953
 57120.000000 -845165.312500 794.741967 3.538323 3.526271 16.727958
 57140.000000 -844538.062500 793.401669 3.139313 3.535900 16.453786
 57160.000000 -843087.250000 794.639327 3.103407 3.416309 16.485198
 57180.000000 -843617.750000 794.404181 3.281990 3.199032 16.527009
 57200.000000 -843766.187500 794.839426 3.257424 3.222970 16.462946
 57220.000000 -844084.437500 796.452273 3.249920 3.323197 16.728284
 57240.000000 -846099.500000 793.227044 3.562629 3.210745 16.553051
 57260.000000 -843683.187500 793.427305 3.352199 3.414813 16.720111
 57280.000000 -845300.250000 792.770375 3.453141 3.524911 16.704122
 57300.000000 -845080.187500 791.261837 3.440363 3.636147 16.644376
 57320.000000 -846859.062500 793.618871 3.363319 3.837224 16.348270
 57340.000000 -843292.437500 794.012435 3.792900 3.667420 16.450667
 57360.000000 -845379.375000 793.787073 3.454552 3.756569 16.168474
 57380.000000 -844633.812500 794.421875 3.275679 3.661186 16.617508
 57400.000000 -845150.750000 794.342539 3.703369 3.768047 16.408890
 57420.000000 -845545.062500 792.400846 3.541341 3.602732 16.439463
 57440.000000 -843474.437500 796.275800 3.487905 3.595240 16.689128
 57460.000000 -842453.875000 795.081898 3.632456 3.457926 16.446001
 57480.000000 -845322.875000 794.132913 3.605835 3.372136 16.453953
 57500.000000 -843979.875000 794.026920 3.267075 3.335944 16.550609
 57520.000000 -843058.125000 795.960474 3.619510 3.507457 16.660294
 57540.000000 -844653.750000 794.933425 3.486666 3.378816 16.390610
 57560.000000 -846544.437500 791.461085 3.608421 3.553956 16.413235
 57580.000000 -846429.625000 794.032233 3.318358 3.569563 16.570474
 57600.000000 -842558.000000 796.313079 2.984521 3.276792 16.511029
 57620.000000 -843521.375000 793.195516 3.451686 3.144433 16.495572
 57640.000000 -844550.687500 791.300864 3.529995 3.299817 16.626028
 57660.000000 -844506.500000 794.833619 3.481034 3.372928 16.837368
 57680.000000 -846100.750000 792.056933 3.650078 3.525114 16.684896
 57700.000000 -845024.875000 794.631644 3.775853 3.636589 16.624978
 57720.000000 -844512.750000 793.107852 3.510073 3.270077 16.644389
 57740.000000 -845274.375000 794.522357 3.684875 3.435724 16.576781
 57760.000000 -845130.687500 794.652833 3.995004 3.413409 16.398772
 57780.000000 -845549.875000 793.690704 3.598041 3.525669 16.381846
 57800.000000 -844829.250000 794.283103 3.481428 3.660942 16.447733
 57820.000000 -845356.875000 793.150400 3.356688 3.672524 16.458755
 57840.000000 -846053.000000 793.512294 3.248308 3.406291 16.834875
 57860.000000 -843562.937500 793.805701 3.520474 3.373294 16.704773
 57880.000000 -844068.437500 793.240171 3.237340 3.505186 16.369412
 57900.000000 -845938.500000 792.635652 3.365890 3.407764 16.495081
 57920.000000 -845505.562500 793.505940 3.224306 3.727248 16.408542
 57940.000000 -844107.000000 795.624257 3.527794 3.743655 16.478503
 57960.000000 -844084.312500 795.346678 3.534662 3.638078 16.208187
 57980.000000 -845255.562500 792.430533 3.399495 3.383423 16.488217
 58000.000000 -843342.250000 796.820182 3.515467 3.406102 16.460304
 58020.000000 -845573.562500 791.843618 3.411704 3.765958 16.638690
 58040.000000 -846035.750000 793.058841 3.092966 3.396255 16.433966
 58060.000000 -845370.687500 792.563114 3.257362 3.582004 16.472502
 58080.000000 -844753.000000 797.991604 3.364342 3.350921 16.718039
 58100.000000 -844637.562500 794.181267 3.251611 3.144574 16.815326
 58120.000000 -845417.500000 793.781429 3.191002 3.081432 16.491983
 58140.000000 -845174.875000 793.068258 3.458012 3.400835 16.648362
 58160.000000 -843468.687500 793.866131 3.505494 3.295503 16.694177
 58180.000000 -845831.000000 794.778509 3.516041 3.418197 16.418562
 58200.000000 -843954.750000 794.233447 3.437758 3.612905 16.243109
 58220.000000 -843842.562500 795.063026 3.763511 3.434680 16.374734
 58240.000000 -843480.812500 794.726544 3.484248 3.258573 16.365045
 58260.000000 -843438.937500 794.392323 3.397096 3.242287 16.672041
 58280.000000 -846117.125000 794.028634 3.394420 3.312356 16.547695
 58300.000000 -845792.125000 794.522139 3.527728 3.282657 16.627885
 58320.000000 -845418.687500 793.729014 3.184628 3.118205 16.513841
 58340.000000 -845435.250000 795.672375 3.706743 3.269920 16.492660
 58360.000000 -845370.437500 793.761898 3.629684 3.701828 16.323791
 58380.000000 -843461.937500 796.172528 3.237864 3.595317 16.703236
 58400.000000 -843823.187500 795.475097 3.233241 3.322379 16.672925
 58420.000000 -843152.625000 796.560486 3.409961 3.258818 16.561068
 58440.000000 -846272.375000 793.070587 3.445512 3.421499 16.739670
 58460.000000 -844405.187500 796.009404 3.391872 3.662383 16.914449
 58480.000000 -843148.250000 795.054135 3.143526 3.718690 16.700375
 58500.000000 -844091.562500 793.175884 3.294714 3.508412 16.323341
 58520.000000 -844338.500000 794.245136 3.401170 3.627796 16.414153
 58540.000000 -844581.500000 794.805619 3.414131 3.323745 16.213342
 58560.000000 -845568.875000 794.611240 3.453757 3.227714 16.202722
 58580.000000 -843779.312500 795.400273 3.506408 3.400710 16.384840
 58600.000000 -844457.000000 794.653159 3.362403 3.727793 16.263247
 58620.000000 -841592.937500 796.094556 3.221394 3.116962 16.389617
 58640.000000 -845336.562500 796.171625 3.297506 3.362704 16.291929
 58660.000000 -843289.250000 794.254826 3.306472 3.220874 16.266528
 58680.000000 -843409.625000 794.186737 3.430194 3.318967 16.459613
 58700.000000 -843272.312500 794.984979 3.185954 3.250026 16.455329
 58720.000000 -844490.687500 795.235608 3.141546 3.480149 16.546977
 58740.000000 -843639.062500 793.835444 3.168833 3.325068 16.557008
 58760.000000 -845340.375000 792.518177 3.426874 3.355422 16.584314
 58780.000000 -844466.250000 792.491143 3.488627 3.275097 16.635729
 58800.000000 -844250.500000 796.075392 3.305083 3.459700 16.303045
 58820.000000 -845871.250000 794.494679 3.284977 3.341215 16.361570
 58840.000000 -841795.625000 794.793874 3.279979 3.401712 16.604040
 58860.000000 -843747.875000 793.779078 3.413818 3.629508 16.719670
 58880.000000 -843660.125000 794.137019 3.452215 3.374996 16.703090
 58900.000000 -844412.000000 793.110437 3.369351 3.307036 16.507184
 58920.000000 -843570.500000 794.315437 3.519191 3.398771 16.493680
 58940.000000 -843269.875000 793.492458 3.382497 3.561926 16.351576
 58960.000000 -845320.062500 793.916455 3.237486 3.233185 16.389770
 58980.000000 -845470.625000 792.690726 3.376195 2.975499 16.541962
 59000.000000 -847036.875000 793.680535 3.301584 3.013134 16.549329
 59020.000000 -844578.000000 792.421492 3.286047 3.054561 16.527464
 59040.000000 -844614.375000 794.304526 3.251356 3.222547 16.718648
 59060.000000 -844027.000000 794.035153 3.407159 3.090981 16.801570
 59080.000000 -843089.750000 795.043474 3.532858 3.217498 16.500820
 59100.000000 -844447.875000 795.632231 3.690123 3.595008 16.677803
 59120.000000 -844517.437500 796.685739 3.697970 3.471817 16.709058
 59140.000000 -840652.687500 802.559013 3.459290 3.540569 5.624745
 59160.000000 -841517.125000 800.383231 3.417704 3.667165 9.212524
 59180.000000 -843559.312500 797.127117 3.421343 3.623457 11.710082
 59200.000000 -844014.687500 796.269368 3.586551 3.414522 14.857489
 59220.000000 -845988.750000 795.502356 3.178587 3.637771 15.655478
 59240.000000 -845565.250000 796.799675 3.356607 3.159104 15.695916
 59260.000000 -842574.812500 793.967093 3.302155 3.098447 16.285734
 59280.000000 -844664.937500 794.727154 3.229877 3.183999 16.460309
 59300.000000 -843534.812500 793.718244 3.422776 3.521669 16.327873
 59320.000000 -843892.562500 795.075417 3.326361 3.428674 16.327864
 59340.000000 -844637.750000 792.851745 3.600632 3.318559 16.616155
 59360.000000 -841925.625000 795.734556 3.352364 3.415022 16.656172
 59380.000000 -844960.312500 795.502973 2.964296 3.498586 16.604563
 59400.000000 -843433.687500 795.660382 3.267962 3.220086 16.561089
 59420.000000 -843533.437500 795.364687 3.370497 3.381113 16.447285
 59440.000000 -844017.750000 794.115941 3.359451 3.359465 16.075984
 59460.000000 -844342.000000 793.176811 3.389920 3.126909 16.251265
 59480.000000 -843400.250000 795.057685 3.436904 3.379908 16.235606
 59500.000000 -845276.500000 794.298997 3.739715 3.529299 16.413236
 59520.000000 -844196.625000 795.815989 3.499064 3.326807 16.473352
 59540.000000 -841949.250000 796.043888 3.547657 3.559883 16.385578
 59560.000000 -842678.500000 794.308146 3.326905 3.501512 16.589192
 59580.000000 -843996.062500 792.839258 3.257308 3.792644 16.504803
 59600.000000 -844404.187500 795.507378 3.452340 3.501358 16.789297
 59620.000000 -841678.375000 799.265364 3.335706 3.538683 16.763974
 59640.000000 -845125.312500 796.272361 3.330665 3.504882 16.513833
 59660.000000 -844769.750000 792.848739 3.155689 3.298397 16.333653
 59680.000000 -844912.062500 792.703932 3.352834 3.478456 16.413931
 59700.000000 -844604.312500 795.059489 3.308243 3.426284 16.486084
 59720.000000 -843946.437500 794.824905 3.469188 3.182088 16.439071
 59740.000000 -844517.875000 796.123520 3.497458 3.428788 16.703191
 59760.000000 -843860.625000 794.785127 3.368483 3.090470 16.701825
 59780.000000 -843800.062500 793.769855 3.480494 3.218816 16.637205
 59800.000000 -843751.750000 792.881366 3.283282 3.359234 16.451033
 59820.000000 -845077.125000 793.669490 3.480814 3.485231 16.291065
 59840.000000 -844320.875000 792.808525 3.516254 3.549203 16.347848
 59860.000000 -845092.562500 795.064314 3.330824 3.502792 16.611990
 59880.000000 -846210.375000 792.518436 3.532681 3.176102 16.843147
 59900.000000 -844317.125000 798.976891 3.219909 3.327154 4.092105
 59920.000000 -842239.187500 799.596183 3.682189 2.948680 9.072022
 59940.000000 -843680.625000 796.804310 3.671120 3.393251 13.629192
 59960.000000 -843140.687500 794.728513 3.079979 3.463904 15.529268
 59980.000000 -844377.687500 797.476996 3.109401 3.398964 16.138971
 60000.000000 -844995.500000 792.535753 3.313310 3.609470 16.372189
 60020.000000 -843096.875000 793.992786 3.461711 3.442468 16.246734
 60040.000000 -845135.812500 793.618354 3.183694 3.347039 16.266140
 60060.000000 -842847.250000 796.338207 3.172124 3.110631 16.341778
 60080.000000 -845197.250000 795.414866 3.512287 2.887909 16.378940
 60100.000000 -842654.000000 796.304452 3.567211 3.154131 16.364864
 60120.000000 -843051.937500 795.101992 3.291303 3.122057 16.480027
 60140.000000 -844186.562500 794.456960 3.606076 3.290232 16.580094
 60160.000000 -845775.187500 792.737155 3.435467 3.344697 16.825405
 60180.000000 -843813.875000 795.679862 3.492783 3.338939 16.441348
 60200.000000 -845001.625000 796.195667 3.161380 3.473052 16.615543
 60220.000000 -841545.125000 795.573061 3.249653 3.376133 16.615236
 60240.000000 -843781.062500 797.231804 3.477349 3.651627 16.324170
 60260.000000 -842831.312500 796.284667 3.564050 3.670455 16.480237
 60280.000000 -844598.562500 793.277111 3.440970 3.243952 16.530148
 60300.000000 -843340.625000 796.703707 3.311809 3.139940 16.663775
 60320.000000 -844018.750000 794.454038 3.544169 3.572241 16.721846
 60340.000000 -844011.250000 794.456267 3.532397 3.571134 16.427846
 60360.000000 -844725.875000 796.768175 3.482137 3.375971 16.619160
 60380.000000 -846269.062500 794.399456 3.587740 3.377180 16.274874
 60400.000000 -843554.875000 794.710786 3.529655 3.324662 16.371285
 60420.000000 -845678.937500 794.516129 3.473271 3.303124 16.477288
 60440.000000 -844497.000000 793.819437 3.523799 3.270729 16.117441
 60460.000000 -844404.187500 794.112331 3.451530 3.536966 16.467720
 60480.000000 -844484.250000 793.276525 3.395250 3.525076 16.466194
 60500.000000 -845363.562500 796.154042 3.261859 3.132259 16.224500
 60520.000000 -843151.937500 796.627170 3.401730 3.366333 16.294755
 60540.000000 -844322.000000 795.049559 3.491599 3.504472 16.386609
 60560.000000 -843425.937500 792.619360 3.237219 3.533108 16.484610
 60580.000000 -846160.500000 792.738478 3.269632 3.257091 16.611107
 60600.000000 -844720.125000 795.376281 3.451814 3.346987 16.298068
 60620.000000 -844720.375000 793.871179 3.352346 3.434769 16.388011
 60640.000000 -844597.687500 792.955756 3.514169 3.306321 16.366339
 60660.000000 -845116.375000 794.776000 3.336380 3.271665 16.576668
 60680.000000 -843828.562500 796.157329 3.346934 3.423907 16.659087
 60700.000000 -845062.250000 794.128671 3.340472 3.399271 16.624746
 60720.000000 -843608.562500 796.214364 3.339799 3.474397 16.851565
 60740.000000 -844672.000000 795.134906 3.553964 3.343676 16.683989
 60760.000000 -843319.375000 793.468926 3.646283 3.148059 16.816988
 60780.000000 -842402.187500 793.990039 3.689917 3.334405 16.708176
 60800.000000 -844344.937500 792.808283 3.587996 3.050768 16.717385
 60820.000000 -844281.750000 796.516051 3.238673 3.027549 16.519386
 60840.000000 -844017.250000 792.742069 3.191542 3.331388 16.446110
 60860.000000 -842828.875000 794.290779 3.257083 3.386820 16.646604
 60880.000000 -843507.125000 797.692984 3.664604 3.238455 16.707586
 60900.000000 -844691.187500 793.944991 3.386626 3.352566 16.616469
 60920.000000 -844193.000000 794.818461 3.493997 3.545597 16.397685
 60940.000000 -843939.687500 795.458064 3.540710 3.493387 16.498948
 60960.000000 -843741.375000 796.392406 3.620273 3.435108 16.349761
 60980.000000 -844267.125000 794.795779 3.478215 3.447297 16.518303
 61000.000000 -842307.250000 797.345682 3.338853 3.314670 16.528871
 61020.000000 -844798.187500 791.616896 3.489890 3.546377 16.729582
 61040.000000 -844026.437500 796.470925 3.628957 3.549107 16.920635
 61060.000000 -844065.500000 793.003350 3.493218 3.610768 16.698569
 61080.000000 -846141.750000 793.162224 3.549696 3.469440 16.279219
 61100.000000 -846362.812500 794.352954 3.464883 3.236072 16.390794
 61120.000000 -844223.375000 796.311873 3.536332 3.510167 16.486103
 61140.000000 -844353.500000 793.046547 3.276742 3.442133 16.529815
 61160.000000 -844551.625000 793.292179 3.388179 3.314757 16.442080
 61180.000000 -844675.000000 793.836900 3.621888 3.423200 16.450170
 61200.000000 -843140.687500 795.215860 3.542034 3.527133 16.431979
 61220.000000 -844431.187500 795.331081 3.325661 3.611310 16.361557
 61240.000000 -845293.375000 793.982181 3.429762 3.307258 16.498058
 61260.000000 -844300.625000 793.521217 3.353990 3.338502 16.713999
 61280.000000 -844326.625000 794.145641 3.166366 3.270902 16.366635
 61300.000000 -843351.687500 794.510272 3.317008 3.119697 16.518897
 61320.000000 -844099.062500 794.194904 3.614729 3.380089 16.532614
 61340.000000 -844491.687500 793.178566 3.376847 3.422241 16.398258
 61360.000000 -844222.437500 796.196063 3.285890 3.293215 16.449407
 61380.000000 -844283.125000 794.719607 3.396351 3.313675 16.570939
 61400.000000 -844382.875000 793.800712 3.367835 3.508777 16.449299
 61420.000000 -845525.312500 792.391121 3.345355 3.103248 16.563006
 61440.000000 -842866.375000 794.246088 3.378267 3.183058 16.699199
 61460.000000 -843282.500000 795.423897 3.457265 3.227821 16.683500
 61480.000000 -843417.750000 796.041897 3.200671 3.418524 16.511900
 61500.000000 -844913.687500 793.134333 3.157465 3.588548 16.438183
 61520.000000 -844724.437500 794.025458 3.424809 3.260733 16.498924
 61540.000000 -844039.562500 796.334668 3.379724 3.636997 16.742230
 61560.000000 -844314.812500 793.126902 3.412580 3.602182 16.610495
 61580.000000 -844631.875000 794.144356 3.390783 3.569546 16.533309
 61600.000000 -845170.937500 793.779784 3.281033 3.451774 16.557914
 61620.000000 -845164.125000 794.373195 3.134987 3.452865 16.422237
 61640.000000 -845177.937500 795.961807 3.370115 3.557802 16.372529
 61660.000000 -843649.250000 793.354962 3.643652 3.519072 16.379317
 61680.000000 -843507.937500 798.301914 3.519872 3.569863 16.400464
 61700.000000 -844331.937500 793.094837 3.467873 3.504581 16.500712
 61720.000000 -844976.250000 795.309723 3.352565 3.505764 16.704015
 61740.000000 -844092.187500 794.063371 3.544728 3.352945 16.676400
 61760.000000 -842193.250000 797.778239 3.358887 3.302430 16.514919
 61780.000000 -841094.875000 794.356850 3.190518 3.444890 16.591897
 61800.000000 -842674.000000 796.387404 3.214568 3.267124 16.360984
 61820.000000 -844572.375000 794.555066 3.181995 3.019529 16.512087
 61840.000000 -842251.875000 795.034437 3.144636 3.149233 16.322867
 61860.000000 -843553.437500 792.961849 3.334509 3.494565 16.487356
 61880.000000 -844068.375000 795.580256 3.147300 3.392912 16.623457
 61900.000000 -845722.875000 794.996662 3.339632 3.337323 16.614646
 61920.000000 -843743.312500 795.113146 3.627050 3.358294 16.692763
 61940.000000 -843540.437500 796.316446 3.516690 3.483486 16.773944
 61960.000000 -843242.687500 796.621833 3.264650 3.172914 16.668837
 61980.000000 -843509.250000 795.885329 3.360360 3.426251 16.721543
 62000.000000 -842746.750000 796.094989 3.628562 3.543062 16.704160
 62020.000000 -845909.875000 794.976613 3.395038 3.306532 16.576244
 62040.000000 -844500.250000 792.597341 3.405821 3.213721 16.798865
 62060.000000 -846915.062500 793.906302 3.441824 3.394272 16.407654
 62080.000000 -845246.250000 793.809245 3.351813 3.352078 16.521848
 62100.000000 -843881.000000 793.092503 3.269691 3.253200 16.646175
 62120.000000 -843146.437500 795.722659 3.137982 3.471087 16.557737
 62140.000000 -844119.312500 796.361287 3.021799 3.315302 16.284498
 62160.000000 -841629.562500 797.838005 3.351780 3.520559 16.362814
 62180.000000 -845259.875000 794.574032 3.724464 3.490604 16.446395
 62200.000000 -845273.375000 793.497299 3.420848 3.459466 16.682182
 62220.000000 -842780.687500 797.099725 3.330738 3.351711 16.569998
 62240.000000 -842955.000000 796.983881 3.552287 3.365969 16.391591
 62260.000000 -843852.625000 795.973778 3.457812 3.349999 16.540786
 62280.000000 -844158.437500 792.584447 3.304568 3.329066 16.318445
 62300.000000 -845284.625000 793.143500 3.410681 3.072976 16.260887
 62320.000000 -845078.312500 794.174726 3.276096 3.229606 16.423426
 62340.000000 -845639.687500 794.122065 3.049999 3.445393 16.365949
 62360.000000 -842571.625000 794.686554 3.378151 3.247711 16.677278
 62380.000000 -843618.625000 796.790495 3.483117 3.336351 16.663134
 62400.000000 -844270.187500 796.446189 3.241557 3.415684 16.667908
 62420.000000 -844066.312500 795.068261 3.403628 3.314351 16.376179
 62440.000000 -844681.000000 794.523028 3.319211 3.362617 16.565690
 62460.000000 -844089.875000 794.265686 3.556215 3.334654 16.376874
 62480.000000 -844957.062500 794.810418 3.780989 3.065044 16.566941
 62500.000000 -844579.187500 793.707991 3.410902 3.108505 16.365407
 62520.000000 -843579.312500 794.922644 3.477825 3.430141 16.555214
 62540.000000 -845288.500000 792.355600 3.397521 3.754871 16.352393
 62560.000000 -845608.187500 792.169540 3.343618 3.345189 16.621103
 62580.000000 -843171.625000 794.024827 3.459574 3.331763 16.413977
 62600.000000 -846233.875000 792.216762 3.280846 3.327480 16.143790
 62620.000000 -844078.875000 792.750642 3.284976 3.517504 16.262308
 62640.000000 -843800.500000 795.219654 3.443048 3.502557 16.430448
 62660.000000 -842369.875000 795.164518 3.319879 3.384413 16.387305
 62680.000000 -845279.937500 793.994176 3.377915 3.226941 16.481160
 62700.000000 -844702.687500 795.977613 3.323760 3.547100 16.712387
 62720.000000 -843493.812500 796.216729 3.237479 3.391557 16.548648
 62740.000000 -843874.250000 795.624744 3.549349 3.423939 16.333269
 62760.000000 -843594.875000 795.478497 3.100418 3.462910 16.122559
 62780.000000 -844109.875000 792.731458 3.256923 3.712484 16.349451
 62800.000000 -844644.500000 795.022774 3.203951 3.395185 16.435596
 62820.000000 -843626.875000 794.840853 3.226644 3.343359 16.283242
 62840.000000 -845190.812500 794.979114 3.415178 3.327511 16.257282
 62860.000000 -844246.250000 792.317698 3.411459 3.409877 16.218049
 62880.000000 -845556.000000 795.294925 3.529596 3.037387 16.458763
 62900.000000 -845962.812500 792.882739 3.586755 3.218317 16.460061
 62920.000000 -844383.187500 793.394799 3.709583 3.511644 16.944705
 62940.000000 -844863.750000 792.065590 3.631334 3.502217 16.549207
 62960.000000 -843876.687500 796.034947 3.588426 3.488766 16.591320
 62980.000000 -842747.750000 793.114547 3.626567 3.251788 16.704051
 63000.000000 -844516.250000 792.121611 3.542823 3.210682 16.865110
 63020.000000 -844453.875000 792.802769 3.638741 3.570668 16.630491
 63040.000000 -844577.937500 792.865626 3.592380 3.562175 16.521952
 63060.000000 -844292.500000 794.978476 3.389742 3.214665 16.554244
 63080.000000 -843219.875000 795.165897 3.355597 3.114438 16.579316
 63100.000000 -842884.187500 793.654984 3.224678 3.139254 16.523256
 63120.000000 -846038.437500 793.275650 3.263291 3.455912 16.482354
 63140.000000 -843231.500000 793.895763 3.565721 3.545551 16.425295
 63160.000000 -843878.875000 793.442418 3.697779 3.542985 16.608278
 63180.000000 -846012.750000 793.089939 3.488685 3.372111 16.539920
 63200.000000 -846428.437500 793.845811 3.348056 3.174978 16.550452
 63220.000000 -843691.125000 793.864267 3.382965 3.637968 16.569375
 63240.000000 -845397.125000 794.152004 3.389202 3.319183 16.429143
 63260.000000 -844036.750000 794.286739 3.213930 3.280705 16.555996
 63280.000000 -845052.000000 794.482103 3.138813 2.946104 16.527124
 63300.000000 -845576.125000 795.057873 3.383020 2.954564 16.656604
 63320.000000 -843656.375000 795.085621 3.466922 3.221051 16.623535
 63340.000000 -842870.500000 794.090433 3.537543 3.406210 16.434608
 63360.000000 -842016.937500 796.836196 3.358654 3.597095 16.508449
 63380.000000 -843336.187500 796.213617 3.450864 3.246512 16.589954
 63400.000000 -846619.500000 793.776527 3.035922 3.211469 16.769881
 63420.000000 -844532.625000 793.939999 3.446197 3.202994 16.756205
 63440.000000 -843602.312500 794.954699 3.309673 2.983579 16.555514
 63460.000000 -844020.062500 793.275408 3.421365 3.124716 16.365682
 63480.000000 -846622.125000 792.617218 3.370902 3.224193 16.208759
 63500.000000 -843251.000000 794.523074 3.165627 3.080049 16.377589
 63520.000000 -845747.187500 794.653241 3.250068 3.490993 16.454615
 63540.000000 -842913.250000 795.670215 3.454087 3.093251 16.390042
 63560.000000 -844813.375000 793.820748 3.239243 3.299710 16.522375
 63580.000000 -842345.562500 795.243177 3.201692 3.505153 16.591232
 63600.000000 -842863.625000 793.267245 3.044688 3.168276 16.628648
 63620.000000 -844265.937500 793.858266 3.261216 3.368356 16.299340
 63640.000000 -845311.250000 794.547500 3.531285 3.431626 16.433800
 63660.000000 -844790.250000 792.641318 3.332863 3.342000 16.605755
 63680.000000 -844377.437500 792.712188 3.500925 3.423633 16.575865
 63700.000000 -844460.187500 792.445674 3.390273 3.420300 16.360927
 63720.000000 -844359.687500 792.172421 3.396718 3.331999 16.334412
 63740.000000 -845338.687500 790.889431 3.451958 3.531097 16.485222
 63760.000000 -844258.625000 792.708169 3.351765 3.318997 16.549507
 63780.000000 -846634.187500 793.295683 3.063416 3.415869 16.420428
 63800.000000 -845919.187500 792.934568 3.270360 3.473765 16.438872
 63820.000000 -843816.437500 794.996456 3.572693 3.035834 16.412889
 63840.000000 -845161.687500 791.279237 3.601883 3.346732 16.641263
 63860.000000 -844843.375000 791.490041 3.459385 3.146999 16.615894
 63880.000000 -846072.312500 791.633090 3.297499 3.263092 16.468484
 63900.000000 -843883.500000 793.733704 3.154353 3.238160 16.256170
 63920.000000 -843699.812500 792.660969 3.327623 3.565146 16.607402
 63940.000000 -844246.875000 794.338691 3.574253 3.217118 16.306893
 63960.000000 -844214.312500 794.770765 3.546739 3.291998 16.114782
 63980.000000 -845128.562500 793.821208 3.493859 3.410707 16.534268
 64000.000000 -843651.750000 794.408632 3.546982 3.568413 16.475656
 64020.000000 -843856.750000 793.322951 3.212629 3.506504 16.422702
 64040.000000 -845396.250000 791.236066 3.349277 3.279700 16.404673
 64060.000000 -843898.062500 794.758343 3.546377 3.065917 16.541264
 64080.000000 -845578.250000 794.155347 3.617987 3.228840 16.271346
 64100.000000 -844771.125000 794.523812 3.565041 3.296823 16.375834
 64120.000000 -844596.000000 793.544258 3.470148 3.415245 16.462280
 64140.000000 -843824.062500 792.130131 3.364003 3.441840 16.579543
 64160.000000 -844048.562500 793.760182 3.469664 3.347129 16.814766
 64180.000000 -845313.687500 793.599665 3.453206 3.688794 16.608802
 64200.000000 -844373.687500 795.481361 3.424932 3.399393 16.594585
 64220.000000 -845656.250000 795.133657 3.485674 3.421447 16.682312
 64240.000000 -845118.812500 793.978935 3.382540 3.579189 16.393715
 64260.000000 -846447.875000 790.721006 3.623518 3.355812 16.610569
 64280.000000 -842486.812500 793.586972 3.348460 3.507273 16.660730
 64300.000000 -844703.687500 793.155165 3.226135 3.467669 16.747411
 64320.000000 -842095.187500 797.081656 3.285886 3.313953 16.757787
 64340.000000 -843915.875000 793.432806 3.527848 3.580561 16.547987
 64360.000000 -845332.812500 791.474846 3.104551 3.037990 16.549263
 64380.000000 -845577.875000 792.880603 3.231170 3.261503 16.384962
 64400.000000 -845021.312500 794.621223 3.329245 3.219681 16.504479
 64420.000000 -843819.000000 792.310013 3.416180 3.432950 16.592560
 64440.000000 -843681.187500 793.204017 3.307249 3.205598 16.424803
 64460.000000 -846058.812500 792.168516 3.294811 3.374636 16.311444
 64480.000000 -844571.687500 795.406558 2.963842 3.689894 16.385496
 64500.000000 -845683.500000 793.290142 3.393079 3.291453 16.602243
 64520.000000 -843563.562500 792.414182 3.582083 3.250612 16.735722
 64540.000000 -845287.500000 795.863593 3.628090 3.502743 16.374490
 64560.000000 -845170.125000 794.279482 3.862060 3.532703 16.672064
 64580.000000 -844125.500000 793.720554 3.604778 3.340097 16.742608
 64600.000000 -845637.312500 792.077074 3.526950 3.206638 16.497686
 64620.000000 -846507.500000 792.968293 3.385771 3.510910 16.376673
 64640.000000 -844589.625000 793.824734 3.311238 3.526276 16.765733
 64660.000000 -845570.812500 793.367207 3.277388 3.329082 16.537671
 64680.000000 -843766.500000 795.845259 3.257105 3.517783 16.617343
 64700.000000 -845152.000000 794.731464 3.505908 3.447575 16.415773
 64720.000000 -845175.750000 794.285583 3.707143 3.614188 16.319581
 64740.000000 -843678.250000 795.939320 3.551007 3.595852 16.596311
 64760.000000 -843830.437500 794.813510 3.522936 3.492855 16.520163
 64780.000000 -844643.125000 795.190899 3.306765 3.466868 16.662236
 64800.000000 -844993.937500 795.384308 3.546378 3.112384 16.539165
 64820.000000 -843099.125000 793.815295 3.577879 3.446775 16.722637
 64840.000000 -841872.875000 796.763089 2.978602 3.504705 16.391604
 64860.000000 -844608.125000 792.165010 3.219768 3.325573 16.571810
 64880.000000 -843996.500000 793.677227 3.133882 3.457821 16.691393
 64900.000000 -845919.625000 794.342812 3.475419 3.209170 16.415660
 64920.000000 -845317.062500 794.150610 3.781866 3.381750 16.865329
 64940.000000 -847046.687500 794.116492 3.703093 3.603059 16.422519
 64960.000000 -844560.875000 793.701986 3.257273 3.521450 16.520428
 64980.000000 -846475.937500 793.297789 3.309715 3.283026 16.467802
 65000.000000 -845552.250000 793.129847 3.350674 3.533225 16.473390
 65020.000000 -846173.875000 791.481242 3.283287 3.627075 16.517422
 65040.000000 -843148.187500 795.094926 3.625712 3.622821 16.457586
 65060.000000 -845473.000000 793.652720 3.615987 2.920018 16.385175
 65080.000000 -843980.375000 792.126883 3.310833 3.291716 16.576957
 65100.000000 -845771.937500 792.892706 3.128869 3.468219 16.627173
 65120.000000 -846407.937500 795.050553 3.459751 3.492856 16.402144
 65140.000000 -844404.875000 792.634069 3.482326 3.344105 16.430213
 65160.000000 -844480.937500 792.508731 3.256148 3.043178 16.581473
 65180.000000 -844158.937500 791.748326 3.412505 3.242486 16.400146
 65200.000000 -843753.000000 795.218912 3.608676 3.227500 16.747674
 65220.000000 -845420.875000 794.436879 3.578703 3.295499 16.323337
 65240.000000 -843433.437500 797.060842 3.324092 3.271919 16.331880
 65260.000000 -845771.750000 794.533938 3.508272 3.652932 16.395992
 65280.000000 -845046.375000 792.502295 3.583825 3.603132 16.302773
 65300.000000 -845003.375000 793.042616 3.250422 3.371984 16.303266
 65320.000000 -845226.562500 794.151650 3.364536 3.537583 16.176098
 65340.000000 -844101.500000 792.107220 3.509708 3.333165 16.225705
 65360.000000 -843322.437500 792.706486 3.540986 3.254560 16.376423
 65380.000000 -843513.937500 793.723342 3.156387 3.350269 16.342784
 65400.000000 -845309.937500 793.343554 3.297448 3.305573 16.351182
 65420.000000 -845848.437500 793.432308 3.225031 3.603871 16.662125
 65440.000000 -844568.625000 793.464868 3.217051 3.244158 16.330629
 65460.000000 -842388.937500 796.888254 3.335546 3.333058 16.497924
 65480.000000 -842560.000000 794.876379 3.188821 3.325773 16.261966
 65500.000000 -842561.750000 795.756870 3.188990 3.447346 16.636248
 65520.000000 -845292.937500 792.924719 3.172620 3.509424 16.485155
 65540.000000 -843708.375000 795.336825 3.097644 3.297154 16.467937
 65560.000000 -844273.937500 793.146615 3.424210 3.389880 16.480971
 65580.000000 -844750.812500 791.870840 3.351438 3.423981 16.427296
 65600.000000 -846064.625000 794.176995 3.448428 3.396267 16.306714
 65620.000000 -844880.125000 794.529365 3.646837 3.650558 16.749856
 65640.000000 -843750.250000 793.515618 3.432010 3.447474 16.487693
 65660.000000 -844009.812500 793.861792 3.666306 3.081229 16.658334
 65680.000000 -844083.250000 795.505185 3.279052 3.261453 16.667717
 65700.000000 -846228.000000 795.282805 3.273510 3.804197 16.498528
 65720.000000 -844181.250000 792.718907 3.298667 3.603157 16.376873
 65740.000000 -842985.625000 794.321751 3.531068 3.602552 16.462463
 65760.000000 -846371.437500 790.258066 3.561770 3.417460 16.405443
 65780.000000 -844224.500000 793.854054 3.411107 3.270759 16.454964
 65800.000000 -843660.125000 794.209199 3.223593 3.250668 16.549052
 65820.000000 -846004.625000 791.913496 3.500204 3.246316 16.692696
 65840.000000 -844079.250000 794.664433 3.463108 3.362491 16.559284
 65860.000000 -844350.687500 793.301256 3.384393 3.325624 16.592014
 65880.000000 -844936.562500 794.562645 3.425579 3.463473 16.550355
 65900.000000 -846662.125000 791.571386 3.331788 3.323409 16.492492
 65920.000000 -844818.687500 794.169911 3.460251 3.495642 16.613372
 65940.000000 -844809.437500 793.819780 3.270228 3.484654 16.444264
 65960.000000 -844053.937500 793.354772 3.316098 3.385245 16.622998
 65980.000000 -842422.625000 796.766030 3.322992 3.544470 16.545060
 66000.000000 -844509.937500 793.431215 3.093624 3.461910 16.380865
 66020.000000 -843658.687500 793.863572 3.225363 3.477073 16.480985
 66040.000000 -843437.312500 793.675439 3.325612 3.247546 16.705913
 66060.000000 -843964.250000 794.975827 3.651197 3.232431 16.555844
 66080.000000 -844554.937500 793.700995 3.337338 3.367724 16.584676
 66100.000000 -844884.562500 795.232460 3.286742 3.317268 16.509179
 66120.000000 -844601.125000 794.839233 3.271044 3.182207 16.456086
 66140.000000 -845766.250000 791.683998 3.504410 3.229860 16.441902
 66160.000000 -846130.687500 794.490499 3.334090 3.420495 16.579591
 66180.000000 -844604.125000 793.622120 3.130902 3.298516 16.451502
 66200.000000 -844543.125000 795.149493 3.040938 3.522947 16.485801
 66220.000000 -846325.375000 794.192798 3.273458 3.254505 16.404478
 66240.000000 -844450.750000 793.720878 3.644062 3.426135 16.415531
 66260.000000 -843482.562500 795.127300 3.633129 3.560267 16.399369
 66280.000000 -843034.875000 795.906033 3.654326 3.316258 16.794605
 66300.000000 -844846.437500 794.213992 3.425068 3.269643 16.687010
 66320.000000 -846017.937500 795.873146 3.529007 3.468386 16.416150
 66340.000000 -844228.250000 793.252878 3.303734 3.511097 16.410447
 66360.000000 -844060.812500 796.429083 3.171329 3.334372 16.519104
 66380.000000 -843721.125000 795.147178 3.266492 3.200606 16.521629
 66400.000000 -845454.500000 792.232761 3.305719 3.609814 16.501049
 66420.000000 -843258.750000 793.573357 3.275626 3.663182 16.514862
 66440.000000 -845514.750000 792.081128 3.310632 3.165962 16.558456
 66460.000000 -843478.750000 793.989496 3.261051 3.416700 16.626541
 66480.000000 -843258.250000 796.730557 3.651227 3.362695 16.649882
 66500.000000 -843903.812500 794.628511 3.488224 3.376281 16.872746
 66520.000000 -843786.375000 794.878913 3.277293 3.209421 16.401662
 66540.000000 -842639.937500 794.619802 3.473355 3.314760 16.434844
 66560.000000 -844196.937500 795.052012 3.524299 3.318566 16.320382
 66580.000000 -842812.750000 793.207870 3.376824 3.208987 16.751098
 66600.000000 -843118.375000 794.342806 3.671475 3.437880 16.277920
 66620.000000 -843900.000000 794.904689 3.549137 3.355021 16.600560
 66640.000000 -843863.312500 794.027880 3.376474 3.267534 16.538816
 66660.000000 -843506.000000 794.719144 3.425136 3.186524 16.246442
 66680.000000 -842807.187500 794.501894 3.487402 3.443889 16.378204
 66700.000000 -844749.500000 795.692527 3.587830 3.430468 16.522783
 66720.000000 -840692.875000 796.257314 3.391620 3.552200 16.277694
 66740.000000 -843072.437500 797.149800 3.196799 3.367363 16.239071
 66760.000000 -844101.937500 794.128713 3.338430 3.547556 16.382029
 66780.000000 -842704.562500 796.944755 3.520558 3.352559 16.222188
 66800.000000 -843921.937500 795.621879 3.250398 3.392089 16.628421
 66820.000000 -844604.562500 793.828964 3.563342 3.575150 16.473422
 66840.000000 -846010.375000 792.904490 3.757179 2.920555 16.883197
 66860.000000 -845801.062500 792.848699 3.657268 3.263582 16.160101
 66880.000000 -845941.000000 792.912200 3.451695 3.311019 16.500147
 66900.000000 -843054.875000 793.674497 3.464710 3.435508 16.534813
 66920.000000 -844529.812500 793.940843 3.706586 3.379665 16.662093
 66940.000000 -845369.125000 793.355082 3.645143 3.512221 16.668458
 66960.000000 -843976.125000 794.017864 3.703909 3.235281 16.557272
 66980.000000 -844731.437500 795.990727 3.408395 3.267164 16.347560
 67000.000000 -843061.062500 793.585501 3.322077 3.311802 16.385706
 67020.000000 -846639.500000 792.497780 3.716404 3.543640 16.389170
 67040.000000 -844791.750000 794.245183 3.359866 3.683412 16.645354
 67060.000000 -843430.687500 795.995250 3.484960 3.520778 16.377100
 67080.000000 -844797.687500 794.315667 3.570150 3.334499 16.810916
 67100.000000 -843106.687500 795.455260 3.512375 3.156558 0.088600
 67120.000000 -842785.187500 799.696715 2.716098 3.611572 9.462102
 67140.000000 -842954.062500 798.991913 3.087800 3.983570 12.519277
 67160.000000 -842434.250000 794.057961 3.207600 3.541197 15.014420
 67180.000000 -844513.375000 791.530072 3.273968 3.337636 15.884803
 67200.000000 -845232.437500 793.490086 3.362664 3.458225 16.199654
 67220.000000 -843866.750000 793.428884 3.287828 3.356729 16.260822
 67240.000000 -843635.125000 792.561355 3.069619 3.312237 16.103745
 67260.000000 -843630.125000 797.246033 3.532895 3.259796 16.455905
 67280.000000 -843377.500000 795.807943 3.541424 3.296045 16.750162
 67300.000000 -842844.562500 795.310409 3.613528 3.425169 16.633856
 67320.000000 -843316.250000 796.348374 3.680413 3.545465 16.597811
 67340.000000 -843083.937500 795.053634 3.521310 3.463716 16.449826
 67360.000000 -843972.812500 794.114791 3.368762 3.221972 16.377697
 67380.000000 -845430.562500 792.990906 3.376251 3.380502 16.706832
 67400.000000 -843358.812500 796.672496 3.571766 3.373872 16.464151
 67420.000000 -844700.312500 791.389459 3.587755 3.778890 16.615126
 67440.000000 -845396.937500 792.596108 3.502741 3.482493 16.445428
 67460.000000 -842074.625000 794.769089 3.377719 3.437600 16.285323
 67480.000000 -843822.812500 794.831127 3.463785 3.337327 16.438670
 67500.000000 -844026.562500 792.334240 3.380220 3.293680 16.666463
 67520.000000 -845047.500000 794.061322 3.625065 3.534754 16.553750
 67540.000000 -842556.937500 796.827548 3.805694 3.681501 16.815013
 67560.000000 -843183.687500 794.229433 3.477946 3.488274 16.595092
 67580.000000 -844449.437500 794.025106 3.435303 3.437840 16.378871
 67600.000000 -843922.562500 794.916915 3.422228 3.335950 16.191382
 67620.000000 -846042.937500 791.747551 3.318786 3.264924 16.362101
 67640.000000 -844754.375000 791.675494 3.596473 3.461366 16.661983
 67660.000000 -844272.125000 796.693277 3.230317 3.521089 16.591872
 67680.000000 -843648.687500 794.802940 3.463051 3.471472 16.493094
 67700.000000 -842153.125000 796.152611 3.211549 3.428875 16.647358
 67720.000000 -844762.187500 793.939838 3.368582 3.454094 16.545640
 67740.000000 -844614.437500 795.281094 3.838665 3.533744 16.543639
 67760.000000 -845584.062500 795.588858 3.568036 3.257404 16.384923
 67780.000000 -845227.500000 793.073609 3.529476 3.264440 16.396123
 67800.000000 -844814.250000 793.877572 3.564860 3.597326 16.628553
 67820.000000 -843990.562500 796.856188 3.426611 3.412042 16.755371
 67840.000000 -844913.312500 793.381338 3.335583 3.361245 16.211115
 67860.000000 -846606.875000 794.061198 3.428310 3.326599 16.291421
 67880.000000 -844151.000000 794.546055 3.499953 3.103902 16.099206
 67900.000000 -845801.687500 794.336297 3.370985 3.415513 16.250516
 67920.000000 -845405.375000 793.492947 3.334132 3.413478 16.337161
 67940.000000 -844058.187500 796.322458 3.356613 3.560620 16.404572
 67960.000000 -843821.187500 795.093183 3.479524 3.646974 16.312988
 67980.000000 -843420.125000 793.159488 3.484424 3.391386 16.446803
 68000.000000 -843393.312500 795.289896 3.462911 3.305857 16.341043
 68020.000000 -844292.812500 796.482980 3.427037 3.130694 16.446392
 68040.000000 -843379.937500 795.320250 3.250795 3.168706 16.646579
 68060.000000 -844330.875000 794.415398 3.530945 3.401845 16.729095
 68080.000000 -845091.250000 795.385077 3.244856 3.318089 16.806448
 68100.000000 -842816.437500 794.158617 3.458488 3.217377 16.563545
 68120.000000 -845440.812500 792.670004 3.498087 3.342881 16.719999
 68140.000000 -845712.625000 791.885958 3.473871 3.167505 16.688874
 68160.000000 -842867.875000 797.228464 3.162373 3.358764 16.543579
 68180.000000 -844314.562500 795.829454 3.068599 3.225147 16.309718
 68200.000000 -843177.625000 794.079775 3.242192 3.094655 16.448855
 68220.000000 -844553.625000 793.695090 3.493454 3.082479 16.484924
 68240.000000 -843825.437500 793.778058 3.589913 3.340812 16.518561
 68260.000000 -846644.812500 794.865362 3.346903 3.619383 16.471742
 68280.000000 -844316.062500 794.979768 3.230808 3.563612 16.733226
 68300.000000 -845111.562500 794.803570 3.423750 3.302506 16.632923
 68320.000000 -844295.125000 794.133997 3.341516 3.529760 16.561713
 68340.000000 -846495.937500 796.233018 3.524515 3.400199 16.731440
 68360.000000 -843082.312500 796.401145 3.422290 3.410366 16.529722
 68380.000000 -846017.500000 793.287545 3.604916 3.467456 16.851062
 68400.000000 -844744.875000 793.678786 3.713337 3.675724 16.609678
 68420.000000 -844380.312500 795.954582 3.603777 3.675919 16.572651
 68440.000000 -844260.937500 793.741348 3.250895 3.644088 16.712472
 68460.000000 -846854.625000 793.506503 3.113581 3.474578 16.625037
 68480.000000 -845967.875000 792.669979 3.271792 3.126574 16.302366
 68500.000000 -845380.125000 793.408356 3.413388 3.278388 16.386143
 68520.000000 -844531.437500 793.384547 3.230809 3.497761 16.334867
 68540.000000 -842322.562500 794.040538 3.572028 3.509809 16.482343
 68560.000000 -846120.312500 791.838708 3.340109 3.476690 16.607377
 68580.000000 -842091.250000 796.739826 3.285779 3.499798 16.564388
 68600.000000 -843681.750000 793.032257 3.209446 3.375707 16.721619
 68620.000000 -845754.687500 794.555711 3.303448 3.304453 16.674411
 68640.000000 -844635.000000 792.364416 3.304398 3.222482 16.589597
 68660.000000 -844590.000000 792.987836 3.040367 3.411870 16.667059
 68680.000000 -845631.750000 795.092074 3.230372 3.306251 16.670948
 68700.000000 -846063.625000 793.483519 3.342539 3.340850 16.441394
 68720.000000 -842808.437500 796.506781 3.206000 3.504691 16.360430
 68740.000000 -842398.062500 798.715623 3.351847 3.456740 16.562177
 68760.000000 -844070.500000 795.387710 3.216354 3.320787 16.520751
 68780.000000 -845182.562500 792.924684 3.602203 3.795724 16.488813
 68800.000000 -845595.125000 791.508881 3.425237 3.596346 16.339407
 68820.000000 -844993.187500 794.958447 3.315050 3.607127 16.414244
 68840.000000 -845331.812500 794.092798 3.455217 3.403015 16.330756
 68860.000000 -843803.000000 794.532595 3.330003 3.427737 16.099790
 68880.000000 -844237.125000 794.757025 3.357332 3.463152 16.496437
 68900.000000 -844382.000000 793.655683 3.290711 3.445096 16.349779
 68920.000000 -843545.750000 794.175059 3.226088 3.574352 16.440302
 68940.000000 -843662.312500 794.982770 3.459877 3.619828 16.548060
 68960.000000 -845492.937500 793.910324 3.437772 3.448542 16.182046
 68980.000000 -844428.437500 794.083236 3.551007 3.467073 16.176755
 69000.000000 -845740.125000 792.421026 3.421208 3.397149 16.551905
 69020.000000 -843591.437500 793.900528 3.529955 3.484692 16.682214
 69040.000000 -845279.500000 791.958719 3.571726 3.721114 16.835569
 69060.000000 -845301.500000 794.916069 3.316041 3.651339 16.602380
 69080.000000 -845634.625000 797.055655 3.365387 3.334455 16.531239
 69100.000000 -844429.000000 796.961471 3.423347 3.453600 16.587617
 69120.000000 -845175.812500 794.450040 3.426532 3.449622 16.581887
 69140.000000 -845166.312500 795.485288 3.140051 3.348247 16.357193
 69160.000000 -844043.500000 793.714578 3.324204 3.627667 16.274142
 69180.000000 -844428.062500 793.423924 3.347384 3.459232 16.598055
 69200.000000 -845375.875000 793.981551 3.712153 3.591874 16.577379
 69220.000000 -846295.812500 795.015276 3.621633 3.419522 16.602972
 69240.000000 -844960.187500 794.796340 3.245784 3.703890 16.544497
 69260.000000 -843220.437500 794.138337 3.198117 3.583917 16.751202
 69280.000000 -845905.750000 792.920321 3.368856 3.631316 16.483795
 69300.000000 -844558.875000 796.582793 3.180127 3.551169 16.408773
 69320.000000 -844019.562500 792.824456 3.412123 3.510789 16.364001
 69340.000000 -842351.750000 795.286076 3.425035 3.647702 16.583379
 69360.000000 -846308.750000 793.447814 3.431211 3.339077 16.334908
 69380.000000 -846161.562500 794.368710 3.519380 3.524287 16.403406
 69400.000000 -845027.125000 794.204522 3.508348 3.707928 16.363899
 69420.000000 -844162.437500 795.728093 3.490350 3.459093 16.529698
 69440.000000 -843171.312500 795.870742 3.296598 3.411055 16.479135
 69460.000000 -844930.875000 790.693103 3.250166 3.331574 16.594759
 69480.000000 -844926.500000 794.648961 3.287195 3.262716 16.923653
 69500.000000 -845396.750000 793.380183 3.406351 3.607124 16.628767
 69520.000000 -844235.562500 793.798978 3.348760 3.098400 16.426946
 69540.000000 -843717.312500 795.567469 3.702434 3.295853 16.478935
 69560.000000 -844541.375000 796.744269 3.661568 3.352054 16.275317
 69580.000000 -844757.562500 793.275808 3.485660 3.316685 16.349796
 69600.000000 -846486.812500 794.139510 3.239601 3.413468 16.496846
 69620.000000 -842961.687500 797.521849 3.309123 3.647400 16.526745
 69640.000000 -843491.750000 793.130848 3.680062 3.278298 16.455756
 69660.000000 -844996.250000 794.200402 3.372751 3.526439 16.583899
 69680.000000 -844958.125000 791.889486 3.122090 3.611410 16.478671
 69700.000000 -845275.062500 792.114105 3.199580 3.397109 16.536525
 69720.000000 -845559.187500 794.296780 3.096421 3.487477 16.641764
 69740.000000 -844095.562500 794.646052 3.305531 3.641675 16.557775
 69760.000000 -843990.750000 797.721321 3.334416 3.747247 16.309554
 69780.000000 -843835.687500 794.640946 3.626316 3.634397 16.510826
 69800.000000 -843988.687500 794.209143 3.431617 3.543084 16.531471
 69820.000000 -844989.687500 794.921172 3.409060 3.469993 16.797259
 69840.000000 -844110.562500 793.502760 3.296096 3.455782 16.573344
 69860.000000 -845693.500000 791.945098 3.320946 3.575886 16.267620
 69880.000000 -844546.937500 795.236404 3.337086 3.210038 16.090932
 69900.000000 -842609.437500 796.014366 3.337957 3.285028 16.422519
 69920.000000 -845083.375000 795.056011 3.397441 3.293389 16.611623
 69940.000000 -844077.875000 793.846160 3.237512 3.439109 16.399601
 69960.000000 -844473.312500 795.202965 3.482880 3.477022 16.523646
 69980.000000 -844602.937500 796.360507 3.551418 3.479603 16.270668
 70000.000000 -843940.625000 794.912188 3.484534 3.372253 16.481685
 70020.000000 -844624.875000 795.585305 3.557754 3.360378 16.356490
 70040.000000 -845006.875000 792.268617 3.340679 3.289847 16.307959
 70060.000000 -844196.500000 795.460388 3.402201 3.464912 16.474867
 70080.000000 -845952.125000 793.778622 3.464416 3.538643 16.547591
 70100.000000 -844872.187500 793.981257 3.235443 3.524481 16.538227
 70120.000000 -845994.812500 791.242131 3.278961 3.553272 16.507272
 70140.000000 -845104.500000 795.658903 3.493013 3.488225 16.332527
 70160.000000 -844882.437500 794.835953 3.322473 3.528726 16.433547
 70180.000000 -843879.000000 794.821988 3.449064 3.350237 16.612640
 70200.000000 -844482.687500 795.028698 3.247313 3.758874 16.367504
 70220.000000 -843964.187500 794.653901 3.217799 3.660561 16.373764
 70240.000000 -845118.500000 794.753249 3.323946 3.163323 16.327357
 70260.000000 -843755.125000 795.539217 3.410061 3.199660 16.133789
 70280.000000 -844170.875000 796.233417 3.290427 3.238603 16.414081
 70300.000000 -844221.937500 795.419454 3.621788 3.398292 16.574255
 70320.000000 -845169.500000 793.760898 3.764438 3.610517 16.638204
 70340.000000 -843562.125000 793.691767 3.392259 3.539885 16.671426
 70360.000000 -842618.187500 797.187844 3.423357 3.491058 16.442506
 70380.000000 -845217.500000 795.994435 3.335738 3.507514 16.310522
 70400.000000 -843610.750000 794.091199 3.372804 3.424793 16.254853
 70420.000000 -844232.250000 794.405940 3.446762 3.472632 16.462344
 70440.000000 -845336.437500 793.590368 3.443538 3.222343 16.440329
 70460.000000 -845728.125000 793.322272 3.294741 3.680253 16.564608
 70480.000000 -846254.000000 794.038539 3.531675 3.493825 16.212823
 70500.000000 -845296.750000 795.200808 3.279900 3.184104 16.404136
 70520.000000 -843489.562500 793.101406 3.418425 3.038745 16.498300
 70540.000000 -844194.875000 795.713017 3.529931 3.266821 16.373164
 70560.000000 -846823.500000 793.381516 3.286233 3.529352 16.738298
 70580.000000 -845748.187500 793.577053 3.261326 3.597951 16.583759
 70600.000000 -844454.812500 792.772278 3.575516 3.607537 16.654531
 70620.000000 -843605.312500 794.515483 3.552165 3.531567 16.466787
 70640.000000 -843675.187500 797.562132 3.297371 3.215763 16.211616
 70660.000000 -843307.312500 796.154431 3.201410 3.686316 16.355499
 70680.000000 -845708.562500 794.830578 3.177959 3.791875 16.208136
 70700.000000 -844240.750000 794.560260 3.710635 3.246605 16.342231
 70720.000000 -844718.937500 796.017020 3.542863 3.116070 16.317729
 70740.000000 -844721.187500 793.944057 3.489027 3.110879 16.349838
 70760.000000 -845003.187500 792.966035 3.272527 3.250298 16.546185
 70780.000000 -844797.625000 793.422022 3.394014 3.308781 16.491938
 70800.000000 -845429.437500 795.185422 3.372792 3.486559 16.442018
 70820.000000 -845137.437500 794.835634 3.530005 3.411935 16.645932
 70840.000000 -846193.625000 794.406212 3.447612 3.366234 16.394187
 70860.000000 -842985.687500 793.655033 3.391526 3.383929 16.538521
 70880.000000 -845457.062500 793.287017 3.402519 3.519801 16.682569
 70900.000000 -845377.500000 794.496544 3.455862 3.479157 16.775371
 70920.000000 -842853.687500 793.314995 3.412231 3.607504 16.439934
 70940.000000 -844989.875000 795.673663 3.486804 3.709689 16.571214
 70960.000000 -844665.875000 794.299005 3.488784 3.432794 16.718441
 70980.000000 -846528.500000 794.653634 3.195371 3.078871 16.594567
 71000.000000 -843350.812500 793.901727 3.324683 3.087526 16.498096
 71020.000000 -844214.750000 793.697746 3.361416 3.373647 16.612166
 71040.000000 -844833.312500 796.812461 3.424913 3.362344 16.637201
 71060.000000 -844622.625000 795.520056 3.497331 3.481702 16.803551
 71080.000000 -844531.125000 793.499570 3.621306 3.295547 16.762207
 71100.000000 -845159.625000 793.813506 3.735440 3.594234 16.691216
 71120.000000 -843723.750000 794.862862 3.565688 3.185859 16.435853
 71140.000000 -846321.312500 795.254823 3.288799 3.320015 16.539975
 71160.000000 -845934.375000 794.449494 3.301115 3.534143 16.706006
 71180.000000 -843946.562500 793.650768 3.399791 3.349825 16.529009
 71200.000000 -845238.500000 792.017454 3.365747 3.345344 16.646569
 71220.000000 -844864.375000 797.085218 3.418587 3.603874 16.536715
 71240.000000 -843527.562500 797.383004 3.499641 3.364764 16.598270
 71260.000000 -842822.125000 796.943775 3.331504 3.283237 16.552068
 71280.000000 -844852.187500 795.484733 3.470683 3.252418 16.523694
 71300.000000 -845458.937500 794.972248 3.603682 3.141416 16.624733
 71320.000000 -843215.187500 796.857815 3.384223 3.527966 16.592031
 71340.000000 -841287.250000 800.964522 3.164640 2.935629 4.620586
 71360.000000 -841600.812500 801.311756 2.954585 3.297449 12.125334
 71380.000000 -843605.125000 795.361317 3.348697 3.119363 14.643857
 71400.000000 -846174.000000 796.386998 3.712732 3.341123 15.925316
 71420.000000 -844105.500000 792.954019 3.398258 3.498353 16.597702
 71440.000000 -845472.687500 793.892193 3.445730 3.744350 16.292781
 71460.000000 -844455.687500 792.749637 3.669856 3.706537 16.542994
 71480.000000 -844428.750000 794.898022 3.683079 3.717792 16.719700
 71500.000000 -845324.937500 793.337111 3.524230 3.604428 16.550579
 71520.000000 -845139.062500 794.744055 3.704652 3.605749 16.467544
 71540.000000 -844081.562500 793.269665 3.226013 3.443242 16.510995
 71560.000000 -844120.437500 794.910568 3.303493 3.543439 16.467253
 71580.000000 -844147.000000 792.947105 3.400141 3.407242 16.781815
 71600.000000 -844508.750000 796.375651 3.354018 3.204998 16.596861
 71620.000000 -844370.625000 795.183050 3.226873 3.627843 16.413252
 71640.000000 -844706.187500 794.772649 3.404143 3.421704 16.351863
 71660.000000 -843067.437500 795.859919 3.461712 3.281181 16.400518
 71680.000000 -844464.812500 796.609461 3.265903 3.453113 16.420599
 71700.000000 -844736.375000 793.718825 3.370849 3.641187 16.726523
 71720.000000 -844847.875000 794.492825 3.374393 3.563239 16.611207
 71740.000000 -845522.062500 794.221194 3.108165 3.591350 16.345891
 71760.000000 -844908.312500 792.617665 3.159384 3.643356 16.544356
 71780.000000 -846794.937500 792.086055 3.352266 3.544820 16.584358
 71800.000000 -844952.250000 792.525467 3.275727 3.271609 16.419772
 71820.000000 -843104.125000 795.622385 3.474051 3.281557 16.229736
 71840.000000 -843976.312500 794.212958 3.316910 3.168715 16.467536
 71860.000000 -846221.500000 791.533768 3.434888 3.408041 16.338406
 71880.000000 -844537.625000 793.623309 3.133486 3.292994 16.372972
 71900.000000 -841468.062500 798.203841 3.426865 3.263019 16.364869
 71920.000000 -844259.437500 794.990081 3.360137 3.498285 16.289387
 71940.000000 -843158.750000 793.456388 3.421872 3.381733 16.560173
 71960.000000 -845223.187500 795.437092 3.356536 3.337128 16.513728
 71980.000000 -845280.250000 792.732451 3.587671 3.377072 16.591448
 72000.000000 -844993.312500 796.184884 3.338419 3.387324 16.504430
 72020.000000 -845263.375000 793.725035 3.528740 3.135144 16.176260
 72040.000000 -844973.687500 794.514717 3.497043 3.260250 16.241097
 72060.000000 -844055.625000 794.030382 3.372484 3.638401 16.332164
 72080.000000 -845008.750000 793.784242 3.385784 3.966933 16.641608
 72100.000000 -842412.562500 794.467997 3.401544 3.644742 16.686313
 72120.000000 -844314.500000 795.182134 3.668557 3.482520 16.491192
 72140.000000 -844901.000000 793.776028 3.573564 3.547917 16.365667
 72160.000000 -842944.875000 796.561731 3.393001 3.410872 4.356104
 72180.000000 -841136.750000 799.577932 3.367707 2.902000 9.036777
 72200.000000 -843111.500000 797.519940 2.994391 2.703404 13.204218
 72220.000000 -842891.687500 797.181276 3.520484 3.367728 15.348939
 72240.000000 -843958.750000 793.331311 3.556183 3.528954 16.071011
 72260.000000 -844263.500000 793.612770 3.584186 3.315814 16.495144
 72280.000000 -843483.937500 796.068524 3.564679 3.139984 16.633222
 72300.000000 -845484.500000 793.165477 3.410250 3.344252 16.397479
 72320.000000 -844576.062500 793.568610 3.374838 3.310094 16.380614
 72340.000000 -844412.125000 793.354401 3.364081 3.387749 16.516617
 72360.000000 -844392.937500 794.638948 3.426054 3.251847 16.485351
 72380.000000 -845363.000000 793.531217 3.543516 3.501027 16.571132
 72400.000000 -844964.750000 795.082531 3.336181 3.461246 16.524360
 72420.000000 -842778.437500 797.651273 3.576938 3.598049 16.421203
 72440.000000 -844121.750000 795.002078 3.205934 3.509142 16.366786
 72460.000000 -843333.687500 796.574773 3.121364 3.499160 16.365556
 72480.000000 -845290.187500 794.479181 3.263005 3.384281 16.319131
 72500.000000 -843747.937500 793.373664 3.461279 3.381772 16.444291
 72520.000000 -843213.875000 794.475666 3.322020 3.320392 16.469803
 72540.000000 -843105.000000 794.440457 3.301503 3.125455 16.234980
 72560.000000 -844551.812500 796.942761 3.238019 3.413549 16.663108
 72580.000000 -845045.062500 794.452882 3.119192 3.561667 16.600570
 72600.000000 -842988.875000 793.158830 3.336334 3.355244 16.686724
 72620.000000 -845636.937500 792.590702 3.359609 3.458614 16.637417
 72640.000000 -843424.062500 796.928696 3.404713 3.274819 16.399622
 72660.000000 -844765.562500 794.555765 3.262630 3.400352 16.495468
 72680.000000 -843392.125000 791.830729 3.254952 3.383859 16.413781
 72700.000000 -844067.250000 793.372447 3.583541 3.573916 16.549032
 72720.000000 -845337.812500 792.265570 3.560922 3.848226 16.626330
 72740.000000 -845326.875000 794.054690 3.341965 3.397297 16.507362
 72760.000000 -845490.750000 791.368076 3.623499 3.283605 16.445617
 72780.000000 -844348.250000 794.140435 3.410722 3.324899 16.784651
 72800.000000 -842747.750000 798.137592 3.681783 3.396295 6.502662
 72820.000000 -842345.187500 800.956033 2.810028 3.127777 10.380557
 72840.000000 -844465.812500 795.813908 3.206580 3.261171 13.250442
 72860.000000 -844807.562500 796.445922 3.392092 3.345585 15.231961
 72880.000000 -843982.812500 791.888294 3.155224 3.456771 16.270294
 72900.000000 -844684.875000 793.546533 3.395863 3.493587 16.295632
 72920.000000 -844230.187500 793.458272 3.449808 3.347600 16.301094
 72940.000000 -844785.000000 793.970467 3.264847 3.403893 16.654486
 72960.000000 -842788.125000 795.276757 3.675117 3.367154 16.502002
 72980.000000 -844447.812500 792.542470 3.444275 3.446523 16.654705
 73000.000000 -845656.250000 792.887529 3.458510 3.345566 16.311609
 73020.000000 -843933.937500 795.341999 3.491924 3.330294 16.403523
 73040.000000 -845333.000000 795.296495 3.516290 3.406374 16.438659
 73060.000000 -845441.875000 791.601867 3.597303 3.250705 16.447472
 73080.000000 -845545.625000 793.718031 3.251886 3.210664 16.320133
 73100.000000 -844139.875000 795.063816 3.439383 3.153453 16.316351
 73120.000000 -845345.750000 793.559863 3.332821 3.364769 16.483027
 73140.000000 -843792.875000 794.545360 3.466972 3.558485 16.718463
 73160.000000 -843689.375000 795.474115 3.692765 3.319880 16.528842
 73180.000000 -843991.125000 794.126361 3.290832 3.208714 16.433725
 73200.000000 -843777.250000 794.669706 3.393965 3.279825 16.289067
 73220.000000 -845014.812500 792.181528 3.418809 3.404961 16.309488
 73240.000000 -844496.125000 795.309585 3.242146 3.195051 16.419784
 73260.000000 -844566.000000 794.185896 3.273954 3.186609 16.519598
 73280.000000 -844677.812500 793.084020 3.358056 3.486877 16.553370
 73300.000000 -843205.062500 795.929466 3.428808 3.517462 16.588413
 73320.000000 -843097.062500 794.522255 3.396368 3.528699 16.640074
 73340.000000 -845787.125000 793.674761 3.506200 3.346726 16.351593
 73360.000000 -844566.312500 790.875001 3.448277 3.409213 16.533318
 73380.000000 -844049.687500 794.501618 3.492628 3.403063 16.711153
 73400.000000 -843771.250000 794.128802 3.303585 3.385278 16.716431
 73420.000000 -842361.687500 796.755195 3.053082 3.142486 16.344585
 73440.000000 -845962.187500 794.246005 3.171192 3.075338 16.436294
 73460.000000 -842968.437500 793.065698 3.352953 3.271026 16.550083
 73480.000000 -844469.937500 792.270843 3.540737 3.619020 16.756580
 73500.000000 -844190.437500 793.104133 3.560729 3.173972 16.734855
 73520.000000 -843027.375000 794.075311 3.431912 3.117047 16.553243
 73540.000000 -844913.687500 793.318667 3.313539 3.306798 16.479400
 73560.000000 -844020.437500 793.390297 3.153116 3.231579 16.286528
 73580.000000 -844663.187500 796.340280 3.454090 3.609014 16.475192
 73600.000000 -845273.062500 793.831478 3.303340 3.469038 16.255906
 73620.000000 -844249.875000 794.446832 3.379580 3.475437 16.312611
 73640.000000 -845217.312500 795.511874 3.404222 3.478397 16.510072
 73660.000000 -844003.625000 792.987483 3.188258 3.330387 16.680201
 73680.000000 -844290.687500 794.803422 3.664781 3.710972 16.691699
 73700.000000 -846029.000000 791.053814 3.313047 3.500905 16.716506
 73720.000000 -843971.250000 790.999388 3.295334 3.482149 16.866009
 73740.000000 -844528.500000 795.486522 3.587088 3.549316 16.544457
 73760.000000 -844648.437500 794.759625 3.497386 3.480402 16.331453
 73780.000000 -843941.375000 793.823026 3.326790 3.399051 16.390075
 73800.000000 -845265.062500 794.263062 3.564048 3.346227 16.445307
 73820.000000 -845697.375000 795.335120 3.418476 3.405431 16.429981
 73840.000000 -845134.125000 792.614100 3.272141 3.228055 16.119448
 73860.000000 -845000.125000 794.872785 3.368896 3.340432 16.485441
 73880.000000 -844292.375000 792.083099 3.355465 3.429828 16.429500
 73900.000000 -845281.937500 794.397348 3.172957 3.187070 16.492063
 73920.000000 -844330.000000 793.621048 3.199691 3.552782 16.450411
 73940.000000 -842949.437500 797.159706 3.331763 3.469947 16.578157
 73960.000000 -843993.750000 795.997251 3.556911 3.418007 16.522659
 73980.000000 -844358.812500 793.629277 3.681033 3.335281 16.767819
 74000.000000 -844680.125000 793.886710 3.708104 3.332537 16.558929
 74020.000000 -842005.687500 795.438529 3.551649 3.408945 16.353053
 74040.000000 -843964.500000 796.367211 3.717419 3.392307 16.578031
 74060.000000 -844810.500000 794.019597 3.629864 3.399836 16.664681
 74080.000000 -844792.250000 792.509138 3.431070 3.266990 16.417983
 74100.000000 -844226.437500 794.817527 3.232948 3.579744 16.333669
 74120.000000 -846211.312500 792.720774 3.254521 3.282699 16.426768
 74140.000000 -845366.875000 794.084631 3.140380 3.623093 16.407064
 74160.000000 -845452.687500 791.700106 3.343767 3.553280 16.610958
 74180.000000 -844089.000000 793.872462 3.268248 3.572661 16.692912
 74200.000000 -844123.062500 796.221076 3.368982 3.504118 16.475136
 74220.000000 -846946.500000 792.804082 3.421029 3.364508 16.272435
 74240.000000 -844222.812500 792.477654 3.414696 3.416153 16.411713
 74260.000000 -843174.625000 793.815022 3.605278 3.334905 16.287288
 74280.000000 -844230.750000 793.176184 3.223746 3.500937 16.390391
 74300.000000 -844386.125000 794.026359 3.267576 3.426069 16.501372
 74320.000000 -844269.187500 792.951582 3.813085 3.230730 16.369874
 74340.000000 -845097.125000 793.466276 3.878993 3.286563 16.303645
 74360.000000 -845164.062500 792.583086 3.641866 3.333041 16.412327
 74380.000000 -843792.062500 794.933074 3.358190 3.383579 16.498704
 74400.000000 -844792.437500 794.624982 3.107344 3.170838 16.541219
 74420.000000 -843554.437500 793.434035 3.649581 3.411303 16.526202
 74440.000000 -844279.437500 792.938222 3.480856 3.346144 16.593244
 74460.000000 -845402.375000 791.275023 3.352922 3.591081 16.300065
 74480.000000 -844821.937500 793.554682 3.597647 3.644335 16.373147
 74500.000000 -845322.875000 789.276748 3.210589 3.680946 16.270021
 74520.000000 -844449.500000 794.512759 3.468926 3.174060 16.429945
 74540.000000 -845511.312500 794.334788 3.300455 3.190188 16.600468
 74560.000000 -845700.000000 795.398683 3.292415 3.582692 16.761626
 74580.000000 -846180.937500 792.202779 3.417304 3.426403 16.814873
 74600.000000 -843580.687500 792.290895 3.453510 3.103144 16.603655
 74620.000000 -844107.625000 794.761469 3.511079 3.236819 16.563563
 74640.000000 -844167.250000 794.003351 3.416332 3.338749 16.626568
 74660.000000 -844049.187500 795.418004 3.228505 3.598452 16.335269
 74680.000000 -845006.062500 790.826140 3.367811 3.607357 16.555297
 74700.000000 -845697.375000 792.628956 3.156067 3.519715 16.493927
 74720.000000 -847286.062500 791.537970 3.388328 3.744880 16.235548
 74740.000000 -844574.562500 794.018872 3.221330 3.589410 16.356505
 74760.000000 -843253.625000 796.797208 3.209126 3.397426 16.363607
 74780.000000 -844605.937500 792.790319 3.177005 3.444886 16.574501
 74800.000000 -845859.187500 793.478211 3.440034 3.562820 16.831633
 74820.000000 -845556.312500 792.494885 3.141461 3.652049 16.436290
 74840.000000 -846551.000000 791.904689 3.462920 3.467858 16.734139
 74860.000000 -845560.312500 792.671299 3.352203 3.564304 16.920181
 74880.000000 -845954.062500 792.620646 3.335397 3.465143 16.532046
 74900.000000 -845168.812500 791.749941 3.345135 3.520371 16.578901
 74920.000000 -844667.375000 794.019940 3.476427 3.355990 16.544848
 74940.000000 -842823.562500 791.945565 3.574855 3.423969 16.523343
 74960.000000 -845427.687500 791.913293 3.379010 3.610785 16.520373
 74980.000000 -844954.312500 792.409759 3.622613 3.718842 16.674822
 75000.000000 -842974.250000 796.426155 3.618685 3.360058 16.681157
 75020.000000 -844656.250000 791.245298 3.536329 3.711267 16.658245
 75040.000000 -844818.000000 794.646243 3.281552 3.449103 16.434359
 75060.000000 -846253.187500 794.524298 3.373383 3.529747 16.754210
 75080.000000 -841109.750000 798.883167 3.198850 3.557933 7.280653
 75100.000000 -843094.625000 800.192239 3.396711 3.606977 11.257036
 75120.000000 -845280.812500 793.987186 3.358379 3.664926 14.013938
 75140.000000 -842034.062500 795.514231 3.248399 3.680055 15.590540
 75160.000000 -844575.250000 793.713345 3.477311 3.517649 16.322488
 75180.000000 -843296.937500 795.590672 3.558189 3.460350 16.342178
 75200.000000 -843029.062500 795.642932 3.253864 3.628337 16.695977
 75220.000000 -845641.625000 792.937364 3.610917 3.493772 16.339293
 75240.000000 -844506.437500 793.692204 3.566879 3.332466 16.060899
 75260.000000 -845118.562500 796.594822 3.392966 3.509164 16.423247
 75280.000000 -845373.000000 792.909772 3.401724 3.692090 16.319591
 75300.000000 -844867.312500 795.988802 3.533816 3.438003 16.319389
 75320.000000 -844607.625000 796.639156 3.459699 3.206142 16.556166
 75340.000000 -842835.500000 795.984439 3.207973 3.460815 16.533080
 75360.000000 -844389.187500 794.093913 3.326032 3.239503 16.263475
 75380.000000 -843774.812500 795.083954 3.605457 3.394605 16.125153
 75400.000000 -843991.875000 794.025970 3.689368 3.461860 16.442731
 75420.000000 -844711.562500 797.526050 3.662110 3.494274 16.645687
 75440.000000 -846298.187500 792.597657 3.615836 3.558935 16.419556
 75460.000000 -844535.812500 795.963192 3.499143 3.539520 16.504000
 75480.000000 -845149.125000 791.284807 3.231732 3.633949 16.588015
 75500.000000 -844436.625000 794.778530 3.509506 3.441254 16.510425
 75520.000000 -845794.875000 793.204830 3.387443 3.332270 16.469393
 75540.000000 -844094.125000 792.303803 3.234334 3.596303 16.346522
 75560.000000 -842982.187500 793.407184 3.182501 3.258035 16.357303
 75580.000000 -843624.812500 793.724593 3.458452 3.251037 15.953157
 75600.000000 -845520.875000 793.026339 3.111885 3.524050 16.485459
 75620.000000 -844840.812500 795.363700 3.232083 3.508711 16.217288
 75640.000000 -842529.062500 794.959819 3.339905 3.500274 16.357136
 75660.000000 -845731.500000 794.688474 3.422541 3.392246 16.385250
 75680.000000 -845488.750000 795.111020 3.303240 3.112582 16.372791
 75700.000000 -844068.562500 793.862221 3.288009 3.321026 16.398006
 75720.000000 -844180.812500 794.468211 3.166632 3.149922 16.195265
 75740.000000 -844256.687500 794.301112 3.111818 3.630504 16.370293
 75760.000000 -843587.500000 792.480606 2.979879 3.319943 16.489685
 75780.000000 -844538.875000 794.913959 3.177823 3.419867 16.505434
 75800.000000 -843256.250000 793.707704 3.406139 3.450782 16.511729
 75820.000000 -843926.625000 793.802890 3.521284 3.514464 16.537752
 75840.000000 -845167.500000 792.849763 3.335042 3.390371 16.484366
 75860.000000 -844075.750000 794.265742 3.107923 3.480922 16.339835
 75880.000000 -846755.625000 794.087748 3.338646 3.582389 16.610137
 75900.000000 -845653.812500 792.078009 3.281519 3.532725 16.752902
 75920.000000 -845038.437500 796.230482 3.310458 3.250247 16.240964
 75940.000000 -845002.750000 795.515632 3.593991 3.513629 16.250147
 75960.000000 -845447.937500 793.270313 3.463698 3.467121 16.337368
 75980.000000 -845120.812500 794.452318 3.310705 3.540440 16.414617
 76000.000000 -843585.875000 794.881306 3.160137 3.480003 16.409152
 76020.000000 -844511.750000 796.527085 3.289591 3.527006 16.524293
 76040.000000 -844443.562500 792.560309 3.445469 3.473485 16.486778
 76060.000000 -844367.812500 794.030214 3.335538 3.332366 16.695078
 76080.000000 -844606.687500 793.123461 3.245741 3.508284 16.913829
 76100.000000 -845278.500000 793.386571 3.174854 3.551954 16.525044
 76120.000000 -845339.500000 795.957623 3.163822 3.347233 16.486189
 76140.000000 -846373.125000 791.712872 3.431001 3.393505 16.533080
 76160.000000 -844917.375000 791.916093 3.583550 3.537729 16.561407
 76180.000000 -842346.875000 793.557930 3.478565 3.709136 16.837526
 76200.000000 -844319.625000 793.316035 3.300450 3.567096 16.482766
 76220.000000 -846595.437500 791.408828 3.644447 3.641971 16.589416
 76240.000000 -844952.500000 790.370293 3.572353 3.435139 16.596433
 76260.000000 -843784.937500 792.221992 3.684880 3.746981 16.323786
 76280.000000 -844741.812500 792.540963 3.225187 3.502747 16.309951
 76300.000000 -844978.687500 793.726037 3.200514 3.617319 16.530877
 76320.000000 -844043.187500 793.249595 3.111863 3.553945 16.711120
 76340.000000 -845486.562500 791.487517 3.330272 3.252739 16.738440
 76360.000000 -845056.000000 792.791552 3.569767 3.440976 16.563478
 76380.000000 -844966.687500 795.098553 3.370737 3.239460 16.548657
 76400.000000 -843095.437500 796.265198 3.199140 3.483112 16.322604
 76420.000000 -843951.187500 792.774794 3.662551 3.328002 16.390890
 76440.000000 -843254.312500 795.856981 3.657158 3.291268 16.629858
 76460.000000 -845277.562500 791.883403 3.369172 3.346321 16.505362
 76480.000000 -844646.437500 795.349897 3.470133 3.345312 16.192187
 76500.000000 -844476.375000 793.797634 3.291093 3.510998 16.305614
 76520.000000 -844555.125000 793.484669 3.226104 3.613573 16.357566
 76540.000000 -843172.937500 793.399045 3.419208 3.452445 16.368524
 76560.000000 -843519.625000 795.907238 3.581956 3.289894 16.095424
 76580.000000 -845264.562500 793.198021 3.369438 3.276851 16.372075
 76600.000000 -843945.187500 791.602360 3.300366 3.265426 16.624450
 76620.000000 -847213.750000 793.142851 3.343511 3.439319 16.530842
 76640.000000 -845317.062500 792.508923 3.286369 3.395871 16.752277
 76660.000000 -845602.812500 794.037796 3.392294 3.123871 16.674565
 76680.000000 -846784.875000 794.830207 3.190519 3.017433 16.620949
 76700.000000 -844315.375000 791.920115 3.072731 3.460015 16.575556
 76720.000000 -845496.625000 792.858356 3.316353 3.320779 16.573158
 76740.000000 -845479.437500 790.526736 3.253808 3.509444 16.505211
 76760.000000 -843692.250000 795.722184 3.346141 3.418300 16.442652
 76780.000000 -844057.562500 793.563685 3.454529 3.458683 16.621126
 76800.000000 -844509.625000 794.233039 3.437412 3.605375 16.459124
 76820.000000 -844475.437500 795.950327 3.205586 3.450050 16.688070
 76840.000000 -842987.437500 795.915417 3.253874 3.397483 16.651233
 76860.000000 -845879.625000 793.180154 3.311098 3.262367 16.650728
 76880.000000 -843866.187500 795.866696 3.262080 3.428068 16.607973
 76900.000000 -843922.312500 796.195116 3.212988 3.552032 16.393151
 76920.000000 -844081.000000 791.571118 3.277888 3.734314 16.442184
 76940.000000 -845833.500000 793.802890 2.946872 3.377155 16.438324
 76960.000000 -844772.125000 793.377690 3.368013 3.311484 16.479554
 76980.000000 -844113.500000 795.847403 3.258967 3.507246 16.816460
 77000.000000 -844250.812500 793.246765 3.437038 3.236195 16.690920
 77020.000000 -844114.000000 796.492995 3.342511 3.255341 16.703536
 77040.000000 -843910.250000 794.509492 3.573590 3.348680 16.585245
 77060.000000 -843904.250000 794.908245 3.616863 3.308391 16.615137
 77080.000000 -845226.750000 793.104350 3.514416 3.147653 16.644643
 77100.000000 -846714.875000 793.111296 3.653424 3.390944 16.388255
 77120.000000 -845311.625000 793.178067 3.353260 3.413103 16.572808
 77140.000000 -844203.125000 794.680778 3.419259 3.110851 16.539157
 77160.000000 -844113.750000 794.057660 3.540405 3.109407 16.589469
 77180.000000 -843681.562500 792.292675 3.837466 3.479302 16.829898
 77200.000000 -843965.687500 792.701757 3.481697 3.405134 16.722439
 77220.000000 -844727.625000 791.659617 3.436628 3.533410 16.541001
 77240.000000 -847171.937500 790.276337 3.212116 3.532749 16.407942
 77260.000000 -844784.625000 794.455618 3.485340 3.503267 16.360153
 77280.000000 -846343.312500 794.377860 3.715324 3.405660 16.477303
 77300.000000 -844420.625000 794.421717 3.624629 3.309655 16.390521
 77320.000000 -844259.812500 792.025876 3.293751 3.223374 16.321825
 77340.000000 -845105.250000 791.003718 3.342957 3.300907 16.473742
 77360.000000 -844298.375000 796.131494 3.112106 3.344373 16.614658
 77380.000000 -844608.062500 792.753752 3.128793 3.449380 16.478814
 77400.000000 -843176.000000 792.428722 3.351247 3.497298 16.542309
 77420.000000 -845215.875000 793.038947 3.823868 3.356395 16.325243
 77440.000000 -845234.250000 791.270220 3.274102 3.278345 16.535241
 77460.000000 -844895.562500 795.228410 3.284579 3.427953 16.655484
 77480.000000 -846329.875000 792.697865 3.487796 3.413798 16.527420
 77500.000000 -842943.812500 795.753216 3.280419 3.244048 16.655049
 77520.000000 -844955.812500 795.928182 3.237014 3.236738 16.587529
 77540.000000 -843679.500000 794.477490 3.186411 3.459757 16.456696
 77560.000000 -845444.437500 792.143000 3.330843 3.426044 16.460338
 77580.000000 -844441.437500 793.166730 3.310205 3.363100 16.338827
 77600.000000 -845460.875000 792.158952 3.261900 3.114274 16.489289
 77620.000000 -845547.750000 792.623597 3.293068 3.270038 16.602565
 77640.000000 -842994.125000 794.818692 3.395927 3.115361 16.487438
 77660.000000 -847175.562500 790.422776 3.278005 3.437734 16.392074
 77680.000000 -843993.250000 794.430390 3.261715 3.553634 16.688221
 77700.000000 -843990.625000 794.941219 3.209182 3.565859 16.860257
 77720.000000 -843105.250000 794.588277 3.430637 3.556813 16.632574
 77740.000000 -844797.375000 794.095230 3.100839 3.578529 16.748885
 77760.000000 -844839.187500 793.268614 3.321775 3.528071 16.526606
 77780.000000 -845324.937500 791.515165 3.303609 3.395577 16.515919
 77800.000000 -844064.062500 792.054523 3.317964 3.346996 16.315305
 77820.000000 -844308.375000 792.990525 3.359621 3.413356 16.459371
 77840.000000 -844539.250000 795.107013 3.251990 3.222354 16.570014
 77860.000000 -844758.875000 794.109538 3.457411 3.332720 16.398727
 77880.000000 -845879.250000 791.048598 3.629942 3.370946 16.719810
 77900.000000 -845034.562500 792.348204 3.616175 3.116134 16.620934
 77920.000000 -843165.187500 793.750198 3.646098 3.127188 16.594062
 77940.000000 -845302.312500 795.495928 3.453136 3.121948 16.513120
 77960.000000 -846040.937500 794.279723 3.142296 3.354618 16.546369
 77980.000000 -847775.187500 792.163809 3.244762 3.156972 16.446032
 78000.000000 -843750.812500 795.002095 3.352746 3.276340 16.516106
 78020.000000 -842989.875000 793.064475 3.465280 3.383602 16.567889
 78040.000000 -843868.312500 792.288215 3.585414 3.026532 16.403001
 78060.000000 -844967.250000 792.790830 3.553444 3.204037 16.544225
 78080.000000 -845564.312500 794.123449 3.415627 2.879709 16.513966
 78100.000000 -844880.187500 792.588888 3.346703 3.091359 16.729681
 78120.000000 -846461.187500 792.795235 3.400417 3.622377 16.562396
 78140.000000 -845289.000000 793.075663 3.504131 3.758655 16.520172
 78160.000000 -846223.562500 791.489004 3.510697 3.265597 16.302455
 78180.000000 -844040.125000 793.323466 3.741968 3.390601 16.452591
 78200.000000 -847279.500000 791.386267 3.664588 3.184852 16.611005
 78220.000000 -842274.187500 795.155134 3.349890 3.265607 16.454284
 78240.000000 -844638.687500 793.464486 3.251593 3.288092 16.189312
 78260.000000 -843223.000000 792.960910 3.315181 3.539108 16.305475
 78280.000000 -844950.500000 793.982894 3.368951 3.478080 16.512354
 78300.000000 -844220.125000 791.889400 3.612516 3.524032 16.313931
 78320.000000 -845191.625000 793.949207 3.492320 3.219651 16.503350
 78340.000000 -845781.812500 792.611667 3.432681 3.377751 16.594479
 78360.000000 -845805.250000 796.609168 3.521025 3.348983 16.590965
 78380.000000 -844015.750000 794.308820 3.420921 3.353503 16.523066
 78400.000000 -844480.875000 794.063112 3.397334 3.333850 16.535819
 78420.000000 -843461.812500 796.920548 3.449939 3.334218 16.487206
 78440.000000 -842902.625000 794.440810 3.672024 3.220236 16.584314
 78460.000000 -844068.000000 796.500609 3.442575 3.412902 16.701689
 78480.000000 -846138.500000 792.264314 3.364381 3.559968 16.707965
 78500.000000 -843873.687500 794.009033 3.165020 3.508264 16.638300
 78520.000000 -844186.375000 795.334483 3.199759 3.163095 16.517870
 78540.000000 -846642.000000 791.482365 3.320817 3.332558 16.523989
 78560.000000 -842669.687500 796.992936 3.342491 3.559030 16.587878
 78580.000000 -844723.750000 795.277490 3.675895 3.606266 16.706890
 78600.000000 -845323.312500 792.248973 3.756596 3.430884 16.561076
 78620.000000 -844652.125000 795.438820 3.650990 3.565008 16.568350
 78640.000000 -844882.187500 791.662226 3.404054 3.349031 16.604191
 78660.000000 -844649.937500 794.027847 3.347768 3.317068 16.615573
 78680.000000 -844808.562500 794.178502 3.221090 3.188714 16.522802
 78700.000000 -844856.000000 792.246837 3.403950 3.522399 16.470423
 78720.000000 -843484.687500 794.408845 3.419018 3.541948 16.598339
 78740.000000 -844122.500000 793.671232 3.320365 3.470332 16.586452
 78760.000000 -843840.000000 794.314629 3.631962 3.429278 16.309001
 78780.000000 -845426.562500 794.465468 3.581642 3.609431 16.367594
 78800.000000 -844897.062500 792.196398 3.459197 3.439248 16.348104
 78820.000000 -842695.937500 792.562699 3.549691 3.176926 16.669601
 78840.000000 -843831.125000 792.861950 3.382180 3.289760 16.620027
 78860.000000 -844365.687500 795.385679 3.389210 3.296103 16.792542
 78880.000000 -841564.187500 796.694837 3.435428 3.389277 16.469076
 78900.000000 -845488.625000 794.457904 3.587613 3.081961 16.480040
 78920.000000 -845232.812500 794.743161 3.566891 3.423352 16.420611
 78940.000000 -846505.812500 794.962910 3.220943 3.502585 16.406394
 78960.000000 -844345.000000 794.608885 3.427637 3.566139 16.327428
 78980.000000 -842911.937500 793.662943 3.518888 3.545132 16.319896
 79000.000000 -846428.187500 792.714694 3.456767 3.218522 16.265009
 79020.000000 -844276.562500 796.098166 3.121903 3.298401 16.392123
 79040.000000 -844677.000000 795.463695 3.377288 3.239387 16.235388
 79060.000000 -844676.750000 794.419840 3.265164 3.399743 16.338090
 79080.000000 -845365.687500 790.056270 3.434634 3.088652 16.769032
 79100.000000 -843519.937500 793.413881 3.517241 3.112503 16.695226
 79120.000000 -844751.625000 793.791861 3.464080 3.183990 16.637200
 79140.000000 -843470.625000 795.207839 3.728887 3.231573 16.353493
 79160.000000 -844378.312500 794.435442 3.193633 3.534061 16.545996
 79180.000000 -845092.625000 793.790932 3.431707 3.536411 16.711591
 79200.000000 -845658.000000 791.377309 3.417421 3.428414 16.473956
 79220.000000 -842484.500000 794.587400 3.496749 3.550556 16.266903
 79240.000000 -844713.000000 795.012133 3.392479 3.338642 16.341789
 79260.000000 -844970.000000 795.104630 3.499638 3.443969 16.224699
 79280.000000 -845907.562500 793.690566 3.410904 3.480981 16.044169
 79300.000000 -845740.125000 794.021271 3.434826 3.223290 16.330016
 79320.000000 -845695.875000 795.224248 3.433572 3.270834 16.129948
 79340.000000 -846776.937500 791.933005 3.515186 3.459927 16.285277
 79360.000000 -844870.250000 794.893550 3.461950 3.332086 16.537790
 79380.000000 -844959.437500 794.180652 3.365473 3.287826 16.788364
 79400.000000 -844282.562500 793.484911 3.247868 3.298782 16.791860
 79420.000000 -845689.375000 794.556489 3.169220 3.576243 16.531725
 79440.000000 -844361.500000 792.592560 3.549992 3.531478 16.516500
 79460.000000 -843234.750000 793.807358 3.453979 3.385134 16.617539
 79480.000000 -843550.562500 794.898960 3.527722 3.707560 16.585444
 79500.000000 -845872.875000 791.687426 3.278291 3.226610 16.759183
 79520.000000 -844447.875000 795.255197 3.326619 3.262353 16.681402
 79540.000000 -845996.937500 791.803715 3.287851 3.516625 16.394190
 79560.000000 -845833.500000 790.978428 3.373987 3.600034 16.375507
 79580.000000 -844516.000000 793.338096 3.401902 3.312007 16.227594
 79600.000000 -845845.250000 792.880552 3.430648 3.532058 16.332629
 79620.000000 -844511.687500 793.706318 3.610633 3.478317 16.180606
 79640.000000 -843211.437500 793.828472 3.254063 3.374865 16.618331
 79660.000000 -844132.875000 794.080695 3.271372 3.048861 16.522105
 79680.000000 -845733.125000 793.367009 3.241632 3.038007 16.662231
 79700.000000 -845799.750000 795.974720 3.437948 3.371287 16.492980
 79720.000000 -844145.062500 793.444662 3.529408 3.457353 16.487449
 79740.000000 -843959.375000 793.740290 3.229104 3.520713 16.501986
 79760.000000 -844889.562500 794.763608 3.248247 3.463980 16.526173
 79780.000000 -845143.000000 793.617282 3.243018 3.420594 16.351917
 79800.000000 -841564.375000 794.875761 3.271493 3.343353 16.341508
 79820.000000 -843833.375000 791.472911 3.829331 3.180008 16.589583
 79840.000000 -843604.312500 794.771618 3.712854 3.436893 16.388582
 79860.000000 -844480.312500 791.618986 3.557639 3.208970 16.517581
 79880.000000 -844549.250000 793.470954 3.711779 3.233048 16.488499
 79900.000000 -846227.312500 794.893861 3.452827 3.352797 16.383999
 79920.000000 -843443.375000 793.886164 3.352724 3.412300 16.473195
 79940.000000 -845668.500000 795.176607 3.158484 3.590715 16.390631
 79960.000000 -844000.875000 794.316703 3.318834 3.627049 16.440903
 79980.000000 -844149.312500 793.502416 3.658134 3.627485 16.831145
 80000.000000 -844569.937500 792.880486 3.506687 3.538878 16.584605
 80020.000000 -844940.062500 792.485287 3.455268 3.454914 16.493633
 80040.000000 -843082.437500 793.752807 3.474887 3.666086 16.414466
 80060.000000 -846286.062500 790.692857 3.189780 3.506324 16.408379
 80080.000000 -846672.062500 791.772282 3.096628 3.578485 16.431114
 80100.000000 -845158.562500 793.359953 3.346414 3.799731 16.294780
 80120.000000 -844978.687500 795.151260 3.431890 3.518929 16.372420
 80140.000000 -843376.750000 794.654976 3.410179 3.479625 16.296430
 80160.000000 -844391.000000 794.471176 3.360157 3.532210 16.535407
 80180.000000 -845242.375000 793.992225 3.393666 3.320334 16.464592
 80200.000000 -846716.687500 792.210653 3.385126 3.355111 16.154529
 80220.000000 -844925.000000 792.216579 3.295619 3.213968 16.249963
 80240.000000 -845218.312500 794.636970 3.502261 3.267504 16.539547
 80260.000000 -844239.187500 794.941079 3.489017 3.342766 16.719072
 80280.000000 -842429.000000 796.455297 3.583057 3.198761 16.531063
 80300.000000 -844456.187500 794.257476 3.373285 3.234708 16.618506
 80320.000000 -844548.750000 795.852203 3.189815 3.442950 16.756728
 80340.000000 -843549.437500 793.324382 3.231010 3.416759 16.815264
 80360.000000 -846204.437500 791.602305 3.229882 3.482452 16.801197
 80380.000000 -844066.937500 793.514186 3.550037 3.323801 16.624712
 80400.000000 -843967.937500 793.787314 3.417274 3.366308 16.595611
 80420.000000 -846874.500000 793.269007 3.653043 3.094666 16.257945
 80440.000000 -845523.625000 795.797295 3.691925 3.151647 16.383648
 80460.000000 -843357.625000 793.250668 3.348840 3.216890 16.658360
 80480.000000 -844619.937500 793.313837 3.536290 3.428653 16.631699
 80500.000000 -844794.250000 794.223884 3.424579 3.268683 16.437816
 80520.000000 -842612.312500 794.649070 3.330828 3.389233 16.569066
 80540.000000 -845334.812500 795.577261 3.314935 3.290102 16.572806
 80560.000000 -845154.250000 794.738268 3.315479 3.083909 16.572950
 80580.000000 -840763.312500 801.509780 3.351420 3.134555 6.350684
 80600.000000 -841565.625000 798.844030 2.882550 2.789129 9.931483
 80620.000000 -843862.125000 797.982502 2.630513 2.778733 10.766619
 80640.000000 -843713.125000 798.036195 3.011917 2.975688 13.325872
 80660.000000 -843528.937500 797.180317 3.507718 3.484690 15.662739
 80680.000000 -844037.687500 795.303904 3.662978 3.389329 16.330538
 80700.000000 -844072.375000 794.429638 3.395721 3.396340 16.704113
 80720.000000 -843573.437500 793.466633 3.498621 3.620291 16.586228
 80740.000000 -844800.437500 795.191334 3.539928 3.389671 16.745258
 80760.000000 -846080.250000 791.917466 3.432037 3.256294 16.807569
 80780.000000 -843998.562500 793.037529 3.420362 3.303396 16.988251
 80800.000000 -844610.187500 793.885944 3.464910 3.345074 16.461648
 80820.000000 -844620.562500 796.006794 3.312721 3.475413 16.442443
 80840.000000 -844000.250000 794.848365 3.243677 3.469631 16.357686
 80860.000000 -844403.562500 794.203489 3.268335 3.673453 16.343085
 80880.000000 -844582.500000 791.493546 3.204414 3.288860 16.554649
 80900.000000 -844473.125000 794.337474 3.362095 3.134297 16.626576
 80920.000000 -845763.187500 795.283370 3.053826 3.082536 16.280117
 80940.000000 -842902.562500 794.375005 3.313124 3.208793 16.351245
 80960.000000 -842747.312500 795.713682 3.312056 3.141020 16.537187
 80980.000000 -845385.062500 796.080770 3.292141 3.253565 16.509182
 81000.000000 -843972.312500 793.456362 3.488388 3.171536 16.370460
 81020.000000 -845844.687500 791.210553 3.436014 3.182673 16.542788
 81040.000000 -844328.437500 795.311872 3.409204 3.339509 16.203052
 81060.000000 -844854.812500 792.833503 3.283076 3.214948 16.230854
 81080.000000 -844474.250000 795.621865 3.346819 3.287509 16.412883
 81100.000000 -845115.500000 793.077437 3.545272 3.591559 16.231356
 81120.000000 -845904.562500 792.000668 3.441152 3.413563 16.533336
 81140.000000 -844695.562500 791.685515 3.455273 3.328829 16.433378
 81160.000000 -845061.000000 793.306644 3.533699 3.471539 16.242772
 81180.000000 -844423.687500 792.281294 3.340560 3.411852 16.472714
 81200.000000 -845130.750000 793.374871 3.259248 3.785353 16.440070
 81220.000000 -844961.375000 795.537919 3.355592 3.475126 16.360621
 81240.000000 -844211.500000 795.108380 3.536666 3.189456 16.278504
 81260.000000 -842972.187500 796.698027 3.229107 3.463150 16.343407
 81280.000000 -843992.375000 794.748907 3.386262 3.225141 16.371720
 81300.000000 -843924.750000 796.709836 3.480327 3.267452 16.365709
 81320.000000 -843298.937500 793.848186 3.365088 3.338844 16.602918
 81340.000000 -844329.812500 794.217564 3.427793 3.261192 16.356612
 81360.000000 -845695.500000 792.529655 3.317832 3.527697 16.598987
 81380.000000 -842950.875000 795.802805 3.599191 3.119754 16.523199
 81400.000000 -845080.562500 794.020261 3.281239 3.322917 16.438799
 81420.000000 -845089.437500 793.938465 3.428974 3.769275 16.565079
 81440.000000 -844791.937500 793.994604 3.291942 3.826549 16.801293
 81460.000000 -844432.375000 794.367026 3.422064 3.796433 16.876368
 81480.000000 -845721.125000 792.777946 3.420487 3.574342 16.538848
 81500.000000 -845639.312500 791.812321 3.314025 3.494277 16.635255
 81520.000000 -846578.437500 793.259670 3.516870 3.528357 16.702278
 81540.000000 -844135.875000 792.599421 3.369286 3.313463 16.632160
 81560.000000 -843997.250000 793.906298 3.125554 3.622577 16.526884
 81580.000000 -845641.437500 792.817425 3.231623 3.451010 16.594699
 81600.000000 -843722.125000 797.072880 3.175115 3.335921 16.415811
 81620.000000 -843676.812500 792.665962 3.516258 3.320049 16.372947
 81640.000000 -842696.125000 794.327577 3.526494 3.105174 16.116843
 81660.000000 -845660.875000 795.071389 3.462959 3.216482 16.357635
 81680.000000 -845371.812500 795.184622 3.376400 3.141456 16.424898
 81700.000000 -843994.437500 794.813345 3.512464 3.137010 16.448622
 81720.000000 -843791.000000 795.948542 3.456127 3.242703 16.851053
 81740.000000 -842143.625000 798.941200 3.090524 3.350680 6.363768
 81760.000000 -843360.750000 795.967160 3.523256 3.285366 12.353535
 81780.000000 -842762.812500 798.059326 3.948893 3.271307 14.835841
 81800.000000 -842461.187500 794.701310 3.468575 3.445347 15.785470
 81820.000000 -844278.125000 797.217855 3.592844 3.561312 16.453188
 81840.000000 -846227.750000 794.999362 3.474085 3.568098 16.623365
 81860.000000 -845577.812500 796.259170 3.443869 3.183640 16.358416
 81880.000000 -842411.937500 795.707310 3.445317 3.550591 16.354781
 81900.000000 -843347.375000 796.583238 3.269638 3.494901 16.252544
 81920.000000 -843452.875000 795.431018 3.321119 3.151269 16.277862
 81940.000000 -843883.187500 793.470232 3.367473 3.196412 16.317268
 81960.000000 -843395.812500 796.365630 3.422131 3.345806 16.183562
 81980.000000 -845918.312500 797.050971 3.377581 3.292362 16.458621
 82000.000000 -846329.062500 796.016527 3.315784 3.269310 17.038586
 82020.000000 -845658.125000 792.189775 3.128161 3.599270 16.611645
 82040.000000 -844174.562500 794.718806 3.492891 3.657255 16.419891
 82060.000000 -845370.937500 796.543894 3.529247 3.456500 16.450736
 82080.000000 -843585.187500 794.054860 3.384754 3.617020 16.426855
 82100.000000 -845607.250000 792.462367 3.271265 3.502001 16.494004
 82120.000000 -843634.437500 795.093695 3.421389 3.304438 16.473593
 82140.000000 -844478.125000 795.148275 3.259960 3.531680 16.512602
 82160.000000 -843364.687500 793.794367 3.112956 3.575242 16.680767
 82180.000000 -845542.562500 793.185326 3.612497 3.667387 16.652963
 82200.000000 -845376.687500 794.301486 3.583254 3.600138 16.469540
 82220.000000 -846267.687500 793.112202 3.638947 3.372041 16.618918
 82240.000000 -845673.562500 792.047066 3.500301 3.293984 16.649692
 82260.000000 -843950.750000 794.003311 3.255355 3.900313 16.215308
 82280.000000 -845869.687500 794.236347 3.158565 3.598586 16.388132
 82300.000000 -844447.000000 794.183361 3.191256 3.327742 16.418748
 82320.000000 -844486.875000 794.610444 3.334097 3.237003 16.505071
 82340.000000 -843296.875000 797.679735 3.289272 3.200437 16.380851
 82360.000000 -846672.750000 793.407310 3.457799 3.460867 16.634086
 82380.000000 -845326.187500 794.816222 3.777233 3.682327 16.683282
 82400.000000 -844574.000000 794.696540 3.414653 3.566821 16.743920
 82420.000000 -844695.562500 794.345732 3.332899 3.625905 16.598181
 82440.000000 -843741.375000 794.653390 3.271425 3.217285 16.575239
 82460.000000 -843614.687500 796.729425 3.290147 3.132580 16.395669
 82480.000000 -843658.125000 796.023862 3.301009 3.410640 16.822026
 82500.000000 -844405.375000 796.064267 3.354571 3.601880 16.767461
 82520.000000 -844073.187500 794.853852 3.306160 3.278708 16.479466
 82540.000000 -845283.562500 794.604706 3.345568 3.184027 16.341749
 82560.000000 -845342.875000 793.376689 3.393284 3.444253 16.303847
 82580.000000 -845158.937500 792.547271 3.184445 3.311382 16.238542
 82600.000000 -845361.937500 792.510767 3.190884 3.308792 16.645166
 82620.000000 -846412.125000 793.393617 3.337480 3.181073 16.469968
 82640.000000 -844210.937500 792.300776 3.337537 3.010807 16.456364
 82660.000000 -842724.625000 796.877736 3.300596 3.343597 16.447786
 82680.000000 -843901.375000 791.817351 3.408427 3.416695 16.456067
 82700.000000 -844818.125000 793.753353 3.598869 3.379286 16.317573
 82720.000000 -845739.875000 793.315517 3.411045 3.494526 16.718750
 82740.000000 -844837.437500 793.935863 3.252575 3.414851 16.538549
 82760.000000 -843512.562500 792.158301 3.510424 3.364710 16.599465
 82780.000000 -844036.437500 794.880366 3.501510 2.984368 16.750584
 82800.000000 -844845.625000 793.611629 3.557536 3.118644 16.583737
 82820.000000 -843991.750000 794.823641 3.560518 3.356366 16.463442
 82840.000000 -845119.437500 793.489309 3.321328 3.509675 16.522285
 82860.000000 -844093.000000 793.925084 3.246971 3.571618 16.656984
 82880.000000 -843118.687500 794.020977 3.574873 3.684338 16.568523
 82900.000000 -845755.937500 791.413973 3.263408 3.396658 16.595327
 82920.000000 -842170.687500 794.834755 3.247471 3.344217 16.424814
 82940.000000 -844706.875000 793.867150 3.255845 3.066671 16.341526
 82960.000000 -845672.062500 797.508120 3.380982 3.427523 16.466023
 82980.000000 -844661.437500 793.815998 3.561215 3.453371 16.606351
 83000.000000 -843677.375000 794.480872 3.375951 3.762916 16.390168
 83020.000000 -843713.500000 793.802071 3.173352 3.676471 16.305740
 83040.000000 -843969.437500 792.400369 3.208349 3.441058 16.251952
 83060.000000 -842642.625000 794.163749 3.433373 3.388602 16.431527
 83080.000000 -844424.062500 795.017558 3.639608 3.496988 16.626179
 83100.000000 -844503.125000 793.915194 3.668020 3.518000 16.545441
 83120.000000 -845585.500000 790.597466 3.712362 3.525590 16.493429
 83140.000000 -846823.000000 792.080818 3.582770 3.440527 16.363438
 83160.000000 -845822.562500 794.875411 3.562535 3.241230 16.274605
 83180.000000 -843509.187500 793.698077 3.229571 3.428988 16.471679
 83200.000000 -844673.312500 793.648802 3.459634 3.518702 16.569768
 83220.000000 -844226.812500 793.556511 3.422808 3.438946 16.654293
 83240.000000 -844411.812500 793.446440 3.120850 3.287180 16.192216
 83260.000000 -845657.625000 796.405668 3.275310 3.342733 16.378269
 83280.000000 -844026.312500 793.673843 3.279823 3.378320 16.317928
 83300.000000 -845326.875000 793.919947 3.458924 3.271682 16.171293
 83320.000000 -843983.937500 794.216683 3.319062 3.223754 16.472424
 83340.000000 -843989.125000 794.298059 3.318342 3.335875 16.319070
 83360.000000 -843559.375000 795.354456 3.293418 3.163500 16.450879
 83380.000000 -846459.375000 794.831754 3.481242 2.957754 16.247493
 83400.000000 -843977.437500 796.038146 3.439531 3.366830 16.363869
 83420.000000 -845113.937500 794.326282 3.265583 3.582323 16.382059
 83440.000000 -844443.437500 793.934005 3.248706 3.590736 16.139240
 83460.000000 -843917.000000 793.548338 3.052846 3.502236 16.276505
 83480.000000 -845387.187500 796.277346 3.409674 3.327596 16.495111
 83500.000000 -846313.625000 794.911002 3.183630 3.400066 16.411297
 83520.000000 -843952.437500 794.937721 3.287220 3.635853 16.484896
 83540.000000 -842708.750000 794.465358 3.286576 3.639318 16.474500
 83560.000000 -844744.312500 793.524635 3.631087 3.545415 16.236255
 83580.000000 -843712.562500 794.850551 3.546221 3.688093 16.485267
 83600.000000 -845800.812500 792.551062 3.212197 3.254058 16.383623
 83620.000000 -844459.750000 792.714034 3.243077 3.135316 16.222537
 83640.000000 -843282.125000 794.985388 3.237216 3.072574 16.587427
 83660.000000 -843498.187500 791.530137 3.380072 3.341017 16.174885
 83680.000000 -843939.562500 791.109743 3.361607 3.375098 16.525981
 83700.000000 -843807.375000 795.829169 3.473764 3.452243 16.599315
 83720.000000 -843815.250000 792.191823 3.482588 3.131060 16.609406
 83740.000000 -842988.625000 795.795610 3.123008 3.336594 16.566051
 83760.000000 -843905.312500 791.698458 3.734954 3.483806 16.569691
 83780.000000 -845098.937500 790.249943 3.393422 3.294085 16.494309
 83800.000000 -844105.500000 792.613054 3.335085 3.521417 16.834924
 83820.000000 -843327.125000 794.590879 3.131680 3.656544 16.847404
 83840.000000 -844611.062500 792.715701 3.429128 3.453585 16.677836
 83860.000000 -843802.437500 795.220780 3.724227 3.573095 16.916887
 83880.000000 -846653.125000 793.540271 3.426422 3.660928 16.626198
 83900.000000 -844261.312500 794.446391 3.668404 3.229602 16.616605
 83920.000000 -843633.375000 793.011685 3.391051 3.284893 16.381655
 83940.000000 -845236.875000 792.806737 3.763634 3.341466 16.499665
 83960.000000 -844360.812500 790.894985 3.697669 3.609052 16.598401
 83980.000000 -843191.500000 794.270947 3.140079 3.404599 16.712449
 84000.000000 -845788.500000 792.706850 3.450476 3.096971 16.766074
 84020.000000 -846426.125000 793.168149 3.689243 3.452108 16.634109
 84040.000000 -843486.437500 797.501055 3.744535 3.321428 16.454927
 84060.000000 -845594.937500 793.324933 3.502448 3.747821 16.498056
 84080.000000 -843869.937500 792.881146 3.201892 3.483723 16.406429
 84100.000000 -844965.687500 794.533625 3.537053 3.329322 16.264204
 84120.000000 -844503.125000 793.599830 3.505871 3.340344 16.525333
 84140.000000 -844770.625000 794.651155 3.108853 3.299844 16.467611
 84160.000000 -845022.250000 791.857435 3.413586 3.383885 16.717061
 84180.000000 -845027.000000 794.859475 3.513661 3.405455 16.528359
 84200.000000 -843267.500000 793.168072 3.710994 3.461976 16.417293
 84220.000000 -843769.750000 793.678336 3.760354 3.767927 16.599824
 84240.000000 -843269.250000 791.089255 3.556281 3.694446 16.343173
 84260.000000 -845594.812500 795.262193 3.722866 3.622877 16.149675
 84280.000000 -844649.312500 793.033334 3.657020 3.571243 16.451589
 84300.000000 -845547.312500 795.463656 3.642936 3.684041 16.463483
 84320.000000 -846088.562500 791.735634 3.681774 3.646119 16.415581
 84340.000000 -843220.687500 794.085609 3.633675 3.691196 16.565678
 84360.000000 -844911.312500 792.419099 3.594869 3.663700 16.511275
 84380.000000 -843637.937500 793.647272 3.461212 3.397247 16.566115
 84400.000000 -844707.750000 794.783454 3.398580 3.293914 16.664661
 84420.000000 -841560.000000 796.931105 3.290926 3.179236 16.693668
 84440.000000 -845402.312500 793.719062 3.192134 3.085285 16.456772
 84460.000000 -843627.062500 794.830885 3.274415 3.354737 16.410722
 84480.000000 -844962.375000 794.952218 3.320283 3.281298 16.161643
 84500.000000 -843722.062500 795.268226 3.239083 3.420166 16.560485
 84520.000000 -843391.500000 795.762476 3.288712 3.313132 16.515821
 84540.000000 -844448.250000 795.475608 3.490055 3.749114 16.531761
 84560.000000 -844545.187500 794.380124 3.280302 3.592389 16.753308
 84580.000000 -844743.687500 797.926275 3.409456 3.631948 16.477732
 84600.000000 -843501.687500 797.027039 3.498989 3.436309 16.615559
 84620.000000 -842748.250000 795.749602 3.562633 3.450315 16.454770
 84640.000000 -842889.812500 795.640731 3.481017 3.715777 16.731445
 84660.000000 -844440.375000 794.205714 3.173937 3.642864 16.447598
 84680.000000 -844202.812500 794.122957 3.358036 3.374599 16.170421
 84700.000000 -844623.687500 795.479654 3.439721 3.258969 16.492255
 84720.000000 -842970.750000 796.017887 3.533474 3.386421 16.681904
 84740.000000 -844242.375000 793.596424 3.733988 3.466149 16.819770
 84760.000000 -844755.937500 795.019253 3.379051 3.427269 16.450331
 84780.000000 -844442.187500 795.770599 3.355710 3.380895 16.411713
 84800.000000 -844453.000000 794.739245 3.417516 3.417244 16.212902
 84820.000000 -844570.937500 794.788710 3.187743 3.189742 16.287564
 84840.000000 -845057.812500 793.982966 3.340735 3.477843 16.471771
 84860.000000 -844875.250000 793.052645 3.375494 3.579867 16.449596
 84880.000000 -845049.250000 793.683208 3.360394 3.573008 16.622497
 84900.000000 -844665.687500 796.384439 3.330887 3.673586 16.692085
 84920.000000 -844734.625000 792.110374 3.281268 3.818337 16.701750
 84940.000000 -844869.500000 793.721659 3.470665 3.641485 16.700992
 84960.000000 -846339.812500 792.936553 3.633443 3.635025 16.667069
 84980.000000 -845060.375000 793.646037 3.337477 3.185809 16.631143
 85000.000000 -843903.000000 794.279982 3.260517 3.366427 16.372182
 85020.000000 -845305.312500 794.291389 3.302000 3.527686 16.300735
 85040.000000 -845549.187500 794.889054 3.356356 3.625543 16.430545
 85060.000000 -844162.625000 794.792507 3.475015 3.451818 16.298581
 85080.000000 -843283.750000 796.063354 3.507901 3.639672 16.553451
 85100.000000 -845506.750000 792.880871 3.578851 3.628013 16.629473
 85120.000000 -844086.875000 795.302530 3.429708 3.327675 16.380651
 85140.000000 -844750.437500 794.159816 3.674886 3.430644 16.473110
 85160.000000 -845399.250000 795.217728 3.417504 3.362732 16.401087
 85180.000000 -844610.250000 795.926705 3.610848 3.315113 16.521561
 85200.000000 -844799.062500 791.764213 3.346535 3.279186 16.602080
 85220.000000 -844243.250000 792.687034 3.260644 3.496722 16.438396
 85240.000000 -843572.375000 794.822931 3.552804 3.516624 16.234234
 85260.000000 -844257.375000 795.387998 3.315930 3.416981 16.290970
 85280.000000 -844369.812500 797.658319 3.373250 3.506671 16.309534
 85300.000000 -843972.125000 797.803724 3.552714 3.503078 16.358423
 85320.000000 -844329.250000 794.470368 3.575831 3.411285 16.559794
 85340.000000 -844723.062500 794.806964 3.205102 3.318622 16.360683
 85360.000000 -844573.500000 792.357585 3.731125 3.267335 16.576391
 85380.000000 -846300.187500 792.183093 3.649320 3.266412 16.452492
 85400.000000 -844745.125000 791.420268 3.537303 3.483525 16.396501
 85420.000000 -842961.625000 794.294176 3.535075 3.195397 16.557548
 85440.000000 -843897.562500 796.726666 3.549500 3.167770 16.416973
 85460.000000 -844542.312500 794.467018 3.261677 3.358184 16.632969
 85480.000000 -843852.750000 793.578864 3.377447 3.541860 16.687671
 85500.000000 -844783.312500 794.617363 3.446396 3.615402 16.680440
 85520.000000 -844640.937500 795.961114 3.437289 3.720120 16.708771
 85540.000000 -842376.125000 800.117244 3.263287 3.521839 6.766218
 85560.000000 -842134.937500 801.316553 2.915393 3.224285 10.930383
 85580.000000 -843537.312500 799.255867 3.078472 3.539034 12.942555
 85600.000000 -845130.625000 794.027178 3.428960 3.503908 15.019851
 85620.000000 -843863.000000 795.099425 3.783452 3.413972 16.210643
 85640.000000 -844594.312500 794.982419 3.695515 3.367543 16.289438
 85660.000000 -844886.937500 792.676511 3.579935 3.463984 16.542097
 85680.000000 -843622.125000 795.033956 3.609072 3.603246 16.513828
 85700.000000 -844394.562500 794.183009 3.435867 3.575590 16.755271
 85720.000000 -843765.562500 795.252269 3.532713 3.435846 16.431498
 85740.000000 -843215.750000 795.162675 3.663150 3.713758 16.474603
 85760.000000 -844347.250000 796.436320 3.329336 3.707841 16.237021
 85780.000000 -842579.750000 796.859480 3.242334 3.567610 16.180916
 85800.000000 -844965.375000 795.179585 3.255839 3.519224 16.496451
 85820.000000 -844177.250000 792.656161 3.133631 3.366008 16.504831
 85840.000000 -843939.000000 793.114882 3.278573 3.142217 16.504429
 85860.000000 -844181.000000 794.997507 3.242604 2.974435 16.362284
 85880.000000 -846490.812500 793.289611 3.442814 3.457503 16.342989
 85900.000000 -844672.875000 792.256666 3.460206 3.413884 16.622245
 85920.000000 -845002.562500 792.719806 3.582414 3.479938 16.488000
 85940.000000 -845427.437500 792.405091 3.211347 3.529450 16.653413
 85960.000000 -844565.500000 795.368277 3.358271 3.728603 16.395403
 85980.000000 -843956.812500 794.141010 3.276417 3.757634 16.361841
 86000.000000 -844227.000000 794.881597 3.197151 3.598001 16.639014
 86020.000000 -844039.875000 794.142396 3.248902 3.561812 16.733813
 86040.000000 -844447.250000 794.249329 3.410728 3.407058 16.361039
 86060.000000 -844266.812500 796.623355 3.234738 3.176337 16.521677
 86080.000000 -845446.312500 794.256143 3.459732 3.287868 16.475532
 86100.000000 -845387.687500 794.018940 3.257998 3.430933 16.509877
 86120.000000 -846644.000000 792.389796 3.414492 3.595247 16.704563
 86140.000000 -844998.812500 797.182620 3.232638 3.422249 16.662442
 86160.000000 -846149.375000 794.225948 3.308632 3.542318 16.484567
 86180.000000 -844282.125000 793.582638 3.287138 3.372811 16.422684
 86200.000000 -843503.687500 793.811770 3.304297 3.165420 16.722488
 86220.000000 -842947.750000 793.703413 3.317384 3.095556 16.558482
 86240.000000 -844261.375000 799.615993 3.555398 3.385217 6.343122
 86260.000000 -843020.875000 799.882992 3.952070 3.059769 9.775070
 86280.000000 -841625.937500 801.028805 3.481422 3.024909 11.391316
 86300.000000 -843397.562500 798.456641 3.300441 3.152690 13.980237
 86320.000000 -844604.875000 794.988046 3.478525 3.310963 15.239450
 86340.000000 -844115.687500 793.537911 3.558324 3.465890 15.927736
 86360.000000 -846439.625000 793.917414 3.811967 3.388374 16.202736
 86380.000000 -844615.687500 791.377835 3.562408 3.333047 16.514457
 86400.000000 -843999.812500 793.811999 3.415143 3.463505 16.666588
 86420.000000 -845514.000000 793.364641 3.350672 3.619425 16.667981
 86440.000000 -843318.812500 793.302156 3.325217 3.253708 16.448689
 86460.000000 -843123.375000 794.798887 3.301380 3.327118 16.498053
 86480.000000 -844283.437500 793.218114 3.201323 3.376544 16.496083
 86500.000000 -846429.750000 794.637921 3.390024 3.487392 16.524449
 86520.000000 -845897.312500 794.298451 3.450323 3.438583 16.368695
 86540.000000 -844451.250000 792.393997 3.450062 3.411862 16.471403
 86560.000000 -845131.250000 795.671636 3.262782 3.229836 16.247003
 86580.000000 -844195.250000 797.009454 3.375870 3.230066 16.423509
 86600.000000 -843664.312500 795.153314 3.416521 3.448064 16.517874
 86620.000000 -844632.000000 796.532402 3.706802 3.452616 16.479476
 86640.000000 -844307.875000 795.053278 3.562573 3.280924 16.298851
 86660.000000 -844719.875000 793.827278 3.758098 3.467532 16.426805
 86680.000000 -844285.937500 793.689068 3.433798 3.268900 16.646490
 86700.000000 -844542.875000 792.613347 3.228660 3.304972 16.544892
 86720.000000 -843898.937500 793.112977 3.234142 3.415005 16.496282
 86740.000000 -843677.062500 791.635595 3.695112 3.206908 16.563369
 86760.000000 -843142.125000 790.448509 3.334677 3.416175 16.588837
 86780.000000 -846694.562500 791.852114 3.567113 3.437029 16.297412
 86800.000000 -843831.937500 793.085644 3.589716 3.315320 16.214998
 86820.000000 -843775.937500 794.371000 3.396144 3.417883 16.467266
 86840.000000 -842545.875000 794.455729 3.347058 3.336184 16.377316
 86860.000000 -842850.125000 798.106429 2.976277 3.490562 16.480214
 86880.000000 -844802.250000 795.700510 3.013892 3.425998 16.526426
 86900.000000 -844056.500000 793.127915 3.489297 3.223330 16.868963
 86920.000000 -843086.625000 794.175998 3.530826 3.119152 16.598155
 86940.000000 -845067.687500 794.851984 3.395163 3.307619 16.518229
 86960.000000 -845144.312500 792.321605 3.350687 3.466161 16.468905
 86980.000000 -844520.500000 792.760525 3.184225 3.374879 16.360164
 87000.000000 -842745.250000 795.425541 3.604046 3.401503 16.404124
 87020.000000 -843307.437500 795.222220 3.476276 3.375714 16.439500
 87040.000000 -843612.562500 793.829853 3.531348 3.528838 16.244913
 87060.000000 -844203.187500 794.544916 3.574146 3.486538 16.321905
 87080.000000 -844308.625000 796.305184 3.326237 2.987269 16.640357
 87100.000000 -844556.000000 793.813721 3.263445 3.352612 16.722420
 87120.000000 -845875.750000 795.452758 3.485369 3.163723 16.503049
 87140.000000 -846000.687500 794.719668 3.239330 3.236579 16.489400
 87160.000000 -845256.062500 795.667552 3.318770 3.366633 16.531000
 87180.000000 -842708.937500 793.370498 3.488201 3.546049 16.331649
 87200.000000 -843734.437500 794.864740 3.264294 3.256403 16.663025
 87220.000000 -844602.187500 794.138458 3.458196 3.296388 16.385907
 87240.000000 -844155.000000 796.779229 3.615709 3.191418 16.565214
 87260.000000 -844457.687500 793.934758 3.422648 3.265129 16.496143
 87280.000000 -843946.125000 794.023613 3.239341 3.281979 16.561924
 87300.000000 -843892.250000 795.089786 3.450670 3.186214 16.378448
 87320.000000 -844901.750000 794.260387 3.338867 3.212932 16.495010
 87340.000000 -845180.437500 795.216876 3.433288 3.219574 16.588313
 87360.000000 -843951.125000 794.666657 3.219519 3.359571 16.700813
 87380.000000 -846944.125000 792.057081 3.295195 3.762581 16.445363
 87400.000000 -844252.062500 794.697560 3.361554 3.430170 16.583053
 87420.000000 -844415.562500 797.014472 3.183779 3.471811 16.446164
 87440.000000 -845196.125000 794.870756 3.207905 3.463914 16.339974
 87460.000000 -843990.437500 795.247003 3.446657 3.480623 16.382600
 87480.000000 -844846.562500 793.499332 3.441505 3.365197 16.730204
 87500.000000 -844226.812500 795.248594 3.634553 3.484271 16.661543
 87520.000000 -845964.187500 794.035203 3.438413 3.359514 16.524886
 87540.000000 -843752.625000 792.677891 3.398175 3.434069 16.610102
 87560.000000 -843849.500000 799.816533 3.375304 3.370403 16.480309
 87580.000000 -843108.062500 794.927703 3.220338 3.144869 16.406791
 87600.000000 -845284.437500 794.952941 3.703500 3.359911 16.293427
 87620.000000 -843556.125000 797.659264 3.590941 3.244324 16.625004
 87640.000000 -843071.187500 796.139341 3.735053 3.595487 16.806686
 87660.000000 -844314.562500 793.051144 3.432873 3.297884 16.483798
 87680.000000 -844746.500000 795.469446 3.288328 3.466131 16.612395
 87700.000000 -843622.812500 795.155642 3.469726 3.500701 16.531324
 87720.000000 -841848.312500 797.335379 3.517250 3.225925 16.351167
 87740.000000 -843569.187500 795.869666 3.442229 3.169631 16.409985
 87760.000000 -844191.500000 796.671337 3.644763 3.310432 16.472169
 87780.000000 -844883.562500 795.585300 3.771625 3.272585 16.450748
 87800.000000 -845729.375000 794.464233 3.466237 3.298863 16.197641
 87820.000000 -845621.875000 794.342777 3.613857 3.347832 16.433451
 87840.000000 -845863.000000 793.953405 3.465424 3.491551 16.519508
 87860.000000 -845014.500000 794.410408 3.506039 3.434856 16.594809
 87880.000000 -845316.937500 792.969816 3.383500 3.383126 16.615167
 87900.000000 -845549.375000 791.484206 3.453482 3.441719 16.245677
 87920.000000 -842476.500000 795.742716 3.483011 3.313169 16.352487
 87940.000000 -844591.125000 793.640733 3.552289 3.149184 16.531853
 87960.000000 -844491.500000 792.680443 3.582602 3.597984 16.235306
 87980.000000 -845286.562500 793.409504 3.315082 3.476859 16.541839
 88000.000000 -844724.750000 793.823902 3.559667 3.721049 16.166535
 88020.000000 -846262.875000 794.157374 3.499212 3.521581 16.495500
 88040.000000 -845232.625000 795.436000 3.407259 3.383140 16.466650
 88060.000000 -843228.187500 797.147676 3.596387 3.541774 16.602211
 88080.000000 -843642.937500 796.497638 3.573710 3.427579 16.621254
 88100.000000 -845011.562500 791.196613 3.512409 3.499966 16.498958
 88120.000000 -843055.187500 795.077739 3.248429 3.693792 16.468821
 88140.000000 -844483.812500 794.347831 3.508781 3.368518 16.325488
 88160.000000 -844715.437500 793.788928 3.498968 3.522751 16.610337
 88180.000000 -847594.562500 792.576038 3.406417 3.317180 16.479269
 88200.000000 -844609.625000 795.284630 3.128814 3.517959 16.646246
 88220.000000 -844445.375000 794.212706 3.575669 3.496325 16.431527
 88240.000000 -844661.750000 792.741726 3.437087 3.469365 16.174149
 88260.000000 -845398.937500 795.521115 3.352996 3.456979 16.526216
 88280.000000 -846450.562500 795.129042 3.465833 3.278860 16.502246
 88300.000000 -842144.187500 797.151830 3.427483 3.208506 16.288500
 88320.000000 -844967.062500 795.879045 3.664880 3.350819 16.614926
 88340.000000 -843596.562500 794.354931 3.265236 3.382621 16.439326
 88360.000000 -843572.437500 795.938062 3.347800 3.484302 16.373755
 88380.000000 -842959.687500 796.737346 3.259746 3.328301 16.502402
 88400.000000 -844999.812500 794.247648 3.214431 3.465273 16.483466
 88420.000000 -843617.187500 794.214771 3.164176 3.532617 16.785096
 88440.000000 -843534.187500 796.715953 3.589189 3.529942 16.445584
 88460.000000 -844064.562500 792.929167 3.733985 3.494250 16.467613
 88480.000000 -845329.312500 795.591918 3.727831 3.475367 16.361763
 88500.000000 -843638.375000 798.183713 3.551415 3.502563 16.613670
 88520.000000 -844208.750000 794.592860 3.484988 3.839764 16.497654
 88540.000000 -844845.250000 795.031217 3.568675 3.427674 16.691349
 88560.000000 -842841.125000 796.833953 3.115172 3.693849 4.051720
 88580.000000 -841084.562500 797.530305 3.107591 3.315343 7.311495
 88600.000000 -842173.375000 800.031138 3.033033 2.866908 11.957388
 88620.000000 -843621.312500 796.000895 3.014292 3.155660 14.910887
 88640.000000 -843125.750000 794.207532 3.224945 3.506121 16.245164
 88660.000000 -843727.500000 794.059219 3.260022 3.423144 16.247406
 88680.000000 -844488.187500 793.244456 3.548115 3.467087 16.266145
 88700.000000 -845196.812500 794.437017 3.359206 3.558278 16.305192
 88720.000000 -844360.937500 795.178983 3.673688 3.449986 16.405178
 88740.000000 -843686.250000 794.965780 3.562632 3.232516 16.262547
 88760.000000 -843481.750000 794.325064 3.329130 3.259919 16.519336
 88780.000000 -845251.312500 792.710868 3.565182 3.429376 16.656713
 88800.000000 -844966.312500 795.465958 3.604171 3.527474 16.508322
 88820.000000 -845000.437500 795.811486 3.577774 3.574294 16.452445
 88840.000000 -845351.562500 791.426224 3.332153 3.251910 16.589568
 88860.000000 -844868.062500 793.985463 3.277096 3.136138 16.561757
 88880.000000 -844228.187500 796.483813 3.365288 3.206180 16.478577
 88900.000000 -844624.062500 794.453381 3.565761 3.481713 16.416938
 88920.000000 -845403.125000 793.884145 3.655740 3.613379 16.384784
 88940.000000 -843766.812500 794.643966 3.451977 3.594805 16.209374
 88960.000000 -844437.000000 794.829935 3.324618 3.399449 16.195551
 88980.000000 -843020.000000 794.885773 3.176406 3.367558 16.430533
 89000.000000 -844643.937500 793.327623 3.388247 3.323681 16.482184
 89020.000000 -845287.000000 794.185228 3.556555 3.296866 16.381289
 89040.000000 -844200.937500 794.566067 3.621942 3.195916 16.299024
 89060.000000 -844525.625000 793.607751 3.651458 3.527402 16.365756
 89080.000000 -844043.125000 794.454749 3.360071 3.395573 16.404445
 89100.000000 -845462.375000 793.182880 3.381741 3.632516 16.321353
 89120.000000 -844610.750000 794.601829 3.414924 3.522384 16.479884
 89140.000000 -843541.000000 794.086135 2.998676 3.566883 16.451616
 89160.000000 -844738.750000 794.475131 3.093839 3.498433 16.664331
 89180.000000 -843829.062500 795.088733 3.388209 3.629201 16.457159
 89200.000000 -845059.812500 794.076590 3.481345 3.519939 16.603044
 89220.000000 -845060.437500 796.667994 3.319326 3.239692 16.514674
 89240.000000 -844404.750000 794.339785 3.332143 3.349228 16.640737
 89260.000000 -843434.250000 794.259132 3.604058 3.086547 16.611435
 89280.000000 -843132.000000 796.111546 3.616196 3.270506 16.506351
 89300.000000 -843442.625000 794.990690 3.231570 3.424282 16.389343
 89320.000000 -843165.500000 793.469300 3.311376 3.157028 16.548447
 89340.000000 -842838.250000 794.107080 3.620499 3.282245 16.627850
 89360.000000 -843799.562500 795.456224 3.156730 3.487217 16.547954
 89380.000000 -844171.437500 794.436474 3.158883 3.603394 16.338923
 89400.000000 -845289.812500 793.077916 3.202618 3.480382 16.449277
 89420.000000 -844662.062500 791.322209 3.218459 3.350982 16.391570
 89440.000000 -845051.875000 790.860742 3.220149 3.298504 16.534697
 89460.000000 -845240.312500 794.495644 3.190465 3.378889 16.546657
 89480.000000 -844119.187500 799.186342 3.445588 3.286459 16.092150
 89500.000000 -843982.937500 795.193482 3.311468 3.856909 16.268767
 89520.000000 -847342.750000 790.162814 3.278713 3.682016 16.591738
 89540.000000 -844452.750000 792.542462 3.554077 3.896094 16.432761
 89560.000000 -845738.687500 795.248936 3.348128 3.460869 16.716809
 89580.000000 -845298.812500 794.026758 3.446768 3.425362 16.832637
 89600.000000 -846147.062500 793.959756 3.319095 3.629056 16.481284
 89620.000000 -844316.500000 791.107374 3.484136 3.526850 16.720396
 89640.000000 -844752.250000 791.258147 3.374890 3.428950 16.590378
 89660.000000 -846876.125000 791.742874 3.251550 3.310082 16.642084
 89680.000000 -844430.437500 794.110155 3.531552 3.319732 16.542584
 89700.000000 -844006.125000 794.118509 3.412071 3.497073 16.571632
 89720.000000 -845614.437500 792.911902 3.464581 3.411230 16.778126
 89740.000000 -844656.250000 794.834331 3.538030 3.108198 16.498864
 89760.000000 -845608.062500 792.860954 3.391586 3.556000 16.433785
 89780.000000 -843640.250000 795.926438 3.184420 3.180309 16.347076
 89800.000000 -844546.625000 794.482683 3.203388 3.371868 16.462205
 89820.000000 -843764.125000 793.296062 3.110801 3.571922 16.523858
 89840.000000 -844335.500000 793.424514 3.265360 3.440726 16.197373
 89860.000000 -844250.062500 793.694286 3.310243 3.538214 16.307839
 89880.000000 -847134.750000 791.405561 3.216964 3.410743 16.268675
 89900.000000 -844940.187500 794.984971 3.413726 3.583649 16.314729
 89920.000000 -845222.062500 793.838565 3.398592 3.431957 16.592233
 89940.000000 -845420.312500 792.754038 3.250351 3.299985 16.691628
 89960.000000 -844743.437500 794.078578 3.462400 2.993269 16.573044
 89980.000000 -844882.687500 793.020065 3.488351 3.454128 16.706531
 90000.000000 -845823.875000 792.473556 3.486007 3.356386 16.526479
 90020.000000 -845598.875000 792.311684 3.499266 3.477502 16.606910
 90040.000000 -845203.625000 793.622381 3.164703 3.449960 16.824195
 90060.000000 -842787.625000 793.330897 3.199177 3.473768 16.665384
 90080.000000 -845865.250000 794.152296 3.579450 3.115736 16.432136
 90100.000000 -844936.562500 794.420093 3.576431 3.055838 16.603946
 90120.000000 -843111.000000 792.834506 3.219730 3.133299 16.290072
 90140.000000 -843019.687500 794.803368 3.413762 3.244514 16.458235
 90160.000000 -844708.437500 793.684453 3.332259 3.555093 16.693529
 90180.000000 -844724.937500 792.946987 3.500056 3.215754 16.452846
 90200.000000 -842892.187500 796.506393 3.445924 3.206882 16.430412
 90220.000000 -842965.625000 794.042544 3.316135 3.208316 16.598018
 90240.000000 -843527.937500 795.488114 3.363085 2.996781 16.414965
 90260.000000 -844354.437500 792.478758 3.294789 3.282206 16.543422
 90280.000000 -844590.562500 795.714280 3.300461 3.387682 16.295730
 90300.000000 -845539.562500 792.211711 3.492455 3.168306 16.431030
 90320.000000 -844369.062500 794.988759 3.457144 3.275399 16.788736
 90340.000000 -845526.812500 792.328147 3.760427 3.309279 16.723337
 90360.000000 -844698.687500 792.236226 3.452131 3.479573 16.478100
 90380.000000 -845599.750000 794.256247 3.187497 3.294408 16.427433
 90400.000000 -845340.250000 794.648366 3.202692 3.042616 16.310705
 90420.000000 -846555.187500 792.629365 3.320470 3.271630 16.352767
 90440.000000 -843762.187500 795.745074 3.396578 3.046738 16.431505
 90460.000000 -844197.125000 795.045877 3.358345 3.255583 16.362548
 90480.000000 -844244.375000 794.704899 3.591658 3.328662 16.423693
 90500.000000 -843897.562500 795.934874 3.329775 3.339334 16.481190
 90520.000000 -844240.562500 794.036301 3.387339 3.241444 16.499192
 90540.000000 -845672.375000 791.737561 3.369612 3.177500 16.262777
 90560.000000 -844163.000000 795.754104 3.051681 3.270239 16.547622
 90580.000000 -843093.750000 795.011539 3.338698 3.528835 16.387772
 90600.000000 -844999.312500 795.749385 3.433264 3.238260 16.421959
 90620.000000 -843427.750000 795.794501 3.583345 3.393432 16.298010
 90640.000000 -843987.500000 795.239601 3.646529 3.628413 16.638653
 90660.000000 -844293.437500 793.229217 3.363356 3.635256 16.519177
 90680.000000 -843671.687500 794.205393 3.360350 3.695360 16.455210
 90700.000000 -844615.875000 794.068108 3.241248 3.323627 16.461848
 90720.000000 -843936.000000 794.088718 3.102432 3.435867 16.611758
 90740.000000 -844466.062500 793.539828 3.173131 3.388952 16.643315
 90760.000000 -844685.812500 792.650267 3.376227 3.275223 16.582808
 90780.000000 -844142.500000 792.791800 3.175919 3.287344 16.600590
 90800.000000 -844398.125000 792.925223 3.541285 3.445184 16.566992
 90820.000000 -844508.187500 792.348505 3.601822 3.039624 16.442433
 90840.000000 -845149.250000 794.345588 3.495336 3.143781 16.725749
 90860.000000 -844646.750000 794.315428 3.385158 3.445421 16.711595
 90880.000000 -842539.062500 795.765542 3.486006 3.609510 16.645723
 90900.000000 -843987.125000 795.135595 3.230581 3.354340 16.540792
 90920.000000 -844061.125000 794.677993 3.424400 3.250474 16.515885
 90940.000000 -843360.812500 793.216362 3.493718 3.271921 16.435803
 90960.000000 -842828.187500 795.699603 3.396885 3.331476 16.607415
 90980.000000 -841839.250000 794.668693 3.546259 3.484892 16.670709
 91000.000000 -843473.625000 796.515455 3.534062 3.630822 16.562119
 91020.000000 -846060.375000 795.554742 3.842937 3.147369 16.572616
 91040.000000 -844922.250000 794.181348 3.710189 3.190489 16.239748
 91060.000000 -845174.250000 795.219572 3.482555 3.295503 16.431962
 91080.000000 -844923.312500 795.510589 3.134220 3.402471 16.607585
 91100.000000 -843589.000000 793.121822 3.189466 3.235973 16.450184
 91120.000000 -843252.125000 794.013254 3.357186 3.387065 16.545349
 91140.000000 -843933.812500 795.849842 3.415375 3.522010 16.424160
 91160.000000 -844724.187500 794.829008 3.293940 3.473199 16.509354
 91180.000000 -845678.187500 796.403335 3.312225 3.530403 16.350606
 91200.000000 -844197.812500 796.802097 3.503959 3.481753 16.406696
 91220.000000 -842404.437500 795.037836 3.258112 3.414764 16.485513
 91240.000000 -844259.687500 794.143617 3.623414 3.269573 16.732547
 91260.000000 -845724.500000 792.805617 3.709664 3.584958 16.661778
 91280.000000 -844268.125000 794.260464 3.472798 3.637022 16.578312
 91300.000000 -844234.812500 793.740810 3.384030 3.487665 16.600965
 91320.000000 -844713.312500 794.660222 3.233523 3.661144 16.648601
 91340.000000 -843887.937500 795.687256 3.269745 3.572930 16.661358
 91360.000000 -842362.000000 795.901219 2.998828 3.311555 16.345909
 91380.000000 -844672.125000 792.887424 3.209948 3.266016 16.405472
 91400.000000 -843547.437500 795.041836 3.274715 3.320460 16.463152
 91420.000000 -843431.937500 796.141447 3.325842 3.618519 16.561963
 91440.000000 -844278.062500 795.212565 3.685123 3.214072 16.670567
 91460.000000 -844496.937500 792.127690 3.523461 2.994175 16.608158
 91480.000000 -844692.625000 792.916544 3.365215 3.234554 16.700885
 91500.000000 -845145.187500 792.570029 3.256401 3.329167 16.785075
 91520.000000 -845028.750000 794.298114 3.324496 3.359105 16.481756
 91540.000000 -843404.437500 793.617049 3.556272 3.549531 16.399758
 91560.000000 -846145.062500 794.932338 3.390773 3.486636 16.240456
 91580.000000 -844030.125000 794.574511 3.367659 3.553352 16.498378
 91600.000000 -843393.000000 792.931541 3.361385 3.303831 16.540921
 91620.000000 -842347.750000 797.154451 3.167969 3.298765 16.675380
 91640.000000 -844475.687500 793.210878 3.415558 3.506904 16.498217
 91660.000000 -845503.875000 793.089687 3.146882 3.664612 16.212509
 91680.000000 -844555.062500 793.912237 3.285710 3.592903 16.466362
 91700.000000 -844801.687500 794.991788 3.320035 3.429265 16.374393
 91720.000000 -843654.062500 794.443660 3.194435 3.331665 16.542819
 91740.000000 -844711.312500 795.425781 3.287294 3.288983 16.553476
 91760.000000 -843966.625000 794.780745 3.377072 3.429682 16.296202
 91780.000000 -846371.500000 794.213646 3.282625 3.364787 16.815980
 91800.000000 -845275.250000 793.007260 3.487430 3.566327 16.488599
 91820.000000 -843690.812500 794.250583 3.369058 3.609934 16.452776
 91840.000000 -843942.250000 793.681002 3.471109 3.193710 16.412090
 91860.000000 -844994.687500 794.332779 3.259935 3.177156 16.455678
 91880.000000 -843294.125000 794.830243 3.152368 3.253527 16.500336
 91900.000000 -843414.062500 794.495267 3.157821 3.401152 16.548435
 91920.000000 -844495.062500 794.777170 3.381083 3.524525 16.414128
 91940.000000 -844602.375000 793.123095 3.385451 3.456693 16.511919
 91960.000000 -844741.875000 792.250533 3.396428 3.372401 16.535462
 91980.000000 -844342.625000 796.053879 3.490927 3.335468 16.488917
 92000.000000 -845067.625000 793.795108 3.557803 3.467116 16.323104
 92020.000000 -842227.500000 796.429518 3.562928 3.723375 16.444845
 92040.000000 -841096.500000 796.052030 3.558669 3.602790 16.231581
 92060.000000 -842219.625000 795.839141 3.398678 3.363392 16.469731
 92080.000000 -845334.750000 793.704263 3.347712 3.483212 16.616133
 92100.000000 -843137.875000 795.238639 3.154461 3.625719 16.580504
 92120.000000 -843726.250000 796.479053 3.266271 3.123793 16.580091
 92140.000000 -844762.687500 793.041709 3.254518 3.288170 16.575078
 92160.000000 -843426.250000 794.579650 3.502752 3.599348 16.577438
 92180.000000 -844479.187500 795.021354 3.366914 3.600260 16.644336
 92200.000000 -845410.375000 792.569077 3.303921 3.373480 16.468606
 92220.000000 -845627.375000 793.812506 3.198858 3.302799 16.188242
 92240.000000 -845477.250000 791.127762 3.153969 3.226776 16.629516
 92260.000000 -842276.187500 796.240020 3.427022 3.123295 4.614850
 92280.000000 -843732.687500 800.105442 3.760267 3.187007 7.102551
 92300.000000 -842305.562500 797.426363 3.542517 3.428350 10.458904
 92320.000000 -843359.125000 798.308400 3.599597 3.650714 11.245809
 92340.000000 -844009.062500 795.956815 3.339115 3.586889 12.036435
 92360.000000 -842114.250000 797.497638 3.380167 3.409197 13.200340
 92380.000000 -844134.125000 793.531526 3.496755 3.433366 15.015781
 92400.000000 -845705.312500 793.638941 3.617407 3.172886 15.721391
 92420.000000 -844150.687500 794.747690 3.403543 3.262790 16.022109
 92440.000000 -844409.187500 793.871384 3.356072 3.275903 16.468049
 92460.000000 -844038.000000 792.859248 3.452268 3.237697 16.813853
 92480.000000 -845989.187500 793.347309 3.534146 3.451668 16.675987
 92500.000000 -844540.375000 793.937410 3.477121 3.521922 16.464186
 92520.000000 -843746.375000 792.238043 3.300264 3.381834 16.508371
 92540.000000 -844486.437500 794.857723 3.392499 3.375834 16.590635
 92560.000000 -845817.562500 795.468542 3.105797 3.494865 16.512933
 92580.000000 -844523.750000 797.031791 3.252673 3.288464 16.490416
 92600.000000 -843824.750000 794.819234 3.589260 3.524452 16.409072
 92620.000000 -844014.000000 796.499560 3.358464 3.323635 16.401358
 92640.000000 -843638.250000 796.193875 3.582431 3.449224 16.469969
 92660.000000 -843612.750000 794.922855 3.415371 3.456058 16.682200
 92680.000000 -842674.125000 796.281137 3.384211 3.361466 16.441873
 92700.000000 -842339.625000 794.934302 3.493156 3.373243 16.308072
 92720.000000 -842987.937500 795.295407 3.393107 3.335151 16.402713
 92740.000000 -842958.000000 796.223555 3.213123 3.288634 16.859232
 92760.000000 -841882.375000 793.758965 3.428757 3.275318 16.749742
 92780.000000 -843892.812500 797.306432 3.474155 3.100358 16.494433
 92800.000000 -842528.125000 796.009881 3.256601 3.326596 16.504452
 92820.000000 -841492.500000 796.578211 3.359936 3.399047 16.424411
 92840.000000 -844350.000000 793.321816 3.402299 3.261188 16.259917
 92860.000000 -841962.625000 795.956553 3.601331 3.262347 16.500165
 92880.000000 -843157.562500 797.505136 3.161086 3.615050 16.451533
 92900.000000 -842616.625000 795.691004 3.369366 3.499052 16.609477
 92920.000000 -843613.187500 794.747142 3.353226 3.646835 16.560272
 92940.000000 -843814.937500 795.008474 3.390283 3.602564 16.668646
 92960.000000 -843972.250000 792.452626 3.623422 3.355105 16.609068
 92980.000000 -844472.437500 795.575090 3.486742 3.342692 16.437803
 93000.000000 -843091.125000 796.755315 3.585283 3.351614 16.518954
 93020.000000 -843511.250000 794.152047 3.594358 3.526062 16.543007
 93040.000000 -844115.625000 795.020985 3.621730 3.275300 16.674605
 93060.000000 -844880.500000 797.718194 3.588704 3.397312 16.681482
 93080.000000 -844454.750000 792.903812 3.446973 3.313242 16.743094
 93100.000000 -841790.562500 799.330454 3.627274 3.016793 6.445504
 93120.000000 -841915.437500 799.830722 3.583280 2.942924 7.437823
 93140.000000 -842847.562500 801.418322 3.955096 3.262168 12.172884
 93160.000000 -843833.562500 797.069166 3.652633 3.365789 14.689913
 93180.000000 -844438.875000 793.012254 3.702184 3.249399 15.518742
 93200.000000 -844846.062500 794.204747 3.780246 3.306046 15.827472
 93220.000000 -844402.250000 793.655355 3.394529 3.432110 16.105945
 93240.000000 -846289.187500 791.492993 3.238076 3.496913 16.410304
 93260.000000 -845179.187500 795.872884 3.361123 3.729035 16.309615
 93280.000000 -845307.375000 794.430365 3.274879 3.429104 16.219012
 93300.000000 -845761.625000 792.513833 3.313446 3.317654 16.409222
 93320.000000 -845030.625000 792.610767 3.189619 3.399628 16.675008
 93340.000000 -845694.687500 793.758208 3.220898 3.305368 16.733561
 93360.000000 -844085.500000 794.584068 3.235618 3.495295 16.551678
 93380.000000 -844217.875000 798.090435 3.267488 3.398609 16.407989
 93400.000000 -844404.187500 792.990931 3.289961 3.585929 16.568829
 93420.000000 -844733.687500 794.169791 3.261897 3.246477 16.609496
 93440.000000 -843862.437500 796.205991 3.164021 3.257187 16.669322
 93460.000000 -845321.062500 795.821871 3.266841 3.306571 16.526320
 93480.000000 -844439.187500 796.774520 3.482691 3.211074 16.815278
 93500.000000 -845111.625000 794.742806 3.361341 3.291292 16.685436
 93520.000000 -843327.062500 794.667463 3.161027 3.210623 16.491225
 93540.000000 -843973.875000 794.237920 3.312529 3.080762 16.419297
 93560.000000 -844043.937500 795.405163 3.392169 3.440416 16.425070
 93580.000000 -845693.562500 790.660205 3.410812 3.537583 16.402767
 93600.000000 -845432.750000 793.897588 3.575882 3.337292 16.443073
 93620.000000 -843087.125000 794.624213 3.489211 3.432586 16.393149
 93640.000000 -844081.937500 794.676538 3.442699 3.251008 16.501747
 93660.000000 -846371.687500 795.646781 3.285652 3.258623 16.453065
 93680.000000 -845504.875000 793.136944 3.002253 3.593400 16.241567
 93700.000000 -842800.687500 793.585183 2.965135 3.475007 16.531868
 93720.000000 -846041.812500 792.008619 3.270534 3.639519 16.305884
 93740.000000 -842655.312500 795.852554 3.340668 3.541824 16.220863
 93760.000000 -842964.562500 793.649112 3.358006 3.449105 16.649179
 93780.000000 -844821.750000 795.213347 3.330373 3.435527 16.731745
 93800.000000 -843139.937500 793.505307 3.428572 3.599223 16.495933
 93820.000000 -844873.125000 796.740126 3.522517 3.653529 16.582122
 93840.000000 -844762.687500 793.774774 3.610820 3.765614 16.479779
 93860.000000 -843815.375000 793.177245 3.587826 3.404068 16.403584
 93880.000000 -844459.750000 794.605867 3.579569 3.438977 16.629535
 93900.000000 -845598.187500 793.034077 3.412481 3.338145 16.509946
 93920.000000 -845183.500000 796.306687 3.335295 3.248054 16.344646
 93940.000000 -842437.500000 797.820936 3.583515 3.524459 16.586361
 93960.000000 -844246.250000 793.092863 3.516487 3.388942 16.576990
 93980.000000 -844569.437500 794.234964 3.374729 3.615207 16.643250
 94000.000000 -842141.687500 797.792112 3.629017 3.615262 4.533124
 94020.000000 -843845.875000 800.172702 3.401998 3.206404 10.347082
 94040.000000 -841752.875000 797.208275 3.272974 3.253498 13.821363
 94060.000000 -842917.187500 794.210098 3.182873 3.270793 15.791282
 94080.000000 -844680.437500 794.123351 3.005861 3.496318 16.111538
 94100.000000 -844273.250000 795.610321 3.207149 3.011101 16.241614
 94120.000000 -844622.000000 792.006860 3.162138 3.403091 16.506336
 94140.000000 -846243.062500 793.761231 3.402305 3.298462 16.779044
 94160.000000 -845480.937500 789.902866 3.330056 3.325364 16.459851
 94180.000000 -846354.812500 793.842577 3.220996 3.594739 16.544590
 94200.000000 -844874.875000 792.408087 3.563374 3.421039 16.669935
 94220.000000 -845764.937500 792.182543 3.789179 3.408992 16.375494
 94240.000000 -844356.812500 796.265746 3.722966 3.574774 16.233095
 94260.000000 -845985.812500 795.599560 3.688558 3.358699 16.213923
 94280.000000 -842817.687500 796.234262 3.255737 3.455669 16.394899
 94300.000000 -844432.000000 794.550270 3.199514 3.330538 16.494931
 94320.000000 -845658.125000 793.372115 3.373241 3.366097 16.787709
 94340.000000 -843167.062500 797.686163 3.464158 3.293743 16.720985
 94360.000000 -844639.062500 794.287389 3.304851 3.571752 16.614690
 94380.000000 -844398.000000 796.337836 3.222312 3.632215 16.593357
 94400.000000 -844508.187500 797.317242 3.380555 3.744217 16.282190
 94420.000000 -845821.937500 796.669942 3.329875 3.562823 16.374942
 94440.000000 -844167.375000 795.373829 3.413090 3.478232 16.523914
 94460.000000 -844060.125000 794.799598 3.460766 3.537996 16.579361
 94480.000000 -845566.812500 790.820268 3.528192 3.459595 16.432363
 94500.000000 -844687.312500 794.282721 3.332912 3.212941 16.610370
 94520.000000 -845785.875000 793.770163 3.357399 3.029854 16.404989
 94540.000000 -844193.250000 797.179694 3.324716 3.233560 16.468071
 94560.000000 -843917.812500 792.653633 3.406511 3.056623 16.430988
 94580.000000 -844447.750000 794.416362 3.532104 3.245528 16.713598
 94600.000000 -843622.562500 792.430499 3.778901 3.306874 16.410453
 94620.000000 -843779.187500 793.263297 3.398223 3.363153 16.517436
 94640.000000 -842206.125000 795.043937 3.287995 3.210987 16.571105
 94660.000000 -843981.000000 793.680779 3.354482 3.268893 16.307801
 94680.000000 -844223.437500 794.690772 3.583118 3.401861 16.306607
 94700.000000 -844723.750000 792.731266 3.477647 3.082399 16.349693
 94720.000000 -845376.062500 795.523518 3.263535 3.513325 16.433004
 94740.000000 -844728.000000 795.031171 3.441710 3.738737 16.248622
 94760.000000 -843945.625000 795.993156 3.449096 3.813823 16.239154
 94780.000000 -844176.125000 795.778904 3.438863 3.454116 16.305477
 94800.000000 -843728.125000 795.715181 3.326700 3.020404 16.493374
 94820.000000 -846174.750000 794.327871 3.537323 3.441283 16.731227
 94840.000000 -844437.812500 795.504535 3.383079 3.399466 16.876569
 94860.000000 -843749.125000 795.770416 3.376130 3.322758 16.566422
 94880.000000 -843461.125000 793.260751 3.517443 3.461937 16.759933
 94900.000000 -846175.375000 792.742208 3.329425 3.349337 16.729602
 94920.000000 -845253.937500 794.088595 3.323443 3.207179 16.684341
 94940.000000 -843192.375000 796.335402 3.396628 3.435586 16.810913
 94960.000000 -844719.562500 793.730011 3.263316 3.297775 16.775572
 94980.000000 -842094.312500 796.251332 3.196537 3.229496 16.708894
 95000.000000 -844155.000000 794.785572 3.615841 3.442148 16.683639
 95020.000000 -843978.812500 796.215019 3.315141 3.345350 16.513618
 95040.000000 -844172.812500 796.306094 3.326519 3.353629 16.523864
 95060.000000 -844418.750000 794.598957 3.467512 2.965283 16.687977
 95080.000000 -845101.437500 794.413300 3.529885 3.502577 16.878267
 95100.000000 -844287.250000 795.690892 3.203313 3.540571 16.429732
 95120.000000 -844529.187500 792.927737 3.437508 3.412269 16.540254
 95140.000000 -844657.750000 793.221661 3.449119 3.469973 16.554581
 95160.000000 -844799.437500 793.859977 3.569640 3.370996 16.556712
 95180.000000 -843010.562500 793.855232 3.391135 3.246364 16.645491
 95200.000000 -843494.812500 797.454218 3.071459 3.422711 16.631603
 95220.000000 -844575.750000 794.191150 3.123910 3.339082 16.567748
 95240.000000 -843754.187500 795.268906 3.267171 3.330751 16.566332
 95260.000000 -845769.500000 794.884054 3.300044 3.598751 16.554540
 95280.000000 -845292.000000 793.541765 3.433670 3.461378 16.658019
 95300.000000 -843806.562500 793.971300 3.641758 3.436932 16.253081
 95320.000000 -844757.062500 793.267002 3.353654 3.593071 16.521717
 95340.000000 -842690.625000 792.031446 3.221947 3.806217 16.183916
 95360.000000 -843974.062500 793.457160 3.380871 3.343641 16.481922
 95380.000000 -842535.375000 797.034777 3.264050 3.369447 16.612686
 95400.000000 -842890.250000 796.450250 3.550581 3.324561 16.680794
 95420.000000 -844892.375000 795.276418 3.524668 3.403233 16.670558
 95440.000000 -845672.312500 797.145921 3.388424 3.455167 16.534264
 95460.000000 -843801.000000 794.934477 3.259865 3.389435 16.434816
 95480.000000 -845313.750000 794.986157 3.475379 3.651381 16.146197
 95500.000000 -844408.062500 789.148571 3.479068 3.498839 16.509128
 95520.000000 -843740.937500 794.099776 3.147837 3.407458 16.787574
 95540.000000 -846005.000000 793.788429 3.207821 3.357339 16.573556
 95560.000000 -844886.312500 795.689579 3.209395 3.233597 16.476295
 95580.000000 -844020.062500 792.668816 3.267927 3.505755 16.424017
 95600.000000 -843957.062500 796.120794 3.284489 3.258662 16.534482
 95620.000000 -844068.437500 797.111050 3.287851 3.214671 16.541917
 95640.000000 -846128.437500 793.663459 3.672661 3.171383 16.596809
 95660.000000 -844763.750000 793.557498 3.468778 3.169987 16.648688
 95680.000000 -844734.000000 793.908997 3.299485 3.364543 16.548233
 95700.000000 -845352.000000 793.708003 3.315901 3.669072 16.630512
 95720.000000 -843137.750000 794.785839 3.431675 3.382785 16.510056
 95740.000000 -845118.625000 794.032313 3.138378 3.622930 16.299369
 95760.000000 -842908.625000 792.855324 3.343066 3.653979 16.663466
 95780.000000 -843824.125000 792.200979 3.246037 3.635300 16.402451
 95800.000000 -843423.750000 793.262659 3.576599 3.648013 16.397837
 95820.000000 -844594.000000 793.595000 3.191253 3.281319 16.445604
 95840.000000 -843320.000000 797.078148 3.590045 3.097840 16.253919
 95860.000000 -844433.437500 795.002839 3.655526 3.245062 16.401205
 95880.000000 -844845.750000 791.643805 3.548609 3.314295 16.563599
 95900.000000 -844273.375000 794.980116 3.817339 3.360367 16.321819
 95920.000000 -845624.375000 794.260829 3.417459 3.520334 16.469072
 95940.000000 -844891.000000 796.841846 3.389343 3.467092 16.408139
 95960.000000 -844180.187500 793.077452 3.428924 3.516024 16.591943
 95980.000000 -843000.812500 794.225907 3.360688 3.531620 16.301351
 96000.000000 -842697.437500 792.556788 3.452993 3.616183 16.325559
 96020.000000 -842854.937500 795.861430 3.455548 3.457227 16.375622
 96040.000000 -842130.187500 797.133063 3.283304 3.492959 16.373217
 96060.000000 -843803.187500 793.397913 3.430610 3.521244 16.532341
 96080.000000 -843453.750000 796.407748 3.211891 3.584347 16.397725
 96100.000000 -844068.625000 795.709105 3.271111 3.638412 16.372408
 96120.000000 -845314.375000 795.022049 3.070346 3.323628 16.335564
 96140.000000 -842594.875000 794.287679 3.206184 3.504169 16.379027
 96160.000000 -842911.062500 793.957705 3.280224 3.373157 16.483895
 96180.000000 -844856.375000 793.759490 3.460426 3.377835 16.388037
 96200.000000 -844022.562500 795.773501 3.421801 3.362617 16.601712
 96220.000000 -844175.750000 794.423733 3.420688 3.444658 16.558234
 96240.000000 -844869.812500 793.933085 3.502206 3.272403 16.334273
 96260.000000 -843104.062500 795.667016 3.430652 3.464578 16.542815
 96280.000000 -843975.937500 795.274580 3.496053 3.667171 16.747042
 96300.000000 -843353.000000 795.956244 3.397347 3.768208 16.439327
 96320.000000 -843943.125000 794.451901 3.512613 3.621854 16.171344
 96340.000000 -841501.812500 794.104519 3.443449 3.549992 16.368359
 96360.000000 -845693.812500 794.536526 3.331698 3.576852 16.574661
 96380.000000 -843504.312500 797.491970 3.597469 3.457923 16.847441
 96400.000000 -842458.375000 794.611939 3.381518 3.569984 16.897762
 96420.000000 -845318.062500 790.997300 3.761374 3.136087 16.526236
 96440.000000 -844071.312500 793.147172 3.343287 3.077781 16.505221
 96460.000000 -843285.937500 795.423031 3.465912 3.042781 16.434162
 96480.000000 -846256.187500 793.497970 3.195571 3.379688 16.561248
 96500.000000 -843738.750000 796.911341 3.487123 3.519936 16.443326
 96520.000000 -844130.437500 794.355042 3.374438 3.512744 16.200174
 96540.000000 -843485.375000 795.229273 3.359119 3.767179 16.528636
 96560.000000 -844147.187500 793.445910 3.051150 3.579658 16.582606
 96580.000000 -842937.062500 795.005791 3.194751 3.299467 16.200834
 96600.000000 -843717.812500 796.128692 3.465642 3.371570 16.240494
 96620.000000 -846114.750000 795.404107 3.482247 3.204462 16.515701
 96640.000000 -845811.750000 795.644487 3.499084 3.285507 16.625679
 96660.000000 -845661.062500 793.292578 3.384909 3.371407 16.558186
 96680.000000 -843793.250000 794.989836 3.514109 3.420458 16.688453
 96700.000000 -845062.937500 795.116424 3.427328 3.464001 16.921379
 96720.000000 -845187.312500 792.551769 3.439397 3.577318 16.789805
 96740.000000 -843630.812500 794.223343 3.311400 3.466550 16.722612
 96760.000000 -843695.812500 797.888404 3.457793 3.385527 16.555356
 96780.000000 -845116.875000 795.331029 3.601140 3.496375 16.542443
 96800.000000 -845127.000000 793.853923 3.455364 3.177358 16.745404
 96820.000000 -845162.500000 794.052171 3.496627 3.411523 16.343363
 96840.000000 -845154.312500 791.594530 3.254638 3.364926 16.504748
 96860.000000 -845578.750000 792.506692 3.250241 3.455148 16.699050
 96880.000000 -845064.125000 793.219475 3.243246 3.472110 16.782406
 96900.000000 -843953.375000 793.635226 3.308676 3.576410 16.732106
 96920.000000 -842888.500000 794.866210 3.428590 3.376691 16.617152
 96940.000000 -845989.750000 793.449228 3.264925 3.426305 16.596578
 96960.000000 -845354.937500 793.674128 3.428398 3.213821 16.392425
 96980.000000 -843697.375000 794.396378 3.527867 3.545366 16.618822
 97000.000000 -844605.375000 794.739986 3.419851 3.508324 16.619360
 97020.000000 -844938.125000 794.742298 3.619833 3.550780 16.551716
 97040.000000 -847485.250000 793.463325 3.508982 3.585987 16.413637
 97060.000000 -844642.125000 795.322358 3.556927 3.597440 16.460755
 97080.000000 -847133.750000 792.319340 3.423928 3.648139 16.465053
 97100.000000 -845963.500000 791.902858 3.202085 3.683063 16.418835
 97120.000000 -844069.875000 795.161242 3.345958 3.327918 16.683488
 97140.000000 -842808.312500 794.754092 3.261136 3.478711 16.736182
 97160.000000 -844527.000000 795.654903 3.532037 3.450563 16.739615
 97180.000000 -842273.812500 795.540927 3.403094 3.261843 16.514674
 97200.000000 -845167.000000 792.901530 3.791515 3.513619 16.464478
 97220.000000 -845226.062500 795.631977 3.495762 3.589977 16.437825
 97240.000000 -844446.687500 795.099550 3.615898 3.412962 16.400886
 97260.000000 -846255.437500 793.543026 3.510358 3.265237 16.410849
 97280.000000 -844134.875000 795.869946 3.429638 3.513977 16.676409
 97300.000000 -844194.375000 793.944820 3.282941 3.450492 16.662515
 97320.000000 -844020.625000 793.423712 3.538329 3.350096 16.696015
 97340.000000 -846233.437500 794.683116 3.202075 3.533101 16.455704
 97360.000000 -843188.937500 796.444254 3.289880 3.541199 16.628017
 97380.000000 -844594.687500 796.484226 3.329455 3.552147 16.577759
 97400.000000 -843319.187500 795.033726 3.443999 3.413673 16.293948
 97420.000000 -844099.562500 796.698916 3.582628 3.475861 16.322343
 97440.000000 -844270.125000 795.804756 3.323196 3.241431 16.247874
 97460.000000 -845909.562500 793.039278 3.405030 3.267766 16.579482
 97480.000000 -845863.437500 794.807869 3.518908 3.300104 16.623558
 97500.000000 -843031.500000 794.677828 3.362830 3.216154 16.642351
 97520.000000 -844740.875000 794.790500 3.580164 3.350024 16.634113
 97540.000000 -845179.125000 791.805878 3.419451 3.391679 16.686895
 97560.000000 -843596.312500 793.800992 3.285388 3.736003 16.331911
 97580.000000 -845482.750000 795.235513 3.278463 3.476408 16.353449
 97600.000000 -843258.812500 793.601294 3.173223 3.257816 16.020749
 97620.000000 -844111.437500 796.382058 3.137179 3.350575 16.377812
 97640.000000 -843908.437500 794.049028 3.415471 3.402773 16.393250
 97660.000000 -844901.250000 795.003800 3.343661 3.226163 16.530514
 97680.000000 -844667.062500 794.026466 3.384256 3.135299 16.608839
 97700.000000 -844147.875000 792.661127 3.491937 3.538689 16.279445
 97720.000000 -845503.437500 792.238955 3.529914 3.672600 16.457815
 97740.000000 -846280.437500 790.652315 3.348606 3.552962 16.235302
 97760.000000 -845137.750000 793.041099 3.246192 3.422905 16.329109
 97780.000000 -845150.750000 794.809279 3.261011 3.333394 16.071488
 97800.000000 -845328.812500 794.754176 3.322079 3.179547 16.435226
 97820.000000 -844598.875000 793.949330 3.370358 3.382868 16.244720
 97840.000000 -844168.937500 794.488762 3.169033 3.258410 16.272388
 97860.000000 -844789.000000 795.839280 3.404400 3.224201 16.457422
 97880.000000 -842237.937500 795.557678 3.460594 3.321286 16.299224
 97900.000000 -845381.125000 792.628339 3.255139 3.413507 16.681498
 97920.000000 -845638.625000 793.375455 3.212398 3.362994 16.394332
 97940.000000 -845076.937500 793.645420 3.411815 3.316457 16.204875
 97960.000000 -843969.875000 796.163334 3.390238 3.447733 16.348746
 97980.000000 -845490.500000 795.281762 3.237112 3.361459 16.443420
 98000.000000 -843578.250000 795.444647 3.200005 3.441266 16.506023
 98020.000000 -844909.375000 796.753050 3.319000 3.531111 16.682649
 98040.000000 -843668.500000 796.691933 3.568577 3.241864 16.574763
 98060.000000 -845711.375000 792.352757 3.312685 3.214077 16.419584
 98080.000000 -845634.000000 793.828591 3.324947 3.156967 16.578987
 98100.000000 -844755.750000 793.167863 3.034942 3.281218 16.461160
 98120.000000 -846119.437500 792.454136 3.333731 3.275787 16.448304
 98140.000000 -844303.937500 791.580856 3.462544 3.353464 16.317002
 98160.000000 -845887.812500 793.117809 3.602378 3.357549 16.533715
 98180.000000 -845825.250000 792.482714 3.392628 3.494812 16.741977
 98200.000000 -844925.875000 796.268831 3.564295 3.680288 16.567937
 98220.000000 -844318.687500 794.228382 3.409423 3.568845 16.544447
 98240.000000 -843181.750000 796.157422 3.502735 3.533230 16.417414
 98260.000000 -844944.125000 794.931278 3.385478 3.540772 16.525779
 98280.000000 -846561.625000 793.155767 3.515527 3.428596 16.467451
 98300.000000 -843413.062500 794.832731 3.311110 3.252271 16.502852
 98320.000000 -844305.187500 796.012589 3.384449 3.210661 16.461342
 98340.000000 -841794.062500 794.955290 3.411634 3.413104 16.653078
 98360.000000 -844116.375000 794.371051 3.330852 3.437378 16.469530
 98380.000000 -845408.625000 797.037009 3.310899 3.596459 16.384302
 98400.000000 -843447.937500 793.759831 3.069497 3.347794 16.732508
 98420.000000 -845252.875000 791.686825 3.396985 3.183180 16.626022
 98440.000000 -841127.125000 798.564437 3.534897 3.208693 6.202443
 98460.000000 -842433.062500 798.048239 3.702679 2.871538 8.888353
 98480.000000 -841595.312500 799.560241 3.608256 3.067255 12.780510
 98500.000000 -842433.250000 795.167467 3.453858 3.304880 15.002511
 98520.000000 -843229.000000 794.138934 3.649431 3.213888 15.812850
 98540.000000 -844289.250000 792.346168 3.461204 3.507909 16.172825
 98560.000000 -845088.687500 793.347450 3.451547 3.377018 16.215255
 98580.000000 -845774.187500 792.672662 3.388585 3.245381 16.328815
 98600.000000 -845715.750000 793.042389 3.328629 3.445912 16.565025
 98620.000000 -843808.312500 790.958545 3.309388 3.571444 16.633340
 98640.000000 -843800.000000 794.815039 3.487277 3.530184 16.271648
 98660.000000 -845222.812500 794.752545 3.446798 3.408774 16.405262
 98680.000000 -846895.625000 792.718758 3.485405 3.606296 16.222826
 98700.000000 -845557.187500 794.336358 3.371379 3.631910 16.581315
 98720.000000 -843641.375000 794.070842 3.497478 3.278962 16.718036
 98740.000000 -842026.625000 794.538158 3.319049 3.524911 16.517266
 98760.000000 -844440.937500 794.449707 3.125735 3.795690 16.419009
 98780.000000 -842400.375000 796.024054 3.408291 3.559165 16.376004
 98800.000000 -843508.312500 791.751358 3.188686 3.547024 16.436636
 98820.000000 -843708.000000 795.811675 3.450778 3.236257 16.484255
 98840.000000 -845647.687500 792.745516 3.448809 3.496580 16.371683
 98860.000000 -844549.000000 795.116238 3.439503 3.253538 16.462227
 98880.000000 -844227.000000 793.400030 3.215710 3.042283 16.333876
 98900.000000 -842607.000000 798.645393 3.277358 3.400220 16.407909
 98920.000000 -843844.937500 796.822375 3.288818 3.277181 16.398242
 98940.000000 -843882.937500 793.262141 3.218271 3.372784 16.773803
 98960.000000 -843775.250000 793.168335 3.181855 3.089966 16.441784
 98980.000000 -843595.062500 795.155064 2.961745 3.316834 16.366987
 99000.000000 -843191.750000 795.510152 3.336383 3.102469 16.378798
 99020.000000 -842267.625000 796.534779 3.282238 3.451363 16.459117
 99040.000000 -844315.875000 794.448252 3.431309 3.430622 16.385346
 99060.000000 -843772.812500 795.407011 3.276222 3.557377 16.334197
 99080.000000 -843370.375000 795.314551 3.123214 3.515105 16.528892
 99100.000000 -842079.875000 796.080731 3.243063 3.519553 16.604681
 99120.000000 -844067.125000 794.356925 3.231930 3.669195 16.589424
 99140.000000 -843592.187500 797.048499 3.383857 3.446913 16.510525
 99160.000000 -842576.812500 794.480558 3.241468 3.569730 16.500258
 99180.000000 -843268.875000 794.519784 3.337884 3.495213 16.341571
 99200.000000 -843775.375000 797.467238 3.299251 3.274617 16.115098
 99220.000000 -846822.125000 793.250317 3.456871 3.336899 16.355091
 99240.000000 -844261.000000 794.268509 3.442425 3.434158 16.366112
 99260.000000 -844820.812500 795.148105 3.346017 3.217979 16.577671
 99280.000000 -845185.250000 794.432857 3.449968 3.060497 16.829181
 99300.000000 -843607.750000 795.349404 3.456619 3.183318 16.580650
 99320.000000 -843428.750000 795.432498 3.349039 3.102906 16.374655
 99340.000000 -844303.187500 794.936001 3.285475 3.153496 16.610692
 99360.000000 -844270.062500 795.300063 3.411100 3.153160 16.527643
 99380.000000 -844914.875000 794.131480 3.565615 3.050912 16.600395
 99400.000000 -845316.125000 794.526095 3.456622 3.507232 16.844205
 99420.000000 -844062.812500 796.182219 3.490189 3.509708 16.646763
 99440.000000 -843537.000000 795.982743 3.216531 3.361211 16.468454
 99460.000000 -843263.062500 797.160982 3.489395 3.253988 16.344760
 99480.000000 -842975.187500 796.611984 3.440755 3.286533 16.507947
 99500.000000 -842916.000000 794.877693 3.436102 3.390227 16.723294
 99520.000000 -841408.875000 800.325829 3.226579 3.591126 6.992211
 99540.000000 -840448.625000 801.097181 2.921484 3.526310 10.408959
 99560.000000 -842154.437500 797.475220 3.596980 3.743317 13.730135
 99580.000000 -843768.250000 795.244026 3.292187 3.477500 15.577674
 99600.000000 -842368.875000 797.522776 3.315535 3.270160 16.098890
 99620.000000 -843958.687500 794.470496 3.358559 3.309570 16.216888
 99640.000000 -843566.125000 795.712927 3.257983 3.200006 16.106642
 99660.000000 -842501.250000 794.347101 3.398741 3.292168 16.136435
 99680.000000 -843228.750000 792.528251 3.162447 3.361208 16.400987
 99700.000000 -844575.375000 792.612752 3.290228 3.243014 16.599080
 99720.000000 -843833.875000 792.886688 3.076490 3.352419 16.463756
 99740.000000 -844671.562500 794.315192 3.357672 3.448721 16.385575
 99760.000000 -846227.812500 791.805074 3.531803 3.303816 16.408442
 99780.000000 -843699.187500 795.095265 3.605661 3.518823 16.318629
 99800.000000 -843867.062500 794.660320 3.540866 3.431412 16.587521
 99820.000000 -842741.312500 798.191455 3.317882 3.682619 16.302134
 99840.000000 -842357.125000 796.803055 3.306445 3.574872 16.379553
 99860.000000 -844088.312500 795.521670 3.399048 3.345788 16.465835
 99880.000000 -843351.312500 794.986567 3.433701 3.369989 16.240632
 99900.000000 -844200.187500 795.082571 3.310128 3.329855 16.372847
 99920.000000 -844653.937500 793.729402 3.212219 3.499545 16.604595
 99940.000000 -845034.062500 795.498813 3.586923 3.252930 16.781393
 99960.000000 -844338.875000 795.223505 3.707158 3.430358 16.538796
 99980.000000 -844641.937500 792.600901 3.323328 3.537252 16.650948
 100000.000000 -844828.875000 792.721617 3.383763 3.078596 16.500574
