#! FIELDS time G vol p.x p.y p.z
 0.000000 -843782.500000 794.102464 3.835129 3.418300 16.515894
 20.000000 -844551.812500 796.819132 3.679782 3.290791 16.311547
 40.000000 -846660.125000 794.496882 3.418331 3.305292 16.511188
 60.000000 -843960.750000 794.686400 3.672490 3.285990 16.497560
 80.000000 -845176.687500 794.389734 3.582568 3.270729 16.386050
 100.000000 -844492.312500 795.247699 3.487449 3.358654 16.484570
 120.000000 -844518.062500 793.229245 3.383296 3.275688 16.349343
 140.000000 -844711.687500 797.348071 3.440386 3.390841 16.665482
 160.000000 -845587.125000 795.265885 3.539657 3.508308 16.690303
 180.000000 -846284.062500 791.450038 3.496453 3.588648 16.581563
 200.000000 -844040.625000 795.293210 3.609416 3.470898 16.540235
 220.000000 -846138.500000 794.399027 3.083108 3.180058 16.498986
 240.000000 -844659.875000 794.791056 3.344705 3.367102 16.426043
 260.000000 -843005.187500 795.057197 3.486918 3.393045 16.471287
 280.000000 -843483.625000 798.395354 3.487068 3.592550 16.439817
 300.000000 -845364.437500 793.360558 3.460467 3.762199 16.431522
 320.000000 -844451.375000 794.287460 3.541434 3.512170 16.605337
 340.000000 -843776.187500 793.397952 3.511476 3.567454 16.733210
 360.000000 -844485.000000 794.299144 3.423714 3.564515 16.586653
 380.000000 -843599.625000 794.392334 3.654915 3.433144 16.825116
 400.000000 -844219.687500 794.731807 3.607040 3.354708 16.997706
 420.000000 -844047.250000 795.308501 3.435140 3.125832 16.655982
 440.000000 -844031.687500 792.755704 3.539010 3.439287 16.599598
 460.000000 -844478.312500 794.533293 3.649645 3.408548 16.742864
 480.000000 -844049.875000 796.749478 3.435508 3.469672 16.654490
 500.000000 -843690.625000 796.686650 3.408852 3.535186 16.567322
 520.000000 -845022.875000 796.572189 3.387625 3.506799 16.553155
 540.000000 -845424.375000 794.630598 3.296699 3.599551 16.229818
 560.000000 -844543.375000 794.196979 3.563061 3.420870 16.325093
 580.000000 -846499.562500 793.651440 3.409482 3.188447 16.523625
 600.000000 -845144.562500 793.799540 3.381409 3.280892 16.761776
 620.000000 -845482.687500 792.764538 3.445329 3.619759 16.722476
 640.000000 -844631.000000 792.108317 3.511092 3.529216 17.018149
 660.000000 -845289.625000 794.370457 3.456257 3.683726 16.918054
 680.000000 -846128.375000 794.379131 3.582098 3.522675 16.739865
 700.000000 -842900.000000 794.648613 3.566833 3.590256 16.655531
 720.000000 -843832.687500 795.601998 3.381602 3.495399 16.533492
 740.000000 -843510.750000 796.042094 3.662656 3.489631 16.346181
 760.000000 -843395.500000 794.115335 3.543172 3.407467 16.114396
 780.000000 -844008.687500 796.205982 3.472150 3.325952 16.580760
 800.000000 -842843.000000 796.345107 3.432016 3.163711 16.294366
 820.000000 -843785.750000 796.129903 3.512572 3.430343 16.237807
 840.000000 -843442.750000 794.438697 3.773487 3.242285 16.158235
 860.000000 -845730.625000 791.962281 3.527171 3.482316 16.194102
 880.000000 -845889.062500 794.139234 3.275958 3.781177 16.319640
 900.000000 -844965.875000 793.554122 3.237412 3.325170 16.370036
 920.000000 -845315.625000 794.428288 3.195246 3.339383 16.603004
 940.000000 -843180.375000 794.754036 3.309309 3.042021 16.641690
 960.000000 -843992.062500 792.121158 3.519087 3.272077 16.618718
 980.000000 -846539.687500 790.905641 3.661956 3.307237 16.510762
 1000.000000 -844497.375000 795.403940 3.438446 3.407707 16.612342
 1020.000000 -845401.937500 794.972228 3.206784 3.575327 16.308399
 1040.000000 -843455.687500 794.465805 3.618540 3.081908 16.709537
 1060.000000 -845355.125000 792.873812 3.477879 3.213196 16.537627
 1080.000000 -843302.125000 792.311269 3.208662 3.305562 16.221377
 1100.000000 -845423.062500 793.121531 3.322227 3.403260 16.313119
 1120.000000 -843666.187500 793.399431 3.423560 3.384756 16.605584
 1140.000000 -845754.812500 792.659240 3.443875 3.441110 16.774717
 1160.000000 -844655.062500 795.093059 3.404344 3.240073 16.694231
 1180.000000 -843784.437500 795.874723 3.557860 3.246638 16.368254
 1200.000000 -843681.812500 792.384585 3.321894 3.451168 16.560313
 1220.000000 -844660.500000 796.148952 3.467297 3.396420 16.645360
 1240.000000 -845698.562500 792.191338 3.545590 3.396640 16.467444
 1260.000000 -844646.875000 792.785042 3.494439 3.513742 16.515984
 1280.000000 -844228.562500 795.530687 3.400993 3.197533 16.307444
 1300.000000 -844463.187500 795.610274 3.445886 3.158071 16.178146
 1320.000000 -841684.937500 794.865672 3.239451 3.399458 16.290544
 1340.000000 -844421.250000 794.581437 3.283865 3.421420 16.501648
 1360.000000 -845913.625000 795.334882 3.357741 3.601703 16.689203
 1380.000000 -842504.000000 794.222920 3.533118 3.486605 16.776463
 1400.000000 -846195.250000 793.741618 3.662450 3.674869 16.777636
 1420.000000 -845901.750000 796.706113 3.464427 3.534899 16.550742
 1440.000000 -844511.875000 794.940704 3.396223 3.415377 16.536338
 1460.000000 -844691.562500 792.955255 3.348536 3.401249 16.528562
 1480.000000 -844491.187500 796.227858 3.194177 3.412829 16.803037
 1500.000000 -842181.625000 795.530186 3.375099 3.388546 16.785405
 1520.000000 -843951.375000 796.480158 3.368880 3.280966 16.550802
 1540.000000 -844968.625000 796.980812 3.261801 3.118815 16.558921
 1560.000000 -843817.500000 794.303488 3.481072 3.208891 16.281460
 1580.000000 -844005.062500 795.781438 3.502306 3.612295 16.397792
 1600.000000 -844662.312500 793.481497 3.000748 3.351076 16.410282
 1620.000000 -846760.562500 793.238733 3.354079 3.344680 16.102257
 1640.000000 -845235.312500 794.233273 3.628687 3.445816 16.365112
 1660.000000 -843537.625000 795.645495 3.653623 3.469416 16.735031
 1680.000000 -845768.062500 792.980444 3.564689 3.209239 16.790940
 1700.000000 -844426.750000 793.339876 3.387423 3.301063 16.751619
 1720.000000 -845869.437500 792.893872 3.297520 3.227290 16.802641
 1740.000000 -843940.062500 793.826506 3.393151 3.643006 16.585430
 1760.000000 -845550.500000 793.798392 3.359671 3.369753 16.561134
 1780.000000 -845538.812500 794.422386 3.348888 3.410420 16.784313
 1800.000000 -846394.687500 794.506970 3.401619 3.641836 16.323958
 1820.000000 -844372.500000 795.757344 3.426954 3.342030 16.279359
 1840.000000 -844454.812500 794.700180 3.091701 3.364193 16.191327
 1860.000000 -846699.187500 794.226650 3.374423 3.254591 16.442626
 1880.000000 -845650.062500 793.362670 3.524189 3.213269 16.637125
 1900.000000 -843346.625000 794.052620 3.269569 3.264852 16.484056
 1920.000000 -844919.750000 797.107790 3.428597 3.280236 16.681217
 1940.000000 -844812.625000 796.776639 3.298467 3.312255 16.369304
 1960.000000 -846001.875000 794.538347 3.498758 3.498169 16.449345
 1980.000000 -845122.375000 795.776449 3.341554 3.788567 16.626896
 2000.000000 -843657.750000 796.954078 3.201278 3.394502 16.644893
 2020.000000 -845055.375000 792.954616 3.513236 3.324219 16.502510
 2040.000000 -844148.250000 795.622326 3.456439 3.220580 16.748276
 2060.000000 -844591.187500 795.388748 3.425621 3.484333 16.587760
 2080.000000 -842636.687500 796.818845 3.474229 3.408081 16.600918
 2100.000000 -843043.375000 796.013869 3.495050 3.432343 16.595166
 2120.000000 -844085.062500 796.752664 3.145833 3.620487 16.585392
 2140.000000 -843299.437500 795.485701 2.987357 3.497668 16.619367
 2160.000000 -844023.375000 795.614269 3.119519 3.425880 16.441308
 2180.000000 -845085.062500 794.348521 3.449077 3.514362 16.475405
 2200.000000 -845622.500000 795.426128 3.492086 3.499235 16.379488
 2220.000000 -845793.625000 796.222364 3.308582 3.650251 16.280229
 2240.000000 -843950.937500 796.075692 3.443354 3.434423 16.576972
 2260.000000 -844672.937500 795.689021 3.495747 3.521874 16.620348
 2280.000000 -843820.812500 791.060159 3.300046 3.540027 16.749632
 2300.000000 -845418.750000 793.465787 3.218628 3.455582 16.551872
 2320.000000 -846086.000000 793.535855 3.324704 3.525491 16.685717
 2340.000000 -843364.500000 795.001595 3.295310 3.512453 16.578968
 2360.000000 -845205.062500 796.605474 3.282702 3.257034 16.508363
 2380.000000 -843659.000000 795.182426 3.451430 3.239999 16.330495
 2400.000000 -845098.625000 795.045936 3.373218 3.142897 16.454228
 2420.000000 -844281.437500 793.313759 3.311425 3.032973 16.267221
 2440.000000 -845250.437500 796.202899 3.400518 3.461314 16.362449
 2460.000000 -844335.062500 796.489031 3.558795 3.577626 16.621386
 2480.000000 -844261.062500 795.609713 3.511095 3.676424 16.513724
 2500.000000 -843521.250000 794.802079 3.486316 3.320145 16.748328
 2520.000000 -845896.375000 794.953566 3.748711 3.429613 16.350616
 2540.000000 -844607.000000 793.966941 3.519368 3.169106 16.516650
 2560.000000 -844230.125000 797.012811 3.215481 3.280385 16.608126
 2580.000000 -844066.125000 795.157966 3.572147 3.274879 16.675588
 2600.000000 -845919.125000 794.597190 3.313008 3.480218 16.609786
 2620.000000 -843904.875000 792.496653 3.265916 3.375371 16.362287
 2640.000000 -844717.000000 795.009291 3.338640 3.275013 16.185176
 2660.000000 -843693.750000 793.048478 3.247997 3.329634 16.523335
 2680.000000 -844468.750000 791.939947 3.430953 3.519769 16.700812
 2700.000000 -845243.687500 794.222243 3.582460 3.491605 16.363360
 2720.000000 -843921.375000 797.087828 3.190601 3.218295 16.416921
 2740.000000 -844999.000000 793.069684 3.013965 3.388282 16.448086
 2760.000000 -845584.125000 794.143587 3.255881 3.546780 16.731534
 2780.000000 -844504.750000 792.739586 3.458957 3.302439 16.657892
 2800.000000 -843989.000000 794.215893 3.434002 3.101562 16.441629
 2820.000000 -845753.062500 797.708564 3.379799 3.685524 16.607130
 2840.000000 -845376.187500 792.101280 3.188128 3.461358 16.408705
 2860.000000 -844594.500000 796.026452 3.182538 3.616735 16.681789
 2880.000000 -845070.062500 796.184006 3.232281 3.566287 16.384455
 2900.000000 -842488.187500 795.073720 3.221007 3.406805 16.585510
 2920.000000 -843701.625000 794.652361 3.172455 3.534975 16.288686
 2940.000000 -844021.187500 797.373448 3.389532 3.546787 16.581337
 2960.000000 -842800.187500 795.940815 3.281184 3.503745 16.581401
 2980.000000 -843030.062500 794.049572 3.331832 3.554003 16.553466
 3000.000000 -845534.187500 793.546725 3.598058 3.483324 16.725461
 3020.000000 -842193.312500 799.576114 2.986438 3.736668 6.377865
 3040.000000 -842262.000000 800.900614 2.759773 3.868123 9.353501
 3060.000000 -842670.312500 796.830187 2.996605 3.705996 11.562323
 3080.000000 -844675.875000 795.104580 3.116843 3.744127 13.959545
 3100.000000 -843478.750000 796.726301 3.339814 3.432160 15.566734
 3120.000000 -844650.500000 792.531436 3.249321 3.531064 16.221402
 3140.000000 -844926.875000 794.873707 3.664068 3.094467 16.255296
 3160.000000 -844301.062500 793.967191 3.455712 3.402711 16.423855
 3180.000000 -845547.687500 794.105941 3.248849 3.589912 16.328555
 3200.000000 -845055.000000 795.362671 3.528973 3.407469 16.363013
 3220.000000 -846422.500000 796.533967 3.153004 3.188840 16.390101
 3240.000000 -844175.437500 795.334749 3.115208 3.470207 16.226453
 3260.000000 -844860.062500 796.245062 3.286632 3.510909 16.349921
 3280.000000 -843949.750000 795.084023 3.289058 3.773569 16.359148
 3300.000000 -843985.500000 795.820652 3.345492 3.567739 16.225998
 3320.000000 -845807.562500 796.616824 3.535329 3.576845 16.425103
 3340.000000 -844917.562500 795.292321 3.526775 3.446389 16.343645
 3360.000000 -845117.562500 796.597862 3.359567 3.559166 16.443438
 3380.000000 -843978.062500 796.335413 3.296711 3.459169 16.452366
 3400.000000 -845430.625000 795.761911 3.485487 3.262726 16.358749
 3420.000000 -844446.312500 796.607246 3.395205 3.419945 16.647238
 3440.000000 -842677.812500 795.565922 3.483643 3.293905 16.853808
 3460.000000 -843931.000000 794.415948 3.382132 3.436177 16.615262
 3480.000000 -844409.250000 793.222723 3.517427 3.625354 16.531465
 3500.000000 -843645.875000 792.077431 3.472120 3.718521 16.609670
 3520.000000 -843969.250000 797.208625 3.275938 3.638525 16.419549
 3540.000000 -843174.312500 795.273128 3.448848 3.459031 16.524212
 3560.000000 -843748.562500 796.892739 3.393762 3.408941 16.605946
 3580.000000 -844048.312500 795.824474 3.759886 3.360250 16.536372
 3600.000000 -843825.000000 794.502010 3.686555 3.442970 16.437291
 3620.000000 -843955.937500 795.202796 3.638369 3.598927 16.662786
 3640.000000 -844813.312500 794.730506 3.743311 3.363970 16.555249
 3660.000000 -844055.250000 792.431955 3.387196 3.557242 16.364603
 3680.000000 -845970.187500 795.298666 3.485254 3.531620 16.247510
 3700.000000 -844199.375000 794.222044 3.808683 3.323954 16.497509
 3720.000000 -844540.000000 794.041131 3.554228 3.330612 16.398703
 3740.000000 -843833.437500 793.097302 3.565600 3.531196 16.420700
 3760.000000 -842148.312500 794.195723 3.632166 3.390564 16.353170
 3780.000000 -845492.000000 790.308137 3.443970 3.484165 16.397636
 3800.000000 -844092.062500 797.229581 3.430934 3.397851 16.277899
 3820.000000 -841090.250000 796.451693 3.330913 3.515232 16.435180
 3840.000000 -843450.062500 795.146352 3.452703 3.560441 16.440131
 3860.000000 -846569.625000 794.681369 3.519936 3.509812 16.619505
 3880.000000 -844232.625000 793.437547 3.512078 3.541424 16.432312
 3900.000000 -845750.062500 793.569420 3.712879 3.472968 16.381452
 3920.000000 -844543.125000 794.642962 3.521554 3.340444 16.124139
 3940.000000 -845047.812500 795.176146 3.535764 3.097609 16.547785
 3960.000000 -842764.000000 795.177859 3.425264 2.934436 16.657444
 3980.000000 -844663.687500 798.878557 3.730120 3.231552 16.535255
 4000.000000 -843410.812500 793.843288 3.370923 3.366664 16.196867
 4020.000000 -845684.812500 796.049279 3.515146 3.049370 16.082436
 4040.000000 -843970.250000 796.864578 3.349153 3.360974 16.474795
 4060.000000 -843411.500000 796.487159 3.517623 3.453516 16.545474
 4080.000000 -843924.500000 792.661088 3.453934 3.340267 16.406485
 4100.000000 -845107.437500 795.630884 3.431962 3.390482 16.471784
 4120.000000 -845207.937500 794.100731 3.608198 3.463793 16.510653
 4140.000000 -844819.187500 791.846181 3.496113 3.350282 16.411224
 4160.000000 -844294.875000 793.189219 3.330284 3.332678 16.387626
 4180.000000 -846093.500000 792.746522 3.540990 3.161419 16.110997
 4200.000000 -844797.062500 795.695023 3.609404 3.209994 16.460922
 4220.000000 -845670.937500 795.374744 3.578748 3.164526 16.437617
 4240.000000 -845312.562500 796.236940 3.350367 3.230835 16.432399
 4260.000000 -844098.062500 795.233400 3.366814 3.380106 16.535371
 4280.000000 -843985.125000 796.340019 3.464467 3.208247 16.438802
 4300.000000 -844267.625000 795.357340 3.583292 3.365630 16.674773
 4320.000000 -844202.750000 794.458454 3.477264 3.427270 16.307235
 4340.000000 -845436.500000 795.420602 3.257261 3.299949 16.678586
 4360.000000 -844645.500000 794.705014 3.013883 3.081457 16.465418
 4380.000000 -844021.562500 796.353649 3.361891 3.415440 16.750460
 4400.000000 -842499.062500 796.110906 3.465592 3.358144 16.585954
 4420.000000 -845754.062500 793.550857 3.569973 3.441199 16.494833
 4440.000000 -846588.312500 792.588720 3.532218 3.741949 16.388745
 4460.000000 -845771.875000 792.446584 3.615972 3.420575 16.599171
 4480.000000 -844109.125000 797.400421 3.382571 3.465102 16.350967
 4500.000000 -845201.437500 794.876371 3.446782 3.283390 16.225881
 4520.000000 -844294.062500 795.817088 3.439727 3.174812 16.318609
 4540.000000 -846761.625000 792.964625 3.424581 3.494515 16.522320
 4560.000000 -845843.250000 794.730327 3.505371 3.351130 16.699807
 4580.000000 -845294.875000 795.738533 3.472920 3.589544 16.420406
 4600.000000 -844622.187500 793.249146 3.202039 3.780756 16.678803
 4620.000000 -844970.687500 795.430963 3.181411 3.412849 16.532777
 4640.000000 -845565.562500 794.618734 3.276924 3.309743 16.161191
 4660.000000 -845186.312500 791.694813 3.104511 3.311631 16.894537
 4680.000000 -844796.375000 794.438097 3.079584 3.193009 16.647280
 4700.000000 -845548.750000 794.415854 3.070229 3.433794 16.441330
 4720.000000 -845687.437500 793.815723 3.065537 3.260092 16.392334
 4740.000000 -843733.625000 793.837657 3.065106 3.260813 16.392738
 4760.000000 -842417.750000 796.581899 3.285238 3.423012 16.320597
 4780.000000 -845049.812500 795.481989 3.240123 3.529188 16.323331
 4800.000000 -844155.625000 794.010160 3.382323 3.653414 16.375260
 4820.000000 -844145.812500 795.340914 3.375420 3.363113 16.551592
 4840.000000 -844409.500000 794.113386 3.317364 3.387717 16.523647
 4860.000000 -843839.750000 797.304816 3.101143 3.275942 16.488133
 4880.000000 -842513.625000 794.843582 3.208786 3.401925 16.572375
 4900.000000 -844359.937500 793.669096 3.217047 3.487121 16.438821
 4920.000000 -842760.812500 795.265702 3.368478 3.536850 16.558961
 4940.000000 -844543.437500 794.336705 3.173356 3.596677 16.428650
 4960.000000 -844601.125000 793.084498 2.991478 3.066360 16.685494
 4980.000000 -845694.187500 794.674992 3.140362 3.489649 16.658865
 5000.000000 -843347.937500 794.524843 3.207134 3.662524 16.687036
 5020.000000 -845428.625000 793.884257 3.352232 3.512628 16.650922
 5040.000000 -844964.187500 791.949683 3.503604 3.410834 16.727504
 5060.000000 -845695.250000 793.305005 3.431586 3.237074 16.532652
 5080.000000 -844322.250000 795.106323 3.433387 3.492968 16.457990
 5100.000000 -844683.437500 793.374842 3.199486 3.261109 16.519411
 5120.000000 -844555.437500 794.233430 3.323150 3.345868 16.667847
 5140.000000 -844394.937500 793.813768 3.378942 3.325321 16.600537
 5160.000000 -843832.625000 793.292354 3.325867 3.425284 16.896798
 5180.000000 -844491.812500 794.726171 3.288771 3.397543 16.732225
 5200.000000 -842570.500000 797.088044 3.689207 3.340941 16.761543
 5220.000000 -845474.812500 793.435868 3.389407 3.065994 16.771417
 5240.000000 -844092.187500 793.653374 3.769831 3.235232 16.741456
 5260.000000 -844524.250000 793.612346 3.455508 3.435080 16.605678
 5280.000000 -843789.062500 797.258730 3.594233 3.348052 16.797135
 5300.000000 -844294.250000 793.707853 3.627512 3.379056 16.616745
 5320.000000 -845185.687500 793.889612 3.276782 3.360369 16.482979
 5340.000000 -845031.500000 794.702250 3.335642 3.348987 16.652478
 5360.000000 -844248.750000 795.939991 3.275066 3.426065 16.538420
 5380.000000 -844943.187500 793.104525 3.238758 3.627989 16.539980
 5400.000000 -845520.250000 793.397484 3.459544 3.418540 16.634902
 5420.000000 -844174.187500 791.629881 3.228207 3.479048 16.589409
 5440.000000 -847377.000000 792.976261 3.076535 3.164156 16.483080
 5460.000000 -845223.937500 793.847947 3.533082 3.407509 16.407289
 5480.000000 -844688.375000 792.160167 3.189885 3.448195 16.601100
 5500.000000 -843185.937500 794.461499 3.205409 3.533898 16.570776
 5520.000000 -845090.187500 795.764290 3.482583 3.367020 16.475489
 5540.000000 -844513.812500 793.425780 3.367445 3.411709 16.583960
 5560.000000 -844689.187500 791.836019 3.520410 3.274413 16.623461
 5580.000000 -844111.000000 794.381382 3.431595 3.653852 16.617822
 5600.000000 -844100.875000 795.033441 3.313908 3.242297 16.493718
 5620.000000 -844485.812500 793.968999 3.562399 3.466868 16.450802
 5640.000000 -845469.250000 790.840947 3.411039 3.282211 16.287228
 5660.000000 -844103.687500 792.492823 3.478734 3.262174 16.438715
 5680.000000 -844885.562500 794.906378 3.507443 3.495341 16.417878
 5700.000000 -842709.125000 793.289887 3.219691 3.409689 16.333136
 5720.000000 -844392.125000 795.052332 3.318014 3.238600 16.399287
 5740.000000 -845013.812500 791.561104 3.368665 3.193504 16.625564
 5760.000000 -844337.312500 795.733935 3.532457 3.316033 16.515318
 5780.000000 -842794.687500 796.487166 3.329151 3.505111 16.466587
 5800.000000 -844969.500000 796.352707 3.305399 3.164018 16.719797
 5820.000000 -845886.000000 794.590561 3.015507 3.368680 16.579462
 5840.000000 -844732.812500 795.165307 3.087630 3.438642 16.427379
 5860.000000 -844944.562500 792.145134 3.481632 3.661778 16.459022
 5880.000000 -844569.125000 793.930970 3.426227 3.198008 16.507507
 5900.000000 -844085.187500 794.559766 3.507657 3.215870 16.583550
 5920.000000 -843725.750000 793.201013 3.382646 3.344992 16.602400
 5940.000000 -844651.000000 794.441774 3.236012 3.181237 16.588643
 5960.000000 -843349.437500 794.517496 3.268031 3.243359 16.532196
 5980.000000 -844779.125000 793.606849 3.560936 3.497582 16.684818
 6000.000000 -845105.625000 793.135231 3.539005 3.218871 16.561750
 6020.000000 -843792.937500 797.012730 3.307353 3.357866 16.587184
 6040.000000 -843758.125000 797.276876 3.188538 3.317710 16.488689
 6060.000000 -845192.437500 796.252358 3.332107 3.441308 16.470088
 6080.000000 -844282.437500 794.983894 3.181324 3.497564 16.797623
 6100.000000 -845484.312500 794.403810 3.441483 3.325258 16.552660
 6120.000000 -845421.875000 792.942428 3.512077 3.455527 16.678402
 6140.000000 -842127.437500 796.791649 3.568198 3.515191 16.383358
 6160.000000 -846306.750000 792.720439 3.550176 3.555087 16.722561
 6180.000000 -843847.125000 795.795450 3.571941 3.474207 16.654743
 6200.000000 -846581.062500 793.110764 3.657155 3.168679 16.179863
 6220.000000 -844282.250000 794.511945 3.430990 3.414618 16.267743
 6240.000000 -845053.312500 794.578997 3.280854 3.422199 16.563988
 6260.000000 -844804.687500 792.397887 3.300502 3.068805 16.586649
 6280.000000 -844826.437500 794.164842 3.034462 3.236704 16.802076
 6300.000000 -844647.687500 794.012733 3.177078 3.372511 16.640681
 6320.000000 -843138.312500 797.499274 3.395714 3.532021 16.636152
 6340.000000 -844479.312500 796.087515 3.290385 3.586358 16.386575
 6360.000000 -845093.812500 793.572774 3.513278 3.546733 16.567280
 6380.000000 -844381.187500 794.153124 3.386692 3.339223 16.383478
 6400.000000 -843232.375000 795.574282 3.509420 3.677681 16.379755
 6420.000000 -844118.562500 793.510998 3.386908 3.561866 16.498473
 6440.000000 -843959.437500 793.882001 3.335158 3.537782 16.572748
 6460.000000 -844394.250000 793.621728 3.460561 3.265480 16.501652
 6480.000000 -843857.750000 794.312433 3.526503 3.213365 16.610226
 6500.000000 -843502.937500 795.218039 3.291499 3.254344 16.775680
 6520.000000 -844777.250000 792.964848 3.414397 3.626068 16.419885
 6540.000000 -845454.187500 794.807819 3.490689 3.170859 16.484199
 6560.000000 -844020.062500 796.816607 3.240431 3.331932 16.591246
 6580.000000 -843791.250000 794.808032 3.447886 3.358351 16.363335
 6600.000000 -845061.750000 794.652832 3.667744 3.369454 16.682525
 6620.000000 -844638.937500 792.893199 3.562799 3.333033 16.506482
 6640.000000 -844112.000000 795.234199 3.656821 3.676042 16.517287
 6660.000000 -845078.000000 794.979071 3.344829 3.418587 16.422896
 6680.000000 -844082.625000 795.194754 3.247871 3.313629 16.447215
 6700.000000 -844830.062500 792.772549 3.312771 3.306874 16.529601
 6720.000000 -845967.312500 792.675465 3.402936 3.716464 16.424905
 6740.000000 -845214.000000 794.167147 3.410735 3.400720 16.606296
 6760.000000 -844528.812500 794.027652 3.366094 3.367906 16.549421
 6780.000000 -844785.125000 794.307441 3.320259 3.450405 16.519861
 6800.000000 -845398.687500 792.014866 3.362550 3.401230 16.265045
 6820.000000 -846300.562500 792.512579 3.451747 3.554148 16.566744
 6840.000000 -842168.000000 794.668942 3.569292 3.569582 16.503594
 6860.000000 -843514.187500 796.256828 3.361539 3.353081 16.364063
 6880.000000 -844202.875000 795.099471 3.514970 3.329302 16.363948
 6900.000000 -844849.500000 795.996597 3.591250 3.138431 16.429427
 6920.000000 -844100.875000 794.487853 3.462842 3.166444 16.345096
 6940.000000 -844769.312500 795.552361 3.416736 3.400645 16.706482
 6960.000000 -844810.500000 793.100272 3.297743 3.351774 16.852559
 6980.000000 -845543.937500 791.588414 3.173045 3.412116 16.582775
 7000.000000 -845727.937500 792.028079 3.298500 3.320276 16.774092
 7020.000000 -844867.750000 793.597757 3.419741 3.474074 16.503802
 7040.000000 -844142.812500 792.514065 3.626798 3.230744 16.634260
 7060.000000 -845576.375000 795.621320 3.338817 3.369226 16.675018
 7080.000000 -844294.937500 793.613825 3.549702 3.288952 16.586005
 7100.000000 -844318.062500 796.224183 3.777645 3.403732 16.434691
 7120.000000 -844004.750000 795.299162 3.310867 3.488339 16.532333
 7140.000000 -842855.187500 796.148526 3.461923 3.411095 16.473337
 7160.000000 -844366.875000 795.583734 3.615108 3.055762 16.293126
 7180.000000 -843983.250000 794.541133 3.457588 3.322257 16.409395
 7200.000000 -844610.437500 794.348058 3.494549 3.269928 16.771497
 7220.000000 -842845.250000 798.091581 3.571897 3.219112 16.664223
 7240.000000 -843536.062500 794.511193 3.481308 3.373928 16.594832
 7260.000000 -844989.875000 793.976752 3.601862 3.583459 16.392329
 7280.000000 -844576.937500 793.695020 3.293083 3.637803 16.582614
 7300.000000 -842535.750000 794.534222 3.375458 3.155535 16.757563
 7320.000000 -844077.937500 794.271120 3.402866 3.128254 16.795724
 7340.000000 -844961.187500 793.372099 3.282824 3.142273 16.393535
 7360.000000 -845234.437500 794.021904 3.041131 3.089777 16.058717
 7380.000000 -845046.625000 796.815794 3.196473 3.142715 16.509640
 7400.000000 -844793.187500 794.766812 3.340076 3.242731 16.006185
 7420.000000 -842723.437500 795.694103 3.352751 3.317258 16.312803
 7440.000000 -843977.312500 795.805382 3.203493 3.304016 16.590744
 7460.000000 -845841.375000 793.562159 3.099715 3.378023 16.539397
 7480.000000 -842977.812500 796.711682 3.280029 3.280036 16.434016
 7500.000000 -844747.437500 793.987367 3.600484 3.420955 16.251861
 7520.000000 -844750.750000 792.449074 3.487572 3.647804 16.295732
 7540.000000 -846314.375000 793.107683 3.103502 3.637446 16.304058
 7560.000000 -843324.125000 795.246435 3.211432 3.422348 16.259225
 7580.000000 -844933.312500 792.949855 3.330340 3.395134 16.146733
 7600.000000 -846794.625000 794.383532 3.386807 3.201268 16.457746
 7620.000000 -845039.250000 794.380932 3.446817 3.149962 16.842951
 7640.000000 -843471.000000 793.088829 3.525444 3.270600 16.689504
 7660.000000 -844808.437500 791.820670 3.434189 3.626709 16.672683
 7680.000000 -843425.125000 795.290140 3.982886 3.479500 16.682299
 7700.000000 -845733.062500 793.555417 3.982365 3.739702 16.514681
 7720.000000 -846782.125000 793.790699 3.495432 3.624008 16.554273
 7740.000000 -845590.687500 796.047145 3.658326 3.606138 16.552952
 7760.000000 -843915.875000 793.787734 3.127519 3.777631 16.597950
 7780.000000 -843221.000000 796.079051 3.252475 3.671459 16.625279
 7800.000000 -845592.500000 794.179225 3.166569 3.581859 16.639396
 7820.000000 -844823.687500 795.763726 3.317120 3.396493 16.568444
 7840.000000 -844245.312500 793.498482 3.241631 3.324931 16.339369
 7860.000000 -844044.500000 792.676434 3.296385 3.531361 16.348890
 7880.000000 -843217.000000 794.468147 3.423093 3.561866 16.756700
 7900.000000 -843010.375000 795.548243 3.506260 3.349318 16.724002
 7920.000000 -844578.062500 792.642522 3.347737 3.341805 16.632939
 7940.000000 -844485.500000 794.549663 3.110131 2.956991 16.583215
 7960.000000 -843792.375000 794.208408 3.118796 3.502747 16.620000
 7980.000000 -844885.375000 791.990591 3.313115 3.565730 16.711280
 8000.000000 -843478.437500 795.073300 3.376687 3.650108 16.817167
 8020.000000 -844273.187500 792.841217 3.154628 3.315395 16.462995
 8040.000000 -845948.750000 792.523093 3.308857 3.435729 16.705825
 8060.000000 -844887.500000 793.022264 3.513161 3.083931 16.590711
 8080.000000 -841954.687500 797.685616 3.495640 3.113650 16.645526
 8100.000000 -845089.687500 792.128017 3.421032 3.413594 16.280266
 8120.000000 -843775.562500 793.492584 3.667407 3.471265 16.605164
 8140.000000 -845933.187500 789.926225 3.182215 3.592139 16.298844
 8160.000000 -847299.125000 793.163384 3.268155 3.559713 16.395412
 8180.000000 -843310.000000 793.123511 3.513005 3.670646 16.659387
 8200.000000 -844238.625000 794.979239 3.575466 3.338287 16.678098
 8220.000000 -842705.812500 794.263323 3.637896 3.261693 16.753961
 8240.000000 -844215.375000 794.724610 3.528219 3.481074 16.707917
 8260.000000 -843838.437500 797.227479 3.241978 3.544524 16.550624
 8280.000000 -844248.687500 794.821890 3.250234 3.463163 16.363263
 8300.000000 -845579.125000 793.920273 3.415861 3.554993 16.530290
 8320.000000 -844112.312500 796.365649 3.415561 3.402665 16.441206
 8340.000000 -844605.062500 796.152302 3.383234 3.506630 16.296210
 8360.000000 -844556.125000 795.180718 3.302072 3.379935 16.275191
 8380.000000 -843695.000000 798.488463 3.479941 3.134442 16.647778
 8400.000000 -845956.250000 792.238318 3.508694 3.337928 16.441328
 8420.000000 -846288.937500 790.723604 3.505463 3.214069 16.501566
 8440.000000 -844251.937500 793.308313 3.507000 3.439787 16.334188
 8460.000000 -845369.062500 792.949151 3.644926 3.458768 16.364276
 8480.000000 -844279.312500 793.520843 3.303591 3.379974 16.575309
 8500.000000 -844111.937500 795.283926 3.126184 3.228626 16.508857
 8520.000000 -843369.125000 794.512756 2.951328 3.278523 16.375342
 8540.000000 -846237.750000 792.329038 2.994674 3.128908 16.575782
 8560.000000 -845184.937500 795.631524 3.339291 3.299427 16.743891
 8580.000000 -842883.250000 797.654887 3.496385 3.413493 16.590686
 8600.000000 -845193.625000 793.880022 3.127601 3.452304 16.474358
 8620.000000 -843919.062500 794.545140 3.181565 3.567645 16.324494
 8640.000000 -843822.312500 793.524488 3.406098 3.132916 16.347684
 8660.000000 -843647.312500 792.973161 3.573680 3.544405 16.548220
 8680.000000 -845464.875000 793.074891 3.731780 3.549793 16.730331
 8700.000000 -844213.125000 793.493496 3.418445 3.467337 16.509245
 8720.000000 -844847.000000 795.303276 3.488460 3.017793 16.393666
 8740.000000 -844137.312500 795.652574 3.425721 3.243414 16.637735
 8760.000000 -846035.750000 795.154027 3.506292 3.271015 16.464145
 8780.000000 -845403.187500 790.690586 3.440444 3.194731 16.499672
 8800.000000 -844421.500000 794.269623 3.396306 3.208575 16.524304
 8820.000000 -845625.062500 794.436664 3.273772 3.163814 16.444022
 8840.000000 -844107.437500 795.874558 3.283465 3.304025 16.270976
 8860.000000 -844754.375000 795.549377 3.629479 3.374775 16.332549
 8880.000000 -846298.312500 795.065127 3.510691 3.310987 16.395656
 8900.000000 -844182.625000 795.310278 3.331723 3.431404 16.312335
 8920.000000 -846154.750000 794.078024 3.439383 3.385816 16.374987
 8940.000000 -844393.812500 793.452269 3.462114 3.494413 16.198040
 8960.000000 -844021.875000 796.380975 3.198728 3.474261 16.438250
 8980.000000 -844176.000000 794.762195 3.142985 3.573031 16.401695
 9000.000000 -843757.250000 796.499196 3.308011 3.532388 16.586955
 9020.000000 -843770.312500 793.168616 3.610819 3.284856 16.476350
 9040.000000 -842374.750000 797.231659 3.618449 3.257599 16.569317
 9060.000000 -842691.437500 794.895324 3.650559 3.327307 16.416653
 9080.000000 -844752.812500 793.892395 3.578849 3.145056 16.453362
 9100.000000 -845432.562500 792.030796 3.588092 3.366961 16.320828
 9120.000000 -844930.625000 792.498339 3.484387 3.379007 16.426106
 9140.000000 -844547.187500 795.860859 3.614815 3.315081 16.703930
 9160.000000 -843691.937500 794.935927 3.421313 3.078600 16.638767
 9180.000000 -845568.875000 792.521712 3.506770 3.345185 16.547374
 9200.000000 -845346.750000 793.496329 3.572258 3.278205 16.366998
 9220.000000 -843037.750000 796.829174 3.408453 3.214597 16.728589
 9240.000000 -845734.812500 793.494182 3.440966 3.196729 16.524210
 9260.000000 -844836.625000 793.109106 3.285951 3.173985 16.551091
 9280.000000 -842622.937500 794.912338 3.267596 3.185141 16.618574
 9300.000000 -844203.750000 794.815579 3.272724 3.136634 16.598901
 9320.000000 -845419.125000 793.546646 3.610854 3.425255 16.470541
 9340.000000 -844994.625000 792.526082 3.618197 3.676445 16.477188
 9360.000000 -845032.812500 794.405349 3.403132 3.415926 16.427032
 9380.000000 -843308.937500 794.605707 3.363560 3.491615 16.591273
 9400.000000 -844372.437500 794.994202 3.278791 3.198044 16.602616
 9420.000000 -843999.312500 795.601344 3.607200 3.329943 16.646457
 9440.000000 -844727.500000 794.460368 3.603155 3.555602 16.834080
 9460.000000 -845192.500000 794.356154 3.670556 3.586421 16.828834
 9480.000000 -844656.375000 794.400459 3.477667 3.458013 16.539882
 9500.000000 -842527.937500 794.515141 3.416199 3.397130 16.362471
 9520.000000 -843998.625000 797.740150 3.488583 3.522963 16.695443
 9540.000000 -844048.750000 796.619412 3.400304 3.584558 16.794173
 9560.000000 -843299.062500 796.471805 3.401506 3.627110 16.453562
 9580.000000 -844853.125000 794.322392 3.494622 3.580446 16.737968
 9600.000000 -844172.500000 793.576211 3.543978 3.393851 16.481346
 9620.000000 -844922.687500 792.647716 3.544762 3.286065 16.588449
 9640.000000 -845558.562500 793.533949 3.422339 3.188692 16.452091
 9660.000000 -845132.625000 793.207455 3.341251 3.387789 16.434520
 9680.000000 -844945.187500 794.063810 3.279184 3.344134 16.238624
 9700.000000 -843221.437500 795.068950 3.304633 3.359037 16.447556
 9720.000000 -842879.875000 794.667683 3.422614 3.177864 16.545337
 9740.000000 -844732.375000 792.848605 3.584350 3.219614 16.625871
 9760.000000 -844954.375000 795.296335 3.520009 3.430056 16.589429
 9780.000000 -845046.750000 792.702774 3.520686 3.516189 16.670831
 9800.000000 -845388.250000 793.808706 3.711893 3.203952 16.475606
 9820.000000 -844380.437500 794.545775 3.734542 3.477213 16.339166
 9840.000000 -844254.000000 795.192738 3.512873 3.397488 16.592804
 9860.000000 -844933.437500 793.468981 3.326642 3.383465 16.663773
 9880.000000 -843388.750000 796.304712 3.639252 3.481568 16.396877
 9900.000000 -844855.812500 793.651343 3.401258 3.369508 16.497098
 9920.000000 -844569.312500 792.823933 3.417745 3.272585 16.623287
 9940.000000 -843155.312500 793.632641 3.142877 3.286597 16.578538
 9960.000000 -845223.125000 788.799584 3.240451 3.411440 16.276778
 9980.000000 -844050.000000 796.446188 3.428369 3.722437 16.506134
 10000.000000 -844357.812500 794.235924 3.377562 3.387182 16.634542
 10020.000000 -844375.750000 792.668213 3.479503 3.235892 16.520130
 10040.000000 -844099.562500 795.409210 3.437800 3.315786 16.504579
 10060.000000 -842510.875000 794.975102 3.400996 3.433358 16.594897
 10080.000000 -843941.562500 794.952523 3.203985 3.467449 16.580100
 10100.000000 -841910.937500 796.783390 3.310514 3.322640 16.695587
 10120.000000 -844049.562500 795.167839 3.220083 3.446473 16.403006
 10140.000000 -843160.937500 797.363978 3.231090 3.293103 16.401573
 10160.000000 -844221.312500 794.547368 3.554642 2.975026 16.650440
 10180.000000 -844070.437500 793.883997 3.371047 3.391227 16.502956
 10200.000000 -844572.562500 793.914051 3.216546 3.319118 16.282679
 10220.000000 -843130.750000 795.558395 3.152831 3.348560 16.483996
 10240.000000 -844291.312500 794.741528 3.067921 3.629680 16.486653
 10260.000000 -845552.562500 795.251963 3.245125 3.332549 16.806274
 10280.000000 -844248.062500 792.858720 3.526464 3.326200 16.837907
 10300.000000 -844546.062500 795.784364 3.758923 3.494751 16.826752
 10320.000000 -844796.937500 795.031224 3.508378 3.507243 16.519507
 10340.000000 -844146.937500 796.821106 3.261968 3.557418 16.490814
 10360.000000 -843428.812500 794.290382 3.217863 3.308211 16.884236
 10380.000000 -842765.562500 795.239436 3.310833 3.146550 16.746701
 10400.000000 -845221.312500 791.981511 3.215831 3.542664 16.529178
 10420.000000 -845527.937500 793.776062 3.228185 3.578238 16.388417
 10440.000000 -844196.250000 795.189645 3.090139 3.686567 16.529086
 10460.000000 -844981.937500 794.083608 3.330855 3.313644 16.440983
 10480.000000 -844944.250000 795.518935 3.249107 3.212775 16.560708
 10500.000000 -844536.500000 793.525517 3.223468 3.244387 16.470482
 10520.000000 -843854.562500 795.542855 3.571264 3.457120 16.432211
 10540.000000 -843355.062500 792.127680 3.582422 3.357002 16.586452
 10560.000000 -844706.250000 795.668744 3.367369 3.377852 16.243326
 10580.000000 -844224.500000 795.097419 3.366939 3.523094 16.391841
 10600.000000 -844669.562500 795.269607 3.307560 3.597594 16.528300
 10620.000000 -845865.437500 793.212345 3.585049 3.100042 16.424093
 10640.000000 -845352.875000 791.590753 3.625366 3.170449 16.538933
 10660.000000 -843681.437500 796.026943 3.561825 3.286856 16.320250
 10680.000000 -843287.062500 797.503539 3.756707 3.359861 16.486200
 10700.000000 -844688.562500 794.768835 3.522936 3.286385 16.613972
 10720.000000 -845786.000000 794.243080 3.361576 3.334134 16.436489
 10740.000000 -842504.250000 796.871731 3.270566 3.539679 16.601013
 10760.000000 -843707.187500 795.199289 3.210457 3.474378 16.567662
 10780.000000 -843365.812500 791.133837 2.908610 3.392730 16.579916
 10800.000000 -845025.937500 796.798902 3.234291 3.419802 16.676646
 10820.000000 -844968.250000 793.143487 3.438931 3.391485 16.681262
 10840.000000 -842928.750000 797.443594 3.409957 3.614468 16.471891
 10860.000000 -845539.562500 795.795816 3.318918 3.448711 16.300810
 10880.000000 -843769.437500 797.956398 3.374713 3.272788 16.254884
 10900.000000 -845080.750000 795.835701 3.113301 3.406873 16.538099
 10920.000000 -845516.687500 794.560882 3.234110 3.099129 16.492430
 10940.000000 -845090.937500 795.881821 3.332284 3.449981 16.555070
 10960.000000 -844200.125000 793.707014 3.034419 3.791526 16.562238
 10980.000000 -846514.250000 790.917322 3.572387 3.571940 16.541225
 11000.000000 -844864.062500 796.143043 3.649713 3.359668 16.722319
 11020.000000 -842045.562500 794.549670 3.770840 3.212023 16.584430
 11040.000000 -844175.187500 793.972130 3.485154 3.444889 16.637260
 11060.000000 -846053.750000 790.656977 3.506567 3.393544 16.358064
 11080.000000 -843952.625000 790.907835 3.497217 3.516847 16.308612
 11100.000000 -845860.187500 794.126022 3.402444 3.448841 16.329055
 11120.000000 -843612.687500 794.311844 3.601059 3.225468 16.296733
 11140.000000 -844926.125000 793.605293 3.436852 3.280660 16.448868
 11160.000000 -846376.625000 791.809692 3.357048 3.508936 16.679895
 11180.000000 -845482.000000 793.356554 3.554982 3.684204 16.612271
 11200.000000 -845310.625000 792.751139 3.492575 3.628961 16.458104
 11220.000000 -844420.250000 795.063370 3.378005 3.540605 16.556502
 11240.000000 -844959.625000 794.729859 3.400844 3.443341 16.612914
 11260.000000 -846319.750000 789.626995 3.357677 3.220435 16.434977
 11280.000000 -845549.000000 791.636180 3.241430 3.462946 16.432839
 11300.000000 -844833.375000 793.985389 3.002711 3.290270 16.524853
 11320.000000 -845473.812500 793.019695 3.151660 3.335868 16.516636
 11340.000000 -846243.625000 794.304964 3.440961 3.275184 16.546092
 11360.000000 -845771.687500 793.626988 3.546312 3.547716 16.376549
 11380.000000 -843716.687500 795.012130 3.426618 3.470830 16.576410
 11400.000000 -844819.812500 794.030427 3.340196 3.358037 16.443649
 11420.000000 -845723.250000 795.686797 3.504897 3.413446 16.488406
 11440.000000 -843411.812500 793.887953 3.405073 3.231285 16.321236
 11460.000000 -845508.687500 795.058149 3.179233 3.475741 16.451947
 11480.000000 -844905.312500 794.921100 3.348724 3.563259 16.252806
 11500.000000 -845658.687500 793.071252 3.536535 3.735713 16.239155
 11520.000000 -843311.312500 794.448658 3.384601 3.391561 16.337677
 11540.000000 -842822.750000 794.120215 3.430650 3.313136 16.522207
 11560.000000 -844260.750000 793.369539 3.350361 3.148594 16.328102
 11580.000000 -843912.875000 794.262653 3.532754 3.374272 16.501421
 11600.000000 -844177.250000 794.669564 3.372519 3.399782 16.595903
 11620.000000 -846110.625000 792.970908 3.460241 3.381194 16.542364
 11640.000000 -844178.812500 793.116516 3.391365 3.417678 16.291019
 11660.000000 -844188.000000 793.675180 3.503369 3.351269 16.658103
 11680.000000 -844366.312500 796.199619 3.398541 3.342760 16.399557
 11700.000000 -844620.875000 796.277465 3.090100 3.410495 16.438213
 11720.000000 -842712.687500 793.324238 3.501457 3.469451 16.660462
 11740.000000 -843858.812500 793.293111 3.581481 3.644997 16.744396
 11760.000000 -844467.125000 794.542625 3.708135 3.513870 16.716362
 11780.000000 -843771.375000 793.098233 3.588216 3.216820 16.635336
 11800.000000 -843527.187500 795.443610 3.711909 3.104172 16.551633
 11820.000000 -844182.750000 795.184694 3.580378 3.305871 16.419188
 11840.000000 -845005.000000 794.261943 3.622691 3.204329 16.250864
 11860.000000 -844380.375000 794.719714 3.140006 3.158286 16.389256
 11880.000000 -843619.437500 793.478799 3.170482 3.312478 16.421788
 11900.000000 -845187.875000 793.702008 3.194277 3.420600 16.595680
 11920.000000 -845274.250000 796.777385 3.337895 3.136673 16.715918
 11940.000000 -844390.000000 791.817407 3.588135 3.032492 16.817568
 11960.000000 -842411.875000 795.331910 3.401546 3.238914 16.466831
 11980.000000 -845112.625000 794.161400 3.552907 3.425677 16.379019
 12000.000000 -844396.437500 794.896032 3.270698 3.510260 16.458255
 12020.000000 -844897.812500 793.025168 3.373168 3.526386 16.373680
 12040.000000 -843072.625000 792.594081 3.308920 3.323720 16.613054
 12060.000000 -843950.437500 794.363909 3.214381 3.356300 16.539871
 12080.000000 -846344.375000 791.058684 3.361657 3.115719 16.357999
 12100.000000 -843087.062500 795.029304 3.347764 3.306897 16.671038
 12120.000000 -844859.937500 794.328859 3.221053 3.444919 16.698509
 12140.000000 -844700.687500 793.604938 3.349529 3.520917 16.653428
 12160.000000 -842895.625000 795.400729 3.256700 3.322022 16.612573
 12180.000000 -843559.250000 795.005515 3.216062 3.288860 16.533028
 12200.000000 -844727.500000 793.230713 3.289585 3.091792 16.366647
 12220.000000 -843343.062500 794.665087 3.675447 3.172215 16.492304
 12240.000000 -842773.312500 794.221436 3.796091 3.156517 16.424586
 12260.000000 -842597.375000 795.321586 3.467144 3.323606 16.519897
 12280.000000 -843830.187500 796.108047 3.452570 3.156364 16.495380
 12300.000000 -844693.625000 795.098417 3.443953 3.283545 16.523660
 12320.000000 -844814.875000 795.452614 3.381943 3.514704 16.727997
 12340.000000 -844937.562500 793.269374 3.360330 3.479933 16.404808
 12360.000000 -843836.875000 795.092972 3.306399 3.470343 16.323466
 12380.000000 -843826.125000 794.439742 3.426555 3.587145 16.618584
 12400.000000 -844624.687500 793.066696 3.457265 3.412587 16.703040
 12420.000000 -844741.000000 794.125963 3.184015 3.405419 16.528739
 12440.000000 -844919.312500 794.510317 3.425954 3.276699 16.655347
 12460.000000 -844225.500000 794.390188 3.694124 3.311551 16.322477
 12480.000000 -845850.375000 791.917470 3.240283 3.315969 16.439941
 12500.000000 -846320.437500 792.175656 2.963454 3.601013 16.510842
 12520.000000 -843297.062500 795.533775 3.176129 3.427271 16.273736
 12540.000000 -845460.062500 794.967310 3.223525 3.443062 16.316123
 12560.000000 -843855.312500 793.612524 3.446778 3.162283 16.596742
 12580.000000 -845289.437500 794.299039 3.414360 3.324008 16.632599
 12600.000000 -843197.812500 797.199988 3.203060 3.295587 16.367248
 12620.000000 -843334.750000 795.814963 3.470878 3.198158 16.552499
 12640.000000 -846020.000000 794.634122 3.403983 3.286411 16.714313
 12660.000000 -844637.562500 794.766705 3.646588 3.440138 16.565788
 12680.000000 -843731.937500 793.396795 3.437977 3.359515 16.620669
 12700.000000 -845162.437500 793.220851 3.190980 3.145219 16.649456
 12720.000000 -844836.187500 793.095817 3.387378 3.356515 16.590291
 12740.000000 -845312.000000 795.290041 3.321584 3.370136 16.738696
 12760.000000 -843622.812500 796.666180 3.231899 3.363341 16.714703
 12780.000000 -845332.187500 793.841001 3.407534 3.247240 16.719471
 12800.000000 -846036.187500 792.121231 3.597281 3.297976 16.701717
 12820.000000 -845743.375000 794.650257 3.631344 3.447356 16.604083
 12840.000000 -845877.500000 793.431406 3.504370 3.690936 16.557059
 12860.000000 -845811.937500 794.703376 3.528828 3.462296 16.626469
 12880.000000 -843905.062500 797.113027 3.261002 3.423874 16.454858
 12900.000000 -846027.937500 795.260439 3.159927 3.366753 16.333572
 12920.000000 -843745.125000 795.131769 3.061710 3.377153 16.421041
 12940.000000 -843042.937500 796.413031 3.208663 3.246858 16.479520
 12960.000000 -845398.000000 797.412736 3.199110 3.330581 16.473154
 12980.000000 -845572.562500 794.966603 3.288217 3.371062 16.275024
 13000.000000 -844474.250000 794.706888 3.267802 3.543756 16.270752
 13020.000000 -844704.437500 793.623557 3.473341 3.461001 16.354560
 13040.000000 -844681.125000 795.364168 3.345197 3.405101 16.304204
 13060.000000 -844570.437500 793.843792 3.382374 3.533157 16.535672
 13080.000000 -842619.312500 795.670599 3.523921 3.303052 16.726900
 13100.000000 -844887.375000 794.374741 3.726676 3.624589 16.561625
 13120.000000 -845383.875000 792.658391 3.429873 3.811672 16.642732
 13140.000000 -845144.937500 792.415121 3.467532 3.523829 16.715276
 13160.000000 -844693.375000 794.146295 3.439721 3.566637 16.430463
 13180.000000 -843416.187500 795.989973 3.428640 3.483249 16.316186
 13200.000000 -846002.375000 790.695306 3.401150 3.377897 16.419753
 13220.000000 -846418.312500 792.645141 3.454967 3.466402 16.660910
 13240.000000 -844634.000000 794.089058 3.502823 3.710927 16.630804
 13260.000000 -845917.562500 791.078793 3.545606 3.840031 16.483227
 13280.000000 -845226.812500 795.596763 3.298609 3.530792 16.365927
 13300.000000 -845830.500000 792.759858 3.524979 3.282730 16.377913
 13320.000000 -843675.375000 795.664501 3.648383 3.514983 16.594968
 13340.000000 -844676.750000 794.772553 3.348207 3.612532 16.453161
 13360.000000 -843476.937500 794.591587 3.542983 3.327728 16.208200
 13380.000000 -844135.375000 795.002263 3.599781 3.518628 16.479529
 13400.000000 -843410.250000 795.841201 3.368141 3.407260 16.308113
 13420.000000 -845124.312500 796.924862 3.457182 3.526010 16.481051
 13440.000000 -844605.125000 792.954344 3.422609 3.689478 16.722280
 13460.000000 -845374.312500 792.246701 3.540075 3.678400 16.506564
 13480.000000 -845303.750000 794.317341 3.258317 3.349113 16.381776
 13500.000000 -844773.250000 795.021430 3.216679 3.408002 16.757774
 13520.000000 -844432.937500 796.155769 3.139421 3.332438 16.672090
 13540.000000 -845360.812500 793.716481 3.146700 3.609791 16.318538
 13560.000000 -844122.062500 796.921107 3.404875 3.742704 16.408737
 13580.000000 -844329.062500 794.503658 3.295631 3.649050 16.572305
 13600.000000 -844009.375000 792.892904 3.414500 3.319556 16.666835
 13620.000000 -845393.250000 794.218828 3.516118 3.508251 16.490409
 13640.000000 -844383.250000 794.429476 3.496165 3.668573 16.417704
 13660.000000 -844574.875000 791.741872 3.307542 3.382453 16.430738
 13680.000000 -844850.375000 791.852122 3.383573 3.402286 16.535344
 13700.000000 -845274.375000 795.686296 3.461132 3.143396 16.507922
 13720.000000 -845655.812500 794.841751 3.190892 3.244850 16.463843
 13740.000000 -844907.875000 795.088870 3.440558 3.211343 16.529439
 13760.000000 -842935.750000 796.616667 3.452872 3.575374 16.720002
 13780.000000 -843980.125000 794.031063 3.311587 3.402211 16.934396
 13800.000000 -843865.875000 791.786654 3.416980 3.200757 16.691940
 13820.000000 -844546.375000 792.609218 3.379177 3.487407 16.647680
 13840.000000 -844155.937500 794.440974 3.376415 3.476214 16.691063
 13860.000000 -845357.062500 793.516598 3.372590 3.504036 16.550754
 13880.000000 -844613.312500 793.619478 3.664834 3.549974 16.373377
 13900.000000 -844056.812500 791.972485 3.858287 3.425640 16.451033
 13920.000000 -842167.375000 794.172158 3.540742 3.157201 16.328198
 13940.000000 -843133.000000 793.102245 3.407328 3.303303 16.138568
 13960.000000 -845809.312500 795.307162 3.476071 3.304107 16.480334
 13980.000000 -844266.562500 795.184925 3.319101 3.439148 16.536391
 14000.000000 -844726.062500 793.349812 3.199459 3.662972 16.317911
 14020.000000 -843332.625000 797.319278 3.492590 3.294136 16.488004
 14040.000000 -844504.062500 794.588814 3.501968 3.420006 16.644317
 14060.000000 -842485.437500 797.198379 3.532708 3.502040 16.666101
 14080.000000 -843776.625000 792.040930 3.527417 3.241396 16.597933
 14100.000000 -845988.125000 794.046350 3.503740 3.234608 16.515578
 14120.000000 -845670.875000 792.780371 3.327886 3.254393 16.429338
 14140.000000 -846044.125000 792.384526 3.377888 3.549014 16.343990
 14160.000000 -845232.250000 793.155521 3.199130 3.374891 16.359104
 14180.000000 -844201.062500 795.107989 3.370292 3.300476 16.539504
 14200.000000 -845031.437500 794.928752 3.628947 3.685038 16.650539
 14220.000000 -844993.000000 798.431013 3.498870 3.532423 16.310331
 14240.000000 -845485.937500 792.566887 3.438775 3.144400 16.441620
 14260.000000 -843471.312500 793.387549 3.333122 3.334398 16.489033
 14280.000000 -845163.750000 795.235675 3.529923 3.390294 16.526728
 14300.000000 -843180.687500 796.040424 3.403338 3.392035 16.557675
 14320.000000 -846441.937500 794.446001 3.326474 3.386445 16.300306
 14340.000000 -845913.125000 793.913890 3.262969 3.195286 16.439659
 14360.000000 -845668.125000 794.502828 3.465101 3.502050 16.605579
 14380.000000 -842974.937500 793.429081 3.313727 3.412584 16.510617
 14400.000000 -843139.250000 796.070592 3.291747 3.430932 16.255970
 14420.000000 -843019.312500 793.864638 3.320263 3.343621 16.270537
 14440.000000 -843070.250000 795.719950 3.215923 3.470396 16.584414
 14460.000000 -842684.187500 795.441311 3.284534 3.549766 16.741788
 14480.000000 -842931.312500 798.481136 3.314668 3.630564 16.311054
 14500.000000 -844058.562500 796.256176 3.168664 3.645546 16.491970
 14520.000000 -844520.000000 794.077124 3.229137 3.260466 16.412384
 14540.000000 -845013.312500 792.747765 3.397409 3.335462 16.649777
 14560.000000 -844523.125000 793.208397 3.314180 3.191873 16.689753
 14580.000000 -844016.562500 794.043575 3.440948 3.437670 16.432545
 14600.000000 -845641.500000 791.807486 3.482209 3.562289 16.038881
 14620.000000 -844400.750000 795.269167 3.367082 3.411790 16.358439
 14640.000000 -845231.875000 791.569372 3.253696 3.373102 16.494671
 14660.000000 -844871.562500 794.161319 3.214041 3.330294 16.472439
 14680.000000 -844225.312500 794.070342 3.116269 3.269628 16.462366
 14700.000000 -845485.000000 794.133642 3.232528 3.251353 16.277523
 14720.000000 -846750.062500 792.265756 3.255202 3.102253 16.360155
 14740.000000 -843833.812500 794.722454 3.208863 3.284256 16.473931
 14760.000000 -845632.687500 792.836731 3.307701 3.185908 16.478285
 14780.000000 -844383.687500 792.529332 3.608426 3.210416 16.600410
 14800.000000 -844225.500000 792.252865 3.529857 3.391480 16.448169
 14820.000000 -844084.562500 796.629060 3.416263 3.206890 16.631522
 14840.000000 -844272.875000 793.380608 3.488301 3.339256 16.515267
 14860.000000 -844023.187500 796.276221 3.405895 3.261782 16.415300
 14880.000000 -843886.937500 796.599339 3.511221 3.493242 16.209781
 14900.000000 -843104.750000 794.106524 3.298152 3.338089 16.409554
 14920.000000 -843462.437500 795.923238 3.497225 3.341268 16.715440
 14940.000000 -843512.937500 792.883173 3.462016 3.527326 16.363597
 14960.000000 -844146.500000 795.835925 3.138266 3.246003 16.202639
 14980.000000 -843309.937500 795.132416 3.497105 3.188477 16.488851
 15000.000000 -846289.875000 794.322272 3.703870 3.175466 16.414370
 15020.000000 -843959.812500 791.691897 3.789544 3.245358 16.424900
 15040.000000 -844254.125000 794.366502 3.483012 3.591844 16.532732
 15060.000000 -844277.562500 795.093719 3.458987 3.488437 16.889379
 15080.000000 -845004.562500 791.062694 3.408728 3.301315 16.321569
 15100.000000 -843795.437500 793.084845 3.652735 3.379303 16.527959
 15120.000000 -844570.000000 794.493570 3.639336 3.517948 16.638417
 15140.000000 -844255.625000 793.322670 3.480797 3.481280 16.351375
 15160.000000 -844646.187500 792.067160 3.592856 3.366240 16.213857
 15180.000000 -846280.625000 795.031081 3.408378 3.299593 16.272970
 15200.000000 -844890.125000 794.134714 3.252903 3.352307 16.181439
 15220.000000 -845100.750000 793.389272 3.395490 3.611112 16.431013
 15240.000000 -844869.437500 792.930945 3.470414 3.498676 16.424350
 15260.000000 -844699.312500 792.907082 3.487017 3.266890 16.282207
 15280.000000 -843057.312500 794.375186 3.624171 3.263012 16.125265
 15300.000000 -846067.812500 793.064195 3.394265 3.325518 16.212791
 15320.000000 -845481.312500 793.153751 3.492539 3.349489 16.263513
 15340.000000 -845059.250000 794.462519 3.222842 3.220054 16.075440
 15360.000000 -842762.125000 797.387357 3.451194 2.963958 16.402441
 15380.000000 -845963.625000 795.710667 3.380565 3.526979 16.462113
 15400.000000 -842086.562500 792.795278 3.067418 3.588632 16.600653
 15420.000000 -845642.750000 791.637267 3.140237 3.507009 16.523351
 15440.000000 -843948.125000 794.847562 3.153205 3.407333 16.456561
 15460.000000 -845026.562500 796.631785 3.390934 3.438131 16.397417
 15480.000000 -844423.062500 792.653426 3.410070 3.406224 16.124790
 15500.000000 -843304.500000 793.407431 3.532307 3.464666 16.405646
 15520.000000 -845160.375000 794.232432 3.463001 3.435890 16.459808
 15540.000000 -845223.500000 793.929546 3.376167 3.285657 16.710524
 15560.000000 -845306.125000 793.337284 3.282421 3.350379 16.318423
 15580.000000 -844676.187500 793.455387 3.445548 3.254438 16.428331
 15600.000000 -844661.000000 791.878891 3.445796 3.497913 16.359034
 15620.000000 -843548.000000 794.764554 3.667991 3.430268 16.317129
 15640.000000 -844049.375000 794.963656 3.630177 3.580654 16.270649
 15660.000000 -846759.750000 792.656558 3.575278 3.340988 16.263583
 15680.000000 -844847.312500 793.734656 3.530316 3.230083 16.422904
 15700.000000 -846140.562500 792.468547 3.351750 3.263263 16.481344
 15720.000000 -845452.062500 792.529439 3.454451 3.515901 16.543558
 15740.000000 -844878.625000 795.943704 3.005814 3.458207 16.469052
 15760.000000 -843904.562500 795.644941 3.360394 3.309153 16.550654
 15780.000000 -845913.250000 793.225995 3.441860 3.195159 16.343564
 15800.000000 -842588.062500 797.587504 3.264198 3.201660 16.488065
 15820.000000 -845153.500000 795.510507 3.384173 3.318357 16.509891
 15840.000000 -844798.187500 793.064050 3.351638 3.526148 16.518088
 15860.000000 -844195.437500 796.083556 3.427964 3.429941 16.304028
 15880.000000 -843939.687500 795.022771 3.317757 3.500584 16.300263
 15900.000000 -844049.562500 795.021467 3.347006 3.529281 16.219997
 15920.000000 -843757.750000 797.091066 3.330335 3.540343 16.358609
 15940.000000 -845092.375000 793.226189 3.328694 3.541327 16.478471
 15960.000000 -844146.312500 794.831487 3.380066 3.331902 16.438014
 15980.000000 -844718.625000 793.317511 3.445362 3.424744 16.464152
 16000.000000 -844221.812500 794.096077 3.402988 3.528675 16.473370
 16020.000000 -844996.437500 791.851229 3.694147 3.567616 16.579301
 16040.000000 -844119.250000 795.918025 3.280247 3.617907 16.442311
 16060.000000 -843368.812500 795.761628 3.298327 3.528204 16.520123
 16080.000000 -844724.562500 794.719746 3.457989 3.295785 16.443807
 16100.000000 -845757.375000 794.006371 3.431303 3.079716 16.606802
 16120.000000 -843258.375000 793.464721 3.573897 3.174680 16.449805
 16140.000000 -845608.187500 794.330107 3.362098 3.295752 16.662703
 16160.000000 -845702.687500 792.660867 3.388982 3.412737 16.566720
 16180.000000 -845536.062500 794.834782 3.422575 3.252405 16.595623
 16200.000000 -845292.937500 793.074399 3.569167 3.257023 16.392687
 16220.000000 -843878.812500 795.428941 3.422943 3.249928 16.483213
 16240.000000 -844683.437500 793.356705 3.515573 3.143226 16.461524
 16260.000000 -846866.375000 796.327592 3.762151 3.364056 16.377269
 16280.000000 -843687.312500 795.930225 3.767212 3.452133 16.572258
 16300.000000 -844208.250000 796.327564 3.441901 3.882307 16.573981
 16320.000000 -844542.312500 798.173571 3.405571 3.706977 16.507218
 16340.000000 -843994.750000 794.334191 3.121285 3.505754 16.501298
 16360.000000 -844993.312500 796.753661 3.616145 3.532380 16.678048
 16380.000000 -845066.250000 791.476969 3.707319 3.565062 16.479076
 16400.000000 -845101.000000 795.208413 3.282595 3.395671 16.467058
 16420.000000 -846311.625000 793.345647 3.364215 3.404209 16.500418
 16440.000000 -844951.687500 793.254109 3.373098 3.205401 16.522595
 16460.000000 -846494.250000 793.625988 3.299033 3.513468 16.616677
 16480.000000 -845431.125000 794.015955 3.444427 3.649345 16.535082
 16500.000000 -842058.437500 795.011504 3.608406 3.390098 16.464221
 16520.000000 -845412.437500 794.873691 3.661180 3.154691 16.376535
 16540.000000 -843909.937500 793.775818 3.644713 3.228199 16.497085
 16560.000000 -844688.125000 795.409673 3.434507 3.274982 16.800493
 16580.000000 -845213.937500 792.364525 2.995780 3.509232 16.773591
 16600.000000 -844550.062500 795.242801 3.169237 3.337135 16.685170
 16620.000000 -845834.937500 793.760992 3.349312 3.398060 16.506904
 16640.000000 -845045.312500 792.430468 3.199505 3.191175 16.555972
 16660.000000 -845138.125000 793.935456 3.285752 3.249256 16.473661
 16680.000000 -842780.187500 796.139426 3.476664 3.120703 16.289662
 16700.000000 -842179.625000 795.482682 3.202517 3.561930 16.477938
 16720.000000 -844648.750000 794.494424 3.416011 3.329096 16.402056
 16740.000000 -846731.625000 791.540207 3.199344 3.403795 16.588900
 16760.000000 -844640.312500 793.307641 3.600448 3.258026 16.446822
 16780.000000 -844155.125000 794.588277 3.478433 3.087585 16.478109
 16800.000000 -844208.500000 794.279572 3.351122 3.272094 16.594994
 16820.000000 -846231.250000 794.381389 3.245549 3.357076 16.681091
 16840.000000 -844744.250000 793.867114 3.253160 3.501760 16.585279
 16860.000000 -843700.625000 794.889890 3.390607 3.338566 16.639935
 16880.000000 -841991.562500 794.534281 3.388737 3.458699 16.850497
 16900.000000 -845116.375000 791.749237 3.428121 3.309120 16.503049
 16920.000000 -845747.875000 794.637152 3.200741 3.500968 16.403806
 16940.000000 -843466.937500 793.651825 3.624844 3.420911 16.425251
 16960.000000 -844052.125000 794.494629 3.324914 3.539111 16.704494
 16980.000000 -844722.750000 793.979701 3.323761 3.401684 16.797873
 17000.000000 -844403.187500 794.698583 3.245235 3.307647 16.495330
 17020.000000 -842919.687500 793.925244 3.525238 3.163582 16.614979
 17040.000000 -846585.437500 793.923634 3.445945 3.290446 16.476792
 17060.000000 -843258.000000 794.398823 3.507524 3.190924 16.734615
 17080.000000 -844958.187500 793.063054 3.422121 3.689334 16.635853
 17100.000000 -845299.312500 792.072164 3.272355 3.736153 16.689419
 17120.000000 -846123.125000 792.118135 3.386614 3.741464 16.483335
 17140.000000 -845273.687500 792.671925 3.183123 3.456246 16.455956
 17160.000000 -845065.500000 794.205874 3.359449 3.270022 16.577949
 17180.000000 -844022.625000 796.422853 3.304136 3.348408 16.623141
 17200.000000 -845833.937500 793.094013 3.437254 3.612382 16.401653
 17220.000000 -844453.500000 791.539285 3.453295 3.450824 16.285896
 17240.000000 -844967.437500 796.141565 3.521538 3.480153 16.199315
 17260.000000 -844444.875000 792.688434 3.608543 3.395871 16.115019
 17280.000000 -844774.500000 793.223484 3.729823 3.456330 16.254794
 17300.000000 -842848.375000 793.554681 3.507023 3.076258 16.297416
 17320.000000 -843738.062500 794.575771 3.463791 3.033606 16.371982
 17340.000000 -846637.812500 791.451916 3.224091 3.129986 16.473963
 17360.000000 -846046.500000 793.552392 3.509390 3.348896 16.476981
 17380.000000 -845819.125000 793.699214 3.328484 3.382051 16.428808
 17400.000000 -843195.062500 795.790851 3.388574 3.532465 16.293960
 17420.000000 -846124.750000 796.124157 3.533407 3.503586 16.510238
 17440.000000 -845524.500000 791.383501 3.187403 3.291304 16.433135
 17460.000000 -843729.062500 794.534993 3.220892 3.210520 16.515601
 17480.000000 -845874.562500 792.807669 3.362356 3.446099 16.653226
 17500.000000 -842500.562500 793.656090 3.217876 3.458493 16.521307
 17520.000000 -846148.000000 793.676197 3.335378 3.316789 16.459574
 17540.000000 -844657.625000 794.182811 3.227124 3.579620 16.440478
 17560.000000 -843259.500000 793.612662 3.089261 3.556840 16.306915
 17580.000000 -844877.312500 795.317974 3.268820 3.613246 16.404410
 17600.000000 -844422.812500 791.372930 3.551833 3.583773 16.371921
 17620.000000 -845337.812500 792.680665 3.685997 3.564366 16.673101
 17640.000000 -843263.812500 792.805229 3.531953 3.632202 16.840186
 17660.000000 -843856.625000 794.364031 3.690698 3.506298 16.816631
 17680.000000 -843830.812500 794.250314 3.315447 3.215445 16.679670
 17700.000000 -844795.875000 793.788999 3.292969 3.218479 16.455859
 17720.000000 -844201.625000 791.932667 3.187637 3.391760 16.574245
 17740.000000 -845344.750000 794.381136 3.201595 3.315453 16.411443
 17760.000000 -844559.937500 793.879879 3.297565 3.451301 16.486013
 17780.000000 -843490.437500 796.165706 3.387707 3.474783 16.385111
 17800.000000 -844678.125000 794.347998 3.304960 3.770137 16.708094
 17820.000000 -844613.500000 792.448194 3.413596 3.749402 16.602921
 17840.000000 -844383.625000 792.911093 3.438791 3.619017 16.691967
 17860.000000 -845857.937500 792.935938 3.381953 3.439069 16.751011
 17880.000000 -845536.875000 790.034958 3.247347 3.462084 16.710176
 17900.000000 -844125.437500 793.758507 3.306857 3.386902 16.601072
 17920.000000 -844889.437500 794.269485 3.397296 3.528384 16.565707
 17940.000000 -843920.812500 792.446529 3.648981 3.434381 16.283563
 17960.000000 -844835.687500 795.669354 3.181952 3.368201 16.113810
 17980.000000 -845622.000000 794.279061 3.290489 3.639937 16.373402
 18000.000000 -843472.875000 794.889455 3.451748 3.213702 16.469631
 18020.000000 -845069.312500 793.084404 3.298019 3.352169 16.252549
 18040.000000 -845583.375000 792.554194 3.521417 3.821135 16.623247
 18060.000000 -845791.125000 791.344630 3.605203 3.596404 16.339720
 18080.000000 -844969.375000 792.628571 3.368828 3.514538 16.492632
 18100.000000 -841721.625000 796.843210 3.192994 3.390772 16.482954
 18120.000000 -845918.250000 792.941812 3.299855 3.498967 16.754770
 18140.000000 -845303.187500 792.159130 3.505953 3.656370 16.336991
 18160.000000 -844564.875000 794.905631 3.341695 3.674168 16.346489
 18180.000000 -846037.562500 792.123148 3.169754 3.657836 16.457285
 18200.000000 -844929.312500 793.480980 3.312951 4.033330 16.399148
 18220.000000 -845081.937500 794.433432 3.250445 3.544395 16.593527
 18240.000000 -842867.187500 795.684761 3.348904 3.421936 16.390010
 18260.000000 -843660.562500 794.404506 3.598394 3.190437 16.099291
 18280.000000 -844694.937500 795.176406 3.307254 3.073020 16.283703
 18300.000000 -842685.000000 797.204160 3.561535 3.465850 16.438581
 18320.000000 -844793.500000 793.393568 3.599884 3.377445 16.743272
 18340.000000 -844840.812500 794.932583 3.402892 3.598231 16.700946
 18360.000000 -846527.312500 793.692161 3.554165 3.517777 16.513151
 18380.000000 -843902.187500 795.332638 3.492121 3.313512 16.448824
 18400.000000 -843394.437500 795.813725 3.232092 3.266945 16.502008
 18420.000000 -844720.750000 792.381181 3.443843 3.139373 16.297469
 18440.000000 -845837.125000 792.244636 3.579241 3.455681 16.102910
 18460.000000 -843666.125000 794.689203 3.480339 3.187898 16.220075
 18480.000000 -844994.062500 793.946191 3.227400 3.176776 16.336174
 18500.000000 -844903.750000 794.915147 3.149670 3.493564 16.365355
 18520.000000 -844189.625000 794.091124 3.251705 3.177990 16.529825
 18540.000000 -845150.000000 793.814746 3.400530 3.275776 16.525116
 18560.000000 -844177.812500 794.862763 3.573600 3.544210 16.488677
 18580.000000 -845712.625000 794.787865 3.425144 3.546794 16.633980
 18600.000000 -843285.500000 796.215680 3.304176 3.508347 16.529207
 18620.000000 -845057.500000 795.436674 3.364405 3.397430 16.603873
 18640.000000 -845452.000000 795.047399 3.237679 3.250133 16.702627
 18660.000000 -846511.875000 794.127177 3.520981 3.034766 16.700326
 18680.000000 -843379.812500 794.060215 3.324957 3.177016 16.616432
 18700.000000 -844229.000000 794.286694 3.464251 3.225574 16.387624
 18720.000000 -845488.562500 793.700829 3.464475 3.085869 16.468916
 18740.000000 -844372.812500 794.326454 3.311544 3.244129 16.673513
 18760.000000 -846128.125000 792.501824 3.547566 3.372727 16.447622
 18780.000000 -844454.875000 792.446208 3.674770 3.455230 16.642582
 18800.000000 -846217.500000 792.483723 3.270148 3.629924 16.616202
 18820.000000 -843251.000000 794.869274 3.288447 3.239123 16.365042
 18840.000000 -843931.312500 795.497182 3.496514 3.337225 16.618484
 18860.000000 -844269.375000 793.922624 3.633275 3.329283 16.618269
 18880.000000 -843740.125000 792.585740 3.325467 3.104135 16.598671
 18900.000000 -845348.437500 794.705951 3.425843 3.163841 16.639892
 18920.000000 -843303.125000 796.243680 3.481575 3.037611 16.598220
 18940.000000 -844775.562500 794.448950 3.117387 3.453631 16.792175
 18960.000000 -843796.625000 794.380675 3.047957 3.465060 16.867831
 18980.000000 -844390.000000 791.986024 3.249333 3.533387 16.697155
 19000.000000 -845734.187500 792.726490 3.343810 3.512322 16.466758
 19020.000000 -844062.750000 792.633663 3.493717 3.459626 16.564354
 19040.000000 -845835.375000 793.076136 3.473570 3.365465 16.338175
 19060.000000 -843632.000000 794.980617 3.353291 3.354313 16.431368
 19080.000000 -845824.562500 795.463552 3.596803 3.286090 16.540635
 19100.000000 -845754.687500 792.653473 3.420957 3.419677 16.591356
 19120.000000 -844835.250000 796.808428 3.255909 3.376778 16.821694
 19140.000000 -846119.625000 793.677810 3.542920 3.393751 16.676262
 19160.000000 -844037.750000 793.477813 3.319807 3.550347 16.702586
 19180.000000 -844166.125000 794.733399 3.327101 3.691544 16.650804
 19200.000000 -846191.375000 795.452588 3.494007 3.403572 16.510424
 19220.000000 -846595.875000 792.259198 3.372280 3.195503 16.760512
 19240.000000 -843213.937500 796.402224 3.600244 3.341880 16.481227
 19260.000000 -844924.500000 794.082877 3.353024 3.446646 16.656306
 19280.000000 -845173.875000 795.317057 3.512584 3.412432 16.828190
 19300.000000 -845581.437500 795.824398 3.309544 3.631377 16.444078
 19320.000000 -842503.812500 796.959162 3.564253 3.467276 16.587688
 19340.000000 -844842.437500 797.141193 3.391771 3.272381 16.372580
 19360.000000 -844311.750000 793.762937 3.325721 3.576961 16.259001
 19380.000000 -843312.812500 794.794209 3.557180 3.589859 16.355414
 19400.000000 -842703.187500 797.346006 3.344668 3.383994 16.599033
 19420.000000 -844693.437500 795.174760 3.431384 3.354870 16.528092
 19440.000000 -845857.625000 794.648713 3.330748 3.134456 16.377008
 19460.000000 -844999.812500 793.812857 3.276109 3.288597 16.467970
 19480.000000 -845028.500000 793.706945 3.513368 3.583446 16.439813
 19500.000000 -845804.687500 793.461461 3.352484 3.794616 16.344364
 19520.000000 -843292.312500 794.716883 3.637218 3.648824 16.490004
 19540.000000 -843696.937500 794.977316 3.761948 3.672038 16.303639
 19560.000000 -843682.437500 795.511986 3.349094 3.712210 16.480260
 19580.000000 -843870.562500 794.577572 3.222997 3.541176 16.510034
 19600.000000 -845494.500000 791.820295 3.437667 3.274621 16.485866
 19620.000000 -845449.812500 793.873904 3.455418 3.361541 16.459179
 19640.000000 -844910.812500 794.060465 3.439480 3.172003 16.364188
 19660.000000 -843284.125000 796.286124 3.400266 3.395180 16.620930
 19680.000000 -845527.500000 793.028989 3.504722 3.207555 16.795346
 19700.000000 -843965.625000 795.864195 3.600351 3.464138 16.527925
 19720.000000 -845328.875000 795.559985 3.463455 3.098696 16.592134
 19740.000000 -843996.562500 795.333309 3.369333 2.968178 16.521161
 19760.000000 -842976.375000 796.276115 3.427337 3.348389 16.315737
 19780.000000 -844731.375000 795.022855 3.421439 3.330653 16.270489
 19800.000000 -844578.562500 794.505905 3.235664 3.275461 16.381322
 19820.000000 -843209.375000 795.202549 3.141027 3.301041 16.599444
 19840.000000 -843186.125000 794.470850 3.152905 3.282478 16.602095
 19860.000000 -846028.812500 794.446176 3.465384 3.271745 16.675681
 19880.000000 -844982.312500 797.505621 3.367406 2.997810 16.461261
 19900.000000 -845618.562500 794.675672 3.426347 3.179973 16.380191
 19920.000000 -844602.937500 793.771427 3.416585 3.316054 16.512483
 19940.000000 -845403.000000 796.893716 3.243605 3.284779 16.461605
 19960.000000 -844195.875000 794.923420 3.555050 3.532746 16.733388
 19980.000000 -841225.062500 795.981088 3.441827 3.373008 16.523199
 20000.000000 -844400.625000 797.326442 3.410003 3.422337 16.568306
 20020.000000 -844878.125000 796.145221 3.646212 3.411189 16.867126
 20040.000000 -844633.250000 793.980140 3.362988 3.371432 16.806447
 20060.000000 -843169.000000 796.342185 3.457125 3.384815 16.608997
 20080.000000 -844706.000000 793.563668 3.433667 3.017580 16.685677
 20100.000000 -845570.875000 792.640948 3.606120 3.066304 16.486882
 20120.000000 -845458.375000 796.328710 3.326803 3.259809 16.593786
 20140.000000 -845013.250000 793.064064 3.924622 3.253942 16.744519
 20160.000000 -845184.937500 794.523512 3.595912 3.507684 16.588863
 20180.000000 -844645.562500 792.724372 3.673690 3.528671 16.564916
 20200.000000 -845309.500000 792.403233 3.647099 3.352326 16.249516
 20220.000000 -843953.625000 795.823423 3.730102 3.290669 16.299205
 20240.000000 -846375.187500 795.102426 3.465015 3.550046 16.246961
 20260.000000 -844337.750000 792.852105 3.474991 3.589868 16.542588
 20280.000000 -845149.250000 793.648199 3.593200 3.674395 16.522915
 20300.000000 -844547.000000 795.215728 3.493522 3.172660 16.450985
 20320.000000 -843527.375000 796.166462 3.331043 3.424104 16.483380
 20340.000000 -843491.562500 794.085732 3.667273 3.456059 16.215779
 20360.000000 -843730.562500 793.861431 3.477892 3.493999 16.348650
 20380.000000 -842164.000000 797.204195 3.544059 3.468420 16.537913
 20400.000000 -844711.687500 794.463933 3.260310 3.642896 16.595034
 20420.000000 -845104.750000 792.192510 3.372613 3.370261 16.425524
 20440.000000 -844337.125000 794.015077 3.330895 3.369669 16.452072
 20460.000000 -844292.812500 792.285590 3.402271 3.670416 16.341134
 20480.000000 -844792.937500 792.242125 3.679637 3.401580 16.109122
 20500.000000 -843853.812500 794.629690 3.591713 3.461030 16.232002
 20520.000000 -846301.375000 795.890114 3.338248 3.252139 16.430985
 20540.000000 -842592.312500 796.195750 3.551718 3.466044 16.253974
 20560.000000 -844899.312500 792.726141 3.545045 3.283707 16.282308
 20580.000000 -845336.875000 797.144539 3.218114 3.369923 16.361481
 20600.000000 -845127.000000 795.099552 3.514684 3.307215 16.411718
 20620.000000 -844685.187500 794.960317 3.646700 3.202689 16.165547
 20640.000000 -843504.375000 796.087198 3.164787 3.468294 16.256374
 20660.000000 -843111.875000 796.562564 3.372769 3.349954 16.408169
 20680.000000 -845179.125000 794.500739 3.500933 3.333702 16.175081
 20700.000000 -843935.250000 795.417433 3.135185 3.378774 16.184547
 20720.000000 -842773.812500 795.330858 3.307985 3.431211 15.962574
 20740.000000 -842970.250000 793.426538 3.721305 3.500881 16.171633
 20760.000000 -843470.750000 796.954106 3.442593 3.512342 16.272407
 20780.000000 -844618.625000 792.309233 3.399031 3.326541 16.488138
 20800.000000 -845066.437500 793.400232 3.463428 3.224309 16.337910
 20820.000000 -843343.500000 793.946008 3.204719 3.049982 16.715253
 20840.000000 -845713.312500 793.797923 3.338622 3.243990 16.449888
 20860.000000 -844396.250000 794.978486 3.413008 3.520211 16.236302
 20880.000000 -844969.687500 795.735598 3.422491 3.547185 16.529697
 20900.000000 -842987.750000 797.368174 3.290437 3.468538 16.603818
 20920.000000 -843518.062500 795.591143 3.407374 3.491751 16.550342
 20940.000000 -843278.125000 793.821379 3.068421 3.680711 16.566508
 20960.000000 -845493.437500 793.091280 3.130800 3.602509 16.817386
 20980.000000 -845236.562500 792.286321 3.042415 3.382894 16.700898
 21000.000000 -846043.375000 793.049006 3.311610 3.336601 16.341374
 21020.000000 -843047.812500 797.803771 3.439141 3.303249 16.633069
 21040.000000 -845122.437500 796.167764 3.258263 3.239248 16.610041
 21060.000000 -844900.062500 796.082505 3.410884 3.472057 16.730433
 21080.000000 -842580.500000 795.915544 3.366895 3.598793 16.543263
 21100.000000 -844801.750000 795.294138 3.153625 3.518663 16.339035
 21120.000000 -844787.812500 794.350000 3.131827 3.355813 16.341797
 21140.000000 -845065.062500 797.129738 3.344484 3.471771 16.482724
 21160.000000 -842846.875000 797.471589 3.175709 3.369541 16.563166
 21180.000000 -843833.125000 796.588702 3.487984 3.284596 16.636615
 21200.000000 -843848.250000 793.594017 3.584967 3.608117 16.587174
 21220.000000 -844787.187500 794.243648 3.295561 3.356177 16.566415
 21240.000000 -842963.812500 795.419198 3.125895 3.426093 16.417410
 21260.000000 -844762.625000 797.590601 3.246445 3.384515 16.770116
 21280.000000 -843925.750000 795.756104 3.374090 3.519529 16.747785
 21300.000000 -844088.125000 797.016984 3.373488 3.429431 16.676220
 21320.000000 -844153.187500 795.085503 3.316621 3.106053 16.481979
 21340.000000 -845456.125000 794.345859 3.378299 3.404973 16.507113
 21360.000000 -845995.187500 791.820041 3.483304 3.667499 16.448173
 21380.000000 -844527.812500 794.712564 3.326359 3.385520 16.419200
 21400.000000 -845722.625000 792.636152 3.386747 3.272214 16.442105
 21420.000000 -844578.625000 795.069369 3.525662 3.119263 16.493327
 21440.000000 -843588.312500 794.466900 3.366634 3.309538 16.631272
 21460.000000 -843557.375000 794.213068 3.290932 3.327295 16.739152
 21480.000000 -842168.687500 796.012527 3.351498 3.538853 16.647090
 21500.000000 -844338.562500 793.349881 3.482582 3.637498 16.596709
 21520.000000 -845074.562500 794.246693 3.281272 3.362983 16.546962
 21540.000000 -847195.937500 793.293578 3.187498 3.289990 16.319501
 21560.000000 -845319.687500 794.751776 3.362704 3.426806 16.481440
 21580.000000 -844773.125000 793.675614 3.611744 3.528428 16.446425
 21600.000000 -846200.062500 795.312211 3.266036 3.434531 16.507150
 21620.000000 -843728.750000 793.136486 3.427879 3.324025 16.430142
 21640.000000 -845167.437500 791.653489 3.560761 3.340549 16.543902
 21660.000000 -844677.562500 793.146774 3.410490 3.309435 16.438187
 21680.000000 -845262.125000 792.379178 3.363746 3.344154 16.560399
 21700.000000 -842490.000000 794.928774 3.329291 3.277804 16.414297
 21720.000000 -844005.062500 793.325312 3.318051 3.395103 16.584155
 21740.000000 -843082.437500 796.184114 3.354866 3.395162 16.580819
 21760.000000 -843496.875000 794.306967 3.209286 3.485484 16.633057
 21780.000000 -844558.375000 795.398172 3.392875 3.436942 16.464771
 21800.000000 -845278.312500 796.301585 3.502359 3.545990 16.390473
 21820.000000 -845822.000000 794.543638 3.340228 3.535434 16.188112
 21840.000000 -843711.375000 797.535748 3.500087 3.212969 16.577119
 21860.000000 -844962.812500 793.091016 3.303078 3.257970 16.697704
 21880.000000 -844738.000000 791.212317 3.166459 3.103697 16.618833
 21900.000000 -843378.875000 795.764773 3.282360 3.295522 16.399776
 21920.000000 -844639.875000 796.962035 3.198190 3.336467 16.621002
 21940.000000 -843600.375000 794.976344 3.545026 3.405691 16.821879
 21960.000000 -842624.750000 795.081828 3.642910 3.466463 16.708623
 21980.000000 -844419.062500 795.876236 3.489714 3.370201 16.695274
 22000.000000 -844099.187500 794.490165 3.276308 3.302291 16.747927
 22020.000000 -844514.375000 794.870962 3.557838 3.236266 16.884093
 22040.000000 -843849.875000 794.408455 3.440409 3.366596 16.844206
 22060.000000 -845541.625000 793.363404 3.316815 3.295483 16.578909
 22080.000000 -844108.875000 794.373545 3.416644 3.345491 16.538938
 22100.000000 -844172.312500 792.684237 3.284524 3.511835 16.569741
 22120.000000 -843167.062500 797.157939 3.302264 3.689265 16.742683
 22140.000000 -843891.937500 795.734852 3.583966 3.675976 16.480180
 22160.000000 -844205.500000 794.269760 3.403258 3.823057 16.344269
 22180.000000 -844225.375000 793.723023 3.321586 3.570687 16.566098
 22200.000000 -843637.687500 793.156187 3.375188 3.648341 16.608304
 22220.000000 -844070.875000 796.311272 3.457548 3.569090 16.453422
 22240.000000 -845417.250000 792.583806 3.387275 3.604594 16.528008
 22260.000000 -843862.687500 793.717402 3.541936 3.690445 16.655387
 22280.000000 -846531.250000 792.147929 3.834330 3.562841 16.607413
 22300.000000 -844110.500000 796.499465 3.564109 3.471152 16.775081
 22320.000000 -844853.125000 794.871351 3.360673 3.472642 16.584466
 22340.000000 -845010.562500 795.064987 3.209117 3.283770 16.535307
 22360.000000 -842561.187500 795.858438 3.313393 3.393926 16.550111
 22380.000000 -844776.437500 795.530480 3.403500 3.485481 16.507112
 22400.000000 -844197.812500 794.564044 3.205780 3.078039 16.465158
 22420.000000 -846253.625000 792.818257 3.263728 3.113786 16.643541
 22440.000000 -844060.312500 795.758280 3.365623 3.470192 16.279758
 22460.000000 -844974.875000 794.966313 3.342652 3.422203 16.248031
 22480.000000 -843827.750000 794.445115 3.582580 3.239726 16.404325
 22500.000000 -844984.500000 795.053938 3.534133 3.583880 16.493590
 22520.000000 -843537.812500 793.467443 2.988015 3.855251 16.684202
 22540.000000 -845298.937500 791.879811 3.163004 3.704063 16.355050
 22560.000000 -845309.625000 793.705302 3.437698 3.590825 16.196812
 22580.000000 -844019.375000 794.026063 3.475582 3.170089 16.619977
 22600.000000 -844488.812500 794.402287 3.439228 3.312757 16.278076
 22620.000000 -844146.500000 795.570394 3.205009 3.330546 16.345595
 22640.000000 -843654.750000 794.016542 3.448773 3.497437 16.536855
 22660.000000 -844416.250000 793.807029 3.371121 3.776624 16.458934
 22680.000000 -843705.250000 795.682792 3.257355 3.690642 16.637557
 22700.000000 -843038.437500 796.117355 3.223664 3.431791 16.643785
 22720.000000 -844944.312500 794.185617 3.113504 3.233802 16.813630
 22740.000000 -844036.562500 793.837032 3.453381 3.430353 16.641145
 22760.000000 -845441.750000 792.644769 3.550530 3.307993 16.717238
 22780.000000 -845123.562500 793.870879 3.465494 3.404294 16.449631
 22800.000000 -844323.000000 797.340116 3.459828 3.590205 16.419213
 22820.000000 -843362.187500 793.306608 3.315873 3.450738 16.277175
 22840.000000 -844820.750000 795.444928 3.797683 3.608574 16.475422
 22860.000000 -843404.625000 792.943165 3.745868 3.394528 16.573353
 22880.000000 -844728.562500 793.730160 3.467153 3.234921 16.312705
 22900.000000 -845552.062500 792.822751 3.369637 3.463896 16.768805
 22920.000000 -844582.500000 795.296381 3.402652 3.429712 16.815510
 22940.000000 -845623.687500 793.954710 2.938158 3.348329 16.690613
 22960.000000 -845706.812500 792.956823 3.122462 3.196411 16.637239
 22980.000000 -843944.312500 795.537882 3.287117 3.129359 16.552954
 23000.000000 -843521.062500 795.082238 3.584736 3.070808 16.354509
 23020.000000 -842391.250000 797.214024 3.418650 3.047528 16.167030
 23040.000000 -843406.437500 796.167409 3.472998 3.344182 16.288041
 23060.000000 -844240.687500 792.232991 3.218862 3.399475 16.368987
 23080.000000 -846251.625000 793.800952 3.235587 3.335330 16.341495
 23100.000000 -844949.562500 793.855352 3.084768 3.158448 16.372965
 23120.000000 -843158.437500 794.855456 3.242932 3.570952 16.392568
 23140.000000 -842407.500000 796.554274 3.149184 3.472932 16.306331
 23160.000000 -844364.875000 793.904460 3.155021 3.626576 16.650574
 23180.000000 -844502.437500 791.282044 3.493903 3.327636 16.796064
 23200.000000 -845005.500000 793.106917 3.375502 3.184047 16.658991
 23220.000000 -845700.687500 793.587516 3.361262 3.115309 16.699820
 23240.000000 -843559.937500 796.340464 3.434075 3.306395 16.697507
 23260.000000 -845162.437500 792.498599 3.323779 3.279408 16.230668
 23280.000000 -843842.812500 796.679978 3.238333 3.530212 16.630759
 23300.000000 -843710.312500 795.581565 3.183237 3.453759 16.577140
 23320.000000 -844401.312500 796.404942 3.025347 3.484968 16.519285
 23340.000000 -845276.500000 793.248880 3.201642 3.483466 16.470592
 23360.000000 -844735.625000 794.031975 3.358739 3.561551 16.594475
 23380.000000 -844583.937500 795.425251 3.266158 3.298383 16.497095
 23400.000000 -846233.875000 791.656852 3.425574 3.213753 16.649050
 23420.000000 -843656.437500 796.679615 3.534018 3.403227 16.580716
 23440.000000 -845165.687500 792.661994 3.372584 3.479424 16.464642
 23460.000000 -844009.812500 794.093949 3.459196 3.577247 16.587363
 23480.000000 -844468.375000 793.769132 3.654438 3.495771 16.609963
 23500.000000 -844598.250000 793.570628 3.637566 3.539939 16.576452
 23520.000000 -844004.937500 794.886371 3.216954 3.533725 16.554496
 23540.000000 -843897.000000 795.647837 3.104371 3.474414 16.512126
 23560.000000 -844778.125000 794.443959 3.459202 3.381814 16.661518
 23580.000000 -845453.875000 794.815201 3.476779 3.323942 16.497440
 23600.000000 -842906.937500 795.658224 3.544856 3.420610 16.760362
 23620.000000 -844209.625000 793.593960 3.166026 3.361772 16.567355
 23640.000000 -844509.312500 795.866820 3.308558 3.498024 16.954425
 23660.000000 -843492.875000 793.436868 3.417309 3.701755 16.799717
 23680.000000 -844937.750000 794.000842 3.445666 3.807445 16.305129
 23700.000000 -845812.062500 795.394245 3.412892 3.466121 16.728486
 23720.000000 -844783.562500 797.236928 3.215719 3.550933 16.471197
 23740.000000 -842985.375000 793.046319 3.451363 3.189818 16.607503
 23760.000000 -844630.562500 793.426007 3.402431 3.098112 16.285411
 23780.000000 -842816.875000 796.319730 3.298455 3.430311 16.316965
 23800.000000 -844915.250000 794.474019 3.262129 3.676061 16.436176
 23820.000000 -845866.000000 793.192354 3.279731 3.602466 16.258787
 23840.000000 -845347.562500 793.501614 3.225690 3.324627 16.256384
 23860.000000 -842791.937500 793.890879 3.106020 3.326176 16.528860
 23880.000000 -843964.187500 793.210366 3.587783 3.603790 16.602389
 23900.000000 -844963.875000 791.681577 3.657552 3.298428 16.559973
 23920.000000 -843056.125000 796.567531 3.485419 3.149731 16.627480
 23940.000000 -844769.875000 793.058490 3.634035 3.158973 16.173226
 23960.000000 -843892.562500 794.141255 3.484390 3.376081 16.190549
 23980.000000 -843440.812500 793.462116 3.417000 3.340340 16.239579
 24000.000000 -844846.937500 792.660303 3.279660 3.188645 16.162445
 24020.000000 -843644.437500 794.335009 3.644900 3.178185 16.327674
 24040.000000 -842402.250000 795.989959 3.573422 3.386724 16.371776
 24060.000000 -842383.437500 795.400633 3.349258 3.516648 16.425178
 24080.000000 -843310.187500 798.719698 3.352026 3.545401 16.421952
 24100.000000 -845530.375000 795.396930 3.489912 3.452131 16.325070
 24120.000000 -842195.625000 796.178061 3.382974 3.444214 16.682344
 24140.000000 -844365.062500 796.653972 3.368095 3.529562 16.409235
 24160.000000 -844115.812500 794.813607 3.339561 3.660722 16.722417
 24180.000000 -843549.562500 795.096022 3.405074 3.573868 16.430676
 24200.000000 -843019.000000 794.822713 3.263180 3.307911 16.575204
 24220.000000 -844663.312500 793.992539 3.367657 3.315014 16.751278
 24240.000000 -844788.750000 791.803128 3.272000 3.506058 16.681378
 24260.000000 -844817.062500 792.321710 3.397179 3.562798 16.507437
 24280.000000 -845454.687500 796.030851 3.419381 3.347669 16.682567
 24300.000000 -843564.312500 794.079427 3.638810 3.413722 16.462186
 24320.000000 -845694.375000 792.665011 3.573345 3.200209 16.532406
 24340.000000 -846793.812500 791.484825 3.749045 3.304894 16.667299
 24360.000000 -843959.625000 794.041598 3.618490 3.298252 16.578415
 24380.000000 -845223.875000 794.407810 3.608598 3.161111 16.404875
 24400.000000 -843526.312500 794.416885 3.635049 3.158529 16.321980
 24420.000000 -843629.812500 794.067839 3.279701 3.510671 16.606310
 24440.000000 -844988.250000 791.289276 3.338493 3.650967 16.726929
 24460.000000 -844450.875000 794.297420 3.400567 3.671986 16.428991
 24480.000000 -842152.250000 793.918857 3.531260 3.629328 16.342293
 24500.000000 -845632.062500 793.970416 3.643895 3.556180 16.531303
 24520.000000 -846534.125000 791.931867 3.438307 3.638403 16.851560
 24540.000000 -844522.875000 792.638350 3.533923 3.541028 16.639165
 24560.000000 -842818.125000 792.844455 3.652433 3.368339 16.548933
 24580.000000 -844607.437500 793.205194 3.594719 3.431611 16.569334
 24600.000000 -845932.875000 789.976878 3.657217 3.210674 16.685276
 24620.000000 -846507.375000 795.470950 3.416143 3.227161 16.588872
 24640.000000 -843039.312500 796.276351 3.480326 3.528431 16.592396
 24660.000000 -843567.562500 794.336456 3.493319 3.404012 16.798983
 24680.000000 -843966.187500 794.075499 3.452566 3.296590 16.593183
 24700.000000 -843284.062500 794.224074 3.364495 3.361177 16.473068
 24720.000000 -844651.625000 795.962668 3.597662 3.670494 16.168753
 24740.000000 -843433.687500 795.764603 3.538304 3.501533 16.143433
 24760.000000 -844979.687500 797.060575 3.376416 3.329164 16.506044
 24780.000000 -844160.250000 793.489685 3.242107 3.408605 16.828132
 24800.000000 -844899.187500 793.609986 3.079257 3.287971 16.904474
 24820.000000 -841609.250000 796.525368 3.169291 3.661251 16.410430
 24840.000000 -844305.750000 795.292046 3.201323 3.593307 16.516754
 24860.000000 -843576.375000 794.714467 3.138819 3.395229 16.481195
 24880.000000 -844332.812500 792.837605 3.215823 3.431812 16.445274
 24900.000000 -843456.687500 793.836176 3.183759 3.396227 16.411794
 24920.000000 -843378.812500 794.279518 3.367716 3.320093 16.423070
 24940.000000 -844946.750000 794.467489 3.483309 3.075383 16.556202
 24960.000000 -844760.625000 795.148295 3.470719 3.073264 16.618202
 24980.000000 -843371.437500 794.058331 3.376739 3.196018 16.288652
 25000.000000 -845355.312500 794.039222 3.353404 3.312832 16.490663
 25020.000000 -844862.937500 795.341218 3.589987 3.559680 16.567251
 25040.000000 -844545.187500 796.666490 3.471045 3.401716 16.676853
 25060.000000 -844782.312500 795.148599 3.323557 3.520806 16.260571
 25080.000000 -844124.937500 796.278910 3.284276 3.484685 16.233526
 25100.000000 -844169.500000 795.081158 3.039017 3.657004 16.598213
 25120.000000 -844849.250000 794.537627 3.233559 3.412790 16.465084
 25140.000000 -842532.375000 796.314603 3.525683 3.336956 16.350023
 25160.000000 -845462.750000 794.608992 3.422233 3.250224 16.461682
 25180.000000 -843881.937500 795.208052 3.077161 3.346272 16.632172
 25200.000000 -845284.312500 793.894802 3.375989 3.163714 16.425250
 25220.000000 -844954.562500 793.087387 3.534406 3.265341 16.537338
 25240.000000 -844248.500000 796.676907 3.516775 3.343238 16.569560
 25260.000000 -845304.937500 793.856329 3.705039 3.146744 16.362986
 25280.000000 -844243.687500 795.571159 3.540412 3.369684 16.494883
 25300.000000 -842514.000000 794.612327 3.739492 3.395071 16.505377
 25320.000000 -845043.062500 794.252719 3.311055 3.670571 16.508752
 25340.000000 -843099.125000 793.219741 3.272496 3.540602 16.327986
 25360.000000 -843701.375000 796.233590 3.285345 3.531175 16.220207
 25380.000000 -844804.812500 794.274371 3.263075 3.455419 16.417677
 25400.000000 -844536.625000 795.734203 3.404053 3.368432 16.604077
 25420.000000 -843776.062500 796.332033 3.282299 3.326333 16.374251
 25440.000000 -845548.812500 795.711658 3.566315 3.392828 16.550269
 25460.000000 -843073.375000 795.784423 3.420773 3.064991 16.433399
 25480.000000 -842710.187500 795.059342 3.469219 3.227738 16.394373
 25500.000000 -842950.312500 795.074497 3.694326 3.640306 16.351270
 25520.000000 -845117.625000 795.038804 3.440169 3.500927 16.527357
 25540.000000 -845288.000000 794.076324 3.560242 3.463896 16.173034
 25560.000000 -844689.812500 791.883676 3.318491 3.350805 16.327901
 25580.000000 -843373.687500 795.263524 3.374939 3.349031 16.470034
 25600.000000 -845488.750000 794.147478 3.397005 3.118050 16.288905
 25620.000000 -844419.937500 794.299759 3.268287 3.211156 16.605477
 25640.000000 -843886.000000 793.497039 3.406598 3.294807 16.595729
 25660.000000 -843769.812500 796.453194 3.461733 3.263722 16.474535
 25680.000000 -844388.937500 792.404423 3.284665 3.092109 16.373058
 25700.000000 -841795.812500 795.773313 3.009807 3.289930 16.417002
 25720.000000 -845989.812500 795.089422 3.189333 3.381736 16.379539
 25740.000000 -843521.000000 793.410188 3.246419 3.519470 16.422863
 25760.000000 -845218.500000 795.807254 3.142630 3.370686 16.447471
 25780.000000 -844098.000000 794.432435 3.047478 3.225591 16.447423
 25800.000000 -845247.375000 795.624777 3.523323 3.360472 16.384633
 25820.000000 -843405.625000 797.258923 3.375048 3.108825 16.563414
 25840.000000 -844275.562500 794.480337 3.435276 3.093916 16.461413
 25860.000000 -844245.750000 793.114688 3.649992 2.983291 16.486074
 25880.000000 -844583.812500 794.188367 3.639431 3.141761 16.544114
 25900.000000 -844163.000000 794.455661 3.546081 3.244724 16.405467
 25920.000000 -843851.687500 796.743379 3.737171 3.191670 16.405008
 25940.000000 -844152.312500 793.325502 3.436434 3.133900 16.807592
 25960.000000 -842804.000000 795.426728 3.477923 3.300924 16.805632
 25980.000000 -843183.812500 796.853079 3.196437 3.252041 16.535995
 26000.000000 -843679.062500 795.464292 3.211181 3.041937 16.402886
 26020.000000 -844312.437500 795.376323 3.308376 3.388353 16.378513
 26040.000000 -843852.937500 794.421167 3.339911 3.482949 16.193203
 26060.000000 -845046.125000 795.111562 3.437806 3.348429 16.294046
 26080.000000 -845670.125000 795.772227 3.298198 3.356918 16.534785
 26100.000000 -843852.625000 795.398752 3.050638 3.361460 16.519239
 26120.000000 -843673.000000 796.359089 3.464513 3.641906 16.542857
 26140.000000 -842868.062500 796.252658 3.300251 3.553954 16.333771
 26160.000000 -845460.437500 791.905901 3.290396 3.754017 16.270203
 26180.000000 -844340.500000 796.063808 3.393912 3.479837 16.551789
 26200.000000 -844540.062500 793.799801 3.498731 3.720392 16.161254
 26220.000000 -844944.187500 792.111074 3.353816 3.466340 16.621346
 26240.000000 -844151.750000 794.535751 3.241688 3.428211 16.567650
 26260.000000 -846534.687500 795.956903 3.269406 3.461424 16.716491
 26280.000000 -844357.125000 794.310511 3.174820 3.403263 16.573357
 26300.000000 -844280.562500 795.584099 3.349264 3.633800 16.509724
 26320.000000 -845274.375000 791.630044 3.269233 3.450017 16.562645
 26340.000000 -844313.937500 793.940680 3.290706 3.710877 16.388468
 26360.000000 -844445.875000 796.214493 3.491237 3.548504 16.444063
 26380.000000 -844427.250000 790.968750 3.529915 3.750627 16.312785
 26400.000000 -844314.687500 791.731738 3.524911 3.524362 16.358475
 26420.000000 -842657.875000 795.359679 3.829657 3.102126 16.460269
 26440.000000 -845129.312500 792.849155 3.822192 3.312234 16.375822
 26460.000000 -844307.000000 796.701795 3.636449 3.581472 16.426516
 26480.000000 -844874.812500 794.847727 3.413119 3.617168 16.702605
 26500.000000 -845169.312500 793.932117 3.187129 3.363244 16.668033
 26520.000000 -843345.437500 797.602990 3.588771 3.399933 16.618306
 26540.000000 -844205.125000 795.072982 3.337900 3.465771 16.328721
 26560.000000 -843687.750000 795.896396 3.337084 3.595808 16.692629
 26580.000000 -843327.562500 796.817677 3.227288 3.543591 16.570422
 26600.000000 -842593.437500 798.176243 3.371666 3.455441 16.604611
 26620.000000 -845594.312500 794.630058 3.498980 3.486695 16.498707
 26640.000000 -842311.187500 796.072944 3.531418 3.362091 16.622907
 26660.000000 -844882.187500 794.475269 3.380618 3.537821 16.513128
 26680.000000 -846449.000000 792.150974 3.312313 3.615871 16.429164
 26700.000000 -843523.125000 796.709731 3.348077 3.510346 16.332572
 26720.000000 -845788.875000 793.134284 3.328268 3.447119 16.443459
 26740.000000 -844645.375000 793.247971 3.334332 3.510888 16.382368
 26760.000000 -844207.500000 795.379356 3.430805 3.183830 16.592794
 26780.000000 -843935.875000 796.505647 3.103392 3.325049 16.469890
 26800.000000 -844040.000000 793.200744 3.096280 3.119995 16.435690
 26820.000000 -845059.312500 795.371421 3.374718 3.213630 16.456076
 26840.000000 -843503.187500 793.394788 3.157842 3.651905 16.468147
 26860.000000 -844129.500000 793.739601 3.350626 3.449991 16.864311
 26880.000000 -844655.187500 793.767915 3.454835 3.442035 16.569973
 26900.000000 -844627.375000 794.018350 3.457580 3.533939 16.577174
 26920.000000 -843192.437500 794.669564 3.486046 3.382921 16.476092
 26940.000000 -844275.875000 795.638118 3.291125 3.438710 16.622636
 26960.000000 -844043.250000 795.236899 3.335211 3.509049 16.395118
 26980.000000 -843643.187500 793.265932 3.498303 3.358664 17.035348
 27000.000000 -844478.812500 794.101911 3.448390 3.204201 16.894135
 27020.000000 -844074.562500 795.365896 3.459500 3.677478 16.764577
 27040.000000 -843819.625000 795.715116 3.503055 3.343144 16.602477
 27060.000000 -845239.125000 794.031656 3.384760 3.428015 16.447064
 27080.000000 -842880.687500 794.064089 3.414020 3.439332 16.796961
 27100.000000 -845860.750000 793.741000 3.248969 3.216783 16.750253
 27120.000000 -843737.437500 794.135678 3.438623 3.248982 16.581740
 27140.000000 -844612.750000 794.993762 3.450880 3.325825 16.578141
 27160.000000 -844258.062500 794.306587 3.435188 3.618833 16.649553
 27180.000000 -845268.625000 791.871122 3.275496 3.428816 16.408465
 27200.000000 -845000.562500 796.862153 3.082965 3.404831 16.453131
 27220.000000 -845583.125000 794.864554 3.195972 3.388309 16.432156
 27240.000000 -844085.062500 795.482438 3.342119 3.476438 16.322792
 27260.000000 -843303.750000 797.177214 3.338174 3.432172 16.311873
 27280.000000 -845838.937500 793.931288 3.417491 3.810670 16.125507
 27300.000000 -844003.500000 796.782280 3.518136 3.441379 16.574919
 27320.000000 -843938.687500 795.873395 3.530077 3.423995 16.474512
 27340.000000 -844304.000000 794.826856 3.342672 3.316081 16.366528
 27360.000000 -845106.437500 797.907392 3.427730 3.587234 16.569679
 27380.000000 -844342.812500 794.898863 3.370492 3.310582 16.420893
 27400.000000 -845353.937500 793.770332 3.310869 3.276813 16.331035
 27420.000000 -844653.750000 793.496299 3.076281 3.143093 16.386889
 27440.000000 -844159.125000 795.882972 3.430371 3.355414 16.342983
 27460.000000 -843249.000000 797.812381 3.373193 3.383050 16.389981
 27480.000000 -844276.812500 796.647932 3.126038 3.233925 16.354177
 27500.000000 -845530.937500 794.600575 3.145068 3.398651 16.486923
 27520.000000 -845011.937500 792.925949 3.331024 3.249130 16.422097
 27540.000000 -845198.375000 793.762248 3.303275 3.380934 16.405877
 27560.000000 -844521.687500 792.934709 3.685435 3.257970 16.425329
 27580.000000 -844948.625000 796.086972 3.263751 3.337365 16.399525
 27600.000000 -845159.062500 794.539019 2.955581 3.185569 16.475574
 27620.000000 -844613.125000 792.513822 3.282486 3.474333 16.610114
 27640.000000 -845478.187500 794.747795 3.482136 3.605269 16.573415
 27660.000000 -844583.125000 794.183813 3.595265 3.563909 16.531184
 27680.000000 -845067.687500 791.214083 3.483944 3.506798 16.654532
 27700.000000 -845816.187500 791.769680 3.495946 3.499987 16.576749
 27720.000000 -846279.312500 790.748001 3.375076 3.739574 16.618263
 27740.000000 -844754.250000 791.973145 3.484110 3.296692 16.628040
 27760.000000 -844331.187500 792.427427 3.403384 3.315637 16.559824
 27780.000000 -844642.750000 793.226252 3.401674 3.375911 16.595537
 27800.000000 -845360.625000 791.088708 3.267600 3.350985 16.642509
 27820.000000 -842937.687500 796.600792 3.317106 3.291097 16.566219
 27840.000000 -844058.437500 794.654721 3.329058 3.505758 16.526682
 27860.000000 -844860.250000 791.226347 3.365540 3.275456 16.269524
 27880.000000 -845548.375000 794.213101 3.411065 3.314877 16.550424
 27900.000000 -844013.937500 796.195149 3.489144 3.222120 16.638039
 27920.000000 -846332.625000 790.707331 3.583567 3.495722 16.521295
 27940.000000 -844938.187500 794.139960 3.428671 3.317824 16.693622
 27960.000000 -843583.125000 796.871151 3.624370 3.151439 16.440087
 27980.000000 -843432.187500 794.483161 3.361948 3.218083 16.516553
 28000.000000 -845445.937500 793.833158 3.218067 3.112518 16.732558
 28020.000000 -844698.187500 792.879079 3.347491 3.081803 16.426828
 28040.000000 -844785.812500 794.444424 3.733222 3.190543 16.318452
 28060.000000 -844003.000000 795.532724 3.425699 3.681570 16.620817
 28080.000000 -844796.625000 793.638280 3.512113 3.479964 16.333852
 28100.000000 -843980.062500 794.691934 3.810805 3.328843 16.355962
 28120.000000 -844561.812500 792.432652 3.481612 3.245710 16.356227
 28140.000000 -844435.625000 793.566979 3.607112 3.336175 16.408768
 28160.000000 -845005.437500 794.917086 3.577860 3.395767 16.628860
 28180.000000 -843047.187500 794.303137 3.235964 3.256522 16.369093
 28200.000000 -842556.750000 796.078012 3.074013 3.305010 16.361777
 28220.000000 -842991.375000 797.421867 3.126912 3.190160 16.392834
 28240.000000 -845506.750000 795.007664 2.987194 3.291231 16.341375
 28260.000000 -843979.125000 794.808495 3.116766 3.495124 16.533436
 28280.000000 -844566.000000 796.550271 3.119555 3.694173 16.714800
 28300.000000 -845307.000000 795.178278 3.199160 3.435457 16.540223
 28320.000000 -844636.500000 794.534919 3.208783 3.261559 16.832928
 28340.000000 -844440.125000 794.673243 3.433541 3.158060 16.556673
 28360.000000 -844271.062500 795.057650 3.242290 3.129457 16.464235
 28380.000000 -845223.500000 795.106634 3.298218 3.135253 16.213613
 28400.000000 -844304.687500 794.312568 3.227892 3.541438 16.643514
 28420.000000 -845688.250000 794.629424 3.387547 3.472724 16.548622
 28440.000000 -844256.750000 795.049921 3.525061 3.384699 16.417586
 28460.000000 -845404.437500 794.489937 3.328777 3.393457 16.405646
 28480.000000 -844861.750000 793.138775 3.308313 3.472295 16.446282
 28500.000000 -845271.062500 792.827650 3.326234 3.269784 16.674513
 28520.000000 -844863.250000 793.373714 3.324737 3.188763 16.739469
 28540.000000 -843245.875000 792.088191 3.494563 3.095709 16.652834
 28560.000000 -844511.500000 792.219322 3.360476 3.242996 16.569124
 28580.000000 -845294.625000 792.769284 3.436040 3.623750 16.585077
 28600.000000 -844492.312500 793.695835 3.258804 3.415064 16.723317
 28620.000000 -846474.875000 793.500495 3.311599 3.277326 16.709174
 28640.000000 -845002.625000 796.527595 3.205559 3.347271 16.524075
 28660.000000 -843474.250000 796.397977 3.756717 3.249629 16.531691
 28680.000000 -844549.187500 795.183258 3.535013 3.484800 16.648653
 28700.000000 -844483.625000 796.634070 3.502052 3.543423 16.467494
 28720.000000 -844364.000000 792.180995 3.286846 3.403768 16.435969
 28740.000000 -843849.875000 795.971102 3.490427 3.699875 16.548308
 28760.000000 -843229.062500 795.632126 3.278655 3.289608 16.516370
 28780.000000 -842916.062500 798.250673 3.265081 3.404380 16.610510
 28800.000000 -843633.875000 795.532174 3.278972 3.246813 16.613992
 28820.000000 -843699.312500 795.849799 3.517763 3.202968 16.529848
 28840.000000 -843217.250000 793.824247 3.349786 3.168094 16.284676
 28860.000000 -844865.187500 791.477192 3.366683 3.254407 16.431715
 28880.000000 -846050.062500 793.549625 3.220533 3.519306 16.594647
 28900.000000 -844891.000000 794.742763 3.247218 3.721197 16.422091
 28920.000000 -845203.812500 792.636090 3.468509 3.449929 16.436284
 28940.000000 -844768.625000 793.147359 3.318373 3.660438 16.552666
 28960.000000 -845655.312500 791.594523 3.412404 3.409932 16.711320
 28980.000000 -846113.000000 793.664695 3.533073 3.260378 16.529053
 29000.000000 -845220.812500 795.892508 3.455492 3.330435 16.623499
 29020.000000 -845609.125000 793.288012 3.221669 3.438257 16.470497
 29040.000000 -843415.500000 793.897774 3.220417 3.363530 16.543075
 29060.000000 -845746.375000 791.838761 3.205811 3.287839 16.256274
 29080.000000 -843291.812500 790.688598 3.200808 3.428822 16.240651
 29100.000000 -841989.375000 794.864841 3.288896 3.260921 16.326639
 29120.000000 -844761.187500 793.889129 3.304330 3.340248 16.536090
 29140.000000 -843294.000000 795.827314 3.370088 3.215601 16.425658
 29160.000000 -845327.562500 795.927856 3.284702 3.458584 16.802184
 29180.000000 -845346.875000 795.771576 3.327528 3.423673 16.600381
 29200.000000 -844093.125000 792.344145 3.329135 3.390532 16.661825
 29220.000000 -843588.750000 794.367668 3.382899 3.683975 16.818803
 29240.000000 -843608.562500 795.204185 3.450976 3.359050 16.714975
 29260.000000 -843092.187500 796.159099 3.514786 3.278764 16.552601
 29280.000000 -844501.625000 795.929681 3.459682 3.214547 16.464982
 29300.000000 -843387.187500 796.076641 3.526705 3.374173 16.583807
 29320.000000 -843243.625000 797.416822 3.394477 3.564953 16.428789
 29340.000000 -844940.562500 796.225587 3.453275 3.634842 16.485769
 29360.000000 -844867.750000 791.767463 3.440550 3.716760 16.538052
 29380.000000 -845159.875000 795.889255 3.404965 3.326618 16.443918
 29400.000000 -845072.937500 794.622595 3.377695 3.191052 16.437477
 29420.000000 -844239.687500 793.675624 3.351673 3.332801 16.276224
 29440.000000 -844142.187500 795.741351 3.423689 3.300850 16.414909
 29460.000000 -845633.750000 795.810461 3.175083 3.563910 16.569745
 29480.000000 -844474.562500 794.390325 3.367554 3.665186 16.649652
 29500.000000 -845569.375000 795.759302 3.311610 3.590900 16.706050
 29520.000000 -842946.375000 794.731989 3.471901 3.396744 16.852195
 29540.000000 -845368.375000 793.026087 3.239340 3.253730 16.706478
 29560.000000 -845364.000000 794.336017 3.429766 3.216715 16.150526
 29580.000000 -845111.000000 794.646703 3.468828 3.337083 16.444435
 29600.000000 -843739.812500 794.075151 3.187925 3.142624 16.452280
 29620.000000 -844183.750000 792.780177 3.244493 3.268383 16.545432
 29640.000000 -844959.500000 795.681796 3.237243 3.090804 16.499707
 29660.000000 -844014.812500 794.069669 3.508467 3.270585 16.622536
 29680.000000 -843134.125000 795.108055 3.832797 3.482684 16.651923
 29700.000000 -844538.375000 795.890313 3.618800 3.356789 16.536883
 29720.000000 -845368.687500 794.125150 3.273216 3.326671 16.441574
 29740.000000 -844478.437500 793.023892 3.495002 3.207053 16.432053
 29760.000000 -844314.687500 793.672244 3.330549 3.231010 16.207729
 29780.000000 -844254.125000 794.543246 3.210904 3.572926 16.685026
 29800.000000 -842476.687500 796.928112 3.157294 3.457416 16.587967
 29820.000000 -843138.125000 796.777029 3.214127 3.391352 16.542206
 29840.000000 -844346.875000 793.766544 3.338881 3.338399 16.555129
 29860.000000 -843380.625000 796.741673 3.224853 3.308026 16.546017
 29880.000000 -843534.125000 794.686577 3.354168 3.476236 16.391662
 29900.000000 -844637.937500 794.427568 3.334133 3.290420 16.482386
 29920.000000 -844142.375000 793.523145 3.354010 3.398200 16.657812
 29940.000000 -846533.250000 794.929581 3.380657 3.432943 16.394184
 29960.000000 -844952.250000 792.619249 3.642399 3.308929 16.646515
 29980.000000 -843035.187500 795.745965 3.622982 3.162230 16.786491
 30000.000000 -845105.687500 793.140877 3.564547 3.410121 16.671274
 30020.000000 -846714.687500 792.789884 3.494309 3.605713 16.696304
 30040.000000 -845886.937500 792.756036 3.435478 3.358362 16.692795
 30060.000000 -845391.812500 794.167508 3.233144 3.363792 16.350687
 30080.000000 -844931.437500 795.798355 3.203907 3.389720 16.428917
 30100.000000 -845262.750000 792.684174 3.250336 3.332861 16.262350
 30120.000000 -843245.937500 796.238700 3.179934 3.505855 16.452798
 30140.000000 -845365.250000 793.906677 3.194579 3.409689 16.150440
 30160.000000 -846332.562500 793.171415 3.263577 3.381939 16.465540
 30180.000000 -844691.875000 794.402261 3.211144 3.280278 16.461730
 30200.000000 -847080.062500 791.798909 3.271407 3.218712 16.526450
 30220.000000 -846306.000000 792.353327 3.316675 3.231328 16.509753
 30240.000000 -843781.375000 793.634337 3.230439 3.517803 16.516079
 30260.000000 -845341.125000 795.836553 2.998064 3.641955 16.324619
 30280.000000 -842878.687500 798.306776 3.228616 3.542767 16.361459
 30300.000000 -845245.125000 795.020325 3.301432 3.530000 16.566872
 30320.000000 -845321.500000 794.651067 3.393032 3.395483 16.619655
 30340.000000 -844052.500000 795.987474 3.222384 3.295745 16.867096
 30360.000000 -843641.937500 795.475793 3.409006 3.274546 16.868298
 30380.000000 -845225.937500 794.177798 3.385338 3.229226 16.395109
 30400.000000 -846472.312500 794.503830 3.394945 3.454476 16.305665
 30420.000000 -843787.125000 795.090577 3.289412 3.274631 16.745989
 30440.000000 -845421.875000 793.958714 3.305007 3.535196 16.760820
 30460.000000 -845235.250000 795.393248 3.191379 3.309583 16.710212
 30480.000000 -845398.750000 792.881672 3.233347 3.289904 16.668362
 30500.000000 -843948.687500 793.960196 3.209850 3.363642 16.563697
 30520.000000 -845097.625000 796.153656 3.332067 3.153251 16.507033
 30540.000000 -845297.875000 792.867824 3.569484 3.216294 16.758661
 30560.000000 -843198.000000 792.723203 3.654189 3.344278 16.749830
 30580.000000 -844953.250000 793.329952 3.278357 3.389501 16.709033
 30600.000000 -843907.187500 796.671317 3.351790 3.265778 16.627800
 30620.000000 -845170.000000 793.831476 3.693771 3.429774 16.593319
 30640.000000 -844364.125000 794.823653 3.257678 3.440498 16.361395
 30660.000000 -845269.125000 791.945198 3.663532 3.156795 16.374263
 30680.000000 -844627.500000 794.771529 3.661709 3.414110 16.275330
 30700.000000 -844912.625000 793.979317 3.633598 3.440484 16.320666
 30720.000000 -845450.687500 793.309511 3.555981 3.298758 16.301351
 30740.000000 -845234.062500 795.853467 3.363485 3.140259 16.565480
 30760.000000 -844841.875000 794.248870 3.385967 3.205046 16.794676
 30780.000000 -845174.375000 791.874583 3.341870 3.533450 16.810791
 30800.000000 -845155.750000 793.187347 3.465452 3.444354 16.769236
 30820.000000 -844384.062500 793.833782 3.557699 3.105761 16.737285
 30840.000000 -844476.125000 795.917618 3.449483 3.321183 16.648238
 30860.000000 -842421.937500 797.059658 3.251054 3.546251 16.633216
 30880.000000 -844929.125000 793.579378 3.279602 3.579254 16.573128
 30900.000000 -844881.375000 794.609363 3.446492 3.485975 17.065055
 30920.000000 -843413.375000 792.983504 3.661923 3.506138 16.349251
 30940.000000 -844558.687500 794.781920 3.435529 3.687671 16.452118
 30960.000000 -845078.750000 794.613507 3.282145 3.685291 16.320344
 30980.000000 -843472.562500 793.922351 3.161843 3.393498 16.374887
 31000.000000 -844539.562500 792.156804 3.449381 3.281104 16.338904
 31020.000000 -845376.625000 794.064082 3.574575 3.206526 16.306579
 31040.000000 -844342.812500 794.353774 3.646121 3.360531 16.473147
 31060.000000 -845067.062500 796.409813 3.598288 3.162407 16.511194
 31080.000000 -845578.750000 795.546509 3.491866 3.270015 16.465025
 31100.000000 -845617.000000 794.381273 3.412433 3.433780 16.472383
 31120.000000 -844283.875000 797.512196 3.791688 3.596806 16.396075
 31140.000000 -843674.625000 793.873786 3.582656 3.624998 16.341908
 31160.000000 -843594.312500 793.659162 3.476556 3.677687 16.400144
 31180.000000 -843425.562500 795.748673 3.410357 3.641302 16.486556
 31200.000000 -844670.750000 794.937921 3.670243 3.451995 16.465779
 31220.000000 -844359.062500 792.647609 3.571560 3.438569 16.622712
 31240.000000 -842161.125000 797.895460 3.585453 3.426238 16.687415
 31260.000000 -843640.875000 795.735645 3.700529 3.467168 16.752439
 31280.000000 -844559.562500 795.725401 3.633795 3.374442 16.604820
 31300.000000 -843569.187500 794.387193 3.422216 3.422404 16.437630
 31320.000000 -842973.687500 794.403381 3.427046 3.356770 16.373527
 31340.000000 -843106.062500 794.579233 3.100602 3.394443 16.530339
 31360.000000 -845352.500000 793.713465 3.129416 3.405630 16.319157
 31380.000000 -842632.187500 796.056239 3.206764 3.673359 16.474423
 31400.000000 -844880.562500 793.161513 3.426562 3.333754 16.494871
 31420.000000 -844389.375000 796.183182 3.495388 3.306003 16.580854
 31440.000000 -842748.562500 795.842700 3.315855 3.555216 16.572589
 31460.000000 -845016.125000 794.182783 3.404262 3.456650 16.776232
 31480.000000 -845736.062500 792.888040 3.327927 3.104697 16.548022
 31500.000000 -843023.000000 794.678787 3.468710 3.282965 16.500201
 31520.000000 -843223.812500 793.574782 3.617686 3.363294 16.377424
 31540.000000 -844859.625000 792.788564 3.285510 3.397826 16.717754
 31560.000000 -844355.500000 794.111014 3.199605 3.397594 16.599311
 31580.000000 -845418.250000 794.108774 3.612804 3.403728 16.445833
 31600.000000 -844637.625000 796.413876 3.431491 3.379437 16.585437
 31620.000000 -843317.000000 796.670221 3.582247 3.371195 16.490012
 31640.000000 -843756.500000 792.276625 2.993628 3.504868 16.483023
 31660.000000 -845904.812500 793.612005 3.152960 3.436368 16.510325
 31680.000000 -845512.125000 792.778146 3.325547 3.601079 16.621564
 31700.000000 -842915.500000 794.612431 3.219525 3.389141 16.464696
 31720.000000 -846630.875000 794.779414 3.203270 3.179618 16.722385
 31740.000000 -843136.875000 794.425277 3.616036 3.337093 16.344790
 31760.000000 -843704.437500 796.439590 3.631597 3.284073 16.533950
 31780.000000 -844901.187500 793.744397 3.377978 3.354631 16.407061
 31800.000000 -843989.187500 794.302733 3.486571 3.088897 16.448194
 31820.000000 -843963.125000 797.046887 3.411402 3.433038 16.627739
 31840.000000 -841335.437500 795.064563 3.690455 3.350750 16.508882
 31860.000000 -843339.875000 795.634346 3.538100 3.644117 16.537209
 31880.000000 -844359.250000 791.995374 3.379554 3.785968 16.571734
 31900.000000 -843634.000000 794.145926 3.389372 3.537841 16.751444
 31920.000000 -844339.500000 794.750692 3.237627 3.423415 16.881213
 31940.000000 -846605.312500 794.678880 3.194392 3.231218 16.732727
 31960.000000 -845231.687500 791.766396 3.156228 3.232289 16.645945
 31980.000000 -846826.875000 791.389359 3.272160 3.422175 16.459690
 32000.000000 -846496.687500 792.570445 3.192310 3.146402 16.894027
 32020.000000 -844448.062500 794.608522 3.414181 3.567383 16.795957
 32040.000000 -845864.250000 793.774205 3.466844 3.403057 16.572260
 32060.000000 -844388.312500 795.336537 3.502752 3.423867 16.417406
 32080.000000 -845801.562500 794.178363 3.461642 3.479277 16.512664
 32100.000000 -844196.687500 795.555853 3.019590 3.290191 16.375624
 32120.000000 -842243.437500 797.649722 3.188730 3.215973 16.558516
 32140.000000 -843912.062500 796.042940 3.359451 3.180033 16.348429
 32160.000000 -844557.562500 793.156804 3.363084 3.284980 16.320499
 32180.000000 -845454.937500 791.870969 3.164369 3.293010 16.414187
 32200.000000 -844859.187500 795.649481 3.216629 3.596890 16.428585
 32220.000000 -844325.187500 794.490923 3.353085 3.473166 16.487719
 32240.000000 -844166.375000 794.972970 3.374532 3.320507 16.355133
 32260.000000 -845030.937500 793.808036 3.424353 3.369270 16.338168
 32280.000000 -843116.875000 794.587641 3.277344 3.558952 16.400706
 32300.000000 -844494.937500 794.986438 3.303332 3.299104 16.497197
 32320.000000 -844394.500000 794.155828 3.391192 3.133250 16.556729
 32340.000000 -843623.625000 796.767258 3.418079 3.415809 16.584859
 32360.000000 -843549.062500 796.140361 3.481503 3.380534 16.464890
 32380.000000 -843716.937500 795.135752 3.230994 3.402617 16.251482
 32400.000000 -845079.937500 793.491151 3.361067 3.446357 16.435399
 32420.000000 -844101.500000 794.862815 3.268193 3.349793 16.668019
 32440.000000 -844970.187500 793.480306 3.303565 3.502128 16.735322
 32460.000000 -843441.125000 794.108900 3.469878 3.362294 16.575003
 32480.000000 -845510.250000 793.746574 3.151182 3.583261 16.554863
 32500.000000 -843772.812500 794.616485 3.239313 3.609448 16.564206
 32520.000000 -843831.687500 792.373400 3.565526 3.348982 16.306228
 32540.000000 -843272.562500 794.975720 3.435486 3.605560 16.509893
 32560.000000 -843835.312500 794.337023 3.727633 3.443274 16.439649
 32580.000000 -844061.375000 794.788972 3.723035 3.443724 16.452433
 32600.000000 -845778.375000 792.131556 3.651605 3.347451 16.539391
 32620.000000 -844750.312500 795.174530 3.616538 3.317548 16.406730
 32640.000000 -844938.000000 794.488686 3.466771 3.614008 16.329530
 32660.000000 -844823.437500 792.326898 3.423521 3.619783 16.479692
 32680.000000 -843682.875000 795.933029 3.258054 3.465892 16.420397
 32700.000000 -846726.062500 791.699213 3.257211 3.335844 16.584687
 32720.000000 -844757.625000 792.805791 3.235730 3.091441 16.494052
 32740.000000 -844723.562500 793.451885 3.293251 3.379547 16.546533
 32760.000000 -843374.750000 795.970868 3.156960 3.644223 16.539633
 32780.000000 -844252.437500 795.296584 3.047260 3.304742 16.527805
 32800.000000 -843878.062500 793.922086 3.317619 3.181839 16.523451
 32820.000000 -845731.687500 793.886576 3.492394 3.217196 16.464258
 32840.000000 -844283.812500 796.299890 3.618575 3.276785 16.740908
 32860.000000 -845396.062500 795.516147 3.454527 3.354397 16.469563
 32880.000000 -844500.812500 793.298321 3.392275 3.368616 16.482657
 32900.000000 -845369.125000 794.359936 3.509711 3.421261 16.307628
 32920.000000 -843780.000000 796.381153 3.448031 3.303986 16.215116
 32940.000000 -843351.750000 794.255800 3.304416 3.495328 16.230626
 32960.000000 -844844.562500 793.591435 3.498520 3.528190 16.513306
 32980.000000 -844849.312500 792.591345 3.636007 3.277736 16.603690
 33000.000000 -844672.875000 793.066522 3.242678 3.676243 16.551585
 33020.000000 -844992.937500 794.642460 3.379301 3.378369 16.360691
 33040.000000 -842770.375000 797.781369 3.799704 3.348935 16.597581
 33060.000000 -844677.625000 792.559048 3.669858 3.107885 16.706842
 33080.000000 -842862.125000 795.415170 3.468863 3.588947 16.485585
 33100.000000 -845161.062500 793.979615 3.405638 3.538757 16.518199
 33120.000000 -843350.812500 797.239376 3.611052 3.420432 16.427989
 33140.000000 -844938.312500 794.001429 3.459952 3.568310 16.357037
 33160.000000 -844531.375000 795.201172 3.461552 3.371994 16.418483
 33180.000000 -843526.000000 794.761749 3.213048 3.296628 16.374241
 33200.000000 -843039.437500 796.323214 3.486801 3.261948 16.459138
 33220.000000 -844945.125000 793.430261 3.355485 3.316114 16.307190
 33240.000000 -844421.250000 792.763080 3.325711 3.549840 16.288079
 33260.000000 -844778.875000 794.513843 3.126185 3.431055 16.573680
 33280.000000 -844563.250000 793.510788 3.360482 3.406382 16.308688
 33300.000000 -845214.812500 794.780848 3.428661 2.976155 16.445273
 33320.000000 -844713.562500 794.236976 3.580107 3.053246 16.479463
 33340.000000 -845072.625000 794.107118 3.364914 3.329867 16.664756
 33360.000000 -844051.625000 792.272287 3.322767 3.446535 16.574807
 33380.000000 -845208.875000 794.258831 3.598028 3.442014 16.322674
 33400.000000 -843918.062500 795.289694 3.237426 3.291863 16.519960
 33420.000000 -846168.375000 792.558931 3.564948 3.285414 16.477966
 33440.000000 -845432.187500 791.613618 3.364608 3.457056 16.589398
 33460.000000 -845853.062500 792.725219 3.344215 3.537330 16.334416
 33480.000000 -846123.750000 795.015486 3.580846 3.561580 16.390058
 33500.000000 -843844.812500 794.110293 3.566511 3.658205 16.434527
 33520.000000 -844375.687500 793.766162 3.293859 3.270903 16.149654
 33540.000000 -843533.750000 795.206593 3.230829 3.359502 16.539723
 33560.000000 -845069.562500 792.841869 3.326294 3.250493 16.549273
 33580.000000 -845710.250000 791.866811 3.209709 3.602355 16.564710
 33600.000000 -844846.000000 792.252499 3.360330 3.224563 16.633580
 33620.000000 -845150.937500 794.460276 3.381465 3.297355 16.429322
 33640.000000 -844948.875000 794.314218 3.410847 3.040722 16.636589
 33660.000000 -844468.312500 792.745890 3.536237 3.263230 16.723735
 33680.000000 -843944.687500 794.735129 3.450530 3.179337 16.659563
 33700.000000 -844398.125000 794.954675 3.149182 3.331680 16.313601
 33720.000000 -844293.125000 790.984963 3.486748 3.189604 16.539328
 33740.000000 -844705.937500 795.263453 3.579765 3.370316 16.736630
 33760.000000 -843891.562500 794.952480 3.635290 3.229334 16.631825
 33780.000000 -845307.250000 792.593044 3.557708 3.187602 16.643047
 33800.000000 -844205.437500 795.123047 3.320010 3.411920 16.399885
 33820.000000 -844378.625000 796.035023 3.326226 3.474117 16.293083
 33840.000000 -844364.750000 795.783350 3.507230 3.393434 16.335334
 33860.000000 -846894.312500 792.751153 3.445520 3.567824 16.429803
 33880.000000 -844431.312500 795.005761 3.657839 3.550349 16.457746
 33900.000000 -845612.812500 793.167294 3.474533 3.382814 16.589861
 33920.000000 -844974.687500 790.981023 3.295657 3.595709 16.496244
 33940.000000 -844881.437500 793.745220 3.820726 3.781246 16.397848
 33960.000000 -844448.312500 792.604322 3.790644 3.634580 16.482662
 33980.000000 -843958.375000 793.115257 3.846328 3.359274 16.719895
 34000.000000 -846409.312500 791.554150 3.607975 3.461525 16.689587
 34020.000000 -842669.437500 795.133281 3.498798 3.366533 16.785048
 34040.000000 -843895.375000 797.014741 3.311876 3.688556 16.462117
 34060.000000 -843950.562500 795.277198 3.103330 3.522753 16.590111
 34080.000000 -844431.937500 796.102764 3.233303 3.374680 16.624557
 34100.000000 -843362.562500 794.517076 3.168800 3.305038 16.570120
 34120.000000 -844385.062500 795.355134 3.322342 3.537839 16.403300
 34140.000000 -842629.312500 795.000972 3.163917 3.667182 16.233068
 34160.000000 -842590.937500 795.197874 3.173100 3.531656 16.276497
 34180.000000 -843566.562500 796.680681 3.329596 3.531922 16.602326
 34200.000000 -844458.437500 795.709238 3.296057 3.651041 16.440892
 34220.000000 -843830.312500 793.915813 3.647361 3.623815 16.589632
 34240.000000 -845349.312500 792.092889 3.612307 3.460403 16.445467
 34260.000000 -843932.625000 794.614233 3.572487 3.485447 16.604770
 34280.000000 -843746.437500 795.971301 3.482372 3.599061 16.626740
 34300.000000 -846014.000000 793.478301 3.579814 3.344000 16.660395
 34320.000000 -845964.687500 792.712645 3.591027 3.249793 16.708407
 34340.000000 -845610.375000 793.951957 3.414462 3.556994 16.508150
 34360.000000 -843202.750000 795.519755 3.397046 3.793576 16.405733
 34380.000000 -844961.625000 794.054775 3.598068 3.515274 16.240554
 34400.000000 -845735.750000 794.704580 3.345308 3.185713 16.306805
 34420.000000 -844503.187500 794.898966 3.550270 3.440034 16.299702
 34440.000000 -843993.875000 792.824093 3.469752 3.262945 16.453595
 34460.000000 -844936.000000 792.646930 3.482044 3.310174 16.354247
 34480.000000 -843270.875000 793.247638 3.567280 3.257108 16.313606
 34500.000000 -844390.750000 796.522286 3.267645 3.408439 16.532339
 34520.000000 -845069.625000 793.671008 3.373068 3.434920 16.762369
 34540.000000 -845127.500000 792.582781 3.396394 3.236209 16.842966
 34560.000000 -845509.562500 790.769816 3.378038 3.425169 16.460445
 34580.000000 -845279.875000 792.685322 3.347252 3.222834 16.427107
 34600.000000 -845503.000000 794.011662 3.739984 3.277860 16.287804
 34620.000000 -844521.750000 794.819799 3.690692 3.408253 16.595792
 34640.000000 -844932.687500 794.148309 3.413864 3.396845 16.385295
 34660.000000 -844772.937500 795.746716 3.518620 3.503772 16.495694
 34680.000000 -845376.500000 795.516608 3.267613 3.543649 16.334927
 34700.000000 -844004.125000 794.685706 3.462016 3.252554 16.150141
 34720.000000 -845103.625000 794.750133 3.454976 3.629468 16.380438
 34740.000000 -843969.437500 795.384874 3.500871 3.613843 16.468231
 34760.000000 -844797.562500 793.629596 3.449708 3.409503 16.374205
 34780.000000 -843668.937500 795.172949 3.324743 3.292137 16.447424
 34800.000000 -843719.250000 795.747826 3.385447 3.143360 16.501553
 34820.000000 -843725.562500 796.698170 3.408857 3.073314 16.639330
 34840.000000 -843507.750000 796.322218 3.387188 3.082667 16.634954
 34860.000000 -845775.312500 795.724726 3.338389 3.243902 16.400517
 34880.000000 -846010.250000 791.674266 3.368269 3.337114 16.504940
 34900.000000 -842893.000000 796.120731 3.350371 3.336027 16.424030
 34920.000000 -845774.812500 792.965671 3.384111 3.172905 16.489207
 34940.000000 -845313.437500 793.652784 3.345912 3.141541 16.264345
 34960.000000 -844009.312500 793.811841 3.460336 3.206594 16.175317
 34980.000000 -844972.875000 794.238443 3.321578 3.433961 16.318200
 35000.000000 -845417.937500 792.033654 3.405892 3.383181 16.359652
 35020.000000 -843713.687500 796.408206 3.332669 3.362400 16.632971
 35040.000000 -843894.000000 793.511926 3.208432 3.522515 16.397949
 35060.000000 -843835.687500 794.134629 3.424560 3.622893 16.468559
 35080.000000 -845480.250000 793.315764 3.676408 3.673989 16.588078
 35100.000000 -843151.437500 794.944994 3.499490 3.376710 16.680217
 35120.000000 -846106.250000 792.336085 3.283625 2.992987 16.571669
 35140.000000 -846012.500000 795.441160 3.345039 3.236122 16.606891
 35160.000000 -844923.687500 794.712295 3.518698 3.123841 16.272107
 35180.000000 -843620.687500 795.550309 3.377150 3.220867 16.514756
 35200.000000 -844949.562500 794.376562 3.405998 3.532754 16.450008
 35220.000000 -844900.750000 795.175055 3.615972 3.199387 16.631740
 35240.000000 -844617.437500 794.766462 3.544960 3.374321 16.318967
 35260.000000 -842314.500000 795.845213 3.250880 3.475364 16.447525
 35280.000000 -843565.687500 793.706922 3.468367 3.425511 16.439095
 35300.000000 -845274.000000 795.029955 3.478575 3.512397 16.516379
 35320.000000 -842944.500000 797.425155 3.408002 3.227777 16.570235
 35340.000000 -844713.312500 794.991461 3.377967 3.258887 16.656995
 35360.000000 -844204.250000 796.917397 3.103018 3.442307 16.459843
 35380.000000 -844723.937500 794.770001 3.500179 3.329950 16.675355
 35400.000000 -843280.687500 794.490108 3.451024 3.212032 16.782173
 35420.000000 -846050.812500 792.588593 3.584860 3.376695 16.667510
 35440.000000 -842500.687500 794.656706 3.566605 3.468100 16.552356
 35460.000000 -842112.000000 797.160340 3.323128 3.241567 16.628007
 35480.000000 -842780.125000 796.169787 3.398324 3.059447 16.624557
 35500.000000 -843993.625000 795.689814 3.550832 3.285605 16.503497
 35520.000000 -845989.812500 793.238638 3.558986 3.259311 16.448554
 35540.000000 -843123.750000 793.427503 3.354131 3.497024 16.223679
 35560.000000 -845347.750000 794.148120 3.228852 3.443772 16.647118
 35580.000000 -844930.875000 794.755151 3.455234 3.577128 16.673558
 35600.000000 -844441.625000 795.620520 3.445589 3.502823 16.478362
 35620.000000 -845508.125000 792.834750 3.499809 3.510378 16.375706
 35640.000000 -844699.375000 793.201267 3.355177 3.544309 16.432095
 35660.000000 -845949.562500 794.103262 3.407150 3.361737 16.574129
 35680.000000 -846361.125000 792.897087 3.218396 3.589351 16.562068
 35700.000000 -843594.875000 794.149703 3.289231 3.390238 16.691842
 35720.000000 -845282.687500 791.808082 3.748384 3.549809 16.595461
 35740.000000 -844446.375000 795.894273 3.799371 3.255960 16.630155
 35760.000000 -843035.437500 796.118616 3.666279 3.177479 16.868293
 35780.000000 -844960.375000 794.681347 3.564249 3.357476 16.736407
 35800.000000 -843781.500000 796.841527 3.533196 3.344684 16.557505
 35820.000000 -845847.750000 791.704406 3.245404 3.314861 16.573231
 35840.000000 -844481.625000 794.844592 3.381403 3.327030 16.543920
 35860.000000 -845561.187500 795.439175 3.566219 3.512877 16.405808
 35880.000000 -843914.375000 797.371830 3.617969 3.533429 16.396106
 35900.000000 -843003.625000 795.063524 3.376814 3.546840 16.282158
 35920.000000 -845339.500000 793.510907 3.401294 3.741785 16.366067
 35940.000000 -844442.062500 793.772198 3.329367 3.680000 16.562291
 35960.000000 -843396.437500 795.771454 3.084429 3.528615 16.848952
 35980.000000 -843606.750000 793.745073 3.279145 3.455175 16.725836
 36000.000000 -843602.812500 795.277594 3.377263 3.304430 16.662279
 36020.000000 -844679.812500 793.752287 3.265983 3.160964 16.476311
 36040.000000 -843209.562500 797.354818 3.096790 3.046676 16.144542
 36060.000000 -845774.187500 793.004435 3.307171 3.390230 16.095267
 36080.000000 -846457.562500 791.768083 3.370013 3.436897 16.318973
 36100.000000 -845029.375000 792.770889 3.387127 3.556693 16.356066
 36120.000000 -845763.562500 791.714363 3.451611 3.600259 16.377964
 36140.000000 -846039.125000 793.321369 3.511806 3.387155 16.489240
 36160.000000 -845641.375000 792.778044 3.512413 3.201713 16.733168
 36180.000000 -844702.187500 793.745168 3.796466 3.408491 16.557068
 36200.000000 -844855.437500 792.355615 3.716104 3.347586 16.637497
 36220.000000 -844041.562500 792.880165 3.403942 3.562399 16.596971
 36240.000000 -844156.000000 795.300004 3.628461 3.597856 16.596266
 36260.000000 -842472.062500 794.067731 3.343281 3.338100 16.466444
 36280.000000 -844202.687500 793.946797 3.244026 3.215953 16.206223
 36300.000000 -844588.437500 796.420210 3.496044 2.997667 16.351894
 36320.000000 -844385.500000 794.535679 3.461901 3.273909 16.345863
 36340.000000 -843134.000000 797.079086 3.491799 3.365518 16.404133
 36360.000000 -846074.625000 793.040920 3.700940 3.397049 16.361276
 36380.000000 -847130.500000 792.132623 3.583747 3.513618 16.626761
 36400.000000 -844945.687500 795.128033 3.476518 3.274314 16.817080
 36420.000000 -843743.500000 793.890561 3.592917 3.414927 16.780657
 36440.000000 -844966.250000 793.679141 3.718230 3.302909 16.858933
 36460.000000 -844478.000000 795.461973 3.336165 3.624209 16.838387
 36480.000000 -844522.437500 793.076530 3.253415 3.319248 16.640907
 36500.000000 -845983.812500 792.674461 3.485496 3.423919 16.617773
 36520.000000 -846549.875000 793.493259 3.541084 3.344508 16.581181
 36540.000000 -845829.125000 791.043967 3.385172 3.384194 16.527520
 36560.000000 -846120.625000 793.061355 3.652303 3.483720 16.252510
 36580.000000 -843440.250000 796.016709 3.649794 3.350746 16.374901
 36600.000000 -845901.125000 794.567312 3.354243 3.655451 16.378543
 36620.000000 -845420.500000 793.297401 3.527344 3.413523 16.224684
 36640.000000 -846209.812500 792.456522 3.409321 3.460030 16.360529
 36660.000000 -843487.500000 793.602568 3.337759 3.370336 16.661667
 36680.000000 -844902.500000 793.916023 3.440649 3.481218 16.813599
 36700.000000 -845334.437500 793.108840 3.383525 3.432616 16.643823
 36720.000000 -845894.187500 794.197740 3.627889 3.440140 16.657095
 36740.000000 -846038.437500 793.193203 3.145889 3.488261 16.687325
 36760.000000 -844771.500000 794.279239 3.333916 3.313411 16.301580
 36780.000000 -843588.187500 795.777147 3.626003 3.279614 16.398774
 36800.000000 -843598.812500 793.328053 3.555244 3.214731 16.282840
 36820.000000 -843206.437500 795.435411 3.545990 3.414903 16.411544
 36840.000000 -845203.687500 791.730209 3.688418 3.529182 16.207053
 36860.000000 -845008.875000 793.250657 3.430424 3.463109 16.274344
 36880.000000 -844003.562500 794.094580 3.447687 3.280617 16.406754
 36900.000000 -845035.125000 792.348067 3.638443 3.297505 16.277140
 36920.000000 -845925.750000 793.120844 3.295130 3.337243 16.454341
 36940.000000 -845365.500000 792.603455 3.467805 3.478078 16.466924
 36960.000000 -844969.062500 793.574801 3.791997 3.246524 16.576821
 36980.000000 -845357.062500 794.413714 3.467364 3.365227 16.433938
 37000.000000 -845256.250000 793.804982 3.353766 3.369567 16.472137
 37020.000000 -844951.750000 793.495775 3.255132 3.245740 16.666171
 37040.000000 -845388.500000 794.063865 3.479734 3.505733 16.489060
 37060.000000 -847949.437500 792.434016 3.610613 3.132082 16.497387
 37080.000000 -845284.687500 792.980435 3.508366 3.183895 16.611366
 37100.000000 -844378.312500 795.954493 3.181202 3.225697 16.231187
 37120.000000 -844764.187500 793.915990 3.346471 3.456574 16.536209
 37140.000000 -843734.437500 793.177177 3.384939 3.483365 16.228262
 37160.000000 -846997.500000 792.048680 3.507202 3.360340 16.097995
 37180.000000 -846253.062500 794.096941 3.616773 3.727608 16.366008
 37200.000000 -846344.500000 791.008744 3.349119 3.634219 16.483870
 37220.000000 -845347.500000 794.193396 2.995251 3.421309 16.319141
 37240.000000 -844087.437500 794.621029 2.902883 3.423986 16.439051
 37260.000000 -844119.812500 793.263360 3.092269 3.388753 16.409522
 37280.000000 -845416.312500 791.483646 3.274083 3.314950 16.681880
 37300.000000 -845524.687500 791.498536 3.064890 3.506953 16.618976
 37320.000000 -846371.750000 791.985367 3.360889 3.601792 16.616088
 37340.000000 -845042.312500 795.862764 3.209183 3.539531 16.280935
 37360.000000 -843886.812500 793.371602 3.513162 3.541248 16.424295
 37380.000000 -843499.625000 796.598476 3.396010 3.295128 16.652038
 37400.000000 -845042.937500 796.077163 3.488823 3.602379 16.555421
 37420.000000 -843439.250000 797.418460 3.383631 3.565303 16.665977
 37440.000000 -843355.750000 795.747474 3.520848 3.495589 16.550631
 37460.000000 -846871.875000 792.468267 3.441681 3.356491 16.454072
 37480.000000 -844229.625000 794.280212 3.579029 3.365968 16.553373
 37500.000000 -846517.125000 790.882149 3.526829 3.691223 16.506296
 37520.000000 -844015.687500 791.199715 3.455561 3.520442 16.419929
 37540.000000 -845045.375000 792.441250 3.437977 3.565939 16.432349
 37560.000000 -845636.375000 793.805060 3.697104 3.454351 16.153483
 37580.000000 -843821.437500 794.613030 3.552227 3.415181 16.428522
 37600.000000 -845073.000000 795.213853 3.215269 3.339548 16.441515
 37620.000000 -844422.312500 793.760997 3.406829 3.163825 16.427509
 37640.000000 -845322.875000 792.673128 3.268073 3.275273 16.447302
 37660.000000 -844545.750000 791.919829 3.212925 3.246755 16.455047
 37680.000000 -843493.562500 794.096786 3.311449 3.164482 16.605165
 37700.000000 -845035.812500 791.842931 3.278268 3.326490 16.525336
 37720.000000 -845196.062500 793.188074 3.368790 3.434427 16.642078
 37740.000000 -844799.000000 796.002641 3.334385 3.464660 16.635262
 37760.000000 -844262.375000 794.861976 3.308328 3.218007 16.328219
 37780.000000 -844636.875000 793.736257 3.433691 3.073604 16.190034
 37800.000000 -844302.437500 793.253279 3.460642 3.212318 16.313288
 37820.000000 -844141.187500 793.712525 3.125561 3.106311 16.347338
 37840.000000 -844200.812500 792.385359 3.192989 3.104672 16.534587
 37860.000000 -845867.062500 793.745949 3.111147 2.874645 16.585046
 37880.000000 -845231.000000 792.773187 3.022135 3.234640 16.607677
 37900.000000 -843495.500000 793.170760 3.042436 3.314734 16.694796
 37920.000000 -845574.750000 793.879063 3.238307 3.180193 16.467497
 37940.000000 -845059.062500 793.025817 3.463684 3.418330 16.624431
 37960.000000 -845496.375000 793.197862 3.612718 3.332270 16.541755
 37980.000000 -844617.062500 794.592648 3.546576 3.238916 16.352981
 38000.000000 -843058.562500 794.533755 3.607000 3.212992 16.294027
 38020.000000 -844521.687500 792.617525 3.727615 3.217561 16.437092
 38040.000000 -844100.125000 794.410912 3.437254 3.419370 16.395041
 38060.000000 -844588.687500 791.765839 3.432618 3.621064 16.604786
 38080.000000 -845390.562500 794.859625 3.440586 3.542906 16.580194
 38100.000000 -845161.062500 790.965126 3.399200 3.228446 16.458126
 38120.000000 -846340.062500 790.175669 3.566986 3.124191 16.464200
 38140.000000 -843819.125000 793.873803 3.530606 3.337869 16.578120
 38160.000000 -843084.375000 794.890780 3.515481 3.377146 16.619056
 38180.000000 -844396.125000 795.718446 3.323603 3.554829 16.515020
 38200.000000 -842781.062500 796.818966 3.429215 3.504979 16.448339
 38220.000000 -845213.687500 796.642563 3.555550 3.383365 16.366534
 38240.000000 -847353.937500 791.275620 3.387711 3.302529 16.187839
 38260.000000 -845031.562500 793.333051 3.504816 3.448016 16.381809
 38280.000000 -845197.500000 793.699175 3.459861 3.316414 16.379874
 38300.000000 -844295.812500 792.720311 3.340959 3.362833 16.439473
 38320.000000 -845501.250000 793.970307 3.332411 3.458309 16.181800
 38340.000000 -844166.437500 794.984717 3.608093 3.611645 16.262773
 38360.000000 -844149.250000 795.382127 3.569434 3.472304 16.493640
 38380.000000 -844211.500000 792.260014 3.307362 3.434679 16.434899
 38400.000000 -842969.562500 795.169963 3.318193 3.127978 16.459775
 38420.000000 -844429.937500 793.362786 3.088749 3.369110 16.565398
 38440.000000 -844334.250000 794.107177 3.392297 3.485172 16.583890
 38460.000000 -844766.687500 793.004918 3.545777 3.741974 16.437025
 38480.000000 -845310.000000 793.541742 3.205793 3.602813 16.479219
 38500.000000 -843203.562500 796.337936 3.248135 3.321556 16.348040
 38520.000000 -845529.437500 795.783732 3.370277 3.385733 16.287053
 38540.000000 -844924.625000 791.507147 3.372160 3.501154 16.341467
 38560.000000 -844244.562500 793.831963 3.379782 3.341276 16.122760
 38580.000000 -843022.750000 795.828800 3.347493 3.370178 16.340471
 38600.000000 -845266.812500 793.931763 3.439425 3.500187 16.521052
 38620.000000 -843739.812500 796.791500 3.348781 3.585397 16.711762
 38640.000000 -844527.562500 793.823397 3.131252 3.820342 16.633949
 38660.000000 -845023.125000 794.492815 3.400754 3.488709 16.583362
 38680.000000 -842795.000000 793.079243 3.047289 3.676050 16.484902
 38700.000000 -843449.562500 795.786490 3.337893 3.544201 16.588301
 38720.000000 -845543.625000 796.313630 3.337821 3.182523 16.293373
 38740.000000 -842158.875000 795.075318 3.390850 3.455994 16.355142
 38760.000000 -841545.187500 796.863490 3.119915 3.265529 16.562426
 38780.000000 -846225.375000 792.496630 3.103602 3.231077 16.684543
 38800.000000 -842716.312500 794.035190 3.146346 3.365021 16.654082
 38820.000000 -844674.437500 796.861014 3.220399 3.583248 16.256300
 38840.000000 -844041.375000 794.534044 3.348932 3.268368 16.410186
 38860.000000 -842823.625000 792.311588 3.442374 3.432832 16.510929
 38880.000000 -843313.187500 795.860615 3.390196 3.116349 16.399677
 38900.000000 -845711.500000 794.242765 3.361114 3.311913 16.552967
 38920.000000 -844518.250000 794.579663 3.326678 3.296787 16.334334
 38940.000000 -842853.375000 798.705180 3.643101 3.451488 16.430898
 38960.000000 -843902.625000 794.942476 3.380762 3.326507 16.217096
 38980.000000 -844991.125000 794.124830 3.762326 3.300680 16.272931
 39000.000000 -843169.562500 795.265531 3.660733 3.363014 16.331167
 39020.000000 -844744.812500 794.972035 3.511628 3.395854 16.239421
 39040.000000 -844865.250000 794.348800 3.444767 2.997584 16.325461
 39060.000000 -842841.875000 794.705227 3.413719 3.266642 16.209984
 39080.000000 -844315.750000 794.000935 3.784531 3.287371 16.325671
 39100.000000 -844065.250000 794.276603 3.656534 3.419380 16.316025
 39120.000000 -843372.687500 793.862038 3.581128 3.276514 16.270378
 39140.000000 -844236.250000 795.476868 3.624338 3.056121 16.412523
 39160.000000 -843267.562500 793.522682 3.475397 3.688051 16.463233
 39180.000000 -845561.937500 794.981577 3.500712 3.884421 16.653896
 39200.000000 -843668.312500 794.510138 3.458124 3.594760 16.483735
 39220.000000 -843995.937500 794.763682 3.776084 3.377557 16.325506
 39240.000000 -844196.125000 793.737411 3.560749 3.306542 16.257060
 39260.000000 -844323.625000 792.154886 3.462908 3.300163 16.227775
 39280.000000 -844381.312500 794.728122 3.273655 3.409913 16.190483
 39300.000000 -846900.812500 793.651663 3.307079 3.247636 16.430333
 39320.000000 -842948.125000 794.902068 3.458979 3.351232 16.229080
 39340.000000 -845684.500000 790.771881 3.050459 3.095735 16.568998
 39360.000000 -844912.062500 797.116369 3.506633 3.291279 16.520985
 39380.000000 -846332.000000 793.212699 3.532365 3.483200 16.620932
 39400.000000 -843107.500000 795.182534 3.584973 3.362940 16.629127
 39420.000000 -843981.562500 793.405478 3.583825 3.276642 16.613353
 39440.000000 -843240.812500 797.624438 3.214737 3.334504 16.559984
 39460.000000 -844598.750000 792.967345 3.427147 3.481807 16.487284
 39480.000000 -843941.812500 795.478622 3.539804 3.597582 16.649221
 39500.000000 -845483.000000 795.393222 3.546161 3.610144 16.602138
 39520.000000 -844656.125000 793.412179 3.331942 3.340137 16.611921
 39540.000000 -844610.812500 796.073525 3.410933 3.337470 16.682246
 39560.000000 -843960.062500 796.183378 3.412327 3.811451 16.656779
 39580.000000 -846415.625000 792.743237 3.508104 3.421952 16.503282
 39600.000000 -843646.812500 794.956679 3.471129 3.225533 16.520095
 39620.000000 -844391.687500 793.055756 3.530740 3.321602 16.501774
 39640.000000 -845720.812500 793.804179 3.194435 3.380906 16.480288
 39660.000000 -845485.937500 794.184500 3.057891 3.239327 16.745945
 39680.000000 -847380.500000 794.453488 3.292747 3.351067 16.414751
 39700.000000 -844534.062500 793.494878 3.549656 3.225643 16.640826
 39720.000000 -843559.250000 794.347353 3.167007 3.353041 16.531772
 39740.000000 -843103.812500 793.754543 3.203712 3.314741 16.421065
 39760.000000 -846006.437500 791.739238 2.876337 3.347398 16.523345
 39780.000000 -843871.562500 795.576758 3.340975 3.364091 16.583834
 39800.000000 -842729.187500 795.773771 3.337282 3.486300 16.443828
 39820.000000 -844019.750000 794.823059 3.274795 3.404731 16.476894
 39840.000000 -844356.125000 793.995601 3.396041 3.393709 16.727476
 39860.000000 -843399.562500 794.067580 3.541236 3.587161 16.654897
 39880.000000 -843686.250000 796.356459 3.582004 3.439692 16.873711
 39900.000000 -844040.500000 795.491941 3.258816 3.287287 16.715969
 39920.000000 -843477.937500 793.719509 3.114341 3.384770 16.815190
 39940.000000 -847225.812500 794.119823 3.229077 3.497144 16.636644
 39960.000000 -844741.687500 794.162242 3.522085 3.508090 16.717985
 39980.000000 -844812.812500 795.576215 3.456567 3.392333 16.555584
 40000.000000 -843717.312500 797.170023 3.368542 3.331148 16.516144
 40020.000000 -845185.625000 795.769848 3.404205 3.255010 16.572451
 40040.000000 -844858.000000 793.655182 3.467251 3.557270 16.692243
 40060.000000 -843990.375000 795.144647 3.524874 3.381931 16.631331
 40080.000000 -843817.875000 793.987269 3.247861 3.598070 16.781786
 40100.000000 -842627.125000 797.262063 3.398605 3.504809 16.735448
 40120.000000 -843606.312500 797.282872 3.191630 3.112837 16.699331
 40140.000000 -844873.000000 791.483325 3.280259 3.289125 16.575978
 40160.000000 -846446.062500 791.307188 3.286884 3.497542 16.597464
 40180.000000 -843833.437500 796.024875 3.431646 3.623658 16.544495
 40200.000000 -842687.687500 794.660792 3.515486 3.331229 16.713651
 40220.000000 -843672.937500 794.916863 3.601052 3.271456 16.661537
 40240.000000 -845586.375000 793.483004 3.368162 3.232439 16.632011
 40260.000000 -843318.500000 794.763211 3.350393 3.235545 16.376864
 40280.000000 -843676.000000 794.657443 3.426141 3.351547 16.193853
 40300.000000 -844328.375000 791.472719 3.220836 3.113295 16.433492
 40320.000000 -843159.937500 795.639203 3.089802 3.484614 16.798993
 40340.000000 -843891.000000 793.966789 3.079676 3.687391 16.745992
 40360.000000 -843786.875000 793.980636 3.429757 3.600095 16.585921
 40380.000000 -845322.125000 791.799501 3.452904 3.548644 16.401395
 40400.000000 -844069.187500 793.446273 3.727807 3.357149 16.221776
 40420.000000 -844864.312500 795.430228 3.460200 3.601849 16.240308
 40440.000000 -842699.312500 796.180811 3.350837 3.230867 16.440124
 40460.000000 -844188.875000 797.284260 3.189652 3.134927 16.718672
 40480.000000 -844854.375000 796.322135 3.236770 3.455642 16.547135
 40500.000000 -844483.562500 792.656175 3.162772 3.284905 16.475046
 40520.000000 -844878.812500 793.746902 3.259178 3.455024 16.628112
 40540.000000 -846181.687500 796.546031 3.421050 3.380888 16.471661
 40560.000000 -842126.562500 796.091722 3.471284 3.298631 16.395682
 40580.000000 -844542.000000 795.368337 3.292605 3.415436 16.621375
 40600.000000 -843590.937500 794.216683 3.476475 3.596741 16.641379
 40620.000000 -844890.187500 795.253146 3.014739 3.460632 16.530094
 40640.000000 -843462.062500 794.275942 3.139957 3.364422 16.611847
 40660.000000 -845766.750000 792.799100 3.120060 3.193840 16.423465
 40680.000000 -844032.375000 793.477387 3.341363 3.380538 16.358234
 40700.000000 -844704.187500 791.271228 3.403308 3.621559 16.415447
 40720.000000 -843915.437500 794.430427 3.442418 3.633406 16.426890
 40740.000000 -844337.687500 795.619826 3.462532 3.567126 16.603220
 40760.000000 -843980.875000 795.035767 3.540588 3.373370 16.535972
 40780.000000 -844858.750000 795.514434 3.652868 3.428105 16.744816
 40800.000000 -844552.937500 794.057164 3.447626 3.426507 16.698637
 40820.000000 -845892.937500 793.221500 3.008954 3.267935 16.724282
 40840.000000 -843155.187500 794.879252 3.259863 3.409198 16.499283
 40860.000000 -844118.625000 791.567768 3.589724 3.338541 16.528239
 40880.000000 -842370.750000 796.210134 3.446542 3.291849 16.501170
 40900.000000 -847285.750000 792.380375 3.487281 3.308840 16.680208
 40920.000000 -845044.937500 795.558048 3.531344 3.591045 16.544476
 40940.000000 -845309.062500 793.063140 3.592317 3.588093 16.485378
 40960.000000 -842252.375000 796.125034 3.612598 3.352909 16.507538
 40980.000000 -844127.750000 795.124553 3.324990 3.471386 16.331979
 41000.000000 -844690.500000 791.444831 3.611851 3.502500 16.495197
 41020.000000 -844854.187500 790.380490 3.385687 3.371169 16.617579
 41040.000000 -844925.750000 791.825631 3.615368 3.310675 16.697748
 41060.000000 -844099.562500 792.978764 3.451839 3.332095 16.947665
 41080.000000 -843991.687500 794.659869 3.233352 3.548981 16.911799
 41100.000000 -845073.437500 792.830021 3.375786 3.469045 16.704983
 41120.000000 -845702.500000 792.353927 3.385063 3.670449 16.674425
 41140.000000 -845723.875000 791.834825 3.327393 3.459367 16.295226
 41160.000000 -845782.875000 794.136203 3.398956 3.259204 16.385785
 41180.000000 -844756.562500 794.819417 3.498373 3.209956 16.620885
 41200.000000 -844357.687500 792.590078 3.652596 3.620326 16.459286
 41220.000000 -843883.125000 795.970322 3.564970 3.514359 16.661276
 41240.000000 -843671.375000 793.881674 3.487632 3.257790 16.658743
 41260.000000 -842688.375000 795.102723 3.393467 3.226818 16.601215
 41280.000000 -846241.187500 794.823753 3.387170 3.540192 16.508729
 41300.000000 -843908.500000 792.353449 3.240654 3.453417 16.220803
 41320.000000 -845090.750000 794.893565 3.398436 3.630667 16.341626
 41340.000000 -843919.812500 797.458877 3.652572 3.586432 16.432965
 41360.000000 -845135.812500 793.650291 3.509947 3.562520 16.484767
 41380.000000 -844663.375000 790.705422 3.596203 3.500014 16.404671
 41400.000000 -842933.812500 795.366559 3.319699 3.389807 16.489382
 41420.000000 -845302.625000 793.455540 3.183638 3.313894 16.648916
 41440.000000 -844266.812500 796.665175 3.107193 3.417317 16.566715
 41460.000000 -845163.062500 794.219982 3.409307 3.440845 16.401630
 41480.000000 -846095.500000 793.572302 3.177692 3.499130 16.392286
 41500.000000 -844092.750000 794.620436 3.374455 3.364688 16.574962
 41520.000000 -843925.062500 794.226753 3.313989 3.555098 16.395109
 41540.000000 -842981.875000 794.344881 3.246382 3.476765 16.477562
 41560.000000 -844698.687500 791.369428 3.549777 3.390540 16.527467
 41580.000000 -844165.250000 793.776937 3.448750 3.398461 16.616448
 41600.000000 -846826.312500 793.302930 3.763056 3.448418 16.687742
 41620.000000 -846458.062500 794.455878 3.490141 3.367397 16.754410
 41640.000000 -843633.687500 797.641665 3.649905 3.331512 16.722278
 41660.000000 -844391.625000 794.490631 3.370746 3.379707 16.741261
 41680.000000 -843542.312500 794.975510 3.639599 3.419169 16.268748
 41700.000000 -843799.750000 795.889928 3.622548 3.240648 16.626349
 41720.000000 -843913.125000 792.740410 3.487705 3.417592 16.358179
 41740.000000 -843045.937500 797.122412 3.614128 3.240415 16.327859
 41760.000000 -842952.625000 793.320017 3.215659 3.181589 16.329576
 41780.000000 -843691.437500 793.348891 3.178650 3.348597 16.393754
 41800.000000 -844146.000000 796.950710 3.388319 3.585581 16.269198
 41820.000000 -844802.375000 796.155136 3.304647 3.421963 16.403574
 41840.000000 -843847.562500 796.548232 3.557850 3.594331 16.489862
 41860.000000 -843273.062500 797.486827 3.637298 3.627582 16.715061
 41880.000000 -843817.125000 796.869063 3.595803 3.502330 16.802522
 41900.000000 -846209.875000 793.677861 3.455697 3.240624 16.591879
 41920.000000 -844366.500000 795.849033 3.523302 3.381724 16.519762
 41940.000000 -844163.812500 793.571657 3.735879 3.345082 16.354178
 41960.000000 -845081.687500 791.312737 3.480872 3.685553 16.492633
 41980.000000 -845416.375000 793.599612 3.542367 3.643626 16.396396
 42000.000000 -844852.312500 795.237200 3.513500 3.614231 16.526257
 42020.000000 -846158.187500 790.819499 3.217026 3.210459 16.669791
 42040.000000 -844596.437500 796.607165 3.136576 3.376420 16.661637
 42060.000000 -844058.687500 793.481615 3.362120 3.281704 16.381154
 42080.000000 -845852.562500 792.750154 3.387146 3.214060 16.025478
 42100.000000 -844225.562500 792.526890 3.542982 3.237905 16.342439
 42120.000000 -844723.062500 796.554409 3.408436 3.052250 16.304841
 42140.000000 -844627.937500 794.276242 3.302154 3.321140 16.308547
 42160.000000 -844194.062500 795.887346 3.549362 3.508200 16.453352
 42180.000000 -843001.125000 793.949184 3.499168 3.476872 16.503229
 42200.000000 -846094.125000 794.188189 3.222644 3.386268 16.564024
 42220.000000 -844972.937500 793.032445 3.443142 3.521745 16.330013
 42240.000000 -846597.812500 791.672712 3.154216 3.449744 16.712483
 42260.000000 -844828.687500 793.779301 3.472394 3.172766 16.596875
 42280.000000 -843859.875000 795.940055 3.354131 3.363040 16.348419
 42300.000000 -842438.812500 796.898227 3.330088 3.524881 16.469664
 42320.000000 -844621.000000 793.975835 3.400095 3.286952 16.457952
 42340.000000 -843988.375000 794.232467 3.287890 3.471687 16.459846
 42360.000000 -845794.562500 793.896031 3.195375 3.463826 16.381849
 42380.000000 -844346.000000 793.325541 3.450842 3.455825 16.432213
 42400.000000 -844221.937500 796.595290 3.437604 3.367937 16.182674
 42420.000000 -845354.937500 793.175576 3.514729 3.541223 16.215112
 42440.000000 -843677.375000 793.189541 3.454530 3.539814 16.307042
 42460.000000 -845730.500000 794.629081 3.395571 3.799229 16.294328
 42480.000000 -844060.562500 794.280744 3.418708 3.624491 16.330473
 42500.000000 -843771.437500 795.069727 3.583724 3.404878 16.545745
 42520.000000 -843797.187500 793.156185 3.394959 3.288332 16.668857
 42540.000000 -843711.875000 795.152927 3.503542 3.471225 16.690196
 42560.000000 -844509.687500 793.519569 3.571227 3.581134 16.804111
 42580.000000 -845414.250000 792.711828 3.358152 3.432136 16.481372
 42600.000000 -843813.000000 792.775957 3.243595 3.313868 16.653210
 42620.000000 -846163.312500 793.560793 3.251437 3.262942 16.430418
 42640.000000 -844830.437500 794.018254 3.428451 3.260021 16.460955
 42660.000000 -846693.125000 793.445524 3.332132 3.344917 16.705497
 42680.000000 -845475.062500 794.900651 3.439250 3.436592 16.720165
 42700.000000 -843869.312500 794.879978 3.223939 3.388881 16.597815
 42720.000000 -844782.687500 795.017213 3.090675 3.462540 16.637069
 42740.000000 -844633.250000 793.834686 3.290274 3.677769 16.454401
 42760.000000 -843861.375000 791.488916 3.257611 3.492295 16.549962
 42780.000000 -844449.062500 792.926100 3.398678 3.301338 16.424013
 42800.000000 -845282.750000 793.338576 3.645266 3.620017 16.327367
 42820.000000 -845458.687500 792.127095 3.391117 3.570949 16.308328
 42840.000000 -842951.687500 794.570779 3.445159 3.364938 16.412694
 42860.000000 -843839.062500 794.735355 3.469547 3.220980 16.429002
 42880.000000 -843452.812500 796.002083 3.694137 3.048904 16.317227
 42900.000000 -844296.125000 791.927584 3.462318 2.879821 16.592166
 42920.000000 -842807.500000 797.520091 3.627476 3.289088 16.706655
 42940.000000 -844267.062500 793.283891 3.367281 3.329873 16.294697
 42960.000000 -842583.375000 795.426210 3.251269 3.413090 16.408002
 42980.000000 -845009.000000 792.975269 3.279350 3.389612 16.415368
 43000.000000 -845157.312500 795.884387 3.279175 3.613950 16.720169
 43020.000000 -844571.875000 791.749438 3.206077 3.471542 16.646410
 43040.000000 -844157.312500 795.289577 3.400474 3.244098 16.538031
 43060.000000 -843947.187500 794.130044 3.469033 3.409246 16.290306
 43080.000000 -844297.562500 794.321244 3.378694 3.297942 16.477148
 43100.000000 -842465.562500 796.249765 3.176921 3.210300 16.277061
 43120.000000 -843490.750000 791.513641 3.281489 3.361073 16.303394
 43140.000000 -845321.250000 797.636965 3.452382 3.349300 16.484430
 43160.000000 -845267.625000 793.804101 3.172228 3.214870 16.510886
 43180.000000 -844306.687500 794.178611 3.370786 3.154625 16.634512
 43200.000000 -845557.812500 795.978814 3.202197 3.412575 16.836208
 43220.000000 -844061.375000 794.563834 3.490614 3.379443 16.766636
 43240.000000 -845279.687500 791.996815 3.543891 3.384605 16.632939
 43260.000000 -845390.375000 794.402970 3.578928 3.352261 16.718283
 43280.000000 -845412.875000 791.581461 3.255631 3.275520 16.577221
 43300.000000 -844860.125000 794.306685 3.306008 3.640160 16.522526
 43320.000000 -843713.187500 793.640347 3.416467 3.580992 16.439762
 43340.000000 -846055.562500 791.222054 3.387739 3.406827 16.402183
 43360.000000 -844944.000000 794.187155 3.565027 3.408557 16.283251
 43380.000000 -844223.250000 795.770468 3.593490 3.536122 16.193299
 43400.000000 -844392.250000 792.949841 3.721555 3.611457 16.325673
 43420.000000 -843145.812500 795.667080 3.204218 3.381003 16.235911
 43440.000000 -845415.000000 796.852628 3.329665 3.172282 16.196418
 43460.000000 -844542.500000 793.996836 3.411559 3.210035 16.168778
 43480.000000 -845677.625000 795.803754 3.300338 3.443426 16.343809
 43500.000000 -846220.187500 792.208963 3.213923 3.265487 16.406178
 43520.000000 -844518.937500 792.343632 3.174407 3.242529 16.691572
 43540.000000 -844507.937500 794.477906 3.175733 3.581893 16.494313
 43560.000000 -843194.437500 793.975164 3.116409 3.521141 16.383209
 43580.000000 -844676.250000 793.406848 3.205574 3.555075 16.403932
 43600.000000 -844984.000000 792.904494 3.477186 3.260140 16.454233
 43620.000000 -844332.187500 795.222212 3.416444 3.080077 16.689560
 43640.000000 -845276.250000 792.291878 3.400437 3.121457 16.482413
 43660.000000 -846343.375000 791.716926 3.336139 3.521314 16.674125
 43680.000000 -845483.500000 794.568976 3.671964 3.458180 16.310356
 43700.000000 -844377.125000 791.896839 3.675974 3.321198 16.402599
 43720.000000 -844870.812500 792.831807 3.435008 3.382908 16.719530
 43740.000000 -846069.937500 792.212954 3.371097 3.432513 16.472825
 43760.000000 -843697.187500 793.547067 3.311890 3.489326 16.319413
 43780.000000 -842504.437500 793.907831 3.164721 3.361568 16.564090
 43800.000000 -844690.375000 794.557296 3.116614 3.524998 16.807206
 43820.000000 -844524.875000 792.506630 3.487839 3.383615 16.803255
 43840.000000 -843324.500000 794.009023 3.443319 3.349725 16.789069
 43860.000000 -844453.812500 792.629539 3.171443 3.625351 16.554986
 43880.000000 -847146.250000 793.535924 3.272270 3.466760 16.522711
 43900.000000 -845575.187500 794.616188 3.410990 3.193190 16.592011
 43920.000000 -847417.812500 791.577019 3.501186 3.293495 16.395808
 43940.000000 -847955.125000 792.056309 3.515418 3.408761 16.348535
 43960.000000 -843777.625000 792.897743 3.669415 3.504565 16.112732
 43980.000000 -845669.687500 795.461768 3.419396 3.389769 16.136080
 44000.000000 -846462.812500 792.753739 3.192592 3.185679 16.402498
 44020.000000 -844674.687500 795.391328 3.361576 3.343029 16.516533
 44040.000000 -845284.625000 796.758570 3.093124 3.204147 16.225498
 44060.000000 -845318.875000 792.193430 3.239378 3.551494 16.396904
 44080.000000 -844590.062500 796.772131 3.185708 3.570472 16.487049
 44100.000000 -845261.562500 795.336165 3.270218 3.277207 16.596059
 44120.000000 -845949.500000 792.360315 3.470496 3.403685 16.547972
 44140.000000 -844980.687500 793.559638 3.529655 3.464913 16.648452
 44160.000000 -845728.437500 793.036955 3.444912 3.422455 16.719991
 44180.000000 -844973.937500 793.687970 3.521463 3.298327 16.574222
 44200.000000 -845079.312500 795.463838 3.185964 3.374330 16.350050
 44220.000000 -844992.375000 794.549977 3.399477 3.312299 16.838566
 44240.000000 -846466.187500 793.309745 3.184102 3.234719 16.603234
 44260.000000 -845114.750000 792.168582 3.251096 3.451215 16.594952
 44280.000000 -845648.437500 792.155590 3.352301 3.350402 16.576970
 44300.000000 -845626.875000 794.073008 3.573070 3.629552 16.480849
 44320.000000 -845234.312500 793.391337 3.582156 3.439684 16.351662
 44340.000000 -845086.125000 795.088675 3.446263 3.520416 16.462683
 44360.000000 -844032.062500 794.630022 3.461875 3.405046 16.244032
 44380.000000 -845544.500000 793.521367 3.425818 3.261235 16.383361
 44400.000000 -844491.000000 794.537998 3.382258 3.217011 16.338900
 44420.000000 -843484.000000 794.873987 3.324234 3.329055 16.538903
 44440.000000 -844726.000000 793.886024 3.484437 3.415183 16.678959
 44460.000000 -844981.000000 792.769801 3.407200 3.247910 16.877382
 44480.000000 -844401.812500 793.513210 3.453831 3.284788 16.713498
 44500.000000 -844329.500000 792.823413 3.455834 3.416389 16.403889
 44520.000000 -843397.937500 795.900524 3.266273 3.484486 16.503649
 44540.000000 -844952.687500 795.767369 3.280470 3.405956 16.558706
 44560.000000 -844483.062500 794.938097 3.155131 3.419688 16.401450
 44580.000000 -844872.125000 794.815606 3.258977 3.315433 16.407699
 44600.000000 -844007.625000 793.757605 3.143905 3.411355 16.437953
 44620.000000 -844952.375000 795.907681 3.218769 3.345732 16.578920
 44640.000000 -845172.750000 795.127848 3.336057 3.511171 16.618781
 44660.000000 -845398.187500 794.849037 3.607702 3.407420 16.421489
 44680.000000 -845477.500000 795.432593 3.369978 3.331253 16.444362
 44700.000000 -844227.437500 795.384064 3.408616 3.076855 16.484951
 44720.000000 -842166.812500 794.408354 3.488014 3.134529 16.708402
 44740.000000 -841959.312500 797.367472 3.359873 3.152607 16.791846
 44760.000000 -844122.437500 793.489486 3.552125 3.373272 16.565966
 44780.000000 -844034.187500 794.118605 3.488228 3.405581 16.455312
 44800.000000 -845133.062500 793.114650 3.451428 3.280599 16.548372
 44820.000000 -847038.687500 792.295471 3.465025 3.364341 16.385223
 44840.000000 -845000.375000 792.476250 3.388961 3.537276 16.399230
 44860.000000 -843227.312500 794.862088 3.146947 3.431775 16.685374
 44880.000000 -845075.500000 794.487906 3.300693 3.387607 16.573160
 44900.000000 -845195.375000 792.676403 3.224033 3.524569 16.618879
 44920.000000 -846120.250000 793.237184 3.133311 3.315736 16.531983
 44940.000000 -845332.437500 795.129394 3.316579 3.359705 16.555544
 44960.000000 -846460.375000 793.103394 3.310891 3.295354 16.730123
 44980.000000 -842751.000000 795.993957 3.572244 3.288034 16.462782
 45000.000000 -843672.875000 797.890100 3.414284 3.282098 16.243034
 45020.000000 -844014.562500 796.844745 3.589931 3.292971 16.592721
 45040.000000 -843660.750000 792.843807 3.753259 3.221479 16.578222
 45060.000000 -842957.187500 795.843680 3.352765 3.450961 16.434242
 45080.000000 -841648.125000 795.149751 3.305944 3.478771 16.376744
 45100.000000 -844921.187500 793.293872 3.425058 3.355026 16.702089
 45120.000000 -842793.687500 795.879181 3.513403 3.343231 16.808753
 45140.000000 -845289.437500 793.032413 3.509188 3.060074 16.509537
 45160.000000 -844827.562500 793.293955 3.151600 3.350066 16.454936
 45180.000000 -844594.062500 796.110340 3.117303 3.300763 16.396611
 45200.000000 -846143.500000 794.168884 3.448505 3.364129 16.458097
 45220.000000 -845168.062500 794.651010 3.371258 3.716950 16.407749
 45240.000000 -845148.062500 794.706097 3.315413 3.711951 16.482052
 45260.000000 -842991.562500 793.218598 3.241149 3.324461 16.448903
 45280.000000 -843169.500000 793.958486 3.340881 3.249729 16.536612
 45300.000000 -844420.750000 793.782076 3.341940 3.187525 16.570332
 45320.000000 -845754.312500 792.151520 3.368052 3.224771 16.502746
 45340.000000 -845078.562500 791.501801 3.341393 3.576226 16.654373
 45360.000000 -845115.625000 792.411799 3.347871 3.370669 16.752276
 45380.000000 -843618.750000 793.932093 3.180238 3.447721 16.515059
 45400.000000 -843334.687500 794.784947 3.307234 3.490444 16.288024
 45420.000000 -844624.750000 793.839626 3.178714 3.250957 16.277136
 45440.000000 -843453.250000 794.655047 3.369120 3.124586 16.554245
 45460.000000 -842850.250000 794.182187 3.618875 3.203872 16.463688
 45480.000000 -845812.437500 793.424880 3.554540 3.300228 16.534616
 45500.000000 -844639.625000 795.122009 3.563241 3.270129 16.334594
 45520.000000 -846295.062500 796.023417 3.554844 3.067662 16.274247
 45540.000000 -844276.562500 794.734616 3.470482 3.276438 16.252190
 45560.000000 -844659.250000 794.648636 3.123681 3.115105 16.504981
 45580.000000 -843530.875000 796.271301 3.113835 3.048840 16.605943
 45600.000000 -844963.437500 794.242764 3.456266 2.961491 16.531375
 45620.000000 -843061.312500 791.938387 3.531358 3.238442 16.576345
 45640.000000 -844040.375000 795.517839 3.538988 3.294146 16.569746
 45660.000000 -844489.062500 794.313585 3.456359 3.454445 16.472083
 45680.000000 -843664.687500 792.863742 3.758872 3.426185 16.592213
 45700.000000 -844942.750000 793.133410 3.415033 3.491725 16.362644
 45720.000000 -845134.250000 794.887270 3.662048 3.352073 16.509640
 45740.000000 -843444.000000 793.765197 3.581041 3.404192 16.432803
 45760.000000 -842368.687500 794.153032 3.414314 3.735057 16.444464
 45780.000000 -845041.187500 792.633073 3.438521 3.418290 16.442065
 45800.000000 -844772.750000 794.007994 3.680847 3.600308 16.736879
 45820.000000 -844458.062500 792.863046 3.433799 3.608117 16.734551
 45840.000000 -845396.250000 793.021894 3.334984 3.192153 16.896045
 45860.000000 -845128.937500 792.506314 3.643247 3.492199 16.782917
 45880.000000 -843792.875000 796.735570 3.506344 3.336618 16.557655
 45900.000000 -844049.937500 795.064467 3.563052 3.416869 16.508445
 45920.000000 -845586.750000 795.528345 3.443559 3.542488 16.622376
 45940.000000 -844415.375000 792.981252 3.362087 3.343253 16.600768
 45960.000000 -842281.500000 796.060038 3.339824 3.288473 16.498656
 45980.000000 -844983.125000 794.685209 3.546184 3.287544 16.285789
 46000.000000 -843435.000000 794.193469 3.304909 3.141213 16.541009
 46020.000000 -844010.687500 795.431290 3.291779 3.130248 16.479000
 46040.000000 -846659.750000 794.178152 3.492562 3.350870 16.356664
 46060.000000 -844494.312500 795.398262 3.454272 3.301420 16.469441
 46080.000000 -842985.937500 795.248003 3.118165 3.168604 16.539269
 46100.000000 -845425.062500 793.633513 3.246929 3.097797 16.446933
 46120.000000 -845543.500000 796.230792 3.325787 3.215557 16.042528
 46140.000000 -844947.687500 794.193197 3.516447 3.126384 16.277063
 46160.000000 -844875.687500 792.967313 3.307590 3.437304 16.504300
 46180.000000 -843656.875000 797.835814 3.392691 3.444854 16.487645
 46200.000000 -843817.500000 794.142911 3.305747 3.275746 16.579241
 46220.000000 -845721.312500 793.626551 3.354085 3.313738 16.499764
 46240.000000 -844883.187500 792.613397 3.189554 3.484285 16.507359
 46260.000000 -844323.187500 794.208516 3.172163 3.488841 16.384759
 46280.000000 -844840.687500 794.116772 3.412781 3.499375 16.331284
 46300.000000 -844461.562500 791.483020 3.415215 3.390436 16.385419
 46320.000000 -844870.000000 794.111058 3.550310 3.320692 16.477900
 46340.000000 -845375.625000 794.012288 3.520166 3.156389 16.625621
 46360.000000 -844558.937500 793.566112 3.542674 3.341246 16.599399
 46380.000000 -843721.500000 796.584724 3.374226 3.417000 16.562646
 46400.000000 -843592.750000 793.089538 3.408091 3.547213 16.445726
 46420.000000 -845087.562500 794.116135 3.453556 3.377005 16.350267
 46440.000000 -843471.250000 795.590054 3.233503 3.471856 16.563895
 46460.000000 -845270.437500 794.888476 3.591107 3.559895 16.479392
 46480.000000 -845550.750000 796.364502 3.291140 3.232310 16.506487
 46500.000000 -841785.375000 795.108741 3.528220 3.294545 16.605702
 46520.000000 -844899.250000 793.308709 3.338802 3.388741 16.470555
 46540.000000 -843666.750000 792.485380 3.637964 3.479594 16.750874
 46560.000000 -842968.500000 794.423850 3.380780 3.448372 16.535769
 46580.000000 -842767.562500 797.170037 3.273721 3.073224 16.770737
 46600.000000 -843468.375000 792.771198 3.485085 3.360483 16.431857
 46620.000000 -845635.375000 794.793826 3.383561 3.370308 16.258051
 46640.000000 -843833.437500 794.996129 3.467176 3.582004 16.458203
 46660.000000 -843927.750000 793.339961 3.495988 3.637650 16.880313
 46680.000000 -844120.375000 797.009282 3.460878 3.542006 16.628891
 46700.000000 -843856.687500 795.253102 3.227809 3.584944 16.684523
 46720.000000 -845232.000000 794.298726 3.400299 3.563341 16.810210
 46740.000000 -845006.812500 793.391027 3.383826 3.184254 16.458253
 46760.000000 -844676.375000 795.091509 3.413655 3.191529 16.572427
 46780.000000 -845745.375000 793.176450 3.273118 3.240813 16.559959
 46800.000000 -844431.062500 794.913231 3.430541 3.481058 16.359422
 46820.000000 -844011.750000 795.564906 3.325361 3.173233 16.685669
 46840.000000 -844754.625000 794.445333 3.439344 3.182668 16.618556
 46860.000000 -843644.625000 795.803780 3.426100 3.214595 16.516900
 46880.000000 -843478.187500 796.099918 3.143921 3.527675 16.665909
 46900.000000 -844413.562500 791.523223 3.180044 3.325166 16.671910
 46920.000000 -843497.125000 795.623960 3.396894 3.220196 16.751411
 46940.000000 -846063.375000 794.514140 3.337258 3.323500 16.411216
 46960.000000 -846009.875000 794.122169 3.219300 3.488170 16.254853
 46980.000000 -845433.250000 794.925892 3.125024 3.504518 16.687737
 47000.000000 -844973.312500 793.867927 3.592900 3.343522 16.567373
 47020.000000 -844041.937500 793.671931 3.484577 3.151837 16.372138
 47040.000000 -845273.500000 794.403003 3.335276 3.496628 16.347599
 47060.000000 -843417.125000 796.181128 3.383676 3.500279 16.339394
 47080.000000 -843363.625000 795.206630 3.171251 3.371271 16.548708
 47100.000000 -845858.312500 792.762142 3.379176 3.073296 16.736763
 47120.000000 -846567.750000 792.208999 3.307779 3.024428 16.830696
 47140.000000 -846822.187500 791.857356 3.269082 3.316301 16.519304
 47160.000000 -844824.250000 794.364353 3.499108 3.371056 16.599901
 47180.000000 -843971.125000 793.478436 3.515632 3.338777 16.421926
 47200.000000 -845714.562500 792.144076 3.269437 3.566465 16.635910
 47220.000000 -846519.562500 794.289208 3.469520 3.426502 16.539204
 47240.000000 -846361.750000 794.006755 3.769091 3.751283 16.440118
 47260.000000 -844443.250000 794.971000 3.423455 3.518946 16.444274
 47280.000000 -843998.375000 797.084757 3.359682 3.251021 16.774632
 47300.000000 -844395.937500 795.471075 3.230119 3.259158 16.386045
 47320.000000 -844817.562500 794.077172 3.190761 3.421362 16.431930
 47340.000000 -845832.312500 794.106723 3.422484 3.483488 16.404461
 47360.000000 -844883.875000 795.746250 3.456594 3.491339 16.579369
 47380.000000 -843674.437500 796.679935 3.312800 3.416555 16.495211
 47400.000000 -843901.062500 795.088299 3.493105 3.672783 16.451537
 47420.000000 -842498.500000 794.611450 3.580580 3.774669 16.383807
 47440.000000 -844215.812500 792.943231 3.584834 3.450029 16.390961
 47460.000000 -844420.250000 795.646476 3.213705 3.443281 16.303383
 47480.000000 -844024.187500 794.744598 3.307348 3.351858 16.351825
 47500.000000 -844324.437500 795.566810 3.350966 3.137221 16.227651
 47520.000000 -845271.937500 794.748993 3.398752 3.427403 16.074532
 47540.000000 -844360.562500 794.313243 3.369267 3.354562 16.209374
 47560.000000 -844593.625000 793.714016 3.541441 3.329090 16.166437
 47580.000000 -844405.750000 794.674994 3.206884 3.339295 16.316905
 47600.000000 -844344.125000 796.182546 3.220265 3.386316 16.239441
 47620.000000 -846056.437500 795.024262 3.420888 3.430907 16.368499
 47640.000000 -844004.437500 796.548344 3.344839 3.353443 16.239602
 47660.000000 -843760.750000 796.087733 3.254314 3.166563 16.402958
 47680.000000 -842498.000000 797.542615 3.160581 3.216527 16.460069
 47700.000000 -843713.000000 794.004731 3.152523 3.323079 16.448571
 47720.000000 -844977.437500 796.632935 3.430569 3.191129 16.495805
 47740.000000 -844982.312500 795.989678 3.294121 3.463141 16.500166
 47760.000000 -843026.750000 793.892699 3.388453 3.507114 16.345384
 47780.000000 -844307.250000 794.186809 3.459777 3.308119 16.416519
 47800.000000 -843872.312500 795.174937 3.446114 3.248997 16.316958
 47820.000000 -844872.812500 793.784103 3.506786 3.320175 16.446544
 47840.000000 -844166.562500 794.837337 3.320712 3.517896 16.680992
 47860.000000 -843965.187500 795.483003 3.383150 3.404981 16.878137
 47880.000000 -843910.250000 794.705477 3.586890 3.379598 16.618316
 47900.000000 -845196.562500 792.604372 3.466348 3.192564 16.464075
 47920.000000 -843749.875000 792.695937 3.545153 3.189379 16.536521
 47940.000000 -844634.437500 794.371204 3.277023 3.347766 16.561385
 47960.000000 -845222.125000 795.427175 3.336496 3.580053 16.738702
 47980.000000 -845646.375000 794.910328 3.248417 3.524017 16.603285
 48000.000000 -843777.250000 794.594593 3.259937 3.574411 16.548071
 48020.000000 -843893.937500 793.860380 3.756706 3.735857 16.593758
 48040.000000 -843141.937500 793.986696 3.508109 3.588503 16.509986
 48060.000000 -842676.000000 794.467456 3.486868 3.384051 16.699210
 48080.000000 -843743.312500 797.849947 3.567494 3.354259 16.715466
 48100.000000 -845532.250000 795.795190 3.270138 3.394932 16.468987
 48120.000000 -843429.187500 795.103077 3.001185 3.717000 16.404547
 48140.000000 -844888.062500 794.914799 3.418880 3.415846 16.635241
 48160.000000 -844632.625000 793.603589 3.395695 3.673109 16.290001
 48180.000000 -844128.000000 795.472576 3.361072 3.354735 16.200306
 48200.000000 -842654.312500 796.290126 3.371761 3.296184 16.290837
 48220.000000 -844376.000000 795.136633 3.518529 3.335323 16.426123
 48240.000000 -842533.687500 795.893750 3.656763 3.438154 16.413268
 48260.000000 -842707.937500 797.256283 3.637434 3.331343 16.429179
 48280.000000 -844724.625000 793.113587 3.571709 3.447513 16.487696
 48300.000000 -842623.062500 794.056114 3.113956 3.350310 16.689788
 48320.000000 -844319.625000 795.382683 3.254490 3.333320 16.492997
 48340.000000 -847125.250000 791.583358 3.314651 3.339405 16.560661
 48360.000000 -843375.750000 797.402768 3.370885 3.382226 16.683210
 48380.000000 -844068.000000 792.665088 3.678673 3.446141 16.744131
 48400.000000 -843974.125000 795.672396 3.606978 3.671094 16.818090
 48420.000000 -844606.500000 791.247169 3.370181 3.273442 16.449114
 48440.000000 -845449.687500 792.804263 3.636516 3.444047 16.506264
 48460.000000 -845322.312500 793.065637 3.305524 3.436501 16.321045
 48480.000000 -843383.875000 792.636197 3.424918 3.222406 16.076932
 48500.000000 -845932.000000 793.358979 3.686161 3.355106 16.176555
 48520.000000 -843076.250000 794.820810 3.549490 3.528824 16.330395
 48540.000000 -844504.312500 795.980571 3.369820 3.314237 16.430217
 48560.000000 -847248.437500 792.294198 3.310066 3.537953 16.637832
 48580.000000 -843310.062500 795.410804 3.397333 3.606548 16.548444
 48600.000000 -845632.312500 790.375997 3.308856 3.553681 16.637909
 48620.000000 -845436.062500 793.119847 3.461852 3.593084 16.481051
 48640.000000 -844842.375000 794.931957 3.566050 3.374244 16.368351
 48660.000000 -845593.687500 793.549684 3.494674 3.109272 16.415628
 48680.000000 -842972.437500 794.712434 3.472969 3.299488 16.627062
 48700.000000 -845591.187500 792.118773 3.425456 3.403550 16.561092
 48720.000000 -844386.187500 795.247349 3.738232 3.412371 16.903418
 48740.000000 -845004.312500 794.573200 3.456941 3.422961 16.622065
 48760.000000 -843668.500000 795.227399 3.357645 3.372452 16.612207
 48780.000000 -843932.250000 793.824778 3.324316 3.377670 16.427796
 48800.000000 -843757.500000 792.188764 3.531596 3.477165 16.650428
 48820.000000 -844016.625000 791.357899 3.397415 3.493083 16.261792
 48840.000000 -843430.062500 795.277000 3.175972 3.406052 16.480534
 48860.000000 -844119.562500 792.287245 3.170783 3.227171 16.541186
 48880.000000 -843811.875000 793.853914 3.222098 3.342564 16.547185
 48900.000000 -845895.312500 794.686080 3.436392 3.654998 16.404540
 48920.000000 -844738.187500 794.442591 3.643113 3.747430 16.322941
 48940.000000 -843610.812500 794.216528 3.363294 3.490184 16.413719
 48960.000000 -844535.187500 795.145491 3.557985 3.418372 16.529262
 48980.000000 -844444.625000 794.902608 3.433653 3.283610 16.480055
 49000.000000 -844272.437500 794.035050 3.409855 3.484885 16.475786
 49020.000000 -844430.312500 794.576692 3.280659 3.384146 16.522740
 49040.000000 -843108.937500 795.306234 3.682807 3.375686 16.666064
 49060.000000 -843235.875000 795.060576 3.382287 3.204987 16.665967
 49080.000000 -843818.187500 794.211969 3.290872 3.265185 16.712756
 49100.000000 -843416.687500 793.896872 3.338460 3.576634 16.435167
 49120.000000 -843594.125000 795.138040 3.410833 3.568897 16.489167
 49140.000000 -846592.500000 790.205737 3.253397 3.325714 16.496942
 49160.000000 -846642.937500 793.223390 3.286539 3.105576 16.666307
 49180.000000 -845071.312500 792.558958 3.428470 3.263854 16.488639
 49200.000000 -843696.750000 794.820673 3.286467 3.125725 16.337969
 49220.000000 -843607.875000 796.146067 3.268070 3.375448 16.464496
 49240.000000 -844857.437500 792.136493 3.410923 3.343866 16.661548
 49260.000000 -843536.375000 794.638672 3.434372 3.515731 16.449256
 49280.000000 -846243.500000 793.327874 3.335430 3.485228 16.319315
 49300.000000 -843348.437500 796.758472 3.321424 3.406218 16.474826
 49320.000000 -845445.937500 792.835879 3.260453 3.772723 16.408874
 49340.000000 -845436.437500 794.797703 3.366061 3.511843 16.308369
 49360.000000 -843794.062500 793.636594 3.197045 3.553729 16.509676
 49380.000000 -843273.000000 793.046352 3.374695 3.373003 16.474397
 49400.000000 -846145.062500 792.359972 3.297791 3.464186 16.587945
 49420.000000 -845256.687500 792.382337 3.329539 3.425821 16.703984
 49440.000000 -844165.375000 793.285937 3.603087 3.470209 16.604896
 49460.000000 -843595.875000 794.382866 3.479350 3.507272 16.364916
 49480.000000 -845065.000000 792.203583 3.794843 3.636298 16.395860
 49500.000000 -844624.812500 795.962829 3.802832 3.729988 16.474308
 49520.000000 -845118.062500 794.461083 3.565548 3.171149 16.449020
 49540.000000 -845603.687500 794.133694 3.514645 3.506386 16.200585
 49560.000000 -844815.312500 794.737430 3.510054 3.604335 16.324108
 49580.000000 -843758.562500 794.759828 3.336276 3.810574 16.407580
 49600.000000 -845309.187500 792.752426 3.583408 3.654985 16.598778
 49620.000000 -845251.875000 793.610962 3.627746 3.568098 16.478980
 49640.000000 -844519.562500 796.482782 3.300922 3.426520 16.689077
 49660.000000 -845346.437500 792.706760 3.215747 3.569278 16.483196
 49680.000000 -844693.125000 794.532211 3.290215 3.511314 16.454552
 49700.000000 -844606.562500 795.988239 3.482585 3.534259 16.577342
 49720.000000 -844428.875000 794.383468 3.518892 3.323592 16.551532
 49740.000000 -844830.062500 793.289143 3.667983 3.334205 16.458214
 49760.000000 -845595.562500 793.392354 3.395627 3.372322 16.445746
 49780.000000 -844811.375000 795.243288 3.349835 3.331001 16.493719
 49800.000000 -845296.437500 795.015324 3.375447 3.565217 16.599021
 49820.000000 -844200.500000 792.293879 3.500703 3.435559 16.525348
 49840.000000 -842477.750000 794.738585 3.509923 3.732594 16.406852
 49860.000000 -842774.375000 795.246742 3.452160 3.717455 16.231274
 49880.000000 -843495.812500 793.497567 3.353594 3.494375 16.290324
 49900.000000 -844175.375000 795.635530 3.346150 3.609002 16.442271
 49920.000000 -843999.125000 793.748528 3.393201 3.371560 16.524476
 49940.000000 -842970.687500 795.828668 3.429185 3.288247 16.321486
 49960.000000 -843968.875000 793.692992 3.532071 3.419942 16.124401
 49980.000000 -842678.437500 794.955013 3.326947 3.406956 16.272205
 50000.000000 -844349.625000 797.029249 3.160396 3.401164 16.205959
 50020.000000 -845492.062500 792.743130 3.328056 3.355281 16.295009
 50040.000000 -844007.375000 791.743408 3.350214 3.542889 16.653958
 50060.000000 -842714.562500 794.104382 3.737586 3.255925 16.633542
 50080.000000 -845762.437500 793.575066 3.303440 3.330933 16.495661
 50100.000000 -845034.375000 795.915147 3.098243 3.646066 16.707463
 50120.000000 -844272.437500 795.762949 3.238887 3.600081 16.633679
 50140.000000 -845450.250000 796.145912 3.243727 3.573296 16.560281
 50160.000000 -844084.937500 796.375681 3.400916 3.485839 16.675490
 50180.000000 -843661.000000 795.210706 3.354049 3.421779 16.596412
 50200.000000 -845065.437500 795.241781 3.441870 3.575684 16.416790
 50220.000000 -844533.500000 795.130383 3.269448 3.583908 16.510022
 50240.000000 -844770.687500 794.692364 3.261346 3.479389 16.410405
 50260.000000 -842910.937500 796.637957 3.488146 3.502482 16.750584
 50280.000000 -842100.187500 796.927959 3.258657 3.274949 17.040195
 50300.000000 -842611.312500 798.867416 3.456819 3.555015 8.511176
 50320.000000 -842203.187500 799.007489 3.543698 3.612057 10.218727
 50340.000000 -841448.500000 799.669554 3.577995 3.785060 10.861554
 50360.000000 -842776.625000 797.573768 3.475358 3.610684 11.353381
 50380.000000 -842326.125000 797.512882 3.366710 3.591481 11.893665
 50400.000000 -842479.375000 795.398123 3.281730 3.642851 14.269450
 50420.000000 -847013.687500 792.912486 3.401837 3.572539 15.345222
 50440.000000 -845369.375000 792.989933 3.521101 3.546904 16.074508
 50460.000000 -844967.437500 791.655536 3.490667 3.460694 16.492630
 50480.000000 -846944.875000 792.983527 3.585498 3.370272 16.458738
 50500.000000 -846350.312500 791.586491 3.439953 3.109041 16.599885
 50520.000000 -844516.437500 794.218816 3.565881 3.344347 16.630743
 50540.000000 -843527.125000 795.127706 3.292323 3.155291 16.553824
 50560.000000 -846221.187500 794.630408 3.282833 3.206058 16.463561
 50580.000000 -842838.062500 795.081492 3.281281 3.380110 16.439493
 50600.000000 -844308.687500 795.157218 3.466876 3.247835 16.398457
 50620.000000 -842921.187500 796.876729 3.418602 3.098441 16.163778
 50640.000000 -844274.250000 795.606336 3.450132 3.461660 16.203589
 50660.000000 -843847.125000 796.428373 3.146147 3.461570 16.167946
 50680.000000 -844599.187500 794.846370 3.263818 3.392126 16.538096
 50700.000000 -845607.937500 797.101089 3.207065 3.621378 16.639746
 50720.000000 -844736.750000 793.149338 3.445945 3.391850 16.565290
 50740.000000 -845028.625000 792.939097 3.200668 3.453756 16.764008
 50760.000000 -844750.125000 791.799197 3.364502 3.614581 16.771034
 50780.000000 -846358.500000 793.270928 3.362114 3.299601 16.893624
 50800.000000 -845454.625000 794.308259 3.671559 3.127701 16.839381
 50820.000000 -844369.562500 793.172237 3.327248 3.288296 16.771061
 50840.000000 -843144.750000 795.043201 3.178954 3.196150 16.509882
 50860.000000 -844607.125000 792.383566 3.296898 3.487568 16.419855
 50880.000000 -843142.500000 794.584377 3.502978 3.473559 16.758182
 50900.000000 -844975.312500 795.882268 3.331179 3.024998 16.447203
 50920.000000 -844517.250000 792.687358 3.422590 3.216956 16.827838
 50940.000000 -844906.875000 796.093419 3.353218 3.497779 16.454999
 50960.000000 -843535.062500 793.679841 3.359437 3.465299 16.528248
 50980.000000 -846324.625000 794.189589 3.485056 3.567001 16.627921
 51000.000000 -845391.312500 791.791669 3.496805 3.329714 16.686757
 51020.000000 -844190.125000 793.756797 3.500849 3.355977 16.315941
 51040.000000 -844653.500000 793.404848 3.422892 3.285954 16.185067
 51060.000000 -846554.000000 792.994073 3.365463 3.401815 16.399265
 51080.000000 -843450.687500 797.557821 3.299670 3.526812 16.486177
 51100.000000 -843939.875000 795.054609 3.328891 3.546515 16.493423
 51120.000000 -843651.000000 796.418983 3.257000 3.323007 16.590128
 51140.000000 -844916.687500 792.701931 3.219037 3.544227 16.574933
 51160.000000 -844021.875000 797.101073 3.363265 3.148199 16.601609
 51180.000000 -843969.625000 795.793140 3.352928 3.212575 16.532052
 51200.000000 -844612.437500 793.194465 3.461450 3.256506 16.582096
 51220.000000 -845530.937500 796.876187 3.221072 3.314623 16.226399
 51240.000000 -844536.375000 792.843168 3.336667 3.267465 16.401795
 51260.000000 -845337.062500 795.705798 3.473993 3.551206 16.458082
 51280.000000 -845293.875000 794.895416 3.585489 3.529743 16.460372
 51300.000000 -846599.062500 795.132714 3.603004 3.384968 16.570083
 51320.000000 -846127.687500 793.668842 3.407662 3.391788 16.628539
 51340.000000 -844220.687500 793.141123 3.398795 3.413282 16.576585
 51360.000000 -846458.750000 791.591280 3.355119 3.493495 16.476522
 51380.000000 -843789.875000 793.903267 3.474173 3.502747 16.500926
 51400.000000 -846441.312500 795.669862 3.330760 3.208141 16.521736
 51420.000000 -844205.062500 794.974866 3.576064 3.451668 16.768508
 51440.000000 -844701.812500 795.295206 3.338160 3.534772 16.515484
 51460.000000 -844379.812500 791.852104 3.074589 3.830480 16.271549
 51480.000000 -842892.875000 795.428943 3.368330 3.597222 16.498157
 51500.000000 -844537.750000 794.219187 3.540699 3.519840 16.552303
 51520.000000 -844768.937500 793.529262 3.460780 3.463130 16.625936
 51540.000000 -845673.625000 793.764329 3.664281 3.500209 16.554798
 51560.000000 -844379.125000 792.668881 3.482796 3.206233 16.494492
 51580.000000 -845167.750000 794.899007 3.498776 3.356528 16.651750
 51600.000000 -844836.125000 794.745322 3.360792 3.411206 16.688960
 51620.000000 -846304.500000 795.118963 3.443860 3.345675 16.773835
 51640.000000 -843546.812500 796.652272 3.201746 3.453440 16.830701
 51660.000000 -843582.500000 796.459607 3.296965 3.507143 16.708354
 51680.000000 -843721.562500 793.611018 3.224635 3.140054 16.251895
 51700.000000 -844109.812500 795.608926 3.455560 3.149853 16.506857
 51720.000000 -845621.437500 795.395474 3.557229 3.167154 16.658218
 51740.000000 -844225.000000 795.356736 3.544504 3.234712 16.563758
 51760.000000 -845913.750000 794.302828 3.633344 3.282182 16.558666
 51780.000000 -844052.562500 795.187689 3.511159 3.552467 16.114125
 51800.000000 -843208.750000 795.726571 3.465959 3.441336 16.652689
 51820.000000 -843245.687500 796.712149 3.334880 3.148880 16.583884
 51840.000000 -842739.437500 794.782921 3.548297 3.251589 16.665077
 51860.000000 -844438.437500 794.367642 3.308083 3.445170 16.318065
 51880.000000 -842935.000000 796.705573 3.389597 3.640019 16.227737
 51900.000000 -843999.062500 793.095455 3.468487 3.358412 16.373529
 51920.000000 -843400.687500 793.367021 3.281880 3.456280 16.574472
 51940.000000 -844673.812500 794.694812 3.388939 3.574294 16.650804
 51960.000000 -843917.312500 795.808000 3.615375 3.417180 16.757090
 51980.000000 -844316.625000 793.114382 3.571318 3.403973 16.694883
 52000.000000 -843538.812500 793.956664 3.396433 3.654484 16.436137
 52020.000000 -845172.250000 794.754172 3.454238 3.674234 16.321478
 52040.000000 -842823.937500 796.417810 3.541617 3.830926 16.307891
 52060.000000 -844198.750000 793.014772 3.540315 3.813882 16.332332
 52080.000000 -844875.875000 797.195682 3.518177 3.408376 16.179841
 52100.000000 -843625.062500 796.519540 3.345944 3.271168 16.218220
 52120.000000 -845905.750000 794.858651 3.469972 3.554088 16.336503
 52140.000000 -845885.000000 793.500487 3.041479 3.491227 16.380501
 52160.000000 -843452.062500 795.403887 3.357572 3.466080 16.524297
 52180.000000 -844798.187500 794.913067 3.531277 3.306121 16.575459
 52200.000000 -843766.437500 794.900634 3.455905 3.583368 16.496420
 52220.000000 -845314.687500 794.462678 3.464688 3.618420 16.383003
 52240.000000 -845408.625000 793.493052 3.582740 3.471227 16.540509
 52260.000000 -843707.625000 794.268525 3.586863 3.208357 16.444414
 52280.000000 -846888.812500 795.210252 3.593864 3.153640 16.656154
 52300.000000 -844439.812500 791.599633 3.445774 3.423297 16.613535
 52320.000000 -844350.687500 793.624852 3.559735 3.374079 16.434187
 52340.000000 -843673.375000 795.394754 3.362822 3.542200 16.478739
 52360.000000 -842928.937500 796.397738 3.289721 3.484113 16.671732
 52380.000000 -844138.000000 794.088724 3.225059 3.323771 16.588434
 52400.000000 -844558.375000 793.985851 3.333264 3.513166 16.467870
 52420.000000 -844323.500000 795.272661 3.152719 3.507595 16.583594
 52440.000000 -845778.375000 793.305015 3.088411 3.357614 16.573900
 52460.000000 -844602.187500 797.008770 3.083190 3.267645 16.748805
 52480.000000 -844626.062500 794.225557 3.083212 3.091605 16.482711
 52500.000000 -842062.562500 797.678430 3.553156 3.222091 16.435690
 52520.000000 -844347.250000 795.495182 3.510637 3.471254 16.290750
 52540.000000 -844404.937500 796.092431 3.448658 3.419938 16.297414
 52560.000000 -843738.937500 795.415795 3.357038 3.373750 16.446452
 52580.000000 -844691.250000 796.409709 3.370718 3.369502 16.460011
 52600.000000 -843036.437500 793.887227 3.339826 3.344631 16.402460
 52620.000000 -842789.375000 795.977213 3.204049 3.207329 16.496929
 52640.000000 -842941.312500 795.762400 3.204375 3.269028 16.302677
 52660.000000 -843278.937500 796.154984 3.163710 3.411897 16.485912
 52680.000000 -844679.375000 794.508284 3.287856 3.405142 16.549133
 52700.000000 -843887.500000 794.640271 3.366824 3.356078 16.589554
 52720.000000 -845378.437500 793.068089 3.367925 3.320723 16.444684
 52740.000000 -844978.125000 791.580240 3.411066 3.241273 16.177221
 52760.000000 -845220.375000 791.462378 3.490793 3.524382 16.482962
 52780.000000 -843920.125000 794.298231 3.189324 3.385412 16.487915
 52800.000000 -843010.000000 796.724576 3.317518 3.263298 16.420784
 52820.000000 -843304.875000 794.374831 3.360447 3.303684 16.254168
 52840.000000 -846583.125000 792.975284 3.405061 3.541256 16.344791
 52860.000000 -843785.250000 794.105366 3.506815 3.567458 16.338383
 52880.000000 -843184.750000 794.745618 3.475323 3.809031 16.113632
 52900.000000 -844246.437500 795.388386 3.385764 3.534641 16.150253
 52920.000000 -843219.875000 797.463080 3.487485 3.627884 16.316825
 52940.000000 -844911.125000 794.766459 3.493627 3.569103 16.495707
 52960.000000 -846356.625000 793.637637 3.506950 3.390475 16.371362
 52980.000000 -845725.562500 794.143036 3.569143 3.502536 16.300054
 53000.000000 -844777.062500 794.180652 3.272217 3.542748 16.437253
 53020.000000 -846856.562500 792.889169 3.436323 3.420420 16.379540
 53040.000000 -845522.000000 795.507216 3.493600 3.399248 16.587218
 53060.000000 -845106.625000 793.820711 3.423905 3.601494 16.546996
 53080.000000 -844962.187500 796.397865 3.428867 3.631122 16.523665
 53100.000000 -844204.000000 795.798021 3.358102 3.540663 16.417368
 53120.000000 -845758.000000 796.102256 3.248525 3.177155 16.665534
 53140.000000 -845408.937500 796.073112 3.512345 3.557751 16.560931
 53160.000000 -845276.562500 794.738434 3.274599 3.387333 16.636816
 53180.000000 -845185.937500 793.892456 3.398607 3.531216 16.743305
 53200.000000 -843578.687500 793.506334 3.390699 3.532245 16.719594
 53220.000000 -845173.312500 793.049314 3.286177 3.409315 16.432661
 53240.000000 -845315.375000 797.068425 3.381990 3.255507 16.469610
 53260.000000 -845334.812500 797.427100 3.443775 3.436994 16.402422
 53280.000000 -844161.312500 797.174410 3.503212 3.306189 16.236306
 53300.000000 -843989.062500 795.199226 3.333584 3.458300 16.509914
 53320.000000 -844661.000000 795.025524 3.566304 3.580765 16.498724
 53340.000000 -844833.250000 795.361780 3.524250 3.503923 16.552259
 53360.000000 -843725.875000 797.383945 3.309685 3.565515 16.546538
 53380.000000 -843190.000000 796.979471 3.225959 3.483615 16.398054
 53400.000000 -843013.500000 794.134943 3.314951 3.595953 16.338785
 53420.000000 -844948.062500 794.856942 3.346319 3.511933 16.439931
 53440.000000 -842444.500000 796.684399 3.323159 3.376015 16.283406
 53460.000000 -842813.562500 797.434997 3.145604 3.191025 16.319785
 53480.000000 -843087.000000 794.106538 3.067348 3.344679 16.421720
 53500.000000 -845343.187500 794.289990 3.140146 3.519161 16.500606
 53520.000000 -843044.125000 796.509092 3.391989 3.539515 16.729998
 53540.000000 -844569.500000 795.256107 3.322927 3.221746 16.382627
 53560.000000 -845360.812500 792.178316 3.388883 3.430888 16.386808
 53580.000000 -843730.375000 796.081333 3.353529 3.673156 16.388320
 53600.000000 -844994.625000 794.144264 3.558753 3.572823 16.459725
 53620.000000 -844469.875000 793.946141 3.411055 3.509634 16.435179
 53640.000000 -845506.000000 793.314272 3.211002 3.467982 16.725762
 53660.000000 -845913.375000 792.051849 3.337077 3.611013 16.445304
 53680.000000 -843338.937500 793.186850 3.253450 3.599411 16.382350
 53700.000000 -845052.562500 794.492372 3.126833 3.515236 16.244704
 53720.000000 -845591.250000 792.882277 3.101563 3.242254 16.512318
 53740.000000 -841733.937500 797.688027 3.554561 3.295369 16.442455
 53760.000000 -844828.187500 793.980836 3.490824 3.262396 16.705328
 53780.000000 -845412.875000 794.752633 3.070996 3.149686 16.590396
 53800.000000 -843609.687500 794.637963 3.402782 3.118846 16.456929
 53820.000000 -845206.562500 795.661458 3.542727 3.511799 16.642520
 53840.000000 -844003.875000 795.772907 3.463060 3.363447 16.641402
 53860.000000 -842629.375000 793.632377 3.599376 3.225749 16.410525
 53880.000000 -844684.062500 795.273942 3.788891 3.296521 16.636886
 53900.000000 -843272.000000 795.870368 3.594176 3.274596 16.531884
 53920.000000 -845612.000000 792.111931 3.516853 3.285496 16.594133
 53940.000000 -845390.250000 793.248174 3.540649 3.511612 16.506623
 53960.000000 -843772.875000 793.649492 3.130790 3.621940 16.669400
 53980.000000 -845166.562500 792.347311 3.382466 3.478364 16.885117
 54000.000000 -844837.500000 793.199407 3.226287 3.524890 16.635677
 54020.000000 -844873.437500 795.625782 3.352449 3.467734 16.428862
 54040.000000 -845175.812500 795.043678 3.479721 3.292353 16.703108
 54060.000000 -847669.937500 791.675486 3.498662 3.693965 16.650660
 54080.000000 -845669.062500 791.139412 3.395152 3.561509 16.498399
 54100.000000 -844093.187500 793.790457 3.233723 3.528360 16.522131
 54120.000000 -845232.625000 793.216691 3.507192 3.403232 16.523448
 54140.000000 -846120.250000 794.695058 3.335245 3.624352 16.300448
 54160.000000 -843884.062500 794.850112 3.423600 3.301499 16.337098
 54180.000000 -845618.812500 796.327643 3.376428 3.299188 16.433489
 54200.000000 -843897.000000 791.082352 3.519834 3.576758 16.365904
 54220.000000 -845347.812500 792.668391 3.562281 3.617321 16.423085
 54240.000000 -844370.437500 794.402356 3.212386 3.440049 16.550148
 54260.000000 -845394.312500 793.169442 3.374603 3.425818 16.600292
 54280.000000 -844364.750000 794.872598 3.416814 3.401347 16.486193
 54300.000000 -844570.875000 794.944227 3.265104 3.464994 16.411553
 54320.000000 -844735.687500 795.557159 3.145523 3.497612 16.613305
 54340.000000 -844260.937500 793.952064 3.128740 3.815298 16.327656
 54360.000000 -844847.375000 797.158805 3.103491 3.401500 16.562266
 54380.000000 -843541.812500 794.635552 3.191129 3.397950 16.616449
 54400.000000 -844491.187500 796.637015 3.318779 3.502886 16.500731
 54420.000000 -842085.187500 795.303055 3.142396 3.439913 16.648411
 54440.000000 -841865.812500 796.347535 3.120927 3.489682 16.755207
 54460.000000 -844648.562500 795.598386 3.190117 3.364561 16.571420
 54480.000000 -843642.562500 795.878916 3.324552 3.358358 16.636044
 54500.000000 -843909.250000 795.661946 3.452591 2.957544 16.285630
 54520.000000 -843317.312500 795.821575 3.489393 3.234500 16.183592
 54540.000000 -844299.187500 795.210001 3.463753 3.359587 16.584880
 54560.000000 -846068.437500 790.696478 3.392999 3.127476 16.558205
 54580.000000 -845328.312500 795.500002 3.562543 3.253434 16.416629
 54600.000000 -843809.687500 794.616690 3.524390 3.224003 16.487168
 54620.000000 -845040.437500 794.883545 3.532380 3.260834 16.382456
 54640.000000 -844610.062500 795.569121 3.587103 3.373605 16.545547
 54660.000000 -843481.187500 794.968496 3.408955 3.335913 16.385753
 54680.000000 -844570.187500 795.165233 3.234223 3.516385 16.562309
 54700.000000 -844984.437500 794.964954 3.299130 3.470072 16.386393
 54720.000000 -843806.250000 797.304221 3.372517 3.280215 16.507365
 54740.000000 -844566.937500 794.957498 3.537022 3.132600 16.507260
 54760.000000 -842601.062500 794.058924 3.203249 3.465447 16.490604
 54780.000000 -842865.687500 796.251594 3.335868 3.404956 16.298178
 54800.000000 -844664.937500 795.646022 3.516318 3.500135 16.349425
 54820.000000 -844787.250000 795.581383 3.400392 3.294251 16.586011
 54840.000000 -844163.562500 794.303960 3.467258 3.282684 16.451266
 54860.000000 -847738.562500 792.223197 3.482914 3.411941 16.664303
 54880.000000 -845887.312500 793.280751 3.579111 3.523377 16.452155
 54900.000000 -845349.187500 795.068315 3.422800 3.319400 16.429754
 54920.000000 -843375.562500 792.230301 3.314243 3.408328 16.414852
 54940.000000 -843871.312500 795.159884 3.113613 3.512600 16.303037
 54960.000000 -843903.687500 793.375968 3.196593 3.404354 16.744651
 54980.000000 -842419.000000 796.413586 3.506281 3.304344 16.667849
 55000.000000 -842298.187500 797.798397 3.544336 3.436621 16.487858
 55020.000000 -843907.500000 794.793376 3.547373 3.465368 16.800889
 55040.000000 -843600.375000 794.299732 3.573987 3.362870 16.485351
 55060.000000 -845218.312500 792.307017 3.510270 3.460143 16.650197
 55080.000000 -843820.187500 794.732929 3.453467 3.581313 16.669095
 55100.000000 -844601.625000 796.224770 3.561829 3.528561 16.868429
 55120.000000 -843511.062500 794.735737 3.443100 3.528136 16.667419
 55140.000000 -843882.562500 796.858954 3.500366 3.569899 16.656629
 55160.000000 -845746.187500 794.444405 3.478163 3.489165 16.719471
 55180.000000 -843543.250000 796.201966 3.389090 3.392118 16.471288
 55200.000000 -842526.375000 795.520085 3.367094 3.488132 16.402274
 55220.000000 -844456.062500 795.398812 3.409871 3.559548 16.533863
 55240.000000 -844461.812500 791.827451 3.359095 3.299105 16.464785
 55260.000000 -843562.500000 796.172139 3.396568 3.385715 16.450433
 55280.000000 -845591.625000 792.369394 3.549831 3.534295 16.490089
 55300.000000 -843136.125000 793.210798 3.484502 3.313688 16.535344
 55320.000000 -844430.937500 792.311636 3.426239 3.162416 16.443459
 55340.000000 -845746.062500 794.828869 3.435325 3.335056 16.786798
 55360.000000 -844239.062500 793.928457 3.242771 3.693962 16.270762
 55380.000000 -843827.250000 794.942406 3.296927 3.677009 16.367470
 55400.000000 -844157.937500 794.227020 3.232397 3.394490 16.592678
 55420.000000 -843879.500000 793.151108 3.178798 3.361472 16.648136
 55440.000000 -841843.187500 798.627922 3.254771 3.240722 16.483915
 55460.000000 -845909.312500 793.683456 3.327948 3.491998 16.504004
 55480.000000 -845161.937500 794.794190 3.247896 3.490174 16.468542
 55500.000000 -844330.687500 794.842940 3.281242 3.192550 16.576791
 55520.000000 -843499.562500 796.765678 3.110456 3.310060 16.629736
 55540.000000 -844820.750000 794.399187 3.028818 3.355733 16.330959
 55560.000000 -843953.125000 794.926636 3.545398 3.580930 16.459288
 55580.000000 -846016.000000 792.854784 3.307839 3.373369 16.428086
 55600.000000 -845151.000000 795.619949 3.282577 3.495896 16.706908
 55620.000000 -843599.500000 795.526869 3.322945 3.570558 16.710522
 55640.000000 -844137.937500 793.810441 3.309174 3.670295 16.381388
 55660.000000 -844634.125000 796.222355 3.505399 3.592556 16.425911
 55680.000000 -843153.500000 794.717844 3.284118 3.640262 16.288073
 55700.000000 -845498.000000 796.455390 3.470258 3.315431 16.468610
 55720.000000 -842633.437500 795.470054 3.359363 3.438797 16.316148
 55740.000000 -845325.875000 795.281604 3.122386 3.517723 16.541153
 55760.000000 -843828.000000 794.069556 3.503601 3.598909 16.183848
 55780.000000 -845888.937500 793.379362 3.196751 3.640836 16.259308
 55800.000000 -844797.875000 791.837812 3.466644 3.658987 16.448171
 55820.000000 -844731.750000 793.809750 3.538966 3.469636 16.548603
 55840.000000 -843957.750000 795.565145 3.627112 3.394948 16.643091
 55860.000000 -843964.187500 794.716095 3.301428 3.593895 16.721227
 55880.000000 -843285.937500 793.281640 3.600466 3.394649 16.456448
 55900.000000 -845160.375000 790.930080 3.504390 3.270240 16.514194
 55920.000000 -843828.937500 794.569096 3.478030 3.250416 16.451638
 55940.000000 -843356.062500 795.236788 3.557237 3.447260 16.277601
 55960.000000 -844084.437500 795.949809 3.486176 3.531305 16.441477
 55980.000000 -844656.750000 794.191603 3.473065 3.551927 16.254416
 56000.000000 -844272.437500 794.842628 3.640767 3.379832 16.363409
 56020.000000 -845073.312500 792.964525 3.551323 3.325395 16.677890
 56040.000000 -843660.875000 793.107106 3.807718 3.392128 16.402061
 56060.000000 -845707.250000 796.317208 3.521714 3.406566 16.377268
 56080.000000 -844738.375000 795.464917 3.392688 3.469397 16.351580
 56100.000000 -844954.312500 793.806998 3.161236 3.261280 16.159815
 56120.000000 -842715.312500 798.364588 3.243495 3.225688 16.532377
 56140.000000 -842901.750000 793.026180 3.197151 3.173328 16.358022
 56160.000000 -843899.562500 794.756056 3.304287 3.636559 16.607978
 56180.000000 -844538.937500 793.199423 3.519089 3.471782 16.659143
 56200.000000 -845613.937500 792.911781 3.456550 3.489634 16.729135
 56220.000000 -845801.437500 791.908268 3.240187 3.300905 16.648016
 56240.000000 -844159.500000 793.216013 3.020258 3.172212 16.553505
 56260.000000 -845008.750000 794.313539 3.210902 3.341943 16.547134
 56280.000000 -845468.562500 791.805618 3.333490 3.502241 16.437171
 56300.000000 -844453.562500 793.617410 3.427117 3.449378 16.454752
 56320.000000 -845311.625000 794.331073 3.549307 3.424827 16.506119
 56340.000000 -845131.312500 793.607629 3.391599 3.654647 16.515435
 56360.000000 -844772.125000 794.303130 3.445110 3.599671 16.618548
 56380.000000 -845387.375000 793.883447 3.427853 3.664790 16.522277
 56400.000000 -846249.812500 792.334477 3.372182 3.520983 16.481018
 56420.000000 -845636.062500 793.112128 3.390534 3.330886 16.432360
 56440.000000 -846334.437500 795.551546 3.273903 3.222015 16.546167
 56460.000000 -843706.937500 793.251562 3.532468 3.267755 16.521593
 56480.000000 -845271.937500 794.161622 3.642498 3.238630 16.461868
 56500.000000 -843703.437500 794.646093 3.196569 3.563095 16.395167
 56520.000000 -842606.187500 797.277890 3.272507 3.379463 16.098874
 56540.000000 -845776.562500 791.903554 3.330574 3.511488 16.402619
 56560.000000 -844139.187500 793.486150 3.126989 3.643705 16.615665
 56580.000000 -844327.375000 795.156183 3.287740 3.630381 16.597553
 56600.000000 -846683.812500 793.575563 3.492784 3.549571 16.596807
 56620.000000 -843924.562500 795.396720 3.505204 3.380096 16.680370
 56640.000000 -844650.312500 791.670961 3.428533 3.528207 16.586819
 56660.000000 -843484.937500 793.627144 3.215924 3.110658 16.421630
 56680.000000 -844527.875000 794.083195 3.338086 3.097884 16.367501
 56700.000000 -845245.000000 795.897889 3.279383 3.641469 16.516905
 56720.000000 -844784.625000 795.324231 3.414618 3.635606 16.304950
 56740.000000 -844587.750000 794.277612 3.489893 3.441114 16.631603
 56760.000000 -842556.312500 797.041045 3.351622 3.504570 16.498154
 56780.000000 -844446.125000 794.729076 3.344488 3.455039 16.437988
 56800.000000 -844798.375000 793.509878 3.561043 3.627087 16.350380
 56820.000000 -845504.687500 791.883835 3.316126 3.427848 16.672773
 56840.000000 -845629.125000 794.669867 3.328771 3.536815 16.332649
 56860.000000 -843706.000000 793.423043 3.101672 3.343131 16.542227
 56880.000000 -844231.750000 793.788815 3.138616 3.191671 16.467547
 56900.000000 -844189.687500 795.538172 3.418740 3.269004 16.246417
 56920.000000 -843353.875000 795.059265 3.422453 3.425381 16.443055
 56940.000000 -843340.875000 796.377465 3.783173 3.474104 16.413672
 56960.000000 -845570.625000 795.196644 3.562723 3.448308 16.317235
 56980.000000 -845989.875000 791.430990 3.536071 3.266522 16.168389
 57000.000000 -845184.562500 792.232396 3.482096 3.331147 16.424154
 57020.000000 -843378.437500 795.756361 3.548427 3.454193 16.508823
 57040.000000 -843216.062500 793.585121 3.467761 3.554543 16.583930
 57060.000000 -843431.375000 796.604870 3.522650 3.296645 16.574449
 57080.000000 -847240.875000 792.921134 3.607756 3.265158 16.735480
 57100.000000 -845384.750000 794.374830 3.344463 3.245177 16.600139
 57120.000000 -844053.437500 794.634347 3.294383 3.225301 16.444206
 57140.000000 -844479.625000 794.698099 3.563465 3.438290 16.576467
 57160.000000 -843541.625000 796.209586 3.496559 3.556241 16.491141
 57180.000000 -845553.250000 794.157266 3.582841 3.242298 16.577711
 57200.000000 -844698.937500 792.985851 3.522725 3.057658 16.614323
 57220.000000 -843739.875000 796.230864 3.411526 3.381600 16.378092
 57240.000000 -842261.937500 794.696914 3.195569 3.446453 16.262848
 57260.000000 -843981.562500 795.211816 3.419950 3.286043 16.193640
 57280.000000 -841954.375000 797.450130 3.223926 3.241049 16.612526
 57300.000000 -843431.875000 794.488731 3.607454 3.428421 16.915777
 57320.000000 -844174.125000 791.643270 3.359318 3.478127 16.575719
 57340.000000 -844964.875000 793.056438 3.603681 3.188222 16.614286
 57360.000000 -845235.500000 794.733984 3.569279 3.499738 16.572943
 57380.000000 -844911.562500 793.784023 3.420219 3.624200 16.355962
 57400.000000 -842893.187500 796.381187 3.361866 3.565941 16.523629
 57420.000000 -844136.500000 795.345399 3.408106 3.513902 16.431617
 57440.000000 -844301.250000 796.118048 3.389932 3.587560 16.325566
 57460.000000 -843957.750000 793.385044 3.228650 3.261052 16.308530
 57480.000000 -846277.062500 791.867222 3.519199 3.282996 16.344274
 57500.000000 -843613.437500 794.695321 3.459126 3.202986 16.525278
 57520.000000 -846956.000000 789.976356 3.280081 3.223065 16.711932
 57540.000000 -843153.250000 795.726848 3.654103 3.488514 16.759523
 57560.000000 -844772.687500 793.340746 3.738823 3.142304 16.652663
 57580.000000 -846208.562500 790.776227 3.528127 3.425831 16.361123
 57600.000000 -844612.062500 793.610236 3.425149 3.489722 16.521981
 57620.000000 -845001.250000 793.012582 3.540196 3.442992 16.409317
 57640.000000 -845480.187500 792.626219 3.383300 3.393667 16.337109
 57660.000000 -845628.375000 792.027877 3.425206 3.651513 16.625485
 57680.000000 -845568.250000 794.538236 3.280876 3.570924 16.604302
 57700.000000 -846167.812500 792.251353 3.368324 3.335780 16.628836
 57720.000000 -843988.562500 793.847995 3.429244 3.423913 16.927292
 57740.000000 -845332.375000 790.834771 3.356187 3.209990 16.663865
 57760.000000 -844114.562500 792.559968 3.287006 3.395840 16.442821
 57780.000000 -846266.187500 790.630702 3.534386 3.552104 16.456367
 57800.000000 -843397.875000 794.719031 3.243750 3.319888 16.405609
 57820.000000 -844758.562500 794.561160 3.423046 3.401369 16.401476
 57840.000000 -844447.562500 794.553832 3.097610 3.459741 16.541701
 57860.000000 -845136.875000 794.700449 3.309171 3.520187 16.355720
 57880.000000 -843404.562500 796.637044 3.481376 3.629374 16.332656
 57900.000000 -843519.000000 792.872059 3.546257 3.529286 16.604273
 57920.000000 -843166.062500 796.576940 3.507166 3.120897 16.546395
 57940.000000 -843684.312500 794.400067 3.335365 3.118635 16.523113
 57960.000000 -845053.312500 795.502883 3.724289 3.370452 16.443732
 57980.000000 -843851.937500 795.217993 3.475411 3.506580 16.516788
 58000.000000 -845192.250000 793.335491 3.345311 3.396979 16.604600
 58020.000000 -845058.062500 792.084575 3.291183 3.289308 16.680798
 58040.000000 -844056.375000 796.387849 3.331741 3.233064 16.445160
 58060.000000 -843138.312500 797.148937 3.543899 3.333984 16.505806
 58080.000000 -842372.375000 794.088866 3.431085 3.456056 16.622815
 58100.000000 -845029.812500 794.069633 3.256633 3.265211 16.381012
 58120.000000 -843235.187500 792.251297 3.497462 3.533089 16.589256
 58140.000000 -844262.437500 792.030197 3.504819 3.458630 16.555723
 58160.000000 -843853.187500 792.103150 3.434384 3.317275 16.756717
 58180.000000 -844526.937500 796.846969 3.201602 3.520386 16.556536
 58200.000000 -842482.187500 793.602190 3.171905 3.155577 16.590019
 58220.000000 -845531.625000 794.179499 3.447690 3.344690 16.719829
 58240.000000 -842660.562500 795.496874 3.664590 3.481704 16.497818
 58260.000000 -843051.062500 799.193204 3.426928 3.370656 16.434565
 58280.000000 -844420.312500 795.383533 3.186362 3.311543 16.491241
 58300.000000 -844634.062500 795.472862 3.376969 3.517647 16.238250
 58320.000000 -843760.437500 796.503041 3.156355 3.473853 16.452815
 58340.000000 -842056.562500 796.738469 3.445603 3.452460 16.253797
 58360.000000 -844286.437500 795.900392 3.511109 3.332990 16.406801
 58380.000000 -843095.750000 794.970543 3.700641 3.188149 16.331042
 58400.000000 -842074.000000 800.639490 3.395616 3.521445 16.588625
 58420.000000 -842264.125000 796.260073 3.554810 3.415050 16.424347
 58440.000000 -845564.687500 794.970443 3.736222 3.429592 16.398907
 58460.000000 -846426.625000 794.126696 3.627247 3.607011 16.529586
 58480.000000 -844531.125000 795.516846 3.230240 3.808345 16.244331
 58500.000000 -843299.875000 794.574609 3.186457 3.762926 16.572151
 58520.000000 -845682.875000 793.828280 3.303089 3.448808 16.563164
 58540.000000 -846629.812500 793.559166 3.600914 3.441405 16.740984
 58560.000000 -843161.125000 796.780639 3.366277 3.228205 16.659517
 58580.000000 -845420.562500 796.784195 3.551124 2.938678 16.299650
 58600.000000 -844971.000000 794.899700 3.260572 2.956122 16.345317
 58620.000000 -843788.250000 797.105679 3.244820 3.149908 16.552302
 58640.000000 -843956.750000 796.666211 3.578813 3.179130 16.751316
 58660.000000 -843094.750000 793.323468 3.572300 3.395524 16.560717
 58680.000000 -842605.437500 793.140123 3.462998 3.479880 16.542158
 58700.000000 -843288.250000 793.432396 3.170362 3.541867 16.433471
 58720.000000 -844152.500000 795.993136 3.525108 3.330207 16.546701
 58740.000000 -844588.750000 795.167535 3.536813 3.438535 16.604968
 58760.000000 -845211.687500 793.436788 3.577769 3.120570 16.560326
 58780.000000 -843276.750000 794.858878 3.707809 3.398130 16.643440
 58800.000000 -842506.375000 795.862725 3.428162 3.080011 16.544207
 58820.000000 -843789.187500 794.934497 3.204660 3.299968 16.479675
 58840.000000 -844046.937500 790.885692 3.347482 3.384144 16.269008
 58860.000000 -844816.000000 794.649116 3.343024 3.220000 16.521859
 58880.000000 -845806.937500 797.162566 3.292110 3.314868 16.613695
 58900.000000 -844653.187500 796.724276 3.632863 3.565892 16.682482
 58920.000000 -844105.750000 792.303141 3.393761 3.250337 16.607674
 58940.000000 -843634.500000 795.071108 3.393981 3.384472 16.434060
 58960.000000 -843657.187500 794.605637 3.624204 3.442578 16.571986
 58980.000000 -844841.562500 794.886930 3.440273 3.144184 16.565756
 59000.000000 -845992.250000 795.750950 3.245122 3.256670 16.602140
 59020.000000 -845365.687500 793.308935 3.535128 3.586606 16.577083
 59040.000000 -845044.250000 794.066784 3.296459 3.553608 16.817594
 59060.000000 -845704.375000 795.046885 3.277729 3.320990 16.630200
 59080.000000 -843996.187500 795.966815 3.198132 3.400508 16.474587
 59100.000000 -843110.250000 794.417603 3.199182 3.486669 16.413503
 59120.000000 -845362.875000 794.344310 3.427137 3.372918 16.414032
 59140.000000 -844183.250000 794.092326 3.515873 3.270421 16.740639
 59160.000000 -842865.625000 795.518908 3.159228 3.420411 16.463244
 59180.000000 -842540.250000 794.851712 3.201151 3.513978 16.471861
 59200.000000 -845042.437500 791.477227 3.160473 3.463439 16.629540
 59220.000000 -845114.812500 793.883737 3.464284 3.322100 16.433576
 59240.000000 -842484.375000 796.333906 3.629493 3.327468 16.326135
 59260.000000 -843738.937500 796.795518 3.400710 3.384522 16.341481
 59280.000000 -843387.812500 795.410924 3.293397 3.463060 16.825055
 59300.000000 -843708.187500 794.049772 3.266115 3.313104 16.894804
 59320.000000 -844052.312500 794.661675 3.600583 3.399337 16.828569
 59340.000000 -843374.125000 797.302397 3.791431 3.346781 16.843506
 59360.000000 -844431.437500 792.777880 3.564995 3.413345 16.687170
 59380.000000 -844617.625000 794.179645 3.305162 3.501548 16.370498
 59400.000000 -843288.312500 795.965629 3.399024 3.223967 16.738360
 59420.000000 -843991.000000 794.965645 3.328663 3.165343 16.411606
 59440.000000 -842992.062500 794.623517 3.363186 3.434790 16.299534
 59460.000000 -843512.375000 794.105238 3.117346 3.486509 16.262497
 59480.000000 -845193.875000 793.935184 3.425676 3.620500 16.567476
 59500.000000 -842603.312500 796.267662 3.690992 3.539047 16.416658
 59520.000000 -846491.187500 795.131042 3.409527 3.411177 16.589371
 59540.000000 -842885.437500 801.629845 3.343893 3.104519 16.480582
 59560.000000 -844046.250000 799.666733 3.589809 3.352495 16.641957
 59580.000000 -844894.062500 793.417658 3.345030 3.619823 16.157609
 59600.000000 -845384.875000 793.253617 3.349862 3.295156 16.533131
 59620.000000 -844135.125000 794.844602 3.159372 3.111467 16.576376
 59640.000000 -845449.000000 793.090240 3.204152 3.135753 16.395576
 59660.000000 -845299.750000 796.809533 3.035388 3.249491 16.310291
 59680.000000 -843466.750000 796.523951 3.298141 2.932661 16.536227
 59700.000000 -846638.250000 795.360124 3.352281 3.226139 16.380674
 59720.000000 -845486.937500 795.068263 3.169412 3.342805 16.596171
 59740.000000 -845383.375000 796.133595 3.339254 3.509307 16.622215
 59760.000000 -843877.562500 796.679709 3.305429 3.522549 16.415664
 59780.000000 -844167.125000 794.754887 3.458029 3.358048 16.381413
 59800.000000 -844624.562500 794.479752 3.290352 3.284754 16.318754
 59820.000000 -842643.937500 795.266743 3.395692 3.111884 16.559194
 59840.000000 -845798.250000 790.258821 3.582454 3.332778 16.600723
 59860.000000 -846251.125000 793.262376 3.574332 3.712220 16.639258
 59880.000000 -843561.625000 795.984652 3.317386 3.469998 16.605148
 59900.000000 -845186.687500 792.724474 3.489651 3.484412 16.634320
 59920.000000 -844040.250000 793.272456 3.324529 3.601990 16.685351
 59940.000000 -843988.500000 793.528907 3.463639 3.738246 16.918730
 59960.000000 -843375.375000 794.230088 3.401569 3.480006 16.599185
 59980.000000 -843372.687500 794.197152 3.348206 3.653006 16.617112
 60000.000000 -843738.875000 795.035759 3.182124 3.521018 16.738065
 60020.000000 -844616.312500 792.278232 3.285916 3.353908 16.509074
 60040.000000 -844907.500000 791.913564 3.275823 3.472665 16.532496
 60060.000000 -845143.312500 794.221108 3.538849 3.419205 16.444350
 60080.000000 -844158.062500 795.624450 3.387393 3.365989 16.695572
 60100.000000 -845712.062500 792.873038 3.359016 3.239173 16.701158
 60120.000000 -842889.875000 795.978219 3.368082 3.439646 16.535103
 60140.000000 -844311.937500 794.860573 3.571494 3.387073 16.652621
 60160.000000 -845036.187500 795.317563 3.504689 3.450391 16.567932
 60180.000000 -844465.250000 791.880716 3.487336 3.315906 16.660645
 60200.000000 -843686.937500 793.609894 3.257255 3.416009 16.428099
 60220.000000 -844551.250000 793.606107 3.641797 3.359888 16.633941
 60240.000000 -843359.000000 795.051139 3.318138 3.422598 16.548529
 60260.000000 -843992.500000 793.982646 3.292307 3.255420 16.490324
 60280.000000 -843362.187500 795.354616 3.366468 3.455924 16.487153
 60300.000000 -843540.187500 792.322925 3.230476 3.284567 16.346570
 60320.000000 -844415.562500 794.162261 3.008502 3.618842 16.629588
 60340.000000 -843856.875000 795.486091 3.399581 3.416070 16.458979
 60360.000000 -842671.437500 794.887479 3.531265 3.245801 16.225086
 60380.000000 -845493.437500 795.879298 3.373701 3.418359 16.268559
 60400.000000 -844083.750000 793.532239 3.561175 3.367560 16.478312
 60420.000000 -844230.562500 794.571458 3.591698 3.200118 16.580747
 60440.000000 -842953.312500 798.767518 3.296096 3.236390 16.531054
 60460.000000 -845138.125000 795.686837 3.190960 3.437154 16.314873
 60480.000000 -842594.250000 797.978219 3.268472 3.378890 16.425528
 60500.000000 -843368.062500 794.706104 3.594387 3.252960 16.438014
 60520.000000 -845288.187500 792.864540 3.431333 3.578814 16.728720
 60540.000000 -843573.312500 795.452763 3.415509 3.492868 16.680828
 60560.000000 -845104.250000 792.981888 3.175429 3.305379 16.765057
 60580.000000 -845235.187500 791.562519 3.174900 3.422858 16.506818
 60600.000000 -845595.625000 794.438275 3.216403 3.474511 16.291268
 60620.000000 -845022.375000 793.599098 3.475541 3.247405 16.283809
 60640.000000 -844484.125000 793.639670 3.062352 3.229885 16.572663
 60660.000000 -842396.000000 794.674070 3.213134 3.311842 16.285872
 60680.000000 -846082.500000 794.412263 3.444659 3.296515 16.584612
 60700.000000 -846147.375000 792.739056 3.355398 3.379028 16.555932
 60720.000000 -844137.625000 795.451865 3.233049 3.398501 16.441169
 60740.000000 -844772.687500 792.681200 3.251592 3.642595 16.667803
 60760.000000 -844478.562500 795.449457 3.506754 3.470559 16.691438
 60780.000000 -844509.000000 794.390165 3.298946 3.562555 16.688576
 60800.000000 -844068.562500 794.056643 3.381732 3.663322 16.439739
 60820.000000 -845564.187500 793.025114 3.339728 3.551188 16.297914
 60840.000000 -845947.937500 794.606817 3.500150 3.322365 16.595864
 60860.000000 -845138.125000 793.825039 3.486016 3.129817 16.511442
 60880.000000 -844169.000000 794.838460 3.323379 3.200041 16.390717
 60900.000000 -844887.375000 792.538861 3.598955 3.343865 16.546154
 60920.000000 -844884.125000 794.924661 3.459198 3.488642 16.424947
 60940.000000 -846517.062500 792.948814 3.190638 3.697360 16.791426
 60960.000000 -845345.375000 796.203290 3.226333 3.538607 16.622204
 60980.000000 -844787.437500 793.913884 3.354026 3.329831 16.613882
 61000.000000 -844891.750000 792.945900 3.298516 3.467484 16.539980
 61020.000000 -845346.062500 794.751215 3.373026 3.372024 16.508473
 61040.000000 -843928.562500 792.494101 3.494563 3.657944 16.383588
 61060.000000 -843951.000000 795.113084 3.357746 3.578737 16.387016
 61080.000000 -843152.375000 794.240008 3.475128 3.064102 16.163282
 61100.000000 -844810.625000 792.315317 3.194488 3.297007 16.448149
 61120.000000 -844550.875000 791.422989 3.257710 3.146549 16.563116
 61140.000000 -841784.937500 793.662905 3.310522 3.296482 16.433663
 61160.000000 -845549.812500 795.333585 3.372303 3.597491 16.452786
 61180.000000 -844884.750000 793.294563 3.399202 3.463910 16.353262
 61200.000000 -844040.812500 794.776079 3.360931 3.283136 16.618283
 61220.000000 -844554.187500 795.694696 3.493440 3.120390 16.665275
 61240.000000 -844649.187500 795.592155 3.160290 3.416342 16.397789
 61260.000000 -844507.562500 790.901115 3.377713 3.329727 16.632561
 61280.000000 -843286.125000 793.863068 3.514589 3.288284 16.293771
 61300.000000 -843579.062500 795.784528 3.319769 3.377530 16.605000
 61320.000000 -843690.562500 794.485675 3.437739 3.534683 16.754756
 61340.000000 -845774.250000 794.440910 3.365541 3.531006 16.442832
 61360.000000 -842622.375000 795.202741 3.555729 3.568623 16.384214
 61380.000000 -842742.000000 795.698191 3.582978 3.501531 16.440719
 61400.000000 -843358.562500 796.894260 3.239011 3.223600 16.505342
 61420.000000 -845677.062500 796.776079 3.199057 3.296904 16.537159
 61440.000000 -843142.312500 796.827276 3.237564 3.356371 16.567206
 61460.000000 -844602.625000 792.739784 3.099049 3.371575 16.533522
 61480.000000 -845473.187500 793.991581 3.115015 3.502606 16.409501
 61500.000000 -845506.125000 792.814477 3.348973 3.285662 16.427385
 61520.000000 -842866.000000 796.135081 3.238184 3.492404 16.301746
 61540.000000 -843397.687500 796.021388 3.333280 3.464487 16.181817
 61560.000000 -844704.250000 795.593749 3.232440 3.455882 16.334602
 61580.000000 -843668.125000 793.691847 3.338351 3.598876 16.490454
 61600.000000 -844356.125000 794.010351 3.435479 3.433964 16.437199
 61620.000000 -842018.250000 796.790099 3.498151 3.505449 16.503755
 61640.000000 -843089.312500 797.546008 3.543327 3.471776 16.609133
 61660.000000 -843955.625000 796.269630 3.478178 3.597936 16.810448
 61680.000000 -845381.375000 795.260242 3.559386 3.451395 16.576375
 61700.000000 -843423.250000 793.415121 3.643370 3.391299 16.667461
 61720.000000 -844891.000000 794.582547 3.569333 3.417975 16.373057
 61740.000000 -844933.062500 792.531060 3.545572 3.371074 16.315716
 61760.000000 -844337.062500 790.771087 3.661176 3.387149 16.294041
 61780.000000 -844861.125000 793.858698 3.719451 3.671601 16.609475
 61800.000000 -844927.625000 793.268052 3.560001 3.551238 16.401156
 61820.000000 -845661.812500 792.270261 3.232542 3.440972 16.501511
 61840.000000 -844923.312500 794.014254 3.400483 3.538960 16.557850
 61860.000000 -843795.500000 795.727652 2.912501 3.566936 16.510002
 61880.000000 -843034.750000 795.987758 3.209089 3.494804 16.316744
 61900.000000 -844336.875000 795.527223 3.466589 3.275989 16.289049
 61920.000000 -844468.625000 796.612636 3.718795 3.391851 16.228906
 61940.000000 -844158.375000 795.346110 3.616781 3.387676 16.502178
 61960.000000 -844825.375000 796.798808 3.443407 3.329241 16.694846
 61980.000000 -845683.937500 796.289343 3.168198 3.408063 16.538924
 62000.000000 -844344.437500 796.172229 3.180057 3.229418 16.327253
 62020.000000 -844465.562500 795.379928 3.360756 3.455528 16.435145
 62040.000000 -843929.000000 796.270363 3.514897 3.515803 16.305962
 62060.000000 -845140.812500 792.647928 3.262693 3.645585 16.574904
 62080.000000 -844911.500000 794.858004 3.325323 3.577894 16.728439
 62100.000000 -844956.625000 796.090050 3.464151 3.571927 16.852836
 62120.000000 -844500.562500 794.966899 3.526186 3.897479 16.512192
 62140.000000 -845631.812500 793.509876 3.336770 3.590959 16.553920
 62160.000000 -845733.000000 794.057987 3.118052 3.493381 16.631952
 62180.000000 -843797.687500 794.793981 3.677128 3.477230 16.395864
 62200.000000 -845234.750000 791.918233 3.389613 3.547259 16.302858
 62220.000000 -845338.750000 792.654656 3.248560 3.607210 16.433242
 62240.000000 -842847.937500 792.733642 3.146821 3.631085 16.370510
 62260.000000 -843945.062500 795.338878 3.348018 3.645625 16.335644
 62280.000000 -845397.500000 796.044909 3.545897 3.612690 16.384444
 62300.000000 -845603.562500 795.033656 3.608360 3.503879 16.404286
 62320.000000 -844773.000000 795.961915 3.565783 3.382683 16.271719
 62340.000000 -843002.687500 795.951838 3.320511 3.151833 16.545466
 62360.000000 -844464.500000 793.179208 3.403739 3.303815 16.377372
 62380.000000 -848446.250000 790.587788 3.201721 3.247649 16.583788
 62400.000000 -845120.125000 794.932868 3.301259 3.096278 16.672240
 62420.000000 -844208.125000 792.866078 3.442571 3.400037 16.532840
 62440.000000 -844680.812500 795.165927 3.454632 3.656903 16.518827
 62460.000000 -843204.687500 793.467943 3.494447 3.450136 16.457696
 62480.000000 -844527.000000 795.964615 3.557308 3.435701 16.399349
 62500.000000 -844924.750000 796.529981 3.440694 3.161258 16.411040
 62520.000000 -843696.312500 796.079693 3.148367 3.180684 16.059214
 62540.000000 -844819.312500 797.158783 3.200869 3.330899 16.325655
 62560.000000 -844740.812500 793.807875 3.363974 3.129968 16.378013
 62580.000000 -846394.437500 792.702444 3.422008 3.330854 16.390452
 62600.000000 -843954.562500 796.646166 3.466083 3.258107 16.349732
 62620.000000 -844574.187500 796.472930 3.379848 3.457721 16.409583
 62640.000000 -843041.750000 794.299079 3.062732 3.776450 16.451051
 62660.000000 -841847.437500 795.456408 3.243173 3.386290 16.353095
 62680.000000 -844033.687500 794.891727 3.556180 3.386736 16.536912
 62700.000000 -845063.375000 792.364506 3.440021 3.118679 16.660341
 62720.000000 -845392.437500 793.007508 3.364744 3.105476 16.555469
 62740.000000 -845442.500000 793.206218 3.456800 3.348015 16.380866
 62760.000000 -846342.375000 794.681784 3.309929 3.485815 16.478166
 62780.000000 -843939.437500 795.340992 3.490603 3.509618 16.408384
 62800.000000 -844865.500000 794.126291 3.463351 3.303339 16.439606
 62820.000000 -845531.187500 792.742900 3.167708 3.210447 16.680663
 62840.000000 -844647.812500 792.938314 3.339654 2.949920 16.595466
 62860.000000 -844416.750000 793.657639 3.476778 3.144952 16.505810
 62880.000000 -845813.500000 794.077252 3.357815 3.224894 16.599130
 62900.000000 -844807.625000 795.031954 3.303203 3.304009 16.433961
 62920.000000 -846461.812500 791.757094 3.430372 3.352250 16.528671
 62940.000000 -844195.187500 793.936073 3.414920 3.319088 16.418038
 62960.000000 -842996.062500 794.795527 3.747752 3.353809 16.682800
 62980.000000 -843265.250000 794.659961 3.674645 3.375820 16.586489
 63000.000000 -845910.312500 794.297884 3.621976 3.440649 16.663775
 63020.000000 -845826.312500 793.336886 3.527165 3.221052 16.706124
 63040.000000 -844019.875000 793.826643 3.527533 3.256460 16.883965
 63060.000000 -846521.312500 792.906671 3.846664 3.291691 16.824824
 63080.000000 -845013.250000 795.551844 3.571538 3.082917 16.361478
 63100.000000 -844251.750000 794.644144 3.424928 3.283532 16.389245
 63120.000000 -846877.062500 791.635902 3.607507 3.363371 16.395917
 63140.000000 -845008.687500 793.775916 3.466442 3.265600 16.634192
 63160.000000 -845750.812500 795.089253 3.486388 3.207879 16.563802
 63180.000000 -843751.750000 795.854166 3.423544 3.479094 16.459133
 63200.000000 -845614.812500 795.040443 3.519724 3.831476 16.459292
 63220.000000 -844197.875000 795.233616 3.571992 3.671170 16.297426
 63240.000000 -843936.687500 793.773723 3.697010 3.483138 16.546112
 63260.000000 -844326.250000 795.181905 3.491126 3.378384 16.420040
 63280.000000 -843891.125000 796.567811 3.670220 3.591206 16.408637
 63300.000000 -844457.250000 795.726081 3.434902 3.391281 16.582344
 63320.000000 -845762.750000 791.502280 3.122518 3.328475 16.700789
 63340.000000 -845209.062500 792.019070 3.332102 3.381111 16.684945
 63360.000000 -844939.937500 794.441047 3.454638 3.123470 16.691636
 63380.000000 -847026.625000 793.938881 3.327188 3.202937 16.844173
 63400.000000 -844015.812500 796.413267 3.255087 3.238421 16.607198
 63420.000000 -844528.187500 793.980691 3.231325 3.124704 16.523117
 63440.000000 -846350.687500 790.532171 3.453347 3.345063 16.447284
 63460.000000 -844446.812500 794.382711 3.435970 3.473194 16.261225
 63480.000000 -844892.750000 794.122233 3.204916 3.541111 16.316530
 63500.000000 -844535.562500 796.457118 3.443966 3.257478 16.665855
 63520.000000 -845963.375000 793.250952 3.416383 3.423460 16.351188
 63540.000000 -842991.937500 794.245634 3.389241 3.357576 16.614576
 63560.000000 -844073.000000 792.573870 3.587331 3.375864 16.809703
 63580.000000 -843516.937500 794.490456 3.515388 3.411019 16.564158
 63600.000000 -841847.375000 797.371249 3.499691 3.312565 16.481176
 63620.000000 -844866.562500 792.718701 3.501290 3.189543 16.258277
 63640.000000 -847178.187500 794.710905 3.383347 3.228235 16.498423
 63660.000000 -843565.187500 793.977596 3.503293 3.482251 16.709567
 63680.000000 -844153.125000 794.768593 3.388987 3.511466 16.371204
 63700.000000 -843754.687500 795.142461 3.417261 3.328503 16.390549
 63720.000000 -845720.375000 792.241708 3.400868 3.264023 16.345390
 63740.000000 -843826.875000 793.759368 3.442532 3.454990 16.383162
 63760.000000 -845767.500000 794.218636 3.288446 3.430128 16.531078
 63780.000000 -843171.937500 795.994964 3.269321 3.318908 16.609373
 63800.000000 -843628.000000 794.314483 3.258512 3.418144 16.662009
 63820.000000 -843174.937500 794.659001 2.910963 3.204031 16.562537
 63840.000000 -843852.812500 793.847192 3.081882 3.580967 16.368564
 63860.000000 -846169.437500 795.330413 3.313694 3.453876 16.361951
 63880.000000 -845770.062500 791.890471 3.658322 3.498728 16.516903
 63900.000000 -845375.812500 791.446508 3.627541 3.518878 16.570736
 63920.000000 -844691.312500 790.370615 3.683716 3.303715 16.491529
 63940.000000 -845241.625000 795.089244 3.487428 3.515893 16.288415
 63960.000000 -844190.500000 795.355189 3.465625 3.545082 16.455409
 63980.000000 -843415.062500 793.916909 3.521250 3.684515 16.680908
 64000.000000 -843093.687500 794.950253 3.663076 3.287400 16.564820
 64020.000000 -845690.375000 796.408376 3.616109 3.293253 16.456481
 64040.000000 -844313.312500 796.064492 3.682652 3.553302 16.670855
 64060.000000 -844493.062500 795.150504 3.508452 3.651263 16.657578
 64080.000000 -844379.125000 793.941498 3.458135 3.472794 16.654349
 64100.000000 -845083.375000 792.435928 3.483853 3.521847 16.734229
 64120.000000 -845320.125000 793.184140 3.467220 3.426440 16.508791
 64140.000000 -844908.500000 792.648950 3.190132 3.323032 16.395411
 64160.000000 -845128.312500 793.309742 3.525858 3.228695 16.511377
 64180.000000 -843394.687500 795.320976 3.109788 3.381307 16.571970
 64200.000000 -843156.187500 794.946706 3.282503 3.784514 16.471467
 64220.000000 -844996.562500 795.307305 3.547658 3.564398 16.589022
 64240.000000 -844845.062500 791.815056 3.427431 3.270451 16.551938
 64260.000000 -844145.687500 796.523191 3.406561 3.209447 16.582743
 64280.000000 -844088.000000 795.831160 3.245204 3.245637 16.628799
 64300.000000 -843807.625000 792.382635 3.272128 3.455113 16.470927
 64320.000000 -844475.875000 794.313202 3.556993 3.544596 16.463035
 64340.000000 -842830.687500 794.004658 3.578450 3.637695 16.362854
 64360.000000 -842871.312500 796.452402 3.394710 3.395373 16.322500
 64380.000000 -844316.812500 793.482420 3.169513 3.510627 16.360171
 64400.000000 -844272.437500 793.666128 3.334369 3.645734 16.341679
 64420.000000 -844161.625000 793.010768 3.399609 3.484034 16.416616
 64440.000000 -842862.375000 795.196773 3.614982 3.425263 16.561291
 64460.000000 -845870.625000 795.554564 3.475723 3.424432 16.549793
 64480.000000 -844941.375000 794.050737 3.373088 3.333710 16.689366
 64500.000000 -844096.062500 792.581648 3.400490 3.616392 16.378827
 64520.000000 -841483.625000 794.883862 3.539177 3.423240 16.330518
 64540.000000 -845270.562500 793.242634 3.322192 3.386921 16.475561
 64560.000000 -843476.187500 797.275039 3.497078 3.495769 16.608770
 64580.000000 -845349.812500 794.962181 3.494906 3.562111 16.404111
 64600.000000 -844082.625000 797.961216 3.538873 3.660226 16.354634
 64620.000000 -843449.062500 795.047446 3.620993 3.499694 16.498093
 64640.000000 -843775.500000 792.481855 3.361326 3.284266 16.801041
 64660.000000 -842220.375000 794.520011 3.216217 3.418078 16.710798
 64680.000000 -844880.000000 794.820166 3.114200 3.261231 16.500828
 64700.000000 -844194.375000 796.939036 3.604760 3.046298 16.431067
 64720.000000 -844424.625000 795.572167 3.516465 3.265388 16.691297
 64740.000000 -844114.625000 794.972100 3.239110 3.385553 16.571508
 64760.000000 -845774.187500 792.821626 3.260979 3.354074 16.539690
 64780.000000 -846207.312500 793.684031 3.343186 3.633430 16.422251
 64800.000000 -843089.500000 795.403602 3.462734 3.631129 16.520685
 64820.000000 -842850.312500 796.454775 3.307385 3.419376 16.412246
 64840.000000 -845304.125000 794.154086 3.415725 3.271231 16.427355
 64860.000000 -844747.562500 793.313374 3.409873 3.349642 16.325252
 64880.000000 -845492.812500 791.634104 3.263018 3.577583 16.596395
 64900.000000 -843812.250000 793.776864 3.396735 3.510852 16.349024
 64920.000000 -844556.875000 793.955163 3.178149 3.499134 16.474730
 64940.000000 -845259.437500 796.037400 3.271306 3.640533 16.530698
 64960.000000 -844585.500000 793.354106 3.442480 3.621143 16.484497
 64980.000000 -844467.812500 794.306203 3.480368 3.304219 16.383341
 65000.000000 -844625.312500 795.826779 3.496594 3.433385 16.298217
 65020.000000 -845445.625000 793.517659 3.457122 3.632464 16.564779
 65040.000000 -844173.437500 794.735052 3.133804 3.474688 16.266073
 65060.000000 -844323.875000 794.494069 3.369558 3.574206 16.443728
 65080.000000 -845782.187500 795.729115 3.348655 3.674313 16.542189
 65100.000000 -844515.000000 794.820973 3.391030 3.357800 16.749835
 65120.000000 -845830.312500 791.270933 3.492484 3.439830 16.509162
 65140.000000 -842921.750000 796.102946 3.366797 3.611688 16.488163
 65160.000000 -845168.000000 793.261072 3.324386 3.569474 16.438174
 65180.000000 -843625.125000 794.115330 3.279584 3.435859 16.680336
 65200.000000 -845092.812500 793.116627 3.296727 3.733648 16.522242
 65220.000000 -844566.500000 794.015317 2.994288 3.395347 16.646436
 65240.000000 -844345.812500 795.015078 3.299030 3.563948 16.587804
 65260.000000 -844605.562500 791.854903 3.497773 3.414248 16.549106
 65280.000000 -844685.750000 793.210134 3.224805 3.341945 16.486200
 65300.000000 -844173.625000 793.755768 3.433137 3.620248 16.452682
 65320.000000 -842901.812500 792.608757 3.912553 3.595613 16.369875
 65340.000000 -844554.187500 794.316183 3.560132 3.425738 16.238334
 65360.000000 -845125.187500 793.452085 3.394453 3.218786 16.473172
 65380.000000 -844796.500000 794.921828 3.308369 3.091038 16.602728
 65400.000000 -844524.250000 793.995033 3.262952 3.198426 16.515607
 65420.000000 -844883.500000 795.269890 3.168936 3.342222 16.574212
 65440.000000 -843987.875000 793.513170 3.158867 3.462566 16.392158
 65460.000000 -843980.875000 792.634739 3.158730 3.557625 16.464317
 65480.000000 -843928.750000 791.850623 3.451721 3.183859 16.424922
 65500.000000 -843826.062500 792.840970 3.580796 3.092068 16.309000
 65520.000000 -844533.625000 795.189475 3.614742 3.381446 16.579583
 65540.000000 -844197.437500 796.076782 3.430491 3.284413 16.841995
 65560.000000 -844130.000000 795.766251 3.471725 3.236888 16.836018
 65580.000000 -844304.000000 795.262568 3.343634 3.573358 16.512789
 65600.000000 -845235.562500 794.064459 3.438202 3.535784 16.542563
 65620.000000 -845465.125000 793.332946 3.678745 3.494764 16.643157
 65640.000000 -846695.437500 792.728065 3.598647 3.468496 16.462890
 65660.000000 -844622.750000 796.026871 3.182620 3.169241 16.379888
 65680.000000 -842706.937500 795.918038 3.426596 3.217335 16.339828
 65700.000000 -842273.562500 794.730488 3.317422 3.296064 16.186409
 65720.000000 -844303.000000 796.482676 3.502566 3.439209 16.536633
 65740.000000 -845057.500000 794.490336 3.552133 3.367643 16.420906
 65760.000000 -842672.125000 796.480994 3.559954 3.267076 16.565945
 65780.000000 -844615.750000 795.501021 3.419257 3.408163 16.656140
 65800.000000 -844478.187500 794.547005 3.462817 3.458308 16.948692
 65820.000000 -844367.562500 794.877121 3.612351 3.714211 16.323560
 65840.000000 -845492.375000 792.886733 3.519070 3.602695 16.215983
 65860.000000 -846077.187500 792.033846 3.522072 3.541678 16.380286
 65880.000000 -844458.312500 793.668242 3.669521 3.311377 16.515691
 65900.000000 -842678.437500 793.767522 3.666390 3.272993 16.686977
 65920.000000 -844858.062500 794.985693 3.375457 3.256319 16.671923
 65940.000000 -846050.062500 794.943482 3.386392 3.295201 16.626626
 65960.000000 -844259.125000 794.141660 3.579771 3.314602 16.429004
 65980.000000 -844248.062500 794.406436 3.469745 3.264072 16.381731
 66000.000000 -842721.187500 792.098008 3.288509 3.257868 16.505936
 66020.000000 -844708.625000 793.945219 3.401459 3.265602 16.684974
 66040.000000 -845359.437500 793.575294 3.274776 3.123251 16.416558
 66060.000000 -844355.125000 792.974943 3.614722 3.049718 16.522511
 66080.000000 -843324.125000 794.418163 3.634333 3.100975 16.567126
 66100.000000 -844459.875000 794.970531 3.458515 3.050198 16.171892
 66120.000000 -843886.375000 795.403222 3.620001 3.295131 16.337968
 66140.000000 -845593.312500 791.732672 3.507661 3.341666 16.371520
 66160.000000 -845432.062500 792.051833 3.271975 3.551029 16.201581
 66180.000000 -846767.875000 792.514135 3.445059 3.183295 16.459918
 66200.000000 -845738.062500 790.026260 3.204980 3.312763 16.438637
 66220.000000 -845574.875000 791.955782 3.314055 3.475352 16.695797
 66240.000000 -843003.437500 795.199120 3.306448 3.294126 16.799677
 66260.000000 -843451.187500 791.298055 3.367356 3.280384 16.508618
 66280.000000 -843742.312500 791.847552 3.660338 3.485233 16.669292
 66300.000000 -842663.750000 796.916812 3.443226 3.525453 16.477720
 66320.000000 -844037.750000 792.843924 3.421599 3.252081 16.719512
 66340.000000 -845476.437500 793.008547 3.247748 3.241336 16.546438
 66360.000000 -841961.000000 792.361525 3.128913 3.280880 16.544071
 66380.000000 -845090.687500 793.616482 3.229614 3.587450 16.544640
 66400.000000 -843496.062500 796.256155 3.366828 3.419472 16.439863
 66420.000000 -845570.812500 795.066490 3.252942 3.636650 16.448371
 66440.000000 -842937.625000 795.401030 3.400955 3.612496 16.355924
 66460.000000 -844440.000000 795.088636 3.405658 3.497898 16.548992
 66480.000000 -844687.125000 793.688399 3.427764 3.432052 16.560331
 66500.000000 -843696.625000 794.198675 3.486025 3.454098 16.512939
 66520.000000 -844437.375000 792.660281 3.352204 3.528265 16.623750
 66540.000000 -841475.750000 793.394870 3.189346 3.486324 16.479738
 66560.000000 -844498.250000 794.451820 3.513984 3.410254 16.488365
 66580.000000 -843905.437500 795.776945 3.378830 3.389313 16.499667
 66600.000000 -842800.687500 795.642403 3.404439 3.397993 16.399608
 66620.000000 -844354.500000 794.873773 3.518951 3.117365 16.613147
 66640.000000 -844912.000000 791.902927 3.542966 3.371314 16.465884
 66660.000000 -844554.562500 794.275591 3.461466 3.233868 16.540960
 66680.000000 -845337.562500 793.548354 3.410650 3.236565 16.538963
 66700.000000 -844493.187500 793.657386 3.418368 3.354049 16.668185
 66720.000000 -846627.312500 792.172712 3.637764 3.630211 16.450780
 66740.000000 -844368.062500 792.917013 3.510661 3.237990 16.357318
 66760.000000 -844167.250000 795.476387 3.610623 3.159885 16.499199
 66780.000000 -845031.437500 792.743585 3.480276 3.228227 16.441645
 66800.000000 -842811.062500 793.880952 3.432354 3.349397 16.501030
 66820.000000 -842920.812500 795.543936 3.355777 3.712050 16.526227
 66840.000000 -845525.437500 793.531765 3.296075 3.545823 16.554402
 66860.000000 -843772.625000 794.077575 3.558960 3.344500 16.699172
 66880.000000 -842977.562500 794.999553 3.388913 3.414566 16.482606
 66900.000000 -844730.625000 792.249324 3.338935 3.491491 16.525586
 66920.000000 -845348.562500 791.597096 3.257501 3.481791 16.604173
 66940.000000 -844819.062500 793.202815 3.183110 3.322319 16.579461
 66960.000000 -843614.375000 795.602098 3.364305 3.375116 16.523610
 66980.000000 -843606.312500 795.255127 3.294387 3.401634 16.494531
 67000.000000 -845679.750000 794.139812 3.487716 3.361592 16.525286
 67020.000000 -843775.437500 794.069503 3.686883 3.391792 16.274946
 67040.000000 -844732.937500 791.351339 3.582937 3.154274 16.383839
 67060.000000 -846011.437500 792.453103 3.350408 3.496851 16.382001
 67080.000000 -845903.750000 792.092106 3.395392 3.339946 16.352794
 67100.000000 -845256.687500 794.042743 3.494387 3.277376 16.574536
 67120.000000 -842573.312500 796.057640 3.221779 3.289522 16.673389
 67140.000000 -845692.750000 793.071412 3.349846 3.074083 16.595382
 67160.000000 -844625.750000 794.405161 3.430993 3.495575 16.301796
 67180.000000 -845317.187500 791.467969 3.390625 3.564953 16.474133
 67200.000000 -844870.687500 792.562974 3.328948 3.391342 16.533335
 67220.000000 -844872.500000 794.758531 3.380562 3.261000 16.518590
 67240.000000 -846702.937500 794.262135 3.476821 3.602365 16.533583
 67260.000000 -845828.000000 790.303487 3.481182 3.683483 16.394030
 67280.000000 -844893.187500 793.065872 3.174523 3.638853 16.471326
 67300.000000 -844001.562500 797.436618 3.337319 3.165362 16.546597
 67320.000000 -844743.250000 796.246638 3.244305 3.149089 16.203549
 67340.000000 -844357.375000 794.950259 3.351888 3.431365 16.159394
 67360.000000 -843601.250000 795.088028 3.241287 3.333699 16.371631
 67380.000000 -843422.250000 793.747800 3.223970 3.411138 16.263222
 67400.000000 -843460.062500 795.440645 3.202353 3.107329 16.448057
 67420.000000 -843833.562500 794.363496 3.468810 3.210874 16.378112
 67440.000000 -844203.125000 794.475608 3.402559 3.506783 16.694605
 67460.000000 -844942.687500 792.545097 3.485134 3.452801 16.580566
 67480.000000 -843931.125000 792.237777 3.370536 3.220094 16.688478
 67500.000000 -844190.937500 795.837490 3.395426 3.273695 16.508462
 67520.000000 -844050.812500 795.974848 3.460847 3.373905 16.434132
 67540.000000 -845076.125000 793.692101 3.469854 3.510499 16.564027
 67560.000000 -844865.062500 793.470888 3.464621 3.474294 16.438709
 67580.000000 -844754.250000 792.098485 3.317248 3.504338 16.368906
 67600.000000 -843996.000000 793.389483 3.488890 3.330132 16.550506
 67620.000000 -843738.187500 793.197572 3.547769 3.401021 16.450533
 67640.000000 -846048.437500 793.736883 3.260065 3.587495 16.395231
 67660.000000 -844245.875000 793.475015 3.023550 3.530539 16.534969
 67680.000000 -843899.562500 795.285200 3.437545 3.286444 16.542255
 67700.000000 -844166.875000 796.216828 3.427142 3.280444 16.278878
 67720.000000 -845271.562500 794.169380 3.662294 3.267704 16.523041
 67740.000000 -845708.562500 793.720866 3.572918 3.398398 16.287848
 67760.000000 -845115.937500 794.606662 3.882377 3.296333 16.420577
 67780.000000 -844606.312500 795.681298 3.457902 3.399283 16.376995
 67800.000000 -844004.437500 793.299539 3.400473 3.082776 16.757899
 67820.000000 -843497.437500 791.936857 3.370209 3.137519 16.407114
 67840.000000 -843572.750000 793.056809 3.397575 3.315769 16.270222
 67860.000000 -844474.000000 795.540586 3.368676 3.382827 16.373599
 67880.000000 -843454.187500 794.931053 3.375355 3.585114 16.454106
 67900.000000 -844427.250000 794.192201 3.452454 3.524597 16.577999
 67920.000000 -843131.000000 796.504903 3.338221 3.515949 16.386387
 67940.000000 -844861.937500 793.339142 3.284316 3.377427 16.274965
 67960.000000 -842753.375000 794.282383 3.552142 3.241431 16.123212
 67980.000000 -845404.937500 795.770482 3.448040 3.163045 16.251779
 68000.000000 -844252.875000 796.053691 3.270296 3.282148 16.274747
 68020.000000 -843966.000000 794.367282 3.078408 3.281400 16.395407
 68040.000000 -844039.875000 795.776208 3.299738 3.238354 16.357898
 68060.000000 -845393.250000 794.942479 3.270127 3.694935 16.243488
 68080.000000 -844810.625000 794.191295 3.656786 3.535274 16.207203
 68100.000000 -844650.687500 793.358567 3.510356 3.736241 16.400796
 68120.000000 -844799.187500 792.953107 3.365097 3.538245 16.336471
 68140.000000 -845278.375000 791.833759 3.320552 3.448026 16.494785
 68160.000000 -845530.312500 795.729596 3.755485 3.214420 16.378318
 68180.000000 -843836.875000 794.617251 3.674404 3.300372 16.472917
 68200.000000 -843778.375000 794.714111 3.444942 3.392368 16.368104
 68220.000000 -844664.437500 796.371317 3.493889 3.321798 16.446741
 68240.000000 -845918.187500 793.537930 3.325590 3.271493 16.237814
 68260.000000 -845836.250000 793.085000 3.371047 3.185495 16.319809
 68280.000000 -845115.250000 793.986222 3.670465 3.512503 16.570983
 68300.000000 -845773.062500 792.748836 3.301395 3.447682 16.415382
 68320.000000 -844029.562500 792.100581 3.174944 3.421943 16.615608
 68340.000000 -844588.500000 793.464839 3.451891 3.533763 16.162468
 68360.000000 -843752.187500 796.179173 3.436714 3.618868 16.348505
 68380.000000 -844259.500000 795.050302 3.199992 3.533307 16.510313
 68400.000000 -845197.562500 792.552337 3.583943 3.408511 16.610284
 68420.000000 -844707.875000 792.758109 3.279360 3.626245 16.628626
 68440.000000 -844182.125000 792.591311 3.135831 3.495499 16.747887
 68460.000000 -845957.875000 793.376635 3.062555 3.507532 16.526689
 68480.000000 -844660.875000 792.804676 3.062293 3.344772 16.547146
 68500.000000 -846757.687500 791.882594 3.559307 3.321713 16.684267
 68520.000000 -845164.437500 794.072500 3.371042 3.445640 16.648173
 68540.000000 -843695.250000 795.666296 3.437900 3.384464 16.577428
 68560.000000 -843948.000000 795.563295 3.353057 3.288954 16.612775
 68580.000000 -845102.750000 791.548315 3.253918 3.659663 16.591815
 68600.000000 -843622.500000 794.203574 3.443090 3.671501 16.569883
 68620.000000 -844552.500000 793.171160 3.289179 3.533964 16.595680
 68640.000000 -844571.937500 793.407559 3.181076 3.153176 16.631090
 68660.000000 -843417.000000 792.007284 3.592043 3.156743 16.221898
 68680.000000 -844477.250000 793.312813 3.566343 3.120697 16.391075
 68700.000000 -845254.000000 791.828597 3.320383 3.560251 16.354036
 68720.000000 -844310.187500 794.893046 3.198666 3.525036 16.310998
 68740.000000 -846155.625000 791.425152 3.049967 3.574984 16.234046
 68760.000000 -846014.687500 794.475789 3.343597 3.698806 16.458716
 68780.000000 -843638.375000 795.468531 3.436108 3.532254 16.533486
 68800.000000 -842556.812500 794.669254 3.549444 3.603879 16.302371
 68820.000000 -842589.187500 797.307111 3.488506 3.438238 16.274794
 68840.000000 -844015.437500 796.455961 3.491570 3.309922 16.289324
 68860.000000 -844033.187500 793.633133 3.384653 3.456286 16.359501
 68880.000000 -845024.687500 792.001314 3.582054 3.405978 16.559967
 68900.000000 -843693.625000 792.979769 3.532096 3.065562 16.471129
 68920.000000 -845012.937500 795.458197 3.263117 3.328861 16.422985
 68940.000000 -845036.250000 796.406481 3.338690 3.288290 16.657306
 68960.000000 -845487.062500 795.389513 3.530627 3.138173 16.449605
 68980.000000 -845398.812500 795.437181 3.590673 3.274731 16.217736
 69000.000000 -844963.187500 793.196109 3.536359 3.447541 16.368630
 69020.000000 -844583.562500 794.635287 3.522949 3.141852 16.512289
 69040.000000 -844201.812500 794.601289 3.579455 3.310478 16.524081
 69060.000000 -842682.437500 793.319759 3.493754 3.517737 16.477241
 69080.000000 -844940.187500 794.158428 3.299641 3.341099 16.319595
 69100.000000 -846832.937500 791.912884 3.241730 3.225229 16.422083
 69120.000000 -843751.250000 794.998896 3.405194 3.541730 16.535592
 69140.000000 -845323.250000 794.733564 3.574849 3.823087 16.875191
 69160.000000 -845504.062500 795.180612 3.458919 3.559023 16.735328
 69180.000000 -845872.312500 792.113888 3.486051 3.560695 16.695413
 69200.000000 -845387.000000 794.683941 3.471140 3.398831 16.616385
 69220.000000 -844791.000000 792.724201 3.329471 3.500535 16.545979
 69240.000000 -845074.125000 793.455137 3.308860 3.278968 16.670033
 69260.000000 -844100.937500 795.243402 3.668232 3.304044 16.605121
 69280.000000 -846191.625000 791.707177 3.433678 3.106689 16.443017
 69300.000000 -844797.750000 794.253632 3.459188 3.465103 16.489668
 69320.000000 -842450.375000 794.167191 3.545135 3.463375 16.283500
 69340.000000 -843471.625000 793.350007 3.496679 3.723523 16.126043
 69360.000000 -844404.687500 793.405914 3.507379 3.625595 16.620208
 69380.000000 -843004.562500 795.845480 3.477472 3.475095 16.491939
 69400.000000 -844926.437500 795.256354 3.430622 3.498695 16.374035
 69420.000000 -844386.937500 792.424577 3.452353 3.114979 16.286102
 69440.000000 -843979.875000 793.157486 3.265028 3.149818 16.169505
 69460.000000 -841883.687500 793.259023 3.136174 3.315340 16.350920
 69480.000000 -845974.125000 791.906256 3.147633 3.495477 16.646309
 69500.000000 -843164.312500 796.601669 3.429917 3.506923 16.673892
 69520.000000 -842874.437500 795.530057 3.552302 3.432179 16.769066
 69540.000000 -845367.875000 794.222776 3.493096 3.565867 16.530482
 69560.000000 -842943.437500 793.448654 3.427593 3.347323 16.390480
 69580.000000 -846284.312500 794.488020 3.481300 3.369332 16.548175
 69600.000000 -844334.312500 793.044801 3.391928 3.182314 16.718541
 69620.000000 -842996.187500 795.265784 3.426865 3.245668 16.655085
 69640.000000 -845767.312500 793.756796 3.568764 3.388057 16.465185
 69660.000000 -844203.687500 793.736680 3.380797 3.475805 16.697541
 69680.000000 -845783.000000 792.427276 3.411347 3.549424 16.570825
 69700.000000 -845954.750000 794.007583 3.444765 3.316770 16.547230
 69720.000000 -845099.250000 795.433743 3.416039 3.326827 16.758181
 69740.000000 -843882.437500 795.564736 3.541177 3.398927 16.480925
 69760.000000 -844458.937500 794.852398 3.389577 3.611919 16.339524
 69780.000000 -845655.812500 794.163893 3.288406 3.351987 16.167063
 69800.000000 -844031.125000 793.947450 3.301408 3.482000 16.477419
 69820.000000 -843019.687500 792.885911 3.459240 3.369746 16.563458
 69840.000000 -842837.187500 795.465430 3.425311 3.549819 16.685863
 69860.000000 -846392.937500 792.771791 3.366900 3.450625 16.496257
 69880.000000 -843596.062500 792.278928 3.482664 3.302389 16.612610
 69900.000000 -844185.125000 795.394754 3.624913 3.194591 16.432189
 69920.000000 -845991.125000 793.673038 3.670151 3.274219 16.420588
 69940.000000 -842735.687500 793.797598 3.788547 3.347276 16.271193
 69960.000000 -843734.625000 792.714656 3.792324 3.274033 16.473812
 69980.000000 -843071.937500 794.753479 3.448263 3.240964 16.146188
 70000.000000 -841696.687500 796.394483 3.491800 3.056368 16.472469
 70020.000000 -842909.437500 795.595206 3.361442 3.185273 16.497681
 70040.000000 -843873.687500 792.287372 2.958367 3.510234 16.502402
 70060.000000 -842362.875000 794.990673 3.057184 3.413226 16.345864
 70080.000000 -844925.000000 794.810736 3.192872 3.348775 16.282553
 70100.000000 -843382.937500 795.653545 3.448353 3.356158 16.287009
 70120.000000 -845026.062500 794.872768 3.588197 3.359174 16.256331
 70140.000000 -844875.187500 795.313889 3.558034 3.365950 16.157273
 70160.000000 -845331.187500 792.765468 3.304175 3.282033 16.401875
 70180.000000 -845646.312500 795.326738 3.156088 3.601624 16.321187
 70200.000000 -845504.812500 793.834691 3.255992 3.536243 16.285793
 70220.000000 -844086.250000 795.368398 3.408982 3.234990 16.348577
 70240.000000 -845600.000000 792.308523 3.315004 3.365912 16.545999
 70260.000000 -844916.187500 793.082872 3.535368 3.033957 16.513295
 70280.000000 -845559.375000 794.088422 3.389797 3.155510 16.044345
 70300.000000 -846065.750000 792.789301 3.424247 3.415131 16.348054
 70320.000000 -844960.187500 791.748660 3.477181 3.592751 16.435283
 70340.000000 -844950.687500 793.965792 3.290392 3.462131 16.399313
 70360.000000 -844841.250000 794.313220 3.496349 3.462673 16.582063
 70380.000000 -844297.187500 792.040123 3.585274 3.684290 16.467420
 70400.000000 -844869.875000 794.270720 3.585657 3.580264 16.354759
 70420.000000 -845456.625000 795.279791 3.568321 3.402626 16.336915
 70440.000000 -845464.250000 794.340166 3.146800 3.311647 16.564994
 70460.000000 -844360.312500 793.487709 3.212250 3.482042 16.265073
 70480.000000 -844498.062500 790.942955 3.433137 3.611544 16.722734
 70500.000000 -846238.437500 792.092125 3.613948 3.443261 16.625283
 70520.000000 -844953.875000 791.218838 3.246761 3.442933 16.516238
 70540.000000 -843413.312500 795.581478 3.388799 3.202456 16.489103
 70560.000000 -844570.875000 795.487012 3.606717 3.537781 16.559087
 70580.000000 -843532.187500 795.037696 3.624806 3.392095 16.546700
 70600.000000 -844845.625000 793.722999 3.324756 3.366534 16.683212
 70620.000000 -844818.250000 794.186771 3.489768 3.487958 16.764379
 70640.000000 -844914.125000 794.950607 3.162920 3.497234 16.500357
 70660.000000 -844139.062500 794.010344 3.377434 3.520165 16.734600
 70680.000000 -844734.437500 792.528018 3.371500 3.419681 16.375023
 70700.000000 -846071.500000 794.646096 3.060245 3.321687 16.393028
 70720.000000 -845018.375000 793.957392 3.166335 3.567891 16.489863
 70740.000000 -845825.500000 793.489094 3.472082 3.573173 16.446429
 70760.000000 -843218.812500 794.832149 3.524860 3.302633 16.178442
 70780.000000 -844484.312500 795.119300 3.412196 3.300582 16.550196
 70800.000000 -843724.625000 793.149608 3.320744 3.181770 16.406677
 70820.000000 -844609.750000 790.848655 3.455752 3.477097 16.288543
 70840.000000 -844242.312500 791.279178 3.566551 3.425663 16.531566
 70860.000000 -844761.500000 792.367039 3.777351 3.435259 16.629730
 70880.000000 -842693.375000 796.178061 3.604934 3.672861 16.436481
 70900.000000 -843377.375000 794.720767 3.325182 3.685342 16.381870
 70920.000000 -844733.125000 794.740196 3.309814 3.477531 16.384060
 70940.000000 -844409.062500 794.417933 3.214562 3.458552 16.675168
 70960.000000 -845104.125000 790.573768 3.129734 3.543854 16.584221
 70980.000000 -845607.125000 793.936694 3.324258 3.410469 16.549311
 71000.000000 -846982.812500 795.217649 3.290816 3.507139 16.537410
 71020.000000 -844080.562500 793.740412 3.312588 3.485729 16.307656
 71040.000000 -843453.375000 794.232751 3.430700 3.444902 16.304614
 71060.000000 -842991.875000 794.125117 3.225684 3.617236 16.355682
 71080.000000 -844254.062500 793.943684 3.435967 3.302388 16.340966
 71100.000000 -845055.437500 792.973657 3.127241 3.380068 16.285026
 71120.000000 -841447.125000 794.432322 3.271574 3.236224 16.344571
 71140.000000 -844111.562500 794.757220 3.333859 3.163284 16.451720
 71160.000000 -844140.937500 792.990059 3.332869 3.046677 16.214216
 71180.000000 -842981.062500 792.877989 3.301324 3.279258 16.340442
 71200.000000 -845219.812500 793.844749 3.151173 3.551078 16.510064
 71220.000000 -843757.062500 794.310544 3.189380 3.544376 16.472901
 71240.000000 -844525.187500 793.581619 3.229995 3.464460 16.523521
 71260.000000 -845458.812500 792.332679 3.469910 3.422684 16.565256
 71280.000000 -846199.187500 792.682926 3.574589 3.478872 16.540713
 71300.000000 -846083.187500 794.522238 3.612001 3.379993 16.406907
 71320.000000 -844612.437500 795.348085 3.412733 3.458397 16.624777
 71340.000000 -845955.687500 794.758263 3.435655 3.355413 16.734523
 71360.000000 -845772.250000 792.948985 3.331708 3.486880 16.419230
 71380.000000 -843060.625000 794.266815 3.442005 3.218867 16.167305
 71400.000000 -844662.750000 793.513195 3.457317 3.641305 16.558362
 71420.000000 -843793.000000 794.665893 3.571717 3.247134 16.595683
 71440.000000 -842240.687500 797.411930 3.329657 3.270836 16.456438
 71460.000000 -844203.562500 794.946843 3.419394 3.387406 16.615035
 71480.000000 -845235.000000 794.454223 3.202913 3.296438 16.562473
 71500.000000 -843536.375000 793.687785 3.385562 3.522290 16.772950
 71520.000000 -844507.250000 795.004193 3.362921 3.473374 16.785515
 71540.000000 -843593.437500 793.949534 3.292446 3.468805 16.414951
 71560.000000 -845840.437500 793.568925 3.288992 3.691083 16.505586
 71580.000000 -844092.562500 792.357412 3.381556 3.587010 16.488469
 71600.000000 -846204.625000 794.617868 3.699845 3.724180 16.431803
 71620.000000 -845182.125000 794.426647 3.631841 3.342199 16.550401
 71640.000000 -844664.062500 792.784222 3.658761 3.199761 16.562006
 71660.000000 -846674.312500 793.937346 3.481784 3.291793 16.634641
 71680.000000 -843794.125000 793.257237 3.229815 3.532590 16.472203
 71700.000000 -844825.500000 795.218917 3.091475 3.394369 16.377553
 71720.000000 -845390.000000 792.439643 3.566440 3.397838 16.378942
 71740.000000 -846024.562500 794.255050 3.547432 3.445101 16.225461
 71760.000000 -842531.125000 794.904802 3.390791 3.400835 16.616016
 71780.000000 -845668.062500 793.548674 3.384095 3.547775 16.216123
 71800.000000 -844355.000000 793.407388 3.450458 3.853973 16.311421
 71820.000000 -844782.750000 793.391541 3.426836 3.397141 16.608893
 71840.000000 -843537.562500 795.599225 3.507248 3.375224 16.416260
 71860.000000 -845786.312500 792.921511 3.448166 3.430501 16.202805
 71880.000000 -844994.625000 791.061960 3.599344 3.479283 16.103980
 71900.000000 -844580.937500 790.857511 3.682311 3.302142 16.382224
 71920.000000 -844267.312500 795.995486 3.651828 3.473671 16.213990
 71940.000000 -844836.062500 793.329311 3.465452 3.223028 16.278308
 71960.000000 -842710.687500 795.992400 3.576483 3.463713 16.240975
 71980.000000 -843729.000000 795.751216 3.598356 3.398324 16.097775
 72000.000000 -845547.625000 798.092717 3.497407 3.569104 16.198380
 72020.000000 -844126.125000 793.532873 3.327440 3.287618 16.321864
 72040.000000 -846347.750000 795.011737 3.455808 3.452319 16.409305
 72060.000000 -843967.000000 792.649747 3.440451 3.319065 16.417858
 72080.000000 -845536.562500 792.531567 3.446996 3.221291 16.140603
 72100.000000 -844980.500000 795.694837 3.312904 3.472581 16.341717
 72120.000000 -846965.562500 791.568654 3.323669 3.298817 16.469327
 72140.000000 -844917.250000 794.355665 3.325912 3.467931 16.376435
 72160.000000 -843865.812500 796.885921 3.276681 3.371677 16.370870
 72180.000000 -844564.250000 794.652050 3.339202 3.569674 16.584926
 72200.000000 -843653.187500 792.911793 3.761321 3.637983 16.502746
 72220.000000 -845686.812500 793.486358 3.653592 3.561685 16.587653
 72240.000000 -844523.875000 795.164094 3.485644 3.349058 16.645540
 72260.000000 -844351.125000 792.118245 3.425645 3.604333 16.585510
 72280.000000 -845181.062500 792.696688 3.503640 3.608934 16.503387
 72300.000000 -846020.625000 793.644513 3.436289 3.483738 16.515232
 72320.000000 -845988.750000 795.205006 3.361932 3.371258 16.429512
 72340.000000 -843186.000000 794.099511 3.501562 3.392666 16.386812
 72360.000000 -844926.500000 794.473880 3.437492 3.393079 16.634575
 72380.000000 -846251.812500 791.873912 3.379104 3.287838 16.444253
 72400.000000 -846221.187500 792.305667 3.167732 3.382985 16.383280
 72420.000000 -845220.750000 792.803972 3.006273 3.114296 16.546916
 72440.000000 -845110.375000 793.767818 3.247770 3.418176 16.407478
 72460.000000 -844080.500000 794.551656 3.242082 3.415505 16.337699
 72480.000000 -844751.125000 793.697821 3.162672 3.539947 16.593700
 72500.000000 -844254.312500 794.030338 3.121068 3.350596 16.327137
 72520.000000 -844348.125000 794.377091 3.275986 3.306438 16.405657
 72540.000000 -845742.812500 794.705055 3.365310 3.408509 16.635575
 72560.000000 -844879.187500 791.099423 3.390254 3.403167 16.540203
 72580.000000 -844754.437500 794.594876 3.537860 3.349205 16.650711
 72600.000000 -845140.937500 793.895344 3.709030 3.254684 16.461258
 72620.000000 -845136.812500 794.637735 3.736895 3.569662 16.551641
 72640.000000 -844783.250000 791.963318 3.547580 3.340773 16.417776
 72660.000000 -846298.500000 792.627073 3.323678 3.409545 16.293557
 72680.000000 -845045.750000 792.472810 3.291732 3.247412 16.390838
 72700.000000 -844611.500000 793.853069 3.133124 3.320558 16.580898
 72720.000000 -843737.687500 792.516511 2.925011 3.431092 16.429939
 72740.000000 -844566.875000 794.216079 3.245036 3.370723 16.513920
 72760.000000 -844456.562500 793.069417 3.549369 3.523522 16.505705
 72780.000000 -844378.250000 795.983947 3.652765 3.406750 16.614985
 72800.000000 -844410.562500 793.247958 3.519437 3.432102 16.552415
 72820.000000 -845896.625000 794.567204 3.623644 3.312910 16.561792
 72840.000000 -845775.750000 794.075132 3.698860 3.263469 16.609524
 72860.000000 -845105.500000 794.314766 3.470276 3.544672 16.325747
 72880.000000 -844460.437500 793.844214 3.493679 3.427408 16.308067
 72900.000000 -846372.375000 793.792577 3.420982 3.357234 16.411802
 72920.000000 -844671.062500 793.387676 3.663885 3.216437 16.205588
 72940.000000 -845254.875000 795.242853 3.846477 3.273074 16.240750
 72960.000000 -843445.562500 797.358012 3.593135 3.494269 16.260808
 72980.000000 -842608.062500 797.050463 3.224268 3.357330 16.323507
 73000.000000 -843088.500000 794.170776 3.639200 3.515354 16.342420
 73020.000000 -844727.000000 794.552051 3.793609 3.445116 16.340068
 73040.000000 -844201.312500 794.457391 3.581509 3.487233 16.796807
 73060.000000 -845737.875000 793.298517 3.547187 3.595245 16.853824
 73080.000000 -844856.812500 792.139163 3.306056 3.562161 16.873863
 73100.000000 -844638.562500 796.383019 3.166545 3.533505 16.877596
 73120.000000 -843918.562500 794.561498 3.418426 3.337679 16.617865
 73140.000000 -843927.687500 796.027478 3.490132 3.430041 16.255182
 73160.000000 -843587.375000 793.828830 3.337471 3.297617 16.525045
 73180.000000 -843230.500000 793.072511 3.669195 3.313711 16.546516
 73200.000000 -843464.375000 793.625586 3.683534 3.201673 16.399979
 73220.000000 -844663.937500 795.283082 3.520577 3.419105 16.385072
 73240.000000 -844768.125000 794.318182 3.632705 3.496449 16.218961
 73260.000000 -845490.937500 792.940156 3.428303 3.598241 16.343311
 73280.000000 -846474.750000 793.354650 3.231409 3.469048 16.208625
 73300.000000 -844390.062500 792.170859 3.195040 3.511775 16.444336
 73320.000000 -847440.062500 791.083230 3.495074 3.473162 16.640530
 73340.000000 -845387.187500 793.317683 3.364600 3.313223 16.485746
 73360.000000 -846659.750000 793.304155 3.300045 3.134637 16.288280
 73380.000000 -843768.812500 795.041991 3.361592 3.405236 16.207917
 73400.000000 -844217.875000 794.109511 3.577259 3.567477 16.311405
 73420.000000 -843217.812500 795.947136 3.489459 3.450854 16.228126
 73440.000000 -843880.875000 794.312496 3.485527 3.305412 16.425265
 73460.000000 -844971.937500 792.872752 3.722943 3.329853 16.471935
 73480.000000 -845007.750000 793.979475 3.611310 3.352083 16.503282
 73500.000000 -843195.187500 795.571534 3.610153 3.398233 16.035401
 73520.000000 -844142.125000 792.870196 3.601341 3.450768 16.396979
 73540.000000 -843522.750000 794.638619 3.256726 3.384473 16.268335
 73560.000000 -844896.000000 794.552514 3.217728 3.637347 16.185962
 73580.000000 -843786.875000 796.932435 3.663429 3.432053 16.585256
 73600.000000 -845227.437500 792.714993 3.345469 3.306578 16.612664
 73620.000000 -845010.187500 792.618080 3.158456 3.385293 16.413296
 73640.000000 -846579.312500 794.085917 3.242096 3.209940 16.266409
 73660.000000 -842835.500000 798.344612 3.255638 3.636654 16.372518
 73680.000000 -845674.937500 792.893279 3.163711 3.761214 16.236924
 73700.000000 -845433.125000 792.211842 3.385723 3.498684 16.189489
 73720.000000 -845192.937500 795.468701 3.116560 3.433208 16.146625
 73740.000000 -846165.062500 795.712695 3.245070 3.386195 16.225044
 73760.000000 -844895.687500 793.972589 3.300815 3.556237 16.251429
 73780.000000 -846645.437500 794.452027 2.997012 3.478273 16.221558
 73800.000000 -844869.562500 794.463938 3.216478 3.524461 16.342429
 73820.000000 -844560.812500 793.795497 3.380375 3.522222 16.215189
 73840.000000 -844911.750000 793.338281 3.386081 3.188695 16.459282
 73860.000000 -843883.500000 792.284835 3.493370 3.188097 16.243475
 73880.000000 -845836.187500 793.915599 3.196068 3.279796 16.566414
 73900.000000 -844643.125000 792.329896 3.334763 3.102527 16.687341
 73920.000000 -845178.125000 794.227540 3.574588 3.321914 16.488305
 73940.000000 -844527.250000 793.821655 3.306514 3.461561 16.614678
 73960.000000 -843992.687500 795.774152 3.411372 3.532922 16.697911
 73980.000000 -843954.937500 797.328964 3.054428 3.638430 16.661391
 74000.000000 -845003.625000 795.754824 3.117312 3.553481 16.602021
 74020.000000 -843690.187500 795.300455 3.174323 3.554832 16.723104
 74040.000000 -843810.875000 794.476590 3.488150 3.453271 16.622025
 74060.000000 -844791.500000 794.500938 3.460807 3.400804 16.589963
 74080.000000 -844084.937500 796.508094 3.284079 3.560497 16.391383
 74100.000000 -844450.562500 794.566985 3.321690 3.652376 16.372974
 74120.000000 -845816.687500 792.275469 3.597951 3.227482 16.554237
 74140.000000 -845004.437500 795.127365 3.487883 3.074989 16.475426
 74160.000000 -844282.250000 793.458675 3.597020 3.195131 16.431474
 74180.000000 -843854.187500 794.193834 3.733561 3.103349 16.435248
 74200.000000 -843059.250000 798.165534 3.488528 3.352514 16.460637
 74220.000000 -845486.312500 790.831817 3.542777 3.099027 16.364672
 74240.000000 -844895.375000 792.307307 3.707481 3.250351 16.685905
 74260.000000 -845569.937500 791.323208 3.197386 3.268507 16.574949
 74280.000000 -843793.562500 793.901476 3.368860 3.561528 16.799750
 74300.000000 -843761.375000 794.936585 3.506461 3.622449 16.626000
 74320.000000 -845239.875000 790.082630 3.396282 3.451203 16.531853
 74340.000000 -844189.562500 793.735588 3.349989 3.441697 16.491578
 74360.000000 -843665.250000 796.252814 3.366308 3.334698 16.563176
 74380.000000 -846568.750000 795.585812 3.473594 3.338622 16.634622
 74400.000000 -845918.500000 796.391397 3.623367 3.457567 16.592022
 74420.000000 -846822.562500 792.631217 3.552038 3.246147 16.503528
 74440.000000 -845106.562500 792.503534 3.497831 3.094057 16.568896
 74460.000000 -844576.750000 794.075714 3.646555 3.317509 16.711531
 74480.000000 -843882.625000 794.511695 3.428621 3.710346 16.999150
 74500.000000 -841540.125000 800.969290 3.296829 3.607479 6.312017
 74520.000000 -840615.562500 799.084949 2.922556 3.400578 9.110134
 74540.000000 -841395.750000 799.335682 3.083017 3.051533 10.154537
 74560.000000 -842820.312500 798.071064 3.027943 2.911522 11.241295
 74580.000000 -843494.125000 798.931942 2.988293 2.896159 12.557539
 74600.000000 -844703.375000 797.181574 3.213823 3.153382 14.532319
 74620.000000 -845259.125000 792.139219 3.377656 3.526298 15.650441
 74640.000000 -843927.187500 792.772315 3.410355 3.399113 16.297283
 74660.000000 -844539.125000 793.776578 3.370071 3.393651 16.492770
 74680.000000 -842519.000000 794.847770 3.518666 3.417903 16.545465
 74700.000000 -845838.250000 792.875929 3.624111 3.341916 16.346647
 74720.000000 -845548.562500 792.050068 3.531314 3.401300 16.326396
 74740.000000 -843445.062500 792.148692 3.587929 3.355237 16.299690
 74760.000000 -843580.875000 793.948978 3.621490 3.290894 16.439721
 74780.000000 -843407.500000 794.786271 3.673034 3.468297 16.342856
 74800.000000 -843474.562500 795.724164 3.496091 3.484368 16.523377
 74820.000000 -843328.750000 794.441952 3.561195 3.201668 16.589420
 74840.000000 -844315.250000 791.006791 3.367663 3.370765 16.638842
 74860.000000 -845221.500000 794.145083 3.205452 3.405949 16.696127
 74880.000000 -845374.312500 792.721779 3.326395 3.169263 16.586363
 74900.000000 -844236.437500 794.141029 3.415046 3.433010 16.725432
 74920.000000 -845548.000000 794.087528 3.041734 3.298180 16.342286
 74940.000000 -846374.125000 793.164526 3.293542 3.253206 16.648706
 74960.000000 -842911.562500 793.941943 3.382143 3.564501 16.572092
 74980.000000 -845312.687500 793.734175 3.162254 3.360434 16.248192
 75000.000000 -843432.875000 794.198525 3.632654 3.285517 16.080159
 75020.000000 -845115.625000 793.601845 3.582614 3.364658 16.323644
 75040.000000 -845978.625000 792.913318 3.432984 3.425160 16.540227
 75060.000000 -845633.687500 792.361471 3.342964 3.421757 16.572789
 75080.000000 -846656.437500 792.813451 3.258427 3.219505 16.585265
 75100.000000 -845975.937500 795.292578 3.388985 3.363503 16.477860
 75120.000000 -846969.750000 792.149970 3.578878 3.384341 16.644800
 75140.000000 -845856.250000 794.559785 3.561815 3.374858 16.441110
 75160.000000 -845519.250000 792.516034 3.546235 3.420263 16.314677
 75180.000000 -844142.937500 793.387194 3.493776 3.571581 16.476773
 75200.000000 -843503.687500 794.409681 3.355646 3.475997 16.553440
 75220.000000 -845478.500000 791.794249 3.186995 3.398452 16.392019
 75240.000000 -844909.312500 795.253987 3.162902 3.319236 16.336636
 75260.000000 -845600.750000 793.714782 3.287562 3.294097 16.265503
 75280.000000 -845020.750000 793.705211 3.313674 3.585016 16.496270
 75300.000000 -843680.125000 795.307011 3.110911 3.503006 16.652440
 75320.000000 -844105.000000 792.637382 3.327817 3.550460 16.844366
 75340.000000 -845295.375000 791.585883 3.613657 3.278995 16.483733
 75360.000000 -844690.312500 791.484299 3.291060 3.281290 16.592330
 75380.000000 -844768.500000 792.589942 3.239717 3.413553 16.513896
 75400.000000 -845192.812500 795.392810 3.209322 3.409189 16.679941
 75420.000000 -844324.187500 792.413404 3.288197 3.572741 16.693087
 75440.000000 -846039.875000 795.847346 3.216157 3.671138 16.451094
 75460.000000 -845780.000000 794.189253 3.403329 3.465888 16.385706
 75480.000000 -843108.500000 793.882903 3.298293 3.391431 16.359621
 75500.000000 -843707.687500 795.804951 3.385751 3.164080 16.269417
 75520.000000 -842971.312500 793.338817 3.573184 3.162829 16.312665
 75540.000000 -844685.250000 794.416927 3.674071 3.449402 16.303881
 75560.000000 -842460.437500 794.191910 3.735829 3.449436 16.548740
 75580.000000 -844620.500000 794.662022 3.412247 3.728944 16.441238
 75600.000000 -843836.687500 793.030076 3.397641 3.378326 16.589751
 75620.000000 -844712.937500 795.603482 3.193855 3.409940 16.424255
 75640.000000 -844430.750000 792.749319 3.389453 3.238764 16.544679
 75660.000000 -845554.312500 791.984895 3.213869 3.327515 16.349659
 75680.000000 -843641.062500 795.934531 3.128764 3.370600 16.441314
 75700.000000 -845324.250000 792.340560 3.381999 3.385068 16.571545
 75720.000000 -845209.250000 794.268541 3.037645 3.259875 16.430110
 75740.000000 -844989.375000 795.976895 3.309230 3.399701 16.499178
 75760.000000 -844782.250000 795.831021 3.365414 3.432064 16.563400
 75780.000000 -844053.562500 795.698741 3.208844 3.337172 16.478365
 75800.000000 -844730.937500 794.057243 3.267763 3.224390 16.147737
 75820.000000 -845963.125000 795.660119 3.128622 3.246281 16.321271
 75840.000000 -844280.875000 793.679457 3.259031 3.307700 16.284156
 75860.000000 -844600.875000 793.355028 3.283771 3.325567 16.219952
 75880.000000 -842988.312500 795.286625 3.136669 3.322073 16.190201
 75900.000000 -843722.500000 793.513578 3.319345 3.227419 16.271444
 75920.000000 -845767.125000 795.823191 3.209534 3.212233 16.414922
 75940.000000 -845288.312500 792.879241 3.284513 3.288828 16.507101
 75960.000000 -844175.812500 794.194414 3.326515 3.305866 16.485114
 75980.000000 -844987.250000 793.145631 3.606595 3.335231 16.387998
 76000.000000 -845792.750000 791.572071 3.405165 3.568885 16.578129
 76020.000000 -843800.187500 797.130264 3.369817 3.575303 16.393663
 76040.000000 -843703.500000 795.820516 3.467961 3.502121 16.429343
 76060.000000 -843909.562500 793.594372 3.715962 3.464009 16.279037
 76080.000000 -843169.687500 795.686792 3.468355 3.521019 16.512590
 76100.000000 -845106.250000 794.248500 3.364508 3.276735 16.602265
 76120.000000 -842173.937500 794.047105 3.203265 3.444010 16.586836
 76140.000000 -843474.125000 794.863535 3.211876 3.264803 16.405591
 76160.000000 -843303.625000 794.503092 3.491216 3.585446 16.561566
 76180.000000 -841895.875000 797.234416 3.542548 3.451665 16.332413
 76200.000000 -844100.250000 793.590733 3.554987 3.537280 16.313690
 76220.000000 -843969.187500 795.168446 3.577338 3.270223 16.335949
 76240.000000 -846484.625000 791.670588 3.301799 3.539257 16.337622
 76260.000000 -844996.437500 793.536973 3.558478 3.374209 16.287835
 76280.000000 -843124.500000 793.786408 3.387837 3.287200 16.247063
 76300.000000 -842910.000000 795.146265 3.150758 3.602524 16.318335
 76320.000000 -844505.062500 793.591343 3.362793 3.755993 16.401623
 76340.000000 -846548.062500 792.423001 3.542548 3.653957 16.292098
 76360.000000 -844232.437500 792.955733 3.423781 3.322709 16.388823
 76380.000000 -845869.375000 794.722047 3.523121 3.342124 16.201488
 76400.000000 -844741.125000 795.189528 3.387855 3.477589 16.332849
 76420.000000 -843943.625000 794.419409 3.418746 3.272888 16.361698
 76440.000000 -845830.250000 792.589796 3.410171 3.223683 16.330021
 76460.000000 -843788.437500 794.962716 3.406061 3.453825 16.607270
 76480.000000 -844870.687500 794.882205 3.429384 3.474932 16.324837
 76500.000000 -842520.187500 795.070325 3.290450 3.513864 16.431976
 76520.000000 -842709.500000 794.237476 3.307312 3.409035 16.287423
 76540.000000 -844375.062500 796.745829 3.328222 3.645846 16.602181
 76560.000000 -846251.687500 793.922533 3.337466 3.774614 16.672752
 76580.000000 -844842.812500 795.349699 3.264897 3.694036 16.656125
 76600.000000 -842900.875000 795.477455 3.410286 3.557278 16.616364
 76620.000000 -843478.875000 792.314913 3.184220 3.237098 16.645805
 76640.000000 -842783.687500 793.069588 3.372675 3.262017 16.594372
 76660.000000 -843573.500000 795.319496 3.352782 3.247364 16.492224
 76680.000000 -843189.125000 795.624917 3.372398 3.325955 16.675531
 76700.000000 -845761.625000 794.047926 3.171289 3.425536 16.436893
 76720.000000 -844164.187500 792.735787 3.153191 3.539273 16.458957
 76740.000000 -842962.187500 795.262656 3.323615 3.448945 16.479911
 76760.000000 -843018.062500 791.439716 3.257974 3.456978 16.618535
 76780.000000 -844520.625000 792.259292 3.226696 3.332987 16.648097
 76800.000000 -843965.500000 794.890145 3.656933 3.593759 16.383096
 76820.000000 -845467.250000 791.434220 3.347053 3.305749 16.336566
 76840.000000 -842714.875000 793.600096 3.287792 3.319569 16.417438
 76860.000000 -844619.250000 794.571409 3.312577 3.216945 16.327492
 76880.000000 -846053.812500 792.095558 3.420840 3.268971 16.473911
 76900.000000 -844354.750000 794.687474 3.539164 3.285934 16.502712
 76920.000000 -842999.312500 795.505584 3.648429 3.241625 16.264828
 76940.000000 -844616.937500 796.778781 3.551106 2.978698 16.188852
 76960.000000 -844688.375000 793.741151 3.333813 3.149081 16.484602
 76980.000000 -843989.312500 793.469623 3.376549 3.218131 16.573889
 77000.000000 -843375.125000 795.503047 3.438949 3.268567 16.655583
 77020.000000 -844962.687500 792.764825 3.701427 3.508754 16.421014
 77040.000000 -844693.375000 792.549636 3.610886 3.285675 16.313202
 77060.000000 -845270.125000 792.785859 3.522161 3.382568 16.429314
 77080.000000 -845548.187500 795.505920 3.526303 3.263538 16.493395
 77100.000000 -843705.437500 796.017340 3.319042 3.242044 16.413538
 77120.000000 -843373.437500 794.900570 3.416305 3.264166 16.451971
 77140.000000 -843079.937500 794.690923 3.391850 3.223065 16.498405
 77160.000000 -841551.687500 794.889774 3.415008 3.198214 16.585986
 77180.000000 -844171.312500 796.016815 3.472917 3.332995 16.458396
 77200.000000 -843639.000000 795.098754 3.391661 3.434367 16.563663
 77220.000000 -844887.437500 795.025439 3.708111 3.136929 16.432303
 77240.000000 -844509.500000 794.370911 3.314335 3.231585 16.329080
 77260.000000 -844353.750000 795.190993 3.104209 3.238722 16.248938
 77280.000000 -843313.812500 792.618049 3.438544 3.447035 16.457621
 77300.000000 -842385.687500 796.890425 3.301662 3.436919 16.382112
 77320.000000 -844040.937500 793.893912 3.344921 3.366070 16.348388
 77340.000000 -843549.937500 793.809327 3.399448 3.394534 16.490290
 77360.000000 -843202.812500 794.965974 3.435943 3.260393 16.397248
 77380.000000 -843075.000000 793.703349 3.188734 3.028318 16.643793
 77400.000000 -843226.750000 793.622851 3.247727 3.077541 16.561243
 77420.000000 -844167.625000 793.589645 3.028929 3.021459 16.609392
 77440.000000 -844889.000000 793.659006 3.305984 3.409884 16.590324
 77460.000000 -844426.000000 796.848998 2.933612 3.495856 16.898500
 77480.000000 -843657.562500 794.407738 3.429501 3.748636 16.702821
 77500.000000 -844696.250000 794.712859 3.494435 3.647169 16.688384
 77520.000000 -844072.500000 795.616129 3.260188 3.813108 16.697701
 77540.000000 -841748.062500 797.446922 3.412619 3.704408 16.605877
 77560.000000 -843301.812500 797.912359 3.340724 3.276581 16.541998
 77580.000000 -845218.062500 794.268522 3.253517 3.268847 16.243559
 77600.000000 -843698.625000 792.326380 3.423946 3.257751 16.418166
 77620.000000 -844200.812500 792.853705 3.303992 3.258337 16.363969
 77640.000000 -844006.625000 795.871894 3.564281 3.322002 16.491001
 77660.000000 -845044.500000 792.917549 3.468283 3.169181 16.594345
 77680.000000 -844395.812500 794.618792 3.361929 3.188994 16.502947
 77700.000000 -845450.375000 795.890558 3.326371 3.309767 16.443803
 77720.000000 -845956.562500 791.866189 3.299253 3.317911 16.540807
 77740.000000 -846723.937500 794.096284 3.440351 3.422886 16.248267
 77760.000000 -844551.312500 795.538157 3.320255 3.272502 16.226800
 77780.000000 -845645.312500 795.337580 3.403172 3.094369 16.458906
 77800.000000 -844215.812500 794.992018 3.214425 3.285445 16.389144
 77820.000000 -844598.750000 794.790565 3.441073 3.579629 16.334245
 77840.000000 -844567.625000 794.038477 3.288611 3.342205 16.330538
 77860.000000 -844123.375000 795.647796 3.093570 3.374476 16.308352
 77880.000000 -843780.812500 793.807173 3.073271 3.594214 16.451434
 77900.000000 -844156.250000 795.122369 3.156489 3.248751 16.597759
 77920.000000 -843133.750000 795.635595 3.379813 3.266775 16.523615
 77940.000000 -846139.875000 793.664075 3.507544 3.469086 16.496725
 77960.000000 -844944.937500 795.190695 3.479370 3.219573 16.225051
 77980.000000 -844469.000000 796.207506 3.626750 3.496640 16.450879
 78000.000000 -843912.875000 795.222806 3.574873 3.232090 16.715419
 78020.000000 -845413.187500 794.044192 3.526646 3.378701 16.627718
 78040.000000 -845650.750000 796.616871 3.589720 3.137904 16.633427
 78060.000000 -844784.812500 795.312069 3.486115 3.333838 16.789671
 78080.000000 -844861.562500 793.433516 3.367022 3.103285 16.450441
 78100.000000 -844629.312500 794.884365 3.428257 3.254128 16.455225
 78120.000000 -845464.750000 795.005090 3.389408 3.314936 16.514377
 78140.000000 -844656.187500 794.156372 3.230808 3.355416 16.643792
 78160.000000 -844093.687500 792.974888 3.181037 3.372444 16.492210
 78180.000000 -842233.937500 795.963406 3.137198 3.185384 16.495284
 78200.000000 -844446.750000 797.764632 3.338474 3.292694 16.794231
 78220.000000 -845805.000000 792.371897 3.429586 3.433549 16.671252
 78240.000000 -844249.187500 793.242113 3.253370 3.254913 16.557140
 78260.000000 -843926.625000 793.799121 3.119746 2.926367 16.503270
 78280.000000 -843778.812500 794.660655 3.319614 3.301473 16.348107
 78300.000000 -843832.875000 795.615959 3.254755 3.599653 16.645425
 78320.000000 -846052.375000 792.969621 3.210104 3.556956 16.575208
 78340.000000 -843964.812500 797.320589 3.410215 3.586093 16.730414
 78360.000000 -843701.812500 793.692466 3.442755 3.455174 16.568217
 78380.000000 -844573.250000 793.521899 3.362784 3.545770 16.691398
 78400.000000 -843368.687500 795.367909 3.441088 3.413709 16.702819
 78420.000000 -845858.687500 794.220731 3.304737 3.347515 16.447069
 78440.000000 -844367.500000 793.693072 3.328800 3.507922 16.603803
 78460.000000 -845139.500000 795.153539 3.398635 3.547444 16.497376
 78480.000000 -843802.750000 794.024759 3.422878 3.446048 16.508601
 78500.000000 -845087.687500 795.948065 3.348486 3.528611 16.391060
 78520.000000 -845130.812500 793.090977 3.227143 3.488991 16.317294
 78540.000000 -845010.437500 792.963464 3.483895 3.707395 16.384857
 78560.000000 -846165.187500 792.688533 3.357562 3.469337 16.669990
 78580.000000 -844923.875000 792.266850 3.340830 3.439635 16.584639
 78600.000000 -844542.750000 795.499504 3.518215 3.542293 16.684640
 78620.000000 -845456.875000 794.761278 3.475638 3.465915 16.504228
 78640.000000 -843045.375000 798.151343 3.378268 3.442333 16.429385
 78660.000000 -843658.875000 793.638150 3.483428 3.379784 16.217067
 78680.000000 -845129.125000 795.473785 3.608989 3.228604 16.450952
 78700.000000 -843478.750000 796.533025 3.444370 3.130702 16.346899
 78720.000000 -843250.500000 795.647002 3.189461 3.438690 16.342109
 78740.000000 -844430.000000 796.154409 3.242412 3.423941 16.348447
 78760.000000 -844472.250000 794.982125 3.541479 3.686635 16.644577
 78780.000000 -844574.937500 794.481809 3.493892 3.416881 16.712698
 78800.000000 -845983.562500 796.586504 3.561078 3.274086 16.786674
 78820.000000 -843347.937500 797.674544 3.455431 3.054546 16.759709
 78840.000000 -845681.812500 794.620225 3.524470 2.970940 16.573247
 78860.000000 -846111.187500 793.796861 3.750917 3.029856 16.645276
 78880.000000 -845548.000000 793.438274 3.335772 3.058794 16.547575
 78900.000000 -844273.187500 794.866426 3.165963 3.555046 16.495919
 78920.000000 -843956.187500 793.697852 3.327948 3.633690 16.515273
 78940.000000 -845047.562500 792.683417 3.536984 3.365580 16.525914
 78960.000000 -845488.625000 792.321125 3.464877 3.460878 16.598746
 78980.000000 -843593.437500 795.700680 3.405074 3.551980 16.885111
 79000.000000 -843636.875000 797.029201 3.478010 3.599289 16.749696
 79020.000000 -845404.625000 798.071968 3.702973 3.569298 16.923742
 79040.000000 -845508.062500 793.690421 3.620183 3.718432 16.774867
 79060.000000 -845881.250000 793.381874 3.595208 3.614830 16.681555
 79080.000000 -843718.000000 795.271009 3.663837 3.334332 16.613887
 79100.000000 -846034.625000 794.643873 3.561767 3.590783 16.666465
 79120.000000 -846190.437500 794.020974 3.497592 3.266815 16.602416
 79140.000000 -845299.375000 794.050213 3.414887 3.401940 16.441557
 79160.000000 -845432.437500 793.272921 3.328564 3.436943 16.459568
 79180.000000 -844771.812500 796.403090 3.259658 3.508984 16.607163
 79200.000000 -844792.500000 796.388257 3.468206 3.542889 16.619833
 79220.000000 -843299.875000 795.162058 3.440798 3.507873 16.418040
 79240.000000 -845477.562500 794.078105 3.689562 3.491747 16.663774
 79260.000000 -844702.937500 795.680187 3.670941 3.058985 16.650360
 79280.000000 -845349.187500 793.691353 3.377910 3.281168 16.654980
 79300.000000 -845105.562500 796.111005 3.491520 3.384769 16.682492
 79320.000000 -847228.562500 791.115148 3.191896 3.610751 16.695997
 79340.000000 -845066.937500 791.249592 3.404117 3.569157 16.702459
 79360.000000 -844440.125000 796.481463 3.385684 3.340397 16.674400
 79380.000000 -843195.562500 794.195911 3.364384 3.449003 16.611930
 79400.000000 -844986.312500 795.138606 3.350072 3.594193 16.546937
 79420.000000 -843729.250000 795.410302 3.404170 3.723299 16.385492
 79440.000000 -843648.562500 795.702471 3.145923 3.430207 16.444502
 79460.000000 -843290.437500 794.578321 3.207228 3.077846 16.414108
 79480.000000 -844029.750000 792.790588 3.416013 3.191890 16.362694
 79500.000000 -844677.437500 793.878442 3.684010 3.319887 16.379421
 79520.000000 -844064.875000 797.555225 3.457635 3.316583 16.526222
 79540.000000 -844198.125000 793.237338 3.419429 3.550275 16.495913
 79560.000000 -844196.812500 794.546922 3.180169 3.503407 16.684387
 79580.000000 -845722.875000 794.522130 3.400034 3.281584 16.538189
 79600.000000 -847156.062500 794.724964 3.556548 3.357401 16.303450
 79620.000000 -845255.812500 795.381286 3.713685 3.192936 16.489168
 79640.000000 -843406.625000 795.468819 3.596140 3.231100 16.569801
 79660.000000 -843867.062500 795.829847 3.374294 3.266438 16.731389
 79680.000000 -843876.750000 792.448586 3.401006 3.432810 16.222749
 79700.000000 -845396.437500 797.767518 3.304877 3.547801 16.534401
 79720.000000 -844887.437500 795.336680 3.316859 3.346693 16.246485
 79740.000000 -844454.562500 793.350276 3.456332 3.211817 16.674806
 79760.000000 -843821.937500 795.005453 3.426930 3.262863 16.523137
 79780.000000 -845360.000000 791.749639 3.611640 3.505690 16.598109
 79800.000000 -843699.375000 793.242481 3.634568 3.601091 16.408357
 79820.000000 -844419.250000 795.067576 3.539385 3.435086 16.278329
 79840.000000 -845366.687500 794.346222 3.430690 3.040845 16.442315
 79860.000000 -842571.812500 795.666361 3.514136 3.014529 16.440649
 79880.000000 -844777.812500 797.017055 3.312341 3.178578 16.525377
 79900.000000 -844966.375000 794.525959 3.357850 3.638028 16.756531
 79920.000000 -844952.750000 796.219235 3.402259 3.552445 16.473975
 79940.000000 -843671.062500 797.323160 3.528669 3.645767 16.600028
 79960.000000 -842911.500000 797.954865 3.509297 3.673384 16.553112
 79980.000000 -844728.375000 795.482397 3.689812 3.568131 16.528475
 80000.000000 -843893.812500 793.900946 3.448152 3.541497 16.368167
 80020.000000 -843303.500000 795.437491 3.416552 3.265179 16.554071
 80040.000000 -842973.187500 798.112856 3.330393 3.085482 4.077006
 80060.000000 -844956.812500 797.200820 3.312898 3.228887 6.346111
 80080.000000 -841082.375000 801.388220 3.186698 3.135310 6.740794
 80100.000000 -840180.875000 799.727182 3.239285 3.025803 9.422488
 80120.000000 -843256.437500 799.182884 3.399978 2.895862 10.582069
 80140.000000 -842825.437500 798.167667 3.248822 3.003794 11.839182
 80160.000000 -843406.375000 797.848496 3.540494 3.104629 13.420412
 80180.000000 -842669.437500 795.457828 3.405537 3.163343 15.113514
 80200.000000 -844520.375000 795.024373 3.387666 3.041330 15.579158
 80220.000000 -845631.000000 793.134253 3.364584 3.258138 15.920277
 80240.000000 -843858.750000 794.701611 3.483796 3.786468 16.385871
 80260.000000 -843979.875000 794.218032 3.315322 3.581268 16.423843
 80280.000000 -844108.312500 793.156061 3.456353 3.304311 16.374767
 80300.000000 -843743.875000 792.184925 3.614290 3.480752 16.423560
 80320.000000 -843957.125000 793.309864 3.288569 3.219605 16.444247
 80340.000000 -845153.500000 794.412398 3.631479 3.150541 16.298178
 80360.000000 -845031.812500 794.490060 3.391284 3.573689 16.538370
 80380.000000 -843879.687500 794.776795 3.454851 3.379910 16.481673
 80400.000000 -843879.062500 793.001765 3.240605 3.535783 16.532401
 80420.000000 -844768.375000 796.365931 3.078531 3.357200 16.442889
 80440.000000 -842013.187500 795.827713 3.318038 3.423262 16.420640
 80460.000000 -845046.187500 791.326309 3.315699 3.414276 16.332465
 80480.000000 -844263.500000 793.722393 3.182913 3.593377 16.149557
 80500.000000 -843036.937500 794.771086 3.326056 3.468065 16.285429
 80520.000000 -844122.000000 792.904732 3.582238 3.357179 16.428926
 80540.000000 -843773.687500 793.467665 3.517708 3.250666 16.573860
 80560.000000 -844011.062500 794.117450 3.591593 3.621830 16.500567
 80580.000000 -844951.812500 792.536884 3.435982 3.414578 16.668131
 80600.000000 -844333.687500 793.226374 3.486082 3.424308 16.750497
 80620.000000 -846562.625000 791.220510 3.322069 3.265560 16.623104
 80640.000000 -843937.500000 797.495792 3.451016 3.276264 16.480484
 80660.000000 -843891.625000 794.766556 3.490258 3.413754 16.466485
 80680.000000 -843514.250000 794.770241 3.262057 3.206183 16.560298
 80700.000000 -845083.500000 793.066801 3.276873 3.531728 16.785709
 80720.000000 -844076.500000 793.819482 3.657245 3.414065 16.708293
 80740.000000 -845837.750000 792.256264 3.365272 3.536324 16.436964
 80760.000000 -846703.625000 793.265584 3.401807 3.402444 16.613353
 80780.000000 -844575.062500 793.515198 3.393470 3.419456 16.549488
 80800.000000 -843204.625000 794.743742 3.204272 3.318391 16.547879
 80820.000000 -845849.812500 795.383111 3.414869 3.536090 16.579778
 80840.000000 -845112.812500 794.067713 3.376113 3.528014 16.584108
 80860.000000 -845517.437500 793.570456 3.686805 3.268796 16.584513
 80880.000000 -845002.625000 794.795212 3.757562 3.299457 16.484215
 80900.000000 -845292.000000 793.654846 3.329812 3.338111 16.681662
 80920.000000 -845119.375000 791.937954 3.337603 3.464106 16.639309
 80940.000000 -845851.375000 792.231228 3.335352 3.570586 16.673799
 80960.000000 -845255.750000 794.617797 3.152550 3.586992 16.589126
 80980.000000 -845310.500000 792.868861 3.215196 3.420657 16.741257
 81000.000000 -845180.562500 793.002151 3.135165 3.537391 16.786356
 81020.000000 -846290.312500 792.943428 3.199497 3.287399 16.762215
 81040.000000 -845408.562500 793.054295 3.262622 3.305885 16.448634
 81060.000000 -846657.250000 793.035277 3.450688 3.269043 16.443352
 81080.000000 -842645.812500 792.846078 3.452021 3.272739 16.673576
 81100.000000 -844813.625000 796.281698 3.623166 3.377931 16.833571
 81120.000000 -844808.312500 794.168761 3.260571 3.431463 16.469603
 81140.000000 -844842.937500 791.622140 3.101041 3.589277 16.435264
 81160.000000 -846312.937500 795.407339 3.220797 3.539643 16.606760
 81180.000000 -843819.750000 794.865534 3.258993 3.623564 16.621451
 81200.000000 -842520.250000 795.426148 3.423283 3.541867 16.408654
 81220.000000 -844952.000000 793.904664 3.654504 3.481980 16.480703
 81240.000000 -843874.062500 795.018718 3.474940 3.318276 16.335623
 81260.000000 -845823.875000 793.704174 3.619460 3.348812 16.453723
 81280.000000 -843952.937500 794.844361 3.377713 3.337703 16.541663
 81300.000000 -844977.625000 794.312682 3.300562 3.458707 16.585115
 81320.000000 -845994.562500 793.886170 3.338528 3.572343 16.388711
 81340.000000 -843776.812500 796.886301 3.684515 3.585952 16.230096
 81360.000000 -844264.750000 794.287114 3.403253 3.570815 16.436569
 81380.000000 -843904.625000 794.690516 3.182645 3.326875 16.413718
 81400.000000 -842092.000000 794.885227 3.208585 3.295245 16.235402
 81420.000000 -843793.437500 796.650077 3.208444 3.340926 16.305029
 81440.000000 -844836.687500 795.468522 3.289051 3.257566 16.328024
 81460.000000 -846746.687500 792.803461 3.280427 3.456830 16.302328
 81480.000000 -845343.812500 793.697777 3.351072 3.502686 16.325075
 81500.000000 -845509.625000 794.249780 3.265601 3.386405 16.660421
 81520.000000 -845024.312500 792.901586 3.212638 3.340511 16.581525
 81540.000000 -845996.437500 792.255793 3.351595 3.561936 16.455328
 81560.000000 -842221.375000 795.213285 3.594908 3.413355 16.436072
 81580.000000 -843561.375000 795.782279 3.254861 3.294821 16.608580
 81600.000000 -844789.062500 794.812304 3.197955 3.707711 16.522439
 81620.000000 -843785.875000 794.009381 3.298784 3.666601 16.577232
 81640.000000 -842629.062500 794.241555 3.564831 3.388887 16.377409
 81660.000000 -843381.875000 795.772587 3.469240 3.372668 16.356592
 81680.000000 -844788.062500 792.469048 3.707358 3.331764 16.260245
 81700.000000 -843408.062500 795.758708 3.671378 3.335949 16.396022
 81720.000000 -845150.500000 792.840923 3.099999 3.322736 16.394136
 81740.000000 -843641.250000 792.733187 3.531252 3.383696 16.366641
 81760.000000 -844184.062500 792.934863 3.583655 3.174973 16.562136
 81780.000000 -845005.625000 794.136374 3.338665 3.344484 16.375349
 81800.000000 -844503.812500 795.655752 3.601879 3.395179 16.545411
 81820.000000 -844179.250000 795.921349 3.453094 3.593401 16.535220
 81840.000000 -846212.750000 791.973564 3.385990 3.461466 16.412669
 81860.000000 -843504.562500 793.820615 3.327857 3.449929 16.752447
 81880.000000 -844125.562500 794.295775 3.438723 3.376711 16.733787
 81900.000000 -842685.312500 793.939170 3.532707 3.555458 16.435113
 81920.000000 -844907.062500 792.576883 3.405671 3.507351 16.701444
 81940.000000 -846608.375000 792.478632 3.546248 3.511119 16.591743
 81960.000000 -845213.687500 791.395477 3.325739 3.603086 16.620109
 81980.000000 -844347.937500 794.125305 3.433981 3.369252 16.535963
 82000.000000 -842599.062500 794.691960 3.271382 3.265327 16.503914
 82020.000000 -842905.312500 796.087011 3.349925 3.546363 16.555858
 82040.000000 -843181.312500 793.752143 3.455263 3.426810 16.692434
 82060.000000 -844346.000000 793.255977 3.446620 3.477853 16.759691
 82080.000000 -844906.250000 794.645694 3.632688 3.223682 16.531717
 82100.000000 -845523.437500 793.891294 3.571799 3.132897 16.510345
 82120.000000 -844118.750000 793.133852 3.457487 3.194840 16.442018
 82140.000000 -844741.937500 793.156942 3.445142 3.698692 16.547471
 82160.000000 -844042.187500 796.428435 3.421477 3.373699 16.408371
 82180.000000 -845536.750000 793.958066 3.093971 3.406583 16.355310
 82200.000000 -843072.812500 794.130685 3.537784 3.304970 16.260744
 82220.000000 -844994.750000 792.969136 3.331466 3.178474 16.545285
 82240.000000 -844250.312500 795.844604 3.425855 3.093187 16.498726
 82260.000000 -846191.250000 793.020868 3.308438 3.350533 16.439657
 82280.000000 -843823.500000 795.590172 3.528767 3.477274 16.517355
 82300.000000 -846609.000000 795.261723 3.439891 3.471851 16.561570
 82320.000000 -842827.875000 794.533740 3.394852 3.549650 16.705515
 82340.000000 -845447.500000 791.300416 3.272477 3.674222 16.596201
 82360.000000 -841972.062500 796.404708 3.602382 3.465551 16.476024
 82380.000000 -845895.625000 796.050714 3.425773 3.243625 16.568330
 82400.000000 -844632.687500 793.471982 3.395516 3.185081 16.223659
 82420.000000 -843306.625000 795.029730 3.490298 3.240124 16.328075
 82440.000000 -844698.687500 795.938369 3.400904 3.430029 16.555991
 82460.000000 -844579.687500 793.569835 3.582019 3.514660 16.455991
 82480.000000 -842103.375000 798.095936 3.406080 3.669565 16.410432
 82500.000000 -844703.750000 794.352930 3.428188 3.557702 16.257356
 82520.000000 -845351.375000 796.595423 3.176367 3.333353 16.460233
 82540.000000 -842566.000000 795.768857 3.315192 3.365112 16.382450
 82560.000000 -844276.937500 796.077410 3.674367 3.211993 16.582388
 82580.000000 -842765.125000 793.837558 3.676618 3.512292 16.709283
 82600.000000 -845981.125000 792.182809 3.596262 3.374212 16.573585
 82620.000000 -844541.687500 795.070300 3.636935 3.341644 16.446942
 82640.000000 -844714.375000 793.975878 3.447086 3.201827 16.531923
 82660.000000 -844331.687500 794.301975 3.280436 3.198378 16.710421
 82680.000000 -844489.562500 792.030832 3.523996 3.338107 16.797992
 82700.000000 -845177.500000 792.021186 3.574528 3.380580 16.722895
 82720.000000 -844737.500000 796.445023 3.511875 3.556615 16.626667
 82740.000000 -843687.250000 795.399652 3.282172 3.561285 16.701068
 82760.000000 -843064.062500 797.812907 3.372078 3.136518 16.360153
 82780.000000 -846178.937500 795.483660 3.351646 3.308472 16.359878
 82800.000000 -844437.250000 794.550210 3.428529 3.479856 16.398777
 82820.000000 -843713.312500 795.224274 3.259999 3.465025 16.476083
 82840.000000 -844714.812500 794.023551 3.487692 3.364387 16.416594
 82860.000000 -844808.687500 796.713683 3.489277 3.316360 16.264663
 82880.000000 -844542.000000 795.008212 3.255114 3.088195 16.364082
 82900.000000 -843878.312500 796.097034 3.555434 3.305820 16.539767
 82920.000000 -842435.125000 796.899848 3.259835 3.328675 16.570629
 82940.000000 -843304.625000 794.157311 3.348045 3.426156 16.655021
 82960.000000 -843410.312500 792.767469 3.176826 3.626445 16.504861
 82980.000000 -843227.625000 794.586733 3.496368 3.482058 16.455559
 83000.000000 -846053.062500 795.140188 3.659322 3.431822 16.398688
 83020.000000 -844000.000000 794.050606 3.666670 3.490797 16.291830
 83040.000000 -845295.250000 795.462889 3.710108 3.140995 16.224426
 83060.000000 -844576.312500 795.121054 3.359892 3.302172 16.494703
 83080.000000 -844018.625000 796.885642 3.562323 3.293530 16.739191
 83100.000000 -845318.312500 794.098714 3.432067 3.594514 16.701436
 83120.000000 -845458.062500 796.358944 3.507568 3.332431 16.434429
 83140.000000 -843997.687500 796.709285 3.501763 3.292220 16.385558
 83160.000000 -843528.937500 794.523198 3.440408 3.306644 16.596726
 83180.000000 -844935.687500 796.621946 3.552255 3.481137 16.523567
 83200.000000 -843148.250000 796.278135 3.539067 3.465477 16.418136
 83220.000000 -845240.750000 794.457070 3.591008 3.025291 16.548945
 83240.000000 -844769.937500 797.738130 3.630041 3.424771 16.455561
 83260.000000 -842355.250000 796.918363 3.481130 3.500801 16.248270
 83280.000000 -845022.500000 795.367314 3.439801 3.464369 16.471893
 83300.000000 -845766.062500 792.526155 3.619976 3.279378 16.761308
 83320.000000 -844412.875000 794.804352 3.616134 3.599555 16.422007
 83340.000000 -844861.937500 794.850193 3.469296 3.511140 16.169693
 83360.000000 -844933.937500 794.547169 3.472083 3.135070 16.156187
 83380.000000 -844607.312500 794.505686 3.400920 3.442746 16.631489
 83400.000000 -844599.125000 795.160756 3.273934 3.563960 16.628719
 83420.000000 -845635.750000 796.062180 3.568334 3.431705 16.815145
 83440.000000 -844007.312500 793.502083 3.556756 3.250862 16.725131
 83460.000000 -844006.937500 794.253901 3.670239 3.233502 16.748650
 83480.000000 -843550.250000 795.637160 3.472493 3.339976 16.632432
 83500.000000 -843639.937500 795.404358 3.490304 3.320244 16.524979
 83520.000000 -843398.875000 795.805670 3.502826 3.563440 16.574639
 83540.000000 -845038.625000 795.038801 3.255225 3.367290 16.539152
 83560.000000 -845649.937500 794.529357 3.225992 3.668991 16.343856
 83580.000000 -844403.875000 795.380336 3.497891 3.470539 16.509174
 83600.000000 -844859.562500 794.662400 3.466533 3.397746 16.303735
 83620.000000 -842444.187500 795.927008 3.601942 3.283463 16.299700
 83640.000000 -844531.250000 796.128260 3.500714 3.398677 16.565510
 83660.000000 -845808.687500 796.659500 3.372988 3.175878 16.416204
 83680.000000 -846585.875000 793.451857 3.396821 3.210142 16.536597
 83700.000000 -845220.937500 793.732070 3.658645 3.413554 16.445274
 83720.000000 -845087.937500 795.047059 3.490810 3.224861 16.607782
 83740.000000 -844955.500000 791.957083 3.417519 3.478121 16.505600
 83760.000000 -844983.875000 793.481846 3.352659 3.379234 16.305532
 83780.000000 -845180.437500 795.928300 3.117625 3.456678 16.421487
 83800.000000 -846314.687500 792.487452 3.109638 3.318256 16.429627
 83820.000000 -843930.625000 796.315138 3.235571 3.422576 16.428928
 83840.000000 -842976.000000 795.330662 3.323256 3.557751 16.696288
 83860.000000 -844334.750000 797.221442 3.487431 3.185472 16.723820
 83880.000000 -844874.125000 793.265044 3.361837 3.277824 16.584427
 83900.000000 -843274.687500 793.698074 3.256095 3.439213 16.375191
 83920.000000 -844259.062500 796.095681 3.540248 3.426929 16.384177
 83940.000000 -845194.750000 796.383120 3.483513 3.538413 16.339028
 83960.000000 -846212.937500 791.641622 3.392435 3.652623 16.462520
 83980.000000 -843525.437500 795.583026 3.233062 3.285964 16.173619
 84000.000000 -845330.687500 794.194731 3.328665 3.412634 16.244066
 84020.000000 -846431.750000 793.562287 3.043166 3.452795 16.592317
 84040.000000 -845076.312500 793.984072 3.227485 3.364831 16.562987
 84060.000000 -844320.812500 793.563810 3.501706 3.246506 16.465605
 84080.000000 -844550.437500 795.917897 3.359118 3.221427 16.661550
 84100.000000 -846873.250000 792.240829 3.535884 3.235852 16.614550
 84120.000000 -843412.937500 796.401089 3.332550 3.029381 16.606241
 84140.000000 -843729.000000 794.855389 3.543102 3.183422 16.647598
 84160.000000 -844950.187500 794.431532 3.497576 3.109527 16.581822
 84180.000000 -844642.375000 795.697999 3.463219 2.951439 16.657970
 84200.000000 -842802.312500 795.417513 3.396019 3.165613 16.332759
 84220.000000 -845232.125000 795.230439 3.355942 3.437889 16.513927
 84240.000000 -845519.250000 794.490928 3.338010 3.356712 16.432621
 84260.000000 -845272.937500 795.571099 3.509304 3.684506 16.247473
 84280.000000 -843914.250000 795.681605 3.348804 3.438871 16.423740
 84300.000000 -843908.625000 794.758994 3.461099 3.553939 16.703472
 84320.000000 -844466.375000 796.022652 3.350807 3.511792 16.321002
 84340.000000 -844626.812500 793.206798 3.177258 3.201613 16.200553
 84360.000000 -844852.750000 795.985383 2.984962 3.322914 16.420368
 84380.000000 -843924.562500 795.357827 3.289342 3.436505 16.267243
 84400.000000 -843825.437500 793.923788 3.486671 3.434122 16.597003
 84420.000000 -844274.750000 795.944684 3.246382 3.370654 16.322398
 84440.000000 -844046.187500 793.432739 3.421145 3.234185 16.229949
 84460.000000 -843806.187500 796.568722 3.197316 3.259094 16.402895
 84480.000000 -845220.125000 791.930167 3.106127 3.439139 16.622223
 84500.000000 -846235.937500 792.940403 3.343019 3.387498 16.207313
 84520.000000 -845663.875000 792.824288 3.325102 3.258731 16.314516
 84540.000000 -844369.312500 795.751286 3.343925 3.475609 16.603359
 84560.000000 -844346.500000 795.043493 3.585275 3.728717 16.389335
 84580.000000 -845309.625000 794.578761 3.329643 3.480579 16.268660
 84600.000000 -846175.937500 792.712367 3.420274 3.513669 16.208311
 84620.000000 -843923.750000 795.110456 3.451721 3.430898 16.390297
 84640.000000 -844350.187500 794.823128 3.384427 3.514165 16.631346
 84660.000000 -844003.062500 792.217424 3.664990 3.352683 16.602723
 84680.000000 -843763.437500 793.690708 3.460626 3.668851 16.558207
 84700.000000 -843952.000000 797.170260 3.592195 3.436733 16.609192
 84720.000000 -844007.500000 795.753917 3.425005 3.652437 16.481455
 84740.000000 -843535.562500 794.553469 3.403867 3.585048 16.353314
 84760.000000 -843998.687500 793.533686 3.486107 3.550150 16.290858
 84780.000000 -845783.000000 793.323201 3.421028 3.457699 16.375003
 84800.000000 -845571.125000 793.080586 3.588176 3.596137 16.502889
 84820.000000 -845258.375000 791.855979 3.354644 3.615302 16.526054
 84840.000000 -844509.562500 792.430933 3.625604 3.322561 16.519353
 84860.000000 -844237.562500 793.983955 3.369084 3.254137 16.822614
 84880.000000 -844857.937500 793.545316 3.340457 3.116692 16.627335
 84900.000000 -844968.812500 793.012196 3.383687 3.246068 16.670140
 84920.000000 -842769.687500 795.018458 3.311016 3.403708 16.515765
 84940.000000 -843077.375000 797.858348 3.307050 3.221581 16.582422
 84960.000000 -844041.937500 794.988630 3.517326 3.426814 16.436389
 84980.000000 -843377.875000 792.923177 3.454703 3.667313 16.565962
 85000.000000 -843185.062500 794.870791 3.262648 3.328207 16.515844
 85020.000000 -845560.875000 796.372592 3.287573 3.246485 16.286412
 85040.000000 -845174.500000 794.441951 3.576896 3.153406 16.206318
 85060.000000 -842546.500000 795.491792 3.472777 3.117984 16.287341
 85080.000000 -844906.812500 794.541577 3.463152 3.298857 16.388393
 85100.000000 -844488.937500 795.215426 3.432895 3.460871 16.412844
 85120.000000 -844615.437500 793.065518 3.566465 3.427487 16.448648
 85140.000000 -841817.312500 796.604371 3.529744 3.377107 16.427683
 85160.000000 -844772.312500 795.483376 3.247253 3.215027 16.239404
 85180.000000 -846477.000000 795.684154 3.263924 3.188958 16.329764
 85200.000000 -845667.375000 789.398809 3.362013 3.495446 16.345985
 85220.000000 -844250.187500 795.999501 3.311312 3.463984 16.319784
 85240.000000 -845855.875000 794.986094 3.396492 3.240986 16.505714
 85260.000000 -845320.812500 795.835387 3.485847 3.110516 16.504363
 85280.000000 -843951.937500 796.849611 3.490011 3.239925 16.608792
 85300.000000 -843615.000000 792.937627 3.232407 3.516486 16.678835
 85320.000000 -845463.875000 792.635681 3.393092 3.332375 16.738931
 85340.000000 -844686.187500 792.283340 3.446715 3.476740 16.621621
 85360.000000 -843331.187500 793.612723 3.443778 3.465255 16.654620
 85380.000000 -843437.000000 794.057480 3.609550 3.323228 16.728166
 85400.000000 -844085.062500 794.910927 3.528225 3.324577 16.889350
 85420.000000 -844809.437500 795.729869 3.342920 3.522345 16.606189
 85440.000000 -845037.625000 793.591503 3.412699 3.347081 16.334725
 85460.000000 -844715.562500 796.745729 3.408027 3.510401 16.248017
 85480.000000 -842014.000000 795.901572 3.346023 3.396008 16.282692
 85500.000000 -844042.000000 793.585146 3.267842 3.294005 16.537068
 85520.000000 -845481.687500 792.338028 3.507985 3.446809 16.645585
 85540.000000 -845925.812500 792.419031 3.231468 3.946217 16.507382
 85560.000000 -845986.562500 795.234986 3.089709 3.430490 16.739313
 85580.000000 -844227.625000 792.874353 3.218925 3.264681 16.953401
 85600.000000 -844477.250000 792.590449 3.386393 3.331410 16.832716
 85620.000000 -843260.500000 794.653917 3.030848 3.404178 16.529536
 85640.000000 -846508.812500 793.201319 3.075239 3.527887 16.678646
 85660.000000 -845405.125000 794.578346 3.419655 3.419865 16.715739
 85680.000000 -843870.062500 795.666746 3.216165 3.427919 16.686032
 85700.000000 -844392.375000 796.927107 3.046172 3.478190 16.415547
 85720.000000 -845623.562500 792.845708 3.202152 3.225481 16.709059
 85740.000000 -844564.250000 792.788842 3.529439 3.543459 16.479888
 85760.000000 -843070.812500 795.418664 3.419768 3.294097 16.593101
 85780.000000 -843251.187500 793.423424 3.110064 3.307324 16.686763
 85800.000000 -843276.687500 795.893228 3.371144 3.391038 16.441527
 85820.000000 -844467.125000 795.307428 3.576621 3.282251 16.311712
 85840.000000 -843733.062500 795.275119 3.314067 3.436190 16.381194
 85860.000000 -842015.125000 795.334212 3.448056 3.308821 16.335234
 85880.000000 -844391.125000 793.876631 3.495748 3.247810 16.533386
 85900.000000 -843555.187500 795.540640 3.466323 3.346668 16.629737
 85920.000000 -844492.437500 794.202297 3.437034 3.355434 16.642087
 85940.000000 -844931.687500 792.552344 3.590463 3.301440 16.613447
 85960.000000 -846185.125000 793.997849 3.319308 3.447678 16.499790
 85980.000000 -845267.937500 793.540893 3.302857 3.432640 16.424843
 86000.000000 -845328.937500 792.294492 3.074529 3.379435 16.424477
 86020.000000 -845658.500000 793.579815 3.293991 3.556650 16.365315
 86040.000000 -843959.687500 796.186142 3.414105 3.396594 16.538363
 86060.000000 -844096.750000 792.674480 3.216676 3.293362 16.396976
 86080.000000 -843579.000000 796.216207 3.311190 3.406245 16.416712
 86100.000000 -843547.312500 794.805459 3.435907 3.381381 16.429131
 86120.000000 -843423.250000 795.627399 3.415217 3.347687 16.776748
 86140.000000 -843654.000000 794.762883 3.464375 3.256560 16.557198
 86160.000000 -842412.562500 792.750690 3.561260 3.265711 16.498367
 86180.000000 -845286.875000 794.876291 3.358718 3.370055 16.244518
 86200.000000 -843647.250000 794.183238 3.558997 3.338165 16.699212
 86220.000000 -844949.250000 794.508417 3.502281 3.387088 16.689267
 86240.000000 -842993.875000 794.836462 3.549238 3.306699 16.454502
 86260.000000 -845254.437500 793.232458 3.238669 3.075481 16.585296
 86280.000000 -841655.125000 794.597069 3.231238 3.364441 16.624047
 86300.000000 -843769.625000 795.541986 3.256422 3.456768 16.300463
 86320.000000 -843924.000000 794.765729 3.288868 3.266029 16.502348
 86340.000000 -845136.750000 791.998177 3.399543 3.535431 16.765268
 86360.000000 -844451.375000 791.026083 3.247453 3.505991 16.735077
 86380.000000 -845981.937500 792.816105 3.442282 3.531864 16.649050
 86400.000000 -845619.687500 794.421804 3.490505 3.580640 16.527301
 86420.000000 -843786.000000 793.994947 3.512628 3.694902 16.366029
 86440.000000 -844373.437500 793.104138 3.522205 3.565951 16.573422
 86460.000000 -845369.312500 794.671049 3.509694 3.319555 16.388023
 86480.000000 -844870.875000 794.748455 3.640577 3.330568 16.427662
 86500.000000 -843194.812500 797.023464 3.649244 3.309550 16.607113
 86520.000000 -844371.562500 794.026938 3.609613 3.067851 16.697070
 86540.000000 -845001.937500 794.832285 3.606037 3.241538 16.616511
 86560.000000 -846874.312500 792.601505 3.443089 3.370905 16.552108
 86580.000000 -842754.937500 794.227910 3.355868 3.447209 16.297501
 86600.000000 -842973.000000 796.594789 3.373195 3.526760 16.533390
 86620.000000 -843685.062500 794.764741 3.378447 3.465781 16.467346
 86640.000000 -844684.375000 795.660748 3.301472 3.518349 16.539794
 86660.000000 -844704.250000 795.036314 3.142582 3.259828 16.453201
 86680.000000 -844931.250000 793.570117 3.441554 3.244226 16.631547
 86700.000000 -845923.062500 792.232783 3.568324 3.488390 16.353081
 86720.000000 -843502.375000 795.687357 3.405858 3.657007 16.620378
 86740.000000 -844167.812500 793.931338 3.212304 3.253906 16.394156
 86760.000000 -845062.125000 794.079155 3.424179 3.324547 16.420573
 86780.000000 -845926.562500 795.591095 3.526913 3.536793 16.216746
 86800.000000 -843393.437500 795.682498 3.763189 3.690926 16.192058
 86820.000000 -843687.937500 794.775442 3.346266 3.584348 16.365084
 86840.000000 -844705.562500 794.464913 3.268037 3.685861 16.523682
 86860.000000 -844318.250000 796.366832 3.118353 3.834243 16.607796
 86880.000000 -844620.937500 792.455852 3.061051 3.634682 16.252669
 86900.000000 -843609.750000 792.914361 3.236307 3.493493 16.395240
 86920.000000 -844640.062500 794.494285 3.378336 3.580178 16.749432
 86940.000000 -844955.312500 794.169371 3.477788 3.521769 16.639510
 86960.000000 -845457.125000 796.552373 3.673029 3.631834 16.564369
 86980.000000 -844481.312500 795.109662 3.893497 3.664333 16.403826
 87000.000000 -846966.000000 793.690652 3.365053 3.607162 16.904852
 87020.000000 -845908.187500 793.517135 3.348803 3.525570 16.779135
 87040.000000 -845547.437500 792.684566 3.292634 3.455318 16.618256
 87060.000000 -843973.000000 793.567295 3.561449 3.622178 16.416247
 87080.000000 -843778.750000 795.154202 3.460585 3.644107 16.420425
 87100.000000 -841955.562500 795.548198 3.294279 3.409784 16.477212
 87120.000000 -844524.375000 793.700736 3.320709 3.293291 16.492459
 87140.000000 -843949.312500 796.102670 3.192521 3.311003 16.517118
 87160.000000 -846217.437500 793.134695 3.283656 3.500272 16.403599
 87180.000000 -844211.125000 794.165150 3.420211 3.420267 16.428811
 87200.000000 -845804.312500 794.755361 3.520607 3.259029 16.426282
 87220.000000 -843875.687500 793.064281 3.457480 3.564009 16.602506
 87240.000000 -844769.750000 790.022814 3.427461 3.647881 16.485879
 87260.000000 -844446.875000 796.476376 3.607673 3.615637 16.734779
 87280.000000 -846077.812500 794.285980 3.283511 3.432853 16.533280
 87300.000000 -845924.937500 792.753372 3.481867 3.697452 16.442179
 87320.000000 -845207.937500 793.352747 3.282238 3.729515 16.208324
 87340.000000 -845917.125000 795.472635 3.381591 3.469296 16.413604
 87360.000000 -844435.000000 793.692338 3.439848 3.431883 16.415479
 87380.000000 -846654.375000 791.775512 3.664763 3.505792 16.134949
 87400.000000 -844119.625000 793.259654 3.275061 3.364039 16.448399
 87420.000000 -844856.750000 795.993972 3.373838 3.117570 16.237780
 87440.000000 -844121.187500 795.548013 3.268178 3.333566 16.466921
 87460.000000 -843220.312500 795.591290 3.378399 3.269517 16.292511
 87480.000000 -845484.750000 793.312663 3.458359 3.356625 16.485938
 87500.000000 -844830.687500 795.115796 3.525797 3.538405 16.679286
 87520.000000 -842486.937500 794.440199 3.497864 3.242629 16.541096
 87540.000000 -845972.250000 792.326259 3.451021 3.152801 16.461103
 87560.000000 -847159.875000 794.493801 3.346526 3.200034 16.152638
 87580.000000 -845914.937500 794.568577 3.432157 3.405484 16.421769
 87600.000000 -845337.250000 793.256430 3.450668 3.247345 16.447034
 87620.000000 -843240.562500 793.928032 3.489340 3.249183 16.405569
 87640.000000 -844018.875000 792.963360 3.588137 3.078248 16.215174
 87660.000000 -845265.625000 792.712293 3.782698 3.453682 16.317378
 87680.000000 -846362.937500 790.177357 3.513860 3.468704 16.428872
 87700.000000 -844271.125000 793.762959 3.322987 3.469535 16.440527
 87720.000000 -843855.750000 793.831180 3.241057 3.483376 16.607698
 87740.000000 -844767.187500 796.645111 3.101479 3.434302 16.599426
 87760.000000 -842828.125000 794.875401 3.205004 3.418115 16.392129
 87780.000000 -843680.875000 795.486427 3.356641 3.631922 16.647643
 87800.000000 -845871.125000 793.735736 3.429892 3.734667 16.627592
 87820.000000 -845169.312500 791.592813 3.424162 3.459108 16.466331
 87840.000000 -846828.375000 792.841151 3.525653 3.177979 16.760450
 87860.000000 -844932.875000 792.417829 3.571110 3.231471 16.710459
 87880.000000 -844853.937500 795.419917 3.524219 3.438467 16.683265
 87900.000000 -844949.250000 792.604856 3.230970 3.415743 16.536019
 87920.000000 -845722.250000 793.238281 3.204989 3.339056 16.518255
 87940.000000 -843183.625000 792.956715 3.010772 3.365927 16.297980
 87960.000000 -845514.000000 794.020968 3.310750 3.466433 16.288631
 87980.000000 -846191.187500 793.397234 3.319657 3.316765 16.143730
 88000.000000 -846577.562500 793.083949 3.101144 3.258581 16.469010
 88020.000000 -844436.375000 793.770463 3.662368 3.357329 16.448230
 88040.000000 -843491.250000 794.825064 3.596617 3.421122 16.290263
 88060.000000 -845784.062500 793.604192 3.544507 3.677736 16.327202
 88080.000000 -844243.437500 794.764188 3.360610 3.594226 16.329266
 88100.000000 -844999.562500 791.559670 3.431893 3.450822 16.567165
 88120.000000 -844928.125000 793.159914 3.323420 3.339530 16.336093
 88140.000000 -844209.437500 794.476626 3.348439 3.446660 16.407849
 88160.000000 -843799.812500 794.223436 3.394227 3.585682 16.550407
 88180.000000 -845744.062500 792.760199 3.528180 3.143983 16.442696
 88200.000000 -845079.312500 793.743936 3.455181 3.487803 16.718872
 88220.000000 -846217.187500 792.720821 3.551365 3.494190 16.670599
 88240.000000 -845235.125000 794.646939 3.486477 3.426157 16.340550
 88260.000000 -844872.062500 792.257544 3.371138 3.380985 16.522171
 88280.000000 -844770.187500 794.970027 3.548897 3.356479 16.547740
 88300.000000 -845087.687500 793.627872 3.593269 3.696880 16.344771
 88320.000000 -845597.500000 792.451308 3.502168 3.767677 16.286329
 88340.000000 -841211.937500 797.270343 3.376413 3.626274 16.331312
 88360.000000 -845430.000000 794.299185 3.351202 3.569408 16.421100
 88380.000000 -843346.062500 794.777312 3.277307 3.396788 16.447865
 88400.000000 -843334.062500 795.746308 3.311007 3.379264 16.428641
 88420.000000 -845320.125000 793.339177 3.425898 3.356219 16.509021
 88440.000000 -845163.875000 792.498611 3.212119 3.082454 16.575586
 88460.000000 -845991.750000 795.327161 3.688151 3.594337 16.534596
 88480.000000 -843023.937500 793.596491 3.507730 3.645777 16.348996
 88500.000000 -843827.687500 795.415054 3.467237 3.578737 16.131357
 88520.000000 -844734.500000 794.659856 3.124782 3.443628 16.149670
 88540.000000 -846096.437500 793.900497 3.440019 3.545865 16.339579
 88560.000000 -845011.062500 794.645607 3.600536 3.364074 16.343589
 88580.000000 -845019.250000 792.571377 3.266373 3.608872 16.316395
 88600.000000 -844620.875000 793.853721 3.489225 3.522363 16.260209
 88620.000000 -844522.687500 795.608283 3.221173 3.455069 16.416022
 88640.000000 -842958.062500 796.282141 3.181890 3.469779 16.530633
 88660.000000 -843572.937500 795.165641 3.388004 3.697647 16.507020
 88680.000000 -844170.125000 793.869445 3.135276 3.441752 16.623069
 88700.000000 -842908.500000 794.637228 3.461332 3.504062 16.427413
 88720.000000 -843845.875000 793.196299 3.478173 3.525907 16.862208
 88740.000000 -844583.562500 795.481760 3.472789 3.602423 16.749946
 88760.000000 -843812.250000 793.041860 3.561424 3.408856 16.427084
 88780.000000 -844156.187500 795.647695 3.776701 3.526874 16.533204
 88800.000000 -844112.437500 794.751422 3.579228 3.602596 16.538956
 88820.000000 -844388.562500 794.000726 3.376874 3.655583 16.288582
 88840.000000 -843861.125000 793.902588 3.183878 3.455219 16.454003
 88860.000000 -843261.312500 793.771022 3.350694 3.502807 16.310741
 88880.000000 -844900.500000 794.808566 3.305547 3.560918 16.400228
 88900.000000 -841987.437500 796.498256 3.600425 3.338532 16.354770
 88920.000000 -843997.125000 793.715554 3.296626 3.565897 16.322190
 88940.000000 -843539.437500 794.981783 3.361288 3.531776 16.532793
 88960.000000 -844487.375000 791.995889 3.484915 3.359533 16.464632
 88980.000000 -843117.875000 794.375578 3.430898 3.079464 16.716663
 89000.000000 -843699.687500 795.255518 3.207705 3.271009 16.778474
 89020.000000 -843525.937500 793.128261 3.148787 3.312619 16.647041
 89040.000000 -843891.250000 794.490714 3.289809 3.049725 16.618760
 89060.000000 -844958.625000 794.897964 3.572946 3.098644 16.272710
 89080.000000 -844098.562500 797.023321 3.442536 3.131086 16.304969
 89100.000000 -844230.812500 794.220173 3.629859 3.060381 16.370799
 89120.000000 -845571.562500 793.916098 3.402602 3.525190 16.568426
 89140.000000 -844050.625000 795.188327 3.621138 3.438410 16.499790
 89160.000000 -843209.187500 796.348157 3.509148 3.433157 16.311450
 89180.000000 -844779.250000 793.477327 3.313387 3.497593 16.613797
 89200.000000 -844978.187500 795.729333 3.351205 3.319185 16.424274
 89220.000000 -843476.875000 792.543201 3.294943 3.411790 16.331344
 89240.000000 -844889.125000 794.400533 3.367427 3.733595 16.512449
 89260.000000 -846844.312500 793.289896 3.403407 3.430609 16.284724
 89280.000000 -845969.875000 792.736151 3.322095 3.444339 16.553875
 89300.000000 -843577.312500 791.806835 3.540033 3.498810 16.408809
 89320.000000 -843962.062500 795.120475 3.484002 3.320836 16.626247
 89340.000000 -844618.625000 794.197445 3.664827 3.159320 16.455474
 89360.000000 -843871.687500 793.341696 3.608010 3.004049 16.444897
 89380.000000 -842210.500000 794.594833 3.300364 3.250472 16.736787
 89400.000000 -843080.187500 795.784868 3.223679 3.585654 16.525898
 89420.000000 -844378.000000 793.954644 3.629661 3.518334 16.455960
 89440.000000 -844694.562500 795.120426 3.298416 3.599246 16.662995
 89460.000000 -844505.500000 791.458120 3.317564 3.423469 16.562929
 89480.000000 -844219.250000 795.068377 3.419836 3.553924 16.631571
 89500.000000 -844310.500000 794.901110 3.429441 3.547999 16.777343
 89520.000000 -845805.812500 791.753308 3.621092 3.555722 16.588061
 89540.000000 -844692.437500 796.497886 3.682045 3.469540 16.740051
 89560.000000 -843277.500000 794.458994 3.630366 3.473816 16.746899
 89580.000000 -844698.562500 794.844449 3.561327 3.386534 16.700498
 89600.000000 -846012.750000 794.206152 3.430444 3.285665 16.679184
 89620.000000 -844343.000000 793.228829 3.474424 3.082665 16.503456
 89640.000000 -843362.937500 794.393799 3.344417 3.217594 16.646985
 89660.000000 -844112.937500 794.328051 3.757104 3.208495 16.711219
 89680.000000 -844481.812500 795.154081 3.604049 3.173678 16.519446
 89700.000000 -844458.062500 796.554498 3.660754 3.010956 16.642558
 89720.000000 -842505.812500 795.573885 3.351218 3.121987 16.547472
 89740.000000 -844743.687500 794.656201 3.377477 3.306128 16.388795
 89760.000000 -843240.437500 794.410202 3.438531 3.329694 16.259368
 89780.000000 -844723.937500 794.415858 3.363656 3.169574 16.666644
 89800.000000 -843131.375000 794.432352 3.616558 3.455586 16.678398
 89820.000000 -844480.000000 792.670571 3.543592 3.398066 16.748897
 89840.000000 -843431.875000 793.108201 3.469583 3.482229 16.756698
 89860.000000 -843989.562500 795.172407 3.496610 3.575024 16.547376
 89880.000000 -845016.937500 794.729936 3.412967 3.681091 16.392004
 89900.000000 -844854.625000 795.951491 3.552900 3.570391 16.252637
 89920.000000 -845498.687500 792.857794 3.572744 3.660163 16.561644
 89940.000000 -844845.312500 793.601478 3.330837 3.614014 16.290283
 89960.000000 -843409.812500 794.827147 3.129726 3.172184 16.444379
 89980.000000 -843005.687500 797.562001 3.338568 3.410182 16.465860
 90000.000000 -845029.125000 795.220086 3.171535 3.146393 16.286336
 90020.000000 -844560.375000 794.289210 3.301288 3.077479 16.364195
 90040.000000 -845601.375000 796.286352 3.095721 3.430667 16.488807
 90060.000000 -843371.062500 793.910242 3.076404 3.750993 16.560938
 90080.000000 -845197.437500 791.498970 3.351613 3.813026 16.459970
 90100.000000 -843302.500000 795.257150 3.544973 3.660254 16.558975
 90120.000000 -845149.187500 793.859023 3.549554 3.650519 16.751684
 90140.000000 -844557.250000 795.931989 3.605388 3.820208 17.120424
 90160.000000 -844954.312500 793.509658 3.484594 3.601491 16.944771
 90180.000000 -844582.937500 794.944226 3.533743 3.525527 16.635346
 90200.000000 -842899.687500 796.079327 3.733564 3.457821 16.484437
 90220.000000 -846773.187500 793.397288 3.519868 3.327471 16.558083
 90240.000000 -844389.187500 792.229931 3.574782 3.459731 16.765990
 90260.000000 -843466.875000 794.907166 3.547383 3.216292 16.514944
 90280.000000 -843998.875000 796.123550 3.457106 3.469961 16.391683
 90300.000000 -843414.812500 796.203867 3.316236 3.208131 16.493170
 90320.000000 -844986.875000 793.742436 3.438920 3.426406 16.440930
 90340.000000 -845514.625000 793.913141 3.463453 3.487239 16.297709
 90360.000000 -846096.312500 792.529493 3.326200 3.247606 16.423881
 90380.000000 -844315.500000 794.069058 3.336421 3.246366 16.308038
 90400.000000 -846039.250000 795.604739 3.265952 3.442284 16.594175
 90420.000000 -843906.687500 793.838246 3.654344 3.349071 16.351741
 90440.000000 -844168.437500 795.658596 3.280318 3.319115 16.482695
 90460.000000 -845090.375000 793.531953 3.423471 3.255918 16.141896
 90480.000000 -843244.062500 798.021594 3.531229 3.576853 16.197243
 90500.000000 -846311.312500 793.337254 3.716181 3.509981 16.389826
 90520.000000 -844824.750000 794.537193 3.574076 3.163186 16.459044
 90540.000000 -844982.250000 796.414836 3.393009 3.346003 16.635115
 90560.000000 -844673.875000 792.222131 3.411301 3.008455 16.384903
 90580.000000 -844873.937500 794.521178 3.648402 3.365089 16.499429
 90600.000000 -843846.437500 796.565584 3.736111 3.335547 16.582611
 90620.000000 -845284.750000 794.902399 3.537749 3.475653 16.426514
 90640.000000 -844265.937500 793.301420 3.150148 3.566550 16.435001
 90660.000000 -843996.937500 796.700113 3.335676 3.560657 16.516718
 90680.000000 -844179.812500 794.813529 3.314662 3.601080 16.416997
 90700.000000 -842663.250000 796.028817 3.065843 3.449000 16.501341
 90720.000000 -843279.625000 794.673276 3.191531 3.577156 16.444562
 90740.000000 -846130.875000 794.117223 3.236595 3.457704 16.381825
 90760.000000 -845276.500000 793.779769 3.321043 3.392953 16.375612
 90780.000000 -843763.250000 794.064181 3.192396 3.495278 16.652143
 90800.000000 -843551.625000 795.715938 3.307887 3.060756 16.518852
 90820.000000 -843102.562500 793.804528 3.466821 3.039289 16.829034
 90840.000000 -844580.375000 792.450749 3.459144 3.250177 16.752681
 90860.000000 -844011.875000 794.362457 3.645022 3.701257 16.659289
 90880.000000 -845136.750000 793.365234 3.692118 3.519445 16.609334
 90900.000000 -844342.000000 795.870833 3.473497 3.181658 16.617305
 90920.000000 -842693.375000 795.131116 3.332146 2.985090 16.295385
 90940.000000 -847727.437500 792.642317 3.472034 3.127137 16.483460
 90960.000000 -845060.437500 793.405107 3.732114 3.330815 16.563994
 90980.000000 -845277.562500 793.239654 3.566262 3.548734 16.557273
 91000.000000 -844252.312500 793.091005 3.593248 3.443764 16.182254
 91020.000000 -842794.687500 794.914069 3.479446 3.447942 16.544867
 91040.000000 -844675.875000 792.920253 3.376991 3.363693 16.615415
 91060.000000 -845450.812500 792.786654 3.590561 3.380023 16.458292
 91080.000000 -844863.125000 795.360999 3.452577 3.440435 16.417527
 91100.000000 -845903.000000 790.901016 3.502972 3.426850 16.486248
 91120.000000 -847852.812500 791.970614 3.497379 3.422744 16.622165
 91140.000000 -846368.312500 792.825139 3.664487 3.286221 16.385380
 91160.000000 -844062.625000 794.530684 3.567496 3.287804 16.278193
 91180.000000 -844427.125000 790.834170 3.653398 3.561698 16.520854
 91200.000000 -846725.187500 791.305224 3.388768 3.456464 16.493114
 91220.000000 -845002.875000 793.364440 3.492265 3.350422 16.657280
 91240.000000 -845183.812500 792.271673 3.629167 3.379760 16.413689
 91260.000000 -845476.312500 794.969574 3.599752 3.351313 16.470265
 91280.000000 -844700.500000 795.093204 3.485634 3.105980 16.243092
 91300.000000 -843678.062500 794.498217 3.601073 3.390634 16.336813
 91320.000000 -844754.000000 794.238792 3.543864 3.542771 16.258225
 91340.000000 -844803.500000 795.150834 3.711547 3.579534 16.406098
 91360.000000 -843850.187500 795.673795 3.367333 3.461413 16.436678
 91380.000000 -842742.062500 796.833864 3.135334 3.416158 16.474895
 91400.000000 -845798.437500 792.964092 3.320964 3.275262 16.640429
 91420.000000 -844558.625000 790.704062 3.319950 3.152451 16.500678
 91440.000000 -844394.812500 794.011405 3.488453 3.266676 16.483204
 91460.000000 -844373.375000 795.362822 3.533686 3.374533 16.692251
 91480.000000 -843337.437500 794.216360 3.746681 3.633821 16.503257
 91500.000000 -844115.125000 795.679895 3.582590 3.500721 16.226911
 91520.000000 -844567.625000 793.662311 3.208495 3.463945 16.523702
 91540.000000 -845864.250000 794.171462 3.287704 3.266040 16.502413
 91560.000000 -845205.937500 793.288228 3.398303 3.519565 16.571129
 91580.000000 -844366.125000 794.823818 3.425656 3.244301 16.603916
 91600.000000 -844581.312500 794.752211 3.154483 3.320532 16.689884
 91620.000000 -843733.750000 793.154235 3.227420 3.254843 16.751671
 91640.000000 -844672.687500 794.596438 3.337956 3.404848 16.631705
 91660.000000 -844689.875000 793.048859 3.559789 3.233993 16.381970
 91680.000000 -843179.187500 797.291904 3.510242 3.430272 16.317948
 91700.000000 -844672.875000 795.865150 3.385510 3.334450 16.553886
 91720.000000 -845388.812500 794.827125 3.114891 3.282016 16.760669
 91740.000000 -845328.500000 793.944823 3.391849 3.220781 16.646065
 91760.000000 -844174.187500 796.363575 3.353046 3.382465 16.592303
 91780.000000 -846036.312500 795.295287 3.251166 3.578293 16.375890
 91800.000000 -844467.500000 795.389618 3.540464 3.512887 16.356691
 91820.000000 -844291.875000 794.669924 3.293185 3.588554 16.179413
 91840.000000 -844942.562500 791.600064 3.131477 3.758741 16.233906
 91860.000000 -843512.312500 794.340258 3.507462 3.421073 16.284822
 91880.000000 -845680.375000 794.388306 3.607902 3.606195 16.192011
 91900.000000 -845792.062500 793.336906 3.440218 3.556391 16.312536
 91920.000000 -846671.625000 793.006290 3.271355 3.504915 16.495987
 91940.000000 -845433.562500 793.195841 3.370189 3.354215 16.475349
 91960.000000 -845524.312500 792.904654 3.396503 3.365018 16.450581
 91980.000000 -846986.687500 792.445138 3.345057 3.313358 16.198533
 92000.000000 -843975.375000 794.319216 3.629867 3.471186 16.373731
 92020.000000 -844965.750000 795.576690 3.638907 3.520408 16.330839
 92040.000000 -844300.062500 795.590816 3.561521 3.221361 16.533077
 92060.000000 -846131.312500 792.274356 3.528651 3.316432 16.483468
 92080.000000 -845389.250000 793.226943 3.377234 3.296922 16.421668
 92100.000000 -846957.562500 793.374855 3.344211 3.367405 16.471849
 92120.000000 -843194.250000 795.850411 3.132738 3.418708 16.698818
 92140.000000 -844612.437500 793.962495 3.397838 3.475018 16.612287
 92160.000000 -845592.562500 795.100683 3.608747 3.352818 16.474753
 92180.000000 -843548.750000 794.037125 3.547309 3.528360 16.390583
 92200.000000 -846189.062500 790.415093 3.374446 3.477617 16.559599
 92220.000000 -844558.875000 796.078521 3.121845 3.308220 16.630553
 92240.000000 -845844.500000 793.546345 3.293656 3.201396 16.554553
 92260.000000 -843572.812500 795.631109 3.390340 3.229477 16.571408
 92280.000000 -845157.312500 795.445577 3.526485 3.330016 16.320468
 92300.000000 -843544.625000 796.345976 3.557916 3.418770 16.403275
 92320.000000 -842681.250000 795.702789 3.506171 3.403418 16.627972
 92340.000000 -845687.812500 793.721608 3.565578 3.544963 16.196959
 92360.000000 -844614.437500 796.179920 3.546958 3.730113 16.177284
 92380.000000 -844515.687500 794.304509 3.557012 3.584131 16.414893
 92400.000000 -844255.375000 796.491222 3.267088 3.593821 16.439862
 92420.000000 -843951.500000 794.847528 3.358797 3.701440 16.463934
 92440.000000 -843519.625000 796.122441 3.331530 3.625483 16.650608
 92460.000000 -842712.062500 794.795614 3.272370 3.451335 16.434833
 92480.000000 -844463.312500 796.340798 3.613913 3.229752 16.535640
 92500.000000 -844248.625000 792.619819 3.403712 3.106625 16.602372
 92520.000000 -846488.687500 792.971501 3.237649 2.952229 16.341174
 92540.000000 -845514.750000 794.583202 3.371994 2.920392 16.336697
 92560.000000 -844652.000000 797.298132 3.458778 3.375805 16.228208
 92580.000000 -842884.750000 795.143219 3.545706 3.342509 16.640608
 92600.000000 -843280.875000 795.305144 3.509780 3.264252 16.408117
 92620.000000 -844422.000000 795.394278 3.373533 3.116854 16.587633
 92640.000000 -845448.062500 795.920814 3.165924 3.409959 16.304690
 92660.000000 -842758.375000 793.335599 3.425396 3.179422 16.330139
 92680.000000 -844250.062500 793.166963 3.278216 3.107521 16.734858
 92700.000000 -843954.750000 795.421466 3.336540 3.292341 16.698236
 92720.000000 -845098.875000 795.026063 3.478692 3.571034 16.771620
 92740.000000 -844562.375000 794.420615 3.771998 3.257685 16.646098
 92760.000000 -844881.375000 793.719300 3.586527 3.364298 16.627645
 92780.000000 -842010.187500 798.756124 3.464903 3.447102 16.634069
 92800.000000 -845361.375000 793.203585 3.424908 3.349257 16.526928
 92820.000000 -845081.000000 792.068086 3.341849 3.015380 16.434008
 92840.000000 -844227.812500 794.307062 3.371766 3.097044 16.421756
 92860.000000 -844432.312500 793.950108 3.367892 3.205513 16.357715
 92880.000000 -843494.937500 795.564870 3.532024 3.343053 16.444563
 92900.000000 -843518.875000 794.490410 3.306119 3.509010 16.391788
 92920.000000 -844316.500000 794.547490 3.359642 3.507965 16.248516
 92940.000000 -846036.937500 793.482248 3.147748 3.550189 16.223410
 92960.000000 -842960.312500 796.553764 3.183960 3.320179 16.284018
 92980.000000 -844510.875000 795.660151 3.087860 3.484251 16.485068
 93000.000000 -845098.250000 790.240296 2.990747 3.563071 16.405988
 93020.000000 -845327.500000 792.104197 3.204389 3.516398 16.587022
 93040.000000 -843595.687500 795.523164 3.340837 3.232870 16.530661
 93060.000000 -844554.062500 793.498215 3.044699 3.140958 16.646548
 93080.000000 -844151.625000 795.341322 3.171821 3.236344 16.722927
 93100.000000 -843852.562500 793.092078 3.318531 3.227615 16.409077
 93120.000000 -844512.437500 794.330768 3.277111 3.329701 16.699588
 93140.000000 -845775.500000 793.656385 3.248815 3.288471 16.701148
 93160.000000 -844687.312500 791.229414 3.265234 3.499763 16.663817
 93180.000000 -845052.125000 792.972657 3.613616 3.407770 16.605518
 93200.000000 -844140.375000 794.143809 3.553222 3.509050 16.547488
 93220.000000 -843238.500000 793.666715 3.466720 3.537922 16.486570
 93240.000000 -846399.312500 791.895421 3.683380 3.638080 16.535255
 93260.000000 -845922.062500 793.831469 3.285598 3.647245 16.583721
 93280.000000 -845719.187500 796.655454 3.373954 3.572300 16.499442
 93300.000000 -843998.937500 792.436114 3.727176 3.431331 16.525673
 93320.000000 -843035.062500 795.042300 3.694120 3.537560 16.588563
 93340.000000 -847066.562500 792.683776 3.357328 3.651791 16.470085
 93360.000000 -842705.375000 795.616289 3.131369 3.397898 16.365805
 93380.000000 -845173.375000 793.724171 3.494156 3.394094 16.306309
 93400.000000 -843358.687500 792.851016 3.503253 3.138244 16.441920
 93420.000000 -844545.687500 793.205697 3.699371 3.372978 16.647150
 93440.000000 -843910.187500 794.529151 3.567154 3.384425 16.328599
 93460.000000 -844362.125000 791.777028 3.438747 3.191502 16.119219
 93480.000000 -845473.312500 793.499649 3.414597 3.542952 16.471766
 93500.000000 -844364.750000 795.609400 3.269349 3.758022 16.407085
 93520.000000 -844122.000000 794.063573 3.294241 3.637634 16.568805
 93540.000000 -843782.375000 794.028865 3.360663 3.719951 16.423269
 93560.000000 -845321.250000 792.575010 3.055952 3.527201 16.503444
 93580.000000 -844387.437500 793.013821 3.094144 3.247970 16.601008
 93600.000000 -845822.687500 792.146850 3.259754 3.412905 16.463156
 93620.000000 -843591.750000 794.150930 3.299025 3.573386 16.540581
 93640.000000 -846075.000000 792.096491 3.379086 3.364168 16.233343
 93660.000000 -844358.062500 792.336159 3.410329 3.632720 16.394820
 93680.000000 -846348.750000 793.713347 3.195929 3.588593 16.646560
 93700.000000 -845382.562500 795.205340 3.293384 3.579906 16.603044
 93720.000000 -843809.187500 793.534425 3.268570 3.348705 16.402765
 93740.000000 -845910.562500 792.204836 3.501855 3.405610 16.637501
 93760.000000 -845416.187500 793.299650 3.797393 3.637601 16.303322
 93780.000000 -844177.250000 795.416322 3.505542 3.349462 16.593479
 93800.000000 -843401.625000 795.370697 3.425793 3.321507 16.649876
 93820.000000 -844034.187500 795.607120 3.275767 3.371610 16.536075
 93840.000000 -844827.000000 795.540102 3.416954 3.399792 16.573087
 93860.000000 -843263.875000 793.934854 3.424560 3.332751 16.416820
 93880.000000 -846300.625000 790.126993 3.486894 3.419528 16.324728
 93900.000000 -846007.000000 792.697302 3.543527 3.563965 16.174663
 93920.000000 -845002.375000 792.999705 3.414878 3.494433 16.590211
 93940.000000 -842638.000000 794.097040 3.412155 3.315406 16.526596
 93960.000000 -844882.375000 793.828144 3.401475 3.404163 16.712583
 93980.000000 -844859.312500 794.327843 3.499221 3.589107 16.408517
 94000.000000 -841942.687500 797.558493 3.590941 3.413813 16.473407
 94020.000000 -845448.375000 794.427151 3.664420 3.071221 16.694094
 94040.000000 -845175.562500 794.479214 3.336350 3.164830 16.551056
 94060.000000 -846303.250000 792.950884 3.364694 3.283590 16.392892
 94080.000000 -844947.812500 793.030391 3.503327 3.255782 16.310754
 94100.000000 -841435.312500 795.710856 3.556821 3.432114 16.675455
 94120.000000 -843598.437500 794.300380 3.249461 3.254801 16.326658
 94140.000000 -844000.000000 792.824498 3.162768 3.345355 16.277947
 94160.000000 -845597.812500 793.735424 3.240944 3.306401 16.401173
 94180.000000 -843616.875000 793.448551 2.918734 3.169156 16.486689
 94200.000000 -845105.750000 794.117025 3.046006 3.284657 16.699195
 94220.000000 -846087.812500 791.844031 3.187934 3.302762 16.778283
 94240.000000 -843122.250000 796.581179 3.476816 3.363462 16.477613
 94260.000000 -844562.125000 793.455525 3.412093 3.222271 16.609324
 94280.000000 -843994.437500 794.617030 3.463392 3.457326 16.568574
 94300.000000 -846406.312500 794.707159 3.599486 3.534408 16.520628
 94320.000000 -847211.375000 792.542502 3.450487 3.369883 16.436703
 94340.000000 -843755.000000 795.923636 3.297832 3.216517 16.555730
 94360.000000 -845816.937500 795.084431 3.301419 3.263156 16.605436
 94380.000000 -844408.625000 793.751680 3.414936 2.890093 16.582025
 94400.000000 -844242.750000 796.202531 3.223485 3.021321 16.438705
 94420.000000 -844217.687500 794.351475 3.142092 2.998469 16.610531
 94440.000000 -843408.562500 795.619592 3.285737 3.101022 16.483169
 94460.000000 -845762.187500 795.730968 3.404693 3.065857 16.400825
 94480.000000 -843903.625000 793.198406 3.518205 3.154470 16.378634
 94500.000000 -846274.375000 792.416039 3.530940 3.294169 16.485080
 94520.000000 -843488.500000 795.655504 3.600084 3.171797 16.490989
 94540.000000 -846495.250000 792.385510 3.447508 3.309363 16.634870
 94560.000000 -843679.125000 794.753632 3.537298 3.241068 16.644620
 94580.000000 -843844.000000 796.361139 3.575228 3.213973 16.563694
 94600.000000 -845348.312500 794.180598 3.279414 3.167843 16.569972
 94620.000000 -846058.000000 792.866512 3.399808 3.362304 16.371515
 94640.000000 -843996.312500 794.995724 3.549122 3.804636 16.401476
 94660.000000 -845799.000000 793.098723 3.542260 3.773720 16.511687
 94680.000000 -844062.687500 796.366288 3.217347 3.259209 16.655553
 94700.000000 -843438.000000 795.669196 3.357762 3.513837 16.650809
 94720.000000 -845641.250000 792.144117 3.165303 3.418314 16.655868
 94740.000000 -844702.687500 794.357975 3.456758 3.314697 16.496649
 94760.000000 -843675.375000 794.282564 3.517223 3.268266 16.421926
 94780.000000 -845650.000000 793.374947 3.604167 3.442485 16.324628
 94800.000000 -844889.375000 794.620987 3.259863 3.233946 16.224508
 94820.000000 -845349.187500 794.670685 3.339524 3.152919 16.370458
 94840.000000 -843855.000000 794.478741 3.150273 3.322690 16.429991
 94860.000000 -845668.875000 794.031973 3.325424 3.409536 16.539289
 94880.000000 -844803.375000 794.769803 3.622837 3.431618 16.601601
 94900.000000 -844568.875000 794.095472 3.092914 3.362414 16.630649
 94920.000000 -844407.562500 794.804976 3.004282 3.587061 16.403527
 94940.000000 -843512.500000 797.886997 3.238884 3.383736 16.466634
 94960.000000 -842835.500000 795.638580 3.383422 3.655984 16.421113
 94980.000000 -843447.625000 795.419822 3.424974 3.419704 15.986694
 95000.000000 -845484.125000 793.405653 3.583424 3.252035 16.217558
 95020.000000 -844026.812500 797.043766 3.410829 3.363089 16.350706
 95040.000000 -844356.625000 793.852922 3.401564 3.438392 16.410928
 95060.000000 -845793.187500 792.368243 3.291151 3.418505 16.437529
 95080.000000 -844913.312500 793.797214 3.378639 3.306014 16.513987
 95100.000000 -845342.187500 794.180157 3.545672 3.186469 16.525044
 95120.000000 -843082.500000 795.941714 3.263529 3.068857 16.535015
 95140.000000 -844213.812500 797.184319 3.396024 3.313200 16.493058
 95160.000000 -843936.250000 793.491436 3.204909 3.184916 16.604452
 95180.000000 -844859.937500 790.024602 3.015200 3.460739 16.568162
 95200.000000 -844333.312500 795.797321 3.179455 3.291621 16.741434
 95220.000000 -844419.125000 796.060338 3.088359 3.088381 16.628963
 95240.000000 -844978.312500 794.118611 3.126659 3.212135 16.652356
 95260.000000 -843329.875000 794.751893 3.351189 3.468957 16.419960
 95280.000000 -844388.625000 795.493502 3.305573 3.633841 16.434945
 95300.000000 -843890.875000 791.271192 3.488648 3.421150 16.408585
 95320.000000 -842782.812500 794.947057 3.640956 3.214254 16.427636
 95340.000000 -845344.187500 792.126413 3.493365 3.212876 16.494963
 95360.000000 -844198.812500 791.881530 3.563804 3.408499 16.490262
 95380.000000 -844139.000000 791.586155 3.457117 3.596071 16.558371
 95400.000000 -846131.687500 792.686821 3.335971 3.620944 16.602916
 95420.000000 -845130.562500 793.053403 3.424136 3.578693 16.747851
 95440.000000 -842185.125000 795.765817 3.545409 3.562596 16.299665
 95460.000000 -844185.437500 794.958493 3.532338 3.597163 16.440404
 95480.000000 -845707.750000 795.464043 3.548783 3.204907 16.653934
 95500.000000 -842285.500000 795.482131 3.887655 3.288661 16.478183
 95520.000000 -844763.187500 794.969931 3.751732 3.585466 16.743376
 95540.000000 -842733.812500 796.544109 3.607079 3.334409 16.491932
 95560.000000 -843553.812500 795.736095 3.428097 3.479559 16.390904
 95580.000000 -846074.187500 792.943853 3.396499 3.434155 16.437339
 95600.000000 -844206.875000 795.934065 3.474675 3.198570 16.540358
 95620.000000 -844786.562500 795.560713 3.475729 3.357655 16.348184
 95640.000000 -842458.375000 797.155207 3.076269 3.311161 16.259308
 95660.000000 -843369.812500 797.061351 3.245750 3.173970 16.354307
 95680.000000 -844666.437500 794.916354 3.388546 3.108930 16.308895
 95700.000000 -844963.000000 795.314031 3.577085 3.240686 16.429273
 95720.000000 -844466.375000 793.568240 3.518899 3.331318 16.316620
 95740.000000 -843880.125000 794.419900 3.185386 3.519148 16.352002
 95760.000000 -844803.562500 794.371305 3.065964 3.512163 16.391672
 95780.000000 -843770.062500 791.372501 3.354657 3.334493 16.632603
 95800.000000 -846141.562500 790.868763 3.383525 3.141039 16.594332
 95820.000000 -842873.312500 792.974055 3.327507 3.539055 16.609304
 95840.000000 -843817.812500 795.227432 3.394989 3.604752 16.482142
 95860.000000 -840968.187500 792.613927 3.320814 3.331513 16.573516
 95880.000000 -845676.687500 794.403721 3.143850 3.446792 16.643038
 95900.000000 -846047.500000 794.759769 3.399815 3.513340 16.732711
 95920.000000 -844820.937500 794.447117 3.415629 3.432463 16.541809
 95940.000000 -844820.375000 795.027381 3.595122 3.252244 16.628382
 95960.000000 -845818.750000 794.497304 3.521303 3.184799 16.221134
 95980.000000 -846785.312500 795.857852 3.355786 3.119993 16.785466
 96000.000000 -843808.187500 795.030094 3.104309 3.211908 16.647613
 96020.000000 -846667.000000 793.823389 3.209832 3.246013 16.723730
 96040.000000 -844893.000000 793.028524 3.421545 3.031442 16.605433
 96060.000000 -844018.000000 792.843155 3.565055 3.265784 16.596410
 96080.000000 -845283.625000 790.921034 3.159891 3.319369 16.683124
 96100.000000 -842959.125000 794.049997 3.002314 3.361603 16.502400
 96120.000000 -844337.750000 793.250057 3.233365 3.574759 16.552842
 96140.000000 -843913.812500 795.310232 3.437119 3.484288 16.580905
 96160.000000 -844514.437500 791.467349 3.261331 3.514480 16.291471
 96180.000000 -845756.812500 791.829237 3.076564 3.446358 16.272104
 96200.000000 -845599.062500 794.026179 3.194766 3.445268 16.410758
 96220.000000 -843687.250000 794.156715 3.407273 3.367054 16.501175
 96240.000000 -846266.562500 793.869933 3.391004 3.304389 16.527972
 96260.000000 -845949.250000 793.746344 3.333074 3.544789 16.546731
 96280.000000 -845228.250000 792.166560 3.494882 3.400627 16.375078
 96300.000000 -844917.187500 795.652305 3.175139 3.640802 16.632089
 96320.000000 -846372.562500 790.460127 3.296705 3.747748 16.562430
 96340.000000 -843857.625000 793.336003 3.357420 3.670637 16.397922
 96360.000000 -845608.500000 796.050564 3.443953 3.359785 16.276126
 96380.000000 -844456.250000 795.572291 3.367430 3.367568 16.304389
 96400.000000 -842965.625000 796.421795 3.530889 3.294930 16.295581
 96420.000000 -844690.187500 795.471500 3.610522 3.243171 16.484680
 96440.000000 -845366.187500 794.871329 3.619122 3.231685 16.618200
 96460.000000 -843736.187500 794.980921 3.630252 3.376225 16.773119
 96480.000000 -845366.937500 796.517063 3.380428 3.567829 16.518265
 96500.000000 -843850.562500 795.101003 3.288069 3.518643 16.237431
 96520.000000 -844464.062500 797.374215 3.246738 3.378339 16.474243
 96540.000000 -845472.125000 794.765388 3.215005 3.343036 16.332517
 96560.000000 -843975.937500 792.677229 3.395728 3.304688 16.404573
 96580.000000 -845515.562500 793.426857 3.336620 3.545566 16.486293
 96600.000000 -843246.687500 796.760672 3.406855 3.521300 16.588355
 96620.000000 -844588.812500 794.918939 3.422671 3.408568 16.294754
 96640.000000 -843870.875000 794.987237 3.320084 3.311018 16.577046
 96660.000000 -844277.687500 794.329751 3.285741 3.141896 16.885609
 96680.000000 -845394.000000 795.386396 3.474849 3.314416 16.740967
 96700.000000 -844765.125000 794.737509 3.472257 3.651338 16.413309
 96720.000000 -843276.812500 793.198565 3.355695 3.444174 16.330829
 96740.000000 -844744.875000 795.136098 3.236728 3.619388 16.430433
 96760.000000 -843860.875000 796.449914 3.218720 3.422012 16.457334
 96780.000000 -845895.750000 792.335519 3.338918 3.384157 16.518235
 96800.000000 -841767.562500 796.686680 3.245544 3.645932 16.531083
 96820.000000 -842745.062500 796.432928 3.255539 3.299144 16.583646
 96840.000000 -845325.437500 792.931037 3.109664 3.355910 16.589337
 96860.000000 -842931.250000 795.524891 3.372838 3.517583 16.657058
 96880.000000 -845555.562500 792.632074 3.516939 3.575790 16.597536
 96900.000000 -844293.812500 793.995365 3.048796 3.251523 16.746910
 96920.000000 -845024.625000 795.090746 3.239379 3.386757 16.507945
 96940.000000 -845057.937500 793.895343 3.356381 3.340469 16.702796
 96960.000000 -845493.000000 792.572158 3.423203 3.493188 16.676005
 96980.000000 -844991.437500 795.081018 3.564879 3.377015 16.642503
 97000.000000 -843984.562500 794.643457 3.668371 3.397332 16.518763
 97020.000000 -844914.437500 790.919826 3.481243 3.451129 16.522295
 97040.000000 -845083.375000 793.909519 3.361641 3.329082 16.398164
 97060.000000 -846210.250000 791.800990 3.605012 3.267017 16.346088
 97080.000000 -845204.500000 793.184169 3.390082 3.408915 16.207507
 97100.000000 -844621.312500 795.047087 3.181041 3.502572 16.279635
 97120.000000 -845219.437500 796.352537 3.505472 3.514344 16.503150
 97140.000000 -844408.437500 794.872185 3.357678 3.544721 16.623418
 97160.000000 -843498.375000 791.892025 3.436113 3.310854 16.820628
 97180.000000 -845274.437500 792.666707 3.576194 3.176298 16.924308
 97200.000000 -844945.125000 794.573058 3.013875 3.284383 16.978726
 97220.000000 -845345.375000 793.565947 3.289649 3.355795 16.552614
 97240.000000 -844291.250000 794.823331 3.440154 3.319815 16.611853
 97260.000000 -845358.750000 794.858812 3.419167 3.289863 16.351700
 97280.000000 -844460.312500 795.820970 3.340680 3.472811 16.358463
 97300.000000 -846459.500000 792.999366 3.309313 3.389394 16.560187
 97320.000000 -845648.500000 794.282786 3.522409 3.398126 16.392017
 97340.000000 -845832.562500 794.585829 3.404328 3.368154 16.056545
 97360.000000 -843530.125000 794.906791 3.367653 3.377398 16.476163
 97380.000000 -842548.625000 795.470097 3.618199 3.384625 16.591352
 97400.000000 -844159.625000 795.168296 3.423123 3.321910 16.409490
 97420.000000 -845962.250000 792.375169 3.198279 3.262836 16.393150
 97440.000000 -846134.062500 791.392593 2.997449 3.175849 16.380907
 97460.000000 -845418.500000 793.836171 3.443234 3.420075 16.366071
 97480.000000 -843780.000000 795.403121 3.480494 3.392661 16.473953
 97500.000000 -844444.375000 793.911135 3.465762 3.539090 16.602609
 97520.000000 -844910.000000 795.005327 3.706898 3.540387 16.457739
 97540.000000 -844858.937500 795.614749 3.321912 3.351188 16.449037
 97560.000000 -845344.625000 793.350363 3.203788 3.324124 16.597074
 97580.000000 -843816.500000 793.740399 3.350634 3.163178 16.381196
 97600.000000 -845340.500000 791.677996 3.324812 3.084103 16.415377
 97620.000000 -844735.125000 792.641761 3.365840 3.207372 16.441909
 97640.000000 -844861.625000 793.975727 3.222959 3.373629 16.493695
 97660.000000 -844034.625000 795.811432 3.245454 3.530057 16.508952
 97680.000000 -843451.750000 794.799744 2.984914 3.349975 16.350575
 97700.000000 -842485.625000 794.385343 3.165996 3.264728 16.385771
 97720.000000 -844799.312500 794.591512 3.473684 3.316632 16.173672
 97740.000000 -845811.562500 793.630181 3.315524 3.148648 16.118820
 97760.000000 -845238.812500 792.944181 3.564036 3.126345 16.519141
 97780.000000 -842689.062500 795.692107 3.383323 3.417447 16.427818
 97800.000000 -844577.875000 794.369692 3.284088 3.351876 16.828098
 97820.000000 -844216.187500 793.109619 3.393857 3.447879 16.688553
 97840.000000 -844185.937500 793.772228 3.637768 3.329069 16.354304
 97860.000000 -845170.187500 793.420901 3.565540 3.313134 16.406515
 97880.000000 -844674.000000 792.976702 3.630563 3.332386 16.571202
 97900.000000 -846937.125000 792.973649 3.414907 3.432895 16.517634
 97920.000000 -844823.125000 792.467051 3.388435 3.464005 16.551731
 97940.000000 -843726.312500 794.634131 3.473334 3.496820 16.799002
 97960.000000 -843996.625000 792.961626 3.307526 3.453069 16.542671
 97980.000000 -843485.625000 796.813405 3.274709 3.149350 16.435514
 98000.000000 -840935.062500 795.657466 3.608009 3.279087 16.522241
 98020.000000 -844336.250000 793.793993 3.506553 3.028044 16.624382
 98040.000000 -843274.187500 791.279455 3.650823 3.205566 16.561004
 98060.000000 -843910.312500 795.619058 3.634005 3.273053 16.572142
 98080.000000 -844039.437500 795.746355 3.498347 3.093238 15.930338
 98100.000000 -843539.125000 796.374155 3.312470 3.466502 16.411698
 98120.000000 -845627.625000 794.080760 3.421930 3.816378 16.621228
 98140.000000 -843033.062500 794.336504 3.414007 3.452401 16.428482
 98160.000000 -843689.937500 791.971204 3.488480 3.186362 16.170404
 98180.000000 -843391.062500 794.633554 3.407648 3.489980 16.450924
 98200.000000 -844151.312500 792.081426 3.667913 3.561289 16.415938
 98220.000000 -845465.687500 792.621416 3.416702 3.485277 16.303213
 98240.000000 -845952.312500 794.185581 3.315582 3.375117 16.302260
 98260.000000 -845750.687500 793.824089 3.300140 3.603745 16.621619
 98280.000000 -846826.437500 791.218373 3.528529 3.570647 16.683467
 98300.000000 -845014.250000 794.298787 3.757789 3.536982 16.636270
 98320.000000 -846972.312500 791.667492 3.396573 3.216824 16.622420
 98340.000000 -842164.500000 795.864325 3.274346 3.059283 16.530717
 98360.000000 -843924.312500 796.048981 3.487619 3.387632 16.592007
 98380.000000 -844297.125000 794.294100 3.423909 3.382301 16.457142
 98400.000000 -844646.750000 792.848396 3.113398 3.395550 16.455036
 98420.000000 -843237.375000 795.609667 3.174881 3.320004 16.358677
 98440.000000 -843688.562500 795.949951 3.120441 3.540430 16.425009
 98460.000000 -844959.937500 794.396694 3.476811 3.372180 16.472455
 98480.000000 -844529.937500 793.848478 3.522801 3.421353 16.694052
 98500.000000 -843911.312500 793.146551 3.704016 3.626112 16.323592
 98520.000000 -844599.000000 793.742159 3.559528 3.596805 16.441615
 98540.000000 -844519.437500 797.035130 3.519213 3.220690 16.523366
 98560.000000 -844861.125000 793.483893 3.447969 3.137052 16.466345
 98580.000000 -843834.687500 795.991401 3.258624 3.406727 16.779219
 98600.000000 -846209.562500 792.478783 3.320825 3.437284 16.793474
 98620.000000 -843026.000000 794.007285 3.424028 3.592499 16.646970
 98640.000000 -844190.062500 794.367573 3.463087 3.637564 16.561639
 98660.000000 -846388.750000 792.923393 3.723856 3.718562 16.668955
 98680.000000 -843500.312500 797.011458 3.551113 3.492514 16.532128
 98700.000000 -844500.000000 794.115849 3.503589 3.449874 16.560808
 98720.000000 -843858.687500 794.630097 3.427811 3.541045 16.536056
 98740.000000 -844840.187500 794.538985 3.289417 3.414338 16.425273
 98760.000000 -843771.250000 793.376099 3.501528 3.450857 16.743751
 98780.000000 -843702.812500 794.336678 3.365150 3.508519 16.756074
 98800.000000 -846271.312500 794.865051 3.258488 3.561019 16.662788
 98820.000000 -843764.125000 794.314930 3.292745 3.377525 16.752937
 98840.000000 -845488.937500 794.069954 3.526997 3.251889 16.742720
 98860.000000 -846203.625000 791.267939 3.309797 3.178313 16.510836
 98880.000000 -844561.500000 792.154674 3.435213 3.129978 16.574526
 98900.000000 -844143.812500 791.835617 3.447262 3.005546 16.554185
 98920.000000 -845579.500000 792.795981 3.267615 2.945084 16.220448
 98940.000000 -846267.875000 793.027124 3.165549 3.127835 16.368191
 98960.000000 -843428.375000 794.746989 3.133129 3.500499 16.276857
 98980.000000 -843882.500000 796.016906 3.345815 3.722094 16.457701
 99000.000000 -843694.375000 794.368242 3.365873 3.603451 16.633352
 99020.000000 -842146.250000 795.753102 3.330110 3.576778 16.873086
 99040.000000 -846456.062500 795.092452 3.217309 3.472081 16.247967
 99060.000000 -844153.062500 792.942678 3.204809 3.393978 16.208952
 99080.000000 -842309.687500 796.110231 3.379586 3.100887 15.902272
 99100.000000 -844555.562500 795.915306 3.441662 3.264938 16.312621
 99120.000000 -845563.937500 790.711620 3.318599 3.339893 16.461910
 99140.000000 -845519.250000 792.918624 3.372445 3.452624 16.517388
 99160.000000 -844710.937500 795.030478 3.361041 3.593867 16.604011
 99180.000000 -843689.312500 793.740964 3.398934 3.306115 16.970287
 99200.000000 -846835.437500 791.943318 3.248693 2.999422 16.870774
 99220.000000 -843816.062500 791.963395 3.306996 3.251264 16.520487
 99240.000000 -846541.375000 790.742594 3.408809 3.408958 16.558088
 99260.000000 -844880.000000 795.249692 3.316369 3.432859 16.354747
 99280.000000 -844131.812500 795.321032 3.414105 3.077733 16.340283
 99300.000000 -844285.625000 793.723316 3.305993 3.249386 16.379417
 99320.000000 -843603.062500 793.045714 3.240281 3.471839 16.540601
 99340.000000 -844002.562500 796.805952 3.492659 3.278760 16.435824
 99360.000000 -843270.562500 795.560961 3.292171 3.511664 16.432981
 99380.000000 -842053.000000 794.451649 3.311602 3.467741 16.575355
 99400.000000 -846335.375000 793.146623 3.467511 3.638109 16.388916
 99420.000000 -845033.375000 792.368677 3.446146 3.765151 16.661470
 99440.000000 -843938.750000 798.472927 3.357933 3.384842 16.489032
 99460.000000 -842365.687500 795.970354 3.224482 3.221678 16.513193
 99480.000000 -844820.187500 795.582489 3.304178 3.577108 16.543384
 99500.000000 -844348.125000 793.516874 3.293630 3.213063 16.609084
 99520.000000 -845640.875000 791.729726 3.733953 3.405387 16.526293
 99540.000000 -843113.875000 793.570958 3.494503 3.294268 16.498999
 99560.000000 -844347.000000 792.574563 3.563028 3.611445 16.419704
 99580.000000 -844391.125000 793.210157 3.481554 3.213887 16.574891
 99600.000000 -845230.187500 793.454521 3.394573 3.257099 16.424908
 99620.000000 -844383.312500 794.419304 3.396837 3.518036 16.325708
 99640.000000 -844820.250000 793.274925 3.249996 3.271045 16.324067
 99660.000000 -842511.375000 797.120285 3.343667 3.226169 16.458891
 99680.000000 -843052.250000 794.698795 3.333015 3.161257 16.785289
 99700.000000 -845211.500000 794.894605 3.415208 3.426449 16.676403
 99720.000000 -844634.937500 793.188827 3.335108 3.289236 16.756212
 99740.000000 -844927.562500 792.150426 3.294358 3.593923 16.716135
 99760.000000 -843568.437500 794.009072 3.336658 3.234831 16.535704
 99780.000000 -844387.750000 793.950573 3.346370 3.282789 16.710132
 99800.000000 -845250.750000 793.445959 3.424079 3.514076 16.756965
 99820.000000 -844477.437500 792.379332 3.282403 3.491006 16.664234
 99840.000000 -845188.687500 794.526125 3.182201 3.634663 16.525560
 99860.000000 -843739.687500 793.729853 3.250382 3.229520 16.333798
 99880.000000 -844081.125000 794.162414 3.382601 3.383265 16.446115
 99900.000000 -844916.125000 793.163471 3.360499 3.448872 16.239430
 99920.000000 -845592.250000 793.090568 3.353710 3.258656 16.202638
 99940.000000 -844042.062500 794.559420 3.378575 3.045625 16.457710
 99960.000000 -845162.250000 792.806596 3.336267 3.322033 16.389658
 99980.000000 -843261.750000 795.904224 3.433736 3.319854 16.425260
 100000.000000 -844205.125000 794.398463 3.481138 3.291520 16.587822
